# MagicaVoxel @ Ephtracy

# group
o 

# material
mtllib specimendoor.mtl
usemtl palette

# normals
vn -1 0 0
vn 1 0 0
vn 0 0 1
vn 0 0 -1
vn 0 -1 0
vn 0 1 0

# texcoords
vt 0.232422 0.5
vt 0.263672 0.5
vt 0.345703 0.5
vt 0.576172 0.5
vt 0.619141 0.5
vt 0.638672 0.5
vt 0.701172 0.5
vt 0.763672 0.5
vt 0.900391 0.5
vt 0.994141 0.5

# verts
v -4.7 0 0.6
v -4.7 0 0.3
v -4.7 0 -0.2
v -4.7 0.4 0.3
v -4.7 0.4 0.0999998
v -4.7 0.4 -1.78814e-07
v -4.7 0.4 -0.2
v -4.7 0.5 0.0999998
v -4.7 0.5 -1.78814e-07
v -4.7 0.6 0.0999998
v -4.7 0.6 -1.78814e-07
v -4.7 0.7 0.0999998
v -4.7 0.7 -1.78814e-07
v -4.7 0.8 0.0999998
v -4.7 0.8 -1.78814e-07
v -4.7 0.9 0.0999998
v -4.7 0.9 -1.78814e-07
v -4.7 1 0.0999998
v -4.7 1 -1.78814e-07
v -4.7 1.2 0.3
v -4.7 1.2 0.0999998
v -4.7 1.2 -1.78814e-07
v -4.7 1.2 -0.2
v -4.7 1.7 0.3
v -4.7 1.7 0.2
v -4.7 1.7 0.0999998
v -4.7 1.8 0.2
v -4.7 1.8 0.0999998
v -4.7 2 0.2
v -4.7 2 0.0999998
v -4.7 2.1 0.3
v -4.7 2.1 0.2
v -4.7 2.1 0.0999998
v -4.7 2.7 0.3
v -4.7 2.7 0.0999998
v -4.7 2.7 -1.78814e-07
v -4.7 2.7 -0.2
v -4.7 2.9 0.0999998
v -4.7 2.9 -1.78814e-07
v -4.7 3 0.0999998
v -4.7 3 -1.78814e-07
v -4.7 3.3 0.3
v -4.7 3.3 0.0999998
v -4.7 3.3 -1.78814e-07
v -4.7 3.3 -0.2
v -4.7 3.5 0.6
v -4.7 3.5 0.3
v -4.7 3.5 -0.2
v -4.6 3.5 0.6
v -4.6 3.5 0.3
v -4.6 3.5 -0.2
v -4.6 3.6 0.6
v -4.6 3.6 0.3
v -4.6 3.6 -0.2
v -4.5 3.6 0.6
v -4.5 3.6 0.3
v -4.5 3.6 -0.2
v -4.5 3.7 0.6
v -4.5 3.7 0.3
v -4.5 3.7 -0.2
v -4.4 3.7 0.6
v -4.4 3.7 0.3
v -4.4 3.7 -0.2
v -4.4 3.8 0.6
v -4.4 3.8 0.3
v -4.4 3.8 -0.2
v -4.3 3.8 0.6
v -4.3 3.8 0.3
v -4.3 3.8 -0.2
v -4.3 3.9 0.6
v -4.3 3.9 0.3
v -4.3 3.9 -0.2
v -4.2 3.9 0.6
v -4.2 3.9 0.3
v -4.2 3.9 -0.2
v -4.2 4 0.6
v -4.2 4 0.3
v -4.2 4 -0.2
v -4.1 0.9 0.3
v -4.1 0.9 0.0999998
v -4.1 0.9 -1.78814e-07
v -4.1 0.9 -0.2
v -4.1 1.2 0.3
v -4.1 1.2 0.0999998
v -4.1 1.2 -1.78814e-07
v -4.1 1.2 -0.2
v -4.1 4 0.6
v -4.1 4 0.3
v -4.1 4 -0.2
v -4.1 4.1 0.6
v -4.1 4.1 0.3
v -4.1 4.1 -0.2
v -4 0.8 0.3
v -4 0.8 0.0999998
v -4 0.8 -1.78814e-07
v -4 0.8 -0.2
v -4 0.9 0.3
v -4 0.9 0.0999998
v -4 0.9 -1.78814e-07
v -4 0.9 -0.2
v -4 4.1 0.6
v -4 4.1 0.3
v -4 4.1 -0.2
v -4 4.2 0.6
v -4 4.2 0.3
v -4 4.2 -0.2
v -3.9 4.2 0.6
v -3.9 4.2 0.3
v -3.9 4.2 -0.2
v -3.9 4.3 0.6
v -3.9 4.3 0.3
v -3.9 4.3 -0.2
v -3.8 4.3 0.6
v -3.8 4.3 0.3
v -3.8 4.3 -0.2
v -3.8 4.4 0.6
v -3.8 4.4 0.3
v -3.8 4.4 -0.2
v -3.7 1.7 0.3
v -3.7 1.7 0.2
v -3.7 1.8 0.2
v -3.7 1.9 0.2
v -3.7 2 0.2
v -3.7 2.1 0.3
v -3.7 2.1 0.2
v -3.7 4.4 0.6
v -3.7 4.4 0.3
v -3.7 4.4 -0.2
v -3.7 4.5 0.6
v -3.7 4.5 0.3
v -3.7 4.5 -0.2
v -3.6 4.5 0.6
v -3.6 4.5 0.3
v -3.6 4.5 -0.2
v -3.6 4.6 0.6
v -3.6 4.6 0.3
v -3.6 4.6 -0.2
v -3.5 4.6 0.6
v -3.5 4.6 0.3
v -3.5 4.6 -0.2
v -3.5 4.7 0.6
v -3.5 4.7 0.3
v -3.5 4.7 -0.2
v -3.3 2.7 0.3
v -3.3 2.7 0.0999998
v -3.3 2.7 -1.78814e-07
v -3.3 2.7 -0.2
v -3.3 3.3 0.3
v -3.3 3.3 0.0999998
v -3.3 3.3 -1.78814e-07
v -3.3 3.3 -0.2
v -3.2 3.3 0.3
v -3.2 3.3 0.0999998
v -3.2 3.3 -1.78814e-07
v -3.2 3.3 -0.2
v -3.2 3.4 0.3
v -3.2 3.4 0.0999998
v -3.2 3.4 -1.78814e-07
v -3.2 3.4 -0.2
v -3.1 3.4 0.3
v -3.1 3.4 0.2
v -3.1 3.4 0.0999998
v -3.1 3.4 -1.78814e-07
v -3.1 3.4 -0.2
v -3.1 3.5 0.3
v -3.1 3.5 0.2
v -3.1 3.5 0.0999998
v -3.1 3.5 -1.78814e-07
v -3.1 3.5 -0.2
v -3 3.5 0.3
v -3 3.5 0.2
v -3 3.5 0.0999998
v -3 3.5 -1.78814e-07
v -3 3.5 -0.2
v -3 3.6 0.3
v -3 3.6 0.0999998
v -3 3.6 -1.78814e-07
v -3 3.6 -0.2
v -2.5 1.7 0.3
v -2.5 1.7 0.2
v -2.5 1.8 0.2
v -2.5 1.9 0.2
v -2.5 2 0.2
v -2.5 2.1 0.3
v -2.5 2.1 0.2
v -1.3 1.7 0.3
v -1.3 1.7 0.2
v -1.3 1.8 0.3
v -1.3 1.8 0.2
v -1.2 1.8 0.3
v -1.2 1.8 0.2
v -1.2 1.9 0.2
v -1.2 2 0.3
v -1.2 2 0.2
v -1.1 0.2 0.3
v -1.1 0.2 0.0999998
v -1.1 0.2 -1.78814e-07
v -1.1 0.2 -0.2
v -1.1 0.3 0.0999998
v -1.1 0.3 -1.78814e-07
v -1.1 0.4 0.0999998
v -1.1 0.4 -1.78814e-07
v -1.1 0.5 0.0999998
v -1.1 0.5 -1.78814e-07
v -1.1 0.6 0.0999998
v -1.1 0.6 -1.78814e-07
v -1.1 0.8 0.3
v -1.1 0.8 0.0999998
v -1.1 0.8 -1.78814e-07
v -1.1 0.8 -0.2
v -1.1 2 0.3
v -1.1 2 0.2
v -1.1 2.1 0.3
v -1.1 2.1 0.2
v -0.9 3.6 0.3
v -0.9 3.6 0.0999998
v -0.9 3.6 -1.78814e-07
v -0.9 3.6 -0.2
v -0.9 3.7 0.0999998
v -0.9 3.7 -1.78814e-07
v -0.9 3.8 0.0999998
v -0.9 3.8 -1.78814e-07
v -0.9 4.3 0.3
v -0.9 4.3 0.0999998
v -0.9 4.3 -1.78814e-07
v -0.9 4.3 -0.2
v -0.8 2.2 0.3
v -0.8 2.2 0.2
v -0.8 2.4 0.3
v -0.8 2.4 0.2
v -0.8 4.2 0.6
v -0.8 4.2 0.3
v -0.8 4.4 0.6
v -0.8 4.4 0.3
v -0.7 2 0.3
v -0.7 2 0.2
v -0.7 2.2 0.3
v -0.7 2.2 0.2
v -0.7 4.1 0.6
v -0.7 4.1 0.3
v -0.7 4.2 0.6
v -0.7 4.2 0.3
v -0.6 1.8 0.3
v -0.6 1.8 0.2
v -0.6 2 0.3
v -0.6 2 0.2
v -0.5 1.6 0.3
v -0.5 1.6 0.2
v -0.5 1.8 0.3
v -0.5 1.8 0.2
v -0.5 4 0.6
v -0.5 4 0.3
v -0.5 4.1 0.6
v -0.5 4.1 0.3
v -0.4 1.4 0.3
v -0.4 1.4 0.2
v -0.4 1.6 0.3
v -0.4 1.6 0.2
v 0.0999999 0 0.3
v 0.0999999 0 0.0999998
v 0.0999999 0 -1.78814e-07
v 0.0999999 0 -0.2
v 0.0999999 1.4 0.3
v 0.0999999 1.4 0.2
v 0.0999999 1.4 0.0999998
v 0.0999999 2.4 0.3
v 0.0999999 2.4 0.2
v 0.0999999 2.4 0.0999998
v 0.0999999 4 0.3
v 0.0999999 4.7 0.3
v 0.0999999 4.7 0.0999998
v 0.0999999 4.7 -1.78814e-07
v 0.0999999 4.7 -0.2
v 0.2 1.4 0.3
v 0.2 1.4 0.2
v 0.2 1.6 0.3
v 0.2 1.6 0.2
v 0.3 1.6 0.3
v 0.3 1.6 0.2
v 0.3 1.8 0.3
v 0.3 1.8 0.2
v 0.4 1.8 0.3
v 0.4 1.8 0.2
v 0.4 2 0.3
v 0.4 2 0.2
v 0.5 2 0.3
v 0.5 2 0.2
v 0.5 2.2 0.3
v 0.5 2.2 0.2
v 0.6 2.2 0.3
v 0.6 2.2 0.2
v 0.6 2.4 0.3
v 0.6 2.4 0.2
v 1 2.2 0.3
v 1 2.2 0.2
v 1 2.4 0.3
v 1 2.4 0.2
v 1.1 2 0.3
v 1.1 2 0.2
v 1.1 2.2 0.3
v 1.1 2.2 0.2
v 1.2 1.8 0.3
v 1.2 1.8 0.2
v 1.2 2 0.3
v 1.2 2 0.2
v 1.3 1.6 0.3
v 1.3 1.6 0.2
v 1.3 1.8 0.3
v 1.3 1.8 0.2
v 1.4 1.4 0.3
v 1.4 1.4 0.2
v 1.4 1.6 0.3
v 1.4 1.6 0.2
v 1.8 0.2 0.3
v 1.8 0.2 0.0999998
v 1.8 0.2 -1.78814e-07
v 1.8 0.2 -0.2
v 1.8 0.3 0.3
v 1.8 0.3 0.0999998
v 1.8 0.3 -1.78814e-07
v 1.8 0.3 -0.2
v 1.9 0.3 0.3
v 1.9 0.3 0.0999998
v 1.9 0.3 -1.78814e-07
v 1.9 0.3 -0.2
v 1.9 0.4 0.3
v 1.9 0.4 0.0999998
v 1.9 0.4 -1.78814e-07
v 1.9 0.4 -0.2
v 2 0.4 0.3
v 2 0.4 0.0999998
v 2 0.4 -1.78814e-07
v 2 0.4 -0.2
v 2 0.5 0.3
v 2 0.5 0.0999998
v 2 0.5 -1.78814e-07
v 2 0.5 -0.2
v 2.1 0.5 0.3
v 2.1 0.5 0.0999998
v 2.1 0.5 -1.78814e-07
v 2.1 0.5 -0.2
v 2.1 0.6 0.3
v 2.1 0.6 0.0999998
v 2.1 0.6 -1.78814e-07
v 2.1 0.6 -0.2
v 3.2 0.6 0.3
v 3.2 0.6 0.0999998
v 3.2 0.6 -1.78814e-07
v 3.2 0.6 -0.2
v 3.2 0.8 0.0999998
v 3.2 0.8 -1.78814e-07
v 3.2 0.9 0.0999998
v 3.2 0.9 -1.78814e-07
v 3.2 1 0.3
v 3.2 1 0.0999998
v 3.2 1 -1.78814e-07
v 3.2 1 -0.2
v 3.2 1.4 0.3
v 3.2 1.4 0.0999998
v 3.2 1.4 -1.78814e-07
v 3.2 1.4 -0.2
v 3.2 1.5 0.3
v 3.2 1.5 0.0999998
v 3.2 1.5 -1.78814e-07
v 3.2 1.5 -0.2
v 3.3 1.5 0.3
v 3.3 1.5 0.0999998
v 3.3 1.5 -1.78814e-07
v 3.3 1.5 -0.2
v 3.3 1.6 0.3
v 3.3 1.6 0.0999998
v 3.3 1.6 -1.78814e-07
v 3.3 1.6 -0.2
v 3.4 1.6 0.3
v 3.4 1.6 0.0999998
v 3.4 1.6 -1.78814e-07
v 3.4 1.6 -0.2
v 3.4 1.7 0.3
v 3.4 1.7 0.0999998
v 3.4 1.7 -1.78814e-07
v 3.4 1.7 -0.2
v 3.4 4.2 0.3
v 3.4 4.2 0.0999998
v 3.4 4.2 -1.78814e-07
v 3.4 4.2 -0.2
v 3.4 4.3 0.3
v 3.4 4.3 0.0999998
v 3.4 4.3 -1.78814e-07
v 3.4 4.3 -0.2
v 3.5 1.7 0.3
v 3.5 1.7 0.0999998
v 3.5 1.7 -1.78814e-07
v 3.5 1.7 -0.2
v 3.5 1.8 0.3
v 3.5 1.8 0.0999998
v 3.5 1.8 -1.78814e-07
v 3.5 1.8 -0.2
v 3.5 4.1 0.3
v 3.5 4.1 0.0999998
v 3.5 4.1 -1.78814e-07
v 3.5 4.1 -0.2
v 3.5 4.2 0.3
v 3.5 4.2 0.0999998
v 3.5 4.2 -1.78814e-07
v 3.5 4.2 -0.2
v 3.5 4.3 0.6
v 3.5 4.3 0.3
v 3.5 4.4 0.6
v 3.5 4.4 0.3
v 3.6 1.8 0.3
v 3.6 1.8 0.0999998
v 3.6 1.8 -1.78814e-07
v 3.6 1.8 -0.2
v 3.6 1.9 0.3
v 3.6 1.9 0.0999998
v 3.6 1.9 -1.78814e-07
v 3.6 1.9 -0.2
v 3.6 4 0.3
v 3.6 4 0.0999998
v 3.6 4 -1.78814e-07
v 3.6 4 -0.2
v 3.6 4.1 0.3
v 3.6 4.1 0.0999998
v 3.6 4.1 -1.78814e-07
v 3.6 4.1 -0.2
v 3.6 4.2 0.6
v 3.6 4.2 0.3
v 3.6 4.3 0.6
v 3.6 4.3 0.3
v 3.7 1.9 0.3
v 3.7 1.9 0.0999998
v 3.7 1.9 -1.78814e-07
v 3.7 1.9 -0.2
v 3.7 2 0.3
v 3.7 2 0.0999998
v 3.7 2 -1.78814e-07
v 3.7 2 -0.2
v 3.7 3.9 0.3
v 3.7 3.9 0.0999998
v 3.7 3.9 -1.78814e-07
v 3.7 3.9 -0.2
v 3.7 4 0.3
v 3.7 4 0.0999998
v 3.7 4 -1.78814e-07
v 3.7 4 -0.2
v 3.7 4.1 0.6
v 3.7 4.1 0.3
v 3.7 4.2 0.6
v 3.7 4.2 0.3
v 3.8 2 0.3
v 3.8 2 0.0999998
v 3.8 2 -1.78814e-07
v 3.8 2 -0.2
v 3.8 2.1 0.3
v 3.8 2.1 0.0999998
v 3.8 2.1 -1.78814e-07
v 3.8 2.1 -0.2
v 3.8 3.8 0.3
v 3.8 3.8 0.0999998
v 3.8 3.8 -1.78814e-07
v 3.8 3.8 -0.2
v 3.8 3.9 0.3
v 3.8 3.9 0.0999998
v 3.8 3.9 -1.78814e-07
v 3.8 3.9 -0.2
v 3.8 4 0.6
v 3.8 4 0.3
v 3.8 4.1 0.6
v 3.8 4.1 0.3
v 3.9 2.1 0.3
v 3.9 2.1 0.0999998
v 3.9 2.1 -1.78814e-07
v 3.9 2.1 -0.2
v 3.9 2.2 0.3
v 3.9 2.2 0.0999998
v 3.9 2.2 -1.78814e-07
v 3.9 2.2 -0.2
v 3.9 3.7 0.3
v 3.9 3.7 0.0999998
v 3.9 3.7 -1.78814e-07
v 3.9 3.7 -0.2
v 3.9 3.8 0.3
v 3.9 3.8 0.0999998
v 3.9 3.8 -1.78814e-07
v 3.9 3.8 -0.2
v 3.9 3.9 0.6
v 3.9 3.9 0.3
v 3.9 4 0.6
v 3.9 4 0.3
v 4 2.2 0.3
v 4 2.2 0.0999998
v 4 2.2 -1.78814e-07
v 4 2.2 -0.2
v 4 2.3 0.3
v 4 2.3 0.0999998
v 4 2.3 -1.78814e-07
v 4 2.3 -0.2
v 4 3.6 0.3
v 4 3.6 0.0999998
v 4 3.6 -1.78814e-07
v 4 3.6 -0.2
v 4 3.7 0.3
v 4 3.7 0.0999998
v 4 3.7 -1.78814e-07
v 4 3.7 -0.2
v 4 3.8 0.6
v 4 3.8 0.3
v 4 3.9 0.6
v 4 3.9 0.3
v 4.1 2.3 0.3
v 4.1 2.3 0.0999998
v 4.1 2.3 -1.78814e-07
v 4.1 2.3 -0.2
v 4.1 2.4 0.3
v 4.1 2.4 0.0999998
v 4.1 2.4 -1.78814e-07
v 4.1 2.4 -0.2
v 4.1 3.5 0.3
v 4.1 3.5 0.0999998
v 4.1 3.5 -1.78814e-07
v 4.1 3.5 -0.2
v 4.1 3.6 0.3
v 4.1 3.6 0.0999998
v 4.1 3.6 -1.78814e-07
v 4.1 3.6 -0.2
v 4.1 3.7 0.6
v 4.1 3.7 0.3
v 4.1 3.8 0.6
v 4.1 3.8 0.3
v 4.2 2.4 0.3
v 4.2 2.4 0.0999998
v 4.2 2.4 -1.78814e-07
v 4.2 2.4 -0.2
v 4.2 2.5 0.0999998
v 4.2 2.5 -1.78814e-07
v 4.2 2.6 0.3
v 4.2 2.6 0.0999998
v 4.2 2.6 -1.78814e-07
v 4.2 2.6 -0.2
v 4.2 3.4 0.3
v 4.2 3.4 0.0999998
v 4.2 3.4 -1.78814e-07
v 4.2 3.4 -0.2
v 4.2 3.5 0.3
v 4.2 3.5 0.0999998
v 4.2 3.5 -1.78814e-07
v 4.2 3.5 -0.2
v 4.2 3.6 0.6
v 4.2 3.6 0.3
v 4.2 3.7 0.6
v 4.2 3.7 0.3
v 4.3 3.3 0.3
v 4.3 3.3 0.0999998
v 4.3 3.3 -1.78814e-07
v 4.3 3.3 -0.2
v 4.3 3.4 0.3
v 4.3 3.4 0.0999998
v 4.3 3.4 -1.78814e-07
v 4.3 3.4 -0.2
v 4.3 3.5 0.6
v 4.3 3.5 0.3
v 4.3 3.6 0.6
v 4.3 3.6 0.3
v 4.4 0 0.6
v 4.4 0 0.3
v 4.4 2.9 0.3
v 4.4 3.3 0.3
v 4.4 3.5 0.6
v 4.4 3.5 0.3
v -4.4 0 0.6
v -4.4 0 0.3
v -4.4 0.3 0.3
v -4.4 0.3 0.0999998
v -4.4 0.3 -1.78814e-07
v -4.4 0.3 -0.2
v -4.4 0.4 0.3
v -4.4 0.4 0.0999998
v -4.4 0.4 -1.78814e-07
v -4.4 0.4 -0.2
v -4.4 1.2 0.3
v -4.4 1.7 0.3
v -4.4 2.1 0.3
v -4.4 2.7 0.3
v -4.4 3.3 0.3
v -4.4 3.5 0.6
v -4.4 3.5 0.3
v -4.3 3.3 0.3
v -4.3 3.3 0.0999998
v -4.3 3.3 -1.78814e-07
v -4.3 3.3 -0.2
v -4.3 3.4 0.3
v -4.3 3.4 0.0999998
v -4.3 3.4 -1.78814e-07
v -4.3 3.4 -0.2
v -4.3 3.5 0.6
v -4.3 3.5 0.3
v -4.3 3.6 0.6
v -4.3 3.6 0.3
v -4.2 0.2 0.3
v -4.2 0.2 0.0999998
v -4.2 0.2 -1.78814e-07
v -4.2 0.2 -0.2
v -4.2 0.3 0.3
v -4.2 0.3 0.0999998
v -4.2 0.3 -1.78814e-07
v -4.2 0.3 -0.2
v -4.2 3.4 0.3
v -4.2 3.4 0.0999998
v -4.2 3.4 -1.78814e-07
v -4.2 3.4 -0.2
v -4.2 3.5 0.3
v -4.2 3.5 0.0999998
v -4.2 3.5 -1.78814e-07
v -4.2 3.5 -0.2
v -4.2 3.6 0.6
v -4.2 3.6 0.3
v -4.2 3.7 0.6
v -4.2 3.7 0.3
v -4.1 3.5 0.3
v -4.1 3.5 0.0999998
v -4.1 3.5 -1.78814e-07
v -4.1 3.5 -0.2
v -4.1 3.6 0.3
v -4.1 3.6 0.0999998
v -4.1 3.6 -1.78814e-07
v -4.1 3.6 -0.2
v -4.1 3.7 0.6
v -4.1 3.7 0.3
v -4.1 3.8 0.6
v -4.1 3.8 0.3
v -4 3.6 0.3
v -4 3.6 0.0999998
v -4 3.6 -1.78814e-07
v -4 3.6 -0.2
v -4 3.7 0.3
v -4 3.7 0.0999998
v -4 3.7 -1.78814e-07
v -4 3.7 -0.2
v -4 3.8 0.6
v -4 3.8 0.3
v -4 3.9 0.6
v -4 3.9 0.3
v -3.9 3.7 0.3
v -3.9 3.7 0.0999998
v -3.9 3.7 -1.78814e-07
v -3.9 3.7 -0.2
v -3.9 3.8 0.3
v -3.9 3.8 0.0999998
v -3.9 3.8 -1.78814e-07
v -3.9 3.8 -0.2
v -3.9 3.9 0.6
v -3.9 3.9 0.3
v -3.9 4 0.6
v -3.9 4 0.3
v -3.8 3.8 0.3
v -3.8 3.8 0.0999998
v -3.8 3.8 -1.78814e-07
v -3.8 3.8 -0.2
v -3.8 3.9 0.3
v -3.8 3.9 0.0999998
v -3.8 3.9 -1.78814e-07
v -3.8 3.9 -0.2
v -3.8 4 0.6
v -3.8 4 0.3
v -3.8 4.1 0.6
v -3.8 4.1 0.3
v -3.7 3.9 0.3
v -3.7 3.9 0.0999998
v -3.7 3.9 -1.78814e-07
v -3.7 3.9 -0.2
v -3.7 4 0.3
v -3.7 4 0.0999998
v -3.7 4 -1.78814e-07
v -3.7 4 -0.2
v -3.7 4.1 0.6
v -3.7 4.1 0.3
v -3.7 4.2 0.6
v -3.7 4.2 0.3
v -3.6 4 0.3
v -3.6 4 0.0999998
v -3.6 4 -1.78814e-07
v -3.6 4 -0.2
v -3.6 4.1 0.3
v -3.6 4.1 0.0999998
v -3.6 4.1 -1.78814e-07
v -3.6 4.1 -0.2
v -3.6 4.2 0.6
v -3.6 4.2 0.3
v -3.6 4.3 0.6
v -3.6 4.3 0.3
v -3.5 1.7 0.3
v -3.5 1.7 0.2
v -3.5 1.8 0.2
v -3.5 1.9 0.2
v -3.5 2 0.2
v -3.5 2.1 0.3
v -3.5 2.1 0.2
v -3.5 4.1 0.3
v -3.5 4.1 0.0999998
v -3.5 4.1 -1.78814e-07
v -3.5 4.1 -0.2
v -3.5 4.2 0.3
v -3.5 4.2 0.0999998
v -3.5 4.2 -1.78814e-07
v -3.5 4.2 -0.2
v -3.5 4.3 0.6
v -3.5 4.3 0.3
v -3.5 4.4 0.6
v -3.5 4.4 0.3
v -3.4 4.2 0.3
v -3.4 4.2 0.0999998
v -3.4 4.2 -1.78814e-07
v -3.4 4.2 -0.2
v -3.4 4.3 0.3
v -3.4 4.3 0.0999998
v -3.4 4.3 -1.78814e-07
v -3.4 4.3 -0.2
v -2.3 1.7 0.3
v -2.3 1.7 0.2
v -2.3 1.8 0.2
v -2.3 1.9 0.2
v -2.3 2.1 0.3
v -2.3 2.1 0.2
v -1.3 1.4 0.3
v -1.3 1.4 0.2
v -1.3 1.6 0.3
v -1.3 1.6 0.2
v -1.2 1.6 0.3
v -1.2 1.6 0.2
v -1.2 1.8 0.3
v -1.2 1.8 0.2
v -1.1 1.8 0.3
v -1.1 1.8 0.2
v -1.1 2 0.3
v -1.1 2 0.2
v -1 2 0.3
v -1 2 0.2
v -1 2.2 0.3
v -1 2.2 0.2
v -0.9 2.2 0.3
v -0.9 2.2 0.2
v -0.9 2.4 0.3
v -0.9 2.4 0.2
v -0.5 2.2 0.3
v -0.5 2.2 0.2
v -0.5 2.4 0.3
v -0.5 2.4 0.2
v -0.4 2 0.3
v -0.4 2 0.2
v -0.4 2.2 0.3
v -0.4 2.2 0.2
v -0.3 1.8 0.3
v -0.3 1.8 0.2
v -0.3 2 0.3
v -0.3 2 0.2
v -0.2 1.6 0.3
v -0.2 1.6 0.2
v -0.2 1.8 0.3
v -0.2 1.8 0.2
v -0.0999999 1.4 0.3
v -0.0999999 1.4 0.2
v -0.0999999 1.6 0.3
v -0.0999999 1.6 0.2
v 0 0 0.3
v 0 0 0.0999998
v 0 0 -1.78814e-07
v 0 0 -0.2
v 0 1.4 0.3
v 0 1.4 0.2
v 0 1.4 0.0999998
v 0 2.4 0.3
v 0 2.4 0.2
v 0 2.4 0.0999998
v 0 4 0.3
v 0 4.7 0.3
v 0 4.7 0.0999998
v 0 4.7 -1.78814e-07
v 0 4.7 -0.2
v 0.5 1.4 0.3
v 0.5 1.4 0.2
v 0.5 1.6 0.3
v 0.5 1.6 0.2
v 0.5 4 0.6
v 0.5 4 0.3
v 0.5 4.1 0.6
v 0.5 4.1 0.3
v 0.6 1.6 0.3
v 0.6 1.6 0.2
v 0.6 1.8 0.3
v 0.6 1.8 0.2
v 0.7 0.2 0.3
v 0.7 0.2 0.0999998
v 0.7 0.2 -1.78814e-07
v 0.7 0.2 -0.2
v 0.7 0.5 0.0999998
v 0.7 0.5 -1.78814e-07
v 0.7 0.6 0.0999998
v 0.7 0.6 -1.78814e-07
v 0.7 0.8 0.0999998
v 0.7 0.8 -1.78814e-07
v 0.7 0.9 0.0999998
v 0.7 0.9 -1.78814e-07
v 0.7 1 0.3
v 0.7 1 0.0999998
v 0.7 1 -1.78814e-07
v 0.7 1 -0.2
v 0.7 1.8 0.3
v 0.7 1.8 0.2
v 0.7 2 0.3
v 0.7 2 0.2
v 0.7 4.1 0.6
v 0.7 4.1 0.3
v 0.7 4.2 0.6
v 0.7 4.2 0.3
v 0.8 2 0.3
v 0.8 2 0.2
v 0.8 2.2 0.3
v 0.8 2.2 0.2
v 0.8 4.2 0.6
v 0.8 4.2 0.3
v 0.8 4.4 0.6
v 0.8 4.4 0.3
v 0.9 2.2 0.3
v 0.9 2.2 0.2
v 0.9 2.4 0.3
v 0.9 2.4 0.2
v 0.9 3.6 0.3
v 0.9 3.6 0.0999998
v 0.9 3.6 -1.78814e-07
v 0.9 3.6 -0.2
v 0.9 4.2 0.0999998
v 0.9 4.2 -1.78814e-07
v 0.9 4.3 0.3
v 0.9 4.3 0.0999998
v 0.9 4.3 -1.78814e-07
v 0.9 4.3 -0.2
v 1.8 2.4 0.3
v 1.8 2.4 0.0999998
v 1.8 2.4 -1.78814e-07
v 1.8 2.4 -0.2
v 1.8 2.6 0.3
v 1.8 2.6 0.0999998
v 1.8 2.6 -1.78814e-07
v 1.8 2.6 -0.2
v 1.9 2.3 0.3
v 1.9 2.3 0.0999998
v 1.9 2.3 -1.78814e-07
v 1.9 2.3 -0.2
v 1.9 2.4 0.3
v 1.9 2.4 0.0999998
v 1.9 2.4 -1.78814e-07
v 1.9 2.4 -0.2
v 2 2.1 0.3
v 2 2.1 0.0999998
v 2 2.1 -1.78814e-07
v 2 2.1 -0.2
v 2 2.3 0.3
v 2 2.3 0.0999998
v 2 2.3 -1.78814e-07
v 2 2.3 -0.2
v 2.1 1.9 0.3
v 2.1 1.9 0.0999998
v 2.1 1.9 -1.78814e-07
v 2.1 1.9 -0.2
v 2.1 2.1 0.3
v 2.1 2.1 0.0999998
v 2.1 2.1 -1.78814e-07
v 2.1 2.1 -0.2
v 2.2 1.7 0.3
v 2.2 1.7 0.0999998
v 2.2 1.7 -1.78814e-07
v 2.2 1.7 -0.2
v 2.2 1.9 0.3
v 2.2 1.9 0.0999998
v 2.2 1.9 -1.78814e-07
v 2.2 1.9 -0.2
v 2.3 1.5 0.3
v 2.3 1.5 0.0999998
v 2.3 1.5 -1.78814e-07
v 2.3 1.5 -0.2
v 2.3 1.7 0.3
v 2.3 1.7 0.0999998
v 2.3 1.7 -1.78814e-07
v 2.3 1.7 -0.2
v 2.4 1.4 0.3
v 2.4 1.4 0.0999998
v 2.4 1.4 -1.78814e-07
v 2.4 1.4 -0.2
v 2.4 1.5 0.3
v 2.4 1.5 0.0999998
v 2.4 1.5 -1.78814e-07
v 2.4 1.5 -0.2
v 3 3.5 0.3
v 3 3.5 0.0999998
v 3 3.5 -1.78814e-07
v 3 3.5 -0.2
v 3 3.6 0.3
v 3 3.6 0.0999998
v 3 3.6 -1.78814e-07
v 3 3.6 -0.2
v 3.1 3.4 0.3
v 3.1 3.4 0.0999998
v 3.1 3.4 -1.78814e-07
v 3.1 3.4 -0.2
v 3.1 3.5 0.3
v 3.1 3.5 0.0999998
v 3.1 3.5 -1.78814e-07
v 3.1 3.5 -0.2
v 3.2 3.3 0.3
v 3.2 3.3 0.0999998
v 3.2 3.3 -1.78814e-07
v 3.2 3.3 -0.2
v 3.2 3.4 0.3
v 3.2 3.4 0.0999998
v 3.2 3.4 -1.78814e-07
v 3.2 3.4 -0.2
v 3.3 3 0.3
v 3.3 3 0.0999998
v 3.3 3 -1.78814e-07
v 3.3 3 -0.2
v 3.3 3.3 0.3
v 3.3 3.3 0.0999998
v 3.3 3.3 -1.78814e-07
v 3.3 3.3 -0.2
v 3.4 2.9 0.3
v 3.4 2.9 0.0999998
v 3.4 2.9 -1.78814e-07
v 3.4 2.9 -0.2
v 3.4 3 0.3
v 3.4 3 0.0999998
v 3.4 3 -1.78814e-07
v 3.4 3 -0.2
v 3.5 4.6 0.6
v 3.5 4.6 0.3
v 3.5 4.6 -0.2
v 3.5 4.7 0.6
v 3.5 4.7 0.3
v 3.5 4.7 -0.2
v 3.6 4.5 0.6
v 3.6 4.5 0.3
v 3.6 4.5 -0.2
v 3.6 4.6 0.6
v 3.6 4.6 0.3
v 3.6 4.6 -0.2
v 3.7 4.4 0.6
v 3.7 4.4 0.3
v 3.7 4.4 -0.2
v 3.7 4.5 0.6
v 3.7 4.5 0.3
v 3.7 4.5 -0.2
v 3.8 4.3 0.6
v 3.8 4.3 0.3
v 3.8 4.3 -0.2
v 3.8 4.4 0.6
v 3.8 4.4 0.3
v 3.8 4.4 -0.2
v 3.9 4.2 0.6
v 3.9 4.2 0.3
v 3.9 4.2 -0.2
v 3.9 4.3 0.6
v 3.9 4.3 0.3
v 3.9 4.3 -0.2
v 4 4.1 0.6
v 4 4.1 0.3
v 4 4.1 -0.2
v 4 4.2 0.6
v 4 4.2 0.3
v 4 4.2 -0.2
v 4.1 4 0.6
v 4.1 4 0.3
v 4.1 4 -0.2
v 4.1 4.1 0.6
v 4.1 4.1 0.3
v 4.1 4.1 -0.2
v 4.2 3.9 0.6
v 4.2 3.9 0.3
v 4.2 3.9 -0.2
v 4.2 4 0.6
v 4.2 4 0.3
v 4.2 4 -0.2
v 4.3 3.8 0.6
v 4.3 3.8 0.3
v 4.3 3.8 -0.2
v 4.3 3.9 0.6
v 4.3 3.9 0.3
v 4.3 3.9 -0.2
v 4.4 3.7 0.6
v 4.4 3.7 0.3
v 4.4 3.7 -0.2
v 4.4 3.8 0.6
v 4.4 3.8 0.3
v 4.4 3.8 -0.2
v 4.5 3.6 0.6
v 4.5 3.6 0.3
v 4.5 3.6 -0.2
v 4.5 3.7 0.6
v 4.5 3.7 0.3
v 4.5 3.7 -0.2
v 4.6 3.5 0.6
v 4.6 3.5 0.3
v 4.6 3.5 -0.2
v 4.6 3.6 0.6
v 4.6 3.6 0.3
v 4.6 3.6 -0.2
v 4.7 0 0.6
v 4.7 0 0.3
v 4.7 0 -0.2
v 4.7 2.9 0.3
v 4.7 2.9 0.0999998
v 4.7 2.9 -1.78814e-07
v 4.7 2.9 -0.2
v 4.7 3 0.0999998
v 4.7 3 -1.78814e-07
v 4.7 3.1 0.0999998
v 4.7 3.1 -1.78814e-07
v 4.7 3.3 0.3
v 4.7 3.3 0.0999998
v 4.7 3.3 -1.78814e-07
v 4.7 3.3 -0.2
v 4.7 3.5 0.6
v 4.7 3.5 0.3
v 4.7 3.5 -0.2
v -4.7 0 0.6
v -4.7 3.5 0.6
v -4.6 3.5 0.6
v -4.6 3.6 0.6
v -4.5 3.6 0.6
v -4.5 3.7 0.6
v -4.4 0 0.6
v -4.4 3.5 0.6
v -4.4 3.7 0.6
v -4.4 3.8 0.6
v -4.3 3.5 0.6
v -4.3 3.6 0.6
v -4.3 3.8 0.6
v -4.3 3.9 0.6
v -4.2 3.6 0.6
v -4.2 3.7 0.6
v -4.2 3.9 0.6
v -4.2 4 0.6
v -4.1 3.7 0.6
v -4.1 3.8 0.6
v -4.1 4 0.6
v -4.1 4.1 0.6
v -4 3.8 0.6
v -4 3.9 0.6
v -4 4.1 0.6
v -4 4.2 0.6
v -3.9 3.9 0.6
v -3.9 4 0.6
v -3.9 4.2 0.6
v -3.9 4.3 0.6
v -3.8 4 0.6
v -3.8 4.1 0.6
v -3.8 4.3 0.6
v -3.8 4.4 0.6
v -3.7 4.1 0.6
v -3.7 4.2 0.6
v -3.7 4.4 0.6
v -3.7 4.5 0.6
v -3.6 4.2 0.6
v -3.6 4.3 0.6
v -3.6 4.5 0.6
v -3.6 4.6 0.6
v -3.5 4.3 0.6
v -3.5 4.4 0.6
v -3.5 4.6 0.6
v -3.5 4.7 0.6
v -0.8 4.2 0.6
v -0.8 4.4 0.6
v -0.7 4.1 0.6
v -0.7 4.2 0.6
v -0.6 4.2 0.6
v -0.6 4.4 0.6
v -0.5 4 0.6
v -0.5 4.1 0.6
v -0.4 4.2 0.6
v -0.4 4.4 0.6
v -0.0999999 4.2 0.6
v -0.0999999 4.4 0.6
v 0.0999999 4.2 0.6
v 0.0999999 4.4 0.6
v 0.4 4.2 0.6
v 0.4 4.4 0.6
v 0.5 4 0.6
v 0.5 4.1 0.6
v 0.6 4.2 0.6
v 0.6 4.4 0.6
v 0.7 4.1 0.6
v 0.7 4.2 0.6
v 0.8 4.2 0.6
v 0.8 4.4 0.6
v 3.5 4.3 0.6
v 3.5 4.4 0.6
v 3.5 4.6 0.6
v 3.5 4.7 0.6
v 3.6 4.2 0.6
v 3.6 4.3 0.6
v 3.6 4.5 0.6
v 3.6 4.6 0.6
v 3.7 4.1 0.6
v 3.7 4.2 0.6
v 3.7 4.4 0.6
v 3.7 4.5 0.6
v 3.8 4 0.6
v 3.8 4.1 0.6
v 3.8 4.3 0.6
v 3.8 4.4 0.6
v 3.9 3.9 0.6
v 3.9 4 0.6
v 3.9 4.2 0.6
v 3.9 4.3 0.6
v 4 3.8 0.6
v 4 3.9 0.6
v 4 4.1 0.6
v 4 4.2 0.6
v 4.1 3.7 0.6
v 4.1 3.8 0.6
v 4.1 4 0.6
v 4.1 4.1 0.6
v 4.2 3.6 0.6
v 4.2 3.7 0.6
v 4.2 3.9 0.6
v 4.2 4 0.6
v 4.3 3.5 0.6
v 4.3 3.6 0.6
v 4.3 3.8 0.6
v 4.3 3.9 0.6
v 4.4 0 0.6
v 4.4 3.5 0.6
v 4.4 3.7 0.6
v 4.4 3.8 0.6
v 4.5 3.6 0.6
v 4.5 3.7 0.6
v 4.6 3.5 0.6
v 4.6 3.6 0.6
v 4.7 0 0.6
v 4.7 3.5 0.6
v -4.4 0 0.3
v -4.4 0.3 0.3
v -4.4 1.2 0.3
v -4.4 1.7 0.3
v -4.4 2.1 0.3
v -4.4 2.7 0.3
v -4.4 3.3 0.3
v -4.4 3.5 0.3
v -4.3 3.3 0.3
v -4.3 3.4 0.3
v -4.3 3.5 0.3
v -4.3 3.6 0.3
v -4.2 0.2 0.3
v -4.2 0.3 0.3
v -4.2 3.4 0.3
v -4.2 3.5 0.3
v -4.2 3.6 0.3
v -4.2 3.7 0.3
v -4.1 0.9 0.3
v -4.1 1.2 0.3
v -4.1 3.5 0.3
v -4.1 3.6 0.3
v -4.1 3.7 0.3
v -4.1 3.8 0.3
v -4 0.8 0.3
v -4 0.9 0.3
v -4 3.6 0.3
v -4 3.7 0.3
v -4 3.8 0.3
v -4 3.9 0.3
v -3.9 3.7 0.3
v -3.9 3.8 0.3
v -3.9 3.9 0.3
v -3.9 4 0.3
v -3.8 3.8 0.3
v -3.8 3.9 0.3
v -3.8 4 0.3
v -3.8 4.1 0.3
v -3.7 1.7 0.3
v -3.7 2.1 0.3
v -3.7 3.9 0.3
v -3.7 4 0.3
v -3.7 4.1 0.3
v -3.7 4.2 0.3
v -3.6 4 0.3
v -3.6 4.1 0.3
v -3.6 4.2 0.3
v -3.6 4.3 0.3
v -3.5 1.7 0.3
v -3.5 2.1 0.3
v -3.5 4.1 0.3
v -3.5 4.2 0.3
v -3.5 4.3 0.3
v -3.5 4.4 0.3
v -3.4 4.2 0.3
v -3.4 4.3 0.3
v -3.3 2.7 0.3
v -3.3 3.3 0.3
v -3.2 3.3 0.3
v -3.2 3.4 0.3
v -3.1 3.4 0.3
v -3.1 3.5 0.3
v -3 3.5 0.3
v -3 3.6 0.3
v -2.5 1.7 0.3
v -2.5 2.1 0.3
v -2.3 1.7 0.3
v -2.3 2.1 0.3
v -1.3 1.4 0.3
v -1.3 1.6 0.3
v -1.3 1.7 0.3
v -1.3 1.8 0.3
v -1.2 1.6 0.3
v -1.2 1.8 0.3
v -1.2 2 0.3
v -1.1 0.2 0.3
v -1.1 0.8 0.3
v -1.1 1.8 0.3
v -1.1 2 0.3
v -1.1 2.1 0.3
v -1 2 0.3
v -1 2.2 0.3
v -0.9 2.2 0.3
v -0.9 2.4 0.3
v -0.9 3.6 0.3
v -0.9 4.3 0.3
v -0.8 2.2 0.3
v -0.8 2.4 0.3
v -0.8 4.2 0.3
v -0.8 4.4 0.3
v -0.7 2 0.3
v -0.7 2.2 0.3
v -0.7 4.1 0.3
v -0.7 4.2 0.3
v -0.6 1.8 0.3
v -0.6 2 0.3
v -0.5 1.6 0.3
v -0.5 1.8 0.3
v -0.5 2.2 0.3
v -0.5 2.4 0.3
v -0.5 4 0.3
v -0.5 4.1 0.3
v -0.4 1.4 0.3
v -0.4 1.6 0.3
v -0.4 2 0.3
v -0.4 2.2 0.3
v -0.3 1.8 0.3
v -0.3 2 0.3
v -0.2 1.6 0.3
v -0.2 1.8 0.3
v -0.0999999 1.4 0.3
v -0.0999999 1.6 0.3
v 0 0 0.3
v 0 1.4 0.3
v 0 2.4 0.3
v 0 4 0.3
v 0.0999999 0 0.3
v 0.0999999 1.4 0.3
v 0.0999999 2.4 0.3
v 0.0999999 4 0.3
v 0.2 1.4 0.3
v 0.2 1.6 0.3
v 0.3 1.6 0.3
v 0.3 1.8 0.3
v 0.4 1.8 0.3
v 0.4 2 0.3
v 0.5 1.4 0.3
v 0.5 1.6 0.3
v 0.5 2 0.3
v 0.5 2.2 0.3
v 0.5 4 0.3
v 0.5 4.1 0.3
v 0.6 1.6 0.3
v 0.6 1.8 0.3
v 0.6 2.2 0.3
v 0.6 2.4 0.3
v 0.7 0.2 0.3
v 0.7 1 0.3
v 0.7 1.8 0.3
v 0.7 2 0.3
v 0.7 4.1 0.3
v 0.7 4.2 0.3
v 0.8 2 0.3
v 0.8 2.2 0.3
v 0.8 4.2 0.3
v 0.8 4.4 0.3
v 0.9 2.2 0.3
v 0.9 2.4 0.3
v 0.9 3.6 0.3
v 0.9 4.3 0.3
v 1 2.2 0.3
v 1 2.4 0.3
v 1.1 2 0.3
v 1.1 2.2 0.3
v 1.2 1.8 0.3
v 1.2 2 0.3
v 1.3 1.6 0.3
v 1.3 1.8 0.3
v 1.4 1.4 0.3
v 1.4 1.6 0.3
v 1.8 0.2 0.3
v 1.8 0.3 0.3
v 1.8 2.4 0.3
v 1.8 2.6 0.3
v 1.9 0.3 0.3
v 1.9 0.4 0.3
v 1.9 2.3 0.3
v 1.9 2.4 0.3
v 2 0.4 0.3
v 2 0.5 0.3
v 2 2.1 0.3
v 2 2.3 0.3
v 2.1 0.5 0.3
v 2.1 0.6 0.3
v 2.1 1.9 0.3
v 2.1 2.1 0.3
v 2.2 1.7 0.3
v 2.2 1.9 0.3
v 2.3 1.5 0.3
v 2.3 1.7 0.3
v 2.4 1.4 0.3
v 2.4 1.5 0.3
v 3 3.5 0.3
v 3 3.6 0.3
v 3.1 3.4 0.3
v 3.1 3.5 0.3
v 3.2 0.6 0.3
v 3.2 1 0.3
v 3.2 1.4 0.3
v 3.2 1.5 0.3
v 3.2 3.3 0.3
v 3.2 3.4 0.3
v 3.3 1.5 0.3
v 3.3 1.6 0.3
v 3.3 3 0.3
v 3.3 3.3 0.3
v 3.4 1.6 0.3
v 3.4 1.7 0.3
v 3.4 2.9 0.3
v 3.4 3 0.3
v 3.4 4.2 0.3
v 3.4 4.3 0.3
v 3.5 1.7 0.3
v 3.5 1.8 0.3
v 3.5 4.1 0.3
v 3.5 4.2 0.3
v 3.5 4.3 0.3
v 3.5 4.4 0.3
v 3.6 1.8 0.3
v 3.6 1.9 0.3
v 3.6 4 0.3
v 3.6 4.1 0.3
v 3.6 4.2 0.3
v 3.6 4.3 0.3
v 3.7 1.9 0.3
v 3.7 2 0.3
v 3.7 3.9 0.3
v 3.7 4 0.3
v 3.7 4.1 0.3
v 3.7 4.2 0.3
v 3.8 2 0.3
v 3.8 2.1 0.3
v 3.8 3.8 0.3
v 3.8 3.9 0.3
v 3.8 4 0.3
v 3.8 4.1 0.3
v 3.9 2.1 0.3
v 3.9 2.2 0.3
v 3.9 3.7 0.3
v 3.9 3.8 0.3
v 3.9 3.9 0.3
v 3.9 4 0.3
v 4 2.2 0.3
v 4 2.3 0.3
v 4 3.6 0.3
v 4 3.7 0.3
v 4 3.8 0.3
v 4 3.9 0.3
v 4.1 2.3 0.3
v 4.1 2.4 0.3
v 4.1 3.5 0.3
v 4.1 3.6 0.3
v 4.1 3.7 0.3
v 4.1 3.8 0.3
v 4.2 2.4 0.3
v 4.2 2.6 0.3
v 4.2 3.4 0.3
v 4.2 3.5 0.3
v 4.2 3.6 0.3
v 4.2 3.7 0.3
v 4.3 3.3 0.3
v 4.3 3.4 0.3
v 4.3 3.5 0.3
v 4.3 3.6 0.3
v 4.4 0 0.3
v 4.4 2.9 0.3
v 4.4 3.3 0.3
v 4.4 3.5 0.3
v -4.7 1.7 0.2
v -4.7 1.8 0.2
v -4.7 2 0.2
v -4.7 2.1 0.2
v -4.6 1.9 0.2
v -4.6 2 0.2
v -4.5 2 0.2
v -4.5 2.1 0.2
v -4.2 1.7 0.2
v -4.2 1.8 0.2
v -4.2 1.9 0.2
v -4.1 1.9 0.2
v -4.1 2 0.2
v -3.9 1.9 0.2
v -3.9 2 0.2
v -3.8 1.7 0.2
v -3.8 1.8 0.2
v -3.8 1.9 0.2
v -3.7 1.7 0.2
v -3.7 1.8 0.2
v -3.7 1.9 0.2
v -3.7 2 0.2
v -3.7 2.1 0.2
v -3.5 1.7 0.2
v -3.5 1.8 0.2
v -3.5 1.9 0.2
v -3.5 2 0.2
v -3.5 2.1 0.2
v -3.3 2 0.2
v -3.3 2.1 0.2
v -3.1 1.8 0.2
v -3.1 1.9 0.2
v -3.1 2 0.2
v -3.1 2.1 0.2
v -3 1.8 0.2
v -3 1.9 0.2
v -2.5 1.7 0.2
v -2.5 1.8 0.2
v -2.5 1.9 0.2
v -2.5 2 0.2
v -2.5 2.1 0.2
v -2.3 1.7 0.2
v -2.3 1.8 0.2
v -2.3 1.9 0.2
v -2.3 2.1 0.2
v -2.2 2 0.2
v -2.2 2.1 0.2
v -1.8 1.8 0.2
v -1.8 1.9 0.2
v -1.5 1.8 0.2
v -1.5 1.9 0.2
v -1.3 1.4 0.2
v -1.3 1.6 0.2
v -1.3 1.7 0.2
v -1.3 1.8 0.2
v -1.2 1.4 0.2
v -1.2 1.5 0.2
v -1.2 1.6 0.2
v -1.2 1.8 0.2
v -1.2 1.9 0.2
v -1.2 2 0.2
v -1.1 1.4 0.2
v -1.1 1.5 0.2
v -1.1 1.6 0.2
v -1.1 1.8 0.2
v -1.1 2 0.2
v -1.1 2.1 0.2
v -1 1.5 0.2
v -1 1.6 0.2
v -1 1.7 0.2
v -1 2 0.2
v -1 2.2 0.2
v -0.9 2.2 0.2
v -0.9 2.4 0.2
v -0.8 2.2 0.2
v -0.8 2.4 0.2
v -0.7 1.5 0.2
v -0.7 1.6 0.2
v -0.7 1.7 0.2
v -0.7 2 0.2
v -0.7 2.2 0.2
v -0.6 1.4 0.2
v -0.6 1.5 0.2
v -0.6 1.6 0.2
v -0.6 1.8 0.2
v -0.6 2 0.2
v -0.5 1.4 0.2
v -0.5 1.5 0.2
v -0.5 1.6 0.2
v -0.5 1.8 0.2
v -0.5 2.2 0.2
v -0.5 2.4 0.2
v -0.4 1.4 0.2
v -0.4 1.6 0.2
v -0.4 2 0.2
v -0.4 2.2 0.2
v -0.4 2.4 0.2
v -0.3 1.8 0.2
v -0.3 2 0.2
v -0.3 2.1 0.2
v -0.3 2.2 0.2
v -0.2 1.6 0.2
v -0.2 1.8 0.2
v -0.2 2 0.2
v -0.2 2.2 0.2
v -0.2 2.4 0.2
v -0.0999999 1.4 0.2
v -0.0999999 1.6 0.2
v -0.0999999 1.7 0.2
v -0.0999999 1.8 0.2
v -0.0999999 1.9 0.2
v -0.0999999 2 0.2
v -0.0999999 2.1 0.2
v -0.0999999 2.4 0.2
v 0 1.4 0.2
v 0 1.5 0.2
v 0 1.6 0.2
v 0 1.7 0.2
v 0 1.8 0.2
v 0 1.9 0.2
v 0 2 0.2
v 0 2.4 0.2
v 0.0999999 1.4 0.2
v 0.0999999 1.5 0.2
v 0.0999999 1.6 0.2
v 0.0999999 2 0.2
v 0.0999999 2.1 0.2
v 0.0999999 2.2 0.2
v 0.0999999 2.4 0.2
v 0.2 1.4 0.2
v 0.2 1.6 0.2
v 0.2 1.8 0.2
v 0.2 1.9 0.2
v 0.2 2 0.2
v 0.2 2.2 0.2
v 0.2 2.3 0.2
v 0.3 1.6 0.2
v 0.3 1.8 0.2
v 0.3 1.9 0.2
v 0.3 2 0.2
v 0.3 2.1 0.2
v 0.3 2.2 0.2
v 0.3 2.3 0.2
v 0.3 2.4 0.2
v 0.4 1.8 0.2
v 0.4 2 0.2
v 0.4 2.2 0.2
v 0.4 2.4 0.2
v 0.5 1.4 0.2
v 0.5 1.6 0.2
v 0.5 2 0.2
v 0.5 2.2 0.2
v 0.5 2.4 0.2
v 0.6 1.4 0.2
v 0.6 1.5 0.2
v 0.6 1.6 0.2
v 0.6 1.8 0.2
v 0.6 2.2 0.2
v 0.6 2.4 0.2
v 0.7 1.4 0.2
v 0.7 1.5 0.2
v 0.7 1.6 0.2
v 0.7 1.8 0.2
v 0.7 2 0.2
v 0.8 1.5 0.2
v 0.8 1.6 0.2
v 0.8 1.7 0.2
v 0.8 2 0.2
v 0.8 2.2 0.2
v 0.9 2.2 0.2
v 0.9 2.4 0.2
v 1 2.2 0.2
v 1 2.4 0.2
v 1.1 1.5 0.2
v 1.1 1.6 0.2
v 1.1 1.7 0.2
v 1.1 2 0.2
v 1.1 2.2 0.2
v 1.2 1.4 0.2
v 1.2 1.5 0.2
v 1.2 1.6 0.2
v 1.2 1.8 0.2
v 1.2 2 0.2
v 1.3 1.4 0.2
v 1.3 1.5 0.2
v 1.3 1.6 0.2
v 1.3 1.8 0.2
v 1.4 1.4 0.2
v 1.4 1.6 0.2
v -4.7 0.4 0.0999998
v -4.7 0.5 0.0999998
v -4.7 0.6 0.0999998
v -4.7 0.7 0.0999998
v -4.7 0.8 0.0999998
v -4.7 0.9 0.0999998
v -4.7 1 0.0999998
v -4.7 1.2 0.0999998
v -4.7 2.7 0.0999998
v -4.7 2.9 0.0999998
v -4.7 3 0.0999998
v -4.7 3.3 0.0999998
v -4.6 1 0.0999998
v -4.6 1.1 0.0999998
v -4.5 0.4 0.0999998
v -4.5 0.5 0.0999998
v -4.5 0.6 0.0999998
v -4.5 0.7 0.0999998
v -4.5 1 0.0999998
v -4.5 1.1 0.0999998
v -4.4 0.3 0.0999998
v -4.4 0.4 0.0999998
v -4.4 0.5 0.0999998
v -4.4 0.6 0.0999998
v -4.4 0.7 0.0999998
v -4.4 0.8 0.0999998
v -4.3 0.3 0.0999998
v -4.3 0.4 0.0999998
v -4.3 0.7 0.0999998
v -4.3 0.9 0.0999998
v -4.3 3.3 0.0999998
v -4.3 3.4 0.0999998
v -4.2 0.2 0.0999998
v -4.2 0.3 0.0999998
v -4.2 0.4 0.0999998
v -4.2 0.5 0.0999998
v -4.2 0.6 0.0999998
v -4.2 0.7 0.0999998
v -4.2 1 0.0999998
v -4.2 3.4 0.0999998
v -4.2 3.5 0.0999998
v -4.1 0.9 0.0999998
v -4.1 1.2 0.0999998
v -4.1 3.5 0.0999998
v -4.1 3.6 0.0999998
v -4 0.6 0.0999998
v -4 0.7 0.0999998
v -4 0.8 0.0999998
v -4 0.9 0.0999998
v -4 3.1 0.0999998
v -4 3.4 0.0999998
v -4 3.6 0.0999998
v -4 3.7 0.0999998
v -3.9 0.2 0.0999998
v -3.9 0.3 0.0999998
v -3.9 2.7 0.0999998
v -3.9 2.9 0.0999998
v -3.9 3 0.0999998
v -3.9 3.1 0.0999998
v -3.9 3.2 0.0999998
v -3.9 3.3 0.0999998
v -3.9 3.4 0.0999998
v -3.9 3.5 0.0999998
v -3.9 3.7 0.0999998
v -3.9 3.8 0.0999998
v -3.8 0.2 0.0999998
v -3.8 0.3 0.0999998
v -3.8 2.7 0.0999998
v -3.8 3.2 0.0999998
v -3.8 3.3 0.0999998
v -3.8 3.4 0.0999998
v -3.8 3.5 0.0999998
v -3.8 3.6 0.0999998
v -3.8 3.8 0.0999998
v -3.8 3.9 0.0999998
v -3.7 3.4 0.0999998
v -3.7 3.6 0.0999998
v -3.7 3.9 0.0999998
v -3.7 4 0.0999998
v -3.6 4 0.0999998
v -3.6 4.1 0.0999998
v -3.5 4.1 0.0999998
v -3.5 4.2 0.0999998
v -3.4 3.5 0.0999998
v -3.4 3.6 0.0999998
v -3.4 4.2 0.0999998
v -3.4 4.3 0.0999998
v -3.3 2.7 0.0999998
v -3.3 3.3 0.0999998
v -3.3 3.6 0.0999998
v -3.3 3.7 0.0999998
v -3.3 3.9 0.0999998
v -3.3 4 0.0999998
v -3.2 0.2 0.0999998
v -3.2 0.3 0.0999998
v -3.2 0.4 0.0999998
v -3.2 0.5 0.0999998
v -3.2 0.6 0.0999998
v -3.2 0.8 0.0999998
v -3.2 3.3 0.0999998
v -3.2 3.4 0.0999998
v -3.2 4 0.0999998
v -3.2 4.1 0.0999998
v -3.1 0.2 0.0999998
v -3.1 0.3 0.0999998
v -3.1 0.4 0.0999998
v -3.1 0.5 0.0999998
v -3.1 0.6 0.0999998
v -3.1 0.8 0.0999998
v -3.1 3.4 0.0999998
v -3.1 3.5 0.0999998
v -3 3.5 0.0999998
v -3 3.6 0.0999998
v -2.8 0.6 0.0999998
v -2.8 0.8 0.0999998
v -2.8 4 0.0999998
v -2.8 4.1 0.0999998
v -2.7 0.7 0.0999998
v -2.7 0.8 0.0999998
v -2.7 3.9 0.0999998
v -2.7 4 0.0999998
v -2.5 0.6 0.0999998
v -2.5 0.7 0.0999998
v -2.4 0.4 0.0999998
v -2.4 0.5 0.0999998
v -2.4 3.9 0.0999998
v -2.4 4 0.0999998
v -2.3 3.8 0.0999998
v -2.3 3.9 0.0999998
v -2.3 4 0.0999998
v -2.3 4.1 0.0999998
v -2.2 3.9 0.0999998
v -2.2 4 0.0999998
v -2.1 0.2 0.0999998
v -2.1 0.3 0.0999998
v -2.1 0.4 0.0999998
v -2.1 0.5 0.0999998
v -1.8 0.2 0.0999998
v -1.8 0.3 0.0999998
v -1.8 3.6 0.0999998
v -1.8 3.8 0.0999998
v -1.8 3.9 0.0999998
v -1.8 4 0.0999998
v -1.7 3.6 0.0999998
v -1.7 3.9 0.0999998
v -1.7 4 0.0999998
v -1.7 4.3 0.0999998
v -1.6 3.8 0.0999998
v -1.6 3.9 0.0999998
v -1.6 4.3 0.0999998
v -1.4 3.9 0.0999998
v -1.4 4 0.0999998
v -1.3 3.8 0.0999998
v -1.3 3.9 0.0999998
v -1.1 0.2 0.0999998
v -1.1 0.3 0.0999998
v -1.1 0.4 0.0999998
v -1.1 0.5 0.0999998
v -1.1 0.6 0.0999998
v -1.1 0.8 0.0999998
v -1.1 3.7 0.0999998
v -1.1 3.9 0.0999998
v -1 3.8 0.0999998
v -1 4 0.0999998
v -0.9 3.6 0.0999998
v -0.9 3.7 0.0999998
v -0.9 3.8 0.0999998
v -0.9 4.3 0.0999998
v 0 0 0.0999998
v 0 1.4 0.0999998
v 0 2.4 0.0999998
v 0 4.7 0.0999998
v 0.0999999 0 0.0999998
v 0.0999999 1.4 0.0999998
v 0.0999999 2.4 0.0999998
v 0.0999999 4.7 0.0999998
v 0.7 0.2 0.0999998
v 0.7 0.5 0.0999998
v 0.7 0.6 0.0999998
v 0.7 0.8 0.0999998
v 0.7 0.9 0.0999998
v 0.7 1 0.0999998
v 0.9 3.6 0.0999998
v 0.9 4.2 0.0999998
v 0.9 4.3 0.0999998
v 1 0.2 0.0999998
v 1 0.3 0.0999998
v 1 3.6 0.0999998
v 1 3.8 0.0999998
v 1 4.1 0.0999998
v 1 4.2 0.0999998
v 1.1 0.3 0.0999998
v 1.1 0.4 0.0999998
v 1.1 3.6 0.0999998
v 1.1 3.7 0.0999998
v 1.1 4.2 0.0999998
v 1.1 4.3 0.0999998
v 1.2 0.2 0.0999998
v 1.2 0.3 0.0999998
v 1.2 0.4 0.0999998
v 1.2 0.5 0.0999998
v 1.2 3.8 0.0999998
v 1.2 3.9 0.0999998
v 1.2 4 0.0999998
v 1.2 4.1 0.0999998
v 1.3 0.3 0.0999998
v 1.3 0.4 0.0999998
v 1.3 3.7 0.0999998
v 1.3 3.8 0.0999998
v 1.3 3.9 0.0999998
v 1.3 4 0.0999998
v 1.4 0.4 0.0999998
v 1.4 0.5 0.0999998
v 1.4 0.6 0.0999998
v 1.4 0.7 0.0999998
v 1.4 3.7 0.0999998
v 1.4 3.8 0.0999998
v 1.4 4.1 0.0999998
v 1.5 0.4 0.0999998
v 1.5 0.5 0.0999998
v 1.6 0.7 0.0999998
v 1.6 0.8 0.0999998
v 1.6 4 0.0999998
v 1.6 4.1 0.0999998
v 1.7 0.5 0.0999998
v 1.7 0.8 0.0999998
v 1.7 3.8 0.0999998
v 1.7 3.9 0.0999998
v 1.7 4.1 0.0999998
v 1.7 4.2 0.0999998
v 1.8 0.2 0.0999998
v 1.8 0.3 0.0999998
v 1.8 2.4 0.0999998
v 1.8 2.6 0.0999998
v 1.8 3.7 0.0999998
v 1.8 3.8 0.0999998
v 1.9 0.3 0.0999998
v 1.9 0.4 0.0999998
v 1.9 2.3 0.0999998
v 1.9 2.4 0.0999998
v 2 0.4 0.0999998
v 2 0.5 0.0999998
v 2 2.1 0.0999998
v 2 2.3 0.0999998
v 2 2.5 0.0999998
v 2 2.6 0.0999998
v 2 4.1 0.0999998
v 2 4.2 0.0999998
v 2.1 0.5 0.0999998
v 2.1 0.6 0.0999998
v 2.1 0.9 0.0999998
v 2.1 1 0.0999998
v 2.1 1.9 0.0999998
v 2.1 2.1 0.0999998
v 2.1 2.3 0.0999998
v 2.1 2.5 0.0999998
v 2.1 4 0.0999998
v 2.1 4.1 0.0999998
v 2.2 1.7 0.0999998
v 2.2 1.9 0.0999998
v 2.2 2.2 0.0999998
v 2.2 2.3 0.0999998
v 2.2 2.4 0.0999998
v 2.2 2.6 0.0999998
v 2.2 3.7 0.0999998
v 2.2 3.8 0.0999998
v 2.3 0.9 0.0999998
v 2.3 1 0.0999998
v 2.3 1.5 0.0999998
v 2.3 1.7 0.0999998
v 2.3 2.1 0.0999998
v 2.3 2.2 0.0999998
v 2.3 2.3 0.0999998
v 2.3 2.4 0.0999998
v 2.3 3.8 0.0999998
v 2.3 3.9 0.0999998
v 2.3 4 0.0999998
v 2.3 4.1 0.0999998
v 2.4 0.7 0.0999998
v 2.4 0.8 0.0999998
v 2.4 1.4 0.0999998
v 2.4 1.5 0.0999998
v 2.4 2 0.0999998
v 2.4 2.1 0.0999998
v 2.4 2.2 0.0999998
v 2.4 2.3 0.0999998
v 2.4 3.6 0.0999998
v 2.4 3.7 0.0999998
v 2.4 3.8 0.0999998
v 2.4 3.9 0.0999998
v 2.4 4.1 0.0999998
v 2.4 4.2 0.0999998
v 2.5 1.4 0.0999998
v 2.5 2 0.0999998
v 2.5 2.2 0.0999998
v 2.5 2.6 0.0999998
v 2.5 3.6 0.0999998
v 2.5 3.8 0.0999998
v 2.5 3.9 0.0999998
v 2.5 4 0.0999998
v 2.5 4.1 0.0999998
v 2.5 4.2 0.0999998
v 2.6 0.6 0.0999998
v 2.6 0.7 0.0999998
v 2.6 1.4 0.0999998
v 2.6 2.6 0.0999998
v 2.6 3.8 0.0999998
v 2.6 3.9 0.0999998
v 2.6 4.2 0.0999998
v 2.6 4.3 0.0999998
v 2.7 0.7 0.0999998
v 2.7 0.8 0.0999998
v 2.7 3.8 0.0999998
v 2.7 3.9 0.0999998
v 2.7 4 0.0999998
v 2.7 4.3 0.0999998
v 2.8 0.6 0.0999998
v 2.8 0.7 0.0999998
v 2.8 1.4 0.0999998
v 2.8 2.6 0.0999998
v 2.8 3.9 0.0999998
v 2.8 4 0.0999998
v 2.9 1.4 0.0999998
v 2.9 1.7 0.0999998
v 2.9 1.9 0.0999998
v 2.9 2.1 0.0999998
v 2.9 2.2 0.0999998
v 2.9 2.6 0.0999998
v 3 1.6 0.0999998
v 3 1.7 0.0999998
v 3 1.8 0.0999998
v 3 1.9 0.0999998
v 3 2.2 0.0999998
v 3 2.3 0.0999998
v 3 3.5 0.0999998
v 3 3.6 0.0999998
v 3.1 1.5 0.0999998
v 3.1 1.6 0.0999998
v 3.1 1.7 0.0999998
v 3.1 1.8 0.0999998
v 3.1 2.1 0.0999998
v 3.1 2.2 0.0999998
v 3.1 3.4 0.0999998
v 3.1 3.5 0.0999998
v 3.2 0.6 0.0999998
v 3.2 0.8 0.0999998
v 3.2 0.9 0.0999998
v 3.2 1 0.0999998
v 3.2 1.4 0.0999998
v 3.2 1.5 0.0999998
v 3.2 1.7 0.0999998
v 3.2 3.3 0.0999998
v 3.2 3.4 0.0999998
v 3.2 3.7 0.0999998
v 3.2 3.8 0.0999998
v 3.2 3.9 0.0999998
v 3.2 4 0.0999998
v 3.3 1.5 0.0999998
v 3.3 1.6 0.0999998
v 3.3 3 0.0999998
v 3.3 3.3 0.0999998
v 3.3 3.6 0.0999998
v 3.3 3.7 0.0999998
v 3.3 3.8 0.0999998
v 3.3 3.9 0.0999998
v 3.4 1.6 0.0999998
v 3.4 1.7 0.0999998
v 3.4 2.9 0.0999998
v 3.4 3 0.0999998
v 3.4 3.4 0.0999998
v 3.4 3.6 0.0999998
v 3.4 3.8 0.0999998
v 3.4 3.9 0.0999998
v 3.4 4.2 0.0999998
v 3.4 4.3 0.0999998
v 3.5 1.7 0.0999998
v 3.5 1.8 0.0999998
v 3.5 3.1 0.0999998
v 3.5 3.4 0.0999998
v 3.5 3.5 0.0999998
v 3.5 3.6 0.0999998
v 3.5 3.9 0.0999998
v 3.5 4 0.0999998
v 3.5 4.1 0.0999998
v 3.5 4.2 0.0999998
v 3.6 1.8 0.0999998
v 3.6 1.9 0.0999998
v 3.6 2.3 0.0999998
v 3.6 2.4 0.0999998
v 3.6 2.9 0.0999998
v 3.6 3.1 0.0999998
v 3.6 3.2 0.0999998
v 3.6 3.5 0.0999998
v 3.6 3.7 0.0999998
v 3.6 3.8 0.0999998
v 3.6 4 0.0999998
v 3.6 4.1 0.0999998
v 3.7 1.9 0.0999998
v 3.7 2 0.0999998
v 3.7 2.2 0.0999998
v 3.7 2.3 0.0999998
v 3.7 3 0.0999998
v 3.7 3.2 0.0999998
v 3.7 3.5 0.0999998
v 3.7 3.7 0.0999998
v 3.7 3.9 0.0999998
v 3.7 4 0.0999998
v 3.8 2 0.0999998
v 3.8 2.1 0.0999998
v 3.8 2.4 0.0999998
v 3.8 2.5 0.0999998
v 3.8 2.9 0.0999998
v 3.8 3 0.0999998
v 3.8 3.2 0.0999998
v 3.8 3.5 0.0999998
v 3.8 3.6 0.0999998
v 3.8 3.8 0.0999998
v 3.8 3.9 0.0999998
v 3.9 2.1 0.0999998
v 3.9 2.2 0.0999998
v 3.9 2.3 0.0999998
v 3.9 2.4 0.0999998
v 3.9 3.1 0.0999998
v 3.9 3.2 0.0999998
v 3.9 3.3 0.0999998
v 3.9 3.6 0.0999998
v 3.9 3.7 0.0999998
v 3.9 3.8 0.0999998
v 4 2.2 0.0999998
v 4 2.3 0.0999998
v 4 2.9 0.0999998
v 4 3.1 0.0999998
v 4 3.2 0.0999998
v 4 3.3 0.0999998
v 4 3.6 0.0999998
v 4 3.7 0.0999998
v 4.1 2.3 0.0999998
v 4.1 2.4 0.0999998
v 4.1 2.9 0.0999998
v 4.1 3.1 0.0999998
v 4.1 3.5 0.0999998
v 4.1 3.6 0.0999998
v 4.2 2.4 0.0999998
v 4.2 2.5 0.0999998
v 4.2 2.6 0.0999998
v 4.2 3.4 0.0999998
v 4.2 3.5 0.0999998
v 4.3 3.3 0.0999998
v 4.3 3.4 0.0999998
v 4.4 3 0.0999998
v 4.4 3.1 0.0999998
v 4.5 3.1 0.0999998
v 4.5 3.2 0.0999998
v 4.7 2.9 0.0999998
v 4.7 3 0.0999998
v 4.7 3.1 0.0999998
v 4.7 3.3 0.0999998
v -4.7 0.4 0.3
v -4.7 1.2 0.3
v -4.7 1.7 0.3
v -4.7 2.1 0.3
v -4.7 2.7 0.3
v -4.7 3.3 0.3
v -4.4 0.4 0.3
v -4.4 1.2 0.3
v -4.4 1.7 0.3
v -4.4 2.1 0.3
v -4.4 2.7 0.3
v -4.4 3.3 0.3
v 0 4 0.3
v 0 4.7 0.3
v 0.0999999 4 0.3
v 0.0999999 4.7 0.3
v 4.4 2.9 0.3
v 4.4 3.3 0.3
v 4.7 2.9 0.3
v 4.7 3.3 0.3
v -4.7 0.4 -1.78814e-07
v -4.7 0.5 -1.78814e-07
v -4.7 0.6 -1.78814e-07
v -4.7 0.7 -1.78814e-07
v -4.7 0.8 -1.78814e-07
v -4.7 0.9 -1.78814e-07
v -4.7 1 -1.78814e-07
v -4.7 1.2 -1.78814e-07
v -4.7 2.7 -1.78814e-07
v -4.7 2.9 -1.78814e-07
v -4.7 3 -1.78814e-07
v -4.7 3.3 -1.78814e-07
v -4.6 1 -1.78814e-07
v -4.6 1.1 -1.78814e-07
v -4.5 0.4 -1.78814e-07
v -4.5 0.5 -1.78814e-07
v -4.5 0.6 -1.78814e-07
v -4.5 0.7 -1.78814e-07
v -4.5 1 -1.78814e-07
v -4.5 1.1 -1.78814e-07
v -4.4 0.3 -1.78814e-07
v -4.4 0.4 -1.78814e-07
v -4.4 0.5 -1.78814e-07
v -4.4 0.6 -1.78814e-07
v -4.4 0.7 -1.78814e-07
v -4.4 0.8 -1.78814e-07
v -4.3 0.3 -1.78814e-07
v -4.3 0.4 -1.78814e-07
v -4.3 0.7 -1.78814e-07
v -4.3 0.9 -1.78814e-07
v -4.3 3.3 -1.78814e-07
v -4.3 3.4 -1.78814e-07
v -4.2 0.2 -1.78814e-07
v -4.2 0.3 -1.78814e-07
v -4.2 0.4 -1.78814e-07
v -4.2 0.5 -1.78814e-07
v -4.2 0.6 -1.78814e-07
v -4.2 0.7 -1.78814e-07
v -4.2 1 -1.78814e-07
v -4.2 3.4 -1.78814e-07
v -4.2 3.5 -1.78814e-07
v -4.1 0.9 -1.78814e-07
v -4.1 1.2 -1.78814e-07
v -4.1 3.5 -1.78814e-07
v -4.1 3.6 -1.78814e-07
v -4 0.6 -1.78814e-07
v -4 0.7 -1.78814e-07
v -4 0.8 -1.78814e-07
v -4 0.9 -1.78814e-07
v -4 3.1 -1.78814e-07
v -4 3.4 -1.78814e-07
v -4 3.6 -1.78814e-07
v -4 3.7 -1.78814e-07
v -3.9 0.2 -1.78814e-07
v -3.9 0.3 -1.78814e-07
v -3.9 2.7 -1.78814e-07
v -3.9 2.9 -1.78814e-07
v -3.9 3 -1.78814e-07
v -3.9 3.1 -1.78814e-07
v -3.9 3.2 -1.78814e-07
v -3.9 3.3 -1.78814e-07
v -3.9 3.4 -1.78814e-07
v -3.9 3.5 -1.78814e-07
v -3.9 3.7 -1.78814e-07
v -3.9 3.8 -1.78814e-07
v -3.8 0.2 -1.78814e-07
v -3.8 0.3 -1.78814e-07
v -3.8 2.7 -1.78814e-07
v -3.8 3.2 -1.78814e-07
v -3.8 3.3 -1.78814e-07
v -3.8 3.4 -1.78814e-07
v -3.8 3.5 -1.78814e-07
v -3.8 3.6 -1.78814e-07
v -3.8 3.8 -1.78814e-07
v -3.8 3.9 -1.78814e-07
v -3.7 3.4 -1.78814e-07
v -3.7 3.6 -1.78814e-07
v -3.7 3.9 -1.78814e-07
v -3.7 4 -1.78814e-07
v -3.6 4 -1.78814e-07
v -3.6 4.1 -1.78814e-07
v -3.5 4.1 -1.78814e-07
v -3.5 4.2 -1.78814e-07
v -3.4 3.5 -1.78814e-07
v -3.4 3.6 -1.78814e-07
v -3.4 4.2 -1.78814e-07
v -3.4 4.3 -1.78814e-07
v -3.3 2.7 -1.78814e-07
v -3.3 3.3 -1.78814e-07
v -3.3 3.6 -1.78814e-07
v -3.3 3.7 -1.78814e-07
v -3.3 3.9 -1.78814e-07
v -3.3 4 -1.78814e-07
v -3.2 0.2 -1.78814e-07
v -3.2 0.3 -1.78814e-07
v -3.2 0.4 -1.78814e-07
v -3.2 0.5 -1.78814e-07
v -3.2 0.6 -1.78814e-07
v -3.2 0.8 -1.78814e-07
v -3.2 3.3 -1.78814e-07
v -3.2 3.4 -1.78814e-07
v -3.2 4 -1.78814e-07
v -3.2 4.1 -1.78814e-07
v -3.1 0.2 -1.78814e-07
v -3.1 0.3 -1.78814e-07
v -3.1 0.4 -1.78814e-07
v -3.1 0.5 -1.78814e-07
v -3.1 0.6 -1.78814e-07
v -3.1 0.8 -1.78814e-07
v -3.1 3.4 -1.78814e-07
v -3.1 3.5 -1.78814e-07
v -3 3.5 -1.78814e-07
v -3 3.6 -1.78814e-07
v -2.8 0.6 -1.78814e-07
v -2.8 0.8 -1.78814e-07
v -2.8 4 -1.78814e-07
v -2.8 4.1 -1.78814e-07
v -2.7 0.7 -1.78814e-07
v -2.7 0.8 -1.78814e-07
v -2.7 3.9 -1.78814e-07
v -2.7 4 -1.78814e-07
v -2.5 0.6 -1.78814e-07
v -2.5 0.7 -1.78814e-07
v -2.4 0.4 -1.78814e-07
v -2.4 0.5 -1.78814e-07
v -2.4 3.9 -1.78814e-07
v -2.4 4 -1.78814e-07
v -2.3 3.8 -1.78814e-07
v -2.3 3.9 -1.78814e-07
v -2.3 4 -1.78814e-07
v -2.3 4.1 -1.78814e-07
v -2.2 3.9 -1.78814e-07
v -2.2 4 -1.78814e-07
v -2.1 0.2 -1.78814e-07
v -2.1 0.3 -1.78814e-07
v -2.1 0.4 -1.78814e-07
v -2.1 0.5 -1.78814e-07
v -1.8 0.2 -1.78814e-07
v -1.8 0.3 -1.78814e-07
v -1.8 3.6 -1.78814e-07
v -1.8 3.8 -1.78814e-07
v -1.8 3.9 -1.78814e-07
v -1.8 4 -1.78814e-07
v -1.7 3.6 -1.78814e-07
v -1.7 3.9 -1.78814e-07
v -1.7 4 -1.78814e-07
v -1.7 4.3 -1.78814e-07
v -1.6 3.8 -1.78814e-07
v -1.6 3.9 -1.78814e-07
v -1.6 4.3 -1.78814e-07
v -1.4 3.9 -1.78814e-07
v -1.4 4 -1.78814e-07
v -1.3 3.8 -1.78814e-07
v -1.3 3.9 -1.78814e-07
v -1.1 0.2 -1.78814e-07
v -1.1 0.3 -1.78814e-07
v -1.1 0.4 -1.78814e-07
v -1.1 0.5 -1.78814e-07
v -1.1 0.6 -1.78814e-07
v -1.1 0.8 -1.78814e-07
v -1.1 3.7 -1.78814e-07
v -1.1 3.9 -1.78814e-07
v -1 3.8 -1.78814e-07
v -1 4 -1.78814e-07
v -0.9 3.6 -1.78814e-07
v -0.9 3.7 -1.78814e-07
v -0.9 3.8 -1.78814e-07
v -0.9 4.3 -1.78814e-07
v 0 0 -1.78814e-07
v 0 4.7 -1.78814e-07
v 0.0999999 0 -1.78814e-07
v 0.0999999 4.7 -1.78814e-07
v 0.7 0.2 -1.78814e-07
v 0.7 0.5 -1.78814e-07
v 0.7 0.6 -1.78814e-07
v 0.7 0.8 -1.78814e-07
v 0.7 0.9 -1.78814e-07
v 0.7 1 -1.78814e-07
v 0.9 3.6 -1.78814e-07
v 0.9 4.2 -1.78814e-07
v 0.9 4.3 -1.78814e-07
v 1 0.2 -1.78814e-07
v 1 0.3 -1.78814e-07
v 1 3.6 -1.78814e-07
v 1 3.8 -1.78814e-07
v 1 4.1 -1.78814e-07
v 1 4.2 -1.78814e-07
v 1.1 0.3 -1.78814e-07
v 1.1 0.4 -1.78814e-07
v 1.1 3.6 -1.78814e-07
v 1.1 3.7 -1.78814e-07
v 1.1 4.2 -1.78814e-07
v 1.1 4.3 -1.78814e-07
v 1.2 0.2 -1.78814e-07
v 1.2 0.3 -1.78814e-07
v 1.2 0.4 -1.78814e-07
v 1.2 0.5 -1.78814e-07
v 1.2 3.8 -1.78814e-07
v 1.2 3.9 -1.78814e-07
v 1.2 4 -1.78814e-07
v 1.2 4.1 -1.78814e-07
v 1.3 0.3 -1.78814e-07
v 1.3 0.4 -1.78814e-07
v 1.3 3.7 -1.78814e-07
v 1.3 3.8 -1.78814e-07
v 1.3 3.9 -1.78814e-07
v 1.3 4 -1.78814e-07
v 1.4 0.4 -1.78814e-07
v 1.4 0.5 -1.78814e-07
v 1.4 0.6 -1.78814e-07
v 1.4 0.7 -1.78814e-07
v 1.4 3.7 -1.78814e-07
v 1.4 3.8 -1.78814e-07
v 1.4 4.1 -1.78814e-07
v 1.5 0.4 -1.78814e-07
v 1.5 0.5 -1.78814e-07
v 1.6 0.7 -1.78814e-07
v 1.6 0.8 -1.78814e-07
v 1.6 4 -1.78814e-07
v 1.6 4.1 -1.78814e-07
v 1.7 0.5 -1.78814e-07
v 1.7 0.8 -1.78814e-07
v 1.7 3.8 -1.78814e-07
v 1.7 3.9 -1.78814e-07
v 1.7 4.1 -1.78814e-07
v 1.7 4.2 -1.78814e-07
v 1.8 0.2 -1.78814e-07
v 1.8 0.3 -1.78814e-07
v 1.8 2.4 -1.78814e-07
v 1.8 2.6 -1.78814e-07
v 1.8 3.7 -1.78814e-07
v 1.8 3.8 -1.78814e-07
v 1.9 0.3 -1.78814e-07
v 1.9 0.4 -1.78814e-07
v 1.9 2.3 -1.78814e-07
v 1.9 2.4 -1.78814e-07
v 2 0.4 -1.78814e-07
v 2 0.5 -1.78814e-07
v 2 2.1 -1.78814e-07
v 2 2.3 -1.78814e-07
v 2 2.5 -1.78814e-07
v 2 2.6 -1.78814e-07
v 2 4.1 -1.78814e-07
v 2 4.2 -1.78814e-07
v 2.1 0.5 -1.78814e-07
v 2.1 0.6 -1.78814e-07
v 2.1 0.9 -1.78814e-07
v 2.1 1 -1.78814e-07
v 2.1 1.9 -1.78814e-07
v 2.1 2.1 -1.78814e-07
v 2.1 2.3 -1.78814e-07
v 2.1 2.5 -1.78814e-07
v 2.1 4 -1.78814e-07
v 2.1 4.1 -1.78814e-07
v 2.2 1.7 -1.78814e-07
v 2.2 1.9 -1.78814e-07
v 2.2 2.2 -1.78814e-07
v 2.2 2.3 -1.78814e-07
v 2.2 2.4 -1.78814e-07
v 2.2 2.6 -1.78814e-07
v 2.2 3.7 -1.78814e-07
v 2.2 3.8 -1.78814e-07
v 2.3 0.9 -1.78814e-07
v 2.3 1 -1.78814e-07
v 2.3 1.5 -1.78814e-07
v 2.3 1.7 -1.78814e-07
v 2.3 2.1 -1.78814e-07
v 2.3 2.2 -1.78814e-07
v 2.3 2.3 -1.78814e-07
v 2.3 2.4 -1.78814e-07
v 2.3 3.8 -1.78814e-07
v 2.3 3.9 -1.78814e-07
v 2.3 4 -1.78814e-07
v 2.3 4.1 -1.78814e-07
v 2.4 0.7 -1.78814e-07
v 2.4 0.8 -1.78814e-07
v 2.4 1.4 -1.78814e-07
v 2.4 1.5 -1.78814e-07
v 2.4 2 -1.78814e-07
v 2.4 2.1 -1.78814e-07
v 2.4 2.2 -1.78814e-07
v 2.4 2.3 -1.78814e-07
v 2.4 3.6 -1.78814e-07
v 2.4 3.7 -1.78814e-07
v 2.4 3.8 -1.78814e-07
v 2.4 3.9 -1.78814e-07
v 2.4 4.1 -1.78814e-07
v 2.4 4.2 -1.78814e-07
v 2.5 1.4 -1.78814e-07
v 2.5 2 -1.78814e-07
v 2.5 2.2 -1.78814e-07
v 2.5 2.6 -1.78814e-07
v 2.5 3.6 -1.78814e-07
v 2.5 3.8 -1.78814e-07
v 2.5 3.9 -1.78814e-07
v 2.5 4 -1.78814e-07
v 2.5 4.1 -1.78814e-07
v 2.5 4.2 -1.78814e-07
v 2.6 0.6 -1.78814e-07
v 2.6 0.7 -1.78814e-07
v 2.6 1.4 -1.78814e-07
v 2.6 2.6 -1.78814e-07
v 2.6 3.8 -1.78814e-07
v 2.6 3.9 -1.78814e-07
v 2.6 4.2 -1.78814e-07
v 2.6 4.3 -1.78814e-07
v 2.7 0.7 -1.78814e-07
v 2.7 0.8 -1.78814e-07
v 2.7 3.8 -1.78814e-07
v 2.7 3.9 -1.78814e-07
v 2.7 4 -1.78814e-07
v 2.7 4.3 -1.78814e-07
v 2.8 0.6 -1.78814e-07
v 2.8 0.7 -1.78814e-07
v 2.8 1.4 -1.78814e-07
v 2.8 2.6 -1.78814e-07
v 2.8 3.9 -1.78814e-07
v 2.8 4 -1.78814e-07
v 2.9 1.4 -1.78814e-07
v 2.9 1.7 -1.78814e-07
v 2.9 1.9 -1.78814e-07
v 2.9 2.1 -1.78814e-07
v 2.9 2.2 -1.78814e-07
v 2.9 2.6 -1.78814e-07
v 3 1.6 -1.78814e-07
v 3 1.7 -1.78814e-07
v 3 1.8 -1.78814e-07
v 3 1.9 -1.78814e-07
v 3 2.2 -1.78814e-07
v 3 2.3 -1.78814e-07
v 3 3.5 -1.78814e-07
v 3 3.6 -1.78814e-07
v 3.1 1.5 -1.78814e-07
v 3.1 1.6 -1.78814e-07
v 3.1 1.7 -1.78814e-07
v 3.1 1.8 -1.78814e-07
v 3.1 2.1 -1.78814e-07
v 3.1 2.2 -1.78814e-07
v 3.1 3.4 -1.78814e-07
v 3.1 3.5 -1.78814e-07
v 3.2 0.6 -1.78814e-07
v 3.2 0.8 -1.78814e-07
v 3.2 0.9 -1.78814e-07
v 3.2 1 -1.78814e-07
v 3.2 1.4 -1.78814e-07
v 3.2 1.5 -1.78814e-07
v 3.2 1.7 -1.78814e-07
v 3.2 3.3 -1.78814e-07
v 3.2 3.4 -1.78814e-07
v 3.2 3.7 -1.78814e-07
v 3.2 3.8 -1.78814e-07
v 3.2 3.9 -1.78814e-07
v 3.2 4 -1.78814e-07
v 3.3 1.5 -1.78814e-07
v 3.3 1.6 -1.78814e-07
v 3.3 3 -1.78814e-07
v 3.3 3.3 -1.78814e-07
v 3.3 3.6 -1.78814e-07
v 3.3 3.7 -1.78814e-07
v 3.3 3.8 -1.78814e-07
v 3.3 3.9 -1.78814e-07
v 3.4 1.6 -1.78814e-07
v 3.4 1.7 -1.78814e-07
v 3.4 2.9 -1.78814e-07
v 3.4 3 -1.78814e-07
v 3.4 3.4 -1.78814e-07
v 3.4 3.6 -1.78814e-07
v 3.4 3.8 -1.78814e-07
v 3.4 3.9 -1.78814e-07
v 3.4 4.2 -1.78814e-07
v 3.4 4.3 -1.78814e-07
v 3.5 1.7 -1.78814e-07
v 3.5 1.8 -1.78814e-07
v 3.5 3.1 -1.78814e-07
v 3.5 3.4 -1.78814e-07
v 3.5 3.5 -1.78814e-07
v 3.5 3.6 -1.78814e-07
v 3.5 3.9 -1.78814e-07
v 3.5 4 -1.78814e-07
v 3.5 4.1 -1.78814e-07
v 3.5 4.2 -1.78814e-07
v 3.6 1.8 -1.78814e-07
v 3.6 1.9 -1.78814e-07
v 3.6 2.3 -1.78814e-07
v 3.6 2.4 -1.78814e-07
v 3.6 2.9 -1.78814e-07
v 3.6 3.1 -1.78814e-07
v 3.6 3.2 -1.78814e-07
v 3.6 3.5 -1.78814e-07
v 3.6 3.7 -1.78814e-07
v 3.6 3.8 -1.78814e-07
v 3.6 4 -1.78814e-07
v 3.6 4.1 -1.78814e-07
v 3.7 1.9 -1.78814e-07
v 3.7 2 -1.78814e-07
v 3.7 2.2 -1.78814e-07
v 3.7 2.3 -1.78814e-07
v 3.7 3 -1.78814e-07
v 3.7 3.2 -1.78814e-07
v 3.7 3.5 -1.78814e-07
v 3.7 3.7 -1.78814e-07
v 3.7 3.9 -1.78814e-07
v 3.7 4 -1.78814e-07
v 3.8 2 -1.78814e-07
v 3.8 2.1 -1.78814e-07
v 3.8 2.4 -1.78814e-07
v 3.8 2.5 -1.78814e-07
v 3.8 2.9 -1.78814e-07
v 3.8 3 -1.78814e-07
v 3.8 3.2 -1.78814e-07
v 3.8 3.5 -1.78814e-07
v 3.8 3.6 -1.78814e-07
v 3.8 3.8 -1.78814e-07
v 3.8 3.9 -1.78814e-07
v 3.9 2.1 -1.78814e-07
v 3.9 2.2 -1.78814e-07
v 3.9 2.3 -1.78814e-07
v 3.9 2.4 -1.78814e-07
v 3.9 3.1 -1.78814e-07
v 3.9 3.2 -1.78814e-07
v 3.9 3.3 -1.78814e-07
v 3.9 3.6 -1.78814e-07
v 3.9 3.7 -1.78814e-07
v 3.9 3.8 -1.78814e-07
v 4 2.2 -1.78814e-07
v 4 2.3 -1.78814e-07
v 4 2.9 -1.78814e-07
v 4 3.1 -1.78814e-07
v 4 3.2 -1.78814e-07
v 4 3.3 -1.78814e-07
v 4 3.6 -1.78814e-07
v 4 3.7 -1.78814e-07
v 4.1 2.3 -1.78814e-07
v 4.1 2.4 -1.78814e-07
v 4.1 2.9 -1.78814e-07
v 4.1 3.1 -1.78814e-07
v 4.1 3.5 -1.78814e-07
v 4.1 3.6 -1.78814e-07
v 4.2 2.4 -1.78814e-07
v 4.2 2.5 -1.78814e-07
v 4.2 2.6 -1.78814e-07
v 4.2 3.4 -1.78814e-07
v 4.2 3.5 -1.78814e-07
v 4.3 3.3 -1.78814e-07
v 4.3 3.4 -1.78814e-07
v 4.4 3 -1.78814e-07
v 4.4 3.1 -1.78814e-07
v 4.5 3.1 -1.78814e-07
v 4.5 3.2 -1.78814e-07
v 4.7 2.9 -1.78814e-07
v 4.7 3 -1.78814e-07
v 4.7 3.1 -1.78814e-07
v 4.7 3.3 -1.78814e-07
v -4.7 0 -0.2
v -4.7 0.4 -0.2
v -4.7 1.2 -0.2
v -4.7 2.7 -0.2
v -4.7 3.3 -0.2
v -4.7 3.5 -0.2
v -4.6 3.5 -0.2
v -4.6 3.6 -0.2
v -4.5 3.6 -0.2
v -4.5 3.7 -0.2
v -4.4 0.3 -0.2
v -4.4 0.4 -0.2
v -4.4 3.7 -0.2
v -4.4 3.8 -0.2
v -4.3 3.3 -0.2
v -4.3 3.4 -0.2
v -4.3 3.8 -0.2
v -4.3 3.9 -0.2
v -4.2 0.2 -0.2
v -4.2 0.3 -0.2
v -4.2 3.4 -0.2
v -4.2 3.5 -0.2
v -4.2 3.9 -0.2
v -4.2 4 -0.2
v -4.1 0.9 -0.2
v -4.1 1.2 -0.2
v -4.1 3.5 -0.2
v -4.1 3.6 -0.2
v -4.1 4 -0.2
v -4.1 4.1 -0.2
v -4 0.8 -0.2
v -4 0.9 -0.2
v -4 3.6 -0.2
v -4 3.7 -0.2
v -4 4.1 -0.2
v -4 4.2 -0.2
v -3.9 3.7 -0.2
v -3.9 3.8 -0.2
v -3.9 4.2 -0.2
v -3.9 4.3 -0.2
v -3.8 3.8 -0.2
v -3.8 3.9 -0.2
v -3.8 4.3 -0.2
v -3.8 4.4 -0.2
v -3.7 3.9 -0.2
v -3.7 4 -0.2
v -3.7 4.4 -0.2
v -3.7 4.5 -0.2
v -3.6 4 -0.2
v -3.6 4.1 -0.2
v -3.6 4.5 -0.2
v -3.6 4.6 -0.2
v -3.5 4.1 -0.2
v -3.5 4.2 -0.2
v -3.5 4.6 -0.2
v -3.5 4.7 -0.2
v -3.4 4.2 -0.2
v -3.4 4.3 -0.2
v -3.3 2.7 -0.2
v -3.3 3.3 -0.2
v -3.2 3.3 -0.2
v -3.2 3.4 -0.2
v -3.1 3.4 -0.2
v -3.1 3.5 -0.2
v -3 3.5 -0.2
v -3 3.6 -0.2
v -1.1 0.2 -0.2
v -1.1 0.8 -0.2
v -0.9 3.6 -0.2
v -0.9 4.3 -0.2
v 0 0 -0.2
v 0 4.7 -0.2
v 0.0999999 0 -0.2
v 0.0999999 4.7 -0.2
v 0.7 0.2 -0.2
v 0.7 1 -0.2
v 0.9 3.6 -0.2
v 0.9 4.3 -0.2
v 1.8 0.2 -0.2
v 1.8 0.3 -0.2
v 1.8 2.4 -0.2
v 1.8 2.6 -0.2
v 1.9 0.3 -0.2
v 1.9 0.4 -0.2
v 1.9 2.3 -0.2
v 1.9 2.4 -0.2
v 2 0.4 -0.2
v 2 0.5 -0.2
v 2 2.1 -0.2
v 2 2.3 -0.2
v 2.1 0.5 -0.2
v 2.1 0.6 -0.2
v 2.1 1.9 -0.2
v 2.1 2.1 -0.2
v 2.2 1.7 -0.2
v 2.2 1.9 -0.2
v 2.3 1.5 -0.2
v 2.3 1.7 -0.2
v 2.4 1.4 -0.2
v 2.4 1.5 -0.2
v 3 3.5 -0.2
v 3 3.6 -0.2
v 3.1 3.4 -0.2
v 3.1 3.5 -0.2
v 3.2 0.6 -0.2
v 3.2 1 -0.2
v 3.2 1.4 -0.2
v 3.2 1.5 -0.2
v 3.2 3.3 -0.2
v 3.2 3.4 -0.2
v 3.3 1.5 -0.2
v 3.3 1.6 -0.2
v 3.3 3 -0.2
v 3.3 3.3 -0.2
v 3.4 1.6 -0.2
v 3.4 1.7 -0.2
v 3.4 2.9 -0.2
v 3.4 3 -0.2
v 3.4 4.2 -0.2
v 3.4 4.3 -0.2
v 3.5 1.7 -0.2
v 3.5 1.8 -0.2
v 3.5 4.1 -0.2
v 3.5 4.2 -0.2
v 3.5 4.6 -0.2
v 3.5 4.7 -0.2
v 3.6 1.8 -0.2
v 3.6 1.9 -0.2
v 3.6 4 -0.2
v 3.6 4.1 -0.2
v 3.6 4.5 -0.2
v 3.6 4.6 -0.2
v 3.7 1.9 -0.2
v 3.7 2 -0.2
v 3.7 3.9 -0.2
v 3.7 4 -0.2
v 3.7 4.4 -0.2
v 3.7 4.5 -0.2
v 3.8 2 -0.2
v 3.8 2.1 -0.2
v 3.8 3.8 -0.2
v 3.8 3.9 -0.2
v 3.8 4.3 -0.2
v 3.8 4.4 -0.2
v 3.9 2.1 -0.2
v 3.9 2.2 -0.2
v 3.9 3.7 -0.2
v 3.9 3.8 -0.2
v 3.9 4.2 -0.2
v 3.9 4.3 -0.2
v 4 2.2 -0.2
v 4 2.3 -0.2
v 4 3.6 -0.2
v 4 3.7 -0.2
v 4 4.1 -0.2
v 4 4.2 -0.2
v 4.1 2.3 -0.2
v 4.1 2.4 -0.2
v 4.1 3.5 -0.2
v 4.1 3.6 -0.2
v 4.1 4 -0.2
v 4.1 4.1 -0.2
v 4.2 2.4 -0.2
v 4.2 2.6 -0.2
v 4.2 3.4 -0.2
v 4.2 3.5 -0.2
v 4.2 3.9 -0.2
v 4.2 4 -0.2
v 4.3 3.3 -0.2
v 4.3 3.4 -0.2
v 4.3 3.8 -0.2
v 4.3 3.9 -0.2
v 4.4 3.7 -0.2
v 4.4 3.8 -0.2
v 4.5 3.6 -0.2
v 4.5 3.7 -0.2
v 4.6 3.5 -0.2
v 4.6 3.6 -0.2
v 4.7 0 -0.2
v 4.7 2.9 -0.2
v 4.7 3.3 -0.2
v 4.7 3.5 -0.2
v -4.7 0 0.6
v -4.4 0 0.6
v 4.4 0 0.6
v 4.7 0 0.6
v -4.7 0 0.3
v -4.4 0 0.3
v 0 0 0.3
v 0.0999999 0 0.3
v 4.4 0 0.3
v 4.7 0 0.3
v 0 0 0.0999998
v 0.0999999 0 0.0999998
v 0 0 -1.78814e-07
v 0.0999999 0 -1.78814e-07
v -4.7 0 -0.2
v 0 0 -0.2
v 0.0999999 0 -0.2
v 4.7 0 -0.2
v -4 0.8 0.3
v -1.1 0.8 0.3
v -4 0.8 0.0999998
v -3.2 0.8 0.0999998
v -3.1 0.8 0.0999998
v -2.8 0.8 0.0999998
v -2.7 0.8 0.0999998
v -1.1 0.8 0.0999998
v -4 0.8 -1.78814e-07
v -3.2 0.8 -1.78814e-07
v -3.1 0.8 -1.78814e-07
v -2.8 0.8 -1.78814e-07
v -2.7 0.8 -1.78814e-07
v -1.1 0.8 -1.78814e-07
v -4 0.8 -0.2
v -1.1 0.8 -0.2
v -4.1 0.9 0.3
v -4 0.9 0.3
v -4.1 0.9 0.0999998
v -4 0.9 0.0999998
v -4.1 0.9 -1.78814e-07
v -4 0.9 -1.78814e-07
v -4.1 0.9 -0.2
v -4 0.9 -0.2
v 0.7 1 0.3
v 3.2 1 0.3
v 0.7 1 0.0999998
v 2.1 1 0.0999998
v 2.3 1 0.0999998
v 3.2 1 0.0999998
v 0.7 1 -1.78814e-07
v 2.1 1 -1.78814e-07
v 2.3 1 -1.78814e-07
v 3.2 1 -1.78814e-07
v 0.7 1 -0.2
v 3.2 1 -0.2
v -4.7 1.2 0.3
v -4.4 1.2 0.3
v -4.1 1.2 0.3
v -4.7 1.2 0.0999998
v -4.1 1.2 0.0999998
v -4.7 1.2 -1.78814e-07
v -4.1 1.2 -1.78814e-07
v -4.7 1.2 -0.2
v -4.1 1.2 -0.2
v 0 1.4 0.2
v 0.0999999 1.4 0.2
v 0 1.4 0.0999998
v 0.0999999 1.4 0.0999998
v -1.3 1.6 0.3
v -1.2 1.6 0.3
v -0.5 1.6 0.3
v -0.4 1.6 0.3
v 0.5 1.6 0.3
v 0.6 1.6 0.3
v 1.3 1.6 0.3
v 1.4 1.6 0.3
v -1.3 1.6 0.2
v -1.2 1.6 0.2
v -0.5 1.6 0.2
v -0.4 1.6 0.2
v 0.5 1.6 0.2
v 0.6 1.6 0.2
v 1.3 1.6 0.2
v 1.4 1.6 0.2
v -1.2 1.8 0.3
v -1.1 1.8 0.3
v -0.6 1.8 0.3
v -0.5 1.8 0.3
v 0.6 1.8 0.3
v 0.7 1.8 0.3
v 1.2 1.8 0.3
v 1.3 1.8 0.3
v -1.2 1.8 0.2
v -1.1 1.8 0.2
v -0.6 1.8 0.2
v -0.5 1.8 0.2
v 0.6 1.8 0.2
v 0.7 1.8 0.2
v 1.2 1.8 0.2
v 1.3 1.8 0.2
v -1.1 2 0.3
v -1 2 0.3
v -0.7 2 0.3
v -0.6 2 0.3
v 0.7 2 0.3
v 0.8 2 0.3
v 1.1 2 0.3
v 1.2 2 0.3
v -1.1 2 0.2
v -1 2 0.2
v -0.7 2 0.2
v -0.6 2 0.2
v 0.7 2 0.2
v 0.8 2 0.2
v 1.1 2 0.2
v 1.2 2 0.2
v -4.7 2.1 0.3
v -4.4 2.1 0.3
v -3.7 2.1 0.3
v -3.5 2.1 0.3
v -2.5 2.1 0.3
v -2.3 2.1 0.3
v -1.1 2.1 0.3
v -4.7 2.1 0.2
v -4.5 2.1 0.2
v -3.7 2.1 0.2
v -3.5 2.1 0.2
v -3.3 2.1 0.2
v -3.1 2.1 0.2
v -2.5 2.1 0.2
v -2.3 2.1 0.2
v -2.2 2.1 0.2
v -1.1 2.1 0.2
v -1 2.2 0.3
v -0.9 2.2 0.3
v -0.8 2.2 0.3
v -0.7 2.2 0.3
v 0.8 2.2 0.3
v 0.9 2.2 0.3
v 1 2.2 0.3
v 1.1 2.2 0.3
v -1 2.2 0.2
v -0.9 2.2 0.2
v -0.8 2.2 0.2
v -0.7 2.2 0.2
v 0.8 2.2 0.2
v 0.9 2.2 0.2
v 1 2.2 0.2
v 1.1 2.2 0.2
v -0.9 2.4 0.3
v -0.8 2.4 0.3
v -0.5 2.4 0.3
v 0 2.4 0.3
v 0.0999999 2.4 0.3
v 0.6 2.4 0.3
v 0.9 2.4 0.3
v 1 2.4 0.3
v -0.9 2.4 0.2
v -0.8 2.4 0.2
v -0.5 2.4 0.2
v -0.4 2.4 0.2
v -0.2 2.4 0.2
v -0.0999999 2.4 0.2
v 0 2.4 0.2
v 0.0999999 2.4 0.2
v 0.3 2.4 0.2
v 0.4 2.4 0.2
v 0.5 2.4 0.2
v 0.6 2.4 0.2
v 0.9 2.4 0.2
v 1 2.4 0.2
v 1.8 2.6 0.3
v 4.2 2.6 0.3
v 1.8 2.6 0.0999998
v 2 2.6 0.0999998
v 2.2 2.6 0.0999998
v 2.5 2.6 0.0999998
v 2.6 2.6 0.0999998
v 2.8 2.6 0.0999998
v 2.9 2.6 0.0999998
v 4.2 2.6 0.0999998
v 1.8 2.6 -1.78814e-07
v 2 2.6 -1.78814e-07
v 2.2 2.6 -1.78814e-07
v 2.5 2.6 -1.78814e-07
v 2.6 2.6 -1.78814e-07
v 2.8 2.6 -1.78814e-07
v 2.9 2.6 -1.78814e-07
v 4.2 2.6 -1.78814e-07
v 1.8 2.6 -0.2
v 4.2 2.6 -0.2
v -4.7 3.3 0.3
v -4.4 3.3 0.3
v -4.3 3.3 0.3
v 4.3 3.3 0.3
v 4.4 3.3 0.3
v 4.7 3.3 0.3
v -4.7 3.3 0.0999998
v -4.3 3.3 0.0999998
v 4.3 3.3 0.0999998
v 4.7 3.3 0.0999998
v -4.7 3.3 -1.78814e-07
v -4.3 3.3 -1.78814e-07
v 4.3 3.3 -1.78814e-07
v 4.7 3.3 -1.78814e-07
v -4.7 3.3 -0.2
v -4.3 3.3 -0.2
v 4.3 3.3 -0.2
v 4.7 3.3 -0.2
v -4.3 3.4 0.3
v -4.2 3.4 0.3
v 4.2 3.4 0.3
v 4.3 3.4 0.3
v -4.3 3.4 0.0999998
v -4.2 3.4 0.0999998
v 4.2 3.4 0.0999998
v 4.3 3.4 0.0999998
v -4.3 3.4 -1.78814e-07
v -4.2 3.4 -1.78814e-07
v 4.2 3.4 -1.78814e-07
v 4.3 3.4 -1.78814e-07
v -4.3 3.4 -0.2
v -4.2 3.4 -0.2
v 4.2 3.4 -0.2
v 4.3 3.4 -0.2
v -4.4 3.5 0.6
v -4.3 3.5 0.6
v 4.3 3.5 0.6
v 4.4 3.5 0.6
v -4.4 3.5 0.3
v -4.3 3.5 0.3
v -4.2 3.5 0.3
v -4.1 3.5 0.3
v 4.1 3.5 0.3
v 4.2 3.5 0.3
v 4.3 3.5 0.3
v 4.4 3.5 0.3
v -4.2 3.5 0.0999998
v -4.1 3.5 0.0999998
v 4.1 3.5 0.0999998
v 4.2 3.5 0.0999998
v -4.2 3.5 -1.78814e-07
v -4.1 3.5 -1.78814e-07
v 4.1 3.5 -1.78814e-07
v 4.2 3.5 -1.78814e-07
v -4.2 3.5 -0.2
v -4.1 3.5 -0.2
v 4.1 3.5 -0.2
v 4.2 3.5 -0.2
v -4.3 3.6 0.6
v -4.2 3.6 0.6
v 4.2 3.6 0.6
v 4.3 3.6 0.6
v -4.3 3.6 0.3
v -4.2 3.6 0.3
v -4.1 3.6 0.3
v -4 3.6 0.3
v 4 3.6 0.3
v 4.1 3.6 0.3
v 4.2 3.6 0.3
v 4.3 3.6 0.3
v -4.1 3.6 0.0999998
v -4 3.6 0.0999998
v 4 3.6 0.0999998
v 4.1 3.6 0.0999998
v -4.1 3.6 -1.78814e-07
v -4 3.6 -1.78814e-07
v 4 3.6 -1.78814e-07
v 4.1 3.6 -1.78814e-07
v -4.1 3.6 -0.2
v -4 3.6 -0.2
v 4 3.6 -0.2
v 4.1 3.6 -0.2
v -4.2 3.7 0.6
v -4.1 3.7 0.6
v 4.1 3.7 0.6
v 4.2 3.7 0.6
v -4.2 3.7 0.3
v -4.1 3.7 0.3
v -4 3.7 0.3
v -3.9 3.7 0.3
v 3.9 3.7 0.3
v 4 3.7 0.3
v 4.1 3.7 0.3
v 4.2 3.7 0.3
v -4 3.7 0.0999998
v -3.9 3.7 0.0999998
v 3.9 3.7 0.0999998
v 4 3.7 0.0999998
v -4 3.7 -1.78814e-07
v -3.9 3.7 -1.78814e-07
v 3.9 3.7 -1.78814e-07
v 4 3.7 -1.78814e-07
v -4 3.7 -0.2
v -3.9 3.7 -0.2
v 3.9 3.7 -0.2
v 4 3.7 -0.2
v -4.1 3.8 0.6
v -4 3.8 0.6
v 4 3.8 0.6
v 4.1 3.8 0.6
v -4.1 3.8 0.3
v -4 3.8 0.3
v -3.9 3.8 0.3
v -3.8 3.8 0.3
v 3.8 3.8 0.3
v 3.9 3.8 0.3
v 4 3.8 0.3
v 4.1 3.8 0.3
v -3.9 3.8 0.0999998
v -3.8 3.8 0.0999998
v 3.8 3.8 0.0999998
v 3.9 3.8 0.0999998
v -3.9 3.8 -1.78814e-07
v -3.8 3.8 -1.78814e-07
v 3.8 3.8 -1.78814e-07
v 3.9 3.8 -1.78814e-07
v -3.9 3.8 -0.2
v -3.8 3.8 -0.2
v 3.8 3.8 -0.2
v 3.9 3.8 -0.2
v -4 3.9 0.6
v -3.9 3.9 0.6
v 3.9 3.9 0.6
v 4 3.9 0.6
v -4 3.9 0.3
v -3.9 3.9 0.3
v -3.8 3.9 0.3
v -3.7 3.9 0.3
v 3.7 3.9 0.3
v 3.8 3.9 0.3
v 3.9 3.9 0.3
v 4 3.9 0.3
v -3.8 3.9 0.0999998
v -3.7 3.9 0.0999998
v 3.7 3.9 0.0999998
v 3.8 3.9 0.0999998
v -3.8 3.9 -1.78814e-07
v -3.7 3.9 -1.78814e-07
v 3.7 3.9 -1.78814e-07
v 3.8 3.9 -1.78814e-07
v -3.8 3.9 -0.2
v -3.7 3.9 -0.2
v 3.7 3.9 -0.2
v 3.8 3.9 -0.2
v -3.9 4 0.6
v -3.8 4 0.6
v -0.5 4 0.6
v 0.5 4 0.6
v 3.8 4 0.6
v 3.9 4 0.6
v -3.9 4 0.3
v -3.8 4 0.3
v -3.7 4 0.3
v -3.6 4 0.3
v -0.5 4 0.3
v 0 4 0.3
v 0.0999999 4 0.3
v 0.5 4 0.3
v 3.6 4 0.3
v 3.7 4 0.3
v 3.8 4 0.3
v 3.9 4 0.3
v -3.7 4 0.0999998
v -3.6 4 0.0999998
v 3.6 4 0.0999998
v 3.7 4 0.0999998
v -3.7 4 -1.78814e-07
v -3.6 4 -1.78814e-07
v 3.6 4 -1.78814e-07
v 3.7 4 -1.78814e-07
v -3.7 4 -0.2
v -3.6 4 -0.2
v 3.6 4 -0.2
v 3.7 4 -0.2
v -3.8 4.1 0.6
v -3.7 4.1 0.6
v -0.7 4.1 0.6
v -0.5 4.1 0.6
v 0.5 4.1 0.6
v 0.7 4.1 0.6
v 3.7 4.1 0.6
v 3.8 4.1 0.6
v -3.8 4.1 0.3
v -3.7 4.1 0.3
v -3.6 4.1 0.3
v -3.5 4.1 0.3
v -0.7 4.1 0.3
v -0.5 4.1 0.3
v 0.5 4.1 0.3
v 0.7 4.1 0.3
v 3.5 4.1 0.3
v 3.6 4.1 0.3
v 3.7 4.1 0.3
v 3.8 4.1 0.3
v -3.6 4.1 0.0999998
v -3.5 4.1 0.0999998
v 3.5 4.1 0.0999998
v 3.6 4.1 0.0999998
v -3.6 4.1 -1.78814e-07
v -3.5 4.1 -1.78814e-07
v 3.5 4.1 -1.78814e-07
v 3.6 4.1 -1.78814e-07
v -3.6 4.1 -0.2
v -3.5 4.1 -0.2
v 3.5 4.1 -0.2
v 3.6 4.1 -0.2
v -3.7 4.2 0.6
v -3.6 4.2 0.6
v -0.8 4.2 0.6
v -0.7 4.2 0.6
v 0.7 4.2 0.6
v 0.8 4.2 0.6
v 3.6 4.2 0.6
v 3.7 4.2 0.6
v -3.7 4.2 0.3
v -3.6 4.2 0.3
v -3.5 4.2 0.3
v -3.4 4.2 0.3
v -0.8 4.2 0.3
v -0.7 4.2 0.3
v 0.7 4.2 0.3
v 0.8 4.2 0.3
v 3.4 4.2 0.3
v 3.5 4.2 0.3
v 3.6 4.2 0.3
v 3.7 4.2 0.3
v -3.5 4.2 0.0999998
v -3.4 4.2 0.0999998
v 3.4 4.2 0.0999998
v 3.5 4.2 0.0999998
v -3.5 4.2 -1.78814e-07
v -3.4 4.2 -1.78814e-07
v 3.4 4.2 -1.78814e-07
v 3.5 4.2 -1.78814e-07
v -3.5 4.2 -0.2
v -3.4 4.2 -0.2
v 3.4 4.2 -0.2
v 3.5 4.2 -0.2
v -3.6 4.3 0.6
v -3.5 4.3 0.6
v 3.5 4.3 0.6
v 3.6 4.3 0.6
v -3.6 4.3 0.3
v -3.5 4.3 0.3
v -3.4 4.3 0.3
v -0.9 4.3 0.3
v 0.9 4.3 0.3
v 3.4 4.3 0.3
v 3.5 4.3 0.3
v 3.6 4.3 0.3
v -3.4 4.3 0.0999998
v -1.7 4.3 0.0999998
v -1.6 4.3 0.0999998
v -0.9 4.3 0.0999998
v 0.9 4.3 0.0999998
v 1.1 4.3 0.0999998
v 2.6 4.3 0.0999998
v 2.7 4.3 0.0999998
v 3.4 4.3 0.0999998
v -3.4 4.3 -1.78814e-07
v -1.7 4.3 -1.78814e-07
v -1.6 4.3 -1.78814e-07
v -0.9 4.3 -1.78814e-07
v 0.9 4.3 -1.78814e-07
v 1.1 4.3 -1.78814e-07
v 2.6 4.3 -1.78814e-07
v 2.7 4.3 -1.78814e-07
v 3.4 4.3 -1.78814e-07
v -3.4 4.3 -0.2
v -0.9 4.3 -0.2
v 0.9 4.3 -0.2
v 3.4 4.3 -0.2
v -3.5 4.4 0.6
v -0.8 4.4 0.6
v 0.8 4.4 0.6
v 3.5 4.4 0.6
v -3.5 4.4 0.3
v -0.8 4.4 0.3
v 0.8 4.4 0.3
v 3.5 4.4 0.3
v -4.2 0.2 0.3
v -1.1 0.2 0.3
v 0.7 0.2 0.3
v 1.8 0.2 0.3
v -4.2 0.2 0.0999998
v -3.9 0.2 0.0999998
v -3.8 0.2 0.0999998
v -3.2 0.2 0.0999998
v -3.1 0.2 0.0999998
v -2.1 0.2 0.0999998
v -1.8 0.2 0.0999998
v -1.1 0.2 0.0999998
v 0.7 0.2 0.0999998
v 1 0.2 0.0999998
v 1.2 0.2 0.0999998
v 1.8 0.2 0.0999998
v -4.2 0.2 -1.78814e-07
v -3.9 0.2 -1.78814e-07
v -3.8 0.2 -1.78814e-07
v -3.2 0.2 -1.78814e-07
v -3.1 0.2 -1.78814e-07
v -2.1 0.2 -1.78814e-07
v -1.8 0.2 -1.78814e-07
v -1.1 0.2 -1.78814e-07
v 0.7 0.2 -1.78814e-07
v 1 0.2 -1.78814e-07
v 1.2 0.2 -1.78814e-07
v 1.8 0.2 -1.78814e-07
v -4.2 0.2 -0.2
v -1.1 0.2 -0.2
v 0.7 0.2 -0.2
v 1.8 0.2 -0.2
v -4.4 0.3 0.3
v -4.2 0.3 0.3
v 1.8 0.3 0.3
v 1.9 0.3 0.3
v -4.4 0.3 0.0999998
v -4.3 0.3 0.0999998
v -4.2 0.3 0.0999998
v 1.8 0.3 0.0999998
v 1.9 0.3 0.0999998
v -4.4 0.3 -1.78814e-07
v -4.3 0.3 -1.78814e-07
v -4.2 0.3 -1.78814e-07
v 1.8 0.3 -1.78814e-07
v 1.9 0.3 -1.78814e-07
v -4.4 0.3 -0.2
v -4.2 0.3 -0.2
v 1.8 0.3 -0.2
v 1.9 0.3 -0.2
v -4.7 0.4 0.3
v -4.4 0.4 0.3
v 1.9 0.4 0.3
v 2 0.4 0.3
v -4.7 0.4 0.0999998
v -4.5 0.4 0.0999998
v -4.4 0.4 0.0999998
v 1.9 0.4 0.0999998
v 2 0.4 0.0999998
v -4.7 0.4 -1.78814e-07
v -4.5 0.4 -1.78814e-07
v -4.4 0.4 -1.78814e-07
v 1.9 0.4 -1.78814e-07
v 2 0.4 -1.78814e-07
v -4.7 0.4 -0.2
v -4.4 0.4 -0.2
v 1.9 0.4 -0.2
v 2 0.4 -0.2
v 2 0.5 0.3
v 2.1 0.5 0.3
v 2 0.5 0.0999998
v 2.1 0.5 0.0999998
v 2 0.5 -1.78814e-07
v 2.1 0.5 -1.78814e-07
v 2 0.5 -0.2
v 2.1 0.5 -0.2
v 2.1 0.6 0.3
v 3.2 0.6 0.3
v 2.1 0.6 0.0999998
v 2.6 0.6 0.0999998
v 2.8 0.6 0.0999998
v 3.2 0.6 0.0999998
v 2.1 0.6 -1.78814e-07
v 2.6 0.6 -1.78814e-07
v 2.8 0.6 -1.78814e-07
v 3.2 0.6 -1.78814e-07
v 2.1 0.6 -0.2
v 3.2 0.6 -0.2
v -1.3 1.4 0.3
v -0.4 1.4 0.3
v -0.0999999 1.4 0.3
v 0 1.4 0.3
v 0.0999999 1.4 0.3
v 0.2 1.4 0.3
v 0.5 1.4 0.3
v 1.4 1.4 0.3
v 2.4 1.4 0.3
v 3.2 1.4 0.3
v -1.3 1.4 0.2
v -1.2 1.4 0.2
v -1.1 1.4 0.2
v -0.6 1.4 0.2
v -0.5 1.4 0.2
v -0.4 1.4 0.2
v -0.0999999 1.4 0.2
v 0 1.4 0.2
v 0.0999999 1.4 0.2
v 0.2 1.4 0.2
v 0.5 1.4 0.2
v 0.6 1.4 0.2
v 0.7 1.4 0.2
v 1.2 1.4 0.2
v 1.3 1.4 0.2
v 1.4 1.4 0.2
v 2.4 1.4 0.0999998
v 2.5 1.4 0.0999998
v 2.6 1.4 0.0999998
v 2.8 1.4 0.0999998
v 2.9 1.4 0.0999998
v 3.2 1.4 0.0999998
v 2.4 1.4 -1.78814e-07
v 2.5 1.4 -1.78814e-07
v 2.6 1.4 -1.78814e-07
v 2.8 1.4 -1.78814e-07
v 2.9 1.4 -1.78814e-07
v 3.2 1.4 -1.78814e-07
v 2.4 1.4 -0.2
v 3.2 1.4 -0.2
v 2.3 1.5 0.3
v 2.4 1.5 0.3
v 3.2 1.5 0.3
v 3.3 1.5 0.3
v 2.3 1.5 0.0999998
v 2.4 1.5 0.0999998
v 3.2 1.5 0.0999998
v 3.3 1.5 0.0999998
v 2.3 1.5 -1.78814e-07
v 2.4 1.5 -1.78814e-07
v 3.2 1.5 -1.78814e-07
v 3.3 1.5 -1.78814e-07
v 2.3 1.5 -0.2
v 2.4 1.5 -0.2
v 3.2 1.5 -0.2
v 3.3 1.5 -0.2
v -0.2 1.6 0.3
v -0.0999999 1.6 0.3
v 0.2 1.6 0.3
v 0.3 1.6 0.3
v 3.3 1.6 0.3
v 3.4 1.6 0.3
v -0.2 1.6 0.2
v -0.0999999 1.6 0.2
v 0.2 1.6 0.2
v 0.3 1.6 0.2
v 3.3 1.6 0.0999998
v 3.4 1.6 0.0999998
v 3.3 1.6 -1.78814e-07
v 3.4 1.6 -1.78814e-07
v 3.3 1.6 -0.2
v 3.4 1.6 -0.2
v -4.7 1.7 0.3
v -4.4 1.7 0.3
v -3.7 1.7 0.3
v -3.5 1.7 0.3
v -2.5 1.7 0.3
v -2.3 1.7 0.3
v -1.3 1.7 0.3
v 2.2 1.7 0.3
v 2.3 1.7 0.3
v 3.4 1.7 0.3
v 3.5 1.7 0.3
v -4.7 1.7 0.2
v -4.2 1.7 0.2
v -3.8 1.7 0.2
v -3.7 1.7 0.2
v -3.5 1.7 0.2
v -2.5 1.7 0.2
v -2.3 1.7 0.2
v -1.3 1.7 0.2
v 2.2 1.7 0.0999998
v 2.3 1.7 0.0999998
v 3.4 1.7 0.0999998
v 3.5 1.7 0.0999998
v 2.2 1.7 -1.78814e-07
v 2.3 1.7 -1.78814e-07
v 3.4 1.7 -1.78814e-07
v 3.5 1.7 -1.78814e-07
v 2.2 1.7 -0.2
v 2.3 1.7 -0.2
v 3.4 1.7 -0.2
v 3.5 1.7 -0.2
v -1.3 1.8 0.3
v -1.2 1.8 0.3
v -0.3 1.8 0.3
v -0.2 1.8 0.3
v 0.3 1.8 0.3
v 0.4 1.8 0.3
v 3.5 1.8 0.3
v 3.6 1.8 0.3
v -1.3 1.8 0.2
v -1.2 1.8 0.2
v -0.3 1.8 0.2
v -0.2 1.8 0.2
v 0.3 1.8 0.2
v 0.4 1.8 0.2
v 3.5 1.8 0.0999998
v 3.6 1.8 0.0999998
v 3.5 1.8 -1.78814e-07
v 3.6 1.8 -1.78814e-07
v 3.5 1.8 -0.2
v 3.6 1.8 -0.2
v 2.1 1.9 0.3
v 2.2 1.9 0.3
v 3.6 1.9 0.3
v 3.7 1.9 0.3
v 2.1 1.9 0.0999998
v 2.2 1.9 0.0999998
v 3.6 1.9 0.0999998
v 3.7 1.9 0.0999998
v 2.1 1.9 -1.78814e-07
v 2.2 1.9 -1.78814e-07
v 3.6 1.9 -1.78814e-07
v 3.7 1.9 -1.78814e-07
v 2.1 1.9 -0.2
v 2.2 1.9 -0.2
v 3.6 1.9 -0.2
v 3.7 1.9 -0.2
v -1.2 2 0.3
v -1.1 2 0.3
v -0.4 2 0.3
v -0.3 2 0.3
v 0.4 2 0.3
v 0.5 2 0.3
v 3.7 2 0.3
v 3.8 2 0.3
v -1.2 2 0.2
v -1.1 2 0.2
v -0.4 2 0.2
v -0.3 2 0.2
v 0.4 2 0.2
v 0.5 2 0.2
v 3.7 2 0.0999998
v 3.8 2 0.0999998
v 3.7 2 -1.78814e-07
v 3.8 2 -1.78814e-07
v 3.7 2 -0.2
v 3.8 2 -0.2
v 2 2.1 0.3
v 2.1 2.1 0.3
v 3.8 2.1 0.3
v 3.9 2.1 0.3
v 2 2.1 0.0999998
v 2.1 2.1 0.0999998
v 3.8 2.1 0.0999998
v 3.9 2.1 0.0999998
v 2 2.1 -1.78814e-07
v 2.1 2.1 -1.78814e-07
v 3.8 2.1 -1.78814e-07
v 3.9 2.1 -1.78814e-07
v 2 2.1 -0.2
v 2.1 2.1 -0.2
v 3.8 2.1 -0.2
v 3.9 2.1 -0.2
v -0.5 2.2 0.3
v -0.4 2.2 0.3
v 0.5 2.2 0.3
v 0.6 2.2 0.3
v 3.9 2.2 0.3
v 4 2.2 0.3
v -0.5 2.2 0.2
v -0.4 2.2 0.2
v 0.5 2.2 0.2
v 0.6 2.2 0.2
v 3.9 2.2 0.0999998
v 4 2.2 0.0999998
v 3.9 2.2 -1.78814e-07
v 4 2.2 -1.78814e-07
v 3.9 2.2 -0.2
v 4 2.2 -0.2
v 1.9 2.3 0.3
v 2 2.3 0.3
v 4 2.3 0.3
v 4.1 2.3 0.3
v 1.9 2.3 0.0999998
v 2 2.3 0.0999998
v 4 2.3 0.0999998
v 4.1 2.3 0.0999998
v 1.9 2.3 -1.78814e-07
v 2 2.3 -1.78814e-07
v 4 2.3 -1.78814e-07
v 4.1 2.3 -1.78814e-07
v 1.9 2.3 -0.2
v 2 2.3 -0.2
v 4 2.3 -0.2
v 4.1 2.3 -0.2
v 1.8 2.4 0.3
v 1.9 2.4 0.3
v 4.1 2.4 0.3
v 4.2 2.4 0.3
v 0 2.4 0.2
v 0.0999999 2.4 0.2
v 0 2.4 0.0999998
v 0.0999999 2.4 0.0999998
v 1.8 2.4 0.0999998
v 1.9 2.4 0.0999998
v 4.1 2.4 0.0999998
v 4.2 2.4 0.0999998
v 1.8 2.4 -1.78814e-07
v 1.9 2.4 -1.78814e-07
v 4.1 2.4 -1.78814e-07
v 4.2 2.4 -1.78814e-07
v 1.8 2.4 -0.2
v 1.9 2.4 -0.2
v 4.1 2.4 -0.2
v 4.2 2.4 -0.2
v -4.7 2.7 0.3
v -4.4 2.7 0.3
v -3.3 2.7 0.3
v -4.7 2.7 0.0999998
v -3.9 2.7 0.0999998
v -3.8 2.7 0.0999998
v -3.3 2.7 0.0999998
v -4.7 2.7 -1.78814e-07
v -3.9 2.7 -1.78814e-07
v -3.8 2.7 -1.78814e-07
v -3.3 2.7 -1.78814e-07
v -4.7 2.7 -0.2
v -3.3 2.7 -0.2
v 3.4 2.9 0.3
v 4.4 2.9 0.3
v 4.7 2.9 0.3
v 3.4 2.9 0.0999998
v 3.6 2.9 0.0999998
v 3.8 2.9 0.0999998
v 4 2.9 0.0999998
v 4.1 2.9 0.0999998
v 4.7 2.9 0.0999998
v 3.4 2.9 -1.78814e-07
v 3.6 2.9 -1.78814e-07
v 3.8 2.9 -1.78814e-07
v 4 2.9 -1.78814e-07
v 4.1 2.9 -1.78814e-07
v 4.7 2.9 -1.78814e-07
v 3.4 2.9 -0.2
v 4.7 2.9 -0.2
v 3.3 3 0.3
v 3.4 3 0.3
v 3.3 3 0.0999998
v 3.4 3 0.0999998
v 3.3 3 -1.78814e-07
v 3.4 3 -1.78814e-07
v 3.3 3 -0.2
v 3.4 3 -0.2
v -3.3 3.3 0.3
v -3.2 3.3 0.3
v 3.2 3.3 0.3
v 3.3 3.3 0.3
v -3.3 3.3 0.0999998
v -3.2 3.3 0.0999998
v 3.2 3.3 0.0999998
v 3.3 3.3 0.0999998
v -3.3 3.3 -1.78814e-07
v -3.2 3.3 -1.78814e-07
v 3.2 3.3 -1.78814e-07
v 3.3 3.3 -1.78814e-07
v -3.3 3.3 -0.2
v -3.2 3.3 -0.2
v 3.2 3.3 -0.2
v 3.3 3.3 -0.2
v -3.2 3.4 0.3
v -3.1 3.4 0.3
v 3.1 3.4 0.3
v 3.2 3.4 0.3
v -3.1 3.4 0.2
v -3.2 3.4 0.0999998
v -3.1 3.4 0.0999998
v 3.1 3.4 0.0999998
v 3.2 3.4 0.0999998
v -3.2 3.4 -1.78814e-07
v -3.1 3.4 -1.78814e-07
v 3.1 3.4 -1.78814e-07
v 3.2 3.4 -1.78814e-07
v -3.2 3.4 -0.2
v -3.1 3.4 -0.2
v 3.1 3.4 -0.2
v 3.2 3.4 -0.2
v -4.7 3.5 0.6
v -4.6 3.5 0.6
v 4.6 3.5 0.6
v 4.7 3.5 0.6
v -4.7 3.5 0.3
v -4.6 3.5 0.3
v -3.1 3.5 0.3
v -3 3.5 0.3
v 3 3.5 0.3
v 3.1 3.5 0.3
v 4.6 3.5 0.3
v 4.7 3.5 0.3
v -3.1 3.5 0.2
v -3 3.5 0.2
v -3.1 3.5 0.0999998
v -3 3.5 0.0999998
v 3 3.5 0.0999998
v 3.1 3.5 0.0999998
v -3.1 3.5 -1.78814e-07
v -3 3.5 -1.78814e-07
v 3 3.5 -1.78814e-07
v 3.1 3.5 -1.78814e-07
v -4.7 3.5 -0.2
v -4.6 3.5 -0.2
v -3.1 3.5 -0.2
v -3 3.5 -0.2
v 3 3.5 -0.2
v 3.1 3.5 -0.2
v 4.6 3.5 -0.2
v 4.7 3.5 -0.2
v -4.6 3.6 0.6
v -4.5 3.6 0.6
v 4.5 3.6 0.6
v 4.6 3.6 0.6
v -4.6 3.6 0.3
v -4.5 3.6 0.3
v -3 3.6 0.3
v -0.9 3.6 0.3
v 0.9 3.6 0.3
v 3 3.6 0.3
v 4.5 3.6 0.3
v 4.6 3.6 0.3
v -3 3.6 0.0999998
v -1.8 3.6 0.0999998
v -1.7 3.6 0.0999998
v -0.9 3.6 0.0999998
v 0.9 3.6 0.0999998
v 1 3.6 0.0999998
v 1.1 3.6 0.0999998
v 2.4 3.6 0.0999998
v 2.5 3.6 0.0999998
v 3 3.6 0.0999998
v -3 3.6 -1.78814e-07
v -1.8 3.6 -1.78814e-07
v -1.7 3.6 -1.78814e-07
v -0.9 3.6 -1.78814e-07
v 0.9 3.6 -1.78814e-07
v 1 3.6 -1.78814e-07
v 1.1 3.6 -1.78814e-07
v 2.4 3.6 -1.78814e-07
v 2.5 3.6 -1.78814e-07
v 3 3.6 -1.78814e-07
v -4.6 3.6 -0.2
v -4.5 3.6 -0.2
v -3 3.6 -0.2
v -0.9 3.6 -0.2
v 0.9 3.6 -0.2
v 3 3.6 -0.2
v 4.5 3.6 -0.2
v 4.6 3.6 -0.2
v -4.5 3.7 0.6
v -4.4 3.7 0.6
v 4.4 3.7 0.6
v 4.5 3.7 0.6
v -4.5 3.7 0.3
v -4.4 3.7 0.3
v 4.4 3.7 0.3
v 4.5 3.7 0.3
v -4.5 3.7 -0.2
v -4.4 3.7 -0.2
v 4.4 3.7 -0.2
v 4.5 3.7 -0.2
v -4.4 3.8 0.6
v -4.3 3.8 0.6
v 4.3 3.8 0.6
v 4.4 3.8 0.6
v -4.4 3.8 0.3
v -4.3 3.8 0.3
v 4.3 3.8 0.3
v 4.4 3.8 0.3
v -4.4 3.8 -0.2
v -4.3 3.8 -0.2
v 4.3 3.8 -0.2
v 4.4 3.8 -0.2
v -4.3 3.9 0.6
v -4.2 3.9 0.6
v 4.2 3.9 0.6
v 4.3 3.9 0.6
v -4.3 3.9 0.3
v -4.2 3.9 0.3
v 4.2 3.9 0.3
v 4.3 3.9 0.3
v -4.3 3.9 -0.2
v -4.2 3.9 -0.2
v 4.2 3.9 -0.2
v 4.3 3.9 -0.2
v -4.2 4 0.6
v -4.1 4 0.6
v 4.1 4 0.6
v 4.2 4 0.6
v -4.2 4 0.3
v -4.1 4 0.3
v 4.1 4 0.3
v 4.2 4 0.3
v -4.2 4 -0.2
v -4.1 4 -0.2
v 4.1 4 -0.2
v 4.2 4 -0.2
v -4.1 4.1 0.6
v -4 4.1 0.6
v 4 4.1 0.6
v 4.1 4.1 0.6
v -4.1 4.1 0.3
v -4 4.1 0.3
v 4 4.1 0.3
v 4.1 4.1 0.3
v -4.1 4.1 -0.2
v -4 4.1 -0.2
v 4 4.1 -0.2
v 4.1 4.1 -0.2
v -4 4.2 0.6
v -3.9 4.2 0.6
v 3.9 4.2 0.6
v 4 4.2 0.6
v -4 4.2 0.3
v -3.9 4.2 0.3
v 3.9 4.2 0.3
v 4 4.2 0.3
v -4 4.2 -0.2
v -3.9 4.2 -0.2
v 3.9 4.2 -0.2
v 4 4.2 -0.2
v -3.9 4.3 0.6
v -3.8 4.3 0.6
v 3.8 4.3 0.6
v 3.9 4.3 0.6
v -3.9 4.3 0.3
v -3.8 4.3 0.3
v 3.8 4.3 0.3
v 3.9 4.3 0.3
v -3.9 4.3 -0.2
v -3.8 4.3 -0.2
v 3.8 4.3 -0.2
v 3.9 4.3 -0.2
v -3.8 4.4 0.6
v -3.7 4.4 0.6
v 3.7 4.4 0.6
v 3.8 4.4 0.6
v -3.8 4.4 0.3
v -3.7 4.4 0.3
v 3.7 4.4 0.3
v 3.8 4.4 0.3
v -3.8 4.4 -0.2
v -3.7 4.4 -0.2
v 3.7 4.4 -0.2
v 3.8 4.4 -0.2
v -3.7 4.5 0.6
v -3.6 4.5 0.6
v 3.6 4.5 0.6
v 3.7 4.5 0.6
v -3.7 4.5 0.3
v -3.6 4.5 0.3
v 3.6 4.5 0.3
v 3.7 4.5 0.3
v -3.7 4.5 -0.2
v -3.6 4.5 -0.2
v 3.6 4.5 -0.2
v 3.7 4.5 -0.2
v -3.6 4.6 0.6
v -3.5 4.6 0.6
v 3.5 4.6 0.6
v 3.6 4.6 0.6
v -3.6 4.6 0.3
v -3.5 4.6 0.3
v 3.5 4.6 0.3
v 3.6 4.6 0.3
v -3.6 4.6 -0.2
v -3.5 4.6 -0.2
v 3.5 4.6 -0.2
v 3.6 4.6 -0.2
v -3.5 4.7 0.6
v 3.5 4.7 0.6
v -3.5 4.7 0.3
v 0 4.7 0.3
v 0.0999999 4.7 0.3
v 3.5 4.7 0.3
v 0 4.7 0.0999998
v 0.0999999 4.7 0.0999998
v 0 4.7 -1.78814e-07
v 0.0999999 4.7 -1.78814e-07
v -3.5 4.7 -0.2
v 0 4.7 -0.2
v 0.0999999 4.7 -0.2
v 3.5 4.7 -0.2

# faces
f 4/2/1 2/2/1 1/2/1
f 4/5/1 3/5/1 2/5/1
f 5/5/1 3/5/1 4/5/1
f 6/5/1 3/5/1 5/5/1
f 7/5/1 3/5/1 6/5/1
f 8/6/1 6/6/1 5/6/1
f 9/6/1 6/6/1 8/6/1
f 10/7/1 9/7/1 8/7/1
f 11/7/1 9/7/1 10/7/1
f 12/6/1 11/6/1 10/6/1
f 13/6/1 11/6/1 12/6/1
f 14/7/1 13/7/1 12/7/1
f 15/7/1 13/7/1 14/7/1
f 16/6/1 15/6/1 14/6/1
f 17/6/1 15/6/1 16/6/1
f 18/7/1 17/7/1 16/7/1
f 19/7/1 17/7/1 18/7/1
f 20/2/1 4/2/1 1/2/1
f 21/6/1 19/6/1 18/6/1
f 22/6/1 19/6/1 21/6/1
f 24/5/1 22/5/1 21/5/1
f 24/5/1 23/5/1 22/5/1
f 24/5/1 21/5/1 20/5/1
f 24/2/1 20/2/1 1/2/1
f 25/5/1 23/5/1 24/5/1
f 26/5/1 23/5/1 25/5/1
f 27/7/1 26/7/1 25/7/1
f 28/5/1 23/5/1 26/5/1
f 28/7/1 26/7/1 27/7/1
f 29/4/1 28/4/1 27/4/1
f 30/5/1 23/5/1 28/5/1
f 30/4/1 28/4/1 29/4/1
f 31/2/1 24/2/1 1/2/1
f 32/7/1 30/7/1 29/7/1
f 33/5/1 23/5/1 30/5/1
f 33/7/1 30/7/1 32/7/1
f 34/5/1 32/5/1 31/5/1
f 34/2/1 31/2/1 1/2/1
f 34/5/1 33/5/1 32/5/1
f 35/5/1 23/5/1 33/5/1
f 35/5/1 33/5/1 34/5/1
f 36/5/1 23/5/1 35/5/1
f 37/5/1 23/5/1 36/5/1
f 38/6/1 36/6/1 35/6/1
f 39/6/1 36/6/1 38/6/1
f 40/7/1 39/7/1 38/7/1
f 41/7/1 39/7/1 40/7/1
f 42/2/1 34/2/1 1/2/1
f 43/6/1 41/6/1 40/6/1
f 44/6/1 41/6/1 43/6/1
f 46/2/1 42/2/1 1/2/1
f 47/5/1 44/5/1 43/5/1
f 47/2/1 42/2/1 46/2/1
f 47/5/1 43/5/1 42/5/1
f 47/5/1 45/5/1 44/5/1
f 48/5/1 45/5/1 47/5/1
f 52/2/1 50/2/1 49/2/1
f 53/5/1 51/5/1 50/5/1
f 53/2/1 50/2/1 52/2/1
f 54/5/1 51/5/1 53/5/1
f 58/2/1 56/2/1 55/2/1
f 59/5/1 57/5/1 56/5/1
f 59/2/1 56/2/1 58/2/1
f 60/5/1 57/5/1 59/5/1
f 64/2/1 62/2/1 61/2/1
f 65/5/1 63/5/1 62/5/1
f 65/2/1 62/2/1 64/2/1
f 66/5/1 63/5/1 65/5/1
f 70/2/1 68/2/1 67/2/1
f 71/5/1 69/5/1 68/5/1
f 71/2/1 68/2/1 70/2/1
f 72/5/1 69/5/1 71/5/1
f 76/2/1 74/2/1 73/2/1
f 77/5/1 75/5/1 74/5/1
f 77/2/1 74/2/1 76/2/1
f 78/5/1 75/5/1 77/5/1
f 83/5/1 80/5/1 79/5/1
f 84/5/1 80/5/1 83/5/1
f 85/5/1 82/5/1 81/5/1
f 86/5/1 82/5/1 85/5/1
f 90/2/1 88/2/1 87/2/1
f 91/5/1 89/5/1 88/5/1
f 91/2/1 88/2/1 90/2/1
f 92/5/1 89/5/1 91/5/1
f 97/5/1 94/5/1 93/5/1
f 98/5/1 94/5/1 97/5/1
f 99/5/1 96/5/1 95/5/1
f 100/5/1 96/5/1 99/5/1
f 104/2/1 102/2/1 101/2/1
f 105/5/1 103/5/1 102/5/1
f 105/2/1 102/2/1 104/2/1
f 106/5/1 103/5/1 105/5/1
f 110/2/1 108/2/1 107/2/1
f 111/5/1 109/5/1 108/5/1
f 111/2/1 108/2/1 110/2/1
f 112/5/1 109/5/1 111/5/1
f 116/2/1 114/2/1 113/2/1
f 117/5/1 115/5/1 114/5/1
f 117/2/1 114/2/1 116/2/1
f 118/5/1 115/5/1 117/5/1
f 121/8/1 120/8/1 119/8/1
f 122/8/1 121/8/1 119/8/1
f 123/8/1 122/8/1 119/8/1
f 124/8/1 123/8/1 119/8/1
f 125/8/1 123/8/1 124/8/1
f 129/2/1 127/2/1 126/2/1
f 130/5/1 128/5/1 127/5/1
f 130/2/1 127/2/1 129/2/1
f 131/5/1 128/5/1 130/5/1
f 135/2/1 133/2/1 132/2/1
f 136/5/1 134/5/1 133/5/1
f 136/2/1 133/2/1 135/2/1
f 137/5/1 134/5/1 136/5/1
f 141/2/1 139/2/1 138/2/1
f 142/5/1 140/5/1 139/5/1
f 142/2/1 139/2/1 141/2/1
f 143/5/1 140/5/1 142/5/1
f 148/5/1 145/5/1 144/5/1
f 149/5/1 145/5/1 148/5/1
f 150/5/1 147/5/1 146/5/1
f 151/5/1 147/5/1 150/5/1
f 156/5/1 153/5/1 152/5/1
f 157/5/1 153/5/1 156/5/1
f 158/5/1 155/5/1 154/5/1
f 159/5/1 155/5/1 158/5/1
f 165/5/1 161/5/1 160/5/1
f 166/7/1 162/7/1 161/7/1
f 166/5/1 161/5/1 165/5/1
f 167/7/1 162/7/1 166/7/1
f 168/5/1 164/5/1 163/5/1
f 169/5/1 164/5/1 168/5/1
f 175/5/1 171/5/1 170/5/1
f 175/5/1 172/5/1 171/5/1
f 176/5/1 172/5/1 175/5/1
f 177/5/1 174/5/1 173/5/1
f 178/5/1 174/5/1 177/5/1
f 181/1/1 180/1/1 179/1/1
f 182/1/1 181/1/1 179/1/1
f 183/1/1 182/1/1 179/1/1
f 184/1/1 183/1/1 179/1/1
f 185/1/1 183/1/1 184/1/1
f 188/5/1 187/5/1 186/5/1
f 189/5/1 187/5/1 188/5/1
f 192/5/1 191/5/1 190/5/1
f 193/5/1 192/5/1 190/5/1
f 194/5/1 192/5/1 193/5/1
f 199/5/1 196/5/1 195/5/1
f 200/5/1 198/5/1 197/5/1
f 201/5/1 199/5/1 195/5/1
f 202/5/1 198/5/1 200/5/1
f 203/5/1 201/5/1 195/5/1
f 204/5/1 198/5/1 202/5/1
f 205/5/1 203/5/1 195/5/1
f 206/5/1 198/5/1 204/5/1
f 207/5/1 205/5/1 195/5/1
f 208/5/1 205/5/1 207/5/1
f 209/5/1 198/5/1 206/5/1
f 210/5/1 198/5/1 209/5/1
f 213/5/1 212/5/1 211/5/1
f 214/5/1 212/5/1 213/5/1
f 219/5/1 216/5/1 215/5/1
f 220/5/1 218/5/1 217/5/1
f 221/5/1 219/5/1 215/5/1
f 222/5/1 218/5/1 220/5/1
f 223/5/1 221/5/1 215/5/1
f 224/5/1 221/5/1 223/5/1
f 225/5/1 218/5/1 222/5/1
f 226/5/1 218/5/1 225/5/1
f 229/5/1 228/5/1 227/5/1
f 230/5/1 228/5/1 229/5/1
f 233/2/1 232/2/1 231/2/1
f 234/2/1 232/2/1 233/2/1
f 237/5/1 236/5/1 235/5/1
f 238/5/1 236/5/1 237/5/1
f 241/2/1 240/2/1 239/2/1
f 242/2/1 240/2/1 241/2/1
f 245/5/1 244/5/1 243/5/1
f 246/5/1 244/5/1 245/5/1
f 249/5/1 248/5/1 247/5/1
f 250/5/1 248/5/1 249/5/1
f 253/2/1 252/2/1 251/2/1
f 254/2/1 252/2/1 253/2/1
f 257/5/1 256/5/1 255/5/1
f 258/5/1 256/5/1 257/5/1
f 263/5/1 260/5/1 259/5/1
f 264/5/1 260/5/1 263/5/1
f 265/5/1 260/5/1 264/5/1
f 269/5/1 267/5/1 266/5/1
f 269/5/1 268/5/1 267/5/1
f 270/5/1 268/5/1 269/5/1
f 271/5/1 268/5/1 270/5/1
f 272/5/1 262/5/1 261/5/1
f 273/5/1 262/5/1 272/5/1
f 276/5/1 275/5/1 274/5/1
f 277/5/1 275/5/1 276/5/1
f 280/5/1 279/5/1 278/5/1
f 281/5/1 279/5/1 280/5/1
f 284/5/1 283/5/1 282/5/1
f 285/5/1 283/5/1 284/5/1
f 288/5/1 287/5/1 286/5/1
f 289/5/1 287/5/1 288/5/1
f 292/5/1 291/5/1 290/5/1
f 293/5/1 291/5/1 292/5/1
f 296/5/1 295/5/1 294/5/1
f 297/5/1 295/5/1 296/5/1
f 300/5/1 299/5/1 298/5/1
f 301/5/1 299/5/1 300/5/1
f 304/5/1 303/5/1 302/5/1
f 305/5/1 303/5/1 304/5/1
f 308/5/1 307/5/1 306/5/1
f 309/5/1 307/5/1 308/5/1
f 312/5/1 311/5/1 310/5/1
f 313/5/1 311/5/1 312/5/1
f 318/5/1 315/5/1 314/5/1
f 319/5/1 315/5/1 318/5/1
f 320/5/1 317/5/1 316/5/1
f 321/5/1 317/5/1 320/5/1
f 326/5/1 323/5/1 322/5/1
f 327/5/1 323/5/1 326/5/1
f 328/5/1 325/5/1 324/5/1
f 329/5/1 325/5/1 328/5/1
f 334/5/1 331/5/1 330/5/1
f 335/5/1 331/5/1 334/5/1
f 336/5/1 333/5/1 332/5/1
f 337/5/1 333/5/1 336/5/1
f 342/5/1 339/5/1 338/5/1
f 343/5/1 339/5/1 342/5/1
f 344/5/1 341/5/1 340/5/1
f 345/5/1 341/5/1 344/5/1
f 350/5/1 347/5/1 346/5/1
f 351/5/1 349/5/1 348/5/1
f 352/5/1 350/5/1 346/5/1
f 353/5/1 349/5/1 351/5/1
f 354/5/1 352/5/1 346/5/1
f 355/5/1 352/5/1 354/5/1
f 356/5/1 349/5/1 353/5/1
f 357/5/1 349/5/1 356/5/1
f 362/5/1 359/5/1 358/5/1
f 363/5/1 359/5/1 362/5/1
f 364/5/1 361/5/1 360/5/1
f 365/5/1 361/5/1 364/5/1
f 370/5/1 367/5/1 366/5/1
f 371/5/1 367/5/1 370/5/1
f 372/5/1 369/5/1 368/5/1
f 373/5/1 369/5/1 372/5/1
f 378/5/1 375/5/1 374/5/1
f 379/5/1 375/5/1 378/5/1
f 380/5/1 377/5/1 376/5/1
f 381/5/1 377/5/1 380/5/1
f 386/5/1 383/5/1 382/5/1
f 387/5/1 383/5/1 386/5/1
f 388/5/1 385/5/1 384/5/1
f 389/5/1 385/5/1 388/5/1
f 394/5/1 391/5/1 390/5/1
f 395/5/1 391/5/1 394/5/1
f 396/5/1 393/5/1 392/5/1
f 397/5/1 393/5/1 396/5/1
f 402/5/1 399/5/1 398/5/1
f 403/5/1 399/5/1 402/5/1
f 404/5/1 401/5/1 400/5/1
f 405/5/1 401/5/1 404/5/1
f 408/2/1 407/2/1 406/2/1
f 409/2/1 407/2/1 408/2/1
f 414/5/1 411/5/1 410/5/1
f 415/5/1 411/5/1 414/5/1
f 416/5/1 413/5/1 412/5/1
f 417/5/1 413/5/1 416/5/1
f 422/5/1 419/5/1 418/5/1
f 423/5/1 419/5/1 422/5/1
f 424/5/1 421/5/1 420/5/1
f 425/5/1 421/5/1 424/5/1
f 428/2/1 427/2/1 426/2/1
f 429/2/1 427/2/1 428/2/1
f 434/5/1 431/5/1 430/5/1
f 435/5/1 431/5/1 434/5/1
f 436/5/1 433/5/1 432/5/1
f 437/5/1 433/5/1 436/5/1
f 442/5/1 439/5/1 438/5/1
f 443/5/1 439/5/1 442/5/1
f 444/5/1 441/5/1 440/5/1
f 445/5/1 441/5/1 444/5/1
f 448/2/1 447/2/1 446/2/1
f 449/2/1 447/2/1 448/2/1
f 454/5/1 451/5/1 450/5/1
f 455/5/1 451/5/1 454/5/1
f 456/5/1 453/5/1 452/5/1
f 457/5/1 453/5/1 456/5/1
f 462/5/1 459/5/1 458/5/1
f 463/5/1 459/5/1 462/5/1
f 464/5/1 461/5/1 460/5/1
f 465/5/1 461/5/1 464/5/1
f 468/2/1 467/2/1 466/2/1
f 469/2/1 467/2/1 468/2/1
f 474/5/1 471/5/1 470/5/1
f 475/5/1 471/5/1 474/5/1
f 476/5/1 473/5/1 472/5/1
f 477/5/1 473/5/1 476/5/1
f 482/5/1 479/5/1 478/5/1
f 483/5/1 479/5/1 482/5/1
f 484/5/1 481/5/1 480/5/1
f 485/5/1 481/5/1 484/5/1
f 488/2/1 487/2/1 486/2/1
f 489/2/1 487/2/1 488/2/1
f 494/5/1 491/5/1 490/5/1
f 495/5/1 491/5/1 494/5/1
f 496/5/1 493/5/1 492/5/1
f 497/5/1 493/5/1 496/5/1
f 502/5/1 499/5/1 498/5/1
f 503/5/1 499/5/1 502/5/1
f 504/5/1 501/5/1 500/5/1
f 505/5/1 501/5/1 504/5/1
f 508/2/1 507/2/1 506/2/1
f 509/2/1 507/2/1 508/2/1
f 514/5/1 511/5/1 510/5/1
f 515/5/1 511/5/1 514/5/1
f 516/5/1 513/5/1 512/5/1
f 517/5/1 513/5/1 516/5/1
f 522/5/1 519/5/1 518/5/1
f 523/5/1 519/5/1 522/5/1
f 524/5/1 521/5/1 520/5/1
f 525/5/1 521/5/1 524/5/1
f 528/2/1 527/2/1 526/2/1
f 529/2/1 527/2/1 528/2/1
f 534/5/1 531/5/1 530/5/1
f 535/5/1 533/5/1 532/5/1
f 536/5/1 534/5/1 530/5/1
f 537/5/1 534/5/1 536/5/1
f 538/5/1 533/5/1 535/5/1
f 539/5/1 533/5/1 538/5/1
f 544/5/1 541/5/1 540/5/1
f 545/5/1 541/5/1 544/5/1
f 546/5/1 543/5/1 542/5/1
f 547/5/1 543/5/1 546/5/1
f 550/2/1 549/2/1 548/2/1
f 551/2/1 549/2/1 550/2/1
f 556/5/1 553/5/1 552/5/1
f 557/5/1 553/5/1 556/5/1
f 558/5/1 555/5/1 554/5/1
f 559/5/1 555/5/1 558/5/1
f 562/2/1 561/2/1 560/2/1
f 563/2/1 561/2/1 562/2/1
f 566/2/1 565/2/1 564/2/1
f 567/2/1 566/2/1 564/2/1
f 568/2/1 567/2/1 564/2/1
f 569/2/1 567/2/1 568/2/1
f 570/2/2 571/2/2 572/2/2
f 570/2/2 572/2/2 576/2/2
f 572/5/2 573/5/2 576/5/2
f 576/5/2 573/5/2 577/5/2
f 574/5/2 575/5/2 578/5/2
f 578/5/2 575/5/2 579/5/2
f 570/2/2 576/2/2 580/2/2
f 570/2/2 580/2/2 581/2/2
f 570/2/2 581/2/2 582/2/2
f 570/2/2 582/2/2 583/2/2
f 570/2/2 583/2/2 584/2/2
f 570/2/2 584/2/2 585/2/2
f 585/2/2 584/2/2 586/2/2
f 587/5/2 588/5/2 591/5/2
f 591/5/2 588/5/2 592/5/2
f 589/5/2 590/5/2 593/5/2
f 593/5/2 590/5/2 594/5/2
f 595/2/2 596/2/2 597/2/2
f 597/2/2 596/2/2 598/2/2
f 599/5/2 600/5/2 603/5/2
f 603/5/2 600/5/2 604/5/2
f 601/5/2 602/5/2 605/5/2
f 605/5/2 602/5/2 606/5/2
f 607/5/2 608/5/2 611/5/2
f 611/5/2 608/5/2 612/5/2
f 609/5/2 610/5/2 613/5/2
f 613/5/2 610/5/2 614/5/2
f 615/2/2 616/2/2 617/2/2
f 617/2/2 616/2/2 618/2/2
f 619/5/2 620/5/2 623/5/2
f 623/5/2 620/5/2 624/5/2
f 621/5/2 622/5/2 625/5/2
f 625/5/2 622/5/2 626/5/2
f 627/2/2 628/2/2 629/2/2
f 629/2/2 628/2/2 630/2/2
f 631/5/2 632/5/2 635/5/2
f 635/5/2 632/5/2 636/5/2
f 633/5/2 634/5/2 637/5/2
f 637/5/2 634/5/2 638/5/2
f 639/2/2 640/2/2 641/2/2
f 641/2/2 640/2/2 642/2/2
f 643/5/2 644/5/2 647/5/2
f 647/5/2 644/5/2 648/5/2
f 645/5/2 646/5/2 649/5/2
f 649/5/2 646/5/2 650/5/2
f 651/2/2 652/2/2 653/2/2
f 653/2/2 652/2/2 654/2/2
f 655/5/2 656/5/2 659/5/2
f 659/5/2 656/5/2 660/5/2
f 657/5/2 658/5/2 661/5/2
f 661/5/2 658/5/2 662/5/2
f 663/2/2 664/2/2 665/2/2
f 665/2/2 664/2/2 666/2/2
f 667/5/2 668/5/2 671/5/2
f 671/5/2 668/5/2 672/5/2
f 669/5/2 670/5/2 673/5/2
f 673/5/2 670/5/2 674/5/2
f 675/2/2 676/2/2 677/2/2
f 677/2/2 676/2/2 678/2/2
f 679/5/2 680/5/2 683/5/2
f 683/5/2 680/5/2 684/5/2
f 681/5/2 682/5/2 685/5/2
f 685/5/2 682/5/2 686/5/2
f 687/2/2 688/2/2 689/2/2
f 689/2/2 688/2/2 690/2/2
f 691/8/2 692/8/2 693/8/2
f 691/8/2 693/8/2 694/8/2
f 691/8/2 694/8/2 695/8/2
f 691/8/2 695/8/2 696/8/2
f 696/8/2 695/8/2 697/8/2
f 698/5/2 699/5/2 702/5/2
f 702/5/2 699/5/2 703/5/2
f 700/5/2 701/5/2 704/5/2
f 704/5/2 701/5/2 705/5/2
f 706/2/2 707/2/2 708/2/2
f 708/2/2 707/2/2 709/2/2
f 710/5/2 711/5/2 714/5/2
f 714/5/2 711/5/2 715/5/2
f 712/5/2 713/5/2 716/5/2
f 716/5/2 713/5/2 717/5/2
f 718/1/2 719/1/2 720/1/2
f 718/1/2 720/1/2 721/1/2
f 718/1/2 721/1/2 722/1/2
f 722/1/2 721/1/2 723/1/2
f 724/5/2 725/5/2 726/5/2
f 726/5/2 725/5/2 727/5/2
f 728/5/2 729/5/2 730/5/2
f 730/5/2 729/5/2 731/5/2
f 732/5/2 733/5/2 734/5/2
f 734/5/2 733/5/2 735/5/2
f 736/5/2 737/5/2 738/5/2
f 738/5/2 737/5/2 739/5/2
f 740/5/2 741/5/2 742/5/2
f 742/5/2 741/5/2 743/5/2
f 744/5/2 745/5/2 746/5/2
f 746/5/2 745/5/2 747/5/2
f 748/5/2 749/5/2 750/5/2
f 750/5/2 749/5/2 751/5/2
f 752/5/2 753/5/2 754/5/2
f 754/5/2 753/5/2 755/5/2
f 756/5/2 757/5/2 758/5/2
f 758/5/2 757/5/2 759/5/2
f 760/5/2 761/5/2 762/5/2
f 762/5/2 761/5/2 763/5/2
f 764/5/2 765/5/2 768/5/2
f 768/5/2 765/5/2 769/5/2
f 769/5/2 765/5/2 770/5/2
f 771/5/2 772/5/2 774/5/2
f 772/5/2 773/5/2 774/5/2
f 774/5/2 773/5/2 775/5/2
f 775/5/2 773/5/2 776/5/2
f 766/5/2 767/5/2 777/5/2
f 777/5/2 767/5/2 778/5/2
f 779/5/2 780/5/2 781/5/2
f 781/5/2 780/5/2 782/5/2
f 783/2/2 784/2/2 785/2/2
f 785/2/2 784/2/2 786/2/2
f 787/5/2 788/5/2 789/5/2
f 789/5/2 788/5/2 790/5/2
f 791/5/2 792/5/2 795/5/2
f 793/5/2 794/5/2 796/5/2
f 791/5/2 795/5/2 797/5/2
f 796/5/2 794/5/2 798/5/2
f 791/5/2 797/5/2 799/5/2
f 798/5/2 794/5/2 800/5/2
f 791/5/2 799/5/2 801/5/2
f 800/5/2 794/5/2 802/5/2
f 791/5/2 801/5/2 803/5/2
f 803/5/2 801/5/2 804/5/2
f 802/5/2 794/5/2 805/5/2
f 805/5/2 794/5/2 806/5/2
f 807/5/2 808/5/2 809/5/2
f 809/5/2 808/5/2 810/5/2
f 811/2/2 812/2/2 813/2/2
f 813/2/2 812/2/2 814/2/2
f 815/5/2 816/5/2 817/5/2
f 817/5/2 816/5/2 818/5/2
f 819/2/2 820/2/2 821/2/2
f 821/2/2 820/2/2 822/2/2
f 823/5/2 824/5/2 825/5/2
f 825/5/2 824/5/2 826/5/2
f 827/5/2 828/5/2 831/5/2
f 829/5/2 830/5/2 832/5/2
f 827/5/2 831/5/2 833/5/2
f 833/5/2 831/5/2 834/5/2
f 832/5/2 830/5/2 835/5/2
f 835/5/2 830/5/2 836/5/2
f 837/5/2 838/5/2 841/5/2
f 841/5/2 838/5/2 842/5/2
f 839/5/2 840/5/2 843/5/2
f 843/5/2 840/5/2 844/5/2
f 845/5/2 846/5/2 849/5/2
f 849/5/2 846/5/2 850/5/2
f 847/5/2 848/5/2 851/5/2
f 851/5/2 848/5/2 852/5/2
f 853/5/2 854/5/2 857/5/2
f 857/5/2 854/5/2 858/5/2
f 855/5/2 856/5/2 859/5/2
f 859/5/2 856/5/2 860/5/2
f 861/5/2 862/5/2 865/5/2
f 865/5/2 862/5/2 866/5/2
f 863/5/2 864/5/2 867/5/2
f 867/5/2 864/5/2 868/5/2
f 869/5/2 870/5/2 873/5/2
f 873/5/2 870/5/2 874/5/2
f 871/5/2 872/5/2 875/5/2
f 875/5/2 872/5/2 876/5/2
f 877/5/2 878/5/2 881/5/2
f 881/5/2 878/5/2 882/5/2
f 879/5/2 880/5/2 883/5/2
f 883/5/2 880/5/2 884/5/2
f 885/5/2 886/5/2 889/5/2
f 889/5/2 886/5/2 890/5/2
f 887/5/2 888/5/2 891/5/2
f 891/5/2 888/5/2 892/5/2
f 893/5/2 894/5/2 897/5/2
f 897/5/2 894/5/2 898/5/2
f 895/5/2 896/5/2 899/5/2
f 899/5/2 896/5/2 900/5/2
f 901/5/2 902/5/2 905/5/2
f 905/5/2 902/5/2 906/5/2
f 903/5/2 904/5/2 907/5/2
f 907/5/2 904/5/2 908/5/2
f 909/5/2 910/5/2 913/5/2
f 913/5/2 910/5/2 914/5/2
f 911/5/2 912/5/2 915/5/2
f 915/5/2 912/5/2 916/5/2
f 917/5/2 918/5/2 921/5/2
f 921/5/2 918/5/2 922/5/2
f 919/5/2 920/5/2 923/5/2
f 923/5/2 920/5/2 924/5/2
f 925/5/2 926/5/2 929/5/2
f 929/5/2 926/5/2 930/5/2
f 927/5/2 928/5/2 931/5/2
f 931/5/2 928/5/2 932/5/2
f 933/2/2 934/2/2 936/2/2
f 934/5/2 935/5/2 937/5/2
f 936/2/2 934/2/2 937/2/2
f 937/5/2 935/5/2 938/5/2
f 939/2/2 940/2/2 942/2/2
f 940/5/2 941/5/2 943/5/2
f 942/2/2 940/2/2 943/2/2
f 943/5/2 941/5/2 944/5/2
f 945/2/2 946/2/2 948/2/2
f 946/5/2 947/5/2 949/5/2
f 948/2/2 946/2/2 949/2/2
f 949/5/2 947/5/2 950/5/2
f 951/2/2 952/2/2 954/2/2
f 952/5/2 953/5/2 955/5/2
f 954/2/2 952/2/2 955/2/2
f 955/5/2 953/5/2 956/5/2
f 957/2/2 958/2/2 960/2/2
f 958/5/2 959/5/2 961/5/2
f 960/2/2 958/2/2 961/2/2
f 961/5/2 959/5/2 962/5/2
f 963/2/2 964/2/2 966/2/2
f 964/5/2 965/5/2 967/5/2
f 966/2/2 964/2/2 967/2/2
f 967/5/2 965/5/2 968/5/2
f 969/2/2 970/2/2 972/2/2
f 970/5/2 971/5/2 973/5/2
f 972/2/2 970/2/2 973/2/2
f 973/5/2 971/5/2 974/5/2
f 975/2/2 976/2/2 978/2/2
f 976/5/2 977/5/2 979/5/2
f 978/2/2 976/2/2 979/2/2
f 979/5/2 977/5/2 980/5/2
f 981/2/2 982/2/2 984/2/2
f 982/5/2 983/5/2 985/5/2
f 984/2/2 982/2/2 985/2/2
f 985/5/2 983/5/2 986/5/2
f 987/2/2 988/2/2 990/2/2
f 988/5/2 989/5/2 991/5/2
f 990/2/2 988/2/2 991/2/2
f 991/5/2 989/5/2 992/5/2
f 993/2/2 994/2/2 996/2/2
f 994/5/2 995/5/2 997/5/2
f 996/2/2 994/2/2 997/2/2
f 997/5/2 995/5/2 998/5/2
f 999/2/2 1000/2/2 1002/2/2
f 1000/5/2 1001/5/2 1003/5/2
f 1002/2/2 1000/2/2 1003/2/2
f 1003/5/2 1001/5/2 1004/5/2
f 1005/2/2 1006/2/2 1008/2/2
f 1006/5/2 1007/5/2 1008/5/2
f 1008/5/2 1007/5/2 1009/5/2
f 1009/5/2 1007/5/2 1010/5/2
f 1010/5/2 1007/5/2 1011/5/2
f 1009/6/2 1010/6/2 1012/6/2
f 1012/6/2 1010/6/2 1013/6/2
f 1012/7/2 1013/7/2 1014/7/2
f 1014/7/2 1013/7/2 1015/7/2
f 1005/2/2 1008/2/2 1016/2/2
f 1014/6/2 1015/6/2 1017/6/2
f 1017/6/2 1015/6/2 1018/6/2
f 1005/2/2 1016/2/2 1020/2/2
f 1017/5/2 1018/5/2 1021/5/2
f 1020/2/2 1016/2/2 1021/2/2
f 1016/5/2 1017/5/2 1021/5/2
f 1018/5/2 1019/5/2 1021/5/2
f 1021/5/2 1019/5/2 1022/5/2
f 1025/2/3 1024/2/3 1023/2/3
f 1027/2/3 1026/2/3 1025/2/3
f 1029/2/3 1025/2/3 1023/2/3
f 1029/2/3 1028/2/3 1027/2/3
f 1029/2/3 1027/2/3 1025/2/3
f 1030/2/3 1028/2/3 1029/2/3
f 1031/2/3 1028/2/3 1030/2/3
f 1033/2/3 1032/2/3 1031/2/3
f 1033/2/3 1031/2/3 1030/2/3
f 1034/2/3 1032/2/3 1033/2/3
f 1035/2/3 1032/2/3 1034/2/3
f 1037/2/3 1036/2/3 1035/2/3
f 1037/2/3 1035/2/3 1034/2/3
f 1038/2/3 1036/2/3 1037/2/3
f 1039/2/3 1036/2/3 1038/2/3
f 1041/2/3 1040/2/3 1039/2/3
f 1041/2/3 1039/2/3 1038/2/3
f 1042/2/3 1040/2/3 1041/2/3
f 1043/2/3 1040/2/3 1042/2/3
f 1045/2/3 1044/2/3 1043/2/3
f 1045/2/3 1043/2/3 1042/2/3
f 1046/2/3 1044/2/3 1045/2/3
f 1047/2/3 1044/2/3 1046/2/3
f 1049/2/3 1048/2/3 1047/2/3
f 1049/2/3 1047/2/3 1046/2/3
f 1050/2/3 1048/2/3 1049/2/3
f 1051/2/3 1048/2/3 1050/2/3
f 1053/2/3 1052/2/3 1051/2/3
f 1053/2/3 1051/2/3 1050/2/3
f 1054/2/3 1052/2/3 1053/2/3
f 1055/2/3 1052/2/3 1054/2/3
f 1057/2/3 1056/2/3 1055/2/3
f 1057/2/3 1055/2/3 1054/2/3
f 1058/2/3 1056/2/3 1057/2/3
f 1059/2/3 1056/2/3 1058/2/3
f 1061/2/3 1060/2/3 1059/2/3
f 1061/2/3 1059/2/3 1058/2/3
f 1062/2/3 1060/2/3 1061/2/3
f 1063/2/3 1060/2/3 1062/2/3
f 1065/2/3 1064/2/3 1063/2/3
f 1065/2/3 1063/2/3 1062/2/3
f 1066/2/3 1064/2/3 1065/2/3
f 1067/2/3 1064/2/3 1066/2/3
f 1070/2/3 1068/2/3 1067/2/3
f 1070/2/3 1067/2/3 1066/2/3
f 1072/2/3 1070/2/3 1069/2/3
f 1073/2/3 1070/2/3 1072/2/3
f 1073/2/3 1072/2/3 1071/2/3
f 1074/2/3 1068/2/3 1070/2/3
f 1074/2/3 1070/2/3 1073/2/3
f 1076/2/3 1073/2/3 1071/2/3
f 1077/3/3 1074/3/3 1073/3/3
f 1077/2/3 1076/2/3 1075/2/3
f 1077/2/3 1073/2/3 1076/2/3
f 1078/2/3 1068/2/3 1074/2/3
f 1078/3/3 1074/3/3 1077/3/3
f 1079/2/3 1077/2/3 1075/2/3
f 1079/2/3 1078/2/3 1077/2/3
f 1080/2/3 1068/2/3 1078/2/3
f 1080/2/3 1078/2/3 1079/2/3
f 1081/2/3 1079/2/3 1075/2/3
f 1081/3/3 1080/3/3 1079/3/3
f 1082/2/3 1068/2/3 1080/2/3
f 1082/3/3 1080/3/3 1081/3/3
f 1083/2/3 1081/2/3 1075/2/3
f 1083/2/3 1082/2/3 1081/2/3
f 1084/2/3 1068/2/3 1082/2/3
f 1084/2/3 1082/2/3 1083/2/3
f 1085/2/3 1083/2/3 1075/2/3
f 1086/2/3 1083/2/3 1085/2/3
f 1087/3/3 1084/3/3 1083/3/3
f 1087/2/3 1083/2/3 1086/2/3
f 1088/2/3 1068/2/3 1084/2/3
f 1088/3/3 1084/3/3 1087/3/3
f 1089/2/3 1087/2/3 1086/2/3
f 1089/2/3 1088/2/3 1087/2/3
f 1090/2/3 1088/2/3 1089/2/3
f 1091/2/3 1088/2/3 1090/2/3
f 1092/2/3 1068/2/3 1088/2/3
f 1092/2/3 1088/2/3 1091/2/3
f 1094/2/3 1068/2/3 1092/2/3
f 1095/2/3 1068/2/3 1094/2/3
f 1096/2/3 1068/2/3 1095/2/3
f 1098/2/3 1094/2/3 1093/2/3
f 1098/2/3 1095/2/3 1094/2/3
f 1099/2/3 1095/2/3 1098/2/3
f 1100/2/3 1095/2/3 1099/2/3
f 1102/2/3 1098/2/3 1097/2/3
f 1102/2/3 1099/2/3 1098/2/3
f 1103/2/3 1099/2/3 1102/2/3
f 1104/2/3 1099/2/3 1103/2/3
f 1106/2/3 1102/2/3 1101/2/3
f 1106/2/3 1103/2/3 1102/2/3
f 1107/2/3 1103/2/3 1106/2/3
f 1108/2/3 1103/2/3 1107/2/3
f 1110/2/3 1106/2/3 1105/2/3
f 1110/2/3 1107/2/3 1106/2/3
f 1111/2/3 1107/2/3 1110/2/3
f 1112/2/3 1107/2/3 1111/2/3
f 1114/2/3 1110/2/3 1109/2/3
f 1114/2/3 1111/2/3 1110/2/3
f 1115/2/3 1111/2/3 1114/2/3
f 1116/2/3 1111/2/3 1115/2/3
f 1118/2/3 1114/2/3 1113/2/3
f 1118/2/3 1115/2/3 1114/2/3
f 1119/2/3 1115/2/3 1118/2/3
f 1120/2/3 1115/2/3 1119/2/3
f 1122/2/3 1118/2/3 1117/2/3
f 1122/2/3 1119/2/3 1118/2/3
f 1123/2/3 1119/2/3 1122/2/3
f 1124/2/3 1119/2/3 1123/2/3
f 1126/2/3 1122/2/3 1121/2/3
f 1126/2/3 1123/2/3 1122/2/3
f 1127/2/3 1123/2/3 1126/2/3
f 1128/2/3 1123/2/3 1127/2/3
f 1130/2/3 1126/2/3 1125/2/3
f 1130/2/3 1127/2/3 1126/2/3
f 1131/2/3 1127/2/3 1130/2/3
f 1132/2/3 1127/2/3 1131/2/3
f 1133/2/3 1130/2/3 1129/2/3
f 1133/2/3 1131/2/3 1130/2/3
f 1134/2/3 1131/2/3 1133/2/3
f 1135/2/3 1133/2/3 1129/2/3
f 1136/2/3 1133/2/3 1135/2/3
f 1137/2/3 1135/2/3 1129/2/3
f 1138/2/3 1135/2/3 1137/2/3
f 1147/5/3 1146/5/3 1145/5/3
f 1148/5/3 1146/5/3 1147/5/3
f 1149/5/3 1146/5/3 1148/5/3
f 1151/5/3 1140/5/3 1139/5/3
f 1152/5/3 1140/5/3 1151/5/3
f 1153/5/3 1150/5/3 1149/5/3
f 1153/5/3 1149/5/3 1148/5/3
f 1154/5/3 1150/5/3 1153/5/3
f 1155/5/3 1150/5/3 1154/5/3
f 1158/5/3 1142/5/3 1141/5/3
f 1159/5/3 1156/5/3 1155/5/3
f 1159/5/3 1155/5/3 1154/5/3
f 1160/5/3 1156/5/3 1159/5/3
f 1161/5/3 1156/5/3 1160/5/3
f 1164/5/3 1158/5/3 1157/5/3
f 1165/5/3 1161/5/3 1160/5/3
f 1165/5/3 1162/5/3 1161/5/3
f 1166/5/3 1162/5/3 1165/5/3
f 1167/5/3 1162/5/3 1166/5/3
f 1169/5/3 1168/5/3 1167/5/3
f 1169/5/3 1167/5/3 1166/5/3
f 1170/5/3 1168/5/3 1169/5/3
f 1171/5/3 1168/5/3 1170/5/3
f 1173/5/3 1172/5/3 1171/5/3
f 1173/5/3 1171/5/3 1170/5/3
f 1174/5/3 1172/5/3 1173/5/3
f 1175/5/3 1172/5/3 1174/5/3
f 1177/5/3 1164/5/3 1163/5/3
f 1177/5/3 1142/5/3 1158/5/3
f 1177/5/3 1158/5/3 1164/5/3
f 1178/5/3 1144/5/3 1143/5/3
f 1179/5/3 1176/5/3 1175/5/3
f 1179/5/3 1175/5/3 1174/5/3
f 1180/5/3 1176/5/3 1179/5/3
f 1181/5/3 1176/5/3 1180/5/3
f 1183/5/3 1182/5/3 1181/5/3
f 1183/5/3 1181/5/3 1180/5/3
f 1184/5/3 1182/5/3 1183/5/3
f 1185/5/3 1182/5/3 1184/5/3
f 1187/8/3 1178/8/3 1177/8/3
f 1187/5/3 1177/5/3 1163/5/3
f 1188/5/3 1144/5/3 1178/5/3
f 1188/8/3 1178/8/3 1187/8/3
f 1189/5/3 1186/5/3 1185/5/3
f 1189/5/3 1185/5/3 1184/5/3
f 1190/5/3 1186/5/3 1189/5/3
f 1191/5/3 1186/5/3 1190/5/3
f 1193/5/3 1192/5/3 1191/5/3
f 1193/5/3 1191/5/3 1190/5/3
f 1194/5/3 1192/5/3 1193/5/3
f 1195/5/3 1144/5/3 1188/5/3
f 1197/5/3 1196/5/3 1195/5/3
f 1199/5/3 1198/5/3 1197/5/3
f 1201/5/3 1200/5/3 1199/5/3
f 1203/5/3 1187/5/3 1163/5/3
f 1204/5/3 1202/5/3 1201/5/3
f 1204/5/3 1195/5/3 1188/5/3
f 1204/5/3 1201/5/3 1199/5/3
f 1204/5/3 1199/5/3 1197/5/3
f 1204/5/3 1197/5/3 1195/5/3
f 1205/5/3 1203/5/3 1163/5/3
f 1205/1/3 1204/1/3 1203/1/3
f 1206/5/3 1202/5/3 1204/5/3
f 1206/1/3 1204/1/3 1205/1/3
f 1207/5/3 1205/5/3 1163/5/3
f 1208/5/3 1205/5/3 1207/5/3
f 1209/5/3 1205/5/3 1208/5/3
f 1211/5/3 1210/5/3 1209/5/3
f 1211/5/3 1209/5/3 1208/5/3
f 1212/5/3 1210/5/3 1211/5/3
f 1214/5/3 1151/5/3 1139/5/3
f 1215/5/3 1207/5/3 1163/5/3
f 1216/5/3 1213/5/3 1212/5/3
f 1217/5/3 1213/5/3 1216/5/3
f 1218/5/3 1202/5/3 1206/5/3
f 1219/5/3 1218/5/3 1217/5/3
f 1220/5/3 1202/5/3 1218/5/3
f 1220/5/3 1218/5/3 1219/5/3
f 1221/5/3 1202/5/3 1220/5/3
f 1222/5/3 1202/5/3 1221/5/3
f 1223/5/3 1202/5/3 1222/5/3
f 1224/5/3 1192/5/3 1194/5/3
f 1226/5/3 1223/5/3 1222/5/3
f 1226/5/3 1224/5/3 1223/5/3
f 1227/5/3 1224/5/3 1226/5/3
f 1228/5/3 1192/5/3 1224/5/3
f 1228/5/3 1224/5/3 1227/5/3
f 1230/5/3 1227/5/3 1226/5/3
f 1230/5/3 1226/5/3 1225/5/3
f 1231/5/3 1227/5/3 1230/5/3
f 1232/5/3 1227/5/3 1231/5/3
f 1234/5/3 1230/5/3 1229/5/3
f 1234/5/3 1231/5/3 1230/5/3
f 1236/5/3 1234/5/3 1233/5/3
f 1237/5/3 1231/5/3 1234/5/3
f 1237/5/3 1234/5/3 1236/5/3
f 1238/5/3 1231/5/3 1237/5/3
f 1239/5/3 1231/5/3 1238/5/3
f 1240/5/3 1231/5/3 1239/5/3
f 1241/5/3 1215/5/3 1214/5/3
f 1241/5/3 1207/5/3 1215/5/3
f 1242/5/3 1236/5/3 1235/5/3
f 1242/5/3 1237/5/3 1236/5/3
f 1243/5/3 1237/5/3 1242/5/3
f 1244/5/3 1237/5/3 1243/5/3
f 1245/5/3 1242/5/3 1241/5/3
f 1245/5/3 1243/5/3 1242/5/3
f 1246/5/3 1243/5/3 1245/5/3
f 1247/5/3 1245/5/3 1241/5/3
f 1248/5/3 1245/5/3 1247/5/3
f 1249/5/3 1241/5/3 1214/5/3
f 1249/5/3 1247/5/3 1241/5/3
f 1250/5/3 1247/5/3 1249/5/3
f 1251/5/3 1214/5/3 1139/5/3
f 1251/5/3 1249/5/3 1214/5/3
f 1252/5/3 1249/5/3 1251/5/3
f 1253/5/3 1239/5/3 1238/5/3
f 1254/5/3 1239/5/3 1253/5/3
f 1259/5/3 1256/5/3 1255/5/3
f 1261/5/3 1260/5/3 1259/5/3
f 1263/5/3 1262/5/3 1261/5/3
f 1265/5/3 1259/5/3 1255/5/3
f 1265/5/3 1264/5/3 1263/5/3
f 1265/5/3 1263/5/3 1261/5/3
f 1265/5/3 1261/5/3 1259/5/3
f 1266/5/3 1264/5/3 1265/5/3
f 1267/5/3 1264/5/3 1266/5/3
f 1269/5/3 1258/5/3 1257/5/3
f 1271/5/3 1268/5/3 1267/5/3
f 1271/5/3 1267/5/3 1266/5/3
f 1272/5/3 1268/5/3 1271/5/3
f 1273/5/3 1268/5/3 1272/5/3
f 1274/5/3 1269/5/3 1257/5/3
f 1274/5/3 1270/5/3 1269/5/3
f 1275/5/3 1265/5/3 1255/5/3
f 1276/5/3 1265/5/3 1275/5/3
f 1277/5/3 1273/5/3 1272/5/3
f 1277/5/3 1274/5/3 1273/5/3
f 1278/5/3 1274/5/3 1277/5/3
f 1279/5/3 1270/5/3 1274/5/3
f 1279/5/3 1274/5/3 1278/5/3
f 1281/5/3 1279/5/3 1278/5/3
f 1281/5/3 1280/5/3 1279/5/3
f 1282/5/3 1280/5/3 1281/5/3
f 1283/5/3 1280/5/3 1282/5/3
f 1285/5/3 1283/5/3 1282/5/3
f 1285/5/3 1284/5/3 1283/5/3
f 1286/5/3 1284/5/3 1285/5/3
f 1287/5/3 1284/5/3 1286/5/3
f 1288/5/3 1284/5/3 1287/5/3
f 1290/5/3 1287/5/3 1286/5/3
f 1292/5/3 1290/5/3 1289/5/3
f 1294/5/3 1292/5/3 1291/5/3
f 1296/5/3 1294/5/3 1293/5/3
f 1297/5/3 1265/5/3 1276/5/3
f 1298/5/3 1296/5/3 1295/5/3
f 1299/5/3 1275/5/3 1255/5/3
f 1301/5/3 1298/5/3 1297/5/3
f 1301/5/3 1287/5/3 1290/5/3
f 1301/5/3 1290/5/3 1292/5/3
f 1301/5/3 1296/5/3 1298/5/3
f 1301/5/3 1292/5/3 1294/5/3
f 1301/5/3 1294/5/3 1296/5/3
f 1302/5/3 1287/5/3 1301/5/3
f 1303/5/3 1300/5/3 1299/5/3
f 1305/5/3 1301/5/3 1297/5/3
f 1306/5/3 1301/5/3 1305/5/3
f 1307/5/3 1304/5/3 1303/5/3
f 1309/5/3 1305/5/3 1297/5/3
f 1310/5/3 1305/5/3 1309/5/3
f 1311/5/3 1308/5/3 1307/5/3
f 1313/5/3 1309/5/3 1297/5/3
f 1314/5/3 1309/5/3 1313/5/3
f 1315/5/3 1313/5/3 1297/5/3
f 1316/5/3 1313/5/3 1315/5/3
f 1317/5/3 1315/5/3 1297/5/3
f 1318/5/3 1315/5/3 1317/5/3
f 1319/5/3 1297/5/3 1276/5/3
f 1319/5/3 1317/5/3 1297/5/3
f 1320/5/3 1317/5/3 1319/5/3
f 1321/5/3 1287/5/3 1302/5/3
f 1322/5/3 1287/5/3 1321/5/3
f 1323/5/3 1321/5/3 1302/5/3
f 1324/5/3 1321/5/3 1323/5/3
f 1325/5/3 1312/5/3 1311/5/3
f 1326/5/3 1319/5/3 1276/5/3
f 1327/5/3 1319/5/3 1326/5/3
f 1329/5/3 1323/5/3 1302/5/3
f 1330/5/3 1323/5/3 1329/5/3
f 1331/5/3 1328/5/3 1327/5/3
f 1331/5/3 1326/5/3 1325/5/3
f 1331/5/3 1327/5/3 1326/5/3
f 1333/5/3 1329/5/3 1302/5/3
f 1334/5/3 1329/5/3 1333/5/3
f 1335/5/3 1332/5/3 1331/5/3
f 1337/5/3 1333/5/3 1302/5/3
f 1338/5/3 1333/5/3 1337/5/3
f 1340/5/3 1284/5/3 1288/5/3
f 1341/5/3 1336/5/3 1335/5/3
f 1344/5/3 1340/5/3 1339/5/3
f 1345/5/3 1284/5/3 1340/5/3
f 1345/5/3 1340/5/3 1344/5/3
f 1346/5/3 1284/5/3 1345/5/3
f 1347/5/3 1342/5/3 1341/5/3
f 1350/5/3 1344/5/3 1343/5/3
f 1350/5/3 1345/5/3 1344/5/3
f 1351/5/3 1345/5/3 1350/5/3
f 1352/5/3 1345/5/3 1351/5/3
f 1353/5/3 1348/5/3 1347/5/3
f 1356/5/3 1350/5/3 1349/5/3
f 1356/5/3 1351/5/3 1350/5/3
f 1357/5/3 1351/5/3 1356/5/3
f 1358/5/3 1351/5/3 1357/5/3
f 1359/5/3 1354/5/3 1353/5/3
f 1362/5/3 1356/5/3 1355/5/3
f 1362/5/3 1357/5/3 1356/5/3
f 1363/5/3 1357/5/3 1362/5/3
f 1364/5/3 1357/5/3 1363/5/3
f 1365/5/3 1360/5/3 1359/5/3
f 1368/5/3 1362/5/3 1361/5/3
f 1368/5/3 1363/5/3 1362/5/3
f 1369/5/3 1363/5/3 1368/5/3
f 1370/5/3 1363/5/3 1369/5/3
f 1371/5/3 1366/5/3 1365/5/3
f 1374/5/3 1368/5/3 1367/5/3
f 1374/5/3 1369/5/3 1368/5/3
f 1375/5/3 1369/5/3 1374/5/3
f 1376/5/3 1369/5/3 1375/5/3
f 1377/5/3 1372/5/3 1371/5/3
f 1380/5/3 1374/5/3 1373/5/3
f 1380/5/3 1375/5/3 1374/5/3
f 1381/5/3 1375/5/3 1380/5/3
f 1382/5/3 1375/5/3 1381/5/3
f 1383/5/3 1378/5/3 1377/5/3
f 1384/5/3 1337/5/3 1302/5/3
f 1386/5/3 1380/5/3 1379/5/3
f 1386/5/3 1381/5/3 1380/5/3
f 1387/5/3 1381/5/3 1386/5/3
f 1388/5/3 1381/5/3 1387/5/3
f 1390/5/3 1386/5/3 1385/5/3
f 1390/5/3 1387/5/3 1386/5/3
f 1391/5/3 1387/5/3 1390/5/3
f 1392/5/3 1387/5/3 1391/5/3
f 1393/5/3 1325/5/3 1311/5/3
f 1393/5/3 1311/5/3 1307/5/3
f 1393/5/3 1331/5/3 1325/5/3
f 1393/5/3 1299/5/3 1255/5/3
f 1393/5/3 1303/5/3 1299/5/3
f 1393/5/3 1307/5/3 1303/5/3
f 1393/5/3 1383/5/3 1377/5/3
f 1393/5/3 1335/5/3 1331/5/3
f 1393/5/3 1341/5/3 1335/5/3
f 1393/5/3 1384/5/3 1383/5/3
f 1393/5/3 1347/5/3 1341/5/3
f 1393/5/3 1377/5/3 1371/5/3
f 1393/5/3 1353/5/3 1347/5/3
f 1393/5/3 1359/5/3 1353/5/3
f 1393/5/3 1371/5/3 1365/5/3
f 1393/5/3 1365/5/3 1359/5/3
f 1394/5/3 1337/5/3 1384/5/3
f 1394/5/3 1384/5/3 1393/5/3
f 1395/5/3 1391/5/3 1390/5/3
f 1395/5/3 1390/5/3 1389/5/3
f 1396/5/3 1391/5/3 1395/5/3
f 1401/4/3 1399/4/3 1398/4/3
f 1402/7/3 1400/7/3 1399/7/3
f 1402/4/3 1399/4/3 1401/4/3
f 1403/7/3 1402/7/3 1401/7/3
f 1403/7/3 1400/7/3 1402/7/3
f 1404/7/3 1400/7/3 1403/7/3
f 1405/7/3 1398/7/3 1397/7/3
f 1406/4/3 1401/4/3 1398/4/3
f 1406/7/3 1398/7/3 1405/7/3
f 1407/7/3 1403/7/3 1401/7/3
f 1407/4/3 1401/4/3 1406/4/3
f 1408/7/3 1407/7/3 1406/7/3
f 1408/7/3 1403/7/3 1407/7/3
f 1409/4/3 1404/4/3 1403/4/3
f 1409/7/3 1403/7/3 1408/7/3
f 1410/7/3 1408/7/3 1406/7/3
f 1410/4/3 1409/4/3 1408/4/3
f 1411/4/3 1404/4/3 1409/4/3
f 1411/4/3 1409/4/3 1410/4/3
f 1412/4/3 1406/4/3 1405/4/3
f 1413/7/3 1410/7/3 1406/7/3
f 1413/4/3 1406/4/3 1412/4/3
f 1413/7/3 1411/7/3 1410/7/3
f 1414/7/3 1411/7/3 1413/7/3
f 1415/7/3 1413/7/3 1412/7/3
f 1416/4/3 1414/4/3 1413/4/3
f 1416/7/3 1413/7/3 1415/7/3
f 1417/7/3 1411/7/3 1414/7/3
f 1417/4/3 1414/4/3 1416/4/3
f 1418/4/3 1404/4/3 1411/4/3
f 1418/7/3 1411/7/3 1417/7/3
f 1419/4/3 1404/4/3 1418/4/3
f 1425/7/3 1423/7/3 1422/7/3
f 1425/4/3 1424/4/3 1423/4/3
f 1426/4/3 1424/4/3 1425/4/3
f 1427/7/3 1421/7/3 1420/7/3
f 1427/4/3 1422/4/3 1421/4/3
f 1428/7/3 1426/7/3 1425/7/3
f 1428/4/3 1422/4/3 1427/4/3
f 1428/7/3 1425/7/3 1422/7/3
f 1429/7/3 1426/7/3 1428/7/3
f 1430/7/3 1426/7/3 1429/7/3
f 1431/7/3 1427/7/3 1420/7/3
f 1431/7/3 1428/7/3 1427/7/3
f 1431/7/3 1429/7/3 1428/7/3
f 1432/7/3 1429/7/3 1431/7/3
f 1433/7/3 1431/7/3 1420/7/3
f 1434/4/3 1432/4/3 1431/4/3
f 1434/7/3 1431/7/3 1433/7/3
f 1435/7/3 1429/7/3 1432/7/3
f 1435/4/3 1432/4/3 1434/4/3
f 1436/4/3 1430/4/3 1429/4/3
f 1436/7/3 1429/7/3 1435/7/3
f 1437/4/3 1430/4/3 1436/4/3
f 1442/7/3 1441/7/3 1440/7/3
f 1443/7/3 1441/7/3 1442/7/3
f 1444/7/3 1439/7/3 1438/7/3
f 1444/4/3 1440/4/3 1439/4/3
f 1445/7/3 1442/7/3 1440/7/3
f 1445/4/3 1440/4/3 1444/4/3
f 1446/7/3 1444/7/3 1438/7/3
f 1446/7/3 1445/7/3 1444/7/3
f 1447/7/3 1442/7/3 1445/7/3
f 1447/7/3 1445/7/3 1446/7/3
f 1450/7/3 1446/7/3 1438/7/3
f 1451/4/3 1447/4/3 1446/4/3
f 1451/7/3 1446/7/3 1450/7/3
f 1452/4/3 1449/4/3 1448/4/3
f 1453/4/3 1449/4/3 1452/4/3
f 1454/4/3 1449/4/3 1453/4/3
f 1455/4/3 1447/4/3 1451/4/3
f 1456/7/3 1442/7/3 1447/7/3
f 1456/4/3 1447/4/3 1455/4/3
f 1457/4/3 1443/4/3 1442/4/3
f 1457/7/3 1442/7/3 1456/7/3
f 1458/5/3 1453/5/3 1452/5/3
f 1459/4/3 1454/4/3 1453/4/3
f 1459/5/3 1453/5/3 1458/5/3
f 1459/4/3 1455/4/3 1454/4/3
f 1460/4/3 1455/4/3 1459/4/3
f 1461/4/3 1455/4/3 1460/4/3
f 1462/4/3 1443/4/3 1457/4/3
f 1463/4/3 1443/4/3 1462/4/3
f 1464/4/3 1459/4/3 1458/4/3
f 1464/5/3 1460/5/3 1459/5/3
f 1465/4/3 1461/4/3 1460/4/3
f 1465/5/3 1460/5/3 1464/5/3
f 1465/4/3 1462/4/3 1461/4/3
f 1466/4/3 1462/4/3 1465/4/3
f 1467/4/3 1462/4/3 1466/4/3
f 1469/4/3 1468/4/3 1467/4/3
f 1471/4/3 1469/4/3 1467/4/3
f 1471/4/3 1470/4/3 1469/4/3
f 1472/4/3 1470/4/3 1471/4/3
f 1473/4/3 1466/4/3 1465/4/3
f 1473/4/3 1465/4/3 1464/4/3
f 1473/4/3 1464/4/3 1458/4/3
f 1474/4/3 1466/4/3 1473/4/3
f 1475/5/3 1467/5/3 1466/5/3
f 1475/4/3 1466/4/3 1474/4/3
f 1476/4/3 1471/4/3 1467/4/3
f 1476/5/3 1467/5/3 1475/5/3
f 1477/4/3 1471/4/3 1476/4/3
f 1478/4/3 1473/4/3 1458/4/3
f 1479/5/3 1474/5/3 1473/5/3
f 1479/4/3 1473/4/3 1478/4/3
f 1480/4/3 1475/4/3 1474/4/3
f 1480/5/3 1474/5/3 1479/5/3
f 1480/4/3 1476/4/3 1475/4/3
f 1481/4/3 1476/4/3 1480/4/3
f 1482/4/3 1476/4/3 1481/4/3
f 1483/5/3 1479/5/3 1478/5/3
f 1484/4/3 1480/4/3 1479/4/3
f 1484/5/3 1479/5/3 1483/5/3
f 1484/4/3 1481/4/3 1480/4/3
f 1485/4/3 1481/4/3 1484/4/3
f 1486/4/3 1481/4/3 1485/4/3
f 1489/4/3 1485/4/3 1484/4/3
f 1489/4/3 1484/4/3 1483/4/3
f 1490/4/3 1485/4/3 1489/4/3
f 1492/4/3 1488/4/3 1487/4/3
f 1493/4/3 1488/4/3 1492/4/3
f 1495/4/3 1492/4/3 1491/4/3
f 1496/4/3 1492/4/3 1495/4/3
f 1497/5/3 1493/5/3 1492/5/3
f 1497/4/3 1492/4/3 1496/4/3
f 1499/4/3 1495/4/3 1494/4/3
f 1500/5/3 1496/5/3 1495/5/3
f 1500/4/3 1495/4/3 1499/4/3
f 1501/5/3 1493/5/3 1497/5/3
f 1501/9/3 1497/9/3 1496/9/3
f 1502/5/3 1493/5/3 1501/5/3
f 1504/4/3 1499/4/3 1498/4/3
f 1505/4/3 1499/4/3 1504/4/3
f 1506/5/3 1500/5/3 1499/5/3
f 1506/4/3 1499/4/3 1505/4/3
f 1507/5/3 1500/5/3 1506/5/3
f 1508/5/3 1496/5/3 1500/5/3
f 1508/5/3 1500/5/3 1507/5/3
f 1509/9/3 1501/9/3 1496/9/3
f 1509/5/3 1496/5/3 1508/5/3
f 1509/9/3 1502/9/3 1501/9/3
f 1510/9/3 1502/9/3 1509/9/3
f 1511/4/3 1504/4/3 1503/4/3
f 1512/4/3 1504/4/3 1511/4/3
f 1513/5/3 1505/5/3 1504/5/3
f 1513/4/3 1504/4/3 1512/4/3
f 1514/9/3 1507/9/3 1506/9/3
f 1514/5/3 1505/5/3 1513/5/3
f 1514/9/3 1506/9/3 1505/9/3
f 1515/9/3 1507/9/3 1514/9/3
f 1516/5/3 1508/5/3 1507/5/3
f 1516/9/3 1507/9/3 1515/9/3
f 1517/9/3 1509/9/3 1508/9/3
f 1517/5/3 1508/5/3 1516/5/3
f 1518/5/3 1510/5/3 1509/5/3
f 1519/4/3 1512/4/3 1511/4/3
f 1520/5/3 1513/5/3 1512/5/3
f 1520/4/3 1512/4/3 1519/4/3
f 1520/5/3 1515/5/3 1514/5/3
f 1520/5/3 1514/5/3 1513/5/3
f 1521/5/3 1515/5/3 1520/5/3
f 1522/9/3 1516/9/3 1515/9/3
f 1522/9/3 1509/9/3 1517/9/3
f 1522/9/3 1517/9/3 1516/9/3
f 1523/5/3 1518/5/3 1509/5/3
f 1523/9/3 1509/9/3 1522/9/3
f 1524/5/3 1518/5/3 1523/5/3
f 1525/5/3 1518/5/3 1524/5/3
f 1526/4/3 1521/4/3 1520/4/3
f 1526/4/3 1520/4/3 1519/4/3
f 1527/5/3 1515/5/3 1521/5/3
f 1527/4/3 1521/4/3 1526/4/3
f 1528/9/3 1522/9/3 1515/9/3
f 1528/5/3 1515/5/3 1527/5/3
f 1529/9/3 1522/9/3 1528/9/3
f 1530/5/3 1523/5/3 1522/5/3
f 1530/9/3 1522/9/3 1529/9/3
f 1531/5/3 1525/5/3 1524/5/3
f 1531/9/3 1524/9/3 1523/9/3
f 1532/5/3 1525/5/3 1531/5/3
f 1533/4/3 1528/4/3 1527/4/3
f 1534/9/3 1529/9/3 1528/9/3
f 1534/4/3 1528/4/3 1533/4/3
f 1535/5/3 1530/5/3 1529/5/3
f 1535/9/3 1529/9/3 1534/9/3
f 1536/5/3 1523/5/3 1530/5/3
f 1536/5/3 1530/5/3 1535/5/3
f 1537/9/3 1532/9/3 1531/9/3
f 1537/5/3 1523/5/3 1536/5/3
f 1537/9/3 1531/9/3 1523/9/3
f 1538/9/3 1532/9/3 1537/9/3
f 1539/5/3 1525/5/3 1532/5/3
f 1539/9/3 1532/9/3 1538/9/3
f 1540/5/3 1525/5/3 1539/5/3
f 1541/4/3 1535/4/3 1534/4/3
f 1541/4/3 1536/4/3 1535/4/3
f 1542/5/3 1538/5/3 1537/5/3
f 1542/4/3 1536/4/3 1541/4/3
f 1542/5/3 1537/5/3 1536/5/3
f 1543/9/3 1540/9/3 1539/9/3
f 1543/5/3 1538/5/3 1542/5/3
f 1543/9/3 1539/9/3 1538/9/3
f 1544/9/3 1540/9/3 1543/9/3
f 1547/4/3 1543/4/3 1542/4/3
f 1548/5/3 1544/5/3 1543/5/3
f 1548/4/3 1543/4/3 1547/4/3
f 1549/5/3 1544/5/3 1548/5/3
f 1550/4/3 1546/4/3 1545/4/3
f 1551/4/3 1546/4/3 1550/4/3
f 1552/4/3 1546/4/3 1551/4/3
f 1554/4/3 1549/4/3 1548/4/3
f 1555/4/3 1549/4/3 1554/4/3
f 1556/5/3 1551/5/3 1550/5/3
f 1557/4/3 1553/4/3 1552/4/3
f 1557/5/3 1551/5/3 1556/5/3
f 1557/4/3 1552/4/3 1551/4/3
f 1558/4/3 1553/4/3 1557/4/3
f 1559/4/3 1553/4/3 1558/4/3
f 1561/4/3 1557/4/3 1556/4/3
f 1561/5/3 1558/5/3 1557/5/3
f 1562/4/3 1560/4/3 1559/4/3
f 1562/5/3 1558/5/3 1561/5/3
f 1562/4/3 1559/4/3 1558/4/3
f 1563/4/3 1560/4/3 1562/4/3
f 1564/4/3 1560/4/3 1563/4/3
f 1566/4/3 1565/4/3 1564/4/3
f 1568/4/3 1566/4/3 1564/4/3
f 1568/4/3 1567/4/3 1566/4/3
f 1569/4/3 1567/4/3 1568/4/3
f 1570/4/3 1561/4/3 1556/4/3
f 1570/4/3 1562/4/3 1561/4/3
f 1570/4/3 1563/4/3 1562/4/3
f 1571/4/3 1563/4/3 1570/4/3
f 1572/5/3 1564/5/3 1563/5/3
f 1572/4/3 1563/4/3 1571/4/3
f 1573/4/3 1568/4/3 1564/4/3
f 1573/5/3 1564/5/3 1572/5/3
f 1574/4/3 1568/4/3 1573/4/3
f 1575/4/3 1570/4/3 1556/4/3
f 1576/5/3 1571/5/3 1570/5/3
f 1576/4/3 1570/4/3 1575/4/3
f 1577/4/3 1572/4/3 1571/4/3
f 1577/5/3 1571/5/3 1576/5/3
f 1577/4/3 1573/4/3 1572/4/3
f 1578/4/3 1573/4/3 1577/4/3
f 1579/4/3 1573/4/3 1578/4/3
f 1580/5/3 1576/5/3 1575/5/3
f 1581/4/3 1577/4/3 1576/4/3
f 1581/5/3 1576/5/3 1580/5/3
f 1581/4/3 1578/4/3 1577/4/3
f 1582/4/3 1578/4/3 1581/4/3
f 1583/4/3 1578/4/3 1582/4/3
f 1584/4/3 1581/4/3 1580/4/3
f 1584/4/3 1582/4/3 1581/4/3
f 1585/4/3 1582/4/3 1584/4/3
f 1598/7/3 1592/7/3 1591/7/3
f 1598/6/3 1593/6/3 1592/6/3
f 1599/6/3 1593/6/3 1598/6/3
f 1600/6/3 1587/6/3 1586/6/3
f 1601/7/3 1588/7/3 1587/7/3
f 1601/6/3 1587/6/3 1600/6/3
f 1602/6/3 1589/6/3 1588/6/3
f 1602/7/3 1588/7/3 1601/7/3
f 1603/7/3 1590/7/3 1589/7/3
f 1603/6/3 1589/6/3 1602/6/3
f 1604/7/3 1598/7/3 1591/7/3
f 1604/7/3 1599/7/3 1598/7/3
f 1605/6/3 1593/6/3 1599/6/3
f 1605/7/3 1599/7/3 1604/7/3
f 1607/7/3 1601/7/3 1600/7/3
f 1607/7/3 1602/7/3 1601/7/3
f 1607/7/3 1603/7/3 1602/7/3
f 1608/7/3 1603/7/3 1607/7/3
f 1609/7/3 1603/7/3 1608/7/3
f 1610/7/3 1590/7/3 1603/7/3
f 1610/7/3 1603/7/3 1609/7/3
f 1611/6/3 1591/6/3 1590/6/3
f 1611/7/3 1590/7/3 1610/7/3
f 1612/6/3 1607/6/3 1606/6/3
f 1613/7/3 1608/7/3 1607/7/3
f 1613/6/3 1607/6/3 1612/6/3
f 1614/7/3 1610/7/3 1609/7/3
f 1614/6/3 1611/6/3 1610/6/3
f 1615/7/3 1604/7/3 1591/7/3
f 1615/6/3 1611/6/3 1614/6/3
f 1615/6/3 1591/6/3 1611/6/3
f 1616/6/3 1597/6/3 1596/6/3
f 1619/7/3 1613/7/3 1612/7/3
f 1620/7/3 1608/7/3 1613/7/3
f 1620/7/3 1613/7/3 1619/7/3
f 1621/6/3 1609/6/3 1608/6/3
f 1621/7/3 1608/7/3 1620/7/3
f 1622/7/3 1614/7/3 1609/7/3
f 1622/6/3 1609/6/3 1621/6/3
f 1622/7/3 1615/7/3 1614/7/3
f 1623/7/3 1615/7/3 1622/7/3
f 1624/6/3 1605/6/3 1604/6/3
f 1624/7/3 1615/7/3 1623/7/3
f 1624/7/3 1604/7/3 1615/7/3
f 1625/6/3 1617/6/3 1616/6/3
f 1627/6/3 1624/6/3 1623/6/3
f 1628/6/3 1593/6/3 1605/6/3
f 1628/6/3 1624/6/3 1627/6/3
f 1628/6/3 1605/6/3 1624/6/3
f 1629/6/3 1626/6/3 1625/6/3
f 1631/7/3 1623/7/3 1622/7/3
f 1631/7/3 1622/7/3 1621/7/3
f 1632/6/3 1627/6/3 1623/6/3
f 1632/7/3 1623/7/3 1631/7/3
f 1633/6/3 1627/6/3 1632/6/3
f 1634/6/3 1627/6/3 1633/6/3
f 1635/6/3 1630/6/3 1629/6/3
f 1635/6/3 1629/6/3 1625/6/3
f 1635/6/3 1625/6/3 1616/6/3
f 1635/6/3 1616/6/3 1596/6/3
f 1636/6/3 1630/6/3 1635/6/3
f 1637/6/3 1630/6/3 1636/6/3
f 1639/6/3 1619/6/3 1618/6/3
f 1640/7/3 1620/7/3 1619/7/3
f 1640/6/3 1619/6/3 1639/6/3
f 1641/6/3 1595/6/3 1594/6/3
f 1642/7/3 1596/7/3 1595/7/3
f 1642/6/3 1595/6/3 1641/6/3
f 1643/6/3 1635/6/3 1596/6/3
f 1643/7/3 1596/7/3 1642/7/3
f 1644/7/3 1636/7/3 1635/7/3
f 1644/6/3 1635/6/3 1643/6/3
f 1645/7/3 1636/7/3 1644/7/3
f 1646/7/3 1636/7/3 1645/7/3
f 1647/6/3 1637/6/3 1636/6/3
f 1647/7/3 1636/7/3 1646/7/3
f 1648/6/3 1637/6/3 1647/6/3
f 1649/7/3 1638/7/3 1637/7/3
f 1651/7/3 1640/7/3 1639/7/3
f 1652/7/3 1620/7/3 1640/7/3
f 1652/7/3 1640/7/3 1651/7/3
f 1653/7/3 1642/7/3 1641/7/3
f 1653/7/3 1643/7/3 1642/7/3
f 1653/7/3 1644/7/3 1643/7/3
f 1653/7/3 1645/7/3 1644/7/3
f 1654/6/3 1646/6/3 1645/6/3
f 1654/7/3 1645/7/3 1653/7/3
f 1655/7/3 1648/7/3 1647/7/3
f 1655/6/3 1646/6/3 1654/6/3
f 1655/7/3 1647/7/3 1646/7/3
f 1656/7/3 1648/7/3 1655/7/3
f 1657/6/3 1637/6/3 1648/6/3
f 1657/7/3 1648/7/3 1656/7/3
f 1658/7/3 1649/7/3 1637/7/3
f 1658/6/3 1637/6/3 1657/6/3
f 1659/6/3 1650/6/3 1649/6/3
f 1661/6/3 1656/6/3 1655/6/3
f 1661/7/3 1657/7/3 1656/7/3
f 1661/6/3 1654/6/3 1653/6/3
f 1661/7/3 1658/7/3 1657/7/3
f 1661/6/3 1655/6/3 1654/6/3
f 1662/7/3 1649/7/3 1658/7/3
f 1662/7/3 1658/7/3 1661/7/3
f 1663/6/3 1660/6/3 1659/6/3
f 1665/6/3 1664/6/3 1663/6/3
f 1667/7/3 1666/7/3 1665/7/3
f 1669/6/3 1662/6/3 1661/6/3
f 1670/7/3 1649/7/3 1662/7/3
f 1670/6/3 1662/6/3 1669/6/3
f 1671/6/3 1668/6/3 1667/6/3
f 1673/6/3 1669/6/3 1661/6/3
f 1673/6/3 1661/6/3 1653/6/3
f 1674/6/3 1669/6/3 1673/6/3
f 1675/7/3 1649/7/3 1670/7/3
f 1675/7/3 1670/7/3 1669/7/3
f 1676/6/3 1659/6/3 1649/6/3
f 1676/7/3 1649/7/3 1675/7/3
f 1676/6/3 1663/6/3 1659/6/3
f 1676/6/3 1665/6/3 1663/6/3
f 1677/6/3 1665/6/3 1676/6/3
f 1678/7/3 1667/7/3 1665/7/3
f 1678/6/3 1665/6/3 1677/6/3
f 1679/6/3 1652/6/3 1651/6/3
f 1680/7/3 1620/7/3 1652/7/3
f 1680/6/3 1652/6/3 1679/6/3
f 1681/6/3 1621/6/3 1620/6/3
f 1681/7/3 1620/7/3 1680/7/3
f 1682/7/3 1631/7/3 1621/7/3
f 1682/6/3 1621/6/3 1681/6/3
f 1683/6/3 1633/6/3 1632/6/3
f 1683/7/3 1631/7/3 1682/7/3
f 1683/6/3 1632/6/3 1631/6/3
f 1684/6/3 1633/6/3 1683/6/3
f 1685/6/3 1669/6/3 1674/6/3
f 1686/6/3 1669/6/3 1685/6/3
f 1687/7/3 1667/7/3 1678/7/3
f 1687/7/3 1678/7/3 1677/7/3
f 1688/6/3 1672/6/3 1671/6/3
f 1688/7/3 1667/7/3 1687/7/3
f 1688/6/3 1671/6/3 1667/6/3
f 1689/7/3 1680/7/3 1679/7/3
f 1689/7/3 1681/7/3 1680/7/3
f 1689/7/3 1682/7/3 1681/7/3
f 1689/7/3 1683/7/3 1682/7/3
f 1689/7/3 1684/7/3 1683/7/3
f 1690/7/3 1684/7/3 1689/7/3
f 1691/7/3 1684/7/3 1690/7/3
f 1692/7/3 1684/7/3 1691/7/3
f 1693/7/3 1684/7/3 1692/7/3
f 1694/7/3 1684/7/3 1693/7/3
f 1695/6/3 1669/6/3 1686/6/3
f 1696/7/3 1675/7/3 1669/7/3
f 1696/6/3 1669/6/3 1695/6/3
f 1697/7/3 1675/7/3 1696/7/3
f 1698/6/3 1677/6/3 1676/6/3
f 1698/7/3 1675/7/3 1697/7/3
f 1698/6/3 1676/6/3 1675/6/3
f 1699/7/3 1693/7/3 1692/7/3
f 1699/6/3 1694/6/3 1693/6/3
f 1700/6/3 1694/6/3 1699/6/3
f 1701/6/3 1688/6/3 1687/6/3
f 1701/7/3 1687/7/3 1677/7/3
f 1702/6/3 1672/6/3 1688/6/3
f 1702/6/3 1688/6/3 1701/6/3
f 1703/7/3 1700/7/3 1699/7/3
f 1704/7/3 1700/7/3 1703/7/3
f 1705/7/3 1701/7/3 1677/7/3
f 1705/6/3 1677/6/3 1698/6/3
f 1705/7/3 1702/7/3 1701/7/3
f 1706/7/3 1702/7/3 1705/7/3
f 1707/7/3 1699/7/3 1692/7/3
f 1707/7/3 1703/7/3 1699/7/3
f 1708/6/3 1704/6/3 1703/6/3
f 1708/7/3 1703/7/3 1707/7/3
f 1709/6/3 1692/6/3 1691/6/3
f 1709/7/3 1691/7/3 1690/7/3
f 1710/7/3 1707/7/3 1692/7/3
f 1710/6/3 1692/6/3 1709/6/3
f 1711/6/3 1706/6/3 1705/6/3
f 1711/6/3 1705/6/3 1698/6/3
f 1712/7/3 1702/7/3 1706/7/3
f 1712/6/3 1706/6/3 1711/6/3
f 1713/6/3 1711/6/3 1698/6/3
f 1714/7/3 1712/7/3 1711/7/3
f 1714/6/3 1711/6/3 1713/6/3
f 1715/7/3 1702/7/3 1712/7/3
f 1715/7/3 1712/7/3 1714/7/3
f 1716/6/3 1672/6/3 1702/6/3
f 1716/7/3 1702/7/3 1715/7/3
f 1717/7/3 1715/7/3 1714/7/3
f 1717/7/3 1714/7/3 1713/7/3
f 1718/6/3 1716/6/3 1715/6/3
f 1718/7/3 1715/7/3 1717/7/3
f 1719/6/3 1690/6/3 1689/6/3
f 1720/7/3 1709/7/3 1690/7/3
f 1720/6/3 1690/6/3 1719/6/3
f 1720/7/3 1710/7/3 1709/7/3
f 1721/7/3 1710/7/3 1720/7/3
f 1722/7/3 1707/7/3 1710/7/3
f 1722/7/3 1710/7/3 1721/7/3
f 1723/7/3 1721/7/3 1720/7/3
f 1723/7/3 1720/7/3 1719/7/3
f 1724/7/3 1721/7/3 1723/7/3
f 1725/6/3 1713/6/3 1698/6/3
f 1726/7/3 1717/7/3 1713/7/3
f 1726/6/3 1713/6/3 1725/6/3
f 1727/6/3 1718/6/3 1717/6/3
f 1727/7/3 1717/7/3 1726/7/3
f 1728/6/3 1716/6/3 1718/6/3
f 1728/6/3 1718/6/3 1727/6/3
f 1729/7/3 1727/7/3 1726/7/3
f 1729/7/3 1726/7/3 1725/7/3
f 1729/7/3 1728/7/3 1727/7/3
f 1730/7/3 1728/7/3 1729/7/3
f 1731/6/3 1716/6/3 1728/6/3
f 1731/7/3 1728/7/3 1730/7/3
f 1732/6/3 1672/6/3 1716/6/3
f 1732/6/3 1716/6/3 1731/6/3
f 1733/6/3 1730/6/3 1729/6/3
f 1734/7/3 1731/7/3 1730/7/3
f 1734/6/3 1730/6/3 1733/6/3
f 1734/7/3 1732/7/3 1731/7/3
f 1735/7/3 1732/7/3 1734/7/3
f 1736/7/3 1734/7/3 1733/7/3
f 1736/6/3 1735/6/3 1734/6/3
f 1737/6/3 1735/6/3 1736/6/3
f 1738/6/3 1733/6/3 1729/6/3
f 1738/7/3 1736/7/3 1733/7/3
f 1738/7/3 1737/7/3 1736/7/3
f 1739/7/3 1737/7/3 1738/7/3
f 1740/6/3 1724/6/3 1723/6/3
f 1741/7/3 1721/7/3 1724/7/3
f 1741/6/3 1724/6/3 1740/6/3
f 1742/6/3 1722/6/3 1721/6/3
f 1742/7/3 1721/7/3 1741/7/3
f 1743/7/3 1707/7/3 1722/7/3
f 1743/6/3 1722/6/3 1742/6/3
f 1744/6/3 1708/6/3 1707/6/3
f 1744/7/3 1707/7/3 1743/7/3
f 1745/6/3 1704/6/3 1708/6/3
f 1745/6/3 1708/6/3 1744/6/3
f 1746/6/3 1738/6/3 1729/6/3
f 1746/6/3 1739/6/3 1738/6/3
f 1747/7/3 1737/7/3 1739/7/3
f 1747/6/3 1739/6/3 1746/6/3
f 1748/7/3 1747/7/3 1746/7/3
f 1749/6/3 1735/6/3 1737/6/3
f 1749/7/3 1747/7/3 1748/7/3
f 1749/7/3 1737/7/3 1747/7/3
f 1750/6/3 1746/6/3 1729/6/3
f 1751/7/3 1748/7/3 1746/7/3
f 1751/6/3 1746/6/3 1750/6/3
f 1752/6/3 1749/6/3 1748/6/3
f 1752/7/3 1748/7/3 1751/7/3
f 1753/6/3 1735/6/3 1749/6/3
f 1753/6/3 1749/6/3 1752/6/3
f 1758/10/3 1755/10/3 1754/10/3
f 1759/10/3 1755/10/3 1758/10/3
f 1760/10/3 1757/10/3 1756/10/3
f 1761/10/3 1757/10/3 1760/10/3
f 1771/6/3 1763/6/3 1762/6/3
f 1772/6/3 1763/6/3 1771/6/3
f 1773/6/3 1769/6/3 1768/6/3
f 1774/6/3 1769/6/3 1773/6/3
f 1775/6/3 1769/6/3 1774/6/3
f 1776/7/3 1770/7/3 1769/7/3
f 1776/6/3 1769/6/3 1775/6/3
f 1777/6/3 1763/6/3 1772/6/3
f 1777/7/3 1772/7/3 1771/7/3
f 1778/6/3 1763/6/3 1777/6/3
f 1779/7/3 1774/7/3 1773/7/3
f 1780/7/3 1774/7/3 1779/7/3
f 1781/7/3 1770/7/3 1776/7/3
f 1781/7/3 1776/7/3 1775/7/3
f 1782/7/3 1770/7/3 1781/7/3
f 1783/7/3 1777/7/3 1771/7/3
f 1783/7/3 1778/7/3 1777/7/3
f 1784/7/3 1778/7/3 1783/7/3
f 1785/6/3 1763/6/3 1778/6/3
f 1785/7/3 1778/7/3 1784/7/3
f 1786/7/3 1764/7/3 1763/7/3
f 1786/6/3 1763/6/3 1785/6/3
f 1787/6/3 1775/6/3 1774/6/3
f 1787/7/3 1774/7/3 1780/7/3
f 1788/6/3 1775/6/3 1787/6/3
f 1789/6/3 1775/6/3 1788/6/3
f 1790/7/3 1781/7/3 1775/7/3
f 1790/6/3 1775/6/3 1789/6/3
f 1791/7/3 1785/7/3 1784/7/3
f 1791/7/3 1786/7/3 1785/7/3
f 1791/6/3 1784/6/3 1783/6/3
f 1792/7/3 1786/7/3 1791/7/3
f 1793/6/3 1780/6/3 1779/6/3
f 1793/7/3 1788/7/3 1787/7/3
f 1793/7/3 1787/7/3 1780/7/3
f 1794/7/3 1788/7/3 1793/7/3
f 1795/6/3 1789/6/3 1788/6/3
f 1795/7/3 1788/7/3 1794/7/3
f 1796/7/3 1790/7/3 1789/7/3
f 1796/6/3 1789/6/3 1795/6/3
f 1797/7/3 1786/7/3 1792/7/3
f 1797/6/3 1792/6/3 1791/6/3
f 1798/7/3 1764/7/3 1786/7/3
f 1798/7/3 1786/7/3 1797/7/3
f 1799/6/3 1765/6/3 1764/6/3
f 1799/7/3 1764/7/3 1798/7/3
f 1800/6/3 1765/6/3 1799/6/3
f 1801/6/3 1794/6/3 1793/6/3
f 1801/6/3 1793/6/3 1779/6/3
f 1802/7/3 1795/7/3 1794/7/3
f 1802/6/3 1794/6/3 1801/6/3
f 1802/7/3 1796/7/3 1795/7/3
f 1803/7/3 1781/7/3 1790/7/3
f 1803/7/3 1796/7/3 1802/7/3
f 1803/7/3 1790/7/3 1796/7/3
f 1804/6/3 1797/6/3 1791/6/3
f 1804/6/3 1798/6/3 1797/6/3
f 1805/7/3 1800/7/3 1799/7/3
f 1805/6/3 1798/6/3 1804/6/3
f 1805/7/3 1799/7/3 1798/7/3
f 1806/6/3 1765/6/3 1800/6/3
f 1806/7/3 1800/7/3 1805/7/3
f 1806/7/3 1805/7/3 1804/7/3
f 1807/7/3 1766/7/3 1765/7/3
f 1807/6/3 1765/6/3 1806/6/3
f 1808/6/3 1803/6/3 1802/6/3
f 1809/7/3 1781/7/3 1803/7/3
f 1809/6/3 1803/6/3 1808/6/3
f 1810/7/3 1806/7/3 1804/7/3
f 1810/7/3 1807/7/3 1806/7/3
f 1811/7/3 1766/7/3 1807/7/3
f 1811/7/3 1807/7/3 1810/7/3
f 1812/6/3 1808/6/3 1802/6/3
f 1812/7/3 1802/7/3 1801/7/3
f 1813/6/3 1808/6/3 1812/6/3
f 1814/7/3 1781/7/3 1809/7/3
f 1814/7/3 1809/7/3 1808/7/3
f 1815/6/3 1782/6/3 1781/6/3
f 1815/7/3 1781/7/3 1814/7/3
f 1816/6/3 1804/6/3 1791/6/3
f 1816/6/3 1791/6/3 1783/6/3
f 1817/6/3 1804/6/3 1816/6/3
f 1820/6/3 1801/6/3 1779/6/3
f 1820/7/3 1813/7/3 1812/7/3
f 1820/7/3 1812/7/3 1801/7/3
f 1821/7/3 1813/7/3 1820/7/3
f 1822/6/3 1804/6/3 1817/6/3
f 1823/7/3 1810/7/3 1804/7/3
f 1823/6/3 1804/6/3 1822/6/3
f 1825/6/3 1819/6/3 1818/6/3
f 1826/7/3 1810/7/3 1823/7/3
f 1827/6/3 1811/6/3 1810/6/3
f 1827/7/3 1810/7/3 1826/7/3
f 1829/6/3 1825/6/3 1824/6/3
f 1830/6/3 1819/6/3 1825/6/3
f 1830/6/3 1825/6/3 1829/6/3
f 1831/6/3 1819/6/3 1830/6/3
f 1832/6/3 1815/6/3 1814/6/3
f 1832/7/3 1814/7/3 1808/7/3
f 1833/6/3 1782/6/3 1815/6/3
f 1833/6/3 1815/6/3 1832/6/3
f 1834/6/3 1811/6/3 1827/6/3
f 1835/6/3 1811/6/3 1834/6/3
f 1836/7/3 1766/7/3 1811/7/3
f 1836/6/3 1767/6/3 1766/6/3
f 1837/6/3 1767/6/3 1836/6/3
f 1839/6/3 1830/6/3 1829/6/3
f 1839/6/3 1829/6/3 1828/6/3
f 1840/6/3 1830/6/3 1839/6/3
f 1841/7/3 1831/7/3 1830/7/3
f 1841/6/3 1830/6/3 1840/6/3
f 1842/6/3 1808/6/3 1813/6/3
f 1842/7/3 1832/7/3 1808/7/3
f 1842/7/3 1833/7/3 1832/7/3
f 1843/7/3 1833/7/3 1842/7/3
f 1845/6/3 1840/6/3 1839/6/3
f 1845/6/3 1839/6/3 1838/6/3
f 1846/6/3 1840/6/3 1845/6/3
f 1847/7/3 1841/7/3 1840/7/3
f 1847/6/3 1840/6/3 1846/6/3
f 1848/7/3 1841/7/3 1847/7/3
f 1849/7/3 1831/7/3 1841/7/3
f 1849/7/3 1841/7/3 1848/7/3
f 1850/6/3 1821/6/3 1820/6/3
f 1850/6/3 1820/6/3 1779/6/3
f 1851/7/3 1813/7/3 1821/7/3
f 1851/6/3 1821/6/3 1850/6/3
f 1852/7/3 1837/7/3 1836/7/3
f 1852/7/3 1836/7/3 1811/7/3
f 1853/7/3 1837/7/3 1852/7/3
f 1855/6/3 1846/6/3 1845/6/3
f 1855/6/3 1845/6/3 1844/6/3
f 1856/6/3 1846/6/3 1855/6/3
f 1857/7/3 1848/7/3 1847/7/3
f 1857/6/3 1846/6/3 1856/6/3
f 1857/7/3 1847/7/3 1846/7/3
f 1858/7/3 1848/7/3 1857/7/3
f 1859/6/3 1849/6/3 1848/6/3
f 1859/7/3 1848/7/3 1858/7/3
f 1860/7/3 1813/7/3 1851/7/3
f 1860/7/3 1851/7/3 1850/7/3
f 1861/6/3 1843/6/3 1842/6/3
f 1861/7/3 1813/7/3 1860/7/3
f 1861/6/3 1842/6/3 1813/6/3
f 1862/6/3 1843/6/3 1861/6/3
f 1863/7/3 1833/7/3 1843/7/3
f 1863/6/3 1843/6/3 1862/6/3
f 1864/6/3 1811/6/3 1835/6/3
f 1865/7/3 1852/7/3 1811/7/3
f 1865/6/3 1811/6/3 1864/6/3
f 1867/6/3 1856/6/3 1855/6/3
f 1867/6/3 1855/6/3 1854/6/3
f 1868/6/3 1856/6/3 1867/6/3
f 1869/7/3 1858/7/3 1857/7/3
f 1869/6/3 1856/6/3 1868/6/3
f 1869/7/3 1857/7/3 1856/7/3
f 1870/7/3 1858/7/3 1869/7/3
f 1871/6/3 1859/6/3 1858/6/3
f 1871/7/3 1858/7/3 1870/7/3
f 1872/6/3 1850/6/3 1779/6/3
f 1873/7/3 1860/7/3 1850/7/3
f 1873/6/3 1850/6/3 1872/6/3
f 1874/6/3 1862/6/3 1861/6/3
f 1874/7/3 1860/7/3 1873/7/3
f 1874/6/3 1861/6/3 1860/6/3
f 1875/6/3 1862/6/3 1874/6/3
f 1876/7/3 1833/7/3 1863/7/3
f 1876/7/3 1863/7/3 1862/7/3
f 1877/6/3 1782/6/3 1833/6/3
f 1877/7/3 1833/7/3 1876/7/3
f 1878/6/3 1868/6/3 1867/6/3
f 1878/6/3 1867/6/3 1866/6/3
f 1879/7/3 1870/7/3 1869/7/3
f 1879/6/3 1868/6/3 1878/6/3
f 1879/7/3 1869/7/3 1868/7/3
f 1880/6/3 1871/6/3 1870/6/3
f 1880/7/3 1870/7/3 1879/7/3
f 1881/6/3 1849/6/3 1859/6/3
f 1881/6/3 1871/6/3 1880/6/3
f 1881/6/3 1859/6/3 1871/6/3
f 1882/7/3 1873/7/3 1872/7/3
f 1882/7/3 1874/7/3 1873/7/3
f 1882/7/3 1875/7/3 1874/7/3
f 1883/7/3 1875/7/3 1882/7/3
f 1884/6/3 1862/6/3 1875/6/3
f 1884/7/3 1875/7/3 1883/7/3
f 1885/7/3 1876/7/3 1862/7/3
f 1885/6/3 1862/6/3 1884/6/3
f 1886/6/3 1877/6/3 1876/6/3
f 1886/7/3 1876/7/3 1885/7/3
f 1887/6/3 1782/6/3 1877/6/3
f 1887/6/3 1877/6/3 1886/6/3
f 1888/6/3 1864/6/3 1835/6/3
f 1889/7/3 1865/7/3 1864/7/3
f 1889/6/3 1864/6/3 1888/6/3
f 1890/7/3 1881/7/3 1880/7/3
f 1890/7/3 1880/7/3 1879/7/3
f 1890/7/3 1879/7/3 1878/7/3
f 1891/7/3 1881/7/3 1890/7/3
f 1892/6/3 1883/6/3 1882/6/3
f 1892/7/3 1884/7/3 1883/7/3
f 1892/7/3 1886/7/3 1885/7/3
f 1892/7/3 1885/7/3 1884/7/3
f 1892/7/3 1887/7/3 1886/7/3
f 1893/7/3 1887/7/3 1892/7/3
f 1894/6/3 1782/6/3 1887/6/3
f 1894/7/3 1887/7/3 1893/7/3
f 1895/6/3 1782/6/3 1894/6/3
f 1896/7/3 1865/7/3 1889/7/3
f 1896/7/3 1889/7/3 1888/7/3
f 1897/7/3 1852/7/3 1865/7/3
f 1897/7/3 1865/7/3 1896/7/3
f 1898/6/3 1893/6/3 1892/6/3
f 1898/6/3 1892/6/3 1882/6/3
f 1899/7/3 1895/7/3 1894/7/3
f 1899/6/3 1893/6/3 1898/6/3
f 1899/7/3 1894/7/3 1893/7/3
f 1900/7/3 1895/7/3 1899/7/3
f 1901/7/3 1895/7/3 1900/7/3
f 1902/7/3 1896/7/3 1888/7/3
f 1903/6/3 1897/6/3 1896/6/3
f 1903/7/3 1896/7/3 1902/7/3
f 1904/6/3 1891/6/3 1890/6/3
f 1905/6/3 1891/6/3 1904/6/3
f 1906/7/3 1899/7/3 1898/7/3
f 1906/7/3 1900/7/3 1899/7/3
f 1907/6/3 1901/6/3 1900/6/3
f 1907/7/3 1900/7/3 1906/7/3
f 1908/7/3 1905/7/3 1904/7/3
f 1909/7/3 1905/7/3 1908/7/3
f 1910/7/3 1905/7/3 1909/7/3
f 1911/7/3 1905/7/3 1910/7/3
f 1912/7/3 1905/7/3 1911/7/3
f 1913/7/3 1905/7/3 1912/7/3
f 1914/6/3 1909/6/3 1908/6/3
f 1915/7/3 1910/7/3 1909/7/3
f 1915/6/3 1909/6/3 1914/6/3
f 1916/7/3 1910/7/3 1915/7/3
f 1917/6/3 1911/6/3 1910/6/3
f 1917/7/3 1910/7/3 1916/7/3
f 1918/7/3 1912/7/3 1911/7/3
f 1918/6/3 1913/6/3 1912/6/3
f 1919/6/3 1913/6/3 1918/6/3
f 1921/6/3 1898/6/3 1882/6/3
f 1922/6/3 1914/6/3 1908/6/3
f 1923/7/3 1916/7/3 1915/7/3
f 1923/6/3 1914/6/3 1922/6/3
f 1923/7/3 1915/7/3 1914/7/3
f 1924/7/3 1916/7/3 1923/7/3
f 1925/6/3 1917/6/3 1916/6/3
f 1925/7/3 1916/7/3 1924/7/3
f 1926/7/3 1919/7/3 1918/7/3
f 1926/6/3 1917/6/3 1925/6/3
f 1926/6/3 1911/6/3 1917/6/3
f 1926/7/3 1918/7/3 1911/7/3
f 1927/7/3 1919/7/3 1926/7/3
f 1929/6/3 1921/6/3 1920/6/3
f 1930/6/3 1903/6/3 1902/6/3
f 1931/6/3 1897/6/3 1903/6/3
f 1931/6/3 1903/6/3 1930/6/3
f 1931/7/3 1852/7/3 1897/7/3
f 1932/6/3 1853/6/3 1852/6/3
f 1932/7/3 1852/7/3 1931/7/3
f 1933/6/3 1853/6/3 1932/6/3
f 1934/6/3 1922/6/3 1908/6/3
f 1935/7/3 1923/7/3 1922/7/3
f 1935/6/3 1922/6/3 1934/6/3
f 1935/7/3 1924/7/3 1923/7/3
f 1936/6/3 1925/6/3 1924/6/3
f 1936/7/3 1924/7/3 1935/7/3
f 1936/6/3 1926/6/3 1925/6/3
f 1936/6/3 1927/6/3 1926/6/3
f 1938/6/3 1929/6/3 1928/6/3
f 1939/6/3 1921/6/3 1929/6/3
f 1939/6/3 1898/6/3 1921/6/3
f 1939/6/3 1929/6/3 1938/6/3
f 1940/7/3 1906/7/3 1898/7/3
f 1940/6/3 1898/6/3 1939/6/3
f 1941/6/3 1907/6/3 1906/6/3
f 1941/7/3 1906/7/3 1940/7/3
f 1942/6/3 1901/6/3 1907/6/3
f 1942/6/3 1907/6/3 1941/6/3
f 1943/6/3 1936/6/3 1935/6/3
f 1944/6/3 1936/6/3 1943/6/3
f 1946/6/3 1938/6/3 1937/6/3
f 1946/6/3 1939/6/3 1938/6/3
f 1947/6/3 1939/6/3 1946/6/3
f 1948/7/3 1942/7/3 1941/7/3
f 1948/6/3 1939/6/3 1947/6/3
f 1948/7/3 1941/7/3 1940/7/3
f 1948/7/3 1940/7/3 1939/7/3
f 1949/7/3 1942/7/3 1948/7/3
f 1950/7/3 1942/7/3 1949/7/3
f 1951/6/3 1936/6/3 1944/6/3
f 1952/6/3 1927/6/3 1936/6/3
f 1952/6/3 1936/6/3 1951/6/3
f 1954/6/3 1947/6/3 1946/6/3
f 1954/6/3 1946/6/3 1945/6/3
f 1955/6/3 1947/6/3 1954/6/3
f 1956/7/3 1948/7/3 1947/7/3
f 1956/6/3 1947/6/3 1955/6/3
f 1956/7/3 1949/7/3 1948/7/3
f 1957/6/3 1950/6/3 1949/6/3
f 1957/7/3 1949/7/3 1956/7/3
f 1958/7/3 1942/7/3 1950/7/3
f 1958/6/3 1950/6/3 1957/6/3
f 1959/6/3 1901/6/3 1942/6/3
f 1960/6/3 1901/6/3 1959/6/3
f 1961/6/3 1927/6/3 1952/6/3
f 1962/6/3 1927/6/3 1961/6/3
f 1963/6/3 1955/6/3 1954/6/3
f 1963/6/3 1954/6/3 1953/6/3
f 1964/7/3 1956/7/3 1955/7/3
f 1964/6/3 1955/6/3 1963/6/3
f 1965/7/3 1956/7/3 1964/7/3
f 1966/6/3 1957/6/3 1956/6/3
f 1966/7/3 1956/7/3 1965/7/3
f 1967/7/3 1942/7/3 1958/7/3
f 1967/7/3 1958/7/3 1957/7/3
f 1968/6/3 1959/6/3 1942/6/3
f 1968/7/3 1942/7/3 1967/7/3
f 1969/6/3 1959/6/3 1968/6/3
f 1970/6/3 1959/6/3 1969/6/3
f 1971/6/3 1927/6/3 1962/6/3
f 1972/6/3 1927/6/3 1971/6/3
f 1973/6/3 1913/6/3 1919/6/3
f 1973/7/3 1919/7/3 1927/7/3
f 1974/6/3 1913/6/3 1973/6/3
f 1975/6/3 1963/6/3 1953/6/3
f 1976/7/3 1965/7/3 1964/7/3
f 1976/6/3 1963/6/3 1975/6/3
f 1976/7/3 1964/7/3 1963/7/3
f 1977/7/3 1965/7/3 1976/7/3
f 1978/6/3 1966/6/3 1965/6/3
f 1978/7/3 1965/7/3 1977/7/3
f 1979/6/3 1957/6/3 1966/6/3
f 1979/6/3 1966/6/3 1978/6/3
f 1980/7/3 1967/7/3 1957/7/3
f 1980/6/3 1957/6/3 1979/6/3
f 1981/6/3 1969/6/3 1968/6/3
f 1981/6/3 1968/6/3 1967/6/3
f 1982/6/3 1969/6/3 1981/6/3
f 1983/6/3 1927/6/3 1972/6/3
f 1984/6/3 1927/6/3 1983/6/3
f 1985/7/3 1974/7/3 1973/7/3
f 1985/6/3 1927/6/3 1984/6/3
f 1985/7/3 1973/7/3 1927/7/3
f 1986/7/3 1974/7/3 1985/7/3
f 1987/7/3 1977/7/3 1976/7/3
f 1987/7/3 1976/7/3 1975/7/3
f 1988/6/3 1978/6/3 1977/6/3
f 1988/7/3 1977/7/3 1987/7/3
f 1988/6/3 1979/6/3 1978/6/3
f 1989/6/3 1979/6/3 1988/6/3
f 1990/7/3 1980/7/3 1979/7/3
f 1990/6/3 1979/6/3 1989/6/3
f 1991/6/3 1981/6/3 1967/6/3
f 1991/7/3 1980/7/3 1990/7/3
f 1991/7/3 1967/7/3 1980/7/3
f 1992/6/3 1981/6/3 1991/6/3
f 1993/6/3 1985/6/3 1984/6/3
f 1993/6/3 1986/6/3 1985/6/3
f 1994/6/3 1986/6/3 1993/6/3
f 1995/6/3 1913/6/3 1974/6/3
f 1995/7/3 1974/7/3 1986/7/3
f 1996/6/3 1913/6/3 1995/6/3
f 1997/7/3 1987/7/3 1975/7/3
f 1998/6/3 1988/6/3 1987/6/3
f 1998/7/3 1987/7/3 1997/7/3
f 1998/6/3 1989/6/3 1988/6/3
f 1999/6/3 1989/6/3 1998/6/3
f 2000/7/3 1990/7/3 1989/7/3
f 2000/6/3 1989/6/3 1999/6/3
f 2000/7/3 1991/7/3 1990/7/3
f 2001/7/3 1991/7/3 2000/7/3
f 2002/7/3 1991/7/3 2001/7/3
f 2003/7/3 1991/7/3 2002/7/3
f 2004/6/3 1986/6/3 1994/6/3
f 2005/6/3 1986/6/3 2004/6/3
f 2006/7/3 1996/7/3 1995/7/3
f 2006/6/3 1986/6/3 2005/6/3
f 2006/7/3 1995/7/3 1986/7/3
f 2007/7/3 1996/7/3 2006/7/3
f 2008/6/3 1999/6/3 1998/6/3
f 2008/6/3 1998/6/3 1997/6/3
f 2009/7/3 2000/7/3 1999/7/3
f 2009/6/3 1999/6/3 2008/6/3
f 2009/7/3 2001/7/3 2000/7/3
f 2010/7/3 2001/7/3 2009/7/3
f 2011/6/3 2002/6/3 2001/6/3
f 2011/7/3 2001/7/3 2010/7/3
f 2012/6/3 2002/6/3 2011/6/3
f 2013/6/3 2002/6/3 2012/6/3
f 2014/6/3 2007/6/3 2006/6/3
f 2014/6/3 2006/6/3 2005/6/3
f 2015/6/3 2007/6/3 2014/6/3
f 2016/6/3 2008/6/3 1997/6/3
f 2017/7/3 2010/7/3 2009/7/3
f 2017/6/3 2008/6/3 2016/6/3
f 2017/7/3 2009/7/3 2008/7/3
f 2018/7/3 2010/7/3 2017/7/3
f 2019/6/3 2012/6/3 2011/6/3
f 2019/7/3 2010/7/3 2018/7/3
f 2019/6/3 2011/6/3 2010/6/3
f 2020/6/3 2012/6/3 2019/6/3
f 2021/6/3 2012/6/3 2020/6/3
f 2022/6/3 2007/6/3 2015/6/3
f 2023/7/3 1996/7/3 2007/7/3
f 2023/6/3 2007/6/3 2022/6/3
f 2024/7/3 2018/7/3 2017/7/3
f 2024/7/3 2017/7/3 2016/7/3
f 2025/7/3 2018/7/3 2024/7/3
f 2026/6/3 2020/6/3 2019/6/3
f 2026/6/3 2019/6/3 2018/6/3
f 2027/6/3 2020/6/3 2026/6/3
f 2028/7/3 1996/7/3 2023/7/3
f 2029/6/3 1913/6/3 1996/6/3
f 2029/7/3 1996/7/3 2028/7/3
f 2030/6/3 1913/6/3 2029/6/3
f 2031/6/3 2026/6/3 2018/6/3
f 2032/6/3 2026/6/3 2031/6/3
f 2033/6/3 2031/6/3 2018/6/3
f 2034/6/3 2031/6/3 2033/6/3
f 2035/6/3 2025/6/3 2024/6/3
f 2036/7/3 2018/7/3 2025/7/3
f 2036/6/3 2025/6/3 2035/6/3
f 2037/7/3 2036/7/3 2035/7/3
f 2037/7/3 2018/7/3 2036/7/3
f 2038/6/3 2033/6/3 2018/6/3
f 2038/7/3 2018/7/3 2037/7/3
f 2039/6/3 2035/6/3 2024/6/3
f 2040/7/3 2037/7/3 2035/7/3
f 2040/6/3 2035/6/3 2039/6/3
f 2041/6/3 2038/6/3 2037/6/3
f 2041/7/3 2037/7/3 2040/7/3
f 2042/6/3 2033/6/3 2038/6/3
f 2042/6/3 2038/6/3 2041/6/3
f 2043/2/4 2044/2/4 2049/2/4
f 2049/2/4 2044/2/4 2050/2/4
f 2045/2/4 2046/2/4 2051/2/4
f 2051/2/4 2046/2/4 2052/2/4
f 2047/2/4 2048/2/4 2053/2/4
f 2053/2/4 2048/2/4 2054/2/4
f 2055/2/4 2056/2/4 2057/2/4
f 2057/2/4 2056/2/4 2058/2/4
f 2059/2/4 2060/2/4 2061/2/4
f 2061/2/4 2060/2/4 2062/2/4
f 2068/7/4 2069/7/4 2075/7/4
f 2069/6/4 2070/6/4 2075/6/4
f 2075/6/4 2070/6/4 2076/6/4
f 2063/6/4 2064/6/4 2077/6/4
f 2064/7/4 2065/7/4 2078/7/4
f 2077/6/4 2064/6/4 2078/6/4
f 2065/6/4 2066/6/4 2079/6/4
f 2078/7/4 2065/7/4 2079/7/4
f 2066/7/4 2067/7/4 2080/7/4
f 2079/6/4 2066/6/4 2080/6/4
f 2068/7/4 2075/7/4 2081/7/4
f 2075/7/4 2076/7/4 2081/7/4
f 2076/6/4 2070/6/4 2082/6/4
f 2081/7/4 2076/7/4 2082/7/4
f 2077/7/4 2078/7/4 2084/7/4
f 2078/7/4 2079/7/4 2084/7/4
f 2079/7/4 2080/7/4 2084/7/4
f 2084/7/4 2080/7/4 2085/7/4
f 2085/7/4 2080/7/4 2086/7/4
f 2080/7/4 2067/7/4 2087/7/4
f 2086/7/4 2080/7/4 2087/7/4
f 2067/6/4 2068/6/4 2088/6/4
f 2087/7/4 2067/7/4 2088/7/4
f 2083/6/4 2084/6/4 2089/6/4
f 2084/7/4 2085/7/4 2090/7/4
f 2089/6/4 2084/6/4 2090/6/4
f 2086/7/4 2087/7/4 2091/7/4
f 2087/6/4 2088/6/4 2091/6/4
f 2068/7/4 2081/7/4 2092/7/4
f 2091/6/4 2088/6/4 2092/6/4
f 2088/6/4 2068/6/4 2092/6/4
f 2073/6/4 2074/6/4 2093/6/4
f 2089/7/4 2090/7/4 2096/7/4
f 2090/7/4 2085/7/4 2097/7/4
f 2096/7/4 2090/7/4 2097/7/4
f 2085/6/4 2086/6/4 2098/6/4
f 2097/7/4 2085/7/4 2098/7/4
f 2086/7/4 2091/7/4 2099/7/4
f 2098/6/4 2086/6/4 2099/6/4
f 2091/7/4 2092/7/4 2099/7/4
f 2099/7/4 2092/7/4 2100/7/4
f 2081/6/4 2082/6/4 2101/6/4
f 2100/7/4 2092/7/4 2101/7/4
f 2092/7/4 2081/7/4 2101/7/4
f 2093/6/4 2094/6/4 2102/6/4
f 2100/6/4 2101/6/4 2104/6/4
f 2082/6/4 2070/6/4 2105/6/4
f 2104/6/4 2101/6/4 2105/6/4
f 2101/6/4 2082/6/4 2105/6/4
f 2102/6/4 2103/6/4 2106/6/4
f 2099/7/4 2100/7/4 2108/7/4
f 2098/7/4 2099/7/4 2108/7/4
f 2100/6/4 2104/6/4 2109/6/4
f 2108/7/4 2100/7/4 2109/7/4
f 2109/6/4 2104/6/4 2110/6/4
f 2110/6/4 2104/6/4 2111/6/4
f 2106/6/4 2107/6/4 2112/6/4
f 2102/6/4 2106/6/4 2112/6/4
f 2093/6/4 2102/6/4 2112/6/4
f 2073/6/4 2093/6/4 2112/6/4
f 2112/6/4 2107/6/4 2113/6/4
f 2113/6/4 2107/6/4 2114/6/4
f 2095/6/4 2096/6/4 2116/6/4
f 2096/7/4 2097/7/4 2117/7/4
f 2116/6/4 2096/6/4 2117/6/4
f 2071/6/4 2072/6/4 2118/6/4
f 2072/7/4 2073/7/4 2119/7/4
f 2118/6/4 2072/6/4 2119/6/4
f 2073/6/4 2112/6/4 2120/6/4
f 2119/7/4 2073/7/4 2120/7/4
f 2112/7/4 2113/7/4 2121/7/4
f 2120/6/4 2112/6/4 2121/6/4
f 2121/7/4 2113/7/4 2122/7/4
f 2122/7/4 2113/7/4 2123/7/4
f 2113/6/4 2114/6/4 2124/6/4
f 2123/7/4 2113/7/4 2124/7/4
f 2124/6/4 2114/6/4 2125/6/4
f 2114/7/4 2115/7/4 2126/7/4
f 2116/7/4 2117/7/4 2128/7/4
f 2117/7/4 2097/7/4 2129/7/4
f 2128/7/4 2117/7/4 2129/7/4
f 2118/7/4 2119/7/4 2130/7/4
f 2119/7/4 2120/7/4 2130/7/4
f 2120/7/4 2121/7/4 2130/7/4
f 2121/7/4 2122/7/4 2130/7/4
f 2122/6/4 2123/6/4 2131/6/4
f 2130/7/4 2122/7/4 2131/7/4
f 2124/7/4 2125/7/4 2132/7/4
f 2131/6/4 2123/6/4 2132/6/4
f 2123/7/4 2124/7/4 2132/7/4
f 2132/7/4 2125/7/4 2133/7/4
f 2125/6/4 2114/6/4 2134/6/4
f 2133/7/4 2125/7/4 2134/7/4
f 2114/7/4 2126/7/4 2135/7/4
f 2134/6/4 2114/6/4 2135/6/4
f 2126/6/4 2127/6/4 2136/6/4
f 2132/6/4 2133/6/4 2138/6/4
f 2133/7/4 2134/7/4 2138/7/4
f 2130/6/4 2131/6/4 2138/6/4
f 2134/7/4 2135/7/4 2138/7/4
f 2131/6/4 2132/6/4 2138/6/4
f 2135/7/4 2126/7/4 2139/7/4
f 2138/7/4 2135/7/4 2139/7/4
f 2136/6/4 2137/6/4 2140/6/4
f 2140/6/4 2141/6/4 2142/6/4
f 2142/7/4 2143/7/4 2144/7/4
f 2138/6/4 2139/6/4 2146/6/4
f 2139/7/4 2126/7/4 2147/7/4
f 2146/6/4 2139/6/4 2147/6/4
f 2144/6/4 2145/6/4 2148/6/4
f 2138/6/4 2146/6/4 2150/6/4
f 2130/6/4 2138/6/4 2150/6/4
f 2150/6/4 2146/6/4 2151/6/4
f 2147/7/4 2126/7/4 2152/7/4
f 2146/7/4 2147/7/4 2152/7/4
f 2126/6/4 2136/6/4 2153/6/4
f 2152/7/4 2126/7/4 2153/7/4
f 2136/6/4 2140/6/4 2153/6/4
f 2140/6/4 2142/6/4 2153/6/4
f 2153/6/4 2142/6/4 2154/6/4
f 2142/7/4 2144/7/4 2155/7/4
f 2154/6/4 2142/6/4 2155/6/4
f 2128/6/4 2129/6/4 2156/6/4
f 2129/7/4 2097/7/4 2157/7/4
f 2156/6/4 2129/6/4 2157/6/4
f 2097/6/4 2098/6/4 2158/6/4
f 2157/7/4 2097/7/4 2158/7/4
f 2098/7/4 2108/7/4 2159/7/4
f 2158/6/4 2098/6/4 2159/6/4
f 2109/6/4 2110/6/4 2160/6/4
f 2159/7/4 2108/7/4 2160/7/4
f 2108/6/4 2109/6/4 2160/6/4
f 2160/6/4 2110/6/4 2161/6/4
f 2151/6/4 2146/6/4 2162/6/4
f 2162/6/4 2146/6/4 2163/6/4
f 2155/7/4 2144/7/4 2164/7/4
f 2154/7/4 2155/7/4 2164/7/4
f 2148/6/4 2149/6/4 2165/6/4
f 2164/7/4 2144/7/4 2165/7/4
f 2144/6/4 2148/6/4 2165/6/4
f 2156/7/4 2157/7/4 2166/7/4
f 2157/7/4 2158/7/4 2166/7/4
f 2158/7/4 2159/7/4 2166/7/4
f 2159/7/4 2160/7/4 2166/7/4
f 2160/7/4 2161/7/4 2166/7/4
f 2166/7/4 2161/7/4 2167/7/4
f 2167/7/4 2161/7/4 2168/7/4
f 2168/7/4 2161/7/4 2169/7/4
f 2169/7/4 2161/7/4 2170/7/4
f 2170/7/4 2161/7/4 2171/7/4
f 2163/6/4 2146/6/4 2172/6/4
f 2146/7/4 2152/7/4 2173/7/4
f 2172/6/4 2146/6/4 2173/6/4
f 2173/7/4 2152/7/4 2174/7/4
f 2153/6/4 2154/6/4 2175/6/4
f 2174/7/4 2152/7/4 2175/7/4
f 2152/6/4 2153/6/4 2175/6/4
f 2169/7/4 2170/7/4 2176/7/4
f 2170/6/4 2171/6/4 2176/6/4
f 2176/6/4 2171/6/4 2177/6/4
f 2164/6/4 2165/6/4 2178/6/4
f 2154/7/4 2164/7/4 2178/7/4
f 2165/6/4 2149/6/4 2179/6/4
f 2178/6/4 2165/6/4 2179/6/4
f 2176/7/4 2177/7/4 2180/7/4
f 2180/7/4 2177/7/4 2181/7/4
f 2154/7/4 2178/7/4 2182/7/4
f 2175/6/4 2154/6/4 2182/6/4
f 2178/7/4 2179/7/4 2182/7/4
f 2182/7/4 2179/7/4 2183/7/4
f 2169/7/4 2176/7/4 2184/7/4
f 2176/7/4 2180/7/4 2184/7/4
f 2180/6/4 2181/6/4 2185/6/4
f 2184/7/4 2180/7/4 2185/7/4
f 2168/6/4 2169/6/4 2186/6/4
f 2167/7/4 2168/7/4 2186/7/4
f 2169/7/4 2184/7/4 2187/7/4
f 2186/6/4 2169/6/4 2187/6/4
f 2182/6/4 2183/6/4 2188/6/4
f 2175/6/4 2182/6/4 2188/6/4
f 2183/7/4 2179/7/4 2189/7/4
f 2188/6/4 2183/6/4 2189/6/4
f 2175/6/4 2188/6/4 2190/6/4
f 2188/7/4 2189/7/4 2191/7/4
f 2190/6/4 2188/6/4 2191/6/4
f 2189/7/4 2179/7/4 2192/7/4
f 2191/7/4 2189/7/4 2192/7/4
f 2179/6/4 2149/6/4 2193/6/4
f 2192/7/4 2179/7/4 2193/7/4
f 2191/7/4 2192/7/4 2194/7/4
f 2190/7/4 2191/7/4 2194/7/4
f 2192/6/4 2193/6/4 2195/6/4
f 2194/7/4 2192/7/4 2195/7/4
f 2166/6/4 2167/6/4 2196/6/4
f 2167/7/4 2186/7/4 2197/7/4
f 2196/6/4 2167/6/4 2197/6/4
f 2186/7/4 2187/7/4 2197/7/4
f 2197/7/4 2187/7/4 2198/7/4
f 2187/7/4 2184/7/4 2199/7/4
f 2198/7/4 2187/7/4 2199/7/4
f 2197/7/4 2198/7/4 2200/7/4
f 2196/7/4 2197/7/4 2200/7/4
f 2200/7/4 2198/7/4 2201/7/4
f 2175/6/4 2190/6/4 2202/6/4
f 2190/7/4 2194/7/4 2203/7/4
f 2202/6/4 2190/6/4 2203/6/4
f 2194/6/4 2195/6/4 2204/6/4
f 2203/7/4 2194/7/4 2204/7/4
f 2195/6/4 2193/6/4 2205/6/4
f 2204/6/4 2195/6/4 2205/6/4
f 2203/7/4 2204/7/4 2206/7/4
f 2202/7/4 2203/7/4 2206/7/4
f 2204/7/4 2205/7/4 2206/7/4
f 2206/7/4 2205/7/4 2207/7/4
f 2205/6/4 2193/6/4 2208/6/4
f 2207/7/4 2205/7/4 2208/7/4
f 2193/6/4 2149/6/4 2209/6/4
f 2208/6/4 2193/6/4 2209/6/4
f 2206/6/4 2207/6/4 2210/6/4
f 2207/7/4 2208/7/4 2211/7/4
f 2210/6/4 2207/6/4 2211/6/4
f 2208/7/4 2209/7/4 2211/7/4
f 2211/7/4 2209/7/4 2212/7/4
f 2210/7/4 2211/7/4 2213/7/4
f 2211/6/4 2212/6/4 2213/6/4
f 2213/6/4 2212/6/4 2214/6/4
f 2206/6/4 2210/6/4 2215/6/4
f 2210/7/4 2213/7/4 2215/7/4
f 2213/7/4 2214/7/4 2215/7/4
f 2215/7/4 2214/7/4 2216/7/4
f 2200/6/4 2201/6/4 2217/6/4
f 2201/7/4 2198/7/4 2218/7/4
f 2217/6/4 2201/6/4 2218/6/4
f 2198/6/4 2199/6/4 2219/6/4
f 2218/7/4 2198/7/4 2219/7/4
f 2199/7/4 2184/7/4 2220/7/4
f 2219/6/4 2199/6/4 2220/6/4
f 2184/6/4 2185/6/4 2221/6/4
f 2220/7/4 2184/7/4 2221/7/4
f 2185/6/4 2181/6/4 2222/6/4
f 2221/6/4 2185/6/4 2222/6/4
f 2206/6/4 2215/6/4 2223/6/4
f 2215/6/4 2216/6/4 2223/6/4
f 2216/7/4 2214/7/4 2224/7/4
f 2223/6/4 2216/6/4 2224/6/4
f 2223/7/4 2224/7/4 2225/7/4
f 2214/6/4 2212/6/4 2226/6/4
f 2225/7/4 2224/7/4 2226/7/4
f 2224/7/4 2214/7/4 2226/7/4
f 2206/6/4 2223/6/4 2227/6/4
f 2223/7/4 2225/7/4 2228/7/4
f 2227/6/4 2223/6/4 2228/6/4
f 2225/6/4 2226/6/4 2229/6/4
f 2228/7/4 2225/7/4 2229/7/4
f 2226/6/4 2212/6/4 2230/6/4
f 2229/6/4 2226/6/4 2230/6/4
f 2231/10/4 2232/10/4 2233/10/4
f 2233/10/4 2232/10/4 2234/10/4
f 2235/6/4 2236/6/4 2244/6/4
f 2244/6/4 2236/6/4 2245/6/4
f 2241/6/4 2242/6/4 2246/6/4
f 2246/6/4 2242/6/4 2247/6/4
f 2247/6/4 2242/6/4 2248/6/4
f 2242/7/4 2243/7/4 2249/7/4
f 2248/6/4 2242/6/4 2249/6/4
f 2245/6/4 2236/6/4 2250/6/4
f 2244/7/4 2245/7/4 2250/7/4
f 2250/6/4 2236/6/4 2251/6/4
f 2246/7/4 2247/7/4 2252/7/4
f 2252/7/4 2247/7/4 2253/7/4
f 2249/7/4 2243/7/4 2254/7/4
f 2248/7/4 2249/7/4 2254/7/4
f 2254/7/4 2243/7/4 2255/7/4
f 2244/7/4 2250/7/4 2256/7/4
f 2250/7/4 2251/7/4 2256/7/4
f 2256/7/4 2251/7/4 2257/7/4
f 2251/6/4 2236/6/4 2258/6/4
f 2257/7/4 2251/7/4 2258/7/4
f 2236/7/4 2237/7/4 2259/7/4
f 2258/6/4 2236/6/4 2259/6/4
f 2247/6/4 2248/6/4 2260/6/4
f 2253/7/4 2247/7/4 2260/7/4
f 2260/6/4 2248/6/4 2261/6/4
f 2261/6/4 2248/6/4 2262/6/4
f 2248/7/4 2254/7/4 2263/7/4
f 2262/6/4 2248/6/4 2263/6/4
f 2257/7/4 2258/7/4 2264/7/4
f 2258/7/4 2259/7/4 2264/7/4
f 2256/6/4 2257/6/4 2264/6/4
f 2264/7/4 2259/7/4 2265/7/4
f 2252/6/4 2253/6/4 2266/6/4
f 2260/7/4 2261/7/4 2266/7/4
f 2253/7/4 2260/7/4 2266/7/4
f 2266/7/4 2261/7/4 2267/7/4
f 2261/6/4 2262/6/4 2268/6/4
f 2267/7/4 2261/7/4 2268/7/4
f 2262/7/4 2263/7/4 2269/7/4
f 2268/6/4 2262/6/4 2269/6/4
f 2265/7/4 2259/7/4 2270/7/4
f 2264/6/4 2265/6/4 2270/6/4
f 2259/7/4 2237/7/4 2271/7/4
f 2270/7/4 2259/7/4 2271/7/4
f 2237/6/4 2238/6/4 2272/6/4
f 2271/7/4 2237/7/4 2272/7/4
f 2272/6/4 2238/6/4 2273/6/4
f 2266/6/4 2267/6/4 2274/6/4
f 2252/6/4 2266/6/4 2274/6/4
f 2267/7/4 2268/7/4 2275/7/4
f 2274/6/4 2267/6/4 2275/6/4
f 2268/7/4 2269/7/4 2275/7/4
f 2263/7/4 2254/7/4 2276/7/4
f 2275/7/4 2269/7/4 2276/7/4
f 2269/7/4 2263/7/4 2276/7/4
f 2264/6/4 2270/6/4 2277/6/4
f 2270/6/4 2271/6/4 2277/6/4
f 2272/7/4 2273/7/4 2278/7/4
f 2277/6/4 2271/6/4 2278/6/4
f 2271/7/4 2272/7/4 2278/7/4
f 2273/6/4 2238/6/4 2279/6/4
f 2278/7/4 2273/7/4 2279/7/4
f 2277/7/4 2278/7/4 2279/7/4
f 2238/7/4 2239/7/4 2280/7/4
f 2279/6/4 2238/6/4 2280/6/4
f 2275/6/4 2276/6/4 2281/6/4
f 2276/7/4 2254/7/4 2282/7/4
f 2281/6/4 2276/6/4 2282/6/4
f 2277/7/4 2279/7/4 2283/7/4
f 2279/7/4 2280/7/4 2283/7/4
f 2280/7/4 2239/7/4 2284/7/4
f 2283/7/4 2280/7/4 2284/7/4
f 2275/6/4 2281/6/4 2285/6/4
f 2274/7/4 2275/7/4 2285/7/4
f 2285/6/4 2281/6/4 2286/6/4
f 2282/7/4 2254/7/4 2287/7/4
f 2281/7/4 2282/7/4 2287/7/4
f 2254/6/4 2255/6/4 2288/6/4
f 2287/7/4 2254/7/4 2288/7/4
f 2264/6/4 2277/6/4 2289/6/4
f 2256/6/4 2264/6/4 2289/6/4
f 2289/6/4 2277/6/4 2290/6/4
f 2252/6/4 2274/6/4 2293/6/4
f 2285/7/4 2286/7/4 2293/7/4
f 2274/7/4 2285/7/4 2293/7/4
f 2293/7/4 2286/7/4 2294/7/4
f 2290/6/4 2277/6/4 2295/6/4
f 2277/7/4 2283/7/4 2296/7/4
f 2295/6/4 2277/6/4 2296/6/4
f 2291/6/4 2292/6/4 2298/6/4
f 2296/7/4 2283/7/4 2299/7/4
f 2283/6/4 2284/6/4 2300/6/4
f 2299/7/4 2283/7/4 2300/7/4
f 2297/6/4 2298/6/4 2302/6/4
f 2298/6/4 2292/6/4 2303/6/4
f 2302/6/4 2298/6/4 2303/6/4
f 2303/6/4 2292/6/4 2304/6/4
f 2287/6/4 2288/6/4 2305/6/4
f 2281/7/4 2287/7/4 2305/7/4
f 2288/6/4 2255/6/4 2306/6/4
f 2305/6/4 2288/6/4 2306/6/4
f 2300/6/4 2284/6/4 2307/6/4
f 2307/6/4 2284/6/4 2308/6/4
f 2284/7/4 2239/7/4 2309/7/4
f 2239/6/4 2240/6/4 2309/6/4
f 2309/6/4 2240/6/4 2310/6/4
f 2302/6/4 2303/6/4 2312/6/4
f 2301/6/4 2302/6/4 2312/6/4
f 2312/6/4 2303/6/4 2313/6/4
f 2303/7/4 2304/7/4 2314/7/4
f 2313/6/4 2303/6/4 2314/6/4
f 2286/6/4 2281/6/4 2315/6/4
f 2281/7/4 2305/7/4 2315/7/4
f 2305/7/4 2306/7/4 2315/7/4
f 2315/7/4 2306/7/4 2316/7/4
f 2312/6/4 2313/6/4 2318/6/4
f 2311/6/4 2312/6/4 2318/6/4
f 2318/6/4 2313/6/4 2319/6/4
f 2313/7/4 2314/7/4 2320/7/4
f 2319/6/4 2313/6/4 2320/6/4
f 2320/7/4 2314/7/4 2321/7/4
f 2314/7/4 2304/7/4 2322/7/4
f 2321/7/4 2314/7/4 2322/7/4
f 2293/6/4 2294/6/4 2323/6/4
f 2252/6/4 2293/6/4 2323/6/4
f 2294/7/4 2286/7/4 2324/7/4
f 2323/6/4 2294/6/4 2324/6/4
f 2309/7/4 2310/7/4 2325/7/4
f 2284/7/4 2309/7/4 2325/7/4
f 2325/7/4 2310/7/4 2326/7/4
f 2318/6/4 2319/6/4 2328/6/4
f 2317/6/4 2318/6/4 2328/6/4
f 2328/6/4 2319/6/4 2329/6/4
f 2320/7/4 2321/7/4 2330/7/4
f 2329/6/4 2319/6/4 2330/6/4
f 2319/7/4 2320/7/4 2330/7/4
f 2330/7/4 2321/7/4 2331/7/4
f 2321/6/4 2322/6/4 2332/6/4
f 2331/7/4 2321/7/4 2332/7/4
f 2324/7/4 2286/7/4 2333/7/4
f 2323/7/4 2324/7/4 2333/7/4
f 2315/6/4 2316/6/4 2334/6/4
f 2333/7/4 2286/7/4 2334/7/4
f 2286/6/4 2315/6/4 2334/6/4
f 2334/6/4 2316/6/4 2335/6/4
f 2316/7/4 2306/7/4 2336/7/4
f 2335/6/4 2316/6/4 2336/6/4
f 2308/6/4 2284/6/4 2337/6/4
f 2284/7/4 2325/7/4 2338/7/4
f 2337/6/4 2284/6/4 2338/6/4
f 2328/6/4 2329/6/4 2340/6/4
f 2327/6/4 2328/6/4 2340/6/4
f 2340/6/4 2329/6/4 2341/6/4
f 2330/7/4 2331/7/4 2342/7/4
f 2341/6/4 2329/6/4 2342/6/4
f 2329/7/4 2330/7/4 2342/7/4
f 2342/7/4 2331/7/4 2343/7/4
f 2331/6/4 2332/6/4 2344/6/4
f 2343/7/4 2331/7/4 2344/7/4
f 2252/6/4 2323/6/4 2345/6/4
f 2323/7/4 2333/7/4 2346/7/4
f 2345/6/4 2323/6/4 2346/6/4
f 2334/6/4 2335/6/4 2347/6/4
f 2346/7/4 2333/7/4 2347/7/4
f 2333/6/4 2334/6/4 2347/6/4
f 2347/6/4 2335/6/4 2348/6/4
f 2336/7/4 2306/7/4 2349/7/4
f 2335/7/4 2336/7/4 2349/7/4
f 2306/6/4 2255/6/4 2350/6/4
f 2349/7/4 2306/7/4 2350/7/4
f 2340/6/4 2341/6/4 2351/6/4
f 2339/6/4 2340/6/4 2351/6/4
f 2342/7/4 2343/7/4 2352/7/4
f 2351/6/4 2341/6/4 2352/6/4
f 2341/7/4 2342/7/4 2352/7/4
f 2343/6/4 2344/6/4 2353/6/4
f 2352/7/4 2343/7/4 2353/7/4
f 2332/6/4 2322/6/4 2354/6/4
f 2353/6/4 2344/6/4 2354/6/4
f 2344/6/4 2332/6/4 2354/6/4
f 2345/7/4 2346/7/4 2355/7/4
f 2346/7/4 2347/7/4 2355/7/4
f 2347/7/4 2348/7/4 2355/7/4
f 2355/7/4 2348/7/4 2356/7/4
f 2348/6/4 2335/6/4 2357/6/4
f 2356/7/4 2348/7/4 2357/7/4
f 2335/7/4 2349/7/4 2358/7/4
f 2357/6/4 2335/6/4 2358/6/4
f 2349/6/4 2350/6/4 2359/6/4
f 2358/7/4 2349/7/4 2359/7/4
f 2350/6/4 2255/6/4 2360/6/4
f 2359/6/4 2350/6/4 2360/6/4
f 2308/6/4 2337/6/4 2361/6/4
f 2337/7/4 2338/7/4 2362/7/4
f 2361/6/4 2337/6/4 2362/6/4
f 2353/7/4 2354/7/4 2363/7/4
f 2352/7/4 2353/7/4 2363/7/4
f 2351/7/4 2352/7/4 2363/7/4
f 2363/7/4 2354/7/4 2364/7/4
f 2355/6/4 2356/6/4 2365/6/4
f 2356/7/4 2357/7/4 2365/7/4
f 2358/7/4 2359/7/4 2365/7/4
f 2357/7/4 2358/7/4 2365/7/4
f 2359/7/4 2360/7/4 2365/7/4
f 2365/7/4 2360/7/4 2366/7/4
f 2360/6/4 2255/6/4 2367/6/4
f 2366/7/4 2360/7/4 2367/7/4
f 2367/6/4 2255/6/4 2368/6/4
f 2362/7/4 2338/7/4 2369/7/4
f 2361/7/4 2362/7/4 2369/7/4
f 2338/7/4 2325/7/4 2370/7/4
f 2369/7/4 2338/7/4 2370/7/4
f 2365/6/4 2366/6/4 2371/6/4
f 2355/6/4 2365/6/4 2371/6/4
f 2367/7/4 2368/7/4 2372/7/4
f 2371/6/4 2366/6/4 2372/6/4
f 2366/7/4 2367/7/4 2372/7/4
f 2372/7/4 2368/7/4 2373/7/4
f 2373/7/4 2368/7/4 2374/7/4
f 2361/7/4 2369/7/4 2375/7/4
f 2369/6/4 2370/6/4 2376/6/4
f 2375/7/4 2369/7/4 2376/7/4
f 2363/6/4 2364/6/4 2377/6/4
f 2377/6/4 2364/6/4 2378/6/4
f 2371/7/4 2372/7/4 2379/7/4
f 2372/7/4 2373/7/4 2379/7/4
f 2373/6/4 2374/6/4 2380/6/4
f 2379/7/4 2373/7/4 2380/7/4
f 2377/7/4 2378/7/4 2381/7/4
f 2381/7/4 2378/7/4 2382/7/4
f 2382/7/4 2378/7/4 2383/7/4
f 2383/7/4 2378/7/4 2384/7/4
f 2384/7/4 2378/7/4 2385/7/4
f 2385/7/4 2378/7/4 2386/7/4
f 2381/6/4 2382/6/4 2387/6/4
f 2382/7/4 2383/7/4 2388/7/4
f 2387/6/4 2382/6/4 2388/6/4
f 2388/7/4 2383/7/4 2389/7/4
f 2383/6/4 2384/6/4 2390/6/4
f 2389/7/4 2383/7/4 2390/7/4
f 2384/7/4 2385/7/4 2391/7/4
f 2385/6/4 2386/6/4 2391/6/4
f 2391/6/4 2386/6/4 2392/6/4
f 2355/6/4 2371/6/4 2394/6/4
f 2381/6/4 2387/6/4 2395/6/4
f 2388/7/4 2389/7/4 2396/7/4
f 2395/6/4 2387/6/4 2396/6/4
f 2387/7/4 2388/7/4 2396/7/4
f 2396/7/4 2389/7/4 2397/7/4
f 2389/6/4 2390/6/4 2398/6/4
f 2397/7/4 2389/7/4 2398/7/4
f 2391/7/4 2392/7/4 2399/7/4
f 2398/6/4 2390/6/4 2399/6/4
f 2390/6/4 2384/6/4 2399/6/4
f 2384/7/4 2391/7/4 2399/7/4
f 2399/7/4 2392/7/4 2400/7/4
f 2393/6/4 2394/6/4 2402/6/4
f 2375/6/4 2376/6/4 2403/6/4
f 2376/6/4 2370/6/4 2404/6/4
f 2403/6/4 2376/6/4 2404/6/4
f 2370/7/4 2325/7/4 2404/7/4
f 2325/6/4 2326/6/4 2405/6/4
f 2404/7/4 2325/7/4 2405/7/4
f 2405/6/4 2326/6/4 2406/6/4
f 2381/6/4 2395/6/4 2407/6/4
f 2395/7/4 2396/7/4 2408/7/4
f 2407/6/4 2395/6/4 2408/6/4
f 2396/7/4 2397/7/4 2408/7/4
f 2397/6/4 2398/6/4 2409/6/4
f 2408/7/4 2397/7/4 2409/7/4
f 2398/6/4 2399/6/4 2409/6/4
f 2399/6/4 2400/6/4 2409/6/4
f 2401/6/4 2402/6/4 2411/6/4
f 2402/6/4 2394/6/4 2412/6/4
f 2394/6/4 2371/6/4 2412/6/4
f 2411/6/4 2402/6/4 2412/6/4
f 2371/7/4 2379/7/4 2413/7/4
f 2412/6/4 2371/6/4 2413/6/4
f 2379/6/4 2380/6/4 2414/6/4
f 2413/7/4 2379/7/4 2414/7/4
f 2380/6/4 2374/6/4 2415/6/4
f 2414/6/4 2380/6/4 2415/6/4
f 2408/6/4 2409/6/4 2416/6/4
f 2416/6/4 2409/6/4 2417/6/4
f 2410/6/4 2411/6/4 2419/6/4
f 2411/6/4 2412/6/4 2419/6/4
f 2419/6/4 2412/6/4 2420/6/4
f 2414/7/4 2415/7/4 2421/7/4
f 2420/6/4 2412/6/4 2421/6/4
f 2413/7/4 2414/7/4 2421/7/4
f 2412/7/4 2413/7/4 2421/7/4
f 2421/7/4 2415/7/4 2422/7/4
f 2422/7/4 2415/7/4 2423/7/4
f 2417/6/4 2409/6/4 2424/6/4
f 2409/6/4 2400/6/4 2425/6/4
f 2424/6/4 2409/6/4 2425/6/4
f 2419/6/4 2420/6/4 2427/6/4
f 2418/6/4 2419/6/4 2427/6/4
f 2427/6/4 2420/6/4 2428/6/4
f 2420/7/4 2421/7/4 2429/7/4
f 2428/6/4 2420/6/4 2429/6/4
f 2421/7/4 2422/7/4 2429/7/4
f 2422/6/4 2423/6/4 2430/6/4
f 2429/7/4 2422/7/4 2430/7/4
f 2423/7/4 2415/7/4 2431/7/4
f 2430/6/4 2423/6/4 2431/6/4
f 2415/6/4 2374/6/4 2432/6/4
f 2432/6/4 2374/6/4 2433/6/4
f 2425/6/4 2400/6/4 2434/6/4
f 2434/6/4 2400/6/4 2435/6/4
f 2427/6/4 2428/6/4 2436/6/4
f 2426/6/4 2427/6/4 2436/6/4
f 2428/7/4 2429/7/4 2437/7/4
f 2436/6/4 2428/6/4 2437/6/4
f 2437/7/4 2429/7/4 2438/7/4
f 2429/6/4 2430/6/4 2439/6/4
f 2438/7/4 2429/7/4 2439/7/4
f 2431/7/4 2415/7/4 2440/7/4
f 2430/7/4 2431/7/4 2440/7/4
f 2415/6/4 2432/6/4 2441/6/4
f 2440/7/4 2415/7/4 2441/7/4
f 2441/6/4 2432/6/4 2442/6/4
f 2442/6/4 2432/6/4 2443/6/4
f 2435/6/4 2400/6/4 2444/6/4
f 2444/6/4 2400/6/4 2445/6/4
f 2392/6/4 2386/6/4 2446/6/4
f 2400/7/4 2392/7/4 2446/7/4
f 2446/6/4 2386/6/4 2447/6/4
f 2426/6/4 2436/6/4 2448/6/4
f 2437/7/4 2438/7/4 2449/7/4
f 2448/6/4 2436/6/4 2449/6/4
f 2436/7/4 2437/7/4 2449/7/4
f 2449/7/4 2438/7/4 2450/7/4
f 2438/6/4 2439/6/4 2451/6/4
f 2450/7/4 2438/7/4 2451/7/4
f 2439/6/4 2430/6/4 2452/6/4
f 2451/6/4 2439/6/4 2452/6/4
f 2430/7/4 2440/7/4 2453/7/4
f 2452/6/4 2430/6/4 2453/6/4
f 2441/6/4 2442/6/4 2454/6/4
f 2440/6/4 2441/6/4 2454/6/4
f 2454/6/4 2442/6/4 2455/6/4
f 2445/6/4 2400/6/4 2456/6/4
f 2456/6/4 2400/6/4 2457/6/4
f 2446/7/4 2447/7/4 2458/7/4
f 2457/6/4 2400/6/4 2458/6/4
f 2400/7/4 2446/7/4 2458/7/4
f 2458/7/4 2447/7/4 2459/7/4
f 2449/7/4 2450/7/4 2460/7/4
f 2448/7/4 2449/7/4 2460/7/4
f 2450/6/4 2451/6/4 2461/6/4
f 2460/7/4 2450/7/4 2461/7/4
f 2451/6/4 2452/6/4 2461/6/4
f 2461/6/4 2452/6/4 2462/6/4
f 2452/7/4 2453/7/4 2463/7/4
f 2462/6/4 2452/6/4 2463/6/4
f 2440/6/4 2454/6/4 2464/6/4
f 2463/7/4 2453/7/4 2464/7/4
f 2453/7/4 2440/7/4 2464/7/4
f 2464/6/4 2454/6/4 2465/6/4
f 2457/6/4 2458/6/4 2466/6/4
f 2458/6/4 2459/6/4 2466/6/4
f 2466/6/4 2459/6/4 2467/6/4
f 2447/6/4 2386/6/4 2468/6/4
f 2459/7/4 2447/7/4 2468/7/4
f 2468/6/4 2386/6/4 2469/6/4
f 2448/7/4 2460/7/4 2470/7/4
f 2460/6/4 2461/6/4 2471/6/4
f 2470/7/4 2460/7/4 2471/7/4
f 2461/6/4 2462/6/4 2471/6/4
f 2471/6/4 2462/6/4 2472/6/4
f 2462/7/4 2463/7/4 2473/7/4
f 2472/6/4 2462/6/4 2473/6/4
f 2463/7/4 2464/7/4 2473/7/4
f 2473/7/4 2464/7/4 2474/7/4
f 2474/7/4 2464/7/4 2475/7/4
f 2475/7/4 2464/7/4 2476/7/4
f 2467/6/4 2459/6/4 2477/6/4
f 2477/6/4 2459/6/4 2478/6/4
f 2468/7/4 2469/7/4 2479/7/4
f 2478/6/4 2459/6/4 2479/6/4
f 2459/7/4 2468/7/4 2479/7/4
f 2479/7/4 2469/7/4 2480/7/4
f 2471/6/4 2472/6/4 2481/6/4
f 2470/6/4 2471/6/4 2481/6/4
f 2472/7/4 2473/7/4 2482/7/4
f 2481/6/4 2472/6/4 2482/6/4
f 2473/7/4 2474/7/4 2482/7/4
f 2482/7/4 2474/7/4 2483/7/4
f 2474/6/4 2475/6/4 2484/6/4
f 2483/7/4 2474/7/4 2484/7/4
f 2484/6/4 2475/6/4 2485/6/4
f 2485/6/4 2475/6/4 2486/6/4
f 2479/6/4 2480/6/4 2487/6/4
f 2478/6/4 2479/6/4 2487/6/4
f 2487/6/4 2480/6/4 2488/6/4
f 2470/6/4 2481/6/4 2489/6/4
f 2482/7/4 2483/7/4 2490/7/4
f 2489/6/4 2481/6/4 2490/6/4
f 2481/7/4 2482/7/4 2490/7/4
f 2490/7/4 2483/7/4 2491/7/4
f 2484/6/4 2485/6/4 2492/6/4
f 2491/7/4 2483/7/4 2492/7/4
f 2483/6/4 2484/6/4 2492/6/4
f 2492/6/4 2485/6/4 2493/6/4
f 2493/6/4 2485/6/4 2494/6/4
f 2488/6/4 2480/6/4 2495/6/4
f 2480/7/4 2469/7/4 2496/7/4
f 2495/6/4 2480/6/4 2496/6/4
f 2490/7/4 2491/7/4 2497/7/4
f 2489/7/4 2490/7/4 2497/7/4
f 2497/7/4 2491/7/4 2498/7/4
f 2492/6/4 2493/6/4 2499/6/4
f 2491/6/4 2492/6/4 2499/6/4
f 2499/6/4 2493/6/4 2500/6/4
f 2496/7/4 2469/7/4 2501/7/4
f 2469/6/4 2386/6/4 2502/6/4
f 2501/7/4 2469/7/4 2502/7/4
f 2502/6/4 2386/6/4 2503/6/4
f 2491/6/4 2499/6/4 2504/6/4
f 2504/6/4 2499/6/4 2505/6/4
f 2491/6/4 2504/6/4 2506/6/4
f 2506/6/4 2504/6/4 2507/6/4
f 2497/6/4 2498/6/4 2508/6/4
f 2498/7/4 2491/7/4 2509/7/4
f 2508/6/4 2498/6/4 2509/6/4
f 2508/7/4 2509/7/4 2510/7/4
f 2509/7/4 2491/7/4 2510/7/4
f 2491/6/4 2506/6/4 2511/6/4
f 2510/7/4 2491/7/4 2511/7/4
f 2497/6/4 2508/6/4 2512/6/4
f 2508/7/4 2510/7/4 2513/7/4
f 2512/6/4 2508/6/4 2513/6/4
f 2510/6/4 2511/6/4 2514/6/4
f 2513/7/4 2510/7/4 2514/7/4
f 2511/6/4 2506/6/4 2515/6/4
f 2514/6/4 2511/6/4 2515/6/4
f 2520/5/4 2521/5/4 2522/5/4
f 2522/5/4 2523/5/4 2524/5/4
f 2516/5/4 2517/5/4 2526/5/4
f 2526/5/4 2517/5/4 2527/5/4
f 2524/5/4 2525/5/4 2528/5/4
f 2528/5/4 2529/5/4 2530/5/4
f 2524/5/4 2528/5/4 2530/5/4
f 2520/5/4 2522/5/4 2530/5/4
f 2522/5/4 2524/5/4 2530/5/4
f 2530/5/4 2529/5/4 2531/5/4
f 2531/5/4 2529/5/4 2532/5/4
f 2516/5/4 2526/5/4 2534/5/4
f 2534/5/4 2526/5/4 2535/5/4
f 2532/5/4 2533/5/4 2536/5/4
f 2531/5/4 2532/5/4 2536/5/4
f 2536/5/4 2533/5/4 2537/5/4
f 2537/5/4 2533/5/4 2538/5/4
f 2518/5/4 2519/5/4 2541/5/4
f 2538/5/4 2539/5/4 2542/5/4
f 2537/5/4 2538/5/4 2542/5/4
f 2542/5/4 2539/5/4 2543/5/4
f 2543/5/4 2539/5/4 2544/5/4
f 2540/5/4 2541/5/4 2547/5/4
f 2543/5/4 2544/5/4 2548/5/4
f 2544/5/4 2545/5/4 2548/5/4
f 2548/5/4 2545/5/4 2549/5/4
f 2549/5/4 2545/5/4 2550/5/4
f 2550/5/4 2551/5/4 2552/5/4
f 2549/5/4 2550/5/4 2552/5/4
f 2552/5/4 2551/5/4 2553/5/4
f 2553/5/4 2551/5/4 2554/5/4
f 2554/5/4 2555/5/4 2556/5/4
f 2553/5/4 2554/5/4 2556/5/4
f 2556/5/4 2555/5/4 2557/5/4
f 2557/5/4 2555/5/4 2558/5/4
f 2558/5/4 2559/5/4 2560/5/4
f 2557/5/4 2558/5/4 2560/5/4
f 2560/5/4 2559/5/4 2561/5/4
f 2561/5/4 2559/5/4 2562/5/4
f 2562/5/4 2563/5/4 2564/5/4
f 2561/5/4 2562/5/4 2564/5/4
f 2564/5/4 2563/5/4 2565/5/4
f 2565/5/4 2563/5/4 2566/5/4
f 2566/5/4 2567/5/4 2568/5/4
f 2565/5/4 2566/5/4 2568/5/4
f 2568/5/4 2567/5/4 2569/5/4
f 2569/5/4 2567/5/4 2570/5/4
f 2570/5/4 2571/5/4 2572/5/4
f 2569/5/4 2570/5/4 2572/5/4
f 2572/5/4 2571/5/4 2573/5/4
f 2546/5/4 2547/5/4 2574/5/4
f 2541/5/4 2519/5/4 2574/5/4
f 2547/5/4 2541/5/4 2574/5/4
f 2574/5/4 2575/5/4 2576/5/4
f 2576/5/4 2577/5/4 2578/5/4
f 2578/5/4 2579/5/4 2580/5/4
f 2516/5/4 2534/5/4 2582/5/4
f 2580/5/4 2581/5/4 2583/5/4
f 2546/5/4 2574/5/4 2583/5/4
f 2578/5/4 2580/5/4 2583/5/4
f 2576/5/4 2578/5/4 2583/5/4
f 2574/5/4 2576/5/4 2583/5/4
f 2583/5/4 2581/5/4 2584/5/4
f 2582/5/4 2583/5/4 2584/5/4
f 2573/5/4 2571/5/4 2585/5/4
f 2582/5/4 2584/5/4 2586/5/4
f 2584/5/4 2585/5/4 2586/5/4
f 2516/5/4 2582/5/4 2586/5/4
f 2585/5/4 2571/5/4 2587/5/4
f 2586/5/4 2585/5/4 2587/5/4
f 2588/5/4 2589/5/4 2590/5/4
f 2590/5/4 2589/5/4 2591/5/4
f 2591/5/4 2589/5/4 2592/5/4
f 2592/5/4 2589/5/4 2593/5/4
f 2588/5/4 2590/5/4 2594/5/4
f 2591/5/4 2592/5/4 2596/5/4
f 2596/5/4 2592/5/4 2597/5/4
f 2594/5/4 2595/5/4 2598/5/4
f 2591/5/4 2596/5/4 2600/5/4
f 2600/5/4 2596/5/4 2601/5/4
f 2598/5/4 2599/5/4 2602/5/4
f 2591/5/4 2600/5/4 2604/5/4
f 2604/5/4 2600/5/4 2605/5/4
f 2602/5/4 2603/5/4 2606/5/4
f 2591/5/4 2604/5/4 2608/5/4
f 2608/5/4 2604/5/4 2609/5/4
f 2591/5/4 2608/5/4 2610/5/4
f 2610/5/4 2608/5/4 2611/5/4
f 2591/5/4 2610/5/4 2612/5/4
f 2612/5/4 2610/5/4 2613/5/4
f 2591/5/4 2612/5/4 2614/5/4
f 2614/5/4 2612/5/4 2615/5/4
f 2597/5/4 2592/5/4 2616/5/4
f 2616/5/4 2592/5/4 2617/5/4
f 2597/5/4 2616/5/4 2618/5/4
f 2618/5/4 2616/5/4 2619/5/4
f 2606/5/4 2607/5/4 2620/5/4
f 2591/5/4 2614/5/4 2621/5/4
f 2621/5/4 2614/5/4 2622/5/4
f 2597/5/4 2618/5/4 2624/5/4
f 2624/5/4 2618/5/4 2625/5/4
f 2622/5/4 2623/5/4 2626/5/4
f 2620/5/4 2621/5/4 2626/5/4
f 2621/5/4 2622/5/4 2626/5/4
f 2597/5/4 2624/5/4 2628/5/4
f 2628/5/4 2624/5/4 2629/5/4
f 2626/5/4 2627/5/4 2630/5/4
f 2597/5/4 2628/5/4 2632/5/4
f 2632/5/4 2628/5/4 2633/5/4
f 2593/5/4 2589/5/4 2635/5/4
f 2630/5/4 2631/5/4 2636/5/4
f 2634/5/4 2635/5/4 2639/5/4
f 2635/5/4 2589/5/4 2640/5/4
f 2639/5/4 2635/5/4 2640/5/4
f 2640/5/4 2589/5/4 2641/5/4
f 2636/5/4 2637/5/4 2642/5/4
f 2638/5/4 2639/5/4 2645/5/4
f 2639/5/4 2640/5/4 2645/5/4
f 2645/5/4 2640/5/4 2646/5/4
f 2646/5/4 2640/5/4 2647/5/4
f 2642/5/4 2643/5/4 2648/5/4
f 2644/5/4 2645/5/4 2651/5/4
f 2645/5/4 2646/5/4 2651/5/4
f 2651/5/4 2646/5/4 2652/5/4
f 2652/5/4 2646/5/4 2653/5/4
f 2648/5/4 2649/5/4 2654/5/4
f 2650/5/4 2651/5/4 2657/5/4
f 2651/5/4 2652/5/4 2657/5/4
f 2657/5/4 2652/5/4 2658/5/4
f 2658/5/4 2652/5/4 2659/5/4
f 2654/5/4 2655/5/4 2660/5/4
f 2656/5/4 2657/5/4 2663/5/4
f 2657/5/4 2658/5/4 2663/5/4
f 2663/5/4 2658/5/4 2664/5/4
f 2664/5/4 2658/5/4 2665/5/4
f 2660/5/4 2661/5/4 2666/5/4
f 2662/5/4 2663/5/4 2669/5/4
f 2663/5/4 2664/5/4 2669/5/4
f 2669/5/4 2664/5/4 2670/5/4
f 2670/5/4 2664/5/4 2671/5/4
f 2666/5/4 2667/5/4 2672/5/4
f 2668/5/4 2669/5/4 2675/5/4
f 2669/5/4 2670/5/4 2675/5/4
f 2675/5/4 2670/5/4 2676/5/4
f 2676/5/4 2670/5/4 2677/5/4
f 2672/5/4 2673/5/4 2678/5/4
f 2597/5/4 2632/5/4 2679/5/4
f 2674/5/4 2675/5/4 2681/5/4
f 2675/5/4 2676/5/4 2681/5/4
f 2681/5/4 2676/5/4 2682/5/4
f 2682/5/4 2676/5/4 2683/5/4
f 2680/5/4 2681/5/4 2685/5/4
f 2681/5/4 2682/5/4 2685/5/4
f 2685/5/4 2682/5/4 2686/5/4
f 2686/5/4 2682/5/4 2687/5/4
f 2684/5/4 2685/5/4 2688/5/4
f 2685/5/4 2686/5/4 2688/5/4
f 2688/5/4 2686/5/4 2689/5/4
f 2684/5/4 2688/5/4 2690/5/4
f 2690/5/4 2688/5/4 2691/5/4
f 2684/5/4 2690/5/4 2692/5/4
f 2692/5/4 2690/5/4 2693/5/4
f 2620/5/4 2626/5/4 2694/5/4
f 2606/5/4 2620/5/4 2694/5/4
f 2588/5/4 2594/5/4 2694/5/4
f 2602/5/4 2606/5/4 2694/5/4
f 2594/5/4 2598/5/4 2694/5/4
f 2598/5/4 2602/5/4 2694/5/4
f 2672/5/4 2678/5/4 2694/5/4
f 2626/5/4 2630/5/4 2694/5/4
f 2630/5/4 2636/5/4 2694/5/4
f 2636/5/4 2642/5/4 2694/5/4
f 2642/5/4 2648/5/4 2694/5/4
f 2678/5/4 2679/5/4 2694/5/4
f 2648/5/4 2654/5/4 2694/5/4
f 2666/5/4 2672/5/4 2694/5/4
f 2654/5/4 2660/5/4 2694/5/4
f 2660/5/4 2666/5/4 2694/5/4
f 2679/5/4 2632/5/4 2695/5/4
f 2694/5/4 2679/5/4 2695/5/4
f 2684/5/4 2692/5/4 2696/5/4
f 2696/5/4 2692/5/4 2697/5/4
f 2702/2/5 2699/2/5 2698/2/5
f 2703/2/5 2699/2/5 2702/2/5
f 2706/2/5 2701/2/5 2700/2/5
f 2707/2/5 2701/2/5 2706/2/5
f 2708/5/5 2704/5/5 2703/5/5
f 2708/5/5 2703/5/5 2702/5/5
f 2709/5/5 2707/5/5 2706/5/5
f 2709/5/5 2706/5/5 2705/5/5
f 2710/5/5 2708/5/5 2702/5/5
f 2710/10/5 2709/10/5 2708/10/5
f 2711/5/5 2707/5/5 2709/5/5
f 2711/10/5 2709/10/5 2710/10/5
f 2712/5/5 2710/5/5 2702/5/5
f 2713/5/5 2710/5/5 2712/5/5
f 2714/5/5 2707/5/5 2711/5/5
f 2715/5/5 2707/5/5 2714/5/5
f 2718/5/5 2717/5/5 2716/5/5
f 2719/5/5 2717/5/5 2718/5/5
f 2720/5/5 2717/5/5 2719/5/5
f 2721/5/5 2717/5/5 2720/5/5
f 2722/5/5 2717/5/5 2721/5/5
f 2723/5/5 2717/5/5 2722/5/5
f 2730/5/5 2725/5/5 2724/5/5
f 2730/5/5 2729/5/5 2728/5/5
f 2730/5/5 2728/5/5 2727/5/5
f 2730/5/5 2727/5/5 2726/5/5
f 2730/5/5 2726/5/5 2725/5/5
f 2731/5/5 2729/5/5 2730/5/5
f 2734/5/5 2733/5/5 2732/5/5
f 2735/5/5 2733/5/5 2734/5/5
f 2738/5/5 2737/5/5 2736/5/5
f 2739/5/5 2737/5/5 2738/5/5
f 2742/5/5 2741/5/5 2740/5/5
f 2743/5/5 2741/5/5 2742/5/5
f 2744/5/5 2741/5/5 2743/5/5
f 2745/5/5 2741/5/5 2744/5/5
f 2750/5/5 2747/5/5 2746/5/5
f 2750/5/5 2749/5/5 2748/5/5
f 2750/5/5 2748/5/5 2747/5/5
f 2751/5/5 2749/5/5 2750/5/5
f 2755/5/5 2753/5/5 2752/5/5
f 2755/5/5 2754/5/5 2753/5/5
f 2756/5/5 2754/5/5 2755/5/5
f 2759/5/5 2758/5/5 2757/5/5
f 2760/5/5 2758/5/5 2759/5/5
f 2763/4/5 2762/4/5 2761/4/5
f 2764/4/5 2762/4/5 2763/4/5
f 2773/5/5 2766/5/5 2765/5/5
f 2774/5/5 2766/5/5 2773/5/5
f 2775/5/5 2768/5/5 2767/5/5
f 2776/5/5 2768/5/5 2775/5/5
f 2777/5/5 2770/5/5 2769/5/5
f 2778/5/5 2770/5/5 2777/5/5
f 2779/5/5 2772/5/5 2771/5/5
f 2780/5/5 2772/5/5 2779/5/5
f 2789/5/5 2782/5/5 2781/5/5
f 2790/5/5 2782/5/5 2789/5/5
f 2791/5/5 2784/5/5 2783/5/5
f 2792/5/5 2784/5/5 2791/5/5
f 2793/5/5 2786/5/5 2785/5/5
f 2794/5/5 2786/5/5 2793/5/5
f 2795/5/5 2788/5/5 2787/5/5
f 2796/5/5 2788/5/5 2795/5/5
f 2805/5/5 2798/5/5 2797/5/5
f 2806/5/5 2798/5/5 2805/5/5
f 2807/5/5 2800/5/5 2799/5/5
f 2808/5/5 2800/5/5 2807/5/5
f 2809/5/5 2802/5/5 2801/5/5
f 2810/5/5 2802/5/5 2809/5/5
f 2811/5/5 2804/5/5 2803/5/5
f 2812/5/5 2804/5/5 2811/5/5
f 2820/5/5 2814/5/5 2813/5/5
f 2820/5/5 2815/5/5 2814/5/5
f 2821/5/5 2815/5/5 2820/5/5
f 2822/5/5 2815/5/5 2821/5/5
f 2823/5/5 2817/5/5 2816/5/5
f 2824/5/5 2817/5/5 2823/5/5
f 2825/5/5 2817/5/5 2824/5/5
f 2826/5/5 2817/5/5 2825/5/5
f 2827/5/5 2819/5/5 2818/5/5
f 2828/5/5 2819/5/5 2827/5/5
f 2829/5/5 2819/5/5 2828/5/5
f 2838/5/5 2831/5/5 2830/5/5
f 2839/5/5 2831/5/5 2838/5/5
f 2840/5/5 2833/5/5 2832/5/5
f 2841/5/5 2833/5/5 2840/5/5
f 2842/5/5 2835/5/5 2834/5/5
f 2843/5/5 2835/5/5 2842/5/5
f 2844/5/5 2837/5/5 2836/5/5
f 2845/5/5 2837/5/5 2844/5/5
f 2854/5/5 2847/5/5 2846/5/5
f 2855/5/5 2847/5/5 2854/5/5
f 2856/5/5 2849/5/5 2848/5/5
f 2857/5/5 2849/5/5 2856/5/5
f 2858/5/5 2849/5/5 2857/5/5
f 2859/5/5 2849/5/5 2858/5/5
f 2860/5/5 2849/5/5 2859/5/5
f 2861/5/5 2851/5/5 2850/5/5
f 2862/5/5 2851/5/5 2861/5/5
f 2863/5/5 2851/5/5 2862/5/5
f 2864/5/5 2851/5/5 2863/5/5
f 2865/5/5 2851/5/5 2864/5/5
f 2866/5/5 2853/5/5 2852/5/5
f 2867/5/5 2853/5/5 2866/5/5
f 2870/5/5 2869/5/5 2868/5/5
f 2871/5/5 2869/5/5 2870/5/5
f 2872/5/5 2869/5/5 2871/5/5
f 2873/5/5 2869/5/5 2872/5/5
f 2874/5/5 2869/5/5 2873/5/5
f 2875/5/5 2869/5/5 2874/5/5
f 2876/5/5 2869/5/5 2875/5/5
f 2877/5/5 2869/5/5 2876/5/5
f 2886/5/5 2879/5/5 2878/5/5
f 2886/5/5 2885/5/5 2884/5/5
f 2886/5/5 2884/5/5 2883/5/5
f 2886/5/5 2883/5/5 2882/5/5
f 2886/5/5 2882/5/5 2881/5/5
f 2886/5/5 2881/5/5 2880/5/5
f 2886/5/5 2880/5/5 2879/5/5
f 2887/5/5 2885/5/5 2886/5/5
f 2894/5/5 2889/5/5 2888/5/5
f 2894/5/5 2890/5/5 2889/5/5
f 2895/5/5 2890/5/5 2894/5/5
f 2896/5/5 2893/5/5 2892/5/5
f 2896/5/5 2892/5/5 2891/5/5
f 2897/5/5 2893/5/5 2896/5/5
f 2902/5/5 2899/5/5 2898/5/5
f 2903/5/5 2899/5/5 2902/5/5
f 2904/5/5 2901/5/5 2900/5/5
f 2905/5/5 2901/5/5 2904/5/5
f 2910/5/5 2907/5/5 2906/5/5
f 2911/5/5 2907/5/5 2910/5/5
f 2912/5/5 2909/5/5 2908/5/5
f 2913/5/5 2909/5/5 2912/5/5
f 2918/5/5 2915/5/5 2914/5/5
f 2919/5/5 2915/5/5 2918/5/5
f 2920/5/5 2917/5/5 2916/5/5
f 2921/5/5 2917/5/5 2920/5/5
f 2926/2/5 2923/2/5 2922/2/5
f 2927/2/5 2923/2/5 2926/2/5
f 2932/2/5 2925/2/5 2924/2/5
f 2933/2/5 2925/2/5 2932/2/5
f 2934/5/5 2929/5/5 2928/5/5
f 2935/5/5 2929/5/5 2934/5/5
f 2936/5/5 2931/5/5 2930/5/5
f 2937/5/5 2931/5/5 2936/5/5
f 2942/5/5 2939/5/5 2938/5/5
f 2943/5/5 2939/5/5 2942/5/5
f 2944/5/5 2941/5/5 2940/5/5
f 2945/5/5 2941/5/5 2944/5/5
f 2950/2/5 2947/2/5 2946/2/5
f 2951/2/5 2947/2/5 2950/2/5
f 2956/2/5 2949/2/5 2948/2/5
f 2957/2/5 2949/2/5 2956/2/5
f 2958/5/5 2953/5/5 2952/5/5
f 2959/5/5 2953/5/5 2958/5/5
f 2960/5/5 2955/5/5 2954/5/5
f 2961/5/5 2955/5/5 2960/5/5
f 2966/5/5 2963/5/5 2962/5/5
f 2967/5/5 2963/5/5 2966/5/5
f 2968/5/5 2965/5/5 2964/5/5
f 2969/5/5 2965/5/5 2968/5/5
f 2974/2/5 2971/2/5 2970/2/5
f 2975/2/5 2971/2/5 2974/2/5
f 2980/2/5 2973/2/5 2972/2/5
f 2981/2/5 2973/2/5 2980/2/5
f 2982/5/5 2977/5/5 2976/5/5
f 2983/5/5 2977/5/5 2982/5/5
f 2984/5/5 2979/5/5 2978/5/5
f 2985/5/5 2979/5/5 2984/5/5
f 2990/5/5 2987/5/5 2986/5/5
f 2991/5/5 2987/5/5 2990/5/5
f 2992/5/5 2989/5/5 2988/5/5
f 2993/5/5 2989/5/5 2992/5/5
f 2998/2/5 2995/2/5 2994/2/5
f 2999/2/5 2995/2/5 2998/2/5
f 3004/2/5 2997/2/5 2996/2/5
f 3005/2/5 2997/2/5 3004/2/5
f 3006/5/5 3001/5/5 3000/5/5
f 3007/5/5 3001/5/5 3006/5/5
f 3008/5/5 3003/5/5 3002/5/5
f 3009/5/5 3003/5/5 3008/5/5
f 3014/5/5 3011/5/5 3010/5/5
f 3015/5/5 3011/5/5 3014/5/5
f 3016/5/5 3013/5/5 3012/5/5
f 3017/5/5 3013/5/5 3016/5/5
f 3022/2/5 3019/2/5 3018/2/5
f 3023/2/5 3019/2/5 3022/2/5
f 3028/2/5 3021/2/5 3020/2/5
f 3029/2/5 3021/2/5 3028/2/5
f 3030/5/5 3025/5/5 3024/5/5
f 3031/5/5 3025/5/5 3030/5/5
f 3032/5/5 3027/5/5 3026/5/5
f 3033/5/5 3027/5/5 3032/5/5
f 3038/5/5 3035/5/5 3034/5/5
f 3039/5/5 3035/5/5 3038/5/5
f 3040/5/5 3037/5/5 3036/5/5
f 3041/5/5 3037/5/5 3040/5/5
f 3048/2/5 3043/2/5 3042/2/5
f 3049/2/5 3043/2/5 3048/2/5
f 3052/2/5 3045/2/5 3044/2/5
f 3053/2/5 3045/2/5 3052/2/5
f 3054/2/5 3045/2/5 3053/2/5
f 3055/2/5 3045/2/5 3054/2/5
f 3058/2/5 3047/2/5 3046/2/5
f 3059/2/5 3047/2/5 3058/2/5
f 3060/5/5 3051/5/5 3050/5/5
f 3061/5/5 3051/5/5 3060/5/5
f 3062/5/5 3057/5/5 3056/5/5
f 3063/5/5 3057/5/5 3062/5/5
f 3068/5/5 3065/5/5 3064/5/5
f 3069/5/5 3065/5/5 3068/5/5
f 3070/5/5 3067/5/5 3066/5/5
f 3071/5/5 3067/5/5 3070/5/5
f 3080/2/5 3073/2/5 3072/2/5
f 3081/2/5 3073/2/5 3080/2/5
f 3084/2/5 3075/2/5 3074/2/5
f 3085/2/5 3075/2/5 3084/2/5
f 3086/2/5 3077/2/5 3076/2/5
f 3087/2/5 3077/2/5 3086/2/5
f 3090/2/5 3079/2/5 3078/2/5
f 3091/2/5 3079/2/5 3090/2/5
f 3092/5/5 3083/5/5 3082/5/5
f 3093/5/5 3083/5/5 3092/5/5
f 3094/5/5 3089/5/5 3088/5/5
f 3095/5/5 3089/5/5 3094/5/5
f 3100/5/5 3097/5/5 3096/5/5
f 3101/5/5 3097/5/5 3100/5/5
f 3102/5/5 3099/5/5 3098/5/5
f 3103/5/5 3099/5/5 3102/5/5
f 3112/2/5 3105/2/5 3104/2/5
f 3113/2/5 3105/2/5 3112/2/5
f 3116/2/5 3107/2/5 3106/2/5
f 3117/2/5 3107/2/5 3116/2/5
f 3118/2/5 3109/2/5 3108/2/5
f 3119/2/5 3109/2/5 3118/2/5
f 3122/2/5 3111/2/5 3110/2/5
f 3123/2/5 3111/2/5 3122/2/5
f 3124/5/5 3115/5/5 3114/5/5
f 3125/5/5 3115/5/5 3124/5/5
f 3126/5/5 3121/5/5 3120/5/5
f 3127/5/5 3121/5/5 3126/5/5
f 3132/5/5 3129/5/5 3128/5/5
f 3133/5/5 3129/5/5 3132/5/5
f 3134/5/5 3131/5/5 3130/5/5
f 3135/5/5 3131/5/5 3134/5/5
f 3140/2/5 3137/2/5 3136/2/5
f 3141/2/5 3137/2/5 3140/2/5
f 3146/2/5 3139/2/5 3138/2/5
f 3147/2/5 3139/2/5 3146/2/5
f 3148/5/5 3143/5/5 3142/5/5
f 3149/5/5 3143/5/5 3148/5/5
f 3150/5/5 3143/5/5 3149/5/5
f 3151/5/5 3143/5/5 3150/5/5
f 3152/5/5 3145/5/5 3144/5/5
f 3153/5/5 3145/5/5 3152/5/5
f 3154/5/5 3145/5/5 3153/5/5
f 3155/5/5 3145/5/5 3154/5/5
f 3156/5/5 3145/5/5 3155/5/5
f 3166/5/5 3158/5/5 3157/5/5
f 3166/5/5 3159/5/5 3158/5/5
f 3166/5/5 3160/5/5 3159/5/5
f 3167/5/5 3160/5/5 3166/5/5
f 3168/5/5 3165/5/5 3164/5/5
f 3168/5/5 3164/5/5 3163/5/5
f 3168/5/5 3163/5/5 3162/5/5
f 3168/5/5 3162/5/5 3161/5/5
f 3169/5/5 3165/5/5 3168/5/5
f 3174/2/5 3171/2/5 3170/2/5
f 3175/2/5 3171/2/5 3174/2/5
f 3176/2/5 3173/2/5 3172/2/5
f 3177/2/5 3173/2/5 3176/2/5
f 3178/5/6 3179/5/6 3182/5/6
f 3182/5/6 3179/5/6 3183/5/6
f 3183/5/6 3179/5/6 3184/5/6
f 3184/5/6 3179/5/6 3185/5/6
f 3185/5/6 3179/5/6 3186/5/6
f 3186/5/6 3179/5/6 3187/5/6
f 3187/5/6 3179/5/6 3188/5/6
f 3188/5/6 3179/5/6 3189/5/6
f 3180/5/6 3181/5/6 3190/5/6
f 3190/5/6 3181/5/6 3191/5/6
f 3191/5/6 3181/5/6 3192/5/6
f 3192/5/6 3181/5/6 3193/5/6
f 3194/5/6 3195/5/6 3206/5/6
f 3195/5/6 3196/5/6 3206/5/6
f 3196/5/6 3197/5/6 3206/5/6
f 3197/5/6 3198/5/6 3206/5/6
f 3200/5/6 3201/5/6 3206/5/6
f 3199/5/6 3200/5/6 3206/5/6
f 3198/5/6 3199/5/6 3206/5/6
f 3206/5/6 3201/5/6 3207/5/6
f 3204/5/6 3205/5/6 3208/5/6
f 3203/5/6 3204/5/6 3208/5/6
f 3202/5/6 3203/5/6 3208/5/6
f 3208/5/6 3205/5/6 3209/5/6
f 3210/5/6 3211/5/6 3214/5/6
f 3214/5/6 3211/5/6 3215/5/6
f 3215/5/6 3211/5/6 3216/5/6
f 3212/5/6 3213/5/6 3217/5/6
f 3217/5/6 3213/5/6 3218/5/6
f 3219/5/6 3220/5/6 3224/5/6
f 3220/5/6 3221/5/6 3224/5/6
f 3224/5/6 3221/5/6 3225/5/6
f 3222/5/6 3223/5/6 3226/5/6
f 3226/5/6 3223/5/6 3227/5/6
f 3228/5/6 3229/5/6 3232/5/6
f 3232/5/6 3229/5/6 3233/5/6
f 3233/5/6 3229/5/6 3234/5/6
f 3230/5/6 3231/5/6 3235/5/6
f 3235/5/6 3231/5/6 3236/5/6
f 3237/5/6 3238/5/6 3242/5/6
f 3238/5/6 3239/5/6 3242/5/6
f 3242/5/6 3239/5/6 3243/5/6
f 3240/5/6 3241/5/6 3244/5/6
f 3244/5/6 3241/5/6 3245/5/6
f 3246/5/6 3247/5/6 3248/5/6
f 3248/5/6 3247/5/6 3249/5/6
f 3250/5/6 3251/5/6 3252/5/6
f 3252/5/6 3251/5/6 3253/5/6
f 3254/5/6 3255/5/6 3256/5/6
f 3256/5/6 3255/5/6 3257/5/6
f 3257/5/6 3255/5/6 3258/5/6
f 3258/5/6 3255/5/6 3259/5/6
f 3260/5/6 3261/5/6 3264/5/6
f 3262/5/6 3263/5/6 3264/5/6
f 3261/5/6 3262/5/6 3264/5/6
f 3264/5/6 3263/5/6 3265/5/6
f 3266/5/6 3267/5/6 3276/5/6
f 3276/5/6 3267/5/6 3277/5/6
f 3277/5/6 3267/5/6 3278/5/6
f 3278/5/6 3267/5/6 3279/5/6
f 3279/5/6 3267/5/6 3280/5/6
f 3280/5/6 3267/5/6 3281/5/6
f 3268/5/6 3269/5/6 3282/5/6
f 3282/5/6 3269/5/6 3283/5/6
f 3270/5/6 3271/5/6 3284/5/6
f 3284/5/6 3271/5/6 3285/5/6
f 3272/5/6 3273/5/6 3286/5/6
f 3286/5/6 3273/5/6 3287/5/6
f 3287/5/6 3273/5/6 3288/5/6
f 3288/5/6 3273/5/6 3289/5/6
f 3289/5/6 3273/5/6 3290/5/6
f 3290/5/6 3273/5/6 3291/5/6
f 3274/5/6 3275/5/6 3292/5/6
f 3292/5/6 3275/5/6 3293/5/6
f 3293/5/6 3275/5/6 3294/5/6
f 3294/5/6 3275/5/6 3295/5/6
f 3295/5/6 3275/5/6 3296/5/6
f 3296/5/6 3275/5/6 3297/5/6
f 3298/5/6 3299/5/6 3304/5/6
f 3302/5/6 3303/5/6 3304/5/6
f 3301/5/6 3302/5/6 3304/5/6
f 3300/5/6 3301/5/6 3304/5/6
f 3299/5/6 3300/5/6 3304/5/6
f 3304/5/6 3303/5/6 3305/5/6
f 3306/5/6 3307/5/6 3310/5/6
f 3310/5/6 3307/5/6 3311/5/6
f 3308/5/6 3309/5/6 3312/5/6
f 3312/5/6 3309/5/6 3313/5/6
f 3314/5/6 3315/5/6 3318/5/6
f 3318/5/6 3315/5/6 3319/5/6
f 3316/5/6 3317/5/6 3320/5/6
f 3320/5/6 3317/5/6 3321/5/6
f 3322/5/6 3323/5/6 3328/5/6
f 3328/5/6 3323/5/6 3329/5/6
f 3324/5/6 3325/5/6 3330/5/6
f 3330/5/6 3325/5/6 3331/5/6
f 3326/5/6 3327/5/6 3332/5/6
f 3332/5/6 3327/5/6 3333/5/6
f 3334/5/6 3335/5/6 3336/5/6
f 3336/5/6 3335/5/6 3337/5/6
f 3338/5/6 3339/5/6 3349/5/6
f 3339/5/6 3340/5/6 3349/5/6
f 3349/5/6 3340/5/6 3350/5/6
f 3350/5/6 3340/5/6 3351/5/6
f 3351/5/6 3340/5/6 3352/5/6
f 3341/5/6 3342/5/6 3353/5/6
f 3353/5/6 3342/5/6 3354/5/6
f 3343/5/6 3344/5/6 3355/5/6
f 3355/5/6 3344/5/6 3356/5/6
f 3345/5/6 3346/5/6 3357/5/6
f 3357/5/6 3346/5/6 3358/5/6
f 3347/5/6 3348/5/6 3359/5/6
f 3359/5/6 3348/5/6 3360/5/6
f 3361/5/6 3362/5/6 3365/5/6
f 3365/5/6 3362/5/6 3366/5/6
f 3363/5/6 3364/5/6 3367/5/6
f 3367/5/6 3364/5/6 3368/5/6
f 3369/5/6 3370/5/6 3377/5/6
f 3377/5/6 3370/5/6 3378/5/6
f 3371/5/6 3372/5/6 3379/5/6
f 3379/5/6 3372/5/6 3380/5/6
f 3373/5/6 3374/5/6 3381/5/6
f 3381/5/6 3374/5/6 3382/5/6
f 3375/5/6 3376/5/6 3383/5/6
f 3383/5/6 3376/5/6 3384/5/6
f 3385/5/6 3386/5/6 3387/5/6
f 3387/5/6 3386/5/6 3388/5/6
f 3389/5/6 3390/5/6 3393/5/6
f 3393/5/6 3390/5/6 3394/5/6
f 3391/5/6 3392/5/6 3395/5/6
f 3395/5/6 3392/5/6 3396/5/6
f 3397/5/6 3398/5/6 3401/5/6
f 3401/5/6 3398/5/6 3402/5/6
f 3399/5/6 3400/5/6 3403/5/6
f 3403/5/6 3400/5/6 3404/5/6
f 3405/5/6 3406/5/6 3413/5/6
f 3413/5/6 3406/5/6 3414/5/6
f 3407/5/6 3408/5/6 3415/5/6
f 3415/5/6 3408/5/6 3416/5/6
f 3409/5/6 3410/5/6 3417/5/6
f 3417/5/6 3410/5/6 3418/5/6
f 3411/5/6 3412/5/6 3419/5/6
f 3419/5/6 3412/5/6 3420/5/6
f 3421/5/6 3422/5/6 3423/5/6
f 3423/5/6 3422/5/6 3424/5/6
f 3425/5/6 3426/5/6 3429/5/6
f 3429/5/6 3426/5/6 3430/5/6
f 3427/5/6 3428/5/6 3431/5/6
f 3431/5/6 3428/5/6 3432/5/6
f 3433/5/6 3434/5/6 3437/5/6
f 3437/5/6 3434/5/6 3438/5/6
f 3435/5/6 3436/5/6 3439/5/6
f 3439/5/6 3436/5/6 3440/5/6
f 3441/5/6 3442/5/6 3447/5/6
f 3447/5/6 3442/5/6 3448/5/6
f 3443/5/6 3444/5/6 3449/5/6
f 3449/5/6 3444/5/6 3450/5/6
f 3445/5/6 3446/5/6 3451/5/6
f 3451/5/6 3446/5/6 3452/5/6
f 3453/5/6 3454/5/6 3455/5/6
f 3455/5/6 3454/5/6 3456/5/6
f 3457/5/6 3458/5/6 3461/5/6
f 3461/5/6 3458/5/6 3462/5/6
f 3459/5/6 3460/5/6 3463/5/6
f 3463/5/6 3460/5/6 3464/5/6
f 3465/5/6 3466/5/6 3469/5/6
f 3469/5/6 3466/5/6 3470/5/6
f 3467/5/6 3468/5/6 3471/5/6
f 3471/5/6 3468/5/6 3472/5/6
f 3477/5/6 3478/5/6 3479/5/6
f 3479/5/6 3478/5/6 3480/5/6
f 3473/5/6 3474/5/6 3481/5/6
f 3481/5/6 3474/5/6 3482/5/6
f 3475/5/6 3476/5/6 3483/5/6
f 3483/5/6 3476/5/6 3484/5/6
f 3485/5/6 3486/5/6 3489/5/6
f 3489/5/6 3486/5/6 3490/5/6
f 3487/5/6 3488/5/6 3491/5/6
f 3491/5/6 3488/5/6 3492/5/6
f 3493/5/6 3494/5/6 3496/5/6
f 3494/5/6 3495/5/6 3496/5/6
f 3496/5/6 3495/5/6 3497/5/6
f 3497/5/6 3495/5/6 3498/5/6
f 3498/5/6 3495/5/6 3499/5/6
f 3500/5/6 3501/5/6 3504/5/6
f 3502/5/6 3503/5/6 3504/5/6
f 3501/5/6 3502/5/6 3504/5/6
f 3504/5/6 3503/5/6 3505/5/6
f 3506/5/6 3507/5/6 3509/5/6
f 3507/5/6 3508/5/6 3509/5/6
f 3509/5/6 3508/5/6 3510/5/6
f 3510/5/6 3508/5/6 3511/5/6
f 3511/5/6 3508/5/6 3512/5/6
f 3512/5/6 3508/5/6 3513/5/6
f 3513/5/6 3508/5/6 3514/5/6
f 3515/5/6 3516/5/6 3521/5/6
f 3519/5/6 3520/5/6 3521/5/6
f 3518/5/6 3519/5/6 3521/5/6
f 3517/5/6 3518/5/6 3521/5/6
f 3516/5/6 3517/5/6 3521/5/6
f 3521/5/6 3520/5/6 3522/5/6
f 3523/5/6 3524/5/6 3525/5/6
f 3525/5/6 3524/5/6 3526/5/6
f 3527/5/6 3528/5/6 3529/5/6
f 3529/5/6 3528/5/6 3530/5/6
f 3531/5/6 3532/5/6 3535/5/6
f 3535/5/6 3532/5/6 3536/5/6
f 3533/5/6 3534/5/6 3537/5/6
f 3537/5/6 3534/5/6 3538/5/6
f 3539/5/6 3540/5/6 3543/5/6
f 3543/5/6 3540/5/6 3544/5/6
f 3541/5/6 3542/5/6 3545/5/6
f 3545/5/6 3542/5/6 3546/5/6
f 3547/5/6 3548/5/6 3551/5/6
f 3547/5/6 3551/5/6 3552/5/6
f 3552/5/6 3551/5/6 3553/5/6
f 3549/5/6 3550/5/6 3554/5/6
f 3554/5/6 3550/5/6 3555/5/6
f 3556/5/6 3557/5/6 3560/5/6
f 3560/5/6 3557/5/6 3561/5/6
f 3558/5/6 3559/5/6 3562/5/6
f 3562/5/6 3559/5/6 3563/5/6
f 3564/2/6 3565/2/6 3568/2/6
f 3568/2/6 3565/2/6 3569/2/6
f 3566/2/6 3567/2/6 3574/2/6
f 3574/2/6 3567/2/6 3575/2/6
f 3570/5/6 3571/5/6 3576/5/6
f 3576/5/6 3571/5/6 3577/5/6
f 3576/7/6 3577/7/6 3578/7/6
f 3578/7/6 3577/7/6 3579/7/6
f 3572/5/6 3573/5/6 3580/5/6
f 3580/5/6 3573/5/6 3581/5/6
f 3568/5/6 3569/5/6 3586/5/6
f 3586/5/6 3569/5/6 3587/5/6
f 3582/5/6 3583/5/6 3588/5/6
f 3588/5/6 3583/5/6 3589/5/6
f 3584/5/6 3585/5/6 3590/5/6
f 3590/5/6 3585/5/6 3591/5/6
f 3574/5/6 3575/5/6 3592/5/6
f 3592/5/6 3575/5/6 3593/5/6
f 3594/2/6 3595/2/6 3598/2/6
f 3598/2/6 3595/2/6 3599/2/6
f 3596/2/6 3597/2/6 3604/2/6
f 3604/2/6 3597/2/6 3605/2/6
f 3600/5/6 3601/5/6 3606/5/6
f 3606/5/6 3601/5/6 3607/5/6
f 3607/5/6 3601/5/6 3608/5/6
f 3608/5/6 3601/5/6 3609/5/6
f 3602/5/6 3603/5/6 3610/5/6
f 3610/5/6 3603/5/6 3611/5/6
f 3611/5/6 3603/5/6 3612/5/6
f 3612/5/6 3603/5/6 3613/5/6
f 3613/5/6 3603/5/6 3614/5/6
f 3614/5/6 3603/5/6 3615/5/6
f 3598/5/6 3599/5/6 3626/5/6
f 3626/5/6 3599/5/6 3627/5/6
f 3616/5/6 3617/5/6 3628/5/6
f 3617/5/6 3618/5/6 3628/5/6
f 3618/5/6 3619/5/6 3628/5/6
f 3628/5/6 3619/5/6 3629/5/6
f 3624/5/6 3625/5/6 3630/5/6
f 3623/5/6 3624/5/6 3630/5/6
f 3620/5/6 3621/5/6 3630/5/6
f 3622/5/6 3623/5/6 3630/5/6
f 3621/5/6 3622/5/6 3630/5/6
f 3630/5/6 3625/5/6 3631/5/6
f 3604/5/6 3605/5/6 3632/5/6
f 3632/5/6 3605/5/6 3633/5/6
f 3634/2/6 3635/2/6 3638/2/6
f 3638/2/6 3635/2/6 3639/2/6
f 3636/2/6 3637/2/6 3640/2/6
f 3640/2/6 3637/2/6 3641/2/6
f 3638/5/6 3639/5/6 3642/5/6
f 3642/5/6 3639/5/6 3643/5/6
f 3640/5/6 3641/5/6 3644/5/6
f 3644/5/6 3641/5/6 3645/5/6
f 3646/2/6 3647/2/6 3650/2/6
f 3650/2/6 3647/2/6 3651/2/6
f 3648/2/6 3649/2/6 3652/2/6
f 3652/2/6 3649/2/6 3653/2/6
f 3650/5/6 3651/5/6 3654/5/6
f 3654/5/6 3651/5/6 3655/5/6
f 3652/5/6 3653/5/6 3656/5/6
f 3656/5/6 3653/5/6 3657/5/6
f 3658/2/6 3659/2/6 3662/2/6
f 3662/2/6 3659/2/6 3663/2/6
f 3660/2/6 3661/2/6 3664/2/6
f 3664/2/6 3661/2/6 3665/2/6
f 3662/5/6 3663/5/6 3666/5/6
f 3666/5/6 3663/5/6 3667/5/6
f 3664/5/6 3665/5/6 3668/5/6
f 3668/5/6 3665/5/6 3669/5/6
f 3670/2/6 3671/2/6 3674/2/6
f 3674/2/6 3671/2/6 3675/2/6
f 3672/2/6 3673/2/6 3676/2/6
f 3676/2/6 3673/2/6 3677/2/6
f 3674/5/6 3675/5/6 3678/5/6
f 3678/5/6 3675/5/6 3679/5/6
f 3676/5/6 3677/5/6 3680/5/6
f 3680/5/6 3677/5/6 3681/5/6
f 3682/2/6 3683/2/6 3686/2/6
f 3686/2/6 3683/2/6 3687/2/6
f 3684/2/6 3685/2/6 3688/2/6
f 3688/2/6 3685/2/6 3689/2/6
f 3686/5/6 3687/5/6 3690/5/6
f 3690/5/6 3687/5/6 3691/5/6
f 3688/5/6 3689/5/6 3692/5/6
f 3692/5/6 3689/5/6 3693/5/6
f 3694/2/6 3695/2/6 3698/2/6
f 3698/2/6 3695/2/6 3699/2/6
f 3696/2/6 3697/2/6 3700/2/6
f 3700/2/6 3697/2/6 3701/2/6
f 3698/5/6 3699/5/6 3702/5/6
f 3702/5/6 3699/5/6 3703/5/6
f 3700/5/6 3701/5/6 3704/5/6
f 3704/5/6 3701/5/6 3705/5/6
f 3706/2/6 3707/2/6 3710/2/6
f 3710/2/6 3707/2/6 3711/2/6
f 3708/2/6 3709/2/6 3712/2/6
f 3712/2/6 3709/2/6 3713/2/6
f 3710/5/6 3711/5/6 3714/5/6
f 3714/5/6 3711/5/6 3715/5/6
f 3712/5/6 3713/5/6 3716/5/6
f 3716/5/6 3713/5/6 3717/5/6
f 3718/2/6 3719/2/6 3722/2/6
f 3722/2/6 3719/2/6 3723/2/6
f 3720/2/6 3721/2/6 3724/2/6
f 3724/2/6 3721/2/6 3725/2/6
f 3722/5/6 3723/5/6 3726/5/6
f 3726/5/6 3723/5/6 3727/5/6
f 3724/5/6 3725/5/6 3728/5/6
f 3728/5/6 3725/5/6 3729/5/6
f 3730/2/6 3731/2/6 3734/2/6
f 3734/2/6 3731/2/6 3735/2/6
f 3732/2/6 3733/2/6 3736/2/6
f 3736/2/6 3733/2/6 3737/2/6
f 3734/5/6 3735/5/6 3738/5/6
f 3738/5/6 3735/5/6 3739/5/6
f 3736/5/6 3737/5/6 3740/5/6
f 3740/5/6 3737/5/6 3741/5/6
f 3742/2/6 3743/2/6 3746/2/6
f 3746/2/6 3743/2/6 3747/2/6
f 3744/2/6 3745/2/6 3748/2/6
f 3748/2/6 3745/2/6 3749/2/6
f 3746/5/6 3747/5/6 3750/5/6
f 3750/5/6 3747/5/6 3751/5/6
f 3748/5/6 3749/5/6 3752/5/6
f 3752/5/6 3749/5/6 3753/5/6
f 3754/2/6 3755/2/6 3756/2/6
f 3756/2/6 3755/2/6 3757/2/6
f 3757/2/6 3755/2/6 3758/2/6
f 3758/2/6 3755/2/6 3759/2/6
f 3756/5/6 3757/5/6 3760/5/6
f 3758/5/6 3759/5/6 3761/5/6
f 3756/5/6 3760/5/6 3762/5/6
f 3760/10/6 3761/10/6 3762/10/6
f 3761/5/6 3759/5/6 3763/5/6
f 3762/10/6 3761/10/6 3763/10/6
f 3756/5/6 3762/5/6 3764/5/6
f 3764/5/6 3762/5/6 3765/5/6
f 3763/5/6 3759/5/6 3766/5/6
f 3766/5/6 3759/5/6 3767/5/6
