# MagicaVoxel @ Ephtracy

# group
o 

# material
mtllib specimenWall.mtl
usemtl palette

# normals
vn -1 0 0
vn 1 0 0
vn 0 0 1
vn 0 0 -1
vn 0 -1 0
vn 0 1 0

# texcoords
vt 0.0292969 0.5
vt 0.162109 0.5
vt 0.169922 0.5
vt 0.232422 0.5
vt 0.255859 0.5
vt 0.619141 0.5

# verts
v -12.8 0 0.9
v -12.8 0 0.8
v -12.8 2.7 0.9
v -12.8 2.7 0.8
v -12.8 25.6 0.9
v -12.8 25.6 0.8
v 12.8 0 0.9
v 12.8 0 0.8
v 12.8 2.7 0.9
v 12.8 2.7 0.8
v 12.8 25.6 0.9
v 12.8 25.6 0.8
v -12.8 0 0.9
v -12.8 2.7 0.9
v -12.8 25.6 0.9
v -12.5 8.7 0.9
v -12.5 15.9 0.9
v -12.5 16 0.9
v -12.5 25.6 0.9
v -12.1 24.8 0.9
v -12.1 25.2 0.9
v -12 24.7 0.9
v -12 24.8 0.9
v -12 25.2 0.9
v -12 25.3 0.9
v -11.9 25 0.9
v -11.9 25.1 0.9
v -11.8 3.1 0.9
v -11.8 3.2 0.9
v -11.8 3.4 0.9
v -11.8 3.5 0.9
v -11.8 3.7 0.9
v -11.8 3.8 0.9
v -11.8 24.7 0.9
v -11.8 25 0.9
v -11.8 25.1 0.9
v -11.8 25.3 0.9
v -11.7 3.1 0.9
v -11.7 3.2 0.9
v -11.7 3.3 0.9
v -11.7 3.4 0.9
v -11.7 3.5 0.9
v -11.7 3.6 0.9
v -11.7 3.7 0.9
v -11.7 3.8 0.9
v -11.7 3.9 0.9
v -11.7 25 0.9
v -11.7 25.1 0.9
v -11.6 3.2 0.9
v -11.6 3.3 0.9
v -11.6 3.4 0.9
v -11.6 3.5 0.9
v -11.6 3.6 0.9
v -11.6 3.7 0.9
v -11.6 3.8 0.9
v -11.6 3.9 0.9
v -11.6 4 0.9
v -11.5 3.1 0.9
v -11.5 3.2 0.9
v -11.5 3.3 0.9
v -11.5 3.4 0.9
v -11.5 3.5 0.9
v -11.5 3.6 0.9
v -11.5 3.7 0.9
v -11.5 3.8 0.9
v -11.5 3.9 0.9
v -11.5 4 0.9
v -11.4 3.1 0.9
v -11.4 3.2 0.9
v -11.4 3.3 0.9
v -11.4 3.4 0.9
v -11.4 3.5 0.9
v -11.4 3.6 0.9
v -11.4 3.7 0.9
v -11.4 3.8 0.9
v -11.4 3.9 0.9
v -11.3 3.2 0.9
v -11.3 3.3 0.9
v -11.3 3.4 0.9
v -11.3 3.5 0.9
v -11.3 3.6 0.9
v -11.3 3.7 0.9
v -11.3 3.8 0.9
v -11.3 3.9 0.9
v -11.3 4 0.9
v -11.2 3.1 0.9
v -11.2 3.2 0.9
v -11.2 3.3 0.9
v -11.2 3.4 0.9
v -11.2 3.5 0.9
v -11.2 3.6 0.9
v -11.2 3.7 0.9
v -11.2 3.8 0.9
v -11.2 3.9 0.9
v -11.2 4 0.9
v -11.1 3.1 0.9
v -11.1 3.2 0.9
v -11.1 3.3 0.9
v -11.1 3.4 0.9
v -11.1 3.5 0.9
v -11.1 3.6 0.9
v -11.1 3.7 0.9
v -11.1 3.8 0.9
v -11.1 3.9 0.9
v -11 3.2 0.9
v -11 3.3 0.9
v -11 3.4 0.9
v -11 3.5 0.9
v -11 3.6 0.9
v -11 3.7 0.9
v -11 3.8 0.9
v -11 3.9 0.9
v -11 4 0.9
v -10.9 3.1 0.9
v -10.9 3.2 0.9
v -10.9 3.3 0.9
v -10.9 3.4 0.9
v -10.9 3.5 0.9
v -10.9 3.6 0.9
v -10.9 3.7 0.9
v -10.9 3.8 0.9
v -10.9 3.9 0.9
v -10.9 4 0.9
v -10.8 3.1 0.9
v -10.8 3.2 0.9
v -10.8 3.3 0.9
v -10.8 3.4 0.9
v -10.8 3.5 0.9
v -10.8 3.6 0.9
v -10.8 3.7 0.9
v -10.8 3.8 0.9
v -10.8 3.9 0.9
v -10.7 3.2 0.9
v -10.7 3.3 0.9
v -10.7 3.4 0.9
v -10.7 3.5 0.9
v -10.7 3.6 0.9
v -10.7 3.7 0.9
v -10.7 3.8 0.9
v -10.7 3.9 0.9
v -10.7 4 0.9
v -10.6 3.1 0.9
v -10.6 3.2 0.9
v -10.6 3.3 0.9
v -10.6 3.4 0.9
v -10.6 3.5 0.9
v -10.6 3.6 0.9
v -10.6 3.7 0.9
v -10.6 3.8 0.9
v -10.6 3.9 0.9
v -10.6 4 0.9
v -10.5 3.1 0.9
v -10.5 3.2 0.9
v -10.5 3.3 0.9
v -10.5 3.4 0.9
v -10.5 3.5 0.9
v -10.5 3.6 0.9
v -10.5 3.7 0.9
v -10.5 3.8 0.9
v -10.5 3.9 0.9
v -10.4 3.2 0.9
v -10.4 3.3 0.9
v -10.4 3.4 0.9
v -10.4 3.5 0.9
v -10.4 3.6 0.9
v -10.4 3.7 0.9
v -10.4 3.8 0.9
v -10.4 3.9 0.9
v -10.4 4 0.9
v -10.3 3.1 0.9
v -10.3 3.2 0.9
v -10.3 3.3 0.9
v -10.3 3.4 0.9
v -10.3 3.5 0.9
v -10.3 3.6 0.9
v -10.3 3.7 0.9
v -10.3 3.8 0.9
v -10.3 3.9 0.9
v -10.3 4 0.9
v -10.2 3.1 0.9
v -10.2 3.2 0.9
v -10.2 3.3 0.9
v -10.2 3.4 0.9
v -10.2 3.5 0.9
v -10.2 3.6 0.9
v -10.2 3.7 0.9
v -10.2 3.8 0.9
v -10.2 3.9 0.9
v -10.1 3.2 0.9
v -10.1 3.3 0.9
v -10.1 3.4 0.9
v -10.1 3.5 0.9
v -10.1 3.6 0.9
v -10.1 3.7 0.9
v -10.1 3.8 0.9
v -10.1 3.9 0.9
v -10.1 4 0.9
v -10 3.1 0.9
v -10 3.2 0.9
v -10 3.3 0.9
v -10 3.4 0.9
v -10 3.5 0.9
v -10 3.6 0.9
v -10 3.7 0.9
v -10 3.8 0.9
v -10 3.9 0.9
v -10 4 0.9
v -10 16 0.9
v -10 16.1 0.9
v -9.9 3.1 0.9
v -9.9 3.2 0.9
v -9.9 3.3 0.9
v -9.9 3.4 0.9
v -9.9 3.5 0.9
v -9.9 3.6 0.9
v -9.9 3.7 0.9
v -9.9 3.8 0.9
v -9.9 3.9 0.9
v -9.9 16 0.9
v -9.9 16.1 0.9
v -9.9 22.9 0.9
v -9.9 23.2 0.9
v -9.8 3.2 0.9
v -9.8 3.3 0.9
v -9.8 3.4 0.9
v -9.8 3.5 0.9
v -9.8 3.6 0.9
v -9.8 3.7 0.9
v -9.8 3.8 0.9
v -9.8 3.9 0.9
v -9.8 4 0.9
v -9.8 22.9 0.9
v -9.8 23.1 0.9
v -9.8 23.2 0.9
v -9.8 24.3 0.9
v -9.7 3.1 0.9
v -9.7 3.2 0.9
v -9.7 3.3 0.9
v -9.7 3.4 0.9
v -9.7 3.5 0.9
v -9.7 3.6 0.9
v -9.7 3.7 0.9
v -9.7 3.8 0.9
v -9.7 3.9 0.9
v -9.7 4 0.9
v -9.7 23.1 0.9
v -9.7 24.2 0.9
v -9.7 24.3 0.9
v -9.7 24.9 0.9
v -9.6 3.1 0.9
v -9.6 3.2 0.9
v -9.6 3.3 0.9
v -9.6 3.4 0.9
v -9.6 3.5 0.9
v -9.6 3.6 0.9
v -9.6 3.7 0.9
v -9.6 3.8 0.9
v -9.6 3.9 0.9
v -9.6 24.2 0.9
v -9.6 24.8 0.9
v -9.6 24.9 0.9
v -9.6 25.5 0.9
v -9.5 3.2 0.9
v -9.5 3.3 0.9
v -9.5 3.4 0.9
v -9.5 3.5 0.9
v -9.5 3.6 0.9
v -9.5 3.7 0.9
v -9.5 3.8 0.9
v -9.5 3.9 0.9
v -9.5 4 0.9
v -9.5 15.9 0.9
v -9.5 16 0.9
v -9.5 16.1 0.9
v -9.5 24.8 0.9
v -9.5 25.5 0.9
v -9.4 3.1 0.9
v -9.4 3.2 0.9
v -9.4 3.3 0.9
v -9.4 3.4 0.9
v -9.4 3.5 0.9
v -9.4 3.6 0.9
v -9.4 3.7 0.9
v -9.4 3.8 0.9
v -9.4 3.9 0.9
v -9.4 4 0.9
v -9.3 3.1 0.9
v -9.3 3.2 0.9
v -9.3 3.3 0.9
v -9.3 3.4 0.9
v -9.3 3.5 0.9
v -9.3 3.6 0.9
v -9.3 3.7 0.9
v -9.3 3.8 0.9
v -9.3 3.9 0.9
v -9.2 3.2 0.9
v -9.2 3.3 0.9
v -9.2 3.4 0.9
v -9.2 3.5 0.9
v -9.2 3.6 0.9
v -9.2 3.7 0.9
v -9.2 3.8 0.9
v -9.2 3.9 0.9
v -9.2 4 0.9
v -9.1 3.1 0.9
v -9.1 3.2 0.9
v -9.1 3.3 0.9
v -9.1 3.4 0.9
v -9.1 3.5 0.9
v -9.1 3.6 0.9
v -9.1 3.7 0.9
v -9.1 3.8 0.9
v -9.1 3.9 0.9
v -9.1 4 0.9
v -9 3.1 0.9
v -9 3.2 0.9
v -9 3.3 0.9
v -9 3.4 0.9
v -9 3.5 0.9
v -9 3.6 0.9
v -9 3.7 0.9
v -9 3.8 0.9
v -9 3.9 0.9
v -8.9 3.2 0.9
v -8.9 3.3 0.9
v -8.9 3.4 0.9
v -8.9 3.5 0.9
v -8.9 3.6 0.9
v -8.9 3.7 0.9
v -8.9 3.8 0.9
v -8.9 3.9 0.9
v -8.9 4 0.9
v -8.8 3.1 0.9
v -8.8 3.2 0.9
v -8.8 3.3 0.9
v -8.8 3.4 0.9
v -8.8 3.5 0.9
v -8.8 3.6 0.9
v -8.8 3.7 0.9
v -8.8 3.8 0.9
v -8.8 3.9 0.9
v -8.8 4 0.9
v -8.7 3.1 0.9
v -8.7 3.2 0.9
v -8.7 3.3 0.9
v -8.7 3.4 0.9
v -8.7 3.5 0.9
v -8.7 3.6 0.9
v -8.7 3.7 0.9
v -8.7 3.8 0.9
v -8.7 3.9 0.9
v -8.6 3.2 0.9
v -8.6 3.3 0.9
v -8.6 3.4 0.9
v -8.6 3.5 0.9
v -8.6 3.6 0.9
v -8.6 3.7 0.9
v -8.6 3.8 0.9
v -8.6 3.9 0.9
v -8.6 4 0.9
v -8.5 3.1 0.9
v -8.5 3.2 0.9
v -8.5 3.3 0.9
v -8.5 3.4 0.9
v -8.5 3.5 0.9
v -8.5 3.6 0.9
v -8.5 3.7 0.9
v -8.5 3.8 0.9
v -8.5 3.9 0.9
v -8.5 4 0.9
v -8.4 3.1 0.9
v -8.4 3.2 0.9
v -8.4 3.3 0.9
v -8.4 3.4 0.9
v -8.4 3.5 0.9
v -8.4 3.6 0.9
v -8.4 3.7 0.9
v -8.4 3.8 0.9
v -8.4 3.9 0.9
v -8.3 3.2 0.9
v -8.3 3.3 0.9
v -8.3 3.4 0.9
v -8.3 3.5 0.9
v -8.3 3.6 0.9
v -8.3 3.7 0.9
v -8.3 3.8 0.9
v -8.3 3.9 0.9
v -8.3 4 0.9
v -8.2 3.1 0.9
v -8.2 3.2 0.9
v -8.2 3.3 0.9
v -8.2 3.4 0.9
v -8.2 3.5 0.9
v -8.2 3.6 0.9
v -8.2 3.7 0.9
v -8.2 3.8 0.9
v -8.2 3.9 0.9
v -8.2 4 0.9
v -8.1 3.1 0.9
v -8.1 3.2 0.9
v -8.1 3.3 0.9
v -8.1 3.4 0.9
v -8.1 3.5 0.9
v -8.1 3.6 0.9
v -8.1 3.7 0.9
v -8.1 3.8 0.9
v -8.1 3.9 0.9
v -8 3.2 0.9
v -8 3.3 0.9
v -8 3.4 0.9
v -8 3.5 0.9
v -8 3.6 0.9
v -8 3.7 0.9
v -8 3.8 0.9
v -8 3.9 0.9
v -8 4 0.9
v -7.9 3.1 0.9
v -7.9 3.2 0.9
v -7.9 3.3 0.9
v -7.9 3.4 0.9
v -7.9 3.5 0.9
v -7.9 3.6 0.9
v -7.9 3.7 0.9
v -7.9 3.8 0.9
v -7.9 3.9 0.9
v -7.9 4 0.9
v -7.8 3.1 0.9
v -7.8 3.2 0.9
v -7.8 3.3 0.9
v -7.8 3.4 0.9
v -7.8 3.5 0.9
v -7.8 3.6 0.9
v -7.8 3.7 0.9
v -7.8 3.8 0.9
v -7.8 3.9 0.9
v -7.7 3.2 0.9
v -7.7 3.3 0.9
v -7.7 3.4 0.9
v -7.7 3.5 0.9
v -7.7 3.6 0.9
v -7.7 3.7 0.9
v -7.7 3.8 0.9
v -7.7 3.9 0.9
v -7.7 4 0.9
v -7.6 3.1 0.9
v -7.6 3.2 0.9
v -7.6 3.3 0.9
v -7.6 3.4 0.9
v -7.6 3.5 0.9
v -7.6 3.6 0.9
v -7.6 3.7 0.9
v -7.6 3.8 0.9
v -7.6 3.9 0.9
v -7.6 4 0.9
v -7.5 3.1 0.9
v -7.5 3.2 0.9
v -7.5 3.3 0.9
v -7.5 3.4 0.9
v -7.5 3.5 0.9
v -7.5 3.6 0.9
v -7.5 3.7 0.9
v -7.5 3.8 0.9
v -7.5 3.9 0.9
v -7.4 3.2 0.9
v -7.4 3.3 0.9
v -7.4 3.4 0.9
v -7.4 3.5 0.9
v -7.4 3.6 0.9
v -7.4 3.7 0.9
v -7.4 3.8 0.9
v -7.4 3.9 0.9
v -7.4 4 0.9
v -7.3 3.1 0.9
v -7.3 3.2 0.9
v -7.3 3.3 0.9
v -7.3 3.4 0.9
v -7.3 3.5 0.9
v -7.3 3.6 0.9
v -7.3 3.7 0.9
v -7.3 3.8 0.9
v -7.3 3.9 0.9
v -7.3 4 0.9
v -7.2 3.1 0.9
v -7.2 3.2 0.9
v -7.2 3.3 0.9
v -7.2 3.4 0.9
v -7.2 3.5 0.9
v -7.2 3.6 0.9
v -7.2 3.7 0.9
v -7.2 3.8 0.9
v -7.2 3.9 0.9
v -7.1 3.2 0.9
v -7.1 3.3 0.9
v -7.1 3.4 0.9
v -7.1 3.5 0.9
v -7.1 3.6 0.9
v -7.1 3.7 0.9
v -7.1 3.8 0.9
v -7.1 3.9 0.9
v -7.1 4 0.9
v -7 3.1 0.9
v -7 3.2 0.9
v -7 3.3 0.9
v -7 3.4 0.9
v -7 3.5 0.9
v -7 3.6 0.9
v -7 3.7 0.9
v -7 3.8 0.9
v -7 3.9 0.9
v -7 4 0.9
v -6.9 3.1 0.9
v -6.9 3.2 0.9
v -6.9 3.3 0.9
v -6.9 3.4 0.9
v -6.9 3.5 0.9
v -6.9 3.6 0.9
v -6.9 3.7 0.9
v -6.9 3.8 0.9
v -6.9 3.9 0.9
v -6.8 3.2 0.9
v -6.8 3.3 0.9
v -6.8 3.4 0.9
v -6.8 3.5 0.9
v -6.8 3.6 0.9
v -6.8 3.7 0.9
v -6.8 3.8 0.9
v -6.8 3.9 0.9
v -6.8 4 0.9
v -6.7 3.1 0.9
v -6.7 3.2 0.9
v -6.7 3.3 0.9
v -6.7 3.4 0.9
v -6.7 3.5 0.9
v -6.7 3.6 0.9
v -6.7 3.7 0.9
v -6.7 3.8 0.9
v -6.7 3.9 0.9
v -6.7 4 0.9
v -6.6 3.1 0.9
v -6.6 3.2 0.9
v -6.6 3.3 0.9
v -6.6 3.4 0.9
v -6.6 3.5 0.9
v -6.6 3.6 0.9
v -6.6 3.7 0.9
v -6.6 3.8 0.9
v -6.6 3.9 0.9
v -6.5 3.2 0.9
v -6.5 3.3 0.9
v -6.5 3.4 0.9
v -6.5 3.5 0.9
v -6.5 3.6 0.9
v -6.5 3.7 0.9
v -6.5 3.8 0.9
v -6.5 3.9 0.9
v -6.5 4 0.9
v -6.4 3.1 0.9
v -6.4 3.2 0.9
v -6.4 3.3 0.9
v -6.4 3.4 0.9
v -6.4 3.5 0.9
v -6.4 3.6 0.9
v -6.4 3.7 0.9
v -6.4 3.8 0.9
v -6.4 3.9 0.9
v -6.4 4 0.9
v -6.3 3.1 0.9
v -6.3 3.2 0.9
v -6.3 3.3 0.9
v -6.3 3.4 0.9
v -6.3 3.5 0.9
v -6.3 3.6 0.9
v -6.3 3.7 0.9
v -6.3 3.8 0.9
v -6.3 3.9 0.9
v -6.2 3.2 0.9
v -6.2 3.3 0.9
v -6.2 3.4 0.9
v -6.2 3.5 0.9
v -6.2 3.6 0.9
v -6.2 3.7 0.9
v -6.2 3.8 0.9
v -6.2 3.9 0.9
v -6.2 4 0.9
v -6.1 3.1 0.9
v -6.1 3.2 0.9
v -6.1 3.3 0.9
v -6.1 3.4 0.9
v -6.1 3.5 0.9
v -6.1 3.6 0.9
v -6.1 3.7 0.9
v -6.1 3.8 0.9
v -6.1 3.9 0.9
v -6.1 4 0.9
v -6 3.1 0.9
v -6 3.2 0.9
v -6 3.3 0.9
v -6 3.4 0.9
v -6 3.5 0.9
v -6 3.6 0.9
v -6 3.7 0.9
v -6 3.8 0.9
v -6 3.9 0.9
v -5.9 3.2 0.9
v -5.9 3.3 0.9
v -5.9 3.4 0.9
v -5.9 3.5 0.9
v -5.9 3.6 0.9
v -5.9 3.7 0.9
v -5.9 3.8 0.9
v -5.9 3.9 0.9
v -5.9 4 0.9
v -5.8 3.1 0.9
v -5.8 3.2 0.9
v -5.8 3.3 0.9
v -5.8 3.4 0.9
v -5.8 3.5 0.9
v -5.8 3.6 0.9
v -5.8 3.7 0.9
v -5.8 3.8 0.9
v -5.8 3.9 0.9
v -5.8 4 0.9
v -5.7 3.1 0.9
v -5.7 3.2 0.9
v -5.7 3.3 0.9
v -5.7 3.4 0.9
v -5.7 3.5 0.9
v -5.7 3.6 0.9
v -5.7 3.7 0.9
v -5.7 3.8 0.9
v -5.7 3.9 0.9
v -5.6 3.2 0.9
v -5.6 3.3 0.9
v -5.6 3.4 0.9
v -5.6 3.5 0.9
v -5.6 3.6 0.9
v -5.6 3.7 0.9
v -5.6 3.8 0.9
v -5.6 3.9 0.9
v -5.6 4 0.9
v -5.5 3.1 0.9
v -5.5 3.2 0.9
v -5.5 3.3 0.9
v -5.5 3.4 0.9
v -5.5 3.5 0.9
v -5.5 3.6 0.9
v -5.5 3.7 0.9
v -5.5 3.8 0.9
v -5.5 3.9 0.9
v -5.5 4 0.9
v -5.4 3.1 0.9
v -5.4 3.2 0.9
v -5.4 3.3 0.9
v -5.4 3.4 0.9
v -5.4 3.5 0.9
v -5.4 3.6 0.9
v -5.4 3.7 0.9
v -5.4 3.8 0.9
v -5.4 3.9 0.9
v -5.3 3.2 0.9
v -5.3 3.3 0.9
v -5.3 3.4 0.9
v -5.3 3.5 0.9
v -5.3 3.6 0.9
v -5.3 3.7 0.9
v -5.3 3.8 0.9
v -5.3 3.9 0.9
v -5.3 4 0.9
v -5.2 3.1 0.9
v -5.2 3.2 0.9
v -5.2 3.3 0.9
v -5.2 3.4 0.9
v -5.2 3.5 0.9
v -5.2 3.6 0.9
v -5.2 3.7 0.9
v -5.2 3.8 0.9
v -5.2 3.9 0.9
v -5.2 4 0.9
v -5.1 3.1 0.9
v -5.1 3.2 0.9
v -5.1 3.3 0.9
v -5.1 3.4 0.9
v -5.1 3.5 0.9
v -5.1 3.6 0.9
v -5.1 3.7 0.9
v -5.1 3.8 0.9
v -5.1 3.9 0.9
v -5 3.2 0.9
v -5 3.3 0.9
v -5 3.4 0.9
v -5 3.5 0.9
v -5 3.6 0.9
v -5 3.7 0.9
v -5 3.8 0.9
v -5 3.9 0.9
v -5 4 0.9
v -4.9 3.1 0.9
v -4.9 3.2 0.9
v -4.9 3.3 0.9
v -4.9 3.4 0.9
v -4.9 3.5 0.9
v -4.9 3.6 0.9
v -4.9 3.7 0.9
v -4.9 3.8 0.9
v -4.9 3.9 0.9
v -4.9 4 0.9
v -4.8 3.1 0.9
v -4.8 3.2 0.9
v -4.8 3.3 0.9
v -4.8 3.4 0.9
v -4.8 3.5 0.9
v -4.8 3.6 0.9
v -4.8 3.7 0.9
v -4.8 3.8 0.9
v -4.8 3.9 0.9
v -4.7 3.2 0.9
v -4.7 3.3 0.9
v -4.7 3.4 0.9
v -4.7 3.5 0.9
v -4.7 3.6 0.9
v -4.7 3.7 0.9
v -4.7 3.8 0.9
v -4.7 3.9 0.9
v -4.7 4 0.9
v -4.6 3.1 0.9
v -4.6 3.2 0.9
v -4.6 3.3 0.9
v -4.6 3.4 0.9
v -4.6 3.5 0.9
v -4.6 3.6 0.9
v -4.6 3.7 0.9
v -4.6 3.8 0.9
v -4.6 3.9 0.9
v -4.6 4 0.9
v -4.5 3.1 0.9
v -4.5 3.2 0.9
v -4.5 3.3 0.9
v -4.5 3.4 0.9
v -4.5 3.5 0.9
v -4.5 3.6 0.9
v -4.5 3.7 0.9
v -4.5 3.8 0.9
v -4.5 3.9 0.9
v -4.4 3.2 0.9
v -4.4 3.3 0.9
v -4.4 3.4 0.9
v -4.4 3.5 0.9
v -4.4 3.6 0.9
v -4.4 3.7 0.9
v -4.4 3.8 0.9
v -4.4 3.9 0.9
v -4.4 4 0.9
v -4.3 3.1 0.9
v -4.3 3.2 0.9
v -4.3 3.3 0.9
v -4.3 3.4 0.9
v -4.3 3.5 0.9
v -4.3 3.6 0.9
v -4.3 3.7 0.9
v -4.3 3.8 0.9
v -4.3 3.9 0.9
v -4.3 4 0.9
v -4.3 16.1 0.9
v -4.3 16.2 0.9
v -4.2 3.1 0.9
v -4.2 3.2 0.9
v -4.2 3.3 0.9
v -4.2 3.4 0.9
v -4.2 3.5 0.9
v -4.2 3.6 0.9
v -4.2 3.7 0.9
v -4.2 3.8 0.9
v -4.2 3.9 0.9
v -4.2 16 0.9
v -4.2 16.1 0.9
v -4.1 3.2 0.9
v -4.1 3.3 0.9
v -4.1 3.4 0.9
v -4.1 3.5 0.9
v -4.1 3.6 0.9
v -4.1 3.7 0.9
v -4.1 3.8 0.9
v -4.1 3.9 0.9
v -4.1 4 0.9
v -4 3.1 0.9
v -4 3.2 0.9
v -4 3.3 0.9
v -4 3.4 0.9
v -4 3.5 0.9
v -4 3.6 0.9
v -4 3.7 0.9
v -4 3.8 0.9
v -4 3.9 0.9
v -4 4 0.9
v -3.9 3.1 0.9
v -3.9 3.2 0.9
v -3.9 3.3 0.9
v -3.9 3.4 0.9
v -3.9 3.5 0.9
v -3.9 3.6 0.9
v -3.9 3.7 0.9
v -3.9 3.8 0.9
v -3.9 3.9 0.9
v -3.8 3.2 0.9
v -3.8 3.3 0.9
v -3.8 3.4 0.9
v -3.8 3.5 0.9
v -3.8 3.6 0.9
v -3.8 3.7 0.9
v -3.8 3.8 0.9
v -3.8 3.9 0.9
v -3.8 4 0.9
v -3.7 3.1 0.9
v -3.7 3.2 0.9
v -3.7 3.3 0.9
v -3.7 3.4 0.9
v -3.7 3.5 0.9
v -3.7 3.6 0.9
v -3.7 3.7 0.9
v -3.7 3.8 0.9
v -3.7 3.9 0.9
v -3.7 4 0.9
v -3.6 3.1 0.9
v -3.6 3.2 0.9
v -3.6 3.3 0.9
v -3.6 3.4 0.9
v -3.6 3.5 0.9
v -3.6 3.6 0.9
v -3.6 3.7 0.9
v -3.6 3.8 0.9
v -3.6 3.9 0.9
v -3.5 3.2 0.9
v -3.5 3.3 0.9
v -3.5 3.4 0.9
v -3.5 3.5 0.9
v -3.5 3.6 0.9
v -3.5 3.7 0.9
v -3.5 3.8 0.9
v -3.5 3.9 0.9
v -3.5 4 0.9
v -3.4 3.1 0.9
v -3.4 3.2 0.9
v -3.4 3.3 0.9
v -3.4 3.4 0.9
v -3.4 3.5 0.9
v -3.4 3.6 0.9
v -3.4 3.7 0.9
v -3.4 3.8 0.9
v -3.4 3.9 0.9
v -3.4 4 0.9
v -3.3 3.1 0.9
v -3.3 3.2 0.9
v -3.3 3.3 0.9
v -3.3 3.4 0.9
v -3.3 3.5 0.9
v -3.3 3.6 0.9
v -3.3 3.7 0.9
v -3.3 3.8 0.9
v -3.3 3.9 0.9
v -3.2 3.2 0.9
v -3.2 3.3 0.9
v -3.2 3.4 0.9
v -3.2 3.5 0.9
v -3.2 3.6 0.9
v -3.2 3.7 0.9
v -3.2 3.8 0.9
v -3.2 3.9 0.9
v -3.2 4 0.9
v -3.1 3.1 0.9
v -3.1 3.2 0.9
v -3.1 3.3 0.9
v -3.1 3.4 0.9
v -3.1 3.5 0.9
v -3.1 3.6 0.9
v -3.1 3.7 0.9
v -3.1 3.8 0.9
v -3.1 3.9 0.9
v -3.1 4 0.9
v -3 3.1 0.9
v -3 3.2 0.9
v -3 3.3 0.9
v -3 3.4 0.9
v -3 3.5 0.9
v -3 3.6 0.9
v -3 3.7 0.9
v -3 3.8 0.9
v -3 3.9 0.9
v -2.9 3.2 0.9
v -2.9 3.3 0.9
v -2.9 3.4 0.9
v -2.9 3.5 0.9
v -2.9 3.6 0.9
v -2.9 3.7 0.9
v -2.9 3.8 0.9
v -2.9 3.9 0.9
v -2.9 4 0.9
v -2.8 3.1 0.9
v -2.8 3.2 0.9
v -2.8 3.3 0.9
v -2.8 3.4 0.9
v -2.8 3.5 0.9
v -2.8 3.6 0.9
v -2.8 3.7 0.9
v -2.8 3.8 0.9
v -2.8 3.9 0.9
v -2.8 4 0.9
v -2.7 3.1 0.9
v -2.7 3.2 0.9
v -2.7 3.3 0.9
v -2.7 3.4 0.9
v -2.7 3.5 0.9
v -2.7 3.6 0.9
v -2.7 3.7 0.9
v -2.7 3.8 0.9
v -2.7 3.9 0.9
v -2.6 3.2 0.9
v -2.6 3.3 0.9
v -2.6 3.4 0.9
v -2.6 3.5 0.9
v -2.6 3.6 0.9
v -2.6 3.7 0.9
v -2.6 3.8 0.9
v -2.6 3.9 0.9
v -2.6 4 0.9
v -2.5 3.1 0.9
v -2.5 3.2 0.9
v -2.5 3.3 0.9
v -2.5 3.4 0.9
v -2.5 3.5 0.9
v -2.5 3.6 0.9
v -2.5 3.7 0.9
v -2.5 3.8 0.9
v -2.5 3.9 0.9
v -2.5 4 0.9
v -2.4 3.1 0.9
v -2.4 3.2 0.9
v -2.4 3.3 0.9
v -2.4 3.4 0.9
v -2.4 3.5 0.9
v -2.4 3.6 0.9
v -2.4 3.7 0.9
v -2.4 3.8 0.9
v -2.4 3.9 0.9
v -2.3 3.2 0.9
v -2.3 3.3 0.9
v -2.3 3.4 0.9
v -2.3 3.5 0.9
v -2.3 3.6 0.9
v -2.3 3.7 0.9
v -2.3 3.8 0.9
v -2.3 3.9 0.9
v -2.3 4 0.9
v -2.2 3.1 0.9
v -2.2 3.2 0.9
v -2.2 3.3 0.9
v -2.2 3.4 0.9
v -2.2 3.5 0.9
v -2.2 3.6 0.9
v -2.2 3.7 0.9
v -2.2 3.8 0.9
v -2.2 3.9 0.9
v -2.2 4 0.9
v -2.1 3.1 0.9
v -2.1 3.2 0.9
v -2.1 3.3 0.9
v -2.1 3.4 0.9
v -2.1 3.5 0.9
v -2.1 3.6 0.9
v -2.1 3.7 0.9
v -2.1 3.8 0.9
v -2.1 3.9 0.9
v -2 3.2 0.9
v -2 3.3 0.9
v -2 3.4 0.9
v -2 3.5 0.9
v -2 3.6 0.9
v -2 3.7 0.9
v -2 3.8 0.9
v -2 3.9 0.9
v -2 4 0.9
v -1.9 3.1 0.9
v -1.9 3.2 0.9
v -1.9 3.3 0.9
v -1.9 3.4 0.9
v -1.9 3.5 0.9
v -1.9 3.6 0.9
v -1.9 3.7 0.9
v -1.9 3.8 0.9
v -1.9 3.9 0.9
v -1.9 4 0.9
v -1.8 3.1 0.9
v -1.8 3.2 0.9
v -1.8 3.3 0.9
v -1.8 3.4 0.9
v -1.8 3.5 0.9
v -1.8 3.6 0.9
v -1.8 3.7 0.9
v -1.8 3.8 0.9
v -1.8 3.9 0.9
v -1.7 3.2 0.9
v -1.7 3.3 0.9
v -1.7 3.4 0.9
v -1.7 3.5 0.9
v -1.7 3.6 0.9
v -1.7 3.7 0.9
v -1.7 3.8 0.9
v -1.7 3.9 0.9
v -1.7 4 0.9
v -1.6 3.1 0.9
v -1.6 3.2 0.9
v -1.6 3.3 0.9
v -1.6 3.4 0.9
v -1.6 3.5 0.9
v -1.6 3.6 0.9
v -1.6 3.7 0.9
v -1.6 3.8 0.9
v -1.6 3.9 0.9
v -1.6 4 0.9
v -1.5 3.1 0.9
v -1.5 3.2 0.9
v -1.5 3.3 0.9
v -1.5 3.4 0.9
v -1.5 3.5 0.9
v -1.5 3.6 0.9
v -1.5 3.7 0.9
v -1.5 3.8 0.9
v -1.5 3.9 0.9
v -1.4 3.2 0.9
v -1.4 3.3 0.9
v -1.4 3.4 0.9
v -1.4 3.5 0.9
v -1.4 3.6 0.9
v -1.4 3.7 0.9
v -1.4 3.8 0.9
v -1.4 3.9 0.9
v -1.4 4 0.9
v -1.3 3.1 0.9
v -1.3 3.2 0.9
v -1.3 3.3 0.9
v -1.3 3.4 0.9
v -1.3 3.5 0.9
v -1.3 3.6 0.9
v -1.3 3.7 0.9
v -1.3 3.8 0.9
v -1.3 3.9 0.9
v -1.3 4 0.9
v -1.2 3.1 0.9
v -1.2 3.2 0.9
v -1.2 3.3 0.9
v -1.2 3.4 0.9
v -1.2 3.5 0.9
v -1.2 3.6 0.9
v -1.2 3.7 0.9
v -1.2 3.8 0.9
v -1.2 3.9 0.9
v -1.1 3.2 0.9
v -1.1 3.3 0.9
v -1.1 3.4 0.9
v -1.1 3.5 0.9
v -1.1 3.6 0.9
v -1.1 3.7 0.9
v -1.1 3.8 0.9
v -1.1 3.9 0.9
v -1.1 4 0.9
v -1.1 9.1 0.9
v -1.1 9.5 0.9
v -1 3.1 0.9
v -1 3.2 0.9
v -1 3.3 0.9
v -1 3.4 0.9
v -1 3.5 0.9
v -1 3.6 0.9
v -1 3.7 0.9
v -1 3.8 0.9
v -1 3.9 0.9
v -1 4 0.9
v -0.900001 3.1 0.9
v -0.900001 3.2 0.9
v -0.900001 3.3 0.9
v -0.900001 3.4 0.9
v -0.900001 3.5 0.9
v -0.900001 3.6 0.9
v -0.900001 3.7 0.9
v -0.900001 3.8 0.9
v -0.900001 3.9 0.9
v -0.900001 9.1 0.9
v -0.900001 9.5 0.9
v -0.900001 21.2 0.9
v -0.900001 21.5 0.9
v -0.8 3.2 0.9
v -0.8 3.3 0.9
v -0.8 3.4 0.9
v -0.8 3.5 0.9
v -0.8 3.6 0.9
v -0.8 3.7 0.9
v -0.8 3.8 0.9
v -0.8 3.9 0.9
v -0.8 4 0.9
v -0.8 12.4 0.9
v -0.8 12.8 0.9
v -0.8 15.5 0.9
v -0.8 15.9 0.9
v -0.8 21.5 0.9
v -0.8 21.7 0.9
v -0.8 24.9 0.9
v -0.8 25.1 0.9
v -0.700001 3.1 0.9
v -0.700001 3.2 0.9
v -0.700001 3.3 0.9
v -0.700001 3.4 0.9
v -0.700001 3.5 0.9
v -0.700001 3.6 0.9
v -0.700001 3.7 0.9
v -0.700001 3.8 0.9
v -0.700001 3.9 0.9
v -0.700001 4 0.9
v -0.700001 12.3 0.9
v -0.700001 12.4 0.9
v -0.700001 12.8 0.9
v -0.700001 13 0.9
v -0.700001 15.5 0.9
v -0.700001 15.6 0.9
v -0.700001 21.2 0.9
v -0.700001 21.4 0.9
v -0.700001 21.6 0.9
v -0.700001 21.7 0.9
v -0.700001 25.1 0.9
v -0.700001 25.3 0.9
v -0.6 3.1 0.9
v -0.6 3.2 0.9
v -0.6 3.3 0.9
v -0.6 3.4 0.9
v -0.6 3.5 0.9
v -0.6 3.6 0.9
v -0.6 3.7 0.9
v -0.6 3.8 0.9
v -0.6 3.9 0.9
v -0.6 12.3 0.9
v -0.6 13 0.9
v -0.6 15.6 0.9
v -0.6 15.9 0.9
v -0.6 21.4 0.9
v -0.6 21.6 0.9
v -0.6 24.9 0.9
v -0.6 25.3 0.9
v -0.5 3.2 0.9
v -0.5 3.3 0.9
v -0.5 3.4 0.9
v -0.5 3.5 0.9
v -0.5 3.6 0.9
v -0.5 3.7 0.9
v -0.5 3.8 0.9
v -0.5 3.9 0.9
v -0.5 4 0.9
v -0.5 8.7 0.9
v -0.5 9.9 0.9
v -0.400001 3.1 0.9
v -0.400001 3.2 0.9
v -0.400001 3.3 0.9
v -0.400001 3.4 0.9
v -0.400001 3.5 0.9
v -0.400001 3.6 0.9
v -0.400001 3.7 0.9
v -0.400001 3.8 0.9
v -0.400001 3.9 0.9
v -0.400001 4 0.9
v -0.400001 8.7 0.9
v -0.400001 8.8 0.9
v -0.400001 8.9 0.9
v -0.400001 9.9 0.9
v -0.400001 13.5 0.9
v -0.3 3.1 0.9
v -0.3 3.2 0.9
v -0.3 3.3 0.9
v -0.3 3.4 0.9
v -0.3 3.5 0.9
v -0.3 3.6 0.9
v -0.3 3.7 0.9
v -0.3 3.8 0.9
v -0.3 3.9 0.9
v -0.3 8.8 0.9
v -0.3 8.9 0.9
v -0.3 9.9 0.9
v -0.3 13.4 0.9
v -0.3 13.5 0.9
v -0.3 16.1 0.9
v -0.3 16.2 0.9
v -0.3 16.4 0.9
v -0.200001 3.2 0.9
v -0.200001 3.3 0.9
v -0.200001 3.4 0.9
v -0.200001 3.5 0.9
v -0.200001 3.6 0.9
v -0.200001 3.7 0.9
v -0.200001 3.8 0.9
v -0.200001 3.9 0.9
v -0.200001 4 0.9
v -0.200001 13.4 0.9
v -0.200001 16.4 0.9
v -0.200001 17.4 0.9
v -0.200001 19.5 0.9
v -0.200001 21 0.9
v -0.1 3.1 0.9
v -0.1 3.2 0.9
v -0.1 3.3 0.9
v -0.1 3.4 0.9
v -0.1 3.5 0.9
v -0.1 3.6 0.9
v -0.1 3.7 0.9
v -0.1 3.8 0.9
v -0.1 3.9 0.9
v -0.1 4 0.9
v -0.1 16.4 0.9
v -0.1 17.3 0.9
v -0.1 17.4 0.9
v -0.1 19.5 0.9
v -0.1 19.6 0.9
v -0.1 19.7 0.9
v -0.1 20.9 0.9
v -0.1 21 0.9
v -0.1 22.6 0.9
v 0 3.1 0.9
v 0 3.2 0.9
v 0 3.3 0.9
v 0 3.4 0.9
v 0 3.5 0.9
v 0 3.6 0.9
v 0 3.7 0.9
v 0 3.8 0.9
v 0 3.9 0.9
v 0 8.9 0.9
v 0 9.2 0.9
v 0 17.3 0.9
v 0 19.5 0.9
v 0 20.9 0.9
v 0 22.6 0.9
v 0 23.1 0.9
v 0 24.7 0.9
v 0 25.6 0.9
v 0.0999994 3.2 0.9
v 0.0999994 3.3 0.9
v 0.0999994 3.4 0.9
v 0.0999994 3.5 0.9
v 0.0999994 3.6 0.9
v 0.0999994 3.7 0.9
v 0.0999994 3.8 0.9
v 0.0999994 3.9 0.9
v 0.0999994 4 0.9
v 0.0999994 9.2 0.9
v 0.0999994 9.3 0.9
v 0.0999994 19.5 0.9
v 0.0999994 19.6 0.9
v 0.0999994 22.6 0.9
v 0.0999994 23 0.9
v 0.0999994 23.1 0.9
v 0.0999994 24.7 0.9
v 0.0999994 24.8 0.9
v 0.0999994 25.6 0.9
v 0.2 3.1 0.9
v 0.2 3.2 0.9
v 0.2 3.3 0.9
v 0.2 3.4 0.9
v 0.2 3.5 0.9
v 0.2 3.6 0.9
v 0.2 3.7 0.9
v 0.2 3.8 0.9
v 0.2 3.9 0.9
v 0.2 4 0.9
v 0.2 8.9 0.9
v 0.2 9 0.9
v 0.2 19.6 0.9
v 0.2 19.7 0.9
v 0.2 23 0.9
v 0.2 24.8 0.9
v 0.299999 3.1 0.9
v 0.299999 3.2 0.9
v 0.299999 3.3 0.9
v 0.299999 3.4 0.9
v 0.299999 3.5 0.9
v 0.299999 3.6 0.9
v 0.299999 3.7 0.9
v 0.299999 3.8 0.9
v 0.299999 3.9 0.9
v 0.299999 9 0.9
v 0.299999 9.1 0.9
v 0.4 3.2 0.9
v 0.4 3.3 0.9
v 0.4 3.4 0.9
v 0.4 3.5 0.9
v 0.4 3.6 0.9
v 0.4 3.7 0.9
v 0.4 3.8 0.9
v 0.4 3.9 0.9
v 0.4 4 0.9
v 0.4 9.1 0.9
v 0.4 9.3 0.9
v 0.5 3.1 0.9
v 0.5 3.2 0.9
v 0.5 3.3 0.9
v 0.5 3.4 0.9
v 0.5 3.5 0.9
v 0.5 3.6 0.9
v 0.5 3.7 0.9
v 0.5 3.8 0.9
v 0.5 3.9 0.9
v 0.5 4 0.9
v 0.599999 3.1 0.9
v 0.599999 3.2 0.9
v 0.599999 3.3 0.9
v 0.599999 3.4 0.9
v 0.599999 3.5 0.9
v 0.599999 3.6 0.9
v 0.599999 3.7 0.9
v 0.599999 3.8 0.9
v 0.599999 3.9 0.9
v 0.7 3.2 0.9
v 0.7 3.3 0.9
v 0.7 3.4 0.9
v 0.7 3.5 0.9
v 0.7 3.6 0.9
v 0.7 3.7 0.9
v 0.7 3.8 0.9
v 0.7 3.9 0.9
v 0.7 4 0.9
v 0.7 18.7 0.9
v 0.7 18.9 0.9
v 0.7 25.1 0.9
v 0.7 25.4 0.9
v 0.799999 3.1 0.9
v 0.799999 3.2 0.9
v 0.799999 3.3 0.9
v 0.799999 3.4 0.9
v 0.799999 3.5 0.9
v 0.799999 3.6 0.9
v 0.799999 3.7 0.9
v 0.799999 3.8 0.9
v 0.799999 3.9 0.9
v 0.799999 4 0.9
v 0.9 3.1 0.9
v 0.9 3.2 0.9
v 0.9 3.3 0.9
v 0.9 3.4 0.9
v 0.9 3.5 0.9
v 0.9 3.6 0.9
v 0.9 3.7 0.9
v 0.9 3.8 0.9
v 0.9 3.9 0.9
v 0.9 25.3 0.9
v 0.9 25.4 0.9
v 1 3.2 0.9
v 1 3.3 0.9
v 1 3.4 0.9
v 1 3.5 0.9
v 1 3.6 0.9
v 1 3.7 0.9
v 1 3.8 0.9
v 1 3.9 0.9
v 1 4 0.9
v 1 18.7 0.9
v 1 18.9 0.9
v 1 25.1 0.9
v 1 25.3 0.9
v 1.1 3.1 0.9
v 1.1 3.2 0.9
v 1.1 3.3 0.9
v 1.1 3.4 0.9
v 1.1 3.5 0.9
v 1.1 3.6 0.9
v 1.1 3.7 0.9
v 1.1 3.8 0.9
v 1.1 3.9 0.9
v 1.1 4 0.9
v 1.1 19.4 0.9
v 1.1 19.5 0.9
v 1.1 19.6 0.9
v 1.2 3.1 0.9
v 1.2 3.2 0.9
v 1.2 3.3 0.9
v 1.2 3.4 0.9
v 1.2 3.5 0.9
v 1.2 3.6 0.9
v 1.2 3.7 0.9
v 1.2 3.8 0.9
v 1.2 3.9 0.9
v 1.3 3.2 0.9
v 1.3 3.3 0.9
v 1.3 3.4 0.9
v 1.3 3.5 0.9
v 1.3 3.6 0.9
v 1.3 3.7 0.9
v 1.3 3.8 0.9
v 1.3 3.9 0.9
v 1.3 4 0.9
v 1.4 3.1 0.9
v 1.4 3.2 0.9
v 1.4 3.3 0.9
v 1.4 3.4 0.9
v 1.4 3.5 0.9
v 1.4 3.6 0.9
v 1.4 3.7 0.9
v 1.4 3.8 0.9
v 1.4 3.9 0.9
v 1.4 4 0.9
v 1.5 3.1 0.9
v 1.5 3.2 0.9
v 1.5 3.3 0.9
v 1.5 3.4 0.9
v 1.5 3.5 0.9
v 1.5 3.6 0.9
v 1.5 3.7 0.9
v 1.5 3.8 0.9
v 1.5 3.9 0.9
v 1.6 3.2 0.9
v 1.6 3.3 0.9
v 1.6 3.4 0.9
v 1.6 3.5 0.9
v 1.6 3.6 0.9
v 1.6 3.7 0.9
v 1.6 3.8 0.9
v 1.6 3.9 0.9
v 1.6 4 0.9
v 1.7 3.1 0.9
v 1.7 3.2 0.9
v 1.7 3.3 0.9
v 1.7 3.4 0.9
v 1.7 3.5 0.9
v 1.7 3.6 0.9
v 1.7 3.7 0.9
v 1.7 3.8 0.9
v 1.7 3.9 0.9
v 1.7 4 0.9
v 1.8 3.1 0.9
v 1.8 3.2 0.9
v 1.8 3.3 0.9
v 1.8 3.4 0.9
v 1.8 3.5 0.9
v 1.8 3.6 0.9
v 1.8 3.7 0.9
v 1.8 3.8 0.9
v 1.8 3.9 0.9
v 1.9 3.2 0.9
v 1.9 3.3 0.9
v 1.9 3.4 0.9
v 1.9 3.5 0.9
v 1.9 3.6 0.9
v 1.9 3.7 0.9
v 1.9 3.8 0.9
v 1.9 3.9 0.9
v 1.9 4 0.9
v 2 3.1 0.9
v 2 3.2 0.9
v 2 3.3 0.9
v 2 3.4 0.9
v 2 3.5 0.9
v 2 3.6 0.9
v 2 3.7 0.9
v 2 3.8 0.9
v 2 3.9 0.9
v 2 4 0.9
v 2.1 3.1 0.9
v 2.1 3.2 0.9
v 2.1 3.3 0.9
v 2.1 3.4 0.9
v 2.1 3.5 0.9
v 2.1 3.6 0.9
v 2.1 3.7 0.9
v 2.1 3.8 0.9
v 2.1 3.9 0.9
v 2.2 3.2 0.9
v 2.2 3.3 0.9
v 2.2 3.4 0.9
v 2.2 3.5 0.9
v 2.2 3.6 0.9
v 2.2 3.7 0.9
v 2.2 3.8 0.9
v 2.2 3.9 0.9
v 2.2 4 0.9
v 2.3 3.1 0.9
v 2.3 3.2 0.9
v 2.3 3.3 0.9
v 2.3 3.4 0.9
v 2.3 3.5 0.9
v 2.3 3.6 0.9
v 2.3 3.7 0.9
v 2.3 3.8 0.9
v 2.3 3.9 0.9
v 2.3 4 0.9
v 2.4 3.1 0.9
v 2.4 3.2 0.9
v 2.4 3.3 0.9
v 2.4 3.4 0.9
v 2.4 3.5 0.9
v 2.4 3.6 0.9
v 2.4 3.7 0.9
v 2.4 3.8 0.9
v 2.4 3.9 0.9
v 2.5 3.2 0.9
v 2.5 3.3 0.9
v 2.5 3.4 0.9
v 2.5 3.5 0.9
v 2.5 3.6 0.9
v 2.5 3.7 0.9
v 2.5 3.8 0.9
v 2.5 3.9 0.9
v 2.5 4 0.9
v 2.6 3.1 0.9
v 2.6 3.2 0.9
v 2.6 3.3 0.9
v 2.6 3.4 0.9
v 2.6 3.5 0.9
v 2.6 3.6 0.9
v 2.6 3.7 0.9
v 2.6 3.8 0.9
v 2.6 3.9 0.9
v 2.6 4 0.9
v 2.6 19.5 0.9
v 2.6 19.6 0.9
v 2.7 3.1 0.9
v 2.7 3.2 0.9
v 2.7 3.3 0.9
v 2.7 3.4 0.9
v 2.7 3.5 0.9
v 2.7 3.6 0.9
v 2.7 3.7 0.9
v 2.7 3.8 0.9
v 2.7 3.9 0.9
v 2.7 19.5 0.9
v 2.7 19.6 0.9
v 2.8 3.2 0.9
v 2.8 3.3 0.9
v 2.8 3.4 0.9
v 2.8 3.5 0.9
v 2.8 3.6 0.9
v 2.8 3.7 0.9
v 2.8 3.8 0.9
v 2.8 3.9 0.9
v 2.8 4 0.9
v 2.9 3.1 0.9
v 2.9 3.2 0.9
v 2.9 3.3 0.9
v 2.9 3.4 0.9
v 2.9 3.5 0.9
v 2.9 3.6 0.9
v 2.9 3.7 0.9
v 2.9 3.8 0.9
v 2.9 3.9 0.9
v 2.9 4 0.9
v 3 3.1 0.9
v 3 3.2 0.9
v 3 3.3 0.9
v 3 3.4 0.9
v 3 3.5 0.9
v 3 3.6 0.9
v 3 3.7 0.9
v 3 3.8 0.9
v 3 3.9 0.9
v 3.1 3.2 0.9
v 3.1 3.3 0.9
v 3.1 3.4 0.9
v 3.1 3.5 0.9
v 3.1 3.6 0.9
v 3.1 3.7 0.9
v 3.1 3.8 0.9
v 3.1 3.9 0.9
v 3.1 4 0.9
v 3.2 3.1 0.9
v 3.2 3.2 0.9
v 3.2 3.3 0.9
v 3.2 3.4 0.9
v 3.2 3.5 0.9
v 3.2 3.6 0.9
v 3.2 3.7 0.9
v 3.2 3.8 0.9
v 3.2 3.9 0.9
v 3.2 4 0.9
v 3.3 3.1 0.9
v 3.3 3.2 0.9
v 3.3 3.3 0.9
v 3.3 3.4 0.9
v 3.3 3.5 0.9
v 3.3 3.6 0.9
v 3.3 3.7 0.9
v 3.3 3.8 0.9
v 3.3 3.9 0.9
v 3.4 3.2 0.9
v 3.4 3.3 0.9
v 3.4 3.4 0.9
v 3.4 3.5 0.9
v 3.4 3.6 0.9
v 3.4 3.7 0.9
v 3.4 3.8 0.9
v 3.4 3.9 0.9
v 3.4 4 0.9
v 3.5 3.1 0.9
v 3.5 3.2 0.9
v 3.5 3.3 0.9
v 3.5 3.4 0.9
v 3.5 3.5 0.9
v 3.5 3.6 0.9
v 3.5 3.7 0.9
v 3.5 3.8 0.9
v 3.5 3.9 0.9
v 3.5 4 0.9
v 3.6 3.1 0.9
v 3.6 3.2 0.9
v 3.6 3.3 0.9
v 3.6 3.4 0.9
v 3.6 3.5 0.9
v 3.6 3.6 0.9
v 3.6 3.7 0.9
v 3.6 3.8 0.9
v 3.6 3.9 0.9
v 3.7 3.2 0.9
v 3.7 3.3 0.9
v 3.7 3.4 0.9
v 3.7 3.5 0.9
v 3.7 3.6 0.9
v 3.7 3.7 0.9
v 3.7 3.8 0.9
v 3.7 3.9 0.9
v 3.7 4 0.9
v 3.8 3.1 0.9
v 3.8 3.2 0.9
v 3.8 3.3 0.9
v 3.8 3.4 0.9
v 3.8 3.5 0.9
v 3.8 3.6 0.9
v 3.8 3.7 0.9
v 3.8 3.8 0.9
v 3.8 3.9 0.9
v 3.8 4 0.9
v 3.9 3.1 0.9
v 3.9 3.2 0.9
v 3.9 3.3 0.9
v 3.9 3.4 0.9
v 3.9 3.5 0.9
v 3.9 3.6 0.9
v 3.9 3.7 0.9
v 3.9 3.8 0.9
v 3.9 3.9 0.9
v 4 3.2 0.9
v 4 3.3 0.9
v 4 3.4 0.9
v 4 3.5 0.9
v 4 3.6 0.9
v 4 3.7 0.9
v 4 3.8 0.9
v 4 3.9 0.9
v 4 4 0.9
v 4.1 3.1 0.9
v 4.1 3.2 0.9
v 4.1 3.3 0.9
v 4.1 3.4 0.9
v 4.1 3.5 0.9
v 4.1 3.6 0.9
v 4.1 3.7 0.9
v 4.1 3.8 0.9
v 4.1 3.9 0.9
v 4.1 4 0.9
v 4.2 3.1 0.9
v 4.2 3.2 0.9
v 4.2 3.3 0.9
v 4.2 3.4 0.9
v 4.2 3.5 0.9
v 4.2 3.6 0.9
v 4.2 3.7 0.9
v 4.2 3.8 0.9
v 4.2 3.9 0.9
v 4.3 3.2 0.9
v 4.3 3.3 0.9
v 4.3 3.4 0.9
v 4.3 3.5 0.9
v 4.3 3.6 0.9
v 4.3 3.7 0.9
v 4.3 3.8 0.9
v 4.3 3.9 0.9
v 4.3 4 0.9
v 4.4 3.1 0.9
v 4.4 3.2 0.9
v 4.4 3.3 0.9
v 4.4 3.4 0.9
v 4.4 3.5 0.9
v 4.4 3.6 0.9
v 4.4 3.7 0.9
v 4.4 3.8 0.9
v 4.4 3.9 0.9
v 4.4 4 0.9
v 4.5 3.1 0.9
v 4.5 3.2 0.9
v 4.5 3.3 0.9
v 4.5 3.4 0.9
v 4.5 3.5 0.9
v 4.5 3.6 0.9
v 4.5 3.7 0.9
v 4.5 3.8 0.9
v 4.5 3.9 0.9
v 4.6 3.2 0.9
v 4.6 3.3 0.9
v 4.6 3.4 0.9
v 4.6 3.5 0.9
v 4.6 3.6 0.9
v 4.6 3.7 0.9
v 4.6 3.8 0.9
v 4.6 3.9 0.9
v 4.6 4 0.9
v 4.7 3.1 0.9
v 4.7 3.2 0.9
v 4.7 3.3 0.9
v 4.7 3.4 0.9
v 4.7 3.5 0.9
v 4.7 3.6 0.9
v 4.7 3.7 0.9
v 4.7 3.8 0.9
v 4.7 3.9 0.9
v 4.7 4 0.9
v 4.8 3.1 0.9
v 4.8 3.2 0.9
v 4.8 3.3 0.9
v 4.8 3.4 0.9
v 4.8 3.5 0.9
v 4.8 3.6 0.9
v 4.8 3.7 0.9
v 4.8 3.8 0.9
v 4.8 3.9 0.9
v 4.9 3.2 0.9
v 4.9 3.3 0.9
v 4.9 3.4 0.9
v 4.9 3.5 0.9
v 4.9 3.6 0.9
v 4.9 3.7 0.9
v 4.9 3.8 0.9
v 4.9 3.9 0.9
v 4.9 4 0.9
v 5 3.1 0.9
v 5 3.2 0.9
v 5 3.3 0.9
v 5 3.4 0.9
v 5 3.5 0.9
v 5 3.6 0.9
v 5 3.7 0.9
v 5 3.8 0.9
v 5 3.9 0.9
v 5 4 0.9
v 5.1 3.1 0.9
v 5.1 3.2 0.9
v 5.1 3.3 0.9
v 5.1 3.4 0.9
v 5.1 3.5 0.9
v 5.1 3.6 0.9
v 5.1 3.7 0.9
v 5.1 3.8 0.9
v 5.1 3.9 0.9
v 5.2 3.2 0.9
v 5.2 3.3 0.9
v 5.2 3.4 0.9
v 5.2 3.5 0.9
v 5.2 3.6 0.9
v 5.2 3.7 0.9
v 5.2 3.8 0.9
v 5.2 3.9 0.9
v 5.2 4 0.9
v 5.3 3.1 0.9
v 5.3 3.2 0.9
v 5.3 3.3 0.9
v 5.3 3.4 0.9
v 5.3 3.5 0.9
v 5.3 3.6 0.9
v 5.3 3.7 0.9
v 5.3 3.8 0.9
v 5.3 3.9 0.9
v 5.3 4 0.9
v 5.4 3.1 0.9
v 5.4 3.2 0.9
v 5.4 3.3 0.9
v 5.4 3.4 0.9
v 5.4 3.5 0.9
v 5.4 3.6 0.9
v 5.4 3.7 0.9
v 5.4 3.8 0.9
v 5.4 3.9 0.9
v 5.5 3.2 0.9
v 5.5 3.3 0.9
v 5.5 3.4 0.9
v 5.5 3.5 0.9
v 5.5 3.6 0.9
v 5.5 3.7 0.9
v 5.5 3.8 0.9
v 5.5 3.9 0.9
v 5.5 4 0.9
v 5.6 3.1 0.9
v 5.6 3.2 0.9
v 5.6 3.3 0.9
v 5.6 3.4 0.9
v 5.6 3.5 0.9
v 5.6 3.6 0.9
v 5.6 3.7 0.9
v 5.6 3.8 0.9
v 5.6 3.9 0.9
v 5.6 4 0.9
v 5.7 3.1 0.9
v 5.7 3.2 0.9
v 5.7 3.3 0.9
v 5.7 3.4 0.9
v 5.7 3.5 0.9
v 5.7 3.6 0.9
v 5.7 3.7 0.9
v 5.7 3.8 0.9
v 5.7 3.9 0.9
v 5.8 3.2 0.9
v 5.8 3.3 0.9
v 5.8 3.4 0.9
v 5.8 3.5 0.9
v 5.8 3.6 0.9
v 5.8 3.7 0.9
v 5.8 3.8 0.9
v 5.8 3.9 0.9
v 5.8 4 0.9
v 5.9 3.1 0.9
v 5.9 3.2 0.9
v 5.9 3.3 0.9
v 5.9 3.4 0.9
v 5.9 3.5 0.9
v 5.9 3.6 0.9
v 5.9 3.7 0.9
v 5.9 3.8 0.9
v 5.9 3.9 0.9
v 5.9 4 0.9
v 6 3.1 0.9
v 6 3.2 0.9
v 6 3.3 0.9
v 6 3.4 0.9
v 6 3.5 0.9
v 6 3.6 0.9
v 6 3.7 0.9
v 6 3.8 0.9
v 6 3.9 0.9
v 6.1 3.2 0.9
v 6.1 3.3 0.9
v 6.1 3.4 0.9
v 6.1 3.5 0.9
v 6.1 3.6 0.9
v 6.1 3.7 0.9
v 6.1 3.8 0.9
v 6.1 3.9 0.9
v 6.1 4 0.9
v 6.2 3.1 0.9
v 6.2 3.2 0.9
v 6.2 3.3 0.9
v 6.2 3.4 0.9
v 6.2 3.5 0.9
v 6.2 3.6 0.9
v 6.2 3.7 0.9
v 6.2 3.8 0.9
v 6.2 3.9 0.9
v 6.2 4 0.9
v 6.3 3.1 0.9
v 6.3 3.2 0.9
v 6.3 3.3 0.9
v 6.3 3.4 0.9
v 6.3 3.5 0.9
v 6.3 3.6 0.9
v 6.3 3.7 0.9
v 6.3 3.8 0.9
v 6.3 3.9 0.9
v 6.4 3.2 0.9
v 6.4 3.3 0.9
v 6.4 3.4 0.9
v 6.4 3.5 0.9
v 6.4 3.6 0.9
v 6.4 3.7 0.9
v 6.4 3.8 0.9
v 6.4 3.9 0.9
v 6.4 4 0.9
v 6.5 3.1 0.9
v 6.5 3.2 0.9
v 6.5 3.3 0.9
v 6.5 3.4 0.9
v 6.5 3.5 0.9
v 6.5 3.6 0.9
v 6.5 3.7 0.9
v 6.5 3.8 0.9
v 6.5 3.9 0.9
v 6.5 4 0.9
v 6.6 3.1 0.9
v 6.6 3.2 0.9
v 6.6 3.3 0.9
v 6.6 3.4 0.9
v 6.6 3.5 0.9
v 6.6 3.6 0.9
v 6.6 3.7 0.9
v 6.6 3.8 0.9
v 6.6 3.9 0.9
v 6.6 19.3 0.9
v 6.6 19.4 0.9
v 6.7 3.2 0.9
v 6.7 3.3 0.9
v 6.7 3.4 0.9
v 6.7 3.5 0.9
v 6.7 3.6 0.9
v 6.7 3.7 0.9
v 6.7 3.8 0.9
v 6.7 3.9 0.9
v 6.7 4 0.9
v 6.8 3.1 0.9
v 6.8 3.2 0.9
v 6.8 3.3 0.9
v 6.8 3.4 0.9
v 6.8 3.5 0.9
v 6.8 3.6 0.9
v 6.8 3.7 0.9
v 6.8 3.8 0.9
v 6.8 3.9 0.9
v 6.8 4 0.9
v 6.8 19.4 0.9
v 6.8 19.5 0.9
v 6.9 3.1 0.9
v 6.9 3.2 0.9
v 6.9 3.3 0.9
v 6.9 3.4 0.9
v 6.9 3.5 0.9
v 6.9 3.6 0.9
v 6.9 3.7 0.9
v 6.9 3.8 0.9
v 6.9 3.9 0.9
v 7 3.2 0.9
v 7 3.3 0.9
v 7 3.4 0.9
v 7 3.5 0.9
v 7 3.6 0.9
v 7 3.7 0.9
v 7 3.8 0.9
v 7 3.9 0.9
v 7 4 0.9
v 7.1 3.1 0.9
v 7.1 3.2 0.9
v 7.1 3.3 0.9
v 7.1 3.4 0.9
v 7.1 3.5 0.9
v 7.1 3.6 0.9
v 7.1 3.7 0.9
v 7.1 3.8 0.9
v 7.1 3.9 0.9
v 7.1 4 0.9
v 7.2 3.1 0.9
v 7.2 3.2 0.9
v 7.2 3.3 0.9
v 7.2 3.4 0.9
v 7.2 3.5 0.9
v 7.2 3.6 0.9
v 7.2 3.7 0.9
v 7.2 3.8 0.9
v 7.2 3.9 0.9
v 7.3 3.2 0.9
v 7.3 3.3 0.9
v 7.3 3.4 0.9
v 7.3 3.5 0.9
v 7.3 3.6 0.9
v 7.3 3.7 0.9
v 7.3 3.8 0.9
v 7.3 3.9 0.9
v 7.3 4 0.9
v 7.4 3.1 0.9
v 7.4 3.2 0.9
v 7.4 3.3 0.9
v 7.4 3.4 0.9
v 7.4 3.5 0.9
v 7.4 3.6 0.9
v 7.4 3.7 0.9
v 7.4 3.8 0.9
v 7.4 3.9 0.9
v 7.4 4 0.9
v 7.4 19.2 0.9
v 7.4 19.3 0.9
v 7.5 3.1 0.9
v 7.5 3.2 0.9
v 7.5 3.3 0.9
v 7.5 3.4 0.9
v 7.5 3.5 0.9
v 7.5 3.6 0.9
v 7.5 3.7 0.9
v 7.5 3.8 0.9
v 7.5 3.9 0.9
v 7.6 3.2 0.9
v 7.6 3.3 0.9
v 7.6 3.4 0.9
v 7.6 3.5 0.9
v 7.6 3.6 0.9
v 7.6 3.7 0.9
v 7.6 3.8 0.9
v 7.6 3.9 0.9
v 7.6 4 0.9
v 7.6 19.2 0.9
v 7.6 19.3 0.9
v 7.7 3.1 0.9
v 7.7 3.2 0.9
v 7.7 3.3 0.9
v 7.7 3.4 0.9
v 7.7 3.5 0.9
v 7.7 3.6 0.9
v 7.7 3.7 0.9
v 7.7 3.8 0.9
v 7.7 3.9 0.9
v 7.7 4 0.9
v 7.8 3.1 0.9
v 7.8 3.2 0.9
v 7.8 3.3 0.9
v 7.8 3.4 0.9
v 7.8 3.5 0.9
v 7.8 3.6 0.9
v 7.8 3.7 0.9
v 7.8 3.8 0.9
v 7.8 3.9 0.9
v 7.9 3.2 0.9
v 7.9 3.3 0.9
v 7.9 3.4 0.9
v 7.9 3.5 0.9
v 7.9 3.6 0.9
v 7.9 3.7 0.9
v 7.9 3.8 0.9
v 7.9 3.9 0.9
v 7.9 4 0.9
v 8 3.1 0.9
v 8 3.2 0.9
v 8 3.3 0.9
v 8 3.4 0.9
v 8 3.5 0.9
v 8 3.6 0.9
v 8 3.7 0.9
v 8 3.8 0.9
v 8 3.9 0.9
v 8 4 0.9
v 8.1 3.1 0.9
v 8.1 3.2 0.9
v 8.1 3.3 0.9
v 8.1 3.4 0.9
v 8.1 3.5 0.9
v 8.1 3.6 0.9
v 8.1 3.7 0.9
v 8.1 3.8 0.9
v 8.1 3.9 0.9
v 8.2 3.2 0.9
v 8.2 3.3 0.9
v 8.2 3.4 0.9
v 8.2 3.5 0.9
v 8.2 3.6 0.9
v 8.2 3.7 0.9
v 8.2 3.8 0.9
v 8.2 3.9 0.9
v 8.2 4 0.9
v 8.3 3.1 0.9
v 8.3 3.2 0.9
v 8.3 3.3 0.9
v 8.3 3.4 0.9
v 8.3 3.5 0.9
v 8.3 3.6 0.9
v 8.3 3.7 0.9
v 8.3 3.8 0.9
v 8.3 3.9 0.9
v 8.3 4 0.9
v 8.4 3.1 0.9
v 8.4 3.2 0.9
v 8.4 3.3 0.9
v 8.4 3.4 0.9
v 8.4 3.5 0.9
v 8.4 3.6 0.9
v 8.4 3.7 0.9
v 8.4 3.8 0.9
v 8.4 3.9 0.9
v 8.5 3.2 0.9
v 8.5 3.3 0.9
v 8.5 3.4 0.9
v 8.5 3.5 0.9
v 8.5 3.6 0.9
v 8.5 3.7 0.9
v 8.5 3.8 0.9
v 8.5 3.9 0.9
v 8.5 4 0.9
v 8.6 3.1 0.9
v 8.6 3.2 0.9
v 8.6 3.3 0.9
v 8.6 3.4 0.9
v 8.6 3.5 0.9
v 8.6 3.6 0.9
v 8.6 3.7 0.9
v 8.6 3.8 0.9
v 8.6 3.9 0.9
v 8.6 4 0.9
v 8.7 3.1 0.9
v 8.7 3.2 0.9
v 8.7 3.3 0.9
v 8.7 3.4 0.9
v 8.7 3.5 0.9
v 8.7 3.6 0.9
v 8.7 3.7 0.9
v 8.7 3.8 0.9
v 8.7 3.9 0.9
v 8.8 3.2 0.9
v 8.8 3.3 0.9
v 8.8 3.4 0.9
v 8.8 3.5 0.9
v 8.8 3.6 0.9
v 8.8 3.7 0.9
v 8.8 3.8 0.9
v 8.8 3.9 0.9
v 8.8 4 0.9
v 8.9 3.1 0.9
v 8.9 3.2 0.9
v 8.9 3.3 0.9
v 8.9 3.4 0.9
v 8.9 3.5 0.9
v 8.9 3.6 0.9
v 8.9 3.7 0.9
v 8.9 3.8 0.9
v 8.9 3.9 0.9
v 8.9 4 0.9
v 9 3.1 0.9
v 9 3.2 0.9
v 9 3.3 0.9
v 9 3.4 0.9
v 9 3.5 0.9
v 9 3.6 0.9
v 9 3.7 0.9
v 9 3.8 0.9
v 9 3.9 0.9
v 9 19.3 0.9
v 9 19.4 0.9
v 9 19.5 0.9
v 9.1 3.2 0.9
v 9.1 3.3 0.9
v 9.1 3.4 0.9
v 9.1 3.5 0.9
v 9.1 3.6 0.9
v 9.1 3.7 0.9
v 9.1 3.8 0.9
v 9.1 3.9 0.9
v 9.1 4 0.9
v 9.2 3.1 0.9
v 9.2 3.2 0.9
v 9.2 3.3 0.9
v 9.2 3.4 0.9
v 9.2 3.5 0.9
v 9.2 3.6 0.9
v 9.2 3.7 0.9
v 9.2 3.8 0.9
v 9.2 3.9 0.9
v 9.2 4 0.9
v 9.3 3.1 0.9
v 9.3 3.2 0.9
v 9.3 3.3 0.9
v 9.3 3.4 0.9
v 9.3 3.5 0.9
v 9.3 3.6 0.9
v 9.3 3.7 0.9
v 9.3 3.8 0.9
v 9.3 3.9 0.9
v 9.4 3.2 0.9
v 9.4 3.3 0.9
v 9.4 3.4 0.9
v 9.4 3.5 0.9
v 9.4 3.6 0.9
v 9.4 3.7 0.9
v 9.4 3.8 0.9
v 9.4 3.9 0.9
v 9.4 4 0.9
v 9.5 3.1 0.9
v 9.5 3.2 0.9
v 9.5 3.3 0.9
v 9.5 3.4 0.9
v 9.5 3.5 0.9
v 9.5 3.6 0.9
v 9.5 3.7 0.9
v 9.5 3.8 0.9
v 9.5 3.9 0.9
v 9.5 4 0.9
v 9.5 24.8 0.9
v 9.5 25.5 0.9
v 9.6 3.1 0.9
v 9.6 3.2 0.9
v 9.6 3.3 0.9
v 9.6 3.4 0.9
v 9.6 3.5 0.9
v 9.6 3.6 0.9
v 9.6 3.7 0.9
v 9.6 3.8 0.9
v 9.6 3.9 0.9
v 9.6 24.2 0.9
v 9.6 24.8 0.9
v 9.6 24.9 0.9
v 9.6 25.5 0.9
v 9.7 3.2 0.9
v 9.7 3.3 0.9
v 9.7 3.4 0.9
v 9.7 3.5 0.9
v 9.7 3.6 0.9
v 9.7 3.7 0.9
v 9.7 3.8 0.9
v 9.7 3.9 0.9
v 9.7 4 0.9
v 9.7 23.1 0.9
v 9.7 24.2 0.9
v 9.7 24.3 0.9
v 9.7 24.9 0.9
v 9.8 3.1 0.9
v 9.8 3.2 0.9
v 9.8 3.3 0.9
v 9.8 3.4 0.9
v 9.8 3.5 0.9
v 9.8 3.6 0.9
v 9.8 3.7 0.9
v 9.8 3.8 0.9
v 9.8 3.9 0.9
v 9.8 4 0.9
v 9.8 22.9 0.9
v 9.8 23.1 0.9
v 9.8 23.2 0.9
v 9.8 24.3 0.9
v 9.9 3.1 0.9
v 9.9 3.2 0.9
v 9.9 3.3 0.9
v 9.9 3.4 0.9
v 9.9 3.5 0.9
v 9.9 3.6 0.9
v 9.9 3.7 0.9
v 9.9 3.8 0.9
v 9.9 3.9 0.9
v 9.9 22.9 0.9
v 9.9 23.2 0.9
v 10 3.2 0.9
v 10 3.3 0.9
v 10 3.4 0.9
v 10 3.5 0.9
v 10 3.6 0.9
v 10 3.7 0.9
v 10 3.8 0.9
v 10 3.9 0.9
v 10 4 0.9
v 10.1 3.1 0.9
v 10.1 3.2 0.9
v 10.1 3.3 0.9
v 10.1 3.4 0.9
v 10.1 3.5 0.9
v 10.1 3.6 0.9
v 10.1 3.7 0.9
v 10.1 3.8 0.9
v 10.1 3.9 0.9
v 10.1 4 0.9
v 10.2 3.1 0.9
v 10.2 3.2 0.9
v 10.2 3.3 0.9
v 10.2 3.4 0.9
v 10.2 3.5 0.9
v 10.2 3.6 0.9
v 10.2 3.7 0.9
v 10.2 3.8 0.9
v 10.2 3.9 0.9
v 10.3 3.2 0.9
v 10.3 3.3 0.9
v 10.3 3.4 0.9
v 10.3 3.5 0.9
v 10.3 3.6 0.9
v 10.3 3.7 0.9
v 10.3 3.8 0.9
v 10.3 3.9 0.9
v 10.3 4 0.9
v 10.4 3.1 0.9
v 10.4 3.2 0.9
v 10.4 3.3 0.9
v 10.4 3.4 0.9
v 10.4 3.5 0.9
v 10.4 3.6 0.9
v 10.4 3.7 0.9
v 10.4 3.8 0.9
v 10.4 3.9 0.9
v 10.4 4 0.9
v 10.5 3.1 0.9
v 10.5 3.2 0.9
v 10.5 3.3 0.9
v 10.5 3.4 0.9
v 10.5 3.5 0.9
v 10.5 3.6 0.9
v 10.5 3.7 0.9
v 10.5 3.8 0.9
v 10.5 3.9 0.9
v 10.6 3.2 0.9
v 10.6 3.3 0.9
v 10.6 3.4 0.9
v 10.6 3.5 0.9
v 10.6 3.6 0.9
v 10.6 3.7 0.9
v 10.6 3.8 0.9
v 10.6 3.9 0.9
v 10.6 4 0.9
v 10.7 3.1 0.9
v 10.7 3.2 0.9
v 10.7 3.3 0.9
v 10.7 3.4 0.9
v 10.7 3.5 0.9
v 10.7 3.6 0.9
v 10.7 3.7 0.9
v 10.7 3.8 0.9
v 10.7 3.9 0.9
v 10.7 4 0.9
v 10.7 19.3 0.9
v 10.7 19.4 0.9
v 10.7 19.5 0.9
v 10.8 3.1 0.9
v 10.8 3.2 0.9
v 10.8 3.3 0.9
v 10.8 3.4 0.9
v 10.8 3.5 0.9
v 10.8 3.6 0.9
v 10.8 3.7 0.9
v 10.8 3.8 0.9
v 10.8 3.9 0.9
v 10.9 3.2 0.9
v 10.9 3.3 0.9
v 10.9 3.4 0.9
v 10.9 3.5 0.9
v 10.9 3.6 0.9
v 10.9 3.7 0.9
v 10.9 3.8 0.9
v 10.9 3.9 0.9
v 10.9 4 0.9
v 11 3.1 0.9
v 11 3.2 0.9
v 11 3.3 0.9
v 11 3.4 0.9
v 11 3.5 0.9
v 11 3.6 0.9
v 11 3.7 0.9
v 11 3.8 0.9
v 11 3.9 0.9
v 11 4 0.9
v 11.1 3.1 0.9
v 11.1 3.2 0.9
v 11.1 3.3 0.9
v 11.1 3.4 0.9
v 11.1 3.5 0.9
v 11.1 3.6 0.9
v 11.1 3.7 0.9
v 11.1 3.8 0.9
v 11.1 3.9 0.9
v 11.2 3.2 0.9
v 11.2 3.3 0.9
v 11.2 3.4 0.9
v 11.2 3.5 0.9
v 11.2 3.6 0.9
v 11.2 3.7 0.9
v 11.2 3.8 0.9
v 11.2 3.9 0.9
v 11.2 4 0.9
v 11.3 3.1 0.9
v 11.3 3.2 0.9
v 11.3 3.3 0.9
v 11.3 3.4 0.9
v 11.3 3.5 0.9
v 11.3 3.6 0.9
v 11.3 3.7 0.9
v 11.3 3.8 0.9
v 11.3 3.9 0.9
v 11.3 4 0.9
v 11.4 3.1 0.9
v 11.4 3.2 0.9
v 11.4 3.3 0.9
v 11.4 3.4 0.9
v 11.4 3.5 0.9
v 11.4 3.6 0.9
v 11.4 3.7 0.9
v 11.4 3.8 0.9
v 11.4 3.9 0.9
v 11.5 3.2 0.9
v 11.5 3.3 0.9
v 11.5 3.4 0.9
v 11.5 3.5 0.9
v 11.5 3.6 0.9
v 11.5 3.7 0.9
v 11.5 3.8 0.9
v 11.5 3.9 0.9
v 11.5 4 0.9
v 11.6 3.3 0.9
v 11.6 3.4 0.9
v 11.6 3.6 0.9
v 11.6 3.7 0.9
v 11.6 3.9 0.9
v 11.6 4 0.9
v 11.6 9.2 0.9
v 11.6 9.6 0.9
v 11.8 19.4 0.9
v 11.8 19.5 0.9
v 11.9 9.2 0.9
v 11.9 9.3 0.9
v 11.9 9.4 0.9
v 11.9 9.6 0.9
v 11.9 19.3 0.9
v 11.9 19.4 0.9
v 12 9.3 0.9
v 12 9.4 0.9
v 12.3 19.3 0.9
v 12.3 19.4 0.9
v 12.4 19.3 0.9
v 12.4 19.5 0.9
v 12.5 8.7 0.9
v 12.5 25.6 0.9
v 12.8 0 0.9
v 12.8 2.7 0.9
v 12.8 25.6 0.9
v -12.8 0 0.8
v -12.8 2.7 0.8
v -12.8 25.6 0.8
v -12.5 8.7 0.8
v -12.5 15.9 0.8
v -12.5 16 0.8
v -12.5 25.6 0.8
v -12.1 24.8 0.8
v -12.1 25.2 0.8
v -12 24.7 0.8
v -12 24.8 0.8
v -12 25.2 0.8
v -12 25.3 0.8
v -11.9 25 0.8
v -11.9 25.1 0.8
v -11.8 3.1 0.8
v -11.8 3.2 0.8
v -11.8 3.4 0.8
v -11.8 3.5 0.8
v -11.8 3.7 0.8
v -11.8 3.8 0.8
v -11.8 24.7 0.8
v -11.8 25 0.8
v -11.8 25.1 0.8
v -11.8 25.3 0.8
v -11.7 3.1 0.8
v -11.7 3.2 0.8
v -11.7 3.3 0.8
v -11.7 3.4 0.8
v -11.7 3.5 0.8
v -11.7 3.6 0.8
v -11.7 3.7 0.8
v -11.7 3.8 0.8
v -11.7 3.9 0.8
v -11.7 25 0.8
v -11.7 25.1 0.8
v -11.6 3.2 0.8
v -11.6 3.3 0.8
v -11.6 3.4 0.8
v -11.6 3.5 0.8
v -11.6 3.6 0.8
v -11.6 3.7 0.8
v -11.6 3.8 0.8
v -11.6 3.9 0.8
v -11.6 4 0.8
v -11.5 3.1 0.8
v -11.5 3.2 0.8
v -11.5 3.3 0.8
v -11.5 3.4 0.8
v -11.5 3.5 0.8
v -11.5 3.6 0.8
v -11.5 3.7 0.8
v -11.5 3.8 0.8
v -11.5 3.9 0.8
v -11.5 4 0.8
v -11.4 3.1 0.8
v -11.4 3.2 0.8
v -11.4 3.3 0.8
v -11.4 3.4 0.8
v -11.4 3.5 0.8
v -11.4 3.6 0.8
v -11.4 3.7 0.8
v -11.4 3.8 0.8
v -11.4 3.9 0.8
v -11.3 3.2 0.8
v -11.3 3.3 0.8
v -11.3 3.4 0.8
v -11.3 3.5 0.8
v -11.3 3.6 0.8
v -11.3 3.7 0.8
v -11.3 3.8 0.8
v -11.3 3.9 0.8
v -11.3 4 0.8
v -11.2 3.1 0.8
v -11.2 3.2 0.8
v -11.2 3.3 0.8
v -11.2 3.4 0.8
v -11.2 3.5 0.8
v -11.2 3.6 0.8
v -11.2 3.7 0.8
v -11.2 3.8 0.8
v -11.2 3.9 0.8
v -11.2 4 0.8
v -11.1 3.1 0.8
v -11.1 3.2 0.8
v -11.1 3.3 0.8
v -11.1 3.4 0.8
v -11.1 3.5 0.8
v -11.1 3.6 0.8
v -11.1 3.7 0.8
v -11.1 3.8 0.8
v -11.1 3.9 0.8
v -11 3.2 0.8
v -11 3.3 0.8
v -11 3.4 0.8
v -11 3.5 0.8
v -11 3.6 0.8
v -11 3.7 0.8
v -11 3.8 0.8
v -11 3.9 0.8
v -11 4 0.8
v -10.9 3.1 0.8
v -10.9 3.2 0.8
v -10.9 3.3 0.8
v -10.9 3.4 0.8
v -10.9 3.5 0.8
v -10.9 3.6 0.8
v -10.9 3.7 0.8
v -10.9 3.8 0.8
v -10.9 3.9 0.8
v -10.9 4 0.8
v -10.8 3.1 0.8
v -10.8 3.2 0.8
v -10.8 3.3 0.8
v -10.8 3.4 0.8
v -10.8 3.5 0.8
v -10.8 3.6 0.8
v -10.8 3.7 0.8
v -10.8 3.8 0.8
v -10.8 3.9 0.8
v -10.7 3.2 0.8
v -10.7 3.3 0.8
v -10.7 3.4 0.8
v -10.7 3.5 0.8
v -10.7 3.6 0.8
v -10.7 3.7 0.8
v -10.7 3.8 0.8
v -10.7 3.9 0.8
v -10.7 4 0.8
v -10.6 3.1 0.8
v -10.6 3.2 0.8
v -10.6 3.3 0.8
v -10.6 3.4 0.8
v -10.6 3.5 0.8
v -10.6 3.6 0.8
v -10.6 3.7 0.8
v -10.6 3.8 0.8
v -10.6 3.9 0.8
v -10.6 4 0.8
v -10.5 3.1 0.8
v -10.5 3.2 0.8
v -10.5 3.3 0.8
v -10.5 3.4 0.8
v -10.5 3.5 0.8
v -10.5 3.6 0.8
v -10.5 3.7 0.8
v -10.5 3.8 0.8
v -10.5 3.9 0.8
v -10.4 3.2 0.8
v -10.4 3.3 0.8
v -10.4 3.4 0.8
v -10.4 3.5 0.8
v -10.4 3.6 0.8
v -10.4 3.7 0.8
v -10.4 3.8 0.8
v -10.4 3.9 0.8
v -10.4 4 0.8
v -10.3 3.1 0.8
v -10.3 3.2 0.8
v -10.3 3.3 0.8
v -10.3 3.4 0.8
v -10.3 3.5 0.8
v -10.3 3.6 0.8
v -10.3 3.7 0.8
v -10.3 3.8 0.8
v -10.3 3.9 0.8
v -10.3 4 0.8
v -10.2 3.1 0.8
v -10.2 3.2 0.8
v -10.2 3.3 0.8
v -10.2 3.4 0.8
v -10.2 3.5 0.8
v -10.2 3.6 0.8
v -10.2 3.7 0.8
v -10.2 3.8 0.8
v -10.2 3.9 0.8
v -10.1 3.2 0.8
v -10.1 3.3 0.8
v -10.1 3.4 0.8
v -10.1 3.5 0.8
v -10.1 3.6 0.8
v -10.1 3.7 0.8
v -10.1 3.8 0.8
v -10.1 3.9 0.8
v -10.1 4 0.8
v -10 3.1 0.8
v -10 3.2 0.8
v -10 3.3 0.8
v -10 3.4 0.8
v -10 3.5 0.8
v -10 3.6 0.8
v -10 3.7 0.8
v -10 3.8 0.8
v -10 3.9 0.8
v -10 4 0.8
v -10 16 0.8
v -10 16.1 0.8
v -9.9 3.1 0.8
v -9.9 3.2 0.8
v -9.9 3.3 0.8
v -9.9 3.4 0.8
v -9.9 3.5 0.8
v -9.9 3.6 0.8
v -9.9 3.7 0.8
v -9.9 3.8 0.8
v -9.9 3.9 0.8
v -9.9 16 0.8
v -9.9 16.1 0.8
v -9.9 22.9 0.8
v -9.9 23.2 0.8
v -9.8 3.2 0.8
v -9.8 3.3 0.8
v -9.8 3.4 0.8
v -9.8 3.5 0.8
v -9.8 3.6 0.8
v -9.8 3.7 0.8
v -9.8 3.8 0.8
v -9.8 3.9 0.8
v -9.8 4 0.8
v -9.8 22.9 0.8
v -9.8 23.1 0.8
v -9.8 23.2 0.8
v -9.8 24.3 0.8
v -9.7 3.1 0.8
v -9.7 3.2 0.8
v -9.7 3.3 0.8
v -9.7 3.4 0.8
v -9.7 3.5 0.8
v -9.7 3.6 0.8
v -9.7 3.7 0.8
v -9.7 3.8 0.8
v -9.7 3.9 0.8
v -9.7 4 0.8
v -9.7 23.1 0.8
v -9.7 24.2 0.8
v -9.7 24.3 0.8
v -9.7 24.9 0.8
v -9.6 3.1 0.8
v -9.6 3.2 0.8
v -9.6 3.3 0.8
v -9.6 3.4 0.8
v -9.6 3.5 0.8
v -9.6 3.6 0.8
v -9.6 3.7 0.8
v -9.6 3.8 0.8
v -9.6 3.9 0.8
v -9.6 24.2 0.8
v -9.6 24.8 0.8
v -9.6 24.9 0.8
v -9.6 25.5 0.8
v -9.5 3.2 0.8
v -9.5 3.3 0.8
v -9.5 3.4 0.8
v -9.5 3.5 0.8
v -9.5 3.6 0.8
v -9.5 3.7 0.8
v -9.5 3.8 0.8
v -9.5 3.9 0.8
v -9.5 4 0.8
v -9.5 15.9 0.8
v -9.5 16 0.8
v -9.5 16.1 0.8
v -9.5 24.8 0.8
v -9.5 25.5 0.8
v -9.4 3.1 0.8
v -9.4 3.2 0.8
v -9.4 3.3 0.8
v -9.4 3.4 0.8
v -9.4 3.5 0.8
v -9.4 3.6 0.8
v -9.4 3.7 0.8
v -9.4 3.8 0.8
v -9.4 3.9 0.8
v -9.4 4 0.8
v -9.3 3.1 0.8
v -9.3 3.2 0.8
v -9.3 3.3 0.8
v -9.3 3.4 0.8
v -9.3 3.5 0.8
v -9.3 3.6 0.8
v -9.3 3.7 0.8
v -9.3 3.8 0.8
v -9.3 3.9 0.8
v -9.2 3.2 0.8
v -9.2 3.3 0.8
v -9.2 3.4 0.8
v -9.2 3.5 0.8
v -9.2 3.6 0.8
v -9.2 3.7 0.8
v -9.2 3.8 0.8
v -9.2 3.9 0.8
v -9.2 4 0.8
v -9.1 3.1 0.8
v -9.1 3.2 0.8
v -9.1 3.3 0.8
v -9.1 3.4 0.8
v -9.1 3.5 0.8
v -9.1 3.6 0.8
v -9.1 3.7 0.8
v -9.1 3.8 0.8
v -9.1 3.9 0.8
v -9.1 4 0.8
v -9 3.1 0.8
v -9 3.2 0.8
v -9 3.3 0.8
v -9 3.4 0.8
v -9 3.5 0.8
v -9 3.6 0.8
v -9 3.7 0.8
v -9 3.8 0.8
v -9 3.9 0.8
v -8.9 3.2 0.8
v -8.9 3.3 0.8
v -8.9 3.4 0.8
v -8.9 3.5 0.8
v -8.9 3.6 0.8
v -8.9 3.7 0.8
v -8.9 3.8 0.8
v -8.9 3.9 0.8
v -8.9 4 0.8
v -8.8 3.1 0.8
v -8.8 3.2 0.8
v -8.8 3.3 0.8
v -8.8 3.4 0.8
v -8.8 3.5 0.8
v -8.8 3.6 0.8
v -8.8 3.7 0.8
v -8.8 3.8 0.8
v -8.8 3.9 0.8
v -8.8 4 0.8
v -8.7 3.1 0.8
v -8.7 3.2 0.8
v -8.7 3.3 0.8
v -8.7 3.4 0.8
v -8.7 3.5 0.8
v -8.7 3.6 0.8
v -8.7 3.7 0.8
v -8.7 3.8 0.8
v -8.7 3.9 0.8
v -8.6 3.2 0.8
v -8.6 3.3 0.8
v -8.6 3.4 0.8
v -8.6 3.5 0.8
v -8.6 3.6 0.8
v -8.6 3.7 0.8
v -8.6 3.8 0.8
v -8.6 3.9 0.8
v -8.6 4 0.8
v -8.5 3.1 0.8
v -8.5 3.2 0.8
v -8.5 3.3 0.8
v -8.5 3.4 0.8
v -8.5 3.5 0.8
v -8.5 3.6 0.8
v -8.5 3.7 0.8
v -8.5 3.8 0.8
v -8.5 3.9 0.8
v -8.5 4 0.8
v -8.4 3.1 0.8
v -8.4 3.2 0.8
v -8.4 3.3 0.8
v -8.4 3.4 0.8
v -8.4 3.5 0.8
v -8.4 3.6 0.8
v -8.4 3.7 0.8
v -8.4 3.8 0.8
v -8.4 3.9 0.8
v -8.3 3.2 0.8
v -8.3 3.3 0.8
v -8.3 3.4 0.8
v -8.3 3.5 0.8
v -8.3 3.6 0.8
v -8.3 3.7 0.8
v -8.3 3.8 0.8
v -8.3 3.9 0.8
v -8.3 4 0.8
v -8.2 3.1 0.8
v -8.2 3.2 0.8
v -8.2 3.3 0.8
v -8.2 3.4 0.8
v -8.2 3.5 0.8
v -8.2 3.6 0.8
v -8.2 3.7 0.8
v -8.2 3.8 0.8
v -8.2 3.9 0.8
v -8.2 4 0.8
v -8.1 3.1 0.8
v -8.1 3.2 0.8
v -8.1 3.3 0.8
v -8.1 3.4 0.8
v -8.1 3.5 0.8
v -8.1 3.6 0.8
v -8.1 3.7 0.8
v -8.1 3.8 0.8
v -8.1 3.9 0.8
v -8 3.2 0.8
v -8 3.3 0.8
v -8 3.4 0.8
v -8 3.5 0.8
v -8 3.6 0.8
v -8 3.7 0.8
v -8 3.8 0.8
v -8 3.9 0.8
v -8 4 0.8
v -7.9 3.1 0.8
v -7.9 3.2 0.8
v -7.9 3.3 0.8
v -7.9 3.4 0.8
v -7.9 3.5 0.8
v -7.9 3.6 0.8
v -7.9 3.7 0.8
v -7.9 3.8 0.8
v -7.9 3.9 0.8
v -7.9 4 0.8
v -7.8 3.1 0.8
v -7.8 3.2 0.8
v -7.8 3.3 0.8
v -7.8 3.4 0.8
v -7.8 3.5 0.8
v -7.8 3.6 0.8
v -7.8 3.7 0.8
v -7.8 3.8 0.8
v -7.8 3.9 0.8
v -7.7 3.2 0.8
v -7.7 3.3 0.8
v -7.7 3.4 0.8
v -7.7 3.5 0.8
v -7.7 3.6 0.8
v -7.7 3.7 0.8
v -7.7 3.8 0.8
v -7.7 3.9 0.8
v -7.7 4 0.8
v -7.6 3.1 0.8
v -7.6 3.2 0.8
v -7.6 3.3 0.8
v -7.6 3.4 0.8
v -7.6 3.5 0.8
v -7.6 3.6 0.8
v -7.6 3.7 0.8
v -7.6 3.8 0.8
v -7.6 3.9 0.8
v -7.6 4 0.8
v -7.5 3.1 0.8
v -7.5 3.2 0.8
v -7.5 3.3 0.8
v -7.5 3.4 0.8
v -7.5 3.5 0.8
v -7.5 3.6 0.8
v -7.5 3.7 0.8
v -7.5 3.8 0.8
v -7.5 3.9 0.8
v -7.4 3.2 0.8
v -7.4 3.3 0.8
v -7.4 3.4 0.8
v -7.4 3.5 0.8
v -7.4 3.6 0.8
v -7.4 3.7 0.8
v -7.4 3.8 0.8
v -7.4 3.9 0.8
v -7.4 4 0.8
v -7.3 3.1 0.8
v -7.3 3.2 0.8
v -7.3 3.3 0.8
v -7.3 3.4 0.8
v -7.3 3.5 0.8
v -7.3 3.6 0.8
v -7.3 3.7 0.8
v -7.3 3.8 0.8
v -7.3 3.9 0.8
v -7.3 4 0.8
v -7.2 3.1 0.8
v -7.2 3.2 0.8
v -7.2 3.3 0.8
v -7.2 3.4 0.8
v -7.2 3.5 0.8
v -7.2 3.6 0.8
v -7.2 3.7 0.8
v -7.2 3.8 0.8
v -7.2 3.9 0.8
v -7.1 3.2 0.8
v -7.1 3.3 0.8
v -7.1 3.4 0.8
v -7.1 3.5 0.8
v -7.1 3.6 0.8
v -7.1 3.7 0.8
v -7.1 3.8 0.8
v -7.1 3.9 0.8
v -7.1 4 0.8
v -7 3.1 0.8
v -7 3.2 0.8
v -7 3.3 0.8
v -7 3.4 0.8
v -7 3.5 0.8
v -7 3.6 0.8
v -7 3.7 0.8
v -7 3.8 0.8
v -7 3.9 0.8
v -7 4 0.8
v -6.9 3.1 0.8
v -6.9 3.2 0.8
v -6.9 3.3 0.8
v -6.9 3.4 0.8
v -6.9 3.5 0.8
v -6.9 3.6 0.8
v -6.9 3.7 0.8
v -6.9 3.8 0.8
v -6.9 3.9 0.8
v -6.8 3.2 0.8
v -6.8 3.3 0.8
v -6.8 3.4 0.8
v -6.8 3.5 0.8
v -6.8 3.6 0.8
v -6.8 3.7 0.8
v -6.8 3.8 0.8
v -6.8 3.9 0.8
v -6.8 4 0.8
v -6.7 3.1 0.8
v -6.7 3.2 0.8
v -6.7 3.3 0.8
v -6.7 3.4 0.8
v -6.7 3.5 0.8
v -6.7 3.6 0.8
v -6.7 3.7 0.8
v -6.7 3.8 0.8
v -6.7 3.9 0.8
v -6.7 4 0.8
v -6.6 3.1 0.8
v -6.6 3.2 0.8
v -6.6 3.3 0.8
v -6.6 3.4 0.8
v -6.6 3.5 0.8
v -6.6 3.6 0.8
v -6.6 3.7 0.8
v -6.6 3.8 0.8
v -6.6 3.9 0.8
v -6.5 3.2 0.8
v -6.5 3.3 0.8
v -6.5 3.4 0.8
v -6.5 3.5 0.8
v -6.5 3.6 0.8
v -6.5 3.7 0.8
v -6.5 3.8 0.8
v -6.5 3.9 0.8
v -6.5 4 0.8
v -6.4 3.1 0.8
v -6.4 3.2 0.8
v -6.4 3.3 0.8
v -6.4 3.4 0.8
v -6.4 3.5 0.8
v -6.4 3.6 0.8
v -6.4 3.7 0.8
v -6.4 3.8 0.8
v -6.4 3.9 0.8
v -6.4 4 0.8
v -6.3 3.1 0.8
v -6.3 3.2 0.8
v -6.3 3.3 0.8
v -6.3 3.4 0.8
v -6.3 3.5 0.8
v -6.3 3.6 0.8
v -6.3 3.7 0.8
v -6.3 3.8 0.8
v -6.3 3.9 0.8
v -6.2 3.2 0.8
v -6.2 3.3 0.8
v -6.2 3.4 0.8
v -6.2 3.5 0.8
v -6.2 3.6 0.8
v -6.2 3.7 0.8
v -6.2 3.8 0.8
v -6.2 3.9 0.8
v -6.2 4 0.8
v -6.1 3.1 0.8
v -6.1 3.2 0.8
v -6.1 3.3 0.8
v -6.1 3.4 0.8
v -6.1 3.5 0.8
v -6.1 3.6 0.8
v -6.1 3.7 0.8
v -6.1 3.8 0.8
v -6.1 3.9 0.8
v -6.1 4 0.8
v -6 3.1 0.8
v -6 3.2 0.8
v -6 3.3 0.8
v -6 3.4 0.8
v -6 3.5 0.8
v -6 3.6 0.8
v -6 3.7 0.8
v -6 3.8 0.8
v -6 3.9 0.8
v -5.9 3.2 0.8
v -5.9 3.3 0.8
v -5.9 3.4 0.8
v -5.9 3.5 0.8
v -5.9 3.6 0.8
v -5.9 3.7 0.8
v -5.9 3.8 0.8
v -5.9 3.9 0.8
v -5.9 4 0.8
v -5.8 3.1 0.8
v -5.8 3.2 0.8
v -5.8 3.3 0.8
v -5.8 3.4 0.8
v -5.8 3.5 0.8
v -5.8 3.6 0.8
v -5.8 3.7 0.8
v -5.8 3.8 0.8
v -5.8 3.9 0.8
v -5.8 4 0.8
v -5.7 3.1 0.8
v -5.7 3.2 0.8
v -5.7 3.3 0.8
v -5.7 3.4 0.8
v -5.7 3.5 0.8
v -5.7 3.6 0.8
v -5.7 3.7 0.8
v -5.7 3.8 0.8
v -5.7 3.9 0.8
v -5.6 3.2 0.8
v -5.6 3.3 0.8
v -5.6 3.4 0.8
v -5.6 3.5 0.8
v -5.6 3.6 0.8
v -5.6 3.7 0.8
v -5.6 3.8 0.8
v -5.6 3.9 0.8
v -5.6 4 0.8
v -5.5 3.1 0.8
v -5.5 3.2 0.8
v -5.5 3.3 0.8
v -5.5 3.4 0.8
v -5.5 3.5 0.8
v -5.5 3.6 0.8
v -5.5 3.7 0.8
v -5.5 3.8 0.8
v -5.5 3.9 0.8
v -5.5 4 0.8
v -5.4 3.1 0.8
v -5.4 3.2 0.8
v -5.4 3.3 0.8
v -5.4 3.4 0.8
v -5.4 3.5 0.8
v -5.4 3.6 0.8
v -5.4 3.7 0.8
v -5.4 3.8 0.8
v -5.4 3.9 0.8
v -5.3 3.2 0.8
v -5.3 3.3 0.8
v -5.3 3.4 0.8
v -5.3 3.5 0.8
v -5.3 3.6 0.8
v -5.3 3.7 0.8
v -5.3 3.8 0.8
v -5.3 3.9 0.8
v -5.3 4 0.8
v -5.2 3.1 0.8
v -5.2 3.2 0.8
v -5.2 3.3 0.8
v -5.2 3.4 0.8
v -5.2 3.5 0.8
v -5.2 3.6 0.8
v -5.2 3.7 0.8
v -5.2 3.8 0.8
v -5.2 3.9 0.8
v -5.2 4 0.8
v -5.1 3.1 0.8
v -5.1 3.2 0.8
v -5.1 3.3 0.8
v -5.1 3.4 0.8
v -5.1 3.5 0.8
v -5.1 3.6 0.8
v -5.1 3.7 0.8
v -5.1 3.8 0.8
v -5.1 3.9 0.8
v -5 3.2 0.8
v -5 3.3 0.8
v -5 3.4 0.8
v -5 3.5 0.8
v -5 3.6 0.8
v -5 3.7 0.8
v -5 3.8 0.8
v -5 3.9 0.8
v -5 4 0.8
v -4.9 3.1 0.8
v -4.9 3.2 0.8
v -4.9 3.3 0.8
v -4.9 3.4 0.8
v -4.9 3.5 0.8
v -4.9 3.6 0.8
v -4.9 3.7 0.8
v -4.9 3.8 0.8
v -4.9 3.9 0.8
v -4.9 4 0.8
v -4.8 3.1 0.8
v -4.8 3.2 0.8
v -4.8 3.3 0.8
v -4.8 3.4 0.8
v -4.8 3.5 0.8
v -4.8 3.6 0.8
v -4.8 3.7 0.8
v -4.8 3.8 0.8
v -4.8 3.9 0.8
v -4.7 3.2 0.8
v -4.7 3.3 0.8
v -4.7 3.4 0.8
v -4.7 3.5 0.8
v -4.7 3.6 0.8
v -4.7 3.7 0.8
v -4.7 3.8 0.8
v -4.7 3.9 0.8
v -4.7 4 0.8
v -4.6 3.1 0.8
v -4.6 3.2 0.8
v -4.6 3.3 0.8
v -4.6 3.4 0.8
v -4.6 3.5 0.8
v -4.6 3.6 0.8
v -4.6 3.7 0.8
v -4.6 3.8 0.8
v -4.6 3.9 0.8
v -4.6 4 0.8
v -4.5 3.1 0.8
v -4.5 3.2 0.8
v -4.5 3.3 0.8
v -4.5 3.4 0.8
v -4.5 3.5 0.8
v -4.5 3.6 0.8
v -4.5 3.7 0.8
v -4.5 3.8 0.8
v -4.5 3.9 0.8
v -4.4 3.2 0.8
v -4.4 3.3 0.8
v -4.4 3.4 0.8
v -4.4 3.5 0.8
v -4.4 3.6 0.8
v -4.4 3.7 0.8
v -4.4 3.8 0.8
v -4.4 3.9 0.8
v -4.4 4 0.8
v -4.3 3.1 0.8
v -4.3 3.2 0.8
v -4.3 3.3 0.8
v -4.3 3.4 0.8
v -4.3 3.5 0.8
v -4.3 3.6 0.8
v -4.3 3.7 0.8
v -4.3 3.8 0.8
v -4.3 3.9 0.8
v -4.3 4 0.8
v -4.3 16.1 0.8
v -4.3 16.2 0.8
v -4.2 3.1 0.8
v -4.2 3.2 0.8
v -4.2 3.3 0.8
v -4.2 3.4 0.8
v -4.2 3.5 0.8
v -4.2 3.6 0.8
v -4.2 3.7 0.8
v -4.2 3.8 0.8
v -4.2 3.9 0.8
v -4.2 16 0.8
v -4.2 16.1 0.8
v -4.1 3.2 0.8
v -4.1 3.3 0.8
v -4.1 3.4 0.8
v -4.1 3.5 0.8
v -4.1 3.6 0.8
v -4.1 3.7 0.8
v -4.1 3.8 0.8
v -4.1 3.9 0.8
v -4.1 4 0.8
v -4 3.1 0.8
v -4 3.2 0.8
v -4 3.3 0.8
v -4 3.4 0.8
v -4 3.5 0.8
v -4 3.6 0.8
v -4 3.7 0.8
v -4 3.8 0.8
v -4 3.9 0.8
v -4 4 0.8
v -3.9 3.1 0.8
v -3.9 3.2 0.8
v -3.9 3.3 0.8
v -3.9 3.4 0.8
v -3.9 3.5 0.8
v -3.9 3.6 0.8
v -3.9 3.7 0.8
v -3.9 3.8 0.8
v -3.9 3.9 0.8
v -3.8 3.2 0.8
v -3.8 3.3 0.8
v -3.8 3.4 0.8
v -3.8 3.5 0.8
v -3.8 3.6 0.8
v -3.8 3.7 0.8
v -3.8 3.8 0.8
v -3.8 3.9 0.8
v -3.8 4 0.8
v -3.7 3.1 0.8
v -3.7 3.2 0.8
v -3.7 3.3 0.8
v -3.7 3.4 0.8
v -3.7 3.5 0.8
v -3.7 3.6 0.8
v -3.7 3.7 0.8
v -3.7 3.8 0.8
v -3.7 3.9 0.8
v -3.7 4 0.8
v -3.6 3.1 0.8
v -3.6 3.2 0.8
v -3.6 3.3 0.8
v -3.6 3.4 0.8
v -3.6 3.5 0.8
v -3.6 3.6 0.8
v -3.6 3.7 0.8
v -3.6 3.8 0.8
v -3.6 3.9 0.8
v -3.5 3.2 0.8
v -3.5 3.3 0.8
v -3.5 3.4 0.8
v -3.5 3.5 0.8
v -3.5 3.6 0.8
v -3.5 3.7 0.8
v -3.5 3.8 0.8
v -3.5 3.9 0.8
v -3.5 4 0.8
v -3.4 3.1 0.8
v -3.4 3.2 0.8
v -3.4 3.3 0.8
v -3.4 3.4 0.8
v -3.4 3.5 0.8
v -3.4 3.6 0.8
v -3.4 3.7 0.8
v -3.4 3.8 0.8
v -3.4 3.9 0.8
v -3.4 4 0.8
v -3.3 3.1 0.8
v -3.3 3.2 0.8
v -3.3 3.3 0.8
v -3.3 3.4 0.8
v -3.3 3.5 0.8
v -3.3 3.6 0.8
v -3.3 3.7 0.8
v -3.3 3.8 0.8
v -3.3 3.9 0.8
v -3.2 3.2 0.8
v -3.2 3.3 0.8
v -3.2 3.4 0.8
v -3.2 3.5 0.8
v -3.2 3.6 0.8
v -3.2 3.7 0.8
v -3.2 3.8 0.8
v -3.2 3.9 0.8
v -3.2 4 0.8
v -3.1 3.1 0.8
v -3.1 3.2 0.8
v -3.1 3.3 0.8
v -3.1 3.4 0.8
v -3.1 3.5 0.8
v -3.1 3.6 0.8
v -3.1 3.7 0.8
v -3.1 3.8 0.8
v -3.1 3.9 0.8
v -3.1 4 0.8
v -3 3.1 0.8
v -3 3.2 0.8
v -3 3.3 0.8
v -3 3.4 0.8
v -3 3.5 0.8
v -3 3.6 0.8
v -3 3.7 0.8
v -3 3.8 0.8
v -3 3.9 0.8
v -2.9 3.2 0.8
v -2.9 3.3 0.8
v -2.9 3.4 0.8
v -2.9 3.5 0.8
v -2.9 3.6 0.8
v -2.9 3.7 0.8
v -2.9 3.8 0.8
v -2.9 3.9 0.8
v -2.9 4 0.8
v -2.8 3.1 0.8
v -2.8 3.2 0.8
v -2.8 3.3 0.8
v -2.8 3.4 0.8
v -2.8 3.5 0.8
v -2.8 3.6 0.8
v -2.8 3.7 0.8
v -2.8 3.8 0.8
v -2.8 3.9 0.8
v -2.8 4 0.8
v -2.7 3.1 0.8
v -2.7 3.2 0.8
v -2.7 3.3 0.8
v -2.7 3.4 0.8
v -2.7 3.5 0.8
v -2.7 3.6 0.8
v -2.7 3.7 0.8
v -2.7 3.8 0.8
v -2.7 3.9 0.8
v -2.6 3.2 0.8
v -2.6 3.3 0.8
v -2.6 3.4 0.8
v -2.6 3.5 0.8
v -2.6 3.6 0.8
v -2.6 3.7 0.8
v -2.6 3.8 0.8
v -2.6 3.9 0.8
v -2.6 4 0.8
v -2.5 3.1 0.8
v -2.5 3.2 0.8
v -2.5 3.3 0.8
v -2.5 3.4 0.8
v -2.5 3.5 0.8
v -2.5 3.6 0.8
v -2.5 3.7 0.8
v -2.5 3.8 0.8
v -2.5 3.9 0.8
v -2.5 4 0.8
v -2.4 3.1 0.8
v -2.4 3.2 0.8
v -2.4 3.3 0.8
v -2.4 3.4 0.8
v -2.4 3.5 0.8
v -2.4 3.6 0.8
v -2.4 3.7 0.8
v -2.4 3.8 0.8
v -2.4 3.9 0.8
v -2.3 3.2 0.8
v -2.3 3.3 0.8
v -2.3 3.4 0.8
v -2.3 3.5 0.8
v -2.3 3.6 0.8
v -2.3 3.7 0.8
v -2.3 3.8 0.8
v -2.3 3.9 0.8
v -2.3 4 0.8
v -2.2 3.1 0.8
v -2.2 3.2 0.8
v -2.2 3.3 0.8
v -2.2 3.4 0.8
v -2.2 3.5 0.8
v -2.2 3.6 0.8
v -2.2 3.7 0.8
v -2.2 3.8 0.8
v -2.2 3.9 0.8
v -2.2 4 0.8
v -2.1 3.1 0.8
v -2.1 3.2 0.8
v -2.1 3.3 0.8
v -2.1 3.4 0.8
v -2.1 3.5 0.8
v -2.1 3.6 0.8
v -2.1 3.7 0.8
v -2.1 3.8 0.8
v -2.1 3.9 0.8
v -2 3.2 0.8
v -2 3.3 0.8
v -2 3.4 0.8
v -2 3.5 0.8
v -2 3.6 0.8
v -2 3.7 0.8
v -2 3.8 0.8
v -2 3.9 0.8
v -2 4 0.8
v -1.9 3.1 0.8
v -1.9 3.2 0.8
v -1.9 3.3 0.8
v -1.9 3.4 0.8
v -1.9 3.5 0.8
v -1.9 3.6 0.8
v -1.9 3.7 0.8
v -1.9 3.8 0.8
v -1.9 3.9 0.8
v -1.9 4 0.8
v -1.8 3.1 0.8
v -1.8 3.2 0.8
v -1.8 3.3 0.8
v -1.8 3.4 0.8
v -1.8 3.5 0.8
v -1.8 3.6 0.8
v -1.8 3.7 0.8
v -1.8 3.8 0.8
v -1.8 3.9 0.8
v -1.7 3.2 0.8
v -1.7 3.3 0.8
v -1.7 3.4 0.8
v -1.7 3.5 0.8
v -1.7 3.6 0.8
v -1.7 3.7 0.8
v -1.7 3.8 0.8
v -1.7 3.9 0.8
v -1.7 4 0.8
v -1.6 3.1 0.8
v -1.6 3.2 0.8
v -1.6 3.3 0.8
v -1.6 3.4 0.8
v -1.6 3.5 0.8
v -1.6 3.6 0.8
v -1.6 3.7 0.8
v -1.6 3.8 0.8
v -1.6 3.9 0.8
v -1.6 4 0.8
v -1.5 3.1 0.8
v -1.5 3.2 0.8
v -1.5 3.3 0.8
v -1.5 3.4 0.8
v -1.5 3.5 0.8
v -1.5 3.6 0.8
v -1.5 3.7 0.8
v -1.5 3.8 0.8
v -1.5 3.9 0.8
v -1.4 3.2 0.8
v -1.4 3.3 0.8
v -1.4 3.4 0.8
v -1.4 3.5 0.8
v -1.4 3.6 0.8
v -1.4 3.7 0.8
v -1.4 3.8 0.8
v -1.4 3.9 0.8
v -1.4 4 0.8
v -1.3 3.1 0.8
v -1.3 3.2 0.8
v -1.3 3.3 0.8
v -1.3 3.4 0.8
v -1.3 3.5 0.8
v -1.3 3.6 0.8
v -1.3 3.7 0.8
v -1.3 3.8 0.8
v -1.3 3.9 0.8
v -1.3 4 0.8
v -1.2 3.1 0.8
v -1.2 3.2 0.8
v -1.2 3.3 0.8
v -1.2 3.4 0.8
v -1.2 3.5 0.8
v -1.2 3.6 0.8
v -1.2 3.7 0.8
v -1.2 3.8 0.8
v -1.2 3.9 0.8
v -1.1 3.2 0.8
v -1.1 3.3 0.8
v -1.1 3.4 0.8
v -1.1 3.5 0.8
v -1.1 3.6 0.8
v -1.1 3.7 0.8
v -1.1 3.8 0.8
v -1.1 3.9 0.8
v -1.1 4 0.8
v -1.1 9.1 0.8
v -1.1 9.5 0.8
v -1 3.1 0.8
v -1 3.2 0.8
v -1 3.3 0.8
v -1 3.4 0.8
v -1 3.5 0.8
v -1 3.6 0.8
v -1 3.7 0.8
v -1 3.8 0.8
v -1 3.9 0.8
v -1 4 0.8
v -0.900001 3.1 0.8
v -0.900001 3.2 0.8
v -0.900001 3.3 0.8
v -0.900001 3.4 0.8
v -0.900001 3.5 0.8
v -0.900001 3.6 0.8
v -0.900001 3.7 0.8
v -0.900001 3.8 0.8
v -0.900001 3.9 0.8
v -0.900001 9.1 0.8
v -0.900001 9.5 0.8
v -0.900001 21.2 0.8
v -0.900001 21.5 0.8
v -0.8 3.2 0.8
v -0.8 3.3 0.8
v -0.8 3.4 0.8
v -0.8 3.5 0.8
v -0.8 3.6 0.8
v -0.8 3.7 0.8
v -0.8 3.8 0.8
v -0.8 3.9 0.8
v -0.8 4 0.8
v -0.8 12.4 0.8
v -0.8 12.8 0.8
v -0.8 15.5 0.8
v -0.8 15.9 0.8
v -0.8 21.5 0.8
v -0.8 21.7 0.8
v -0.8 24.9 0.8
v -0.8 25.1 0.8
v -0.700001 3.1 0.8
v -0.700001 3.2 0.8
v -0.700001 3.3 0.8
v -0.700001 3.4 0.8
v -0.700001 3.5 0.8
v -0.700001 3.6 0.8
v -0.700001 3.7 0.8
v -0.700001 3.8 0.8
v -0.700001 3.9 0.8
v -0.700001 4 0.8
v -0.700001 12.3 0.8
v -0.700001 12.4 0.8
v -0.700001 12.8 0.8
v -0.700001 13 0.8
v -0.700001 15.5 0.8
v -0.700001 15.6 0.8
v -0.700001 21.2 0.8
v -0.700001 21.4 0.8
v -0.700001 21.6 0.8
v -0.700001 21.7 0.8
v -0.700001 25.1 0.8
v -0.700001 25.3 0.8
v -0.6 3.1 0.8
v -0.6 3.2 0.8
v -0.6 3.3 0.8
v -0.6 3.4 0.8
v -0.6 3.5 0.8
v -0.6 3.6 0.8
v -0.6 3.7 0.8
v -0.6 3.8 0.8
v -0.6 3.9 0.8
v -0.6 12.3 0.8
v -0.6 13 0.8
v -0.6 15.6 0.8
v -0.6 15.9 0.8
v -0.6 21.4 0.8
v -0.6 21.6 0.8
v -0.6 24.9 0.8
v -0.6 25.3 0.8
v -0.5 3.2 0.8
v -0.5 3.3 0.8
v -0.5 3.4 0.8
v -0.5 3.5 0.8
v -0.5 3.6 0.8
v -0.5 3.7 0.8
v -0.5 3.8 0.8
v -0.5 3.9 0.8
v -0.5 4 0.8
v -0.5 8.7 0.8
v -0.5 9.9 0.8
v -0.400001 3.1 0.8
v -0.400001 3.2 0.8
v -0.400001 3.3 0.8
v -0.400001 3.4 0.8
v -0.400001 3.5 0.8
v -0.400001 3.6 0.8
v -0.400001 3.7 0.8
v -0.400001 3.8 0.8
v -0.400001 3.9 0.8
v -0.400001 4 0.8
v -0.400001 8.7 0.8
v -0.400001 8.8 0.8
v -0.400001 8.9 0.8
v -0.400001 9.9 0.8
v -0.400001 13.5 0.8
v -0.3 3.1 0.8
v -0.3 3.2 0.8
v -0.3 3.3 0.8
v -0.3 3.4 0.8
v -0.3 3.5 0.8
v -0.3 3.6 0.8
v -0.3 3.7 0.8
v -0.3 3.8 0.8
v -0.3 3.9 0.8
v -0.3 8.8 0.8
v -0.3 8.9 0.8
v -0.3 9.9 0.8
v -0.3 13.4 0.8
v -0.3 13.5 0.8
v -0.3 16.1 0.8
v -0.3 16.2 0.8
v -0.3 16.4 0.8
v -0.200001 3.2 0.8
v -0.200001 3.3 0.8
v -0.200001 3.4 0.8
v -0.200001 3.5 0.8
v -0.200001 3.6 0.8
v -0.200001 3.7 0.8
v -0.200001 3.8 0.8
v -0.200001 3.9 0.8
v -0.200001 4 0.8
v -0.200001 13.4 0.8
v -0.200001 16.4 0.8
v -0.200001 17.4 0.8
v -0.200001 19.5 0.8
v -0.200001 21 0.8
v -0.1 3.1 0.8
v -0.1 3.2 0.8
v -0.1 3.3 0.8
v -0.1 3.4 0.8
v -0.1 3.5 0.8
v -0.1 3.6 0.8
v -0.1 3.7 0.8
v -0.1 3.8 0.8
v -0.1 3.9 0.8
v -0.1 4 0.8
v -0.1 16.4 0.8
v -0.1 17.3 0.8
v -0.1 17.4 0.8
v -0.1 19.5 0.8
v -0.1 19.6 0.8
v -0.1 19.7 0.8
v -0.1 20.9 0.8
v -0.1 21 0.8
v -0.1 22.6 0.8
v 0 3.1 0.8
v 0 3.2 0.8
v 0 3.3 0.8
v 0 3.4 0.8
v 0 3.5 0.8
v 0 3.6 0.8
v 0 3.7 0.8
v 0 3.8 0.8
v 0 3.9 0.8
v 0 8.9 0.8
v 0 9.2 0.8
v 0 17.3 0.8
v 0 19.5 0.8
v 0 20.9 0.8
v 0 22.6 0.8
v 0 23.1 0.8
v 0 24.7 0.8
v 0 25.6 0.8
v 0.0999994 3.2 0.8
v 0.0999994 3.3 0.8
v 0.0999994 3.4 0.8
v 0.0999994 3.5 0.8
v 0.0999994 3.6 0.8
v 0.0999994 3.7 0.8
v 0.0999994 3.8 0.8
v 0.0999994 3.9 0.8
v 0.0999994 4 0.8
v 0.0999994 9.2 0.8
v 0.0999994 9.3 0.8
v 0.0999994 19.5 0.8
v 0.0999994 19.6 0.8
v 0.0999994 22.6 0.8
v 0.0999994 23 0.8
v 0.0999994 23.1 0.8
v 0.0999994 24.7 0.8
v 0.0999994 24.8 0.8
v 0.0999994 25.6 0.8
v 0.2 3.1 0.8
v 0.2 3.2 0.8
v 0.2 3.3 0.8
v 0.2 3.4 0.8
v 0.2 3.5 0.8
v 0.2 3.6 0.8
v 0.2 3.7 0.8
v 0.2 3.8 0.8
v 0.2 3.9 0.8
v 0.2 4 0.8
v 0.2 8.9 0.8
v 0.2 9 0.8
v 0.2 19.6 0.8
v 0.2 19.7 0.8
v 0.2 23 0.8
v 0.2 24.8 0.8
v 0.299999 3.1 0.8
v 0.299999 3.2 0.8
v 0.299999 3.3 0.8
v 0.299999 3.4 0.8
v 0.299999 3.5 0.8
v 0.299999 3.6 0.8
v 0.299999 3.7 0.8
v 0.299999 3.8 0.8
v 0.299999 3.9 0.8
v 0.299999 9 0.8
v 0.299999 9.1 0.8
v 0.4 3.2 0.8
v 0.4 3.3 0.8
v 0.4 3.4 0.8
v 0.4 3.5 0.8
v 0.4 3.6 0.8
v 0.4 3.7 0.8
v 0.4 3.8 0.8
v 0.4 3.9 0.8
v 0.4 4 0.8
v 0.4 9.1 0.8
v 0.4 9.3 0.8
v 0.5 3.1 0.8
v 0.5 3.2 0.8
v 0.5 3.3 0.8
v 0.5 3.4 0.8
v 0.5 3.5 0.8
v 0.5 3.6 0.8
v 0.5 3.7 0.8
v 0.5 3.8 0.8
v 0.5 3.9 0.8
v 0.5 4 0.8
v 0.599999 3.1 0.8
v 0.599999 3.2 0.8
v 0.599999 3.3 0.8
v 0.599999 3.4 0.8
v 0.599999 3.5 0.8
v 0.599999 3.6 0.8
v 0.599999 3.7 0.8
v 0.599999 3.8 0.8
v 0.599999 3.9 0.8
v 0.7 3.2 0.8
v 0.7 3.3 0.8
v 0.7 3.4 0.8
v 0.7 3.5 0.8
v 0.7 3.6 0.8
v 0.7 3.7 0.8
v 0.7 3.8 0.8
v 0.7 3.9 0.8
v 0.7 4 0.8
v 0.7 18.7 0.8
v 0.7 18.9 0.8
v 0.7 25.1 0.8
v 0.7 25.4 0.8
v 0.799999 3.1 0.8
v 0.799999 3.2 0.8
v 0.799999 3.3 0.8
v 0.799999 3.4 0.8
v 0.799999 3.5 0.8
v 0.799999 3.6 0.8
v 0.799999 3.7 0.8
v 0.799999 3.8 0.8
v 0.799999 3.9 0.8
v 0.799999 4 0.8
v 0.9 3.1 0.8
v 0.9 3.2 0.8
v 0.9 3.3 0.8
v 0.9 3.4 0.8
v 0.9 3.5 0.8
v 0.9 3.6 0.8
v 0.9 3.7 0.8
v 0.9 3.8 0.8
v 0.9 3.9 0.8
v 0.9 25.3 0.8
v 0.9 25.4 0.8
v 1 3.2 0.8
v 1 3.3 0.8
v 1 3.4 0.8
v 1 3.5 0.8
v 1 3.6 0.8
v 1 3.7 0.8
v 1 3.8 0.8
v 1 3.9 0.8
v 1 4 0.8
v 1 18.7 0.8
v 1 18.9 0.8
v 1 25.1 0.8
v 1 25.3 0.8
v 1.1 3.1 0.8
v 1.1 3.2 0.8
v 1.1 3.3 0.8
v 1.1 3.4 0.8
v 1.1 3.5 0.8
v 1.1 3.6 0.8
v 1.1 3.7 0.8
v 1.1 3.8 0.8
v 1.1 3.9 0.8
v 1.1 4 0.8
v 1.1 19.4 0.8
v 1.1 19.5 0.8
v 1.1 19.6 0.8
v 1.2 3.1 0.8
v 1.2 3.2 0.8
v 1.2 3.3 0.8
v 1.2 3.4 0.8
v 1.2 3.5 0.8
v 1.2 3.6 0.8
v 1.2 3.7 0.8
v 1.2 3.8 0.8
v 1.2 3.9 0.8
v 1.3 3.2 0.8
v 1.3 3.3 0.8
v 1.3 3.4 0.8
v 1.3 3.5 0.8
v 1.3 3.6 0.8
v 1.3 3.7 0.8
v 1.3 3.8 0.8
v 1.3 3.9 0.8
v 1.3 4 0.8
v 1.4 3.1 0.8
v 1.4 3.2 0.8
v 1.4 3.3 0.8
v 1.4 3.4 0.8
v 1.4 3.5 0.8
v 1.4 3.6 0.8
v 1.4 3.7 0.8
v 1.4 3.8 0.8
v 1.4 3.9 0.8
v 1.4 4 0.8
v 1.5 3.1 0.8
v 1.5 3.2 0.8
v 1.5 3.3 0.8
v 1.5 3.4 0.8
v 1.5 3.5 0.8
v 1.5 3.6 0.8
v 1.5 3.7 0.8
v 1.5 3.8 0.8
v 1.5 3.9 0.8
v 1.6 3.2 0.8
v 1.6 3.3 0.8
v 1.6 3.4 0.8
v 1.6 3.5 0.8
v 1.6 3.6 0.8
v 1.6 3.7 0.8
v 1.6 3.8 0.8
v 1.6 3.9 0.8
v 1.6 4 0.8
v 1.7 3.1 0.8
v 1.7 3.2 0.8
v 1.7 3.3 0.8
v 1.7 3.4 0.8
v 1.7 3.5 0.8
v 1.7 3.6 0.8
v 1.7 3.7 0.8
v 1.7 3.8 0.8
v 1.7 3.9 0.8
v 1.7 4 0.8
v 1.8 3.1 0.8
v 1.8 3.2 0.8
v 1.8 3.3 0.8
v 1.8 3.4 0.8
v 1.8 3.5 0.8
v 1.8 3.6 0.8
v 1.8 3.7 0.8
v 1.8 3.8 0.8
v 1.8 3.9 0.8
v 1.9 3.2 0.8
v 1.9 3.3 0.8
v 1.9 3.4 0.8
v 1.9 3.5 0.8
v 1.9 3.6 0.8
v 1.9 3.7 0.8
v 1.9 3.8 0.8
v 1.9 3.9 0.8
v 1.9 4 0.8
v 2 3.1 0.8
v 2 3.2 0.8
v 2 3.3 0.8
v 2 3.4 0.8
v 2 3.5 0.8
v 2 3.6 0.8
v 2 3.7 0.8
v 2 3.8 0.8
v 2 3.9 0.8
v 2 4 0.8
v 2.1 3.1 0.8
v 2.1 3.2 0.8
v 2.1 3.3 0.8
v 2.1 3.4 0.8
v 2.1 3.5 0.8
v 2.1 3.6 0.8
v 2.1 3.7 0.8
v 2.1 3.8 0.8
v 2.1 3.9 0.8
v 2.2 3.2 0.8
v 2.2 3.3 0.8
v 2.2 3.4 0.8
v 2.2 3.5 0.8
v 2.2 3.6 0.8
v 2.2 3.7 0.8
v 2.2 3.8 0.8
v 2.2 3.9 0.8
v 2.2 4 0.8
v 2.3 3.1 0.8
v 2.3 3.2 0.8
v 2.3 3.3 0.8
v 2.3 3.4 0.8
v 2.3 3.5 0.8
v 2.3 3.6 0.8
v 2.3 3.7 0.8
v 2.3 3.8 0.8
v 2.3 3.9 0.8
v 2.3 4 0.8
v 2.4 3.1 0.8
v 2.4 3.2 0.8
v 2.4 3.3 0.8
v 2.4 3.4 0.8
v 2.4 3.5 0.8
v 2.4 3.6 0.8
v 2.4 3.7 0.8
v 2.4 3.8 0.8
v 2.4 3.9 0.8
v 2.5 3.2 0.8
v 2.5 3.3 0.8
v 2.5 3.4 0.8
v 2.5 3.5 0.8
v 2.5 3.6 0.8
v 2.5 3.7 0.8
v 2.5 3.8 0.8
v 2.5 3.9 0.8
v 2.5 4 0.8
v 2.6 3.1 0.8
v 2.6 3.2 0.8
v 2.6 3.3 0.8
v 2.6 3.4 0.8
v 2.6 3.5 0.8
v 2.6 3.6 0.8
v 2.6 3.7 0.8
v 2.6 3.8 0.8
v 2.6 3.9 0.8
v 2.6 4 0.8
v 2.6 19.5 0.8
v 2.6 19.6 0.8
v 2.7 3.1 0.8
v 2.7 3.2 0.8
v 2.7 3.3 0.8
v 2.7 3.4 0.8
v 2.7 3.5 0.8
v 2.7 3.6 0.8
v 2.7 3.7 0.8
v 2.7 3.8 0.8
v 2.7 3.9 0.8
v 2.7 19.5 0.8
v 2.7 19.6 0.8
v 2.8 3.2 0.8
v 2.8 3.3 0.8
v 2.8 3.4 0.8
v 2.8 3.5 0.8
v 2.8 3.6 0.8
v 2.8 3.7 0.8
v 2.8 3.8 0.8
v 2.8 3.9 0.8
v 2.8 4 0.8
v 2.9 3.1 0.8
v 2.9 3.2 0.8
v 2.9 3.3 0.8
v 2.9 3.4 0.8
v 2.9 3.5 0.8
v 2.9 3.6 0.8
v 2.9 3.7 0.8
v 2.9 3.8 0.8
v 2.9 3.9 0.8
v 2.9 4 0.8
v 3 3.1 0.8
v 3 3.2 0.8
v 3 3.3 0.8
v 3 3.4 0.8
v 3 3.5 0.8
v 3 3.6 0.8
v 3 3.7 0.8
v 3 3.8 0.8
v 3 3.9 0.8
v 3.1 3.2 0.8
v 3.1 3.3 0.8
v 3.1 3.4 0.8
v 3.1 3.5 0.8
v 3.1 3.6 0.8
v 3.1 3.7 0.8
v 3.1 3.8 0.8
v 3.1 3.9 0.8
v 3.1 4 0.8
v 3.2 3.1 0.8
v 3.2 3.2 0.8
v 3.2 3.3 0.8
v 3.2 3.4 0.8
v 3.2 3.5 0.8
v 3.2 3.6 0.8
v 3.2 3.7 0.8
v 3.2 3.8 0.8
v 3.2 3.9 0.8
v 3.2 4 0.8
v 3.3 3.1 0.8
v 3.3 3.2 0.8
v 3.3 3.3 0.8
v 3.3 3.4 0.8
v 3.3 3.5 0.8
v 3.3 3.6 0.8
v 3.3 3.7 0.8
v 3.3 3.8 0.8
v 3.3 3.9 0.8
v 3.4 3.2 0.8
v 3.4 3.3 0.8
v 3.4 3.4 0.8
v 3.4 3.5 0.8
v 3.4 3.6 0.8
v 3.4 3.7 0.8
v 3.4 3.8 0.8
v 3.4 3.9 0.8
v 3.4 4 0.8
v 3.5 3.1 0.8
v 3.5 3.2 0.8
v 3.5 3.3 0.8
v 3.5 3.4 0.8
v 3.5 3.5 0.8
v 3.5 3.6 0.8
v 3.5 3.7 0.8
v 3.5 3.8 0.8
v 3.5 3.9 0.8
v 3.5 4 0.8
v 3.6 3.1 0.8
v 3.6 3.2 0.8
v 3.6 3.3 0.8
v 3.6 3.4 0.8
v 3.6 3.5 0.8
v 3.6 3.6 0.8
v 3.6 3.7 0.8
v 3.6 3.8 0.8
v 3.6 3.9 0.8
v 3.7 3.2 0.8
v 3.7 3.3 0.8
v 3.7 3.4 0.8
v 3.7 3.5 0.8
v 3.7 3.6 0.8
v 3.7 3.7 0.8
v 3.7 3.8 0.8
v 3.7 3.9 0.8
v 3.7 4 0.8
v 3.8 3.1 0.8
v 3.8 3.2 0.8
v 3.8 3.3 0.8
v 3.8 3.4 0.8
v 3.8 3.5 0.8
v 3.8 3.6 0.8
v 3.8 3.7 0.8
v 3.8 3.8 0.8
v 3.8 3.9 0.8
v 3.8 4 0.8
v 3.9 3.1 0.8
v 3.9 3.2 0.8
v 3.9 3.3 0.8
v 3.9 3.4 0.8
v 3.9 3.5 0.8
v 3.9 3.6 0.8
v 3.9 3.7 0.8
v 3.9 3.8 0.8
v 3.9 3.9 0.8
v 4 3.2 0.8
v 4 3.3 0.8
v 4 3.4 0.8
v 4 3.5 0.8
v 4 3.6 0.8
v 4 3.7 0.8
v 4 3.8 0.8
v 4 3.9 0.8
v 4 4 0.8
v 4.1 3.1 0.8
v 4.1 3.2 0.8
v 4.1 3.3 0.8
v 4.1 3.4 0.8
v 4.1 3.5 0.8
v 4.1 3.6 0.8
v 4.1 3.7 0.8
v 4.1 3.8 0.8
v 4.1 3.9 0.8
v 4.1 4 0.8
v 4.2 3.1 0.8
v 4.2 3.2 0.8
v 4.2 3.3 0.8
v 4.2 3.4 0.8
v 4.2 3.5 0.8
v 4.2 3.6 0.8
v 4.2 3.7 0.8
v 4.2 3.8 0.8
v 4.2 3.9 0.8
v 4.3 3.2 0.8
v 4.3 3.3 0.8
v 4.3 3.4 0.8
v 4.3 3.5 0.8
v 4.3 3.6 0.8
v 4.3 3.7 0.8
v 4.3 3.8 0.8
v 4.3 3.9 0.8
v 4.3 4 0.8
v 4.4 3.1 0.8
v 4.4 3.2 0.8
v 4.4 3.3 0.8
v 4.4 3.4 0.8
v 4.4 3.5 0.8
v 4.4 3.6 0.8
v 4.4 3.7 0.8
v 4.4 3.8 0.8
v 4.4 3.9 0.8
v 4.4 4 0.8
v 4.5 3.1 0.8
v 4.5 3.2 0.8
v 4.5 3.3 0.8
v 4.5 3.4 0.8
v 4.5 3.5 0.8
v 4.5 3.6 0.8
v 4.5 3.7 0.8
v 4.5 3.8 0.8
v 4.5 3.9 0.8
v 4.6 3.2 0.8
v 4.6 3.3 0.8
v 4.6 3.4 0.8
v 4.6 3.5 0.8
v 4.6 3.6 0.8
v 4.6 3.7 0.8
v 4.6 3.8 0.8
v 4.6 3.9 0.8
v 4.6 4 0.8
v 4.7 3.1 0.8
v 4.7 3.2 0.8
v 4.7 3.3 0.8
v 4.7 3.4 0.8
v 4.7 3.5 0.8
v 4.7 3.6 0.8
v 4.7 3.7 0.8
v 4.7 3.8 0.8
v 4.7 3.9 0.8
v 4.7 4 0.8
v 4.8 3.1 0.8
v 4.8 3.2 0.8
v 4.8 3.3 0.8
v 4.8 3.4 0.8
v 4.8 3.5 0.8
v 4.8 3.6 0.8
v 4.8 3.7 0.8
v 4.8 3.8 0.8
v 4.8 3.9 0.8
v 4.9 3.2 0.8
v 4.9 3.3 0.8
v 4.9 3.4 0.8
v 4.9 3.5 0.8
v 4.9 3.6 0.8
v 4.9 3.7 0.8
v 4.9 3.8 0.8
v 4.9 3.9 0.8
v 4.9 4 0.8
v 5 3.1 0.8
v 5 3.2 0.8
v 5 3.3 0.8
v 5 3.4 0.8
v 5 3.5 0.8
v 5 3.6 0.8
v 5 3.7 0.8
v 5 3.8 0.8
v 5 3.9 0.8
v 5 4 0.8
v 5.1 3.1 0.8
v 5.1 3.2 0.8
v 5.1 3.3 0.8
v 5.1 3.4 0.8
v 5.1 3.5 0.8
v 5.1 3.6 0.8
v 5.1 3.7 0.8
v 5.1 3.8 0.8
v 5.1 3.9 0.8
v 5.2 3.2 0.8
v 5.2 3.3 0.8
v 5.2 3.4 0.8
v 5.2 3.5 0.8
v 5.2 3.6 0.8
v 5.2 3.7 0.8
v 5.2 3.8 0.8
v 5.2 3.9 0.8
v 5.2 4 0.8
v 5.3 3.1 0.8
v 5.3 3.2 0.8
v 5.3 3.3 0.8
v 5.3 3.4 0.8
v 5.3 3.5 0.8
v 5.3 3.6 0.8
v 5.3 3.7 0.8
v 5.3 3.8 0.8
v 5.3 3.9 0.8
v 5.3 4 0.8
v 5.4 3.1 0.8
v 5.4 3.2 0.8
v 5.4 3.3 0.8
v 5.4 3.4 0.8
v 5.4 3.5 0.8
v 5.4 3.6 0.8
v 5.4 3.7 0.8
v 5.4 3.8 0.8
v 5.4 3.9 0.8
v 5.5 3.2 0.8
v 5.5 3.3 0.8
v 5.5 3.4 0.8
v 5.5 3.5 0.8
v 5.5 3.6 0.8
v 5.5 3.7 0.8
v 5.5 3.8 0.8
v 5.5 3.9 0.8
v 5.5 4 0.8
v 5.6 3.1 0.8
v 5.6 3.2 0.8
v 5.6 3.3 0.8
v 5.6 3.4 0.8
v 5.6 3.5 0.8
v 5.6 3.6 0.8
v 5.6 3.7 0.8
v 5.6 3.8 0.8
v 5.6 3.9 0.8
v 5.6 4 0.8
v 5.7 3.1 0.8
v 5.7 3.2 0.8
v 5.7 3.3 0.8
v 5.7 3.4 0.8
v 5.7 3.5 0.8
v 5.7 3.6 0.8
v 5.7 3.7 0.8
v 5.7 3.8 0.8
v 5.7 3.9 0.8
v 5.8 3.2 0.8
v 5.8 3.3 0.8
v 5.8 3.4 0.8
v 5.8 3.5 0.8
v 5.8 3.6 0.8
v 5.8 3.7 0.8
v 5.8 3.8 0.8
v 5.8 3.9 0.8
v 5.8 4 0.8
v 5.9 3.1 0.8
v 5.9 3.2 0.8
v 5.9 3.3 0.8
v 5.9 3.4 0.8
v 5.9 3.5 0.8
v 5.9 3.6 0.8
v 5.9 3.7 0.8
v 5.9 3.8 0.8
v 5.9 3.9 0.8
v 5.9 4 0.8
v 6 3.1 0.8
v 6 3.2 0.8
v 6 3.3 0.8
v 6 3.4 0.8
v 6 3.5 0.8
v 6 3.6 0.8
v 6 3.7 0.8
v 6 3.8 0.8
v 6 3.9 0.8
v 6.1 3.2 0.8
v 6.1 3.3 0.8
v 6.1 3.4 0.8
v 6.1 3.5 0.8
v 6.1 3.6 0.8
v 6.1 3.7 0.8
v 6.1 3.8 0.8
v 6.1 3.9 0.8
v 6.1 4 0.8
v 6.2 3.1 0.8
v 6.2 3.2 0.8
v 6.2 3.3 0.8
v 6.2 3.4 0.8
v 6.2 3.5 0.8
v 6.2 3.6 0.8
v 6.2 3.7 0.8
v 6.2 3.8 0.8
v 6.2 3.9 0.8
v 6.2 4 0.8
v 6.3 3.1 0.8
v 6.3 3.2 0.8
v 6.3 3.3 0.8
v 6.3 3.4 0.8
v 6.3 3.5 0.8
v 6.3 3.6 0.8
v 6.3 3.7 0.8
v 6.3 3.8 0.8
v 6.3 3.9 0.8
v 6.4 3.2 0.8
v 6.4 3.3 0.8
v 6.4 3.4 0.8
v 6.4 3.5 0.8
v 6.4 3.6 0.8
v 6.4 3.7 0.8
v 6.4 3.8 0.8
v 6.4 3.9 0.8
v 6.4 4 0.8
v 6.5 3.1 0.8
v 6.5 3.2 0.8
v 6.5 3.3 0.8
v 6.5 3.4 0.8
v 6.5 3.5 0.8
v 6.5 3.6 0.8
v 6.5 3.7 0.8
v 6.5 3.8 0.8
v 6.5 3.9 0.8
v 6.5 4 0.8
v 6.6 3.1 0.8
v 6.6 3.2 0.8
v 6.6 3.3 0.8
v 6.6 3.4 0.8
v 6.6 3.5 0.8
v 6.6 3.6 0.8
v 6.6 3.7 0.8
v 6.6 3.8 0.8
v 6.6 3.9 0.8
v 6.6 19.3 0.8
v 6.6 19.4 0.8
v 6.7 3.2 0.8
v 6.7 3.3 0.8
v 6.7 3.4 0.8
v 6.7 3.5 0.8
v 6.7 3.6 0.8
v 6.7 3.7 0.8
v 6.7 3.8 0.8
v 6.7 3.9 0.8
v 6.7 4 0.8
v 6.8 3.1 0.8
v 6.8 3.2 0.8
v 6.8 3.3 0.8
v 6.8 3.4 0.8
v 6.8 3.5 0.8
v 6.8 3.6 0.8
v 6.8 3.7 0.8
v 6.8 3.8 0.8
v 6.8 3.9 0.8
v 6.8 4 0.8
v 6.8 19.4 0.8
v 6.8 19.5 0.8
v 6.9 3.1 0.8
v 6.9 3.2 0.8
v 6.9 3.3 0.8
v 6.9 3.4 0.8
v 6.9 3.5 0.8
v 6.9 3.6 0.8
v 6.9 3.7 0.8
v 6.9 3.8 0.8
v 6.9 3.9 0.8
v 7 3.2 0.8
v 7 3.3 0.8
v 7 3.4 0.8
v 7 3.5 0.8
v 7 3.6 0.8
v 7 3.7 0.8
v 7 3.8 0.8
v 7 3.9 0.8
v 7 4 0.8
v 7.1 3.1 0.8
v 7.1 3.2 0.8
v 7.1 3.3 0.8
v 7.1 3.4 0.8
v 7.1 3.5 0.8
v 7.1 3.6 0.8
v 7.1 3.7 0.8
v 7.1 3.8 0.8
v 7.1 3.9 0.8
v 7.1 4 0.8
v 7.2 3.1 0.8
v 7.2 3.2 0.8
v 7.2 3.3 0.8
v 7.2 3.4 0.8
v 7.2 3.5 0.8
v 7.2 3.6 0.8
v 7.2 3.7 0.8
v 7.2 3.8 0.8
v 7.2 3.9 0.8
v 7.3 3.2 0.8
v 7.3 3.3 0.8
v 7.3 3.4 0.8
v 7.3 3.5 0.8
v 7.3 3.6 0.8
v 7.3 3.7 0.8
v 7.3 3.8 0.8
v 7.3 3.9 0.8
v 7.3 4 0.8
v 7.4 3.1 0.8
v 7.4 3.2 0.8
v 7.4 3.3 0.8
v 7.4 3.4 0.8
v 7.4 3.5 0.8
v 7.4 3.6 0.8
v 7.4 3.7 0.8
v 7.4 3.8 0.8
v 7.4 3.9 0.8
v 7.4 4 0.8
v 7.4 19.2 0.8
v 7.4 19.3 0.8
v 7.5 3.1 0.8
v 7.5 3.2 0.8
v 7.5 3.3 0.8
v 7.5 3.4 0.8
v 7.5 3.5 0.8
v 7.5 3.6 0.8
v 7.5 3.7 0.8
v 7.5 3.8 0.8
v 7.5 3.9 0.8
v 7.6 3.2 0.8
v 7.6 3.3 0.8
v 7.6 3.4 0.8
v 7.6 3.5 0.8
v 7.6 3.6 0.8
v 7.6 3.7 0.8
v 7.6 3.8 0.8
v 7.6 3.9 0.8
v 7.6 4 0.8
v 7.6 19.2 0.8
v 7.6 19.3 0.8
v 7.7 3.1 0.8
v 7.7 3.2 0.8
v 7.7 3.3 0.8
v 7.7 3.4 0.8
v 7.7 3.5 0.8
v 7.7 3.6 0.8
v 7.7 3.7 0.8
v 7.7 3.8 0.8
v 7.7 3.9 0.8
v 7.7 4 0.8
v 7.8 3.1 0.8
v 7.8 3.2 0.8
v 7.8 3.3 0.8
v 7.8 3.4 0.8
v 7.8 3.5 0.8
v 7.8 3.6 0.8
v 7.8 3.7 0.8
v 7.8 3.8 0.8
v 7.8 3.9 0.8
v 7.9 3.2 0.8
v 7.9 3.3 0.8
v 7.9 3.4 0.8
v 7.9 3.5 0.8
v 7.9 3.6 0.8
v 7.9 3.7 0.8
v 7.9 3.8 0.8
v 7.9 3.9 0.8
v 7.9 4 0.8
v 8 3.1 0.8
v 8 3.2 0.8
v 8 3.3 0.8
v 8 3.4 0.8
v 8 3.5 0.8
v 8 3.6 0.8
v 8 3.7 0.8
v 8 3.8 0.8
v 8 3.9 0.8
v 8 4 0.8
v 8.1 3.1 0.8
v 8.1 3.2 0.8
v 8.1 3.3 0.8
v 8.1 3.4 0.8
v 8.1 3.5 0.8
v 8.1 3.6 0.8
v 8.1 3.7 0.8
v 8.1 3.8 0.8
v 8.1 3.9 0.8
v 8.2 3.2 0.8
v 8.2 3.3 0.8
v 8.2 3.4 0.8
v 8.2 3.5 0.8
v 8.2 3.6 0.8
v 8.2 3.7 0.8
v 8.2 3.8 0.8
v 8.2 3.9 0.8
v 8.2 4 0.8
v 8.3 3.1 0.8
v 8.3 3.2 0.8
v 8.3 3.3 0.8
v 8.3 3.4 0.8
v 8.3 3.5 0.8
v 8.3 3.6 0.8
v 8.3 3.7 0.8
v 8.3 3.8 0.8
v 8.3 3.9 0.8
v 8.3 4 0.8
v 8.4 3.1 0.8
v 8.4 3.2 0.8
v 8.4 3.3 0.8
v 8.4 3.4 0.8
v 8.4 3.5 0.8
v 8.4 3.6 0.8
v 8.4 3.7 0.8
v 8.4 3.8 0.8
v 8.4 3.9 0.8
v 8.5 3.2 0.8
v 8.5 3.3 0.8
v 8.5 3.4 0.8
v 8.5 3.5 0.8
v 8.5 3.6 0.8
v 8.5 3.7 0.8
v 8.5 3.8 0.8
v 8.5 3.9 0.8
v 8.5 4 0.8
v 8.6 3.1 0.8
v 8.6 3.2 0.8
v 8.6 3.3 0.8
v 8.6 3.4 0.8
v 8.6 3.5 0.8
v 8.6 3.6 0.8
v 8.6 3.7 0.8
v 8.6 3.8 0.8
v 8.6 3.9 0.8
v 8.6 4 0.8
v 8.7 3.1 0.8
v 8.7 3.2 0.8
v 8.7 3.3 0.8
v 8.7 3.4 0.8
v 8.7 3.5 0.8
v 8.7 3.6 0.8
v 8.7 3.7 0.8
v 8.7 3.8 0.8
v 8.7 3.9 0.8
v 8.8 3.2 0.8
v 8.8 3.3 0.8
v 8.8 3.4 0.8
v 8.8 3.5 0.8
v 8.8 3.6 0.8
v 8.8 3.7 0.8
v 8.8 3.8 0.8
v 8.8 3.9 0.8
v 8.8 4 0.8
v 8.9 3.1 0.8
v 8.9 3.2 0.8
v 8.9 3.3 0.8
v 8.9 3.4 0.8
v 8.9 3.5 0.8
v 8.9 3.6 0.8
v 8.9 3.7 0.8
v 8.9 3.8 0.8
v 8.9 3.9 0.8
v 8.9 4 0.8
v 9 3.1 0.8
v 9 3.2 0.8
v 9 3.3 0.8
v 9 3.4 0.8
v 9 3.5 0.8
v 9 3.6 0.8
v 9 3.7 0.8
v 9 3.8 0.8
v 9 3.9 0.8
v 9 19.3 0.8
v 9 19.4 0.8
v 9 19.5 0.8
v 9.1 3.2 0.8
v 9.1 3.3 0.8
v 9.1 3.4 0.8
v 9.1 3.5 0.8
v 9.1 3.6 0.8
v 9.1 3.7 0.8
v 9.1 3.8 0.8
v 9.1 3.9 0.8
v 9.1 4 0.8
v 9.2 3.1 0.8
v 9.2 3.2 0.8
v 9.2 3.3 0.8
v 9.2 3.4 0.8
v 9.2 3.5 0.8
v 9.2 3.6 0.8
v 9.2 3.7 0.8
v 9.2 3.8 0.8
v 9.2 3.9 0.8
v 9.2 4 0.8
v 9.3 3.1 0.8
v 9.3 3.2 0.8
v 9.3 3.3 0.8
v 9.3 3.4 0.8
v 9.3 3.5 0.8
v 9.3 3.6 0.8
v 9.3 3.7 0.8
v 9.3 3.8 0.8
v 9.3 3.9 0.8
v 9.4 3.2 0.8
v 9.4 3.3 0.8
v 9.4 3.4 0.8
v 9.4 3.5 0.8
v 9.4 3.6 0.8
v 9.4 3.7 0.8
v 9.4 3.8 0.8
v 9.4 3.9 0.8
v 9.4 4 0.8
v 9.5 3.1 0.8
v 9.5 3.2 0.8
v 9.5 3.3 0.8
v 9.5 3.4 0.8
v 9.5 3.5 0.8
v 9.5 3.6 0.8
v 9.5 3.7 0.8
v 9.5 3.8 0.8
v 9.5 3.9 0.8
v 9.5 4 0.8
v 9.5 24.8 0.8
v 9.5 25.5 0.8
v 9.6 3.1 0.8
v 9.6 3.2 0.8
v 9.6 3.3 0.8
v 9.6 3.4 0.8
v 9.6 3.5 0.8
v 9.6 3.6 0.8
v 9.6 3.7 0.8
v 9.6 3.8 0.8
v 9.6 3.9 0.8
v 9.6 24.2 0.8
v 9.6 24.8 0.8
v 9.6 24.9 0.8
v 9.6 25.5 0.8
v 9.7 3.2 0.8
v 9.7 3.3 0.8
v 9.7 3.4 0.8
v 9.7 3.5 0.8
v 9.7 3.6 0.8
v 9.7 3.7 0.8
v 9.7 3.8 0.8
v 9.7 3.9 0.8
v 9.7 4 0.8
v 9.7 23.1 0.8
v 9.7 24.2 0.8
v 9.7 24.3 0.8
v 9.7 24.9 0.8
v 9.8 3.1 0.8
v 9.8 3.2 0.8
v 9.8 3.3 0.8
v 9.8 3.4 0.8
v 9.8 3.5 0.8
v 9.8 3.6 0.8
v 9.8 3.7 0.8
v 9.8 3.8 0.8
v 9.8 3.9 0.8
v 9.8 4 0.8
v 9.8 22.9 0.8
v 9.8 23.1 0.8
v 9.8 23.2 0.8
v 9.8 24.3 0.8
v 9.9 3.1 0.8
v 9.9 3.2 0.8
v 9.9 3.3 0.8
v 9.9 3.4 0.8
v 9.9 3.5 0.8
v 9.9 3.6 0.8
v 9.9 3.7 0.8
v 9.9 3.8 0.8
v 9.9 3.9 0.8
v 9.9 22.9 0.8
v 9.9 23.2 0.8
v 10 3.2 0.8
v 10 3.3 0.8
v 10 3.4 0.8
v 10 3.5 0.8
v 10 3.6 0.8
v 10 3.7 0.8
v 10 3.8 0.8
v 10 3.9 0.8
v 10 4 0.8
v 10.1 3.1 0.8
v 10.1 3.2 0.8
v 10.1 3.3 0.8
v 10.1 3.4 0.8
v 10.1 3.5 0.8
v 10.1 3.6 0.8
v 10.1 3.7 0.8
v 10.1 3.8 0.8
v 10.1 3.9 0.8
v 10.1 4 0.8
v 10.2 3.1 0.8
v 10.2 3.2 0.8
v 10.2 3.3 0.8
v 10.2 3.4 0.8
v 10.2 3.5 0.8
v 10.2 3.6 0.8
v 10.2 3.7 0.8
v 10.2 3.8 0.8
v 10.2 3.9 0.8
v 10.3 3.2 0.8
v 10.3 3.3 0.8
v 10.3 3.4 0.8
v 10.3 3.5 0.8
v 10.3 3.6 0.8
v 10.3 3.7 0.8
v 10.3 3.8 0.8
v 10.3 3.9 0.8
v 10.3 4 0.8
v 10.4 3.1 0.8
v 10.4 3.2 0.8
v 10.4 3.3 0.8
v 10.4 3.4 0.8
v 10.4 3.5 0.8
v 10.4 3.6 0.8
v 10.4 3.7 0.8
v 10.4 3.8 0.8
v 10.4 3.9 0.8
v 10.4 4 0.8
v 10.5 3.1 0.8
v 10.5 3.2 0.8
v 10.5 3.3 0.8
v 10.5 3.4 0.8
v 10.5 3.5 0.8
v 10.5 3.6 0.8
v 10.5 3.7 0.8
v 10.5 3.8 0.8
v 10.5 3.9 0.8
v 10.6 3.2 0.8
v 10.6 3.3 0.8
v 10.6 3.4 0.8
v 10.6 3.5 0.8
v 10.6 3.6 0.8
v 10.6 3.7 0.8
v 10.6 3.8 0.8
v 10.6 3.9 0.8
v 10.6 4 0.8
v 10.7 3.1 0.8
v 10.7 3.2 0.8
v 10.7 3.3 0.8
v 10.7 3.4 0.8
v 10.7 3.5 0.8
v 10.7 3.6 0.8
v 10.7 3.7 0.8
v 10.7 3.8 0.8
v 10.7 3.9 0.8
v 10.7 4 0.8
v 10.7 19.3 0.8
v 10.7 19.4 0.8
v 10.7 19.5 0.8
v 10.8 3.1 0.8
v 10.8 3.2 0.8
v 10.8 3.3 0.8
v 10.8 3.4 0.8
v 10.8 3.5 0.8
v 10.8 3.6 0.8
v 10.8 3.7 0.8
v 10.8 3.8 0.8
v 10.8 3.9 0.8
v 10.9 3.2 0.8
v 10.9 3.3 0.8
v 10.9 3.4 0.8
v 10.9 3.5 0.8
v 10.9 3.6 0.8
v 10.9 3.7 0.8
v 10.9 3.8 0.8
v 10.9 3.9 0.8
v 10.9 4 0.8
v 11 3.1 0.8
v 11 3.2 0.8
v 11 3.3 0.8
v 11 3.4 0.8
v 11 3.5 0.8
v 11 3.6 0.8
v 11 3.7 0.8
v 11 3.8 0.8
v 11 3.9 0.8
v 11 4 0.8
v 11.1 3.1 0.8
v 11.1 3.2 0.8
v 11.1 3.3 0.8
v 11.1 3.4 0.8
v 11.1 3.5 0.8
v 11.1 3.6 0.8
v 11.1 3.7 0.8
v 11.1 3.8 0.8
v 11.1 3.9 0.8
v 11.2 3.2 0.8
v 11.2 3.3 0.8
v 11.2 3.4 0.8
v 11.2 3.5 0.8
v 11.2 3.6 0.8
v 11.2 3.7 0.8
v 11.2 3.8 0.8
v 11.2 3.9 0.8
v 11.2 4 0.8
v 11.3 3.1 0.8
v 11.3 3.2 0.8
v 11.3 3.3 0.8
v 11.3 3.4 0.8
v 11.3 3.5 0.8
v 11.3 3.6 0.8
v 11.3 3.7 0.8
v 11.3 3.8 0.8
v 11.3 3.9 0.8
v 11.3 4 0.8
v 11.4 3.1 0.8
v 11.4 3.2 0.8
v 11.4 3.3 0.8
v 11.4 3.4 0.8
v 11.4 3.5 0.8
v 11.4 3.6 0.8
v 11.4 3.7 0.8
v 11.4 3.8 0.8
v 11.4 3.9 0.8
v 11.5 3.2 0.8
v 11.5 3.3 0.8
v 11.5 3.4 0.8
v 11.5 3.5 0.8
v 11.5 3.6 0.8
v 11.5 3.7 0.8
v 11.5 3.8 0.8
v 11.5 3.9 0.8
v 11.5 4 0.8
v 11.6 3.3 0.8
v 11.6 3.4 0.8
v 11.6 3.6 0.8
v 11.6 3.7 0.8
v 11.6 3.9 0.8
v 11.6 4 0.8
v 11.6 9.2 0.8
v 11.6 9.6 0.8
v 11.8 19.4 0.8
v 11.8 19.5 0.8
v 11.9 9.2 0.8
v 11.9 9.3 0.8
v 11.9 9.4 0.8
v 11.9 9.6 0.8
v 11.9 19.3 0.8
v 11.9 19.4 0.8
v 12 9.3 0.8
v 12 9.4 0.8
v 12.3 19.3 0.8
v 12.3 19.4 0.8
v 12.4 19.3 0.8
v 12.4 19.5 0.8
v 12.5 8.7 0.8
v 12.5 25.6 0.8
v 12.8 0 0.8
v 12.8 2.7 0.8
v 12.8 25.6 0.8
v -12.8 0 0.9
v 12.8 0 0.9
v -12.8 0 0.8
v 12.8 0 0.8
v -12.8 25.6 0.9
v -12.5 25.6 0.9
v 0 25.6 0.9
v 0.0999994 25.6 0.9
v 12.5 25.6 0.9
v 12.8 25.6 0.9
v -12.8 25.6 0.8
v -12.5 25.6 0.8
v 0 25.6 0.8
v 0.0999994 25.6 0.8
v 12.5 25.6 0.8
v 12.8 25.6 0.8

# faces
f 3/6/1 2/6/1 1/6/1
f 4/6/1 2/6/1 3/6/1
f 5/5/1 4/5/1 3/5/1
f 6/5/1 4/5/1 5/5/1
f 7/6/2 8/6/2 9/6/2
f 9/6/2 8/6/2 10/6/2
f 9/5/2 10/5/2 11/5/2
f 11/5/2 10/5/2 12/5/2
f 16/5/3 15/5/3 14/5/3
f 17/5/3 15/5/3 16/5/3
f 18/5/3 15/5/3 17/5/3
f 19/5/3 15/5/3 18/5/3
f 20/2/3 19/2/3 18/2/3
f 21/2/3 19/2/3 20/2/3
f 22/2/3 20/2/3 18/2/3
f 23/4/3 21/4/3 20/4/3
f 23/2/3 20/2/3 22/2/3
f 24/2/3 19/2/3 21/2/3
f 24/4/3 21/4/3 23/4/3
f 25/2/3 19/2/3 24/2/3
f 26/4/3 23/4/3 22/4/3
f 26/4/3 24/4/3 23/4/3
f 26/4/3 25/4/3 24/4/3
f 27/4/3 25/4/3 26/4/3
f 28/5/3 16/5/3 14/5/3
f 29/5/3 16/5/3 28/5/3
f 30/5/3 16/5/3 29/5/3
f 31/5/3 16/5/3 30/5/3
f 32/5/3 16/5/3 31/5/3
f 33/5/3 16/5/3 32/5/3
f 34/2/3 22/2/3 18/2/3
f 34/4/3 26/4/3 22/4/3
f 35/2/3 27/2/3 26/2/3
f 35/4/3 26/4/3 34/4/3
f 36/4/3 25/4/3 27/4/3
f 36/2/3 27/2/3 35/2/3
f 37/2/3 19/2/3 25/2/3
f 37/4/3 25/4/3 36/4/3
f 38/5/3 28/5/3 14/5/3
f 38/1/3 29/1/3 28/1/3
f 39/5/3 30/5/3 29/5/3
f 39/1/3 29/1/3 38/1/3
f 40/5/3 30/5/3 39/5/3
f 41/1/3 31/1/3 30/1/3
f 41/5/3 30/5/3 40/5/3
f 42/5/3 32/5/3 31/5/3
f 42/1/3 31/1/3 41/1/3
f 43/5/3 32/5/3 42/5/3
f 44/1/3 33/1/3 32/1/3
f 44/5/3 32/5/3 43/5/3
f 45/5/3 16/5/3 33/5/3
f 45/1/3 33/1/3 44/1/3
f 46/5/3 16/5/3 45/5/3
f 47/2/3 35/2/3 34/2/3
f 47/4/3 36/4/3 35/4/3
f 48/2/3 37/2/3 36/2/3
f 48/4/3 36/4/3 47/4/3
f 49/1/3 40/1/3 39/1/3
f 49/5/3 39/5/3 38/5/3
f 50/5/3 41/5/3 40/5/3
f 50/1/3 40/1/3 49/1/3
f 50/5/3 42/5/3 41/5/3
f 51/5/3 42/5/3 50/5/3
f 52/1/3 43/1/3 42/1/3
f 52/5/3 42/5/3 51/5/3
f 53/5/3 44/5/3 43/5/3
f 53/1/3 43/1/3 52/1/3
f 53/5/3 45/5/3 44/5/3
f 54/5/3 45/5/3 53/5/3
f 55/1/3 46/1/3 45/1/3
f 55/5/3 45/5/3 54/5/3
f 56/5/3 16/5/3 46/5/3
f 56/1/3 46/1/3 55/1/3
f 57/5/3 16/5/3 56/5/3
f 58/5/3 38/5/3 14/5/3
f 58/5/3 49/5/3 38/5/3
f 58/5/3 50/5/3 49/5/3
f 59/5/3 50/5/3 58/5/3
f 60/1/3 51/1/3 50/1/3
f 60/5/3 50/5/3 59/5/3
f 61/5/3 52/5/3 51/5/3
f 61/1/3 51/1/3 60/1/3
f 61/5/3 53/5/3 52/5/3
f 62/5/3 53/5/3 61/5/3
f 63/1/3 54/1/3 53/1/3
f 63/5/3 53/5/3 62/5/3
f 64/5/3 55/5/3 54/5/3
f 64/1/3 54/1/3 63/1/3
f 64/5/3 56/5/3 55/5/3
f 65/5/3 56/5/3 64/5/3
f 66/1/3 57/1/3 56/1/3
f 66/5/3 56/5/3 65/5/3
f 67/5/3 16/5/3 57/5/3
f 67/1/3 57/1/3 66/1/3
f 68/1/3 59/1/3 58/1/3
f 68/5/3 58/5/3 14/5/3
f 69/5/3 60/5/3 59/5/3
f 69/1/3 59/1/3 68/1/3
f 69/5/3 61/5/3 60/5/3
f 70/5/3 61/5/3 69/5/3
f 71/1/3 62/1/3 61/1/3
f 71/5/3 61/5/3 70/5/3
f 72/5/3 63/5/3 62/5/3
f 72/1/3 62/1/3 71/1/3
f 72/5/3 64/5/3 63/5/3
f 73/5/3 64/5/3 72/5/3
f 74/1/3 65/1/3 64/1/3
f 74/5/3 64/5/3 73/5/3
f 75/5/3 66/5/3 65/5/3
f 75/1/3 65/1/3 74/1/3
f 75/5/3 67/5/3 66/5/3
f 76/5/3 67/5/3 75/5/3
f 77/1/3 70/1/3 69/1/3
f 77/5/3 69/5/3 68/5/3
f 78/5/3 71/5/3 70/5/3
f 78/1/3 70/1/3 77/1/3
f 78/5/3 72/5/3 71/5/3
f 79/5/3 72/5/3 78/5/3
f 80/1/3 73/1/3 72/1/3
f 80/5/3 72/5/3 79/5/3
f 81/5/3 74/5/3 73/5/3
f 81/1/3 73/1/3 80/1/3
f 81/5/3 75/5/3 74/5/3
f 82/5/3 75/5/3 81/5/3
f 83/1/3 76/1/3 75/1/3
f 83/5/3 75/5/3 82/5/3
f 84/5/3 67/5/3 76/5/3
f 84/1/3 76/1/3 83/1/3
f 85/5/3 16/5/3 67/5/3
f 85/5/3 67/5/3 84/5/3
f 86/5/3 77/5/3 68/5/3
f 86/5/3 68/5/3 14/5/3
f 86/5/3 78/5/3 77/5/3
f 87/5/3 78/5/3 86/5/3
f 88/1/3 79/1/3 78/1/3
f 88/5/3 78/5/3 87/5/3
f 89/5/3 80/5/3 79/5/3
f 89/1/3 79/1/3 88/1/3
f 89/5/3 81/5/3 80/5/3
f 90/5/3 81/5/3 89/5/3
f 91/1/3 82/1/3 81/1/3
f 91/5/3 81/5/3 90/5/3
f 92/5/3 83/5/3 82/5/3
f 92/1/3 82/1/3 91/1/3
f 92/5/3 84/5/3 83/5/3
f 93/5/3 84/5/3 92/5/3
f 94/1/3 85/1/3 84/1/3
f 94/5/3 84/5/3 93/5/3
f 95/5/3 16/5/3 85/5/3
f 95/1/3 85/1/3 94/1/3
f 96/1/3 87/1/3 86/1/3
f 96/5/3 86/5/3 14/5/3
f 97/5/3 89/5/3 88/5/3
f 97/1/3 87/1/3 96/1/3
f 97/5/3 88/5/3 87/5/3
f 98/5/3 89/5/3 97/5/3
f 99/1/3 90/1/3 89/1/3
f 99/5/3 89/5/3 98/5/3
f 100/5/3 91/5/3 90/5/3
f 100/1/3 90/1/3 99/1/3
f 100/5/3 92/5/3 91/5/3
f 101/5/3 92/5/3 100/5/3
f 102/1/3 93/1/3 92/1/3
f 102/5/3 92/5/3 101/5/3
f 103/5/3 94/5/3 93/5/3
f 103/1/3 93/1/3 102/1/3
f 103/5/3 95/5/3 94/5/3
f 104/5/3 95/5/3 103/5/3
f 105/5/3 97/5/3 96/5/3
f 105/1/3 98/1/3 97/1/3
f 106/5/3 99/5/3 98/5/3
f 106/1/3 98/1/3 105/1/3
f 106/5/3 100/5/3 99/5/3
f 107/5/3 100/5/3 106/5/3
f 108/1/3 101/1/3 100/1/3
f 108/5/3 100/5/3 107/5/3
f 109/5/3 102/5/3 101/5/3
f 109/1/3 101/1/3 108/1/3
f 109/5/3 103/5/3 102/5/3
f 110/5/3 103/5/3 109/5/3
f 111/1/3 104/1/3 103/1/3
f 111/5/3 103/5/3 110/5/3
f 112/5/3 95/5/3 104/5/3
f 112/1/3 104/1/3 111/1/3
f 113/5/3 16/5/3 95/5/3
f 113/5/3 95/5/3 112/5/3
f 114/5/3 105/5/3 96/5/3
f 114/5/3 96/5/3 14/5/3
f 114/5/3 106/5/3 105/5/3
f 115/5/3 106/5/3 114/5/3
f 116/1/3 107/1/3 106/1/3
f 116/5/3 106/5/3 115/5/3
f 117/5/3 108/5/3 107/5/3
f 117/1/3 107/1/3 116/1/3
f 117/5/3 109/5/3 108/5/3
f 118/5/3 109/5/3 117/5/3
f 119/1/3 110/1/3 109/1/3
f 119/5/3 109/5/3 118/5/3
f 120/5/3 111/5/3 110/5/3
f 120/1/3 110/1/3 119/1/3
f 120/5/3 112/5/3 111/5/3
f 121/5/3 112/5/3 120/5/3
f 122/1/3 113/1/3 112/1/3
f 122/5/3 112/5/3 121/5/3
f 123/5/3 16/5/3 113/5/3
f 123/1/3 113/1/3 122/1/3
f 124/1/3 115/1/3 114/1/3
f 124/5/3 114/5/3 14/5/3
f 125/5/3 116/5/3 115/5/3
f 125/1/3 115/1/3 124/1/3
f 125/5/3 117/5/3 116/5/3
f 126/5/3 117/5/3 125/5/3
f 127/1/3 118/1/3 117/1/3
f 127/5/3 117/5/3 126/5/3
f 128/5/3 119/5/3 118/5/3
f 128/1/3 118/1/3 127/1/3
f 128/5/3 120/5/3 119/5/3
f 129/5/3 120/5/3 128/5/3
f 130/1/3 121/1/3 120/1/3
f 130/5/3 120/5/3 129/5/3
f 131/5/3 122/5/3 121/5/3
f 131/1/3 121/1/3 130/1/3
f 131/5/3 123/5/3 122/5/3
f 132/5/3 123/5/3 131/5/3
f 133/5/3 125/5/3 124/5/3
f 133/1/3 126/1/3 125/1/3
f 134/5/3 127/5/3 126/5/3
f 134/1/3 126/1/3 133/1/3
f 134/5/3 128/5/3 127/5/3
f 135/5/3 128/5/3 134/5/3
f 136/1/3 129/1/3 128/1/3
f 136/5/3 128/5/3 135/5/3
f 137/5/3 130/5/3 129/5/3
f 137/1/3 129/1/3 136/1/3
f 137/5/3 131/5/3 130/5/3
f 138/5/3 131/5/3 137/5/3
f 139/1/3 132/1/3 131/1/3
f 139/5/3 131/5/3 138/5/3
f 140/5/3 123/5/3 132/5/3
f 140/1/3 132/1/3 139/1/3
f 141/5/3 16/5/3 123/5/3
f 141/5/3 123/5/3 140/5/3
f 142/5/3 124/5/3 14/5/3
f 142/5/3 133/5/3 124/5/3
f 142/5/3 134/5/3 133/5/3
f 143/5/3 134/5/3 142/5/3
f 144/1/3 135/1/3 134/1/3
f 144/5/3 134/5/3 143/5/3
f 145/5/3 136/5/3 135/5/3
f 145/1/3 135/1/3 144/1/3
f 145/5/3 137/5/3 136/5/3
f 146/5/3 137/5/3 145/5/3
f 147/1/3 138/1/3 137/1/3
f 147/5/3 137/5/3 146/5/3
f 148/5/3 140/5/3 139/5/3
f 148/1/3 138/1/3 147/1/3
f 148/5/3 139/5/3 138/5/3
f 149/5/3 140/5/3 148/5/3
f 150/1/3 141/1/3 140/1/3
f 150/5/3 140/5/3 149/5/3
f 151/5/3 16/5/3 141/5/3
f 151/1/3 141/1/3 150/1/3
f 152/1/3 143/1/3 142/1/3
f 152/5/3 142/5/3 14/5/3
f 153/5/3 144/5/3 143/5/3
f 153/1/3 143/1/3 152/1/3
f 153/5/3 145/5/3 144/5/3
f 154/5/3 145/5/3 153/5/3
f 155/1/3 146/1/3 145/1/3
f 155/5/3 145/5/3 154/5/3
f 156/5/3 147/5/3 146/5/3
f 156/1/3 146/1/3 155/1/3
f 156/5/3 148/5/3 147/5/3
f 157/5/3 148/5/3 156/5/3
f 158/1/3 149/1/3 148/1/3
f 158/5/3 148/5/3 157/5/3
f 159/5/3 150/5/3 149/5/3
f 159/1/3 149/1/3 158/1/3
f 159/5/3 151/5/3 150/5/3
f 160/5/3 151/5/3 159/5/3
f 161/5/3 153/5/3 152/5/3
f 161/1/3 154/1/3 153/1/3
f 162/5/3 155/5/3 154/5/3
f 162/1/3 154/1/3 161/1/3
f 162/5/3 156/5/3 155/5/3
f 163/5/3 156/5/3 162/5/3
f 164/1/3 157/1/3 156/1/3
f 164/5/3 156/5/3 163/5/3
f 165/5/3 158/5/3 157/5/3
f 165/1/3 157/1/3 164/1/3
f 165/5/3 159/5/3 158/5/3
f 166/5/3 159/5/3 165/5/3
f 167/1/3 160/1/3 159/1/3
f 167/5/3 159/5/3 166/5/3
f 168/5/3 151/5/3 160/5/3
f 168/1/3 160/1/3 167/1/3
f 169/5/3 16/5/3 151/5/3
f 169/5/3 151/5/3 168/5/3
f 170/5/3 152/5/3 14/5/3
f 170/5/3 161/5/3 152/5/3
f 170/5/3 162/5/3 161/5/3
f 171/5/3 162/5/3 170/5/3
f 172/1/3 163/1/3 162/1/3
f 172/5/3 162/5/3 171/5/3
f 173/5/3 164/5/3 163/5/3
f 173/1/3 163/1/3 172/1/3
f 173/5/3 165/5/3 164/5/3
f 174/5/3 165/5/3 173/5/3
f 175/1/3 166/1/3 165/1/3
f 175/5/3 165/5/3 174/5/3
f 176/5/3 168/5/3 167/5/3
f 176/1/3 166/1/3 175/1/3
f 176/5/3 167/5/3 166/5/3
f 177/5/3 168/5/3 176/5/3
f 178/1/3 169/1/3 168/1/3
f 178/5/3 168/5/3 177/5/3
f 179/5/3 16/5/3 169/5/3
f 179/1/3 169/1/3 178/1/3
f 180/1/3 171/1/3 170/1/3
f 180/5/3 170/5/3 14/5/3
f 181/5/3 172/5/3 171/5/3
f 181/1/3 171/1/3 180/1/3
f 181/5/3 173/5/3 172/5/3
f 182/5/3 173/5/3 181/5/3
f 183/1/3 174/1/3 173/1/3
f 183/5/3 173/5/3 182/5/3
f 184/5/3 175/5/3 174/5/3
f 184/1/3 174/1/3 183/1/3
f 184/5/3 176/5/3 175/5/3
f 185/5/3 176/5/3 184/5/3
f 186/1/3 177/1/3 176/1/3
f 186/5/3 176/5/3 185/5/3
f 187/5/3 178/5/3 177/5/3
f 187/1/3 177/1/3 186/1/3
f 187/5/3 179/5/3 178/5/3
f 188/5/3 179/5/3 187/5/3
f 189/5/3 181/5/3 180/5/3
f 189/1/3 182/1/3 181/1/3
f 190/5/3 183/5/3 182/5/3
f 190/1/3 182/1/3 189/1/3
f 190/5/3 184/5/3 183/5/3
f 191/5/3 184/5/3 190/5/3
f 192/1/3 185/1/3 184/1/3
f 192/5/3 184/5/3 191/5/3
f 193/5/3 186/5/3 185/5/3
f 193/1/3 185/1/3 192/1/3
f 193/5/3 187/5/3 186/5/3
f 194/5/3 187/5/3 193/5/3
f 195/1/3 188/1/3 187/1/3
f 195/5/3 187/5/3 194/5/3
f 196/5/3 179/5/3 188/5/3
f 196/1/3 188/1/3 195/1/3
f 197/5/3 16/5/3 179/5/3
f 197/5/3 179/5/3 196/5/3
f 198/5/3 180/5/3 14/5/3
f 198/5/3 189/5/3 180/5/3
f 198/5/3 190/5/3 189/5/3
f 199/5/3 190/5/3 198/5/3
f 200/1/3 191/1/3 190/1/3
f 200/5/3 190/5/3 199/5/3
f 201/5/3 192/5/3 191/5/3
f 201/1/3 191/1/3 200/1/3
f 201/5/3 193/5/3 192/5/3
f 202/5/3 193/5/3 201/5/3
f 203/1/3 194/1/3 193/1/3
f 203/5/3 193/5/3 202/5/3
f 204/5/3 196/5/3 195/5/3
f 204/1/3 194/1/3 203/1/3
f 204/5/3 195/5/3 194/5/3
f 205/5/3 196/5/3 204/5/3
f 206/1/3 197/1/3 196/1/3
f 206/5/3 196/5/3 205/5/3
f 207/5/3 16/5/3 197/5/3
f 207/1/3 197/1/3 206/1/3
f 208/4/3 18/4/3 17/4/3
f 208/2/3 34/2/3 18/2/3
f 208/2/3 47/2/3 34/2/3
f 208/2/3 48/2/3 47/2/3
f 209/2/3 48/2/3 208/2/3
f 210/1/3 199/1/3 198/1/3
f 210/5/3 198/5/3 14/5/3
f 211/5/3 200/5/3 199/5/3
f 211/1/3 199/1/3 210/1/3
f 211/5/3 201/5/3 200/5/3
f 212/5/3 201/5/3 211/5/3
f 213/1/3 202/1/3 201/1/3
f 213/5/3 201/5/3 212/5/3
f 214/5/3 204/5/3 203/5/3
f 214/1/3 202/1/3 213/1/3
f 214/5/3 203/5/3 202/5/3
f 215/5/3 204/5/3 214/5/3
f 216/1/3 205/1/3 204/1/3
f 216/5/3 204/5/3 215/5/3
f 217/5/3 206/5/3 205/5/3
f 217/1/3 205/1/3 216/1/3
f 217/5/3 207/5/3 206/5/3
f 218/5/3 207/5/3 217/5/3
f 219/4/3 208/4/3 17/4/3
f 219/4/3 209/4/3 208/4/3
f 220/2/3 48/2/3 209/2/3
f 220/4/3 209/4/3 219/4/3
f 221/2/3 48/2/3 220/2/3
f 222/2/3 48/2/3 221/2/3
f 223/5/3 211/5/3 210/5/3
f 223/1/3 212/1/3 211/1/3
f 224/5/3 214/5/3 213/5/3
f 224/1/3 212/1/3 223/1/3
f 224/5/3 213/5/3 212/5/3
f 225/5/3 214/5/3 224/5/3
f 226/1/3 215/1/3 214/1/3
f 226/5/3 214/5/3 225/5/3
f 227/5/3 216/5/3 215/5/3
f 227/1/3 215/1/3 226/1/3
f 227/5/3 217/5/3 216/5/3
f 228/5/3 217/5/3 227/5/3
f 229/1/3 218/1/3 217/1/3
f 229/5/3 217/5/3 228/5/3
f 230/5/3 207/5/3 218/5/3
f 230/1/3 218/1/3 229/1/3
f 231/5/3 16/5/3 207/5/3
f 231/5/3 207/5/3 230/5/3
f 232/2/3 221/2/3 220/2/3
f 232/3/3 222/3/3 221/3/3
f 232/2/3 220/2/3 219/2/3
f 233/3/3 222/3/3 232/3/3
f 234/2/3 48/2/3 222/2/3
f 234/3/3 222/3/3 233/3/3
f 235/2/3 48/2/3 234/2/3
f 236/5/3 210/5/3 14/5/3
f 236/5/3 223/5/3 210/5/3
f 236/5/3 224/5/3 223/5/3
f 237/5/3 224/5/3 236/5/3
f 238/1/3 225/1/3 224/1/3
f 238/5/3 224/5/3 237/5/3
f 239/5/3 226/5/3 225/5/3
f 239/1/3 225/1/3 238/1/3
f 239/5/3 227/5/3 226/5/3
f 240/5/3 227/5/3 239/5/3
f 241/1/3 228/1/3 227/1/3
f 241/5/3 227/5/3 240/5/3
f 242/5/3 230/5/3 229/5/3
f 242/1/3 228/1/3 241/1/3
f 242/5/3 229/5/3 228/5/3
f 243/5/3 230/5/3 242/5/3
f 244/1/3 231/1/3 230/1/3
f 244/5/3 230/5/3 243/5/3
f 245/5/3 16/5/3 231/5/3
f 245/1/3 231/1/3 244/1/3
f 246/3/3 235/3/3 234/3/3
f 246/2/3 233/2/3 232/2/3
f 246/3/3 234/3/3 233/3/3
f 247/3/3 235/3/3 246/3/3
f 248/2/3 48/2/3 235/2/3
f 248/3/3 235/3/3 247/3/3
f 249/2/3 48/2/3 248/2/3
f 250/1/3 237/1/3 236/1/3
f 250/5/3 236/5/3 14/5/3
f 251/5/3 238/5/3 237/5/3
f 251/1/3 237/1/3 250/1/3
f 251/5/3 239/5/3 238/5/3
f 252/5/3 239/5/3 251/5/3
f 253/1/3 240/1/3 239/1/3
f 253/5/3 239/5/3 252/5/3
f 254/5/3 241/5/3 240/5/3
f 254/1/3 240/1/3 253/1/3
f 254/5/3 242/5/3 241/5/3
f 255/5/3 242/5/3 254/5/3
f 256/1/3 243/1/3 242/1/3
f 256/5/3 242/5/3 255/5/3
f 257/5/3 244/5/3 243/5/3
f 257/1/3 243/1/3 256/1/3
f 257/5/3 245/5/3 244/5/3
f 258/5/3 245/5/3 257/5/3
f 259/2/3 247/2/3 246/2/3
f 259/3/3 248/3/3 247/3/3
f 259/3/3 249/3/3 248/3/3
f 260/3/3 249/3/3 259/3/3
f 261/2/3 48/2/3 249/2/3
f 261/3/3 249/3/3 260/3/3
f 262/2/3 19/2/3 37/2/3
f 262/2/3 48/2/3 261/2/3
f 262/2/3 37/2/3 48/2/3
f 263/1/3 252/1/3 251/1/3
f 263/5/3 251/5/3 250/5/3
f 264/5/3 253/5/3 252/5/3
f 264/1/3 252/1/3 263/1/3
f 264/5/3 254/5/3 253/5/3
f 265/5/3 254/5/3 264/5/3
f 266/1/3 255/1/3 254/1/3
f 266/5/3 254/5/3 265/5/3
f 267/5/3 256/5/3 255/5/3
f 267/1/3 255/1/3 266/1/3
f 267/5/3 257/5/3 256/5/3
f 268/5/3 257/5/3 267/5/3
f 269/1/3 258/1/3 257/1/3
f 269/5/3 257/5/3 268/5/3
f 270/5/3 245/5/3 258/5/3
f 270/1/3 258/1/3 269/1/3
f 271/5/3 16/5/3 245/5/3
f 271/5/3 245/5/3 270/5/3
f 272/2/3 17/2/3 16/2/3
f 272/4/3 219/4/3 17/4/3
f 273/2/3 260/2/3 259/2/3
f 273/4/3 219/4/3 272/4/3
f 273/2/3 246/2/3 232/2/3
f 273/2/3 259/2/3 246/2/3
f 273/2/3 232/2/3 219/2/3
f 274/2/3 260/2/3 273/2/3
f 275/3/3 261/3/3 260/3/3
f 275/2/3 260/2/3 274/2/3
f 275/3/3 262/3/3 261/3/3
f 276/2/3 19/2/3 262/2/3
f 276/3/3 262/3/3 275/3/3
f 277/5/3 250/5/3 14/5/3
f 277/5/3 263/5/3 250/5/3
f 277/5/3 264/5/3 263/5/3
f 278/5/3 264/5/3 277/5/3
f 279/1/3 265/1/3 264/1/3
f 279/5/3 264/5/3 278/5/3
f 280/5/3 266/5/3 265/5/3
f 280/1/3 265/1/3 279/1/3
f 280/5/3 267/5/3 266/5/3
f 281/5/3 267/5/3 280/5/3
f 282/1/3 268/1/3 267/1/3
f 282/5/3 267/5/3 281/5/3
f 283/5/3 269/5/3 268/5/3
f 283/1/3 268/1/3 282/1/3
f 283/5/3 270/5/3 269/5/3
f 284/5/3 270/5/3 283/5/3
f 285/1/3 271/1/3 270/1/3
f 285/5/3 270/5/3 284/5/3
f 286/5/3 16/5/3 271/5/3
f 286/1/3 271/1/3 285/1/3
f 287/5/3 277/5/3 14/5/3
f 287/1/3 278/1/3 277/1/3
f 288/5/3 280/5/3 279/5/3
f 288/1/3 278/1/3 287/1/3
f 288/5/3 279/5/3 278/5/3
f 289/5/3 280/5/3 288/5/3
f 290/1/3 281/1/3 280/1/3
f 290/5/3 280/5/3 289/5/3
f 291/5/3 282/5/3 281/5/3
f 291/1/3 281/1/3 290/1/3
f 291/5/3 283/5/3 282/5/3
f 292/5/3 283/5/3 291/5/3
f 293/1/3 284/1/3 283/1/3
f 293/5/3 283/5/3 292/5/3
f 294/5/3 285/5/3 284/5/3
f 294/1/3 284/1/3 293/1/3
f 294/5/3 286/5/3 285/5/3
f 295/5/3 286/5/3 294/5/3
f 296/5/3 288/5/3 287/5/3
f 296/1/3 289/1/3 288/1/3
f 297/5/3 290/5/3 289/5/3
f 297/1/3 289/1/3 296/1/3
f 297/5/3 291/5/3 290/5/3
f 298/5/3 291/5/3 297/5/3
f 299/1/3 292/1/3 291/1/3
f 299/5/3 291/5/3 298/5/3
f 300/5/3 293/5/3 292/5/3
f 300/1/3 292/1/3 299/1/3
f 300/5/3 294/5/3 293/5/3
f 301/5/3 294/5/3 300/5/3
f 302/1/3 295/1/3 294/1/3
f 302/5/3 294/5/3 301/5/3
f 303/5/3 286/5/3 295/5/3
f 303/1/3 295/1/3 302/1/3
f 304/5/3 16/5/3 286/5/3
f 304/5/3 286/5/3 303/5/3
f 305/5/3 296/5/3 287/5/3
f 305/5/3 287/5/3 14/5/3
f 305/5/3 297/5/3 296/5/3
f 306/5/3 297/5/3 305/5/3
f 307/1/3 298/1/3 297/1/3
f 307/5/3 297/5/3 306/5/3
f 308/5/3 299/5/3 298/5/3
f 308/1/3 298/1/3 307/1/3
f 308/5/3 300/5/3 299/5/3
f 309/5/3 300/5/3 308/5/3
f 310/1/3 301/1/3 300/1/3
f 310/5/3 300/5/3 309/5/3
f 311/5/3 302/5/3 301/5/3
f 311/1/3 301/1/3 310/1/3
f 311/5/3 303/5/3 302/5/3
f 312/5/3 303/5/3 311/5/3
f 313/1/3 304/1/3 303/1/3
f 313/5/3 303/5/3 312/5/3
f 314/5/3 16/5/3 304/5/3
f 314/1/3 304/1/3 313/1/3
f 315/1/3 306/1/3 305/1/3
f 315/5/3 305/5/3 14/5/3
f 316/5/3 307/5/3 306/5/3
f 316/1/3 306/1/3 315/1/3
f 316/5/3 308/5/3 307/5/3
f 317/5/3 308/5/3 316/5/3
f 318/1/3 309/1/3 308/1/3
f 318/5/3 308/5/3 317/5/3
f 319/5/3 310/5/3 309/5/3
f 319/1/3 309/1/3 318/1/3
f 319/5/3 311/5/3 310/5/3
f 320/5/3 311/5/3 319/5/3
f 321/1/3 312/1/3 311/1/3
f 321/5/3 311/5/3 320/5/3
f 322/5/3 313/5/3 312/5/3
f 322/1/3 312/1/3 321/1/3
f 322/5/3 314/5/3 313/5/3
f 323/5/3 314/5/3 322/5/3
f 324/5/3 316/5/3 315/5/3
f 324/1/3 317/1/3 316/1/3
f 325/5/3 318/5/3 317/5/3
f 325/1/3 317/1/3 324/1/3
f 325/5/3 319/5/3 318/5/3
f 326/5/3 319/5/3 325/5/3
f 327/1/3 320/1/3 319/1/3
f 327/5/3 319/5/3 326/5/3
f 328/5/3 321/5/3 320/5/3
f 328/1/3 320/1/3 327/1/3
f 328/5/3 322/5/3 321/5/3
f 329/5/3 322/5/3 328/5/3
f 330/1/3 323/1/3 322/1/3
f 330/5/3 322/5/3 329/5/3
f 331/5/3 314/5/3 323/5/3
f 331/1/3 323/1/3 330/1/3
f 332/5/3 16/5/3 314/5/3
f 332/5/3 314/5/3 331/5/3
f 333/5/3 315/5/3 14/5/3
f 333/5/3 324/5/3 315/5/3
f 333/5/3 325/5/3 324/5/3
f 334/5/3 325/5/3 333/5/3
f 335/1/3 326/1/3 325/1/3
f 335/5/3 325/5/3 334/5/3
f 336/5/3 327/5/3 326/5/3
f 336/1/3 326/1/3 335/1/3
f 336/5/3 328/5/3 327/5/3
f 337/5/3 328/5/3 336/5/3
f 338/1/3 329/1/3 328/1/3
f 338/5/3 328/5/3 337/5/3
f 339/5/3 331/5/3 330/5/3
f 339/1/3 329/1/3 338/1/3
f 339/5/3 330/5/3 329/5/3
f 340/5/3 331/5/3 339/5/3
f 341/1/3 332/1/3 331/1/3
f 341/5/3 331/5/3 340/5/3
f 342/5/3 16/5/3 332/5/3
f 342/1/3 332/1/3 341/1/3
f 343/1/3 334/1/3 333/1/3
f 343/5/3 333/5/3 14/5/3
f 344/5/3 335/5/3 334/5/3
f 344/1/3 334/1/3 343/1/3
f 344/5/3 336/5/3 335/5/3
f 345/5/3 336/5/3 344/5/3
f 346/1/3 337/1/3 336/1/3
f 346/5/3 336/5/3 345/5/3
f 347/5/3 338/5/3 337/5/3
f 347/1/3 337/1/3 346/1/3
f 347/5/3 339/5/3 338/5/3
f 348/5/3 339/5/3 347/5/3
f 349/1/3 340/1/3 339/1/3
f 349/5/3 339/5/3 348/5/3
f 350/5/3 341/5/3 340/5/3
f 350/1/3 340/1/3 349/1/3
f 350/5/3 342/5/3 341/5/3
f 351/5/3 342/5/3 350/5/3
f 352/5/3 344/5/3 343/5/3
f 352/1/3 345/1/3 344/1/3
f 353/5/3 346/5/3 345/5/3
f 353/1/3 345/1/3 352/1/3
f 353/5/3 347/5/3 346/5/3
f 354/5/3 347/5/3 353/5/3
f 355/1/3 348/1/3 347/1/3
f 355/5/3 347/5/3 354/5/3
f 356/5/3 349/5/3 348/5/3
f 356/1/3 348/1/3 355/1/3
f 356/5/3 350/5/3 349/5/3
f 357/5/3 350/5/3 356/5/3
f 358/1/3 351/1/3 350/1/3
f 358/5/3 350/5/3 357/5/3
f 359/5/3 342/5/3 351/5/3
f 359/1/3 351/1/3 358/1/3
f 360/5/3 16/5/3 342/5/3
f 360/5/3 342/5/3 359/5/3
f 361/5/3 343/5/3 14/5/3
f 361/5/3 352/5/3 343/5/3
f 361/5/3 353/5/3 352/5/3
f 362/5/3 353/5/3 361/5/3
f 363/1/3 354/1/3 353/1/3
f 363/5/3 353/5/3 362/5/3
f 364/5/3 355/5/3 354/5/3
f 364/1/3 354/1/3 363/1/3
f 364/5/3 356/5/3 355/5/3
f 365/5/3 356/5/3 364/5/3
f 366/1/3 357/1/3 356/1/3
f 366/5/3 356/5/3 365/5/3
f 367/5/3 359/5/3 358/5/3
f 367/1/3 357/1/3 366/1/3
f 367/5/3 358/5/3 357/5/3
f 368/5/3 359/5/3 367/5/3
f 369/1/3 360/1/3 359/1/3
f 369/5/3 359/5/3 368/5/3
f 370/5/3 16/5/3 360/5/3
f 370/1/3 360/1/3 369/1/3
f 371/1/3 362/1/3 361/1/3
f 371/5/3 361/5/3 14/5/3
f 372/5/3 363/5/3 362/5/3
f 372/1/3 362/1/3 371/1/3
f 372/5/3 364/5/3 363/5/3
f 373/5/3 364/5/3 372/5/3
f 374/1/3 365/1/3 364/1/3
f 374/5/3 364/5/3 373/5/3
f 375/5/3 366/5/3 365/5/3
f 375/1/3 365/1/3 374/1/3
f 375/5/3 367/5/3 366/5/3
f 376/5/3 367/5/3 375/5/3
f 377/1/3 368/1/3 367/1/3
f 377/5/3 367/5/3 376/5/3
f 378/5/3 369/5/3 368/5/3
f 378/1/3 368/1/3 377/1/3
f 378/5/3 370/5/3 369/5/3
f 379/5/3 370/5/3 378/5/3
f 380/5/3 372/5/3 371/5/3
f 380/1/3 373/1/3 372/1/3
f 381/5/3 374/5/3 373/5/3
f 381/1/3 373/1/3 380/1/3
f 381/5/3 375/5/3 374/5/3
f 382/5/3 375/5/3 381/5/3
f 383/1/3 376/1/3 375/1/3
f 383/5/3 375/5/3 382/5/3
f 384/5/3 377/5/3 376/5/3
f 384/1/3 376/1/3 383/1/3
f 384/5/3 378/5/3 377/5/3
f 385/5/3 378/5/3 384/5/3
f 386/1/3 379/1/3 378/1/3
f 386/5/3 378/5/3 385/5/3
f 387/5/3 370/5/3 379/5/3
f 387/1/3 379/1/3 386/1/3
f 388/5/3 16/5/3 370/5/3
f 388/5/3 370/5/3 387/5/3
f 389/5/3 371/5/3 14/5/3
f 389/5/3 380/5/3 371/5/3
f 389/5/3 381/5/3 380/5/3
f 390/5/3 381/5/3 389/5/3
f 391/1/3 382/1/3 381/1/3
f 391/5/3 381/5/3 390/5/3
f 392/5/3 383/5/3 382/5/3
f 392/1/3 382/1/3 391/1/3
f 392/5/3 384/5/3 383/5/3
f 393/5/3 384/5/3 392/5/3
f 394/1/3 385/1/3 384/1/3
f 394/5/3 384/5/3 393/5/3
f 395/5/3 387/5/3 386/5/3
f 395/1/3 385/1/3 394/1/3
f 395/5/3 386/5/3 385/5/3
f 396/5/3 387/5/3 395/5/3
f 397/1/3 388/1/3 387/1/3
f 397/5/3 387/5/3 396/5/3
f 398/5/3 16/5/3 388/5/3
f 398/1/3 388/1/3 397/1/3
f 399/1/3 390/1/3 389/1/3
f 399/5/3 389/5/3 14/5/3
f 400/5/3 391/5/3 390/5/3
f 400/1/3 390/1/3 399/1/3
f 400/5/3 392/5/3 391/5/3
f 401/5/3 392/5/3 400/5/3
f 402/1/3 393/1/3 392/1/3
f 402/5/3 392/5/3 401/5/3
f 403/5/3 394/5/3 393/5/3
f 403/1/3 393/1/3 402/1/3
f 403/5/3 395/5/3 394/5/3
f 404/5/3 395/5/3 403/5/3
f 405/1/3 396/1/3 395/1/3
f 405/5/3 395/5/3 404/5/3
f 406/5/3 397/5/3 396/5/3
f 406/1/3 396/1/3 405/1/3
f 406/5/3 398/5/3 397/5/3
f 407/5/3 398/5/3 406/5/3
f 408/5/3 400/5/3 399/5/3
f 408/1/3 401/1/3 400/1/3
f 409/5/3 402/5/3 401/5/3
f 409/1/3 401/1/3 408/1/3
f 409/5/3 403/5/3 402/5/3
f 410/5/3 403/5/3 409/5/3
f 411/1/3 404/1/3 403/1/3
f 411/5/3 403/5/3 410/5/3
f 412/5/3 405/5/3 404/5/3
f 412/1/3 404/1/3 411/1/3
f 412/5/3 406/5/3 405/5/3
f 413/5/3 406/5/3 412/5/3
f 414/1/3 407/1/3 406/1/3
f 414/5/3 406/5/3 413/5/3
f 415/5/3 398/5/3 407/5/3
f 415/1/3 407/1/3 414/1/3
f 416/5/3 16/5/3 398/5/3
f 416/5/3 398/5/3 415/5/3
f 417/5/3 399/5/3 14/5/3
f 417/5/3 408/5/3 399/5/3
f 417/5/3 409/5/3 408/5/3
f 418/5/3 409/5/3 417/5/3
f 419/1/3 410/1/3 409/1/3
f 419/5/3 409/5/3 418/5/3
f 420/5/3 411/5/3 410/5/3
f 420/1/3 410/1/3 419/1/3
f 420/5/3 412/5/3 411/5/3
f 421/5/3 412/5/3 420/5/3
f 422/1/3 413/1/3 412/1/3
f 422/5/3 412/5/3 421/5/3
f 423/5/3 415/5/3 414/5/3
f 423/1/3 413/1/3 422/1/3
f 423/5/3 414/5/3 413/5/3
f 424/5/3 415/5/3 423/5/3
f 425/1/3 416/1/3 415/1/3
f 425/5/3 415/5/3 424/5/3
f 426/5/3 16/5/3 416/5/3
f 426/1/3 416/1/3 425/1/3
f 427/1/3 418/1/3 417/1/3
f 427/5/3 417/5/3 14/5/3
f 428/5/3 419/5/3 418/5/3
f 428/1/3 418/1/3 427/1/3
f 428/5/3 420/5/3 419/5/3
f 429/5/3 420/5/3 428/5/3
f 430/1/3 421/1/3 420/1/3
f 430/5/3 420/5/3 429/5/3
f 431/5/3 422/5/3 421/5/3
f 431/1/3 421/1/3 430/1/3
f 431/5/3 423/5/3 422/5/3
f 432/5/3 423/5/3 431/5/3
f 433/1/3 424/1/3 423/1/3
f 433/5/3 423/5/3 432/5/3
f 434/5/3 425/5/3 424/5/3
f 434/1/3 424/1/3 433/1/3
f 434/5/3 426/5/3 425/5/3
f 435/5/3 426/5/3 434/5/3
f 436/5/3 428/5/3 427/5/3
f 436/1/3 429/1/3 428/1/3
f 437/5/3 430/5/3 429/5/3
f 437/1/3 429/1/3 436/1/3
f 437/5/3 431/5/3 430/5/3
f 438/5/3 431/5/3 437/5/3
f 439/1/3 432/1/3 431/1/3
f 439/5/3 431/5/3 438/5/3
f 440/5/3 433/5/3 432/5/3
f 440/1/3 432/1/3 439/1/3
f 440/5/3 434/5/3 433/5/3
f 441/5/3 434/5/3 440/5/3
f 442/1/3 435/1/3 434/1/3
f 442/5/3 434/5/3 441/5/3
f 443/5/3 426/5/3 435/5/3
f 443/1/3 435/1/3 442/1/3
f 444/5/3 16/5/3 426/5/3
f 444/5/3 426/5/3 443/5/3
f 445/5/3 427/5/3 14/5/3
f 445/5/3 436/5/3 427/5/3
f 445/5/3 437/5/3 436/5/3
f 446/5/3 437/5/3 445/5/3
f 447/1/3 438/1/3 437/1/3
f 447/5/3 437/5/3 446/5/3
f 448/5/3 439/5/3 438/5/3
f 448/1/3 438/1/3 447/1/3
f 448/5/3 440/5/3 439/5/3
f 449/5/3 440/5/3 448/5/3
f 450/1/3 441/1/3 440/1/3
f 450/5/3 440/5/3 449/5/3
f 451/5/3 443/5/3 442/5/3
f 451/1/3 441/1/3 450/1/3
f 451/5/3 442/5/3 441/5/3
f 452/5/3 443/5/3 451/5/3
f 453/1/3 444/1/3 443/1/3
f 453/5/3 443/5/3 452/5/3
f 454/5/3 16/5/3 444/5/3
f 454/1/3 444/1/3 453/1/3
f 455/1/3 446/1/3 445/1/3
f 455/5/3 445/5/3 14/5/3
f 456/5/3 447/5/3 446/5/3
f 456/1/3 446/1/3 455/1/3
f 456/5/3 448/5/3 447/5/3
f 457/5/3 448/5/3 456/5/3
f 458/1/3 449/1/3 448/1/3
f 458/5/3 448/5/3 457/5/3
f 459/5/3 450/5/3 449/5/3
f 459/1/3 449/1/3 458/1/3
f 459/5/3 451/5/3 450/5/3
f 460/5/3 451/5/3 459/5/3
f 461/1/3 452/1/3 451/1/3
f 461/5/3 451/5/3 460/5/3
f 462/5/3 453/5/3 452/5/3
f 462/1/3 452/1/3 461/1/3
f 462/5/3 454/5/3 453/5/3
f 463/5/3 454/5/3 462/5/3
f 464/5/3 456/5/3 455/5/3
f 464/1/3 457/1/3 456/1/3
f 465/5/3 458/5/3 457/5/3
f 465/1/3 457/1/3 464/1/3
f 465/5/3 459/5/3 458/5/3
f 466/5/3 459/5/3 465/5/3
f 467/1/3 460/1/3 459/1/3
f 467/5/3 459/5/3 466/5/3
f 468/5/3 461/5/3 460/5/3
f 468/1/3 460/1/3 467/1/3
f 468/5/3 462/5/3 461/5/3
f 469/5/3 462/5/3 468/5/3
f 470/1/3 463/1/3 462/1/3
f 470/5/3 462/5/3 469/5/3
f 471/5/3 454/5/3 463/5/3
f 471/1/3 463/1/3 470/1/3
f 472/5/3 16/5/3 454/5/3
f 472/5/3 454/5/3 471/5/3
f 473/5/3 455/5/3 14/5/3
f 473/5/3 464/5/3 455/5/3
f 473/5/3 465/5/3 464/5/3
f 474/5/3 465/5/3 473/5/3
f 475/1/3 466/1/3 465/1/3
f 475/5/3 465/5/3 474/5/3
f 476/5/3 467/5/3 466/5/3
f 476/1/3 466/1/3 475/1/3
f 476/5/3 468/5/3 467/5/3
f 477/5/3 468/5/3 476/5/3
f 478/1/3 469/1/3 468/1/3
f 478/5/3 468/5/3 477/5/3
f 479/5/3 471/5/3 470/5/3
f 479/1/3 469/1/3 478/1/3
f 479/5/3 470/5/3 469/5/3
f 480/5/3 471/5/3 479/5/3
f 481/1/3 472/1/3 471/1/3
f 481/5/3 471/5/3 480/5/3
f 482/5/3 16/5/3 472/5/3
f 482/1/3 472/1/3 481/1/3
f 483/1/3 474/1/3 473/1/3
f 483/5/3 473/5/3 14/5/3
f 484/5/3 475/5/3 474/5/3
f 484/1/3 474/1/3 483/1/3
f 484/5/3 476/5/3 475/5/3
f 485/5/3 476/5/3 484/5/3
f 486/1/3 477/1/3 476/1/3
f 486/5/3 476/5/3 485/5/3
f 487/5/3 478/5/3 477/5/3
f 487/1/3 477/1/3 486/1/3
f 487/5/3 479/5/3 478/5/3
f 488/5/3 479/5/3 487/5/3
f 489/1/3 480/1/3 479/1/3
f 489/5/3 479/5/3 488/5/3
f 490/5/3 481/5/3 480/5/3
f 490/1/3 480/1/3 489/1/3
f 490/5/3 482/5/3 481/5/3
f 491/5/3 482/5/3 490/5/3
f 492/5/3 484/5/3 483/5/3
f 492/1/3 485/1/3 484/1/3
f 493/5/3 486/5/3 485/5/3
f 493/1/3 485/1/3 492/1/3
f 493/5/3 487/5/3 486/5/3
f 494/5/3 487/5/3 493/5/3
f 495/1/3 488/1/3 487/1/3
f 495/5/3 487/5/3 494/5/3
f 496/5/3 489/5/3 488/5/3
f 496/1/3 488/1/3 495/1/3
f 496/5/3 490/5/3 489/5/3
f 497/5/3 490/5/3 496/5/3
f 498/1/3 491/1/3 490/1/3
f 498/5/3 490/5/3 497/5/3
f 499/5/3 482/5/3 491/5/3
f 499/1/3 491/1/3 498/1/3
f 500/5/3 16/5/3 482/5/3
f 500/5/3 482/5/3 499/5/3
f 501/5/3 483/5/3 14/5/3
f 501/5/3 492/5/3 483/5/3
f 501/5/3 493/5/3 492/5/3
f 502/5/3 493/5/3 501/5/3
f 503/1/3 494/1/3 493/1/3
f 503/5/3 493/5/3 502/5/3
f 504/5/3 495/5/3 494/5/3
f 504/1/3 494/1/3 503/1/3
f 504/5/3 496/5/3 495/5/3
f 505/5/3 496/5/3 504/5/3
f 506/1/3 497/1/3 496/1/3
f 506/5/3 496/5/3 505/5/3
f 507/5/3 499/5/3 498/5/3
f 507/1/3 497/1/3 506/1/3
f 507/5/3 498/5/3 497/5/3
f 508/5/3 499/5/3 507/5/3
f 509/1/3 500/1/3 499/1/3
f 509/5/3 499/5/3 508/5/3
f 510/5/3 16/5/3 500/5/3
f 510/1/3 500/1/3 509/1/3
f 511/1/3 502/1/3 501/1/3
f 511/5/3 501/5/3 14/5/3
f 512/5/3 503/5/3 502/5/3
f 512/1/3 502/1/3 511/1/3
f 512/5/3 504/5/3 503/5/3
f 513/5/3 504/5/3 512/5/3
f 514/1/3 505/1/3 504/1/3
f 514/5/3 504/5/3 513/5/3
f 515/5/3 506/5/3 505/5/3
f 515/1/3 505/1/3 514/1/3
f 515/5/3 507/5/3 506/5/3
f 516/5/3 507/5/3 515/5/3
f 517/1/3 508/1/3 507/1/3
f 517/5/3 507/5/3 516/5/3
f 518/5/3 509/5/3 508/5/3
f 518/1/3 508/1/3 517/1/3
f 518/5/3 510/5/3 509/5/3
f 519/5/3 510/5/3 518/5/3
f 520/5/3 512/5/3 511/5/3
f 520/1/3 513/1/3 512/1/3
f 521/5/3 514/5/3 513/5/3
f 521/1/3 513/1/3 520/1/3
f 521/5/3 515/5/3 514/5/3
f 522/5/3 515/5/3 521/5/3
f 523/1/3 516/1/3 515/1/3
f 523/5/3 515/5/3 522/5/3
f 524/5/3 517/5/3 516/5/3
f 524/1/3 516/1/3 523/1/3
f 524/5/3 518/5/3 517/5/3
f 525/5/3 518/5/3 524/5/3
f 526/1/3 519/1/3 518/1/3
f 526/5/3 518/5/3 525/5/3
f 527/5/3 510/5/3 519/5/3
f 527/1/3 519/1/3 526/1/3
f 528/5/3 16/5/3 510/5/3
f 528/5/3 510/5/3 527/5/3
f 529/5/3 511/5/3 14/5/3
f 529/5/3 520/5/3 511/5/3
f 529/5/3 521/5/3 520/5/3
f 530/5/3 521/5/3 529/5/3
f 531/1/3 522/1/3 521/1/3
f 531/5/3 521/5/3 530/5/3
f 532/5/3 523/5/3 522/5/3
f 532/1/3 522/1/3 531/1/3
f 532/5/3 524/5/3 523/5/3
f 533/5/3 524/5/3 532/5/3
f 534/1/3 525/1/3 524/1/3
f 534/5/3 524/5/3 533/5/3
f 535/5/3 527/5/3 526/5/3
f 535/1/3 525/1/3 534/1/3
f 535/5/3 526/5/3 525/5/3
f 536/5/3 527/5/3 535/5/3
f 537/1/3 528/1/3 527/1/3
f 537/5/3 527/5/3 536/5/3
f 538/5/3 16/5/3 528/5/3
f 538/1/3 528/1/3 537/1/3
f 539/1/3 530/1/3 529/1/3
f 539/5/3 529/5/3 14/5/3
f 540/5/3 531/5/3 530/5/3
f 540/1/3 530/1/3 539/1/3
f 540/5/3 532/5/3 531/5/3
f 541/5/3 532/5/3 540/5/3
f 542/1/3 533/1/3 532/1/3
f 542/5/3 532/5/3 541/5/3
f 543/5/3 534/5/3 533/5/3
f 543/1/3 533/1/3 542/1/3
f 543/5/3 535/5/3 534/5/3
f 544/5/3 535/5/3 543/5/3
f 545/1/3 536/1/3 535/1/3
f 545/5/3 535/5/3 544/5/3
f 546/5/3 537/5/3 536/5/3
f 546/1/3 536/1/3 545/1/3
f 546/5/3 538/5/3 537/5/3
f 547/5/3 538/5/3 546/5/3
f 548/5/3 540/5/3 539/5/3
f 548/1/3 541/1/3 540/1/3
f 549/5/3 542/5/3 541/5/3
f 549/1/3 541/1/3 548/1/3
f 549/5/3 543/5/3 542/5/3
f 550/5/3 543/5/3 549/5/3
f 551/1/3 544/1/3 543/1/3
f 551/5/3 543/5/3 550/5/3
f 552/5/3 545/5/3 544/5/3
f 552/1/3 544/1/3 551/1/3
f 552/5/3 546/5/3 545/5/3
f 553/5/3 546/5/3 552/5/3
f 554/1/3 547/1/3 546/1/3
f 554/5/3 546/5/3 553/5/3
f 555/5/3 538/5/3 547/5/3
f 555/1/3 547/1/3 554/1/3
f 556/5/3 16/5/3 538/5/3
f 556/5/3 538/5/3 555/5/3
f 557/5/3 539/5/3 14/5/3
f 557/5/3 548/5/3 539/5/3
f 557/5/3 549/5/3 548/5/3
f 558/5/3 549/5/3 557/5/3
f 559/1/3 550/1/3 549/1/3
f 559/5/3 549/5/3 558/5/3
f 560/5/3 551/5/3 550/5/3
f 560/1/3 550/1/3 559/1/3
f 560/5/3 552/5/3 551/5/3
f 561/5/3 552/5/3 560/5/3
f 562/1/3 553/1/3 552/1/3
f 562/5/3 552/5/3 561/5/3
f 563/5/3 555/5/3 554/5/3
f 563/1/3 553/1/3 562/1/3
f 563/5/3 554/5/3 553/5/3
f 564/5/3 555/5/3 563/5/3
f 565/1/3 556/1/3 555/1/3
f 565/5/3 555/5/3 564/5/3
f 566/5/3 16/5/3 556/5/3
f 566/1/3 556/1/3 565/1/3
f 567/1/3 558/1/3 557/1/3
f 567/5/3 557/5/3 14/5/3
f 568/5/3 559/5/3 558/5/3
f 568/1/3 558/1/3 567/1/3
f 568/5/3 560/5/3 559/5/3
f 569/5/3 560/5/3 568/5/3
f 570/1/3 561/1/3 560/1/3
f 570/5/3 560/5/3 569/5/3
f 571/5/3 562/5/3 561/5/3
f 571/1/3 561/1/3 570/1/3
f 571/5/3 563/5/3 562/5/3
f 572/5/3 563/5/3 571/5/3
f 573/1/3 564/1/3 563/1/3
f 573/5/3 563/5/3 572/5/3
f 574/5/3 565/5/3 564/5/3
f 574/1/3 564/1/3 573/1/3
f 574/5/3 566/5/3 565/5/3
f 575/5/3 566/5/3 574/5/3
f 576/5/3 568/5/3 567/5/3
f 576/1/3 569/1/3 568/1/3
f 577/5/3 570/5/3 569/5/3
f 577/1/3 569/1/3 576/1/3
f 577/5/3 571/5/3 570/5/3
f 578/5/3 571/5/3 577/5/3
f 579/1/3 572/1/3 571/1/3
f 579/5/3 571/5/3 578/5/3
f 580/5/3 573/5/3 572/5/3
f 580/1/3 572/1/3 579/1/3
f 580/5/3 574/5/3 573/5/3
f 581/5/3 574/5/3 580/5/3
f 582/1/3 575/1/3 574/1/3
f 582/5/3 574/5/3 581/5/3
f 583/5/3 566/5/3 575/5/3
f 583/1/3 575/1/3 582/1/3
f 584/5/3 16/5/3 566/5/3
f 584/5/3 566/5/3 583/5/3
f 585/5/3 567/5/3 14/5/3
f 585/5/3 576/5/3 567/5/3
f 585/5/3 577/5/3 576/5/3
f 586/5/3 577/5/3 585/5/3
f 587/1/3 578/1/3 577/1/3
f 587/5/3 577/5/3 586/5/3
f 588/5/3 579/5/3 578/5/3
f 588/1/3 578/1/3 587/1/3
f 588/5/3 580/5/3 579/5/3
f 589/5/3 580/5/3 588/5/3
f 590/1/3 581/1/3 580/1/3
f 590/5/3 580/5/3 589/5/3
f 591/5/3 583/5/3 582/5/3
f 591/1/3 581/1/3 590/1/3
f 591/5/3 582/5/3 581/5/3
f 592/5/3 583/5/3 591/5/3
f 593/1/3 584/1/3 583/1/3
f 593/5/3 583/5/3 592/5/3
f 594/5/3 16/5/3 584/5/3
f 594/1/3 584/1/3 593/1/3
f 595/1/3 586/1/3 585/1/3
f 595/5/3 585/5/3 14/5/3
f 596/5/3 587/5/3 586/5/3
f 596/1/3 586/1/3 595/1/3
f 596/5/3 588/5/3 587/5/3
f 597/5/3 588/5/3 596/5/3
f 598/1/3 589/1/3 588/1/3
f 598/5/3 588/5/3 597/5/3
f 599/5/3 590/5/3 589/5/3
f 599/1/3 589/1/3 598/1/3
f 599/5/3 591/5/3 590/5/3
f 600/5/3 591/5/3 599/5/3
f 601/1/3 592/1/3 591/1/3
f 601/5/3 591/5/3 600/5/3
f 602/5/3 593/5/3 592/5/3
f 602/1/3 592/1/3 601/1/3
f 602/5/3 594/5/3 593/5/3
f 603/5/3 594/5/3 602/5/3
f 604/5/3 596/5/3 595/5/3
f 604/1/3 597/1/3 596/1/3
f 605/5/3 598/5/3 597/5/3
f 605/1/3 597/1/3 604/1/3
f 605/5/3 599/5/3 598/5/3
f 606/5/3 599/5/3 605/5/3
f 607/1/3 600/1/3 599/1/3
f 607/5/3 599/5/3 606/5/3
f 608/5/3 601/5/3 600/5/3
f 608/1/3 600/1/3 607/1/3
f 608/5/3 602/5/3 601/5/3
f 609/5/3 602/5/3 608/5/3
f 610/1/3 603/1/3 602/1/3
f 610/5/3 602/5/3 609/5/3
f 611/5/3 594/5/3 603/5/3
f 611/1/3 603/1/3 610/1/3
f 612/5/3 16/5/3 594/5/3
f 612/5/3 594/5/3 611/5/3
f 613/5/3 595/5/3 14/5/3
f 613/5/3 604/5/3 595/5/3
f 613/5/3 605/5/3 604/5/3
f 614/5/3 605/5/3 613/5/3
f 615/1/3 606/1/3 605/1/3
f 615/5/3 605/5/3 614/5/3
f 616/5/3 607/5/3 606/5/3
f 616/1/3 606/1/3 615/1/3
f 616/5/3 608/5/3 607/5/3
f 617/5/3 608/5/3 616/5/3
f 618/1/3 609/1/3 608/1/3
f 618/5/3 608/5/3 617/5/3
f 619/5/3 611/5/3 610/5/3
f 619/1/3 609/1/3 618/1/3
f 619/5/3 610/5/3 609/5/3
f 620/5/3 611/5/3 619/5/3
f 621/1/3 612/1/3 611/1/3
f 621/5/3 611/5/3 620/5/3
f 622/5/3 16/5/3 612/5/3
f 622/1/3 612/1/3 621/1/3
f 623/1/3 614/1/3 613/1/3
f 623/5/3 613/5/3 14/5/3
f 624/5/3 615/5/3 614/5/3
f 624/1/3 614/1/3 623/1/3
f 624/5/3 616/5/3 615/5/3
f 625/5/3 616/5/3 624/5/3
f 626/1/3 617/1/3 616/1/3
f 626/5/3 616/5/3 625/5/3
f 627/5/3 618/5/3 617/5/3
f 627/1/3 617/1/3 626/1/3
f 627/5/3 619/5/3 618/5/3
f 628/5/3 619/5/3 627/5/3
f 629/1/3 620/1/3 619/1/3
f 629/5/3 619/5/3 628/5/3
f 630/5/3 621/5/3 620/5/3
f 630/1/3 620/1/3 629/1/3
f 630/5/3 622/5/3 621/5/3
f 631/5/3 622/5/3 630/5/3
f 632/5/3 624/5/3 623/5/3
f 632/1/3 625/1/3 624/1/3
f 633/5/3 626/5/3 625/5/3
f 633/1/3 625/1/3 632/1/3
f 633/5/3 627/5/3 626/5/3
f 634/5/3 627/5/3 633/5/3
f 635/1/3 628/1/3 627/1/3
f 635/5/3 627/5/3 634/5/3
f 636/5/3 629/5/3 628/5/3
f 636/1/3 628/1/3 635/1/3
f 636/5/3 630/5/3 629/5/3
f 637/5/3 630/5/3 636/5/3
f 638/1/3 631/1/3 630/1/3
f 638/5/3 630/5/3 637/5/3
f 639/5/3 622/5/3 631/5/3
f 639/1/3 631/1/3 638/1/3
f 640/5/3 16/5/3 622/5/3
f 640/5/3 622/5/3 639/5/3
f 641/5/3 623/5/3 14/5/3
f 641/5/3 632/5/3 623/5/3
f 641/5/3 633/5/3 632/5/3
f 642/5/3 633/5/3 641/5/3
f 643/1/3 634/1/3 633/1/3
f 643/5/3 633/5/3 642/5/3
f 644/5/3 635/5/3 634/5/3
f 644/1/3 634/1/3 643/1/3
f 644/5/3 636/5/3 635/5/3
f 645/5/3 636/5/3 644/5/3
f 646/1/3 637/1/3 636/1/3
f 646/5/3 636/5/3 645/5/3
f 647/5/3 639/5/3 638/5/3
f 647/1/3 637/1/3 646/1/3
f 647/5/3 638/5/3 637/5/3
f 648/5/3 639/5/3 647/5/3
f 649/1/3 640/1/3 639/1/3
f 649/5/3 639/5/3 648/5/3
f 650/5/3 16/5/3 640/5/3
f 650/1/3 640/1/3 649/1/3
f 651/1/3 642/1/3 641/1/3
f 651/5/3 641/5/3 14/5/3
f 652/5/3 643/5/3 642/5/3
f 652/1/3 642/1/3 651/1/3
f 652/5/3 644/5/3 643/5/3
f 653/5/3 644/5/3 652/5/3
f 654/1/3 645/1/3 644/1/3
f 654/5/3 644/5/3 653/5/3
f 655/5/3 646/5/3 645/5/3
f 655/1/3 645/1/3 654/1/3
f 655/5/3 647/5/3 646/5/3
f 656/5/3 647/5/3 655/5/3
f 657/1/3 648/1/3 647/1/3
f 657/5/3 647/5/3 656/5/3
f 658/5/3 649/5/3 648/5/3
f 658/1/3 648/1/3 657/1/3
f 658/5/3 650/5/3 649/5/3
f 659/5/3 650/5/3 658/5/3
f 660/5/3 652/5/3 651/5/3
f 660/1/3 653/1/3 652/1/3
f 661/5/3 654/5/3 653/5/3
f 661/1/3 653/1/3 660/1/3
f 661/5/3 655/5/3 654/5/3
f 662/5/3 655/5/3 661/5/3
f 663/1/3 656/1/3 655/1/3
f 663/5/3 655/5/3 662/5/3
f 664/5/3 657/5/3 656/5/3
f 664/1/3 656/1/3 663/1/3
f 664/5/3 658/5/3 657/5/3
f 665/5/3 658/5/3 664/5/3
f 666/1/3 659/1/3 658/1/3
f 666/5/3 658/5/3 665/5/3
f 667/5/3 650/5/3 659/5/3
f 667/1/3 659/1/3 666/1/3
f 668/5/3 16/5/3 650/5/3
f 668/5/3 650/5/3 667/5/3
f 669/5/3 651/5/3 14/5/3
f 669/5/3 660/5/3 651/5/3
f 669/5/3 661/5/3 660/5/3
f 670/5/3 661/5/3 669/5/3
f 671/1/3 662/1/3 661/1/3
f 671/5/3 661/5/3 670/5/3
f 672/5/3 663/5/3 662/5/3
f 672/1/3 662/1/3 671/1/3
f 672/5/3 664/5/3 663/5/3
f 673/5/3 664/5/3 672/5/3
f 674/1/3 665/1/3 664/1/3
f 674/5/3 664/5/3 673/5/3
f 675/5/3 667/5/3 666/5/3
f 675/1/3 665/1/3 674/1/3
f 675/5/3 666/5/3 665/5/3
f 676/5/3 667/5/3 675/5/3
f 677/1/3 668/1/3 667/1/3
f 677/5/3 667/5/3 676/5/3
f 678/5/3 16/5/3 668/5/3
f 678/1/3 668/1/3 677/1/3
f 679/1/3 670/1/3 669/1/3
f 679/5/3 669/5/3 14/5/3
f 680/5/3 671/5/3 670/5/3
f 680/1/3 670/1/3 679/1/3
f 680/5/3 672/5/3 671/5/3
f 681/5/3 672/5/3 680/5/3
f 682/1/3 673/1/3 672/1/3
f 682/5/3 672/5/3 681/5/3
f 683/5/3 674/5/3 673/5/3
f 683/1/3 673/1/3 682/1/3
f 683/5/3 675/5/3 674/5/3
f 684/5/3 675/5/3 683/5/3
f 685/1/3 676/1/3 675/1/3
f 685/5/3 675/5/3 684/5/3
f 686/5/3 677/5/3 676/5/3
f 686/1/3 676/1/3 685/1/3
f 686/5/3 678/5/3 677/5/3
f 687/5/3 678/5/3 686/5/3
f 688/5/3 680/5/3 679/5/3
f 688/1/3 681/1/3 680/1/3
f 689/5/3 682/5/3 681/5/3
f 689/1/3 681/1/3 688/1/3
f 689/5/3 683/5/3 682/5/3
f 690/5/3 683/5/3 689/5/3
f 691/1/3 684/1/3 683/1/3
f 691/5/3 683/5/3 690/5/3
f 692/5/3 685/5/3 684/5/3
f 692/1/3 684/1/3 691/1/3
f 692/5/3 686/5/3 685/5/3
f 693/5/3 686/5/3 692/5/3
f 694/1/3 687/1/3 686/1/3
f 694/5/3 686/5/3 693/5/3
f 695/5/3 678/5/3 687/5/3
f 695/1/3 687/1/3 694/1/3
f 696/5/3 16/5/3 678/5/3
f 696/5/3 678/5/3 695/5/3
f 697/5/3 679/5/3 14/5/3
f 697/5/3 688/5/3 679/5/3
f 697/5/3 689/5/3 688/5/3
f 698/5/3 689/5/3 697/5/3
f 699/1/3 690/1/3 689/1/3
f 699/5/3 689/5/3 698/5/3
f 700/5/3 691/5/3 690/5/3
f 700/1/3 690/1/3 699/1/3
f 700/5/3 692/5/3 691/5/3
f 701/5/3 692/5/3 700/5/3
f 702/1/3 693/1/3 692/1/3
f 702/5/3 692/5/3 701/5/3
f 703/5/3 695/5/3 694/5/3
f 703/1/3 693/1/3 702/1/3
f 703/5/3 694/5/3 693/5/3
f 704/5/3 695/5/3 703/5/3
f 705/1/3 696/1/3 695/1/3
f 705/5/3 695/5/3 704/5/3
f 706/5/3 16/5/3 696/5/3
f 706/1/3 696/1/3 705/1/3
f 707/1/3 698/1/3 697/1/3
f 707/5/3 697/5/3 14/5/3
f 708/5/3 699/5/3 698/5/3
f 708/1/3 698/1/3 707/1/3
f 708/5/3 700/5/3 699/5/3
f 709/5/3 700/5/3 708/5/3
f 710/1/3 701/1/3 700/1/3
f 710/5/3 700/5/3 709/5/3
f 711/5/3 702/5/3 701/5/3
f 711/1/3 701/1/3 710/1/3
f 711/5/3 703/5/3 702/5/3
f 712/5/3 703/5/3 711/5/3
f 713/1/3 704/1/3 703/1/3
f 713/5/3 703/5/3 712/5/3
f 714/5/3 705/5/3 704/5/3
f 714/1/3 704/1/3 713/1/3
f 714/5/3 706/5/3 705/5/3
f 715/5/3 706/5/3 714/5/3
f 716/5/3 708/5/3 707/5/3
f 716/1/3 709/1/3 708/1/3
f 717/5/3 710/5/3 709/5/3
f 717/1/3 709/1/3 716/1/3
f 717/5/3 711/5/3 710/5/3
f 718/5/3 711/5/3 717/5/3
f 719/1/3 712/1/3 711/1/3
f 719/5/3 711/5/3 718/5/3
f 720/5/3 713/5/3 712/5/3
f 720/1/3 712/1/3 719/1/3
f 720/5/3 714/5/3 713/5/3
f 721/5/3 714/5/3 720/5/3
f 722/1/3 715/1/3 714/1/3
f 722/5/3 714/5/3 721/5/3
f 723/5/3 706/5/3 715/5/3
f 723/1/3 715/1/3 722/1/3
f 724/5/3 16/5/3 706/5/3
f 724/5/3 706/5/3 723/5/3
f 725/5/3 707/5/3 14/5/3
f 725/5/3 716/5/3 707/5/3
f 725/5/3 717/5/3 716/5/3
f 726/5/3 717/5/3 725/5/3
f 727/1/3 718/1/3 717/1/3
f 727/5/3 717/5/3 726/5/3
f 728/5/3 719/5/3 718/5/3
f 728/1/3 718/1/3 727/1/3
f 728/5/3 720/5/3 719/5/3
f 729/5/3 720/5/3 728/5/3
f 730/1/3 721/1/3 720/1/3
f 730/5/3 720/5/3 729/5/3
f 731/5/3 723/5/3 722/5/3
f 731/1/3 721/1/3 730/1/3
f 731/5/3 722/5/3 721/5/3
f 732/5/3 723/5/3 731/5/3
f 733/1/3 724/1/3 723/1/3
f 733/5/3 723/5/3 732/5/3
f 734/5/3 16/5/3 724/5/3
f 734/1/3 724/1/3 733/1/3
f 735/1/3 726/1/3 725/1/3
f 735/5/3 725/5/3 14/5/3
f 736/5/3 727/5/3 726/5/3
f 736/1/3 726/1/3 735/1/3
f 736/5/3 728/5/3 727/5/3
f 737/5/3 728/5/3 736/5/3
f 738/1/3 729/1/3 728/1/3
f 738/5/3 728/5/3 737/5/3
f 739/5/3 730/5/3 729/5/3
f 739/1/3 729/1/3 738/1/3
f 739/5/3 731/5/3 730/5/3
f 740/5/3 731/5/3 739/5/3
f 741/1/3 732/1/3 731/1/3
f 741/5/3 731/5/3 740/5/3
f 742/5/3 733/5/3 732/5/3
f 742/1/3 732/1/3 741/1/3
f 742/5/3 734/5/3 733/5/3
f 743/5/3 734/5/3 742/5/3
f 744/5/3 736/5/3 735/5/3
f 744/1/3 737/1/3 736/1/3
f 745/5/3 738/5/3 737/5/3
f 745/1/3 737/1/3 744/1/3
f 745/5/3 739/5/3 738/5/3
f 746/5/3 739/5/3 745/5/3
f 747/1/3 740/1/3 739/1/3
f 747/5/3 739/5/3 746/5/3
f 748/5/3 741/5/3 740/5/3
f 748/1/3 740/1/3 747/1/3
f 748/5/3 742/5/3 741/5/3
f 749/5/3 742/5/3 748/5/3
f 750/1/3 743/1/3 742/1/3
f 750/5/3 742/5/3 749/5/3
f 751/5/3 734/5/3 743/5/3
f 751/1/3 743/1/3 750/1/3
f 752/5/3 16/5/3 734/5/3
f 752/5/3 734/5/3 751/5/3
f 753/5/3 735/5/3 14/5/3
f 753/5/3 744/5/3 735/5/3
f 753/5/3 745/5/3 744/5/3
f 754/5/3 745/5/3 753/5/3
f 755/1/3 746/1/3 745/1/3
f 755/5/3 745/5/3 754/5/3
f 756/5/3 747/5/3 746/5/3
f 756/1/3 746/1/3 755/1/3
f 756/5/3 748/5/3 747/5/3
f 757/5/3 748/5/3 756/5/3
f 758/1/3 749/1/3 748/1/3
f 758/5/3 748/5/3 757/5/3
f 759/5/3 751/5/3 750/5/3
f 759/1/3 749/1/3 758/1/3
f 759/5/3 750/5/3 749/5/3
f 760/5/3 751/5/3 759/5/3
f 761/1/3 752/1/3 751/1/3
f 761/5/3 751/5/3 760/5/3
f 762/5/3 16/5/3 752/5/3
f 762/1/3 752/1/3 761/1/3
f 763/2/3 276/2/3 275/2/3
f 763/4/3 274/4/3 273/4/3
f 763/2/3 275/2/3 274/2/3
f 764/2/3 276/2/3 763/2/3
f 765/1/3 754/1/3 753/1/3
f 765/5/3 753/5/3 14/5/3
f 766/5/3 755/5/3 754/5/3
f 766/1/3 754/1/3 765/1/3
f 766/5/3 756/5/3 755/5/3
f 767/5/3 756/5/3 766/5/3
f 768/1/3 757/1/3 756/1/3
f 768/5/3 756/5/3 767/5/3
f 769/5/3 758/5/3 757/5/3
f 769/1/3 757/1/3 768/1/3
f 769/5/3 759/5/3 758/5/3
f 770/5/3 759/5/3 769/5/3
f 771/1/3 760/1/3 759/1/3
f 771/5/3 759/5/3 770/5/3
f 772/5/3 761/5/3 760/5/3
f 772/1/3 760/1/3 771/1/3
f 772/5/3 762/5/3 761/5/3
f 773/5/3 762/5/3 772/5/3
f 774/4/3 763/4/3 273/4/3
f 774/2/3 273/2/3 272/2/3
f 774/4/3 764/4/3 763/4/3
f 775/4/3 764/4/3 774/4/3
f 776/1/3 767/1/3 766/1/3
f 776/5/3 766/5/3 765/5/3
f 777/5/3 768/5/3 767/5/3
f 777/1/3 767/1/3 776/1/3
f 777/5/3 769/5/3 768/5/3
f 778/5/3 769/5/3 777/5/3
f 779/1/3 770/1/3 769/1/3
f 779/5/3 769/5/3 778/5/3
f 780/5/3 771/5/3 770/5/3
f 780/1/3 770/1/3 779/1/3
f 780/5/3 772/5/3 771/5/3
f 781/5/3 772/5/3 780/5/3
f 782/1/3 773/1/3 772/1/3
f 782/5/3 772/5/3 781/5/3
f 783/5/3 762/5/3 773/5/3
f 783/1/3 773/1/3 782/1/3
f 784/5/3 16/5/3 762/5/3
f 784/5/3 762/5/3 783/5/3
f 785/5/3 765/5/3 14/5/3
f 785/5/3 776/5/3 765/5/3
f 785/5/3 777/5/3 776/5/3
f 786/5/3 777/5/3 785/5/3
f 787/1/3 778/1/3 777/1/3
f 787/5/3 777/5/3 786/5/3
f 788/5/3 779/5/3 778/5/3
f 788/1/3 778/1/3 787/1/3
f 788/5/3 780/5/3 779/5/3
f 789/5/3 780/5/3 788/5/3
f 790/1/3 781/1/3 780/1/3
f 790/5/3 780/5/3 789/5/3
f 791/5/3 783/5/3 782/5/3
f 791/1/3 781/1/3 790/1/3
f 791/5/3 782/5/3 781/5/3
f 792/5/3 783/5/3 791/5/3
f 793/1/3 784/1/3 783/1/3
f 793/5/3 783/5/3 792/5/3
f 794/5/3 16/5/3 784/5/3
f 794/1/3 784/1/3 793/1/3
f 795/1/3 786/1/3 785/1/3
f 795/5/3 785/5/3 14/5/3
f 796/5/3 787/5/3 786/5/3
f 796/1/3 786/1/3 795/1/3
f 796/5/3 788/5/3 787/5/3
f 797/5/3 788/5/3 796/5/3
f 798/1/3 789/1/3 788/1/3
f 798/5/3 788/5/3 797/5/3
f 799/5/3 790/5/3 789/5/3
f 799/1/3 789/1/3 798/1/3
f 799/5/3 791/5/3 790/5/3
f 800/5/3 791/5/3 799/5/3
f 801/1/3 792/1/3 791/1/3
f 801/5/3 791/5/3 800/5/3
f 802/5/3 793/5/3 792/5/3
f 802/1/3 792/1/3 801/1/3
f 802/5/3 794/5/3 793/5/3
f 803/5/3 794/5/3 802/5/3
f 804/5/3 796/5/3 795/5/3
f 804/1/3 797/1/3 796/1/3
f 805/5/3 798/5/3 797/5/3
f 805/1/3 797/1/3 804/1/3
f 805/5/3 799/5/3 798/5/3
f 806/5/3 799/5/3 805/5/3
f 807/1/3 800/1/3 799/1/3
f 807/5/3 799/5/3 806/5/3
f 808/5/3 801/5/3 800/5/3
f 808/1/3 800/1/3 807/1/3
f 808/5/3 802/5/3 801/5/3
f 809/5/3 802/5/3 808/5/3
f 810/1/3 803/1/3 802/1/3
f 810/5/3 802/5/3 809/5/3
f 811/5/3 794/5/3 803/5/3
f 811/1/3 803/1/3 810/1/3
f 812/5/3 16/5/3 794/5/3
f 812/5/3 794/5/3 811/5/3
f 813/5/3 804/5/3 795/5/3
f 813/5/3 795/5/3 14/5/3
f 813/5/3 805/5/3 804/5/3
f 814/5/3 805/5/3 813/5/3
f 815/1/3 806/1/3 805/1/3
f 815/5/3 805/5/3 814/5/3
f 816/5/3 807/5/3 806/5/3
f 816/1/3 806/1/3 815/1/3
f 816/5/3 808/5/3 807/5/3
f 817/5/3 808/5/3 816/5/3
f 818/1/3 809/1/3 808/1/3
f 818/5/3 808/5/3 817/5/3
f 819/5/3 811/5/3 810/5/3
f 819/1/3 809/1/3 818/1/3
f 819/5/3 810/5/3 809/5/3
f 820/5/3 811/5/3 819/5/3
f 821/1/3 812/1/3 811/1/3
f 821/5/3 811/5/3 820/5/3
f 822/5/3 16/5/3 812/5/3
f 822/1/3 812/1/3 821/1/3
f 823/1/3 814/1/3 813/1/3
f 823/5/3 813/5/3 14/5/3
f 824/5/3 815/5/3 814/5/3
f 824/1/3 814/1/3 823/1/3
f 824/5/3 816/5/3 815/5/3
f 825/5/3 816/5/3 824/5/3
f 826/1/3 817/1/3 816/1/3
f 826/5/3 816/5/3 825/5/3
f 827/5/3 818/5/3 817/5/3
f 827/1/3 817/1/3 826/1/3
f 827/5/3 819/5/3 818/5/3
f 828/5/3 819/5/3 827/5/3
f 829/1/3 820/1/3 819/1/3
f 829/5/3 819/5/3 828/5/3
f 830/5/3 821/5/3 820/5/3
f 830/1/3 820/1/3 829/1/3
f 830/5/3 822/5/3 821/5/3
f 831/5/3 822/5/3 830/5/3
f 832/5/3 824/5/3 823/5/3
f 832/1/3 825/1/3 824/1/3
f 833/5/3 826/5/3 825/5/3
f 833/1/3 825/1/3 832/1/3
f 833/5/3 827/5/3 826/5/3
f 834/5/3 827/5/3 833/5/3
f 835/1/3 828/1/3 827/1/3
f 835/5/3 827/5/3 834/5/3
f 836/5/3 829/5/3 828/5/3
f 836/1/3 828/1/3 835/1/3
f 836/5/3 830/5/3 829/5/3
f 837/5/3 830/5/3 836/5/3
f 838/1/3 831/1/3 830/1/3
f 838/5/3 830/5/3 837/5/3
f 839/5/3 822/5/3 831/5/3
f 839/1/3 831/1/3 838/1/3
f 840/5/3 16/5/3 822/5/3
f 840/5/3 822/5/3 839/5/3
f 841/5/3 823/5/3 14/5/3
f 841/5/3 832/5/3 823/5/3
f 841/5/3 833/5/3 832/5/3
f 842/5/3 833/5/3 841/5/3
f 843/1/3 834/1/3 833/1/3
f 843/5/3 833/5/3 842/5/3
f 844/5/3 835/5/3 834/5/3
f 844/1/3 834/1/3 843/1/3
f 844/5/3 836/5/3 835/5/3
f 845/5/3 836/5/3 844/5/3
f 846/1/3 837/1/3 836/1/3
f 846/5/3 836/5/3 845/5/3
f 847/5/3 839/5/3 838/5/3
f 847/1/3 837/1/3 846/1/3
f 847/5/3 838/5/3 837/5/3
f 848/5/3 839/5/3 847/5/3
f 849/1/3 840/1/3 839/1/3
f 849/5/3 839/5/3 848/5/3
f 850/5/3 16/5/3 840/5/3
f 850/1/3 840/1/3 849/1/3
f 851/1/3 842/1/3 841/1/3
f 851/5/3 841/5/3 14/5/3
f 852/5/3 843/5/3 842/5/3
f 852/1/3 842/1/3 851/1/3
f 852/5/3 844/5/3 843/5/3
f 853/5/3 844/5/3 852/5/3
f 854/1/3 845/1/3 844/1/3
f 854/5/3 844/5/3 853/5/3
f 855/5/3 846/5/3 845/5/3
f 855/1/3 845/1/3 854/1/3
f 855/5/3 847/5/3 846/5/3
f 856/5/3 847/5/3 855/5/3
f 857/1/3 848/1/3 847/1/3
f 857/5/3 847/5/3 856/5/3
f 858/5/3 849/5/3 848/5/3
f 858/1/3 848/1/3 857/1/3
f 858/5/3 850/5/3 849/5/3
f 859/5/3 850/5/3 858/5/3
f 860/5/3 852/5/3 851/5/3
f 860/1/3 853/1/3 852/1/3
f 861/5/3 854/5/3 853/5/3
f 861/1/3 853/1/3 860/1/3
f 861/5/3 855/5/3 854/5/3
f 862/5/3 855/5/3 861/5/3
f 863/1/3 856/1/3 855/1/3
f 863/5/3 855/5/3 862/5/3
f 864/5/3 857/5/3 856/5/3
f 864/1/3 856/1/3 863/1/3
f 864/5/3 858/5/3 857/5/3
f 865/5/3 858/5/3 864/5/3
f 866/1/3 859/1/3 858/1/3
f 866/5/3 858/5/3 865/5/3
f 867/5/3 850/5/3 859/5/3
f 867/1/3 859/1/3 866/1/3
f 868/5/3 16/5/3 850/5/3
f 868/5/3 850/5/3 867/5/3
f 869/5/3 851/5/3 14/5/3
f 869/5/3 860/5/3 851/5/3
f 869/5/3 861/5/3 860/5/3
f 870/5/3 861/5/3 869/5/3
f 871/1/3 862/1/3 861/1/3
f 871/5/3 861/5/3 870/5/3
f 872/5/3 863/5/3 862/5/3
f 872/1/3 862/1/3 871/1/3
f 872/5/3 864/5/3 863/5/3
f 873/5/3 864/5/3 872/5/3
f 874/1/3 865/1/3 864/1/3
f 874/5/3 864/5/3 873/5/3
f 875/5/3 867/5/3 866/5/3
f 875/1/3 865/1/3 874/1/3
f 875/5/3 866/5/3 865/5/3
f 876/5/3 867/5/3 875/5/3
f 877/1/3 868/1/3 867/1/3
f 877/5/3 867/5/3 876/5/3
f 878/5/3 16/5/3 868/5/3
f 878/1/3 868/1/3 877/1/3
f 879/1/3 870/1/3 869/1/3
f 879/5/3 869/5/3 14/5/3
f 880/5/3 871/5/3 870/5/3
f 880/1/3 870/1/3 879/1/3
f 880/5/3 872/5/3 871/5/3
f 881/5/3 872/5/3 880/5/3
f 882/1/3 873/1/3 872/1/3
f 882/5/3 872/5/3 881/5/3
f 883/5/3 874/5/3 873/5/3
f 883/1/3 873/1/3 882/1/3
f 883/5/3 875/5/3 874/5/3
f 884/5/3 875/5/3 883/5/3
f 885/1/3 876/1/3 875/1/3
f 885/5/3 875/5/3 884/5/3
f 886/5/3 877/5/3 876/5/3
f 886/1/3 876/1/3 885/1/3
f 886/5/3 878/5/3 877/5/3
f 887/5/3 878/5/3 886/5/3
f 888/5/3 880/5/3 879/5/3
f 888/1/3 881/1/3 880/1/3
f 889/5/3 882/5/3 881/5/3
f 889/1/3 881/1/3 888/1/3
f 889/5/3 883/5/3 882/5/3
f 890/5/3 883/5/3 889/5/3
f 891/1/3 884/1/3 883/1/3
f 891/5/3 883/5/3 890/5/3
f 892/5/3 885/5/3 884/5/3
f 892/1/3 884/1/3 891/1/3
f 892/5/3 886/5/3 885/5/3
f 893/5/3 886/5/3 892/5/3
f 894/1/3 887/1/3 886/1/3
f 894/5/3 886/5/3 893/5/3
f 895/5/3 878/5/3 887/5/3
f 895/1/3 887/1/3 894/1/3
f 896/5/3 16/5/3 878/5/3
f 896/5/3 878/5/3 895/5/3
f 897/5/3 879/5/3 14/5/3
f 897/5/3 888/5/3 879/5/3
f 897/5/3 889/5/3 888/5/3
f 898/5/3 889/5/3 897/5/3
f 899/1/3 890/1/3 889/1/3
f 899/5/3 889/5/3 898/5/3
f 900/5/3 891/5/3 890/5/3
f 900/1/3 890/1/3 899/1/3
f 900/5/3 892/5/3 891/5/3
f 901/5/3 892/5/3 900/5/3
f 902/1/3 893/1/3 892/1/3
f 902/5/3 892/5/3 901/5/3
f 903/5/3 895/5/3 894/5/3
f 903/1/3 893/1/3 902/1/3
f 903/5/3 894/5/3 893/5/3
f 904/5/3 895/5/3 903/5/3
f 905/1/3 896/1/3 895/1/3
f 905/5/3 895/5/3 904/5/3
f 906/5/3 16/5/3 896/5/3
f 906/1/3 896/1/3 905/1/3
f 907/1/3 898/1/3 897/1/3
f 907/5/3 897/5/3 14/5/3
f 908/5/3 899/5/3 898/5/3
f 908/1/3 898/1/3 907/1/3
f 908/5/3 900/5/3 899/5/3
f 909/5/3 900/5/3 908/5/3
f 910/1/3 901/1/3 900/1/3
f 910/5/3 900/5/3 909/5/3
f 911/5/3 902/5/3 901/5/3
f 911/1/3 901/1/3 910/1/3
f 911/5/3 903/5/3 902/5/3
f 912/5/3 903/5/3 911/5/3
f 913/1/3 904/1/3 903/1/3
f 913/5/3 903/5/3 912/5/3
f 914/5/3 905/5/3 904/5/3
f 914/1/3 904/1/3 913/1/3
f 914/5/3 906/5/3 905/5/3
f 915/5/3 906/5/3 914/5/3
f 916/5/3 908/5/3 907/5/3
f 916/1/3 909/1/3 908/1/3
f 917/5/3 910/5/3 909/5/3
f 917/1/3 909/1/3 916/1/3
f 917/5/3 911/5/3 910/5/3
f 918/5/3 911/5/3 917/5/3
f 919/1/3 912/1/3 911/1/3
f 919/5/3 911/5/3 918/5/3
f 920/5/3 913/5/3 912/5/3
f 920/1/3 912/1/3 919/1/3
f 920/5/3 914/5/3 913/5/3
f 921/5/3 914/5/3 920/5/3
f 922/1/3 915/1/3 914/1/3
f 922/5/3 914/5/3 921/5/3
f 923/5/3 906/5/3 915/5/3
f 923/1/3 915/1/3 922/1/3
f 924/5/3 16/5/3 906/5/3
f 924/5/3 906/5/3 923/5/3
f 925/5/3 907/5/3 14/5/3
f 925/5/3 916/5/3 907/5/3
f 925/5/3 917/5/3 916/5/3
f 926/5/3 917/5/3 925/5/3
f 927/1/3 918/1/3 917/1/3
f 927/5/3 917/5/3 926/5/3
f 928/5/3 919/5/3 918/5/3
f 928/1/3 918/1/3 927/1/3
f 928/5/3 920/5/3 919/5/3
f 929/5/3 920/5/3 928/5/3
f 930/1/3 921/1/3 920/1/3
f 930/5/3 920/5/3 929/5/3
f 931/5/3 923/5/3 922/5/3
f 931/1/3 921/1/3 930/1/3
f 931/5/3 922/5/3 921/5/3
f 932/5/3 923/5/3 931/5/3
f 933/1/3 924/1/3 923/1/3
f 933/5/3 923/5/3 932/5/3
f 934/5/3 16/5/3 924/5/3
f 934/1/3 924/1/3 933/1/3
f 935/1/3 926/1/3 925/1/3
f 935/5/3 925/5/3 14/5/3
f 936/5/3 927/5/3 926/5/3
f 936/1/3 926/1/3 935/1/3
f 936/5/3 928/5/3 927/5/3
f 937/5/3 928/5/3 936/5/3
f 938/1/3 929/1/3 928/1/3
f 938/5/3 928/5/3 937/5/3
f 939/5/3 930/5/3 929/5/3
f 939/1/3 929/1/3 938/1/3
f 939/5/3 931/5/3 930/5/3
f 940/5/3 931/5/3 939/5/3
f 941/1/3 932/1/3 931/1/3
f 941/5/3 931/5/3 940/5/3
f 942/5/3 933/5/3 932/5/3
f 942/1/3 932/1/3 941/1/3
f 942/5/3 934/5/3 933/5/3
f 943/5/3 934/5/3 942/5/3
f 944/5/3 936/5/3 935/5/3
f 944/1/3 937/1/3 936/1/3
f 945/5/3 938/5/3 937/5/3
f 945/1/3 937/1/3 944/1/3
f 945/5/3 939/5/3 938/5/3
f 946/5/3 939/5/3 945/5/3
f 947/1/3 940/1/3 939/1/3
f 947/5/3 939/5/3 946/5/3
f 948/5/3 941/5/3 940/5/3
f 948/1/3 940/1/3 947/1/3
f 948/5/3 942/5/3 941/5/3
f 949/5/3 942/5/3 948/5/3
f 950/1/3 943/1/3 942/1/3
f 950/5/3 942/5/3 949/5/3
f 951/5/3 934/5/3 943/5/3
f 951/1/3 943/1/3 950/1/3
f 952/5/3 16/5/3 934/5/3
f 952/5/3 934/5/3 951/5/3
f 953/5/3 935/5/3 14/5/3
f 953/5/3 944/5/3 935/5/3
f 953/5/3 945/5/3 944/5/3
f 954/5/3 945/5/3 953/5/3
f 955/1/3 946/1/3 945/1/3
f 955/5/3 945/5/3 954/5/3
f 956/5/3 947/5/3 946/5/3
f 956/1/3 946/1/3 955/1/3
f 956/5/3 948/5/3 947/5/3
f 957/5/3 948/5/3 956/5/3
f 958/1/3 949/1/3 948/1/3
f 958/5/3 948/5/3 957/5/3
f 959/5/3 951/5/3 950/5/3
f 959/1/3 949/1/3 958/1/3
f 959/5/3 950/5/3 949/5/3
f 960/5/3 951/5/3 959/5/3
f 961/1/3 952/1/3 951/1/3
f 961/5/3 951/5/3 960/5/3
f 962/5/3 16/5/3 952/5/3
f 962/1/3 952/1/3 961/1/3
f 963/1/3 954/1/3 953/1/3
f 963/5/3 953/5/3 14/5/3
f 964/5/3 955/5/3 954/5/3
f 964/1/3 954/1/3 963/1/3
f 964/5/3 956/5/3 955/5/3
f 965/5/3 956/5/3 964/5/3
f 966/1/3 957/1/3 956/1/3
f 966/5/3 956/5/3 965/5/3
f 967/5/3 958/5/3 957/5/3
f 967/1/3 957/1/3 966/1/3
f 967/5/3 959/5/3 958/5/3
f 968/5/3 959/5/3 967/5/3
f 969/1/3 960/1/3 959/1/3
f 969/5/3 959/5/3 968/5/3
f 970/5/3 961/5/3 960/5/3
f 970/1/3 960/1/3 969/1/3
f 970/5/3 962/5/3 961/5/3
f 971/5/3 962/5/3 970/5/3
f 972/5/3 964/5/3 963/5/3
f 972/1/3 965/1/3 964/1/3
f 973/5/3 966/5/3 965/5/3
f 973/1/3 965/1/3 972/1/3
f 973/5/3 967/5/3 966/5/3
f 974/5/3 967/5/3 973/5/3
f 975/1/3 968/1/3 967/1/3
f 975/5/3 967/5/3 974/5/3
f 976/5/3 969/5/3 968/5/3
f 976/1/3 968/1/3 975/1/3
f 976/5/3 970/5/3 969/5/3
f 977/5/3 970/5/3 976/5/3
f 978/1/3 971/1/3 970/1/3
f 978/5/3 970/5/3 977/5/3
f 979/5/3 962/5/3 971/5/3
f 979/1/3 971/1/3 978/1/3
f 980/5/3 16/5/3 962/5/3
f 980/5/3 962/5/3 979/5/3
f 981/5/3 963/5/3 14/5/3
f 981/5/3 972/5/3 963/5/3
f 981/5/3 973/5/3 972/5/3
f 982/5/3 973/5/3 981/5/3
f 983/1/3 974/1/3 973/1/3
f 983/5/3 973/5/3 982/5/3
f 984/5/3 975/5/3 974/5/3
f 984/1/3 974/1/3 983/1/3
f 984/5/3 976/5/3 975/5/3
f 985/5/3 976/5/3 984/5/3
f 986/1/3 977/1/3 976/1/3
f 986/5/3 976/5/3 985/5/3
f 987/5/3 979/5/3 978/5/3
f 987/1/3 977/1/3 986/1/3
f 987/5/3 978/5/3 977/5/3
f 988/5/3 979/5/3 987/5/3
f 989/1/3 980/1/3 979/1/3
f 989/5/3 979/5/3 988/5/3
f 990/5/3 16/5/3 980/5/3
f 990/1/3 980/1/3 989/1/3
f 991/1/3 982/1/3 981/1/3
f 991/5/3 981/5/3 14/5/3
f 992/5/3 983/5/3 982/5/3
f 992/1/3 982/1/3 991/1/3
f 992/5/3 984/5/3 983/5/3
f 993/5/3 984/5/3 992/5/3
f 994/1/3 985/1/3 984/1/3
f 994/5/3 984/5/3 993/5/3
f 995/5/3 986/5/3 985/5/3
f 995/1/3 985/1/3 994/1/3
f 995/5/3 987/5/3 986/5/3
f 996/5/3 987/5/3 995/5/3
f 997/1/3 988/1/3 987/1/3
f 997/5/3 987/5/3 996/5/3
f 998/5/3 989/5/3 988/5/3
f 998/1/3 988/1/3 997/1/3
f 998/5/3 990/5/3 989/5/3
f 999/5/3 990/5/3 998/5/3
f 1000/5/3 992/5/3 991/5/3
f 1000/1/3 993/1/3 992/1/3
f 1001/5/3 994/5/3 993/5/3
f 1001/1/3 993/1/3 1000/1/3
f 1001/5/3 995/5/3 994/5/3
f 1002/5/3 995/5/3 1001/5/3
f 1003/1/3 996/1/3 995/1/3
f 1003/5/3 995/5/3 1002/5/3
f 1004/5/3 997/5/3 996/5/3
f 1004/1/3 996/1/3 1003/1/3
f 1004/5/3 998/5/3 997/5/3
f 1005/5/3 998/5/3 1004/5/3
f 1006/1/3 999/1/3 998/1/3
f 1006/5/3 998/5/3 1005/5/3
f 1007/5/3 990/5/3 999/5/3
f 1007/1/3 999/1/3 1006/1/3
f 1008/5/3 16/5/3 990/5/3
f 1008/5/3 990/5/3 1007/5/3
f 1009/5/3 991/5/3 14/5/3
f 1009/5/3 1000/5/3 991/5/3
f 1009/5/3 1001/5/3 1000/5/3
f 1010/5/3 1001/5/3 1009/5/3
f 1011/1/3 1002/1/3 1001/1/3
f 1011/5/3 1001/5/3 1010/5/3
f 1012/5/3 1003/5/3 1002/5/3
f 1012/1/3 1002/1/3 1011/1/3
f 1012/5/3 1004/5/3 1003/5/3
f 1013/5/3 1004/5/3 1012/5/3
f 1014/1/3 1005/1/3 1004/1/3
f 1014/5/3 1004/5/3 1013/5/3
f 1015/5/3 1007/5/3 1006/5/3
f 1015/1/3 1005/1/3 1014/1/3
f 1015/5/3 1006/5/3 1005/5/3
f 1016/5/3 1007/5/3 1015/5/3
f 1017/1/3 1008/1/3 1007/1/3
f 1017/5/3 1007/5/3 1016/5/3
f 1018/5/3 16/5/3 1008/5/3
f 1018/1/3 1008/1/3 1017/1/3
f 1019/1/3 1010/1/3 1009/1/3
f 1019/5/3 1009/5/3 14/5/3
f 1020/5/3 1011/5/3 1010/5/3
f 1020/1/3 1010/1/3 1019/1/3
f 1020/5/3 1012/5/3 1011/5/3
f 1021/5/3 1012/5/3 1020/5/3
f 1022/1/3 1013/1/3 1012/1/3
f 1022/5/3 1012/5/3 1021/5/3
f 1023/5/3 1014/5/3 1013/5/3
f 1023/1/3 1013/1/3 1022/1/3
f 1023/5/3 1015/5/3 1014/5/3
f 1024/5/3 1015/5/3 1023/5/3
f 1025/1/3 1016/1/3 1015/1/3
f 1025/5/3 1015/5/3 1024/5/3
f 1026/5/3 1017/5/3 1016/5/3
f 1026/1/3 1016/1/3 1025/1/3
f 1026/5/3 1018/5/3 1017/5/3
f 1027/5/3 1018/5/3 1026/5/3
f 1028/5/3 1020/5/3 1019/5/3
f 1028/1/3 1021/1/3 1020/1/3
f 1029/5/3 1022/5/3 1021/5/3
f 1029/1/3 1021/1/3 1028/1/3
f 1029/5/3 1023/5/3 1022/5/3
f 1030/5/3 1023/5/3 1029/5/3
f 1031/1/3 1024/1/3 1023/1/3
f 1031/5/3 1023/5/3 1030/5/3
f 1032/5/3 1025/5/3 1024/5/3
f 1032/1/3 1024/1/3 1031/1/3
f 1032/5/3 1026/5/3 1025/5/3
f 1033/5/3 1026/5/3 1032/5/3
f 1034/1/3 1027/1/3 1026/1/3
f 1034/5/3 1026/5/3 1033/5/3
f 1035/5/3 1018/5/3 1027/5/3
f 1035/1/3 1027/1/3 1034/1/3
f 1036/5/3 16/5/3 1018/5/3
f 1036/5/3 1018/5/3 1035/5/3
f 1037/5/3 1019/5/3 14/5/3
f 1037/5/3 1028/5/3 1019/5/3
f 1037/5/3 1029/5/3 1028/5/3
f 1038/5/3 1029/5/3 1037/5/3
f 1039/1/3 1030/1/3 1029/1/3
f 1039/5/3 1029/5/3 1038/5/3
f 1040/5/3 1031/5/3 1030/5/3
f 1040/1/3 1030/1/3 1039/1/3
f 1040/5/3 1032/5/3 1031/5/3
f 1041/5/3 1032/5/3 1040/5/3
f 1042/1/3 1033/1/3 1032/1/3
f 1042/5/3 1032/5/3 1041/5/3
f 1043/5/3 1035/5/3 1034/5/3
f 1043/1/3 1033/1/3 1042/1/3
f 1043/5/3 1034/5/3 1033/5/3
f 1044/5/3 1035/5/3 1043/5/3
f 1045/1/3 1036/1/3 1035/1/3
f 1045/5/3 1035/5/3 1044/5/3
f 1046/5/3 16/5/3 1036/5/3
f 1046/1/3 1036/1/3 1045/1/3
f 1047/1/3 1038/1/3 1037/1/3
f 1047/5/3 1037/5/3 14/5/3
f 1048/5/3 1039/5/3 1038/5/3
f 1048/1/3 1038/1/3 1047/1/3
f 1048/5/3 1040/5/3 1039/5/3
f 1049/5/3 1040/5/3 1048/5/3
f 1050/1/3 1041/1/3 1040/1/3
f 1050/5/3 1040/5/3 1049/5/3
f 1051/5/3 1042/5/3 1041/5/3
f 1051/1/3 1041/1/3 1050/1/3
f 1051/5/3 1043/5/3 1042/5/3
f 1052/5/3 1043/5/3 1051/5/3
f 1053/1/3 1044/1/3 1043/1/3
f 1053/5/3 1043/5/3 1052/5/3
f 1054/5/3 1045/5/3 1044/5/3
f 1054/1/3 1044/1/3 1053/1/3
f 1054/5/3 1046/5/3 1045/5/3
f 1055/5/3 1046/5/3 1054/5/3
f 1056/5/3 1048/5/3 1047/5/3
f 1056/1/3 1049/1/3 1048/1/3
f 1057/5/3 1050/5/3 1049/5/3
f 1057/1/3 1049/1/3 1056/1/3
f 1057/5/3 1051/5/3 1050/5/3
f 1058/5/3 1051/5/3 1057/5/3
f 1059/1/3 1052/1/3 1051/1/3
f 1059/5/3 1051/5/3 1058/5/3
f 1060/5/3 1053/5/3 1052/5/3
f 1060/1/3 1052/1/3 1059/1/3
f 1060/5/3 1054/5/3 1053/5/3
f 1061/5/3 1054/5/3 1060/5/3
f 1062/1/3 1055/1/3 1054/1/3
f 1062/5/3 1054/5/3 1061/5/3
f 1063/5/3 1046/5/3 1055/5/3
f 1063/1/3 1055/1/3 1062/1/3
f 1064/5/3 16/5/3 1046/5/3
f 1064/5/3 1046/5/3 1063/5/3
f 1065/2/3 272/2/3 16/2/3
f 1065/2/3 774/2/3 272/2/3
f 1065/2/3 775/2/3 774/2/3
f 1066/2/3 775/2/3 1065/2/3
f 1067/5/3 1047/5/3 14/5/3
f 1067/5/3 1056/5/3 1047/5/3
f 1067/5/3 1057/5/3 1056/5/3
f 1068/5/3 1057/5/3 1067/5/3
f 1069/1/3 1058/1/3 1057/1/3
f 1069/5/3 1057/5/3 1068/5/3
f 1070/5/3 1059/5/3 1058/5/3
f 1070/1/3 1058/1/3 1069/1/3
f 1070/5/3 1060/5/3 1059/5/3
f 1071/5/3 1060/5/3 1070/5/3
f 1072/1/3 1061/1/3 1060/1/3
f 1072/5/3 1060/5/3 1071/5/3
f 1073/5/3 1063/5/3 1062/5/3
f 1073/1/3 1061/1/3 1072/1/3
f 1073/5/3 1062/5/3 1061/5/3
f 1074/5/3 1063/5/3 1073/5/3
f 1075/1/3 1064/1/3 1063/1/3
f 1075/5/3 1063/5/3 1074/5/3
f 1076/5/3 16/5/3 1064/5/3
f 1076/1/3 1064/1/3 1075/1/3
f 1077/1/3 1068/1/3 1067/1/3
f 1077/5/3 1067/5/3 14/5/3
f 1078/5/3 1069/5/3 1068/5/3
f 1078/1/3 1068/1/3 1077/1/3
f 1078/5/3 1070/5/3 1069/5/3
f 1079/5/3 1070/5/3 1078/5/3
f 1080/1/3 1071/1/3 1070/1/3
f 1080/5/3 1070/5/3 1079/5/3
f 1081/5/3 1072/5/3 1071/5/3
f 1081/1/3 1071/1/3 1080/1/3
f 1081/5/3 1073/5/3 1072/5/3
f 1082/5/3 1073/5/3 1081/5/3
f 1083/1/3 1074/1/3 1073/1/3
f 1083/5/3 1073/5/3 1082/5/3
f 1084/5/3 1075/5/3 1074/5/3
f 1084/1/3 1074/1/3 1083/1/3
f 1084/5/3 1076/5/3 1075/5/3
f 1085/5/3 1076/5/3 1084/5/3
f 1086/4/3 1066/4/3 1065/4/3
f 1086/2/3 1065/2/3 16/2/3
f 1087/2/3 775/2/3 1066/2/3
f 1087/4/3 1066/4/3 1086/4/3
f 1088/2/3 276/2/3 764/2/3
f 1089/2/3 276/2/3 1088/2/3
f 1090/5/3 1078/5/3 1077/5/3
f 1090/1/3 1079/1/3 1078/1/3
f 1091/5/3 1080/5/3 1079/5/3
f 1091/1/3 1079/1/3 1090/1/3
f 1091/5/3 1081/5/3 1080/5/3
f 1092/5/3 1081/5/3 1091/5/3
f 1093/1/3 1082/1/3 1081/1/3
f 1093/5/3 1081/5/3 1092/5/3
f 1094/5/3 1083/5/3 1082/5/3
f 1094/1/3 1082/1/3 1093/1/3
f 1094/5/3 1084/5/3 1083/5/3
f 1095/5/3 1084/5/3 1094/5/3
f 1096/1/3 1085/1/3 1084/1/3
f 1096/5/3 1084/5/3 1095/5/3
f 1097/5/3 1076/5/3 1085/5/3
f 1097/1/3 1085/1/3 1096/1/3
f 1098/5/3 16/5/3 1076/5/3
f 1098/5/3 1076/5/3 1097/5/3
f 1099/2/3 775/2/3 1087/2/3
f 1099/2/3 1087/2/3 1086/2/3
f 1100/2/3 775/2/3 1099/2/3
f 1101/2/3 775/2/3 1100/2/3
f 1102/2/3 775/2/3 1101/2/3
f 1103/2/3 276/2/3 1089/2/3
f 1103/4/3 1089/4/3 1088/4/3
f 1104/2/3 276/2/3 1103/2/3
f 1105/2/3 276/2/3 1104/2/3
f 1106/2/3 276/2/3 1105/2/3
f 1107/5/3 1077/5/3 14/5/3
f 1107/5/3 1090/5/3 1077/5/3
f 1107/5/3 1091/5/3 1090/5/3
f 1108/5/3 1091/5/3 1107/5/3
f 1109/1/3 1092/1/3 1091/1/3
f 1109/5/3 1091/5/3 1108/5/3
f 1110/5/3 1093/5/3 1092/5/3
f 1110/1/3 1092/1/3 1109/1/3
f 1110/5/3 1094/5/3 1093/5/3
f 1111/5/3 1094/5/3 1110/5/3
f 1112/1/3 1095/1/3 1094/1/3
f 1112/5/3 1094/5/3 1111/5/3
f 1113/5/3 1096/5/3 1095/5/3
f 1113/1/3 1095/1/3 1112/1/3
f 1113/5/3 1097/5/3 1096/5/3
f 1114/5/3 1097/5/3 1113/5/3
f 1115/1/3 1098/1/3 1097/1/3
f 1115/5/3 1097/5/3 1114/5/3
f 1116/5/3 16/5/3 1098/5/3
f 1116/1/3 1098/1/3 1115/1/3
f 1117/2/3 1099/2/3 1086/2/3
f 1118/4/3 1100/4/3 1099/4/3
f 1118/2/3 1099/2/3 1117/2/3
f 1119/2/3 1101/2/3 1100/2/3
f 1119/4/3 1100/4/3 1118/4/3
f 1120/2/3 1101/2/3 1119/2/3
f 1121/4/3 1102/4/3 1101/4/3
f 1121/2/3 1101/2/3 1120/2/3
f 1122/4/3 1102/4/3 1121/4/3
f 1123/2/3 1088/2/3 764/2/3
f 1123/4/3 1103/4/3 1088/4/3
f 1123/4/3 1104/4/3 1103/4/3
f 1124/4/3 1104/4/3 1123/4/3
f 1125/4/3 1104/4/3 1124/4/3
f 1126/2/3 1105/2/3 1104/2/3
f 1126/4/3 1104/4/3 1125/4/3
f 1127/2/3 276/2/3 1106/2/3
f 1127/4/3 1106/4/3 1105/4/3
f 1128/2/3 276/2/3 1127/2/3
f 1129/1/3 1108/1/3 1107/1/3
f 1129/5/3 1107/5/3 14/5/3
f 1130/5/3 1110/5/3 1109/5/3
f 1130/1/3 1108/1/3 1129/1/3
f 1130/5/3 1109/5/3 1108/5/3
f 1131/5/3 1110/5/3 1130/5/3
f 1132/1/3 1111/1/3 1110/1/3
f 1132/5/3 1110/5/3 1131/5/3
f 1133/5/3 1112/5/3 1111/5/3
f 1133/1/3 1111/1/3 1132/1/3
f 1133/5/3 1113/5/3 1112/5/3
f 1134/5/3 1113/5/3 1133/5/3
f 1135/1/3 1114/1/3 1113/1/3
f 1135/5/3 1113/5/3 1134/5/3
f 1136/5/3 1115/5/3 1114/5/3
f 1136/1/3 1114/1/3 1135/1/3
f 1136/5/3 1116/5/3 1115/5/3
f 1137/5/3 1116/5/3 1136/5/3
f 1138/4/3 1120/4/3 1119/4/3
f 1138/2/3 1117/2/3 1086/2/3
f 1138/4/3 1118/4/3 1117/4/3
f 1138/4/3 1119/4/3 1118/4/3
f 1139/2/3 1122/2/3 1121/2/3
f 1139/4/3 1120/4/3 1138/4/3
f 1139/2/3 1121/2/3 1120/2/3
f 1140/4/3 1102/4/3 1122/4/3
f 1140/2/3 1122/2/3 1139/2/3
f 1141/2/3 775/2/3 1102/2/3
f 1141/4/3 1102/4/3 1140/4/3
f 1142/4/3 1125/4/3 1124/4/3
f 1142/2/3 1124/2/3 1123/2/3
f 1143/2/3 1126/2/3 1125/2/3
f 1143/4/3 1125/4/3 1142/4/3
f 1144/2/3 1105/2/3 1126/2/3
f 1144/2/3 1126/2/3 1143/2/3
f 1144/4/3 1127/4/3 1105/4/3
f 1144/4/3 1128/4/3 1127/4/3
f 1145/2/3 276/2/3 1128/2/3
f 1145/4/3 1128/4/3 1144/4/3
f 1146/1/3 1131/1/3 1130/1/3
f 1146/5/3 1130/5/3 1129/5/3
f 1147/5/3 1132/5/3 1131/5/3
f 1147/1/3 1131/1/3 1146/1/3
f 1147/5/3 1133/5/3 1132/5/3
f 1148/5/3 1133/5/3 1147/5/3
f 1149/1/3 1134/1/3 1133/1/3
f 1149/5/3 1133/5/3 1148/5/3
f 1150/5/3 1135/5/3 1134/5/3
f 1150/1/3 1134/1/3 1149/1/3
f 1150/5/3 1136/5/3 1135/5/3
f 1151/5/3 1136/5/3 1150/5/3
f 1152/1/3 1137/1/3 1136/1/3
f 1152/5/3 1136/5/3 1151/5/3
f 1153/5/3 1116/5/3 1137/5/3
f 1153/1/3 1137/1/3 1152/1/3
f 1154/5/3 16/5/3 1116/5/3
f 1154/5/3 1116/5/3 1153/5/3
f 1155/2/3 1086/2/3 16/2/3
f 1155/5/3 16/5/3 1154/5/3
f 1155/2/3 1141/2/3 1140/2/3
f 1155/2/3 1140/2/3 1139/2/3
f 1155/2/3 1139/2/3 1138/2/3
f 1155/2/3 1138/2/3 1086/2/3
f 1156/2/3 1141/2/3 1155/2/3
f 1157/5/3 1146/5/3 1129/5/3
f 1157/5/3 1129/5/3 14/5/3
f 1157/5/3 1147/5/3 1146/5/3
f 1158/5/3 1147/5/3 1157/5/3
f 1159/1/3 1148/1/3 1147/1/3
f 1159/5/3 1147/5/3 1158/5/3
f 1160/5/3 1150/5/3 1149/5/3
f 1160/1/3 1148/1/3 1159/1/3
f 1160/5/3 1149/5/3 1148/5/3
f 1161/5/3 1150/5/3 1160/5/3
f 1162/1/3 1151/1/3 1150/1/3
f 1162/5/3 1150/5/3 1161/5/3
f 1163/5/3 1152/5/3 1151/5/3
f 1163/1/3 1151/1/3 1162/1/3
f 1163/5/3 1153/5/3 1152/5/3
f 1164/5/3 1153/5/3 1163/5/3
f 1165/1/3 1154/1/3 1153/1/3
f 1165/5/3 1153/5/3 1164/5/3
f 1166/5/3 1155/5/3 1154/5/3
f 1166/1/3 1154/1/3 1165/1/3
f 1167/4/3 1156/4/3 1155/4/3
f 1167/5/3 1155/5/3 1166/5/3
f 1168/4/3 1156/4/3 1167/4/3
f 1169/4/3 1156/4/3 1168/4/3
f 1170/2/3 1141/2/3 1156/2/3
f 1170/4/3 1156/4/3 1169/4/3
f 1171/2/3 1141/2/3 1170/2/3
f 1172/5/3 1157/5/3 14/5/3
f 1172/1/3 1158/1/3 1157/1/3
f 1173/5/3 1159/5/3 1158/5/3
f 1173/1/3 1158/1/3 1172/1/3
f 1173/5/3 1160/5/3 1159/5/3
f 1174/5/3 1160/5/3 1173/5/3
f 1175/1/3 1161/1/3 1160/1/3
f 1175/5/3 1160/5/3 1174/5/3
f 1176/5/3 1162/5/3 1161/5/3
f 1176/1/3 1161/1/3 1175/1/3
f 1176/5/3 1163/5/3 1162/5/3
f 1177/5/3 1163/5/3 1176/5/3
f 1178/1/3 1164/1/3 1163/1/3
f 1178/5/3 1163/5/3 1177/5/3
f 1179/5/3 1166/5/3 1165/5/3
f 1179/1/3 1164/1/3 1178/1/3
f 1179/5/3 1165/5/3 1164/5/3
f 1179/5/3 1167/5/3 1166/5/3
f 1180/5/3 1167/5/3 1179/5/3
f 1181/4/3 1169/4/3 1168/4/3
f 1181/2/3 1168/2/3 1167/2/3
f 1182/2/3 1170/2/3 1169/2/3
f 1182/4/3 1169/4/3 1181/4/3
f 1183/4/3 1171/4/3 1170/4/3
f 1183/2/3 1170/2/3 1182/2/3
f 1184/4/3 1171/4/3 1183/4/3
f 1185/2/3 1141/2/3 1171/2/3
f 1185/4/3 1171/4/3 1184/4/3
f 1186/4/3 764/4/3 775/4/3
f 1186/2/3 1141/2/3 1185/2/3
f 1186/2/3 775/2/3 1141/2/3
f 1187/2/3 1143/2/3 1142/2/3
f 1187/4/3 764/4/3 1186/4/3
f 1187/2/3 1144/2/3 1143/2/3
f 1187/2/3 1142/2/3 1123/2/3
f 1187/2/3 1123/2/3 764/2/3
f 1187/2/3 1145/2/3 1144/2/3
f 1188/2/3 1145/2/3 1187/2/3
f 1189/5/3 1173/5/3 1172/5/3
f 1189/1/3 1174/1/3 1173/1/3
f 1190/5/3 1175/5/3 1174/5/3
f 1190/1/3 1174/1/3 1189/1/3
f 1190/5/3 1176/5/3 1175/5/3
f 1191/5/3 1176/5/3 1190/5/3
f 1192/1/3 1177/1/3 1176/1/3
f 1192/5/3 1176/5/3 1191/5/3
f 1193/5/3 1178/5/3 1177/5/3
f 1193/1/3 1177/1/3 1192/1/3
f 1193/5/3 1179/5/3 1178/5/3
f 1194/5/3 1179/5/3 1193/5/3
f 1195/1/3 1180/1/3 1179/1/3
f 1195/5/3 1179/5/3 1194/5/3
f 1196/5/3 1167/5/3 1180/5/3
f 1196/1/3 1180/1/3 1195/1/3
f 1197/5/3 1167/5/3 1196/5/3
f 1198/4/3 1186/4/3 1185/4/3
f 1198/2/3 1184/2/3 1183/2/3
f 1198/4/3 1185/4/3 1184/4/3
f 1198/4/3 1187/4/3 1186/4/3
f 1198/2/3 1183/2/3 1182/2/3
f 1198/2/3 1182/2/3 1181/2/3
f 1198/4/3 1188/4/3 1187/4/3
f 1199/2/3 1145/2/3 1188/2/3
f 1199/4/3 1188/4/3 1198/4/3
f 1200/2/3 1145/2/3 1199/2/3
f 1201/2/3 1145/2/3 1200/2/3
f 1202/2/3 1145/2/3 1201/2/3
f 1203/5/3 1172/5/3 14/5/3
f 1203/5/3 1190/5/3 1189/5/3
f 1203/5/3 1189/5/3 1172/5/3
f 1204/5/3 1190/5/3 1203/5/3
f 1205/1/3 1191/1/3 1190/1/3
f 1205/5/3 1190/5/3 1204/5/3
f 1206/5/3 1192/5/3 1191/5/3
f 1206/1/3 1191/1/3 1205/1/3
f 1206/5/3 1193/5/3 1192/5/3
f 1207/5/3 1193/5/3 1206/5/3
f 1208/1/3 1194/1/3 1193/1/3
f 1208/5/3 1193/5/3 1207/5/3
f 1209/5/3 1195/5/3 1194/5/3
f 1209/1/3 1194/1/3 1208/1/3
f 1209/5/3 1196/5/3 1195/5/3
f 1210/5/3 1196/5/3 1209/5/3
f 1211/1/3 1197/1/3 1196/1/3
f 1211/5/3 1196/5/3 1210/5/3
f 1212/5/3 1167/5/3 1197/5/3
f 1212/1/3 1197/1/3 1211/1/3
f 1213/2/3 1199/2/3 1198/2/3
f 1213/4/3 1200/4/3 1199/4/3
f 1214/4/3 1200/4/3 1213/4/3
f 1215/2/3 1201/2/3 1200/2/3
f 1215/4/3 1200/4/3 1214/4/3
f 1216/4/3 1202/4/3 1201/4/3
f 1216/2/3 1201/2/3 1215/2/3
f 1217/4/3 1202/4/3 1216/4/3
f 1218/4/3 1202/4/3 1217/4/3
f 1219/4/3 1202/4/3 1218/4/3
f 1220/2/3 1145/2/3 1202/2/3
f 1220/4/3 1202/4/3 1219/4/3
f 1221/2/3 1145/2/3 1220/2/3
f 1222/1/3 1204/1/3 1203/1/3
f 1222/5/3 1203/5/3 14/5/3
f 1223/5/3 1205/5/3 1204/5/3
f 1223/1/3 1204/1/3 1222/1/3
f 1223/5/3 1206/5/3 1205/5/3
f 1224/5/3 1206/5/3 1223/5/3
f 1225/1/3 1207/1/3 1206/1/3
f 1225/5/3 1206/5/3 1224/5/3
f 1226/5/3 1208/5/3 1207/5/3
f 1226/1/3 1207/1/3 1225/1/3
f 1226/5/3 1209/5/3 1208/5/3
f 1227/5/3 1209/5/3 1226/5/3
f 1228/1/3 1210/1/3 1209/1/3
f 1228/5/3 1209/5/3 1227/5/3
f 1229/5/3 1211/5/3 1210/5/3
f 1229/1/3 1210/1/3 1228/1/3
f 1229/5/3 1212/5/3 1211/5/3
f 1230/5/3 1212/5/3 1229/5/3
f 1231/2/3 1198/2/3 1181/2/3
f 1231/2/3 1214/2/3 1213/2/3
f 1231/2/3 1213/2/3 1198/2/3
f 1232/2/3 1214/2/3 1231/2/3
f 1233/4/3 1215/4/3 1214/4/3
f 1233/2/3 1214/2/3 1232/2/3
f 1233/4/3 1216/4/3 1215/4/3
f 1234/2/3 1217/2/3 1216/2/3
f 1234/4/3 1216/4/3 1233/4/3
f 1235/2/3 1219/2/3 1218/2/3
f 1235/4/3 1220/4/3 1219/4/3
f 1235/4/3 1221/4/3 1220/4/3
f 1236/2/3 1145/2/3 1221/2/3
f 1236/4/3 1221/4/3 1235/4/3
f 1237/2/3 1145/2/3 1236/2/3
f 1238/2/3 1145/2/3 1237/2/3
f 1239/2/3 19/2/3 276/2/3
f 1239/2/3 1145/2/3 1238/2/3
f 1239/2/3 276/2/3 1145/2/3
f 1240/1/3 1224/1/3 1223/1/3
f 1240/5/3 1223/5/3 1222/5/3
f 1241/5/3 1225/5/3 1224/5/3
f 1241/1/3 1224/1/3 1240/1/3
f 1241/5/3 1226/5/3 1225/5/3
f 1242/5/3 1226/5/3 1241/5/3
f 1243/1/3 1227/1/3 1226/1/3
f 1243/5/3 1226/5/3 1242/5/3
f 1244/5/3 1228/5/3 1227/5/3
f 1244/1/3 1227/1/3 1243/1/3
f 1244/5/3 1229/5/3 1228/5/3
f 1245/5/3 1229/5/3 1244/5/3
f 1246/1/3 1230/1/3 1229/1/3
f 1246/5/3 1229/5/3 1245/5/3
f 1247/5/3 1212/5/3 1230/5/3
f 1247/1/3 1230/1/3 1246/1/3
f 1248/5/3 1167/5/3 1212/5/3
f 1248/5/3 1212/5/3 1247/5/3
f 1249/4/3 1232/4/3 1231/4/3
f 1249/2/3 1234/2/3 1233/2/3
f 1249/2/3 1233/2/3 1232/2/3
f 1250/2/3 1234/2/3 1249/2/3
f 1251/2/3 1217/2/3 1234/2/3
f 1251/2/3 1234/2/3 1250/2/3
f 1252/4/3 1218/4/3 1217/4/3
f 1252/2/3 1217/2/3 1251/2/3
f 1253/4/3 1237/4/3 1236/4/3
f 1253/2/3 1236/2/3 1235/2/3
f 1254/4/3 1237/4/3 1253/4/3
f 1255/2/3 1238/2/3 1237/2/3
f 1255/4/3 1237/4/3 1254/4/3
f 1256/4/3 1239/4/3 1238/4/3
f 1256/2/3 1238/2/3 1255/2/3
f 1257/4/3 1239/4/3 1256/4/3
f 1258/4/3 1239/4/3 1257/4/3
f 1259/5/3 1240/5/3 1222/5/3
f 1259/5/3 1222/5/3 14/5/3
f 1259/5/3 1241/5/3 1240/5/3
f 1260/5/3 1241/5/3 1259/5/3
f 1261/1/3 1242/1/3 1241/1/3
f 1261/5/3 1241/5/3 1260/5/3
f 1262/5/3 1243/5/3 1242/5/3
f 1262/1/3 1242/1/3 1261/1/3
f 1262/5/3 1244/5/3 1243/5/3
f 1263/5/3 1244/5/3 1262/5/3
f 1264/1/3 1245/1/3 1244/1/3
f 1264/5/3 1244/5/3 1263/5/3
f 1265/5/3 1246/5/3 1245/5/3
f 1265/1/3 1245/1/3 1264/1/3
f 1265/5/3 1247/5/3 1246/5/3
f 1266/5/3 1247/5/3 1265/5/3
f 1267/1/3 1248/1/3 1247/1/3
f 1267/5/3 1247/5/3 1266/5/3
f 1268/5/3 1167/5/3 1248/5/3
f 1268/1/3 1248/1/3 1267/1/3
f 1269/4/3 1250/4/3 1249/4/3
f 1269/2/3 1231/2/3 1181/2/3
f 1269/4/3 1249/4/3 1231/4/3
f 1270/4/3 1250/4/3 1269/4/3
f 1271/4/3 1218/4/3 1252/4/3
f 1271/4/3 1252/4/3 1251/4/3
f 1272/2/3 1254/2/3 1253/2/3
f 1272/4/3 1218/4/3 1271/4/3
f 1272/2/3 1235/2/3 1218/2/3
f 1272/2/3 1253/2/3 1235/2/3
f 1273/4/3 1255/4/3 1254/4/3
f 1273/2/3 1254/2/3 1272/2/3
f 1273/4/3 1257/4/3 1256/4/3
f 1273/4/3 1256/4/3 1255/4/3
f 1274/2/3 1258/2/3 1257/2/3
f 1274/4/3 1257/4/3 1273/4/3
f 1275/1/3 1260/1/3 1259/1/3
f 1275/5/3 1259/5/3 14/5/3
f 1276/5/3 1261/5/3 1260/5/3
f 1276/1/3 1260/1/3 1275/1/3
f 1276/5/3 1262/5/3 1261/5/3
f 1277/5/3 1262/5/3 1276/5/3
f 1278/1/3 1263/1/3 1262/1/3
f 1278/5/3 1262/5/3 1277/5/3
f 1279/5/3 1264/5/3 1263/5/3
f 1279/1/3 1263/1/3 1278/1/3
f 1279/5/3 1265/5/3 1264/5/3
f 1280/5/3 1265/5/3 1279/5/3
f 1281/1/3 1266/1/3 1265/1/3
f 1281/5/3 1265/5/3 1280/5/3
f 1282/5/3 1267/5/3 1266/5/3
f 1282/1/3 1266/1/3 1281/1/3
f 1282/5/3 1268/5/3 1267/5/3
f 1283/5/3 1268/5/3 1282/5/3
f 1284/4/3 1250/4/3 1270/4/3
f 1284/2/3 1270/2/3 1269/2/3
f 1285/4/3 1250/4/3 1284/4/3
f 1286/1/3 1277/1/3 1276/1/3
f 1286/5/3 1276/5/3 1275/5/3
f 1287/5/3 1278/5/3 1277/5/3
f 1287/1/3 1277/1/3 1286/1/3
f 1287/5/3 1279/5/3 1278/5/3
f 1288/5/3 1279/5/3 1287/5/3
f 1289/1/3 1280/1/3 1279/1/3
f 1289/5/3 1279/5/3 1288/5/3
f 1290/5/3 1281/5/3 1280/5/3
f 1290/1/3 1280/1/3 1289/1/3
f 1290/5/3 1282/5/3 1281/5/3
f 1291/5/3 1282/5/3 1290/5/3
f 1292/1/3 1283/1/3 1282/1/3
f 1292/5/3 1282/5/3 1291/5/3
f 1293/5/3 1268/5/3 1283/5/3
f 1293/1/3 1283/1/3 1292/1/3
f 1294/5/3 1167/5/3 1268/5/3
f 1294/5/3 1268/5/3 1293/5/3
f 1295/4/3 1250/4/3 1285/4/3
f 1295/2/3 1285/2/3 1284/2/3
f 1296/2/3 1251/2/3 1250/2/3
f 1296/4/3 1250/4/3 1295/4/3
f 1297/5/3 1275/5/3 14/5/3
f 1297/5/3 1286/5/3 1275/5/3
f 1297/5/3 1287/5/3 1286/5/3
f 1298/5/3 1287/5/3 1297/5/3
f 1299/1/3 1288/1/3 1287/1/3
f 1299/5/3 1287/5/3 1298/5/3
f 1300/5/3 1289/5/3 1288/5/3
f 1300/1/3 1288/1/3 1299/1/3
f 1300/5/3 1290/5/3 1289/5/3
f 1301/5/3 1290/5/3 1300/5/3
f 1302/1/3 1291/1/3 1290/1/3
f 1302/5/3 1290/5/3 1301/5/3
f 1303/5/3 1293/5/3 1292/5/3
f 1303/1/3 1291/1/3 1302/1/3
f 1303/5/3 1292/5/3 1291/5/3
f 1304/5/3 1293/5/3 1303/5/3
f 1305/1/3 1294/1/3 1293/1/3
f 1305/5/3 1293/5/3 1304/5/3
f 1306/5/3 1167/5/3 1294/5/3
f 1306/1/3 1294/1/3 1305/1/3
f 1307/1/3 1298/1/3 1297/1/3
f 1307/5/3 1297/5/3 14/5/3
f 1308/5/3 1299/5/3 1298/5/3
f 1308/1/3 1298/1/3 1307/1/3
f 1308/5/3 1300/5/3 1299/5/3
f 1309/5/3 1300/5/3 1308/5/3
f 1310/1/3 1301/1/3 1300/1/3
f 1310/5/3 1300/5/3 1309/5/3
f 1311/5/3 1302/5/3 1301/5/3
f 1311/1/3 1301/1/3 1310/1/3
f 1311/5/3 1303/5/3 1302/5/3
f 1312/5/3 1303/5/3 1311/5/3
f 1313/1/3 1304/1/3 1303/1/3
f 1313/5/3 1303/5/3 1312/5/3
f 1314/5/3 1305/5/3 1304/5/3
f 1314/1/3 1304/1/3 1313/1/3
f 1314/5/3 1306/5/3 1305/5/3
f 1315/5/3 1306/5/3 1314/5/3
f 1316/5/3 1308/5/3 1307/5/3
f 1316/1/3 1309/1/3 1308/1/3
f 1317/5/3 1310/5/3 1309/5/3
f 1317/1/3 1309/1/3 1316/1/3
f 1317/5/3 1311/5/3 1310/5/3
f 1318/5/3 1311/5/3 1317/5/3
f 1319/1/3 1312/1/3 1311/1/3
f 1319/5/3 1311/5/3 1318/5/3
f 1320/5/3 1313/5/3 1312/5/3
f 1320/1/3 1312/1/3 1319/1/3
f 1320/5/3 1314/5/3 1313/5/3
f 1321/5/3 1314/5/3 1320/5/3
f 1322/1/3 1315/1/3 1314/1/3
f 1322/5/3 1314/5/3 1321/5/3
f 1323/5/3 1306/5/3 1315/5/3
f 1323/1/3 1315/1/3 1322/1/3
f 1324/5/3 1167/5/3 1306/5/3
f 1324/5/3 1306/5/3 1323/5/3
f 1325/2/3 1251/2/3 1296/2/3
f 1325/2/3 1296/2/3 1295/2/3
f 1326/2/3 1251/2/3 1325/2/3
f 1327/2/3 1273/2/3 1272/2/3
f 1327/2/3 1258/2/3 1274/2/3
f 1327/2/3 1274/2/3 1273/2/3
f 1327/2/3 1272/2/3 1271/2/3
f 1328/2/3 1258/2/3 1327/2/3
f 1329/5/3 1316/5/3 1307/5/3
f 1329/5/3 1307/5/3 14/5/3
f 1329/5/3 1317/5/3 1316/5/3
f 1330/5/3 1317/5/3 1329/5/3
f 1331/1/3 1318/1/3 1317/1/3
f 1331/5/3 1317/5/3 1330/5/3
f 1332/5/3 1319/5/3 1318/5/3
f 1332/1/3 1318/1/3 1331/1/3
f 1332/5/3 1320/5/3 1319/5/3
f 1333/5/3 1320/5/3 1332/5/3
f 1334/1/3 1321/1/3 1320/1/3
f 1334/5/3 1320/5/3 1333/5/3
f 1335/5/3 1323/5/3 1322/5/3
f 1335/1/3 1321/1/3 1334/1/3
f 1335/5/3 1322/5/3 1321/5/3
f 1336/5/3 1323/5/3 1335/5/3
f 1337/1/3 1324/1/3 1323/1/3
f 1337/5/3 1323/5/3 1336/5/3
f 1338/5/3 1167/5/3 1324/5/3
f 1338/1/3 1324/1/3 1337/1/3
f 1339/5/3 1329/5/3 14/5/3
f 1339/1/3 1330/1/3 1329/1/3
f 1340/5/3 1331/5/3 1330/5/3
f 1340/1/3 1330/1/3 1339/1/3
f 1340/5/3 1332/5/3 1331/5/3
f 1341/5/3 1332/5/3 1340/5/3
f 1342/1/3 1333/1/3 1332/1/3
f 1342/5/3 1332/5/3 1341/5/3
f 1343/5/3 1334/5/3 1333/5/3
f 1343/1/3 1333/1/3 1342/1/3
f 1343/5/3 1335/5/3 1334/5/3
f 1344/5/3 1335/5/3 1343/5/3
f 1345/1/3 1336/1/3 1335/1/3
f 1345/5/3 1335/5/3 1344/5/3
f 1346/5/3 1337/5/3 1336/5/3
f 1346/1/3 1336/1/3 1345/1/3
f 1346/5/3 1338/5/3 1337/5/3
f 1347/5/3 1338/5/3 1346/5/3
f 1348/4/3 1328/4/3 1327/4/3
f 1349/2/3 1258/2/3 1328/2/3
f 1349/4/3 1328/4/3 1348/4/3
f 1350/5/3 1340/5/3 1339/5/3
f 1350/1/3 1341/1/3 1340/1/3
f 1351/5/3 1342/5/3 1341/5/3
f 1351/1/3 1341/1/3 1350/1/3
f 1351/5/3 1343/5/3 1342/5/3
f 1352/5/3 1343/5/3 1351/5/3
f 1353/1/3 1344/1/3 1343/1/3
f 1353/5/3 1343/5/3 1352/5/3
f 1354/5/3 1345/5/3 1344/5/3
f 1354/1/3 1344/1/3 1353/1/3
f 1354/5/3 1346/5/3 1345/5/3
f 1355/5/3 1346/5/3 1354/5/3
f 1356/1/3 1347/1/3 1346/1/3
f 1356/5/3 1346/5/3 1355/5/3
f 1357/5/3 1338/5/3 1347/5/3
f 1357/1/3 1347/1/3 1356/1/3
f 1358/5/3 1167/5/3 1338/5/3
f 1358/5/3 1338/5/3 1357/5/3
f 1359/4/3 1326/4/3 1325/4/3
f 1359/2/3 1325/2/3 1295/2/3
f 1360/2/3 1251/2/3 1326/2/3
f 1360/4/3 1326/4/3 1359/4/3
f 1361/4/3 1348/4/3 1327/4/3
f 1361/2/3 1327/2/3 1271/2/3
f 1362/2/3 1349/2/3 1348/2/3
f 1362/4/3 1348/4/3 1361/4/3
f 1363/5/3 1339/5/3 14/5/3
f 1363/5/3 1350/5/3 1339/5/3
f 1363/5/3 1351/5/3 1350/5/3
f 1364/5/3 1351/5/3 1363/5/3
f 1365/1/3 1352/1/3 1351/1/3
f 1365/5/3 1351/5/3 1364/5/3
f 1366/5/3 1353/5/3 1352/5/3
f 1366/1/3 1352/1/3 1365/1/3
f 1366/5/3 1354/5/3 1353/5/3
f 1367/5/3 1354/5/3 1366/5/3
f 1368/1/3 1355/1/3 1354/1/3
f 1368/5/3 1354/5/3 1367/5/3
f 1369/5/3 1356/5/3 1355/5/3
f 1369/1/3 1355/1/3 1368/1/3
f 1369/5/3 1357/5/3 1356/5/3
f 1370/5/3 1357/5/3 1369/5/3
f 1371/1/3 1358/1/3 1357/1/3
f 1371/5/3 1357/5/3 1370/5/3
f 1372/5/3 1167/5/3 1358/5/3
f 1372/1/3 1358/1/3 1371/1/3
f 1373/2/3 1251/2/3 1360/2/3
f 1373/2/3 1360/2/3 1359/2/3
f 1374/4/3 1271/4/3 1251/4/3
f 1374/2/3 1251/2/3 1373/2/3
f 1375/2/3 1362/2/3 1361/2/3
f 1375/4/3 1271/4/3 1374/4/3
f 1375/2/3 1361/2/3 1271/2/3
f 1376/1/3 1364/1/3 1363/1/3
f 1376/5/3 1363/5/3 14/5/3
f 1377/5/3 1365/5/3 1364/5/3
f 1377/1/3 1364/1/3 1376/1/3
f 1377/5/3 1366/5/3 1365/5/3
f 1378/5/3 1366/5/3 1377/5/3
f 1379/1/3 1367/1/3 1366/1/3
f 1379/5/3 1366/5/3 1378/5/3
f 1380/5/3 1368/5/3 1367/5/3
f 1380/1/3 1367/1/3 1379/1/3
f 1380/5/3 1369/5/3 1368/5/3
f 1381/5/3 1369/5/3 1380/5/3
f 1382/1/3 1370/1/3 1369/1/3
f 1382/5/3 1369/5/3 1381/5/3
f 1383/5/3 1371/5/3 1370/5/3
f 1383/1/3 1370/1/3 1382/1/3
f 1383/5/3 1372/5/3 1371/5/3
f 1384/5/3 1372/5/3 1383/5/3
f 1385/5/3 1377/5/3 1376/5/3
f 1385/1/3 1378/1/3 1377/1/3
f 1386/5/3 1379/5/3 1378/5/3
f 1386/1/3 1378/1/3 1385/1/3
f 1386/5/3 1380/5/3 1379/5/3
f 1387/5/3 1380/5/3 1386/5/3
f 1388/1/3 1381/1/3 1380/1/3
f 1388/5/3 1380/5/3 1387/5/3
f 1389/5/3 1382/5/3 1381/5/3
f 1389/1/3 1381/1/3 1388/1/3
f 1389/5/3 1383/5/3 1382/5/3
f 1390/5/3 1383/5/3 1389/5/3
f 1391/1/3 1384/1/3 1383/1/3
f 1391/5/3 1383/5/3 1390/5/3
f 1392/5/3 1372/5/3 1384/5/3
f 1392/1/3 1384/1/3 1391/1/3
f 1393/5/3 1167/5/3 1372/5/3
f 1393/5/3 1372/5/3 1392/5/3
f 1394/5/3 1376/5/3 14/5/3
f 1394/5/3 1385/5/3 1376/5/3
f 1394/5/3 1386/5/3 1385/5/3
f 1395/5/3 1386/5/3 1394/5/3
f 1396/1/3 1387/1/3 1386/1/3
f 1396/5/3 1386/5/3 1395/5/3
f 1397/5/3 1388/5/3 1387/5/3
f 1397/1/3 1387/1/3 1396/1/3
f 1397/5/3 1389/5/3 1388/5/3
f 1398/5/3 1389/5/3 1397/5/3
f 1399/1/3 1390/1/3 1389/1/3
f 1399/5/3 1389/5/3 1398/5/3
f 1400/5/3 1392/5/3 1391/5/3
f 1400/1/3 1390/1/3 1399/1/3
f 1400/5/3 1391/5/3 1390/5/3
f 1401/5/3 1392/5/3 1400/5/3
f 1402/1/3 1393/1/3 1392/1/3
f 1402/5/3 1392/5/3 1401/5/3
f 1403/5/3 1167/5/3 1393/5/3
f 1403/1/3 1393/1/3 1402/1/3
f 1404/1/3 1395/1/3 1394/1/3
f 1404/5/3 1394/5/3 14/5/3
f 1405/5/3 1396/5/3 1395/5/3
f 1405/1/3 1395/1/3 1404/1/3
f 1405/5/3 1397/5/3 1396/5/3
f 1406/5/3 1397/5/3 1405/5/3
f 1407/1/3 1398/1/3 1397/1/3
f 1407/5/3 1397/5/3 1406/5/3
f 1408/5/3 1399/5/3 1398/5/3
f 1408/1/3 1398/1/3 1407/1/3
f 1408/5/3 1400/5/3 1399/5/3
f 1409/5/3 1400/5/3 1408/5/3
f 1410/1/3 1401/1/3 1400/1/3
f 1410/5/3 1400/5/3 1409/5/3
f 1411/5/3 1402/5/3 1401/5/3
f 1411/1/3 1401/1/3 1410/1/3
f 1411/5/3 1403/5/3 1402/5/3
f 1412/5/3 1403/5/3 1411/5/3
f 1413/5/3 1405/5/3 1404/5/3
f 1413/1/3 1406/1/3 1405/1/3
f 1414/5/3 1407/5/3 1406/5/3
f 1414/1/3 1406/1/3 1413/1/3
f 1414/5/3 1408/5/3 1407/5/3
f 1415/5/3 1408/5/3 1414/5/3
f 1416/1/3 1409/1/3 1408/1/3
f 1416/5/3 1408/5/3 1415/5/3
f 1417/5/3 1410/5/3 1409/5/3
f 1417/1/3 1409/1/3 1416/1/3
f 1417/5/3 1411/5/3 1410/5/3
f 1418/5/3 1411/5/3 1417/5/3
f 1419/1/3 1412/1/3 1411/1/3
f 1419/5/3 1411/5/3 1418/5/3
f 1420/5/3 1403/5/3 1412/5/3
f 1420/1/3 1412/1/3 1419/1/3
f 1421/5/3 1167/5/3 1403/5/3
f 1421/5/3 1403/5/3 1420/5/3
f 1422/5/3 1413/5/3 1404/5/3
f 1422/5/3 1404/5/3 14/5/3
f 1422/5/3 1414/5/3 1413/5/3
f 1423/5/3 1414/5/3 1422/5/3
f 1424/1/3 1415/1/3 1414/1/3
f 1424/5/3 1414/5/3 1423/5/3
f 1425/5/3 1416/5/3 1415/5/3
f 1425/1/3 1415/1/3 1424/1/3
f 1425/5/3 1417/5/3 1416/5/3
f 1426/5/3 1417/5/3 1425/5/3
f 1427/1/3 1418/1/3 1417/1/3
f 1427/5/3 1417/5/3 1426/5/3
f 1428/5/3 1420/5/3 1419/5/3
f 1428/1/3 1418/1/3 1427/1/3
f 1428/5/3 1419/5/3 1418/5/3
f 1429/5/3 1420/5/3 1428/5/3
f 1430/1/3 1421/1/3 1420/1/3
f 1430/5/3 1420/5/3 1429/5/3
f 1431/5/3 1167/5/3 1421/5/3
f 1431/1/3 1421/1/3 1430/1/3
f 1432/1/3 1423/1/3 1422/1/3
f 1432/5/3 1422/5/3 14/5/3
f 1433/5/3 1424/5/3 1423/5/3
f 1433/1/3 1423/1/3 1432/1/3
f 1433/5/3 1425/5/3 1424/5/3
f 1434/5/3 1425/5/3 1433/5/3
f 1435/1/3 1426/1/3 1425/1/3
f 1435/5/3 1425/5/3 1434/5/3
f 1436/5/3 1427/5/3 1426/5/3
f 1436/1/3 1426/1/3 1435/1/3
f 1436/5/3 1428/5/3 1427/5/3
f 1437/5/3 1428/5/3 1436/5/3
f 1438/1/3 1429/1/3 1428/1/3
f 1438/5/3 1428/5/3 1437/5/3
f 1439/5/3 1430/5/3 1429/5/3
f 1439/1/3 1429/1/3 1438/1/3
f 1439/5/3 1431/5/3 1430/5/3
f 1440/5/3 1431/5/3 1439/5/3
f 1441/5/3 1433/5/3 1432/5/3
f 1441/1/3 1434/1/3 1433/1/3
f 1442/5/3 1435/5/3 1434/5/3
f 1442/1/3 1434/1/3 1441/1/3
f 1442/5/3 1436/5/3 1435/5/3
f 1443/5/3 1436/5/3 1442/5/3
f 1444/1/3 1437/1/3 1436/1/3
f 1444/5/3 1436/5/3 1443/5/3
f 1445/5/3 1438/5/3 1437/5/3
f 1445/1/3 1437/1/3 1444/1/3
f 1445/5/3 1439/5/3 1438/5/3
f 1446/5/3 1439/5/3 1445/5/3
f 1447/1/3 1440/1/3 1439/1/3
f 1447/5/3 1439/5/3 1446/5/3
f 1448/5/3 1431/5/3 1440/5/3
f 1448/1/3 1440/1/3 1447/1/3
f 1449/5/3 1167/5/3 1431/5/3
f 1449/5/3 1431/5/3 1448/5/3
f 1450/5/3 1432/5/3 14/5/3
f 1450/5/3 1441/5/3 1432/5/3
f 1450/5/3 1442/5/3 1441/5/3
f 1451/5/3 1442/5/3 1450/5/3
f 1452/1/3 1443/1/3 1442/1/3
f 1452/5/3 1442/5/3 1451/5/3
f 1453/5/3 1444/5/3 1443/5/3
f 1453/1/3 1443/1/3 1452/1/3
f 1453/5/3 1445/5/3 1444/5/3
f 1454/5/3 1445/5/3 1453/5/3
f 1455/1/3 1446/1/3 1445/1/3
f 1455/5/3 1445/5/3 1454/5/3
f 1456/5/3 1448/5/3 1447/5/3
f 1456/1/3 1446/1/3 1455/1/3
f 1456/5/3 1447/5/3 1446/5/3
f 1457/5/3 1448/5/3 1456/5/3
f 1458/1/3 1449/1/3 1448/1/3
f 1458/5/3 1448/5/3 1457/5/3
f 1459/5/3 1167/5/3 1449/5/3
f 1459/1/3 1449/1/3 1458/1/3
f 1460/1/3 1451/1/3 1450/1/3
f 1460/5/3 1450/5/3 14/5/3
f 1461/5/3 1452/5/3 1451/5/3
f 1461/1/3 1451/1/3 1460/1/3
f 1461/5/3 1453/5/3 1452/5/3
f 1462/5/3 1453/5/3 1461/5/3
f 1463/1/3 1454/1/3 1453/1/3
f 1463/5/3 1453/5/3 1462/5/3
f 1464/5/3 1455/5/3 1454/5/3
f 1464/1/3 1454/1/3 1463/1/3
f 1464/5/3 1456/5/3 1455/5/3
f 1465/5/3 1456/5/3 1464/5/3
f 1466/1/3 1457/1/3 1456/1/3
f 1466/5/3 1456/5/3 1465/5/3
f 1467/5/3 1458/5/3 1457/5/3
f 1467/1/3 1457/1/3 1466/1/3
f 1467/5/3 1459/5/3 1458/5/3
f 1468/5/3 1459/5/3 1467/5/3
f 1469/5/3 1461/5/3 1460/5/3
f 1469/1/3 1462/1/3 1461/1/3
f 1470/5/3 1463/5/3 1462/5/3
f 1470/1/3 1462/1/3 1469/1/3
f 1470/5/3 1464/5/3 1463/5/3
f 1471/5/3 1464/5/3 1470/5/3
f 1472/1/3 1465/1/3 1464/1/3
f 1472/5/3 1464/5/3 1471/5/3
f 1473/5/3 1466/5/3 1465/5/3
f 1473/1/3 1465/1/3 1472/1/3
f 1473/5/3 1467/5/3 1466/5/3
f 1474/5/3 1467/5/3 1473/5/3
f 1475/1/3 1468/1/3 1467/1/3
f 1475/5/3 1467/5/3 1474/5/3
f 1476/5/3 1459/5/3 1468/5/3
f 1476/1/3 1468/1/3 1475/1/3
f 1477/5/3 1167/5/3 1459/5/3
f 1477/5/3 1459/5/3 1476/5/3
f 1478/5/3 1460/5/3 14/5/3
f 1478/5/3 1469/5/3 1460/5/3
f 1478/5/3 1470/5/3 1469/5/3
f 1479/5/3 1470/5/3 1478/5/3
f 1480/1/3 1471/1/3 1470/1/3
f 1480/5/3 1470/5/3 1479/5/3
f 1481/5/3 1472/5/3 1471/5/3
f 1481/1/3 1471/1/3 1480/1/3
f 1481/5/3 1473/5/3 1472/5/3
f 1482/5/3 1473/5/3 1481/5/3
f 1483/1/3 1474/1/3 1473/1/3
f 1483/5/3 1473/5/3 1482/5/3
f 1484/5/3 1476/5/3 1475/5/3
f 1484/1/3 1474/1/3 1483/1/3
f 1484/5/3 1475/5/3 1474/5/3
f 1485/5/3 1476/5/3 1484/5/3
f 1486/1/3 1477/1/3 1476/1/3
f 1486/5/3 1476/5/3 1485/5/3
f 1487/5/3 1167/5/3 1477/5/3
f 1487/1/3 1477/1/3 1486/1/3
f 1488/1/3 1479/1/3 1478/1/3
f 1488/5/3 1478/5/3 14/5/3
f 1489/5/3 1480/5/3 1479/5/3
f 1489/1/3 1479/1/3 1488/1/3
f 1489/5/3 1481/5/3 1480/5/3
f 1490/5/3 1481/5/3 1489/5/3
f 1491/1/3 1482/1/3 1481/1/3
f 1491/5/3 1481/5/3 1490/5/3
f 1492/5/3 1483/5/3 1482/5/3
f 1492/1/3 1482/1/3 1491/1/3
f 1492/5/3 1484/5/3 1483/5/3
f 1493/5/3 1484/5/3 1492/5/3
f 1494/1/3 1485/1/3 1484/1/3
f 1494/5/3 1484/5/3 1493/5/3
f 1495/5/3 1486/5/3 1485/5/3
f 1495/1/3 1485/1/3 1494/1/3
f 1495/5/3 1487/5/3 1486/5/3
f 1496/5/3 1487/5/3 1495/5/3
f 1497/5/3 1489/5/3 1488/5/3
f 1497/1/3 1490/1/3 1489/1/3
f 1498/5/3 1491/5/3 1490/5/3
f 1498/1/3 1490/1/3 1497/1/3
f 1498/5/3 1492/5/3 1491/5/3
f 1499/5/3 1492/5/3 1498/5/3
f 1500/1/3 1493/1/3 1492/1/3
f 1500/5/3 1492/5/3 1499/5/3
f 1501/5/3 1494/5/3 1493/5/3
f 1501/1/3 1493/1/3 1500/1/3
f 1501/5/3 1495/5/3 1494/5/3
f 1502/5/3 1495/5/3 1501/5/3
f 1503/1/3 1496/1/3 1495/1/3
f 1503/5/3 1495/5/3 1502/5/3
f 1504/5/3 1487/5/3 1496/5/3
f 1504/1/3 1496/1/3 1503/1/3
f 1505/5/3 1167/5/3 1487/5/3
f 1505/5/3 1487/5/3 1504/5/3
f 1506/5/3 1488/5/3 14/5/3
f 1506/5/3 1497/5/3 1488/5/3
f 1506/5/3 1498/5/3 1497/5/3
f 1507/5/3 1498/5/3 1506/5/3
f 1508/1/3 1499/1/3 1498/1/3
f 1508/5/3 1498/5/3 1507/5/3
f 1509/5/3 1500/5/3 1499/5/3
f 1509/1/3 1499/1/3 1508/1/3
f 1509/5/3 1501/5/3 1500/5/3
f 1510/5/3 1501/5/3 1509/5/3
f 1511/1/3 1502/1/3 1501/1/3
f 1511/5/3 1501/5/3 1510/5/3
f 1512/5/3 1504/5/3 1503/5/3
f 1512/1/3 1502/1/3 1511/1/3
f 1512/5/3 1503/5/3 1502/5/3
f 1513/5/3 1504/5/3 1512/5/3
f 1514/1/3 1505/1/3 1504/1/3
f 1514/5/3 1504/5/3 1513/5/3
f 1515/5/3 1167/5/3 1505/5/3
f 1515/1/3 1505/1/3 1514/1/3
f 1516/4/3 1374/4/3 1373/4/3
f 1516/2/3 1375/2/3 1374/2/3
f 1517/2/3 1362/2/3 1375/2/3
f 1517/2/3 1375/2/3 1516/2/3
f 1518/1/3 1507/1/3 1506/1/3
f 1518/5/3 1506/5/3 14/5/3
f 1519/5/3 1508/5/3 1507/5/3
f 1519/1/3 1507/1/3 1518/1/3
f 1519/5/3 1509/5/3 1508/5/3
f 1520/5/3 1509/5/3 1519/5/3
f 1521/1/3 1510/1/3 1509/1/3
f 1521/5/3 1509/5/3 1520/5/3
f 1522/5/3 1511/5/3 1510/5/3
f 1522/1/3 1510/1/3 1521/1/3
f 1522/5/3 1512/5/3 1511/5/3
f 1523/5/3 1512/5/3 1522/5/3
f 1524/1/3 1513/1/3 1512/1/3
f 1524/5/3 1512/5/3 1523/5/3
f 1525/5/3 1514/5/3 1513/5/3
f 1525/1/3 1513/1/3 1524/1/3
f 1525/5/3 1515/5/3 1514/5/3
f 1526/5/3 1515/5/3 1525/5/3
f 1527/4/3 1516/4/3 1373/4/3
f 1527/4/3 1517/4/3 1516/4/3
f 1528/2/3 1362/2/3 1517/2/3
f 1528/4/3 1517/4/3 1527/4/3
f 1529/5/3 1519/5/3 1518/5/3
f 1529/1/3 1520/1/3 1519/1/3
f 1530/5/3 1521/5/3 1520/5/3
f 1530/1/3 1520/1/3 1529/1/3
f 1530/5/3 1522/5/3 1521/5/3
f 1531/5/3 1522/5/3 1530/5/3
f 1532/1/3 1523/1/3 1522/1/3
f 1532/5/3 1522/5/3 1531/5/3
f 1533/5/3 1524/5/3 1523/5/3
f 1533/1/3 1523/1/3 1532/1/3
f 1533/5/3 1525/5/3 1524/5/3
f 1534/5/3 1525/5/3 1533/5/3
f 1535/1/3 1526/1/3 1525/1/3
f 1535/5/3 1525/5/3 1534/5/3
f 1536/5/3 1515/5/3 1526/5/3
f 1536/1/3 1526/1/3 1535/1/3
f 1537/5/3 1167/5/3 1515/5/3
f 1537/5/3 1515/5/3 1536/5/3
f 1538/5/3 1518/5/3 14/5/3
f 1538/5/3 1529/5/3 1518/5/3
f 1538/5/3 1530/5/3 1529/5/3
f 1539/5/3 1530/5/3 1538/5/3
f 1540/1/3 1531/1/3 1530/1/3
f 1540/5/3 1530/5/3 1539/5/3
f 1541/5/3 1532/5/3 1531/5/3
f 1541/1/3 1531/1/3 1540/1/3
f 1541/5/3 1533/5/3 1532/5/3
f 1542/5/3 1533/5/3 1541/5/3
f 1543/1/3 1534/1/3 1533/1/3
f 1543/5/3 1533/5/3 1542/5/3
f 1544/5/3 1535/5/3 1534/5/3
f 1544/1/3 1534/1/3 1543/1/3
f 1544/5/3 1536/5/3 1535/5/3
f 1545/5/3 1536/5/3 1544/5/3
f 1546/1/3 1537/1/3 1536/1/3
f 1546/5/3 1536/5/3 1545/5/3
f 1547/5/3 1167/5/3 1537/5/3
f 1547/1/3 1537/1/3 1546/1/3
f 1548/1/3 1539/1/3 1538/1/3
f 1548/5/3 1538/5/3 14/5/3
f 1549/5/3 1540/5/3 1539/5/3
f 1549/1/3 1539/1/3 1548/1/3
f 1549/5/3 1541/5/3 1540/5/3
f 1550/5/3 1541/5/3 1549/5/3
f 1551/1/3 1542/1/3 1541/1/3
f 1551/5/3 1541/5/3 1550/5/3
f 1552/5/3 1543/5/3 1542/5/3
f 1552/1/3 1542/1/3 1551/1/3
f 1552/5/3 1544/5/3 1543/5/3
f 1553/5/3 1544/5/3 1552/5/3
f 1554/1/3 1545/1/3 1544/1/3
f 1554/5/3 1544/5/3 1553/5/3
f 1555/5/3 1546/5/3 1545/5/3
f 1555/1/3 1545/1/3 1554/1/3
f 1555/5/3 1547/5/3 1546/5/3
f 1556/5/3 1547/5/3 1555/5/3
f 1557/5/3 1549/5/3 1548/5/3
f 1557/1/3 1550/1/3 1549/1/3
f 1558/5/3 1551/5/3 1550/5/3
f 1558/1/3 1550/1/3 1557/1/3
f 1558/5/3 1552/5/3 1551/5/3
f 1559/5/3 1552/5/3 1558/5/3
f 1560/1/3 1553/1/3 1552/1/3
f 1560/5/3 1552/5/3 1559/5/3
f 1561/5/3 1554/5/3 1553/5/3
f 1561/1/3 1553/1/3 1560/1/3
f 1561/5/3 1555/5/3 1554/5/3
f 1562/5/3 1555/5/3 1561/5/3
f 1563/1/3 1556/1/3 1555/1/3
f 1563/5/3 1555/5/3 1562/5/3
f 1564/5/3 1547/5/3 1556/5/3
f 1564/1/3 1556/1/3 1563/1/3
f 1565/5/3 1167/5/3 1547/5/3
f 1565/5/3 1547/5/3 1564/5/3
f 1566/5/3 1548/5/3 14/5/3
f 1566/5/3 1557/5/3 1548/5/3
f 1566/5/3 1558/5/3 1557/5/3
f 1567/5/3 1558/5/3 1566/5/3
f 1568/1/3 1559/1/3 1558/1/3
f 1568/5/3 1558/5/3 1567/5/3
f 1569/5/3 1560/5/3 1559/5/3
f 1569/1/3 1559/1/3 1568/1/3
f 1569/5/3 1561/5/3 1560/5/3
f 1570/5/3 1561/5/3 1569/5/3
f 1571/1/3 1562/1/3 1561/1/3
f 1571/5/3 1561/5/3 1570/5/3
f 1572/5/3 1564/5/3 1563/5/3
f 1572/1/3 1562/1/3 1571/1/3
f 1572/5/3 1563/5/3 1562/5/3
f 1573/5/3 1564/5/3 1572/5/3
f 1574/1/3 1565/1/3 1564/1/3
f 1574/5/3 1564/5/3 1573/5/3
f 1575/5/3 1167/5/3 1565/5/3
f 1575/1/3 1565/1/3 1574/1/3
f 1576/1/3 1567/1/3 1566/1/3
f 1576/5/3 1566/5/3 14/5/3
f 1577/5/3 1568/5/3 1567/5/3
f 1577/1/3 1567/1/3 1576/1/3
f 1577/5/3 1569/5/3 1568/5/3
f 1578/5/3 1569/5/3 1577/5/3
f 1579/1/3 1570/1/3 1569/1/3
f 1579/5/3 1569/5/3 1578/5/3
f 1580/5/3 1571/5/3 1570/5/3
f 1580/1/3 1570/1/3 1579/1/3
f 1580/5/3 1572/5/3 1571/5/3
f 1581/5/3 1572/5/3 1580/5/3
f 1582/1/3 1573/1/3 1572/1/3
f 1582/5/3 1572/5/3 1581/5/3
f 1583/5/3 1574/5/3 1573/5/3
f 1583/1/3 1573/1/3 1582/1/3
f 1583/5/3 1575/5/3 1574/5/3
f 1584/5/3 1575/5/3 1583/5/3
f 1585/5/3 1577/5/3 1576/5/3
f 1585/1/3 1578/1/3 1577/1/3
f 1586/5/3 1579/5/3 1578/5/3
f 1586/1/3 1578/1/3 1585/1/3
f 1586/5/3 1580/5/3 1579/5/3
f 1587/5/3 1580/5/3 1586/5/3
f 1588/1/3 1581/1/3 1580/1/3
f 1588/5/3 1580/5/3 1587/5/3
f 1589/5/3 1582/5/3 1581/5/3
f 1589/1/3 1581/1/3 1588/1/3
f 1589/5/3 1583/5/3 1582/5/3
f 1590/5/3 1583/5/3 1589/5/3
f 1591/1/3 1584/1/3 1583/1/3
f 1591/5/3 1583/5/3 1590/5/3
f 1592/5/3 1575/5/3 1584/5/3
f 1592/1/3 1584/1/3 1591/1/3
f 1593/5/3 1167/5/3 1575/5/3
f 1593/5/3 1575/5/3 1592/5/3
f 1594/5/3 1576/5/3 14/5/3
f 1594/5/3 1585/5/3 1576/5/3
f 1594/5/3 1586/5/3 1585/5/3
f 1595/5/3 1586/5/3 1594/5/3
f 1596/1/3 1587/1/3 1586/1/3
f 1596/5/3 1586/5/3 1595/5/3
f 1597/5/3 1588/5/3 1587/5/3
f 1597/1/3 1587/1/3 1596/1/3
f 1597/5/3 1589/5/3 1588/5/3
f 1598/5/3 1589/5/3 1597/5/3
f 1599/1/3 1590/1/3 1589/1/3
f 1599/5/3 1589/5/3 1598/5/3
f 1600/5/3 1591/5/3 1590/5/3
f 1600/1/3 1590/1/3 1599/1/3
f 1600/5/3 1592/5/3 1591/5/3
f 1601/5/3 1592/5/3 1600/5/3
f 1602/1/3 1593/1/3 1592/1/3
f 1602/5/3 1592/5/3 1601/5/3
f 1603/5/3 1167/5/3 1593/5/3
f 1603/1/3 1593/1/3 1602/1/3
f 1604/1/3 1595/1/3 1594/1/3
f 1604/5/3 1594/5/3 14/5/3
f 1605/5/3 1596/5/3 1595/5/3
f 1605/1/3 1595/1/3 1604/1/3
f 1605/5/3 1597/5/3 1596/5/3
f 1606/5/3 1597/5/3 1605/5/3
f 1607/1/3 1598/1/3 1597/1/3
f 1607/5/3 1597/5/3 1606/5/3
f 1608/5/3 1599/5/3 1598/5/3
f 1608/1/3 1598/1/3 1607/1/3
f 1608/5/3 1600/5/3 1599/5/3
f 1609/5/3 1600/5/3 1608/5/3
f 1610/1/3 1601/1/3 1600/1/3
f 1610/5/3 1600/5/3 1609/5/3
f 1611/5/3 1602/5/3 1601/5/3
f 1611/1/3 1601/1/3 1610/1/3
f 1611/5/3 1603/5/3 1602/5/3
f 1612/5/3 1603/5/3 1611/5/3
f 1613/5/3 1605/5/3 1604/5/3
f 1613/1/3 1606/1/3 1605/1/3
f 1614/5/3 1607/5/3 1606/5/3
f 1614/1/3 1606/1/3 1613/1/3
f 1614/5/3 1608/5/3 1607/5/3
f 1615/5/3 1608/5/3 1614/5/3
f 1616/1/3 1609/1/3 1608/1/3
f 1616/5/3 1608/5/3 1615/5/3
f 1617/5/3 1610/5/3 1609/5/3
f 1617/1/3 1609/1/3 1616/1/3
f 1617/5/3 1611/5/3 1610/5/3
f 1618/5/3 1611/5/3 1617/5/3
f 1619/1/3 1612/1/3 1611/1/3
f 1619/5/3 1611/5/3 1618/5/3
f 1620/5/3 1603/5/3 1612/5/3
f 1620/1/3 1612/1/3 1619/1/3
f 1621/5/3 1167/5/3 1603/5/3
f 1621/5/3 1603/5/3 1620/5/3
f 1622/5/3 1604/5/3 14/5/3
f 1622/5/3 1613/5/3 1604/5/3
f 1622/5/3 1614/5/3 1613/5/3
f 1623/5/3 1614/5/3 1622/5/3
f 1624/1/3 1615/1/3 1614/1/3
f 1624/5/3 1614/5/3 1623/5/3
f 1625/5/3 1616/5/3 1615/5/3
f 1625/1/3 1615/1/3 1624/1/3
f 1625/5/3 1617/5/3 1616/5/3
f 1626/5/3 1617/5/3 1625/5/3
f 1627/1/3 1618/1/3 1617/1/3
f 1627/5/3 1617/5/3 1626/5/3
f 1628/5/3 1620/5/3 1619/5/3
f 1628/1/3 1618/1/3 1627/1/3
f 1628/5/3 1619/5/3 1618/5/3
f 1629/5/3 1620/5/3 1628/5/3
f 1630/1/3 1621/1/3 1620/1/3
f 1630/5/3 1620/5/3 1629/5/3
f 1631/5/3 1167/5/3 1621/5/3
f 1631/1/3 1621/1/3 1630/1/3
f 1632/1/3 1623/1/3 1622/1/3
f 1632/5/3 1622/5/3 14/5/3
f 1633/5/3 1624/5/3 1623/5/3
f 1633/1/3 1623/1/3 1632/1/3
f 1633/5/3 1625/5/3 1624/5/3
f 1634/5/3 1625/5/3 1633/5/3
f 1635/1/3 1626/1/3 1625/1/3
f 1635/5/3 1625/5/3 1634/5/3
f 1636/5/3 1627/5/3 1626/5/3
f 1636/1/3 1626/1/3 1635/1/3
f 1636/5/3 1628/5/3 1627/5/3
f 1637/5/3 1628/5/3 1636/5/3
f 1638/1/3 1629/1/3 1628/1/3
f 1638/5/3 1628/5/3 1637/5/3
f 1639/5/3 1630/5/3 1629/5/3
f 1639/1/3 1629/1/3 1638/1/3
f 1639/5/3 1631/5/3 1630/5/3
f 1640/5/3 1631/5/3 1639/5/3
f 1641/5/3 1633/5/3 1632/5/3
f 1641/1/3 1634/1/3 1633/1/3
f 1642/5/3 1635/5/3 1634/5/3
f 1642/1/3 1634/1/3 1641/1/3
f 1642/5/3 1636/5/3 1635/5/3
f 1643/5/3 1636/5/3 1642/5/3
f 1644/1/3 1637/1/3 1636/1/3
f 1644/5/3 1636/5/3 1643/5/3
f 1645/5/3 1638/5/3 1637/5/3
f 1645/1/3 1637/1/3 1644/1/3
f 1645/5/3 1639/5/3 1638/5/3
f 1646/5/3 1639/5/3 1645/5/3
f 1647/1/3 1640/1/3 1639/1/3
f 1647/5/3 1639/5/3 1646/5/3
f 1648/5/3 1631/5/3 1640/5/3
f 1648/1/3 1640/1/3 1647/1/3
f 1649/5/3 1167/5/3 1631/5/3
f 1649/5/3 1631/5/3 1648/5/3
f 1650/5/3 1632/5/3 14/5/3
f 1650/5/3 1641/5/3 1632/5/3
f 1650/5/3 1642/5/3 1641/5/3
f 1651/5/3 1642/5/3 1650/5/3
f 1652/1/3 1643/1/3 1642/1/3
f 1652/5/3 1642/5/3 1651/5/3
f 1653/5/3 1644/5/3 1643/5/3
f 1653/1/3 1643/1/3 1652/1/3
f 1653/5/3 1645/5/3 1644/5/3
f 1654/5/3 1645/5/3 1653/5/3
f 1655/1/3 1646/1/3 1645/1/3
f 1655/5/3 1645/5/3 1654/5/3
f 1656/5/3 1648/5/3 1647/5/3
f 1656/1/3 1646/1/3 1655/1/3
f 1656/5/3 1647/5/3 1646/5/3
f 1657/5/3 1648/5/3 1656/5/3
f 1658/1/3 1649/1/3 1648/1/3
f 1658/5/3 1648/5/3 1657/5/3
f 1659/5/3 1167/5/3 1649/5/3
f 1659/1/3 1649/1/3 1658/1/3
f 1660/1/3 1651/1/3 1650/1/3
f 1660/5/3 1650/5/3 14/5/3
f 1661/5/3 1652/5/3 1651/5/3
f 1661/1/3 1651/1/3 1660/1/3
f 1661/5/3 1653/5/3 1652/5/3
f 1662/5/3 1653/5/3 1661/5/3
f 1663/1/3 1654/1/3 1653/1/3
f 1663/5/3 1653/5/3 1662/5/3
f 1664/5/3 1655/5/3 1654/5/3
f 1664/1/3 1654/1/3 1663/1/3
f 1664/5/3 1656/5/3 1655/5/3
f 1665/5/3 1656/5/3 1664/5/3
f 1666/1/3 1657/1/3 1656/1/3
f 1666/5/3 1656/5/3 1665/5/3
f 1667/5/3 1658/5/3 1657/5/3
f 1667/1/3 1657/1/3 1666/1/3
f 1667/5/3 1659/5/3 1658/5/3
f 1668/5/3 1659/5/3 1667/5/3
f 1669/5/3 1661/5/3 1660/5/3
f 1669/1/3 1662/1/3 1661/1/3
f 1670/5/3 1663/5/3 1662/5/3
f 1670/1/3 1662/1/3 1669/1/3
f 1670/5/3 1664/5/3 1663/5/3
f 1671/5/3 1664/5/3 1670/5/3
f 1672/1/3 1665/1/3 1664/1/3
f 1672/5/3 1664/5/3 1671/5/3
f 1673/5/3 1666/5/3 1665/5/3
f 1673/1/3 1665/1/3 1672/1/3
f 1673/5/3 1667/5/3 1666/5/3
f 1674/5/3 1667/5/3 1673/5/3
f 1675/1/3 1668/1/3 1667/1/3
f 1675/5/3 1667/5/3 1674/5/3
f 1676/5/3 1659/5/3 1668/5/3
f 1676/1/3 1668/1/3 1675/1/3
f 1677/5/3 1167/5/3 1659/5/3
f 1677/5/3 1659/5/3 1676/5/3
f 1678/5/3 1660/5/3 14/5/3
f 1678/5/3 1669/5/3 1660/5/3
f 1678/5/3 1670/5/3 1669/5/3
f 1679/5/3 1670/5/3 1678/5/3
f 1680/1/3 1671/1/3 1670/1/3
f 1680/5/3 1670/5/3 1679/5/3
f 1681/5/3 1672/5/3 1671/5/3
f 1681/1/3 1671/1/3 1680/1/3
f 1681/5/3 1673/5/3 1672/5/3
f 1682/5/3 1673/5/3 1681/5/3
f 1683/1/3 1674/1/3 1673/1/3
f 1683/5/3 1673/5/3 1682/5/3
f 1684/5/3 1676/5/3 1675/5/3
f 1684/1/3 1674/1/3 1683/1/3
f 1684/5/3 1675/5/3 1674/5/3
f 1685/5/3 1676/5/3 1684/5/3
f 1686/1/3 1677/1/3 1676/1/3
f 1686/5/3 1676/5/3 1685/5/3
f 1687/5/3 1167/5/3 1677/5/3
f 1687/1/3 1677/1/3 1686/1/3
f 1688/1/3 1679/1/3 1678/1/3
f 1688/5/3 1678/5/3 14/5/3
f 1689/5/3 1680/5/3 1679/5/3
f 1689/1/3 1679/1/3 1688/1/3
f 1689/5/3 1681/5/3 1680/5/3
f 1690/5/3 1681/5/3 1689/5/3
f 1691/1/3 1682/1/3 1681/1/3
f 1691/5/3 1681/5/3 1690/5/3
f 1692/5/3 1683/5/3 1682/5/3
f 1692/1/3 1682/1/3 1691/1/3
f 1692/5/3 1684/5/3 1683/5/3
f 1693/5/3 1684/5/3 1692/5/3
f 1694/1/3 1685/1/3 1684/1/3
f 1694/5/3 1684/5/3 1693/5/3
f 1695/5/3 1686/5/3 1685/5/3
f 1695/1/3 1685/1/3 1694/1/3
f 1695/5/3 1687/5/3 1686/5/3
f 1696/5/3 1687/5/3 1695/5/3
f 1697/5/3 1689/5/3 1688/5/3
f 1697/1/3 1690/1/3 1689/1/3
f 1698/5/3 1691/5/3 1690/5/3
f 1698/1/3 1690/1/3 1697/1/3
f 1698/5/3 1692/5/3 1691/5/3
f 1699/5/3 1692/5/3 1698/5/3
f 1700/1/3 1693/1/3 1692/1/3
f 1700/5/3 1692/5/3 1699/5/3
f 1701/5/3 1694/5/3 1693/5/3
f 1701/1/3 1693/1/3 1700/1/3
f 1701/5/3 1695/5/3 1694/5/3
f 1702/5/3 1695/5/3 1701/5/3
f 1703/1/3 1696/1/3 1695/1/3
f 1703/5/3 1695/5/3 1702/5/3
f 1704/5/3 1687/5/3 1696/5/3
f 1704/1/3 1696/1/3 1703/1/3
f 1705/5/3 1167/5/3 1687/5/3
f 1705/5/3 1687/5/3 1704/5/3
f 1706/5/3 1688/5/3 14/5/3
f 1706/5/3 1697/5/3 1688/5/3
f 1706/5/3 1698/5/3 1697/5/3
f 1707/5/3 1698/5/3 1706/5/3
f 1708/1/3 1699/1/3 1698/1/3
f 1708/5/3 1698/5/3 1707/5/3
f 1709/5/3 1700/5/3 1699/5/3
f 1709/1/3 1699/1/3 1708/1/3
f 1709/5/3 1701/5/3 1700/5/3
f 1710/5/3 1701/5/3 1709/5/3
f 1711/1/3 1702/1/3 1701/1/3
f 1711/5/3 1701/5/3 1710/5/3
f 1712/5/3 1704/5/3 1703/5/3
f 1712/1/3 1702/1/3 1711/1/3
f 1712/5/3 1703/5/3 1702/5/3
f 1713/5/3 1704/5/3 1712/5/3
f 1714/1/3 1705/1/3 1704/1/3
f 1714/5/3 1704/5/3 1713/5/3
f 1715/5/3 1167/5/3 1705/5/3
f 1715/1/3 1705/1/3 1714/1/3
f 1716/1/3 1707/1/3 1706/1/3
f 1716/5/3 1706/5/3 14/5/3
f 1717/5/3 1708/5/3 1707/5/3
f 1717/1/3 1707/1/3 1716/1/3
f 1717/5/3 1709/5/3 1708/5/3
f 1718/5/3 1709/5/3 1717/5/3
f 1719/1/3 1710/1/3 1709/1/3
f 1719/5/3 1709/5/3 1718/5/3
f 1720/5/3 1711/5/3 1710/5/3
f 1720/1/3 1710/1/3 1719/1/3
f 1720/5/3 1712/5/3 1711/5/3
f 1721/5/3 1712/5/3 1720/5/3
f 1722/1/3 1713/1/3 1712/1/3
f 1722/5/3 1712/5/3 1721/5/3
f 1723/5/3 1714/5/3 1713/5/3
f 1723/1/3 1713/1/3 1722/1/3
f 1723/5/3 1715/5/3 1714/5/3
f 1724/5/3 1715/5/3 1723/5/3
f 1725/5/3 1717/5/3 1716/5/3
f 1725/1/3 1718/1/3 1717/1/3
f 1726/5/3 1719/5/3 1718/5/3
f 1726/1/3 1718/1/3 1725/1/3
f 1726/5/3 1720/5/3 1719/5/3
f 1727/5/3 1720/5/3 1726/5/3
f 1728/1/3 1721/1/3 1720/1/3
f 1728/5/3 1720/5/3 1727/5/3
f 1729/5/3 1722/5/3 1721/5/3
f 1729/1/3 1721/1/3 1728/1/3
f 1729/5/3 1723/5/3 1722/5/3
f 1730/5/3 1723/5/3 1729/5/3
f 1731/1/3 1724/1/3 1723/1/3
f 1731/5/3 1723/5/3 1730/5/3
f 1732/5/3 1715/5/3 1724/5/3
f 1732/1/3 1724/1/3 1731/1/3
f 1733/5/3 1167/5/3 1715/5/3
f 1733/5/3 1715/5/3 1732/5/3
f 1734/5/3 1716/5/3 14/5/3
f 1734/5/3 1725/5/3 1716/5/3
f 1734/5/3 1726/5/3 1725/5/3
f 1735/5/3 1726/5/3 1734/5/3
f 1736/1/3 1727/1/3 1726/1/3
f 1736/5/3 1726/5/3 1735/5/3
f 1737/5/3 1728/5/3 1727/5/3
f 1737/1/3 1727/1/3 1736/1/3
f 1737/5/3 1729/5/3 1728/5/3
f 1738/5/3 1729/5/3 1737/5/3
f 1739/1/3 1730/1/3 1729/1/3
f 1739/5/3 1729/5/3 1738/5/3
f 1740/5/3 1732/5/3 1731/5/3
f 1740/1/3 1730/1/3 1739/1/3
f 1740/5/3 1731/5/3 1730/5/3
f 1741/5/3 1732/5/3 1740/5/3
f 1742/1/3 1733/1/3 1732/1/3
f 1742/5/3 1732/5/3 1741/5/3
f 1743/5/3 1167/5/3 1733/5/3
f 1743/1/3 1733/1/3 1742/1/3
f 1744/1/3 1735/1/3 1734/1/3
f 1744/5/3 1734/5/3 14/5/3
f 1745/5/3 1736/5/3 1735/5/3
f 1745/1/3 1735/1/3 1744/1/3
f 1745/5/3 1737/5/3 1736/5/3
f 1746/5/3 1737/5/3 1745/5/3
f 1747/1/3 1738/1/3 1737/1/3
f 1747/5/3 1737/5/3 1746/5/3
f 1748/5/3 1739/5/3 1738/5/3
f 1748/1/3 1738/1/3 1747/1/3
f 1748/5/3 1740/5/3 1739/5/3
f 1749/5/3 1740/5/3 1748/5/3
f 1750/1/3 1741/1/3 1740/1/3
f 1750/5/3 1740/5/3 1749/5/3
f 1751/5/3 1742/5/3 1741/5/3
f 1751/1/3 1741/1/3 1750/1/3
f 1751/5/3 1743/5/3 1742/5/3
f 1752/5/3 1743/5/3 1751/5/3
f 1753/5/3 1745/5/3 1744/5/3
f 1753/1/3 1746/1/3 1745/1/3
f 1754/5/3 1747/5/3 1746/5/3
f 1754/1/3 1746/1/3 1753/1/3
f 1754/5/3 1748/5/3 1747/5/3
f 1755/5/3 1748/5/3 1754/5/3
f 1756/1/3 1749/1/3 1748/1/3
f 1756/5/3 1748/5/3 1755/5/3
f 1757/5/3 1750/5/3 1749/5/3
f 1757/1/3 1749/1/3 1756/1/3
f 1757/5/3 1751/5/3 1750/5/3
f 1758/5/3 1751/5/3 1757/5/3
f 1759/1/3 1752/1/3 1751/1/3
f 1759/5/3 1751/5/3 1758/5/3
f 1760/5/3 1743/5/3 1752/5/3
f 1760/1/3 1752/1/3 1759/1/3
f 1761/5/3 1167/5/3 1743/5/3
f 1761/5/3 1743/5/3 1760/5/3
f 1762/5/3 1744/5/3 14/5/3
f 1762/5/3 1753/5/3 1744/5/3
f 1762/5/3 1754/5/3 1753/5/3
f 1763/5/3 1754/5/3 1762/5/3
f 1764/1/3 1755/1/3 1754/1/3
f 1764/5/3 1754/5/3 1763/5/3
f 1765/5/3 1756/5/3 1755/5/3
f 1765/1/3 1755/1/3 1764/1/3
f 1765/5/3 1757/5/3 1756/5/3
f 1766/5/3 1757/5/3 1765/5/3
f 1767/1/3 1758/1/3 1757/1/3
f 1767/5/3 1757/5/3 1766/5/3
f 1768/5/3 1760/5/3 1759/5/3
f 1768/1/3 1758/1/3 1767/1/3
f 1768/5/3 1759/5/3 1758/5/3
f 1769/5/3 1760/5/3 1768/5/3
f 1770/1/3 1761/1/3 1760/1/3
f 1770/5/3 1760/5/3 1769/5/3
f 1771/5/3 1167/5/3 1761/5/3
f 1771/1/3 1761/1/3 1770/1/3
f 1772/1/3 1763/1/3 1762/1/3
f 1772/5/3 1762/5/3 14/5/3
f 1773/5/3 1764/5/3 1763/5/3
f 1773/1/3 1763/1/3 1772/1/3
f 1773/5/3 1765/5/3 1764/5/3
f 1774/5/3 1765/5/3 1773/5/3
f 1775/1/3 1766/1/3 1765/1/3
f 1775/5/3 1765/5/3 1774/5/3
f 1776/5/3 1767/5/3 1766/5/3
f 1776/1/3 1766/1/3 1775/1/3
f 1776/5/3 1768/5/3 1767/5/3
f 1777/5/3 1768/5/3 1776/5/3
f 1778/1/3 1769/1/3 1768/1/3
f 1778/5/3 1768/5/3 1777/5/3
f 1779/5/3 1770/5/3 1769/5/3
f 1779/1/3 1769/1/3 1778/1/3
f 1779/5/3 1771/5/3 1770/5/3
f 1780/5/3 1771/5/3 1779/5/3
f 1781/5/3 1773/5/3 1772/5/3
f 1781/1/3 1774/1/3 1773/1/3
f 1782/5/3 1775/5/3 1774/5/3
f 1782/1/3 1774/1/3 1781/1/3
f 1782/5/3 1776/5/3 1775/5/3
f 1783/5/3 1776/5/3 1782/5/3
f 1784/1/3 1777/1/3 1776/1/3
f 1784/5/3 1776/5/3 1783/5/3
f 1785/5/3 1778/5/3 1777/5/3
f 1785/1/3 1777/1/3 1784/1/3
f 1785/5/3 1779/5/3 1778/5/3
f 1786/5/3 1779/5/3 1785/5/3
f 1787/1/3 1780/1/3 1779/1/3
f 1787/5/3 1779/5/3 1786/5/3
f 1788/5/3 1771/5/3 1780/5/3
f 1788/1/3 1780/1/3 1787/1/3
f 1789/5/3 1167/5/3 1771/5/3
f 1789/5/3 1771/5/3 1788/5/3
f 1790/5/3 1772/5/3 14/5/3
f 1790/5/3 1781/5/3 1772/5/3
f 1790/5/3 1782/5/3 1781/5/3
f 1791/5/3 1782/5/3 1790/5/3
f 1792/1/3 1783/1/3 1782/1/3
f 1792/5/3 1782/5/3 1791/5/3
f 1793/5/3 1784/5/3 1783/5/3
f 1793/1/3 1783/1/3 1792/1/3
f 1793/5/3 1785/5/3 1784/5/3
f 1794/5/3 1785/5/3 1793/5/3
f 1795/1/3 1786/1/3 1785/1/3
f 1795/5/3 1785/5/3 1794/5/3
f 1796/5/3 1788/5/3 1787/5/3
f 1796/1/3 1786/1/3 1795/1/3
f 1796/5/3 1787/5/3 1786/5/3
f 1797/5/3 1788/5/3 1796/5/3
f 1798/1/3 1789/1/3 1788/1/3
f 1798/5/3 1788/5/3 1797/5/3
f 1799/5/3 1167/5/3 1789/5/3
f 1799/1/3 1789/1/3 1798/1/3
f 1800/1/3 1791/1/3 1790/1/3
f 1800/5/3 1790/5/3 14/5/3
f 1801/5/3 1792/5/3 1791/5/3
f 1801/1/3 1791/1/3 1800/1/3
f 1801/5/3 1793/5/3 1792/5/3
f 1802/5/3 1793/5/3 1801/5/3
f 1803/1/3 1794/1/3 1793/1/3
f 1803/5/3 1793/5/3 1802/5/3
f 1804/5/3 1795/5/3 1794/5/3
f 1804/1/3 1794/1/3 1803/1/3
f 1804/5/3 1796/5/3 1795/5/3
f 1805/5/3 1796/5/3 1804/5/3
f 1806/1/3 1797/1/3 1796/1/3
f 1806/5/3 1796/5/3 1805/5/3
f 1807/5/3 1798/5/3 1797/5/3
f 1807/1/3 1797/1/3 1806/1/3
f 1807/5/3 1799/5/3 1798/5/3
f 1808/5/3 1799/5/3 1807/5/3
f 1809/5/3 1801/5/3 1800/5/3
f 1809/1/3 1802/1/3 1801/1/3
f 1810/5/3 1803/5/3 1802/5/3
f 1810/1/3 1802/1/3 1809/1/3
f 1810/5/3 1804/5/3 1803/5/3
f 1811/5/3 1804/5/3 1810/5/3
f 1812/1/3 1805/1/3 1804/1/3
f 1812/5/3 1804/5/3 1811/5/3
f 1813/5/3 1806/5/3 1805/5/3
f 1813/1/3 1805/1/3 1812/1/3
f 1813/5/3 1807/5/3 1806/5/3
f 1814/5/3 1807/5/3 1813/5/3
f 1815/1/3 1808/1/3 1807/1/3
f 1815/5/3 1807/5/3 1814/5/3
f 1816/5/3 1799/5/3 1808/5/3
f 1816/1/3 1808/1/3 1815/1/3
f 1817/5/3 1167/5/3 1799/5/3
f 1817/5/3 1799/5/3 1816/5/3
f 1818/5/3 1800/5/3 14/5/3
f 1818/5/3 1809/5/3 1800/5/3
f 1818/5/3 1810/5/3 1809/5/3
f 1819/5/3 1810/5/3 1818/5/3
f 1820/1/3 1811/1/3 1810/1/3
f 1820/5/3 1810/5/3 1819/5/3
f 1821/5/3 1812/5/3 1811/5/3
f 1821/1/3 1811/1/3 1820/1/3
f 1821/5/3 1813/5/3 1812/5/3
f 1822/5/3 1813/5/3 1821/5/3
f 1823/1/3 1814/1/3 1813/1/3
f 1823/5/3 1813/5/3 1822/5/3
f 1824/5/3 1816/5/3 1815/5/3
f 1824/1/3 1814/1/3 1823/1/3
f 1824/5/3 1815/5/3 1814/5/3
f 1825/5/3 1816/5/3 1824/5/3
f 1826/1/3 1817/1/3 1816/1/3
f 1826/5/3 1816/5/3 1825/5/3
f 1827/5/3 1167/5/3 1817/5/3
f 1827/1/3 1817/1/3 1826/1/3
f 1828/1/3 1819/1/3 1818/1/3
f 1828/5/3 1818/5/3 14/5/3
f 1829/5/3 1820/5/3 1819/5/3
f 1829/1/3 1819/1/3 1828/1/3
f 1829/5/3 1821/5/3 1820/5/3
f 1830/5/3 1821/5/3 1829/5/3
f 1831/1/3 1822/1/3 1821/1/3
f 1831/5/3 1821/5/3 1830/5/3
f 1832/5/3 1823/5/3 1822/5/3
f 1832/1/3 1822/1/3 1831/1/3
f 1832/5/3 1824/5/3 1823/5/3
f 1833/5/3 1824/5/3 1832/5/3
f 1834/1/3 1825/1/3 1824/1/3
f 1834/5/3 1824/5/3 1833/5/3
f 1835/5/3 1826/5/3 1825/5/3
f 1835/1/3 1825/1/3 1834/1/3
f 1835/5/3 1827/5/3 1826/5/3
f 1836/5/3 1827/5/3 1835/5/3
f 1837/5/3 1829/5/3 1828/5/3
f 1837/1/3 1830/1/3 1829/1/3
f 1838/5/3 1831/5/3 1830/5/3
f 1838/1/3 1830/1/3 1837/1/3
f 1838/5/3 1832/5/3 1831/5/3
f 1839/5/3 1832/5/3 1838/5/3
f 1840/1/3 1833/1/3 1832/1/3
f 1840/5/3 1832/5/3 1839/5/3
f 1841/5/3 1834/5/3 1833/5/3
f 1841/1/3 1833/1/3 1840/1/3
f 1841/5/3 1835/5/3 1834/5/3
f 1842/5/3 1835/5/3 1841/5/3
f 1843/1/3 1836/1/3 1835/1/3
f 1843/5/3 1835/5/3 1842/5/3
f 1844/5/3 1827/5/3 1836/5/3
f 1844/1/3 1836/1/3 1843/1/3
f 1845/5/3 1167/5/3 1827/5/3
f 1845/5/3 1827/5/3 1844/5/3
f 1846/5/3 1828/5/3 14/5/3
f 1846/5/3 1837/5/3 1828/5/3
f 1846/5/3 1838/5/3 1837/5/3
f 1847/5/3 1838/5/3 1846/5/3
f 1848/1/3 1839/1/3 1838/1/3
f 1848/5/3 1838/5/3 1847/5/3
f 1849/5/3 1840/5/3 1839/5/3
f 1849/1/3 1839/1/3 1848/1/3
f 1849/5/3 1841/5/3 1840/5/3
f 1850/5/3 1841/5/3 1849/5/3
f 1851/1/3 1842/1/3 1841/1/3
f 1851/5/3 1841/5/3 1850/5/3
f 1852/5/3 1844/5/3 1843/5/3
f 1852/1/3 1842/1/3 1851/1/3
f 1852/5/3 1843/5/3 1842/5/3
f 1853/5/3 1844/5/3 1852/5/3
f 1854/1/3 1845/1/3 1844/1/3
f 1854/5/3 1844/5/3 1853/5/3
f 1855/5/3 1167/5/3 1845/5/3
f 1855/1/3 1845/1/3 1854/1/3
f 1856/1/3 1847/1/3 1846/1/3
f 1856/5/3 1846/5/3 14/5/3
f 1857/5/3 1848/5/3 1847/5/3
f 1857/1/3 1847/1/3 1856/1/3
f 1857/5/3 1849/5/3 1848/5/3
f 1858/5/3 1849/5/3 1857/5/3
f 1859/1/3 1850/1/3 1849/1/3
f 1859/5/3 1849/5/3 1858/5/3
f 1860/5/3 1851/5/3 1850/5/3
f 1860/1/3 1850/1/3 1859/1/3
f 1860/5/3 1852/5/3 1851/5/3
f 1861/5/3 1852/5/3 1860/5/3
f 1862/1/3 1853/1/3 1852/1/3
f 1862/5/3 1852/5/3 1861/5/3
f 1863/5/3 1854/5/3 1853/5/3
f 1863/1/3 1853/1/3 1862/1/3
f 1863/5/3 1855/5/3 1854/5/3
f 1864/5/3 1855/5/3 1863/5/3
f 1865/5/3 1857/5/3 1856/5/3
f 1865/1/3 1858/1/3 1857/1/3
f 1866/5/3 1859/5/3 1858/5/3
f 1866/1/3 1858/1/3 1865/1/3
f 1866/5/3 1860/5/3 1859/5/3
f 1867/5/3 1860/5/3 1866/5/3
f 1868/1/3 1861/1/3 1860/1/3
f 1868/5/3 1860/5/3 1867/5/3
f 1869/5/3 1862/5/3 1861/5/3
f 1869/1/3 1861/1/3 1868/1/3
f 1869/5/3 1863/5/3 1862/5/3
f 1870/5/3 1863/5/3 1869/5/3
f 1871/1/3 1864/1/3 1863/1/3
f 1871/5/3 1863/5/3 1870/5/3
f 1872/5/3 1855/5/3 1864/5/3
f 1872/1/3 1864/1/3 1871/1/3
f 1873/5/3 1167/5/3 1855/5/3
f 1873/5/3 1855/5/3 1872/5/3
f 1874/5/3 1856/5/3 14/5/3
f 1874/5/3 1865/5/3 1856/5/3
f 1874/5/3 1866/5/3 1865/5/3
f 1875/5/3 1866/5/3 1874/5/3
f 1876/1/3 1867/1/3 1866/1/3
f 1876/5/3 1866/5/3 1875/5/3
f 1877/5/3 1868/5/3 1867/5/3
f 1877/1/3 1867/1/3 1876/1/3
f 1877/5/3 1869/5/3 1868/5/3
f 1878/5/3 1869/5/3 1877/5/3
f 1879/1/3 1870/1/3 1869/1/3
f 1879/5/3 1869/5/3 1878/5/3
f 1880/5/3 1872/5/3 1871/5/3
f 1880/1/3 1870/1/3 1879/1/3
f 1880/5/3 1871/5/3 1870/5/3
f 1881/5/3 1872/5/3 1880/5/3
f 1882/1/3 1873/1/3 1872/1/3
f 1882/5/3 1872/5/3 1881/5/3
f 1883/5/3 1167/5/3 1873/5/3
f 1883/1/3 1873/1/3 1882/1/3
f 1884/1/3 1875/1/3 1874/1/3
f 1884/5/3 1874/5/3 14/5/3
f 1885/5/3 1876/5/3 1875/5/3
f 1885/1/3 1875/1/3 1884/1/3
f 1885/5/3 1877/5/3 1876/5/3
f 1886/5/3 1877/5/3 1885/5/3
f 1887/1/3 1878/1/3 1877/1/3
f 1887/5/3 1877/5/3 1886/5/3
f 1888/5/3 1879/5/3 1878/5/3
f 1888/1/3 1878/1/3 1887/1/3
f 1888/5/3 1880/5/3 1879/5/3
f 1889/5/3 1880/5/3 1888/5/3
f 1890/1/3 1881/1/3 1880/1/3
f 1890/5/3 1880/5/3 1889/5/3
f 1891/5/3 1882/5/3 1881/5/3
f 1891/1/3 1881/1/3 1890/1/3
f 1891/5/3 1883/5/3 1882/5/3
f 1892/5/3 1883/5/3 1891/5/3
f 1893/2/3 1373/2/3 1359/2/3
f 1894/4/3 1527/4/3 1373/4/3
f 1894/2/3 1373/2/3 1893/2/3
f 1895/5/3 1885/5/3 1884/5/3
f 1895/1/3 1886/1/3 1885/1/3
f 1896/5/3 1887/5/3 1886/5/3
f 1896/1/3 1886/1/3 1895/1/3
f 1896/5/3 1888/5/3 1887/5/3
f 1897/5/3 1888/5/3 1896/5/3
f 1898/1/3 1889/1/3 1888/1/3
f 1898/5/3 1888/5/3 1897/5/3
f 1899/5/3 1890/5/3 1889/5/3
f 1899/1/3 1889/1/3 1898/1/3
f 1899/5/3 1891/5/3 1890/5/3
f 1900/5/3 1891/5/3 1899/5/3
f 1901/1/3 1892/1/3 1891/1/3
f 1901/5/3 1891/5/3 1900/5/3
f 1902/5/3 1883/5/3 1892/5/3
f 1902/1/3 1892/1/3 1901/1/3
f 1903/5/3 1167/5/3 1883/5/3
f 1903/5/3 1883/5/3 1902/5/3
f 1904/5/3 1884/5/3 14/5/3
f 1904/5/3 1895/5/3 1884/5/3
f 1904/5/3 1896/5/3 1895/5/3
f 1905/5/3 1896/5/3 1904/5/3
f 1906/1/3 1897/1/3 1896/1/3
f 1906/5/3 1896/5/3 1905/5/3
f 1907/5/3 1898/5/3 1897/5/3
f 1907/1/3 1897/1/3 1906/1/3
f 1907/5/3 1899/5/3 1898/5/3
f 1908/5/3 1899/5/3 1907/5/3
f 1909/1/3 1900/1/3 1899/1/3
f 1909/5/3 1899/5/3 1908/5/3
f 1910/5/3 1901/5/3 1900/5/3
f 1910/1/3 1900/1/3 1909/1/3
f 1910/5/3 1902/5/3 1901/5/3
f 1911/5/3 1902/5/3 1910/5/3
f 1912/1/3 1903/1/3 1902/1/3
f 1912/5/3 1902/5/3 1911/5/3
f 1913/5/3 1167/5/3 1903/5/3
f 1913/1/3 1903/1/3 1912/1/3
f 1914/4/3 1527/4/3 1894/4/3
f 1914/4/3 1894/4/3 1893/4/3
f 1915/2/3 1528/2/3 1527/2/3
f 1915/4/3 1527/4/3 1914/4/3
f 1916/1/3 1905/1/3 1904/1/3
f 1916/5/3 1904/5/3 14/5/3
f 1917/5/3 1906/5/3 1905/5/3
f 1917/1/3 1905/1/3 1916/1/3
f 1917/5/3 1907/5/3 1906/5/3
f 1918/5/3 1907/5/3 1917/5/3
f 1919/1/3 1908/1/3 1907/1/3
f 1919/5/3 1907/5/3 1918/5/3
f 1920/5/3 1909/5/3 1908/5/3
f 1920/1/3 1908/1/3 1919/1/3
f 1920/5/3 1910/5/3 1909/5/3
f 1921/5/3 1910/5/3 1920/5/3
f 1922/1/3 1911/1/3 1910/1/3
f 1922/5/3 1910/5/3 1921/5/3
f 1923/5/3 1912/5/3 1911/5/3
f 1923/1/3 1911/1/3 1922/1/3
f 1923/5/3 1913/5/3 1912/5/3
f 1924/5/3 1913/5/3 1923/5/3
f 1925/5/3 1917/5/3 1916/5/3
f 1925/1/3 1918/1/3 1917/1/3
f 1926/5/3 1919/5/3 1918/5/3
f 1926/1/3 1918/1/3 1925/1/3
f 1926/5/3 1920/5/3 1919/5/3
f 1927/5/3 1920/5/3 1926/5/3
f 1928/1/3 1921/1/3 1920/1/3
f 1928/5/3 1920/5/3 1927/5/3
f 1929/5/3 1922/5/3 1921/5/3
f 1929/1/3 1921/1/3 1928/1/3
f 1929/5/3 1923/5/3 1922/5/3
f 1930/5/3 1923/5/3 1929/5/3
f 1931/1/3 1924/1/3 1923/1/3
f 1931/5/3 1923/5/3 1930/5/3
f 1932/5/3 1913/5/3 1924/5/3
f 1932/1/3 1924/1/3 1931/1/3
f 1933/5/3 1167/5/3 1913/5/3
f 1933/5/3 1913/5/3 1932/5/3
f 1934/5/3 1925/5/3 1916/5/3
f 1934/5/3 1916/5/3 14/5/3
f 1934/5/3 1926/5/3 1925/5/3
f 1935/5/3 1926/5/3 1934/5/3
f 1936/1/3 1927/1/3 1926/1/3
f 1936/5/3 1926/5/3 1935/5/3
f 1937/5/3 1928/5/3 1927/5/3
f 1937/1/3 1927/1/3 1936/1/3
f 1937/5/3 1929/5/3 1928/5/3
f 1938/5/3 1929/5/3 1937/5/3
f 1939/1/3 1930/1/3 1929/1/3
f 1939/5/3 1929/5/3 1938/5/3
f 1940/5/3 1931/5/3 1930/5/3
f 1940/1/3 1930/1/3 1939/1/3
f 1940/5/3 1932/5/3 1931/5/3
f 1941/5/3 1932/5/3 1940/5/3
f 1942/1/3 1933/1/3 1932/1/3
f 1942/5/3 1932/5/3 1941/5/3
f 1943/5/3 1167/5/3 1933/5/3
f 1943/1/3 1933/1/3 1942/1/3
f 1944/1/3 1935/1/3 1934/1/3
f 1944/5/3 1934/5/3 14/5/3
f 1945/5/3 1936/5/3 1935/5/3
f 1945/1/3 1935/1/3 1944/1/3
f 1945/5/3 1937/5/3 1936/5/3
f 1946/5/3 1937/5/3 1945/5/3
f 1947/1/3 1938/1/3 1937/1/3
f 1947/5/3 1937/5/3 1946/5/3
f 1948/5/3 1939/5/3 1938/5/3
f 1948/1/3 1938/1/3 1947/1/3
f 1948/5/3 1940/5/3 1939/5/3
f 1949/5/3 1940/5/3 1948/5/3
f 1950/1/3 1941/1/3 1940/1/3
f 1950/5/3 1940/5/3 1949/5/3
f 1951/5/3 1942/5/3 1941/5/3
f 1951/1/3 1941/1/3 1950/1/3
f 1951/5/3 1943/5/3 1942/5/3
f 1952/5/3 1943/5/3 1951/5/3
f 1953/5/3 1945/5/3 1944/5/3
f 1953/1/3 1946/1/3 1945/1/3
f 1954/5/3 1947/5/3 1946/5/3
f 1954/1/3 1946/1/3 1953/1/3
f 1954/5/3 1948/5/3 1947/5/3
f 1955/5/3 1948/5/3 1954/5/3
f 1956/1/3 1949/1/3 1948/1/3
f 1956/5/3 1948/5/3 1955/5/3
f 1957/5/3 1950/5/3 1949/5/3
f 1957/1/3 1949/1/3 1956/1/3
f 1957/5/3 1951/5/3 1950/5/3
f 1958/5/3 1951/5/3 1957/5/3
f 1959/1/3 1952/1/3 1951/1/3
f 1959/5/3 1951/5/3 1958/5/3
f 1960/5/3 1943/5/3 1952/5/3
f 1960/1/3 1952/1/3 1959/1/3
f 1961/5/3 1167/5/3 1943/5/3
f 1961/5/3 1943/5/3 1960/5/3
f 1962/5/3 1944/5/3 14/5/3
f 1962/5/3 1953/5/3 1944/5/3
f 1962/5/3 1954/5/3 1953/5/3
f 1963/5/3 1954/5/3 1962/5/3
f 1964/1/3 1955/1/3 1954/1/3
f 1964/5/3 1954/5/3 1963/5/3
f 1965/5/3 1956/5/3 1955/5/3
f 1965/1/3 1955/1/3 1964/1/3
f 1965/5/3 1957/5/3 1956/5/3
f 1966/5/3 1957/5/3 1965/5/3
f 1967/1/3 1958/1/3 1957/1/3
f 1967/5/3 1957/5/3 1966/5/3
f 1968/5/3 1960/5/3 1959/5/3
f 1968/1/3 1958/1/3 1967/1/3
f 1968/5/3 1959/5/3 1958/5/3
f 1969/5/3 1960/5/3 1968/5/3
f 1970/1/3 1961/1/3 1960/1/3
f 1970/5/3 1960/5/3 1969/5/3
f 1971/5/3 1167/5/3 1961/5/3
f 1971/1/3 1961/1/3 1970/1/3
f 1972/2/3 1893/2/3 1359/2/3
f 1973/4/3 1914/4/3 1893/4/3
f 1973/2/3 1893/2/3 1972/2/3
f 1974/1/3 1963/1/3 1962/1/3
f 1974/5/3 1962/5/3 14/5/3
f 1975/5/3 1964/5/3 1963/5/3
f 1975/1/3 1963/1/3 1974/1/3
f 1975/5/3 1965/5/3 1964/5/3
f 1976/5/3 1965/5/3 1975/5/3
f 1977/1/3 1966/1/3 1965/1/3
f 1977/5/3 1965/5/3 1976/5/3
f 1978/5/3 1967/5/3 1966/5/3
f 1978/1/3 1966/1/3 1977/1/3
f 1978/5/3 1968/5/3 1967/5/3
f 1979/5/3 1968/5/3 1978/5/3
f 1980/1/3 1969/1/3 1968/1/3
f 1980/5/3 1968/5/3 1979/5/3
f 1981/5/3 1970/5/3 1969/5/3
f 1981/1/3 1969/1/3 1980/1/3
f 1981/5/3 1971/5/3 1970/5/3
f 1982/5/3 1971/5/3 1981/5/3
f 1983/1/3 1976/1/3 1975/1/3
f 1983/5/3 1975/5/3 1974/5/3
f 1984/5/3 1977/5/3 1976/5/3
f 1984/1/3 1976/1/3 1983/1/3
f 1984/5/3 1978/5/3 1977/5/3
f 1985/5/3 1978/5/3 1984/5/3
f 1986/1/3 1979/1/3 1978/1/3
f 1986/5/3 1978/5/3 1985/5/3
f 1987/5/3 1980/5/3 1979/5/3
f 1987/1/3 1979/1/3 1986/1/3
f 1987/5/3 1981/5/3 1980/5/3
f 1988/5/3 1981/5/3 1987/5/3
f 1989/1/3 1982/1/3 1981/1/3
f 1989/5/3 1981/5/3 1988/5/3
f 1990/5/3 1971/5/3 1982/5/3
f 1990/1/3 1982/1/3 1989/1/3
f 1991/5/3 1167/5/3 1971/5/3
f 1991/5/3 1971/5/3 1990/5/3
f 1992/2/3 1972/2/3 1359/2/3
f 1992/4/3 1973/4/3 1972/4/3
f 1993/4/3 1914/4/3 1973/4/3
f 1993/4/3 1973/4/3 1992/4/3
f 1994/5/3 1974/5/3 14/5/3
f 1994/5/3 1983/5/3 1974/5/3
f 1994/5/3 1984/5/3 1983/5/3
f 1995/5/3 1984/5/3 1994/5/3
f 1996/1/3 1985/1/3 1984/1/3
f 1996/5/3 1984/5/3 1995/5/3
f 1997/5/3 1986/5/3 1985/5/3
f 1997/1/3 1985/1/3 1996/1/3
f 1997/5/3 1987/5/3 1986/5/3
f 1998/5/3 1987/5/3 1997/5/3
f 1999/1/3 1988/1/3 1987/1/3
f 1999/5/3 1987/5/3 1998/5/3
f 2000/5/3 1990/5/3 1989/5/3
f 2000/1/3 1988/1/3 1999/1/3
f 2000/5/3 1989/5/3 1988/5/3
f 2001/5/3 1990/5/3 2000/5/3
f 2002/1/3 1991/1/3 1990/1/3
f 2002/5/3 1990/5/3 2001/5/3
f 2003/5/3 1167/5/3 1991/5/3
f 2003/1/3 1991/1/3 2002/1/3
f 2004/1/3 1995/1/3 1994/1/3
f 2004/5/3 1994/5/3 14/5/3
f 2005/5/3 1996/5/3 1995/5/3
f 2005/1/3 1995/1/3 2004/1/3
f 2005/5/3 1997/5/3 1996/5/3
f 2006/5/3 1997/5/3 2005/5/3
f 2007/1/3 1998/1/3 1997/1/3
f 2007/5/3 1997/5/3 2006/5/3
f 2008/5/3 1999/5/3 1998/5/3
f 2008/1/3 1998/1/3 2007/1/3
f 2008/5/3 2000/5/3 1999/5/3
f 2009/5/3 2000/5/3 2008/5/3
f 2010/1/3 2001/1/3 2000/1/3
f 2010/5/3 2000/5/3 2009/5/3
f 2011/5/3 2003/5/3 2002/5/3
f 2011/1/3 2001/1/3 2010/1/3
f 2011/5/3 2002/5/3 2001/5/3
f 2012/5/3 2003/5/3 2011/5/3
f 2013/5/3 2005/5/3 2004/5/3
f 2013/1/3 2006/1/3 2005/1/3
f 2014/5/3 2007/5/3 2006/5/3
f 2014/1/3 2006/1/3 2013/1/3
f 2014/5/3 2008/5/3 2007/5/3
f 2015/5/3 2008/5/3 2014/5/3
f 2016/1/3 2009/1/3 2008/1/3
f 2016/5/3 2008/5/3 2015/5/3
f 2017/5/3 2010/5/3 2009/5/3
f 2017/1/3 2009/1/3 2016/1/3
f 2017/5/3 2011/5/3 2010/5/3
f 2018/5/3 2011/5/3 2017/5/3
f 2019/1/3 2012/1/3 2011/1/3
f 2019/5/3 2011/5/3 2018/5/3
f 2020/5/3 2003/5/3 2012/5/3
f 2020/1/3 2012/1/3 2019/1/3
f 2021/5/3 1167/5/3 2003/5/3
f 2021/5/3 2003/5/3 2020/5/3
f 2022/5/3 2004/5/3 14/5/3
f 2022/5/3 2013/5/3 2004/5/3
f 2022/5/3 2014/5/3 2013/5/3
f 2023/5/3 2014/5/3 2022/5/3
f 2024/1/3 2015/1/3 2014/1/3
f 2024/5/3 2014/5/3 2023/5/3
f 2025/5/3 2016/5/3 2015/5/3
f 2025/1/3 2015/1/3 2024/1/3
f 2025/5/3 2017/5/3 2016/5/3
f 2026/5/3 2017/5/3 2025/5/3
f 2027/1/3 2018/1/3 2017/1/3
f 2027/5/3 2017/5/3 2026/5/3
f 2028/5/3 2020/5/3 2019/5/3
f 2028/1/3 2018/1/3 2027/1/3
f 2028/5/3 2019/5/3 2018/5/3
f 2029/5/3 2020/5/3 2028/5/3
f 2030/1/3 2021/1/3 2020/1/3
f 2030/5/3 2020/5/3 2029/5/3
f 2031/5/3 1167/5/3 2021/5/3
f 2031/1/3 2021/1/3 2030/1/3
f 2032/5/3 2022/5/3 14/5/3
f 2032/1/3 2023/1/3 2022/1/3
f 2033/5/3 2024/5/3 2023/5/3
f 2033/1/3 2023/1/3 2032/1/3
f 2033/5/3 2025/5/3 2024/5/3
f 2034/5/3 2025/5/3 2033/5/3
f 2035/1/3 2026/1/3 2025/1/3
f 2035/5/3 2025/5/3 2034/5/3
f 2036/5/3 2027/5/3 2026/5/3
f 2036/1/3 2026/1/3 2035/1/3
f 2036/5/3 2028/5/3 2027/5/3
f 2037/5/3 2028/5/3 2036/5/3
f 2038/1/3 2029/1/3 2028/1/3
f 2038/5/3 2028/5/3 2037/5/3
f 2039/5/3 2030/5/3 2029/5/3
f 2039/1/3 2029/1/3 2038/1/3
f 2039/5/3 2031/5/3 2030/5/3
f 2040/5/3 2031/5/3 2039/5/3
f 2041/5/3 2033/5/3 2032/5/3
f 2041/1/3 2034/1/3 2033/1/3
f 2042/5/3 2035/5/3 2034/5/3
f 2042/1/3 2034/1/3 2041/1/3
f 2042/5/3 2036/5/3 2035/5/3
f 2043/5/3 2036/5/3 2042/5/3
f 2044/1/3 2037/1/3 2036/1/3
f 2044/5/3 2036/5/3 2043/5/3
f 2045/5/3 2038/5/3 2037/5/3
f 2045/1/3 2037/1/3 2044/1/3
f 2045/5/3 2039/5/3 2038/5/3
f 2046/5/3 2039/5/3 2045/5/3
f 2047/1/3 2040/1/3 2039/1/3
f 2047/5/3 2039/5/3 2046/5/3
f 2048/5/3 2031/5/3 2040/5/3
f 2048/1/3 2040/1/3 2047/1/3
f 2049/5/3 1167/5/3 2031/5/3
f 2049/5/3 2031/5/3 2048/5/3
f 2050/5/3 2041/5/3 2032/5/3
f 2050/5/3 2032/5/3 14/5/3
f 2050/5/3 2042/5/3 2041/5/3
f 2051/5/3 2042/5/3 2050/5/3
f 2052/1/3 2043/1/3 2042/1/3
f 2052/5/3 2042/5/3 2051/5/3
f 2053/5/3 2044/5/3 2043/5/3
f 2053/1/3 2043/1/3 2052/1/3
f 2053/5/3 2045/5/3 2044/5/3
f 2054/5/3 2045/5/3 2053/5/3
f 2055/1/3 2046/1/3 2045/1/3
f 2055/5/3 2045/5/3 2054/5/3
f 2056/5/3 2047/5/3 2046/5/3
f 2056/1/3 2046/1/3 2055/1/3
f 2056/5/3 2048/5/3 2047/5/3
f 2057/5/3 2048/5/3 2056/5/3
f 2058/1/3 2049/1/3 2048/1/3
f 2058/5/3 2048/5/3 2057/5/3
f 2059/5/3 1167/5/3 2049/5/3
f 2059/1/3 2049/1/3 2058/1/3
f 2060/1/3 2051/1/3 2050/1/3
f 2060/5/3 2050/5/3 14/5/3
f 2061/5/3 2052/5/3 2051/5/3
f 2061/1/3 2051/1/3 2060/1/3
f 2061/5/3 2053/5/3 2052/5/3
f 2062/5/3 2053/5/3 2061/5/3
f 2063/1/3 2054/1/3 2053/1/3
f 2063/5/3 2053/5/3 2062/5/3
f 2064/5/3 2055/5/3 2054/5/3
f 2064/1/3 2054/1/3 2063/1/3
f 2064/5/3 2056/5/3 2055/5/3
f 2065/5/3 2056/5/3 2064/5/3
f 2066/1/3 2057/1/3 2056/1/3
f 2066/5/3 2056/5/3 2065/5/3
f 2067/5/3 2058/5/3 2057/5/3
f 2067/1/3 2057/1/3 2066/1/3
f 2067/5/3 2059/5/3 2058/5/3
f 2068/5/3 2059/5/3 2067/5/3
f 2069/5/3 2061/5/3 2060/5/3
f 2069/1/3 2062/1/3 2061/1/3
f 2070/5/3 2063/5/3 2062/5/3
f 2070/1/3 2062/1/3 2069/1/3
f 2070/5/3 2064/5/3 2063/5/3
f 2071/5/3 2064/5/3 2070/5/3
f 2072/1/3 2065/1/3 2064/1/3
f 2072/5/3 2064/5/3 2071/5/3
f 2073/5/3 2066/5/3 2065/5/3
f 2073/1/3 2065/1/3 2072/1/3
f 2073/5/3 2067/5/3 2066/5/3
f 2074/5/3 2067/5/3 2073/5/3
f 2075/1/3 2068/1/3 2067/1/3
f 2075/5/3 2067/5/3 2074/5/3
f 2076/5/3 2059/5/3 2068/5/3
f 2076/1/3 2068/1/3 2075/1/3
f 2077/5/3 1167/5/3 2059/5/3
f 2077/5/3 2059/5/3 2076/5/3
f 2078/5/3 2060/5/3 14/5/3
f 2078/5/3 2069/5/3 2060/5/3
f 2078/5/3 2070/5/3 2069/5/3
f 2079/5/3 2070/5/3 2078/5/3
f 2080/1/3 2071/1/3 2070/1/3
f 2080/5/3 2070/5/3 2079/5/3
f 2081/5/3 2072/5/3 2071/5/3
f 2081/1/3 2071/1/3 2080/1/3
f 2081/5/3 2073/5/3 2072/5/3
f 2082/5/3 2073/5/3 2081/5/3
f 2083/1/3 2074/1/3 2073/1/3
f 2083/5/3 2073/5/3 2082/5/3
f 2084/5/3 2076/5/3 2075/5/3
f 2084/1/3 2074/1/3 2083/1/3
f 2084/5/3 2075/5/3 2074/5/3
f 2085/5/3 2076/5/3 2084/5/3
f 2086/1/3 2077/1/3 2076/1/3
f 2086/5/3 2076/5/3 2085/5/3
f 2087/5/3 1167/5/3 2077/5/3
f 2087/1/3 2077/1/3 2086/1/3
f 2088/1/3 2079/1/3 2078/1/3
f 2088/5/3 2078/5/3 14/5/3
f 2089/5/3 2080/5/3 2079/5/3
f 2089/1/3 2079/1/3 2088/1/3
f 2089/5/3 2081/5/3 2080/5/3
f 2090/5/3 2081/5/3 2089/5/3
f 2091/1/3 2082/1/3 2081/1/3
f 2091/5/3 2081/5/3 2090/5/3
f 2092/5/3 2083/5/3 2082/5/3
f 2092/1/3 2082/1/3 2091/1/3
f 2092/5/3 2084/5/3 2083/5/3
f 2093/5/3 2084/5/3 2092/5/3
f 2094/1/3 2085/1/3 2084/1/3
f 2094/5/3 2084/5/3 2093/5/3
f 2095/5/3 2086/5/3 2085/5/3
f 2095/1/3 2085/1/3 2094/1/3
f 2095/5/3 2087/5/3 2086/5/3
f 2096/5/3 2087/5/3 2095/5/3
f 2097/5/3 2089/5/3 2088/5/3
f 2097/1/3 2090/1/3 2089/1/3
f 2098/5/3 2091/5/3 2090/5/3
f 2098/1/3 2090/1/3 2097/1/3
f 2098/5/3 2092/5/3 2091/5/3
f 2099/5/3 2092/5/3 2098/5/3
f 2100/1/3 2093/1/3 2092/1/3
f 2100/5/3 2092/5/3 2099/5/3
f 2101/5/3 2094/5/3 2093/5/3
f 2101/1/3 2093/1/3 2100/1/3
f 2101/5/3 2095/5/3 2094/5/3
f 2102/5/3 2095/5/3 2101/5/3
f 2103/1/3 2096/1/3 2095/1/3
f 2103/5/3 2095/5/3 2102/5/3
f 2104/5/3 2087/5/3 2096/5/3
f 2104/1/3 2096/1/3 2103/1/3
f 2105/5/3 1167/5/3 2087/5/3
f 2105/5/3 2087/5/3 2104/5/3
f 2106/5/3 2088/5/3 14/5/3
f 2106/5/3 2097/5/3 2088/5/3
f 2106/5/3 2098/5/3 2097/5/3
f 2107/5/3 2098/5/3 2106/5/3
f 2108/1/3 2099/1/3 2098/1/3
f 2108/5/3 2098/5/3 2107/5/3
f 2109/5/3 2100/5/3 2099/5/3
f 2109/1/3 2099/1/3 2108/1/3
f 2109/5/3 2101/5/3 2100/5/3
f 2110/5/3 2101/5/3 2109/5/3
f 2111/1/3 2102/1/3 2101/1/3
f 2111/5/3 2101/5/3 2110/5/3
f 2112/5/3 2104/5/3 2103/5/3
f 2112/1/3 2102/1/3 2111/1/3
f 2112/5/3 2103/5/3 2102/5/3
f 2113/5/3 2104/5/3 2112/5/3
f 2114/1/3 2105/1/3 2104/1/3
f 2114/5/3 2104/5/3 2113/5/3
f 2115/5/3 1167/5/3 2105/5/3
f 2115/1/3 2105/1/3 2114/1/3
f 2116/1/3 2107/1/3 2106/1/3
f 2116/5/3 2106/5/3 14/5/3
f 2117/5/3 2108/5/3 2107/5/3
f 2117/1/3 2107/1/3 2116/1/3
f 2117/5/3 2109/5/3 2108/5/3
f 2118/5/3 2109/5/3 2117/5/3
f 2119/1/3 2110/1/3 2109/1/3
f 2119/5/3 2109/5/3 2118/5/3
f 2120/5/3 2111/5/3 2110/5/3
f 2120/1/3 2110/1/3 2119/1/3
f 2120/5/3 2112/5/3 2111/5/3
f 2121/5/3 2112/5/3 2120/5/3
f 2122/1/3 2113/1/3 2112/1/3
f 2122/5/3 2112/5/3 2121/5/3
f 2123/5/3 2114/5/3 2113/5/3
f 2123/1/3 2113/1/3 2122/1/3
f 2123/5/3 2115/5/3 2114/5/3
f 2124/5/3 2115/5/3 2123/5/3
f 2125/4/3 1914/4/3 1993/4/3
f 2125/2/3 1993/2/3 1992/2/3
f 2126/2/3 1915/2/3 1914/2/3
f 2126/4/3 1914/4/3 2125/4/3
f 2127/2/3 1528/2/3 1915/2/3
f 2127/2/3 1915/2/3 2126/2/3
f 2128/5/3 2117/5/3 2116/5/3
f 2128/1/3 2118/1/3 2117/1/3
f 2129/5/3 2119/5/3 2118/5/3
f 2129/1/3 2118/1/3 2128/1/3
f 2129/5/3 2120/5/3 2119/5/3
f 2130/5/3 2120/5/3 2129/5/3
f 2131/1/3 2121/1/3 2120/1/3
f 2131/5/3 2120/5/3 2130/5/3
f 2132/5/3 2122/5/3 2121/5/3
f 2132/1/3 2121/1/3 2131/1/3
f 2132/5/3 2123/5/3 2122/5/3
f 2133/5/3 2123/5/3 2132/5/3
f 2134/1/3 2124/1/3 2123/1/3
f 2134/5/3 2123/5/3 2133/5/3
f 2135/5/3 2115/5/3 2124/5/3
f 2135/1/3 2124/1/3 2134/1/3
f 2136/5/3 1167/5/3 2115/5/3
f 2136/5/3 2115/5/3 2135/5/3
f 2137/5/3 2116/5/3 14/5/3
f 2137/5/3 2128/5/3 2116/5/3
f 2137/5/3 2129/5/3 2128/5/3
f 2138/5/3 2129/5/3 2137/5/3
f 2139/1/3 2130/1/3 2129/1/3
f 2139/5/3 2129/5/3 2138/5/3
f 2140/5/3 2131/5/3 2130/5/3
f 2140/1/3 2130/1/3 2139/1/3
f 2140/5/3 2132/5/3 2131/5/3
f 2141/5/3 2132/5/3 2140/5/3
f 2142/1/3 2133/1/3 2132/1/3
f 2142/5/3 2132/5/3 2141/5/3
f 2143/5/3 2134/5/3 2133/5/3
f 2143/1/3 2133/1/3 2142/1/3
f 2143/5/3 2135/5/3 2134/5/3
f 2144/5/3 2135/5/3 2143/5/3
f 2145/1/3 2136/1/3 2135/1/3
f 2145/5/3 2135/5/3 2144/5/3
f 2146/5/3 1167/5/3 2136/5/3
f 2146/1/3 2136/1/3 2145/1/3
f 2147/1/3 2138/1/3 2137/1/3
f 2147/5/3 2137/5/3 14/5/3
f 2148/5/3 2139/5/3 2138/5/3
f 2148/1/3 2138/1/3 2147/1/3
f 2148/5/3 2140/5/3 2139/5/3
f 2149/5/3 2140/5/3 2148/5/3
f 2150/1/3 2141/1/3 2140/1/3
f 2150/5/3 2140/5/3 2149/5/3
f 2151/5/3 2142/5/3 2141/5/3
f 2151/1/3 2141/1/3 2150/1/3
f 2151/5/3 2143/5/3 2142/5/3
f 2152/5/3 2143/5/3 2151/5/3
f 2153/1/3 2144/1/3 2143/1/3
f 2153/5/3 2143/5/3 2152/5/3
f 2154/5/3 2145/5/3 2144/5/3
f 2154/1/3 2144/1/3 2153/1/3
f 2154/5/3 2146/5/3 2145/5/3
f 2155/5/3 2146/5/3 2154/5/3
f 2156/1/3 2149/1/3 2148/1/3
f 2156/5/3 2148/5/3 2147/5/3
f 2157/5/3 2150/5/3 2149/5/3
f 2157/1/3 2149/1/3 2156/1/3
f 2157/5/3 2151/5/3 2150/5/3
f 2158/5/3 2151/5/3 2157/5/3
f 2159/1/3 2152/1/3 2151/1/3
f 2159/5/3 2151/5/3 2158/5/3
f 2160/5/3 2153/5/3 2152/5/3
f 2160/1/3 2152/1/3 2159/1/3
f 2160/5/3 2154/5/3 2153/5/3
f 2161/5/3 2154/5/3 2160/5/3
f 2162/1/3 2155/1/3 2154/1/3
f 2162/5/3 2154/5/3 2161/5/3
f 2163/5/3 2146/5/3 2155/5/3
f 2163/1/3 2155/1/3 2162/1/3
f 2164/5/3 1167/5/3 2146/5/3
f 2164/5/3 2146/5/3 2163/5/3
f 2165/5/3 2156/5/3 2147/5/3
f 2165/5/3 2147/5/3 14/5/3
f 2165/5/3 2157/5/3 2156/5/3
f 2166/5/3 2157/5/3 2165/5/3
f 2167/1/3 2158/1/3 2157/1/3
f 2167/5/3 2157/5/3 2166/5/3
f 2168/5/3 2159/5/3 2158/5/3
f 2168/1/3 2158/1/3 2167/1/3
f 2168/5/3 2160/5/3 2159/5/3
f 2169/5/3 2160/5/3 2168/5/3
f 2170/1/3 2161/1/3 2160/1/3
f 2170/5/3 2160/5/3 2169/5/3
f 2171/5/3 2163/5/3 2162/5/3
f 2171/1/3 2161/1/3 2170/1/3
f 2171/5/3 2162/5/3 2161/5/3
f 2172/5/3 2163/5/3 2171/5/3
f 2173/1/3 2164/1/3 2163/1/3
f 2173/5/3 2163/5/3 2172/5/3
f 2174/5/3 1167/5/3 2164/5/3
f 2174/1/3 2164/1/3 2173/1/3
f 2175/2/3 1362/2/3 1528/2/3
f 2175/2/3 1528/2/3 2127/2/3
f 2176/2/3 1349/2/3 1362/2/3
f 2176/2/3 1362/2/3 2175/2/3
f 2176/2/3 1258/2/3 1349/2/3
f 2177/1/3 2166/1/3 2165/1/3
f 2177/5/3 2165/5/3 14/5/3
f 2178/5/3 2167/5/3 2166/5/3
f 2178/1/3 2166/1/3 2177/1/3
f 2178/5/3 2168/5/3 2167/5/3
f 2179/5/3 2168/5/3 2178/5/3
f 2180/1/3 2169/1/3 2168/1/3
f 2180/5/3 2168/5/3 2179/5/3
f 2181/5/3 2170/5/3 2169/5/3
f 2181/1/3 2169/1/3 2180/1/3
f 2181/5/3 2171/5/3 2170/5/3
f 2182/5/3 2171/5/3 2181/5/3
f 2183/1/3 2172/1/3 2171/1/3
f 2183/5/3 2171/5/3 2182/5/3
f 2184/5/3 2173/5/3 2172/5/3
f 2184/1/3 2172/1/3 2183/1/3
f 2184/5/3 2174/5/3 2173/5/3
f 2185/5/3 2174/5/3 2184/5/3
f 2186/2/3 2175/2/3 2127/2/3
f 2187/3/3 2176/3/3 2175/3/3
f 2187/2/3 2175/2/3 2186/2/3
f 2188/3/3 2176/3/3 2187/3/3
f 2189/2/3 1258/2/3 2176/2/3
f 2189/3/3 2176/3/3 2188/3/3
f 2190/5/3 2178/5/3 2177/5/3
f 2190/1/3 2179/1/3 2178/1/3
f 2191/5/3 2180/5/3 2179/5/3
f 2191/1/3 2179/1/3 2190/1/3
f 2191/5/3 2181/5/3 2180/5/3
f 2192/5/3 2181/5/3 2191/5/3
f 2193/1/3 2182/1/3 2181/1/3
f 2193/5/3 2181/5/3 2192/5/3
f 2194/5/3 2183/5/3 2182/5/3
f 2194/1/3 2182/1/3 2193/1/3
f 2194/5/3 2184/5/3 2183/5/3
f 2195/5/3 2184/5/3 2194/5/3
f 2196/1/3 2185/1/3 2184/1/3
f 2196/5/3 2184/5/3 2195/5/3
f 2197/5/3 2174/5/3 2185/5/3
f 2197/1/3 2185/1/3 2196/1/3
f 2198/5/3 1167/5/3 2174/5/3
f 2198/5/3 2174/5/3 2197/5/3
f 2199/2/3 2186/2/3 2127/2/3
f 2200/3/3 2188/3/3 2187/3/3
f 2200/2/3 2186/2/3 2199/2/3
f 2200/3/3 2187/3/3 2186/3/3
f 2201/3/3 2188/3/3 2200/3/3
f 2202/2/3 2189/2/3 2188/2/3
f 2202/3/3 2188/3/3 2201/3/3
f 2203/5/3 2177/5/3 14/5/3
f 2203/5/3 2190/5/3 2177/5/3
f 2203/5/3 2191/5/3 2190/5/3
f 2204/5/3 2191/5/3 2203/5/3
f 2205/1/3 2192/1/3 2191/1/3
f 2205/5/3 2191/5/3 2204/5/3
f 2206/5/3 2193/5/3 2192/5/3
f 2206/1/3 2192/1/3 2205/1/3
f 2206/5/3 2194/5/3 2193/5/3
f 2207/5/3 2194/5/3 2206/5/3
f 2208/1/3 2195/1/3 2194/1/3
f 2208/5/3 2194/5/3 2207/5/3
f 2209/5/3 2196/5/3 2195/5/3
f 2209/1/3 2195/1/3 2208/1/3
f 2209/5/3 2197/5/3 2196/5/3
f 2210/5/3 2197/5/3 2209/5/3
f 2211/1/3 2198/1/3 2197/1/3
f 2211/5/3 2197/5/3 2210/5/3
f 2212/5/3 1167/5/3 2198/5/3
f 2212/1/3 2198/1/3 2211/1/3
f 2213/2/3 2199/2/3 2127/2/3
f 2214/3/3 2201/3/3 2200/3/3
f 2214/2/3 2199/2/3 2213/2/3
f 2214/3/3 2200/3/3 2199/3/3
f 2215/3/3 2201/3/3 2214/3/3
f 2216/2/3 2202/2/3 2201/2/3
f 2216/3/3 2201/3/3 2215/3/3
f 2217/1/3 2204/1/3 2203/1/3
f 2217/5/3 2203/5/3 14/5/3
f 2218/5/3 2205/5/3 2204/5/3
f 2218/1/3 2204/1/3 2217/1/3
f 2218/5/3 2206/5/3 2205/5/3
f 2219/5/3 2206/5/3 2218/5/3
f 2220/1/3 2207/1/3 2206/1/3
f 2220/5/3 2206/5/3 2219/5/3
f 2221/5/3 2208/5/3 2207/5/3
f 2221/1/3 2207/1/3 2220/1/3
f 2221/5/3 2209/5/3 2208/5/3
f 2222/5/3 2209/5/3 2221/5/3
f 2223/1/3 2210/1/3 2209/1/3
f 2223/5/3 2209/5/3 2222/5/3
f 2224/5/3 2211/5/3 2210/5/3
f 2224/1/3 2210/1/3 2223/1/3
f 2224/5/3 2212/5/3 2211/5/3
f 2225/5/3 2212/5/3 2224/5/3
f 2226/3/3 2215/3/3 2214/3/3
f 2226/3/3 2214/3/3 2213/3/3
f 2226/2/3 2213/2/3 2127/2/3
f 2227/2/3 2216/2/3 2215/2/3
f 2227/3/3 2215/3/3 2226/3/3
f 2228/1/3 2219/1/3 2218/1/3
f 2228/5/3 2218/5/3 2217/5/3
f 2229/5/3 2220/5/3 2219/5/3
f 2229/1/3 2219/1/3 2228/1/3
f 2229/5/3 2221/5/3 2220/5/3
f 2230/5/3 2221/5/3 2229/5/3
f 2231/1/3 2222/1/3 2221/1/3
f 2231/5/3 2221/5/3 2230/5/3
f 2232/5/3 2224/5/3 2223/5/3
f 2232/1/3 2222/1/3 2231/1/3
f 2232/5/3 2223/5/3 2222/5/3
f 2233/5/3 2224/5/3 2232/5/3
f 2234/1/3 2225/1/3 2224/1/3
f 2234/5/3 2224/5/3 2233/5/3
f 2235/5/3 2212/5/3 2225/5/3
f 2235/1/3 2225/1/3 2234/1/3
f 2236/5/3 1167/5/3 2212/5/3
f 2236/5/3 2212/5/3 2235/5/3
f 2237/5/3 2217/5/3 14/5/3
f 2237/5/3 2228/5/3 2217/5/3
f 2237/5/3 2229/5/3 2228/5/3
f 2238/5/3 2229/5/3 2237/5/3
f 2239/1/3 2230/1/3 2229/1/3
f 2239/5/3 2229/5/3 2238/5/3
f 2240/5/3 2231/5/3 2230/5/3
f 2240/1/3 2230/1/3 2239/1/3
f 2240/5/3 2232/5/3 2231/5/3
f 2241/5/3 2232/5/3 2240/5/3
f 2242/1/3 2233/1/3 2232/1/3
f 2242/5/3 2232/5/3 2241/5/3
f 2243/5/3 2234/5/3 2233/5/3
f 2243/1/3 2233/1/3 2242/1/3
f 2243/5/3 2235/5/3 2234/5/3
f 2244/5/3 2235/5/3 2243/5/3
f 2245/1/3 2236/1/3 2235/1/3
f 2245/5/3 2235/5/3 2244/5/3
f 2246/5/3 1167/5/3 2236/5/3
f 2246/1/3 2236/1/3 2245/1/3
f 2247/1/3 2238/1/3 2237/1/3
f 2247/5/3 2237/5/3 14/5/3
f 2248/5/3 2240/5/3 2239/5/3
f 2248/1/3 2238/1/3 2247/1/3
f 2248/5/3 2239/5/3 2238/5/3
f 2249/5/3 2240/5/3 2248/5/3
f 2250/1/3 2241/1/3 2240/1/3
f 2250/5/3 2240/5/3 2249/5/3
f 2251/5/3 2242/5/3 2241/5/3
f 2251/1/3 2241/1/3 2250/1/3
f 2251/5/3 2243/5/3 2242/5/3
f 2252/5/3 2243/5/3 2251/5/3
f 2253/1/3 2244/1/3 2243/1/3
f 2253/5/3 2243/5/3 2252/5/3
f 2254/5/3 2245/5/3 2244/5/3
f 2254/1/3 2244/1/3 2253/1/3
f 2254/5/3 2246/5/3 2245/5/3
f 2255/5/3 2246/5/3 2254/5/3
f 2256/1/3 2249/1/3 2248/1/3
f 2256/5/3 2248/5/3 2247/5/3
f 2257/5/3 2250/5/3 2249/5/3
f 2257/1/3 2249/1/3 2256/1/3
f 2257/5/3 2251/5/3 2250/5/3
f 2258/5/3 2251/5/3 2257/5/3
f 2259/1/3 2252/1/3 2251/1/3
f 2259/5/3 2251/5/3 2258/5/3
f 2260/5/3 2253/5/3 2252/5/3
f 2260/1/3 2252/1/3 2259/1/3
f 2260/5/3 2254/5/3 2253/5/3
f 2261/5/3 2254/5/3 2260/5/3
f 2262/1/3 2255/1/3 2254/1/3
f 2262/5/3 2254/5/3 2261/5/3
f 2263/5/3 2246/5/3 2255/5/3
f 2263/1/3 2255/1/3 2262/1/3
f 2264/5/3 1167/5/3 2246/5/3
f 2264/5/3 2246/5/3 2263/5/3
f 2265/5/3 2256/5/3 2247/5/3
f 2265/5/3 2247/5/3 14/5/3
f 2265/5/3 2257/5/3 2256/5/3
f 2266/5/3 2257/5/3 2265/5/3
f 2267/1/3 2258/1/3 2257/1/3
f 2267/5/3 2257/5/3 2266/5/3
f 2268/5/3 2259/5/3 2258/5/3
f 2268/1/3 2258/1/3 2267/1/3
f 2268/5/3 2260/5/3 2259/5/3
f 2269/5/3 2260/5/3 2268/5/3
f 2270/1/3 2261/1/3 2260/1/3
f 2270/5/3 2260/5/3 2269/5/3
f 2271/5/3 2262/5/3 2261/5/3
f 2271/1/3 2261/1/3 2270/1/3
f 2271/5/3 2263/5/3 2262/5/3
f 2272/5/3 2263/5/3 2271/5/3
f 2273/1/3 2264/1/3 2263/1/3
f 2273/5/3 2263/5/3 2272/5/3
f 2274/5/3 1167/5/3 2264/5/3
f 2274/1/3 2264/1/3 2273/1/3
f 2275/1/3 2266/1/3 2265/1/3
f 2275/5/3 2265/5/3 14/5/3
f 2276/5/3 2267/5/3 2266/5/3
f 2276/1/3 2266/1/3 2275/1/3
f 2276/5/3 2268/5/3 2267/5/3
f 2277/5/3 2268/5/3 2276/5/3
f 2278/1/3 2269/1/3 2268/1/3
f 2278/5/3 2268/5/3 2277/5/3
f 2279/5/3 2270/5/3 2269/5/3
f 2279/1/3 2269/1/3 2278/1/3
f 2279/5/3 2271/5/3 2270/5/3
f 2280/5/3 2271/5/3 2279/5/3
f 2281/1/3 2272/1/3 2271/1/3
f 2281/5/3 2271/5/3 2280/5/3
f 2282/5/3 2273/5/3 2272/5/3
f 2282/1/3 2272/1/3 2281/1/3
f 2282/5/3 2274/5/3 2273/5/3
f 2283/5/3 2274/5/3 2282/5/3
f 2284/1/3 2277/1/3 2276/1/3
f 2284/5/3 2276/5/3 2275/5/3
f 2285/5/3 2278/5/3 2277/5/3
f 2285/1/3 2277/1/3 2284/1/3
f 2285/5/3 2279/5/3 2278/5/3
f 2286/5/3 2279/5/3 2285/5/3
f 2287/1/3 2280/1/3 2279/1/3
f 2287/5/3 2279/5/3 2286/5/3
f 2288/5/3 2281/5/3 2280/5/3
f 2288/1/3 2280/1/3 2287/1/3
f 2288/5/3 2282/5/3 2281/5/3
f 2289/5/3 2282/5/3 2288/5/3
f 2290/1/3 2283/1/3 2282/1/3
f 2290/5/3 2282/5/3 2289/5/3
f 2291/5/3 2274/5/3 2283/5/3
f 2291/1/3 2283/1/3 2290/1/3
f 2292/5/3 1167/5/3 2274/5/3
f 2292/5/3 2274/5/3 2291/5/3
f 2293/5/3 2275/5/3 14/5/3
f 2293/5/3 2284/5/3 2275/5/3
f 2293/5/3 2285/5/3 2284/5/3
f 2294/5/3 2285/5/3 2293/5/3
f 2295/1/3 2286/1/3 2285/1/3
f 2295/5/3 2285/5/3 2294/5/3
f 2296/5/3 2287/5/3 2286/5/3
f 2296/1/3 2286/1/3 2295/1/3
f 2296/5/3 2288/5/3 2287/5/3
f 2297/5/3 2288/5/3 2296/5/3
f 2298/1/3 2289/1/3 2288/1/3
f 2298/5/3 2288/5/3 2297/5/3
f 2299/5/3 2291/5/3 2290/5/3
f 2299/1/3 2289/1/3 2298/1/3
f 2299/5/3 2290/5/3 2289/5/3
f 2300/5/3 2291/5/3 2299/5/3
f 2301/1/3 2292/1/3 2291/1/3
f 2301/5/3 2291/5/3 2300/5/3
f 2302/5/3 1167/5/3 2292/5/3
f 2302/1/3 2292/1/3 2301/1/3
f 2303/2/3 2126/2/3 2125/2/3
f 2303/2/3 2125/2/3 1992/2/3
f 2304/4/3 2127/4/3 2126/4/3
f 2304/2/3 2126/2/3 2303/2/3
f 2305/2/3 2227/2/3 2226/2/3
f 2305/4/3 2127/4/3 2304/4/3
f 2305/2/3 2226/2/3 2127/2/3
f 2306/1/3 2294/1/3 2293/1/3
f 2306/5/3 2293/5/3 14/5/3
f 2307/5/3 2295/5/3 2294/5/3
f 2307/1/3 2294/1/3 2306/1/3
f 2307/5/3 2296/5/3 2295/5/3
f 2308/5/3 2296/5/3 2307/5/3
f 2309/1/3 2297/1/3 2296/1/3
f 2309/5/3 2296/5/3 2308/5/3
f 2310/5/3 2298/5/3 2297/5/3
f 2310/1/3 2297/1/3 2309/1/3
f 2310/5/3 2299/5/3 2298/5/3
f 2311/5/3 2299/5/3 2310/5/3
f 2312/1/3 2300/1/3 2299/1/3
f 2312/5/3 2299/5/3 2311/5/3
f 2313/5/3 2301/5/3 2300/5/3
f 2313/1/3 2300/1/3 2312/1/3
f 2313/5/3 2302/5/3 2301/5/3
f 2314/5/3 2302/5/3 2313/5/3
f 2315/5/3 2307/5/3 2306/5/3
f 2315/1/3 2308/1/3 2307/1/3
f 2316/5/3 2309/5/3 2308/5/3
f 2316/1/3 2308/1/3 2315/1/3
f 2316/5/3 2310/5/3 2309/5/3
f 2317/5/3 2310/5/3 2316/5/3
f 2318/1/3 2311/1/3 2310/1/3
f 2318/5/3 2310/5/3 2317/5/3
f 2319/5/3 2312/5/3 2311/5/3
f 2319/1/3 2311/1/3 2318/1/3
f 2319/5/3 2313/5/3 2312/5/3
f 2320/5/3 2313/5/3 2319/5/3
f 2321/1/3 2314/1/3 2313/1/3
f 2321/5/3 2313/5/3 2320/5/3
f 2322/5/3 2302/5/3 2314/5/3
f 2322/1/3 2314/1/3 2321/1/3
f 2323/5/3 1167/5/3 2302/5/3
f 2323/5/3 2302/5/3 2322/5/3
f 2324/5/3 2306/5/3 14/5/3
f 2324/5/3 2315/5/3 2306/5/3
f 2324/5/3 2316/5/3 2315/5/3
f 2325/5/3 2316/5/3 2324/5/3
f 2326/1/3 2317/1/3 2316/1/3
f 2326/5/3 2316/5/3 2325/5/3
f 2327/5/3 2318/5/3 2317/5/3
f 2327/1/3 2317/1/3 2326/1/3
f 2327/5/3 2319/5/3 2318/5/3
f 2328/5/3 2319/5/3 2327/5/3
f 2329/1/3 2320/1/3 2319/1/3
f 2329/5/3 2319/5/3 2328/5/3
f 2330/5/3 2322/5/3 2321/5/3
f 2330/1/3 2320/1/3 2329/1/3
f 2330/5/3 2321/5/3 2320/5/3
f 2331/5/3 2322/5/3 2330/5/3
f 2332/1/3 2323/1/3 2322/1/3
f 2332/5/3 2322/5/3 2331/5/3
f 2333/5/3 1167/5/3 2323/5/3
f 2333/1/3 2323/1/3 2332/1/3
f 2334/1/3 2325/1/3 2324/1/3
f 2334/5/3 2324/5/3 14/5/3
f 2335/5/3 2326/5/3 2325/5/3
f 2335/1/3 2325/1/3 2334/1/3
f 2335/5/3 2327/5/3 2326/5/3
f 2336/5/3 2327/5/3 2335/5/3
f 2337/1/3 2328/1/3 2327/1/3
f 2337/5/3 2327/5/3 2336/5/3
f 2338/5/3 2329/5/3 2328/5/3
f 2338/1/3 2328/1/3 2337/1/3
f 2338/5/3 2330/5/3 2329/5/3
f 2339/5/3 2330/5/3 2338/5/3
f 2340/1/3 2331/1/3 2330/1/3
f 2340/5/3 2330/5/3 2339/5/3
f 2341/5/3 2332/5/3 2331/5/3
f 2341/1/3 2331/1/3 2340/1/3
f 2341/5/3 2333/5/3 2332/5/3
f 2342/5/3 2333/5/3 2341/5/3
f 2343/5/3 2335/5/3 2334/5/3
f 2343/1/3 2336/1/3 2335/1/3
f 2344/5/3 2337/5/3 2336/5/3
f 2344/1/3 2336/1/3 2343/1/3
f 2344/5/3 2338/5/3 2337/5/3
f 2345/5/3 2338/5/3 2344/5/3
f 2346/1/3 2339/1/3 2338/1/3
f 2346/5/3 2338/5/3 2345/5/3
f 2347/5/3 2340/5/3 2339/5/3
f 2347/1/3 2339/1/3 2346/1/3
f 2347/5/3 2341/5/3 2340/5/3
f 2348/5/3 2341/5/3 2347/5/3
f 2349/1/3 2342/1/3 2341/1/3
f 2349/5/3 2341/5/3 2348/5/3
f 2350/5/3 2333/5/3 2342/5/3
f 2350/1/3 2342/1/3 2349/1/3
f 2351/5/3 1167/5/3 2333/5/3
f 2351/5/3 2333/5/3 2350/5/3
f 2352/5/3 2334/5/3 14/5/3
f 2352/5/3 2343/5/3 2334/5/3
f 2352/5/3 2344/5/3 2343/5/3
f 2353/5/3 2344/5/3 2352/5/3
f 2354/1/3 2345/1/3 2344/1/3
f 2354/5/3 2344/5/3 2353/5/3
f 2355/5/3 2346/5/3 2345/5/3
f 2355/1/3 2345/1/3 2354/1/3
f 2355/5/3 2347/5/3 2346/5/3
f 2356/5/3 2347/5/3 2355/5/3
f 2357/1/3 2348/1/3 2347/1/3
f 2357/5/3 2347/5/3 2356/5/3
f 2358/5/3 2350/5/3 2349/5/3
f 2358/1/3 2348/1/3 2357/1/3
f 2358/5/3 2349/5/3 2348/5/3
f 2359/5/3 2350/5/3 2358/5/3
f 2360/1/3 2351/1/3 2350/1/3
f 2360/5/3 2350/5/3 2359/5/3
f 2361/5/3 1167/5/3 2351/5/3
f 2361/1/3 2351/1/3 2360/1/3
f 2362/1/3 2353/1/3 2352/1/3
f 2362/5/3 2352/5/3 14/5/3
f 2363/5/3 2354/5/3 2353/5/3
f 2363/1/3 2353/1/3 2362/1/3
f 2363/5/3 2355/5/3 2354/5/3
f 2364/5/3 2355/5/3 2363/5/3
f 2365/1/3 2356/1/3 2355/1/3
f 2365/5/3 2355/5/3 2364/5/3
f 2366/5/3 2357/5/3 2356/5/3
f 2366/1/3 2356/1/3 2365/1/3
f 2366/5/3 2358/5/3 2357/5/3
f 2367/5/3 2358/5/3 2366/5/3
f 2368/1/3 2359/1/3 2358/1/3
f 2368/5/3 2358/5/3 2367/5/3
f 2369/5/3 2360/5/3 2359/5/3
f 2369/1/3 2359/1/3 2368/1/3
f 2369/5/3 2361/5/3 2360/5/3
f 2370/5/3 2361/5/3 2369/5/3
f 2371/5/3 2363/5/3 2362/5/3
f 2371/1/3 2364/1/3 2363/1/3
f 2372/5/3 2365/5/3 2364/5/3
f 2372/1/3 2364/1/3 2371/1/3
f 2372/5/3 2366/5/3 2365/5/3
f 2373/5/3 2366/5/3 2372/5/3
f 2374/1/3 2367/1/3 2366/1/3
f 2374/5/3 2366/5/3 2373/5/3
f 2375/5/3 2368/5/3 2367/5/3
f 2375/1/3 2367/1/3 2374/1/3
f 2375/5/3 2369/5/3 2368/5/3
f 2376/5/3 2369/5/3 2375/5/3
f 2377/1/3 2370/1/3 2369/1/3
f 2377/5/3 2369/5/3 2376/5/3
f 2378/5/3 2361/5/3 2370/5/3
f 2378/1/3 2370/1/3 2377/1/3
f 2379/5/3 1167/5/3 2361/5/3
f 2379/5/3 2361/5/3 2378/5/3
f 2380/1/3 2373/1/3 2372/1/3
f 2380/5/3 2372/5/3 2371/5/3
f 2381/5/3 2374/5/3 2373/5/3
f 2381/1/3 2373/1/3 2380/1/3
f 2381/5/3 2375/5/3 2374/5/3
f 2382/1/3 2376/1/3 2375/1/3
f 2382/5/3 2375/5/3 2381/5/3
f 2383/5/3 2378/5/3 2377/5/3
f 2383/1/3 2376/1/3 2382/1/3
f 2383/5/3 2377/5/3 2376/5/3
f 2384/1/3 2379/1/3 2378/1/3
f 2384/5/3 2378/5/3 2383/5/3
f 2385/5/3 1167/5/3 2379/5/3
f 2385/1/3 2379/1/3 2384/1/3
f 2386/2/3 1359/2/3 1295/2/3
f 2386/2/3 1992/2/3 1359/2/3
f 2386/2/3 2303/2/3 1992/2/3
f 2387/2/3 2303/2/3 2386/2/3
f 2388/4/3 2304/4/3 2303/4/3
f 2388/2/3 2305/2/3 2304/2/3
f 2389/2/3 2227/2/3 2305/2/3
f 2389/2/3 2305/2/3 2388/2/3
f 2390/4/3 2387/4/3 2386/4/3
f 2390/2/3 2386/2/3 1295/2/3
f 2391/4/3 2387/4/3 2390/4/3
f 2392/4/3 2387/4/3 2391/4/3
f 2393/2/3 2303/2/3 2387/2/3
f 2393/4/3 2387/4/3 2392/4/3
f 2394/4/3 2388/4/3 2303/4/3
f 2394/2/3 2303/2/3 2393/2/3
f 2394/4/3 2389/4/3 2388/4/3
f 2395/4/3 2389/4/3 2394/4/3
f 2396/4/3 2392/4/3 2391/4/3
f 2396/2/3 2391/2/3 2390/2/3
f 2397/2/3 2393/2/3 2392/2/3
f 2397/4/3 2392/4/3 2396/4/3
f 2397/2/3 2395/2/3 2394/2/3
f 2397/2/3 2394/2/3 2393/2/3
f 2398/2/3 2397/2/3 2396/2/3
f 2398/2/3 2395/2/3 2397/2/3
f 2399/4/3 2389/4/3 2395/4/3
f 2399/2/3 2395/2/3 2398/2/3
f 2400/2/3 2398/2/3 2396/2/3
f 2400/4/3 2399/4/3 2398/4/3
f 2401/4/3 2389/4/3 2399/4/3
f 2401/4/3 2399/4/3 2400/4/3
f 2401/2/3 2227/2/3 2389/2/3
f 2402/2/3 1269/2/3 1181/2/3
f 2402/5/3 1167/5/3 2385/5/3
f 2402/2/3 2401/2/3 2400/2/3
f 2402/5/3 2383/5/3 2382/5/3
f 2402/2/3 2390/2/3 1295/2/3
f 2402/2/3 1284/2/3 1269/2/3
f 2402/5/3 2381/5/3 2380/5/3
f 2402/5/3 2385/5/3 2384/5/3
f 2402/2/3 2400/2/3 2396/2/3
f 2402/2/3 2396/2/3 2390/2/3
f 2402/2/3 1181/2/3 1167/2/3
f 2402/5/3 2382/5/3 2381/5/3
f 2402/2/3 1295/2/3 1284/2/3
f 2402/5/3 2384/5/3 2383/5/3
f 2403/2/3 2227/2/3 2401/2/3
f 2403/2/3 2401/2/3 2402/2/3
f 2403/2/3 2189/2/3 2202/2/3
f 2403/2/3 1258/2/3 2189/2/3
f 2403/2/3 2216/2/3 2227/2/3
f 2403/2/3 2202/2/3 2216/2/3
f 2404/6/3 14/6/3 13/6/3
f 2405/5/3 2380/5/3 2371/5/3
f 2405/6/3 14/6/3 2404/6/3
f 2405/5/3 2402/5/3 2380/5/3
f 2405/5/3 2403/5/3 2402/5/3
f 2405/5/3 2371/5/3 2362/5/3
f 2405/5/3 2362/5/3 14/5/3
f 2406/5/3 2403/5/3 2405/5/3
f 2408/5/4 2409/5/4 2410/5/4
f 2410/5/4 2409/5/4 2411/5/4
f 2411/5/4 2409/5/4 2412/5/4
f 2412/5/4 2409/5/4 2413/5/4
f 2412/2/4 2413/2/4 2414/2/4
f 2414/2/4 2413/2/4 2415/2/4
f 2412/2/4 2414/2/4 2416/2/4
f 2414/4/4 2415/4/4 2417/4/4
f 2416/2/4 2414/2/4 2417/2/4
f 2415/2/4 2413/2/4 2418/2/4
f 2417/4/4 2415/4/4 2418/4/4
f 2418/2/4 2413/2/4 2419/2/4
f 2416/4/4 2417/4/4 2420/4/4
f 2417/4/4 2418/4/4 2420/4/4
f 2418/4/4 2419/4/4 2420/4/4
f 2420/4/4 2419/4/4 2421/4/4
f 2408/5/4 2410/5/4 2422/5/4
f 2422/5/4 2410/5/4 2423/5/4
f 2423/5/4 2410/5/4 2424/5/4
f 2424/5/4 2410/5/4 2425/5/4
f 2425/5/4 2410/5/4 2426/5/4
f 2426/5/4 2410/5/4 2427/5/4
f 2412/2/4 2416/2/4 2428/2/4
f 2416/4/4 2420/4/4 2428/4/4
f 2420/2/4 2421/2/4 2429/2/4
f 2428/4/4 2420/4/4 2429/4/4
f 2421/4/4 2419/4/4 2430/4/4
f 2429/2/4 2421/2/4 2430/2/4
f 2419/2/4 2413/2/4 2431/2/4
f 2430/4/4 2419/4/4 2431/4/4
f 2408/5/4 2422/5/4 2432/5/4
f 2422/1/4 2423/1/4 2432/1/4
f 2423/5/4 2424/5/4 2433/5/4
f 2432/1/4 2423/1/4 2433/1/4
f 2433/5/4 2424/5/4 2434/5/4
f 2424/1/4 2425/1/4 2435/1/4
f 2434/5/4 2424/5/4 2435/5/4
f 2425/5/4 2426/5/4 2436/5/4
f 2435/1/4 2425/1/4 2436/1/4
f 2436/5/4 2426/5/4 2437/5/4
f 2426/1/4 2427/1/4 2438/1/4
f 2437/5/4 2426/5/4 2438/5/4
f 2427/5/4 2410/5/4 2439/5/4
f 2438/1/4 2427/1/4 2439/1/4
f 2439/5/4 2410/5/4 2440/5/4
f 2428/2/4 2429/2/4 2441/2/4
f 2429/4/4 2430/4/4 2441/4/4
f 2430/2/4 2431/2/4 2442/2/4
f 2441/4/4 2430/4/4 2442/4/4
f 2433/1/4 2434/1/4 2443/1/4
f 2432/5/4 2433/5/4 2443/5/4
f 2434/5/4 2435/5/4 2444/5/4
f 2443/1/4 2434/1/4 2444/1/4
f 2435/5/4 2436/5/4 2444/5/4
f 2444/5/4 2436/5/4 2445/5/4
f 2436/1/4 2437/1/4 2446/1/4
f 2445/5/4 2436/5/4 2446/5/4
f 2437/5/4 2438/5/4 2447/5/4
f 2446/1/4 2437/1/4 2447/1/4
f 2438/5/4 2439/5/4 2447/5/4
f 2447/5/4 2439/5/4 2448/5/4
f 2439/1/4 2440/1/4 2449/1/4
f 2448/5/4 2439/5/4 2449/5/4
f 2440/5/4 2410/5/4 2450/5/4
f 2449/1/4 2440/1/4 2450/1/4
f 2450/5/4 2410/5/4 2451/5/4
f 2408/5/4 2432/5/4 2452/5/4
f 2432/5/4 2443/5/4 2452/5/4
f 2443/5/4 2444/5/4 2452/5/4
f 2452/5/4 2444/5/4 2453/5/4
f 2444/1/4 2445/1/4 2454/1/4
f 2453/5/4 2444/5/4 2454/5/4
f 2445/5/4 2446/5/4 2455/5/4
f 2454/1/4 2445/1/4 2455/1/4
f 2446/5/4 2447/5/4 2455/5/4
f 2455/5/4 2447/5/4 2456/5/4
f 2447/1/4 2448/1/4 2457/1/4
f 2456/5/4 2447/5/4 2457/5/4
f 2448/5/4 2449/5/4 2458/5/4
f 2457/1/4 2448/1/4 2458/1/4
f 2449/5/4 2450/5/4 2458/5/4
f 2458/5/4 2450/5/4 2459/5/4
f 2450/1/4 2451/1/4 2460/1/4
f 2459/5/4 2450/5/4 2460/5/4
f 2451/5/4 2410/5/4 2461/5/4
f 2460/1/4 2451/1/4 2461/1/4
f 2452/1/4 2453/1/4 2462/1/4
f 2408/5/4 2452/5/4 2462/5/4
f 2453/5/4 2454/5/4 2463/5/4
f 2462/1/4 2453/1/4 2463/1/4
f 2454/5/4 2455/5/4 2463/5/4
f 2463/5/4 2455/5/4 2464/5/4
f 2455/1/4 2456/1/4 2465/1/4
f 2464/5/4 2455/5/4 2465/5/4
f 2456/5/4 2457/5/4 2466/5/4
f 2465/1/4 2456/1/4 2466/1/4
f 2457/5/4 2458/5/4 2466/5/4
f 2466/5/4 2458/5/4 2467/5/4
f 2458/1/4 2459/1/4 2468/1/4
f 2467/5/4 2458/5/4 2468/5/4
f 2459/5/4 2460/5/4 2469/5/4
f 2468/1/4 2459/1/4 2469/1/4
f 2460/5/4 2461/5/4 2469/5/4
f 2469/5/4 2461/5/4 2470/5/4
f 2463/1/4 2464/1/4 2471/1/4
f 2462/5/4 2463/5/4 2471/5/4
f 2464/5/4 2465/5/4 2472/5/4
f 2471/1/4 2464/1/4 2472/1/4
f 2465/5/4 2466/5/4 2472/5/4
f 2472/5/4 2466/5/4 2473/5/4
f 2466/1/4 2467/1/4 2474/1/4
f 2473/5/4 2466/5/4 2474/5/4
f 2467/5/4 2468/5/4 2475/5/4
f 2474/1/4 2467/1/4 2475/1/4
f 2468/5/4 2469/5/4 2475/5/4
f 2475/5/4 2469/5/4 2476/5/4
f 2469/1/4 2470/1/4 2477/1/4
f 2476/5/4 2469/5/4 2477/5/4
f 2470/5/4 2461/5/4 2478/5/4
f 2477/1/4 2470/1/4 2478/1/4
f 2461/5/4 2410/5/4 2479/5/4
f 2478/5/4 2461/5/4 2479/5/4
f 2462/5/4 2471/5/4 2480/5/4
f 2408/5/4 2462/5/4 2480/5/4
f 2471/5/4 2472/5/4 2480/5/4
f 2480/5/4 2472/5/4 2481/5/4
f 2472/1/4 2473/1/4 2482/1/4
f 2481/5/4 2472/5/4 2482/5/4
f 2473/5/4 2474/5/4 2483/5/4
f 2482/1/4 2473/1/4 2483/1/4
f 2474/5/4 2475/5/4 2483/5/4
f 2483/5/4 2475/5/4 2484/5/4
f 2475/1/4 2476/1/4 2485/1/4
f 2484/5/4 2475/5/4 2485/5/4
f 2476/5/4 2477/5/4 2486/5/4
f 2485/1/4 2476/1/4 2486/1/4
f 2477/5/4 2478/5/4 2486/5/4
f 2486/5/4 2478/5/4 2487/5/4
f 2478/1/4 2479/1/4 2488/1/4
f 2487/5/4 2478/5/4 2488/5/4
f 2479/5/4 2410/5/4 2489/5/4
f 2488/1/4 2479/1/4 2489/1/4
f 2480/1/4 2481/1/4 2490/1/4
f 2408/5/4 2480/5/4 2490/5/4
f 2482/5/4 2483/5/4 2491/5/4
f 2490/1/4 2481/1/4 2491/1/4
f 2481/5/4 2482/5/4 2491/5/4
f 2491/5/4 2483/5/4 2492/5/4
f 2483/1/4 2484/1/4 2493/1/4
f 2492/5/4 2483/5/4 2493/5/4
f 2484/5/4 2485/5/4 2494/5/4
f 2493/1/4 2484/1/4 2494/1/4
f 2485/5/4 2486/5/4 2494/5/4
f 2494/5/4 2486/5/4 2495/5/4
f 2486/1/4 2487/1/4 2496/1/4
f 2495/5/4 2486/5/4 2496/5/4
f 2487/5/4 2488/5/4 2497/5/4
f 2496/1/4 2487/1/4 2497/1/4
f 2488/5/4 2489/5/4 2497/5/4
f 2497/5/4 2489/5/4 2498/5/4
f 2490/5/4 2491/5/4 2499/5/4
f 2491/1/4 2492/1/4 2499/1/4
f 2492/5/4 2493/5/4 2500/5/4
f 2499/1/4 2492/1/4 2500/1/4
f 2493/5/4 2494/5/4 2500/5/4
f 2500/5/4 2494/5/4 2501/5/4
f 2494/1/4 2495/1/4 2502/1/4
f 2501/5/4 2494/5/4 2502/5/4
f 2495/5/4 2496/5/4 2503/5/4
f 2502/1/4 2495/1/4 2503/1/4
f 2496/5/4 2497/5/4 2503/5/4
f 2503/5/4 2497/5/4 2504/5/4
f 2497/1/4 2498/1/4 2505/1/4
f 2504/5/4 2497/5/4 2505/5/4
f 2498/5/4 2489/5/4 2506/5/4
f 2505/1/4 2498/1/4 2506/1/4
f 2489/5/4 2410/5/4 2507/5/4
f 2506/5/4 2489/5/4 2507/5/4
f 2490/5/4 2499/5/4 2508/5/4
f 2408/5/4 2490/5/4 2508/5/4
f 2499/5/4 2500/5/4 2508/5/4
f 2508/5/4 2500/5/4 2509/5/4
f 2500/1/4 2501/1/4 2510/1/4
f 2509/5/4 2500/5/4 2510/5/4
f 2501/5/4 2502/5/4 2511/5/4
f 2510/1/4 2501/1/4 2511/1/4
f 2502/5/4 2503/5/4 2511/5/4
f 2511/5/4 2503/5/4 2512/5/4
f 2503/1/4 2504/1/4 2513/1/4
f 2512/5/4 2503/5/4 2513/5/4
f 2504/5/4 2505/5/4 2514/5/4
f 2513/1/4 2504/1/4 2514/1/4
f 2505/5/4 2506/5/4 2514/5/4
f 2514/5/4 2506/5/4 2515/5/4
f 2506/1/4 2507/1/4 2516/1/4
f 2515/5/4 2506/5/4 2516/5/4
f 2507/5/4 2410/5/4 2517/5/4
f 2516/1/4 2507/1/4 2517/1/4
f 2508/1/4 2509/1/4 2518/1/4
f 2408/5/4 2508/5/4 2518/5/4
f 2509/5/4 2510/5/4 2519/5/4
f 2518/1/4 2509/1/4 2519/1/4
f 2510/5/4 2511/5/4 2519/5/4
f 2519/5/4 2511/5/4 2520/5/4
f 2511/1/4 2512/1/4 2521/1/4
f 2520/5/4 2511/5/4 2521/5/4
f 2512/5/4 2513/5/4 2522/5/4
f 2521/1/4 2512/1/4 2522/1/4
f 2513/5/4 2514/5/4 2522/5/4
f 2522/5/4 2514/5/4 2523/5/4
f 2514/1/4 2515/1/4 2524/1/4
f 2523/5/4 2514/5/4 2524/5/4
f 2515/5/4 2516/5/4 2525/5/4
f 2524/1/4 2515/1/4 2525/1/4
f 2516/5/4 2517/5/4 2525/5/4
f 2525/5/4 2517/5/4 2526/5/4
f 2518/5/4 2519/5/4 2527/5/4
f 2519/1/4 2520/1/4 2527/1/4
f 2520/5/4 2521/5/4 2528/5/4
f 2527/1/4 2520/1/4 2528/1/4
f 2521/5/4 2522/5/4 2528/5/4
f 2528/5/4 2522/5/4 2529/5/4
f 2522/1/4 2523/1/4 2530/1/4
f 2529/5/4 2522/5/4 2530/5/4
f 2523/5/4 2524/5/4 2531/5/4
f 2530/1/4 2523/1/4 2531/1/4
f 2524/5/4 2525/5/4 2531/5/4
f 2531/5/4 2525/5/4 2532/5/4
f 2525/1/4 2526/1/4 2533/1/4
f 2532/5/4 2525/5/4 2533/5/4
f 2526/5/4 2517/5/4 2534/5/4
f 2533/1/4 2526/1/4 2534/1/4
f 2517/5/4 2410/5/4 2535/5/4
f 2534/5/4 2517/5/4 2535/5/4
f 2408/5/4 2518/5/4 2536/5/4
f 2518/5/4 2527/5/4 2536/5/4
f 2527/5/4 2528/5/4 2536/5/4
f 2536/5/4 2528/5/4 2537/5/4
f 2528/1/4 2529/1/4 2538/1/4
f 2537/5/4 2528/5/4 2538/5/4
f 2529/5/4 2530/5/4 2539/5/4
f 2538/1/4 2529/1/4 2539/1/4
f 2530/5/4 2531/5/4 2539/5/4
f 2539/5/4 2531/5/4 2540/5/4
f 2531/1/4 2532/1/4 2541/1/4
f 2540/5/4 2531/5/4 2541/5/4
f 2533/5/4 2534/5/4 2542/5/4
f 2541/1/4 2532/1/4 2542/1/4
f 2532/5/4 2533/5/4 2542/5/4
f 2542/5/4 2534/5/4 2543/5/4
f 2534/1/4 2535/1/4 2544/1/4
f 2543/5/4 2534/5/4 2544/5/4
f 2535/5/4 2410/5/4 2545/5/4
f 2544/1/4 2535/1/4 2545/1/4
f 2536/1/4 2537/1/4 2546/1/4
f 2408/5/4 2536/5/4 2546/5/4
f 2537/5/4 2538/5/4 2547/5/4
f 2546/1/4 2537/1/4 2547/1/4
f 2538/5/4 2539/5/4 2547/5/4
f 2547/5/4 2539/5/4 2548/5/4
f 2539/1/4 2540/1/4 2549/1/4
f 2548/5/4 2539/5/4 2549/5/4
f 2540/5/4 2541/5/4 2550/5/4
f 2549/1/4 2540/1/4 2550/1/4
f 2541/5/4 2542/5/4 2550/5/4
f 2550/5/4 2542/5/4 2551/5/4
f 2542/1/4 2543/1/4 2552/1/4
f 2551/5/4 2542/5/4 2552/5/4
f 2543/5/4 2544/5/4 2553/5/4
f 2552/1/4 2543/1/4 2553/1/4
f 2544/5/4 2545/5/4 2553/5/4
f 2553/5/4 2545/5/4 2554/5/4
f 2546/5/4 2547/5/4 2555/5/4
f 2547/1/4 2548/1/4 2555/1/4
f 2548/5/4 2549/5/4 2556/5/4
f 2555/1/4 2548/1/4 2556/1/4
f 2549/5/4 2550/5/4 2556/5/4
f 2556/5/4 2550/5/4 2557/5/4
f 2550/1/4 2551/1/4 2558/1/4
f 2557/5/4 2550/5/4 2558/5/4
f 2551/5/4 2552/5/4 2559/5/4
f 2558/1/4 2551/1/4 2559/1/4
f 2552/5/4 2553/5/4 2559/5/4
f 2559/5/4 2553/5/4 2560/5/4
f 2553/1/4 2554/1/4 2561/1/4
f 2560/5/4 2553/5/4 2561/5/4
f 2554/5/4 2545/5/4 2562/5/4
f 2561/1/4 2554/1/4 2562/1/4
f 2545/5/4 2410/5/4 2563/5/4
f 2562/5/4 2545/5/4 2563/5/4
f 2408/5/4 2546/5/4 2564/5/4
f 2546/5/4 2555/5/4 2564/5/4
f 2555/5/4 2556/5/4 2564/5/4
f 2564/5/4 2556/5/4 2565/5/4
f 2556/1/4 2557/1/4 2566/1/4
f 2565/5/4 2556/5/4 2566/5/4
f 2557/5/4 2558/5/4 2567/5/4
f 2566/1/4 2557/1/4 2567/1/4
f 2558/5/4 2559/5/4 2567/5/4
f 2567/5/4 2559/5/4 2568/5/4
f 2559/1/4 2560/1/4 2569/1/4
f 2568/5/4 2559/5/4 2569/5/4
f 2561/5/4 2562/5/4 2570/5/4
f 2569/1/4 2560/1/4 2570/1/4
f 2560/5/4 2561/5/4 2570/5/4
f 2570/5/4 2562/5/4 2571/5/4
f 2562/1/4 2563/1/4 2572/1/4
f 2571/5/4 2562/5/4 2572/5/4
f 2563/5/4 2410/5/4 2573/5/4
f 2572/1/4 2563/1/4 2573/1/4
f 2564/1/4 2565/1/4 2574/1/4
f 2408/5/4 2564/5/4 2574/5/4
f 2565/5/4 2566/5/4 2575/5/4
f 2574/1/4 2565/1/4 2575/1/4
f 2566/5/4 2567/5/4 2575/5/4
f 2575/5/4 2567/5/4 2576/5/4
f 2567/1/4 2568/1/4 2577/1/4
f 2576/5/4 2567/5/4 2577/5/4
f 2568/5/4 2569/5/4 2578/5/4
f 2577/1/4 2568/1/4 2578/1/4
f 2569/5/4 2570/5/4 2578/5/4
f 2578/5/4 2570/5/4 2579/5/4
f 2570/1/4 2571/1/4 2580/1/4
f 2579/5/4 2570/5/4 2580/5/4
f 2571/5/4 2572/5/4 2581/5/4
f 2580/1/4 2571/1/4 2581/1/4
f 2572/5/4 2573/5/4 2581/5/4
f 2581/5/4 2573/5/4 2582/5/4
f 2574/5/4 2575/5/4 2583/5/4
f 2575/1/4 2576/1/4 2583/1/4
f 2576/5/4 2577/5/4 2584/5/4
f 2583/1/4 2576/1/4 2584/1/4
f 2577/5/4 2578/5/4 2584/5/4
f 2584/5/4 2578/5/4 2585/5/4
f 2578/1/4 2579/1/4 2586/1/4
f 2585/5/4 2578/5/4 2586/5/4
f 2579/5/4 2580/5/4 2587/5/4
f 2586/1/4 2579/1/4 2587/1/4
f 2580/5/4 2581/5/4 2587/5/4
f 2587/5/4 2581/5/4 2588/5/4
f 2581/1/4 2582/1/4 2589/1/4
f 2588/5/4 2581/5/4 2589/5/4
f 2582/5/4 2573/5/4 2590/5/4
f 2589/1/4 2582/1/4 2590/1/4
f 2573/5/4 2410/5/4 2591/5/4
f 2590/5/4 2573/5/4 2591/5/4
f 2408/5/4 2574/5/4 2592/5/4
f 2574/5/4 2583/5/4 2592/5/4
f 2583/5/4 2584/5/4 2592/5/4
f 2592/5/4 2584/5/4 2593/5/4
f 2584/1/4 2585/1/4 2594/1/4
f 2593/5/4 2584/5/4 2594/5/4
f 2585/5/4 2586/5/4 2595/5/4
f 2594/1/4 2585/1/4 2595/1/4
f 2586/5/4 2587/5/4 2595/5/4
f 2595/5/4 2587/5/4 2596/5/4
f 2587/1/4 2588/1/4 2597/1/4
f 2596/5/4 2587/5/4 2597/5/4
f 2589/5/4 2590/5/4 2598/5/4
f 2597/1/4 2588/1/4 2598/1/4
f 2588/5/4 2589/5/4 2598/5/4
f 2598/5/4 2590/5/4 2599/5/4
f 2590/1/4 2591/1/4 2600/1/4
f 2599/5/4 2590/5/4 2600/5/4
f 2591/5/4 2410/5/4 2601/5/4
f 2600/1/4 2591/1/4 2601/1/4
f 2411/4/4 2412/4/4 2602/4/4
f 2412/2/4 2428/2/4 2602/2/4
f 2428/2/4 2441/2/4 2602/2/4
f 2441/2/4 2442/2/4 2602/2/4
f 2602/2/4 2442/2/4 2603/2/4
f 2592/1/4 2593/1/4 2604/1/4
f 2408/5/4 2592/5/4 2604/5/4
f 2593/5/4 2594/5/4 2605/5/4
f 2604/1/4 2593/1/4 2605/1/4
f 2594/5/4 2595/5/4 2605/5/4
f 2605/5/4 2595/5/4 2606/5/4
f 2595/1/4 2596/1/4 2607/1/4
f 2606/5/4 2595/5/4 2607/5/4
f 2597/5/4 2598/5/4 2608/5/4
f 2607/1/4 2596/1/4 2608/1/4
f 2596/5/4 2597/5/4 2608/5/4
f 2608/5/4 2598/5/4 2609/5/4
f 2598/1/4 2599/1/4 2610/1/4
f 2609/5/4 2598/5/4 2610/5/4
f 2599/5/4 2600/5/4 2611/5/4
f 2610/1/4 2599/1/4 2611/1/4
f 2600/5/4 2601/5/4 2611/5/4
f 2611/5/4 2601/5/4 2612/5/4
f 2411/4/4 2602/4/4 2613/4/4
f 2602/4/4 2603/4/4 2613/4/4
f 2603/2/4 2442/2/4 2614/2/4
f 2613/4/4 2603/4/4 2614/4/4
f 2614/2/4 2442/2/4 2615/2/4
f 2615/2/4 2442/2/4 2616/2/4
f 2604/5/4 2605/5/4 2617/5/4
f 2605/1/4 2606/1/4 2617/1/4
f 2607/5/4 2608/5/4 2618/5/4
f 2617/1/4 2606/1/4 2618/1/4
f 2606/5/4 2607/5/4 2618/5/4
f 2618/5/4 2608/5/4 2619/5/4
f 2608/1/4 2609/1/4 2620/1/4
f 2619/5/4 2608/5/4 2620/5/4
f 2609/5/4 2610/5/4 2621/5/4
f 2620/1/4 2609/1/4 2621/1/4
f 2610/5/4 2611/5/4 2621/5/4
f 2621/5/4 2611/5/4 2622/5/4
f 2611/1/4 2612/1/4 2623/1/4
f 2622/5/4 2611/5/4 2623/5/4
f 2612/5/4 2601/5/4 2624/5/4
f 2623/1/4 2612/1/4 2624/1/4
f 2601/5/4 2410/5/4 2625/5/4
f 2624/5/4 2601/5/4 2625/5/4
f 2614/2/4 2615/2/4 2626/2/4
f 2615/3/4 2616/3/4 2626/3/4
f 2613/2/4 2614/2/4 2626/2/4
f 2626/3/4 2616/3/4 2627/3/4
f 2616/2/4 2442/2/4 2628/2/4
f 2627/3/4 2616/3/4 2628/3/4
f 2628/2/4 2442/2/4 2629/2/4
f 2408/5/4 2604/5/4 2630/5/4
f 2604/5/4 2617/5/4 2630/5/4
f 2617/5/4 2618/5/4 2630/5/4
f 2630/5/4 2618/5/4 2631/5/4
f 2618/1/4 2619/1/4 2632/1/4
f 2631/5/4 2618/5/4 2632/5/4
f 2619/5/4 2620/5/4 2633/5/4
f 2632/1/4 2619/1/4 2633/1/4
f 2620/5/4 2621/5/4 2633/5/4
f 2633/5/4 2621/5/4 2634/5/4
f 2621/1/4 2622/1/4 2635/1/4
f 2634/5/4 2621/5/4 2635/5/4
f 2623/5/4 2624/5/4 2636/5/4
f 2635/1/4 2622/1/4 2636/1/4
f 2622/5/4 2623/5/4 2636/5/4
f 2636/5/4 2624/5/4 2637/5/4
f 2624/1/4 2625/1/4 2638/1/4
f 2637/5/4 2624/5/4 2638/5/4
f 2625/5/4 2410/5/4 2639/5/4
f 2638/1/4 2625/1/4 2639/1/4
f 2628/3/4 2629/3/4 2640/3/4
f 2626/2/4 2627/2/4 2640/2/4
f 2627/3/4 2628/3/4 2640/3/4
f 2640/3/4 2629/3/4 2641/3/4
f 2629/2/4 2442/2/4 2642/2/4
f 2641/3/4 2629/3/4 2642/3/4
f 2642/2/4 2442/2/4 2643/2/4
f 2630/1/4 2631/1/4 2644/1/4
f 2408/5/4 2630/5/4 2644/5/4
f 2631/5/4 2632/5/4 2645/5/4
f 2644/1/4 2631/1/4 2645/1/4
f 2632/5/4 2633/5/4 2645/5/4
f 2645/5/4 2633/5/4 2646/5/4
f 2633/1/4 2634/1/4 2647/1/4
f 2646/5/4 2633/5/4 2647/5/4
f 2634/5/4 2635/5/4 2648/5/4
f 2647/1/4 2634/1/4 2648/1/4
f 2635/5/4 2636/5/4 2648/5/4
f 2648/5/4 2636/5/4 2649/5/4
f 2636/1/4 2637/1/4 2650/1/4
f 2649/5/4 2636/5/4 2650/5/4
f 2637/5/4 2638/5/4 2651/5/4
f 2650/1/4 2637/1/4 2651/1/4
f 2638/5/4 2639/5/4 2651/5/4
f 2651/5/4 2639/5/4 2652/5/4
f 2640/2/4 2641/2/4 2653/2/4
f 2641/3/4 2642/3/4 2653/3/4
f 2642/3/4 2643/3/4 2653/3/4
f 2653/3/4 2643/3/4 2654/3/4
f 2643/2/4 2442/2/4 2655/2/4
f 2654/3/4 2643/3/4 2655/3/4
f 2431/2/4 2413/2/4 2656/2/4
f 2655/2/4 2442/2/4 2656/2/4
f 2442/2/4 2431/2/4 2656/2/4
f 2645/1/4 2646/1/4 2657/1/4
f 2644/5/4 2645/5/4 2657/5/4
f 2646/5/4 2647/5/4 2658/5/4
f 2657/1/4 2646/1/4 2658/1/4
f 2647/5/4 2648/5/4 2658/5/4
f 2658/5/4 2648/5/4 2659/5/4
f 2648/1/4 2649/1/4 2660/1/4
f 2659/5/4 2648/5/4 2660/5/4
f 2649/5/4 2650/5/4 2661/5/4
f 2660/1/4 2649/1/4 2661/1/4
f 2650/5/4 2651/5/4 2661/5/4
f 2661/5/4 2651/5/4 2662/5/4
f 2651/1/4 2652/1/4 2663/1/4
f 2662/5/4 2651/5/4 2663/5/4
f 2652/5/4 2639/5/4 2664/5/4
f 2663/1/4 2652/1/4 2664/1/4
f 2639/5/4 2410/5/4 2665/5/4
f 2664/5/4 2639/5/4 2665/5/4
f 2410/2/4 2411/2/4 2666/2/4
f 2411/4/4 2613/4/4 2666/4/4
f 2653/2/4 2654/2/4 2667/2/4
f 2666/4/4 2613/4/4 2667/4/4
f 2626/2/4 2640/2/4 2667/2/4
f 2640/2/4 2653/2/4 2667/2/4
f 2613/2/4 2626/2/4 2667/2/4
f 2667/2/4 2654/2/4 2668/2/4
f 2654/3/4 2655/3/4 2669/3/4
f 2668/2/4 2654/2/4 2669/2/4
f 2655/3/4 2656/3/4 2669/3/4
f 2656/2/4 2413/2/4 2670/2/4
f 2669/3/4 2656/3/4 2670/3/4
f 2408/5/4 2644/5/4 2671/5/4
f 2644/5/4 2657/5/4 2671/5/4
f 2657/5/4 2658/5/4 2671/5/4
f 2671/5/4 2658/5/4 2672/5/4
f 2658/1/4 2659/1/4 2673/1/4
f 2672/5/4 2658/5/4 2673/5/4
f 2659/5/4 2660/5/4 2674/5/4
f 2673/1/4 2659/1/4 2674/1/4
f 2660/5/4 2661/5/4 2674/5/4
f 2674/5/4 2661/5/4 2675/5/4
f 2661/1/4 2662/1/4 2676/1/4
f 2675/5/4 2661/5/4 2676/5/4
f 2662/5/4 2663/5/4 2677/5/4
f 2676/1/4 2662/1/4 2677/1/4
f 2663/5/4 2664/5/4 2677/5/4
f 2677/5/4 2664/5/4 2678/5/4
f 2664/1/4 2665/1/4 2679/1/4
f 2678/5/4 2664/5/4 2679/5/4
f 2665/5/4 2410/5/4 2680/5/4
f 2679/1/4 2665/1/4 2680/1/4
f 2408/5/4 2671/5/4 2681/5/4
f 2671/1/4 2672/1/4 2681/1/4
f 2673/5/4 2674/5/4 2682/5/4
f 2681/1/4 2672/1/4 2682/1/4
f 2672/5/4 2673/5/4 2682/5/4
f 2682/5/4 2674/5/4 2683/5/4
f 2674/1/4 2675/1/4 2684/1/4
f 2683/5/4 2674/5/4 2684/5/4
f 2675/5/4 2676/5/4 2685/5/4
f 2684/1/4 2675/1/4 2685/1/4
f 2676/5/4 2677/5/4 2685/5/4
f 2685/5/4 2677/5/4 2686/5/4
f 2677/1/4 2678/1/4 2687/1/4
f 2686/5/4 2677/5/4 2687/5/4
f 2678/5/4 2679/5/4 2688/5/4
f 2687/1/4 2678/1/4 2688/1/4
f 2679/5/4 2680/5/4 2688/5/4
f 2688/5/4 2680/5/4 2689/5/4
f 2681/5/4 2682/5/4 2690/5/4
f 2682/1/4 2683/1/4 2690/1/4
f 2683/5/4 2684/5/4 2691/5/4
f 2690/1/4 2683/1/4 2691/1/4
f 2684/5/4 2685/5/4 2691/5/4
f 2691/5/4 2685/5/4 2692/5/4
f 2685/1/4 2686/1/4 2693/1/4
f 2692/5/4 2685/5/4 2693/5/4
f 2686/5/4 2687/5/4 2694/5/4
f 2693/1/4 2686/1/4 2694/1/4
f 2687/5/4 2688/5/4 2694/5/4
f 2694/5/4 2688/5/4 2695/5/4
f 2688/1/4 2689/1/4 2696/1/4
f 2695/5/4 2688/5/4 2696/5/4
f 2689/5/4 2680/5/4 2697/5/4
f 2696/1/4 2689/1/4 2697/1/4
f 2680/5/4 2410/5/4 2698/5/4
f 2697/5/4 2680/5/4 2698/5/4
f 2681/5/4 2690/5/4 2699/5/4
f 2408/5/4 2681/5/4 2699/5/4
f 2690/5/4 2691/5/4 2699/5/4
f 2699/5/4 2691/5/4 2700/5/4
f 2691/1/4 2692/1/4 2701/1/4
f 2700/5/4 2691/5/4 2701/5/4
f 2692/5/4 2693/5/4 2702/5/4
f 2701/1/4 2692/1/4 2702/1/4
f 2693/5/4 2694/5/4 2702/5/4
f 2702/5/4 2694/5/4 2703/5/4
f 2694/1/4 2695/1/4 2704/1/4
f 2703/5/4 2694/5/4 2704/5/4
f 2695/5/4 2696/5/4 2705/5/4
f 2704/1/4 2695/1/4 2705/1/4
f 2696/5/4 2697/5/4 2705/5/4
f 2705/5/4 2697/5/4 2706/5/4
f 2697/1/4 2698/1/4 2707/1/4
f 2706/5/4 2697/5/4 2707/5/4
f 2698/5/4 2410/5/4 2708/5/4
f 2707/1/4 2698/1/4 2708/1/4
f 2699/1/4 2700/1/4 2709/1/4
f 2408/5/4 2699/5/4 2709/5/4
f 2700/5/4 2701/5/4 2710/5/4
f 2709/1/4 2700/1/4 2710/1/4
f 2701/5/4 2702/5/4 2710/5/4
f 2710/5/4 2702/5/4 2711/5/4
f 2702/1/4 2703/1/4 2712/1/4
f 2711/5/4 2702/5/4 2712/5/4
f 2703/5/4 2704/5/4 2713/5/4
f 2712/1/4 2703/1/4 2713/1/4
f 2704/5/4 2705/5/4 2713/5/4
f 2713/5/4 2705/5/4 2714/5/4
f 2705/1/4 2706/1/4 2715/1/4
f 2714/5/4 2705/5/4 2715/5/4
f 2706/5/4 2707/5/4 2716/5/4
f 2715/1/4 2706/1/4 2716/1/4
f 2707/5/4 2708/5/4 2716/5/4
f 2716/5/4 2708/5/4 2717/5/4
f 2709/5/4 2710/5/4 2718/5/4
f 2710/1/4 2711/1/4 2718/1/4
f 2711/5/4 2712/5/4 2719/5/4
f 2718/1/4 2711/1/4 2719/1/4
f 2712/5/4 2713/5/4 2719/5/4
f 2719/5/4 2713/5/4 2720/5/4
f 2713/1/4 2714/1/4 2721/1/4
f 2720/5/4 2713/5/4 2721/5/4
f 2714/5/4 2715/5/4 2722/5/4
f 2721/1/4 2714/1/4 2722/1/4
f 2715/5/4 2716/5/4 2722/5/4
f 2722/5/4 2716/5/4 2723/5/4
f 2716/1/4 2717/1/4 2724/1/4
f 2723/5/4 2716/5/4 2724/5/4
f 2717/5/4 2708/5/4 2725/5/4
f 2724/1/4 2717/1/4 2725/1/4
f 2708/5/4 2410/5/4 2726/5/4
f 2725/5/4 2708/5/4 2726/5/4
f 2408/5/4 2709/5/4 2727/5/4
f 2709/5/4 2718/5/4 2727/5/4
f 2718/5/4 2719/5/4 2727/5/4
f 2727/5/4 2719/5/4 2728/5/4
f 2719/1/4 2720/1/4 2729/1/4
f 2728/5/4 2719/5/4 2729/5/4
f 2720/5/4 2721/5/4 2730/5/4
f 2729/1/4 2720/1/4 2730/1/4
f 2721/5/4 2722/5/4 2730/5/4
f 2730/5/4 2722/5/4 2731/5/4
f 2722/1/4 2723/1/4 2732/1/4
f 2731/5/4 2722/5/4 2732/5/4
f 2724/5/4 2725/5/4 2733/5/4
f 2732/1/4 2723/1/4 2733/1/4
f 2723/5/4 2724/5/4 2733/5/4
f 2733/5/4 2725/5/4 2734/5/4
f 2725/1/4 2726/1/4 2735/1/4
f 2734/5/4 2725/5/4 2735/5/4
f 2726/5/4 2410/5/4 2736/5/4
f 2735/1/4 2726/1/4 2736/1/4
f 2727/1/4 2728/1/4 2737/1/4
f 2408/5/4 2727/5/4 2737/5/4
f 2728/5/4 2729/5/4 2738/5/4
f 2737/1/4 2728/1/4 2738/1/4
f 2729/5/4 2730/5/4 2738/5/4
f 2738/5/4 2730/5/4 2739/5/4
f 2730/1/4 2731/1/4 2740/1/4
f 2739/5/4 2730/5/4 2740/5/4
f 2731/5/4 2732/5/4 2741/5/4
f 2740/1/4 2731/1/4 2741/1/4
f 2732/5/4 2733/5/4 2741/5/4
f 2741/5/4 2733/5/4 2742/5/4
f 2733/1/4 2734/1/4 2743/1/4
f 2742/5/4 2733/5/4 2743/5/4
f 2734/5/4 2735/5/4 2744/5/4
f 2743/1/4 2734/1/4 2744/1/4
f 2735/5/4 2736/5/4 2744/5/4
f 2744/5/4 2736/5/4 2745/5/4
f 2737/5/4 2738/5/4 2746/5/4
f 2738/1/4 2739/1/4 2746/1/4
f 2739/5/4 2740/5/4 2747/5/4
f 2746/1/4 2739/1/4 2747/1/4
f 2740/5/4 2741/5/4 2747/5/4
f 2747/5/4 2741/5/4 2748/5/4
f 2741/1/4 2742/1/4 2749/1/4
f 2748/5/4 2741/5/4 2749/5/4
f 2742/5/4 2743/5/4 2750/5/4
f 2749/1/4 2742/1/4 2750/1/4
f 2743/5/4 2744/5/4 2750/5/4
f 2750/5/4 2744/5/4 2751/5/4
f 2744/1/4 2745/1/4 2752/1/4
f 2751/5/4 2744/5/4 2752/5/4
f 2745/5/4 2736/5/4 2753/5/4
f 2752/1/4 2745/1/4 2753/1/4
f 2736/5/4 2410/5/4 2754/5/4
f 2753/5/4 2736/5/4 2754/5/4
f 2408/5/4 2737/5/4 2755/5/4
f 2737/5/4 2746/5/4 2755/5/4
f 2746/5/4 2747/5/4 2755/5/4
f 2755/5/4 2747/5/4 2756/5/4
f 2747/1/4 2748/1/4 2757/1/4
f 2756/5/4 2747/5/4 2757/5/4
f 2748/5/4 2749/5/4 2758/5/4
f 2757/1/4 2748/1/4 2758/1/4
f 2749/5/4 2750/5/4 2758/5/4
f 2758/5/4 2750/5/4 2759/5/4
f 2750/1/4 2751/1/4 2760/1/4
f 2759/5/4 2750/5/4 2760/5/4
f 2752/5/4 2753/5/4 2761/5/4
f 2760/1/4 2751/1/4 2761/1/4
f 2751/5/4 2752/5/4 2761/5/4
f 2761/5/4 2753/5/4 2762/5/4
f 2753/1/4 2754/1/4 2763/1/4
f 2762/5/4 2753/5/4 2763/5/4
f 2754/5/4 2410/5/4 2764/5/4
f 2763/1/4 2754/1/4 2764/1/4
f 2755/1/4 2756/1/4 2765/1/4
f 2408/5/4 2755/5/4 2765/5/4
f 2756/5/4 2757/5/4 2766/5/4
f 2765/1/4 2756/1/4 2766/1/4
f 2757/5/4 2758/5/4 2766/5/4
f 2766/5/4 2758/5/4 2767/5/4
f 2758/1/4 2759/1/4 2768/1/4
f 2767/5/4 2758/5/4 2768/5/4
f 2759/5/4 2760/5/4 2769/5/4
f 2768/1/4 2759/1/4 2769/1/4
f 2760/5/4 2761/5/4 2769/5/4
f 2769/5/4 2761/5/4 2770/5/4
f 2761/1/4 2762/1/4 2771/1/4
f 2770/5/4 2761/5/4 2771/5/4
f 2762/5/4 2763/5/4 2772/5/4
f 2771/1/4 2762/1/4 2772/1/4
f 2763/5/4 2764/5/4 2772/5/4
f 2772/5/4 2764/5/4 2773/5/4
f 2765/5/4 2766/5/4 2774/5/4
f 2766/1/4 2767/1/4 2774/1/4
f 2767/5/4 2768/5/4 2775/5/4
f 2774/1/4 2767/1/4 2775/1/4
f 2768/5/4 2769/5/4 2775/5/4
f 2775/5/4 2769/5/4 2776/5/4
f 2769/1/4 2770/1/4 2777/1/4
f 2776/5/4 2769/5/4 2777/5/4
f 2770/5/4 2771/5/4 2778/5/4
f 2777/1/4 2770/1/4 2778/1/4
f 2771/5/4 2772/5/4 2778/5/4
f 2778/5/4 2772/5/4 2779/5/4
f 2772/1/4 2773/1/4 2780/1/4
f 2779/5/4 2772/5/4 2780/5/4
f 2773/5/4 2764/5/4 2781/5/4
f 2780/1/4 2773/1/4 2781/1/4
f 2764/5/4 2410/5/4 2782/5/4
f 2781/5/4 2764/5/4 2782/5/4
f 2408/5/4 2765/5/4 2783/5/4
f 2765/5/4 2774/5/4 2783/5/4
f 2774/5/4 2775/5/4 2783/5/4
f 2783/5/4 2775/5/4 2784/5/4
f 2775/1/4 2776/1/4 2785/1/4
f 2784/5/4 2775/5/4 2785/5/4
f 2776/5/4 2777/5/4 2786/5/4
f 2785/1/4 2776/1/4 2786/1/4
f 2777/5/4 2778/5/4 2786/5/4
f 2786/5/4 2778/5/4 2787/5/4
f 2778/1/4 2779/1/4 2788/1/4
f 2787/5/4 2778/5/4 2788/5/4
f 2780/5/4 2781/5/4 2789/5/4
f 2788/1/4 2779/1/4 2789/1/4
f 2779/5/4 2780/5/4 2789/5/4
f 2789/5/4 2781/5/4 2790/5/4
f 2781/1/4 2782/1/4 2791/1/4
f 2790/5/4 2781/5/4 2791/5/4
f 2782/5/4 2410/5/4 2792/5/4
f 2791/1/4 2782/1/4 2792/1/4
f 2783/1/4 2784/1/4 2793/1/4
f 2408/5/4 2783/5/4 2793/5/4
f 2784/5/4 2785/5/4 2794/5/4
f 2793/1/4 2784/1/4 2794/1/4
f 2785/5/4 2786/5/4 2794/5/4
f 2794/5/4 2786/5/4 2795/5/4
f 2786/1/4 2787/1/4 2796/1/4
f 2795/5/4 2786/5/4 2796/5/4
f 2787/5/4 2788/5/4 2797/5/4
f 2796/1/4 2787/1/4 2797/1/4
f 2788/5/4 2789/5/4 2797/5/4
f 2797/5/4 2789/5/4 2798/5/4
f 2789/1/4 2790/1/4 2799/1/4
f 2798/5/4 2789/5/4 2799/5/4
f 2790/5/4 2791/5/4 2800/5/4
f 2799/1/4 2790/1/4 2800/1/4
f 2791/5/4 2792/5/4 2800/5/4
f 2800/5/4 2792/5/4 2801/5/4
f 2793/5/4 2794/5/4 2802/5/4
f 2794/1/4 2795/1/4 2802/1/4
f 2795/5/4 2796/5/4 2803/5/4
f 2802/1/4 2795/1/4 2803/1/4
f 2796/5/4 2797/5/4 2803/5/4
f 2803/5/4 2797/5/4 2804/5/4
f 2797/1/4 2798/1/4 2805/1/4
f 2804/5/4 2797/5/4 2805/5/4
f 2798/5/4 2799/5/4 2806/5/4
f 2805/1/4 2798/1/4 2806/1/4
f 2799/5/4 2800/5/4 2806/5/4
f 2806/5/4 2800/5/4 2807/5/4
f 2800/1/4 2801/1/4 2808/1/4
f 2807/5/4 2800/5/4 2808/5/4
f 2801/5/4 2792/5/4 2809/5/4
f 2808/1/4 2801/1/4 2809/1/4
f 2792/5/4 2410/5/4 2810/5/4
f 2809/5/4 2792/5/4 2810/5/4
f 2408/5/4 2793/5/4 2811/5/4
f 2793/5/4 2802/5/4 2811/5/4
f 2802/5/4 2803/5/4 2811/5/4
f 2811/5/4 2803/5/4 2812/5/4
f 2803/1/4 2804/1/4 2813/1/4
f 2812/5/4 2803/5/4 2813/5/4
f 2804/5/4 2805/5/4 2814/5/4
f 2813/1/4 2804/1/4 2814/1/4
f 2805/5/4 2806/5/4 2814/5/4
f 2814/5/4 2806/5/4 2815/5/4
f 2806/1/4 2807/1/4 2816/1/4
f 2815/5/4 2806/5/4 2816/5/4
f 2808/5/4 2809/5/4 2817/5/4
f 2816/1/4 2807/1/4 2817/1/4
f 2807/5/4 2808/5/4 2817/5/4
f 2817/5/4 2809/5/4 2818/5/4
f 2809/1/4 2810/1/4 2819/1/4
f 2818/5/4 2809/5/4 2819/5/4
f 2810/5/4 2410/5/4 2820/5/4
f 2819/1/4 2810/1/4 2820/1/4
f 2811/1/4 2812/1/4 2821/1/4
f 2408/5/4 2811/5/4 2821/5/4
f 2812/5/4 2813/5/4 2822/5/4
f 2821/1/4 2812/1/4 2822/1/4
f 2813/5/4 2814/5/4 2822/5/4
f 2822/5/4 2814/5/4 2823/5/4
f 2814/1/4 2815/1/4 2824/1/4
f 2823/5/4 2814/5/4 2824/5/4
f 2815/5/4 2816/5/4 2825/5/4
f 2824/1/4 2815/1/4 2825/1/4
f 2816/5/4 2817/5/4 2825/5/4
f 2825/5/4 2817/5/4 2826/5/4
f 2817/1/4 2818/1/4 2827/1/4
f 2826/5/4 2817/5/4 2827/5/4
f 2818/5/4 2819/5/4 2828/5/4
f 2827/1/4 2818/1/4 2828/1/4
f 2819/5/4 2820/5/4 2828/5/4
f 2828/5/4 2820/5/4 2829/5/4
f 2821/5/4 2822/5/4 2830/5/4
f 2822/1/4 2823/1/4 2830/1/4
f 2823/5/4 2824/5/4 2831/5/4
f 2830/1/4 2823/1/4 2831/1/4
f 2824/5/4 2825/5/4 2831/5/4
f 2831/5/4 2825/5/4 2832/5/4
f 2825/1/4 2826/1/4 2833/1/4
f 2832/5/4 2825/5/4 2833/5/4
f 2826/5/4 2827/5/4 2834/5/4
f 2833/1/4 2826/1/4 2834/1/4
f 2827/5/4 2828/5/4 2834/5/4
f 2834/5/4 2828/5/4 2835/5/4
f 2828/1/4 2829/1/4 2836/1/4
f 2835/5/4 2828/5/4 2836/5/4
f 2829/5/4 2820/5/4 2837/5/4
f 2836/1/4 2829/1/4 2837/1/4
f 2820/5/4 2410/5/4 2838/5/4
f 2837/5/4 2820/5/4 2838/5/4
f 2408/5/4 2821/5/4 2839/5/4
f 2821/5/4 2830/5/4 2839/5/4
f 2830/5/4 2831/5/4 2839/5/4
f 2839/5/4 2831/5/4 2840/5/4
f 2831/1/4 2832/1/4 2841/1/4
f 2840/5/4 2831/5/4 2841/5/4
f 2832/5/4 2833/5/4 2842/5/4
f 2841/1/4 2832/1/4 2842/1/4
f 2833/5/4 2834/5/4 2842/5/4
f 2842/5/4 2834/5/4 2843/5/4
f 2834/1/4 2835/1/4 2844/1/4
f 2843/5/4 2834/5/4 2844/5/4
f 2836/5/4 2837/5/4 2845/5/4
f 2844/1/4 2835/1/4 2845/1/4
f 2835/5/4 2836/5/4 2845/5/4
f 2845/5/4 2837/5/4 2846/5/4
f 2837/1/4 2838/1/4 2847/1/4
f 2846/5/4 2837/5/4 2847/5/4
f 2838/5/4 2410/5/4 2848/5/4
f 2847/1/4 2838/1/4 2848/1/4
f 2839/1/4 2840/1/4 2849/1/4
f 2408/5/4 2839/5/4 2849/5/4
f 2840/5/4 2841/5/4 2850/5/4
f 2849/1/4 2840/1/4 2850/1/4
f 2841/5/4 2842/5/4 2850/5/4
f 2850/5/4 2842/5/4 2851/5/4
f 2842/1/4 2843/1/4 2852/1/4
f 2851/5/4 2842/5/4 2852/5/4
f 2843/5/4 2844/5/4 2853/5/4
f 2852/1/4 2843/1/4 2853/1/4
f 2844/5/4 2845/5/4 2853/5/4
f 2853/5/4 2845/5/4 2854/5/4
f 2845/1/4 2846/1/4 2855/1/4
f 2854/5/4 2845/5/4 2855/5/4
f 2846/5/4 2847/5/4 2856/5/4
f 2855/1/4 2846/1/4 2856/1/4
f 2847/5/4 2848/5/4 2856/5/4
f 2856/5/4 2848/5/4 2857/5/4
f 2849/5/4 2850/5/4 2858/5/4
f 2850/1/4 2851/1/4 2858/1/4
f 2851/5/4 2852/5/4 2859/5/4
f 2858/1/4 2851/1/4 2859/1/4
f 2852/5/4 2853/5/4 2859/5/4
f 2859/5/4 2853/5/4 2860/5/4
f 2853/1/4 2854/1/4 2861/1/4
f 2860/5/4 2853/5/4 2861/5/4
f 2854/5/4 2855/5/4 2862/5/4
f 2861/1/4 2854/1/4 2862/1/4
f 2855/5/4 2856/5/4 2862/5/4
f 2862/5/4 2856/5/4 2863/5/4
f 2856/1/4 2857/1/4 2864/1/4
f 2863/5/4 2856/5/4 2864/5/4
f 2857/5/4 2848/5/4 2865/5/4
f 2864/1/4 2857/1/4 2865/1/4
f 2848/5/4 2410/5/4 2866/5/4
f 2865/5/4 2848/5/4 2866/5/4
f 2408/5/4 2849/5/4 2867/5/4
f 2849/5/4 2858/5/4 2867/5/4
f 2858/5/4 2859/5/4 2867/5/4
f 2867/5/4 2859/5/4 2868/5/4
f 2859/1/4 2860/1/4 2869/1/4
f 2868/5/4 2859/5/4 2869/5/4
f 2860/5/4 2861/5/4 2870/5/4
f 2869/1/4 2860/1/4 2870/1/4
f 2861/5/4 2862/5/4 2870/5/4
f 2870/5/4 2862/5/4 2871/5/4
f 2862/1/4 2863/1/4 2872/1/4
f 2871/5/4 2862/5/4 2872/5/4
f 2864/5/4 2865/5/4 2873/5/4
f 2872/1/4 2863/1/4 2873/1/4
f 2863/5/4 2864/5/4 2873/5/4
f 2873/5/4 2865/5/4 2874/5/4
f 2865/1/4 2866/1/4 2875/1/4
f 2874/5/4 2865/5/4 2875/5/4
f 2866/5/4 2410/5/4 2876/5/4
f 2875/1/4 2866/1/4 2876/1/4
f 2867/1/4 2868/1/4 2877/1/4
f 2408/5/4 2867/5/4 2877/5/4
f 2868/5/4 2869/5/4 2878/5/4
f 2877/1/4 2868/1/4 2878/1/4
f 2869/5/4 2870/5/4 2878/5/4
f 2878/5/4 2870/5/4 2879/5/4
f 2870/1/4 2871/1/4 2880/1/4
f 2879/5/4 2870/5/4 2880/5/4
f 2871/5/4 2872/5/4 2881/5/4
f 2880/1/4 2871/1/4 2881/1/4
f 2872/5/4 2873/5/4 2881/5/4
f 2881/5/4 2873/5/4 2882/5/4
f 2873/1/4 2874/1/4 2883/1/4
f 2882/5/4 2873/5/4 2883/5/4
f 2874/5/4 2875/5/4 2884/5/4
f 2883/1/4 2874/1/4 2884/1/4
f 2875/5/4 2876/5/4 2884/5/4
f 2884/5/4 2876/5/4 2885/5/4
f 2877/5/4 2878/5/4 2886/5/4
f 2878/1/4 2879/1/4 2886/1/4
f 2879/5/4 2880/5/4 2887/5/4
f 2886/1/4 2879/1/4 2887/1/4
f 2880/5/4 2881/5/4 2887/5/4
f 2887/5/4 2881/5/4 2888/5/4
f 2881/1/4 2882/1/4 2889/1/4
f 2888/5/4 2881/5/4 2889/5/4
f 2882/5/4 2883/5/4 2890/5/4
f 2889/1/4 2882/1/4 2890/1/4
f 2883/5/4 2884/5/4 2890/5/4
f 2890/5/4 2884/5/4 2891/5/4
f 2884/1/4 2885/1/4 2892/1/4
f 2891/5/4 2884/5/4 2892/5/4
f 2885/5/4 2876/5/4 2893/5/4
f 2892/1/4 2885/1/4 2893/1/4
f 2876/5/4 2410/5/4 2894/5/4
f 2893/5/4 2876/5/4 2894/5/4
f 2408/5/4 2877/5/4 2895/5/4
f 2877/5/4 2886/5/4 2895/5/4
f 2886/5/4 2887/5/4 2895/5/4
f 2895/5/4 2887/5/4 2896/5/4
f 2887/1/4 2888/1/4 2897/1/4
f 2896/5/4 2887/5/4 2897/5/4
f 2888/5/4 2889/5/4 2898/5/4
f 2897/1/4 2888/1/4 2898/1/4
f 2889/5/4 2890/5/4 2898/5/4
f 2898/5/4 2890/5/4 2899/5/4
f 2890/1/4 2891/1/4 2900/1/4
f 2899/5/4 2890/5/4 2900/5/4
f 2892/5/4 2893/5/4 2901/5/4
f 2900/1/4 2891/1/4 2901/1/4
f 2891/5/4 2892/5/4 2901/5/4
f 2901/5/4 2893/5/4 2902/5/4
f 2893/1/4 2894/1/4 2903/1/4
f 2902/5/4 2893/5/4 2903/5/4
f 2894/5/4 2410/5/4 2904/5/4
f 2903/1/4 2894/1/4 2904/1/4
f 2895/1/4 2896/1/4 2905/1/4
f 2408/5/4 2895/5/4 2905/5/4
f 2896/5/4 2897/5/4 2906/5/4
f 2905/1/4 2896/1/4 2906/1/4
f 2897/5/4 2898/5/4 2906/5/4
f 2906/5/4 2898/5/4 2907/5/4
f 2898/1/4 2899/1/4 2908/1/4
f 2907/5/4 2898/5/4 2908/5/4
f 2899/5/4 2900/5/4 2909/5/4
f 2908/1/4 2899/1/4 2909/1/4
f 2900/5/4 2901/5/4 2909/5/4
f 2909/5/4 2901/5/4 2910/5/4
f 2901/1/4 2902/1/4 2911/1/4
f 2910/5/4 2901/5/4 2911/5/4
f 2902/5/4 2903/5/4 2912/5/4
f 2911/1/4 2902/1/4 2912/1/4
f 2903/5/4 2904/5/4 2912/5/4
f 2912/5/4 2904/5/4 2913/5/4
f 2905/5/4 2906/5/4 2914/5/4
f 2906/1/4 2907/1/4 2914/1/4
f 2907/5/4 2908/5/4 2915/5/4
f 2914/1/4 2907/1/4 2915/1/4
f 2908/5/4 2909/5/4 2915/5/4
f 2915/5/4 2909/5/4 2916/5/4
f 2909/1/4 2910/1/4 2917/1/4
f 2916/5/4 2909/5/4 2917/5/4
f 2910/5/4 2911/5/4 2918/5/4
f 2917/1/4 2910/1/4 2918/1/4
f 2911/5/4 2912/5/4 2918/5/4
f 2918/5/4 2912/5/4 2919/5/4
f 2912/1/4 2913/1/4 2920/1/4
f 2919/5/4 2912/5/4 2920/5/4
f 2913/5/4 2904/5/4 2921/5/4
f 2920/1/4 2913/1/4 2921/1/4
f 2904/5/4 2410/5/4 2922/5/4
f 2921/5/4 2904/5/4 2922/5/4
f 2408/5/4 2905/5/4 2923/5/4
f 2905/5/4 2914/5/4 2923/5/4
f 2914/5/4 2915/5/4 2923/5/4
f 2923/5/4 2915/5/4 2924/5/4
f 2915/1/4 2916/1/4 2925/1/4
f 2924/5/4 2915/5/4 2925/5/4
f 2916/5/4 2917/5/4 2926/5/4
f 2925/1/4 2916/1/4 2926/1/4
f 2917/5/4 2918/5/4 2926/5/4
f 2926/5/4 2918/5/4 2927/5/4
f 2918/1/4 2919/1/4 2928/1/4
f 2927/5/4 2918/5/4 2928/5/4
f 2920/5/4 2921/5/4 2929/5/4
f 2928/1/4 2919/1/4 2929/1/4
f 2919/5/4 2920/5/4 2929/5/4
f 2929/5/4 2921/5/4 2930/5/4
f 2921/1/4 2922/1/4 2931/1/4
f 2930/5/4 2921/5/4 2931/5/4
f 2922/5/4 2410/5/4 2932/5/4
f 2931/1/4 2922/1/4 2932/1/4
f 2923/1/4 2924/1/4 2933/1/4
f 2408/5/4 2923/5/4 2933/5/4
f 2924/5/4 2925/5/4 2934/5/4
f 2933/1/4 2924/1/4 2934/1/4
f 2925/5/4 2926/5/4 2934/5/4
f 2934/5/4 2926/5/4 2935/5/4
f 2926/1/4 2927/1/4 2936/1/4
f 2935/5/4 2926/5/4 2936/5/4
f 2927/5/4 2928/5/4 2937/5/4
f 2936/1/4 2927/1/4 2937/1/4
f 2928/5/4 2929/5/4 2937/5/4
f 2937/5/4 2929/5/4 2938/5/4
f 2929/1/4 2930/1/4 2939/1/4
f 2938/5/4 2929/5/4 2939/5/4
f 2930/5/4 2931/5/4 2940/5/4
f 2939/1/4 2930/1/4 2940/1/4
f 2931/5/4 2932/5/4 2940/5/4
f 2940/5/4 2932/5/4 2941/5/4
f 2933/5/4 2934/5/4 2942/5/4
f 2934/1/4 2935/1/4 2942/1/4
f 2935/5/4 2936/5/4 2943/5/4
f 2942/1/4 2935/1/4 2943/1/4
f 2936/5/4 2937/5/4 2943/5/4
f 2943/5/4 2937/5/4 2944/5/4
f 2937/1/4 2938/1/4 2945/1/4
f 2944/5/4 2937/5/4 2945/5/4
f 2938/5/4 2939/5/4 2946/5/4
f 2945/1/4 2938/1/4 2946/1/4
f 2939/5/4 2940/5/4 2946/5/4
f 2946/5/4 2940/5/4 2947/5/4
f 2940/1/4 2941/1/4 2948/1/4
f 2947/5/4 2940/5/4 2948/5/4
f 2941/5/4 2932/5/4 2949/5/4
f 2948/1/4 2941/1/4 2949/1/4
f 2932/5/4 2410/5/4 2950/5/4
f 2949/5/4 2932/5/4 2950/5/4
f 2408/5/4 2933/5/4 2951/5/4
f 2933/5/4 2942/5/4 2951/5/4
f 2942/5/4 2943/5/4 2951/5/4
f 2951/5/4 2943/5/4 2952/5/4
f 2943/1/4 2944/1/4 2953/1/4
f 2952/5/4 2943/5/4 2953/5/4
f 2944/5/4 2945/5/4 2954/5/4
f 2953/1/4 2944/1/4 2954/1/4
f 2945/5/4 2946/5/4 2954/5/4
f 2954/5/4 2946/5/4 2955/5/4
f 2946/1/4 2947/1/4 2956/1/4
f 2955/5/4 2946/5/4 2956/5/4
f 2948/5/4 2949/5/4 2957/5/4
f 2956/1/4 2947/1/4 2957/1/4
f 2947/5/4 2948/5/4 2957/5/4
f 2957/5/4 2949/5/4 2958/5/4
f 2949/1/4 2950/1/4 2959/1/4
f 2958/5/4 2949/5/4 2959/5/4
f 2950/5/4 2410/5/4 2960/5/4
f 2959/1/4 2950/1/4 2960/1/4
f 2951/1/4 2952/1/4 2961/1/4
f 2408/5/4 2951/5/4 2961/5/4
f 2952/5/4 2953/5/4 2962/5/4
f 2961/1/4 2952/1/4 2962/1/4
f 2953/5/4 2954/5/4 2962/5/4
f 2962/5/4 2954/5/4 2963/5/4
f 2954/1/4 2955/1/4 2964/1/4
f 2963/5/4 2954/5/4 2964/5/4
f 2955/5/4 2956/5/4 2965/5/4
f 2964/1/4 2955/1/4 2965/1/4
f 2956/5/4 2957/5/4 2965/5/4
f 2965/5/4 2957/5/4 2966/5/4
f 2957/1/4 2958/1/4 2967/1/4
f 2966/5/4 2957/5/4 2967/5/4
f 2958/5/4 2959/5/4 2968/5/4
f 2967/1/4 2958/1/4 2968/1/4
f 2959/5/4 2960/5/4 2968/5/4
f 2968/5/4 2960/5/4 2969/5/4
f 2961/5/4 2962/5/4 2970/5/4
f 2962/1/4 2963/1/4 2970/1/4
f 2963/5/4 2964/5/4 2971/5/4
f 2970/1/4 2963/1/4 2971/1/4
f 2964/5/4 2965/5/4 2971/5/4
f 2971/5/4 2965/5/4 2972/5/4
f 2965/1/4 2966/1/4 2973/1/4
f 2972/5/4 2965/5/4 2973/5/4
f 2966/5/4 2967/5/4 2974/5/4
f 2973/1/4 2966/1/4 2974/1/4
f 2967/5/4 2968/5/4 2974/5/4
f 2974/5/4 2968/5/4 2975/5/4
f 2968/1/4 2969/1/4 2976/1/4
f 2975/5/4 2968/5/4 2976/5/4
f 2969/5/4 2960/5/4 2977/5/4
f 2976/1/4 2969/1/4 2977/1/4
f 2960/5/4 2410/5/4 2978/5/4
f 2977/5/4 2960/5/4 2978/5/4
f 2408/5/4 2961/5/4 2979/5/4
f 2961/5/4 2970/5/4 2979/5/4
f 2970/5/4 2971/5/4 2979/5/4
f 2979/5/4 2971/5/4 2980/5/4
f 2971/1/4 2972/1/4 2981/1/4
f 2980/5/4 2971/5/4 2981/5/4
f 2972/5/4 2973/5/4 2982/5/4
f 2981/1/4 2972/1/4 2982/1/4
f 2973/5/4 2974/5/4 2982/5/4
f 2982/5/4 2974/5/4 2983/5/4
f 2974/1/4 2975/1/4 2984/1/4
f 2983/5/4 2974/5/4 2984/5/4
f 2976/5/4 2977/5/4 2985/5/4
f 2984/1/4 2975/1/4 2985/1/4
f 2975/5/4 2976/5/4 2985/5/4
f 2985/5/4 2977/5/4 2986/5/4
f 2977/1/4 2978/1/4 2987/1/4
f 2986/5/4 2977/5/4 2987/5/4
f 2978/5/4 2410/5/4 2988/5/4
f 2987/1/4 2978/1/4 2988/1/4
f 2979/1/4 2980/1/4 2989/1/4
f 2408/5/4 2979/5/4 2989/5/4
f 2980/5/4 2981/5/4 2990/5/4
f 2989/1/4 2980/1/4 2990/1/4
f 2981/5/4 2982/5/4 2990/5/4
f 2990/5/4 2982/5/4 2991/5/4
f 2982/1/4 2983/1/4 2992/1/4
f 2991/5/4 2982/5/4 2992/5/4
f 2983/5/4 2984/5/4 2993/5/4
f 2992/1/4 2983/1/4 2993/1/4
f 2984/5/4 2985/5/4 2993/5/4
f 2993/5/4 2985/5/4 2994/5/4
f 2985/1/4 2986/1/4 2995/1/4
f 2994/5/4 2985/5/4 2995/5/4
f 2986/5/4 2987/5/4 2996/5/4
f 2995/1/4 2986/1/4 2996/1/4
f 2987/5/4 2988/5/4 2996/5/4
f 2996/5/4 2988/5/4 2997/5/4
f 2989/5/4 2990/5/4 2998/5/4
f 2990/1/4 2991/1/4 2998/1/4
f 2991/5/4 2992/5/4 2999/5/4
f 2998/1/4 2991/1/4 2999/1/4
f 2992/5/4 2993/5/4 2999/5/4
f 2999/5/4 2993/5/4 3000/5/4
f 2993/1/4 2994/1/4 3001/1/4
f 3000/5/4 2993/5/4 3001/5/4
f 2994/5/4 2995/5/4 3002/5/4
f 3001/1/4 2994/1/4 3002/1/4
f 2995/5/4 2996/5/4 3002/5/4
f 3002/5/4 2996/5/4 3003/5/4
f 2996/1/4 2997/1/4 3004/1/4
f 3003/5/4 2996/5/4 3004/5/4
f 2997/5/4 2988/5/4 3005/5/4
f 3004/1/4 2997/1/4 3005/1/4
f 2988/5/4 2410/5/4 3006/5/4
f 3005/5/4 2988/5/4 3006/5/4
f 2408/5/4 2989/5/4 3007/5/4
f 2989/5/4 2998/5/4 3007/5/4
f 2998/5/4 2999/5/4 3007/5/4
f 3007/5/4 2999/5/4 3008/5/4
f 2999/1/4 3000/1/4 3009/1/4
f 3008/5/4 2999/5/4 3009/5/4
f 3000/5/4 3001/5/4 3010/5/4
f 3009/1/4 3000/1/4 3010/1/4
f 3001/5/4 3002/5/4 3010/5/4
f 3010/5/4 3002/5/4 3011/5/4
f 3002/1/4 3003/1/4 3012/1/4
f 3011/5/4 3002/5/4 3012/5/4
f 3004/5/4 3005/5/4 3013/5/4
f 3012/1/4 3003/1/4 3013/1/4
f 3003/5/4 3004/5/4 3013/5/4
f 3013/5/4 3005/5/4 3014/5/4
f 3005/1/4 3006/1/4 3015/1/4
f 3014/5/4 3005/5/4 3015/5/4
f 3006/5/4 2410/5/4 3016/5/4
f 3015/1/4 3006/1/4 3016/1/4
f 3007/1/4 3008/1/4 3017/1/4
f 2408/5/4 3007/5/4 3017/5/4
f 3008/5/4 3009/5/4 3018/5/4
f 3017/1/4 3008/1/4 3018/1/4
f 3009/5/4 3010/5/4 3018/5/4
f 3018/5/4 3010/5/4 3019/5/4
f 3010/1/4 3011/1/4 3020/1/4
f 3019/5/4 3010/5/4 3020/5/4
f 3011/5/4 3012/5/4 3021/5/4
f 3020/1/4 3011/1/4 3021/1/4
f 3012/5/4 3013/5/4 3021/5/4
f 3021/5/4 3013/5/4 3022/5/4
f 3013/1/4 3014/1/4 3023/1/4
f 3022/5/4 3013/5/4 3023/5/4
f 3014/5/4 3015/5/4 3024/5/4
f 3023/1/4 3014/1/4 3024/1/4
f 3015/5/4 3016/5/4 3024/5/4
f 3024/5/4 3016/5/4 3025/5/4
f 3017/5/4 3018/5/4 3026/5/4
f 3018/1/4 3019/1/4 3026/1/4
f 3019/5/4 3020/5/4 3027/5/4
f 3026/1/4 3019/1/4 3027/1/4
f 3020/5/4 3021/5/4 3027/5/4
f 3027/5/4 3021/5/4 3028/5/4
f 3021/1/4 3022/1/4 3029/1/4
f 3028/5/4 3021/5/4 3029/5/4
f 3022/5/4 3023/5/4 3030/5/4
f 3029/1/4 3022/1/4 3030/1/4
f 3023/5/4 3024/5/4 3030/5/4
f 3030/5/4 3024/5/4 3031/5/4
f 3024/1/4 3025/1/4 3032/1/4
f 3031/5/4 3024/5/4 3032/5/4
f 3025/5/4 3016/5/4 3033/5/4
f 3032/1/4 3025/1/4 3033/1/4
f 3016/5/4 2410/5/4 3034/5/4
f 3033/5/4 3016/5/4 3034/5/4
f 2408/5/4 3017/5/4 3035/5/4
f 3017/5/4 3026/5/4 3035/5/4
f 3026/5/4 3027/5/4 3035/5/4
f 3035/5/4 3027/5/4 3036/5/4
f 3027/1/4 3028/1/4 3037/1/4
f 3036/5/4 3027/5/4 3037/5/4
f 3028/5/4 3029/5/4 3038/5/4
f 3037/1/4 3028/1/4 3038/1/4
f 3029/5/4 3030/5/4 3038/5/4
f 3038/5/4 3030/5/4 3039/5/4
f 3030/1/4 3031/1/4 3040/1/4
f 3039/5/4 3030/5/4 3040/5/4
f 3032/5/4 3033/5/4 3041/5/4
f 3040/1/4 3031/1/4 3041/1/4
f 3031/5/4 3032/5/4 3041/5/4
f 3041/5/4 3033/5/4 3042/5/4
f 3033/1/4 3034/1/4 3043/1/4
f 3042/5/4 3033/5/4 3043/5/4
f 3034/5/4 2410/5/4 3044/5/4
f 3043/1/4 3034/1/4 3044/1/4
f 3035/1/4 3036/1/4 3045/1/4
f 2408/5/4 3035/5/4 3045/5/4
f 3036/5/4 3037/5/4 3046/5/4
f 3045/1/4 3036/1/4 3046/1/4
f 3037/5/4 3038/5/4 3046/5/4
f 3046/5/4 3038/5/4 3047/5/4
f 3038/1/4 3039/1/4 3048/1/4
f 3047/5/4 3038/5/4 3048/5/4
f 3039/5/4 3040/5/4 3049/5/4
f 3048/1/4 3039/1/4 3049/1/4
f 3040/5/4 3041/5/4 3049/5/4
f 3049/5/4 3041/5/4 3050/5/4
f 3041/1/4 3042/1/4 3051/1/4
f 3050/5/4 3041/5/4 3051/5/4
f 3042/5/4 3043/5/4 3052/5/4
f 3051/1/4 3042/1/4 3052/1/4
f 3043/5/4 3044/5/4 3052/5/4
f 3052/5/4 3044/5/4 3053/5/4
f 3045/5/4 3046/5/4 3054/5/4
f 3046/1/4 3047/1/4 3054/1/4
f 3047/5/4 3048/5/4 3055/5/4
f 3054/1/4 3047/1/4 3055/1/4
f 3048/5/4 3049/5/4 3055/5/4
f 3055/5/4 3049/5/4 3056/5/4
f 3049/1/4 3050/1/4 3057/1/4
f 3056/5/4 3049/5/4 3057/5/4
f 3050/5/4 3051/5/4 3058/5/4
f 3057/1/4 3050/1/4 3058/1/4
f 3051/5/4 3052/5/4 3058/5/4
f 3058/5/4 3052/5/4 3059/5/4
f 3052/1/4 3053/1/4 3060/1/4
f 3059/5/4 3052/5/4 3060/5/4
f 3053/5/4 3044/5/4 3061/5/4
f 3060/1/4 3053/1/4 3061/1/4
f 3044/5/4 2410/5/4 3062/5/4
f 3061/5/4 3044/5/4 3062/5/4
f 2408/5/4 3045/5/4 3063/5/4
f 3045/5/4 3054/5/4 3063/5/4
f 3054/5/4 3055/5/4 3063/5/4
f 3063/5/4 3055/5/4 3064/5/4
f 3055/1/4 3056/1/4 3065/1/4
f 3064/5/4 3055/5/4 3065/5/4
f 3056/5/4 3057/5/4 3066/5/4
f 3065/1/4 3056/1/4 3066/1/4
f 3057/5/4 3058/5/4 3066/5/4
f 3066/5/4 3058/5/4 3067/5/4
f 3058/1/4 3059/1/4 3068/1/4
f 3067/5/4 3058/5/4 3068/5/4
f 3060/5/4 3061/5/4 3069/5/4
f 3068/1/4 3059/1/4 3069/1/4
f 3059/5/4 3060/5/4 3069/5/4
f 3069/5/4 3061/5/4 3070/5/4
f 3061/1/4 3062/1/4 3071/1/4
f 3070/5/4 3061/5/4 3071/5/4
f 3062/5/4 2410/5/4 3072/5/4
f 3071/1/4 3062/1/4 3072/1/4
f 3063/1/4 3064/1/4 3073/1/4
f 2408/5/4 3063/5/4 3073/5/4
f 3064/5/4 3065/5/4 3074/5/4
f 3073/1/4 3064/1/4 3074/1/4
f 3065/5/4 3066/5/4 3074/5/4
f 3074/5/4 3066/5/4 3075/5/4
f 3066/1/4 3067/1/4 3076/1/4
f 3075/5/4 3066/5/4 3076/5/4
f 3067/5/4 3068/5/4 3077/5/4
f 3076/1/4 3067/1/4 3077/1/4
f 3068/5/4 3069/5/4 3077/5/4
f 3077/5/4 3069/5/4 3078/5/4
f 3069/1/4 3070/1/4 3079/1/4
f 3078/5/4 3069/5/4 3079/5/4
f 3070/5/4 3071/5/4 3080/5/4
f 3079/1/4 3070/1/4 3080/1/4
f 3071/5/4 3072/5/4 3080/5/4
f 3080/5/4 3072/5/4 3081/5/4
f 3073/5/4 3074/5/4 3082/5/4
f 3074/1/4 3075/1/4 3082/1/4
f 3075/5/4 3076/5/4 3083/5/4
f 3082/1/4 3075/1/4 3083/1/4
f 3076/5/4 3077/5/4 3083/5/4
f 3083/5/4 3077/5/4 3084/5/4
f 3077/1/4 3078/1/4 3085/1/4
f 3084/5/4 3077/5/4 3085/5/4
f 3078/5/4 3079/5/4 3086/5/4
f 3085/1/4 3078/1/4 3086/1/4
f 3079/5/4 3080/5/4 3086/5/4
f 3086/5/4 3080/5/4 3087/5/4
f 3080/1/4 3081/1/4 3088/1/4
f 3087/5/4 3080/5/4 3088/5/4
f 3081/5/4 3072/5/4 3089/5/4
f 3088/1/4 3081/1/4 3089/1/4
f 3072/5/4 2410/5/4 3090/5/4
f 3089/5/4 3072/5/4 3090/5/4
f 2408/5/4 3073/5/4 3091/5/4
f 3073/5/4 3082/5/4 3091/5/4
f 3082/5/4 3083/5/4 3091/5/4
f 3091/5/4 3083/5/4 3092/5/4
f 3083/1/4 3084/1/4 3093/1/4
f 3092/5/4 3083/5/4 3093/5/4
f 3084/5/4 3085/5/4 3094/5/4
f 3093/1/4 3084/1/4 3094/1/4
f 3085/5/4 3086/5/4 3094/5/4
f 3094/5/4 3086/5/4 3095/5/4
f 3086/1/4 3087/1/4 3096/1/4
f 3095/5/4 3086/5/4 3096/5/4
f 3088/5/4 3089/5/4 3097/5/4
f 3096/1/4 3087/1/4 3097/1/4
f 3087/5/4 3088/5/4 3097/5/4
f 3097/5/4 3089/5/4 3098/5/4
f 3089/1/4 3090/1/4 3099/1/4
f 3098/5/4 3089/5/4 3099/5/4
f 3090/5/4 2410/5/4 3100/5/4
f 3099/1/4 3090/1/4 3100/1/4
f 3091/1/4 3092/1/4 3101/1/4
f 2408/5/4 3091/5/4 3101/5/4
f 3092/5/4 3093/5/4 3102/5/4
f 3101/1/4 3092/1/4 3102/1/4
f 3093/5/4 3094/5/4 3102/5/4
f 3102/5/4 3094/5/4 3103/5/4
f 3094/1/4 3095/1/4 3104/1/4
f 3103/5/4 3094/5/4 3104/5/4
f 3095/5/4 3096/5/4 3105/5/4
f 3104/1/4 3095/1/4 3105/1/4
f 3096/5/4 3097/5/4 3105/5/4
f 3105/5/4 3097/5/4 3106/5/4
f 3097/1/4 3098/1/4 3107/1/4
f 3106/5/4 3097/5/4 3107/5/4
f 3098/5/4 3099/5/4 3108/5/4
f 3107/1/4 3098/1/4 3108/1/4
f 3099/5/4 3100/5/4 3108/5/4
f 3108/5/4 3100/5/4 3109/5/4
f 3101/5/4 3102/5/4 3110/5/4
f 3102/1/4 3103/1/4 3110/1/4
f 3103/5/4 3104/5/4 3111/5/4
f 3110/1/4 3103/1/4 3111/1/4
f 3104/5/4 3105/5/4 3111/5/4
f 3111/5/4 3105/5/4 3112/5/4
f 3105/1/4 3106/1/4 3113/1/4
f 3112/5/4 3105/5/4 3113/5/4
f 3106/5/4 3107/5/4 3114/5/4
f 3113/1/4 3106/1/4 3114/1/4
f 3107/5/4 3108/5/4 3114/5/4
f 3114/5/4 3108/5/4 3115/5/4
f 3108/1/4 3109/1/4 3116/1/4
f 3115/5/4 3108/5/4 3116/5/4
f 3109/5/4 3100/5/4 3117/5/4
f 3116/1/4 3109/1/4 3117/1/4
f 3100/5/4 2410/5/4 3118/5/4
f 3117/5/4 3100/5/4 3118/5/4
f 2408/5/4 3101/5/4 3119/5/4
f 3101/5/4 3110/5/4 3119/5/4
f 3110/5/4 3111/5/4 3119/5/4
f 3119/5/4 3111/5/4 3120/5/4
f 3111/1/4 3112/1/4 3121/1/4
f 3120/5/4 3111/5/4 3121/5/4
f 3112/5/4 3113/5/4 3122/5/4
f 3121/1/4 3112/1/4 3122/1/4
f 3113/5/4 3114/5/4 3122/5/4
f 3122/5/4 3114/5/4 3123/5/4
f 3114/1/4 3115/1/4 3124/1/4
f 3123/5/4 3114/5/4 3124/5/4
f 3116/5/4 3117/5/4 3125/5/4
f 3124/1/4 3115/1/4 3125/1/4
f 3115/5/4 3116/5/4 3125/5/4
f 3125/5/4 3117/5/4 3126/5/4
f 3117/1/4 3118/1/4 3127/1/4
f 3126/5/4 3117/5/4 3127/5/4
f 3118/5/4 2410/5/4 3128/5/4
f 3127/1/4 3118/1/4 3128/1/4
f 3119/1/4 3120/1/4 3129/1/4
f 2408/5/4 3119/5/4 3129/5/4
f 3120/5/4 3121/5/4 3130/5/4
f 3129/1/4 3120/1/4 3130/1/4
f 3121/5/4 3122/5/4 3130/5/4
f 3130/5/4 3122/5/4 3131/5/4
f 3122/1/4 3123/1/4 3132/1/4
f 3131/5/4 3122/5/4 3132/5/4
f 3123/5/4 3124/5/4 3133/5/4
f 3132/1/4 3123/1/4 3133/1/4
f 3124/5/4 3125/5/4 3133/5/4
f 3133/5/4 3125/5/4 3134/5/4
f 3125/1/4 3126/1/4 3135/1/4
f 3134/5/4 3125/5/4 3135/5/4
f 3126/5/4 3127/5/4 3136/5/4
f 3135/1/4 3126/1/4 3136/1/4
f 3127/5/4 3128/5/4 3136/5/4
f 3136/5/4 3128/5/4 3137/5/4
f 3129/5/4 3130/5/4 3138/5/4
f 3130/1/4 3131/1/4 3138/1/4
f 3131/5/4 3132/5/4 3139/5/4
f 3138/1/4 3131/1/4 3139/1/4
f 3132/5/4 3133/5/4 3139/5/4
f 3139/5/4 3133/5/4 3140/5/4
f 3133/1/4 3134/1/4 3141/1/4
f 3140/5/4 3133/5/4 3141/5/4
f 3134/5/4 3135/5/4 3142/5/4
f 3141/1/4 3134/1/4 3142/1/4
f 3135/5/4 3136/5/4 3142/5/4
f 3142/5/4 3136/5/4 3143/5/4
f 3136/1/4 3137/1/4 3144/1/4
f 3143/5/4 3136/5/4 3144/5/4
f 3137/5/4 3128/5/4 3145/5/4
f 3144/1/4 3137/1/4 3145/1/4
f 3128/5/4 2410/5/4 3146/5/4
f 3145/5/4 3128/5/4 3146/5/4
f 2408/5/4 3129/5/4 3147/5/4
f 3129/5/4 3138/5/4 3147/5/4
f 3138/5/4 3139/5/4 3147/5/4
f 3147/5/4 3139/5/4 3148/5/4
f 3139/1/4 3140/1/4 3149/1/4
f 3148/5/4 3139/5/4 3149/5/4
f 3140/5/4 3141/5/4 3150/5/4
f 3149/1/4 3140/1/4 3150/1/4
f 3141/5/4 3142/5/4 3150/5/4
f 3150/5/4 3142/5/4 3151/5/4
f 3142/1/4 3143/1/4 3152/1/4
f 3151/5/4 3142/5/4 3152/5/4
f 3144/5/4 3145/5/4 3153/5/4
f 3152/1/4 3143/1/4 3153/1/4
f 3143/5/4 3144/5/4 3153/5/4
f 3153/5/4 3145/5/4 3154/5/4
f 3145/1/4 3146/1/4 3155/1/4
f 3154/5/4 3145/5/4 3155/5/4
f 3146/5/4 2410/5/4 3156/5/4
f 3155/1/4 3146/1/4 3156/1/4
f 2669/2/4 2670/2/4 3157/2/4
f 2667/4/4 2668/4/4 3157/4/4
f 2668/2/4 2669/2/4 3157/2/4
f 3157/2/4 2670/2/4 3158/2/4
f 3147/1/4 3148/1/4 3159/1/4
f 2408/5/4 3147/5/4 3159/5/4
f 3148/5/4 3149/5/4 3160/5/4
f 3159/1/4 3148/1/4 3160/1/4
f 3149/5/4 3150/5/4 3160/5/4
f 3160/5/4 3150/5/4 3161/5/4
f 3150/1/4 3151/1/4 3162/1/4
f 3161/5/4 3150/5/4 3162/5/4
f 3151/5/4 3152/5/4 3163/5/4
f 3162/1/4 3151/1/4 3163/1/4
f 3152/5/4 3153/5/4 3163/5/4
f 3163/5/4 3153/5/4 3164/5/4
f 3153/1/4 3154/1/4 3165/1/4
f 3164/5/4 3153/5/4 3165/5/4
f 3154/5/4 3155/5/4 3166/5/4
f 3165/1/4 3154/1/4 3166/1/4
f 3155/5/4 3156/5/4 3166/5/4
f 3166/5/4 3156/5/4 3167/5/4
f 2667/4/4 3157/4/4 3168/4/4
f 2666/2/4 2667/2/4 3168/2/4
f 3157/4/4 3158/4/4 3168/4/4
f 3168/4/4 3158/4/4 3169/4/4
f 3160/1/4 3161/1/4 3170/1/4
f 3159/5/4 3160/5/4 3170/5/4
f 3161/5/4 3162/5/4 3171/5/4
f 3170/1/4 3161/1/4 3171/1/4
f 3162/5/4 3163/5/4 3171/5/4
f 3171/5/4 3163/5/4 3172/5/4
f 3163/1/4 3164/1/4 3173/1/4
f 3172/5/4 3163/5/4 3173/5/4
f 3164/5/4 3165/5/4 3174/5/4
f 3173/1/4 3164/1/4 3174/1/4
f 3165/5/4 3166/5/4 3174/5/4
f 3174/5/4 3166/5/4 3175/5/4
f 3166/1/4 3167/1/4 3176/1/4
f 3175/5/4 3166/5/4 3176/5/4
f 3167/5/4 3156/5/4 3177/5/4
f 3176/1/4 3167/1/4 3177/1/4
f 3156/5/4 2410/5/4 3178/5/4
f 3177/5/4 3156/5/4 3178/5/4
f 2408/5/4 3159/5/4 3179/5/4
f 3159/5/4 3170/5/4 3179/5/4
f 3170/5/4 3171/5/4 3179/5/4
f 3179/5/4 3171/5/4 3180/5/4
f 3171/1/4 3172/1/4 3181/1/4
f 3180/5/4 3171/5/4 3181/5/4
f 3172/5/4 3173/5/4 3182/5/4
f 3181/1/4 3172/1/4 3182/1/4
f 3173/5/4 3174/5/4 3182/5/4
f 3182/5/4 3174/5/4 3183/5/4
f 3174/1/4 3175/1/4 3184/1/4
f 3183/5/4 3174/5/4 3184/5/4
f 3176/5/4 3177/5/4 3185/5/4
f 3184/1/4 3175/1/4 3185/1/4
f 3175/5/4 3176/5/4 3185/5/4
f 3185/5/4 3177/5/4 3186/5/4
f 3177/1/4 3178/1/4 3187/1/4
f 3186/5/4 3177/5/4 3187/5/4
f 3178/5/4 2410/5/4 3188/5/4
f 3187/1/4 3178/1/4 3188/1/4
f 3179/1/4 3180/1/4 3189/1/4
f 2408/5/4 3179/5/4 3189/5/4
f 3180/5/4 3181/5/4 3190/5/4
f 3189/1/4 3180/1/4 3190/1/4
f 3181/5/4 3182/5/4 3190/5/4
f 3190/5/4 3182/5/4 3191/5/4
f 3182/1/4 3183/1/4 3192/1/4
f 3191/5/4 3182/5/4 3192/5/4
f 3183/5/4 3184/5/4 3193/5/4
f 3192/1/4 3183/1/4 3193/1/4
f 3184/5/4 3185/5/4 3193/5/4
f 3193/5/4 3185/5/4 3194/5/4
f 3185/1/4 3186/1/4 3195/1/4
f 3194/5/4 3185/5/4 3195/5/4
f 3186/5/4 3187/5/4 3196/5/4
f 3195/1/4 3186/1/4 3196/1/4
f 3187/5/4 3188/5/4 3196/5/4
f 3196/5/4 3188/5/4 3197/5/4
f 3189/5/4 3190/5/4 3198/5/4
f 3190/1/4 3191/1/4 3198/1/4
f 3191/5/4 3192/5/4 3199/5/4
f 3198/1/4 3191/1/4 3199/1/4
f 3192/5/4 3193/5/4 3199/5/4
f 3199/5/4 3193/5/4 3200/5/4
f 3193/1/4 3194/1/4 3201/1/4
f 3200/5/4 3193/5/4 3201/5/4
f 3194/5/4 3195/5/4 3202/5/4
f 3201/1/4 3194/1/4 3202/1/4
f 3195/5/4 3196/5/4 3202/5/4
f 3202/5/4 3196/5/4 3203/5/4
f 3196/1/4 3197/1/4 3204/1/4
f 3203/5/4 3196/5/4 3204/5/4
f 3197/5/4 3188/5/4 3205/5/4
f 3204/1/4 3197/1/4 3205/1/4
f 3188/5/4 2410/5/4 3206/5/4
f 3205/5/4 3188/5/4 3206/5/4
f 3189/5/4 3198/5/4 3207/5/4
f 2408/5/4 3189/5/4 3207/5/4
f 3198/5/4 3199/5/4 3207/5/4
f 3207/5/4 3199/5/4 3208/5/4
f 3199/1/4 3200/1/4 3209/1/4
f 3208/5/4 3199/5/4 3209/5/4
f 3200/5/4 3201/5/4 3210/5/4
f 3209/1/4 3200/1/4 3210/1/4
f 3201/5/4 3202/5/4 3210/5/4
f 3210/5/4 3202/5/4 3211/5/4
f 3202/1/4 3203/1/4 3212/1/4
f 3211/5/4 3202/5/4 3212/5/4
f 3204/5/4 3205/5/4 3213/5/4
f 3212/1/4 3203/1/4 3213/1/4
f 3203/5/4 3204/5/4 3213/5/4
f 3213/5/4 3205/5/4 3214/5/4
f 3205/1/4 3206/1/4 3215/1/4
f 3214/5/4 3205/5/4 3215/5/4
f 3206/5/4 2410/5/4 3216/5/4
f 3215/1/4 3206/1/4 3216/1/4
f 3207/1/4 3208/1/4 3217/1/4
f 2408/5/4 3207/5/4 3217/5/4
f 3208/5/4 3209/5/4 3218/5/4
f 3217/1/4 3208/1/4 3218/1/4
f 3209/5/4 3210/5/4 3218/5/4
f 3218/5/4 3210/5/4 3219/5/4
f 3210/1/4 3211/1/4 3220/1/4
f 3219/5/4 3210/5/4 3220/5/4
f 3211/5/4 3212/5/4 3221/5/4
f 3220/1/4 3211/1/4 3221/1/4
f 3212/5/4 3213/5/4 3221/5/4
f 3221/5/4 3213/5/4 3222/5/4
f 3213/1/4 3214/1/4 3223/1/4
f 3222/5/4 3213/5/4 3223/5/4
f 3214/5/4 3215/5/4 3224/5/4
f 3223/1/4 3214/1/4 3224/1/4
f 3215/5/4 3216/5/4 3224/5/4
f 3224/5/4 3216/5/4 3225/5/4
f 3217/5/4 3218/5/4 3226/5/4
f 3218/1/4 3219/1/4 3226/1/4
f 3219/5/4 3220/5/4 3227/5/4
f 3226/1/4 3219/1/4 3227/1/4
f 3220/5/4 3221/5/4 3227/5/4
f 3227/5/4 3221/5/4 3228/5/4
f 3221/1/4 3222/1/4 3229/1/4
f 3228/5/4 3221/5/4 3229/5/4
f 3222/5/4 3223/5/4 3230/5/4
f 3229/1/4 3222/1/4 3230/1/4
f 3223/5/4 3224/5/4 3230/5/4
f 3230/5/4 3224/5/4 3231/5/4
f 3224/1/4 3225/1/4 3232/1/4
f 3231/5/4 3224/5/4 3232/5/4
f 3225/5/4 3216/5/4 3233/5/4
f 3232/1/4 3225/1/4 3233/1/4
f 3216/5/4 2410/5/4 3234/5/4
f 3233/5/4 3216/5/4 3234/5/4
f 2408/5/4 3217/5/4 3235/5/4
f 3217/5/4 3226/5/4 3235/5/4
f 3226/5/4 3227/5/4 3235/5/4
f 3235/5/4 3227/5/4 3236/5/4
f 3227/1/4 3228/1/4 3237/1/4
f 3236/5/4 3227/5/4 3237/5/4
f 3228/5/4 3229/5/4 3238/5/4
f 3237/1/4 3228/1/4 3238/1/4
f 3229/5/4 3230/5/4 3238/5/4
f 3238/5/4 3230/5/4 3239/5/4
f 3230/1/4 3231/1/4 3240/1/4
f 3239/5/4 3230/5/4 3240/5/4
f 3232/5/4 3233/5/4 3241/5/4
f 3240/1/4 3231/1/4 3241/1/4
f 3231/5/4 3232/5/4 3241/5/4
f 3241/5/4 3233/5/4 3242/5/4
f 3233/1/4 3234/1/4 3243/1/4
f 3242/5/4 3233/5/4 3243/5/4
f 3234/5/4 2410/5/4 3244/5/4
f 3243/1/4 3234/1/4 3244/1/4
f 3235/1/4 3236/1/4 3245/1/4
f 2408/5/4 3235/5/4 3245/5/4
f 3236/5/4 3237/5/4 3246/5/4
f 3245/1/4 3236/1/4 3246/1/4
f 3237/5/4 3238/5/4 3246/5/4
f 3246/5/4 3238/5/4 3247/5/4
f 3238/1/4 3239/1/4 3248/1/4
f 3247/5/4 3238/5/4 3248/5/4
f 3239/5/4 3240/5/4 3249/5/4
f 3248/1/4 3239/1/4 3249/1/4
f 3240/5/4 3241/5/4 3249/5/4
f 3249/5/4 3241/5/4 3250/5/4
f 3241/1/4 3242/1/4 3251/1/4
f 3250/5/4 3241/5/4 3251/5/4
f 3242/5/4 3243/5/4 3252/5/4
f 3251/1/4 3242/1/4 3252/1/4
f 3243/5/4 3244/5/4 3252/5/4
f 3252/5/4 3244/5/4 3253/5/4
f 3245/5/4 3246/5/4 3254/5/4
f 3246/1/4 3247/1/4 3254/1/4
f 3247/5/4 3248/5/4 3255/5/4
f 3254/1/4 3247/1/4 3255/1/4
f 3248/5/4 3249/5/4 3255/5/4
f 3255/5/4 3249/5/4 3256/5/4
f 3249/1/4 3250/1/4 3257/1/4
f 3256/5/4 3249/5/4 3257/5/4
f 3250/5/4 3251/5/4 3258/5/4
f 3257/1/4 3250/1/4 3258/1/4
f 3251/5/4 3252/5/4 3258/5/4
f 3258/5/4 3252/5/4 3259/5/4
f 3252/1/4 3253/1/4 3260/1/4
f 3259/5/4 3252/5/4 3260/5/4
f 3253/5/4 3244/5/4 3261/5/4
f 3260/1/4 3253/1/4 3261/1/4
f 3244/5/4 2410/5/4 3262/5/4
f 3261/5/4 3244/5/4 3262/5/4
f 2408/5/4 3245/5/4 3263/5/4
f 3245/5/4 3254/5/4 3263/5/4
f 3254/5/4 3255/5/4 3263/5/4
f 3263/5/4 3255/5/4 3264/5/4
f 3255/1/4 3256/1/4 3265/1/4
f 3264/5/4 3255/5/4 3265/5/4
f 3256/5/4 3257/5/4 3266/5/4
f 3265/1/4 3256/1/4 3266/1/4
f 3257/5/4 3258/5/4 3266/5/4
f 3266/5/4 3258/5/4 3267/5/4
f 3258/1/4 3259/1/4 3268/1/4
f 3267/5/4 3258/5/4 3268/5/4
f 3260/5/4 3261/5/4 3269/5/4
f 3268/1/4 3259/1/4 3269/1/4
f 3259/5/4 3260/5/4 3269/5/4
f 3269/5/4 3261/5/4 3270/5/4
f 3261/1/4 3262/1/4 3271/1/4
f 3270/5/4 3261/5/4 3271/5/4
f 3262/5/4 2410/5/4 3272/5/4
f 3271/1/4 3262/1/4 3272/1/4
f 3263/1/4 3264/1/4 3273/1/4
f 2408/5/4 3263/5/4 3273/5/4
f 3264/5/4 3265/5/4 3274/5/4
f 3273/1/4 3264/1/4 3274/1/4
f 3265/5/4 3266/5/4 3274/5/4
f 3274/5/4 3266/5/4 3275/5/4
f 3266/1/4 3267/1/4 3276/1/4
f 3275/5/4 3266/5/4 3276/5/4
f 3267/5/4 3268/5/4 3277/5/4
f 3276/1/4 3267/1/4 3277/1/4
f 3268/5/4 3269/5/4 3277/5/4
f 3277/5/4 3269/5/4 3278/5/4
f 3269/1/4 3270/1/4 3279/1/4
f 3278/5/4 3269/5/4 3279/5/4
f 3270/5/4 3271/5/4 3280/5/4
f 3279/1/4 3270/1/4 3280/1/4
f 3271/5/4 3272/5/4 3280/5/4
f 3280/5/4 3272/5/4 3281/5/4
f 3273/5/4 3274/5/4 3282/5/4
f 3274/1/4 3275/1/4 3282/1/4
f 3275/5/4 3276/5/4 3283/5/4
f 3282/1/4 3275/1/4 3283/1/4
f 3276/5/4 3277/5/4 3283/5/4
f 3283/5/4 3277/5/4 3284/5/4
f 3277/1/4 3278/1/4 3285/1/4
f 3284/5/4 3277/5/4 3285/5/4
f 3278/5/4 3279/5/4 3286/5/4
f 3285/1/4 3278/1/4 3286/1/4
f 3279/5/4 3280/5/4 3286/5/4
f 3286/5/4 3280/5/4 3287/5/4
f 3280/1/4 3281/1/4 3288/1/4
f 3287/5/4 3280/5/4 3288/5/4
f 3281/5/4 3272/5/4 3289/5/4
f 3288/1/4 3281/1/4 3289/1/4
f 3272/5/4 2410/5/4 3290/5/4
f 3289/5/4 3272/5/4 3290/5/4
f 2408/5/4 3273/5/4 3291/5/4
f 3273/5/4 3282/5/4 3291/5/4
f 3282/5/4 3283/5/4 3291/5/4
f 3291/5/4 3283/5/4 3292/5/4
f 3283/1/4 3284/1/4 3293/1/4
f 3292/5/4 3283/5/4 3293/5/4
f 3284/5/4 3285/5/4 3294/5/4
f 3293/1/4 3284/1/4 3294/1/4
f 3285/5/4 3286/5/4 3294/5/4
f 3294/5/4 3286/5/4 3295/5/4
f 3286/1/4 3287/1/4 3296/1/4
f 3295/5/4 3286/5/4 3296/5/4
f 3288/5/4 3289/5/4 3297/5/4
f 3296/1/4 3287/1/4 3297/1/4
f 3287/5/4 3288/5/4 3297/5/4
f 3297/5/4 3289/5/4 3298/5/4
f 3289/1/4 3290/1/4 3299/1/4
f 3298/5/4 3289/5/4 3299/5/4
f 3290/5/4 2410/5/4 3300/5/4
f 3299/1/4 3290/1/4 3300/1/4
f 3291/1/4 3292/1/4 3301/1/4
f 2408/5/4 3291/5/4 3301/5/4
f 3292/5/4 3293/5/4 3302/5/4
f 3301/1/4 3292/1/4 3302/1/4
f 3293/5/4 3294/5/4 3302/5/4
f 3302/5/4 3294/5/4 3303/5/4
f 3294/1/4 3295/1/4 3304/1/4
f 3303/5/4 3294/5/4 3304/5/4
f 3295/5/4 3296/5/4 3305/5/4
f 3304/1/4 3295/1/4 3305/1/4
f 3296/5/4 3297/5/4 3305/5/4
f 3305/5/4 3297/5/4 3306/5/4
f 3297/1/4 3298/1/4 3307/1/4
f 3306/5/4 3297/5/4 3307/5/4
f 3298/5/4 3299/5/4 3308/5/4
f 3307/1/4 3298/1/4 3308/1/4
f 3299/5/4 3300/5/4 3308/5/4
f 3308/5/4 3300/5/4 3309/5/4
f 3301/5/4 3302/5/4 3310/5/4
f 3302/1/4 3303/1/4 3310/1/4
f 3303/5/4 3304/5/4 3311/5/4
f 3310/1/4 3303/1/4 3311/1/4
f 3304/5/4 3305/5/4 3311/5/4
f 3311/5/4 3305/5/4 3312/5/4
f 3305/1/4 3306/1/4 3313/1/4
f 3312/5/4 3305/5/4 3313/5/4
f 3306/5/4 3307/5/4 3314/5/4
f 3313/1/4 3306/1/4 3314/1/4
f 3307/5/4 3308/5/4 3314/5/4
f 3314/5/4 3308/5/4 3315/5/4
f 3308/1/4 3309/1/4 3316/1/4
f 3315/5/4 3308/5/4 3316/5/4
f 3309/5/4 3300/5/4 3317/5/4
f 3316/1/4 3309/1/4 3317/1/4
f 3300/5/4 2410/5/4 3318/5/4
f 3317/5/4 3300/5/4 3318/5/4
f 2408/5/4 3301/5/4 3319/5/4
f 3301/5/4 3310/5/4 3319/5/4
f 3310/5/4 3311/5/4 3319/5/4
f 3319/5/4 3311/5/4 3320/5/4
f 3311/1/4 3312/1/4 3321/1/4
f 3320/5/4 3311/5/4 3321/5/4
f 3312/5/4 3313/5/4 3322/5/4
f 3321/1/4 3312/1/4 3322/1/4
f 3313/5/4 3314/5/4 3322/5/4
f 3322/5/4 3314/5/4 3323/5/4
f 3314/1/4 3315/1/4 3324/1/4
f 3323/5/4 3314/5/4 3324/5/4
f 3316/5/4 3317/5/4 3325/5/4
f 3324/1/4 3315/1/4 3325/1/4
f 3315/5/4 3316/5/4 3325/5/4
f 3325/5/4 3317/5/4 3326/5/4
f 3317/1/4 3318/1/4 3327/1/4
f 3326/5/4 3317/5/4 3327/5/4
f 3318/5/4 2410/5/4 3328/5/4
f 3327/1/4 3318/1/4 3328/1/4
f 3319/1/4 3320/1/4 3329/1/4
f 2408/5/4 3319/5/4 3329/5/4
f 3320/5/4 3321/5/4 3330/5/4
f 3329/1/4 3320/1/4 3330/1/4
f 3321/5/4 3322/5/4 3330/5/4
f 3330/5/4 3322/5/4 3331/5/4
f 3322/1/4 3323/1/4 3332/1/4
f 3331/5/4 3322/5/4 3332/5/4
f 3323/5/4 3324/5/4 3333/5/4
f 3332/1/4 3323/1/4 3333/1/4
f 3324/5/4 3325/5/4 3333/5/4
f 3333/5/4 3325/5/4 3334/5/4
f 3325/1/4 3326/1/4 3335/1/4
f 3334/5/4 3325/5/4 3335/5/4
f 3326/5/4 3327/5/4 3336/5/4
f 3335/1/4 3326/1/4 3336/1/4
f 3327/5/4 3328/5/4 3336/5/4
f 3336/5/4 3328/5/4 3337/5/4
f 3329/5/4 3330/5/4 3338/5/4
f 3330/1/4 3331/1/4 3338/1/4
f 3331/5/4 3332/5/4 3339/5/4
f 3338/1/4 3331/1/4 3339/1/4
f 3332/5/4 3333/5/4 3339/5/4
f 3339/5/4 3333/5/4 3340/5/4
f 3333/1/4 3334/1/4 3341/1/4
f 3340/5/4 3333/5/4 3341/5/4
f 3334/5/4 3335/5/4 3342/5/4
f 3341/1/4 3334/1/4 3342/1/4
f 3335/5/4 3336/5/4 3342/5/4
f 3342/5/4 3336/5/4 3343/5/4
f 3336/1/4 3337/1/4 3344/1/4
f 3343/5/4 3336/5/4 3344/5/4
f 3337/5/4 3328/5/4 3345/5/4
f 3344/1/4 3337/1/4 3345/1/4
f 3328/5/4 2410/5/4 3346/5/4
f 3345/5/4 3328/5/4 3346/5/4
f 2408/5/4 3329/5/4 3347/5/4
f 3329/5/4 3338/5/4 3347/5/4
f 3338/5/4 3339/5/4 3347/5/4
f 3347/5/4 3339/5/4 3348/5/4
f 3339/1/4 3340/1/4 3349/1/4
f 3348/5/4 3339/5/4 3349/5/4
f 3340/5/4 3341/5/4 3350/5/4
f 3349/1/4 3340/1/4 3350/1/4
f 3341/5/4 3342/5/4 3350/5/4
f 3350/5/4 3342/5/4 3351/5/4
f 3342/1/4 3343/1/4 3352/1/4
f 3351/5/4 3342/5/4 3352/5/4
f 3344/5/4 3345/5/4 3353/5/4
f 3352/1/4 3343/1/4 3353/1/4
f 3343/5/4 3344/5/4 3353/5/4
f 3353/5/4 3345/5/4 3354/5/4
f 3345/1/4 3346/1/4 3355/1/4
f 3354/5/4 3345/5/4 3355/5/4
f 3346/5/4 2410/5/4 3356/5/4
f 3355/1/4 3346/1/4 3356/1/4
f 3347/1/4 3348/1/4 3357/1/4
f 2408/5/4 3347/5/4 3357/5/4
f 3348/5/4 3349/5/4 3358/5/4
f 3357/1/4 3348/1/4 3358/1/4
f 3349/5/4 3350/5/4 3358/5/4
f 3358/5/4 3350/5/4 3359/5/4
f 3350/1/4 3351/1/4 3360/1/4
f 3359/5/4 3350/5/4 3360/5/4
f 3351/5/4 3352/5/4 3361/5/4
f 3360/1/4 3351/1/4 3361/1/4
f 3352/5/4 3353/5/4 3361/5/4
f 3361/5/4 3353/5/4 3362/5/4
f 3353/1/4 3354/1/4 3363/1/4
f 3362/5/4 3353/5/4 3363/5/4
f 3354/5/4 3355/5/4 3364/5/4
f 3363/1/4 3354/1/4 3364/1/4
f 3355/5/4 3356/5/4 3364/5/4
f 3364/5/4 3356/5/4 3365/5/4
f 3357/5/4 3358/5/4 3366/5/4
f 3358/1/4 3359/1/4 3366/1/4
f 3359/5/4 3360/5/4 3367/5/4
f 3366/1/4 3359/1/4 3367/1/4
f 3360/5/4 3361/5/4 3367/5/4
f 3367/5/4 3361/5/4 3368/5/4
f 3361/1/4 3362/1/4 3369/1/4
f 3368/5/4 3361/5/4 3369/5/4
f 3362/5/4 3363/5/4 3370/5/4
f 3369/1/4 3362/1/4 3370/1/4
f 3363/5/4 3364/5/4 3370/5/4
f 3370/5/4 3364/5/4 3371/5/4
f 3364/1/4 3365/1/4 3372/1/4
f 3371/5/4 3364/5/4 3372/5/4
f 3365/5/4 3356/5/4 3373/5/4
f 3372/1/4 3365/1/4 3373/1/4
f 3356/5/4 2410/5/4 3374/5/4
f 3373/5/4 3356/5/4 3374/5/4
f 2408/5/4 3357/5/4 3375/5/4
f 3357/5/4 3366/5/4 3375/5/4
f 3366/5/4 3367/5/4 3375/5/4
f 3375/5/4 3367/5/4 3376/5/4
f 3367/1/4 3368/1/4 3377/1/4
f 3376/5/4 3367/5/4 3377/5/4
f 3368/5/4 3369/5/4 3378/5/4
f 3377/1/4 3368/1/4 3378/1/4
f 3369/5/4 3370/5/4 3378/5/4
f 3378/5/4 3370/5/4 3379/5/4
f 3370/1/4 3371/1/4 3380/1/4
f 3379/5/4 3370/5/4 3380/5/4
f 3372/5/4 3373/5/4 3381/5/4
f 3380/1/4 3371/1/4 3381/1/4
f 3371/5/4 3372/5/4 3381/5/4
f 3381/5/4 3373/5/4 3382/5/4
f 3373/1/4 3374/1/4 3383/1/4
f 3382/5/4 3373/5/4 3383/5/4
f 3374/5/4 2410/5/4 3384/5/4
f 3383/1/4 3374/1/4 3384/1/4
f 3375/1/4 3376/1/4 3385/1/4
f 2408/5/4 3375/5/4 3385/5/4
f 3376/5/4 3377/5/4 3386/5/4
f 3385/1/4 3376/1/4 3386/1/4
f 3377/5/4 3378/5/4 3386/5/4
f 3386/5/4 3378/5/4 3387/5/4
f 3378/1/4 3379/1/4 3388/1/4
f 3387/5/4 3378/5/4 3388/5/4
f 3379/5/4 3380/5/4 3389/5/4
f 3388/1/4 3379/1/4 3389/1/4
f 3380/5/4 3381/5/4 3389/5/4
f 3389/5/4 3381/5/4 3390/5/4
f 3381/1/4 3382/1/4 3391/1/4
f 3390/5/4 3381/5/4 3391/5/4
f 3382/5/4 3383/5/4 3392/5/4
f 3391/1/4 3382/1/4 3392/1/4
f 3383/5/4 3384/5/4 3392/5/4
f 3392/5/4 3384/5/4 3393/5/4
f 3385/5/4 3386/5/4 3394/5/4
f 3386/1/4 3387/1/4 3394/1/4
f 3387/5/4 3388/5/4 3395/5/4
f 3394/1/4 3387/1/4 3395/1/4
f 3388/5/4 3389/5/4 3395/5/4
f 3395/5/4 3389/5/4 3396/5/4
f 3389/1/4 3390/1/4 3397/1/4
f 3396/5/4 3389/5/4 3397/5/4
f 3390/5/4 3391/5/4 3398/5/4
f 3397/1/4 3390/1/4 3398/1/4
f 3391/5/4 3392/5/4 3398/5/4
f 3398/5/4 3392/5/4 3399/5/4
f 3392/1/4 3393/1/4 3400/1/4
f 3399/5/4 3392/5/4 3400/5/4
f 3393/5/4 3384/5/4 3401/5/4
f 3400/1/4 3393/1/4 3401/1/4
f 3384/5/4 2410/5/4 3402/5/4
f 3401/5/4 3384/5/4 3402/5/4
f 2408/5/4 3385/5/4 3403/5/4
f 3385/5/4 3394/5/4 3403/5/4
f 3394/5/4 3395/5/4 3403/5/4
f 3403/5/4 3395/5/4 3404/5/4
f 3395/1/4 3396/1/4 3405/1/4
f 3404/5/4 3395/5/4 3405/5/4
f 3396/5/4 3397/5/4 3406/5/4
f 3405/1/4 3396/1/4 3406/1/4
f 3397/5/4 3398/5/4 3406/5/4
f 3406/5/4 3398/5/4 3407/5/4
f 3398/1/4 3399/1/4 3408/1/4
f 3407/5/4 3398/5/4 3408/5/4
f 3400/5/4 3401/5/4 3409/5/4
f 3408/1/4 3399/1/4 3409/1/4
f 3399/5/4 3400/5/4 3409/5/4
f 3409/5/4 3401/5/4 3410/5/4
f 3401/1/4 3402/1/4 3411/1/4
f 3410/5/4 3401/5/4 3411/5/4
f 3402/5/4 2410/5/4 3412/5/4
f 3411/1/4 3402/1/4 3412/1/4
f 3403/1/4 3404/1/4 3413/1/4
f 2408/5/4 3403/5/4 3413/5/4
f 3404/5/4 3405/5/4 3414/5/4
f 3413/1/4 3404/1/4 3414/1/4
f 3405/5/4 3406/5/4 3414/5/4
f 3414/5/4 3406/5/4 3415/5/4
f 3406/1/4 3407/1/4 3416/1/4
f 3415/5/4 3406/5/4 3416/5/4
f 3407/5/4 3408/5/4 3417/5/4
f 3416/1/4 3407/1/4 3417/1/4
f 3408/5/4 3409/5/4 3417/5/4
f 3417/5/4 3409/5/4 3418/5/4
f 3409/1/4 3410/1/4 3419/1/4
f 3418/5/4 3409/5/4 3419/5/4
f 3410/5/4 3411/5/4 3420/5/4
f 3419/1/4 3410/1/4 3420/1/4
f 3411/5/4 3412/5/4 3420/5/4
f 3420/5/4 3412/5/4 3421/5/4
f 3413/5/4 3414/5/4 3422/5/4
f 3414/1/4 3415/1/4 3422/1/4
f 3415/5/4 3416/5/4 3423/5/4
f 3422/1/4 3415/1/4 3423/1/4
f 3416/5/4 3417/5/4 3423/5/4
f 3423/5/4 3417/5/4 3424/5/4
f 3417/1/4 3418/1/4 3425/1/4
f 3424/5/4 3417/5/4 3425/5/4
f 3418/5/4 3419/5/4 3426/5/4
f 3425/1/4 3418/1/4 3426/1/4
f 3419/5/4 3420/5/4 3426/5/4
f 3426/5/4 3420/5/4 3427/5/4
f 3420/1/4 3421/1/4 3428/1/4
f 3427/5/4 3420/5/4 3428/5/4
f 3421/5/4 3412/5/4 3429/5/4
f 3428/1/4 3421/1/4 3429/1/4
f 3412/5/4 2410/5/4 3430/5/4
f 3429/5/4 3412/5/4 3430/5/4
f 2408/5/4 3413/5/4 3431/5/4
f 3413/5/4 3422/5/4 3431/5/4
f 3422/5/4 3423/5/4 3431/5/4
f 3431/5/4 3423/5/4 3432/5/4
f 3423/1/4 3424/1/4 3433/1/4
f 3432/5/4 3423/5/4 3433/5/4
f 3424/5/4 3425/5/4 3434/5/4
f 3433/1/4 3424/1/4 3434/1/4
f 3425/5/4 3426/5/4 3434/5/4
f 3434/5/4 3426/5/4 3435/5/4
f 3426/1/4 3427/1/4 3436/1/4
f 3435/5/4 3426/5/4 3436/5/4
f 3428/5/4 3429/5/4 3437/5/4
f 3436/1/4 3427/1/4 3437/1/4
f 3427/5/4 3428/5/4 3437/5/4
f 3437/5/4 3429/5/4 3438/5/4
f 3429/1/4 3430/1/4 3439/1/4
f 3438/5/4 3429/5/4 3439/5/4
f 3430/5/4 2410/5/4 3440/5/4
f 3439/1/4 3430/1/4 3440/1/4
f 3431/1/4 3432/1/4 3441/1/4
f 2408/5/4 3431/5/4 3441/5/4
f 3432/5/4 3433/5/4 3442/5/4
f 3441/1/4 3432/1/4 3442/1/4
f 3433/5/4 3434/5/4 3442/5/4
f 3442/5/4 3434/5/4 3443/5/4
f 3434/1/4 3435/1/4 3444/1/4
f 3443/5/4 3434/5/4 3444/5/4
f 3435/5/4 3436/5/4 3445/5/4
f 3444/1/4 3435/1/4 3445/1/4
f 3436/5/4 3437/5/4 3445/5/4
f 3445/5/4 3437/5/4 3446/5/4
f 3437/1/4 3438/1/4 3447/1/4
f 3446/5/4 3437/5/4 3447/5/4
f 3438/5/4 3439/5/4 3448/5/4
f 3447/1/4 3438/1/4 3448/1/4
f 3439/5/4 3440/5/4 3448/5/4
f 3448/5/4 3440/5/4 3449/5/4
f 3441/5/4 3442/5/4 3450/5/4
f 3442/1/4 3443/1/4 3450/1/4
f 3443/5/4 3444/5/4 3451/5/4
f 3450/1/4 3443/1/4 3451/1/4
f 3444/5/4 3445/5/4 3451/5/4
f 3451/5/4 3445/5/4 3452/5/4
f 3445/1/4 3446/1/4 3453/1/4
f 3452/5/4 3445/5/4 3453/5/4
f 3446/5/4 3447/5/4 3454/5/4
f 3453/1/4 3446/1/4 3454/1/4
f 3447/5/4 3448/5/4 3454/5/4
f 3454/5/4 3448/5/4 3455/5/4
f 3448/1/4 3449/1/4 3456/1/4
f 3455/5/4 3448/5/4 3456/5/4
f 3449/5/4 3440/5/4 3457/5/4
f 3456/1/4 3449/1/4 3457/1/4
f 3440/5/4 2410/5/4 3458/5/4
f 3457/5/4 3440/5/4 3458/5/4
f 2410/2/4 2666/2/4 3459/2/4
f 2666/2/4 3168/2/4 3459/2/4
f 3168/2/4 3169/2/4 3459/2/4
f 3459/2/4 3169/2/4 3460/2/4
f 2408/5/4 3441/5/4 3461/5/4
f 3441/5/4 3450/5/4 3461/5/4
f 3450/5/4 3451/5/4 3461/5/4
f 3461/5/4 3451/5/4 3462/5/4
f 3451/1/4 3452/1/4 3463/1/4
f 3462/5/4 3451/5/4 3463/5/4
f 3452/5/4 3453/5/4 3464/5/4
f 3463/1/4 3452/1/4 3464/1/4
f 3453/5/4 3454/5/4 3464/5/4
f 3464/5/4 3454/5/4 3465/5/4
f 3454/1/4 3455/1/4 3466/1/4
f 3465/5/4 3454/5/4 3466/5/4
f 3456/5/4 3457/5/4 3467/5/4
f 3466/1/4 3455/1/4 3467/1/4
f 3455/5/4 3456/5/4 3467/5/4
f 3467/5/4 3457/5/4 3468/5/4
f 3457/1/4 3458/1/4 3469/1/4
f 3468/5/4 3457/5/4 3469/5/4
f 3458/5/4 2410/5/4 3470/5/4
f 3469/1/4 3458/1/4 3470/1/4
f 3461/1/4 3462/1/4 3471/1/4
f 2408/5/4 3461/5/4 3471/5/4
f 3462/5/4 3463/5/4 3472/5/4
f 3471/1/4 3462/1/4 3472/1/4
f 3463/5/4 3464/5/4 3472/5/4
f 3472/5/4 3464/5/4 3473/5/4
f 3464/1/4 3465/1/4 3474/1/4
f 3473/5/4 3464/5/4 3474/5/4
f 3465/5/4 3466/5/4 3475/5/4
f 3474/1/4 3465/1/4 3475/1/4
f 3466/5/4 3467/5/4 3475/5/4
f 3475/5/4 3467/5/4 3476/5/4
f 3467/1/4 3468/1/4 3477/1/4
f 3476/5/4 3467/5/4 3477/5/4
f 3468/5/4 3469/5/4 3478/5/4
f 3477/1/4 3468/1/4 3478/1/4
f 3469/5/4 3470/5/4 3478/5/4
f 3478/5/4 3470/5/4 3479/5/4
f 3459/4/4 3460/4/4 3480/4/4
f 2410/2/4 3459/2/4 3480/2/4
f 3460/2/4 3169/2/4 3481/2/4
f 3480/4/4 3460/4/4 3481/4/4
f 3158/2/4 2670/2/4 3482/2/4
f 3482/2/4 2670/2/4 3483/2/4
f 3471/5/4 3472/5/4 3484/5/4
f 3472/1/4 3473/1/4 3484/1/4
f 3473/5/4 3474/5/4 3485/5/4
f 3484/1/4 3473/1/4 3485/1/4
f 3474/5/4 3475/5/4 3485/5/4
f 3485/5/4 3475/5/4 3486/5/4
f 3475/1/4 3476/1/4 3487/1/4
f 3486/5/4 3475/5/4 3487/5/4
f 3476/5/4 3477/5/4 3488/5/4
f 3487/1/4 3476/1/4 3488/1/4
f 3477/5/4 3478/5/4 3488/5/4
f 3488/5/4 3478/5/4 3489/5/4
f 3478/1/4 3479/1/4 3490/1/4
f 3489/5/4 3478/5/4 3490/5/4
f 3479/5/4 3470/5/4 3491/5/4
f 3490/1/4 3479/1/4 3491/1/4
f 3470/5/4 2410/5/4 3492/5/4
f 3491/5/4 3470/5/4 3492/5/4
f 3481/2/4 3169/2/4 3493/2/4
f 3480/2/4 3481/2/4 3493/2/4
f 3493/2/4 3169/2/4 3494/2/4
f 3494/2/4 3169/2/4 3495/2/4
f 3495/2/4 3169/2/4 3496/2/4
f 3483/2/4 2670/2/4 3497/2/4
f 3482/4/4 3483/4/4 3497/4/4
f 3497/2/4 2670/2/4 3498/2/4
f 3498/2/4 2670/2/4 3499/2/4
f 3499/2/4 2670/2/4 3500/2/4
f 2408/5/4 3471/5/4 3501/5/4
f 3471/5/4 3484/5/4 3501/5/4
f 3484/5/4 3485/5/4 3501/5/4
f 3501/5/4 3485/5/4 3502/5/4
f 3485/1/4 3486/1/4 3503/1/4
f 3502/5/4 3485/5/4 3503/5/4
f 3486/5/4 3487/5/4 3504/5/4
f 3503/1/4 3486/1/4 3504/1/4
f 3487/5/4 3488/5/4 3504/5/4
f 3504/5/4 3488/5/4 3505/5/4
f 3488/1/4 3489/1/4 3506/1/4
f 3505/5/4 3488/5/4 3506/5/4
f 3489/5/4 3490/5/4 3507/5/4
f 3506/1/4 3489/1/4 3507/1/4
f 3490/5/4 3491/5/4 3507/5/4
f 3507/5/4 3491/5/4 3508/5/4
f 3491/1/4 3492/1/4 3509/1/4
f 3508/5/4 3491/5/4 3509/5/4
f 3492/5/4 2410/5/4 3510/5/4
f 3509/1/4 3492/1/4 3510/1/4
f 3480/2/4 3493/2/4 3511/2/4
f 3493/4/4 3494/4/4 3512/4/4
f 3511/2/4 3493/2/4 3512/2/4
f 3494/2/4 3495/2/4 3513/2/4
f 3512/4/4 3494/4/4 3513/4/4
f 3513/2/4 3495/2/4 3514/2/4
f 3495/4/4 3496/4/4 3515/4/4
f 3514/2/4 3495/2/4 3515/2/4
f 3515/4/4 3496/4/4 3516/4/4
f 3158/2/4 3482/2/4 3517/2/4
f 3482/4/4 3497/4/4 3517/4/4
f 3497/4/4 3498/4/4 3517/4/4
f 3517/4/4 3498/4/4 3518/4/4
f 3518/4/4 3498/4/4 3519/4/4
f 3498/2/4 3499/2/4 3520/2/4
f 3519/4/4 3498/4/4 3520/4/4
f 3500/2/4 2670/2/4 3521/2/4
f 3499/4/4 3500/4/4 3521/4/4
f 3521/2/4 2670/2/4 3522/2/4
f 3501/1/4 3502/1/4 3523/1/4
f 2408/5/4 3501/5/4 3523/5/4
f 3503/5/4 3504/5/4 3524/5/4
f 3523/1/4 3502/1/4 3524/1/4
f 3502/5/4 3503/5/4 3524/5/4
f 3524/5/4 3504/5/4 3525/5/4
f 3504/1/4 3505/1/4 3526/1/4
f 3525/5/4 3504/5/4 3526/5/4
f 3505/5/4 3506/5/4 3527/5/4
f 3526/1/4 3505/1/4 3527/1/4
f 3506/5/4 3507/5/4 3527/5/4
f 3527/5/4 3507/5/4 3528/5/4
f 3507/1/4 3508/1/4 3529/1/4
f 3528/5/4 3507/5/4 3529/5/4
f 3508/5/4 3509/5/4 3530/5/4
f 3529/1/4 3508/1/4 3530/1/4
f 3509/5/4 3510/5/4 3530/5/4
f 3530/5/4 3510/5/4 3531/5/4
f 3513/4/4 3514/4/4 3532/4/4
f 3480/2/4 3511/2/4 3532/2/4
f 3511/4/4 3512/4/4 3532/4/4
f 3512/4/4 3513/4/4 3532/4/4
f 3515/2/4 3516/2/4 3533/2/4
f 3532/4/4 3514/4/4 3533/4/4
f 3514/2/4 3515/2/4 3533/2/4
f 3516/4/4 3496/4/4 3534/4/4
f 3533/2/4 3516/2/4 3534/2/4
f 3496/2/4 3169/2/4 3535/2/4
f 3534/4/4 3496/4/4 3535/4/4
f 3518/4/4 3519/4/4 3536/4/4
f 3517/2/4 3518/2/4 3536/2/4
f 3519/2/4 3520/2/4 3537/2/4
f 3536/4/4 3519/4/4 3537/4/4
f 3520/2/4 3499/2/4 3538/2/4
f 3537/2/4 3520/2/4 3538/2/4
f 3499/4/4 3521/4/4 3538/4/4
f 3521/4/4 3522/4/4 3538/4/4
f 3522/2/4 2670/2/4 3539/2/4
f 3538/4/4 3522/4/4 3539/4/4
f 3524/1/4 3525/1/4 3540/1/4
f 3523/5/4 3524/5/4 3540/5/4
f 3525/5/4 3526/5/4 3541/5/4
f 3540/1/4 3525/1/4 3541/1/4
f 3526/5/4 3527/5/4 3541/5/4
f 3541/5/4 3527/5/4 3542/5/4
f 3527/1/4 3528/1/4 3543/1/4
f 3542/5/4 3527/5/4 3543/5/4
f 3528/5/4 3529/5/4 3544/5/4
f 3543/1/4 3528/1/4 3544/1/4
f 3529/5/4 3530/5/4 3544/5/4
f 3544/5/4 3530/5/4 3545/5/4
f 3530/1/4 3531/1/4 3546/1/4
f 3545/5/4 3530/5/4 3546/5/4
f 3531/5/4 3510/5/4 3547/5/4
f 3546/1/4 3531/1/4 3547/1/4
f 3510/5/4 2410/5/4 3548/5/4
f 3547/5/4 3510/5/4 3548/5/4
f 2410/2/4 3480/2/4 3549/2/4
f 3548/5/4 2410/5/4 3549/5/4
f 3534/2/4 3535/2/4 3549/2/4
f 3533/2/4 3534/2/4 3549/2/4
f 3532/2/4 3533/2/4 3549/2/4
f 3480/2/4 3532/2/4 3549/2/4
f 3549/2/4 3535/2/4 3550/2/4
f 3523/5/4 3540/5/4 3551/5/4
f 2408/5/4 3523/5/4 3551/5/4
f 3540/5/4 3541/5/4 3551/5/4
f 3551/5/4 3541/5/4 3552/5/4
f 3541/1/4 3542/1/4 3553/1/4
f 3552/5/4 3541/5/4 3553/5/4
f 3543/5/4 3544/5/4 3554/5/4
f 3553/1/4 3542/1/4 3554/1/4
f 3542/5/4 3543/5/4 3554/5/4
f 3554/5/4 3544/5/4 3555/5/4
f 3544/1/4 3545/1/4 3556/1/4
f 3555/5/4 3544/5/4 3556/5/4
f 3545/5/4 3546/5/4 3557/5/4
f 3556/1/4 3545/1/4 3557/1/4
f 3546/5/4 3547/5/4 3557/5/4
f 3557/5/4 3547/5/4 3558/5/4
f 3547/1/4 3548/1/4 3559/1/4
f 3558/5/4 3547/5/4 3559/5/4
f 3548/5/4 3549/5/4 3560/5/4
f 3559/1/4 3548/1/4 3560/1/4
f 3549/4/4 3550/4/4 3561/4/4
f 3560/5/4 3549/5/4 3561/5/4
f 3561/4/4 3550/4/4 3562/4/4
f 3562/4/4 3550/4/4 3563/4/4
f 3550/2/4 3535/2/4 3564/2/4
f 3563/4/4 3550/4/4 3564/4/4
f 3564/2/4 3535/2/4 3565/2/4
f 2408/5/4 3551/5/4 3566/5/4
f 3551/1/4 3552/1/4 3566/1/4
f 3552/5/4 3553/5/4 3567/5/4
f 3566/1/4 3552/1/4 3567/1/4
f 3553/5/4 3554/5/4 3567/5/4
f 3567/5/4 3554/5/4 3568/5/4
f 3554/1/4 3555/1/4 3569/1/4
f 3568/5/4 3554/5/4 3569/5/4
f 3555/5/4 3556/5/4 3570/5/4
f 3569/1/4 3555/1/4 3570/1/4
f 3556/5/4 3557/5/4 3570/5/4
f 3570/5/4 3557/5/4 3571/5/4
f 3557/1/4 3558/1/4 3572/1/4
f 3571/5/4 3557/5/4 3572/5/4
f 3559/5/4 3560/5/4 3573/5/4
f 3572/1/4 3558/1/4 3573/1/4
f 3558/5/4 3559/5/4 3573/5/4
f 3560/5/4 3561/5/4 3573/5/4
f 3573/5/4 3561/5/4 3574/5/4
f 3562/4/4 3563/4/4 3575/4/4
f 3561/2/4 3562/2/4 3575/2/4
f 3563/2/4 3564/2/4 3576/2/4
f 3575/4/4 3563/4/4 3576/4/4
f 3564/4/4 3565/4/4 3577/4/4
f 3576/2/4 3564/2/4 3577/2/4
f 3577/4/4 3565/4/4 3578/4/4
f 3565/2/4 3535/2/4 3579/2/4
f 3578/4/4 3565/4/4 3579/4/4
f 3169/4/4 3158/4/4 3580/4/4
f 3579/2/4 3535/2/4 3580/2/4
f 3535/2/4 3169/2/4 3580/2/4
f 3536/2/4 3537/2/4 3581/2/4
f 3580/4/4 3158/4/4 3581/4/4
f 3537/2/4 3538/2/4 3581/2/4
f 3517/2/4 3536/2/4 3581/2/4
f 3158/2/4 3517/2/4 3581/2/4
f 3538/2/4 3539/2/4 3581/2/4
f 3581/2/4 3539/2/4 3582/2/4
f 3566/5/4 3567/5/4 3583/5/4
f 3567/1/4 3568/1/4 3583/1/4
f 3568/5/4 3569/5/4 3584/5/4
f 3583/1/4 3568/1/4 3584/1/4
f 3569/5/4 3570/5/4 3584/5/4
f 3584/5/4 3570/5/4 3585/5/4
f 3570/1/4 3571/1/4 3586/1/4
f 3585/5/4 3570/5/4 3586/5/4
f 3571/5/4 3572/5/4 3587/5/4
f 3586/1/4 3571/1/4 3587/1/4
f 3572/5/4 3573/5/4 3587/5/4
f 3587/5/4 3573/5/4 3588/5/4
f 3573/1/4 3574/1/4 3589/1/4
f 3588/5/4 3573/5/4 3589/5/4
f 3574/5/4 3561/5/4 3590/5/4
f 3589/1/4 3574/1/4 3590/1/4
f 3590/5/4 3561/5/4 3591/5/4
f 3579/4/4 3580/4/4 3592/4/4
f 3577/2/4 3578/2/4 3592/2/4
f 3578/4/4 3579/4/4 3592/4/4
f 3580/4/4 3581/4/4 3592/4/4
f 3576/2/4 3577/2/4 3592/2/4
f 3575/2/4 3576/2/4 3592/2/4
f 3581/4/4 3582/4/4 3592/4/4
f 3582/2/4 3539/2/4 3593/2/4
f 3592/4/4 3582/4/4 3593/4/4
f 3593/2/4 3539/2/4 3594/2/4
f 3594/2/4 3539/2/4 3595/2/4
f 3595/2/4 3539/2/4 3596/2/4
f 2408/5/4 3566/5/4 3597/5/4
f 3583/5/4 3584/5/4 3597/5/4
f 3566/5/4 3583/5/4 3597/5/4
f 3597/5/4 3584/5/4 3598/5/4
f 3584/1/4 3585/1/4 3599/1/4
f 3598/5/4 3584/5/4 3599/5/4
f 3585/5/4 3586/5/4 3600/5/4
f 3599/1/4 3585/1/4 3600/1/4
f 3586/5/4 3587/5/4 3600/5/4
f 3600/5/4 3587/5/4 3601/5/4
f 3587/1/4 3588/1/4 3602/1/4
f 3601/5/4 3587/5/4 3602/5/4
f 3588/5/4 3589/5/4 3603/5/4
f 3602/1/4 3588/1/4 3603/1/4
f 3589/5/4 3590/5/4 3603/5/4
f 3603/5/4 3590/5/4 3604/5/4
f 3590/1/4 3591/1/4 3605/1/4
f 3604/5/4 3590/5/4 3605/5/4
f 3591/5/4 3561/5/4 3606/5/4
f 3605/1/4 3591/1/4 3606/1/4
f 3592/2/4 3593/2/4 3607/2/4
f 3593/4/4 3594/4/4 3607/4/4
f 3607/4/4 3594/4/4 3608/4/4
f 3594/2/4 3595/2/4 3609/2/4
f 3608/4/4 3594/4/4 3609/4/4
f 3595/4/4 3596/4/4 3610/4/4
f 3609/2/4 3595/2/4 3610/2/4
f 3610/4/4 3596/4/4 3611/4/4
f 3611/4/4 3596/4/4 3612/4/4
f 3612/4/4 3596/4/4 3613/4/4
f 3596/2/4 3539/2/4 3614/2/4
f 3613/4/4 3596/4/4 3614/4/4
f 3614/2/4 3539/2/4 3615/2/4
f 3597/1/4 3598/1/4 3616/1/4
f 2408/5/4 3597/5/4 3616/5/4
f 3598/5/4 3599/5/4 3617/5/4
f 3616/1/4 3598/1/4 3617/1/4
f 3599/5/4 3600/5/4 3617/5/4
f 3617/5/4 3600/5/4 3618/5/4
f 3600/1/4 3601/1/4 3619/1/4
f 3618/5/4 3600/5/4 3619/5/4
f 3601/5/4 3602/5/4 3620/5/4
f 3619/1/4 3601/1/4 3620/1/4
f 3602/5/4 3603/5/4 3620/5/4
f 3620/5/4 3603/5/4 3621/5/4
f 3603/1/4 3604/1/4 3622/1/4
f 3621/5/4 3603/5/4 3622/5/4
f 3604/5/4 3605/5/4 3623/5/4
f 3622/1/4 3604/1/4 3623/1/4
f 3605/5/4 3606/5/4 3623/5/4
f 3623/5/4 3606/5/4 3624/5/4
f 3575/2/4 3592/2/4 3625/2/4
f 3607/2/4 3608/2/4 3625/2/4
f 3592/2/4 3607/2/4 3625/2/4
f 3625/2/4 3608/2/4 3626/2/4
f 3608/4/4 3609/4/4 3627/4/4
f 3626/2/4 3608/2/4 3627/2/4
f 3609/4/4 3610/4/4 3627/4/4
f 3610/2/4 3611/2/4 3628/2/4
f 3627/4/4 3610/4/4 3628/4/4
f 3612/2/4 3613/2/4 3629/2/4
f 3613/4/4 3614/4/4 3629/4/4
f 3614/4/4 3615/4/4 3629/4/4
f 3615/2/4 3539/2/4 3630/2/4
f 3629/4/4 3615/4/4 3630/4/4
f 3630/2/4 3539/2/4 3631/2/4
f 3631/2/4 3539/2/4 3632/2/4
f 2670/2/4 2413/2/4 3633/2/4
f 3632/2/4 3539/2/4 3633/2/4
f 3539/2/4 2670/2/4 3633/2/4
f 3617/1/4 3618/1/4 3634/1/4
f 3616/5/4 3617/5/4 3634/5/4
f 3618/5/4 3619/5/4 3635/5/4
f 3634/1/4 3618/1/4 3635/1/4
f 3619/5/4 3620/5/4 3635/5/4
f 3635/5/4 3620/5/4 3636/5/4
f 3620/1/4 3621/1/4 3637/1/4
f 3636/5/4 3620/5/4 3637/5/4
f 3621/5/4 3622/5/4 3638/5/4
f 3637/1/4 3621/1/4 3638/1/4
f 3622/5/4 3623/5/4 3638/5/4
f 3638/5/4 3623/5/4 3639/5/4
f 3623/1/4 3624/1/4 3640/1/4
f 3639/5/4 3623/5/4 3640/5/4
f 3624/5/4 3606/5/4 3641/5/4
f 3640/1/4 3624/1/4 3641/1/4
f 3606/5/4 3561/5/4 3642/5/4
f 3641/5/4 3606/5/4 3642/5/4
f 3625/4/4 3626/4/4 3643/4/4
f 3627/2/4 3628/2/4 3643/2/4
f 3626/2/4 3627/2/4 3643/2/4
f 3643/2/4 3628/2/4 3644/2/4
f 3628/2/4 3611/2/4 3645/2/4
f 3644/2/4 3628/2/4 3645/2/4
f 3611/4/4 3612/4/4 3646/4/4
f 3645/2/4 3611/2/4 3646/2/4
f 3630/4/4 3631/4/4 3647/4/4
f 3629/2/4 3630/2/4 3647/2/4
f 3647/4/4 3631/4/4 3648/4/4
f 3631/2/4 3632/2/4 3649/2/4
f 3648/4/4 3631/4/4 3649/4/4
f 3632/4/4 3633/4/4 3650/4/4
f 3649/2/4 3632/2/4 3650/2/4
f 3650/4/4 3633/4/4 3651/4/4
f 3651/4/4 3633/4/4 3652/4/4
f 3616/5/4 3634/5/4 3653/5/4
f 2408/5/4 3616/5/4 3653/5/4
f 3634/5/4 3635/5/4 3653/5/4
f 3653/5/4 3635/5/4 3654/5/4
f 3635/1/4 3636/1/4 3655/1/4
f 3654/5/4 3635/5/4 3655/5/4
f 3636/5/4 3637/5/4 3656/5/4
f 3655/1/4 3636/1/4 3656/1/4
f 3637/5/4 3638/5/4 3656/5/4
f 3656/5/4 3638/5/4 3657/5/4
f 3638/1/4 3639/1/4 3658/1/4
f 3657/5/4 3638/5/4 3658/5/4
f 3639/5/4 3640/5/4 3659/5/4
f 3658/1/4 3639/1/4 3659/1/4
f 3640/5/4 3641/5/4 3659/5/4
f 3659/5/4 3641/5/4 3660/5/4
f 3641/1/4 3642/1/4 3661/1/4
f 3660/5/4 3641/5/4 3661/5/4
f 3642/5/4 3561/5/4 3662/5/4
f 3661/1/4 3642/1/4 3662/1/4
f 3643/4/4 3644/4/4 3663/4/4
f 3575/2/4 3625/2/4 3663/2/4
f 3625/4/4 3643/4/4 3663/4/4
f 3663/4/4 3644/4/4 3664/4/4
f 3646/4/4 3612/4/4 3665/4/4
f 3645/4/4 3646/4/4 3665/4/4
f 3647/2/4 3648/2/4 3666/2/4
f 3665/4/4 3612/4/4 3666/4/4
f 3612/2/4 3629/2/4 3666/2/4
f 3629/2/4 3647/2/4 3666/2/4
f 3648/4/4 3649/4/4 3667/4/4
f 3666/2/4 3648/2/4 3667/2/4
f 3650/4/4 3651/4/4 3667/4/4
f 3649/4/4 3650/4/4 3667/4/4
f 3651/2/4 3652/2/4 3668/2/4
f 3667/4/4 3651/4/4 3668/4/4
f 3653/1/4 3654/1/4 3669/1/4
f 2408/5/4 3653/5/4 3669/5/4
f 3654/5/4 3655/5/4 3670/5/4
f 3669/1/4 3654/1/4 3670/1/4
f 3655/5/4 3656/5/4 3670/5/4
f 3670/5/4 3656/5/4 3671/5/4
f 3656/1/4 3657/1/4 3672/1/4
f 3671/5/4 3656/5/4 3672/5/4
f 3657/5/4 3658/5/4 3673/5/4
f 3672/1/4 3657/1/4 3673/1/4
f 3658/5/4 3659/5/4 3673/5/4
f 3673/5/4 3659/5/4 3674/5/4
f 3659/1/4 3660/1/4 3675/1/4
f 3674/5/4 3659/5/4 3675/5/4
f 3660/5/4 3661/5/4 3676/5/4
f 3675/1/4 3660/1/4 3676/1/4
f 3661/5/4 3662/5/4 3676/5/4
f 3676/5/4 3662/5/4 3677/5/4
f 3664/4/4 3644/4/4 3678/4/4
f 3663/2/4 3664/2/4 3678/2/4
f 3678/4/4 3644/4/4 3679/4/4
f 3670/1/4 3671/1/4 3680/1/4
f 3669/5/4 3670/5/4 3680/5/4
f 3671/5/4 3672/5/4 3681/5/4
f 3680/1/4 3671/1/4 3681/1/4
f 3672/5/4 3673/5/4 3681/5/4
f 3681/5/4 3673/5/4 3682/5/4
f 3673/1/4 3674/1/4 3683/1/4
f 3682/5/4 3673/5/4 3683/5/4
f 3674/5/4 3675/5/4 3684/5/4
f 3683/1/4 3674/1/4 3684/1/4
f 3675/5/4 3676/5/4 3684/5/4
f 3684/5/4 3676/5/4 3685/5/4
f 3676/1/4 3677/1/4 3686/1/4
f 3685/5/4 3676/5/4 3686/5/4
f 3677/5/4 3662/5/4 3687/5/4
f 3686/1/4 3677/1/4 3687/1/4
f 3662/5/4 3561/5/4 3688/5/4
f 3687/5/4 3662/5/4 3688/5/4
f 3679/4/4 3644/4/4 3689/4/4
f 3678/2/4 3679/2/4 3689/2/4
f 3644/2/4 3645/2/4 3690/2/4
f 3689/4/4 3644/4/4 3690/4/4
f 2408/5/4 3669/5/4 3691/5/4
f 3669/5/4 3680/5/4 3691/5/4
f 3680/5/4 3681/5/4 3691/5/4
f 3691/5/4 3681/5/4 3692/5/4
f 3681/1/4 3682/1/4 3693/1/4
f 3692/5/4 3681/5/4 3693/5/4
f 3682/5/4 3683/5/4 3694/5/4
f 3693/1/4 3682/1/4 3694/1/4
f 3683/5/4 3684/5/4 3694/5/4
f 3694/5/4 3684/5/4 3695/5/4
f 3684/1/4 3685/1/4 3696/1/4
f 3695/5/4 3684/5/4 3696/5/4
f 3686/5/4 3687/5/4 3697/5/4
f 3696/1/4 3685/1/4 3697/1/4
f 3685/5/4 3686/5/4 3697/5/4
f 3697/5/4 3687/5/4 3698/5/4
f 3687/1/4 3688/1/4 3699/1/4
f 3698/5/4 3687/5/4 3699/5/4
f 3688/5/4 3561/5/4 3700/5/4
f 3699/1/4 3688/1/4 3700/1/4
f 3691/1/4 3692/1/4 3701/1/4
f 2408/5/4 3691/5/4 3701/5/4
f 3692/5/4 3693/5/4 3702/5/4
f 3701/1/4 3692/1/4 3702/1/4
f 3693/5/4 3694/5/4 3702/5/4
f 3702/5/4 3694/5/4 3703/5/4
f 3694/1/4 3695/1/4 3704/1/4
f 3703/5/4 3694/5/4 3704/5/4
f 3695/5/4 3696/5/4 3705/5/4
f 3704/1/4 3695/1/4 3705/1/4
f 3696/5/4 3697/5/4 3705/5/4
f 3705/5/4 3697/5/4 3706/5/4
f 3697/1/4 3698/1/4 3707/1/4
f 3706/5/4 3697/5/4 3707/5/4
f 3698/5/4 3699/5/4 3708/5/4
f 3707/1/4 3698/1/4 3708/1/4
f 3699/5/4 3700/5/4 3708/5/4
f 3708/5/4 3700/5/4 3709/5/4
f 3701/5/4 3702/5/4 3710/5/4
f 3702/1/4 3703/1/4 3710/1/4
f 3703/5/4 3704/5/4 3711/5/4
f 3710/1/4 3703/1/4 3711/1/4
f 3704/5/4 3705/5/4 3711/5/4
f 3711/5/4 3705/5/4 3712/5/4
f 3705/1/4 3706/1/4 3713/1/4
f 3712/5/4 3705/5/4 3713/5/4
f 3706/5/4 3707/5/4 3714/5/4
f 3713/1/4 3706/1/4 3714/1/4
f 3707/5/4 3708/5/4 3714/5/4
f 3714/5/4 3708/5/4 3715/5/4
f 3708/1/4 3709/1/4 3716/1/4
f 3715/5/4 3708/5/4 3716/5/4
f 3709/5/4 3700/5/4 3717/5/4
f 3716/1/4 3709/1/4 3717/1/4
f 3700/5/4 3561/5/4 3718/5/4
f 3717/5/4 3700/5/4 3718/5/4
f 3690/2/4 3645/2/4 3719/2/4
f 3689/2/4 3690/2/4 3719/2/4
f 3719/2/4 3645/2/4 3720/2/4
f 3666/2/4 3667/2/4 3721/2/4
f 3668/2/4 3652/2/4 3721/2/4
f 3667/2/4 3668/2/4 3721/2/4
f 3665/2/4 3666/2/4 3721/2/4
f 3721/2/4 3652/2/4 3722/2/4
f 3701/5/4 3710/5/4 3723/5/4
f 2408/5/4 3701/5/4 3723/5/4
f 3710/5/4 3711/5/4 3723/5/4
f 3723/5/4 3711/5/4 3724/5/4
f 3711/1/4 3712/1/4 3725/1/4
f 3724/5/4 3711/5/4 3725/5/4
f 3712/5/4 3713/5/4 3726/5/4
f 3725/1/4 3712/1/4 3726/1/4
f 3713/5/4 3714/5/4 3726/5/4
f 3726/5/4 3714/5/4 3727/5/4
f 3714/1/4 3715/1/4 3728/1/4
f 3727/5/4 3714/5/4 3728/5/4
f 3716/5/4 3717/5/4 3729/5/4
f 3728/1/4 3715/1/4 3729/1/4
f 3715/5/4 3716/5/4 3729/5/4
f 3729/5/4 3717/5/4 3730/5/4
f 3717/1/4 3718/1/4 3731/1/4
f 3730/5/4 3717/5/4 3731/5/4
f 3718/5/4 3561/5/4 3732/5/4
f 3731/1/4 3718/1/4 3732/1/4
f 2408/5/4 3723/5/4 3733/5/4
f 3723/1/4 3724/1/4 3733/1/4
f 3724/5/4 3725/5/4 3734/5/4
f 3733/1/4 3724/1/4 3734/1/4
f 3725/5/4 3726/5/4 3734/5/4
f 3734/5/4 3726/5/4 3735/5/4
f 3726/1/4 3727/1/4 3736/1/4
f 3735/5/4 3726/5/4 3736/5/4
f 3727/5/4 3728/5/4 3737/5/4
f 3736/1/4 3727/1/4 3737/1/4
f 3728/5/4 3729/5/4 3737/5/4
f 3737/5/4 3729/5/4 3738/5/4
f 3729/1/4 3730/1/4 3739/1/4
f 3738/5/4 3729/5/4 3739/5/4
f 3730/5/4 3731/5/4 3740/5/4
f 3739/1/4 3730/1/4 3740/1/4
f 3731/5/4 3732/5/4 3740/5/4
f 3740/5/4 3732/5/4 3741/5/4
f 3721/4/4 3722/4/4 3742/4/4
f 3722/2/4 3652/2/4 3743/2/4
f 3742/4/4 3722/4/4 3743/4/4
f 3733/5/4 3734/5/4 3744/5/4
f 3734/1/4 3735/1/4 3744/1/4
f 3735/5/4 3736/5/4 3745/5/4
f 3744/1/4 3735/1/4 3745/1/4
f 3736/5/4 3737/5/4 3745/5/4
f 3745/5/4 3737/5/4 3746/5/4
f 3737/1/4 3738/1/4 3747/1/4
f 3746/5/4 3737/5/4 3747/5/4
f 3738/5/4 3739/5/4 3748/5/4
f 3747/1/4 3738/1/4 3748/1/4
f 3739/5/4 3740/5/4 3748/5/4
f 3748/5/4 3740/5/4 3749/5/4
f 3740/1/4 3741/1/4 3750/1/4
f 3749/5/4 3740/5/4 3750/5/4
f 3741/5/4 3732/5/4 3751/5/4
f 3750/1/4 3741/1/4 3751/1/4
f 3732/5/4 3561/5/4 3752/5/4
f 3751/5/4 3732/5/4 3752/5/4
f 3719/4/4 3720/4/4 3753/4/4
f 3689/2/4 3719/2/4 3753/2/4
f 3720/2/4 3645/2/4 3754/2/4
f 3753/4/4 3720/4/4 3754/4/4
f 3721/4/4 3742/4/4 3755/4/4
f 3665/2/4 3721/2/4 3755/2/4
f 3742/2/4 3743/2/4 3756/2/4
f 3755/4/4 3742/4/4 3756/4/4
f 2408/5/4 3733/5/4 3757/5/4
f 3733/5/4 3744/5/4 3757/5/4
f 3744/5/4 3745/5/4 3757/5/4
f 3757/5/4 3745/5/4 3758/5/4
f 3745/1/4 3746/1/4 3759/1/4
f 3758/5/4 3745/5/4 3759/5/4
f 3746/5/4 3747/5/4 3760/5/4
f 3759/1/4 3746/1/4 3760/1/4
f 3747/5/4 3748/5/4 3760/5/4
f 3760/5/4 3748/5/4 3761/5/4
f 3748/1/4 3749/1/4 3762/1/4
f 3761/5/4 3748/5/4 3762/5/4
f 3749/5/4 3750/5/4 3763/5/4
f 3762/1/4 3749/1/4 3763/1/4
f 3750/5/4 3751/5/4 3763/5/4
f 3763/5/4 3751/5/4 3764/5/4
f 3751/1/4 3752/1/4 3765/1/4
f 3764/5/4 3751/5/4 3765/5/4
f 3752/5/4 3561/5/4 3766/5/4
f 3765/1/4 3752/1/4 3766/1/4
f 3754/2/4 3645/2/4 3767/2/4
f 3753/2/4 3754/2/4 3767/2/4
f 3645/4/4 3665/4/4 3768/4/4
f 3767/2/4 3645/2/4 3768/2/4
f 3755/2/4 3756/2/4 3769/2/4
f 3768/4/4 3665/4/4 3769/4/4
f 3665/2/4 3755/2/4 3769/2/4
f 3757/1/4 3758/1/4 3770/1/4
f 2408/5/4 3757/5/4 3770/5/4
f 3758/5/4 3759/5/4 3771/5/4
f 3770/1/4 3758/1/4 3771/1/4
f 3759/5/4 3760/5/4 3771/5/4
f 3771/5/4 3760/5/4 3772/5/4
f 3760/1/4 3761/1/4 3773/1/4
f 3772/5/4 3760/5/4 3773/5/4
f 3761/5/4 3762/5/4 3774/5/4
f 3773/1/4 3761/1/4 3774/1/4
f 3762/5/4 3763/5/4 3774/5/4
f 3774/5/4 3763/5/4 3775/5/4
f 3763/1/4 3764/1/4 3776/1/4
f 3775/5/4 3763/5/4 3776/5/4
f 3764/5/4 3765/5/4 3777/5/4
f 3776/1/4 3764/1/4 3777/1/4
f 3765/5/4 3766/5/4 3777/5/4
f 3777/5/4 3766/5/4 3778/5/4
f 3770/5/4 3771/5/4 3779/5/4
f 3771/1/4 3772/1/4 3779/1/4
f 3772/5/4 3773/5/4 3780/5/4
f 3779/1/4 3772/1/4 3780/1/4
f 3773/5/4 3774/5/4 3780/5/4
f 3780/5/4 3774/5/4 3781/5/4
f 3774/1/4 3775/1/4 3782/1/4
f 3781/5/4 3774/5/4 3782/5/4
f 3775/5/4 3776/5/4 3783/5/4
f 3782/1/4 3775/1/4 3783/1/4
f 3776/5/4 3777/5/4 3783/5/4
f 3783/5/4 3777/5/4 3784/5/4
f 3777/1/4 3778/1/4 3785/1/4
f 3784/5/4 3777/5/4 3785/5/4
f 3778/5/4 3766/5/4 3786/5/4
f 3785/1/4 3778/1/4 3786/1/4
f 3766/5/4 3561/5/4 3787/5/4
f 3786/5/4 3766/5/4 3787/5/4
f 2408/5/4 3770/5/4 3788/5/4
f 3770/5/4 3779/5/4 3788/5/4
f 3779/5/4 3780/5/4 3788/5/4
f 3788/5/4 3780/5/4 3789/5/4
f 3780/1/4 3781/1/4 3790/1/4
f 3789/5/4 3780/5/4 3790/5/4
f 3781/5/4 3782/5/4 3791/5/4
f 3790/1/4 3781/1/4 3791/1/4
f 3782/5/4 3783/5/4 3791/5/4
f 3791/5/4 3783/5/4 3792/5/4
f 3783/1/4 3784/1/4 3793/1/4
f 3792/5/4 3783/5/4 3793/5/4
f 3785/5/4 3786/5/4 3794/5/4
f 3793/1/4 3784/1/4 3794/1/4
f 3784/5/4 3785/5/4 3794/5/4
f 3794/5/4 3786/5/4 3795/5/4
f 3786/1/4 3787/1/4 3796/1/4
f 3795/5/4 3786/5/4 3796/5/4
f 3787/5/4 3561/5/4 3797/5/4
f 3796/1/4 3787/1/4 3797/1/4
f 3788/1/4 3789/1/4 3798/1/4
f 2408/5/4 3788/5/4 3798/5/4
f 3789/5/4 3790/5/4 3799/5/4
f 3798/1/4 3789/1/4 3799/1/4
f 3790/5/4 3791/5/4 3799/5/4
f 3799/5/4 3791/5/4 3800/5/4
f 3791/1/4 3792/1/4 3801/1/4
f 3800/5/4 3791/5/4 3801/5/4
f 3792/5/4 3793/5/4 3802/5/4
f 3801/1/4 3792/1/4 3802/1/4
f 3793/5/4 3794/5/4 3802/5/4
f 3802/5/4 3794/5/4 3803/5/4
f 3794/1/4 3795/1/4 3804/1/4
f 3803/5/4 3794/5/4 3804/5/4
f 3795/5/4 3796/5/4 3805/5/4
f 3804/1/4 3795/1/4 3805/1/4
f 3796/5/4 3797/5/4 3805/5/4
f 3805/5/4 3797/5/4 3806/5/4
f 3798/5/4 3799/5/4 3807/5/4
f 3799/1/4 3800/1/4 3807/1/4
f 3800/5/4 3801/5/4 3808/5/4
f 3807/1/4 3800/1/4 3808/1/4
f 3801/5/4 3802/5/4 3808/5/4
f 3808/5/4 3802/5/4 3809/5/4
f 3802/1/4 3803/1/4 3810/1/4
f 3809/5/4 3802/5/4 3810/5/4
f 3803/5/4 3804/5/4 3811/5/4
f 3810/1/4 3803/1/4 3811/1/4
f 3804/5/4 3805/5/4 3811/5/4
f 3811/5/4 3805/5/4 3812/5/4
f 3805/1/4 3806/1/4 3813/1/4
f 3812/5/4 3805/5/4 3813/5/4
f 3806/5/4 3797/5/4 3814/5/4
f 3813/1/4 3806/1/4 3814/1/4
f 3797/5/4 3561/5/4 3815/5/4
f 3814/5/4 3797/5/4 3815/5/4
f 3798/5/4 3807/5/4 3816/5/4
f 2408/5/4 3798/5/4 3816/5/4
f 3807/5/4 3808/5/4 3816/5/4
f 3816/5/4 3808/5/4 3817/5/4
f 3808/1/4 3809/1/4 3818/1/4
f 3817/5/4 3808/5/4 3818/5/4
f 3809/5/4 3810/5/4 3819/5/4
f 3818/1/4 3809/1/4 3819/1/4
f 3810/5/4 3811/5/4 3819/5/4
f 3819/5/4 3811/5/4 3820/5/4
f 3811/1/4 3812/1/4 3821/1/4
f 3820/5/4 3811/5/4 3821/5/4
f 3813/5/4 3814/5/4 3822/5/4
f 3821/1/4 3812/1/4 3822/1/4
f 3812/5/4 3813/5/4 3822/5/4
f 3822/5/4 3814/5/4 3823/5/4
f 3814/1/4 3815/1/4 3824/1/4
f 3823/5/4 3814/5/4 3824/5/4
f 3815/5/4 3561/5/4 3825/5/4
f 3824/1/4 3815/1/4 3825/1/4
f 3816/1/4 3817/1/4 3826/1/4
f 2408/5/4 3816/5/4 3826/5/4
f 3817/5/4 3818/5/4 3827/5/4
f 3826/1/4 3817/1/4 3827/1/4
f 3818/5/4 3819/5/4 3827/5/4
f 3827/5/4 3819/5/4 3828/5/4
f 3819/1/4 3820/1/4 3829/1/4
f 3828/5/4 3819/5/4 3829/5/4
f 3820/5/4 3821/5/4 3830/5/4
f 3829/1/4 3820/1/4 3830/1/4
f 3821/5/4 3822/5/4 3830/5/4
f 3830/5/4 3822/5/4 3831/5/4
f 3822/1/4 3823/1/4 3832/1/4
f 3831/5/4 3822/5/4 3832/5/4
f 3823/5/4 3824/5/4 3833/5/4
f 3832/1/4 3823/1/4 3833/1/4
f 3824/5/4 3825/5/4 3833/5/4
f 3833/5/4 3825/5/4 3834/5/4
f 3826/5/4 3827/5/4 3835/5/4
f 3827/1/4 3828/1/4 3835/1/4
f 3828/5/4 3829/5/4 3836/5/4
f 3835/1/4 3828/1/4 3836/1/4
f 3829/5/4 3830/5/4 3836/5/4
f 3836/5/4 3830/5/4 3837/5/4
f 3830/1/4 3831/1/4 3838/1/4
f 3837/5/4 3830/5/4 3838/5/4
f 3831/5/4 3832/5/4 3839/5/4
f 3838/1/4 3831/1/4 3839/1/4
f 3832/5/4 3833/5/4 3839/5/4
f 3839/5/4 3833/5/4 3840/5/4
f 3833/1/4 3834/1/4 3841/1/4
f 3840/5/4 3833/5/4 3841/5/4
f 3834/5/4 3825/5/4 3842/5/4
f 3841/1/4 3834/1/4 3842/1/4
f 3825/5/4 3561/5/4 3843/5/4
f 3842/5/4 3825/5/4 3843/5/4
f 2408/5/4 3826/5/4 3844/5/4
f 3826/5/4 3835/5/4 3844/5/4
f 3835/5/4 3836/5/4 3844/5/4
f 3844/5/4 3836/5/4 3845/5/4
f 3836/1/4 3837/1/4 3846/1/4
f 3845/5/4 3836/5/4 3846/5/4
f 3837/5/4 3838/5/4 3847/5/4
f 3846/1/4 3837/1/4 3847/1/4
f 3838/5/4 3839/5/4 3847/5/4
f 3847/5/4 3839/5/4 3848/5/4
f 3839/1/4 3840/1/4 3849/1/4
f 3848/5/4 3839/5/4 3849/5/4
f 3841/5/4 3842/5/4 3850/5/4
f 3849/1/4 3840/1/4 3850/1/4
f 3840/5/4 3841/5/4 3850/5/4
f 3850/5/4 3842/5/4 3851/5/4
f 3842/1/4 3843/1/4 3852/1/4
f 3851/5/4 3842/5/4 3852/5/4
f 3843/5/4 3561/5/4 3853/5/4
f 3852/1/4 3843/1/4 3853/1/4
f 3844/1/4 3845/1/4 3854/1/4
f 2408/5/4 3844/5/4 3854/5/4
f 3845/5/4 3846/5/4 3855/5/4
f 3854/1/4 3845/1/4 3855/1/4
f 3846/5/4 3847/5/4 3855/5/4
f 3855/5/4 3847/5/4 3856/5/4
f 3847/1/4 3848/1/4 3857/1/4
f 3856/5/4 3847/5/4 3857/5/4
f 3848/5/4 3849/5/4 3858/5/4
f 3857/1/4 3848/1/4 3858/1/4
f 3849/5/4 3850/5/4 3858/5/4
f 3858/5/4 3850/5/4 3859/5/4
f 3850/1/4 3851/1/4 3860/1/4
f 3859/5/4 3850/5/4 3860/5/4
f 3851/5/4 3852/5/4 3861/5/4
f 3860/1/4 3851/1/4 3861/1/4
f 3852/5/4 3853/5/4 3861/5/4
f 3861/5/4 3853/5/4 3862/5/4
f 3854/5/4 3855/5/4 3863/5/4
f 3855/1/4 3856/1/4 3863/1/4
f 3856/5/4 3857/5/4 3864/5/4
f 3863/1/4 3856/1/4 3864/1/4
f 3857/5/4 3858/5/4 3864/5/4
f 3864/5/4 3858/5/4 3865/5/4
f 3858/1/4 3859/1/4 3866/1/4
f 3865/5/4 3858/5/4 3866/5/4
f 3859/5/4 3860/5/4 3867/5/4
f 3866/1/4 3859/1/4 3867/1/4
f 3860/5/4 3861/5/4 3867/5/4
f 3867/5/4 3861/5/4 3868/5/4
f 3861/1/4 3862/1/4 3869/1/4
f 3868/5/4 3861/5/4 3869/5/4
f 3862/5/4 3853/5/4 3870/5/4
f 3869/1/4 3862/1/4 3870/1/4
f 3853/5/4 3561/5/4 3871/5/4
f 3870/5/4 3853/5/4 3871/5/4
f 2408/5/4 3854/5/4 3872/5/4
f 3854/5/4 3863/5/4 3872/5/4
f 3863/5/4 3864/5/4 3872/5/4
f 3872/5/4 3864/5/4 3873/5/4
f 3864/1/4 3865/1/4 3874/1/4
f 3873/5/4 3864/5/4 3874/5/4
f 3865/5/4 3866/5/4 3875/5/4
f 3874/1/4 3865/1/4 3875/1/4
f 3866/5/4 3867/5/4 3875/5/4
f 3875/5/4 3867/5/4 3876/5/4
f 3867/1/4 3868/1/4 3877/1/4
f 3876/5/4 3867/5/4 3877/5/4
f 3869/5/4 3870/5/4 3878/5/4
f 3877/1/4 3868/1/4 3878/1/4
f 3868/5/4 3869/5/4 3878/5/4
f 3878/5/4 3870/5/4 3879/5/4
f 3870/1/4 3871/1/4 3880/1/4
f 3879/5/4 3870/5/4 3880/5/4
f 3871/5/4 3561/5/4 3881/5/4
f 3880/1/4 3871/1/4 3881/1/4
f 3872/1/4 3873/1/4 3882/1/4
f 2408/5/4 3872/5/4 3882/5/4
f 3873/5/4 3874/5/4 3883/5/4
f 3882/1/4 3873/1/4 3883/1/4
f 3874/5/4 3875/5/4 3883/5/4
f 3883/5/4 3875/5/4 3884/5/4
f 3875/1/4 3876/1/4 3885/1/4
f 3884/5/4 3875/5/4 3885/5/4
f 3876/5/4 3877/5/4 3886/5/4
f 3885/1/4 3876/1/4 3886/1/4
f 3877/5/4 3878/5/4 3886/5/4
f 3886/5/4 3878/5/4 3887/5/4
f 3878/1/4 3879/1/4 3888/1/4
f 3887/5/4 3878/5/4 3888/5/4
f 3879/5/4 3880/5/4 3889/5/4
f 3888/1/4 3879/1/4 3889/1/4
f 3880/5/4 3881/5/4 3889/5/4
f 3889/5/4 3881/5/4 3890/5/4
f 3882/5/4 3883/5/4 3891/5/4
f 3883/1/4 3884/1/4 3891/1/4
f 3884/5/4 3885/5/4 3892/5/4
f 3891/1/4 3884/1/4 3892/1/4
f 3885/5/4 3886/5/4 3892/5/4
f 3892/5/4 3886/5/4 3893/5/4
f 3886/1/4 3887/1/4 3894/1/4
f 3893/5/4 3886/5/4 3894/5/4
f 3887/5/4 3888/5/4 3895/5/4
f 3894/1/4 3887/1/4 3895/1/4
f 3888/5/4 3889/5/4 3895/5/4
f 3895/5/4 3889/5/4 3896/5/4
f 3889/1/4 3890/1/4 3897/1/4
f 3896/5/4 3889/5/4 3897/5/4
f 3890/5/4 3881/5/4 3898/5/4
f 3897/1/4 3890/1/4 3898/1/4
f 3881/5/4 3561/5/4 3899/5/4
f 3898/5/4 3881/5/4 3899/5/4
f 2408/5/4 3882/5/4 3900/5/4
f 3882/5/4 3891/5/4 3900/5/4
f 3891/5/4 3892/5/4 3900/5/4
f 3900/5/4 3892/5/4 3901/5/4
f 3892/1/4 3893/1/4 3902/1/4
f 3901/5/4 3892/5/4 3902/5/4
f 3893/5/4 3894/5/4 3903/5/4
f 3902/1/4 3893/1/4 3903/1/4
f 3894/5/4 3895/5/4 3903/5/4
f 3903/5/4 3895/5/4 3904/5/4
f 3895/1/4 3896/1/4 3905/1/4
f 3904/5/4 3895/5/4 3905/5/4
f 3897/5/4 3898/5/4 3906/5/4
f 3905/1/4 3896/1/4 3906/1/4
f 3896/5/4 3897/5/4 3906/5/4
f 3906/5/4 3898/5/4 3907/5/4
f 3898/1/4 3899/1/4 3908/1/4
f 3907/5/4 3898/5/4 3908/5/4
f 3899/5/4 3561/5/4 3909/5/4
f 3908/1/4 3899/1/4 3909/1/4
f 3767/4/4 3768/4/4 3910/4/4
f 3768/2/4 3769/2/4 3910/2/4
f 3769/2/4 3756/2/4 3911/2/4
f 3910/2/4 3769/2/4 3911/2/4
f 3900/1/4 3901/1/4 3912/1/4
f 2408/5/4 3900/5/4 3912/5/4
f 3901/5/4 3902/5/4 3913/5/4
f 3912/1/4 3901/1/4 3913/1/4
f 3902/5/4 3903/5/4 3913/5/4
f 3913/5/4 3903/5/4 3914/5/4
f 3903/1/4 3904/1/4 3915/1/4
f 3914/5/4 3903/5/4 3915/5/4
f 3904/5/4 3905/5/4 3916/5/4
f 3915/1/4 3904/1/4 3916/1/4
f 3905/5/4 3906/5/4 3916/5/4
f 3916/5/4 3906/5/4 3917/5/4
f 3906/1/4 3907/1/4 3918/1/4
f 3917/5/4 3906/5/4 3918/5/4
f 3907/5/4 3908/5/4 3919/5/4
f 3918/1/4 3907/1/4 3919/1/4
f 3908/5/4 3909/5/4 3919/5/4
f 3919/5/4 3909/5/4 3920/5/4
f 3767/4/4 3910/4/4 3921/4/4
f 3910/4/4 3911/4/4 3921/4/4
f 3911/2/4 3756/2/4 3922/2/4
f 3921/4/4 3911/4/4 3922/4/4
f 3912/5/4 3913/5/4 3923/5/4
f 3913/1/4 3914/1/4 3923/1/4
f 3914/5/4 3915/5/4 3924/5/4
f 3923/1/4 3914/1/4 3924/1/4
f 3915/5/4 3916/5/4 3924/5/4
f 3924/5/4 3916/5/4 3925/5/4
f 3916/1/4 3917/1/4 3926/1/4
f 3925/5/4 3916/5/4 3926/5/4
f 3917/5/4 3918/5/4 3927/5/4
f 3926/1/4 3917/1/4 3927/1/4
f 3918/5/4 3919/5/4 3927/5/4
f 3927/5/4 3919/5/4 3928/5/4
f 3919/1/4 3920/1/4 3929/1/4
f 3928/5/4 3919/5/4 3929/5/4
f 3920/5/4 3909/5/4 3930/5/4
f 3929/1/4 3920/1/4 3930/1/4
f 3909/5/4 3561/5/4 3931/5/4
f 3930/5/4 3909/5/4 3931/5/4
f 2408/5/4 3912/5/4 3932/5/4
f 3912/5/4 3923/5/4 3932/5/4
f 3923/5/4 3924/5/4 3932/5/4
f 3932/5/4 3924/5/4 3933/5/4
f 3924/1/4 3925/1/4 3934/1/4
f 3933/5/4 3924/5/4 3934/5/4
f 3925/5/4 3926/5/4 3935/5/4
f 3934/1/4 3925/1/4 3935/1/4
f 3926/5/4 3927/5/4 3935/5/4
f 3935/5/4 3927/5/4 3936/5/4
f 3927/1/4 3928/1/4 3937/1/4
f 3936/5/4 3927/5/4 3937/5/4
f 3928/5/4 3929/5/4 3938/5/4
f 3937/1/4 3928/1/4 3938/1/4
f 3929/5/4 3930/5/4 3938/5/4
f 3938/5/4 3930/5/4 3939/5/4
f 3930/1/4 3931/1/4 3940/1/4
f 3939/5/4 3930/5/4 3940/5/4
f 3931/5/4 3561/5/4 3941/5/4
f 3940/1/4 3931/1/4 3941/1/4
f 3932/1/4 3933/1/4 3942/1/4
f 2408/5/4 3932/5/4 3942/5/4
f 3933/5/4 3934/5/4 3943/5/4
f 3942/1/4 3933/1/4 3943/1/4
f 3934/5/4 3935/5/4 3943/5/4
f 3943/5/4 3935/5/4 3944/5/4
f 3935/1/4 3936/1/4 3945/1/4
f 3944/5/4 3935/5/4 3945/5/4
f 3936/5/4 3937/5/4 3946/5/4
f 3945/1/4 3936/1/4 3946/1/4
f 3937/5/4 3938/5/4 3946/5/4
f 3946/5/4 3938/5/4 3947/5/4
f 3938/1/4 3939/1/4 3948/1/4
f 3947/5/4 3938/5/4 3948/5/4
f 3939/5/4 3940/5/4 3949/5/4
f 3948/1/4 3939/1/4 3949/1/4
f 3940/5/4 3941/5/4 3949/5/4
f 3949/5/4 3941/5/4 3950/5/4
f 3942/5/4 3943/5/4 3951/5/4
f 3943/1/4 3944/1/4 3951/1/4
f 3944/5/4 3945/5/4 3952/5/4
f 3951/1/4 3944/1/4 3952/1/4
f 3945/5/4 3946/5/4 3952/5/4
f 3952/5/4 3946/5/4 3953/5/4
f 3946/1/4 3947/1/4 3954/1/4
f 3953/5/4 3946/5/4 3954/5/4
f 3947/5/4 3948/5/4 3955/5/4
f 3954/1/4 3947/1/4 3955/1/4
f 3948/5/4 3949/5/4 3955/5/4
f 3955/5/4 3949/5/4 3956/5/4
f 3949/1/4 3950/1/4 3957/1/4
f 3956/5/4 3949/5/4 3957/5/4
f 3950/5/4 3941/5/4 3958/5/4
f 3957/1/4 3950/1/4 3958/1/4
f 3941/5/4 3561/5/4 3959/5/4
f 3958/5/4 3941/5/4 3959/5/4
f 2408/5/4 3942/5/4 3960/5/4
f 3942/5/4 3951/5/4 3960/5/4
f 3951/5/4 3952/5/4 3960/5/4
f 3960/5/4 3952/5/4 3961/5/4
f 3952/1/4 3953/1/4 3962/1/4
f 3961/5/4 3952/5/4 3962/5/4
f 3953/5/4 3954/5/4 3963/5/4
f 3962/1/4 3953/1/4 3963/1/4
f 3954/5/4 3955/5/4 3963/5/4
f 3963/5/4 3955/5/4 3964/5/4
f 3955/1/4 3956/1/4 3965/1/4
f 3964/5/4 3955/5/4 3965/5/4
f 3957/5/4 3958/5/4 3966/5/4
f 3965/1/4 3956/1/4 3966/1/4
f 3956/5/4 3957/5/4 3966/5/4
f 3966/5/4 3958/5/4 3967/5/4
f 3958/1/4 3959/1/4 3968/1/4
f 3967/5/4 3958/5/4 3968/5/4
f 3959/5/4 3561/5/4 3969/5/4
f 3968/1/4 3959/1/4 3969/1/4
f 3960/1/4 3961/1/4 3970/1/4
f 2408/5/4 3960/5/4 3970/5/4
f 3961/5/4 3962/5/4 3971/5/4
f 3970/1/4 3961/1/4 3971/1/4
f 3962/5/4 3963/5/4 3971/5/4
f 3971/5/4 3963/5/4 3972/5/4
f 3963/1/4 3964/1/4 3973/1/4
f 3972/5/4 3963/5/4 3973/5/4
f 3964/5/4 3965/5/4 3974/5/4
f 3973/1/4 3964/1/4 3974/1/4
f 3965/5/4 3966/5/4 3974/5/4
f 3974/5/4 3966/5/4 3975/5/4
f 3966/1/4 3967/1/4 3976/1/4
f 3975/5/4 3966/5/4 3976/5/4
f 3967/5/4 3968/5/4 3977/5/4
f 3976/1/4 3967/1/4 3977/1/4
f 3968/5/4 3969/5/4 3977/5/4
f 3977/5/4 3969/5/4 3978/5/4
f 3970/5/4 3971/5/4 3979/5/4
f 3971/1/4 3972/1/4 3979/1/4
f 3972/5/4 3973/5/4 3980/5/4
f 3979/1/4 3972/1/4 3980/1/4
f 3973/5/4 3974/5/4 3980/5/4
f 3980/5/4 3974/5/4 3981/5/4
f 3974/1/4 3975/1/4 3982/1/4
f 3981/5/4 3974/5/4 3982/5/4
f 3975/5/4 3976/5/4 3983/5/4
f 3982/1/4 3975/1/4 3983/1/4
f 3976/5/4 3977/5/4 3983/5/4
f 3983/5/4 3977/5/4 3984/5/4
f 3977/1/4 3978/1/4 3985/1/4
f 3984/5/4 3977/5/4 3985/5/4
f 3978/5/4 3969/5/4 3986/5/4
f 3985/1/4 3978/1/4 3986/1/4
f 3969/5/4 3561/5/4 3987/5/4
f 3986/5/4 3969/5/4 3987/5/4
f 2408/5/4 3970/5/4 3988/5/4
f 3970/5/4 3979/5/4 3988/5/4
f 3979/5/4 3980/5/4 3988/5/4
f 3988/5/4 3980/5/4 3989/5/4
f 3980/1/4 3981/1/4 3990/1/4
f 3989/5/4 3980/5/4 3990/5/4
f 3981/5/4 3982/5/4 3991/5/4
f 3990/1/4 3981/1/4 3991/1/4
f 3982/5/4 3983/5/4 3991/5/4
f 3991/5/4 3983/5/4 3992/5/4
f 3983/1/4 3984/1/4 3993/1/4
f 3992/5/4 3983/5/4 3993/5/4
f 3984/5/4 3985/5/4 3994/5/4
f 3993/1/4 3984/1/4 3994/1/4
f 3985/5/4 3986/5/4 3994/5/4
f 3994/5/4 3986/5/4 3995/5/4
f 3986/1/4 3987/1/4 3996/1/4
f 3995/5/4 3986/5/4 3996/5/4
f 3987/5/4 3561/5/4 3997/5/4
f 3996/1/4 3987/1/4 3997/1/4
f 3988/1/4 3989/1/4 3998/1/4
f 2408/5/4 3988/5/4 3998/5/4
f 3989/5/4 3990/5/4 3999/5/4
f 3998/1/4 3989/1/4 3999/1/4
f 3990/5/4 3991/5/4 3999/5/4
f 3999/5/4 3991/5/4 4000/5/4
f 3991/1/4 3992/1/4 4001/1/4
f 4000/5/4 3991/5/4 4001/5/4
f 3992/5/4 3993/5/4 4002/5/4
f 4001/1/4 3992/1/4 4002/1/4
f 3993/5/4 3994/5/4 4002/5/4
f 4002/5/4 3994/5/4 4003/5/4
f 3994/1/4 3995/1/4 4004/1/4
f 4003/5/4 3994/5/4 4004/5/4
f 3995/5/4 3996/5/4 4005/5/4
f 4004/1/4 3995/1/4 4005/1/4
f 3996/5/4 3997/5/4 4005/5/4
f 4005/5/4 3997/5/4 4006/5/4
f 3998/5/4 3999/5/4 4007/5/4
f 3999/1/4 4000/1/4 4007/1/4
f 4000/5/4 4001/5/4 4008/5/4
f 4007/1/4 4000/1/4 4008/1/4
f 4001/5/4 4002/5/4 4008/5/4
f 4008/5/4 4002/5/4 4009/5/4
f 4002/1/4 4003/1/4 4010/1/4
f 4009/5/4 4002/5/4 4010/5/4
f 4003/5/4 4004/5/4 4011/5/4
f 4010/1/4 4003/1/4 4011/1/4
f 4004/5/4 4005/5/4 4011/5/4
f 4011/5/4 4005/5/4 4012/5/4
f 4005/1/4 4006/1/4 4013/1/4
f 4012/5/4 4005/5/4 4013/5/4
f 4006/5/4 3997/5/4 4014/5/4
f 4013/1/4 4006/1/4 4014/1/4
f 3997/5/4 3561/5/4 4015/5/4
f 4014/5/4 3997/5/4 4015/5/4
f 2408/5/4 3998/5/4 4016/5/4
f 3998/5/4 4007/5/4 4016/5/4
f 4007/5/4 4008/5/4 4016/5/4
f 4016/5/4 4008/5/4 4017/5/4
f 4008/1/4 4009/1/4 4018/1/4
f 4017/5/4 4008/5/4 4018/5/4
f 4009/5/4 4010/5/4 4019/5/4
f 4018/1/4 4009/1/4 4019/1/4
f 4010/5/4 4011/5/4 4019/5/4
f 4019/5/4 4011/5/4 4020/5/4
f 4011/1/4 4012/1/4 4021/1/4
f 4020/5/4 4011/5/4 4021/5/4
f 4013/5/4 4014/5/4 4022/5/4
f 4021/1/4 4012/1/4 4022/1/4
f 4012/5/4 4013/5/4 4022/5/4
f 4022/5/4 4014/5/4 4023/5/4
f 4014/1/4 4015/1/4 4024/1/4
f 4023/5/4 4014/5/4 4024/5/4
f 4015/5/4 3561/5/4 4025/5/4
f 4024/1/4 4015/1/4 4025/1/4
f 4016/1/4 4017/1/4 4026/1/4
f 2408/5/4 4016/5/4 4026/5/4
f 4017/5/4 4018/5/4 4027/5/4
f 4026/1/4 4017/1/4 4027/1/4
f 4018/5/4 4019/5/4 4027/5/4
f 4027/5/4 4019/5/4 4028/5/4
f 4019/1/4 4020/1/4 4029/1/4
f 4028/5/4 4019/5/4 4029/5/4
f 4020/5/4 4021/5/4 4030/5/4
f 4029/1/4 4020/1/4 4030/1/4
f 4021/5/4 4022/5/4 4030/5/4
f 4030/5/4 4022/5/4 4031/5/4
f 4022/1/4 4023/1/4 4032/1/4
f 4031/5/4 4022/5/4 4032/5/4
f 4023/5/4 4024/5/4 4033/5/4
f 4032/1/4 4023/1/4 4033/1/4
f 4024/5/4 4025/5/4 4033/5/4
f 4033/5/4 4025/5/4 4034/5/4
f 4026/5/4 4027/5/4 4035/5/4
f 4027/1/4 4028/1/4 4035/1/4
f 4028/5/4 4029/5/4 4036/5/4
f 4035/1/4 4028/1/4 4036/1/4
f 4029/5/4 4030/5/4 4036/5/4
f 4036/5/4 4030/5/4 4037/5/4
f 4030/1/4 4031/1/4 4038/1/4
f 4037/5/4 4030/5/4 4038/5/4
f 4031/5/4 4032/5/4 4039/5/4
f 4038/1/4 4031/1/4 4039/1/4
f 4032/5/4 4033/5/4 4039/5/4
f 4039/5/4 4033/5/4 4040/5/4
f 4033/1/4 4034/1/4 4041/1/4
f 4040/5/4 4033/5/4 4041/5/4
f 4034/5/4 4025/5/4 4042/5/4
f 4041/1/4 4034/1/4 4042/1/4
f 4025/5/4 3561/5/4 4043/5/4
f 4042/5/4 4025/5/4 4043/5/4
f 2408/5/4 4026/5/4 4044/5/4
f 4026/5/4 4035/5/4 4044/5/4
f 4035/5/4 4036/5/4 4044/5/4
f 4044/5/4 4036/5/4 4045/5/4
f 4036/1/4 4037/1/4 4046/1/4
f 4045/5/4 4036/5/4 4046/5/4
f 4037/5/4 4038/5/4 4047/5/4
f 4046/1/4 4037/1/4 4047/1/4
f 4038/5/4 4039/5/4 4047/5/4
f 4047/5/4 4039/5/4 4048/5/4
f 4039/1/4 4040/1/4 4049/1/4
f 4048/5/4 4039/5/4 4049/5/4
f 4041/5/4 4042/5/4 4050/5/4
f 4049/1/4 4040/1/4 4050/1/4
f 4040/5/4 4041/5/4 4050/5/4
f 4050/5/4 4042/5/4 4051/5/4
f 4042/1/4 4043/1/4 4052/1/4
f 4051/5/4 4042/5/4 4052/5/4
f 4043/5/4 3561/5/4 4053/5/4
f 4052/1/4 4043/1/4 4053/1/4
f 4044/1/4 4045/1/4 4054/1/4
f 2408/5/4 4044/5/4 4054/5/4
f 4045/5/4 4046/5/4 4055/5/4
f 4054/1/4 4045/1/4 4055/1/4
f 4046/5/4 4047/5/4 4055/5/4
f 4055/5/4 4047/5/4 4056/5/4
f 4047/1/4 4048/1/4 4057/1/4
f 4056/5/4 4047/5/4 4057/5/4
f 4048/5/4 4049/5/4 4058/5/4
f 4057/1/4 4048/1/4 4058/1/4
f 4049/5/4 4050/5/4 4058/5/4
f 4058/5/4 4050/5/4 4059/5/4
f 4050/1/4 4051/1/4 4060/1/4
f 4059/5/4 4050/5/4 4060/5/4
f 4051/5/4 4052/5/4 4061/5/4
f 4060/1/4 4051/1/4 4061/1/4
f 4052/5/4 4053/5/4 4061/5/4
f 4061/5/4 4053/5/4 4062/5/4
f 4054/5/4 4055/5/4 4063/5/4
f 4055/1/4 4056/1/4 4063/1/4
f 4056/5/4 4057/5/4 4064/5/4
f 4063/1/4 4056/1/4 4064/1/4
f 4057/5/4 4058/5/4 4064/5/4
f 4064/5/4 4058/5/4 4065/5/4
f 4058/1/4 4059/1/4 4066/1/4
f 4065/5/4 4058/5/4 4066/5/4
f 4059/5/4 4060/5/4 4067/5/4
f 4066/1/4 4059/1/4 4067/1/4
f 4060/5/4 4061/5/4 4067/5/4
f 4067/5/4 4061/5/4 4068/5/4
f 4061/1/4 4062/1/4 4069/1/4
f 4068/5/4 4061/5/4 4069/5/4
f 4062/5/4 4053/5/4 4070/5/4
f 4069/1/4 4062/1/4 4070/1/4
f 4053/5/4 3561/5/4 4071/5/4
f 4070/5/4 4053/5/4 4071/5/4
f 2408/5/4 4054/5/4 4072/5/4
f 4054/5/4 4063/5/4 4072/5/4
f 4063/5/4 4064/5/4 4072/5/4
f 4072/5/4 4064/5/4 4073/5/4
f 4064/1/4 4065/1/4 4074/1/4
f 4073/5/4 4064/5/4 4074/5/4
f 4065/5/4 4066/5/4 4075/5/4
f 4074/1/4 4065/1/4 4075/1/4
f 4066/5/4 4067/5/4 4075/5/4
f 4075/5/4 4067/5/4 4076/5/4
f 4067/1/4 4068/1/4 4077/1/4
f 4076/5/4 4067/5/4 4077/5/4
f 4069/5/4 4070/5/4 4078/5/4
f 4077/1/4 4068/1/4 4078/1/4
f 4068/5/4 4069/5/4 4078/5/4
f 4078/5/4 4070/5/4 4079/5/4
f 4070/1/4 4071/1/4 4080/1/4
f 4079/5/4 4070/5/4 4080/5/4
f 4071/5/4 3561/5/4 4081/5/4
f 4080/1/4 4071/1/4 4081/1/4
f 4072/1/4 4073/1/4 4082/1/4
f 2408/5/4 4072/5/4 4082/5/4
f 4073/5/4 4074/5/4 4083/5/4
f 4082/1/4 4073/1/4 4083/1/4
f 4074/5/4 4075/5/4 4083/5/4
f 4083/5/4 4075/5/4 4084/5/4
f 4075/1/4 4076/1/4 4085/1/4
f 4084/5/4 4075/5/4 4085/5/4
f 4076/5/4 4077/5/4 4086/5/4
f 4085/1/4 4076/1/4 4086/1/4
f 4077/5/4 4078/5/4 4086/5/4
f 4086/5/4 4078/5/4 4087/5/4
f 4078/1/4 4079/1/4 4088/1/4
f 4087/5/4 4078/5/4 4088/5/4
f 4079/5/4 4080/5/4 4089/5/4
f 4088/1/4 4079/1/4 4089/1/4
f 4080/5/4 4081/5/4 4089/5/4
f 4089/5/4 4081/5/4 4090/5/4
f 4082/5/4 4083/5/4 4091/5/4
f 4083/1/4 4084/1/4 4091/1/4
f 4084/5/4 4085/5/4 4092/5/4
f 4091/1/4 4084/1/4 4092/1/4
f 4085/5/4 4086/5/4 4092/5/4
f 4092/5/4 4086/5/4 4093/5/4
f 4086/1/4 4087/1/4 4094/1/4
f 4093/5/4 4086/5/4 4094/5/4
f 4087/5/4 4088/5/4 4095/5/4
f 4094/1/4 4087/1/4 4095/1/4
f 4088/5/4 4089/5/4 4095/5/4
f 4095/5/4 4089/5/4 4096/5/4
f 4089/1/4 4090/1/4 4097/1/4
f 4096/5/4 4089/5/4 4097/5/4
f 4090/5/4 4081/5/4 4098/5/4
f 4097/1/4 4090/1/4 4098/1/4
f 4081/5/4 3561/5/4 4099/5/4
f 4098/5/4 4081/5/4 4099/5/4
f 2408/5/4 4082/5/4 4100/5/4
f 4082/5/4 4091/5/4 4100/5/4
f 4091/5/4 4092/5/4 4100/5/4
f 4100/5/4 4092/5/4 4101/5/4
f 4092/1/4 4093/1/4 4102/1/4
f 4101/5/4 4092/5/4 4102/5/4
f 4093/5/4 4094/5/4 4103/5/4
f 4102/1/4 4093/1/4 4103/1/4
f 4094/5/4 4095/5/4 4103/5/4
f 4103/5/4 4095/5/4 4104/5/4
f 4095/1/4 4096/1/4 4105/1/4
f 4104/5/4 4095/5/4 4105/5/4
f 4097/5/4 4098/5/4 4106/5/4
f 4105/1/4 4096/1/4 4106/1/4
f 4096/5/4 4097/5/4 4106/5/4
f 4106/5/4 4098/5/4 4107/5/4
f 4098/1/4 4099/1/4 4108/1/4
f 4107/5/4 4098/5/4 4108/5/4
f 4099/5/4 3561/5/4 4109/5/4
f 4108/1/4 4099/1/4 4109/1/4
f 4100/1/4 4101/1/4 4110/1/4
f 2408/5/4 4100/5/4 4110/5/4
f 4101/5/4 4102/5/4 4111/5/4
f 4110/1/4 4101/1/4 4111/1/4
f 4102/5/4 4103/5/4 4111/5/4
f 4111/5/4 4103/5/4 4112/5/4
f 4103/1/4 4104/1/4 4113/1/4
f 4112/5/4 4103/5/4 4113/5/4
f 4104/5/4 4105/5/4 4114/5/4
f 4113/1/4 4104/1/4 4114/1/4
f 4105/5/4 4106/5/4 4114/5/4
f 4114/5/4 4106/5/4 4115/5/4
f 4106/1/4 4107/1/4 4116/1/4
f 4115/5/4 4106/5/4 4116/5/4
f 4107/5/4 4108/5/4 4117/5/4
f 4116/1/4 4107/1/4 4117/1/4
f 4108/5/4 4109/5/4 4117/5/4
f 4117/5/4 4109/5/4 4118/5/4
f 4110/5/4 4111/5/4 4119/5/4
f 4111/1/4 4112/1/4 4119/1/4
f 4112/5/4 4113/5/4 4120/5/4
f 4119/1/4 4112/1/4 4120/1/4
f 4113/5/4 4114/5/4 4120/5/4
f 4120/5/4 4114/5/4 4121/5/4
f 4114/1/4 4115/1/4 4122/1/4
f 4121/5/4 4114/5/4 4122/5/4
f 4115/5/4 4116/5/4 4123/5/4
f 4122/1/4 4115/1/4 4123/1/4
f 4116/5/4 4117/5/4 4123/5/4
f 4123/5/4 4117/5/4 4124/5/4
f 4117/1/4 4118/1/4 4125/1/4
f 4124/5/4 4117/5/4 4125/5/4
f 4118/5/4 4109/5/4 4126/5/4
f 4125/1/4 4118/1/4 4126/1/4
f 4109/5/4 3561/5/4 4127/5/4
f 4126/5/4 4109/5/4 4127/5/4
f 2408/5/4 4110/5/4 4128/5/4
f 4110/5/4 4119/5/4 4128/5/4
f 4119/5/4 4120/5/4 4128/5/4
f 4128/5/4 4120/5/4 4129/5/4
f 4120/1/4 4121/1/4 4130/1/4
f 4129/5/4 4120/5/4 4130/5/4
f 4121/5/4 4122/5/4 4131/5/4
f 4130/1/4 4121/1/4 4131/1/4
f 4122/5/4 4123/5/4 4131/5/4
f 4131/5/4 4123/5/4 4132/5/4
f 4123/1/4 4124/1/4 4133/1/4
f 4132/5/4 4123/5/4 4133/5/4
f 4125/5/4 4126/5/4 4134/5/4
f 4133/1/4 4124/1/4 4134/1/4
f 4124/5/4 4125/5/4 4134/5/4
f 4134/5/4 4126/5/4 4135/5/4
f 4126/1/4 4127/1/4 4136/1/4
f 4135/5/4 4126/5/4 4136/5/4
f 4127/5/4 3561/5/4 4137/5/4
f 4136/1/4 4127/1/4 4137/1/4
f 4128/1/4 4129/1/4 4138/1/4
f 2408/5/4 4128/5/4 4138/5/4
f 4129/5/4 4130/5/4 4139/5/4
f 4138/1/4 4129/1/4 4139/1/4
f 4130/5/4 4131/5/4 4139/5/4
f 4139/5/4 4131/5/4 4140/5/4
f 4131/1/4 4132/1/4 4141/1/4
f 4140/5/4 4131/5/4 4141/5/4
f 4132/5/4 4133/5/4 4142/5/4
f 4141/1/4 4132/1/4 4142/1/4
f 4133/5/4 4134/5/4 4142/5/4
f 4142/5/4 4134/5/4 4143/5/4
f 4134/1/4 4135/1/4 4144/1/4
f 4143/5/4 4134/5/4 4144/5/4
f 4135/5/4 4136/5/4 4145/5/4
f 4144/1/4 4135/1/4 4145/1/4
f 4136/5/4 4137/5/4 4145/5/4
f 4145/5/4 4137/5/4 4146/5/4
f 4138/5/4 4139/5/4 4147/5/4
f 4139/1/4 4140/1/4 4147/1/4
f 4140/5/4 4141/5/4 4148/5/4
f 4147/1/4 4140/1/4 4148/1/4
f 4141/5/4 4142/5/4 4148/5/4
f 4148/5/4 4142/5/4 4149/5/4
f 4142/1/4 4143/1/4 4150/1/4
f 4149/5/4 4142/5/4 4150/5/4
f 4143/5/4 4144/5/4 4151/5/4
f 4150/1/4 4143/1/4 4151/1/4
f 4144/5/4 4145/5/4 4151/5/4
f 4151/5/4 4145/5/4 4152/5/4
f 4145/1/4 4146/1/4 4153/1/4
f 4152/5/4 4145/5/4 4153/5/4
f 4146/5/4 4137/5/4 4154/5/4
f 4153/1/4 4146/1/4 4154/1/4
f 4137/5/4 3561/5/4 4155/5/4
f 4154/5/4 4137/5/4 4155/5/4
f 2408/5/4 4138/5/4 4156/5/4
f 4138/5/4 4147/5/4 4156/5/4
f 4147/5/4 4148/5/4 4156/5/4
f 4156/5/4 4148/5/4 4157/5/4
f 4148/1/4 4149/1/4 4158/1/4
f 4157/5/4 4148/5/4 4158/5/4
f 4149/5/4 4150/5/4 4159/5/4
f 4158/1/4 4149/1/4 4159/1/4
f 4150/5/4 4151/5/4 4159/5/4
f 4159/5/4 4151/5/4 4160/5/4
f 4151/1/4 4152/1/4 4161/1/4
f 4160/5/4 4151/5/4 4161/5/4
f 4153/5/4 4154/5/4 4162/5/4
f 4161/1/4 4152/1/4 4162/1/4
f 4152/5/4 4153/5/4 4162/5/4
f 4162/5/4 4154/5/4 4163/5/4
f 4154/1/4 4155/1/4 4164/1/4
f 4163/5/4 4154/5/4 4164/5/4
f 4155/5/4 3561/5/4 4165/5/4
f 4164/1/4 4155/1/4 4165/1/4
f 4156/1/4 4157/1/4 4166/1/4
f 2408/5/4 4156/5/4 4166/5/4
f 4157/5/4 4158/5/4 4167/5/4
f 4166/1/4 4157/1/4 4167/1/4
f 4158/5/4 4159/5/4 4167/5/4
f 4167/5/4 4159/5/4 4168/5/4
f 4159/1/4 4160/1/4 4169/1/4
f 4168/5/4 4159/5/4 4169/5/4
f 4160/5/4 4161/5/4 4170/5/4
f 4169/1/4 4160/1/4 4170/1/4
f 4161/5/4 4162/5/4 4170/5/4
f 4170/5/4 4162/5/4 4171/5/4
f 4162/1/4 4163/1/4 4172/1/4
f 4171/5/4 4162/5/4 4172/5/4
f 4163/5/4 4164/5/4 4173/5/4
f 4172/1/4 4163/1/4 4173/1/4
f 4164/5/4 4165/5/4 4173/5/4
f 4173/5/4 4165/5/4 4174/5/4
f 4166/5/4 4167/5/4 4175/5/4
f 4167/1/4 4168/1/4 4175/1/4
f 4168/5/4 4169/5/4 4176/5/4
f 4175/1/4 4168/1/4 4176/1/4
f 4169/5/4 4170/5/4 4176/5/4
f 4176/5/4 4170/5/4 4177/5/4
f 4170/1/4 4171/1/4 4178/1/4
f 4177/5/4 4170/5/4 4178/5/4
f 4171/5/4 4172/5/4 4179/5/4
f 4178/1/4 4171/1/4 4179/1/4
f 4172/5/4 4173/5/4 4179/5/4
f 4179/5/4 4173/5/4 4180/5/4
f 4173/1/4 4174/1/4 4181/1/4
f 4180/5/4 4173/5/4 4181/5/4
f 4174/5/4 4165/5/4 4182/5/4
f 4181/1/4 4174/1/4 4182/1/4
f 4165/5/4 3561/5/4 4183/5/4
f 4182/5/4 4165/5/4 4183/5/4
f 2408/5/4 4166/5/4 4184/5/4
f 4166/5/4 4175/5/4 4184/5/4
f 4175/5/4 4176/5/4 4184/5/4
f 4184/5/4 4176/5/4 4185/5/4
f 4176/1/4 4177/1/4 4186/1/4
f 4185/5/4 4176/5/4 4186/5/4
f 4177/5/4 4178/5/4 4187/5/4
f 4186/1/4 4177/1/4 4187/1/4
f 4178/5/4 4179/5/4 4187/5/4
f 4187/5/4 4179/5/4 4188/5/4
f 4179/1/4 4180/1/4 4189/1/4
f 4188/5/4 4179/5/4 4189/5/4
f 4181/5/4 4182/5/4 4190/5/4
f 4189/1/4 4180/1/4 4190/1/4
f 4180/5/4 4181/5/4 4190/5/4
f 4190/5/4 4182/5/4 4191/5/4
f 4182/1/4 4183/1/4 4192/1/4
f 4191/5/4 4182/5/4 4192/5/4
f 4183/5/4 3561/5/4 4193/5/4
f 4192/1/4 4183/1/4 4193/1/4
f 4184/1/4 4185/1/4 4194/1/4
f 2408/5/4 4184/5/4 4194/5/4
f 4185/5/4 4186/5/4 4195/5/4
f 4194/1/4 4185/1/4 4195/1/4
f 4186/5/4 4187/5/4 4195/5/4
f 4195/5/4 4187/5/4 4196/5/4
f 4187/1/4 4188/1/4 4197/1/4
f 4196/5/4 4187/5/4 4197/5/4
f 4188/5/4 4189/5/4 4198/5/4
f 4197/1/4 4188/1/4 4198/1/4
f 4189/5/4 4190/5/4 4198/5/4
f 4198/5/4 4190/5/4 4199/5/4
f 4190/1/4 4191/1/4 4200/1/4
f 4199/5/4 4190/5/4 4200/5/4
f 4191/5/4 4192/5/4 4201/5/4
f 4200/1/4 4191/1/4 4201/1/4
f 4192/5/4 4193/5/4 4201/5/4
f 4201/5/4 4193/5/4 4202/5/4
f 4194/5/4 4195/5/4 4203/5/4
f 4195/1/4 4196/1/4 4203/1/4
f 4196/5/4 4197/5/4 4204/5/4
f 4203/1/4 4196/1/4 4204/1/4
f 4197/5/4 4198/5/4 4204/5/4
f 4204/5/4 4198/5/4 4205/5/4
f 4198/1/4 4199/1/4 4206/1/4
f 4205/5/4 4198/5/4 4206/5/4
f 4199/5/4 4200/5/4 4207/5/4
f 4206/1/4 4199/1/4 4207/1/4
f 4200/5/4 4201/5/4 4207/5/4
f 4207/5/4 4201/5/4 4208/5/4
f 4201/1/4 4202/1/4 4209/1/4
f 4208/5/4 4201/5/4 4209/5/4
f 4202/5/4 4193/5/4 4210/5/4
f 4209/1/4 4202/1/4 4210/1/4
f 4193/5/4 3561/5/4 4211/5/4
f 4210/5/4 4193/5/4 4211/5/4
f 2408/5/4 4194/5/4 4212/5/4
f 4194/5/4 4203/5/4 4212/5/4
f 4203/5/4 4204/5/4 4212/5/4
f 4212/5/4 4204/5/4 4213/5/4
f 4204/1/4 4205/1/4 4214/1/4
f 4213/5/4 4204/5/4 4214/5/4
f 4205/5/4 4206/5/4 4215/5/4
f 4214/1/4 4205/1/4 4215/1/4
f 4206/5/4 4207/5/4 4215/5/4
f 4215/5/4 4207/5/4 4216/5/4
f 4207/1/4 4208/1/4 4217/1/4
f 4216/5/4 4207/5/4 4217/5/4
f 4209/5/4 4210/5/4 4218/5/4
f 4217/1/4 4208/1/4 4218/1/4
f 4208/5/4 4209/5/4 4218/5/4
f 4218/5/4 4210/5/4 4219/5/4
f 4210/1/4 4211/1/4 4220/1/4
f 4219/5/4 4210/5/4 4220/5/4
f 4211/5/4 3561/5/4 4221/5/4
f 4220/1/4 4211/1/4 4221/1/4
f 4212/1/4 4213/1/4 4222/1/4
f 2408/5/4 4212/5/4 4222/5/4
f 4213/5/4 4214/5/4 4223/5/4
f 4222/1/4 4213/1/4 4223/1/4
f 4214/5/4 4215/5/4 4223/5/4
f 4223/5/4 4215/5/4 4224/5/4
f 4215/1/4 4216/1/4 4225/1/4
f 4224/5/4 4215/5/4 4225/5/4
f 4216/5/4 4217/5/4 4226/5/4
f 4225/1/4 4216/1/4 4226/1/4
f 4217/5/4 4218/5/4 4226/5/4
f 4226/5/4 4218/5/4 4227/5/4
f 4218/1/4 4219/1/4 4228/1/4
f 4227/5/4 4218/5/4 4228/5/4
f 4219/5/4 4220/5/4 4229/5/4
f 4228/1/4 4219/1/4 4229/1/4
f 4220/5/4 4221/5/4 4229/5/4
f 4229/5/4 4221/5/4 4230/5/4
f 4222/5/4 4223/5/4 4231/5/4
f 4223/1/4 4224/1/4 4231/1/4
f 4224/5/4 4225/5/4 4232/5/4
f 4231/1/4 4224/1/4 4232/1/4
f 4225/5/4 4226/5/4 4232/5/4
f 4232/5/4 4226/5/4 4233/5/4
f 4226/1/4 4227/1/4 4234/1/4
f 4233/5/4 4226/5/4 4234/5/4
f 4227/5/4 4228/5/4 4235/5/4
f 4234/1/4 4227/1/4 4235/1/4
f 4228/5/4 4229/5/4 4235/5/4
f 4235/5/4 4229/5/4 4236/5/4
f 4229/1/4 4230/1/4 4237/1/4
f 4236/5/4 4229/5/4 4237/5/4
f 4230/5/4 4221/5/4 4238/5/4
f 4237/1/4 4230/1/4 4238/1/4
f 4221/5/4 3561/5/4 4239/5/4
f 4238/5/4 4221/5/4 4239/5/4
f 2408/5/4 4222/5/4 4240/5/4
f 4222/5/4 4231/5/4 4240/5/4
f 4231/5/4 4232/5/4 4240/5/4
f 4240/5/4 4232/5/4 4241/5/4
f 4232/1/4 4233/1/4 4242/1/4
f 4241/5/4 4232/5/4 4242/5/4
f 4233/5/4 4234/5/4 4243/5/4
f 4242/1/4 4233/1/4 4243/1/4
f 4234/5/4 4235/5/4 4243/5/4
f 4243/5/4 4235/5/4 4244/5/4
f 4235/1/4 4236/1/4 4245/1/4
f 4244/5/4 4235/5/4 4245/5/4
f 4237/5/4 4238/5/4 4246/5/4
f 4245/1/4 4236/1/4 4246/1/4
f 4236/5/4 4237/5/4 4246/5/4
f 4246/5/4 4238/5/4 4247/5/4
f 4238/1/4 4239/1/4 4248/1/4
f 4247/5/4 4238/5/4 4248/5/4
f 4239/5/4 3561/5/4 4249/5/4
f 4248/1/4 4239/1/4 4249/1/4
f 4240/1/4 4241/1/4 4250/1/4
f 2408/5/4 4240/5/4 4250/5/4
f 4241/5/4 4242/5/4 4251/5/4
f 4250/1/4 4241/1/4 4251/1/4
f 4242/5/4 4243/5/4 4251/5/4
f 4251/5/4 4243/5/4 4252/5/4
f 4243/1/4 4244/1/4 4253/1/4
f 4252/5/4 4243/5/4 4253/5/4
f 4244/5/4 4245/5/4 4254/5/4
f 4253/1/4 4244/1/4 4254/1/4
f 4245/5/4 4246/5/4 4254/5/4
f 4254/5/4 4246/5/4 4255/5/4
f 4246/1/4 4247/1/4 4256/1/4
f 4255/5/4 4246/5/4 4256/5/4
f 4247/5/4 4248/5/4 4257/5/4
f 4256/1/4 4247/1/4 4257/1/4
f 4248/5/4 4249/5/4 4257/5/4
f 4257/5/4 4249/5/4 4258/5/4
f 4250/5/4 4251/5/4 4259/5/4
f 4251/1/4 4252/1/4 4259/1/4
f 4252/5/4 4253/5/4 4260/5/4
f 4259/1/4 4252/1/4 4260/1/4
f 4253/5/4 4254/5/4 4260/5/4
f 4260/5/4 4254/5/4 4261/5/4
f 4254/1/4 4255/1/4 4262/1/4
f 4261/5/4 4254/5/4 4262/5/4
f 4255/5/4 4256/5/4 4263/5/4
f 4262/1/4 4255/1/4 4263/1/4
f 4256/5/4 4257/5/4 4263/5/4
f 4263/5/4 4257/5/4 4264/5/4
f 4257/1/4 4258/1/4 4265/1/4
f 4264/5/4 4257/5/4 4265/5/4
f 4258/5/4 4249/5/4 4266/5/4
f 4265/1/4 4258/1/4 4266/1/4
f 4249/5/4 3561/5/4 4267/5/4
f 4266/5/4 4249/5/4 4267/5/4
f 2408/5/4 4250/5/4 4268/5/4
f 4250/5/4 4259/5/4 4268/5/4
f 4259/5/4 4260/5/4 4268/5/4
f 4268/5/4 4260/5/4 4269/5/4
f 4260/1/4 4261/1/4 4270/1/4
f 4269/5/4 4260/5/4 4270/5/4
f 4261/5/4 4262/5/4 4271/5/4
f 4270/1/4 4261/1/4 4271/1/4
f 4262/5/4 4263/5/4 4271/5/4
f 4271/5/4 4263/5/4 4272/5/4
f 4263/1/4 4264/1/4 4273/1/4
f 4272/5/4 4263/5/4 4273/5/4
f 4265/5/4 4266/5/4 4274/5/4
f 4273/1/4 4264/1/4 4274/1/4
f 4264/5/4 4265/5/4 4274/5/4
f 4274/5/4 4266/5/4 4275/5/4
f 4266/1/4 4267/1/4 4276/1/4
f 4275/5/4 4266/5/4 4276/5/4
f 4267/5/4 3561/5/4 4277/5/4
f 4276/1/4 4267/1/4 4277/1/4
f 4268/1/4 4269/1/4 4278/1/4
f 2408/5/4 4268/5/4 4278/5/4
f 4269/5/4 4270/5/4 4279/5/4
f 4278/1/4 4269/1/4 4279/1/4
f 4270/5/4 4271/5/4 4279/5/4
f 4279/5/4 4271/5/4 4280/5/4
f 4271/1/4 4272/1/4 4281/1/4
f 4280/5/4 4271/5/4 4281/5/4
f 4272/5/4 4273/5/4 4282/5/4
f 4281/1/4 4272/1/4 4282/1/4
f 4273/5/4 4274/5/4 4282/5/4
f 4282/5/4 4274/5/4 4283/5/4
f 4274/1/4 4275/1/4 4284/1/4
f 4283/5/4 4274/5/4 4284/5/4
f 4275/5/4 4276/5/4 4285/5/4
f 4284/1/4 4275/1/4 4285/1/4
f 4276/5/4 4277/5/4 4285/5/4
f 4285/5/4 4277/5/4 4286/5/4
f 3753/2/4 3767/2/4 4287/2/4
f 3767/4/4 3921/4/4 4288/4/4
f 4287/2/4 3767/2/4 4288/2/4
f 4278/5/4 4279/5/4 4289/5/4
f 4279/1/4 4280/1/4 4289/1/4
f 4280/5/4 4281/5/4 4290/5/4
f 4289/1/4 4280/1/4 4290/1/4
f 4281/5/4 4282/5/4 4290/5/4
f 4290/5/4 4282/5/4 4291/5/4
f 4282/1/4 4283/1/4 4292/1/4
f 4291/5/4 4282/5/4 4292/5/4
f 4283/5/4 4284/5/4 4293/5/4
f 4292/1/4 4283/1/4 4293/1/4
f 4284/5/4 4285/5/4 4293/5/4
f 4293/5/4 4285/5/4 4294/5/4
f 4285/1/4 4286/1/4 4295/1/4
f 4294/5/4 4285/5/4 4295/5/4
f 4286/5/4 4277/5/4 4296/5/4
f 4295/1/4 4286/1/4 4296/1/4
f 4277/5/4 3561/5/4 4297/5/4
f 4296/5/4 4277/5/4 4297/5/4
f 2408/5/4 4278/5/4 4298/5/4
f 4278/5/4 4289/5/4 4298/5/4
f 4289/5/4 4290/5/4 4298/5/4
f 4298/5/4 4290/5/4 4299/5/4
f 4290/1/4 4291/1/4 4300/1/4
f 4299/5/4 4290/5/4 4300/5/4
f 4291/5/4 4292/5/4 4301/5/4
f 4300/1/4 4291/1/4 4301/1/4
f 4292/5/4 4293/5/4 4301/5/4
f 4301/5/4 4293/5/4 4302/5/4
f 4293/1/4 4294/1/4 4303/1/4
f 4302/5/4 4293/5/4 4303/5/4
f 4294/5/4 4295/5/4 4304/5/4
f 4303/1/4 4294/1/4 4304/1/4
f 4295/5/4 4296/5/4 4304/5/4
f 4304/5/4 4296/5/4 4305/5/4
f 4296/1/4 4297/1/4 4306/1/4
f 4305/5/4 4296/5/4 4306/5/4
f 4297/5/4 3561/5/4 4307/5/4
f 4306/1/4 4297/1/4 4307/1/4
f 4288/4/4 3921/4/4 4308/4/4
f 4287/4/4 4288/4/4 4308/4/4
f 3921/2/4 3922/2/4 4309/2/4
f 4308/4/4 3921/4/4 4309/4/4
f 4298/1/4 4299/1/4 4310/1/4
f 2408/5/4 4298/5/4 4310/5/4
f 4299/5/4 4300/5/4 4311/5/4
f 4310/1/4 4299/1/4 4311/1/4
f 4300/5/4 4301/5/4 4311/5/4
f 4311/5/4 4301/5/4 4312/5/4
f 4301/1/4 4302/1/4 4313/1/4
f 4312/5/4 4301/5/4 4313/5/4
f 4302/5/4 4303/5/4 4314/5/4
f 4313/1/4 4302/1/4 4314/1/4
f 4303/5/4 4304/5/4 4314/5/4
f 4314/5/4 4304/5/4 4315/5/4
f 4304/1/4 4305/1/4 4316/1/4
f 4315/5/4 4304/5/4 4316/5/4
f 4305/5/4 4306/5/4 4317/5/4
f 4316/1/4 4305/1/4 4317/1/4
f 4306/5/4 4307/5/4 4317/5/4
f 4317/5/4 4307/5/4 4318/5/4
f 4310/5/4 4311/5/4 4319/5/4
f 4311/1/4 4312/1/4 4319/1/4
f 4312/5/4 4313/5/4 4320/5/4
f 4319/1/4 4312/1/4 4320/1/4
f 4313/5/4 4314/5/4 4320/5/4
f 4320/5/4 4314/5/4 4321/5/4
f 4314/1/4 4315/1/4 4322/1/4
f 4321/5/4 4314/5/4 4322/5/4
f 4315/5/4 4316/5/4 4323/5/4
f 4322/1/4 4315/1/4 4323/1/4
f 4316/5/4 4317/5/4 4323/5/4
f 4323/5/4 4317/5/4 4324/5/4
f 4317/1/4 4318/1/4 4325/1/4
f 4324/5/4 4317/5/4 4325/5/4
f 4318/5/4 4307/5/4 4326/5/4
f 4325/1/4 4318/1/4 4326/1/4
f 4307/5/4 3561/5/4 4327/5/4
f 4326/5/4 4307/5/4 4327/5/4
f 4310/5/4 4319/5/4 4328/5/4
f 2408/5/4 4310/5/4 4328/5/4
f 4319/5/4 4320/5/4 4328/5/4
f 4328/5/4 4320/5/4 4329/5/4
f 4320/1/4 4321/1/4 4330/1/4
f 4329/5/4 4320/5/4 4330/5/4
f 4321/5/4 4322/5/4 4331/5/4
f 4330/1/4 4321/1/4 4331/1/4
f 4322/5/4 4323/5/4 4331/5/4
f 4331/5/4 4323/5/4 4332/5/4
f 4323/1/4 4324/1/4 4333/1/4
f 4332/5/4 4323/5/4 4333/5/4
f 4324/5/4 4325/5/4 4334/5/4
f 4333/1/4 4324/1/4 4334/1/4
f 4325/5/4 4326/5/4 4334/5/4
f 4334/5/4 4326/5/4 4335/5/4
f 4326/1/4 4327/1/4 4336/1/4
f 4335/5/4 4326/5/4 4336/5/4
f 4327/5/4 3561/5/4 4337/5/4
f 4336/1/4 4327/1/4 4337/1/4
f 4328/1/4 4329/1/4 4338/1/4
f 2408/5/4 4328/5/4 4338/5/4
f 4329/5/4 4330/5/4 4339/5/4
f 4338/1/4 4329/1/4 4339/1/4
f 4330/5/4 4331/5/4 4339/5/4
f 4339/5/4 4331/5/4 4340/5/4
f 4331/1/4 4332/1/4 4341/1/4
f 4340/5/4 4331/5/4 4341/5/4
f 4332/5/4 4333/5/4 4342/5/4
f 4341/1/4 4332/1/4 4342/1/4
f 4333/5/4 4334/5/4 4342/5/4
f 4342/5/4 4334/5/4 4343/5/4
f 4334/1/4 4335/1/4 4344/1/4
f 4343/5/4 4334/5/4 4344/5/4
f 4335/5/4 4336/5/4 4345/5/4
f 4344/1/4 4335/1/4 4345/1/4
f 4336/5/4 4337/5/4 4345/5/4
f 4345/5/4 4337/5/4 4346/5/4
f 4338/5/4 4339/5/4 4347/5/4
f 4339/1/4 4340/1/4 4347/1/4
f 4340/5/4 4341/5/4 4348/5/4
f 4347/1/4 4340/1/4 4348/1/4
f 4341/5/4 4342/5/4 4348/5/4
f 4348/5/4 4342/5/4 4349/5/4
f 4342/1/4 4343/1/4 4350/1/4
f 4349/5/4 4342/5/4 4350/5/4
f 4343/5/4 4344/5/4 4351/5/4
f 4350/1/4 4343/1/4 4351/1/4
f 4344/5/4 4345/5/4 4351/5/4
f 4351/5/4 4345/5/4 4352/5/4
f 4345/1/4 4346/1/4 4353/1/4
f 4352/5/4 4345/5/4 4353/5/4
f 4346/5/4 4337/5/4 4354/5/4
f 4353/1/4 4346/1/4 4354/1/4
f 4337/5/4 3561/5/4 4355/5/4
f 4354/5/4 4337/5/4 4355/5/4
f 2408/5/4 4338/5/4 4356/5/4
f 4338/5/4 4347/5/4 4356/5/4
f 4347/5/4 4348/5/4 4356/5/4
f 4356/5/4 4348/5/4 4357/5/4
f 4348/1/4 4349/1/4 4358/1/4
f 4357/5/4 4348/5/4 4358/5/4
f 4349/5/4 4350/5/4 4359/5/4
f 4358/1/4 4349/1/4 4359/1/4
f 4350/5/4 4351/5/4 4359/5/4
f 4359/5/4 4351/5/4 4360/5/4
f 4351/1/4 4352/1/4 4361/1/4
f 4360/5/4 4351/5/4 4361/5/4
f 4353/5/4 4354/5/4 4362/5/4
f 4361/1/4 4352/1/4 4362/1/4
f 4352/5/4 4353/5/4 4362/5/4
f 4362/5/4 4354/5/4 4363/5/4
f 4354/1/4 4355/1/4 4364/1/4
f 4363/5/4 4354/5/4 4364/5/4
f 4355/5/4 3561/5/4 4365/5/4
f 4364/1/4 4355/1/4 4365/1/4
f 3753/2/4 4287/2/4 4366/2/4
f 4287/4/4 4308/4/4 4367/4/4
f 4366/2/4 4287/2/4 4367/2/4
f 4356/1/4 4357/1/4 4368/1/4
f 2408/5/4 4356/5/4 4368/5/4
f 4357/5/4 4358/5/4 4369/5/4
f 4368/1/4 4357/1/4 4369/1/4
f 4358/5/4 4359/5/4 4369/5/4
f 4369/5/4 4359/5/4 4370/5/4
f 4359/1/4 4360/1/4 4371/1/4
f 4370/5/4 4359/5/4 4371/5/4
f 4360/5/4 4361/5/4 4372/5/4
f 4371/1/4 4360/1/4 4372/1/4
f 4361/5/4 4362/5/4 4372/5/4
f 4372/5/4 4362/5/4 4373/5/4
f 4362/1/4 4363/1/4 4374/1/4
f 4373/5/4 4362/5/4 4374/5/4
f 4363/5/4 4364/5/4 4375/5/4
f 4374/1/4 4363/1/4 4375/1/4
f 4364/5/4 4365/5/4 4375/5/4
f 4375/5/4 4365/5/4 4376/5/4
f 4369/1/4 4370/1/4 4377/1/4
f 4368/5/4 4369/5/4 4377/5/4
f 4370/5/4 4371/5/4 4378/5/4
f 4377/1/4 4370/1/4 4378/1/4
f 4371/5/4 4372/5/4 4378/5/4
f 4378/5/4 4372/5/4 4379/5/4
f 4372/1/4 4373/1/4 4380/1/4
f 4379/5/4 4372/5/4 4380/5/4
f 4373/5/4 4374/5/4 4381/5/4
f 4380/1/4 4373/1/4 4381/1/4
f 4374/5/4 4375/5/4 4381/5/4
f 4381/5/4 4375/5/4 4382/5/4
f 4375/1/4 4376/1/4 4383/1/4
f 4382/5/4 4375/5/4 4383/5/4
f 4376/5/4 4365/5/4 4384/5/4
f 4383/1/4 4376/1/4 4384/1/4
f 4365/5/4 3561/5/4 4385/5/4
f 4384/5/4 4365/5/4 4385/5/4
f 3753/2/4 4366/2/4 4386/2/4
f 4366/4/4 4367/4/4 4386/4/4
f 4367/4/4 4308/4/4 4387/4/4
f 4386/4/4 4367/4/4 4387/4/4
f 2408/5/4 4368/5/4 4388/5/4
f 4368/5/4 4377/5/4 4388/5/4
f 4377/5/4 4378/5/4 4388/5/4
f 4388/5/4 4378/5/4 4389/5/4
f 4378/1/4 4379/1/4 4390/1/4
f 4389/5/4 4378/5/4 4390/5/4
f 4379/5/4 4380/5/4 4391/5/4
f 4390/1/4 4379/1/4 4391/1/4
f 4380/5/4 4381/5/4 4391/5/4
f 4391/5/4 4381/5/4 4392/5/4
f 4381/1/4 4382/1/4 4393/1/4
f 4392/5/4 4381/5/4 4393/5/4
f 4383/5/4 4384/5/4 4394/5/4
f 4393/1/4 4382/1/4 4394/1/4
f 4382/5/4 4383/5/4 4394/5/4
f 4394/5/4 4384/5/4 4395/5/4
f 4384/1/4 4385/1/4 4396/1/4
f 4395/5/4 4384/5/4 4396/5/4
f 4385/5/4 3561/5/4 4397/5/4
f 4396/1/4 4385/1/4 4397/1/4
f 4388/1/4 4389/1/4 4398/1/4
f 2408/5/4 4388/5/4 4398/5/4
f 4389/5/4 4390/5/4 4399/5/4
f 4398/1/4 4389/1/4 4399/1/4
f 4390/5/4 4391/5/4 4399/5/4
f 4399/5/4 4391/5/4 4400/5/4
f 4391/1/4 4392/1/4 4401/1/4
f 4400/5/4 4391/5/4 4401/5/4
f 4392/5/4 4393/5/4 4402/5/4
f 4401/1/4 4392/1/4 4402/1/4
f 4393/5/4 4394/5/4 4402/5/4
f 4402/5/4 4394/5/4 4403/5/4
f 4394/1/4 4395/1/4 4404/1/4
f 4403/5/4 4394/5/4 4404/5/4
f 4396/5/4 4397/5/4 4405/5/4
f 4404/1/4 4395/1/4 4405/1/4
f 4395/5/4 4396/5/4 4405/5/4
f 4405/5/4 4397/5/4 4406/5/4
f 4398/5/4 4399/5/4 4407/5/4
f 4399/1/4 4400/1/4 4407/1/4
f 4400/5/4 4401/5/4 4408/5/4
f 4407/1/4 4400/1/4 4408/1/4
f 4401/5/4 4402/5/4 4408/5/4
f 4408/5/4 4402/5/4 4409/5/4
f 4402/1/4 4403/1/4 4410/1/4
f 4409/5/4 4402/5/4 4410/5/4
f 4403/5/4 4404/5/4 4411/5/4
f 4410/1/4 4403/1/4 4411/1/4
f 4404/5/4 4405/5/4 4411/5/4
f 4411/5/4 4405/5/4 4412/5/4
f 4405/1/4 4406/1/4 4413/1/4
f 4412/5/4 4405/5/4 4413/5/4
f 4406/5/4 4397/5/4 4414/5/4
f 4413/1/4 4406/1/4 4414/1/4
f 4397/5/4 3561/5/4 4415/5/4
f 4414/5/4 4397/5/4 4415/5/4
f 2408/5/4 4398/5/4 4416/5/4
f 4398/5/4 4407/5/4 4416/5/4
f 4407/5/4 4408/5/4 4416/5/4
f 4416/5/4 4408/5/4 4417/5/4
f 4408/1/4 4409/1/4 4418/1/4
f 4417/5/4 4408/5/4 4418/5/4
f 4409/5/4 4410/5/4 4419/5/4
f 4418/1/4 4409/1/4 4419/1/4
f 4410/5/4 4411/5/4 4419/5/4
f 4419/5/4 4411/5/4 4420/5/4
f 4411/1/4 4412/1/4 4421/1/4
f 4420/5/4 4411/5/4 4421/5/4
f 4413/5/4 4414/5/4 4422/5/4
f 4421/1/4 4412/1/4 4422/1/4
f 4412/5/4 4413/5/4 4422/5/4
f 4422/5/4 4414/5/4 4423/5/4
f 4414/1/4 4415/1/4 4424/1/4
f 4423/5/4 4414/5/4 4424/5/4
f 4415/5/4 3561/5/4 4425/5/4
f 4424/1/4 4415/1/4 4425/1/4
f 2408/5/4 4416/5/4 4426/5/4
f 4416/1/4 4417/1/4 4426/1/4
f 4417/5/4 4418/5/4 4427/5/4
f 4426/1/4 4417/1/4 4427/1/4
f 4418/5/4 4419/5/4 4427/5/4
f 4427/5/4 4419/5/4 4428/5/4
f 4419/1/4 4420/1/4 4429/1/4
f 4428/5/4 4419/5/4 4429/5/4
f 4420/5/4 4421/5/4 4430/5/4
f 4429/1/4 4420/1/4 4430/1/4
f 4421/5/4 4422/5/4 4430/5/4
f 4430/5/4 4422/5/4 4431/5/4
f 4422/1/4 4423/1/4 4432/1/4
f 4431/5/4 4422/5/4 4432/5/4
f 4423/5/4 4424/5/4 4433/5/4
f 4432/1/4 4423/1/4 4433/1/4
f 4424/5/4 4425/5/4 4433/5/4
f 4433/5/4 4425/5/4 4434/5/4
f 4426/5/4 4427/5/4 4435/5/4
f 4427/1/4 4428/1/4 4435/1/4
f 4428/5/4 4429/5/4 4436/5/4
f 4435/1/4 4428/1/4 4436/1/4
f 4429/5/4 4430/5/4 4436/5/4
f 4436/5/4 4430/5/4 4437/5/4
f 4430/1/4 4431/1/4 4438/1/4
f 4437/5/4 4430/5/4 4438/5/4
f 4431/5/4 4432/5/4 4439/5/4
f 4438/1/4 4431/1/4 4439/1/4
f 4432/5/4 4433/5/4 4439/5/4
f 4439/5/4 4433/5/4 4440/5/4
f 4433/1/4 4434/1/4 4441/1/4
f 4440/5/4 4433/5/4 4441/5/4
f 4434/5/4 4425/5/4 4442/5/4
f 4441/1/4 4434/1/4 4442/1/4
f 4425/5/4 3561/5/4 4443/5/4
f 4442/5/4 4425/5/4 4443/5/4
f 4426/5/4 4435/5/4 4444/5/4
f 2408/5/4 4426/5/4 4444/5/4
f 4435/5/4 4436/5/4 4444/5/4
f 4444/5/4 4436/5/4 4445/5/4
f 4436/1/4 4437/1/4 4446/1/4
f 4445/5/4 4436/5/4 4446/5/4
f 4437/5/4 4438/5/4 4447/5/4
f 4446/1/4 4437/1/4 4447/1/4
f 4438/5/4 4439/5/4 4447/5/4
f 4447/5/4 4439/5/4 4448/5/4
f 4439/1/4 4440/1/4 4449/1/4
f 4448/5/4 4439/5/4 4449/5/4
f 4440/5/4 4441/5/4 4450/5/4
f 4449/1/4 4440/1/4 4450/1/4
f 4441/5/4 4442/5/4 4450/5/4
f 4450/5/4 4442/5/4 4451/5/4
f 4442/1/4 4443/1/4 4452/1/4
f 4451/5/4 4442/5/4 4452/5/4
f 4443/5/4 3561/5/4 4453/5/4
f 4452/1/4 4443/1/4 4453/1/4
f 4444/1/4 4445/1/4 4454/1/4
f 2408/5/4 4444/5/4 4454/5/4
f 4445/5/4 4446/5/4 4455/5/4
f 4454/1/4 4445/1/4 4455/1/4
f 4446/5/4 4447/5/4 4455/5/4
f 4455/5/4 4447/5/4 4456/5/4
f 4447/1/4 4448/1/4 4457/1/4
f 4456/5/4 4447/5/4 4457/5/4
f 4448/5/4 4449/5/4 4458/5/4
f 4457/1/4 4448/1/4 4458/1/4
f 4449/5/4 4450/5/4 4458/5/4
f 4458/5/4 4450/5/4 4459/5/4
f 4450/1/4 4451/1/4 4460/1/4
f 4459/5/4 4450/5/4 4460/5/4
f 4451/5/4 4452/5/4 4461/5/4
f 4460/1/4 4451/1/4 4461/1/4
f 4452/5/4 4453/5/4 4461/5/4
f 4461/5/4 4453/5/4 4462/5/4
f 4454/5/4 4455/5/4 4463/5/4
f 4455/1/4 4456/1/4 4463/1/4
f 4456/5/4 4457/5/4 4464/5/4
f 4463/1/4 4456/1/4 4464/1/4
f 4457/5/4 4458/5/4 4464/5/4
f 4464/5/4 4458/5/4 4465/5/4
f 4458/1/4 4459/1/4 4466/1/4
f 4465/5/4 4458/5/4 4466/5/4
f 4459/5/4 4460/5/4 4467/5/4
f 4466/1/4 4459/1/4 4467/1/4
f 4460/5/4 4461/5/4 4467/5/4
f 4467/5/4 4461/5/4 4468/5/4
f 4461/1/4 4462/1/4 4469/1/4
f 4468/5/4 4461/5/4 4469/5/4
f 4462/5/4 4453/5/4 4470/5/4
f 4469/1/4 4462/1/4 4470/1/4
f 4453/5/4 3561/5/4 4471/5/4
f 4470/5/4 4453/5/4 4471/5/4
f 2408/5/4 4454/5/4 4472/5/4
f 4454/5/4 4463/5/4 4472/5/4
f 4463/5/4 4464/5/4 4472/5/4
f 4472/5/4 4464/5/4 4473/5/4
f 4464/1/4 4465/1/4 4474/1/4
f 4473/5/4 4464/5/4 4474/5/4
f 4465/5/4 4466/5/4 4475/5/4
f 4474/1/4 4465/1/4 4475/1/4
f 4466/5/4 4467/5/4 4475/5/4
f 4475/5/4 4467/5/4 4476/5/4
f 4467/1/4 4468/1/4 4477/1/4
f 4476/5/4 4467/5/4 4477/5/4
f 4469/5/4 4470/5/4 4478/5/4
f 4477/1/4 4468/1/4 4478/1/4
f 4468/5/4 4469/5/4 4478/5/4
f 4478/5/4 4470/5/4 4479/5/4
f 4470/1/4 4471/1/4 4480/1/4
f 4479/5/4 4470/5/4 4480/5/4
f 4471/5/4 3561/5/4 4481/5/4
f 4480/1/4 4471/1/4 4481/1/4
f 4472/1/4 4473/1/4 4482/1/4
f 2408/5/4 4472/5/4 4482/5/4
f 4473/5/4 4474/5/4 4483/5/4
f 4482/1/4 4473/1/4 4483/1/4
f 4474/5/4 4475/5/4 4483/5/4
f 4483/5/4 4475/5/4 4484/5/4
f 4475/1/4 4476/1/4 4485/1/4
f 4484/5/4 4475/5/4 4485/5/4
f 4476/5/4 4477/5/4 4486/5/4
f 4485/1/4 4476/1/4 4486/1/4
f 4477/5/4 4478/5/4 4486/5/4
f 4486/5/4 4478/5/4 4487/5/4
f 4478/1/4 4479/1/4 4488/1/4
f 4487/5/4 4478/5/4 4488/5/4
f 4479/5/4 4480/5/4 4489/5/4
f 4488/1/4 4479/1/4 4489/1/4
f 4480/5/4 4481/5/4 4489/5/4
f 4489/5/4 4481/5/4 4490/5/4
f 4482/5/4 4483/5/4 4491/5/4
f 4483/1/4 4484/1/4 4491/1/4
f 4484/5/4 4485/5/4 4492/5/4
f 4491/1/4 4484/1/4 4492/1/4
f 4485/5/4 4486/5/4 4492/5/4
f 4492/5/4 4486/5/4 4493/5/4
f 4486/1/4 4487/1/4 4494/1/4
f 4493/5/4 4486/5/4 4494/5/4
f 4487/5/4 4488/5/4 4495/5/4
f 4494/1/4 4487/1/4 4495/1/4
f 4488/5/4 4489/5/4 4495/5/4
f 4495/5/4 4489/5/4 4496/5/4
f 4489/1/4 4490/1/4 4497/1/4
f 4496/5/4 4489/5/4 4497/5/4
f 4490/5/4 4481/5/4 4498/5/4
f 4497/1/4 4490/1/4 4498/1/4
f 4481/5/4 3561/5/4 4499/5/4
f 4498/5/4 4481/5/4 4499/5/4
f 2408/5/4 4482/5/4 4500/5/4
f 4482/5/4 4491/5/4 4500/5/4
f 4491/5/4 4492/5/4 4500/5/4
f 4500/5/4 4492/5/4 4501/5/4
f 4492/1/4 4493/1/4 4502/1/4
f 4501/5/4 4492/5/4 4502/5/4
f 4493/5/4 4494/5/4 4503/5/4
f 4502/1/4 4493/1/4 4503/1/4
f 4494/5/4 4495/5/4 4503/5/4
f 4503/5/4 4495/5/4 4504/5/4
f 4495/1/4 4496/1/4 4505/1/4
f 4504/5/4 4495/5/4 4505/5/4
f 4497/5/4 4498/5/4 4506/5/4
f 4505/1/4 4496/1/4 4506/1/4
f 4496/5/4 4497/5/4 4506/5/4
f 4506/5/4 4498/5/4 4507/5/4
f 4498/1/4 4499/1/4 4508/1/4
f 4507/5/4 4498/5/4 4508/5/4
f 4499/5/4 3561/5/4 4509/5/4
f 4508/1/4 4499/1/4 4509/1/4
f 4500/1/4 4501/1/4 4510/1/4
f 2408/5/4 4500/5/4 4510/5/4
f 4501/5/4 4502/5/4 4511/5/4
f 4510/1/4 4501/1/4 4511/1/4
f 4502/5/4 4503/5/4 4511/5/4
f 4511/5/4 4503/5/4 4512/5/4
f 4503/1/4 4504/1/4 4513/1/4
f 4512/5/4 4503/5/4 4513/5/4
f 4504/5/4 4505/5/4 4514/5/4
f 4513/1/4 4504/1/4 4514/1/4
f 4505/5/4 4506/5/4 4514/5/4
f 4514/5/4 4506/5/4 4515/5/4
f 4506/1/4 4507/1/4 4516/1/4
f 4515/5/4 4506/5/4 4516/5/4
f 4507/5/4 4508/5/4 4517/5/4
f 4516/1/4 4507/1/4 4517/1/4
f 4508/5/4 4509/5/4 4517/5/4
f 4517/5/4 4509/5/4 4518/5/4
f 4387/4/4 4308/4/4 4519/4/4
f 4386/2/4 4387/2/4 4519/2/4
f 4308/2/4 4309/2/4 4520/2/4
f 4519/4/4 4308/4/4 4520/4/4
f 4309/2/4 3922/2/4 4521/2/4
f 4520/2/4 4309/2/4 4521/2/4
f 4510/5/4 4511/5/4 4522/5/4
f 4511/1/4 4512/1/4 4522/1/4
f 4512/5/4 4513/5/4 4523/5/4
f 4522/1/4 4512/1/4 4523/1/4
f 4513/5/4 4514/5/4 4523/5/4
f 4523/5/4 4514/5/4 4524/5/4
f 4514/1/4 4515/1/4 4525/1/4
f 4524/5/4 4514/5/4 4525/5/4
f 4515/5/4 4516/5/4 4526/5/4
f 4525/1/4 4515/1/4 4526/1/4
f 4516/5/4 4517/5/4 4526/5/4
f 4526/5/4 4517/5/4 4527/5/4
f 4517/1/4 4518/1/4 4528/1/4
f 4527/5/4 4517/5/4 4528/5/4
f 4518/5/4 4509/5/4 4529/5/4
f 4528/1/4 4518/1/4 4529/1/4
f 4509/5/4 3561/5/4 4530/5/4
f 4529/5/4 4509/5/4 4530/5/4
f 2408/5/4 4510/5/4 4531/5/4
f 4510/5/4 4522/5/4 4531/5/4
f 4522/5/4 4523/5/4 4531/5/4
f 4531/5/4 4523/5/4 4532/5/4
f 4523/1/4 4524/1/4 4533/1/4
f 4532/5/4 4523/5/4 4533/5/4
f 4524/5/4 4525/5/4 4534/5/4
f 4533/1/4 4524/1/4 4534/1/4
f 4525/5/4 4526/5/4 4534/5/4
f 4534/5/4 4526/5/4 4535/5/4
f 4526/1/4 4527/1/4 4536/1/4
f 4535/5/4 4526/5/4 4536/5/4
f 4527/5/4 4528/5/4 4537/5/4
f 4536/1/4 4527/1/4 4537/1/4
f 4528/5/4 4529/5/4 4537/5/4
f 4537/5/4 4529/5/4 4538/5/4
f 4529/1/4 4530/1/4 4539/1/4
f 4538/5/4 4529/5/4 4539/5/4
f 4530/5/4 3561/5/4 4540/5/4
f 4539/1/4 4530/1/4 4540/1/4
f 4531/1/4 4532/1/4 4541/1/4
f 2408/5/4 4531/5/4 4541/5/4
f 4532/5/4 4533/5/4 4542/5/4
f 4541/1/4 4532/1/4 4542/1/4
f 4533/5/4 4534/5/4 4542/5/4
f 4542/5/4 4534/5/4 4543/5/4
f 4534/1/4 4535/1/4 4544/1/4
f 4543/5/4 4534/5/4 4544/5/4
f 4535/5/4 4536/5/4 4545/5/4
f 4544/1/4 4535/1/4 4545/1/4
f 4536/5/4 4537/5/4 4545/5/4
f 4545/5/4 4537/5/4 4546/5/4
f 4537/1/4 4538/1/4 4547/1/4
f 4546/5/4 4537/5/4 4547/5/4
f 4538/5/4 4539/5/4 4548/5/4
f 4547/1/4 4538/1/4 4548/1/4
f 4539/5/4 4540/5/4 4548/5/4
f 4548/5/4 4540/5/4 4549/5/4
f 4542/1/4 4543/1/4 4550/1/4
f 4541/5/4 4542/5/4 4550/5/4
f 4543/5/4 4544/5/4 4551/5/4
f 4550/1/4 4543/1/4 4551/1/4
f 4544/5/4 4545/5/4 4551/5/4
f 4551/5/4 4545/5/4 4552/5/4
f 4545/1/4 4546/1/4 4553/1/4
f 4552/5/4 4545/5/4 4553/5/4
f 4546/5/4 4547/5/4 4554/5/4
f 4553/1/4 4546/1/4 4554/1/4
f 4547/5/4 4548/5/4 4554/5/4
f 4554/5/4 4548/5/4 4555/5/4
f 4548/1/4 4549/1/4 4556/1/4
f 4555/5/4 4548/5/4 4556/5/4
f 4549/5/4 4540/5/4 4557/5/4
f 4556/1/4 4549/1/4 4557/1/4
f 4540/5/4 3561/5/4 4558/5/4
f 4557/5/4 4540/5/4 4558/5/4
f 4541/5/4 4550/5/4 4559/5/4
f 2408/5/4 4541/5/4 4559/5/4
f 4550/5/4 4551/5/4 4559/5/4
f 4559/5/4 4551/5/4 4560/5/4
f 4551/1/4 4552/1/4 4561/1/4
f 4560/5/4 4551/5/4 4561/5/4
f 4552/5/4 4553/5/4 4562/5/4
f 4561/1/4 4552/1/4 4562/1/4
f 4553/5/4 4554/5/4 4562/5/4
f 4562/5/4 4554/5/4 4563/5/4
f 4554/1/4 4555/1/4 4564/1/4
f 4563/5/4 4554/5/4 4564/5/4
f 4556/5/4 4557/5/4 4565/5/4
f 4564/1/4 4555/1/4 4565/1/4
f 4555/5/4 4556/5/4 4565/5/4
f 4565/5/4 4557/5/4 4566/5/4
f 4557/1/4 4558/1/4 4567/1/4
f 4566/5/4 4557/5/4 4567/5/4
f 4558/5/4 3561/5/4 4568/5/4
f 4567/1/4 4558/1/4 4568/1/4
f 3922/2/4 3756/2/4 4569/2/4
f 4521/2/4 3922/2/4 4569/2/4
f 3756/2/4 3743/2/4 4570/2/4
f 4569/2/4 3756/2/4 4570/2/4
f 3743/2/4 3652/2/4 4570/2/4
f 4559/1/4 4560/1/4 4571/1/4
f 2408/5/4 4559/5/4 4571/5/4
f 4560/5/4 4561/5/4 4572/5/4
f 4571/1/4 4560/1/4 4572/1/4
f 4561/5/4 4562/5/4 4572/5/4
f 4572/5/4 4562/5/4 4573/5/4
f 4562/1/4 4563/1/4 4574/1/4
f 4573/5/4 4562/5/4 4574/5/4
f 4563/5/4 4564/5/4 4575/5/4
f 4574/1/4 4563/1/4 4575/1/4
f 4564/5/4 4565/5/4 4575/5/4
f 4575/5/4 4565/5/4 4576/5/4
f 4565/1/4 4566/1/4 4577/1/4
f 4576/5/4 4565/5/4 4577/5/4
f 4566/5/4 4567/5/4 4578/5/4
f 4577/1/4 4566/1/4 4578/1/4
f 4567/5/4 4568/5/4 4578/5/4
f 4578/5/4 4568/5/4 4579/5/4
f 4521/2/4 4569/2/4 4580/2/4
f 4569/3/4 4570/3/4 4581/3/4
f 4580/2/4 4569/2/4 4581/2/4
f 4581/3/4 4570/3/4 4582/3/4
f 4570/2/4 3652/2/4 4583/2/4
f 4582/3/4 4570/3/4 4583/3/4
f 4571/5/4 4572/5/4 4584/5/4
f 4572/1/4 4573/1/4 4584/1/4
f 4573/5/4 4574/5/4 4585/5/4
f 4584/1/4 4573/1/4 4585/1/4
f 4574/5/4 4575/5/4 4585/5/4
f 4585/5/4 4575/5/4 4586/5/4
f 4575/1/4 4576/1/4 4587/1/4
f 4586/5/4 4575/5/4 4587/5/4
f 4576/5/4 4577/5/4 4588/5/4
f 4587/1/4 4576/1/4 4588/1/4
f 4577/5/4 4578/5/4 4588/5/4
f 4588/5/4 4578/5/4 4589/5/4
f 4578/1/4 4579/1/4 4590/1/4
f 4589/5/4 4578/5/4 4590/5/4
f 4579/5/4 4568/5/4 4591/5/4
f 4590/1/4 4579/1/4 4591/1/4
f 4568/5/4 3561/5/4 4592/5/4
f 4591/5/4 4568/5/4 4592/5/4
f 4521/2/4 4580/2/4 4593/2/4
f 4581/3/4 4582/3/4 4594/3/4
f 4593/2/4 4580/2/4 4594/2/4
f 4580/3/4 4581/3/4 4594/3/4
f 4594/3/4 4582/3/4 4595/3/4
f 4582/2/4 4583/2/4 4596/2/4
f 4595/3/4 4582/3/4 4596/3/4
f 2408/5/4 4571/5/4 4597/5/4
f 4571/5/4 4584/5/4 4597/5/4
f 4584/5/4 4585/5/4 4597/5/4
f 4597/5/4 4585/5/4 4598/5/4
f 4585/1/4 4586/1/4 4599/1/4
f 4598/5/4 4585/5/4 4599/5/4
f 4586/5/4 4587/5/4 4600/5/4
f 4599/1/4 4586/1/4 4600/1/4
f 4587/5/4 4588/5/4 4600/5/4
f 4600/5/4 4588/5/4 4601/5/4
f 4588/1/4 4589/1/4 4602/1/4
f 4601/5/4 4588/5/4 4602/5/4
f 4589/5/4 4590/5/4 4603/5/4
f 4602/1/4 4589/1/4 4603/1/4
f 4590/5/4 4591/5/4 4603/5/4
f 4603/5/4 4591/5/4 4604/5/4
f 4591/1/4 4592/1/4 4605/1/4
f 4604/5/4 4591/5/4 4605/5/4
f 4592/5/4 3561/5/4 4606/5/4
f 4605/1/4 4592/1/4 4606/1/4
f 4521/2/4 4593/2/4 4607/2/4
f 4594/3/4 4595/3/4 4608/3/4
f 4607/2/4 4593/2/4 4608/2/4
f 4593/3/4 4594/3/4 4608/3/4
f 4608/3/4 4595/3/4 4609/3/4
f 4595/2/4 4596/2/4 4610/2/4
f 4609/3/4 4595/3/4 4610/3/4
f 4597/1/4 4598/1/4 4611/1/4
f 2408/5/4 4597/5/4 4611/5/4
f 4598/5/4 4599/5/4 4612/5/4
f 4611/1/4 4598/1/4 4612/1/4
f 4599/5/4 4600/5/4 4612/5/4
f 4612/5/4 4600/5/4 4613/5/4
f 4600/1/4 4601/1/4 4614/1/4
f 4613/5/4 4600/5/4 4614/5/4
f 4601/5/4 4602/5/4 4615/5/4
f 4614/1/4 4601/1/4 4615/1/4
f 4602/5/4 4603/5/4 4615/5/4
f 4615/5/4 4603/5/4 4616/5/4
f 4603/1/4 4604/1/4 4617/1/4
f 4616/5/4 4603/5/4 4617/5/4
f 4604/5/4 4605/5/4 4618/5/4
f 4617/1/4 4604/1/4 4618/1/4
f 4605/5/4 4606/5/4 4618/5/4
f 4618/5/4 4606/5/4 4619/5/4
f 4608/3/4 4609/3/4 4620/3/4
f 4607/3/4 4608/3/4 4620/3/4
f 4521/2/4 4607/2/4 4620/2/4
f 4609/2/4 4610/2/4 4621/2/4
f 4620/3/4 4609/3/4 4621/3/4
f 4612/1/4 4613/1/4 4622/1/4
f 4611/5/4 4612/5/4 4622/5/4
f 4613/5/4 4614/5/4 4623/5/4
f 4622/1/4 4613/1/4 4623/1/4
f 4614/5/4 4615/5/4 4623/5/4
f 4623/5/4 4615/5/4 4624/5/4
f 4615/1/4 4616/1/4 4625/1/4
f 4624/5/4 4615/5/4 4625/5/4
f 4617/5/4 4618/5/4 4626/5/4
f 4625/1/4 4616/1/4 4626/1/4
f 4616/5/4 4617/5/4 4626/5/4
f 4626/5/4 4618/5/4 4627/5/4
f 4618/1/4 4619/1/4 4628/1/4
f 4627/5/4 4618/5/4 4628/5/4
f 4619/5/4 4606/5/4 4629/5/4
f 4628/1/4 4619/1/4 4629/1/4
f 4606/5/4 3561/5/4 4630/5/4
f 4629/5/4 4606/5/4 4630/5/4
f 2408/5/4 4611/5/4 4631/5/4
f 4611/5/4 4622/5/4 4631/5/4
f 4622/5/4 4623/5/4 4631/5/4
f 4631/5/4 4623/5/4 4632/5/4
f 4623/1/4 4624/1/4 4633/1/4
f 4632/5/4 4623/5/4 4633/5/4
f 4624/5/4 4625/5/4 4634/5/4
f 4633/1/4 4624/1/4 4634/1/4
f 4625/5/4 4626/5/4 4634/5/4
f 4634/5/4 4626/5/4 4635/5/4
f 4626/1/4 4627/1/4 4636/1/4
f 4635/5/4 4626/5/4 4636/5/4
f 4627/5/4 4628/5/4 4637/5/4
f 4636/1/4 4627/1/4 4637/1/4
f 4628/5/4 4629/5/4 4637/5/4
f 4637/5/4 4629/5/4 4638/5/4
f 4629/1/4 4630/1/4 4639/1/4
f 4638/5/4 4629/5/4 4639/5/4
f 4630/5/4 3561/5/4 4640/5/4
f 4639/1/4 4630/1/4 4640/1/4
f 4631/1/4 4632/1/4 4641/1/4
f 2408/5/4 4631/5/4 4641/5/4
f 4633/5/4 4634/5/4 4642/5/4
f 4641/1/4 4632/1/4 4642/1/4
f 4632/5/4 4633/5/4 4642/5/4
f 4642/5/4 4634/5/4 4643/5/4
f 4634/1/4 4635/1/4 4644/1/4
f 4643/5/4 4634/5/4 4644/5/4
f 4635/5/4 4636/5/4 4645/5/4
f 4644/1/4 4635/1/4 4645/1/4
f 4636/5/4 4637/5/4 4645/5/4
f 4645/5/4 4637/5/4 4646/5/4
f 4637/1/4 4638/1/4 4647/1/4
f 4646/5/4 4637/5/4 4647/5/4
f 4638/5/4 4639/5/4 4648/5/4
f 4647/1/4 4638/1/4 4648/1/4
f 4639/5/4 4640/5/4 4648/5/4
f 4648/5/4 4640/5/4 4649/5/4
f 4642/1/4 4643/1/4 4650/1/4
f 4641/5/4 4642/5/4 4650/5/4
f 4643/5/4 4644/5/4 4651/5/4
f 4650/1/4 4643/1/4 4651/1/4
f 4644/5/4 4645/5/4 4651/5/4
f 4651/5/4 4645/5/4 4652/5/4
f 4645/1/4 4646/1/4 4653/1/4
f 4652/5/4 4645/5/4 4653/5/4
f 4646/5/4 4647/5/4 4654/5/4
f 4653/1/4 4646/1/4 4654/1/4
f 4647/5/4 4648/5/4 4654/5/4
f 4654/5/4 4648/5/4 4655/5/4
f 4648/1/4 4649/1/4 4656/1/4
f 4655/5/4 4648/5/4 4656/5/4
f 4649/5/4 4640/5/4 4657/5/4
f 4656/1/4 4649/1/4 4657/1/4
f 4640/5/4 3561/5/4 4658/5/4
f 4657/5/4 4640/5/4 4658/5/4
f 4641/5/4 4650/5/4 4659/5/4
f 2408/5/4 4641/5/4 4659/5/4
f 4650/5/4 4651/5/4 4659/5/4
f 4659/5/4 4651/5/4 4660/5/4
f 4651/1/4 4652/1/4 4661/1/4
f 4660/5/4 4651/5/4 4661/5/4
f 4652/5/4 4653/5/4 4662/5/4
f 4661/1/4 4652/1/4 4662/1/4
f 4653/5/4 4654/5/4 4662/5/4
f 4662/5/4 4654/5/4 4663/5/4
f 4654/1/4 4655/1/4 4664/1/4
f 4663/5/4 4654/5/4 4664/5/4
f 4655/5/4 4656/5/4 4665/5/4
f 4664/1/4 4655/1/4 4665/1/4
f 4656/5/4 4657/5/4 4665/5/4
f 4665/5/4 4657/5/4 4666/5/4
f 4657/1/4 4658/1/4 4667/1/4
f 4666/5/4 4657/5/4 4667/5/4
f 4658/5/4 3561/5/4 4668/5/4
f 4667/1/4 4658/1/4 4668/1/4
f 4659/1/4 4660/1/4 4669/1/4
f 2408/5/4 4659/5/4 4669/5/4
f 4660/5/4 4661/5/4 4670/5/4
f 4669/1/4 4660/1/4 4670/1/4
f 4661/5/4 4662/5/4 4670/5/4
f 4670/5/4 4662/5/4 4671/5/4
f 4662/1/4 4663/1/4 4672/1/4
f 4671/5/4 4662/5/4 4672/5/4
f 4663/5/4 4664/5/4 4673/5/4
f 4672/1/4 4663/1/4 4673/1/4
f 4664/5/4 4665/5/4 4673/5/4
f 4673/5/4 4665/5/4 4674/5/4
f 4665/1/4 4666/1/4 4675/1/4
f 4674/5/4 4665/5/4 4675/5/4
f 4666/5/4 4667/5/4 4676/5/4
f 4675/1/4 4666/1/4 4676/1/4
f 4667/5/4 4668/5/4 4676/5/4
f 4676/5/4 4668/5/4 4677/5/4
f 4670/1/4 4671/1/4 4678/1/4
f 4669/5/4 4670/5/4 4678/5/4
f 4671/5/4 4672/5/4 4679/5/4
f 4678/1/4 4671/1/4 4679/1/4
f 4672/5/4 4673/5/4 4679/5/4
f 4679/5/4 4673/5/4 4680/5/4
f 4673/1/4 4674/1/4 4681/1/4
f 4680/5/4 4673/5/4 4681/5/4
f 4674/5/4 4675/5/4 4682/5/4
f 4681/1/4 4674/1/4 4682/1/4
f 4675/5/4 4676/5/4 4682/5/4
f 4682/5/4 4676/5/4 4683/5/4
f 4676/1/4 4677/1/4 4684/1/4
f 4683/5/4 4676/5/4 4684/5/4
f 4677/5/4 4668/5/4 4685/5/4
f 4684/1/4 4677/1/4 4685/1/4
f 4668/5/4 3561/5/4 4686/5/4
f 4685/5/4 4668/5/4 4686/5/4
f 2408/5/4 4669/5/4 4687/5/4
f 4669/5/4 4678/5/4 4687/5/4
f 4678/5/4 4679/5/4 4687/5/4
f 4687/5/4 4679/5/4 4688/5/4
f 4679/1/4 4680/1/4 4689/1/4
f 4688/5/4 4679/5/4 4689/5/4
f 4680/5/4 4681/5/4 4690/5/4
f 4689/1/4 4680/1/4 4690/1/4
f 4681/5/4 4682/5/4 4690/5/4
f 4690/5/4 4682/5/4 4691/5/4
f 4682/1/4 4683/1/4 4692/1/4
f 4691/5/4 4682/5/4 4692/5/4
f 4684/5/4 4685/5/4 4693/5/4
f 4692/1/4 4683/1/4 4693/1/4
f 4683/5/4 4684/5/4 4693/5/4
f 4693/5/4 4685/5/4 4694/5/4
f 4685/1/4 4686/1/4 4695/1/4
f 4694/5/4 4685/5/4 4695/5/4
f 4686/5/4 3561/5/4 4696/5/4
f 4695/1/4 4686/1/4 4696/1/4
f 4519/2/4 4520/2/4 4697/2/4
f 4386/2/4 4519/2/4 4697/2/4
f 4520/4/4 4521/4/4 4698/4/4
f 4697/2/4 4520/2/4 4698/2/4
f 4620/2/4 4621/2/4 4699/2/4
f 4698/4/4 4521/4/4 4699/4/4
f 4521/2/4 4620/2/4 4699/2/4
f 4687/1/4 4688/1/4 4700/1/4
f 2408/5/4 4687/5/4 4700/5/4
f 4688/5/4 4689/5/4 4701/5/4
f 4700/1/4 4688/1/4 4701/1/4
f 4689/5/4 4690/5/4 4701/5/4
f 4701/5/4 4690/5/4 4702/5/4
f 4690/1/4 4691/1/4 4703/1/4
f 4702/5/4 4690/5/4 4703/5/4
f 4691/5/4 4692/5/4 4704/5/4
f 4703/1/4 4691/1/4 4704/1/4
f 4692/5/4 4693/5/4 4704/5/4
f 4704/5/4 4693/5/4 4705/5/4
f 4693/1/4 4694/1/4 4706/1/4
f 4705/5/4 4693/5/4 4706/5/4
f 4694/5/4 4695/5/4 4707/5/4
f 4706/1/4 4694/1/4 4707/1/4
f 4695/5/4 4696/5/4 4707/5/4
f 4707/5/4 4696/5/4 4708/5/4
f 4700/5/4 4701/5/4 4709/5/4
f 4701/1/4 4702/1/4 4709/1/4
f 4702/5/4 4703/5/4 4710/5/4
f 4709/1/4 4702/1/4 4710/1/4
f 4703/5/4 4704/5/4 4710/5/4
f 4710/5/4 4704/5/4 4711/5/4
f 4704/1/4 4705/1/4 4712/1/4
f 4711/5/4 4704/5/4 4712/5/4
f 4705/5/4 4706/5/4 4713/5/4
f 4712/1/4 4705/1/4 4713/1/4
f 4706/5/4 4707/5/4 4713/5/4
f 4713/5/4 4707/5/4 4714/5/4
f 4707/1/4 4708/1/4 4715/1/4
f 4714/5/4 4707/5/4 4715/5/4
f 4708/5/4 4696/5/4 4716/5/4
f 4715/1/4 4708/1/4 4716/1/4
f 4696/5/4 3561/5/4 4717/5/4
f 4716/5/4 4696/5/4 4717/5/4
f 2408/5/4 4700/5/4 4718/5/4
f 4700/5/4 4709/5/4 4718/5/4
f 4709/5/4 4710/5/4 4718/5/4
f 4718/5/4 4710/5/4 4719/5/4
f 4710/1/4 4711/1/4 4720/1/4
f 4719/5/4 4710/5/4 4720/5/4
f 4711/5/4 4712/5/4 4721/5/4
f 4720/1/4 4711/1/4 4721/1/4
f 4712/5/4 4713/5/4 4721/5/4
f 4721/5/4 4713/5/4 4722/5/4
f 4713/1/4 4714/1/4 4723/1/4
f 4722/5/4 4713/5/4 4723/5/4
f 4715/5/4 4716/5/4 4724/5/4
f 4723/1/4 4714/1/4 4724/1/4
f 4714/5/4 4715/5/4 4724/5/4
f 4724/5/4 4716/5/4 4725/5/4
f 4716/1/4 4717/1/4 4726/1/4
f 4725/5/4 4716/5/4 4726/5/4
f 4717/5/4 3561/5/4 4727/5/4
f 4726/1/4 4717/1/4 4727/1/4
f 4718/1/4 4719/1/4 4728/1/4
f 2408/5/4 4718/5/4 4728/5/4
f 4719/5/4 4720/5/4 4729/5/4
f 4728/1/4 4719/1/4 4729/1/4
f 4720/5/4 4721/5/4 4729/5/4
f 4729/5/4 4721/5/4 4730/5/4
f 4721/1/4 4722/1/4 4731/1/4
f 4730/5/4 4721/5/4 4731/5/4
f 4722/5/4 4723/5/4 4732/5/4
f 4731/1/4 4722/1/4 4732/1/4
f 4723/5/4 4724/5/4 4732/5/4
f 4732/5/4 4724/5/4 4733/5/4
f 4724/1/4 4725/1/4 4734/1/4
f 4733/5/4 4724/5/4 4734/5/4
f 4725/5/4 4726/5/4 4735/5/4
f 4734/1/4 4725/1/4 4735/1/4
f 4726/5/4 4727/5/4 4735/5/4
f 4735/5/4 4727/5/4 4736/5/4
f 4728/5/4 4729/5/4 4737/5/4
f 4729/1/4 4730/1/4 4737/1/4
f 4730/5/4 4731/5/4 4738/5/4
f 4737/1/4 4730/1/4 4738/1/4
f 4731/5/4 4732/5/4 4738/5/4
f 4738/5/4 4732/5/4 4739/5/4
f 4732/1/4 4733/1/4 4740/1/4
f 4739/5/4 4732/5/4 4740/5/4
f 4733/5/4 4734/5/4 4741/5/4
f 4740/1/4 4733/1/4 4741/1/4
f 4734/5/4 4735/5/4 4741/5/4
f 4741/5/4 4735/5/4 4742/5/4
f 4735/1/4 4736/1/4 4743/1/4
f 4742/5/4 4735/5/4 4743/5/4
f 4736/5/4 4727/5/4 4744/5/4
f 4743/1/4 4736/1/4 4744/1/4
f 4727/5/4 3561/5/4 4745/5/4
f 4744/5/4 4727/5/4 4745/5/4
f 2408/5/4 4728/5/4 4746/5/4
f 4728/5/4 4737/5/4 4746/5/4
f 4737/5/4 4738/5/4 4746/5/4
f 4746/5/4 4738/5/4 4747/5/4
f 4738/1/4 4739/1/4 4748/1/4
f 4747/5/4 4738/5/4 4748/5/4
f 4739/5/4 4740/5/4 4749/5/4
f 4748/1/4 4739/1/4 4749/1/4
f 4740/5/4 4741/5/4 4749/5/4
f 4749/5/4 4741/5/4 4750/5/4
f 4741/1/4 4742/1/4 4751/1/4
f 4750/5/4 4741/5/4 4751/5/4
f 4743/5/4 4744/5/4 4752/5/4
f 4751/1/4 4742/1/4 4752/1/4
f 4742/5/4 4743/5/4 4752/5/4
f 4752/5/4 4744/5/4 4753/5/4
f 4744/1/4 4745/1/4 4754/1/4
f 4753/5/4 4744/5/4 4754/5/4
f 4745/5/4 3561/5/4 4755/5/4
f 4754/1/4 4745/1/4 4755/1/4
f 4746/1/4 4747/1/4 4756/1/4
f 2408/5/4 4746/5/4 4756/5/4
f 4747/5/4 4748/5/4 4757/5/4
f 4756/1/4 4747/1/4 4757/1/4
f 4748/5/4 4749/5/4 4757/5/4
f 4757/5/4 4749/5/4 4758/5/4
f 4749/1/4 4750/1/4 4759/1/4
f 4758/5/4 4749/5/4 4759/5/4
f 4750/5/4 4751/5/4 4760/5/4
f 4759/1/4 4750/1/4 4760/1/4
f 4751/5/4 4752/5/4 4760/5/4
f 4760/5/4 4752/5/4 4761/5/4
f 4752/1/4 4753/1/4 4762/1/4
f 4761/5/4 4752/5/4 4762/5/4
f 4753/5/4 4754/5/4 4763/5/4
f 4762/1/4 4753/1/4 4763/1/4
f 4754/5/4 4755/5/4 4763/5/4
f 4763/5/4 4755/5/4 4764/5/4
f 4756/5/4 4757/5/4 4765/5/4
f 4757/1/4 4758/1/4 4765/1/4
f 4758/5/4 4759/5/4 4766/5/4
f 4765/1/4 4758/1/4 4766/1/4
f 4759/5/4 4760/5/4 4766/5/4
f 4766/5/4 4760/5/4 4767/5/4
f 4760/1/4 4761/1/4 4768/1/4
f 4767/5/4 4760/5/4 4768/5/4
f 4761/5/4 4762/5/4 4769/5/4
f 4768/1/4 4761/1/4 4769/1/4
f 4762/5/4 4763/5/4 4769/5/4
f 4769/5/4 4763/5/4 4770/5/4
f 4763/1/4 4764/1/4 4771/1/4
f 4770/5/4 4763/5/4 4771/5/4
f 4764/5/4 4755/5/4 4772/5/4
f 4771/1/4 4764/1/4 4772/1/4
f 4755/5/4 3561/5/4 4773/5/4
f 4772/5/4 4755/5/4 4773/5/4
f 4766/1/4 4767/1/4 4774/1/4
f 4765/5/4 4766/5/4 4774/5/4
f 4767/5/4 4768/5/4 4775/5/4
f 4774/1/4 4767/1/4 4775/1/4
f 4768/5/4 4769/5/4 4775/5/4
f 4769/1/4 4770/1/4 4776/1/4
f 4775/5/4 4769/5/4 4776/5/4
f 4771/5/4 4772/5/4 4777/5/4
f 4776/1/4 4770/1/4 4777/1/4
f 4770/5/4 4771/5/4 4777/5/4
f 4772/1/4 4773/1/4 4778/1/4
f 4777/5/4 4772/5/4 4778/5/4
f 4773/5/4 3561/5/4 4779/5/4
f 4778/1/4 4773/1/4 4779/1/4
f 3689/2/4 3753/2/4 4780/2/4
f 3753/2/4 4386/2/4 4780/2/4
f 4386/2/4 4697/2/4 4780/2/4
f 4780/2/4 4697/2/4 4781/2/4
f 4697/4/4 4698/4/4 4782/4/4
f 4698/2/4 4699/2/4 4782/2/4
f 4699/2/4 4621/2/4 4783/2/4
f 4782/2/4 4699/2/4 4783/2/4
f 4780/4/4 4781/4/4 4784/4/4
f 3689/2/4 4780/2/4 4784/2/4
f 4784/4/4 4781/4/4 4785/4/4
f 4785/4/4 4781/4/4 4786/4/4
f 4781/2/4 4697/2/4 4787/2/4
f 4786/4/4 4781/4/4 4787/4/4
f 4697/4/4 4782/4/4 4788/4/4
f 4787/2/4 4697/2/4 4788/2/4
f 4782/4/4 4783/4/4 4788/4/4
f 4788/4/4 4783/4/4 4789/4/4
f 4785/4/4 4786/4/4 4790/4/4
f 4784/2/4 4785/2/4 4790/2/4
f 4786/2/4 4787/2/4 4791/2/4
f 4790/4/4 4786/4/4 4791/4/4
f 4788/2/4 4789/2/4 4791/2/4
f 4787/2/4 4788/2/4 4791/2/4
f 4790/2/4 4791/2/4 4792/2/4
f 4791/2/4 4789/2/4 4792/2/4
f 4789/4/4 4783/4/4 4793/4/4
f 4792/2/4 4789/2/4 4793/2/4
f 4790/2/4 4792/2/4 4794/2/4
f 4792/4/4 4793/4/4 4794/4/4
f 4793/4/4 4783/4/4 4795/4/4
f 4794/4/4 4793/4/4 4795/4/4
f 4783/2/4 4621/2/4 4795/2/4
f 3575/2/4 3663/2/4 4796/2/4
f 4779/5/4 3561/5/4 4796/5/4
f 4794/2/4 4795/2/4 4796/2/4
f 4776/5/4 4777/5/4 4796/5/4
f 3689/2/4 4784/2/4 4796/2/4
f 3663/2/4 3678/2/4 4796/2/4
f 4774/5/4 4775/5/4 4796/5/4
f 4778/5/4 4779/5/4 4796/5/4
f 4790/2/4 4794/2/4 4796/2/4
f 4784/2/4 4790/2/4 4796/2/4
f 3561/2/4 3575/2/4 4796/2/4
f 4775/5/4 4776/5/4 4796/5/4
f 3678/2/4 3689/2/4 4796/2/4
f 4777/5/4 4778/5/4 4796/5/4
f 4795/2/4 4621/2/4 4797/2/4
f 4796/2/4 4795/2/4 4797/2/4
f 4596/2/4 4583/2/4 4797/2/4
f 4583/2/4 3652/2/4 4797/2/4
f 4621/2/4 4610/2/4 4797/2/4
f 4610/2/4 4596/2/4 4797/2/4
f 2407/6/4 2408/6/4 4798/6/4
f 4765/5/4 4774/5/4 4799/5/4
f 4798/6/4 2408/6/4 4799/6/4
f 4774/5/4 4796/5/4 4799/5/4
f 4796/5/4 4797/5/4 4799/5/4
f 4756/5/4 4765/5/4 4799/5/4
f 2408/5/4 4756/5/4 4799/5/4
f 4799/5/4 4797/5/4 4800/5/4
f 4803/6/5 4802/6/5 4801/6/5
f 4804/6/5 4802/6/5 4803/6/5
f 4805/5/6 4806/5/6 4811/5/6
f 4806/2/6 4807/2/6 4812/2/6
f 4811/5/6 4806/5/6 4812/5/6
f 4807/4/6 4808/4/6 4813/4/6
f 4812/2/6 4807/2/6 4813/2/6
f 4808/2/6 4809/2/6 4814/2/6
f 4813/4/6 4808/4/6 4814/4/6
f 4809/5/6 4810/5/6 4815/5/6
f 4814/2/6 4809/2/6 4815/2/6
f 4815/5/6 4810/5/6 4816/5/6
