# MagicaVoxel @ Ephtracy

# group
o 

# material
mtllib barrel.mtl
usemtl palette

# normals
vn -1 0 0
vn 1 0 0
vn 0 0 1
vn 0 0 -1
vn 0 -1 0
vn 0 1 0

# texcoords
vt 0.333984 0.5
vt 0.349609 0.5
vt 0.353516 0.5
vt 0.365234 0.5
vt 0.451172 0.5
vt 0.455078 0.5
vt 0.619141 0.5

# verts
v -3.3 0.9 1.4
v -3.3 0.9 1.2
v -3.3 0.9 1.1
v -3.3 0.9 0.9
v -3.3 0.9 -0.7
v -3.3 0.9 -0.9
v -3.3 0.9 -1
v -3.3 0.9 -1.2
v -3.3 1 1.5
v -3.3 1 1.4
v -3.3 1 0.9
v -3.3 1 0.8
v -3.3 1 -0.6
v -3.3 1 -0.7
v -3.3 1 -1.2
v -3.3 1 -1.3
v -3.3 1.1 1.6
v -3.3 1.1 1.5
v -3.3 1.1 1.2
v -3.3 1.1 1.1
v -3.3 1.1 0.8
v -3.3 1.1 0.7
v -3.3 1.1 -0.5
v -3.3 1.1 -0.6
v -3.3 1.1 -0.9
v -3.3 1.1 -1
v -3.3 1.1 -1.3
v -3.3 1.1 -1.4
v -3.3 1.2 1.7
v -3.3 1.2 1.6
v -3.3 1.2 1.4
v -3.3 1.2 1.2
v -3.3 1.2 1.1
v -3.3 1.2 0.9
v -3.3 1.2 0.7
v -3.3 1.2 0.6
v -3.3 1.2 -0.4
v -3.3 1.2 -0.5
v -3.3 1.2 -0.7
v -3.3 1.2 -0.9
v -3.3 1.2 -1
v -3.3 1.2 -1.2
v -3.3 1.2 -1.4
v -3.3 1.2 -1.5
v -3.3 1.4 1.7
v -3.3 1.4 1.5
v -3.3 1.4 1.4
v -3.3 1.4 0.9
v -3.3 1.4 0.8
v -3.3 1.4 0.6
v -3.3 1.4 -0.4
v -3.3 1.4 -0.6
v -3.3 1.4 -0.7
v -3.3 1.4 -1.2
v -3.3 1.4 -1.3
v -3.3 1.4 -1.5
v -3.3 1.5 1.7
v -3.3 1.5 1.5
v -3.3 1.5 1.4
v -3.3 1.5 0.9
v -3.3 1.5 0.8
v -3.3 1.5 0.6
v -3.3 1.5 -0.4
v -3.3 1.5 -0.6
v -3.3 1.5 -0.7
v -3.3 1.5 -1.2
v -3.3 1.5 -1.3
v -3.3 1.5 -1.5
v -3.3 1.7 1.7
v -3.3 1.7 1.6
v -3.3 1.7 1.4
v -3.3 1.7 1.2
v -3.3 1.7 1.1
v -3.3 1.7 0.9
v -3.3 1.7 0.7
v -3.3 1.7 0.6
v -3.3 1.7 -0.4
v -3.3 1.7 -0.5
v -3.3 1.7 -0.7
v -3.3 1.7 -0.9
v -3.3 1.7 -1
v -3.3 1.7 -1.2
v -3.3 1.7 -1.4
v -3.3 1.7 -1.5
v -3.3 1.8 1.6
v -3.3 1.8 1.5
v -3.3 1.8 1.2
v -3.3 1.8 1.1
v -3.3 1.8 0.8
v -3.3 1.8 0.7
v -3.3 1.8 -0.5
v -3.3 1.8 -0.6
v -3.3 1.8 -0.9
v -3.3 1.8 -1
v -3.3 1.8 -1.3
v -3.3 1.8 -1.4
v -3.3 1.9 1.5
v -3.3 1.9 1.4
v -3.3 1.9 0.9
v -3.3 1.9 0.8
v -3.3 1.9 -0.6
v -3.3 1.9 -0.7
v -3.3 1.9 -1.2
v -3.3 1.9 -1.3
v -3.3 2 1.4
v -3.3 2 1.2
v -3.3 2 1.1
v -3.3 2 0.9
v -3.3 2 -0.7
v -3.3 2 -0.9
v -3.3 2 -1
v -3.3 2 -1.2
v -3.3 2.6 0.4
v -3.3 2.6 0.2
v -3.3 2.6 0.0999999
v -3.3 2.6 -0.1
v -3.3 2.7 0.5
v -3.3 2.7 0.4
v -3.3 2.7 -0.1
v -3.3 2.7 -0.2
v -3.3 2.8 0.6
v -3.3 2.8 0.5
v -3.3 2.8 0.2
v -3.3 2.8 0.0999999
v -3.3 2.8 -0.2
v -3.3 2.8 -0.3
v -3.3 2.9 0.7
v -3.3 2.9 0.6
v -3.3 2.9 0.4
v -3.3 2.9 0.2
v -3.3 2.9 0.0999999
v -3.3 2.9 -0.1
v -3.3 2.9 -0.3
v -3.3 2.9 -0.4
v -3.3 3.1 0.7
v -3.3 3.1 0.5
v -3.3 3.1 0.4
v -3.3 3.1 -0.1
v -3.3 3.1 -0.2
v -3.3 3.1 -0.4
v -3.3 3.2 0.7
v -3.3 3.2 0.5
v -3.3 3.2 0.4
v -3.3 3.2 -0.1
v -3.3 3.2 -0.2
v -3.3 3.2 -0.4
v -3.3 3.4 0.7
v -3.3 3.4 0.6
v -3.3 3.4 0.4
v -3.3 3.4 0.2
v -3.3 3.4 0.0999999
v -3.3 3.4 -0.1
v -3.3 3.4 -0.3
v -3.3 3.4 -0.4
v -3.3 3.5 0.6
v -3.3 3.5 0.5
v -3.3 3.5 0.2
v -3.3 3.5 0.0999999
v -3.3 3.5 -0.2
v -3.3 3.5 -0.3
v -3.3 3.6 0.5
v -3.3 3.6 0.4
v -3.3 3.6 -0.1
v -3.3 3.6 -0.2
v -3.3 3.7 0.4
v -3.3 3.7 0.2
v -3.3 3.7 0.0999999
v -3.3 3.7 -0.1
v -3.2 0.7 1.4
v -3.2 0.7 1.2
v -3.2 0.7 1.1
v -3.2 0.7 0.9
v -3.2 0.7 -0.7
v -3.2 0.7 -0.9
v -3.2 0.7 -1
v -3.2 0.7 -1.2
v -3.2 0.8 1.6
v -3.2 0.8 1.4
v -3.2 0.8 0.9
v -3.2 0.8 0.7
v -3.2 0.8 -0.5
v -3.2 0.8 -0.7
v -3.2 0.8 -1.2
v -3.2 0.8 -1.4
v -3.2 0.9 1.7
v -3.2 0.9 1.6
v -3.2 0.9 1.4
v -3.2 0.9 1.2
v -3.2 0.9 1.1
v -3.2 0.9 0.9
v -3.2 0.9 0.7
v -3.2 0.9 0.6
v -3.2 0.9 -0.4
v -3.2 0.9 -0.5
v -3.2 0.9 -0.7
v -3.2 0.9 -0.9
v -3.2 0.9 -1
v -3.2 0.9 -1.2
v -3.2 0.9 -1.4
v -3.2 0.9 -1.5
v -3.2 1 1.8
v -3.2 1 1.7
v -3.2 1 1.5
v -3.2 1 1.4
v -3.2 1 0.9
v -3.2 1 0.8
v -3.2 1 0.6
v -3.2 1 0.5
v -3.2 1 -0.3
v -3.2 1 -0.4
v -3.2 1 -0.6
v -3.2 1 -0.7
v -3.2 1 -1.2
v -3.2 1 -1.3
v -3.2 1 -1.5
v -3.2 1 -1.6
v -3.2 1.1 1.6
v -3.2 1.1 1.5
v -3.2 1.1 0.8
v -3.2 1.1 0.7
v -3.2 1.1 -0.5
v -3.2 1.1 -0.6
v -3.2 1.1 -1.3
v -3.2 1.1 -1.4
v -3.2 1.2 1.9
v -3.2 1.2 1.8
v -3.2 1.2 1.7
v -3.2 1.2 1.6
v -3.2 1.2 0.7
v -3.2 1.2 0.6
v -3.2 1.2 0.5
v -3.2 1.2 0.4
v -3.2 1.2 -0.2
v -3.2 1.2 -0.3
v -3.2 1.2 -0.4
v -3.2 1.2 -0.5
v -3.2 1.2 -1.4
v -3.2 1.2 -1.5
v -3.2 1.2 -1.6
v -3.2 1.2 -1.7
v -3.2 1.4 1.9
v -3.2 1.4 1.7
v -3.2 1.4 0.6
v -3.2 1.4 0.4
v -3.2 1.4 -0.2
v -3.2 1.4 -0.4
v -3.2 1.4 -1.5
v -3.2 1.4 -1.7
v -3.2 1.5 1.9
v -3.2 1.5 1.7
v -3.2 1.5 0.6
v -3.2 1.5 0.4
v -3.2 1.5 -0.2
v -3.2 1.5 -0.4
v -3.2 1.5 -1.5
v -3.2 1.5 -1.7
v -3.2 1.7 1.9
v -3.2 1.7 1.8
v -3.2 1.7 1.7
v -3.2 1.7 1.6
v -3.2 1.7 0.7
v -3.2 1.7 0.6
v -3.2 1.7 0.5
v -3.2 1.7 0.4
v -3.2 1.7 -0.2
v -3.2 1.7 -0.3
v -3.2 1.7 -0.4
v -3.2 1.7 -0.5
v -3.2 1.7 -1.4
v -3.2 1.7 -1.5
v -3.2 1.7 -1.6
v -3.2 1.7 -1.7
v -3.2 1.8 1.6
v -3.2 1.8 1.5
v -3.2 1.8 0.8
v -3.2 1.8 0.7
v -3.2 1.8 -0.5
v -3.2 1.8 -0.6
v -3.2 1.8 -1.3
v -3.2 1.8 -1.4
v -3.2 1.9 1.8
v -3.2 1.9 1.7
v -3.2 1.9 1.5
v -3.2 1.9 1.4
v -3.2 1.9 0.9
v -3.2 1.9 0.8
v -3.2 1.9 0.6
v -3.2 1.9 0.5
v -3.2 1.9 -0.3
v -3.2 1.9 -0.4
v -3.2 1.9 -0.6
v -3.2 1.9 -0.7
v -3.2 1.9 -1.2
v -3.2 1.9 -1.3
v -3.2 1.9 -1.5
v -3.2 1.9 -1.6
v -3.2 2 1.7
v -3.2 2 1.6
v -3.2 2 1.4
v -3.2 2 1.2
v -3.2 2 1.1
v -3.2 2 0.9
v -3.2 2 0.7
v -3.2 2 0.6
v -3.2 2 -0.4
v -3.2 2 -0.5
v -3.2 2 -0.7
v -3.2 2 -0.9
v -3.2 2 -1
v -3.2 2 -1.2
v -3.2 2 -1.4
v -3.2 2 -1.5
v -3.2 2.1 1.6
v -3.2 2.1 1.4
v -3.2 2.1 0.9
v -3.2 2.1 0.7
v -3.2 2.1 -0.5
v -3.2 2.1 -0.7
v -3.2 2.1 -1.2
v -3.2 2.1 -1.4
v -3.2 2.2 1.4
v -3.2 2.2 1.2
v -3.2 2.2 1.1
v -3.2 2.2 0.9
v -3.2 2.2 -0.7
v -3.2 2.2 -0.9
v -3.2 2.2 -1
v -3.2 2.2 -1.2
v -3.2 2.4 0.4
v -3.2 2.4 0.2
v -3.2 2.4 0.0999999
v -3.2 2.4 -0.1
v -3.2 2.5 0.6
v -3.2 2.5 0.4
v -3.2 2.5 -0.1
v -3.2 2.5 -0.3
v -3.2 2.6 0.7
v -3.2 2.6 0.6
v -3.2 2.6 0.4
v -3.2 2.6 0.2
v -3.2 2.6 0.0999999
v -3.2 2.6 -0.1
v -3.2 2.6 -0.3
v -3.2 2.6 -0.4
v -3.2 2.7 0.8
v -3.2 2.7 0.7
v -3.2 2.7 0.5
v -3.2 2.7 0.4
v -3.2 2.7 -0.1
v -3.2 2.7 -0.2
v -3.2 2.7 -0.4
v -3.2 2.7 -0.5
v -3.2 2.8 0.6
v -3.2 2.8 0.5
v -3.2 2.8 -0.2
v -3.2 2.8 -0.3
v -3.2 2.9 0.9
v -3.2 2.9 0.8
v -3.2 2.9 0.7
v -3.2 2.9 0.6
v -3.2 2.9 -0.3
v -3.2 2.9 -0.4
v -3.2 2.9 -0.5
v -3.2 2.9 -0.6
v -3.2 3.1 0.9
v -3.2 3.1 0.7
v -3.2 3.1 -0.4
v -3.2 3.1 -0.6
v -3.2 3.2 0.9
v -3.2 3.2 0.7
v -3.2 3.2 -0.4
v -3.2 3.2 -0.6
v -3.2 3.4 0.9
v -3.2 3.4 0.8
v -3.2 3.4 0.7
v -3.2 3.4 0.6
v -3.2 3.4 -0.3
v -3.2 3.4 -0.4
v -3.2 3.4 -0.5
v -3.2 3.4 -0.6
v -3.2 3.5 0.6
v -3.2 3.5 0.5
v -3.2 3.5 -0.2
v -3.2 3.5 -0.3
v -3.2 3.6 0.8
v -3.2 3.6 0.7
v -3.2 3.6 0.5
v -3.2 3.6 0.4
v -3.2 3.6 -0.1
v -3.2 3.6 -0.2
v -3.2 3.6 -0.4
v -3.2 3.6 -0.5
v -3.2 3.7 0.7
v -3.2 3.7 0.6
v -3.2 3.7 0.4
v -3.2 3.7 0.2
v -3.2 3.7 0.0999999
v -3.2 3.7 -0.1
v -3.2 3.7 -0.3
v -3.2 3.7 -0.4
v -3.2 3.8 0.6
v -3.2 3.8 0.4
v -3.2 3.8 -0.1
v -3.2 3.8 -0.3
v -3.2 3.9 0.4
v -3.2 3.9 0.2
v -3.2 3.9 0.0999999
v -3.2 3.9 -0.1
v -3.1 0.5 1.5
v -3.1 0.5 1.2
v -3.1 0.5 1.1
v -3.1 0.5 0.8
v -3.1 0.5 -0.6
v -3.1 0.5 -0.9
v -3.1 0.5 -1
v -3.1 0.5 -1.3
v -3.1 0.6 1.7
v -3.1 0.6 1.5
v -3.1 0.6 0.8
v -3.1 0.6 0.6
v -3.1 0.6 -0.4
v -3.1 0.6 -0.6
v -3.1 0.6 -1.3
v -3.1 0.6 -1.5
v -3.1 0.7 1.8
v -3.1 0.7 1.7
v -3.1 0.7 1.4
v -3.1 0.7 1.2
v -3.1 0.7 1.1
v -3.1 0.7 0.9
v -3.1 0.7 0.6
v -3.1 0.7 0.5
v -3.1 0.7 -0.3
v -3.1 0.7 -0.4
v -3.1 0.7 -0.7
v -3.1 0.7 -0.9
v -3.1 0.7 -1
v -3.1 0.7 -1.2
v -3.1 0.7 -1.5
v -3.1 0.7 -1.6
v -3.1 0.8 1.9
v -3.1 0.8 1.8
v -3.1 0.8 1.6
v -3.1 0.8 1.4
v -3.1 0.8 0.9
v -3.1 0.8 0.7
v -3.1 0.8 0.5
v -3.1 0.8 0.4
v -3.1 0.8 -0.2
v -3.1 0.8 -0.3
v -3.1 0.8 -0.5
v -3.1 0.8 -0.7
v -3.1 0.8 -1.2
v -3.1 0.8 -1.4
v -3.1 0.8 -1.6
v -3.1 0.8 -1.7
v -3.1 0.9 2
v -3.1 0.9 1.9
v -3.1 0.9 1.7
v -3.1 0.9 1.6
v -3.1 0.9 0.7
v -3.1 0.9 0.6
v -3.1 0.9 0.4
v -3.1 0.9 0.3
v -3.1 0.9 -0.1
v -3.1 0.9 -0.2
v -3.1 0.9 -0.4
v -3.1 0.9 -0.5
v -3.1 0.9 -1.4
v -3.1 0.9 -1.5
v -3.1 0.9 -1.7
v -3.1 0.9 -1.8
v -3.1 1 1.8
v -3.1 1 1.7
v -3.1 1 0.6
v -3.1 1 0.5
v -3.1 1 -0.3
v -3.1 1 -0.4
v -3.1 1 -1.5
v -3.1 1 -1.6
v -3.1 1.1 2.1
v -3.1 1.1 2
v -3.1 1.1 0.3
v -3.1 1.1 0.2
v -3.1 1.1 0
v -3.1 1.1 -0.1
v -3.1 1.1 -1.8
v -3.1 1.1 -1.9
v -3.1 1.2 1.9
v -3.1 1.2 1.8
v -3.1 1.2 0.5
v -3.1 1.2 0.4
v -3.1 1.2 -0.2
v -3.1 1.2 -0.3
v -3.1 1.2 -1.6
v -3.1 1.2 -1.7
v -3.1 1.4 2.1
v -3.1 1.4 1.9
v -3.1 1.4 0.4
v -3.1 1.4 0.2
v -3.1 1.4 0
v -3.1 1.4 -0.2
v -3.1 1.4 -1.7
v -3.1 1.4 -1.9
v -3.1 1.5 2.1
v -3.1 1.5 1.9
v -3.1 1.5 0.4
v -3.1 1.5 0.2
v -3.1 1.5 0
v -3.1 1.5 -0.2
v -3.1 1.5 -1.7
v -3.1 1.5 -1.9
v -3.1 1.7 1.9
v -3.1 1.7 1.8
v -3.1 1.7 0.5
v -3.1 1.7 0.4
v -3.1 1.7 -0.2
v -3.1 1.7 -0.3
v -3.1 1.7 -1.6
v -3.1 1.7 -1.7
v -3.1 1.8 2.1
v -3.1 1.8 2
v -3.1 1.8 0.3
v -3.1 1.8 0.2
v -3.1 1.8 0
v -3.1 1.8 -0.1
v -3.1 1.8 -1.8
v -3.1 1.8 -1.9
v -3.1 1.9 1.8
v -3.1 1.9 1.7
v -3.1 1.9 0.6
v -3.1 1.9 0.5
v -3.1 1.9 -0.3
v -3.1 1.9 -0.4
v -3.1 1.9 -1.5
v -3.1 1.9 -1.6
v -3.1 2 2
v -3.1 2 1.9
v -3.1 2 1.7
v -3.1 2 1.6
v -3.1 2 0.7
v -3.1 2 0.6
v -3.1 2 0.4
v -3.1 2 0.3
v -3.1 2 -0.1
v -3.1 2 -0.2
v -3.1 2 -0.4
v -3.1 2 -0.5
v -3.1 2 -1.4
v -3.1 2 -1.5
v -3.1 2 -1.7
v -3.1 2 -1.8
v -3.1 2.1 1.9
v -3.1 2.1 1.8
v -3.1 2.1 1.6
v -3.1 2.1 1.4
v -3.1 2.1 0.9
v -3.1 2.1 0.7
v -3.1 2.1 0.5
v -3.1 2.1 0.4
v -3.1 2.1 -0.2
v -3.1 2.1 -0.3
v -3.1 2.1 -0.5
v -3.1 2.1 -0.7
v -3.1 2.1 -1.2
v -3.1 2.1 -1.4
v -3.1 2.1 -1.6
v -3.1 2.1 -1.7
v -3.1 2.2 1.8
v -3.1 2.2 1.7
v -3.1 2.2 1.4
v -3.1 2.2 1.2
v -3.1 2.2 1.1
v -3.1 2.2 0.9
v -3.1 2.2 0.6
v -3.1 2.2 0.5
v -3.1 2.2 0.2
v -3.1 2.2 0.0999999
v -3.1 2.2 -0.2
v -3.1 2.2 -0.3
v -3.1 2.2 -0.4
v -3.1 2.2 -0.7
v -3.1 2.2 -0.9
v -3.1 2.2 -1
v -3.1 2.2 -1.2
v -3.1 2.2 -1.5
v -3.1 2.2 -1.6
v -3.1 2.3 1.7
v -3.1 2.3 1.5
v -3.1 2.3 0.8
v -3.1 2.3 0.7
v -3.1 2.3 0.6
v -3.1 2.3 0.5
v -3.1 2.3 -0.2
v -3.1 2.3 -0.4
v -3.1 2.3 -0.6
v -3.1 2.3 -1.3
v -3.1 2.3 -1.5
v -3.1 2.4 1.5
v -3.1 2.4 1.2
v -3.1 2.4 1.1
v -3.1 2.4 0.8
v -3.1 2.4 0.7
v -3.1 2.4 0.4
v -3.1 2.4 0.2
v -3.1 2.4 0.0999999
v -3.1 2.4 -0.1
v -3.1 2.4 -0.4
v -3.1 2.4 -0.5
v -3.1 2.4 -0.6
v -3.1 2.4 -0.9
v -3.1 2.4 -1
v -3.1 2.4 -1.3
v -3.1 2.5 0.9
v -3.1 2.5 0.8
v -3.1 2.5 0.6
v -3.1 2.5 0.4
v -3.1 2.5 -0.1
v -3.1 2.5 -0.3
v -3.1 2.5 -0.5
v -3.1 2.5 -0.6
v -3.1 2.6 1
v -3.1 2.6 0.9
v -3.1 2.6 0.7
v -3.1 2.6 0.6
v -3.1 2.6 -0.3
v -3.1 2.6 -0.4
v -3.1 2.6 -0.6
v -3.1 2.6 -0.7
v -3.1 2.7 0.8
v -3.1 2.7 0.7
v -3.1 2.7 -0.4
v -3.1 2.7 -0.5
v -3.1 2.8 1.1
v -3.1 2.8 1
v -3.1 2.8 -0.7
v -3.1 2.8 -0.8
v -3.1 2.9 0.9
v -3.1 2.9 0.8
v -3.1 2.9 -0.5
v -3.1 2.9 -0.6
v -3.1 3.1 1.1
v -3.1 3.1 0.9
v -3.1 3.1 -0.6
v -3.1 3.1 -0.8
v -3.1 3.2 1.1
v -3.1 3.2 0.9
v -3.1 3.2 -0.6
v -3.1 3.2 -0.8
v -3.1 3.4 0.9
v -3.1 3.4 0.8
v -3.1 3.4 -0.5
v -3.1 3.4 -0.6
v -3.1 3.5 1.1
v -3.1 3.5 1
v -3.1 3.5 -0.7
v -3.1 3.5 -0.8
v -3.1 3.6 0.8
v -3.1 3.6 0.7
v -3.1 3.6 -0.4
v -3.1 3.6 -0.5
v -3.1 3.7 1
v -3.1 3.7 0.9
v -3.1 3.7 0.7
v -3.1 3.7 0.6
v -3.1 3.7 -0.3
v -3.1 3.7 -0.4
v -3.1 3.7 -0.6
v -3.1 3.7 -0.7
v -3.1 3.8 0.9
v -3.1 3.8 0.8
v -3.1 3.8 0.6
v -3.1 3.8 0.4
v -3.1 3.8 -0.1
v -3.1 3.8 -0.3
v -3.1 3.8 -0.5
v -3.1 3.8 -0.6
v -3.1 3.9 0.8
v -3.1 3.9 0.7
v -3.1 3.9 0.4
v -3.1 3.9 0.2
v -3.1 3.9 0.0999999
v -3.1 3.9 -0.1
v -3.1 3.9 -0.4
v -3.1 3.9 -0.5
v -3.1 4 0.7
v -3.1 4 0.5
v -3.1 4 -0.2
v -3.1 4 -0.4
v -3.1 4.1 0.5
v -3.1 4.1 0.2
v -3.1 4.1 0.0999999
v -3.1 4.1 -0.2
v -3 0.4 1.5
v -3 0.4 1.2
v -3 0.4 1.1
v -3 0.4 0.8
v -3 0.4 -0.6
v -3 0.4 -0.9
v -3 0.4 -1
v -3 0.4 -1.3
v -3 0.5 1.7
v -3 0.5 1.5
v -3 0.5 1.2
v -3 0.5 1.1
v -3 0.5 0.8
v -3 0.5 0.6
v -3 0.5 -0.4
v -3 0.5 -0.6
v -3 0.5 -0.9
v -3 0.5 -1
v -3 0.5 -1.3
v -3 0.5 -1.5
v -3 0.6 1.8
v -3 0.6 1.7
v -3 0.6 1.5
v -3 0.6 0.8
v -3 0.6 0.6
v -3 0.6 0.5
v -3 0.6 -0.3
v -3 0.6 -0.4
v -3 0.6 -0.6
v -3 0.6 -1.3
v -3 0.6 -1.5
v -3 0.6 -1.6
v -3 0.7 1.9
v -3 0.7 1.8
v -3 0.7 1.7
v -3 0.7 0.6
v -3 0.7 0.5
v -3 0.7 0.4
v -3 0.7 -0.2
v -3 0.7 -0.3
v -3 0.7 -0.4
v -3 0.7 -1.5
v -3 0.7 -1.6
v -3 0.7 -1.7
v -3 0.8 2
v -3 0.8 1.9
v -3 0.8 1.8
v -3 0.8 0.5
v -3 0.8 0.4
v -3 0.8 0.3
v -3 0.8 -0.1
v -3 0.8 -0.2
v -3 0.8 -0.3
v -3 0.8 -1.6
v -3 0.8 -1.7
v -3 0.8 -1.8
v -3 0.9 2.1
v -3 0.9 2
v -3 0.9 1.9
v -3 0.9 0.4
v -3 0.9 0.3
v -3 0.9 0.2
v -3 0.9 0
v -3 0.9 -0.1
v -3 0.9 -0.2
v -3 0.9 -1.7
v -3 0.9 -1.8
v -3 0.9 -1.9
v -3 1.1 2.2
v -3 1.1 2.1
v -3 1.1 2
v -3 1.1 0.3
v -3 1.1 0.2
v -3 1.1 0
v -3 1.1 -0.1
v -3 1.1 -1.8
v -3 1.1 -1.9
v -3 1.1 -2
v -3 1.4 2.2
v -3 1.4 2.1
v -3 1.4 0.2
v -3 1.4 0
v -3 1.4 -1.9
v -3 1.4 -2
v -3 1.5 2.2
v -3 1.5 2.1
v -3 1.5 0.2
v -3 1.5 0
v -3 1.5 -1.9
v -3 1.5 -2
v -3 1.8 2.2
v -3 1.8 2.1
v -3 1.8 2
v -3 1.8 0.3
v -3 1.8 0.2
v -3 1.8 0
v -3 1.8 -0.1
v -3 1.8 -1.8
v -3 1.8 -1.9
v -3 1.8 -2
v -3 2 2.1
v -3 2 2
v -3 2 1.9
v -3 2 0.4
v -3 2 0.3
v -3 2 0.2
v -3 2 0
v -3 2 -0.1
v -3 2 -0.2
v -3 2 -1.7
v -3 2 -1.8
v -3 2 -1.9
v -3 2.1 2
v -3 2.1 1.9
v -3 2.1 1.8
v -3 2.1 0.5
v -3 2.1 0.4
v -3 2.1 0.3
v -3 2.1 0.2
v -3 2.1 0.0999999
v -3 2.1 -0.1
v -3 2.1 -0.2
v -3 2.1 -0.3
v -3 2.1 -1.6
v -3 2.1 -1.7
v -3 2.1 -1.8
v -3 2.2 1.9
v -3 2.2 1.8
v -3 2.2 1.7
v -3 2.2 0.6
v -3 2.2 0.5
v -3 2.2 0.2
v -3 2.2 0.0999999
v -3 2.2 -0.2
v -3 2.2 -0.3
v -3 2.2 -0.4
v -3 2.2 -1.5
v -3 2.2 -1.6
v -3 2.2 -1.7
v -3 2.3 1.8
v -3 2.3 1.7
v -3 2.3 1.5
v -3 2.3 0.8
v -3 2.3 0.7
v -3 2.3 0.6
v -3 2.3 0.5
v -3 2.3 -0.2
v -3 2.3 -0.4
v -3 2.3 -0.6
v -3 2.3 -1.3
v -3 2.3 -1.5
v -3 2.3 -1.6
v -3 2.4 1.7
v -3 2.4 1.5
v -3 2.4 1.2
v -3 2.4 1.1
v -3 2.4 0.8
v -3 2.4 0.7
v -3 2.4 -0.4
v -3 2.4 -0.5
v -3 2.4 -0.6
v -3 2.4 -0.9
v -3 2.4 -1
v -3 2.4 -1.3
v -3 2.4 -1.5
v -3 2.5 1.5
v -3 2.5 1.2
v -3 2.5 1.1
v -3 2.5 1
v -3 2.5 0.9
v -3 2.5 0.8
v -3 2.5 -0.5
v -3 2.5 -0.6
v -3 2.5 -0.7
v -3 2.5 -0.9
v -3 2.5 -1
v -3 2.5 -1.3
v -3 2.6 1.1
v -3 2.6 1
v -3 2.6 0.9
v -3 2.6 -0.6
v -3 2.6 -0.7
v -3 2.6 -0.8
v -3 2.8 1.2
v -3 2.8 1.1
v -3 2.8 1
v -3 2.8 -0.7
v -3 2.8 -0.8
v -3 2.8 -0.9
v -3 3.1 1.2
v -3 3.1 1.1
v -3 3.1 -0.8
v -3 3.1 -0.9
v -3 3.2 1.2
v -3 3.2 1.1
v -3 3.2 -0.8
v -3 3.2 -0.9
v -3 3.5 1.2
v -3 3.5 1.1
v -3 3.5 1
v -3 3.5 -0.7
v -3 3.5 -0.8
v -3 3.5 -0.9
v -3 3.7 1.1
v -3 3.7 1
v -3 3.7 0.9
v -3 3.7 -0.6
v -3 3.7 -0.7
v -3 3.7 -0.8
v -3 3.8 1
v -3 3.8 0.9
v -3 3.8 0.8
v -3 3.8 -0.5
v -3 3.8 -0.6
v -3 3.8 -0.7
v -3 3.9 0.9
v -3 3.9 0.8
v -3 3.9 0.7
v -3 3.9 -0.4
v -3 3.9 -0.5
v -3 3.9 -0.6
v -3 4 0.8
v -3 4 0.7
v -3 4 0.5
v -3 4 -0.2
v -3 4 -0.4
v -3 4 -0.5
v -3 4.1 0.7
v -3 4.1 0.5
v -3 4.1 0.2
v -3 4.1 0.0999999
v -3 4.1 -0.2
v -3 4.1 -0.4
v -3 4.2 0.5
v -3 4.2 0.2
v -3 4.2 0.0999999
v -3 4.2 -0.2
v -1.9 0.3 1.6
v -1.9 0.3 -1.4
v -1.9 0.4 1.8
v -1.9 0.4 1.6
v -1.9 0.4 1.5
v -1.9 0.4 0.8
v -1.9 0.4 -0.6
v -1.9 0.4 -1.3
v -1.9 0.4 -1.4
v -1.9 0.4 -1.6
v -1.9 0.5 1.9
v -1.9 0.5 1.8
v -1.9 0.5 1.7
v -1.9 0.5 1.5
v -1.9 0.5 -1.3
v -1.9 0.5 -1.5
v -1.9 0.5 -1.6
v -1.9 0.5 -1.7
v -1.9 0.6 2
v -1.9 0.6 1.9
v -1.9 0.6 1.8
v -1.9 0.6 1.7
v -1.9 0.6 -1.5
v -1.9 0.6 -1.6
v -1.9 0.6 -1.7
v -1.9 0.6 -1.8
v -1.9 0.7 2.1
v -1.9 0.7 2
v -1.9 0.7 1.9
v -1.9 0.7 1.8
v -1.9 0.7 -1.6
v -1.9 0.7 -1.7
v -1.9 0.7 -1.8
v -1.9 0.7 -1.9
v -1.9 0.8 2.2
v -1.9 0.8 2.1
v -1.9 0.8 2
v -1.9 0.8 1.9
v -1.9 0.8 -1.7
v -1.9 0.8 -1.8
v -1.9 0.8 -1.9
v -1.9 0.8 -2
v -1.9 0.9 2.3
v -1.9 0.9 2.2
v -1.9 0.9 2.1
v -1.9 0.9 2
v -1.9 0.9 -1.8
v -1.9 0.9 -1.9
v -1.9 1 2.1
v -1.9 1 -2
v -1.9 1 -2.1
v -1.9 1.1 2.4
v -1.9 1.1 2.3
v -1.9 1.1 2.2
v -1.9 1.1 2.1
v -1.9 1.1 -1.9
v -1.9 1.1 -2
v -1.9 1.1 -2.1
v -1.9 1.1 -2.2
v -1.9 1.8 2.4
v -1.9 1.8 2.3
v -1.9 1.8 2.2
v -1.9 1.8 2.1
v -1.9 1.8 -1.9
v -1.9 1.8 -2
v -1.9 1.8 -2.1
v -1.9 1.8 -2.2
v -1.9 1.9 2.1
v -1.9 2 2.3
v -1.9 2 2.2
v -1.9 2 2.1
v -1.9 2 2
v -1.9 2 -1.8
v -1.9 2 -1.9
v -1.9 2 -2.1
v -1.9 2.1 2.2
v -1.9 2.1 2.1
v -1.9 2.1 2
v -1.9 2.1 1.9
v -1.9 2.1 -1.7
v -1.9 2.1 -1.8
v -1.9 2.2 2.1
v -1.9 2.2 2
v -1.9 2.2 1.9
v -1.9 2.2 1.8
v -1.9 2.2 -1.6
v -1.9 2.2 -1.7
v -1.9 2.2 -1.8
v -1.9 2.2 -1.9
v -1.9 2.3 2
v -1.9 2.3 1.9
v -1.9 2.3 1.8
v -1.9 2.3 1.7
v -1.9 2.3 -1.5
v -1.9 2.3 -1.6
v -1.9 2.3 -1.7
v -1.9 2.3 -1.8
v -1.9 2.4 1.7
v -1.9 2.4 -1.4
v -1.9 2.4 -1.5
v -1.9 2.4 -1.6
v -1.9 2.4 -1.7
v -1.9 2.5 1.9
v -1.9 2.5 1.8
v -1.9 2.5 1.7
v -1.9 2.5 1.6
v -1.9 2.5 -1.3
v -1.9 2.5 -1.4
v -1.9 2.5 -1.5
v -1.9 2.5 -1.6
v -1.9 2.7 1.8
v -1.9 2.7 1.7
v -1.9 2.7 1.6
v -1.9 2.7 1.5
v -1.9 2.7 -1.2
v -1.9 2.7 -1.3
v -1.9 2.7 -1.4
v -1.9 2.7 -1.5
v -1.9 2.9 1.7
v -1.9 2.9 1.6
v -1.9 2.9 1.5
v -1.9 2.9 1.4
v -1.9 2.9 -1.1
v -1.9 2.9 -1.2
v -1.9 2.9 -1.3
v -1.9 2.9 -1.4
v -1.9 3.1 1.6
v -1.9 3.1 1.5
v -1.9 3.1 1.4
v -1.9 3.1 1.3
v -1.9 3.1 -1
v -1.9 3.1 -1.1
v -1.9 3.1 -1.2
v -1.9 3.1 -1.3
v -1.9 3.2 1.5
v -1.9 3.2 1.4
v -1.9 3.3 1.5
v -1.9 3.3 1.4
v -1.9 3.3 1.3
v -1.9 3.3 1.2
v -1.9 3.3 -0.9
v -1.9 3.3 -1
v -1.9 3.3 -1.1
v -1.9 3.3 -1.2
v -1.9 3.5 1.2
v -1.9 3.5 1.1
v -1.9 3.5 -0.8
v -1.9 3.5 -0.9
v -1.9 3.6 1.4
v -1.9 3.6 1.3
v -1.9 3.6 1.1
v -1.9 3.6 -1
v -1.9 3.6 -1.1
v -1.9 3.7 1.3
v -1.9 3.7 1.2
v -1.9 3.7 1.1
v -1.9 3.7 1
v -1.9 3.7 -0.7
v -1.9 3.7 -0.8
v -1.9 3.7 -0.9
v -1.9 3.7 -1
v -1.9 3.8 1.2
v -1.9 3.8 1.1
v -1.9 3.8 1
v -1.9 3.8 0.9
v -1.9 3.8 -0.6
v -1.9 3.8 -0.7
v -1.9 3.8 -0.8
v -1.9 3.8 -0.9
v -1.9 3.9 1.1
v -1.9 3.9 1
v -1.9 3.9 0.9
v -1.9 3.9 0.8
v -1.9 3.9 -0.5
v -1.9 3.9 -0.6
v -1.9 3.9 -0.7
v -1.9 3.9 -0.8
v -1.9 4 1
v -1.9 4 0.9
v -1.9 4 0.8
v -1.9 4 0.7
v -1.9 4 -0.4
v -1.9 4 -0.5
v -1.9 4 -0.6
v -1.9 4 -0.7
v -1.9 4.1 0.9
v -1.9 4.1 0.8
v -1.9 4.1 0.7
v -1.9 4.1 0.5
v -1.9 4.1 -0.2
v -1.9 4.1 -0.4
v -1.9 4.1 -0.5
v -1.9 4.1 -0.6
v -1.9 4.2 0.8
v -1.9 4.2 0.6
v -1.9 4.2 0.5
v -1.9 4.2 0.2
v -1.9 4.2 0.0999999
v -1.9 4.2 -0.2
v -1.9 4.2 -0.3
v -1.9 4.2 -0.5
v -1.9 4.3 0.6
v -1.9 4.3 -0.3
v 1.3 0.3 1.6
v 1.3 0.3 -1.4
v 1.3 0.4 1.8
v 1.3 0.4 1.6
v 1.3 0.4 1.5
v 1.3 0.4 0.8
v 1.3 0.4 -0.6
v 1.3 0.4 -1.3
v 1.3 0.4 -1.4
v 1.3 0.4 -1.6
v 1.3 0.5 1.9
v 1.3 0.5 1.8
v 1.3 0.5 1.7
v 1.3 0.5 1.5
v 1.3 0.5 -1.3
v 1.3 0.5 -1.5
v 1.3 0.5 -1.6
v 1.3 0.5 -1.7
v 1.3 0.6 2
v 1.3 0.6 1.9
v 1.3 0.6 1.8
v 1.3 0.6 1.7
v 1.3 0.6 -1.5
v 1.3 0.6 -1.6
v 1.3 0.6 -1.7
v 1.3 0.6 -1.8
v 1.3 0.7 2.1
v 1.3 0.7 2
v 1.3 0.7 1.9
v 1.3 0.7 1.8
v 1.3 0.7 -1.6
v 1.3 0.7 -1.7
v 1.3 0.7 -1.8
v 1.3 0.7 -1.9
v 1.3 0.8 2.2
v 1.3 0.8 2.1
v 1.3 0.8 2
v 1.3 0.8 1.9
v 1.3 0.8 -1.7
v 1.3 0.8 -1.8
v 1.3 0.8 -1.9
v 1.3 0.8 -2
v 1.3 0.9 2.3
v 1.3 0.9 2.2
v 1.3 0.9 2.1
v 1.3 0.9 2
v 1.3 0.9 -1.8
v 1.3 0.9 -1.9
v 1.3 1 -2
v 1.3 1 -2.1
v 1.3 1.1 2.4
v 1.3 1.1 2.3
v 1.3 1.1 2.2
v 1.3 1.1 2.1
v 1.3 1.1 -1.9
v 1.3 1.1 -2
v 1.3 1.1 -2.1
v 1.3 1.1 -2.2
v 1.3 1.5 2.2
v 1.3 1.5 -2
v 1.3 1.6 2.2
v 1.3 1.6 -2
v 1.3 1.8 2.4
v 1.3 1.8 2.3
v 1.3 1.8 2.2
v 1.3 1.8 2.1
v 1.3 1.8 -1.9
v 1.3 1.8 -2
v 1.3 1.8 -2.1
v 1.3 1.8 -2.2
v 1.3 2 2.3
v 1.3 2 2.2
v 1.3 2 2.1
v 1.3 2 2
v 1.3 2 -1.8
v 1.3 2 -1.9
v 1.3 2 -2.1
v 1.3 2.1 2.2
v 1.3 2.1 2.1
v 1.3 2.1 2
v 1.3 2.1 1.9
v 1.3 2.1 -1.7
v 1.3 2.1 -1.8
v 1.3 2.2 2.1
v 1.3 2.2 2
v 1.3 2.2 1.9
v 1.3 2.2 1.8
v 1.3 2.2 -1.6
v 1.3 2.2 -1.7
v 1.3 2.2 -1.8
v 1.3 2.2 -1.9
v 1.3 2.3 2
v 1.3 2.3 1.9
v 1.3 2.3 1.8
v 1.3 2.3 1.7
v 1.3 2.3 -1.5
v 1.3 2.3 -1.6
v 1.3 2.3 -1.7
v 1.3 2.3 -1.8
v 1.3 2.4 1.7
v 1.3 2.4 -1.4
v 1.3 2.4 -1.5
v 1.3 2.4 -1.6
v 1.3 2.4 -1.7
v 1.3 2.5 1.9
v 1.3 2.5 1.8
v 1.3 2.5 1.7
v 1.3 2.5 1.6
v 1.3 2.5 -1.3
v 1.3 2.5 -1.4
v 1.3 2.5 -1.5
v 1.3 2.5 -1.6
v 1.3 2.7 1.8
v 1.3 2.7 1.7
v 1.3 2.7 1.6
v 1.3 2.7 1.5
v 1.3 2.7 -1.2
v 1.3 2.7 -1.3
v 1.3 2.7 -1.4
v 1.3 2.7 -1.5
v 1.3 2.9 1.7
v 1.3 2.9 1.6
v 1.3 2.9 1.5
v 1.3 2.9 1.4
v 1.3 2.9 -1.1
v 1.3 2.9 -1.2
v 1.3 2.9 -1.3
v 1.3 2.9 -1.4
v 1.3 3.1 1.6
v 1.3 3.1 1.5
v 1.3 3.1 1.4
v 1.3 3.1 1.3
v 1.3 3.1 -1
v 1.3 3.1 -1.1
v 1.3 3.1 -1.2
v 1.3 3.1 -1.3
v 1.3 3.2 1.5
v 1.3 3.2 1.4
v 1.3 3.3 1.5
v 1.3 3.3 1.4
v 1.3 3.3 1.3
v 1.3 3.3 1.2
v 1.3 3.3 -0.9
v 1.3 3.3 -1
v 1.3 3.3 -1.1
v 1.3 3.3 -1.2
v 1.3 3.5 1.2
v 1.3 3.5 1.1
v 1.3 3.5 -0.8
v 1.3 3.5 -0.9
v 1.3 3.6 1.4
v 1.3 3.6 1.3
v 1.3 3.6 -1
v 1.3 3.6 -1.1
v 1.3 3.7 1.3
v 1.3 3.7 1.2
v 1.3 3.7 1.1
v 1.3 3.7 1
v 1.3 3.7 -0.7
v 1.3 3.7 -0.8
v 1.3 3.7 -0.9
v 1.3 3.7 -1
v 1.3 3.8 1.2
v 1.3 3.8 1.1
v 1.3 3.8 1
v 1.3 3.8 0.9
v 1.3 3.8 -0.6
v 1.3 3.8 -0.7
v 1.3 3.8 -0.8
v 1.3 3.8 -0.9
v 1.3 3.9 1.1
v 1.3 3.9 1
v 1.3 3.9 0.9
v 1.3 3.9 0.8
v 1.3 3.9 -0.5
v 1.3 3.9 -0.6
v 1.3 3.9 -0.7
v 1.3 3.9 -0.8
v 1.3 4 1
v 1.3 4 0.9
v 1.3 4 0.8
v 1.3 4 0.7
v 1.3 4 -0.4
v 1.3 4 -0.5
v 1.3 4 -0.6
v 1.3 4 -0.7
v 1.3 4.1 0.9
v 1.3 4.1 0.8
v 1.3 4.1 0.7
v 1.3 4.1 0.5
v 1.3 4.1 -0.2
v 1.3 4.1 -0.4
v 1.3 4.1 -0.5
v 1.3 4.1 -0.6
v 1.3 4.2 0.8
v 1.3 4.2 0.6
v 1.3 4.2 0.5
v 1.3 4.2 -0.2
v 1.3 4.2 -0.3
v 1.3 4.2 -0.5
v 1.3 4.3 0.6
v 1.3 4.3 -0.3
v -1.7 0.3 1.6
v -1.7 0.3 -1.4
v -1.7 0.4 1.8
v -1.7 0.4 1.6
v -1.7 0.4 1.5
v -1.7 0.4 0.8
v -1.7 0.4 -0.6
v -1.7 0.4 -1.3
v -1.7 0.4 -1.4
v -1.7 0.4 -1.6
v -1.7 0.5 1.9
v -1.7 0.5 1.8
v -1.7 0.5 1.7
v -1.7 0.5 1.5
v -1.7 0.5 -1.3
v -1.7 0.5 -1.5
v -1.7 0.5 -1.6
v -1.7 0.5 -1.7
v -1.7 0.6 2
v -1.7 0.6 1.9
v -1.7 0.6 1.8
v -1.7 0.6 1.7
v -1.7 0.6 -1.5
v -1.7 0.6 -1.6
v -1.7 0.6 -1.7
v -1.7 0.6 -1.8
v -1.7 0.7 2.1
v -1.7 0.7 2
v -1.7 0.7 1.9
v -1.7 0.7 1.8
v -1.7 0.7 -1.6
v -1.7 0.7 -1.7
v -1.7 0.7 -1.8
v -1.7 0.7 -1.9
v -1.7 0.8 2.2
v -1.7 0.8 2.1
v -1.7 0.8 2
v -1.7 0.8 1.9
v -1.7 0.8 -1.7
v -1.7 0.8 -1.8
v -1.7 0.8 -1.9
v -1.7 0.8 -2
v -1.7 0.9 2.3
v -1.7 0.9 2.2
v -1.7 0.9 2.1
v -1.7 0.9 2
v -1.7 0.9 -1.8
v -1.7 0.9 -1.9
v -1.7 1 -2
v -1.7 1 -2.1
v -1.7 1.1 2.4
v -1.7 1.1 2.3
v -1.7 1.1 2.2
v -1.7 1.1 2.1
v -1.7 1.1 -1.9
v -1.7 1.1 -2
v -1.7 1.1 -2.1
v -1.7 1.1 -2.2
v -1.7 1.8 2.4
v -1.7 1.8 2.3
v -1.7 1.8 2.2
v -1.7 1.8 2.1
v -1.7 1.8 -1.9
v -1.7 1.8 -2
v -1.7 1.8 -2.1
v -1.7 1.8 -2.2
v -1.7 1.9 2.1
v -1.7 2 2.3
v -1.7 2 2.2
v -1.7 2 2.1
v -1.7 2 2
v -1.7 2 -1.8
v -1.7 2 -1.9
v -1.7 2 -2.1
v -1.7 2.1 2.2
v -1.7 2.1 2.1
v -1.7 2.1 2
v -1.7 2.1 1.9
v -1.7 2.1 -1.7
v -1.7 2.1 -1.8
v -1.7 2.2 2.1
v -1.7 2.2 2
v -1.7 2.2 1.9
v -1.7 2.2 1.8
v -1.7 2.2 -1.6
v -1.7 2.2 -1.7
v -1.7 2.2 -1.8
v -1.7 2.2 -1.9
v -1.7 2.3 2
v -1.7 2.3 1.9
v -1.7 2.3 1.8
v -1.7 2.3 1.7
v -1.7 2.3 -1.5
v -1.7 2.3 -1.6
v -1.7 2.3 -1.7
v -1.7 2.3 -1.8
v -1.7 2.4 1.7
v -1.7 2.4 -1.4
v -1.7 2.4 -1.5
v -1.7 2.4 -1.6
v -1.7 2.4 -1.7
v -1.7 2.5 1.9
v -1.7 2.5 1.8
v -1.7 2.5 1.7
v -1.7 2.5 1.6
v -1.7 2.5 -1.3
v -1.7 2.5 -1.4
v -1.7 2.5 -1.5
v -1.7 2.5 -1.6
v -1.7 2.7 1.8
v -1.7 2.7 1.7
v -1.7 2.7 1.6
v -1.7 2.7 1.5
v -1.7 2.7 -1.2
v -1.7 2.7 -1.3
v -1.7 2.7 -1.4
v -1.7 2.7 -1.5
v -1.7 2.9 1.7
v -1.7 2.9 1.6
v -1.7 2.9 1.5
v -1.7 2.9 1.4
v -1.7 2.9 -1.1
v -1.7 2.9 -1.2
v -1.7 2.9 -1.3
v -1.7 2.9 -1.4
v -1.7 3.1 1.6
v -1.7 3.1 1.5
v -1.7 3.1 1.4
v -1.7 3.1 1.3
v -1.7 3.1 -1
v -1.7 3.1 -1.1
v -1.7 3.1 -1.2
v -1.7 3.1 -1.3
v -1.7 3.2 1.5
v -1.7 3.2 1.4
v -1.7 3.3 1.5
v -1.7 3.3 1.4
v -1.7 3.3 1.3
v -1.7 3.3 1.2
v -1.7 3.3 -0.9
v -1.7 3.3 -1
v -1.7 3.3 -1.1
v -1.7 3.3 -1.2
v -1.7 3.5 1.2
v -1.7 3.5 1.1
v -1.7 3.5 -0.8
v -1.7 3.5 -0.9
v -1.7 3.6 1.4
v -1.7 3.6 1.3
v -1.7 3.6 1.1
v -1.7 3.6 -1
v -1.7 3.6 -1.1
v -1.7 3.7 1.3
v -1.7 3.7 1.2
v -1.7 3.7 1.1
v -1.7 3.7 1
v -1.7 3.7 -0.7
v -1.7 3.7 -0.8
v -1.7 3.7 -0.9
v -1.7 3.7 -1
v -1.7 3.8 1.2
v -1.7 3.8 1.1
v -1.7 3.8 1
v -1.7 3.8 0.9
v -1.7 3.8 -0.6
v -1.7 3.8 -0.7
v -1.7 3.8 -0.8
v -1.7 3.8 -0.9
v -1.7 3.9 1.1
v -1.7 3.9 1
v -1.7 3.9 0.9
v -1.7 3.9 0.8
v -1.7 3.9 -0.5
v -1.7 3.9 -0.6
v -1.7 3.9 -0.7
v -1.7 3.9 -0.8
v -1.7 4 1
v -1.7 4 0.9
v -1.7 4 0.8
v -1.7 4 0.7
v -1.7 4 -0.4
v -1.7 4 -0.5
v -1.7 4 -0.6
v -1.7 4 -0.7
v -1.7 4.1 0.9
v -1.7 4.1 0.8
v -1.7 4.1 0.7
v -1.7 4.1 0.5
v -1.7 4.1 -0.2
v -1.7 4.1 -0.4
v -1.7 4.1 -0.5
v -1.7 4.1 -0.6
v -1.7 4.2 0.8
v -1.7 4.2 0.6
v -1.7 4.2 0.5
v -1.7 4.2 0.2
v -1.7 4.2 0.0999999
v -1.7 4.2 -0.2
v -1.7 4.2 -0.3
v -1.7 4.2 -0.5
v -1.7 4.3 0.6
v -1.7 4.3 -0.3
v 1.5 0.3 1.6
v 1.5 0.3 -1.4
v 1.5 0.4 1.8
v 1.5 0.4 1.6
v 1.5 0.4 1.5
v 1.5 0.4 0.8
v 1.5 0.4 -0.6
v 1.5 0.4 -1.3
v 1.5 0.4 -1.4
v 1.5 0.4 -1.6
v 1.5 0.5 1.9
v 1.5 0.5 1.8
v 1.5 0.5 1.7
v 1.5 0.5 1.5
v 1.5 0.5 -1.3
v 1.5 0.5 -1.5
v 1.5 0.5 -1.6
v 1.5 0.5 -1.7
v 1.5 0.6 2
v 1.5 0.6 1.9
v 1.5 0.6 1.8
v 1.5 0.6 1.7
v 1.5 0.6 -1.5
v 1.5 0.6 -1.6
v 1.5 0.6 -1.7
v 1.5 0.6 -1.8
v 1.5 0.7 2.1
v 1.5 0.7 2
v 1.5 0.7 1.9
v 1.5 0.7 1.8
v 1.5 0.7 -1.6
v 1.5 0.7 -1.7
v 1.5 0.7 -1.8
v 1.5 0.7 -1.9
v 1.5 0.8 2.2
v 1.5 0.8 2.1
v 1.5 0.8 2
v 1.5 0.8 1.9
v 1.5 0.8 -1.7
v 1.5 0.8 -1.8
v 1.5 0.8 -1.9
v 1.5 0.8 -2
v 1.5 0.9 2.3
v 1.5 0.9 2.2
v 1.5 0.9 2.1
v 1.5 0.9 2
v 1.5 0.9 -1.8
v 1.5 0.9 -1.9
v 1.5 1 -2
v 1.5 1 -2.1
v 1.5 1.1 2.4
v 1.5 1.1 2.3
v 1.5 1.1 2.2
v 1.5 1.1 2.1
v 1.5 1.1 -1.9
v 1.5 1.1 -2
v 1.5 1.1 -2.1
v 1.5 1.1 -2.2
v 1.5 1.5 2.2
v 1.5 1.5 -2
v 1.5 1.6 2.2
v 1.5 1.6 -2
v 1.5 1.8 2.4
v 1.5 1.8 2.3
v 1.5 1.8 2.2
v 1.5 1.8 2.1
v 1.5 1.8 -1.9
v 1.5 1.8 -2
v 1.5 1.8 -2.1
v 1.5 1.8 -2.2
v 1.5 2 2.3
v 1.5 2 2.2
v 1.5 2 2.1
v 1.5 2 2
v 1.5 2 -1.8
v 1.5 2 -1.9
v 1.5 2 -2.1
v 1.5 2.1 2.2
v 1.5 2.1 2.1
v 1.5 2.1 2
v 1.5 2.1 1.9
v 1.5 2.1 -1.7
v 1.5 2.1 -1.8
v 1.5 2.2 2.1
v 1.5 2.2 2
v 1.5 2.2 1.9
v 1.5 2.2 1.8
v 1.5 2.2 -1.6
v 1.5 2.2 -1.7
v 1.5 2.2 -1.8
v 1.5 2.2 -1.9
v 1.5 2.3 2
v 1.5 2.3 1.9
v 1.5 2.3 1.8
v 1.5 2.3 1.7
v 1.5 2.3 -1.5
v 1.5 2.3 -1.6
v 1.5 2.3 -1.7
v 1.5 2.3 -1.8
v 1.5 2.4 1.7
v 1.5 2.4 -1.4
v 1.5 2.4 -1.5
v 1.5 2.4 -1.6
v 1.5 2.4 -1.7
v 1.5 2.5 1.9
v 1.5 2.5 1.8
v 1.5 2.5 1.7
v 1.5 2.5 1.6
v 1.5 2.5 -1.3
v 1.5 2.5 -1.4
v 1.5 2.5 -1.5
v 1.5 2.5 -1.6
v 1.5 2.7 1.8
v 1.5 2.7 1.7
v 1.5 2.7 1.6
v 1.5 2.7 1.5
v 1.5 2.7 -1.2
v 1.5 2.7 -1.3
v 1.5 2.7 -1.4
v 1.5 2.7 -1.5
v 1.5 2.9 1.7
v 1.5 2.9 1.6
v 1.5 2.9 1.5
v 1.5 2.9 1.4
v 1.5 2.9 -1.1
v 1.5 2.9 -1.2
v 1.5 2.9 -1.3
v 1.5 2.9 -1.4
v 1.5 3.1 1.6
v 1.5 3.1 1.5
v 1.5 3.1 1.4
v 1.5 3.1 1.3
v 1.5 3.1 -1
v 1.5 3.1 -1.1
v 1.5 3.1 -1.2
v 1.5 3.1 -1.3
v 1.5 3.2 1.5
v 1.5 3.2 1.4
v 1.5 3.3 1.5
v 1.5 3.3 1.4
v 1.5 3.3 1.3
v 1.5 3.3 1.2
v 1.5 3.3 -0.9
v 1.5 3.3 -1
v 1.5 3.3 -1.1
v 1.5 3.3 -1.2
v 1.5 3.5 1.2
v 1.5 3.5 1.1
v 1.5 3.5 -0.8
v 1.5 3.5 -0.9
v 1.5 3.6 1.4
v 1.5 3.6 1.3
v 1.5 3.6 -1
v 1.5 3.6 -1.1
v 1.5 3.7 1.3
v 1.5 3.7 1.2
v 1.5 3.7 1.1
v 1.5 3.7 1
v 1.5 3.7 -0.7
v 1.5 3.7 -0.8
v 1.5 3.7 -0.9
v 1.5 3.7 -1
v 1.5 3.8 1.2
v 1.5 3.8 1.1
v 1.5 3.8 1
v 1.5 3.8 0.9
v 1.5 3.8 -0.6
v 1.5 3.8 -0.7
v 1.5 3.8 -0.8
v 1.5 3.8 -0.9
v 1.5 3.9 1.1
v 1.5 3.9 1
v 1.5 3.9 0.9
v 1.5 3.9 0.8
v 1.5 3.9 -0.5
v 1.5 3.9 -0.6
v 1.5 3.9 -0.7
v 1.5 3.9 -0.8
v 1.5 4 1
v 1.5 4 0.9
v 1.5 4 0.8
v 1.5 4 0.7
v 1.5 4 -0.4
v 1.5 4 -0.5
v 1.5 4 -0.6
v 1.5 4 -0.7
v 1.5 4.1 0.9
v 1.5 4.1 0.8
v 1.5 4.1 0.7
v 1.5 4.1 0.5
v 1.5 4.1 -0.2
v 1.5 4.1 -0.4
v 1.5 4.1 -0.5
v 1.5 4.1 -0.6
v 1.5 4.2 0.8
v 1.5 4.2 0.6
v 1.5 4.2 0.5
v 1.5 4.2 -0.2
v 1.5 4.2 -0.3
v 1.5 4.2 -0.5
v 1.5 4.3 0.6
v 1.5 4.3 -0.3
v 2.6 0.4 1.5
v 2.6 0.4 1.2
v 2.6 0.4 1.1
v 2.6 0.4 0.8
v 2.6 0.4 -0.6
v 2.6 0.4 -0.9
v 2.6 0.4 -1
v 2.6 0.4 -1.3
v 2.6 0.5 1.7
v 2.6 0.5 1.5
v 2.6 0.5 1.2
v 2.6 0.5 1.1
v 2.6 0.5 0.8
v 2.6 0.5 0.6
v 2.6 0.5 -0.4
v 2.6 0.5 -0.6
v 2.6 0.5 -0.9
v 2.6 0.5 -1
v 2.6 0.5 -1.3
v 2.6 0.5 -1.5
v 2.6 0.6 1.8
v 2.6 0.6 1.7
v 2.6 0.6 1.5
v 2.6 0.6 0.8
v 2.6 0.6 0.6
v 2.6 0.6 0.5
v 2.6 0.6 -0.3
v 2.6 0.6 -0.4
v 2.6 0.6 -0.6
v 2.6 0.6 -1.3
v 2.6 0.6 -1.5
v 2.6 0.6 -1.6
v 2.6 0.7 1.9
v 2.6 0.7 1.8
v 2.6 0.7 1.7
v 2.6 0.7 0.6
v 2.6 0.7 0.5
v 2.6 0.7 0.4
v 2.6 0.7 -0.2
v 2.6 0.7 -0.3
v 2.6 0.7 -0.4
v 2.6 0.7 -1.5
v 2.6 0.7 -1.6
v 2.6 0.7 -1.7
v 2.6 0.8 2
v 2.6 0.8 1.9
v 2.6 0.8 1.8
v 2.6 0.8 0.5
v 2.6 0.8 0.4
v 2.6 0.8 0.3
v 2.6 0.8 -0.1
v 2.6 0.8 -0.2
v 2.6 0.8 -0.3
v 2.6 0.8 -1.6
v 2.6 0.8 -1.7
v 2.6 0.8 -1.8
v 2.6 0.9 2.1
v 2.6 0.9 2
v 2.6 0.9 1.9
v 2.6 0.9 0.4
v 2.6 0.9 0.3
v 2.6 0.9 0.2
v 2.6 0.9 0
v 2.6 0.9 -0.1
v 2.6 0.9 -0.2
v 2.6 0.9 -1.7
v 2.6 0.9 -1.8
v 2.6 0.9 -1.9
v 2.6 1.1 2.2
v 2.6 1.1 2.1
v 2.6 1.1 2
v 2.6 1.1 0.3
v 2.6 1.1 0.2
v 2.6 1.1 0
v 2.6 1.1 -0.1
v 2.6 1.1 -1.8
v 2.6 1.1 -1.9
v 2.6 1.1 -2
v 2.6 1.4 2.2
v 2.6 1.4 2.1
v 2.6 1.4 0.2
v 2.6 1.4 0
v 2.6 1.4 -1.9
v 2.6 1.4 -2
v 2.6 1.5 2.2
v 2.6 1.5 2.1
v 2.6 1.5 0.2
v 2.6 1.5 0
v 2.6 1.5 -1.9
v 2.6 1.5 -2
v 2.6 1.8 2.2
v 2.6 1.8 2.1
v 2.6 1.8 2
v 2.6 1.8 0.3
v 2.6 1.8 0.2
v 2.6 1.8 0
v 2.6 1.8 -0.1
v 2.6 1.8 -1.8
v 2.6 1.8 -1.9
v 2.6 1.8 -2
v 2.6 2 2.1
v 2.6 2 2
v 2.6 2 1.9
v 2.6 2 0.4
v 2.6 2 0.3
v 2.6 2 0.2
v 2.6 2 0
v 2.6 2 -0.1
v 2.6 2 -0.2
v 2.6 2 -1.7
v 2.6 2 -1.8
v 2.6 2 -1.9
v 2.6 2.1 2
v 2.6 2.1 1.9
v 2.6 2.1 1.8
v 2.6 2.1 0.5
v 2.6 2.1 0.4
v 2.6 2.1 0.3
v 2.6 2.1 0.2
v 2.6 2.1 0.0999999
v 2.6 2.1 -0.1
v 2.6 2.1 -0.2
v 2.6 2.1 -0.3
v 2.6 2.1 -1.6
v 2.6 2.1 -1.7
v 2.6 2.1 -1.8
v 2.6 2.2 1.9
v 2.6 2.2 1.8
v 2.6 2.2 1.7
v 2.6 2.2 0.6
v 2.6 2.2 0.5
v 2.6 2.2 0.2
v 2.6 2.2 0.0999999
v 2.6 2.2 -0.2
v 2.6 2.2 -0.3
v 2.6 2.2 -0.4
v 2.6 2.2 -1.5
v 2.6 2.2 -1.6
v 2.6 2.2 -1.7
v 2.6 2.3 1.8
v 2.6 2.3 1.7
v 2.6 2.3 1.5
v 2.6 2.3 0.8
v 2.6 2.3 0.7
v 2.6 2.3 0.6
v 2.6 2.3 0.5
v 2.6 2.3 -0.2
v 2.6 2.3 -0.4
v 2.6 2.3 -0.6
v 2.6 2.3 -1.3
v 2.6 2.3 -1.5
v 2.6 2.3 -1.6
v 2.6 2.4 1.7
v 2.6 2.4 1.5
v 2.6 2.4 1.2
v 2.6 2.4 1.1
v 2.6 2.4 0.8
v 2.6 2.4 0.7
v 2.6 2.4 -0.4
v 2.6 2.4 -0.5
v 2.6 2.4 -0.6
v 2.6 2.4 -0.9
v 2.6 2.4 -1
v 2.6 2.4 -1.3
v 2.6 2.4 -1.5
v 2.6 2.5 1.5
v 2.6 2.5 1.2
v 2.6 2.5 1.1
v 2.6 2.5 1
v 2.6 2.5 0.9
v 2.6 2.5 0.8
v 2.6 2.5 -0.5
v 2.6 2.5 -0.6
v 2.6 2.5 -0.7
v 2.6 2.5 -0.9
v 2.6 2.5 -1
v 2.6 2.5 -1.3
v 2.6 2.6 1.1
v 2.6 2.6 1
v 2.6 2.6 0.9
v 2.6 2.6 -0.6
v 2.6 2.6 -0.7
v 2.6 2.6 -0.8
v 2.6 2.8 1.2
v 2.6 2.8 1.1
v 2.6 2.8 1
v 2.6 2.8 -0.7
v 2.6 2.8 -0.8
v 2.6 2.8 -0.9
v 2.6 3.1 1.2
v 2.6 3.1 1.1
v 2.6 3.1 -0.8
v 2.6 3.1 -0.9
v 2.6 3.2 1.2
v 2.6 3.2 1.1
v 2.6 3.2 -0.8
v 2.6 3.2 -0.9
v 2.6 3.5 1.2
v 2.6 3.5 1.1
v 2.6 3.5 1
v 2.6 3.5 -0.7
v 2.6 3.5 -0.8
v 2.6 3.5 -0.9
v 2.6 3.7 1.1
v 2.6 3.7 1
v 2.6 3.7 0.9
v 2.6 3.7 -0.6
v 2.6 3.7 -0.7
v 2.6 3.7 -0.8
v 2.6 3.8 1
v 2.6 3.8 0.9
v 2.6 3.8 0.8
v 2.6 3.8 -0.5
v 2.6 3.8 -0.6
v 2.6 3.8 -0.7
v 2.6 3.9 0.9
v 2.6 3.9 0.8
v 2.6 3.9 0.7
v 2.6 3.9 -0.4
v 2.6 3.9 -0.5
v 2.6 3.9 -0.6
v 2.6 4 0.8
v 2.6 4 0.7
v 2.6 4 0.5
v 2.6 4 -0.2
v 2.6 4 -0.4
v 2.6 4 -0.5
v 2.6 4.1 0.7
v 2.6 4.1 0.5
v 2.6 4.1 0.2
v 2.6 4.1 0.0999999
v 2.6 4.1 -0.2
v 2.6 4.1 -0.4
v 2.6 4.2 0.5
v 2.6 4.2 0.2
v 2.6 4.2 0.0999999
v 2.6 4.2 -0.2
v 2.7 0.5 1.5
v 2.7 0.5 1.2
v 2.7 0.5 1.1
v 2.7 0.5 0.8
v 2.7 0.5 -0.6
v 2.7 0.5 -0.9
v 2.7 0.5 -1
v 2.7 0.5 -1.3
v 2.7 0.6 1.7
v 2.7 0.6 1.5
v 2.7 0.6 0.8
v 2.7 0.6 0.6
v 2.7 0.6 -0.4
v 2.7 0.6 -0.6
v 2.7 0.6 -1.3
v 2.7 0.6 -1.5
v 2.7 0.7 1.8
v 2.7 0.7 1.7
v 2.7 0.7 1.4
v 2.7 0.7 1.3
v 2.7 0.7 1.2
v 2.7 0.7 1.1
v 2.7 0.7 0.9
v 2.7 0.7 0.6
v 2.7 0.7 0.5
v 2.7 0.7 -0.3
v 2.7 0.7 -0.4
v 2.7 0.7 -0.7
v 2.7 0.7 -0.8
v 2.7 0.7 -0.9
v 2.7 0.7 -1
v 2.7 0.7 -1.2
v 2.7 0.7 -1.5
v 2.7 0.7 -1.6
v 2.7 0.8 1.9
v 2.7 0.8 1.8
v 2.7 0.8 1.6
v 2.7 0.8 1.4
v 2.7 0.8 0.9
v 2.7 0.8 0.7
v 2.7 0.8 0.5
v 2.7 0.8 0.4
v 2.7 0.8 -0.2
v 2.7 0.8 -0.3
v 2.7 0.8 -0.5
v 2.7 0.8 -0.7
v 2.7 0.8 -1.2
v 2.7 0.8 -1.4
v 2.7 0.8 -1.6
v 2.7 0.8 -1.7
v 2.7 0.9 2
v 2.7 0.9 1.9
v 2.7 0.9 1.7
v 2.7 0.9 1.6
v 2.7 0.9 0.7
v 2.7 0.9 0.6
v 2.7 0.9 0.4
v 2.7 0.9 0.3
v 2.7 0.9 -0.1
v 2.7 0.9 -0.2
v 2.7 0.9 -0.4
v 2.7 0.9 -0.5
v 2.7 0.9 -1.4
v 2.7 0.9 -1.5
v 2.7 0.9 -1.7
v 2.7 0.9 -1.8
v 2.7 1 1.8
v 2.7 1 1.7
v 2.7 1 0.6
v 2.7 1 0.5
v 2.7 1 -0.3
v 2.7 1 -0.4
v 2.7 1 -1.5
v 2.7 1 -1.6
v 2.7 1.1 2.1
v 2.7 1.1 2
v 2.7 1.1 0.3
v 2.7 1.1 0.2
v 2.7 1.1 0
v 2.7 1.1 -0.1
v 2.7 1.1 -1.8
v 2.7 1.1 -1.9
v 2.7 1.2 1.9
v 2.7 1.2 1.8
v 2.7 1.2 0.5
v 2.7 1.2 0.4
v 2.7 1.2 -0.2
v 2.7 1.2 -0.3
v 2.7 1.2 -1.6
v 2.7 1.2 -1.7
v 2.7 1.4 2.1
v 2.7 1.4 1.9
v 2.7 1.4 0.4
v 2.7 1.4 0.2
v 2.7 1.4 0
v 2.7 1.4 -0.2
v 2.7 1.4 -1.7
v 2.7 1.4 -1.9
v 2.7 1.5 2.1
v 2.7 1.5 1.9
v 2.7 1.5 0.4
v 2.7 1.5 0.2
v 2.7 1.5 0
v 2.7 1.5 -0.2
v 2.7 1.5 -1.7
v 2.7 1.5 -1.9
v 2.7 1.7 1.9
v 2.7 1.7 1.8
v 2.7 1.7 0.5
v 2.7 1.7 0.4
v 2.7 1.7 -0.2
v 2.7 1.7 -0.3
v 2.7 1.7 -1.6
v 2.7 1.7 -1.7
v 2.7 1.8 2.1
v 2.7 1.8 2
v 2.7 1.8 0.3
v 2.7 1.8 0.2
v 2.7 1.8 0
v 2.7 1.8 -0.1
v 2.7 1.8 -1.8
v 2.7 1.8 -1.9
v 2.7 1.9 1.8
v 2.7 1.9 1.7
v 2.7 1.9 0.6
v 2.7 1.9 0.5
v 2.7 1.9 -0.3
v 2.7 1.9 -0.4
v 2.7 1.9 -1.5
v 2.7 1.9 -1.6
v 2.7 2 2
v 2.7 2 1.9
v 2.7 2 1.7
v 2.7 2 1.6
v 2.7 2 0.7
v 2.7 2 0.6
v 2.7 2 0.4
v 2.7 2 0.3
v 2.7 2 -0.1
v 2.7 2 -0.2
v 2.7 2 -0.4
v 2.7 2 -0.5
v 2.7 2 -1.4
v 2.7 2 -1.5
v 2.7 2 -1.7
v 2.7 2 -1.8
v 2.7 2.1 1.9
v 2.7 2.1 1.8
v 2.7 2.1 1.6
v 2.7 2.1 1.4
v 2.7 2.1 0.9
v 2.7 2.1 0.7
v 2.7 2.1 0.5
v 2.7 2.1 0.4
v 2.7 2.1 -0.2
v 2.7 2.1 -0.3
v 2.7 2.1 -0.5
v 2.7 2.1 -0.7
v 2.7 2.1 -1.2
v 2.7 2.1 -1.4
v 2.7 2.1 -1.6
v 2.7 2.1 -1.7
v 2.7 2.2 1.8
v 2.7 2.2 1.7
v 2.7 2.2 1.4
v 2.7 2.2 1.2
v 2.7 2.2 1.1
v 2.7 2.2 0.9
v 2.7 2.2 0.6
v 2.7 2.2 0.5
v 2.7 2.2 0.2
v 2.7 2.2 0.0999999
v 2.7 2.2 -0.2
v 2.7 2.2 -0.3
v 2.7 2.2 -0.4
v 2.7 2.2 -0.7
v 2.7 2.2 -0.9
v 2.7 2.2 -1
v 2.7 2.2 -1.2
v 2.7 2.2 -1.5
v 2.7 2.2 -1.6
v 2.7 2.3 1.7
v 2.7 2.3 1.5
v 2.7 2.3 0.8
v 2.7 2.3 0.7
v 2.7 2.3 0.6
v 2.7 2.3 0.5
v 2.7 2.3 -0.2
v 2.7 2.3 -0.4
v 2.7 2.3 -0.6
v 2.7 2.3 -1.3
v 2.7 2.3 -1.5
v 2.7 2.4 1.5
v 2.7 2.4 1.2
v 2.7 2.4 1.1
v 2.7 2.4 0.8
v 2.7 2.4 0.7
v 2.7 2.4 0.4
v 2.7 2.4 0.3
v 2.7 2.4 0.2
v 2.7 2.4 0.0999999
v 2.7 2.4 -0.1
v 2.7 2.4 -0.4
v 2.7 2.4 -0.5
v 2.7 2.4 -0.6
v 2.7 2.4 -0.9
v 2.7 2.4 -1
v 2.7 2.4 -1.3
v 2.7 2.5 0.9
v 2.7 2.5 0.8
v 2.7 2.5 0.6
v 2.7 2.5 0.4
v 2.7 2.5 -0.1
v 2.7 2.5 -0.3
v 2.7 2.5 -0.5
v 2.7 2.5 -0.6
v 2.7 2.6 1
v 2.7 2.6 0.9
v 2.7 2.6 0.7
v 2.7 2.6 0.6
v 2.7 2.6 -0.3
v 2.7 2.6 -0.4
v 2.7 2.6 -0.6
v 2.7 2.6 -0.7
v 2.7 2.7 0.8
v 2.7 2.7 0.7
v 2.7 2.7 -0.4
v 2.7 2.7 -0.5
v 2.7 2.8 1.1
v 2.7 2.8 1
v 2.7 2.8 -0.7
v 2.7 2.8 -0.8
v 2.7 2.9 0.9
v 2.7 2.9 0.8
v 2.7 2.9 -0.5
v 2.7 2.9 -0.6
v 2.7 3.1 1.1
v 2.7 3.1 0.9
v 2.7 3.1 -0.6
v 2.7 3.1 -0.8
v 2.7 3.2 1.1
v 2.7 3.2 0.9
v 2.7 3.2 -0.6
v 2.7 3.2 -0.8
v 2.7 3.4 0.9
v 2.7 3.4 0.8
v 2.7 3.4 -0.5
v 2.7 3.4 -0.6
v 2.7 3.5 1.1
v 2.7 3.5 1
v 2.7 3.5 -0.7
v 2.7 3.5 -0.8
v 2.7 3.6 0.8
v 2.7 3.6 0.7
v 2.7 3.6 -0.4
v 2.7 3.6 -0.5
v 2.7 3.7 1
v 2.7 3.7 0.9
v 2.7 3.7 0.7
v 2.7 3.7 0.6
v 2.7 3.7 -0.3
v 2.7 3.7 -0.4
v 2.7 3.7 -0.6
v 2.7 3.7 -0.7
v 2.7 3.8 0.9
v 2.7 3.8 0.8
v 2.7 3.8 0.6
v 2.7 3.8 0.4
v 2.7 3.8 -0.1
v 2.7 3.8 -0.3
v 2.7 3.8 -0.5
v 2.7 3.8 -0.6
v 2.7 3.9 0.8
v 2.7 3.9 0.7
v 2.7 3.9 0.4
v 2.7 3.9 0.2
v 2.7 3.9 0.0999999
v 2.7 3.9 -0.1
v 2.7 3.9 -0.4
v 2.7 3.9 -0.5
v 2.7 4 0.7
v 2.7 4 0.5
v 2.7 4 -0.2
v 2.7 4 -0.4
v 2.7 4.1 0.5
v 2.7 4.1 0.2
v 2.7 4.1 0.0999999
v 2.7 4.1 -0.2
v 2.8 0.7 1.4
v 2.8 0.7 1.3
v 2.8 0.7 1.1
v 2.8 0.7 0.9
v 2.8 0.7 -0.7
v 2.8 0.7 -0.8
v 2.8 0.7 -1
v 2.8 0.7 -1.2
v 2.8 0.8 1.6
v 2.8 0.8 1.4
v 2.8 0.8 1.2
v 2.8 0.8 1.1
v 2.8 0.8 0.9
v 2.8 0.8 0.7
v 2.8 0.8 -0.5
v 2.8 0.8 -0.7
v 2.8 0.8 -0.9
v 2.8 0.8 -1
v 2.8 0.8 -1.2
v 2.8 0.8 -1.4
v 2.8 0.9 1.7
v 2.8 0.9 1.6
v 2.8 0.9 1.4
v 2.8 0.9 1.3
v 2.8 0.9 1.2
v 2.8 0.9 0.9
v 2.8 0.9 0.7
v 2.8 0.9 0.6
v 2.8 0.9 -0.4
v 2.8 0.9 -0.5
v 2.8 0.9 -0.7
v 2.8 0.9 -0.8
v 2.8 0.9 -0.9
v 2.8 0.9 -1.2
v 2.8 0.9 -1.4
v 2.8 0.9 -1.5
v 2.8 1 1.8
v 2.8 1 1.7
v 2.8 1 1.5
v 2.8 1 1.4
v 2.8 1 0.9
v 2.8 1 0.8
v 2.8 1 0.6
v 2.8 1 0.5
v 2.8 1 -0.3
v 2.8 1 -0.4
v 2.8 1 -0.6
v 2.8 1 -0.7
v 2.8 1 -1.2
v 2.8 1 -1.3
v 2.8 1 -1.5
v 2.8 1 -1.6
v 2.8 1.1 1.6
v 2.8 1.1 1.5
v 2.8 1.1 0.8
v 2.8 1.1 0.7
v 2.8 1.1 -0.5
v 2.8 1.1 -0.6
v 2.8 1.1 -1.3
v 2.8 1.1 -1.4
v 2.8 1.2 1.9
v 2.8 1.2 1.8
v 2.8 1.2 1.7
v 2.8 1.2 1.6
v 2.8 1.2 0.7
v 2.8 1.2 0.6
v 2.8 1.2 0.5
v 2.8 1.2 0.4
v 2.8 1.2 -0.2
v 2.8 1.2 -0.3
v 2.8 1.2 -0.4
v 2.8 1.2 -0.5
v 2.8 1.2 -1.4
v 2.8 1.2 -1.5
v 2.8 1.2 -1.6
v 2.8 1.2 -1.7
v 2.8 1.4 1.9
v 2.8 1.4 1.7
v 2.8 1.4 0.6
v 2.8 1.4 0.4
v 2.8 1.4 -0.2
v 2.8 1.4 -0.4
v 2.8 1.4 -1.5
v 2.8 1.4 -1.7
v 2.8 1.5 1.9
v 2.8 1.5 1.7
v 2.8 1.5 0.6
v 2.8 1.5 0.4
v 2.8 1.5 -0.2
v 2.8 1.5 -0.4
v 2.8 1.5 -1.5
v 2.8 1.5 -1.7
v 2.8 1.7 1.9
v 2.8 1.7 1.8
v 2.8 1.7 1.7
v 2.8 1.7 1.6
v 2.8 1.7 0.7
v 2.8 1.7 0.6
v 2.8 1.7 0.5
v 2.8 1.7 0.4
v 2.8 1.7 -0.2
v 2.8 1.7 -0.3
v 2.8 1.7 -0.4
v 2.8 1.7 -0.5
v 2.8 1.7 -1.4
v 2.8 1.7 -1.5
v 2.8 1.7 -1.6
v 2.8 1.7 -1.7
v 2.8 1.8 1.6
v 2.8 1.8 1.5
v 2.8 1.8 0.8
v 2.8 1.8 0.7
v 2.8 1.8 -0.5
v 2.8 1.8 -0.6
v 2.8 1.8 -1.3
v 2.8 1.8 -1.4
v 2.8 1.9 1.8
v 2.8 1.9 1.7
v 2.8 1.9 1.5
v 2.8 1.9 1.4
v 2.8 1.9 0.9
v 2.8 1.9 0.8
v 2.8 1.9 0.6
v 2.8 1.9 0.5
v 2.8 1.9 -0.3
v 2.8 1.9 -0.4
v 2.8 1.9 -0.6
v 2.8 1.9 -0.7
v 2.8 1.9 -1.2
v 2.8 1.9 -1.3
v 2.8 1.9 -1.5
v 2.8 1.9 -1.6
v 2.8 2 1.7
v 2.8 2 1.6
v 2.8 2 1.4
v 2.8 2 1.2
v 2.8 2 1.1
v 2.8 2 0.9
v 2.8 2 0.7
v 2.8 2 0.6
v 2.8 2 -0.4
v 2.8 2 -0.5
v 2.8 2 -0.7
v 2.8 2 -0.9
v 2.8 2 -1
v 2.8 2 -1.2
v 2.8 2 -1.4
v 2.8 2 -1.5
v 2.8 2.1 1.6
v 2.8 2.1 1.4
v 2.8 2.1 0.9
v 2.8 2.1 0.7
v 2.8 2.1 -0.5
v 2.8 2.1 -0.7
v 2.8 2.1 -1.2
v 2.8 2.1 -1.4
v 2.8 2.2 1.4
v 2.8 2.2 1.2
v 2.8 2.2 1.1
v 2.8 2.2 0.9
v 2.8 2.2 -0.7
v 2.8 2.2 -0.9
v 2.8 2.2 -1
v 2.8 2.2 -1.2
v 2.8 2.4 0.4
v 2.8 2.4 0.3
v 2.8 2.4 0.0999999
v 2.8 2.4 -0.1
v 2.8 2.5 0.6
v 2.8 2.5 0.4
v 2.8 2.5 0.2
v 2.8 2.5 0.0999999
v 2.8 2.5 -0.1
v 2.8 2.5 -0.3
v 2.8 2.6 0.7
v 2.8 2.6 0.6
v 2.8 2.6 0.4
v 2.8 2.6 0.3
v 2.8 2.6 0.2
v 2.8 2.6 -0.1
v 2.8 2.6 -0.3
v 2.8 2.6 -0.4
v 2.8 2.7 0.8
v 2.8 2.7 0.7
v 2.8 2.7 0.5
v 2.8 2.7 0.4
v 2.8 2.7 -0.1
v 2.8 2.7 -0.2
v 2.8 2.7 -0.4
v 2.8 2.7 -0.5
v 2.8 2.8 0.6
v 2.8 2.8 0.5
v 2.8 2.8 -0.2
v 2.8 2.8 -0.3
v 2.8 2.9 0.9
v 2.8 2.9 0.8
v 2.8 2.9 0.7
v 2.8 2.9 0.6
v 2.8 2.9 -0.3
v 2.8 2.9 -0.4
v 2.8 2.9 -0.5
v 2.8 2.9 -0.6
v 2.8 3.1 0.9
v 2.8 3.1 0.7
v 2.8 3.1 -0.4
v 2.8 3.1 -0.6
v 2.8 3.2 0.9
v 2.8 3.2 0.7
v 2.8 3.2 -0.4
v 2.8 3.2 -0.6
v 2.8 3.4 0.9
v 2.8 3.4 0.8
v 2.8 3.4 0.7
v 2.8 3.4 0.6
v 2.8 3.4 -0.3
v 2.8 3.4 -0.4
v 2.8 3.4 -0.5
v 2.8 3.4 -0.6
v 2.8 3.5 0.6
v 2.8 3.5 0.5
v 2.8 3.5 -0.2
v 2.8 3.5 -0.3
v 2.8 3.6 0.8
v 2.8 3.6 0.7
v 2.8 3.6 0.5
v 2.8 3.6 0.4
v 2.8 3.6 -0.1
v 2.8 3.6 -0.2
v 2.8 3.6 -0.4
v 2.8 3.6 -0.5
v 2.8 3.7 0.7
v 2.8 3.7 0.6
v 2.8 3.7 0.4
v 2.8 3.7 0.2
v 2.8 3.7 0.0999999
v 2.8 3.7 -0.1
v 2.8 3.7 -0.3
v 2.8 3.7 -0.4
v 2.8 3.8 0.6
v 2.8 3.8 0.4
v 2.8 3.8 -0.1
v 2.8 3.8 -0.3
v 2.8 3.9 0.4
v 2.8 3.9 0.2
v 2.8 3.9 0.0999999
v 2.8 3.9 -0.1
v 2.9 0.9 1.4
v 2.9 0.9 1.3
v 2.9 0.9 1.2
v 2.9 0.9 0.9
v 2.9 0.9 -0.7
v 2.9 0.9 -0.8
v 2.9 0.9 -0.9
v 2.9 0.9 -1.2
v 2.9 1 1.5
v 2.9 1 1.4
v 2.9 1 0.9
v 2.9 1 0.8
v 2.9 1 -0.6
v 2.9 1 -0.7
v 2.9 1 -1.2
v 2.9 1 -1.3
v 2.9 1.1 1.6
v 2.9 1.1 1.5
v 2.9 1.1 1.3
v 2.9 1.1 1.2
v 2.9 1.1 1.1
v 2.9 1.1 0.8
v 2.9 1.1 0.7
v 2.9 1.1 -0.5
v 2.9 1.1 -0.6
v 2.9 1.1 -0.8
v 2.9 1.1 -0.9
v 2.9 1.1 -1
v 2.9 1.1 -1.3
v 2.9 1.1 -1.4
v 2.9 1.2 1.7
v 2.9 1.2 1.6
v 2.9 1.2 1.4
v 2.9 1.2 1.3
v 2.9 1.2 1.1
v 2.9 1.2 0.9
v 2.9 1.2 0.7
v 2.9 1.2 0.6
v 2.9 1.2 -0.4
v 2.9 1.2 -0.5
v 2.9 1.2 -0.7
v 2.9 1.2 -0.8
v 2.9 1.2 -1
v 2.9 1.2 -1.2
v 2.9 1.2 -1.4
v 2.9 1.2 -1.5
v 2.9 1.4 1.7
v 2.9 1.4 1.5
v 2.9 1.4 1.4
v 2.9 1.4 0.9
v 2.9 1.4 0.8
v 2.9 1.4 0.6
v 2.9 1.4 -0.4
v 2.9 1.4 -0.6
v 2.9 1.4 -0.7
v 2.9 1.4 -1.2
v 2.9 1.4 -1.3
v 2.9 1.4 -1.5
v 2.9 1.5 1.7
v 2.9 1.5 1.5
v 2.9 1.5 1.4
v 2.9 1.5 0.9
v 2.9 1.5 0.8
v 2.9 1.5 0.6
v 2.9 1.5 -0.4
v 2.9 1.5 -0.6
v 2.9 1.5 -0.7
v 2.9 1.5 -1.2
v 2.9 1.5 -1.3
v 2.9 1.5 -1.5
v 2.9 1.7 1.7
v 2.9 1.7 1.6
v 2.9 1.7 1.4
v 2.9 1.7 1.2
v 2.9 1.7 1.1
v 2.9 1.7 0.9
v 2.9 1.7 0.7
v 2.9 1.7 0.6
v 2.9 1.7 -0.4
v 2.9 1.7 -0.5
v 2.9 1.7 -0.7
v 2.9 1.7 -0.9
v 2.9 1.7 -1
v 2.9 1.7 -1.2
v 2.9 1.7 -1.4
v 2.9 1.7 -1.5
v 2.9 1.8 1.6
v 2.9 1.8 1.5
v 2.9 1.8 1.2
v 2.9 1.8 1.1
v 2.9 1.8 0.8
v 2.9 1.8 0.7
v 2.9 1.8 -0.5
v 2.9 1.8 -0.6
v 2.9 1.8 -0.9
v 2.9 1.8 -1
v 2.9 1.8 -1.3
v 2.9 1.8 -1.4
v 2.9 1.9 1.5
v 2.9 1.9 1.4
v 2.9 1.9 0.9
v 2.9 1.9 0.8
v 2.9 1.9 -0.6
v 2.9 1.9 -0.7
v 2.9 1.9 -1.2
v 2.9 1.9 -1.3
v 2.9 2 1.4
v 2.9 2 1.2
v 2.9 2 1.1
v 2.9 2 0.9
v 2.9 2 -0.7
v 2.9 2 -0.9
v 2.9 2 -1
v 2.9 2 -1.2
v 2.9 2.6 0.4
v 2.9 2.6 0.3
v 2.9 2.6 0.2
v 2.9 2.6 -0.1
v 2.9 2.7 0.5
v 2.9 2.7 0.4
v 2.9 2.7 -0.1
v 2.9 2.7 -0.2
v 2.9 2.8 0.6
v 2.9 2.8 0.5
v 2.9 2.8 0.3
v 2.9 2.8 0.2
v 2.9 2.8 0.0999999
v 2.9 2.8 -0.2
v 2.9 2.8 -0.3
v 2.9 2.9 0.7
v 2.9 2.9 0.6
v 2.9 2.9 0.4
v 2.9 2.9 0.3
v 2.9 2.9 0.0999999
v 2.9 2.9 -0.1
v 2.9 2.9 -0.3
v 2.9 2.9 -0.4
v 2.9 3.1 0.7
v 2.9 3.1 0.5
v 2.9 3.1 0.4
v 2.9 3.1 -0.1
v 2.9 3.1 -0.2
v 2.9 3.1 -0.4
v 2.9 3.2 0.7
v 2.9 3.2 0.5
v 2.9 3.2 0.4
v 2.9 3.2 -0.1
v 2.9 3.2 -0.2
v 2.9 3.2 -0.4
v 2.9 3.4 0.7
v 2.9 3.4 0.6
v 2.9 3.4 0.4
v 2.9 3.4 0.2
v 2.9 3.4 0.0999999
v 2.9 3.4 -0.1
v 2.9 3.4 -0.3
v 2.9 3.4 -0.4
v 2.9 3.5 0.6
v 2.9 3.5 0.5
v 2.9 3.5 0.2
v 2.9 3.5 0.0999999
v 2.9 3.5 -0.2
v 2.9 3.5 -0.3
v 2.9 3.6 0.5
v 2.9 3.6 0.4
v 2.9 3.6 -0.1
v 2.9 3.6 -0.2
v 2.9 3.7 0.4
v 2.9 3.7 0.2
v 2.9 3.7 0.0999999
v 2.9 3.7 -0.1
v -1.9 1.1 2.4
v -1.9 1.8 2.4
v -1.7 1.1 2.4
v -1.7 1.8 2.4
v 1.3 1.1 2.4
v 1.3 1.8 2.4
v 1.5 1.1 2.4
v 1.5 1.8 2.4
v -1.9 0.9 2.3
v -1.9 1.1 2.3
v -1.9 1.8 2.3
v -1.9 2 2.3
v -1.7 0.9 2.3
v -1.7 1.1 2.3
v -1.7 1.8 2.3
v -1.7 2 2.3
v 1.3 0.9 2.3
v 1.3 1.1 2.3
v 1.3 1.8 2.3
v 1.3 2 2.3
v 1.5 0.9 2.3
v 1.5 1.1 2.3
v 1.5 1.8 2.3
v 1.5 2 2.3
v -3 1.1 2.2
v -3 1.4 2.2
v -3 1.5 2.2
v -3 1.8 2.2
v -2.6 1.1 2.2
v -2.6 1.4 2.2
v -2.6 1.5 2.2
v -2.6 1.8 2.2
v -2.5 1.1 2.2
v -2.5 1.8 2.2
v -2.4 1.1 2.2
v -2.4 1.8 2.2
v -1.9 0.8 2.2
v -1.9 0.9 2.2
v -1.9 1.1 2.2
v -1.9 1.8 2.2
v -1.9 2 2.2
v -1.9 2.1 2.2
v -1.7 0.8 2.2
v -1.7 0.9 2.2
v -1.7 1.1 2.2
v -1.7 1.8 2.2
v -1.7 2 2.2
v -1.7 2.1 2.2
v -1.6 1.1 2.2
v -1.6 1.8 2.2
v -1.5 1.1 2.2
v -1.5 1.7 2.2
v -1.5 1.8 2.2
v -1.4 1.6 2.2
v -1.4 1.7 2.2
v -1.3 1.5 2.2
v -1.3 1.6 2.2
v -1.3 1.7 2.2
v -1.3 1.8 2.2
v -1.2 1.6 2.2
v -1.2 1.7 2.2
v 1.3 0.8 2.2
v 1.3 0.9 2.2
v 1.3 1.1 2.2
v 1.3 1.5 2.2
v 1.3 1.6 2.2
v 1.3 1.8 2.2
v 1.3 2 2.2
v 1.3 2.1 2.2
v 1.5 0.8 2.2
v 1.5 0.9 2.2
v 1.5 1.1 2.2
v 1.5 1.5 2.2
v 1.5 1.6 2.2
v 1.5 1.8 2.2
v 1.5 2 2.2
v 1.5 2.1 2.2
v 2 1.1 2.2
v 2 1.4 2.2
v 2 1.5 2.2
v 2 1.6 2.2
v 2 1.8 2.2
v 2.1 1.1 2.2
v 2.1 1.4 2.2
v 2.1 1.5 2.2
v 2.1 1.8 2.2
v 2.2 1.1 2.2
v 2.2 1.4 2.2
v 2.2 1.5 2.2
v 2.2 1.8 2.2
v 2.6 1.1 2.2
v 2.6 1.4 2.2
v 2.6 1.5 2.2
v 2.6 1.8 2.2
v -3.1 1.1 2.1
v -3.1 1.4 2.1
v -3.1 1.5 2.1
v -3.1 1.8 2.1
v -3 0.9 2.1
v -3 1.1 2.1
v -3 1.4 2.1
v -3 1.5 2.1
v -3 1.8 2.1
v -3 2 2.1
v -2.6 0.9 2.1
v -2.6 1.1 2.1
v -2.6 1.8 2.1
v -2.6 2 2.1
v -2.5 0.9 2.1
v -2.5 1.1 2.1
v -2.5 1.8 2.1
v -2.5 1.9 2.1
v -2.4 1 2.1
v -2.4 1.1 2.1
v -2.4 1.8 2.1
v -1.9 0.7 2.1
v -1.9 0.8 2.1
v -1.9 0.9 2.1
v -1.9 1 2.1
v -1.9 1.1 2.1
v -1.9 1.8 2.1
v -1.9 1.9 2.1
v -1.9 2 2.1
v -1.9 2.1 2.1
v -1.9 2.2 2.1
v -1.7 0.7 2.1
v -1.7 0.8 2.1
v -1.7 0.9 2.1
v -1.7 1.1 2.1
v -1.7 1.8 2.1
v -1.7 1.9 2.1
v -1.7 2 2.1
v -1.7 2.1 2.1
v -1.7 2.2 2.1
v -1.6 0.9 2.1
v -1.6 1.1 2.1
v -1.6 1.8 2.1
v -1.6 1.9 2.1
v -1.5 0.9 2.1
v -1.5 1.1 2.1
v -1.5 1.8 2.1
v -1.5 2 2.1
v -1.3 1.8 2.1
v -1.3 2 2.1
v 1.3 0.7 2.1
v 1.3 0.8 2.1
v 1.3 0.9 2.1
v 1.3 1.1 2.1
v 1.3 1.8 2.1
v 1.3 2 2.1
v 1.3 2.1 2.1
v 1.3 2.2 2.1
v 1.5 0.7 2.1
v 1.5 0.8 2.1
v 1.5 0.9 2.1
v 1.5 1.1 2.1
v 1.5 1.8 2.1
v 1.5 2 2.1
v 1.5 2.1 2.1
v 1.5 2.2 2.1
v 2 0.9 2.1
v 2 1.1 2.1
v 2 1.8 2.1
v 2 2 2.1
v 2.1 0.9 2.1
v 2.1 1.1 2.1
v 2.1 1.8 2.1
v 2.1 2 2.1
v 2.2 0.9 2.1
v 2.2 1.1 2.1
v 2.2 1.8 2.1
v 2.2 2 2.1
v 2.6 0.9 2.1
v 2.6 1.1 2.1
v 2.6 1.4 2.1
v 2.6 1.5 2.1
v 2.6 1.8 2.1
v 2.6 2 2.1
v 2.7 1.1 2.1
v 2.7 1.4 2.1
v 2.7 1.5 2.1
v 2.7 1.8 2.1
v -3.1 0.9 2
v -3.1 1.1 2
v -3.1 1.8 2
v -3.1 2 2
v -3 0.8 2
v -3 0.9 2
v -3 1.1 2
v -3 1.8 2
v -3 2 2
v -3 2.1 2
v -2.6 0.8 2
v -2.6 0.9 2
v -2.6 2 2
v -2.6 2.1 2
v -2.5 0.9 2
v -2.5 2 2
v -2.5 2.1 2
v -1.9 0.6 2
v -1.9 0.7 2
v -1.9 0.8 2
v -1.9 0.9 2
v -1.9 2 2
v -1.9 2.1 2
v -1.9 2.2 2
v -1.9 2.3 2
v -1.7 0.6 2
v -1.7 0.7 2
v -1.7 0.8 2
v -1.7 0.9 2
v -1.7 2 2
v -1.7 2.1 2
v -1.7 2.2 2
v -1.7 2.3 2
v -1.6 0.9 2
v -1.5 0.8 2
v -1.5 0.9 2
v -1.5 2 2
v -1.5 2.1 2
v -1.3 2 2
v -1.3 2.1 2
v 1.3 0.6 2
v 1.3 0.7 2
v 1.3 0.8 2
v 1.3 0.9 2
v 1.3 2 2
v 1.3 2.1 2
v 1.3 2.2 2
v 1.3 2.3 2
v 1.5 0.6 2
v 1.5 0.7 2
v 1.5 0.8 2
v 1.5 0.9 2
v 1.5 2 2
v 1.5 2.1 2
v 1.5 2.2 2
v 1.5 2.3 2
v 2 0.8 2
v 2 0.9 2
v 2 2 2
v 2 2.1 2
v 2.1 0.8 2
v 2.1 0.9 2
v 2.1 2 2
v 2.1 2.1 2
v 2.2 0.8 2
v 2.2 0.9 2
v 2.2 2 2
v 2.2 2.1 2
v 2.6 0.8 2
v 2.6 0.9 2
v 2.6 1.1 2
v 2.6 1.8 2
v 2.6 2 2
v 2.6 2.1 2
v 2.7 0.9 2
v 2.7 1.1 2
v 2.7 1.8 2
v 2.7 2 2
v -3.2 1.2 1.9
v -3.2 1.4 1.9
v -3.2 1.5 1.9
v -3.2 1.7 1.9
v -3.1 0.8 1.9
v -3.1 0.9 1.9
v -3.1 1.2 1.9
v -3.1 1.4 1.9
v -3.1 1.5 1.9
v -3.1 1.7 1.9
v -3.1 2 1.9
v -3.1 2.1 1.9
v -3 0.7 1.9
v -3 0.8 1.9
v -3 0.9 1.9
v -3 2 1.9
v -3 2.1 1.9
v -3 2.2 1.9
v -2.6 0.7 1.9
v -2.6 0.8 1.9
v -2.6 2.1 1.9
v -2.6 2.2 1.9
v -2.5 0.7 1.9
v -2.5 0.8 1.9
v -2.5 2.1 1.9
v -1.9 0.5 1.9
v -1.9 0.6 1.9
v -1.9 0.7 1.9
v -1.9 0.8 1.9
v -1.9 2.1 1.9
v -1.9 2.2 1.9
v -1.9 2.3 1.9
v -1.9 2.5 1.9
v -1.7 0.5 1.9
v -1.7 0.6 1.9
v -1.7 0.7 1.9
v -1.7 0.8 1.9
v -1.7 2.1 1.9
v -1.7 2.2 1.9
v -1.7 2.3 1.9
v -1.7 2.5 1.9
v -1.5 0.8 1.9
v -1.5 2.1 1.9
v -1.5 2.2 1.9
v -1.3 2.1 1.9
v -1.3 2.2 1.9
v 1.3 0.5 1.9
v 1.3 0.6 1.9
v 1.3 0.7 1.9
v 1.3 0.8 1.9
v 1.3 2.1 1.9
v 1.3 2.2 1.9
v 1.3 2.3 1.9
v 1.3 2.5 1.9
v 1.5 0.5 1.9
v 1.5 0.6 1.9
v 1.5 0.7 1.9
v 1.5 0.8 1.9
v 1.5 2.1 1.9
v 1.5 2.2 1.9
v 1.5 2.3 1.9
v 1.5 2.5 1.9
v 1.9 0.7 1.9
v 1.9 0.8 1.9
v 2 0.8 1.9
v 2 2.1 1.9
v 2 2.2 1.9
v 2.1 0.7 1.9
v 2.1 0.8 1.9
v 2.1 2.1 1.9
v 2.1 2.2 1.9
v 2.2 0.7 1.9
v 2.2 0.8 1.9
v 2.2 2.1 1.9
v 2.2 2.2 1.9
v 2.6 0.7 1.9
v 2.6 0.8 1.9
v 2.6 0.9 1.9
v 2.6 2 1.9
v 2.6 2.1 1.9
v 2.6 2.2 1.9
v 2.7 0.8 1.9
v 2.7 0.9 1.9
v 2.7 1.2 1.9
v 2.7 1.4 1.9
v 2.7 1.5 1.9
v 2.7 1.7 1.9
v 2.7 2 1.9
v 2.7 2.1 1.9
v 2.8 1.2 1.9
v 2.8 1.4 1.9
v 2.8 1.5 1.9
v 2.8 1.7 1.9
v -3.2 1 1.8
v -3.2 1.2 1.8
v -3.2 1.7 1.8
v -3.2 1.9 1.8
v -3.1 0.7 1.8
v -3.1 0.8 1.8
v -3.1 1 1.8
v -3.1 1.2 1.8
v -3.1 1.7 1.8
v -3.1 1.9 1.8
v -3.1 2.1 1.8
v -3.1 2.2 1.8
v -3 0.6 1.8
v -3 0.7 1.8
v -3 0.8 1.8
v -3 2.1 1.8
v -3 2.2 1.8
v -3 2.3 1.8
v -2.6 0.6 1.8
v -2.6 0.7 1.8
v -2.6 2.2 1.8
v -2.6 2.3 1.8
v -2.5 0.6 1.8
v -2.5 0.7 1.8
v -2.5 2.2 1.8
v -2.5 2.3 1.8
v -1.9 0.4 1.8
v -1.9 0.5 1.8
v -1.9 0.6 1.8
v -1.9 0.7 1.8
v -1.9 2.2 1.8
v -1.9 2.3 1.8
v -1.9 2.5 1.8
v -1.9 2.7 1.8
v -1.7 0.4 1.8
v -1.7 0.5 1.8
v -1.7 0.6 1.8
v -1.7 0.7 1.8
v -1.7 2.2 1.8
v -1.7 2.3 1.8
v -1.7 2.5 1.8
v -1.7 2.7 1.8
v -1.6 2.2 1.8
v -1.6 2.3 1.8
v -1.5 2.2 1.8
v -1.5 2.3 1.8
v -1.3 2.2 1.8
v -1.3 2.3 1.8
v 1.3 0.4 1.8
v 1.3 0.5 1.8
v 1.3 0.6 1.8
v 1.3 0.7 1.8
v 1.3 2.2 1.8
v 1.3 2.3 1.8
v 1.3 2.5 1.8
v 1.3 2.7 1.8
v 1.5 0.4 1.8
v 1.5 0.5 1.8
v 1.5 0.6 1.8
v 1.5 0.7 1.8
v 1.5 2.2 1.8
v 1.5 2.3 1.8
v 1.5 2.5 1.8
v 1.5 2.7 1.8
v 1.9 0.6 1.8
v 1.9 0.7 1.8
v 2 2.2 1.8
v 2 2.3 1.8
v 2.1 0.6 1.8
v 2.1 0.7 1.8
v 2.1 2.2 1.8
v 2.1 2.3 1.8
v 2.2 0.6 1.8
v 2.2 0.7 1.8
v 2.2 2.2 1.8
v 2.2 2.3 1.8
v 2.6 0.6 1.8
v 2.6 0.7 1.8
v 2.6 0.8 1.8
v 2.6 2.1 1.8
v 2.6 2.2 1.8
v 2.6 2.3 1.8
v 2.7 0.7 1.8
v 2.7 0.8 1.8
v 2.7 1 1.8
v 2.7 1.2 1.8
v 2.7 1.7 1.8
v 2.7 1.9 1.8
v 2.7 2.1 1.8
v 2.7 2.2 1.8
v 2.8 1 1.8
v 2.8 1.2 1.8
v 2.8 1.7 1.8
v 2.8 1.9 1.8
v -3.3 1.2 1.7
v -3.3 1.4 1.7
v -3.3 1.5 1.7
v -3.3 1.7 1.7
v -3.2 0.9 1.7
v -3.2 1 1.7
v -3.2 1.2 1.7
v -3.2 1.4 1.7
v -3.2 1.5 1.7
v -3.2 1.7 1.7
v -3.2 1.9 1.7
v -3.2 2 1.7
v -3.1 0.6 1.7
v -3.1 0.7 1.7
v -3.1 0.9 1.7
v -3.1 1 1.7
v -3.1 1.9 1.7
v -3.1 2 1.7
v -3.1 2.2 1.7
v -3.1 2.3 1.7
v -3 0.5 1.7
v -3 0.6 1.7
v -3 0.7 1.7
v -3 2.2 1.7
v -3 2.3 1.7
v -3 2.4 1.7
v -2.6 0.5 1.7
v -2.6 0.6 1.7
v -2.6 2.3 1.7
v -2.6 2.4 1.7
v -2.5 0.5 1.7
v -2.5 0.6 1.7
v -2.5 2.3 1.7
v -2.5 2.4 1.7
v -2.4 2.3 1.7
v -2.4 2.4 1.7
v -1.9 0.5 1.7
v -1.9 0.6 1.7
v -1.9 2.3 1.7
v -1.9 2.4 1.7
v -1.9 2.7 1.7
v -1.9 2.9 1.7
v -1.7 0.5 1.7
v -1.7 0.6 1.7
v -1.7 2.3 1.7
v -1.7 2.4 1.7
v -1.7 2.7 1.7
v -1.7 2.9 1.7
v -1.6 2.3 1.7
v -1.6 2.4 1.7
v -1.5 2.3 1.7
v -1.5 2.4 1.7
v -1.3 2.3 1.7
v -1.3 2.4 1.7
v 1.3 0.5 1.7
v 1.3 0.6 1.7
v 1.3 2.3 1.7
v 1.3 2.4 1.7
v 1.3 2.7 1.7
v 1.3 2.9 1.7
v 1.5 0.5 1.7
v 1.5 0.6 1.7
v 1.5 2.3 1.7
v 1.5 2.4 1.7
v 1.5 2.7 1.7
v 1.5 2.9 1.7
v 1.9 0.5 1.7
v 1.9 0.6 1.7
v 2 2.3 1.7
v 2 2.4 1.7
v 2.1 0.5 1.7
v 2.1 0.6 1.7
v 2.1 2.3 1.7
v 2.1 2.4 1.7
v 2.2 0.5 1.7
v 2.2 0.6 1.7
v 2.2 2.3 1.7
v 2.2 2.4 1.7
v 2.6 0.5 1.7
v 2.6 0.6 1.7
v 2.6 0.7 1.7
v 2.6 2.2 1.7
v 2.6 2.3 1.7
v 2.6 2.4 1.7
v 2.7 0.6 1.7
v 2.7 0.7 1.7
v 2.7 0.9 1.7
v 2.7 1 1.7
v 2.7 1.9 1.7
v 2.7 2 1.7
v 2.7 2.2 1.7
v 2.7 2.3 1.7
v 2.8 0.9 1.7
v 2.8 1 1.7
v 2.8 1.2 1.7
v 2.8 1.4 1.7
v 2.8 1.5 1.7
v 2.8 1.7 1.7
v 2.8 1.9 1.7
v 2.8 2 1.7
v 2.9 1.2 1.7
v 2.9 1.4 1.7
v 2.9 1.5 1.7
v 2.9 1.7 1.7
v -3.3 1.1 1.6
v -3.3 1.2 1.6
v -3.3 1.7 1.6
v -3.3 1.8 1.6
v -3.2 0.8 1.6
v -3.2 0.9 1.6
v -3.2 1.1 1.6
v -3.2 1.2 1.6
v -3.2 1.7 1.6
v -3.2 1.8 1.6
v -3.2 2 1.6
v -3.2 2.1 1.6
v -3.1 0.8 1.6
v -3.1 0.9 1.6
v -3.1 2 1.6
v -3.1 2.1 1.6
v -1.9 0.3 1.6
v -1.9 0.4 1.6
v -1.9 2.9 1.6
v -1.9 3.1 1.6
v -1.7 0.3 1.6
v -1.7 0.4 1.6
v -1.7 2.9 1.6
v -1.7 3.1 1.6
v 1.3 0.3 1.6
v 1.3 0.4 1.6
v 1.3 2.9 1.6
v 1.3 3.1 1.6
v 1.5 0.3 1.6
v 1.5 0.4 1.6
v 1.5 2.9 1.6
v 1.5 3.1 1.6
v 2.7 0.8 1.6
v 2.7 0.9 1.6
v 2.7 2 1.6
v 2.7 2.1 1.6
v 2.8 0.8 1.6
v 2.8 0.9 1.6
v 2.8 1.1 1.6
v 2.8 1.2 1.6
v 2.8 1.7 1.6
v 2.8 1.8 1.6
v 2.8 2 1.6
v 2.8 2.1 1.6
v 2.9 1.1 1.6
v 2.9 1.2 1.6
v 2.9 1.7 1.6
v 2.9 1.8 1.6
v -3.3 1 1.5
v -3.3 1.1 1.5
v -3.3 1.8 1.5
v -3.3 1.9 1.5
v -3.2 1 1.5
v -3.2 1.1 1.5
v -3.2 1.8 1.5
v -3.2 1.9 1.5
v -3.1 0.5 1.5
v -3.1 0.6 1.5
v -3.1 2.3 1.5
v -3.1 2.4 1.5
v -3 0.4 1.5
v -3 0.5 1.5
v -3 0.6 1.5
v -3 2.3 1.5
v -3 2.4 1.5
v -3 2.5 1.5
v -2.6 0.4 1.5
v -2.6 0.5 1.5
v -2.6 2.4 1.5
v -2.6 2.5 1.5
v -2.5 0.4 1.5
v -2.5 0.5 1.5
v -2.5 2.4 1.5
v -2.5 2.5 1.5
v -2.4 2.4 1.5
v -2.4 2.5 1.5
v -1.9 0.4 1.5
v -1.9 0.5 1.5
v -1.9 3.1 1.5
v -1.9 3.2 1.5
v -1.9 3.3 1.5
v -1.7 0.4 1.5
v -1.7 0.5 1.5
v -1.7 2.4 1.5
v -1.7 2.5 1.5
v -1.7 3.1 1.5
v -1.7 3.2 1.5
v -1.7 3.3 1.5
v -1.6 2.4 1.5
v -1.6 2.5 1.5
v -1.5 2.4 1.5
v -1.5 2.5 1.5
v -1.3 2.4 1.5
v -1.3 2.5 1.5
v 1.3 0.4 1.5
v 1.3 0.5 1.5
v 1.3 3.1 1.5
v 1.3 3.2 1.5
v 1.3 3.3 1.5
v 1.5 0.4 1.5
v 1.5 0.5 1.5
v 1.5 3.1 1.5
v 1.5 3.2 1.5
v 1.5 3.3 1.5
v 1.9 2.4 1.5
v 1.9 2.5 1.5
v 2 0.4 1.5
v 2 0.5 1.5
v 2 2.4 1.5
v 2 2.5 1.5
v 2.1 0.4 1.5
v 2.1 0.5 1.5
v 2.1 2.4 1.5
v 2.2 0.4 1.5
v 2.2 0.5 1.5
v 2.2 2.4 1.5
v 2.2 2.5 1.5
v 2.6 0.4 1.5
v 2.6 0.5 1.5
v 2.6 0.6 1.5
v 2.6 2.3 1.5
v 2.6 2.4 1.5
v 2.6 2.5 1.5
v 2.7 0.5 1.5
v 2.7 0.6 1.5
v 2.7 2.3 1.5
v 2.7 2.4 1.5
v 2.8 1 1.5
v 2.8 1.1 1.5
v 2.8 1.8 1.5
v 2.8 1.9 1.5
v 2.9 1 1.5
v 2.9 1.1 1.5
v 2.9 1.8 1.5
v 2.9 1.9 1.5
v -3.3 0.9 1.4
v -3.3 1 1.4
v -3.3 1.9 1.4
v -3.3 2 1.4
v -3.2 0.7 1.4
v -3.2 0.8 1.4
v -3.2 0.9 1.4
v -3.2 1 1.4
v -3.2 1.9 1.4
v -3.2 2 1.4
v -3.2 2.1 1.4
v -3.2 2.2 1.4
v -3.1 0.7 1.4
v -3.1 0.8 1.4
v -3.1 2.1 1.4
v -3.1 2.2 1.4
v -1.9 3.3 1.4
v -1.9 3.6 1.4
v -1.7 3.3 1.4
v -1.7 3.6 1.4
v 1.3 3.3 1.4
v 1.3 3.6 1.4
v 1.5 3.3 1.4
v 1.5 3.6 1.4
v 2.7 0.7 1.4
v 2.7 0.8 1.4
v 2.7 2.1 1.4
v 2.7 2.2 1.4
v 2.8 0.7 1.4
v 2.8 0.8 1.4
v 2.8 0.9 1.4
v 2.8 1 1.4
v 2.8 1.9 1.4
v 2.8 2 1.4
v 2.8 2.1 1.4
v 2.8 2.2 1.4
v 2.9 0.9 1.4
v 2.9 1 1.4
v 2.9 1.9 1.4
v 2.9 2 1.4
v -1.9 3.6 1.3
v -1.9 3.7 1.3
v -1.7 3.6 1.3
v -1.7 3.7 1.3
v 1.3 3.6 1.3
v 1.3 3.7 1.3
v 1.5 3.6 1.3
v 1.5 3.7 1.3
v -3 2.8 1.2
v -3 3.1 1.2
v -3 3.2 1.2
v -3 3.5 1.2
v -2.6 2.8 1.2
v -2.6 3.1 1.2
v -2.6 3.2 1.2
v -2.6 3.5 1.2
v -2.5 2.8 1.2
v -2.5 3.5 1.2
v -2.4 2.8 1.2
v -2.4 3.5 1.2
v -1.9 3.3 1.2
v -1.9 3.5 1.2
v -1.9 3.7 1.2
v -1.9 3.8 1.2
v -1.7 2.8 1.2
v -1.7 3.3 1.2
v -1.7 3.5 1.2
v -1.7 3.7 1.2
v -1.7 3.8 1.2
v -1.6 2.8 1.2
v -1.6 3.5 1.2
v -1.5 2.8 1.2
v -1.5 3.4 1.2
v -1.5 3.5 1.2
v -1.4 3.3 1.2
v -1.4 3.4 1.2
v -1.3 3.2 1.2
v -1.3 3.3 1.2
v -1.3 3.4 1.2
v -1.3 3.5 1.2
v -1.2 3.3 1.2
v -1.2 3.4 1.2
v 1.3 3.3 1.2
v 1.3 3.5 1.2
v 1.3 3.7 1.2
v 1.3 3.8 1.2
v 1.5 3.3 1.2
v 1.5 3.5 1.2
v 1.5 3.7 1.2
v 1.5 3.8 1.2
v 2 2.8 1.2
v 2 3.1 1.2
v 2 3.2 1.2
v 2 3.3 1.2
v 2 3.5 1.2
v 2.1 2.8 1.2
v 2.1 3.1 1.2
v 2.1 3.2 1.2
v 2.1 3.5 1.2
v 2.2 2.8 1.2
v 2.2 3.1 1.2
v 2.2 3.2 1.2
v 2.2 3.5 1.2
v 2.6 2.8 1.2
v 2.6 3.1 1.2
v 2.6 3.2 1.2
v 2.6 3.5 1.2
v -3.1 2.8 1.1
v -3.1 3.1 1.1
v -3.1 3.2 1.1
v -3.1 3.5 1.1
v -3 2.6 1.1
v -3 2.8 1.1
v -3 3.1 1.1
v -3 3.2 1.1
v -3 3.5 1.1
v -3 3.7 1.1
v -2.6 2.6 1.1
v -2.6 2.8 1.1
v -2.6 3.5 1.1
v -2.6 3.7 1.1
v -2.5 2.6 1.1
v -2.5 2.8 1.1
v -2.5 3.5 1.1
v -2.5 3.6 1.1
v -2.4 2.7 1.1
v -2.4 2.8 1.1
v -2.4 3.5 1.1
v -1.9 3.5 1.1
v -1.9 3.6 1.1
v -1.9 3.7 1.1
v -1.9 3.8 1.1
v -1.9 3.9 1.1
v -1.7 2.7 1.1
v -1.7 2.8 1.1
v -1.7 3.5 1.1
v -1.7 3.6 1.1
v -1.7 3.7 1.1
v -1.7 3.8 1.1
v -1.7 3.9 1.1
v -1.6 2.6 1.1
v -1.6 2.8 1.1
v -1.6 3.5 1.1
v -1.6 3.6 1.1
v -1.5 2.6 1.1
v -1.5 2.8 1.1
v -1.5 3.5 1.1
v -1.5 3.7 1.1
v -1.3 3.5 1.1
v -1.3 3.7 1.1
v 1.3 3.5 1.1
v 1.3 3.7 1.1
v 1.3 3.8 1.1
v 1.3 3.9 1.1
v 1.5 3.5 1.1
v 1.5 3.7 1.1
v 1.5 3.8 1.1
v 1.5 3.9 1.1
v 2 2.6 1.1
v 2 2.8 1.1
v 2 3.5 1.1
v 2 3.7 1.1
v 2.1 2.6 1.1
v 2.1 2.8 1.1
v 2.1 3.5 1.1
v 2.1 3.7 1.1
v 2.2 2.6 1.1
v 2.2 2.8 1.1
v 2.2 3.5 1.1
v 2.2 3.7 1.1
v 2.6 2.6 1.1
v 2.6 2.8 1.1
v 2.6 3.1 1.1
v 2.6 3.2 1.1
v 2.6 3.5 1.1
v 2.6 3.7 1.1
v 2.7 2.8 1.1
v 2.7 3.1 1.1
v 2.7 3.2 1.1
v 2.7 3.5 1.1
v -3.1 2.6 1
v -3.1 2.8 1
v -3.1 3.5 1
v -3.1 3.7 1
v -3 2.5 1
v -3 2.6 1
v -3 2.8 1
v -3 3.5 1
v -3 3.7 1
v -3 3.8 1
v -2.6 2.5 1
v -2.6 2.6 1
v -2.6 3.7 1
v -2.6 3.8 1
v -2.5 2.6 1
v -2.5 3.7 1
v -2.5 3.8 1
v -2.2 2.5 1
v -1.9 3.7 1
v -1.9 3.8 1
v -1.9 3.9 1
v -1.9 4 1
v -1.7 3.7 1
v -1.7 3.8 1
v -1.7 3.9 1
v -1.7 4 1
v -1.6 2.6 1
v -1.5 2.5 1
v -1.5 2.6 1
v -1.5 3.7 1
v -1.5 3.8 1
v -1.3 2.5 1
v -1.3 3.7 1
v -1.3 3.8 1
v 1.3 3.7 1
v 1.3 3.8 1
v 1.3 3.9 1
v 1.3 4 1
v 1.5 3.7 1
v 1.5 3.8 1
v 1.5 3.9 1
v 1.5 4 1
v 1.9 2.5 1
v 2 2.5 1
v 2 2.6 1
v 2 3.7 1
v 2 3.8 1
v 2.1 2.5 1
v 2.1 2.6 1
v 2.1 3.7 1
v 2.1 3.8 1
v 2.2 2.5 1
v 2.2 2.6 1
v 2.2 3.7 1
v 2.2 3.8 1
v 2.6 2.5 1
v 2.6 2.6 1
v 2.6 2.8 1
v 2.6 3.5 1
v 2.6 3.7 1
v 2.6 3.8 1
v 2.7 2.6 1
v 2.7 2.8 1
v 2.7 3.5 1
v 2.7 3.7 1
v -3.2 2.9 0.9
v -3.2 3.1 0.9
v -3.2 3.2 0.9
v -3.2 3.4 0.9
v -3.1 2.5 0.9
v -3.1 2.6 0.9
v -3.1 2.9 0.9
v -3.1 3.1 0.9
v -3.1 3.2 0.9
v -3.1 3.4 0.9
v -3.1 3.7 0.9
v -3.1 3.8 0.9
v -3 2.5 0.9
v -3 2.6 0.9
v -3 3.7 0.9
v -3 3.8 0.9
v -3 3.9 0.9
v -2.6 3.8 0.9
v -2.6 3.9 0.9
v -2.5 3.8 0.9
v -1.9 3.8 0.9
v -1.9 3.9 0.9
v -1.9 4 0.9
v -1.9 4.1 0.9
v -1.7 3.8 0.9
v -1.7 3.9 0.9
v -1.7 4 0.9
v -1.7 4.1 0.9
v -1.5 3.8 0.9
v -1.5 3.9 0.9
v -1.3 3.8 0.9
v -1.3 3.9 0.9
v 1.3 3.8 0.9
v 1.3 3.9 0.9
v 1.3 4 0.9
v 1.3 4.1 0.9
v 1.5 3.8 0.9
v 1.5 3.9 0.9
v 1.5 4 0.9
v 1.5 4.1 0.9
v 2 3.8 0.9
v 2 3.9 0.9
v 2.1 3.8 0.9
v 2.1 3.9 0.9
v 2.2 3.8 0.9
v 2.2 3.9 0.9
v 2.6 2.5 0.9
v 2.6 2.6 0.9
v 2.6 3.7 0.9
v 2.6 3.8 0.9
v 2.6 3.9 0.9
v 2.7 2.5 0.9
v 2.7 2.6 0.9
v 2.7 2.9 0.9
v 2.7 3.1 0.9
v 2.7 3.2 0.9
v 2.7 3.4 0.9
v 2.7 3.7 0.9
v 2.7 3.8 0.9
v 2.8 2.9 0.9
v 2.8 3.1 0.9
v 2.8 3.2 0.9
v 2.8 3.4 0.9
v -3.2 2.7 0.8
v -3.2 2.9 0.8
v -3.2 3.4 0.8
v -3.2 3.6 0.8
v -3.1 2.4 0.8
v -3.1 2.5 0.8
v -3.1 2.7 0.8
v -3.1 2.9 0.8
v -3.1 3.4 0.8
v -3.1 3.6 0.8
v -3.1 3.8 0.8
v -3.1 3.9 0.8
v -3 2.4 0.8
v -3 2.5 0.8
v -3 3.8 0.8
v -3 3.9 0.8
v -3 4 0.8
v -2.6 3.9 0.8
v -2.6 4 0.8
v -2.5 3.9 0.8
v -2.5 4 0.8
v -1.9 3.9 0.8
v -1.9 4 0.8
v -1.9 4.1 0.8
v -1.9 4.2 0.8
v -1.7 3.9 0.8
v -1.7 4 0.8
v -1.7 4.1 0.8
v -1.7 4.2 0.8
v -1.6 3.9 0.8
v -1.6 4 0.8
v -1.5 3.9 0.8
v -1.5 4 0.8
v -1.3 3.9 0.8
v -1.3 4 0.8
v 1.3 3.9 0.8
v 1.3 4 0.8
v 1.3 4.1 0.8
v 1.3 4.2 0.8
v 1.5 3.9 0.8
v 1.5 4 0.8
v 1.5 4.1 0.8
v 1.5 4.2 0.8
v 2 3.9 0.8
v 2 4 0.8
v 2.1 3.9 0.8
v 2.1 4 0.8
v 2.2 3.9 0.8
v 2.2 4 0.8
v 2.6 2.4 0.8
v 2.6 2.5 0.8
v 2.6 3.8 0.8
v 2.6 3.9 0.8
v 2.6 4 0.8
v 2.7 2.4 0.8
v 2.7 2.5 0.8
v 2.7 2.7 0.8
v 2.7 2.9 0.8
v 2.7 3.4 0.8
v 2.7 3.6 0.8
v 2.7 3.8 0.8
v 2.7 3.9 0.8
v 2.8 2.7 0.8
v 2.8 2.9 0.8
v 2.8 3.4 0.8
v 2.8 3.6 0.8
v -3.3 2.9 0.7
v -3.3 3.1 0.7
v -3.3 3.2 0.7
v -3.3 3.4 0.7
v -3.2 2.6 0.7
v -3.2 2.7 0.7
v -3.2 2.9 0.7
v -3.2 3.1 0.7
v -3.2 3.2 0.7
v -3.2 3.4 0.7
v -3.2 3.6 0.7
v -3.2 3.7 0.7
v -3.1 2.3 0.7
v -3.1 2.4 0.7
v -3.1 2.6 0.7
v -3.1 2.7 0.7
v -3.1 3.6 0.7
v -3.1 3.7 0.7
v -3.1 3.9 0.7
v -3.1 4 0.7
v -3 2.3 0.7
v -3 2.4 0.7
v -3 3.9 0.7
v -3 4 0.7
v -3 4.1 0.7
v -2.6 4 0.7
v -2.6 4.1 0.7
v -2.5 4 0.7
v -2.5 4.1 0.7
v -2.4 4 0.7
v -2.4 4.1 0.7
v -1.9 4 0.7
v -1.9 4.1 0.7
v -1.7 4 0.7
v -1.7 4.1 0.7
v -1.6 4 0.7
v -1.6 4.1 0.7
v -1.5 4 0.7
v -1.5 4.1 0.7
v -1.3 4 0.7
v -1.3 4.1 0.7
v 1.3 4 0.7
v 1.3 4.1 0.7
v 1.5 4 0.7
v 1.5 4.1 0.7
v 2 4 0.7
v 2 4.1 0.7
v 2.1 4 0.7
v 2.1 4.1 0.7
v 2.2 4 0.7
v 2.2 4.1 0.7
v 2.6 2.3 0.7
v 2.6 2.4 0.7
v 2.6 3.9 0.7
v 2.6 4 0.7
v 2.6 4.1 0.7
v 2.7 2.3 0.7
v 2.7 2.4 0.7
v 2.7 2.6 0.7
v 2.7 2.7 0.7
v 2.7 3.6 0.7
v 2.7 3.7 0.7
v 2.7 3.9 0.7
v 2.7 4 0.7
v 2.8 2.6 0.7
v 2.8 2.7 0.7
v 2.8 2.9 0.7
v 2.8 3.1 0.7
v 2.8 3.2 0.7
v 2.8 3.4 0.7
v 2.8 3.6 0.7
v 2.8 3.7 0.7
v 2.9 2.9 0.7
v 2.9 3.1 0.7
v 2.9 3.2 0.7
v 2.9 3.4 0.7
v -3.3 2.8 0.6
v -3.3 2.9 0.6
v -3.3 3.4 0.6
v -3.3 3.5 0.6
v -3.2 2.5 0.6
v -3.2 2.6 0.6
v -3.2 2.8 0.6
v -3.2 2.9 0.6
v -3.2 3.4 0.6
v -3.2 3.5 0.6
v -3.2 3.7 0.6
v -3.2 3.8 0.6
v -3.1 2.5 0.6
v -3.1 2.6 0.6
v -3.1 3.7 0.6
v -3.1 3.8 0.6
v -1.9 4.2 0.6
v -1.9 4.3 0.6
v -1.7 4.2 0.6
v -1.7 4.3 0.6
v 1.3 4.2 0.6
v 1.3 4.3 0.6
v 1.5 4.2 0.6
v 1.5 4.3 0.6
v 2.7 2.5 0.6
v 2.7 2.6 0.6
v 2.7 3.7 0.6
v 2.7 3.8 0.6
v 2.8 2.5 0.6
v 2.8 2.6 0.6
v 2.8 2.8 0.6
v 2.8 2.9 0.6
v 2.8 3.4 0.6
v 2.8 3.5 0.6
v 2.8 3.7 0.6
v 2.8 3.8 0.6
v 2.9 2.8 0.6
v 2.9 2.9 0.6
v 2.9 3.4 0.6
v 2.9 3.5 0.6
v -3.3 2.7 0.5
v -3.3 2.8 0.5
v -3.3 3.5 0.5
v -3.3 3.6 0.5
v -3.2 2.7 0.5
v -3.2 2.8 0.5
v -3.2 3.5 0.5
v -3.2 3.6 0.5
v -3.1 2.2 0.5
v -3.1 2.3 0.5
v -3.1 4 0.5
v -3.1 4.1 0.5
v -3 2.2 0.5
v -3 2.3 0.5
v -3 4 0.5
v -3 4.1 0.5
v -3 4.2 0.5
v -2.6 4.1 0.5
v -2.6 4.2 0.5
v -2.5 4.1 0.5
v -2.5 4.2 0.5
v -2.4 4.1 0.5
v -2.4 4.2 0.5
v -1.9 4.1 0.5
v -1.9 4.2 0.5
v -1.7 4.1 0.5
v -1.7 4.2 0.5
v -1.6 4.1 0.5
v -1.6 4.2 0.5
v -1.5 4.1 0.5
v -1.5 4.2 0.5
v -1.3 4.1 0.5
v -1.3 4.2 0.5
v 1.3 4.1 0.5
v 1.3 4.2 0.5
v 1.5 4.1 0.5
v 1.5 4.2 0.5
v 1.9 4.1 0.5
v 1.9 4.2 0.5
v 2 4.1 0.5
v 2 4.2 0.5
v 2.1 4.1 0.5
v 2.2 4.1 0.5
v 2.2 4.2 0.5
v 2.6 2.2 0.5
v 2.6 2.3 0.5
v 2.6 4 0.5
v 2.6 4.1 0.5
v 2.6 4.2 0.5
v 2.7 2.2 0.5
v 2.7 2.3 0.5
v 2.7 4 0.5
v 2.7 4.1 0.5
v 2.8 2.7 0.5
v 2.8 2.8 0.5
v 2.8 3.5 0.5
v 2.8 3.6 0.5
v 2.9 2.7 0.5
v 2.9 2.8 0.5
v 2.9 3.5 0.5
v 2.9 3.6 0.5
v -3.3 2.6 0.4
v -3.3 2.7 0.4
v -3.3 3.6 0.4
v -3.3 3.7 0.4
v -3.2 2.4 0.4
v -3.2 2.5 0.4
v -3.2 2.6 0.4
v -3.2 2.7 0.4
v -3.2 3.6 0.4
v -3.2 3.7 0.4
v -3.2 3.8 0.4
v -3.2 3.9 0.4
v -3.1 2.4 0.4
v -3.1 2.5 0.4
v -3.1 3.8 0.4
v -3.1 3.9 0.4
v 2.7 2.4 0.4
v 2.7 2.5 0.4
v 2.7 3.8 0.4
v 2.7 3.9 0.4
v 2.8 2.4 0.4
v 2.8 2.5 0.4
v 2.8 2.6 0.4
v 2.8 2.7 0.4
v 2.8 3.6 0.4
v 2.8 3.7 0.4
v 2.8 3.8 0.4
v 2.8 3.9 0.4
v 2.9 2.6 0.4
v 2.9 2.7 0.4
v 2.9 3.6 0.4
v 2.9 3.7 0.4
v -3.1 1.1 0
v -3.1 1.4 0
v -3.1 1.5 0
v -3.1 1.8 0
v -3 0.9 0
v -3 1.1 0
v -3 1.4 0
v -3 1.5 0
v -3 1.8 0
v -3 2 0
v -2.6 0.9 0
v -2.6 1.1 0
v -2.6 1.8 0
v -2.6 2 0
v -2.5 0.9 0
v -2.5 1.1 0
v -2.5 1.8 0
v -2.5 1.9 0
v -2.4 1 0
v -2.4 1.1 0
v -2.4 1.8 0
v -1.7 1 0
v -1.7 1.1 0
v -1.7 1.8 0
v -1.6 0.9 0
v -1.6 1.1 0
v -1.6 1.8 0
v -1.6 1.9 0
v -1.5 0.9 0
v -1.5 1.1 0
v -1.5 1.8 0
v -1.5 2 0
v -1.3 1.8 0
v -1.3 2 0
v 2 0.9 0
v 2 1.1 0
v 2 1.8 0
v 2 2 0
v 2.1 0.9 0
v 2.1 1.1 0
v 2.1 1.8 0
v 2.1 2 0
v 2.2 0.9 0
v 2.2 1.1 0
v 2.2 1.8 0
v 2.2 2 0
v 2.6 0.9 0
v 2.6 1.1 0
v 2.6 1.4 0
v 2.6 1.5 0
v 2.6 1.8 0
v 2.6 2 0
v 2.7 1.1 0
v 2.7 1.4 0
v 2.7 1.5 0
v 2.7 1.8 0
v -3.1 0.9 -0.1
v -3.1 1.1 -0.1
v -3.1 1.8 -0.1
v -3.1 2 -0.1
v -3 0.8 -0.1
v -3 0.9 -0.1
v -3 1.1 -0.1
v -3 1.8 -0.1
v -3 2 -0.1
v -3 2.1 -0.1
v -2.6 0.8 -0.1
v -2.6 0.9 -0.1
v -2.6 2 -0.1
v -2.6 2.1 -0.1
v -2.5 0.9 -0.1
v -2.5 2 -0.1
v -2.5 2.1 -0.1
v -1.6 0.9 -0.1
v -1.5 0.8 -0.1
v -1.5 0.9 -0.1
v -1.5 2 -0.1
v -1.5 2.1 -0.1
v -1.3 2 -0.1
v -1.3 2.1 -0.1
v 2 0.8 -0.1
v 2 0.9 -0.1
v 2 2 -0.1
v 2 2.1 -0.1
v 2.1 0.8 -0.1
v 2.1 0.9 -0.1
v 2.1 2 -0.1
v 2.1 2.1 -0.1
v 2.2 0.8 -0.1
v 2.2 0.9 -0.1
v 2.2 2 -0.1
v 2.2 2.1 -0.1
v 2.6 0.8 -0.1
v 2.6 0.9 -0.1
v 2.6 1.1 -0.1
v 2.6 1.8 -0.1
v 2.6 2 -0.1
v 2.6 2.1 -0.1
v 2.7 0.9 -0.1
v 2.7 1.1 -0.1
v 2.7 1.8 -0.1
v 2.7 2 -0.1
v -3.2 1.2 -0.2
v -3.2 1.4 -0.2
v -3.2 1.5 -0.2
v -3.2 1.7 -0.2
v -3.1 0.8 -0.2
v -3.1 0.9 -0.2
v -3.1 1.2 -0.2
v -3.1 1.4 -0.2
v -3.1 1.5 -0.2
v -3.1 1.7 -0.2
v -3.1 2 -0.2
v -3.1 2.1 -0.2
v -3 0.7 -0.2
v -3 0.8 -0.2
v -3 0.9 -0.2
v -3 2 -0.2
v -3 2.1 -0.2
v -2.6 0.7 -0.2
v -2.6 0.8 -0.2
v -2.5 0.7 -0.2
v -2.5 0.8 -0.2
v -1.5 0.8 -0.2
v 1.9 0.7 -0.2
v 1.9 0.8 -0.2
v 2 0.8 -0.2
v 2.1 0.7 -0.2
v 2.1 0.8 -0.2
v 2.2 0.7 -0.2
v 2.2 0.8 -0.2
v 2.6 0.7 -0.2
v 2.6 0.8 -0.2
v 2.6 0.9 -0.2
v 2.6 2 -0.2
v 2.6 2.1 -0.2
v 2.7 0.8 -0.2
v 2.7 0.9 -0.2
v 2.7 1.2 -0.2
v 2.7 1.4 -0.2
v 2.7 1.5 -0.2
v 2.7 1.7 -0.2
v 2.7 2 -0.2
v 2.7 2.1 -0.2
v 2.8 1.2 -0.2
v 2.8 1.4 -0.2
v 2.8 1.5 -0.2
v 2.8 1.7 -0.2
v -3.2 1 -0.3
v -3.2 1.2 -0.3
v -3.2 1.7 -0.3
v -3.2 1.9 -0.3
v -3.1 0.7 -0.3
v -3.1 0.8 -0.3
v -3.1 1 -0.3
v -3.1 1.2 -0.3
v -3.1 1.7 -0.3
v -3.1 1.9 -0.3
v -3.1 2.1 -0.3
v -3.1 2.2 -0.3
v -3 0.6 -0.3
v -3 0.7 -0.3
v -3 0.8 -0.3
v -3 2.1 -0.3
v -3 2.2 -0.3
v -2.6 0.6 -0.3
v -2.6 0.7 -0.3
v -2.5 0.6 -0.3
v -2.5 0.7 -0.3
v 1.9 0.6 -0.3
v 1.9 0.7 -0.3
v 2.1 0.6 -0.3
v 2.1 0.7 -0.3
v 2.2 0.6 -0.3
v 2.2 0.7 -0.3
v 2.6 0.6 -0.3
v 2.6 0.7 -0.3
v 2.6 0.8 -0.3
v 2.6 2.1 -0.3
v 2.6 2.2 -0.3
v 2.7 0.7 -0.3
v 2.7 0.8 -0.3
v 2.7 1 -0.3
v 2.7 1.2 -0.3
v 2.7 1.7 -0.3
v 2.7 1.9 -0.3
v 2.7 2.1 -0.3
v 2.7 2.2 -0.3
v 2.8 1 -0.3
v 2.8 1.2 -0.3
v 2.8 1.7 -0.3
v 2.8 1.9 -0.3
v -3.3 1.2 -0.4
v -3.3 1.4 -0.4
v -3.3 1.5 -0.4
v -3.3 1.7 -0.4
v -3.2 0.9 -0.4
v -3.2 1 -0.4
v -3.2 1.2 -0.4
v -3.2 1.4 -0.4
v -3.2 1.5 -0.4
v -3.2 1.7 -0.4
v -3.2 1.9 -0.4
v -3.2 2 -0.4
v -3.1 0.6 -0.4
v -3.1 0.7 -0.4
v -3.1 0.9 -0.4
v -3.1 1 -0.4
v -3.1 1.9 -0.4
v -3.1 2 -0.4
v -3.1 2.2 -0.4
v -3.1 2.3 -0.4
v -3 0.5 -0.4
v -3 0.6 -0.4
v -3 0.7 -0.4
v -3 2.2 -0.4
v -3 2.3 -0.4
v -2.6 0.5 -0.4
v -2.6 0.6 -0.4
v -2.5 0.5 -0.4
v -2.5 0.6 -0.4
v 1.9 0.5 -0.4
v 1.9 0.6 -0.4
v 2.1 0.5 -0.4
v 2.1 0.6 -0.4
v 2.2 0.5 -0.4
v 2.2 0.6 -0.4
v 2.6 0.5 -0.4
v 2.6 0.6 -0.4
v 2.6 0.7 -0.4
v 2.6 2.2 -0.4
v 2.6 2.3 -0.4
v 2.7 0.6 -0.4
v 2.7 0.7 -0.4
v 2.7 0.9 -0.4
v 2.7 1 -0.4
v 2.7 1.9 -0.4
v 2.7 2 -0.4
v 2.7 2.2 -0.4
v 2.7 2.3 -0.4
v 2.8 0.9 -0.4
v 2.8 1 -0.4
v 2.8 1.2 -0.4
v 2.8 1.4 -0.4
v 2.8 1.5 -0.4
v 2.8 1.7 -0.4
v 2.8 1.9 -0.4
v 2.8 2 -0.4
v 2.9 1.2 -0.4
v 2.9 1.4 -0.4
v 2.9 1.5 -0.4
v 2.9 1.7 -0.4
v -3.3 1.1 -0.5
v -3.3 1.2 -0.5
v -3.3 1.7 -0.5
v -3.3 1.8 -0.5
v -3.2 0.8 -0.5
v -3.2 0.9 -0.5
v -3.2 1.1 -0.5
v -3.2 1.2 -0.5
v -3.2 1.7 -0.5
v -3.2 1.8 -0.5
v -3.2 2 -0.5
v -3.2 2.1 -0.5
v -3.1 0.8 -0.5
v -3.1 0.9 -0.5
v -3.1 2 -0.5
v -3.1 2.1 -0.5
v 2.7 0.8 -0.5
v 2.7 0.9 -0.5
v 2.7 2 -0.5
v 2.7 2.1 -0.5
v 2.8 0.8 -0.5
v 2.8 0.9 -0.5
v 2.8 1.1 -0.5
v 2.8 1.2 -0.5
v 2.8 1.7 -0.5
v 2.8 1.8 -0.5
v 2.8 2 -0.5
v 2.8 2.1 -0.5
v 2.9 1.1 -0.5
v 2.9 1.2 -0.5
v 2.9 1.7 -0.5
v 2.9 1.8 -0.5
v -3.3 1 -0.6
v -3.3 1.1 -0.6
v -3.3 1.8 -0.6
v -3.3 1.9 -0.6
v -3.2 1 -0.6
v -3.2 1.1 -0.6
v -3.2 1.8 -0.6
v -3.2 1.9 -0.6
v -3.1 0.5 -0.6
v -3.1 0.6 -0.6
v -3.1 2.3 -0.6
v -3.1 2.4 -0.6
v -3 0.4 -0.6
v -3 0.5 -0.6
v -3 0.6 -0.6
v -3 2.3 -0.6
v -3 2.4 -0.6
v -2.6 0.4 -0.6
v -2.6 0.5 -0.6
v -2.5 0.4 -0.6
v -2.5 0.5 -0.6
v -1.9 0.4 -0.6
v -1.7 0.4 -0.6
v 1.3 0.4 -0.6
v 1.5 0.4 -0.6
v 2 0.4 -0.6
v 2 0.5 -0.6
v 2.1 0.4 -0.6
v 2.1 0.5 -0.6
v 2.2 0.4 -0.6
v 2.2 0.5 -0.6
v 2.6 0.4 -0.6
v 2.6 0.5 -0.6
v 2.6 0.6 -0.6
v 2.6 2.3 -0.6
v 2.6 2.4 -0.6
v 2.7 0.5 -0.6
v 2.7 0.6 -0.6
v 2.7 2.3 -0.6
v 2.7 2.4 -0.6
v 2.8 1 -0.6
v 2.8 1.1 -0.6
v 2.8 1.8 -0.6
v 2.8 1.9 -0.6
v 2.9 1 -0.6
v 2.9 1.1 -0.6
v 2.9 1.8 -0.6
v 2.9 1.9 -0.6
v -3.3 0.9 -0.7
v -3.3 1 -0.7
v -3.3 1.9 -0.7
v -3.3 2 -0.7
v -3.2 0.7 -0.7
v -3.2 0.8 -0.7
v -3.2 0.9 -0.7
v -3.2 1 -0.7
v -3.2 1.9 -0.7
v -3.2 2 -0.7
v -3.2 2.1 -0.7
v -3.2 2.2 -0.7
v -3.1 0.7 -0.7
v -3.1 0.8 -0.7
v -3.1 2.1 -0.7
v -3.1 2.2 -0.7
v 2.7 0.7 -0.7
v 2.7 0.8 -0.7
v 2.7 2.1 -0.7
v 2.7 2.2 -0.7
v 2.8 0.7 -0.7
v 2.8 0.8 -0.7
v 2.8 0.9 -0.7
v 2.8 1 -0.7
v 2.8 1.9 -0.7
v 2.8 2 -0.7
v 2.8 2.1 -0.7
v 2.8 2.2 -0.7
v 2.9 0.9 -0.7
v 2.9 1 -0.7
v 2.9 1.9 -0.7
v 2.9 2 -0.7
v -1.9 3.1 -1
v -1.9 3.3 -1
v -1.7 3.1 -1
v -1.7 3.3 -1
v 1.3 3.1 -1
v 1.3 3.3 -1
v 1.5 3.1 -1
v 1.5 3.3 -1
v -1.9 2.9 -1.1
v -1.9 3.1 -1.1
v -1.7 2.9 -1.1
v -1.7 3.1 -1.1
v 1.3 2.9 -1.1
v 1.3 3.1 -1.1
v 1.5 2.9 -1.1
v 1.5 3.1 -1.1
v -1.9 2.7 -1.2
v -1.9 2.9 -1.2
v -1.7 2.7 -1.2
v -1.7 2.9 -1.2
v 1.3 2.7 -1.2
v 1.3 2.9 -1.2
v 1.5 2.7 -1.2
v 1.5 2.9 -1.2
v -1.9 2.5 -1.3
v -1.9 2.7 -1.3
v -1.7 2.5 -1.3
v -1.7 2.7 -1.3
v 1.3 2.5 -1.3
v 1.3 2.7 -1.3
v 1.5 2.5 -1.3
v 1.5 2.7 -1.3
v -1.9 2.4 -1.4
v -1.9 2.5 -1.4
v -1.7 2.4 -1.4
v -1.7 2.5 -1.4
v 1.3 2.4 -1.4
v 1.3 2.5 -1.4
v 1.5 2.4 -1.4
v 1.5 2.5 -1.4
v -1.9 2.4 1.7
v -1.9 2.5 1.7
v -1.7 2.4 1.7
v -1.7 2.5 1.7
v 1.3 2.4 1.7
v 1.3 2.5 1.7
v 1.5 2.4 1.7
v 1.5 2.5 1.7
v -1.9 2.5 1.6
v -1.9 2.7 1.6
v -1.7 2.5 1.6
v -1.7 2.7 1.6
v 1.3 2.5 1.6
v 1.3 2.7 1.6
v 1.5 2.5 1.6
v 1.5 2.7 1.6
v -1.9 2.7 1.5
v -1.9 2.9 1.5
v -1.7 2.7 1.5
v -1.7 2.9 1.5
v 1.3 2.7 1.5
v 1.3 2.9 1.5
v 1.5 2.7 1.5
v 1.5 2.9 1.5
v -1.9 2.9 1.4
v -1.9 3.1 1.4
v -1.7 2.9 1.4
v -1.7 3.1 1.4
v 1.3 2.9 1.4
v 1.3 3.1 1.4
v 1.5 2.9 1.4
v 1.5 3.1 1.4
v -1.9 3.1 1.3
v -1.9 3.3 1.3
v -1.7 3.1 1.3
v -1.7 3.3 1.3
v 1.3 3.1 1.3
v 1.3 3.3 1.3
v 1.5 3.1 1.3
v 1.5 3.3 1.3
v -3.3 0.9 0.9
v -3.3 1 0.9
v -3.3 1.9 0.9
v -3.3 2 0.9
v -3.2 0.7 0.9
v -3.2 0.8 0.9
v -3.2 0.9 0.9
v -3.2 1 0.9
v -3.2 1.9 0.9
v -3.2 2 0.9
v -3.2 2.1 0.9
v -3.2 2.2 0.9
v -3.1 0.7 0.9
v -3.1 0.8 0.9
v -3.1 2.1 0.9
v -3.1 2.2 0.9
v 2.7 0.7 0.9
v 2.7 0.8 0.9
v 2.7 2.1 0.9
v 2.7 2.2 0.9
v 2.8 0.7 0.9
v 2.8 0.8 0.9
v 2.8 0.9 0.9
v 2.8 1 0.9
v 2.8 1.9 0.9
v 2.8 2 0.9
v 2.8 2.1 0.9
v 2.8 2.2 0.9
v 2.9 0.9 0.9
v 2.9 1 0.9
v 2.9 1.9 0.9
v 2.9 2 0.9
v -3.3 1 0.8
v -3.3 1.1 0.8
v -3.3 1.8 0.8
v -3.3 1.9 0.8
v -3.2 1 0.8
v -3.2 1.1 0.8
v -3.2 1.8 0.8
v -3.2 1.9 0.8
v -3.1 0.5 0.8
v -3.1 0.6 0.8
v -3.1 2.3 0.8
v -3.1 2.4 0.8
v -3 0.4 0.8
v -3 0.5 0.8
v -3 0.6 0.8
v -3 2.3 0.8
v -3 2.4 0.8
v -2.6 0.4 0.8
v -2.6 0.5 0.8
v -2.5 0.4 0.8
v -2.5 0.5 0.8
v -1.9 0.4 0.8
v -1.7 0.4 0.8
v 1.3 0.4 0.8
v 1.5 0.4 0.8
v 2 0.4 0.8
v 2 0.5 0.8
v 2.1 0.4 0.8
v 2.1 0.5 0.8
v 2.2 0.4 0.8
v 2.2 0.5 0.8
v 2.6 0.4 0.8
v 2.6 0.5 0.8
v 2.6 0.6 0.8
v 2.6 2.3 0.8
v 2.6 2.4 0.8
v 2.7 0.5 0.8
v 2.7 0.6 0.8
v 2.7 2.3 0.8
v 2.7 2.4 0.8
v 2.8 1 0.8
v 2.8 1.1 0.8
v 2.8 1.8 0.8
v 2.8 1.9 0.8
v 2.9 1 0.8
v 2.9 1.1 0.8
v 2.9 1.8 0.8
v 2.9 1.9 0.8
v -3.3 1.1 0.7
v -3.3 1.2 0.7
v -3.3 1.7 0.7
v -3.3 1.8 0.7
v -3.2 0.8 0.7
v -3.2 0.9 0.7
v -3.2 1.1 0.7
v -3.2 1.2 0.7
v -3.2 1.7 0.7
v -3.2 1.8 0.7
v -3.2 2 0.7
v -3.2 2.1 0.7
v -3.1 0.8 0.7
v -3.1 0.9 0.7
v -3.1 2 0.7
v -3.1 2.1 0.7
v 2.7 0.8 0.7
v 2.7 0.9 0.7
v 2.7 2 0.7
v 2.7 2.1 0.7
v 2.8 0.8 0.7
v 2.8 0.9 0.7
v 2.8 1.1 0.7
v 2.8 1.2 0.7
v 2.8 1.7 0.7
v 2.8 1.8 0.7
v 2.8 2 0.7
v 2.8 2.1 0.7
v 2.9 1.1 0.7
v 2.9 1.2 0.7
v 2.9 1.7 0.7
v 2.9 1.8 0.7
v -3.3 1.2 0.6
v -3.3 1.4 0.6
v -3.3 1.5 0.6
v -3.3 1.7 0.6
v -3.2 0.9 0.6
v -3.2 1 0.6
v -3.2 1.2 0.6
v -3.2 1.4 0.6
v -3.2 1.5 0.6
v -3.2 1.7 0.6
v -3.2 1.9 0.6
v -3.2 2 0.6
v -3.1 0.6 0.6
v -3.1 0.7 0.6
v -3.1 0.9 0.6
v -3.1 1 0.6
v -3.1 1.9 0.6
v -3.1 2 0.6
v -3.1 2.2 0.6
v -3.1 2.3 0.6
v -3 0.5 0.6
v -3 0.6 0.6
v -3 0.7 0.6
v -3 2.2 0.6
v -3 2.3 0.6
v -2.6 0.5 0.6
v -2.6 0.6 0.6
v -2.5 0.5 0.6
v -2.5 0.6 0.6
v 2 0.5 0.6
v 2 0.6 0.6
v 2.1 0.5 0.6
v 2.1 0.6 0.6
v 2.2 0.5 0.6
v 2.2 0.6 0.6
v 2.6 0.5 0.6
v 2.6 0.6 0.6
v 2.6 0.7 0.6
v 2.6 2.2 0.6
v 2.6 2.3 0.6
v 2.7 0.6 0.6
v 2.7 0.7 0.6
v 2.7 0.9 0.6
v 2.7 1 0.6
v 2.7 1.9 0.6
v 2.7 2 0.6
v 2.7 2.2 0.6
v 2.7 2.3 0.6
v 2.8 0.9 0.6
v 2.8 1 0.6
v 2.8 1.2 0.6
v 2.8 1.4 0.6
v 2.8 1.5 0.6
v 2.8 1.7 0.6
v 2.8 1.9 0.6
v 2.8 2 0.6
v 2.9 1.2 0.6
v 2.9 1.4 0.6
v 2.9 1.5 0.6
v 2.9 1.7 0.6
v -3.2 1 0.5
v -3.2 1.2 0.5
v -3.2 1.7 0.5
v -3.2 1.9 0.5
v -3.1 0.7 0.5
v -3.1 0.8 0.5
v -3.1 1 0.5
v -3.1 1.2 0.5
v -3.1 1.7 0.5
v -3.1 1.9 0.5
v -3.1 2.1 0.5
v -3.1 2.2 0.5
v -3 0.6 0.5
v -3 0.7 0.5
v -3 0.8 0.5
v -3 2.1 0.5
v -3 2.2 0.5
v -2.6 0.6 0.5
v -2.6 0.7 0.5
v -2.5 0.6 0.5
v -2.5 0.7 0.5
v 1.9 0.7 0.5
v 2 0.6 0.5
v 2 0.7 0.5
v 2.1 0.6 0.5
v 2.1 0.7 0.5
v 2.2 0.6 0.5
v 2.2 0.7 0.5
v 2.6 0.6 0.5
v 2.6 0.7 0.5
v 2.6 0.8 0.5
v 2.6 2.1 0.5
v 2.6 2.2 0.5
v 2.7 0.7 0.5
v 2.7 0.8 0.5
v 2.7 1 0.5
v 2.7 1.2 0.5
v 2.7 1.7 0.5
v 2.7 1.9 0.5
v 2.7 2.1 0.5
v 2.7 2.2 0.5
v 2.8 1 0.5
v 2.8 1.2 0.5
v 2.8 1.7 0.5
v 2.8 1.9 0.5
v -3.2 1.2 0.4
v -3.2 1.4 0.4
v -3.2 1.5 0.4
v -3.2 1.7 0.4
v -3.1 0.8 0.4
v -3.1 0.9 0.4
v -3.1 1.2 0.4
v -3.1 1.4 0.4
v -3.1 1.5 0.4
v -3.1 1.7 0.4
v -3.1 2 0.4
v -3.1 2.1 0.4
v -3 0.7 0.4
v -3 0.8 0.4
v -3 0.9 0.4
v -3 2 0.4
v -3 2.1 0.4
v -2.6 0.7 0.4
v -2.6 0.8 0.4
v -2.5 0.7 0.4
v -2.5 0.8 0.4
v 1.8 0.8 0.4
v 1.9 0.7 0.4
v 1.9 0.8 0.4
v 2.1 0.7 0.4
v 2.1 0.8 0.4
v 2.2 0.7 0.4
v 2.2 0.8 0.4
v 2.6 0.7 0.4
v 2.6 0.8 0.4
v 2.6 0.9 0.4
v 2.6 2 0.4
v 2.6 2.1 0.4
v 2.7 0.8 0.4
v 2.7 0.9 0.4
v 2.7 1.2 0.4
v 2.7 1.4 0.4
v 2.7 1.5 0.4
v 2.7 1.7 0.4
v 2.7 2 0.4
v 2.7 2.1 0.4
v 2.8 1.2 0.4
v 2.8 1.4 0.4
v 2.8 1.5 0.4
v 2.8 1.7 0.4
v -3.1 0.9 0.3
v -3.1 1.1 0.3
v -3.1 1.8 0.3
v -3.1 2 0.3
v -3 0.8 0.3
v -3 0.9 0.3
v -3 1.1 0.3
v -3 1.8 0.3
v -3 2 0.3
v -3 2.1 0.3
v -2.8 2.1 0.3
v -2.6 0.8 0.3
v -2.6 0.9 0.3
v -2.6 2 0.3
v -2.6 2.1 0.3
v -2.5 0.8 0.3
v -2.5 0.9 0.3
v -2.5 2 0.3
v -2.5 2.1 0.3
v -1.5 2 0.3
v -1.5 2.1 0.3
v -1.3 2 0.3
v -1.3 2.1 0.3
v 1.7 0.9 0.3
v 1.8 0.8 0.3
v 1.8 0.9 0.3
v 1.9 0.8 0.3
v 1.9 0.9 0.3
v 1.9 2 0.3
v 1.9 2.1 0.3
v 2 0.9 0.3
v 2 2.1 0.3
v 2.1 0.9 0.3
v 2.1 2 0.3
v 2.1 2.1 0.3
v 2.2 0.8 0.3
v 2.2 0.9 0.3
v 2.2 2 0.3
v 2.2 2.1 0.3
v 2.6 0.8 0.3
v 2.6 0.9 0.3
v 2.6 1.1 0.3
v 2.6 1.8 0.3
v 2.6 2 0.3
v 2.6 2.1 0.3
v 2.7 0.9 0.3
v 2.7 1.1 0.3
v 2.7 1.8 0.3
v 2.7 2 0.3
v -3.1 1.1 0.2
v -3.1 1.4 0.2
v -3.1 1.5 0.2
v -3.1 1.8 0.2
v -3 0.9 0.2
v -3 1.1 0.2
v -3 1.4 0.2
v -3 1.5 0.2
v -3 1.8 0.2
v -3 2 0.2
v -2.6 0.9 0.2
v -2.6 1.1 0.2
v -2.6 1.8 0.2
v -2.6 2 0.2
v -2.5 0.9 0.2
v -2.5 1.1 0.2
v -2.5 1.8 0.2
v -2.5 2 0.2
v -1.5 1.8 0.2
v -1.5 2 0.2
v -1.3 1.8 0.2
v -1.3 2 0.2
v -1.2 1.8 0.2
v 1.7 0.9 0.2
v 1.7 1.1 0.2
v 1.7 1.8 0.2
v 1.8 0.9 0.2
v 1.8 1.1 0.2
v 1.8 1.8 0.2
v 1.8 1.9 0.2
v 1.9 1 0.2
v 1.9 1.1 0.2
v 1.9 1.8 0.2
v 1.9 1.9 0.2
v 1.9 2 0.2
v 2 0.9 0.2
v 2 1 0.2
v 2 1.8 0.2
v 2 1.9 0.2
v 2.1 0.9 0.2
v 2.1 1.1 0.2
v 2.1 1.8 0.2
v 2.1 1.9 0.2
v 2.2 0.9 0.2
v 2.2 1.1 0.2
v 2.2 1.8 0.2
v 2.2 2 0.2
v 2.6 0.9 0.2
v 2.6 1.1 0.2
v 2.6 1.4 0.2
v 2.6 1.5 0.2
v 2.6 1.8 0.2
v 2.6 2 0.2
v 2.7 1.1 0.2
v 2.7 1.4 0.2
v 2.7 1.5 0.2
v 2.7 1.8 0.2
v -3.3 2.6 -0.1
v -3.3 2.7 -0.1
v -3.3 3.6 -0.1
v -3.3 3.7 -0.1
v -3.2 2.4 -0.1
v -3.2 2.5 -0.1
v -3.2 2.6 -0.1
v -3.2 2.7 -0.1
v -3.2 3.6 -0.1
v -3.2 3.7 -0.1
v -3.2 3.8 -0.1
v -3.2 3.9 -0.1
v -3.1 2.4 -0.1
v -3.1 2.5 -0.1
v -3.1 3.8 -0.1
v -3.1 3.9 -0.1
v 2.7 2.4 -0.1
v 2.7 2.5 -0.1
v 2.7 3.8 -0.1
v 2.7 3.9 -0.1
v 2.8 2.4 -0.1
v 2.8 2.5 -0.1
v 2.8 2.6 -0.1
v 2.8 2.7 -0.1
v 2.8 3.6 -0.1
v 2.8 3.7 -0.1
v 2.8 3.8 -0.1
v 2.8 3.9 -0.1
v 2.9 2.6 -0.1
v 2.9 2.7 -0.1
v 2.9 3.6 -0.1
v 2.9 3.7 -0.1
v -3.3 2.7 -0.2
v -3.3 2.8 -0.2
v -3.3 3.5 -0.2
v -3.3 3.6 -0.2
v -3.2 2.7 -0.2
v -3.2 2.8 -0.2
v -3.2 3.5 -0.2
v -3.2 3.6 -0.2
v -3.1 2.2 -0.2
v -3.1 2.3 -0.2
v -3.1 4 -0.2
v -3.1 4.1 -0.2
v -3 2.2 -0.2
v -3 2.3 -0.2
v -3 4 -0.2
v -3 4.1 -0.2
v -3 4.2 -0.2
v -2.6 4.1 -0.2
v -2.6 4.2 -0.2
v -2.5 4.1 -0.2
v -2.5 4.2 -0.2
v -1.9 4.1 -0.2
v -1.9 4.2 -0.2
v -1.7 4.1 -0.2
v -1.7 4.2 -0.2
v -1.5 4.1 -0.2
v -1.5 4.2 -0.2
v -1.3 4.1 -0.2
v -1.3 4.2 -0.2
v 1.3 4.1 -0.2
v 1.3 4.2 -0.2
v 1.5 4.1 -0.2
v 1.5 4.2 -0.2
v 1.8 4.1 -0.2
v 1.8 4.2 -0.2
v 1.9 4.1 -0.2
v 1.9 4.2 -0.2
v 2.1 4.1 -0.2
v 2.2 4.1 -0.2
v 2.2 4.2 -0.2
v 2.6 2.2 -0.2
v 2.6 2.3 -0.2
v 2.6 4 -0.2
v 2.6 4.1 -0.2
v 2.6 4.2 -0.2
v 2.7 2.2 -0.2
v 2.7 2.3 -0.2
v 2.7 4 -0.2
v 2.7 4.1 -0.2
v 2.8 2.7 -0.2
v 2.8 2.8 -0.2
v 2.8 3.5 -0.2
v 2.8 3.6 -0.2
v 2.9 2.7 -0.2
v 2.9 2.8 -0.2
v 2.9 3.5 -0.2
v 2.9 3.6 -0.2
v -3.3 2.8 -0.3
v -3.3 2.9 -0.3
v -3.3 3.4 -0.3
v -3.3 3.5 -0.3
v -3.2 2.5 -0.3
v -3.2 2.6 -0.3
v -3.2 2.8 -0.3
v -3.2 2.9 -0.3
v -3.2 3.4 -0.3
v -3.2 3.5 -0.3
v -3.2 3.7 -0.3
v -3.2 3.8 -0.3
v -3.1 2.5 -0.3
v -3.1 2.6 -0.3
v -3.1 3.7 -0.3
v -3.1 3.8 -0.3
v -1.9 4.2 -0.3
v -1.9 4.3 -0.3
v -1.7 4.2 -0.3
v -1.7 4.3 -0.3
v 1.3 4.2 -0.3
v 1.3 4.3 -0.3
v 1.5 4.2 -0.3
v 1.5 4.3 -0.3
v 2.7 2.5 -0.3
v 2.7 2.6 -0.3
v 2.7 3.7 -0.3
v 2.7 3.8 -0.3
v 2.8 2.5 -0.3
v 2.8 2.6 -0.3
v 2.8 2.8 -0.3
v 2.8 2.9 -0.3
v 2.8 3.4 -0.3
v 2.8 3.5 -0.3
v 2.8 3.7 -0.3
v 2.8 3.8 -0.3
v 2.9 2.8 -0.3
v 2.9 2.9 -0.3
v 2.9 3.4 -0.3
v 2.9 3.5 -0.3
v -3.3 2.9 -0.4
v -3.3 3.1 -0.4
v -3.3 3.2 -0.4
v -3.3 3.4 -0.4
v -3.2 2.6 -0.4
v -3.2 2.7 -0.4
v -3.2 2.9 -0.4
v -3.2 3.1 -0.4
v -3.2 3.2 -0.4
v -3.2 3.4 -0.4
v -3.2 3.6 -0.4
v -3.2 3.7 -0.4
v -3.1 2.3 -0.4
v -3.1 2.4 -0.4
v -3.1 2.6 -0.4
v -3.1 2.7 -0.4
v -3.1 3.6 -0.4
v -3.1 3.7 -0.4
v -3.1 3.9 -0.4
v -3.1 4 -0.4
v -3 2.3 -0.4
v -3 2.4 -0.4
v -3 3.9 -0.4
v -3 4 -0.4
v -3 4.1 -0.4
v -2.6 4 -0.4
v -2.6 4.1 -0.4
v -2.5 4 -0.4
v -2.5 4.1 -0.4
v -1.9 4 -0.4
v -1.9 4.1 -0.4
v -1.7 4 -0.4
v -1.7 4.1 -0.4
v -1.5 4 -0.4
v -1.5 4.1 -0.4
v -1.3 4 -0.4
v -1.3 4.1 -0.4
v 1.3 4 -0.4
v 1.3 4.1 -0.4
v 1.5 4 -0.4
v 1.5 4.1 -0.4
v 2 4 -0.4
v 2 4.1 -0.4
v 2.1 4 -0.4
v 2.1 4.1 -0.4
v 2.2 4 -0.4
v 2.2 4.1 -0.4
v 2.6 2.3 -0.4
v 2.6 2.4 -0.4
v 2.6 3.9 -0.4
v 2.6 4 -0.4
v 2.6 4.1 -0.4
v 2.7 2.3 -0.4
v 2.7 2.4 -0.4
v 2.7 2.6 -0.4
v 2.7 2.7 -0.4
v 2.7 3.6 -0.4
v 2.7 3.7 -0.4
v 2.7 3.9 -0.4
v 2.7 4 -0.4
v 2.8 2.6 -0.4
v 2.8 2.7 -0.4
v 2.8 2.9 -0.4
v 2.8 3.1 -0.4
v 2.8 3.2 -0.4
v 2.8 3.4 -0.4
v 2.8 3.6 -0.4
v 2.8 3.7 -0.4
v 2.9 2.9 -0.4
v 2.9 3.1 -0.4
v 2.9 3.2 -0.4
v 2.9 3.4 -0.4
v -3.2 2.7 -0.5
v -3.2 2.9 -0.5
v -3.2 3.4 -0.5
v -3.2 3.6 -0.5
v -3.1 2.4 -0.5
v -3.1 2.5 -0.5
v -3.1 2.7 -0.5
v -3.1 2.9 -0.5
v -3.1 3.4 -0.5
v -3.1 3.6 -0.5
v -3.1 3.8 -0.5
v -3.1 3.9 -0.5
v -3 2.4 -0.5
v -3 2.5 -0.5
v -3 3.8 -0.5
v -3 3.9 -0.5
v -3 4 -0.5
v -2.6 3.9 -0.5
v -2.6 4 -0.5
v -2.5 3.9 -0.5
v -2.5 4 -0.5
v -1.9 3.9 -0.5
v -1.9 4 -0.5
v -1.9 4.1 -0.5
v -1.9 4.2 -0.5
v -1.7 3.9 -0.5
v -1.7 4 -0.5
v -1.7 4.1 -0.5
v -1.7 4.2 -0.5
v -1.5 3.9 -0.5
v -1.5 4 -0.5
v -1.3 3.9 -0.5
v -1.3 4 -0.5
v 1.3 3.9 -0.5
v 1.3 4 -0.5
v 1.3 4.1 -0.5
v 1.3 4.2 -0.5
v 1.5 3.9 -0.5
v 1.5 4 -0.5
v 1.5 4.1 -0.5
v 1.5 4.2 -0.5
v 2 3.9 -0.5
v 2 4 -0.5
v 2.1 3.9 -0.5
v 2.1 4 -0.5
v 2.2 3.9 -0.5
v 2.2 4 -0.5
v 2.6 2.4 -0.5
v 2.6 2.5 -0.5
v 2.6 3.8 -0.5
v 2.6 3.9 -0.5
v 2.6 4 -0.5
v 2.7 2.4 -0.5
v 2.7 2.5 -0.5
v 2.7 2.7 -0.5
v 2.7 2.9 -0.5
v 2.7 3.4 -0.5
v 2.7 3.6 -0.5
v 2.7 3.8 -0.5
v 2.7 3.9 -0.5
v 2.8 2.7 -0.5
v 2.8 2.9 -0.5
v 2.8 3.4 -0.5
v 2.8 3.6 -0.5
v -3.2 2.9 -0.6
v -3.2 3.1 -0.6
v -3.2 3.2 -0.6
v -3.2 3.4 -0.6
v -3.1 2.5 -0.6
v -3.1 2.6 -0.6
v -3.1 2.9 -0.6
v -3.1 3.1 -0.6
v -3.1 3.2 -0.6
v -3.1 3.4 -0.6
v -3.1 3.7 -0.6
v -3.1 3.8 -0.6
v -3 2.5 -0.6
v -3 2.6 -0.6
v -3 3.7 -0.6
v -3 3.8 -0.6
v -3 3.9 -0.6
v -2.6 3.8 -0.6
v -2.6 3.9 -0.6
v -2.5 3.8 -0.6
v -2.5 3.9 -0.6
v -1.9 3.8 -0.6
v -1.9 3.9 -0.6
v -1.9 4 -0.6
v -1.9 4.1 -0.6
v -1.7 3.8 -0.6
v -1.7 3.9 -0.6
v -1.7 4 -0.6
v -1.7 4.1 -0.6
v -1.5 3.8 -0.6
v -1.5 3.9 -0.6
v -1.3 3.8 -0.6
v -1.3 3.9 -0.6
v 1.3 3.8 -0.6
v 1.3 3.9 -0.6
v 1.3 4 -0.6
v 1.3 4.1 -0.6
v 1.5 3.8 -0.6
v 1.5 3.9 -0.6
v 1.5 4 -0.6
v 1.5 4.1 -0.6
v 1.9 3.8 -0.6
v 2 3.8 -0.6
v 2 3.9 -0.6
v 2.1 3.8 -0.6
v 2.1 3.9 -0.6
v 2.2 3.8 -0.6
v 2.2 3.9 -0.6
v 2.6 2.5 -0.6
v 2.6 2.6 -0.6
v 2.6 3.7 -0.6
v 2.6 3.8 -0.6
v 2.6 3.9 -0.6
v 2.7 2.5 -0.6
v 2.7 2.6 -0.6
v 2.7 2.9 -0.6
v 2.7 3.1 -0.6
v 2.7 3.2 -0.6
v 2.7 3.4 -0.6
v 2.7 3.7 -0.6
v 2.7 3.8 -0.6
v 2.8 2.9 -0.6
v 2.8 3.1 -0.6
v 2.8 3.2 -0.6
v 2.8 3.4 -0.6
v -3.1 2.6 -0.7
v -3.1 2.8 -0.7
v -3.1 3.5 -0.7
v -3.1 3.7 -0.7
v -3 2.5 -0.7
v -3 2.6 -0.7
v -3 2.8 -0.7
v -3 3.5 -0.7
v -3 3.7 -0.7
v -3 3.8 -0.7
v -2.6 2.5 -0.7
v -2.6 2.6 -0.7
v -2.6 3.7 -0.7
v -2.6 3.8 -0.7
v -2.5 2.5 -0.7
v -2.5 2.6 -0.7
v -2.5 3.7 -0.7
v -2.5 3.8 -0.7
v -2.4 2.5 -0.7
v -1.9 3.7 -0.7
v -1.9 3.8 -0.7
v -1.9 3.9 -0.7
v -1.9 4 -0.7
v -1.8 2.5 -0.7
v -1.7 3.7 -0.7
v -1.7 3.8 -0.7
v -1.7 3.9 -0.7
v -1.7 4 -0.7
v -1.6 2.5 -0.7
v -1.5 2.5 -0.7
v -1.5 3.7 -0.7
v -1.5 3.8 -0.7
v -1.3 2.5 -0.7
v -1.3 3.7 -0.7
v -1.3 3.8 -0.7
v 1.3 3.7 -0.7
v 1.3 3.8 -0.7
v 1.3 3.9 -0.7
v 1.3 4 -0.7
v 1.5 3.7 -0.7
v 1.5 3.8 -0.7
v 1.5 3.9 -0.7
v 1.5 4 -0.7
v 1.7 2.6 -0.7
v 1.8 2.5 -0.7
v 1.8 2.6 -0.7
v 1.9 2.5 -0.7
v 1.9 2.6 -0.7
v 1.9 3.7 -0.7
v 1.9 3.8 -0.7
v 2 2.5 -0.7
v 2 2.6 -0.7
v 2.1 2.6 -0.7
v 2.1 3.7 -0.7
v 2.1 3.8 -0.7
v 2.2 2.5 -0.7
v 2.2 2.6 -0.7
v 2.2 3.7 -0.7
v 2.2 3.8 -0.7
v 2.6 2.5 -0.7
v 2.6 2.6 -0.7
v 2.6 2.8 -0.7
v 2.6 3.5 -0.7
v 2.6 3.7 -0.7
v 2.6 3.8 -0.7
v 2.7 2.6 -0.7
v 2.7 2.8 -0.7
v 2.7 3.5 -0.7
v 2.7 3.7 -0.7
v -3.1 2.8 -0.8
v -3.1 3.1 -0.8
v -3.1 3.2 -0.8
v -3.1 3.5 -0.8
v -3 2.6 -0.8
v -3 2.8 -0.8
v -3 3.1 -0.8
v -3 3.2 -0.8
v -3 3.5 -0.8
v -3 3.7 -0.8
v -2.6 2.6 -0.8
v -2.6 2.8 -0.8
v -2.6 3.5 -0.8
v -2.6 3.7 -0.8
v -2.5 2.6 -0.8
v -2.5 2.8 -0.8
v -2.5 3.5 -0.8
v -2.5 3.7 -0.8
v -1.9 3.5 -0.8
v -1.9 3.7 -0.8
v -1.9 3.8 -0.8
v -1.9 3.9 -0.8
v -1.7 3.5 -0.8
v -1.7 3.7 -0.8
v -1.7 3.8 -0.8
v -1.7 3.9 -0.8
v -1.5 3.5 -0.8
v -1.5 3.7 -0.8
v -1.3 3.5 -0.8
v -1.3 3.7 -0.8
v -1.2 3.5 -0.8
v 1.3 3.5 -0.8
v 1.3 3.7 -0.8
v 1.3 3.8 -0.8
v 1.3 3.9 -0.8
v 1.5 3.5 -0.8
v 1.5 3.7 -0.8
v 1.5 3.8 -0.8
v 1.5 3.9 -0.8
v 1.7 2.6 -0.8
v 1.7 2.8 -0.8
v 1.7 3.5 -0.8
v 1.8 2.6 -0.8
v 1.8 2.8 -0.8
v 1.8 3.5 -0.8
v 1.8 3.6 -0.8
v 1.9 2.7 -0.8
v 1.9 2.8 -0.8
v 1.9 3.5 -0.8
v 1.9 3.6 -0.8
v 1.9 3.7 -0.8
v 2 2.6 -0.8
v 2 2.7 -0.8
v 2 3.5 -0.8
v 2 3.6 -0.8
v 2.1 2.6 -0.8
v 2.1 2.8 -0.8
v 2.1 3.5 -0.8
v 2.1 3.6 -0.8
v 2.2 2.6 -0.8
v 2.2 2.8 -0.8
v 2.2 3.5 -0.8
v 2.2 3.7 -0.8
v 2.6 2.6 -0.8
v 2.6 2.8 -0.8
v 2.6 3.1 -0.8
v 2.6 3.2 -0.8
v 2.6 3.5 -0.8
v 2.6 3.7 -0.8
v 2.7 2.8 -0.8
v 2.7 3.1 -0.8
v 2.7 3.2 -0.8
v 2.7 3.5 -0.8
v -3 2.8 -0.9
v -3 3.1 -0.9
v -3 3.2 -0.9
v -3 3.5 -0.9
v -2.6 2.8 -0.9
v -2.6 3.1 -0.9
v -2.6 3.2 -0.9
v -2.6 3.5 -0.9
v -2.5 2.8 -0.9
v -2.5 3.5 -0.9
v -1.9 3.3 -0.9
v -1.9 3.5 -0.9
v -1.9 3.7 -0.9
v -1.9 3.8 -0.9
v -1.7 3.3 -0.9
v -1.7 3.5 -0.9
v -1.7 3.7 -0.9
v -1.7 3.8 -0.9
v -1.5 3.4 -0.9
v -1.5 3.5 -0.9
v -1.3 3.3 -0.9
v -1.3 3.4 -0.9
v -1.2 3.2 -0.9
v -1.2 3.3 -0.9
v -1.2 3.4 -0.9
v -1.2 3.5 -0.9
v -1.1 3.3 -0.9
v -1.1 3.4 -0.9
v 1.3 3.3 -0.9
v 1.3 3.5 -0.9
v 1.3 3.7 -0.9
v 1.3 3.8 -0.9
v 1.5 3.3 -0.9
v 1.5 3.5 -0.9
v 1.5 3.7 -0.9
v 1.5 3.8 -0.9
v 1.7 2.8 -0.9
v 1.7 3.2 -0.9
v 1.7 3.3 -0.9
v 1.7 3.5 -0.9
v 1.8 2.8 -0.9
v 1.8 3.5 -0.9
v 1.9 2.8 -0.9
v 1.9 3.4 -0.9
v 2 3.4 -0.9
v 2 3.5 -0.9
v 2.1 2.8 -0.9
v 2.1 3.5 -0.9
v 2.2 2.8 -0.9
v 2.2 3.1 -0.9
v 2.2 3.2 -0.9
v 2.2 3.5 -0.9
v 2.6 2.8 -0.9
v 2.6 3.1 -0.9
v 2.6 3.2 -0.9
v 2.6 3.5 -0.9
v -1.9 3.6 -1
v -1.9 3.7 -1
v -1.7 3.6 -1
v -1.7 3.7 -1
v 1.3 3.6 -1
v 1.3 3.7 -1
v 1.5 3.6 -1
v 1.5 3.7 -1
v -1.9 3.3 -1.1
v -1.9 3.6 -1.1
v -1.7 3.3 -1.1
v -1.7 3.6 -1.1
v 1.3 3.3 -1.1
v 1.3 3.6 -1.1
v 1.5 3.3 -1.1
v 1.5 3.6 -1.1
v -3.3 0.9 -1.2
v -3.3 1 -1.2
v -3.3 1.9 -1.2
v -3.3 2 -1.2
v -3.2 0.7 -1.2
v -3.2 0.8 -1.2
v -3.2 0.9 -1.2
v -3.2 1 -1.2
v -3.2 1.9 -1.2
v -3.2 2 -1.2
v -3.2 2.1 -1.2
v -3.2 2.2 -1.2
v -3.1 0.7 -1.2
v -3.1 0.8 -1.2
v -3.1 2.1 -1.2
v -3.1 2.2 -1.2
v -1.9 3.1 -1.2
v -1.9 3.3 -1.2
v -1.7 3.1 -1.2
v -1.7 3.3 -1.2
v 1.3 3.1 -1.2
v 1.3 3.3 -1.2
v 1.5 3.1 -1.2
v 1.5 3.3 -1.2
v 2.7 0.7 -1.2
v 2.7 0.8 -1.2
v 2.7 2.1 -1.2
v 2.7 2.2 -1.2
v 2.8 0.7 -1.2
v 2.8 0.8 -1.2
v 2.8 0.9 -1.2
v 2.8 1 -1.2
v 2.8 1.9 -1.2
v 2.8 2 -1.2
v 2.8 2.1 -1.2
v 2.8 2.2 -1.2
v 2.9 0.9 -1.2
v 2.9 1 -1.2
v 2.9 1.9 -1.2
v 2.9 2 -1.2
v -3.3 1 -1.3
v -3.3 1.1 -1.3
v -3.3 1.8 -1.3
v -3.3 1.9 -1.3
v -3.2 1 -1.3
v -3.2 1.1 -1.3
v -3.2 1.8 -1.3
v -3.2 1.9 -1.3
v -3.1 0.5 -1.3
v -3.1 0.6 -1.3
v -3.1 2.3 -1.3
v -3.1 2.4 -1.3
v -3 0.4 -1.3
v -3 0.5 -1.3
v -3 0.6 -1.3
v -3 2.3 -1.3
v -3 2.4 -1.3
v -3 2.5 -1.3
v -2.6 0.4 -1.3
v -2.6 0.5 -1.3
v -2.6 2.4 -1.3
v -2.6 2.5 -1.3
v -2.5 0.4 -1.3
v -2.5 0.5 -1.3
v -2.5 2.4 -1.3
v -2.5 2.5 -1.3
v -1.9 0.4 -1.3
v -1.9 0.5 -1.3
v -1.9 2.5 -1.3
v -1.9 2.9 -1.3
v -1.9 3.1 -1.3
v -1.7 0.4 -1.3
v -1.7 0.5 -1.3
v -1.7 2.5 -1.3
v -1.7 2.9 -1.3
v -1.7 3.1 -1.3
v -1.5 2.4 -1.3
v -1.5 2.5 -1.3
v -1.3 2.4 -1.3
v -1.3 2.5 -1.3
v 1.3 0.4 -1.3
v 1.3 0.5 -1.3
v 1.3 2.5 -1.3
v 1.3 2.9 -1.3
v 1.3 3.1 -1.3
v 1.5 0.4 -1.3
v 1.5 0.5 -1.3
v 1.5 2.5 -1.3
v 1.5 2.9 -1.3
v 1.5 3.1 -1.3
v 1.8 2.4 -1.3
v 1.8 2.5 -1.3
v 1.9 2.4 -1.3
v 1.9 2.5 -1.3
v 2 0.4 -1.3
v 2 0.5 -1.3
v 2.1 0.4 -1.3
v 2.1 0.5 -1.3
v 2.1 2.4 -1.3
v 2.2 0.4 -1.3
v 2.2 0.5 -1.3
v 2.2 2.4 -1.3
v 2.2 2.5 -1.3
v 2.6 0.4 -1.3
v 2.6 0.5 -1.3
v 2.6 0.6 -1.3
v 2.6 2.3 -1.3
v 2.6 2.4 -1.3
v 2.6 2.5 -1.3
v 2.7 0.5 -1.3
v 2.7 0.6 -1.3
v 2.7 2.3 -1.3
v 2.7 2.4 -1.3
v 2.8 1 -1.3
v 2.8 1.1 -1.3
v 2.8 1.8 -1.3
v 2.8 1.9 -1.3
v 2.9 1 -1.3
v 2.9 1.1 -1.3
v 2.9 1.8 -1.3
v 2.9 1.9 -1.3
v -3.3 1.1 -1.4
v -3.3 1.2 -1.4
v -3.3 1.7 -1.4
v -3.3 1.8 -1.4
v -3.2 0.8 -1.4
v -3.2 0.9 -1.4
v -3.2 1.1 -1.4
v -3.2 1.2 -1.4
v -3.2 1.7 -1.4
v -3.2 1.8 -1.4
v -3.2 2 -1.4
v -3.2 2.1 -1.4
v -3.1 0.8 -1.4
v -3.1 0.9 -1.4
v -3.1 2 -1.4
v -3.1 2.1 -1.4
v -1.9 0.3 -1.4
v -1.9 0.4 -1.4
v -1.9 2.7 -1.4
v -1.9 2.9 -1.4
v -1.7 0.3 -1.4
v -1.7 0.4 -1.4
v -1.7 2.7 -1.4
v -1.7 2.9 -1.4
v 1.3 0.3 -1.4
v 1.3 0.4 -1.4
v 1.3 2.7 -1.4
v 1.3 2.9 -1.4
v 1.5 0.3 -1.4
v 1.5 0.4 -1.4
v 1.5 2.7 -1.4
v 1.5 2.9 -1.4
v 2.7 0.8 -1.4
v 2.7 0.9 -1.4
v 2.7 2 -1.4
v 2.7 2.1 -1.4
v 2.8 0.8 -1.4
v 2.8 0.9 -1.4
v 2.8 1.1 -1.4
v 2.8 1.2 -1.4
v 2.8 1.7 -1.4
v 2.8 1.8 -1.4
v 2.8 2 -1.4
v 2.8 2.1 -1.4
v 2.9 1.1 -1.4
v 2.9 1.2 -1.4
v 2.9 1.7 -1.4
v 2.9 1.8 -1.4
v -3.3 1.2 -1.5
v -3.3 1.4 -1.5
v -3.3 1.5 -1.5
v -3.3 1.7 -1.5
v -3.2 0.9 -1.5
v -3.2 1 -1.5
v -3.2 1.2 -1.5
v -3.2 1.4 -1.5
v -3.2 1.5 -1.5
v -3.2 1.7 -1.5
v -3.2 1.9 -1.5
v -3.2 2 -1.5
v -3.1 0.6 -1.5
v -3.1 0.7 -1.5
v -3.1 0.9 -1.5
v -3.1 1 -1.5
v -3.1 1.9 -1.5
v -3.1 2 -1.5
v -3.1 2.2 -1.5
v -3.1 2.3 -1.5
v -3 0.5 -1.5
v -3 0.6 -1.5
v -3 0.7 -1.5
v -3 2.2 -1.5
v -3 2.3 -1.5
v -3 2.4 -1.5
v -2.6 0.5 -1.5
v -2.6 0.6 -1.5
v -2.6 2.3 -1.5
v -2.6 2.4 -1.5
v -2.5 0.5 -1.5
v -2.5 0.6 -1.5
v -2.5 2.3 -1.5
v -2.5 2.4 -1.5
v -1.9 0.5 -1.5
v -1.9 0.6 -1.5
v -1.9 2.3 -1.5
v -1.9 2.4 -1.5
v -1.9 2.5 -1.5
v -1.9 2.7 -1.5
v -1.7 0.5 -1.5
v -1.7 0.6 -1.5
v -1.7 2.3 -1.5
v -1.7 2.4 -1.5
v -1.7 2.5 -1.5
v -1.7 2.7 -1.5
v -1.5 2.3 -1.5
v -1.5 2.4 -1.5
v -1.3 2.3 -1.5
v -1.3 2.4 -1.5
v 1.3 0.5 -1.5
v 1.3 0.6 -1.5
v 1.3 2.3 -1.5
v 1.3 2.4 -1.5
v 1.3 2.5 -1.5
v 1.3 2.7 -1.5
v 1.5 0.5 -1.5
v 1.5 0.6 -1.5
v 1.5 2.3 -1.5
v 1.5 2.4 -1.5
v 1.5 2.5 -1.5
v 1.5 2.7 -1.5
v 2 0.5 -1.5
v 2 0.6 -1.5
v 2 2.3 -1.5
v 2 2.4 -1.5
v 2.1 0.5 -1.5
v 2.1 0.6 -1.5
v 2.1 2.3 -1.5
v 2.1 2.4 -1.5
v 2.2 0.5 -1.5
v 2.2 0.6 -1.5
v 2.2 2.3 -1.5
v 2.2 2.4 -1.5
v 2.6 0.5 -1.5
v 2.6 0.6 -1.5
v 2.6 0.7 -1.5
v 2.6 2.2 -1.5
v 2.6 2.3 -1.5
v 2.6 2.4 -1.5
v 2.7 0.6 -1.5
v 2.7 0.7 -1.5
v 2.7 0.9 -1.5
v 2.7 1 -1.5
v 2.7 1.9 -1.5
v 2.7 2 -1.5
v 2.7 2.2 -1.5
v 2.7 2.3 -1.5
v 2.8 0.9 -1.5
v 2.8 1 -1.5
v 2.8 1.2 -1.5
v 2.8 1.4 -1.5
v 2.8 1.5 -1.5
v 2.8 1.7 -1.5
v 2.8 1.9 -1.5
v 2.8 2 -1.5
v 2.9 1.2 -1.5
v 2.9 1.4 -1.5
v 2.9 1.5 -1.5
v 2.9 1.7 -1.5
v -3.2 1 -1.6
v -3.2 1.2 -1.6
v -3.2 1.7 -1.6
v -3.2 1.9 -1.6
v -3.1 0.7 -1.6
v -3.1 0.8 -1.6
v -3.1 1 -1.6
v -3.1 1.2 -1.6
v -3.1 1.7 -1.6
v -3.1 1.9 -1.6
v -3.1 2.1 -1.6
v -3.1 2.2 -1.6
v -3 0.6 -1.6
v -3 0.7 -1.6
v -3 0.8 -1.6
v -3 2.1 -1.6
v -3 2.2 -1.6
v -3 2.3 -1.6
v -2.6 0.6 -1.6
v -2.6 0.7 -1.6
v -2.6 2.2 -1.6
v -2.6 2.3 -1.6
v -2.5 0.6 -1.6
v -2.5 0.7 -1.6
v -2.5 2.2 -1.6
v -2.5 2.3 -1.6
v -1.9 0.4 -1.6
v -1.9 0.5 -1.6
v -1.9 0.6 -1.6
v -1.9 0.7 -1.6
v -1.9 2.2 -1.6
v -1.9 2.3 -1.6
v -1.9 2.4 -1.6
v -1.9 2.5 -1.6
v -1.7 0.4 -1.6
v -1.7 0.5 -1.6
v -1.7 0.6 -1.6
v -1.7 0.7 -1.6
v -1.7 2.2 -1.6
v -1.7 2.3 -1.6
v -1.7 2.4 -1.6
v -1.7 2.5 -1.6
v -1.5 2.2 -1.6
v -1.5 2.3 -1.6
v -1.3 2.2 -1.6
v -1.3 2.3 -1.6
v 1.3 0.4 -1.6
v 1.3 0.5 -1.6
v 1.3 0.6 -1.6
v 1.3 0.7 -1.6
v 1.3 2.2 -1.6
v 1.3 2.3 -1.6
v 1.3 2.4 -1.6
v 1.3 2.5 -1.6
v 1.5 0.4 -1.6
v 1.5 0.5 -1.6
v 1.5 0.6 -1.6
v 1.5 0.7 -1.6
v 1.5 2.2 -1.6
v 1.5 2.3 -1.6
v 1.5 2.4 -1.6
v 1.5 2.5 -1.6
v 1.9 0.7 -1.6
v 2 0.6 -1.6
v 2 0.7 -1.6
v 2 2.2 -1.6
v 2 2.3 -1.6
v 2.1 0.6 -1.6
v 2.1 0.7 -1.6
v 2.1 2.2 -1.6
v 2.1 2.3 -1.6
v 2.2 0.6 -1.6
v 2.2 0.7 -1.6
v 2.2 2.2 -1.6
v 2.2 2.3 -1.6
v 2.6 0.6 -1.6
v 2.6 0.7 -1.6
v 2.6 0.8 -1.6
v 2.6 2.1 -1.6
v 2.6 2.2 -1.6
v 2.6 2.3 -1.6
v 2.7 0.7 -1.6
v 2.7 0.8 -1.6
v 2.7 1 -1.6
v 2.7 1.2 -1.6
v 2.7 1.7 -1.6
v 2.7 1.9 -1.6
v 2.7 2.1 -1.6
v 2.7 2.2 -1.6
v 2.8 1 -1.6
v 2.8 1.2 -1.6
v 2.8 1.7 -1.6
v 2.8 1.9 -1.6
v -3.2 1.2 -1.7
v -3.2 1.4 -1.7
v -3.2 1.5 -1.7
v -3.2 1.7 -1.7
v -3.1 0.8 -1.7
v -3.1 0.9 -1.7
v -3.1 1.2 -1.7
v -3.1 1.4 -1.7
v -3.1 1.5 -1.7
v -3.1 1.7 -1.7
v -3.1 2 -1.7
v -3.1 2.1 -1.7
v -3 0.7 -1.7
v -3 0.8 -1.7
v -3 0.9 -1.7
v -3 2 -1.7
v -3 2.1 -1.7
v -3 2.2 -1.7
v -2.6 0.7 -1.7
v -2.6 0.8 -1.7
v -2.6 2.1 -1.7
v -2.6 2.2 -1.7
v -2.5 0.7 -1.7
v -2.5 0.8 -1.7
v -2.5 2.1 -1.7
v -2.5 2.2 -1.7
v -1.9 0.5 -1.7
v -1.9 0.6 -1.7
v -1.9 0.7 -1.7
v -1.9 0.8 -1.7
v -1.9 2.1 -1.7
v -1.9 2.2 -1.7
v -1.9 2.3 -1.7
v -1.9 2.4 -1.7
v -1.7 0.5 -1.7
v -1.7 0.6 -1.7
v -1.7 0.7 -1.7
v -1.7 0.8 -1.7
v -1.7 2.1 -1.7
v -1.7 2.2 -1.7
v -1.7 2.3 -1.7
v -1.7 2.4 -1.7
v -1.5 2.1 -1.7
v -1.5 2.2 -1.7
v -1.3 2.1 -1.7
v -1.3 2.2 -1.7
v 1.3 0.5 -1.7
v 1.3 0.6 -1.7
v 1.3 0.7 -1.7
v 1.3 0.8 -1.7
v 1.3 2.1 -1.7
v 1.3 2.2 -1.7
v 1.3 2.3 -1.7
v 1.3 2.4 -1.7
v 1.5 0.5 -1.7
v 1.5 0.6 -1.7
v 1.5 0.7 -1.7
v 1.5 0.8 -1.7
v 1.5 2.1 -1.7
v 1.5 2.2 -1.7
v 1.5 2.3 -1.7
v 1.5 2.4 -1.7
v 1.8 0.8 -1.7
v 1.9 0.7 -1.7
v 1.9 0.8 -1.7
v 1.9 2.1 -1.7
v 2 2.1 -1.7
v 2 2.2 -1.7
v 2.1 0.7 -1.7
v 2.1 0.8 -1.7
v 2.1 2.1 -1.7
v 2.1 2.2 -1.7
v 2.2 0.7 -1.7
v 2.2 0.8 -1.7
v 2.2 2.1 -1.7
v 2.2 2.2 -1.7
v 2.6 0.7 -1.7
v 2.6 0.8 -1.7
v 2.6 0.9 -1.7
v 2.6 2 -1.7
v 2.6 2.1 -1.7
v 2.6 2.2 -1.7
v 2.7 0.8 -1.7
v 2.7 0.9 -1.7
v 2.7 1.2 -1.7
v 2.7 1.4 -1.7
v 2.7 1.5 -1.7
v 2.7 1.7 -1.7
v 2.7 2 -1.7
v 2.7 2.1 -1.7
v 2.8 1.2 -1.7
v 2.8 1.4 -1.7
v 2.8 1.5 -1.7
v 2.8 1.7 -1.7
v -3.1 0.9 -1.8
v -3.1 1.1 -1.8
v -3.1 1.8 -1.8
v -3.1 2 -1.8
v -3 0.8 -1.8
v -3 0.9 -1.8
v -3 1.1 -1.8
v -3 1.8 -1.8
v -3 2 -1.8
v -3 2.1 -1.8
v -2.6 0.8 -1.8
v -2.6 0.9 -1.8
v -2.6 2 -1.8
v -2.6 2.1 -1.8
v -2.5 0.8 -1.8
v -2.5 0.9 -1.8
v -2.5 2 -1.8
v -2.5 2.1 -1.8
v -1.9 0.6 -1.8
v -1.9 0.7 -1.8
v -1.9 0.8 -1.8
v -1.9 0.9 -1.8
v -1.9 2 -1.8
v -1.9 2.1 -1.8
v -1.9 2.2 -1.8
v -1.9 2.3 -1.8
v -1.7 0.6 -1.8
v -1.7 0.7 -1.8
v -1.7 0.8 -1.8
v -1.7 0.9 -1.8
v -1.7 2 -1.8
v -1.7 2.1 -1.8
v -1.7 2.2 -1.8
v -1.7 2.3 -1.8
v -1.5 2 -1.8
v -1.5 2.1 -1.8
v -1.3 2 -1.8
v -1.3 2.1 -1.8
v 1.3 0.6 -1.8
v 1.3 0.7 -1.8
v 1.3 0.8 -1.8
v 1.3 0.9 -1.8
v 1.3 2 -1.8
v 1.3 2.1 -1.8
v 1.3 2.2 -1.8
v 1.3 2.3 -1.8
v 1.5 0.6 -1.8
v 1.5 0.7 -1.8
v 1.5 0.8 -1.8
v 1.5 0.9 -1.8
v 1.5 2 -1.8
v 1.5 2.1 -1.8
v 1.5 2.2 -1.8
v 1.5 2.3 -1.8
v 1.7 0.9 -1.8
v 1.8 0.8 -1.8
v 1.8 0.9 -1.8
v 1.9 0.8 -1.8
v 1.9 0.9 -1.8
v 1.9 2 -1.8
v 1.9 2.1 -1.8
v 2 0.9 -1.8
v 2.1 0.9 -1.8
v 2.1 2 -1.8
v 2.1 2.1 -1.8
v 2.2 0.8 -1.8
v 2.2 0.9 -1.8
v 2.2 2 -1.8
v 2.2 2.1 -1.8
v 2.6 0.8 -1.8
v 2.6 0.9 -1.8
v 2.6 1.1 -1.8
v 2.6 1.8 -1.8
v 2.6 2 -1.8
v 2.6 2.1 -1.8
v 2.7 0.9 -1.8
v 2.7 1.1 -1.8
v 2.7 1.8 -1.8
v 2.7 2 -1.8
v -3.1 1.1 -1.9
v -3.1 1.4 -1.9
v -3.1 1.5 -1.9
v -3.1 1.8 -1.9
v -3 0.9 -1.9
v -3 1.1 -1.9
v -3 1.4 -1.9
v -3 1.5 -1.9
v -3 1.8 -1.9
v -3 2 -1.9
v -2.6 0.9 -1.9
v -2.6 1.1 -1.9
v -2.6 1.8 -1.9
v -2.6 2 -1.9
v -2.5 0.9 -1.9
v -2.5 1.1 -1.9
v -2.5 1.8 -1.9
v -2.5 2 -1.9
v -1.9 0.7 -1.9
v -1.9 0.8 -1.9
v -1.9 0.9 -1.9
v -1.9 1.1 -1.9
v -1.9 1.8 -1.9
v -1.9 2 -1.9
v -1.9 2.2 -1.9
v -1.7 0.7 -1.9
v -1.7 0.8 -1.9
v -1.7 0.9 -1.9
v -1.7 1.1 -1.9
v -1.7 1.8 -1.9
v -1.7 2 -1.9
v -1.7 2.2 -1.9
v -1.5 1.8 -1.9
v -1.5 2 -1.9
v -1.3 1.8 -1.9
v -1.3 2 -1.9
v -1.2 1.8 -1.9
v 1.3 0.7 -1.9
v 1.3 0.8 -1.9
v 1.3 0.9 -1.9
v 1.3 1.1 -1.9
v 1.3 1.8 -1.9
v 1.3 2 -1.9
v 1.3 2.2 -1.9
v 1.5 0.7 -1.9
v 1.5 0.8 -1.9
v 1.5 0.9 -1.9
v 1.5 1.1 -1.9
v 1.5 1.8 -1.9
v 1.5 2 -1.9
v 1.5 2.2 -1.9
v 1.7 0.9 -1.9
v 1.7 1.1 -1.9
v 1.7 1.8 -1.9
v 1.8 0.9 -1.9
v 1.8 1.1 -1.9
v 1.8 1.8 -1.9
v 1.8 1.9 -1.9
v 1.9 1 -1.9
v 1.9 1.1 -1.9
v 1.9 1.8 -1.9
v 1.9 1.9 -1.9
v 1.9 2 -1.9
v 2 0.9 -1.9
v 2 1 -1.9
v 2 1.8 -1.9
v 2 1.9 -1.9
v 2.1 0.9 -1.9
v 2.1 1.1 -1.9
v 2.1 1.8 -1.9
v 2.1 1.9 -1.9
v 2.2 0.9 -1.9
v 2.2 1.1 -1.9
v 2.2 1.8 -1.9
v 2.2 2 -1.9
v 2.6 0.9 -1.9
v 2.6 1.1 -1.9
v 2.6 1.4 -1.9
v 2.6 1.5 -1.9
v 2.6 1.8 -1.9
v 2.6 2 -1.9
v 2.7 1.1 -1.9
v 2.7 1.4 -1.9
v 2.7 1.5 -1.9
v 2.7 1.8 -1.9
v -3 1.1 -2
v -3 1.4 -2
v -3 1.5 -2
v -3 1.8 -2
v -2.6 1.1 -2
v -2.6 1.4 -2
v -2.6 1.5 -2
v -2.6 1.8 -2
v -2.5 1.1 -2
v -2.5 1.8 -2
v -1.9 0.8 -2
v -1.9 1 -2
v -1.9 1.1 -2
v -1.9 1.8 -2
v -1.7 0.8 -2
v -1.7 1 -2
v -1.7 1.1 -2
v -1.7 1.8 -2
v -1.5 1.7 -2
v -1.5 1.8 -2
v -1.3 1.6 -2
v -1.3 1.7 -2
v -1.2 1.5 -2
v -1.2 1.6 -2
v -1.2 1.7 -2
v -1.2 1.8 -2
v -1.1 1.6 -2
v -1.1 1.7 -2
v 1.3 0.8 -2
v 1.3 1 -2
v 1.3 1.1 -2
v 1.3 1.5 -2
v 1.3 1.6 -2
v 1.3 1.8 -2
v 1.5 0.8 -2
v 1.5 1 -2
v 1.5 1.1 -2
v 1.5 1.5 -2
v 1.5 1.6 -2
v 1.5 1.8 -2
v 1.7 1.1 -2
v 1.7 1.5 -2
v 1.7 1.6 -2
v 1.7 1.8 -2
v 1.8 1.1 -2
v 1.8 1.8 -2
v 1.9 1.1 -2
v 1.9 1.7 -2
v 2 1.7 -2
v 2 1.8 -2
v 2.1 1.1 -2
v 2.1 1.8 -2
v 2.2 1.1 -2
v 2.2 1.4 -2
v 2.2 1.5 -2
v 2.2 1.8 -2
v 2.6 1.1 -2
v 2.6 1.4 -2
v 2.6 1.5 -2
v 2.6 1.8 -2
v -1.9 1 -2.1
v -1.9 1.1 -2.1
v -1.9 1.8 -2.1
v -1.9 2 -2.1
v -1.7 1 -2.1
v -1.7 1.1 -2.1
v -1.7 1.8 -2.1
v -1.7 2 -2.1
v 1.3 1 -2.1
v 1.3 1.1 -2.1
v 1.3 1.8 -2.1
v 1.3 2 -2.1
v 1.5 1 -2.1
v 1.5 1.1 -2.1
v 1.5 1.8 -2.1
v 1.5 2 -2.1
v -1.9 1.1 -2.2
v -1.9 1.8 -2.2
v -1.7 1.1 -2.2
v -1.7 1.8 -2.2
v 1.3 1.1 -2.2
v 1.3 1.8 -2.2
v 1.5 1.1 -2.2
v 1.5 1.8 -2.2
v -1.9 0.3 1.6
v -1.7 0.3 1.6
v 1.3 0.3 1.6
v 1.5 0.3 1.6
v -1.9 0.3 -1.4
v -1.7 0.3 -1.4
v 1.3 0.3 -1.4
v 1.5 0.3 -1.4
v -1.9 0.4 1.8
v -1.7 0.4 1.8
v 1.3 0.4 1.8
v 1.5 0.4 1.8
v -1.9 0.4 1.6
v -1.7 0.4 1.6
v 1.3 0.4 1.6
v 1.5 0.4 1.6
v -3 0.4 1.5
v -2.6 0.4 1.5
v -2.5 0.4 1.5
v -1.9 0.4 1.5
v -1.7 0.4 1.5
v 1.3 0.4 1.5
v 1.5 0.4 1.5
v 2 0.4 1.5
v 2.1 0.4 1.5
v 2.2 0.4 1.5
v 2.6 0.4 1.5
v -2.8 0.4 1.3
v -2.6 0.4 1.3
v -3 0.4 1.2
v -2.8 0.4 1.2
v 2.2 0.4 1.2
v 2.6 0.4 1.2
v -3 0.4 1.1
v -2.6 0.4 1.1
v 2.2 0.4 1.1
v 2.6 0.4 1.1
v -3 0.4 0.8
v -2.6 0.4 0.8
v -2.5 0.4 0.8
v -1.9 0.4 0.8
v -1.7 0.4 0.8
v 1.3 0.4 0.8
v 1.5 0.4 0.8
v 2 0.4 0.8
v 2.1 0.4 0.8
v 2.2 0.4 0.8
v 2.6 0.4 0.8
v -3 0.4 -0.6
v -2.6 0.4 -0.6
v -2.5 0.4 -0.6
v -1.9 0.4 -0.6
v -1.7 0.4 -0.6
v 1.3 0.4 -0.6
v 1.5 0.4 -0.6
v 2 0.4 -0.6
v 2.1 0.4 -0.6
v 2.2 0.4 -0.6
v 2.6 0.4 -0.6
v -2.8 0.4 -0.8
v -2.6 0.4 -0.8
v -3 0.4 -0.9
v -2.8 0.4 -0.9
v 2.2 0.4 -0.9
v 2.6 0.4 -0.9
v -3 0.4 -1
v -2.6 0.4 -1
v 2.2 0.4 -1
v 2.6 0.4 -1
v -3 0.4 -1.3
v -2.6 0.4 -1.3
v -2.5 0.4 -1.3
v -1.9 0.4 -1.3
v -1.7 0.4 -1.3
v 1.3 0.4 -1.3
v 1.5 0.4 -1.3
v 2 0.4 -1.3
v 2.1 0.4 -1.3
v 2.2 0.4 -1.3
v 2.6 0.4 -1.3
v -1.9 0.4 -1.4
v -1.7 0.4 -1.4
v 1.3 0.4 -1.4
v 1.5 0.4 -1.4
v -1.9 0.4 -1.6
v -1.7 0.4 -1.6
v 1.3 0.4 -1.6
v 1.5 0.4 -1.6
v -1.9 0.5 1.9
v -1.7 0.5 1.9
v 1.3 0.5 1.9
v 1.5 0.5 1.9
v -1.9 0.5 1.8
v -1.7 0.5 1.8
v 1.3 0.5 1.8
v 1.5 0.5 1.8
v -3 0.5 1.7
v -2.6 0.5 1.7
v -2.5 0.5 1.7
v -1.9 0.5 1.7
v -1.7 0.5 1.7
v 1.3 0.5 1.7
v 1.5 0.5 1.7
v 1.9 0.5 1.7
v 2.1 0.5 1.7
v 2.2 0.5 1.7
v 2.6 0.5 1.7
v 1.9 0.5 1.6
v 2 0.5 1.6
v -3.1 0.5 1.5
v -3 0.5 1.5
v -2.6 0.5 1.5
v -2.5 0.5 1.5
v -1.9 0.5 1.5
v -1.7 0.5 1.5
v 1.3 0.5 1.5
v 1.5 0.5 1.5
v 2 0.5 1.5
v 2.1 0.5 1.5
v 2.2 0.5 1.5
v 2.6 0.5 1.5
v 2.7 0.5 1.5
v -3.1 0.5 1.2
v -3 0.5 1.2
v 2.6 0.5 1.2
v 2.7 0.5 1.2
v -3.1 0.5 1.1
v -3 0.5 1.1
v 2.6 0.5 1.1
v 2.7 0.5 1.1
v -3.1 0.5 0.8
v -3 0.5 0.8
v -2.6 0.5 0.8
v -2.5 0.5 0.8
v 2 0.5 0.8
v 2.1 0.5 0.8
v 2.2 0.5 0.8
v 2.6 0.5 0.8
v 2.7 0.5 0.8
v -3 0.5 0.6
v -2.6 0.5 0.6
v -2.5 0.5 0.6
v 2 0.5 0.6
v 2.1 0.5 0.6
v 2.2 0.5 0.6
v 2.6 0.5 0.6
v -3 0.5 -0.4
v -2.6 0.5 -0.4
v -2.5 0.5 -0.4
v 1.9 0.5 -0.4
v 2.1 0.5 -0.4
v 2.2 0.5 -0.4
v 2.6 0.5 -0.4
v 1.9 0.5 -0.5
v 2 0.5 -0.5
v -3.1 0.5 -0.6
v -3 0.5 -0.6
v -2.6 0.5 -0.6
v -2.5 0.5 -0.6
v 2 0.5 -0.6
v 2.1 0.5 -0.6
v 2.2 0.5 -0.6
v 2.6 0.5 -0.6
v 2.7 0.5 -0.6
v -3.1 0.5 -0.9
v -3 0.5 -0.9
v 2.6 0.5 -0.9
v 2.7 0.5 -0.9
v -3.1 0.5 -1
v -3 0.5 -1
v 2.6 0.5 -1
v 2.7 0.5 -1
v -3.1 0.5 -1.3
v -3 0.5 -1.3
v -2.6 0.5 -1.3
v -2.5 0.5 -1.3
v -1.9 0.5 -1.3
v -1.7 0.5 -1.3
v 1.3 0.5 -1.3
v 1.5 0.5 -1.3
v 2 0.5 -1.3
v 2.1 0.5 -1.3
v 2.2 0.5 -1.3
v 2.6 0.5 -1.3
v 2.7 0.5 -1.3
v -3 0.5 -1.5
v -2.6 0.5 -1.5
v -2.5 0.5 -1.5
v -1.9 0.5 -1.5
v -1.7 0.5 -1.5
v 1.3 0.5 -1.5
v 1.5 0.5 -1.5
v 2 0.5 -1.5
v 2.1 0.5 -1.5
v 2.2 0.5 -1.5
v 2.6 0.5 -1.5
v -1.9 0.5 -1.6
v -1.7 0.5 -1.6
v 1.3 0.5 -1.6
v 1.5 0.5 -1.6
v -1.9 0.5 -1.7
v -1.7 0.5 -1.7
v 1.3 0.5 -1.7
v 1.5 0.5 -1.7
v -1.9 0.6 2
v -1.7 0.6 2
v 1.3 0.6 2
v 1.5 0.6 2
v -1.9 0.6 1.9
v -1.7 0.6 1.9
v 1.3 0.6 1.9
v 1.5 0.6 1.9
v -3 0.6 1.8
v -2.6 0.6 1.8
v -2.5 0.6 1.8
v -1.9 0.6 1.8
v -1.7 0.6 1.8
v 1.3 0.6 1.8
v 1.5 0.6 1.8
v 1.9 0.6 1.8
v 2.1 0.6 1.8
v 2.2 0.6 1.8
v 2.6 0.6 1.8
v -3.1 0.6 1.7
v -3 0.6 1.7
v -2.6 0.6 1.7
v -2.5 0.6 1.7
v -1.9 0.6 1.7
v -1.7 0.6 1.7
v 1.3 0.6 1.7
v 1.5 0.6 1.7
v 1.9 0.6 1.7
v 2.1 0.6 1.7
v 2.2 0.6 1.7
v 2.6 0.6 1.7
v 2.7 0.6 1.7
v -3.1 0.6 1.5
v -3 0.6 1.5
v 2.6 0.6 1.5
v 2.7 0.6 1.5
v -3.1 0.6 0.8
v -3 0.6 0.8
v 2.6 0.6 0.8
v 2.7 0.6 0.8
v -3.1 0.6 0.6
v -3 0.6 0.6
v -2.6 0.6 0.6
v -2.5 0.6 0.6
v 2 0.6 0.6
v 2.1 0.6 0.6
v 2.2 0.6 0.6
v 2.6 0.6 0.6
v 2.7 0.6 0.6
v -3 0.6 0.5
v -2.6 0.6 0.5
v -2.5 0.6 0.5
v 2 0.6 0.5
v 2.1 0.6 0.5
v 2.2 0.6 0.5
v 2.6 0.6 0.5
v -3 0.6 -0.3
v -2.6 0.6 -0.3
v -2.5 0.6 -0.3
v 1.9 0.6 -0.3
v 2.1 0.6 -0.3
v 2.2 0.6 -0.3
v 2.6 0.6 -0.3
v -3.1 0.6 -0.4
v -3 0.6 -0.4
v -2.6 0.6 -0.4
v -2.5 0.6 -0.4
v 1.9 0.6 -0.4
v 2.1 0.6 -0.4
v 2.2 0.6 -0.4
v 2.6 0.6 -0.4
v 2.7 0.6 -0.4
v -3.1 0.6 -0.6
v -3 0.6 -0.6
v 2.6 0.6 -0.6
v 2.7 0.6 -0.6
v -3.1 0.6 -1.3
v -3 0.6 -1.3
v 2.6 0.6 -1.3
v 2.7 0.6 -1.3
v -3.1 0.6 -1.5
v -3 0.6 -1.5
v -2.6 0.6 -1.5
v -2.5 0.6 -1.5
v -1.9 0.6 -1.5
v -1.7 0.6 -1.5
v 1.3 0.6 -1.5
v 1.5 0.6 -1.5
v 2 0.6 -1.5
v 2.1 0.6 -1.5
v 2.2 0.6 -1.5
v 2.6 0.6 -1.5
v 2.7 0.6 -1.5
v -3 0.6 -1.6
v -2.6 0.6 -1.6
v -2.5 0.6 -1.6
v -1.9 0.6 -1.6
v -1.7 0.6 -1.6
v 1.3 0.6 -1.6
v 1.5 0.6 -1.6
v 2 0.6 -1.6
v 2.1 0.6 -1.6
v 2.2 0.6 -1.6
v 2.6 0.6 -1.6
v -1.9 0.6 -1.7
v -1.7 0.6 -1.7
v 1.3 0.6 -1.7
v 1.5 0.6 -1.7
v -1.9 0.6 -1.8
v -1.7 0.6 -1.8
v 1.3 0.6 -1.8
v 1.5 0.6 -1.8
v -1.9 0.7 2.1
v -1.7 0.7 2.1
v 1.3 0.7 2.1
v 1.5 0.7 2.1
v -1.9 0.7 2
v -1.7 0.7 2
v 1.3 0.7 2
v 1.5 0.7 2
v -3 0.7 1.9
v -2.6 0.7 1.9
v -2.5 0.7 1.9
v -1.9 0.7 1.9
v -1.7 0.7 1.9
v 1.3 0.7 1.9
v 1.5 0.7 1.9
v 1.9 0.7 1.9
v 2.1 0.7 1.9
v 2.2 0.7 1.9
v 2.6 0.7 1.9
v -3.1 0.7 1.8
v -3 0.7 1.8
v -2.6 0.7 1.8
v -2.5 0.7 1.8
v -1.9 0.7 1.8
v -1.7 0.7 1.8
v 1.3 0.7 1.8
v 1.5 0.7 1.8
v 1.9 0.7 1.8
v 2.1 0.7 1.8
v 2.2 0.7 1.8
v 2.6 0.7 1.8
v 2.7 0.7 1.8
v -3.1 0.7 1.7
v -3 0.7 1.7
v 2.6 0.7 1.7
v 2.7 0.7 1.7
v -3.2 0.7 1.4
v -3.1 0.7 1.4
v 2.7 0.7 1.4
v 2.8 0.7 1.4
v 2.7 0.7 1.3
v 2.8 0.7 1.3
v -3.2 0.7 1.2
v -3.1 0.7 1.2
v 2.7 0.7 1.2
v -3.2 0.7 1.1
v -3.1 0.7 1.1
v 2.7 0.7 1.1
v 2.8 0.7 1.1
v -3.2 0.7 0.9
v -3.1 0.7 0.9
v 2.7 0.7 0.9
v 2.8 0.7 0.9
v -3.1 0.7 0.6
v -3 0.7 0.6
v 2.6 0.7 0.6
v 2.7 0.7 0.6
v -3.1 0.7 0.5
v -3 0.7 0.5
v -2.6 0.7 0.5
v -2.5 0.7 0.5
v 1.9 0.7 0.5
v 2 0.7 0.5
v 2.1 0.7 0.5
v 2.2 0.7 0.5
v 2.6 0.7 0.5
v 2.7 0.7 0.5
v -3 0.7 0.4
v -2.6 0.7 0.4
v -2.5 0.7 0.4
v 1.9 0.7 0.4
v 2.1 0.7 0.4
v 2.2 0.7 0.4
v 2.6 0.7 0.4
v -3 0.7 -0.2
v -2.6 0.7 -0.2
v -2.5 0.7 -0.2
v 1.9 0.7 -0.2
v 2.1 0.7 -0.2
v 2.2 0.7 -0.2
v 2.6 0.7 -0.2
v -3.1 0.7 -0.3
v -3 0.7 -0.3
v -2.6 0.7 -0.3
v -2.5 0.7 -0.3
v 1.9 0.7 -0.3
v 2.1 0.7 -0.3
v 2.2 0.7 -0.3
v 2.6 0.7 -0.3
v 2.7 0.7 -0.3
v -3.1 0.7 -0.4
v -3 0.7 -0.4
v 2.6 0.7 -0.4
v 2.7 0.7 -0.4
v -3.2 0.7 -0.7
v -3.1 0.7 -0.7
v 2.7 0.7 -0.7
v 2.8 0.7 -0.7
v 2.7 0.7 -0.8
v 2.8 0.7 -0.8
v -3.2 0.7 -0.9
v -3.1 0.7 -0.9
v 2.7 0.7 -0.9
v -3.2 0.7 -1
v -3.1 0.7 -1
v 2.7 0.7 -1
v 2.8 0.7 -1
v -3.2 0.7 -1.2
v -3.1 0.7 -1.2
v 2.7 0.7 -1.2
v 2.8 0.7 -1.2
v -3.1 0.7 -1.5
v -3 0.7 -1.5
v 2.6 0.7 -1.5
v 2.7 0.7 -1.5
v -3.1 0.7 -1.6
v -3 0.7 -1.6
v -2.6 0.7 -1.6
v -2.5 0.7 -1.6
v -1.9 0.7 -1.6
v -1.7 0.7 -1.6
v 1.3 0.7 -1.6
v 1.5 0.7 -1.6
v 1.9 0.7 -1.6
v 2 0.7 -1.6
v 2.1 0.7 -1.6
v 2.2 0.7 -1.6
v 2.6 0.7 -1.6
v 2.7 0.7 -1.6
v -3 0.7 -1.7
v -2.6 0.7 -1.7
v -2.5 0.7 -1.7
v -1.9 0.7 -1.7
v -1.7 0.7 -1.7
v 1.3 0.7 -1.7
v 1.5 0.7 -1.7
v 1.9 0.7 -1.7
v 2.1 0.7 -1.7
v 2.2 0.7 -1.7
v 2.6 0.7 -1.7
v -1.9 0.7 -1.8
v -1.7 0.7 -1.8
v 1.3 0.7 -1.8
v 1.5 0.7 -1.8
v -1.9 0.7 -1.9
v -1.7 0.7 -1.9
v 1.3 0.7 -1.9
v 1.5 0.7 -1.9
v -1.9 0.8 2.2
v -1.7 0.8 2.2
v 1.3 0.8 2.2
v 1.5 0.8 2.2
v -1.9 0.8 2.1
v -1.7 0.8 2.1
v 1.3 0.8 2.1
v 1.5 0.8 2.1
v -3 0.8 2
v -2.6 0.8 2
v -1.9 0.8 2
v -1.7 0.8 2
v -1.5 0.8 2
v 1.3 0.8 2
v 1.5 0.8 2
v 2 0.8 2
v 2.1 0.8 2
v 2.2 0.8 2
v 2.6 0.8 2
v -3.1 0.8 1.9
v -3 0.8 1.9
v -2.6 0.8 1.9
v -2.5 0.8 1.9
v -1.9 0.8 1.9
v -1.7 0.8 1.9
v -1.5 0.8 1.9
v 1.3 0.8 1.9
v 1.5 0.8 1.9
v 1.9 0.8 1.9
v 2 0.8 1.9
v 2.1 0.8 1.9
v 2.2 0.8 1.9
v 2.6 0.8 1.9
v 2.7 0.8 1.9
v -3.1 0.8 1.8
v -3 0.8 1.8
v 2.6 0.8 1.8
v 2.7 0.8 1.8
v -3.2 0.8 1.6
v -3.1 0.8 1.6
v 2.7 0.8 1.6
v 2.8 0.8 1.6
v -3.2 0.8 1.4
v -3.1 0.8 1.4
v 2.7 0.8 1.4
v 2.8 0.8 1.4
v -3.2 0.8 0.9
v -3.1 0.8 0.9
v 2.7 0.8 0.9
v 2.8 0.8 0.9
v -3.2 0.8 0.7
v -3.1 0.8 0.7
v 2.7 0.8 0.7
v 2.8 0.8 0.7
v -3.1 0.8 0.5
v -3 0.8 0.5
v 2.6 0.8 0.5
v 2.7 0.8 0.5
v -3.1 0.8 0.4
v -3 0.8 0.4
v -2.6 0.8 0.4
v -2.5 0.8 0.4
v 1.8 0.8 0.4
v 1.9 0.8 0.4
v 2.1 0.8 0.4
v 2.2 0.8 0.4
v 2.6 0.8 0.4
v 2.7 0.8 0.4
v -3 0.8 0.3
v -2.6 0.8 0.3
v -2.5 0.8 0.3
v 1.8 0.8 0.3
v 1.9 0.8 0.3
v 2.2 0.8 0.3
v 2.6 0.8 0.3
v -3 0.8 -0.1
v -2.6 0.8 -0.1
v -1.5 0.8 -0.1
v 2 0.8 -0.1
v 2.1 0.8 -0.1
v 2.2 0.8 -0.1
v 2.6 0.8 -0.1
v -3.1 0.8 -0.2
v -3 0.8 -0.2
v -2.6 0.8 -0.2
v -2.5 0.8 -0.2
v -1.5 0.8 -0.2
v 1.9 0.8 -0.2
v 2 0.8 -0.2
v 2.1 0.8 -0.2
v 2.2 0.8 -0.2
v 2.6 0.8 -0.2
v 2.7 0.8 -0.2
v -3.1 0.8 -0.3
v -3 0.8 -0.3
v 2.6 0.8 -0.3
v 2.7 0.8 -0.3
v -3.2 0.8 -0.5
v -3.1 0.8 -0.5
v 2.7 0.8 -0.5
v 2.8 0.8 -0.5
v -3.2 0.8 -0.7
v -3.1 0.8 -0.7
v 2.7 0.8 -0.7
v 2.8 0.8 -0.7
v -3.2 0.8 -1.2
v -3.1 0.8 -1.2
v 2.7 0.8 -1.2
v 2.8 0.8 -1.2
v -3.2 0.8 -1.4
v -3.1 0.8 -1.4
v 2.7 0.8 -1.4
v 2.8 0.8 -1.4
v -3.1 0.8 -1.6
v -3 0.8 -1.6
v 2.6 0.8 -1.6
v 2.7 0.8 -1.6
v -3.1 0.8 -1.7
v -3 0.8 -1.7
v -2.6 0.8 -1.7
v -2.5 0.8 -1.7
v -1.9 0.8 -1.7
v -1.7 0.8 -1.7
v 1.3 0.8 -1.7
v 1.5 0.8 -1.7
v 1.8 0.8 -1.7
v 1.9 0.8 -1.7
v 2.1 0.8 -1.7
v 2.2 0.8 -1.7
v 2.6 0.8 -1.7
v 2.7 0.8 -1.7
v -3 0.8 -1.8
v -2.6 0.8 -1.8
v -2.5 0.8 -1.8
v -1.9 0.8 -1.8
v -1.7 0.8 -1.8
v 1.3 0.8 -1.8
v 1.5 0.8 -1.8
v 1.8 0.8 -1.8
v 1.9 0.8 -1.8
v 2.2 0.8 -1.8
v 2.6 0.8 -1.8
v -1.9 0.8 -1.9
v -1.7 0.8 -1.9
v 1.3 0.8 -1.9
v 1.5 0.8 -1.9
v -1.9 0.8 -2
v -1.7 0.8 -2
v 1.3 0.8 -2
v 1.5 0.8 -2
v -1.9 0.9 2.3
v -1.7 0.9 2.3
v 1.3 0.9 2.3
v 1.5 0.9 2.3
v -1.9 0.9 2.2
v -1.7 0.9 2.2
v 1.3 0.9 2.2
v 1.5 0.9 2.2
v -3 0.9 2.1
v -2.6 0.9 2.1
v -2.5 0.9 2.1
v -1.9 0.9 2.1
v -1.7 0.9 2.1
v -1.6 0.9 2.1
v -1.5 0.9 2.1
v 1.3 0.9 2.1
v 1.5 0.9 2.1
v 2 0.9 2.1
v 2.1 0.9 2.1
v 2.2 0.9 2.1
v 2.6 0.9 2.1
v -3.1 0.9 2
v -3 0.9 2
v -2.6 0.9 2
v -2.5 0.9 2
v -1.9 0.9 2
v -1.7 0.9 2
v -1.6 0.9 2
v -1.5 0.9 2
v 1.3 0.9 2
v 1.5 0.9 2
v 2 0.9 2
v 2.1 0.9 2
v 2.2 0.9 2
v 2.6 0.9 2
v 2.7 0.9 2
v -3.1 0.9 1.9
v -3 0.9 1.9
v 2.6 0.9 1.9
v 2.7 0.9 1.9
v -3.2 0.9 1.7
v -3.1 0.9 1.7
v 2.7 0.9 1.7
v 2.8 0.9 1.7
v -3.2 0.9 1.6
v -3.1 0.9 1.6
v 2.7 0.9 1.6
v 2.8 0.9 1.6
v -3.3 0.9 1.4
v -3.2 0.9 1.4
v 2.8 0.9 1.4
v 2.9 0.9 1.4
v 2.8 0.9 1.3
v 2.9 0.9 1.3
v -3.3 0.9 1.2
v -3.2 0.9 1.2
v 2.8 0.9 1.2
v 2.9 0.9 1.2
v -3.3 0.9 1.1
v -3.2 0.9 1.1
v -3.3 0.9 0.9
v -3.2 0.9 0.9
v 2.8 0.9 0.9
v 2.9 0.9 0.9
v -3.2 0.9 0.7
v -3.1 0.9 0.7
v 2.7 0.9 0.7
v 2.8 0.9 0.7
v -3.2 0.9 0.6
v -3.1 0.9 0.6
v 2.7 0.9 0.6
v 2.8 0.9 0.6
v -3.1 0.9 0.4
v -3 0.9 0.4
v 2.6 0.9 0.4
v 2.7 0.9 0.4
v -3.1 0.9 0.3
v -3 0.9 0.3
v -2.6 0.9 0.3
v -2.5 0.9 0.3
v 1.7 0.9 0.3
v 1.8 0.9 0.3
v 1.9 0.9 0.3
v 2 0.9 0.3
v 2.1 0.9 0.3
v 2.2 0.9 0.3
v 2.6 0.9 0.3
v 2.7 0.9 0.3
v -3 0.9 0.2
v -2.6 0.9 0.2
v -2.5 0.9 0.2
v 1.7 0.9 0.2
v 1.8 0.9 0.2
v 2 0.9 0.2
v 2.1 0.9 0.2
v 2.2 0.9 0.2
v 2.6 0.9 0.2
v -3 0.9 0
v -2.6 0.9 0
v -2.5 0.9 0
v -1.6 0.9 0
v -1.5 0.9 0
v 2 0.9 0
v 2.1 0.9 0
v 2.2 0.9 0
v 2.6 0.9 0
v -3.1 0.9 -0.1
v -3 0.9 -0.1
v -2.6 0.9 -0.1
v -2.5 0.9 -0.1
v -1.6 0.9 -0.1
v -1.5 0.9 -0.1
v 2 0.9 -0.1
v 2.1 0.9 -0.1
v 2.2 0.9 -0.1
v 2.6 0.9 -0.1
v 2.7 0.9 -0.1
v -3.1 0.9 -0.2
v -3 0.9 -0.2
v 2.6 0.9 -0.2
v 2.7 0.9 -0.2
v -3.2 0.9 -0.4
v -3.1 0.9 -0.4
v 2.7 0.9 -0.4
v 2.8 0.9 -0.4
v -3.2 0.9 -0.5
v -3.1 0.9 -0.5
v 2.7 0.9 -0.5
v 2.8 0.9 -0.5
v -3.3 0.9 -0.7
v -3.2 0.9 -0.7
v 2.8 0.9 -0.7
v 2.9 0.9 -0.7
v 2.8 0.9 -0.8
v 2.9 0.9 -0.8
v -3.3 0.9 -0.9
v -3.2 0.9 -0.9
v 2.8 0.9 -0.9
v 2.9 0.9 -0.9
v -3.3 0.9 -1
v -3.2 0.9 -1
v -3.3 0.9 -1.2
v -3.2 0.9 -1.2
v 2.8 0.9 -1.2
v 2.9 0.9 -1.2
v -3.2 0.9 -1.4
v -3.1 0.9 -1.4
v 2.7 0.9 -1.4
v 2.8 0.9 -1.4
v -3.2 0.9 -1.5
v -3.1 0.9 -1.5
v 2.7 0.9 -1.5
v 2.8 0.9 -1.5
v -3.1 0.9 -1.7
v -3 0.9 -1.7
v 2.6 0.9 -1.7
v 2.7 0.9 -1.7
v -3.1 0.9 -1.8
v -3 0.9 -1.8
v -2.6 0.9 -1.8
v -2.5 0.9 -1.8
v -1.9 0.9 -1.8
v -1.7 0.9 -1.8
v 1.3 0.9 -1.8
v 1.5 0.9 -1.8
v 1.7 0.9 -1.8
v 1.8 0.9 -1.8
v 1.9 0.9 -1.8
v 2 0.9 -1.8
v 2.1 0.9 -1.8
v 2.2 0.9 -1.8
v 2.6 0.9 -1.8
v 2.7 0.9 -1.8
v -3 0.9 -1.9
v -2.6 0.9 -1.9
v -2.5 0.9 -1.9
v -1.9 0.9 -1.9
v -1.7 0.9 -1.9
v 1.3 0.9 -1.9
v 1.5 0.9 -1.9
v 1.7 0.9 -1.9
v 1.8 0.9 -1.9
v 2 0.9 -1.9
v 2.1 0.9 -1.9
v 2.2 0.9 -1.9
v 2.6 0.9 -1.9
v -3.2 1 1.8
v -3.1 1 1.8
v 2.7 1 1.8
v 2.8 1 1.8
v -3.2 1 1.7
v -3.1 1 1.7
v 2.7 1 1.7
v 2.8 1 1.7
v -3.3 1 1.5
v -3.2 1 1.5
v 2.8 1 1.5
v 2.9 1 1.5
v -3.3 1 1.4
v -3.2 1 1.4
v 2.8 1 1.4
v 2.9 1 1.4
v -3.3 1 0.9
v -3.2 1 0.9
v 2.8 1 0.9
v 2.9 1 0.9
v -3.3 1 0.8
v -3.2 1 0.8
v 2.8 1 0.8
v 2.9 1 0.8
v -3.2 1 0.6
v -3.1 1 0.6
v 2.7 1 0.6
v 2.8 1 0.6
v -3.2 1 0.5
v -3.1 1 0.5
v 2.7 1 0.5
v 2.8 1 0.5
v -3.2 1 -0.3
v -3.1 1 -0.3
v 2.7 1 -0.3
v 2.8 1 -0.3
v -3.2 1 -0.4
v -3.1 1 -0.4
v 2.7 1 -0.4
v 2.8 1 -0.4
v -3.3 1 -0.6
v -3.2 1 -0.6
v 2.8 1 -0.6
v 2.9 1 -0.6
v -3.3 1 -0.7
v -3.2 1 -0.7
v 2.8 1 -0.7
v 2.9 1 -0.7
v -3.3 1 -1.2
v -3.2 1 -1.2
v 2.8 1 -1.2
v 2.9 1 -1.2
v -3.3 1 -1.3
v -3.2 1 -1.3
v 2.8 1 -1.3
v 2.9 1 -1.3
v -3.2 1 -1.5
v -3.1 1 -1.5
v 2.7 1 -1.5
v 2.8 1 -1.5
v -3.2 1 -1.6
v -3.1 1 -1.6
v 2.7 1 -1.6
v 2.8 1 -1.6
v -1.9 1 -2
v -1.7 1 -2
v 1.3 1 -2
v 1.5 1 -2
v -1.9 1 -2.1
v -1.7 1 -2.1
v 1.3 1 -2.1
v 1.5 1 -2.1
v -1.9 1.1 2.4
v -1.7 1.1 2.4
v 1.3 1.1 2.4
v 1.5 1.1 2.4
v -1.9 1.1 2.3
v -1.7 1.1 2.3
v 1.3 1.1 2.3
v 1.5 1.1 2.3
v -3 1.1 2.2
v -2.6 1.1 2.2
v -2.5 1.1 2.2
v -2.4 1.1 2.2
v -1.9 1.1 2.2
v -1.7 1.1 2.2
v -1.6 1.1 2.2
v -1.5 1.1 2.2
v 1.3 1.1 2.2
v 1.5 1.1 2.2
v 2 1.1 2.2
v 2.1 1.1 2.2
v 2.2 1.1 2.2
v 2.6 1.1 2.2
v -3.1 1.1 2.1
v -3 1.1 2.1
v -2.6 1.1 2.1
v -2.5 1.1 2.1
v -2.4 1.1 2.1
v -1.9 1.1 2.1
v -1.7 1.1 2.1
v -1.6 1.1 2.1
v -1.5 1.1 2.1
v 1.3 1.1 2.1
v 1.5 1.1 2.1
v 2 1.1 2.1
v 2.1 1.1 2.1
v 2.2 1.1 2.1
v 2.6 1.1 2.1
v 2.7 1.1 2.1
v -3.1 1.1 2
v -3 1.1 2
v 2.6 1.1 2
v 2.7 1.1 2
v -3.3 1.1 1.6
v -3.2 1.1 1.6
v 2.8 1.1 1.6
v 2.9 1.1 1.6
v -3.3 1.1 1.5
v -3.2 1.1 1.5
v 2.8 1.1 1.5
v 2.9 1.1 1.5
v -3.3 1.1 0.8
v -3.2 1.1 0.8
v 2.8 1.1 0.8
v 2.9 1.1 0.8
v -3.3 1.1 0.7
v -3.2 1.1 0.7
v 2.8 1.1 0.7
v 2.9 1.1 0.7
v -3.1 1.1 0.3
v -3 1.1 0.3
v 2.6 1.1 0.3
v 2.7 1.1 0.3
v -3.1 1.1 0.2
v -3 1.1 0.2
v -2.6 1.1 0.2
v -2.5 1.1 0.2
v 1.7 1.1 0.2
v 1.8 1.1 0.2
v 1.9 1.1 0.2
v 2.1 1.1 0.2
v 2.2 1.1 0.2
v 2.6 1.1 0.2
v 2.7 1.1 0.2
v -2.5 1.1 0.0999999
v -2.4 1.1 0.0999999
v -1.7 1.1 0.0999999
v -1.6 1.1 0.0999999
v -1.5 1.1 0.0999999
v 1.7 1.1 0.0999999
v 1.8 1.1 0.0999999
v 1.9 1.1 0.0999999
v 2 1.1 0.0999999
v 2.1 1.1 0.0999999
v -3.1 1.1 0
v -3 1.1 0
v -2.6 1.1 0
v -2.5 1.1 0
v -2.4 1.1 0
v -1.7 1.1 0
v -1.6 1.1 0
v -1.5 1.1 0
v 2 1.1 0
v 2.1 1.1 0
v 2.2 1.1 0
v 2.6 1.1 0
v 2.7 1.1 0
v -3.1 1.1 -0.1
v -3 1.1 -0.1
v 2.6 1.1 -0.1
v 2.7 1.1 -0.1
v -3.3 1.1 -0.5
v -3.2 1.1 -0.5
v 2.8 1.1 -0.5
v 2.9 1.1 -0.5
v -3.3 1.1 -0.6
v -3.2 1.1 -0.6
v 2.8 1.1 -0.6
v 2.9 1.1 -0.6
v -3.3 1.1 -1.3
v -3.2 1.1 -1.3
v 2.8 1.1 -1.3
v 2.9 1.1 -1.3
v -3.3 1.1 -1.4
v -3.2 1.1 -1.4
v 2.8 1.1 -1.4
v 2.9 1.1 -1.4
v -3.1 1.1 -1.8
v -3 1.1 -1.8
v 2.6 1.1 -1.8
v 2.7 1.1 -1.8
v -3.1 1.1 -1.9
v -3 1.1 -1.9
v -2.6 1.1 -1.9
v -2.5 1.1 -1.9
v -1.9 1.1 -1.9
v -1.7 1.1 -1.9
v 1.3 1.1 -1.9
v 1.5 1.1 -1.9
v 1.7 1.1 -1.9
v 1.8 1.1 -1.9
v 1.9 1.1 -1.9
v 2.1 1.1 -1.9
v 2.2 1.1 -1.9
v 2.6 1.1 -1.9
v 2.7 1.1 -1.9
v -3 1.1 -2
v -2.6 1.1 -2
v -2.5 1.1 -2
v -1.9 1.1 -2
v -1.7 1.1 -2
v 1.3 1.1 -2
v 1.5 1.1 -2
v 1.7 1.1 -2
v 1.8 1.1 -2
v 1.9 1.1 -2
v 2.1 1.1 -2
v 2.2 1.1 -2
v 2.6 1.1 -2
v -1.9 1.1 -2.1
v -1.7 1.1 -2.1
v 1.3 1.1 -2.1
v 1.5 1.1 -2.1
v -1.9 1.1 -2.2
v -1.7 1.1 -2.2
v 1.3 1.1 -2.2
v 1.5 1.1 -2.2
v -3.2 1.2 1.9
v -3.1 1.2 1.9
v 2.7 1.2 1.9
v 2.8 1.2 1.9
v -3.2 1.2 1.8
v -3.1 1.2 1.8
v 2.7 1.2 1.8
v 2.8 1.2 1.8
v -3.3 1.2 1.7
v -3.2 1.2 1.7
v 2.8 1.2 1.7
v 2.9 1.2 1.7
v -3.3 1.2 1.6
v -3.2 1.2 1.6
v 2.8 1.2 1.6
v 2.9 1.2 1.6
v -3.3 1.2 0.7
v -3.2 1.2 0.7
v 2.8 1.2 0.7
v 2.9 1.2 0.7
v -3.3 1.2 0.6
v -3.2 1.2 0.6
v 2.8 1.2 0.6
v 2.9 1.2 0.6
v -3.2 1.2 0.5
v -3.1 1.2 0.5
v 2.7 1.2 0.5
v 2.8 1.2 0.5
v -3.2 1.2 0.4
v -3.1 1.2 0.4
v 2.7 1.2 0.4
v 2.8 1.2 0.4
v -3.2 1.2 -0.2
v -3.1 1.2 -0.2
v 2.7 1.2 -0.2
v 2.8 1.2 -0.2
v -3.2 1.2 -0.3
v -3.1 1.2 -0.3
v 2.7 1.2 -0.3
v 2.8 1.2 -0.3
v -3.3 1.2 -0.4
v -3.2 1.2 -0.4
v 2.8 1.2 -0.4
v 2.9 1.2 -0.4
v -3.3 1.2 -0.5
v -3.2 1.2 -0.5
v 2.8 1.2 -0.5
v 2.9 1.2 -0.5
v -3.3 1.2 -1.4
v -3.2 1.2 -1.4
v 2.8 1.2 -1.4
v 2.9 1.2 -1.4
v -3.3 1.2 -1.5
v -3.2 1.2 -1.5
v 2.8 1.2 -1.5
v 2.9 1.2 -1.5
v -3.2 1.2 -1.6
v -3.1 1.2 -1.6
v 2.7 1.2 -1.6
v 2.8 1.2 -1.6
v -3.2 1.2 -1.7
v -3.1 1.2 -1.7
v 2.7 1.2 -1.7
v 2.8 1.2 -1.7
v -3 2.1 0.3
v -2.8 2.1 0.3
v -2.6 2.1 0.3
v -2.5 2.1 0.3
v -1.5 2.1 0.3
v -1.3 2.1 0.3
v 1.9 2.1 0.3
v 2 2.1 0.3
v 2.1 2.1 0.3
v 2.2 2.1 0.3
v 2.6 2.1 0.3
v -3 2.1 0.2
v -2.8 2.1 0.2
v 2.2 2.1 0.2
v 2.6 2.1 0.2
v -3 2.1 0.0999999
v -2.6 2.1 0.0999999
v 2.2 2.1 0.0999999
v 2.6 2.1 0.0999999
v -3 2.1 -0.1
v -2.6 2.1 -0.1
v -2.5 2.1 -0.1
v -1.5 2.1 -0.1
v -1.3 2.1 -0.1
v 2 2.1 -0.1
v 2.1 2.1 -0.1
v 2.2 2.1 -0.1
v 2.6 2.1 -0.1
v -3.1 2.2 0.5
v -3 2.2 0.5
v 2.6 2.2 0.5
v 2.7 2.2 0.5
v -3.1 2.2 0.2
v -3 2.2 0.2
v 2.6 2.2 0.2
v 2.7 2.2 0.2
v -3.1 2.2 0.0999999
v -3 2.2 0.0999999
v 2.6 2.2 0.0999999
v 2.7 2.2 0.0999999
v -3.1 2.2 -0.2
v -3 2.2 -0.2
v 2.6 2.2 -0.2
v 2.7 2.2 -0.2
v -3.1 2.3 0.6
v -3 2.3 0.6
v 2.6 2.3 0.6
v 2.7 2.3 0.6
v -3.1 2.3 0.5
v -3 2.3 0.5
v 2.6 2.3 0.5
v 2.7 2.3 0.5
v -3.1 2.3 -0.2
v -3 2.3 -0.2
v 2.6 2.3 -0.2
v 2.7 2.3 -0.2
v -3.1 2.3 -0.4
v -3 2.3 -0.4
v 2.6 2.3 -0.4
v 2.7 2.3 -0.4
v -3.1 2.4 0.8
v -3 2.4 0.8
v 2.6 2.4 0.8
v 2.7 2.4 0.8
v -3.1 2.4 0.7
v -3 2.4 0.7
v 2.6 2.4 0.7
v 2.7 2.4 0.7
v -3.2 2.4 0.4
v -3.1 2.4 0.4
v 2.7 2.4 0.4
v 2.8 2.4 0.4
v 2.7 2.4 0.3
v 2.8 2.4 0.3
v -3.2 2.4 0.2
v -3.1 2.4 0.2
v 2.7 2.4 0.2
v -3.2 2.4 0.0999999
v -3.1 2.4 0.0999999
v 2.7 2.4 0.0999999
v 2.8 2.4 0.0999999
v -3.2 2.4 -0.1
v -3.1 2.4 -0.1
v 2.7 2.4 -0.1
v 2.8 2.4 -0.1
v -3.1 2.4 -0.4
v -3 2.4 -0.4
v 2.6 2.4 -0.4
v 2.7 2.4 -0.4
v -3.1 2.4 -0.5
v -3 2.4 -0.5
v 2.6 2.4 -0.5
v 2.7 2.4 -0.5
v -1.9 2.5 1.7
v -1.7 2.5 1.7
v 1.3 2.5 1.7
v 1.5 2.5 1.7
v -1.9 2.5 1.6
v -1.7 2.5 1.6
v 1.3 2.5 1.6
v 1.5 2.5 1.6
v -3.1 2.5 0.9
v -3 2.5 0.9
v 2.6 2.5 0.9
v 2.7 2.5 0.9
v -3.1 2.5 0.8
v -3 2.5 0.8
v 2.6 2.5 0.8
v 2.7 2.5 0.8
v -3.2 2.5 0.6
v -3.1 2.5 0.6
v 2.7 2.5 0.6
v 2.8 2.5 0.6
v -3.2 2.5 0.4
v -3.1 2.5 0.4
v 2.7 2.5 0.4
v 2.8 2.5 0.4
v -3.2 2.5 -0.1
v -3.1 2.5 -0.1
v 2.7 2.5 -0.1
v 2.8 2.5 -0.1
v -3.2 2.5 -0.3
v -3.1 2.5 -0.3
v 2.7 2.5 -0.3
v 2.8 2.5 -0.3
v -3.1 2.5 -0.5
v -3 2.5 -0.5
v 2.6 2.5 -0.5
v 2.7 2.5 -0.5
v -3.1 2.5 -0.6
v -3 2.5 -0.6
v 2.6 2.5 -0.6
v 2.7 2.5 -0.6
v -1.9 2.5 -1.3
v -1.7 2.5 -1.3
v 1.3 2.5 -1.3
v 1.5 2.5 -1.3
v -1.9 2.5 -1.4
v -1.7 2.5 -1.4
v 1.3 2.5 -1.4
v 1.5 2.5 -1.4
v -3 2.6 1.1
v -2.6 2.6 1.1
v -2.5 2.6 1.1
v -1.6 2.6 1.1
v -1.5 2.6 1.1
v 2 2.6 1.1
v 2.1 2.6 1.1
v 2.2 2.6 1.1
v 2.6 2.6 1.1
v -3.1 2.6 1
v -3 2.6 1
v -2.6 2.6 1
v -2.5 2.6 1
v -1.6 2.6 1
v -1.5 2.6 1
v 2 2.6 1
v 2.1 2.6 1
v 2.2 2.6 1
v 2.6 2.6 1
v 2.7 2.6 1
v -3.1 2.6 0.9
v -3 2.6 0.9
v 2.6 2.6 0.9
v 2.7 2.6 0.9
v -3.2 2.6 0.7
v -3.1 2.6 0.7
v 2.7 2.6 0.7
v 2.8 2.6 0.7
v -3.2 2.6 0.6
v -3.1 2.6 0.6
v 2.7 2.6 0.6
v 2.8 2.6 0.6
v -3.3 2.6 0.4
v -3.2 2.6 0.4
v 2.8 2.6 0.4
v 2.9 2.6 0.4
v 2.8 2.6 0.3
v 2.9 2.6 0.3
v -3.3 2.6 0.2
v -3.2 2.6 0.2
v 2.8 2.6 0.2
v 2.9 2.6 0.2
v -3.3 2.6 0.0999999
v -3.2 2.6 0.0999999
v -3.3 2.6 -0.1
v -3.2 2.6 -0.1
v 2.8 2.6 -0.1
v 2.9 2.6 -0.1
v -3.2 2.6 -0.3
v -3.1 2.6 -0.3
v 2.7 2.6 -0.3
v 2.8 2.6 -0.3
v -3.2 2.6 -0.4
v -3.1 2.6 -0.4
v 2.7 2.6 -0.4
v 2.8 2.6 -0.4
v -3.1 2.6 -0.6
v -3 2.6 -0.6
v 2.6 2.6 -0.6
v 2.7 2.6 -0.6
v -3.1 2.6 -0.7
v -3 2.6 -0.7
v -2.6 2.6 -0.7
v -2.5 2.6 -0.7
v 1.7 2.6 -0.7
v 1.8 2.6 -0.7
v 1.9 2.6 -0.7
v 2 2.6 -0.7
v 2.1 2.6 -0.7
v 2.2 2.6 -0.7
v 2.6 2.6 -0.7
v 2.7 2.6 -0.7
v -3 2.6 -0.8
v -2.6 2.6 -0.8
v -2.5 2.6 -0.8
v 1.7 2.6 -0.8
v 1.8 2.6 -0.8
v 2 2.6 -0.8
v 2.1 2.6 -0.8
v 2.2 2.6 -0.8
v 2.6 2.6 -0.8
v -1.9 2.7 1.6
v -1.7 2.7 1.6
v 1.3 2.7 1.6
v 1.5 2.7 1.6
v -1.9 2.7 1.5
v -1.7 2.7 1.5
v 1.3 2.7 1.5
v 1.5 2.7 1.5
v -3.2 2.7 0.8
v -3.1 2.7 0.8
v 2.7 2.7 0.8
v 2.8 2.7 0.8
v -3.2 2.7 0.7
v -3.1 2.7 0.7
v 2.7 2.7 0.7
v 2.8 2.7 0.7
v -3.3 2.7 0.5
v -3.2 2.7 0.5
v 2.8 2.7 0.5
v 2.9 2.7 0.5
v -3.3 2.7 0.4
v -3.2 2.7 0.4
v 2.8 2.7 0.4
v 2.9 2.7 0.4
v -3.3 2.7 -0.1
v -3.2 2.7 -0.1
v 2.8 2.7 -0.1
v 2.9 2.7 -0.1
v -3.3 2.7 -0.2
v -3.2 2.7 -0.2
v 2.8 2.7 -0.2
v 2.9 2.7 -0.2
v -3.2 2.7 -0.4
v -3.1 2.7 -0.4
v 2.7 2.7 -0.4
v 2.8 2.7 -0.4
v -3.2 2.7 -0.5
v -3.1 2.7 -0.5
v 2.7 2.7 -0.5
v 2.8 2.7 -0.5
v -1.9 2.7 -1.2
v -1.7 2.7 -1.2
v 1.3 2.7 -1.2
v 1.5 2.7 -1.2
v -1.9 2.7 -1.3
v -1.7 2.7 -1.3
v 1.3 2.7 -1.3
v 1.5 2.7 -1.3
v -3 2.8 1.2
v -2.6 2.8 1.2
v -2.5 2.8 1.2
v -2.4 2.8 1.2
v -1.7 2.8 1.2
v -1.6 2.8 1.2
v -1.5 2.8 1.2
v 2 2.8 1.2
v 2.1 2.8 1.2
v 2.2 2.8 1.2
v 2.6 2.8 1.2
v -3.1 2.8 1.1
v -3 2.8 1.1
v -2.6 2.8 1.1
v -2.5 2.8 1.1
v -2.4 2.8 1.1
v -1.7 2.8 1.1
v -1.6 2.8 1.1
v -1.5 2.8 1.1
v 2 2.8 1.1
v 2.1 2.8 1.1
v 2.2 2.8 1.1
v 2.6 2.8 1.1
v 2.7 2.8 1.1
v -3.1 2.8 1
v -3 2.8 1
v 2.6 2.8 1
v 2.7 2.8 1
v -3.3 2.8 0.6
v -3.2 2.8 0.6
v 2.8 2.8 0.6
v 2.9 2.8 0.6
v -3.3 2.8 0.5
v -3.2 2.8 0.5
v 2.8 2.8 0.5
v 2.9 2.8 0.5
v -3.3 2.8 -0.2
v -3.2 2.8 -0.2
v 2.8 2.8 -0.2
v 2.9 2.8 -0.2
v -3.3 2.8 -0.3
v -3.2 2.8 -0.3
v 2.8 2.8 -0.3
v 2.9 2.8 -0.3
v -3.1 2.8 -0.7
v -3 2.8 -0.7
v 2.6 2.8 -0.7
v 2.7 2.8 -0.7
v -3.1 2.8 -0.8
v -3 2.8 -0.8
v -2.6 2.8 -0.8
v -2.5 2.8 -0.8
v 1.7 2.8 -0.8
v 1.8 2.8 -0.8
v 1.9 2.8 -0.8
v 2.1 2.8 -0.8
v 2.2 2.8 -0.8
v 2.6 2.8 -0.8
v 2.7 2.8 -0.8
v -3 2.8 -0.9
v -2.6 2.8 -0.9
v -2.5 2.8 -0.9
v 1.7 2.8 -0.9
v 1.8 2.8 -0.9
v 1.9 2.8 -0.9
v 2.1 2.8 -0.9
v 2.2 2.8 -0.9
v 2.6 2.8 -0.9
v -1.9 2.9 1.5
v -1.7 2.9 1.5
v 1.3 2.9 1.5
v 1.5 2.9 1.5
v -1.9 2.9 1.4
v -1.7 2.9 1.4
v 1.3 2.9 1.4
v 1.5 2.9 1.4
v -3.2 2.9 0.9
v -3.1 2.9 0.9
v 2.7 2.9 0.9
v 2.8 2.9 0.9
v -3.2 2.9 0.8
v -3.1 2.9 0.8
v 2.7 2.9 0.8
v 2.8 2.9 0.8
v -3.3 2.9 0.7
v -3.2 2.9 0.7
v 2.8 2.9 0.7
v 2.9 2.9 0.7
v -3.3 2.9 0.6
v -3.2 2.9 0.6
v 2.8 2.9 0.6
v 2.9 2.9 0.6
v -3.3 2.9 -0.3
v -3.2 2.9 -0.3
v 2.8 2.9 -0.3
v 2.9 2.9 -0.3
v -3.3 2.9 -0.4
v -3.2 2.9 -0.4
v 2.8 2.9 -0.4
v 2.9 2.9 -0.4
v -3.2 2.9 -0.5
v -3.1 2.9 -0.5
v 2.7 2.9 -0.5
v 2.8 2.9 -0.5
v -3.2 2.9 -0.6
v -3.1 2.9 -0.6
v 2.7 2.9 -0.6
v 2.8 2.9 -0.6
v -1.9 2.9 -1.1
v -1.7 2.9 -1.1
v 1.3 2.9 -1.1
v 1.5 2.9 -1.1
v -1.9 2.9 -1.2
v -1.7 2.9 -1.2
v 1.3 2.9 -1.2
v 1.5 2.9 -1.2
v -1.9 3.1 1.4
v -1.7 3.1 1.4
v 1.3 3.1 1.4
v 1.5 3.1 1.4
v -1.9 3.1 1.3
v -1.7 3.1 1.3
v 1.3 3.1 1.3
v 1.5 3.1 1.3
v -1.9 3.1 -1
v -1.7 3.1 -1
v 1.3 3.1 -1
v 1.5 3.1 -1
v -1.9 3.1 -1.1
v -1.7 3.1 -1.1
v 1.3 3.1 -1.1
v 1.5 3.1 -1.1
v -1.9 3.3 1.3
v -1.7 3.3 1.3
v 1.3 3.3 1.3
v 1.5 3.3 1.3
v -1.9 3.3 1.2
v -1.7 3.3 1.2
v 1.3 3.3 1.2
v 1.5 3.3 1.2
v -1.9 3.3 -0.9
v -1.7 3.3 -0.9
v 1.3 3.3 -0.9
v 1.5 3.3 -0.9
v -1.9 3.3 -1
v -1.7 3.3 -1
v 1.3 3.3 -1
v 1.5 3.3 -1
v -1.9 0.4 0.8
v -1.7 0.4 0.8
v 1.3 0.4 0.8
v 1.5 0.4 0.8
v -1.9 0.4 -0.6
v -1.7 0.4 -0.6
v 1.3 0.4 -0.6
v 1.5 0.4 -0.6
v -3.2 1.7 1.9
v -3.1 1.7 1.9
v 2.7 1.7 1.9
v 2.8 1.7 1.9
v -3.2 1.7 1.8
v -3.1 1.7 1.8
v 2.7 1.7 1.8
v 2.8 1.7 1.8
v -3.3 1.7 1.7
v -3.2 1.7 1.7
v 2.8 1.7 1.7
v 2.9 1.7 1.7
v -3.3 1.7 1.6
v -3.2 1.7 1.6
v 2.8 1.7 1.6
v 2.9 1.7 1.6
v -3.3 1.7 0.7
v -3.2 1.7 0.7
v 2.8 1.7 0.7
v 2.9 1.7 0.7
v -3.3 1.7 0.6
v -3.2 1.7 0.6
v 2.8 1.7 0.6
v 2.9 1.7 0.6
v -3.2 1.7 0.5
v -3.1 1.7 0.5
v 2.7 1.7 0.5
v 2.8 1.7 0.5
v -3.2 1.7 0.4
v -3.1 1.7 0.4
v 2.7 1.7 0.4
v 2.8 1.7 0.4
v -3.2 1.7 -0.2
v -3.1 1.7 -0.2
v 2.7 1.7 -0.2
v 2.8 1.7 -0.2
v -3.2 1.7 -0.3
v -3.1 1.7 -0.3
v 2.7 1.7 -0.3
v 2.8 1.7 -0.3
v -3.3 1.7 -0.4
v -3.2 1.7 -0.4
v 2.8 1.7 -0.4
v 2.9 1.7 -0.4
v -3.3 1.7 -0.5
v -3.2 1.7 -0.5
v 2.8 1.7 -0.5
v 2.9 1.7 -0.5
v -3.3 1.7 -1.4
v -3.2 1.7 -1.4
v 2.8 1.7 -1.4
v 2.9 1.7 -1.4
v -3.3 1.7 -1.5
v -3.2 1.7 -1.5
v 2.8 1.7 -1.5
v 2.9 1.7 -1.5
v -3.2 1.7 -1.6
v -3.1 1.7 -1.6
v 2.7 1.7 -1.6
v 2.8 1.7 -1.6
v -3.2 1.7 -1.7
v -3.1 1.7 -1.7
v 2.7 1.7 -1.7
v 2.8 1.7 -1.7
v -1.9 1.8 2.4
v -1.7 1.8 2.4
v 1.3 1.8 2.4
v 1.5 1.8 2.4
v -1.9 1.8 2.3
v -1.7 1.8 2.3
v 1.3 1.8 2.3
v 1.5 1.8 2.3
v -3 1.8 2.2
v -2.6 1.8 2.2
v -2.5 1.8 2.2
v -2.4 1.8 2.2
v -1.9 1.8 2.2
v -1.7 1.8 2.2
v -1.6 1.8 2.2
v -1.5 1.8 2.2
v -1.3 1.8 2.2
v 1.3 1.8 2.2
v 1.5 1.8 2.2
v 2 1.8 2.2
v 2.1 1.8 2.2
v 2.2 1.8 2.2
v 2.6 1.8 2.2
v -3.1 1.8 2.1
v -3 1.8 2.1
v -2.6 1.8 2.1
v -2.5 1.8 2.1
v -2.4 1.8 2.1
v -1.9 1.8 2.1
v -1.7 1.8 2.1
v -1.6 1.8 2.1
v -1.5 1.8 2.1
v -1.3 1.8 2.1
v 1.3 1.8 2.1
v 1.5 1.8 2.1
v 2 1.8 2.1
v 2.1 1.8 2.1
v 2.2 1.8 2.1
v 2.6 1.8 2.1
v 2.7 1.8 2.1
v -3.1 1.8 2
v -3 1.8 2
v 2.6 1.8 2
v 2.7 1.8 2
v -3.3 1.8 1.6
v -3.2 1.8 1.6
v 2.8 1.8 1.6
v 2.9 1.8 1.6
v -3.3 1.8 1.5
v -3.2 1.8 1.5
v 2.8 1.8 1.5
v 2.9 1.8 1.5
v -3.3 1.8 0.8
v -3.2 1.8 0.8
v 2.8 1.8 0.8
v 2.9 1.8 0.8
v -3.3 1.8 0.7
v -3.2 1.8 0.7
v 2.8 1.8 0.7
v 2.9 1.8 0.7
v -3.1 1.8 0.3
v -3 1.8 0.3
v 2.6 1.8 0.3
v 2.7 1.8 0.3
v -3.1 1.8 0.2
v -3 1.8 0.2
v -2.6 1.8 0.2
v -2.5 1.8 0.2
v -1.5 1.8 0.2
v -1.3 1.8 0.2
v -1.2 1.8 0.2
v 1.7 1.8 0.2
v 1.8 1.8 0.2
v 1.9 1.8 0.2
v 2 1.8 0.2
v 2.1 1.8 0.2
v 2.2 1.8 0.2
v 2.6 1.8 0.2
v 2.7 1.8 0.2
v -2.5 1.8 0.0999999
v -2.4 1.8 0.0999999
v -1.7 1.8 0.0999999
v -1.6 1.8 0.0999999
v -1.5 1.8 0.0999999
v -1.3 1.8 0.0999999
v -1.2 1.8 0.0999999
v 1.7 1.8 0.0999999
v 1.8 1.8 0.0999999
v 2 1.8 0.0999999
v 2.1 1.8 0.0999999
v -3.1 1.8 0
v -3 1.8 0
v -2.6 1.8 0
v -2.5 1.8 0
v -2.4 1.8 0
v -1.7 1.8 0
v -1.6 1.8 0
v -1.5 1.8 0
v -1.3 1.8 0
v 2 1.8 0
v 2.1 1.8 0
v 2.2 1.8 0
v 2.6 1.8 0
v 2.7 1.8 0
v -3.1 1.8 -0.1
v -3 1.8 -0.1
v 2.6 1.8 -0.1
v 2.7 1.8 -0.1
v -3.3 1.8 -0.5
v -3.2 1.8 -0.5
v 2.8 1.8 -0.5
v 2.9 1.8 -0.5
v -3.3 1.8 -0.6
v -3.2 1.8 -0.6
v 2.8 1.8 -0.6
v 2.9 1.8 -0.6
v -3.3 1.8 -1.3
v -3.2 1.8 -1.3
v 2.8 1.8 -1.3
v 2.9 1.8 -1.3
v -3.3 1.8 -1.4
v -3.2 1.8 -1.4
v 2.8 1.8 -1.4
v 2.9 1.8 -1.4
v -3.1 1.8 -1.8
v -3 1.8 -1.8
v 2.6 1.8 -1.8
v 2.7 1.8 -1.8
v -3.1 1.8 -1.9
v -3 1.8 -1.9
v -2.6 1.8 -1.9
v -2.5 1.8 -1.9
v -1.9 1.8 -1.9
v -1.7 1.8 -1.9
v -1.5 1.8 -1.9
v -1.3 1.8 -1.9
v -1.2 1.8 -1.9
v 1.3 1.8 -1.9
v 1.5 1.8 -1.9
v 1.7 1.8 -1.9
v 1.8 1.8 -1.9
v 1.9 1.8 -1.9
v 2 1.8 -1.9
v 2.1 1.8 -1.9
v 2.2 1.8 -1.9
v 2.6 1.8 -1.9
v 2.7 1.8 -1.9
v -3 1.8 -2
v -2.6 1.8 -2
v -2.5 1.8 -2
v -1.9 1.8 -2
v -1.7 1.8 -2
v -1.5 1.8 -2
v -1.2 1.8 -2
v 1.3 1.8 -2
v 1.5 1.8 -2
v 1.7 1.8 -2
v 1.8 1.8 -2
v 2 1.8 -2
v 2.1 1.8 -2
v 2.2 1.8 -2
v 2.6 1.8 -2
v -1.9 1.8 -2.1
v -1.7 1.8 -2.1
v 1.3 1.8 -2.1
v 1.5 1.8 -2.1
v -1.9 1.8 -2.2
v -1.7 1.8 -2.2
v 1.3 1.8 -2.2
v 1.5 1.8 -2.2
v -3.2 1.9 1.8
v -3.1 1.9 1.8
v 2.7 1.9 1.8
v 2.8 1.9 1.8
v -3.2 1.9 1.7
v -3.1 1.9 1.7
v 2.7 1.9 1.7
v 2.8 1.9 1.7
v -3.3 1.9 1.5
v -3.2 1.9 1.5
v 2.8 1.9 1.5
v 2.9 1.9 1.5
v -3.3 1.9 1.4
v -3.2 1.9 1.4
v 2.8 1.9 1.4
v 2.9 1.9 1.4
v -3.3 1.9 0.9
v -3.2 1.9 0.9
v 2.8 1.9 0.9
v 2.9 1.9 0.9
v -3.3 1.9 0.8
v -3.2 1.9 0.8
v 2.8 1.9 0.8
v 2.9 1.9 0.8
v -3.2 1.9 0.6
v -3.1 1.9 0.6
v 2.7 1.9 0.6
v 2.8 1.9 0.6
v -3.2 1.9 0.5
v -3.1 1.9 0.5
v 2.7 1.9 0.5
v 2.8 1.9 0.5
v -3.2 1.9 -0.3
v -3.1 1.9 -0.3
v 2.7 1.9 -0.3
v 2.8 1.9 -0.3
v -3.2 1.9 -0.4
v -3.1 1.9 -0.4
v 2.7 1.9 -0.4
v 2.8 1.9 -0.4
v -3.3 1.9 -0.6
v -3.2 1.9 -0.6
v 2.8 1.9 -0.6
v 2.9 1.9 -0.6
v -3.3 1.9 -0.7
v -3.2 1.9 -0.7
v 2.8 1.9 -0.7
v 2.9 1.9 -0.7
v -3.3 1.9 -1.2
v -3.2 1.9 -1.2
v 2.8 1.9 -1.2
v 2.9 1.9 -1.2
v -3.3 1.9 -1.3
v -3.2 1.9 -1.3
v 2.8 1.9 -1.3
v 2.9 1.9 -1.3
v -3.2 1.9 -1.5
v -3.1 1.9 -1.5
v 2.7 1.9 -1.5
v 2.8 1.9 -1.5
v -3.2 1.9 -1.6
v -3.1 1.9 -1.6
v 2.7 1.9 -1.6
v 2.8 1.9 -1.6
v -1.9 2 2.3
v -1.7 2 2.3
v 1.3 2 2.3
v 1.5 2 2.3
v -1.9 2 2.2
v -1.7 2 2.2
v 1.3 2 2.2
v 1.5 2 2.2
v -3 2 2.1
v -2.6 2 2.1
v -1.9 2 2.1
v -1.7 2 2.1
v -1.5 2 2.1
v -1.3 2 2.1
v 1.3 2 2.1
v 1.5 2 2.1
v 2 2 2.1
v 2.1 2 2.1
v 2.2 2 2.1
v 2.6 2 2.1
v -3.1 2 2
v -3 2 2
v -2.6 2 2
v -2.5 2 2
v -1.9 2 2
v -1.7 2 2
v -1.5 2 2
v -1.3 2 2
v 1.3 2 2
v 1.5 2 2
v 2 2 2
v 2.1 2 2
v 2.2 2 2
v 2.6 2 2
v 2.7 2 2
v -3.1 2 1.9
v -3 2 1.9
v 2.6 2 1.9
v 2.7 2 1.9
v -3.2 2 1.7
v -3.1 2 1.7
v 2.7 2 1.7
v 2.8 2 1.7
v -3.2 2 1.6
v -3.1 2 1.6
v 2.7 2 1.6
v 2.8 2 1.6
v -3.3 2 1.4
v -3.2 2 1.4
v 2.8 2 1.4
v 2.9 2 1.4
v -3.3 2 1.2
v -3.2 2 1.2
v 2.8 2 1.2
v 2.9 2 1.2
v -3.3 2 1.1
v -3.2 2 1.1
v 2.8 2 1.1
v 2.9 2 1.1
v -3.3 2 0.9
v -3.2 2 0.9
v 2.8 2 0.9
v 2.9 2 0.9
v -3.2 2 0.7
v -3.1 2 0.7
v 2.7 2 0.7
v 2.8 2 0.7
v -3.2 2 0.6
v -3.1 2 0.6
v 2.7 2 0.6
v 2.8 2 0.6
v -3.1 2 0.4
v -3 2 0.4
v 2.6 2 0.4
v 2.7 2 0.4
v -3.1 2 0.3
v -3 2 0.3
v -2.6 2 0.3
v -2.5 2 0.3
v -1.5 2 0.3
v -1.3 2 0.3
v 1.9 2 0.3
v 2.1 2 0.3
v 2.2 2 0.3
v 2.6 2 0.3
v 2.7 2 0.3
v -3 2 0.2
v -2.6 2 0.2
v -2.5 2 0.2
v -1.5 2 0.2
v -1.3 2 0.2
v 1.9 2 0.2
v 2.2 2 0.2
v 2.6 2 0.2
v -3 2 0
v -2.6 2 0
v -1.5 2 0
v -1.3 2 0
v 2 2 0
v 2.1 2 0
v 2.2 2 0
v 2.6 2 0
v -3.1 2 -0.1
v -3 2 -0.1
v -2.6 2 -0.1
v -2.5 2 -0.1
v -1.5 2 -0.1
v -1.3 2 -0.1
v 2 2 -0.1
v 2.1 2 -0.1
v 2.2 2 -0.1
v 2.6 2 -0.1
v 2.7 2 -0.1
v -3.1 2 -0.2
v -3 2 -0.2
v 2.6 2 -0.2
v 2.7 2 -0.2
v -3.2 2 -0.4
v -3.1 2 -0.4
v 2.7 2 -0.4
v 2.8 2 -0.4
v -3.2 2 -0.5
v -3.1 2 -0.5
v 2.7 2 -0.5
v 2.8 2 -0.5
v -3.3 2 -0.7
v -3.2 2 -0.7
v 2.8 2 -0.7
v 2.9 2 -0.7
v -3.3 2 -0.9
v -3.2 2 -0.9
v 2.8 2 -0.9
v 2.9 2 -0.9
v -3.3 2 -1
v -3.2 2 -1
v 2.8 2 -1
v 2.9 2 -1
v -3.3 2 -1.2
v -3.2 2 -1.2
v 2.8 2 -1.2
v 2.9 2 -1.2
v -3.2 2 -1.4
v -3.1 2 -1.4
v 2.7 2 -1.4
v 2.8 2 -1.4
v -3.2 2 -1.5
v -3.1 2 -1.5
v 2.7 2 -1.5
v 2.8 2 -1.5
v -3.1 2 -1.7
v -3 2 -1.7
v 2.6 2 -1.7
v 2.7 2 -1.7
v -3.1 2 -1.8
v -3 2 -1.8
v -2.6 2 -1.8
v -2.5 2 -1.8
v -1.9 2 -1.8
v -1.7 2 -1.8
v -1.5 2 -1.8
v -1.3 2 -1.8
v 1.3 2 -1.8
v 1.5 2 -1.8
v 1.9 2 -1.8
v 2.1 2 -1.8
v 2.2 2 -1.8
v 2.6 2 -1.8
v 2.7 2 -1.8
v -3 2 -1.9
v -2.6 2 -1.9
v -2.5 2 -1.9
v -1.9 2 -1.9
v -1.7 2 -1.9
v -1.5 2 -1.9
v -1.3 2 -1.9
v 1.3 2 -1.9
v 1.5 2 -1.9
v 1.9 2 -1.9
v 2.2 2 -1.9
v 2.6 2 -1.9
v -1.9 2 -2.1
v -1.7 2 -2.1
v 1.3 2 -2.1
v 1.5 2 -2.1
v -1.9 2.1 2.2
v -1.7 2.1 2.2
v 1.3 2.1 2.2
v 1.5 2.1 2.2
v -1.9 2.1 2.1
v -1.7 2.1 2.1
v 1.3 2.1 2.1
v 1.5 2.1 2.1
v -3 2.1 2
v -2.6 2.1 2
v -2.5 2.1 2
v -1.9 2.1 2
v -1.7 2.1 2
v -1.5 2.1 2
v -1.3 2.1 2
v 1.3 2.1 2
v 1.5 2.1 2
v 2 2.1 2
v 2.1 2.1 2
v 2.2 2.1 2
v 2.6 2.1 2
v -3.1 2.1 1.9
v -3 2.1 1.9
v -2.6 2.1 1.9
v -2.5 2.1 1.9
v -1.9 2.1 1.9
v -1.7 2.1 1.9
v -1.5 2.1 1.9
v -1.3 2.1 1.9
v 1.3 2.1 1.9
v 1.5 2.1 1.9
v 2 2.1 1.9
v 2.1 2.1 1.9
v 2.2 2.1 1.9
v 2.6 2.1 1.9
v 2.7 2.1 1.9
v -3.1 2.1 1.8
v -3 2.1 1.8
v 2.6 2.1 1.8
v 2.7 2.1 1.8
v -3.2 2.1 1.6
v -3.1 2.1 1.6
v 2.7 2.1 1.6
v 2.8 2.1 1.6
v -3.2 2.1 1.4
v -3.1 2.1 1.4
v 2.7 2.1 1.4
v 2.8 2.1 1.4
v -3.2 2.1 0.9
v -3.1 2.1 0.9
v 2.7 2.1 0.9
v 2.8 2.1 0.9
v -3.2 2.1 0.7
v -3.1 2.1 0.7
v 2.7 2.1 0.7
v 2.8 2.1 0.7
v -3.1 2.1 0.5
v -3 2.1 0.5
v 2.6 2.1 0.5
v 2.7 2.1 0.5
v -3.1 2.1 0.4
v -3 2.1 0.4
v 2.6 2.1 0.4
v 2.7 2.1 0.4
v -3.1 2.1 -0.2
v -3 2.1 -0.2
v 2.6 2.1 -0.2
v 2.7 2.1 -0.2
v -3.1 2.1 -0.3
v -3 2.1 -0.3
v 2.6 2.1 -0.3
v 2.7 2.1 -0.3
v -3.2 2.1 -0.5
v -3.1 2.1 -0.5
v 2.7 2.1 -0.5
v 2.8 2.1 -0.5
v -3.2 2.1 -0.7
v -3.1 2.1 -0.7
v 2.7 2.1 -0.7
v 2.8 2.1 -0.7
v -3.2 2.1 -1.2
v -3.1 2.1 -1.2
v 2.7 2.1 -1.2
v 2.8 2.1 -1.2
v -3.2 2.1 -1.4
v -3.1 2.1 -1.4
v 2.7 2.1 -1.4
v 2.8 2.1 -1.4
v -3.1 2.1 -1.6
v -3 2.1 -1.6
v 2.6 2.1 -1.6
v 2.7 2.1 -1.6
v -3.1 2.1 -1.7
v -3 2.1 -1.7
v -2.6 2.1 -1.7
v -2.5 2.1 -1.7
v -1.9 2.1 -1.7
v -1.7 2.1 -1.7
v -1.5 2.1 -1.7
v -1.3 2.1 -1.7
v 1.3 2.1 -1.7
v 1.5 2.1 -1.7
v 1.9 2.1 -1.7
v 2 2.1 -1.7
v 2.1 2.1 -1.7
v 2.2 2.1 -1.7
v 2.6 2.1 -1.7
v 2.7 2.1 -1.7
v -3 2.1 -1.8
v -2.6 2.1 -1.8
v -2.5 2.1 -1.8
v -1.9 2.1 -1.8
v -1.7 2.1 -1.8
v -1.5 2.1 -1.8
v -1.3 2.1 -1.8
v 1.3 2.1 -1.8
v 1.5 2.1 -1.8
v 1.9 2.1 -1.8
v 2.1 2.1 -1.8
v 2.2 2.1 -1.8
v 2.6 2.1 -1.8
v -1.9 2.2 2.1
v -1.7 2.2 2.1
v 1.3 2.2 2.1
v 1.5 2.2 2.1
v -1.9 2.2 2
v -1.7 2.2 2
v 1.3 2.2 2
v 1.5 2.2 2
v -3 2.2 1.9
v -2.6 2.2 1.9
v -1.9 2.2 1.9
v -1.7 2.2 1.9
v -1.5 2.2 1.9
v -1.3 2.2 1.9
v 1.3 2.2 1.9
v 1.5 2.2 1.9
v 2 2.2 1.9
v 2.1 2.2 1.9
v 2.2 2.2 1.9
v 2.6 2.2 1.9
v -3.1 2.2 1.8
v -3 2.2 1.8
v -2.6 2.2 1.8
v -2.5 2.2 1.8
v -1.9 2.2 1.8
v -1.7 2.2 1.8
v -1.6 2.2 1.8
v -1.5 2.2 1.8
v -1.3 2.2 1.8
v 1.3 2.2 1.8
v 1.5 2.2 1.8
v 2 2.2 1.8
v 2.1 2.2 1.8
v 2.2 2.2 1.8
v 2.6 2.2 1.8
v 2.7 2.2 1.8
v -3.1 2.2 1.7
v -3 2.2 1.7
v 2.6 2.2 1.7
v 2.7 2.2 1.7
v -3.2 2.2 1.4
v -3.1 2.2 1.4
v 2.7 2.2 1.4
v 2.8 2.2 1.4
v -3.2 2.2 1.2
v -3.1 2.2 1.2
v 2.7 2.2 1.2
v 2.8 2.2 1.2
v -3.2 2.2 1.1
v -3.1 2.2 1.1
v 2.7 2.2 1.1
v 2.8 2.2 1.1
v -3.2 2.2 0.9
v -3.1 2.2 0.9
v 2.7 2.2 0.9
v 2.8 2.2 0.9
v -3.1 2.2 0.6
v -3 2.2 0.6
v 2.6 2.2 0.6
v 2.7 2.2 0.6
v -3.1 2.2 0.5
v -3 2.2 0.5
v 2.6 2.2 0.5
v 2.7 2.2 0.5
v -3.1 2.2 -0.3
v -3 2.2 -0.3
v 2.6 2.2 -0.3
v 2.7 2.2 -0.3
v -3.1 2.2 -0.4
v -3 2.2 -0.4
v 2.6 2.2 -0.4
v 2.7 2.2 -0.4
v -3.2 2.2 -0.7
v -3.1 2.2 -0.7
v 2.7 2.2 -0.7
v 2.8 2.2 -0.7
v -3.2 2.2 -0.9
v -3.1 2.2 -0.9
v 2.7 2.2 -0.9
v 2.8 2.2 -0.9
v -3.2 2.2 -1
v -3.1 2.2 -1
v 2.7 2.2 -1
v 2.8 2.2 -1
v -3.2 2.2 -1.2
v -3.1 2.2 -1.2
v 2.7 2.2 -1.2
v 2.8 2.2 -1.2
v -3.1 2.2 -1.5
v -3 2.2 -1.5
v 2.6 2.2 -1.5
v 2.7 2.2 -1.5
v -3.1 2.2 -1.6
v -3 2.2 -1.6
v -2.6 2.2 -1.6
v -2.5 2.2 -1.6
v -1.9 2.2 -1.6
v -1.7 2.2 -1.6
v -1.5 2.2 -1.6
v -1.3 2.2 -1.6
v 1.3 2.2 -1.6
v 1.5 2.2 -1.6
v 2 2.2 -1.6
v 2.1 2.2 -1.6
v 2.2 2.2 -1.6
v 2.6 2.2 -1.6
v 2.7 2.2 -1.6
v -3 2.2 -1.7
v -2.6 2.2 -1.7
v -2.5 2.2 -1.7
v -1.9 2.2 -1.7
v -1.7 2.2 -1.7
v -1.5 2.2 -1.7
v -1.3 2.2 -1.7
v 1.3 2.2 -1.7
v 1.5 2.2 -1.7
v 2 2.2 -1.7
v 2.1 2.2 -1.7
v 2.2 2.2 -1.7
v 2.6 2.2 -1.7
v -1.9 2.2 -1.8
v -1.7 2.2 -1.8
v 1.3 2.2 -1.8
v 1.5 2.2 -1.8
v -1.9 2.2 -1.9
v -1.7 2.2 -1.9
v 1.3 2.2 -1.9
v 1.5 2.2 -1.9
v -1.9 2.3 2
v -1.7 2.3 2
v 1.3 2.3 2
v 1.5 2.3 2
v -1.9 2.3 1.9
v -1.7 2.3 1.9
v 1.3 2.3 1.9
v 1.5 2.3 1.9
v -3 2.3 1.8
v -2.6 2.3 1.8
v -2.5 2.3 1.8
v -1.9 2.3 1.8
v -1.7 2.3 1.8
v -1.6 2.3 1.8
v -1.5 2.3 1.8
v -1.3 2.3 1.8
v 1.3 2.3 1.8
v 1.5 2.3 1.8
v 2 2.3 1.8
v 2.1 2.3 1.8
v 2.2 2.3 1.8
v 2.6 2.3 1.8
v -3.1 2.3 1.7
v -3 2.3 1.7
v -2.6 2.3 1.7
v -2.5 2.3 1.7
v -2.4 2.3 1.7
v -1.9 2.3 1.7
v -1.7 2.3 1.7
v -1.6 2.3 1.7
v -1.5 2.3 1.7
v -1.3 2.3 1.7
v 1.3 2.3 1.7
v 1.5 2.3 1.7
v 2 2.3 1.7
v 2.1 2.3 1.7
v 2.2 2.3 1.7
v 2.6 2.3 1.7
v 2.7 2.3 1.7
v -3.1 2.3 1.5
v -3 2.3 1.5
v 2.6 2.3 1.5
v 2.7 2.3 1.5
v -3.1 2.3 0.8
v -3 2.3 0.8
v 2.6 2.3 0.8
v 2.7 2.3 0.8
v -3.1 2.3 0.7
v -3 2.3 0.7
v 2.6 2.3 0.7
v 2.7 2.3 0.7
v -3.1 2.3 -0.4
v -3 2.3 -0.4
v 2.6 2.3 -0.4
v 2.7 2.3 -0.4
v -3.1 2.3 -0.6
v -3 2.3 -0.6
v 2.6 2.3 -0.6
v 2.7 2.3 -0.6
v -3.1 2.3 -1.3
v -3 2.3 -1.3
v 2.6 2.3 -1.3
v 2.7 2.3 -1.3
v -3.1 2.3 -1.5
v -3 2.3 -1.5
v -2.6 2.3 -1.5
v -2.5 2.3 -1.5
v -1.9 2.3 -1.5
v -1.7 2.3 -1.5
v -1.5 2.3 -1.5
v -1.3 2.3 -1.5
v 1.3 2.3 -1.5
v 1.5 2.3 -1.5
v 2 2.3 -1.5
v 2.1 2.3 -1.5
v 2.2 2.3 -1.5
v 2.6 2.3 -1.5
v 2.7 2.3 -1.5
v -3 2.3 -1.6
v -2.6 2.3 -1.6
v -2.5 2.3 -1.6
v -1.9 2.3 -1.6
v -1.7 2.3 -1.6
v -1.5 2.3 -1.6
v -1.3 2.3 -1.6
v 1.3 2.3 -1.6
v 1.5 2.3 -1.6
v 2 2.3 -1.6
v 2.1 2.3 -1.6
v 2.2 2.3 -1.6
v 2.6 2.3 -1.6
v -1.9 2.3 -1.7
v -1.7 2.3 -1.7
v 1.3 2.3 -1.7
v 1.5 2.3 -1.7
v -1.9 2.3 -1.8
v -1.7 2.3 -1.8
v 1.3 2.3 -1.8
v 1.5 2.3 -1.8
v -3 2.4 1.7
v -2.6 2.4 1.7
v -2.5 2.4 1.7
v -2.4 2.4 1.7
v -1.9 2.4 1.7
v -1.7 2.4 1.7
v -1.6 2.4 1.7
v -1.5 2.4 1.7
v -1.3 2.4 1.7
v 1.3 2.4 1.7
v 1.5 2.4 1.7
v 2 2.4 1.7
v 2.1 2.4 1.7
v 2.2 2.4 1.7
v 2.6 2.4 1.7
v -3.1 2.4 1.5
v -3 2.4 1.5
v -2.6 2.4 1.5
v -2.5 2.4 1.5
v -2.4 2.4 1.5
v -1.7 2.4 1.5
v -1.6 2.4 1.5
v -1.5 2.4 1.5
v -1.3 2.4 1.5
v 1.9 2.4 1.5
v 2 2.4 1.5
v 2.1 2.4 1.5
v 2.2 2.4 1.5
v 2.6 2.4 1.5
v 2.7 2.4 1.5
v -3.1 2.4 1.2
v -3 2.4 1.2
v 2.6 2.4 1.2
v 2.7 2.4 1.2
v -3.1 2.4 1.1
v -3 2.4 1.1
v 2.6 2.4 1.1
v 2.7 2.4 1.1
v -3.1 2.4 0.8
v -3 2.4 0.8
v 2.6 2.4 0.8
v 2.7 2.4 0.8
v -3.1 2.4 -0.6
v -3 2.4 -0.6
v 2.6 2.4 -0.6
v 2.7 2.4 -0.6
v -3.1 2.4 -0.9
v -3 2.4 -0.9
v 2.6 2.4 -0.9
v 2.7 2.4 -0.9
v -3.1 2.4 -1
v -3 2.4 -1
v 2.6 2.4 -1
v 2.7 2.4 -1
v -3.1 2.4 -1.3
v -3 2.4 -1.3
v -2.6 2.4 -1.3
v -2.5 2.4 -1.3
v -1.5 2.4 -1.3
v -1.3 2.4 -1.3
v 1.8 2.4 -1.3
v 1.9 2.4 -1.3
v 2.1 2.4 -1.3
v 2.2 2.4 -1.3
v 2.6 2.4 -1.3
v 2.7 2.4 -1.3
v -1.9 2.4 -1.4
v -1.7 2.4 -1.4
v 1.3 2.4 -1.4
v 1.5 2.4 -1.4
v 1.8 2.4 -1.4
v 2 2.4 -1.4
v -3 2.4 -1.5
v -2.6 2.4 -1.5
v -2.5 2.4 -1.5
v -1.9 2.4 -1.5
v -1.7 2.4 -1.5
v -1.5 2.4 -1.5
v -1.3 2.4 -1.5
v 1.3 2.4 -1.5
v 1.5 2.4 -1.5
v 2 2.4 -1.5
v 2.1 2.4 -1.5
v 2.2 2.4 -1.5
v 2.6 2.4 -1.5
v -1.9 2.4 -1.6
v -1.7 2.4 -1.6
v 1.3 2.4 -1.6
v 1.5 2.4 -1.6
v -1.9 2.4 -1.7
v -1.7 2.4 -1.7
v 1.3 2.4 -1.7
v 1.5 2.4 -1.7
v -1.9 2.5 1.9
v -1.7 2.5 1.9
v 1.3 2.5 1.9
v 1.5 2.5 1.9
v -1.9 2.5 1.8
v -1.7 2.5 1.8
v 1.3 2.5 1.8
v 1.5 2.5 1.8
v -3 2.5 1.5
v -2.6 2.5 1.5
v -2.5 2.5 1.5
v -2.4 2.5 1.5
v -1.7 2.5 1.5
v -1.6 2.5 1.5
v -1.5 2.5 1.5
v -1.3 2.5 1.5
v 1.9 2.5 1.5
v 2 2.5 1.5
v 2.2 2.5 1.5
v 2.6 2.5 1.5
v -1.8 2.5 1.4
v -1.7 2.5 1.4
v -1.9 2.5 1.3
v -1.8 2.5 1.3
v -3 2.5 1.2
v -2.6 2.5 1.2
v -2.5 2.5 1.2
v -2.4 2.5 1.2
v -1.9 2.5 1.2
v -1.6 2.5 1.2
v 2.2 2.5 1.2
v 2.6 2.5 1.2
v -3 2.5 1.1
v -2.6 2.5 1.1
v -2.2 2.5 1.1
v -1.5 2.5 1.1
v 2.2 2.5 1.1
v 2.6 2.5 1.1
v -3 2.5 1
v -2.6 2.5 1
v -2.2 2.5 1
v -1.5 2.5 1
v -1.3 2.5 1
v 1.9 2.5 1
v 2 2.5 1
v 2.1 2.5 1
v 2.2 2.5 1
v 2.6 2.5 1
v -3 2.5 -0.7
v -2.6 2.5 -0.7
v -2.5 2.5 -0.7
v -2.4 2.5 -0.7
v -1.8 2.5 -0.7
v -1.6 2.5 -0.7
v -1.5 2.5 -0.7
v -1.3 2.5 -0.7
v 1.8 2.5 -0.7
v 1.9 2.5 -0.7
v 2 2.5 -0.7
v 2.2 2.5 -0.7
v 2.6 2.5 -0.7
v -1.9 2.5 -0.8
v -1.8 2.5 -0.8
v -3 2.5 -0.9
v -2.6 2.5 -0.9
v -2.5 2.5 -0.9
v -2.4 2.5 -0.9
v -1.9 2.5 -0.9
v -1.6 2.5 -0.9
v 2.2 2.5 -0.9
v 2.6 2.5 -0.9
v -3 2.5 -1
v -2.6 2.5 -1
v -2.2 2.5 -1
v -1.5 2.5 -1
v 2.2 2.5 -1
v 2.6 2.5 -1
v -2.5 2.5 -1.1
v -2.2 2.5 -1.1
v 1.8 2.5 -1.1
v 1.9 2.5 -1.1
v 2 2.5 -1.1
v -3 2.5 -1.3
v -2.6 2.5 -1.3
v -2.5 2.5 -1.3
v -1.9 2.5 -1.3
v -1.7 2.5 -1.3
v -1.5 2.5 -1.3
v -1.3 2.5 -1.3
v 1.3 2.5 -1.3
v 1.5 2.5 -1.3
v 1.8 2.5 -1.3
v 1.9 2.5 -1.3
v 2.2 2.5 -1.3
v 2.6 2.5 -1.3
v -1.9 2.5 -1.5
v -1.7 2.5 -1.5
v 1.3 2.5 -1.5
v 1.5 2.5 -1.5
v -1.9 2.5 -1.6
v -1.7 2.5 -1.6
v 1.3 2.5 -1.6
v 1.5 2.5 -1.6
v -1.9 2.7 1.8
v -1.7 2.7 1.8
v 1.3 2.7 1.8
v 1.5 2.7 1.8
v -1.9 2.7 1.7
v -1.7 2.7 1.7
v 1.3 2.7 1.7
v 1.5 2.7 1.7
v -1.9 2.7 -1.4
v -1.7 2.7 -1.4
v 1.3 2.7 -1.4
v 1.5 2.7 -1.4
v -1.9 2.7 -1.5
v -1.7 2.7 -1.5
v 1.3 2.7 -1.5
v 1.5 2.7 -1.5
v -1.9 2.9 1.7
v -1.7 2.9 1.7
v 1.3 2.9 1.7
v 1.5 2.9 1.7
v -1.9 2.9 1.6
v -1.7 2.9 1.6
v 1.3 2.9 1.6
v 1.5 2.9 1.6
v -1.9 2.9 -1.3
v -1.7 2.9 -1.3
v 1.3 2.9 -1.3
v 1.5 2.9 -1.3
v -1.9 2.9 -1.4
v -1.7 2.9 -1.4
v 1.3 2.9 -1.4
v 1.5 2.9 -1.4
v -1.9 3.1 1.6
v -1.7 3.1 1.6
v 1.3 3.1 1.6
v 1.5 3.1 1.6
v -1.9 3.1 1.5
v -1.7 3.1 1.5
v 1.3 3.1 1.5
v 1.5 3.1 1.5
v -1.9 3.1 -1.2
v -1.7 3.1 -1.2
v 1.3 3.1 -1.2
v 1.5 3.1 -1.2
v -1.9 3.1 -1.3
v -1.7 3.1 -1.3
v 1.3 3.1 -1.3
v 1.5 3.1 -1.3
v -1.9 3.3 1.5
v -1.7 3.3 1.5
v 1.3 3.3 1.5
v 1.5 3.3 1.5
v -1.9 3.3 1.4
v -1.7 3.3 1.4
v 1.3 3.3 1.4
v 1.5 3.3 1.4
v -1.9 3.3 -1.1
v -1.7 3.3 -1.1
v 1.3 3.3 -1.1
v 1.5 3.3 -1.1
v -1.9 3.3 -1.2
v -1.7 3.3 -1.2
v 1.3 3.3 -1.2
v 1.5 3.3 -1.2
v -3.2 3.4 0.9
v -3.1 3.4 0.9
v 2.7 3.4 0.9
v 2.8 3.4 0.9
v -3.2 3.4 0.8
v -3.1 3.4 0.8
v 2.7 3.4 0.8
v 2.8 3.4 0.8
v -3.3 3.4 0.7
v -3.2 3.4 0.7
v 2.8 3.4 0.7
v 2.9 3.4 0.7
v -3.3 3.4 0.6
v -3.2 3.4 0.6
v 2.8 3.4 0.6
v 2.9 3.4 0.6
v -3.3 3.4 -0.3
v -3.2 3.4 -0.3
v 2.8 3.4 -0.3
v 2.9 3.4 -0.3
v -3.3 3.4 -0.4
v -3.2 3.4 -0.4
v 2.8 3.4 -0.4
v 2.9 3.4 -0.4
v -3.2 3.4 -0.5
v -3.1 3.4 -0.5
v 2.7 3.4 -0.5
v 2.8 3.4 -0.5
v -3.2 3.4 -0.6
v -3.1 3.4 -0.6
v 2.7 3.4 -0.6
v 2.8 3.4 -0.6
v -3 3.5 1.2
v -2.6 3.5 1.2
v -2.5 3.5 1.2
v -2.4 3.5 1.2
v -1.9 3.5 1.2
v -1.7 3.5 1.2
v -1.6 3.5 1.2
v -1.5 3.5 1.2
v -1.3 3.5 1.2
v 1.3 3.5 1.2
v 1.5 3.5 1.2
v 2 3.5 1.2
v 2.1 3.5 1.2
v 2.2 3.5 1.2
v 2.6 3.5 1.2
v -3.1 3.5 1.1
v -3 3.5 1.1
v -2.6 3.5 1.1
v -2.5 3.5 1.1
v -2.4 3.5 1.1
v -1.9 3.5 1.1
v -1.7 3.5 1.1
v -1.6 3.5 1.1
v -1.5 3.5 1.1
v -1.3 3.5 1.1
v 1.3 3.5 1.1
v 1.5 3.5 1.1
v 2 3.5 1.1
v 2.1 3.5 1.1
v 2.2 3.5 1.1
v 2.6 3.5 1.1
v 2.7 3.5 1.1
v -3.1 3.5 1
v -3 3.5 1
v 2.6 3.5 1
v 2.7 3.5 1
v -3.3 3.5 0.6
v -3.2 3.5 0.6
v 2.8 3.5 0.6
v 2.9 3.5 0.6
v -3.3 3.5 0.5
v -3.2 3.5 0.5
v 2.8 3.5 0.5
v 2.9 3.5 0.5
v -3.3 3.5 -0.2
v -3.2 3.5 -0.2
v 2.8 3.5 -0.2
v 2.9 3.5 -0.2
v -3.3 3.5 -0.3
v -3.2 3.5 -0.3
v 2.8 3.5 -0.3
v 2.9 3.5 -0.3
v -3.1 3.5 -0.7
v -3 3.5 -0.7
v 2.6 3.5 -0.7
v 2.7 3.5 -0.7
v -3.1 3.5 -0.8
v -3 3.5 -0.8
v -2.6 3.5 -0.8
v -2.5 3.5 -0.8
v -1.9 3.5 -0.8
v -1.7 3.5 -0.8
v -1.5 3.5 -0.8
v -1.3 3.5 -0.8
v -1.2 3.5 -0.8
v 1.3 3.5 -0.8
v 1.5 3.5 -0.8
v 1.7 3.5 -0.8
v 1.8 3.5 -0.8
v 1.9 3.5 -0.8
v 2 3.5 -0.8
v 2.1 3.5 -0.8
v 2.2 3.5 -0.8
v 2.6 3.5 -0.8
v 2.7 3.5 -0.8
v -3 3.5 -0.9
v -2.6 3.5 -0.9
v -2.5 3.5 -0.9
v -1.9 3.5 -0.9
v -1.7 3.5 -0.9
v -1.5 3.5 -0.9
v -1.2 3.5 -0.9
v 1.3 3.5 -0.9
v 1.5 3.5 -0.9
v 1.7 3.5 -0.9
v 1.8 3.5 -0.9
v 2 3.5 -0.9
v 2.1 3.5 -0.9
v 2.2 3.5 -0.9
v 2.6 3.5 -0.9
v -1.9 3.6 1.4
v -1.7 3.6 1.4
v 1.3 3.6 1.4
v 1.5 3.6 1.4
v -1.9 3.6 1.3
v -1.7 3.6 1.3
v 1.3 3.6 1.3
v 1.5 3.6 1.3
v -3.2 3.6 0.8
v -3.1 3.6 0.8
v 2.7 3.6 0.8
v 2.8 3.6 0.8
v -3.2 3.6 0.7
v -3.1 3.6 0.7
v 2.7 3.6 0.7
v 2.8 3.6 0.7
v -3.3 3.6 0.5
v -3.2 3.6 0.5
v 2.8 3.6 0.5
v 2.9 3.6 0.5
v -3.3 3.6 0.4
v -3.2 3.6 0.4
v 2.8 3.6 0.4
v 2.9 3.6 0.4
v -3.3 3.6 -0.1
v -3.2 3.6 -0.1
v 2.8 3.6 -0.1
v 2.9 3.6 -0.1
v -3.3 3.6 -0.2
v -3.2 3.6 -0.2
v 2.8 3.6 -0.2
v 2.9 3.6 -0.2
v -3.2 3.6 -0.4
v -3.1 3.6 -0.4
v 2.7 3.6 -0.4
v 2.8 3.6 -0.4
v -3.2 3.6 -0.5
v -3.1 3.6 -0.5
v 2.7 3.6 -0.5
v 2.8 3.6 -0.5
v -1.9 3.6 -1
v -1.7 3.6 -1
v 1.3 3.6 -1
v 1.5 3.6 -1
v -1.9 3.6 -1.1
v -1.7 3.6 -1.1
v 1.3 3.6 -1.1
v 1.5 3.6 -1.1
v -1.9 3.7 1.3
v -1.7 3.7 1.3
v 1.3 3.7 1.3
v 1.5 3.7 1.3
v -1.9 3.7 1.2
v -1.7 3.7 1.2
v 1.3 3.7 1.2
v 1.5 3.7 1.2
v -3 3.7 1.1
v -2.6 3.7 1.1
v -1.9 3.7 1.1
v -1.7 3.7 1.1
v -1.5 3.7 1.1
v -1.3 3.7 1.1
v 1.3 3.7 1.1
v 1.5 3.7 1.1
v 2 3.7 1.1
v 2.1 3.7 1.1
v 2.2 3.7 1.1
v 2.6 3.7 1.1
v -3.1 3.7 1
v -3 3.7 1
v -2.6 3.7 1
v -2.5 3.7 1
v -1.9 3.7 1
v -1.7 3.7 1
v -1.5 3.7 1
v -1.3 3.7 1
v 1.3 3.7 1
v 1.5 3.7 1
v 2 3.7 1
v 2.1 3.7 1
v 2.2 3.7 1
v 2.6 3.7 1
v 2.7 3.7 1
v -3.1 3.7 0.9
v -3 3.7 0.9
v 2.6 3.7 0.9
v 2.7 3.7 0.9
v -3.2 3.7 0.7
v -3.1 3.7 0.7
v 2.7 3.7 0.7
v 2.8 3.7 0.7
v -3.2 3.7 0.6
v -3.1 3.7 0.6
v 2.7 3.7 0.6
v 2.8 3.7 0.6
v -3.3 3.7 0.4
v -3.2 3.7 0.4
v 2.8 3.7 0.4
v 2.9 3.7 0.4
v -3.3 3.7 0.2
v -3.2 3.7 0.2
v 2.8 3.7 0.2
v 2.9 3.7 0.2
v -3.3 3.7 0.0999999
v -3.2 3.7 0.0999999
v 2.8 3.7 0.0999999
v 2.9 3.7 0.0999999
v -3.3 3.7 -0.1
v -3.2 3.7 -0.1
v 2.8 3.7 -0.1
v 2.9 3.7 -0.1
v -3.2 3.7 -0.3
v -3.1 3.7 -0.3
v 2.7 3.7 -0.3
v 2.8 3.7 -0.3
v -3.2 3.7 -0.4
v -3.1 3.7 -0.4
v 2.7 3.7 -0.4
v 2.8 3.7 -0.4
v -3.1 3.7 -0.6
v -3 3.7 -0.6
v 2.6 3.7 -0.6
v 2.7 3.7 -0.6
v -3.1 3.7 -0.7
v -3 3.7 -0.7
v -2.6 3.7 -0.7
v -2.5 3.7 -0.7
v -1.9 3.7 -0.7
v -1.7 3.7 -0.7
v -1.5 3.7 -0.7
v -1.3 3.7 -0.7
v 1.3 3.7 -0.7
v 1.5 3.7 -0.7
v 1.9 3.7 -0.7
v 2.1 3.7 -0.7
v 2.2 3.7 -0.7
v 2.6 3.7 -0.7
v 2.7 3.7 -0.7
v -3 3.7 -0.8
v -2.6 3.7 -0.8
v -2.5 3.7 -0.8
v -1.9 3.7 -0.8
v -1.7 3.7 -0.8
v -1.5 3.7 -0.8
v -1.3 3.7 -0.8
v 1.3 3.7 -0.8
v 1.5 3.7 -0.8
v 1.9 3.7 -0.8
v 2.2 3.7 -0.8
v 2.6 3.7 -0.8
v -1.9 3.7 -0.9
v -1.7 3.7 -0.9
v 1.3 3.7 -0.9
v 1.5 3.7 -0.9
v -1.9 3.7 -1
v -1.7 3.7 -1
v 1.3 3.7 -1
v 1.5 3.7 -1
v -1.9 3.8 1.2
v -1.7 3.8 1.2
v 1.3 3.8 1.2
v 1.5 3.8 1.2
v -1.9 3.8 1.1
v -1.7 3.8 1.1
v 1.3 3.8 1.1
v 1.5 3.8 1.1
v -3 3.8 1
v -2.6 3.8 1
v -2.5 3.8 1
v -1.9 3.8 1
v -1.7 3.8 1
v -1.5 3.8 1
v -1.3 3.8 1
v 1.3 3.8 1
v 1.5 3.8 1
v 2 3.8 1
v 2.1 3.8 1
v 2.2 3.8 1
v 2.6 3.8 1
v -3.1 3.8 0.9
v -3 3.8 0.9
v -2.6 3.8 0.9
v -2.5 3.8 0.9
v -1.9 3.8 0.9
v -1.7 3.8 0.9
v -1.5 3.8 0.9
v -1.3 3.8 0.9
v 1.3 3.8 0.9
v 1.5 3.8 0.9
v 2 3.8 0.9
v 2.1 3.8 0.9
v 2.2 3.8 0.9
v 2.6 3.8 0.9
v 2.7 3.8 0.9
v -3.1 3.8 0.8
v -3 3.8 0.8
v 2.6 3.8 0.8
v 2.7 3.8 0.8
v -3.2 3.8 0.6
v -3.1 3.8 0.6
v 2.7 3.8 0.6
v 2.8 3.8 0.6
v -3.2 3.8 0.4
v -3.1 3.8 0.4
v 2.7 3.8 0.4
v 2.8 3.8 0.4
v -3.2 3.8 -0.1
v -3.1 3.8 -0.1
v 2.7 3.8 -0.1
v 2.8 3.8 -0.1
v -3.2 3.8 -0.3
v -3.1 3.8 -0.3
v 2.7 3.8 -0.3
v 2.8 3.8 -0.3
v -3.1 3.8 -0.5
v -3 3.8 -0.5
v 2.6 3.8 -0.5
v 2.7 3.8 -0.5
v -3.1 3.8 -0.6
v -3 3.8 -0.6
v -2.6 3.8 -0.6
v -2.5 3.8 -0.6
v -1.9 3.8 -0.6
v -1.7 3.8 -0.6
v -1.5 3.8 -0.6
v -1.3 3.8 -0.6
v 1.3 3.8 -0.6
v 1.5 3.8 -0.6
v 1.9 3.8 -0.6
v 2 3.8 -0.6
v 2.1 3.8 -0.6
v 2.2 3.8 -0.6
v 2.6 3.8 -0.6
v 2.7 3.8 -0.6
v -3 3.8 -0.7
v -2.6 3.8 -0.7
v -2.5 3.8 -0.7
v -1.9 3.8 -0.7
v -1.7 3.8 -0.7
v -1.5 3.8 -0.7
v -1.3 3.8 -0.7
v 1.3 3.8 -0.7
v 1.5 3.8 -0.7
v 1.9 3.8 -0.7
v 2.1 3.8 -0.7
v 2.2 3.8 -0.7
v 2.6 3.8 -0.7
v -1.9 3.8 -0.8
v -1.7 3.8 -0.8
v 1.3 3.8 -0.8
v 1.5 3.8 -0.8
v -1.9 3.8 -0.9
v -1.7 3.8 -0.9
v 1.3 3.8 -0.9
v 1.5 3.8 -0.9
v -1.9 3.9 1.1
v -1.7 3.9 1.1
v 1.3 3.9 1.1
v 1.5 3.9 1.1
v -1.9 3.9 1
v -1.7 3.9 1
v 1.3 3.9 1
v 1.5 3.9 1
v -3 3.9 0.9
v -2.6 3.9 0.9
v -1.9 3.9 0.9
v -1.7 3.9 0.9
v -1.5 3.9 0.9
v -1.3 3.9 0.9
v 1.3 3.9 0.9
v 1.5 3.9 0.9
v 2 3.9 0.9
v 2.1 3.9 0.9
v 2.2 3.9 0.9
v 2.6 3.9 0.9
v -3.1 3.9 0.8
v -3 3.9 0.8
v -2.6 3.9 0.8
v -2.5 3.9 0.8
v -1.9 3.9 0.8
v -1.7 3.9 0.8
v -1.6 3.9 0.8
v -1.5 3.9 0.8
v -1.3 3.9 0.8
v 1.3 3.9 0.8
v 1.5 3.9 0.8
v 2 3.9 0.8
v 2.1 3.9 0.8
v 2.2 3.9 0.8
v 2.6 3.9 0.8
v 2.7 3.9 0.8
v -3.1 3.9 0.7
v -3 3.9 0.7
v 2.6 3.9 0.7
v 2.7 3.9 0.7
v -3.2 3.9 0.4
v -3.1 3.9 0.4
v 2.7 3.9 0.4
v 2.8 3.9 0.4
v -3.2 3.9 0.2
v -3.1 3.9 0.2
v 2.7 3.9 0.2
v 2.8 3.9 0.2
v -3.2 3.9 0.0999999
v -3.1 3.9 0.0999999
v 2.7 3.9 0.0999999
v 2.8 3.9 0.0999999
v -3.2 3.9 -0.1
v -3.1 3.9 -0.1
v 2.7 3.9 -0.1
v 2.8 3.9 -0.1
v -3.1 3.9 -0.4
v -3 3.9 -0.4
v 2.6 3.9 -0.4
v 2.7 3.9 -0.4
v -3.1 3.9 -0.5
v -3 3.9 -0.5
v -2.6 3.9 -0.5
v -2.5 3.9 -0.5
v -1.9 3.9 -0.5
v -1.7 3.9 -0.5
v -1.5 3.9 -0.5
v -1.3 3.9 -0.5
v 1.3 3.9 -0.5
v 1.5 3.9 -0.5
v 2 3.9 -0.5
v 2.1 3.9 -0.5
v 2.2 3.9 -0.5
v 2.6 3.9 -0.5
v 2.7 3.9 -0.5
v -3 3.9 -0.6
v -2.6 3.9 -0.6
v -2.5 3.9 -0.6
v -1.9 3.9 -0.6
v -1.7 3.9 -0.6
v -1.5 3.9 -0.6
v -1.3 3.9 -0.6
v 1.3 3.9 -0.6
v 1.5 3.9 -0.6
v 2 3.9 -0.6
v 2.1 3.9 -0.6
v 2.2 3.9 -0.6
v 2.6 3.9 -0.6
v -1.9 3.9 -0.7
v -1.7 3.9 -0.7
v 1.3 3.9 -0.7
v 1.5 3.9 -0.7
v -1.9 3.9 -0.8
v -1.7 3.9 -0.8
v 1.3 3.9 -0.8
v 1.5 3.9 -0.8
v -1.9 4 1
v -1.7 4 1
v 1.3 4 1
v 1.5 4 1
v -1.9 4 0.9
v -1.7 4 0.9
v 1.3 4 0.9
v 1.5 4 0.9
v -3 4 0.8
v -2.6 4 0.8
v -2.5 4 0.8
v -1.9 4 0.8
v -1.7 4 0.8
v -1.6 4 0.8
v -1.5 4 0.8
v -1.3 4 0.8
v 1.3 4 0.8
v 1.5 4 0.8
v 2 4 0.8
v 2.1 4 0.8
v 2.2 4 0.8
v 2.6 4 0.8
v -3.1 4 0.7
v -3 4 0.7
v -2.6 4 0.7
v -2.5 4 0.7
v -2.4 4 0.7
v -1.9 4 0.7
v -1.7 4 0.7
v -1.6 4 0.7
v -1.5 4 0.7
v -1.3 4 0.7
v 1.3 4 0.7
v 1.5 4 0.7
v 2 4 0.7
v 2.1 4 0.7
v 2.2 4 0.7
v 2.6 4 0.7
v 2.7 4 0.7
v -3.1 4 0.5
v -3 4 0.5
v 2.6 4 0.5
v 2.7 4 0.5
v -3.1 4 -0.2
v -3 4 -0.2
v 2.6 4 -0.2
v 2.7 4 -0.2
v -3.1 4 -0.4
v -3 4 -0.4
v -2.6 4 -0.4
v -2.5 4 -0.4
v -1.9 4 -0.4
v -1.7 4 -0.4
v -1.5 4 -0.4
v -1.3 4 -0.4
v 1.3 4 -0.4
v 1.5 4 -0.4
v 2 4 -0.4
v 2.1 4 -0.4
v 2.2 4 -0.4
v 2.6 4 -0.4
v 2.7 4 -0.4
v -3 4 -0.5
v -2.6 4 -0.5
v -2.5 4 -0.5
v -1.9 4 -0.5
v -1.7 4 -0.5
v -1.5 4 -0.5
v -1.3 4 -0.5
v 1.3 4 -0.5
v 1.5 4 -0.5
v 2 4 -0.5
v 2.1 4 -0.5
v 2.2 4 -0.5
v 2.6 4 -0.5
v -1.9 4 -0.6
v -1.7 4 -0.6
v 1.3 4 -0.6
v 1.5 4 -0.6
v -1.9 4 -0.7
v -1.7 4 -0.7
v 1.3 4 -0.7
v 1.5 4 -0.7
v -1.9 4.1 0.9
v -1.7 4.1 0.9
v 1.3 4.1 0.9
v 1.5 4.1 0.9
v -1.9 4.1 0.8
v -1.7 4.1 0.8
v 1.3 4.1 0.8
v 1.5 4.1 0.8
v -3 4.1 0.7
v -2.6 4.1 0.7
v -2.5 4.1 0.7
v -2.4 4.1 0.7
v -1.9 4.1 0.7
v -1.7 4.1 0.7
v -1.6 4.1 0.7
v -1.5 4.1 0.7
v -1.3 4.1 0.7
v 1.3 4.1 0.7
v 1.5 4.1 0.7
v 2 4.1 0.7
v 2.1 4.1 0.7
v 2.2 4.1 0.7
v 2.6 4.1 0.7
v -3.1 4.1 0.5
v -3 4.1 0.5
v -2.6 4.1 0.5
v -2.5 4.1 0.5
v -2.4 4.1 0.5
v -1.9 4.1 0.5
v -1.7 4.1 0.5
v -1.6 4.1 0.5
v -1.5 4.1 0.5
v -1.3 4.1 0.5
v 1.3 4.1 0.5
v 1.5 4.1 0.5
v 1.9 4.1 0.5
v 2 4.1 0.5
v 2.1 4.1 0.5
v 2.2 4.1 0.5
v 2.6 4.1 0.5
v 2.7 4.1 0.5
v -3.1 4.1 0.2
v -3 4.1 0.2
v 2.6 4.1 0.2
v 2.7 4.1 0.2
v -3.1 4.1 0.0999999
v -3 4.1 0.0999999
v 2.6 4.1 0.0999999
v 2.7 4.1 0.0999999
v -3.1 4.1 -0.2
v -3 4.1 -0.2
v -2.6 4.1 -0.2
v -2.5 4.1 -0.2
v -1.9 4.1 -0.2
v -1.7 4.1 -0.2
v -1.5 4.1 -0.2
v -1.3 4.1 -0.2
v 1.3 4.1 -0.2
v 1.5 4.1 -0.2
v 1.8 4.1 -0.2
v 1.9 4.1 -0.2
v 2.1 4.1 -0.2
v 2.2 4.1 -0.2
v 2.6 4.1 -0.2
v 2.7 4.1 -0.2
v 1.8 4.1 -0.3
v 2 4.1 -0.3
v -3 4.1 -0.4
v -2.6 4.1 -0.4
v -2.5 4.1 -0.4
v -1.9 4.1 -0.4
v -1.7 4.1 -0.4
v -1.5 4.1 -0.4
v -1.3 4.1 -0.4
v 1.3 4.1 -0.4
v 1.5 4.1 -0.4
v 2 4.1 -0.4
v 2.1 4.1 -0.4
v 2.2 4.1 -0.4
v 2.6 4.1 -0.4
v -1.9 4.1 -0.5
v -1.7 4.1 -0.5
v 1.3 4.1 -0.5
v 1.5 4.1 -0.5
v -1.9 4.1 -0.6
v -1.7 4.1 -0.6
v 1.3 4.1 -0.6
v 1.5 4.1 -0.6
v -1.9 4.2 0.8
v -1.7 4.2 0.8
v 1.3 4.2 0.8
v 1.5 4.2 0.8
v -1.9 4.2 0.6
v -1.7 4.2 0.6
v 1.3 4.2 0.6
v 1.5 4.2 0.6
v -3 4.2 0.5
v -2.6 4.2 0.5
v -2.5 4.2 0.5
v -2.4 4.2 0.5
v -1.9 4.2 0.5
v -1.7 4.2 0.5
v -1.6 4.2 0.5
v -1.5 4.2 0.5
v -1.3 4.2 0.5
v 1.3 4.2 0.5
v 1.5 4.2 0.5
v 1.9 4.2 0.5
v 2 4.2 0.5
v 2.2 4.2 0.5
v 2.6 4.2 0.5
v -3 4.2 0.2
v -2.6 4.2 0.2
v -2.5 4.2 0.2
v -2.4 4.2 0.2
v -1.9 4.2 0.2
v -1.7 4.2 0.2
v -1.6 4.2 0.2
v 2.2 4.2 0.2
v 2.6 4.2 0.2
v -3 4.2 0.0999999
v -2.6 4.2 0.0999999
v -2.2 4.2 0.0999999
v -1.9 4.2 0.0999999
v -1.7 4.2 0.0999999
v -1.5 4.2 0.0999999
v 2.2 4.2 0.0999999
v 2.6 4.2 0.0999999
v -2.5 4.2 0
v -2.2 4.2 0
v 1.8 4.2 0
v 1.9 4.2 0
v 2 4.2 0
v -3 4.2 -0.2
v -2.6 4.2 -0.2
v -2.5 4.2 -0.2
v -1.9 4.2 -0.2
v -1.7 4.2 -0.2
v -1.5 4.2 -0.2
v -1.3 4.2 -0.2
v 1.3 4.2 -0.2
v 1.5 4.2 -0.2
v 1.8 4.2 -0.2
v 1.9 4.2 -0.2
v 2.2 4.2 -0.2
v 2.6 4.2 -0.2
v -1.9 4.2 -0.3
v -1.7 4.2 -0.3
v 1.3 4.2 -0.3
v 1.5 4.2 -0.3
v -1.9 4.2 -0.5
v -1.7 4.2 -0.5
v 1.3 4.2 -0.5
v 1.5 4.2 -0.5
v -1.9 4.3 0.6
v -1.7 4.3 0.6
v 1.3 4.3 0.6
v 1.5 4.3 0.6
v -1.9 4.3 -0.3
v -1.7 4.3 -0.3
v 1.3 4.3 -0.3
v 1.5 4.3 -0.3

# faces
f 10/5/1 2/5/1 1/5/1
f 11/5/1 4/5/1 3/5/1
f 14/5/1 6/5/1 5/5/1
f 15/5/1 8/5/1 7/5/1
f 18/5/1 10/5/1 9/5/1
f 19/4/1 3/4/1 2/4/1
f 19/5/1 2/5/1 10/5/1
f 19/5/1 10/5/1 18/5/1
f 20/5/1 12/5/1 11/5/1
f 20/4/1 3/4/1 19/4/1
f 20/5/1 11/5/1 3/5/1
f 21/5/1 12/5/1 20/5/1
f 24/5/1 14/5/1 13/5/1
f 25/4/1 7/4/1 6/4/1
f 25/5/1 6/5/1 14/5/1
f 25/5/1 14/5/1 24/5/1
f 26/5/1 16/5/1 15/5/1
f 26/4/1 7/4/1 25/4/1
f 26/5/1 15/5/1 7/5/1
f 27/5/1 16/5/1 26/5/1
f 30/5/1 18/5/1 17/5/1
f 31/2/1 19/2/1 18/2/1
f 32/4/1 20/4/1 19/4/1
f 32/2/1 19/2/1 31/2/1
f 33/2/1 21/2/1 20/2/1
f 33/4/1 20/4/1 32/4/1
f 34/2/1 21/2/1 33/2/1
f 35/5/1 22/5/1 21/5/1
f 38/5/1 24/5/1 23/5/1
f 39/2/1 25/2/1 24/2/1
f 40/4/1 26/4/1 25/4/1
f 40/2/1 25/2/1 39/2/1
f 41/2/1 27/2/1 26/2/1
f 41/4/1 26/4/1 40/4/1
f 42/2/1 27/2/1 41/2/1
f 43/5/1 28/5/1 27/5/1
f 45/5/1 30/5/1 29/5/1
f 46/2/1 31/2/1 18/2/1
f 46/5/1 30/5/1 45/5/1
f 46/5/1 18/5/1 30/5/1
f 47/3/1 32/3/1 31/3/1
f 47/2/1 31/2/1 46/2/1
f 47/3/1 33/3/1 32/3/1
f 47/3/1 34/3/1 33/3/1
f 48/2/1 21/2/1 34/2/1
f 48/3/1 34/3/1 47/3/1
f 49/5/1 36/5/1 35/5/1
f 49/2/1 21/2/1 48/2/1
f 49/5/1 35/5/1 21/5/1
f 50/5/1 36/5/1 49/5/1
f 51/5/1 38/5/1 37/5/1
f 52/2/1 39/2/1 24/2/1
f 52/5/1 38/5/1 51/5/1
f 52/5/1 24/5/1 38/5/1
f 53/3/1 40/3/1 39/3/1
f 53/2/1 39/2/1 52/2/1
f 53/3/1 42/3/1 41/3/1
f 53/3/1 41/3/1 40/3/1
f 54/2/1 27/2/1 42/2/1
f 54/3/1 42/3/1 53/3/1
f 55/5/1 44/5/1 43/5/1
f 55/2/1 27/2/1 54/2/1
f 55/5/1 43/5/1 27/5/1
f 56/5/1 44/5/1 55/5/1
f 57/4/1 47/4/1 46/4/1
f 57/4/1 46/4/1 45/4/1
f 58/4/1 47/4/1 57/4/1
f 59/3/1 48/3/1 47/3/1
f 59/4/1 47/4/1 58/4/1
f 60/4/1 50/4/1 49/4/1
f 60/3/1 48/3/1 59/3/1
f 60/4/1 49/4/1 48/4/1
f 61/4/1 50/4/1 60/4/1
f 62/4/1 50/4/1 61/4/1
f 63/4/1 53/4/1 52/4/1
f 63/4/1 52/4/1 51/4/1
f 64/4/1 53/4/1 63/4/1
f 65/3/1 54/3/1 53/3/1
f 65/4/1 53/4/1 64/4/1
f 66/4/1 56/4/1 55/4/1
f 66/3/1 54/3/1 65/3/1
f 66/4/1 55/4/1 54/4/1
f 67/4/1 56/4/1 66/4/1
f 68/4/1 56/4/1 67/4/1
f 69/5/1 58/5/1 57/5/1
f 70/5/1 58/5/1 69/5/1
f 71/2/1 59/2/1 58/2/1
f 71/3/1 60/3/1 59/3/1
f 72/3/1 60/3/1 71/3/1
f 73/3/1 60/3/1 72/3/1
f 74/2/1 61/2/1 60/2/1
f 74/3/1 60/3/1 73/3/1
f 75/5/1 62/5/1 61/5/1
f 76/5/1 62/5/1 75/5/1
f 77/5/1 64/5/1 63/5/1
f 78/5/1 64/5/1 77/5/1
f 79/2/1 65/2/1 64/2/1
f 79/3/1 66/3/1 65/3/1
f 80/3/1 66/3/1 79/3/1
f 81/3/1 66/3/1 80/3/1
f 82/2/1 67/2/1 66/2/1
f 82/3/1 66/3/1 81/3/1
f 83/5/1 68/5/1 67/5/1
f 84/5/1 68/5/1 83/5/1
f 85/5/1 58/5/1 70/5/1
f 86/2/1 71/2/1 58/2/1
f 86/5/1 58/5/1 85/5/1
f 86/2/1 72/2/1 71/2/1
f 87/4/1 73/4/1 72/4/1
f 87/2/1 72/2/1 86/2/1
f 88/2/1 74/2/1 73/2/1
f 88/4/1 73/4/1 87/4/1
f 89/2/1 61/2/1 74/2/1
f 89/2/1 74/2/1 88/2/1
f 89/5/1 75/5/1 61/5/1
f 90/5/1 75/5/1 89/5/1
f 91/5/1 64/5/1 78/5/1
f 92/2/1 80/2/1 79/2/1
f 92/5/1 64/5/1 91/5/1
f 92/2/1 79/2/1 64/2/1
f 93/4/1 81/4/1 80/4/1
f 93/2/1 80/2/1 92/2/1
f 94/2/1 82/2/1 81/2/1
f 94/4/1 81/4/1 93/4/1
f 95/5/1 83/5/1 67/5/1
f 95/2/1 82/2/1 94/2/1
f 95/2/1 67/2/1 82/2/1
f 96/5/1 83/5/1 95/5/1
f 97/5/1 87/5/1 86/5/1
f 98/5/1 87/5/1 97/5/1
f 99/5/1 89/5/1 88/5/1
f 100/5/1 89/5/1 99/5/1
f 101/5/1 93/5/1 92/5/1
f 102/5/1 93/5/1 101/5/1
f 103/5/1 95/5/1 94/5/1
f 104/5/1 95/5/1 103/5/1
f 105/5/1 87/5/1 98/5/1
f 106/4/1 88/4/1 87/4/1
f 106/5/1 87/5/1 105/5/1
f 107/5/1 99/5/1 88/5/1
f 107/4/1 88/4/1 106/4/1
f 108/5/1 99/5/1 107/5/1
f 109/5/1 93/5/1 102/5/1
f 110/4/1 94/4/1 93/4/1
f 110/5/1 93/5/1 109/5/1
f 111/5/1 103/5/1 94/5/1
f 111/4/1 94/4/1 110/4/1
f 112/5/1 103/5/1 111/5/1
f 118/5/1 114/5/1 113/5/1
f 119/5/1 116/5/1 115/5/1
f 122/5/1 118/5/1 117/5/1
f 123/4/1 115/4/1 114/4/1
f 123/5/1 114/5/1 118/5/1
f 123/5/1 118/5/1 122/5/1
f 124/5/1 120/5/1 119/5/1
f 124/4/1 115/4/1 123/4/1
f 124/5/1 119/5/1 115/5/1
f 125/5/1 120/5/1 124/5/1
f 128/5/1 122/5/1 121/5/1
f 129/2/1 123/2/1 122/2/1
f 130/4/1 124/4/1 123/4/1
f 130/2/1 123/2/1 129/2/1
f 131/2/1 125/2/1 124/2/1
f 131/4/1 124/4/1 130/4/1
f 132/2/1 125/2/1 131/2/1
f 133/5/1 126/5/1 125/5/1
f 135/5/1 128/5/1 127/5/1
f 136/2/1 129/2/1 122/2/1
f 136/5/1 128/5/1 135/5/1
f 136/5/1 122/5/1 128/5/1
f 137/3/1 130/3/1 129/3/1
f 137/2/1 129/2/1 136/2/1
f 137/3/1 131/3/1 130/3/1
f 137/3/1 132/3/1 131/3/1
f 138/2/1 125/2/1 132/2/1
f 138/3/1 132/3/1 137/3/1
f 139/5/1 134/5/1 133/5/1
f 139/2/1 125/2/1 138/2/1
f 139/5/1 133/5/1 125/5/1
f 140/5/1 134/5/1 139/5/1
f 141/4/1 137/4/1 136/4/1
f 141/4/1 136/4/1 135/4/1
f 142/4/1 137/4/1 141/4/1
f 143/3/1 138/3/1 137/3/1
f 143/4/1 137/4/1 142/4/1
f 144/4/1 140/4/1 139/4/1
f 144/3/1 138/3/1 143/3/1
f 144/4/1 139/4/1 138/4/1
f 145/4/1 140/4/1 144/4/1
f 146/4/1 140/4/1 145/4/1
f 147/5/1 142/5/1 141/5/1
f 148/5/1 142/5/1 147/5/1
f 149/2/1 143/2/1 142/2/1
f 149/3/1 144/3/1 143/3/1
f 150/3/1 144/3/1 149/3/1
f 151/3/1 144/3/1 150/3/1
f 152/2/1 145/2/1 144/2/1
f 152/3/1 144/3/1 151/3/1
f 153/5/1 146/5/1 145/5/1
f 154/5/1 146/5/1 153/5/1
f 155/5/1 142/5/1 148/5/1
f 156/2/1 149/2/1 142/2/1
f 156/5/1 142/5/1 155/5/1
f 156/2/1 150/2/1 149/2/1
f 157/4/1 151/4/1 150/4/1
f 157/2/1 150/2/1 156/2/1
f 158/2/1 152/2/1 151/2/1
f 158/4/1 151/4/1 157/4/1
f 159/5/1 153/5/1 145/5/1
f 159/2/1 152/2/1 158/2/1
f 159/2/1 145/2/1 152/2/1
f 160/5/1 153/5/1 159/5/1
f 161/5/1 157/5/1 156/5/1
f 162/5/1 157/5/1 161/5/1
f 163/5/1 159/5/1 158/5/1
f 164/5/1 159/5/1 163/5/1
f 165/5/1 157/5/1 162/5/1
f 166/4/1 158/4/1 157/4/1
f 166/5/1 157/5/1 165/5/1
f 167/5/1 163/5/1 158/5/1
f 167/4/1 158/4/1 166/4/1
f 168/5/1 163/5/1 167/5/1
f 178/5/1 170/5/1 169/5/1
f 179/5/1 172/5/1 171/5/1
f 182/5/1 174/5/1 173/5/1
f 183/5/1 176/5/1 175/5/1
f 186/5/1 178/5/1 177/5/1
f 187/5/1 170/5/1 178/5/1
f 187/5/1 178/5/1 186/5/1
f 188/4/1 171/4/1 170/4/1
f 188/5/1 170/5/1 187/5/1
f 189/5/1 180/5/1 179/5/1
f 189/4/1 171/4/1 188/4/1
f 189/5/1 179/5/1 171/5/1
f 190/5/1 180/5/1 189/5/1
f 191/5/1 180/5/1 190/5/1
f 194/5/1 182/5/1 181/5/1
f 195/5/1 174/5/1 182/5/1
f 195/5/1 182/5/1 194/5/1
f 196/4/1 175/4/1 174/4/1
f 196/5/1 174/5/1 195/5/1
f 197/5/1 184/5/1 183/5/1
f 197/4/1 175/4/1 196/4/1
f 197/5/1 183/5/1 175/5/1
f 198/5/1 184/5/1 197/5/1
f 199/5/1 184/5/1 198/5/1
f 202/5/1 187/5/1 186/5/1
f 202/5/1 186/5/1 185/5/1
f 203/5/1 187/5/1 202/5/1
f 204/5/1 187/5/1 203/5/1
f 205/5/1 192/5/1 191/5/1
f 205/5/1 191/5/1 190/5/1
f 206/5/1 192/5/1 205/5/1
f 207/5/1 192/5/1 206/5/1
f 210/5/1 195/5/1 194/5/1
f 210/5/1 194/5/1 193/5/1
f 211/5/1 195/5/1 210/5/1
f 212/5/1 195/5/1 211/5/1
f 213/5/1 200/5/1 199/5/1
f 213/5/1 199/5/1 198/5/1
f 214/5/1 200/5/1 213/5/1
f 215/5/1 200/5/1 214/5/1
f 217/5/1 203/5/1 202/5/1
f 217/5/1 202/5/1 201/5/1
f 218/5/1 203/5/1 217/5/1
f 219/5/1 208/5/1 207/5/1
f 219/5/1 207/5/1 206/5/1
f 220/5/1 208/5/1 219/5/1
f 221/5/1 211/5/1 210/5/1
f 221/5/1 210/5/1 209/5/1
f 222/5/1 211/5/1 221/5/1
f 223/5/1 216/5/1 215/5/1
f 223/5/1 215/5/1 214/5/1
f 224/5/1 216/5/1 223/5/1
f 226/5/1 217/5/1 201/5/1
f 227/5/1 217/5/1 226/5/1
f 228/5/1 217/5/1 227/5/1
f 229/5/1 208/5/1 220/5/1
f 230/5/1 208/5/1 229/5/1
f 231/5/1 208/5/1 230/5/1
f 234/5/1 221/5/1 209/5/1
f 235/5/1 221/5/1 234/5/1
f 236/5/1 221/5/1 235/5/1
f 237/5/1 216/5/1 224/5/1
f 238/5/1 216/5/1 237/5/1
f 239/5/1 216/5/1 238/5/1
f 241/5/1 226/5/1 225/5/1
f 241/5/1 227/5/1 226/5/1
f 242/5/1 227/5/1 241/5/1
f 243/5/1 232/5/1 231/5/1
f 243/5/1 231/5/1 230/5/1
f 244/5/1 232/5/1 243/5/1
f 245/5/1 235/5/1 234/5/1
f 245/5/1 234/5/1 233/5/1
f 246/5/1 235/5/1 245/5/1
f 247/5/1 240/5/1 239/5/1
f 247/5/1 239/5/1 238/5/1
f 248/5/1 240/5/1 247/5/1
f 249/4/1 242/4/1 241/4/1
f 250/4/1 242/4/1 249/4/1
f 251/4/1 244/4/1 243/4/1
f 252/4/1 244/4/1 251/4/1
f 253/4/1 246/4/1 245/4/1
f 254/4/1 246/4/1 253/4/1
f 255/4/1 248/4/1 247/4/1
f 256/4/1 248/4/1 255/4/1
f 257/5/1 250/5/1 249/5/1
f 258/5/1 250/5/1 257/5/1
f 259/5/1 250/5/1 258/5/1
f 262/5/1 252/5/1 251/5/1
f 263/5/1 252/5/1 262/5/1
f 264/5/1 252/5/1 263/5/1
f 265/5/1 254/5/1 253/5/1
f 266/5/1 254/5/1 265/5/1
f 267/5/1 254/5/1 266/5/1
f 270/5/1 256/5/1 255/5/1
f 271/5/1 256/5/1 270/5/1
f 272/5/1 256/5/1 271/5/1
f 273/5/1 260/5/1 259/5/1
f 273/5/1 259/5/1 258/5/1
f 276/5/1 262/5/1 261/5/1
f 276/5/1 263/5/1 262/5/1
f 277/5/1 268/5/1 267/5/1
f 277/5/1 267/5/1 266/5/1
f 280/5/1 271/5/1 270/5/1
f 280/5/1 270/5/1 269/5/1
f 281/5/1 274/5/1 273/5/1
f 281/5/1 273/5/1 258/5/1
f 282/5/1 274/5/1 281/5/1
f 283/5/1 274/5/1 282/5/1
f 286/5/1 276/5/1 275/5/1
f 287/5/1 263/5/1 276/5/1
f 287/5/1 276/5/1 286/5/1
f 288/5/1 263/5/1 287/5/1
f 289/5/1 278/5/1 277/5/1
f 289/5/1 277/5/1 266/5/1
f 290/5/1 278/5/1 289/5/1
f 291/5/1 278/5/1 290/5/1
f 294/5/1 280/5/1 279/5/1
f 295/5/1 271/5/1 280/5/1
f 295/5/1 280/5/1 294/5/1
f 296/5/1 271/5/1 295/5/1
f 297/5/1 284/5/1 283/5/1
f 297/5/1 283/5/1 282/5/1
f 298/5/1 284/5/1 297/5/1
f 299/5/1 284/5/1 298/5/1
f 302/5/1 287/5/1 286/5/1
f 302/5/1 286/5/1 285/5/1
f 303/5/1 287/5/1 302/5/1
f 304/5/1 287/5/1 303/5/1
f 305/5/1 292/5/1 291/5/1
f 305/5/1 291/5/1 290/5/1
f 306/5/1 292/5/1 305/5/1
f 307/5/1 292/5/1 306/5/1
f 310/5/1 295/5/1 294/5/1
f 310/5/1 294/5/1 293/5/1
f 311/5/1 295/5/1 310/5/1
f 312/5/1 295/5/1 311/5/1
f 313/5/1 300/5/1 299/5/1
f 313/5/1 299/5/1 298/5/1
f 314/5/1 300/5/1 313/5/1
f 315/5/1 303/5/1 302/5/1
f 315/5/1 302/5/1 301/5/1
f 316/5/1 303/5/1 315/5/1
f 317/5/1 308/5/1 307/5/1
f 317/5/1 307/5/1 306/5/1
f 318/5/1 308/5/1 317/5/1
f 319/5/1 311/5/1 310/5/1
f 319/5/1 310/5/1 309/5/1
f 320/5/1 311/5/1 319/5/1
f 321/5/1 300/5/1 314/5/1
f 322/4/1 301/4/1 300/4/1
f 322/5/1 300/5/1 321/5/1
f 323/5/1 315/5/1 301/5/1
f 323/4/1 301/4/1 322/4/1
f 324/5/1 315/5/1 323/5/1
f 325/5/1 308/5/1 318/5/1
f 326/4/1 309/4/1 308/4/1
f 326/5/1 308/5/1 325/5/1
f 327/5/1 319/5/1 309/5/1
f 327/4/1 309/4/1 326/4/1
f 328/5/1 319/5/1 327/5/1
f 334/5/1 330/5/1 329/5/1
f 335/5/1 332/5/1 331/5/1
f 338/5/1 334/5/1 333/5/1
f 339/5/1 330/5/1 334/5/1
f 339/5/1 334/5/1 338/5/1
f 340/4/1 331/4/1 330/4/1
f 340/5/1 330/5/1 339/5/1
f 341/5/1 336/5/1 335/5/1
f 341/4/1 331/4/1 340/4/1
f 341/5/1 335/5/1 331/5/1
f 342/5/1 336/5/1 341/5/1
f 343/5/1 336/5/1 342/5/1
f 346/5/1 339/5/1 338/5/1
f 346/5/1 338/5/1 337/5/1
f 347/5/1 339/5/1 346/5/1
f 348/5/1 339/5/1 347/5/1
f 349/5/1 344/5/1 343/5/1
f 349/5/1 343/5/1 342/5/1
f 350/5/1 344/5/1 349/5/1
f 351/5/1 344/5/1 350/5/1
f 353/5/1 347/5/1 346/5/1
f 353/5/1 346/5/1 345/5/1
f 354/5/1 347/5/1 353/5/1
f 355/5/1 352/5/1 351/5/1
f 355/5/1 351/5/1 350/5/1
f 356/5/1 352/5/1 355/5/1
f 358/5/1 353/5/1 345/5/1
f 359/5/1 353/5/1 358/5/1
f 360/5/1 353/5/1 359/5/1
f 361/5/1 352/5/1 356/5/1
f 362/5/1 352/5/1 361/5/1
f 363/5/1 352/5/1 362/5/1
f 365/5/1 358/5/1 357/5/1
f 365/5/1 359/5/1 358/5/1
f 366/5/1 359/5/1 365/5/1
f 367/5/1 364/5/1 363/5/1
f 367/5/1 363/5/1 362/5/1
f 368/5/1 364/5/1 367/5/1
f 369/4/1 366/4/1 365/4/1
f 370/4/1 366/4/1 369/4/1
f 371/4/1 368/4/1 367/4/1
f 372/4/1 368/4/1 371/4/1
f 373/5/1 370/5/1 369/5/1
f 374/5/1 370/5/1 373/5/1
f 375/5/1 370/5/1 374/5/1
f 378/5/1 372/5/1 371/5/1
f 379/5/1 372/5/1 378/5/1
f 380/5/1 372/5/1 379/5/1
f 381/5/1 376/5/1 375/5/1
f 381/5/1 375/5/1 374/5/1
f 384/5/1 379/5/1 378/5/1
f 384/5/1 378/5/1 377/5/1
f 385/5/1 382/5/1 381/5/1
f 385/5/1 381/5/1 374/5/1
f 386/5/1 382/5/1 385/5/1
f 387/5/1 382/5/1 386/5/1
f 390/5/1 384/5/1 383/5/1
f 391/5/1 379/5/1 384/5/1
f 391/5/1 384/5/1 390/5/1
f 392/5/1 379/5/1 391/5/1
f 393/5/1 388/5/1 387/5/1
f 393/5/1 387/5/1 386/5/1
f 394/5/1 388/5/1 393/5/1
f 395/5/1 388/5/1 394/5/1
f 398/5/1 390/5/1 389/5/1
f 398/5/1 391/5/1 390/5/1
f 399/5/1 391/5/1 398/5/1
f 400/5/1 391/5/1 399/5/1
f 401/5/1 396/5/1 395/5/1
f 401/5/1 395/5/1 394/5/1
f 402/5/1 396/5/1 401/5/1
f 403/5/1 399/5/1 398/5/1
f 403/5/1 398/5/1 397/5/1
f 404/5/1 399/5/1 403/5/1
f 405/5/1 396/5/1 402/5/1
f 406/4/1 397/4/1 396/4/1
f 406/5/1 396/5/1 405/5/1
f 407/5/1 403/5/1 397/5/1
f 407/4/1 397/4/1 406/4/1
f 408/5/1 403/5/1 407/5/1
f 418/5/1 410/5/1 409/5/1
f 419/5/1 412/5/1 411/5/1
f 422/5/1 414/5/1 413/5/1
f 423/5/1 416/5/1 415/5/1
f 426/5/1 418/5/1 417/5/1
f 427/5/1 410/5/1 418/5/1
f 427/5/1 418/5/1 426/5/1
f 428/4/1 411/4/1 410/4/1
f 428/5/1 410/5/1 427/5/1
f 429/5/1 420/5/1 419/5/1
f 429/4/1 411/4/1 428/4/1
f 429/5/1 419/5/1 411/5/1
f 430/5/1 420/5/1 429/5/1
f 431/5/1 420/5/1 430/5/1
f 434/5/1 422/5/1 421/5/1
f 435/5/1 414/5/1 422/5/1
f 435/5/1 422/5/1 434/5/1
f 436/4/1 415/4/1 414/4/1
f 436/5/1 414/5/1 435/5/1
f 437/5/1 424/5/1 423/5/1
f 437/4/1 415/4/1 436/4/1
f 437/5/1 423/5/1 415/5/1
f 438/5/1 424/5/1 437/5/1
f 439/5/1 424/5/1 438/5/1
f 442/5/1 427/5/1 426/5/1
f 442/5/1 426/5/1 425/5/1
f 443/5/1 427/5/1 442/5/1
f 444/5/1 427/5/1 443/5/1
f 445/5/1 432/5/1 431/5/1
f 445/5/1 431/5/1 430/5/1
f 446/5/1 432/5/1 445/5/1
f 447/5/1 432/5/1 446/5/1
f 450/5/1 435/5/1 434/5/1
f 450/5/1 434/5/1 433/5/1
f 451/5/1 435/5/1 450/5/1
f 452/5/1 435/5/1 451/5/1
f 453/5/1 440/5/1 439/5/1
f 453/5/1 439/5/1 438/5/1
f 454/5/1 440/5/1 453/5/1
f 455/5/1 440/5/1 454/5/1
f 458/5/1 443/5/1 442/5/1
f 458/5/1 442/5/1 441/5/1
f 459/5/1 443/5/1 458/5/1
f 460/5/1 443/5/1 459/5/1
f 461/5/1 448/5/1 447/5/1
f 461/5/1 447/5/1 446/5/1
f 462/5/1 448/5/1 461/5/1
f 463/5/1 448/5/1 462/5/1
f 466/5/1 450/5/1 449/5/1
f 466/5/1 451/5/1 450/5/1
f 467/5/1 451/5/1 466/5/1
f 468/5/1 451/5/1 467/5/1
f 469/5/1 456/5/1 455/5/1
f 469/5/1 455/5/1 454/5/1
f 470/5/1 456/5/1 469/5/1
f 471/5/1 456/5/1 470/5/1
f 473/5/1 459/5/1 458/5/1
f 473/5/1 458/5/1 457/5/1
f 474/5/1 459/5/1 473/5/1
f 475/5/1 464/5/1 463/5/1
f 475/5/1 463/5/1 462/5/1
f 476/5/1 464/5/1 475/5/1
f 477/5/1 467/5/1 466/5/1
f 477/5/1 466/5/1 465/5/1
f 478/5/1 467/5/1 477/5/1
f 479/5/1 472/5/1 471/5/1
f 479/5/1 471/5/1 470/5/1
f 480/5/1 472/5/1 479/5/1
f 482/5/1 473/5/1 457/5/1
f 483/5/1 464/5/1 476/5/1
f 486/5/1 477/5/1 465/5/1
f 487/5/1 472/5/1 480/5/1
f 489/5/1 482/5/1 481/5/1
f 489/5/1 473/5/1 482/5/1
f 490/5/1 473/5/1 489/5/1
f 491/5/1 484/5/1 483/5/1
f 491/5/1 483/5/1 476/5/1
f 492/5/1 484/5/1 491/5/1
f 493/5/1 486/5/1 485/5/1
f 493/5/1 477/5/1 486/5/1
f 494/5/1 477/5/1 493/5/1
f 495/5/1 488/5/1 487/5/1
f 495/5/1 487/5/1 480/5/1
f 496/5/1 488/5/1 495/5/1
f 497/5/1 489/5/1 481/5/1
f 498/5/1 489/5/1 497/5/1
f 499/5/1 484/5/1 492/5/1
f 500/5/1 484/5/1 499/5/1
f 501/5/1 493/5/1 485/5/1
f 502/5/1 493/5/1 501/5/1
f 503/5/1 488/5/1 496/5/1
f 504/5/1 488/5/1 503/5/1
f 505/4/1 498/4/1 497/4/1
f 506/4/1 498/4/1 505/4/1
f 507/4/1 500/4/1 499/4/1
f 508/4/1 500/4/1 507/4/1
f 509/4/1 502/4/1 501/4/1
f 510/4/1 502/4/1 509/4/1
f 511/4/1 504/4/1 503/4/1
f 512/4/1 504/4/1 511/4/1
f 513/5/1 506/5/1 505/5/1
f 516/5/1 508/5/1 507/5/1
f 517/5/1 510/5/1 509/5/1
f 520/5/1 512/5/1 511/5/1
f 521/5/1 514/5/1 513/5/1
f 521/5/1 513/5/1 505/5/1
f 522/5/1 514/5/1 521/5/1
f 523/5/1 516/5/1 515/5/1
f 523/5/1 508/5/1 516/5/1
f 524/5/1 508/5/1 523/5/1
f 525/5/1 518/5/1 517/5/1
f 525/5/1 517/5/1 509/5/1
f 526/5/1 518/5/1 525/5/1
f 527/5/1 520/5/1 519/5/1
f 527/5/1 512/5/1 520/5/1
f 528/5/1 512/5/1 527/5/1
f 529/5/1 514/5/1 522/5/1
f 532/5/1 523/5/1 515/5/1
f 533/5/1 518/5/1 526/5/1
f 536/5/1 527/5/1 519/5/1
f 537/5/1 530/5/1 529/5/1
f 537/5/1 529/5/1 522/5/1
f 538/5/1 530/5/1 537/5/1
f 539/5/1 530/5/1 538/5/1
f 542/5/1 532/5/1 531/5/1
f 543/5/1 523/5/1 532/5/1
f 543/5/1 532/5/1 542/5/1
f 544/5/1 523/5/1 543/5/1
f 545/5/1 534/5/1 533/5/1
f 545/5/1 533/5/1 526/5/1
f 546/5/1 534/5/1 545/5/1
f 547/5/1 534/5/1 546/5/1
f 550/5/1 536/5/1 535/5/1
f 551/5/1 527/5/1 536/5/1
f 551/5/1 536/5/1 550/5/1
f 552/5/1 527/5/1 551/5/1
f 553/5/1 540/5/1 539/5/1
f 553/5/1 539/5/1 538/5/1
f 554/5/1 540/5/1 553/5/1
f 555/5/1 540/5/1 554/5/1
f 558/5/1 542/5/1 541/5/1
f 558/5/1 543/5/1 542/5/1
f 559/5/1 543/5/1 558/5/1
f 560/5/1 543/5/1 559/5/1
f 561/5/1 548/5/1 547/5/1
f 561/5/1 547/5/1 546/5/1
f 562/5/1 548/5/1 561/5/1
f 563/5/1 548/5/1 562/5/1
f 566/5/1 551/5/1 550/5/1
f 566/5/1 550/5/1 549/5/1
f 567/5/1 551/5/1 566/5/1
f 568/5/1 551/5/1 567/5/1
f 569/5/1 556/5/1 555/5/1
f 569/5/1 555/5/1 554/5/1
f 570/5/1 556/5/1 569/5/1
f 571/5/1 556/5/1 570/5/1
f 574/5/1 559/5/1 558/5/1
f 574/5/1 558/5/1 557/5/1
f 575/5/1 559/5/1 574/5/1
f 576/5/1 559/5/1 575/5/1
f 580/5/1 564/5/1 563/5/1
f 580/5/1 563/5/1 562/5/1
f 581/5/1 564/5/1 580/5/1
f 582/5/1 564/5/1 581/5/1
f 585/5/1 567/5/1 566/5/1
f 585/5/1 566/5/1 565/5/1
f 586/5/1 567/5/1 585/5/1
f 587/5/1 567/5/1 586/5/1
f 588/5/1 572/5/1 571/5/1
f 588/5/1 571/5/1 570/5/1
f 589/5/1 572/5/1 588/5/1
f 590/5/1 574/5/1 573/5/1
f 590/5/1 575/5/1 574/5/1
f 591/5/1 575/5/1 590/5/1
f 592/5/1 575/5/1 591/5/1
f 593/5/1 577/5/1 576/5/1
f 594/5/1 579/5/1 578/5/1
f 595/5/1 583/5/1 582/5/1
f 595/5/1 582/5/1 581/5/1
f 596/5/1 583/5/1 595/5/1
f 597/5/1 586/5/1 585/5/1
f 597/5/1 585/5/1 584/5/1
f 598/5/1 586/5/1 597/5/1
f 599/5/1 572/5/1 589/5/1
f 600/4/1 573/4/1 572/4/1
f 600/5/1 572/5/1 599/5/1
f 601/5/1 590/5/1 573/5/1
f 601/4/1 573/4/1 600/4/1
f 602/5/1 590/5/1 601/5/1
f 603/5/1 593/5/1 592/5/1
f 603/5/1 592/5/1 591/5/1
f 604/5/1 577/5/1 593/5/1
f 604/5/1 593/5/1 603/5/1
f 605/4/1 578/4/1 577/4/1
f 605/5/1 577/5/1 604/5/1
f 606/5/1 594/5/1 578/5/1
f 606/4/1 578/4/1 605/4/1
f 606/5/1 595/5/1 594/5/1
f 607/5/1 595/5/1 606/5/1
f 608/5/1 595/5/1 607/5/1
f 610/5/1 583/5/1 596/5/1
f 611/4/1 584/4/1 583/4/1
f 611/5/1 583/5/1 610/5/1
f 612/5/1 597/5/1 584/5/1
f 612/4/1 584/4/1 611/4/1
f 613/5/1 597/5/1 612/5/1
f 615/5/1 604/5/1 603/5/1
f 615/5/1 603/5/1 602/5/1
f 616/5/1 604/5/1 615/5/1
f 617/5/1 604/5/1 616/5/1
f 618/5/1 608/5/1 607/5/1
f 618/5/1 609/5/1 608/5/1
f 619/5/1 609/5/1 618/5/1
f 620/5/1 609/5/1 619/5/1
f 623/5/1 616/5/1 615/5/1
f 623/5/1 615/5/1 614/5/1
f 624/5/1 616/5/1 623/5/1
f 625/5/1 616/5/1 624/5/1
f 626/5/1 621/5/1 620/5/1
f 626/5/1 620/5/1 619/5/1
f 627/5/1 621/5/1 626/5/1
f 628/5/1 621/5/1 627/5/1
f 630/5/1 624/5/1 623/5/1
f 630/5/1 623/5/1 622/5/1
f 631/5/1 624/5/1 630/5/1
f 632/5/1 629/5/1 628/5/1
f 632/5/1 628/5/1 627/5/1
f 633/5/1 629/5/1 632/5/1
f 635/5/1 630/5/1 622/5/1
f 636/5/1 629/5/1 633/5/1
f 638/5/1 635/5/1 634/5/1
f 638/5/1 630/5/1 635/5/1
f 639/5/1 630/5/1 638/5/1
f 640/5/1 637/5/1 636/5/1
f 640/5/1 636/5/1 633/5/1
f 641/5/1 637/5/1 640/5/1
f 642/5/1 638/5/1 634/5/1
f 643/5/1 638/5/1 642/5/1
f 644/5/1 637/5/1 641/5/1
f 645/5/1 637/5/1 644/5/1
f 646/4/1 643/4/1 642/4/1
f 647/4/1 643/4/1 646/4/1
f 648/4/1 645/4/1 644/4/1
f 649/4/1 645/4/1 648/4/1
f 650/5/1 647/5/1 646/5/1
f 653/5/1 649/5/1 648/5/1
f 654/5/1 651/5/1 650/5/1
f 654/5/1 650/5/1 646/5/1
f 655/5/1 651/5/1 654/5/1
f 656/5/1 653/5/1 652/5/1
f 656/5/1 649/5/1 653/5/1
f 657/5/1 649/5/1 656/5/1
f 658/5/1 651/5/1 655/5/1
f 661/5/1 656/5/1 652/5/1
f 662/5/1 659/5/1 658/5/1
f 662/5/1 658/5/1 655/5/1
f 663/5/1 659/5/1 662/5/1
f 664/5/1 659/5/1 663/5/1
f 667/5/1 661/5/1 660/5/1
f 668/5/1 656/5/1 661/5/1
f 668/5/1 661/5/1 667/5/1
f 669/5/1 656/5/1 668/5/1
f 670/5/1 665/5/1 664/5/1
f 670/5/1 664/5/1 663/5/1
f 671/5/1 665/5/1 670/5/1
f 672/5/1 665/5/1 671/5/1
f 675/5/1 667/5/1 666/5/1
f 675/5/1 668/5/1 667/5/1
f 676/5/1 668/5/1 675/5/1
f 677/5/1 668/5/1 676/5/1
f 678/5/1 673/5/1 672/5/1
f 678/5/1 672/5/1 671/5/1
f 679/5/1 673/5/1 678/5/1
f 680/5/1 673/5/1 679/5/1
f 683/5/1 676/5/1 675/5/1
f 683/5/1 675/5/1 674/5/1
f 684/5/1 676/5/1 683/5/1
f 685/5/1 676/5/1 684/5/1
f 686/5/1 681/5/1 680/5/1
f 686/5/1 680/5/1 679/5/1
f 687/5/1 681/5/1 686/5/1
f 688/5/1 684/5/1 683/5/1
f 688/5/1 683/5/1 682/5/1
f 689/5/1 684/5/1 688/5/1
f 690/5/1 681/5/1 687/5/1
f 691/4/1 682/4/1 681/4/1
f 691/5/1 681/5/1 690/5/1
f 692/5/1 688/5/1 682/5/1
f 692/4/1 682/4/1 691/4/1
f 693/5/1 688/5/1 692/5/1
f 703/5/1 695/5/1 694/5/1
f 704/4/1 696/4/1 695/4/1
f 704/5/1 695/5/1 703/5/1
f 705/5/1 697/5/1 696/5/1
f 705/4/1 696/4/1 704/4/1
f 706/5/1 697/5/1 705/5/1
f 709/5/1 699/5/1 698/5/1
f 710/4/1 700/4/1 699/4/1
f 710/5/1 699/5/1 709/5/1
f 711/5/1 701/5/1 700/5/1
f 711/4/1 700/4/1 710/4/1
f 712/5/1 701/5/1 711/5/1
f 715/5/1 703/5/1 702/5/1
f 716/5/1 703/5/1 715/5/1
f 717/5/1 707/5/1 706/5/1
f 718/5/1 707/5/1 717/5/1
f 721/5/1 709/5/1 708/5/1
f 722/5/1 709/5/1 721/5/1
f 723/5/1 713/5/1 712/5/1
f 724/5/1 713/5/1 723/5/1
f 727/5/1 715/5/1 714/5/1
f 728/5/1 715/5/1 727/5/1
f 729/5/1 719/5/1 718/5/1
f 730/5/1 719/5/1 729/5/1
f 733/5/1 721/5/1 720/5/1
f 734/5/1 721/5/1 733/5/1
f 735/5/1 725/5/1 724/5/1
f 736/5/1 725/5/1 735/5/1
f 739/5/1 727/5/1 726/5/1
f 740/5/1 727/5/1 739/5/1
f 741/5/1 731/5/1 730/5/1
f 742/5/1 731/5/1 741/5/1
f 745/5/1 733/5/1 732/5/1
f 746/5/1 733/5/1 745/5/1
f 747/5/1 737/5/1 736/5/1
f 748/5/1 737/5/1 747/5/1
f 751/5/1 739/5/1 738/5/1
f 752/5/1 739/5/1 751/5/1
f 753/5/1 743/5/1 742/5/1
f 754/5/1 743/5/1 753/5/1
f 757/5/1 745/5/1 744/5/1
f 758/5/1 745/5/1 757/5/1
f 759/5/1 749/5/1 748/5/1
f 760/5/1 749/5/1 759/5/1
f 763/5/1 751/5/1 750/5/1
f 764/5/1 751/5/1 763/5/1
f 765/5/1 755/5/1 754/5/1
f 766/5/1 755/5/1 765/5/1
f 767/5/1 757/5/1 756/5/1
f 768/5/1 757/5/1 767/5/1
f 769/5/1 761/5/1 760/5/1
f 770/5/1 761/5/1 769/5/1
f 772/5/1 763/5/1 762/5/1
f 773/5/1 763/5/1 772/5/1
f 774/5/1 767/5/1 766/5/1
f 775/5/1 767/5/1 774/5/1
f 776/5/1 771/5/1 770/5/1
f 777/5/1 771/5/1 776/5/1
f 778/4/1 773/4/1 772/4/1
f 779/4/1 773/4/1 778/4/1
f 780/4/1 775/4/1 774/4/1
f 781/4/1 775/4/1 780/4/1
f 782/4/1 777/4/1 776/4/1
f 783/4/1 777/4/1 782/4/1
f 784/5/1 779/5/1 778/5/1
f 785/5/1 779/5/1 784/5/1
f 788/5/1 781/5/1 780/5/1
f 789/5/1 781/5/1 788/5/1
f 792/5/1 783/5/1 782/5/1
f 793/5/1 783/5/1 792/5/1
f 794/5/1 786/5/1 785/5/1
f 795/5/1 786/5/1 794/5/1
f 798/5/1 788/5/1 787/5/1
f 799/5/1 788/5/1 798/5/1
f 800/5/1 790/5/1 789/5/1
f 801/5/1 790/5/1 800/5/1
f 804/5/1 792/5/1 791/5/1
f 805/5/1 792/5/1 804/5/1
f 806/5/1 796/5/1 795/5/1
f 807/5/1 796/5/1 806/5/1
f 810/5/1 798/5/1 797/5/1
f 811/5/1 798/5/1 810/5/1
f 814/5/1 802/5/1 801/5/1
f 815/5/1 802/5/1 814/5/1
f 818/5/1 804/5/1 803/5/1
f 819/5/1 804/5/1 818/5/1
f 820/5/1 808/5/1 807/5/1
f 821/5/1 808/5/1 820/5/1
f 824/5/1 810/5/1 809/5/1
f 824/5/1 811/5/1 810/5/1
f 824/5/1 812/5/1 811/5/1
f 825/4/1 813/4/1 812/4/1
f 825/5/1 812/5/1 824/5/1
f 826/5/1 816/5/1 815/5/1
f 826/4/1 813/4/1 825/4/1
f 826/5/1 814/5/1 813/5/1
f 826/5/1 815/5/1 814/5/1
f 827/5/1 816/5/1 826/5/1
f 828/5/1 816/5/1 827/5/1
f 831/5/1 818/5/1 817/5/1
f 832/5/1 818/5/1 831/5/1
f 833/5/1 822/5/1 821/5/1
f 834/5/1 822/5/1 833/5/1
f 838/5/1 824/5/1 823/5/1
f 839/5/1 824/5/1 838/5/1
f 840/5/1 829/5/1 828/5/1
f 840/5/1 828/5/1 827/5/1
f 841/5/1 829/5/1 840/5/1
f 844/5/1 831/5/1 830/5/1
f 845/5/1 831/5/1 844/5/1
f 846/5/1 835/5/1 834/5/1
f 847/5/1 835/5/1 846/5/1
f 850/5/1 837/5/1 836/5/1
f 851/5/1 837/5/1 850/5/1
f 852/5/1 842/5/1 841/5/1
f 853/5/1 842/5/1 852/5/1
f 854/5/1 842/5/1 853/5/1
f 857/5/1 844/5/1 843/5/1
f 858/5/1 844/5/1 857/5/1
f 859/5/1 848/5/1 847/5/1
f 860/4/1 849/4/1 848/4/1
f 860/5/1 848/5/1 859/5/1
f 861/5/1 850/5/1 849/5/1
f 861/4/1 849/4/1 860/4/1
f 862/5/1 850/5/1 861/5/1
f 863/5/1 850/5/1 862/5/1
f 864/5/1 850/5/1 863/5/1
f 865/5/1 855/5/1 854/5/1
f 865/5/1 854/5/1 853/5/1
f 866/5/1 855/5/1 865/5/1
f 867/5/1 855/5/1 866/5/1
f 868/4/1 856/4/1 855/4/1
f 868/5/1 855/5/1 867/5/1
f 869/5/1 857/5/1 856/5/1
f 869/4/1 856/4/1 868/4/1
f 870/5/1 857/5/1 869/5/1
f 872/5/1 863/5/1 862/5/1
f 873/5/1 863/5/1 872/5/1
f 874/5/1 867/5/1 866/5/1
f 875/5/1 867/5/1 874/5/1
f 878/5/1 872/5/1 871/5/1
f 879/5/1 872/5/1 878/5/1
f 880/5/1 876/5/1 875/5/1
f 881/5/1 876/5/1 880/5/1
f 883/5/1 878/5/1 877/5/1
f 884/5/1 878/5/1 883/5/1
f 885/5/1 882/5/1 881/5/1
f 886/5/1 882/5/1 885/5/1
f 887/4/1 884/4/1 883/4/1
f 888/4/1 884/4/1 887/4/1
f 889/4/1 886/4/1 885/4/1
f 890/4/1 886/4/1 889/4/1
f 891/5/1 888/5/1 887/5/1
f 892/5/1 888/5/1 891/5/1
f 895/5/1 890/5/1 889/5/1
f 896/5/1 890/5/1 895/5/1
f 897/5/1 893/5/1 892/5/1
f 898/5/1 893/5/1 897/5/1
f 901/5/1 895/5/1 894/5/1
f 902/5/1 895/5/1 901/5/1
f 903/5/1 899/5/1 898/5/1
f 904/5/1 899/5/1 903/5/1
f 907/5/1 901/5/1 900/5/1
f 908/5/1 901/5/1 907/5/1
f 909/5/1 905/5/1 904/5/1
f 910/5/1 905/5/1 909/5/1
f 913/5/1 907/5/1 906/5/1
f 914/5/1 907/5/1 913/5/1
f 915/5/1 911/5/1 910/5/1
f 916/5/1 911/5/1 915/5/1
f 919/5/1 913/5/1 912/5/1
f 920/5/1 913/5/1 919/5/1
f 921/5/1 917/5/1 916/5/1
f 922/5/1 917/5/1 921/5/1
f 925/5/1 919/5/1 918/5/1
f 926/5/1 919/5/1 925/5/1
f 927/5/1 923/5/1 922/5/1
f 928/4/1 924/4/1 923/4/1
f 928/5/1 923/5/1 927/5/1
f 929/5/1 925/5/1 924/5/1
f 929/4/1 924/4/1 928/4/1
f 930/5/1 925/5/1 929/5/1
f 934/2/1 932/2/1 931/2/1
f 935/2/1 932/2/1 934/2/1
f 936/2/1 932/2/1 935/2/1
f 937/2/1 932/2/1 936/2/1
f 938/2/1 932/2/1 937/2/1
f 939/2/1 932/2/1 938/2/1
f 942/2/1 934/2/1 933/2/1
f 942/2/1 935/2/1 934/2/1
f 943/2/1 935/2/1 942/2/1
f 944/2/1 935/2/1 943/2/1
f 945/2/1 939/2/1 938/2/1
f 945/2/1 940/2/1 939/2/1
f 946/2/1 940/2/1 945/2/1
f 947/2/1 940/2/1 946/2/1
f 950/2/1 943/2/1 942/2/1
f 950/2/1 942/2/1 941/2/1
f 951/2/1 943/2/1 950/2/1
f 952/2/1 943/2/1 951/2/1
f 953/2/1 948/2/1 947/2/1
f 953/2/1 947/2/1 946/2/1
f 954/2/1 948/2/1 953/2/1
f 955/2/1 948/2/1 954/2/1
f 958/2/1 951/2/1 950/2/1
f 958/2/1 950/2/1 949/2/1
f 959/2/1 951/2/1 958/2/1
f 960/2/1 951/2/1 959/2/1
f 961/2/1 956/2/1 955/2/1
f 961/2/1 955/2/1 954/2/1
f 962/2/1 956/2/1 961/2/1
f 963/2/1 956/2/1 962/2/1
f 966/2/1 959/2/1 958/2/1
f 966/2/1 958/2/1 957/2/1
f 967/2/1 959/2/1 966/2/1
f 968/2/1 959/2/1 967/2/1
f 969/2/1 964/2/1 963/2/1
f 969/2/1 963/2/1 962/2/1
f 970/2/1 964/2/1 969/2/1
f 971/2/1 964/2/1 970/2/1
f 974/2/1 967/2/1 966/2/1
f 974/2/1 966/2/1 965/2/1
f 975/2/1 967/2/1 974/2/1
f 976/2/1 967/2/1 975/2/1
f 977/2/1 972/2/1 971/2/1
f 977/2/1 971/2/1 970/2/1
f 978/2/1 972/2/1 977/2/1
f 979/2/1 975/2/1 974/2/1
f 979/2/1 974/2/1 973/2/1
f 980/2/1 972/2/1 978/2/1
f 983/2/1 979/2/1 973/2/1
f 984/2/1 979/2/1 983/2/1
f 985/2/1 979/2/1 984/2/1
f 986/2/1 981/2/1 980/2/1
f 986/2/1 980/2/1 978/2/1
f 987/2/1 981/2/1 986/2/1
f 988/2/1 981/2/1 987/2/1
f 990/2/1 984/2/1 983/2/1
f 990/2/1 983/2/1 982/2/1
f 991/2/1 984/2/1 990/2/1
f 992/2/1 984/2/1 991/2/1
f 995/2/1 989/2/1 988/2/1
f 995/2/1 988/2/1 987/2/1
f 996/2/1 989/2/1 995/2/1
f 997/2/1 989/2/1 996/2/1
f 998/2/1 993/2/1 992/2/1
f 998/2/1 992/2/1 991/2/1
f 999/2/1 998/2/1 991/2/1
f 1000/2/1 998/2/1 999/2/1
f 1001/2/1 998/2/1 1000/2/1
f 1004/2/1 996/2/1 995/2/1
f 1004/2/1 995/2/1 994/2/1
f 1005/2/1 996/2/1 1004/2/1
f 1006/2/1 1002/2/1 1001/2/1
f 1006/2/1 1001/2/1 1000/2/1
f 1007/2/1 1002/2/1 1006/2/1
f 1008/2/1 1002/2/1 1007/2/1
f 1011/2/1 1004/2/1 1003/2/1
f 1012/2/1 1009/2/1 1008/2/1
f 1012/2/1 1008/2/1 1007/2/1
f 1013/2/1 1009/2/1 1012/2/1
f 1014/2/1 1009/2/1 1013/2/1
f 1017/2/1 1011/2/1 1010/2/1
f 1018/2/1 1004/2/1 1011/2/1
f 1018/2/1 1011/2/1 1017/2/1
f 1019/2/1 1004/2/1 1018/2/1
f 1020/2/1 1015/2/1 1014/2/1
f 1020/2/1 1014/2/1 1013/2/1
f 1021/2/1 1015/2/1 1020/2/1
f 1022/2/1 1015/2/1 1021/2/1
f 1025/2/1 1017/2/1 1016/2/1
f 1025/2/1 1018/2/1 1017/2/1
f 1026/2/1 1018/2/1 1025/2/1
f 1027/2/1 1018/2/1 1026/2/1
f 1028/2/1 1023/2/1 1022/2/1
f 1028/2/1 1022/2/1 1021/2/1
f 1030/2/1 1026/2/1 1025/2/1
f 1030/2/1 1025/2/1 1024/2/1
f 1031/2/1 1026/2/1 1030/2/1
f 1032/2/1 1026/2/1 1031/2/1
f 1033/2/1 1028/2/1 1021/2/1
f 1034/2/1 1028/2/1 1033/2/1
f 1035/2/1 1028/2/1 1034/2/1
f 1038/2/1 1030/2/1 1029/2/1
f 1038/2/1 1031/2/1 1030/2/1
f 1039/2/1 1031/2/1 1038/2/1
f 1040/2/1 1031/2/1 1039/2/1
f 1041/2/1 1036/2/1 1035/2/1
f 1041/2/1 1035/2/1 1034/2/1
f 1042/2/1 1036/2/1 1041/2/1
f 1043/2/1 1036/2/1 1042/2/1
f 1046/2/1 1039/2/1 1038/2/1
f 1046/2/1 1038/2/1 1037/2/1
f 1047/2/1 1039/2/1 1046/2/1
f 1048/2/1 1039/2/1 1047/2/1
f 1049/2/1 1044/2/1 1043/2/1
f 1049/2/1 1043/2/1 1042/2/1
f 1050/2/1 1044/2/1 1049/2/1
f 1051/2/1 1044/2/1 1050/2/1
f 1054/2/1 1047/2/1 1046/2/1
f 1054/2/1 1046/2/1 1045/2/1
f 1055/2/1 1047/2/1 1054/2/1
f 1056/2/1 1047/2/1 1055/2/1
f 1057/6/1 1052/6/1 1051/6/1
f 1057/6/1 1051/6/1 1050/6/1
f 1058/6/1 1052/6/1 1057/6/1
f 1059/6/1 1052/6/1 1058/6/1
f 1062/2/1 1055/2/1 1054/2/1
f 1062/2/1 1054/2/1 1053/2/1
f 1063/2/1 1055/2/1 1062/2/1
f 1064/2/1 1055/2/1 1063/2/1
f 1065/7/1 1059/7/1 1058/7/1
f 1066/6/1 1060/6/1 1059/6/1
f 1066/7/1 1059/7/1 1065/7/1
f 1067/6/1 1066/6/1 1065/6/1
f 1068/6/1 1060/6/1 1066/6/1
f 1068/6/1 1066/6/1 1067/6/1
f 1069/6/1 1060/6/1 1068/6/1
f 1072/2/1 1063/2/1 1062/2/1
f 1072/2/1 1062/2/1 1061/2/1
f 1073/2/1 1063/2/1 1072/2/1
f 1074/2/1 1063/2/1 1073/2/1
f 1075/2/1 1070/2/1 1069/2/1
f 1075/2/1 1069/2/1 1068/2/1
f 1078/2/1 1073/2/1 1072/2/1
f 1078/2/1 1072/2/1 1071/2/1
f 1079/2/1 1076/2/1 1075/2/1
f 1079/2/1 1075/2/1 1068/2/1
f 1080/2/1 1076/2/1 1079/2/1
f 1081/2/1 1076/2/1 1080/2/1
f 1082/2/1 1078/2/1 1077/2/1
f 1082/2/1 1073/2/1 1078/2/1
f 1083/2/1 1073/2/1 1082/2/1
f 1084/2/1 1081/2/1 1080/2/1
f 1085/2/1 1081/2/1 1084/2/1
f 1086/2/1 1081/2/1 1085/2/1
f 1089/2/1 1082/2/1 1077/2/1
f 1090/2/1 1082/2/1 1089/2/1
f 1091/2/1 1082/2/1 1090/2/1
f 1092/2/1 1087/2/1 1086/2/1
f 1092/2/1 1086/2/1 1085/2/1
f 1093/2/1 1087/2/1 1092/2/1
f 1094/2/1 1087/2/1 1093/2/1
f 1097/2/1 1090/2/1 1089/2/1
f 1097/2/1 1089/2/1 1088/2/1
f 1098/2/1 1090/2/1 1097/2/1
f 1099/2/1 1090/2/1 1098/2/1
f 1100/2/1 1095/2/1 1094/2/1
f 1100/2/1 1094/2/1 1093/2/1
f 1101/2/1 1095/2/1 1100/2/1
f 1102/2/1 1095/2/1 1101/2/1
f 1105/2/1 1098/2/1 1097/2/1
f 1105/2/1 1097/2/1 1096/2/1
f 1106/2/1 1098/2/1 1105/2/1
f 1107/2/1 1098/2/1 1106/2/1
f 1108/2/1 1103/2/1 1102/2/1
f 1108/2/1 1102/2/1 1101/2/1
f 1109/2/1 1103/2/1 1108/2/1
f 1110/2/1 1103/2/1 1109/2/1
f 1113/2/1 1106/2/1 1105/2/1
f 1113/2/1 1105/2/1 1104/2/1
f 1114/2/1 1106/2/1 1113/2/1
f 1115/2/1 1106/2/1 1114/2/1
f 1116/2/1 1111/2/1 1110/2/1
f 1116/2/1 1110/2/1 1109/2/1
f 1117/2/1 1111/2/1 1116/2/1
f 1118/2/1 1111/2/1 1117/2/1
f 1121/2/1 1114/2/1 1113/2/1
f 1121/2/1 1113/2/1 1112/2/1
f 1122/2/1 1114/2/1 1121/2/1
f 1123/2/1 1114/2/1 1122/2/1
f 1124/2/1 1119/2/1 1118/2/1
f 1124/2/1 1118/2/1 1117/2/1
f 1125/2/1 1119/2/1 1124/2/1
f 1126/2/1 1119/2/1 1125/2/1
f 1129/2/1 1122/2/1 1121/2/1
f 1129/2/1 1121/2/1 1120/2/1
f 1130/2/1 1122/2/1 1129/2/1
f 1131/2/1 1122/2/1 1130/2/1
f 1132/2/1 1128/2/1 1127/2/1
f 1132/2/1 1127/2/1 1126/2/1
f 1132/2/1 1130/2/1 1129/2/1
f 1132/2/1 1129/2/1 1128/2/1
f 1132/2/1 1126/2/1 1125/2/1
f 1133/2/1 1130/2/1 1132/2/1
f 1137/2/1 1135/2/1 1134/2/1
f 1138/2/1 1135/2/1 1137/2/1
f 1139/2/1 1135/2/1 1138/2/1
f 1140/2/1 1135/2/1 1139/2/1
f 1141/2/1 1135/2/1 1140/2/1
f 1142/2/1 1135/2/1 1141/2/1
f 1145/2/1 1137/2/1 1136/2/1
f 1145/2/1 1138/2/1 1137/2/1
f 1146/2/1 1138/2/1 1145/2/1
f 1147/2/1 1138/2/1 1146/2/1
f 1148/2/1 1142/2/1 1141/2/1
f 1148/2/1 1143/2/1 1142/2/1
f 1149/2/1 1143/2/1 1148/2/1
f 1150/2/1 1143/2/1 1149/2/1
f 1153/2/1 1146/2/1 1145/2/1
f 1153/2/1 1145/2/1 1144/2/1
f 1154/2/1 1146/2/1 1153/2/1
f 1155/2/1 1146/2/1 1154/2/1
f 1156/2/1 1151/2/1 1150/2/1
f 1156/2/1 1150/2/1 1149/2/1
f 1157/2/1 1151/2/1 1156/2/1
f 1158/2/1 1151/2/1 1157/2/1
f 1161/2/1 1154/2/1 1153/2/1
f 1161/2/1 1153/2/1 1152/2/1
f 1162/2/1 1154/2/1 1161/2/1
f 1163/2/1 1154/2/1 1162/2/1
f 1164/2/1 1159/2/1 1158/2/1
f 1164/2/1 1158/2/1 1157/2/1
f 1165/2/1 1159/2/1 1164/2/1
f 1166/2/1 1159/2/1 1165/2/1
f 1169/2/1 1162/2/1 1161/2/1
f 1169/2/1 1161/2/1 1160/2/1
f 1170/2/1 1162/2/1 1169/2/1
f 1171/2/1 1162/2/1 1170/2/1
f 1172/2/1 1167/2/1 1166/2/1
f 1172/2/1 1166/2/1 1165/2/1
f 1173/2/1 1167/2/1 1172/2/1
f 1174/2/1 1167/2/1 1173/2/1
f 1177/2/1 1170/2/1 1169/2/1
f 1177/2/1 1169/2/1 1168/2/1
f 1178/2/1 1170/2/1 1177/2/1
f 1179/2/1 1170/2/1 1178/2/1
f 1180/2/1 1175/2/1 1174/2/1
f 1180/2/1 1174/2/1 1173/2/1
f 1181/2/1 1175/2/1 1180/2/1
f 1182/2/1 1175/2/1 1181/2/1
f 1185/2/1 1178/2/1 1177/2/1
f 1185/2/1 1177/2/1 1176/2/1
f 1186/2/1 1178/2/1 1185/2/1
f 1187/2/1 1178/2/1 1186/2/1
f 1188/2/1 1183/2/1 1182/2/1
f 1188/2/1 1182/2/1 1181/2/1
f 1189/2/1 1183/2/1 1188/2/1
f 1190/2/1 1183/2/1 1189/2/1
f 1192/2/1 1186/2/1 1185/2/1
f 1192/2/1 1185/2/1 1184/2/1
f 1193/2/1 1191/2/1 1190/2/1
f 1193/2/1 1190/2/1 1189/2/1
f 1194/2/1 1192/2/1 1184/2/1
f 1195/2/1 1191/2/1 1193/2/1
f 1196/2/1 1194/2/1 1184/2/1
f 1197/2/1 1194/2/1 1196/2/1
f 1198/2/1 1194/2/1 1197/2/1
f 1201/2/1 1191/2/1 1195/2/1
f 1202/2/1 1191/2/1 1201/2/1
f 1203/2/1 1191/2/1 1202/2/1
f 1204/2/1 1199/2/1 1198/2/1
f 1204/2/1 1198/2/1 1197/2/1
f 1205/2/1 1199/2/1 1204/2/1
f 1206/2/1 1199/2/1 1205/2/1
f 1209/2/1 1202/2/1 1201/2/1
f 1209/2/1 1201/2/1 1200/2/1
f 1210/2/1 1202/2/1 1209/2/1
f 1211/2/1 1207/2/1 1206/2/1
f 1211/2/1 1206/2/1 1205/2/1
f 1212/2/1 1207/2/1 1211/2/1
f 1213/2/1 1207/2/1 1212/2/1
f 1216/2/1 1209/2/1 1208/2/1
f 1217/2/1 1214/2/1 1213/2/1
f 1217/2/1 1213/2/1 1212/2/1
f 1218/2/1 1214/2/1 1217/2/1
f 1219/2/1 1214/2/1 1218/2/1
f 1222/2/1 1216/2/1 1215/2/1
f 1223/2/1 1209/2/1 1216/2/1
f 1223/2/1 1216/2/1 1222/2/1
f 1224/2/1 1209/2/1 1223/2/1
f 1225/2/1 1220/2/1 1219/2/1
f 1225/2/1 1219/2/1 1218/2/1
f 1226/2/1 1220/2/1 1225/2/1
f 1227/2/1 1220/2/1 1226/2/1
f 1230/2/1 1222/2/1 1221/2/1
f 1230/2/1 1223/2/1 1222/2/1
f 1231/2/1 1223/2/1 1230/2/1
f 1232/2/1 1223/2/1 1231/2/1
f 1233/2/1 1228/2/1 1227/2/1
f 1233/2/1 1227/2/1 1226/2/1
f 1235/2/1 1231/2/1 1230/2/1
f 1235/2/1 1230/2/1 1229/2/1
f 1236/2/1 1231/2/1 1235/2/1
f 1237/2/1 1231/2/1 1236/2/1
f 1238/2/1 1233/2/1 1226/2/1
f 1239/2/1 1233/2/1 1238/2/1
f 1240/2/1 1233/2/1 1239/2/1
f 1243/2/1 1235/2/1 1234/2/1
f 1243/2/1 1236/2/1 1235/2/1
f 1244/2/1 1236/2/1 1243/2/1
f 1245/2/1 1236/2/1 1244/2/1
f 1246/2/1 1241/2/1 1240/2/1
f 1246/2/1 1240/2/1 1239/2/1
f 1247/2/1 1241/2/1 1246/2/1
f 1248/2/1 1241/2/1 1247/2/1
f 1251/2/1 1244/2/1 1243/2/1
f 1251/2/1 1243/2/1 1242/2/1
f 1252/2/1 1244/2/1 1251/2/1
f 1253/2/1 1244/2/1 1252/2/1
f 1254/2/1 1249/2/1 1248/2/1
f 1254/2/1 1248/2/1 1247/2/1
f 1255/2/1 1249/2/1 1254/2/1
f 1256/2/1 1249/2/1 1255/2/1
f 1259/2/1 1252/2/1 1251/2/1
f 1259/2/1 1251/2/1 1250/2/1
f 1260/2/1 1252/2/1 1259/2/1
f 1261/2/1 1252/2/1 1260/2/1
f 1262/6/1 1257/6/1 1256/6/1
f 1262/6/1 1256/6/1 1255/6/1
f 1263/6/1 1257/6/1 1262/6/1
f 1264/6/1 1257/6/1 1263/6/1
f 1267/2/1 1260/2/1 1259/2/1
f 1267/2/1 1259/2/1 1258/2/1
f 1268/2/1 1260/2/1 1267/2/1
f 1269/2/1 1260/2/1 1268/2/1
f 1270/7/1 1264/7/1 1263/7/1
f 1271/6/1 1265/6/1 1264/6/1
f 1271/7/1 1264/7/1 1270/7/1
f 1272/6/1 1271/6/1 1270/6/1
f 1273/6/1 1265/6/1 1271/6/1
f 1273/6/1 1271/6/1 1272/6/1
f 1274/6/1 1265/6/1 1273/6/1
f 1277/2/1 1268/2/1 1267/2/1
f 1277/2/1 1267/2/1 1266/2/1
f 1278/2/1 1268/2/1 1277/2/1
f 1279/2/1 1268/2/1 1278/2/1
f 1280/2/1 1275/2/1 1274/2/1
f 1280/2/1 1274/2/1 1273/2/1
f 1283/2/1 1278/2/1 1277/2/1
f 1283/2/1 1277/2/1 1276/2/1
f 1284/2/1 1281/2/1 1280/2/1
f 1284/2/1 1280/2/1 1273/2/1
f 1285/2/1 1281/2/1 1284/2/1
f 1286/2/1 1283/2/1 1282/2/1
f 1286/2/1 1278/2/1 1283/2/1
f 1287/2/1 1278/2/1 1286/2/1
f 1288/2/1 1281/2/1 1285/2/1
f 1289/2/1 1281/2/1 1288/2/1
f 1290/2/1 1281/2/1 1289/2/1
f 1293/2/1 1286/2/1 1282/2/1
f 1294/2/1 1286/2/1 1293/2/1
f 1295/2/1 1286/2/1 1294/2/1
f 1296/2/1 1291/2/1 1290/2/1
f 1296/2/1 1290/2/1 1289/2/1
f 1297/2/1 1291/2/1 1296/2/1
f 1298/2/1 1291/2/1 1297/2/1
f 1301/2/1 1294/2/1 1293/2/1
f 1301/2/1 1293/2/1 1292/2/1
f 1302/2/1 1294/2/1 1301/2/1
f 1303/2/1 1294/2/1 1302/2/1
f 1304/2/1 1299/2/1 1298/2/1
f 1304/2/1 1298/2/1 1297/2/1
f 1305/2/1 1299/2/1 1304/2/1
f 1306/2/1 1299/2/1 1305/2/1
f 1309/2/1 1302/2/1 1301/2/1
f 1309/2/1 1301/2/1 1300/2/1
f 1310/2/1 1302/2/1 1309/2/1
f 1311/2/1 1302/2/1 1310/2/1
f 1312/2/1 1307/2/1 1306/2/1
f 1312/2/1 1306/2/1 1305/2/1
f 1313/2/1 1307/2/1 1312/2/1
f 1314/2/1 1307/2/1 1313/2/1
f 1317/2/1 1310/2/1 1309/2/1
f 1317/2/1 1309/2/1 1308/2/1
f 1318/2/1 1310/2/1 1317/2/1
f 1319/2/1 1310/2/1 1318/2/1
f 1320/2/1 1315/2/1 1314/2/1
f 1320/2/1 1314/2/1 1313/2/1
f 1321/2/1 1315/2/1 1320/2/1
f 1322/2/1 1315/2/1 1321/2/1
f 1325/2/1 1318/2/1 1317/2/1
f 1325/2/1 1317/2/1 1316/2/1
f 1326/2/1 1318/2/1 1325/2/1
f 1327/2/1 1318/2/1 1326/2/1
f 1328/2/1 1323/2/1 1322/2/1
f 1328/2/1 1322/2/1 1321/2/1
f 1329/2/1 1323/2/1 1328/2/1
f 1330/2/1 1323/2/1 1329/2/1
f 1331/2/1 1326/2/1 1325/2/1
f 1331/2/1 1325/2/1 1324/2/1
f 1332/2/1 1326/2/1 1331/2/1
f 1333/2/1 1326/2/1 1332/2/1
f 1334/2/1 1330/2/1 1329/2/1
f 1334/2/1 1332/2/1 1331/2/1
f 1334/2/1 1331/2/1 1330/2/1
f 1335/2/1 1332/2/1 1334/2/1
f 1336/2/2 1337/2/2 1339/2/2
f 1339/2/2 1337/2/2 1340/2/2
f 1340/2/2 1337/2/2 1341/2/2
f 1341/2/2 1337/2/2 1342/2/2
f 1342/2/2 1337/2/2 1343/2/2
f 1343/2/2 1337/2/2 1344/2/2
f 1338/2/2 1339/2/2 1347/2/2
f 1339/2/2 1340/2/2 1347/2/2
f 1347/2/2 1340/2/2 1348/2/2
f 1348/2/2 1340/2/2 1349/2/2
f 1343/2/2 1344/2/2 1350/2/2
f 1344/2/2 1345/2/2 1350/2/2
f 1350/2/2 1345/2/2 1351/2/2
f 1351/2/2 1345/2/2 1352/2/2
f 1347/2/2 1348/2/2 1355/2/2
f 1346/2/2 1347/2/2 1355/2/2
f 1355/2/2 1348/2/2 1356/2/2
f 1356/2/2 1348/2/2 1357/2/2
f 1352/2/2 1353/2/2 1358/2/2
f 1351/2/2 1352/2/2 1358/2/2
f 1358/2/2 1353/2/2 1359/2/2
f 1359/2/2 1353/2/2 1360/2/2
f 1355/2/2 1356/2/2 1363/2/2
f 1354/2/2 1355/2/2 1363/2/2
f 1363/2/2 1356/2/2 1364/2/2
f 1364/2/2 1356/2/2 1365/2/2
f 1360/2/2 1361/2/2 1366/2/2
f 1359/2/2 1360/2/2 1366/2/2
f 1366/2/2 1361/2/2 1367/2/2
f 1367/2/2 1361/2/2 1368/2/2
f 1363/2/2 1364/2/2 1371/2/2
f 1362/2/2 1363/2/2 1371/2/2
f 1371/2/2 1364/2/2 1372/2/2
f 1372/2/2 1364/2/2 1373/2/2
f 1368/2/2 1369/2/2 1374/2/2
f 1367/2/2 1368/2/2 1374/2/2
f 1374/2/2 1369/2/2 1375/2/2
f 1375/2/2 1369/2/2 1376/2/2
f 1371/2/2 1372/2/2 1379/2/2
f 1370/2/2 1371/2/2 1379/2/2
f 1379/2/2 1372/2/2 1380/2/2
f 1380/2/2 1372/2/2 1381/2/2
f 1376/2/2 1377/2/2 1382/2/2
f 1375/2/2 1376/2/2 1382/2/2
f 1382/2/2 1377/2/2 1383/2/2
f 1383/2/2 1377/2/2 1384/2/2
f 1379/2/2 1380/2/2 1387/2/2
f 1378/2/2 1379/2/2 1387/2/2
f 1387/2/2 1380/2/2 1388/2/2
f 1388/2/2 1380/2/2 1389/2/2
f 1384/2/2 1385/2/2 1390/2/2
f 1383/2/2 1384/2/2 1390/2/2
f 1390/2/2 1385/2/2 1391/2/2
f 1391/2/2 1385/2/2 1392/2/2
f 1387/2/2 1388/2/2 1394/2/2
f 1386/2/2 1387/2/2 1394/2/2
f 1394/2/2 1388/2/2 1395/2/2
f 1395/2/2 1388/2/2 1396/2/2
f 1392/2/2 1393/2/2 1399/2/2
f 1391/2/2 1392/2/2 1399/2/2
f 1399/2/2 1393/2/2 1400/2/2
f 1400/2/2 1393/2/2 1401/2/2
f 1396/2/2 1397/2/2 1402/2/2
f 1395/2/2 1396/2/2 1402/2/2
f 1395/2/2 1402/2/2 1403/2/2
f 1403/2/2 1402/2/2 1404/2/2
f 1404/2/2 1402/2/2 1405/2/2
f 1399/2/2 1400/2/2 1408/2/2
f 1398/2/2 1399/2/2 1408/2/2
f 1408/2/2 1400/2/2 1409/2/2
f 1405/2/2 1406/2/2 1410/2/2
f 1404/2/2 1405/2/2 1410/2/2
f 1410/2/2 1406/2/2 1411/2/2
f 1411/2/2 1406/2/2 1412/2/2
f 1407/2/2 1408/2/2 1415/2/2
f 1412/2/2 1413/2/2 1416/2/2
f 1411/2/2 1412/2/2 1416/2/2
f 1416/2/2 1413/2/2 1417/2/2
f 1417/2/2 1413/2/2 1418/2/2
f 1414/2/2 1415/2/2 1421/2/2
f 1415/2/2 1408/2/2 1422/2/2
f 1421/2/2 1415/2/2 1422/2/2
f 1422/2/2 1408/2/2 1423/2/2
f 1418/2/2 1419/2/2 1424/2/2
f 1417/2/2 1418/2/2 1424/2/2
f 1424/2/2 1419/2/2 1425/2/2
f 1425/2/2 1419/2/2 1426/2/2
f 1420/2/2 1421/2/2 1429/2/2
f 1421/2/2 1422/2/2 1429/2/2
f 1429/2/2 1422/2/2 1430/2/2
f 1430/2/2 1422/2/2 1431/2/2
f 1426/2/2 1427/2/2 1432/2/2
f 1425/2/2 1426/2/2 1432/2/2
f 1429/2/2 1430/2/2 1434/2/2
f 1428/2/2 1429/2/2 1434/2/2
f 1434/2/2 1430/2/2 1435/2/2
f 1435/2/2 1430/2/2 1436/2/2
f 1425/2/2 1432/2/2 1437/2/2
f 1437/2/2 1432/2/2 1438/2/2
f 1438/2/2 1432/2/2 1439/2/2
f 1433/2/2 1434/2/2 1442/2/2
f 1434/2/2 1435/2/2 1442/2/2
f 1442/2/2 1435/2/2 1443/2/2
f 1443/2/2 1435/2/2 1444/2/2
f 1439/2/2 1440/2/2 1445/2/2
f 1438/2/2 1439/2/2 1445/2/2
f 1445/2/2 1440/2/2 1446/2/2
f 1446/2/2 1440/2/2 1447/2/2
f 1442/2/2 1443/2/2 1450/2/2
f 1441/2/2 1442/2/2 1450/2/2
f 1450/2/2 1443/2/2 1451/2/2
f 1451/2/2 1443/2/2 1452/2/2
f 1447/2/2 1448/2/2 1453/2/2
f 1446/2/2 1447/2/2 1453/2/2
f 1453/2/2 1448/2/2 1454/2/2
f 1454/2/2 1448/2/2 1455/2/2
f 1450/2/2 1451/2/2 1458/2/2
f 1449/2/2 1450/2/2 1458/2/2
f 1458/2/2 1451/2/2 1459/2/2
f 1459/2/2 1451/2/2 1460/2/2
f 1455/6/2 1456/6/2 1461/6/2
f 1454/6/2 1455/6/2 1461/6/2
f 1461/6/2 1456/6/2 1462/6/2
f 1462/6/2 1456/6/2 1463/6/2
f 1458/2/2 1459/2/2 1466/2/2
f 1457/2/2 1458/2/2 1466/2/2
f 1466/2/2 1459/2/2 1467/2/2
f 1467/2/2 1459/2/2 1468/2/2
f 1462/7/2 1463/7/2 1469/7/2
f 1463/6/2 1464/6/2 1470/6/2
f 1469/7/2 1463/7/2 1470/7/2
f 1469/6/2 1470/6/2 1471/6/2
f 1470/6/2 1464/6/2 1472/6/2
f 1471/6/2 1470/6/2 1472/6/2
f 1472/6/2 1464/6/2 1473/6/2
f 1466/2/2 1467/2/2 1476/2/2
f 1465/2/2 1466/2/2 1476/2/2
f 1476/2/2 1467/2/2 1477/2/2
f 1477/2/2 1467/2/2 1478/2/2
f 1473/2/2 1474/2/2 1479/2/2
f 1472/2/2 1473/2/2 1479/2/2
f 1476/2/2 1477/2/2 1482/2/2
f 1475/2/2 1476/2/2 1482/2/2
f 1479/2/2 1480/2/2 1483/2/2
f 1472/2/2 1479/2/2 1483/2/2
f 1483/2/2 1480/2/2 1484/2/2
f 1484/2/2 1480/2/2 1485/2/2
f 1481/2/2 1482/2/2 1486/2/2
f 1482/2/2 1477/2/2 1486/2/2
f 1486/2/2 1477/2/2 1487/2/2
f 1484/2/2 1485/2/2 1488/2/2
f 1488/2/2 1485/2/2 1489/2/2
f 1489/2/2 1485/2/2 1490/2/2
f 1481/2/2 1486/2/2 1493/2/2
f 1493/2/2 1486/2/2 1494/2/2
f 1494/2/2 1486/2/2 1495/2/2
f 1490/2/2 1491/2/2 1496/2/2
f 1489/2/2 1490/2/2 1496/2/2
f 1496/2/2 1491/2/2 1497/2/2
f 1497/2/2 1491/2/2 1498/2/2
f 1493/2/2 1494/2/2 1501/2/2
f 1492/2/2 1493/2/2 1501/2/2
f 1501/2/2 1494/2/2 1502/2/2
f 1502/2/2 1494/2/2 1503/2/2
f 1498/2/2 1499/2/2 1504/2/2
f 1497/2/2 1498/2/2 1504/2/2
f 1504/2/2 1499/2/2 1505/2/2
f 1505/2/2 1499/2/2 1506/2/2
f 1501/2/2 1502/2/2 1509/2/2
f 1500/2/2 1501/2/2 1509/2/2
f 1509/2/2 1502/2/2 1510/2/2
f 1510/2/2 1502/2/2 1511/2/2
f 1506/2/2 1507/2/2 1512/2/2
f 1505/2/2 1506/2/2 1512/2/2
f 1512/2/2 1507/2/2 1513/2/2
f 1513/2/2 1507/2/2 1514/2/2
f 1509/2/2 1510/2/2 1517/2/2
f 1508/2/2 1509/2/2 1517/2/2
f 1517/2/2 1510/2/2 1518/2/2
f 1518/2/2 1510/2/2 1519/2/2
f 1514/2/2 1515/2/2 1520/2/2
f 1513/2/2 1514/2/2 1520/2/2
f 1520/2/2 1515/2/2 1521/2/2
f 1521/2/2 1515/2/2 1522/2/2
f 1517/2/2 1518/2/2 1525/2/2
f 1516/2/2 1517/2/2 1525/2/2
f 1525/2/2 1518/2/2 1526/2/2
f 1526/2/2 1518/2/2 1527/2/2
f 1522/2/2 1523/2/2 1528/2/2
f 1521/2/2 1522/2/2 1528/2/2
f 1528/2/2 1523/2/2 1529/2/2
f 1529/2/2 1523/2/2 1530/2/2
f 1525/2/2 1526/2/2 1533/2/2
f 1524/2/2 1525/2/2 1533/2/2
f 1533/2/2 1526/2/2 1534/2/2
f 1534/2/2 1526/2/2 1535/2/2
f 1531/2/2 1532/2/2 1536/2/2
f 1530/2/2 1531/2/2 1536/2/2
f 1533/2/2 1534/2/2 1536/2/2
f 1532/2/2 1533/2/2 1536/2/2
f 1529/2/2 1530/2/2 1536/2/2
f 1536/2/2 1534/2/2 1537/2/2
f 1538/2/2 1539/2/2 1541/2/2
f 1541/2/2 1539/2/2 1542/2/2
f 1542/2/2 1539/2/2 1543/2/2
f 1543/2/2 1539/2/2 1544/2/2
f 1544/2/2 1539/2/2 1545/2/2
f 1545/2/2 1539/2/2 1546/2/2
f 1540/2/2 1541/2/2 1549/2/2
f 1541/2/2 1542/2/2 1549/2/2
f 1549/2/2 1542/2/2 1550/2/2
f 1550/2/2 1542/2/2 1551/2/2
f 1545/2/2 1546/2/2 1552/2/2
f 1546/2/2 1547/2/2 1552/2/2
f 1552/2/2 1547/2/2 1553/2/2
f 1553/2/2 1547/2/2 1554/2/2
f 1549/2/2 1550/2/2 1557/2/2
f 1548/2/2 1549/2/2 1557/2/2
f 1557/2/2 1550/2/2 1558/2/2
f 1558/2/2 1550/2/2 1559/2/2
f 1554/2/2 1555/2/2 1560/2/2
f 1553/2/2 1554/2/2 1560/2/2
f 1560/2/2 1555/2/2 1561/2/2
f 1561/2/2 1555/2/2 1562/2/2
f 1557/2/2 1558/2/2 1565/2/2
f 1556/2/2 1557/2/2 1565/2/2
f 1565/2/2 1558/2/2 1566/2/2
f 1566/2/2 1558/2/2 1567/2/2
f 1562/2/2 1563/2/2 1568/2/2
f 1561/2/2 1562/2/2 1568/2/2
f 1568/2/2 1563/2/2 1569/2/2
f 1569/2/2 1563/2/2 1570/2/2
f 1565/2/2 1566/2/2 1573/2/2
f 1564/2/2 1565/2/2 1573/2/2
f 1573/2/2 1566/2/2 1574/2/2
f 1574/2/2 1566/2/2 1575/2/2
f 1570/2/2 1571/2/2 1576/2/2
f 1569/2/2 1570/2/2 1576/2/2
f 1576/2/2 1571/2/2 1577/2/2
f 1577/2/2 1571/2/2 1578/2/2
f 1573/2/2 1574/2/2 1581/2/2
f 1572/2/2 1573/2/2 1581/2/2
f 1581/2/2 1574/2/2 1582/2/2
f 1582/2/2 1574/2/2 1583/2/2
f 1578/2/2 1579/2/2 1584/2/2
f 1577/2/2 1578/2/2 1584/2/2
f 1584/2/2 1579/2/2 1585/2/2
f 1585/2/2 1579/2/2 1586/2/2
f 1581/2/2 1582/2/2 1589/2/2
f 1580/2/2 1581/2/2 1589/2/2
f 1589/2/2 1582/2/2 1590/2/2
f 1590/2/2 1582/2/2 1591/2/2
f 1586/2/2 1587/2/2 1592/2/2
f 1585/2/2 1586/2/2 1592/2/2
f 1592/2/2 1587/2/2 1593/2/2
f 1593/2/2 1587/2/2 1594/2/2
f 1589/2/2 1590/2/2 1596/2/2
f 1588/2/2 1589/2/2 1596/2/2
f 1594/2/2 1595/2/2 1597/2/2
f 1593/2/2 1594/2/2 1597/2/2
f 1588/2/2 1596/2/2 1598/2/2
f 1597/2/2 1595/2/2 1599/2/2
f 1588/2/2 1598/2/2 1600/2/2
f 1600/2/2 1598/2/2 1601/2/2
f 1601/2/2 1598/2/2 1602/2/2
f 1599/2/2 1595/2/2 1605/2/2
f 1605/2/2 1595/2/2 1606/2/2
f 1606/2/2 1595/2/2 1607/2/2
f 1602/2/2 1603/2/2 1608/2/2
f 1601/2/2 1602/2/2 1608/2/2
f 1608/2/2 1603/2/2 1609/2/2
f 1609/2/2 1603/2/2 1610/2/2
f 1605/2/2 1606/2/2 1613/2/2
f 1604/2/2 1605/2/2 1613/2/2
f 1613/2/2 1606/2/2 1614/2/2
f 1610/2/2 1611/2/2 1615/2/2
f 1609/2/2 1610/2/2 1615/2/2
f 1615/2/2 1611/2/2 1616/2/2
f 1616/2/2 1611/2/2 1617/2/2
f 1612/2/2 1613/2/2 1620/2/2
f 1617/2/2 1618/2/2 1621/2/2
f 1616/2/2 1617/2/2 1621/2/2
f 1621/2/2 1618/2/2 1622/2/2
f 1622/2/2 1618/2/2 1623/2/2
f 1619/2/2 1620/2/2 1626/2/2
f 1620/2/2 1613/2/2 1627/2/2
f 1626/2/2 1620/2/2 1627/2/2
f 1627/2/2 1613/2/2 1628/2/2
f 1623/2/2 1624/2/2 1629/2/2
f 1622/2/2 1623/2/2 1629/2/2
f 1629/2/2 1624/2/2 1630/2/2
f 1630/2/2 1624/2/2 1631/2/2
f 1625/2/2 1626/2/2 1634/2/2
f 1626/2/2 1627/2/2 1634/2/2
f 1634/2/2 1627/2/2 1635/2/2
f 1635/2/2 1627/2/2 1636/2/2
f 1631/2/2 1632/2/2 1637/2/2
f 1630/2/2 1631/2/2 1637/2/2
f 1634/2/2 1635/2/2 1639/2/2
f 1633/2/2 1634/2/2 1639/2/2
f 1639/2/2 1635/2/2 1640/2/2
f 1640/2/2 1635/2/2 1641/2/2
f 1630/2/2 1637/2/2 1642/2/2
f 1642/2/2 1637/2/2 1643/2/2
f 1643/2/2 1637/2/2 1644/2/2
f 1638/2/2 1639/2/2 1647/2/2
f 1639/2/2 1640/2/2 1647/2/2
f 1647/2/2 1640/2/2 1648/2/2
f 1648/2/2 1640/2/2 1649/2/2
f 1644/2/2 1645/2/2 1650/2/2
f 1643/2/2 1644/2/2 1650/2/2
f 1650/2/2 1645/2/2 1651/2/2
f 1651/2/2 1645/2/2 1652/2/2
f 1647/2/2 1648/2/2 1655/2/2
f 1646/2/2 1647/2/2 1655/2/2
f 1655/2/2 1648/2/2 1656/2/2
f 1656/2/2 1648/2/2 1657/2/2
f 1652/2/2 1653/2/2 1658/2/2
f 1651/2/2 1652/2/2 1658/2/2
f 1658/2/2 1653/2/2 1659/2/2
f 1659/2/2 1653/2/2 1660/2/2
f 1655/2/2 1656/2/2 1663/2/2
f 1654/2/2 1655/2/2 1663/2/2
f 1663/2/2 1656/2/2 1664/2/2
f 1664/2/2 1656/2/2 1665/2/2
f 1660/6/2 1661/6/2 1666/6/2
f 1659/6/2 1660/6/2 1666/6/2
f 1666/6/2 1661/6/2 1667/6/2
f 1667/6/2 1661/6/2 1668/6/2
f 1663/2/2 1664/2/2 1671/2/2
f 1662/2/2 1663/2/2 1671/2/2
f 1671/2/2 1664/2/2 1672/2/2
f 1672/2/2 1664/2/2 1673/2/2
f 1667/7/2 1668/7/2 1674/7/2
f 1668/6/2 1669/6/2 1675/6/2
f 1674/7/2 1668/7/2 1675/7/2
f 1674/6/2 1675/6/2 1676/6/2
f 1675/6/2 1669/6/2 1677/6/2
f 1676/6/2 1675/6/2 1677/6/2
f 1677/6/2 1669/6/2 1678/6/2
f 1671/2/2 1672/2/2 1681/2/2
f 1670/2/2 1671/2/2 1681/2/2
f 1681/2/2 1672/2/2 1682/2/2
f 1682/2/2 1672/2/2 1683/2/2
f 1678/2/2 1679/2/2 1684/2/2
f 1677/2/2 1678/2/2 1684/2/2
f 1681/2/2 1682/2/2 1687/2/2
f 1680/2/2 1681/2/2 1687/2/2
f 1684/2/2 1685/2/2 1688/2/2
f 1677/2/2 1684/2/2 1688/2/2
f 1688/2/2 1685/2/2 1689/2/2
f 1686/2/2 1687/2/2 1690/2/2
f 1687/2/2 1682/2/2 1690/2/2
f 1690/2/2 1682/2/2 1691/2/2
f 1689/2/2 1685/2/2 1692/2/2
f 1692/2/2 1685/2/2 1693/2/2
f 1693/2/2 1685/2/2 1694/2/2
f 1686/2/2 1690/2/2 1697/2/2
f 1697/2/2 1690/2/2 1698/2/2
f 1698/2/2 1690/2/2 1699/2/2
f 1694/2/2 1695/2/2 1700/2/2
f 1693/2/2 1694/2/2 1700/2/2
f 1700/2/2 1695/2/2 1701/2/2
f 1701/2/2 1695/2/2 1702/2/2
f 1697/2/2 1698/2/2 1705/2/2
f 1696/2/2 1697/2/2 1705/2/2
f 1705/2/2 1698/2/2 1706/2/2
f 1706/2/2 1698/2/2 1707/2/2
f 1702/2/2 1703/2/2 1708/2/2
f 1701/2/2 1702/2/2 1708/2/2
f 1708/2/2 1703/2/2 1709/2/2
f 1709/2/2 1703/2/2 1710/2/2
f 1705/2/2 1706/2/2 1713/2/2
f 1704/2/2 1705/2/2 1713/2/2
f 1713/2/2 1706/2/2 1714/2/2
f 1714/2/2 1706/2/2 1715/2/2
f 1710/2/2 1711/2/2 1716/2/2
f 1709/2/2 1710/2/2 1716/2/2
f 1716/2/2 1711/2/2 1717/2/2
f 1717/2/2 1711/2/2 1718/2/2
f 1713/2/2 1714/2/2 1721/2/2
f 1712/2/2 1713/2/2 1721/2/2
f 1721/2/2 1714/2/2 1722/2/2
f 1722/2/2 1714/2/2 1723/2/2
f 1718/2/2 1719/2/2 1724/2/2
f 1717/2/2 1718/2/2 1724/2/2
f 1724/2/2 1719/2/2 1725/2/2
f 1725/2/2 1719/2/2 1726/2/2
f 1721/2/2 1722/2/2 1729/2/2
f 1720/2/2 1721/2/2 1729/2/2
f 1729/2/2 1722/2/2 1730/2/2
f 1730/2/2 1722/2/2 1731/2/2
f 1726/2/2 1727/2/2 1732/2/2
f 1725/2/2 1726/2/2 1732/2/2
f 1732/2/2 1727/2/2 1733/2/2
f 1733/2/2 1727/2/2 1734/2/2
f 1729/2/2 1730/2/2 1735/2/2
f 1728/2/2 1729/2/2 1735/2/2
f 1735/2/2 1730/2/2 1736/2/2
f 1736/2/2 1730/2/2 1737/2/2
f 1733/2/2 1734/2/2 1738/2/2
f 1735/2/2 1736/2/2 1738/2/2
f 1734/2/2 1735/2/2 1738/2/2
f 1738/2/2 1736/2/2 1739/2/2
f 1740/5/2 1741/5/2 1749/5/2
f 1741/4/2 1742/4/2 1750/4/2
f 1749/5/2 1741/5/2 1750/5/2
f 1742/5/2 1743/5/2 1751/5/2
f 1750/4/2 1742/4/2 1751/4/2
f 1751/5/2 1743/5/2 1752/5/2
f 1744/5/2 1745/5/2 1755/5/2
f 1745/4/2 1746/4/2 1756/4/2
f 1755/5/2 1745/5/2 1756/5/2
f 1746/5/2 1747/5/2 1757/5/2
f 1756/4/2 1746/4/2 1757/4/2
f 1757/5/2 1747/5/2 1758/5/2
f 1748/5/2 1749/5/2 1761/5/2
f 1761/5/2 1749/5/2 1762/5/2
f 1752/5/2 1753/5/2 1763/5/2
f 1763/5/2 1753/5/2 1764/5/2
f 1754/5/2 1755/5/2 1767/5/2
f 1767/5/2 1755/5/2 1768/5/2
f 1758/5/2 1759/5/2 1769/5/2
f 1769/5/2 1759/5/2 1770/5/2
f 1760/5/2 1761/5/2 1773/5/2
f 1773/5/2 1761/5/2 1774/5/2
f 1764/5/2 1765/5/2 1775/5/2
f 1775/5/2 1765/5/2 1776/5/2
f 1766/5/2 1767/5/2 1779/5/2
f 1779/5/2 1767/5/2 1780/5/2
f 1770/5/2 1771/5/2 1781/5/2
f 1781/5/2 1771/5/2 1782/5/2
f 1772/5/2 1773/5/2 1785/5/2
f 1785/5/2 1773/5/2 1786/5/2
f 1776/5/2 1777/5/2 1787/5/2
f 1787/5/2 1777/5/2 1788/5/2
f 1778/5/2 1779/5/2 1791/5/2
f 1791/5/2 1779/5/2 1792/5/2
f 1782/5/2 1783/5/2 1793/5/2
f 1793/5/2 1783/5/2 1794/5/2
f 1784/5/2 1785/5/2 1797/5/2
f 1797/5/2 1785/5/2 1798/5/2
f 1788/5/2 1789/5/2 1799/5/2
f 1799/5/2 1789/5/2 1800/5/2
f 1790/5/2 1791/5/2 1803/5/2
f 1803/5/2 1791/5/2 1804/5/2
f 1794/5/2 1795/5/2 1805/5/2
f 1805/5/2 1795/5/2 1806/5/2
f 1796/5/2 1797/5/2 1809/5/2
f 1809/5/2 1797/5/2 1810/5/2
f 1800/5/2 1801/5/2 1811/5/2
f 1811/5/2 1801/5/2 1812/5/2
f 1802/5/2 1803/5/2 1813/5/2
f 1813/5/2 1803/5/2 1814/5/2
f 1806/5/2 1807/5/2 1815/5/2
f 1815/5/2 1807/5/2 1816/5/2
f 1808/5/2 1809/5/2 1818/5/2
f 1818/5/2 1809/5/2 1819/5/2
f 1812/5/2 1813/5/2 1820/5/2
f 1820/5/2 1813/5/2 1821/5/2
f 1816/5/2 1817/5/2 1822/5/2
f 1822/5/2 1817/5/2 1823/5/2
f 1818/4/2 1819/4/2 1824/4/2
f 1824/4/2 1819/4/2 1825/4/2
f 1820/4/2 1821/4/2 1826/4/2
f 1826/4/2 1821/4/2 1827/4/2
f 1822/4/2 1823/4/2 1828/4/2
f 1828/4/2 1823/4/2 1829/4/2
f 1824/5/2 1825/5/2 1830/5/2
f 1830/5/2 1825/5/2 1831/5/2
f 1826/5/2 1827/5/2 1834/5/2
f 1834/5/2 1827/5/2 1835/5/2
f 1828/5/2 1829/5/2 1838/5/2
f 1838/5/2 1829/5/2 1839/5/2
f 1831/5/2 1832/5/2 1840/5/2
f 1840/5/2 1832/5/2 1841/5/2
f 1833/5/2 1834/5/2 1844/5/2
f 1844/5/2 1834/5/2 1845/5/2
f 1835/5/2 1836/5/2 1846/5/2
f 1846/5/2 1836/5/2 1847/5/2
f 1837/5/2 1838/5/2 1850/5/2
f 1850/5/2 1838/5/2 1851/5/2
f 1841/5/2 1842/5/2 1852/5/2
f 1852/5/2 1842/5/2 1853/5/2
f 1843/5/2 1844/5/2 1856/5/2
f 1856/5/2 1844/5/2 1857/5/2
f 1847/5/2 1848/5/2 1860/5/2
f 1860/5/2 1848/5/2 1861/5/2
f 1849/5/2 1850/5/2 1864/5/2
f 1864/5/2 1850/5/2 1865/5/2
f 1853/5/2 1854/5/2 1866/5/2
f 1866/5/2 1854/5/2 1867/5/2
f 1855/5/2 1856/5/2 1870/5/2
f 1856/5/2 1857/5/2 1870/5/2
f 1857/5/2 1858/5/2 1870/5/2
f 1858/4/2 1859/4/2 1871/4/2
f 1870/5/2 1858/5/2 1871/5/2
f 1861/5/2 1862/5/2 1872/5/2
f 1871/4/2 1859/4/2 1872/4/2
f 1859/5/2 1860/5/2 1872/5/2
f 1860/5/2 1861/5/2 1872/5/2
f 1872/5/2 1862/5/2 1873/5/2
f 1873/5/2 1862/5/2 1874/5/2
f 1863/5/2 1864/5/2 1877/5/2
f 1877/5/2 1864/5/2 1878/5/2
f 1867/5/2 1868/5/2 1879/5/2
f 1879/5/2 1868/5/2 1880/5/2
f 1869/5/2 1870/5/2 1884/5/2
f 1884/5/2 1870/5/2 1885/5/2
f 1874/5/2 1875/5/2 1886/5/2
f 1873/5/2 1874/5/2 1886/5/2
f 1886/5/2 1875/5/2 1887/5/2
f 1876/5/2 1877/5/2 1890/5/2
f 1890/5/2 1877/5/2 1891/5/2
f 1880/5/2 1881/5/2 1892/5/2
f 1892/5/2 1881/5/2 1893/5/2
f 1882/5/2 1883/5/2 1896/5/2
f 1896/5/2 1883/5/2 1897/5/2
f 1887/5/2 1888/5/2 1898/5/2
f 1898/5/2 1888/5/2 1899/5/2
f 1899/5/2 1888/5/2 1900/5/2
f 1889/5/2 1890/5/2 1903/5/2
f 1903/5/2 1890/5/2 1904/5/2
f 1893/5/2 1894/5/2 1905/5/2
f 1894/4/2 1895/4/2 1906/4/2
f 1905/5/2 1894/5/2 1906/5/2
f 1895/5/2 1896/5/2 1907/5/2
f 1906/4/2 1895/4/2 1907/4/2
f 1907/5/2 1896/5/2 1908/5/2
f 1908/5/2 1896/5/2 1909/5/2
f 1909/5/2 1896/5/2 1910/5/2
f 1900/5/2 1901/5/2 1911/5/2
f 1899/5/2 1900/5/2 1911/5/2
f 1911/5/2 1901/5/2 1912/5/2
f 1912/5/2 1901/5/2 1913/5/2
f 1901/4/2 1902/4/2 1914/4/2
f 1913/5/2 1901/5/2 1914/5/2
f 1902/5/2 1903/5/2 1915/5/2
f 1914/4/2 1902/4/2 1915/4/2
f 1915/5/2 1903/5/2 1916/5/2
f 1908/5/2 1909/5/2 1918/5/2
f 1918/5/2 1909/5/2 1919/5/2
f 1912/5/2 1913/5/2 1920/5/2
f 1920/5/2 1913/5/2 1921/5/2
f 1917/5/2 1918/5/2 1924/5/2
f 1924/5/2 1918/5/2 1925/5/2
f 1921/5/2 1922/5/2 1926/5/2
f 1926/5/2 1922/5/2 1927/5/2
f 1923/5/2 1924/5/2 1929/5/2
f 1929/5/2 1924/5/2 1930/5/2
f 1927/5/2 1928/5/2 1931/5/2
f 1931/5/2 1928/5/2 1932/5/2
f 1929/4/2 1930/4/2 1933/4/2
f 1933/4/2 1930/4/2 1934/4/2
f 1931/4/2 1932/4/2 1935/4/2
f 1935/4/2 1932/4/2 1936/4/2
f 1933/5/2 1934/5/2 1937/5/2
f 1937/5/2 1934/5/2 1938/5/2
f 1935/5/2 1936/5/2 1941/5/2
f 1941/5/2 1936/5/2 1942/5/2
f 1938/5/2 1939/5/2 1943/5/2
f 1943/5/2 1939/5/2 1944/5/2
f 1940/5/2 1941/5/2 1947/5/2
f 1947/5/2 1941/5/2 1948/5/2
f 1944/5/2 1945/5/2 1949/5/2
f 1949/5/2 1945/5/2 1950/5/2
f 1946/5/2 1947/5/2 1953/5/2
f 1953/5/2 1947/5/2 1954/5/2
f 1950/5/2 1951/5/2 1955/5/2
f 1955/5/2 1951/5/2 1956/5/2
f 1952/5/2 1953/5/2 1959/5/2
f 1959/5/2 1953/5/2 1960/5/2
f 1956/5/2 1957/5/2 1961/5/2
f 1961/5/2 1957/5/2 1962/5/2
f 1958/5/2 1959/5/2 1965/5/2
f 1965/5/2 1959/5/2 1966/5/2
f 1962/5/2 1963/5/2 1967/5/2
f 1967/5/2 1963/5/2 1968/5/2
f 1964/5/2 1965/5/2 1971/5/2
f 1971/5/2 1965/5/2 1972/5/2
f 1968/5/2 1969/5/2 1973/5/2
f 1969/4/2 1970/4/2 1974/4/2
f 1973/5/2 1969/5/2 1974/5/2
f 1970/5/2 1971/5/2 1975/5/2
f 1974/4/2 1970/4/2 1975/4/2
f 1975/5/2 1971/5/2 1976/5/2
f 1977/5/2 1978/5/2 1986/5/2
f 1979/5/2 1980/5/2 1987/5/2
f 1981/5/2 1982/5/2 1990/5/2
f 1983/5/2 1984/5/2 1991/5/2
f 1985/5/2 1986/5/2 1994/5/2
f 1986/5/2 1978/5/2 1995/5/2
f 1994/5/2 1986/5/2 1995/5/2
f 1995/5/2 1978/5/2 1996/5/2
f 1978/4/2 1979/4/2 1997/4/2
f 1996/5/2 1978/5/2 1997/5/2
f 1987/5/2 1988/5/2 1998/5/2
f 1997/4/2 1979/4/2 1998/4/2
f 1979/5/2 1987/5/2 1998/5/2
f 1998/5/2 1988/5/2 1999/5/2
f 1999/5/2 1988/5/2 2000/5/2
f 1989/5/2 1990/5/2 2003/5/2
f 1990/5/2 1982/5/2 2004/5/2
f 2003/5/2 1990/5/2 2004/5/2
f 2004/5/2 1982/5/2 2005/5/2
f 1982/4/2 1983/4/2 2006/4/2
f 2005/5/2 1982/5/2 2006/5/2
f 1991/5/2 1992/5/2 2007/5/2
f 2006/4/2 1983/4/2 2007/4/2
f 1983/5/2 1991/5/2 2007/5/2
f 2007/5/2 1992/5/2 2008/5/2
f 2008/5/2 1992/5/2 2009/5/2
f 1993/5/2 1994/5/2 2012/5/2
f 1994/5/2 1995/5/2 2012/5/2
f 2012/5/2 1995/5/2 2013/5/2
f 2013/5/2 1995/5/2 2014/5/2
f 2000/5/2 2001/5/2 2015/5/2
f 1999/5/2 2000/5/2 2015/5/2
f 2015/5/2 2001/5/2 2016/5/2
f 2016/5/2 2001/5/2 2017/5/2
f 2003/5/2 2004/5/2 2020/5/2
f 2002/5/2 2003/5/2 2020/5/2
f 2020/5/2 2004/5/2 2021/5/2
f 2021/5/2 2004/5/2 2022/5/2
f 2009/5/2 2010/5/2 2023/5/2
f 2008/5/2 2009/5/2 2023/5/2
f 2023/5/2 2010/5/2 2024/5/2
f 2024/5/2 2010/5/2 2025/5/2
f 2012/5/2 2013/5/2 2028/5/2
f 2011/5/2 2012/5/2 2028/5/2
f 2028/5/2 2013/5/2 2029/5/2
f 2029/5/2 2013/5/2 2030/5/2
f 2017/5/2 2018/5/2 2031/5/2
f 2016/5/2 2017/5/2 2031/5/2
f 2031/5/2 2018/5/2 2032/5/2
f 2032/5/2 2018/5/2 2033/5/2
f 2020/5/2 2021/5/2 2036/5/2
f 2019/5/2 2020/5/2 2036/5/2
f 2036/5/2 2021/5/2 2037/5/2
f 2037/5/2 2021/5/2 2038/5/2
f 2025/5/2 2026/5/2 2039/5/2
f 2024/5/2 2025/5/2 2039/5/2
f 2039/5/2 2026/5/2 2040/5/2
f 2040/5/2 2026/5/2 2041/5/2
f 2028/5/2 2029/5/2 2043/5/2
f 2027/5/2 2028/5/2 2043/5/2
f 2043/5/2 2029/5/2 2044/5/2
f 2033/5/2 2034/5/2 2045/5/2
f 2032/5/2 2033/5/2 2045/5/2
f 2045/5/2 2034/5/2 2046/5/2
f 2036/5/2 2037/5/2 2047/5/2
f 2035/5/2 2036/5/2 2047/5/2
f 2047/5/2 2037/5/2 2048/5/2
f 2041/5/2 2042/5/2 2049/5/2
f 2040/5/2 2041/5/2 2049/5/2
f 2049/5/2 2042/5/2 2050/5/2
f 2027/5/2 2043/5/2 2052/5/2
f 2046/5/2 2034/5/2 2053/5/2
f 2035/5/2 2047/5/2 2056/5/2
f 2050/5/2 2042/5/2 2057/5/2
f 2051/5/2 2052/5/2 2059/5/2
f 2052/5/2 2043/5/2 2059/5/2
f 2059/5/2 2043/5/2 2060/5/2
f 2053/5/2 2054/5/2 2061/5/2
f 2046/5/2 2053/5/2 2061/5/2
f 2061/5/2 2054/5/2 2062/5/2
f 2055/5/2 2056/5/2 2063/5/2
f 2056/5/2 2047/5/2 2063/5/2
f 2063/5/2 2047/5/2 2064/5/2
f 2057/5/2 2058/5/2 2065/5/2
f 2050/5/2 2057/5/2 2065/5/2
f 2065/5/2 2058/5/2 2066/5/2
f 2051/5/2 2059/5/2 2067/5/2
f 2067/5/2 2059/5/2 2068/5/2
f 2062/5/2 2054/5/2 2069/5/2
f 2069/5/2 2054/5/2 2070/5/2
f 2055/5/2 2063/5/2 2071/5/2
f 2071/5/2 2063/5/2 2072/5/2
f 2066/5/2 2058/5/2 2073/5/2
f 2073/5/2 2058/5/2 2074/5/2
f 2067/4/2 2068/4/2 2075/4/2
f 2075/4/2 2068/4/2 2076/4/2
f 2069/4/2 2070/4/2 2077/4/2
f 2077/4/2 2070/4/2 2078/4/2
f 2071/4/2 2072/4/2 2079/4/2
f 2079/4/2 2072/4/2 2080/4/2
f 2073/4/2 2074/4/2 2081/4/2
f 2081/4/2 2074/4/2 2082/4/2
f 2075/5/2 2076/5/2 2083/5/2
f 2077/5/2 2078/5/2 2086/5/2
f 2079/5/2 2080/5/2 2087/5/2
f 2081/5/2 2082/5/2 2090/5/2
f 2083/5/2 2084/5/2 2091/5/2
f 2075/5/2 2083/5/2 2091/5/2
f 2091/5/2 2084/5/2 2092/5/2
f 2085/5/2 2086/5/2 2093/5/2
f 2086/5/2 2078/5/2 2093/5/2
f 2093/5/2 2078/5/2 2094/5/2
f 2087/5/2 2088/5/2 2095/5/2
f 2079/5/2 2087/5/2 2095/5/2
f 2095/5/2 2088/5/2 2096/5/2
f 2089/5/2 2090/5/2 2097/5/2
f 2090/5/2 2082/5/2 2097/5/2
f 2097/5/2 2082/5/2 2098/5/2
f 2092/5/2 2084/5/2 2099/5/2
f 2085/5/2 2093/5/2 2102/5/2
f 2096/5/2 2088/5/2 2103/5/2
f 2089/5/2 2097/5/2 2106/5/2
f 2099/5/2 2100/5/2 2107/5/2
f 2092/5/2 2099/5/2 2107/5/2
f 2107/5/2 2100/5/2 2108/5/2
f 2108/5/2 2100/5/2 2109/5/2
f 2101/5/2 2102/5/2 2112/5/2
f 2102/5/2 2093/5/2 2113/5/2
f 2112/5/2 2102/5/2 2113/5/2
f 2113/5/2 2093/5/2 2114/5/2
f 2103/5/2 2104/5/2 2115/5/2
f 2096/5/2 2103/5/2 2115/5/2
f 2115/5/2 2104/5/2 2116/5/2
f 2116/5/2 2104/5/2 2117/5/2
f 2105/5/2 2106/5/2 2120/5/2
f 2106/5/2 2097/5/2 2121/5/2
f 2120/5/2 2106/5/2 2121/5/2
f 2121/5/2 2097/5/2 2122/5/2
f 2109/5/2 2110/5/2 2123/5/2
f 2108/5/2 2109/5/2 2123/5/2
f 2123/5/2 2110/5/2 2124/5/2
f 2124/5/2 2110/5/2 2125/5/2
f 2111/5/2 2112/5/2 2128/5/2
f 2112/5/2 2113/5/2 2128/5/2
f 2128/5/2 2113/5/2 2129/5/2
f 2129/5/2 2113/5/2 2130/5/2
f 2117/5/2 2118/5/2 2131/5/2
f 2116/5/2 2117/5/2 2131/5/2
f 2131/5/2 2118/5/2 2132/5/2
f 2132/5/2 2118/5/2 2133/5/2
f 2120/5/2 2121/5/2 2136/5/2
f 2119/5/2 2120/5/2 2136/5/2
f 2136/5/2 2121/5/2 2137/5/2
f 2137/5/2 2121/5/2 2138/5/2
f 2125/5/2 2126/5/2 2139/5/2
f 2124/5/2 2125/5/2 2139/5/2
f 2139/5/2 2126/5/2 2140/5/2
f 2140/5/2 2126/5/2 2141/5/2
f 2128/5/2 2129/5/2 2144/5/2
f 2127/5/2 2128/5/2 2144/5/2
f 2144/5/2 2129/5/2 2145/5/2
f 2145/5/2 2129/5/2 2146/5/2
f 2133/5/2 2134/5/2 2150/5/2
f 2132/5/2 2133/5/2 2150/5/2
f 2150/5/2 2134/5/2 2151/5/2
f 2151/5/2 2134/5/2 2152/5/2
f 2136/5/2 2137/5/2 2155/5/2
f 2135/5/2 2136/5/2 2155/5/2
f 2155/5/2 2137/5/2 2156/5/2
f 2156/5/2 2137/5/2 2157/5/2
f 2141/5/2 2142/5/2 2158/5/2
f 2140/5/2 2141/5/2 2158/5/2
f 2158/5/2 2142/5/2 2159/5/2
f 2143/5/2 2144/5/2 2160/5/2
f 2144/5/2 2145/5/2 2160/5/2
f 2160/5/2 2145/5/2 2161/5/2
f 2161/5/2 2145/5/2 2162/5/2
f 2146/5/2 2147/5/2 2163/5/2
f 2148/5/2 2149/5/2 2164/5/2
f 2152/5/2 2153/5/2 2165/5/2
f 2151/5/2 2152/5/2 2165/5/2
f 2165/5/2 2153/5/2 2166/5/2
f 2155/5/2 2156/5/2 2167/5/2
f 2154/5/2 2155/5/2 2167/5/2
f 2167/5/2 2156/5/2 2168/5/2
f 2159/5/2 2142/5/2 2169/5/2
f 2142/4/2 2143/4/2 2170/4/2
f 2169/5/2 2142/5/2 2170/5/2
f 2143/5/2 2160/5/2 2171/5/2
f 2170/4/2 2143/4/2 2171/4/2
f 2171/5/2 2160/5/2 2172/5/2
f 2162/5/2 2163/5/2 2173/5/2
f 2161/5/2 2162/5/2 2173/5/2
f 2163/5/2 2147/5/2 2174/5/2
f 2173/5/2 2163/5/2 2174/5/2
f 2174/5/2 2147/5/2 2175/5/2
f 2147/4/2 2148/4/2 2176/4/2
f 2175/5/2 2147/5/2 2176/5/2
f 2148/5/2 2164/5/2 2177/5/2
f 2176/4/2 2148/4/2 2177/4/2
f 2164/5/2 2165/5/2 2177/5/2
f 2177/5/2 2165/5/2 2178/5/2
f 2178/5/2 2165/5/2 2179/5/2
f 2166/5/2 2153/5/2 2181/5/2
f 2153/4/2 2154/4/2 2182/4/2
f 2181/5/2 2153/5/2 2182/5/2
f 2154/5/2 2167/5/2 2183/5/2
f 2182/4/2 2154/4/2 2183/4/2
f 2183/5/2 2167/5/2 2184/5/2
f 2173/5/2 2174/5/2 2186/5/2
f 2172/5/2 2173/5/2 2186/5/2
f 2186/5/2 2174/5/2 2187/5/2
f 2187/5/2 2174/5/2 2188/5/2
f 2178/5/2 2179/5/2 2189/5/2
f 2179/5/2 2180/5/2 2189/5/2
f 2189/5/2 2180/5/2 2190/5/2
f 2190/5/2 2180/5/2 2191/5/2
f 2186/5/2 2187/5/2 2194/5/2
f 2185/5/2 2186/5/2 2194/5/2
f 2194/5/2 2187/5/2 2195/5/2
f 2195/5/2 2187/5/2 2196/5/2
f 2191/5/2 2192/5/2 2197/5/2
f 2190/5/2 2191/5/2 2197/5/2
f 2197/5/2 2192/5/2 2198/5/2
f 2198/5/2 2192/5/2 2199/5/2
f 2194/5/2 2195/5/2 2201/5/2
f 2193/5/2 2194/5/2 2201/5/2
f 2201/5/2 2195/5/2 2202/5/2
f 2199/5/2 2200/5/2 2203/5/2
f 2198/5/2 2199/5/2 2203/5/2
f 2203/5/2 2200/5/2 2204/5/2
f 2193/5/2 2201/5/2 2206/5/2
f 2204/5/2 2200/5/2 2207/5/2
f 2205/5/2 2206/5/2 2209/5/2
f 2206/5/2 2201/5/2 2209/5/2
f 2209/5/2 2201/5/2 2210/5/2
f 2207/5/2 2208/5/2 2211/5/2
f 2204/5/2 2207/5/2 2211/5/2
f 2211/5/2 2208/5/2 2212/5/2
f 2205/5/2 2209/5/2 2213/5/2
f 2213/5/2 2209/5/2 2214/5/2
f 2212/5/2 2208/5/2 2215/5/2
f 2215/5/2 2208/5/2 2216/5/2
f 2213/4/2 2214/4/2 2217/4/2
f 2217/4/2 2214/4/2 2218/4/2
f 2215/4/2 2216/4/2 2219/4/2
f 2219/4/2 2216/4/2 2220/4/2
f 2217/5/2 2218/5/2 2221/5/2
f 2219/5/2 2220/5/2 2224/5/2
f 2221/5/2 2222/5/2 2225/5/2
f 2217/5/2 2221/5/2 2225/5/2
f 2225/5/2 2222/5/2 2226/5/2
f 2223/5/2 2224/5/2 2227/5/2
f 2224/5/2 2220/5/2 2227/5/2
f 2227/5/2 2220/5/2 2228/5/2
f 2226/5/2 2222/5/2 2229/5/2
f 2223/5/2 2227/5/2 2232/5/2
f 2229/5/2 2230/5/2 2233/5/2
f 2226/5/2 2229/5/2 2233/5/2
f 2233/5/2 2230/5/2 2234/5/2
f 2234/5/2 2230/5/2 2235/5/2
f 2231/5/2 2232/5/2 2238/5/2
f 2232/5/2 2227/5/2 2239/5/2
f 2238/5/2 2232/5/2 2239/5/2
f 2239/5/2 2227/5/2 2240/5/2
f 2235/5/2 2236/5/2 2241/5/2
f 2234/5/2 2235/5/2 2241/5/2
f 2241/5/2 2236/5/2 2242/5/2
f 2242/5/2 2236/5/2 2243/5/2
f 2237/5/2 2238/5/2 2246/5/2
f 2238/5/2 2239/5/2 2246/5/2
f 2246/5/2 2239/5/2 2247/5/2
f 2247/5/2 2239/5/2 2248/5/2
f 2243/5/2 2244/5/2 2249/5/2
f 2242/5/2 2243/5/2 2249/5/2
f 2249/5/2 2244/5/2 2250/5/2
f 2250/5/2 2244/5/2 2251/5/2
f 2246/5/2 2247/5/2 2254/5/2
f 2245/5/2 2246/5/2 2254/5/2
f 2254/5/2 2247/5/2 2255/5/2
f 2255/5/2 2247/5/2 2256/5/2
f 2251/5/2 2252/5/2 2257/5/2
f 2250/5/2 2251/5/2 2257/5/2
f 2257/5/2 2252/5/2 2258/5/2
f 2254/5/2 2255/5/2 2259/5/2
f 2253/5/2 2254/5/2 2259/5/2
f 2259/5/2 2255/5/2 2260/5/2
f 2258/5/2 2252/5/2 2261/5/2
f 2252/4/2 2253/4/2 2262/4/2
f 2261/5/2 2252/5/2 2262/5/2
f 2253/5/2 2259/5/2 2263/5/2
f 2262/4/2 2253/4/2 2263/4/2
f 2263/5/2 2259/5/2 2264/5/2
f 2265/5/2 2266/5/2 2274/5/2
f 2266/4/2 2267/4/2 2275/4/2
f 2267/5/2 2268/5/2 2276/5/2
f 2275/4/2 2267/4/2 2276/4/2
f 2276/5/2 2268/5/2 2277/5/2
f 2269/5/2 2270/5/2 2280/5/2
f 2270/4/2 2271/4/2 2281/4/2
f 2271/5/2 2272/5/2 2282/5/2
f 2281/4/2 2271/4/2 2282/4/2
f 2282/5/2 2272/5/2 2283/5/2
f 2273/5/2 2274/5/2 2286/5/2
f 2274/5/2 2266/5/2 2287/5/2
f 2286/5/2 2274/5/2 2287/5/2
f 2266/4/2 2275/4/2 2288/4/2
f 2287/5/2 2266/5/2 2288/5/2
f 2277/5/2 2278/5/2 2289/5/2
f 2288/4/2 2275/4/2 2289/4/2
f 2275/5/2 2276/5/2 2289/5/2
f 2276/5/2 2277/5/2 2289/5/2
f 2289/5/2 2278/5/2 2290/5/2
f 2290/5/2 2278/5/2 2291/5/2
f 2279/5/2 2280/5/2 2294/5/2
f 2280/5/2 2270/5/2 2295/5/2
f 2294/5/2 2280/5/2 2295/5/2
f 2270/4/2 2281/4/2 2296/4/2
f 2295/5/2 2270/5/2 2296/5/2
f 2283/5/2 2284/5/2 2297/5/2
f 2296/4/2 2281/4/2 2297/4/2
f 2282/5/2 2283/5/2 2297/5/2
f 2281/5/2 2282/5/2 2297/5/2
f 2297/5/2 2284/5/2 2298/5/2
f 2298/5/2 2284/5/2 2299/5/2
f 2286/5/2 2287/5/2 2302/5/2
f 2285/5/2 2286/5/2 2302/5/2
f 2302/5/2 2287/5/2 2303/5/2
f 2303/5/2 2287/5/2 2304/5/2
f 2290/5/2 2291/5/2 2305/5/2
f 2291/5/2 2292/5/2 2305/5/2
f 2305/5/2 2292/5/2 2306/5/2
f 2306/5/2 2292/5/2 2307/5/2
f 2294/5/2 2295/5/2 2310/5/2
f 2293/5/2 2294/5/2 2310/5/2
f 2310/5/2 2295/5/2 2311/5/2
f 2311/5/2 2295/5/2 2312/5/2
f 2299/5/2 2300/5/2 2313/5/2
f 2298/5/2 2299/5/2 2313/5/2
f 2313/5/2 2300/5/2 2314/5/2
f 2314/5/2 2300/5/2 2315/5/2
f 2302/5/2 2303/5/2 2317/5/2
f 2301/5/2 2302/5/2 2317/5/2
f 2317/5/2 2303/5/2 2318/5/2
f 2307/5/2 2308/5/2 2319/5/2
f 2306/5/2 2307/5/2 2319/5/2
f 2319/5/2 2308/5/2 2320/5/2
f 2310/5/2 2311/5/2 2321/5/2
f 2309/5/2 2310/5/2 2321/5/2
f 2321/5/2 2311/5/2 2322/5/2
f 2315/5/2 2316/5/2 2323/5/2
f 2314/5/2 2315/5/2 2323/5/2
f 2323/5/2 2316/5/2 2324/5/2
f 2301/5/2 2317/5/2 2326/5/2
f 2326/5/2 2317/5/2 2327/5/2
f 2327/5/2 2317/5/2 2328/5/2
f 2320/5/2 2308/5/2 2329/5/2
f 2329/5/2 2308/5/2 2330/5/2
f 2330/5/2 2308/5/2 2331/5/2
f 2309/5/2 2321/5/2 2334/5/2
f 2334/5/2 2321/5/2 2335/5/2
f 2335/5/2 2321/5/2 2336/5/2
f 2324/5/2 2316/5/2 2337/5/2
f 2337/5/2 2316/5/2 2338/5/2
f 2338/5/2 2316/5/2 2339/5/2
f 2325/5/2 2326/5/2 2341/5/2
f 2326/5/2 2327/5/2 2341/5/2
f 2341/5/2 2327/5/2 2342/5/2
f 2331/5/2 2332/5/2 2343/5/2
f 2330/5/2 2331/5/2 2343/5/2
f 2343/5/2 2332/5/2 2344/5/2
f 2334/5/2 2335/5/2 2345/5/2
f 2333/5/2 2334/5/2 2345/5/2
f 2345/5/2 2335/5/2 2346/5/2
f 2339/5/2 2340/5/2 2347/5/2
f 2338/5/2 2339/5/2 2347/5/2
f 2347/5/2 2340/5/2 2348/5/2
f 2341/4/2 2342/4/2 2349/4/2
f 2349/4/2 2342/4/2 2350/4/2
f 2343/4/2 2344/4/2 2351/4/2
f 2351/4/2 2344/4/2 2352/4/2
f 2345/4/2 2346/4/2 2353/4/2
f 2353/4/2 2346/4/2 2354/4/2
f 2347/4/2 2348/4/2 2355/4/2
f 2355/4/2 2348/4/2 2356/4/2
f 2349/5/2 2350/5/2 2357/5/2
f 2357/5/2 2350/5/2 2358/5/2
f 2358/5/2 2350/5/2 2359/5/2
f 2351/5/2 2352/5/2 2362/5/2
f 2362/5/2 2352/5/2 2363/5/2
f 2363/5/2 2352/5/2 2364/5/2
f 2353/5/2 2354/5/2 2365/5/2
f 2365/5/2 2354/5/2 2366/5/2
f 2366/5/2 2354/5/2 2367/5/2
f 2355/5/2 2356/5/2 2370/5/2
f 2370/5/2 2356/5/2 2371/5/2
f 2371/5/2 2356/5/2 2372/5/2
f 2359/5/2 2360/5/2 2373/5/2
f 2358/5/2 2359/5/2 2373/5/2
f 2361/5/2 2362/5/2 2376/5/2
f 2362/5/2 2363/5/2 2376/5/2
f 2367/5/2 2368/5/2 2377/5/2
f 2366/5/2 2367/5/2 2377/5/2
f 2370/5/2 2371/5/2 2380/5/2
f 2369/5/2 2370/5/2 2380/5/2
f 2373/5/2 2374/5/2 2381/5/2
f 2358/5/2 2373/5/2 2381/5/2
f 2381/5/2 2374/5/2 2382/5/2
f 2382/5/2 2374/5/2 2383/5/2
f 2375/5/2 2376/5/2 2386/5/2
f 2376/5/2 2363/5/2 2387/5/2
f 2386/5/2 2376/5/2 2387/5/2
f 2387/5/2 2363/5/2 2388/5/2
f 2377/5/2 2378/5/2 2389/5/2
f 2366/5/2 2377/5/2 2389/5/2
f 2389/5/2 2378/5/2 2390/5/2
f 2390/5/2 2378/5/2 2391/5/2
f 2379/5/2 2380/5/2 2394/5/2
f 2380/5/2 2371/5/2 2395/5/2
f 2394/5/2 2380/5/2 2395/5/2
f 2395/5/2 2371/5/2 2396/5/2
f 2383/5/2 2384/5/2 2397/5/2
f 2382/5/2 2383/5/2 2397/5/2
f 2397/5/2 2384/5/2 2398/5/2
f 2398/5/2 2384/5/2 2399/5/2
f 2386/5/2 2387/5/2 2402/5/2
f 2385/5/2 2386/5/2 2402/5/2
f 2402/5/2 2387/5/2 2403/5/2
f 2403/5/2 2387/5/2 2404/5/2
f 2391/5/2 2392/5/2 2405/5/2
f 2390/5/2 2391/5/2 2405/5/2
f 2405/5/2 2392/5/2 2406/5/2
f 2406/5/2 2392/5/2 2407/5/2
f 2394/5/2 2395/5/2 2410/5/2
f 2393/5/2 2394/5/2 2410/5/2
f 2410/5/2 2395/5/2 2411/5/2
f 2411/5/2 2395/5/2 2412/5/2
f 2399/5/2 2400/5/2 2413/5/2
f 2398/5/2 2399/5/2 2413/5/2
f 2413/5/2 2400/5/2 2414/5/2
f 2402/5/2 2403/5/2 2415/5/2
f 2401/5/2 2402/5/2 2415/5/2
f 2415/5/2 2403/5/2 2416/5/2
f 2407/5/2 2408/5/2 2417/5/2
f 2406/5/2 2407/5/2 2417/5/2
f 2417/5/2 2408/5/2 2418/5/2
f 2410/5/2 2411/5/2 2419/5/2
f 2409/5/2 2410/5/2 2419/5/2
f 2419/5/2 2411/5/2 2420/5/2
f 2414/5/2 2400/5/2 2421/5/2
f 2400/4/2 2401/4/2 2422/4/2
f 2421/5/2 2400/5/2 2422/5/2
f 2401/5/2 2415/5/2 2423/5/2
f 2422/4/2 2401/4/2 2423/4/2
f 2423/5/2 2415/5/2 2424/5/2
f 2418/5/2 2408/5/2 2425/5/2
f 2408/4/2 2409/4/2 2426/4/2
f 2425/5/2 2408/5/2 2426/5/2
f 2409/5/2 2419/5/2 2427/5/2
f 2426/4/2 2409/4/2 2427/4/2
f 2427/5/2 2419/5/2 2428/5/2
f 2429/5/2 2430/5/2 2434/5/2
f 2430/4/2 2431/4/2 2435/4/2
f 2431/5/2 2432/5/2 2436/5/2
f 2435/4/2 2431/4/2 2436/4/2
f 2436/5/2 2432/5/2 2437/5/2
f 2433/5/2 2434/5/2 2440/5/2
f 2434/5/2 2430/5/2 2441/5/2
f 2440/5/2 2434/5/2 2441/5/2
f 2430/4/2 2435/4/2 2442/4/2
f 2441/5/2 2430/5/2 2442/5/2
f 2437/5/2 2438/5/2 2443/5/2
f 2442/4/2 2435/4/2 2443/4/2
f 2435/5/2 2436/5/2 2443/5/2
f 2436/5/2 2437/5/2 2443/5/2
f 2443/5/2 2438/5/2 2444/5/2
f 2444/5/2 2438/5/2 2445/5/2
f 2440/5/2 2441/5/2 2448/5/2
f 2439/5/2 2440/5/2 2448/5/2
f 2448/5/2 2441/5/2 2449/5/2
f 2449/5/2 2441/5/2 2450/5/2
f 2444/5/2 2445/5/2 2451/5/2
f 2445/5/2 2446/5/2 2451/5/2
f 2451/5/2 2446/5/2 2452/5/2
f 2452/5/2 2446/5/2 2453/5/2
f 2448/5/2 2449/5/2 2455/5/2
f 2447/5/2 2448/5/2 2455/5/2
f 2455/5/2 2449/5/2 2456/5/2
f 2453/5/2 2454/5/2 2457/5/2
f 2452/5/2 2453/5/2 2457/5/2
f 2457/5/2 2454/5/2 2458/5/2
f 2447/5/2 2455/5/2 2460/5/2
f 2460/5/2 2455/5/2 2461/5/2
f 2461/5/2 2455/5/2 2462/5/2
f 2458/5/2 2454/5/2 2463/5/2
f 2463/5/2 2454/5/2 2464/5/2
f 2464/5/2 2454/5/2 2465/5/2
f 2459/5/2 2460/5/2 2467/5/2
f 2460/5/2 2461/5/2 2467/5/2
f 2467/5/2 2461/5/2 2468/5/2
f 2465/5/2 2466/5/2 2469/5/2
f 2464/5/2 2465/5/2 2469/5/2
f 2469/5/2 2466/5/2 2470/5/2
f 2467/4/2 2468/4/2 2471/4/2
f 2471/4/2 2468/4/2 2472/4/2
f 2469/4/2 2470/4/2 2473/4/2
f 2473/4/2 2470/4/2 2474/4/2
f 2471/5/2 2472/5/2 2475/5/2
f 2475/5/2 2472/5/2 2476/5/2
f 2476/5/2 2472/5/2 2477/5/2
f 2473/5/2 2474/5/2 2480/5/2
f 2480/5/2 2474/5/2 2481/5/2
f 2481/5/2 2474/5/2 2482/5/2
f 2477/5/2 2478/5/2 2483/5/2
f 2476/5/2 2477/5/2 2483/5/2
f 2480/5/2 2481/5/2 2486/5/2
f 2479/5/2 2480/5/2 2486/5/2
f 2483/5/2 2484/5/2 2487/5/2
f 2476/5/2 2483/5/2 2487/5/2
f 2487/5/2 2484/5/2 2488/5/2
f 2488/5/2 2484/5/2 2489/5/2
f 2485/5/2 2486/5/2 2492/5/2
f 2486/5/2 2481/5/2 2493/5/2
f 2492/5/2 2486/5/2 2493/5/2
f 2493/5/2 2481/5/2 2494/5/2
f 2489/5/2 2490/5/2 2495/5/2
f 2488/5/2 2489/5/2 2495/5/2
f 2495/5/2 2490/5/2 2496/5/2
f 2496/5/2 2490/5/2 2497/5/2
f 2491/5/2 2492/5/2 2500/5/2
f 2492/5/2 2493/5/2 2500/5/2
f 2500/5/2 2493/5/2 2501/5/2
f 2501/5/2 2493/5/2 2502/5/2
f 2497/5/2 2498/5/2 2503/5/2
f 2496/5/2 2497/5/2 2503/5/2
f 2503/5/2 2498/5/2 2504/5/2
f 2500/5/2 2501/5/2 2505/5/2
f 2499/5/2 2500/5/2 2505/5/2
f 2505/5/2 2501/5/2 2506/5/2
f 2504/5/2 2498/5/2 2507/5/2
f 2498/4/2 2499/4/2 2508/4/2
f 2507/5/2 2498/5/2 2508/5/2
f 2499/5/2 2505/5/2 2509/5/2
f 2508/4/2 2499/4/2 2509/4/2
f 2509/5/2 2505/5/2 2510/5/2
f 2511/5/2 2512/5/2 2520/5/2
f 2513/5/2 2514/5/2 2521/5/2
f 2515/5/2 2516/5/2 2524/5/2
f 2517/5/2 2518/5/2 2525/5/2
f 2519/5/2 2520/5/2 2528/5/2
f 2512/4/2 2513/4/2 2529/4/2
f 2520/5/2 2512/5/2 2529/5/2
f 2528/5/2 2520/5/2 2529/5/2
f 2521/5/2 2522/5/2 2530/5/2
f 2529/4/2 2513/4/2 2530/4/2
f 2513/5/2 2521/5/2 2530/5/2
f 2530/5/2 2522/5/2 2531/5/2
f 2531/5/2 2522/5/2 2532/5/2
f 2523/5/2 2524/5/2 2535/5/2
f 2516/4/2 2517/4/2 2536/4/2
f 2524/5/2 2516/5/2 2536/5/2
f 2535/5/2 2524/5/2 2536/5/2
f 2525/5/2 2526/5/2 2537/5/2
f 2536/4/2 2517/4/2 2537/4/2
f 2517/5/2 2525/5/2 2537/5/2
f 2537/5/2 2526/5/2 2538/5/2
f 2538/5/2 2526/5/2 2539/5/2
f 2527/5/2 2528/5/2 2542/5/2
f 2528/2/2 2529/2/2 2543/2/2
f 2529/4/2 2530/4/2 2544/4/2
f 2543/2/2 2529/2/2 2544/2/2
f 2530/4/2 2531/4/2 2544/4/2
f 2531/2/2 2532/2/2 2545/2/2
f 2544/4/2 2531/4/2 2545/4/2
f 2545/2/2 2532/2/2 2546/2/2
f 2532/5/2 2533/5/2 2547/5/2
f 2534/5/2 2535/5/2 2550/5/2
f 2535/2/2 2536/2/2 2551/2/2
f 2536/4/2 2537/4/2 2552/4/2
f 2551/2/2 2536/2/2 2552/2/2
f 2537/4/2 2538/4/2 2552/4/2
f 2538/2/2 2539/2/2 2553/2/2
f 2552/4/2 2538/4/2 2553/4/2
f 2553/2/2 2539/2/2 2554/2/2
f 2539/5/2 2540/5/2 2555/5/2
f 2541/5/2 2542/5/2 2557/5/2
f 2528/2/2 2543/2/2 2558/2/2
f 2557/5/2 2542/5/2 2558/5/2
f 2542/5/2 2528/5/2 2558/5/2
f 2543/3/2 2544/3/2 2559/3/2
f 2558/2/2 2543/2/2 2559/2/2
f 2544/3/2 2545/3/2 2559/3/2
f 2545/3/2 2546/3/2 2559/3/2
f 2546/2/2 2532/2/2 2560/2/2
f 2559/3/2 2546/3/2 2560/3/2
f 2547/5/2 2548/5/2 2561/5/2
f 2560/2/2 2532/2/2 2561/2/2
f 2532/5/2 2547/5/2 2561/5/2
f 2561/5/2 2548/5/2 2562/5/2
f 2549/5/2 2550/5/2 2563/5/2
f 2535/2/2 2551/2/2 2564/2/2
f 2563/5/2 2550/5/2 2564/5/2
f 2550/5/2 2535/5/2 2564/5/2
f 2551/3/2 2552/3/2 2565/3/2
f 2564/2/2 2551/2/2 2565/2/2
f 2553/3/2 2554/3/2 2565/3/2
f 2552/3/2 2553/3/2 2565/3/2
f 2554/2/2 2539/2/2 2566/2/2
f 2565/3/2 2554/3/2 2566/3/2
f 2555/5/2 2556/5/2 2567/5/2
f 2566/2/2 2539/2/2 2567/2/2
f 2539/5/2 2555/5/2 2567/5/2
f 2567/5/2 2556/5/2 2568/5/2
f 2558/4/2 2559/4/2 2569/4/2
f 2557/4/2 2558/4/2 2569/4/2
f 2569/4/2 2559/4/2 2570/4/2
f 2559/3/2 2560/3/2 2571/3/2
f 2570/4/2 2559/4/2 2571/4/2
f 2561/4/2 2562/4/2 2572/4/2
f 2571/3/2 2560/3/2 2572/3/2
f 2560/4/2 2561/4/2 2572/4/2
f 2572/4/2 2562/4/2 2573/4/2
f 2573/4/2 2562/4/2 2574/4/2
f 2564/4/2 2565/4/2 2575/4/2
f 2563/4/2 2564/4/2 2575/4/2
f 2575/4/2 2565/4/2 2576/4/2
f 2565/3/2 2566/3/2 2577/3/2
f 2576/4/2 2565/4/2 2577/4/2
f 2567/4/2 2568/4/2 2578/4/2
f 2577/3/2 2566/3/2 2578/3/2
f 2566/4/2 2567/4/2 2578/4/2
f 2578/4/2 2568/4/2 2579/4/2
f 2579/4/2 2568/4/2 2580/4/2
f 2569/5/2 2570/5/2 2581/5/2
f 2581/5/2 2570/5/2 2582/5/2
f 2570/2/2 2571/2/2 2583/2/2
f 2571/3/2 2572/3/2 2583/3/2
f 2583/3/2 2572/3/2 2584/3/2
f 2584/3/2 2572/3/2 2585/3/2
f 2572/2/2 2573/2/2 2586/2/2
f 2585/3/2 2572/3/2 2586/3/2
f 2573/5/2 2574/5/2 2587/5/2
f 2587/5/2 2574/5/2 2588/5/2
f 2575/5/2 2576/5/2 2589/5/2
f 2589/5/2 2576/5/2 2590/5/2
f 2576/2/2 2577/2/2 2591/2/2
f 2577/3/2 2578/3/2 2591/3/2
f 2591/3/2 2578/3/2 2592/3/2
f 2592/3/2 2578/3/2 2593/3/2
f 2578/2/2 2579/2/2 2594/2/2
f 2593/3/2 2578/3/2 2594/3/2
f 2579/5/2 2580/5/2 2595/5/2
f 2595/5/2 2580/5/2 2596/5/2
f 2582/5/2 2570/5/2 2597/5/2
f 2570/2/2 2583/2/2 2598/2/2
f 2597/5/2 2570/5/2 2598/5/2
f 2583/2/2 2584/2/2 2598/2/2
f 2584/4/2 2585/4/2 2599/4/2
f 2598/2/2 2584/2/2 2599/2/2
f 2585/2/2 2586/2/2 2600/2/2
f 2599/4/2 2585/4/2 2600/4/2
f 2586/2/2 2573/2/2 2601/2/2
f 2600/2/2 2586/2/2 2601/2/2
f 2573/5/2 2587/5/2 2601/5/2
f 2601/5/2 2587/5/2 2602/5/2
f 2590/5/2 2576/5/2 2603/5/2
f 2591/2/2 2592/2/2 2604/2/2
f 2603/5/2 2576/5/2 2604/5/2
f 2576/2/2 2591/2/2 2604/2/2
f 2592/4/2 2593/4/2 2605/4/2
f 2604/2/2 2592/2/2 2605/2/2
f 2593/2/2 2594/2/2 2606/2/2
f 2605/4/2 2593/4/2 2606/4/2
f 2579/5/2 2595/5/2 2607/5/2
f 2606/2/2 2594/2/2 2607/2/2
f 2594/2/2 2579/2/2 2607/2/2
f 2607/5/2 2595/5/2 2608/5/2
f 2598/5/2 2599/5/2 2609/5/2
f 2609/5/2 2599/5/2 2610/5/2
f 2600/5/2 2601/5/2 2611/5/2
f 2611/5/2 2601/5/2 2612/5/2
f 2604/5/2 2605/5/2 2613/5/2
f 2613/5/2 2605/5/2 2614/5/2
f 2606/5/2 2607/5/2 2615/5/2
f 2615/5/2 2607/5/2 2616/5/2
f 2610/5/2 2599/5/2 2617/5/2
f 2599/4/2 2600/4/2 2618/4/2
f 2617/5/2 2599/5/2 2618/5/2
f 2600/5/2 2611/5/2 2619/5/2
f 2618/4/2 2600/4/2 2619/4/2
f 2619/5/2 2611/5/2 2620/5/2
f 2614/5/2 2605/5/2 2621/5/2
f 2605/4/2 2606/4/2 2622/4/2
f 2621/5/2 2605/5/2 2622/5/2
f 2606/5/2 2615/5/2 2623/5/2
f 2622/4/2 2606/4/2 2623/4/2
f 2623/5/2 2615/5/2 2624/5/2
f 2625/5/2 2626/5/2 2630/5/2
f 2627/5/2 2628/5/2 2631/5/2
f 2629/5/2 2630/5/2 2634/5/2
f 2626/4/2 2627/4/2 2635/4/2
f 2630/5/2 2626/5/2 2635/5/2
f 2634/5/2 2630/5/2 2635/5/2
f 2631/5/2 2632/5/2 2636/5/2
f 2635/4/2 2627/4/2 2636/4/2
f 2627/5/2 2631/5/2 2636/5/2
f 2636/5/2 2632/5/2 2637/5/2
f 2637/5/2 2632/5/2 2638/5/2
f 2633/5/2 2634/5/2 2641/5/2
f 2634/2/2 2635/2/2 2642/2/2
f 2635/4/2 2636/4/2 2643/4/2
f 2642/2/2 2635/2/2 2643/2/2
f 2636/4/2 2637/4/2 2643/4/2
f 2637/2/2 2638/2/2 2644/2/2
f 2643/4/2 2637/4/2 2644/4/2
f 2644/2/2 2638/2/2 2645/2/2
f 2638/5/2 2639/5/2 2646/5/2
f 2640/5/2 2641/5/2 2648/5/2
f 2634/2/2 2642/2/2 2649/2/2
f 2648/5/2 2641/5/2 2649/5/2
f 2641/5/2 2634/5/2 2649/5/2
f 2642/3/2 2643/3/2 2650/3/2
f 2649/2/2 2642/2/2 2650/2/2
f 2643/3/2 2644/3/2 2650/3/2
f 2644/3/2 2645/3/2 2650/3/2
f 2645/2/2 2638/2/2 2651/2/2
f 2650/3/2 2645/3/2 2651/3/2
f 2646/5/2 2647/5/2 2652/5/2
f 2651/2/2 2638/2/2 2652/2/2
f 2638/5/2 2646/5/2 2652/5/2
f 2652/5/2 2647/5/2 2653/5/2
f 2649/4/2 2650/4/2 2654/4/2
f 2648/4/2 2649/4/2 2654/4/2
f 2654/4/2 2650/4/2 2655/4/2
f 2650/3/2 2651/3/2 2656/3/2
f 2655/4/2 2650/4/2 2656/4/2
f 2652/4/2 2653/4/2 2657/4/2
f 2656/3/2 2651/3/2 2657/3/2
f 2651/4/2 2652/4/2 2657/4/2
f 2657/4/2 2653/4/2 2658/4/2
f 2658/4/2 2653/4/2 2659/4/2
f 2654/5/2 2655/5/2 2660/5/2
f 2660/5/2 2655/5/2 2661/5/2
f 2655/2/2 2656/2/2 2662/2/2
f 2656/3/2 2657/3/2 2662/3/2
f 2662/3/2 2657/3/2 2663/3/2
f 2663/3/2 2657/3/2 2664/3/2
f 2657/2/2 2658/2/2 2665/2/2
f 2664/3/2 2657/3/2 2665/3/2
f 2658/5/2 2659/5/2 2666/5/2
f 2666/5/2 2659/5/2 2667/5/2
f 2661/5/2 2655/5/2 2668/5/2
f 2655/2/2 2662/2/2 2669/2/2
f 2668/5/2 2655/5/2 2669/5/2
f 2662/2/2 2663/2/2 2669/2/2
f 2663/4/2 2664/4/2 2670/4/2
f 2669/2/2 2663/2/2 2670/2/2
f 2664/2/2 2665/2/2 2671/2/2
f 2670/4/2 2664/4/2 2671/4/2
f 2658/5/2 2666/5/2 2672/5/2
f 2671/2/2 2665/2/2 2672/2/2
f 2665/2/2 2658/2/2 2672/2/2
f 2672/5/2 2666/5/2 2673/5/2
f 2669/5/2 2670/5/2 2674/5/2
f 2674/5/2 2670/5/2 2675/5/2
f 2671/5/2 2672/5/2 2676/5/2
f 2676/5/2 2672/5/2 2677/5/2
f 2675/5/2 2670/5/2 2678/5/2
f 2670/4/2 2671/4/2 2679/4/2
f 2678/5/2 2670/5/2 2679/5/2
f 2671/5/2 2676/5/2 2680/5/2
f 2679/4/2 2671/4/2 2680/4/2
f 2680/5/2 2676/5/2 2681/5/2
f 2684/2/3 2683/2/3 2682/2/3
f 2685/2/3 2683/2/3 2684/2/3
f 2688/2/3 2687/2/3 2686/2/3
f 2689/2/3 2687/2/3 2688/2/3
f 2694/2/3 2691/2/3 2690/2/3
f 2695/2/3 2691/2/3 2694/2/3
f 2696/2/3 2693/2/3 2692/2/3
f 2697/2/3 2693/2/3 2696/2/3
f 2702/2/3 2699/2/3 2698/2/3
f 2703/2/3 2699/2/3 2702/2/3
f 2704/2/3 2701/2/3 2700/2/3
f 2705/2/3 2701/2/3 2704/2/3
f 2710/5/3 2707/5/3 2706/5/3
f 2711/4/3 2708/4/3 2707/4/3
f 2711/5/3 2707/5/3 2710/5/3
f 2712/5/3 2709/5/3 2708/5/3
f 2712/4/3 2708/4/3 2711/4/3
f 2713/5/3 2709/5/3 2712/5/3
f 2714/4/3 2711/4/3 2710/4/3
f 2714/4/3 2712/4/3 2711/4/3
f 2714/4/3 2713/4/3 2712/4/3
f 2715/4/3 2713/4/3 2714/4/3
f 2716/1/3 2715/1/3 2714/1/3
f 2717/1/3 2715/1/3 2716/1/3
f 2720/5/3 2717/5/3 2716/5/3
f 2721/5/3 2717/5/3 2720/5/3
f 2724/2/3 2719/2/3 2718/2/3
f 2725/2/3 2719/2/3 2724/2/3
f 2728/2/3 2723/2/3 2722/2/3
f 2729/2/3 2723/2/3 2728/2/3
f 2730/1/3 2727/1/3 2726/1/3
f 2731/1/3 2727/1/3 2730/1/3
f 2732/4/3 2731/4/3 2730/4/3
f 2733/4/3 2731/4/3 2732/4/3
f 2734/4/3 2731/4/3 2733/4/3
f 2735/5/3 2733/5/3 2732/5/3
f 2736/2/3 2734/2/3 2733/2/3
f 2736/5/3 2733/5/3 2735/5/3
f 2737/5/3 2735/5/3 2732/5/3
f 2738/2/3 2736/2/3 2735/2/3
f 2738/5/3 2735/5/3 2737/5/3
f 2739/2/3 2734/2/3 2736/2/3
f 2739/2/3 2736/2/3 2738/2/3
f 2740/2/3 2734/2/3 2739/2/3
f 2741/2/3 2738/2/3 2737/2/3
f 2741/2/3 2739/2/3 2738/2/3
f 2742/5/3 2740/5/3 2739/5/3
f 2742/2/3 2739/2/3 2741/2/3
f 2745/5/3 2737/5/3 2732/5/3
f 2746/2/3 2741/2/3 2737/2/3
f 2746/5/3 2737/5/3 2745/5/3
f 2747/5/3 2742/5/3 2741/5/3
f 2747/2/3 2741/2/3 2746/2/3
f 2748/5/3 2740/5/3 2742/5/3
f 2748/5/3 2742/5/3 2747/5/3
f 2751/2/3 2744/2/3 2743/2/3
f 2752/2/3 2744/2/3 2751/2/3
f 2757/2/3 2750/2/3 2749/2/3
f 2758/2/3 2750/2/3 2757/2/3
f 2759/5/3 2754/5/3 2753/5/3
f 2760/5/3 2754/5/3 2759/5/3
f 2761/2/3 2755/2/3 2754/2/3
f 2761/5/3 2754/5/3 2760/5/3
f 2762/5/3 2756/5/3 2755/5/3
f 2762/2/3 2755/2/3 2761/2/3
f 2763/5/3 2756/5/3 2762/5/3
f 2764/1/3 2760/1/3 2759/1/3
f 2765/4/3 2761/4/3 2760/4/3
f 2765/1/3 2760/1/3 2764/1/3
f 2766/1/3 2762/1/3 2761/1/3
f 2766/4/3 2761/4/3 2765/4/3
f 2766/1/3 2763/1/3 2762/1/3
f 2767/1/3 2763/1/3 2766/1/3
f 2768/4/3 2765/4/3 2764/4/3
f 2768/4/3 2766/4/3 2765/4/3
f 2768/4/3 2767/4/3 2766/4/3
f 2769/4/3 2767/4/3 2768/4/3
f 2770/4/3 2767/4/3 2769/4/3
f 2771/4/3 2767/4/3 2770/4/3
f 2772/5/3 2769/5/3 2768/5/3
f 2773/4/3 2770/4/3 2769/4/3
f 2773/5/3 2769/5/3 2772/5/3
f 2774/5/3 2771/5/3 2770/5/3
f 2774/4/3 2770/4/3 2773/4/3
f 2775/5/3 2771/5/3 2774/5/3
f 2781/5/3 2777/5/3 2776/5/3
f 2782/4/3 2778/4/3 2777/4/3
f 2782/5/3 2777/5/3 2781/5/3
f 2783/5/3 2779/5/3 2778/5/3
f 2783/4/3 2778/4/3 2782/4/3
f 2784/5/3 2779/5/3 2783/5/3
f 2786/5/3 2781/5/3 2780/5/3
f 2787/5/3 2781/5/3 2786/5/3
f 2788/5/3 2785/5/3 2784/5/3
f 2789/5/3 2785/5/3 2788/5/3
f 2790/4/3 2787/4/3 2786/4/3
f 2791/4/3 2787/4/3 2790/4/3
f 2792/4/3 2789/4/3 2788/4/3
f 2793/4/3 2789/4/3 2792/4/3
f 2794/1/3 2791/1/3 2790/1/3
f 2795/1/3 2791/1/3 2794/1/3
f 2796/1/3 2793/1/3 2792/1/3
f 2799/1/3 2794/1/3 2790/1/3
f 2800/5/3 2795/5/3 2794/5/3
f 2800/1/3 2794/1/3 2799/1/3
f 2801/5/3 2795/5/3 2800/5/3
f 2802/1/3 2793/1/3 2796/1/3
f 2803/4/3 2789/4/3 2793/4/3
f 2803/1/3 2793/1/3 2802/1/3
f 2804/4/3 2789/4/3 2803/4/3
f 2807/2/3 2798/2/3 2797/2/3
f 2808/2/3 2798/2/3 2807/2/3
f 2814/2/3 2806/2/3 2805/2/3
f 2815/2/3 2806/2/3 2814/2/3
f 2816/1/3 2810/1/3 2809/1/3
f 2817/1/3 2810/1/3 2816/1/3
f 2818/1/3 2812/1/3 2811/1/3
f 2819/4/3 2813/4/3 2812/4/3
f 2819/1/3 2812/1/3 2818/1/3
f 2820/4/3 2817/4/3 2816/4/3
f 2821/4/3 2817/4/3 2820/4/3
f 2822/4/3 2819/4/3 2818/4/3
f 2823/4/3 2813/4/3 2819/4/3
f 2823/4/3 2819/4/3 2822/4/3
f 2824/2/3 2823/2/3 2822/2/3
f 2825/2/3 2823/2/3 2824/2/3
f 2828/5/3 2821/5/3 2820/5/3
f 2829/5/3 2821/5/3 2828/5/3
f 2830/5/3 2825/5/3 2824/5/3
f 2831/5/3 2825/5/3 2830/5/3
f 2834/2/3 2827/2/3 2826/2/3
f 2835/2/3 2827/2/3 2834/2/3
f 2840/2/3 2833/2/3 2832/2/3
f 2841/2/3 2833/2/3 2840/2/3
f 2842/5/3 2837/5/3 2836/5/3
f 2843/5/3 2837/5/3 2842/5/3
f 2844/5/3 2839/5/3 2838/5/3
f 2845/5/3 2839/5/3 2844/5/3
f 2846/1/3 2843/1/3 2842/1/3
f 2847/1/3 2843/1/3 2846/1/3
f 2848/1/3 2845/1/3 2844/1/3
f 2849/1/3 2845/1/3 2848/1/3
f 2850/4/3 2847/4/3 2846/4/3
f 2851/4/3 2847/4/3 2850/4/3
f 2852/4/3 2849/4/3 2848/4/3
f 2853/4/3 2849/4/3 2852/4/3
f 2854/5/3 2851/5/3 2850/5/3
f 2855/5/3 2851/5/3 2854/5/3
f 2858/5/3 2853/5/3 2852/5/3
f 2859/5/3 2853/5/3 2858/5/3
f 2860/5/3 2856/5/3 2855/5/3
f 2861/4/3 2857/4/3 2856/4/3
f 2861/5/3 2856/5/3 2860/5/3
f 2862/5/3 2858/5/3 2857/5/3
f 2862/4/3 2857/4/3 2861/4/3
f 2863/5/3 2858/5/3 2862/5/3
f 2869/5/3 2865/5/3 2864/5/3
f 2870/5/3 2865/5/3 2869/5/3
f 2871/5/3 2867/5/3 2866/5/3
f 2872/5/3 2867/5/3 2871/5/3
f 2874/5/3 2869/5/3 2868/5/3
f 2875/5/3 2869/5/3 2874/5/3
f 2876/5/3 2873/5/3 2872/5/3
f 2877/5/3 2873/5/3 2876/5/3
f 2878/4/3 2875/4/3 2874/4/3
f 2879/4/3 2877/4/3 2876/4/3
f 2880/4/3 2877/4/3 2879/4/3
f 2883/4/3 2878/4/3 2874/4/3
f 2884/4/3 2878/4/3 2883/4/3
f 2885/3/3 2880/3/3 2879/3/3
f 2886/3/3 2880/3/3 2885/3/3
f 2889/2/3 2882/2/3 2881/2/3
f 2890/2/3 2882/2/3 2889/2/3
f 2895/2/3 2888/2/3 2887/2/3
f 2896/2/3 2888/2/3 2895/2/3
f 2897/4/3 2892/4/3 2891/4/3
f 2898/4/3 2897/4/3 2891/4/3
f 2899/4/3 2897/4/3 2898/4/3
f 2900/3/3 2894/3/3 2893/3/3
f 2901/3/3 2894/3/3 2900/3/3
f 2902/2/3 2901/2/3 2900/2/3
f 2903/2/3 2901/2/3 2902/2/3
f 2906/5/3 2899/5/3 2898/5/3
f 2907/5/3 2899/5/3 2906/5/3
f 2908/5/3 2903/5/3 2902/5/3
f 2909/5/3 2903/5/3 2908/5/3
f 2912/2/3 2905/2/3 2904/2/3
f 2913/2/3 2905/2/3 2912/2/3
f 2918/2/3 2911/2/3 2910/2/3
f 2919/2/3 2911/2/3 2918/2/3
f 2920/5/3 2915/5/3 2914/5/3
f 2921/5/3 2915/5/3 2920/5/3
f 2922/5/3 2917/5/3 2916/5/3
f 2923/5/3 2917/5/3 2922/5/3
f 2924/1/3 2921/1/3 2920/1/3
f 2925/1/3 2921/1/3 2924/1/3
f 2926/1/3 2923/1/3 2922/1/3
f 2927/1/3 2923/1/3 2926/1/3
f 2928/4/3 2925/4/3 2924/4/3
f 2929/4/3 2925/4/3 2928/4/3
f 2930/4/3 2927/4/3 2926/4/3
f 2931/4/3 2927/4/3 2930/4/3
f 2932/5/3 2929/5/3 2928/5/3
f 2933/5/3 2929/5/3 2932/5/3
f 2936/5/3 2931/5/3 2930/5/3
f 2937/5/3 2931/5/3 2936/5/3
f 2938/5/3 2934/5/3 2933/5/3
f 2939/5/3 2934/5/3 2938/5/3
f 2940/5/3 2936/5/3 2935/5/3
f 2941/5/3 2936/5/3 2940/5/3
f 2948/5/3 2943/5/3 2942/5/3
f 2949/4/3 2944/4/3 2943/4/3
f 2949/5/3 2943/5/3 2948/5/3
f 2950/5/3 2945/5/3 2944/5/3
f 2950/4/3 2944/4/3 2949/4/3
f 2951/5/3 2945/5/3 2950/5/3
f 2955/5/3 2947/5/3 2946/5/3
f 2956/5/3 2947/5/3 2955/5/3
f 2957/5/3 2953/5/3 2952/5/3
f 2958/5/3 2953/5/3 2957/5/3
f 2960/5/3 2955/5/3 2954/5/3
f 2961/5/3 2955/5/3 2960/5/3
f 2962/5/3 2959/5/3 2958/5/3
f 2963/5/3 2959/5/3 2962/5/3
f 2964/4/3 2961/4/3 2960/4/3
f 2965/4/3 2961/4/3 2964/4/3
f 2966/4/3 2963/4/3 2962/4/3
f 2969/5/3 2965/5/3 2964/5/3
f 2970/5/3 2965/5/3 2969/5/3
f 2971/4/3 2963/4/3 2966/4/3
f 2972/4/3 2963/4/3 2971/4/3
f 2975/2/3 2968/2/3 2967/2/3
f 2976/2/3 2968/2/3 2975/2/3
f 2981/2/3 2974/2/3 2973/2/3
f 2982/2/3 2974/2/3 2981/2/3
f 2983/5/3 2978/5/3 2977/5/3
f 2984/4/3 2980/4/3 2979/4/3
f 2985/4/3 2980/4/3 2984/4/3
f 2986/2/3 2985/2/3 2984/2/3
f 2987/2/3 2985/2/3 2986/2/3
f 2990/5/3 2983/5/3 2977/5/3
f 2991/5/3 2983/5/3 2990/5/3
f 2992/5/3 2987/5/3 2986/5/3
f 2993/5/3 2987/5/3 2992/5/3
f 2996/2/3 2989/2/3 2988/2/3
f 2997/2/3 2989/2/3 2996/2/3
f 3002/2/3 2995/2/3 2994/2/3
f 3003/2/3 2995/2/3 3002/2/3
f 3004/5/3 2999/5/3 2998/5/3
f 3005/5/3 2999/5/3 3004/5/3
f 3006/1/3 3005/1/3 3004/1/3
f 3007/5/3 3001/5/3 3000/5/3
f 3008/5/3 3001/5/3 3007/5/3
f 3009/1/3 3006/1/3 3004/1/3
f 3010/1/3 3006/1/3 3009/1/3
f 3011/1/3 3008/1/3 3007/1/3
f 3012/1/3 3008/1/3 3011/1/3
f 3013/4/3 3010/4/3 3009/4/3
f 3014/4/3 3010/4/3 3013/4/3
f 3015/4/3 3012/4/3 3011/4/3
f 3016/4/3 3012/4/3 3015/4/3
f 3017/5/3 3014/5/3 3013/5/3
f 3018/5/3 3014/5/3 3017/5/3
f 3021/5/3 3016/5/3 3015/5/3
f 3022/5/3 3016/5/3 3021/5/3
f 3023/5/3 3019/5/3 3018/5/3
f 3024/5/3 3019/5/3 3023/5/3
f 3029/5/3 3021/5/3 3020/5/3
f 3030/5/3 3021/5/3 3029/5/3
f 3031/5/3 3026/5/3 3025/5/3
f 3032/4/3 3027/4/3 3026/4/3
f 3032/5/3 3026/5/3 3031/5/3
f 3033/5/3 3028/5/3 3027/5/3
f 3033/4/3 3027/4/3 3032/4/3
f 3034/5/3 3028/5/3 3033/5/3
f 3041/5/3 3036/5/3 3035/5/3
f 3042/5/3 3036/5/3 3041/5/3
f 3043/5/3 3038/5/3 3037/5/3
f 3044/5/3 3038/5/3 3043/5/3
f 3048/5/3 3040/5/3 3039/5/3
f 3049/5/3 3040/5/3 3048/5/3
f 3050/5/3 3046/5/3 3045/5/3
f 3051/5/3 3046/5/3 3050/5/3
f 3053/5/3 3048/5/3 3047/5/3
f 3054/5/3 3048/5/3 3053/5/3
f 3055/5/3 3052/5/3 3051/5/3
f 3056/5/3 3052/5/3 3055/5/3
f 3057/4/3 3054/4/3 3053/4/3
f 3058/4/3 3054/4/3 3057/4/3
f 3059/4/3 3056/4/3 3055/4/3
f 3060/4/3 3056/4/3 3059/4/3
f 3063/5/3 3058/5/3 3057/5/3
f 3064/5/3 3058/5/3 3063/5/3
f 3065/1/3 3060/1/3 3059/1/3
f 3066/1/3 3060/1/3 3065/1/3
f 3069/2/3 3062/2/3 3061/2/3
f 3070/2/3 3062/2/3 3069/2/3
f 3075/2/3 3068/2/3 3067/2/3
f 3076/2/3 3068/2/3 3075/2/3
f 3077/1/3 3074/1/3 3073/1/3
f 3078/1/3 3074/1/3 3077/1/3
f 3079/4/3 3078/4/3 3077/4/3
f 3080/4/3 3078/4/3 3079/4/3
f 3081/2/3 3080/2/3 3079/2/3
f 3082/2/3 3080/2/3 3081/2/3
f 3085/5/3 3072/5/3 3071/5/3
f 3086/5/3 3072/5/3 3085/5/3
f 3087/5/3 3082/5/3 3081/5/3
f 3088/5/3 3082/5/3 3087/5/3
f 3091/2/3 3084/2/3 3083/2/3
f 3092/2/3 3084/2/3 3091/2/3
f 3097/2/3 3090/2/3 3089/2/3
f 3098/2/3 3090/2/3 3097/2/3
f 3099/5/3 3094/5/3 3093/5/3
f 3100/5/3 3094/5/3 3099/5/3
f 3101/5/3 3096/5/3 3095/5/3
f 3102/5/3 3096/5/3 3101/5/3
f 3103/1/3 3100/1/3 3099/1/3
f 3104/1/3 3100/1/3 3103/1/3
f 3105/1/3 3102/1/3 3101/1/3
f 3106/1/3 3102/1/3 3105/1/3
f 3107/4/3 3104/4/3 3103/4/3
f 3108/4/3 3104/4/3 3107/4/3
f 3109/4/3 3106/4/3 3105/4/3
f 3110/4/3 3106/4/3 3109/4/3
f 3111/5/3 3108/5/3 3107/5/3
f 3112/5/3 3108/5/3 3111/5/3
f 3115/5/3 3110/5/3 3109/5/3
f 3116/5/3 3110/5/3 3115/5/3
f 3117/5/3 3113/5/3 3112/5/3
f 3118/5/3 3113/5/3 3117/5/3
f 3123/5/3 3115/5/3 3114/5/3
f 3124/5/3 3115/5/3 3123/5/3
f 3125/5/3 3120/5/3 3119/5/3
f 3126/5/3 3120/5/3 3125/5/3
f 3127/5/3 3122/5/3 3121/5/3
f 3128/5/3 3122/5/3 3127/5/3
f 3135/5/3 3130/5/3 3129/5/3
f 3136/4/3 3131/4/3 3130/4/3
f 3136/5/3 3130/5/3 3135/5/3
f 3137/5/3 3132/5/3 3131/5/3
f 3137/4/3 3131/4/3 3136/4/3
f 3138/5/3 3132/5/3 3137/5/3
f 3143/5/3 3134/5/3 3133/5/3
f 3144/5/3 3134/5/3 3143/5/3
f 3145/5/3 3140/5/3 3139/5/3
f 3146/5/3 3140/5/3 3145/5/3
f 3150/5/3 3142/5/3 3141/5/3
f 3151/5/3 3142/5/3 3150/5/3
f 3152/5/3 3148/5/3 3147/5/3
f 3153/5/3 3148/5/3 3152/5/3
f 3155/5/3 3150/5/3 3149/5/3
f 3156/5/3 3150/5/3 3155/5/3
f 3157/5/3 3154/5/3 3153/5/3
f 3158/5/3 3154/5/3 3157/5/3
f 3159/4/3 3156/4/3 3155/4/3
f 3160/4/3 3156/4/3 3159/4/3
f 3161/4/3 3158/4/3 3157/4/3
f 3162/4/3 3158/4/3 3161/4/3
f 3163/1/3 3162/1/3 3161/1/3
f 3164/1/3 3162/1/3 3163/1/3
f 3165/5/3 3160/5/3 3159/5/3
f 3166/5/3 3160/5/3 3165/5/3
f 3167/5/3 3164/5/3 3163/5/3
f 3168/5/3 3164/5/3 3167/5/3
f 3175/2/3 3170/2/3 3169/2/3
f 3176/2/3 3170/2/3 3175/2/3
f 3177/1/3 3174/1/3 3173/1/3
f 3178/1/3 3174/1/3 3177/1/3
f 3179/4/3 3178/4/3 3177/4/3
f 3180/4/3 3178/4/3 3179/4/3
f 3181/2/3 3180/2/3 3179/2/3
f 3182/2/3 3180/2/3 3181/2/3
f 3183/5/3 3172/5/3 3171/5/3
f 3184/5/3 3172/5/3 3183/5/3
f 3185/5/3 3182/5/3 3181/5/3
f 3186/5/3 3182/5/3 3185/5/3
f 3193/2/3 3188/2/3 3187/2/3
f 3194/2/3 3188/2/3 3193/2/3
f 3195/5/3 3190/5/3 3189/5/3
f 3196/5/3 3190/5/3 3195/5/3
f 3197/5/3 3192/5/3 3191/5/3
f 3198/5/3 3192/5/3 3197/5/3
f 3199/1/3 3196/1/3 3195/1/3
f 3200/1/3 3196/1/3 3199/1/3
f 3201/1/3 3198/1/3 3197/1/3
f 3202/1/3 3198/1/3 3201/1/3
f 3203/4/3 3200/4/3 3199/4/3
f 3204/4/3 3200/4/3 3203/4/3
f 3205/4/3 3202/4/3 3201/4/3
f 3206/4/3 3202/4/3 3205/4/3
f 3207/5/3 3204/5/3 3203/5/3
f 3208/5/3 3204/5/3 3207/5/3
f 3211/5/3 3206/5/3 3205/5/3
f 3212/5/3 3206/5/3 3211/5/3
f 3213/5/3 3209/5/3 3208/5/3
f 3214/5/3 3209/5/3 3213/5/3
f 3219/5/3 3211/5/3 3210/5/3
f 3220/5/3 3211/5/3 3219/5/3
f 3221/5/3 3216/5/3 3215/5/3
f 3222/5/3 3216/5/3 3221/5/3
f 3227/5/3 3218/5/3 3217/5/3
f 3228/5/3 3218/5/3 3227/5/3
f 3229/5/3 3224/5/3 3223/5/3
f 3230/4/3 3225/4/3 3224/4/3
f 3230/5/3 3224/5/3 3229/5/3
f 3231/5/3 3226/5/3 3225/5/3
f 3231/4/3 3225/4/3 3230/4/3
f 3232/5/3 3226/5/3 3231/5/3
f 3239/5/3 3234/5/3 3233/5/3
f 3240/5/3 3234/5/3 3239/5/3
f 3241/5/3 3236/5/3 3235/5/3
f 3242/5/3 3236/5/3 3241/5/3
f 3245/5/3 3238/5/3 3237/5/3
f 3246/5/3 3238/5/3 3245/5/3
f 3247/5/3 3244/5/3 3243/5/3
f 3248/5/3 3244/5/3 3247/5/3
f 3253/2/3 3250/2/3 3249/2/3
f 3254/2/3 3250/2/3 3253/2/3
f 3255/6/3 3252/6/3 3251/6/3
f 3256/6/3 3252/6/3 3255/6/3
f 3261/2/3 3258/2/3 3257/2/3
f 3262/2/3 3258/2/3 3261/2/3
f 3263/6/3 3260/6/3 3259/6/3
f 3264/6/3 3260/6/3 3263/6/3
f 3269/5/3 3266/5/3 3265/5/3
f 3270/5/3 3266/5/3 3269/5/3
f 3275/5/3 3268/5/3 3267/5/3
f 3276/5/3 3268/5/3 3275/5/3
f 3277/5/3 3272/5/3 3271/5/3
f 3278/5/3 3272/5/3 3277/5/3
f 3279/5/3 3274/5/3 3273/5/3
f 3280/5/3 3274/5/3 3279/5/3
f 3285/5/3 3282/5/3 3281/5/3
f 3286/5/3 3282/5/3 3285/5/3
f 3287/5/3 3284/5/3 3283/5/3
f 3288/5/3 3284/5/3 3287/5/3
f 3294/5/3 3290/5/3 3289/5/3
f 3295/5/3 3290/5/3 3294/5/3
f 3296/5/3 3292/5/3 3291/5/3
f 3297/5/3 3292/5/3 3296/5/3
f 3299/5/3 3294/5/3 3293/5/3
f 3300/5/3 3294/5/3 3299/5/3
f 3301/5/3 3298/5/3 3297/5/3
f 3302/5/3 3298/5/3 3301/5/3
f 3303/4/3 3300/4/3 3299/4/3
f 3304/4/3 3300/4/3 3303/4/3
f 3305/4/3 3302/4/3 3301/4/3
f 3306/4/3 3302/4/3 3305/4/3
f 3307/1/3 3306/1/3 3305/1/3
f 3308/1/3 3306/1/3 3307/1/3
f 3309/5/3 3304/5/3 3303/5/3
f 3310/5/3 3304/5/3 3309/5/3
f 3316/5/3 3308/5/3 3307/5/3
f 3317/5/3 3308/5/3 3316/5/3
f 3318/7/3 3312/7/3 3311/7/3
f 3319/6/3 3313/6/3 3312/6/3
f 3319/7/3 3312/7/3 3318/7/3
f 3320/6/3 3313/6/3 3319/6/3
f 3321/1/3 3317/1/3 3316/1/3
f 3322/1/3 3317/1/3 3321/1/3
f 3323/4/3 3322/4/3 3321/4/3
f 3324/4/3 3322/4/3 3323/4/3
f 3325/2/3 3324/2/3 3323/2/3
f 3326/2/3 3324/2/3 3325/2/3
f 3327/5/3 3315/5/3 3314/5/3
f 3328/5/3 3315/5/3 3327/5/3
f 3334/7/3 3330/7/3 3329/7/3
f 3335/6/3 3331/6/3 3330/6/3
f 3335/7/3 3330/7/3 3334/7/3
f 3336/6/3 3331/6/3 3335/6/3
f 3337/5/3 3326/5/3 3325/5/3
f 3338/5/3 3326/5/3 3337/5/3
f 3339/5/3 3333/5/3 3332/5/3
f 3340/5/3 3333/5/3 3339/5/3
f 3341/1/3 3338/1/3 3337/1/3
f 3342/1/3 3338/1/3 3341/1/3
f 3343/1/3 3340/1/3 3339/1/3
f 3344/1/3 3340/1/3 3343/1/3
f 3345/4/3 3342/4/3 3341/4/3
f 3346/4/3 3344/4/3 3343/4/3
f 3347/4/3 3344/4/3 3346/4/3
f 3348/4/3 3342/4/3 3345/4/3
f 3349/4/3 3342/4/3 3348/4/3
f 3350/5/3 3347/5/3 3346/5/3
f 3351/5/3 3347/5/3 3350/5/3
f 3354/5/3 3349/5/3 3348/5/3
f 3355/5/3 3349/5/3 3354/5/3
f 3356/5/3 3352/5/3 3351/5/3
f 3357/5/3 3352/5/3 3356/5/3
f 3358/5/3 3354/5/3 3353/5/3
f 3359/5/3 3354/5/3 3358/5/3
f 3364/5/3 3361/5/3 3360/5/3
f 3365/5/3 3361/5/3 3364/5/3
f 3366/5/3 3363/5/3 3362/5/3
f 3367/5/3 3363/5/3 3366/5/3
f 3374/5/3 3369/5/3 3368/5/3
f 3375/5/3 3369/5/3 3374/5/3
f 3376/5/3 3371/5/3 3370/5/3
f 3377/5/3 3371/5/3 3376/5/3
f 3380/5/3 3373/5/3 3372/5/3
f 3381/5/3 3373/5/3 3380/5/3
f 3382/5/3 3379/5/3 3378/5/3
f 3383/5/3 3379/5/3 3382/5/3
f 3386/2/3 3385/2/3 3384/2/3
f 3387/2/3 3385/2/3 3386/2/3
f 3390/2/3 3389/2/3 3388/2/3
f 3391/2/3 3389/2/3 3390/2/3
f 3396/5/3 3393/5/3 3392/5/3
f 3397/5/3 3393/5/3 3396/5/3
f 3402/5/3 3395/5/3 3394/5/3
f 3403/5/3 3395/5/3 3402/5/3
f 3404/5/3 3399/5/3 3398/5/3
f 3405/5/3 3399/5/3 3404/5/3
f 3406/5/3 3401/5/3 3400/5/3
f 3407/5/3 3401/5/3 3406/5/3
f 3410/2/3 3409/2/3 3408/2/3
f 3411/2/3 3409/2/3 3410/2/3
f 3414/2/3 3413/2/3 3412/2/3
f 3415/2/3 3413/2/3 3414/2/3
f 3420/5/3 3417/5/3 3416/5/3
f 3421/4/3 3418/4/3 3417/4/3
f 3421/5/3 3417/5/3 3420/5/3
f 3422/5/3 3419/5/3 3418/5/3
f 3422/4/3 3418/4/3 3421/4/3
f 3423/5/3 3419/5/3 3422/5/3
f 3424/4/3 3421/4/3 3420/4/3
f 3424/4/3 3422/4/3 3421/4/3
f 3424/4/3 3423/4/3 3422/4/3
f 3425/4/3 3423/4/3 3424/4/3
f 3426/1/3 3425/1/3 3424/1/3
f 3427/1/3 3425/1/3 3426/1/3
f 3428/5/3 3427/5/3 3426/5/3
f 3429/5/3 3427/5/3 3428/5/3
f 3432/5/3 3428/5/3 3426/5/3
f 3433/5/3 3428/5/3 3432/5/3
f 3435/2/3 3431/2/3 3430/2/3
f 3436/2/3 3431/2/3 3435/2/3
f 3437/1/3 3434/1/3 3433/1/3
f 3437/1/3 3433/1/3 3432/1/3
f 3438/1/3 3434/1/3 3437/1/3
f 3439/4/3 3438/4/3 3437/4/3
f 3440/4/3 3438/4/3 3439/4/3
f 3441/4/3 3438/4/3 3440/4/3
f 3442/5/3 3440/5/3 3439/5/3
f 3443/2/3 3441/2/3 3440/2/3
f 3443/5/3 3440/5/3 3442/5/3
f 3444/5/3 3442/5/3 3439/5/3
f 3445/2/3 3443/2/3 3442/2/3
f 3445/5/3 3442/5/3 3444/5/3
f 3446/2/3 3441/2/3 3443/2/3
f 3446/2/3 3443/2/3 3445/2/3
f 3447/2/3 3441/2/3 3446/2/3
f 3448/2/3 3445/2/3 3444/2/3
f 3448/2/3 3446/2/3 3445/2/3
f 3449/5/3 3447/5/3 3446/5/3
f 3449/2/3 3446/2/3 3448/2/3
f 3450/2/3 3448/2/3 3444/2/3
f 3450/5/3 3449/5/3 3448/5/3
f 3451/5/3 3447/5/3 3449/5/3
f 3451/5/3 3449/5/3 3450/5/3
f 3454/2/3 3450/2/3 3444/2/3
f 3456/2/3 3453/2/3 3452/2/3
f 3457/2/3 3453/2/3 3456/2/3
f 3458/5/3 3444/5/3 3439/5/3
f 3459/5/3 3444/5/3 3458/5/3
f 3460/2/3 3454/2/3 3444/2/3
f 3460/5/3 3444/5/3 3459/5/3
f 3461/5/3 3455/5/3 3454/5/3
f 3461/2/3 3454/2/3 3460/2/3
f 3462/5/3 3455/5/3 3461/5/3
f 3463/1/3 3459/1/3 3458/1/3
f 3464/4/3 3460/4/3 3459/4/3
f 3464/1/3 3459/1/3 3463/1/3
f 3465/1/3 3461/1/3 3460/1/3
f 3465/4/3 3460/4/3 3464/4/3
f 3465/1/3 3462/1/3 3461/1/3
f 3466/1/3 3462/1/3 3465/1/3
f 3467/4/3 3464/4/3 3463/4/3
f 3467/4/3 3465/4/3 3464/4/3
f 3467/4/3 3466/4/3 3465/4/3
f 3468/4/3 3466/4/3 3467/4/3
f 3469/4/3 3466/4/3 3468/4/3
f 3470/4/3 3466/4/3 3469/4/3
f 3471/5/3 3468/5/3 3467/5/3
f 3472/4/3 3469/4/3 3468/4/3
f 3472/5/3 3468/5/3 3471/5/3
f 3473/5/3 3470/5/3 3469/5/3
f 3473/4/3 3469/4/3 3472/4/3
f 3474/5/3 3470/5/3 3473/5/3
f 3480/5/3 3476/5/3 3475/5/3
f 3481/4/3 3477/4/3 3476/4/3
f 3481/5/3 3476/5/3 3480/5/3
f 3482/5/3 3478/5/3 3477/5/3
f 3482/4/3 3477/4/3 3481/4/3
f 3483/5/3 3478/5/3 3482/5/3
f 3485/5/3 3480/5/3 3479/5/3
f 3486/5/3 3480/5/3 3485/5/3
f 3487/5/3 3484/5/3 3483/5/3
f 3488/5/3 3484/5/3 3487/5/3
f 3489/4/3 3486/4/3 3485/4/3
f 3490/4/3 3486/4/3 3489/4/3
f 3491/4/3 3488/4/3 3487/4/3
f 3492/4/3 3488/4/3 3491/4/3
f 3493/1/3 3490/1/3 3489/1/3
f 3494/1/3 3490/1/3 3493/1/3
f 3495/1/3 3492/1/3 3491/1/3
f 3496/1/3 3492/1/3 3495/1/3
f 3497/4/3 3488/4/3 3492/4/3
f 3497/1/3 3492/1/3 3496/1/3
f 3498/4/3 3488/4/3 3497/4/3
f 3501/5/3 3494/5/3 3493/5/3
f 3501/1/3 3493/1/3 3489/1/3
f 3502/5/3 3494/5/3 3501/5/3
f 3506/2/3 3500/2/3 3499/2/3
f 3507/2/3 3500/2/3 3506/2/3
f 3508/1/3 3501/1/3 3489/1/3
f 3508/1/3 3502/1/3 3501/1/3
f 3509/1/3 3502/1/3 3508/1/3
f 3510/1/3 3504/1/3 3503/1/3
f 3511/4/3 3505/4/3 3504/4/3
f 3511/1/3 3504/1/3 3510/1/3
f 3512/4/3 3509/4/3 3508/4/3
f 3513/4/3 3509/4/3 3512/4/3
f 3514/4/3 3511/4/3 3510/4/3
f 3515/4/3 3505/4/3 3511/4/3
f 3515/4/3 3511/4/3 3514/4/3
f 3516/2/3 3515/2/3 3514/2/3
f 3517/2/3 3515/2/3 3516/2/3
f 3518/5/3 3517/5/3 3516/5/3
f 3519/5/3 3517/5/3 3518/5/3
f 3524/2/3 3521/2/3 3520/2/3
f 3525/2/3 3521/2/3 3524/2/3
f 3526/5/3 3513/5/3 3512/5/3
f 3527/5/3 3513/5/3 3526/5/3
f 3528/5/3 3523/5/3 3522/5/3
f 3529/5/3 3523/5/3 3528/5/3
f 3530/1/3 3527/1/3 3526/1/3
f 3531/1/3 3527/1/3 3530/1/3
f 3532/1/3 3529/1/3 3528/1/3
f 3533/1/3 3529/1/3 3532/1/3
f 3534/4/3 3531/4/3 3530/4/3
f 3535/4/3 3531/4/3 3534/4/3
f 3536/4/3 3533/4/3 3532/4/3
f 3537/4/3 3533/4/3 3536/4/3
f 3538/5/3 3535/5/3 3534/5/3
f 3539/5/3 3535/5/3 3538/5/3
f 3542/5/3 3537/5/3 3536/5/3
f 3543/5/3 3537/5/3 3542/5/3
f 3544/5/3 3540/5/3 3539/5/3
f 3545/4/3 3541/4/3 3540/4/3
f 3545/5/3 3540/5/3 3544/5/3
f 3546/5/3 3542/5/3 3541/5/3
f 3546/4/3 3541/4/3 3545/4/3
f 3547/5/3 3542/5/3 3546/5/3
f 3553/5/3 3549/5/3 3548/5/3
f 3554/5/3 3549/5/3 3553/5/3
f 3555/5/3 3551/5/3 3550/5/3
f 3556/5/3 3551/5/3 3555/5/3
f 3558/5/3 3553/5/3 3552/5/3
f 3559/5/3 3553/5/3 3558/5/3
f 3560/5/3 3557/5/3 3556/5/3
f 3561/5/3 3557/5/3 3560/5/3
f 3562/4/3 3559/4/3 3558/4/3
f 3563/4/3 3561/4/3 3560/4/3
f 3564/4/3 3561/4/3 3563/4/3
f 3565/4/3 3562/4/3 3558/4/3
f 3566/3/3 3564/3/3 3563/3/3
f 3567/3/3 3564/3/3 3566/3/3
f 3572/2/3 3569/2/3 3568/2/3
f 3573/2/3 3569/2/3 3572/2/3
f 3574/4/3 3562/4/3 3565/4/3
f 3575/4/3 3574/4/3 3565/4/3
f 3576/4/3 3574/4/3 3575/4/3
f 3577/3/3 3571/3/3 3570/3/3
f 3578/3/3 3571/3/3 3577/3/3
f 3579/5/3 3576/5/3 3575/5/3
f 3580/2/3 3578/2/3 3577/2/3
f 3581/2/3 3578/2/3 3580/2/3
f 3582/5/3 3581/5/3 3580/5/3
f 3583/5/3 3581/5/3 3582/5/3
f 3588/2/3 3585/2/3 3584/2/3
f 3589/2/3 3585/2/3 3588/2/3
f 3590/5/3 3576/5/3 3579/5/3
f 3591/5/3 3576/5/3 3590/5/3
f 3592/5/3 3576/5/3 3591/5/3
f 3593/5/3 3587/5/3 3586/5/3
f 3594/5/3 3587/5/3 3593/5/3
f 3595/1/3 3592/1/3 3591/1/3
f 3596/1/3 3592/1/3 3595/1/3
f 3597/1/3 3594/1/3 3593/1/3
f 3598/1/3 3594/1/3 3597/1/3
f 3599/4/3 3596/4/3 3595/4/3
f 3600/4/3 3596/4/3 3599/4/3
f 3601/4/3 3598/4/3 3597/4/3
f 3602/4/3 3598/4/3 3601/4/3
f 3603/5/3 3600/5/3 3599/5/3
f 3604/5/3 3600/5/3 3603/5/3
f 3607/5/3 3602/5/3 3601/5/3
f 3608/5/3 3602/5/3 3607/5/3
f 3609/5/3 3605/5/3 3604/5/3
f 3610/5/3 3605/5/3 3609/5/3
f 3611/5/3 3607/5/3 3606/5/3
f 3612/5/3 3607/5/3 3611/5/3
f 3619/5/3 3614/5/3 3613/5/3
f 3620/4/3 3615/4/3 3614/4/3
f 3620/5/3 3614/5/3 3619/5/3
f 3621/5/3 3616/5/3 3615/5/3
f 3621/4/3 3615/4/3 3620/4/3
f 3622/5/3 3616/5/3 3621/5/3
f 3625/5/3 3618/5/3 3617/5/3
f 3626/5/3 3618/5/3 3625/5/3
f 3627/5/3 3624/5/3 3623/5/3
f 3628/5/3 3624/5/3 3627/5/3
f 3630/5/3 3629/5/3 3628/5/3
f 3631/5/3 3629/5/3 3630/5/3
f 3632/4/3 3631/4/3 3630/4/3
f 3633/4/3 3631/4/3 3632/4/3
f 3634/4/3 3631/4/3 3633/4/3
f 3639/2/3 3636/2/3 3635/2/3
f 3640/2/3 3636/2/3 3639/2/3
f 3641/4/3 3638/4/3 3637/4/3
f 3642/4/3 3638/4/3 3641/4/3
f 3643/2/3 3642/2/3 3641/2/3
f 3644/2/3 3642/2/3 3643/2/3
f 3645/5/3 3644/5/3 3643/5/3
f 3646/5/3 3644/5/3 3645/5/3
f 3651/2/3 3648/2/3 3647/2/3
f 3652/2/3 3648/2/3 3651/2/3
f 3653/5/3 3650/5/3 3649/5/3
f 3654/5/3 3650/5/3 3653/5/3
f 3655/1/3 3654/1/3 3653/1/3
f 3656/1/3 3654/1/3 3655/1/3
f 3657/4/3 3656/4/3 3655/4/3
f 3658/4/3 3656/4/3 3657/4/3
f 3662/5/3 3658/5/3 3657/5/3
f 3663/5/3 3658/5/3 3662/5/3
f 3664/5/3 3660/5/3 3659/5/3
f 3665/5/3 3660/5/3 3664/5/3
f 3670/5/3 3662/5/3 3661/5/3
f 3671/5/3 3662/5/3 3670/5/3
f 3672/5/3 3667/5/3 3666/5/3
f 3673/4/3 3668/4/3 3667/4/3
f 3673/5/3 3667/5/3 3672/5/3
f 3674/5/3 3669/5/3 3668/5/3
f 3674/4/3 3668/4/3 3673/4/3
f 3675/5/3 3669/5/3 3674/5/3
f 3682/5/3 3677/5/3 3676/5/3
f 3683/5/3 3677/5/3 3682/5/3
f 3684/5/3 3679/5/3 3678/5/3
f 3685/5/3 3679/5/3 3684/5/3
f 3688/5/3 3681/5/3 3680/5/3
f 3689/5/3 3681/5/3 3688/5/3
f 3690/5/3 3687/5/3 3686/5/3
f 3691/5/3 3687/5/3 3690/5/3
f 3693/5/3 3692/5/3 3691/5/3
f 3694/5/3 3692/5/3 3693/5/3
f 3695/4/3 3694/4/3 3693/4/3
f 3696/4/3 3694/4/3 3695/4/3
f 3697/1/3 3696/1/3 3695/1/3
f 3698/1/3 3696/1/3 3697/1/3
f 3703/2/3 3700/2/3 3699/2/3
f 3704/2/3 3700/2/3 3703/2/3
f 3705/1/3 3702/1/3 3701/1/3
f 3706/1/3 3702/1/3 3705/1/3
f 3707/4/3 3706/4/3 3705/4/3
f 3708/4/3 3706/4/3 3707/4/3
f 3709/2/3 3708/2/3 3707/2/3
f 3710/2/3 3708/2/3 3709/2/3
f 3711/5/3 3710/5/3 3709/5/3
f 3712/5/3 3710/5/3 3711/5/3
f 3717/2/3 3714/2/3 3713/2/3
f 3718/2/3 3714/2/3 3717/2/3
f 3719/5/3 3716/5/3 3715/5/3
f 3720/5/3 3716/5/3 3719/5/3
f 3721/1/3 3720/1/3 3719/1/3
f 3722/1/3 3720/1/3 3721/1/3
f 3723/4/3 3722/4/3 3721/4/3
f 3724/4/3 3722/4/3 3723/4/3
f 3728/5/3 3724/5/3 3723/5/3
f 3729/5/3 3724/5/3 3728/5/3
f 3730/5/3 3726/5/3 3725/5/3
f 3731/5/3 3726/5/3 3730/5/3
f 3736/5/3 3728/5/3 3727/5/3
f 3737/5/3 3728/5/3 3736/5/3
f 3738/5/3 3733/5/3 3732/5/3
f 3739/5/3 3733/5/3 3738/5/3
f 3740/5/3 3735/5/3 3734/5/3
f 3741/5/3 3735/5/3 3740/5/3
f 3748/5/3 3743/5/3 3742/5/3
f 3749/4/3 3744/4/3 3743/4/3
f 3749/5/3 3743/5/3 3748/5/3
f 3750/5/3 3745/5/3 3744/5/3
f 3750/4/3 3744/4/3 3749/4/3
f 3751/5/3 3745/5/3 3750/5/3
f 3756/5/3 3747/5/3 3746/5/3
f 3757/5/3 3747/5/3 3756/5/3
f 3758/5/3 3753/5/3 3752/5/3
f 3759/5/3 3753/5/3 3758/5/3
f 3762/5/3 3755/5/3 3754/5/3
f 3763/5/3 3755/5/3 3762/5/3
f 3764/5/3 3761/5/3 3760/5/3
f 3765/5/3 3761/5/3 3764/5/3
f 3767/5/3 3766/5/3 3765/5/3
f 3768/5/3 3766/5/3 3767/5/3
f 3769/4/3 3768/4/3 3767/4/3
f 3770/4/3 3768/4/3 3769/4/3
f 3771/1/3 3770/1/3 3769/1/3
f 3772/1/3 3770/1/3 3771/1/3
f 3773/5/3 3772/5/3 3771/5/3
f 3774/5/3 3772/5/3 3773/5/3
f 3777/1/3 3776/1/3 3775/1/3
f 3778/1/3 3776/1/3 3777/1/3
f 3779/4/3 3778/4/3 3777/4/3
f 3780/4/3 3778/4/3 3779/4/3
f 3781/2/3 3780/2/3 3779/2/3
f 3782/2/3 3780/2/3 3781/2/3
f 3783/5/3 3782/5/3 3781/5/3
f 3784/5/3 3782/5/3 3783/5/3
f 3787/5/3 3786/5/3 3785/5/3
f 3788/5/3 3786/5/3 3787/5/3
f 3789/1/3 3788/1/3 3787/1/3
f 3790/1/3 3788/1/3 3789/1/3
f 3791/4/3 3790/4/3 3789/4/3
f 3792/4/3 3790/4/3 3791/4/3
f 3796/5/3 3792/5/3 3791/5/3
f 3797/5/3 3792/5/3 3796/5/3
f 3798/5/3 3794/5/3 3793/5/3
f 3799/5/3 3794/5/3 3798/5/3
f 3804/5/3 3796/5/3 3795/5/3
f 3805/5/3 3796/5/3 3804/5/3
f 3806/5/3 3801/5/3 3800/5/3
f 3807/5/3 3801/5/3 3806/5/3
f 3812/5/3 3803/5/3 3802/5/3
f 3813/5/3 3803/5/3 3812/5/3
f 3814/5/3 3809/5/3 3808/5/3
f 3815/4/3 3810/4/3 3809/4/3
f 3815/5/3 3809/5/3 3814/5/3
f 3816/5/3 3811/5/3 3810/5/3
f 3816/4/3 3810/4/3 3815/4/3
f 3817/5/3 3811/5/3 3816/5/3
f 3824/5/3 3819/5/3 3818/5/3
f 3825/5/3 3819/5/3 3824/5/3
f 3826/5/3 3821/5/3 3820/5/3
f 3827/5/3 3821/5/3 3826/5/3
f 3830/5/3 3823/5/3 3822/5/3
f 3831/5/3 3823/5/3 3830/5/3
f 3832/5/3 3829/5/3 3828/5/3
f 3833/5/3 3829/5/3 3832/5/3
f 3836/2/3 3835/2/3 3834/2/3
f 3837/2/3 3835/2/3 3836/2/3
f 3840/2/3 3839/2/3 3838/2/3
f 3841/2/3 3839/2/3 3840/2/3
f 3846/5/3 3843/5/3 3842/5/3
f 3847/5/3 3843/5/3 3846/5/3
f 3852/5/3 3845/5/3 3844/5/3
f 3853/5/3 3845/5/3 3852/5/3
f 3854/5/3 3849/5/3 3848/5/3
f 3855/5/3 3849/5/3 3854/5/3
f 3856/5/3 3851/5/3 3850/5/3
f 3857/5/3 3851/5/3 3856/5/3
f 3862/5/3 3859/5/3 3858/5/3
f 3863/5/3 3859/5/3 3862/5/3
f 3864/5/3 3861/5/3 3860/5/3
f 3865/5/3 3861/5/3 3864/5/3
f 3870/5/3 3867/5/3 3866/5/3
f 3871/5/3 3867/5/3 3870/5/3
f 3872/5/3 3869/5/3 3868/5/3
f 3873/5/3 3869/5/3 3872/5/3
f 3875/5/3 3874/5/3 3873/5/3
f 3876/5/3 3874/5/3 3875/5/3
f 3877/4/3 3876/4/3 3875/4/3
f 3878/4/3 3876/4/3 3877/4/3
f 3879/1/3 3878/1/3 3877/1/3
f 3880/1/3 3878/1/3 3879/1/3
f 3881/5/3 3880/5/3 3879/5/3
f 3882/5/3 3880/5/3 3881/5/3
f 3885/1/3 3884/1/3 3883/1/3
f 3886/1/3 3884/1/3 3885/1/3
f 3887/4/3 3886/4/3 3885/4/3
f 3888/4/3 3886/4/3 3887/4/3
f 3889/2/3 3888/2/3 3887/2/3
f 3890/2/3 3888/2/3 3889/2/3
f 3891/5/3 3890/5/3 3889/5/3
f 3892/5/3 3890/5/3 3891/5/3
f 3895/5/3 3894/5/3 3893/5/3
f 3896/5/3 3894/5/3 3895/5/3
f 3897/1/3 3896/1/3 3895/1/3
f 3898/1/3 3896/1/3 3897/1/3
f 3899/4/3 3898/4/3 3897/4/3
f 3900/4/3 3898/4/3 3899/4/3
f 3901/4/3 3898/4/3 3900/4/3
f 3905/5/3 3901/5/3 3900/5/3
f 3906/5/3 3901/5/3 3905/5/3
f 3907/5/3 3903/5/3 3902/5/3
f 3908/5/3 3903/5/3 3907/5/3
f 3909/5/3 3905/5/3 3904/5/3
f 3910/5/3 3905/5/3 3909/5/3
f 3915/5/3 3912/5/3 3911/5/3
f 3916/5/3 3912/5/3 3915/5/3
f 3917/5/3 3914/5/3 3913/5/3
f 3918/5/3 3914/5/3 3917/5/3
f 3925/5/3 3920/5/3 3919/5/3
f 3926/5/3 3920/5/3 3925/5/3
f 3927/5/3 3922/5/3 3921/5/3
f 3928/5/3 3922/5/3 3927/5/3
f 3931/5/3 3924/5/3 3923/5/3
f 3932/5/3 3924/5/3 3931/5/3
f 3933/5/3 3930/5/3 3929/5/3
f 3934/5/3 3930/5/3 3933/5/3
f 3939/5/3 3936/5/3 3935/5/3
f 3940/5/3 3936/5/3 3939/5/3
f 3945/5/3 3938/5/3 3937/5/3
f 3946/5/3 3938/5/3 3945/5/3
f 3947/5/3 3942/5/3 3941/5/3
f 3948/5/3 3942/5/3 3947/5/3
f 3949/5/3 3944/5/3 3943/5/3
f 3950/5/3 3944/5/3 3949/5/3
f 3956/5/3 3952/5/3 3951/5/3
f 3957/4/3 3953/4/3 3952/4/3
f 3957/5/3 3952/5/3 3956/5/3
f 3958/5/3 3954/5/3 3953/5/3
f 3958/4/3 3953/4/3 3957/4/3
f 3959/5/3 3954/5/3 3958/5/3
f 3961/5/3 3956/5/3 3955/5/3
f 3962/5/3 3956/5/3 3961/5/3
f 3963/5/3 3960/5/3 3959/5/3
f 3964/5/3 3960/5/3 3963/5/3
f 3965/4/3 3962/4/3 3961/4/3
f 3966/4/3 3962/4/3 3965/4/3
f 3967/4/3 3964/4/3 3963/4/3
f 3968/4/3 3964/4/3 3967/4/3
f 3969/1/3 3966/1/3 3965/1/3
f 3970/1/3 3966/1/3 3969/1/3
f 3971/1/3 3968/1/3 3967/1/3
f 3972/5/3 3970/5/3 3969/5/3
f 3972/1/3 3969/1/3 3965/1/3
f 3973/5/3 3970/5/3 3972/5/3
f 3974/1/3 3968/1/3 3971/1/3
f 3975/1/3 3973/1/3 3972/1/3
f 3975/1/3 3972/1/3 3965/1/3
f 3976/1/3 3973/1/3 3975/1/3
f 3977/1/3 3968/1/3 3974/1/3
f 3978/4/3 3964/4/3 3968/4/3
f 3978/1/3 3968/1/3 3977/1/3
f 3979/4/3 3976/4/3 3975/4/3
f 3980/4/3 3976/4/3 3979/4/3
f 3981/4/3 3978/4/3 3977/4/3
f 3982/4/3 3964/4/3 3978/4/3
f 3982/4/3 3978/4/3 3981/4/3
f 3983/2/3 3982/2/3 3981/2/3
f 3984/2/3 3982/2/3 3983/2/3
f 3985/5/3 3980/5/3 3979/5/3
f 3986/5/3 3980/5/3 3985/5/3
f 3987/5/3 3984/5/3 3983/5/3
f 3988/5/3 3984/5/3 3987/5/3
f 3989/1/3 3986/1/3 3985/1/3
f 3990/1/3 3986/1/3 3989/1/3
f 3991/1/3 3988/1/3 3987/1/3
f 3992/1/3 3988/1/3 3991/1/3
f 3993/4/3 3990/4/3 3989/4/3
f 3994/4/3 3990/4/3 3993/4/3
f 3995/4/3 3992/4/3 3991/4/3
f 3996/4/3 3992/4/3 3995/4/3
f 3997/5/3 3994/5/3 3993/5/3
f 3998/5/3 3994/5/3 3997/5/3
f 4001/5/3 3996/5/3 3995/5/3
f 4002/5/3 3996/5/3 4001/5/3
f 4003/5/3 3999/5/3 3998/5/3
f 4004/4/3 4000/4/3 3999/4/3
f 4004/5/3 3999/5/3 4003/5/3
f 4005/5/3 4001/5/3 4000/5/3
f 4005/4/3 4000/4/3 4004/4/3
f 4006/5/3 4001/5/3 4005/5/3
f 4012/5/3 4008/5/3 4007/5/3
f 4013/5/3 4008/5/3 4012/5/3
f 4014/5/3 4010/5/3 4009/5/3
f 4015/5/3 4010/5/3 4014/5/3
f 4017/5/3 4012/5/3 4011/5/3
f 4018/5/3 4012/5/3 4017/5/3
f 4019/5/3 4016/5/3 4015/5/3
f 4020/5/3 4016/5/3 4019/5/3
f 4021/4/3 4018/4/3 4017/4/3
f 4022/4/3 4020/4/3 4019/4/3
f 4023/4/3 4020/4/3 4022/4/3
f 4024/4/3 4021/4/3 4017/4/3
f 4025/4/3 4024/4/3 4017/4/3
f 4026/4/3 4024/4/3 4025/4/3
f 4027/3/3 4023/3/3 4022/3/3
f 4028/3/3 4023/3/3 4027/3/3
f 4029/2/3 4028/2/3 4027/2/3
f 4030/2/3 4028/2/3 4029/2/3
f 4031/5/3 4026/5/3 4025/5/3
f 4032/5/3 4026/5/3 4031/5/3
f 4033/5/3 4030/5/3 4029/5/3
f 4034/5/3 4030/5/3 4033/5/3
f 4035/1/3 4032/1/3 4031/1/3
f 4036/1/3 4032/1/3 4035/1/3
f 4037/1/3 4034/1/3 4033/1/3
f 4038/1/3 4034/1/3 4037/1/3
f 4039/4/3 4036/4/3 4035/4/3
f 4040/4/3 4036/4/3 4039/4/3
f 4041/4/3 4038/4/3 4037/4/3
f 4042/4/3 4038/4/3 4041/4/3
f 4043/5/3 4040/5/3 4039/5/3
f 4044/5/3 4040/5/3 4043/5/3
f 4047/5/3 4042/5/3 4041/5/3
f 4048/5/3 4042/5/3 4047/5/3
f 4049/5/3 4045/5/3 4044/5/3
f 4050/5/3 4045/5/3 4049/5/3
f 4051/5/3 4047/5/3 4046/5/3
f 4052/5/3 4047/5/3 4051/5/3
f 4059/5/3 4054/5/3 4053/5/3
f 4060/4/3 4055/4/3 4054/4/3
f 4060/5/3 4054/5/3 4059/5/3
f 4061/5/3 4056/5/3 4055/5/3
f 4061/4/3 4055/4/3 4060/4/3
f 4062/5/3 4056/5/3 4061/5/3
f 4066/5/3 4058/5/3 4057/5/3
f 4067/5/3 4058/5/3 4066/5/3
f 4068/5/3 4064/5/3 4063/5/3
f 4069/5/3 4064/5/3 4068/5/3
f 4070/5/3 4066/5/3 4065/5/3
f 4071/5/3 4066/5/3 4070/5/3
f 4072/4/3 4071/4/3 4070/4/3
f 4073/4/3 4071/4/3 4072/4/3
f 4074/5/3 4073/5/3 4072/5/3
f 4075/5/3 4074/5/3 4072/5/3
f 4076/5/3 4074/5/3 4075/5/3
f 4077/1/3 4076/1/3 4075/1/3
f 4078/1/3 4077/1/3 4075/1/3
f 4079/1/3 4077/1/3 4078/1/3
f 4080/4/3 4079/4/3 4078/4/3
f 4081/4/3 4079/4/3 4080/4/3
f 4082/5/3 4081/5/3 4080/5/3
f 4083/5/3 4081/5/3 4082/5/3
f 4087/5/3 4084/5/3 4083/5/3
f 4088/5/3 4084/5/3 4087/5/3
f 4093/5/3 4086/5/3 4085/5/3
f 4094/5/3 4086/5/3 4093/5/3
f 4095/5/3 4090/5/3 4089/5/3
f 4096/4/3 4091/4/3 4090/4/3
f 4096/5/3 4090/5/3 4095/5/3
f 4097/5/3 4092/5/3 4091/5/3
f 4097/4/3 4091/4/3 4096/4/3
f 4098/5/3 4092/5/3 4097/5/3
f 4105/5/3 4100/5/3 4099/5/3
f 4106/5/3 4100/5/3 4105/5/3
f 4107/5/3 4102/5/3 4101/5/3
f 4108/5/3 4102/5/3 4107/5/3
f 4112/5/3 4104/5/3 4103/5/3
f 4113/5/3 4104/5/3 4112/5/3
f 4114/5/3 4110/5/3 4109/5/3
f 4115/5/3 4110/5/3 4114/5/3
f 4116/5/3 4112/5/3 4111/5/3
f 4117/5/3 4112/5/3 4116/5/3
f 4118/4/3 4117/4/3 4116/4/3
f 4119/4/3 4117/4/3 4118/4/3
f 4120/5/3 4119/5/3 4118/5/3
f 4121/5/3 4119/5/3 4120/5/3
f 4122/1/3 4121/1/3 4120/1/3
f 4123/1/3 4121/1/3 4122/1/3
f 4124/4/3 4123/4/3 4122/4/3
f 4125/4/3 4123/4/3 4124/4/3
f 4126/5/3 4125/5/3 4124/5/3
f 4127/5/3 4125/5/3 4126/5/3
f 4131/5/3 4128/5/3 4127/5/3
f 4132/5/3 4128/5/3 4131/5/3
f 4137/5/3 4130/5/3 4129/5/3
f 4138/5/3 4130/5/3 4137/5/3
f 4139/5/3 4134/5/3 4133/5/3
f 4140/5/3 4134/5/3 4139/5/3
f 4141/5/3 4136/5/3 4135/5/3
f 4142/5/3 4136/5/3 4141/5/3
f 4149/5/3 4144/5/3 4143/5/3
f 4150/4/3 4145/4/3 4144/4/3
f 4150/5/3 4144/5/3 4149/5/3
f 4151/5/3 4146/5/3 4145/5/3
f 4151/4/3 4145/4/3 4150/4/3
f 4152/5/3 4146/5/3 4151/5/3
f 4157/5/3 4148/5/3 4147/5/3
f 4158/5/3 4148/5/3 4157/5/3
f 4159/5/3 4154/5/3 4153/5/3
f 4160/5/3 4154/5/3 4159/5/3
f 4164/5/3 4156/5/3 4155/5/3
f 4165/5/3 4156/5/3 4164/5/3
f 4166/5/3 4162/5/3 4161/5/3
f 4167/5/3 4162/5/3 4166/5/3
f 4168/5/3 4164/5/3 4163/5/3
f 4169/5/3 4164/5/3 4168/5/3
f 4170/4/3 4169/4/3 4168/4/3
f 4171/4/3 4169/4/3 4170/4/3
f 4172/5/3 4171/5/3 4170/5/3
f 4173/5/3 4171/5/3 4172/5/3
f 4174/1/3 4173/1/3 4172/1/3
f 4175/1/3 4173/1/3 4174/1/3
f 4176/4/3 4175/4/3 4174/4/3
f 4177/4/3 4175/4/3 4176/4/3
f 4178/5/3 4177/5/3 4176/5/3
f 4179/5/3 4177/5/3 4178/5/3
f 4183/5/3 4180/5/3 4179/5/3
f 4184/5/3 4180/5/3 4183/5/3
f 4189/5/3 4182/5/3 4181/5/3
f 4190/5/3 4182/5/3 4189/5/3
f 4191/5/3 4186/5/3 4185/5/3
f 4192/5/3 4186/5/3 4191/5/3
f 4197/5/3 4188/5/3 4187/5/3
f 4198/5/3 4188/5/3 4197/5/3
f 4199/5/3 4194/5/3 4193/5/3
f 4200/4/3 4195/4/3 4194/4/3
f 4200/5/3 4194/5/3 4199/5/3
f 4201/5/3 4196/5/3 4195/5/3
f 4201/4/3 4195/4/3 4200/4/3
f 4202/5/3 4196/5/3 4201/5/3
f 4209/5/3 4204/5/3 4203/5/3
f 4210/5/3 4204/5/3 4209/5/3
f 4211/5/3 4206/5/3 4205/5/3
f 4212/5/3 4206/5/3 4211/5/3
f 4215/5/3 4208/5/3 4207/5/3
f 4216/5/3 4208/5/3 4215/5/3
f 4217/5/3 4214/5/3 4213/5/3
f 4218/5/3 4214/5/3 4217/5/3
f 4223/5/3 4220/5/3 4219/5/3
f 4224/5/3 4220/5/3 4223/5/3
f 4229/5/3 4222/5/3 4221/5/3
f 4230/5/3 4222/5/3 4229/5/3
f 4231/5/3 4226/5/3 4225/5/3
f 4232/5/3 4226/5/3 4231/5/3
f 4233/5/3 4228/5/3 4227/5/3
f 4234/5/3 4228/5/3 4233/5/3
f 4239/5/3 4236/5/3 4235/5/3
f 4240/5/3 4236/5/3 4239/5/3
f 4241/5/3 4238/5/3 4237/5/3
f 4242/5/3 4238/5/3 4241/5/3
f 4248/5/3 4244/5/3 4243/5/3
f 4249/5/3 4244/5/3 4248/5/3
f 4250/5/3 4246/5/3 4245/5/3
f 4251/5/3 4246/5/3 4250/5/3
f 4252/5/3 4248/5/3 4247/5/3
f 4253/5/3 4248/5/3 4252/5/3
f 4254/4/3 4253/4/3 4252/4/3
f 4255/4/3 4253/4/3 4254/4/3
f 4256/5/3 4255/5/3 4254/5/3
f 4257/5/3 4255/5/3 4256/5/3
f 4258/5/3 4255/5/3 4257/5/3
f 4259/5/3 4255/5/3 4258/5/3
f 4260/5/3 4255/5/3 4259/5/3
f 4261/5/3 4255/5/3 4260/5/3
f 4262/1/3 4261/1/3 4260/1/3
f 4263/1/3 4261/1/3 4262/1/3
f 4264/4/3 4263/4/3 4262/4/3
f 4265/4/3 4263/4/3 4264/4/3
f 4266/5/3 4265/5/3 4264/5/3
f 4267/5/3 4265/5/3 4266/5/3
f 4271/5/3 4268/5/3 4267/5/3
f 4272/5/3 4268/5/3 4271/5/3
f 4273/5/3 4270/5/3 4269/5/3
f 4274/5/3 4270/5/3 4273/5/3
f 4279/5/3 4276/5/3 4275/5/3
f 4280/5/3 4276/5/3 4279/5/3
f 4281/5/3 4278/5/3 4277/5/3
f 4282/5/3 4278/5/3 4281/5/3
f 4289/5/3 4284/5/3 4283/5/3
f 4290/5/3 4284/5/3 4289/5/3
f 4291/5/3 4286/5/3 4285/5/3
f 4292/5/3 4286/5/3 4291/5/3
f 4295/5/3 4288/5/3 4287/5/3
f 4296/5/3 4288/5/3 4295/5/3
f 4297/5/3 4294/5/3 4293/5/3
f 4298/5/3 4294/5/3 4297/5/3
f 4303/5/3 4300/5/3 4299/5/3
f 4304/5/3 4300/5/3 4303/5/3
f 4309/5/3 4302/5/3 4301/5/3
f 4310/5/3 4302/5/3 4309/5/3
f 4311/5/3 4306/5/3 4305/5/3
f 4312/5/3 4306/5/3 4311/5/3
f 4313/5/3 4308/5/3 4307/5/3
f 4314/5/3 4308/5/3 4313/5/3
f 4317/2/3 4316/2/3 4315/2/3
f 4318/2/3 4316/2/3 4317/2/3
f 4321/2/3 4320/2/3 4319/2/3
f 4322/2/3 4320/2/3 4321/2/3
f 4325/2/3 4324/2/3 4323/2/3
f 4326/2/3 4324/2/3 4325/2/3
f 4329/2/3 4328/2/3 4327/2/3
f 4330/2/3 4328/2/3 4329/2/3
f 4333/2/3 4332/2/3 4331/2/3
f 4334/2/3 4332/2/3 4333/2/3
f 4337/2/3 4336/2/3 4335/2/3
f 4338/2/3 4336/2/3 4337/2/3
f 4341/2/3 4340/2/3 4339/2/3
f 4342/2/3 4340/2/3 4341/2/3
f 4345/2/3 4344/2/3 4343/2/3
f 4346/2/3 4344/2/3 4345/2/3
f 4349/2/3 4348/2/3 4347/2/3
f 4350/2/3 4348/2/3 4349/2/3
f 4353/2/3 4352/2/3 4351/2/3
f 4354/2/3 4352/2/3 4353/2/3
f 4355/2/4 4356/2/4 4357/2/4
f 4357/2/4 4356/2/4 4358/2/4
f 4359/2/4 4360/2/4 4361/2/4
f 4361/2/4 4360/2/4 4362/2/4
f 4363/2/4 4364/2/4 4365/2/4
f 4365/2/4 4364/2/4 4366/2/4
f 4367/2/4 4368/2/4 4369/2/4
f 4369/2/4 4368/2/4 4370/2/4
f 4371/2/4 4372/2/4 4373/2/4
f 4373/2/4 4372/2/4 4374/2/4
f 4375/2/4 4376/2/4 4377/2/4
f 4377/2/4 4376/2/4 4378/2/4
f 4379/6/4 4380/6/4 4381/6/4
f 4381/6/4 4380/6/4 4382/6/4
f 4383/6/4 4384/6/4 4385/6/4
f 4385/6/4 4384/6/4 4386/6/4
f 4387/6/4 4388/6/4 4389/6/4
f 4389/6/4 4388/6/4 4390/6/4
f 4391/6/4 4392/6/4 4393/6/4
f 4393/6/4 4392/6/4 4394/6/4
f 4395/5/4 4396/5/4 4401/5/4
f 4401/5/4 4396/5/4 4402/5/4
f 4397/5/4 4398/5/4 4403/5/4
f 4403/5/4 4398/5/4 4404/5/4
f 4399/5/4 4400/5/4 4407/5/4
f 4407/5/4 4400/5/4 4408/5/4
f 4405/5/4 4406/5/4 4409/5/4
f 4409/5/4 4406/5/4 4410/5/4
f 4411/5/4 4412/5/4 4415/5/4
f 4415/5/4 4412/5/4 4416/5/4
f 4413/5/4 4414/5/4 4421/5/4
f 4421/5/4 4414/5/4 4422/5/4
f 4417/5/4 4418/5/4 4423/5/4
f 4423/5/4 4418/5/4 4424/5/4
f 4419/5/4 4420/5/4 4425/5/4
f 4425/5/4 4420/5/4 4426/5/4
f 4427/5/4 4428/5/4 4431/5/4
f 4431/5/4 4428/5/4 4432/5/4
f 4429/5/4 4430/5/4 4433/5/4
f 4433/5/4 4430/5/4 4434/5/4
f 4435/5/4 4436/5/4 4440/5/4
f 4440/5/4 4436/5/4 4441/5/4
f 4437/5/4 4438/5/4 4442/5/4
f 4442/5/4 4438/5/4 4443/5/4
f 4439/5/4 4440/5/4 4444/5/4
f 4444/5/4 4440/5/4 4445/5/4
f 4444/4/4 4445/4/4 4446/4/4
f 4446/4/4 4445/4/4 4447/4/4
f 4446/5/4 4447/5/4 4448/5/4
f 4448/5/4 4447/5/4 4449/5/4
f 4449/5/4 4447/5/4 4450/5/4
f 4450/5/4 4447/5/4 4451/5/4
f 4451/5/4 4447/5/4 4452/5/4
f 4452/5/4 4447/5/4 4453/5/4
f 4452/1/4 4453/1/4 4454/1/4
f 4454/1/4 4453/1/4 4455/1/4
f 4454/4/4 4455/4/4 4456/4/4
f 4456/4/4 4455/4/4 4457/4/4
f 4456/5/4 4457/5/4 4458/5/4
f 4458/5/4 4457/5/4 4459/5/4
f 4459/5/4 4460/5/4 4463/5/4
f 4463/5/4 4460/5/4 4464/5/4
f 4461/5/4 4462/5/4 4465/5/4
f 4465/5/4 4462/5/4 4466/5/4
f 4467/5/4 4468/5/4 4471/5/4
f 4471/5/4 4468/5/4 4472/5/4
f 4469/5/4 4470/5/4 4473/5/4
f 4473/5/4 4470/5/4 4474/5/4
f 4475/5/4 4476/5/4 4481/5/4
f 4481/5/4 4476/5/4 4482/5/4
f 4477/5/4 4478/5/4 4483/5/4
f 4483/5/4 4478/5/4 4484/5/4
f 4479/5/4 4480/5/4 4487/5/4
f 4487/5/4 4480/5/4 4488/5/4
f 4485/5/4 4486/5/4 4489/5/4
f 4489/5/4 4486/5/4 4490/5/4
f 4491/5/4 4492/5/4 4495/5/4
f 4495/5/4 4492/5/4 4496/5/4
f 4493/5/4 4494/5/4 4501/5/4
f 4501/5/4 4494/5/4 4502/5/4
f 4497/5/4 4498/5/4 4503/5/4
f 4503/5/4 4498/5/4 4504/5/4
f 4499/5/4 4500/5/4 4505/5/4
f 4505/5/4 4500/5/4 4506/5/4
f 4507/5/4 4508/5/4 4513/5/4
f 4508/4/4 4509/4/4 4514/4/4
f 4513/5/4 4508/5/4 4514/5/4
f 4509/5/4 4510/5/4 4515/5/4
f 4514/4/4 4509/4/4 4515/4/4
f 4515/5/4 4510/5/4 4516/5/4
f 4511/5/4 4512/5/4 4521/5/4
f 4521/5/4 4512/5/4 4522/5/4
f 4517/5/4 4518/5/4 4523/5/4
f 4523/5/4 4518/5/4 4524/5/4
f 4519/5/4 4520/5/4 4528/5/4
f 4528/5/4 4520/5/4 4529/5/4
f 4525/5/4 4526/5/4 4530/5/4
f 4530/5/4 4526/5/4 4531/5/4
f 4527/5/4 4528/5/4 4532/5/4
f 4532/5/4 4528/5/4 4533/5/4
f 4532/4/4 4533/4/4 4534/4/4
f 4534/4/4 4533/4/4 4535/4/4
f 4534/5/4 4535/5/4 4536/5/4
f 4536/5/4 4535/5/4 4537/5/4
f 4536/1/4 4537/1/4 4538/1/4
f 4538/1/4 4537/1/4 4539/1/4
f 4538/4/4 4539/4/4 4540/4/4
f 4540/4/4 4539/4/4 4541/4/4
f 4540/5/4 4541/5/4 4542/5/4
f 4542/5/4 4541/5/4 4543/5/4
f 4543/5/4 4544/5/4 4547/5/4
f 4547/5/4 4544/5/4 4548/5/4
f 4545/5/4 4546/5/4 4553/5/4
f 4553/5/4 4546/5/4 4554/5/4
f 4549/5/4 4550/5/4 4555/5/4
f 4555/5/4 4550/5/4 4556/5/4
f 4551/5/4 4552/5/4 4561/5/4
f 4561/5/4 4552/5/4 4562/5/4
f 4557/5/4 4558/5/4 4563/5/4
f 4558/4/4 4559/4/4 4564/4/4
f 4563/5/4 4558/5/4 4564/5/4
f 4559/5/4 4560/5/4 4565/5/4
f 4564/4/4 4559/4/4 4565/4/4
f 4565/5/4 4560/5/4 4566/5/4
f 4567/5/4 4568/5/4 4573/5/4
f 4573/5/4 4568/5/4 4574/5/4
f 4569/5/4 4570/5/4 4575/5/4
f 4575/5/4 4570/5/4 4576/5/4
f 4571/5/4 4572/5/4 4580/5/4
f 4580/5/4 4572/5/4 4581/5/4
f 4577/5/4 4578/5/4 4582/5/4
f 4582/5/4 4578/5/4 4583/5/4
f 4579/5/4 4580/5/4 4584/5/4
f 4584/5/4 4580/5/4 4585/5/4
f 4584/4/4 4585/4/4 4586/4/4
f 4586/4/4 4585/4/4 4587/4/4
f 4586/5/4 4587/5/4 4588/5/4
f 4586/5/4 4588/5/4 4589/5/4
f 4589/5/4 4588/5/4 4590/5/4
f 4589/1/4 4590/1/4 4591/1/4
f 4591/1/4 4590/1/4 4592/1/4
f 4591/4/4 4592/4/4 4593/4/4
f 4593/4/4 4592/4/4 4594/4/4
f 4593/5/4 4594/5/4 4595/5/4
f 4595/5/4 4594/5/4 4596/5/4
f 4596/5/4 4597/5/4 4600/5/4
f 4600/5/4 4597/5/4 4601/5/4
f 4598/5/4 4599/5/4 4606/5/4
f 4606/5/4 4599/5/4 4607/5/4
f 4602/5/4 4603/5/4 4608/5/4
f 4608/5/4 4603/5/4 4609/5/4
f 4604/5/4 4605/5/4 4610/5/4
f 4610/5/4 4605/5/4 4611/5/4
f 4612/5/4 4613/5/4 4618/5/4
f 4613/4/4 4614/4/4 4619/4/4
f 4618/5/4 4613/5/4 4619/5/4
f 4614/5/4 4615/5/4 4620/5/4
f 4619/4/4 4614/4/4 4620/4/4
f 4620/5/4 4615/5/4 4621/5/4
f 4616/5/4 4617/5/4 4625/5/4
f 4625/5/4 4617/5/4 4626/5/4
f 4622/5/4 4623/5/4 4627/5/4
f 4627/5/4 4623/5/4 4628/5/4
f 4624/5/4 4625/5/4 4629/5/4
f 4629/5/4 4625/5/4 4630/5/4
f 4629/4/4 4630/4/4 4631/4/4
f 4631/4/4 4630/4/4 4632/4/4
f 4631/5/4 4632/5/4 4633/5/4
f 4631/5/4 4633/5/4 4634/5/4
f 4634/5/4 4633/5/4 4635/5/4
f 4634/1/4 4635/1/4 4636/1/4
f 4636/1/4 4635/1/4 4637/1/4
f 4636/4/4 4637/4/4 4638/4/4
f 4638/4/4 4637/4/4 4639/4/4
f 4638/5/4 4639/5/4 4640/5/4
f 4640/5/4 4639/5/4 4641/5/4
f 4641/5/4 4642/5/4 4645/5/4
f 4645/5/4 4642/5/4 4646/5/4
f 4643/5/4 4644/5/4 4651/5/4
f 4651/5/4 4644/5/4 4652/5/4
f 4647/5/4 4648/5/4 4653/5/4
f 4648/4/4 4649/4/4 4654/4/4
f 4653/5/4 4648/5/4 4654/5/4
f 4649/5/4 4650/5/4 4655/5/4
f 4654/4/4 4649/4/4 4655/4/4
f 4655/5/4 4650/5/4 4656/5/4
f 4657/5/4 4658/5/4 4662/5/4
f 4662/5/4 4658/5/4 4663/5/4
f 4659/5/4 4660/5/4 4664/5/4
f 4664/5/4 4660/5/4 4665/5/4
f 4665/5/4 4666/5/4 4667/5/4
f 4661/5/4 4662/5/4 4668/5/4
f 4668/5/4 4662/5/4 4669/5/4
f 4665/5/4 4667/5/4 4670/5/4
f 4670/5/4 4667/5/4 4671/5/4
f 4668/4/4 4669/4/4 4672/4/4
f 4672/4/4 4669/4/4 4673/4/4
f 4670/4/4 4671/4/4 4674/4/4
f 4674/4/4 4671/4/4 4675/4/4
f 4674/5/4 4675/5/4 4676/5/4
f 4676/5/4 4675/5/4 4677/5/4
f 4676/2/4 4677/2/4 4678/2/4
f 4678/2/4 4677/2/4 4679/2/4
f 4672/5/4 4673/5/4 4680/5/4
f 4672/5/4 4680/5/4 4681/5/4
f 4681/5/4 4680/5/4 4682/5/4
f 4681/1/4 4682/1/4 4683/1/4
f 4683/1/4 4682/1/4 4684/1/4
f 4678/5/4 4679/5/4 4685/5/4
f 4685/5/4 4679/5/4 4686/5/4
f 4683/4/4 4684/4/4 4687/4/4
f 4685/1/4 4686/1/4 4688/1/4
f 4683/4/4 4687/4/4 4689/4/4
f 4685/1/4 4688/1/4 4690/1/4
f 4690/1/4 4688/1/4 4691/1/4
f 4683/4/4 4689/4/4 4692/4/4
f 4692/4/4 4689/4/4 4693/4/4
f 4690/4/4 4691/4/4 4694/4/4
f 4694/4/4 4691/4/4 4695/4/4
f 4692/5/4 4693/5/4 4696/5/4
f 4696/5/4 4693/5/4 4697/5/4
f 4694/5/4 4695/5/4 4700/5/4
f 4700/5/4 4695/5/4 4701/5/4
f 4697/5/4 4698/5/4 4702/5/4
f 4702/5/4 4698/5/4 4703/5/4
f 4699/5/4 4700/5/4 4704/5/4
f 4704/5/4 4700/5/4 4705/5/4
f 4706/5/4 4707/5/4 4711/5/4
f 4707/4/4 4708/4/4 4712/4/4
f 4711/5/4 4707/5/4 4712/5/4
f 4708/5/4 4709/5/4 4713/5/4
f 4712/4/4 4708/4/4 4713/4/4
f 4713/5/4 4709/5/4 4714/5/4
f 4710/5/4 4711/5/4 4716/5/4
f 4716/5/4 4711/5/4 4717/5/4
f 4714/5/4 4715/5/4 4718/5/4
f 4718/5/4 4715/5/4 4719/5/4
f 4716/4/4 4717/4/4 4720/4/4
f 4720/4/4 4717/4/4 4721/4/4
f 4718/4/4 4719/4/4 4722/4/4
f 4722/4/4 4719/4/4 4723/4/4
f 4722/5/4 4723/5/4 4724/5/4
f 4724/5/4 4723/5/4 4725/5/4
f 4724/2/4 4725/2/4 4726/2/4
f 4726/2/4 4725/2/4 4727/2/4
f 4726/5/4 4727/5/4 4728/5/4
f 4720/5/4 4721/5/4 4729/5/4
f 4729/5/4 4721/5/4 4730/5/4
f 4728/5/4 4727/5/4 4731/5/4
f 4729/1/4 4730/1/4 4732/1/4
f 4732/1/4 4730/1/4 4733/1/4
f 4731/5/4 4727/5/4 4734/5/4
f 4734/5/4 4727/5/4 4735/5/4
f 4732/4/4 4733/4/4 4736/4/4
f 4736/4/4 4733/4/4 4737/4/4
f 4734/1/4 4735/1/4 4738/1/4
f 4735/5/4 4727/5/4 4739/5/4
f 4738/1/4 4735/1/4 4739/1/4
f 4739/5/4 4727/5/4 4740/5/4
f 4732/4/4 4736/4/4 4741/4/4
f 4736/5/4 4737/5/4 4742/5/4
f 4741/4/4 4736/4/4 4742/4/4
f 4738/4/4 4739/4/4 4743/4/4
f 4739/4/4 4740/4/4 4743/4/4
f 4743/4/4 4740/4/4 4744/4/4
f 4741/5/4 4742/5/4 4745/5/4
f 4742/5/4 4737/5/4 4746/5/4
f 4745/5/4 4742/5/4 4746/5/4
f 4743/5/4 4744/5/4 4747/5/4
f 4744/4/4 4740/4/4 4748/4/4
f 4747/5/4 4744/5/4 4748/5/4
f 4745/4/4 4746/4/4 4749/4/4
f 4749/4/4 4746/4/4 4750/4/4
f 4747/4/4 4748/4/4 4751/4/4
f 4748/4/4 4740/4/4 4752/4/4
f 4751/4/4 4748/4/4 4752/4/4
f 4749/5/4 4750/5/4 4753/5/4
f 4753/5/4 4750/5/4 4754/5/4
f 4751/5/4 4752/5/4 4757/5/4
f 4757/5/4 4752/5/4 4758/5/4
f 4754/5/4 4755/5/4 4759/5/4
f 4755/4/4 4756/4/4 4760/4/4
f 4759/5/4 4755/5/4 4760/5/4
f 4756/5/4 4757/5/4 4761/5/4
f 4760/4/4 4756/4/4 4761/4/4
f 4761/5/4 4757/5/4 4762/5/4
f 4763/5/4 4764/5/4 4769/5/4
f 4769/5/4 4764/5/4 4770/5/4
f 4765/5/4 4766/5/4 4771/5/4
f 4771/5/4 4766/5/4 4772/5/4
f 4767/5/4 4768/5/4 4775/5/4
f 4775/5/4 4768/5/4 4776/5/4
f 4773/5/4 4774/5/4 4777/5/4
f 4777/5/4 4774/5/4 4778/5/4
f 4779/5/4 4780/5/4 4783/5/4
f 4783/5/4 4780/5/4 4784/5/4
f 4781/5/4 4782/5/4 4789/5/4
f 4789/5/4 4782/5/4 4790/5/4
f 4785/5/4 4786/5/4 4791/5/4
f 4791/5/4 4786/5/4 4792/5/4
f 4787/5/4 4788/5/4 4793/5/4
f 4793/5/4 4788/5/4 4794/5/4
f 4795/5/4 4796/5/4 4799/5/4
f 4799/5/4 4796/5/4 4800/5/4
f 4797/5/4 4798/5/4 4801/5/4
f 4801/5/4 4798/5/4 4802/5/4
f 4803/5/4 4804/5/4 4807/5/4
f 4807/5/4 4804/5/4 4808/5/4
f 4805/5/4 4806/5/4 4809/5/4
f 4809/5/4 4806/5/4 4810/5/4
f 4810/5/4 4811/5/4 4812/5/4
f 4812/5/4 4811/5/4 4813/5/4
f 4812/4/4 4813/4/4 4814/4/4
f 4814/4/4 4813/4/4 4815/4/4
f 4814/5/4 4815/5/4 4816/5/4
f 4816/5/4 4815/5/4 4817/5/4
f 4818/5/4 4819/5/4 4820/5/4
f 4820/5/4 4819/5/4 4821/5/4
f 4820/2/4 4821/2/4 4822/2/4
f 4822/2/4 4821/2/4 4823/2/4
f 4822/5/4 4823/5/4 4824/5/4
f 4824/5/4 4823/5/4 4825/5/4
f 4826/5/4 4827/5/4 4828/5/4
f 4828/5/4 4827/5/4 4829/5/4
f 4828/1/4 4829/1/4 4830/1/4
f 4830/1/4 4829/1/4 4831/1/4
f 4830/4/4 4831/4/4 4832/4/4
f 4832/4/4 4831/4/4 4833/4/4
f 4833/4/4 4831/4/4 4834/4/4
f 4833/5/4 4834/5/4 4838/5/4
f 4838/5/4 4834/5/4 4839/5/4
f 4835/5/4 4836/5/4 4840/5/4
f 4840/5/4 4836/5/4 4841/5/4
f 4837/5/4 4838/5/4 4842/5/4
f 4842/5/4 4838/5/4 4843/5/4
f 4844/5/4 4845/5/4 4848/5/4
f 4848/5/4 4845/5/4 4849/5/4
f 4846/5/4 4847/5/4 4850/5/4
f 4850/5/4 4847/5/4 4851/5/4
f 4852/5/4 4853/5/4 4858/5/4
f 4858/5/4 4853/5/4 4859/5/4
f 4854/5/4 4855/5/4 4860/5/4
f 4860/5/4 4855/5/4 4861/5/4
f 4856/5/4 4857/5/4 4864/5/4
f 4864/5/4 4857/5/4 4865/5/4
f 4862/5/4 4863/5/4 4866/5/4
f 4866/5/4 4863/5/4 4867/5/4
f 4868/2/4 4869/2/4 4870/2/4
f 4870/2/4 4869/2/4 4871/2/4
f 4872/2/4 4873/2/4 4874/2/4
f 4874/2/4 4873/2/4 4875/2/4
f 4876/5/4 4877/5/4 4880/5/4
f 4880/5/4 4877/5/4 4881/5/4
f 4878/5/4 4879/5/4 4886/5/4
f 4886/5/4 4879/5/4 4887/5/4
f 4882/5/4 4883/5/4 4888/5/4
f 4888/5/4 4883/5/4 4889/5/4
f 4884/5/4 4885/5/4 4890/5/4
f 4890/5/4 4885/5/4 4891/5/4
f 4892/5/4 4893/5/4 4898/5/4
f 4893/4/4 4894/4/4 4899/4/4
f 4898/5/4 4893/5/4 4899/5/4
f 4894/5/4 4895/5/4 4900/5/4
f 4899/4/4 4894/4/4 4900/4/4
f 4900/5/4 4895/5/4 4901/5/4
f 4896/5/4 4897/5/4 4906/5/4
f 4906/5/4 4897/5/4 4907/5/4
f 4902/5/4 4903/5/4 4908/5/4
f 4908/5/4 4903/5/4 4909/5/4
f 4904/5/4 4905/5/4 4912/5/4
f 4912/5/4 4905/5/4 4913/5/4
f 4910/5/4 4911/5/4 4914/5/4
f 4914/5/4 4911/5/4 4915/5/4
f 4915/5/4 4916/5/4 4917/5/4
f 4917/5/4 4916/5/4 4918/5/4
f 4917/4/4 4918/4/4 4919/4/4
f 4919/4/4 4918/4/4 4920/4/4
f 4919/5/4 4920/5/4 4921/5/4
f 4921/5/4 4920/5/4 4922/5/4
f 4923/5/4 4924/5/4 4925/5/4
f 4925/5/4 4924/5/4 4926/5/4
f 4925/2/4 4926/2/4 4927/2/4
f 4927/2/4 4926/2/4 4928/2/4
f 4927/5/4 4928/5/4 4929/5/4
f 4929/5/4 4928/5/4 4930/5/4
f 4931/5/4 4932/5/4 4933/5/4
f 4933/5/4 4932/5/4 4934/5/4
f 4933/1/4 4934/1/4 4935/1/4
f 4935/1/4 4934/1/4 4936/1/4
f 4935/4/4 4936/4/4 4937/4/4
f 4937/4/4 4936/4/4 4938/4/4
f 4937/5/4 4938/5/4 4942/5/4
f 4942/5/4 4938/5/4 4943/5/4
f 4939/5/4 4940/5/4 4944/5/4
f 4944/5/4 4940/5/4 4945/5/4
f 4941/5/4 4942/5/4 4950/5/4
f 4950/5/4 4942/5/4 4951/5/4
f 4946/5/4 4947/5/4 4952/5/4
f 4952/5/4 4947/5/4 4953/5/4
f 4948/5/4 4949/5/4 4958/5/4
f 4958/5/4 4949/5/4 4959/5/4
f 4954/5/4 4955/5/4 4960/5/4
f 4955/4/4 4956/4/4 4961/4/4
f 4960/5/4 4955/5/4 4961/5/4
f 4956/5/4 4957/5/4 4962/5/4
f 4961/4/4 4956/4/4 4962/4/4
f 4962/5/4 4957/5/4 4963/5/4
f 4964/5/4 4965/5/4 4970/5/4
f 4970/5/4 4965/5/4 4971/5/4
f 4966/5/4 4967/5/4 4972/5/4
f 4972/5/4 4967/5/4 4973/5/4
f 4968/5/4 4969/5/4 4976/5/4
f 4976/5/4 4969/5/4 4977/5/4
f 4974/5/4 4975/5/4 4978/5/4
f 4978/5/4 4975/5/4 4979/5/4
f 4979/5/4 4980/5/4 4981/5/4
f 4981/5/4 4980/5/4 4982/5/4
f 4981/4/4 4982/4/4 4983/4/4
f 4983/4/4 4982/4/4 4984/4/4
f 4983/5/4 4984/5/4 4985/5/4
f 4985/5/4 4984/5/4 4986/5/4
f 4987/2/4 4988/2/4 4991/2/4
f 4991/2/4 4988/2/4 4992/2/4
f 4989/5/4 4990/5/4 4993/5/4
f 4993/5/4 4990/5/4 4994/5/4
f 4993/2/4 4994/2/4 4995/2/4
f 4995/2/4 4994/2/4 4996/2/4
f 4995/5/4 4996/5/4 4997/5/4
f 4997/5/4 4996/5/4 4998/5/4
f 4999/2/4 5000/2/4 5003/2/4
f 5003/2/4 5000/2/4 5004/2/4
f 5001/5/4 5002/5/4 5005/5/4
f 5005/5/4 5002/5/4 5006/5/4
f 5005/1/4 5006/1/4 5007/1/4
f 5007/1/4 5006/1/4 5008/1/4
f 5007/4/4 5008/4/4 5009/4/4
f 5009/4/4 5008/4/4 5010/4/4
f 5009/5/4 5010/5/4 5014/5/4
f 5014/5/4 5010/5/4 5015/5/4
f 5011/5/4 5012/5/4 5016/5/4
f 5016/5/4 5012/5/4 5017/5/4
f 5013/5/4 5014/5/4 5022/5/4
f 5022/5/4 5014/5/4 5023/5/4
f 5018/5/4 5019/5/4 5024/5/4
f 5024/5/4 5019/5/4 5025/5/4
f 5020/5/4 5021/5/4 5026/5/4
f 5026/5/4 5021/5/4 5027/5/4
f 5028/5/4 5029/5/4 5034/5/4
f 5029/4/4 5030/4/4 5035/4/4
f 5034/5/4 5029/5/4 5035/5/4
f 5030/5/4 5031/5/4 5036/5/4
f 5035/4/4 5030/4/4 5036/4/4
f 5036/5/4 5031/5/4 5037/5/4
f 5032/5/4 5033/5/4 5040/5/4
f 5040/5/4 5033/5/4 5041/5/4
f 5038/5/4 5039/5/4 5042/5/4
f 5042/5/4 5039/5/4 5043/5/4
f 5043/5/4 5044/5/4 5045/5/4
f 5045/5/4 5044/5/4 5046/5/4
f 5045/4/4 5046/4/4 5047/4/4
f 5047/4/4 5046/4/4 5048/4/4
f 5047/5/4 5048/5/4 5049/5/4
f 5049/5/4 5048/5/4 5050/5/4
f 5051/2/4 5052/2/4 5055/2/4
f 5055/2/4 5052/2/4 5056/2/4
f 5053/5/4 5054/5/4 5057/5/4
f 5057/5/4 5054/5/4 5058/5/4
f 5057/2/4 5058/2/4 5059/2/4
f 5059/2/4 5058/2/4 5060/2/4
f 5059/5/4 5060/5/4 5061/5/4
f 5061/5/4 5060/5/4 5062/5/4
f 5063/2/4 5064/2/4 5067/2/4
f 5067/2/4 5064/2/4 5068/2/4
f 5065/5/4 5066/5/4 5069/5/4
f 5069/5/4 5066/5/4 5070/5/4
f 5070/5/4 5066/5/4 5071/5/4
f 5070/1/4 5071/1/4 5072/1/4
f 5072/1/4 5071/1/4 5073/1/4
f 5072/4/4 5073/4/4 5074/4/4
f 5074/4/4 5073/4/4 5075/4/4
f 5074/5/4 5075/5/4 5079/5/4
f 5079/5/4 5075/5/4 5080/5/4
f 5076/5/4 5077/5/4 5081/5/4
f 5081/5/4 5077/5/4 5082/5/4
f 5078/5/4 5079/5/4 5087/5/4
f 5087/5/4 5079/5/4 5088/5/4
f 5083/5/4 5084/5/4 5089/5/4
f 5084/4/4 5085/4/4 5090/4/4
f 5089/5/4 5084/5/4 5090/5/4
f 5085/5/4 5086/5/4 5091/5/4
f 5090/4/4 5085/4/4 5091/4/4
f 5091/5/4 5086/5/4 5092/5/4
f 5093/5/4 5094/5/4 5098/5/4
f 5098/5/4 5094/5/4 5099/5/4
f 5095/5/4 5096/5/4 5100/5/4
f 5100/5/4 5096/5/4 5101/5/4
f 5097/5/4 5098/5/4 5103/5/4
f 5103/5/4 5098/5/4 5104/5/4
f 5101/5/4 5102/5/4 5105/5/4
f 5105/5/4 5102/5/4 5106/5/4
f 5103/4/4 5104/4/4 5107/4/4
f 5107/4/4 5104/4/4 5108/4/4
f 5105/4/4 5106/4/4 5109/4/4
f 5109/4/4 5106/4/4 5110/4/4
f 5107/5/4 5108/5/4 5111/5/4
f 5109/5/4 5110/5/4 5112/5/4
f 5112/5/4 5110/5/4 5113/5/4
f 5111/5/4 5108/5/4 5116/5/4
f 5114/2/4 5115/2/4 5119/2/4
f 5119/2/4 5115/2/4 5120/2/4
f 5116/5/4 5108/5/4 5121/5/4
f 5121/5/4 5108/5/4 5122/5/4
f 5117/5/4 5118/5/4 5123/5/4
f 5123/5/4 5118/5/4 5124/5/4
f 5122/5/4 5108/5/4 5125/5/4
f 5123/2/4 5124/2/4 5126/2/4
f 5126/2/4 5124/2/4 5127/2/4
f 5126/5/4 5127/5/4 5128/5/4
f 5128/5/4 5127/5/4 5129/5/4
f 5130/2/4 5131/2/4 5134/2/4
f 5134/2/4 5131/2/4 5135/2/4
f 5125/5/4 5108/5/4 5136/5/4
f 5125/5/4 5136/5/4 5137/5/4
f 5137/5/4 5136/5/4 5138/5/4
f 5137/1/4 5138/1/4 5139/1/4
f 5139/1/4 5138/1/4 5140/1/4
f 5132/5/4 5133/5/4 5141/5/4
f 5141/5/4 5133/5/4 5142/5/4
f 5139/4/4 5140/4/4 5143/4/4
f 5143/4/4 5140/4/4 5144/4/4
f 5143/4/4 5144/4/4 5145/4/4
f 5141/1/4 5142/1/4 5146/1/4
f 5146/1/4 5142/1/4 5147/1/4
f 5143/4/4 5145/4/4 5148/4/4
f 5148/4/4 5145/4/4 5149/4/4
f 5146/4/4 5147/4/4 5150/4/4
f 5150/4/4 5147/4/4 5151/4/4
f 5148/5/4 5149/5/4 5152/5/4
f 5152/5/4 5149/5/4 5153/5/4
f 5150/5/4 5151/5/4 5156/5/4
f 5156/5/4 5151/5/4 5157/5/4
f 5153/5/4 5154/5/4 5158/5/4
f 5158/5/4 5154/5/4 5159/5/4
f 5155/5/4 5156/5/4 5160/5/4
f 5160/5/4 5156/5/4 5161/5/4
f 5162/5/4 5163/5/4 5167/5/4
f 5163/4/4 5164/4/4 5168/4/4
f 5167/5/4 5163/5/4 5168/5/4
f 5164/5/4 5165/5/4 5169/5/4
f 5168/4/4 5164/4/4 5169/4/4
f 5169/5/4 5165/5/4 5170/5/4
f 5166/5/4 5167/5/4 5172/5/4
f 5172/5/4 5167/5/4 5173/5/4
f 5170/5/4 5171/5/4 5174/5/4
f 5174/5/4 5171/5/4 5175/5/4
f 5172/4/4 5173/4/4 5176/4/4
f 5176/4/4 5173/4/4 5177/4/4
f 5174/4/4 5175/4/4 5178/4/4
f 5178/4/4 5175/4/4 5179/4/4
f 5178/5/4 5179/5/4 5180/5/4
f 5180/5/4 5179/5/4 5181/5/4
f 5182/2/4 5183/2/4 5186/2/4
f 5186/2/4 5183/2/4 5187/2/4
f 5184/5/4 5185/5/4 5188/5/4
f 5188/5/4 5185/5/4 5189/5/4
f 5188/2/4 5189/2/4 5190/2/4
f 5190/2/4 5189/2/4 5191/2/4
f 5190/5/4 5191/5/4 5192/5/4
f 5192/5/4 5191/5/4 5193/5/4
f 5193/5/4 5191/5/4 5194/5/4
f 5195/2/4 5196/2/4 5199/2/4
f 5199/2/4 5196/2/4 5200/2/4
f 5176/5/4 5177/5/4 5201/5/4
f 5201/5/4 5177/5/4 5202/5/4
f 5197/5/4 5198/5/4 5203/5/4
f 5201/1/4 5202/1/4 5204/1/4
f 5204/1/4 5202/1/4 5205/1/4
f 5203/5/4 5198/5/4 5206/5/4
f 5206/5/4 5198/5/4 5207/5/4
f 5204/4/4 5205/4/4 5208/4/4
f 5208/4/4 5205/4/4 5209/4/4
f 5206/1/4 5207/1/4 5210/1/4
f 5207/5/4 5198/5/4 5211/5/4
f 5210/1/4 5207/1/4 5211/1/4
f 5211/5/4 5198/5/4 5212/5/4
f 5204/4/4 5208/4/4 5213/4/4
f 5208/5/4 5209/5/4 5214/5/4
f 5213/4/4 5208/4/4 5214/4/4
f 5210/4/4 5211/4/4 5215/4/4
f 5211/4/4 5212/4/4 5215/4/4
f 5215/4/4 5212/4/4 5216/4/4
f 5213/5/4 5214/5/4 5217/5/4
f 5214/5/4 5209/5/4 5218/5/4
f 5217/5/4 5214/5/4 5218/5/4
f 5215/5/4 5216/5/4 5219/5/4
f 5216/4/4 5212/4/4 5220/4/4
f 5219/5/4 5216/5/4 5220/5/4
f 5217/4/4 5218/4/4 5221/4/4
f 5221/4/4 5218/4/4 5222/4/4
f 5219/4/4 5220/4/4 5223/4/4
f 5220/4/4 5212/4/4 5224/4/4
f 5223/4/4 5220/4/4 5224/4/4
f 5221/5/4 5222/5/4 5225/5/4
f 5225/5/4 5222/5/4 5226/5/4
f 5223/5/4 5224/5/4 5229/5/4
f 5229/5/4 5224/5/4 5230/5/4
f 5226/5/4 5227/5/4 5231/5/4
f 5227/4/4 5228/4/4 5232/4/4
f 5231/5/4 5227/5/4 5232/5/4
f 5228/5/4 5229/5/4 5233/5/4
f 5232/4/4 5228/4/4 5233/4/4
f 5233/5/4 5229/5/4 5234/5/4
f 5235/5/4 5236/5/4 5239/5/4
f 5236/4/4 5237/4/4 5240/4/4
f 5239/5/4 5236/5/4 5240/5/4
f 5237/5/4 5238/5/4 5241/5/4
f 5240/4/4 5237/4/4 5241/4/4
f 5241/5/4 5238/5/4 5242/5/4
f 5239/4/4 5240/4/4 5243/4/4
f 5240/4/4 5241/4/4 5243/4/4
f 5241/4/4 5242/4/4 5243/4/4
f 5243/4/4 5242/4/4 5244/4/4
f 5243/5/4 5244/5/4 5245/5/4
f 5245/5/4 5244/5/4 5246/5/4
f 5243/5/4 5245/5/4 5249/5/4
f 5247/2/4 5248/2/4 5251/2/4
f 5251/2/4 5248/2/4 5252/2/4
f 5249/5/4 5250/5/4 5253/5/4
f 5253/5/4 5250/5/4 5254/5/4
f 5243/5/4 5249/5/4 5255/5/4
f 5249/5/4 5253/5/4 5255/5/4
f 5253/2/4 5254/2/4 5256/2/4
f 5255/5/4 5253/5/4 5256/5/4
f 5243/5/4 5255/5/4 5257/5/4
f 5255/2/4 5256/2/4 5258/2/4
f 5257/5/4 5255/5/4 5258/5/4
f 5256/2/4 5254/2/4 5259/2/4
f 5258/2/4 5256/2/4 5259/2/4
f 5259/2/4 5254/2/4 5260/2/4
f 5257/2/4 5258/2/4 5261/2/4
f 5258/2/4 5259/2/4 5261/2/4
f 5259/5/4 5260/5/4 5262/5/4
f 5261/2/4 5259/2/4 5262/2/4
f 5257/2/4 5261/2/4 5263/2/4
f 5261/5/4 5262/5/4 5263/5/4
f 5262/5/4 5260/5/4 5264/5/4
f 5263/5/4 5262/5/4 5264/5/4
f 5257/2/4 5263/2/4 5267/2/4
f 5265/2/4 5266/2/4 5269/2/4
f 5269/2/4 5266/2/4 5270/2/4
f 5243/5/4 5257/5/4 5271/5/4
f 5257/2/4 5267/2/4 5272/2/4
f 5271/5/4 5257/5/4 5272/5/4
f 5267/5/4 5268/5/4 5273/5/4
f 5272/2/4 5267/2/4 5273/2/4
f 5273/5/4 5268/5/4 5274/5/4
f 5271/1/4 5272/1/4 5275/1/4
f 5272/1/4 5273/1/4 5275/1/4
f 5273/1/4 5274/1/4 5275/1/4
f 5275/1/4 5274/1/4 5276/1/4
f 5275/4/4 5276/4/4 5277/4/4
f 5277/4/4 5276/4/4 5278/4/4
f 5277/5/4 5278/5/4 5279/5/4
f 5278/4/4 5276/4/4 5279/4/4
f 5279/4/4 5276/4/4 5280/4/4
f 5277/5/4 5279/5/4 5281/5/4
f 5279/5/4 5280/5/4 5281/5/4
f 5281/5/4 5280/5/4 5282/5/4
f 5281/4/4 5282/4/4 5283/4/4
f 5283/4/4 5282/4/4 5284/4/4
f 5284/4/4 5282/4/4 5285/4/4
f 5285/4/4 5282/4/4 5286/4/4
f 5283/5/4 5284/5/4 5287/5/4
f 5284/4/4 5285/4/4 5288/4/4
f 5287/5/4 5284/5/4 5288/5/4
f 5285/5/4 5286/5/4 5289/5/4
f 5288/4/4 5285/4/4 5289/4/4
f 5289/5/4 5286/5/4 5290/5/4
f 5291/2/4 5292/2/4 5293/2/4
f 5293/2/4 5292/2/4 5294/2/4
f 5295/2/4 5296/2/4 5297/2/4
f 5297/2/4 5296/2/4 5298/2/4
f 5299/2/4 5300/2/4 5301/2/4
f 5301/2/4 5300/2/4 5302/2/4
f 5303/2/4 5304/2/4 5305/2/4
f 5305/2/4 5304/2/4 5306/2/4
f 5307/5/4 5308/5/4 5313/5/4
f 5313/5/4 5308/5/4 5314/5/4
f 5309/5/4 5310/5/4 5315/5/4
f 5315/5/4 5310/5/4 5316/5/4
f 5311/5/4 5312/5/4 5319/5/4
f 5319/5/4 5312/5/4 5320/5/4
f 5317/5/4 5318/5/4 5321/5/4
f 5321/5/4 5318/5/4 5322/5/4
f 5323/2/4 5324/2/4 5325/2/4
f 5325/2/4 5324/2/4 5326/2/4
f 5327/2/4 5328/2/4 5329/2/4
f 5329/2/4 5328/2/4 5330/2/4
f 5331/5/4 5332/5/4 5335/5/4
f 5335/5/4 5332/5/4 5336/5/4
f 5333/5/4 5334/5/4 5341/5/4
f 5341/5/4 5334/5/4 5342/5/4
f 5337/5/4 5338/5/4 5343/5/4
f 5343/5/4 5338/5/4 5344/5/4
f 5339/5/4 5340/5/4 5345/5/4
f 5345/5/4 5340/5/4 5346/5/4
f 5347/5/4 5348/5/4 5351/5/4
f 5351/5/4 5348/5/4 5352/5/4
f 5349/5/4 5350/5/4 5353/5/4
f 5353/5/4 5350/5/4 5354/5/4
f 5355/5/4 5356/5/4 5360/5/4
f 5360/5/4 5356/5/4 5361/5/4
f 5357/5/4 5358/5/4 5362/5/4
f 5362/5/4 5358/5/4 5363/5/4
f 5359/5/4 5360/5/4 5365/5/4
f 5365/5/4 5360/5/4 5366/5/4
f 5363/5/4 5364/5/4 5367/5/4
f 5367/5/4 5364/5/4 5368/5/4
f 5365/4/4 5366/4/4 5369/4/4
f 5369/4/4 5366/4/4 5370/4/4
f 5367/4/4 5368/4/4 5371/4/4
f 5371/4/4 5368/4/4 5372/4/4
f 5369/5/4 5370/5/4 5373/5/4
f 5373/5/4 5370/5/4 5374/5/4
f 5371/5/4 5372/5/4 5375/5/4
f 5371/5/4 5375/5/4 5380/5/4
f 5376/2/4 5377/2/4 5381/2/4
f 5381/2/4 5377/2/4 5382/2/4
f 5371/5/4 5380/5/4 5383/5/4
f 5383/5/4 5380/5/4 5384/5/4
f 5383/2/4 5384/2/4 5385/2/4
f 5385/2/4 5384/2/4 5386/2/4
f 5378/5/4 5379/5/4 5387/5/4
f 5387/5/4 5379/5/4 5388/5/4
f 5385/5/4 5386/5/4 5389/5/4
f 5385/5/4 5389/5/4 5394/5/4
f 5390/2/4 5391/2/4 5395/2/4
f 5395/2/4 5391/2/4 5396/2/4
f 5385/5/4 5394/5/4 5397/5/4
f 5397/5/4 5394/5/4 5398/5/4
f 5397/1/4 5398/1/4 5399/1/4
f 5399/1/4 5398/1/4 5400/1/4
f 5392/5/4 5393/5/4 5401/5/4
f 5401/5/4 5393/5/4 5402/5/4
f 5401/1/4 5402/1/4 5403/1/4
f 5403/1/4 5402/1/4 5404/1/4
f 5399/4/4 5400/4/4 5405/4/4
f 5403/4/4 5404/4/4 5406/4/4
f 5406/4/4 5404/4/4 5407/4/4
f 5405/4/4 5400/4/4 5408/4/4
f 5408/4/4 5400/4/4 5409/4/4
f 5406/5/4 5407/5/4 5410/5/4
f 5410/5/4 5407/5/4 5411/5/4
f 5408/5/4 5409/5/4 5414/5/4
f 5414/5/4 5409/5/4 5415/5/4
f 5411/5/4 5412/5/4 5416/5/4
f 5416/5/4 5412/5/4 5417/5/4
f 5413/5/4 5414/5/4 5418/5/4
f 5418/5/4 5414/5/4 5419/5/4
f 5420/5/4 5421/5/4 5424/5/4
f 5424/5/4 5421/5/4 5425/5/4
f 5422/5/4 5423/5/4 5426/5/4
f 5426/5/4 5423/5/4 5427/5/4
f 5428/5/4 5429/5/4 5434/5/4
f 5434/5/4 5429/5/4 5435/5/4
f 5430/5/4 5431/5/4 5436/5/4
f 5436/5/4 5431/5/4 5437/5/4
f 5432/5/4 5433/5/4 5440/5/4
f 5440/5/4 5433/5/4 5441/5/4
f 5438/5/4 5439/5/4 5442/5/4
f 5442/5/4 5439/5/4 5443/5/4
f 5444/2/4 5445/2/4 5448/2/4
f 5448/2/4 5445/2/4 5449/2/4
f 5446/2/4 5447/2/4 5450/2/4
f 5450/2/4 5447/2/4 5451/2/4
f 5452/2/4 5453/2/4 5456/2/4
f 5456/2/4 5453/2/4 5457/2/4
f 5454/2/4 5455/2/4 5458/2/4
f 5458/2/4 5455/2/4 5459/2/4
f 5460/5/4 5461/5/4 5464/5/4
f 5464/5/4 5461/5/4 5465/5/4
f 5462/5/4 5463/5/4 5470/5/4
f 5470/5/4 5463/5/4 5471/5/4
f 5466/5/4 5467/5/4 5472/5/4
f 5472/5/4 5467/5/4 5473/5/4
f 5468/5/4 5469/5/4 5474/5/4
f 5474/5/4 5469/5/4 5475/5/4
f 5476/5/4 5477/5/4 5482/5/4
f 5477/4/4 5478/4/4 5483/4/4
f 5482/5/4 5477/5/4 5483/5/4
f 5478/5/4 5479/5/4 5484/5/4
f 5483/4/4 5478/4/4 5484/4/4
f 5484/5/4 5479/5/4 5485/5/4
f 5480/5/4 5481/5/4 5490/5/4
f 5490/5/4 5481/5/4 5491/5/4
f 5486/5/4 5487/5/4 5492/5/4
f 5492/5/4 5487/5/4 5493/5/4
f 5488/5/4 5489/5/4 5497/5/4
f 5497/5/4 5489/5/4 5498/5/4
f 5494/5/4 5495/5/4 5499/5/4
f 5499/5/4 5495/5/4 5500/5/4
f 5496/5/4 5497/5/4 5502/5/4
f 5502/5/4 5497/5/4 5503/5/4
f 5500/5/4 5501/5/4 5504/5/4
f 5504/5/4 5501/5/4 5505/5/4
f 5502/4/4 5503/4/4 5506/4/4
f 5506/4/4 5503/4/4 5507/4/4
f 5504/4/4 5505/4/4 5508/4/4
f 5508/4/4 5505/4/4 5509/4/4
f 5506/5/4 5507/5/4 5510/5/4
f 5510/5/4 5507/5/4 5511/5/4
f 5508/5/4 5509/5/4 5512/5/4
f 5512/5/4 5509/5/4 5513/5/4
f 5514/2/4 5515/2/4 5520/2/4
f 5520/2/4 5515/2/4 5521/2/4
f 5518/5/4 5519/5/4 5522/5/4
f 5522/5/4 5519/5/4 5523/5/4
f 5522/2/4 5523/2/4 5524/2/4
f 5524/2/4 5523/2/4 5525/2/4
f 5516/5/4 5517/5/4 5526/5/4
f 5526/5/4 5517/5/4 5527/5/4
f 5524/5/4 5525/5/4 5528/5/4
f 5528/5/4 5525/5/4 5529/5/4
f 5530/2/4 5531/2/4 5536/2/4
f 5536/2/4 5531/2/4 5537/2/4
f 5532/5/4 5533/5/4 5538/5/4
f 5538/5/4 5533/5/4 5539/5/4
f 5534/5/4 5535/5/4 5540/5/4
f 5540/5/4 5535/5/4 5541/5/4
f 5538/1/4 5539/1/4 5542/1/4
f 5542/1/4 5539/1/4 5543/1/4
f 5540/1/4 5541/1/4 5544/1/4
f 5544/1/4 5541/1/4 5545/1/4
f 5542/4/4 5543/4/4 5546/4/4
f 5546/4/4 5543/4/4 5547/4/4
f 5544/4/4 5545/4/4 5548/4/4
f 5548/4/4 5545/4/4 5549/4/4
f 5546/5/4 5547/5/4 5550/5/4
f 5550/5/4 5547/5/4 5551/5/4
f 5548/5/4 5549/5/4 5554/5/4
f 5554/5/4 5549/5/4 5555/5/4
f 5551/5/4 5552/5/4 5556/5/4
f 5556/5/4 5552/5/4 5557/5/4
f 5553/5/4 5554/5/4 5562/5/4
f 5562/5/4 5554/5/4 5563/5/4
f 5558/5/4 5559/5/4 5564/5/4
f 5564/5/4 5559/5/4 5565/5/4
f 5560/5/4 5561/5/4 5570/5/4
f 5570/5/4 5561/5/4 5571/5/4
f 5566/5/4 5567/5/4 5572/5/4
f 5567/4/4 5568/4/4 5573/4/4
f 5572/5/4 5567/5/4 5573/5/4
f 5568/5/4 5569/5/4 5574/5/4
f 5573/4/4 5568/4/4 5574/4/4
f 5574/5/4 5569/5/4 5575/5/4
f 5576/5/4 5577/5/4 5582/5/4
f 5582/5/4 5577/5/4 5583/5/4
f 5578/5/4 5579/5/4 5584/5/4
f 5584/5/4 5579/5/4 5585/5/4
f 5580/5/4 5581/5/4 5589/5/4
f 5589/5/4 5581/5/4 5590/5/4
f 5586/5/4 5587/5/4 5591/5/4
f 5591/5/4 5587/5/4 5592/5/4
f 5588/5/4 5589/5/4 5594/5/4
f 5594/5/4 5589/5/4 5595/5/4
f 5592/5/4 5593/5/4 5596/5/4
f 5596/5/4 5593/5/4 5597/5/4
f 5594/4/4 5595/4/4 5598/4/4
f 5598/4/4 5595/4/4 5599/4/4
f 5596/4/4 5597/4/4 5600/4/4
f 5600/4/4 5597/4/4 5601/4/4
f 5598/5/4 5599/5/4 5604/5/4
f 5604/5/4 5599/5/4 5605/5/4
f 5600/5/4 5601/5/4 5606/5/4
f 5606/5/4 5601/5/4 5607/5/4
f 5602/2/4 5603/2/4 5610/2/4
f 5610/2/4 5603/2/4 5611/2/4
f 5608/2/4 5609/2/4 5616/2/4
f 5616/2/4 5609/2/4 5617/2/4
f 5614/5/4 5615/5/4 5618/5/4
f 5618/5/4 5615/5/4 5619/5/4
f 5618/2/4 5619/2/4 5620/2/4
f 5620/2/4 5619/2/4 5621/2/4
f 5612/5/4 5613/5/4 5624/5/4
f 5624/5/4 5613/5/4 5625/5/4
f 5620/5/4 5621/5/4 5626/5/4
f 5626/5/4 5621/5/4 5627/5/4
f 5622/2/4 5623/2/4 5630/2/4
f 5630/2/4 5623/2/4 5631/2/4
f 5628/2/4 5629/2/4 5636/2/4
f 5636/2/4 5629/2/4 5637/2/4
f 5632/5/4 5633/5/4 5638/5/4
f 5632/5/4 5638/5/4 5639/5/4
f 5639/5/4 5638/5/4 5640/5/4
f 5634/5/4 5635/5/4 5641/5/4
f 5641/5/4 5635/5/4 5642/5/4
f 5639/1/4 5640/1/4 5643/1/4
f 5643/1/4 5640/1/4 5644/1/4
f 5641/1/4 5642/1/4 5645/1/4
f 5645/1/4 5642/1/4 5646/1/4
f 5643/4/4 5644/4/4 5647/4/4
f 5647/4/4 5644/4/4 5648/4/4
f 5645/4/4 5646/4/4 5649/4/4
f 5649/4/4 5646/4/4 5650/4/4
f 5647/5/4 5648/5/4 5651/5/4
f 5651/5/4 5648/5/4 5652/5/4
f 5649/5/4 5650/5/4 5655/5/4
f 5655/5/4 5650/5/4 5656/5/4
f 5652/5/4 5653/5/4 5657/5/4
f 5657/5/4 5653/5/4 5658/5/4
f 5654/5/4 5655/5/4 5663/5/4
f 5663/5/4 5655/5/4 5664/5/4
f 5659/5/4 5660/5/4 5665/5/4
f 5665/5/4 5660/5/4 5666/5/4
f 5661/5/4 5662/5/4 5667/5/4
f 5667/5/4 5662/5/4 5668/5/4
f 5669/5/4 5670/5/4 5675/5/4
f 5670/4/4 5671/4/4 5676/4/4
f 5675/5/4 5670/5/4 5676/5/4
f 5671/5/4 5672/5/4 5677/5/4
f 5676/4/4 5671/4/4 5677/4/4
f 5677/5/4 5672/5/4 5678/5/4
f 5673/5/4 5674/5/4 5682/5/4
f 5682/5/4 5674/5/4 5683/5/4
f 5679/5/4 5680/5/4 5684/5/4
f 5684/5/4 5680/5/4 5685/5/4
f 5681/5/4 5682/5/4 5687/5/4
f 5687/5/4 5682/5/4 5688/5/4
f 5685/5/4 5686/5/4 5689/5/4
f 5689/5/4 5686/5/4 5690/5/4
f 5687/4/4 5688/4/4 5691/4/4
f 5691/4/4 5688/4/4 5692/4/4
f 5689/4/4 5690/4/4 5693/4/4
f 5693/4/4 5690/4/4 5694/4/4
f 5691/5/4 5692/5/4 5697/5/4
f 5697/5/4 5692/5/4 5698/5/4
f 5693/5/4 5694/5/4 5699/5/4
f 5699/5/4 5694/5/4 5700/5/4
f 5695/2/4 5696/2/4 5703/2/4
f 5703/2/4 5696/2/4 5704/2/4
f 5701/2/4 5702/2/4 5709/2/4
f 5709/2/4 5702/2/4 5710/2/4
f 5707/5/4 5708/5/4 5711/5/4
f 5711/5/4 5708/5/4 5712/5/4
f 5711/2/4 5712/2/4 5713/2/4
f 5713/2/4 5712/2/4 5714/2/4
f 5705/5/4 5706/5/4 5717/5/4
f 5717/5/4 5706/5/4 5718/5/4
f 5713/5/4 5714/5/4 5719/5/4
f 5719/5/4 5714/5/4 5720/5/4
f 5715/2/4 5716/2/4 5723/2/4
f 5723/2/4 5716/2/4 5724/2/4
f 5721/2/4 5722/2/4 5729/2/4
f 5729/2/4 5722/2/4 5730/2/4
f 5725/5/4 5726/5/4 5731/5/4
f 5725/5/4 5731/5/4 5732/5/4
f 5732/5/4 5731/5/4 5733/5/4
f 5727/5/4 5728/5/4 5734/5/4
f 5734/5/4 5728/5/4 5735/5/4
f 5735/5/4 5728/5/4 5736/5/4
f 5732/1/4 5733/1/4 5737/1/4
f 5737/1/4 5733/1/4 5738/1/4
f 5735/1/4 5736/1/4 5739/1/4
f 5739/1/4 5736/1/4 5740/1/4
f 5737/4/4 5738/4/4 5741/4/4
f 5741/4/4 5738/4/4 5742/4/4
f 5739/4/4 5740/4/4 5743/4/4
f 5743/4/4 5740/4/4 5744/4/4
f 5741/5/4 5742/5/4 5745/5/4
f 5745/5/4 5742/5/4 5746/5/4
f 5743/5/4 5744/5/4 5749/5/4
f 5749/5/4 5744/5/4 5750/5/4
f 5746/5/4 5747/5/4 5751/5/4
f 5751/5/4 5747/5/4 5752/5/4
f 5748/5/4 5749/5/4 5757/5/4
f 5757/5/4 5749/5/4 5758/5/4
f 5753/5/4 5754/5/4 5759/5/4
f 5754/4/4 5755/4/4 5760/4/4
f 5759/5/4 5754/5/4 5760/5/4
f 5755/5/4 5756/5/4 5761/5/4
f 5760/4/4 5755/4/4 5761/4/4
f 5761/5/4 5756/5/4 5762/5/4
f 5763/5/4 5764/5/4 5768/5/4
f 5768/5/4 5764/5/4 5769/5/4
f 5765/5/4 5766/5/4 5770/5/4
f 5770/5/4 5766/5/4 5771/5/4
f 5767/5/4 5768/5/4 5773/5/4
f 5773/5/4 5768/5/4 5774/5/4
f 5771/5/4 5772/5/4 5775/5/4
f 5775/5/4 5772/5/4 5776/5/4
f 5773/4/4 5774/4/4 5777/4/4
f 5777/4/4 5774/4/4 5778/4/4
f 5775/4/4 5776/4/4 5779/4/4
f 5779/4/4 5776/4/4 5780/4/4
f 5777/5/4 5778/5/4 5783/5/4
f 5783/5/4 5778/5/4 5784/5/4
f 5779/5/4 5780/5/4 5785/5/4
f 5785/5/4 5780/5/4 5786/5/4
f 5781/2/4 5782/2/4 5789/2/4
f 5789/2/4 5782/2/4 5790/2/4
f 5787/2/4 5788/2/4 5795/2/4
f 5795/2/4 5788/2/4 5796/2/4
f 5793/5/4 5794/5/4 5797/5/4
f 5797/5/4 5794/5/4 5798/5/4
f 5797/2/4 5798/2/4 5799/2/4
f 5799/2/4 5798/2/4 5800/2/4
f 5791/5/4 5792/5/4 5803/5/4
f 5803/5/4 5792/5/4 5804/5/4
f 5799/5/4 5800/5/4 5805/5/4
f 5805/5/4 5800/5/4 5806/5/4
f 5801/2/4 5802/2/4 5809/2/4
f 5809/2/4 5802/2/4 5810/2/4
f 5807/2/4 5808/2/4 5815/2/4
f 5815/2/4 5808/2/4 5816/2/4
f 5811/5/4 5812/5/4 5817/5/4
f 5811/5/4 5817/5/4 5818/5/4
f 5818/5/4 5817/5/4 5819/5/4
f 5818/1/4 5819/1/4 5820/1/4
f 5820/1/4 5819/1/4 5821/1/4
f 5813/5/4 5814/5/4 5822/5/4
f 5822/5/4 5814/5/4 5823/5/4
f 5820/4/4 5821/4/4 5824/4/4
f 5820/4/4 5824/4/4 5825/4/4
f 5822/1/4 5823/1/4 5826/1/4
f 5826/1/4 5823/1/4 5827/1/4
f 5820/4/4 5825/4/4 5828/4/4
f 5828/4/4 5825/4/4 5829/4/4
f 5826/4/4 5827/4/4 5830/4/4
f 5830/4/4 5827/4/4 5831/4/4
f 5828/5/4 5829/5/4 5832/5/4
f 5832/5/4 5829/5/4 5833/5/4
f 5830/5/4 5831/5/4 5836/5/4
f 5836/5/4 5831/5/4 5837/5/4
f 5833/5/4 5834/5/4 5838/5/4
f 5838/5/4 5834/5/4 5839/5/4
f 5835/5/4 5836/5/4 5840/5/4
f 5840/5/4 5836/5/4 5841/5/4
f 5842/5/4 5843/5/4 5847/5/4
f 5843/4/4 5844/4/4 5848/4/4
f 5847/5/4 5843/5/4 5848/5/4
f 5844/5/4 5845/5/4 5849/5/4
f 5848/4/4 5844/4/4 5849/4/4
f 5849/5/4 5845/5/4 5850/5/4
f 5846/5/4 5847/5/4 5852/5/4
f 5852/5/4 5847/5/4 5853/5/4
f 5850/5/4 5851/5/4 5854/5/4
f 5854/5/4 5851/5/4 5855/5/4
f 5852/4/4 5853/4/4 5856/4/4
f 5856/4/4 5853/4/4 5857/4/4
f 5854/4/4 5855/4/4 5858/4/4
f 5858/4/4 5855/4/4 5859/4/4
f 5856/5/4 5857/5/4 5862/5/4
f 5862/5/4 5857/5/4 5863/5/4
f 5858/5/4 5859/5/4 5864/5/4
f 5864/5/4 5859/5/4 5865/5/4
f 5860/2/4 5861/2/4 5867/2/4
f 5867/2/4 5861/2/4 5868/2/4
f 5865/2/4 5866/2/4 5872/2/4
f 5872/2/4 5866/2/4 5873/2/4
f 5871/5/4 5872/5/4 5874/5/4
f 5874/5/4 5872/5/4 5875/5/4
f 5874/2/4 5875/2/4 5876/2/4
f 5876/2/4 5875/2/4 5877/2/4
f 5876/5/4 5877/5/4 5878/5/4
f 5869/5/4 5870/5/4 5881/5/4
f 5881/5/4 5870/5/4 5882/5/4
f 5878/5/4 5877/5/4 5883/5/4
f 5883/5/4 5877/5/4 5884/5/4
f 5879/2/4 5880/2/4 5886/2/4
f 5886/2/4 5880/2/4 5887/2/4
f 5884/2/4 5885/2/4 5891/2/4
f 5891/2/4 5885/2/4 5892/2/4
f 5888/5/4 5889/5/4 5893/5/4
f 5893/5/4 5889/5/4 5894/5/4
f 5890/5/4 5891/5/4 5895/5/4
f 5893/1/4 5894/1/4 5896/1/4
f 5896/1/4 5894/1/4 5897/1/4
f 5895/5/4 5891/5/4 5898/5/4
f 5898/5/4 5891/5/4 5899/5/4
f 5896/4/4 5897/4/4 5900/4/4
f 5900/4/4 5897/4/4 5901/4/4
f 5898/1/4 5899/1/4 5902/1/4
f 5899/5/4 5891/5/4 5903/5/4
f 5902/1/4 5899/1/4 5903/1/4
f 5903/5/4 5891/5/4 5904/5/4
f 5896/4/4 5900/4/4 5905/4/4
f 5900/5/4 5901/5/4 5906/5/4
f 5905/4/4 5900/4/4 5906/4/4
f 5902/4/4 5903/4/4 5907/4/4
f 5903/4/4 5904/4/4 5907/4/4
f 5907/4/4 5904/4/4 5908/4/4
f 5905/5/4 5906/5/4 5909/5/4
f 5906/5/4 5901/5/4 5910/5/4
f 5909/5/4 5906/5/4 5910/5/4
f 5907/5/4 5908/5/4 5911/5/4
f 5908/4/4 5904/4/4 5912/4/4
f 5911/5/4 5908/5/4 5912/5/4
f 5909/4/4 5910/4/4 5913/4/4
f 5913/4/4 5910/4/4 5914/4/4
f 5911/4/4 5912/4/4 5915/4/4
f 5912/4/4 5904/4/4 5916/4/4
f 5915/4/4 5912/4/4 5916/4/4
f 5913/5/4 5914/5/4 5917/5/4
f 5917/5/4 5914/5/4 5918/5/4
f 5915/5/4 5916/5/4 5921/5/4
f 5921/5/4 5916/5/4 5922/5/4
f 5918/5/4 5919/5/4 5923/5/4
f 5919/4/4 5920/4/4 5924/4/4
f 5923/5/4 5919/5/4 5924/5/4
f 5920/5/4 5921/5/4 5925/5/4
f 5924/4/4 5920/4/4 5925/4/4
f 5925/5/4 5921/5/4 5926/5/4
f 5927/5/4 5928/5/4 5931/5/4
f 5928/4/4 5929/4/4 5932/4/4
f 5931/5/4 5928/5/4 5932/5/4
f 5929/5/4 5930/5/4 5933/5/4
f 5932/4/4 5929/4/4 5933/4/4
f 5933/5/4 5930/5/4 5934/5/4
f 5931/4/4 5932/4/4 5935/4/4
f 5932/4/4 5933/4/4 5935/4/4
f 5933/4/4 5934/4/4 5935/4/4
f 5935/4/4 5934/4/4 5936/4/4
f 5935/5/4 5936/5/4 5939/5/4
f 5939/5/4 5936/5/4 5940/5/4
f 5937/2/4 5938/2/4 5941/2/4
f 5941/2/4 5938/2/4 5942/2/4
f 5943/5/4 5944/5/4 5945/5/4
f 5945/5/4 5944/5/4 5946/5/4
f 5943/5/4 5945/5/4 5947/5/4
f 5945/2/4 5946/2/4 5948/2/4
f 5947/5/4 5945/5/4 5948/5/4
f 5943/5/4 5947/5/4 5949/5/4
f 5947/2/4 5948/2/4 5950/2/4
f 5949/5/4 5947/5/4 5950/5/4
f 5948/2/4 5946/2/4 5951/2/4
f 5950/2/4 5948/2/4 5951/2/4
f 5951/2/4 5946/2/4 5952/2/4
f 5949/2/4 5950/2/4 5953/2/4
f 5950/2/4 5951/2/4 5953/2/4
f 5951/5/4 5952/5/4 5954/5/4
f 5953/2/4 5951/2/4 5954/2/4
f 5943/5/4 5949/5/4 5957/5/4
f 5949/2/4 5953/2/4 5958/2/4
f 5957/5/4 5949/5/4 5958/5/4
f 5953/5/4 5954/5/4 5959/5/4
f 5958/2/4 5953/2/4 5959/2/4
f 5954/5/4 5952/5/4 5960/5/4
f 5959/5/4 5954/5/4 5960/5/4
f 5955/2/4 5956/2/4 5961/2/4
f 5961/2/4 5956/2/4 5962/2/4
f 5963/5/4 5964/5/4 5967/5/4
f 5964/2/4 5965/2/4 5968/2/4
f 5967/5/4 5964/5/4 5968/5/4
f 5965/5/4 5966/5/4 5969/5/4
f 5968/2/4 5965/2/4 5969/2/4
f 5969/5/4 5966/5/4 5970/5/4
f 5967/1/4 5968/1/4 5971/1/4
f 5968/1/4 5969/1/4 5971/1/4
f 5969/1/4 5970/1/4 5971/1/4
f 5971/1/4 5970/1/4 5972/1/4
f 5971/4/4 5972/4/4 5973/4/4
f 5973/4/4 5972/4/4 5974/4/4
f 5973/5/4 5974/5/4 5975/5/4
f 5974/4/4 5972/4/4 5975/4/4
f 5975/4/4 5972/4/4 5976/4/4
f 5973/5/4 5975/5/4 5977/5/4
f 5975/5/4 5976/5/4 5977/5/4
f 5977/5/4 5976/5/4 5978/5/4
f 5977/4/4 5978/4/4 5979/4/4
f 5979/4/4 5978/4/4 5980/4/4
f 5980/4/4 5978/4/4 5981/4/4
f 5981/4/4 5978/4/4 5982/4/4
f 5979/5/4 5980/5/4 5983/5/4
f 5980/4/4 5981/4/4 5984/4/4
f 5983/5/4 5980/5/4 5984/5/4
f 5981/5/4 5982/5/4 5985/5/4
f 5984/4/4 5981/4/4 5985/4/4
f 5985/5/4 5982/5/4 5986/5/4
f 5987/2/4 5988/2/4 5991/2/4
f 5991/2/4 5988/2/4 5992/2/4
f 5989/2/4 5990/2/4 5993/2/4
f 5993/2/4 5990/2/4 5994/2/4
f 5995/2/4 5996/2/4 5999/2/4
f 5999/2/4 5996/2/4 6000/2/4
f 5997/2/4 5998/2/4 6001/2/4
f 6001/2/4 5998/2/4 6002/2/4
f 6003/2/4 6004/2/4 6005/2/4
f 6005/2/4 6004/2/4 6006/2/4
f 6007/2/4 6008/2/4 6009/2/4
f 6009/2/4 6008/2/4 6010/2/4
f 6015/2/5 6012/2/5 6011/2/5
f 6016/2/5 6012/2/5 6015/2/5
f 6017/2/5 6014/2/5 6013/2/5
f 6018/2/5 6014/2/5 6017/2/5
f 6023/2/5 6020/2/5 6019/2/5
f 6024/2/5 6020/2/5 6023/2/5
f 6025/2/5 6022/2/5 6021/2/5
f 6026/2/5 6022/2/5 6025/2/5
f 6038/5/5 6028/5/5 6027/5/5
f 6039/4/5 6029/4/5 6028/4/5
f 6039/5/5 6028/5/5 6038/5/5
f 6040/5/5 6038/5/5 6027/5/5
f 6041/4/5 6039/4/5 6038/4/5
f 6041/5/5 6038/5/5 6040/5/5
f 6042/5/5 6037/5/5 6036/5/5
f 6042/4/5 6036/4/5 6035/4/5
f 6043/5/5 6037/5/5 6042/5/5
f 6044/4/5 6041/4/5 6040/4/5
f 6045/4/5 6039/4/5 6041/4/5
f 6045/4/5 6041/4/5 6044/4/5
f 6045/4/5 6029/4/5 6039/4/5
f 6046/4/5 6043/4/5 6042/4/5
f 6046/4/5 6042/4/5 6035/4/5
f 6047/4/5 6043/4/5 6046/4/5
f 6048/5/5 6045/5/5 6044/5/5
f 6049/4/5 6029/4/5 6045/4/5
f 6049/5/5 6045/5/5 6048/5/5
f 6050/5/5 6030/5/5 6029/5/5
f 6050/4/5 6029/4/5 6049/4/5
f 6051/5/5 6030/5/5 6050/5/5
f 6052/5/5 6032/5/5 6031/5/5
f 6053/5/5 6032/5/5 6052/5/5
f 6054/5/5 6034/5/5 6033/5/5
f 6055/1/5 6035/1/5 6034/1/5
f 6055/5/5 6034/5/5 6054/5/5
f 6056/4/5 6046/4/5 6035/4/5
f 6056/1/5 6035/1/5 6055/1/5
f 6057/5/5 6047/5/5 6046/5/5
f 6057/4/5 6046/4/5 6056/4/5
f 6058/5/5 6047/5/5 6057/5/5
f 6070/5/5 6060/5/5 6059/5/5
f 6071/4/5 6061/4/5 6060/4/5
f 6071/5/5 6060/5/5 6070/5/5
f 6072/5/5 6070/5/5 6059/5/5
f 6073/4/5 6071/4/5 6070/4/5
f 6073/5/5 6070/5/5 6072/5/5
f 6074/5/5 6069/5/5 6068/5/5
f 6074/4/5 6068/4/5 6067/4/5
f 6075/5/5 6069/5/5 6074/5/5
f 6076/4/5 6073/4/5 6072/4/5
f 6077/4/5 6071/4/5 6073/4/5
f 6077/4/5 6073/4/5 6076/4/5
f 6077/4/5 6061/4/5 6071/4/5
f 6078/4/5 6075/4/5 6074/4/5
f 6078/4/5 6074/4/5 6067/4/5
f 6079/4/5 6075/4/5 6078/4/5
f 6080/5/5 6077/5/5 6076/5/5
f 6081/4/5 6061/4/5 6077/4/5
f 6081/5/5 6077/5/5 6080/5/5
f 6082/5/5 6062/5/5 6061/5/5
f 6082/4/5 6061/4/5 6081/4/5
f 6083/5/5 6062/5/5 6082/5/5
f 6084/5/5 6064/5/5 6063/5/5
f 6085/5/5 6064/5/5 6084/5/5
f 6086/5/5 6066/5/5 6065/5/5
f 6087/1/5 6067/1/5 6066/1/5
f 6087/5/5 6066/5/5 6086/5/5
f 6088/4/5 6078/4/5 6067/4/5
f 6088/1/5 6067/1/5 6087/1/5
f 6089/5/5 6079/5/5 6078/5/5
f 6089/4/5 6078/4/5 6088/4/5
f 6090/5/5 6079/5/5 6089/5/5
f 6095/2/5 6092/2/5 6091/2/5
f 6096/2/5 6092/2/5 6095/2/5
f 6097/2/5 6094/2/5 6093/2/5
f 6098/2/5 6094/2/5 6097/2/5
f 6103/2/5 6100/2/5 6099/2/5
f 6104/2/5 6100/2/5 6103/2/5
f 6105/2/5 6102/2/5 6101/2/5
f 6106/2/5 6102/2/5 6105/2/5
f 6118/5/5 6114/5/5 6113/5/5
f 6118/1/5 6115/1/5 6114/1/5
f 6119/1/5 6115/1/5 6118/1/5
f 6121/5/5 6108/5/5 6107/5/5
f 6122/4/5 6109/4/5 6108/4/5
f 6122/5/5 6108/5/5 6121/5/5
f 6123/5/5 6110/5/5 6109/5/5
f 6123/4/5 6109/4/5 6122/4/5
f 6124/5/5 6110/5/5 6123/5/5
f 6125/5/5 6112/5/5 6111/5/5
f 6126/5/5 6112/5/5 6125/5/5
f 6127/5/5 6118/5/5 6113/5/5
f 6127/5/5 6119/5/5 6118/5/5
f 6128/1/5 6115/1/5 6119/1/5
f 6128/5/5 6119/5/5 6127/5/5
f 6129/4/5 6116/4/5 6115/4/5
f 6129/1/5 6115/1/5 6128/1/5
f 6130/5/5 6117/5/5 6116/5/5
f 6130/4/5 6116/4/5 6129/4/5
f 6131/5/5 6117/5/5 6130/5/5
f 6133/5/5 6121/5/5 6120/5/5
f 6134/5/5 6121/5/5 6133/5/5
f 6135/5/5 6132/5/5 6131/5/5
f 6136/5/5 6132/5/5 6135/5/5
f 6137/4/5 6134/4/5 6133/4/5
f 6138/4/5 6134/4/5 6137/4/5
f 6139/4/5 6136/4/5 6135/4/5
f 6140/4/5 6136/4/5 6139/4/5
f 6141/5/5 6138/5/5 6137/5/5
f 6142/5/5 6138/5/5 6141/5/5
f 6148/5/5 6140/5/5 6139/5/5
f 6149/5/5 6140/5/5 6148/5/5
f 6150/5/5 6143/5/5 6142/5/5
f 6151/4/5 6144/4/5 6143/4/5
f 6151/5/5 6143/5/5 6150/5/5
f 6152/5/5 6145/5/5 6144/5/5
f 6152/4/5 6144/4/5 6151/4/5
f 6153/1/5 6146/1/5 6145/1/5
f 6153/5/5 6145/5/5 6152/5/5
f 6154/4/5 6147/4/5 6146/4/5
f 6154/1/5 6146/1/5 6153/1/5
f 6155/5/5 6148/5/5 6147/5/5
f 6155/4/5 6147/4/5 6154/4/5
f 6156/5/5 6148/5/5 6155/5/5
f 6164/5/5 6160/5/5 6159/5/5
f 6164/1/5 6161/1/5 6160/1/5
f 6165/1/5 6161/1/5 6164/1/5
f 6167/5/5 6158/5/5 6157/5/5
f 6168/4/5 6159/4/5 6158/4/5
f 6168/5/5 6158/5/5 6167/5/5
f 6169/5/5 6164/5/5 6159/5/5
f 6169/4/5 6159/4/5 6168/4/5
f 6169/5/5 6165/5/5 6164/5/5
f 6170/1/5 6161/1/5 6165/1/5
f 6170/5/5 6165/5/5 6169/5/5
f 6171/4/5 6162/4/5 6161/4/5
f 6171/1/5 6161/1/5 6170/1/5
f 6172/5/5 6163/5/5 6162/5/5
f 6172/4/5 6162/4/5 6171/4/5
f 6173/5/5 6163/5/5 6172/5/5
f 6175/5/5 6167/5/5 6166/5/5
f 6176/5/5 6167/5/5 6175/5/5
f 6177/5/5 6174/5/5 6173/5/5
f 6178/5/5 6174/5/5 6177/5/5
f 6179/4/5 6176/4/5 6175/4/5
f 6180/4/5 6176/4/5 6179/4/5
f 6181/4/5 6178/4/5 6177/4/5
f 6182/4/5 6178/4/5 6181/4/5
f 6183/5/5 6180/5/5 6179/5/5
f 6184/5/5 6180/5/5 6183/5/5
f 6194/5/5 6182/5/5 6181/5/5
f 6195/5/5 6182/5/5 6194/5/5
f 6196/5/5 6185/5/5 6184/5/5
f 6197/4/5 6186/4/5 6185/4/5
f 6197/5/5 6185/5/5 6196/5/5
f 6198/5/5 6187/5/5 6186/5/5
f 6198/4/5 6186/4/5 6197/4/5
f 6199/5/5 6187/5/5 6198/5/5
f 6200/5/5 6189/5/5 6188/5/5
f 6201/5/5 6189/5/5 6200/5/5
f 6202/5/5 6191/5/5 6190/5/5
f 6203/1/5 6192/1/5 6191/1/5
f 6203/5/5 6191/5/5 6202/5/5
f 6204/4/5 6193/4/5 6192/4/5
f 6204/1/5 6192/1/5 6203/1/5
f 6205/5/5 6194/5/5 6193/5/5
f 6205/4/5 6193/4/5 6204/4/5
f 6206/5/5 6194/5/5 6205/5/5
f 6211/2/5 6208/2/5 6207/2/5
f 6212/2/5 6208/2/5 6211/2/5
f 6213/2/5 6210/2/5 6209/2/5
f 6214/2/5 6210/2/5 6213/2/5
f 6219/2/5 6216/2/5 6215/2/5
f 6220/2/5 6216/2/5 6219/2/5
f 6221/2/5 6218/2/5 6217/2/5
f 6222/2/5 6218/2/5 6221/2/5
f 6235/5/5 6224/5/5 6223/5/5
f 6236/4/5 6225/4/5 6224/4/5
f 6236/5/5 6224/5/5 6235/5/5
f 6237/5/5 6226/5/5 6225/5/5
f 6237/4/5 6225/4/5 6236/4/5
f 6238/5/5 6226/5/5 6237/5/5
f 6239/5/5 6228/5/5 6227/5/5
f 6240/5/5 6228/5/5 6239/5/5
f 6241/5/5 6230/5/5 6229/5/5
f 6242/1/5 6231/1/5 6230/1/5
f 6242/5/5 6230/5/5 6241/5/5
f 6243/4/5 6232/4/5 6231/4/5
f 6243/1/5 6231/1/5 6242/1/5
f 6244/5/5 6233/5/5 6232/5/5
f 6244/4/5 6232/4/5 6243/4/5
f 6245/5/5 6233/5/5 6244/5/5
f 6247/5/5 6235/5/5 6234/5/5
f 6248/5/5 6235/5/5 6247/5/5
f 6249/5/5 6246/5/5 6245/5/5
f 6250/5/5 6246/5/5 6249/5/5
f 6255/5/5 6252/5/5 6251/5/5
f 6256/5/5 6252/5/5 6255/5/5
f 6262/5/5 6254/5/5 6253/5/5
f 6263/5/5 6254/5/5 6262/5/5
f 6264/5/5 6257/5/5 6256/5/5
f 6265/4/5 6258/4/5 6257/4/5
f 6265/5/5 6257/5/5 6264/5/5
f 6266/5/5 6259/5/5 6258/5/5
f 6266/4/5 6258/4/5 6265/4/5
f 6267/1/5 6260/1/5 6259/1/5
f 6267/5/5 6259/5/5 6266/5/5
f 6268/4/5 6261/4/5 6260/4/5
f 6268/1/5 6260/1/5 6267/1/5
f 6269/5/5 6262/5/5 6261/5/5
f 6269/4/5 6261/4/5 6268/4/5
f 6270/5/5 6262/5/5 6269/5/5
f 6279/5/5 6272/5/5 6271/5/5
f 6280/4/5 6273/4/5 6272/4/5
f 6280/5/5 6272/5/5 6279/5/5
f 6281/5/5 6274/5/5 6273/5/5
f 6281/4/5 6273/4/5 6280/4/5
f 6282/1/5 6275/1/5 6274/1/5
f 6282/5/5 6274/5/5 6281/5/5
f 6283/4/5 6276/4/5 6275/4/5
f 6283/1/5 6275/1/5 6282/1/5
f 6284/5/5 6277/5/5 6276/5/5
f 6284/4/5 6276/4/5 6283/4/5
f 6285/5/5 6277/5/5 6284/5/5
f 6287/5/5 6279/5/5 6278/5/5
f 6288/5/5 6279/5/5 6287/5/5
f 6289/5/5 6286/5/5 6285/5/5
f 6290/5/5 6286/5/5 6289/5/5
f 6295/5/5 6292/5/5 6291/5/5
f 6296/5/5 6292/5/5 6295/5/5
f 6306/5/5 6294/5/5 6293/5/5
f 6307/5/5 6294/5/5 6306/5/5
f 6308/5/5 6297/5/5 6296/5/5
f 6309/4/5 6298/4/5 6297/4/5
f 6309/5/5 6297/5/5 6308/5/5
f 6310/5/5 6299/5/5 6298/5/5
f 6310/4/5 6298/4/5 6309/4/5
f 6311/5/5 6299/5/5 6310/5/5
f 6312/5/5 6301/5/5 6300/5/5
f 6313/5/5 6301/5/5 6312/5/5
f 6314/5/5 6303/5/5 6302/5/5
f 6315/1/5 6304/1/5 6303/1/5
f 6315/5/5 6303/5/5 6314/5/5
f 6316/4/5 6305/4/5 6304/4/5
f 6316/1/5 6304/1/5 6315/1/5
f 6317/5/5 6306/5/5 6305/5/5
f 6317/4/5 6305/4/5 6316/4/5
f 6318/5/5 6306/5/5 6317/5/5
f 6323/2/5 6320/2/5 6319/2/5
f 6324/2/5 6320/2/5 6323/2/5
f 6325/2/5 6322/2/5 6321/2/5
f 6326/2/5 6322/2/5 6325/2/5
f 6331/2/5 6328/2/5 6327/2/5
f 6332/2/5 6328/2/5 6331/2/5
f 6333/2/5 6330/2/5 6329/2/5
f 6334/2/5 6330/2/5 6333/2/5
f 6347/5/5 6336/5/5 6335/5/5
f 6348/4/5 6337/4/5 6336/4/5
f 6348/5/5 6336/5/5 6347/5/5
f 6349/5/5 6338/5/5 6337/5/5
f 6349/4/5 6337/4/5 6348/4/5
f 6350/5/5 6338/5/5 6349/5/5
f 6351/5/5 6340/5/5 6339/5/5
f 6352/5/5 6340/5/5 6351/5/5
f 6353/5/5 6342/5/5 6341/5/5
f 6354/1/5 6343/1/5 6342/1/5
f 6354/5/5 6342/5/5 6353/5/5
f 6355/4/5 6344/4/5 6343/4/5
f 6355/1/5 6343/1/5 6354/1/5
f 6356/5/5 6345/5/5 6344/5/5
f 6356/4/5 6344/4/5 6355/4/5
f 6357/5/5 6345/5/5 6356/5/5
f 6359/5/5 6347/5/5 6346/5/5
f 6360/5/5 6347/5/5 6359/5/5
f 6361/5/5 6358/5/5 6357/5/5
f 6362/5/5 6358/5/5 6361/5/5
f 6367/5/5 6366/5/5 6365/5/5
f 6368/5/5 6366/5/5 6367/5/5
f 6369/5/5 6364/5/5 6363/5/5
f 6370/5/5 6364/5/5 6369/5/5
f 6371/4/5 6368/4/5 6367/4/5
f 6372/4/5 6370/4/5 6369/4/5
f 6373/4/5 6370/4/5 6372/4/5
f 6374/4/5 6368/4/5 6371/4/5
f 6375/4/5 6368/4/5 6374/4/5
f 6376/5/5 6373/5/5 6372/5/5
f 6377/5/5 6373/5/5 6376/5/5
f 6378/5/5 6375/5/5 6374/5/5
f 6379/5/5 6375/5/5 6378/5/5
f 6384/5/5 6381/5/5 6380/5/5
f 6385/5/5 6381/5/5 6384/5/5
f 6392/5/5 6383/5/5 6382/5/5
f 6393/5/5 6383/5/5 6392/5/5
f 6394/5/5 6386/5/5 6385/5/5
f 6395/4/5 6387/4/5 6386/4/5
f 6395/5/5 6386/5/5 6394/5/5
f 6396/5/5 6388/5/5 6387/5/5
f 6396/4/5 6387/4/5 6395/4/5
f 6397/1/5 6389/1/5 6388/1/5
f 6397/5/5 6388/5/5 6396/5/5
f 6397/1/5 6390/1/5 6389/1/5
f 6398/4/5 6391/4/5 6390/4/5
f 6398/1/5 6390/1/5 6397/1/5
f 6399/5/5 6392/5/5 6391/5/5
f 6399/4/5 6391/4/5 6398/4/5
f 6400/5/5 6392/5/5 6399/5/5
f 6409/5/5 6402/5/5 6401/5/5
f 6410/4/5 6403/4/5 6402/4/5
f 6410/5/5 6402/5/5 6409/5/5
f 6411/5/5 6404/5/5 6403/5/5
f 6411/4/5 6403/4/5 6410/4/5
f 6412/1/5 6405/1/5 6404/1/5
f 6412/5/5 6404/5/5 6411/5/5
f 6413/4/5 6406/4/5 6405/4/5
f 6413/1/5 6405/1/5 6412/1/5
f 6414/5/5 6407/5/5 6406/5/5
f 6414/4/5 6406/4/5 6413/4/5
f 6415/5/5 6407/5/5 6414/5/5
f 6417/5/5 6409/5/5 6408/5/5
f 6418/5/5 6409/5/5 6417/5/5
f 6419/5/5 6416/5/5 6415/5/5
f 6420/5/5 6416/5/5 6419/5/5
f 6425/5/5 6424/5/5 6423/5/5
f 6426/5/5 6424/5/5 6425/5/5
f 6427/5/5 6422/5/5 6421/5/5
f 6428/5/5 6422/5/5 6427/5/5
f 6429/4/5 6426/4/5 6425/4/5
f 6430/4/5 6428/4/5 6427/4/5
f 6431/4/5 6428/4/5 6430/4/5
f 6432/4/5 6426/4/5 6429/4/5
f 6433/4/5 6426/4/5 6432/4/5
f 6434/5/5 6431/5/5 6430/5/5
f 6435/5/5 6431/5/5 6434/5/5
f 6436/5/5 6433/5/5 6432/5/5
f 6437/5/5 6433/5/5 6436/5/5
f 6442/5/5 6439/5/5 6438/5/5
f 6443/5/5 6439/5/5 6442/5/5
f 6454/5/5 6441/5/5 6440/5/5
f 6455/5/5 6441/5/5 6454/5/5
f 6456/5/5 6444/5/5 6443/5/5
f 6457/4/5 6445/4/5 6444/4/5
f 6457/5/5 6444/5/5 6456/5/5
f 6458/5/5 6446/5/5 6445/5/5
f 6458/4/5 6445/4/5 6457/4/5
f 6459/5/5 6446/5/5 6458/5/5
f 6460/5/5 6448/5/5 6447/5/5
f 6461/5/5 6448/5/5 6460/5/5
f 6462/5/5 6450/5/5 6449/5/5
f 6463/1/5 6451/1/5 6450/1/5
f 6463/5/5 6450/5/5 6462/5/5
f 6463/1/5 6452/1/5 6451/1/5
f 6464/4/5 6453/4/5 6452/4/5
f 6464/1/5 6452/1/5 6463/1/5
f 6465/5/5 6454/5/5 6453/5/5
f 6465/4/5 6453/4/5 6464/4/5
f 6466/5/5 6454/5/5 6465/5/5
f 6471/2/5 6468/2/5 6467/2/5
f 6472/2/5 6468/2/5 6471/2/5
f 6473/2/5 6470/2/5 6469/2/5
f 6474/2/5 6470/2/5 6473/2/5
f 6479/2/5 6476/2/5 6475/2/5
f 6480/2/5 6476/2/5 6479/2/5
f 6481/2/5 6478/2/5 6477/2/5
f 6482/2/5 6478/2/5 6481/2/5
f 6495/5/5 6484/5/5 6483/5/5
f 6496/4/5 6485/4/5 6484/4/5
f 6496/5/5 6484/5/5 6495/5/5
f 6497/4/5 6485/4/5 6496/4/5
f 6498/4/5 6485/4/5 6497/4/5
f 6499/4/5 6487/4/5 6486/4/5
f 6500/5/5 6488/5/5 6487/5/5
f 6500/4/5 6487/4/5 6499/4/5
f 6501/5/5 6488/5/5 6500/5/5
f 6502/5/5 6490/5/5 6489/5/5
f 6503/5/5 6490/5/5 6502/5/5
f 6504/1/5 6491/1/5 6490/1/5
f 6504/5/5 6490/5/5 6503/5/5
f 6505/4/5 6492/4/5 6491/4/5
f 6505/1/5 6491/1/5 6504/1/5
f 6506/5/5 6493/5/5 6492/5/5
f 6506/4/5 6492/4/5 6505/4/5
f 6507/5/5 6493/5/5 6506/5/5
f 6509/5/5 6495/5/5 6494/5/5
f 6510/5/5 6495/5/5 6509/5/5
f 6511/5/5 6508/5/5 6507/5/5
f 6512/5/5 6508/5/5 6511/5/5
f 6517/5/5 6514/5/5 6513/5/5
f 6518/5/5 6514/5/5 6517/5/5
f 6519/5/5 6516/5/5 6515/5/5
f 6520/5/5 6516/5/5 6519/5/5
f 6525/5/5 6522/5/5 6521/5/5
f 6526/5/5 6522/5/5 6525/5/5
f 6527/5/5 6524/5/5 6523/5/5
f 6528/5/5 6524/5/5 6527/5/5
f 6533/5/5 6530/5/5 6529/5/5
f 6534/5/5 6530/5/5 6533/5/5
f 6541/5/5 6532/5/5 6531/5/5
f 6542/5/5 6532/5/5 6541/5/5
f 6543/5/5 6535/5/5 6534/5/5
f 6544/4/5 6536/4/5 6535/4/5
f 6544/5/5 6535/5/5 6543/5/5
f 6545/5/5 6537/5/5 6536/5/5
f 6545/4/5 6536/4/5 6544/4/5
f 6546/1/5 6538/1/5 6537/1/5
f 6546/5/5 6537/5/5 6545/5/5
f 6547/4/5 6540/4/5 6539/4/5
f 6547/1/5 6538/1/5 6546/1/5
f 6547/4/5 6539/4/5 6538/4/5
f 6548/5/5 6541/5/5 6540/5/5
f 6548/4/5 6540/4/5 6547/4/5
f 6549/5/5 6541/5/5 6548/5/5
f 6558/5/5 6551/5/5 6550/5/5
f 6559/4/5 6552/4/5 6551/4/5
f 6559/5/5 6551/5/5 6558/5/5
f 6560/4/5 6552/4/5 6559/4/5
f 6561/5/5 6553/5/5 6552/5/5
f 6561/4/5 6552/4/5 6560/4/5
f 6562/5/5 6553/5/5 6561/5/5
f 6563/1/5 6554/1/5 6553/1/5
f 6563/5/5 6553/5/5 6562/5/5
f 6564/4/5 6555/4/5 6554/4/5
f 6564/1/5 6554/1/5 6563/1/5
f 6565/5/5 6556/5/5 6555/5/5
f 6565/4/5 6555/4/5 6564/4/5
f 6566/5/5 6556/5/5 6565/5/5
f 6568/5/5 6558/5/5 6557/5/5
f 6569/5/5 6558/5/5 6568/5/5
f 6570/5/5 6567/5/5 6566/5/5
f 6571/5/5 6567/5/5 6570/5/5
f 6576/5/5 6573/5/5 6572/5/5
f 6577/5/5 6573/5/5 6576/5/5
f 6578/5/5 6575/5/5 6574/5/5
f 6579/5/5 6575/5/5 6578/5/5
f 6584/5/5 6581/5/5 6580/5/5
f 6585/5/5 6581/5/5 6584/5/5
f 6586/5/5 6583/5/5 6582/5/5
f 6587/5/5 6583/5/5 6586/5/5
f 6592/5/5 6589/5/5 6588/5/5
f 6593/5/5 6589/5/5 6592/5/5
f 6604/5/5 6591/5/5 6590/5/5
f 6605/5/5 6591/5/5 6604/5/5
f 6606/5/5 6594/5/5 6593/5/5
f 6607/4/5 6595/4/5 6594/4/5
f 6607/5/5 6594/5/5 6606/5/5
f 6608/5/5 6596/5/5 6595/5/5
f 6608/4/5 6595/4/5 6607/4/5
f 6609/5/5 6596/5/5 6608/5/5
f 6610/5/5 6598/5/5 6597/5/5
f 6611/5/5 6598/5/5 6610/5/5
f 6612/5/5 6600/5/5 6599/5/5
f 6613/1/5 6601/1/5 6600/1/5
f 6613/5/5 6600/5/5 6612/5/5
f 6614/4/5 6603/4/5 6602/4/5
f 6614/1/5 6601/1/5 6613/1/5
f 6614/4/5 6602/4/5 6601/4/5
f 6615/5/5 6604/5/5 6603/5/5
f 6615/4/5 6603/4/5 6614/4/5
f 6616/5/5 6604/5/5 6615/5/5
f 6621/2/5 6618/2/5 6617/2/5
f 6622/2/5 6618/2/5 6621/2/5
f 6623/2/5 6620/2/5 6619/2/5
f 6624/2/5 6620/2/5 6623/2/5
f 6629/2/5 6626/2/5 6625/2/5
f 6630/2/5 6626/2/5 6629/2/5
f 6631/2/5 6628/2/5 6627/2/5
f 6632/2/5 6628/2/5 6631/2/5
f 6647/5/5 6634/5/5 6633/5/5
f 6648/4/5 6635/4/5 6634/4/5
f 6648/5/5 6634/5/5 6647/5/5
f 6649/1/5 6636/1/5 6635/1/5
f 6649/4/5 6635/4/5 6648/4/5
f 6650/1/5 6636/1/5 6649/1/5
f 6651/1/5 6638/1/5 6637/1/5
f 6652/4/5 6639/4/5 6638/4/5
f 6652/1/5 6638/1/5 6651/1/5
f 6653/5/5 6640/5/5 6639/5/5
f 6653/4/5 6639/4/5 6652/4/5
f 6654/5/5 6640/5/5 6653/5/5
f 6655/5/5 6642/5/5 6641/5/5
f 6656/1/5 6643/1/5 6642/1/5
f 6656/5/5 6642/5/5 6655/5/5
f 6657/4/5 6644/4/5 6643/4/5
f 6657/1/5 6643/1/5 6656/1/5
f 6658/5/5 6645/5/5 6644/5/5
f 6658/4/5 6644/4/5 6657/4/5
f 6659/5/5 6645/5/5 6658/5/5
f 6661/5/5 6647/5/5 6646/5/5
f 6662/5/5 6647/5/5 6661/5/5
f 6663/5/5 6660/5/5 6659/5/5
f 6664/5/5 6660/5/5 6663/5/5
f 6669/5/5 6666/5/5 6665/5/5
f 6670/5/5 6666/5/5 6669/5/5
f 6671/5/5 6668/5/5 6667/5/5
f 6672/5/5 6668/5/5 6671/5/5
f 6677/5/5 6676/5/5 6675/5/5
f 6678/5/5 6676/5/5 6677/5/5
f 6679/5/5 6674/5/5 6673/5/5
f 6680/5/5 6674/5/5 6679/5/5
f 6681/4/5 6678/4/5 6677/4/5
f 6682/4/5 6678/4/5 6681/4/5
f 6683/4/5 6680/4/5 6679/4/5
f 6684/4/5 6680/4/5 6683/4/5
f 6685/5/5 6684/5/5 6683/5/5
f 6686/5/5 6684/5/5 6685/5/5
f 6687/5/5 6682/5/5 6681/5/5
f 6688/5/5 6682/5/5 6687/5/5
f 6693/5/5 6690/5/5 6689/5/5
f 6694/5/5 6690/5/5 6693/5/5
f 6695/5/5 6692/5/5 6691/5/5
f 6696/5/5 6692/5/5 6695/5/5
f 6701/5/5 6698/5/5 6697/5/5
f 6702/5/5 6698/5/5 6701/5/5
f 6711/5/5 6700/5/5 6699/5/5
f 6712/5/5 6700/5/5 6711/5/5
f 6713/5/5 6703/5/5 6702/5/5
f 6714/4/5 6704/4/5 6703/4/5
f 6714/5/5 6703/5/5 6713/5/5
f 6715/5/5 6705/5/5 6704/5/5
f 6715/4/5 6704/4/5 6714/4/5
f 6716/1/5 6706/1/5 6705/1/5
f 6716/5/5 6705/5/5 6715/5/5
f 6717/4/5 6707/4/5 6706/4/5
f 6717/1/5 6706/1/5 6716/1/5
f 6717/4/5 6708/4/5 6707/4/5
f 6718/5/5 6709/5/5 6708/5/5
f 6718/4/5 6708/4/5 6717/4/5
f 6719/4/5 6710/4/5 6709/4/5
f 6719/5/5 6709/5/5 6718/5/5
f 6720/5/5 6711/5/5 6710/5/5
f 6720/4/5 6710/4/5 6719/4/5
f 6721/5/5 6711/5/5 6720/5/5
f 6732/5/5 6723/5/5 6722/5/5
f 6733/4/5 6724/4/5 6723/4/5
f 6733/5/5 6723/5/5 6732/5/5
f 6734/1/5 6725/1/5 6724/1/5
f 6734/4/5 6724/4/5 6733/4/5
f 6735/4/5 6726/4/5 6725/4/5
f 6735/1/5 6725/1/5 6734/1/5
f 6736/5/5 6727/5/5 6726/5/5
f 6736/4/5 6726/4/5 6735/4/5
f 6737/1/5 6728/1/5 6727/1/5
f 6737/5/5 6727/5/5 6736/5/5
f 6738/4/5 6729/4/5 6728/4/5
f 6738/1/5 6728/1/5 6737/1/5
f 6739/5/5 6730/5/5 6729/5/5
f 6739/4/5 6729/4/5 6738/4/5
f 6740/5/5 6730/5/5 6739/5/5
f 6742/5/5 6732/5/5 6731/5/5
f 6743/5/5 6732/5/5 6742/5/5
f 6744/5/5 6741/5/5 6740/5/5
f 6745/5/5 6741/5/5 6744/5/5
f 6750/5/5 6747/5/5 6746/5/5
f 6751/5/5 6747/5/5 6750/5/5
f 6752/5/5 6749/5/5 6748/5/5
f 6753/5/5 6749/5/5 6752/5/5
f 6758/5/5 6757/5/5 6756/5/5
f 6759/5/5 6757/5/5 6758/5/5
f 6760/5/5 6755/5/5 6754/5/5
f 6761/5/5 6755/5/5 6760/5/5
f 6762/4/5 6759/4/5 6758/4/5
f 6763/4/5 6759/4/5 6762/4/5
f 6764/4/5 6761/4/5 6760/4/5
f 6765/4/5 6761/4/5 6764/4/5
f 6766/5/5 6765/5/5 6764/5/5
f 6767/5/5 6765/5/5 6766/5/5
f 6768/5/5 6763/5/5 6762/5/5
f 6769/5/5 6763/5/5 6768/5/5
f 6774/5/5 6771/5/5 6770/5/5
f 6775/5/5 6771/5/5 6774/5/5
f 6776/5/5 6773/5/5 6772/5/5
f 6777/5/5 6773/5/5 6776/5/5
f 6782/5/5 6779/5/5 6778/5/5
f 6783/5/5 6779/5/5 6782/5/5
f 6796/5/5 6781/5/5 6780/5/5
f 6797/5/5 6781/5/5 6796/5/5
f 6798/5/5 6784/5/5 6783/5/5
f 6799/4/5 6785/4/5 6784/4/5
f 6799/5/5 6784/5/5 6798/5/5
f 6800/5/5 6786/5/5 6785/5/5
f 6800/4/5 6785/4/5 6799/4/5
f 6801/5/5 6786/5/5 6800/5/5
f 6802/5/5 6788/5/5 6787/5/5
f 6803/5/5 6788/5/5 6802/5/5
f 6804/5/5 6790/5/5 6789/5/5
f 6805/1/5 6791/1/5 6790/1/5
f 6805/5/5 6790/5/5 6804/5/5
f 6806/4/5 6792/4/5 6791/4/5
f 6806/1/5 6791/1/5 6805/1/5
f 6806/4/5 6793/4/5 6792/4/5
f 6807/5/5 6794/5/5 6793/5/5
f 6807/4/5 6793/4/5 6806/4/5
f 6808/4/5 6795/4/5 6794/4/5
f 6808/5/5 6794/5/5 6807/5/5
f 6809/5/5 6796/5/5 6795/5/5
f 6809/4/5 6795/4/5 6808/4/5
f 6810/5/5 6796/5/5 6809/5/5
f 6815/5/5 6812/5/5 6811/5/5
f 6816/5/5 6812/5/5 6815/5/5
f 6817/5/5 6814/5/5 6813/5/5
f 6818/5/5 6814/5/5 6817/5/5
f 6823/5/5 6820/5/5 6819/5/5
f 6824/5/5 6820/5/5 6823/5/5
f 6825/5/5 6822/5/5 6821/5/5
f 6826/5/5 6822/5/5 6825/5/5
f 6831/5/5 6828/5/5 6827/5/5
f 6832/5/5 6828/5/5 6831/5/5
f 6833/5/5 6830/5/5 6829/5/5
f 6834/5/5 6830/5/5 6833/5/5
f 6839/5/5 6836/5/5 6835/5/5
f 6840/5/5 6836/5/5 6839/5/5
f 6841/5/5 6838/5/5 6837/5/5
f 6842/5/5 6838/5/5 6841/5/5
f 6847/5/5 6844/5/5 6843/5/5
f 6848/5/5 6844/5/5 6847/5/5
f 6849/5/5 6846/5/5 6845/5/5
f 6850/5/5 6846/5/5 6849/5/5
f 6855/5/5 6852/5/5 6851/5/5
f 6856/5/5 6852/5/5 6855/5/5
f 6857/5/5 6854/5/5 6853/5/5
f 6858/5/5 6854/5/5 6857/5/5
f 6863/5/5 6860/5/5 6859/5/5
f 6864/5/5 6860/5/5 6863/5/5
f 6865/5/5 6862/5/5 6861/5/5
f 6866/5/5 6862/5/5 6865/5/5
f 6871/5/5 6868/5/5 6867/5/5
f 6872/5/5 6868/5/5 6871/5/5
f 6873/5/5 6870/5/5 6869/5/5
f 6874/5/5 6870/5/5 6873/5/5
f 6879/2/5 6876/2/5 6875/2/5
f 6880/2/5 6876/2/5 6879/2/5
f 6881/2/5 6878/2/5 6877/2/5
f 6882/2/5 6878/2/5 6881/2/5
f 6887/2/5 6884/2/5 6883/2/5
f 6888/2/5 6884/2/5 6887/2/5
f 6889/2/5 6886/2/5 6885/2/5
f 6890/2/5 6886/2/5 6889/2/5
f 6906/5/5 6892/5/5 6891/5/5
f 6907/4/5 6893/4/5 6892/4/5
f 6907/5/5 6892/5/5 6906/5/5
f 6908/1/5 6894/1/5 6893/1/5
f 6908/4/5 6893/4/5 6907/4/5
f 6909/5/5 6895/5/5 6894/5/5
f 6909/1/5 6894/1/5 6908/1/5
f 6910/5/5 6895/5/5 6909/5/5
f 6911/1/5 6897/1/5 6896/1/5
f 6912/4/5 6898/4/5 6897/4/5
f 6912/1/5 6897/1/5 6911/1/5
f 6913/5/5 6899/5/5 6898/5/5
f 6913/4/5 6898/4/5 6912/4/5
f 6914/5/5 6899/5/5 6913/5/5
f 6915/5/5 6901/5/5 6900/5/5
f 6916/1/5 6902/1/5 6901/1/5
f 6916/5/5 6901/5/5 6915/5/5
f 6917/4/5 6903/4/5 6902/4/5
f 6917/1/5 6902/1/5 6916/1/5
f 6918/5/5 6904/5/5 6903/5/5
f 6918/4/5 6903/4/5 6917/4/5
f 6919/5/5 6904/5/5 6918/5/5
f 6921/5/5 6906/5/5 6905/5/5
f 6922/5/5 6906/5/5 6921/5/5
f 6923/5/5 6920/5/5 6919/5/5
f 6924/5/5 6920/5/5 6923/5/5
f 6929/5/5 6926/5/5 6925/5/5
f 6930/5/5 6926/5/5 6929/5/5
f 6931/5/5 6928/5/5 6927/5/5
f 6932/5/5 6928/5/5 6931/5/5
f 6937/5/5 6934/5/5 6933/5/5
f 6938/5/5 6934/5/5 6937/5/5
f 6939/5/5 6936/5/5 6935/5/5
f 6940/5/5 6936/5/5 6939/5/5
f 6945/5/5 6942/5/5 6941/5/5
f 6946/5/5 6942/5/5 6945/5/5
f 6954/5/5 6944/5/5 6943/5/5
f 6955/5/5 6944/5/5 6954/5/5
f 6956/4/5 6948/4/5 6947/4/5
f 6956/5/5 6949/5/5 6948/5/5
f 6957/5/5 6949/5/5 6956/5/5
f 6958/5/5 6949/5/5 6957/5/5
f 6959/5/5 6949/5/5 6958/5/5
f 6960/5/5 6949/5/5 6959/5/5
f 6961/1/5 6950/1/5 6949/1/5
f 6961/5/5 6949/5/5 6960/5/5
f 6962/4/5 6951/4/5 6950/4/5
f 6962/1/5 6950/1/5 6961/1/5
f 6963/5/5 6952/5/5 6951/5/5
f 6963/4/5 6951/4/5 6962/4/5
f 6964/5/5 6952/5/5 6963/5/5
f 6965/4/5 6953/4/5 6952/4/5
f 6965/5/5 6952/5/5 6964/5/5
f 6967/5/5 6947/5/5 6946/5/5
f 6968/4/5 6956/4/5 6947/4/5
f 6968/5/5 6947/5/5 6967/5/5
f 6969/1/5 6957/1/5 6956/1/5
f 6969/4/5 6956/4/5 6968/4/5
f 6970/5/5 6958/5/5 6957/5/5
f 6970/1/5 6957/1/5 6969/1/5
f 6971/1/5 6959/1/5 6958/1/5
f 6971/5/5 6958/5/5 6970/5/5
f 6972/4/5 6960/4/5 6959/4/5
f 6972/1/5 6959/1/5 6971/1/5
f 6973/5/5 6964/5/5 6963/5/5
f 6973/4/5 6960/4/5 6972/4/5
f 6973/5/5 6961/5/5 6960/5/5
f 6973/5/5 6962/5/5 6961/5/5
f 6973/5/5 6963/5/5 6962/5/5
f 6974/1/5 6965/1/5 6964/1/5
f 6974/5/5 6964/5/5 6973/5/5
f 6975/4/5 6953/4/5 6965/4/5
f 6975/1/5 6965/1/5 6974/1/5
f 6976/5/5 6954/5/5 6953/5/5
f 6976/4/5 6953/4/5 6975/4/5
f 6977/5/5 6954/5/5 6976/5/5
f 6979/5/5 6967/5/5 6966/5/5
f 6980/5/5 6967/5/5 6979/5/5
f 6981/5/5 6978/5/5 6977/5/5
f 6982/5/5 6978/5/5 6981/5/5
f 6987/5/5 6984/5/5 6983/5/5
f 6988/5/5 6984/5/5 6987/5/5
f 6989/5/5 6986/5/5 6985/5/5
f 6990/5/5 6986/5/5 6989/5/5
f 6995/5/5 6992/5/5 6991/5/5
f 6996/5/5 6992/5/5 6995/5/5
f 6997/5/5 6994/5/5 6993/5/5
f 6998/5/5 6994/5/5 6997/5/5
f 7003/5/5 7000/5/5 6999/5/5
f 7004/5/5 7000/5/5 7003/5/5
f 7016/5/5 7002/5/5 7001/5/5
f 7017/5/5 7002/5/5 7016/5/5
f 7018/5/5 7005/5/5 7004/5/5
f 7019/4/5 7006/4/5 7005/4/5
f 7019/5/5 7005/5/5 7018/5/5
f 7020/5/5 7007/5/5 7006/5/5
f 7020/4/5 7006/4/5 7019/4/5
f 7021/5/5 7007/5/5 7020/5/5
f 7022/5/5 7009/5/5 7008/5/5
f 7023/5/5 7009/5/5 7022/5/5
f 7024/5/5 7011/5/5 7010/5/5
f 7025/1/5 7012/1/5 7011/1/5
f 7025/5/5 7011/5/5 7024/5/5
f 7026/4/5 7013/4/5 7012/4/5
f 7026/1/5 7012/1/5 7025/1/5
f 7027/5/5 7014/5/5 7013/5/5
f 7027/4/5 7013/4/5 7026/4/5
f 7028/4/5 7015/4/5 7014/4/5
f 7028/5/5 7014/5/5 7027/5/5
f 7029/5/5 7016/5/5 7015/5/5
f 7029/4/5 7015/4/5 7028/4/5
f 7030/5/5 7016/5/5 7029/5/5
f 7035/2/5 7032/2/5 7031/2/5
f 7036/2/5 7032/2/5 7035/2/5
f 7037/2/5 7034/2/5 7033/2/5
f 7038/2/5 7034/2/5 7037/2/5
f 7043/5/5 7040/5/5 7039/5/5
f 7044/5/5 7040/5/5 7043/5/5
f 7045/5/5 7042/5/5 7041/5/5
f 7046/5/5 7042/5/5 7045/5/5
f 7051/5/5 7048/5/5 7047/5/5
f 7052/5/5 7048/5/5 7051/5/5
f 7053/5/5 7050/5/5 7049/5/5
f 7054/5/5 7050/5/5 7053/5/5
f 7059/5/5 7056/5/5 7055/5/5
f 7060/5/5 7056/5/5 7059/5/5
f 7061/5/5 7058/5/5 7057/5/5
f 7062/5/5 7058/5/5 7061/5/5
f 7067/5/5 7064/5/5 7063/5/5
f 7068/5/5 7064/5/5 7067/5/5
f 7069/5/5 7066/5/5 7065/5/5
f 7070/5/5 7066/5/5 7069/5/5
f 7075/5/5 7072/5/5 7071/5/5
f 7076/5/5 7072/5/5 7075/5/5
f 7077/5/5 7074/5/5 7073/5/5
f 7078/5/5 7074/5/5 7077/5/5
f 7083/5/5 7080/5/5 7079/5/5
f 7084/5/5 7080/5/5 7083/5/5
f 7085/5/5 7082/5/5 7081/5/5
f 7086/5/5 7082/5/5 7085/5/5
f 7091/5/5 7088/5/5 7087/5/5
f 7092/5/5 7088/5/5 7091/5/5
f 7093/5/5 7090/5/5 7089/5/5
f 7094/5/5 7090/5/5 7093/5/5
f 7099/5/5 7096/5/5 7095/5/5
f 7100/5/5 7096/5/5 7099/5/5
f 7101/5/5 7098/5/5 7097/5/5
f 7102/5/5 7098/5/5 7101/5/5
f 7114/5/5 7104/5/5 7103/5/5
f 7115/4/5 7105/4/5 7104/4/5
f 7115/5/5 7104/5/5 7114/5/5
f 7115/4/5 7106/4/5 7105/4/5
f 7116/5/5 7113/5/5 7112/5/5
f 7116/4/5 7112/4/5 7111/4/5
f 7117/5/5 7113/5/5 7116/5/5
f 7118/4/5 7115/4/5 7114/4/5
f 7119/4/5 7106/4/5 7115/4/5
f 7119/4/5 7115/4/5 7118/4/5
f 7120/4/5 7116/4/5 7111/4/5
f 7120/4/5 7117/4/5 7116/4/5
f 7121/4/5 7117/4/5 7120/4/5
f 7122/5/5 7119/5/5 7118/5/5
f 7123/4/5 7106/4/5 7119/4/5
f 7123/5/5 7119/5/5 7122/5/5
f 7124/5/5 7107/5/5 7106/5/5
f 7124/4/5 7106/4/5 7123/4/5
f 7124/5/5 7108/5/5 7107/5/5
f 7124/5/5 7109/5/5 7108/5/5
f 7124/5/5 7110/5/5 7109/5/5
f 7125/5/5 7110/5/5 7124/5/5
f 7126/5/5 7110/5/5 7125/5/5
f 7127/1/5 7111/1/5 7110/1/5
f 7127/5/5 7110/5/5 7126/5/5
f 7128/4/5 7120/4/5 7111/4/5
f 7128/1/5 7111/1/5 7127/1/5
f 7129/5/5 7121/5/5 7120/5/5
f 7129/4/5 7120/4/5 7128/4/5
f 7130/5/5 7121/5/5 7129/5/5
f 7135/5/5 7132/5/5 7131/5/5
f 7136/5/5 7132/5/5 7135/5/5
f 7137/5/5 7134/5/5 7133/5/5
f 7138/5/5 7134/5/5 7137/5/5
f 7139/4/5 7136/4/5 7135/4/5
f 7140/4/5 7136/4/5 7139/4/5
f 7141/4/5 7138/4/5 7137/4/5
f 7142/4/5 7138/4/5 7141/4/5
f 7143/5/5 7140/5/5 7139/5/5
f 7144/5/5 7140/5/5 7143/5/5
f 7145/5/5 7142/5/5 7141/5/5
f 7146/5/5 7142/5/5 7145/5/5
f 7151/5/5 7148/5/5 7147/5/5
f 7152/5/5 7148/5/5 7151/5/5
f 7153/5/5 7150/5/5 7149/5/5
f 7154/5/5 7150/5/5 7153/5/5
f 7159/5/5 7156/5/5 7155/5/5
f 7160/5/5 7156/5/5 7159/5/5
f 7161/5/5 7158/5/5 7157/5/5
f 7162/5/5 7158/5/5 7161/5/5
f 7167/5/5 7164/5/5 7163/5/5
f 7168/5/5 7164/5/5 7167/5/5
f 7169/5/5 7166/5/5 7165/5/5
f 7170/5/5 7166/5/5 7169/5/5
f 7175/5/5 7174/5/5 7173/5/5
f 7176/5/5 7174/5/5 7175/5/5
f 7177/5/5 7172/5/5 7171/5/5
f 7178/5/5 7172/5/5 7177/5/5
f 7179/4/5 7176/4/5 7175/4/5
f 7180/4/5 7178/4/5 7177/4/5
f 7181/4/5 7178/4/5 7180/4/5
f 7182/4/5 7176/4/5 7179/4/5
f 7183/4/5 7176/4/5 7182/4/5
f 7184/5/5 7181/5/5 7180/5/5
f 7185/5/5 7181/5/5 7184/5/5
f 7186/5/5 7183/5/5 7182/5/5
f 7187/5/5 7183/5/5 7186/5/5
f 7192/5/5 7189/5/5 7188/5/5
f 7193/5/5 7189/5/5 7192/5/5
f 7194/5/5 7191/5/5 7190/5/5
f 7195/5/5 7191/5/5 7194/5/5
f 7200/2/5 7197/2/5 7196/2/5
f 7201/2/5 7197/2/5 7200/2/5
f 7202/2/5 7199/2/5 7198/2/5
f 7203/2/5 7199/2/5 7202/2/5
f 7208/5/5 7205/5/5 7204/5/5
f 7209/5/5 7205/5/5 7208/5/5
f 7210/5/5 7207/5/5 7206/5/5
f 7211/5/5 7207/5/5 7210/5/5
f 7216/5/5 7213/5/5 7212/5/5
f 7217/5/5 7213/5/5 7216/5/5
f 7218/5/5 7215/5/5 7214/5/5
f 7219/5/5 7215/5/5 7218/5/5
f 7224/5/5 7221/5/5 7220/5/5
f 7225/5/5 7221/5/5 7224/5/5
f 7226/5/5 7223/5/5 7222/5/5
f 7227/5/5 7223/5/5 7226/5/5
f 7232/5/5 7229/5/5 7228/5/5
f 7233/5/5 7229/5/5 7232/5/5
f 7234/5/5 7231/5/5 7230/5/5
f 7235/5/5 7231/5/5 7234/5/5
f 7240/2/5 7237/2/5 7236/2/5
f 7241/2/5 7237/2/5 7240/2/5
f 7242/2/5 7239/2/5 7238/2/5
f 7243/2/5 7239/2/5 7242/2/5
f 7254/5/5 7245/5/5 7244/5/5
f 7255/4/5 7246/4/5 7245/4/5
f 7255/5/5 7245/5/5 7254/5/5
f 7256/1/5 7247/1/5 7246/1/5
f 7256/4/5 7246/4/5 7255/4/5
f 7257/4/5 7248/4/5 7247/4/5
f 7257/1/5 7247/1/5 7256/1/5
f 7258/5/5 7249/5/5 7248/5/5
f 7258/4/5 7248/4/5 7257/4/5
f 7259/1/5 7250/1/5 7249/1/5
f 7259/5/5 7249/5/5 7258/5/5
f 7260/4/5 7251/4/5 7250/4/5
f 7260/1/5 7250/1/5 7259/1/5
f 7261/5/5 7252/5/5 7251/5/5
f 7261/4/5 7251/4/5 7260/4/5
f 7262/5/5 7252/5/5 7261/5/5
f 7264/5/5 7254/5/5 7253/5/5
f 7265/5/5 7254/5/5 7264/5/5
f 7266/5/5 7263/5/5 7262/5/5
f 7267/5/5 7263/5/5 7266/5/5
f 7272/5/5 7269/5/5 7268/5/5
f 7273/5/5 7269/5/5 7272/5/5
f 7274/5/5 7271/5/5 7270/5/5
f 7275/5/5 7271/5/5 7274/5/5
f 7280/5/5 7279/5/5 7278/5/5
f 7281/5/5 7279/5/5 7280/5/5
f 7282/5/5 7277/5/5 7276/5/5
f 7283/5/5 7277/5/5 7282/5/5
f 7284/4/5 7281/4/5 7280/4/5
f 7285/4/5 7281/4/5 7284/4/5
f 7286/4/5 7283/4/5 7282/4/5
f 7287/4/5 7283/4/5 7286/4/5
f 7288/5/5 7287/5/5 7286/5/5
f 7289/5/5 7287/5/5 7288/5/5
f 7290/5/5 7285/5/5 7284/5/5
f 7291/5/5 7285/5/5 7290/5/5
f 7296/5/5 7293/5/5 7292/5/5
f 7297/5/5 7293/5/5 7296/5/5
f 7298/5/5 7295/5/5 7294/5/5
f 7299/5/5 7295/5/5 7298/5/5
f 7304/5/5 7301/5/5 7300/5/5
f 7305/5/5 7301/5/5 7304/5/5
f 7314/5/5 7303/5/5 7302/5/5
f 7315/5/5 7303/5/5 7314/5/5
f 7316/5/5 7306/5/5 7305/5/5
f 7317/4/5 7307/4/5 7306/4/5
f 7317/5/5 7306/5/5 7316/5/5
f 7318/5/5 7308/5/5 7307/5/5
f 7318/4/5 7307/4/5 7317/4/5
f 7319/1/5 7309/1/5 7308/1/5
f 7319/5/5 7308/5/5 7318/5/5
f 7320/4/5 7310/4/5 7309/4/5
f 7320/1/5 7309/1/5 7319/1/5
f 7320/4/5 7311/4/5 7310/4/5
f 7321/5/5 7312/5/5 7311/5/5
f 7321/4/5 7311/4/5 7320/4/5
f 7322/4/5 7313/4/5 7312/4/5
f 7322/5/5 7312/5/5 7321/5/5
f 7323/5/5 7314/5/5 7313/5/5
f 7323/4/5 7313/4/5 7322/4/5
f 7324/5/5 7314/5/5 7323/5/5
f 7329/2/5 7326/2/5 7325/2/5
f 7330/2/5 7326/2/5 7329/2/5
f 7331/2/5 7328/2/5 7327/2/5
f 7332/2/5 7328/2/5 7331/2/5
f 7337/5/5 7334/5/5 7333/5/5
f 7338/5/5 7334/5/5 7337/5/5
f 7339/5/5 7336/5/5 7335/5/5
f 7340/5/5 7336/5/5 7339/5/5
f 7345/5/5 7342/5/5 7341/5/5
f 7346/5/5 7342/5/5 7345/5/5
f 7347/5/5 7344/5/5 7343/5/5
f 7348/5/5 7344/5/5 7347/5/5
f 7353/5/5 7350/5/5 7349/5/5
f 7354/5/5 7350/5/5 7353/5/5
f 7355/5/5 7352/5/5 7351/5/5
f 7356/5/5 7352/5/5 7355/5/5
f 7361/5/5 7358/5/5 7357/5/5
f 7362/5/5 7358/5/5 7361/5/5
f 7363/5/5 7360/5/5 7359/5/5
f 7364/5/5 7360/5/5 7363/5/5
f 7369/2/5 7366/2/5 7365/2/5
f 7370/2/5 7366/2/5 7369/2/5
f 7371/2/5 7368/2/5 7367/2/5
f 7372/2/5 7368/2/5 7371/2/5
f 7385/5/5 7374/5/5 7373/5/5
f 7386/4/5 7375/4/5 7374/4/5
f 7386/5/5 7374/5/5 7385/5/5
f 7387/1/5 7376/1/5 7375/1/5
f 7387/4/5 7375/4/5 7386/4/5
f 7388/5/5 7377/5/5 7376/5/5
f 7388/1/5 7376/1/5 7387/1/5
f 7389/1/5 7378/1/5 7377/1/5
f 7389/5/5 7377/5/5 7388/5/5
f 7390/4/5 7379/4/5 7378/4/5
f 7390/1/5 7378/1/5 7389/1/5
f 7391/5/5 7380/5/5 7379/5/5
f 7391/4/5 7379/4/5 7390/4/5
f 7392/1/5 7381/1/5 7380/1/5
f 7392/5/5 7380/5/5 7391/5/5
f 7393/4/5 7382/4/5 7381/4/5
f 7393/1/5 7381/1/5 7392/1/5
f 7394/5/5 7383/5/5 7382/5/5
f 7394/4/5 7382/4/5 7393/4/5
f 7395/5/5 7383/5/5 7394/5/5
f 7397/5/5 7385/5/5 7384/5/5
f 7398/5/5 7385/5/5 7397/5/5
f 7399/5/5 7396/5/5 7395/5/5
f 7400/5/5 7396/5/5 7399/5/5
f 7405/5/5 7402/5/5 7401/5/5
f 7406/5/5 7402/5/5 7405/5/5
f 7407/5/5 7404/5/5 7403/5/5
f 7408/5/5 7404/5/5 7407/5/5
f 7413/5/5 7410/5/5 7409/5/5
f 7414/5/5 7410/5/5 7413/5/5
f 7415/5/5 7412/5/5 7411/5/5
f 7416/5/5 7412/5/5 7415/5/5
f 7421/5/5 7418/5/5 7417/5/5
f 7422/5/5 7418/5/5 7421/5/5
f 7430/5/5 7420/5/5 7419/5/5
f 7431/5/5 7420/5/5 7430/5/5
f 7432/5/5 7423/5/5 7422/5/5
f 7433/4/5 7424/4/5 7423/4/5
f 7433/5/5 7423/5/5 7432/5/5
f 7434/5/5 7425/5/5 7424/5/5
f 7434/4/5 7424/4/5 7433/4/5
f 7435/1/5 7426/1/5 7425/1/5
f 7435/5/5 7425/5/5 7434/5/5
f 7436/4/5 7427/4/5 7426/4/5
f 7436/1/5 7426/1/5 7435/1/5
f 7437/5/5 7428/5/5 7427/5/5
f 7437/4/5 7427/4/5 7436/4/5
f 7438/4/5 7429/4/5 7428/4/5
f 7438/5/5 7428/5/5 7437/5/5
f 7439/5/5 7430/5/5 7429/5/5
f 7439/4/5 7429/4/5 7438/4/5
f 7440/5/5 7430/5/5 7439/5/5
f 7445/6/5 7442/6/5 7441/6/5
f 7446/6/5 7442/6/5 7445/6/5
f 7447/6/5 7444/6/5 7443/6/5
f 7448/6/5 7444/6/5 7447/6/5
f 7453/5/5 7450/5/5 7449/5/5
f 7454/5/5 7450/5/5 7453/5/5
f 7455/5/5 7452/5/5 7451/5/5
f 7456/5/5 7452/5/5 7455/5/5
f 7461/5/5 7458/5/5 7457/5/5
f 7462/5/5 7458/5/5 7461/5/5
f 7463/5/5 7460/5/5 7459/5/5
f 7464/5/5 7460/5/5 7463/5/5
f 7469/5/5 7466/5/5 7465/5/5
f 7470/5/5 7466/5/5 7469/5/5
f 7471/5/5 7468/5/5 7467/5/5
f 7472/5/5 7468/5/5 7471/5/5
f 7477/5/5 7474/5/5 7473/5/5
f 7478/5/5 7474/5/5 7477/5/5
f 7479/5/5 7476/5/5 7475/5/5
f 7480/5/5 7476/5/5 7479/5/5
f 7485/2/5 7482/2/5 7481/2/5
f 7486/2/5 7482/2/5 7485/2/5
f 7487/2/5 7484/2/5 7483/2/5
f 7488/2/5 7484/2/5 7487/2/5
f 7493/6/5 7490/6/5 7489/6/5
f 7494/6/5 7490/6/5 7493/6/5
f 7495/6/5 7492/6/5 7491/6/5
f 7496/6/5 7492/6/5 7495/6/5
f 7501/2/5 7498/2/5 7497/2/5
f 7502/2/5 7498/2/5 7501/2/5
f 7503/2/5 7500/2/5 7499/2/5
f 7504/2/5 7500/2/5 7503/2/5
f 7509/2/5 7506/2/5 7505/2/5
f 7510/2/5 7506/2/5 7509/2/5
f 7511/2/5 7508/2/5 7507/2/5
f 7512/2/5 7508/2/5 7511/2/5
f 7517/2/5 7514/2/5 7513/2/5
f 7518/2/5 7514/2/5 7517/2/5
f 7519/2/5 7516/2/5 7515/2/5
f 7520/2/5 7516/2/5 7519/2/5
f 7521/2/6 7522/2/6 7525/2/6
f 7525/2/6 7522/2/6 7526/2/6
f 7523/2/6 7524/2/6 7527/2/6
f 7527/2/6 7524/2/6 7528/2/6
f 7529/5/6 7530/5/6 7533/5/6
f 7533/5/6 7530/5/6 7534/5/6
f 7531/5/6 7532/5/6 7535/5/6
f 7535/5/6 7532/5/6 7536/5/6
f 7537/5/6 7538/5/6 7541/5/6
f 7541/5/6 7538/5/6 7542/5/6
f 7539/5/6 7540/5/6 7543/5/6
f 7543/5/6 7540/5/6 7544/5/6
f 7545/5/6 7546/5/6 7549/5/6
f 7549/5/6 7546/5/6 7550/5/6
f 7547/5/6 7548/5/6 7551/5/6
f 7551/5/6 7548/5/6 7552/5/6
f 7553/5/6 7554/5/6 7557/5/6
f 7557/5/6 7554/5/6 7558/5/6
f 7555/5/6 7556/5/6 7559/5/6
f 7559/5/6 7556/5/6 7560/5/6
f 7561/5/6 7562/5/6 7565/5/6
f 7565/5/6 7562/5/6 7566/5/6
f 7563/5/6 7564/5/6 7567/5/6
f 7567/5/6 7564/5/6 7568/5/6
f 7569/5/6 7570/5/6 7573/5/6
f 7573/5/6 7570/5/6 7574/5/6
f 7571/5/6 7572/5/6 7575/5/6
f 7575/5/6 7572/5/6 7576/5/6
f 7577/5/6 7578/5/6 7581/5/6
f 7581/5/6 7578/5/6 7582/5/6
f 7579/5/6 7580/5/6 7583/5/6
f 7583/5/6 7580/5/6 7584/5/6
f 7585/5/6 7586/5/6 7589/5/6
f 7589/5/6 7586/5/6 7590/5/6
f 7587/5/6 7588/5/6 7591/5/6
f 7591/5/6 7588/5/6 7592/5/6
f 7593/2/6 7594/2/6 7597/2/6
f 7597/2/6 7594/2/6 7598/2/6
f 7595/2/6 7596/2/6 7599/2/6
f 7599/2/6 7596/2/6 7600/2/6
f 7601/5/6 7602/5/6 7617/5/6
f 7602/4/6 7603/4/6 7618/4/6
f 7617/5/6 7602/5/6 7618/5/6
f 7603/1/6 7604/1/6 7619/1/6
f 7618/4/6 7603/4/6 7619/4/6
f 7604/5/6 7605/5/6 7620/5/6
f 7619/1/6 7604/1/6 7620/1/6
f 7620/5/6 7605/5/6 7621/5/6
f 7606/1/6 7607/1/6 7622/1/6
f 7607/4/6 7608/4/6 7623/4/6
f 7622/1/6 7607/1/6 7623/1/6
f 7608/2/6 7609/2/6 7624/2/6
f 7623/4/6 7608/4/6 7624/4/6
f 7609/5/6 7610/5/6 7625/5/6
f 7624/2/6 7609/2/6 7625/2/6
f 7625/5/6 7610/5/6 7626/5/6
f 7611/5/6 7612/5/6 7627/5/6
f 7612/1/6 7613/1/6 7628/1/6
f 7627/5/6 7612/5/6 7628/5/6
f 7613/4/6 7614/4/6 7629/4/6
f 7628/1/6 7613/1/6 7629/1/6
f 7614/5/6 7615/5/6 7630/5/6
f 7629/4/6 7614/4/6 7630/4/6
f 7630/5/6 7615/5/6 7631/5/6
f 7616/5/6 7617/5/6 7633/5/6
f 7633/5/6 7617/5/6 7634/5/6
f 7631/5/6 7632/5/6 7635/5/6
f 7635/5/6 7632/5/6 7636/5/6
f 7637/5/6 7638/5/6 7641/5/6
f 7641/5/6 7638/5/6 7642/5/6
f 7639/5/6 7640/5/6 7643/5/6
f 7643/5/6 7640/5/6 7644/5/6
f 7645/5/6 7646/5/6 7649/5/6
f 7649/5/6 7646/5/6 7650/5/6
f 7647/5/6 7648/5/6 7651/5/6
f 7651/5/6 7648/5/6 7652/5/6
f 7653/5/6 7654/5/6 7657/5/6
f 7657/5/6 7654/5/6 7658/5/6
f 7655/5/6 7656/5/6 7670/5/6
f 7670/5/6 7656/5/6 7671/5/6
f 7659/4/6 7660/4/6 7672/4/6
f 7660/5/6 7661/5/6 7672/5/6
f 7672/5/6 7661/5/6 7673/5/6
f 7673/5/6 7661/5/6 7674/5/6
f 7674/5/6 7661/5/6 7675/5/6
f 7661/2/6 7662/2/6 7676/2/6
f 7675/5/6 7661/5/6 7676/5/6
f 7662/2/6 7663/2/6 7676/2/6
f 7676/2/6 7663/2/6 7677/2/6
f 7663/5/6 7664/5/6 7678/5/6
f 7677/2/6 7663/2/6 7678/2/6
f 7664/1/6 7665/1/6 7679/1/6
f 7678/5/6 7664/5/6 7679/5/6
f 7665/4/6 7666/4/6 7680/4/6
f 7679/1/6 7665/1/6 7680/1/6
f 7666/4/6 7667/4/6 7680/4/6
f 7667/5/6 7668/5/6 7681/5/6
f 7680/4/6 7667/4/6 7681/4/6
f 7668/4/6 7669/4/6 7682/4/6
f 7681/5/6 7668/5/6 7682/5/6
f 7658/5/6 7659/5/6 7684/5/6
f 7659/4/6 7672/4/6 7685/4/6
f 7684/5/6 7659/5/6 7685/5/6
f 7672/1/6 7673/1/6 7686/1/6
f 7685/4/6 7672/4/6 7686/4/6
f 7673/5/6 7674/5/6 7687/5/6
f 7686/1/6 7673/1/6 7687/1/6
f 7674/1/6 7675/1/6 7688/1/6
f 7687/5/6 7674/5/6 7688/5/6
f 7675/4/6 7676/4/6 7689/4/6
f 7688/1/6 7675/1/6 7689/1/6
f 7676/2/6 7677/2/6 7690/2/6
f 7689/4/6 7676/4/6 7690/4/6
f 7680/5/6 7681/5/6 7691/5/6
f 7690/2/6 7677/2/6 7691/2/6
f 7677/5/6 7678/5/6 7691/5/6
f 7678/5/6 7679/5/6 7691/5/6
f 7679/5/6 7680/5/6 7691/5/6
f 7681/1/6 7682/1/6 7692/1/6
f 7691/5/6 7681/5/6 7692/5/6
f 7682/4/6 7669/4/6 7693/4/6
f 7692/1/6 7682/1/6 7693/1/6
f 7669/5/6 7670/5/6 7694/5/6
f 7693/4/6 7669/4/6 7694/4/6
f 7694/5/6 7670/5/6 7695/5/6
f 7683/5/6 7684/5/6 7697/5/6
f 7697/5/6 7684/5/6 7698/5/6
f 7695/5/6 7696/5/6 7699/5/6
f 7699/5/6 7696/5/6 7700/5/6
f 7701/5/6 7702/5/6 7705/5/6
f 7705/5/6 7702/5/6 7706/5/6
f 7703/5/6 7704/5/6 7707/5/6
f 7707/5/6 7704/5/6 7708/5/6
f 7709/5/6 7710/5/6 7713/5/6
f 7713/5/6 7710/5/6 7714/5/6
f 7711/5/6 7712/5/6 7715/5/6
f 7715/5/6 7712/5/6 7716/5/6
f 7717/5/6 7718/5/6 7721/5/6
f 7721/5/6 7718/5/6 7722/5/6
f 7719/5/6 7720/5/6 7738/5/6
f 7738/5/6 7720/5/6 7739/5/6
f 7722/5/6 7723/5/6 7740/5/6
f 7723/4/6 7724/4/6 7741/4/6
f 7740/5/6 7723/5/6 7741/5/6
f 7724/5/6 7725/5/6 7742/5/6
f 7741/4/6 7724/4/6 7742/4/6
f 7742/5/6 7725/5/6 7743/5/6
f 7726/5/6 7727/5/6 7744/5/6
f 7727/2/6 7728/2/6 7745/2/6
f 7744/5/6 7727/5/6 7745/5/6
f 7728/2/6 7729/2/6 7745/2/6
f 7729/5/6 7730/5/6 7746/5/6
f 7745/2/6 7729/2/6 7746/2/6
f 7746/5/6 7730/5/6 7747/5/6
f 7731/5/6 7732/5/6 7748/5/6
f 7732/1/6 7733/1/6 7749/1/6
f 7748/5/6 7732/5/6 7749/5/6
f 7733/4/6 7734/4/6 7750/4/6
f 7749/1/6 7733/1/6 7750/1/6
f 7734/4/6 7735/4/6 7750/4/6
f 7735/5/6 7736/5/6 7751/5/6
f 7750/4/6 7735/4/6 7751/4/6
f 7736/4/6 7737/4/6 7752/4/6
f 7751/5/6 7736/5/6 7752/5/6
f 7737/5/6 7738/5/6 7753/5/6
f 7752/4/6 7737/4/6 7753/4/6
f 7753/5/6 7738/5/6 7754/5/6
f 7755/2/6 7756/2/6 7759/2/6
f 7759/2/6 7756/2/6 7760/2/6
f 7757/2/6 7758/2/6 7761/2/6
f 7761/2/6 7758/2/6 7762/2/6
f 7763/5/6 7764/5/6 7767/5/6
f 7767/5/6 7764/5/6 7768/5/6
f 7765/5/6 7766/5/6 7769/5/6
f 7769/5/6 7766/5/6 7770/5/6
f 7771/5/6 7772/5/6 7775/5/6
f 7775/5/6 7772/5/6 7776/5/6
f 7773/5/6 7774/5/6 7777/5/6
f 7777/5/6 7774/5/6 7778/5/6
f 7779/5/6 7780/5/6 7783/5/6
f 7783/5/6 7780/5/6 7784/5/6
f 7781/5/6 7782/5/6 7785/5/6
f 7785/5/6 7782/5/6 7786/5/6
f 7787/5/6 7788/5/6 7791/5/6
f 7791/5/6 7788/5/6 7792/5/6
f 7789/5/6 7790/5/6 7793/5/6
f 7793/5/6 7790/5/6 7794/5/6
f 7795/5/6 7796/5/6 7799/5/6
f 7799/5/6 7796/5/6 7800/5/6
f 7797/5/6 7798/5/6 7801/5/6
f 7801/5/6 7798/5/6 7802/5/6
f 7803/5/6 7804/5/6 7807/5/6
f 7807/5/6 7804/5/6 7808/5/6
f 7805/5/6 7806/5/6 7809/5/6
f 7809/5/6 7806/5/6 7810/5/6
f 7811/5/6 7812/5/6 7815/5/6
f 7815/5/6 7812/5/6 7816/5/6
f 7813/5/6 7814/5/6 7817/5/6
f 7817/5/6 7814/5/6 7818/5/6
f 7819/5/6 7820/5/6 7823/5/6
f 7823/5/6 7820/5/6 7824/5/6
f 7821/5/6 7822/5/6 7825/5/6
f 7825/5/6 7822/5/6 7826/5/6
f 7827/2/6 7828/2/6 7831/2/6
f 7831/2/6 7828/2/6 7832/2/6
f 7829/2/6 7830/2/6 7833/2/6
f 7833/2/6 7830/2/6 7834/2/6
f 7835/5/6 7836/5/6 7848/5/6
f 7836/4/6 7837/4/6 7849/4/6
f 7848/5/6 7836/5/6 7849/5/6
f 7849/4/6 7837/4/6 7850/4/6
f 7850/4/6 7837/4/6 7851/4/6
f 7838/4/6 7839/4/6 7852/4/6
f 7839/2/6 7840/2/6 7853/2/6
f 7852/4/6 7839/4/6 7853/4/6
f 7840/5/6 7841/5/6 7854/5/6
f 7853/2/6 7840/2/6 7854/2/6
f 7854/5/6 7841/5/6 7855/5/6
f 7842/5/6 7843/5/6 7856/5/6
f 7843/1/6 7844/1/6 7857/1/6
f 7856/5/6 7843/5/6 7857/5/6
f 7844/4/6 7845/4/6 7858/4/6
f 7857/1/6 7844/1/6 7858/1/6
f 7845/5/6 7846/5/6 7859/5/6
f 7858/4/6 7845/4/6 7859/4/6
f 7859/5/6 7846/5/6 7860/5/6
f 7847/5/6 7848/5/6 7862/5/6
f 7862/5/6 7848/5/6 7863/5/6
f 7860/5/6 7861/5/6 7864/5/6
f 7864/5/6 7861/5/6 7865/5/6
f 7866/5/6 7867/5/6 7870/5/6
f 7870/5/6 7867/5/6 7871/5/6
f 7868/5/6 7869/5/6 7872/5/6
f 7872/5/6 7869/5/6 7873/5/6
f 7874/5/6 7875/5/6 7878/5/6
f 7878/5/6 7875/5/6 7879/5/6
f 7876/5/6 7877/5/6 7880/5/6
f 7880/5/6 7877/5/6 7881/5/6
f 7878/4/6 7879/4/6 7882/4/6
f 7882/4/6 7879/4/6 7883/4/6
f 7880/4/6 7881/4/6 7884/4/6
f 7884/4/6 7881/4/6 7885/4/6
f 7882/5/6 7883/5/6 7886/5/6
f 7886/5/6 7883/5/6 7887/5/6
f 7884/5/6 7885/5/6 7888/5/6
f 7888/5/6 7885/5/6 7889/5/6
f 7890/5/6 7891/5/6 7894/5/6
f 7894/5/6 7891/5/6 7895/5/6
f 7892/5/6 7893/5/6 7896/5/6
f 7896/5/6 7893/5/6 7897/5/6
f 7898/5/6 7899/5/6 7902/5/6
f 7902/5/6 7899/5/6 7903/5/6
f 7900/5/6 7901/5/6 7911/5/6
f 7911/5/6 7901/5/6 7912/5/6
f 7903/5/6 7904/5/6 7913/5/6
f 7904/4/6 7905/4/6 7914/4/6
f 7913/5/6 7904/5/6 7914/5/6
f 7905/5/6 7906/5/6 7915/5/6
f 7914/4/6 7905/4/6 7915/4/6
f 7906/2/6 7907/2/6 7916/2/6
f 7915/5/6 7906/5/6 7916/5/6
f 7907/5/6 7908/5/6 7917/5/6
f 7916/2/6 7907/2/6 7917/2/6
f 7909/4/6 7910/4/6 7918/4/6
f 7917/5/6 7908/5/6 7918/5/6
f 7908/4/6 7909/4/6 7918/4/6
f 7910/5/6 7911/5/6 7919/5/6
f 7918/4/6 7910/4/6 7919/4/6
f 7919/5/6 7911/5/6 7920/5/6
f 7921/5/6 7922/5/6 7930/5/6
f 7922/4/6 7923/4/6 7931/4/6
f 7930/5/6 7922/5/6 7931/5/6
f 7931/4/6 7923/4/6 7932/4/6
f 7923/2/6 7924/2/6 7933/2/6
f 7932/4/6 7923/4/6 7933/4/6
f 7924/5/6 7925/5/6 7934/5/6
f 7933/2/6 7924/2/6 7934/2/6
f 7925/1/6 7926/1/6 7935/1/6
f 7934/5/6 7925/5/6 7935/5/6
f 7926/4/6 7927/4/6 7936/4/6
f 7935/1/6 7926/1/6 7936/1/6
f 7927/5/6 7928/5/6 7937/5/6
f 7936/4/6 7927/4/6 7937/4/6
f 7937/5/6 7928/5/6 7938/5/6
f 7929/5/6 7930/5/6 7940/5/6
f 7940/5/6 7930/5/6 7941/5/6
f 7938/5/6 7939/5/6 7942/5/6
f 7942/5/6 7939/5/6 7943/5/6
f 7944/5/6 7945/5/6 7948/5/6
f 7948/5/6 7945/5/6 7949/5/6
f 7946/5/6 7947/5/6 7950/5/6
f 7950/5/6 7947/5/6 7951/5/6
f 7952/5/6 7953/5/6 7956/5/6
f 7956/5/6 7953/5/6 7957/5/6
f 7954/5/6 7955/5/6 7958/5/6
f 7958/5/6 7955/5/6 7959/5/6
f 7956/4/6 7957/4/6 7960/4/6
f 7960/4/6 7957/4/6 7961/4/6
f 7958/4/6 7959/4/6 7962/4/6
f 7962/4/6 7959/4/6 7963/4/6
f 7960/5/6 7961/5/6 7964/5/6
f 7964/5/6 7961/5/6 7965/5/6
f 7962/5/6 7963/5/6 7966/5/6
f 7966/5/6 7963/5/6 7967/5/6
f 7968/5/6 7969/5/6 7972/5/6
f 7972/5/6 7969/5/6 7973/5/6
f 7970/5/6 7971/5/6 7974/5/6
f 7974/5/6 7971/5/6 7975/5/6
f 7976/5/6 7977/5/6 7980/5/6
f 7980/5/6 7977/5/6 7981/5/6
f 7978/5/6 7979/5/6 7993/5/6
f 7993/5/6 7979/5/6 7994/5/6
f 7981/5/6 7982/5/6 7995/5/6
f 7982/4/6 7983/4/6 7996/4/6
f 7995/5/6 7982/5/6 7996/5/6
f 7983/5/6 7984/5/6 7997/5/6
f 7996/4/6 7983/4/6 7997/4/6
f 7997/5/6 7984/5/6 7998/5/6
f 7985/5/6 7986/5/6 7999/5/6
f 7986/2/6 7987/2/6 8000/2/6
f 7999/5/6 7986/5/6 8000/5/6
f 7987/5/6 7988/5/6 8001/5/6
f 8000/2/6 7987/2/6 8001/2/6
f 8001/5/6 7988/5/6 8002/5/6
f 7989/5/6 7990/5/6 8003/5/6
f 7991/4/6 7992/4/6 8004/4/6
f 7990/4/6 7991/4/6 8004/4/6
f 8003/5/6 7990/5/6 8004/5/6
f 7992/5/6 7993/5/6 8005/5/6
f 8004/4/6 7992/4/6 8005/4/6
f 8005/5/6 7993/5/6 8006/5/6
f 7998/2/6 7999/2/6 8007/2/6
f 8007/2/6 7999/2/6 8008/2/6
f 8002/2/6 8003/2/6 8009/2/6
f 8009/2/6 8003/2/6 8010/2/6
f 8011/2/6 8012/2/6 8015/2/6
f 8015/2/6 8012/2/6 8016/2/6
f 8013/2/6 8014/2/6 8017/2/6
f 8017/2/6 8014/2/6 8018/2/6
f 8019/5/6 8020/5/6 8033/5/6
f 8020/4/6 8021/4/6 8034/4/6
f 8033/5/6 8020/5/6 8034/5/6
f 8021/3/6 8022/3/6 8035/3/6
f 8034/4/6 8021/4/6 8035/4/6
f 8035/3/6 8022/3/6 8036/3/6
f 8023/3/6 8024/3/6 8037/3/6
f 8024/2/6 8025/2/6 8038/2/6
f 8037/3/6 8024/3/6 8038/3/6
f 8025/5/6 8026/5/6 8039/5/6
f 8038/2/6 8025/2/6 8039/2/6
f 8039/5/6 8026/5/6 8040/5/6
f 8027/5/6 8028/5/6 8041/5/6
f 8028/1/6 8029/1/6 8042/1/6
f 8041/5/6 8028/5/6 8042/5/6
f 8029/4/6 8030/4/6 8043/4/6
f 8042/1/6 8029/1/6 8043/1/6
f 8030/5/6 8031/5/6 8044/5/6
f 8043/4/6 8030/4/6 8044/4/6
f 8044/5/6 8031/5/6 8045/5/6
f 8032/5/6 8033/5/6 8047/5/6
f 8047/5/6 8033/5/6 8048/5/6
f 8045/5/6 8046/5/6 8049/5/6
f 8049/5/6 8046/5/6 8050/5/6
f 8051/5/6 8052/5/6 8055/5/6
f 8055/5/6 8052/5/6 8056/5/6
f 8053/5/6 8054/5/6 8057/5/6
f 8057/5/6 8054/5/6 8058/5/6
f 8059/5/6 8060/5/6 8063/5/6
f 8063/5/6 8060/5/6 8064/5/6
f 8061/5/6 8062/5/6 8065/5/6
f 8065/5/6 8062/5/6 8066/5/6
f 8067/5/6 8068/5/6 8071/5/6
f 8071/5/6 8068/5/6 8072/5/6
f 8069/5/6 8070/5/6 8073/5/6
f 8073/5/6 8070/5/6 8074/5/6
f 8075/5/6 8076/5/6 8079/5/6
f 8079/5/6 8076/5/6 8080/5/6
f 8077/5/6 8078/5/6 8081/5/6
f 8081/5/6 8078/5/6 8082/5/6
f 8083/5/6 8084/5/6 8087/5/6
f 8087/5/6 8084/5/6 8088/5/6
f 8085/5/6 8086/5/6 8089/5/6
f 8089/5/6 8086/5/6 8090/5/6
f 8091/5/6 8092/5/6 8095/5/6
f 8095/5/6 8092/5/6 8096/5/6
f 8093/5/6 8094/5/6 8097/5/6
f 8097/5/6 8094/5/6 8098/5/6
f 8099/5/6 8100/5/6 8103/5/6
f 8103/5/6 8100/5/6 8104/5/6
f 8101/5/6 8102/5/6 8117/5/6
f 8117/5/6 8102/5/6 8118/5/6
f 8104/5/6 8105/5/6 8119/5/6
f 8105/4/6 8106/4/6 8120/4/6
f 8119/5/6 8105/5/6 8120/5/6
f 8106/5/6 8107/5/6 8121/5/6
f 8120/4/6 8106/4/6 8121/4/6
f 8121/5/6 8107/5/6 8122/5/6
f 8108/5/6 8109/5/6 8123/5/6
f 8109/2/6 8110/2/6 8124/2/6
f 8123/5/6 8109/5/6 8124/5/6
f 8110/5/6 8111/5/6 8125/5/6
f 8124/2/6 8110/2/6 8125/2/6
f 8125/5/6 8111/5/6 8126/5/6
f 8112/5/6 8113/5/6 8127/5/6
f 8113/1/6 8114/1/6 8128/1/6
f 8127/5/6 8113/5/6 8128/5/6
f 8114/1/6 8115/1/6 8128/1/6
f 8115/4/6 8116/4/6 8129/4/6
f 8128/1/6 8115/1/6 8129/1/6
f 8116/5/6 8117/5/6 8130/5/6
f 8129/4/6 8116/4/6 8130/4/6
f 8130/5/6 8117/5/6 8131/5/6
f 8132/2/6 8133/2/6 8136/2/6
f 8136/2/6 8133/2/6 8137/2/6
f 8134/2/6 8135/2/6 8138/2/6
f 8138/2/6 8135/2/6 8139/2/6
f 8140/5/6 8141/5/6 8153/5/6
f 8141/4/6 8142/4/6 8154/4/6
f 8153/5/6 8141/5/6 8154/5/6
f 8154/4/6 8142/4/6 8155/4/6
f 8155/4/6 8142/4/6 8156/4/6
f 8143/4/6 8144/4/6 8157/4/6
f 8157/4/6 8144/4/6 8158/4/6
f 8144/2/6 8145/2/6 8159/2/6
f 8158/4/6 8144/4/6 8159/4/6
f 8145/5/6 8146/5/6 8160/5/6
f 8159/2/6 8145/2/6 8160/2/6
f 8160/5/6 8146/5/6 8161/5/6
f 8147/5/6 8148/5/6 8162/5/6
f 8148/1/6 8149/1/6 8163/1/6
f 8162/5/6 8148/5/6 8163/5/6
f 8149/4/6 8150/4/6 8164/4/6
f 8163/1/6 8149/1/6 8164/1/6
f 8150/5/6 8151/5/6 8165/5/6
f 8164/4/6 8150/4/6 8165/4/6
f 8165/5/6 8151/5/6 8166/5/6
f 8152/5/6 8153/5/6 8168/5/6
f 8168/5/6 8153/5/6 8169/5/6
f 8166/5/6 8167/5/6 8170/5/6
f 8170/5/6 8167/5/6 8171/5/6
f 8172/5/6 8173/5/6 8176/5/6
f 8176/5/6 8173/5/6 8177/5/6
f 8174/5/6 8175/5/6 8178/5/6
f 8178/5/6 8175/5/6 8179/5/6
f 8176/4/6 8177/4/6 8180/4/6
f 8180/4/6 8177/4/6 8181/4/6
f 8178/4/6 8179/4/6 8182/4/6
f 8182/4/6 8179/4/6 8183/4/6
f 8180/5/6 8181/5/6 8184/5/6
f 8184/5/6 8181/5/6 8185/5/6
f 8182/5/6 8183/5/6 8186/5/6
f 8186/5/6 8183/5/6 8187/5/6
f 8188/5/6 8189/5/6 8192/5/6
f 8192/5/6 8189/5/6 8193/5/6
f 8190/5/6 8191/5/6 8194/5/6
f 8194/5/6 8191/5/6 8195/5/6
f 8196/5/6 8197/5/6 8200/5/6
f 8200/5/6 8197/5/6 8201/5/6
f 8198/5/6 8199/5/6 8202/5/6
f 8202/5/6 8199/5/6 8203/5/6
f 8204/5/6 8205/5/6 8208/5/6
f 8208/5/6 8205/5/6 8209/5/6
f 8206/5/6 8207/5/6 8210/5/6
f 8210/5/6 8207/5/6 8211/5/6
f 8208/4/6 8209/4/6 8212/4/6
f 8212/4/6 8209/4/6 8213/4/6
f 8210/4/6 8211/4/6 8214/4/6
f 8214/4/6 8211/4/6 8215/4/6
f 8212/5/6 8213/5/6 8216/5/6
f 8216/5/6 8213/5/6 8217/5/6
f 8214/5/6 8215/5/6 8218/5/6
f 8218/5/6 8215/5/6 8219/5/6
f 8220/5/6 8221/5/6 8224/5/6
f 8224/5/6 8221/5/6 8225/5/6
f 8222/5/6 8223/5/6 8237/5/6
f 8237/5/6 8223/5/6 8238/5/6
f 8225/5/6 8226/5/6 8239/5/6
f 8226/4/6 8227/4/6 8240/4/6
f 8239/5/6 8226/5/6 8240/5/6
f 8227/5/6 8228/5/6 8241/5/6
f 8240/4/6 8227/4/6 8241/4/6
f 8241/5/6 8228/5/6 8242/5/6
f 8229/5/6 8230/5/6 8243/5/6
f 8230/2/6 8231/2/6 8244/2/6
f 8243/5/6 8230/5/6 8244/5/6
f 8231/5/6 8232/5/6 8245/5/6
f 8244/2/6 8231/2/6 8245/2/6
f 8245/5/6 8232/5/6 8246/5/6
f 8233/5/6 8234/5/6 8247/5/6
f 8234/1/6 8235/1/6 8248/1/6
f 8247/5/6 8234/5/6 8248/5/6
f 8235/4/6 8236/4/6 8249/4/6
f 8248/1/6 8235/1/6 8249/1/6
f 8236/5/6 8237/5/6 8250/5/6
f 8249/4/6 8236/4/6 8250/4/6
f 8250/5/6 8237/5/6 8251/5/6
f 8252/2/6 8253/2/6 8256/2/6
f 8256/2/6 8253/2/6 8257/2/6
f 8254/2/6 8255/2/6 8258/2/6
f 8258/2/6 8255/2/6 8259/2/6
f 8260/2/6 8261/2/6 8264/2/6
f 8264/2/6 8261/2/6 8265/2/6
f 8262/2/6 8263/2/6 8266/2/6
f 8266/2/6 8263/2/6 8267/2/6
f 8268/5/6 8269/5/6 8283/5/6
f 8269/4/6 8270/4/6 8284/4/6
f 8283/5/6 8269/5/6 8284/5/6
f 8270/1/6 8271/1/6 8285/1/6
f 8284/4/6 8270/4/6 8285/4/6
f 8285/1/6 8271/1/6 8286/1/6
f 8286/1/6 8271/1/6 8287/1/6
f 8272/1/6 8273/1/6 8288/1/6
f 8273/4/6 8274/4/6 8289/4/6
f 8288/1/6 8273/1/6 8289/1/6
f 8274/2/6 8275/2/6 8290/2/6
f 8289/4/6 8274/4/6 8290/4/6
f 8275/5/6 8276/5/6 8291/5/6
f 8290/2/6 8275/2/6 8291/2/6
f 8291/5/6 8276/5/6 8292/5/6
f 8277/5/6 8278/5/6 8293/5/6
f 8278/1/6 8279/1/6 8294/1/6
f 8293/5/6 8278/5/6 8294/5/6
f 8279/4/6 8280/4/6 8295/4/6
f 8294/1/6 8279/1/6 8295/1/6
f 8280/5/6 8281/5/6 8296/5/6
f 8295/4/6 8280/4/6 8296/4/6
f 8296/5/6 8281/5/6 8297/5/6
f 8282/5/6 8283/5/6 8299/5/6
f 8299/5/6 8283/5/6 8300/5/6
f 8297/5/6 8298/5/6 8301/5/6
f 8301/5/6 8298/5/6 8302/5/6
f 8303/5/6 8304/5/6 8307/5/6
f 8307/5/6 8304/5/6 8308/5/6
f 8305/5/6 8306/5/6 8309/5/6
f 8309/5/6 8306/5/6 8310/5/6
f 8311/5/6 8312/5/6 8315/5/6
f 8315/5/6 8312/5/6 8316/5/6
f 8313/5/6 8314/5/6 8317/5/6
f 8317/5/6 8314/5/6 8318/5/6
f 8319/5/6 8320/5/6 8323/5/6
f 8323/5/6 8320/5/6 8324/5/6
f 8321/5/6 8322/5/6 8336/5/6
f 8336/5/6 8322/5/6 8337/5/6
f 8324/5/6 8325/5/6 8338/5/6
f 8325/4/6 8326/4/6 8339/4/6
f 8338/5/6 8325/5/6 8339/5/6
f 8326/5/6 8327/5/6 8340/5/6
f 8339/4/6 8326/4/6 8340/4/6
f 8340/5/6 8327/5/6 8341/5/6
f 8328/5/6 8329/5/6 8342/5/6
f 8329/2/6 8330/2/6 8343/2/6
f 8342/5/6 8329/5/6 8343/5/6
f 8330/5/6 8331/5/6 8344/5/6
f 8343/2/6 8330/2/6 8344/2/6
f 8344/5/6 8331/5/6 8345/5/6
f 8332/5/6 8333/5/6 8346/5/6
f 8333/1/6 8334/1/6 8347/1/6
f 8346/5/6 8333/5/6 8347/5/6
f 8334/4/6 8335/4/6 8348/4/6
f 8347/1/6 8334/1/6 8348/1/6
f 8335/5/6 8336/5/6 8349/5/6
f 8348/4/6 8335/4/6 8349/4/6
f 8349/5/6 8336/5/6 8350/5/6
f 8351/2/6 8352/2/6 8355/2/6
f 8355/2/6 8352/2/6 8356/2/6
f 8353/2/6 8354/2/6 8357/2/6
f 8357/2/6 8354/2/6 8358/2/6
f 8359/5/6 8360/5/6 8375/5/6
f 8360/4/6 8361/4/6 8376/4/6
f 8375/5/6 8360/5/6 8376/5/6
f 8361/1/6 8362/1/6 8377/1/6
f 8376/4/6 8361/4/6 8377/4/6
f 8362/5/6 8363/5/6 8378/5/6
f 8377/1/6 8362/1/6 8378/1/6
f 8363/5/6 8364/5/6 8378/5/6
f 8364/1/6 8365/1/6 8379/1/6
f 8378/5/6 8364/5/6 8379/5/6
f 8365/4/6 8366/4/6 8380/4/6
f 8379/1/6 8365/1/6 8380/1/6
f 8366/2/6 8367/2/6 8381/2/6
f 8380/4/6 8366/4/6 8381/4/6
f 8367/5/6 8368/5/6 8382/5/6
f 8381/2/6 8367/2/6 8382/2/6
f 8368/5/6 8369/5/6 8382/5/6
f 8369/5/6 8370/5/6 8382/5/6
f 8382/5/6 8370/5/6 8383/5/6
f 8370/1/6 8371/1/6 8384/1/6
f 8383/5/6 8370/5/6 8384/5/6
f 8371/4/6 8372/4/6 8385/4/6
f 8384/1/6 8371/1/6 8385/1/6
f 8372/5/6 8373/5/6 8386/5/6
f 8385/4/6 8372/4/6 8386/4/6
f 8386/5/6 8373/5/6 8387/5/6
f 8374/5/6 8375/5/6 8389/5/6
f 8389/5/6 8375/5/6 8390/5/6
f 8387/5/6 8388/5/6 8391/5/6
f 8391/5/6 8388/5/6 8392/5/6
f 8389/4/6 8390/4/6 8393/4/6
f 8393/4/6 8390/4/6 8394/4/6
f 8391/4/6 8392/4/6 8395/4/6
f 8395/4/6 8392/4/6 8396/4/6
f 8393/5/6 8394/5/6 8397/5/6
f 8397/5/6 8394/5/6 8398/5/6
f 8395/5/6 8396/5/6 8399/5/6
f 8399/5/6 8396/5/6 8400/5/6
f 8401/5/6 8402/5/6 8405/5/6
f 8405/5/6 8402/5/6 8406/5/6
f 8403/5/6 8404/5/6 8407/5/6
f 8407/5/6 8404/5/6 8408/5/6
f 8405/4/6 8406/4/6 8409/4/6
f 8409/4/6 8406/4/6 8410/4/6
f 8407/4/6 8408/4/6 8411/4/6
f 8411/4/6 8408/4/6 8412/4/6
f 8409/5/6 8410/5/6 8413/5/6
f 8413/5/6 8410/5/6 8414/5/6
f 8411/5/6 8412/5/6 8423/5/6
f 8423/5/6 8412/5/6 8424/5/6
f 8416/5/6 8417/5/6 8425/5/6
f 8425/5/6 8417/5/6 8426/5/6
f 8418/5/6 8419/5/6 8427/5/6
f 8427/5/6 8419/5/6 8428/5/6
f 8419/1/6 8420/1/6 8429/1/6
f 8428/5/6 8419/5/6 8429/5/6
f 8420/1/6 8421/1/6 8429/1/6
f 8429/1/6 8421/1/6 8430/1/6
f 8414/5/6 8415/5/6 8431/5/6
f 8415/4/6 8416/4/6 8432/4/6
f 8431/5/6 8415/5/6 8432/5/6
f 8416/5/6 8425/5/6 8433/5/6
f 8432/4/6 8416/4/6 8433/4/6
f 8433/5/6 8425/5/6 8434/5/6
f 8426/5/6 8417/5/6 8435/5/6
f 8417/2/6 8418/2/6 8436/2/6
f 8435/5/6 8417/5/6 8436/5/6
f 8418/5/6 8427/5/6 8437/5/6
f 8436/2/6 8418/2/6 8437/2/6
f 8437/5/6 8427/5/6 8438/5/6
f 8429/5/6 8430/5/6 8439/5/6
f 8428/5/6 8429/5/6 8439/5/6
f 8430/1/6 8421/1/6 8440/1/6
f 8439/5/6 8430/5/6 8440/5/6
f 8421/4/6 8422/4/6 8441/4/6
f 8440/1/6 8421/1/6 8441/1/6
f 8422/5/6 8423/5/6 8442/5/6
f 8441/4/6 8422/4/6 8442/4/6
f 8442/5/6 8423/5/6 8443/5/6
f 8444/2/6 8445/2/6 8448/2/6
f 8448/2/6 8445/2/6 8449/2/6
f 8446/2/6 8447/2/6 8450/2/6
f 8450/2/6 8447/2/6 8451/2/6
f 8452/2/6 8453/2/6 8456/2/6
f 8456/2/6 8453/2/6 8457/2/6
f 8454/2/6 8455/2/6 8458/2/6
f 8458/2/6 8455/2/6 8459/2/6
f 8463/5/6 8464/5/6 8472/5/6
f 8464/1/6 8465/1/6 8473/1/6
f 8472/5/6 8464/5/6 8473/5/6
f 8463/5/6 8472/5/6 8474/5/6
f 8472/1/6 8473/1/6 8475/1/6
f 8474/5/6 8472/5/6 8475/5/6
f 8460/5/6 8461/5/6 8476/5/6
f 8461/4/6 8462/4/6 8477/4/6
f 8476/5/6 8461/5/6 8477/5/6
f 8462/1/6 8463/1/6 8478/1/6
f 8477/4/6 8462/4/6 8478/4/6
f 8463/5/6 8474/5/6 8479/5/6
f 8478/1/6 8463/1/6 8479/1/6
f 8474/1/6 8475/1/6 8480/1/6
f 8479/5/6 8474/5/6 8480/5/6
f 8475/1/6 8473/1/6 8481/1/6
f 8480/1/6 8475/1/6 8481/1/6
f 8473/1/6 8465/1/6 8481/1/6
f 8465/4/6 8466/4/6 8481/4/6
f 8470/5/6 8471/5/6 8482/5/6
f 8469/4/6 8470/4/6 8482/4/6
f 8482/5/6 8471/5/6 8483/5/6
f 8479/4/6 8480/4/6 8484/4/6
f 8476/4/6 8477/4/6 8484/4/6
f 8478/4/6 8479/4/6 8484/4/6
f 8477/4/6 8478/4/6 8484/4/6
f 8480/4/6 8481/4/6 8484/4/6
f 8484/4/6 8481/4/6 8485/4/6
f 8485/4/6 8481/4/6 8486/4/6
f 8466/2/6 8467/2/6 8487/2/6
f 8486/4/6 8481/4/6 8487/4/6
f 8481/4/6 8466/4/6 8487/4/6
f 8482/4/6 8483/4/6 8488/4/6
f 8469/4/6 8482/4/6 8488/4/6
f 8488/4/6 8483/4/6 8489/4/6
f 8484/5/6 8485/5/6 8490/5/6
f 8485/4/6 8486/4/6 8491/4/6
f 8490/5/6 8485/5/6 8491/5/6
f 8486/5/6 8487/5/6 8492/5/6
f 8491/4/6 8486/4/6 8492/4/6
f 8487/2/6 8467/2/6 8493/2/6
f 8492/5/6 8487/5/6 8493/5/6
f 8467/5/6 8468/5/6 8494/5/6
f 8493/2/6 8467/2/6 8494/2/6
f 8468/1/6 8469/1/6 8495/1/6
f 8494/5/6 8468/5/6 8495/5/6
f 8469/4/6 8488/4/6 8496/4/6
f 8495/1/6 8469/1/6 8496/1/6
f 8496/4/6 8488/4/6 8497/4/6
f 8488/5/6 8489/5/6 8498/5/6
f 8497/4/6 8488/4/6 8498/4/6
f 8498/5/6 8489/5/6 8499/5/6
f 8503/5/6 8504/5/6 8513/5/6
f 8504/1/6 8505/1/6 8514/1/6
f 8513/5/6 8504/5/6 8514/5/6
f 8500/5/6 8501/5/6 8515/5/6
f 8501/4/6 8502/4/6 8516/4/6
f 8515/5/6 8501/5/6 8516/5/6
f 8502/1/6 8503/1/6 8517/1/6
f 8516/4/6 8502/4/6 8517/4/6
f 8503/5/6 8513/5/6 8518/5/6
f 8517/1/6 8503/1/6 8518/1/6
f 8513/1/6 8514/1/6 8519/1/6
f 8518/5/6 8513/5/6 8519/5/6
f 8514/1/6 8505/1/6 8520/1/6
f 8519/1/6 8514/1/6 8520/1/6
f 8505/4/6 8506/4/6 8520/4/6
f 8511/5/6 8512/5/6 8521/5/6
f 8510/4/6 8511/4/6 8521/4/6
f 8521/5/6 8512/5/6 8522/5/6
f 8518/4/6 8519/4/6 8523/4/6
f 8515/4/6 8516/4/6 8523/4/6
f 8516/4/6 8517/4/6 8523/4/6
f 8517/4/6 8518/4/6 8523/4/6
f 8519/4/6 8520/4/6 8523/4/6
f 8523/4/6 8520/4/6 8524/4/6
f 8524/4/6 8520/4/6 8525/4/6
f 8520/4/6 8506/4/6 8526/4/6
f 8525/4/6 8520/4/6 8526/4/6
f 8506/2/6 8507/2/6 8526/2/6
f 8521/4/6 8522/4/6 8527/4/6
f 8510/4/6 8521/4/6 8527/4/6
f 8527/4/6 8522/4/6 8528/4/6
f 8524/4/6 8525/4/6 8529/4/6
f 8525/5/6 8526/5/6 8530/5/6
f 8529/4/6 8525/4/6 8530/4/6
f 8507/5/6 8508/5/6 8531/5/6
f 8508/5/6 8509/5/6 8531/5/6
f 8509/1/6 8510/1/6 8532/1/6
f 8531/5/6 8509/5/6 8532/5/6
f 8510/4/6 8527/4/6 8533/4/6
f 8532/1/6 8510/1/6 8533/1/6
f 8523/5/6 8524/5/6 8534/5/6
f 8524/4/6 8529/4/6 8535/4/6
f 8534/5/6 8524/5/6 8535/5/6
f 8529/5/6 8530/5/6 8536/5/6
f 8535/4/6 8529/4/6 8536/4/6
f 8530/5/6 8526/5/6 8537/5/6
f 8536/5/6 8530/5/6 8537/5/6
f 8537/5/6 8526/5/6 8538/5/6
f 8526/2/6 8507/2/6 8539/2/6
f 8538/5/6 8526/5/6 8539/5/6
f 8507/5/6 8531/5/6 8540/5/6
f 8539/2/6 8507/2/6 8540/2/6
f 8540/5/6 8531/5/6 8541/5/6
f 8541/5/6 8531/5/6 8542/5/6
f 8531/1/6 8532/1/6 8543/1/6
f 8542/5/6 8531/5/6 8543/5/6
f 8532/4/6 8533/4/6 8544/4/6
f 8543/1/6 8532/1/6 8544/1/6
f 8533/4/6 8527/4/6 8545/4/6
f 8544/4/6 8533/4/6 8545/4/6
f 8527/5/6 8528/5/6 8545/5/6
f 8545/5/6 8528/5/6 8546/5/6
f 8547/2/6 8548/2/6 8551/2/6
f 8551/2/6 8548/2/6 8552/2/6
f 8549/2/6 8550/2/6 8553/2/6
f 8553/2/6 8550/2/6 8554/2/6
f 8555/2/6 8556/2/6 8559/2/6
f 8559/2/6 8556/2/6 8560/2/6
f 8557/2/6 8558/2/6 8561/2/6
f 8561/2/6 8558/2/6 8562/2/6
f 8563/2/6 8564/2/6 8567/2/6
f 8567/2/6 8564/2/6 8568/2/6
f 8565/2/6 8566/2/6 8569/2/6
f 8569/2/6 8566/2/6 8570/2/6
f 8571/2/6 8572/2/6 8575/2/6
f 8575/2/6 8572/2/6 8576/2/6
f 8573/2/6 8574/2/6 8577/2/6
f 8577/2/6 8574/2/6 8578/2/6
f 8579/2/6 8580/2/6 8583/2/6
f 8583/2/6 8580/2/6 8584/2/6
f 8581/2/6 8582/2/6 8585/2/6
f 8585/2/6 8582/2/6 8586/2/6
f 8587/6/6 8588/6/6 8591/6/6
f 8591/6/6 8588/6/6 8592/6/6
f 8589/6/6 8590/6/6 8593/6/6
f 8593/6/6 8590/6/6 8594/6/6
f 8595/2/6 8596/2/6 8599/2/6
f 8599/2/6 8596/2/6 8600/2/6
f 8597/2/6 8598/2/6 8601/2/6
f 8601/2/6 8598/2/6 8602/2/6
f 8603/6/6 8604/6/6 8607/6/6
f 8607/6/6 8604/6/6 8608/6/6
f 8605/6/6 8606/6/6 8609/6/6
f 8609/6/6 8606/6/6 8610/6/6
f 8611/2/6 8612/2/6 8615/2/6
f 8615/2/6 8612/2/6 8616/2/6
f 8613/2/6 8614/2/6 8617/2/6
f 8617/2/6 8614/2/6 8618/2/6
f 8619/5/6 8620/5/6 8623/5/6
f 8623/5/6 8620/5/6 8624/5/6
f 8621/5/6 8622/5/6 8625/5/6
f 8625/5/6 8622/5/6 8626/5/6
f 8627/5/6 8628/5/6 8631/5/6
f 8631/5/6 8628/5/6 8632/5/6
f 8629/5/6 8630/5/6 8633/5/6
f 8633/5/6 8630/5/6 8634/5/6
f 8635/5/6 8636/5/6 8639/5/6
f 8639/5/6 8636/5/6 8640/5/6
f 8637/5/6 8638/5/6 8641/5/6
f 8641/5/6 8638/5/6 8642/5/6
f 8643/5/6 8644/5/6 8647/5/6
f 8647/5/6 8644/5/6 8648/5/6
f 8645/5/6 8646/5/6 8649/5/6
f 8649/5/6 8646/5/6 8650/5/6
f 8651/5/6 8652/5/6 8667/5/6
f 8652/4/6 8653/4/6 8668/4/6
f 8667/5/6 8652/5/6 8668/5/6
f 8653/1/6 8654/1/6 8669/1/6
f 8668/4/6 8653/4/6 8669/4/6
f 8654/5/6 8655/5/6 8670/5/6
f 8669/1/6 8654/1/6 8670/1/6
f 8670/5/6 8655/5/6 8671/5/6
f 8656/1/6 8657/1/6 8672/1/6
f 8657/4/6 8658/4/6 8673/4/6
f 8672/1/6 8657/1/6 8673/1/6
f 8658/2/6 8659/2/6 8674/2/6
f 8673/4/6 8658/4/6 8674/4/6
f 8659/5/6 8660/5/6 8675/5/6
f 8674/2/6 8659/2/6 8675/2/6
f 8675/5/6 8660/5/6 8676/5/6
f 8661/5/6 8662/5/6 8677/5/6
f 8662/1/6 8663/1/6 8678/1/6
f 8677/5/6 8662/5/6 8678/5/6
f 8663/4/6 8664/4/6 8679/4/6
f 8678/1/6 8663/1/6 8679/1/6
f 8664/5/6 8665/5/6 8680/5/6
f 8679/4/6 8664/4/6 8680/4/6
f 8680/5/6 8665/5/6 8681/5/6
f 8666/5/6 8667/5/6 8683/5/6
f 8683/5/6 8667/5/6 8684/5/6
f 8681/5/6 8682/5/6 8685/5/6
f 8685/5/6 8682/5/6 8686/5/6
f 8687/5/6 8688/5/6 8691/5/6
f 8691/5/6 8688/5/6 8692/5/6
f 8689/5/6 8690/5/6 8693/5/6
f 8693/5/6 8690/5/6 8694/5/6
f 8695/5/6 8696/5/6 8699/5/6
f 8699/5/6 8696/5/6 8700/5/6
f 8697/5/6 8698/5/6 8701/5/6
f 8701/5/6 8698/5/6 8702/5/6
f 8703/5/6 8704/5/6 8707/5/6
f 8707/5/6 8704/5/6 8708/5/6
f 8705/5/6 8706/5/6 8724/5/6
f 8724/5/6 8706/5/6 8725/5/6
f 8708/5/6 8709/5/6 8726/5/6
f 8709/4/6 8710/4/6 8727/4/6
f 8726/5/6 8709/5/6 8727/5/6
f 8710/5/6 8711/5/6 8728/5/6
f 8727/4/6 8710/4/6 8728/4/6
f 8728/5/6 8711/5/6 8729/5/6
f 8712/5/6 8713/5/6 8730/5/6
f 8713/2/6 8714/2/6 8731/2/6
f 8730/5/6 8713/5/6 8731/5/6
f 8714/2/6 8715/2/6 8731/2/6
f 8715/5/6 8716/5/6 8732/5/6
f 8731/2/6 8715/2/6 8732/2/6
f 8732/5/6 8716/5/6 8733/5/6
f 8717/5/6 8718/5/6 8734/5/6
f 8718/1/6 8719/1/6 8735/1/6
f 8734/5/6 8718/5/6 8735/5/6
f 8719/4/6 8720/4/6 8736/4/6
f 8735/1/6 8719/1/6 8736/1/6
f 8720/4/6 8721/4/6 8736/4/6
f 8721/5/6 8722/5/6 8737/5/6
f 8736/4/6 8721/4/6 8737/4/6
f 8722/4/6 8723/4/6 8738/4/6
f 8737/5/6 8722/5/6 8738/5/6
f 8723/5/6 8724/5/6 8739/5/6
f 8738/4/6 8723/4/6 8739/4/6
f 8739/5/6 8724/5/6 8740/5/6
f 8741/2/6 8742/2/6 8745/2/6
f 8745/2/6 8742/2/6 8746/2/6
f 8743/2/6 8744/2/6 8747/2/6
f 8747/2/6 8744/2/6 8748/2/6
f 8749/5/6 8750/5/6 8753/5/6
f 8753/5/6 8750/5/6 8754/5/6
f 8751/5/6 8752/5/6 8755/5/6
f 8755/5/6 8752/5/6 8756/5/6
f 8757/5/6 8758/5/6 8761/5/6
f 8761/5/6 8758/5/6 8762/5/6
f 8759/5/6 8760/5/6 8763/5/6
f 8763/5/6 8760/5/6 8764/5/6
f 8765/5/6 8766/5/6 8769/5/6
f 8769/5/6 8766/5/6 8770/5/6
f 8767/5/6 8768/5/6 8771/5/6
f 8771/5/6 8768/5/6 8772/5/6
f 8773/5/6 8774/5/6 8777/5/6
f 8777/5/6 8774/5/6 8778/5/6
f 8775/5/6 8776/5/6 8779/5/6
f 8779/5/6 8776/5/6 8780/5/6
f 8781/2/6 8782/2/6 8785/2/6
f 8785/2/6 8782/2/6 8786/2/6
f 8783/2/6 8784/2/6 8787/2/6
f 8787/2/6 8784/2/6 8788/2/6
f 8789/2/6 8790/2/6 8793/2/6
f 8793/2/6 8790/2/6 8794/2/6
f 8791/2/6 8792/2/6 8795/2/6
f 8795/2/6 8792/2/6 8796/2/6
f 8797/5/6 8798/5/6 8810/5/6
f 8798/4/6 8799/4/6 8811/4/6
f 8810/5/6 8798/5/6 8811/5/6
f 8811/4/6 8799/4/6 8812/4/6
f 8812/4/6 8799/4/6 8813/4/6
f 8800/4/6 8801/4/6 8814/4/6
f 8801/2/6 8802/2/6 8815/2/6
f 8814/4/6 8801/4/6 8815/4/6
f 8802/5/6 8803/5/6 8816/5/6
f 8815/2/6 8802/2/6 8816/2/6
f 8816/5/6 8803/5/6 8817/5/6
f 8804/5/6 8805/5/6 8818/5/6
f 8805/1/6 8806/1/6 8819/1/6
f 8818/5/6 8805/5/6 8819/5/6
f 8806/4/6 8807/4/6 8820/4/6
f 8819/1/6 8806/1/6 8820/1/6
f 8807/5/6 8808/5/6 8821/5/6
f 8820/4/6 8807/4/6 8821/4/6
f 8821/5/6 8808/5/6 8822/5/6
f 8809/5/6 8810/5/6 8824/5/6
f 8824/5/6 8810/5/6 8825/5/6
f 8822/5/6 8823/5/6 8826/5/6
f 8826/5/6 8823/5/6 8827/5/6
f 8828/5/6 8829/5/6 8832/5/6
f 8832/5/6 8829/5/6 8833/5/6
f 8830/5/6 8831/5/6 8834/5/6
f 8834/5/6 8831/5/6 8835/5/6
f 8836/5/6 8837/5/6 8840/5/6
f 8840/5/6 8837/5/6 8841/5/6
f 8838/5/6 8839/5/6 8842/5/6
f 8842/5/6 8839/5/6 8843/5/6
f 8840/4/6 8841/4/6 8844/4/6
f 8844/4/6 8841/4/6 8845/4/6
f 8842/4/6 8843/4/6 8846/4/6
f 8846/4/6 8843/4/6 8847/4/6
f 8844/5/6 8845/5/6 8848/5/6
f 8848/5/6 8845/5/6 8849/5/6
f 8846/5/6 8847/5/6 8850/5/6
f 8850/5/6 8847/5/6 8851/5/6
f 8852/5/6 8853/5/6 8856/5/6
f 8856/5/6 8853/5/6 8857/5/6
f 8854/5/6 8855/5/6 8858/5/6
f 8858/5/6 8855/5/6 8859/5/6
f 8860/5/6 8861/5/6 8864/5/6
f 8864/5/6 8861/5/6 8865/5/6
f 8862/5/6 8863/5/6 8877/5/6
f 8877/5/6 8863/5/6 8878/5/6
f 8865/5/6 8866/5/6 8879/5/6
f 8866/4/6 8867/4/6 8880/4/6
f 8879/5/6 8866/5/6 8880/5/6
f 8867/5/6 8868/5/6 8881/5/6
f 8880/4/6 8867/4/6 8881/4/6
f 8881/5/6 8868/5/6 8882/5/6
f 8869/5/6 8870/5/6 8883/5/6
f 8870/2/6 8871/2/6 8884/2/6
f 8883/5/6 8870/5/6 8884/5/6
f 8871/5/6 8872/5/6 8885/5/6
f 8884/2/6 8871/2/6 8885/2/6
f 8885/5/6 8872/5/6 8886/5/6
f 8873/5/6 8874/5/6 8887/5/6
f 8875/4/6 8876/4/6 8888/4/6
f 8887/5/6 8874/5/6 8888/5/6
f 8874/4/6 8875/4/6 8888/4/6
f 8876/5/6 8877/5/6 8889/5/6
f 8888/4/6 8876/4/6 8889/4/6
f 8889/5/6 8877/5/6 8890/5/6
f 8891/2/6 8892/2/6 8895/2/6
f 8895/2/6 8892/2/6 8896/2/6
f 8893/2/6 8894/2/6 8897/2/6
f 8897/2/6 8894/2/6 8898/2/6
f 8899/2/6 8900/2/6 8903/2/6
f 8903/2/6 8900/2/6 8904/2/6
f 8901/2/6 8902/2/6 8905/2/6
f 8905/2/6 8902/2/6 8906/2/6
f 8907/5/6 8908/5/6 8921/5/6
f 8908/4/6 8909/4/6 8922/4/6
f 8921/5/6 8908/5/6 8922/5/6
f 8909/3/6 8910/3/6 8923/3/6
f 8922/4/6 8909/4/6 8923/4/6
f 8923/3/6 8910/3/6 8924/3/6
f 8911/3/6 8912/3/6 8925/3/6
f 8912/2/6 8913/2/6 8926/2/6
f 8925/3/6 8912/3/6 8926/3/6
f 8913/5/6 8914/5/6 8927/5/6
f 8926/2/6 8913/2/6 8927/2/6
f 8927/5/6 8914/5/6 8928/5/6
f 8915/5/6 8916/5/6 8929/5/6
f 8916/1/6 8917/1/6 8930/1/6
f 8929/5/6 8916/5/6 8930/5/6
f 8917/4/6 8918/4/6 8931/4/6
f 8930/1/6 8917/1/6 8931/1/6
f 8918/5/6 8919/5/6 8932/5/6
f 8931/4/6 8918/4/6 8932/4/6
f 8932/5/6 8919/5/6 8933/5/6
f 8920/5/6 8921/5/6 8935/5/6
f 8935/5/6 8921/5/6 8936/5/6
f 8933/5/6 8934/5/6 8937/5/6
f 8937/5/6 8934/5/6 8938/5/6
f 8939/5/6 8940/5/6 8943/5/6
f 8943/5/6 8940/5/6 8944/5/6
f 8941/5/6 8942/5/6 8945/5/6
f 8945/5/6 8942/5/6 8946/5/6
f 8947/5/6 8948/5/6 8951/5/6
f 8951/5/6 8948/5/6 8952/5/6
f 8949/5/6 8950/5/6 8953/5/6
f 8953/5/6 8950/5/6 8954/5/6
f 8955/5/6 8956/5/6 8959/5/6
f 8959/5/6 8956/5/6 8960/5/6
f 8957/5/6 8958/5/6 8973/5/6
f 8973/5/6 8958/5/6 8974/5/6
f 8960/5/6 8961/5/6 8975/5/6
f 8961/4/6 8962/4/6 8976/4/6
f 8975/5/6 8961/5/6 8976/5/6
f 8962/5/6 8963/5/6 8977/5/6
f 8976/4/6 8962/4/6 8977/4/6
f 8977/5/6 8963/5/6 8978/5/6
f 8964/5/6 8965/5/6 8979/5/6
f 8965/2/6 8966/2/6 8980/2/6
f 8979/5/6 8965/5/6 8980/5/6
f 8966/5/6 8967/5/6 8981/5/6
f 8980/2/6 8966/2/6 8981/2/6
f 8981/5/6 8967/5/6 8982/5/6
f 8968/5/6 8969/5/6 8983/5/6
f 8969/1/6 8970/1/6 8984/1/6
f 8983/5/6 8969/5/6 8984/5/6
f 8970/1/6 8971/1/6 8984/1/6
f 8971/4/6 8972/4/6 8985/4/6
f 8984/1/6 8971/1/6 8985/1/6
f 8972/5/6 8973/5/6 8986/5/6
f 8985/4/6 8972/4/6 8986/4/6
f 8986/5/6 8973/5/6 8987/5/6
f 8988/2/6 8989/2/6 8992/2/6
f 8992/2/6 8989/2/6 8993/2/6
f 8990/2/6 8991/2/6 8994/2/6
f 8994/2/6 8991/2/6 8995/2/6
f 8996/2/6 8997/2/6 9000/2/6
f 9000/2/6 8997/2/6 9001/2/6
f 8998/2/6 8999/2/6 9002/2/6
f 9002/2/6 8999/2/6 9003/2/6
f 9004/5/6 9005/5/6 9017/5/6
f 9005/4/6 9006/4/6 9018/4/6
f 9017/5/6 9005/5/6 9018/5/6
f 9018/4/6 9006/4/6 9019/4/6
f 9019/4/6 9006/4/6 9020/4/6
f 9007/4/6 9008/4/6 9021/4/6
f 9021/4/6 9008/4/6 9022/4/6
f 9008/2/6 9009/2/6 9023/2/6
f 9022/4/6 9008/4/6 9023/4/6
f 9009/5/6 9010/5/6 9024/5/6
f 9023/2/6 9009/2/6 9024/2/6
f 9024/5/6 9010/5/6 9025/5/6
f 9011/5/6 9012/5/6 9026/5/6
f 9012/1/6 9013/1/6 9027/1/6
f 9026/5/6 9012/5/6 9027/5/6
f 9013/4/6 9014/4/6 9028/4/6
f 9027/1/6 9013/1/6 9028/1/6
f 9014/5/6 9015/5/6 9029/5/6
f 9028/4/6 9014/4/6 9029/4/6
f 9029/5/6 9015/5/6 9030/5/6
f 9016/5/6 9017/5/6 9032/5/6
f 9032/5/6 9017/5/6 9033/5/6
f 9030/5/6 9031/5/6 9034/5/6
f 9034/5/6 9031/5/6 9035/5/6
f 9036/5/6 9037/5/6 9040/5/6
f 9040/5/6 9037/5/6 9041/5/6
f 9038/5/6 9039/5/6 9042/5/6
f 9042/5/6 9039/5/6 9043/5/6
f 9040/4/6 9041/4/6 9044/4/6
f 9044/4/6 9041/4/6 9045/4/6
f 9042/4/6 9043/4/6 9046/4/6
f 9046/4/6 9043/4/6 9047/4/6
f 9044/5/6 9045/5/6 9048/5/6
f 9048/5/6 9045/5/6 9049/5/6
f 9046/5/6 9047/5/6 9050/5/6
f 9050/5/6 9047/5/6 9051/5/6
f 9052/5/6 9053/5/6 9056/5/6
f 9056/5/6 9053/5/6 9057/5/6
f 9054/5/6 9055/5/6 9069/5/6
f 9069/5/6 9055/5/6 9070/5/6
f 9057/5/6 9058/5/6 9071/5/6
f 9058/4/6 9059/4/6 9072/4/6
f 9071/5/6 9058/5/6 9072/5/6
f 9059/5/6 9060/5/6 9073/5/6
f 9072/4/6 9059/4/6 9073/4/6
f 9073/5/6 9060/5/6 9074/5/6
f 9061/5/6 9062/5/6 9075/5/6
f 9062/2/6 9063/2/6 9076/2/6
f 9075/5/6 9062/5/6 9076/5/6
f 9063/5/6 9064/5/6 9077/5/6
f 9076/2/6 9063/2/6 9077/2/6
f 9077/5/6 9064/5/6 9078/5/6
f 9065/5/6 9066/5/6 9079/5/6
f 9066/1/6 9067/1/6 9080/1/6
f 9079/5/6 9066/5/6 9080/5/6
f 9067/4/6 9068/4/6 9081/4/6
f 9080/1/6 9067/1/6 9081/1/6
f 9068/5/6 9069/5/6 9082/5/6
f 9081/4/6 9068/4/6 9082/4/6
f 9082/5/6 9069/5/6 9083/5/6
f 9084/2/6 9085/2/6 9088/2/6
f 9088/2/6 9085/2/6 9089/2/6
f 9086/2/6 9087/2/6 9090/2/6
f 9090/2/6 9087/2/6 9091/2/6
f 9092/2/6 9093/2/6 9096/2/6
f 9096/2/6 9093/2/6 9097/2/6
f 9094/2/6 9095/2/6 9098/2/6
f 9098/2/6 9095/2/6 9099/2/6
f 9100/5/6 9101/5/6 9115/5/6
f 9101/4/6 9102/4/6 9116/4/6
f 9115/5/6 9101/5/6 9116/5/6
f 9102/1/6 9103/1/6 9117/1/6
f 9116/4/6 9102/4/6 9117/4/6
f 9117/1/6 9103/1/6 9118/1/6
f 9118/1/6 9103/1/6 9119/1/6
f 9104/1/6 9105/1/6 9120/1/6
f 9105/4/6 9106/4/6 9121/4/6
f 9120/1/6 9105/1/6 9121/1/6
f 9106/2/6 9107/2/6 9122/2/6
f 9121/4/6 9106/4/6 9122/4/6
f 9107/5/6 9108/5/6 9123/5/6
f 9122/2/6 9107/2/6 9123/2/6
f 9123/5/6 9108/5/6 9124/5/6
f 9109/5/6 9110/5/6 9125/5/6
f 9110/1/6 9111/1/6 9126/1/6
f 9125/5/6 9110/5/6 9126/5/6
f 9111/4/6 9112/4/6 9127/4/6
f 9126/1/6 9111/1/6 9127/1/6
f 9112/5/6 9113/5/6 9128/5/6
f 9127/4/6 9112/4/6 9128/4/6
f 9128/5/6 9113/5/6 9129/5/6
f 9114/5/6 9115/5/6 9131/5/6
f 9131/5/6 9115/5/6 9132/5/6
f 9129/5/6 9130/5/6 9133/5/6
f 9133/5/6 9130/5/6 9134/5/6
f 9135/5/6 9136/5/6 9139/5/6
f 9139/5/6 9136/5/6 9140/5/6
f 9137/5/6 9138/5/6 9152/5/6
f 9152/5/6 9138/5/6 9153/5/6
f 9140/5/6 9141/5/6 9154/5/6
f 9141/4/6 9142/4/6 9155/4/6
f 9154/5/6 9141/5/6 9155/5/6
f 9142/5/6 9143/5/6 9156/5/6
f 9155/4/6 9142/4/6 9156/4/6
f 9156/5/6 9143/5/6 9157/5/6
f 9144/5/6 9145/5/6 9158/5/6
f 9145/2/6 9146/2/6 9159/2/6
f 9158/5/6 9145/5/6 9159/5/6
f 9146/5/6 9147/5/6 9160/5/6
f 9159/2/6 9146/2/6 9160/2/6
f 9160/5/6 9147/5/6 9161/5/6
f 9148/5/6 9149/5/6 9162/5/6
f 9149/1/6 9150/1/6 9163/1/6
f 9162/5/6 9149/5/6 9163/5/6
f 9150/4/6 9151/4/6 9164/4/6
f 9163/1/6 9150/1/6 9164/1/6
f 9151/5/6 9152/5/6 9165/5/6
f 9164/4/6 9151/4/6 9165/4/6
f 9165/5/6 9152/5/6 9166/5/6
f 9167/2/6 9168/2/6 9171/2/6
f 9171/2/6 9168/2/6 9172/2/6
f 9169/2/6 9170/2/6 9173/2/6
f 9173/2/6 9170/2/6 9174/2/6
f 9175/2/6 9176/2/6 9179/2/6
f 9179/2/6 9176/2/6 9180/2/6
f 9177/2/6 9178/2/6 9181/2/6
f 9181/2/6 9178/2/6 9182/2/6
f 9183/5/6 9184/5/6 9199/5/6
f 9184/4/6 9185/4/6 9200/4/6
f 9199/5/6 9184/5/6 9200/5/6
f 9185/1/6 9186/1/6 9201/1/6
f 9200/4/6 9185/4/6 9201/4/6
f 9186/5/6 9187/5/6 9202/5/6
f 9201/1/6 9186/1/6 9202/1/6
f 9202/5/6 9187/5/6 9203/5/6
f 9188/1/6 9189/1/6 9204/1/6
f 9189/4/6 9190/4/6 9205/4/6
f 9204/1/6 9189/1/6 9205/1/6
f 9190/2/6 9191/2/6 9206/2/6
f 9205/4/6 9190/4/6 9206/4/6
f 9191/5/6 9192/5/6 9207/5/6
f 9206/2/6 9191/2/6 9207/2/6
f 9207/5/6 9192/5/6 9208/5/6
f 9193/5/6 9194/5/6 9209/5/6
f 9209/5/6 9194/5/6 9210/5/6
f 9194/1/6 9195/1/6 9211/1/6
f 9210/5/6 9194/5/6 9211/5/6
f 9195/4/6 9196/4/6 9212/4/6
f 9211/1/6 9195/1/6 9212/1/6
f 9196/5/6 9197/5/6 9213/5/6
f 9212/4/6 9196/4/6 9213/4/6
f 9213/5/6 9197/5/6 9214/5/6
f 9198/5/6 9199/5/6 9216/5/6
f 9216/5/6 9199/5/6 9217/5/6
f 9214/5/6 9215/5/6 9218/5/6
f 9218/5/6 9215/5/6 9219/5/6
f 9216/4/6 9217/4/6 9220/4/6
f 9220/4/6 9217/4/6 9221/4/6
f 9218/4/6 9219/4/6 9222/4/6
f 9222/4/6 9219/4/6 9223/4/6
f 9220/5/6 9221/5/6 9224/5/6
f 9224/5/6 9221/5/6 9225/5/6
f 9222/5/6 9223/5/6 9238/5/6
f 9238/5/6 9223/5/6 9239/5/6
f 9233/5/6 9234/5/6 9240/5/6
f 9234/1/6 9235/1/6 9240/1/6
f 9235/1/6 9236/1/6 9240/1/6
f 9240/1/6 9236/1/6 9241/1/6
f 9225/5/6 9226/5/6 9242/5/6
f 9226/4/6 9227/4/6 9243/4/6
f 9242/5/6 9226/5/6 9243/5/6
f 9227/5/6 9228/5/6 9244/5/6
f 9243/4/6 9227/4/6 9244/4/6
f 9244/5/6 9228/5/6 9245/5/6
f 9229/5/6 9230/5/6 9246/5/6
f 9230/2/6 9231/2/6 9247/2/6
f 9246/5/6 9230/5/6 9247/5/6
f 9231/5/6 9232/5/6 9248/5/6
f 9247/2/6 9231/2/6 9248/2/6
f 9248/5/6 9232/5/6 9249/5/6
f 9233/5/6 9240/5/6 9250/5/6
f 9240/5/6 9241/5/6 9250/5/6
f 9241/1/6 9236/1/6 9251/1/6
f 9250/5/6 9241/5/6 9251/5/6
f 9236/4/6 9237/4/6 9252/4/6
f 9251/1/6 9236/1/6 9252/1/6
f 9237/5/6 9238/5/6 9253/5/6
f 9252/4/6 9237/4/6 9253/4/6
f 9253/5/6 9238/5/6 9254/5/6
f 9255/2/6 9256/2/6 9259/2/6
f 9259/2/6 9256/2/6 9260/2/6
f 9257/2/6 9258/2/6 9261/2/6
f 9261/2/6 9258/2/6 9262/2/6
f 9263/2/6 9264/2/6 9267/2/6
f 9267/2/6 9264/2/6 9268/2/6
f 9265/2/6 9266/2/6 9269/2/6
f 9269/2/6 9266/2/6 9270/2/6
f 9271/5/6 9272/5/6 9286/5/6
f 9272/4/6 9273/4/6 9287/4/6
f 9286/5/6 9272/5/6 9287/5/6
f 9273/1/6 9274/1/6 9288/1/6
f 9287/4/6 9273/4/6 9288/4/6
f 9274/5/6 9275/5/6 9289/5/6
f 9288/1/6 9274/1/6 9289/1/6
f 9289/5/6 9275/5/6 9290/5/6
f 9276/1/6 9277/1/6 9291/1/6
f 9277/4/6 9278/4/6 9292/4/6
f 9291/1/6 9277/1/6 9292/1/6
f 9284/5/6 9285/5/6 9293/5/6
f 9283/4/6 9284/4/6 9293/4/6
f 9293/5/6 9285/5/6 9294/5/6
f 9286/4/6 9287/4/6 9295/4/6
f 9287/4/6 9288/4/6 9295/4/6
f 9289/4/6 9290/4/6 9295/4/6
f 9288/4/6 9289/4/6 9295/4/6
f 9295/4/6 9290/4/6 9296/4/6
f 9296/4/6 9290/4/6 9297/4/6
f 9297/4/6 9290/4/6 9298/4/6
f 9291/4/6 9292/4/6 9299/4/6
f 9292/4/6 9278/4/6 9300/4/6
f 9299/4/6 9292/4/6 9300/4/6
f 9278/2/6 9279/2/6 9300/2/6
f 9293/4/6 9294/4/6 9301/4/6
f 9283/4/6 9293/4/6 9301/4/6
f 9301/4/6 9294/4/6 9302/4/6
f 9296/4/6 9297/4/6 9303/4/6
f 9297/5/6 9298/5/6 9304/5/6
f 9303/4/6 9297/4/6 9304/4/6
f 9281/5/6 9282/5/6 9305/5/6
f 9282/1/6 9283/1/6 9306/1/6
f 9305/5/6 9282/5/6 9306/5/6
f 9283/4/6 9301/4/6 9307/4/6
f 9306/1/6 9283/1/6 9307/1/6
f 9295/5/6 9296/5/6 9308/5/6
f 9296/4/6 9303/4/6 9309/4/6
f 9308/5/6 9296/5/6 9309/5/6
f 9303/5/6 9304/5/6 9310/5/6
f 9309/4/6 9303/4/6 9310/4/6
f 9304/5/6 9298/5/6 9311/5/6
f 9310/5/6 9304/5/6 9311/5/6
f 9299/5/6 9300/5/6 9312/5/6
f 9300/2/6 9279/2/6 9313/2/6
f 9312/5/6 9300/5/6 9313/5/6
f 9279/5/6 9280/5/6 9314/5/6
f 9313/2/6 9279/2/6 9314/2/6
f 9314/5/6 9280/5/6 9315/5/6
f 9281/5/6 9305/5/6 9316/5/6
f 9305/1/6 9306/1/6 9317/1/6
f 9316/5/6 9305/5/6 9317/5/6
f 9306/4/6 9307/4/6 9318/4/6
f 9317/1/6 9306/1/6 9318/1/6
f 9307/4/6 9301/4/6 9319/4/6
f 9318/4/6 9307/4/6 9319/4/6
f 9301/5/6 9302/5/6 9319/5/6
f 9319/5/6 9302/5/6 9320/5/6
f 9321/2/6 9322/2/6 9325/2/6
f 9325/2/6 9322/2/6 9326/2/6
f 9323/2/6 9324/2/6 9327/2/6
f 9327/2/6 9324/2/6 9328/2/6
f 9329/2/6 9330/2/6 9333/2/6
f 9333/2/6 9330/2/6 9334/2/6
f 9331/2/6 9332/2/6 9335/2/6
f 9335/2/6 9332/2/6 9336/2/6
