# MagicaVoxel @ Ephtracy

# group
o 

# material
mtllib cornerPlants.mtl
usemtl palette

# normals
vn -1 0 0
vn 1 0 0
vn 0 0 1
vn 0 0 -1
vn 0 -1 0
vn 0 1 0

# texcoords
vt 0.287109 0.5
vt 0.291016 0.5
vt 0.294922 0.5
vt 0.298828 0.5
vt 0.318359 0.5
vt 0.322266 0.5
vt 0.326172 0.5
vt 0.349609 0.5
vt 0.931641 0.5

# verts
v -3 0.4 3.6
v -3 0.4 -3.4
v -3 0.6 3.6
v -3 0.6 -3.4
v -3 4 -1
v -3 4 -1.1
v -3 4.4 -0.9
v -3 4.4 -1
v -3 4.4 -1.1
v -3 4.5 -0.9
v -3 4.5 -1
v -2.9 0.3 3.5
v -2.9 0.3 -3.3
v -2.9 0.4 3.5
v -2.9 0.4 -3.3
v -2.9 0.6 3.5
v -2.9 0.6 -3.3
v -2.9 0.7 3.5
v -2.9 0.7 -3.3
v -2.9 2.6 -0.9
v -2.9 2.6 -1.1
v -2.9 2.7 -1.1
v -2.9 2.7 -1.2
v -2.9 2.8 -1.1
v -2.9 2.8 -1.2
v -2.9 3 -0.9
v -2.9 3 -1.1
v -2.9 4.2 -0.9
v -2.9 4.2 -1
v -2.9 4.3 -1.1
v -2.9 4.3 -1.2
v -2.9 4.4 -0.9
v -2.9 4.4 -1
v -2.9 4.4 -1.1
v -2.9 4.5 -0.8
v -2.9 4.5 -0.9
v -2.9 4.5 -1
v -2.9 4.5 -1.1
v -2.9 4.5 -1.2
v -2.9 4.6 -0.8
v -2.9 4.6 -0.9
v -2.9 4.6 -1.1
v -2.8 0 3.4
v -2.8 0 -3.2
v -2.8 0.3 3.4
v -2.8 0.3 -3.2
v -2.8 0.7 3.4
v -2.8 0.7 -3.2
v -2.8 0.8 3.4
v -2.8 0.8 -3.2
v -2.8 1 3.4
v -2.8 1 -3.2
v -2.8 1.6 2.5
v -2.8 1.6 2.4
v -2.8 1.7 2.5
v -2.8 1.7 2.4
v -2.8 2.5 -1
v -2.8 2.5 -1.1
v -2.8 2.6 -1
v -2.8 2.6 -1.1
v -2.8 2.8 -1.1
v -2.8 2.8 -1.2
v -2.8 2.9 -1.1
v -2.8 2.9 -1.2
v -2.7 1.5 2.5
v -2.7 1.5 2.3
v -2.7 1.6 2.5
v -2.7 1.6 2.4
v -2.7 1.6 2.3
v -2.7 2.7 -0.9
v -2.7 2.7 -1
v -2.7 2.8 -0.9
v -2.7 2.8 -1
v -2.7 4.3 -0.9
v -2.7 4.3 -1.1
v -2.7 4.4 -0.4
v -2.7 4.4 -0.5
v -2.7 4.4 -0.9
v -2.7 4.4 -1.1
v -2.7 4.5 -0.4
v -2.7 4.5 -0.5
v -2.7 4.6 -0.9
v -2.7 4.6 -1.1
v -2.7 4.7 -0.9
v -2.7 4.7 -1.1
v -2.6 0.9 2.9
v -2.6 0.9 2.8
v -2.6 0.9 1.6
v -2.6 0.9 1.5
v -2.6 0.9 -0.9
v -2.6 0.9 -1.1
v -2.6 0.9 -2.1
v -2.6 0.9 -2.4
v -2.6 1 2.9
v -2.6 1 2.8
v -2.6 1 1.6
v -2.6 1 1.5
v -2.6 1 -2.1
v -2.6 1 -2.4
v -2.6 1.4 2.4
v -2.6 1.4 2.3
v -2.6 1.4 -2.38419e-07
v -2.6 1.4 -0.2
v -2.6 1.4 -1
v -2.6 1.4 -1.1
v -2.6 1.5 2.4
v -2.6 1.5 2.3
v -2.6 1.5 -2.38419e-07
v -2.6 1.5 -0.2
v -2.6 2.6 -1
v -2.6 2.6 -1.1
v -2.6 2.7 -0.3
v -2.6 2.7 -0.4
v -2.6 2.7 -0.5
v -2.6 2.7 -0.6
v -2.6 2.7 -0.8
v -2.6 2.7 -0.9
v -2.6 2.7 -1.1
v -2.6 2.7 -1.2
v -2.6 2.7 -1.5
v -2.6 2.7 -1.6
v -2.6 2.8 -0.3
v -2.6 2.8 -0.4
v -2.6 2.8 -0.5
v -2.6 2.8 -0.6
v -2.6 2.8 -0.7
v -2.6 2.8 -0.8
v -2.6 2.8 -1.2
v -2.6 2.8 -1.3
v -2.6 2.8 -1.4
v -2.6 2.8 -1.5
v -2.6 2.9 -0.4
v -2.6 2.9 -0.5
v -2.6 2.9 -0.6
v -2.6 2.9 -0.7
v -2.6 2.9 -0.8
v -2.6 2.9 -0.9
v -2.6 2.9 -1
v -2.6 2.9 -1.1
v -2.6 2.9 -1.2
v -2.6 2.9 -1.3
v -2.6 2.9 -1.4
v -2.6 2.9 -1.5
v -2.6 2.9 -1.6
v -2.6 3 -0.5
v -2.6 3 -0.8
v -2.6 3 -1.2
v -2.6 3 -1.5
v -2.6 3 -1.6
v -2.6 3.8 -1
v -2.6 3.8 -1.1
v -2.6 3.9 -0.3
v -2.6 3.9 -0.4
v -2.6 4.1 -1.5
v -2.6 4.1 -1.6
v -2.6 4.3 -0.4
v -2.6 4.3 -0.5
v -2.6 4.3 -0.8
v -2.6 4.3 -0.9
v -2.6 4.3 -1.1
v -2.6 4.3 -1.2
v -2.6 4.3 -1.5
v -2.6 4.3 -1.6
v -2.6 4.4 -0.3
v -2.6 4.4 -0.4
v -2.6 4.4 -0.5
v -2.6 4.4 -0.6
v -2.6 4.4 -0.7
v -2.6 4.4 -0.8
v -2.6 4.4 -1.2
v -2.6 4.4 -1.3
v -2.6 4.4 -1.4
v -2.6 4.4 -1.5
v -2.6 4.5 -0.4
v -2.6 4.5 -0.5
v -2.6 4.5 -0.6
v -2.6 4.5 -0.7
v -2.6 4.5 -0.8
v -2.6 4.5 -0.9
v -2.6 4.5 -1.1
v -2.6 4.5 -1.2
v -2.6 4.5 -1.3
v -2.6 4.5 -1.4
v -2.6 4.5 -1.5
v -2.6 4.5 -1.6
v -2.6 4.6 -0.4
v -2.6 4.6 -0.5
v -2.6 4.6 -0.8
v -2.6 4.6 -0.9
v -2.6 4.6 -1.1
v -2.6 4.6 -1.2
v -2.6 4.6 -1.5
v -2.6 4.7 -0.8
v -2.6 4.7 -0.9
v -2.6 4.7 -1.1
v -2.6 4.7 -1.2
v -2.6 4.8 -0.9
v -2.6 4.8 -1.1
v -2.5 0.9 3.3
v -2.5 0.9 3.2
v -2.5 1 3.3
v -2.5 1 3.2
v -2.5 1 1
v -2.5 1 0.8
v -2.5 1.1 1
v -2.5 1.1 0.8
v -2.5 1.3 2.4
v -2.5 1.3 2.3
v -2.5 1.3 -2.3
v -2.5 1.3 -2.4
v -2.5 1.4 2.4
v -2.5 1.4 2.3
v -2.5 1.4 -1
v -2.5 1.4 -1.1
v -2.5 1.4 -2.3
v -2.5 1.4 -2.4
v -2.5 1.5 -2.38419e-07
v -2.5 1.5 -0.2
v -2.5 1.6 -2.38419e-07
v -2.5 1.6 -0.2
v -2.5 1.6 -1.3
v -2.5 1.6 -1.4
v -2.5 1.7 -1.3
v -2.5 1.7 -1.4
v -2.5 2.3 -0.4
v -2.5 2.3 -0.5
v -2.5 2.5 -1.2
v -2.5 2.5 -1.3
v -2.5 2.6 -1
v -2.5 2.6 -1.1
v -2.5 2.6 -1.6
v -2.5 2.6 -1.7
v -2.5 2.7 -0.4
v -2.5 2.7 -0.5
v -2.5 2.7 -1.2
v -2.5 2.7 -1.6
v -2.5 2.8 -0.3
v -2.5 2.8 -0.4
v -2.5 2.8 -1
v -2.5 2.8 -1.1
v -2.5 2.8 -1.2
v -2.5 2.8 -1.3
v -2.5 2.9 -0.3
v -2.5 2.9 -0.4
v -2.5 2.9 -0.5
v -2.5 2.9 -1.1
v -2.5 2.9 -1.6
v -2.5 2.9 -1.7
v -2.5 3 -0.4
v -2.5 3 -0.5
v -2.5 3.8 -1
v -2.5 3.8 -1.1
v -2.5 4.2 -1.6
v -2.5 4.2 -1.7
v -2.5 4.3 -1.6
v -2.5 4.4 -0.3
v -2.5 4.4 -0.4
v -2.5 4.4 -1.6
v -2.5 4.4 -1.7
v -2.5 4.5 -0.3
v -2.5 4.5 -0.4
v -2.4 0.9 3.2
v -2.4 0.9 3.1
v -2.4 1 3.2
v -2.4 1 3.1
v -2.4 1.1 1
v -2.4 1.1 0.8
v -2.4 1.2 2.4
v -2.4 1.2 2.3
v -2.4 1.2 1
v -2.4 1.2 0.8
v -2.4 1.3 2.4
v -2.4 1.3 2.3
v -2.4 1.3 -2.4
v -2.4 1.3 -2.5
v -2.4 1.4 -2.4
v -2.4 1.4 -2.5
v -2.4 1.5 -1.4
v -2.4 1.5 -1.5
v -2.4 1.5 -2.4
v -2.4 1.5 -2.5
v -2.4 1.6 -2.38419e-07
v -2.4 1.6 -0.2
v -2.4 1.6 -1.4
v -2.4 1.6 -1.5
v -2.4 1.7 -2.38419e-07
v -2.4 1.7 -0.2
v -2.4 2.8 -0.9
v -2.4 2.8 -1
v -2.4 2.9 -0.9
v -2.4 2.9 -1
v -2.3 0.9 3.1
v -2.3 0.9 3
v -2.3 0.9 0.0999997
v -2.3 0.9 -2.38419e-07
v -2.3 0.9 -0.7
v -2.3 0.9 -0.8
v -2.3 0.9 -1.5
v -2.3 0.9 -1.6
v -2.3 1 3.1
v -2.3 1 3
v -2.3 1 1
v -2.3 1 0.8
v -2.3 1 0.0999997
v -2.3 1 -2.38419e-07
v -2.3 1 -0.7
v -2.3 1 -0.8
v -2.3 1 -1.5
v -2.3 1 -1.6
v -2.3 1.1 1
v -2.3 1.1 0.8
v -2.3 1.2 2.3
v -2.3 1.2 2.2
v -2.3 1.2 -2.3
v -2.3 1.2 -2.5
v -2.3 1.3 2.2
v -2.3 1.3 2.1
v -2.3 1.3 -2.3
v -2.3 1.3 -2.5
v -2.3 1.4 2.3
v -2.3 1.4 2.2
v -2.3 1.4 2.1
v -2.3 1.4 2
v -2.3 1.4 -1.4
v -2.3 1.4 -1.5
v -2.3 1.5 2.2
v -2.3 1.5 2
v -2.3 1.5 -1.4
v -2.3 1.5 -1.5
v -2.3 1.7 -2.38419e-07
v -2.3 1.7 -0.1
v -2.3 1.7 -0.2
v -2.3 1.8 -2.38419e-07
v -2.3 1.8 -0.1
v -2.3 1.8 -0.2
v -2.3 2.9 -0.9
v -2.3 2.9 -1.1
v -2.3 3 -0.9
v -2.3 3 -1.1
v -2.3 4.5 -0.9
v -2.3 4.5 -1.1
v -2.3 4.6 -0.9
v -2.3 4.6 -1.1
v -2.2 0.9 3
v -2.2 0.9 2.9
v -2.2 0.9 2.4
v -2.2 0.9 2.3
v -2.2 0.9 1
v -2.2 0.9 0.8
v -2.2 1 3
v -2.2 1 2.9
v -2.2 1 1.3
v -2.2 1 1.2
v -2.2 1 1.1
v -2.2 1 1
v -2.2 1 0.8
v -2.2 1 0.7
v -2.2 1 0.6
v -2.2 1 0.5
v -2.2 1.1 1.3
v -2.2 1.1 1.2
v -2.2 1.1 1.1
v -2.2 1.1 1
v -2.2 1.1 0.8
v -2.2 1.1 0.7
v -2.2 1.1 0.6
v -2.2 1.1 0.5
v -2.2 1.1 -2.4
v -2.2 1.1 -2.5
v -2.2 1.2 2.6
v -2.2 1.2 2.4
v -2.2 1.2 2.3
v -2.2 1.2 1.2
v -2.2 1.2 1.1
v -2.2 1.2 0.7
v -2.2 1.2 0.6
v -2.2 1.2 -2.4
v -2.2 1.2 -2.5
v -2.2 1.3 2.7
v -2.2 1.3 2.6
v -2.2 1.3 2.5
v -2.2 1.3 2.4
v -2.2 1.3 2.3
v -2.2 1.3 1.7
v -2.2 1.3 1.5
v -2.2 1.3 -1.4
v -2.2 1.3 -1.5
v -2.2 1.4 2.8
v -2.2 1.4 2.7
v -2.2 1.4 2.6
v -2.2 1.4 2.5
v -2.2 1.4 2.3
v -2.2 1.4 2
v -2.2 1.4 1.9
v -2.2 1.4 1.7
v -2.2 1.4 1.5
v -2.2 1.4 -1.4
v -2.2 1.4 -1.5
v -2.2 1.5 2.8
v -2.2 1.5 2.6
v -2.2 1.5 2.4
v -2.2 1.5 2.3
v -2.2 1.5 2
v -2.2 1.5 1.9
v -2.2 1.5 1.8
v -2.2 1.6 2
v -2.2 1.6 1.8
v -2.2 4.3 -0.9
v -2.2 4.3 -1
v -2.2 4.4 -0.9
v -2.2 4.4 -1
v -2.1 0.8 -2
v -2.1 0.8 -2.1
v -2.1 0.9 2.9
v -2.1 0.9 2.8
v -2.1 0.9 -2
v -2.1 0.9 -2.1
v -2.1 1 2.9
v -2.1 1 2.8
v -2.1 1 -0.7
v -2.1 1 -0.9
v -2.1 1 -2.3
v -2.1 1 -2.5
v -2.1 1.1 -0.7
v -2.1 1.1 -0.9
v -2.1 1.1 -2.4
v -2.1 1.1 -2.5
v -2.1 1.2 1.7
v -2.1 1.2 1.5
v -2.1 1.2 -1.4
v -2.1 1.2 -1.5
v -2.1 1.2 -2.3
v -2.1 1.2 -2.4
v -2.1 1.3 1.7
v -2.1 1.3 1.5
v -2.1 1.3 -1.4
v -2.1 1.3 -1.5
v -2.1 1.5 2.9
v -2.1 1.5 2.8
v -2.1 1.5 2.7
v -2.1 1.5 2.4
v -2.1 1.5 2.3
v -2.1 1.5 -2.38419e-07
v -2.1 1.5 -0.2
v -2.1 1.6 2.9
v -2.1 1.6 2.7
v -2.1 1.6 2.4
v -2.1 1.6 2.3
v -2.1 1.6 -2.38419e-07
v -2.1 1.6 -0.2
v -2.1 2.5 -0.9
v -2.1 2.5 -1
v -2.1 2.6 -0.8
v -2.1 2.6 -0.9
v -2.1 2.7 -0.8
v -2.1 2.7 -0.9
v -2.1 2.8 -0.9
v -2.1 2.8 -1
v -2.1 2.8 -1.1
v -2.1 2.9 -1
v -2.1 2.9 -1.1
v -2.1 4.4 -1
v -2.1 4.4 -1.1
v -2.1 4.5 -1
v -2.1 4.5 -1.1
v -2 0.9 2.8
v -2 0.9 2.7
v -2 0.9 -2.3
v -2 0.9 -2.5
v -2 1 2.8
v -2 1 2.7
v -2 1 1
v -2 1 0.8
v -2 1 -2.2
v -2 1 -2.3
v -2 1 -2.5
v -2 1 -2.6
v -2 1.1 1.7
v -2 1.1 1.5
v -2 1.1 1
v -2 1.1 0.8
v -2 1.1 -0.7
v -2 1.1 -0.9
v -2 1.1 -2.1
v -2 1.1 -2.2
v -2 1.1 -2.6
v -2 1.1 -2.7
v -2 1.2 1.7
v -2 1.2 1.5
v -2 1.2 -0.7
v -2 1.2 -0.9
v -2 1.2 -1.5
v -2 1.2 -1.6
v -2 1.2 -2
v -2 1.2 -2.1
v -2 1.2 -2.2
v -2 1.2 -2.3
v -2 1.2 -2.5
v -2 1.2 -2.6
v -2 1.2 -2.7
v -2 1.2 -2.8
v -2 1.3 -1.6
v -2 1.3 -1.7
v -2 1.3 -1.8
v -2 1.3 -1.9
v -2 1.3 -2
v -2 1.3 -2.1
v -2 1.3 -2.2
v -2 1.3 -2.6
v -2 1.3 -2.7
v -2 1.3 -2.8
v -2 1.3 -2.9
v -2 1.3 -3
v -2 1.4 -2.38419e-07
v -2 1.4 -0.2
v -2 1.4 -1.5
v -2 1.4 -1.6
v -2 1.4 -1.7
v -2 1.4 -1.8
v -2 1.4 -1.9
v -2 1.4 -2
v -2 1.4 -2.1
v -2 1.4 -2.7
v -2 1.4 -2.8
v -2 1.4 -2.9
v -2 1.4 -3
v -2 1.5 -2.38419e-07
v -2 1.5 -0.2
v -2 1.5 -1.6
v -2 1.5 -1.8
v -2 1.5 -1.9
v -2 1.5 -2
v -2 1.5 -2.8
v -2 1.5 -2.9
v -2 1.6 2.4
v -2 1.6 2.3
v -2 1.7 2.4
v -2 1.7 2.3
v -2 2.7 -1
v -2 2.7 -1.1
v -2 2.8 -1
v -2 2.8 -1.1
v -2 4.1 -0.9
v -2 4.1 -1
v -2 4.3 -0.9
v -2 4.3 -1
v -2 4.3 -1.1
v -2 4.4 -0.9
v -2 4.4 -1.1
v -1.9 0.9 2.7
v -1.9 0.9 2.6
v -1.9 0.9 -1.4
v -1.9 0.9 -1.5
v -1.9 1 2.7
v -1.9 1 2.6
v -1.9 1 1.7
v -1.9 1 1.5
v -1.9 1 -0.7
v -1.9 1 -0.9
v -1.9 1.1 2.4
v -1.9 1.1 2.3
v -1.9 1.1 1.7
v -1.9 1.1 1.5
v -1.9 1.1 1
v -1.9 1.1 0.8
v -1.9 1.1 -0.7
v -1.9 1.1 -0.9
v -1.9 1.2 2.4
v -1.9 1.2 2.3
v -1.9 1.2 1
v -1.9 1.2 0.8
v -1.9 1.2 -1.2
v -1.9 1.2 -1.4
v -1.9 1.2 -1.5
v -1.9 1.3 -2.38419e-07
v -1.9 1.3 -0.2
v -1.9 1.3 -1.1
v -1.9 1.3 -1.2
v -1.9 1.3 -1.3
v -1.9 1.3 -1.4
v -1.9 1.3 -1.5
v -1.9 1.4 -2.38419e-07
v -1.9 1.4 -0.2
v -1.9 1.4 -1
v -1.9 1.4 -1.1
v -1.9 1.4 -1.2
v -1.9 1.4 -1.3
v -1.9 1.4 -1.5
v -1.9 1.4 -1.8
v -1.9 1.4 -1.9
v -1.9 1.5 -1
v -1.9 1.5 -1.2
v -1.9 1.5 -1.4
v -1.9 1.5 -1.5
v -1.9 1.5 -1.8
v -1.9 1.5 -1.9
v -1.9 1.5 -2
v -1.9 1.6 -1.8
v -1.9 1.6 -2
v -1.9 1.7 2.5
v -1.9 1.7 2.4
v -1.9 1.7 2.3
v -1.9 1.8 2.5
v -1.9 1.8 2.3
v -1.8 0.9 2.6
v -1.8 0.9 2.5
v -1.8 0.9 1.7
v -1.8 0.9 1.5
v -1.8 0.9 -0.7
v -1.8 0.9 -0.9
v -1.8 1 2.6
v -1.8 1 2.5
v -1.8 1 1.8
v -1.8 1 1.7
v -1.8 1 1.5
v -1.8 1 1.4
v -1.8 1 1
v -1.8 1 0.8
v -1.8 1 -0.4
v -1.8 1 -0.5
v -1.8 1 -0.6
v -1.8 1 -0.7
v -1.8 1 -0.9
v -1.8 1 -1
v -1.8 1 -1.1
v -1.8 1 -1.2
v -1.8 1.1 1.9
v -1.8 1.1 1.8
v -1.8 1.1 1.4
v -1.8 1.1 1.3
v -1.8 1.1 1
v -1.8 1.1 0.8
v -1.8 1.1 -0.4
v -1.8 1.1 -0.5
v -1.8 1.1 -0.6
v -1.8 1.1 -0.7
v -1.8 1.1 -0.9
v -1.8 1.1 -1
v -1.8 1.1 -1.1
v -1.8 1.1 -1.2
v -1.8 1.1 -2.3
v -1.8 1.1 -2.5
v -1.8 1.2 2
v -1.8 1.2 1.9
v -1.8 1.2 1.8
v -1.8 1.2 1.7
v -1.8 1.2 1.5
v -1.8 1.2 1.4
v -1.8 1.2 1.3
v -1.8 1.2 1.2
v -1.8 1.2 -2.38419e-07
v -1.8 1.2 -0.2
v -1.8 1.2 -0.5
v -1.8 1.2 -0.6
v -1.8 1.2 -1
v -1.8 1.2 -1.1
v -1.8 1.2 -2.3
v -1.8 1.2 -2.5
v -1.8 1.3 2.1
v -1.8 1.3 2
v -1.8 1.3 1.9
v -1.8 1.3 1.8
v -1.8 1.3 1.4
v -1.8 1.3 1.3
v -1.8 1.3 1.2
v -1.8 1.3 1.1
v -1.8 1.3 0.3
v -1.8 1.3 0.2
v -1.8 1.3 -2.38419e-07
v -1.8 1.3 -0.2
v -1.8 1.3 -0.4
v -1.8 1.3 -0.5
v -1.8 1.4 2.1
v -1.8 1.4 1.9
v -1.8 1.4 1.3
v -1.8 1.4 1.1
v -1.8 1.4 0.3
v -1.8 1.4 0.2
v -1.8 1.4 -0.4
v -1.8 1.4 -0.5
v -1.8 1.5 -0.9
v -1.8 1.5 -1
v -1.8 1.5 -1.1
v -1.8 1.5 -1.4
v -1.8 1.5 -1.5
v -1.8 1.6 -0.9
v -1.8 1.6 -1.1
v -1.8 1.6 -1.4
v -1.8 1.6 -1.5
v -1.8 1.8 2.6
v -1.8 1.8 2.5
v -1.8 1.8 2.4
v -1.8 1.9 2.7
v -1.8 1.9 2.6
v -1.8 1.9 2.5
v -1.8 1.9 2.4
v -1.8 2 2.7
v -1.8 2 2.5
v -1.7 0.9 2.5
v -1.7 0.9 2.4
v -1.7 0.9 -2
v -1.7 0.9 -2.1
v -1.7 0.9 -2.8
v -1.7 0.9 -3
v -1.7 1 2.5
v -1.7 1 2.4
v -1.7 1 -2
v -1.7 1 -2.1
v -1.7 1 -2.8
v -1.7 1 -3
v -1.7 1.1 -2.38419e-07
v -1.7 1.1 -0.2
v -1.7 1.2 -2.38419e-07
v -1.7 1.2 -0.2
v -1.7 1.2 -2.3
v -1.7 1.2 -2.5
v -1.7 1.3 -2.3
v -1.7 1.3 -2.5
v -1.7 1.4 0.2
v -1.7 1.4 0.0999997
v -1.7 1.4 -0.3
v -1.7 1.4 -0.4
v -1.7 1.5 0.2
v -1.7 1.5 0.0999997
v -1.7 1.5 -0.3
v -1.7 1.5 -0.4
v -1.7 1.6 -1.4
v -1.7 1.6 -1.5
v -1.7 1.7 -1.4
v -1.7 1.7 -1.5
v -1.6 0.9 2.4
v -1.6 0.9 2.3
v -1.6 0.9 -1.9
v -1.6 0.9 -2
v -1.6 1 2.4
v -1.6 1 2.3
v -1.6 1 -2.38419e-07
v -1.6 1 -0.2
v -1.6 1 -0.7
v -1.6 1 -0.9
v -1.6 1 -1.9
v -1.6 1 -2
v -1.6 1.1 1.7
v -1.6 1.1 1.5
v -1.6 1.1 -2.38419e-07
v -1.6 1.1 -0.2
v -1.6 1.1 -0.7
v -1.6 1.1 -0.9
v -1.6 1.1 -1.4
v -1.6 1.1 -1.5
v -1.6 1.2 1.7
v -1.6 1.2 1.5
v -1.6 1.2 -1.4
v -1.6 1.2 -1.5
v -1.6 1.3 0.0999997
v -1.6 1.3 -2.38419e-07
v -1.6 1.3 -0.2
v -1.6 1.3 -0.3
v -1.6 1.3 -2.3
v -1.6 1.3 -2.5
v -1.6 1.4 0.0999997
v -1.6 1.4 -2.38419e-07
v -1.6 1.4 -0.2
v -1.6 1.4 -0.3
v -1.6 1.4 -2.3
v -1.6 1.4 -2.5
v -1.6 1.7 -1.3
v -1.6 1.7 -1.4
v -1.6 1.7 -1.5
v -1.6 1.8 0.8
v -1.6 1.8 0.6
v -1.6 1.8 -1.3
v -1.6 1.8 -1.5
v -1.6 1.9 0.8
v -1.6 1.9 0.6
v -1.5 0.9 2.3
v -1.5 0.9 2.2
v -1.5 0.9 -2.38419e-07
v -1.5 0.9 -0.2
v -1.5 1 2.3
v -1.5 1 2.2
v -1.5 1 0.0999997
v -1.5 1 -2.38419e-07
v -1.5 1 -0.2
v -1.5 1 -0.3
v -1.5 1.1 0.2
v -1.5 1.1 0.0999997
v -1.5 1.1 -0.3
v -1.5 1.1 -0.4
v -1.5 1.1 -0.7
v -1.5 1.1 -0.9
v -1.5 1.2 1.7
v -1.5 1.2 1.5
v -1.5 1.2 0.3
v -1.5 1.2 0.2
v -1.5 1.2 0.0999997
v -1.5 1.2 -2.38419e-07
v -1.5 1.2 -0.2
v -1.5 1.2 -0.3
v -1.5 1.2 -0.4
v -1.5 1.2 -0.5
v -1.5 1.2 -0.7
v -1.5 1.2 -0.9
v -1.5 1.3 1.7
v -1.5 1.3 1.5
v -1.5 1.3 0.4
v -1.5 1.3 0.3
v -1.5 1.3 0.2
v -1.5 1.3 0.0999997
v -1.5 1.3 -2.38419e-07
v -1.5 1.3 -0.2
v -1.5 1.3 -0.3
v -1.5 1.3 -0.4
v -1.5 1.3 -0.5
v -1.5 1.3 -0.6
v -1.5 1.4 1.1
v -1.5 1.4 0.9
v -1.5 1.4 0.5
v -1.5 1.4 0.4
v -1.5 1.4 0.3
v -1.5 1.4 0.2
v -1.5 1.4 -0.4
v -1.5 1.4 -0.5
v -1.5 1.4 -0.6
v -1.5 1.4 -0.7
v -1.5 1.4 -1.1
v -1.5 1.4 -1.3
v -1.5 1.4 -2.3
v -1.5 1.4 -2.5
v -1.5 1.5 1.1
v -1.5 1.5 1
v -1.5 1.5 0.9
v -1.5 1.5 0.8
v -1.5 1.5 0.6
v -1.5 1.5 0.5
v -1.5 1.5 0.4
v -1.5 1.5 0.3
v -1.5 1.5 -0.5
v -1.5 1.5 -0.6
v -1.5 1.5 -0.7
v -1.5 1.5 -0.8
v -1.5 1.5 -1
v -1.5 1.5 -1.1
v -1.5 1.5 -1.2
v -1.5 1.5 -1.3
v -1.5 1.5 -2.3
v -1.5 1.5 -2.5
v -1.5 1.6 1
v -1.5 1.6 0.9
v -1.5 1.6 0.8
v -1.5 1.6 0.6
v -1.5 1.6 0.5
v -1.5 1.6 0.4
v -1.5 1.6 -0.6
v -1.5 1.6 -0.7
v -1.5 1.6 -0.8
v -1.5 1.6 -1
v -1.5 1.6 -1.1
v -1.5 1.6 -1.2
v -1.5 1.7 0.9
v -1.5 1.7 0.8
v -1.5 1.7 0.6
v -1.5 1.7 0.5
v -1.5 1.7 -0.7
v -1.5 1.7 -0.8
v -1.5 1.7 -1
v -1.5 1.7 -1.1
v -1.5 1.8 0.8
v -1.5 1.8 0.6
v -1.5 1.8 -0.8
v -1.5 1.8 -1
v -1.5 1.8 -1.2
v -1.5 1.8 -1.3
v -1.5 1.8 -1.4
v -1.5 1.9 0.8
v -1.5 1.9 0.6
v -1.5 1.9 -1.1
v -1.5 1.9 -1.2
v -1.5 1.9 -1.3
v -1.5 1.9 -1.4
v -1.5 2 0.8
v -1.5 2 0.7
v -1.5 2 0.6
v -1.5 2 -1.1
v -1.5 2 -1.3
v -1.5 2.1 0.7
v -1.5 2.1 0.6
v -1.4 0.9 2.2
v -1.4 0.9 2.1
v -1.4 1 2.2
v -1.4 1 2.1
v -1.4 1 -0.7
v -1.4 1 -0.9
v -1.4 1.1 -0.7
v -1.4 1.1 -0.9
v -1.4 1.2 0.8
v -1.4 1.2 0.6
v -1.4 1.2 -2.3
v -1.4 1.2 -2.5
v -1.4 1.3 1.7
v -1.4 1.3 1.5
v -1.4 1.3 0.8
v -1.4 1.3 0.6
v -1.4 1.3 -2.3
v -1.4 1.3 -2.5
v -1.4 1.4 1.7
v -1.4 1.4 1.5
v -1.4 2.5 0.8
v -1.4 2.5 0.6
v -1.4 2.6 0.8
v -1.4 2.6 0.6
v -1.3 0.9 2.1
v -1.3 0.9 2
v -1.3 1 2.1
v -1.3 1 2
v -1.3 1 -1.5
v -1.3 1 -1.7
v -1.3 1.1 0.8
v -1.3 1.1 0.6
v -1.3 1.1 -1.5
v -1.3 1.1 -1.7
v -1.3 1.1 -2.3
v -1.3 1.1 -2.5
v -1.3 1.2 0.8
v -1.3 1.2 0.6
v -1.3 1.2 -2.3
v -1.3 1.2 -2.5
v -1.3 1.3 0.0999997
v -1.3 1.3 -2.38419e-07
v -1.3 1.3 -0.2
v -1.3 1.3 -0.3
v -1.3 1.4 0.0999997
v -1.3 1.4 -2.38419e-07
v -1.3 1.4 -0.2
v -1.3 1.4 -0.3
v -1.3 1.8 0.8
v -1.3 1.8 0.6
v -1.3 1.9 0.8
v -1.3 1.9 0.6
v -1.3 2.4 0.8
v -1.3 2.4 0.6
v -1.3 2.5 0.8
v -1.3 2.5 0.6
v -1.2 0.9 2
v -1.2 0.9 1.9
v -1.2 0.9 -0.9
v -1.2 0.9 -1.1
v -1.2 1 2
v -1.2 1 1.9
v -1.2 1 0.8
v -1.2 1 0.6
v -1.2 1 -0.9
v -1.2 1 -1.1
v -1.2 1 -2.3
v -1.2 1 -2.5
v -1.2 1.1 0.8
v -1.2 1.1 0.6
v -1.2 1.1 -1.5
v -1.2 1.1 -1.7
v -1.2 1.1 -2.3
v -1.2 1.1 -2.5
v -1.2 1.2 -2.38419e-07
v -1.2 1.2 -0.2
v -1.2 1.2 -1.5
v -1.2 1.2 -1.7
v -1.2 1.3 -2.38419e-07
v -1.2 1.3 -0.2
v -1.2 1.4 0.2
v -1.2 1.4 0.0999997
v -1.2 1.4 -0.3
v -1.2 1.4 -0.4
v -1.2 1.5 0.2
v -1.2 1.5 0.0999997
v -1.2 1.5 -0.3
v -1.2 1.5 -0.4
v -1.2 1.7 0.8
v -1.2 1.7 0.6
v -1.2 1.8 0.8
v -1.2 1.8 0.6
v -1.2 2.3 0.8
v -1.2 2.3 0.6
v -1.2 2.4 0.8
v -1.2 2.4 0.6
v -1.1 0.9 1.9
v -1.1 0.9 1.8
v -1.1 0.9 0.8
v -1.1 0.9 0.6
v -1.1 0.9 -2.3
v -1.1 0.9 -2.5
v -1.1 1 1.9
v -1.1 1 1.8
v -1.1 1 0.9
v -1.1 1 0.8
v -1.1 1 0.6
v -1.1 1 0.5
v -1.1 1 -1.5
v -1.1 1 -1.7
v -1.1 1 -2.2
v -1.1 1 -2.3
v -1.1 1 -2.5
v -1.1 1 -2.6
v -1.1 1.1 1
v -1.1 1.1 0.9
v -1.1 1.1 0.5
v -1.1 1.1 0.4
v -1.1 1.1 -1.5
v -1.1 1.1 -1.7
v -1.1 1.1 -2.1
v -1.1 1.1 -2.2
v -1.1 1.1 -2.6
v -1.1 1.1 -2.7
v -1.1 1.2 1.1
v -1.1 1.2 1
v -1.1 1.2 0.9
v -1.1 1.2 0.8
v -1.1 1.2 0.6
v -1.1 1.2 0.5
v -1.1 1.2 0.4
v -1.1 1.2 0.3
v -1.1 1.2 -2
v -1.1 1.2 -2.1
v -1.1 1.2 -2.2
v -1.1 1.2 -2.3
v -1.1 1.2 -2.5
v -1.1 1.2 -2.6
v -1.1 1.2 -2.7
v -1.1 1.2 -2.8
v -1.1 1.3 1.1
v -1.1 1.3 0.9
v -1.1 1.3 0.5
v -1.1 1.3 0.3
v -1.1 1.3 0.2
v -1.1 1.3 -2.38419e-07
v -1.1 1.3 -0.2
v -1.1 1.3 -0.4
v -1.1 1.3 -0.5
v -1.1 1.3 -2
v -1.1 1.3 -2.2
v -1.1 1.3 -2.6
v -1.1 1.3 -2.8
v -1.1 1.4 0.3
v -1.1 1.4 0.2
v -1.1 1.4 -2.38419e-07
v -1.1 1.4 -0.2
v -1.1 1.4 -0.4
v -1.1 1.4 -0.5
v -1.1 1.7 0.9
v -1.1 1.7 0.8
v -1.1 1.7 0.6
v -1.1 1.7 0.5
v -1.1 1.8 1.3
v -1.1 1.8 1.1
v -1.1 1.8 1
v -1.1 1.8 0.9
v -1.1 1.8 0.5
v -1.1 1.8 0.4
v -1.1 1.8 0.3
v -1.1 1.8 0.0999997
v -1.1 1.9 1.3
v -1.1 1.9 1.2
v -1.1 1.9 1.1
v -1.1 1.9 1
v -1.1 1.9 0.9
v -1.1 1.9 0.8
v -1.1 1.9 0.6
v -1.1 1.9 0.5
v -1.1 1.9 0.4
v -1.1 1.9 0.3
v -1.1 1.9 0.2
v -1.1 1.9 0.0999997
v -1.1 2 1.2
v -1.1 2 0.9
v -1.1 2 0.5
v -1.1 2 0.2
v -1.1 2 0.0999997
v -1.1 2.3 0.9
v -1.1 2.3 0.8
v -1.1 2.3 0.6
v -1.1 2.3 0.5
v -1.1 2.4 1
v -1.1 2.4 0.9
v -1.1 2.4 0.5
v -1.1 2.4 0.4
v -1.1 2.5 1.2
v -1.1 2.5 1.1
v -1.1 2.5 1
v -1.1 2.5 0.9
v -1.1 2.5 0.8
v -1.1 2.5 0.6
v -1.1 2.5 0.5
v -1.1 2.5 0.4
v -1.1 2.5 0.3
v -1.1 2.6 1.2
v -1.1 2.6 1.1
v -1.1 2.6 0.9
v -1.1 2.6 0.5
v -1.1 2.6 0.4
v -1.1 2.6 0.3
v -1.1 2.7 0.5
v -1.1 2.7 0.4
v -1 0.9 1.8
v -1 0.9 1.7
v -1 0.9 1.4
v -1 0.9 1.2
v -1 0.9 -1.5
v -1 0.9 -1.7
v -1 1 1.8
v -1 1 1.7
v -1 1 1.4
v -1 1 1.2
v -1 1 -1.2
v -1 1 -1.3
v -1 1 -1.4
v -1 1 -1.5
v -1 1 -1.7
v -1 1 -1.8
v -1 1 -1.9
v -1 1 -2
v -1 1.1 -1.2
v -1 1.1 -1.3
v -1 1.1 -1.4
v -1 1.1 -1.5
v -1 1.1 -1.7
v -1 1.1 -1.8
v -1 1.1 -1.9
v -1 1.1 -2
v -1 1.2 1.2
v -1 1.2 1.1
v -1 1.2 -1.3
v -1 1.2 -1.4
v -1 1.2 -1.8
v -1 1.2 -1.9
v -1 1.3 1.3
v -1 1.3 1.2
v -1 1.3 1.1
v -1 1.4 1.3
v -1 1.4 1.1
v -1 1.4 -2.38419e-07
v -1 1.4 -0.2
v -1 1.5 -2.38419e-07
v -1 1.5 -0.2
v -1 2 0.4
v -1 2 0.3
v -1 2.1 0.4
v -1 2.1 0.3
v -1 2.6 0.4
v -1 2.6 0.3
v -1 2.7 0.4
v -1 2.7 0.3
v -0.9 0.9 1.7
v -0.9 0.9 1.6
v -0.9 1 1.7
v -0.9 1 1.6
v -0.9 1.1 -2.3
v -0.9 1.1 -2.5
v -0.9 1.2 -0.4
v -0.9 1.2 -0.6
v -0.9 1.2 -2.3
v -0.9 1.2 -2.5
v -0.9 1.3 -0.4
v -0.9 1.3 -0.6
v -0.9 1.5 -2.38419e-07
v -0.9 1.5 -0.2
v -0.9 1.6 -2.38419e-07
v -0.9 1.6 -0.2
v -0.9 2.4 0.8
v -0.9 2.4 0.6
v -0.9 2.5 0.8
v -0.9 2.5 0.6
v -0.8 0.9 1.6
v -0.8 0.9 1.5
v -0.8 1 1.6
v -0.8 1 1.5
v -0.8 1 -1.5
v -0.8 1 -1.7
v -0.8 1.1 -0.4
v -0.8 1.1 -0.6
v -0.8 1.1 -1.5
v -0.8 1.1 -1.7
v -0.8 1.2 0.8
v -0.8 1.2 0.6
v -0.8 1.2 -0.4
v -0.8 1.2 -0.6
v -0.8 1.2 -2.3
v -0.8 1.2 -2.5
v -0.8 1.3 0.8
v -0.8 1.3 0.7
v -0.8 1.3 0.6
v -0.8 1.3 -1.2
v -0.8 1.3 -1.3
v -0.8 1.3 -2.3
v -0.8 1.3 -2.5
v -0.8 1.4 0.7
v -0.8 1.4 0.6
v -0.8 1.4 -1.2
v -0.8 1.4 -1.3
v -0.8 1.6 -2.38419e-07
v -0.8 1.6 -0.2
v -0.8 1.6 -2.8
v -0.8 1.6 -2.9
v -0.8 1.7 -2.38419e-07
v -0.8 1.7 -0.2
v -0.8 1.7 -2.8
v -0.8 1.7 -2.9
v -0.8 1.9 0.8
v -0.8 1.9 0.6
v -0.8 2 0.8
v -0.8 2 0.6
v -0.8 2.5 0.8
v -0.8 2.5 0.6
v -0.8 2.6 0.8
v -0.8 2.6 0.6
v -0.7 0.9 1.5
v -0.7 0.9 1.4
v -0.7 0.9 0.2
v -0.7 0.9 0.0999997
v -0.7 1 1.5
v -0.7 1 1.4
v -0.7 1 0.2
v -0.7 1 0.0999997
v -0.7 1 -0.4
v -0.7 1 -0.6
v -0.7 1.1 -0.4
v -0.7 1.1 -0.6
v -0.7 1.1 -1.5
v -0.7 1.1 -1.7
v -0.7 1.2 -1.5
v -0.7 1.2 -1.7
v -0.7 1.3 0.8
v -0.7 1.3 0.7
v -0.7 1.3 -1.3
v -0.7 1.3 -1.4
v -0.7 1.4 0.8
v -0.7 1.4 0.7
v -0.7 1.4 -1.3
v -0.7 1.4 -1.4
v -0.7 1.5 -1.3
v -0.7 1.5 -1.4
v -0.7 1.5 -2.8
v -0.7 1.5 -3
v -0.7 1.6 -2.8
v -0.7 1.6 -2.9
v -0.7 1.6 -3
v -0.7 1.7 -2.38419e-07
v -0.7 1.7 -0.2
v -0.7 1.8 -2.38419e-07
v -0.7 1.8 -0.2
v -0.6 0.9 1.4
v -0.6 0.9 1.3
v -0.6 0.9 0.3
v -0.6 0.9 0.2
v -0.6 0.9 -0.4
v -0.6 0.9 -0.6
v -0.6 0.9 -2.7
v -0.6 0.9 -2.8
v -0.6 1 1.4
v -0.6 1 1.3
v -0.6 1 0.3
v -0.6 1 0.2
v -0.6 1 -0.3
v -0.6 1 -0.4
v -0.6 1 -0.6
v -0.6 1 -0.7
v -0.6 1 -1.5
v -0.6 1 -1.7
v -0.6 1 -2.7
v -0.6 1 -2.8
v -0.6 1.1 -0.2
v -0.6 1.1 -0.3
v -0.6 1.1 -0.7
v -0.6 1.1 -0.8
v -0.6 1.1 -1.5
v -0.6 1.1 -1.7
v -0.6 1.2 -0.1
v -0.6 1.2 -0.2
v -0.6 1.2 -0.3
v -0.6 1.2 -0.4
v -0.6 1.2 -0.6
v -0.6 1.2 -0.7
v -0.6 1.2 -0.8
v -0.6 1.2 -0.9
v -0.6 1.2 -1.2
v -0.6 1.2 -1.4
v -0.6 1.3 -0.1
v -0.6 1.3 -0.3
v -0.6 1.3 -0.7
v -0.6 1.3 -0.9
v -0.6 1.3 -1.2
v -0.6 1.3 -1.4
v -0.6 1.4 -2.9
v -0.6 1.4 -3
v -0.6 1.5 -2.9
v -0.6 1.5 -3
v -0.6 1.8 0.8
v -0.6 1.8 0.6
v -0.6 1.9 0.8
v -0.6 1.9 0.6
v -0.5 0.9 1.3
v -0.5 0.9 1.2
v -0.5 1 1.3
v -0.5 1 1.2
v -0.5 1.1 -1.2
v -0.5 1.1 -1.4
v -0.5 1.2 -1.2
v -0.5 1.2 -1.4
v -0.5 1.3 -2.9
v -0.5 1.3 -3
v -0.5 1.4 -2.9
v -0.5 1.4 -3
v -0.5 1.5 -2.38419e-07
v -0.5 1.5 -0.2
v -0.5 1.6 -2.38419e-07
v -0.5 1.6 -0.1
v -0.5 1.6 -0.2
v -0.5 1.7 0.7
v -0.5 1.7 0.6
v -0.5 1.8 0.7
v -0.5 1.8 0.6
v -0.4 0.9 1.2
v -0.4 0.9 1.1
v -0.4 1 1.2
v -0.4 1 1.1
v -0.4 1 -1.2
v -0.4 1 -1.4
v -0.4 1.1 -0.4
v -0.4 1.1 -0.6
v -0.4 1.1 -1.2
v -0.4 1.1 -1.4
v -0.4 1.2 -0.4
v -0.4 1.2 -0.6
v -0.4 1.2 -2.9
v -0.4 1.2 -3
v -0.4 1.3 -2.9
v -0.4 1.3 -3
v -0.4 1.4 -2.38419e-07
v -0.4 1.4 -0.2
v -0.4 1.5 -2.38419e-07
v -0.4 1.5 -0.2
v -0.3 0.9 1.1
v -0.3 0.9 1
v -0.3 0.9 -1.2
v -0.3 0.9 -1.4
v -0.3 1 1.1
v -0.3 1 1
v -0.3 1 -1.1
v -0.3 1 -1.2
v -0.3 1 -1.4
v -0.3 1 -1.5
v -0.3 1.1 -1
v -0.3 1.1 -1.1
v -0.3 1.1 -1.5
v -0.3 1.1 -1.6
v -0.3 1.2 -0.4
v -0.3 1.2 -0.6
v -0.3 1.2 -0.9
v -0.3 1.2 -1
v -0.3 1.2 -1.1
v -0.3 1.2 -1.2
v -0.3 1.2 -1.4
v -0.3 1.2 -1.5
v -0.3 1.2 -1.6
v -0.3 1.2 -1.7
v -0.3 1.2 -3
v -0.3 1.2 -3.1
v -0.3 1.3 -0.4
v -0.3 1.3 -0.6
v -0.3 1.3 -0.7
v -0.3 1.3 -0.8
v -0.3 1.3 -0.9
v -0.3 1.3 -1
v -0.3 1.3 -1.1
v -0.3 1.3 -1.5
v -0.3 1.3 -1.6
v -0.3 1.3 -1.7
v -0.3 1.3 -1.8
v -0.3 1.3 -1.9
v -0.3 1.3 -3.1
v -0.3 1.3 -3.2
v -0.3 1.4 -0.7
v -0.3 1.4 -0.8
v -0.3 1.4 -0.9
v -0.3 1.4 -1
v -0.3 1.4 -1.6
v -0.3 1.4 -1.7
v -0.3 1.4 -1.8
v -0.3 1.4 -1.9
v -0.3 1.4 -3
v -0.3 1.4 -3.1
v -0.3 1.4 -3.2
v -0.3 1.4 -3.3
v -0.3 1.5 -0.8
v -0.3 1.5 -0.9
v -0.3 1.5 -1.7
v -0.3 1.5 -1.8
v -0.3 1.5 -3.1
v -0.3 1.5 -3.3
v -0.2 0.9 1
v -0.2 0.9 0.9
v -0.2 0.9 0.5
v -0.2 0.9 0.3
v -0.2 0.9 -0.9
v -0.2 0.9 -1
v -0.2 0.9 -2.2
v -0.2 0.9 -2.3
v -0.2 0.9 -2.9
v -0.2 0.9 -3
v -0.2 1 1
v -0.2 1 0.9
v -0.2 1 0.5
v -0.2 1 0.3
v -0.2 1 -0.9
v -0.2 1 -1
v -0.2 1 -2.2
v -0.2 1 -2.3
v -0.2 1.2 -2.7
v -0.2 1.2 -2.9
v -0.2 1.2 -3
v -0.2 1.3 -2.6
v -0.2 1.3 -2.7
v -0.2 1.3 -2.8
v -0.2 1.3 -2.9
v -0.2 1.3 -3
v -0.2 1.4 -2.5
v -0.2 1.4 -2.6
v -0.2 1.4 -2.7
v -0.2 1.4 -2.8
v -0.2 1.4 -3
v -0.2 1.4 -3.3
v -0.2 1.4 -3.4
v -0.2 1.5 -2.5
v -0.2 1.5 -2.7
v -0.2 1.5 -2.9
v -0.2 1.5 -3
v -0.2 1.5 -3.3
v -0.2 1.5 -3.4
v -0.2 1.5 -3.5
v -0.2 1.6 -3.3
v -0.2 1.6 -3.5
v -0.0999999 0.9 0.9
v -0.0999999 0.9 0.8
v -0.0999999 0.9 -1
v -0.0999999 0.9 -1.1
v -0.0999999 1 0.9
v -0.0999999 1 0.8
v -0.0999999 1 -1
v -0.0999999 1 -1.1
v -0.0999999 1.1 -1.2
v -0.0999999 1.1 -1.4
v -0.0999999 1.2 -1.2
v -0.0999999 1.2 -1.4
v -0.0999999 1.5 -2.4
v -0.0999999 1.5 -2.5
v -0.0999999 1.5 -2.6
v -0.0999999 1.5 -2.9
v -0.0999999 1.5 -3
v -0.0999999 1.6 -2.4
v -0.0999999 1.6 -2.6
v -0.0999999 1.6 -2.9
v -0.0999999 1.6 -3
v 2.38419e-07 0.9 0.8
v 2.38419e-07 0.9 0.7
v 2.38419e-07 1 0.8
v 2.38419e-07 1 0.7
v 2.38419e-07 1.2 -1.2
v 2.38419e-07 1.2 -1.4
v 2.38419e-07 1.3 -1.2
v 2.38419e-07 1.3 -1.4
v 2.38419e-07 1.6 -2.9
v 2.38419e-07 1.6 -3
v 2.38419e-07 1.7 -2.9
v 2.38419e-07 1.7 -3
v 0.1 0.9 0.7
v 0.1 0.9 0.6
v 0.1 1 0.7
v 0.1 1 0.6
v 0.1 1.1 -2.9
v 0.1 1.1 -3
v 0.1 1.2 -2.9
v 0.1 1.2 -3
v 0.1 1.3 -0.1
v 0.1 1.3 -0.3
v 0.1 1.3 -1.2
v 0.1 1.3 -1.4
v 0.1 1.3 -2.3
v 0.1 1.3 -2.5
v 0.1 1.4 -0.1
v 0.1 1.4 -0.3
v 0.1 1.4 -1.2
v 0.1 1.4 -1.4
v 0.1 1.4 -2.3
v 0.1 1.4 -2.5
v 0.1 1.7 -2.8
v 0.1 1.7 -2.9
v 0.1 1.7 -3
v 0.1 1.8 -2.8
v 0.1 1.8 -3
v 0.2 0.9 0.6
v 0.2 0.9 0.5
v 0.2 1 0.6
v 0.2 1 0.5
v 0.2 1.2 -0.1
v 0.2 1.2 -0.3
v 0.2 1.2 -2.3
v 0.2 1.2 -2.5
v 0.2 1.3 -0.1
v 0.2 1.3 -0.3
v 0.2 1.3 -2.3
v 0.2 1.3 -2.5
v 0.2 1.4 -1.2
v 0.2 1.4 -1.4
v 0.2 1.4 -1.6
v 0.2 1.4 -1.8
v 0.2 1.5 -1.2
v 0.2 1.5 -1.4
v 0.2 1.5 -1.6
v 0.2 1.5 -1.8
v 0.2 1.8 -2.7
v 0.2 1.8 -2.8
v 0.2 1.8 -2.9
v 0.2 1.9 -2.6
v 0.2 1.9 -2.7
v 0.2 1.9 -2.8
v 0.2 1.9 -2.9
v 0.2 2 -2.6
v 0.2 2 -2.8
v 0.2 2.2 -1.6
v 0.2 2.2 -1.8
v 0.2 2.3 -1.6
v 0.2 2.3 -1.8
v 0.2 3.1 -1.6
v 0.2 3.1 -1.7
v 0.2 3.1 -1.8
v 0.2 3.2 -1.6
v 0.2 3.2 -1.7
v 0.2 3.2 -1.8
v 0.2 4 -1.6
v 0.2 4 -1.8
v 0.2 4.1 -1.6
v 0.2 4.1 -1.8
v 0.3 0.9 0.5
v 0.3 0.9 0.4
v 0.3 1 0.5
v 0.3 1 0.4
v 0.3 1.1 -0.1
v 0.3 1.1 -0.3
v 0.3 1.1 -2.3
v 0.3 1.1 -2.5
v 0.3 1.2 -0.1
v 0.3 1.2 -0.3
v 0.3 1.2 -2.3
v 0.3 1.2 -2.5
v 0.3 1.5 -1.6
v 0.3 1.5 -1.7
v 0.3 1.5 -1.8
v 0.3 1.6 -1.6
v 0.3 1.6 -1.7
v 0.3 1.6 -1.8
v 0.3 2.3 -1.6
v 0.3 2.3 -1.8
v 0.3 2.4 -1.6
v 0.3 2.4 -1.8
v 0.3 3.2 -1.6
v 0.3 3.2 -1.7
v 0.3 3.2 -1.8
v 0.3 3.3 -1.6
v 0.3 3.3 -1.7
v 0.3 3.3 -1.8
v 0.3 4.1 -1.6
v 0.3 4.1 -1.7
v 0.3 4.1 -1.8
v 0.3 4.2 -1.6
v 0.3 4.2 -1.7
v 0.3 4.2 -1.8
v 0.4 0.9 0.4
v 0.4 0.9 0.3
v 0.4 1 0.4
v 0.4 1 0.3
v 0.4 1 -0.1
v 0.4 1 -0.3
v 0.4 1 -2.3
v 0.4 1 -2.5
v 0.4 1.1 -0.1
v 0.4 1.1 -0.3
v 0.4 1.1 -2.3
v 0.4 1.1 -2.5
v 0.4 1.2 -1
v 0.4 1.2 -1.2
v 0.4 1.3 -1
v 0.4 1.3 -1.2
v 0.4 1.6 -1.6
v 0.4 1.6 -1.7
v 0.4 1.6 -1.8
v 0.4 1.7 -1.6
v 0.4 1.7 -1.8
v 0.4 2.4 -1.6
v 0.4 2.4 -1.7
v 0.4 2.4 -1.8
v 0.4 2.5 -1.6
v 0.4 2.5 -1.7
v 0.4 2.5 -1.8
v 0.4 3.3 -1.6
v 0.4 3.3 -1.7
v 0.4 3.3 -1.8
v 0.4 3.4 -1.6
v 0.4 3.4 -1.8
v 0.4 4.2 -1.6
v 0.4 4.2 -1.7
v 0.4 4.2 -1.8
v 0.4 4.3 -1.6
v 0.4 4.3 -1.7
v 0.4 4.3 -1.8
v 0.5 0.9 0.3
v 0.5 0.9 0.2
v 0.5 0.9 -0.1
v 0.5 0.9 -0.3
v 0.5 0.9 -2.3
v 0.5 0.9 -2.5
v 0.5 1 0.3
v 0.5 1 0.2
v 0.5 1 -2.38419e-07
v 0.5 1 -0.1
v 0.5 1 -0.3
v 0.5 1 -0.4
v 0.5 1 -2.2
v 0.5 1 -2.3
v 0.5 1 -2.5
v 0.5 1 -2.6
v 0.5 1.1 0.0999997
v 0.5 1.1 -2.38419e-07
v 0.5 1.1 -0.4
v 0.5 1.1 -0.5
v 0.5 1.1 -1
v 0.5 1.1 -1.2
v 0.5 1.1 -2.1
v 0.5 1.1 -2.2
v 0.5 1.1 -2.6
v 0.5 1.1 -2.7
v 0.5 1.2 0.2
v 0.5 1.2 0.0999997
v 0.5 1.2 -2.38419e-07
v 0.5 1.2 -0.1
v 0.5 1.2 -0.3
v 0.5 1.2 -0.4
v 0.5 1.2 -0.5
v 0.5 1.2 -0.6
v 0.5 1.2 -1
v 0.5 1.2 -1.2
v 0.5 1.2 -2
v 0.5 1.2 -2.1
v 0.5 1.2 -2.2
v 0.5 1.2 -2.3
v 0.5 1.2 -2.5
v 0.5 1.2 -2.6
v 0.5 1.2 -2.7
v 0.5 1.2 -2.8
v 0.5 1.3 0.3
v 0.5 1.3 0.2
v 0.5 1.3 0.0999997
v 0.5 1.3 -2.38419e-07
v 0.5 1.3 -0.4
v 0.5 1.3 -0.5
v 0.5 1.3 -0.6
v 0.5 1.3 -0.7
v 0.5 1.3 -1.9
v 0.5 1.3 -2
v 0.5 1.3 -2.1
v 0.5 1.3 -2.2
v 0.5 1.3 -2.6
v 0.5 1.3 -2.7
v 0.5 1.3 -2.8
v 0.5 1.3 -2.9
v 0.5 1.4 0.3
v 0.5 1.4 0.0999997
v 0.5 1.4 -0.5
v 0.5 1.4 -0.7
v 0.5 1.4 -1.9
v 0.5 1.4 -2.1
v 0.5 1.4 -2.7
v 0.5 1.4 -2.9
v 0.5 1.7 -1.6
v 0.5 1.7 -1.7
v 0.5 1.7 -1.8
v 0.5 1.8 -1.6
v 0.5 1.8 -1.7
v 0.5 1.8 -1.8
v 0.5 2.5 -1.6
v 0.5 2.5 -1.7
v 0.5 2.5 -1.8
v 0.5 2.6 -1.6
v 0.5 2.6 -1.7
v 0.5 2.6 -1.8
v 0.5 3.4 -1.6
v 0.5 3.4 -1.7
v 0.5 3.4 -1.8
v 0.5 3.5 -1.6
v 0.5 3.5 -1.7
v 0.5 3.5 -1.8
v 0.5 4.3 -1.6
v 0.5 4.3 -1.7
v 0.5 4.3 -1.8
v 0.5 4.4 -1.6
v 0.5 4.4 -1.7
v 0.5 4.4 -1.8
v 0.6 0.9 0.2
v 0.6 0.9 0.0999997
v 0.6 1 0.2
v 0.6 1 0.0999997
v 0.6 1 -1
v 0.6 1 -1.2
v 0.6 1.1 -1
v 0.6 1.1 -1.2
v 0.7 0.9 0.0999997
v 0.7 0.9 -2.38419e-07
v 0.7 0.9 -1
v 0.7 0.9 -1.2
v 0.7 1 0.0999997
v 0.7 1 -2.38419e-07
v 0.7 1 -0.9
v 0.7 1 -1
v 0.7 1 -1.2
v 0.7 1 -1.3
v 0.7 1.1 -0.1
v 0.7 1.1 -0.3
v 0.7 1.1 -0.8
v 0.7 1.1 -0.9
v 0.7 1.1 -1.3
v 0.7 1.1 -1.4
v 0.7 1.1 -2.3
v 0.7 1.1 -2.5
v 0.7 1.2 -0.1
v 0.7 1.2 -0.3
v 0.7 1.2 -0.7
v 0.7 1.2 -0.8
v 0.7 1.2 -0.9
v 0.7 1.2 -1
v 0.7 1.2 -1.2
v 0.7 1.2 -1.3
v 0.7 1.2 -1.4
v 0.7 1.2 -1.5
v 0.7 1.2 -2.3
v 0.7 1.2 -2.5
v 0.7 1.3 -0.7
v 0.7 1.3 -0.9
v 0.7 1.3 -1.3
v 0.7 1.3 -1.5
v 0.7 1.5 -1.6
v 0.7 1.5 -1.8
v 0.7 1.6 -1.6
v 0.7 1.6 -1.8
v 0.7 2.3 -1.6
v 0.7 2.3 -1.8
v 0.7 2.4 -1.6
v 0.7 2.4 -1.8
v 0.7 3.2 -1.6
v 0.7 3.2 -1.8
v 0.7 3.3 -1.6
v 0.7 3.3 -1.8
v 0.7 4.1 -1.6
v 0.7 4.1 -1.8
v 0.7 4.2 -1.6
v 0.7 4.2 -1.8
v 0.8 0.9 -2.38419e-07
v 0.8 0.9 -0.1
v 0.8 1 -2.38419e-07
v 0.8 1 -0.1
v 0.8 1.2 -0.1
v 0.8 1.2 -0.3
v 0.8 1.2 -2.3
v 0.8 1.2 -2.5
v 0.8 1.3 -0.1
v 0.8 1.3 -0.3
v 0.8 1.3 -2.3
v 0.8 1.3 -2.5
v 0.8 1.4 -1.6
v 0.8 1.4 -1.8
v 0.8 1.5 -1.6
v 0.8 1.5 -1.8
v 0.8 2.2 -1.6
v 0.8 2.2 -1.8
v 0.8 2.3 -1.6
v 0.8 2.3 -1.8
v 0.8 3.1 -1.6
v 0.8 3.1 -1.8
v 0.8 3.2 -1.6
v 0.8 3.2 -1.8
v 0.8 4 -1.6
v 0.8 4 -1.8
v 0.8 4.1 -1.6
v 0.8 4.1 -1.8
v 0.9 0.9 -0.1
v 0.9 0.9 -0.2
v 0.9 1 -0.1
v 0.9 1 -0.2
v 0.9 1.1 -1
v 0.9 1.1 -1.2
v 0.9 1.2 -1
v 0.9 1.2 -1.2
v 0.9 1.3 -0.1
v 0.9 1.3 -0.3
v 0.9 1.3 -1.6
v 0.9 1.3 -1.8
v 0.9 1.3 -2.3
v 0.9 1.3 -2.5
v 0.9 1.4 -0.1
v 0.9 1.4 -0.3
v 0.9 1.4 -1.6
v 0.9 1.4 -1.8
v 0.9 1.4 -2.3
v 0.9 1.4 -2.5
v 0.9 2.1 -1.6
v 0.9 2.1 -1.8
v 0.9 2.2 -1.6
v 0.9 2.2 -1.8
v 0.9 3 -1.6
v 0.9 3 -1.8
v 0.9 3.1 -1.6
v 0.9 3.1 -1.8
v 0.9 3.9 -1.6
v 0.9 3.9 -1.8
v 0.9 4 -1.6
v 0.9 4 -1.8
v 1 0.9 -0.2
v 1 0.9 -0.3
v 1 1 -0.2
v 1 1 -0.3
v 1 1.2 -1
v 1 1.2 -1.2
v 1 1.2 -1.6
v 1 1.2 -1.8
v 1 1.3 -1
v 1 1.3 -1.2
v 1 1.3 -1.3
v 1 1.3 -1.4
v 1 1.3 -1.6
v 1 1.3 -1.8
v 1 1.3 -2
v 1 1.3 -2.1
v 1 1.4 -1.3
v 1 1.4 -1.4
v 1 1.4 -2
v 1 1.4 -2.1
v 1 2 -1.6
v 1 2 -1.8
v 1 2.1 -1.3
v 1 2.1 -1.4
v 1 2.1 -1.6
v 1 2.1 -1.8
v 1 2.1 -2
v 1 2.1 -2.1
v 1 2.2 -1.3
v 1 2.2 -1.4
v 1 2.2 -2
v 1 2.2 -2.1
v 1 2.9 -1.6
v 1 2.9 -1.8
v 1 3 -1.3
v 1 3 -1.4
v 1 3 -1.6
v 1 3 -1.8
v 1 3 -2
v 1 3 -2.1
v 1 3.1 -1.3
v 1 3.1 -1.4
v 1 3.1 -2
v 1 3.1 -2.1
v 1 3.8 -1.6
v 1 3.8 -1.8
v 1 3.9 -1.3
v 1 3.9 -1.4
v 1 3.9 -1.6
v 1 3.9 -1.8
v 1 3.9 -2
v 1 3.9 -2.1
v 1 4 -1.3
v 1 4 -1.4
v 1 4 -2
v 1 4 -2.1
v 1.1 0.9 -0.3
v 1.1 0.9 -0.4
v 1.1 1 -0.3
v 1.1 1 -0.4
v 1.1 1.1 -1.6
v 1.1 1.1 -1.8
v 1.1 1.2 -1.6
v 1.1 1.2 -1.8
v 1.1 1.4 -1.4
v 1.1 1.4 -1.5
v 1.1 1.4 -1.9
v 1.1 1.4 -2
v 1.1 1.5 -1.4
v 1.1 1.5 -1.5
v 1.1 1.5 -1.9
v 1.1 1.5 -2
v 1.1 1.9 -1.6
v 1.1 1.9 -1.8
v 1.1 2 -1.6
v 1.1 2 -1.8
v 1.1 2.2 -1.4
v 1.1 2.2 -1.5
v 1.1 2.2 -1.9
v 1.1 2.2 -2
v 1.1 2.3 -1.4
v 1.1 2.3 -1.5
v 1.1 2.3 -1.9
v 1.1 2.3 -2
v 1.1 2.8 -1.6
v 1.1 2.8 -1.8
v 1.1 2.9 -1.6
v 1.1 2.9 -1.8
v 1.1 3.1 -1.4
v 1.1 3.1 -1.5
v 1.1 3.1 -1.9
v 1.1 3.1 -2
v 1.1 3.2 -1.4
v 1.1 3.2 -1.5
v 1.1 3.2 -1.9
v 1.1 3.2 -2
v 1.1 3.7 -1.6
v 1.1 3.7 -1.8
v 1.1 3.8 -1.6
v 1.1 3.8 -1.8
v 1.1 4 -1.4
v 1.1 4 -1.5
v 1.1 4 -1.9
v 1.1 4 -2
v 1.1 4.1 -1.4
v 1.1 4.1 -1.5
v 1.1 4.1 -1.9
v 1.1 4.1 -2
v 1.2 0.9 -0.4
v 1.2 0.9 -0.5
v 1.2 1 -0.4
v 1.2 1 -0.5
v 1.2 1 -1.6
v 1.2 1 -1.8
v 1.2 1.1 -1.6
v 1.2 1.1 -1.8
v 1.2 1.3 -1.5
v 1.2 1.3 -1.6
v 1.2 1.3 -1.8
v 1.2 1.3 -1.9
v 1.2 1.4 -1.5
v 1.2 1.4 -1.6
v 1.2 1.4 -1.8
v 1.2 1.4 -1.9
v 1.2 1.8 -1.6
v 1.2 1.8 -1.8
v 1.2 1.9 -1.6
v 1.2 1.9 -1.8
v 1.2 2.1 -1.5
v 1.2 2.1 -1.6
v 1.2 2.1 -1.8
v 1.2 2.1 -1.9
v 1.2 2.2 -1.5
v 1.2 2.2 -1.6
v 1.2 2.2 -1.8
v 1.2 2.2 -1.9
v 1.2 2.7 -1.6
v 1.2 2.7 -1.8
v 1.2 2.8 -1.6
v 1.2 2.8 -1.8
v 1.2 3 -1.5
v 1.2 3 -1.6
v 1.2 3 -1.8
v 1.2 3 -1.9
v 1.2 3.1 -1.5
v 1.2 3.1 -1.6
v 1.2 3.1 -1.8
v 1.2 3.1 -1.9
v 1.2 3.6 -1.6
v 1.2 3.6 -1.8
v 1.2 3.7 -1.6
v 1.2 3.7 -1.8
v 1.2 3.9 -1.5
v 1.2 3.9 -1.6
v 1.2 3.9 -1.8
v 1.2 3.9 -1.9
v 1.2 4 -1.5
v 1.2 4 -1.6
v 1.2 4 -1.8
v 1.2 4 -1.9
v 1.3 0.9 -0.5
v 1.3 0.9 -0.6
v 1.3 0.9 -1.6
v 1.3 0.9 -1.8
v 1.3 1 -0.5
v 1.3 1 -0.6
v 1.3 1 -1.5
v 1.3 1 -1.6
v 1.3 1 -1.8
v 1.3 1 -1.9
v 1.3 1.1 -1.4
v 1.3 1.1 -1.5
v 1.3 1.1 -1.9
v 1.3 1.1 -2
v 1.3 1.2 -1.3
v 1.3 1.2 -1.4
v 1.3 1.2 -1.5
v 1.3 1.2 -1.6
v 1.3 1.2 -1.8
v 1.3 1.2 -1.9
v 1.3 1.2 -2
v 1.3 1.2 -2.1
v 1.3 1.3 -1.2
v 1.3 1.3 -1.3
v 1.3 1.3 -1.4
v 1.3 1.3 -1.5
v 1.3 1.3 -1.6
v 1.3 1.3 -1.8
v 1.3 1.3 -1.9
v 1.3 1.3 -2
v 1.3 1.3 -2.1
v 1.3 1.3 -2.2
v 1.3 1.4 -0.5
v 1.3 1.4 -0.7
v 1.3 1.4 -1.1
v 1.3 1.4 -1.2
v 1.3 1.4 -1.3
v 1.3 1.4 -1.4
v 1.3 1.4 -1.6
v 1.3 1.4 -1.8
v 1.3 1.4 -2
v 1.3 1.4 -2.1
v 1.3 1.4 -2.2
v 1.3 1.4 -2.3
v 1.3 1.4 -2.7
v 1.3 1.4 -2.9
v 1.3 1.5 -0.5
v 1.3 1.5 -0.6
v 1.3 1.5 -0.7
v 1.3 1.5 -0.8
v 1.3 1.5 -1
v 1.3 1.5 -1.1
v 1.3 1.5 -1.2
v 1.3 1.5 -1.3
v 1.3 1.5 -2.1
v 1.3 1.5 -2.2
v 1.3 1.5 -2.3
v 1.3 1.5 -2.4
v 1.3 1.5 -2.7
v 1.3 1.5 -2.8
v 1.3 1.5 -2.9
v 1.3 1.6 -0.6
v 1.3 1.6 -0.7
v 1.3 1.6 -0.8
v 1.3 1.6 -1
v 1.3 1.6 -1.1
v 1.3 1.6 -1.2
v 1.3 1.6 -2.2
v 1.3 1.6 -2.3
v 1.3 1.6 -2.4
v 1.3 1.6 -2.6
v 1.3 1.6 -2.7
v 1.3 1.6 -2.8
v 1.3 1.7 -0.7
v 1.3 1.7 -0.8
v 1.3 1.7 -1
v 1.3 1.7 -1.1
v 1.3 1.7 -2.3
v 1.3 1.7 -2.4
v 1.3 1.7 -2.6
v 1.3 1.7 -2.7
v 1.3 1.8 -0.8
v 1.3 1.8 -1
v 1.3 1.8 -1.5
v 1.3 1.8 -1.6
v 1.3 1.8 -1.8
v 1.3 1.8 -1.9
v 1.3 1.8 -2.4
v 1.3 1.8 -2.6
v 1.3 1.9 -1.4
v 1.3 1.9 -1.5
v 1.3 1.9 -1.9
v 1.3 1.9 -2
v 1.3 2 -1.3
v 1.3 2 -1.4
v 1.3 2 -1.5
v 1.3 2 -1.6
v 1.3 2 -1.8
v 1.3 2 -1.9
v 1.3 2 -2
v 1.3 2 -2.1
v 1.3 2.1 -1.2
v 1.3 2.1 -1.3
v 1.3 2.1 -1.4
v 1.3 2.1 -1.5
v 1.3 2.1 -1.6
v 1.3 2.1 -1.8
v 1.3 2.1 -1.9
v 1.3 2.1 -2
v 1.3 2.1 -2.1
v 1.3 2.1 -2.2
v 1.3 2.2 -0.5
v 1.3 2.2 -0.7
v 1.3 2.2 -1.1
v 1.3 2.2 -1.2
v 1.3 2.2 -1.3
v 1.3 2.2 -1.4
v 1.3 2.2 -1.6
v 1.3 2.2 -1.8
v 1.3 2.2 -2
v 1.3 2.2 -2.1
v 1.3 2.2 -2.2
v 1.3 2.2 -2.3
v 1.3 2.2 -2.7
v 1.3 2.2 -2.8
v 1.3 2.2 -2.9
v 1.3 2.3 -0.5
v 1.3 2.3 -0.6
v 1.3 2.3 -0.7
v 1.3 2.3 -0.8
v 1.3 2.3 -1
v 1.3 2.3 -1.1
v 1.3 2.3 -1.2
v 1.3 2.3 -1.3
v 1.3 2.3 -2.1
v 1.3 2.3 -2.2
v 1.3 2.3 -2.3
v 1.3 2.3 -2.4
v 1.3 2.3 -2.7
v 1.3 2.3 -2.8
v 1.3 2.3 -2.9
v 1.3 2.4 -0.6
v 1.3 2.4 -0.7
v 1.3 2.4 -0.8
v 1.3 2.4 -1
v 1.3 2.4 -1.1
v 1.3 2.4 -1.2
v 1.3 2.4 -2.2
v 1.3 2.4 -2.3
v 1.3 2.4 -2.4
v 1.3 2.4 -2.6
v 1.3 2.4 -2.7
v 1.3 2.4 -2.8
v 1.3 2.5 -0.7
v 1.3 2.5 -0.8
v 1.3 2.5 -1
v 1.3 2.5 -1.1
v 1.3 2.5 -2.3
v 1.3 2.5 -2.4
v 1.3 2.5 -2.6
v 1.3 2.5 -2.7
v 1.3 2.6 -0.8
v 1.3 2.6 -1
v 1.3 2.6 -2.4
v 1.3 2.6 -2.6
v 1.3 2.7 -1.5
v 1.3 2.7 -1.6
v 1.3 2.7 -1.8
v 1.3 2.7 -1.9
v 1.3 2.8 -1.4
v 1.3 2.8 -1.5
v 1.3 2.8 -1.9
v 1.3 2.8 -2
v 1.3 2.9 -1.3
v 1.3 2.9 -1.4
v 1.3 2.9 -1.5
v 1.3 2.9 -1.6
v 1.3 2.9 -1.8
v 1.3 2.9 -1.9
v 1.3 2.9 -2
v 1.3 2.9 -2.1
v 1.3 3 -1.2
v 1.3 3 -1.3
v 1.3 3 -1.4
v 1.3 3 -1.5
v 1.3 3 -1.6
v 1.3 3 -1.8
v 1.3 3 -1.9
v 1.3 3 -2
v 1.3 3 -2.1
v 1.3 3 -2.2
v 1.3 3.1 -0.5
v 1.3 3.1 -0.7
v 1.3 3.1 -1.1
v 1.3 3.1 -1.2
v 1.3 3.1 -1.3
v 1.3 3.1 -1.4
v 1.3 3.1 -1.6
v 1.3 3.1 -1.8
v 1.3 3.1 -2
v 1.3 3.1 -2.1
v 1.3 3.1 -2.2
v 1.3 3.1 -2.3
v 1.3 3.1 -2.7
v 1.3 3.1 -2.8
v 1.3 3.1 -2.9
v 1.3 3.2 -0.5
v 1.3 3.2 -0.6
v 1.3 3.2 -0.7
v 1.3 3.2 -0.8
v 1.3 3.2 -1
v 1.3 3.2 -1.1
v 1.3 3.2 -1.2
v 1.3 3.2 -1.3
v 1.3 3.2 -2.1
v 1.3 3.2 -2.2
v 1.3 3.2 -2.3
v 1.3 3.2 -2.4
v 1.3 3.2 -2.7
v 1.3 3.2 -2.8
v 1.3 3.2 -2.9
v 1.3 3.3 -0.6
v 1.3 3.3 -0.7
v 1.3 3.3 -0.8
v 1.3 3.3 -1
v 1.3 3.3 -1.1
v 1.3 3.3 -1.2
v 1.3 3.3 -2.2
v 1.3 3.3 -2.3
v 1.3 3.3 -2.4
v 1.3 3.3 -2.6
v 1.3 3.3 -2.7
v 1.3 3.3 -2.8
v 1.3 3.4 -0.7
v 1.3 3.4 -0.8
v 1.3 3.4 -1
v 1.3 3.4 -1.1
v 1.3 3.4 -2.3
v 1.3 3.4 -2.4
v 1.3 3.4 -2.6
v 1.3 3.4 -2.7
v 1.3 3.5 -0.8
v 1.3 3.5 -1
v 1.3 3.5 -2.4
v 1.3 3.5 -2.6
v 1.3 3.6 -1.5
v 1.3 3.6 -1.6
v 1.3 3.6 -1.8
v 1.3 3.6 -1.9
v 1.3 3.7 -1.4
v 1.3 3.7 -1.5
v 1.3 3.7 -1.9
v 1.3 3.7 -2
v 1.3 3.8 -1.3
v 1.3 3.8 -1.4
v 1.3 3.8 -1.5
v 1.3 3.8 -1.6
v 1.3 3.8 -1.8
v 1.3 3.8 -1.9
v 1.3 3.8 -2
v 1.3 3.8 -2.1
v 1.3 3.9 -1.2
v 1.3 3.9 -1.3
v 1.3 3.9 -1.4
v 1.3 3.9 -1.5
v 1.3 3.9 -1.6
v 1.3 3.9 -1.8
v 1.3 3.9 -1.9
v 1.3 3.9 -2
v 1.3 3.9 -2.1
v 1.3 3.9 -2.2
v 1.3 4 -0.5
v 1.3 4 -0.6
v 1.3 4 -0.7
v 1.3 4 -1.1
v 1.3 4 -1.2
v 1.3 4 -1.3
v 1.3 4 -1.4
v 1.3 4 -1.6
v 1.3 4 -1.8
v 1.3 4 -2
v 1.3 4 -2.1
v 1.3 4 -2.2
v 1.3 4 -2.3
v 1.3 4 -2.7
v 1.3 4 -2.9
v 1.3 4.1 -0.5
v 1.3 4.1 -0.6
v 1.3 4.1 -0.7
v 1.3 4.1 -0.8
v 1.3 4.1 -1
v 1.3 4.1 -1.1
v 1.3 4.1 -1.2
v 1.3 4.1 -1.3
v 1.3 4.1 -2.1
v 1.3 4.1 -2.2
v 1.3 4.1 -2.3
v 1.3 4.1 -2.4
v 1.3 4.1 -2.7
v 1.3 4.1 -2.8
v 1.3 4.1 -2.9
v 1.3 4.2 -0.6
v 1.3 4.2 -0.7
v 1.3 4.2 -0.8
v 1.3 4.2 -1
v 1.3 4.2 -1.1
v 1.3 4.2 -1.2
v 1.3 4.2 -2.2
v 1.3 4.2 -2.3
v 1.3 4.2 -2.4
v 1.3 4.2 -2.6
v 1.3 4.2 -2.7
v 1.3 4.2 -2.8
v 1.3 4.3 -0.7
v 1.3 4.3 -0.8
v 1.3 4.3 -1
v 1.3 4.3 -1.1
v 1.3 4.3 -2.3
v 1.3 4.3 -2.4
v 1.3 4.3 -2.6
v 1.3 4.3 -2.7
v 1.3 4.4 -0.8
v 1.3 4.4 -1
v 1.3 4.4 -2.4
v 1.3 4.4 -2.6
v 1.4 0.9 -0.6
v 1.4 0.9 -0.7
v 1.4 0.9 -1
v 1.4 0.9 -1.2
v 1.4 1 -0.6
v 1.4 1 -0.7
v 1.4 1 -1
v 1.4 1 -1.2
v 1.4 1.5 -2.6
v 1.4 1.5 -2.7
v 1.4 1.6 -2.6
v 1.4 1.6 -2.7
v 1.4 2.3 -2.6
v 1.4 2.3 -2.7
v 1.4 2.4 -2.6
v 1.4 2.4 -2.7
v 1.4 3.2 -2.6
v 1.4 3.2 -2.7
v 1.4 3.3 -2.6
v 1.4 3.3 -2.7
v 1.4 4.1 -2.6
v 1.4 4.1 -2.7
v 1.4 4.2 -2.6
v 1.4 4.2 -2.7
v 1.5 0.9 -0.7
v 1.5 0.9 -0.8
v 1.5 1 -0.7
v 1.5 1 -0.8
v 1.5 1.3 -1.5
v 1.5 1.3 -1.6
v 1.5 1.3 -1.8
v 1.5 1.3 -1.9
v 1.5 1.4 -1.5
v 1.5 1.4 -1.6
v 1.5 1.4 -1.8
v 1.5 1.4 -1.9
v 1.5 2.1 -1.5
v 1.5 2.1 -1.6
v 1.5 2.1 -1.8
v 1.5 2.1 -1.9
v 1.5 2.2 -1.5
v 1.5 2.2 -1.6
v 1.5 2.2 -1.8
v 1.5 2.2 -1.9
v 1.5 3 -1.5
v 1.5 3 -1.6
v 1.5 3 -1.8
v 1.5 3 -1.9
v 1.5 3.1 -1.5
v 1.5 3.1 -1.6
v 1.5 3.1 -1.8
v 1.5 3.1 -1.9
v 1.5 3.9 -1.5
v 1.5 3.9 -1.6
v 1.5 3.9 -1.8
v 1.5 3.9 -1.9
v 1.5 4 -1.5
v 1.5 4 -1.6
v 1.5 4 -1.8
v 1.5 4 -1.9
v 1.6 0.9 -0.8
v 1.6 0.9 -0.9
v 1.6 0.9 -2.5
v 1.6 0.9 -2.7
v 1.6 1 -0.8
v 1.6 1 -0.9
v 1.6 1 -2.5
v 1.6 1 -2.7
v 1.6 1.2 -1.6
v 1.6 1.2 -1.8
v 1.6 1.3 -1.6
v 1.6 1.3 -1.8
v 1.6 1.4 -1.4
v 1.6 1.4 -1.5
v 1.6 1.4 -1.9
v 1.6 1.4 -2
v 1.6 1.5 -1.4
v 1.6 1.5 -1.5
v 1.6 1.5 -1.9
v 1.6 1.5 -2
v 1.6 2 -1.6
v 1.6 2 -1.8
v 1.6 2.1 -1.6
v 1.6 2.1 -1.8
v 1.6 2.2 -1.4
v 1.6 2.2 -1.5
v 1.6 2.2 -1.9
v 1.6 2.2 -2
v 1.6 2.3 -1.4
v 1.6 2.3 -1.5
v 1.6 2.3 -1.9
v 1.6 2.3 -2
v 1.6 2.9 -1.6
v 1.6 2.9 -1.8
v 1.6 3 -1.6
v 1.6 3 -1.8
v 1.6 3.1 -1.4
v 1.6 3.1 -1.5
v 1.6 3.1 -1.9
v 1.6 3.1 -2
v 1.6 3.2 -1.4
v 1.6 3.2 -1.5
v 1.6 3.2 -1.9
v 1.6 3.2 -2
v 1.6 3.8 -1.6
v 1.6 3.8 -1.8
v 1.6 3.9 -1.6
v 1.6 3.9 -1.8
v 1.6 4 -1.4
v 1.6 4 -1.5
v 1.6 4 -1.9
v 1.6 4 -2
v 1.6 4.1 -1.4
v 1.6 4.1 -1.5
v 1.6 4.1 -1.9
v 1.6 4.1 -2
v 1.7 0.9 -0.9
v 1.7 0.9 -1
v 1.7 0.9 -2.4
v 1.7 0.9 -2.5
v 1.7 0.9 -2.7
v 1.7 0.9 -2.8
v 1.7 1 -0.9
v 1.7 1 -1
v 1.7 1 -2.4
v 1.7 1 -2.5
v 1.7 1 -2.7
v 1.7 1 -2.8
v 1.7 1.3 -1.3
v 1.7 1.3 -1.4
v 1.7 1.3 -1.6
v 1.7 1.3 -1.8
v 1.7 1.3 -2
v 1.7 1.3 -2.1
v 1.7 1.4 -1.3
v 1.7 1.4 -1.4
v 1.7 1.4 -1.6
v 1.7 1.4 -1.8
v 1.7 1.4 -2
v 1.7 1.4 -2.1
v 1.7 2.1 -1.3
v 1.7 2.1 -1.4
v 1.7 2.1 -1.6
v 1.7 2.1 -1.8
v 1.7 2.1 -2
v 1.7 2.1 -2.1
v 1.7 2.2 -1.3
v 1.7 2.2 -1.4
v 1.7 2.2 -1.6
v 1.7 2.2 -1.8
v 1.7 2.2 -2
v 1.7 2.2 -2.1
v 1.7 3 -1.3
v 1.7 3 -1.4
v 1.7 3 -1.6
v 1.7 3 -1.8
v 1.7 3 -2
v 1.7 3 -2.1
v 1.7 3.1 -1.3
v 1.7 3.1 -1.4
v 1.7 3.1 -1.6
v 1.7 3.1 -1.8
v 1.7 3.1 -2
v 1.7 3.1 -2.1
v 1.7 3.9 -1.3
v 1.7 3.9 -1.4
v 1.7 3.9 -1.6
v 1.7 3.9 -1.8
v 1.7 3.9 -2
v 1.7 3.9 -2.1
v 1.7 4 -1.3
v 1.7 4 -1.4
v 1.7 4 -1.6
v 1.7 4 -1.8
v 1.7 4 -2
v 1.7 4 -2.1
v 1.8 0.9 -1
v 1.8 0.9 -1.1
v 1.8 0.9 -1.5
v 1.8 0.9 -1.6
v 1.8 1 -1
v 1.8 1 -1.1
v 1.8 1 -1.5
v 1.8 1 -1.6
v 1.8 1.4 -1.6
v 1.8 1.4 -1.8
v 1.8 1.5 -1.6
v 1.8 1.5 -1.8
v 1.8 2.2 -1.6
v 1.8 2.2 -1.8
v 1.8 2.3 -1.6
v 1.8 2.3 -1.8
v 1.8 3.1 -1.6
v 1.8 3.1 -1.8
v 1.8 3.2 -1.6
v 1.8 3.2 -1.8
v 1.8 4 -1.6
v 1.8 4 -1.8
v 1.8 4.1 -1.6
v 1.8 4.1 -1.8
v 1.9 0.9 -1.1
v 1.9 0.9 -1.2
v 1.9 0.9 -1.4
v 1.9 0.9 -1.5
v 1.9 1 -1.1
v 1.9 1 -1.2
v 1.9 1 -1.4
v 1.9 1 -1.5
v 1.9 1.4 -2.8
v 1.9 1.4 -3
v 1.9 1.5 -1.6
v 1.9 1.5 -1.8
v 1.9 1.5 -2.8
v 1.9 1.5 -3
v 1.9 1.6 -1.6
v 1.9 1.6 -1.8
v 1.9 2.3 -1.6
v 1.9 2.3 -1.8
v 1.9 2.4 -1.6
v 1.9 2.4 -1.8
v 1.9 3.2 -1.6
v 1.9 3.2 -1.8
v 1.9 3.3 -1.6
v 1.9 3.3 -1.8
v 1.9 4.1 -1.6
v 1.9 4.1 -1.8
v 1.9 4.2 -1.6
v 1.9 4.2 -1.8
v 2 0.9 -1.2
v 2 0.9 -1.3
v 2 0.9 -1.6
v 2 0.9 -1.7
v 2 1 -1.2
v 2 1 -1.3
v 2 1 -1.6
v 2 1 -1.7
v 2 1.5 -2.8
v 2 1.5 -3
v 2 1.6 -1.6
v 2 1.6 -1.8
v 2 1.6 -2.8
v 2 1.6 -3
v 2 1.7 -1.6
v 2 1.7 -1.8
v 2 2.4 -1.6
v 2 2.4 -1.8
v 2 2.5 -1.6
v 2 2.5 -1.8
v 2 3.3 -1.6
v 2 3.3 -1.8
v 2 3.4 -1.6
v 2 3.4 -1.8
v 2 4.2 -1.6
v 2 4.2 -1.8
v 2 4.3 -1.6
v 2 4.3 -1.8
v 2.1 0.9 -1.3
v 2.1 0.9 -1.4
v 2.1 1 -1.3
v 2.1 1 -1.4
v 2.1 1.6 -2.8
v 2.1 1.6 -3
v 2.1 1.7 -1.6
v 2.1 1.7 -1.8
v 2.1 1.7 -2.8
v 2.1 1.7 -3
v 2.1 1.8 -1.6
v 2.1 1.8 -1.8
v 2.1 2.5 -1.6
v 2.1 2.5 -1.8
v 2.1 2.6 -1.6
v 2.1 2.6 -1.8
v 2.1 3.4 -1.6
v 2.1 3.4 -1.8
v 2.1 3.5 -1.6
v 2.1 3.5 -1.8
v 2.1 4.3 -1.6
v 2.1 4.3 -1.8
v 2.1 4.4 -1.6
v 2.1 4.4 -1.8
v 2.2 0.9 -1.4
v 2.2 0.9 -1.5
v 2.2 0.9 -2.6
v 2.2 0.9 -2.8
v 2.2 1 -1.4
v 2.2 1 -1.5
v 2.2 1 -2.6
v 2.2 1 -2.8
v 2.2 1.7 -2.8
v 2.2 1.7 -2.9
v 2.2 1.7 -3
v 2.2 1.8 -2.8
v 2.2 1.8 -2.9
v 2.2 1.8 -3
v 2.3 0.9 -1.5
v 2.3 0.9 -1.6
v 2.3 0.9 -2.5
v 2.3 0.9 -2.6
v 2.3 1 -1.5
v 2.3 1 -1.6
v 2.3 1 -2.5
v 2.3 1 -2.6
v 2.3 1.5 -1.6
v 2.3 1.5 -1.8
v 2.3 1.6 -1.6
v 2.3 1.6 -1.7
v 2.3 1.6 -1.8
v 2.3 2.3 -1.6
v 2.3 2.3 -1.8
v 2.3 2.4 -1.6
v 2.3 2.4 -1.7
v 2.3 2.4 -1.8
v 2.3 3.2 -1.6
v 2.3 3.2 -1.8
v 2.3 3.3 -1.6
v 2.3 3.3 -1.7
v 2.3 3.3 -1.8
v 2.3 4.1 -1.6
v 2.3 4.1 -1.8
v 2.3 4.2 -1.6
v 2.3 4.2 -1.7
v 2.3 4.2 -1.8
v 2.4 0.9 -1.6
v 2.4 0.9 -1.7
v 2.4 0.9 -2.4
v 2.4 0.9 -2.5
v 2.4 1 -1.6
v 2.4 1 -1.7
v 2.4 1 -2.4
v 2.4 1 -2.5
v 2.4 1.4 -1.6
v 2.4 1.4 -1.8
v 2.4 1.5 -1.6
v 2.4 1.5 -1.8
v 2.4 1.5 -2.8
v 2.4 1.5 -3
v 2.4 1.6 -2.8
v 2.4 1.6 -3
v 2.4 2.2 -1.6
v 2.4 2.2 -1.8
v 2.4 2.3 -1.6
v 2.4 2.3 -1.8
v 2.4 3.1 -1.6
v 2.4 3.1 -1.8
v 2.4 3.2 -1.6
v 2.4 3.2 -1.8
v 2.4 4 -1.6
v 2.4 4 -1.8
v 2.4 4.1 -1.6
v 2.4 4.1 -1.8
v 2.5 0.9 -1.7
v 2.5 0.9 -1.8
v 2.5 1 -1.7
v 2.5 1 -1.8
v 2.5 1.4 -2.8
v 2.5 1.4 -3
v 2.5 1.5 -2.8
v 2.5 1.5 -3
v 2.6 0.9 -1.8
v 2.6 0.9 -1.9
v 2.6 1 -1.8
v 2.6 1 -1.9
v 2.6 1.3 -2.8
v 2.6 1.3 -3
v 2.6 1.4 -2.8
v 2.6 1.4 -3
v 2.7 0.9 -1.9
v 2.7 0.9 -2
v 2.7 1 -1.9
v 2.7 1 -2
v 2.7 1.2 -2.8
v 2.7 1.2 -3
v 2.7 1.3 -2.5
v 2.7 1.3 -2.6
v 2.7 1.3 -2.8
v 2.7 1.3 -3
v 2.7 1.3 -3.2
v 2.7 1.3 -3.3
v 2.7 1.4 -2.5
v 2.7 1.4 -2.6
v 2.7 1.4 -3.2
v 2.7 1.4 -3.3
v 2.8 0.9 -2
v 2.8 0.9 -2.1
v 2.8 1 -2
v 2.8 1 -2.1
v 2.8 1.1 -2.8
v 2.8 1.1 -3
v 2.8 1.2 -2.8
v 2.8 1.2 -3
v 2.8 1.4 -2.6
v 2.8 1.4 -2.7
v 2.8 1.4 -3.1
v 2.8 1.4 -3.2
v 2.8 1.5 -2.6
v 2.8 1.5 -2.7
v 2.8 1.5 -3.1
v 2.8 1.5 -3.2
v 2.9 0.9 -2.1
v 2.9 0.9 -2.2
v 2.9 1 -2.1
v 2.9 1 -2.2
v 2.9 1 -2.8
v 2.9 1 -3
v 2.9 1.1 -2.8
v 2.9 1.1 -3
v 2.9 1.3 -2.7
v 2.9 1.3 -2.8
v 2.9 1.3 -3
v 2.9 1.3 -3.1
v 2.9 1.4 -2.7
v 2.9 1.4 -2.8
v 2.9 1.4 -3
v 2.9 1.4 -3.1
v 3 0.9 -2.2
v 3 0.9 -2.3
v 3 0.9 -2.8
v 3 0.9 -3
v 3 1 -2.2
v 3 1 -2.3
v 3 1 -2.7
v 3 1 -2.8
v 3 1 -3
v 3 1 -3.1
v 3 1.1 -2.6
v 3 1.1 -2.7
v 3 1.1 -3.1
v 3 1.1 -3.2
v 3 1.2 -2.5
v 3 1.2 -2.6
v 3 1.2 -2.7
v 3 1.2 -2.8
v 3 1.2 -3
v 3 1.2 -3.1
v 3 1.2 -3.2
v 3 1.2 -3.3
v 3 1.3 -2.4
v 3 1.3 -2.5
v 3 1.3 -2.6
v 3 1.3 -2.7
v 3 1.3 -2.8
v 3 1.3 -3
v 3 1.3 -3.1
v 3 1.3 -3.2
v 3 1.3 -3.3
v 3 1.3 -3.4
v 3 1.4 -1.7
v 3 1.4 -1.9
v 3 1.4 -2.3
v 3 1.4 -2.4
v 3 1.4 -2.5
v 3 1.4 -2.6
v 3 1.4 -3.2
v 3 1.4 -3.3
v 3 1.4 -3.4
v 3 1.4 -3.5
v 3 1.4 -3.9
v 3 1.4 -4.1
v 3 1.5 -1.7
v 3 1.5 -1.8
v 3 1.5 -1.9
v 3 1.5 -2
v 3 1.5 -2.2
v 3 1.5 -2.3
v 3 1.5 -2.4
v 3 1.5 -2.5
v 3 1.5 -3.3
v 3 1.5 -3.4
v 3 1.5 -3.5
v 3 1.5 -3.6
v 3 1.5 -4
v 3 1.5 -4.1
v 3 1.6 -1.8
v 3 1.6 -1.9
v 3 1.6 -2
v 3 1.6 -2.2
v 3 1.6 -2.3
v 3 1.6 -2.4
v 3 1.6 -3.4
v 3 1.6 -3.5
v 3 1.6 -3.6
v 3 1.6 -3.8
v 3 1.6 -3.9
v 3 1.6 -4
v 3 1.7 -1.9
v 3 1.7 -2
v 3 1.7 -2.2
v 3 1.7 -2.3
v 3 1.7 -3.5
v 3 1.7 -3.6
v 3 1.7 -3.8
v 3 1.7 -3.9
v 3 1.8 -2
v 3 1.8 -2.2
v 3 1.8 -3.6
v 3 1.8 -3.8
v 3.1 0.9 -2.3
v 3.1 0.9 -2.4
v 3.1 1 -2.3
v 3.1 1 -2.4
v 3.1 1.5 -3.8
v 3.1 1.5 -3.9
v 3.1 1.6 -3.8
v 3.1 1.6 -3.9
v 3.2 0.9 -2.4
v 3.2 0.9 -2.5
v 3.2 1 -2.4
v 3.2 1 -2.5
v 3.2 1.3 -2.7
v 3.2 1.3 -2.8
v 3.2 1.3 -3
v 3.2 1.3 -3.1
v 3.2 1.4 -2.7
v 3.2 1.4 -2.8
v 3.2 1.4 -3
v 3.2 1.4 -3.1
v 3.3 0.9 -2.5
v 3.3 0.9 -2.6
v 3.3 1 -2.5
v 3.3 1 -2.6
v 3.3 1.2 -2.8
v 3.3 1.2 -3
v 3.3 1.3 -2.8
v 3.3 1.3 -3
v 3.3 1.4 -2.6
v 3.3 1.4 -2.7
v 3.3 1.4 -3.1
v 3.3 1.4 -3.2
v 3.3 1.5 -2.6
v 3.3 1.5 -2.7
v 3.3 1.5 -3.1
v 3.3 1.5 -3.2
v 3.4 0.9 -2.6
v 3.4 0.9 -2.7
v 3.4 1 -2.6
v 3.4 1 -2.7
v 3.4 1.3 -2.5
v 3.4 1.3 -2.6
v 3.4 1.3 -2.8
v 3.4 1.3 -3
v 3.4 1.3 -3.2
v 3.4 1.3 -3.3
v 3.4 1.4 -2.5
v 3.4 1.4 -2.6
v 3.4 1.4 -2.8
v 3.4 1.4 -3
v 3.4 1.4 -3.2
v 3.4 1.4 -3.3
v 3.5 0.9 -2.7
v 3.5 0.9 -2.8
v 3.5 1 -2.7
v 3.5 1 -2.8
v 3.5 1.4 -2.8
v 3.5 1.4 -3
v 3.5 1.5 -2.8
v 3.5 1.5 -3
v 3.6 0.9 -2.8
v 3.6 0.9 -2.9
v 3.6 1 -2.8
v 3.6 1 -2.9
v 3.6 1.5 -2.8
v 3.6 1.5 -3
v 3.6 1.6 -2.8
v 3.6 1.6 -3
v 3.7 0.9 -2.9
v 3.7 0.9 -3.1
v 3.7 1 -2.9
v 3.7 1 -3.1
v 3.7 1.6 -2.8
v 3.7 1.6 -3
v 3.7 1.7 -2.8
v 3.7 1.7 -3
v 3.8 1.7 -2.8
v 3.8 1.7 -3
v 3.8 1.8 -2.8
v 3.8 1.8 -3
v 4 1.5 -2.8
v 4 1.5 -3
v 4 1.6 -2.8
v 4 1.6 -2.9
v 4 1.6 -3
v 4.1 1.4 -2.8
v 4.1 1.4 -3
v 4.1 1.5 -2.8
v 4.1 1.5 -3
v -2.9 4 -1
v -2.9 4 -1.1
v -2.9 4.2 -1
v -2.9 4.2 -1.1
v -2.8 2.6 -0.9
v -2.8 2.6 -1
v -2.8 2.7 -1.1
v -2.8 2.7 -1.2
v -2.8 2.8 -0.9
v -2.8 2.8 -1
v -2.8 2.8 -1.1
v -2.8 2.8 -1.2
v -2.8 4.2 -0.9
v -2.8 4.2 -1.1
v -2.8 4.3 -1.1
v -2.8 4.3 -1.2
v -2.8 4.4 -0.9
v -2.8 4.4 -1.1
v -2.8 4.5 -0.8
v -2.8 4.5 -0.9
v -2.8 4.5 -1.1
v -2.8 4.5 -1.2
v -2.8 4.6 -0.8
v -2.8 4.6 -0.9
v -2.7 0.9 3.3
v -2.7 0.9 -3.1
v -2.7 1 3.3
v -2.7 1 -3.1
v -2.7 2.5 -1
v -2.7 2.5 -1.1
v -2.7 2.7 -1
v -2.7 2.7 -1.1
v -2.7 2.8 -1.1
v -2.7 2.8 -1.2
v -2.7 2.9 -0.9
v -2.7 2.9 -1.1
v -2.7 2.9 -1.2
v -2.7 3 -0.9
v -2.7 3 -1.1
v -2.7 4.5 -0.9
v -2.7 4.5 -1.1
v -2.7 4.6 -0.9
v -2.7 4.6 -1.1
v -2.6 1.5 2.5
v -2.6 1.5 2.4
v -2.6 1.6 2.4
v -2.6 1.7 2.5
v -2.6 1.7 2.4
v -2.6 2.8 -1
v -2.6 2.8 -1.1
v -2.6 2.9 -1
v -2.6 2.9 -1.1
v -2.5 0.9 2.9
v -2.5 0.9 2.8
v -2.5 0.9 1.6
v -2.5 0.9 1.5
v -2.5 0.9 -2.3
v -2.5 0.9 -2.4
v -2.5 1 2.9
v -2.5 1 2.8
v -2.5 1 1.6
v -2.5 1 1.5
v -2.5 1 -2.3
v -2.5 1 -2.4
v -2.5 1.1 -0.9
v -2.5 1.1 -1
v -2.5 1.5 2.4
v -2.5 1.5 2.3
v -2.5 1.6 2.4
v -2.5 1.6 2.3
v -2.5 2.5 -0.9
v -2.5 2.5 -1
v -2.5 2.7 -0.3
v -2.5 2.7 -0.4
v -2.5 2.7 -0.5
v -2.5 2.7 -0.6
v -2.5 2.8 -0.3
v -2.5 2.8 -0.4
v -2.5 2.8 -0.5
v -2.5 2.8 -0.6
v -2.5 2.8 -0.9
v -2.5 2.8 -1
v -2.5 2.8 -1.3
v -2.5 2.8 -1.4
v -2.5 2.9 -0.9
v -2.5 2.9 -1.3
v -2.5 2.9 -1.4
v -2.5 2.9 -1.5
v -2.5 2.9 -1.6
v -2.5 3 -1.5
v -2.5 3 -1.6
v -2.5 3.9 -0.3
v -2.5 3.9 -0.4
v -2.5 3.9 -0.9
v -2.5 3.9 -1
v -2.5 4.1 -1.5
v -2.5 4.1 -1.6
v -2.5 4.2 -1.6
v -2.5 4.3 -0.4
v -2.5 4.3 -1.5
v -2.5 4.3 -1.6
v -2.5 4.4 -0.3
v -2.5 4.4 -0.4
v -2.5 4.5 -0.4
v -2.5 4.5 -0.5
v -2.5 4.6 -0.4
v -2.5 4.6 -0.5
v -2.4 0 3.4
v -2.4 0 3.3
v -2.4 0.3 3.4
v -2.4 0.3 3.3
v -2.4 0.7 3.4
v -2.4 0.7 3.3
v -2.4 0.8 3.4
v -2.4 0.8 3.3
v -2.4 0.9 -0.9
v -2.4 0.9 -1.1
v -2.4 0.9 -2.2
v -2.4 0.9 -2.3
v -2.4 1 3.4
v -2.4 1 3.3
v -2.4 1 1
v -2.4 1 0.8
v -2.4 1 -2.2
v -2.4 1 -2.3
v -2.4 1.1 1
v -2.4 1.1 0.8
v -2.4 1.1 -0.9
v -2.4 1.1 -1
v -2.4 1.4 2.4
v -2.4 1.4 2.3
v -2.4 1.4 -2.38419e-07
v -2.4 1.4 -0.2
v -2.4 1.5 2.4
v -2.4 1.5 2.3
v -2.4 1.5 -2.38419e-07
v -2.4 1.5 -0.2
v -2.4 1.6 -1.3
v -2.4 1.6 -1.4
v -2.4 1.7 -1.3
v -2.4 1.7 -1.4
v -2.4 2.3 -0.4
v -2.4 2.3 -0.5
v -2.4 2.5 -0.9
v -2.4 2.5 -1
v -2.4 2.5 -1.2
v -2.4 2.5 -1.3
v -2.4 2.6 -1.6
v -2.4 2.6 -1.7
v -2.4 2.7 -0.4
v -2.4 2.7 -0.5
v -2.4 2.7 -0.8
v -2.4 2.7 -0.9
v -2.4 2.7 -1.1
v -2.4 2.7 -1.2
v -2.4 2.7 -1.5
v -2.4 2.7 -1.6
v -2.4 2.8 -0.3
v -2.4 2.8 -0.4
v -2.4 2.8 -0.5
v -2.4 2.8 -0.6
v -2.4 2.8 -0.7
v -2.4 2.8 -0.8
v -2.4 2.8 -1.2
v -2.4 2.8 -1.3
v -2.4 2.8 -1.4
v -2.4 2.8 -1.5
v -2.4 2.9 -0.3
v -2.4 2.9 -0.4
v -2.4 2.9 -0.5
v -2.4 2.9 -0.6
v -2.4 2.9 -0.7
v -2.4 2.9 -0.8
v -2.4 2.9 -0.9
v -2.4 2.9 -1
v -2.4 2.9 -1.1
v -2.4 2.9 -1.2
v -2.4 2.9 -1.3
v -2.4 2.9 -1.4
v -2.4 2.9 -1.5
v -2.4 2.9 -1.6
v -2.4 2.9 -1.7
v -2.4 3 -0.4
v -2.4 3 -0.5
v -2.4 3 -0.8
v -2.4 3 -1.2
v -2.4 3 -1.5
v -2.4 3.9 -0.9
v -2.4 3.9 -1
v -2.4 4.2 -1.6
v -2.4 4.2 -1.7
v -2.4 4.3 -0.4
v -2.4 4.3 -0.5
v -2.4 4.3 -0.8
v -2.4 4.3 -0.9
v -2.4 4.3 -1.1
v -2.4 4.3 -1.2
v -2.4 4.3 -1.5
v -2.4 4.3 -1.6
v -2.4 4.4 -0.3
v -2.4 4.4 -0.4
v -2.4 4.4 -0.5
v -2.4 4.4 -0.6
v -2.4 4.4 -0.7
v -2.4 4.4 -0.8
v -2.4 4.4 -1.2
v -2.4 4.4 -1.3
v -2.4 4.4 -1.4
v -2.4 4.4 -1.5
v -2.4 4.4 -1.6
v -2.4 4.4 -1.7
v -2.4 4.5 -0.3
v -2.4 4.5 -0.4
v -2.4 4.5 -0.5
v -2.4 4.5 -0.6
v -2.4 4.5 -0.7
v -2.4 4.5 -0.8
v -2.4 4.5 -0.9
v -2.4 4.5 -1.1
v -2.4 4.5 -1.2
v -2.4 4.5 -1.3
v -2.4 4.5 -1.4
v -2.4 4.5 -1.5
v -2.4 4.5 -1.6
v -2.4 4.6 -0.5
v -2.4 4.6 -0.8
v -2.4 4.6 -0.9
v -2.4 4.6 -1.1
v -2.4 4.6 -1.2
v -2.4 4.6 -1.5
v -2.4 4.7 -0.8
v -2.4 4.7 -0.9
v -2.4 4.7 -1.1
v -2.4 4.7 -1.2
v -2.4 4.8 -0.9
v -2.4 4.8 -1.1
v -2.3 0 3.3
v -2.3 0 3.2
v -2.3 0.3 3.5
v -2.3 0.3 3.4
v -2.3 0.3 3.3
v -2.3 0.3 3.2
v -2.3 0.4 3.6
v -2.3 0.4 3.5
v -2.3 0.4 3.4
v -2.3 0.6 3.6
v -2.3 0.6 3.5
v -2.3 0.6 3.4
v -2.3 0.7 3.5
v -2.3 0.7 3.4
v -2.3 0.7 3.3
v -2.3 0.7 3.2
v -2.3 0.8 3.3
v -2.3 0.8 3.2
v -2.3 0.9 -2.1
v -2.3 0.9 -2.2
v -2.3 1 3.3
v -2.3 1 3.2
v -2.3 1 -2.1
v -2.3 1 -2.2
v -2.3 1.1 1
v -2.3 1.1 0.8
v -2.3 1.2 1
v -2.3 1.2 0.8
v -2.3 1.3 2.4
v -2.3 1.3 2.3
v -2.3 1.4 2.4
v -2.3 1.4 2.3
v -2.3 1.4 -2.4
v -2.3 1.4 -2.5
v -2.3 1.5 -2.38419e-07
v -2.3 1.5 -0.2
v -2.3 1.5 -2.4
v -2.3 1.5 -2.5
v -2.3 1.6 -2.38419e-07
v -2.3 1.6 -0.1
v -2.3 1.6 -0.2
v -2.3 2.7 -0.9
v -2.3 2.7 -1.1
v -2.3 2.8 -0.9
v -2.3 2.8 -1.1
v -2.3 4.3 -0.9
v -2.3 4.3 -1.1
v -2.3 4.4 -0.9
v -2.3 4.4 -1.1
v -2.3 4.6 -0.9
v -2.3 4.6 -1.1
v -2.3 4.7 -0.9
v -2.3 4.7 -1.1
v -2.2 0 3.2
v -2.2 0 3.1
v -2.2 0.3 3.4
v -2.2 0.3 3.3
v -2.2 0.3 3.2
v -2.2 0.3 3.1
v -2.2 0.4 3.5
v -2.2 0.4 3.4
v -2.2 0.4 3.3
v -2.2 0.6 3.5
v -2.2 0.6 3.4
v -2.2 0.6 3.3
v -2.2 0.7 3.4
v -2.2 0.7 3.3
v -2.2 0.7 3.2
v -2.2 0.7 3.1
v -2.2 0.8 3.2
v -2.2 0.8 3.1
v -2.2 0.8 -2
v -2.2 0.8 -2.1
v -2.2 0.9 0.0999997
v -2.2 0.9 -2.38419e-07
v -2.2 0.9 -0.7
v -2.2 0.9 -0.8
v -2.2 0.9 -1.5
v -2.2 0.9 -1.6
v -2.2 0.9 -2
v -2.2 0.9 -2.1
v -2.2 1 3.2
v -2.2 1 3.1
v -2.2 1 1
v -2.2 1 0.8
v -2.2 1 0.0999997
v -2.2 1 -2.38419e-07
v -2.2 1 -0.7
v -2.2 1 -0.8
v -2.2 1 -1.5
v -2.2 1 -1.6
v -2.2 1.1 1
v -2.2 1.1 0.8
v -2.2 1.2 -2.3
v -2.2 1.2 -2.4
v -2.2 1.3 2.3
v -2.2 1.3 2.2
v -2.2 1.3 2.1
v -2.2 1.3 -2.4
v -2.2 1.3 -2.5
v -2.2 1.4 2.3
v -2.2 1.4 2.2
v -2.2 1.4 2.1
v -2.2 1.4 -2.3
v -2.2 1.4 -2.5
v -2.2 1.5 2.2
v -2.2 1.5 2.1
v -2.2 1.5 -1.4
v -2.2 1.5 -1.5
v -2.2 1.6 -1.4
v -2.2 1.6 -1.5
v -2.2 2.8 -1
v -2.2 2.8 -1.1
v -2.2 2.9 -1
v -2.2 2.9 -1.1
v -2.2 4.4 -1
v -2.2 4.4 -1.1
v -2.2 4.5 -1
v -2.2 4.5 -1.1
v -2.1 0 3.1
v -2.1 0 3
v -2.1 0.3 3.3
v -2.1 0.3 3.2
v -2.1 0.3 3.1
v -2.1 0.3 3
v -2.1 0.4 3.4
v -2.1 0.4 3.3
v -2.1 0.4 3.2
v -2.1 0.6 3.4
v -2.1 0.6 3.3
v -2.1 0.6 3.2
v -2.1 0.7 3.3
v -2.1 0.7 3.2
v -2.1 0.7 3.1
v -2.1 0.7 3
v -2.1 0.8 3.1
v -2.1 0.8 3
v -2.1 0.9 2.4
v -2.1 0.9 2.3
v -2.1 1 3.1
v -2.1 1 3
v -2.1 1.2 2.6
v -2.1 1.2 2.4
v -2.1 1.2 2.3
v -2.1 1.2 2.2
v -2.1 1.2 -2.4
v -2.1 1.2 -2.5
v -2.1 1.3 2.7
v -2.1 1.3 2.6
v -2.1 1.3 2.5
v -2.1 1.3 2.4
v -2.1 1.3 2.3
v -2.1 1.3 2.2
v -2.1 1.3 -2.4
v -2.1 1.3 -2.5
v -2.1 1.4 2.7
v -2.1 1.4 2.6
v -2.1 1.4 2.5
v -2.1 1.4 2.4
v -2.1 1.4 2.3
v -2.1 1.4 2.1
v -2.1 1.4 1.9
v -2.1 1.4 -1.4
v -2.1 1.4 -1.5
v -2.1 1.5 2.7
v -2.1 1.5 2.6
v -2.1 1.5 2.1
v -2.1 1.5 2
v -2.1 1.5 1.9
v -2.1 1.5 -1.4
v -2.1 1.5 -1.5
v -2.1 1.6 2
v -2.1 1.6 1.9
v -2.1 1.7 -2.38419e-07
v -2.1 1.7 -0.2
v -2.1 1.8 -2.38419e-07
v -2.1 1.8 -0.2
v -2.1 4.3 -0.9
v -2.1 4.3 -1
v -2.1 4.4 -0.9
v -2.1 4.4 -1
v -2 0 3
v -2 0 2.9
v -2 0.3 3.2
v -2 0.3 3.1
v -2 0.3 3
v -2 0.3 2.9
v -2 0.4 3.3
v -2 0.4 3.2
v -2 0.4 3.1
v -2 0.6 3.3
v -2 0.6 3.2
v -2 0.6 3.1
v -2 0.7 3.2
v -2 0.7 3.1
v -2 0.7 3
v -2 0.7 2.9
v -2 0.8 3
v -2 0.8 2.9
v -2 0.9 1
v -2 0.9 0.8
v -2 1 3
v -2 1 2.9
v -2 1 1.3
v -2 1 1.2
v -2 1 1.1
v -2 1 1
v -2 1 0.8
v -2 1 0.7
v -2 1 0.6
v -2 1 0.5
v -2 1 -0.7
v -2 1 -0.9
v -2 1.1 1.3
v -2 1.1 1.2
v -2 1.1 1.1
v -2 1.1 1
v -2 1.1 0.8
v -2 1.1 0.7
v -2 1.1 0.6
v -2 1.1 0.5
v -2 1.1 -0.7
v -2 1.1 -0.9
v -2 1.1 -2.3
v -2 1.1 -2.5
v -2 1.2 1.2
v -2 1.2 1.1
v -2 1.2 0.7
v -2 1.2 0.6
v -2 1.2 -2.3
v -2 1.2 -2.5
v -2 1.3 1.7
v -2 1.3 1.5
v -2 1.3 -1.4
v -2 1.3 -1.5
v -2 1.4 2.8
v -2 1.4 2.7
v -2 1.4 2.4
v -2 1.4 2.3
v -2 1.4 1.7
v -2 1.4 1.5
v -2 1.4 -1.4
v -2 1.4 -1.5
v -2 1.5 2.8
v -2 1.5 2.4
v -2 1.5 2.3
v -2 1.5 1.9
v -2 1.5 1.8
v -2 1.6 2.8
v -2 1.6 2.7
v -2 1.6 1.9
v -2 1.6 1.8
v -2 1.6 -2.38419e-07
v -2 1.6 -0.2
v -2 1.7 -2.38419e-07
v -2 1.7 -0.2
v -2 2.5 -0.9
v -2 2.5 -1
v -2 2.6 -0.8
v -2 2.6 -0.9
v -2 2.6 -1
v -2 2.7 -0.8
v -2 2.7 -0.9
v -2 2.9 -0.9
v -2 2.9 -1.1
v -2 3 -0.9
v -2 3 -1.1
v -2 4.5 -0.9
v -2 4.5 -1.1
v -2 4.6 -0.9
v -2 4.6 -1.1
v -1.9 0 2.9
v -1.9 0 2.8
v -1.9 0.3 3.1
v -1.9 0.3 3
v -1.9 0.3 2.9
v -1.9 0.3 2.8
v -1.9 0.4 3.2
v -1.9 0.4 3.1
v -1.9 0.4 3
v -1.9 0.6 3.2
v -1.9 0.6 3.1
v -1.9 0.6 3
v -1.9 0.7 3.1
v -1.9 0.7 3
v -1.9 0.7 2.9
v -1.9 0.7 2.8
v -1.9 0.8 2.9
v -1.9 0.8 2.8
v -1.9 1 2.9
v -1.9 1 2.8
v -1.9 1 1
v -1.9 1 0.8
v -1.9 1.1 1
v -1.9 1.1 0.8
v -1.9 1.1 -0.7
v -1.9 1.1 -0.9
v -1.9 1.2 1.7
v -1.9 1.2 1.5
v -1.9 1.2 -0.7
v -1.9 1.2 -0.9
v -1.9 1.3 1.7
v -1.9 1.3 1.5
v -1.9 1.3 -1.5
v -1.9 1.3 -1.6
v -1.9 1.3 -1.7
v -1.9 1.4 -1.5
v -1.9 1.4 -1.6
v -1.9 1.4 -1.7
v -1.9 1.4 -1.9
v -1.9 1.4 -2
v -1.9 1.5 2.9
v -1.9 1.5 2.8
v -1.9 1.5 2.4
v -1.9 1.5 2.3
v -1.9 1.5 -2.38419e-07
v -1.9 1.5 -0.2
v -1.9 1.5 -1.6
v -1.9 1.5 -1.7
v -1.9 1.5 -1.9
v -1.9 1.5 -2
v -1.9 1.6 2.9
v -1.9 1.6 2.8
v -1.9 1.6 2.4
v -1.9 1.6 2.3
v -1.9 1.6 -2.38419e-07
v -1.9 1.6 -0.2
v -1.9 2.6 -0.9
v -1.9 2.6 -1
v -1.9 2.7 -0.9
v -1.9 2.7 -1
v -1.9 2.7 -1.1
v -1.9 2.9 -0.9
v -1.9 2.9 -1.1
v -1.9 4.1 -0.9
v -1.9 4.1 -1
v -1.9 4.3 -0.9
v -1.9 4.3 -1
v -1.9 4.3 -1.1
v -1.9 4.5 -0.9
v -1.9 4.5 -1.1
v -1.8 0 2.8
v -1.8 0 2.7
v -1.8 0.3 3
v -1.8 0.3 2.9
v -1.8 0.3 2.8
v -1.8 0.3 2.7
v -1.8 0.4 3.1
v -1.8 0.4 3
v -1.8 0.4 2.9
v -1.8 0.6 3.1
v -1.8 0.6 3
v -1.8 0.6 2.9
v -1.8 0.7 3
v -1.8 0.7 2.9
v -1.8 0.7 2.8
v -1.8 0.7 2.7
v -1.8 0.8 2.8
v -1.8 0.8 2.7
v -1.8 0.9 -1.4
v -1.8 0.9 -1.5
v -1.8 0.9 -2.3
v -1.8 0.9 -2.5
v -1.8 1 2.8
v -1.8 1 2.7
v -1.8 1 -0.7
v -1.8 1 -0.9
v -1.8 1 -2.2
v -1.8 1 -2.3
v -1.8 1 -2.5
v -1.8 1 -2.6
v -1.8 1.1 1.7
v -1.8 1.1 1.5
v -1.8 1.1 1
v -1.8 1.1 0.8
v -1.8 1.1 -0.7
v -1.8 1.1 -0.9
v -1.8 1.1 -2.1
v -1.8 1.1 -2.2
v -1.8 1.1 -2.6
v -1.8 1.1 -2.7
v -1.8 1.2 2.4
v -1.8 1.2 2.3
v -1.8 1.2 1.7
v -1.8 1.2 1.5
v -1.8 1.2 1
v -1.8 1.2 0.8
v -1.8 1.2 -1.2
v -1.8 1.2 -1.4
v -1.8 1.2 -1.5
v -1.8 1.2 -1.6
v -1.8 1.2 -2
v -1.8 1.2 -2.1
v -1.8 1.2 -2.2
v -1.8 1.2 -2.3
v -1.8 1.2 -2.5
v -1.8 1.2 -2.6
v -1.8 1.2 -2.7
v -1.8 1.2 -2.8
v -1.8 1.3 2.4
v -1.8 1.3 2.3
v -1.8 1.3 -1.1
v -1.8 1.3 -1.2
v -1.8 1.3 -1.3
v -1.8 1.3 -1.4
v -1.8 1.3 -1.5
v -1.8 1.3 -1.6
v -1.8 1.3 -1.8
v -1.8 1.3 -1.9
v -1.8 1.3 -2
v -1.8 1.3 -2.1
v -1.8 1.3 -2.2
v -1.8 1.3 -2.6
v -1.8 1.3 -2.7
v -1.8 1.3 -2.8
v -1.8 1.3 -2.9
v -1.8 1.3 -3
v -1.8 1.4 -2.38419e-07
v -1.8 1.4 -0.2
v -1.8 1.4 -1.1
v -1.8 1.4 -1.2
v -1.8 1.4 -1.3
v -1.8 1.4 -1.4
v -1.8 1.4 -1.5
v -1.8 1.4 -1.7
v -1.8 1.4 -1.8
v -1.8 1.4 -1.9
v -1.8 1.4 -2.1
v -1.8 1.4 -2.7
v -1.8 1.4 -2.8
v -1.8 1.4 -2.9
v -1.8 1.4 -3
v -1.8 1.5 -2.38419e-07
v -1.8 1.5 -0.2
v -1.8 1.5 -1.1
v -1.8 1.5 -1.2
v -1.8 1.5 -1.7
v -1.8 1.5 -1.8
v -1.8 1.5 -1.9
v -1.8 1.5 -2.8
v -1.8 1.5 -2.9
v -1.8 1.6 2.4
v -1.8 1.6 2.3
v -1.8 1.6 -1.8
v -1.8 1.6 -1.9
v -1.8 1.7 2.4
v -1.8 1.8 2.4
v -1.8 1.8 2.3
v -1.7 0 2.7
v -1.7 0 2.6
v -1.7 0.3 2.9
v -1.7 0.3 2.8
v -1.7 0.3 2.7
v -1.7 0.3 2.6
v -1.7 0.4 3
v -1.7 0.4 2.9
v -1.7 0.4 2.8
v -1.7 0.6 3
v -1.7 0.6 2.9
v -1.7 0.6 2.8
v -1.7 0.7 2.9
v -1.7 0.7 2.8
v -1.7 0.7 2.7
v -1.7 0.7 2.6
v -1.7 0.8 2.7
v -1.7 0.8 2.6
v -1.7 1 2.7
v -1.7 1 2.6
v -1.7 1 1
v -1.7 1 0.8
v -1.7 1 -2.3
v -1.7 1 -2.5
v -1.7 1.1 2.4
v -1.7 1.1 2.3
v -1.7 1.1 1
v -1.7 1.1 0.8
v -1.7 1.1 -2.3
v -1.7 1.1 -2.5
v -1.7 1.2 2.4
v -1.7 1.2 2.3
v -1.7 1.3 0.3
v -1.7 1.3 0.2
v -1.7 1.3 -2.38419e-07
v -1.7 1.3 -0.2
v -1.7 1.3 -0.4
v -1.7 1.3 -0.5
v -1.7 1.4 0.3
v -1.7 1.4 0.2
v -1.7 1.4 -2.38419e-07
v -1.7 1.4 -0.2
v -1.7 1.4 -0.4
v -1.7 1.4 -0.5
v -1.7 1.4 -1
v -1.7 1.4 -1.1
v -1.7 1.4 -1.4
v -1.7 1.4 -1.5
v -1.7 1.5 -1
v -1.7 1.5 -1.4
v -1.7 1.5 -1.5
v -1.7 1.5 -1.9
v -1.7 1.5 -2
v -1.7 1.6 -1
v -1.7 1.6 -1.1
v -1.7 1.6 -1.9
v -1.7 1.6 -2
v -1.7 1.7 2.5
v -1.7 1.7 2.4
v -1.7 1.8 2.6
v -1.7 1.8 2.5
v -1.7 1.9 2.7
v -1.7 1.9 2.6
v -1.7 1.9 2.5
v -1.7 1.9 2.4
v -1.7 2 2.7
v -1.7 2 2.5
v -1.6 0 2.6
v -1.6 0 2.5
v -1.6 0.3 2.8
v -1.6 0.3 2.7
v -1.6 0.3 2.6
v -1.6 0.3 2.5
v -1.6 0.4 2.9
v -1.6 0.4 2.8
v -1.6 0.4 2.7
v -1.6 0.6 2.9
v -1.6 0.6 2.8
v -1.6 0.6 2.7
v -1.6 0.7 2.8
v -1.6 0.7 2.7
v -1.6 0.7 2.6
v -1.6 0.7 2.5
v -1.6 0.8 2.6
v -1.6 0.8 2.5
v -1.6 0.9 1.7
v -1.6 0.9 1.5
v -1.6 0.9 -0.7
v -1.6 0.9 -0.9
v -1.6 1 2.6
v -1.6 1 2.5
v -1.6 1 1.8
v -1.6 1 1.7
v -1.6 1 1.5
v -1.6 1 1.4
v -1.6 1 -0.4
v -1.6 1 -0.5
v -1.6 1 -0.6
v -1.6 1 -0.7
v -1.6 1 -0.9
v -1.6 1 -1
v -1.6 1 -1.1
v -1.6 1 -1.2
v -1.6 1.1 1.9
v -1.6 1.1 1.8
v -1.6 1.1 1.4
v -1.6 1.1 1.3
v -1.6 1.1 -0.4
v -1.6 1.1 -0.5
v -1.6 1.1 -0.6
v -1.6 1.1 -0.7
v -1.6 1.1 -0.9
v -1.6 1.1 -1
v -1.6 1.1 -1.1
v -1.6 1.1 -1.2
v -1.6 1.1 -2.3
v -1.6 1.1 -2.5
v -1.6 1.2 2
v -1.6 1.2 1.9
v -1.6 1.2 1.8
v -1.6 1.2 1.7
v -1.6 1.2 1.5
v -1.6 1.2 1.4
v -1.6 1.2 1.3
v -1.6 1.2 1.2
v -1.6 1.2 -2.38419e-07
v -1.6 1.2 -0.2
v -1.6 1.2 -0.5
v -1.6 1.2 -0.6
v -1.6 1.2 -1
v -1.6 1.2 -1.1
v -1.6 1.2 -2.3
v -1.6 1.2 -2.5
v -1.6 1.3 2.1
v -1.6 1.3 2
v -1.6 1.3 1.9
v -1.6 1.3 1.8
v -1.6 1.3 1.4
v -1.6 1.3 1.3
v -1.6 1.3 1.2
v -1.6 1.3 1.1
v -1.6 1.3 -2.38419e-07
v -1.6 1.3 -0.2
v -1.6 1.4 2.1
v -1.6 1.4 1.9
v -1.6 1.4 1.3
v -1.6 1.4 1.1
v -1.6 1.4 0.2
v -1.6 1.4 0.0999997
v -1.6 1.4 -0.3
v -1.6 1.4 -0.4
v -1.6 1.5 0.2
v -1.6 1.5 0.0999997
v -1.6 1.5 -0.3
v -1.6 1.5 -0.4
v -1.6 1.5 -0.9
v -1.6 1.5 -1
v -1.6 1.5 -1.4
v -1.6 1.5 -1.5
v -1.6 1.6 -0.9
v -1.6 1.6 -1
v -1.6 1.6 -1.4
v -1.6 1.6 -1.5
v -1.5 0 2.5
v -1.5 0 2.4
v -1.5 0.3 2.7
v -1.5 0.3 2.6
v -1.5 0.3 2.5
v -1.5 0.3 2.4
v -1.5 0.4 2.8
v -1.5 0.4 2.7
v -1.5 0.4 2.6
v -1.5 0.6 2.8
v -1.5 0.6 2.7
v -1.5 0.6 2.6
v -1.5 0.7 2.7
v -1.5 0.7 2.6
v -1.5 0.7 2.5
v -1.5 0.7 2.4
v -1.5 0.8 2.5
v -1.5 0.8 2.4
v -1.5 0.9 -1.9
v -1.5 0.9 -2.1
v -1.5 1 2.5
v -1.5 1 2.4
v -1.5 1 1.7
v -1.5 1 1.5
v -1.5 1 -0.7
v -1.5 1 -0.9
v -1.5 1 -1.9
v -1.5 1 -2.1
v -1.5 1.1 1.7
v -1.5 1.1 1.5
v -1.5 1.1 -0.7
v -1.5 1.1 -0.9
v -1.5 1.2 -1.4
v -1.5 1.2 -1.5
v -1.5 1.2 -2.3
v -1.5 1.2 -2.5
v -1.5 1.3 0.0999997
v -1.5 1.3 -2.38419e-07
v -1.5 1.3 -0.2
v -1.5 1.3 -0.3
v -1.5 1.3 -1.4
v -1.5 1.3 -1.5
v -1.5 1.3 -2.3
v -1.5 1.3 -2.5
v -1.5 1.4 0.0999997
v -1.5 1.4 -2.38419e-07
v -1.5 1.4 -0.2
v -1.5 1.4 -0.3
v -1.5 1.6 -1.4
v -1.5 1.6 -1.5
v -1.5 1.7 -1.4
v -1.5 1.8 -1.4
v -1.5 1.8 -1.5
v -1.4 0 2.4
v -1.4 0 2.3
v -1.4 0.3 2.6
v -1.4 0.3 2.5
v -1.4 0.3 2.4
v -1.4 0.3 2.3
v -1.4 0.4 2.7
v -1.4 0.4 2.6
v -1.4 0.4 2.5
v -1.4 0.6 2.7
v -1.4 0.6 2.6
v -1.4 0.6 2.5
v -1.4 0.7 2.6
v -1.4 0.7 2.5
v -1.4 0.7 2.4
v -1.4 0.7 2.3
v -1.4 0.8 2.4
v -1.4 0.8 2.3
v -1.4 0.9 -2.9
v -1.4 0.9 -3
v -1.4 1 2.4
v -1.4 1 2.3
v -1.4 1 -2.9
v -1.4 1 -3
v -1.4 1.1 1.7
v -1.4 1.1 1.5
v -1.4 1.1 -0.7
v -1.4 1.1 -0.9
v -1.4 1.1 -1.4
v -1.4 1.1 -1.5
v -1.4 1.2 1.7
v -1.4 1.2 1.5
v -1.4 1.2 -0.7
v -1.4 1.2 -0.9
v -1.4 1.2 -1.4
v -1.4 1.2 -1.5
v -1.4 1.3 -2.3
v -1.4 1.3 -2.4
v -1.4 1.4 -2.3
v -1.4 1.4 -2.4
v -1.4 1.4 -2.5
v -1.4 1.5 -2.3
v -1.4 1.5 -2.5
v -1.4 1.7 -1.3
v -1.4 1.7 -1.4
v -1.4 1.8 0.8
v -1.4 1.8 0.6
v -1.4 1.8 -1.2
v -1.4 1.8 -1.3
v -1.4 1.9 0.8
v -1.4 1.9 0.6
v -1.4 1.9 -1.1
v -1.4 1.9 -1.2
v -1.4 1.9 -1.3
v -1.4 1.9 -1.4
v -1.4 2 0.7
v -1.4 2 0.6
v -1.4 2 -1.1
v -1.4 2 -1.3
v -1.4 2.1 0.7
v -1.4 2.1 0.6
v -1.3 0 2.3
v -1.3 0 2.2
v -1.3 0.3 2.5
v -1.3 0.3 2.4
v -1.3 0.3 2.3
v -1.3 0.3 2.2
v -1.3 0.4 2.6
v -1.3 0.4 2.5
v -1.3 0.4 2.4
v -1.3 0.6 2.6
v -1.3 0.6 2.5
v -1.3 0.6 2.4
v -1.3 0.7 2.5
v -1.3 0.7 2.4
v -1.3 0.7 2.3
v -1.3 0.7 2.2
v -1.3 0.8 2.3
v -1.3 0.8 2.2
v -1.3 0.9 -2.38419e-07
v -1.3 0.9 -0.2
v -1.3 0.9 -2.8
v -1.3 0.9 -2.9
v -1.3 1 2.3
v -1.3 1 2.2
v -1.3 1 0.0999997
v -1.3 1 -2.38419e-07
v -1.3 1 -0.2
v -1.3 1 -0.3
v -1.3 1 -0.7
v -1.3 1 -0.9
v -1.3 1 -2.8
v -1.3 1 -2.9
v -1.3 1.1 0.2
v -1.3 1.1 0.0999997
v -1.3 1.1 -0.3
v -1.3 1.1 -0.4
v -1.3 1.1 -0.7
v -1.3 1.1 -0.9
v -1.3 1.2 1.7
v -1.3 1.2 1.5
v -1.3 1.2 0.3
v -1.3 1.2 0.2
v -1.3 1.2 0.0999997
v -1.3 1.2 -2.38419e-07
v -1.3 1.2 -0.2
v -1.3 1.2 -0.3
v -1.3 1.2 -0.4
v -1.3 1.2 -0.5
v -1.3 1.3 1.7
v -1.3 1.3 1.5
v -1.3 1.3 0.4
v -1.3 1.3 0.3
v -1.3 1.3 0.2
v -1.3 1.3 0.0999997
v -1.3 1.3 -2.38419e-07
v -1.3 1.3 -0.2
v -1.3 1.3 -0.3
v -1.3 1.3 -0.4
v -1.3 1.3 -0.5
v -1.3 1.3 -0.6
v -1.3 1.3 -2.4
v -1.3 1.3 -2.5
v -1.3 1.4 1.1
v -1.3 1.4 0.9
v -1.3 1.4 0.5
v -1.3 1.4 0.4
v -1.3 1.4 0.3
v -1.3 1.4 0.2
v -1.3 1.4 -0.4
v -1.3 1.4 -0.5
v -1.3 1.4 -0.6
v -1.3 1.4 -0.7
v -1.3 1.4 -1.1
v -1.3 1.4 -1.3
v -1.3 1.4 -2.4
v -1.3 1.4 -2.5
v -1.3 1.5 1.1
v -1.3 1.5 1
v -1.3 1.5 0.9
v -1.3 1.5 0.8
v -1.3 1.5 0.6
v -1.3 1.5 0.5
v -1.3 1.5 0.4
v -1.3 1.5 0.3
v -1.3 1.5 -0.5
v -1.3 1.5 -0.6
v -1.3 1.5 -0.7
v -1.3 1.5 -0.8
v -1.3 1.5 -1
v -1.3 1.5 -1.1
v -1.3 1.5 -1.2
v -1.3 1.5 -1.3
v -1.3 1.6 1
v -1.3 1.6 0.9
v -1.3 1.6 0.8
v -1.3 1.6 0.6
v -1.3 1.6 0.5
v -1.3 1.6 0.4
v -1.3 1.6 -0.6
v -1.3 1.6 -0.7
v -1.3 1.6 -0.8
v -1.3 1.6 -0.9
v -1.3 1.6 -1
v -1.3 1.6 -1.1
v -1.3 1.6 -1.2
v -1.3 1.7 0.9
v -1.3 1.7 0.8
v -1.3 1.7 0.6
v -1.3 1.7 0.5
v -1.3 1.7 -0.7
v -1.3 1.7 -0.8
v -1.3 1.7 -1
v -1.3 1.7 -1.1
v -1.3 1.8 0.8
v -1.3 1.8 0.6
v -1.3 1.8 -0.8
v -1.3 1.8 -0.9
v -1.3 1.8 -1
v -1.2 0 2.2
v -1.2 0 2.1
v -1.2 0.3 2.4
v -1.2 0.3 2.3
v -1.2 0.3 2.2
v -1.2 0.3 2.1
v -1.2 0.4 2.5
v -1.2 0.4 2.4
v -1.2 0.4 2.3
v -1.2 0.6 2.5
v -1.2 0.6 2.4
v -1.2 0.6 2.3
v -1.2 0.7 2.4
v -1.2 0.7 2.3
v -1.2 0.7 2.2
v -1.2 0.7 2.1
v -1.2 0.8 2.2
v -1.2 0.8 2.1
v -1.2 1 2.2
v -1.2 1 2.1
v -1.2 1 -2.38419e-07
v -1.2 1 -0.2
v -1.2 1 -1.5
v -1.2 1 -1.7
v -1.2 1.1 -2.38419e-07
v -1.2 1.1 -0.2
v -1.2 1.1 -1.5
v -1.2 1.1 -1.7
v -1.2 1.2 0.8
v -1.2 1.2 0.6
v -1.2 1.2 -2.3
v -1.2 1.2 -2.5
v -1.2 1.3 1.7
v -1.2 1.3 1.5
v -1.2 1.3 0.8
v -1.2 1.3 0.6
v -1.2 1.3 0.0999997
v -1.2 1.3 -2.38419e-07
v -1.2 1.3 -0.2
v -1.2 1.3 -0.3
v -1.2 1.3 -2.3
v -1.2 1.3 -2.5
v -1.2 1.4 1.7
v -1.2 1.4 1.5
v -1.2 1.4 0.0999997
v -1.2 1.4 -2.38419e-07
v -1.2 1.4 -0.2
v -1.2 1.4 -0.3
v -1.2 1.9 0.8
v -1.2 1.9 0.6
v -1.2 2 0.8
v -1.2 2 0.6
v -1.2 2.5 0.8
v -1.2 2.5 0.6
v -1.2 2.6 0.8
v -1.2 2.6 0.6
v -1.1 0 2.1
v -1.1 0 2
v -1.1 0.3 2.3
v -1.1 0.3 2.2
v -1.1 0.3 2.1
v -1.1 0.3 2
v -1.1 0.4 2.4
v -1.1 0.4 2.3
v -1.1 0.4 2.2
v -1.1 0.6 2.4
v -1.1 0.6 2.3
v -1.1 0.6 2.2
v -1.1 0.7 2.3
v -1.1 0.7 2.2
v -1.1 0.7 2.1
v -1.1 0.7 2
v -1.1 0.8 2.1
v -1.1 0.8 2
v -1.1 0.9 -1
v -1.1 0.9 -1.1
v -1.1 1 2.1
v -1.1 1 2
v -1.1 1 -1
v -1.1 1 -1.1
v -1.1 1.1 -2.38419e-07
v -1.1 1.1 -0.2
v -1.1 1.1 -1.5
v -1.1 1.1 -1.7
v -1.1 1.1 -2.3
v -1.1 1.1 -2.5
v -1.1 1.2 -2.38419e-07
v -1.1 1.2 -0.2
v -1.1 1.2 -1.5
v -1.1 1.2 -1.7
v -1.1 1.2 -2.3
v -1.1 1.2 -2.5
v -1.1 1.4 0.2
v -1.1 1.4 0.0999997
v -1.1 1.4 -0.3
v -1.1 1.4 -0.4
v -1.1 1.5 0.2
v -1.1 1.5 0.0999997
v -1.1 1.5 -0.3
v -1.1 1.5 -0.4
v -1.1 2.4 0.8
v -1.1 2.4 0.6
v -1.1 2.5 0.8
v -1.1 2.5 0.6
v -1 0 2
v -1 0 1.9
v -1 0.3 2.2
v -1 0.3 2.1
v -1 0.3 2
v -1 0.3 1.9
v -1 0.4 2.3
v -1 0.4 2.2
v -1 0.4 2.1
v -1 0.6 2.3
v -1 0.6 2.2
v -1 0.6 2.1
v -1 0.7 2.2
v -1 0.7 2.1
v -1 0.7 2
v -1 0.7 1.9
v -1 0.8 2
v -1 0.8 1.9
v -1 0.9 -0.9
v -1 0.9 -1
v -1 1 2
v -1 1 1.9
v -1 1 -0.9
v -1 1 -1
v -1 1 -1.5
v -1 1 -1.7
v -1 1.1 -1.5
v -1 1.1 -1.7
v -1 1.2 -2.38419e-07
v -1 1.2 -0.2
v -1 1.3 0.3
v -1 1.3 0.2
v -1 1.3 -2.38419e-07
v -1 1.3 -0.2
v -1 1.3 -0.4
v -1 1.3 -0.5
v -1 1.4 0.3
v -1 1.4 0.2
v -1 1.4 -0.4
v -1 1.4 -0.5
v -1 1.9 0.2
v -1 1.9 0.0999997
v -1 2 0.2
v -1 2 0.0999997
v -1 2.5 1.2
v -1 2.5 1.1
v -1 2.6 1.2
v -1 2.6 1.1
v -0.9 0 1.9
v -0.9 0 1.8
v -0.9 0.3 2.1
v -0.9 0.3 2
v -0.9 0.3 1.9
v -0.9 0.3 1.8
v -0.9 0.4 2.2
v -0.9 0.4 2.1
v -0.9 0.4 2
v -0.9 0.6 2.2
v -0.9 0.6 2.1
v -0.9 0.6 2
v -0.9 0.7 2.1
v -0.9 0.7 2
v -0.9 0.7 1.9
v -0.9 0.7 1.8
v -0.9 0.8 1.9
v -0.9 0.8 1.8
v -0.9 0.9 1.4
v -0.9 0.9 1.2
v -0.9 0.9 0.8
v -0.9 0.9 0.6
v -0.9 0.9 -2.3
v -0.9 0.9 -2.5
v -0.9 1 1.9
v -0.9 1 1.8
v -0.9 1 1.4
v -0.9 1 1.2
v -0.9 1 0.9
v -0.9 1 0.8
v -0.9 1 0.6
v -0.9 1 0.5
v -0.9 1 -2.2
v -0.9 1 -2.3
v -0.9 1 -2.5
v -0.9 1 -2.6
v -0.9 1.1 1
v -0.9 1.1 0.9
v -0.9 1.1 0.5
v -0.9 1.1 0.4
v -0.9 1.1 -2.1
v -0.9 1.1 -2.2
v -0.9 1.1 -2.6
v -0.9 1.1 -2.7
v -0.9 1.2 1.2
v -0.9 1.2 1.1
v -0.9 1.2 1
v -0.9 1.2 0.9
v -0.9 1.2 0.8
v -0.9 1.2 0.6
v -0.9 1.2 0.5
v -0.9 1.2 0.4
v -0.9 1.2 0.3
v -0.9 1.2 -2
v -0.9 1.2 -2.1
v -0.9 1.2 -2.2
v -0.9 1.2 -2.3
v -0.9 1.2 -2.5
v -0.9 1.2 -2.6
v -0.9 1.2 -2.7
v -0.9 1.2 -2.8
v -0.9 1.3 1.3
v -0.9 1.3 1.2
v -0.9 1.3 1.1
v -0.9 1.3 0.9
v -0.9 1.3 0.5
v -0.9 1.3 0.3
v -0.9 1.3 -2.38419e-07
v -0.9 1.3 -0.2
v -0.9 1.3 -2
v -0.9 1.3 -2.2
v -0.9 1.3 -2.6
v -0.9 1.3 -2.8
v -0.9 1.4 1.3
v -0.9 1.4 1.1
v -0.9 1.4 -2.38419e-07
v -0.9 1.4 -0.2
v -0.9 1.7 0.9
v -0.9 1.7 0.8
v -0.9 1.7 0.6
v -0.9 1.7 0.5
v -0.9 1.8 1.3
v -0.9 1.8 1.1
v -0.9 1.8 1
v -0.9 1.8 0.9
v -0.9 1.8 0.5
v -0.9 1.8 0.4
v -0.9 1.8 0.3
v -0.9 1.8 0.0999997
v -0.9 1.9 1.3
v -0.9 1.9 1.2
v -0.9 1.9 1.1
v -0.9 1.9 1
v -0.9 1.9 0.9
v -0.9 1.9 0.8
v -0.9 1.9 0.6
v -0.9 1.9 0.5
v -0.9 1.9 0.4
v -0.9 1.9 0.3
v -0.9 1.9 0.2
v -0.9 1.9 0.0999997
v -0.9 2 1.2
v -0.9 2 0.9
v -0.9 2 0.5
v -0.9 2 0.4
v -0.9 2 0.3
v -0.9 2 0.2
v -0.9 2.1 0.4
v -0.9 2.1 0.3
v -0.9 2.3 0.9
v -0.9 2.3 0.8
v -0.9 2.3 0.6
v -0.9 2.3 0.5
v -0.9 2.4 1
v -0.9 2.4 0.9
v -0.9 2.4 0.5
v -0.9 2.4 0.4
v -0.9 2.5 1.1
v -0.9 2.5 1
v -0.9 2.5 0.9
v -0.9 2.5 0.8
v -0.9 2.5 0.6
v -0.9 2.5 0.5
v -0.9 2.5 0.4
v -0.9 2.5 0.3
v -0.9 2.6 1.1
v -0.9 2.6 0.9
v -0.9 2.6 0.5
v -0.9 2.6 0.4
v -0.9 2.6 0.3
v -0.9 2.7 0.5
v -0.9 2.7 0.3
v -0.8 0 1.8
v -0.8 0 1.7
v -0.8 0.3 2
v -0.8 0.3 1.9
v -0.8 0.3 1.8
v -0.8 0.3 1.7
v -0.8 0.4 2.1
v -0.8 0.4 2
v -0.8 0.4 1.9
v -0.8 0.6 2.1
v -0.8 0.6 2
v -0.8 0.6 1.9
v -0.8 0.7 2
v -0.8 0.7 1.9
v -0.8 0.7 1.8
v -0.8 0.7 1.7
v -0.8 0.8 1.8
v -0.8 0.8 1.7
v -0.8 0.9 -1.5
v -0.8 0.9 -1.7
v -0.8 1 1.8
v -0.8 1 1.7
v -0.8 1 0.8
v -0.8 1 0.6
v -0.8 1 -1.2
v -0.8 1 -1.3
v -0.8 1 -1.4
v -0.8 1 -1.5
v -0.8 1 -1.7
v -0.8 1 -1.8
v -0.8 1 -1.9
v -0.8 1 -2
v -0.8 1 -2.3
v -0.8 1 -2.5
v -0.8 1.1 0.8
v -0.8 1.1 0.6
v -0.8 1.1 -1.2
v -0.8 1.1 -1.3
v -0.8 1.1 -1.4
v -0.8 1.1 -1.5
v -0.8 1.1 -1.7
v -0.8 1.1 -1.8
v -0.8 1.1 -1.9
v -0.8 1.1 -2
v -0.8 1.1 -2.3
v -0.8 1.1 -2.5
v -0.8 1.2 -1.3
v -0.8 1.2 -1.4
v -0.8 1.2 -1.8
v -0.8 1.2 -1.9
v -0.8 1.4 -2.38419e-07
v -0.8 1.4 -0.2
v -0.8 1.5 -2.38419e-07
v -0.8 1.5 -0.2
v -0.8 1.7 0.8
v -0.8 1.7 0.6
v -0.8 1.8 0.8
v -0.8 1.8 0.6
v -0.8 1.9 0.4
v -0.8 1.9 0.3
v -0.8 2 0.4
v -0.8 2 0.3
v -0.8 2.3 0.8
v -0.8 2.3 0.6
v -0.8 2.4 0.8
v -0.8 2.4 0.6
v -0.8 2.5 0.5
v -0.8 2.5 0.4
v -0.8 2.6 0.5
v -0.8 2.6 0.4
v -0.7 0 1.7
v -0.7 0 1.6
v -0.7 0.3 1.9
v -0.7 0.3 1.8
v -0.7 0.3 1.7
v -0.7 0.3 1.6
v -0.7 0.4 2
v -0.7 0.4 1.9
v -0.7 0.4 1.8
v -0.7 0.6 2
v -0.7 0.6 1.9
v -0.7 0.6 1.8
v -0.7 0.7 1.9
v -0.7 0.7 1.8
v -0.7 0.7 1.7
v -0.7 0.7 1.6
v -0.7 0.8 1.7
v -0.7 0.8 1.6
v -0.7 1 1.7
v -0.7 1 1.6
v -0.7 1 -1.5
v -0.7 1 -1.7
v -0.7 1.1 0.8
v -0.7 1.1 0.6
v -0.7 1.1 -1.5
v -0.7 1.1 -1.7
v -0.7 1.1 -2.3
v -0.7 1.1 -2.5
v -0.7 1.2 0.8
v -0.7 1.2 0.6
v -0.7 1.2 -0.4
v -0.7 1.2 -0.6
v -0.7 1.2 -2.3
v -0.7 1.2 -2.5
v -0.7 1.3 0.7
v -0.7 1.3 0.6
v -0.7 1.3 -0.4
v -0.7 1.3 -0.6
v -0.7 1.4 0.7
v -0.7 1.4 0.6
v -0.7 1.5 -2.38419e-07
v -0.7 1.5 -0.2
v -0.7 1.6 -2.38419e-07
v -0.7 1.6 -0.2
v -0.7 1.8 0.8
v -0.7 1.8 0.6
v -0.7 1.9 0.8
v -0.7 1.9 0.6
v -0.7 2.4 0.8
v -0.7 2.4 0.6
v -0.7 2.5 0.8
v -0.7 2.5 0.6
v -0.6 0 1.6
v -0.6 0 1.5
v -0.6 0.3 1.8
v -0.6 0.3 1.7
v -0.6 0.3 1.6
v -0.6 0.3 1.5
v -0.6 0.4 1.9
v -0.6 0.4 1.8
v -0.6 0.4 1.7
v -0.6 0.6 1.9
v -0.6 0.6 1.8
v -0.6 0.6 1.7
v -0.6 0.7 1.8
v -0.6 0.7 1.7
v -0.6 0.7 1.6
v -0.6 0.7 1.5
v -0.6 0.8 1.6
v -0.6 0.8 1.5
v -0.6 1 1.6
v -0.6 1 1.5
v -0.6 1.1 -0.4
v -0.6 1.1 -0.6
v -0.6 1.1 -1.5
v -0.6 1.1 -1.7
v -0.6 1.2 0.7
v -0.6 1.2 0.6
v -0.6 1.2 -0.4
v -0.6 1.2 -0.6
v -0.6 1.2 -1.5
v -0.6 1.2 -1.7
v -0.6 1.2 -2.3
v -0.6 1.2 -2.5
v -0.6 1.3 0.8
v -0.6 1.3 0.7
v -0.6 1.3 0.6
v -0.6 1.3 -2.3
v -0.6 1.3 -2.5
v -0.6 1.4 0.8
v -0.6 1.4 0.7
v -0.6 1.4 -1.3
v -0.6 1.4 -1.4
v -0.6 1.5 -1.3
v -0.6 1.5 -1.4
v -0.6 1.5 -2.8
v -0.6 1.5 -2.9
v -0.6 1.6 -2.9
v -0.6 1.7 -2.8
v -0.6 1.7 -2.9
v -0.6 2.5 0.8
v -0.6 2.5 0.6
v -0.6 2.6 0.8
v -0.6 2.6 0.6
v -0.5 0 1.5
v -0.5 0 1.4
v -0.5 0.3 1.7
v -0.5 0.3 1.6
v -0.5 0.3 1.5
v -0.5 0.3 1.4
v -0.5 0.4 1.8
v -0.5 0.4 1.7
v -0.5 0.4 1.6
v -0.5 0.6 1.8
v -0.5 0.6 1.7
v -0.5 0.6 1.6
v -0.5 0.7 1.7
v -0.5 0.7 1.6
v -0.5 0.7 1.5
v -0.5 0.7 1.4
v -0.5 0.8 1.5
v -0.5 0.8 1.4
v -0.5 0.9 0.3
v -0.5 0.9 0.2
v -0.5 1 1.5
v -0.5 1 1.4
v -0.5 1 0.3
v -0.5 1 0.2
v -0.5 1 -1.5
v -0.5 1 -1.7
v -0.5 1.1 -1.5
v -0.5 1.1 -1.7
v -0.5 1.2 0.8
v -0.5 1.2 0.7
v -0.5 1.3 0.8
v -0.5 1.3 0.7
v -0.5 1.3 -1.2
v -0.5 1.3 -1.4
v -0.5 1.4 -1.2
v -0.5 1.4 -1.4
v -0.5 1.5 -2.9
v -0.5 1.5 -3
v -0.5 1.6 -2.9
v -0.5 1.6 -3
v -0.5 1.7 -2.38419e-07
v -0.5 1.7 -0.1
v -0.5 1.7 -0.2
v -0.5 1.8 -2.38419e-07
v -0.5 1.8 -0.1
v -0.5 1.8 -0.2
v -0.5 1.9 0.8
v -0.5 1.9 0.6
v -0.5 2 0.8
v -0.5 2 0.6
v -0.4 0 1.4
v -0.4 0 1.3
v -0.4 0.3 1.6
v -0.4 0.3 1.5
v -0.4 0.3 1.4
v -0.4 0.3 1.3
v -0.4 0.4 1.7
v -0.4 0.4 1.6
v -0.4 0.4 1.5
v -0.4 0.6 1.7
v -0.4 0.6 1.6
v -0.4 0.6 1.5
v -0.4 0.7 1.6
v -0.4 0.7 1.5
v -0.4 0.7 1.4
v -0.4 0.7 1.3
v -0.4 0.8 1.4
v -0.4 0.8 1.3
v -0.4 0.9 0.2
v -0.4 0.9 0.0999997
v -0.4 0.9 -0.4
v -0.4 0.9 -0.6
v -0.4 0.9 -2.7
v -0.4 0.9 -2.8
v -0.4 1 1.4
v -0.4 1 1.3
v -0.4 1 0.2
v -0.4 1 0.0999997
v -0.4 1 -0.3
v -0.4 1 -0.4
v -0.4 1 -0.6
v -0.4 1 -0.7
v -0.4 1 -2.7
v -0.4 1 -2.8
v -0.4 1.1 -0.2
v -0.4 1.1 -0.3
v -0.4 1.1 -0.7
v -0.4 1.1 -0.8
v -0.4 1.2 -0.1
v -0.4 1.2 -0.2
v -0.4 1.2 -0.3
v -0.4 1.2 -0.4
v -0.4 1.2 -0.6
v -0.4 1.2 -0.7
v -0.4 1.2 -0.8
v -0.4 1.2 -0.9
v -0.4 1.2 -1.2
v -0.4 1.2 -1.4
v -0.4 1.3 -0.1
v -0.4 1.3 -0.3
v -0.4 1.3 -0.7
v -0.4 1.3 -0.9
v -0.4 1.3 -1.2
v -0.4 1.3 -1.4
v -0.4 1.4 -2.9
v -0.4 1.4 -3
v -0.4 1.5 -2.9
v -0.4 1.5 -3
v -0.4 1.6 -2.38419e-07
v -0.4 1.6 -0.2
v -0.4 1.7 0.7
v -0.4 1.7 0.6
v -0.4 1.7 -2.38419e-07
v -0.4 1.7 -0.2
v -0.4 1.8 0.8
v -0.4 1.8 0.7
v -0.4 1.8 0.6
v -0.4 1.9 0.8
v -0.4 1.9 0.6
v -0.3 0 1.3
v -0.3 0 1.2
v -0.3 0.3 1.5
v -0.3 0.3 1.4
v -0.3 0.3 1.3
v -0.3 0.3 1.2
v -0.3 0.4 1.6
v -0.3 0.4 1.5
v -0.3 0.4 1.4
v -0.3 0.6 1.6
v -0.3 0.6 1.5
v -0.3 0.6 1.4
v -0.3 0.7 1.5
v -0.3 0.7 1.4
v -0.3 0.7 1.3
v -0.3 0.7 1.2
v -0.3 0.8 1.3
v -0.3 0.8 1.2
v -0.3 1 1.3
v -0.3 1 1.2
v -0.3 1 -0.4
v -0.3 1 -0.6
v -0.3 1.1 -0.4
v -0.3 1.1 -0.6
v -0.3 1.1 -1.2
v -0.3 1.1 -1.4
v -0.3 1.2 -1.2
v -0.3 1.2 -1.4
v -0.3 1.3 -2.9
v -0.3 1.3 -3
v -0.3 1.4 -2.9
v -0.3 1.4 -3
v -0.3 1.5 -2.38419e-07
v -0.3 1.5 -0.2
v -0.3 1.6 -2.38419e-07
v -0.3 1.6 -0.2
v -0.2 0 1.2
v -0.2 0 1.1
v -0.2 0.3 1.4
v -0.2 0.3 1.3
v -0.2 0.3 1.2
v -0.2 0.3 1.1
v -0.2 0.4 1.5
v -0.2 0.4 1.4
v -0.2 0.4 1.3
v -0.2 0.6 1.5
v -0.2 0.6 1.4
v -0.2 0.6 1.3
v -0.2 0.7 1.4
v -0.2 0.7 1.3
v -0.2 0.7 1.2
v -0.2 0.7 1.1
v -0.2 0.8 1.2
v -0.2 0.8 1.1
v -0.2 1 1.2
v -0.2 1 1.1
v -0.2 1.1 -0.4
v -0.2 1.1 -0.6
v -0.2 1.2 -0.4
v -0.2 1.2 -0.6
v -0.2 1.3 -3
v -0.2 1.3 -3.1
v -0.2 1.3 -3.2
v -0.2 1.4 -2.38419e-07
v -0.2 1.4 -0.2
v -0.2 1.4 -0.8
v -0.2 1.4 -0.9
v -0.2 1.4 -3
v -0.2 1.4 -3.1
v -0.2 1.4 -3.2
v -0.2 1.5 -2.38419e-07
v -0.2 1.5 -0.2
v -0.2 1.5 -0.8
v -0.2 1.5 -0.9
v -0.2 1.5 -3.1
v -0.2 1.5 -3.2
v -0.0999999 0 1.1
v -0.0999999 0 1
v -0.0999999 0.3 1.3
v -0.0999999 0.3 1.2
v -0.0999999 0.3 1.1
v -0.0999999 0.3 1
v -0.0999999 0.4 1.4
v -0.0999999 0.4 1.3
v -0.0999999 0.4 1.2
v -0.0999999 0.6 1.4
v -0.0999999 0.6 1.3
v -0.0999999 0.6 1.2
v -0.0999999 0.7 1.3
v -0.0999999 0.7 1.2
v -0.0999999 0.7 1.1
v -0.0999999 0.7 1
v -0.0999999 0.8 1.1
v -0.0999999 0.8 1
v -0.0999999 0.9 0.5
v -0.0999999 0.9 0.4
v -0.0999999 0.9 -1.2
v -0.0999999 0.9 -1.4
v -0.0999999 0.9 -2.2
v -0.0999999 0.9 -2.3
v -0.0999999 0.9 -2.9
v -0.0999999 0.9 -3
v -0.0999999 1 1.1
v -0.0999999 1 1
v -0.0999999 1 0.5
v -0.0999999 1 0.4
v -0.0999999 1 -1.1
v -0.0999999 1 -1.2
v -0.0999999 1 -1.4
v -0.0999999 1 -1.5
v -0.0999999 1 -2.2
v -0.0999999 1 -2.3
v -0.0999999 1.1 -1
v -0.0999999 1.1 -1.1
v -0.0999999 1.1 -1.5
v -0.0999999 1.1 -1.6
v -0.0999999 1.2 -0.4
v -0.0999999 1.2 -0.6
v -0.0999999 1.2 -0.9
v -0.0999999 1.2 -1
v -0.0999999 1.2 -1.1
v -0.0999999 1.2 -1.2
v -0.0999999 1.2 -1.4
v -0.0999999 1.2 -1.5
v -0.0999999 1.2 -1.6
v -0.0999999 1.2 -1.7
v -0.0999999 1.2 -2.7
v -0.0999999 1.2 -2.9
v -0.0999999 1.2 -3
v -0.0999999 1.2 -3.1
v -0.0999999 1.3 -0.4
v -0.0999999 1.3 -0.6
v -0.0999999 1.3 -0.7
v -0.0999999 1.3 -0.8
v -0.0999999 1.3 -0.9
v -0.0999999 1.3 -1
v -0.0999999 1.3 -1.1
v -0.0999999 1.3 -1.5
v -0.0999999 1.3 -1.6
v -0.0999999 1.3 -1.7
v -0.0999999 1.3 -1.8
v -0.0999999 1.3 -1.9
v -0.0999999 1.3 -2.6
v -0.0999999 1.3 -2.7
v -0.0999999 1.3 -2.8
v -0.0999999 1.3 -2.9
v -0.0999999 1.3 -3
v -0.0999999 1.3 -3.1
v -0.0999999 1.4 -0.7
v -0.0999999 1.4 -0.8
v -0.0999999 1.4 -1
v -0.0999999 1.4 -1.6
v -0.0999999 1.4 -1.7
v -0.0999999 1.4 -1.8
v -0.0999999 1.4 -1.9
v -0.0999999 1.4 -2.6
v -0.0999999 1.4 -2.7
v -0.0999999 1.4 -2.8
v -0.0999999 1.4 -2.9
v -0.0999999 1.4 -3
v -0.0999999 1.4 -3.2
v -0.0999999 1.4 -3.4
v -0.0999999 1.5 -1.7
v -0.0999999 1.5 -1.8
v -0.0999999 1.5 -2.6
v -0.0999999 1.5 -2.7
v -0.0999999 1.5 -3.2
v -0.0999999 1.5 -3.3
v -0.0999999 1.5 -3.4
v -0.0999999 1.6 -3.3
v -0.0999999 1.6 -3.4
v 2.38419e-07 0 1
v 2.38419e-07 0 0.9
v 2.38419e-07 0.3 1.2
v 2.38419e-07 0.3 1.1
v 2.38419e-07 0.3 1
v 2.38419e-07 0.3 0.9
v 2.38419e-07 0.4 1.3
v 2.38419e-07 0.4 1.2
v 2.38419e-07 0.4 1.1
v 2.38419e-07 0.6 1.3
v 2.38419e-07 0.6 1.2
v 2.38419e-07 0.6 1.1
v 2.38419e-07 0.7 1.2
v 2.38419e-07 0.7 1.1
v 2.38419e-07 0.7 1
v 2.38419e-07 0.7 0.9
v 2.38419e-07 0.8 1
v 2.38419e-07 0.8 0.9
v 2.38419e-07 0.9 0.4
v 2.38419e-07 0.9 0.3
v 2.38419e-07 0.9 -0.9
v 2.38419e-07 0.9 -1.1
v 2.38419e-07 1 1
v 2.38419e-07 1 0.9
v 2.38419e-07 1 0.4
v 2.38419e-07 1 0.3
v 2.38419e-07 1 -0.9
v 2.38419e-07 1 -1.1
v 2.38419e-07 1 -1.2
v 2.38419e-07 1 -1.4
v 2.38419e-07 1.1 -1.2
v 2.38419e-07 1.1 -1.4
v 2.38419e-07 1.4 -2.5
v 2.38419e-07 1.4 -2.6
v 2.38419e-07 1.4 -2.9
v 2.38419e-07 1.4 -3
v 2.38419e-07 1.5 -2.5
v 2.38419e-07 1.5 -2.9
v 2.38419e-07 1.5 -3
v 2.38419e-07 1.5 -3.4
v 2.38419e-07 1.5 -3.5
v 2.38419e-07 1.6 -2.5
v 2.38419e-07 1.6 -2.6
v 2.38419e-07 1.6 -3.4
v 2.38419e-07 1.6 -3.5
v 0.1 0 0.9
v 0.1 0 0.8
v 0.1 0.3 1.1
v 0.1 0.3 1
v 0.1 0.3 0.9
v 0.1 0.3 0.8
v 0.1 0.4 1.2
v 0.1 0.4 1.1
v 0.1 0.4 1
v 0.1 0.6 1.2
v 0.1 0.6 1.1
v 0.1 0.6 1
v 0.1 0.7 1.1
v 0.1 0.7 1
v 0.1 0.7 0.9
v 0.1 0.7 0.8
v 0.1 0.8 0.9
v 0.1 0.8 0.8
v 0.1 1 0.9
v 0.1 1 0.8
v 0.1 1.1 -1.2
v 0.1 1.1 -1.4
v 0.1 1.2 -1.2
v 0.1 1.2 -1.4
v 0.1 1.5 -2.4
v 0.1 1.5 -2.5
v 0.1 1.5 -2.9
v 0.1 1.5 -3
v 0.1 1.6 -2.4
v 0.1 1.6 -2.5
v 0.1 1.6 -2.9
v 0.1 1.6 -3
v 0.2 0 0.8
v 0.2 0 0.7
v 0.2 0.3 1
v 0.2 0.3 0.9
v 0.2 0.3 0.8
v 0.2 0.3 0.7
v 0.2 0.4 1.1
v 0.2 0.4 1
v 0.2 0.4 0.9
v 0.2 0.6 1.1
v 0.2 0.6 1
v 0.2 0.6 0.9
v 0.2 0.7 1
v 0.2 0.7 0.9
v 0.2 0.7 0.8
v 0.2 0.7 0.7
v 0.2 0.8 0.8
v 0.2 0.8 0.7
v 0.2 1 0.8
v 0.2 1 0.7
v 0.2 1.2 -1.2
v 0.2 1.2 -1.4
v 0.2 1.2 -2.9
v 0.2 1.2 -3
v 0.2 1.3 -1.2
v 0.2 1.3 -1.4
v 0.2 1.3 -2.9
v 0.2 1.3 -3
v 0.2 1.6 -2.9
v 0.2 1.6 -3
v 0.2 1.7 -2.9
v 0.2 1.8 -2.9
v 0.2 1.8 -3
v 0.3 0 0.7
v 0.3 0 0.6
v 0.3 0.3 0.9
v 0.3 0.3 0.8
v 0.3 0.3 0.7
v 0.3 0.3 0.6
v 0.3 0.4 1
v 0.3 0.4 0.9
v 0.3 0.4 0.8
v 0.3 0.6 1
v 0.3 0.6 0.9
v 0.3 0.6 0.8
v 0.3 0.7 0.9
v 0.3 0.7 0.8
v 0.3 0.7 0.7
v 0.3 0.7 0.6
v 0.3 0.8 0.7
v 0.3 0.8 0.6
v 0.3 1 0.7
v 0.3 1 0.6
v 0.3 1.1 -2.9
v 0.3 1.1 -3
v 0.3 1.2 -2.9
v 0.3 1.2 -3
v 0.3 1.3 -0.1
v 0.3 1.3 -0.3
v 0.3 1.3 -1.2
v 0.3 1.3 -1.3
v 0.3 1.3 -2.3
v 0.3 1.3 -2.5
v 0.3 1.4 -0.1
v 0.3 1.4 -0.3
v 0.3 1.4 -1.2
v 0.3 1.4 -1.3
v 0.3 1.4 -1.4
v 0.3 1.4 -2.3
v 0.3 1.4 -2.5
v 0.3 1.5 -1.2
v 0.3 1.5 -1.4
v 0.3 1.7 -2.8
v 0.3 1.7 -2.9
v 0.3 1.8 -2.7
v 0.3 1.8 -2.8
v 0.3 1.9 -2.6
v 0.3 1.9 -2.7
v 0.3 1.9 -2.8
v 0.3 1.9 -2.9
v 0.3 2 -2.6
v 0.3 2 -2.8
v 0.4 0 0.6
v 0.4 0 0.5
v 0.4 0.3 0.8
v 0.4 0.3 0.7
v 0.4 0.3 0.6
v 0.4 0.3 0.5
v 0.4 0.4 0.9
v 0.4 0.4 0.8
v 0.4 0.4 0.7
v 0.4 0.6 0.9
v 0.4 0.6 0.8
v 0.4 0.6 0.7
v 0.4 0.7 0.8
v 0.4 0.7 0.7
v 0.4 0.7 0.6
v 0.4 0.7 0.5
v 0.4 0.8 0.6
v 0.4 0.8 0.5
v 0.4 1 0.6
v 0.4 1 0.5
v 0.4 1.2 -0.1
v 0.4 1.2 -0.3
v 0.4 1.2 -2.3
v 0.4 1.2 -2.5
v 0.4 1.3 -0.1
v 0.4 1.3 -0.3
v 0.4 1.3 -1.3
v 0.4 1.3 -1.4
v 0.4 1.3 -2.3
v 0.4 1.3 -2.5
v 0.4 1.4 -1.3
v 0.4 1.4 -1.4
v 0.4 1.4 -1.6
v 0.4 1.4 -1.8
v 0.4 1.5 -1.6
v 0.4 1.5 -1.8
v 0.4 2.2 -1.6
v 0.4 2.2 -1.8
v 0.4 2.3 -1.6
v 0.4 2.3 -1.8
v 0.4 3.1 -1.6
v 0.4 3.1 -1.8
v 0.4 3.2 -1.6
v 0.4 3.2 -1.8
v 0.4 4 -1.6
v 0.4 4 -1.8
v 0.4 4.1 -1.6
v 0.4 4.1 -1.8
v 0.5 0 0.5
v 0.5 0 0.4
v 0.5 0.3 0.7
v 0.5 0.3 0.6
v 0.5 0.3 0.5
v 0.5 0.3 0.4
v 0.5 0.4 0.8
v 0.5 0.4 0.7
v 0.5 0.4 0.6
v 0.5 0.6 0.8
v 0.5 0.6 0.7
v 0.5 0.6 0.6
v 0.5 0.7 0.7
v 0.5 0.7 0.6
v 0.5 0.7 0.5
v 0.5 0.7 0.4
v 0.5 0.8 0.5
v 0.5 0.8 0.4
v 0.5 1 0.5
v 0.5 1 0.4
v 0.5 1.1 -0.1
v 0.5 1.1 -0.3
v 0.5 1.1 -2.3
v 0.5 1.1 -2.5
v 0.5 1.2 -0.1
v 0.5 1.2 -0.3
v 0.5 1.2 -2.3
v 0.5 1.2 -2.5
v 0.5 1.5 -1.6
v 0.5 1.5 -1.8
v 0.5 1.6 -1.6
v 0.5 1.6 -1.7
v 0.5 1.6 -1.8
v 0.5 2.3 -1.6
v 0.5 2.3 -1.8
v 0.5 2.4 -1.6
v 0.5 2.4 -1.7
v 0.5 2.4 -1.8
v 0.5 3.2 -1.6
v 0.5 3.2 -1.8
v 0.5 3.3 -1.6
v 0.5 3.3 -1.7
v 0.5 3.3 -1.8
v 0.5 4.1 -1.6
v 0.5 4.1 -1.8
v 0.5 4.2 -1.6
v 0.5 4.2 -1.7
v 0.5 4.2 -1.8
v 0.6 0 0.4
v 0.6 0 0.3
v 0.6 0.3 0.6
v 0.6 0.3 0.5
v 0.6 0.3 0.4
v 0.6 0.3 0.3
v 0.6 0.4 0.7
v 0.6 0.4 0.6
v 0.6 0.4 0.5
v 0.6 0.6 0.7
v 0.6 0.6 0.6
v 0.6 0.6 0.5
v 0.6 0.7 0.6
v 0.6 0.7 0.5
v 0.6 0.7 0.4
v 0.6 0.7 0.3
v 0.6 0.8 0.4
v 0.6 0.8 0.3
v 0.6 1 0.4
v 0.6 1 0.3
v 0.6 1.2 -1
v 0.6 1.2 -1.2
v 0.6 1.3 -1
v 0.6 1.3 -1.2
v 0.7 0 0.3
v 0.7 0 0.2
v 0.7 0.3 0.5
v 0.7 0.3 0.4
v 0.7 0.3 0.3
v 0.7 0.3 0.2
v 0.7 0.4 0.6
v 0.7 0.4 0.5
v 0.7 0.4 0.4
v 0.7 0.6 0.6
v 0.7 0.6 0.5
v 0.7 0.6 0.4
v 0.7 0.7 0.5
v 0.7 0.7 0.4
v 0.7 0.7 0.3
v 0.7 0.7 0.2
v 0.7 0.8 0.3
v 0.7 0.8 0.2
v 0.7 0.9 -0.1
v 0.7 0.9 -0.3
v 0.7 0.9 -2.3
v 0.7 0.9 -2.5
v 0.7 1 0.3
v 0.7 1 0.2
v 0.7 1 -2.38419e-07
v 0.7 1 -0.1
v 0.7 1 -0.3
v 0.7 1 -0.4
v 0.7 1 -2.2
v 0.7 1 -2.3
v 0.7 1 -2.5
v 0.7 1 -2.6
v 0.7 1.1 0.0999997
v 0.7 1.1 -2.38419e-07
v 0.7 1.1 -0.4
v 0.7 1.1 -0.5
v 0.7 1.1 -1
v 0.7 1.1 -1.2
v 0.7 1.1 -2.1
v 0.7 1.1 -2.2
v 0.7 1.1 -2.6
v 0.7 1.1 -2.7
v 0.7 1.2 0.2
v 0.7 1.2 0.0999997
v 0.7 1.2 -2.38419e-07
v 0.7 1.2 -0.1
v 0.7 1.2 -0.3
v 0.7 1.2 -0.4
v 0.7 1.2 -0.5
v 0.7 1.2 -0.6
v 0.7 1.2 -1
v 0.7 1.2 -1.2
v 0.7 1.2 -2
v 0.7 1.2 -2.1
v 0.7 1.2 -2.2
v 0.7 1.2 -2.3
v 0.7 1.2 -2.5
v 0.7 1.2 -2.6
v 0.7 1.2 -2.7
v 0.7 1.2 -2.8
v 0.7 1.3 0.3
v 0.7 1.3 0.2
v 0.7 1.3 0.0999997
v 0.7 1.3 -2.38419e-07
v 0.7 1.3 -0.4
v 0.7 1.3 -0.5
v 0.7 1.3 -0.6
v 0.7 1.3 -0.7
v 0.7 1.3 -1.9
v 0.7 1.3 -2
v 0.7 1.3 -2.1
v 0.7 1.3 -2.2
v 0.7 1.3 -2.6
v 0.7 1.3 -2.7
v 0.7 1.3 -2.8
v 0.7 1.3 -2.9
v 0.7 1.4 0.3
v 0.7 1.4 0.0999997
v 0.7 1.4 -0.5
v 0.7 1.4 -0.7
v 0.7 1.4 -1.9
v 0.7 1.4 -2.1
v 0.7 1.4 -2.7
v 0.7 1.4 -2.9
v 0.7 1.7 -1.6
v 0.7 1.7 -1.8
v 0.7 1.8 -1.6
v 0.7 1.8 -1.8
v 0.7 2.5 -1.6
v 0.7 2.5 -1.8
v 0.7 2.6 -1.6
v 0.7 2.6 -1.8
v 0.7 3.4 -1.6
v 0.7 3.4 -1.8
v 0.7 3.5 -1.6
v 0.7 3.5 -1.8
v 0.7 4.3 -1.6
v 0.7 4.3 -1.8
v 0.7 4.4 -1.6
v 0.7 4.4 -1.8
v 0.8 0 0.2
v 0.8 0 0.0999997
v 0.8 0.3 0.4
v 0.8 0.3 0.3
v 0.8 0.3 0.2
v 0.8 0.3 0.0999997
v 0.8 0.4 0.5
v 0.8 0.4 0.4
v 0.8 0.4 0.3
v 0.8 0.6 0.5
v 0.8 0.6 0.4
v 0.8 0.6 0.3
v 0.8 0.7 0.4
v 0.8 0.7 0.3
v 0.8 0.7 0.2
v 0.8 0.7 0.0999997
v 0.8 0.8 0.2
v 0.8 0.8 0.0999997
v 0.8 1 0.2
v 0.8 1 0.0999997
v 0.8 1 -0.1
v 0.8 1 -0.3
v 0.8 1 -2.3
v 0.8 1 -2.5
v 0.8 1.1 -0.1
v 0.8 1.1 -0.3
v 0.8 1.1 -2.3
v 0.8 1.1 -2.5
v 0.8 1.6 -1.6
v 0.8 1.6 -1.8
v 0.8 1.7 -1.6
v 0.8 1.7 -1.8
v 0.8 2.4 -1.6
v 0.8 2.4 -1.8
v 0.8 2.5 -1.6
v 0.8 2.5 -1.8
v 0.8 3.3 -1.6
v 0.8 3.3 -1.8
v 0.8 3.4 -1.6
v 0.8 3.4 -1.8
v 0.8 4.2 -1.6
v 0.8 4.2 -1.8
v 0.8 4.3 -1.6
v 0.8 4.3 -1.8
v 0.9 0 0.0999997
v 0.9 0 -2.38419e-07
v 0.9 0.3 0.3
v 0.9 0.3 0.2
v 0.9 0.3 0.0999997
v 0.9 0.3 -2.38419e-07
v 0.9 0.4 0.4
v 0.9 0.4 0.3
v 0.9 0.4 0.2
v 0.9 0.6 0.4
v 0.9 0.6 0.3
v 0.9 0.6 0.2
v 0.9 0.7 0.3
v 0.9 0.7 0.2
v 0.9 0.7 0.0999997
v 0.9 0.7 -2.38419e-07
v 0.9 0.8 0.0999997
v 0.9 0.8 -2.38419e-07
v 0.9 0.9 -1
v 0.9 0.9 -1.2
v 0.9 1 0.0999997
v 0.9 1 -2.38419e-07
v 0.9 1 -0.9
v 0.9 1 -1
v 0.9 1 -1.2
v 0.9 1 -1.3
v 0.9 1.1 -0.1
v 0.9 1.1 -0.3
v 0.9 1.1 -0.8
v 0.9 1.1 -0.9
v 0.9 1.1 -1.3
v 0.9 1.1 -1.4
v 0.9 1.1 -2.3
v 0.9 1.1 -2.5
v 0.9 1.2 -0.1
v 0.9 1.2 -0.3
v 0.9 1.2 -0.7
v 0.9 1.2 -0.8
v 0.9 1.2 -0.9
v 0.9 1.2 -1
v 0.9 1.2 -1.2
v 0.9 1.2 -1.3
v 0.9 1.2 -1.4
v 0.9 1.2 -1.5
v 0.9 1.2 -2.3
v 0.9 1.2 -2.5
v 0.9 1.3 -0.7
v 0.9 1.3 -0.9
v 0.9 1.3 -1.3
v 0.9 1.3 -1.5
v 0.9 1.5 -1.6
v 0.9 1.5 -1.8
v 0.9 1.6 -1.6
v 0.9 1.6 -1.8
v 0.9 2.3 -1.6
v 0.9 2.3 -1.8
v 0.9 2.4 -1.6
v 0.9 2.4 -1.8
v 0.9 3.2 -1.6
v 0.9 3.2 -1.8
v 0.9 3.3 -1.6
v 0.9 3.3 -1.8
v 0.9 4.1 -1.6
v 0.9 4.1 -1.8
v 0.9 4.2 -1.6
v 0.9 4.2 -1.8
v 1 0 -2.38419e-07
v 1 0 -0.1
v 1 0.3 0.2
v 1 0.3 0.0999997
v 1 0.3 -2.38419e-07
v 1 0.3 -0.1
v 1 0.4 0.3
v 1 0.4 0.2
v 1 0.4 0.0999997
v 1 0.6 0.3
v 1 0.6 0.2
v 1 0.6 0.0999997
v 1 0.7 0.2
v 1 0.7 0.0999997
v 1 0.7 -2.38419e-07
v 1 0.7 -0.1
v 1 0.8 -2.38419e-07
v 1 0.8 -0.1
v 1 1 -2.38419e-07
v 1 1 -0.1
v 1 1 -1
v 1 1 -1.2
v 1 1.1 -1
v 1 1.1 -1.2
v 1 1.2 -0.1
v 1 1.2 -0.3
v 1 1.2 -2.3
v 1 1.2 -2.5
v 1 1.3 -0.1
v 1 1.3 -0.3
v 1 1.3 -2.3
v 1 1.3 -2.5
v 1 1.4 -1.6
v 1 1.4 -1.8
v 1 1.5 -1.6
v 1 1.5 -1.8
v 1 2.2 -1.6
v 1 2.2 -1.8
v 1 2.3 -1.6
v 1 2.3 -1.8
v 1 3.1 -1.6
v 1 3.1 -1.8
v 1 3.2 -1.6
v 1 3.2 -1.8
v 1 4 -1.6
v 1 4 -1.8
v 1 4.1 -1.6
v 1 4.1 -1.8
v 1.1 0 -0.1
v 1.1 0 -0.2
v 1.1 0.3 0.0999997
v 1.1 0.3 -2.38419e-07
v 1.1 0.3 -0.1
v 1.1 0.3 -0.2
v 1.1 0.4 0.2
v 1.1 0.4 0.0999997
v 1.1 0.4 -2.38419e-07
v 1.1 0.6 0.2
v 1.1 0.6 0.0999997
v 1.1 0.6 -2.38419e-07
v 1.1 0.7 0.0999997
v 1.1 0.7 -2.38419e-07
v 1.1 0.7 -0.1
v 1.1 0.7 -0.2
v 1.1 0.8 -0.1
v 1.1 0.8 -0.2
v 1.1 1 -0.1
v 1.1 1 -0.2
v 1.1 1.1 -1
v 1.1 1.1 -1.2
v 1.1 1.2 -1
v 1.1 1.2 -1.2
v 1.1 1.3 -0.1
v 1.1 1.3 -0.3
v 1.1 1.3 -1.3
v 1.1 1.3 -1.4
v 1.1 1.3 -1.6
v 1.1 1.3 -1.8
v 1.1 1.3 -2
v 1.1 1.3 -2.1
v 1.1 1.3 -2.3
v 1.1 1.3 -2.5
v 1.1 1.4 -0.1
v 1.1 1.4 -0.3
v 1.1 1.4 -1.3
v 1.1 1.4 -1.4
v 1.1 1.4 -1.6
v 1.1 1.4 -1.8
v 1.1 1.4 -2
v 1.1 1.4 -2.1
v 1.1 1.4 -2.3
v 1.1 1.4 -2.5
v 1.1 2.1 -1.3
v 1.1 2.1 -1.4
v 1.1 2.1 -1.6
v 1.1 2.1 -1.8
v 1.1 2.1 -2
v 1.1 2.1 -2.1
v 1.1 2.2 -1.3
v 1.1 2.2 -1.4
v 1.1 2.2 -1.6
v 1.1 2.2 -1.8
v 1.1 2.2 -2
v 1.1 2.2 -2.1
v 1.1 3 -1.3
v 1.1 3 -1.4
v 1.1 3 -1.6
v 1.1 3 -1.8
v 1.1 3 -2
v 1.1 3 -2.1
v 1.1 3.1 -1.3
v 1.1 3.1 -1.4
v 1.1 3.1 -1.6
v 1.1 3.1 -1.8
v 1.1 3.1 -2
v 1.1 3.1 -2.1
v 1.1 3.9 -1.3
v 1.1 3.9 -1.4
v 1.1 3.9 -1.6
v 1.1 3.9 -1.8
v 1.1 3.9 -2
v 1.1 3.9 -2.1
v 1.1 4 -1.3
v 1.1 4 -1.4
v 1.1 4 -1.6
v 1.1 4 -1.8
v 1.1 4 -2
v 1.1 4 -2.1
v 1.2 0 -0.2
v 1.2 0 -0.3
v 1.2 0.3 -2.38419e-07
v 1.2 0.3 -0.1
v 1.2 0.3 -0.2
v 1.2 0.3 -0.3
v 1.2 0.4 0.0999997
v 1.2 0.4 -2.38419e-07
v 1.2 0.4 -0.1
v 1.2 0.6 0.0999997
v 1.2 0.6 -2.38419e-07
v 1.2 0.6 -0.1
v 1.2 0.7 -2.38419e-07
v 1.2 0.7 -0.1
v 1.2 0.7 -0.2
v 1.2 0.7 -0.3
v 1.2 0.8 -0.2
v 1.2 0.8 -0.3
v 1.2 1 -0.2
v 1.2 1 -0.3
v 1.2 1.2 -1
v 1.2 1.2 -1.2
v 1.2 1.2 -1.6
v 1.2 1.2 -1.8
v 1.2 1.3 -1
v 1.2 1.3 -1.2
v 1.2 1.3 -1.6
v 1.2 1.3 -1.8
v 1.2 1.4 -1.4
v 1.2 1.4 -1.5
v 1.2 1.4 -1.9
v 1.2 1.4 -2
v 1.2 1.5 -1.4
v 1.2 1.5 -1.5
v 1.2 1.5 -1.9
v 1.2 1.5 -2
v 1.2 2 -1.6
v 1.2 2 -1.8
v 1.2 2.1 -1.6
v 1.2 2.1 -1.8
v 1.2 2.2 -1.4
v 1.2 2.2 -1.5
v 1.2 2.2 -1.9
v 1.2 2.2 -2
v 1.2 2.3 -1.4
v 1.2 2.3 -1.5
v 1.2 2.3 -1.9
v 1.2 2.3 -2
v 1.2 2.9 -1.6
v 1.2 2.9 -1.8
v 1.2 3 -1.6
v 1.2 3 -1.8
v 1.2 3.1 -1.4
v 1.2 3.1 -1.5
v 1.2 3.1 -1.9
v 1.2 3.1 -2
v 1.2 3.2 -1.4
v 1.2 3.2 -1.5
v 1.2 3.2 -1.9
v 1.2 3.2 -2
v 1.2 3.8 -1.6
v 1.2 3.8 -1.8
v 1.2 3.9 -1.6
v 1.2 3.9 -1.8
v 1.2 4 -1.4
v 1.2 4 -1.5
v 1.2 4 -1.9
v 1.2 4 -2
v 1.2 4.1 -1.4
v 1.2 4.1 -1.5
v 1.2 4.1 -1.9
v 1.2 4.1 -2
v 1.3 0 -0.3
v 1.3 0 -0.4
v 1.3 0.3 -0.1
v 1.3 0.3 -0.2
v 1.3 0.3 -0.3
v 1.3 0.3 -0.4
v 1.3 0.4 -2.38419e-07
v 1.3 0.4 -0.1
v 1.3 0.4 -0.2
v 1.3 0.6 -2.38419e-07
v 1.3 0.6 -0.1
v 1.3 0.6 -0.2
v 1.3 0.7 -0.1
v 1.3 0.7 -0.2
v 1.3 0.7 -0.3
v 1.3 0.7 -0.4
v 1.3 0.8 -0.3
v 1.3 0.8 -0.4
v 1.3 1 -0.3
v 1.3 1 -0.4
v 1.3 1.3 -1.5
v 1.3 1.3 -1.6
v 1.3 1.3 -1.8
v 1.3 1.3 -1.9
v 1.3 1.4 -1.5
v 1.3 1.4 -1.6
v 1.3 1.4 -1.8
v 1.3 1.4 -1.9
v 1.3 2.1 -1.5
v 1.3 2.1 -1.6
v 1.3 2.1 -1.8
v 1.3 2.1 -1.9
v 1.3 2.2 -1.5
v 1.3 2.2 -1.6
v 1.3 2.2 -1.8
v 1.3 2.2 -1.9
v 1.3 3 -1.5
v 1.3 3 -1.6
v 1.3 3 -1.8
v 1.3 3 -1.9
v 1.3 3.1 -1.5
v 1.3 3.1 -1.6
v 1.3 3.1 -1.8
v 1.3 3.1 -1.9
v 1.3 3.9 -1.5
v 1.3 3.9 -1.6
v 1.3 3.9 -1.8
v 1.3 3.9 -1.9
v 1.3 4 -1.5
v 1.3 4 -1.6
v 1.3 4 -1.8
v 1.3 4 -1.9
v 1.4 0 -0.4
v 1.4 0 -0.5
v 1.4 0.3 -0.2
v 1.4 0.3 -0.3
v 1.4 0.3 -0.4
v 1.4 0.3 -0.5
v 1.4 0.4 -0.1
v 1.4 0.4 -0.2
v 1.4 0.4 -0.3
v 1.4 0.6 -0.1
v 1.4 0.6 -0.2
v 1.4 0.6 -0.3
v 1.4 0.7 -0.2
v 1.4 0.7 -0.3
v 1.4 0.7 -0.4
v 1.4 0.7 -0.5
v 1.4 0.8 -0.4
v 1.4 0.8 -0.5
v 1.4 1 -0.4
v 1.4 1 -0.5
v 1.5 0 -0.5
v 1.5 0 -0.6
v 1.5 0.3 -0.3
v 1.5 0.3 -0.4
v 1.5 0.3 -0.5
v 1.5 0.3 -0.6
v 1.5 0.4 -0.2
v 1.5 0.4 -0.3
v 1.5 0.4 -0.4
v 1.5 0.6 -0.2
v 1.5 0.6 -0.3
v 1.5 0.6 -0.4
v 1.5 0.7 -0.3
v 1.5 0.7 -0.4
v 1.5 0.7 -0.5
v 1.5 0.7 -0.6
v 1.5 0.8 -0.5
v 1.5 0.8 -0.6
v 1.5 0.9 -1
v 1.5 0.9 -1.2
v 1.5 0.9 -1.6
v 1.5 0.9 -1.8
v 1.5 1 -0.5
v 1.5 1 -0.6
v 1.5 1 -1
v 1.5 1 -1.2
v 1.5 1 -1.5
v 1.5 1 -1.6
v 1.5 1 -1.8
v 1.5 1 -1.9
v 1.5 1.1 -1.4
v 1.5 1.1 -1.5
v 1.5 1.1 -1.9
v 1.5 1.1 -2
v 1.5 1.2 -1.3
v 1.5 1.2 -1.4
v 1.5 1.2 -1.5
v 1.5 1.2 -1.6
v 1.5 1.2 -1.8
v 1.5 1.2 -1.9
v 1.5 1.2 -2
v 1.5 1.2 -2.1
v 1.5 1.3 -1.2
v 1.5 1.3 -1.3
v 1.5 1.3 -1.4
v 1.5 1.3 -1.5
v 1.5 1.3 -1.6
v 1.5 1.3 -1.8
v 1.5 1.3 -1.9
v 1.5 1.3 -2
v 1.5 1.3 -2.1
v 1.5 1.3 -2.2
v 1.5 1.4 -0.5
v 1.5 1.4 -0.7
v 1.5 1.4 -1.1
v 1.5 1.4 -1.2
v 1.5 1.4 -1.3
v 1.5 1.4 -1.4
v 1.5 1.4 -1.6
v 1.5 1.4 -1.8
v 1.5 1.4 -2
v 1.5 1.4 -2.1
v 1.5 1.4 -2.2
v 1.5 1.4 -2.3
v 1.5 1.4 -2.7
v 1.5 1.4 -2.8
v 1.5 1.4 -2.9
v 1.5 1.5 -0.5
v 1.5 1.5 -0.6
v 1.5 1.5 -0.7
v 1.5 1.5 -0.8
v 1.5 1.5 -1
v 1.5 1.5 -1.1
v 1.5 1.5 -1.2
v 1.5 1.5 -1.3
v 1.5 1.5 -2.1
v 1.5 1.5 -2.2
v 1.5 1.5 -2.3
v 1.5 1.5 -2.4
v 1.5 1.5 -2.6
v 1.5 1.5 -2.7
v 1.5 1.5 -2.8
v 1.5 1.5 -2.9
v 1.5 1.6 -0.6
v 1.5 1.6 -0.7
v 1.5 1.6 -0.8
v 1.5 1.6 -1
v 1.5 1.6 -1.1
v 1.5 1.6 -1.2
v 1.5 1.6 -2.2
v 1.5 1.6 -2.3
v 1.5 1.6 -2.4
v 1.5 1.6 -2.5
v 1.5 1.6 -2.6
v 1.5 1.6 -2.7
v 1.5 1.6 -2.8
v 1.5 1.7 -0.7
v 1.5 1.7 -0.8
v 1.5 1.7 -1
v 1.5 1.7 -1.1
v 1.5 1.7 -2.3
v 1.5 1.7 -2.4
v 1.5 1.7 -2.5
v 1.5 1.7 -2.6
v 1.5 1.7 -2.7
v 1.5 1.8 -0.8
v 1.5 1.8 -1
v 1.5 1.8 -1.5
v 1.5 1.8 -1.6
v 1.5 1.8 -1.8
v 1.5 1.8 -1.9
v 1.5 1.8 -2.4
v 1.5 1.8 -2.5
v 1.5 1.8 -2.6
v 1.5 1.9 -1.4
v 1.5 1.9 -1.5
v 1.5 1.9 -1.9
v 1.5 1.9 -2
v 1.5 2 -1.3
v 1.5 2 -1.4
v 1.5 2 -1.5
v 1.5 2 -1.6
v 1.5 2 -1.8
v 1.5 2 -1.9
v 1.5 2 -2
v 1.5 2 -2.1
v 1.5 2.1 -1.2
v 1.5 2.1 -1.3
v 1.5 2.1 -1.4
v 1.5 2.1 -1.5
v 1.5 2.1 -1.6
v 1.5 2.1 -1.8
v 1.5 2.1 -1.9
v 1.5 2.1 -2
v 1.5 2.1 -2.1
v 1.5 2.1 -2.2
v 1.5 2.2 -0.5
v 1.5 2.2 -0.6
v 1.5 2.2 -0.7
v 1.5 2.2 -1.1
v 1.5 2.2 -1.2
v 1.5 2.2 -1.3
v 1.5 2.2 -1.4
v 1.5 2.2 -1.6
v 1.5 2.2 -1.8
v 1.5 2.2 -2
v 1.5 2.2 -2.1
v 1.5 2.2 -2.2
v 1.5 2.2 -2.3
v 1.5 2.2 -2.7
v 1.5 2.2 -2.9
v 1.5 2.3 -0.5
v 1.5 2.3 -0.6
v 1.5 2.3 -0.7
v 1.5 2.3 -0.8
v 1.5 2.3 -1
v 1.5 2.3 -1.1
v 1.5 2.3 -1.2
v 1.5 2.3 -1.3
v 1.5 2.3 -2.1
v 1.5 2.3 -2.2
v 1.5 2.3 -2.3
v 1.5 2.3 -2.4
v 1.5 2.3 -2.6
v 1.5 2.3 -2.7
v 1.5 2.3 -2.8
v 1.5 2.3 -2.9
v 1.5 2.4 -0.6
v 1.5 2.4 -0.7
v 1.5 2.4 -0.8
v 1.5 2.4 -1
v 1.5 2.4 -1.1
v 1.5 2.4 -1.2
v 1.5 2.4 -2.2
v 1.5 2.4 -2.3
v 1.5 2.4 -2.4
v 1.5 2.4 -2.5
v 1.5 2.4 -2.6
v 1.5 2.4 -2.7
v 1.5 2.4 -2.8
v 1.5 2.5 -0.7
v 1.5 2.5 -0.8
v 1.5 2.5 -1
v 1.5 2.5 -1.1
v 1.5 2.5 -2.3
v 1.5 2.5 -2.4
v 1.5 2.5 -2.5
v 1.5 2.5 -2.6
v 1.5 2.5 -2.7
v 1.5 2.6 -0.8
v 1.5 2.6 -1
v 1.5 2.6 -2.4
v 1.5 2.6 -2.5
v 1.5 2.6 -2.6
v 1.5 2.7 -1.5
v 1.5 2.7 -1.6
v 1.5 2.7 -1.8
v 1.5 2.7 -1.9
v 1.5 2.8 -1.4
v 1.5 2.8 -1.5
v 1.5 2.8 -1.9
v 1.5 2.8 -2
v 1.5 2.9 -1.3
v 1.5 2.9 -1.4
v 1.5 2.9 -1.5
v 1.5 2.9 -1.6
v 1.5 2.9 -1.8
v 1.5 2.9 -1.9
v 1.5 2.9 -2
v 1.5 2.9 -2.1
v 1.5 3 -1.2
v 1.5 3 -1.3
v 1.5 3 -1.4
v 1.5 3 -1.5
v 1.5 3 -1.6
v 1.5 3 -1.8
v 1.5 3 -1.9
v 1.5 3 -2
v 1.5 3 -2.1
v 1.5 3 -2.2
v 1.5 3.1 -0.5
v 1.5 3.1 -0.7
v 1.5 3.1 -1.1
v 1.5 3.1 -1.2
v 1.5 3.1 -1.3
v 1.5 3.1 -1.4
v 1.5 3.1 -1.6
v 1.5 3.1 -1.8
v 1.5 3.1 -2
v 1.5 3.1 -2.1
v 1.5 3.1 -2.2
v 1.5 3.1 -2.3
v 1.5 3.1 -2.7
v 1.5 3.1 -2.8
v 1.5 3.1 -2.9
v 1.5 3.2 -0.5
v 1.5 3.2 -0.6
v 1.5 3.2 -0.7
v 1.5 3.2 -0.8
v 1.5 3.2 -1
v 1.5 3.2 -1.1
v 1.5 3.2 -1.2
v 1.5 3.2 -1.3
v 1.5 3.2 -2.1
v 1.5 3.2 -2.2
v 1.5 3.2 -2.3
v 1.5 3.2 -2.4
v 1.5 3.2 -2.6
v 1.5 3.2 -2.7
v 1.5 3.2 -2.8
v 1.5 3.2 -2.9
v 1.5 3.3 -0.6
v 1.5 3.3 -0.7
v 1.5 3.3 -0.8
v 1.5 3.3 -1
v 1.5 3.3 -1.1
v 1.5 3.3 -1.2
v 1.5 3.3 -2.2
v 1.5 3.3 -2.3
v 1.5 3.3 -2.4
v 1.5 3.3 -2.5
v 1.5 3.3 -2.6
v 1.5 3.3 -2.7
v 1.5 3.3 -2.8
v 1.5 3.4 -0.7
v 1.5 3.4 -0.8
v 1.5 3.4 -1
v 1.5 3.4 -1.1
v 1.5 3.4 -2.3
v 1.5 3.4 -2.4
v 1.5 3.4 -2.5
v 1.5 3.4 -2.6
v 1.5 3.4 -2.7
v 1.5 3.5 -0.8
v 1.5 3.5 -1
v 1.5 3.5 -2.4
v 1.5 3.5 -2.5
v 1.5 3.5 -2.6
v 1.5 3.6 -1.5
v 1.5 3.6 -1.6
v 1.5 3.6 -1.8
v 1.5 3.6 -1.9
v 1.5 3.7 -1.4
v 1.5 3.7 -1.5
v 1.5 3.7 -1.9
v 1.5 3.7 -2
v 1.5 3.8 -1.3
v 1.5 3.8 -1.4
v 1.5 3.8 -1.5
v 1.5 3.8 -1.6
v 1.5 3.8 -1.8
v 1.5 3.8 -1.9
v 1.5 3.8 -2
v 1.5 3.8 -2.1
v 1.5 3.9 -1.2
v 1.5 3.9 -1.3
v 1.5 3.9 -1.4
v 1.5 3.9 -1.5
v 1.5 3.9 -1.6
v 1.5 3.9 -1.8
v 1.5 3.9 -1.9
v 1.5 3.9 -2
v 1.5 3.9 -2.1
v 1.5 3.9 -2.2
v 1.5 4 -0.5
v 1.5 4 -0.7
v 1.5 4 -1.1
v 1.5 4 -1.2
v 1.5 4 -1.3
v 1.5 4 -1.4
v 1.5 4 -1.6
v 1.5 4 -1.8
v 1.5 4 -2
v 1.5 4 -2.1
v 1.5 4 -2.2
v 1.5 4 -2.3
v 1.5 4 -2.7
v 1.5 4 -2.9
v 1.5 4.1 -0.5
v 1.5 4.1 -0.6
v 1.5 4.1 -0.7
v 1.5 4.1 -0.8
v 1.5 4.1 -1
v 1.5 4.1 -1.1
v 1.5 4.1 -1.2
v 1.5 4.1 -1.3
v 1.5 4.1 -2.1
v 1.5 4.1 -2.2
v 1.5 4.1 -2.3
v 1.5 4.1 -2.4
v 1.5 4.1 -2.6
v 1.5 4.1 -2.7
v 1.5 4.1 -2.8
v 1.5 4.1 -2.9
v 1.5 4.2 -0.6
v 1.5 4.2 -0.7
v 1.5 4.2 -0.8
v 1.5 4.2 -1
v 1.5 4.2 -1.1
v 1.5 4.2 -1.2
v 1.5 4.2 -2.2
v 1.5 4.2 -2.3
v 1.5 4.2 -2.4
v 1.5 4.2 -2.5
v 1.5 4.2 -2.6
v 1.5 4.2 -2.7
v 1.5 4.2 -2.8
v 1.5 4.3 -0.7
v 1.5 4.3 -0.8
v 1.5 4.3 -1
v 1.5 4.3 -1.1
v 1.5 4.3 -2.3
v 1.5 4.3 -2.4
v 1.5 4.3 -2.6
v 1.5 4.3 -2.7
v 1.5 4.4 -0.8
v 1.5 4.4 -1
v 1.5 4.4 -2.4
v 1.5 4.4 -2.5
v 1.5 4.4 -2.6
v 1.6 0 -0.6
v 1.6 0 -0.7
v 1.6 0.3 -0.4
v 1.6 0.3 -0.5
v 1.6 0.3 -0.6
v 1.6 0.3 -0.7
v 1.6 0.4 -0.3
v 1.6 0.4 -0.4
v 1.6 0.4 -0.5
v 1.6 0.6 -0.3
v 1.6 0.6 -0.4
v 1.6 0.6 -0.5
v 1.6 0.7 -0.4
v 1.6 0.7 -0.5
v 1.6 0.7 -0.6
v 1.6 0.7 -0.7
v 1.6 0.8 -0.6
v 1.6 0.8 -0.7
v 1.6 1 -0.6
v 1.6 1 -0.7
v 1.6 1 -1.6
v 1.6 1 -1.8
v 1.6 1.1 -1.6
v 1.6 1.1 -1.8
v 1.6 1.3 -1.5
v 1.6 1.3 -1.6
v 1.6 1.3 -1.8
v 1.6 1.3 -1.9
v 1.6 1.4 -1.5
v 1.6 1.4 -1.6
v 1.6 1.4 -1.8
v 1.6 1.4 -1.9
v 1.6 1.8 -1.6
v 1.6 1.8 -1.8
v 1.6 1.9 -1.6
v 1.6 1.9 -1.8
v 1.6 2.1 -1.5
v 1.6 2.1 -1.6
v 1.6 2.1 -1.8
v 1.6 2.1 -1.9
v 1.6 2.2 -1.5
v 1.6 2.2 -1.6
v 1.6 2.2 -1.8
v 1.6 2.2 -1.9
v 1.6 2.7 -1.6
v 1.6 2.7 -1.8
v 1.6 2.8 -1.6
v 1.6 2.8 -1.8
v 1.6 3 -1.5
v 1.6 3 -1.6
v 1.6 3 -1.8
v 1.6 3 -1.9
v 1.6 3.1 -1.5
v 1.6 3.1 -1.6
v 1.6 3.1 -1.8
v 1.6 3.1 -1.9
v 1.6 3.6 -1.6
v 1.6 3.6 -1.8
v 1.6 3.7 -1.6
v 1.6 3.7 -1.8
v 1.6 3.9 -1.5
v 1.6 3.9 -1.6
v 1.6 3.9 -1.8
v 1.6 3.9 -1.9
v 1.6 4 -1.5
v 1.6 4 -1.6
v 1.6 4 -1.8
v 1.6 4 -1.9
v 1.7 0 -0.7
v 1.7 0 -0.8
v 1.7 0.3 -0.5
v 1.7 0.3 -0.6
v 1.7 0.3 -0.7
v 1.7 0.3 -0.8
v 1.7 0.4 -0.4
v 1.7 0.4 -0.5
v 1.7 0.4 -0.6
v 1.7 0.6 -0.4
v 1.7 0.6 -0.5
v 1.7 0.6 -0.6
v 1.7 0.7 -0.5
v 1.7 0.7 -0.6
v 1.7 0.7 -0.7
v 1.7 0.7 -0.8
v 1.7 0.8 -0.7
v 1.7 0.8 -0.8
v 1.7 1 -0.7
v 1.7 1 -0.8
v 1.7 1.1 -1.6
v 1.7 1.1 -1.8
v 1.7 1.2 -1.6
v 1.7 1.2 -1.8
v 1.7 1.4 -1.4
v 1.7 1.4 -1.5
v 1.7 1.4 -1.9
v 1.7 1.4 -2
v 1.7 1.5 -1.4
v 1.7 1.5 -1.5
v 1.7 1.5 -1.9
v 1.7 1.5 -2
v 1.7 1.9 -1.6
v 1.7 1.9 -1.8
v 1.7 2 -1.6
v 1.7 2 -1.8
v 1.7 2.2 -1.4
v 1.7 2.2 -1.5
v 1.7 2.2 -1.9
v 1.7 2.2 -2
v 1.7 2.3 -1.4
v 1.7 2.3 -1.5
v 1.7 2.3 -1.9
v 1.7 2.3 -2
v 1.7 2.8 -1.6
v 1.7 2.8 -1.8
v 1.7 2.9 -1.6
v 1.7 2.9 -1.8
v 1.7 3.1 -1.4
v 1.7 3.1 -1.5
v 1.7 3.1 -1.9
v 1.7 3.1 -2
v 1.7 3.2 -1.4
v 1.7 3.2 -1.5
v 1.7 3.2 -1.9
v 1.7 3.2 -2
v 1.7 3.7 -1.6
v 1.7 3.7 -1.8
v 1.7 3.8 -1.6
v 1.7 3.8 -1.8
v 1.7 4 -1.4
v 1.7 4 -1.5
v 1.7 4 -1.9
v 1.7 4 -2
v 1.7 4.1 -1.4
v 1.7 4.1 -1.5
v 1.7 4.1 -1.9
v 1.7 4.1 -2
v 1.8 0 -0.8
v 1.8 0 -0.9
v 1.8 0.3 -0.6
v 1.8 0.3 -0.7
v 1.8 0.3 -0.8
v 1.8 0.3 -0.9
v 1.8 0.4 -0.5
v 1.8 0.4 -0.6
v 1.8 0.4 -0.7
v 1.8 0.6 -0.5
v 1.8 0.6 -0.6
v 1.8 0.6 -0.7
v 1.8 0.7 -0.6
v 1.8 0.7 -0.7
v 1.8 0.7 -0.8
v 1.8 0.7 -0.9
v 1.8 0.8 -0.8
v 1.8 0.8 -0.9
v 1.8 0.9 -2.5
v 1.8 0.9 -2.6
v 1.8 1 -0.8
v 1.8 1 -0.9
v 1.8 1 -2.5
v 1.8 1 -2.6
v 1.8 1.2 -1.6
v 1.8 1.2 -1.8
v 1.8 1.3 -1.3
v 1.8 1.3 -1.4
v 1.8 1.3 -1.6
v 1.8 1.3 -1.8
v 1.8 1.3 -2
v 1.8 1.3 -2.1
v 1.8 1.4 -1.3
v 1.8 1.4 -1.4
v 1.8 1.4 -2
v 1.8 1.4 -2.1
v 1.8 2 -1.6
v 1.8 2 -1.8
v 1.8 2.1 -1.3
v 1.8 2.1 -1.4
v 1.8 2.1 -1.6
v 1.8 2.1 -1.8
v 1.8 2.1 -2
v 1.8 2.1 -2.1
v 1.8 2.2 -1.3
v 1.8 2.2 -1.4
v 1.8 2.2 -2
v 1.8 2.2 -2.1
v 1.8 2.9 -1.6
v 1.8 2.9 -1.8
v 1.8 3 -1.3
v 1.8 3 -1.4
v 1.8 3 -1.6
v 1.8 3 -1.8
v 1.8 3 -2
v 1.8 3 -2.1
v 1.8 3.1 -1.3
v 1.8 3.1 -1.4
v 1.8 3.1 -2
v 1.8 3.1 -2.1
v 1.8 3.8 -1.6
v 1.8 3.8 -1.8
v 1.8 3.9 -1.3
v 1.8 3.9 -1.4
v 1.8 3.9 -1.6
v 1.8 3.9 -1.8
v 1.8 3.9 -2
v 1.8 3.9 -2.1
v 1.8 4 -1.3
v 1.8 4 -1.4
v 1.8 4 -2
v 1.8 4 -2.1
v 1.9 0 -0.9
v 1.9 0 -1
v 1.9 0.3 -0.7
v 1.9 0.3 -0.8
v 1.9 0.3 -0.9
v 1.9 0.3 -1
v 1.9 0.4 -0.6
v 1.9 0.4 -0.7
v 1.9 0.4 -0.8
v 1.9 0.6 -0.6
v 1.9 0.6 -0.7
v 1.9 0.6 -0.8
v 1.9 0.7 -0.7
v 1.9 0.7 -0.8
v 1.9 0.7 -0.9
v 1.9 0.7 -1
v 1.9 0.8 -0.9
v 1.9 0.8 -1
v 1.9 0.9 -2.4
v 1.9 0.9 -2.5
v 1.9 0.9 -2.6
v 1.9 0.9 -2.8
v 1.9 1 -0.9
v 1.9 1 -1
v 1.9 1 -2.4
v 1.9 1 -2.5
v 1.9 1 -2.6
v 1.9 1 -2.8
v 1.9 1.3 -1.6
v 1.9 1.3 -1.8
v 1.9 1.4 -1.6
v 1.9 1.4 -1.8
v 1.9 2.1 -1.6
v 1.9 2.1 -1.8
v 1.9 2.2 -1.6
v 1.9 2.2 -1.8
v 1.9 3 -1.6
v 1.9 3 -1.8
v 1.9 3.1 -1.6
v 1.9 3.1 -1.8
v 1.9 3.9 -1.6
v 1.9 3.9 -1.8
v 1.9 4 -1.6
v 1.9 4 -1.8
v 2 0 -1
v 2 0 -1.1
v 2 0.3 -0.8
v 2 0.3 -0.9
v 2 0.3 -1
v 2 0.3 -1.1
v 2 0.4 -0.7
v 2 0.4 -0.8
v 2 0.4 -0.9
v 2 0.6 -0.7
v 2 0.6 -0.8
v 2 0.6 -0.9
v 2 0.7 -0.8
v 2 0.7 -0.9
v 2 0.7 -1
v 2 0.7 -1.1
v 2 0.8 -1
v 2 0.8 -1.1
v 2 0.9 -1.4
v 2 0.9 -1.6
v 2 1 -1
v 2 1 -1.1
v 2 1 -1.4
v 2 1 -1.6
v 2 1.4 -1.6
v 2 1.4 -1.8
v 2 1.5 -1.6
v 2 1.5 -1.8
v 2 2.2 -1.6
v 2 2.2 -1.8
v 2 2.3 -1.6
v 2 2.3 -1.8
v 2 3.1 -1.6
v 2 3.1 -1.8
v 2 3.2 -1.6
v 2 3.2 -1.8
v 2 4 -1.6
v 2 4 -1.8
v 2 4.1 -1.6
v 2 4.1 -1.8
v 2.1 0 -1.1
v 2.1 0 -1.2
v 2.1 0.3 -0.9
v 2.1 0.3 -1
v 2.1 0.3 -1.1
v 2.1 0.3 -1.2
v 2.1 0.4 -0.8
v 2.1 0.4 -0.9
v 2.1 0.4 -1
v 2.1 0.6 -0.8
v 2.1 0.6 -0.9
v 2.1 0.6 -1
v 2.1 0.7 -0.9
v 2.1 0.7 -1
v 2.1 0.7 -1.1
v 2.1 0.7 -1.2
v 2.1 0.8 -1.1
v 2.1 0.8 -1.2
v 2.1 0.9 -1.6
v 2.1 0.9 -1.7
v 2.1 1 -1.1
v 2.1 1 -1.2
v 2.1 1 -1.6
v 2.1 1 -1.7
v 2.1 1.4 -2.8
v 2.1 1.4 -3
v 2.1 1.5 -1.6
v 2.1 1.5 -1.8
v 2.1 1.5 -2.8
v 2.1 1.5 -3
v 2.1 1.6 -1.6
v 2.1 1.6 -1.8
v 2.1 2.3 -1.6
v 2.1 2.3 -1.8
v 2.1 2.4 -1.6
v 2.1 2.4 -1.8
v 2.1 3.2 -1.6
v 2.1 3.2 -1.8
v 2.1 3.3 -1.6
v 2.1 3.3 -1.8
v 2.1 4.1 -1.6
v 2.1 4.1 -1.8
v 2.1 4.2 -1.6
v 2.1 4.2 -1.8
v 2.2 0 -1.2
v 2.2 0 -1.3
v 2.2 0.3 -1
v 2.2 0.3 -1.1
v 2.2 0.3 -1.2
v 2.2 0.3 -1.3
v 2.2 0.4 -0.9
v 2.2 0.4 -1
v 2.2 0.4 -1.1
v 2.2 0.6 -0.9
v 2.2 0.6 -1
v 2.2 0.6 -1.1
v 2.2 0.7 -1
v 2.2 0.7 -1.1
v 2.2 0.7 -1.2
v 2.2 0.7 -1.3
v 2.2 0.8 -1.2
v 2.2 0.8 -1.3
v 2.2 1 -1.2
v 2.2 1 -1.3
v 2.2 1.5 -2.8
v 2.2 1.5 -3
v 2.2 1.6 -2.8
v 2.2 1.6 -2.9
v 2.2 1.6 -3
v 2.3 0 -1.3
v 2.3 0 -1.4
v 2.3 0.3 -1.1
v 2.3 0.3 -1.2
v 2.3 0.3 -1.3
v 2.3 0.3 -1.4
v 2.3 0.4 -1
v 2.3 0.4 -1.1
v 2.3 0.4 -1.2
v 2.3 0.6 -1
v 2.3 0.6 -1.1
v 2.3 0.6 -1.2
v 2.3 0.7 -1.1
v 2.3 0.7 -1.2
v 2.3 0.7 -1.3
v 2.3 0.7 -1.4
v 2.3 0.8 -1.3
v 2.3 0.8 -1.4
v 2.3 0.9 -2.7
v 2.3 0.9 -2.8
v 2.3 1 -1.3
v 2.3 1 -1.4
v 2.3 1 -2.7
v 2.3 1 -2.8
v 2.3 1.7 -1.6
v 2.3 1.7 -1.7
v 2.3 1.7 -1.8
v 2.3 1.8 -1.6
v 2.3 1.8 -1.7
v 2.3 1.8 -1.8
v 2.3 2.5 -1.6
v 2.3 2.5 -1.7
v 2.3 2.5 -1.8
v 2.3 2.6 -1.6
v 2.3 2.6 -1.7
v 2.3 2.6 -1.8
v 2.3 3.4 -1.6
v 2.3 3.4 -1.7
v 2.3 3.4 -1.8
v 2.3 3.5 -1.6
v 2.3 3.5 -1.7
v 2.3 3.5 -1.8
v 2.3 4.3 -1.6
v 2.3 4.3 -1.7
v 2.3 4.3 -1.8
v 2.3 4.4 -1.6
v 2.3 4.4 -1.7
v 2.3 4.4 -1.8
v 2.4 0 -1.4
v 2.4 0 -1.5
v 2.4 0.3 -1.2
v 2.4 0.3 -1.3
v 2.4 0.3 -1.4
v 2.4 0.3 -1.5
v 2.4 0.4 -1.1
v 2.4 0.4 -1.2
v 2.4 0.4 -1.3
v 2.4 0.6 -1.1
v 2.4 0.6 -1.2
v 2.4 0.6 -1.3
v 2.4 0.7 -1.2
v 2.4 0.7 -1.3
v 2.4 0.7 -1.4
v 2.4 0.7 -1.5
v 2.4 0.8 -1.4
v 2.4 0.8 -1.5
v 2.4 0.9 -2.6
v 2.4 0.9 -2.7
v 2.4 1 -1.4
v 2.4 1 -1.5
v 2.4 1 -2.6
v 2.4 1 -2.7
v 2.4 1.6 -1.6
v 2.4 1.6 -1.7
v 2.4 1.6 -1.8
v 2.4 1.7 -1.6
v 2.4 1.7 -1.7
v 2.4 1.7 -1.8
v 2.4 1.7 -2.8
v 2.4 1.7 -3
v 2.4 1.8 -2.8
v 2.4 1.8 -3
v 2.4 2.4 -1.6
v 2.4 2.4 -1.7
v 2.4 2.4 -1.8
v 2.4 2.5 -1.6
v 2.4 2.5 -1.8
v 2.4 3.3 -1.6
v 2.4 3.3 -1.8
v 2.4 3.4 -1.6
v 2.4 3.4 -1.8
v 2.4 4.2 -1.6
v 2.4 4.2 -1.7
v 2.4 4.2 -1.8
v 2.4 4.3 -1.6
v 2.4 4.3 -1.7
v 2.4 4.3 -1.8
v 2.5 0 -1.5
v 2.5 0 -1.6
v 2.5 0.3 -1.3
v 2.5 0.3 -1.4
v 2.5 0.3 -1.5
v 2.5 0.3 -1.6
v 2.5 0.4 -1.2
v 2.5 0.4 -1.3
v 2.5 0.4 -1.4
v 2.5 0.6 -1.2
v 2.5 0.6 -1.3
v 2.5 0.6 -1.4
v 2.5 0.7 -1.3
v 2.5 0.7 -1.4
v 2.5 0.7 -1.5
v 2.5 0.7 -1.6
v 2.5 0.8 -1.5
v 2.5 0.8 -1.6
v 2.5 0.9 -2.4
v 2.5 0.9 -2.6
v 2.5 1 -1.5
v 2.5 1 -1.6
v 2.5 1 -2.4
v 2.5 1 -2.6
v 2.5 1.5 -1.6
v 2.5 1.5 -1.7
v 2.5 1.5 -1.8
v 2.5 1.6 -1.6
v 2.5 1.6 -1.7
v 2.5 1.6 -1.8
v 2.5 1.6 -2.8
v 2.5 1.6 -3
v 2.5 1.7 -2.8
v 2.5 1.7 -3
v 2.5 2.3 -1.6
v 2.5 2.3 -1.7
v 2.5 2.3 -1.8
v 2.5 2.4 -1.6
v 2.5 2.4 -1.7
v 2.5 2.4 -1.8
v 2.5 3.2 -1.6
v 2.5 3.2 -1.7
v 2.5 3.2 -1.8
v 2.5 3.3 -1.6
v 2.5 3.3 -1.8
v 2.5 4.1 -1.6
v 2.5 4.1 -1.7
v 2.5 4.1 -1.8
v 2.5 4.2 -1.6
v 2.5 4.2 -1.7
v 2.5 4.2 -1.8
v 2.6 0 -1.6
v 2.6 0 -1.7
v 2.6 0.3 -1.4
v 2.6 0.3 -1.5
v 2.6 0.3 -1.6
v 2.6 0.3 -1.7
v 2.6 0.4 -1.3
v 2.6 0.4 -1.4
v 2.6 0.4 -1.5
v 2.6 0.6 -1.3
v 2.6 0.6 -1.4
v 2.6 0.6 -1.5
v 2.6 0.7 -1.4
v 2.6 0.7 -1.5
v 2.6 0.7 -1.6
v 2.6 0.7 -1.7
v 2.6 0.8 -1.6
v 2.6 0.8 -1.7
v 2.6 1 -1.6
v 2.6 1 -1.7
v 2.6 1.4 -1.6
v 2.6 1.4 -1.8
v 2.6 1.5 -1.6
v 2.6 1.5 -1.8
v 2.6 1.5 -2.8
v 2.6 1.5 -3
v 2.6 1.6 -2.8
v 2.6 1.6 -3
v 2.6 2.2 -1.6
v 2.6 2.2 -1.7
v 2.6 2.2 -1.8
v 2.6 2.3 -1.6
v 2.6 2.3 -1.7
v 2.6 2.3 -1.8
v 2.6 3.1 -1.6
v 2.6 3.1 -1.7
v 2.6 3.1 -1.8
v 2.6 3.2 -1.6
v 2.6 3.2 -1.7
v 2.6 3.2 -1.8
v 2.6 4 -1.6
v 2.6 4 -1.8
v 2.6 4.1 -1.6
v 2.6 4.1 -1.8
v 2.7 0 -1.7
v 2.7 0 -1.8
v 2.7 0.3 -1.5
v 2.7 0.3 -1.6
v 2.7 0.3 -1.7
v 2.7 0.3 -1.8
v 2.7 0.4 -1.4
v 2.7 0.4 -1.5
v 2.7 0.4 -1.6
v 2.7 0.6 -1.4
v 2.7 0.6 -1.5
v 2.7 0.6 -1.6
v 2.7 0.7 -1.5
v 2.7 0.7 -1.6
v 2.7 0.7 -1.7
v 2.7 0.7 -1.8
v 2.7 0.8 -1.7
v 2.7 0.8 -1.8
v 2.7 1 -1.7
v 2.7 1 -1.8
v 2.7 1.4 -2.8
v 2.7 1.4 -3
v 2.7 1.5 -2.8
v 2.7 1.5 -3
v 2.8 0 -1.8
v 2.8 0 -1.9
v 2.8 0.3 -1.6
v 2.8 0.3 -1.7
v 2.8 0.3 -1.8
v 2.8 0.3 -1.9
v 2.8 0.4 -1.5
v 2.8 0.4 -1.6
v 2.8 0.4 -1.7
v 2.8 0.6 -1.5
v 2.8 0.6 -1.6
v 2.8 0.6 -1.7
v 2.8 0.7 -1.6
v 2.8 0.7 -1.7
v 2.8 0.7 -1.8
v 2.8 0.7 -1.9
v 2.8 0.8 -1.8
v 2.8 0.8 -1.9
v 2.8 1 -1.8
v 2.8 1 -1.9
v 2.8 1.3 -2.5
v 2.8 1.3 -2.6
v 2.8 1.3 -2.8
v 2.8 1.3 -3
v 2.8 1.3 -3.2
v 2.8 1.3 -3.3
v 2.8 1.4 -2.5
v 2.8 1.4 -2.6
v 2.8 1.4 -2.8
v 2.8 1.4 -3
v 2.8 1.4 -3.2
v 2.8 1.4 -3.3
v 2.9 0 -1.9
v 2.9 0 -2
v 2.9 0.3 -1.7
v 2.9 0.3 -1.8
v 2.9 0.3 -1.9
v 2.9 0.3 -2
v 2.9 0.4 -1.6
v 2.9 0.4 -1.7
v 2.9 0.4 -1.8
v 2.9 0.6 -1.6
v 2.9 0.6 -1.7
v 2.9 0.6 -1.8
v 2.9 0.7 -1.7
v 2.9 0.7 -1.8
v 2.9 0.7 -1.9
v 2.9 0.7 -2
v 2.9 0.8 -1.9
v 2.9 0.8 -2
v 2.9 1 -1.9
v 2.9 1 -2
v 2.9 1.2 -2.8
v 2.9 1.2 -3
v 2.9 1.3 -2.8
v 2.9 1.3 -3
v 2.9 1.4 -2.6
v 2.9 1.4 -2.7
v 2.9 1.4 -3.1
v 2.9 1.4 -3.2
v 2.9 1.5 -2.6
v 2.9 1.5 -2.7
v 2.9 1.5 -3.1
v 2.9 1.5 -3.2
v 3 0 -2
v 3 0 -2.1
v 3 0.3 -1.8
v 3 0.3 -1.9
v 3 0.3 -2
v 3 0.3 -2.1
v 3 0.4 -1.7
v 3 0.4 -1.8
v 3 0.4 -1.9
v 3 0.6 -1.7
v 3 0.6 -1.8
v 3 0.6 -1.9
v 3 0.7 -1.8
v 3 0.7 -1.9
v 3 0.7 -2
v 3 0.7 -2.1
v 3 0.8 -2
v 3 0.8 -2.1
v 3 1 -2
v 3 1 -2.1
v 3 1.3 -2.7
v 3 1.3 -2.8
v 3 1.3 -3
v 3 1.3 -3.1
v 3 1.4 -2.7
v 3 1.4 -2.8
v 3 1.4 -3
v 3 1.4 -3.1
v 3.1 0 -2.1
v 3.1 0 -2.2
v 3.1 0.3 -1.9
v 3.1 0.3 -2
v 3.1 0.3 -2.1
v 3.1 0.3 -2.2
v 3.1 0.4 -1.8
v 3.1 0.4 -1.9
v 3.1 0.4 -2
v 3.1 0.6 -1.8
v 3.1 0.6 -1.9
v 3.1 0.6 -2
v 3.1 0.7 -1.9
v 3.1 0.7 -2
v 3.1 0.7 -2.1
v 3.1 0.7 -2.2
v 3.1 0.8 -2.1
v 3.1 0.8 -2.2
v 3.1 1 -2.1
v 3.1 1 -2.2
v 3.2 0 -2.2
v 3.2 0 -2.3
v 3.2 0.3 -2
v 3.2 0.3 -2.1
v 3.2 0.3 -2.2
v 3.2 0.3 -2.3
v 3.2 0.4 -1.9
v 3.2 0.4 -2
v 3.2 0.4 -2.1
v 3.2 0.6 -1.9
v 3.2 0.6 -2
v 3.2 0.6 -2.1
v 3.2 0.7 -2
v 3.2 0.7 -2.1
v 3.2 0.7 -2.2
v 3.2 0.7 -2.3
v 3.2 0.8 -2.2
v 3.2 0.8 -2.3
v 3.2 0.9 -2.8
v 3.2 0.9 -3
v 3.2 1 -2.2
v 3.2 1 -2.3
v 3.2 1 -2.7
v 3.2 1 -2.8
v 3.2 1 -3
v 3.2 1 -3.1
v 3.2 1.1 -2.6
v 3.2 1.1 -2.7
v 3.2 1.1 -3.1
v 3.2 1.1 -3.2
v 3.2 1.2 -2.5
v 3.2 1.2 -2.6
v 3.2 1.2 -2.7
v 3.2 1.2 -2.8
v 3.2 1.2 -3
v 3.2 1.2 -3.1
v 3.2 1.2 -3.2
v 3.2 1.2 -3.3
v 3.2 1.3 -2.4
v 3.2 1.3 -2.5
v 3.2 1.3 -2.6
v 3.2 1.3 -2.7
v 3.2 1.3 -2.8
v 3.2 1.3 -3
v 3.2 1.3 -3.1
v 3.2 1.3 -3.2
v 3.2 1.3 -3.3
v 3.2 1.3 -3.4
v 3.2 1.4 -1.7
v 3.2 1.4 -1.9
v 3.2 1.4 -2.3
v 3.2 1.4 -2.4
v 3.2 1.4 -2.5
v 3.2 1.4 -2.6
v 3.2 1.4 -3.2
v 3.2 1.4 -3.3
v 3.2 1.4 -3.4
v 3.2 1.4 -3.5
v 3.2 1.4 -3.9
v 3.2 1.4 -4.1
v 3.2 1.5 -1.7
v 3.2 1.5 -1.8
v 3.2 1.5 -1.9
v 3.2 1.5 -2
v 3.2 1.5 -2.2
v 3.2 1.5 -2.3
v 3.2 1.5 -2.4
v 3.2 1.5 -2.5
v 3.2 1.5 -3.3
v 3.2 1.5 -3.4
v 3.2 1.5 -3.5
v 3.2 1.5 -3.6
v 3.2 1.5 -3.8
v 3.2 1.5 -3.9
v 3.2 1.5 -4
v 3.2 1.5 -4.1
v 3.2 1.6 -1.8
v 3.2 1.6 -1.9
v 3.2 1.6 -2
v 3.2 1.6 -2.2
v 3.2 1.6 -2.3
v 3.2 1.6 -2.4
v 3.2 1.6 -3.4
v 3.2 1.6 -3.5
v 3.2 1.6 -3.6
v 3.2 1.6 -3.7
v 3.2 1.6 -3.8
v 3.2 1.6 -3.9
v 3.2 1.6 -4
v 3.2 1.7 -1.9
v 3.2 1.7 -2
v 3.2 1.7 -2.2
v 3.2 1.7 -2.3
v 3.2 1.7 -3.5
v 3.2 1.7 -3.6
v 3.2 1.7 -3.8
v 3.2 1.7 -3.9
v 3.2 1.8 -2
v 3.2 1.8 -2.2
v 3.2 1.8 -3.6
v 3.2 1.8 -3.7
v 3.2 1.8 -3.8
v 3.3 0 -2.3
v 3.3 0 -2.4
v 3.3 0.3 -2.1
v 3.3 0.3 -2.2
v 3.3 0.3 -2.3
v 3.3 0.3 -2.4
v 3.3 0.4 -2
v 3.3 0.4 -2.1
v 3.3 0.4 -2.2
v 3.3 0.6 -2
v 3.3 0.6 -2.1
v 3.3 0.6 -2.2
v 3.3 0.7 -2.1
v 3.3 0.7 -2.2
v 3.3 0.7 -2.3
v 3.3 0.7 -2.4
v 3.3 0.8 -2.3
v 3.3 0.8 -2.4
v 3.3 1 -2.3
v 3.3 1 -2.4
v 3.3 1 -2.8
v 3.3 1 -3
v 3.3 1.1 -2.8
v 3.3 1.1 -3
v 3.3 1.3 -2.7
v 3.3 1.3 -2.8
v 3.3 1.3 -3
v 3.3 1.3 -3.1
v 3.3 1.4 -2.7
v 3.3 1.4 -2.8
v 3.3 1.4 -3
v 3.3 1.4 -3.1
v 3.4 0 -2.4
v 3.4 0 -2.5
v 3.4 0.3 -2.2
v 3.4 0.3 -2.3
v 3.4 0.3 -2.4
v 3.4 0.3 -2.5
v 3.4 0.4 -2.1
v 3.4 0.4 -2.2
v 3.4 0.4 -2.3
v 3.4 0.6 -2.1
v 3.4 0.6 -2.2
v 3.4 0.6 -2.3
v 3.4 0.7 -2.2
v 3.4 0.7 -2.3
v 3.4 0.7 -2.4
v 3.4 0.7 -2.5
v 3.4 0.8 -2.4
v 3.4 0.8 -2.5
v 3.4 1 -2.4
v 3.4 1 -2.5
v 3.4 1.1 -2.8
v 3.4 1.1 -3
v 3.4 1.2 -2.8
v 3.4 1.2 -3
v 3.4 1.4 -2.6
v 3.4 1.4 -2.7
v 3.4 1.4 -3.1
v 3.4 1.4 -3.2
v 3.4 1.5 -2.6
v 3.4 1.5 -2.7
v 3.4 1.5 -3.1
v 3.4 1.5 -3.2
v 3.5 0 -2.5
v 3.5 0 -2.6
v 3.5 0.3 -2.3
v 3.5 0.3 -2.4
v 3.5 0.3 -2.5
v 3.5 0.3 -2.6
v 3.5 0.4 -2.2
v 3.5 0.4 -2.3
v 3.5 0.4 -2.4
v 3.5 0.6 -2.2
v 3.5 0.6 -2.3
v 3.5 0.6 -2.4
v 3.5 0.7 -2.3
v 3.5 0.7 -2.4
v 3.5 0.7 -2.5
v 3.5 0.7 -2.6
v 3.5 0.8 -2.5
v 3.5 0.8 -2.6
v 3.5 1 -2.5
v 3.5 1 -2.6
v 3.5 1.2 -2.8
v 3.5 1.2 -3
v 3.5 1.3 -2.5
v 3.5 1.3 -2.6
v 3.5 1.3 -2.8
v 3.5 1.3 -3
v 3.5 1.3 -3.2
v 3.5 1.3 -3.3
v 3.5 1.4 -2.5
v 3.5 1.4 -2.6
v 3.5 1.4 -3.2
v 3.5 1.4 -3.3
v 3.6 0 -2.6
v 3.6 0 -2.7
v 3.6 0.3 -2.4
v 3.6 0.3 -2.5
v 3.6 0.3 -2.6
v 3.6 0.3 -2.7
v 3.6 0.4 -2.3
v 3.6 0.4 -2.4
v 3.6 0.4 -2.5
v 3.6 0.6 -2.3
v 3.6 0.6 -2.4
v 3.6 0.6 -2.5
v 3.6 0.7 -2.4
v 3.6 0.7 -2.5
v 3.6 0.7 -2.6
v 3.6 0.7 -2.7
v 3.6 0.8 -2.6
v 3.6 0.8 -2.7
v 3.6 1 -2.6
v 3.6 1 -2.7
v 3.6 1.3 -2.8
v 3.6 1.3 -3
v 3.6 1.4 -2.8
v 3.6 1.4 -3
v 3.7 0 -2.7
v 3.7 0 -2.8
v 3.7 0.3 -2.5
v 3.7 0.3 -2.6
v 3.7 0.3 -2.7
v 3.7 0.3 -2.8
v 3.7 0.4 -2.4
v 3.7 0.4 -2.5
v 3.7 0.4 -2.6
v 3.7 0.6 -2.4
v 3.7 0.6 -2.5
v 3.7 0.6 -2.6
v 3.7 0.7 -2.5
v 3.7 0.7 -2.6
v 3.7 0.7 -2.7
v 3.7 0.7 -2.8
v 3.7 0.8 -2.7
v 3.7 0.8 -2.8
v 3.7 1 -2.7
v 3.7 1 -2.8
v 3.7 1.4 -2.8
v 3.7 1.4 -3
v 3.7 1.5 -2.8
v 3.7 1.5 -3
v 3.8 0 -2.8
v 3.8 0 -3.2
v 3.8 0.3 -2.6
v 3.8 0.3 -2.7
v 3.8 0.3 -2.8
v 3.8 0.3 -3.2
v 3.8 0.4 -2.5
v 3.8 0.4 -2.6
v 3.8 0.4 -2.7
v 3.8 0.6 -2.5
v 3.8 0.6 -2.6
v 3.8 0.6 -2.7
v 3.8 0.7 -2.6
v 3.8 0.7 -2.7
v 3.8 0.7 -2.8
v 3.8 0.7 -3.2
v 3.8 0.8 -2.8
v 3.8 0.8 -3.2
v 3.8 1 -2.8
v 3.8 1 -3.2
v 3.8 1.5 -2.8
v 3.8 1.5 -3
v 3.8 1.6 -2.8
v 3.8 1.6 -3
v 3.9 0.3 -2.7
v 3.9 0.3 -3.3
v 3.9 0.4 -2.6
v 3.9 0.4 -2.7
v 3.9 0.4 -3.3
v 3.9 0.6 -2.6
v 3.9 0.6 -2.7
v 3.9 0.6 -3.3
v 3.9 0.7 -2.7
v 3.9 0.7 -3.3
v 4 0.4 -2.7
v 4 0.4 -3.4
v 4 0.6 -2.7
v 4 0.6 -3.4
v 4 1.7 -2.8
v 4 1.7 -2.9
v 4 1.7 -3
v 4 1.8 -2.8
v 4 1.8 -2.9
v 4 1.8 -3
v 4.1 1.6 -2.8
v 4.1 1.6 -3
v 4.1 1.7 -2.8
v 4.1 1.7 -3
v 4.2 1.5 -2.8
v 4.2 1.5 -3
v 4.2 1.6 -2.8
v 4.2 1.6 -3
v 4.3 1.4 -2.8
v 4.3 1.4 -3
v 4.3 1.5 -2.8
v 4.3 1.5 -3
v -3 0.4 3.6
v -3 0.6 3.6
v -2.3 0.4 3.6
v -2.3 0.6 3.6
v -2.9 0.3 3.5
v -2.9 0.4 3.5
v -2.9 0.6 3.5
v -2.9 0.7 3.5
v -2.3 0.3 3.5
v -2.3 0.4 3.5
v -2.3 0.6 3.5
v -2.3 0.7 3.5
v -2.2 0.4 3.5
v -2.2 0.6 3.5
v -2.8 0 3.4
v -2.8 0.3 3.4
v -2.8 0.7 3.4
v -2.8 0.8 3.4
v -2.8 1 3.4
v -2.4 0 3.4
v -2.4 0.3 3.4
v -2.4 0.7 3.4
v -2.4 0.8 3.4
v -2.4 1 3.4
v -2.3 0.3 3.4
v -2.3 0.4 3.4
v -2.3 0.6 3.4
v -2.3 0.7 3.4
v -2.2 0.3 3.4
v -2.2 0.4 3.4
v -2.2 0.6 3.4
v -2.2 0.7 3.4
v -2.1 0.4 3.4
v -2.1 0.6 3.4
v -2.4 0 3.3
v -2.4 0.3 3.3
v -2.4 0.7 3.3
v -2.4 0.8 3.3
v -2.4 1 3.3
v -2.3 0 3.3
v -2.3 0.3 3.3
v -2.3 0.7 3.3
v -2.3 0.8 3.3
v -2.3 1 3.3
v -2.2 0.3 3.3
v -2.2 0.4 3.3
v -2.2 0.6 3.3
v -2.2 0.7 3.3
v -2.1 0.3 3.3
v -2.1 0.4 3.3
v -2.1 0.6 3.3
v -2.1 0.7 3.3
v -2 0.4 3.3
v -2 0.6 3.3
v -2.3 0 3.2
v -2.3 0.3 3.2
v -2.3 0.7 3.2
v -2.3 0.8 3.2
v -2.3 1 3.2
v -2.2 0 3.2
v -2.2 0.3 3.2
v -2.2 0.7 3.2
v -2.2 0.8 3.2
v -2.2 1 3.2
v -2.1 0.3 3.2
v -2.1 0.4 3.2
v -2.1 0.6 3.2
v -2.1 0.7 3.2
v -2 0.3 3.2
v -2 0.4 3.2
v -2 0.6 3.2
v -2 0.7 3.2
v -1.9 0.4 3.2
v -1.9 0.6 3.2
v -2.2 0 3.1
v -2.2 0.3 3.1
v -2.2 0.7 3.1
v -2.2 0.8 3.1
v -2.2 1 3.1
v -2.1 0 3.1
v -2.1 0.3 3.1
v -2.1 0.7 3.1
v -2.1 0.8 3.1
v -2.1 1 3.1
v -2 0.3 3.1
v -2 0.4 3.1
v -2 0.6 3.1
v -2 0.7 3.1
v -1.9 0.3 3.1
v -1.9 0.4 3.1
v -1.9 0.6 3.1
v -1.9 0.7 3.1
v -1.8 0.4 3.1
v -1.8 0.6 3.1
v -2.1 0 3
v -2.1 0.3 3
v -2.1 0.7 3
v -2.1 0.8 3
v -2.1 1 3
v -2 0 3
v -2 0.3 3
v -2 0.7 3
v -2 0.8 3
v -2 1 3
v -1.9 0.3 3
v -1.9 0.4 3
v -1.9 0.6 3
v -1.9 0.7 3
v -1.8 0.3 3
v -1.8 0.4 3
v -1.8 0.6 3
v -1.8 0.7 3
v -1.7 0.4 3
v -1.7 0.6 3
v -2.6 0.9 2.9
v -2.6 1 2.9
v -2.5 0.9 2.9
v -2.5 1 2.9
v -2.1 1.5 2.9
v -2.1 1.6 2.9
v -2 0 2.9
v -2 0.3 2.9
v -2 0.7 2.9
v -2 0.8 2.9
v -2 1 2.9
v -1.9 0 2.9
v -1.9 0.3 2.9
v -1.9 0.7 2.9
v -1.9 0.8 2.9
v -1.9 1 2.9
v -1.9 1.5 2.9
v -1.9 1.6 2.9
v -1.8 0.3 2.9
v -1.8 0.4 2.9
v -1.8 0.6 2.9
v -1.8 0.7 2.9
v -1.7 0.3 2.9
v -1.7 0.4 2.9
v -1.7 0.6 2.9
v -1.7 0.7 2.9
v -1.6 0.4 2.9
v -1.6 0.6 2.9
v -2.2 1.4 2.8
v -2.2 1.5 2.8
v -2.1 1.5 2.8
v -2 1.4 2.8
v -2 1.5 2.8
v -1.9 0 2.8
v -1.9 0.3 2.8
v -1.9 0.7 2.8
v -1.9 0.8 2.8
v -1.9 1 2.8
v -1.8 0 2.8
v -1.8 0.3 2.8
v -1.8 0.7 2.8
v -1.8 0.8 2.8
v -1.8 1 2.8
v -1.7 0.3 2.8
v -1.7 0.4 2.8
v -1.7 0.6 2.8
v -1.7 0.7 2.8
v -1.6 0.3 2.8
v -1.6 0.4 2.8
v -1.6 0.6 2.8
v -1.6 0.7 2.8
v -1.5 0.4 2.8
v -1.5 0.6 2.8
v -2.2 1.3 2.7
v -2.2 1.4 2.7
v -2.1 1.3 2.7
v -2.1 1.4 2.7
v -1.8 0 2.7
v -1.8 0.3 2.7
v -1.8 0.7 2.7
v -1.8 0.8 2.7
v -1.8 1 2.7
v -1.8 1.9 2.7
v -1.8 2 2.7
v -1.7 0 2.7
v -1.7 0.3 2.7
v -1.7 0.7 2.7
v -1.7 0.8 2.7
v -1.7 1 2.7
v -1.7 1.9 2.7
v -1.7 2 2.7
v -1.6 0.3 2.7
v -1.6 0.4 2.7
v -1.6 0.6 2.7
v -1.6 0.7 2.7
v -1.5 0.3 2.7
v -1.5 0.4 2.7
v -1.5 0.6 2.7
v -1.5 0.7 2.7
v -1.4 0.4 2.7
v -1.4 0.6 2.7
v -2.2 1.2 2.6
v -2.2 1.3 2.6
v -2.1 1.2 2.6
v -2.1 1.3 2.6
v -1.8 1.8 2.6
v -1.8 1.9 2.6
v -1.7 0 2.6
v -1.7 0.3 2.6
v -1.7 0.7 2.6
v -1.7 0.8 2.6
v -1.7 1 2.6
v -1.7 1.8 2.6
v -1.7 1.9 2.6
v -1.6 0 2.6
v -1.6 0.3 2.6
v -1.6 0.7 2.6
v -1.6 0.8 2.6
v -1.6 1 2.6
v -1.5 0.3 2.6
v -1.5 0.4 2.6
v -1.5 0.6 2.6
v -1.5 0.7 2.6
v -1.4 0.3 2.6
v -1.4 0.4 2.6
v -1.4 0.6 2.6
v -1.4 0.7 2.6
v -1.3 0.4 2.6
v -1.3 0.6 2.6
v -2.8 1.6 2.5
v -2.8 1.7 2.5
v -2.7 1.5 2.5
v -2.7 1.6 2.5
v -2.6 1.5 2.5
v -2.6 1.7 2.5
v -1.9 1.7 2.5
v -1.9 1.8 2.5
v -1.8 1.8 2.5
v -1.7 1.7 2.5
v -1.7 1.8 2.5
v -1.6 0 2.5
v -1.6 0.3 2.5
v -1.6 0.7 2.5
v -1.6 0.8 2.5
v -1.6 1 2.5
v -1.5 0 2.5
v -1.5 0.3 2.5
v -1.5 0.7 2.5
v -1.5 0.8 2.5
v -1.5 1 2.5
v -1.4 0.3 2.5
v -1.4 0.4 2.5
v -1.4 0.6 2.5
v -1.4 0.7 2.5
v -1.3 0.3 2.5
v -1.3 0.4 2.5
v -1.3 0.6 2.5
v -1.3 0.7 2.5
v -1.2 0.4 2.5
v -1.2 0.6 2.5
v -2.6 1.4 2.4
v -2.6 1.5 2.4
v -2.6 1.6 2.4
v -2.5 1.3 2.4
v -2.5 1.4 2.4
v -2.5 1.5 2.4
v -2.5 1.6 2.4
v -2.4 1.2 2.4
v -2.4 1.3 2.4
v -2.4 1.4 2.4
v -2.4 1.5 2.4
v -2.3 1.3 2.4
v -2.3 1.4 2.4
v -2.2 0.9 2.4
v -2.2 1.2 2.4
v -2.2 1.3 2.4
v -2.2 1.5 2.4
v -2.1 0.9 2.4
v -2.1 1.2 2.4
v -2.1 1.3 2.4
v -2.1 1.4 2.4
v -2.1 1.5 2.4
v -2.1 1.6 2.4
v -2 1.4 2.4
v -2 1.5 2.4
v -2 1.6 2.4
v -2 1.7 2.4
v -1.9 1.1 2.4
v -1.9 1.2 2.4
v -1.9 1.5 2.4
v -1.9 1.6 2.4
v -1.9 1.7 2.4
v -1.8 1.2 2.4
v -1.8 1.3 2.4
v -1.8 1.6 2.4
v -1.8 1.7 2.4
v -1.7 1.1 2.4
v -1.7 1.2 2.4
v -1.5 0 2.4
v -1.5 0.3 2.4
v -1.5 0.7 2.4
v -1.5 0.8 2.4
v -1.5 1 2.4
v -1.4 0 2.4
v -1.4 0.3 2.4
v -1.4 0.7 2.4
v -1.4 0.8 2.4
v -1.4 1 2.4
v -1.3 0.3 2.4
v -1.3 0.4 2.4
v -1.3 0.6 2.4
v -1.3 0.7 2.4
v -1.2 0.3 2.4
v -1.2 0.4 2.4
v -1.2 0.6 2.4
v -1.2 0.7 2.4
v -1.1 0.4 2.4
v -1.1 0.6 2.4
v -2.3 1.3 2.3
v -2.3 1.4 2.3
v -2.2 1.3 2.3
v -2.2 1.4 2.3
v -1.4 0 2.3
v -1.4 0.3 2.3
v -1.4 0.7 2.3
v -1.4 0.8 2.3
v -1.4 1 2.3
v -1.3 0 2.3
v -1.3 0.3 2.3
v -1.3 0.7 2.3
v -1.3 0.8 2.3
v -1.3 1 2.3
v -1.2 0.3 2.3
v -1.2 0.4 2.3
v -1.2 0.6 2.3
v -1.2 0.7 2.3
v -1.1 0.3 2.3
v -1.1 0.4 2.3
v -1.1 0.6 2.3
v -1.1 0.7 2.3
v -1 0.4 2.3
v -1 0.6 2.3
v -2.3 1.4 2.2
v -2.3 1.5 2.2
v -2.2 1.4 2.2
v -2.2 1.5 2.2
v -1.3 0 2.2
v -1.3 0.3 2.2
v -1.3 0.7 2.2
v -1.3 0.8 2.2
v -1.3 1 2.2
v -1.2 0 2.2
v -1.2 0.3 2.2
v -1.2 0.7 2.2
v -1.2 0.8 2.2
v -1.2 1 2.2
v -1.1 0.3 2.2
v -1.1 0.4 2.2
v -1.1 0.6 2.2
v -1.1 0.7 2.2
v -1 0.3 2.2
v -1 0.4 2.2
v -1 0.6 2.2
v -1 0.7 2.2
v -0.9 0.4 2.2
v -0.9 0.6 2.2
v -2.2 1.4 2.1
v -2.2 1.5 2.1
v -2.1 1.4 2.1
v -2.1 1.5 2.1
v -1.8 1.3 2.1
v -1.8 1.4 2.1
v -1.6 1.3 2.1
v -1.6 1.4 2.1
v -1.2 0 2.1
v -1.2 0.3 2.1
v -1.2 0.7 2.1
v -1.2 0.8 2.1
v -1.2 1 2.1
v -1.1 0 2.1
v -1.1 0.3 2.1
v -1.1 0.7 2.1
v -1.1 0.8 2.1
v -1.1 1 2.1
v -1 0.3 2.1
v -1 0.4 2.1
v -1 0.6 2.1
v -1 0.7 2.1
v -0.9 0.3 2.1
v -0.9 0.4 2.1
v -0.9 0.6 2.1
v -0.9 0.7 2.1
v -0.8 0.4 2.1
v -0.8 0.6 2.1
v -2.2 1.5 2
v -2.2 1.6 2
v -2.1 1.5 2
v -2.1 1.6 2
v -1.8 1.2 2
v -1.8 1.3 2
v -1.6 1.2 2
v -1.6 1.3 2
v -1.1 0 2
v -1.1 0.3 2
v -1.1 0.7 2
v -1.1 0.8 2
v -1.1 1 2
v -1 0 2
v -1 0.3 2
v -1 0.7 2
v -1 0.8 2
v -1 1 2
v -0.9 0.3 2
v -0.9 0.4 2
v -0.9 0.6 2
v -0.9 0.7 2
v -0.8 0.3 2
v -0.8 0.4 2
v -0.8 0.6 2
v -0.8 0.7 2
v -0.7 0.4 2
v -0.7 0.6 2
v -2.1 1.5 1.9
v -2.1 1.6 1.9
v -2 1.5 1.9
v -2 1.6 1.9
v -1.8 1.1 1.9
v -1.8 1.2 1.9
v -1.6 1.1 1.9
v -1.6 1.2 1.9
v -1 0 1.9
v -1 0.3 1.9
v -1 0.7 1.9
v -1 0.8 1.9
v -1 1 1.9
v -0.9 0 1.9
v -0.9 0.3 1.9
v -0.9 0.7 1.9
v -0.9 0.8 1.9
v -0.9 1 1.9
v -0.8 0.3 1.9
v -0.8 0.4 1.9
v -0.8 0.6 1.9
v -0.8 0.7 1.9
v -0.7 0.3 1.9
v -0.7 0.4 1.9
v -0.7 0.6 1.9
v -0.7 0.7 1.9
v -0.6 0.4 1.9
v -0.6 0.6 1.9
v -1.8 1 1.8
v -1.8 1.1 1.8
v -1.6 1 1.8
v -1.6 1.1 1.8
v -0.9 0 1.8
v -0.9 0.3 1.8
v -0.9 0.7 1.8
v -0.9 0.8 1.8
v -0.9 1 1.8
v -0.8 0 1.8
v -0.8 0.3 1.8
v -0.8 0.7 1.8
v -0.8 0.8 1.8
v -0.8 1 1.8
v -0.7 0.3 1.8
v -0.7 0.4 1.8
v -0.7 0.6 1.8
v -0.7 0.7 1.8
v -0.6 0.3 1.8
v -0.6 0.4 1.8
v -0.6 0.6 1.8
v -0.6 0.7 1.8
v -0.5 0.4 1.8
v -0.5 0.6 1.8
v -2.2 1.3 1.7
v -2.2 1.4 1.7
v -2.1 1.2 1.7
v -2.1 1.3 1.7
v -2 1.1 1.7
v -2 1.2 1.7
v -2 1.3 1.7
v -2 1.4 1.7
v -1.9 1 1.7
v -1.9 1.1 1.7
v -1.9 1.2 1.7
v -1.9 1.3 1.7
v -1.8 0.9 1.7
v -1.8 1 1.7
v -1.8 1.2 1.7
v -1.6 0.9 1.7
v -1.6 1 1.7
v -1.6 1.2 1.7
v -1.5 1 1.7
v -1.5 1.1 1.7
v -1.5 1.2 1.7
v -1.5 1.3 1.7
v -1.4 1.1 1.7
v -1.4 1.2 1.7
v -1.4 1.3 1.7
v -1.4 1.4 1.7
v -1.3 1.2 1.7
v -1.3 1.3 1.7
v -1.2 1.3 1.7
v -1.2 1.4 1.7
v -0.8 0 1.7
v -0.8 0.3 1.7
v -0.8 0.7 1.7
v -0.8 0.8 1.7
v -0.8 1 1.7
v -0.7 0 1.7
v -0.7 0.3 1.7
v -0.7 0.7 1.7
v -0.7 0.8 1.7
v -0.7 1 1.7
v -0.6 0.3 1.7
v -0.6 0.4 1.7
v -0.6 0.6 1.7
v -0.6 0.7 1.7
v -0.5 0.3 1.7
v -0.5 0.4 1.7
v -0.5 0.6 1.7
v -0.5 0.7 1.7
v -0.4 0.4 1.7
v -0.4 0.6 1.7
v -2.6 0.9 1.6
v -2.6 1 1.6
v -2.5 0.9 1.6
v -2.5 1 1.6
v -0.7 0 1.6
v -0.7 0.3 1.6
v -0.7 0.7 1.6
v -0.7 0.8 1.6
v -0.7 1 1.6
v -0.6 0 1.6
v -0.6 0.3 1.6
v -0.6 0.7 1.6
v -0.6 0.8 1.6
v -0.6 1 1.6
v -0.5 0.3 1.6
v -0.5 0.4 1.6
v -0.5 0.6 1.6
v -0.5 0.7 1.6
v -0.4 0.3 1.6
v -0.4 0.4 1.6
v -0.4 0.6 1.6
v -0.4 0.7 1.6
v -0.3 0.4 1.6
v -0.3 0.6 1.6
v -1.8 1.1 1.5
v -1.8 1.2 1.5
v -1.6 1.1 1.5
v -1.6 1.2 1.5
v -0.6 0 1.5
v -0.6 0.3 1.5
v -0.6 0.7 1.5
v -0.6 0.8 1.5
v -0.6 1 1.5
v -0.5 0 1.5
v -0.5 0.3 1.5
v -0.5 0.7 1.5
v -0.5 0.8 1.5
v -0.5 1 1.5
v -0.4 0.3 1.5
v -0.4 0.4 1.5
v -0.4 0.6 1.5
v -0.4 0.7 1.5
v -0.3 0.3 1.5
v -0.3 0.4 1.5
v -0.3 0.6 1.5
v -0.3 0.7 1.5
v -0.2 0.4 1.5
v -0.2 0.6 1.5
v -1.8 1.2 1.4
v -1.8 1.3 1.4
v -1.6 1.2 1.4
v -1.6 1.3 1.4
v -1 0.9 1.4
v -1 1 1.4
v -0.9 0.9 1.4
v -0.9 1 1.4
v -0.5 0 1.4
v -0.5 0.3 1.4
v -0.5 0.7 1.4
v -0.5 0.8 1.4
v -0.5 1 1.4
v -0.4 0 1.4
v -0.4 0.3 1.4
v -0.4 0.7 1.4
v -0.4 0.8 1.4
v -0.4 1 1.4
v -0.3 0.3 1.4
v -0.3 0.4 1.4
v -0.3 0.6 1.4
v -0.3 0.7 1.4
v -0.2 0.3 1.4
v -0.2 0.4 1.4
v -0.2 0.6 1.4
v -0.2 0.7 1.4
v -0.0999999 0.4 1.4
v -0.0999999 0.6 1.4
v -2.2 1 1.3
v -2.2 1.1 1.3
v -2 1 1.3
v -2 1.1 1.3
v -1.8 1.3 1.3
v -1.8 1.4 1.3
v -1.6 1.3 1.3
v -1.6 1.4 1.3
v -1.1 1.8 1.3
v -1.1 1.9 1.3
v -1 1.3 1.3
v -1 1.4 1.3
v -0.9 1.3 1.3
v -0.9 1.4 1.3
v -0.9 1.8 1.3
v -0.9 1.9 1.3
v -0.4 0 1.3
v -0.4 0.3 1.3
v -0.4 0.7 1.3
v -0.4 0.8 1.3
v -0.4 1 1.3
v -0.3 0 1.3
v -0.3 0.3 1.3
v -0.3 0.7 1.3
v -0.3 0.8 1.3
v -0.3 1 1.3
v -0.2 0.3 1.3
v -0.2 0.4 1.3
v -0.2 0.6 1.3
v -0.2 0.7 1.3
v -0.0999999 0.3 1.3
v -0.0999999 0.4 1.3
v -0.0999999 0.6 1.3
v -0.0999999 0.7 1.3
v 2.38419e-07 0.4 1.3
v 2.38419e-07 0.6 1.3
v -2.2 1.1 1.2
v -2.2 1.2 1.2
v -2 1.1 1.2
v -2 1.2 1.2
v -1.1 1.9 1.2
v -1.1 2 1.2
v -1.1 2.5 1.2
v -1.1 2.6 1.2
v -1 1.2 1.2
v -1 1.3 1.2
v -1 2.5 1.2
v -1 2.6 1.2
v -0.9 1.2 1.2
v -0.9 1.3 1.2
v -0.9 1.9 1.2
v -0.9 2 1.2
v -0.3 0 1.2
v -0.3 0.3 1.2
v -0.3 0.7 1.2
v -0.3 0.8 1.2
v -0.3 1 1.2
v -0.2 0 1.2
v -0.2 0.3 1.2
v -0.2 0.7 1.2
v -0.2 0.8 1.2
v -0.2 1 1.2
v -0.0999999 0.3 1.2
v -0.0999999 0.4 1.2
v -0.0999999 0.6 1.2
v -0.0999999 0.7 1.2
v 2.38419e-07 0.3 1.2
v 2.38419e-07 0.4 1.2
v 2.38419e-07 0.6 1.2
v 2.38419e-07 0.7 1.2
v 0.1 0.4 1.2
v 0.1 0.6 1.2
v -2.2 1 1.1
v -2.2 1.1 1.1
v -2 1 1.1
v -2 1.1 1.1
v -1.5 1.4 1.1
v -1.5 1.5 1.1
v -1.3 1.4 1.1
v -1.3 1.5 1.1
v -1.1 1.2 1.1
v -1.1 1.3 1.1
v -1 1.2 1.1
v -1 1.3 1.1
v -1 2.5 1.1
v -1 2.6 1.1
v -0.9 2.5 1.1
v -0.9 2.6 1.1
v -0.2 0 1.1
v -0.2 0.3 1.1
v -0.2 0.7 1.1
v -0.2 0.8 1.1
v -0.2 1 1.1
v -0.0999999 0 1.1
v -0.0999999 0.3 1.1
v -0.0999999 0.7 1.1
v -0.0999999 0.8 1.1
v -0.0999999 1 1.1
v 2.38419e-07 0.3 1.1
v 2.38419e-07 0.4 1.1
v 2.38419e-07 0.6 1.1
v 2.38419e-07 0.7 1.1
v 0.1 0.3 1.1
v 0.1 0.4 1.1
v 0.1 0.6 1.1
v 0.1 0.7 1.1
v 0.2 0.4 1.1
v 0.2 0.6 1.1
v -2.5 1 1
v -2.5 1.1 1
v -2.4 1 1
v -2.4 1.1 1
v -2.4 1.2 1
v -2.3 1 1
v -2.3 1.1 1
v -2.3 1.2 1
v -2.2 0.9 1
v -2.2 1 1
v -2.2 1.1 1
v -2 0.9 1
v -2 1 1
v -2 1.1 1
v -1.9 1 1
v -1.9 1.1 1
v -1.9 1.2 1
v -1.8 1 1
v -1.8 1.1 1
v -1.8 1.2 1
v -1.7 1 1
v -1.7 1.1 1
v -1.5 1.5 1
v -1.5 1.6 1
v -1.3 1.5 1
v -1.3 1.6 1
v -1.1 1.1 1
v -1.1 1.2 1
v -1.1 1.8 1
v -1.1 1.9 1
v -1.1 2.4 1
v -1.1 2.5 1
v -0.9 1.1 1
v -0.9 1.2 1
v -0.9 1.8 1
v -0.9 1.9 1
v -0.9 2.4 1
v -0.9 2.5 1
v -0.0999999 0 1
v -0.0999999 0.3 1
v -0.0999999 0.7 1
v -0.0999999 0.8 1
v -0.0999999 1 1
v 2.38419e-07 0 1
v 2.38419e-07 0.3 1
v 2.38419e-07 0.7 1
v 2.38419e-07 0.8 1
v 2.38419e-07 1 1
v 0.1 0.3 1
v 0.1 0.4 1
v 0.1 0.6 1
v 0.1 0.7 1
v 0.2 0.3 1
v 0.2 0.4 1
v 0.2 0.6 1
v 0.2 0.7 1
v 0.3 0.4 1
v 0.3 0.6 1
v -1.5 1.6 0.9
v -1.5 1.7 0.9
v -1.4 1.6 0.9
v -1.4 1.7 0.9
v -1.3 1.6 0.9
v -1.3 1.7 0.9
v -1.1 1 0.9
v -1.1 1.1 0.9
v -1.1 1.7 0.9
v -1.1 1.8 0.9
v -1.1 2.3 0.9
v -1.1 2.4 0.9
v -0.9 1 0.9
v -0.9 1.1 0.9
v -0.9 1.7 0.9
v -0.9 1.8 0.9
v -0.9 2.3 0.9
v -0.9 2.4 0.9
v 2.38419e-07 0 0.9
v 2.38419e-07 0.3 0.9
v 2.38419e-07 0.7 0.9
v 2.38419e-07 0.8 0.9
v 2.38419e-07 1 0.9
v 0.1 0 0.9
v 0.1 0.3 0.9
v 0.1 0.7 0.9
v 0.1 0.8 0.9
v 0.1 1 0.9
v 0.2 0.3 0.9
v 0.2 0.4 0.9
v 0.2 0.6 0.9
v 0.2 0.7 0.9
v 0.3 0.3 0.9
v 0.3 0.4 0.9
v 0.3 0.6 0.9
v 0.3 0.7 0.9
v 0.4 0.4 0.9
v 0.4 0.6 0.9
v -2.2 1 0.8
v -2.2 1.1 0.8
v -2 1 0.8
v -2 1.1 0.8
v -1.6 1.8 0.8
v -1.6 1.9 0.8
v -1.5 1.7 0.8
v -1.5 1.8 0.8
v -1.5 1.9 0.8
v -1.5 2 0.8
v -1.4 1.2 0.8
v -1.4 1.3 0.8
v -1.4 1.7 0.8
v -1.4 1.8 0.8
v -1.4 1.9 0.8
v -1.4 2.5 0.8
v -1.4 2.6 0.8
v -1.3 1.1 0.8
v -1.3 1.2 0.8
v -1.3 1.7 0.8
v -1.3 1.8 0.8
v -1.3 1.9 0.8
v -1.3 2.4 0.8
v -1.3 2.5 0.8
v -1.2 1 0.8
v -1.2 1.1 0.8
v -1.2 1.2 0.8
v -1.2 1.3 0.8
v -1.2 1.7 0.8
v -1.2 1.8 0.8
v -1.2 1.9 0.8
v -1.2 2 0.8
v -1.2 2.3 0.8
v -1.2 2.4 0.8
v -1.2 2.5 0.8
v -1.2 2.6 0.8
v -1.1 0.9 0.8
v -1.1 1 0.8
v -1.1 1.2 0.8
v -1.1 1.7 0.8
v -1.1 1.9 0.8
v -1.1 2.3 0.8
v -1.1 2.5 0.8
v -0.9 0.9 0.8
v -0.9 1 0.8
v -0.9 1.2 0.8
v -0.9 1.7 0.8
v -0.9 1.9 0.8
v -0.9 2.3 0.8
v -0.9 2.5 0.8
v -0.8 1 0.8
v -0.8 1.1 0.8
v -0.8 1.2 0.8
v -0.8 1.3 0.8
v -0.8 1.7 0.8
v -0.8 1.8 0.8
v -0.8 1.9 0.8
v -0.8 2 0.8
v -0.8 2.3 0.8
v -0.8 2.4 0.8
v -0.8 2.5 0.8
v -0.8 2.6 0.8
v -0.7 1.1 0.8
v -0.7 1.2 0.8
v -0.7 1.3 0.8
v -0.7 1.4 0.8
v -0.7 1.8 0.8
v -0.7 1.9 0.8
v -0.7 2.4 0.8
v -0.7 2.5 0.8
v -0.6 1.2 0.8
v -0.6 1.3 0.8
v -0.6 1.4 0.8
v -0.6 1.8 0.8
v -0.6 1.9 0.8
v -0.6 2.5 0.8
v -0.6 2.6 0.8
v -0.5 1.2 0.8
v -0.5 1.3 0.8
v -0.5 1.9 0.8
v -0.5 2 0.8
v -0.4 1.8 0.8
v -0.4 1.9 0.8
v 0.1 0 0.8
v 0.1 0.3 0.8
v 0.1 0.7 0.8
v 0.1 0.8 0.8
v 0.1 1 0.8
v 0.2 0 0.8
v 0.2 0.3 0.8
v 0.2 0.7 0.8
v 0.2 0.8 0.8
v 0.2 1 0.8
v 0.3 0.3 0.8
v 0.3 0.4 0.8
v 0.3 0.6 0.8
v 0.3 0.7 0.8
v 0.4 0.3 0.8
v 0.4 0.4 0.8
v 0.4 0.6 0.8
v 0.4 0.7 0.8
v 0.5 0.4 0.8
v 0.5 0.6 0.8
v -2.2 1.1 0.7
v -2.2 1.2 0.7
v -2 1.1 0.7
v -2 1.2 0.7
v -1.5 2 0.7
v -1.5 2.1 0.7
v -1.4 2 0.7
v -1.4 2.1 0.7
v -0.8 1.3 0.7
v -0.8 1.4 0.7
v -0.7 1.3 0.7
v -0.7 1.4 0.7
v -0.5 1.7 0.7
v -0.5 1.8 0.7
v -0.4 1.7 0.7
v -0.4 1.8 0.7
v 0.2 0 0.7
v 0.2 0.3 0.7
v 0.2 0.7 0.7
v 0.2 0.8 0.7
v 0.2 1 0.7
v 0.3 0 0.7
v 0.3 0.3 0.7
v 0.3 0.7 0.7
v 0.3 0.8 0.7
v 0.3 1 0.7
v 0.4 0.3 0.7
v 0.4 0.4 0.7
v 0.4 0.6 0.7
v 0.4 0.7 0.7
v 0.5 0.3 0.7
v 0.5 0.4 0.7
v 0.5 0.6 0.7
v 0.5 0.7 0.7
v 0.6 0.4 0.7
v 0.6 0.6 0.7
v -2.2 1 0.6
v -2.2 1.1 0.6
v -2 1 0.6
v -2 1.1 0.6
v -1.5 1.5 0.6
v -1.5 1.6 0.6
v -1.3 1.5 0.6
v -1.3 1.6 0.6
v -1.1 2.4 0.6
v -1.1 2.5 0.6
v -0.9 2.4 0.6
v -0.9 2.5 0.6
v 0.3 0 0.6
v 0.3 0.3 0.6
v 0.3 0.7 0.6
v 0.3 0.8 0.6
v 0.3 1 0.6
v 0.4 0 0.6
v 0.4 0.3 0.6
v 0.4 0.7 0.6
v 0.4 0.8 0.6
v 0.4 1 0.6
v 0.5 0.3 0.6
v 0.5 0.4 0.6
v 0.5 0.6 0.6
v 0.5 0.7 0.6
v 0.6 0.3 0.6
v 0.6 0.4 0.6
v 0.6 0.6 0.6
v 0.6 0.7 0.6
v 0.7 0.4 0.6
v 0.7 0.6 0.6
v -1.5 1.4 0.5
v -1.5 1.5 0.5
v -1.3 1.4 0.5
v -1.3 1.5 0.5
v -1.1 1.2 0.5
v -1.1 1.3 0.5
v -1.1 1.9 0.5
v -1.1 2 0.5
v -1.1 2.5 0.5
v -1.1 2.6 0.5
v -1.1 2.7 0.5
v -0.9 1.2 0.5
v -0.9 1.3 0.5
v -0.9 1.9 0.5
v -0.9 2 0.5
v -0.9 2.5 0.5
v -0.9 2.6 0.5
v -0.9 2.7 0.5
v -0.8 2.5 0.5
v -0.8 2.6 0.5
v -0.2 0.9 0.5
v -0.2 1 0.5
v -0.0999999 0.9 0.5
v -0.0999999 1 0.5
v 0.4 0 0.5
v 0.4 0.3 0.5
v 0.4 0.7 0.5
v 0.4 0.8 0.5
v 0.4 1 0.5
v 0.5 0 0.5
v 0.5 0.3 0.5
v 0.5 0.7 0.5
v 0.5 0.8 0.5
v 0.5 1 0.5
v 0.6 0.3 0.5
v 0.6 0.4 0.5
v 0.6 0.6 0.5
v 0.6 0.7 0.5
v 0.7 0.3 0.5
v 0.7 0.4 0.5
v 0.7 0.6 0.5
v 0.7 0.7 0.5
v 0.8 0.4 0.5
v 0.8 0.6 0.5
v -1.5 1.3 0.4
v -1.5 1.4 0.4
v -1.3 1.3 0.4
v -1.3 1.4 0.4
v -1 2 0.4
v -1 2.1 0.4
v -0.9 1.9 0.4
v -0.9 2 0.4
v -0.9 2.1 0.4
v -0.8 1.9 0.4
v -0.8 2 0.4
v -0.0999999 0.9 0.4
v -0.0999999 1 0.4
v 2.38419e-07 0.9 0.4
v 2.38419e-07 1 0.4
v 0.5 0 0.4
v 0.5 0.3 0.4
v 0.5 0.7 0.4
v 0.5 0.8 0.4
v 0.5 1 0.4
v 0.6 0 0.4
v 0.6 0.3 0.4
v 0.6 0.7 0.4
v 0.6 0.8 0.4
v 0.6 1 0.4
v 0.7 0.3 0.4
v 0.7 0.4 0.4
v 0.7 0.6 0.4
v 0.7 0.7 0.4
v 0.8 0.3 0.4
v 0.8 0.4 0.4
v 0.8 0.6 0.4
v 0.8 0.7 0.4
v 0.9 0.4 0.4
v 0.9 0.6 0.4
v -1.8 1.3 0.3
v -1.8 1.4 0.3
v -1.7 1.3 0.3
v -1.7 1.4 0.3
v -1.5 1.2 0.3
v -1.5 1.3 0.3
v -1.3 1.2 0.3
v -1.3 1.3 0.3
v -1.1 1.3 0.3
v -1.1 1.4 0.3
v -1.1 1.8 0.3
v -1.1 1.9 0.3
v -1 1.3 0.3
v -1 1.4 0.3
v -0.9 1.8 0.3
v -0.9 1.9 0.3
v -0.6 0.9 0.3
v -0.6 1 0.3
v -0.5 0.9 0.3
v -0.5 1 0.3
v 0.5 1.3 0.3
v 0.5 1.4 0.3
v 0.6 0 0.3
v 0.6 0.3 0.3
v 0.6 0.7 0.3
v 0.6 0.8 0.3
v 0.6 1 0.3
v 0.7 0 0.3
v 0.7 0.3 0.3
v 0.7 0.7 0.3
v 0.7 0.8 0.3
v 0.7 1 0.3
v 0.7 1.3 0.3
v 0.7 1.4 0.3
v 0.8 0.3 0.3
v 0.8 0.4 0.3
v 0.8 0.6 0.3
v 0.8 0.7 0.3
v 0.9 0.3 0.3
v 0.9 0.4 0.3
v 0.9 0.6 0.3
v 0.9 0.7 0.3
v 1 0.4 0.3
v 1 0.6 0.3
v -1.7 1.4 0.2
v -1.7 1.5 0.2
v -1.6 1.4 0.2
v -1.6 1.5 0.2
v -1.5 1.1 0.2
v -1.5 1.2 0.2
v -1.3 1.1 0.2
v -1.3 1.2 0.2
v -1.2 1.4 0.2
v -1.2 1.5 0.2
v -1.1 1.4 0.2
v -1.1 1.5 0.2
v -0.7 0.9 0.2
v -0.7 1 0.2
v -0.6 0.9 0.2
v -0.6 1 0.2
v -0.5 0.9 0.2
v -0.5 1 0.2
v -0.4 0.9 0.2
v -0.4 1 0.2
v 0.5 1.2 0.2
v 0.5 1.3 0.2
v 0.7 0 0.2
v 0.7 0.3 0.2
v 0.7 0.7 0.2
v 0.7 0.8 0.2
v 0.7 1 0.2
v 0.7 1.2 0.2
v 0.7 1.3 0.2
v 0.8 0 0.2
v 0.8 0.3 0.2
v 0.8 0.7 0.2
v 0.8 0.8 0.2
v 0.8 1 0.2
v 0.9 0.3 0.2
v 0.9 0.4 0.2
v 0.9 0.6 0.2
v 0.9 0.7 0.2
v 1 0.3 0.2
v 1 0.4 0.2
v 1 0.6 0.2
v 1 0.7 0.2
v 1.1 0.4 0.2
v 1.1 0.6 0.2
v -2.3 0.9 0.0999997
v -2.3 1 0.0999997
v -2.2 0.9 0.0999997
v -2.2 1 0.0999997
v -1.6 1.3 0.0999997
v -1.6 1.4 0.0999997
v -1.5 1 0.0999997
v -1.5 1.1 0.0999997
v -1.5 1.3 0.0999997
v -1.5 1.4 0.0999997
v -1.3 1 0.0999997
v -1.3 1.1 0.0999997
v -1.3 1.3 0.0999997
v -1.3 1.4 0.0999997
v -1.2 1.3 0.0999997
v -1.2 1.4 0.0999997
v 0.5 1.1 0.0999997
v 0.5 1.2 0.0999997
v 0.7 1.1 0.0999997
v 0.7 1.2 0.0999997
v 0.8 0 0.0999997
v 0.8 0.3 0.0999997
v 0.8 0.7 0.0999997
v 0.8 0.8 0.0999997
v 0.8 1 0.0999997
v 0.9 0 0.0999997
v 0.9 0.3 0.0999997
v 0.9 0.7 0.0999997
v 0.9 0.8 0.0999997
v 0.9 1 0.0999997
v 1 0.3 0.0999997
v 1 0.4 0.0999997
v 1 0.6 0.0999997
v 1 0.7 0.0999997
v 1.1 0.3 0.0999997
v 1.1 0.4 0.0999997
v 1.1 0.6 0.0999997
v 1.1 0.7 0.0999997
v 1.2 0.4 0.0999997
v 1.2 0.6 0.0999997
v -2.6 1.4 -2.38419e-07
v -2.6 1.5 -2.38419e-07
v -2.5 1.5 -2.38419e-07
v -2.5 1.6 -2.38419e-07
v -2.4 1.4 -2.38419e-07
v -2.4 1.5 -2.38419e-07
v -2.4 1.6 -2.38419e-07
v -2.4 1.7 -2.38419e-07
v -2.3 1.5 -2.38419e-07
v -2.3 1.6 -2.38419e-07
v -2.3 1.7 -2.38419e-07
v -2.3 1.8 -2.38419e-07
v -2.2 1.6 -2.38419e-07
v -2.2 1.8 -2.38419e-07
v -2.1 1.5 -2.38419e-07
v -2.1 1.6 -2.38419e-07
v -2.1 1.7 -2.38419e-07
v -2.1 1.8 -2.38419e-07
v -2 1.4 -2.38419e-07
v -2 1.5 -2.38419e-07
v -2 1.6 -2.38419e-07
v -2 1.7 -2.38419e-07
v -1.9 1.3 -2.38419e-07
v -1.9 1.4 -2.38419e-07
v -1.9 1.5 -2.38419e-07
v -1.9 1.6 -2.38419e-07
v -1.8 1.2 -2.38419e-07
v -1.8 1.3 -2.38419e-07
v -1.8 1.4 -2.38419e-07
v -1.8 1.5 -2.38419e-07
v -1.7 1.1 -2.38419e-07
v -1.7 1.2 -2.38419e-07
v -1.7 1.3 -2.38419e-07
v -1.7 1.4 -2.38419e-07
v -1.6 1 -2.38419e-07
v -1.6 1.1 -2.38419e-07
v -1.6 1.2 -2.38419e-07
v -1.6 1.3 -2.38419e-07
v -1.5 0.9 -2.38419e-07
v -1.5 1 -2.38419e-07
v -1.5 1.2 -2.38419e-07
v -1.5 1.3 -2.38419e-07
v -1.3 0.9 -2.38419e-07
v -1.3 1 -2.38419e-07
v -1.3 1.2 -2.38419e-07
v -1.3 1.3 -2.38419e-07
v -1.2 1 -2.38419e-07
v -1.2 1.1 -2.38419e-07
v -1.2 1.2 -2.38419e-07
v -1.2 1.3 -2.38419e-07
v -1.1 1.1 -2.38419e-07
v -1.1 1.2 -2.38419e-07
v -1.1 1.3 -2.38419e-07
v -1.1 1.4 -2.38419e-07
v -1 1.2 -2.38419e-07
v -1 1.3 -2.38419e-07
v -1 1.4 -2.38419e-07
v -1 1.5 -2.38419e-07
v -0.9 1.3 -2.38419e-07
v -0.9 1.4 -2.38419e-07
v -0.9 1.5 -2.38419e-07
v -0.9 1.6 -2.38419e-07
v -0.8 1.4 -2.38419e-07
v -0.8 1.5 -2.38419e-07
v -0.8 1.6 -2.38419e-07
v -0.8 1.7 -2.38419e-07
v -0.7 1.5 -2.38419e-07
v -0.7 1.6 -2.38419e-07
v -0.7 1.7 -2.38419e-07
v -0.7 1.8 -2.38419e-07
v -0.5 1.5 -2.38419e-07
v -0.5 1.6 -2.38419e-07
v -0.5 1.7 -2.38419e-07
v -0.5 1.8 -2.38419e-07
v -0.4 1.4 -2.38419e-07
v -0.4 1.5 -2.38419e-07
v -0.4 1.6 -2.38419e-07
v -0.4 1.7 -2.38419e-07
v -0.3 1.5 -2.38419e-07
v -0.3 1.6 -2.38419e-07
v -0.2 1.4 -2.38419e-07
v -0.2 1.5 -2.38419e-07
v 0.5 1 -2.38419e-07
v 0.5 1.1 -2.38419e-07
v 0.7 1 -2.38419e-07
v 0.7 1.1 -2.38419e-07
v 0.9 0 -2.38419e-07
v 0.9 0.3 -2.38419e-07
v 0.9 0.7 -2.38419e-07
v 0.9 0.8 -2.38419e-07
v 0.9 1 -2.38419e-07
v 1 0 -2.38419e-07
v 1 0.3 -2.38419e-07
v 1 0.7 -2.38419e-07
v 1 0.8 -2.38419e-07
v 1 1 -2.38419e-07
v 1.1 0.3 -2.38419e-07
v 1.1 0.4 -2.38419e-07
v 1.1 0.6 -2.38419e-07
v 1.1 0.7 -2.38419e-07
v 1.2 0.3 -2.38419e-07
v 1.2 0.4 -2.38419e-07
v 1.2 0.6 -2.38419e-07
v 1.2 0.7 -2.38419e-07
v 1.3 0.4 -2.38419e-07
v 1.3 0.6 -2.38419e-07
v -0.6 1.2 -0.1
v -0.6 1.3 -0.1
v -0.4 1.2 -0.1
v -0.4 1.3 -0.1
v 0.1 1.3 -0.1
v 0.1 1.4 -0.1
v 0.2 1.2 -0.1
v 0.2 1.3 -0.1
v 0.3 1.1 -0.1
v 0.3 1.2 -0.1
v 0.3 1.3 -0.1
v 0.3 1.4 -0.1
v 0.4 1 -0.1
v 0.4 1.1 -0.1
v 0.4 1.2 -0.1
v 0.4 1.3 -0.1
v 0.5 0.9 -0.1
v 0.5 1 -0.1
v 0.5 1.2 -0.1
v 0.7 0.9 -0.1
v 0.7 1 -0.1
v 0.7 1.2 -0.1
v 0.8 1 -0.1
v 0.8 1.1 -0.1
v 0.8 1.2 -0.1
v 0.8 1.3 -0.1
v 0.9 1.1 -0.1
v 0.9 1.2 -0.1
v 0.9 1.3 -0.1
v 0.9 1.4 -0.1
v 1 0 -0.1
v 1 0.3 -0.1
v 1 0.7 -0.1
v 1 0.8 -0.1
v 1 1 -0.1
v 1 1.2 -0.1
v 1 1.3 -0.1
v 1.1 0 -0.1
v 1.1 0.3 -0.1
v 1.1 0.7 -0.1
v 1.1 0.8 -0.1
v 1.1 1 -0.1
v 1.1 1.3 -0.1
v 1.1 1.4 -0.1
v 1.2 0.3 -0.1
v 1.2 0.4 -0.1
v 1.2 0.6 -0.1
v 1.2 0.7 -0.1
v 1.3 0.3 -0.1
v 1.3 0.4 -0.1
v 1.3 0.6 -0.1
v 1.3 0.7 -0.1
v 1.4 0.4 -0.1
v 1.4 0.6 -0.1
v -1.6 1.3 -0.2
v -1.6 1.4 -0.2
v -1.5 1.3 -0.2
v -1.5 1.4 -0.2
v -1.3 1.3 -0.2
v -1.3 1.4 -0.2
v -1.2 1.3 -0.2
v -1.2 1.4 -0.2
v -0.6 1.1 -0.2
v -0.6 1.2 -0.2
v -0.4 1.1 -0.2
v -0.4 1.2 -0.2
v 1.1 0 -0.2
v 1.1 0.3 -0.2
v 1.1 0.7 -0.2
v 1.1 0.8 -0.2
v 1.1 1 -0.2
v 1.2 0 -0.2
v 1.2 0.3 -0.2
v 1.2 0.7 -0.2
v 1.2 0.8 -0.2
v 1.2 1 -0.2
v 1.3 0.3 -0.2
v 1.3 0.4 -0.2
v 1.3 0.6 -0.2
v 1.3 0.7 -0.2
v 1.4 0.3 -0.2
v 1.4 0.4 -0.2
v 1.4 0.6 -0.2
v 1.4 0.7 -0.2
v 1.5 0.4 -0.2
v 1.5 0.6 -0.2
v -2.6 2.7 -0.3
v -2.6 2.8 -0.3
v -2.6 3.9 -0.3
v -2.6 4.4 -0.3
v -2.5 2.7 -0.3
v -2.5 2.8 -0.3
v -2.5 2.9 -0.3
v -2.5 3.9 -0.3
v -2.5 4.4 -0.3
v -2.5 4.5 -0.3
v -2.4 2.8 -0.3
v -2.4 2.9 -0.3
v -2.4 4.4 -0.3
v -2.4 4.5 -0.3
v -1.7 1.4 -0.3
v -1.7 1.5 -0.3
v -1.6 1.4 -0.3
v -1.6 1.5 -0.3
v -1.5 1.2 -0.3
v -1.5 1.3 -0.3
v -1.3 1.2 -0.3
v -1.3 1.3 -0.3
v -1.2 1.4 -0.3
v -1.2 1.5 -0.3
v -1.1 1.4 -0.3
v -1.1 1.5 -0.3
v -0.6 1 -0.3
v -0.6 1.1 -0.3
v -0.4 1 -0.3
v -0.4 1.1 -0.3
v 0.5 1.1 -0.3
v 0.5 1.2 -0.3
v 0.7 1.1 -0.3
v 0.7 1.2 -0.3
v 1.2 0 -0.3
v 1.2 0.3 -0.3
v 1.2 0.7 -0.3
v 1.2 0.8 -0.3
v 1.2 1 -0.3
v 1.3 0 -0.3
v 1.3 0.3 -0.3
v 1.3 0.7 -0.3
v 1.3 0.8 -0.3
v 1.3 1 -0.3
v 1.4 0.3 -0.3
v 1.4 0.4 -0.3
v 1.4 0.6 -0.3
v 1.4 0.7 -0.3
v 1.5 0.3 -0.3
v 1.5 0.4 -0.3
v 1.5 0.6 -0.3
v 1.5 0.7 -0.3
v 1.6 0.4 -0.3
v 1.6 0.6 -0.3
v -2.7 4.4 -0.4
v -2.7 4.5 -0.4
v -2.6 2.8 -0.4
v -2.6 2.9 -0.4
v -2.6 4.4 -0.4
v -2.6 4.5 -0.4
v -2.6 4.6 -0.4
v -2.5 2.3 -0.4
v -2.5 2.7 -0.4
v -2.5 2.8 -0.4
v -2.5 2.9 -0.4
v -2.5 3 -0.4
v -2.5 4.3 -0.4
v -2.5 4.4 -0.4
v -2.5 4.5 -0.4
v -2.5 4.6 -0.4
v -2.4 2.3 -0.4
v -2.4 2.7 -0.4
v -2.4 2.8 -0.4
v -2.4 2.9 -0.4
v -2.4 3 -0.4
v -2.4 4.3 -0.4
v -2.4 4.4 -0.4
v -1.8 1 -0.4
v -1.8 1.1 -0.4
v -1.8 1.3 -0.4
v -1.8 1.4 -0.4
v -1.7 1.3 -0.4
v -1.7 1.4 -0.4
v -1.6 1 -0.4
v -1.6 1.1 -0.4
v -1.5 1.3 -0.4
v -1.5 1.4 -0.4
v -1.3 1.3 -0.4
v -1.3 1.4 -0.4
v -1.1 1.3 -0.4
v -1.1 1.4 -0.4
v -1 1.3 -0.4
v -1 1.4 -0.4
v -0.9 1.2 -0.4
v -0.9 1.3 -0.4
v -0.8 1.1 -0.4
v -0.8 1.2 -0.4
v -0.7 1 -0.4
v -0.7 1.1 -0.4
v -0.7 1.2 -0.4
v -0.7 1.3 -0.4
v -0.6 0.9 -0.4
v -0.6 1 -0.4
v -0.6 1.2 -0.4
v -0.4 0.9 -0.4
v -0.4 1 -0.4
v -0.4 1.2 -0.4
v -0.3 1 -0.4
v -0.3 1.1 -0.4
v -0.3 1.2 -0.4
v -0.3 1.3 -0.4
v -0.2 1.1 -0.4
v -0.2 1.2 -0.4
v -0.0999999 1.2 -0.4
v -0.0999999 1.3 -0.4
v 0.5 1.2 -0.4
v 0.5 1.3 -0.4
v 0.7 1.2 -0.4
v 0.7 1.3 -0.4
v 1.3 0 -0.4
v 1.3 0.3 -0.4
v 1.3 0.7 -0.4
v 1.3 0.8 -0.4
v 1.3 1 -0.4
v 1.4 0 -0.4
v 1.4 0.3 -0.4
v 1.4 0.7 -0.4
v 1.4 0.8 -0.4
v 1.4 1 -0.4
v 1.5 0.3 -0.4
v 1.5 0.4 -0.4
v 1.5 0.6 -0.4
v 1.5 0.7 -0.4
v 1.6 0.3 -0.4
v 1.6 0.4 -0.4
v 1.6 0.6 -0.4
v 1.6 0.7 -0.4
v 1.7 0.4 -0.4
v 1.7 0.6 -0.4
v -2.6 2.9 -0.5
v -2.6 3 -0.5
v -2.5 2.9 -0.5
v -2.5 3 -0.5
v -2.5 4.5 -0.5
v -2.5 4.6 -0.5
v -2.4 4.5 -0.5
v -2.4 4.6 -0.5
v -1.8 1.1 -0.5
v -1.8 1.2 -0.5
v -1.6 1.1 -0.5
v -1.6 1.2 -0.5
v -1.5 1.4 -0.5
v -1.5 1.5 -0.5
v -1.3 1.4 -0.5
v -1.3 1.5 -0.5
v 0.5 1.3 -0.5
v 0.5 1.4 -0.5
v 0.7 1.3 -0.5
v 0.7 1.4 -0.5
v 1.3 1.4 -0.5
v 1.3 1.5 -0.5
v 1.3 2.2 -0.5
v 1.3 2.3 -0.5
v 1.3 3.1 -0.5
v 1.3 3.2 -0.5
v 1.3 4 -0.5
v 1.3 4.1 -0.5
v 1.4 0 -0.5
v 1.4 0.3 -0.5
v 1.4 0.7 -0.5
v 1.4 0.8 -0.5
v 1.4 1 -0.5
v 1.4 2.2 -0.5
v 1.4 2.3 -0.5
v 1.4 4 -0.5
v 1.4 4.1 -0.5
v 1.5 0 -0.5
v 1.5 0.3 -0.5
v 1.5 0.7 -0.5
v 1.5 0.8 -0.5
v 1.5 1 -0.5
v 1.5 1.4 -0.5
v 1.5 1.5 -0.5
v 1.5 2.2 -0.5
v 1.5 2.3 -0.5
v 1.5 3.1 -0.5
v 1.5 3.2 -0.5
v 1.5 4 -0.5
v 1.5 4.1 -0.5
v 1.6 0.3 -0.5
v 1.6 0.4 -0.5
v 1.6 0.6 -0.5
v 1.6 0.7 -0.5
v 1.7 0.3 -0.5
v 1.7 0.4 -0.5
v 1.7 0.6 -0.5
v 1.7 0.7 -0.5
v 1.8 0.4 -0.5
v 1.8 0.6 -0.5
v -1.8 1 -0.6
v -1.8 1.1 -0.6
v -1.6 1 -0.6
v -1.6 1.1 -0.6
v -1.5 1.5 -0.6
v -1.5 1.6 -0.6
v -1.3 1.5 -0.6
v -1.3 1.6 -0.6
v -0.6 1.1 -0.6
v -0.6 1.2 -0.6
v -0.4 1.1 -0.6
v -0.4 1.2 -0.6
v 1.3 1.5 -0.6
v 1.3 1.6 -0.6
v 1.3 2.3 -0.6
v 1.3 2.4 -0.6
v 1.3 3.2 -0.6
v 1.3 3.3 -0.6
v 1.3 4.1 -0.6
v 1.3 4.2 -0.6
v 1.4 2.3 -0.6
v 1.4 2.4 -0.6
v 1.4 3.2 -0.6
v 1.4 3.3 -0.6
v 1.4 4.1 -0.6
v 1.4 4.2 -0.6
v 1.5 0 -0.6
v 1.5 0.3 -0.6
v 1.5 0.7 -0.6
v 1.5 0.8 -0.6
v 1.5 1 -0.6
v 1.5 1.5 -0.6
v 1.5 1.6 -0.6
v 1.5 2.3 -0.6
v 1.5 2.4 -0.6
v 1.5 3.2 -0.6
v 1.5 3.3 -0.6
v 1.5 4.1 -0.6
v 1.5 4.2 -0.6
v 1.6 0 -0.6
v 1.6 0.3 -0.6
v 1.6 0.7 -0.6
v 1.6 0.8 -0.6
v 1.6 1 -0.6
v 1.7 0.3 -0.6
v 1.7 0.4 -0.6
v 1.7 0.6 -0.6
v 1.7 0.7 -0.6
v 1.8 0.3 -0.6
v 1.8 0.4 -0.6
v 1.8 0.6 -0.6
v 1.8 0.7 -0.6
v 1.9 0.4 -0.6
v 1.9 0.6 -0.6
v -2.6 2.8 -0.7
v -2.6 2.9 -0.7
v -2.6 4.4 -0.7
v -2.6 4.5 -0.7
v -2.4 2.8 -0.7
v -2.4 2.9 -0.7
v -2.4 4.4 -0.7
v -2.4 4.5 -0.7
v -2.3 0.9 -0.7
v -2.3 1 -0.7
v -2.2 0.9 -0.7
v -2.2 1 -0.7
v -2.1 1 -0.7
v -2.1 1.1 -0.7
v -2 1 -0.7
v -2 1.1 -0.7
v -2 1.2 -0.7
v -1.9 1 -0.7
v -1.9 1.1 -0.7
v -1.9 1.2 -0.7
v -1.8 0.9 -0.7
v -1.8 1 -0.7
v -1.8 1.1 -0.7
v -1.6 0.9 -0.7
v -1.6 1 -0.7
v -1.6 1.1 -0.7
v -1.5 1 -0.7
v -1.5 1.1 -0.7
v -1.5 1.2 -0.7
v -1.5 1.6 -0.7
v -1.5 1.7 -0.7
v -1.4 1 -0.7
v -1.4 1.1 -0.7
v -1.4 1.2 -0.7
v -1.3 1 -0.7
v -1.3 1.1 -0.7
v -1.3 1.6 -0.7
v -1.3 1.7 -0.7
v -0.6 1.2 -0.7
v -0.6 1.3 -0.7
v -0.4 1.2 -0.7
v -0.4 1.3 -0.7
v -0.3 1.3 -0.7
v -0.3 1.4 -0.7
v -0.0999999 1.3 -0.7
v -0.0999999 1.4 -0.7
v 0.7 1.2 -0.7
v 0.7 1.3 -0.7
v 0.9 1.2 -0.7
v 0.9 1.3 -0.7
v 1.3 1.6 -0.7
v 1.3 1.7 -0.7
v 1.3 2.4 -0.7
v 1.3 2.5 -0.7
v 1.3 3.3 -0.7
v 1.3 3.4 -0.7
v 1.3 4.2 -0.7
v 1.3 4.3 -0.7
v 1.4 1.6 -0.7
v 1.4 1.7 -0.7
v 1.4 2.4 -0.7
v 1.4 2.5 -0.7
v 1.4 3.3 -0.7
v 1.4 3.4 -0.7
v 1.4 4.2 -0.7
v 1.4 4.3 -0.7
v 1.5 1.6 -0.7
v 1.5 1.7 -0.7
v 1.5 2.4 -0.7
v 1.5 2.5 -0.7
v 1.5 3.3 -0.7
v 1.5 3.4 -0.7
v 1.5 4.2 -0.7
v 1.5 4.3 -0.7
v 1.6 0 -0.7
v 1.6 0.3 -0.7
v 1.6 0.7 -0.7
v 1.6 0.8 -0.7
v 1.6 1 -0.7
v 1.7 0 -0.7
v 1.7 0.3 -0.7
v 1.7 0.7 -0.7
v 1.7 0.8 -0.7
v 1.7 1 -0.7
v 1.8 0.3 -0.7
v 1.8 0.4 -0.7
v 1.8 0.6 -0.7
v 1.8 0.7 -0.7
v 1.9 0.3 -0.7
v 1.9 0.4 -0.7
v 1.9 0.6 -0.7
v 1.9 0.7 -0.7
v 2 0.4 -0.7
v 2 0.6 -0.7
v -2.9 4.5 -0.8
v -2.9 4.6 -0.8
v -2.8 4.5 -0.8
v -2.8 4.6 -0.8
v -2.6 2.7 -0.8
v -2.6 2.8 -0.8
v -2.6 4.3 -0.8
v -2.6 4.4 -0.8
v -2.6 4.6 -0.8
v -2.6 4.7 -0.8
v -2.4 2.7 -0.8
v -2.4 2.8 -0.8
v -2.4 4.3 -0.8
v -2.4 4.4 -0.8
v -2.4 4.6 -0.8
v -2.4 4.7 -0.8
v -2.1 2.6 -0.8
v -2.1 2.7 -0.8
v -2 2.6 -0.8
v -2 2.7 -0.8
v -1.5 1.7 -0.8
v -1.5 1.8 -0.8
v -1.3 1.7 -0.8
v -1.3 1.8 -0.8
v -0.3 1.4 -0.8
v -0.3 1.5 -0.8
v -0.2 1.4 -0.8
v -0.2 1.5 -0.8
v 0.7 1.1 -0.8
v 0.7 1.2 -0.8
v 0.9 1.1 -0.8
v 0.9 1.2 -0.8
v 1.3 1.7 -0.8
v 1.3 1.8 -0.8
v 1.3 2.5 -0.8
v 1.3 2.6 -0.8
v 1.3 3.4 -0.8
v 1.3 3.5 -0.8
v 1.3 4.3 -0.8
v 1.3 4.4 -0.8
v 1.4 1.7 -0.8
v 1.4 2.5 -0.8
v 1.4 3.4 -0.8
v 1.4 4.3 -0.8
v 1.5 1.7 -0.8
v 1.5 1.8 -0.8
v 1.5 2.5 -0.8
v 1.5 2.6 -0.8
v 1.5 3.4 -0.8
v 1.5 3.5 -0.8
v 1.5 4.3 -0.8
v 1.5 4.4 -0.8
v 1.7 0 -0.8
v 1.7 0.3 -0.8
v 1.7 0.7 -0.8
v 1.7 0.8 -0.8
v 1.7 1 -0.8
v 1.8 0 -0.8
v 1.8 0.3 -0.8
v 1.8 0.7 -0.8
v 1.8 0.8 -0.8
v 1.8 1 -0.8
v 1.9 0.3 -0.8
v 1.9 0.4 -0.8
v 1.9 0.6 -0.8
v 1.9 0.7 -0.8
v 2 0.3 -0.8
v 2 0.4 -0.8
v 2 0.6 -0.8
v 2 0.7 -0.8
v 2.1 0.4 -0.8
v 2.1 0.6 -0.8
v -3 4.4 -0.9
v -3 4.5 -0.9
v -2.9 2.6 -0.9
v -2.9 3 -0.9
v -2.9 4.2 -0.9
v -2.9 4.4 -0.9
v -2.9 4.5 -0.9
v -2.8 2.6 -0.9
v -2.8 2.8 -0.9
v -2.8 4.2 -0.9
v -2.8 4.4 -0.9
v -2.8 4.5 -0.9
v -2.8 4.6 -0.9
v -2.7 2.7 -0.9
v -2.7 2.8 -0.9
v -2.7 2.9 -0.9
v -2.7 3 -0.9
v -2.7 4.3 -0.9
v -2.7 4.4 -0.9
v -2.7 4.5 -0.9
v -2.7 4.6 -0.9
v -2.7 4.7 -0.9
v -2.6 0.9 -0.9
v -2.6 2.7 -0.9
v -2.6 2.9 -0.9
v -2.6 4.3 -0.9
v -2.6 4.5 -0.9
v -2.6 4.6 -0.9
v -2.6 4.7 -0.9
v -2.6 4.8 -0.9
v -2.5 1.1 -0.9
v -2.5 2.5 -0.9
v -2.5 2.9 -0.9
v -2.5 3.9 -0.9
v -2.4 0.9 -0.9
v -2.4 1.1 -0.9
v -2.4 2.5 -0.9
v -2.4 2.7 -0.9
v -2.4 2.9 -0.9
v -2.4 3.9 -0.9
v -2.4 4.3 -0.9
v -2.4 4.5 -0.9
v -2.4 4.6 -0.9
v -2.4 4.7 -0.9
v -2.4 4.8 -0.9
v -2.3 2.7 -0.9
v -2.3 2.8 -0.9
v -2.3 2.9 -0.9
v -2.3 3 -0.9
v -2.3 4.3 -0.9
v -2.3 4.4 -0.9
v -2.3 4.5 -0.9
v -2.3 4.6 -0.9
v -2.3 4.7 -0.9
v -2.2 2.8 -0.9
v -2.2 2.9 -0.9
v -2.2 4.3 -0.9
v -2.2 4.4 -0.9
v -2.2 4.5 -0.9
v -2.1 2.5 -0.9
v -2.1 2.6 -0.9
v -2.1 2.7 -0.9
v -2.1 2.8 -0.9
v -2.1 2.9 -0.9
v -2.1 4.3 -0.9
v -2.1 4.4 -0.9
v -2.1 4.5 -0.9
v -2 2.5 -0.9
v -2 2.6 -0.9
v -2 2.7 -0.9
v -2 2.8 -0.9
v -2 2.9 -0.9
v -2 3 -0.9
v -2 4.1 -0.9
v -2 4.3 -0.9
v -2 4.4 -0.9
v -2 4.5 -0.9
v -2 4.6 -0.9
v -1.9 2.6 -0.9
v -1.9 2.7 -0.9
v -1.9 2.9 -0.9
v -1.9 4.1 -0.9
v -1.9 4.3 -0.9
v -1.9 4.5 -0.9
v -1.8 1 -0.9
v -1.8 1.1 -0.9
v -1.8 1.5 -0.9
v -1.8 1.6 -0.9
v -1.6 1 -0.9
v -1.6 1.1 -0.9
v -1.6 1.5 -0.9
v -1.6 1.6 -0.9
v -1.2 0.9 -0.9
v -1.2 1 -0.9
v -1 0.9 -0.9
v -1 1 -0.9
v -0.3 1.2 -0.9
v -0.3 1.3 -0.9
v -0.2 0.9 -0.9
v -0.2 1 -0.9
v -0.0999999 1.2 -0.9
v -0.0999999 1.3 -0.9
v 2.38419e-07 0.9 -0.9
v 2.38419e-07 1 -0.9
v 0.7 1 -0.9
v 0.7 1.1 -0.9
v 0.9 1 -0.9
v 0.9 1.1 -0.9
v 1.8 0 -0.9
v 1.8 0.3 -0.9
v 1.8 0.7 -0.9
v 1.8 0.8 -0.9
v 1.8 1 -0.9
v 1.9 0 -0.9
v 1.9 0.3 -0.9
v 1.9 0.7 -0.9
v 1.9 0.8 -0.9
v 1.9 1 -0.9
v 2 0.3 -0.9
v 2 0.4 -0.9
v 2 0.6 -0.9
v 2 0.7 -0.9
v 2.1 0.3 -0.9
v 2.1 0.4 -0.9
v 2.1 0.6 -0.9
v 2.1 0.7 -0.9
v 2.2 0.4 -0.9
v 2.2 0.6 -0.9
v -3 4 -1
v -3 4.4 -1
v -2.9 4 -1
v -2.9 4.2 -1
v -2.9 4.4 -1
v -2.8 2.5 -1
v -2.8 2.6 -1
v -2.8 2.8 -1
v -2.7 2.5 -1
v -2.7 2.7 -1
v -2.7 2.8 -1
v -2.5 1.1 -1
v -2.5 2.5 -1
v -2.5 2.8 -1
v -2.5 3.9 -1
v -2.4 1.1 -1
v -2.4 2.5 -1
v -2.4 2.8 -1
v -2.4 2.9 -1
v -2.4 3.9 -1
v -1.9 1.4 -1
v -1.9 1.5 -1
v -1.8 1.1 -1
v -1.8 1.2 -1
v -1.8 1.5 -1
v -1.7 1.4 -1
v -1.7 1.5 -1
v -1.6 1.1 -1
v -1.6 1.2 -1
v -1.5 1.5 -1
v -1.5 1.6 -1
v -1.4 1.5 -1
v -1.4 1.6 -1
v -1.3 1.5 -1
v -1.3 1.6 -1
v -0.3 1.1 -1
v -0.3 1.2 -1
v -0.0999999 1.1 -1
v -0.0999999 1.2 -1
v 0.4 1.2 -1
v 0.4 1.3 -1
v 0.5 1.1 -1
v 0.5 1.2 -1
v 0.6 1 -1
v 0.6 1.1 -1
v 0.6 1.2 -1
v 0.6 1.3 -1
v 0.7 0.9 -1
v 0.7 1 -1
v 0.7 1.2 -1
v 0.9 0.9 -1
v 0.9 1 -1
v 0.9 1.2 -1
v 1 1 -1
v 1 1.1 -1
v 1 1.2 -1
v 1 1.3 -1
v 1.1 1.1 -1
v 1.1 1.2 -1
v 1.2 1.2 -1
v 1.2 1.3 -1
v 1.3 1.5 -1
v 1.3 1.6 -1
v 1.3 2.3 -1
v 1.3 2.4 -1
v 1.3 3.2 -1
v 1.3 3.3 -1
v 1.3 4.1 -1
v 1.3 4.2 -1
v 1.4 0.9 -1
v 1.4 1 -1
v 1.5 0.9 -1
v 1.5 1 -1
v 1.5 1.5 -1
v 1.5 1.6 -1
v 1.5 2.3 -1
v 1.5 2.4 -1
v 1.5 3.2 -1
v 1.5 3.3 -1
v 1.5 4.1 -1
v 1.5 4.2 -1
v 1.9 0 -1
v 1.9 0.3 -1
v 1.9 0.7 -1
v 1.9 0.8 -1
v 1.9 1 -1
v 2 0 -1
v 2 0.3 -1
v 2 0.7 -1
v 2 0.8 -1
v 2 1 -1
v 2.1 0.3 -1
v 2.1 0.4 -1
v 2.1 0.6 -1
v 2.1 0.7 -1
v 2.2 0.3 -1
v 2.2 0.4 -1
v 2.2 0.6 -1
v 2.2 0.7 -1
v 2.3 0.4 -1
v 2.3 0.6 -1
v -2.6 2.8 -1.1
v -2.6 2.9 -1.1
v -2.5 2.8 -1.1
v -2.5 2.9 -1.1
v -1.9 1.3 -1.1
v -1.9 1.4 -1.1
v -1.8 1 -1.1
v -1.8 1.1 -1.1
v -1.8 1.3 -1.1
v -1.8 1.4 -1.1
v -1.6 1 -1.1
v -1.6 1.1 -1.1
v -1.5 1.4 -1.1
v -1.5 1.5 -1.1
v -1.5 1.9 -1.1
v -1.5 2 -1.1
v -1.4 1.5 -1.1
v -1.4 1.9 -1.1
v -1.4 2 -1.1
v -1.3 1.4 -1.1
v -1.3 1.5 -1.1
v -0.3 1 -1.1
v -0.3 1.1 -1.1
v -0.0999999 1 -1.1
v -0.0999999 1.1 -1.1
v 1.3 1.4 -1.1
v 1.3 1.5 -1.1
v 1.3 2.2 -1.1
v 1.3 2.3 -1.1
v 1.3 3.1 -1.1
v 1.3 3.2 -1.1
v 1.3 4 -1.1
v 1.3 4.1 -1.1
v 1.5 1.4 -1.1
v 1.5 1.5 -1.1
v 1.5 2.2 -1.1
v 1.5 2.3 -1.1
v 1.5 3.1 -1.1
v 1.5 3.2 -1.1
v 1.5 4 -1.1
v 1.5 4.1 -1.1
v 2 0 -1.1
v 2 0.3 -1.1
v 2 0.7 -1.1
v 2 0.8 -1.1
v 2 1 -1.1
v 2.1 0 -1.1
v 2.1 0.3 -1.1
v 2.1 0.7 -1.1
v 2.1 0.8 -1.1
v 2.1 1 -1.1
v 2.2 0.3 -1.1
v 2.2 0.4 -1.1
v 2.2 0.6 -1.1
v 2.2 0.7 -1.1
v 2.3 0.3 -1.1
v 2.3 0.4 -1.1
v 2.3 0.6 -1.1
v 2.3 0.7 -1.1
v 2.4 0.4 -1.1
v 2.4 0.6 -1.1
v -2.6 2.9 -1.2
v -2.6 3 -1.2
v -2.6 4.5 -1.2
v -2.6 4.6 -1.2
v -2.5 2.5 -1.2
v -2.5 2.7 -1.2
v -2.4 2.5 -1.2
v -2.4 2.7 -1.2
v -2.4 2.9 -1.2
v -2.4 3 -1.2
v -2.4 4.5 -1.2
v -2.4 4.6 -1.2
v -1.9 1.2 -1.2
v -1.9 1.3 -1.2
v -1.8 1.2 -1.2
v -1.8 1.3 -1.2
v -1.5 1.8 -1.2
v -1.5 1.9 -1.2
v -1.4 1.8 -1.2
v -1.4 1.9 -1.2
v -1 1 -1.2
v -1 1.1 -1.2
v -0.8 1 -1.2
v -0.8 1.1 -1.2
v -0.8 1.3 -1.2
v -0.8 1.4 -1.2
v -0.7 1.3 -1.2
v -0.7 1.4 -1.2
v -0.6 1.2 -1.2
v -0.6 1.3 -1.2
v -0.5 1.1 -1.2
v -0.5 1.2 -1.2
v -0.5 1.3 -1.2
v -0.5 1.4 -1.2
v -0.4 1 -1.2
v -0.4 1.1 -1.2
v -0.4 1.2 -1.2
v -0.4 1.3 -1.2
v -0.3 0.9 -1.2
v -0.3 1 -1.2
v -0.3 1.2 -1.2
v -0.0999999 0.9 -1.2
v -0.0999999 1 -1.2
v -0.0999999 1.2 -1.2
v 2.38419e-07 1 -1.2
v 2.38419e-07 1.1 -1.2
v 2.38419e-07 1.2 -1.2
v 2.38419e-07 1.3 -1.2
v 0.1 1.1 -1.2
v 0.1 1.2 -1.2
v 0.1 1.3 -1.2
v 0.1 1.4 -1.2
v 0.2 1.2 -1.2
v 0.2 1.3 -1.2
v 0.2 1.4 -1.2
v 0.2 1.5 -1.2
v 0.3 1.3 -1.2
v 0.3 1.4 -1.2
v 0.3 1.5 -1.2
v 0.7 1.1 -1.2
v 0.7 1.2 -1.2
v 0.9 1.1 -1.2
v 0.9 1.2 -1.2
v 1.3 1.3 -1.2
v 1.3 1.4 -1.2
v 1.3 2.1 -1.2
v 1.3 2.2 -1.2
v 1.3 3 -1.2
v 1.3 3.1 -1.2
v 1.3 3.9 -1.2
v 1.3 4 -1.2
v 1.5 1.3 -1.2
v 1.5 1.4 -1.2
v 1.5 2.1 -1.2
v 1.5 2.2 -1.2
v 1.5 3 -1.2
v 1.5 3.1 -1.2
v 1.5 3.9 -1.2
v 1.5 4 -1.2
v 2.1 0 -1.2
v 2.1 0.3 -1.2
v 2.1 0.7 -1.2
v 2.1 0.8 -1.2
v 2.1 1 -1.2
v 2.2 0 -1.2
v 2.2 0.3 -1.2
v 2.2 0.7 -1.2
v 2.2 0.8 -1.2
v 2.2 1 -1.2
v 2.3 0.3 -1.2
v 2.3 0.4 -1.2
v 2.3 0.6 -1.2
v 2.3 0.7 -1.2
v 2.4 0.3 -1.2
v 2.4 0.4 -1.2
v 2.4 0.6 -1.2
v 2.4 0.7 -1.2
v 2.5 0.4 -1.2
v 2.5 0.6 -1.2
v -2.5 1.6 -1.3
v -2.5 1.7 -1.3
v -2.4 1.6 -1.3
v -2.4 1.7 -1.3
v -1.6 1.7 -1.3
v -1.6 1.8 -1.3
v -1.5 1.8 -1.3
v -1.4 1.7 -1.3
v -1.4 1.8 -1.3
v -1 1.1 -1.3
v -1 1.2 -1.3
v -0.8 1.1 -1.3
v -0.8 1.2 -1.3
v -0.7 1.4 -1.3
v -0.7 1.5 -1.3
v -0.6 1.4 -1.3
v -0.6 1.5 -1.3
v 0.3 1.3 -1.3
v 0.3 1.4 -1.3
v 0.4 1.3 -1.3
v 0.4 1.4 -1.3
v 0.7 1.2 -1.3
v 0.7 1.3 -1.3
v 0.9 1.2 -1.3
v 0.9 1.3 -1.3
v 1 1.3 -1.3
v 1 1.4 -1.3
v 1 2.1 -1.3
v 1 2.2 -1.3
v 1 3 -1.3
v 1 3.1 -1.3
v 1 3.9 -1.3
v 1 4 -1.3
v 1.1 1.3 -1.3
v 1.1 1.4 -1.3
v 1.1 2.1 -1.3
v 1.1 2.2 -1.3
v 1.1 3 -1.3
v 1.1 3.1 -1.3
v 1.1 3.9 -1.3
v 1.1 4 -1.3
v 1.3 1.2 -1.3
v 1.3 1.3 -1.3
v 1.3 2 -1.3
v 1.3 2.1 -1.3
v 1.3 2.9 -1.3
v 1.3 3 -1.3
v 1.3 3.8 -1.3
v 1.3 3.9 -1.3
v 1.5 1.2 -1.3
v 1.5 1.3 -1.3
v 1.5 2 -1.3
v 1.5 2.1 -1.3
v 1.5 2.9 -1.3
v 1.5 3 -1.3
v 1.5 3.8 -1.3
v 1.5 3.9 -1.3
v 1.7 1.3 -1.3
v 1.7 1.4 -1.3
v 1.7 2.1 -1.3
v 1.7 2.2 -1.3
v 1.7 3 -1.3
v 1.7 3.1 -1.3
v 1.7 3.9 -1.3
v 1.7 4 -1.3
v 1.8 1.3 -1.3
v 1.8 1.4 -1.3
v 1.8 2.1 -1.3
v 1.8 2.2 -1.3
v 1.8 3 -1.3
v 1.8 3.1 -1.3
v 1.8 3.9 -1.3
v 1.8 4 -1.3
v 2.2 0 -1.3
v 2.2 0.3 -1.3
v 2.2 0.7 -1.3
v 2.2 0.8 -1.3
v 2.2 1 -1.3
v 2.3 0 -1.3
v 2.3 0.3 -1.3
v 2.3 0.7 -1.3
v 2.3 0.8 -1.3
v 2.3 1 -1.3
v 2.4 0.3 -1.3
v 2.4 0.4 -1.3
v 2.4 0.6 -1.3
v 2.4 0.7 -1.3
v 2.5 0.3 -1.3
v 2.5 0.4 -1.3
v 2.5 0.6 -1.3
v 2.5 0.7 -1.3
v 2.6 0.4 -1.3
v 2.6 0.6 -1.3
v -2.6 4.4 -1.4
v -2.6 4.5 -1.4
v -2.5 2.8 -1.4
v -2.5 2.9 -1.4
v -2.4 1.5 -1.4
v -2.4 1.6 -1.4
v -2.4 2.8 -1.4
v -2.4 2.9 -1.4
v -2.4 4.4 -1.4
v -2.4 4.5 -1.4
v -2.3 1.4 -1.4
v -2.3 1.5 -1.4
v -2.2 1.3 -1.4
v -2.2 1.4 -1.4
v -2.2 1.5 -1.4
v -2.2 1.6 -1.4
v -2.1 1.2 -1.4
v -2.1 1.3 -1.4
v -2.1 1.4 -1.4
v -2.1 1.5 -1.4
v -2 1.3 -1.4
v -2 1.4 -1.4
v -1.9 0.9 -1.4
v -1.9 1.2 -1.4
v -1.9 1.3 -1.4
v -1.9 1.5 -1.4
v -1.8 0.9 -1.4
v -1.8 1.2 -1.4
v -1.8 1.3 -1.4
v -1.8 1.4 -1.4
v -1.8 1.5 -1.4
v -1.8 1.6 -1.4
v -1.7 1.4 -1.4
v -1.7 1.5 -1.4
v -1.7 1.6 -1.4
v -1.7 1.7 -1.4
v -1.6 1.1 -1.4
v -1.6 1.2 -1.4
v -1.6 1.5 -1.4
v -1.6 1.6 -1.4
v -1.6 1.7 -1.4
v -1.5 1.2 -1.4
v -1.5 1.3 -1.4
v -1.5 1.6 -1.4
v -1.5 1.7 -1.4
v -1.4 1.1 -1.4
v -1.4 1.2 -1.4
v -1 1 -1.4
v -1 1.1 -1.4
v -0.8 1 -1.4
v -0.8 1.1 -1.4
v -0.3 1.1 -1.4
v -0.3 1.2 -1.4
v -0.0999999 1.1 -1.4
v -0.0999999 1.2 -1.4
v 1.1 1.4 -1.4
v 1.1 1.5 -1.4
v 1.1 2.2 -1.4
v 1.1 2.3 -1.4
v 1.1 3.1 -1.4
v 1.1 3.2 -1.4
v 1.1 4 -1.4
v 1.1 4.1 -1.4
v 1.2 1.4 -1.4
v 1.2 1.5 -1.4
v 1.2 2.2 -1.4
v 1.2 2.3 -1.4
v 1.2 3.1 -1.4
v 1.2 3.2 -1.4
v 1.2 4 -1.4
v 1.2 4.1 -1.4
v 1.3 1.1 -1.4
v 1.3 1.2 -1.4
v 1.3 1.9 -1.4
v 1.3 2 -1.4
v 1.3 2.8 -1.4
v 1.3 2.9 -1.4
v 1.3 3.7 -1.4
v 1.3 3.8 -1.4
v 1.5 1.1 -1.4
v 1.5 1.2 -1.4
v 1.5 1.9 -1.4
v 1.5 2 -1.4
v 1.5 2.8 -1.4
v 1.5 2.9 -1.4
v 1.5 3.7 -1.4
v 1.5 3.8 -1.4
v 1.6 1.4 -1.4
v 1.6 1.5 -1.4
v 1.6 2.2 -1.4
v 1.6 2.3 -1.4
v 1.6 3.1 -1.4
v 1.6 3.2 -1.4
v 1.6 4 -1.4
v 1.6 4.1 -1.4
v 1.7 1.4 -1.4
v 1.7 1.5 -1.4
v 1.7 2.2 -1.4
v 1.7 2.3 -1.4
v 1.7 3.1 -1.4
v 1.7 3.2 -1.4
v 1.7 4 -1.4
v 1.7 4.1 -1.4
v 1.9 0.9 -1.4
v 1.9 1 -1.4
v 2 0.9 -1.4
v 2 1 -1.4
v 2.3 0 -1.4
v 2.3 0.3 -1.4
v 2.3 0.7 -1.4
v 2.3 0.8 -1.4
v 2.3 1 -1.4
v 2.4 0 -1.4
v 2.4 0.3 -1.4
v 2.4 0.7 -1.4
v 2.4 0.8 -1.4
v 2.4 1 -1.4
v 2.5 0.3 -1.4
v 2.5 0.4 -1.4
v 2.5 0.6 -1.4
v 2.5 0.7 -1.4
v 2.6 0.3 -1.4
v 2.6 0.4 -1.4
v 2.6 0.6 -1.4
v 2.6 0.7 -1.4
v 2.7 0.4 -1.4
v 2.7 0.6 -1.4
v -2.6 2.7 -1.5
v -2.6 2.8 -1.5
v -2.6 4.1 -1.5
v -2.6 4.3 -1.5
v -2.6 4.4 -1.5
v -2.5 4.1 -1.5
v -2.5 4.3 -1.5
v -2.4 2.7 -1.5
v -2.4 2.8 -1.5
v -2.4 4.3 -1.5
v -2.4 4.4 -1.5
v -2.3 0.9 -1.5
v -2.3 1 -1.5
v -2.2 0.9 -1.5
v -2.2 1 -1.5
v -2 1.3 -1.5
v -2 1.4 -1.5
v -1.9 1.3 -1.5
v -1.9 1.4 -1.5
v -1.3 1 -1.5
v -1.3 1.1 -1.5
v -1.2 1 -1.5
v -1.2 1.1 -1.5
v -1.2 1.2 -1.5
v -1.1 1 -1.5
v -1.1 1.1 -1.5
v -1.1 1.2 -1.5
v -1 0.9 -1.5
v -1 1 -1.5
v -1 1.1 -1.5
v -0.8 0.9 -1.5
v -0.8 1 -1.5
v -0.8 1.1 -1.5
v -0.7 1 -1.5
v -0.7 1.1 -1.5
v -0.7 1.2 -1.5
v -0.6 1 -1.5
v -0.6 1.1 -1.5
v -0.6 1.2 -1.5
v -0.5 1 -1.5
v -0.5 1.1 -1.5
v -0.3 1.2 -1.5
v -0.3 1.3 -1.5
v -0.0999999 1.2 -1.5
v -0.0999999 1.3 -1.5
v 1.2 1.3 -1.5
v 1.2 1.4 -1.5
v 1.2 2.1 -1.5
v 1.2 2.2 -1.5
v 1.2 3 -1.5
v 1.2 3.1 -1.5
v 1.2 3.9 -1.5
v 1.2 4 -1.5
v 1.3 1 -1.5
v 1.3 1.1 -1.5
v 1.3 1.3 -1.5
v 1.3 1.4 -1.5
v 1.3 1.8 -1.5
v 1.3 1.9 -1.5
v 1.3 2.1 -1.5
v 1.3 2.2 -1.5
v 1.3 2.7 -1.5
v 1.3 2.8 -1.5
v 1.3 3 -1.5
v 1.3 3.1 -1.5
v 1.3 3.6 -1.5
v 1.3 3.7 -1.5
v 1.3 3.9 -1.5
v 1.3 4 -1.5
v 1.5 1 -1.5
v 1.5 1.1 -1.5
v 1.5 1.3 -1.5
v 1.5 1.4 -1.5
v 1.5 1.8 -1.5
v 1.5 1.9 -1.5
v 1.5 2.1 -1.5
v 1.5 2.2 -1.5
v 1.5 2.7 -1.5
v 1.5 2.8 -1.5
v 1.5 3 -1.5
v 1.5 3.1 -1.5
v 1.5 3.6 -1.5
v 1.5 3.7 -1.5
v 1.5 3.9 -1.5
v 1.5 4 -1.5
v 1.6 1.3 -1.5
v 1.6 1.4 -1.5
v 1.6 2.1 -1.5
v 1.6 2.2 -1.5
v 1.6 3 -1.5
v 1.6 3.1 -1.5
v 1.6 3.9 -1.5
v 1.6 4 -1.5
v 1.8 0.9 -1.5
v 1.8 1 -1.5
v 1.9 0.9 -1.5
v 1.9 1 -1.5
v 2.4 0 -1.5
v 2.4 0.3 -1.5
v 2.4 0.7 -1.5
v 2.4 0.8 -1.5
v 2.4 1 -1.5
v 2.5 0 -1.5
v 2.5 0.3 -1.5
v 2.5 0.7 -1.5
v 2.5 0.8 -1.5
v 2.5 1 -1.5
v 2.6 0.3 -1.5
v 2.6 0.4 -1.5
v 2.6 0.6 -1.5
v 2.6 0.7 -1.5
v 2.7 0.3 -1.5
v 2.7 0.4 -1.5
v 2.7 0.6 -1.5
v 2.7 0.7 -1.5
v 2.8 0.4 -1.5
v 2.8 0.6 -1.5
v -2.5 2.6 -1.6
v -2.5 2.7 -1.6
v -2.5 4.2 -1.6
v -2.5 4.3 -1.6
v -2.4 2.6 -1.6
v -2.4 2.7 -1.6
v -2.4 4.2 -1.6
v -2.4 4.3 -1.6
v -2 1.4 -1.6
v -2 1.5 -1.6
v -1.9 1.4 -1.6
v -1.9 1.5 -1.6
v -0.3 1.3 -1.6
v -0.3 1.4 -1.6
v -0.0999999 1.3 -1.6
v -0.0999999 1.4 -1.6
v 0.2 1.4 -1.6
v 0.2 1.5 -1.6
v 0.2 2.2 -1.6
v 0.2 2.3 -1.6
v 0.2 3.1 -1.6
v 0.2 3.2 -1.6
v 0.2 4 -1.6
v 0.2 4.1 -1.6
v 0.3 1.4 -1.6
v 0.3 1.5 -1.6
v 0.3 1.6 -1.6
v 0.3 2.3 -1.6
v 0.3 2.4 -1.6
v 0.3 3.1 -1.6
v 0.3 3.2 -1.6
v 0.3 3.3 -1.6
v 0.3 4.1 -1.6
v 0.3 4.2 -1.6
v 0.4 1.4 -1.6
v 0.4 1.5 -1.6
v 0.4 1.6 -1.6
v 0.4 1.7 -1.6
v 0.4 2.2 -1.6
v 0.4 2.3 -1.6
v 0.4 2.4 -1.6
v 0.4 2.5 -1.6
v 0.4 3.1 -1.6
v 0.4 3.2 -1.6
v 0.4 3.3 -1.6
v 0.4 3.4 -1.6
v 0.4 4 -1.6
v 0.4 4.1 -1.6
v 0.4 4.2 -1.6
v 0.4 4.3 -1.6
v 0.5 1.5 -1.6
v 0.5 1.6 -1.6
v 0.5 1.7 -1.6
v 0.5 1.8 -1.6
v 0.5 2.3 -1.6
v 0.5 2.4 -1.6
v 0.5 2.5 -1.6
v 0.5 2.6 -1.6
v 0.5 3.2 -1.6
v 0.5 3.3 -1.6
v 0.5 3.4 -1.6
v 0.5 3.5 -1.6
v 0.5 4.1 -1.6
v 0.5 4.2 -1.6
v 0.5 4.3 -1.6
v 0.5 4.4 -1.6
v 0.6 1.6 -1.6
v 0.6 1.7 -1.6
v 0.6 1.8 -1.6
v 0.6 2.4 -1.6
v 0.6 2.5 -1.6
v 0.6 2.6 -1.6
v 0.6 3.3 -1.6
v 0.6 3.5 -1.6
v 0.6 4.2 -1.6
v 0.6 4.4 -1.6
v 0.7 1.5 -1.6
v 0.7 1.6 -1.6
v 0.7 1.7 -1.6
v 0.7 1.8 -1.6
v 0.7 2.3 -1.6
v 0.7 2.4 -1.6
v 0.7 2.5 -1.6
v 0.7 2.6 -1.6
v 0.7 3.2 -1.6
v 0.7 3.3 -1.6
v 0.7 3.4 -1.6
v 0.7 3.5 -1.6
v 0.7 4.1 -1.6
v 0.7 4.2 -1.6
v 0.7 4.3 -1.6
v 0.7 4.4 -1.6
v 0.8 1.4 -1.6
v 0.8 1.5 -1.6
v 0.8 1.6 -1.6
v 0.8 1.7 -1.6
v 0.8 2.2 -1.6
v 0.8 2.3 -1.6
v 0.8 2.4 -1.6
v 0.8 2.5 -1.6
v 0.8 3.1 -1.6
v 0.8 3.2 -1.6
v 0.8 3.3 -1.6
v 0.8 3.4 -1.6
v 0.8 4 -1.6
v 0.8 4.1 -1.6
v 0.8 4.2 -1.6
v 0.8 4.3 -1.6
v 0.9 1.3 -1.6
v 0.9 1.4 -1.6
v 0.9 1.5 -1.6
v 0.9 1.6 -1.6
v 0.9 2.1 -1.6
v 0.9 2.2 -1.6
v 0.9 2.3 -1.6
v 0.9 2.4 -1.6
v 0.9 3 -1.6
v 0.9 3.1 -1.6
v 0.9 3.2 -1.6
v 0.9 3.3 -1.6
v 0.9 3.9 -1.6
v 0.9 4 -1.6
v 0.9 4.1 -1.6
v 0.9 4.2 -1.6
v 1 1.2 -1.6
v 1 1.3 -1.6
v 1 1.4 -1.6
v 1 1.5 -1.6
v 1 2 -1.6
v 1 2.1 -1.6
v 1 2.2 -1.6
v 1 2.3 -1.6
v 1 2.9 -1.6
v 1 3 -1.6
v 1 3.1 -1.6
v 1 3.2 -1.6
v 1 3.8 -1.6
v 1 3.9 -1.6
v 1 4 -1.6
v 1 4.1 -1.6
v 1.1 1.1 -1.6
v 1.1 1.2 -1.6
v 1.1 1.3 -1.6
v 1.1 1.4 -1.6
v 1.1 1.9 -1.6
v 1.1 2 -1.6
v 1.1 2.1 -1.6
v 1.1 2.2 -1.6
v 1.1 2.8 -1.6
v 1.1 2.9 -1.6
v 1.1 3 -1.6
v 1.1 3.1 -1.6
v 1.1 3.7 -1.6
v 1.1 3.8 -1.6
v 1.1 3.9 -1.6
v 1.1 4 -1.6
v 1.2 1 -1.6
v 1.2 1.1 -1.6
v 1.2 1.2 -1.6
v 1.2 1.3 -1.6
v 1.2 1.8 -1.6
v 1.2 1.9 -1.6
v 1.2 2 -1.6
v 1.2 2.1 -1.6
v 1.2 2.7 -1.6
v 1.2 2.8 -1.6
v 1.2 2.9 -1.6
v 1.2 3 -1.6
v 1.2 3.6 -1.6
v 1.2 3.7 -1.6
v 1.2 3.8 -1.6
v 1.2 3.9 -1.6
v 1.3 0.9 -1.6
v 1.3 1 -1.6
v 1.3 1.2 -1.6
v 1.3 1.3 -1.6
v 1.3 1.4 -1.6
v 1.3 1.8 -1.6
v 1.3 2 -1.6
v 1.3 2.1 -1.6
v 1.3 2.2 -1.6
v 1.3 2.7 -1.6
v 1.3 2.9 -1.6
v 1.3 3 -1.6
v 1.3 3.1 -1.6
v 1.3 3.6 -1.6
v 1.3 3.8 -1.6
v 1.3 3.9 -1.6
v 1.3 4 -1.6
v 1.5 0.9 -1.6
v 1.5 1 -1.6
v 1.5 1.2 -1.6
v 1.5 1.3 -1.6
v 1.5 1.4 -1.6
v 1.5 1.8 -1.6
v 1.5 2 -1.6
v 1.5 2.1 -1.6
v 1.5 2.2 -1.6
v 1.5 2.7 -1.6
v 1.5 2.9 -1.6
v 1.5 3 -1.6
v 1.5 3.1 -1.6
v 1.5 3.6 -1.6
v 1.5 3.8 -1.6
v 1.5 3.9 -1.6
v 1.5 4 -1.6
v 1.6 1 -1.6
v 1.6 1.1 -1.6
v 1.6 1.2 -1.6
v 1.6 1.3 -1.6
v 1.6 1.8 -1.6
v 1.6 1.9 -1.6
v 1.6 2 -1.6
v 1.6 2.1 -1.6
v 1.6 2.7 -1.6
v 1.6 2.8 -1.6
v 1.6 2.9 -1.6
v 1.6 3 -1.6
v 1.6 3.6 -1.6
v 1.6 3.7 -1.6
v 1.6 3.8 -1.6
v 1.6 3.9 -1.6
v 1.7 1.1 -1.6
v 1.7 1.2 -1.6
v 1.7 1.3 -1.6
v 1.7 1.4 -1.6
v 1.7 1.9 -1.6
v 1.7 2 -1.6
v 1.7 2.1 -1.6
v 1.7 2.2 -1.6
v 1.7 2.8 -1.6
v 1.7 2.9 -1.6
v 1.7 3 -1.6
v 1.7 3.1 -1.6
v 1.7 3.7 -1.6
v 1.7 3.8 -1.6
v 1.7 3.9 -1.6
v 1.7 4 -1.6
v 1.8 1.2 -1.6
v 1.8 1.3 -1.6
v 1.8 1.4 -1.6
v 1.8 1.5 -1.6
v 1.8 2 -1.6
v 1.8 2.1 -1.6
v 1.8 2.2 -1.6
v 1.8 2.3 -1.6
v 1.8 2.9 -1.6
v 1.8 3 -1.6
v 1.8 3.1 -1.6
v 1.8 3.2 -1.6
v 1.8 3.8 -1.6
v 1.8 3.9 -1.6
v 1.8 4 -1.6
v 1.8 4.1 -1.6
v 1.9 1.3 -1.6
v 1.9 1.4 -1.6
v 1.9 1.5 -1.6
v 1.9 1.6 -1.6
v 1.9 2.1 -1.6
v 1.9 2.2 -1.6
v 1.9 2.3 -1.6
v 1.9 2.4 -1.6
v 1.9 3 -1.6
v 1.9 3.1 -1.6
v 1.9 3.2 -1.6
v 1.9 3.3 -1.6
v 1.9 3.9 -1.6
v 1.9 4 -1.6
v 1.9 4.1 -1.6
v 1.9 4.2 -1.6
v 2 0.9 -1.6
v 2 1 -1.6
v 2 1.4 -1.6
v 2 1.5 -1.6
v 2 1.6 -1.6
v 2 1.7 -1.6
v 2 2.2 -1.6
v 2 2.3 -1.6
v 2 2.4 -1.6
v 2 2.5 -1.6
v 2 3.1 -1.6
v 2 3.2 -1.6
v 2 3.3 -1.6
v 2 3.4 -1.6
v 2 4 -1.6
v 2 4.1 -1.6
v 2 4.2 -1.6
v 2 4.3 -1.6
v 2.1 0.9 -1.6
v 2.1 1 -1.6
v 2.1 1.5 -1.6
v 2.1 1.6 -1.6
v 2.1 1.7 -1.6
v 2.1 1.8 -1.6
v 2.1 2.3 -1.6
v 2.1 2.4 -1.6
v 2.1 2.5 -1.6
v 2.1 2.6 -1.6
v 2.1 3.2 -1.6
v 2.1 3.3 -1.6
v 2.1 3.4 -1.6
v 2.1 3.5 -1.6
v 2.1 4.1 -1.6
v 2.1 4.2 -1.6
v 2.1 4.3 -1.6
v 2.1 4.4 -1.6
v 2.3 1.5 -1.6
v 2.3 1.6 -1.6
v 2.3 1.7 -1.6
v 2.3 1.8 -1.6
v 2.3 2.3 -1.6
v 2.3 2.4 -1.6
v 2.3 2.5 -1.6
v 2.3 2.6 -1.6
v 2.3 3.2 -1.6
v 2.3 3.3 -1.6
v 2.3 3.4 -1.6
v 2.3 3.5 -1.6
v 2.3 4.1 -1.6
v 2.3 4.2 -1.6
v 2.3 4.3 -1.6
v 2.3 4.4 -1.6
v 2.4 1.4 -1.6
v 2.4 1.5 -1.6
v 2.4 1.6 -1.6
v 2.4 1.7 -1.6
v 2.4 2.2 -1.6
v 2.4 2.3 -1.6
v 2.4 2.4 -1.6
v 2.4 2.5 -1.6
v 2.4 3.1 -1.6
v 2.4 3.2 -1.6
v 2.4 3.3 -1.6
v 2.4 3.4 -1.6
v 2.4 4 -1.6
v 2.4 4.1 -1.6
v 2.4 4.2 -1.6
v 2.4 4.3 -1.6
v 2.5 0 -1.6
v 2.5 0.3 -1.6
v 2.5 0.7 -1.6
v 2.5 0.8 -1.6
v 2.5 1 -1.6
v 2.5 1.5 -1.6
v 2.5 1.6 -1.6
v 2.5 2.2 -1.6
v 2.5 2.3 -1.6
v 2.5 2.4 -1.6
v 2.5 3.2 -1.6
v 2.5 3.3 -1.6
v 2.5 4.1 -1.6
v 2.5 4.2 -1.6
v 2.6 0 -1.6
v 2.6 0.3 -1.6
v 2.6 0.7 -1.6
v 2.6 0.8 -1.6
v 2.6 1 -1.6
v 2.6 1.4 -1.6
v 2.6 1.5 -1.6
v 2.6 2.2 -1.6
v 2.6 2.3 -1.6
v 2.6 3.1 -1.6
v 2.6 3.2 -1.6
v 2.6 4 -1.6
v 2.6 4.1 -1.6
v 2.7 0.3 -1.6
v 2.7 0.4 -1.6
v 2.7 0.6 -1.6
v 2.7 0.7 -1.6
v 2.8 0.3 -1.6
v 2.8 0.4 -1.6
v 2.8 0.6 -1.6
v 2.8 0.7 -1.6
v 2.9 0.4 -1.6
v 2.9 0.6 -1.6
v -1.9 1.4 -1.7
v -1.9 1.5 -1.7
v -1.8 1.4 -1.7
v -1.8 1.5 -1.7
v -1 1 -1.7
v -1 1.1 -1.7
v -0.8 1 -1.7
v -0.8 1.1 -1.7
v -0.3 1.4 -1.7
v -0.3 1.5 -1.7
v -0.0999999 1.4 -1.7
v -0.0999999 1.5 -1.7
v 2.6 0 -1.7
v 2.6 0.3 -1.7
v 2.6 0.7 -1.7
v 2.6 0.8 -1.7
v 2.6 1 -1.7
v 2.7 0 -1.7
v 2.7 0.3 -1.7
v 2.7 0.7 -1.7
v 2.7 0.8 -1.7
v 2.7 1 -1.7
v 2.8 0.3 -1.7
v 2.8 0.4 -1.7
v 2.8 0.6 -1.7
v 2.8 0.7 -1.7
v 2.9 0.3 -1.7
v 2.9 0.4 -1.7
v 2.9 0.6 -1.7
v 2.9 0.7 -1.7
v 3 0.4 -1.7
v 3 0.6 -1.7
v 3 1.4 -1.7
v 3 1.5 -1.7
v 3.2 1.4 -1.7
v 3.2 1.5 -1.7
v -2 1.3 -1.8
v -2 1.4 -1.8
v -1.9 1.5 -1.8
v -1.9 1.6 -1.8
v -1.8 1.3 -1.8
v -1.8 1.4 -1.8
v -1.8 1.5 -1.8
v -1.8 1.6 -1.8
v -1 1.1 -1.8
v -1 1.2 -1.8
v -0.8 1.1 -1.8
v -0.8 1.2 -1.8
v 1.2 1.3 -1.8
v 1.2 1.4 -1.8
v 1.2 2.1 -1.8
v 1.2 2.2 -1.8
v 1.2 3 -1.8
v 1.2 3.1 -1.8
v 1.2 3.9 -1.8
v 1.2 4 -1.8
v 1.3 1.3 -1.8
v 1.3 1.4 -1.8
v 1.3 2.1 -1.8
v 1.3 2.2 -1.8
v 1.3 3 -1.8
v 1.3 3.1 -1.8
v 1.3 3.9 -1.8
v 1.3 4 -1.8
v 1.5 1.3 -1.8
v 1.5 1.4 -1.8
v 1.5 2.1 -1.8
v 1.5 2.2 -1.8
v 1.5 3 -1.8
v 1.5 3.1 -1.8
v 1.5 3.9 -1.8
v 1.5 4 -1.8
v 1.6 1.3 -1.8
v 1.6 1.4 -1.8
v 1.6 2.1 -1.8
v 1.6 2.2 -1.8
v 1.6 3 -1.8
v 1.6 3.1 -1.8
v 1.6 3.9 -1.8
v 1.6 4 -1.8
v 2.7 0 -1.8
v 2.7 0.3 -1.8
v 2.7 0.7 -1.8
v 2.7 0.8 -1.8
v 2.7 1 -1.8
v 2.8 0 -1.8
v 2.8 0.3 -1.8
v 2.8 0.7 -1.8
v 2.8 0.8 -1.8
v 2.8 1 -1.8
v 2.9 0.3 -1.8
v 2.9 0.4 -1.8
v 2.9 0.6 -1.8
v 2.9 0.7 -1.8
v 3 0.3 -1.8
v 3 0.4 -1.8
v 3 0.6 -1.8
v 3 0.7 -1.8
v 3 1.5 -1.8
v 3 1.6 -1.8
v 3.1 0.4 -1.8
v 3.1 0.6 -1.8
v 3.2 1.5 -1.8
v 3.2 1.6 -1.8
v -2 1.4 -1.9
v -2 1.5 -1.9
v -1.9 1.4 -1.9
v -1.9 1.5 -1.9
v -1.8 1.5 -1.9
v -1.8 1.6 -1.9
v -1.7 1.5 -1.9
v -1.7 1.6 -1.9
v -1.6 0.9 -1.9
v -1.6 1 -1.9
v -1.5 0.9 -1.9
v -1.5 1 -1.9
v -1 1 -1.9
v -1 1.1 -1.9
v -0.8 1 -1.9
v -0.8 1.1 -1.9
v 0.5 1.3 -1.9
v 0.5 1.4 -1.9
v 0.7 1.3 -1.9
v 0.7 1.4 -1.9
v 1.1 1.4 -1.9
v 1.1 1.5 -1.9
v 1.1 2.2 -1.9
v 1.1 2.3 -1.9
v 1.1 3.1 -1.9
v 1.1 3.2 -1.9
v 1.1 4 -1.9
v 1.1 4.1 -1.9
v 1.2 1.4 -1.9
v 1.2 1.5 -1.9
v 1.2 2.2 -1.9
v 1.2 2.3 -1.9
v 1.2 3.1 -1.9
v 1.2 3.2 -1.9
v 1.2 4 -1.9
v 1.2 4.1 -1.9
v 1.3 1.2 -1.9
v 1.3 1.3 -1.9
v 1.3 2 -1.9
v 1.3 2.1 -1.9
v 1.3 2.9 -1.9
v 1.3 3 -1.9
v 1.3 3.8 -1.9
v 1.3 3.9 -1.9
v 1.5 1.2 -1.9
v 1.5 1.3 -1.9
v 1.5 2 -1.9
v 1.5 2.1 -1.9
v 1.5 2.9 -1.9
v 1.5 3 -1.9
v 1.5 3.8 -1.9
v 1.5 3.9 -1.9
v 1.6 1.4 -1.9
v 1.6 1.5 -1.9
v 1.6 2.2 -1.9
v 1.6 2.3 -1.9
v 1.6 3.1 -1.9
v 1.6 3.2 -1.9
v 1.6 4 -1.9
v 1.6 4.1 -1.9
v 1.7 1.4 -1.9
v 1.7 1.5 -1.9
v 1.7 2.2 -1.9
v 1.7 2.3 -1.9
v 1.7 3.1 -1.9
v 1.7 3.2 -1.9
v 1.7 4 -1.9
v 1.7 4.1 -1.9
v 2.8 0 -1.9
v 2.8 0.3 -1.9
v 2.8 0.7 -1.9
v 2.8 0.8 -1.9
v 2.8 1 -1.9
v 2.9 0 -1.9
v 2.9 0.3 -1.9
v 2.9 0.7 -1.9
v 2.9 0.8 -1.9
v 2.9 1 -1.9
v 3 0.3 -1.9
v 3 0.4 -1.9
v 3 0.6 -1.9
v 3 0.7 -1.9
v 3 1.6 -1.9
v 3 1.7 -1.9
v 3.1 0.3 -1.9
v 3.1 0.4 -1.9
v 3.1 0.6 -1.9
v 3.1 0.7 -1.9
v 3.1 1.6 -1.9
v 3.1 1.7 -1.9
v 3.2 0.4 -1.9
v 3.2 0.6 -1.9
v 3.2 1.6 -1.9
v 3.2 1.7 -1.9
v -2 1.2 -2
v -2 1.3 -2
v -1.8 1.2 -2
v -1.8 1.3 -2
v -1.7 0.9 -2
v -1.7 1 -2
v -1.6 0.9 -2
v -1.6 1 -2
v -1.1 1.2 -2
v -1.1 1.3 -2
v -0.9 1.2 -2
v -0.9 1.3 -2
v 0.5 1.2 -2
v 0.5 1.3 -2
v 0.7 1.2 -2
v 0.7 1.3 -2
v 1 1.3 -2
v 1 1.4 -2
v 1 2.1 -2
v 1 2.2 -2
v 1 3 -2
v 1 3.1 -2
v 1 3.9 -2
v 1 4 -2
v 1.1 1.3 -2
v 1.1 1.4 -2
v 1.1 2.1 -2
v 1.1 2.2 -2
v 1.1 3 -2
v 1.1 3.1 -2
v 1.1 3.9 -2
v 1.1 4 -2
v 1.3 1.3 -2
v 1.3 1.4 -2
v 1.3 2.1 -2
v 1.3 2.2 -2
v 1.3 3 -2
v 1.3 3.1 -2
v 1.3 3.9 -2
v 1.3 4 -2
v 1.5 1.3 -2
v 1.5 1.4 -2
v 1.5 2.1 -2
v 1.5 2.2 -2
v 1.5 3 -2
v 1.5 3.1 -2
v 1.5 3.9 -2
v 1.5 4 -2
v 1.7 1.3 -2
v 1.7 1.4 -2
v 1.7 2.1 -2
v 1.7 2.2 -2
v 1.7 3 -2
v 1.7 3.1 -2
v 1.7 3.9 -2
v 1.7 4 -2
v 1.8 1.3 -2
v 1.8 1.4 -2
v 1.8 2.1 -2
v 1.8 2.2 -2
v 1.8 3 -2
v 1.8 3.1 -2
v 1.8 3.9 -2
v 1.8 4 -2
v 2.9 0 -2
v 2.9 0.3 -2
v 2.9 0.7 -2
v 2.9 0.8 -2
v 2.9 1 -2
v 3 0 -2
v 3 0.3 -2
v 3 0.7 -2
v 3 0.8 -2
v 3 1 -2
v 3 1.7 -2
v 3 1.8 -2
v 3.1 0.3 -2
v 3.1 0.4 -2
v 3.1 0.6 -2
v 3.1 0.7 -2
v 3.1 1.7 -2
v 3.2 0.3 -2
v 3.2 0.4 -2
v 3.2 0.6 -2
v 3.2 0.7 -2
v 3.2 1.7 -2
v 3.2 1.8 -2
v 3.3 0.4 -2
v 3.3 0.6 -2
v -2.6 0.9 -2.1
v -2.6 1 -2.1
v -2.3 0.9 -2.1
v -2.3 1 -2.1
v -2.2 0.8 -2.1
v -2.2 0.9 -2.1
v -2.1 0.8 -2.1
v -2.1 0.9 -2.1
v -2 1.1 -2.1
v -2 1.2 -2.1
v -1.8 1.1 -2.1
v -1.8 1.2 -2.1
v -1.1 1.1 -2.1
v -1.1 1.2 -2.1
v -0.9 1.1 -2.1
v -0.9 1.2 -2.1
v 0.5 1.1 -2.1
v 0.5 1.2 -2.1
v 0.7 1.1 -2.1
v 0.7 1.2 -2.1
v 1.3 1.4 -2.1
v 1.3 1.5 -2.1
v 1.3 2.2 -2.1
v 1.3 2.3 -2.1
v 1.3 3.1 -2.1
v 1.3 3.2 -2.1
v 1.3 4 -2.1
v 1.3 4.1 -2.1
v 1.5 1.4 -2.1
v 1.5 1.5 -2.1
v 1.5 2.2 -2.1
v 1.5 2.3 -2.1
v 1.5 3.1 -2.1
v 1.5 3.2 -2.1
v 1.5 4 -2.1
v 1.5 4.1 -2.1
v 3 0 -2.1
v 3 0.3 -2.1
v 3 0.7 -2.1
v 3 0.8 -2.1
v 3 1 -2.1
v 3.1 0 -2.1
v 3.1 0.3 -2.1
v 3.1 0.7 -2.1
v 3.1 0.8 -2.1
v 3.1 1 -2.1
v 3.2 0.3 -2.1
v 3.2 0.4 -2.1
v 3.2 0.6 -2.1
v 3.2 0.7 -2.1
v 3.3 0.3 -2.1
v 3.3 0.4 -2.1
v 3.3 0.6 -2.1
v 3.3 0.7 -2.1
v 3.4 0.4 -2.1
v 3.4 0.6 -2.1
v -2 1 -2.2
v -2 1.1 -2.2
v -1.8 1 -2.2
v -1.8 1.1 -2.2
v -1.1 1 -2.2
v -1.1 1.1 -2.2
v -0.9 1 -2.2
v -0.9 1.1 -2.2
v -0.2 0.9 -2.2
v -0.2 1 -2.2
v -0.0999999 0.9 -2.2
v -0.0999999 1 -2.2
v 0.5 1 -2.2
v 0.5 1.1 -2.2
v 0.7 1 -2.2
v 0.7 1.1 -2.2
v 1.3 1.5 -2.2
v 1.3 1.6 -2.2
v 1.3 2.3 -2.2
v 1.3 2.4 -2.2
v 1.3 3.2 -2.2
v 1.3 3.3 -2.2
v 1.3 4.1 -2.2
v 1.3 4.2 -2.2
v 1.5 1.5 -2.2
v 1.5 1.6 -2.2
v 1.5 2.3 -2.2
v 1.5 2.4 -2.2
v 1.5 3.2 -2.2
v 1.5 3.3 -2.2
v 1.5 4.1 -2.2
v 1.5 4.2 -2.2
v 3 1.5 -2.2
v 3 1.6 -2.2
v 3.1 0 -2.2
v 3.1 0.3 -2.2
v 3.1 0.7 -2.2
v 3.1 0.8 -2.2
v 3.1 1 -2.2
v 3.2 0 -2.2
v 3.2 0.3 -2.2
v 3.2 0.7 -2.2
v 3.2 0.8 -2.2
v 3.2 1 -2.2
v 3.2 1.5 -2.2
v 3.2 1.6 -2.2
v 3.3 0.3 -2.2
v 3.3 0.4 -2.2
v 3.3 0.6 -2.2
v 3.3 0.7 -2.2
v 3.4 0.3 -2.2
v 3.4 0.4 -2.2
v 3.4 0.6 -2.2
v 3.4 0.7 -2.2
v 3.5 0.4 -2.2
v 3.5 0.6 -2.2
v -2.5 1.3 -2.3
v -2.5 1.4 -2.3
v -2.4 1.3 -2.3
v -2.4 1.4 -2.3
v -2.3 1.2 -2.3
v -2.3 1.3 -2.3
v -2.2 1.2 -2.3
v -2.2 1.4 -2.3
v -2.1 1 -2.3
v -2.1 1.2 -2.3
v -2 0.9 -2.3
v -2 1 -2.3
v -2 1.2 -2.3
v -1.8 0.9 -2.3
v -1.8 1 -2.3
v -1.8 1.2 -2.3
v -1.7 1 -2.3
v -1.7 1.1 -2.3
v -1.7 1.2 -2.3
v -1.7 1.3 -2.3
v -1.6 1.1 -2.3
v -1.6 1.2 -2.3
v -1.6 1.3 -2.3
v -1.6 1.4 -2.3
v -1.5 1.2 -2.3
v -1.5 1.3 -2.3
v -1.5 1.4 -2.3
v -1.5 1.5 -2.3
v -1.4 1.2 -2.3
v -1.4 1.3 -2.3
v -1.4 1.4 -2.3
v -1.4 1.5 -2.3
v -1.3 1.1 -2.3
v -1.3 1.2 -2.3
v -1.2 1 -2.3
v -1.2 1.1 -2.3
v -1.2 1.2 -2.3
v -1.2 1.3 -2.3
v -1.1 0.9 -2.3
v -1.1 1 -2.3
v -1.1 1.2 -2.3
v -0.9 0.9 -2.3
v -0.9 1 -2.3
v -0.9 1.2 -2.3
v -0.8 1 -2.3
v -0.8 1.1 -2.3
v -0.8 1.2 -2.3
v -0.8 1.3 -2.3
v -0.7 1.1 -2.3
v -0.7 1.2 -2.3
v -0.6 1.2 -2.3
v -0.6 1.3 -2.3
v 0.1 1.3 -2.3
v 0.1 1.4 -2.3
v 0.2 1.2 -2.3
v 0.2 1.3 -2.3
v 0.3 1.1 -2.3
v 0.3 1.2 -2.3
v 0.3 1.3 -2.3
v 0.3 1.4 -2.3
v 0.4 1 -2.3
v 0.4 1.1 -2.3
v 0.4 1.2 -2.3
v 0.4 1.3 -2.3
v 0.5 0.9 -2.3
v 0.5 1 -2.3
v 0.5 1.2 -2.3
v 0.7 0.9 -2.3
v 0.7 1 -2.3
v 0.7 1.2 -2.3
v 0.8 1 -2.3
v 0.8 1.1 -2.3
v 0.8 1.2 -2.3
v 0.8 1.3 -2.3
v 0.9 1.1 -2.3
v 0.9 1.2 -2.3
v 0.9 1.3 -2.3
v 0.9 1.4 -2.3
v 1 1.2 -2.3
v 1 1.3 -2.3
v 1.1 1.3 -2.3
v 1.1 1.4 -2.3
v 1.3 1.6 -2.3
v 1.3 1.7 -2.3
v 1.3 2.4 -2.3
v 1.3 2.5 -2.3
v 1.3 3.3 -2.3
v 1.3 3.4 -2.3
v 1.3 4.2 -2.3
v 1.3 4.3 -2.3
v 1.5 1.6 -2.3
v 1.5 1.7 -2.3
v 1.5 2.4 -2.3
v 1.5 2.5 -2.3
v 1.5 3.3 -2.3
v 1.5 3.4 -2.3
v 1.5 4.2 -2.3
v 1.5 4.3 -2.3
v 3 1.4 -2.3
v 3 1.5 -2.3
v 3.2 0 -2.3
v 3.2 0.3 -2.3
v 3.2 0.7 -2.3
v 3.2 0.8 -2.3
v 3.2 1 -2.3
v 3.2 1.4 -2.3
v 3.2 1.5 -2.3
v 3.3 0 -2.3
v 3.3 0.3 -2.3
v 3.3 0.7 -2.3
v 3.3 0.8 -2.3
v 3.3 1 -2.3
v 3.4 0.3 -2.3
v 3.4 0.4 -2.3
v 3.4 0.6 -2.3
v 3.4 0.7 -2.3
v 3.5 0.3 -2.3
v 3.5 0.4 -2.3
v 3.5 0.6 -2.3
v 3.5 0.7 -2.3
v 3.6 0.4 -2.3
v 3.6 0.6 -2.3
v -2.4 1.4 -2.4
v -2.4 1.5 -2.4
v -2.3 1.4 -2.4
v -2.3 1.5 -2.4
v -2.2 1.1 -2.4
v -2.2 1.2 -2.4
v -2.2 1.3 -2.4
v -2.1 1.1 -2.4
v -2.1 1.2 -2.4
v -2.1 1.3 -2.4
v -1.4 1.3 -2.4
v -1.4 1.4 -2.4
v -1.3 1.3 -2.4
v -1.3 1.4 -2.4
v -0.0999999 1.5 -2.4
v -0.0999999 1.6 -2.4
v 0.1 1.5 -2.4
v 0.1 1.6 -2.4
v 1.3 1.7 -2.4
v 1.3 1.8 -2.4
v 1.3 2.5 -2.4
v 1.3 2.6 -2.4
v 1.3 3.4 -2.4
v 1.3 3.5 -2.4
v 1.3 4.3 -2.4
v 1.3 4.4 -2.4
v 1.5 1.7 -2.4
v 1.5 1.8 -2.4
v 1.5 2.5 -2.4
v 1.5 2.6 -2.4
v 1.5 3.4 -2.4
v 1.5 3.5 -2.4
v 1.5 4.3 -2.4
v 1.5 4.4 -2.4
v 1.7 0.9 -2.4
v 1.7 1 -2.4
v 1.9 0.9 -2.4
v 1.9 1 -2.4
v 2.4 0.9 -2.4
v 2.4 1 -2.4
v 2.5 0.9 -2.4
v 2.5 1 -2.4
v 3 1.3 -2.4
v 3 1.4 -2.4
v 3.2 1.3 -2.4
v 3.2 1.4 -2.4
v 3.3 0 -2.4
v 3.3 0.3 -2.4
v 3.3 0.7 -2.4
v 3.3 0.8 -2.4
v 3.3 1 -2.4
v 3.4 0 -2.4
v 3.4 0.3 -2.4
v 3.4 0.7 -2.4
v 3.4 0.8 -2.4
v 3.4 1 -2.4
v 3.5 0.3 -2.4
v 3.5 0.4 -2.4
v 3.5 0.6 -2.4
v 3.5 0.7 -2.4
v 3.6 0.3 -2.4
v 3.6 0.4 -2.4
v 3.6 0.6 -2.4
v 3.6 0.7 -2.4
v 3.7 0.4 -2.4
v 3.7 0.6 -2.4
v -2 1.1 -2.5
v -2 1.2 -2.5
v -1.8 1.1 -2.5
v -1.8 1.2 -2.5
v -1.1 1.1 -2.5
v -1.1 1.2 -2.5
v -0.9 1.1 -2.5
v -0.9 1.2 -2.5
v -0.2 1.4 -2.5
v -0.2 1.5 -2.5
v -0.0999999 1.5 -2.5
v 2.38419e-07 1.4 -2.5
v 2.38419e-07 1.5 -2.5
v 0.5 1.1 -2.5
v 0.5 1.2 -2.5
v 0.7 1.1 -2.5
v 0.7 1.2 -2.5
v 1.6 0.9 -2.5
v 1.6 1 -2.5
v 1.7 0.9 -2.5
v 1.7 1 -2.5
v 2.3 0.9 -2.5
v 2.3 1 -2.5
v 2.4 0.9 -2.5
v 2.4 1 -2.5
v 2.7 1.3 -2.5
v 2.7 1.4 -2.5
v 2.8 1.3 -2.5
v 2.8 1.4 -2.5
v 3 1.2 -2.5
v 3 1.3 -2.5
v 3.2 1.2 -2.5
v 3.2 1.3 -2.5
v 3.4 0 -2.5
v 3.4 0.3 -2.5
v 3.4 0.7 -2.5
v 3.4 0.8 -2.5
v 3.4 1 -2.5
v 3.4 1.3 -2.5
v 3.4 1.4 -2.5
v 3.5 0 -2.5
v 3.5 0.3 -2.5
v 3.5 0.7 -2.5
v 3.5 0.8 -2.5
v 3.5 1 -2.5
v 3.5 1.3 -2.5
v 3.5 1.4 -2.5
v 3.6 0.3 -2.5
v 3.6 0.4 -2.5
v 3.6 0.6 -2.5
v 3.6 0.7 -2.5
v 3.7 0.3 -2.5
v 3.7 0.4 -2.5
v 3.7 0.6 -2.5
v 3.7 0.7 -2.5
v 3.8 0.4 -2.5
v 3.8 0.6 -2.5
v -2 1.2 -2.6
v -2 1.3 -2.6
v -1.8 1.2 -2.6
v -1.8 1.3 -2.6
v -1.1 1.2 -2.6
v -1.1 1.3 -2.6
v -0.9 1.2 -2.6
v -0.9 1.3 -2.6
v -0.2 1.3 -2.6
v -0.2 1.4 -2.6
v -0.0999999 1.3 -2.6
v -0.0999999 1.4 -2.6
v 0.2 1.9 -2.6
v 0.2 2 -2.6
v 0.3 1.9 -2.6
v 0.3 2 -2.6
v 0.5 1.2 -2.6
v 0.5 1.3 -2.6
v 0.7 1.2 -2.6
v 0.7 1.3 -2.6
v 1.4 1.5 -2.6
v 1.4 1.6 -2.6
v 1.4 2.3 -2.6
v 1.4 2.4 -2.6
v 1.4 3.2 -2.6
v 1.4 3.3 -2.6
v 1.4 4.1 -2.6
v 1.4 4.2 -2.6
v 1.5 1.5 -2.6
v 1.5 1.6 -2.6
v 1.5 2.3 -2.6
v 1.5 2.4 -2.6
v 1.5 3.2 -2.6
v 1.5 3.3 -2.6
v 1.5 4.1 -2.6
v 1.5 4.2 -2.6
v 1.8 0.9 -2.6
v 1.8 1 -2.6
v 1.9 0.9 -2.6
v 1.9 1 -2.6
v 2.2 0.9 -2.6
v 2.2 1 -2.6
v 2.3 0.9 -2.6
v 2.3 1 -2.6
v 2.8 1.4 -2.6
v 2.8 1.5 -2.6
v 2.9 1.4 -2.6
v 2.9 1.5 -2.6
v 3 1.1 -2.6
v 3 1.2 -2.6
v 3.2 1.1 -2.6
v 3.2 1.2 -2.6
v 3.3 1.4 -2.6
v 3.3 1.5 -2.6
v 3.4 1.4 -2.6
v 3.4 1.5 -2.6
v 3.5 0 -2.6
v 3.5 0.3 -2.6
v 3.5 0.7 -2.6
v 3.5 0.8 -2.6
v 3.5 1 -2.6
v 3.6 0 -2.6
v 3.6 0.3 -2.6
v 3.6 0.7 -2.6
v 3.6 0.8 -2.6
v 3.6 1 -2.6
v 3.7 0.3 -2.6
v 3.7 0.4 -2.6
v 3.7 0.6 -2.6
v 3.7 0.7 -2.6
v 3.8 0.3 -2.6
v 3.8 0.4 -2.6
v 3.8 0.6 -2.6
v 3.8 0.7 -2.6
v 3.9 0.4 -2.6
v 3.9 0.6 -2.6
v -2 1.3 -2.7
v -2 1.4 -2.7
v -1.8 1.3 -2.7
v -1.8 1.4 -2.7
v -0.6 0.9 -2.7
v -0.6 1 -2.7
v -0.4 0.9 -2.7
v -0.4 1 -2.7
v -0.2 1.2 -2.7
v -0.2 1.3 -2.7
v -0.0999999 1.2 -2.7
v -0.0999999 1.3 -2.7
v 0.2 1.8 -2.7
v 0.2 1.9 -2.7
v 0.3 1.8 -2.7
v 0.3 1.9 -2.7
v 0.5 1.3 -2.7
v 0.5 1.4 -2.7
v 0.7 1.3 -2.7
v 0.7 1.4 -2.7
v 1.3 1.4 -2.7
v 1.3 1.5 -2.7
v 1.3 1.6 -2.7
v 1.3 2.2 -2.7
v 1.3 2.3 -2.7
v 1.3 2.4 -2.7
v 1.3 3.1 -2.7
v 1.3 3.2 -2.7
v 1.3 3.3 -2.7
v 1.3 4 -2.7
v 1.3 4.1 -2.7
v 1.3 4.2 -2.7
v 1.4 1.5 -2.7
v 1.4 1.6 -2.7
v 1.4 2.3 -2.7
v 1.4 2.4 -2.7
v 1.4 3.2 -2.7
v 1.4 3.3 -2.7
v 1.4 4.1 -2.7
v 1.4 4.2 -2.7
v 1.5 1.4 -2.7
v 1.5 1.5 -2.7
v 1.5 2.2 -2.7
v 1.5 2.3 -2.7
v 1.5 3.1 -2.7
v 1.5 3.2 -2.7
v 1.5 4 -2.7
v 1.5 4.1 -2.7
v 2.9 1.3 -2.7
v 2.9 1.4 -2.7
v 3 1 -2.7
v 3 1.1 -2.7
v 3 1.3 -2.7
v 3 1.4 -2.7
v 3.2 1 -2.7
v 3.2 1.1 -2.7
v 3.2 1.3 -2.7
v 3.2 1.4 -2.7
v 3.3 1.3 -2.7
v 3.3 1.4 -2.7
v 3.6 0 -2.7
v 3.6 0.3 -2.7
v 3.6 0.7 -2.7
v 3.6 0.8 -2.7
v 3.6 1 -2.7
v 3.7 0 -2.7
v 3.7 0.3 -2.7
v 3.7 0.7 -2.7
v 3.7 0.8 -2.7
v 3.7 1 -2.7
v 3.8 0.3 -2.7
v 3.8 0.4 -2.7
v 3.8 0.6 -2.7
v 3.8 0.7 -2.7
v 3.9 0.3 -2.7
v 3.9 0.4 -2.7
v 3.9 0.6 -2.7
v 3.9 0.7 -2.7
v 4 0.4 -2.7
v 4 0.6 -2.7
v -2 1.4 -2.8
v -2 1.5 -2.8
v -1.8 1.4 -2.8
v -1.8 1.5 -2.8
v -1.7 0.9 -2.8
v -1.7 1 -2.8
v -1.3 0.9 -2.8
v -1.3 1 -2.8
v -0.8 1.6 -2.8
v -0.8 1.7 -2.8
v -0.7 1.5 -2.8
v -0.7 1.6 -2.8
v -0.6 1.5 -2.8
v -0.6 1.7 -2.8
v 0.1 1.7 -2.8
v 0.1 1.8 -2.8
v 0.2 1.8 -2.8
v 0.3 1.7 -2.8
v 0.3 1.8 -2.8
v 1.9 1.4 -2.8
v 1.9 1.5 -2.8
v 2 1.5 -2.8
v 2 1.6 -2.8
v 2.1 1.4 -2.8
v 2.1 1.5 -2.8
v 2.1 1.6 -2.8
v 2.1 1.7 -2.8
v 2.2 1.5 -2.8
v 2.2 1.6 -2.8
v 2.2 1.7 -2.8
v 2.2 1.8 -2.8
v 2.3 1.6 -2.8
v 2.3 1.8 -2.8
v 2.4 1.5 -2.8
v 2.4 1.6 -2.8
v 2.4 1.7 -2.8
v 2.4 1.8 -2.8
v 2.5 1.4 -2.8
v 2.5 1.5 -2.8
v 2.5 1.6 -2.8
v 2.5 1.7 -2.8
v 2.6 1.3 -2.8
v 2.6 1.4 -2.8
v 2.6 1.5 -2.8
v 2.6 1.6 -2.8
v 2.7 1.2 -2.8
v 2.7 1.3 -2.8
v 2.7 1.4 -2.8
v 2.7 1.5 -2.8
v 2.8 1.1 -2.8
v 2.8 1.2 -2.8
v 2.8 1.3 -2.8
v 2.8 1.4 -2.8
v 2.9 1 -2.8
v 2.9 1.1 -2.8
v 2.9 1.2 -2.8
v 2.9 1.3 -2.8
v 3 0.9 -2.8
v 3 1 -2.8
v 3 1.2 -2.8
v 3 1.3 -2.8
v 3.2 0.9 -2.8
v 3.2 1 -2.8
v 3.2 1.2 -2.8
v 3.2 1.3 -2.8
v 3.3 1 -2.8
v 3.3 1.1 -2.8
v 3.3 1.2 -2.8
v 3.3 1.3 -2.8
v 3.4 1.1 -2.8
v 3.4 1.2 -2.8
v 3.4 1.3 -2.8
v 3.4 1.4 -2.8
v 3.5 1.2 -2.8
v 3.5 1.3 -2.8
v 3.5 1.4 -2.8
v 3.5 1.5 -2.8
v 3.6 1.3 -2.8
v 3.6 1.4 -2.8
v 3.6 1.5 -2.8
v 3.6 1.6 -2.8
v 3.7 0 -2.8
v 3.7 0.3 -2.8
v 3.7 0.7 -2.8
v 3.7 0.8 -2.8
v 3.7 1 -2.8
v 3.7 1.4 -2.8
v 3.7 1.5 -2.8
v 3.7 1.6 -2.8
v 3.7 1.7 -2.8
v 3.8 0 -2.8
v 3.8 0.3 -2.8
v 3.8 0.7 -2.8
v 3.8 0.8 -2.8
v 3.8 1 -2.8
v 3.8 1.5 -2.8
v 3.8 1.6 -2.8
v 3.8 1.7 -2.8
v 3.8 1.8 -2.8
v 4 1.5 -2.8
v 4 1.6 -2.8
v 4 1.7 -2.8
v 4 1.8 -2.8
v 4.1 1.4 -2.8
v 4.1 1.5 -2.8
v 4.1 1.6 -2.8
v 4.1 1.7 -2.8
v 4.2 1.5 -2.8
v 4.2 1.6 -2.8
v 4.3 1.4 -2.8
v 4.3 1.5 -2.8
v -0.6 1.4 -2.9
v -0.6 1.5 -2.9
v -0.6 1.6 -2.9
v -0.5 1.3 -2.9
v -0.5 1.4 -2.9
v -0.5 1.5 -2.9
v -0.5 1.6 -2.9
v -0.4 1.2 -2.9
v -0.4 1.3 -2.9
v -0.4 1.4 -2.9
v -0.4 1.5 -2.9
v -0.3 1.3 -2.9
v -0.3 1.4 -2.9
v -0.2 0.9 -2.9
v -0.2 1.2 -2.9
v -0.2 1.3 -2.9
v -0.2 1.5 -2.9
v -0.0999999 0.9 -2.9
v -0.0999999 1.2 -2.9
v -0.0999999 1.3 -2.9
v -0.0999999 1.4 -2.9
v -0.0999999 1.5 -2.9
v -0.0999999 1.6 -2.9
v 2.38419e-07 1.4 -2.9
v 2.38419e-07 1.5 -2.9
v 2.38419e-07 1.6 -2.9
v 2.38419e-07 1.7 -2.9
v 0.1 1.1 -2.9
v 0.1 1.2 -2.9
v 0.1 1.5 -2.9
v 0.1 1.6 -2.9
v 0.1 1.7 -2.9
v 0.2 1.2 -2.9
v 0.2 1.3 -2.9
v 0.2 1.6 -2.9
v 0.2 1.7 -2.9
v 0.3 1.1 -2.9
v 0.3 1.2 -2.9
v -0.3 1.3 -3
v -0.3 1.4 -3
v -0.2 1.3 -3
v -0.2 1.4 -3
v 2.9 1.3 -3
v 2.9 1.4 -3
v 3 1.3 -3
v 3 1.4 -3
v 3.2 1.3 -3
v 3.2 1.4 -3
v 3.3 1.3 -3
v 3.3 1.4 -3
v -2.7 0.9 -3.1
v -2.7 1 -3.1
v -0.3 1.4 -3.1
v -0.3 1.5 -3.1
v -0.2 1.4 -3.1
v -0.2 1.5 -3.1
v 2.8 1.4 -3.1
v 2.8 1.5 -3.1
v 2.9 1.4 -3.1
v 2.9 1.5 -3.1
v 3 1 -3.1
v 3 1.2 -3.1
v 3 1.3 -3.1
v 3.2 1 -3.1
v 3.2 1.2 -3.1
v 3.2 1.3 -3.1
v 3.3 1.4 -3.1
v 3.3 1.5 -3.1
v 3.4 1.4 -3.1
v 3.4 1.5 -3.1
v 3.7 0.9 -3.1
v 3.7 1 -3.1
v -0.2 1.4 -3.2
v -0.2 1.5 -3.2
v -0.0999999 1.4 -3.2
v -0.0999999 1.5 -3.2
v 2.7 1.3 -3.2
v 2.7 1.4 -3.2
v 2.8 1.3 -3.2
v 2.8 1.4 -3.2
v 3 1.3 -3.2
v 3 1.4 -3.2
v 3.2 1.3 -3.2
v 3.2 1.4 -3.2
v 3.4 1.3 -3.2
v 3.4 1.4 -3.2
v 3.5 1.3 -3.2
v 3.5 1.4 -3.2
v -0.2 1.5 -3.3
v -0.2 1.6 -3.3
v -0.0999999 1.5 -3.3
v -0.0999999 1.6 -3.3
v 3 1.4 -3.3
v 3 1.5 -3.3
v 3.2 1.4 -3.3
v 3.2 1.5 -3.3
v -0.0999999 1.5 -3.4
v -0.0999999 1.6 -3.4
v 2.38419e-07 1.5 -3.4
v 2.38419e-07 1.6 -3.4
v 3 1.5 -3.4
v 3 1.6 -3.4
v 3.2 1.5 -3.4
v 3.2 1.6 -3.4
v 3 1.6 -3.5
v 3 1.7 -3.5
v 3.2 1.6 -3.5
v 3.2 1.7 -3.5
v 3 1.7 -3.6
v 3 1.8 -3.6
v 3.2 1.7 -3.6
v 3.2 1.8 -3.6
v 3.1 1.5 -3.8
v 3.1 1.6 -3.8
v 3.2 1.5 -3.8
v 3.2 1.6 -3.8
v 3 1.4 -3.9
v 3 1.6 -3.9
v 3.1 1.5 -3.9
v 3.1 1.6 -3.9
v 3.2 1.4 -3.9
v 3.2 1.5 -3.9
v -2.7 0.9 3.3
v -2.7 1 3.3
v -2.5 0.9 3.3
v -2.5 1 3.3
v -2.5 0.9 3.2
v -2.5 1 3.2
v -2.4 0.9 3.2
v -2.4 1 3.2
v -2.4 0.9 3.1
v -2.4 1 3.1
v -2.3 0.9 3.1
v -2.3 1 3.1
v -2.3 0.9 3
v -2.3 1 3
v -2.2 0.9 3
v -2.2 1 3
v -2.2 0.9 2.9
v -2.2 1 2.9
v -2.1 0.9 2.9
v -2.1 1 2.9
v -2.6 0.9 2.8
v -2.6 1 2.8
v -2.5 0.9 2.8
v -2.5 1 2.8
v -2.1 0.9 2.8
v -2.1 1 2.8
v -2 0.9 2.8
v -2 1 2.8
v -2 1.5 2.8
v -2 1.6 2.8
v -1.9 1.5 2.8
v -1.9 1.6 2.8
v -2.1 1.4 2.7
v -2.1 1.5 2.7
v -2.1 1.6 2.7
v -2 0.9 2.7
v -2 1 2.7
v -2 1.4 2.7
v -2 1.6 2.7
v -1.9 0.9 2.7
v -1.9 1 2.7
v -2.2 1.4 2.6
v -2.2 1.5 2.6
v -2.1 1.4 2.6
v -2.1 1.5 2.6
v -1.9 0.9 2.6
v -1.9 1 2.6
v -1.8 0.9 2.6
v -1.8 1 2.6
v -2.2 1.3 2.5
v -2.2 1.4 2.5
v -2.1 1.3 2.5
v -2.1 1.4 2.5
v -1.8 0.9 2.5
v -1.8 1 2.5
v -1.8 1.9 2.5
v -1.8 2 2.5
v -1.7 0.9 2.5
v -1.7 1 2.5
v -1.7 1.9 2.5
v -1.7 2 2.5
v -2.8 1.6 2.4
v -2.8 1.7 2.4
v -2.7 1.6 2.4
v -2.6 1.6 2.4
v -2.6 1.7 2.4
v -1.8 1.7 2.4
v -1.8 1.8 2.4
v -1.8 1.9 2.4
v -1.7 0.9 2.4
v -1.7 1 2.4
v -1.7 1.7 2.4
v -1.7 1.9 2.4
v -1.6 0.9 2.4
v -1.6 1 2.4
v -2.7 1.5 2.3
v -2.7 1.6 2.3
v -2.6 1.4 2.3
v -2.6 1.5 2.3
v -2.5 1.3 2.3
v -2.5 1.4 2.3
v -2.5 1.5 2.3
v -2.5 1.6 2.3
v -2.4 1.2 2.3
v -2.4 1.3 2.3
v -2.4 1.4 2.3
v -2.4 1.5 2.3
v -2.3 1.2 2.3
v -2.3 1.4 2.3
v -2.2 0.9 2.3
v -2.2 1.2 2.3
v -2.2 1.3 2.3
v -2.2 1.4 2.3
v -2.2 1.5 2.3
v -2.1 0.9 2.3
v -2.1 1.2 2.3
v -2.1 1.3 2.3
v -2.1 1.4 2.3
v -2.1 1.5 2.3
v -2.1 1.6 2.3
v -2 1.4 2.3
v -2 1.5 2.3
v -2 1.6 2.3
v -2 1.7 2.3
v -1.9 1.1 2.3
v -1.9 1.2 2.3
v -1.9 1.5 2.3
v -1.9 1.6 2.3
v -1.9 1.7 2.3
v -1.9 1.8 2.3
v -1.8 1.2 2.3
v -1.8 1.3 2.3
v -1.8 1.6 2.3
v -1.8 1.8 2.3
v -1.7 1.1 2.3
v -1.7 1.2 2.3
v -1.6 0.9 2.3
v -1.6 1 2.3
v -1.5 0.9 2.3
v -1.5 1 2.3
v -2.3 1.2 2.2
v -2.3 1.3 2.2
v -2.2 1.3 2.2
v -2.1 1.2 2.2
v -2.1 1.3 2.2
v -1.5 0.9 2.2
v -1.5 1 2.2
v -1.4 0.9 2.2
v -1.4 1 2.2
v -2.3 1.3 2.1
v -2.3 1.4 2.1
v -2.2 1.3 2.1
v -2.2 1.4 2.1
v -1.4 0.9 2.1
v -1.4 1 2.1
v -1.3 0.9 2.1
v -1.3 1 2.1
v -2.3 1.4 2
v -2.3 1.5 2
v -2.2 1.4 2
v -2.2 1.5 2
v -1.3 0.9 2
v -1.3 1 2
v -1.2 0.9 2
v -1.2 1 2
v -2.2 1.4 1.9
v -2.2 1.5 1.9
v -2.1 1.4 1.9
v -2.1 1.5 1.9
v -1.8 1.3 1.9
v -1.8 1.4 1.9
v -1.6 1.3 1.9
v -1.6 1.4 1.9
v -1.2 0.9 1.9
v -1.2 1 1.9
v -1.1 0.9 1.9
v -1.1 1 1.9
v -2.2 1.5 1.8
v -2.2 1.6 1.8
v -2 1.5 1.8
v -2 1.6 1.8
v -1.8 1.2 1.8
v -1.8 1.3 1.8
v -1.6 1.2 1.8
v -1.6 1.3 1.8
v -1.1 0.9 1.8
v -1.1 1 1.8
v -1 0.9 1.8
v -1 1 1.8
v -1.8 1.1 1.7
v -1.8 1.2 1.7
v -1.6 1.1 1.7
v -1.6 1.2 1.7
v -1 0.9 1.7
v -1 1 1.7
v -0.9 0.9 1.7
v -0.9 1 1.7
v -0.9 0.9 1.6
v -0.9 1 1.6
v -0.8 0.9 1.6
v -0.8 1 1.6
v -2.6 0.9 1.5
v -2.6 1 1.5
v -2.5 0.9 1.5
v -2.5 1 1.5
v -2.2 1.3 1.5
v -2.2 1.4 1.5
v -2.1 1.2 1.5
v -2.1 1.3 1.5
v -2 1.1 1.5
v -2 1.2 1.5
v -2 1.3 1.5
v -2 1.4 1.5
v -1.9 1 1.5
v -1.9 1.1 1.5
v -1.9 1.2 1.5
v -1.9 1.3 1.5
v -1.8 0.9 1.5
v -1.8 1 1.5
v -1.8 1.2 1.5
v -1.6 0.9 1.5
v -1.6 1 1.5
v -1.6 1.2 1.5
v -1.5 1 1.5
v -1.5 1.1 1.5
v -1.5 1.2 1.5
v -1.5 1.3 1.5
v -1.4 1.1 1.5
v -1.4 1.2 1.5
v -1.4 1.3 1.5
v -1.4 1.4 1.5
v -1.3 1.2 1.5
v -1.3 1.3 1.5
v -1.2 1.3 1.5
v -1.2 1.4 1.5
v -0.8 0.9 1.5
v -0.8 1 1.5
v -0.7 0.9 1.5
v -0.7 1 1.5
v -1.8 1 1.4
v -1.8 1.1 1.4
v -1.6 1 1.4
v -1.6 1.1 1.4
v -0.7 0.9 1.4
v -0.7 1 1.4
v -0.6 0.9 1.4
v -0.6 1 1.4
v -1.8 1.1 1.3
v -1.8 1.2 1.3
v -1.6 1.1 1.3
v -1.6 1.2 1.3
v -0.6 0.9 1.3
v -0.6 1 1.3
v -0.5 0.9 1.3
v -0.5 1 1.3
v -2.2 1 1.2
v -2.2 1.1 1.2
v -2 1 1.2
v -2 1.1 1.2
v -1.8 1.2 1.2
v -1.8 1.3 1.2
v -1.6 1.2 1.2
v -1.6 1.3 1.2
v -1 0.9 1.2
v -1 1 1.2
v -0.9 0.9 1.2
v -0.9 1 1.2
v -0.5 0.9 1.2
v -0.5 1 1.2
v -0.4 0.9 1.2
v -0.4 1 1.2
v -2.2 1.1 1.1
v -2.2 1.2 1.1
v -2 1.1 1.1
v -2 1.2 1.1
v -1.8 1.3 1.1
v -1.8 1.4 1.1
v -1.6 1.3 1.1
v -1.6 1.4 1.1
v -1.1 1.8 1.1
v -1.1 1.9 1.1
v -1 1.3 1.1
v -1 1.4 1.1
v -0.9 1.3 1.1
v -0.9 1.4 1.1
v -0.9 1.8 1.1
v -0.9 1.9 1.1
v -0.4 0.9 1.1
v -0.4 1 1.1
v -0.3 0.9 1.1
v -0.3 1 1.1
v -2.2 1 1
v -2.2 1.1 1
v -2 1 1
v -2 1.1 1
v -0.3 0.9 1
v -0.3 1 1
v -0.2 0.9 1
v -0.2 1 1
v -1.5 1.4 0.9
v -1.5 1.5 0.9
v -1.3 1.4 0.9
v -1.3 1.5 0.9
v -1.1 1.2 0.9
v -1.1 1.3 0.9
v -1.1 1.9 0.9
v -1.1 2 0.9
v -1.1 2.5 0.9
v -1.1 2.6 0.9
v -0.9 1.2 0.9
v -0.9 1.3 0.9
v -0.9 1.9 0.9
v -0.9 2 0.9
v -0.9 2.5 0.9
v -0.9 2.6 0.9
v -0.2 0.9 0.9
v -0.2 1 0.9
v -0.0999999 0.9 0.9
v -0.0999999 1 0.9
v -2.5 1 0.8
v -2.5 1.1 0.8
v -2.4 1 0.8
v -2.4 1.1 0.8
v -2.4 1.2 0.8
v -2.3 1 0.8
v -2.3 1.1 0.8
v -2.3 1.2 0.8
v -2.2 0.9 0.8
v -2.2 1 0.8
v -2.2 1.1 0.8
v -2 0.9 0.8
v -2 1 0.8
v -2 1.1 0.8
v -1.9 1 0.8
v -1.9 1.1 0.8
v -1.9 1.2 0.8
v -1.8 1 0.8
v -1.8 1.1 0.8
v -1.8 1.2 0.8
v -1.7 1 0.8
v -1.7 1.1 0.8
v -1.5 1.5 0.8
v -1.5 1.6 0.8
v -1.3 1.5 0.8
v -1.3 1.6 0.8
v -1.1 2.4 0.8
v -1.1 2.5 0.8
v -0.9 2.4 0.8
v -0.9 2.5 0.8
v -0.0999999 0.9 0.8
v -0.0999999 1 0.8
v 2.38419e-07 0.9 0.8
v 2.38419e-07 1 0.8
v -2.2 1 0.7
v -2.2 1.1 0.7
v -2 1 0.7
v -2 1.1 0.7
v -0.7 1.3 0.7
v -0.7 1.4 0.7
v -0.6 1.2 0.7
v -0.6 1.3 0.7
v -0.6 1.4 0.7
v -0.5 1.2 0.7
v -0.5 1.3 0.7
v 2.38419e-07 0.9 0.7
v 2.38419e-07 1 0.7
v 0.1 0.9 0.7
v 0.1 1 0.7
v -2.2 1.1 0.6
v -2.2 1.2 0.6
v -2 1.1 0.6
v -2 1.2 0.6
v -1.6 1.8 0.6
v -1.6 1.9 0.6
v -1.5 1.7 0.6
v -1.5 1.8 0.6
v -1.5 1.9 0.6
v -1.5 2 0.6
v -1.5 2.1 0.6
v -1.4 1.2 0.6
v -1.4 1.3 0.6
v -1.4 1.8 0.6
v -1.4 1.9 0.6
v -1.4 2 0.6
v -1.4 2.1 0.6
v -1.4 2.5 0.6
v -1.4 2.6 0.6
v -1.3 1.1 0.6
v -1.3 1.2 0.6
v -1.3 1.7 0.6
v -1.3 1.8 0.6
v -1.3 1.9 0.6
v -1.3 2.4 0.6
v -1.3 2.5 0.6
v -1.2 1 0.6
v -1.2 1.1 0.6
v -1.2 1.2 0.6
v -1.2 1.3 0.6
v -1.2 1.7 0.6
v -1.2 1.8 0.6
v -1.2 1.9 0.6
v -1.2 2 0.6
v -1.2 2.3 0.6
v -1.2 2.4 0.6
v -1.2 2.5 0.6
v -1.2 2.6 0.6
v -1.1 0.9 0.6
v -1.1 1 0.6
v -1.1 1.2 0.6
v -1.1 1.7 0.6
v -1.1 1.9 0.6
v -1.1 2.3 0.6
v -1.1 2.5 0.6
v -0.9 0.9 0.6
v -0.9 1 0.6
v -0.9 1.2 0.6
v -0.9 1.7 0.6
v -0.9 1.9 0.6
v -0.9 2.3 0.6
v -0.9 2.5 0.6
v -0.8 1 0.6
v -0.8 1.1 0.6
v -0.8 1.2 0.6
v -0.8 1.3 0.6
v -0.8 1.4 0.6
v -0.8 1.7 0.6
v -0.8 1.8 0.6
v -0.8 1.9 0.6
v -0.8 2 0.6
v -0.8 2.3 0.6
v -0.8 2.4 0.6
v -0.8 2.5 0.6
v -0.8 2.6 0.6
v -0.7 1.1 0.6
v -0.7 1.2 0.6
v -0.7 1.3 0.6
v -0.7 1.4 0.6
v -0.7 1.8 0.6
v -0.7 1.9 0.6
v -0.7 2.4 0.6
v -0.7 2.5 0.6
v -0.6 1.2 0.6
v -0.6 1.3 0.6
v -0.6 1.8 0.6
v -0.6 1.9 0.6
v -0.6 2.5 0.6
v -0.6 2.6 0.6
v -0.5 1.7 0.6
v -0.5 1.8 0.6
v -0.5 1.9 0.6
v -0.5 2 0.6
v -0.4 1.7 0.6
v -0.4 1.8 0.6
v -0.4 1.9 0.6
v 0.1 0.9 0.6
v 0.1 1 0.6
v 0.2 0.9 0.6
v 0.2 1 0.6
v -2.2 1 0.5
v -2.2 1.1 0.5
v -2 1 0.5
v -2 1.1 0.5
v -1.5 1.6 0.5
v -1.5 1.7 0.5
v -1.3 1.6 0.5
v -1.3 1.7 0.5
v -1.1 1 0.5
v -1.1 1.1 0.5
v -1.1 1.7 0.5
v -1.1 1.8 0.5
v -1.1 2.3 0.5
v -1.1 2.4 0.5
v -0.9 1 0.5
v -0.9 1.1 0.5
v -0.9 1.7 0.5
v -0.9 1.8 0.5
v -0.9 2.3 0.5
v -0.9 2.4 0.5
v 0.2 0.9 0.5
v 0.2 1 0.5
v 0.3 0.9 0.5
v 0.3 1 0.5
v -1.5 1.5 0.4
v -1.5 1.6 0.4
v -1.3 1.5 0.4
v -1.3 1.6 0.4
v -1.1 1.1 0.4
v -1.1 1.2 0.4
v -1.1 1.8 0.4
v -1.1 1.9 0.4
v -1.1 2.4 0.4
v -1.1 2.5 0.4
v -1.1 2.6 0.4
v -1.1 2.7 0.4
v -1 2.6 0.4
v -1 2.7 0.4
v -0.9 1.1 0.4
v -0.9 1.2 0.4
v -0.9 1.8 0.4
v -0.9 1.9 0.4
v -0.9 2.4 0.4
v -0.9 2.5 0.4
v -0.9 2.6 0.4
v -0.8 2.5 0.4
v -0.8 2.6 0.4
v 0.3 0.9 0.4
v 0.3 1 0.4
v 0.4 0.9 0.4
v 0.4 1 0.4
v -1.5 1.4 0.3
v -1.5 1.5 0.3
v -1.3 1.4 0.3
v -1.3 1.5 0.3
v -1.1 1.2 0.3
v -1.1 1.3 0.3
v -1.1 2.5 0.3
v -1.1 2.6 0.3
v -1 1.3 0.3
v -1 2 0.3
v -1 2.1 0.3
v -1 2.6 0.3
v -1 2.7 0.3
v -0.9 1.2 0.3
v -0.9 1.3 0.3
v -0.9 1.9 0.3
v -0.9 2 0.3
v -0.9 2.1 0.3
v -0.9 2.5 0.3
v -0.9 2.6 0.3
v -0.9 2.7 0.3
v -0.8 1.9 0.3
v -0.8 2 0.3
v -0.2 0.9 0.3
v -0.2 1 0.3
v 2.38419e-07 0.9 0.3
v 2.38419e-07 1 0.3
v 0.4 0.9 0.3
v 0.4 1 0.3
v 0.5 0.9 0.3
v 0.5 1 0.3
v -1.8 1.3 0.2
v -1.8 1.4 0.2
v -1.7 1.3 0.2
v -1.7 1.4 0.2
v -1.5 1.3 0.2
v -1.5 1.4 0.2
v -1.3 1.3 0.2
v -1.3 1.4 0.2
v -1.1 1.3 0.2
v -1.1 1.4 0.2
v -1 1.3 0.2
v -1 1.4 0.2
v -1 1.9 0.2
v -1 2 0.2
v -0.9 1.9 0.2
v -0.9 2 0.2
v 0.5 0.9 0.2
v 0.5 1 0.2
v 0.6 0.9 0.2
v 0.6 1 0.2
v -1.7 1.4 0.0999997
v -1.7 1.5 0.0999997
v -1.6 1.4 0.0999997
v -1.6 1.5 0.0999997
v -1.5 1.2 0.0999997
v -1.5 1.3 0.0999997
v -1.3 1.2 0.0999997
v -1.3 1.3 0.0999997
v -1.2 1.4 0.0999997
v -1.2 1.5 0.0999997
v -1.1 1.4 0.0999997
v -1.1 1.5 0.0999997
v -1.1 1.8 0.0999997
v -1.1 1.9 0.0999997
v -1.1 2 0.0999997
v -1 1.9 0.0999997
v -1 2 0.0999997
v -0.9 1.8 0.0999997
v -0.9 1.9 0.0999997
v -0.7 0.9 0.0999997
v -0.7 1 0.0999997
v -0.4 0.9 0.0999997
v -0.4 1 0.0999997
v 0.5 1.3 0.0999997
v 0.5 1.4 0.0999997
v 0.6 0.9 0.0999997
v 0.6 1 0.0999997
v 0.7 0.9 0.0999997
v 0.7 1 0.0999997
v 0.7 1.3 0.0999997
v 0.7 1.4 0.0999997
v -2.3 0.9 -2.38419e-07
v -2.3 1 -2.38419e-07
v -2.2 0.9 -2.38419e-07
v -2.2 1 -2.38419e-07
v -1.6 1.3 -2.38419e-07
v -1.6 1.4 -2.38419e-07
v -1.5 1.3 -2.38419e-07
v -1.5 1.4 -2.38419e-07
v -1.3 1.3 -2.38419e-07
v -1.3 1.4 -2.38419e-07
v -1.2 1.3 -2.38419e-07
v -1.2 1.4 -2.38419e-07
v 0.5 1.2 -2.38419e-07
v 0.5 1.3 -2.38419e-07
v 0.7 0.9 -2.38419e-07
v 0.7 1 -2.38419e-07
v 0.7 1.2 -2.38419e-07
v 0.7 1.3 -2.38419e-07
v 0.8 0.9 -2.38419e-07
v 0.8 1 -2.38419e-07
v 0.5 1.1 -0.1
v 0.5 1.2 -0.1
v 0.7 1.1 -0.1
v 0.7 1.2 -0.1
v 0.8 0.9 -0.1
v 0.8 1 -0.1
v 0.9 0.9 -0.1
v 0.9 1 -0.1
v -2.6 1.4 -0.2
v -2.6 1.5 -0.2
v -2.5 1.5 -0.2
v -2.5 1.6 -0.2
v -2.4 1.4 -0.2
v -2.4 1.5 -0.2
v -2.4 1.6 -0.2
v -2.4 1.7 -0.2
v -2.3 1.5 -0.2
v -2.3 1.6 -0.2
v -2.3 1.7 -0.2
v -2.3 1.8 -0.2
v -2.1 1.5 -0.2
v -2.1 1.6 -0.2
v -2.1 1.7 -0.2
v -2.1 1.8 -0.2
v -2 1.4 -0.2
v -2 1.5 -0.2
v -2 1.6 -0.2
v -2 1.7 -0.2
v -1.9 1.3 -0.2
v -1.9 1.4 -0.2
v -1.9 1.5 -0.2
v -1.9 1.6 -0.2
v -1.8 1.2 -0.2
v -1.8 1.3 -0.2
v -1.8 1.4 -0.2
v -1.8 1.5 -0.2
v -1.7 1.1 -0.2
v -1.7 1.2 -0.2
v -1.7 1.3 -0.2
v -1.7 1.4 -0.2
v -1.6 1 -0.2
v -1.6 1.1 -0.2
v -1.6 1.2 -0.2
v -1.6 1.3 -0.2
v -1.5 0.9 -0.2
v -1.5 1 -0.2
v -1.5 1.2 -0.2
v -1.5 1.3 -0.2
v -1.3 0.9 -0.2
v -1.3 1 -0.2
v -1.3 1.2 -0.2
v -1.3 1.3 -0.2
v -1.2 1 -0.2
v -1.2 1.1 -0.2
v -1.2 1.2 -0.2
v -1.2 1.3 -0.2
v -1.1 1.1 -0.2
v -1.1 1.2 -0.2
v -1.1 1.3 -0.2
v -1.1 1.4 -0.2
v -1 1.2 -0.2
v -1 1.3 -0.2
v -1 1.4 -0.2
v -1 1.5 -0.2
v -0.9 1.3 -0.2
v -0.9 1.4 -0.2
v -0.9 1.5 -0.2
v -0.9 1.6 -0.2
v -0.8 1.4 -0.2
v -0.8 1.5 -0.2
v -0.8 1.6 -0.2
v -0.8 1.7 -0.2
v -0.7 1.5 -0.2
v -0.7 1.6 -0.2
v -0.7 1.7 -0.2
v -0.7 1.8 -0.2
v -0.6 1.6 -0.2
v -0.6 1.8 -0.2
v -0.5 1.5 -0.2
v -0.5 1.6 -0.2
v -0.5 1.7 -0.2
v -0.5 1.8 -0.2
v -0.4 1.4 -0.2
v -0.4 1.5 -0.2
v -0.4 1.6 -0.2
v -0.4 1.7 -0.2
v -0.3 1.5 -0.2
v -0.3 1.6 -0.2
v -0.2 1.4 -0.2
v -0.2 1.5 -0.2
v 0.9 0.9 -0.2
v 0.9 1 -0.2
v 1 0.9 -0.2
v 1 1 -0.2
v -1.6 1.3 -0.3
v -1.6 1.4 -0.3
v -1.5 1 -0.3
v -1.5 1.1 -0.3
v -1.5 1.3 -0.3
v -1.5 1.4 -0.3
v -1.3 1 -0.3
v -1.3 1.1 -0.3
v -1.3 1.3 -0.3
v -1.3 1.4 -0.3
v -1.2 1.3 -0.3
v -1.2 1.4 -0.3
v -0.6 1.2 -0.3
v -0.6 1.3 -0.3
v -0.4 1.2 -0.3
v -0.4 1.3 -0.3
v 0.1 1.3 -0.3
v 0.1 1.4 -0.3
v 0.2 1.2 -0.3
v 0.2 1.3 -0.3
v 0.3 1.1 -0.3
v 0.3 1.2 -0.3
v 0.3 1.3 -0.3
v 0.3 1.4 -0.3
v 0.4 1 -0.3
v 0.4 1.1 -0.3
v 0.4 1.2 -0.3
v 0.4 1.3 -0.3
v 0.5 0.9 -0.3
v 0.5 1 -0.3
v 0.5 1.2 -0.3
v 0.7 0.9 -0.3
v 0.7 1 -0.3
v 0.7 1.2 -0.3
v 0.8 1 -0.3
v 0.8 1.1 -0.3
v 0.8 1.2 -0.3
v 0.8 1.3 -0.3
v 0.9 1.1 -0.3
v 0.9 1.2 -0.3
v 0.9 1.3 -0.3
v 0.9 1.4 -0.3
v 1 0.9 -0.3
v 1 1 -0.3
v 1 1.2 -0.3
v 1 1.3 -0.3
v 1.1 0.9 -0.3
v 1.1 1 -0.3
v 1.1 1.3 -0.3
v 1.1 1.4 -0.3
v -2.6 3.9 -0.4
v -2.6 4.3 -0.4
v -2.5 3.9 -0.4
v -2.5 4.3 -0.4
v -1.7 1.4 -0.4
v -1.7 1.5 -0.4
v -1.6 1.4 -0.4
v -1.6 1.5 -0.4
v -1.5 1.1 -0.4
v -1.5 1.2 -0.4
v -1.3 1.1 -0.4
v -1.3 1.2 -0.4
v -1.2 1.4 -0.4
v -1.2 1.5 -0.4
v -1.1 1.4 -0.4
v -1.1 1.5 -0.4
v -0.6 1.1 -0.4
v -0.6 1.2 -0.4
v -0.4 1.1 -0.4
v -0.4 1.2 -0.4
v 0.5 1 -0.4
v 0.5 1.1 -0.4
v 0.7 1 -0.4
v 0.7 1.1 -0.4
v 1.1 0.9 -0.4
v 1.1 1 -0.4
v 1.2 0.9 -0.4
v 1.2 1 -0.4
v -2.7 4.4 -0.5
v -2.7 4.5 -0.5
v -2.6 4.3 -0.5
v -2.6 4.4 -0.5
v -2.6 4.5 -0.5
v -2.5 2.3 -0.5
v -2.5 2.7 -0.5
v -2.5 2.8 -0.5
v -2.4 2.3 -0.5
v -2.4 2.7 -0.5
v -2.4 2.8 -0.5
v -2.4 4.3 -0.5
v -2.4 4.4 -0.5
v -1.8 1 -0.5
v -1.8 1.1 -0.5
v -1.8 1.3 -0.5
v -1.8 1.4 -0.5
v -1.7 1.3 -0.5
v -1.7 1.4 -0.5
v -1.6 1 -0.5
v -1.6 1.1 -0.5
v -1.5 1.2 -0.5
v -1.5 1.3 -0.5
v -1.3 1.2 -0.5
v -1.3 1.3 -0.5
v -1.1 1.3 -0.5
v -1.1 1.4 -0.5
v -1 1.3 -0.5
v -1 1.4 -0.5
v 0.5 1.1 -0.5
v 0.5 1.2 -0.5
v 0.7 1.1 -0.5
v 0.7 1.2 -0.5
v 1.2 0.9 -0.5
v 1.2 1 -0.5
v 1.3 0.9 -0.5
v 1.3 1 -0.5
v -2.6 2.7 -0.6
v -2.6 2.8 -0.6
v -2.6 2.9 -0.6
v -2.6 4.4 -0.6
v -2.6 4.5 -0.6
v -2.5 2.7 -0.6
v -2.5 2.8 -0.6
v -2.4 2.8 -0.6
v -2.4 2.9 -0.6
v -2.4 4.4 -0.6
v -2.4 4.5 -0.6
v -1.8 1.1 -0.6
v -1.8 1.2 -0.6
v -1.6 1.1 -0.6
v -1.6 1.2 -0.6
v -1.5 1.3 -0.6
v -1.5 1.4 -0.6
v -1.3 1.3 -0.6
v -1.3 1.4 -0.6
v -0.9 1.2 -0.6
v -0.9 1.3 -0.6
v -0.8 1.1 -0.6
v -0.8 1.2 -0.6
v -0.7 1 -0.6
v -0.7 1.1 -0.6
v -0.7 1.2 -0.6
v -0.7 1.3 -0.6
v -0.6 0.9 -0.6
v -0.6 1 -0.6
v -0.6 1.2 -0.6
v -0.4 0.9 -0.6
v -0.4 1 -0.6
v -0.4 1.2 -0.6
v -0.3 1 -0.6
v -0.3 1.1 -0.6
v -0.3 1.2 -0.6
v -0.3 1.3 -0.6
v -0.2 1.1 -0.6
v -0.2 1.2 -0.6
v -0.0999999 1.2 -0.6
v -0.0999999 1.3 -0.6
v 0.5 1.2 -0.6
v 0.5 1.3 -0.6
v 0.7 1.2 -0.6
v 0.7 1.3 -0.6
v 1.3 0.9 -0.6
v 1.3 1 -0.6
v 1.4 0.9 -0.6
v 1.4 1 -0.6
v -1.8 1 -0.7
v -1.8 1.1 -0.7
v -1.6 1 -0.7
v -1.6 1.1 -0.7
v -1.5 1.4 -0.7
v -1.5 1.5 -0.7
v -1.3 1.4 -0.7
v -1.3 1.5 -0.7
v -0.6 1 -0.7
v -0.6 1.1 -0.7
v -0.4 1 -0.7
v -0.4 1.1 -0.7
v 0.5 1.3 -0.7
v 0.5 1.4 -0.7
v 0.7 1.3 -0.7
v 0.7 1.4 -0.7
v 1.3 1.4 -0.7
v 1.3 1.5 -0.7
v 1.3 2.2 -0.7
v 1.3 2.3 -0.7
v 1.3 3.1 -0.7
v 1.3 3.2 -0.7
v 1.3 4 -0.7
v 1.3 4.1 -0.7
v 1.4 0.9 -0.7
v 1.4 1 -0.7
v 1.4 2.3 -0.7
v 1.5 0.9 -0.7
v 1.5 1 -0.7
v 1.5 1.4 -0.7
v 1.5 1.5 -0.7
v 1.5 2.2 -0.7
v 1.5 2.3 -0.7
v 1.5 3.1 -0.7
v 1.5 3.2 -0.7
v 1.5 4 -0.7
v 1.5 4.1 -0.7
v -2.6 2.9 -0.8
v -2.6 3 -0.8
v -2.6 4.5 -0.8
v -2.6 4.6 -0.8
v -2.4 2.9 -0.8
v -2.4 3 -0.8
v -2.4 4.5 -0.8
v -2.4 4.6 -0.8
v -2.3 0.9 -0.8
v -2.3 1 -0.8
v -2.2 0.9 -0.8
v -2.2 1 -0.8
v -1.5 1.5 -0.8
v -1.5 1.6 -0.8
v -1.3 1.5 -0.8
v -1.3 1.6 -0.8
v -0.6 1.1 -0.8
v -0.6 1.2 -0.8
v -0.4 1.1 -0.8
v -0.4 1.2 -0.8
v 1.3 1.5 -0.8
v 1.3 1.6 -0.8
v 1.3 2.3 -0.8
v 1.3 2.4 -0.8
v 1.3 3.2 -0.8
v 1.3 3.3 -0.8
v 1.3 4.1 -0.8
v 1.3 4.2 -0.8
v 1.4 2.3 -0.8
v 1.4 2.4 -0.8
v 1.5 0.9 -0.8
v 1.5 1 -0.8
v 1.5 1.5 -0.8
v 1.5 1.6 -0.8
v 1.5 2.3 -0.8
v 1.5 2.4 -0.8
v 1.5 3.2 -0.8
v 1.5 3.3 -0.8
v 1.5 4.1 -0.8
v 1.5 4.2 -0.8
v 1.6 0.9 -0.8
v 1.6 1 -0.8
v -2.5 2.8 -0.9
v -2.5 2.9 -0.9
v -2.4 2.8 -0.9
v -2.4 2.9 -0.9
v -2.1 1 -0.9
v -2.1 1.1 -0.9
v -2 1 -0.9
v -2 1.1 -0.9
v -2 1.2 -0.9
v -1.9 1 -0.9
v -1.9 1.1 -0.9
v -1.9 1.2 -0.9
v -1.8 0.9 -0.9
v -1.8 1 -0.9
v -1.8 1.1 -0.9
v -1.6 0.9 -0.9
v -1.6 1 -0.9
v -1.6 1.1 -0.9
v -1.5 1 -0.9
v -1.5 1.1 -0.9
v -1.5 1.2 -0.9
v -1.4 1 -0.9
v -1.4 1.1 -0.9
v -1.4 1.2 -0.9
v -1.3 1 -0.9
v -1.3 1.1 -0.9
v -0.6 1.2 -0.9
v -0.6 1.3 -0.9
v -0.4 1.2 -0.9
v -0.4 1.3 -0.9
v -0.3 1.4 -0.9
v -0.3 1.5 -0.9
v -0.2 1.4 -0.9
v -0.2 1.5 -0.9
v 0.7 1.2 -0.9
v 0.7 1.3 -0.9
v 0.9 1.2 -0.9
v 0.9 1.3 -0.9
v 1.6 0.9 -0.9
v 1.6 1 -0.9
v 1.7 0.9 -0.9
v 1.7 1 -0.9
v -3 4.4 -1
v -3 4.5 -1
v -2.9 4.4 -1
v -2.9 4.5 -1
v -2.6 1.4 -1
v -2.6 2.6 -1
v -2.6 2.8 -1
v -2.6 2.9 -1
v -2.6 3.8 -1
v -2.5 1.4 -1
v -2.5 2.6 -1
v -2.5 2.8 -1
v -2.5 3.8 -1
v -2.2 2.8 -1
v -2.2 2.9 -1
v -2.2 4.3 -1
v -2.2 4.4 -1
v -2.2 4.5 -1
v -2.1 2.5 -1
v -2.1 2.8 -1
v -2.1 2.9 -1
v -2.1 4.3 -1
v -2.1 4.4 -1
v -2.1 4.5 -1
v -2 2.5 -1
v -2 2.6 -1
v -2 2.7 -1
v -2 2.8 -1
v -2 4.1 -1
v -2 4.3 -1
v -1.9 2.6 -1
v -1.9 2.7 -1
v -1.9 4.1 -1
v -1.9 4.3 -1
v -1.8 1 -1
v -1.8 1.1 -1
v -1.7 1.5 -1
v -1.7 1.6 -1
v -1.6 1 -1
v -1.6 1.1 -1
v -1.6 1.5 -1
v -1.6 1.6 -1
v -1.5 1.7 -1
v -1.5 1.8 -1
v -1.4 1.7 -1
v -1.4 1.8 -1
v -1.3 1.7 -1
v -1.3 1.8 -1
v -1.1 0.9 -1
v -1.1 1 -1
v -1 0.9 -1
v -1 1 -1
v -0.3 1.3 -1
v -0.3 1.4 -1
v -0.2 0.9 -1
v -0.2 1 -1
v -0.0999999 0.9 -1
v -0.0999999 1 -1
v -0.0999999 1.3 -1
v -0.0999999 1.4 -1
v 0.7 1.1 -1
v 0.7 1.2 -1
v 0.9 1.1 -1
v 0.9 1.2 -1
v 1.3 1.7 -1
v 1.3 1.8 -1
v 1.3 2.5 -1
v 1.3 2.6 -1
v 1.3 3.4 -1
v 1.3 3.5 -1
v 1.3 4.3 -1
v 1.3 4.4 -1
v 1.5 1.7 -1
v 1.5 1.8 -1
v 1.5 2.5 -1
v 1.5 2.6 -1
v 1.5 3.4 -1
v 1.5 3.5 -1
v 1.5 4.3 -1
v 1.5 4.4 -1
v 1.7 0.9 -1
v 1.7 1 -1
v 1.8 0.9 -1
v 1.8 1 -1
v -3 4 -1.1
v -3 4.4 -1.1
v -2.9 2.6 -1.1
v -2.9 2.7 -1.1
v -2.9 2.8 -1.1
v -2.9 3 -1.1
v -2.9 4 -1.1
v -2.9 4.2 -1.1
v -2.9 4.3 -1.1
v -2.9 4.4 -1.1
v -2.9 4.5 -1.1
v -2.9 4.6 -1.1
v -2.8 2.5 -1.1
v -2.8 2.6 -1.1
v -2.8 2.7 -1.1
v -2.8 2.8 -1.1
v -2.8 2.9 -1.1
v -2.8 4.2 -1.1
v -2.8 4.3 -1.1
v -2.8 4.4 -1.1
v -2.8 4.5 -1.1
v -2.7 2.5 -1.1
v -2.7 2.7 -1.1
v -2.7 2.8 -1.1
v -2.7 2.9 -1.1
v -2.7 3 -1.1
v -2.7 4.3 -1.1
v -2.7 4.4 -1.1
v -2.7 4.5 -1.1
v -2.7 4.6 -1.1
v -2.7 4.7 -1.1
v -2.6 0.9 -1.1
v -2.6 1.4 -1.1
v -2.6 2.6 -1.1
v -2.6 2.7 -1.1
v -2.6 2.9 -1.1
v -2.6 3.8 -1.1
v -2.6 4.3 -1.1
v -2.6 4.5 -1.1
v -2.6 4.6 -1.1
v -2.6 4.7 -1.1
v -2.6 4.8 -1.1
v -2.5 1.4 -1.1
v -2.5 2.6 -1.1
v -2.5 2.9 -1.1
v -2.5 3.8 -1.1
v -2.4 0.9 -1.1
v -2.4 2.7 -1.1
v -2.4 2.9 -1.1
v -2.4 4.3 -1.1
v -2.4 4.5 -1.1
v -2.4 4.6 -1.1
v -2.4 4.7 -1.1
v -2.4 4.8 -1.1
v -2.3 2.7 -1.1
v -2.3 2.8 -1.1
v -2.3 2.9 -1.1
v -2.3 3 -1.1
v -2.3 4.3 -1.1
v -2.3 4.4 -1.1
v -2.3 4.5 -1.1
v -2.3 4.6 -1.1
v -2.3 4.7 -1.1
v -2.2 2.8 -1.1
v -2.2 2.9 -1.1
v -2.2 4.4 -1.1
v -2.2 4.5 -1.1
v -2.1 2.8 -1.1
v -2.1 2.9 -1.1
v -2.1 4.4 -1.1
v -2.1 4.5 -1.1
v -2 2.7 -1.1
v -2 2.8 -1.1
v -2 2.9 -1.1
v -2 3 -1.1
v -2 4.3 -1.1
v -2 4.4 -1.1
v -2 4.5 -1.1
v -2 4.6 -1.1
v -1.9 2.7 -1.1
v -1.9 2.9 -1.1
v -1.9 4.3 -1.1
v -1.9 4.5 -1.1
v -1.8 1.1 -1.1
v -1.8 1.2 -1.1
v -1.8 1.4 -1.1
v -1.8 1.5 -1.1
v -1.8 1.6 -1.1
v -1.7 1.4 -1.1
v -1.7 1.6 -1.1
v -1.6 1.1 -1.1
v -1.6 1.2 -1.1
v -1.5 1.6 -1.1
v -1.5 1.7 -1.1
v -1.3 1.6 -1.1
v -1.3 1.7 -1.1
v -1.2 0.9 -1.1
v -1.2 1 -1.1
v -1.1 0.9 -1.1
v -1.1 1 -1.1
v -0.3 1.2 -1.1
v -0.3 1.3 -1.1
v -0.0999999 0.9 -1.1
v -0.0999999 1 -1.1
v -0.0999999 1.2 -1.1
v -0.0999999 1.3 -1.1
v 2.38419e-07 0.9 -1.1
v 2.38419e-07 1 -1.1
v 1.3 1.6 -1.1
v 1.3 1.7 -1.1
v 1.3 2.4 -1.1
v 1.3 2.5 -1.1
v 1.3 3.3 -1.1
v 1.3 3.4 -1.1
v 1.3 4.2 -1.1
v 1.3 4.3 -1.1
v 1.5 1.6 -1.1
v 1.5 1.7 -1.1
v 1.5 2.4 -1.1
v 1.5 2.5 -1.1
v 1.5 3.3 -1.1
v 1.5 3.4 -1.1
v 1.5 4.2 -1.1
v 1.5 4.3 -1.1
v 1.8 0.9 -1.1
v 1.8 1 -1.1
v 1.9 0.9 -1.1
v 1.9 1 -1.1
v -2.9 2.7 -1.2
v -2.9 2.8 -1.2
v -2.9 4.3 -1.2
v -2.9 4.5 -1.2
v -2.8 2.7 -1.2
v -2.8 2.8 -1.2
v -2.8 2.9 -1.2
v -2.8 4.3 -1.2
v -2.8 4.5 -1.2
v -2.7 2.8 -1.2
v -2.7 2.9 -1.2
v -2.6 2.7 -1.2
v -2.6 2.8 -1.2
v -2.6 4.3 -1.2
v -2.6 4.4 -1.2
v -2.6 4.6 -1.2
v -2.6 4.7 -1.2
v -2.5 2.7 -1.2
v -2.5 2.8 -1.2
v -2.4 4.3 -1.2
v -2.4 4.4 -1.2
v -2.4 4.6 -1.2
v -2.4 4.7 -1.2
v -1.9 1.4 -1.2
v -1.9 1.5 -1.2
v -1.8 1 -1.2
v -1.8 1.1 -1.2
v -1.8 1.4 -1.2
v -1.8 1.5 -1.2
v -1.6 1 -1.2
v -1.6 1.1 -1.2
v -1.5 1.5 -1.2
v -1.5 1.6 -1.2
v -1.3 1.5 -1.2
v -1.3 1.6 -1.2
v -0.3 1.1 -1.2
v -0.3 1.2 -1.2
v -0.0999999 1.1 -1.2
v -0.0999999 1.2 -1.2
v 0.4 1.2 -1.2
v 0.4 1.3 -1.2
v 0.5 1.1 -1.2
v 0.5 1.2 -1.2
v 0.6 1 -1.2
v 0.6 1.1 -1.2
v 0.6 1.2 -1.2
v 0.6 1.3 -1.2
v 0.7 0.9 -1.2
v 0.7 1 -1.2
v 0.7 1.2 -1.2
v 0.9 0.9 -1.2
v 0.9 1 -1.2
v 0.9 1.2 -1.2
v 1 1 -1.2
v 1 1.1 -1.2
v 1 1.2 -1.2
v 1 1.3 -1.2
v 1.1 1.1 -1.2
v 1.1 1.2 -1.2
v 1.2 1.2 -1.2
v 1.2 1.3 -1.2
v 1.3 1.5 -1.2
v 1.3 1.6 -1.2
v 1.3 2.3 -1.2
v 1.3 2.4 -1.2
v 1.3 3.2 -1.2
v 1.3 3.3 -1.2
v 1.3 4.1 -1.2
v 1.3 4.2 -1.2
v 1.4 0.9 -1.2
v 1.4 1 -1.2
v 1.5 0.9 -1.2
v 1.5 1 -1.2
v 1.5 1.5 -1.2
v 1.5 1.6 -1.2
v 1.5 2.3 -1.2
v 1.5 2.4 -1.2
v 1.5 3.2 -1.2
v 1.5 3.3 -1.2
v 1.5 4.1 -1.2
v 1.5 4.2 -1.2
v 1.9 0.9 -1.2
v 1.9 1 -1.2
v 2 0.9 -1.2
v 2 1 -1.2
v -2.6 4.4 -1.3
v -2.6 4.5 -1.3
v -2.5 2.5 -1.3
v -2.5 2.8 -1.3
v -2.5 2.9 -1.3
v -2.4 2.5 -1.3
v -2.4 2.8 -1.3
v -2.4 2.9 -1.3
v -2.4 4.4 -1.3
v -2.4 4.5 -1.3
v -1.9 1.3 -1.3
v -1.9 1.4 -1.3
v -1.8 1.3 -1.3
v -1.8 1.4 -1.3
v -1.5 1.4 -1.3
v -1.5 1.5 -1.3
v -1.5 1.9 -1.3
v -1.5 2 -1.3
v -1.4 1.9 -1.3
v -1.4 2 -1.3
v -1.3 1.4 -1.3
v -1.3 1.5 -1.3
v -1 1 -1.3
v -1 1.1 -1.3
v -0.8 1 -1.3
v -0.8 1.1 -1.3
v -0.8 1.3 -1.3
v -0.8 1.4 -1.3
v -0.7 1.3 -1.3
v -0.7 1.4 -1.3
v 0.7 1 -1.3
v 0.7 1.1 -1.3
v 0.9 1 -1.3
v 0.9 1.1 -1.3
v 1.3 1.4 -1.3
v 1.3 1.5 -1.3
v 1.3 2.2 -1.3
v 1.3 2.3 -1.3
v 1.3 3.1 -1.3
v 1.3 3.2 -1.3
v 1.3 4 -1.3
v 1.3 4.1 -1.3
v 1.5 1.4 -1.3
v 1.5 1.5 -1.3
v 1.5 2.2 -1.3
v 1.5 2.3 -1.3
v 1.5 3.1 -1.3
v 1.5 3.2 -1.3
v 1.5 4 -1.3
v 1.5 4.1 -1.3
v 2 0.9 -1.3
v 2 1 -1.3
v 2.1 0.9 -1.3
v 2.1 1 -1.3
v -2.5 1.6 -1.4
v -2.5 1.7 -1.4
v -2.4 1.6 -1.4
v -2.4 1.7 -1.4
v -1.5 1.7 -1.4
v -1.5 1.8 -1.4
v -1.5 1.9 -1.4
v -1.4 1.7 -1.4
v -1.4 1.9 -1.4
v -1 1.1 -1.4
v -1 1.2 -1.4
v -0.8 1.1 -1.4
v -0.8 1.2 -1.4
v -0.7 1.3 -1.4
v -0.7 1.4 -1.4
v -0.7 1.5 -1.4
v -0.6 1.2 -1.4
v -0.6 1.3 -1.4
v -0.6 1.4 -1.4
v -0.6 1.5 -1.4
v -0.5 1.1 -1.4
v -0.5 1.2 -1.4
v -0.5 1.3 -1.4
v -0.5 1.4 -1.4
v -0.4 1 -1.4
v -0.4 1.1 -1.4
v -0.4 1.2 -1.4
v -0.4 1.3 -1.4
v -0.3 0.9 -1.4
v -0.3 1 -1.4
v -0.3 1.2 -1.4
v -0.0999999 0.9 -1.4
v -0.0999999 1 -1.4
v -0.0999999 1.2 -1.4
v 2.38419e-07 1 -1.4
v 2.38419e-07 1.1 -1.4
v 2.38419e-07 1.2 -1.4
v 2.38419e-07 1.3 -1.4
v 0.1 1.1 -1.4
v 0.1 1.2 -1.4
v 0.1 1.3 -1.4
v 0.1 1.4 -1.4
v 0.2 1.2 -1.4
v 0.2 1.3 -1.4
v 0.2 1.4 -1.4
v 0.2 1.5 -1.4
v 0.3 1.3 -1.4
v 0.3 1.4 -1.4
v 0.3 1.5 -1.4
v 0.4 1.3 -1.4
v 0.4 1.4 -1.4
v 0.7 1.1 -1.4
v 0.7 1.2 -1.4
v 0.9 1.1 -1.4
v 0.9 1.2 -1.4
v 1 1.3 -1.4
v 1 1.4 -1.4
v 1 2.1 -1.4
v 1 2.2 -1.4
v 1 3 -1.4
v 1 3.1 -1.4
v 1 3.9 -1.4
v 1 4 -1.4
v 1.1 1.3 -1.4
v 1.1 1.4 -1.4
v 1.1 2.1 -1.4
v 1.1 2.2 -1.4
v 1.1 3 -1.4
v 1.1 3.1 -1.4
v 1.1 3.9 -1.4
v 1.1 4 -1.4
v 1.3 1.3 -1.4
v 1.3 1.4 -1.4
v 1.3 2.1 -1.4
v 1.3 2.2 -1.4
v 1.3 3 -1.4
v 1.3 3.1 -1.4
v 1.3 3.9 -1.4
v 1.3 4 -1.4
v 1.5 1.3 -1.4
v 1.5 1.4 -1.4
v 1.5 2.1 -1.4
v 1.5 2.2 -1.4
v 1.5 3 -1.4
v 1.5 3.1 -1.4
v 1.5 3.9 -1.4
v 1.5 4 -1.4
v 1.7 1.3 -1.4
v 1.7 1.4 -1.4
v 1.7 2.1 -1.4
v 1.7 2.2 -1.4
v 1.7 3 -1.4
v 1.7 3.1 -1.4
v 1.7 3.9 -1.4
v 1.7 4 -1.4
v 1.8 1.3 -1.4
v 1.8 1.4 -1.4
v 1.8 2.1 -1.4
v 1.8 2.2 -1.4
v 1.8 3 -1.4
v 1.8 3.1 -1.4
v 1.8 3.9 -1.4
v 1.8 4 -1.4
v 2.1 0.9 -1.4
v 2.1 1 -1.4
v 2.2 0.9 -1.4
v 2.2 1 -1.4
v -2.6 4.5 -1.5
v -2.6 4.6 -1.5
v -2.5 2.9 -1.5
v -2.5 3 -1.5
v -2.4 1.5 -1.5
v -2.4 1.6 -1.5
v -2.4 2.9 -1.5
v -2.4 3 -1.5
v -2.4 4.5 -1.5
v -2.4 4.6 -1.5
v -2.3 1.4 -1.5
v -2.3 1.5 -1.5
v -2.2 1.3 -1.5
v -2.2 1.4 -1.5
v -2.2 1.5 -1.5
v -2.2 1.6 -1.5
v -2.1 1.2 -1.5
v -2.1 1.3 -1.5
v -2.1 1.4 -1.5
v -2.1 1.5 -1.5
v -2 1.2 -1.5
v -2 1.4 -1.5
v -1.9 0.9 -1.5
v -1.9 1.2 -1.5
v -1.9 1.3 -1.5
v -1.9 1.4 -1.5
v -1.9 1.5 -1.5
v -1.8 0.9 -1.5
v -1.8 1.2 -1.5
v -1.8 1.3 -1.5
v -1.8 1.4 -1.5
v -1.8 1.5 -1.5
v -1.8 1.6 -1.5
v -1.7 1.4 -1.5
v -1.7 1.5 -1.5
v -1.7 1.6 -1.5
v -1.7 1.7 -1.5
v -1.6 1.1 -1.5
v -1.6 1.2 -1.5
v -1.6 1.5 -1.5
v -1.6 1.6 -1.5
v -1.6 1.7 -1.5
v -1.6 1.8 -1.5
v -1.5 1.2 -1.5
v -1.5 1.3 -1.5
v -1.5 1.6 -1.5
v -1.5 1.8 -1.5
v -1.4 1.1 -1.5
v -1.4 1.2 -1.5
v -1 1 -1.5
v -1 1.1 -1.5
v -0.8 1 -1.5
v -0.8 1.1 -1.5
v -0.3 1 -1.5
v -0.3 1.1 -1.5
v -0.0999999 1 -1.5
v -0.0999999 1.1 -1.5
v 0.7 1.2 -1.5
v 0.7 1.3 -1.5
v 0.9 1.2 -1.5
v 0.9 1.3 -1.5
v 1.1 1.4 -1.5
v 1.1 1.5 -1.5
v 1.1 2.2 -1.5
v 1.1 2.3 -1.5
v 1.1 3.1 -1.5
v 1.1 3.2 -1.5
v 1.1 4 -1.5
v 1.1 4.1 -1.5
v 1.2 1.4 -1.5
v 1.2 1.5 -1.5
v 1.2 2.2 -1.5
v 1.2 2.3 -1.5
v 1.2 3.1 -1.5
v 1.2 3.2 -1.5
v 1.2 4 -1.5
v 1.2 4.1 -1.5
v 1.3 1.2 -1.5
v 1.3 1.3 -1.5
v 1.3 2 -1.5
v 1.3 2.1 -1.5
v 1.3 2.9 -1.5
v 1.3 3 -1.5
v 1.3 3.8 -1.5
v 1.3 3.9 -1.5
v 1.5 1.2 -1.5
v 1.5 1.3 -1.5
v 1.5 2 -1.5
v 1.5 2.1 -1.5
v 1.5 2.9 -1.5
v 1.5 3 -1.5
v 1.5 3.8 -1.5
v 1.5 3.9 -1.5
v 1.6 1.4 -1.5
v 1.6 1.5 -1.5
v 1.6 2.2 -1.5
v 1.6 2.3 -1.5
v 1.6 3.1 -1.5
v 1.6 3.2 -1.5
v 1.6 4 -1.5
v 1.6 4.1 -1.5
v 1.7 1.4 -1.5
v 1.7 1.5 -1.5
v 1.7 2.2 -1.5
v 1.7 2.3 -1.5
v 1.7 3.1 -1.5
v 1.7 3.2 -1.5
v 1.7 4 -1.5
v 1.7 4.1 -1.5
v 2.2 0.9 -1.5
v 2.2 1 -1.5
v 2.3 0.9 -1.5
v 2.3 1 -1.5
v -2.6 2.7 -1.6
v -2.6 2.9 -1.6
v -2.6 3 -1.6
v -2.6 4.1 -1.6
v -2.6 4.3 -1.6
v -2.6 4.5 -1.6
v -2.5 2.7 -1.6
v -2.5 2.9 -1.6
v -2.5 3 -1.6
v -2.5 4.1 -1.6
v -2.5 4.2 -1.6
v -2.5 4.3 -1.6
v -2.5 4.4 -1.6
v -2.4 4.4 -1.6
v -2.4 4.5 -1.6
v -2.3 0.9 -1.6
v -2.3 1 -1.6
v -2.2 0.9 -1.6
v -2.2 1 -1.6
v -2 1.2 -1.6
v -2 1.3 -1.6
v -1.9 1.3 -1.6
v -1.8 1.2 -1.6
v -1.8 1.3 -1.6
v -0.3 1.1 -1.6
v -0.3 1.2 -1.6
v -0.0999999 1.1 -1.6
v -0.0999999 1.2 -1.6
v 1.2 1.3 -1.6
v 1.2 1.4 -1.6
v 1.2 2.1 -1.6
v 1.2 2.2 -1.6
v 1.2 3 -1.6
v 1.2 3.1 -1.6
v 1.2 3.9 -1.6
v 1.2 4 -1.6
v 1.3 1.3 -1.6
v 1.3 1.4 -1.6
v 1.3 2.1 -1.6
v 1.3 2.2 -1.6
v 1.3 3 -1.6
v 1.3 3.1 -1.6
v 1.3 3.9 -1.6
v 1.3 4 -1.6
v 1.5 1.3 -1.6
v 1.5 1.4 -1.6
v 1.5 2.1 -1.6
v 1.5 2.2 -1.6
v 1.5 3 -1.6
v 1.5 3.1 -1.6
v 1.5 3.9 -1.6
v 1.5 4 -1.6
v 1.6 1.3 -1.6
v 1.6 1.4 -1.6
v 1.6 2.1 -1.6
v 1.6 2.2 -1.6
v 1.6 3 -1.6
v 1.6 3.1 -1.6
v 1.6 3.9 -1.6
v 1.6 4 -1.6
v 1.8 0.9 -1.6
v 1.8 1 -1.6
v 2 0.9 -1.6
v 2 1 -1.6
v 2.3 0.9 -1.6
v 2.3 1 -1.6
v 2.4 0.9 -1.6
v 2.4 1 -1.6
v -2.5 2.6 -1.7
v -2.5 2.9 -1.7
v -2.5 4.2 -1.7
v -2.5 4.4 -1.7
v -2.4 2.6 -1.7
v -2.4 2.9 -1.7
v -2.4 4.2 -1.7
v -2.4 4.4 -1.7
v -2 1.3 -1.7
v -2 1.4 -1.7
v -1.9 1.3 -1.7
v -1.9 1.4 -1.7
v -1.3 1 -1.7
v -1.3 1.1 -1.7
v -1.2 1 -1.7
v -1.2 1.1 -1.7
v -1.2 1.2 -1.7
v -1.1 1 -1.7
v -1.1 1.1 -1.7
v -1.1 1.2 -1.7
v -1 0.9 -1.7
v -1 1 -1.7
v -1 1.1 -1.7
v -0.8 0.9 -1.7
v -0.8 1 -1.7
v -0.8 1.1 -1.7
v -0.7 1 -1.7
v -0.7 1.1 -1.7
v -0.7 1.2 -1.7
v -0.6 1 -1.7
v -0.6 1.1 -1.7
v -0.6 1.2 -1.7
v -0.5 1 -1.7
v -0.5 1.1 -1.7
v -0.3 1.2 -1.7
v -0.3 1.3 -1.7
v -0.0999999 1.2 -1.7
v -0.0999999 1.3 -1.7
v 2 0.9 -1.7
v 2 1 -1.7
v 2.1 0.9 -1.7
v 2.1 1 -1.7
v 2.4 0.9 -1.7
v 2.4 1 -1.7
v 2.5 0.9 -1.7
v 2.5 1 -1.7
v -2 1.4 -1.8
v -2 1.5 -1.8
v -1.9 1.4 -1.8
v -1.9 1.5 -1.8
v -1 1 -1.8
v -1 1.1 -1.8
v -0.8 1 -1.8
v -0.8 1.1 -1.8
v -0.3 1.4 -1.8
v -0.3 1.5 -1.8
v -0.0999999 1.4 -1.8
v -0.0999999 1.5 -1.8
v 0.2 1.4 -1.8
v 0.2 1.5 -1.8
v 0.2 2.2 -1.8
v 0.2 2.3 -1.8
v 0.2 3.1 -1.8
v 0.2 3.2 -1.8
v 0.2 4 -1.8
v 0.2 4.1 -1.8
v 0.3 1.4 -1.8
v 0.3 1.5 -1.8
v 0.3 1.6 -1.8
v 0.3 2.3 -1.8
v 0.3 2.4 -1.8
v 0.3 3.2 -1.8
v 0.3 3.3 -1.8
v 0.3 4.1 -1.8
v 0.3 4.2 -1.8
v 0.4 1.4 -1.8
v 0.4 1.5 -1.8
v 0.4 1.6 -1.8
v 0.4 1.7 -1.8
v 0.4 2.2 -1.8
v 0.4 2.3 -1.8
v 0.4 2.4 -1.8
v 0.4 2.5 -1.8
v 0.4 3.1 -1.8
v 0.4 3.2 -1.8
v 0.4 3.3 -1.8
v 0.4 3.4 -1.8
v 0.4 4 -1.8
v 0.4 4.1 -1.8
v 0.4 4.2 -1.8
v 0.4 4.3 -1.8
v 0.5 1.5 -1.8
v 0.5 1.6 -1.8
v 0.5 1.7 -1.8
v 0.5 1.8 -1.8
v 0.5 2.3 -1.8
v 0.5 2.4 -1.8
v 0.5 2.5 -1.8
v 0.5 2.6 -1.8
v 0.5 3.2 -1.8
v 0.5 3.3 -1.8
v 0.5 3.4 -1.8
v 0.5 3.5 -1.8
v 0.5 4.1 -1.8
v 0.5 4.2 -1.8
v 0.5 4.3 -1.8
v 0.5 4.4 -1.8
v 0.7 1.5 -1.8
v 0.7 1.6 -1.8
v 0.7 1.7 -1.8
v 0.7 1.8 -1.8
v 0.7 2.3 -1.8
v 0.7 2.4 -1.8
v 0.7 2.5 -1.8
v 0.7 2.6 -1.8
v 0.7 3.2 -1.8
v 0.7 3.3 -1.8
v 0.7 3.4 -1.8
v 0.7 3.5 -1.8
v 0.7 4.1 -1.8
v 0.7 4.2 -1.8
v 0.7 4.3 -1.8
v 0.7 4.4 -1.8
v 0.8 1.4 -1.8
v 0.8 1.5 -1.8
v 0.8 1.6 -1.8
v 0.8 1.7 -1.8
v 0.8 2.2 -1.8
v 0.8 2.3 -1.8
v 0.8 2.4 -1.8
v 0.8 2.5 -1.8
v 0.8 3.1 -1.8
v 0.8 3.2 -1.8
v 0.8 3.3 -1.8
v 0.8 3.4 -1.8
v 0.8 4 -1.8
v 0.8 4.1 -1.8
v 0.8 4.2 -1.8
v 0.8 4.3 -1.8
v 0.9 1.3 -1.8
v 0.9 1.4 -1.8
v 0.9 1.5 -1.8
v 0.9 1.6 -1.8
v 0.9 2.1 -1.8
v 0.9 2.2 -1.8
v 0.9 2.3 -1.8
v 0.9 2.4 -1.8
v 0.9 3 -1.8
v 0.9 3.1 -1.8
v 0.9 3.2 -1.8
v 0.9 3.3 -1.8
v 0.9 3.9 -1.8
v 0.9 4 -1.8
v 0.9 4.1 -1.8
v 0.9 4.2 -1.8
v 1 1.2 -1.8
v 1 1.3 -1.8
v 1 1.4 -1.8
v 1 1.5 -1.8
v 1 2 -1.8
v 1 2.1 -1.8
v 1 2.2 -1.8
v 1 2.3 -1.8
v 1 2.9 -1.8
v 1 3 -1.8
v 1 3.1 -1.8
v 1 3.2 -1.8
v 1 3.8 -1.8
v 1 3.9 -1.8
v 1 4 -1.8
v 1 4.1 -1.8
v 1.1 1.1 -1.8
v 1.1 1.2 -1.8
v 1.1 1.3 -1.8
v 1.1 1.4 -1.8
v 1.1 1.9 -1.8
v 1.1 2 -1.8
v 1.1 2.1 -1.8
v 1.1 2.2 -1.8
v 1.1 2.8 -1.8
v 1.1 2.9 -1.8
v 1.1 3 -1.8
v 1.1 3.1 -1.8
v 1.1 3.7 -1.8
v 1.1 3.8 -1.8
v 1.1 3.9 -1.8
v 1.1 4 -1.8
v 1.2 1 -1.8
v 1.2 1.1 -1.8
v 1.2 1.2 -1.8
v 1.2 1.3 -1.8
v 1.2 1.8 -1.8
v 1.2 1.9 -1.8
v 1.2 2 -1.8
v 1.2 2.1 -1.8
v 1.2 2.7 -1.8
v 1.2 2.8 -1.8
v 1.2 2.9 -1.8
v 1.2 3 -1.8
v 1.2 3.6 -1.8
v 1.2 3.7 -1.8
v 1.2 3.8 -1.8
v 1.2 3.9 -1.8
v 1.3 0.9 -1.8
v 1.3 1 -1.8
v 1.3 1.2 -1.8
v 1.3 1.3 -1.8
v 1.3 1.4 -1.8
v 1.3 1.8 -1.8
v 1.3 2 -1.8
v 1.3 2.1 -1.8
v 1.3 2.2 -1.8
v 1.3 2.7 -1.8
v 1.3 2.9 -1.8
v 1.3 3 -1.8
v 1.3 3.1 -1.8
v 1.3 3.6 -1.8
v 1.3 3.8 -1.8
v 1.3 3.9 -1.8
v 1.3 4 -1.8
v 1.5 0.9 -1.8
v 1.5 1 -1.8
v 1.5 1.2 -1.8
v 1.5 1.3 -1.8
v 1.5 1.4 -1.8
v 1.5 1.8 -1.8
v 1.5 2 -1.8
v 1.5 2.1 -1.8
v 1.5 2.2 -1.8
v 1.5 2.7 -1.8
v 1.5 2.9 -1.8
v 1.5 3 -1.8
v 1.5 3.1 -1.8
v 1.5 3.6 -1.8
v 1.5 3.8 -1.8
v 1.5 3.9 -1.8
v 1.5 4 -1.8
v 1.6 1 -1.8
v 1.6 1.1 -1.8
v 1.6 1.2 -1.8
v 1.6 1.3 -1.8
v 1.6 1.8 -1.8
v 1.6 1.9 -1.8
v 1.6 2 -1.8
v 1.6 2.1 -1.8
v 1.6 2.7 -1.8
v 1.6 2.8 -1.8
v 1.6 2.9 -1.8
v 1.6 3 -1.8
v 1.6 3.6 -1.8
v 1.6 3.7 -1.8
v 1.6 3.8 -1.8
v 1.6 3.9 -1.8
v 1.7 1.1 -1.8
v 1.7 1.2 -1.8
v 1.7 1.3 -1.8
v 1.7 1.4 -1.8
v 1.7 1.9 -1.8
v 1.7 2 -1.8
v 1.7 2.1 -1.8
v 1.7 2.2 -1.8
v 1.7 2.8 -1.8
v 1.7 2.9 -1.8
v 1.7 3 -1.8
v 1.7 3.1 -1.8
v 1.7 3.7 -1.8
v 1.7 3.8 -1.8
v 1.7 3.9 -1.8
v 1.7 4 -1.8
v 1.8 1.2 -1.8
v 1.8 1.3 -1.8
v 1.8 1.4 -1.8
v 1.8 1.5 -1.8
v 1.8 2 -1.8
v 1.8 2.1 -1.8
v 1.8 2.2 -1.8
v 1.8 2.3 -1.8
v 1.8 2.9 -1.8
v 1.8 3 -1.8
v 1.8 3.1 -1.8
v 1.8 3.2 -1.8
v 1.8 3.8 -1.8
v 1.8 3.9 -1.8
v 1.8 4 -1.8
v 1.8 4.1 -1.8
v 1.9 1.3 -1.8
v 1.9 1.4 -1.8
v 1.9 1.5 -1.8
v 1.9 1.6 -1.8
v 1.9 2.1 -1.8
v 1.9 2.2 -1.8
v 1.9 2.3 -1.8
v 1.9 2.4 -1.8
v 1.9 3 -1.8
v 1.9 3.1 -1.8
v 1.9 3.2 -1.8
v 1.9 3.3 -1.8
v 1.9 3.9 -1.8
v 1.9 4 -1.8
v 1.9 4.1 -1.8
v 1.9 4.2 -1.8
v 2 1.4 -1.8
v 2 1.5 -1.8
v 2 1.6 -1.8
v 2 1.7 -1.8
v 2 2.2 -1.8
v 2 2.3 -1.8
v 2 2.4 -1.8
v 2 2.5 -1.8
v 2 3.1 -1.8
v 2 3.2 -1.8
v 2 3.3 -1.8
v 2 3.4 -1.8
v 2 4 -1.8
v 2 4.1 -1.8
v 2 4.2 -1.8
v 2 4.3 -1.8
v 2.1 1.5 -1.8
v 2.1 1.6 -1.8
v 2.1 1.7 -1.8
v 2.1 1.8 -1.8
v 2.1 2.3 -1.8
v 2.1 2.4 -1.8
v 2.1 2.5 -1.8
v 2.1 2.6 -1.8
v 2.1 3.2 -1.8
v 2.1 3.3 -1.8
v 2.1 3.4 -1.8
v 2.1 3.5 -1.8
v 2.1 4.1 -1.8
v 2.1 4.2 -1.8
v 2.1 4.3 -1.8
v 2.1 4.4 -1.8
v 2.2 1.6 -1.8
v 2.2 1.8 -1.8
v 2.2 2.4 -1.8
v 2.2 2.5 -1.8
v 2.2 2.6 -1.8
v 2.2 3.3 -1.8
v 2.2 3.5 -1.8
v 2.2 4.2 -1.8
v 2.2 4.4 -1.8
v 2.3 1.5 -1.8
v 2.3 1.6 -1.8
v 2.3 1.7 -1.8
v 2.3 1.8 -1.8
v 2.3 2.3 -1.8
v 2.3 2.4 -1.8
v 2.3 2.5 -1.8
v 2.3 2.6 -1.8
v 2.3 3.2 -1.8
v 2.3 3.3 -1.8
v 2.3 3.4 -1.8
v 2.3 3.5 -1.8
v 2.3 4.1 -1.8
v 2.3 4.2 -1.8
v 2.3 4.3 -1.8
v 2.3 4.4 -1.8
v 2.4 1.4 -1.8
v 2.4 1.5 -1.8
v 2.4 1.6 -1.8
v 2.4 1.7 -1.8
v 2.4 2.2 -1.8
v 2.4 2.3 -1.8
v 2.4 2.4 -1.8
v 2.4 2.5 -1.8
v 2.4 3.1 -1.8
v 2.4 3.2 -1.8
v 2.4 3.3 -1.8
v 2.4 3.4 -1.8
v 2.4 4 -1.8
v 2.4 4.1 -1.8
v 2.4 4.2 -1.8
v 2.4 4.3 -1.8
v 2.5 0.9 -1.8
v 2.5 1 -1.8
v 2.5 1.5 -1.8
v 2.5 1.6 -1.8
v 2.5 2.3 -1.8
v 2.5 2.4 -1.8
v 2.5 3.1 -1.8
v 2.5 3.2 -1.8
v 2.5 3.3 -1.8
v 2.5 4.1 -1.8
v 2.5 4.2 -1.8
v 2.6 0.9 -1.8
v 2.6 1 -1.8
v 2.6 1.4 -1.8
v 2.6 1.5 -1.8
v 2.6 2.2 -1.8
v 2.6 2.3 -1.8
v 2.6 3.1 -1.8
v 2.6 3.2 -1.8
v 2.6 4 -1.8
v 2.6 4.1 -1.8
v -1.9 1.4 -1.9
v -1.9 1.5 -1.9
v -1.8 1.4 -1.9
v -1.8 1.5 -1.9
v -1 1.1 -1.9
v -1 1.2 -1.9
v -0.8 1.1 -1.9
v -0.8 1.2 -1.9
v -0.3 1.3 -1.9
v -0.3 1.4 -1.9
v -0.0999999 1.3 -1.9
v -0.0999999 1.4 -1.9
v 1.2 1.3 -1.9
v 1.2 1.4 -1.9
v 1.2 2.1 -1.9
v 1.2 2.2 -1.9
v 1.2 3 -1.9
v 1.2 3.1 -1.9
v 1.2 3.9 -1.9
v 1.2 4 -1.9
v 1.3 1 -1.9
v 1.3 1.1 -1.9
v 1.3 1.3 -1.9
v 1.3 1.4 -1.9
v 1.3 1.8 -1.9
v 1.3 1.9 -1.9
v 1.3 2.1 -1.9
v 1.3 2.2 -1.9
v 1.3 2.7 -1.9
v 1.3 2.8 -1.9
v 1.3 3 -1.9
v 1.3 3.1 -1.9
v 1.3 3.6 -1.9
v 1.3 3.7 -1.9
v 1.3 3.9 -1.9
v 1.3 4 -1.9
v 1.5 1 -1.9
v 1.5 1.1 -1.9
v 1.5 1.3 -1.9
v 1.5 1.4 -1.9
v 1.5 1.8 -1.9
v 1.5 1.9 -1.9
v 1.5 2.1 -1.9
v 1.5 2.2 -1.9
v 1.5 2.7 -1.9
v 1.5 2.8 -1.9
v 1.5 3 -1.9
v 1.5 3.1 -1.9
v 1.5 3.6 -1.9
v 1.5 3.7 -1.9
v 1.5 3.9 -1.9
v 1.5 4 -1.9
v 1.6 1.3 -1.9
v 1.6 1.4 -1.9
v 1.6 2.1 -1.9
v 1.6 2.2 -1.9
v 1.6 3 -1.9
v 1.6 3.1 -1.9
v 1.6 3.9 -1.9
v 1.6 4 -1.9
v 2.6 0.9 -1.9
v 2.6 1 -1.9
v 2.7 0.9 -1.9
v 2.7 1 -1.9
v 3 1.4 -1.9
v 3 1.5 -1.9
v 3.2 1.4 -1.9
v 3.2 1.5 -1.9
v -2.2 0.8 -2
v -2.2 0.9 -2
v -2.1 0.8 -2
v -2.1 0.9 -2
v -2 1.4 -2
v -2 1.5 -2
v -1.9 1.4 -2
v -1.9 1.5 -2
v -1.9 1.6 -2
v -1.7 1.5 -2
v -1.7 1.6 -2
v -1 1 -2
v -1 1.1 -2
v -0.8 1 -2
v -0.8 1.1 -2
v 1.1 1.4 -2
v 1.1 1.5 -2
v 1.1 2.2 -2
v 1.1 2.3 -2
v 1.1 3.1 -2
v 1.1 3.2 -2
v 1.1 4 -2
v 1.1 4.1 -2
v 1.2 1.4 -2
v 1.2 1.5 -2
v 1.2 2.2 -2
v 1.2 2.3 -2
v 1.2 3.1 -2
v 1.2 3.2 -2
v 1.2 4 -2
v 1.2 4.1 -2
v 1.3 1.1 -2
v 1.3 1.2 -2
v 1.3 1.9 -2
v 1.3 2 -2
v 1.3 2.8 -2
v 1.3 2.9 -2
v 1.3 3.7 -2
v 1.3 3.8 -2
v 1.5 1.1 -2
v 1.5 1.2 -2
v 1.5 1.9 -2
v 1.5 2 -2
v 1.5 2.8 -2
v 1.5 2.9 -2
v 1.5 3.7 -2
v 1.5 3.8 -2
v 1.6 1.4 -2
v 1.6 1.5 -2
v 1.6 2.2 -2
v 1.6 2.3 -2
v 1.6 3.1 -2
v 1.6 3.2 -2
v 1.6 4 -2
v 1.6 4.1 -2
v 1.7 1.4 -2
v 1.7 1.5 -2
v 1.7 2.2 -2
v 1.7 2.3 -2
v 1.7 3.1 -2
v 1.7 3.2 -2
v 1.7 4 -2
v 1.7 4.1 -2
v 2.7 0.9 -2
v 2.7 1 -2
v 2.8 0.9 -2
v 2.8 1 -2
v 3 1.5 -2
v 3 1.6 -2
v 3.2 1.5 -2
v 3.2 1.6 -2
v -2 1.3 -2.1
v -2 1.4 -2.1
v -1.8 1.3 -2.1
v -1.8 1.4 -2.1
v -1.7 0.9 -2.1
v -1.7 1 -2.1
v -1.5 0.9 -2.1
v -1.5 1 -2.1
v 0.5 1.3 -2.1
v 0.5 1.4 -2.1
v 0.7 1.3 -2.1
v 0.7 1.4 -2.1
v 1 1.3 -2.1
v 1 1.4 -2.1
v 1 2.1 -2.1
v 1 2.2 -2.1
v 1 3 -2.1
v 1 3.1 -2.1
v 1 3.9 -2.1
v 1 4 -2.1
v 1.1 1.3 -2.1
v 1.1 1.4 -2.1
v 1.1 2.1 -2.1
v 1.1 2.2 -2.1
v 1.1 3 -2.1
v 1.1 3.1 -2.1
v 1.1 3.9 -2.1
v 1.1 4 -2.1
v 1.3 1.2 -2.1
v 1.3 1.3 -2.1
v 1.3 2 -2.1
v 1.3 2.1 -2.1
v 1.3 2.9 -2.1
v 1.3 3 -2.1
v 1.3 3.8 -2.1
v 1.3 3.9 -2.1
v 1.5 1.2 -2.1
v 1.5 1.3 -2.1
v 1.5 2 -2.1
v 1.5 2.1 -2.1
v 1.5 2.9 -2.1
v 1.5 3 -2.1
v 1.5 3.8 -2.1
v 1.5 3.9 -2.1
v 1.7 1.3 -2.1
v 1.7 1.4 -2.1
v 1.7 2.1 -2.1
v 1.7 2.2 -2.1
v 1.7 3 -2.1
v 1.7 3.1 -2.1
v 1.7 3.9 -2.1
v 1.7 4 -2.1
v 1.8 1.3 -2.1
v 1.8 1.4 -2.1
v 1.8 2.1 -2.1
v 1.8 2.2 -2.1
v 1.8 3 -2.1
v 1.8 3.1 -2.1
v 1.8 3.9 -2.1
v 1.8 4 -2.1
v 2.8 0.9 -2.1
v 2.8 1 -2.1
v 2.9 0.9 -2.1
v 2.9 1 -2.1
v -2.4 0.9 -2.2
v -2.4 1 -2.2
v -2.3 0.9 -2.2
v -2.3 1 -2.2
v -2 1.2 -2.2
v -2 1.3 -2.2
v -1.8 1.2 -2.2
v -1.8 1.3 -2.2
v -1.1 1.2 -2.2
v -1.1 1.3 -2.2
v -0.9 1.2 -2.2
v -0.9 1.3 -2.2
v 0.5 1.2 -2.2
v 0.5 1.3 -2.2
v 0.7 1.2 -2.2
v 0.7 1.3 -2.2
v 1.3 1.3 -2.2
v 1.3 1.4 -2.2
v 1.3 2.1 -2.2
v 1.3 2.2 -2.2
v 1.3 3 -2.2
v 1.3 3.1 -2.2
v 1.3 3.9 -2.2
v 1.3 4 -2.2
v 1.5 1.3 -2.2
v 1.5 1.4 -2.2
v 1.5 2.1 -2.2
v 1.5 2.2 -2.2
v 1.5 3 -2.2
v 1.5 3.1 -2.2
v 1.5 3.9 -2.2
v 1.5 4 -2.2
v 2.9 0.9 -2.2
v 2.9 1 -2.2
v 3 0.9 -2.2
v 3 1 -2.2
v 3 1.7 -2.2
v 3 1.8 -2.2
v 3.2 1.7 -2.2
v 3.2 1.8 -2.2
v -2.5 0.9 -2.3
v -2.5 1 -2.3
v -2.4 0.9 -2.3
v -2.4 1 -2.3
v -2 1.1 -2.3
v -2 1.2 -2.3
v -1.8 1.1 -2.3
v -1.8 1.2 -2.3
v -1.1 1.1 -2.3
v -1.1 1.2 -2.3
v -0.9 1.1 -2.3
v -0.9 1.2 -2.3
v -0.2 0.9 -2.3
v -0.2 1 -2.3
v -0.0999999 0.9 -2.3
v -0.0999999 1 -2.3
v 0.5 1.1 -2.3
v 0.5 1.2 -2.3
v 0.7 1.1 -2.3
v 0.7 1.2 -2.3
v 1.3 1.4 -2.3
v 1.3 1.5 -2.3
v 1.3 2.2 -2.3
v 1.3 2.3 -2.3
v 1.3 3.1 -2.3
v 1.3 3.2 -2.3
v 1.3 4 -2.3
v 1.3 4.1 -2.3
v 1.5 1.4 -2.3
v 1.5 1.5 -2.3
v 1.5 2.2 -2.3
v 1.5 2.3 -2.3
v 1.5 3.1 -2.3
v 1.5 3.2 -2.3
v 1.5 4 -2.3
v 1.5 4.1 -2.3
v 3 0.9 -2.3
v 3 1 -2.3
v 3 1.6 -2.3
v 3 1.7 -2.3
v 3.1 0.9 -2.3
v 3.1 1 -2.3
v 3.2 1.6 -2.3
v 3.2 1.7 -2.3
v -2.6 0.9 -2.4
v -2.6 1 -2.4
v -2.5 0.9 -2.4
v -2.5 1 -2.4
v -2.5 1.3 -2.4
v -2.5 1.4 -2.4
v -2.4 1.3 -2.4
v -2.4 1.4 -2.4
v 1.3 1.5 -2.4
v 1.3 1.6 -2.4
v 1.3 2.3 -2.4
v 1.3 2.4 -2.4
v 1.3 3.2 -2.4
v 1.3 3.3 -2.4
v 1.3 4.1 -2.4
v 1.3 4.2 -2.4
v 1.5 1.5 -2.4
v 1.5 1.6 -2.4
v 1.5 2.3 -2.4
v 1.5 2.4 -2.4
v 1.5 3.2 -2.4
v 1.5 3.3 -2.4
v 1.5 4.1 -2.4
v 1.5 4.2 -2.4
v 3 1.5 -2.4
v 3 1.6 -2.4
v 3.1 0.9 -2.4
v 3.1 1 -2.4
v 3.2 0.9 -2.4
v 3.2 1 -2.4
v 3.2 1.5 -2.4
v 3.2 1.6 -2.4
v -2.4 1.3 -2.5
v -2.4 1.4 -2.5
v -2.4 1.5 -2.5
v -2.3 1.2 -2.5
v -2.3 1.3 -2.5
v -2.3 1.4 -2.5
v -2.3 1.5 -2.5
v -2.2 1.1 -2.5
v -2.2 1.2 -2.5
v -2.2 1.3 -2.5
v -2.2 1.4 -2.5
v -2.1 1 -2.5
v -2.1 1.1 -2.5
v -2.1 1.2 -2.5
v -2.1 1.3 -2.5
v -2 0.9 -2.5
v -2 1 -2.5
v -2 1.2 -2.5
v -1.8 0.9 -2.5
v -1.8 1 -2.5
v -1.8 1.2 -2.5
v -1.7 1 -2.5
v -1.7 1.1 -2.5
v -1.7 1.2 -2.5
v -1.7 1.3 -2.5
v -1.6 1.1 -2.5
v -1.6 1.2 -2.5
v -1.6 1.3 -2.5
v -1.6 1.4 -2.5
v -1.5 1.2 -2.5
v -1.5 1.3 -2.5
v -1.5 1.4 -2.5
v -1.5 1.5 -2.5
v -1.4 1.2 -2.5
v -1.4 1.3 -2.5
v -1.4 1.4 -2.5
v -1.4 1.5 -2.5
v -1.3 1.1 -2.5
v -1.3 1.2 -2.5
v -1.3 1.3 -2.5
v -1.3 1.4 -2.5
v -1.2 1 -2.5
v -1.2 1.1 -2.5
v -1.2 1.2 -2.5
v -1.2 1.3 -2.5
v -1.1 0.9 -2.5
v -1.1 1 -2.5
v -1.1 1.2 -2.5
v -0.9 0.9 -2.5
v -0.9 1 -2.5
v -0.9 1.2 -2.5
v -0.8 1 -2.5
v -0.8 1.1 -2.5
v -0.8 1.2 -2.5
v -0.8 1.3 -2.5
v -0.7 1.1 -2.5
v -0.7 1.2 -2.5
v -0.6 1.2 -2.5
v -0.6 1.3 -2.5
v 2.38419e-07 1.5 -2.5
v 2.38419e-07 1.6 -2.5
v 0.1 1.3 -2.5
v 0.1 1.4 -2.5
v 0.1 1.5 -2.5
v 0.1 1.6 -2.5
v 0.2 1.2 -2.5
v 0.2 1.3 -2.5
v 0.3 1.1 -2.5
v 0.3 1.2 -2.5
v 0.3 1.3 -2.5
v 0.3 1.4 -2.5
v 0.4 1 -2.5
v 0.4 1.1 -2.5
v 0.4 1.2 -2.5
v 0.4 1.3 -2.5
v 0.5 0.9 -2.5
v 0.5 1 -2.5
v 0.5 1.2 -2.5
v 0.7 0.9 -2.5
v 0.7 1 -2.5
v 0.7 1.2 -2.5
v 0.8 1 -2.5
v 0.8 1.1 -2.5
v 0.8 1.2 -2.5
v 0.8 1.3 -2.5
v 0.9 1.1 -2.5
v 0.9 1.2 -2.5
v 0.9 1.3 -2.5
v 0.9 1.4 -2.5
v 1 1.2 -2.5
v 1 1.3 -2.5
v 1.1 1.3 -2.5
v 1.1 1.4 -2.5
v 1.8 0.9 -2.5
v 1.8 1 -2.5
v 1.9 0.9 -2.5
v 1.9 1 -2.5
v 3 1.4 -2.5
v 3 1.5 -2.5
v 3.2 0.9 -2.5
v 3.2 1 -2.5
v 3.2 1.4 -2.5
v 3.2 1.5 -2.5
v 3.3 0.9 -2.5
v 3.3 1 -2.5
v -2 1 -2.6
v -2 1.1 -2.6
v -1.8 1 -2.6
v -1.8 1.1 -2.6
v -1.1 1 -2.6
v -1.1 1.1 -2.6
v -0.9 1 -2.6
v -0.9 1.1 -2.6
v -0.0999999 1.4 -2.6
v -0.0999999 1.5 -2.6
v -0.0999999 1.6 -2.6
v 2.38419e-07 1.4 -2.6
v 2.38419e-07 1.6 -2.6
v 0.5 1 -2.6
v 0.5 1.1 -2.6
v 0.7 1 -2.6
v 0.7 1.1 -2.6
v 1.3 1.7 -2.6
v 1.3 1.8 -2.6
v 1.3 2.5 -2.6
v 1.3 2.6 -2.6
v 1.3 3.4 -2.6
v 1.3 3.5 -2.6
v 1.3 4.3 -2.6
v 1.3 4.4 -2.6
v 1.4 1.7 -2.6
v 1.4 1.8 -2.6
v 1.4 2.5 -2.6
v 1.4 2.6 -2.6
v 1.4 3.4 -2.6
v 1.4 3.5 -2.6
v 1.4 4.3 -2.6
v 1.4 4.4 -2.6
v 1.5 1.7 -2.6
v 1.5 1.8 -2.6
v 1.5 2.5 -2.6
v 1.5 2.6 -2.6
v 1.5 3.4 -2.6
v 1.5 3.5 -2.6
v 1.5 4.3 -2.6
v 1.5 4.4 -2.6
v 2.4 0.9 -2.6
v 2.4 1 -2.6
v 2.5 0.9 -2.6
v 2.5 1 -2.6
v 2.7 1.3 -2.6
v 2.7 1.4 -2.6
v 2.8 1.3 -2.6
v 2.8 1.4 -2.6
v 3 1.3 -2.6
v 3 1.4 -2.6
v 3.2 1.3 -2.6
v 3.2 1.4 -2.6
v 3.3 0.9 -2.6
v 3.3 1 -2.6
v 3.4 0.9 -2.6
v 3.4 1 -2.6
v 3.4 1.3 -2.6
v 3.4 1.4 -2.6
v 3.5 1.3 -2.6
v 3.5 1.4 -2.6
v -2 1.1 -2.7
v -2 1.2 -2.7
v -1.8 1.1 -2.7
v -1.8 1.2 -2.7
v -1.1 1.1 -2.7
v -1.1 1.2 -2.7
v -0.9 1.1 -2.7
v -0.9 1.2 -2.7
v -0.2 1.4 -2.7
v -0.2 1.5 -2.7
v -0.0999999 1.4 -2.7
v -0.0999999 1.5 -2.7
v 0.5 1.1 -2.7
v 0.5 1.2 -2.7
v 0.7 1.1 -2.7
v 0.7 1.2 -2.7
v 1.3 1.6 -2.7
v 1.3 1.7 -2.7
v 1.3 2.4 -2.7
v 1.3 2.5 -2.7
v 1.3 3.3 -2.7
v 1.3 3.4 -2.7
v 1.3 4.2 -2.7
v 1.3 4.3 -2.7
v 1.4 1.6 -2.7
v 1.4 1.7 -2.7
v 1.4 2.4 -2.7
v 1.4 2.5 -2.7
v 1.4 3.3 -2.7
v 1.4 4.2 -2.7
v 1.4 4.3 -2.7
v 1.5 1.6 -2.7
v 1.5 1.7 -2.7
v 1.5 2.4 -2.7
v 1.5 2.5 -2.7
v 1.5 3.3 -2.7
v 1.5 3.4 -2.7
v 1.5 4.2 -2.7
v 1.5 4.3 -2.7
v 1.6 0.9 -2.7
v 1.6 1 -2.7
v 1.7 0.9 -2.7
v 1.7 1 -2.7
v 2.3 0.9 -2.7
v 2.3 1 -2.7
v 2.4 0.9 -2.7
v 2.4 1 -2.7
v 2.8 1.4 -2.7
v 2.8 1.5 -2.7
v 2.9 1.4 -2.7
v 2.9 1.5 -2.7
v 3 1.2 -2.7
v 3 1.3 -2.7
v 3.2 1.2 -2.7
v 3.2 1.3 -2.7
v 3.3 1.4 -2.7
v 3.3 1.5 -2.7
v 3.4 0.9 -2.7
v 3.4 1 -2.7
v 3.4 1.4 -2.7
v 3.4 1.5 -2.7
v 3.5 0.9 -2.7
v 3.5 1 -2.7
v -2 1.2 -2.8
v -2 1.3 -2.8
v -1.8 1.2 -2.8
v -1.8 1.3 -2.8
v -1.1 1.2 -2.8
v -1.1 1.3 -2.8
v -0.9 1.2 -2.8
v -0.9 1.3 -2.8
v -0.6 0.9 -2.8
v -0.6 1 -2.8
v -0.4 0.9 -2.8
v -0.4 1 -2.8
v -0.2 1.3 -2.8
v -0.2 1.4 -2.8
v -0.0999999 1.3 -2.8
v -0.0999999 1.4 -2.8
v 0.2 1.9 -2.8
v 0.2 2 -2.8
v 0.3 1.9 -2.8
v 0.3 2 -2.8
v 0.5 1.2 -2.8
v 0.5 1.3 -2.8
v 0.7 1.2 -2.8
v 0.7 1.3 -2.8
v 1.3 1.5 -2.8
v 1.3 1.6 -2.8
v 1.3 2.3 -2.8
v 1.3 2.4 -2.8
v 1.3 3.2 -2.8
v 1.3 3.3 -2.8
v 1.3 4.1 -2.8
v 1.3 4.2 -2.8
v 1.4 1.5 -2.8
v 1.4 2.3 -2.8
v 1.4 3.2 -2.8
v 1.4 3.3 -2.8
v 1.5 1.5 -2.8
v 1.5 1.6 -2.8
v 1.5 2.3 -2.8
v 1.5 2.4 -2.8
v 1.5 3.2 -2.8
v 1.5 3.3 -2.8
v 1.5 4.1 -2.8
v 1.5 4.2 -2.8
v 1.7 0.9 -2.8
v 1.7 1 -2.8
v 1.9 0.9 -2.8
v 1.9 1 -2.8
v 2.2 0.9 -2.8
v 2.2 1 -2.8
v 2.3 0.9 -2.8
v 2.3 1 -2.8
v 2.9 1.3 -2.8
v 2.9 1.4 -2.8
v 3 1.3 -2.8
v 3 1.4 -2.8
v 3.2 1.3 -2.8
v 3.2 1.4 -2.8
v 3.3 1.3 -2.8
v 3.3 1.4 -2.8
v 3.5 0.9 -2.8
v 3.5 1 -2.8
v 3.6 0.9 -2.8
v 3.6 1 -2.8
v -2 1.4 -2.9
v -2 1.5 -2.9
v -1.8 1.4 -2.9
v -1.8 1.5 -2.9
v -1.4 0.9 -2.9
v -1.4 1 -2.9
v -1.3 0.9 -2.9
v -1.3 1 -2.9
v -0.8 1.6 -2.9
v -0.8 1.7 -2.9
v -0.7 1.6 -2.9
v -0.6 1.6 -2.9
v -0.6 1.7 -2.9
v 0.2 1.7 -2.9
v 0.2 1.8 -2.9
v 0.2 1.9 -2.9
v 0.3 1.7 -2.9
v 0.3 1.9 -2.9
v 0.5 1.3 -2.9
v 0.5 1.4 -2.9
v 0.7 1.3 -2.9
v 0.7 1.4 -2.9
v 1.3 1.4 -2.9
v 1.3 1.5 -2.9
v 1.3 2.2 -2.9
v 1.3 2.3 -2.9
v 1.3 3.1 -2.9
v 1.3 3.2 -2.9
v 1.3 4 -2.9
v 1.3 4.1 -2.9
v 1.4 1.4 -2.9
v 1.4 1.5 -2.9
v 1.4 2.2 -2.9
v 1.4 2.3 -2.9
v 1.5 1.4 -2.9
v 1.5 1.5 -2.9
v 1.5 2.2 -2.9
v 1.5 2.3 -2.9
v 1.5 3.1 -2.9
v 1.5 3.2 -2.9
v 1.5 4 -2.9
v 1.5 4.1 -2.9
v 3.6 0.9 -2.9
v 3.6 1 -2.9
v 3.7 0.9 -2.9
v 3.7 1 -2.9
v -2 1.3 -3
v -2 1.4 -3
v -1.8 1.3 -3
v -1.8 1.4 -3
v -1.7 0.9 -3
v -1.7 1 -3
v -1.4 0.9 -3
v -1.4 1 -3
v -0.7 1.5 -3
v -0.7 1.6 -3
v -0.6 1.4 -3
v -0.6 1.5 -3
v -0.5 1.3 -3
v -0.5 1.4 -3
v -0.5 1.5 -3
v -0.5 1.6 -3
v -0.4 1.2 -3
v -0.4 1.3 -3
v -0.4 1.4 -3
v -0.4 1.5 -3
v -0.3 1.2 -3
v -0.3 1.4 -3
v -0.2 0.9 -3
v -0.2 1.2 -3
v -0.2 1.3 -3
v -0.2 1.4 -3
v -0.2 1.5 -3
v -0.0999999 0.9 -3
v -0.0999999 1.2 -3
v -0.0999999 1.3 -3
v -0.0999999 1.4 -3
v -0.0999999 1.5 -3
v -0.0999999 1.6 -3
v 2.38419e-07 1.4 -3
v 2.38419e-07 1.5 -3
v 2.38419e-07 1.6 -3
v 2.38419e-07 1.7 -3
v 0.1 1.1 -3
v 0.1 1.2 -3
v 0.1 1.5 -3
v 0.1 1.6 -3
v 0.1 1.7 -3
v 0.1 1.8 -3
v 0.2 1.2 -3
v 0.2 1.3 -3
v 0.2 1.6 -3
v 0.2 1.8 -3
v 0.3 1.1 -3
v 0.3 1.2 -3
v 1.9 1.4 -3
v 1.9 1.5 -3
v 2 1.5 -3
v 2 1.6 -3
v 2.1 1.4 -3
v 2.1 1.5 -3
v 2.1 1.6 -3
v 2.1 1.7 -3
v 2.2 1.5 -3
v 2.2 1.6 -3
v 2.2 1.7 -3
v 2.2 1.8 -3
v 2.4 1.5 -3
v 2.4 1.6 -3
v 2.4 1.7 -3
v 2.4 1.8 -3
v 2.5 1.4 -3
v 2.5 1.5 -3
v 2.5 1.6 -3
v 2.5 1.7 -3
v 2.6 1.3 -3
v 2.6 1.4 -3
v 2.6 1.5 -3
v 2.6 1.6 -3
v 2.7 1.2 -3
v 2.7 1.3 -3
v 2.7 1.4 -3
v 2.7 1.5 -3
v 2.8 1.1 -3
v 2.8 1.2 -3
v 2.8 1.3 -3
v 2.8 1.4 -3
v 2.9 1 -3
v 2.9 1.1 -3
v 2.9 1.2 -3
v 2.9 1.3 -3
v 3 0.9 -3
v 3 1 -3
v 3 1.2 -3
v 3 1.3 -3
v 3.2 0.9 -3
v 3.2 1 -3
v 3.2 1.2 -3
v 3.2 1.3 -3
v 3.3 1 -3
v 3.3 1.1 -3
v 3.3 1.2 -3
v 3.3 1.3 -3
v 3.4 1.1 -3
v 3.4 1.2 -3
v 3.4 1.3 -3
v 3.4 1.4 -3
v 3.5 1.2 -3
v 3.5 1.3 -3
v 3.5 1.4 -3
v 3.5 1.5 -3
v 3.6 1.3 -3
v 3.6 1.4 -3
v 3.6 1.5 -3
v 3.6 1.6 -3
v 3.7 1.4 -3
v 3.7 1.5 -3
v 3.7 1.6 -3
v 3.7 1.7 -3
v 3.8 1.5 -3
v 3.8 1.6 -3
v 3.8 1.7 -3
v 3.8 1.8 -3
v 3.9 1.6 -3
v 3.9 1.8 -3
v 4 1.5 -3
v 4 1.6 -3
v 4 1.7 -3
v 4 1.8 -3
v 4.1 1.4 -3
v 4.1 1.5 -3
v 4.1 1.6 -3
v 4.1 1.7 -3
v 4.2 1.5 -3
v 4.2 1.6 -3
v 4.3 1.4 -3
v 4.3 1.5 -3
v -0.3 1.2 -3.1
v -0.3 1.3 -3.1
v -0.2 1.3 -3.1
v -0.0999999 1.2 -3.1
v -0.0999999 1.3 -3.1
v 2.9 1.3 -3.1
v 2.9 1.4 -3.1
v 3 1 -3.1
v 3 1.1 -3.1
v 3 1.3 -3.1
v 3 1.4 -3.1
v 3.2 1 -3.1
v 3.2 1.1 -3.1
v 3.2 1.3 -3.1
v 3.2 1.4 -3.1
v 3.3 1.3 -3.1
v 3.3 1.4 -3.1
v -2.8 0 -3.2
v -2.8 0.3 -3.2
v -2.8 0.7 -3.2
v -2.8 0.8 -3.2
v -2.8 1 -3.2
v -0.3 1.3 -3.2
v -0.3 1.4 -3.2
v -0.2 1.3 -3.2
v -0.2 1.4 -3.2
v 2.8 1.4 -3.2
v 2.8 1.5 -3.2
v 2.9 1.4 -3.2
v 2.9 1.5 -3.2
v 3 1.1 -3.2
v 3 1.2 -3.2
v 3.2 1.1 -3.2
v 3.2 1.2 -3.2
v 3.3 1.4 -3.2
v 3.3 1.5 -3.2
v 3.4 1.4 -3.2
v 3.4 1.5 -3.2
v 3.8 0 -3.2
v 3.8 0.3 -3.2
v 3.8 0.7 -3.2
v 3.8 0.8 -3.2
v 3.8 1 -3.2
v -2.9 0.3 -3.3
v -2.9 0.4 -3.3
v -2.9 0.6 -3.3
v -2.9 0.7 -3.3
v -0.3 1.4 -3.3
v -0.3 1.5 -3.3
v -0.2 1.4 -3.3
v -0.2 1.5 -3.3
v 2.7 1.3 -3.3
v 2.7 1.4 -3.3
v 2.8 1.3 -3.3
v 2.8 1.4 -3.3
v 3 1.2 -3.3
v 3 1.3 -3.3
v 3.2 1.2 -3.3
v 3.2 1.3 -3.3
v 3.4 1.3 -3.3
v 3.4 1.4 -3.3
v 3.5 1.3 -3.3
v 3.5 1.4 -3.3
v 3.9 0.3 -3.3
v 3.9 0.4 -3.3
v 3.9 0.6 -3.3
v 3.9 0.7 -3.3
v -3 0.4 -3.4
v -3 0.6 -3.4
v -0.2 1.4 -3.4
v -0.2 1.5 -3.4
v -0.0999999 1.4 -3.4
v -0.0999999 1.5 -3.4
v 3 1.3 -3.4
v 3 1.4 -3.4
v 3.2 1.3 -3.4
v 3.2 1.4 -3.4
v 4 0.4 -3.4
v 4 0.6 -3.4
v -0.2 1.5 -3.5
v -0.2 1.6 -3.5
v 2.38419e-07 1.5 -3.5
v 2.38419e-07 1.6 -3.5
v 3 1.4 -3.5
v 3 1.5 -3.5
v 3.2 1.4 -3.5
v 3.2 1.5 -3.5
v 3 1.5 -3.6
v 3 1.6 -3.6
v 3.2 1.5 -3.6
v 3.2 1.6 -3.6
v 3 1.7 -3.8
v 3 1.8 -3.8
v 3.1 1.7 -3.8
v 3.1 1.8 -3.8
v 3.2 1.7 -3.8
v 3.2 1.8 -3.8
v 3 1.6 -3.9
v 3 1.7 -3.9
v 3.2 1.6 -3.9
v 3.2 1.7 -3.9
v 3 1.5 -4
v 3 1.6 -4
v 3.2 1.5 -4
v 3.2 1.6 -4
v 3 1.4 -4.1
v 3 1.5 -4.1
v 3.2 1.4 -4.1
v 3.2 1.5 -4.1
v -2.8 0 3.4
v -2.4 0 3.4
v -2.4 0 3.3
v -2.3 0 3.3
v -2.3 0 3.2
v -2.2 0 3.2
v -2.2 0 3.1
v -2.1 0 3.1
v -2.1 0 3
v -2 0 3
v -2 0 2.9
v -1.9 0 2.9
v -1.9 0 2.8
v -1.8 0 2.8
v -1.8 0 2.7
v -1.7 0 2.7
v -1.7 0 2.6
v -1.6 0 2.6
v -1.6 0 2.5
v -1.5 0 2.5
v -1.5 0 2.4
v -1.4 0 2.4
v -1.4 0 2.3
v -1.3 0 2.3
v -1.3 0 2.2
v -1.2 0 2.2
v -1.2 0 2.1
v -1.1 0 2.1
v -1.1 0 2
v -1 0 2
v -1 0 1.9
v -0.9 0 1.9
v -0.9 0 1.8
v -0.8 0 1.8
v -0.8 0 1.7
v -0.7 0 1.7
v -0.7 0 1.6
v -0.6 0 1.6
v -0.6 0 1.5
v -0.5 0 1.5
v -0.5 0 1.4
v -0.4 0 1.4
v -0.4 0 1.3
v -0.3 0 1.3
v -0.3 0 1.2
v -0.2 0 1.2
v -0.2 0 1.1
v -0.0999999 0 1.1
v -0.0999999 0 1
v 2.38419e-07 0 1
v 2.38419e-07 0 0.9
v 0.1 0 0.9
v 0.1 0 0.8
v 0.2 0 0.8
v 0.2 0 0.7
v 0.3 0 0.7
v 0.3 0 0.6
v 0.4 0 0.6
v 0.4 0 0.5
v 0.5 0 0.5
v 0.5 0 0.4
v 0.6 0 0.4
v 0.6 0 0.3
v 0.7 0 0.3
v 0.7 0 0.2
v 0.8 0 0.2
v 0.8 0 0.0999997
v 0.9 0 0.0999997
v 0.9 0 -2.38419e-07
v 1 0 -2.38419e-07
v 1 0 -0.1
v 1.1 0 -0.1
v 1.1 0 -0.2
v 1.2 0 -0.2
v 1.2 0 -0.3
v 1.3 0 -0.3
v 1.3 0 -0.4
v 1.4 0 -0.4
v 1.4 0 -0.5
v 1.5 0 -0.5
v 1.5 0 -0.6
v 1.6 0 -0.6
v 1.6 0 -0.7
v 1.7 0 -0.7
v 1.7 0 -0.8
v 1.8 0 -0.8
v 1.8 0 -0.9
v 1.9 0 -0.9
v 1.9 0 -1
v 2 0 -1
v 2 0 -1.1
v 2.1 0 -1.1
v 2.1 0 -1.2
v 2.2 0 -1.2
v 2.2 0 -1.3
v 2.3 0 -1.3
v 2.3 0 -1.4
v 2.4 0 -1.4
v 2.4 0 -1.5
v 2.5 0 -1.5
v 2.5 0 -1.6
v 2.6 0 -1.6
v 2.6 0 -1.7
v 2.7 0 -1.7
v 2.7 0 -1.8
v 2.8 0 -1.8
v 2.8 0 -1.9
v 2.9 0 -1.9
v 2.9 0 -2
v 3 0 -2
v 3 0 -2.1
v 3.1 0 -2.1
v 3.1 0 -2.2
v 3.2 0 -2.2
v 3.2 0 -2.3
v 3.3 0 -2.3
v 3.3 0 -2.4
v 3.4 0 -2.4
v 3.4 0 -2.5
v 3.5 0 -2.5
v 3.5 0 -2.6
v 3.6 0 -2.6
v 3.6 0 -2.7
v 3.7 0 -2.7
v 3.7 0 -2.8
v 3.8 0 -2.8
v -2.8 0 -3.2
v 3.8 0 -3.2
v -2.9 0.3 3.5
v -2.3 0.3 3.5
v -2.8 0.3 3.4
v -2.4 0.3 3.4
v -2.3 0.3 3.4
v -2.2 0.3 3.4
v -2.4 0.3 3.3
v -2.3 0.3 3.3
v -2.2 0.3 3.3
v -2.1 0.3 3.3
v -2.3 0.3 3.2
v -2.2 0.3 3.2
v -2.1 0.3 3.2
v -2 0.3 3.2
v -2.2 0.3 3.1
v -2.1 0.3 3.1
v -2 0.3 3.1
v -1.9 0.3 3.1
v -2.1 0.3 3
v -2 0.3 3
v -1.9 0.3 3
v -1.8 0.3 3
v -2 0.3 2.9
v -1.9 0.3 2.9
v -1.8 0.3 2.9
v -1.7 0.3 2.9
v -1.9 0.3 2.8
v -1.8 0.3 2.8
v -1.7 0.3 2.8
v -1.6 0.3 2.8
v -1.8 0.3 2.7
v -1.7 0.3 2.7
v -1.6 0.3 2.7
v -1.5 0.3 2.7
v -1.7 0.3 2.6
v -1.6 0.3 2.6
v -1.5 0.3 2.6
v -1.4 0.3 2.6
v -1.6 0.3 2.5
v -1.5 0.3 2.5
v -1.4 0.3 2.5
v -1.3 0.3 2.5
v -1.5 0.3 2.4
v -1.4 0.3 2.4
v -1.3 0.3 2.4
v -1.2 0.3 2.4
v -1.4 0.3 2.3
v -1.3 0.3 2.3
v -1.2 0.3 2.3
v -1.1 0.3 2.3
v -1.3 0.3 2.2
v -1.2 0.3 2.2
v -1.1 0.3 2.2
v -1 0.3 2.2
v -1.2 0.3 2.1
v -1.1 0.3 2.1
v -1 0.3 2.1
v -0.9 0.3 2.1
v -1.1 0.3 2
v -1 0.3 2
v -0.9 0.3 2
v -0.8 0.3 2
v -1 0.3 1.9
v -0.9 0.3 1.9
v -0.8 0.3 1.9
v -0.7 0.3 1.9
v -0.9 0.3 1.8
v -0.8 0.3 1.8
v -0.7 0.3 1.8
v -0.6 0.3 1.8
v -0.8 0.3 1.7
v -0.7 0.3 1.7
v -0.6 0.3 1.7
v -0.5 0.3 1.7
v -0.7 0.3 1.6
v -0.6 0.3 1.6
v -0.5 0.3 1.6
v -0.4 0.3 1.6
v -0.6 0.3 1.5
v -0.5 0.3 1.5
v -0.4 0.3 1.5
v -0.3 0.3 1.5
v -0.5 0.3 1.4
v -0.4 0.3 1.4
v -0.3 0.3 1.4
v -0.2 0.3 1.4
v -0.4 0.3 1.3
v -0.3 0.3 1.3
v -0.2 0.3 1.3
v -0.0999999 0.3 1.3
v -0.3 0.3 1.2
v -0.2 0.3 1.2
v -0.0999999 0.3 1.2
v 2.38419e-07 0.3 1.2
v -0.2 0.3 1.1
v -0.0999999 0.3 1.1
v 2.38419e-07 0.3 1.1
v 0.1 0.3 1.1
v -0.0999999 0.3 1
v 2.38419e-07 0.3 1
v 0.1 0.3 1
v 0.2 0.3 1
v 2.38419e-07 0.3 0.9
v 0.1 0.3 0.9
v 0.2 0.3 0.9
v 0.3 0.3 0.9
v 0.1 0.3 0.8
v 0.2 0.3 0.8
v 0.3 0.3 0.8
v 0.4 0.3 0.8
v 0.2 0.3 0.7
v 0.3 0.3 0.7
v 0.4 0.3 0.7
v 0.5 0.3 0.7
v 0.3 0.3 0.6
v 0.4 0.3 0.6
v 0.5 0.3 0.6
v 0.6 0.3 0.6
v 0.4 0.3 0.5
v 0.5 0.3 0.5
v 0.6 0.3 0.5
v 0.7 0.3 0.5
v 0.5 0.3 0.4
v 0.6 0.3 0.4
v 0.7 0.3 0.4
v 0.8 0.3 0.4
v 0.6 0.3 0.3
v 0.7 0.3 0.3
v 0.8 0.3 0.3
v 0.9 0.3 0.3
v 0.7 0.3 0.2
v 0.8 0.3 0.2
v 0.9 0.3 0.2
v 1 0.3 0.2
v 0.8 0.3 0.0999997
v 0.9 0.3 0.0999997
v 1 0.3 0.0999997
v 1.1 0.3 0.0999997
v 0.9 0.3 -2.38419e-07
v 1 0.3 -2.38419e-07
v 1.1 0.3 -2.38419e-07
v 1.2 0.3 -2.38419e-07
v 1 0.3 -0.1
v 1.1 0.3 -0.1
v 1.2 0.3 -0.1
v 1.3 0.3 -0.1
v 1.1 0.3 -0.2
v 1.2 0.3 -0.2
v 1.3 0.3 -0.2
v 1.4 0.3 -0.2
v 1.2 0.3 -0.3
v 1.3 0.3 -0.3
v 1.4 0.3 -0.3
v 1.5 0.3 -0.3
v 1.3 0.3 -0.4
v 1.4 0.3 -0.4
v 1.5 0.3 -0.4
v 1.6 0.3 -0.4
v 1.4 0.3 -0.5
v 1.5 0.3 -0.5
v 1.6 0.3 -0.5
v 1.7 0.3 -0.5
v 1.5 0.3 -0.6
v 1.6 0.3 -0.6
v 1.7 0.3 -0.6
v 1.8 0.3 -0.6
v 1.6 0.3 -0.7
v 1.7 0.3 -0.7
v 1.8 0.3 -0.7
v 1.9 0.3 -0.7
v 1.7 0.3 -0.8
v 1.8 0.3 -0.8
v 1.9 0.3 -0.8
v 2 0.3 -0.8
v 1.8 0.3 -0.9
v 1.9 0.3 -0.9
v 2 0.3 -0.9
v 2.1 0.3 -0.9
v 1.9 0.3 -1
v 2 0.3 -1
v 2.1 0.3 -1
v 2.2 0.3 -1
v 2 0.3 -1.1
v 2.1 0.3 -1.1
v 2.2 0.3 -1.1
v 2.3 0.3 -1.1
v 2.1 0.3 -1.2
v 2.2 0.3 -1.2
v 2.3 0.3 -1.2
v 2.4 0.3 -1.2
v 2.2 0.3 -1.3
v 2.3 0.3 -1.3
v 2.4 0.3 -1.3
v 2.5 0.3 -1.3
v 2.3 0.3 -1.4
v 2.4 0.3 -1.4
v 2.5 0.3 -1.4
v 2.6 0.3 -1.4
v 2.4 0.3 -1.5
v 2.5 0.3 -1.5
v 2.6 0.3 -1.5
v 2.7 0.3 -1.5
v 2.5 0.3 -1.6
v 2.6 0.3 -1.6
v 2.7 0.3 -1.6
v 2.8 0.3 -1.6
v 2.6 0.3 -1.7
v 2.7 0.3 -1.7
v 2.8 0.3 -1.7
v 2.9 0.3 -1.7
v 2.7 0.3 -1.8
v 2.8 0.3 -1.8
v 2.9 0.3 -1.8
v 3 0.3 -1.8
v 2.8 0.3 -1.9
v 2.9 0.3 -1.9
v 3 0.3 -1.9
v 3.1 0.3 -1.9
v 2.9 0.3 -2
v 3 0.3 -2
v 3.1 0.3 -2
v 3.2 0.3 -2
v 3 0.3 -2.1
v 3.1 0.3 -2.1
v 3.2 0.3 -2.1
v 3.3 0.3 -2.1
v 3.1 0.3 -2.2
v 3.2 0.3 -2.2
v 3.3 0.3 -2.2
v 3.4 0.3 -2.2
v 3.2 0.3 -2.3
v 3.3 0.3 -2.3
v 3.4 0.3 -2.3
v 3.5 0.3 -2.3
v 3.3 0.3 -2.4
v 3.4 0.3 -2.4
v 3.5 0.3 -2.4
v 3.6 0.3 -2.4
v 3.4 0.3 -2.5
v 3.5 0.3 -2.5
v 3.6 0.3 -2.5
v 3.7 0.3 -2.5
v 3.5 0.3 -2.6
v 3.6 0.3 -2.6
v 3.7 0.3 -2.6
v 3.8 0.3 -2.6
v 3.6 0.3 -2.7
v 3.7 0.3 -2.7
v 3.8 0.3 -2.7
v 3.9 0.3 -2.7
v 3.7 0.3 -2.8
v 3.8 0.3 -2.8
v -2.8 0.3 -3.2
v 3.8 0.3 -3.2
v -2.9 0.3 -3.3
v 3.9 0.3 -3.3
v -3 0.4 3.6
v -2.3 0.4 3.6
v -2.9 0.4 3.5
v -2.3 0.4 3.5
v -2.2 0.4 3.5
v -2.3 0.4 3.4
v -2.2 0.4 3.4
v -2.1 0.4 3.4
v -2.2 0.4 3.3
v -2.1 0.4 3.3
v -2 0.4 3.3
v -2.1 0.4 3.2
v -2 0.4 3.2
v -1.9 0.4 3.2
v -2 0.4 3.1
v -1.9 0.4 3.1
v -1.8 0.4 3.1
v -1.9 0.4 3
v -1.8 0.4 3
v -1.7 0.4 3
v -1.8 0.4 2.9
v -1.7 0.4 2.9
v -1.6 0.4 2.9
v -1.7 0.4 2.8
v -1.6 0.4 2.8
v -1.5 0.4 2.8
v -1.6 0.4 2.7
v -1.5 0.4 2.7
v -1.4 0.4 2.7
v -1.5 0.4 2.6
v -1.4 0.4 2.6
v -1.3 0.4 2.6
v -1.4 0.4 2.5
v -1.3 0.4 2.5
v -1.2 0.4 2.5
v -1.3 0.4 2.4
v -1.2 0.4 2.4
v -1.1 0.4 2.4
v -1.2 0.4 2.3
v -1.1 0.4 2.3
v -1 0.4 2.3
v -1.1 0.4 2.2
v -1 0.4 2.2
v -0.9 0.4 2.2
v -1 0.4 2.1
v -0.9 0.4 2.1
v -0.8 0.4 2.1
v -0.9 0.4 2
v -0.8 0.4 2
v -0.7 0.4 2
v -0.8 0.4 1.9
v -0.7 0.4 1.9
v -0.6 0.4 1.9
v -0.7 0.4 1.8
v -0.6 0.4 1.8
v -0.5 0.4 1.8
v -0.6 0.4 1.7
v -0.5 0.4 1.7
v -0.4 0.4 1.7
v -0.5 0.4 1.6
v -0.4 0.4 1.6
v -0.3 0.4 1.6
v -0.4 0.4 1.5
v -0.3 0.4 1.5
v -0.2 0.4 1.5
v -0.3 0.4 1.4
v -0.2 0.4 1.4
v -0.0999999 0.4 1.4
v -0.2 0.4 1.3
v -0.0999999 0.4 1.3
v 2.38419e-07 0.4 1.3
v -0.0999999 0.4 1.2
v 2.38419e-07 0.4 1.2
v 0.1 0.4 1.2
v 2.38419e-07 0.4 1.1
v 0.1 0.4 1.1
v 0.2 0.4 1.1
v 0.1 0.4 1
v 0.2 0.4 1
v 0.3 0.4 1
v 0.2 0.4 0.9
v 0.3 0.4 0.9
v 0.4 0.4 0.9
v 0.3 0.4 0.8
v 0.4 0.4 0.8
v 0.5 0.4 0.8
v 0.4 0.4 0.7
v 0.5 0.4 0.7
v 0.6 0.4 0.7
v 0.5 0.4 0.6
v 0.6 0.4 0.6
v 0.7 0.4 0.6
v 0.6 0.4 0.5
v 0.7 0.4 0.5
v 0.8 0.4 0.5
v 0.7 0.4 0.4
v 0.8 0.4 0.4
v 0.9 0.4 0.4
v 0.8 0.4 0.3
v 0.9 0.4 0.3
v 1 0.4 0.3
v 0.9 0.4 0.2
v 1 0.4 0.2
v 1.1 0.4 0.2
v 1 0.4 0.0999997
v 1.1 0.4 0.0999997
v 1.2 0.4 0.0999997
v 1.1 0.4 -2.38419e-07
v 1.2 0.4 -2.38419e-07
v 1.3 0.4 -2.38419e-07
v 1.2 0.4 -0.1
v 1.3 0.4 -0.1
v 1.4 0.4 -0.1
v 1.3 0.4 -0.2
v 1.4 0.4 -0.2
v 1.5 0.4 -0.2
v 1.4 0.4 -0.3
v 1.5 0.4 -0.3
v 1.6 0.4 -0.3
v 1.5 0.4 -0.4
v 1.6 0.4 -0.4
v 1.7 0.4 -0.4
v 1.6 0.4 -0.5
v 1.7 0.4 -0.5
v 1.8 0.4 -0.5
v 1.7 0.4 -0.6
v 1.8 0.4 -0.6
v 1.9 0.4 -0.6
v 1.8 0.4 -0.7
v 1.9 0.4 -0.7
v 2 0.4 -0.7
v 1.9 0.4 -0.8
v 2 0.4 -0.8
v 2.1 0.4 -0.8
v 2 0.4 -0.9
v 2.1 0.4 -0.9
v 2.2 0.4 -0.9
v 2.1 0.4 -1
v 2.2 0.4 -1
v 2.3 0.4 -1
v 2.2 0.4 -1.1
v 2.3 0.4 -1.1
v 2.4 0.4 -1.1
v 2.3 0.4 -1.2
v 2.4 0.4 -1.2
v 2.5 0.4 -1.2
v 2.4 0.4 -1.3
v 2.5 0.4 -1.3
v 2.6 0.4 -1.3
v 2.5 0.4 -1.4
v 2.6 0.4 -1.4
v 2.7 0.4 -1.4
v 2.6 0.4 -1.5
v 2.7 0.4 -1.5
v 2.8 0.4 -1.5
v 2.7 0.4 -1.6
v 2.8 0.4 -1.6
v 2.9 0.4 -1.6
v 2.8 0.4 -1.7
v 2.9 0.4 -1.7
v 3 0.4 -1.7
v 2.9 0.4 -1.8
v 3 0.4 -1.8
v 3.1 0.4 -1.8
v 3 0.4 -1.9
v 3.1 0.4 -1.9
v 3.2 0.4 -1.9
v 3.1 0.4 -2
v 3.2 0.4 -2
v 3.3 0.4 -2
v 3.2 0.4 -2.1
v 3.3 0.4 -2.1
v 3.4 0.4 -2.1
v 3.3 0.4 -2.2
v 3.4 0.4 -2.2
v 3.5 0.4 -2.2
v 3.4 0.4 -2.3
v 3.5 0.4 -2.3
v 3.6 0.4 -2.3
v 3.5 0.4 -2.4
v 3.6 0.4 -2.4
v 3.7 0.4 -2.4
v 3.6 0.4 -2.5
v 3.7 0.4 -2.5
v 3.8 0.4 -2.5
v 3.7 0.4 -2.6
v 3.8 0.4 -2.6
v 3.9 0.4 -2.6
v 3.8 0.4 -2.7
v 3.9 0.4 -2.7
v 4 0.4 -2.7
v -2.9 0.4 -3.3
v 3.9 0.4 -3.3
v -3 0.4 -3.4
v 4 0.4 -3.4
v -1.8 1 1.8
v -1.6 1 1.8
v -1.9 1 1.7
v -1.8 1 1.7
v -1.6 1 1.7
v -1.5 1 1.7
v -1.9 1 1.5
v -1.8 1 1.5
v -1.6 1 1.5
v -1.5 1 1.5
v -1.8 1 1.4
v -1.6 1 1.4
v -2.2 1 1.3
v -2 1 1.3
v -2.2 1 1.2
v -2 1 1.2
v -2.2 1 1.1
v -2 1 1.1
v -2.5 1 1
v -2.4 1 1
v -2.3 1 1
v -2.2 1 1
v -2 1 1
v -1.9 1 1
v -1.8 1 1
v -1.7 1 1
v -1.1 1 0.9
v -0.9 1 0.9
v -2.5 1 0.8
v -2.4 1 0.8
v -2.3 1 0.8
v -2.2 1 0.8
v -2 1 0.8
v -1.9 1 0.8
v -1.8 1 0.8
v -1.7 1 0.8
v -1.2 1 0.8
v -1.1 1 0.8
v -0.9 1 0.8
v -0.8 1 0.8
v -2.2 1 0.7
v -2 1 0.7
v -2.2 1 0.6
v -2 1 0.6
v -1.2 1 0.6
v -1.1 1 0.6
v -0.9 1 0.6
v -0.8 1 0.6
v -2.2 1 0.5
v -2 1 0.5
v -1.1 1 0.5
v -0.9 1 0.5
v -1.5 1 0.0999997
v -1.3 1 0.0999997
v -1.6 1 -2.38419e-07
v -1.5 1 -2.38419e-07
v -1.3 1 -2.38419e-07
v -1.2 1 -2.38419e-07
v 0.5 1 -2.38419e-07
v 0.7 1 -2.38419e-07
v 0.4 1 -0.1
v 0.5 1 -0.1
v 0.7 1 -0.1
v 0.8 1 -0.1
v -1.6 1 -0.2
v -1.5 1 -0.2
v -1.3 1 -0.2
v -1.2 1 -0.2
v -1.5 1 -0.3
v -1.3 1 -0.3
v -0.6 1 -0.3
v -0.4 1 -0.3
v 0.4 1 -0.3
v 0.5 1 -0.3
v 0.7 1 -0.3
v 0.8 1 -0.3
v -1.8 1 -0.4
v -1.6 1 -0.4
v -0.7 1 -0.4
v -0.6 1 -0.4
v -0.4 1 -0.4
v -0.3 1 -0.4
v 0.5 1 -0.4
v 0.7 1 -0.4
v -1.8 1 -0.5
v -1.6 1 -0.5
v -1.8 1 -0.6
v -1.6 1 -0.6
v -0.7 1 -0.6
v -0.6 1 -0.6
v -0.4 1 -0.6
v -0.3 1 -0.6
v -2.1 1 -0.7
v -2 1 -0.7
v -1.9 1 -0.7
v -1.8 1 -0.7
v -1.6 1 -0.7
v -1.5 1 -0.7
v -1.4 1 -0.7
v -1.3 1 -0.7
v -0.6 1 -0.7
v -0.4 1 -0.7
v -2.1 1 -0.9
v -2 1 -0.9
v -1.9 1 -0.9
v -1.8 1 -0.9
v -1.6 1 -0.9
v -1.5 1 -0.9
v -1.4 1 -0.9
v -1.3 1 -0.9
v 0.7 1 -0.9
v 0.9 1 -0.9
v -1.8 1 -1
v -1.6 1 -1
v 0.6 1 -1
v 0.7 1 -1
v 0.9 1 -1
v 1 1 -1
v -1.8 1 -1.1
v -1.6 1 -1.1
v -0.3 1 -1.1
v -0.0999999 1 -1.1
v -1.8 1 -1.2
v -1.6 1 -1.2
v -1 1 -1.2
v -0.8 1 -1.2
v -0.4 1 -1.2
v -0.3 1 -1.2
v -0.0999999 1 -1.2
v 2.38419e-07 1 -1.2
v 0.6 1 -1.2
v 0.7 1 -1.2
v 0.9 1 -1.2
v 1 1 -1.2
v -1 1 -1.3
v -0.8 1 -1.3
v 0.7 1 -1.3
v 0.9 1 -1.3
v -1 1 -1.4
v -0.8 1 -1.4
v -0.4 1 -1.4
v -0.3 1 -1.4
v -0.0999999 1 -1.4
v 2.38419e-07 1 -1.4
v -1.3 1 -1.5
v -1.2 1 -1.5
v -1.1 1 -1.5
v -1 1 -1.5
v -0.8 1 -1.5
v -0.7 1 -1.5
v -0.6 1 -1.5
v -0.5 1 -1.5
v -0.3 1 -1.5
v -0.0999999 1 -1.5
v 1.3 1 -1.5
v 1.5 1 -1.5
v 1.2 1 -1.6
v 1.3 1 -1.6
v 1.5 1 -1.6
v 1.6 1 -1.6
v -1.3 1 -1.7
v -1.2 1 -1.7
v -1.1 1 -1.7
v -1 1 -1.7
v -0.8 1 -1.7
v -0.7 1 -1.7
v -0.6 1 -1.7
v -0.5 1 -1.7
v -1 1 -1.8
v -0.8 1 -1.8
v 1.2 1 -1.8
v 1.3 1 -1.8
v 1.5 1 -1.8
v 1.6 1 -1.8
v -1 1 -1.9
v -0.8 1 -1.9
v 1.3 1 -1.9
v 1.5 1 -1.9
v -1 1 -2
v -0.8 1 -2
v -2 1 -2.2
v -1.8 1 -2.2
v -1.1 1 -2.2
v -0.9 1 -2.2
v 0.5 1 -2.2
v 0.7 1 -2.2
v -2.1 1 -2.3
v -2 1 -2.3
v -1.8 1 -2.3
v -1.7 1 -2.3
v -1.2 1 -2.3
v -1.1 1 -2.3
v -0.9 1 -2.3
v -0.8 1 -2.3
v 0.4 1 -2.3
v 0.5 1 -2.3
v 0.7 1 -2.3
v 0.8 1 -2.3
v -2.1 1 -2.5
v -2 1 -2.5
v -1.8 1 -2.5
v -1.7 1 -2.5
v -1.2 1 -2.5
v -1.1 1 -2.5
v -0.9 1 -2.5
v -0.8 1 -2.5
v 0.4 1 -2.5
v 0.5 1 -2.5
v 0.7 1 -2.5
v 0.8 1 -2.5
v -2 1 -2.6
v -1.8 1 -2.6
v -1.1 1 -2.6
v -0.9 1 -2.6
v 0.5 1 -2.6
v 0.7 1 -2.6
v 3 1 -2.7
v 3.2 1 -2.7
v 2.9 1 -2.8
v 3 1 -2.8
v 3.2 1 -2.8
v 3.3 1 -2.8
v 2.9 1 -3
v 3 1 -3
v 3.2 1 -3
v 3.3 1 -3
v 3 1 -3.1
v 3.2 1 -3.1
v -1.9 1.1 2.4
v -1.7 1.1 2.4
v -1.9 1.1 2.3
v -1.7 1.1 2.3
v -1.8 1.1 1.9
v -1.6 1.1 1.9
v -1.8 1.1 1.8
v -1.6 1.1 1.8
v -2 1.1 1.7
v -1.9 1.1 1.7
v -1.5 1.1 1.7
v -1.4 1.1 1.7
v -2 1.1 1.5
v -1.9 1.1 1.5
v -1.5 1.1 1.5
v -1.4 1.1 1.5
v -1.8 1.1 1.4
v -1.6 1.1 1.4
v -1.8 1.1 1.3
v -1.6 1.1 1.3
v -2.2 1.1 1.2
v -2 1.1 1.2
v -2.2 1.1 1.1
v -2 1.1 1.1
v -2.4 1.1 1
v -2.3 1.1 1
v -1.9 1.1 1
v -1.8 1.1 1
v -1.1 1.1 1
v -0.9 1.1 1
v -1.1 1.1 0.9
v -0.9 1.1 0.9
v -2.4 1.1 0.8
v -2.3 1.1 0.8
v -1.9 1.1 0.8
v -1.8 1.1 0.8
v -1.3 1.1 0.8
v -1.2 1.1 0.8
v -0.8 1.1 0.8
v -0.7 1.1 0.8
v -2.2 1.1 0.7
v -2 1.1 0.7
v -2.2 1.1 0.6
v -2 1.1 0.6
v -1.3 1.1 0.6
v -1.2 1.1 0.6
v -0.8 1.1 0.6
v -0.7 1.1 0.6
v -1.1 1.1 0.5
v -0.9 1.1 0.5
v -1.1 1.1 0.4
v -0.9 1.1 0.4
v -1.5 1.1 0.2
v -1.3 1.1 0.2
v -1.5 1.1 0.0999997
v -1.3 1.1 0.0999997
v 0.5 1.1 0.0999997
v 0.7 1.1 0.0999997
v -1.7 1.1 -2.38419e-07
v -1.6 1.1 -2.38419e-07
v -1.2 1.1 -2.38419e-07
v -1.1 1.1 -2.38419e-07
v 0.5 1.1 -2.38419e-07
v 0.7 1.1 -2.38419e-07
v 0.3 1.1 -0.1
v 0.4 1.1 -0.1
v 0.8 1.1 -0.1
v 0.9 1.1 -0.1
v -1.7 1.1 -0.2
v -1.6 1.1 -0.2
v -1.2 1.1 -0.2
v -1.1 1.1 -0.2
v -0.6 1.1 -0.2
v -0.4 1.1 -0.2
v -1.5 1.1 -0.3
v -1.3 1.1 -0.3
v -0.6 1.1 -0.3
v -0.4 1.1 -0.3
v 0.3 1.1 -0.3
v 0.4 1.1 -0.3
v 0.8 1.1 -0.3
v 0.9 1.1 -0.3
v -1.5 1.1 -0.4
v -1.3 1.1 -0.4
v -0.8 1.1 -0.4
v -0.7 1.1 -0.4
v -0.3 1.1 -0.4
v -0.2 1.1 -0.4
v 0.5 1.1 -0.4
v 0.7 1.1 -0.4
v -1.8 1.1 -0.5
v -1.6 1.1 -0.5
v 0.5 1.1 -0.5
v 0.7 1.1 -0.5
v -1.8 1.1 -0.6
v -1.6 1.1 -0.6
v -0.8 1.1 -0.6
v -0.7 1.1 -0.6
v -0.3 1.1 -0.6
v -0.2 1.1 -0.6
v -2 1.1 -0.7
v -1.9 1.1 -0.7
v -1.5 1.1 -0.7
v -1.4 1.1 -0.7
v -0.6 1.1 -0.7
v -0.4 1.1 -0.7
v -0.6 1.1 -0.8
v -0.4 1.1 -0.8
v 0.7 1.1 -0.8
v 0.9 1.1 -0.8
v -2 1.1 -0.9
v -1.9 1.1 -0.9
v -1.5 1.1 -0.9
v -1.4 1.1 -0.9
v 0.7 1.1 -0.9
v 0.9 1.1 -0.9
v -1.8 1.1 -1
v -1.6 1.1 -1
v -0.3 1.1 -1
v -0.0999999 1.1 -1
v 0.5 1.1 -1
v 0.6 1.1 -1
v 1 1.1 -1
v 1.1 1.1 -1
v -1.8 1.1 -1.1
v -1.6 1.1 -1.1
v -0.3 1.1 -1.1
v -0.0999999 1.1 -1.1
v -0.5 1.1 -1.2
v -0.4 1.1 -1.2
v 2.38419e-07 1.1 -1.2
v 0.1 1.1 -1.2
v 0.5 1.1 -1.2
v 0.6 1.1 -1.2
v 1 1.1 -1.2
v 1.1 1.1 -1.2
v -1 1.1 -1.3
v -0.8 1.1 -1.3
v 0.7 1.1 -1.3
v 0.9 1.1 -1.3
v -1.6 1.1 -1.4
v -1.4 1.1 -1.4
v -1 1.1 -1.4
v -0.8 1.1 -1.4
v -0.5 1.1 -1.4
v -0.4 1.1 -1.4
v 2.38419e-07 1.1 -1.4
v 0.1 1.1 -1.4
v 0.7 1.1 -1.4
v 0.9 1.1 -1.4
v 1.3 1.1 -1.4
v 1.5 1.1 -1.4
v -1.6 1.1 -1.5
v -1.4 1.1 -1.5
v -1.2 1.1 -1.5
v -1.1 1.1 -1.5
v -0.7 1.1 -1.5
v -0.6 1.1 -1.5
v -0.3 1.1 -1.5
v -0.0999999 1.1 -1.5
v 1.3 1.1 -1.5
v 1.5 1.1 -1.5
v -0.3 1.1 -1.6
v -0.0999999 1.1 -1.6
v 1.1 1.1 -1.6
v 1.2 1.1 -1.6
v 1.6 1.1 -1.6
v 1.7 1.1 -1.6
v -1.2 1.1 -1.7
v -1.1 1.1 -1.7
v -0.7 1.1 -1.7
v -0.6 1.1 -1.7
v -1 1.1 -1.8
v -0.8 1.1 -1.8
v 1.1 1.1 -1.8
v 1.2 1.1 -1.8
v 1.6 1.1 -1.8
v 1.7 1.1 -1.8
v -1 1.1 -1.9
v -0.8 1.1 -1.9
v 1.3 1.1 -1.9
v 1.5 1.1 -1.9
v 1.3 1.1 -2
v 1.5 1.1 -2
v -2 1.1 -2.1
v -1.8 1.1 -2.1
v -1.1 1.1 -2.1
v -0.9 1.1 -2.1
v 0.5 1.1 -2.1
v 0.7 1.1 -2.1
v -2 1.1 -2.2
v -1.8 1.1 -2.2
v -1.1 1.1 -2.2
v -0.9 1.1 -2.2
v 0.5 1.1 -2.2
v 0.7 1.1 -2.2
v -1.7 1.1 -2.3
v -1.6 1.1 -2.3
v -1.3 1.1 -2.3
v -1.2 1.1 -2.3
v -0.8 1.1 -2.3
v -0.7 1.1 -2.3
v 0.3 1.1 -2.3
v 0.4 1.1 -2.3
v 0.8 1.1 -2.3
v 0.9 1.1 -2.3
v -2.2 1.1 -2.4
v -2.1 1.1 -2.4
v -2.2 1.1 -2.5
v -2.1 1.1 -2.5
v -1.7 1.1 -2.5
v -1.6 1.1 -2.5
v -1.3 1.1 -2.5
v -1.2 1.1 -2.5
v -0.8 1.1 -2.5
v -0.7 1.1 -2.5
v 0.3 1.1 -2.5
v 0.4 1.1 -2.5
v 0.8 1.1 -2.5
v 0.9 1.1 -2.5
v -2 1.1 -2.6
v -1.8 1.1 -2.6
v -1.1 1.1 -2.6
v -0.9 1.1 -2.6
v 0.5 1.1 -2.6
v 0.7 1.1 -2.6
v 3 1.1 -2.6
v 3.2 1.1 -2.6
v -2 1.1 -2.7
v -1.8 1.1 -2.7
v -1.1 1.1 -2.7
v -0.9 1.1 -2.7
v 0.5 1.1 -2.7
v 0.7 1.1 -2.7
v 3 1.1 -2.7
v 3.2 1.1 -2.7
v 2.8 1.1 -2.8
v 2.9 1.1 -2.8
v 3.3 1.1 -2.8
v 3.4 1.1 -2.8
v 0.1 1.1 -2.9
v 0.3 1.1 -2.9
v 0.1 1.1 -3
v 0.3 1.1 -3
v 2.8 1.1 -3
v 2.9 1.1 -3
v 3.3 1.1 -3
v 3.4 1.1 -3
v 3 1.1 -3.1
v 3.2 1.1 -3.1
v 3 1.1 -3.2
v 3.2 1.1 -3.2
v -2.2 1.2 2.6
v -2.1 1.2 2.6
v -2.4 1.2 2.4
v -2.2 1.2 2.4
v -2.1 1.2 2.4
v -1.9 1.2 2.4
v -2.4 1.2 2.3
v -2.3 1.2 2.3
v -2.2 1.2 2.3
v -2.1 1.2 2.3
v -1.9 1.2 2.3
v -2.3 1.2 2.2
v -2.1 1.2 2.2
v -1.8 1.2 2
v -1.6 1.2 2
v -1.8 1.2 1.9
v -1.6 1.2 1.9
v -2.1 1.2 1.7
v -2 1.2 1.7
v -1.4 1.2 1.7
v -1.3 1.2 1.7
v -2.1 1.2 1.5
v -2 1.2 1.5
v -1.4 1.2 1.5
v -1.3 1.2 1.5
v -1.8 1.2 1.3
v -1.6 1.2 1.3
v -1.8 1.2 1.2
v -1.6 1.2 1.2
v -1 1.2 1.2
v -0.9 1.2 1.2
v -1.1 1.2 1.1
v -1 1.2 1.1
v -0.9 1.2 1.1
v -1.1 1.2 1
v -0.9 1.2 1
v -1.4 1.2 0.8
v -1.3 1.2 0.8
v -0.7 1.2 0.8
v -0.6 1.2 0.8
v -0.5 1.2 0.8
v -0.6 1.2 0.7
v -0.5 1.2 0.7
v -1.4 1.2 0.6
v -1.3 1.2 0.6
v -0.7 1.2 0.6
v -0.6 1.2 0.6
v -1.1 1.2 0.4
v -0.9 1.2 0.4
v -1.5 1.2 0.3
v -1.3 1.2 0.3
v -1.1 1.2 0.3
v -0.9 1.2 0.3
v -1.5 1.2 0.2
v -1.3 1.2 0.2
v 0.5 1.2 0.2
v 0.7 1.2 0.2
v 0.5 1.2 0.0999997
v 0.7 1.2 0.0999997
v -1.8 1.2 -2.38419e-07
v -1.7 1.2 -2.38419e-07
v -1.1 1.2 -2.38419e-07
v -1 1.2 -2.38419e-07
v -0.6 1.2 -0.1
v -0.4 1.2 -0.1
v 0.2 1.2 -0.1
v 0.3 1.2 -0.1
v 0.9 1.2 -0.1
v 1 1.2 -0.1
v -1.8 1.2 -0.2
v -1.7 1.2 -0.2
v -1.1 1.2 -0.2
v -1 1.2 -0.2
v -0.6 1.2 -0.2
v -0.4 1.2 -0.2
v 0.2 1.2 -0.3
v 0.3 1.2 -0.3
v 0.9 1.2 -0.3
v 1 1.2 -0.3
v -1.5 1.2 -0.4
v -1.3 1.2 -0.4
v -0.9 1.2 -0.4
v -0.8 1.2 -0.4
v -0.2 1.2 -0.4
v -0.0999999 1.2 -0.4
v -1.5 1.2 -0.5
v -1.3 1.2 -0.5
v 0.5 1.2 -0.5
v 0.7 1.2 -0.5
v -0.9 1.2 -0.6
v -0.8 1.2 -0.6
v -0.2 1.2 -0.6
v -0.0999999 1.2 -0.6
v 0.5 1.2 -0.6
v 0.7 1.2 -0.6
v 0.7 1.2 -0.7
v 0.9 1.2 -0.7
v -0.6 1.2 -0.8
v -0.4 1.2 -0.8
v 0.7 1.2 -0.8
v 0.9 1.2 -0.8
v -0.6 1.2 -0.9
v -0.4 1.2 -0.9
v -0.3 1.2 -0.9
v -0.0999999 1.2 -0.9
v -0.3 1.2 -1
v -0.0999999 1.2 -1
v 0.4 1.2 -1
v 0.5 1.2 -1
v 1.1 1.2 -1
v 1.2 1.2 -1
v -1.9 1.2 -1.2
v -1.8 1.2 -1.2
v -0.6 1.2 -1.2
v -0.5 1.2 -1.2
v 0.1 1.2 -1.2
v 0.2 1.2 -1.2
v 0.4 1.2 -1.2
v 0.5 1.2 -1.2
v 1.1 1.2 -1.2
v 1.2 1.2 -1.2
v 1.3 1.2 -1.3
v 1.5 1.2 -1.3
v -2.1 1.2 -1.4
v -1.9 1.2 -1.4
v -1.8 1.2 -1.4
v -1.6 1.2 -1.4
v -0.6 1.2 -1.4
v -0.5 1.2 -1.4
v 0.1 1.2 -1.4
v 0.2 1.2 -1.4
v 0.7 1.2 -1.4
v 0.9 1.2 -1.4
v 1.3 1.2 -1.4
v 1.5 1.2 -1.4
v -2.1 1.2 -1.5
v -2 1.2 -1.5
v -1.9 1.2 -1.5
v -1.8 1.2 -1.5
v -1.6 1.2 -1.5
v 0.7 1.2 -1.5
v 0.9 1.2 -1.5
v -2 1.2 -1.6
v -1.8 1.2 -1.6
v -0.3 1.2 -1.6
v -0.0999999 1.2 -1.6
v 1 1.2 -1.6
v 1.1 1.2 -1.6
v 1.7 1.2 -1.6
v 1.8 1.2 -1.6
v -0.3 1.2 -1.7
v -0.0999999 1.2 -1.7
v 1 1.2 -1.8
v 1.1 1.2 -1.8
v 1.7 1.2 -1.8
v 1.8 1.2 -1.8
v -2 1.2 -2
v -1.8 1.2 -2
v -1.1 1.2 -2
v -0.9 1.2 -2
v 0.5 1.2 -2
v 0.7 1.2 -2
v 1.3 1.2 -2
v 1.5 1.2 -2
v -2 1.2 -2.1
v -1.8 1.2 -2.1
v -1.1 1.2 -2.1
v -0.9 1.2 -2.1
v 0.5 1.2 -2.1
v 0.7 1.2 -2.1
v 1.3 1.2 -2.1
v 1.5 1.2 -2.1
v -2.3 1.2 -2.3
v -2.2 1.2 -2.3
v -1.6 1.2 -2.3
v -1.5 1.2 -2.3
v -1.4 1.2 -2.3
v -1.3 1.2 -2.3
v -0.7 1.2 -2.3
v -0.6 1.2 -2.3
v 0.2 1.2 -2.3
v 0.3 1.2 -2.3
v 0.9 1.2 -2.3
v 1 1.2 -2.3
v -2.2 1.2 -2.4
v -2.3 1.2 -2.5
v -2.2 1.2 -2.5
v -1.6 1.2 -2.5
v -1.5 1.2 -2.5
v -1.4 1.2 -2.5
v -1.3 1.2 -2.5
v -0.7 1.2 -2.5
v -0.6 1.2 -2.5
v 0.2 1.2 -2.5
v 0.3 1.2 -2.5
v 0.9 1.2 -2.5
v 1 1.2 -2.5
v 3 1.2 -2.5
v 3.2 1.2 -2.5
v 3 1.2 -2.6
v 3.2 1.2 -2.6
v -2 1.2 -2.7
v -1.8 1.2 -2.7
v -1.1 1.2 -2.7
v -0.9 1.2 -2.7
v -0.2 1.2 -2.7
v -0.0999999 1.2 -2.7
v 0.5 1.2 -2.7
v 0.7 1.2 -2.7
v -2 1.2 -2.8
v -1.8 1.2 -2.8
v -1.1 1.2 -2.8
v -0.9 1.2 -2.8
v 0.5 1.2 -2.8
v 0.7 1.2 -2.8
v 2.7 1.2 -2.8
v 2.8 1.2 -2.8
v 3.4 1.2 -2.8
v 3.5 1.2 -2.8
v -0.4 1.2 -2.9
v -0.2 1.2 -2.9
v -0.0999999 1.2 -2.9
v 0.1 1.2 -2.9
v -0.4 1.2 -3
v -0.3 1.2 -3
v -0.2 1.2 -3
v -0.0999999 1.2 -3
v 0.1 1.2 -3
v 2.7 1.2 -3
v 2.8 1.2 -3
v 3.4 1.2 -3
v 3.5 1.2 -3
v -0.3 1.2 -3.1
v -0.0999999 1.2 -3.1
v 3 1.2 -3.2
v 3.2 1.2 -3.2
v 3 1.2 -3.3
v 3.2 1.2 -3.3
v -2.2 1.3 2.7
v -2.1 1.3 2.7
v -2.2 1.3 2.6
v -2.1 1.3 2.6
v -2.5 1.3 2.4
v -2.4 1.3 2.4
v -2.5 1.3 2.3
v -2.4 1.3 2.3
v -2.3 1.3 2.2
v -2.2 1.3 2.2
v -2.3 1.3 2.1
v -2.2 1.3 2.1
v -1.8 1.3 2.1
v -1.6 1.3 2.1
v -1.8 1.3 2
v -1.6 1.3 2
v -2.2 1.3 1.7
v -2.1 1.3 1.7
v -1.3 1.3 1.7
v -1.2 1.3 1.7
v -2.2 1.3 1.5
v -2.1 1.3 1.5
v -1.3 1.3 1.5
v -1.2 1.3 1.5
v -1 1.3 1.3
v -0.9 1.3 1.3
v -1.8 1.3 1.2
v -1.6 1.3 1.2
v -1 1.3 1.2
v -0.9 1.3 1.2
v -1.8 1.3 1.1
v -1.6 1.3 1.1
v -1.5 1.3 0.4
v -1.3 1.3 0.4
v -1.8 1.3 0.3
v -1.7 1.3 0.3
v -1.5 1.3 0.3
v -1.3 1.3 0.3
v -1.1 1.3 0.3
v -1 1.3 0.3
v 0.5 1.3 0.3
v 0.7 1.3 0.3
v -1.8 1.3 0.2
v -1.7 1.3 0.2
v -1.1 1.3 0.2
v -1 1.3 0.2
v 0.5 1.3 0.2
v 0.7 1.3 0.2
v -1.6 1.3 0.0999997
v -1.5 1.3 0.0999997
v -1.3 1.3 0.0999997
v -1.2 1.3 0.0999997
v -1.9 1.3 -2.38419e-07
v -1.8 1.3 -2.38419e-07
v -1.6 1.3 -2.38419e-07
v -1.5 1.3 -2.38419e-07
v -1.3 1.3 -2.38419e-07
v -1.2 1.3 -2.38419e-07
v -1 1.3 -2.38419e-07
v -0.9 1.3 -2.38419e-07
v 0.1 1.3 -0.1
v 0.2 1.3 -0.1
v 1 1.3 -0.1
v 1.1 1.3 -0.1
v -1.9 1.3 -0.2
v -1.8 1.3 -0.2
v -1.6 1.3 -0.2
v -1.5 1.3 -0.2
v -1.3 1.3 -0.2
v -1.2 1.3 -0.2
v -1 1.3 -0.2
v -0.9 1.3 -0.2
v -1.6 1.3 -0.3
v -1.5 1.3 -0.3
v -1.3 1.3 -0.3
v -1.2 1.3 -0.3
v 0.1 1.3 -0.3
v 0.2 1.3 -0.3
v 1 1.3 -0.3
v 1.1 1.3 -0.3
v -1.8 1.3 -0.4
v -1.7 1.3 -0.4
v -1.1 1.3 -0.4
v -1 1.3 -0.4
v -1.8 1.3 -0.5
v -1.7 1.3 -0.5
v -1.5 1.3 -0.5
v -1.3 1.3 -0.5
v -1.1 1.3 -0.5
v -1 1.3 -0.5
v -1.5 1.3 -0.6
v -1.3 1.3 -0.6
v 0.5 1.3 -0.6
v 0.7 1.3 -0.6
v -0.3 1.3 -0.7
v -0.0999999 1.3 -0.7
v 0.5 1.3 -0.7
v 0.7 1.3 -0.7
v -0.3 1.3 -0.8
v -0.0999999 1.3 -0.8
v -0.3 1.3 -0.9
v -0.0999999 1.3 -0.9
v -1.9 1.3 -1.1
v -1.8 1.3 -1.1
v -1.9 1.3 -1.2
v -1.8 1.3 -1.2
v -0.8 1.3 -1.2
v -0.7 1.3 -1.2
v -0.6 1.3 -1.2
v 0.2 1.3 -1.2
v 0.3 1.3 -1.2
v 1.3 1.3 -1.2
v 1.5 1.3 -1.2
v -0.8 1.3 -1.3
v -0.7 1.3 -1.3
v 0.3 1.3 -1.3
v 0.4 1.3 -1.3
v 1 1.3 -1.3
v 1.1 1.3 -1.3
v 1.3 1.3 -1.3
v 1.5 1.3 -1.3
v 1.7 1.3 -1.3
v 1.8 1.3 -1.3
v -2.2 1.3 -1.4
v -2.1 1.3 -1.4
v -0.7 1.3 -1.4
v -0.6 1.3 -1.4
v 0.2 1.3 -1.4
v 0.3 1.3 -1.4
v 0.4 1.3 -1.4
v 1 1.3 -1.4
v 1.1 1.3 -1.4
v 1.7 1.3 -1.4
v 1.8 1.3 -1.4
v -2.2 1.3 -1.5
v -2.1 1.3 -1.5
v 1.2 1.3 -1.5
v 1.3 1.3 -1.5
v 1.5 1.3 -1.5
v 1.6 1.3 -1.5
v -2 1.3 -1.6
v -1.9 1.3 -1.6
v 0.9 1.3 -1.6
v 1 1.3 -1.6
v 1.2 1.3 -1.6
v 1.3 1.3 -1.6
v 1.5 1.3 -1.6
v 1.6 1.3 -1.6
v 1.8 1.3 -1.6
v 1.9 1.3 -1.6
v -2 1.3 -1.7
v -1.9 1.3 -1.7
v -0.3 1.3 -1.7
v -0.0999999 1.3 -1.7
v -2 1.3 -1.8
v -1.8 1.3 -1.8
v -0.3 1.3 -1.8
v -0.0999999 1.3 -1.8
v 0.9 1.3 -1.8
v 1 1.3 -1.8
v 1.2 1.3 -1.8
v 1.3 1.3 -1.8
v 1.5 1.3 -1.8
v 1.6 1.3 -1.8
v 1.8 1.3 -1.8
v 1.9 1.3 -1.8
v -2 1.3 -1.9
v -1.8 1.3 -1.9
v -0.3 1.3 -1.9
v -0.0999999 1.3 -1.9
v 0.5 1.3 -1.9
v 0.7 1.3 -1.9
v 1.2 1.3 -1.9
v 1.3 1.3 -1.9
v 1.5 1.3 -1.9
v 1.6 1.3 -1.9
v -2 1.3 -2
v -1.8 1.3 -2
v 0.5 1.3 -2
v 0.7 1.3 -2
v 1 1.3 -2
v 1.1 1.3 -2
v 1.7 1.3 -2
v 1.8 1.3 -2
v 1 1.3 -2.1
v 1.1 1.3 -2.1
v 1.3 1.3 -2.1
v 1.5 1.3 -2.1
v 1.7 1.3 -2.1
v 1.8 1.3 -2.1
v 1.3 1.3 -2.2
v 1.5 1.3 -2.2
v -2.5 1.3 -2.3
v -2.4 1.3 -2.3
v -2.3 1.3 -2.3
v -1.5 1.3 -2.3
v -1.4 1.3 -2.3
v 0.1 1.3 -2.3
v 0.2 1.3 -2.3
v 1 1.3 -2.3
v 1.1 1.3 -2.3
v -2.5 1.3 -2.4
v -2.4 1.3 -2.4
v 3 1.3 -2.4
v 3.2 1.3 -2.4
v -2.4 1.3 -2.5
v -2.3 1.3 -2.5
v -1.5 1.3 -2.5
v -1.4 1.3 -2.5
v 0.1 1.3 -2.5
v 0.2 1.3 -2.5
v 1 1.3 -2.5
v 1.1 1.3 -2.5
v 2.7 1.3 -2.5
v 2.8 1.3 -2.5
v 3 1.3 -2.5
v 3.2 1.3 -2.5
v 3.4 1.3 -2.5
v 3.5 1.3 -2.5
v -0.2 1.3 -2.6
v -0.0999999 1.3 -2.6
v 2.7 1.3 -2.6
v 2.8 1.3 -2.6
v 3.4 1.3 -2.6
v 3.5 1.3 -2.6
v -0.2 1.3 -2.7
v -0.0999999 1.3 -2.7
v 2.9 1.3 -2.7
v 3 1.3 -2.7
v 3.2 1.3 -2.7
v 3.3 1.3 -2.7
v -2 1.3 -2.8
v -1.8 1.3 -2.8
v 0.5 1.3 -2.8
v 0.7 1.3 -2.8
v 2.6 1.3 -2.8
v 2.7 1.3 -2.8
v 2.9 1.3 -2.8
v 3 1.3 -2.8
v 3.2 1.3 -2.8
v 3.3 1.3 -2.8
v 3.5 1.3 -2.8
v 3.6 1.3 -2.8
v -2 1.3 -2.9
v -1.8 1.3 -2.9
v -0.5 1.3 -2.9
v -0.4 1.3 -2.9
v 0.5 1.3 -2.9
v 0.7 1.3 -2.9
v -2 1.3 -3
v -1.8 1.3 -3
v -0.5 1.3 -3
v -0.4 1.3 -3
v 2.6 1.3 -3
v 2.7 1.3 -3
v 2.9 1.3 -3
v 3 1.3 -3
v 3.2 1.3 -3
v 3.3 1.3 -3
v 3.5 1.3 -3
v 3.6 1.3 -3
v -0.3 1.3 -3.1
v -0.2 1.3 -3.1
v 2.9 1.3 -3.1
v 3 1.3 -3.1
v 3.2 1.3 -3.1
v 3.3 1.3 -3.1
v -0.3 1.3 -3.2
v -0.2 1.3 -3.2
v 2.7 1.3 -3.2
v 2.8 1.3 -3.2
v 3.4 1.3 -3.2
v 3.5 1.3 -3.2
v 2.7 1.3 -3.3
v 2.8 1.3 -3.3
v 3 1.3 -3.3
v 3.2 1.3 -3.3
v 3.4 1.3 -3.3
v 3.5 1.3 -3.3
v 3 1.3 -3.4
v 3.2 1.3 -3.4
v -2.2 1.4 2.8
v -2 1.4 2.8
v -2.2 1.4 2.7
v -2.1 1.4 2.7
v -2 1.4 2.7
v -2.6 1.4 2.4
v -2.5 1.4 2.4
v -2.1 1.4 2.4
v -2 1.4 2.4
v -2.6 1.4 2.3
v -2.5 1.4 2.3
v -2.1 1.4 2.3
v -2 1.4 2.3
v -2.3 1.4 2.1
v -2.2 1.4 2.1
v -2.1 1.4 2.1
v -2.3 1.4 2
v -2.2 1.4 2
v -2.2 1.4 1.9
v -2.1 1.4 1.9
v -1.5 1.4 1.1
v -1.3 1.4 1.1
v -1.5 1.4 0.9
v -1.3 1.4 0.9
v -1.5 1.4 0.5
v -1.3 1.4 0.5
v -1.5 1.4 0.4
v -1.3 1.4 0.4
v -1.7 1.4 0.2
v -1.6 1.4 0.2
v -1.2 1.4 0.2
v -1.1 1.4 0.2
v -1.7 1.4 0.0999997
v -1.6 1.4 0.0999997
v -1.2 1.4 0.0999997
v -1.1 1.4 0.0999997
v -2.6 1.4 -2.38419e-07
v -2.4 1.4 -2.38419e-07
v -2 1.4 -2.38419e-07
v -1.9 1.4 -2.38419e-07
v -0.9 1.4 -2.38419e-07
v -0.8 1.4 -2.38419e-07
v -0.4 1.4 -2.38419e-07
v -0.2 1.4 -2.38419e-07
v -2.6 1.4 -0.2
v -2.4 1.4 -0.2
v -2 1.4 -0.2
v -1.9 1.4 -0.2
v -0.9 1.4 -0.2
v -0.8 1.4 -0.2
v -0.4 1.4 -0.2
v -0.2 1.4 -0.2
v -1.7 1.4 -0.3
v -1.6 1.4 -0.3
v -1.2 1.4 -0.3
v -1.1 1.4 -0.3
v -1.7 1.4 -0.4
v -1.6 1.4 -0.4
v -1.2 1.4 -0.4
v -1.1 1.4 -0.4
v 1.3 1.4 -0.5
v 1.5 1.4 -0.5
v -1.5 1.4 -0.6
v -1.3 1.4 -0.6
v -1.5 1.4 -0.7
v -1.3 1.4 -0.7
v 1.3 1.4 -0.7
v 1.5 1.4 -0.7
v -1.9 1.4 -1
v -1.7 1.4 -1
v -1.9 1.4 -1.1
v -1.8 1.4 -1.1
v -1.7 1.4 -1.1
v -1.5 1.4 -1.1
v -1.3 1.4 -1.1
v 1.3 1.4 -1.1
v 1.5 1.4 -1.1
v 1.3 1.4 -1.2
v 1.5 1.4 -1.2
v -1.5 1.4 -1.3
v -1.3 1.4 -1.3
v -2.3 1.4 -1.4
v -2.2 1.4 -1.4
v -1.8 1.4 -1.4
v -1.7 1.4 -1.4
v 1.1 1.4 -1.4
v 1.2 1.4 -1.4
v 1.6 1.4 -1.4
v 1.7 1.4 -1.4
v -2.3 1.4 -1.5
v -2.2 1.4 -1.5
v -1.8 1.4 -1.5
v -1.7 1.4 -1.5
v 1.1 1.4 -1.5
v 1.2 1.4 -1.5
v 1.6 1.4 -1.5
v 1.7 1.4 -1.5
v 0.2 1.4 -1.6
v 0.3 1.4 -1.6
v 0.4 1.4 -1.6
v 0.8 1.4 -1.6
v 0.9 1.4 -1.6
v 1.9 1.4 -1.6
v 2 1.4 -1.6
v 2.4 1.4 -1.6
v 2.6 1.4 -1.6
v -2 1.4 -1.7
v -1.9 1.4 -1.7
v -1.8 1.4 -1.7
v 3 1.4 -1.7
v 3.2 1.4 -1.7
v -2 1.4 -1.8
v -1.8 1.4 -1.8
v 0.2 1.4 -1.8
v 0.3 1.4 -1.8
v 0.4 1.4 -1.8
v 0.8 1.4 -1.8
v 0.9 1.4 -1.8
v 1.9 1.4 -1.8
v 2 1.4 -1.8
v 2.4 1.4 -1.8
v 2.6 1.4 -1.8
v 1.1 1.4 -1.9
v 1.2 1.4 -1.9
v 1.6 1.4 -1.9
v 1.7 1.4 -1.9
v 3 1.4 -1.9
v 3.2 1.4 -1.9
v 1.1 1.4 -2
v 1.2 1.4 -2
v 1.6 1.4 -2
v 1.7 1.4 -2
v 1.3 1.4 -2.2
v 1.5 1.4 -2.2
v 1.3 1.4 -2.3
v 1.5 1.4 -2.3
v 3 1.4 -2.3
v 3.2 1.4 -2.3
v 3 1.4 -2.4
v 3.2 1.4 -2.4
v -0.2 1.4 -2.5
v 2.38419e-07 1.4 -2.5
v -0.2 1.4 -2.6
v -0.0999999 1.4 -2.6
v 2.38419e-07 1.4 -2.6
v 2.8 1.4 -2.6
v 2.9 1.4 -2.6
v 3.3 1.4 -2.6
v 3.4 1.4 -2.6
v 1.3 1.4 -2.7
v 1.5 1.4 -2.7
v 2.8 1.4 -2.7
v 2.9 1.4 -2.7
v 3.3 1.4 -2.7
v 3.4 1.4 -2.7
v 1.4 1.4 -2.8
v 1.5 1.4 -2.8
v 1.9 1.4 -2.8
v 2.1 1.4 -2.8
v 2.5 1.4 -2.8
v 2.6 1.4 -2.8
v 3.6 1.4 -2.8
v 3.7 1.4 -2.8
v 4.1 1.4 -2.8
v 4.3 1.4 -2.8
v -0.6 1.4 -2.9
v -0.5 1.4 -2.9
v -0.0999999 1.4 -2.9
v 2.38419e-07 1.4 -2.9
v 1.3 1.4 -2.9
v 1.4 1.4 -2.9
v 1.5 1.4 -2.9
v -0.6 1.4 -3
v -0.5 1.4 -3
v -0.0999999 1.4 -3
v 2.38419e-07 1.4 -3
v 1.9 1.4 -3
v 2.1 1.4 -3
v 2.5 1.4 -3
v 2.6 1.4 -3
v 3.6 1.4 -3
v 3.7 1.4 -3
v 4.1 1.4 -3
v 4.3 1.4 -3
v 2.8 1.4 -3.1
v 2.9 1.4 -3.1
v 3.3 1.4 -3.1
v 3.4 1.4 -3.1
v -0.3 1.4 -3.2
v -0.2 1.4 -3.2
v -0.0999999 1.4 -3.2
v 2.8 1.4 -3.2
v 2.9 1.4 -3.2
v 3.3 1.4 -3.2
v 3.4 1.4 -3.2
v -0.3 1.4 -3.3
v -0.2 1.4 -3.3
v -0.2 1.4 -3.4
v -0.0999999 1.4 -3.4
v 3 1.4 -3.4
v 3.2 1.4 -3.4
v 3 1.4 -3.5
v 3.2 1.4 -3.5
v 3 1.4 -3.9
v 3.2 1.4 -3.9
v 3 1.4 -4.1
v 3.2 1.4 -4.1
v -2.1 1.5 2.9
v -1.9 1.5 2.9
v -2.1 1.5 2.8
v -2 1.5 2.8
v -1.9 1.5 2.8
v -2.7 1.5 2.5
v -2.6 1.5 2.5
v -2.6 1.5 2.4
v -2 1.5 2.4
v -1.9 1.5 2.4
v -2.7 1.5 2.3
v -2.6 1.5 2.3
v -2 1.5 2.3
v -1.9 1.5 2.3
v -2.2 1.5 1.9
v -2.1 1.5 1.9
v -2 1.5 1.9
v -2.2 1.5 1.8
v -2 1.5 1.8
v -1.5 1.5 0.9
v -1.3 1.5 0.9
v -1.5 1.5 0.8
v -1.3 1.5 0.8
v -1.5 1.5 0.6
v -1.3 1.5 0.6
v -1.5 1.5 0.5
v -1.3 1.5 0.5
v -2.4 1.5 -2.38419e-07
v -2.3 1.5 -2.38419e-07
v -2.1 1.5 -2.38419e-07
v -2 1.5 -2.38419e-07
v -0.8 1.5 -2.38419e-07
v -0.7 1.5 -2.38419e-07
v -0.5 1.5 -2.38419e-07
v -0.4 1.5 -2.38419e-07
v -2.4 1.5 -0.2
v -2.3 1.5 -0.2
v -2.1 1.5 -0.2
v -2 1.5 -0.2
v -0.8 1.5 -0.2
v -0.7 1.5 -0.2
v -0.5 1.5 -0.2
v -0.4 1.5 -0.2
v -1.5 1.5 -0.7
v -1.3 1.5 -0.7
v 1.3 1.5 -0.7
v 1.5 1.5 -0.7
v -1.5 1.5 -0.8
v -1.3 1.5 -0.8
v 1.3 1.5 -0.8
v 1.5 1.5 -0.8
v -1.8 1.5 -0.9
v -1.6 1.5 -0.9
v -1.8 1.5 -1
v -1.7 1.5 -1
v -1.6 1.5 -1
v -1.5 1.5 -1
v -1.4 1.5 -1
v -1.3 1.5 -1
v 1.3 1.5 -1
v 1.5 1.5 -1
v -1.5 1.5 -1.1
v -1.4 1.5 -1.1
v -1.3 1.5 -1.1
v 1.3 1.5 -1.1
v 1.5 1.5 -1.1
v -2.4 1.5 -1.4
v -2.3 1.5 -1.4
v -1.7 1.5 -1.4
v -1.6 1.5 -1.4
v -2.4 1.5 -1.5
v -2.3 1.5 -1.5
v -1.7 1.5 -1.5
v -1.6 1.5 -1.5
v 0.4 1.5 -1.6
v 0.5 1.5 -1.6
v 0.7 1.5 -1.6
v 0.8 1.5 -1.6
v 2 1.5 -1.6
v 2.1 1.5 -1.6
v 2.3 1.5 -1.6
v 2.4 1.5 -1.6
v 0.4 1.5 -1.8
v 0.5 1.5 -1.8
v 0.7 1.5 -1.8
v 0.8 1.5 -1.8
v 2 1.5 -1.8
v 2.1 1.5 -1.8
v 2.3 1.5 -1.8
v 2.4 1.5 -1.8
v -1.9 1.5 -1.9
v -1.8 1.5 -1.9
v -1.7 1.5 -1.9
v 3 1.5 -1.9
v 3.2 1.5 -1.9
v -1.9 1.5 -2
v -1.7 1.5 -2
v 3 1.5 -2
v 3.2 1.5 -2
v 3 1.5 -2.2
v 3.2 1.5 -2.2
v 1.3 1.5 -2.3
v 1.5 1.5 -2.3
v 3 1.5 -2.3
v 3.2 1.5 -2.3
v -0.0999999 1.5 -2.4
v 0.1 1.5 -2.4
v 1.3 1.5 -2.4
v 1.5 1.5 -2.4
v -0.0999999 1.5 -2.5
v 2.38419e-07 1.5 -2.5
v 0.1 1.5 -2.5
v 1.4 1.5 -2.6
v 1.5 1.5 -2.6
v 1.4 1.5 -2.7
v 1.5 1.5 -2.7
v -0.7 1.5 -2.8
v -0.6 1.5 -2.8
v 2.1 1.5 -2.8
v 2.2 1.5 -2.8
v 2.4 1.5 -2.8
v 2.5 1.5 -2.8
v 3.7 1.5 -2.8
v 3.8 1.5 -2.8
v 4 1.5 -2.8
v 4.1 1.5 -2.8
v -0.6 1.5 -2.9
v 2.38419e-07 1.5 -2.9
v 0.1 1.5 -2.9
v -0.7 1.5 -3
v -0.6 1.5 -3
v 2.38419e-07 1.5 -3
v 0.1 1.5 -3
v 2.1 1.5 -3
v 2.2 1.5 -3
v 2.4 1.5 -3
v 2.5 1.5 -3
v 3.7 1.5 -3
v 3.8 1.5 -3
v 4 1.5 -3
v 4.1 1.5 -3
v -0.2 1.5 -3.4
v -0.0999999 1.5 -3.4
v 2.38419e-07 1.5 -3.4
v -0.2 1.5 -3.5
v 2.38419e-07 1.5 -3.5
v 3 1.5 -3.5
v 3.2 1.5 -3.5
v 3 1.5 -3.6
v 3.2 1.5 -3.6
v 3.1 1.5 -3.8
v 3.2 1.5 -3.8
v 3.1 1.5 -3.9
v 3.2 1.5 -3.9
v -2.8 1.6 2.5
v -2.7 1.6 2.5
v -2.8 1.6 2.4
v -2.7 1.6 2.4
v -1.9 1.6 2.4
v -1.8 1.6 2.4
v -1.9 1.6 2.3
v -1.8 1.6 2.3
v -1.5 1.6 0.8
v -1.3 1.6 0.8
v -1.5 1.6 0.6
v -1.3 1.6 0.6
v -2.3 1.6 -2.38419e-07
v -2.2 1.6 -2.38419e-07
v -2.1 1.6 -2.38419e-07
v -0.7 1.6 -2.38419e-07
v -0.5 1.6 -2.38419e-07
v -2.3 1.6 -0.1
v -2.2 1.6 -0.1
v -0.6 1.6 -0.1
v -0.5 1.6 -0.1
v -2.3 1.6 -0.2
v -2.1 1.6 -0.2
v -0.7 1.6 -0.2
v -0.6 1.6 -0.2
v -0.5 1.6 -0.2
v -1.5 1.6 -0.8
v -1.3 1.6 -0.8
v 1.3 1.6 -0.8
v 1.5 1.6 -0.8
v -1.4 1.6 -0.9
v -1.3 1.6 -0.9
v -1.5 1.6 -1
v -1.4 1.6 -1
v -1.3 1.6 -1
v 1.3 1.6 -1
v 1.5 1.6 -1
v -2.5 1.6 -1.3
v -2.4 1.6 -1.3
v -2.5 1.6 -1.4
v -2.4 1.6 -1.4
v -1.6 1.6 -1.4
v -1.5 1.6 -1.4
v -1.6 1.6 -1.5
v -1.5 1.6 -1.5
v 0.5 1.6 -1.6
v 0.6 1.6 -1.6
v 0.7 1.6 -1.6
v 2.1 1.6 -1.6
v 2.3 1.6 -1.6
v 0.5 1.6 -1.7
v 0.6 1.6 -1.7
v 2.2 1.6 -1.7
v 2.3 1.6 -1.7
v 0.5 1.6 -1.8
v 0.7 1.6 -1.8
v 2.1 1.6 -1.8
v 2.2 1.6 -1.8
v 2.3 1.6 -1.8
v 3 1.6 -2
v 3.2 1.6 -2
v 3 1.6 -2.2
v 3.2 1.6 -2.2
v 1.3 1.6 -2.4
v 1.5 1.6 -2.4
v 1.4 1.6 -2.5
v 1.5 1.6 -2.5
v 1.3 1.6 -2.6
v 1.4 1.6 -2.6
v 1.5 1.6 -2.6
v 1.3 1.6 -2.7
v 1.4 1.6 -2.7
v -0.8 1.6 -2.8
v -0.7 1.6 -2.8
v 2.2 1.6 -2.8
v 2.3 1.6 -2.8
v 2.4 1.6 -2.8
v 3.8 1.6 -2.8
v 4 1.6 -2.8
v -0.8 1.6 -2.9
v -0.7 1.6 -2.9
v 0.1 1.6 -2.9
v 0.2 1.6 -2.9
v 2.2 1.6 -2.9
v 2.3 1.6 -2.9
v 3.9 1.6 -2.9
v 4 1.6 -2.9
v 0.1 1.6 -3
v 0.2 1.6 -3
v 2.2 1.6 -3
v 2.4 1.6 -3
v 3.8 1.6 -3
v 3.9 1.6 -3
v 4 1.6 -3
v 3 1.6 -3.6
v 3.2 1.6 -3.6
v 3.1 1.6 -3.7
v 3.2 1.6 -3.7
v 3 1.6 -3.8
v 3.1 1.6 -3.8
v 3.2 1.6 -3.8
v 3 1.6 -3.9
v 3.1 1.6 -3.9
v -1.9 1.7 2.5
v -1.7 1.7 2.5
v -1.9 1.7 2.4
v -1.8 1.7 2.4
v -1.7 1.7 2.4
v -1.1 1.7 0.9
v -0.9 1.7 0.9
v -1.2 1.7 0.8
v -1.1 1.7 0.8
v -0.9 1.7 0.8
v -0.8 1.7 0.8
v -0.5 1.7 0.7
v -0.4 1.7 0.7
v -1.2 1.7 0.6
v -1.1 1.7 0.6
v -0.9 1.7 0.6
v -0.8 1.7 0.6
v -0.5 1.7 0.6
v -0.4 1.7 0.6
v -1.1 1.7 0.5
v -0.9 1.7 0.5
v -1.6 1.7 -1.3
v -1.4 1.7 -1.3
v -1.6 1.7 -1.4
v -1.5 1.7 -1.4
v -1.4 1.7 -1.4
v 0.1 1.7 -2.8
v 0.3 1.7 -2.8
v 0.1 1.7 -2.9
v 0.2 1.7 -2.9
v 0.3 1.7 -2.9
v -1.8 1.8 2.6
v -1.7 1.8 2.6
v -1.8 1.8 2.5
v -1.7 1.8 2.5
v -1.1 1.8 1.3
v -0.9 1.8 1.3
v -1.1 1.8 1.1
v -0.9 1.8 1.1
v -1.1 1.8 1
v -0.9 1.8 1
v -1.1 1.8 0.9
v -0.9 1.8 0.9
v -1.6 1.8 0.8
v -1.5 1.8 0.8
v -1.3 1.8 0.8
v -1.2 1.8 0.8
v -0.8 1.8 0.8
v -0.7 1.8 0.8
v -0.6 1.8 0.8
v -0.4 1.8 0.8
v -0.5 1.8 0.7
v -0.4 1.8 0.7
v -1.6 1.8 0.6
v -1.5 1.8 0.6
v -1.3 1.8 0.6
v -1.2 1.8 0.6
v -0.8 1.8 0.6
v -0.7 1.8 0.6
v -0.6 1.8 0.6
v -0.5 1.8 0.6
v -1.1 1.8 0.5
v -0.9 1.8 0.5
v -1.1 1.8 0.4
v -0.9 1.8 0.4
v -1.1 1.8 0.3
v -0.9 1.8 0.3
v -1.1 1.8 0.0999997
v -0.9 1.8 0.0999997
v -1.5 1.8 -1.2
v -1.4 1.8 -1.2
v -1.5 1.8 -1.3
v -1.4 1.8 -1.3
v 1.3 1.8 -1.5
v 1.5 1.8 -1.5
v 1.2 1.8 -1.6
v 1.3 1.8 -1.6
v 1.5 1.8 -1.6
v 1.6 1.8 -1.6
v 1.2 1.8 -1.8
v 1.3 1.8 -1.8
v 1.5 1.8 -1.8
v 1.6 1.8 -1.8
v 1.3 1.8 -1.9
v 1.5 1.8 -1.9
v 0.2 1.8 -2.7
v 0.3 1.8 -2.7
v 0.2 1.8 -2.8
v 0.3 1.8 -2.8
v -1.8 1.9 2.7
v -1.7 1.9 2.7
v -1.8 1.9 2.6
v -1.7 1.9 2.6
v -1.1 1.9 1.1
v -0.9 1.9 1.1
v -1.1 1.9 1
v -0.9 1.9 1
v -1.4 1.9 0.8
v -1.3 1.9 0.8
v -0.7 1.9 0.8
v -0.6 1.9 0.8
v -1.4 1.9 0.6
v -1.3 1.9 0.6
v -0.7 1.9 0.6
v -0.6 1.9 0.6
v -1.1 1.9 0.4
v -0.9 1.9 0.4
v -0.8 1.9 0.4
v -1.1 1.9 0.3
v -0.9 1.9 0.3
v -0.8 1.9 0.3
v -1.5 1.9 -1.1
v -1.4 1.9 -1.1
v -1.5 1.9 -1.2
v -1.4 1.9 -1.2
v 1.3 1.9 -1.4
v 1.5 1.9 -1.4
v 1.3 1.9 -1.5
v 1.5 1.9 -1.5
v 1.1 1.9 -1.6
v 1.2 1.9 -1.6
v 1.6 1.9 -1.6
v 1.7 1.9 -1.6
v 1.1 1.9 -1.8
v 1.2 1.9 -1.8
v 1.6 1.9 -1.8
v 1.7 1.9 -1.8
v 1.3 1.9 -1.9
v 1.5 1.9 -1.9
v 1.3 1.9 -2
v 1.5 1.9 -2
v 0.2 1.9 -2.6
v 0.3 1.9 -2.6
v 0.2 1.9 -2.7
v 0.3 1.9 -2.7
v 1.3 2 -1.3
v 1.5 2 -1.3
v 1.3 2 -1.4
v 1.5 2 -1.4
v 1 2 -1.6
v 1.1 2 -1.6
v 1.7 2 -1.6
v 1.8 2 -1.6
v 1 2 -1.8
v 1.1 2 -1.8
v 1.7 2 -1.8
v 1.8 2 -1.8
v 1.3 2 -2
v 1.5 2 -2
v 1.3 2 -2.1
v 1.5 2 -2.1
v 1.3 2.1 -1.2
v 1.5 2.1 -1.2
v 1 2.1 -1.3
v 1.1 2.1 -1.3
v 1.3 2.1 -1.3
v 1.5 2.1 -1.3
v 1.7 2.1 -1.3
v 1.8 2.1 -1.3
v 1 2.1 -1.4
v 1.1 2.1 -1.4
v 1.7 2.1 -1.4
v 1.8 2.1 -1.4
v 1.2 2.1 -1.5
v 1.3 2.1 -1.5
v 1.5 2.1 -1.5
v 1.6 2.1 -1.5
v 0.9 2.1 -1.6
v 1 2.1 -1.6
v 1.2 2.1 -1.6
v 1.3 2.1 -1.6
v 1.5 2.1 -1.6
v 1.6 2.1 -1.6
v 1.8 2.1 -1.6
v 1.9 2.1 -1.6
v 0.9 2.1 -1.8
v 1 2.1 -1.8
v 1.2 2.1 -1.8
v 1.3 2.1 -1.8
v 1.5 2.1 -1.8
v 1.6 2.1 -1.8
v 1.8 2.1 -1.8
v 1.9 2.1 -1.8
v 1.2 2.1 -1.9
v 1.3 2.1 -1.9
v 1.5 2.1 -1.9
v 1.6 2.1 -1.9
v 1 2.1 -2
v 1.1 2.1 -2
v 1.7 2.1 -2
v 1.8 2.1 -2
v 1 2.1 -2.1
v 1.1 2.1 -2.1
v 1.3 2.1 -2.1
v 1.5 2.1 -2.1
v 1.7 2.1 -2.1
v 1.8 2.1 -2.1
v 1.3 2.1 -2.2
v 1.5 2.1 -2.2
v 1.3 2.2 -0.5
v 1.4 2.2 -0.5
v 1.5 2.2 -0.5
v 1.4 2.2 -0.6
v 1.5 2.2 -0.6
v 1.3 2.2 -0.7
v 1.5 2.2 -0.7
v 1.3 2.2 -1.1
v 1.5 2.2 -1.1
v 1.3 2.2 -1.2
v 1.5 2.2 -1.2
v 1.1 2.2 -1.4
v 1.2 2.2 -1.4
v 1.6 2.2 -1.4
v 1.7 2.2 -1.4
v 1.1 2.2 -1.5
v 1.2 2.2 -1.5
v 1.6 2.2 -1.5
v 1.7 2.2 -1.5
v 0.2 2.2 -1.6
v 0.4 2.2 -1.6
v 0.8 2.2 -1.6
v 0.9 2.2 -1.6
v 1.9 2.2 -1.6
v 2 2.2 -1.6
v 2.4 2.2 -1.6
v 2.5 2.2 -1.6
v 2.6 2.2 -1.6
v 2.5 2.2 -1.7
v 2.6 2.2 -1.7
v 0.2 2.2 -1.8
v 0.4 2.2 -1.8
v 0.8 2.2 -1.8
v 0.9 2.2 -1.8
v 1.9 2.2 -1.8
v 2 2.2 -1.8
v 2.4 2.2 -1.8
v 2.6 2.2 -1.8
v 1.1 2.2 -1.9
v 1.2 2.2 -1.9
v 1.6 2.2 -1.9
v 1.7 2.2 -1.9
v 1.1 2.2 -2
v 1.2 2.2 -2
v 1.6 2.2 -2
v 1.7 2.2 -2
v 1.3 2.2 -2.2
v 1.5 2.2 -2.2
v 1.3 2.2 -2.3
v 1.5 2.2 -2.3
v 1.3 2.2 -2.7
v 1.5 2.2 -2.7
v 1.3 2.2 -2.8
v 1.4 2.2 -2.8
v 1.3 2.2 -2.9
v 1.4 2.2 -2.9
v 1.5 2.2 -2.9
v -1.1 2.3 0.9
v -0.9 2.3 0.9
v -1.2 2.3 0.8
v -1.1 2.3 0.8
v -0.9 2.3 0.8
v -0.8 2.3 0.8
v -1.2 2.3 0.6
v -1.1 2.3 0.6
v -0.9 2.3 0.6
v -0.8 2.3 0.6
v -1.1 2.3 0.5
v -0.9 2.3 0.5
v -2.5 2.3 -0.4
v -2.4 2.3 -0.4
v -2.5 2.3 -0.5
v -2.4 2.3 -0.5
v 1.3 2.3 -0.7
v 1.4 2.3 -0.7
v 1.5 2.3 -0.7
v 1.3 2.3 -0.8
v 1.4 2.3 -0.8
v 1.5 2.3 -0.8
v 1.3 2.3 -1
v 1.5 2.3 -1
v 1.3 2.3 -1.1
v 1.5 2.3 -1.1
v 0.4 2.3 -1.6
v 0.5 2.3 -1.6
v 0.7 2.3 -1.6
v 0.8 2.3 -1.6
v 2 2.3 -1.6
v 2.1 2.3 -1.6
v 2.3 2.3 -1.6
v 2.4 2.3 -1.6
v 0.4 2.3 -1.8
v 0.5 2.3 -1.8
v 0.7 2.3 -1.8
v 0.8 2.3 -1.8
v 2 2.3 -1.8
v 2.1 2.3 -1.8
v 2.3 2.3 -1.8
v 2.4 2.3 -1.8
v 1.3 2.3 -2.3
v 1.5 2.3 -2.3
v 1.3 2.3 -2.4
v 1.5 2.3 -2.4
v 1.4 2.3 -2.6
v 1.5 2.3 -2.6
v 1.4 2.3 -2.7
v 1.5 2.3 -2.7
v -1.1 2.4 1
v -0.9 2.4 1
v -1.1 2.4 0.9
v -0.9 2.4 0.9
v -1.3 2.4 0.8
v -1.2 2.4 0.8
v -0.8 2.4 0.8
v -0.7 2.4 0.8
v -1.3 2.4 0.6
v -1.2 2.4 0.6
v -0.8 2.4 0.6
v -0.7 2.4 0.6
v -1.1 2.4 0.5
v -0.9 2.4 0.5
v -1.1 2.4 0.4
v -0.9 2.4 0.4
v 1.3 2.4 -0.8
v 1.4 2.4 -0.8
v 1.5 2.4 -0.8
v 1.3 2.4 -1
v 1.5 2.4 -1
v 0.5 2.4 -1.6
v 0.6 2.4 -1.6
v 0.7 2.4 -1.6
v 2.1 2.4 -1.6
v 2.3 2.4 -1.6
v 0.5 2.4 -1.7
v 0.6 2.4 -1.7
v 2.2 2.4 -1.7
v 2.3 2.4 -1.7
v 0.5 2.4 -1.8
v 0.7 2.4 -1.8
v 2.1 2.4 -1.8
v 2.2 2.4 -1.8
v 2.3 2.4 -1.8
v 1.3 2.4 -2.4
v 1.5 2.4 -2.4
v 1.4 2.4 -2.5
v 1.5 2.4 -2.5
v 1.3 2.4 -2.6
v 1.4 2.4 -2.6
v 1.5 2.4 -2.6
v 1.3 2.4 -2.7
v 1.4 2.4 -2.7
v -1.1 2.5 1.2
v -1 2.5 1.2
v -1.1 2.5 1.1
v -1 2.5 1.1
v -0.9 2.5 1.1
v -1.1 2.5 1
v -0.9 2.5 1
v -1.4 2.5 0.8
v -1.3 2.5 0.8
v -0.7 2.5 0.8
v -0.6 2.5 0.8
v -1.4 2.5 0.6
v -1.3 2.5 0.6
v -0.7 2.5 0.6
v -0.6 2.5 0.6
v -0.9 2.5 0.5
v -0.8 2.5 0.5
v -1.1 2.5 0.4
v -0.9 2.5 0.4
v -0.8 2.5 0.4
v -1.1 2.5 0.3
v -0.9 2.5 0.3
v -2.5 2.5 -0.9
v -2.4 2.5 -0.9
v -2.1 2.5 -0.9
v -2 2.5 -0.9
v -2.8 2.5 -1
v -2.7 2.5 -1
v -2.5 2.5 -1
v -2.4 2.5 -1
v -2.1 2.5 -1
v -2 2.5 -1
v -2.8 2.5 -1.1
v -2.7 2.5 -1.1
v -2.5 2.5 -1.2
v -2.4 2.5 -1.2
v -2.5 2.5 -1.3
v -2.4 2.5 -1.3
v -2.1 2.6 -0.8
v -2 2.6 -0.8
v -2.9 2.6 -0.9
v -2.8 2.6 -0.9
v -2.1 2.6 -0.9
v -2 2.6 -0.9
v -1.9 2.6 -0.9
v -2.8 2.6 -1
v -2.6 2.6 -1
v -2.5 2.6 -1
v -2 2.6 -1
v -1.9 2.6 -1
v -2.9 2.6 -1.1
v -2.8 2.6 -1.1
v -2.6 2.6 -1.1
v -2.5 2.6 -1.1
v -2.5 2.6 -1.6
v -2.4 2.6 -1.6
v -2.5 2.6 -1.7
v -2.4 2.6 -1.7
v -2.6 2.7 -0.3
v -2.5 2.7 -0.3
v -2.6 2.7 -0.4
v -2.5 2.7 -0.4
v -2.6 2.7 -0.5
v -2.5 2.7 -0.5
v -2.6 2.7 -0.6
v -2.5 2.7 -0.6
v -2.6 2.7 -0.8
v -2.4 2.7 -0.8
v -2.7 2.7 -0.9
v -2.6 2.7 -0.9
v -2.4 2.7 -0.9
v -2.3 2.7 -0.9
v -2.7 2.7 -1
v -2 2.7 -1
v -1.9 2.7 -1
v -2.9 2.7 -1.1
v -2.8 2.7 -1.1
v -2.7 2.7 -1.1
v -2.6 2.7 -1.1
v -2.4 2.7 -1.1
v -2.3 2.7 -1.1
v -2 2.7 -1.1
v -1.9 2.7 -1.1
v -2.9 2.7 -1.2
v -2.8 2.7 -1.2
v -2.6 2.7 -1.2
v -2.5 2.7 -1.2
v -2.4 2.7 -1.2
v -2.6 2.7 -1.5
v -2.4 2.7 -1.5
v 1.3 2.7 -1.5
v 1.5 2.7 -1.5
v -2.6 2.7 -1.6
v -2.5 2.7 -1.6
v -2.4 2.7 -1.6
v 1.2 2.7 -1.6
v 1.3 2.7 -1.6
v 1.5 2.7 -1.6
v 1.6 2.7 -1.6
v 1.2 2.7 -1.8
v 1.3 2.7 -1.8
v 1.5 2.7 -1.8
v 1.6 2.7 -1.8
v 1.3 2.7 -1.9
v 1.5 2.7 -1.9
v -2.5 2.8 -0.3
v -2.4 2.8 -0.3
v -2.5 2.8 -0.4
v -2.4 2.8 -0.4
v -2.5 2.8 -0.5
v -2.4 2.8 -0.5
v -2.5 2.8 -0.6
v -2.4 2.8 -0.6
v -2.6 2.8 -0.7
v -2.4 2.8 -0.7
v -2.6 2.8 -0.8
v -2.4 2.8 -0.8
v -2.8 2.8 -0.9
v -2.7 2.8 -0.9
v -2.3 2.8 -0.9
v -2.2 2.8 -0.9
v -2.1 2.8 -0.9
v -2.8 2.8 -1
v -2.7 2.8 -1
v -2.2 2.8 -1
v -2.1 2.8 -1
v -2 2.8 -1
v -2.8 2.8 -1.1
v -2.7 2.8 -1.1
v -2.3 2.8 -1.1
v -2.2 2.8 -1.1
v -2.1 2.8 -1.1
v -2 2.8 -1.1
v -2.8 2.8 -1.2
v -2.7 2.8 -1.2
v -2.6 2.8 -1.2
v -2.5 2.8 -1.2
v -2.6 2.8 -1.3
v -2.5 2.8 -1.3
v -2.6 2.8 -1.4
v -2.5 2.8 -1.4
v -2.4 2.8 -1.4
v 1.3 2.8 -1.4
v 1.5 2.8 -1.4
v -2.6 2.8 -1.5
v -2.4 2.8 -1.5
v 1.3 2.8 -1.5
v 1.5 2.8 -1.5
v 1.1 2.8 -1.6
v 1.2 2.8 -1.6
v 1.6 2.8 -1.6
v 1.7 2.8 -1.6
v 1.1 2.8 -1.8
v 1.2 2.8 -1.8
v 1.6 2.8 -1.8
v 1.7 2.8 -1.8
v 1.3 2.8 -1.9
v 1.5 2.8 -1.9
v 1.3 2.8 -2
v 1.5 2.8 -2
v -2.6 2.9 -0.6
v -2.4 2.9 -0.6
v -2.6 2.9 -0.7
v -2.4 2.9 -0.7
v -2.2 2.9 -1
v -2.1 2.9 -1
v -2.2 2.9 -1.1
v -2.1 2.9 -1.1
v -2.5 2.9 -1.3
v -2.4 2.9 -1.3
v 1.3 2.9 -1.3
v 1.5 2.9 -1.3
v -2.5 2.9 -1.4
v -2.4 2.9 -1.4
v 1.3 2.9 -1.4
v 1.5 2.9 -1.4
v 1 2.9 -1.6
v 1.1 2.9 -1.6
v 1.7 2.9 -1.6
v 1.8 2.9 -1.6
v 1 2.9 -1.8
v 1.1 2.9 -1.8
v 1.7 2.9 -1.8
v 1.8 2.9 -1.8
v 1.3 2.9 -2
v 1.5 2.9 -2
v 1.3 2.9 -2.1
v 1.5 2.9 -2.1
v 1.3 3 -1.2
v 1.5 3 -1.2
v 1 3 -1.3
v 1.1 3 -1.3
v 1.3 3 -1.3
v 1.5 3 -1.3
v 1.7 3 -1.3
v 1.8 3 -1.3
v 1 3 -1.4
v 1.1 3 -1.4
v 1.7 3 -1.4
v 1.8 3 -1.4
v 1.2 3 -1.5
v 1.3 3 -1.5
v 1.5 3 -1.5
v 1.6 3 -1.5
v 0.9 3 -1.6
v 1 3 -1.6
v 1.2 3 -1.6
v 1.3 3 -1.6
v 1.5 3 -1.6
v 1.6 3 -1.6
v 1.8 3 -1.6
v 1.9 3 -1.6
v 0.9 3 -1.8
v 1 3 -1.8
v 1.2 3 -1.8
v 1.3 3 -1.8
v 1.5 3 -1.8
v 1.6 3 -1.8
v 1.8 3 -1.8
v 1.9 3 -1.8
v 1.2 3 -1.9
v 1.3 3 -1.9
v 1.5 3 -1.9
v 1.6 3 -1.9
v 1 3 -2
v 1.1 3 -2
v 1.7 3 -2
v 1.8 3 -2
v 1 3 -2.1
v 1.1 3 -2.1
v 1.3 3 -2.1
v 1.5 3 -2.1
v 1.7 3 -2.1
v 1.8 3 -2.1
v 1.3 3 -2.2
v 1.5 3 -2.2
v 1.3 3.1 -0.5
v 1.5 3.1 -0.5
v 1.3 3.1 -0.7
v 1.5 3.1 -0.7
v 1.3 3.1 -1.1
v 1.5 3.1 -1.1
v 1.3 3.1 -1.2
v 1.5 3.1 -1.2
v 1.1 3.1 -1.4
v 1.2 3.1 -1.4
v 1.6 3.1 -1.4
v 1.7 3.1 -1.4
v 1.1 3.1 -1.5
v 1.2 3.1 -1.5
v 1.6 3.1 -1.5
v 1.7 3.1 -1.5
v 0.2 3.1 -1.6
v 0.3 3.1 -1.6
v 0.4 3.1 -1.6
v 0.8 3.1 -1.6
v 0.9 3.1 -1.6
v 1.9 3.1 -1.6
v 2 3.1 -1.6
v 2.4 3.1 -1.6
v 2.6 3.1 -1.6
v 0.2 3.1 -1.7
v 0.3 3.1 -1.7
v 2.5 3.1 -1.7
v 2.6 3.1 -1.7
v 0.2 3.1 -1.8
v 0.4 3.1 -1.8
v 0.8 3.1 -1.8
v 0.9 3.1 -1.8
v 1.9 3.1 -1.8
v 2 3.1 -1.8
v 2.4 3.1 -1.8
v 2.5 3.1 -1.8
v 2.6 3.1 -1.8
v 1.1 3.1 -1.9
v 1.2 3.1 -1.9
v 1.6 3.1 -1.9
v 1.7 3.1 -1.9
v 1.1 3.1 -2
v 1.2 3.1 -2
v 1.6 3.1 -2
v 1.7 3.1 -2
v 1.3 3.1 -2.2
v 1.5 3.1 -2.2
v 1.3 3.1 -2.3
v 1.5 3.1 -2.3
v 1.3 3.1 -2.7
v 1.5 3.1 -2.7
v 1.3 3.1 -2.8
v 1.5 3.1 -2.8
v 1.3 3.1 -2.9
v 1.5 3.1 -2.9
v 1.3 3.2 -0.7
v 1.5 3.2 -0.7
v 1.3 3.2 -0.8
v 1.5 3.2 -0.8
v 1.3 3.2 -1
v 1.5 3.2 -1
v 1.3 3.2 -1.1
v 1.5 3.2 -1.1
v 0.4 3.2 -1.6
v 0.5 3.2 -1.6
v 0.7 3.2 -1.6
v 0.8 3.2 -1.6
v 2 3.2 -1.6
v 2.1 3.2 -1.6
v 2.3 3.2 -1.6
v 2.4 3.2 -1.6
v 0.4 3.2 -1.8
v 0.5 3.2 -1.8
v 0.7 3.2 -1.8
v 0.8 3.2 -1.8
v 2 3.2 -1.8
v 2.1 3.2 -1.8
v 2.3 3.2 -1.8
v 2.4 3.2 -1.8
v 1.3 3.2 -2.3
v 1.5 3.2 -2.3
v 1.3 3.2 -2.4
v 1.5 3.2 -2.4
v 1.4 3.2 -2.6
v 1.5 3.2 -2.6
v 1.4 3.2 -2.7
v 1.5 3.2 -2.7
v 1.3 3.3 -0.8
v 1.5 3.3 -0.8
v 1.3 3.3 -1
v 1.5 3.3 -1
v 0.5 3.3 -1.6
v 0.6 3.3 -1.6
v 0.7 3.3 -1.6
v 2.1 3.3 -1.6
v 2.3 3.3 -1.6
v 0.5 3.3 -1.7
v 0.6 3.3 -1.7
v 2.2 3.3 -1.7
v 2.3 3.3 -1.7
v 0.5 3.3 -1.8
v 0.7 3.3 -1.8
v 2.1 3.3 -1.8
v 2.2 3.3 -1.8
v 2.3 3.3 -1.8
v 1.3 3.3 -2.4
v 1.5 3.3 -2.4
v 1.4 3.3 -2.5
v 1.5 3.3 -2.5
v 1.3 3.3 -2.6
v 1.4 3.3 -2.6
v 1.5 3.3 -2.6
v 1.3 3.3 -2.7
v 1.4 3.3 -2.7
v 1.3 3.6 -1.5
v 1.5 3.6 -1.5
v 1.2 3.6 -1.6
v 1.3 3.6 -1.6
v 1.5 3.6 -1.6
v 1.6 3.6 -1.6
v 1.2 3.6 -1.8
v 1.3 3.6 -1.8
v 1.5 3.6 -1.8
v 1.6 3.6 -1.8
v 1.3 3.6 -1.9
v 1.5 3.6 -1.9
v 1.3 3.7 -1.4
v 1.5 3.7 -1.4
v 1.3 3.7 -1.5
v 1.5 3.7 -1.5
v 1.1 3.7 -1.6
v 1.2 3.7 -1.6
v 1.6 3.7 -1.6
v 1.7 3.7 -1.6
v 1.1 3.7 -1.8
v 1.2 3.7 -1.8
v 1.6 3.7 -1.8
v 1.7 3.7 -1.8
v 1.3 3.7 -1.9
v 1.5 3.7 -1.9
v 1.3 3.7 -2
v 1.5 3.7 -2
v -2.6 3.8 -1
v -2.5 3.8 -1
v -2.6 3.8 -1.1
v -2.5 3.8 -1.1
v 1.3 3.8 -1.3
v 1.5 3.8 -1.3
v 1.3 3.8 -1.4
v 1.5 3.8 -1.4
v 1 3.8 -1.6
v 1.1 3.8 -1.6
v 1.7 3.8 -1.6
v 1.8 3.8 -1.6
v 1 3.8 -1.8
v 1.1 3.8 -1.8
v 1.7 3.8 -1.8
v 1.8 3.8 -1.8
v 1.3 3.8 -2
v 1.5 3.8 -2
v 1.3 3.8 -2.1
v 1.5 3.8 -2.1
v -2.6 3.9 -0.3
v -2.5 3.9 -0.3
v -2.6 3.9 -0.4
v -2.5 3.9 -0.4
v -2.5 3.9 -0.9
v -2.4 3.9 -0.9
v -2.5 3.9 -1
v -2.4 3.9 -1
v 1.3 3.9 -1.2
v 1.5 3.9 -1.2
v 1 3.9 -1.3
v 1.1 3.9 -1.3
v 1.3 3.9 -1.3
v 1.5 3.9 -1.3
v 1.7 3.9 -1.3
v 1.8 3.9 -1.3
v 1 3.9 -1.4
v 1.1 3.9 -1.4
v 1.7 3.9 -1.4
v 1.8 3.9 -1.4
v 1.2 3.9 -1.5
v 1.3 3.9 -1.5
v 1.5 3.9 -1.5
v 1.6 3.9 -1.5
v 0.9 3.9 -1.6
v 1 3.9 -1.6
v 1.2 3.9 -1.6
v 1.3 3.9 -1.6
v 1.5 3.9 -1.6
v 1.6 3.9 -1.6
v 1.8 3.9 -1.6
v 1.9 3.9 -1.6
v 0.9 3.9 -1.8
v 1 3.9 -1.8
v 1.2 3.9 -1.8
v 1.3 3.9 -1.8
v 1.5 3.9 -1.8
v 1.6 3.9 -1.8
v 1.8 3.9 -1.8
v 1.9 3.9 -1.8
v 1.2 3.9 -1.9
v 1.3 3.9 -1.9
v 1.5 3.9 -1.9
v 1.6 3.9 -1.9
v 1 3.9 -2
v 1.1 3.9 -2
v 1.7 3.9 -2
v 1.8 3.9 -2
v 1 3.9 -2.1
v 1.1 3.9 -2.1
v 1.3 3.9 -2.1
v 1.5 3.9 -2.1
v 1.7 3.9 -2.1
v 1.8 3.9 -2.1
v 1.3 3.9 -2.2
v 1.5 3.9 -2.2
v 1.3 4 -0.5
v 1.4 4 -0.5
v 1.5 4 -0.5
v 1.3 4 -0.6
v 1.4 4 -0.6
v 1.3 4 -0.7
v 1.5 4 -0.7
v -3 4 -1
v -2.9 4 -1
v -3 4 -1.1
v -2.9 4 -1.1
v 1.3 4 -1.1
v 1.5 4 -1.1
v 1.3 4 -1.2
v 1.5 4 -1.2
v 1.1 4 -1.4
v 1.2 4 -1.4
v 1.6 4 -1.4
v 1.7 4 -1.4
v 1.1 4 -1.5
v 1.2 4 -1.5
v 1.6 4 -1.5
v 1.7 4 -1.5
v 0.2 4 -1.6
v 0.4 4 -1.6
v 0.8 4 -1.6
v 0.9 4 -1.6
v 1.9 4 -1.6
v 2 4 -1.6
v 2.4 4 -1.6
v 2.6 4 -1.6
v 0.2 4 -1.8
v 0.4 4 -1.8
v 0.8 4 -1.8
v 0.9 4 -1.8
v 1.9 4 -1.8
v 2 4 -1.8
v 2.4 4 -1.8
v 2.6 4 -1.8
v 1.1 4 -1.9
v 1.2 4 -1.9
v 1.6 4 -1.9
v 1.7 4 -1.9
v 1.1 4 -2
v 1.2 4 -2
v 1.6 4 -2
v 1.7 4 -2
v 1.3 4 -2.2
v 1.5 4 -2.2
v 1.3 4 -2.3
v 1.5 4 -2.3
v 1.3 4 -2.7
v 1.5 4 -2.7
v 1.3 4 -2.9
v 1.5 4 -2.9
v 1.3 4.1 -0.7
v 1.5 4.1 -0.7
v 1.3 4.1 -0.8
v 1.5 4.1 -0.8
v -2 4.1 -0.9
v -1.9 4.1 -0.9
v -2 4.1 -1
v -1.9 4.1 -1
v 1.3 4.1 -1
v 1.5 4.1 -1
v 1.3 4.1 -1.1
v 1.5 4.1 -1.1
v -2.6 4.1 -1.5
v -2.5 4.1 -1.5
v -2.6 4.1 -1.6
v -2.5 4.1 -1.6
v 0.4 4.1 -1.6
v 0.5 4.1 -1.6
v 0.7 4.1 -1.6
v 0.8 4.1 -1.6
v 2 4.1 -1.6
v 2.1 4.1 -1.6
v 2.3 4.1 -1.6
v 2.4 4.1 -1.6
v 0.4 4.1 -1.8
v 0.5 4.1 -1.8
v 0.7 4.1 -1.8
v 0.8 4.1 -1.8
v 2 4.1 -1.8
v 2.1 4.1 -1.8
v 2.3 4.1 -1.8
v 2.4 4.1 -1.8
v 1.3 4.1 -2.3
v 1.5 4.1 -2.3
v 1.3 4.1 -2.4
v 1.5 4.1 -2.4
v 1.4 4.1 -2.6
v 1.5 4.1 -2.6
v 1.4 4.1 -2.7
v 1.5 4.1 -2.7
v 1.3 4.2 -0.8
v 1.5 4.2 -0.8
v -2.9 4.2 -0.9
v -2.8 4.2 -0.9
v -2.9 4.2 -1
v 1.3 4.2 -1
v 1.5 4.2 -1
v -2.9 4.2 -1.1
v -2.8 4.2 -1.1
v -2.5 4.2 -1.6
v -2.4 4.2 -1.6
v 0.5 4.2 -1.6
v 0.6 4.2 -1.6
v 0.7 4.2 -1.6
v 2.1 4.2 -1.6
v 2.3 4.2 -1.6
v -2.5 4.2 -1.7
v -2.4 4.2 -1.7
v 0.5 4.2 -1.7
v 0.6 4.2 -1.7
v 2.2 4.2 -1.7
v 2.3 4.2 -1.7
v 0.5 4.2 -1.8
v 0.7 4.2 -1.8
v 2.1 4.2 -1.8
v 2.2 4.2 -1.8
v 2.3 4.2 -1.8
v 1.3 4.2 -2.4
v 1.5 4.2 -2.4
v 1.4 4.2 -2.5
v 1.5 4.2 -2.5
v 1.3 4.2 -2.6
v 1.4 4.2 -2.6
v 1.5 4.2 -2.6
v 1.3 4.2 -2.7
v 1.4 4.2 -2.7
v -2.6 4.3 -0.4
v -2.5 4.3 -0.4
v -2.4 4.3 -0.4
v -2.6 4.3 -0.5
v -2.4 4.3 -0.5
v -2.6 4.3 -0.8
v -2.4 4.3 -0.8
v -2.7 4.3 -0.9
v -2.6 4.3 -0.9
v -2.4 4.3 -0.9
v -2.3 4.3 -0.9
v -2.2 4.3 -0.9
v -2.1 4.3 -0.9
v -2.2 4.3 -1
v -2.1 4.3 -1
v -2 4.3 -1
v -1.9 4.3 -1
v -2.9 4.3 -1.1
v -2.8 4.3 -1.1
v -2.7 4.3 -1.1
v -2.6 4.3 -1.1
v -2.4 4.3 -1.1
v -2.3 4.3 -1.1
v -2 4.3 -1.1
v -1.9 4.3 -1.1
v -2.9 4.3 -1.2
v -2.8 4.3 -1.2
v -2.6 4.3 -1.2
v -2.4 4.3 -1.2
v -2.5 4.3 -1.5
v -2.4 4.3 -1.5
v -2.5 4.3 -1.6
v -2.4 4.3 -1.6
v -2.5 4.4 -0.3
v -2.4 4.4 -0.3
v -2.7 4.4 -0.4
v -2.6 4.4 -0.4
v -2.5 4.4 -0.4
v -2.4 4.4 -0.4
v -2.7 4.4 -0.5
v -2.6 4.4 -0.5
v -2.4 4.4 -0.5
v -2.6 4.4 -0.6
v -2.4 4.4 -0.6
v -2.6 4.4 -0.7
v -2.4 4.4 -0.7
v -2.6 4.4 -0.8
v -2.4 4.4 -0.8
v -3 4.4 -0.9
v -2.9 4.4 -0.9
v -2.8 4.4 -0.9
v -2.7 4.4 -0.9
v -2.3 4.4 -0.9
v -2.2 4.4 -0.9
v -2.1 4.4 -0.9
v -2 4.4 -0.9
v -3 4.4 -1
v -2.9 4.4 -1
v -2.2 4.4 -1
v -2.1 4.4 -1
v -2.8 4.4 -1.1
v -2.7 4.4 -1.1
v -2.3 4.4 -1.1
v -2.2 4.4 -1.1
v -2.1 4.4 -1.1
v -2 4.4 -1.1
v -2.6 4.4 -1.2
v -2.4 4.4 -1.2
v -2.6 4.4 -1.3
v -2.4 4.4 -1.3
v -2.6 4.4 -1.4
v -2.4 4.4 -1.4
v -2.6 4.4 -1.5
v -2.4 4.4 -1.5
v -2.6 4.5 -0.6
v -2.4 4.5 -0.6
v -2.6 4.5 -0.7
v -2.4 4.5 -0.7
v -2.9 4.5 -0.8
v -2.8 4.5 -0.8
v -2.9 4.5 -0.9
v -2.8 4.5 -0.9
v -2.2 4.5 -1
v -2.1 4.5 -1
v -2.2 4.5 -1.1
v -2.1 4.5 -1.1
v -2.6 4.5 -1.3
v -2.4 4.5 -1.3
v -2.6 4.5 -1.4
v -2.4 4.5 -1.4
v -2.6 4.6 -0.8
v -2.4 4.6 -0.8
v -2.7 4.6 -0.9
v -2.6 4.6 -0.9
v -2.4 4.6 -0.9
v -2.3 4.6 -0.9
v -2.7 4.6 -1.1
v -2.6 4.6 -1.1
v -2.4 4.6 -1.1
v -2.3 4.6 -1.1
v -2.6 4.6 -1.2
v -2.4 4.6 -1.2
v -3 0.6 3.6
v -2.3 0.6 3.6
v -2.9 0.6 3.5
v -2.3 0.6 3.5
v -2.2 0.6 3.5
v -2.3 0.6 3.4
v -2.2 0.6 3.4
v -2.1 0.6 3.4
v -2.2 0.6 3.3
v -2.1 0.6 3.3
v -2 0.6 3.3
v -2.1 0.6 3.2
v -2 0.6 3.2
v -1.9 0.6 3.2
v -2 0.6 3.1
v -1.9 0.6 3.1
v -1.8 0.6 3.1
v -1.9 0.6 3
v -1.8 0.6 3
v -1.7 0.6 3
v -1.8 0.6 2.9
v -1.7 0.6 2.9
v -1.6 0.6 2.9
v -1.7 0.6 2.8
v -1.6 0.6 2.8
v -1.5 0.6 2.8
v -1.6 0.6 2.7
v -1.5 0.6 2.7
v -1.4 0.6 2.7
v -1.5 0.6 2.6
v -1.4 0.6 2.6
v -1.3 0.6 2.6
v -1.4 0.6 2.5
v -1.3 0.6 2.5
v -1.2 0.6 2.5
v -1.3 0.6 2.4
v -1.2 0.6 2.4
v -1.1 0.6 2.4
v -1.2 0.6 2.3
v -1.1 0.6 2.3
v -1 0.6 2.3
v -1.1 0.6 2.2
v -1 0.6 2.2
v -0.9 0.6 2.2
v -1 0.6 2.1
v -0.9 0.6 2.1
v -0.8 0.6 2.1
v -0.9 0.6 2
v -0.8 0.6 2
v -0.7 0.6 2
v -0.8 0.6 1.9
v -0.7 0.6 1.9
v -0.6 0.6 1.9
v -0.7 0.6 1.8
v -0.6 0.6 1.8
v -0.5 0.6 1.8
v -0.6 0.6 1.7
v -0.5 0.6 1.7
v -0.4 0.6 1.7
v -0.5 0.6 1.6
v -0.4 0.6 1.6
v -0.3 0.6 1.6
v -0.4 0.6 1.5
v -0.3 0.6 1.5
v -0.2 0.6 1.5
v -0.3 0.6 1.4
v -0.2 0.6 1.4
v -0.0999999 0.6 1.4
v -0.2 0.6 1.3
v -0.0999999 0.6 1.3
v 2.38419e-07 0.6 1.3
v -0.0999999 0.6 1.2
v 2.38419e-07 0.6 1.2
v 0.1 0.6 1.2
v 2.38419e-07 0.6 1.1
v 0.1 0.6 1.1
v 0.2 0.6 1.1
v 0.1 0.6 1
v 0.2 0.6 1
v 0.3 0.6 1
v 0.2 0.6 0.9
v 0.3 0.6 0.9
v 0.4 0.6 0.9
v 0.3 0.6 0.8
v 0.4 0.6 0.8
v 0.5 0.6 0.8
v 0.4 0.6 0.7
v 0.5 0.6 0.7
v 0.6 0.6 0.7
v 0.5 0.6 0.6
v 0.6 0.6 0.6
v 0.7 0.6 0.6
v 0.6 0.6 0.5
v 0.7 0.6 0.5
v 0.8 0.6 0.5
v 0.7 0.6 0.4
v 0.8 0.6 0.4
v 0.9 0.6 0.4
v 0.8 0.6 0.3
v 0.9 0.6 0.3
v 1 0.6 0.3
v 0.9 0.6 0.2
v 1 0.6 0.2
v 1.1 0.6 0.2
v 1 0.6 0.0999997
v 1.1 0.6 0.0999997
v 1.2 0.6 0.0999997
v 1.1 0.6 -2.38419e-07
v 1.2 0.6 -2.38419e-07
v 1.3 0.6 -2.38419e-07
v 1.2 0.6 -0.1
v 1.3 0.6 -0.1
v 1.4 0.6 -0.1
v 1.3 0.6 -0.2
v 1.4 0.6 -0.2
v 1.5 0.6 -0.2
v 1.4 0.6 -0.3
v 1.5 0.6 -0.3
v 1.6 0.6 -0.3
v 1.5 0.6 -0.4
v 1.6 0.6 -0.4
v 1.7 0.6 -0.4
v 1.6 0.6 -0.5
v 1.7 0.6 -0.5
v 1.8 0.6 -0.5
v 1.7 0.6 -0.6
v 1.8 0.6 -0.6
v 1.9 0.6 -0.6
v 1.8 0.6 -0.7
v 1.9 0.6 -0.7
v 2 0.6 -0.7
v 1.9 0.6 -0.8
v 2 0.6 -0.8
v 2.1 0.6 -0.8
v 2 0.6 -0.9
v 2.1 0.6 -0.9
v 2.2 0.6 -0.9
v 2.1 0.6 -1
v 2.2 0.6 -1
v 2.3 0.6 -1
v 2.2 0.6 -1.1
v 2.3 0.6 -1.1
v 2.4 0.6 -1.1
v 2.3 0.6 -1.2
v 2.4 0.6 -1.2
v 2.5 0.6 -1.2
v 2.4 0.6 -1.3
v 2.5 0.6 -1.3
v 2.6 0.6 -1.3
v 2.5 0.6 -1.4
v 2.6 0.6 -1.4
v 2.7 0.6 -1.4
v 2.6 0.6 -1.5
v 2.7 0.6 -1.5
v 2.8 0.6 -1.5
v 2.7 0.6 -1.6
v 2.8 0.6 -1.6
v 2.9 0.6 -1.6
v 2.8 0.6 -1.7
v 2.9 0.6 -1.7
v 3 0.6 -1.7
v 2.9 0.6 -1.8
v 3 0.6 -1.8
v 3.1 0.6 -1.8
v 3 0.6 -1.9
v 3.1 0.6 -1.9
v 3.2 0.6 -1.9
v 3.1 0.6 -2
v 3.2 0.6 -2
v 3.3 0.6 -2
v 3.2 0.6 -2.1
v 3.3 0.6 -2.1
v 3.4 0.6 -2.1
v 3.3 0.6 -2.2
v 3.4 0.6 -2.2
v 3.5 0.6 -2.2
v 3.4 0.6 -2.3
v 3.5 0.6 -2.3
v 3.6 0.6 -2.3
v 3.5 0.6 -2.4
v 3.6 0.6 -2.4
v 3.7 0.6 -2.4
v 3.6 0.6 -2.5
v 3.7 0.6 -2.5
v 3.8 0.6 -2.5
v 3.7 0.6 -2.6
v 3.8 0.6 -2.6
v 3.9 0.6 -2.6
v 3.8 0.6 -2.7
v 3.9 0.6 -2.7
v 4 0.6 -2.7
v -2.9 0.6 -3.3
v 3.9 0.6 -3.3
v -3 0.6 -3.4
v 4 0.6 -3.4
v -2.9 0.7 3.5
v -2.3 0.7 3.5
v -2.8 0.7 3.4
v -2.4 0.7 3.4
v -2.3 0.7 3.4
v -2.2 0.7 3.4
v -2.4 0.7 3.3
v -2.3 0.7 3.3
v -2.2 0.7 3.3
v -2.1 0.7 3.3
v -2.3 0.7 3.2
v -2.2 0.7 3.2
v -2.1 0.7 3.2
v -2 0.7 3.2
v -2.2 0.7 3.1
v -2.1 0.7 3.1
v -2 0.7 3.1
v -1.9 0.7 3.1
v -2.1 0.7 3
v -2 0.7 3
v -1.9 0.7 3
v -1.8 0.7 3
v -2 0.7 2.9
v -1.9 0.7 2.9
v -1.8 0.7 2.9
v -1.7 0.7 2.9
v -1.9 0.7 2.8
v -1.8 0.7 2.8
v -1.7 0.7 2.8
v -1.6 0.7 2.8
v -1.8 0.7 2.7
v -1.7 0.7 2.7
v -1.6 0.7 2.7
v -1.5 0.7 2.7
v -1.7 0.7 2.6
v -1.6 0.7 2.6
v -1.5 0.7 2.6
v -1.4 0.7 2.6
v -1.6 0.7 2.5
v -1.5 0.7 2.5
v -1.4 0.7 2.5
v -1.3 0.7 2.5
v -1.5 0.7 2.4
v -1.4 0.7 2.4
v -1.3 0.7 2.4
v -1.2 0.7 2.4
v -1.4 0.7 2.3
v -1.3 0.7 2.3
v -1.2 0.7 2.3
v -1.1 0.7 2.3
v -1.3 0.7 2.2
v -1.2 0.7 2.2
v -1.1 0.7 2.2
v -1 0.7 2.2
v -1.2 0.7 2.1
v -1.1 0.7 2.1
v -1 0.7 2.1
v -0.9 0.7 2.1
v -1.1 0.7 2
v -1 0.7 2
v -0.9 0.7 2
v -0.8 0.7 2
v -1 0.7 1.9
v -0.9 0.7 1.9
v -0.8 0.7 1.9
v -0.7 0.7 1.9
v -0.9 0.7 1.8
v -0.8 0.7 1.8
v -0.7 0.7 1.8
v -0.6 0.7 1.8
v -0.8 0.7 1.7
v -0.7 0.7 1.7
v -0.6 0.7 1.7
v -0.5 0.7 1.7
v -0.7 0.7 1.6
v -0.6 0.7 1.6
v -0.5 0.7 1.6
v -0.4 0.7 1.6
v -0.6 0.7 1.5
v -0.5 0.7 1.5
v -0.4 0.7 1.5
v -0.3 0.7 1.5
v -0.5 0.7 1.4
v -0.4 0.7 1.4
v -0.3 0.7 1.4
v -0.2 0.7 1.4
v -0.4 0.7 1.3
v -0.3 0.7 1.3
v -0.2 0.7 1.3
v -0.0999999 0.7 1.3
v -0.3 0.7 1.2
v -0.2 0.7 1.2
v -0.0999999 0.7 1.2
v 2.38419e-07 0.7 1.2
v -0.2 0.7 1.1
v -0.0999999 0.7 1.1
v 2.38419e-07 0.7 1.1
v 0.1 0.7 1.1
v -0.0999999 0.7 1
v 2.38419e-07 0.7 1
v 0.1 0.7 1
v 0.2 0.7 1
v 2.38419e-07 0.7 0.9
v 0.1 0.7 0.9
v 0.2 0.7 0.9
v 0.3 0.7 0.9
v 0.1 0.7 0.8
v 0.2 0.7 0.8
v 0.3 0.7 0.8
v 0.4 0.7 0.8
v 0.2 0.7 0.7
v 0.3 0.7 0.7
v 0.4 0.7 0.7
v 0.5 0.7 0.7
v 0.3 0.7 0.6
v 0.4 0.7 0.6
v 0.5 0.7 0.6
v 0.6 0.7 0.6
v 0.4 0.7 0.5
v 0.5 0.7 0.5
v 0.6 0.7 0.5
v 0.7 0.7 0.5
v 0.5 0.7 0.4
v 0.6 0.7 0.4
v 0.7 0.7 0.4
v 0.8 0.7 0.4
v 0.6 0.7 0.3
v 0.7 0.7 0.3
v 0.8 0.7 0.3
v 0.9 0.7 0.3
v 0.7 0.7 0.2
v 0.8 0.7 0.2
v 0.9 0.7 0.2
v 1 0.7 0.2
v 0.8 0.7 0.0999997
v 0.9 0.7 0.0999997
v 1 0.7 0.0999997
v 1.1 0.7 0.0999997
v 0.9 0.7 -2.38419e-07
v 1 0.7 -2.38419e-07
v 1.1 0.7 -2.38419e-07
v 1.2 0.7 -2.38419e-07
v 1 0.7 -0.1
v 1.1 0.7 -0.1
v 1.2 0.7 -0.1
v 1.3 0.7 -0.1
v 1.1 0.7 -0.2
v 1.2 0.7 -0.2
v 1.3 0.7 -0.2
v 1.4 0.7 -0.2
v 1.2 0.7 -0.3
v 1.3 0.7 -0.3
v 1.4 0.7 -0.3
v 1.5 0.7 -0.3
v 1.3 0.7 -0.4
v 1.4 0.7 -0.4
v 1.5 0.7 -0.4
v 1.6 0.7 -0.4
v 1.4 0.7 -0.5
v 1.5 0.7 -0.5
v 1.6 0.7 -0.5
v 1.7 0.7 -0.5
v 1.5 0.7 -0.6
v 1.6 0.7 -0.6
v 1.7 0.7 -0.6
v 1.8 0.7 -0.6
v 1.6 0.7 -0.7
v 1.7 0.7 -0.7
v 1.8 0.7 -0.7
v 1.9 0.7 -0.7
v 1.7 0.7 -0.8
v 1.8 0.7 -0.8
v 1.9 0.7 -0.8
v 2 0.7 -0.8
v 1.8 0.7 -0.9
v 1.9 0.7 -0.9
v 2 0.7 -0.9
v 2.1 0.7 -0.9
v 1.9 0.7 -1
v 2 0.7 -1
v 2.1 0.7 -1
v 2.2 0.7 -1
v 2 0.7 -1.1
v 2.1 0.7 -1.1
v 2.2 0.7 -1.1
v 2.3 0.7 -1.1
v 2.1 0.7 -1.2
v 2.2 0.7 -1.2
v 2.3 0.7 -1.2
v 2.4 0.7 -1.2
v 2.2 0.7 -1.3
v 2.3 0.7 -1.3
v 2.4 0.7 -1.3
v 2.5 0.7 -1.3
v 2.3 0.7 -1.4
v 2.4 0.7 -1.4
v 2.5 0.7 -1.4
v 2.6 0.7 -1.4
v 2.4 0.7 -1.5
v 2.5 0.7 -1.5
v 2.6 0.7 -1.5
v 2.7 0.7 -1.5
v 2.5 0.7 -1.6
v 2.6 0.7 -1.6
v 2.7 0.7 -1.6
v 2.8 0.7 -1.6
v 2.6 0.7 -1.7
v 2.7 0.7 -1.7
v 2.8 0.7 -1.7
v 2.9 0.7 -1.7
v 2.7 0.7 -1.8
v 2.8 0.7 -1.8
v 2.9 0.7 -1.8
v 3 0.7 -1.8
v 2.8 0.7 -1.9
v 2.9 0.7 -1.9
v 3 0.7 -1.9
v 3.1 0.7 -1.9
v 2.9 0.7 -2
v 3 0.7 -2
v 3.1 0.7 -2
v 3.2 0.7 -2
v 3 0.7 -2.1
v 3.1 0.7 -2.1
v 3.2 0.7 -2.1
v 3.3 0.7 -2.1
v 3.1 0.7 -2.2
v 3.2 0.7 -2.2
v 3.3 0.7 -2.2
v 3.4 0.7 -2.2
v 3.2 0.7 -2.3
v 3.3 0.7 -2.3
v 3.4 0.7 -2.3
v 3.5 0.7 -2.3
v 3.3 0.7 -2.4
v 3.4 0.7 -2.4
v 3.5 0.7 -2.4
v 3.6 0.7 -2.4
v 3.4 0.7 -2.5
v 3.5 0.7 -2.5
v 3.6 0.7 -2.5
v 3.7 0.7 -2.5
v 3.5 0.7 -2.6
v 3.6 0.7 -2.6
v 3.7 0.7 -2.6
v 3.8 0.7 -2.6
v 3.6 0.7 -2.7
v 3.7 0.7 -2.7
v 3.8 0.7 -2.7
v 3.9 0.7 -2.7
v 3.7 0.7 -2.8
v 3.8 0.7 -2.8
v -2.8 0.7 -3.2
v 3.8 0.7 -3.2
v -2.9 0.7 -3.3
v 3.9 0.7 -3.3
v -2.2 0.8 -2
v -2.1 0.8 -2
v -2.2 0.8 -2.1
v -2.1 0.8 -2.1
v -2.7 0.9 3.3
v -2.5 0.9 3.3
v -2.5 0.9 3.2
v -2.4 0.9 3.2
v -2.4 0.9 3.1
v -2.3 0.9 3.1
v -2.3 0.9 3
v -2.2 0.9 3
v -2.6 0.9 2.9
v -2.5 0.9 2.9
v -2.2 0.9 2.9
v -2.1 0.9 2.9
v -2.6 0.9 2.8
v -2.5 0.9 2.8
v -2.1 0.9 2.8
v -2 0.9 2.8
v -2 0.9 2.7
v -1.9 0.9 2.7
v -1.9 0.9 2.6
v -1.8 0.9 2.6
v -1.8 0.9 2.5
v -1.7 0.9 2.5
v -2.2 0.9 2.4
v -2.1 0.9 2.4
v -1.7 0.9 2.4
v -1.6 0.9 2.4
v -2.2 0.9 2.3
v -2.1 0.9 2.3
v -1.6 0.9 2.3
v -1.5 0.9 2.3
v -1.5 0.9 2.2
v -1.4 0.9 2.2
v -1.4 0.9 2.1
v -1.3 0.9 2.1
v -1.3 0.9 2
v -1.2 0.9 2
v -1.2 0.9 1.9
v -1.1 0.9 1.9
v -1.1 0.9 1.8
v -1 0.9 1.8
v -1.8 0.9 1.7
v -1.6 0.9 1.7
v -1 0.9 1.7
v -0.9 0.9 1.7
v -2.6 0.9 1.6
v -2.5 0.9 1.6
v -0.9 0.9 1.6
v -0.8 0.9 1.6
v -2.6 0.9 1.5
v -2.5 0.9 1.5
v -1.8 0.9 1.5
v -1.6 0.9 1.5
v -0.8 0.9 1.5
v -0.7 0.9 1.5
v -1 0.9 1.4
v -0.9 0.9 1.4
v -0.7 0.9 1.4
v -0.6 0.9 1.4
v -0.6 0.9 1.3
v -0.5 0.9 1.3
v -1 0.9 1.2
v -0.9 0.9 1.2
v -0.5 0.9 1.2
v -0.4 0.9 1.2
v -0.4 0.9 1.1
v -0.3 0.9 1.1
v -2.2 0.9 1
v -2 0.9 1
v -0.3 0.9 1
v -0.2 0.9 1
v -0.2 0.9 0.9
v -0.0999999 0.9 0.9
v -2.2 0.9 0.8
v -2 0.9 0.8
v -1.1 0.9 0.8
v -0.9 0.9 0.8
v -0.0999999 0.9 0.8
v 2.38419e-07 0.9 0.8
v 2.38419e-07 0.9 0.7
v 0.1 0.9 0.7
v -1.1 0.9 0.6
v -0.9 0.9 0.6
v 0.1 0.9 0.6
v 0.2 0.9 0.6
v -0.2 0.9 0.5
v -0.0999999 0.9 0.5
v 0.2 0.9 0.5
v 0.3 0.9 0.5
v -0.0999999 0.9 0.4
v 2.38419e-07 0.9 0.4
v 0.3 0.9 0.4
v 0.4 0.9 0.4
v -0.6 0.9 0.3
v -0.5 0.9 0.3
v -0.2 0.9 0.3
v 2.38419e-07 0.9 0.3
v 0.4 0.9 0.3
v 0.5 0.9 0.3
v -0.7 0.9 0.2
v -0.6 0.9 0.2
v -0.5 0.9 0.2
v -0.4 0.9 0.2
v 0.5 0.9 0.2
v 0.6 0.9 0.2
v -2.3 0.9 0.0999997
v -2.2 0.9 0.0999997
v -0.7 0.9 0.0999997
v -0.4 0.9 0.0999997
v 0.6 0.9 0.0999997
v 0.7 0.9 0.0999997
v -2.3 0.9 -2.38419e-07
v -2.2 0.9 -2.38419e-07
v -1.5 0.9 -2.38419e-07
v -1.3 0.9 -2.38419e-07
v 0.7 0.9 -2.38419e-07
v 0.8 0.9 -2.38419e-07
v 0.5 0.9 -0.1
v 0.7 0.9 -0.1
v 0.8 0.9 -0.1
v 0.9 0.9 -0.1
v -1.5 0.9 -0.2
v -1.3 0.9 -0.2
v 0.9 0.9 -0.2
v 1 0.9 -0.2
v 0.5 0.9 -0.3
v 0.7 0.9 -0.3
v 1 0.9 -0.3
v 1.1 0.9 -0.3
v -0.6 0.9 -0.4
v -0.4 0.9 -0.4
v 1.1 0.9 -0.4
v 1.2 0.9 -0.4
v 1.2 0.9 -0.5
v 1.3 0.9 -0.5
v -0.6 0.9 -0.6
v -0.4 0.9 -0.6
v 1.3 0.9 -0.6
v 1.4 0.9 -0.6
v -2.3 0.9 -0.7
v -2.2 0.9 -0.7
v -1.8 0.9 -0.7
v -1.6 0.9 -0.7
v 1.4 0.9 -0.7
v 1.5 0.9 -0.7
v -2.3 0.9 -0.8
v -2.2 0.9 -0.8
v 1.5 0.9 -0.8
v 1.6 0.9 -0.8
v -2.6 0.9 -0.9
v -2.4 0.9 -0.9
v -1.8 0.9 -0.9
v -1.6 0.9 -0.9
v -1.2 0.9 -0.9
v -1 0.9 -0.9
v -0.2 0.9 -0.9
v 2.38419e-07 0.9 -0.9
v 1.6 0.9 -0.9
v 1.7 0.9 -0.9
v -1.1 0.9 -1
v -1 0.9 -1
v -0.2 0.9 -1
v -0.0999999 0.9 -1
v 0.7 0.9 -1
v 0.9 0.9 -1
v 1.4 0.9 -1
v 1.5 0.9 -1
v 1.7 0.9 -1
v 1.8 0.9 -1
v -2.6 0.9 -1.1
v -2.4 0.9 -1.1
v -1.2 0.9 -1.1
v -1.1 0.9 -1.1
v -0.0999999 0.9 -1.1
v 2.38419e-07 0.9 -1.1
v 1.8 0.9 -1.1
v 1.9 0.9 -1.1
v -0.3 0.9 -1.2
v -0.0999999 0.9 -1.2
v 0.7 0.9 -1.2
v 0.9 0.9 -1.2
v 1.4 0.9 -1.2
v 1.5 0.9 -1.2
v 1.9 0.9 -1.2
v 2 0.9 -1.2
v 2 0.9 -1.3
v 2.1 0.9 -1.3
v -1.9 0.9 -1.4
v -1.8 0.9 -1.4
v -0.3 0.9 -1.4
v -0.0999999 0.9 -1.4
v 1.9 0.9 -1.4
v 2 0.9 -1.4
v 2.1 0.9 -1.4
v 2.2 0.9 -1.4
v -2.3 0.9 -1.5
v -2.2 0.9 -1.5
v -1.9 0.9 -1.5
v -1.8 0.9 -1.5
v -1 0.9 -1.5
v -0.8 0.9 -1.5
v 1.8 0.9 -1.5
v 1.9 0.9 -1.5
v 2.2 0.9 -1.5
v 2.3 0.9 -1.5
v -2.3 0.9 -1.6
v -2.2 0.9 -1.6
v 1.3 0.9 -1.6
v 1.5 0.9 -1.6
v 1.8 0.9 -1.6
v 2 0.9 -1.6
v 2.1 0.9 -1.6
v 2.3 0.9 -1.6
v 2.4 0.9 -1.6
v -1 0.9 -1.7
v -0.8 0.9 -1.7
v 2 0.9 -1.7
v 2.1 0.9 -1.7
v 2.4 0.9 -1.7
v 2.5 0.9 -1.7
v 1.3 0.9 -1.8
v 1.5 0.9 -1.8
v 2.5 0.9 -1.8
v 2.6 0.9 -1.8
v -1.6 0.9 -1.9
v -1.5 0.9 -1.9
v 2.6 0.9 -1.9
v 2.7 0.9 -1.9
v -2.2 0.9 -2
v -2.1 0.9 -2
v -1.7 0.9 -2
v -1.6 0.9 -2
v 2.7 0.9 -2
v 2.8 0.9 -2
v -2.6 0.9 -2.1
v -2.3 0.9 -2.1
v -2.2 0.9 -2.1
v -2.1 0.9 -2.1
v -1.7 0.9 -2.1
v -1.5 0.9 -2.1
v 2.8 0.9 -2.1
v 2.9 0.9 -2.1
v -2.4 0.9 -2.2
v -2.3 0.9 -2.2
v -0.2 0.9 -2.2
v -0.0999999 0.9 -2.2
v 2.9 0.9 -2.2
v 3 0.9 -2.2
v -2.5 0.9 -2.3
v -2.4 0.9 -2.3
v -2 0.9 -2.3
v -1.8 0.9 -2.3
v -1.1 0.9 -2.3
v -0.9 0.9 -2.3
v -0.2 0.9 -2.3
v -0.0999999 0.9 -2.3
v 0.5 0.9 -2.3
v 0.7 0.9 -2.3
v 3 0.9 -2.3
v 3.1 0.9 -2.3
v -2.6 0.9 -2.4
v -2.5 0.9 -2.4
v 1.7 0.9 -2.4
v 1.9 0.9 -2.4
v 2.4 0.9 -2.4
v 2.5 0.9 -2.4
v 3.1 0.9 -2.4
v 3.2 0.9 -2.4
v -2 0.9 -2.5
v -1.8 0.9 -2.5
v -1.1 0.9 -2.5
v -0.9 0.9 -2.5
v 0.5 0.9 -2.5
v 0.7 0.9 -2.5
v 1.6 0.9 -2.5
v 1.7 0.9 -2.5
v 1.8 0.9 -2.5
v 1.9 0.9 -2.5
v 2.3 0.9 -2.5
v 2.4 0.9 -2.5
v 3.2 0.9 -2.5
v 3.3 0.9 -2.5
v 1.8 0.9 -2.6
v 1.9 0.9 -2.6
v 2.2 0.9 -2.6
v 2.3 0.9 -2.6
v 2.4 0.9 -2.6
v 2.5 0.9 -2.6
v 3.3 0.9 -2.6
v 3.4 0.9 -2.6
v -0.6 0.9 -2.7
v -0.4 0.9 -2.7
v 1.6 0.9 -2.7
v 1.7 0.9 -2.7
v 2.3 0.9 -2.7
v 2.4 0.9 -2.7
v 3.4 0.9 -2.7
v 3.5 0.9 -2.7
v -1.7 0.9 -2.8
v -1.3 0.9 -2.8
v -0.6 0.9 -2.8
v -0.4 0.9 -2.8
v 1.7 0.9 -2.8
v 1.9 0.9 -2.8
v 2.2 0.9 -2.8
v 2.3 0.9 -2.8
v 3 0.9 -2.8
v 3.2 0.9 -2.8
v 3.5 0.9 -2.8
v 3.6 0.9 -2.8
v -1.4 0.9 -2.9
v -1.3 0.9 -2.9
v -0.2 0.9 -2.9
v -0.0999999 0.9 -2.9
v 3.6 0.9 -2.9
v 3.7 0.9 -2.9
v -1.7 0.9 -3
v -1.4 0.9 -3
v -0.2 0.9 -3
v -0.0999999 0.9 -3
v 3 0.9 -3
v 3.2 0.9 -3
v -2.7 0.9 -3.1
v 3.7 0.9 -3.1
v -2.8 1 3.4
v -2.4 1 3.4
v -2.7 1 3.3
v -2.5 1 3.3
v -2.4 1 3.3
v -2.3 1 3.3
v -2.5 1 3.2
v -2.4 1 3.2
v -2.3 1 3.2
v -2.2 1 3.2
v -2.4 1 3.1
v -2.3 1 3.1
v -2.2 1 3.1
v -2.1 1 3.1
v -2.3 1 3
v -2.2 1 3
v -2.1 1 3
v -2 1 3
v -2.6 1 2.9
v -2.5 1 2.9
v -2.2 1 2.9
v -2.1 1 2.9
v -2 1 2.9
v -1.9 1 2.9
v -2.6 1 2.8
v -2.5 1 2.8
v -2.1 1 2.8
v -2 1 2.8
v -1.9 1 2.8
v -1.8 1 2.8
v -2 1 2.7
v -1.9 1 2.7
v -1.8 1 2.7
v -1.7 1 2.7
v -1.9 1 2.6
v -1.8 1 2.6
v -1.7 1 2.6
v -1.6 1 2.6
v -1.8 1 2.5
v -1.7 1 2.5
v -1.6 1 2.5
v -1.5 1 2.5
v -1.7 1 2.4
v -1.6 1 2.4
v -1.5 1 2.4
v -1.4 1 2.4
v -1.6 1 2.3
v -1.5 1 2.3
v -1.4 1 2.3
v -1.3 1 2.3
v -1.5 1 2.2
v -1.4 1 2.2
v -1.3 1 2.2
v -1.2 1 2.2
v -1.4 1 2.1
v -1.3 1 2.1
v -1.2 1 2.1
v -1.1 1 2.1
v -1.3 1 2
v -1.2 1 2
v -1.1 1 2
v -1 1 2
v -1.2 1 1.9
v -1.1 1 1.9
v -1 1 1.9
v -0.9 1 1.9
v -1.1 1 1.8
v -1 1 1.8
v -0.9 1 1.8
v -0.8 1 1.8
v -1 1 1.7
v -0.9 1 1.7
v -0.8 1 1.7
v -0.7 1 1.7
v -2.6 1 1.6
v -2.5 1 1.6
v -0.9 1 1.6
v -0.8 1 1.6
v -0.7 1 1.6
v -0.6 1 1.6
v -2.6 1 1.5
v -2.5 1 1.5
v -0.8 1 1.5
v -0.7 1 1.5
v -0.6 1 1.5
v -0.5 1 1.5
v -1 1 1.4
v -0.9 1 1.4
v -0.7 1 1.4
v -0.6 1 1.4
v -0.5 1 1.4
v -0.4 1 1.4
v -0.6 1 1.3
v -0.5 1 1.3
v -0.4 1 1.3
v -0.3 1 1.3
v -1 1 1.2
v -0.9 1 1.2
v -0.5 1 1.2
v -0.4 1 1.2
v -0.3 1 1.2
v -0.2 1 1.2
v -0.4 1 1.1
v -0.3 1 1.1
v -0.2 1 1.1
v -0.0999999 1 1.1
v -2.2 1 1
v -2 1 1
v -0.3 1 1
v -0.2 1 1
v -0.0999999 1 1
v 2.38419e-07 1 1
v -0.2 1 0.9
v -0.0999999 1 0.9
v 2.38419e-07 1 0.9
v 0.1 1 0.9
v -2.2 1 0.8
v -2 1 0.8
v -0.0999999 1 0.8
v 2.38419e-07 1 0.8
v 0.1 1 0.8
v 0.2 1 0.8
v 2.38419e-07 1 0.7
v 0.1 1 0.7
v 0.2 1 0.7
v 0.3 1 0.7
v 0.1 1 0.6
v 0.2 1 0.6
v 0.3 1 0.6
v 0.4 1 0.6
v -0.2 1 0.5
v -0.0999999 1 0.5
v 0.2 1 0.5
v 0.3 1 0.5
v 0.4 1 0.5
v 0.5 1 0.5
v -0.0999999 1 0.4
v 2.38419e-07 1 0.4
v 0.3 1 0.4
v 0.4 1 0.4
v 0.5 1 0.4
v 0.6 1 0.4
v -0.6 1 0.3
v -0.5 1 0.3
v -0.2 1 0.3
v 2.38419e-07 1 0.3
v 0.4 1 0.3
v 0.5 1 0.3
v 0.6 1 0.3
v 0.7 1 0.3
v -0.7 1 0.2
v -0.6 1 0.2
v -0.5 1 0.2
v -0.4 1 0.2
v 0.5 1 0.2
v 0.6 1 0.2
v 0.7 1 0.2
v 0.8 1 0.2
v -2.3 1 0.0999997
v -2.2 1 0.0999997
v -0.7 1 0.0999997
v -0.4 1 0.0999997
v 0.6 1 0.0999997
v 0.7 1 0.0999997
v 0.8 1 0.0999997
v 0.9 1 0.0999997
v -2.3 1 -2.38419e-07
v -2.2 1 -2.38419e-07
v 0.7 1 -2.38419e-07
v 0.8 1 -2.38419e-07
v 0.9 1 -2.38419e-07
v 1 1 -2.38419e-07
v 0.8 1 -0.1
v 0.9 1 -0.1
v 1 1 -0.1
v 1.1 1 -0.1
v 0.9 1 -0.2
v 1 1 -0.2
v 1.1 1 -0.2
v 1.2 1 -0.2
v 1 1 -0.3
v 1.1 1 -0.3
v 1.2 1 -0.3
v 1.3 1 -0.3
v 1.1 1 -0.4
v 1.2 1 -0.4
v 1.3 1 -0.4
v 1.4 1 -0.4
v 1.2 1 -0.5
v 1.3 1 -0.5
v 1.4 1 -0.5
v 1.5 1 -0.5
v 1.3 1 -0.6
v 1.4 1 -0.6
v 1.5 1 -0.6
v 1.6 1 -0.6
v -2.3 1 -0.7
v -2.2 1 -0.7
v -1.8 1 -0.7
v -1.6 1 -0.7
v 1.4 1 -0.7
v 1.5 1 -0.7
v 1.6 1 -0.7
v 1.7 1 -0.7
v -2.3 1 -0.8
v -2.2 1 -0.8
v 1.5 1 -0.8
v 1.6 1 -0.8
v 1.7 1 -0.8
v 1.8 1 -0.8
v -1.8 1 -0.9
v -1.6 1 -0.9
v -1.2 1 -0.9
v -1 1 -0.9
v -0.2 1 -0.9
v 2.38419e-07 1 -0.9
v 1.6 1 -0.9
v 1.7 1 -0.9
v 1.8 1 -0.9
v 1.9 1 -0.9
v -1.1 1 -1
v -1 1 -1
v -0.2 1 -1
v -0.0999999 1 -1
v 1.4 1 -1
v 1.5 1 -1
v 1.7 1 -1
v 1.8 1 -1
v 1.9 1 -1
v 2 1 -1
v -1.2 1 -1.1
v -1.1 1 -1.1
v -0.0999999 1 -1.1
v 2.38419e-07 1 -1.1
v 1.8 1 -1.1
v 1.9 1 -1.1
v 2 1 -1.1
v 2.1 1 -1.1
v 1.4 1 -1.2
v 1.5 1 -1.2
v 1.9 1 -1.2
v 2 1 -1.2
v 2.1 1 -1.2
v 2.2 1 -1.2
v 2 1 -1.3
v 2.1 1 -1.3
v 2.2 1 -1.3
v 2.3 1 -1.3
v 1.9 1 -1.4
v 2 1 -1.4
v 2.1 1 -1.4
v 2.2 1 -1.4
v 2.3 1 -1.4
v 2.4 1 -1.4
v -2.3 1 -1.5
v -2.2 1 -1.5
v -1 1 -1.5
v -0.8 1 -1.5
v 1.8 1 -1.5
v 1.9 1 -1.5
v 2.2 1 -1.5
v 2.3 1 -1.5
v 2.4 1 -1.5
v 2.5 1 -1.5
v -2.3 1 -1.6
v -2.2 1 -1.6
v 1.8 1 -1.6
v 2 1 -1.6
v 2.1 1 -1.6
v 2.3 1 -1.6
v 2.4 1 -1.6
v 2.5 1 -1.6
v 2.6 1 -1.6
v -1 1 -1.7
v -0.8 1 -1.7
v 2 1 -1.7
v 2.1 1 -1.7
v 2.4 1 -1.7
v 2.5 1 -1.7
v 2.6 1 -1.7
v 2.7 1 -1.7
v 2.5 1 -1.8
v 2.6 1 -1.8
v 2.7 1 -1.8
v 2.8 1 -1.8
v -1.6 1 -1.9
v -1.5 1 -1.9
v 2.6 1 -1.9
v 2.7 1 -1.9
v 2.8 1 -1.9
v 2.9 1 -1.9
v -1.7 1 -2
v -1.6 1 -2
v 2.7 1 -2
v 2.8 1 -2
v 2.9 1 -2
v 3 1 -2
v -2.6 1 -2.1
v -2.3 1 -2.1
v -1.7 1 -2.1
v -1.5 1 -2.1
v 2.8 1 -2.1
v 2.9 1 -2.1
v 3 1 -2.1
v 3.1 1 -2.1
v -2.4 1 -2.2
v -2.3 1 -2.2
v -0.2 1 -2.2
v -0.0999999 1 -2.2
v 2.9 1 -2.2
v 3 1 -2.2
v 3.1 1 -2.2
v 3.2 1 -2.2
v -2.5 1 -2.3
v -2.4 1 -2.3
v -0.2 1 -2.3
v -0.0999999 1 -2.3
v 3 1 -2.3
v 3.1 1 -2.3
v 3.2 1 -2.3
v 3.3 1 -2.3
v -2.6 1 -2.4
v -2.5 1 -2.4
v 1.7 1 -2.4
v 1.9 1 -2.4
v 2.4 1 -2.4
v 2.5 1 -2.4
v 3.1 1 -2.4
v 3.2 1 -2.4
v 3.3 1 -2.4
v 3.4 1 -2.4
v 1.6 1 -2.5
v 1.7 1 -2.5
v 1.8 1 -2.5
v 1.9 1 -2.5
v 2.3 1 -2.5
v 2.4 1 -2.5
v 3.2 1 -2.5
v 3.3 1 -2.5
v 3.4 1 -2.5
v 3.5 1 -2.5
v 1.8 1 -2.6
v 1.9 1 -2.6
v 2.2 1 -2.6
v 2.3 1 -2.6
v 2.4 1 -2.6
v 2.5 1 -2.6
v 3.3 1 -2.6
v 3.4 1 -2.6
v 3.5 1 -2.6
v 3.6 1 -2.6
v -0.6 1 -2.7
v -0.4 1 -2.7
v 1.6 1 -2.7
v 1.7 1 -2.7
v 2.3 1 -2.7
v 2.4 1 -2.7
v 3.4 1 -2.7
v 3.5 1 -2.7
v 3.6 1 -2.7
v 3.7 1 -2.7
v -1.7 1 -2.8
v -1.3 1 -2.8
v -0.6 1 -2.8
v -0.4 1 -2.8
v 1.7 1 -2.8
v 1.9 1 -2.8
v 2.2 1 -2.8
v 2.3 1 -2.8
v 3.5 1 -2.8
v 3.6 1 -2.8
v 3.7 1 -2.8
v 3.8 1 -2.8
v -1.4 1 -2.9
v -1.3 1 -2.9
v 3.6 1 -2.9
v 3.7 1 -2.9
v -1.7 1 -3
v -1.4 1 -3
v -2.7 1 -3.1
v 3 1 -3.1
v 3.2 1 -3.1
v 3.7 1 -3.1
v -2.8 1 -3.2
v 3.8 1 -3.2
v -1.8 1.1 1.7
v -1.6 1.1 1.7
v -1.8 1.1 1.5
v -1.6 1.1 1.5
v -2.2 1.1 1.3
v -2 1.1 1.3
v -2.2 1.1 1.2
v -2 1.1 1.2
v -2.2 1.1 1.1
v -2 1.1 1.1
v -2.5 1.1 1
v -2.4 1.1 1
v -2.3 1.1 1
v -2.2 1.1 1
v -2 1.1 1
v -1.9 1.1 1
v -1.8 1.1 1
v -1.7 1.1 1
v -2.5 1.1 0.8
v -2.4 1.1 0.8
v -2.3 1.1 0.8
v -2.2 1.1 0.8
v -2 1.1 0.8
v -1.9 1.1 0.8
v -1.8 1.1 0.8
v -1.7 1.1 0.8
v -2.2 1.1 0.7
v -2 1.1 0.7
v -2.2 1.1 0.6
v -2 1.1 0.6
v -2.2 1.1 0.5
v -2 1.1 0.5
v 0.5 1.1 -0.1
v 0.7 1.1 -0.1
v 0.5 1.1 -0.3
v 0.7 1.1 -0.3
v -1.8 1.1 -0.4
v -1.6 1.1 -0.4
v -0.6 1.1 -0.4
v -0.4 1.1 -0.4
v -1.8 1.1 -0.5
v -1.6 1.1 -0.5
v -1.8 1.1 -0.6
v -1.6 1.1 -0.6
v -0.6 1.1 -0.6
v -0.4 1.1 -0.6
v -2.1 1.1 -0.7
v -2 1.1 -0.7
v -1.9 1.1 -0.7
v -1.8 1.1 -0.7
v -1.6 1.1 -0.7
v -1.5 1.1 -0.7
v -1.4 1.1 -0.7
v -1.3 1.1 -0.7
v -2.5 1.1 -0.9
v -2.4 1.1 -0.9
v -2.1 1.1 -0.9
v -2 1.1 -0.9
v -1.9 1.1 -0.9
v -1.8 1.1 -0.9
v -1.6 1.1 -0.9
v -1.5 1.1 -0.9
v -1.4 1.1 -0.9
v -1.3 1.1 -0.9
v -2.5 1.1 -1
v -2.4 1.1 -1
v -1.8 1.1 -1
v -1.6 1.1 -1
v 0.7 1.1 -1
v 0.9 1.1 -1
v -1.8 1.1 -1.1
v -1.6 1.1 -1.1
v -1.8 1.1 -1.2
v -1.6 1.1 -1.2
v -1 1.1 -1.2
v -0.8 1.1 -1.2
v -0.3 1.1 -1.2
v -0.0999999 1.1 -1.2
v 0.7 1.1 -1.2
v 0.9 1.1 -1.2
v -1 1.1 -1.3
v -0.8 1.1 -1.3
v -1 1.1 -1.4
v -0.8 1.1 -1.4
v -0.3 1.1 -1.4
v -0.0999999 1.1 -1.4
v -1.3 1.1 -1.5
v -1.2 1.1 -1.5
v -1.1 1.1 -1.5
v -1 1.1 -1.5
v -0.8 1.1 -1.5
v -0.7 1.1 -1.5
v -0.6 1.1 -1.5
v -0.5 1.1 -1.5
v -1.3 1.1 -1.7
v -1.2 1.1 -1.7
v -1.1 1.1 -1.7
v -1 1.1 -1.7
v -0.8 1.1 -1.7
v -0.7 1.1 -1.7
v -0.6 1.1 -1.7
v -0.5 1.1 -1.7
v -1 1.1 -1.8
v -0.8 1.1 -1.8
v -1 1.1 -1.9
v -0.8 1.1 -1.9
v -1 1.1 -2
v -0.8 1.1 -2
v -2 1.1 -2.3
v -1.8 1.1 -2.3
v -1.1 1.1 -2.3
v -0.9 1.1 -2.3
v 0.5 1.1 -2.3
v 0.7 1.1 -2.3
v -2 1.1 -2.5
v -1.8 1.1 -2.5
v -1.1 1.1 -2.5
v -0.9 1.1 -2.5
v 0.5 1.1 -2.5
v 0.7 1.1 -2.5
v -1.8 1.2 2.4
v -1.7 1.2 2.4
v -1.8 1.2 2.3
v -1.7 1.2 2.3
v -1.8 1.2 1.8
v -1.6 1.2 1.8
v -1.9 1.2 1.7
v -1.8 1.2 1.7
v -1.6 1.2 1.7
v -1.5 1.2 1.7
v -1.9 1.2 1.5
v -1.8 1.2 1.5
v -1.6 1.2 1.5
v -1.5 1.2 1.5
v -1.8 1.2 1.4
v -1.6 1.2 1.4
v -2.2 1.2 1.2
v -2 1.2 1.2
v -2.2 1.2 1.1
v -2 1.2 1.1
v -2.4 1.2 1
v -2.3 1.2 1
v -1.9 1.2 1
v -1.8 1.2 1
v -1.1 1.2 0.9
v -0.9 1.2 0.9
v -2.4 1.2 0.8
v -2.3 1.2 0.8
v -1.9 1.2 0.8
v -1.8 1.2 0.8
v -1.2 1.2 0.8
v -1.1 1.2 0.8
v -0.9 1.2 0.8
v -0.8 1.2 0.8
v -2.2 1.2 0.7
v -2 1.2 0.7
v -2.2 1.2 0.6
v -2 1.2 0.6
v -1.2 1.2 0.6
v -1.1 1.2 0.6
v -0.9 1.2 0.6
v -0.8 1.2 0.6
v -1.1 1.2 0.5
v -0.9 1.2 0.5
v -1.5 1.2 0.0999997
v -1.3 1.2 0.0999997
v -1.6 1.2 -2.38419e-07
v -1.5 1.2 -2.38419e-07
v -1.3 1.2 -2.38419e-07
v -1.2 1.2 -2.38419e-07
v 0.5 1.2 -2.38419e-07
v 0.7 1.2 -2.38419e-07
v 0.4 1.2 -0.1
v 0.5 1.2 -0.1
v 0.7 1.2 -0.1
v 0.8 1.2 -0.1
v -1.6 1.2 -0.2
v -1.5 1.2 -0.2
v -1.3 1.2 -0.2
v -1.2 1.2 -0.2
v -1.5 1.2 -0.3
v -1.3 1.2 -0.3
v -0.6 1.2 -0.3
v -0.4 1.2 -0.3
v 0.4 1.2 -0.3
v 0.5 1.2 -0.3
v 0.7 1.2 -0.3
v 0.8 1.2 -0.3
v -0.7 1.2 -0.4
v -0.6 1.2 -0.4
v -0.4 1.2 -0.4
v -0.3 1.2 -0.4
v 0.5 1.2 -0.4
v 0.7 1.2 -0.4
v -1.8 1.2 -0.5
v -1.6 1.2 -0.5
v -1.8 1.2 -0.6
v -1.6 1.2 -0.6
v -0.7 1.2 -0.6
v -0.6 1.2 -0.6
v -0.4 1.2 -0.6
v -0.3 1.2 -0.6
v -2 1.2 -0.7
v -1.9 1.2 -0.7
v -1.5 1.2 -0.7
v -1.4 1.2 -0.7
v -0.6 1.2 -0.7
v -0.4 1.2 -0.7
v -2 1.2 -0.9
v -1.9 1.2 -0.9
v -1.5 1.2 -0.9
v -1.4 1.2 -0.9
v 0.7 1.2 -0.9
v 0.9 1.2 -0.9
v -1.8 1.2 -1
v -1.6 1.2 -1
v 0.6 1.2 -1
v 0.7 1.2 -1
v 0.9 1.2 -1
v 1 1.2 -1
v -1.8 1.2 -1.1
v -1.6 1.2 -1.1
v -0.3 1.2 -1.1
v -0.0999999 1.2 -1.1
v -0.4 1.2 -1.2
v -0.3 1.2 -1.2
v -0.0999999 1.2 -1.2
v 2.38419e-07 1.2 -1.2
v 0.6 1.2 -1.2
v 0.7 1.2 -1.2
v 0.9 1.2 -1.2
v 1 1.2 -1.2
v -1 1.2 -1.3
v -0.8 1.2 -1.3
v 0.7 1.2 -1.3
v 0.9 1.2 -1.3
v -1.5 1.2 -1.4
v -1.4 1.2 -1.4
v -1 1.2 -1.4
v -0.8 1.2 -1.4
v -0.4 1.2 -1.4
v -0.3 1.2 -1.4
v -0.0999999 1.2 -1.4
v 2.38419e-07 1.2 -1.4
v -1.5 1.2 -1.5
v -1.4 1.2 -1.5
v -1.2 1.2 -1.5
v -1.1 1.2 -1.5
v -0.7 1.2 -1.5
v -0.6 1.2 -1.5
v -0.3 1.2 -1.5
v -0.0999999 1.2 -1.5
v 1.3 1.2 -1.5
v 1.5 1.2 -1.5
v 1.2 1.2 -1.6
v 1.3 1.2 -1.6
v 1.5 1.2 -1.6
v 1.6 1.2 -1.6
v -1.2 1.2 -1.7
v -1.1 1.2 -1.7
v -0.7 1.2 -1.7
v -0.6 1.2 -1.7
v -1 1.2 -1.8
v -0.8 1.2 -1.8
v 1.2 1.2 -1.8
v 1.3 1.2 -1.8
v 1.5 1.2 -1.8
v 1.6 1.2 -1.8
v -1 1.2 -1.9
v -0.8 1.2 -1.9
v 1.3 1.2 -1.9
v 1.5 1.2 -1.9
v -2 1.2 -2.2
v -1.8 1.2 -2.2
v -1.1 1.2 -2.2
v -0.9 1.2 -2.2
v 0.5 1.2 -2.2
v 0.7 1.2 -2.2
v -2.1 1.2 -2.3
v -2 1.2 -2.3
v -1.8 1.2 -2.3
v -1.7 1.2 -2.3
v -1.2 1.2 -2.3
v -1.1 1.2 -2.3
v -0.9 1.2 -2.3
v -0.8 1.2 -2.3
v 0.4 1.2 -2.3
v 0.5 1.2 -2.3
v 0.7 1.2 -2.3
v 0.8 1.2 -2.3
v -2.1 1.2 -2.4
v -2.1 1.2 -2.5
v -2 1.2 -2.5
v -1.8 1.2 -2.5
v -1.7 1.2 -2.5
v -1.2 1.2 -2.5
v -1.1 1.2 -2.5
v -0.9 1.2 -2.5
v -0.8 1.2 -2.5
v 0.4 1.2 -2.5
v 0.5 1.2 -2.5
v 0.7 1.2 -2.5
v 0.8 1.2 -2.5
v -2 1.2 -2.6
v -1.8 1.2 -2.6
v -1.1 1.2 -2.6
v -0.9 1.2 -2.6
v 0.5 1.2 -2.6
v 0.7 1.2 -2.6
v 3 1.2 -2.7
v 3.2 1.2 -2.7
v 2.9 1.2 -2.8
v 3 1.2 -2.8
v 3.2 1.2 -2.8
v 3.3 1.2 -2.8
v 0.2 1.2 -2.9
v 0.3 1.2 -2.9
v 0.2 1.2 -3
v 0.3 1.2 -3
v 2.9 1.2 -3
v 3 1.2 -3
v 3.2 1.2 -3
v 3.3 1.2 -3
v 3 1.2 -3.1
v 3.2 1.2 -3.1
v -2.2 1.3 2.5
v -2.1 1.3 2.5
v -2.3 1.3 2.4
v -2.2 1.3 2.4
v -2.1 1.3 2.4
v -1.8 1.3 2.4
v -2.3 1.3 2.3
v -2.2 1.3 2.3
v -2.1 1.3 2.3
v -1.8 1.3 2.3
v -2.2 1.3 2.2
v -2.1 1.3 2.2
v -1.8 1.3 1.9
v -1.6 1.3 1.9
v -1.8 1.3 1.8
v -1.6 1.3 1.8
v -2 1.3 1.7
v -1.9 1.3 1.7
v -1.5 1.3 1.7
v -1.4 1.3 1.7
v -2 1.3 1.5
v -1.9 1.3 1.5
v -1.5 1.3 1.5
v -1.4 1.3 1.5
v -1.8 1.3 1.4
v -1.6 1.3 1.4
v -1.8 1.3 1.3
v -1.6 1.3 1.3
v -1.1 1.3 1.1
v -1 1.3 1.1
v -0.9 1.3 1.1
v -1.1 1.3 0.9
v -0.9 1.3 0.9
v -1.4 1.3 0.8
v -1.2 1.3 0.8
v -0.8 1.3 0.8
v -0.7 1.3 0.8
v -0.6 1.3 0.8
v -0.5 1.3 0.8
v -0.8 1.3 0.7
v -0.7 1.3 0.7
v -0.6 1.3 0.7
v -0.5 1.3 0.7
v -1.4 1.3 0.6
v -1.2 1.3 0.6
v -0.7 1.3 0.6
v -0.6 1.3 0.6
v -1.1 1.3 0.5
v -0.9 1.3 0.5
v -1.1 1.3 0.3
v -1 1.3 0.3
v -0.9 1.3 0.3
v -1.5 1.3 0.2
v -1.3 1.3 0.2
v -1.5 1.3 0.0999997
v -1.3 1.3 0.0999997
v 0.5 1.3 0.0999997
v 0.7 1.3 0.0999997
v -1.7 1.3 -2.38419e-07
v -1.6 1.3 -2.38419e-07
v -1.5 1.3 -2.38419e-07
v -1.3 1.3 -2.38419e-07
v -1.2 1.3 -2.38419e-07
v -1.1 1.3 -2.38419e-07
v 0.5 1.3 -2.38419e-07
v 0.7 1.3 -2.38419e-07
v -0.6 1.3 -0.1
v -0.4 1.3 -0.1
v 0.3 1.3 -0.1
v 0.4 1.3 -0.1
v 0.8 1.3 -0.1
v 0.9 1.3 -0.1
v -1.7 1.3 -0.2
v -1.6 1.3 -0.2
v -1.5 1.3 -0.2
v -1.3 1.3 -0.2
v -1.2 1.3 -0.2
v -1.1 1.3 -0.2
v -1.5 1.3 -0.3
v -1.3 1.3 -0.3
v -0.6 1.3 -0.3
v -0.4 1.3 -0.3
v 0.3 1.3 -0.3
v 0.4 1.3 -0.3
v 0.8 1.3 -0.3
v 0.9 1.3 -0.3
v -1.5 1.3 -0.4
v -1.3 1.3 -0.4
v -0.9 1.3 -0.4
v -0.7 1.3 -0.4
v -0.3 1.3 -0.4
v -0.0999999 1.3 -0.4
v 0.5 1.3 -0.4
v 0.7 1.3 -0.4
v 0.5 1.3 -0.5
v 0.7 1.3 -0.5
v -0.9 1.3 -0.6
v -0.7 1.3 -0.6
v -0.3 1.3 -0.6
v -0.0999999 1.3 -0.6
v -0.6 1.3 -0.7
v -0.4 1.3 -0.7
v 0.7 1.3 -0.7
v 0.9 1.3 -0.7
v -0.6 1.3 -0.9
v -0.4 1.3 -0.9
v 0.7 1.3 -0.9
v 0.9 1.3 -0.9
v -0.3 1.3 -1
v -0.0999999 1.3 -1
v 0.4 1.3 -1
v 0.6 1.3 -1
v 1 1.3 -1
v 1.2 1.3 -1
v -0.3 1.3 -1.1
v -0.0999999 1.3 -1.1
v -0.5 1.3 -1.2
v -0.4 1.3 -1.2
v 2.38419e-07 1.3 -1.2
v 0.1 1.3 -1.2
v 0.4 1.3 -1.2
v 0.6 1.3 -1.2
v 1 1.3 -1.2
v 1.2 1.3 -1.2
v -1.9 1.3 -1.3
v -1.8 1.3 -1.3
v 0.7 1.3 -1.3
v 0.9 1.3 -1.3
v -2 1.3 -1.4
v -1.9 1.3 -1.4
v -1.8 1.3 -1.4
v -1.5 1.3 -1.4
v -0.5 1.3 -1.4
v -0.4 1.3 -1.4
v 2.38419e-07 1.3 -1.4
v 0.1 1.3 -1.4
v 1.3 1.3 -1.4
v 1.5 1.3 -1.4
v -2 1.3 -1.5
v -1.9 1.3 -1.5
v -1.8 1.3 -1.5
v -1.5 1.3 -1.5
v -0.3 1.3 -1.5
v -0.0999999 1.3 -1.5
v 0.7 1.3 -1.5
v 0.9 1.3 -1.5
v 1.3 1.3 -1.5
v 1.5 1.3 -1.5
v -1.9 1.3 -1.6
v -1.8 1.3 -1.6
v -0.3 1.3 -1.6
v -0.0999999 1.3 -1.6
v 1.1 1.3 -1.6
v 1.2 1.3 -1.6
v 1.6 1.3 -1.6
v 1.7 1.3 -1.6
v 1.1 1.3 -1.8
v 1.2 1.3 -1.8
v 1.6 1.3 -1.8
v 1.7 1.3 -1.8
v 1.3 1.3 -1.9
v 1.5 1.3 -1.9
v -1.1 1.3 -2
v -0.9 1.3 -2
v 1.3 1.3 -2
v 1.5 1.3 -2
v -2 1.3 -2.1
v -1.8 1.3 -2.1
v 0.5 1.3 -2.1
v 0.7 1.3 -2.1
v -2 1.3 -2.2
v -1.8 1.3 -2.2
v -1.1 1.3 -2.2
v -0.9 1.3 -2.2
v 0.5 1.3 -2.2
v 0.7 1.3 -2.2
v -1.7 1.3 -2.3
v -1.6 1.3 -2.3
v -1.4 1.3 -2.3
v -1.2 1.3 -2.3
v -0.8 1.3 -2.3
v -0.6 1.3 -2.3
v 0.3 1.3 -2.3
v 0.4 1.3 -2.3
v 0.8 1.3 -2.3
v 0.9 1.3 -2.3
v -2.2 1.3 -2.4
v -2.1 1.3 -2.4
v -1.4 1.3 -2.4
v -1.3 1.3 -2.4
v -2.2 1.3 -2.5
v -2.1 1.3 -2.5
v -1.7 1.3 -2.5
v -1.6 1.3 -2.5
v -1.3 1.3 -2.5
v -1.2 1.3 -2.5
v -0.8 1.3 -2.5
v -0.6 1.3 -2.5
v 0.3 1.3 -2.5
v 0.4 1.3 -2.5
v 0.8 1.3 -2.5
v 0.9 1.3 -2.5
v -2 1.3 -2.6
v -1.8 1.3 -2.6
v -1.1 1.3 -2.6
v -0.9 1.3 -2.6
v 0.5 1.3 -2.6
v 0.7 1.3 -2.6
v 3 1.3 -2.6
v 3.2 1.3 -2.6
v -2 1.3 -2.7
v -1.8 1.3 -2.7
v 0.5 1.3 -2.7
v 0.7 1.3 -2.7
v 3 1.3 -2.7
v 3.2 1.3 -2.7
v -1.1 1.3 -2.8
v -0.9 1.3 -2.8
v -0.2 1.3 -2.8
v -0.0999999 1.3 -2.8
v 2.8 1.3 -2.8
v 2.9 1.3 -2.8
v 3 1.3 -2.8
v 3.2 1.3 -2.8
v 3.3 1.3 -2.8
v 3.4 1.3 -2.8
v -0.3 1.3 -2.9
v -0.2 1.3 -2.9
v -0.0999999 1.3 -2.9
v 0.2 1.3 -2.9
v -0.3 1.3 -3
v -0.2 1.3 -3
v -0.0999999 1.3 -3
v 0.2 1.3 -3
v 2.8 1.3 -3
v 2.9 1.3 -3
v 3 1.3 -3
v 3.2 1.3 -3
v 3.3 1.3 -3
v 3.4 1.3 -3
v -0.2 1.3 -3.1
v -0.0999999 1.3 -3.1
v 3 1.3 -3.1
v 3.2 1.3 -3.1
v 3 1.3 -3.2
v 3.2 1.3 -3.2
v -2.2 1.4 2.6
v -2.1 1.4 2.6
v -2.2 1.4 2.5
v -2.1 1.4 2.5
v -2.4 1.4 2.4
v -2.3 1.4 2.4
v -2.4 1.4 2.3
v -2.3 1.4 2.3
v -2.2 1.4 2.3
v -2.3 1.4 2.2
v -2.2 1.4 2.2
v -1.8 1.4 2.1
v -1.6 1.4 2.1
v -1.8 1.4 1.9
v -1.6 1.4 1.9
v -2.2 1.4 1.7
v -2 1.4 1.7
v -1.4 1.4 1.7
v -1.2 1.4 1.7
v -2.2 1.4 1.5
v -2 1.4 1.5
v -1.4 1.4 1.5
v -1.2 1.4 1.5
v -1.8 1.4 1.3
v -1.6 1.4 1.3
v -1 1.4 1.3
v -0.9 1.4 1.3
v -1.8 1.4 1.1
v -1.6 1.4 1.1
v -1 1.4 1.1
v -0.9 1.4 1.1
v -0.7 1.4 0.8
v -0.6 1.4 0.8
v -0.8 1.4 0.7
v -0.7 1.4 0.7
v -0.6 1.4 0.7
v -0.8 1.4 0.6
v -0.7 1.4 0.6
v -1.8 1.4 0.3
v -1.7 1.4 0.3
v -1.5 1.4 0.3
v -1.3 1.4 0.3
v -1.1 1.4 0.3
v -1 1.4 0.3
v 0.5 1.4 0.3
v 0.7 1.4 0.3
v -1.8 1.4 0.2
v -1.7 1.4 0.2
v -1.5 1.4 0.2
v -1.3 1.4 0.2
v -1.1 1.4 0.2
v -1 1.4 0.2
v -1.6 1.4 0.0999997
v -1.5 1.4 0.0999997
v -1.3 1.4 0.0999997
v -1.2 1.4 0.0999997
v 0.5 1.4 0.0999997
v 0.7 1.4 0.0999997
v -1.8 1.4 -2.38419e-07
v -1.7 1.4 -2.38419e-07
v -1.6 1.4 -2.38419e-07
v -1.5 1.4 -2.38419e-07
v -1.3 1.4 -2.38419e-07
v -1.2 1.4 -2.38419e-07
v -1.1 1.4 -2.38419e-07
v -1 1.4 -2.38419e-07
v 0.1 1.4 -0.1
v 0.3 1.4 -0.1
v 0.9 1.4 -0.1
v 1.1 1.4 -0.1
v -1.8 1.4 -0.2
v -1.7 1.4 -0.2
v -1.6 1.4 -0.2
v -1.5 1.4 -0.2
v -1.3 1.4 -0.2
v -1.2 1.4 -0.2
v -1.1 1.4 -0.2
v -1 1.4 -0.2
v -1.6 1.4 -0.3
v -1.5 1.4 -0.3
v -1.3 1.4 -0.3
v -1.2 1.4 -0.3
v 0.1 1.4 -0.3
v 0.3 1.4 -0.3
v 0.9 1.4 -0.3
v 1.1 1.4 -0.3
v -1.8 1.4 -0.4
v -1.7 1.4 -0.4
v -1.5 1.4 -0.4
v -1.3 1.4 -0.4
v -1.1 1.4 -0.4
v -1 1.4 -0.4
v -1.8 1.4 -0.5
v -1.7 1.4 -0.5
v -1.5 1.4 -0.5
v -1.3 1.4 -0.5
v -1.1 1.4 -0.5
v -1 1.4 -0.5
v 0.5 1.4 -0.5
v 0.7 1.4 -0.5
v -0.3 1.4 -0.7
v -0.0999999 1.4 -0.7
v 0.5 1.4 -0.7
v 0.7 1.4 -0.7
v -0.3 1.4 -0.8
v -0.2 1.4 -0.8
v -0.0999999 1.4 -0.8
v -0.3 1.4 -0.9
v -0.2 1.4 -0.9
v -2.6 1.4 -1
v -2.5 1.4 -1
v -0.3 1.4 -1
v -0.0999999 1.4 -1
v -2.6 1.4 -1.1
v -2.5 1.4 -1.1
v -1.9 1.4 -1.2
v -1.8 1.4 -1.2
v -0.8 1.4 -1.2
v -0.7 1.4 -1.2
v -0.5 1.4 -1.2
v 0.1 1.4 -1.2
v 0.2 1.4 -1.2
v -1.9 1.4 -1.3
v -1.8 1.4 -1.3
v -0.8 1.4 -1.3
v -0.7 1.4 -1.3
v -0.6 1.4 -1.3
v 0.3 1.4 -1.3
v 0.4 1.4 -1.3
v 1 1.4 -1.3
v 1.1 1.4 -1.3
v 1.3 1.4 -1.3
v 1.5 1.4 -1.3
v 1.7 1.4 -1.3
v 1.8 1.4 -1.3
v -2.1 1.4 -1.4
v -2 1.4 -1.4
v -0.6 1.4 -1.4
v -0.5 1.4 -1.4
v 0.1 1.4 -1.4
v 0.2 1.4 -1.4
v 0.3 1.4 -1.4
v 0.4 1.4 -1.4
v 1 1.4 -1.4
v 1.1 1.4 -1.4
v 1.3 1.4 -1.4
v 1.5 1.4 -1.4
v 1.7 1.4 -1.4
v 1.8 1.4 -1.4
v -2.1 1.4 -1.5
v -2 1.4 -1.5
v -1.9 1.4 -1.5
v 1.2 1.4 -1.5
v 1.3 1.4 -1.5
v 1.5 1.4 -1.5
v 1.6 1.4 -1.5
v -2 1.4 -1.6
v -1.9 1.4 -1.6
v -0.3 1.4 -1.6
v -0.0999999 1.4 -1.6
v 1 1.4 -1.6
v 1.1 1.4 -1.6
v 1.2 1.4 -1.6
v 1.3 1.4 -1.6
v 1.5 1.4 -1.6
v 1.6 1.4 -1.6
v 1.7 1.4 -1.6
v 1.8 1.4 -1.6
v -0.3 1.4 -1.7
v -0.0999999 1.4 -1.7
v -2 1.4 -1.8
v -1.9 1.4 -1.8
v -0.3 1.4 -1.8
v -0.0999999 1.4 -1.8
v 1 1.4 -1.8
v 1.1 1.4 -1.8
v 1.2 1.4 -1.8
v 1.3 1.4 -1.8
v 1.5 1.4 -1.8
v 1.6 1.4 -1.8
v 1.7 1.4 -1.8
v 1.8 1.4 -1.8
v -2 1.4 -1.9
v -1.9 1.4 -1.9
v -1.8 1.4 -1.9
v -0.3 1.4 -1.9
v -0.0999999 1.4 -1.9
v 0.5 1.4 -1.9
v 0.7 1.4 -1.9
v 1.2 1.4 -1.9
v 1.3 1.4 -1.9
v 1.5 1.4 -1.9
v 1.6 1.4 -1.9
v -2 1.4 -2
v -1.9 1.4 -2
v 1 1.4 -2
v 1.1 1.4 -2
v 1.3 1.4 -2
v 1.5 1.4 -2
v 1.7 1.4 -2
v 1.8 1.4 -2
v -2 1.4 -2.1
v -1.8 1.4 -2.1
v 0.5 1.4 -2.1
v 0.7 1.4 -2.1
v 1 1.4 -2.1
v 1.1 1.4 -2.1
v 1.3 1.4 -2.1
v 1.5 1.4 -2.1
v 1.7 1.4 -2.1
v 1.8 1.4 -2.1
v -2.5 1.4 -2.3
v -2.4 1.4 -2.3
v -2.2 1.4 -2.3
v -1.6 1.4 -2.3
v -1.5 1.4 -2.3
v 0.1 1.4 -2.3
v 0.3 1.4 -2.3
v 0.9 1.4 -2.3
v 1.1 1.4 -2.3
v -2.5 1.4 -2.4
v -2.4 1.4 -2.4
v -2.3 1.4 -2.4
v -1.4 1.4 -2.4
v -1.3 1.4 -2.4
v -2.3 1.4 -2.5
v -2.2 1.4 -2.5
v -1.6 1.4 -2.5
v -1.5 1.4 -2.5
v -1.4 1.4 -2.5
v -1.3 1.4 -2.5
v 0.1 1.4 -2.5
v 0.3 1.4 -2.5
v 0.9 1.4 -2.5
v 1.1 1.4 -2.5
v 2.7 1.4 -2.5
v 2.8 1.4 -2.5
v 3 1.4 -2.5
v 3.2 1.4 -2.5
v 3.4 1.4 -2.5
v 3.5 1.4 -2.5
v 2.7 1.4 -2.6
v 2.8 1.4 -2.6
v 3 1.4 -2.6
v 3.2 1.4 -2.6
v 3.4 1.4 -2.6
v 3.5 1.4 -2.6
v -2 1.4 -2.7
v -1.8 1.4 -2.7
v -0.2 1.4 -2.7
v -0.0999999 1.4 -2.7
v 0.5 1.4 -2.7
v 0.7 1.4 -2.7
v 2.9 1.4 -2.7
v 3 1.4 -2.7
v 3.2 1.4 -2.7
v 3.3 1.4 -2.7
v -2 1.4 -2.8
v -1.8 1.4 -2.8
v -0.2 1.4 -2.8
v -0.0999999 1.4 -2.8
v 2.7 1.4 -2.8
v 2.8 1.4 -2.8
v 2.9 1.4 -2.8
v 3 1.4 -2.8
v 3.2 1.4 -2.8
v 3.3 1.4 -2.8
v 3.4 1.4 -2.8
v 3.5 1.4 -2.8
v -2 1.4 -2.9
v -1.8 1.4 -2.9
v -0.4 1.4 -2.9
v -0.3 1.4 -2.9
v 0.5 1.4 -2.9
v 0.7 1.4 -2.9
v -2 1.4 -3
v -1.8 1.4 -3
v -0.4 1.4 -3
v -0.3 1.4 -3
v -0.2 1.4 -3
v 2.7 1.4 -3
v 2.8 1.4 -3
v 2.9 1.4 -3
v 3 1.4 -3
v 3.2 1.4 -3
v 3.3 1.4 -3
v 3.4 1.4 -3
v 3.5 1.4 -3
v -0.3 1.4 -3.1
v -0.2 1.4 -3.1
v 2.9 1.4 -3.1
v 3 1.4 -3.1
v 3.2 1.4 -3.1
v 3.3 1.4 -3.1
v 2.7 1.4 -3.2
v 2.8 1.4 -3.2
v 3 1.4 -3.2
v 3.2 1.4 -3.2
v 3.4 1.4 -3.2
v 3.5 1.4 -3.2
v 2.7 1.4 -3.3
v 2.8 1.4 -3.3
v 3 1.4 -3.3
v 3.2 1.4 -3.3
v 3.4 1.4 -3.3
v 3.5 1.4 -3.3
v -2.2 1.5 2.8
v -2.1 1.5 2.8
v -2.1 1.5 2.7
v -2.2 1.5 2.6
v -2.1 1.5 2.6
v -2.5 1.5 2.4
v -2.4 1.5 2.4
v -2.2 1.5 2.4
v -2.1 1.5 2.4
v -2.5 1.5 2.3
v -2.4 1.5 2.3
v -2.2 1.5 2.3
v -2.1 1.5 2.3
v -2.3 1.5 2.2
v -2.2 1.5 2.2
v -2.2 1.5 2.1
v -2.1 1.5 2.1
v -2.3 1.5 2
v -2.2 1.5 2
v -2.1 1.5 2
v -1.5 1.5 1.1
v -1.3 1.5 1.1
v -1.5 1.5 1
v -1.3 1.5 1
v -1.5 1.5 0.4
v -1.3 1.5 0.4
v -1.5 1.5 0.3
v -1.3 1.5 0.3
v -1.7 1.5 0.2
v -1.6 1.5 0.2
v -1.2 1.5 0.2
v -1.1 1.5 0.2
v -1.7 1.5 0.0999997
v -1.6 1.5 0.0999997
v -1.2 1.5 0.0999997
v -1.1 1.5 0.0999997
v -2.6 1.5 -2.38419e-07
v -2.5 1.5 -2.38419e-07
v -1.9 1.5 -2.38419e-07
v -1.8 1.5 -2.38419e-07
v -1 1.5 -2.38419e-07
v -0.9 1.5 -2.38419e-07
v -0.3 1.5 -2.38419e-07
v -0.2 1.5 -2.38419e-07
v -2.6 1.5 -0.2
v -2.5 1.5 -0.2
v -1.9 1.5 -0.2
v -1.8 1.5 -0.2
v -1 1.5 -0.2
v -0.9 1.5 -0.2
v -0.3 1.5 -0.2
v -0.2 1.5 -0.2
v -1.7 1.5 -0.3
v -1.6 1.5 -0.3
v -1.2 1.5 -0.3
v -1.1 1.5 -0.3
v -1.7 1.5 -0.4
v -1.6 1.5 -0.4
v -1.2 1.5 -0.4
v -1.1 1.5 -0.4
v -1.5 1.5 -0.5
v -1.3 1.5 -0.5
v 1.3 1.5 -0.5
v 1.5 1.5 -0.5
v -1.5 1.5 -0.6
v -1.3 1.5 -0.6
v 1.3 1.5 -0.6
v 1.5 1.5 -0.6
v -0.3 1.5 -0.8
v -0.2 1.5 -0.8
v -0.3 1.5 -0.9
v -0.2 1.5 -0.9
v -1.9 1.5 -1
v -1.8 1.5 -1
v -1.8 1.5 -1.1
v -1.9 1.5 -1.2
v -1.8 1.5 -1.2
v -1.5 1.5 -1.2
v -1.3 1.5 -1.2
v 0.2 1.5 -1.2
v 0.3 1.5 -1.2
v 1.3 1.5 -1.2
v 1.5 1.5 -1.2
v -1.5 1.5 -1.3
v -1.3 1.5 -1.3
v -0.7 1.5 -1.3
v -0.6 1.5 -1.3
v 1.3 1.5 -1.3
v 1.5 1.5 -1.3
v -2.2 1.5 -1.4
v -2.1 1.5 -1.4
v -1.9 1.5 -1.4
v -1.8 1.5 -1.4
v -0.7 1.5 -1.4
v -0.6 1.5 -1.4
v 0.2 1.5 -1.4
v 0.3 1.5 -1.4
v 1.1 1.5 -1.4
v 1.2 1.5 -1.4
v 1.6 1.5 -1.4
v 1.7 1.5 -1.4
v -2.2 1.5 -1.5
v -2.1 1.5 -1.5
v -1.9 1.5 -1.5
v -1.8 1.5 -1.5
v 1.1 1.5 -1.5
v 1.2 1.5 -1.5
v 1.6 1.5 -1.5
v 1.7 1.5 -1.5
v -2 1.5 -1.6
v -1.9 1.5 -1.6
v 0.2 1.5 -1.6
v 0.3 1.5 -1.6
v 0.9 1.5 -1.6
v 1 1.5 -1.6
v 1.8 1.5 -1.6
v 1.9 1.5 -1.6
v 2.5 1.5 -1.6
v 2.6 1.5 -1.6
v -1.9 1.5 -1.7
v -1.8 1.5 -1.7
v -0.3 1.5 -1.7
v -0.0999999 1.5 -1.7
v 0.3 1.5 -1.7
v 2.5 1.5 -1.7
v 3 1.5 -1.7
v 3.2 1.5 -1.7
v -2 1.5 -1.8
v -1.9 1.5 -1.8
v -1.8 1.5 -1.8
v -0.3 1.5 -1.8
v -0.0999999 1.5 -1.8
v 0.2 1.5 -1.8
v 0.3 1.5 -1.8
v 0.9 1.5 -1.8
v 1 1.5 -1.8
v 1.8 1.5 -1.8
v 1.9 1.5 -1.8
v 2.5 1.5 -1.8
v 2.6 1.5 -1.8
v 3 1.5 -1.8
v 3.2 1.5 -1.8
v -2 1.5 -1.9
v -1.9 1.5 -1.9
v 1.1 1.5 -1.9
v 1.2 1.5 -1.9
v 1.6 1.5 -1.9
v 1.7 1.5 -1.9
v -2 1.5 -2
v -1.9 1.5 -2
v 1.1 1.5 -2
v 1.2 1.5 -2
v 1.6 1.5 -2
v 1.7 1.5 -2
v 1.3 1.5 -2.1
v 1.5 1.5 -2.1
v 1.3 1.5 -2.2
v 1.5 1.5 -2.2
v -1.5 1.5 -2.3
v -1.4 1.5 -2.3
v -2.4 1.5 -2.4
v -2.3 1.5 -2.4
v 3 1.5 -2.4
v 3.2 1.5 -2.4
v -2.4 1.5 -2.5
v -2.3 1.5 -2.5
v -1.5 1.5 -2.5
v -1.4 1.5 -2.5
v -0.2 1.5 -2.5
v -0.0999999 1.5 -2.5
v 3 1.5 -2.5
v 3.2 1.5 -2.5
v -0.0999999 1.5 -2.6
v 2.8 1.5 -2.6
v 2.9 1.5 -2.6
v 3.3 1.5 -2.6
v 3.4 1.5 -2.6
v -0.2 1.5 -2.7
v -0.0999999 1.5 -2.7
v 2.8 1.5 -2.7
v 2.9 1.5 -2.7
v 3.3 1.5 -2.7
v 3.4 1.5 -2.7
v -2 1.5 -2.8
v -1.8 1.5 -2.8
v 1.3 1.5 -2.8
v 1.4 1.5 -2.8
v 1.5 1.5 -2.8
v 1.9 1.5 -2.8
v 2 1.5 -2.8
v 2.6 1.5 -2.8
v 2.7 1.5 -2.8
v 3.5 1.5 -2.8
v 3.6 1.5 -2.8
v 4.2 1.5 -2.8
v 4.3 1.5 -2.8
v -2 1.5 -2.9
v -1.8 1.5 -2.9
v -0.5 1.5 -2.9
v -0.4 1.5 -2.9
v -0.2 1.5 -2.9
v -0.0999999 1.5 -2.9
v 1.3 1.5 -2.9
v 1.4 1.5 -2.9
v 1.5 1.5 -2.9
v -0.5 1.5 -3
v -0.4 1.5 -3
v -0.2 1.5 -3
v -0.0999999 1.5 -3
v 1.9 1.5 -3
v 2 1.5 -3
v 2.6 1.5 -3
v 2.7 1.5 -3
v 3.5 1.5 -3
v 3.6 1.5 -3
v 4.2 1.5 -3
v 4.3 1.5 -3
v -0.3 1.5 -3.1
v -0.2 1.5 -3.1
v 2.8 1.5 -3.1
v 2.9 1.5 -3.1
v 3.3 1.5 -3.1
v 3.4 1.5 -3.1
v -0.2 1.5 -3.2
v -0.0999999 1.5 -3.2
v 2.8 1.5 -3.2
v 2.9 1.5 -3.2
v 3.3 1.5 -3.2
v 3.4 1.5 -3.2
v -0.3 1.5 -3.3
v -0.2 1.5 -3.3
v -0.0999999 1.5 -3.3
v 3 1.5 -3.3
v 3.2 1.5 -3.3
v 3 1.5 -3.4
v 3.2 1.5 -3.4
v 3 1.5 -4
v 3.2 1.5 -4
v 3 1.5 -4.1
v 3.2 1.5 -4.1
v -2.1 1.6 2.9
v -1.9 1.6 2.9
v -2 1.6 2.8
v -1.9 1.6 2.8
v -2.1 1.6 2.7
v -2 1.6 2.7
v -2.7 1.6 2.4
v -2.6 1.6 2.4
v -2.5 1.6 2.4
v -2.1 1.6 2.4
v -2 1.6 2.4
v -2.7 1.6 2.3
v -2.5 1.6 2.3
v -2.1 1.6 2.3
v -2 1.6 2.3
v -2.2 1.6 2
v -2.1 1.6 2
v -2.1 1.6 1.9
v -2 1.6 1.9
v -2.2 1.6 1.8
v -2 1.6 1.8
v -1.5 1.6 1
v -1.3 1.6 1
v -1.5 1.6 0.9
v -1.4 1.6 0.9
v -1.3 1.6 0.9
v -1.5 1.6 0.5
v -1.3 1.6 0.5
v -1.5 1.6 0.4
v -1.3 1.6 0.4
v -2.5 1.6 -2.38419e-07
v -2.4 1.6 -2.38419e-07
v -2 1.6 -2.38419e-07
v -1.9 1.6 -2.38419e-07
v -0.9 1.6 -2.38419e-07
v -0.8 1.6 -2.38419e-07
v -0.4 1.6 -2.38419e-07
v -0.3 1.6 -2.38419e-07
v -2.5 1.6 -0.2
v -2.4 1.6 -0.2
v -2 1.6 -0.2
v -1.9 1.6 -0.2
v -0.9 1.6 -0.2
v -0.8 1.6 -0.2
v -0.4 1.6 -0.2
v -0.3 1.6 -0.2
v -1.5 1.6 -0.6
v -1.3 1.6 -0.6
v 1.3 1.6 -0.6
v 1.5 1.6 -0.6
v -1.5 1.6 -0.7
v -1.3 1.6 -0.7
v 1.3 1.6 -0.7
v 1.4 1.6 -0.7
v 1.5 1.6 -0.7
v -1.8 1.6 -0.9
v -1.6 1.6 -0.9
v -1.7 1.6 -1
v -1.6 1.6 -1
v -1.8 1.6 -1.1
v -1.7 1.6 -1.1
v -1.5 1.6 -1.1
v -1.3 1.6 -1.1
v 1.3 1.6 -1.1
v 1.5 1.6 -1.1
v -1.5 1.6 -1.2
v -1.3 1.6 -1.2
v 1.3 1.6 -1.2
v 1.5 1.6 -1.2
v -2.4 1.6 -1.4
v -2.2 1.6 -1.4
v -1.8 1.6 -1.4
v -1.7 1.6 -1.4
v -2.4 1.6 -1.5
v -2.2 1.6 -1.5
v -1.8 1.6 -1.5
v -1.7 1.6 -1.5
v 0.3 1.6 -1.6
v 0.4 1.6 -1.6
v 0.8 1.6 -1.6
v 0.9 1.6 -1.6
v 1.9 1.6 -1.6
v 2 1.6 -1.6
v 2.4 1.6 -1.6
v 2.5 1.6 -1.6
v 0.3 1.6 -1.7
v 0.4 1.6 -1.7
v 2.4 1.6 -1.7
v 2.5 1.6 -1.7
v -1.9 1.6 -1.8
v -1.8 1.6 -1.8
v 0.3 1.6 -1.8
v 0.4 1.6 -1.8
v 0.8 1.6 -1.8
v 0.9 1.6 -1.8
v 1.9 1.6 -1.8
v 2 1.6 -1.8
v 2.4 1.6 -1.8
v 2.5 1.6 -1.8
v 3 1.6 -1.8
v 3.2 1.6 -1.8
v -1.8 1.6 -1.9
v -1.7 1.6 -1.9
v 3 1.6 -1.9
v 3.1 1.6 -1.9
v 3.2 1.6 -1.9
v -1.9 1.6 -2
v -1.7 1.6 -2
v 1.3 1.6 -2.2
v 1.5 1.6 -2.2
v 1.3 1.6 -2.3
v 1.5 1.6 -2.3
v 3 1.6 -2.3
v 3.2 1.6 -2.3
v -0.0999999 1.6 -2.4
v 0.1 1.6 -2.4
v 3 1.6 -2.4
v 3.2 1.6 -2.4
v 2.38419e-07 1.6 -2.5
v 0.1 1.6 -2.5
v -0.0999999 1.6 -2.6
v 2.38419e-07 1.6 -2.6
v 1.3 1.6 -2.7
v 1.4 1.6 -2.7
v 1.5 1.6 -2.7
v 1.3 1.6 -2.8
v 1.5 1.6 -2.8
v 2 1.6 -2.8
v 2.1 1.6 -2.8
v 2.5 1.6 -2.8
v 2.6 1.6 -2.8
v 3.6 1.6 -2.8
v 3.7 1.6 -2.8
v 4.1 1.6 -2.8
v 4.2 1.6 -2.8
v -0.7 1.6 -2.9
v -0.6 1.6 -2.9
v -0.5 1.6 -2.9
v -0.0999999 1.6 -2.9
v 2.38419e-07 1.6 -2.9
v -0.7 1.6 -3
v -0.5 1.6 -3
v -0.0999999 1.6 -3
v 2.38419e-07 1.6 -3
v 2 1.6 -3
v 2.1 1.6 -3
v 2.5 1.6 -3
v 2.6 1.6 -3
v 3.6 1.6 -3
v 3.7 1.6 -3
v 4.1 1.6 -3
v 4.2 1.6 -3
v -0.2 1.6 -3.3
v -0.0999999 1.6 -3.3
v -0.0999999 1.6 -3.4
v 2.38419e-07 1.6 -3.4
v 3 1.6 -3.4
v 3.2 1.6 -3.4
v -0.2 1.6 -3.5
v 2.38419e-07 1.6 -3.5
v 3 1.6 -3.5
v 3.2 1.6 -3.5
v 3 1.6 -3.9
v 3.2 1.6 -3.9
v 3 1.6 -4
v 3.2 1.6 -4
v -2.8 1.7 2.5
v -2.6 1.7 2.5
v -2.8 1.7 2.4
v -2.6 1.7 2.4
v -2 1.7 2.4
v -1.9 1.7 2.4
v -2 1.7 2.3
v -1.9 1.7 2.3
v -1.5 1.7 0.9
v -1.4 1.7 0.9
v -1.3 1.7 0.9
v -1.5 1.7 0.8
v -1.4 1.7 0.8
v -1.3 1.7 0.8
v -1.5 1.7 0.6
v -1.3 1.7 0.6
v -1.5 1.7 0.5
v -1.3 1.7 0.5
v -2.4 1.7 -2.38419e-07
v -2.3 1.7 -2.38419e-07
v -2.1 1.7 -2.38419e-07
v -2 1.7 -2.38419e-07
v -0.8 1.7 -2.38419e-07
v -0.7 1.7 -2.38419e-07
v -0.5 1.7 -2.38419e-07
v -0.4 1.7 -2.38419e-07
v -2.3 1.7 -0.1
v -0.5 1.7 -0.1
v -2.4 1.7 -0.2
v -2.3 1.7 -0.2
v -2.1 1.7 -0.2
v -2 1.7 -0.2
v -0.8 1.7 -0.2
v -0.7 1.7 -0.2
v -0.5 1.7 -0.2
v -0.4 1.7 -0.2
v -1.5 1.7 -0.7
v -1.3 1.7 -0.7
v 1.3 1.7 -0.7
v 1.4 1.7 -0.7
v 1.5 1.7 -0.7
v -1.5 1.7 -0.8
v -1.3 1.7 -0.8
v 1.3 1.7 -0.8
v 1.4 1.7 -0.8
v 1.5 1.7 -0.8
v -1.5 1.7 -1
v -1.4 1.7 -1
v -1.3 1.7 -1
v 1.3 1.7 -1
v 1.5 1.7 -1
v -1.5 1.7 -1.1
v -1.3 1.7 -1.1
v 1.3 1.7 -1.1
v 1.5 1.7 -1.1
v -2.5 1.7 -1.3
v -2.4 1.7 -1.3
v -2.5 1.7 -1.4
v -2.4 1.7 -1.4
v -1.7 1.7 -1.4
v -1.6 1.7 -1.4
v -1.7 1.7 -1.5
v -1.6 1.7 -1.5
v 0.4 1.7 -1.6
v 0.5 1.7 -1.6
v 0.7 1.7 -1.6
v 0.8 1.7 -1.6
v 2 1.7 -1.6
v 2.1 1.7 -1.6
v 2.3 1.7 -1.6
v 2.4 1.7 -1.6
v 0.5 1.7 -1.7
v 2.3 1.7 -1.7
v 2.4 1.7 -1.7
v 0.4 1.7 -1.8
v 0.5 1.7 -1.8
v 0.7 1.7 -1.8
v 0.8 1.7 -1.8
v 2 1.7 -1.8
v 2.1 1.7 -1.8
v 2.3 1.7 -1.8
v 2.4 1.7 -1.8
v 3 1.7 -1.9
v 3.1 1.7 -1.9
v 3.2 1.7 -1.9
v 3 1.7 -2
v 3.1 1.7 -2
v 3.2 1.7 -2
v 3 1.7 -2.2
v 3.2 1.7 -2.2
v 1.3 1.7 -2.3
v 1.5 1.7 -2.3
v 3 1.7 -2.3
v 3.2 1.7 -2.3
v 1.3 1.7 -2.4
v 1.5 1.7 -2.4
v 1.3 1.7 -2.6
v 1.4 1.7 -2.6
v 1.5 1.7 -2.6
v 1.3 1.7 -2.7
v 1.4 1.7 -2.7
v 1.5 1.7 -2.7
v -0.8 1.7 -2.8
v -0.6 1.7 -2.8
v 2.1 1.7 -2.8
v 2.2 1.7 -2.8
v 2.4 1.7 -2.8
v 2.5 1.7 -2.8
v 3.7 1.7 -2.8
v 3.8 1.7 -2.8
v 4 1.7 -2.8
v 4.1 1.7 -2.8
v -0.8 1.7 -2.9
v -0.6 1.7 -2.9
v 2.38419e-07 1.7 -2.9
v 0.1 1.7 -2.9
v 2.2 1.7 -2.9
v 4 1.7 -2.9
v 2.38419e-07 1.7 -3
v 0.1 1.7 -3
v 2.1 1.7 -3
v 2.2 1.7 -3
v 2.4 1.7 -3
v 2.5 1.7 -3
v 3.7 1.7 -3
v 3.8 1.7 -3
v 4 1.7 -3
v 4.1 1.7 -3
v 3 1.7 -3.5
v 3.2 1.7 -3.5
v 3 1.7 -3.6
v 3.2 1.7 -3.6
v 3 1.7 -3.8
v 3.1 1.7 -3.8
v 3.2 1.7 -3.8
v 3 1.7 -3.9
v 3.2 1.7 -3.9
v -1.9 1.8 2.5
v -1.8 1.8 2.5
v -1.8 1.8 2.4
v -1.9 1.8 2.3
v -1.8 1.8 2.3
v -1.4 1.8 0.8
v -1.3 1.8 0.8
v -1.4 1.8 0.6
v -1.3 1.8 0.6
v -2.3 1.8 -2.38419e-07
v -2.2 1.8 -2.38419e-07
v -2.1 1.8 -2.38419e-07
v -0.7 1.8 -2.38419e-07
v -0.5 1.8 -2.38419e-07
v -2.3 1.8 -0.1
v -2.2 1.8 -0.1
v -0.6 1.8 -0.1
v -0.5 1.8 -0.1
v -2.3 1.8 -0.2
v -2.1 1.8 -0.2
v -0.7 1.8 -0.2
v -0.6 1.8 -0.2
v -0.5 1.8 -0.2
v -1.5 1.8 -0.8
v -1.3 1.8 -0.8
v 1.3 1.8 -0.8
v 1.5 1.8 -0.8
v -1.4 1.8 -0.9
v -1.3 1.8 -0.9
v -1.5 1.8 -1
v -1.4 1.8 -1
v -1.3 1.8 -1
v 1.3 1.8 -1
v 1.5 1.8 -1
v -1.6 1.8 -1.3
v -1.5 1.8 -1.3
v -1.5 1.8 -1.4
v -1.6 1.8 -1.5
v -1.5 1.8 -1.5
v 0.5 1.8 -1.6
v 0.6 1.8 -1.6
v 0.7 1.8 -1.6
v 2.1 1.8 -1.6
v 2.3 1.8 -1.6
v 0.5 1.8 -1.7
v 0.6 1.8 -1.7
v 2.2 1.8 -1.7
v 2.3 1.8 -1.7
v 0.5 1.8 -1.8
v 0.7 1.8 -1.8
v 2.1 1.8 -1.8
v 2.2 1.8 -1.8
v 2.3 1.8 -1.8
v 3 1.8 -2
v 3.2 1.8 -2
v 3 1.8 -2.2
v 3.2 1.8 -2.2
v 1.3 1.8 -2.4
v 1.5 1.8 -2.4
v 1.4 1.8 -2.5
v 1.5 1.8 -2.5
v 1.3 1.8 -2.6
v 1.4 1.8 -2.6
v 1.5 1.8 -2.6
v 0.1 1.8 -2.8
v 0.2 1.8 -2.8
v 2.2 1.8 -2.8
v 2.3 1.8 -2.8
v 2.4 1.8 -2.8
v 3.8 1.8 -2.8
v 4 1.8 -2.8
v 0.2 1.8 -2.9
v 2.2 1.8 -2.9
v 2.3 1.8 -2.9
v 3.9 1.8 -2.9
v 4 1.8 -2.9
v 0.1 1.8 -3
v 0.2 1.8 -3
v 2.2 1.8 -3
v 2.4 1.8 -3
v 3.8 1.8 -3
v 3.9 1.8 -3
v 4 1.8 -3
v 3 1.8 -3.6
v 3.2 1.8 -3.6
v 3.1 1.8 -3.7
v 3.2 1.8 -3.7
v 3 1.8 -3.8
v 3.1 1.8 -3.8
v 3.2 1.8 -3.8
v -1.8 1.9 2.5
v -1.7 1.9 2.5
v -1.8 1.9 2.4
v -1.7 1.9 2.4
v -1.1 1.9 1.3
v -0.9 1.9 1.3
v -1.1 1.9 1.2
v -0.9 1.9 1.2
v -1.1 1.9 0.9
v -0.9 1.9 0.9
v -1.6 1.9 0.8
v -1.5 1.9 0.8
v -1.2 1.9 0.8
v -1.1 1.9 0.8
v -0.9 1.9 0.8
v -0.8 1.9 0.8
v -0.5 1.9 0.8
v -0.4 1.9 0.8
v -1.6 1.9 0.6
v -1.5 1.9 0.6
v -1.2 1.9 0.6
v -1.1 1.9 0.6
v -0.9 1.9 0.6
v -0.8 1.9 0.6
v -0.5 1.9 0.6
v -0.4 1.9 0.6
v -1.1 1.9 0.5
v -0.9 1.9 0.5
v -1 1.9 0.2
v -0.9 1.9 0.2
v -1 1.9 0.0999997
v -0.9 1.9 0.0999997
v -1.5 1.9 -1.3
v -1.4 1.9 -1.3
v -1.5 1.9 -1.4
v -1.4 1.9 -1.4
v 0.2 1.9 -2.8
v 0.3 1.9 -2.8
v 0.2 1.9 -2.9
v 0.3 1.9 -2.9
v -1.8 2 2.7
v -1.7 2 2.7
v -1.8 2 2.5
v -1.7 2 2.5
v -1.1 2 1.2
v -0.9 2 1.2
v -1.1 2 0.9
v -0.9 2 0.9
v -1.5 2 0.8
v -1.2 2 0.8
v -0.8 2 0.8
v -0.5 2 0.8
v -1.5 2 0.7
v -1.4 2 0.7
v -1.4 2 0.6
v -1.2 2 0.6
v -0.8 2 0.6
v -0.5 2 0.6
v -1.1 2 0.5
v -0.9 2 0.5
v -1 2 0.4
v -0.9 2 0.4
v -0.8 2 0.4
v -1 2 0.3
v -0.9 2 0.3
v -0.8 2 0.3
v -1.1 2 0.2
v -1 2 0.2
v -0.9 2 0.2
v -1.1 2 0.0999997
v -1 2 0.0999997
v -1.5 2 -1.1
v -1.4 2 -1.1
v -1.5 2 -1.3
v -1.4 2 -1.3
v 1.3 2 -1.5
v 1.5 2 -1.5
v 1.2 2 -1.6
v 1.3 2 -1.6
v 1.5 2 -1.6
v 1.6 2 -1.6
v 1.2 2 -1.8
v 1.3 2 -1.8
v 1.5 2 -1.8
v 1.6 2 -1.8
v 1.3 2 -1.9
v 1.5 2 -1.9
v 0.2 2 -2.6
v 0.3 2 -2.6
v 0.2 2 -2.8
v 0.3 2 -2.8
v -1.5 2.1 0.7
v -1.4 2.1 0.7
v -1.5 2.1 0.6
v -1.4 2.1 0.6
v -1 2.1 0.4
v -0.9 2.1 0.4
v -1 2.1 0.3
v -0.9 2.1 0.3
v 1.3 2.1 -1.4
v 1.5 2.1 -1.4
v 1.3 2.1 -1.5
v 1.5 2.1 -1.5
v 1.1 2.1 -1.6
v 1.2 2.1 -1.6
v 1.6 2.1 -1.6
v 1.7 2.1 -1.6
v 1.1 2.1 -1.8
v 1.2 2.1 -1.8
v 1.6 2.1 -1.8
v 1.7 2.1 -1.8
v 1.3 2.1 -1.9
v 1.5 2.1 -1.9
v 1.3 2.1 -2
v 1.5 2.1 -2
v 1 2.2 -1.3
v 1.1 2.2 -1.3
v 1.3 2.2 -1.3
v 1.5 2.2 -1.3
v 1.7 2.2 -1.3
v 1.8 2.2 -1.3
v 1 2.2 -1.4
v 1.1 2.2 -1.4
v 1.3 2.2 -1.4
v 1.5 2.2 -1.4
v 1.7 2.2 -1.4
v 1.8 2.2 -1.4
v 1.2 2.2 -1.5
v 1.3 2.2 -1.5
v 1.5 2.2 -1.5
v 1.6 2.2 -1.5
v 1 2.2 -1.6
v 1.1 2.2 -1.6
v 1.2 2.2 -1.6
v 1.3 2.2 -1.6
v 1.5 2.2 -1.6
v 1.6 2.2 -1.6
v 1.7 2.2 -1.6
v 1.8 2.2 -1.6
v 1 2.2 -1.8
v 1.1 2.2 -1.8
v 1.2 2.2 -1.8
v 1.3 2.2 -1.8
v 1.5 2.2 -1.8
v 1.6 2.2 -1.8
v 1.7 2.2 -1.8
v 1.8 2.2 -1.8
v 1.2 2.2 -1.9
v 1.3 2.2 -1.9
v 1.5 2.2 -1.9
v 1.6 2.2 -1.9
v 1 2.2 -2
v 1.1 2.2 -2
v 1.3 2.2 -2
v 1.5 2.2 -2
v 1.7 2.2 -2
v 1.8 2.2 -2
v 1 2.2 -2.1
v 1.1 2.2 -2.1
v 1.3 2.2 -2.1
v 1.5 2.2 -2.1
v 1.7 2.2 -2.1
v 1.8 2.2 -2.1
v 1.3 2.3 -0.5
v 1.4 2.3 -0.5
v 1.5 2.3 -0.5
v 1.3 2.3 -0.6
v 1.4 2.3 -0.6
v 1.5 2.3 -0.6
v 1.3 2.3 -1.2
v 1.5 2.3 -1.2
v 1.3 2.3 -1.3
v 1.5 2.3 -1.3
v 1.1 2.3 -1.4
v 1.2 2.3 -1.4
v 1.6 2.3 -1.4
v 1.7 2.3 -1.4
v 1.1 2.3 -1.5
v 1.2 2.3 -1.5
v 1.6 2.3 -1.5
v 1.7 2.3 -1.5
v 0.2 2.3 -1.6
v 0.3 2.3 -1.6
v 0.9 2.3 -1.6
v 1 2.3 -1.6
v 1.8 2.3 -1.6
v 1.9 2.3 -1.6
v 2.5 2.3 -1.6
v 2.6 2.3 -1.6
v 2.5 2.3 -1.7
v 2.6 2.3 -1.7
v 0.2 2.3 -1.8
v 0.3 2.3 -1.8
v 0.9 2.3 -1.8
v 1 2.3 -1.8
v 1.8 2.3 -1.8
v 1.9 2.3 -1.8
v 2.5 2.3 -1.8
v 2.6 2.3 -1.8
v 1.1 2.3 -1.9
v 1.2 2.3 -1.9
v 1.6 2.3 -1.9
v 1.7 2.3 -1.9
v 1.1 2.3 -2
v 1.2 2.3 -2
v 1.6 2.3 -2
v 1.7 2.3 -2
v 1.3 2.3 -2.1
v 1.5 2.3 -2.1
v 1.3 2.3 -2.2
v 1.5 2.3 -2.2
v 1.3 2.3 -2.8
v 1.4 2.3 -2.8
v 1.5 2.3 -2.8
v 1.3 2.3 -2.9
v 1.4 2.3 -2.9
v 1.5 2.3 -2.9
v -1.1 2.4 0.8
v -0.9 2.4 0.8
v -1.1 2.4 0.6
v -0.9 2.4 0.6
v 1.3 2.4 -0.6
v 1.4 2.4 -0.6
v 1.5 2.4 -0.6
v 1.3 2.4 -0.7
v 1.4 2.4 -0.7
v 1.5 2.4 -0.7
v 1.3 2.4 -1.1
v 1.5 2.4 -1.1
v 1.3 2.4 -1.2
v 1.5 2.4 -1.2
v 0.3 2.4 -1.6
v 0.4 2.4 -1.6
v 0.8 2.4 -1.6
v 0.9 2.4 -1.6
v 1.9 2.4 -1.6
v 2 2.4 -1.6
v 2.4 2.4 -1.6
v 2.5 2.4 -1.6
v 0.4 2.4 -1.7
v 2.4 2.4 -1.7
v 2.5 2.4 -1.7
v 0.3 2.4 -1.8
v 0.4 2.4 -1.8
v 0.8 2.4 -1.8
v 0.9 2.4 -1.8
v 1.9 2.4 -1.8
v 2 2.4 -1.8
v 2.4 2.4 -1.8
v 2.5 2.4 -1.8
v 1.3 2.4 -2.2
v 1.5 2.4 -2.2
v 1.3 2.4 -2.3
v 1.5 2.4 -2.3
v 1.3 2.4 -2.7
v 1.4 2.4 -2.7
v 1.5 2.4 -2.7
v 1.3 2.4 -2.8
v 1.5 2.4 -2.8
v -1.1 2.5 0.9
v -0.9 2.5 0.9
v -1.2 2.5 0.8
v -1.1 2.5 0.8
v -0.9 2.5 0.8
v -0.8 2.5 0.8
v -1.2 2.5 0.6
v -1.1 2.5 0.6
v -0.9 2.5 0.6
v -0.8 2.5 0.6
v -1.1 2.5 0.5
v -0.9 2.5 0.5
v 1.3 2.5 -0.7
v 1.4 2.5 -0.7
v 1.5 2.5 -0.7
v 1.3 2.5 -0.8
v 1.4 2.5 -0.8
v 1.5 2.5 -0.8
v 1.3 2.5 -1
v 1.5 2.5 -1
v 1.3 2.5 -1.1
v 1.5 2.5 -1.1
v 0.4 2.5 -1.6
v 0.5 2.5 -1.6
v 0.7 2.5 -1.6
v 0.8 2.5 -1.6
v 2 2.5 -1.6
v 2.1 2.5 -1.6
v 2.3 2.5 -1.6
v 2.4 2.5 -1.6
v 0.4 2.5 -1.7
v 0.5 2.5 -1.7
v 2.3 2.5 -1.7
v 0.4 2.5 -1.8
v 0.5 2.5 -1.8
v 0.7 2.5 -1.8
v 0.8 2.5 -1.8
v 2 2.5 -1.8
v 2.1 2.5 -1.8
v 2.3 2.5 -1.8
v 2.4 2.5 -1.8
v 1.3 2.5 -2.3
v 1.5 2.5 -2.3
v 1.3 2.5 -2.4
v 1.5 2.5 -2.4
v 1.3 2.5 -2.6
v 1.4 2.5 -2.6
v 1.5 2.5 -2.6
v 1.3 2.5 -2.7
v 1.4 2.5 -2.7
v 1.5 2.5 -2.7
v -1.1 2.6 1.2
v -1 2.6 1.2
v -1.1 2.6 1.1
v -1 2.6 1.1
v -0.9 2.6 1.1
v -1.1 2.6 0.9
v -0.9 2.6 0.9
v -1.4 2.6 0.8
v -1.2 2.6 0.8
v -0.8 2.6 0.8
v -0.6 2.6 0.8
v -1.4 2.6 0.6
v -1.2 2.6 0.6
v -0.8 2.6 0.6
v -0.6 2.6 0.6
v -0.9 2.6 0.5
v -0.8 2.6 0.5
v -1.1 2.6 0.4
v -1 2.6 0.4
v -0.9 2.6 0.4
v -0.8 2.6 0.4
v -1.1 2.6 0.3
v -1 2.6 0.3
v 1.3 2.6 -0.8
v 1.5 2.6 -0.8
v 1.3 2.6 -1
v 1.5 2.6 -1
v 0.5 2.6 -1.6
v 0.6 2.6 -1.6
v 0.7 2.6 -1.6
v 2.1 2.6 -1.6
v 2.3 2.6 -1.6
v 0.5 2.6 -1.7
v 0.6 2.6 -1.7
v 2.2 2.6 -1.7
v 2.3 2.6 -1.7
v 0.5 2.6 -1.8
v 0.7 2.6 -1.8
v 2.1 2.6 -1.8
v 2.2 2.6 -1.8
v 2.3 2.6 -1.8
v 1.3 2.6 -2.4
v 1.5 2.6 -2.4
v 1.4 2.6 -2.5
v 1.5 2.6 -2.5
v 1.3 2.6 -2.6
v 1.4 2.6 -2.6
v 1.5 2.6 -2.6
v -1.1 2.7 0.5
v -0.9 2.7 0.5
v -1.1 2.7 0.4
v -1 2.7 0.4
v -1 2.7 0.3
v -0.9 2.7 0.3
v -2.1 2.7 -0.8
v -2 2.7 -0.8
v -2.1 2.7 -0.9
v -2 2.7 -0.9
v -2.6 2.8 -0.3
v -2.5 2.8 -0.3
v -2.6 2.8 -0.4
v -2.5 2.8 -0.4
v -2.5 2.8 -0.9
v -2.4 2.8 -0.9
v -2.6 2.8 -1
v -2.5 2.8 -1
v -2.4 2.8 -1
v -2.9 2.8 -1.1
v -2.8 2.8 -1.1
v -2.6 2.8 -1.1
v -2.5 2.8 -1.1
v -2.9 2.8 -1.2
v -2.8 2.8 -1.2
v -2.5 2.9 -0.3
v -2.4 2.9 -0.3
v -2.6 2.9 -0.4
v -2.5 2.9 -0.4
v -2.4 2.9 -0.4
v -2.6 2.9 -0.5
v -2.5 2.9 -0.5
v -2.6 2.9 -0.8
v -2.4 2.9 -0.8
v -2.7 2.9 -0.9
v -2.6 2.9 -0.9
v -2.5 2.9 -0.9
v -2.4 2.9 -0.9
v -2.3 2.9 -0.9
v -2 2.9 -0.9
v -1.9 2.9 -0.9
v -2.6 2.9 -1
v -2.4 2.9 -1
v -2.8 2.9 -1.1
v -2.7 2.9 -1.1
v -2.6 2.9 -1.1
v -2.5 2.9 -1.1
v -2.4 2.9 -1.1
v -2.3 2.9 -1.1
v -2 2.9 -1.1
v -1.9 2.9 -1.1
v -2.8 2.9 -1.2
v -2.7 2.9 -1.2
v -2.6 2.9 -1.2
v -2.4 2.9 -1.2
v -2.5 2.9 -1.5
v -2.4 2.9 -1.5
v 1.3 2.9 -1.5
v 1.5 2.9 -1.5
v -2.5 2.9 -1.6
v -2.4 2.9 -1.6
v 1.2 2.9 -1.6
v 1.3 2.9 -1.6
v 1.5 2.9 -1.6
v 1.6 2.9 -1.6
v -2.5 2.9 -1.7
v -2.4 2.9 -1.7
v 1.2 2.9 -1.8
v 1.3 2.9 -1.8
v 1.5 2.9 -1.8
v 1.6 2.9 -1.8
v 1.3 2.9 -1.9
v 1.5 2.9 -1.9
v -2.5 3 -0.4
v -2.4 3 -0.4
v -2.6 3 -0.5
v -2.5 3 -0.5
v -2.4 3 -0.5
v -2.6 3 -0.8
v -2.4 3 -0.8
v -2.9 3 -0.9
v -2.7 3 -0.9
v -2.3 3 -0.9
v -2 3 -0.9
v -2.9 3 -1.1
v -2.7 3 -1.1
v -2.3 3 -1.1
v -2 3 -1.1
v -2.6 3 -1.2
v -2.4 3 -1.2
v 1.3 3 -1.4
v 1.5 3 -1.4
v -2.6 3 -1.5
v -2.5 3 -1.5
v -2.4 3 -1.5
v 1.3 3 -1.5
v 1.5 3 -1.5
v -2.6 3 -1.6
v -2.5 3 -1.6
v 1.1 3 -1.6
v 1.2 3 -1.6
v 1.6 3 -1.6
v 1.7 3 -1.6
v 1.1 3 -1.8
v 1.2 3 -1.8
v 1.6 3 -1.8
v 1.7 3 -1.8
v 1.3 3 -1.9
v 1.5 3 -1.9
v 1.3 3 -2
v 1.5 3 -2
v 1 3.1 -1.3
v 1.1 3.1 -1.3
v 1.3 3.1 -1.3
v 1.5 3.1 -1.3
v 1.7 3.1 -1.3
v 1.8 3.1 -1.3
v 1 3.1 -1.4
v 1.1 3.1 -1.4
v 1.3 3.1 -1.4
v 1.5 3.1 -1.4
v 1.7 3.1 -1.4
v 1.8 3.1 -1.4
v 1.2 3.1 -1.5
v 1.3 3.1 -1.5
v 1.5 3.1 -1.5
v 1.6 3.1 -1.5
v 1 3.1 -1.6
v 1.1 3.1 -1.6
v 1.2 3.1 -1.6
v 1.3 3.1 -1.6
v 1.5 3.1 -1.6
v 1.6 3.1 -1.6
v 1.7 3.1 -1.6
v 1.8 3.1 -1.6
v 1 3.1 -1.8
v 1.1 3.1 -1.8
v 1.2 3.1 -1.8
v 1.3 3.1 -1.8
v 1.5 3.1 -1.8
v 1.6 3.1 -1.8
v 1.7 3.1 -1.8
v 1.8 3.1 -1.8
v 1.2 3.1 -1.9
v 1.3 3.1 -1.9
v 1.5 3.1 -1.9
v 1.6 3.1 -1.9
v 1 3.1 -2
v 1.1 3.1 -2
v 1.3 3.1 -2
v 1.5 3.1 -2
v 1.7 3.1 -2
v 1.8 3.1 -2
v 1 3.1 -2.1
v 1.1 3.1 -2.1
v 1.3 3.1 -2.1
v 1.5 3.1 -2.1
v 1.7 3.1 -2.1
v 1.8 3.1 -2.1
v 1.3 3.2 -0.5
v 1.5 3.2 -0.5
v 1.3 3.2 -0.6
v 1.4 3.2 -0.6
v 1.5 3.2 -0.6
v 1.3 3.2 -1.2
v 1.5 3.2 -1.2
v 1.3 3.2 -1.3
v 1.5 3.2 -1.3
v 1.1 3.2 -1.4
v 1.2 3.2 -1.4
v 1.6 3.2 -1.4
v 1.7 3.2 -1.4
v 1.1 3.2 -1.5
v 1.2 3.2 -1.5
v 1.6 3.2 -1.5
v 1.7 3.2 -1.5
v 0.2 3.2 -1.6
v 0.3 3.2 -1.6
v 0.9 3.2 -1.6
v 1 3.2 -1.6
v 1.8 3.2 -1.6
v 1.9 3.2 -1.6
v 2.5 3.2 -1.6
v 2.6 3.2 -1.6
v 0.2 3.2 -1.7
v 0.3 3.2 -1.7
v 2.5 3.2 -1.7
v 2.6 3.2 -1.7
v 0.2 3.2 -1.8
v 0.3 3.2 -1.8
v 0.9 3.2 -1.8
v 1 3.2 -1.8
v 1.8 3.2 -1.8
v 1.9 3.2 -1.8
v 2.5 3.2 -1.8
v 2.6 3.2 -1.8
v 1.1 3.2 -1.9
v 1.2 3.2 -1.9
v 1.6 3.2 -1.9
v 1.7 3.2 -1.9
v 1.1 3.2 -2
v 1.2 3.2 -2
v 1.6 3.2 -2
v 1.7 3.2 -2
v 1.3 3.2 -2.1
v 1.5 3.2 -2.1
v 1.3 3.2 -2.2
v 1.5 3.2 -2.2
v 1.3 3.2 -2.8
v 1.4 3.2 -2.8
v 1.5 3.2 -2.8
v 1.3 3.2 -2.9
v 1.5 3.2 -2.9
v 1.3 3.3 -0.6
v 1.4 3.3 -0.6
v 1.5 3.3 -0.6
v 1.3 3.3 -0.7
v 1.4 3.3 -0.7
v 1.5 3.3 -0.7
v 1.3 3.3 -1.1
v 1.5 3.3 -1.1
v 1.3 3.3 -1.2
v 1.5 3.3 -1.2
v 0.3 3.3 -1.6
v 0.4 3.3 -1.6
v 0.8 3.3 -1.6
v 0.9 3.3 -1.6
v 1.9 3.3 -1.6
v 2 3.3 -1.6
v 2.4 3.3 -1.6
v 2.5 3.3 -1.6
v 0.3 3.3 -1.7
v 0.4 3.3 -1.7
v 0.3 3.3 -1.8
v 0.4 3.3 -1.8
v 0.8 3.3 -1.8
v 0.9 3.3 -1.8
v 1.9 3.3 -1.8
v 2 3.3 -1.8
v 2.4 3.3 -1.8
v 2.5 3.3 -1.8
v 1.3 3.3 -2.2
v 1.5 3.3 -2.2
v 1.3 3.3 -2.3
v 1.5 3.3 -2.3
v 1.3 3.3 -2.7
v 1.4 3.3 -2.7
v 1.5 3.3 -2.7
v 1.3 3.3 -2.8
v 1.4 3.3 -2.8
v 1.5 3.3 -2.8
v 1.3 3.4 -0.7
v 1.4 3.4 -0.7
v 1.5 3.4 -0.7
v 1.3 3.4 -0.8
v 1.4 3.4 -0.8
v 1.5 3.4 -0.8
v 1.3 3.4 -1
v 1.5 3.4 -1
v 1.3 3.4 -1.1
v 1.5 3.4 -1.1
v 0.4 3.4 -1.6
v 0.5 3.4 -1.6
v 0.7 3.4 -1.6
v 0.8 3.4 -1.6
v 2 3.4 -1.6
v 2.1 3.4 -1.6
v 2.3 3.4 -1.6
v 2.4 3.4 -1.6
v 0.5 3.4 -1.7
v 2.3 3.4 -1.7
v 0.4 3.4 -1.8
v 0.5 3.4 -1.8
v 0.7 3.4 -1.8
v 0.8 3.4 -1.8
v 2 3.4 -1.8
v 2.1 3.4 -1.8
v 2.3 3.4 -1.8
v 2.4 3.4 -1.8
v 1.3 3.4 -2.3
v 1.5 3.4 -2.3
v 1.3 3.4 -2.4
v 1.5 3.4 -2.4
v 1.3 3.4 -2.6
v 1.4 3.4 -2.6
v 1.5 3.4 -2.6
v 1.3 3.4 -2.7
v 1.5 3.4 -2.7
v 1.3 3.5 -0.8
v 1.5 3.5 -0.8
v 1.3 3.5 -1
v 1.5 3.5 -1
v 0.5 3.5 -1.6
v 0.6 3.5 -1.6
v 0.7 3.5 -1.6
v 2.1 3.5 -1.6
v 2.3 3.5 -1.6
v 0.5 3.5 -1.7
v 0.6 3.5 -1.7
v 2.2 3.5 -1.7
v 2.3 3.5 -1.7
v 0.5 3.5 -1.8
v 0.7 3.5 -1.8
v 2.1 3.5 -1.8
v 2.2 3.5 -1.8
v 2.3 3.5 -1.8
v 1.3 3.5 -2.4
v 1.5 3.5 -2.4
v 1.4 3.5 -2.5
v 1.5 3.5 -2.5
v 1.3 3.5 -2.6
v 1.4 3.5 -2.6
v 1.5 3.5 -2.6
v 1.3 3.8 -1.5
v 1.5 3.8 -1.5
v 1.2 3.8 -1.6
v 1.3 3.8 -1.6
v 1.5 3.8 -1.6
v 1.6 3.8 -1.6
v 1.2 3.8 -1.8
v 1.3 3.8 -1.8
v 1.5 3.8 -1.8
v 1.6 3.8 -1.8
v 1.3 3.8 -1.9
v 1.5 3.8 -1.9
v 1.3 3.9 -1.4
v 1.5 3.9 -1.4
v 1.3 3.9 -1.5
v 1.5 3.9 -1.5
v 1.1 3.9 -1.6
v 1.2 3.9 -1.6
v 1.6 3.9 -1.6
v 1.7 3.9 -1.6
v 1.1 3.9 -1.8
v 1.2 3.9 -1.8
v 1.6 3.9 -1.8
v 1.7 3.9 -1.8
v 1.3 3.9 -1.9
v 1.5 3.9 -1.9
v 1.3 3.9 -2
v 1.5 3.9 -2
v 1 4 -1.3
v 1.1 4 -1.3
v 1.3 4 -1.3
v 1.5 4 -1.3
v 1.7 4 -1.3
v 1.8 4 -1.3
v 1 4 -1.4
v 1.1 4 -1.4
v 1.3 4 -1.4
v 1.5 4 -1.4
v 1.7 4 -1.4
v 1.8 4 -1.4
v 1.2 4 -1.5
v 1.3 4 -1.5
v 1.5 4 -1.5
v 1.6 4 -1.5
v 1 4 -1.6
v 1.1 4 -1.6
v 1.2 4 -1.6
v 1.3 4 -1.6
v 1.5 4 -1.6
v 1.6 4 -1.6
v 1.7 4 -1.6
v 1.8 4 -1.6
v 1 4 -1.8
v 1.1 4 -1.8
v 1.2 4 -1.8
v 1.3 4 -1.8
v 1.5 4 -1.8
v 1.6 4 -1.8
v 1.7 4 -1.8
v 1.8 4 -1.8
v 1.2 4 -1.9
v 1.3 4 -1.9
v 1.5 4 -1.9
v 1.6 4 -1.9
v 1 4 -2
v 1.1 4 -2
v 1.3 4 -2
v 1.5 4 -2
v 1.7 4 -2
v 1.8 4 -2
v 1 4 -2.1
v 1.1 4 -2.1
v 1.3 4 -2.1
v 1.5 4 -2.1
v 1.7 4 -2.1
v 1.8 4 -2.1
v 1.3 4.1 -0.5
v 1.4 4.1 -0.5
v 1.5 4.1 -0.5
v 1.3 4.1 -0.6
v 1.4 4.1 -0.6
v 1.5 4.1 -0.6
v 1.3 4.1 -1.2
v 1.5 4.1 -1.2
v 1.3 4.1 -1.3
v 1.5 4.1 -1.3
v 1.1 4.1 -1.4
v 1.2 4.1 -1.4
v 1.6 4.1 -1.4
v 1.7 4.1 -1.4
v 1.1 4.1 -1.5
v 1.2 4.1 -1.5
v 1.6 4.1 -1.5
v 1.7 4.1 -1.5
v 0.2 4.1 -1.6
v 0.3 4.1 -1.6
v 0.9 4.1 -1.6
v 1 4.1 -1.6
v 1.8 4.1 -1.6
v 1.9 4.1 -1.6
v 2.5 4.1 -1.6
v 2.6 4.1 -1.6
v 0.3 4.1 -1.7
v 2.5 4.1 -1.7
v 0.2 4.1 -1.8
v 0.3 4.1 -1.8
v 0.9 4.1 -1.8
v 1 4.1 -1.8
v 1.8 4.1 -1.8
v 1.9 4.1 -1.8
v 2.5 4.1 -1.8
v 2.6 4.1 -1.8
v 1.1 4.1 -1.9
v 1.2 4.1 -1.9
v 1.6 4.1 -1.9
v 1.7 4.1 -1.9
v 1.1 4.1 -2
v 1.2 4.1 -2
v 1.6 4.1 -2
v 1.7 4.1 -2
v 1.3 4.1 -2.1
v 1.5 4.1 -2.1
v 1.3 4.1 -2.2
v 1.5 4.1 -2.2
v 1.3 4.1 -2.8
v 1.5 4.1 -2.8
v 1.3 4.1 -2.9
v 1.5 4.1 -2.9
v 1.3 4.2 -0.6
v 1.4 4.2 -0.6
v 1.5 4.2 -0.6
v 1.3 4.2 -0.7
v 1.4 4.2 -0.7
v 1.5 4.2 -0.7
v 1.3 4.2 -1.1
v 1.5 4.2 -1.1
v 1.3 4.2 -1.2
v 1.5 4.2 -1.2
v 0.3 4.2 -1.6
v 0.4 4.2 -1.6
v 0.8 4.2 -1.6
v 0.9 4.2 -1.6
v 1.9 4.2 -1.6
v 2 4.2 -1.6
v 2.4 4.2 -1.6
v 2.5 4.2 -1.6
v 0.3 4.2 -1.7
v 0.4 4.2 -1.7
v 2.4 4.2 -1.7
v 2.5 4.2 -1.7
v 0.3 4.2 -1.8
v 0.4 4.2 -1.8
v 0.8 4.2 -1.8
v 0.9 4.2 -1.8
v 1.9 4.2 -1.8
v 2 4.2 -1.8
v 2.4 4.2 -1.8
v 2.5 4.2 -1.8
v 1.3 4.2 -2.2
v 1.5 4.2 -2.2
v 1.3 4.2 -2.3
v 1.5 4.2 -2.3
v 1.3 4.2 -2.7
v 1.4 4.2 -2.7
v 1.5 4.2 -2.7
v 1.3 4.2 -2.8
v 1.5 4.2 -2.8
v 1.3 4.3 -0.7
v 1.4 4.3 -0.7
v 1.5 4.3 -0.7
v 1.3 4.3 -0.8
v 1.4 4.3 -0.8
v 1.5 4.3 -0.8
v 1.3 4.3 -1
v 1.5 4.3 -1
v 1.3 4.3 -1.1
v 1.5 4.3 -1.1
v 0.4 4.3 -1.6
v 0.5 4.3 -1.6
v 0.7 4.3 -1.6
v 0.8 4.3 -1.6
v 2 4.3 -1.6
v 2.1 4.3 -1.6
v 2.3 4.3 -1.6
v 2.4 4.3 -1.6
v 0.4 4.3 -1.7
v 0.5 4.3 -1.7
v 2.3 4.3 -1.7
v 2.4 4.3 -1.7
v 0.4 4.3 -1.8
v 0.5 4.3 -1.8
v 0.7 4.3 -1.8
v 0.8 4.3 -1.8
v 2 4.3 -1.8
v 2.1 4.3 -1.8
v 2.3 4.3 -1.8
v 2.4 4.3 -1.8
v 1.3 4.3 -2.3
v 1.5 4.3 -2.3
v 1.3 4.3 -2.4
v 1.5 4.3 -2.4
v 1.3 4.3 -2.6
v 1.4 4.3 -2.6
v 1.5 4.3 -2.6
v 1.3 4.3 -2.7
v 1.4 4.3 -2.7
v 1.5 4.3 -2.7
v -2.6 4.4 -0.3
v -2.5 4.4 -0.3
v -2.6 4.4 -0.4
v -2.5 4.4 -0.4
v 1.3 4.4 -0.8
v 1.5 4.4 -0.8
v -3 4.4 -1
v -2.9 4.4 -1
v 1.3 4.4 -1
v 1.5 4.4 -1
v -3 4.4 -1.1
v -2.9 4.4 -1.1
v -2.5 4.4 -1.6
v -2.4 4.4 -1.6
v 0.5 4.4 -1.6
v 0.6 4.4 -1.6
v 0.7 4.4 -1.6
v 2.1 4.4 -1.6
v 2.3 4.4 -1.6
v -2.5 4.4 -1.7
v -2.4 4.4 -1.7
v 0.5 4.4 -1.7
v 0.6 4.4 -1.7
v 2.2 4.4 -1.7
v 2.3 4.4 -1.7
v 0.5 4.4 -1.8
v 0.7 4.4 -1.8
v 2.1 4.4 -1.8
v 2.2 4.4 -1.8
v 2.3 4.4 -1.8
v 1.3 4.4 -2.4
v 1.5 4.4 -2.4
v 1.4 4.4 -2.5
v 1.5 4.4 -2.5
v 1.3 4.4 -2.6
v 1.4 4.4 -2.6
v 1.5 4.4 -2.6
v -2.5 4.5 -0.3
v -2.4 4.5 -0.3
v -2.7 4.5 -0.4
v -2.6 4.5 -0.4
v -2.5 4.5 -0.4
v -2.4 4.5 -0.4
v -2.7 4.5 -0.5
v -2.6 4.5 -0.5
v -2.5 4.5 -0.5
v -2.4 4.5 -0.5
v -2.6 4.5 -0.8
v -2.4 4.5 -0.8
v -3 4.5 -0.9
v -2.9 4.5 -0.9
v -2.7 4.5 -0.9
v -2.6 4.5 -0.9
v -2.4 4.5 -0.9
v -2.3 4.5 -0.9
v -2 4.5 -0.9
v -1.9 4.5 -0.9
v -3 4.5 -1
v -2.9 4.5 -1
v -2.9 4.5 -1.1
v -2.8 4.5 -1.1
v -2.7 4.5 -1.1
v -2.6 4.5 -1.1
v -2.4 4.5 -1.1
v -2.3 4.5 -1.1
v -2 4.5 -1.1
v -1.9 4.5 -1.1
v -2.9 4.5 -1.2
v -2.8 4.5 -1.2
v -2.6 4.5 -1.2
v -2.4 4.5 -1.2
v -2.6 4.5 -1.5
v -2.4 4.5 -1.5
v -2.6 4.5 -1.6
v -2.4 4.5 -1.6
v -2.6 4.6 -0.4
v -2.5 4.6 -0.4
v -2.6 4.6 -0.5
v -2.5 4.6 -0.5
v -2.4 4.6 -0.5
v -2.9 4.6 -0.8
v -2.8 4.6 -0.8
v -2.6 4.6 -0.8
v -2.4 4.6 -0.8
v -2.9 4.6 -0.9
v -2.8 4.6 -0.9
v -2.7 4.6 -0.9
v -2.3 4.6 -0.9
v -2 4.6 -0.9
v -2.9 4.6 -1.1
v -2.7 4.6 -1.1
v -2.3 4.6 -1.1
v -2 4.6 -1.1
v -2.6 4.6 -1.2
v -2.4 4.6 -1.2
v -2.6 4.6 -1.5
v -2.4 4.6 -1.5
v -2.6 4.7 -0.8
v -2.4 4.7 -0.8
v -2.7 4.7 -0.9
v -2.6 4.7 -0.9
v -2.4 4.7 -0.9
v -2.3 4.7 -0.9
v -2.7 4.7 -1.1
v -2.6 4.7 -1.1
v -2.4 4.7 -1.1
v -2.3 4.7 -1.1
v -2.6 4.7 -1.2
v -2.4 4.7 -1.2
v -2.6 4.8 -0.9
v -2.4 4.8 -0.9
v -2.6 4.8 -1.1
v -2.4 4.8 -1.1

# faces
f 3/9/1 2/9/1 1/9/1
f 4/9/1 2/9/1 3/9/1
f 8/4/1 6/4/1 5/4/1
f 9/4/1 6/4/1 8/4/1
f 10/4/1 8/4/1 7/4/1
f 11/4/1 8/4/1 10/4/1
f 14/9/1 13/9/1 12/9/1
f 15/9/1 13/9/1 14/9/1
f 18/9/1 17/9/1 16/9/1
f 19/9/1 17/9/1 18/9/1
f 22/2/1 21/2/1 20/2/1
f 24/2/1 22/2/1 20/2/1
f 24/4/1 23/4/1 22/4/1
f 25/4/1 23/4/1 24/4/1
f 26/2/1 24/2/1 20/2/1
f 27/2/1 24/2/1 26/2/1
f 32/2/1 29/2/1 28/2/1
f 33/2/1 29/2/1 32/2/1
f 34/4/1 31/4/1 30/4/1
f 37/2/1 34/2/1 33/2/1
f 38/4/1 31/4/1 34/4/1
f 38/2/1 34/2/1 37/2/1
f 39/4/1 31/4/1 38/4/1
f 40/4/1 36/4/1 35/4/1
f 41/2/1 37/2/1 36/2/1
f 41/4/1 36/4/1 40/4/1
f 41/2/1 38/2/1 37/2/1
f 42/2/1 38/2/1 41/2/1
f 45/9/1 44/9/1 43/9/1
f 46/9/1 44/9/1 45/9/1
f 49/8/1 48/8/1 47/8/1
f 50/8/1 48/8/1 49/8/1
f 51/9/1 50/9/1 49/9/1
f 52/9/1 50/9/1 51/9/1
f 55/4/1 54/4/1 53/4/1
f 56/4/1 54/4/1 55/4/1
f 59/4/1 58/4/1 57/4/1
f 60/4/1 58/4/1 59/4/1
f 63/4/1 62/4/1 61/4/1
f 64/4/1 62/4/1 63/4/1
f 67/4/1 66/4/1 65/4/1
f 68/4/1 66/4/1 67/4/1
f 69/4/1 66/4/1 68/4/1
f 72/2/1 71/2/1 70/2/1
f 73/2/1 71/2/1 72/2/1
f 78/2/1 75/2/1 74/2/1
f 79/2/1 75/2/1 78/2/1
f 80/4/1 77/4/1 76/4/1
f 81/4/1 77/4/1 80/4/1
f 84/4/1 83/4/1 82/4/1
f 85/4/1 83/4/1 84/4/1
f 94/6/1 87/6/1 86/6/1
f 95/6/1 87/6/1 94/6/1
f 96/6/1 89/6/1 88/6/1
f 97/6/1 89/6/1 96/6/1
f 98/2/1 93/2/1 92/2/1
f 99/2/1 93/2/1 98/2/1
f 104/2/1 91/2/1 90/2/1
f 105/2/1 91/2/1 104/2/1
f 106/4/1 101/4/1 100/4/1
f 107/4/1 101/4/1 106/4/1
f 108/7/1 103/7/1 102/7/1
f 109/7/1 103/7/1 108/7/1
f 110/2/1 104/2/1 90/2/1
f 117/2/1 110/2/1 90/2/1
f 117/2/1 111/2/1 110/2/1
f 118/2/1 111/2/1 117/2/1
f 122/4/1 113/4/1 112/4/1
f 123/2/1 114/2/1 113/2/1
f 123/4/1 113/4/1 122/4/1
f 124/4/1 115/4/1 114/4/1
f 124/2/1 114/2/1 123/2/1
f 125/4/1 115/4/1 124/4/1
f 127/2/1 117/2/1 116/2/1
f 128/2/1 119/2/1 118/2/1
f 131/2/1 121/2/1 120/2/1
f 132/2/1 125/2/1 124/2/1
f 132/2/1 124/2/1 123/2/1
f 133/2/1 125/2/1 132/2/1
f 134/2/1 125/2/1 133/2/1
f 135/2/1 127/2/1 126/2/1
f 136/2/1 117/2/1 127/2/1
f 136/2/1 127/2/1 135/2/1
f 137/2/1 117/2/1 136/2/1
f 139/2/1 128/2/1 118/2/1
f 139/2/1 129/2/1 128/2/1
f 140/2/1 129/2/1 139/2/1
f 141/4/1 130/4/1 129/4/1
f 141/2/1 129/2/1 140/2/1
f 142/2/1 131/2/1 130/2/1
f 142/4/1 130/4/1 141/4/1
f 143/2/1 121/2/1 131/2/1
f 143/2/1 131/2/1 142/2/1
f 144/2/1 121/2/1 143/2/1
f 145/2/1 134/2/1 133/2/1
f 145/2/1 135/2/1 134/2/1
f 145/2/1 136/2/1 135/2/1
f 146/2/1 136/2/1 145/2/1
f 147/2/1 141/2/1 140/2/1
f 147/2/1 142/2/1 141/2/1
f 147/2/1 143/2/1 142/2/1
f 148/4/1 144/4/1 143/4/1
f 148/2/1 143/2/1 147/2/1
f 149/4/1 144/4/1 148/4/1
f 150/2/1 138/2/1 137/2/1
f 156/4/1 153/4/1 152/4/1
f 159/2/1 150/2/1 137/2/1
f 159/2/1 151/2/1 150/2/1
f 160/2/1 151/2/1 159/2/1
f 162/4/1 155/4/1 154/4/1
f 163/4/1 155/4/1 162/4/1
f 164/4/1 156/4/1 152/4/1
f 165/2/1 157/2/1 156/2/1
f 165/4/1 156/4/1 164/4/1
f 166/2/1 157/2/1 165/2/1
f 169/2/1 159/2/1 158/2/1
f 170/2/1 161/2/1 160/2/1
f 173/2/1 163/2/1 162/2/1
f 175/2/1 167/2/1 166/2/1
f 176/2/1 167/2/1 175/2/1
f 177/2/1 169/2/1 168/2/1
f 178/2/1 159/2/1 169/2/1
f 178/2/1 169/2/1 177/2/1
f 179/2/1 159/2/1 178/2/1
f 180/2/1 171/2/1 170/2/1
f 180/2/1 170/2/1 160/2/1
f 181/2/1 171/2/1 180/2/1
f 182/2/1 171/2/1 181/2/1
f 183/2/1 173/2/1 172/2/1
f 184/2/1 163/2/1 173/2/1
f 184/2/1 173/2/1 183/2/1
f 185/2/1 163/2/1 184/2/1
f 186/4/1 175/4/1 174/4/1
f 187/2/1 176/2/1 175/2/1
f 187/4/1 175/4/1 186/4/1
f 187/2/1 177/2/1 176/2/1
f 187/2/1 178/2/1 177/2/1
f 188/2/1 178/2/1 187/2/1
f 189/4/1 180/4/1 179/4/1
f 190/4/1 180/4/1 189/4/1
f 191/2/1 182/2/1 181/2/1
f 191/2/1 183/2/1 182/2/1
f 191/2/1 184/2/1 183/2/1
f 192/2/1 184/2/1 191/2/1
f 193/4/1 189/4/1 188/4/1
f 194/4/1 189/4/1 193/4/1
f 195/4/1 191/4/1 190/4/1
f 196/4/1 191/4/1 195/4/1
f 197/4/1 195/4/1 194/4/1
f 198/4/1 195/4/1 197/4/1
f 201/9/1 200/9/1 199/9/1
f 202/9/1 200/9/1 201/9/1
f 205/6/1 204/6/1 203/6/1
f 206/6/1 204/6/1 205/6/1
f 211/4/1 208/4/1 207/4/1
f 212/4/1 208/4/1 211/4/1
f 215/7/1 210/7/1 209/7/1
f 216/7/1 210/7/1 215/7/1
f 219/7/1 218/7/1 217/7/1
f 220/7/1 218/7/1 219/7/1
f 223/4/1 222/4/1 221/4/1
f 224/4/1 222/4/1 223/4/1
f 229/2/1 214/2/1 213/2/1
f 230/2/1 214/2/1 229/2/1
f 233/4/1 226/4/1 225/4/1
f 234/4/1 226/4/1 233/4/1
f 235/4/1 228/4/1 227/4/1
f 236/4/1 232/4/1 231/4/1
f 241/4/1 228/4/1 235/4/1
f 242/4/1 228/4/1 241/4/1
f 243/4/1 238/4/1 237/4/1
f 244/4/1 238/4/1 243/4/1
f 246/2/1 240/2/1 239/2/1
f 247/4/1 232/4/1 236/4/1
f 248/4/1 232/4/1 247/4/1
f 249/4/1 245/4/1 244/4/1
f 250/4/1 245/4/1 249/4/1
f 251/2/1 246/2/1 239/2/1
f 252/2/1 246/2/1 251/2/1
f 255/4/1 254/4/1 253/4/1
f 258/4/1 254/4/1 255/4/1
f 259/4/1 254/4/1 258/4/1
f 260/4/1 257/4/1 256/4/1
f 261/4/1 257/4/1 260/4/1
f 264/9/1 263/9/1 262/9/1
f 265/9/1 263/9/1 264/9/1
f 270/6/1 267/6/1 266/6/1
f 271/6/1 267/6/1 270/6/1
f 272/4/1 269/4/1 268/4/1
f 273/4/1 269/4/1 272/4/1
f 276/6/1 275/6/1 274/6/1
f 277/6/1 275/6/1 276/6/1
f 280/7/1 277/7/1 276/7/1
f 281/7/1 277/7/1 280/7/1
f 284/4/1 279/4/1 278/4/1
f 285/4/1 279/4/1 284/4/1
f 286/7/1 283/7/1 282/7/1
f 287/7/1 283/7/1 286/7/1
f 290/2/1 289/2/1 288/2/1
f 291/2/1 289/2/1 290/2/1
f 300/9/1 293/9/1 292/9/1
f 301/9/1 293/9/1 300/9/1
f 304/6/1 295/6/1 294/6/1
f 305/6/1 295/6/1 304/6/1
f 306/2/1 297/2/1 296/2/1
f 307/2/1 297/2/1 306/2/1
f 308/2/1 299/2/1 298/2/1
f 309/2/1 299/2/1 308/2/1
f 310/6/1 303/6/1 302/6/1
f 311/6/1 303/6/1 310/6/1
f 316/4/1 313/4/1 312/4/1
f 318/6/1 315/6/1 314/6/1
f 319/6/1 315/6/1 318/6/1
f 320/4/1 317/4/1 316/4/1
f 320/4/1 316/4/1 312/4/1
f 321/4/1 317/4/1 320/4/1
f 322/4/1 317/4/1 321/4/1
f 326/4/1 322/4/1 321/4/1
f 326/4/1 323/4/1 322/4/1
f 327/4/1 323/4/1 326/4/1
f 328/4/1 325/4/1 324/4/1
f 329/4/1 325/4/1 328/4/1
f 333/7/1 331/7/1 330/7/1
f 334/6/1 332/6/1 331/6/1
f 334/7/1 331/7/1 333/7/1
f 335/6/1 332/6/1 334/6/1
f 338/2/1 337/2/1 336/2/1
f 339/2/1 337/2/1 338/2/1
f 342/2/1 341/2/1 340/2/1
f 343/2/1 341/2/1 342/2/1
f 350/9/1 345/9/1 344/9/1
f 351/9/1 345/9/1 350/9/1
f 355/6/1 349/6/1 348/6/1
f 356/6/1 349/6/1 355/6/1
f 360/6/1 353/6/1 352/6/1
f 361/6/1 353/6/1 360/6/1
f 362/6/1 355/6/1 354/6/1
f 363/6/1 355/6/1 362/6/1
f 364/6/1 357/6/1 356/6/1
f 365/6/1 357/6/1 364/6/1
f 366/6/1 359/6/1 358/6/1
f 367/6/1 359/6/1 366/6/1
f 371/4/1 347/4/1 346/4/1
f 372/4/1 347/4/1 371/4/1
f 373/6/1 362/6/1 361/6/1
f 374/6/1 362/6/1 373/6/1
f 375/6/1 366/6/1 365/6/1
f 376/6/1 366/6/1 375/6/1
f 377/6/1 369/6/1 368/6/1
f 378/6/1 369/6/1 377/6/1
f 380/4/1 371/4/1 370/4/1
f 381/4/1 371/4/1 380/4/1
f 382/4/1 371/4/1 381/4/1
f 389/4/1 380/4/1 379/4/1
f 389/4/1 381/4/1 380/4/1
f 390/4/1 381/4/1 389/4/1
f 391/4/1 381/4/1 390/4/1
f 392/4/1 383/4/1 382/4/1
f 395/6/1 385/6/1 384/6/1
f 396/6/1 385/6/1 395/6/1
f 397/4/1 387/4/1 386/4/1
f 398/4/1 387/4/1 397/4/1
f 399/4/1 389/4/1 388/4/1
f 399/4/1 390/4/1 389/4/1
f 400/4/1 390/4/1 399/4/1
f 401/4/1 392/4/1 382/4/1
f 402/4/1 392/4/1 401/4/1
f 403/4/1 394/4/1 393/4/1
f 404/4/1 394/4/1 403/4/1
f 406/4/1 405/4/1 404/4/1
f 406/4/1 404/4/1 403/4/1
f 407/4/1 405/4/1 406/4/1
f 410/4/1 409/4/1 408/4/1
f 411/4/1 409/4/1 410/4/1
f 416/5/1 413/5/1 412/5/1
f 417/5/1 413/5/1 416/5/1
f 418/9/1 415/9/1 414/9/1
f 419/9/1 415/9/1 418/9/1
f 424/6/1 421/6/1 420/6/1
f 425/6/1 421/6/1 424/6/1
f 426/6/1 423/6/1 422/6/1
f 427/6/1 423/6/1 426/6/1
f 432/6/1 426/6/1 422/6/1
f 433/6/1 426/6/1 432/6/1
f 434/6/1 429/6/1 428/6/1
f 435/6/1 429/6/1 434/6/1
f 436/4/1 431/4/1 430/4/1
f 437/4/1 431/4/1 436/4/1
f 445/4/1 439/4/1 438/4/1
f 445/4/1 440/4/1 439/4/1
f 446/4/1 440/4/1 445/4/1
f 447/4/1 442/4/1 441/4/1
f 448/4/1 442/4/1 447/4/1
f 449/6/1 444/6/1 443/6/1
f 450/6/1 444/6/1 449/6/1
f 454/4/1 452/4/1 451/4/1
f 455/4/1 454/4/1 453/4/1
f 456/4/1 452/4/1 454/4/1
f 456/4/1 454/4/1 455/4/1
f 457/4/1 452/4/1 456/4/1
f 458/4/1 452/4/1 457/4/1
f 460/2/1 459/2/1 458/2/1
f 461/2/1 459/2/1 460/2/1
f 464/2/1 463/2/1 462/2/1
f 465/2/1 463/2/1 464/2/1
f 470/9/1 467/9/1 466/9/1
f 471/9/1 467/9/1 470/9/1
f 475/6/1 469/6/1 468/6/1
f 476/6/1 469/6/1 475/6/1
f 480/6/1 473/6/1 472/6/1
f 481/6/1 473/6/1 480/6/1
f 485/6/1 475/6/1 474/6/1
f 486/6/1 477/6/1 476/6/1
f 488/6/1 479/6/1 478/6/1
f 489/6/1 479/6/1 488/6/1
f 490/6/1 483/6/1 482/6/1
f 491/6/1 483/6/1 490/6/1
f 495/6/1 485/6/1 484/6/1
f 496/6/1 475/6/1 485/6/1
f 496/6/1 485/6/1 495/6/1
f 497/6/1 475/6/1 496/6/1
f 498/6/1 487/6/1 486/6/1
f 498/6/1 486/6/1 476/6/1
f 499/6/1 487/6/1 498/6/1
f 500/6/1 487/6/1 499/6/1
f 502/4/1 493/4/1 492/4/1
f 506/6/1 496/6/1 495/6/1
f 506/6/1 495/6/1 494/6/1
f 507/6/1 496/6/1 506/6/1
f 508/6/1 496/6/1 507/6/1
f 509/6/1 501/6/1 500/6/1
f 509/6/1 500/6/1 499/6/1
f 510/6/1 501/6/1 509/6/1
f 511/6/1 501/6/1 510/6/1
f 516/4/1 503/4/1 502/4/1
f 516/4/1 502/4/1 492/4/1
f 517/4/1 503/4/1 516/4/1
f 518/4/1 503/4/1 517/4/1
f 519/7/1 505/7/1 504/7/1
f 520/6/1 507/6/1 506/6/1
f 520/6/1 506/6/1 505/6/1
f 520/7/1 505/7/1 519/7/1
f 521/6/1 507/6/1 520/6/1
f 522/6/1 507/6/1 521/6/1
f 523/6/1 511/6/1 510/6/1
f 523/6/1 512/6/1 511/6/1
f 524/6/1 512/6/1 523/6/1
f 525/7/1 513/7/1 512/7/1
f 525/6/1 512/6/1 524/6/1
f 526/7/1 513/7/1 525/7/1
f 527/6/1 515/6/1 514/6/1
f 528/6/1 515/6/1 527/6/1
f 529/4/1 519/4/1 518/4/1
f 529/4/1 518/4/1 517/4/1
f 530/4/1 519/4/1 529/4/1
f 531/7/1 521/7/1 520/7/1
f 532/7/1 521/7/1 531/7/1
f 533/7/1 525/7/1 524/7/1
f 534/7/1 525/7/1 533/7/1
f 537/4/1 536/4/1 535/4/1
f 538/4/1 536/4/1 537/4/1
f 541/2/1 540/2/1 539/2/1
f 542/2/1 540/2/1 541/2/1
f 545/4/1 544/4/1 543/4/1
f 546/4/1 544/4/1 545/4/1
f 548/2/1 546/2/1 545/2/1
f 548/2/1 547/2/1 546/2/1
f 549/2/1 547/2/1 548/2/1
f 554/9/1 551/9/1 550/9/1
f 555/9/1 551/9/1 554/9/1
f 562/6/1 557/6/1 556/6/1
f 563/6/1 557/6/1 562/6/1
f 566/6/1 559/6/1 558/6/1
f 567/6/1 559/6/1 566/6/1
f 568/4/1 561/4/1 560/4/1
f 569/4/1 561/4/1 568/4/1
f 570/6/1 565/6/1 564/6/1
f 571/6/1 565/6/1 570/6/1
f 573/4/1 553/4/1 552/4/1
f 574/4/1 553/4/1 573/4/1
f 578/4/1 573/4/1 572/4/1
f 579/4/1 573/4/1 578/4/1
f 580/4/1 573/4/1 579/4/1
f 582/6/1 576/6/1 575/6/1
f 583/6/1 576/6/1 582/6/1
f 585/4/1 578/4/1 577/4/1
f 585/4/1 579/4/1 578/4/1
f 586/4/1 579/4/1 585/4/1
f 587/4/1 579/4/1 586/4/1
f 588/4/1 581/4/1 580/4/1
f 591/4/1 586/4/1 585/4/1
f 591/4/1 585/4/1 584/4/1
f 592/4/1 586/4/1 591/4/1
f 593/4/1 588/4/1 580/4/1
f 594/4/1 588/4/1 593/4/1
f 595/4/1 590/4/1 589/4/1
f 596/4/1 590/4/1 595/4/1
f 598/4/1 597/4/1 596/4/1
f 598/4/1 596/4/1 595/4/1
f 599/4/1 597/4/1 598/4/1
f 603/4/1 601/4/1 600/4/1
f 603/4/1 602/4/1 601/4/1
f 604/4/1 602/4/1 603/4/1
f 611/9/1 606/9/1 605/9/1
f 612/9/1 606/9/1 611/9/1
f 614/6/1 608/6/1 607/6/1
f 615/6/1 608/6/1 614/6/1
f 622/6/1 610/6/1 609/6/1
f 623/6/1 610/6/1 622/6/1
f 628/6/1 614/6/1 613/6/1
f 629/6/1 616/6/1 615/6/1
f 631/6/1 618/6/1 617/6/1
f 632/6/1 618/6/1 631/6/1
f 633/6/1 620/6/1 619/6/1
f 634/6/1 620/6/1 633/6/1
f 635/6/1 622/6/1 621/6/1
f 636/6/1 622/6/1 635/6/1
f 637/6/1 624/6/1 623/6/1
f 638/6/1 624/6/1 637/6/1
f 639/6/1 626/6/1 625/6/1
f 640/6/1 626/6/1 639/6/1
f 644/6/1 628/6/1 627/6/1
f 645/6/1 614/6/1 628/6/1
f 645/6/1 628/6/1 644/6/1
f 646/6/1 614/6/1 645/6/1
f 647/6/1 630/6/1 629/6/1
f 647/6/1 629/6/1 615/6/1
f 648/6/1 630/6/1 647/6/1
f 649/6/1 630/6/1 648/6/1
f 653/6/1 635/6/1 634/6/1
f 654/6/1 635/6/1 653/6/1
f 655/6/1 639/6/1 638/6/1
f 656/6/1 639/6/1 655/6/1
f 657/6/1 642/6/1 641/6/1
f 658/6/1 642/6/1 657/6/1
f 660/6/1 644/6/1 643/6/1
f 660/6/1 645/6/1 644/6/1
f 661/6/1 645/6/1 660/6/1
f 662/6/1 645/6/1 661/6/1
f 663/6/1 650/6/1 649/6/1
f 663/6/1 649/6/1 648/6/1
f 664/6/1 650/6/1 663/6/1
f 665/6/1 650/6/1 664/6/1
f 669/6/1 652/6/1 651/6/1
f 670/6/1 652/6/1 669/6/1
f 673/6/1 661/6/1 660/6/1
f 673/6/1 660/6/1 659/6/1
f 674/6/1 661/6/1 673/6/1
f 675/6/1 666/6/1 665/6/1
f 675/6/1 665/6/1 664/6/1
f 676/6/1 666/6/1 675/6/1
f 677/6/1 668/6/1 667/6/1
f 678/6/1 668/6/1 677/6/1
f 679/6/1 672/6/1 671/6/1
f 680/6/1 672/6/1 679/6/1
f 686/4/1 682/4/1 681/4/1
f 686/4/1 683/4/1 682/4/1
f 687/4/1 683/4/1 686/4/1
f 688/4/1 685/4/1 684/4/1
f 689/4/1 685/4/1 688/4/1
f 694/4/1 691/4/1 690/4/1
f 694/4/1 692/4/1 691/4/1
f 695/4/1 692/4/1 694/4/1
f 696/4/1 692/4/1 695/4/1
f 697/4/1 694/4/1 693/4/1
f 697/4/1 695/4/1 694/4/1
f 698/4/1 695/4/1 697/4/1
f 705/9/1 700/9/1 699/9/1
f 706/9/1 700/9/1 705/9/1
f 707/2/1 702/2/1 701/2/1
f 708/2/1 702/2/1 707/2/1
f 709/2/1 704/2/1 703/2/1
f 710/2/1 704/2/1 709/2/1
f 713/6/1 712/6/1 711/6/1
f 714/6/1 712/6/1 713/6/1
f 717/6/1 716/6/1 715/6/1
f 718/6/1 716/6/1 717/6/1
f 723/6/1 720/6/1 719/6/1
f 724/6/1 720/6/1 723/6/1
f 725/6/1 722/6/1 721/6/1
f 726/6/1 722/6/1 725/6/1
f 729/4/1 728/4/1 727/4/1
f 730/4/1 728/4/1 729/4/1
f 735/9/1 732/9/1 731/9/1
f 736/9/1 732/9/1 735/9/1
f 741/2/1 734/2/1 733/2/1
f 742/2/1 734/2/1 741/2/1
f 745/6/1 738/6/1 737/6/1
f 746/6/1 738/6/1 745/6/1
f 747/6/1 740/6/1 739/6/1
f 748/6/1 740/6/1 747/6/1
f 751/6/1 744/6/1 743/6/1
f 752/6/1 744/6/1 751/6/1
f 753/4/1 750/4/1 749/4/1
f 754/4/1 750/4/1 753/4/1
f 761/6/1 756/6/1 755/6/1
f 762/6/1 756/6/1 761/6/1
f 763/6/1 758/6/1 757/6/1
f 764/6/1 758/6/1 763/6/1
f 765/6/1 760/6/1 759/6/1
f 766/6/1 760/6/1 765/6/1
f 772/4/1 768/4/1 767/4/1
f 772/4/1 769/4/1 768/4/1
f 773/4/1 769/4/1 772/4/1
f 774/2/1 771/2/1 770/2/1
f 775/2/1 771/2/1 774/2/1
f 780/9/1 777/9/1 776/9/1
f 781/9/1 777/9/1 780/9/1
f 783/6/1 779/6/1 778/6/1
f 784/6/1 779/6/1 783/6/1
f 787/6/1 783/6/1 782/6/1
f 788/6/1 785/6/1 784/6/1
f 795/6/1 787/6/1 786/6/1
f 796/6/1 783/6/1 787/6/1
f 796/6/1 787/6/1 795/6/1
f 797/6/1 783/6/1 796/6/1
f 798/6/1 788/6/1 784/6/1
f 798/6/1 789/6/1 788/6/1
f 799/6/1 789/6/1 798/6/1
f 800/6/1 789/6/1 799/6/1
f 802/6/1 791/6/1 790/6/1
f 803/6/1 791/6/1 802/6/1
f 804/6/1 793/6/1 792/6/1
f 805/6/1 793/6/1 804/6/1
f 807/6/1 795/6/1 794/6/1
f 807/6/1 796/6/1 795/6/1
f 808/6/1 796/6/1 807/6/1
f 809/6/1 796/6/1 808/6/1
f 810/6/1 798/6/1 797/6/1
f 811/6/1 798/6/1 810/6/1
f 812/6/1 801/6/1 800/6/1
f 812/6/1 800/6/1 799/6/1
f 813/6/1 801/6/1 812/6/1
f 814/6/1 801/6/1 813/6/1
f 819/6/1 807/6/1 806/6/1
f 819/6/1 808/6/1 807/6/1
f 820/6/1 808/6/1 819/6/1
f 821/6/1 808/6/1 820/6/1
f 822/6/1 815/6/1 814/6/1
f 822/6/1 814/6/1 813/6/1
f 823/6/1 815/6/1 822/6/1
f 824/6/1 815/6/1 823/6/1
f 830/7/1 817/7/1 816/7/1
f 831/7/1 817/7/1 830/7/1
f 832/7/1 817/7/1 831/7/1
f 835/6/1 820/6/1 819/6/1
f 835/6/1 819/6/1 818/6/1
f 836/6/1 820/6/1 835/6/1
f 837/6/1 820/6/1 836/6/1
f 838/6/1 825/6/1 824/6/1
f 838/6/1 824/6/1 823/6/1
f 839/6/1 825/6/1 838/6/1
f 840/6/1 825/6/1 839/6/1
f 843/7/1 827/7/1 826/7/1
f 844/7/1 827/7/1 843/7/1
f 845/7/1 827/7/1 844/7/1
f 846/7/1 829/7/1 828/7/1
f 847/7/1 829/7/1 846/7/1
f 848/7/1 833/7/1 832/7/1
f 848/7/1 832/7/1 831/7/1
f 849/7/1 833/7/1 848/7/1
f 850/7/1 833/7/1 849/7/1
f 851/6/1 836/6/1 835/6/1
f 851/6/1 835/6/1 834/6/1
f 852/6/1 836/6/1 851/6/1
f 853/6/1 836/6/1 852/6/1
f 854/6/1 841/6/1 840/6/1
f 854/6/1 840/6/1 839/6/1
f 855/6/1 841/6/1 854/6/1
f 856/6/1 841/6/1 855/6/1
f 857/6/1 843/6/1 842/6/1
f 858/7/1 844/7/1 843/7/1
f 858/6/1 843/6/1 857/6/1
f 859/7/1 844/7/1 858/7/1
f 860/6/1 850/6/1 849/6/1
f 860/6/1 852/6/1 851/6/1
f 860/6/1 851/6/1 850/6/1
f 861/6/1 852/6/1 860/6/1
f 862/6/1 852/6/1 861/6/1
f 863/6/1 852/6/1 862/6/1
f 864/6/1 857/6/1 856/6/1
f 864/6/1 856/6/1 855/6/1
f 865/6/1 857/6/1 864/6/1
f 866/7/1 858/7/1 857/7/1
f 866/6/1 857/6/1 865/6/1
f 867/7/1 858/7/1 866/7/1
f 868/6/1 862/6/1 861/6/1
f 869/6/1 862/6/1 868/6/1
f 870/6/1 866/6/1 865/6/1
f 871/6/1 866/6/1 870/6/1
f 878/4/1 874/4/1 873/4/1
f 878/4/1 873/4/1 872/4/1
f 879/4/1 874/4/1 878/4/1
f 880/4/1 874/4/1 879/4/1
f 881/2/1 876/2/1 875/2/1
f 882/2/1 876/2/1 881/2/1
f 883/2/1 876/2/1 882/2/1
f 884/4/1 878/4/1 877/4/1
f 884/4/1 879/4/1 878/4/1
f 885/4/1 879/4/1 884/4/1
f 886/3/1 883/3/1 882/3/1
f 887/3/1 883/3/1 886/3/1
f 890/9/1 889/9/1 888/9/1
f 891/9/1 889/9/1 890/9/1
f 894/6/1 893/6/1 892/6/1
f 895/6/1 893/6/1 894/6/1
f 902/2/1 897/2/1 896/2/1
f 903/2/1 897/2/1 902/2/1
f 904/2/1 899/2/1 898/2/1
f 905/2/1 899/2/1 904/2/1
f 906/6/1 901/6/1 900/6/1
f 907/6/1 901/6/1 906/6/1
f 910/2/1 909/2/1 908/2/1
f 911/2/1 909/2/1 910/2/1
f 914/9/1 913/9/1 912/9/1
f 915/9/1 913/9/1 914/9/1
f 920/6/1 917/6/1 916/6/1
f 921/6/1 917/6/1 920/6/1
f 924/2/1 919/2/1 918/2/1
f 925/2/1 919/2/1 924/2/1
f 926/2/1 923/2/1 922/2/1
f 927/2/1 923/2/1 926/2/1
f 932/6/1 929/6/1 928/6/1
f 933/6/1 929/6/1 932/6/1
f 934/6/1 931/6/1 930/6/1
f 935/6/1 931/6/1 934/6/1
f 938/2/1 937/2/1 936/2/1
f 939/2/1 937/2/1 938/2/1
f 942/2/1 941/2/1 940/2/1
f 943/2/1 941/2/1 942/2/1
f 948/9/1 945/9/1 944/9/1
f 949/9/1 945/9/1 948/9/1
f 952/6/1 947/6/1 946/6/1
f 953/6/1 947/6/1 952/6/1
f 956/2/1 951/2/1 950/2/1
f 957/2/1 951/2/1 956/2/1
f 960/2/1 955/2/1 954/2/1
f 961/2/1 955/2/1 960/2/1
f 964/6/1 959/6/1 958/6/1
f 965/6/1 959/6/1 964/6/1
f 966/6/1 963/6/1 962/6/1
f 967/6/1 963/6/1 966/6/1
f 972/6/1 969/6/1 968/6/1
f 973/6/1 969/6/1 972/6/1
f 974/6/1 971/6/1 970/6/1
f 975/6/1 971/6/1 974/6/1
f 978/2/1 977/2/1 976/2/1
f 979/2/1 977/2/1 978/2/1
f 982/2/1 981/2/1 980/2/1
f 983/2/1 981/2/1 982/2/1
f 990/9/1 985/9/1 984/9/1
f 991/9/1 985/9/1 990/9/1
f 993/2/1 987/2/1 986/2/1
f 994/2/1 987/2/1 993/2/1
f 999/2/1 989/2/1 988/2/1
f 1000/2/1 989/2/1 999/2/1
f 1003/2/1 993/2/1 992/2/1
f 1004/2/1 995/2/1 994/2/1
f 1006/6/1 997/6/1 996/6/1
f 1007/6/1 997/6/1 1006/6/1
f 1009/2/1 999/2/1 998/2/1
f 1010/2/1 1001/2/1 1000/2/1
f 1013/2/1 1003/2/1 1002/2/1
f 1014/2/1 993/2/1 1003/2/1
f 1014/2/1 1003/2/1 1013/2/1
f 1015/2/1 993/2/1 1014/2/1
f 1016/2/1 1005/2/1 1004/2/1
f 1016/2/1 1004/2/1 994/2/1
f 1017/2/1 1005/2/1 1016/2/1
f 1018/2/1 1005/2/1 1017/2/1
f 1021/2/1 1009/2/1 1008/2/1
f 1022/2/1 999/2/1 1009/2/1
f 1022/2/1 1009/2/1 1021/2/1
f 1023/2/1 999/2/1 1022/2/1
f 1024/2/1 1011/2/1 1010/2/1
f 1024/2/1 1010/2/1 1000/2/1
f 1025/2/1 1011/2/1 1024/2/1
f 1026/2/1 1011/2/1 1025/2/1
f 1028/2/1 1013/2/1 1012/2/1
f 1028/2/1 1014/2/1 1013/2/1
f 1029/2/1 1014/2/1 1028/2/1
f 1030/2/1 1019/2/1 1018/2/1
f 1030/2/1 1018/2/1 1017/2/1
f 1031/2/1 1019/2/1 1030/2/1
f 1037/2/1 1022/2/1 1021/2/1
f 1037/2/1 1021/2/1 1020/2/1
f 1038/2/1 1022/2/1 1037/2/1
f 1039/2/1 1027/2/1 1026/2/1
f 1039/2/1 1026/2/1 1025/2/1
f 1040/2/1 1027/2/1 1039/2/1
f 1041/6/1 1032/6/1 1031/6/1
f 1042/6/1 1032/6/1 1041/6/1
f 1043/6/1 1034/6/1 1033/6/1
f 1044/6/1 1034/6/1 1043/6/1
f 1045/6/1 1036/6/1 1035/6/1
f 1046/6/1 1036/6/1 1045/6/1
f 1048/2/1 1016/2/1 1015/2/1
f 1049/2/1 1016/2/1 1048/2/1
f 1054/2/1 1048/2/1 1047/2/1
f 1055/2/1 1050/2/1 1049/2/1
f 1059/2/1 1052/2/1 1051/2/1
f 1060/2/1 1052/2/1 1059/2/1
f 1061/2/1 1052/2/1 1060/2/1
f 1062/2/1 1054/2/1 1053/2/1
f 1063/2/1 1048/2/1 1054/2/1
f 1063/2/1 1054/2/1 1062/2/1
f 1064/2/1 1048/2/1 1063/2/1
f 1065/2/1 1055/2/1 1049/2/1
f 1065/2/1 1056/2/1 1055/2/1
f 1066/2/1 1056/2/1 1065/2/1
f 1067/2/1 1056/2/1 1066/2/1
f 1068/2/1 1058/2/1 1057/2/1
f 1069/2/1 1058/2/1 1068/2/1
f 1070/2/1 1058/2/1 1069/2/1
f 1071/2/1 1061/2/1 1060/2/1
f 1071/2/1 1062/2/1 1061/2/1
f 1071/2/1 1063/2/1 1062/2/1
f 1072/2/1 1063/2/1 1071/2/1
f 1073/2/1 1067/2/1 1066/2/1
f 1073/2/1 1069/2/1 1068/2/1
f 1073/2/1 1068/2/1 1067/2/1
f 1074/3/1 1070/3/1 1069/3/1
f 1074/2/1 1069/2/1 1073/2/1
f 1075/3/1 1070/3/1 1074/3/1
f 1077/2/1 1065/2/1 1064/2/1
f 1078/2/1 1065/2/1 1077/2/1
f 1081/2/1 1077/2/1 1076/2/1
f 1082/2/1 1079/2/1 1078/2/1
f 1086/2/1 1081/2/1 1080/2/1
f 1087/2/1 1077/2/1 1081/2/1
f 1087/2/1 1081/2/1 1086/2/1
f 1088/2/1 1077/2/1 1087/2/1
f 1089/2/1 1082/2/1 1078/2/1
f 1089/2/1 1083/2/1 1082/2/1
f 1090/2/1 1083/2/1 1089/2/1
f 1091/2/1 1083/2/1 1090/2/1
f 1093/3/1 1085/3/1 1084/3/1
f 1094/2/1 1086/2/1 1085/2/1
f 1094/3/1 1085/3/1 1093/3/1
f 1094/2/1 1087/2/1 1086/2/1
f 1095/2/1 1087/2/1 1094/2/1
f 1096/2/1 1092/2/1 1091/2/1
f 1096/2/1 1091/2/1 1090/2/1
f 1097/2/1 1092/2/1 1096/2/1
f 1098/2/1 1092/2/1 1097/2/1
f 1099/3/1 1097/3/1 1096/3/1
f 1100/3/1 1097/3/1 1099/3/1
f 1107/9/1 1102/9/1 1101/9/1
f 1108/9/1 1102/9/1 1107/9/1
f 1109/6/1 1104/6/1 1103/6/1
f 1110/6/1 1104/6/1 1109/6/1
f 1114/6/1 1106/6/1 1105/6/1
f 1115/6/1 1106/6/1 1114/6/1
f 1119/6/1 1112/6/1 1111/6/1
f 1120/6/1 1112/6/1 1119/6/1
f 1121/6/1 1114/6/1 1113/6/1
f 1122/6/1 1114/6/1 1121/6/1
f 1123/6/1 1116/6/1 1115/6/1
f 1124/6/1 1116/6/1 1123/6/1
f 1125/6/1 1118/6/1 1117/6/1
f 1126/6/1 1118/6/1 1125/6/1
f 1129/6/1 1121/6/1 1120/6/1
f 1130/6/1 1121/6/1 1129/6/1
f 1131/6/1 1125/6/1 1124/6/1
f 1132/6/1 1125/6/1 1131/6/1
f 1134/3/1 1128/3/1 1127/3/1
f 1135/3/1 1128/3/1 1134/3/1
f 1136/3/1 1134/3/1 1133/3/1
f 1136/3/1 1135/3/1 1134/3/1
f 1137/3/1 1135/3/1 1136/3/1
f 1140/6/1 1139/6/1 1138/6/1
f 1141/6/1 1139/6/1 1140/6/1
f 1144/3/1 1143/3/1 1142/3/1
f 1145/3/1 1143/3/1 1144/3/1
f 1148/3/1 1147/3/1 1146/3/1
f 1149/3/1 1147/3/1 1148/3/1
f 1152/9/1 1151/9/1 1150/9/1
f 1153/9/1 1151/9/1 1152/9/1
f 1158/2/1 1155/2/1 1154/2/1
f 1159/2/1 1155/2/1 1158/2/1
f 1160/2/1 1157/2/1 1156/2/1
f 1161/2/1 1157/2/1 1160/2/1
f 1164/6/1 1163/6/1 1162/6/1
f 1165/6/1 1163/6/1 1164/6/1
f 1168/2/1 1167/2/1 1166/2/1
f 1169/2/1 1167/2/1 1168/2/1
f 1172/9/1 1171/9/1 1170/9/1
f 1173/9/1 1171/9/1 1172/9/1
f 1178/6/1 1175/6/1 1174/6/1
f 1179/6/1 1175/6/1 1178/6/1
f 1182/2/1 1177/2/1 1176/2/1
f 1183/2/1 1177/2/1 1182/2/1
f 1186/2/1 1181/2/1 1180/2/1
f 1187/2/1 1181/2/1 1186/2/1
f 1188/2/1 1181/2/1 1187/2/1
f 1191/2/1 1185/2/1 1184/2/1
f 1192/2/1 1185/2/1 1191/2/1
f 1193/3/1 1188/3/1 1187/3/1
f 1194/3/1 1188/3/1 1193/3/1
f 1195/7/1 1190/7/1 1189/7/1
f 1196/7/1 1190/7/1 1195/7/1
f 1201/6/1 1198/6/1 1197/6/1
f 1202/6/1 1198/6/1 1201/6/1
f 1203/4/1 1200/4/1 1199/4/1
f 1204/4/1 1200/4/1 1203/4/1
f 1207/2/1 1206/2/1 1205/2/1
f 1208/2/1 1206/2/1 1207/2/1
f 1211/2/1 1210/2/1 1209/2/1
f 1212/2/1 1210/2/1 1211/2/1
f 1217/9/1 1214/9/1 1213/9/1
f 1218/9/1 1214/9/1 1217/9/1
f 1219/2/1 1216/2/1 1215/2/1
f 1220/2/1 1216/2/1 1219/2/1
f 1223/2/1 1222/2/1 1221/2/1
f 1224/2/1 1222/2/1 1223/2/1
f 1227/6/1 1226/6/1 1225/6/1
f 1228/6/1 1226/6/1 1227/6/1
f 1233/3/1 1230/3/1 1229/3/1
f 1234/3/1 1230/3/1 1233/3/1
f 1235/6/1 1232/6/1 1231/6/1
f 1236/6/1 1232/6/1 1235/6/1
f 1237/7/1 1236/7/1 1235/7/1
f 1238/7/1 1236/7/1 1237/7/1
f 1241/4/1 1240/4/1 1239/4/1
f 1242/4/1 1240/4/1 1241/4/1
f 1243/4/1 1240/4/1 1242/4/1
f 1246/6/1 1245/6/1 1244/6/1
f 1247/6/1 1245/6/1 1246/6/1
f 1256/9/1 1249/9/1 1248/9/1
f 1257/9/1 1249/9/1 1256/9/1
f 1258/2/1 1251/2/1 1250/2/1
f 1259/2/1 1251/2/1 1258/2/1
f 1261/2/1 1253/2/1 1252/2/1
f 1262/2/1 1253/2/1 1261/2/1
f 1266/2/1 1255/2/1 1254/2/1
f 1267/2/1 1255/2/1 1266/2/1
f 1269/2/1 1261/2/1 1260/2/1
f 1270/2/1 1263/2/1 1262/2/1
f 1272/6/1 1265/6/1 1264/6/1
f 1273/6/1 1265/6/1 1272/6/1
f 1275/2/1 1269/2/1 1268/2/1
f 1276/2/1 1261/2/1 1269/2/1
f 1276/2/1 1269/2/1 1275/2/1
f 1277/2/1 1261/2/1 1276/2/1
f 1278/2/1 1271/2/1 1270/2/1
f 1278/2/1 1270/2/1 1262/2/1
f 1279/2/1 1271/2/1 1278/2/1
f 1280/2/1 1271/2/1 1279/2/1
f 1284/2/1 1275/2/1 1274/2/1
f 1284/2/1 1276/2/1 1275/2/1
f 1285/2/1 1276/2/1 1284/2/1
f 1286/2/1 1281/2/1 1280/2/1
f 1286/2/1 1280/2/1 1279/2/1
f 1287/2/1 1281/2/1 1286/2/1
f 1288/6/1 1283/6/1 1282/6/1
f 1289/6/1 1283/6/1 1288/6/1
f 1292/4/1 1291/4/1 1290/4/1
f 1293/4/1 1291/4/1 1292/4/1
f 1296/2/1 1295/2/1 1294/2/1
f 1297/2/1 1295/2/1 1296/2/1
f 1300/9/1 1299/9/1 1298/9/1
f 1301/9/1 1299/9/1 1300/9/1
f 1304/6/1 1303/6/1 1302/6/1
f 1305/6/1 1303/6/1 1304/6/1
f 1308/4/1 1307/4/1 1306/4/1
f 1309/4/1 1307/4/1 1308/4/1
f 1312/7/1 1311/7/1 1310/7/1
f 1313/7/1 1311/7/1 1312/7/1
f 1314/7/1 1311/7/1 1313/7/1
f 1317/3/1 1316/3/1 1315/3/1
f 1318/3/1 1316/3/1 1317/3/1
f 1321/9/1 1320/9/1 1319/9/1
f 1322/9/1 1320/9/1 1321/9/1
f 1327/6/1 1324/6/1 1323/6/1
f 1328/6/1 1324/6/1 1327/6/1
f 1329/2/1 1326/2/1 1325/2/1
f 1330/2/1 1326/2/1 1329/2/1
f 1333/4/1 1332/4/1 1331/4/1
f 1334/4/1 1332/4/1 1333/4/1
f 1337/7/1 1336/7/1 1335/7/1
f 1338/7/1 1336/7/1 1337/7/1
f 1343/9/1 1340/9/1 1339/9/1
f 1344/9/1 1340/9/1 1343/9/1
f 1346/6/1 1342/6/1 1341/6/1
f 1347/6/1 1342/6/1 1346/6/1
f 1350/6/1 1346/6/1 1345/6/1
f 1351/6/1 1348/6/1 1347/6/1
f 1356/6/1 1350/6/1 1349/6/1
f 1357/6/1 1346/6/1 1350/6/1
f 1357/6/1 1350/6/1 1356/6/1
f 1358/6/1 1346/6/1 1357/6/1
f 1359/6/1 1351/6/1 1347/6/1
f 1359/6/1 1352/6/1 1351/6/1
f 1360/6/1 1352/6/1 1359/6/1
f 1361/6/1 1352/6/1 1360/6/1
f 1365/2/1 1354/2/1 1353/2/1
f 1366/2/1 1354/2/1 1365/2/1
f 1369/6/1 1356/6/1 1355/6/1
f 1369/6/1 1357/6/1 1356/6/1
f 1370/6/1 1357/6/1 1369/6/1
f 1371/6/1 1357/6/1 1370/6/1
f 1372/6/1 1362/6/1 1361/6/1
f 1372/6/1 1361/6/1 1360/6/1
f 1373/6/1 1362/6/1 1372/6/1
f 1374/6/1 1362/6/1 1373/6/1
f 1377/4/1 1364/4/1 1363/4/1
f 1379/7/1 1368/7/1 1367/7/1
f 1380/6/1 1370/6/1 1369/6/1
f 1380/7/1 1368/7/1 1379/7/1
f 1380/6/1 1369/6/1 1368/6/1
f 1381/6/1 1370/6/1 1380/6/1
f 1382/6/1 1370/6/1 1381/6/1
f 1383/6/1 1375/6/1 1374/6/1
f 1383/6/1 1374/6/1 1373/6/1
f 1384/6/1 1375/6/1 1383/6/1
f 1385/7/1 1376/7/1 1375/7/1
f 1385/6/1 1375/6/1 1384/6/1
f 1386/7/1 1376/7/1 1385/7/1
f 1387/4/1 1378/4/1 1377/4/1
f 1387/4/1 1377/4/1 1363/4/1
f 1388/4/1 1378/4/1 1387/4/1
f 1389/4/1 1378/4/1 1388/4/1
f 1391/7/1 1381/7/1 1380/7/1
f 1392/7/1 1381/7/1 1391/7/1
f 1393/7/1 1385/7/1 1384/7/1
f 1394/7/1 1385/7/1 1393/7/1
f 1395/4/1 1390/4/1 1389/4/1
f 1395/4/1 1389/4/1 1388/4/1
f 1396/4/1 1390/4/1 1395/4/1
f 1407/9/1 1398/9/1 1397/9/1
f 1408/9/1 1398/9/1 1407/9/1
f 1409/6/1 1400/6/1 1399/6/1
f 1410/6/1 1400/6/1 1409/6/1
f 1411/2/1 1402/2/1 1401/2/1
f 1412/2/1 1402/2/1 1411/2/1
f 1413/2/1 1404/2/1 1403/2/1
f 1414/2/1 1404/2/1 1413/2/1
f 1416/4/1 1406/4/1 1405/4/1
f 1417/4/1 1406/4/1 1416/4/1
f 1419/4/1 1416/4/1 1415/4/1
f 1420/4/1 1416/4/1 1419/4/1
f 1421/4/1 1416/4/1 1420/4/1
f 1424/4/1 1419/4/1 1418/4/1
f 1424/4/1 1420/4/1 1419/4/1
f 1425/4/1 1420/4/1 1424/4/1
f 1426/4/1 1420/4/1 1425/4/1
f 1427/4/1 1422/4/1 1421/4/1
f 1430/4/1 1424/4/1 1423/4/1
f 1430/4/1 1425/4/1 1424/4/1
f 1431/4/1 1425/4/1 1430/4/1
f 1432/4/1 1427/4/1 1421/4/1
f 1433/4/1 1427/4/1 1432/4/1
f 1434/4/1 1429/4/1 1428/4/1
f 1435/4/1 1429/4/1 1434/4/1
f 1437/4/1 1436/4/1 1435/4/1
f 1437/4/1 1435/4/1 1434/4/1
f 1438/4/1 1436/4/1 1437/4/1
f 1443/9/1 1440/9/1 1439/9/1
f 1444/9/1 1440/9/1 1443/9/1
f 1445/2/1 1442/2/1 1441/2/1
f 1446/2/1 1442/2/1 1445/2/1
f 1449/6/1 1448/6/1 1447/6/1
f 1450/6/1 1448/6/1 1449/6/1
f 1456/4/1 1452/4/1 1451/4/1
f 1456/4/1 1453/4/1 1452/4/1
f 1457/4/1 1453/4/1 1456/4/1
f 1458/4/1 1455/4/1 1454/4/1
f 1459/4/1 1455/4/1 1458/4/1
f 1462/9/1 1461/9/1 1460/9/1
f 1463/9/1 1461/9/1 1462/9/1
f 1466/6/1 1465/6/1 1464/6/1
f 1467/6/1 1465/6/1 1466/6/1
f 1470/4/1 1469/4/1 1468/4/1
f 1471/4/1 1469/4/1 1470/4/1
f 1474/9/1 1473/9/1 1472/9/1
f 1475/9/1 1473/9/1 1474/9/1
f 1478/4/1 1477/4/1 1476/4/1
f 1479/4/1 1477/4/1 1478/4/1
f 1486/6/1 1481/6/1 1480/6/1
f 1487/6/1 1481/6/1 1486/6/1
f 1488/6/1 1483/6/1 1482/6/1
f 1489/6/1 1483/6/1 1488/6/1
f 1490/6/1 1485/6/1 1484/6/1
f 1491/6/1 1485/6/1 1490/6/1
f 1495/4/1 1493/4/1 1492/4/1
f 1495/4/1 1494/4/1 1493/4/1
f 1496/4/1 1494/4/1 1495/4/1
f 1499/9/1 1498/9/1 1497/9/1
f 1500/9/1 1498/9/1 1499/9/1
f 1505/6/1 1502/6/1 1501/6/1
f 1506/6/1 1502/6/1 1505/6/1
f 1507/6/1 1504/6/1 1503/6/1
f 1508/6/1 1504/6/1 1507/6/1
f 1513/7/1 1510/7/1 1509/7/1
f 1514/7/1 1510/7/1 1513/7/1
f 1515/1/1 1512/1/1 1511/1/1
f 1516/1/1 1512/1/1 1515/1/1
f 1521/4/1 1518/4/1 1517/4/1
f 1521/4/1 1519/4/1 1518/4/1
f 1522/4/1 1519/4/1 1521/4/1
f 1523/4/1 1519/4/1 1522/4/1
f 1524/4/1 1521/4/1 1520/4/1
f 1524/4/1 1522/4/1 1521/4/1
f 1525/4/1 1522/4/1 1524/4/1
f 1528/7/1 1527/7/1 1526/7/1
f 1529/7/1 1527/7/1 1528/7/1
f 1533/1/1 1531/1/1 1530/1/1
f 1534/7/1 1532/7/1 1531/7/1
f 1534/1/1 1531/1/1 1533/1/1
f 1535/7/1 1532/7/1 1534/7/1
f 1538/7/1 1537/7/1 1536/7/1
f 1539/7/1 1537/7/1 1538/7/1
f 1542/9/1 1541/9/1 1540/9/1
f 1543/9/1 1541/9/1 1542/9/1
f 1548/6/1 1545/6/1 1544/6/1
f 1549/6/1 1545/6/1 1548/6/1
f 1550/6/1 1547/6/1 1546/6/1
f 1551/6/1 1547/6/1 1550/6/1
f 1555/7/1 1553/7/1 1552/7/1
f 1556/1/1 1554/1/1 1553/1/1
f 1556/7/1 1553/7/1 1555/7/1
f 1557/1/1 1554/1/1 1556/1/1
f 1560/1/1 1559/1/1 1558/1/1
f 1561/1/1 1559/1/1 1560/1/1
f 1565/1/1 1563/1/1 1562/1/1
f 1566/7/1 1564/7/1 1563/7/1
f 1566/1/1 1563/1/1 1565/1/1
f 1567/7/1 1564/7/1 1566/7/1
f 1571/7/1 1569/7/1 1568/7/1
f 1572/1/1 1570/1/1 1569/1/1
f 1572/7/1 1569/7/1 1571/7/1
f 1573/1/1 1570/1/1 1572/1/1
f 1576/9/1 1575/9/1 1574/9/1
f 1577/9/1 1575/9/1 1576/9/1
f 1582/6/1 1579/6/1 1578/6/1
f 1583/6/1 1579/6/1 1582/6/1
f 1584/6/1 1581/6/1 1580/6/1
f 1585/6/1 1581/6/1 1584/6/1
f 1588/2/1 1587/2/1 1586/2/1
f 1589/2/1 1587/2/1 1588/2/1
f 1593/1/1 1591/1/1 1590/1/1
f 1593/1/1 1592/1/1 1591/1/1
f 1594/1/1 1592/1/1 1593/1/1
f 1598/1/1 1596/1/1 1595/1/1
f 1599/7/1 1597/7/1 1596/7/1
f 1599/1/1 1596/1/1 1598/1/1
f 1600/7/1 1597/7/1 1599/7/1
f 1604/1/1 1602/1/1 1601/1/1
f 1604/1/1 1603/1/1 1602/1/1
f 1605/1/1 1603/1/1 1604/1/1
f 1609/7/1 1607/7/1 1606/7/1
f 1610/1/1 1608/1/1 1607/1/1
f 1610/7/1 1607/7/1 1609/7/1
f 1611/1/1 1608/1/1 1610/1/1
f 1618/9/1 1613/9/1 1612/9/1
f 1619/9/1 1613/9/1 1618/9/1
f 1621/6/1 1615/6/1 1614/6/1
f 1622/6/1 1615/6/1 1621/6/1
f 1625/6/1 1617/6/1 1616/6/1
f 1626/6/1 1617/6/1 1625/6/1
f 1629/6/1 1621/6/1 1620/6/1
f 1630/6/1 1623/6/1 1622/6/1
f 1635/6/1 1625/6/1 1624/6/1
f 1636/6/1 1627/6/1 1626/6/1
f 1639/6/1 1629/6/1 1628/6/1
f 1640/6/1 1621/6/1 1629/6/1
f 1640/6/1 1629/6/1 1639/6/1
f 1641/6/1 1621/6/1 1640/6/1
f 1642/6/1 1630/6/1 1622/6/1
f 1642/6/1 1631/6/1 1630/6/1
f 1643/6/1 1631/6/1 1642/6/1
f 1644/6/1 1631/6/1 1643/6/1
f 1646/2/1 1633/2/1 1632/2/1
f 1647/2/1 1633/2/1 1646/2/1
f 1649/6/1 1635/6/1 1634/6/1
f 1650/6/1 1625/6/1 1635/6/1
f 1650/6/1 1635/6/1 1649/6/1
f 1651/6/1 1625/6/1 1650/6/1
f 1652/6/1 1637/6/1 1636/6/1
f 1652/6/1 1636/6/1 1626/6/1
f 1653/6/1 1637/6/1 1652/6/1
f 1654/6/1 1637/6/1 1653/6/1
f 1657/6/1 1639/6/1 1638/6/1
f 1657/6/1 1640/6/1 1639/6/1
f 1658/6/1 1640/6/1 1657/6/1
f 1659/6/1 1640/6/1 1658/6/1
f 1660/6/1 1645/6/1 1644/6/1
f 1660/6/1 1644/6/1 1643/6/1
f 1661/6/1 1645/6/1 1660/6/1
f 1662/6/1 1645/6/1 1661/6/1
f 1665/6/1 1649/6/1 1648/6/1
f 1665/6/1 1650/6/1 1649/6/1
f 1666/6/1 1650/6/1 1665/6/1
f 1667/6/1 1650/6/1 1666/6/1
f 1668/6/1 1655/6/1 1654/6/1
f 1668/6/1 1654/6/1 1653/6/1
f 1669/6/1 1655/6/1 1668/6/1
f 1670/6/1 1655/6/1 1669/6/1
f 1672/6/1 1658/6/1 1657/6/1
f 1672/6/1 1657/6/1 1656/6/1
f 1673/6/1 1658/6/1 1672/6/1
f 1674/6/1 1663/6/1 1662/6/1
f 1674/6/1 1662/6/1 1661/6/1
f 1675/6/1 1663/6/1 1674/6/1
f 1676/6/1 1666/6/1 1665/6/1
f 1676/6/1 1665/6/1 1664/6/1
f 1677/6/1 1666/6/1 1676/6/1
f 1678/6/1 1671/6/1 1670/6/1
f 1678/6/1 1670/6/1 1669/6/1
f 1679/6/1 1671/6/1 1678/6/1
f 1683/1/1 1681/1/1 1680/1/1
f 1684/6/1 1682/6/1 1681/6/1
f 1684/1/1 1681/1/1 1683/1/1
f 1685/6/1 1682/6/1 1684/6/1
f 1689/1/1 1687/1/1 1686/1/1
f 1690/6/1 1688/6/1 1687/6/1
f 1690/1/1 1687/1/1 1689/1/1
f 1691/6/1 1688/6/1 1690/6/1
f 1695/7/1 1693/7/1 1692/7/1
f 1696/6/1 1694/6/1 1693/6/1
f 1696/7/1 1693/7/1 1695/7/1
f 1697/6/1 1694/6/1 1696/6/1
f 1701/7/1 1699/7/1 1698/7/1
f 1702/6/1 1700/6/1 1699/6/1
f 1702/7/1 1699/7/1 1701/7/1
f 1703/6/1 1700/6/1 1702/6/1
f 1706/9/1 1705/9/1 1704/9/1
f 1707/9/1 1705/9/1 1706/9/1
f 1710/2/1 1709/2/1 1708/2/1
f 1711/2/1 1709/2/1 1710/2/1
f 1716/9/1 1713/9/1 1712/9/1
f 1717/9/1 1713/9/1 1716/9/1
f 1719/2/1 1715/2/1 1714/2/1
f 1720/2/1 1715/2/1 1719/2/1
f 1725/2/1 1719/2/1 1718/2/1
f 1726/2/1 1721/2/1 1720/2/1
f 1730/6/1 1723/6/1 1722/6/1
f 1731/6/1 1723/6/1 1730/6/1
f 1733/2/1 1725/2/1 1724/2/1
f 1734/2/1 1719/2/1 1725/2/1
f 1734/2/1 1725/2/1 1733/2/1
f 1735/2/1 1719/2/1 1734/2/1
f 1736/2/1 1726/2/1 1720/2/1
f 1736/2/1 1727/2/1 1726/2/1
f 1737/2/1 1727/2/1 1736/2/1
f 1738/2/1 1727/2/1 1737/2/1
f 1740/6/1 1729/6/1 1728/6/1
f 1741/6/1 1729/6/1 1740/6/1
f 1742/2/1 1733/2/1 1732/2/1
f 1742/2/1 1734/2/1 1733/2/1
f 1743/2/1 1734/2/1 1742/2/1
f 1744/2/1 1739/2/1 1738/2/1
f 1744/2/1 1738/2/1 1737/2/1
f 1745/2/1 1739/2/1 1744/2/1
f 1748/6/1 1747/6/1 1746/6/1
f 1749/6/1 1747/6/1 1748/6/1
f 1752/6/1 1751/6/1 1750/6/1
f 1753/6/1 1751/6/1 1752/6/1
f 1756/6/1 1755/6/1 1754/6/1
f 1757/6/1 1755/6/1 1756/6/1
f 1760/6/1 1759/6/1 1758/6/1
f 1761/6/1 1759/6/1 1760/6/1
f 1764/9/1 1763/9/1 1762/9/1
f 1765/9/1 1763/9/1 1764/9/1
f 1770/6/1 1767/6/1 1766/6/1
f 1771/6/1 1767/6/1 1770/6/1
f 1772/6/1 1769/6/1 1768/6/1
f 1773/6/1 1769/6/1 1772/6/1
f 1776/6/1 1775/6/1 1774/6/1
f 1777/6/1 1775/6/1 1776/6/1
f 1780/6/1 1779/6/1 1778/6/1
f 1781/6/1 1779/6/1 1780/6/1
f 1784/6/1 1783/6/1 1782/6/1
f 1785/6/1 1783/6/1 1784/6/1
f 1788/6/1 1787/6/1 1786/6/1
f 1789/6/1 1787/6/1 1788/6/1
f 1792/9/1 1791/9/1 1790/9/1
f 1793/9/1 1791/9/1 1792/9/1
f 1796/2/1 1795/2/1 1794/2/1
f 1797/2/1 1795/2/1 1796/2/1
f 1804/6/1 1799/6/1 1798/6/1
f 1805/6/1 1799/6/1 1804/6/1
f 1806/6/1 1801/6/1 1800/6/1
f 1807/6/1 1801/6/1 1806/6/1
f 1808/6/1 1803/6/1 1802/6/1
f 1809/6/1 1803/6/1 1808/6/1
f 1812/6/1 1811/6/1 1810/6/1
f 1813/6/1 1811/6/1 1812/6/1
f 1816/6/1 1815/6/1 1814/6/1
f 1817/6/1 1815/6/1 1816/6/1
f 1820/6/1 1819/6/1 1818/6/1
f 1821/6/1 1819/6/1 1820/6/1
f 1824/9/1 1823/9/1 1822/9/1
f 1825/9/1 1823/9/1 1824/9/1
f 1830/2/1 1827/2/1 1826/2/1
f 1831/2/1 1827/2/1 1830/2/1
f 1834/6/1 1829/6/1 1828/6/1
f 1835/6/1 1829/6/1 1834/6/1
f 1838/6/1 1833/6/1 1832/6/1
f 1839/6/1 1833/6/1 1838/6/1
f 1840/6/1 1837/6/1 1836/6/1
f 1841/6/1 1837/6/1 1840/6/1
f 1846/6/1 1843/6/1 1842/6/1
f 1847/6/1 1843/6/1 1846/6/1
f 1850/6/1 1845/6/1 1844/6/1
f 1851/6/1 1845/6/1 1850/6/1
f 1852/6/1 1849/6/1 1848/6/1
f 1853/6/1 1849/6/1 1852/6/1
f 1858/6/1 1855/6/1 1854/6/1
f 1859/6/1 1855/6/1 1858/6/1
f 1862/6/1 1857/6/1 1856/6/1
f 1863/6/1 1857/6/1 1862/6/1
f 1864/6/1 1861/6/1 1860/6/1
f 1865/6/1 1861/6/1 1864/6/1
f 1870/6/1 1867/6/1 1866/6/1
f 1871/6/1 1867/6/1 1870/6/1
f 1874/6/1 1869/6/1 1868/6/1
f 1875/6/1 1869/6/1 1874/6/1
f 1876/6/1 1873/6/1 1872/6/1
f 1877/6/1 1873/6/1 1876/6/1
f 1880/9/1 1879/9/1 1878/9/1
f 1881/9/1 1879/9/1 1880/9/1
f 1884/6/1 1883/6/1 1882/6/1
f 1885/6/1 1883/6/1 1884/6/1
f 1890/6/1 1887/6/1 1886/6/1
f 1891/6/1 1887/6/1 1890/6/1
f 1892/6/1 1889/6/1 1888/6/1
f 1893/6/1 1889/6/1 1892/6/1
f 1896/6/1 1895/6/1 1894/6/1
f 1897/6/1 1895/6/1 1896/6/1
f 1902/6/1 1899/6/1 1898/6/1
f 1903/6/1 1899/6/1 1902/6/1
f 1904/6/1 1901/6/1 1900/6/1
f 1905/6/1 1901/6/1 1904/6/1
f 1908/6/1 1907/6/1 1906/6/1
f 1909/6/1 1907/6/1 1908/6/1
f 1914/6/1 1911/6/1 1910/6/1
f 1915/6/1 1911/6/1 1914/6/1
f 1916/6/1 1913/6/1 1912/6/1
f 1917/6/1 1913/6/1 1916/6/1
f 1920/6/1 1919/6/1 1918/6/1
f 1921/6/1 1919/6/1 1920/6/1
f 1926/6/1 1923/6/1 1922/6/1
f 1927/6/1 1923/6/1 1926/6/1
f 1928/6/1 1925/6/1 1924/6/1
f 1929/6/1 1925/6/1 1928/6/1
f 1932/9/1 1931/9/1 1930/9/1
f 1933/9/1 1931/9/1 1932/9/1
f 1936/6/1 1935/6/1 1934/6/1
f 1937/6/1 1935/6/1 1936/6/1
f 1942/6/1 1939/6/1 1938/6/1
f 1943/6/1 1939/6/1 1942/6/1
f 1944/6/1 1941/6/1 1940/6/1
f 1945/6/1 1941/6/1 1944/6/1
f 1948/6/1 1947/6/1 1946/6/1
f 1949/6/1 1947/6/1 1948/6/1
f 1954/6/1 1951/6/1 1950/6/1
f 1955/6/1 1951/6/1 1954/6/1
f 1956/6/1 1953/6/1 1952/6/1
f 1957/6/1 1953/6/1 1956/6/1
f 1960/6/1 1959/6/1 1958/6/1
f 1961/6/1 1959/6/1 1960/6/1
f 1966/6/1 1963/6/1 1962/6/1
f 1967/6/1 1963/6/1 1966/6/1
f 1968/6/1 1965/6/1 1964/6/1
f 1969/6/1 1965/6/1 1968/6/1
f 1972/6/1 1971/6/1 1970/6/1
f 1973/6/1 1971/6/1 1972/6/1
f 1978/6/1 1975/6/1 1974/6/1
f 1979/6/1 1975/6/1 1978/6/1
f 1980/6/1 1977/6/1 1976/6/1
f 1981/6/1 1977/6/1 1980/6/1
f 1986/9/1 1983/9/1 1982/9/1
f 1987/9/1 1983/9/1 1986/9/1
f 1989/6/1 1985/6/1 1984/6/1
f 1990/6/1 1985/6/1 1989/6/1
f 1993/6/1 1989/6/1 1988/6/1
f 1994/6/1 1991/6/1 1990/6/1
f 1997/6/1 1993/6/1 1992/6/1
f 1998/6/1 1989/6/1 1993/6/1
f 1998/6/1 1993/6/1 1997/6/1
f 1999/6/1 1989/6/1 1998/6/1
f 2000/6/1 1995/6/1 1994/6/1
f 2000/6/1 1994/6/1 1990/6/1
f 2001/6/1 1995/6/1 2000/6/1
f 2002/6/1 1995/6/1 2001/6/1
f 2005/6/1 1997/6/1 1996/6/1
f 2005/6/1 1998/6/1 1997/6/1
f 2006/6/1 1998/6/1 2005/6/1
f 2007/6/1 1998/6/1 2006/6/1
f 2008/6/1 2000/6/1 1999/6/1
f 2009/6/1 2000/6/1 2008/6/1
f 2010/6/1 2003/6/1 2002/6/1
f 2010/6/1 2002/6/1 2001/6/1
f 2011/6/1 2003/6/1 2010/6/1
f 2012/6/1 2003/6/1 2011/6/1
f 2017/6/1 2005/6/1 2004/6/1
f 2017/6/1 2006/6/1 2005/6/1
f 2018/6/1 2006/6/1 2017/6/1
f 2019/6/1 2006/6/1 2018/6/1
f 2020/6/1 2009/6/1 2008/6/1
f 2021/6/1 2009/6/1 2020/6/1
f 2022/6/1 2013/6/1 2012/6/1
f 2022/6/1 2012/6/1 2011/6/1
f 2023/6/1 2013/6/1 2022/6/1
f 2024/6/1 2013/6/1 2023/6/1
f 2028/7/1 2015/7/1 2014/7/1
f 2029/7/1 2015/7/1 2028/7/1
f 2030/7/1 2015/7/1 2029/7/1
f 2033/6/1 2017/6/1 2016/6/1
f 2033/6/1 2018/6/1 2017/6/1
f 2034/6/1 2018/6/1 2033/6/1
f 2035/6/1 2018/6/1 2034/6/1
f 2036/6/1 2025/6/1 2024/6/1
f 2036/6/1 2024/6/1 2023/6/1
f 2037/6/1 2025/6/1 2036/6/1
f 2038/6/1 2025/6/1 2037/6/1
f 2040/7/1 2027/7/1 2026/7/1
f 2041/7/1 2027/7/1 2040/7/1
f 2042/7/1 2027/7/1 2041/7/1
f 2043/1/1 2030/1/1 2029/1/1
f 2044/7/1 2031/7/1 2030/7/1
f 2044/1/1 2030/1/1 2043/1/1
f 2045/7/1 2031/7/1 2044/7/1
f 2046/6/1 2034/6/1 2033/6/1
f 2046/6/1 2033/6/1 2032/6/1
f 2047/6/1 2034/6/1 2046/6/1
f 2048/6/1 2034/6/1 2047/6/1
f 2049/6/1 2039/6/1 2038/6/1
f 2049/6/1 2038/6/1 2037/6/1
f 2050/6/1 2039/6/1 2049/6/1
f 2051/6/1 2039/6/1 2050/6/1
f 2053/1/1 2041/1/1 2040/1/1
f 2054/1/1 2041/1/1 2053/1/1
f 2055/6/1 2045/6/1 2044/6/1
f 2055/6/1 2047/6/1 2046/6/1
f 2055/6/1 2046/6/1 2045/6/1
f 2056/6/1 2047/6/1 2055/6/1
f 2057/6/1 2047/6/1 2056/6/1
f 2058/6/1 2047/6/1 2057/6/1
f 2059/6/1 2052/6/1 2051/6/1
f 2059/6/1 2051/6/1 2050/6/1
f 2060/6/1 2052/6/1 2059/6/1
f 2061/7/1 2053/7/1 2052/7/1
f 2061/6/1 2052/6/1 2060/6/1
f 2062/7/1 2053/7/1 2061/7/1
f 2063/6/1 2057/6/1 2056/6/1
f 2064/6/1 2057/6/1 2063/6/1
f 2066/6/1 2021/6/1 2020/6/1
f 2067/6/1 2021/6/1 2066/6/1
f 2069/6/1 2061/6/1 2060/6/1
f 2070/6/1 2061/6/1 2069/6/1
f 2072/6/1 2066/6/1 2065/6/1
f 2073/6/1 2068/6/1 2067/6/1
f 2076/6/1 2072/6/1 2071/6/1
f 2077/6/1 2066/6/1 2072/6/1
f 2077/6/1 2072/6/1 2076/6/1
f 2078/6/1 2066/6/1 2077/6/1
f 2079/6/1 2074/6/1 2073/6/1
f 2079/6/1 2073/6/1 2067/6/1
f 2080/6/1 2074/6/1 2079/6/1
f 2081/6/1 2074/6/1 2080/6/1
f 2084/6/1 2076/6/1 2075/6/1
f 2084/6/1 2077/6/1 2076/6/1
f 2085/6/1 2077/6/1 2084/6/1
f 2086/6/1 2077/6/1 2085/6/1
f 2087/6/1 2079/6/1 2078/6/1
f 2088/6/1 2079/6/1 2087/6/1
f 2089/6/1 2082/6/1 2081/6/1
f 2089/6/1 2081/6/1 2080/6/1
f 2090/6/1 2082/6/1 2089/6/1
f 2091/6/1 2082/6/1 2090/6/1
f 2096/6/1 2084/6/1 2083/6/1
f 2096/6/1 2085/6/1 2084/6/1
f 2097/6/1 2085/6/1 2096/6/1
f 2098/6/1 2085/6/1 2097/6/1
f 2099/6/1 2088/6/1 2087/6/1
f 2100/6/1 2088/6/1 2099/6/1
f 2101/6/1 2092/6/1 2091/6/1
f 2101/6/1 2091/6/1 2090/6/1
f 2102/6/1 2092/6/1 2101/6/1
f 2103/6/1 2092/6/1 2102/6/1
f 2108/7/1 2094/7/1 2093/7/1
f 2109/7/1 2094/7/1 2108/7/1
f 2110/7/1 2094/7/1 2109/7/1
f 2113/6/1 2096/6/1 2095/6/1
f 2113/6/1 2097/6/1 2096/6/1
f 2114/6/1 2097/6/1 2113/6/1
f 2115/6/1 2097/6/1 2114/6/1
f 2116/6/1 2104/6/1 2103/6/1
f 2116/6/1 2103/6/1 2102/6/1
f 2117/6/1 2104/6/1 2116/6/1
f 2118/6/1 2104/6/1 2117/6/1
f 2120/7/1 2106/7/1 2105/7/1
f 2121/1/1 2107/1/1 2106/1/1
f 2121/7/1 2106/7/1 2120/7/1
f 2122/1/1 2107/1/1 2121/1/1
f 2123/1/1 2110/1/1 2109/1/1
f 2124/7/1 2111/7/1 2110/7/1
f 2124/1/1 2110/1/1 2123/1/1
f 2125/7/1 2111/7/1 2124/7/1
f 2126/6/1 2114/6/1 2113/6/1
f 2126/6/1 2113/6/1 2112/6/1
f 2127/6/1 2114/6/1 2126/6/1
f 2128/6/1 2114/6/1 2127/6/1
f 2129/6/1 2119/6/1 2118/6/1
f 2129/6/1 2118/6/1 2117/6/1
f 2130/6/1 2119/6/1 2129/6/1
f 2131/6/1 2119/6/1 2130/6/1
f 2133/1/1 2121/1/1 2120/1/1
f 2134/1/1 2121/1/1 2133/1/1
f 2135/6/1 2125/6/1 2124/6/1
f 2135/6/1 2127/6/1 2126/6/1
f 2135/6/1 2126/6/1 2125/6/1
f 2136/6/1 2127/6/1 2135/6/1
f 2137/6/1 2127/6/1 2136/6/1
f 2138/6/1 2127/6/1 2137/6/1
f 2139/6/1 2132/6/1 2131/6/1
f 2139/6/1 2131/6/1 2130/6/1
f 2140/6/1 2132/6/1 2139/6/1
f 2141/7/1 2133/7/1 2132/7/1
f 2141/6/1 2132/6/1 2140/6/1
f 2142/7/1 2133/7/1 2141/7/1
f 2143/6/1 2137/6/1 2136/6/1
f 2144/6/1 2137/6/1 2143/6/1
f 2145/6/1 2141/6/1 2140/6/1
f 2146/6/1 2141/6/1 2145/6/1
f 2148/6/1 2100/6/1 2099/6/1
f 2149/6/1 2100/6/1 2148/6/1
f 2152/6/1 2148/6/1 2147/6/1
f 2153/6/1 2150/6/1 2149/6/1
f 2156/6/1 2152/6/1 2151/6/1
f 2157/6/1 2148/6/1 2152/6/1
f 2157/6/1 2152/6/1 2156/6/1
f 2158/6/1 2148/6/1 2157/6/1
f 2159/6/1 2154/6/1 2153/6/1
f 2159/6/1 2153/6/1 2149/6/1
f 2160/6/1 2154/6/1 2159/6/1
f 2161/6/1 2154/6/1 2160/6/1
f 2164/6/1 2156/6/1 2155/6/1
f 2164/6/1 2157/6/1 2156/6/1
f 2165/6/1 2157/6/1 2164/6/1
f 2166/6/1 2157/6/1 2165/6/1
f 2167/6/1 2159/6/1 2158/6/1
f 2168/6/1 2159/6/1 2167/6/1
f 2169/6/1 2162/6/1 2161/6/1
f 2169/6/1 2161/6/1 2160/6/1
f 2170/6/1 2162/6/1 2169/6/1
f 2171/6/1 2162/6/1 2170/6/1
f 2176/6/1 2164/6/1 2163/6/1
f 2176/6/1 2165/6/1 2164/6/1
f 2177/6/1 2165/6/1 2176/6/1
f 2178/6/1 2165/6/1 2177/6/1
f 2179/6/1 2168/6/1 2167/6/1
f 2180/6/1 2168/6/1 2179/6/1
f 2181/6/1 2172/6/1 2171/6/1
f 2181/6/1 2171/6/1 2170/6/1
f 2182/6/1 2172/6/1 2181/6/1
f 2183/6/1 2172/6/1 2182/6/1
f 2188/7/1 2174/7/1 2173/7/1
f 2189/7/1 2174/7/1 2188/7/1
f 2190/7/1 2174/7/1 2189/7/1
f 2193/6/1 2176/6/1 2175/6/1
f 2193/6/1 2177/6/1 2176/6/1
f 2194/6/1 2177/6/1 2193/6/1
f 2195/6/1 2177/6/1 2194/6/1
f 2196/6/1 2183/6/1 2182/6/1
f 2196/6/1 2184/6/1 2183/6/1
f 2197/6/1 2184/6/1 2196/6/1
f 2198/6/1 2184/6/1 2197/6/1
f 2200/7/1 2186/7/1 2185/7/1
f 2201/1/1 2187/1/1 2186/1/1
f 2201/7/1 2186/7/1 2200/7/1
f 2202/1/1 2187/1/1 2201/1/1
f 2203/7/1 2191/7/1 2190/7/1
f 2203/7/1 2190/7/1 2189/7/1
f 2204/7/1 2191/7/1 2203/7/1
f 2205/7/1 2191/7/1 2204/7/1
f 2206/6/1 2194/6/1 2193/6/1
f 2206/6/1 2193/6/1 2192/6/1
f 2207/6/1 2194/6/1 2206/6/1
f 2208/6/1 2194/6/1 2207/6/1
f 2209/6/1 2199/6/1 2198/6/1
f 2209/6/1 2198/6/1 2197/6/1
f 2210/6/1 2199/6/1 2209/6/1
f 2211/6/1 2199/6/1 2210/6/1
f 2213/1/1 2201/1/1 2200/1/1
f 2214/1/1 2201/1/1 2213/1/1
f 2215/6/1 2205/6/1 2204/6/1
f 2215/6/1 2207/6/1 2206/6/1
f 2215/6/1 2206/6/1 2205/6/1
f 2216/6/1 2207/6/1 2215/6/1
f 2217/6/1 2207/6/1 2216/6/1
f 2218/6/1 2207/6/1 2217/6/1
f 2219/6/1 2212/6/1 2211/6/1
f 2219/6/1 2211/6/1 2210/6/1
f 2220/6/1 2212/6/1 2219/6/1
f 2221/1/1 2213/1/1 2212/1/1
f 2221/6/1 2212/6/1 2220/6/1
f 2222/1/1 2213/1/1 2221/1/1
f 2223/6/1 2217/6/1 2216/6/1
f 2224/6/1 2217/6/1 2223/6/1
f 2225/6/1 2221/6/1 2220/6/1
f 2226/6/1 2221/6/1 2225/6/1
f 2228/6/1 2180/6/1 2179/6/1
f 2229/6/1 2180/6/1 2228/6/1
f 2232/6/1 2228/6/1 2227/6/1
f 2233/6/1 2230/6/1 2229/6/1
f 2236/6/1 2232/6/1 2231/6/1
f 2237/6/1 2228/6/1 2232/6/1
f 2237/6/1 2232/6/1 2236/6/1
f 2238/6/1 2228/6/1 2237/6/1
f 2239/6/1 2234/6/1 2233/6/1
f 2239/6/1 2233/6/1 2229/6/1
f 2240/6/1 2234/6/1 2239/6/1
f 2241/6/1 2234/6/1 2240/6/1
f 2244/6/1 2236/6/1 2235/6/1
f 2244/6/1 2237/6/1 2236/6/1
f 2245/6/1 2237/6/1 2244/6/1
f 2246/6/1 2237/6/1 2245/6/1
f 2247/6/1 2239/6/1 2238/6/1
f 2248/6/1 2239/6/1 2247/6/1
f 2249/6/1 2242/6/1 2241/6/1
f 2249/6/1 2241/6/1 2240/6/1
f 2250/6/1 2242/6/1 2249/6/1
f 2251/6/1 2242/6/1 2250/6/1
f 2257/6/1 2244/6/1 2243/6/1
f 2257/6/1 2245/6/1 2244/6/1
f 2258/6/1 2245/6/1 2257/6/1
f 2259/6/1 2245/6/1 2258/6/1
f 2260/6/1 2248/6/1 2247/6/1
f 2261/6/1 2248/6/1 2260/6/1
f 2262/6/1 2252/6/1 2251/6/1
f 2262/6/1 2251/6/1 2250/6/1
f 2263/6/1 2252/6/1 2262/6/1
f 2264/6/1 2252/6/1 2263/6/1
f 2268/1/1 2254/1/1 2253/1/1
f 2269/7/1 2255/7/1 2254/7/1
f 2269/1/1 2254/1/1 2268/1/1
f 2270/7/1 2255/7/1 2269/7/1
f 2273/6/1 2258/6/1 2257/6/1
f 2273/6/1 2257/6/1 2256/6/1
f 2274/6/1 2258/6/1 2273/6/1
f 2275/6/1 2258/6/1 2274/6/1
f 2276/6/1 2264/6/1 2263/6/1
f 2276/6/1 2265/6/1 2264/6/1
f 2277/6/1 2265/6/1 2276/6/1
f 2278/6/1 2265/6/1 2277/6/1
f 2280/7/1 2267/7/1 2266/7/1
f 2281/7/1 2267/7/1 2280/7/1
f 2282/7/1 2267/7/1 2281/7/1
f 2283/7/1 2271/7/1 2270/7/1
f 2283/7/1 2270/7/1 2269/7/1
f 2284/7/1 2271/7/1 2283/7/1
f 2285/7/1 2271/7/1 2284/7/1
f 2286/6/1 2274/6/1 2273/6/1
f 2286/6/1 2273/6/1 2272/6/1
f 2287/6/1 2274/6/1 2286/6/1
f 2288/6/1 2274/6/1 2287/6/1
f 2289/6/1 2279/6/1 2278/6/1
f 2289/6/1 2278/6/1 2277/6/1
f 2290/6/1 2279/6/1 2289/6/1
f 2291/6/1 2279/6/1 2290/6/1
f 2293/1/1 2281/1/1 2280/1/1
f 2294/1/1 2281/1/1 2293/1/1
f 2295/6/1 2285/6/1 2284/6/1
f 2295/6/1 2287/6/1 2286/6/1
f 2295/6/1 2286/6/1 2285/6/1
f 2296/6/1 2287/6/1 2295/6/1
f 2297/6/1 2287/6/1 2296/6/1
f 2298/6/1 2287/6/1 2297/6/1
f 2299/6/1 2292/6/1 2291/6/1
f 2299/6/1 2291/6/1 2290/6/1
f 2300/6/1 2292/6/1 2299/6/1
f 2301/1/1 2293/1/1 2292/1/1
f 2301/6/1 2292/6/1 2300/6/1
f 2302/1/1 2293/1/1 2301/1/1
f 2303/6/1 2297/6/1 2296/6/1
f 2304/6/1 2297/6/1 2303/6/1
f 2305/6/1 2301/6/1 2300/6/1
f 2306/6/1 2301/6/1 2305/6/1
f 2311/9/1 2308/9/1 2307/9/1
f 2312/9/1 2308/9/1 2311/9/1
f 2313/2/1 2310/2/1 2309/2/1
f 2314/2/1 2310/2/1 2313/2/1
f 2317/7/1 2316/7/1 2315/7/1
f 2318/7/1 2316/7/1 2317/7/1
f 2321/7/1 2320/7/1 2319/7/1
f 2322/7/1 2320/7/1 2321/7/1
f 2325/7/1 2324/7/1 2323/7/1
f 2326/7/1 2324/7/1 2325/7/1
f 2329/7/1 2328/7/1 2327/7/1
f 2330/7/1 2328/7/1 2329/7/1
f 2333/9/1 2332/9/1 2331/9/1
f 2334/9/1 2332/9/1 2333/9/1
f 2339/6/1 2336/6/1 2335/6/1
f 2340/6/1 2336/6/1 2339/6/1
f 2341/6/1 2338/6/1 2337/6/1
f 2342/6/1 2338/6/1 2341/6/1
f 2347/6/1 2344/6/1 2343/6/1
f 2348/6/1 2344/6/1 2347/6/1
f 2349/6/1 2346/6/1 2345/6/1
f 2350/6/1 2346/6/1 2349/6/1
f 2355/6/1 2352/6/1 2351/6/1
f 2356/6/1 2352/6/1 2355/6/1
f 2357/6/1 2354/6/1 2353/6/1
f 2358/6/1 2354/6/1 2357/6/1
f 2363/6/1 2360/6/1 2359/6/1
f 2364/6/1 2360/6/1 2363/6/1
f 2365/6/1 2362/6/1 2361/6/1
f 2366/6/1 2362/6/1 2365/6/1
f 2371/9/1 2368/9/1 2367/9/1
f 2372/9/1 2368/9/1 2371/9/1
f 2373/2/1 2370/2/1 2369/2/1
f 2374/2/1 2370/2/1 2373/2/1
f 2377/6/1 2376/6/1 2375/6/1
f 2378/6/1 2376/6/1 2377/6/1
f 2383/6/1 2380/6/1 2379/6/1
f 2384/6/1 2380/6/1 2383/6/1
f 2385/6/1 2382/6/1 2381/6/1
f 2386/6/1 2382/6/1 2385/6/1
f 2389/6/1 2388/6/1 2387/6/1
f 2390/6/1 2388/6/1 2389/6/1
f 2395/6/1 2392/6/1 2391/6/1
f 2396/6/1 2392/6/1 2395/6/1
f 2397/6/1 2394/6/1 2393/6/1
f 2398/6/1 2394/6/1 2397/6/1
f 2401/6/1 2400/6/1 2399/6/1
f 2402/6/1 2400/6/1 2401/6/1
f 2407/6/1 2404/6/1 2403/6/1
f 2408/6/1 2404/6/1 2407/6/1
f 2409/6/1 2406/6/1 2405/6/1
f 2410/6/1 2406/6/1 2409/6/1
f 2413/6/1 2412/6/1 2411/6/1
f 2414/6/1 2412/6/1 2413/6/1
f 2419/6/1 2416/6/1 2415/6/1
f 2420/6/1 2416/6/1 2419/6/1
f 2421/6/1 2418/6/1 2417/6/1
f 2422/6/1 2418/6/1 2421/6/1
f 2429/9/1 2424/9/1 2423/9/1
f 2430/9/1 2424/9/1 2429/9/1
f 2431/2/1 2426/2/1 2425/2/1
f 2432/2/1 2426/2/1 2431/2/1
f 2433/2/1 2428/2/1 2427/2/1
f 2434/2/1 2428/2/1 2433/2/1
f 2441/6/1 2436/6/1 2435/6/1
f 2442/6/1 2436/6/1 2441/6/1
f 2443/6/1 2438/6/1 2437/6/1
f 2444/6/1 2438/6/1 2443/6/1
f 2445/6/1 2440/6/1 2439/6/1
f 2446/6/1 2440/6/1 2445/6/1
f 2453/6/1 2448/6/1 2447/6/1
f 2454/6/1 2448/6/1 2453/6/1
f 2455/6/1 2450/6/1 2449/6/1
f 2456/6/1 2450/6/1 2455/6/1
f 2457/6/1 2452/6/1 2451/6/1
f 2458/6/1 2452/6/1 2457/6/1
f 2465/6/1 2460/6/1 2459/6/1
f 2466/6/1 2460/6/1 2465/6/1
f 2467/6/1 2462/6/1 2461/6/1
f 2468/6/1 2462/6/1 2467/6/1
f 2469/6/1 2464/6/1 2463/6/1
f 2470/6/1 2464/6/1 2469/6/1
f 2477/6/1 2472/6/1 2471/6/1
f 2478/6/1 2472/6/1 2477/6/1
f 2479/6/1 2474/6/1 2473/6/1
f 2480/6/1 2474/6/1 2479/6/1
f 2481/6/1 2476/6/1 2475/6/1
f 2482/6/1 2476/6/1 2481/6/1
f 2487/9/1 2484/9/1 2483/9/1
f 2488/9/1 2484/9/1 2487/9/1
f 2489/6/1 2486/6/1 2485/6/1
f 2490/6/1 2486/6/1 2489/6/1
f 2493/6/1 2492/6/1 2491/6/1
f 2494/6/1 2492/6/1 2493/6/1
f 2497/6/1 2496/6/1 2495/6/1
f 2498/6/1 2496/6/1 2497/6/1
f 2501/6/1 2500/6/1 2499/6/1
f 2502/6/1 2500/6/1 2501/6/1
f 2505/6/1 2504/6/1 2503/6/1
f 2506/6/1 2504/6/1 2505/6/1
f 2511/9/1 2508/9/1 2507/9/1
f 2512/9/1 2508/9/1 2511/9/1
f 2513/6/1 2510/6/1 2509/6/1
f 2514/6/1 2510/6/1 2513/6/1
f 2519/7/1 2516/7/1 2515/7/1
f 2520/7/1 2516/7/1 2519/7/1
f 2521/6/1 2518/6/1 2517/6/1
f 2522/6/1 2518/6/1 2521/6/1
f 2525/6/1 2524/6/1 2523/6/1
f 2526/6/1 2524/6/1 2525/6/1
f 2529/6/1 2528/6/1 2527/6/1
f 2530/6/1 2528/6/1 2529/6/1
f 2533/6/1 2532/6/1 2531/6/1
f 2534/6/1 2532/6/1 2533/6/1
f 2539/9/1 2536/9/1 2535/9/1
f 2540/9/1 2536/9/1 2539/9/1
f 2541/6/1 2538/6/1 2537/6/1
f 2542/6/1 2538/6/1 2541/6/1
f 2547/7/1 2544/7/1 2543/7/1
f 2548/7/1 2544/7/1 2547/7/1
f 2549/6/1 2546/6/1 2545/6/1
f 2550/6/1 2546/6/1 2549/6/1
f 2553/6/1 2552/6/1 2551/6/1
f 2554/6/1 2552/6/1 2553/6/1
f 2557/6/1 2556/6/1 2555/6/1
f 2558/6/1 2556/6/1 2557/6/1
f 2561/6/1 2560/6/1 2559/6/1
f 2562/6/1 2560/6/1 2561/6/1
f 2565/9/1 2564/9/1 2563/9/1
f 2566/9/1 2564/9/1 2565/9/1
f 2571/7/1 2568/7/1 2567/7/1
f 2572/7/1 2568/7/1 2571/7/1
f 2573/6/1 2570/6/1 2569/6/1
f 2574/6/1 2570/6/1 2573/6/1
f 2577/6/1 2576/6/1 2575/6/1
f 2578/6/1 2576/6/1 2577/6/1
f 2581/6/1 2580/6/1 2579/6/1
f 2582/6/1 2580/6/1 2581/6/1
f 2585/6/1 2584/6/1 2583/6/1
f 2586/6/1 2584/6/1 2585/6/1
f 2591/9/1 2588/9/1 2587/9/1
f 2592/9/1 2588/9/1 2591/9/1
f 2593/6/1 2590/6/1 2589/6/1
f 2594/6/1 2590/6/1 2593/6/1
f 2598/7/1 2596/7/1 2595/7/1
f 2599/6/1 2597/6/1 2596/6/1
f 2599/7/1 2596/7/1 2598/7/1
f 2600/6/1 2597/6/1 2599/6/1
f 2605/9/1 2602/9/1 2601/9/1
f 2606/9/1 2602/9/1 2605/9/1
f 2607/6/1 2604/6/1 2603/6/1
f 2608/6/1 2604/6/1 2607/6/1
f 2611/7/1 2610/7/1 2609/7/1
f 2612/7/1 2610/7/1 2611/7/1
f 2613/7/1 2610/7/1 2612/7/1
f 2616/7/1 2615/7/1 2614/7/1
f 2617/7/1 2615/7/1 2616/7/1
f 2618/7/1 2615/7/1 2617/7/1
f 2621/7/1 2620/7/1 2619/7/1
f 2622/7/1 2620/7/1 2621/7/1
f 2623/7/1 2620/7/1 2622/7/1
f 2626/7/1 2625/7/1 2624/7/1
f 2627/7/1 2625/7/1 2626/7/1
f 2628/7/1 2625/7/1 2627/7/1
f 2633/9/1 2630/9/1 2629/9/1
f 2634/9/1 2630/9/1 2633/9/1
f 2635/6/1 2632/6/1 2631/6/1
f 2636/6/1 2632/6/1 2635/6/1
f 2639/7/1 2638/7/1 2637/7/1
f 2640/7/1 2638/7/1 2639/7/1
f 2643/6/1 2642/6/1 2641/6/1
f 2644/6/1 2642/6/1 2643/6/1
f 2647/7/1 2646/7/1 2645/7/1
f 2648/7/1 2646/7/1 2647/7/1
f 2651/7/1 2650/7/1 2649/7/1
f 2652/7/1 2650/7/1 2651/7/1
f 2655/7/1 2654/7/1 2653/7/1
f 2656/7/1 2654/7/1 2655/7/1
f 2659/9/1 2658/9/1 2657/9/1
f 2660/9/1 2658/9/1 2659/9/1
f 2663/6/1 2662/6/1 2661/6/1
f 2664/6/1 2662/6/1 2663/6/1
f 2667/9/1 2666/9/1 2665/9/1
f 2668/9/1 2666/9/1 2667/9/1
f 2671/6/1 2670/6/1 2669/6/1
f 2672/6/1 2670/6/1 2671/6/1
f 2675/9/1 2674/9/1 2673/9/1
f 2676/9/1 2674/9/1 2675/9/1
f 2681/6/1 2678/6/1 2677/6/1
f 2682/6/1 2678/6/1 2681/6/1
f 2685/6/1 2680/6/1 2679/6/1
f 2686/6/1 2680/6/1 2685/6/1
f 2687/6/1 2684/6/1 2683/6/1
f 2688/6/1 2684/6/1 2687/6/1
f 2691/9/1 2690/9/1 2689/9/1
f 2692/9/1 2690/9/1 2691/9/1
f 2695/6/1 2694/6/1 2693/6/1
f 2696/6/1 2694/6/1 2695/6/1
f 2701/6/1 2698/6/1 2697/6/1
f 2702/6/1 2698/6/1 2701/6/1
f 2703/6/1 2700/6/1 2699/6/1
f 2704/6/1 2700/6/1 2703/6/1
f 2707/9/1 2706/9/1 2705/9/1
f 2708/9/1 2706/9/1 2707/9/1
f 2711/6/1 2710/6/1 2709/6/1
f 2712/6/1 2710/6/1 2711/6/1
f 2717/6/1 2714/6/1 2713/6/1
f 2718/6/1 2714/6/1 2717/6/1
f 2719/6/1 2716/6/1 2715/6/1
f 2720/6/1 2716/6/1 2719/6/1
f 2725/9/1 2722/9/1 2721/9/1
f 2726/9/1 2722/9/1 2725/9/1
f 2728/6/1 2724/6/1 2723/6/1
f 2729/6/1 2724/6/1 2728/6/1
f 2732/6/1 2728/6/1 2727/6/1
f 2733/6/1 2730/6/1 2729/6/1
f 2736/6/1 2732/6/1 2731/6/1
f 2737/6/1 2728/6/1 2732/6/1
f 2737/6/1 2732/6/1 2736/6/1
f 2738/6/1 2728/6/1 2737/6/1
f 2739/6/1 2734/6/1 2733/6/1
f 2739/6/1 2733/6/1 2729/6/1
f 2740/6/1 2734/6/1 2739/6/1
f 2741/6/1 2734/6/1 2740/6/1
f 2744/6/1 2736/6/1 2735/6/1
f 2744/6/1 2737/6/1 2736/6/1
f 2745/6/1 2737/6/1 2744/6/1
f 2746/6/1 2737/6/1 2745/6/1
f 2747/6/1 2739/6/1 2738/6/1
f 2748/6/1 2739/6/1 2747/6/1
f 2749/6/1 2742/6/1 2741/6/1
f 2749/6/1 2741/6/1 2740/6/1
f 2750/6/1 2742/6/1 2749/6/1
f 2751/6/1 2742/6/1 2750/6/1
f 2756/6/1 2744/6/1 2743/6/1
f 2756/6/1 2745/6/1 2744/6/1
f 2757/6/1 2745/6/1 2756/6/1
f 2758/6/1 2745/6/1 2757/6/1
f 2759/6/1 2752/6/1 2751/6/1
f 2759/6/1 2751/6/1 2750/6/1
f 2760/6/1 2752/6/1 2759/6/1
f 2761/6/1 2752/6/1 2760/6/1
f 2765/7/1 2754/7/1 2753/7/1
f 2766/7/1 2754/7/1 2765/7/1
f 2767/7/1 2754/7/1 2766/7/1
f 2770/6/1 2757/6/1 2756/6/1
f 2770/6/1 2756/6/1 2755/6/1
f 2771/6/1 2757/6/1 2770/6/1
f 2772/6/1 2757/6/1 2771/6/1
f 2773/6/1 2762/6/1 2761/6/1
f 2773/6/1 2761/6/1 2760/6/1
f 2774/6/1 2762/6/1 2773/6/1
f 2775/6/1 2762/6/1 2774/6/1
f 2777/7/1 2764/7/1 2763/7/1
f 2778/7/1 2764/7/1 2777/7/1
f 2779/7/1 2768/7/1 2767/7/1
f 2779/7/1 2767/7/1 2766/7/1
f 2780/7/1 2768/7/1 2779/7/1
f 2781/7/1 2768/7/1 2780/7/1
f 2782/6/1 2771/6/1 2770/6/1
f 2782/6/1 2770/6/1 2769/6/1
f 2783/6/1 2771/6/1 2782/6/1
f 2784/6/1 2771/6/1 2783/6/1
f 2785/6/1 2776/6/1 2775/6/1
f 2785/6/1 2775/6/1 2774/6/1
f 2786/6/1 2776/6/1 2785/6/1
f 2787/6/1 2776/6/1 2786/6/1
f 2789/7/1 2777/7/1 2763/7/1
f 2790/7/1 2777/7/1 2789/7/1
f 2791/6/1 2783/6/1 2782/6/1
f 2791/6/1 2781/6/1 2780/6/1
f 2791/6/1 2782/6/1 2781/6/1
f 2792/6/1 2783/6/1 2791/6/1
f 2793/6/1 2783/6/1 2792/6/1
f 2794/6/1 2783/6/1 2793/6/1
f 2795/6/1 2788/6/1 2787/6/1
f 2795/6/1 2787/6/1 2786/6/1
f 2796/6/1 2788/6/1 2795/6/1
f 2797/7/1 2789/7/1 2788/7/1
f 2797/6/1 2788/6/1 2796/6/1
f 2798/7/1 2789/7/1 2797/7/1
f 2799/6/1 2793/6/1 2792/6/1
f 2800/6/1 2793/6/1 2799/6/1
f 2801/6/1 2797/6/1 2796/6/1
f 2802/6/1 2797/6/1 2801/6/1
f 2805/9/1 2804/9/1 2803/9/1
f 2806/9/1 2804/9/1 2805/9/1
f 2809/7/1 2808/7/1 2807/7/1
f 2810/7/1 2808/7/1 2809/7/1
f 2813/9/1 2812/9/1 2811/9/1
f 2814/9/1 2812/9/1 2813/9/1
f 2819/6/1 2816/6/1 2815/6/1
f 2820/6/1 2816/6/1 2819/6/1
f 2821/6/1 2818/6/1 2817/6/1
f 2822/6/1 2818/6/1 2821/6/1
f 2825/9/1 2824/9/1 2823/9/1
f 2826/9/1 2824/9/1 2825/9/1
f 2829/6/1 2828/6/1 2827/6/1
f 2830/6/1 2828/6/1 2829/6/1
f 2835/6/1 2832/6/1 2831/6/1
f 2836/6/1 2832/6/1 2835/6/1
f 2837/6/1 2834/6/1 2833/6/1
f 2838/6/1 2834/6/1 2837/6/1
f 2841/9/1 2840/9/1 2839/9/1
f 2842/9/1 2840/9/1 2841/9/1
f 2849/6/1 2844/6/1 2843/6/1
f 2850/6/1 2844/6/1 2849/6/1
f 2851/6/1 2846/6/1 2845/6/1
f 2852/6/1 2846/6/1 2851/6/1
f 2853/6/1 2848/6/1 2847/6/1
f 2854/6/1 2848/6/1 2853/6/1
f 2857/9/1 2856/9/1 2855/9/1
f 2858/9/1 2856/9/1 2857/9/1
f 2861/6/1 2860/6/1 2859/6/1
f 2862/6/1 2860/6/1 2861/6/1
f 2865/9/1 2864/9/1 2863/9/1
f 2866/9/1 2864/9/1 2865/9/1
f 2869/6/1 2868/6/1 2867/6/1
f 2870/6/1 2868/6/1 2869/6/1
f 2873/9/1 2872/9/1 2871/9/1
f 2874/9/1 2872/9/1 2873/9/1
f 2877/6/1 2876/6/1 2875/6/1
f 2878/6/1 2876/6/1 2877/6/1
f 2881/6/1 2880/6/1 2879/6/1
f 2882/6/1 2880/6/1 2881/6/1
f 2885/7/1 2884/7/1 2883/7/1
f 2886/7/1 2884/7/1 2885/7/1
f 2887/7/1 2884/7/1 2886/7/1
f 2890/7/1 2889/7/1 2888/7/1
f 2891/7/1 2889/7/1 2890/7/1
f 2892/4/2 2893/4/2 2894/4/2
f 2894/4/2 2893/4/2 2895/4/2
f 2896/2/2 2897/2/2 2900/2/2
f 2900/2/2 2897/2/2 2901/2/2
f 2898/4/2 2899/4/2 2902/4/2
f 2902/4/2 2899/4/2 2903/4/2
f 2904/2/2 2905/2/2 2906/2/2
f 2904/2/2 2906/2/2 2908/2/2
f 2906/4/2 2907/4/2 2909/4/2
f 2908/2/2 2906/2/2 2909/2/2
f 2909/4/2 2907/4/2 2912/4/2
f 2912/4/2 2907/4/2 2913/4/2
f 2910/4/2 2911/4/2 2914/4/2
f 2914/4/2 2911/4/2 2915/4/2
f 2916/9/2 2917/9/2 2918/9/2
f 2918/9/2 2917/9/2 2919/9/2
f 2920/4/2 2921/4/2 2922/4/2
f 2922/4/2 2921/4/2 2923/4/2
f 2924/4/2 2925/4/2 2927/4/2
f 2927/4/2 2925/4/2 2928/4/2
f 2926/2/2 2927/2/2 2929/2/2
f 2929/2/2 2927/2/2 2930/2/2
f 2931/2/2 2932/2/2 2933/2/2
f 2933/2/2 2932/2/2 2934/2/2
f 2935/4/2 2936/4/2 2937/4/2
f 2935/4/2 2937/4/2 2938/4/2
f 2938/4/2 2937/4/2 2939/4/2
f 2940/2/2 2941/2/2 2942/2/2
f 2942/2/2 2941/2/2 2943/2/2
f 2944/6/2 2945/6/2 2950/6/2
f 2950/6/2 2945/6/2 2951/6/2
f 2946/6/2 2947/6/2 2952/6/2
f 2952/6/2 2947/6/2 2953/6/2
f 2948/2/2 2949/2/2 2954/2/2
f 2954/2/2 2949/2/2 2955/2/2
f 2958/4/2 2959/4/2 2960/4/2
f 2960/4/2 2959/4/2 2961/4/2
f 2956/2/2 2957/2/2 2962/2/2
f 2962/2/2 2957/2/2 2963/2/2
f 2964/4/2 2965/4/2 2968/4/2
f 2968/4/2 2965/4/2 2969/4/2
f 2966/4/2 2967/4/2 2970/4/2
f 2970/4/2 2967/4/2 2971/4/2
f 2972/2/2 2973/2/2 2976/2/2
f 2974/4/2 2975/4/2 2977/4/2
f 2977/4/2 2975/4/2 2978/4/2
f 2979/4/2 2980/4/2 2981/4/2
f 2981/4/2 2980/4/2 2982/4/2
f 2976/2/2 2973/2/2 2985/2/2
f 2985/2/2 2973/2/2 2986/2/2
f 2987/4/2 2988/4/2 2989/4/2
f 2983/4/2 2984/4/2 2990/4/2
f 2987/4/2 2989/4/2 2991/4/2
f 2991/4/2 2989/4/2 2992/4/2
f 2983/4/2 2990/4/2 2993/4/2
f 2993/4/2 2990/4/2 2994/4/2
f 2995/4/2 2996/4/2 2997/4/2
f 2997/4/2 2996/4/2 2998/4/2
f 2999/9/2 3000/9/2 3001/9/2
f 3001/9/2 3000/9/2 3002/9/2
f 3003/8/2 3004/8/2 3005/8/2
f 3005/8/2 3004/8/2 3006/8/2
f 3005/9/2 3006/9/2 3011/9/2
f 3011/9/2 3006/9/2 3012/9/2
f 3009/2/2 3010/2/2 3015/2/2
f 3015/2/2 3010/2/2 3016/2/2
f 3013/6/2 3014/6/2 3017/6/2
f 3017/6/2 3014/6/2 3018/6/2
f 3007/2/2 3008/2/2 3019/2/2
f 3019/2/2 3008/2/2 3020/2/2
f 3021/4/2 3022/4/2 3025/4/2
f 3025/4/2 3022/4/2 3026/4/2
f 3023/7/2 3024/7/2 3027/7/2
f 3027/7/2 3024/7/2 3028/7/2
f 3029/4/2 3030/4/2 3031/4/2
f 3031/4/2 3030/4/2 3032/4/2
f 3020/2/2 3008/2/2 3036/2/2
f 3033/4/2 3034/4/2 3041/4/2
f 3041/4/2 3034/4/2 3042/4/2
f 3035/2/2 3036/2/2 3044/2/2
f 3036/2/2 3008/2/2 3045/2/2
f 3044/2/2 3036/2/2 3045/2/2
f 3037/4/2 3038/4/2 3046/4/2
f 3039/4/2 3040/4/2 3048/4/2
f 3041/2/2 3042/2/2 3050/2/2
f 3050/2/2 3042/2/2 3051/2/2
f 3043/2/2 3044/2/2 3054/2/2
f 3045/2/2 3046/2/2 3055/2/2
f 3046/4/2 3038/4/2 3055/4/2
f 3055/4/2 3038/4/2 3056/4/2
f 3047/2/2 3048/2/2 3058/2/2
f 3049/4/2 3050/4/2 3059/4/2
f 3051/2/2 3052/2/2 3060/2/2
f 3059/4/2 3050/4/2 3060/4/2
f 3050/2/2 3051/2/2 3060/2/2
f 3060/2/2 3052/2/2 3061/2/2
f 3061/2/2 3052/2/2 3062/2/2
f 3053/2/2 3054/2/2 3063/2/2
f 3054/2/2 3044/2/2 3064/2/2
f 3063/2/2 3054/2/2 3064/2/2
f 3064/2/2 3044/2/2 3065/2/2
f 3055/2/2 3056/2/2 3067/2/2
f 3045/2/2 3055/2/2 3067/2/2
f 3067/2/2 3056/2/2 3068/2/2
f 3068/2/2 3056/2/2 3069/2/2
f 3057/2/2 3058/2/2 3070/2/2
f 3058/2/2 3048/2/2 3071/2/2
f 3070/2/2 3058/2/2 3071/2/2
f 3048/4/2 3040/4/2 3072/4/2
f 3071/2/2 3048/2/2 3072/2/2
f 3072/4/2 3040/4/2 3073/4/2
f 3060/4/2 3061/4/2 3074/4/2
f 3061/2/2 3062/2/2 3075/2/2
f 3074/4/2 3061/4/2 3075/4/2
f 3062/2/2 3063/2/2 3075/2/2
f 3063/2/2 3064/2/2 3075/2/2
f 3075/2/2 3064/2/2 3076/2/2
f 3070/2/2 3071/2/2 3077/2/2
f 3068/2/2 3069/2/2 3077/2/2
f 3069/2/2 3070/2/2 3077/2/2
f 3077/2/2 3071/2/2 3078/2/2
f 3066/2/2 3067/2/2 3080/2/2
f 3079/2/2 3080/2/2 3086/2/2
f 3080/2/2 3067/2/2 3087/2/2
f 3086/2/2 3080/2/2 3087/2/2
f 3081/4/2 3082/4/2 3090/4/2
f 3083/2/2 3084/2/2 3092/2/2
f 3092/2/2 3084/2/2 3093/2/2
f 3085/2/2 3086/2/2 3096/2/2
f 3087/2/2 3088/2/2 3097/2/2
f 3089/2/2 3090/2/2 3100/2/2
f 3090/4/2 3082/4/2 3101/4/2
f 3100/2/2 3090/2/2 3101/2/2
f 3101/4/2 3082/4/2 3102/4/2
f 3091/4/2 3092/4/2 3103/4/2
f 3093/2/2 3094/2/2 3104/2/2
f 3103/4/2 3092/4/2 3104/4/2
f 3092/2/2 3093/2/2 3104/2/2
f 3104/2/2 3094/2/2 3105/2/2
f 3105/2/2 3094/2/2 3106/2/2
f 3095/2/2 3096/2/2 3107/2/2
f 3096/2/2 3086/2/2 3108/2/2
f 3107/2/2 3096/2/2 3108/2/2
f 3108/2/2 3086/2/2 3109/2/2
f 3097/2/2 3098/2/2 3110/2/2
f 3087/2/2 3097/2/2 3110/2/2
f 3110/2/2 3098/2/2 3111/2/2
f 3111/2/2 3098/2/2 3112/2/2
f 3099/2/2 3100/2/2 3113/2/2
f 3100/2/2 3101/2/2 3113/2/2
f 3113/2/2 3101/2/2 3114/2/2
f 3114/2/2 3101/2/2 3115/2/2
f 3105/2/2 3106/2/2 3116/2/2
f 3106/2/2 3107/2/2 3116/2/2
f 3107/2/2 3108/2/2 3116/2/2
f 3116/2/2 3108/2/2 3117/2/2
f 3109/4/2 3110/4/2 3118/4/2
f 3118/4/2 3110/4/2 3119/4/2
f 3111/2/2 3112/2/2 3120/2/2
f 3113/2/2 3114/2/2 3120/2/2
f 3112/2/2 3113/2/2 3120/2/2
f 3120/2/2 3114/2/2 3121/2/2
f 3117/4/2 3118/4/2 3122/4/2
f 3122/4/2 3118/4/2 3123/4/2
f 3119/4/2 3120/4/2 3124/4/2
f 3124/4/2 3120/4/2 3125/4/2
f 3123/4/2 3124/4/2 3126/4/2
f 3126/4/2 3124/4/2 3127/4/2
f 3128/9/2 3129/9/2 3132/9/2
f 3132/9/2 3129/9/2 3133/9/2
f 3130/9/2 3131/9/2 3135/9/2
f 3135/9/2 3131/9/2 3136/9/2
f 3134/9/2 3135/9/2 3137/9/2
f 3137/9/2 3135/9/2 3138/9/2
f 3138/9/2 3139/9/2 3140/9/2
f 3140/9/2 3139/9/2 3141/9/2
f 3142/8/2 3143/8/2 3144/8/2
f 3144/8/2 3143/8/2 3145/8/2
f 3144/9/2 3145/9/2 3148/9/2
f 3148/9/2 3145/9/2 3149/9/2
f 3146/2/2 3147/2/2 3150/2/2
f 3150/2/2 3147/2/2 3151/2/2
f 3152/6/2 3153/6/2 3154/6/2
f 3154/6/2 3153/6/2 3155/6/2
f 3156/4/2 3157/4/2 3158/4/2
f 3158/4/2 3157/4/2 3159/4/2
f 3160/7/2 3161/7/2 3164/7/2
f 3164/7/2 3161/7/2 3165/7/2
f 3162/7/2 3163/7/2 3166/7/2
f 3166/7/2 3163/7/2 3167/7/2
f 3167/7/2 3163/7/2 3168/7/2
f 3169/2/2 3170/2/2 3171/2/2
f 3171/2/2 3170/2/2 3172/2/2
f 3173/2/2 3174/2/2 3175/2/2
f 3175/2/2 3174/2/2 3176/2/2
f 3177/4/2 3178/4/2 3179/4/2
f 3179/4/2 3178/4/2 3180/4/2
f 3181/9/2 3182/9/2 3185/9/2
f 3185/9/2 3182/9/2 3186/9/2
f 3183/9/2 3184/9/2 3188/9/2
f 3188/9/2 3184/9/2 3189/9/2
f 3187/9/2 3188/9/2 3190/9/2
f 3190/9/2 3188/9/2 3191/9/2
f 3191/9/2 3192/9/2 3193/9/2
f 3193/9/2 3192/9/2 3194/9/2
f 3195/8/2 3196/8/2 3197/8/2
f 3197/8/2 3196/8/2 3198/8/2
f 3199/5/2 3200/5/2 3207/5/2
f 3207/5/2 3200/5/2 3208/5/2
f 3197/9/2 3198/9/2 3209/9/2
f 3209/9/2 3198/9/2 3210/9/2
f 3201/6/2 3202/6/2 3213/6/2
f 3213/6/2 3202/6/2 3214/6/2
f 3203/2/2 3204/2/2 3215/2/2
f 3215/2/2 3204/2/2 3216/2/2
f 3205/2/2 3206/2/2 3217/2/2
f 3217/2/2 3206/2/2 3218/2/2
f 3211/6/2 3212/6/2 3219/6/2
f 3219/6/2 3212/6/2 3220/6/2
f 3221/6/2 3222/6/2 3226/6/2
f 3224/4/2 3225/4/2 3228/4/2
f 3223/4/2 3224/4/2 3228/4/2
f 3228/4/2 3225/4/2 3229/4/2
f 3229/4/2 3225/4/2 3230/4/2
f 3226/6/2 3227/6/2 3231/6/2
f 3221/6/2 3226/6/2 3231/6/2
f 3231/6/2 3227/6/2 3232/6/2
f 3229/4/2 3230/4/2 3233/4/2
f 3233/4/2 3230/4/2 3234/4/2
f 3235/4/2 3236/4/2 3237/4/2
f 3237/4/2 3236/4/2 3238/4/2
f 3239/2/2 3240/2/2 3241/2/2
f 3241/2/2 3240/2/2 3242/2/2
f 3243/2/2 3244/2/2 3245/2/2
f 3245/2/2 3244/2/2 3246/2/2
f 3247/9/2 3248/9/2 3251/9/2
f 3251/9/2 3248/9/2 3252/9/2
f 3249/9/2 3250/9/2 3254/9/2
f 3254/9/2 3250/9/2 3255/9/2
f 3253/9/2 3254/9/2 3256/9/2
f 3256/9/2 3254/9/2 3257/9/2
f 3257/9/2 3258/9/2 3259/9/2
f 3259/9/2 3258/9/2 3260/9/2
f 3261/8/2 3262/8/2 3263/8/2
f 3263/8/2 3262/8/2 3264/8/2
f 3263/9/2 3264/9/2 3267/9/2
f 3267/9/2 3264/9/2 3268/9/2
f 3265/4/2 3266/4/2 3270/4/2
f 3270/4/2 3266/4/2 3271/4/2
f 3269/4/2 3270/4/2 3276/4/2
f 3276/4/2 3270/4/2 3277/4/2
f 3277/4/2 3270/4/2 3278/4/2
f 3271/4/2 3272/4/2 3279/4/2
f 3279/4/2 3272/4/2 3280/4/2
f 3273/6/2 3274/6/2 3281/6/2
f 3281/6/2 3274/6/2 3282/6/2
f 3275/4/2 3276/4/2 3283/4/2
f 3276/4/2 3277/4/2 3283/4/2
f 3283/4/2 3277/4/2 3284/4/2
f 3284/4/2 3277/4/2 3285/4/2
f 3278/4/2 3279/4/2 3286/4/2
f 3286/4/2 3279/4/2 3287/4/2
f 3283/4/2 3284/4/2 3292/4/2
f 3292/4/2 3284/4/2 3293/4/2
f 3288/4/2 3289/4/2 3294/4/2
f 3294/4/2 3289/4/2 3295/4/2
f 3295/4/2 3289/4/2 3296/4/2
f 3290/4/2 3291/4/2 3297/4/2
f 3297/4/2 3291/4/2 3298/4/2
f 3295/4/2 3296/4/2 3299/4/2
f 3299/4/2 3296/4/2 3300/4/2
f 3301/6/2 3302/6/2 3303/6/2
f 3303/6/2 3302/6/2 3304/6/2
f 3305/4/2 3306/4/2 3307/4/2
f 3307/4/2 3306/4/2 3308/4/2
f 3309/9/2 3310/9/2 3313/9/2
f 3313/9/2 3310/9/2 3314/9/2
f 3311/9/2 3312/9/2 3316/9/2
f 3316/9/2 3312/9/2 3317/9/2
f 3315/9/2 3316/9/2 3318/9/2
f 3318/9/2 3316/9/2 3319/9/2
f 3319/9/2 3320/9/2 3321/9/2
f 3321/9/2 3320/9/2 3322/9/2
f 3323/8/2 3324/8/2 3325/8/2
f 3325/8/2 3324/8/2 3326/8/2
f 3325/9/2 3326/9/2 3329/9/2
f 3329/9/2 3326/9/2 3330/9/2
f 3327/6/2 3328/6/2 3334/6/2
f 3334/6/2 3328/6/2 3335/6/2
f 3331/6/2 3332/6/2 3341/6/2
f 3341/6/2 3332/6/2 3342/6/2
f 3333/6/2 3334/6/2 3343/6/2
f 3343/6/2 3334/6/2 3344/6/2
f 3335/6/2 3336/6/2 3345/6/2
f 3345/6/2 3336/6/2 3346/6/2
f 3337/6/2 3338/6/2 3347/6/2
f 3347/6/2 3338/6/2 3348/6/2
f 3339/6/2 3340/6/2 3349/6/2
f 3349/6/2 3340/6/2 3350/6/2
f 3342/6/2 3343/6/2 3353/6/2
f 3353/6/2 3343/6/2 3354/6/2
f 3346/6/2 3347/6/2 3355/6/2
f 3355/6/2 3347/6/2 3356/6/2
f 3351/6/2 3352/6/2 3357/6/2
f 3357/6/2 3352/6/2 3358/6/2
f 3359/6/2 3360/6/2 3367/6/2
f 3367/6/2 3360/6/2 3368/6/2
f 3361/4/2 3362/4/2 3369/4/2
f 3369/4/2 3362/4/2 3370/4/2
f 3363/4/2 3364/4/2 3371/4/2
f 3365/4/2 3366/4/2 3372/4/2
f 3372/4/2 3366/4/2 3373/4/2
f 3371/4/2 3364/4/2 3376/4/2
f 3376/4/2 3364/4/2 3377/4/2
f 3374/4/2 3375/4/2 3378/4/2
f 3378/4/2 3375/4/2 3379/4/2
f 3380/6/2 3381/6/2 3382/6/2
f 3382/6/2 3381/6/2 3383/6/2
f 3384/4/2 3385/4/2 3387/4/2
f 3387/4/2 3385/4/2 3388/4/2
f 3386/4/2 3387/4/2 3389/4/2
f 3389/4/2 3387/4/2 3390/4/2
f 3391/2/2 3392/2/2 3393/2/2
f 3393/2/2 3392/2/2 3394/2/2
f 3395/2/2 3396/2/2 3397/2/2
f 3397/2/2 3396/2/2 3398/2/2
f 3399/9/2 3400/9/2 3403/9/2
f 3403/9/2 3400/9/2 3404/9/2
f 3401/9/2 3402/9/2 3406/9/2
f 3406/9/2 3402/9/2 3407/9/2
f 3405/9/2 3406/9/2 3408/9/2
f 3408/9/2 3406/9/2 3409/9/2
f 3409/9/2 3410/9/2 3411/9/2
f 3411/9/2 3410/9/2 3412/9/2
f 3413/8/2 3414/8/2 3415/8/2
f 3415/8/2 3414/8/2 3416/8/2
f 3415/9/2 3416/9/2 3417/9/2
f 3417/9/2 3416/9/2 3418/9/2
f 3419/6/2 3420/6/2 3421/6/2
f 3421/6/2 3420/6/2 3422/6/2
f 3423/6/2 3424/6/2 3427/6/2
f 3427/6/2 3424/6/2 3428/6/2
f 3425/6/2 3426/6/2 3429/6/2
f 3429/6/2 3426/6/2 3430/6/2
f 3432/4/2 3433/4/2 3434/4/2
f 3431/4/2 3432/4/2 3434/4/2
f 3434/4/2 3433/4/2 3435/4/2
f 3435/4/2 3433/4/2 3436/4/2
f 3435/4/2 3436/4/2 3445/4/2
f 3445/4/2 3436/4/2 3446/4/2
f 3437/7/2 3438/7/2 3447/7/2
f 3447/7/2 3438/7/2 3448/7/2
f 3439/4/2 3440/4/2 3449/4/2
f 3449/4/2 3440/4/2 3450/4/2
f 3441/4/2 3442/4/2 3451/4/2
f 3451/4/2 3442/4/2 3452/4/2
f 3443/6/2 3444/6/2 3453/6/2
f 3453/6/2 3444/6/2 3454/6/2
f 3455/4/2 3456/4/2 3457/4/2
f 3457/4/2 3456/4/2 3458/4/2
f 3457/2/2 3458/2/2 3460/2/2
f 3458/2/2 3459/2/2 3460/2/2
f 3460/2/2 3459/2/2 3461/2/2
f 3462/4/2 3463/4/2 3464/4/2
f 3464/4/2 3463/4/2 3465/4/2
f 3464/2/2 3465/2/2 3467/2/2
f 3465/2/2 3466/2/2 3467/2/2
f 3467/2/2 3466/2/2 3468/2/2
f 3469/9/2 3470/9/2 3473/9/2
f 3473/9/2 3470/9/2 3474/9/2
f 3471/9/2 3472/9/2 3476/9/2
f 3476/9/2 3472/9/2 3477/9/2
f 3475/9/2 3476/9/2 3478/9/2
f 3478/9/2 3476/9/2 3479/9/2
f 3479/9/2 3480/9/2 3481/9/2
f 3481/9/2 3480/9/2 3482/9/2
f 3483/8/2 3484/8/2 3485/8/2
f 3485/8/2 3484/8/2 3486/8/2
f 3485/9/2 3486/9/2 3491/9/2
f 3491/9/2 3486/9/2 3492/9/2
f 3489/6/2 3490/6/2 3496/6/2
f 3496/6/2 3490/6/2 3497/6/2
f 3493/6/2 3494/6/2 3503/6/2
f 3503/6/2 3494/6/2 3504/6/2
f 3495/6/2 3496/6/2 3506/6/2
f 3497/6/2 3498/6/2 3507/6/2
f 3499/6/2 3500/6/2 3511/6/2
f 3511/6/2 3500/6/2 3512/6/2
f 3501/6/2 3502/6/2 3513/6/2
f 3513/6/2 3502/6/2 3514/6/2
f 3487/4/2 3488/4/2 3516/4/2
f 3516/4/2 3488/4/2 3517/4/2
f 3505/6/2 3506/6/2 3520/6/2
f 3506/6/2 3496/6/2 3521/6/2
f 3520/6/2 3506/6/2 3521/6/2
f 3521/6/2 3496/6/2 3522/6/2
f 3507/6/2 3508/6/2 3523/6/2
f 3497/6/2 3507/6/2 3523/6/2
f 3523/6/2 3508/6/2 3524/6/2
f 3524/6/2 3508/6/2 3525/6/2
f 3509/4/2 3510/4/2 3527/4/2
f 3527/4/2 3510/4/2 3528/4/2
f 3515/4/2 3516/4/2 3530/4/2
f 3530/4/2 3516/4/2 3531/4/2
f 3531/4/2 3516/4/2 3532/4/2
f 3517/4/2 3518/4/2 3533/4/2
f 3533/4/2 3518/4/2 3534/4/2
f 3519/6/2 3520/6/2 3537/6/2
f 3520/6/2 3521/6/2 3537/6/2
f 3537/6/2 3521/6/2 3538/6/2
f 3538/6/2 3521/6/2 3539/6/2
f 3525/6/2 3526/6/2 3540/6/2
f 3524/6/2 3525/6/2 3540/6/2
f 3540/6/2 3526/6/2 3541/6/2
f 3541/6/2 3526/6/2 3542/6/2
f 3529/4/2 3530/4/2 3547/4/2
f 3530/4/2 3531/4/2 3547/4/2
f 3547/4/2 3531/4/2 3548/4/2
f 3548/4/2 3531/4/2 3549/4/2
f 3532/4/2 3533/4/2 3550/4/2
f 3550/4/2 3533/4/2 3551/4/2
f 3535/7/2 3536/7/2 3553/7/2
f 3537/6/2 3538/6/2 3554/6/2
f 3536/6/2 3537/6/2 3554/6/2
f 3553/7/2 3536/7/2 3554/7/2
f 3554/6/2 3538/6/2 3555/6/2
f 3542/6/2 3543/6/2 3556/6/2
f 3541/6/2 3542/6/2 3556/6/2
f 3556/6/2 3543/6/2 3557/6/2
f 3543/7/2 3544/7/2 3558/7/2
f 3557/6/2 3543/6/2 3558/6/2
f 3558/7/2 3544/7/2 3559/7/2
f 3545/6/2 3546/6/2 3560/6/2
f 3560/6/2 3546/6/2 3561/6/2
f 3547/4/2 3548/4/2 3562/4/2
f 3562/4/2 3548/4/2 3563/4/2
f 3552/4/2 3553/4/2 3564/4/2
f 3553/4/2 3554/4/2 3564/4/2
f 3564/4/2 3554/4/2 3565/4/2
f 3565/4/2 3554/4/2 3566/4/2
f 3557/7/2 3558/7/2 3567/7/2
f 3567/7/2 3558/7/2 3568/7/2
f 3565/4/2 3566/4/2 3571/4/2
f 3571/4/2 3566/4/2 3572/4/2
f 3569/4/2 3570/4/2 3573/4/2
f 3573/4/2 3570/4/2 3574/4/2
f 3574/4/2 3570/4/2 3575/4/2
f 3576/9/2 3577/9/2 3580/9/2
f 3580/9/2 3577/9/2 3581/9/2
f 3578/9/2 3579/9/2 3583/9/2
f 3583/9/2 3579/9/2 3584/9/2
f 3582/9/2 3583/9/2 3585/9/2
f 3585/9/2 3583/9/2 3586/9/2
f 3586/9/2 3587/9/2 3588/9/2
f 3588/9/2 3587/9/2 3589/9/2
f 3590/8/2 3591/8/2 3592/8/2
f 3592/8/2 3591/8/2 3593/8/2
f 3592/9/2 3593/9/2 3594/9/2
f 3594/9/2 3593/9/2 3595/9/2
f 3596/6/2 3597/6/2 3602/6/2
f 3602/6/2 3597/6/2 3603/6/2
f 3598/6/2 3599/6/2 3604/6/2
f 3604/6/2 3599/6/2 3605/6/2
f 3600/4/2 3601/4/2 3606/4/2
f 3606/4/2 3601/4/2 3607/4/2
f 3608/6/2 3609/6/2 3614/6/2
f 3614/6/2 3609/6/2 3615/6/2
f 3610/6/2 3611/6/2 3616/6/2
f 3616/6/2 3611/6/2 3617/6/2
f 3612/6/2 3613/6/2 3618/6/2
f 3618/6/2 3613/6/2 3619/6/2
f 3620/4/2 3621/4/2 3624/4/2
f 3622/4/2 3623/4/2 3625/4/2
f 3625/4/2 3623/4/2 3626/4/2
f 3624/4/2 3621/4/2 3629/4/2
f 3629/4/2 3621/4/2 3630/4/2
f 3627/4/2 3628/4/2 3631/4/2
f 3631/4/2 3628/4/2 3632/4/2
f 3633/4/2 3634/4/2 3636/4/2
f 3635/4/2 3636/4/2 3638/4/2
f 3636/4/2 3634/4/2 3639/4/2
f 3638/4/2 3636/4/2 3639/4/2
f 3639/4/2 3634/4/2 3640/4/2
f 3637/4/2 3638/4/2 3641/4/2
f 3638/4/2 3639/4/2 3641/4/2
f 3641/4/2 3639/4/2 3642/4/2
f 3643/9/2 3644/9/2 3647/9/2
f 3647/9/2 3644/9/2 3648/9/2
f 3645/9/2 3646/9/2 3650/9/2
f 3650/9/2 3646/9/2 3651/9/2
f 3649/9/2 3650/9/2 3652/9/2
f 3652/9/2 3650/9/2 3653/9/2
f 3653/9/2 3654/9/2 3655/9/2
f 3655/9/2 3654/9/2 3656/9/2
f 3657/8/2 3658/8/2 3659/8/2
f 3659/8/2 3658/8/2 3660/8/2
f 3659/9/2 3660/9/2 3665/9/2
f 3665/9/2 3660/9/2 3666/9/2
f 3661/6/2 3662/6/2 3668/6/2
f 3668/6/2 3662/6/2 3669/6/2
f 3663/6/2 3664/6/2 3674/6/2
f 3674/6/2 3664/6/2 3675/6/2
f 3667/6/2 3668/6/2 3680/6/2
f 3669/6/2 3670/6/2 3681/6/2
f 3671/6/2 3672/6/2 3683/6/2
f 3683/6/2 3672/6/2 3684/6/2
f 3673/6/2 3674/6/2 3685/6/2
f 3685/6/2 3674/6/2 3686/6/2
f 3675/6/2 3676/6/2 3687/6/2
f 3687/6/2 3676/6/2 3688/6/2
f 3677/6/2 3678/6/2 3689/6/2
f 3689/6/2 3678/6/2 3690/6/2
f 3679/6/2 3680/6/2 3694/6/2
f 3680/6/2 3668/6/2 3695/6/2
f 3694/6/2 3680/6/2 3695/6/2
f 3695/6/2 3668/6/2 3696/6/2
f 3681/6/2 3682/6/2 3697/6/2
f 3669/6/2 3681/6/2 3697/6/2
f 3697/6/2 3682/6/2 3698/6/2
f 3698/6/2 3682/6/2 3699/6/2
f 3684/6/2 3685/6/2 3703/6/2
f 3703/6/2 3685/6/2 3704/6/2
f 3688/6/2 3689/6/2 3705/6/2
f 3705/6/2 3689/6/2 3706/6/2
f 3691/6/2 3692/6/2 3707/6/2
f 3707/6/2 3692/6/2 3708/6/2
f 3693/6/2 3694/6/2 3710/6/2
f 3694/6/2 3695/6/2 3710/6/2
f 3710/6/2 3695/6/2 3711/6/2
f 3711/6/2 3695/6/2 3712/6/2
f 3699/6/2 3700/6/2 3713/6/2
f 3698/6/2 3699/6/2 3713/6/2
f 3713/6/2 3700/6/2 3714/6/2
f 3714/6/2 3700/6/2 3715/6/2
f 3701/6/2 3702/6/2 3717/6/2
f 3717/6/2 3702/6/2 3718/6/2
f 3710/6/2 3711/6/2 3719/6/2
f 3709/6/2 3710/6/2 3719/6/2
f 3719/6/2 3711/6/2 3720/6/2
f 3715/6/2 3716/6/2 3721/6/2
f 3714/6/2 3715/6/2 3721/6/2
f 3721/6/2 3716/6/2 3722/6/2
f 3723/6/2 3724/6/2 3727/6/2
f 3727/6/2 3724/6/2 3728/6/2
f 3725/6/2 3726/6/2 3729/6/2
f 3729/6/2 3726/6/2 3730/6/2
f 3731/4/2 3732/4/2 3735/4/2
f 3735/4/2 3732/4/2 3736/4/2
f 3733/4/2 3734/4/2 3737/4/2
f 3737/4/2 3734/4/2 3738/4/2
f 3739/9/2 3740/9/2 3743/9/2
f 3743/9/2 3740/9/2 3744/9/2
f 3741/9/2 3742/9/2 3746/9/2
f 3746/9/2 3742/9/2 3747/9/2
f 3745/9/2 3746/9/2 3748/9/2
f 3748/9/2 3746/9/2 3749/9/2
f 3749/9/2 3750/9/2 3751/9/2
f 3751/9/2 3750/9/2 3752/9/2
f 3753/8/2 3754/8/2 3755/8/2
f 3755/8/2 3754/8/2 3756/8/2
f 3755/9/2 3756/9/2 3759/9/2
f 3759/9/2 3756/9/2 3760/9/2
f 3757/2/2 3758/2/2 3765/2/2
f 3765/2/2 3758/2/2 3766/2/2
f 3761/6/2 3762/6/2 3767/6/2
f 3767/6/2 3762/6/2 3768/6/2
f 3763/6/2 3764/6/2 3769/6/2
f 3769/6/2 3764/6/2 3770/6/2
f 3771/4/2 3772/4/2 3779/4/2
f 3779/4/2 3772/4/2 3780/4/2
f 3773/6/2 3774/6/2 3781/6/2
f 3781/6/2 3774/6/2 3782/6/2
f 3775/6/2 3776/6/2 3783/6/2
f 3783/6/2 3776/6/2 3784/6/2
f 3777/6/2 3778/6/2 3785/6/2
f 3785/6/2 3778/6/2 3786/6/2
f 3787/4/2 3788/4/2 3789/4/2
f 3789/4/2 3788/4/2 3790/4/2
f 3790/4/2 3788/4/2 3791/4/2
f 3792/9/2 3793/9/2 3796/9/2
f 3796/9/2 3793/9/2 3797/9/2
f 3794/9/2 3795/9/2 3799/9/2
f 3799/9/2 3795/9/2 3800/9/2
f 3798/9/2 3799/9/2 3801/9/2
f 3801/9/2 3799/9/2 3802/9/2
f 3802/9/2 3803/9/2 3804/9/2
f 3804/9/2 3803/9/2 3805/9/2
f 3806/8/2 3807/8/2 3808/8/2
f 3808/8/2 3807/8/2 3809/8/2
f 3808/9/2 3809/9/2 3812/9/2
f 3812/9/2 3809/9/2 3813/9/2
f 3810/2/2 3811/2/2 3814/2/2
f 3814/2/2 3811/2/2 3815/2/2
f 3816/6/2 3817/6/2 3822/6/2
f 3822/6/2 3817/6/2 3823/6/2
f 3818/6/2 3819/6/2 3824/6/2
f 3824/6/2 3819/6/2 3825/6/2
f 3820/4/2 3821/4/2 3826/4/2
f 3826/4/2 3821/4/2 3827/4/2
f 3828/6/2 3829/6/2 3830/6/2
f 3830/6/2 3829/6/2 3831/6/2
f 3830/7/2 3831/7/2 3833/7/2
f 3831/7/2 3832/7/2 3833/7/2
f 3833/7/2 3832/7/2 3834/7/2
f 3835/4/2 3836/4/2 3840/4/2
f 3837/2/2 3838/2/2 3841/2/2
f 3841/2/2 3838/2/2 3842/2/2
f 3839/4/2 3840/4/2 3844/4/2
f 3840/4/2 3836/4/2 3845/4/2
f 3844/4/2 3840/4/2 3845/4/2
f 3845/4/2 3836/4/2 3846/4/2
f 3843/4/2 3844/4/2 3849/4/2
f 3844/4/2 3845/4/2 3849/4/2
f 3849/4/2 3845/4/2 3850/4/2
f 3847/3/2 3848/3/2 3851/3/2
f 3851/3/2 3848/3/2 3852/3/2
f 3853/9/2 3854/9/2 3857/9/2
f 3857/9/2 3854/9/2 3858/9/2
f 3855/9/2 3856/9/2 3860/9/2
f 3860/9/2 3856/9/2 3861/9/2
f 3859/9/2 3860/9/2 3862/9/2
f 3862/9/2 3860/9/2 3863/9/2
f 3863/9/2 3864/9/2 3865/9/2
f 3865/9/2 3864/9/2 3866/9/2
f 3867/8/2 3868/8/2 3869/8/2
f 3869/8/2 3868/8/2 3870/8/2
f 3869/9/2 3870/9/2 3875/9/2
f 3875/9/2 3870/9/2 3876/9/2
f 3871/6/2 3872/6/2 3878/6/2
f 3878/6/2 3872/6/2 3879/6/2
f 3873/2/2 3874/2/2 3883/2/2
f 3883/2/2 3874/2/2 3884/2/2
f 3877/6/2 3878/6/2 3886/6/2
f 3879/6/2 3880/6/2 3887/6/2
f 3881/6/2 3882/6/2 3889/6/2
f 3889/6/2 3882/6/2 3890/6/2
f 3885/6/2 3886/6/2 3894/6/2
f 3886/6/2 3878/6/2 3895/6/2
f 3894/6/2 3886/6/2 3895/6/2
f 3895/6/2 3878/6/2 3896/6/2
f 3887/6/2 3888/6/2 3897/6/2
f 3879/6/2 3887/6/2 3897/6/2
f 3897/6/2 3888/6/2 3898/6/2
f 3898/6/2 3888/6/2 3899/6/2
f 3891/6/2 3892/6/2 3901/6/2
f 3901/6/2 3892/6/2 3902/6/2
f 3893/6/2 3894/6/2 3904/6/2
f 3894/6/2 3895/6/2 3904/6/2
f 3904/6/2 3895/6/2 3905/6/2
f 3905/6/2 3895/6/2 3906/6/2
f 3896/6/2 3897/6/2 3907/6/2
f 3907/6/2 3897/6/2 3908/6/2
f 3899/6/2 3900/6/2 3909/6/2
f 3898/6/2 3899/6/2 3909/6/2
f 3909/6/2 3900/6/2 3910/6/2
f 3910/6/2 3900/6/2 3911/6/2
f 3903/6/2 3904/6/2 3918/6/2
f 3904/6/2 3905/6/2 3918/6/2
f 3918/6/2 3905/6/2 3919/6/2
f 3919/6/2 3905/6/2 3920/6/2
f 3910/6/2 3911/6/2 3921/6/2
f 3911/6/2 3912/6/2 3921/6/2
f 3921/6/2 3912/6/2 3922/6/2
f 3922/6/2 3912/6/2 3923/6/2
f 3913/7/2 3914/7/2 3927/7/2
f 3927/7/2 3914/7/2 3928/7/2
f 3915/7/2 3916/7/2 3929/7/2
f 3929/7/2 3916/7/2 3930/7/2
f 3930/7/2 3916/7/2 3931/7/2
f 3918/6/2 3919/6/2 3934/6/2
f 3917/6/2 3918/6/2 3934/6/2
f 3934/6/2 3919/6/2 3935/6/2
f 3935/6/2 3919/6/2 3936/6/2
f 3923/6/2 3924/6/2 3937/6/2
f 3922/6/2 3923/6/2 3937/6/2
f 3937/6/2 3924/6/2 3938/6/2
f 3938/6/2 3924/6/2 3939/6/2
f 3925/7/2 3926/7/2 3942/7/2
f 3942/7/2 3926/7/2 3943/7/2
f 3943/7/2 3926/7/2 3944/7/2
f 3931/7/2 3932/7/2 3945/7/2
f 3930/7/2 3931/7/2 3945/7/2
f 3945/7/2 3932/7/2 3946/7/2
f 3946/7/2 3932/7/2 3947/7/2
f 3934/6/2 3935/6/2 3948/6/2
f 3933/6/2 3934/6/2 3948/6/2
f 3948/6/2 3935/6/2 3949/6/2
f 3949/6/2 3935/6/2 3950/6/2
f 3939/6/2 3940/6/2 3951/6/2
f 3938/6/2 3939/6/2 3951/6/2
f 3951/6/2 3940/6/2 3952/6/2
f 3952/6/2 3940/6/2 3953/6/2
f 3942/7/2 3943/7/2 3955/7/2
f 3941/7/2 3942/7/2 3955/7/2
f 3955/7/2 3943/7/2 3956/7/2
f 3956/7/2 3943/7/2 3957/7/2
f 3946/7/2 3947/7/2 3958/7/2
f 3948/6/2 3949/6/2 3959/6/2
f 3958/7/2 3947/7/2 3959/7/2
f 3947/6/2 3948/6/2 3959/6/2
f 3959/6/2 3949/6/2 3960/6/2
f 3960/6/2 3949/6/2 3961/6/2
f 3953/6/2 3954/6/2 3962/6/2
f 3952/6/2 3953/6/2 3962/6/2
f 3962/6/2 3954/6/2 3963/6/2
f 3955/7/2 3956/7/2 3964/7/2
f 3954/7/2 3955/7/2 3964/7/2
f 3964/7/2 3956/7/2 3965/7/2
f 3959/6/2 3960/6/2 3966/6/2
f 3966/6/2 3960/6/2 3967/6/2
f 3963/6/2 3954/6/2 3968/6/2
f 3954/7/2 3964/7/2 3969/7/2
f 3968/6/2 3954/6/2 3969/6/2
f 3969/7/2 3964/7/2 3970/7/2
f 3971/9/2 3972/9/2 3975/9/2
f 3975/9/2 3972/9/2 3976/9/2
f 3973/9/2 3974/9/2 3978/9/2
f 3978/9/2 3974/9/2 3979/9/2
f 3977/9/2 3978/9/2 3980/9/2
f 3980/9/2 3978/9/2 3981/9/2
f 3981/9/2 3982/9/2 3983/9/2
f 3983/9/2 3982/9/2 3984/9/2
f 3985/8/2 3986/8/2 3987/8/2
f 3987/8/2 3986/8/2 3988/8/2
f 3987/9/2 3988/9/2 3989/9/2
f 3989/9/2 3988/9/2 3990/9/2
f 3991/6/2 3992/6/2 3995/6/2
f 3995/6/2 3992/6/2 3996/6/2
f 3993/6/2 3994/6/2 3997/6/2
f 3997/6/2 3994/6/2 3998/6/2
f 3999/2/2 4000/2/2 4005/2/2
f 4005/2/2 4000/2/2 4006/2/2
f 4001/2/2 4002/2/2 4011/2/2
f 4011/2/2 4002/2/2 4012/2/2
f 4003/6/2 4004/6/2 4013/6/2
f 4013/6/2 4004/6/2 4014/6/2
f 4007/6/2 4008/6/2 4015/6/2
f 4015/6/2 4008/6/2 4016/6/2
f 4009/6/2 4010/6/2 4017/6/2
f 4017/6/2 4010/6/2 4018/6/2
f 4019/2/2 4020/2/2 4021/2/2
f 4021/2/2 4020/2/2 4022/2/2
f 4023/2/2 4024/2/2 4025/2/2
f 4025/2/2 4024/2/2 4026/2/2
f 4027/9/2 4028/9/2 4031/9/2
f 4031/9/2 4028/9/2 4032/9/2
f 4029/9/2 4030/9/2 4034/9/2
f 4034/9/2 4030/9/2 4035/9/2
f 4033/9/2 4034/9/2 4036/9/2
f 4036/9/2 4034/9/2 4037/9/2
f 4037/9/2 4038/9/2 4039/9/2
f 4039/9/2 4038/9/2 4040/9/2
f 4041/8/2 4042/8/2 4043/8/2
f 4043/8/2 4042/8/2 4044/8/2
f 4043/9/2 4044/9/2 4047/9/2
f 4047/9/2 4044/9/2 4048/9/2
f 4045/6/2 4046/6/2 4049/6/2
f 4049/6/2 4046/6/2 4050/6/2
f 4051/6/2 4052/6/2 4057/6/2
f 4057/6/2 4052/6/2 4058/6/2
f 4053/6/2 4054/6/2 4059/6/2
f 4059/6/2 4054/6/2 4060/6/2
f 4055/2/2 4056/2/2 4061/2/2
f 4061/2/2 4056/2/2 4062/2/2
f 4063/6/2 4064/6/2 4067/6/2
f 4067/6/2 4064/6/2 4068/6/2
f 4065/6/2 4066/6/2 4069/6/2
f 4069/6/2 4066/6/2 4070/6/2
f 4071/2/2 4072/2/2 4073/2/2
f 4073/2/2 4072/2/2 4074/2/2
f 4075/9/2 4076/9/2 4079/9/2
f 4079/9/2 4076/9/2 4080/9/2
f 4077/9/2 4078/9/2 4082/9/2
f 4082/9/2 4078/9/2 4083/9/2
f 4081/9/2 4082/9/2 4084/9/2
f 4084/9/2 4082/9/2 4085/9/2
f 4085/9/2 4086/9/2 4087/9/2
f 4087/9/2 4086/9/2 4088/9/2
f 4089/8/2 4090/8/2 4091/8/2
f 4091/8/2 4090/8/2 4092/8/2
f 4091/9/2 4092/9/2 4095/9/2
f 4095/9/2 4092/9/2 4096/9/2
f 4093/6/2 4094/6/2 4097/6/2
f 4097/6/2 4094/6/2 4098/6/2
f 4099/6/2 4100/6/2 4101/6/2
f 4101/6/2 4100/6/2 4102/6/2
f 4103/6/2 4104/6/2 4107/6/2
f 4107/6/2 4104/6/2 4108/6/2
f 4105/6/2 4106/6/2 4111/6/2
f 4111/6/2 4106/6/2 4112/6/2
f 4109/6/2 4110/6/2 4113/6/2
f 4113/6/2 4110/6/2 4114/6/2
f 4115/3/2 4116/3/2 4117/3/2
f 4117/3/2 4116/3/2 4118/3/2
f 4119/3/2 4120/3/2 4121/3/2
f 4121/3/2 4120/3/2 4122/3/2
f 4123/9/2 4124/9/2 4127/9/2
f 4127/9/2 4124/9/2 4128/9/2
f 4125/9/2 4126/9/2 4130/9/2
f 4130/9/2 4126/9/2 4131/9/2
f 4129/9/2 4130/9/2 4132/9/2
f 4132/9/2 4130/9/2 4133/9/2
f 4133/9/2 4134/9/2 4135/9/2
f 4135/9/2 4134/9/2 4136/9/2
f 4137/8/2 4138/8/2 4139/8/2
f 4139/8/2 4138/8/2 4140/8/2
f 4139/9/2 4140/9/2 4147/9/2
f 4147/9/2 4140/9/2 4148/9/2
f 4141/6/2 4142/6/2 4149/6/2
f 4149/6/2 4142/6/2 4150/6/2
f 4143/2/2 4144/2/2 4152/2/2
f 4152/2/2 4144/2/2 4153/2/2
f 4145/2/2 4146/2/2 4156/2/2
f 4156/2/2 4146/2/2 4157/2/2
f 4151/2/2 4152/2/2 4160/2/2
f 4153/2/2 4154/2/2 4161/2/2
f 4155/2/2 4156/2/2 4164/2/2
f 4157/2/2 4158/2/2 4165/2/2
f 4159/2/2 4160/2/2 4169/2/2
f 4160/2/2 4152/2/2 4170/2/2
f 4169/2/2 4160/2/2 4170/2/2
f 4170/2/2 4152/2/2 4171/2/2
f 4161/2/2 4162/2/2 4172/2/2
f 4153/2/2 4161/2/2 4172/2/2
f 4172/2/2 4162/2/2 4173/2/2
f 4173/2/2 4162/2/2 4174/2/2
f 4163/2/2 4164/2/2 4177/2/2
f 4164/2/2 4156/2/2 4178/2/2
f 4177/2/2 4164/2/2 4178/2/2
f 4178/2/2 4156/2/2 4179/2/2
f 4157/2/2 4165/2/2 4180/2/2
f 4165/2/2 4166/2/2 4180/2/2
f 4180/2/2 4166/2/2 4181/2/2
f 4181/2/2 4166/2/2 4182/2/2
f 4167/3/2 4168/3/2 4185/3/2
f 4168/2/2 4169/2/2 4186/2/2
f 4169/2/2 4170/2/2 4186/2/2
f 4185/3/2 4168/3/2 4186/3/2
f 4186/2/2 4170/2/2 4187/2/2
f 4174/2/2 4175/2/2 4188/2/2
f 4173/2/2 4174/2/2 4188/2/2
f 4188/2/2 4175/2/2 4189/2/2
f 4176/2/2 4177/2/2 4192/2/2
f 4177/2/2 4178/2/2 4192/2/2
f 4192/2/2 4178/2/2 4193/2/2
f 4182/2/2 4183/2/2 4194/2/2
f 4181/2/2 4182/2/2 4194/2/2
f 4194/2/2 4183/2/2 4195/2/2
f 4184/3/2 4185/3/2 4196/3/2
f 4185/3/2 4186/3/2 4196/3/2
f 4196/3/2 4186/3/2 4197/3/2
f 4190/6/2 4191/6/2 4198/6/2
f 4198/6/2 4191/6/2 4199/6/2
f 4171/2/2 4172/2/2 4201/2/2
f 4201/2/2 4172/2/2 4202/2/2
f 4200/2/2 4201/2/2 4207/2/2
f 4202/2/2 4203/2/2 4208/2/2
f 4204/2/2 4205/2/2 4212/2/2
f 4212/2/2 4205/2/2 4213/2/2
f 4213/2/2 4205/2/2 4214/2/2
f 4206/2/2 4207/2/2 4215/2/2
f 4207/2/2 4201/2/2 4216/2/2
f 4215/2/2 4207/2/2 4216/2/2
f 4216/2/2 4201/2/2 4217/2/2
f 4202/2/2 4208/2/2 4218/2/2
f 4208/2/2 4209/2/2 4218/2/2
f 4218/2/2 4209/2/2 4219/2/2
f 4219/2/2 4209/2/2 4220/2/2
f 4210/2/2 4211/2/2 4221/2/2
f 4221/2/2 4211/2/2 4222/2/2
f 4222/2/2 4211/2/2 4223/2/2
f 4213/2/2 4214/2/2 4224/2/2
f 4214/2/2 4215/2/2 4224/2/2
f 4215/2/2 4216/2/2 4224/2/2
f 4224/2/2 4216/2/2 4225/2/2
f 4219/2/2 4220/2/2 4226/2/2
f 4226/2/2 4220/2/2 4227/2/2
f 4221/2/2 4222/2/2 4228/2/2
f 4228/2/2 4222/2/2 4229/2/2
f 4227/3/2 4228/3/2 4230/3/2
f 4230/3/2 4228/3/2 4231/3/2
f 4217/2/2 4218/2/2 4233/2/2
f 4233/2/2 4218/2/2 4234/2/2
f 4232/2/2 4233/2/2 4237/2/2
f 4234/2/2 4235/2/2 4238/2/2
f 4236/2/2 4237/2/2 4241/2/2
f 4237/2/2 4233/2/2 4242/2/2
f 4241/2/2 4237/2/2 4242/2/2
f 4242/2/2 4233/2/2 4243/2/2
f 4238/2/2 4239/2/2 4244/2/2
f 4234/2/2 4238/2/2 4244/2/2
f 4244/2/2 4239/2/2 4245/2/2
f 4245/2/2 4239/2/2 4246/2/2
f 4240/2/2 4241/2/2 4248/2/2
f 4241/2/2 4242/2/2 4248/2/2
f 4248/2/2 4242/2/2 4249/2/2
f 4246/2/2 4247/2/2 4251/2/2
f 4251/2/2 4247/2/2 4252/2/2
f 4250/3/2 4251/3/2 4253/3/2
f 4251/3/2 4252/3/2 4253/3/2
f 4253/3/2 4252/3/2 4254/3/2
f 4255/9/2 4256/9/2 4259/9/2
f 4259/9/2 4256/9/2 4260/9/2
f 4257/9/2 4258/9/2 4262/9/2
f 4262/9/2 4258/9/2 4263/9/2
f 4261/9/2 4262/9/2 4264/9/2
f 4264/9/2 4262/9/2 4265/9/2
f 4265/9/2 4266/9/2 4267/9/2
f 4267/9/2 4266/9/2 4268/9/2
f 4269/8/2 4270/8/2 4271/8/2
f 4271/8/2 4270/8/2 4272/8/2
f 4271/9/2 4272/9/2 4275/9/2
f 4275/9/2 4272/9/2 4276/9/2
f 4273/6/2 4274/6/2 4282/6/2
f 4282/6/2 4274/6/2 4283/6/2
f 4277/2/2 4278/2/2 4289/2/2
f 4289/2/2 4278/2/2 4290/2/2
f 4279/6/2 4280/6/2 4291/6/2
f 4291/6/2 4280/6/2 4292/6/2
f 4281/6/2 4282/6/2 4293/6/2
f 4293/6/2 4282/6/2 4294/6/2
f 4283/6/2 4284/6/2 4295/6/2
f 4295/6/2 4284/6/2 4296/6/2
f 4285/6/2 4286/6/2 4297/6/2
f 4297/6/2 4286/6/2 4298/6/2
f 4287/2/2 4288/2/2 4299/2/2
f 4299/2/2 4288/2/2 4300/2/2
f 4292/6/2 4293/6/2 4301/6/2
f 4301/6/2 4293/6/2 4302/6/2
f 4296/6/2 4297/6/2 4303/6/2
f 4303/6/2 4297/6/2 4304/6/2
f 4305/6/2 4306/6/2 4307/6/2
f 4307/6/2 4306/6/2 4308/6/2
f 4309/2/2 4310/2/2 4311/2/2
f 4311/2/2 4310/2/2 4312/2/2
f 4313/3/2 4314/3/2 4315/3/2
f 4315/3/2 4314/3/2 4316/3/2
f 4317/2/2 4318/2/2 4319/2/2
f 4319/2/2 4318/2/2 4320/2/2
f 4321/3/2 4322/3/2 4323/3/2
f 4323/3/2 4322/3/2 4324/3/2
f 4325/9/2 4326/9/2 4329/9/2
f 4329/9/2 4326/9/2 4330/9/2
f 4327/9/2 4328/9/2 4332/9/2
f 4332/9/2 4328/9/2 4333/9/2
f 4331/9/2 4332/9/2 4334/9/2
f 4334/9/2 4332/9/2 4335/9/2
f 4335/9/2 4336/9/2 4337/9/2
f 4337/9/2 4336/9/2 4338/9/2
f 4339/8/2 4340/8/2 4341/8/2
f 4341/8/2 4340/8/2 4342/8/2
f 4341/9/2 4342/9/2 4343/9/2
f 4343/9/2 4342/9/2 4344/9/2
f 4345/6/2 4346/6/2 4349/6/2
f 4349/6/2 4346/6/2 4350/6/2
f 4347/2/2 4348/2/2 4353/2/2
f 4353/2/2 4348/2/2 4354/2/2
f 4351/2/2 4352/2/2 4357/2/2
f 4357/2/2 4352/2/2 4358/2/2
f 4355/2/2 4356/2/2 4361/2/2
f 4361/2/2 4356/2/2 4362/2/2
f 4359/3/2 4360/3/2 4363/3/2
f 4363/3/2 4360/3/2 4364/3/2
f 4365/6/2 4366/6/2 4367/6/2
f 4367/6/2 4366/6/2 4368/6/2
f 4369/2/2 4370/2/2 4371/2/2
f 4371/2/2 4370/2/2 4372/2/2
f 4373/2/2 4374/2/2 4375/2/2
f 4375/2/2 4374/2/2 4376/2/2
f 4377/9/2 4378/9/2 4381/9/2
f 4381/9/2 4378/9/2 4382/9/2
f 4379/9/2 4380/9/2 4384/9/2
f 4384/9/2 4380/9/2 4385/9/2
f 4383/9/2 4384/9/2 4386/9/2
f 4386/9/2 4384/9/2 4387/9/2
f 4387/9/2 4388/9/2 4389/9/2
f 4389/9/2 4388/9/2 4390/9/2
f 4391/8/2 4392/8/2 4393/8/2
f 4393/8/2 4392/8/2 4394/8/2
f 4393/9/2 4394/9/2 4395/9/2
f 4395/9/2 4394/9/2 4396/9/2
f 4397/2/2 4398/2/2 4403/2/2
f 4403/2/2 4398/2/2 4404/2/2
f 4399/6/2 4400/6/2 4405/6/2
f 4405/6/2 4400/6/2 4406/6/2
f 4401/2/2 4402/2/2 4410/2/2
f 4410/2/2 4402/2/2 4411/2/2
f 4407/2/2 4408/2/2 4412/2/2
f 4412/2/2 4408/2/2 4413/2/2
f 4409/3/2 4410/3/2 4414/3/2
f 4414/3/2 4410/3/2 4415/3/2
f 4416/7/2 4417/7/2 4418/7/2
f 4418/7/2 4417/7/2 4419/7/2
f 4420/4/2 4421/4/2 4422/4/2
f 4420/4/2 4422/4/2 4423/4/2
f 4423/4/2 4422/4/2 4424/4/2
f 4425/2/2 4426/2/2 4427/2/2
f 4427/2/2 4426/2/2 4428/2/2
f 4429/9/2 4430/9/2 4433/9/2
f 4433/9/2 4430/9/2 4434/9/2
f 4431/9/2 4432/9/2 4436/9/2
f 4436/9/2 4432/9/2 4437/9/2
f 4435/9/2 4436/9/2 4438/9/2
f 4438/9/2 4436/9/2 4439/9/2
f 4439/9/2 4440/9/2 4441/9/2
f 4441/9/2 4440/9/2 4442/9/2
f 4443/8/2 4444/8/2 4445/8/2
f 4445/8/2 4444/8/2 4446/8/2
f 4445/9/2 4446/9/2 4449/9/2
f 4449/9/2 4446/9/2 4450/9/2
f 4447/2/2 4448/2/2 4451/2/2
f 4451/2/2 4448/2/2 4452/2/2
f 4453/6/2 4454/6/2 4455/6/2
f 4455/6/2 4454/6/2 4456/6/2
f 4457/3/2 4458/3/2 4459/3/2
f 4459/3/2 4458/3/2 4460/3/2
f 4461/6/2 4462/6/2 4463/6/2
f 4463/6/2 4462/6/2 4464/6/2
f 4465/4/2 4466/4/2 4467/4/2
f 4467/4/2 4466/4/2 4468/4/2
f 4469/6/2 4470/6/2 4472/6/2
f 4470/7/2 4471/7/2 4473/7/2
f 4472/6/2 4470/6/2 4473/6/2
f 4473/7/2 4471/7/2 4474/7/2
f 4475/2/2 4476/2/2 4477/2/2
f 4477/2/2 4476/2/2 4478/2/2
f 4479/9/2 4480/9/2 4483/9/2
f 4483/9/2 4480/9/2 4484/9/2
f 4481/9/2 4482/9/2 4486/9/2
f 4486/9/2 4482/9/2 4487/9/2
f 4485/9/2 4486/9/2 4488/9/2
f 4488/9/2 4486/9/2 4489/9/2
f 4489/9/2 4490/9/2 4491/9/2
f 4491/9/2 4490/9/2 4492/9/2
f 4493/8/2 4494/8/2 4495/8/2
f 4495/8/2 4494/8/2 4496/8/2
f 4495/9/2 4496/9/2 4503/9/2
f 4503/9/2 4496/9/2 4504/9/2
f 4497/2/2 4498/2/2 4505/2/2
f 4505/2/2 4498/2/2 4506/2/2
f 4499/2/2 4500/2/2 4508/2/2
f 4508/2/2 4500/2/2 4509/2/2
f 4501/2/2 4502/2/2 4511/2/2
f 4511/2/2 4502/2/2 4512/2/2
f 4507/2/2 4508/2/2 4514/2/2
f 4509/2/2 4510/2/2 4515/2/2
f 4513/2/2 4514/2/2 4518/2/2
f 4514/2/2 4508/2/2 4519/2/2
f 4518/2/2 4514/2/2 4519/2/2
f 4519/2/2 4508/2/2 4520/2/2
f 4515/2/2 4516/2/2 4521/2/2
f 4509/2/2 4515/2/2 4521/2/2
f 4521/2/2 4516/2/2 4522/2/2
f 4522/2/2 4516/2/2 4523/2/2
f 4517/2/2 4518/2/2 4527/2/2
f 4518/2/2 4519/2/2 4527/2/2
f 4527/2/2 4519/2/2 4528/2/2
f 4523/2/2 4524/2/2 4529/2/2
f 4522/2/2 4523/2/2 4529/2/2
f 4529/2/2 4524/2/2 4530/2/2
f 4525/6/2 4526/6/2 4531/6/2
f 4531/6/2 4526/6/2 4532/6/2
f 4533/4/2 4534/4/2 4535/4/2
f 4535/4/2 4534/4/2 4536/4/2
f 4537/7/2 4538/7/2 4541/7/2
f 4541/7/2 4538/7/2 4542/7/2
f 4539/3/2 4540/3/2 4544/3/2
f 4544/3/2 4540/3/2 4545/3/2
f 4543/2/2 4544/2/2 4546/2/2
f 4544/2/2 4545/2/2 4546/2/2
f 4546/2/2 4545/2/2 4547/2/2
f 4548/9/2 4549/9/2 4552/9/2
f 4552/9/2 4549/9/2 4553/9/2
f 4550/9/2 4551/9/2 4555/9/2
f 4555/9/2 4551/9/2 4556/9/2
f 4554/9/2 4555/9/2 4557/9/2
f 4557/9/2 4555/9/2 4558/9/2
f 4558/9/2 4559/9/2 4560/9/2
f 4560/9/2 4559/9/2 4561/9/2
f 4562/8/2 4563/8/2 4564/8/2
f 4564/8/2 4563/8/2 4565/8/2
f 4564/9/2 4565/9/2 4566/9/2
f 4566/9/2 4565/9/2 4567/9/2
f 4568/2/2 4569/2/2 4570/2/2
f 4570/2/2 4569/2/2 4571/2/2
f 4572/6/2 4573/6/2 4574/6/2
f 4574/6/2 4573/6/2 4575/6/2
f 4576/4/2 4577/4/2 4578/4/2
f 4578/4/2 4577/4/2 4579/4/2
f 4580/7/2 4581/7/2 4582/7/2
f 4582/7/2 4581/7/2 4583/7/2
f 4584/9/2 4585/9/2 4588/9/2
f 4588/9/2 4585/9/2 4589/9/2
f 4586/9/2 4587/9/2 4591/9/2
f 4591/9/2 4587/9/2 4592/9/2
f 4590/9/2 4591/9/2 4593/9/2
f 4593/9/2 4591/9/2 4594/9/2
f 4594/9/2 4595/9/2 4596/9/2
f 4596/9/2 4595/9/2 4597/9/2
f 4598/8/2 4599/8/2 4600/8/2
f 4600/8/2 4599/8/2 4601/8/2
f 4600/9/2 4601/9/2 4602/9/2
f 4602/9/2 4601/9/2 4603/9/2
f 4604/2/2 4605/2/2 4606/2/2
f 4606/2/2 4605/2/2 4607/2/2
f 4608/4/2 4609/4/2 4615/4/2
f 4609/4/2 4610/4/2 4615/4/2
f 4615/4/2 4610/4/2 4616/4/2
f 4616/4/2 4610/4/2 4617/4/2
f 4611/7/2 4612/7/2 4618/7/2
f 4618/7/2 4612/7/2 4619/7/2
f 4613/7/2 4614/7/2 4620/7/2
f 4620/7/2 4614/7/2 4621/7/2
f 4616/4/2 4617/4/2 4622/4/2
f 4622/4/2 4617/4/2 4623/4/2
f 4624/9/2 4625/9/2 4628/9/2
f 4628/9/2 4625/9/2 4629/9/2
f 4626/9/2 4627/9/2 4631/9/2
f 4631/9/2 4627/9/2 4632/9/2
f 4630/9/2 4631/9/2 4633/9/2
f 4633/9/2 4631/9/2 4634/9/2
f 4634/9/2 4635/9/2 4636/9/2
f 4636/9/2 4635/9/2 4637/9/2
f 4638/8/2 4639/8/2 4640/8/2
f 4640/8/2 4639/8/2 4641/8/2
f 4640/9/2 4641/9/2 4650/9/2
f 4650/9/2 4641/9/2 4651/9/2
f 4642/6/2 4643/6/2 4652/6/2
f 4652/6/2 4643/6/2 4653/6/2
f 4644/6/2 4645/6/2 4655/6/2
f 4655/6/2 4645/6/2 4656/6/2
f 4646/2/2 4647/2/2 4658/2/2
f 4658/2/2 4647/2/2 4659/2/2
f 4654/6/2 4655/6/2 4661/6/2
f 4656/6/2 4657/6/2 4662/6/2
f 4660/6/2 4661/6/2 4667/6/2
f 4661/6/2 4655/6/2 4668/6/2
f 4667/6/2 4661/6/2 4668/6/2
f 4668/6/2 4655/6/2 4669/6/2
f 4656/6/2 4662/6/2 4670/6/2
f 4662/6/2 4663/6/2 4670/6/2
f 4670/6/2 4663/6/2 4671/6/2
f 4671/6/2 4663/6/2 4672/6/2
f 4648/4/2 4649/4/2 4675/4/2
f 4675/4/2 4649/4/2 4676/4/2
f 4664/2/2 4665/2/2 4678/2/2
f 4678/2/2 4665/2/2 4679/2/2
f 4666/6/2 4667/6/2 4682/6/2
f 4667/6/2 4668/6/2 4682/6/2
f 4682/6/2 4668/6/2 4683/6/2
f 4683/6/2 4668/6/2 4684/6/2
f 4671/6/2 4672/6/2 4685/6/2
f 4672/6/2 4673/6/2 4685/6/2
f 4685/6/2 4673/6/2 4686/6/2
f 4686/6/2 4673/6/2 4687/6/2
f 4674/4/2 4675/4/2 4691/4/2
f 4691/4/2 4675/4/2 4692/4/2
f 4692/4/2 4675/4/2 4693/4/2
f 4676/4/2 4677/4/2 4694/4/2
f 4694/4/2 4677/4/2 4695/4/2
f 4680/7/2 4681/7/2 4696/7/2
f 4682/6/2 4683/6/2 4697/6/2
f 4696/7/2 4681/7/2 4697/7/2
f 4681/6/2 4682/6/2 4697/6/2
f 4697/6/2 4683/6/2 4698/6/2
f 4686/6/2 4687/6/2 4699/6/2
f 4687/6/2 4688/6/2 4699/6/2
f 4699/6/2 4688/6/2 4700/6/2
f 4688/7/2 4689/7/2 4701/7/2
f 4700/6/2 4688/6/2 4701/6/2
f 4701/7/2 4689/7/2 4702/7/2
f 4691/4/2 4692/4/2 4703/4/2
f 4690/4/2 4691/4/2 4703/4/2
f 4703/4/2 4692/4/2 4704/4/2
f 4704/4/2 4692/4/2 4705/4/2
f 4693/4/2 4694/4/2 4706/4/2
f 4706/4/2 4694/4/2 4707/4/2
f 4700/7/2 4701/7/2 4710/7/2
f 4710/7/2 4701/7/2 4711/7/2
f 4703/4/2 4704/4/2 4712/4/2
f 4712/4/2 4704/4/2 4713/4/2
f 4708/4/2 4709/4/2 4714/4/2
f 4714/4/2 4709/4/2 4715/4/2
f 4715/4/2 4709/4/2 4716/4/2
f 4715/4/2 4716/4/2 4717/4/2
f 4717/4/2 4716/4/2 4718/4/2
f 4719/9/2 4720/9/2 4723/9/2
f 4723/9/2 4720/9/2 4724/9/2
f 4721/9/2 4722/9/2 4726/9/2
f 4726/9/2 4722/9/2 4727/9/2
f 4725/9/2 4726/9/2 4728/9/2
f 4728/9/2 4726/9/2 4729/9/2
f 4729/9/2 4730/9/2 4731/9/2
f 4731/9/2 4730/9/2 4732/9/2
f 4733/8/2 4734/8/2 4735/8/2
f 4735/8/2 4734/8/2 4736/8/2
f 4735/9/2 4736/9/2 4741/9/2
f 4741/9/2 4736/9/2 4742/9/2
f 4737/6/2 4738/6/2 4743/6/2
f 4743/6/2 4738/6/2 4744/6/2
f 4739/2/2 4740/2/2 4745/2/2
f 4745/2/2 4740/2/2 4746/2/2
f 4747/6/2 4748/6/2 4749/6/2
f 4749/6/2 4748/6/2 4750/6/2
f 4751/4/2 4752/4/2 4755/4/2
f 4753/4/2 4754/4/2 4756/4/2
f 4756/4/2 4754/4/2 4757/4/2
f 4755/4/2 4752/4/2 4760/4/2
f 4760/4/2 4752/4/2 4761/4/2
f 4758/4/2 4759/4/2 4762/4/2
f 4762/4/2 4759/4/2 4763/4/2
f 4764/9/2 4765/9/2 4768/9/2
f 4768/9/2 4765/9/2 4769/9/2
f 4766/9/2 4767/9/2 4771/9/2
f 4771/9/2 4767/9/2 4772/9/2
f 4770/9/2 4771/9/2 4773/9/2
f 4773/9/2 4771/9/2 4774/9/2
f 4774/9/2 4775/9/2 4776/9/2
f 4776/9/2 4775/9/2 4777/9/2
f 4778/8/2 4779/8/2 4780/8/2
f 4780/8/2 4779/8/2 4781/8/2
f 4780/9/2 4781/9/2 4782/9/2
f 4782/9/2 4781/9/2 4783/9/2
f 4784/6/2 4785/6/2 4786/6/2
f 4786/6/2 4785/6/2 4787/6/2
f 4788/4/2 4789/4/2 4792/4/2
f 4792/4/2 4789/4/2 4793/4/2
f 4790/4/2 4791/4/2 4794/4/2
f 4794/4/2 4791/4/2 4795/4/2
f 4796/9/2 4797/9/2 4800/9/2
f 4800/9/2 4797/9/2 4801/9/2
f 4798/9/2 4799/9/2 4803/9/2
f 4803/9/2 4799/9/2 4804/9/2
f 4802/9/2 4803/9/2 4805/9/2
f 4805/9/2 4803/9/2 4806/9/2
f 4806/9/2 4807/9/2 4808/9/2
f 4808/9/2 4807/9/2 4809/9/2
f 4810/8/2 4811/8/2 4812/8/2
f 4812/8/2 4811/8/2 4813/8/2
f 4812/9/2 4813/9/2 4814/9/2
f 4814/9/2 4813/9/2 4815/9/2
f 4816/6/2 4817/6/2 4820/6/2
f 4820/6/2 4817/6/2 4821/6/2
f 4818/4/2 4819/4/2 4822/4/2
f 4822/4/2 4819/4/2 4823/4/2
f 4824/4/2 4825/4/2 4826/4/2
f 4826/4/2 4825/4/2 4827/4/2
f 4827/4/2 4825/4/2 4828/4/2
f 4829/9/2 4830/9/2 4833/9/2
f 4833/9/2 4830/9/2 4834/9/2
f 4831/9/2 4832/9/2 4836/9/2
f 4836/9/2 4832/9/2 4837/9/2
f 4835/9/2 4836/9/2 4838/9/2
f 4838/9/2 4836/9/2 4839/9/2
f 4839/9/2 4840/9/2 4841/9/2
f 4841/9/2 4840/9/2 4842/9/2
f 4843/8/2 4844/8/2 4845/8/2
f 4845/8/2 4844/8/2 4846/8/2
f 4845/9/2 4846/9/2 4847/9/2
f 4847/9/2 4846/9/2 4848/9/2
f 4849/4/2 4850/4/2 4851/4/2
f 4851/4/2 4850/4/2 4852/4/2
f 4853/6/2 4854/6/2 4859/6/2
f 4859/6/2 4854/6/2 4860/6/2
f 4855/6/2 4856/6/2 4861/6/2
f 4861/6/2 4856/6/2 4862/6/2
f 4857/6/2 4858/6/2 4864/6/2
f 4864/6/2 4858/6/2 4865/6/2
f 4862/7/2 4863/7/2 4866/7/2
f 4861/7/2 4862/7/2 4866/7/2
f 4866/7/2 4863/7/2 4867/7/2
f 4868/4/2 4869/4/2 4871/4/2
f 4870/4/2 4871/4/2 4873/4/2
f 4871/4/2 4869/4/2 4874/4/2
f 4873/4/2 4871/4/2 4874/4/2
f 4874/4/2 4869/4/2 4875/4/2
f 4872/4/2 4873/4/2 4876/4/2
f 4873/4/2 4874/4/2 4876/4/2
f 4876/4/2 4874/4/2 4877/4/2
f 4878/9/2 4879/9/2 4882/9/2
f 4882/9/2 4879/9/2 4883/9/2
f 4880/9/2 4881/9/2 4885/9/2
f 4885/9/2 4881/9/2 4886/9/2
f 4884/9/2 4885/9/2 4887/9/2
f 4887/9/2 4885/9/2 4888/9/2
f 4888/9/2 4889/9/2 4890/9/2
f 4890/9/2 4889/9/2 4891/9/2
f 4892/8/2 4893/8/2 4894/8/2
f 4894/8/2 4893/8/2 4895/8/2
f 4894/9/2 4895/9/2 4896/9/2
f 4896/9/2 4895/9/2 4897/9/2
f 4898/6/2 4899/6/2 4902/6/2
f 4902/6/2 4899/6/2 4903/6/2
f 4900/6/2 4901/6/2 4906/6/2
f 4906/6/2 4901/6/2 4907/6/2
f 4904/7/2 4905/7/2 4908/7/2
f 4908/7/2 4905/7/2 4909/7/2
f 4910/7/2 4911/7/2 4912/7/2
f 4912/7/2 4911/7/2 4913/7/2
f 4914/7/2 4915/7/2 4916/7/2
f 4916/7/2 4915/7/2 4917/7/2
f 4918/7/2 4919/7/2 4920/7/2
f 4920/7/2 4919/7/2 4921/7/2
f 4922/7/2 4923/7/2 4924/7/2
f 4924/7/2 4923/7/2 4925/7/2
f 4926/9/2 4927/9/2 4930/9/2
f 4930/9/2 4927/9/2 4931/9/2
f 4928/9/2 4929/9/2 4933/9/2
f 4933/9/2 4929/9/2 4934/9/2
f 4932/9/2 4933/9/2 4935/9/2
f 4935/9/2 4933/9/2 4936/9/2
f 4936/9/2 4937/9/2 4938/9/2
f 4938/9/2 4937/9/2 4939/9/2
f 4940/8/2 4941/8/2 4942/8/2
f 4942/8/2 4941/8/2 4943/8/2
f 4942/9/2 4943/9/2 4944/9/2
f 4944/9/2 4943/9/2 4945/9/2
f 4946/6/2 4947/6/2 4950/6/2
f 4950/6/2 4947/6/2 4951/6/2
f 4948/6/2 4949/6/2 4952/6/2
f 4952/6/2 4949/6/2 4953/6/2
f 4954/7/2 4955/7/2 4956/7/2
f 4956/7/2 4955/7/2 4957/7/2
f 4957/7/2 4955/7/2 4958/7/2
f 4959/7/2 4960/7/2 4961/7/2
f 4961/7/2 4960/7/2 4962/7/2
f 4962/7/2 4960/7/2 4963/7/2
f 4964/7/2 4965/7/2 4966/7/2
f 4966/7/2 4965/7/2 4967/7/2
f 4967/7/2 4965/7/2 4968/7/2
f 4969/7/2 4970/7/2 4971/7/2
f 4971/7/2 4970/7/2 4972/7/2
f 4972/7/2 4970/7/2 4973/7/2
f 4974/9/2 4975/9/2 4978/9/2
f 4978/9/2 4975/9/2 4979/9/2
f 4976/9/2 4977/9/2 4981/9/2
f 4981/9/2 4977/9/2 4982/9/2
f 4980/9/2 4981/9/2 4983/9/2
f 4983/9/2 4981/9/2 4984/9/2
f 4984/9/2 4985/9/2 4986/9/2
f 4986/9/2 4985/9/2 4987/9/2
f 4988/8/2 4989/8/2 4990/8/2
f 4990/8/2 4989/8/2 4991/8/2
f 4990/9/2 4991/9/2 4992/9/2
f 4992/9/2 4991/9/2 4993/9/2
f 4994/2/2 4995/2/2 4996/2/2
f 4996/2/2 4995/2/2 4997/2/2
f 4998/9/2 4999/9/2 5002/9/2
f 5002/9/2 4999/9/2 5003/9/2
f 5000/9/2 5001/9/2 5005/9/2
f 5005/9/2 5001/9/2 5006/9/2
f 5004/9/2 5005/9/2 5007/9/2
f 5007/9/2 5005/9/2 5008/9/2
f 5008/9/2 5009/9/2 5010/9/2
f 5010/9/2 5009/9/2 5011/9/2
f 5012/8/2 5013/8/2 5014/8/2
f 5014/8/2 5013/8/2 5015/8/2
f 5014/9/2 5015/9/2 5020/9/2
f 5020/9/2 5015/9/2 5021/9/2
f 5016/6/2 5017/6/2 5023/6/2
f 5023/6/2 5017/6/2 5024/6/2
f 5018/6/2 5019/6/2 5027/6/2
f 5027/6/2 5019/6/2 5028/6/2
f 5022/6/2 5023/6/2 5031/6/2
f 5024/6/2 5025/6/2 5032/6/2
f 5026/6/2 5027/6/2 5037/6/2
f 5028/6/2 5029/6/2 5038/6/2
f 5030/6/2 5031/6/2 5041/6/2
f 5031/6/2 5023/6/2 5042/6/2
f 5041/6/2 5031/6/2 5042/6/2
f 5042/6/2 5023/6/2 5043/6/2
f 5024/6/2 5032/6/2 5044/6/2
f 5032/6/2 5033/6/2 5044/6/2
f 5044/6/2 5033/6/2 5045/6/2
f 5045/6/2 5033/6/2 5046/6/2
f 5034/2/2 5035/2/2 5048/2/2
f 5048/2/2 5035/2/2 5049/2/2
f 5036/6/2 5037/6/2 5051/6/2
f 5037/6/2 5027/6/2 5052/6/2
f 5051/6/2 5037/6/2 5052/6/2
f 5052/6/2 5027/6/2 5053/6/2
f 5038/6/2 5039/6/2 5054/6/2
f 5028/6/2 5038/6/2 5054/6/2
f 5054/6/2 5039/6/2 5055/6/2
f 5055/6/2 5039/6/2 5056/6/2
f 5040/6/2 5041/6/2 5059/6/2
f 5041/6/2 5042/6/2 5059/6/2
f 5059/6/2 5042/6/2 5060/6/2
f 5060/6/2 5042/6/2 5061/6/2
f 5046/6/2 5047/6/2 5062/6/2
f 5045/6/2 5046/6/2 5062/6/2
f 5062/6/2 5047/6/2 5063/6/2
f 5063/6/2 5047/6/2 5064/6/2
f 5050/6/2 5051/6/2 5067/6/2
f 5051/6/2 5052/6/2 5067/6/2
f 5067/6/2 5052/6/2 5068/6/2
f 5068/6/2 5052/6/2 5069/6/2
f 5056/6/2 5057/6/2 5070/6/2
f 5055/6/2 5056/6/2 5070/6/2
f 5070/6/2 5057/6/2 5071/6/2
f 5071/6/2 5057/6/2 5072/6/2
f 5059/6/2 5060/6/2 5074/6/2
f 5058/6/2 5059/6/2 5074/6/2
f 5074/6/2 5060/6/2 5075/6/2
f 5064/6/2 5065/6/2 5076/6/2
f 5063/6/2 5064/6/2 5076/6/2
f 5076/6/2 5065/6/2 5077/6/2
f 5067/6/2 5068/6/2 5078/6/2
f 5066/6/2 5067/6/2 5078/6/2
f 5078/6/2 5068/6/2 5079/6/2
f 5072/6/2 5073/6/2 5080/6/2
f 5071/6/2 5072/6/2 5080/6/2
f 5080/6/2 5073/6/2 5081/6/2
f 5082/6/2 5083/6/2 5084/6/2
f 5084/6/2 5083/6/2 5085/6/2
f 5086/6/2 5087/6/2 5088/6/2
f 5088/6/2 5087/6/2 5089/6/2
f 5090/6/2 5091/6/2 5092/6/2
f 5092/6/2 5091/6/2 5093/6/2
f 5094/6/2 5095/6/2 5096/6/2
f 5096/6/2 5095/6/2 5097/6/2
f 5098/9/2 5099/9/2 5102/9/2
f 5102/9/2 5099/9/2 5103/9/2
f 5100/9/2 5101/9/2 5105/9/2
f 5105/9/2 5101/9/2 5106/9/2
f 5104/9/2 5105/9/2 5107/9/2
f 5107/9/2 5105/9/2 5108/9/2
f 5108/9/2 5109/9/2 5110/9/2
f 5110/9/2 5109/9/2 5111/9/2
f 5112/8/2 5113/8/2 5114/8/2
f 5114/8/2 5113/8/2 5115/8/2
f 5114/9/2 5115/9/2 5116/9/2
f 5116/9/2 5115/9/2 5117/9/2
f 5118/6/2 5119/6/2 5122/6/2
f 5122/6/2 5119/6/2 5123/6/2
f 5120/6/2 5121/6/2 5124/6/2
f 5124/6/2 5121/6/2 5125/6/2
f 5126/6/2 5127/6/2 5128/6/2
f 5128/6/2 5127/6/2 5129/6/2
f 5130/6/2 5131/6/2 5132/6/2
f 5132/6/2 5131/6/2 5133/6/2
f 5134/6/2 5135/6/2 5136/6/2
f 5136/6/2 5135/6/2 5137/6/2
f 5138/6/2 5139/6/2 5140/6/2
f 5140/6/2 5139/6/2 5141/6/2
f 5142/9/2 5143/9/2 5146/9/2
f 5146/9/2 5143/9/2 5147/9/2
f 5144/9/2 5145/9/2 5149/9/2
f 5149/9/2 5145/9/2 5150/9/2
f 5148/9/2 5149/9/2 5151/9/2
f 5151/9/2 5149/9/2 5152/9/2
f 5152/9/2 5153/9/2 5154/9/2
f 5154/9/2 5153/9/2 5155/9/2
f 5156/8/2 5157/8/2 5158/8/2
f 5158/8/2 5157/8/2 5159/8/2
f 5158/9/2 5159/9/2 5162/9/2
f 5162/9/2 5159/9/2 5163/9/2
f 5160/2/2 5161/2/2 5165/2/2
f 5165/2/2 5161/2/2 5166/2/2
f 5164/2/2 5165/2/2 5171/2/2
f 5166/2/2 5167/2/2 5172/2/2
f 5168/6/2 5169/6/2 5176/6/2
f 5176/6/2 5169/6/2 5177/6/2
f 5170/2/2 5171/2/2 5179/2/2
f 5171/2/2 5165/2/2 5180/2/2
f 5179/2/2 5171/2/2 5180/2/2
f 5180/2/2 5165/2/2 5181/2/2
f 5166/2/2 5172/2/2 5182/2/2
f 5172/2/2 5173/2/2 5182/2/2
f 5182/2/2 5173/2/2 5183/2/2
f 5183/2/2 5173/2/2 5184/2/2
f 5174/6/2 5175/6/2 5186/6/2
f 5186/6/2 5175/6/2 5187/6/2
f 5178/2/2 5179/2/2 5188/2/2
f 5179/2/2 5180/2/2 5188/2/2
f 5188/2/2 5180/2/2 5189/2/2
f 5184/2/2 5185/2/2 5190/2/2
f 5183/2/2 5184/2/2 5190/2/2
f 5190/2/2 5185/2/2 5191/2/2
f 5192/6/2 5193/6/2 5194/6/2
f 5194/6/2 5193/6/2 5195/6/2
f 5196/6/2 5197/6/2 5198/6/2
f 5198/6/2 5197/6/2 5199/6/2
f 5200/6/2 5201/6/2 5202/6/2
f 5202/6/2 5201/6/2 5203/6/2
f 5204/6/2 5205/6/2 5206/6/2
f 5206/6/2 5205/6/2 5207/6/2
f 5208/9/2 5209/9/2 5212/9/2
f 5212/9/2 5209/9/2 5213/9/2
f 5210/9/2 5211/9/2 5215/9/2
f 5215/9/2 5211/9/2 5216/9/2
f 5214/9/2 5215/9/2 5217/9/2
f 5217/9/2 5215/9/2 5218/9/2
f 5218/9/2 5219/9/2 5220/9/2
f 5220/9/2 5219/9/2 5221/9/2
f 5222/8/2 5223/8/2 5224/8/2
f 5224/8/2 5223/8/2 5225/8/2
f 5224/9/2 5225/9/2 5226/9/2
f 5226/9/2 5225/9/2 5227/9/2
f 5228/2/2 5229/2/2 5230/2/2
f 5230/2/2 5229/2/2 5231/2/2
f 5232/6/2 5233/6/2 5236/6/2
f 5236/6/2 5233/6/2 5237/6/2
f 5234/6/2 5235/6/2 5238/6/2
f 5238/6/2 5235/6/2 5239/6/2
f 5240/6/2 5241/6/2 5242/6/2
f 5242/6/2 5241/6/2 5243/6/2
f 5244/6/2 5245/6/2 5246/6/2
f 5246/6/2 5245/6/2 5247/6/2
f 5248/6/2 5249/6/2 5250/6/2
f 5250/6/2 5249/6/2 5251/6/2
f 5252/6/2 5253/6/2 5254/6/2
f 5254/6/2 5253/6/2 5255/6/2
f 5256/9/2 5257/9/2 5260/9/2
f 5260/9/2 5257/9/2 5261/9/2
f 5258/9/2 5259/9/2 5263/9/2
f 5263/9/2 5259/9/2 5264/9/2
f 5262/9/2 5263/9/2 5265/9/2
f 5265/9/2 5263/9/2 5266/9/2
f 5266/9/2 5267/9/2 5268/9/2
f 5268/9/2 5267/9/2 5269/9/2
f 5270/8/2 5271/8/2 5272/8/2
f 5272/8/2 5271/8/2 5273/8/2
f 5272/9/2 5273/9/2 5274/9/2
f 5274/9/2 5273/9/2 5275/9/2
f 5276/2/2 5277/2/2 5278/2/2
f 5278/2/2 5277/2/2 5279/2/2
f 5280/6/2 5281/6/2 5290/6/2
f 5290/6/2 5281/6/2 5291/6/2
f 5282/6/2 5283/6/2 5292/6/2
f 5292/6/2 5283/6/2 5293/6/2
f 5284/6/2 5285/6/2 5294/6/2
f 5294/6/2 5285/6/2 5295/6/2
f 5286/6/2 5287/6/2 5296/6/2
f 5296/6/2 5287/6/2 5297/6/2
f 5288/6/2 5289/6/2 5298/6/2
f 5298/6/2 5289/6/2 5299/6/2
f 5300/6/2 5301/6/2 5306/6/2
f 5306/6/2 5301/6/2 5307/6/2
f 5302/6/2 5303/6/2 5308/6/2
f 5308/6/2 5303/6/2 5309/6/2
f 5304/6/2 5305/6/2 5310/6/2
f 5310/6/2 5305/6/2 5311/6/2
f 5312/6/2 5313/6/2 5318/6/2
f 5318/6/2 5313/6/2 5319/6/2
f 5314/6/2 5315/6/2 5320/6/2
f 5320/6/2 5315/6/2 5321/6/2
f 5316/6/2 5317/6/2 5322/6/2
f 5322/6/2 5317/6/2 5323/6/2
f 5324/6/2 5325/6/2 5330/6/2
f 5330/6/2 5325/6/2 5331/6/2
f 5326/6/2 5327/6/2 5332/6/2
f 5332/6/2 5327/6/2 5333/6/2
f 5328/6/2 5329/6/2 5334/6/2
f 5334/6/2 5329/6/2 5335/6/2
f 5336/9/2 5337/9/2 5340/9/2
f 5340/9/2 5337/9/2 5341/9/2
f 5338/9/2 5339/9/2 5343/9/2
f 5343/9/2 5339/9/2 5344/9/2
f 5342/9/2 5343/9/2 5345/9/2
f 5345/9/2 5343/9/2 5346/9/2
f 5346/9/2 5347/9/2 5348/9/2
f 5348/9/2 5347/9/2 5349/9/2
f 5350/8/2 5351/8/2 5352/8/2
f 5352/8/2 5351/8/2 5353/8/2
f 5352/9/2 5353/9/2 5354/9/2
f 5354/9/2 5353/9/2 5355/9/2
f 5356/2/2 5357/2/2 5360/2/2
f 5360/2/2 5357/2/2 5361/2/2
f 5358/6/2 5359/6/2 5362/6/2
f 5362/6/2 5359/6/2 5363/6/2
f 5364/6/2 5365/6/2 5368/6/2
f 5368/6/2 5365/6/2 5369/6/2
f 5366/6/2 5367/6/2 5370/6/2
f 5370/6/2 5367/6/2 5371/6/2
f 5372/6/2 5373/6/2 5374/6/2
f 5374/6/2 5373/6/2 5375/6/2
f 5376/6/2 5377/6/2 5380/6/2
f 5380/6/2 5377/6/2 5381/6/2
f 5378/6/2 5379/6/2 5382/6/2
f 5382/6/2 5379/6/2 5383/6/2
f 5384/6/2 5385/6/2 5386/6/2
f 5386/6/2 5385/6/2 5387/6/2
f 5388/6/2 5389/6/2 5392/6/2
f 5392/6/2 5389/6/2 5393/6/2
f 5390/6/2 5391/6/2 5394/6/2
f 5394/6/2 5391/6/2 5395/6/2
f 5396/6/2 5397/6/2 5398/6/2
f 5398/6/2 5397/6/2 5399/6/2
f 5400/6/2 5401/6/2 5404/6/2
f 5404/6/2 5401/6/2 5405/6/2
f 5402/6/2 5403/6/2 5406/6/2
f 5406/6/2 5403/6/2 5407/6/2
f 5408/9/2 5409/9/2 5412/9/2
f 5412/9/2 5409/9/2 5413/9/2
f 5410/9/2 5411/9/2 5415/9/2
f 5415/9/2 5411/9/2 5416/9/2
f 5414/9/2 5415/9/2 5417/9/2
f 5417/9/2 5415/9/2 5418/9/2
f 5418/9/2 5419/9/2 5420/9/2
f 5420/9/2 5419/9/2 5421/9/2
f 5422/8/2 5423/8/2 5424/8/2
f 5424/8/2 5423/8/2 5425/8/2
f 5424/9/2 5425/9/2 5426/9/2
f 5426/9/2 5425/9/2 5427/9/2
f 5428/6/2 5429/6/2 5432/6/2
f 5432/6/2 5429/6/2 5433/6/2
f 5430/6/2 5431/6/2 5434/6/2
f 5434/6/2 5431/6/2 5435/6/2
f 5436/6/2 5437/6/2 5440/6/2
f 5440/6/2 5437/6/2 5441/6/2
f 5438/6/2 5439/6/2 5442/6/2
f 5442/6/2 5439/6/2 5443/6/2
f 5444/6/2 5445/6/2 5448/6/2
f 5448/6/2 5445/6/2 5449/6/2
f 5446/6/2 5447/6/2 5450/6/2
f 5450/6/2 5447/6/2 5451/6/2
f 5452/6/2 5453/6/2 5456/6/2
f 5456/6/2 5453/6/2 5457/6/2
f 5454/6/2 5455/6/2 5458/6/2
f 5458/6/2 5455/6/2 5459/6/2
f 5460/9/2 5461/9/2 5464/9/2
f 5464/9/2 5461/9/2 5465/9/2
f 5462/9/2 5463/9/2 5467/9/2
f 5467/9/2 5463/9/2 5468/9/2
f 5466/9/2 5467/9/2 5469/9/2
f 5469/9/2 5467/9/2 5470/9/2
f 5470/9/2 5471/9/2 5472/9/2
f 5472/9/2 5471/9/2 5473/9/2
f 5474/8/2 5475/8/2 5476/8/2
f 5476/8/2 5475/8/2 5477/8/2
f 5476/9/2 5477/9/2 5478/9/2
f 5478/9/2 5477/9/2 5479/9/2
f 5480/9/2 5481/9/2 5484/9/2
f 5484/9/2 5481/9/2 5485/9/2
f 5482/9/2 5483/9/2 5487/9/2
f 5487/9/2 5483/9/2 5488/9/2
f 5486/9/2 5487/9/2 5489/9/2
f 5489/9/2 5487/9/2 5490/9/2
f 5490/9/2 5491/9/2 5492/9/2
f 5492/9/2 5491/9/2 5493/9/2
f 5494/8/2 5495/8/2 5496/8/2
f 5496/8/2 5495/8/2 5497/8/2
f 5496/9/2 5497/9/2 5502/9/2
f 5502/9/2 5497/9/2 5503/9/2
f 5498/2/2 5499/2/2 5504/2/2
f 5504/2/2 5499/2/2 5505/2/2
f 5500/6/2 5501/6/2 5507/6/2
f 5507/6/2 5501/6/2 5508/6/2
f 5506/6/2 5507/6/2 5511/6/2
f 5508/6/2 5509/6/2 5512/6/2
f 5510/6/2 5511/6/2 5515/6/2
f 5511/6/2 5507/6/2 5516/6/2
f 5515/6/2 5511/6/2 5516/6/2
f 5516/6/2 5507/6/2 5517/6/2
f 5512/6/2 5513/6/2 5518/6/2
f 5508/6/2 5512/6/2 5518/6/2
f 5518/6/2 5513/6/2 5519/6/2
f 5519/6/2 5513/6/2 5520/6/2
f 5514/6/2 5515/6/2 5523/6/2
f 5515/6/2 5516/6/2 5523/6/2
f 5523/6/2 5516/6/2 5524/6/2
f 5524/6/2 5516/6/2 5525/6/2
f 5517/6/2 5518/6/2 5526/6/2
f 5526/6/2 5518/6/2 5527/6/2
f 5520/6/2 5521/6/2 5528/6/2
f 5519/6/2 5520/6/2 5528/6/2
f 5528/6/2 5521/6/2 5529/6/2
f 5529/6/2 5521/6/2 5530/6/2
f 5522/6/2 5523/6/2 5535/6/2
f 5523/6/2 5524/6/2 5535/6/2
f 5535/6/2 5524/6/2 5536/6/2
f 5536/6/2 5524/6/2 5537/6/2
f 5526/6/2 5527/6/2 5538/6/2
f 5538/6/2 5527/6/2 5539/6/2
f 5530/6/2 5531/6/2 5540/6/2
f 5529/6/2 5530/6/2 5540/6/2
f 5540/6/2 5531/6/2 5541/6/2
f 5541/6/2 5531/6/2 5542/6/2
f 5532/7/2 5533/7/2 5547/7/2
f 5547/7/2 5533/7/2 5548/7/2
f 5548/7/2 5533/7/2 5549/7/2
f 5534/6/2 5535/6/2 5552/6/2
f 5535/6/2 5536/6/2 5552/6/2
f 5552/6/2 5536/6/2 5553/6/2
f 5553/6/2 5536/6/2 5554/6/2
f 5542/6/2 5543/6/2 5555/6/2
f 5541/6/2 5542/6/2 5555/6/2
f 5555/6/2 5543/6/2 5556/6/2
f 5556/6/2 5543/6/2 5557/6/2
f 5544/7/2 5545/7/2 5560/7/2
f 5545/1/2 5546/1/2 5561/1/2
f 5560/7/2 5545/7/2 5561/7/2
f 5561/1/2 5546/1/2 5562/1/2
f 5548/1/2 5549/1/2 5563/1/2
f 5549/7/2 5550/7/2 5564/7/2
f 5563/1/2 5549/1/2 5564/1/2
f 5564/7/2 5550/7/2 5565/7/2
f 5552/6/2 5553/6/2 5566/6/2
f 5551/6/2 5552/6/2 5566/6/2
f 5566/6/2 5553/6/2 5567/6/2
f 5567/6/2 5553/6/2 5568/6/2
f 5557/6/2 5558/6/2 5569/6/2
f 5556/6/2 5557/6/2 5569/6/2
f 5569/6/2 5558/6/2 5570/6/2
f 5570/6/2 5558/6/2 5571/6/2
f 5559/7/2 5560/7/2 5573/7/2
f 5560/1/2 5561/1/2 5574/1/2
f 5573/7/2 5560/7/2 5574/7/2
f 5574/1/2 5561/1/2 5575/1/2
f 5564/7/2 5565/7/2 5576/7/2
f 5566/6/2 5567/6/2 5577/6/2
f 5576/7/2 5565/7/2 5577/7/2
f 5565/6/2 5566/6/2 5577/6/2
f 5577/6/2 5567/6/2 5578/6/2
f 5578/6/2 5567/6/2 5579/6/2
f 5571/6/2 5572/6/2 5580/6/2
f 5570/6/2 5571/6/2 5580/6/2
f 5580/6/2 5572/6/2 5581/6/2
f 5572/7/2 5573/7/2 5582/7/2
f 5581/6/2 5572/6/2 5582/6/2
f 5573/1/2 5574/1/2 5583/1/2
f 5582/7/2 5573/7/2 5583/7/2
f 5583/1/2 5574/1/2 5584/1/2
f 5577/6/2 5578/6/2 5585/6/2
f 5585/6/2 5578/6/2 5586/6/2
f 5538/6/2 5539/6/2 5588/6/2
f 5588/6/2 5539/6/2 5589/6/2
f 5581/6/2 5582/6/2 5591/6/2
f 5582/1/2 5583/1/2 5592/1/2
f 5591/6/2 5582/6/2 5592/6/2
f 5592/1/2 5583/1/2 5593/1/2
f 5587/6/2 5588/6/2 5595/6/2
f 5589/6/2 5590/6/2 5596/6/2
f 5594/6/2 5595/6/2 5599/6/2
f 5595/6/2 5588/6/2 5600/6/2
f 5599/6/2 5595/6/2 5600/6/2
f 5600/6/2 5588/6/2 5601/6/2
f 5596/6/2 5597/6/2 5602/6/2
f 5589/6/2 5596/6/2 5602/6/2
f 5602/6/2 5597/6/2 5603/6/2
f 5603/6/2 5597/6/2 5604/6/2
f 5598/6/2 5599/6/2 5607/6/2
f 5599/6/2 5600/6/2 5607/6/2
f 5607/6/2 5600/6/2 5608/6/2
f 5608/6/2 5600/6/2 5609/6/2
f 5601/6/2 5602/6/2 5610/6/2
f 5610/6/2 5602/6/2 5611/6/2
f 5604/6/2 5605/6/2 5612/6/2
f 5603/6/2 5604/6/2 5612/6/2
f 5612/6/2 5605/6/2 5613/6/2
f 5613/6/2 5605/6/2 5614/6/2
f 5606/6/2 5607/6/2 5620/6/2
f 5607/6/2 5608/6/2 5620/6/2
f 5620/6/2 5608/6/2 5621/6/2
f 5621/6/2 5608/6/2 5622/6/2
f 5610/6/2 5611/6/2 5623/6/2
f 5623/6/2 5611/6/2 5624/6/2
f 5614/6/2 5615/6/2 5625/6/2
f 5613/6/2 5614/6/2 5625/6/2
f 5625/6/2 5615/6/2 5626/6/2
f 5626/6/2 5615/6/2 5627/6/2
f 5616/1/2 5617/1/2 5631/1/2
f 5617/7/2 5618/7/2 5632/7/2
f 5631/1/2 5617/1/2 5632/1/2
f 5632/7/2 5618/7/2 5633/7/2
f 5620/6/2 5621/6/2 5636/6/2
f 5619/6/2 5620/6/2 5636/6/2
f 5636/6/2 5621/6/2 5637/6/2
f 5637/6/2 5621/6/2 5638/6/2
f 5626/6/2 5627/6/2 5639/6/2
f 5627/6/2 5628/6/2 5639/6/2
f 5639/6/2 5628/6/2 5640/6/2
f 5640/6/2 5628/6/2 5641/6/2
f 5629/7/2 5630/7/2 5644/7/2
f 5644/7/2 5630/7/2 5645/7/2
f 5645/7/2 5630/7/2 5646/7/2
f 5632/7/2 5633/7/2 5647/7/2
f 5633/1/2 5634/1/2 5648/1/2
f 5647/7/2 5633/7/2 5648/7/2
f 5648/1/2 5634/1/2 5649/1/2
f 5636/6/2 5637/6/2 5650/6/2
f 5635/6/2 5636/6/2 5650/6/2
f 5650/6/2 5637/6/2 5651/6/2
f 5651/6/2 5637/6/2 5652/6/2
f 5641/6/2 5642/6/2 5653/6/2
f 5640/6/2 5641/6/2 5653/6/2
f 5653/6/2 5642/6/2 5654/6/2
f 5654/6/2 5642/6/2 5655/6/2
f 5643/7/2 5644/7/2 5657/7/2
f 5644/1/2 5645/1/2 5658/1/2
f 5657/7/2 5644/7/2 5658/7/2
f 5658/1/2 5645/1/2 5659/1/2
f 5648/1/2 5649/1/2 5660/1/2
f 5650/6/2 5651/6/2 5661/6/2
f 5660/1/2 5649/1/2 5661/1/2
f 5649/6/2 5650/6/2 5661/6/2
f 5661/6/2 5651/6/2 5662/6/2
f 5662/6/2 5651/6/2 5663/6/2
f 5655/6/2 5656/6/2 5664/6/2
f 5654/6/2 5655/6/2 5664/6/2
f 5664/6/2 5656/6/2 5665/6/2
f 5656/7/2 5657/7/2 5666/7/2
f 5665/6/2 5656/6/2 5666/6/2
f 5657/1/2 5658/1/2 5667/1/2
f 5666/7/2 5657/7/2 5667/7/2
f 5667/1/2 5658/1/2 5668/1/2
f 5661/6/2 5662/6/2 5669/6/2
f 5669/6/2 5662/6/2 5670/6/2
f 5665/6/2 5666/6/2 5671/6/2
f 5666/1/2 5667/1/2 5672/1/2
f 5671/6/2 5666/6/2 5672/6/2
f 5672/1/2 5667/1/2 5673/1/2
f 5623/6/2 5624/6/2 5675/6/2
f 5675/6/2 5624/6/2 5676/6/2
f 5674/6/2 5675/6/2 5679/6/2
f 5676/6/2 5677/6/2 5680/6/2
f 5678/6/2 5679/6/2 5683/6/2
f 5679/6/2 5675/6/2 5684/6/2
f 5683/6/2 5679/6/2 5684/6/2
f 5684/6/2 5675/6/2 5685/6/2
f 5680/6/2 5681/6/2 5686/6/2
f 5676/6/2 5680/6/2 5686/6/2
f 5686/6/2 5681/6/2 5687/6/2
f 5687/6/2 5681/6/2 5688/6/2
f 5682/6/2 5683/6/2 5691/6/2
f 5683/6/2 5684/6/2 5691/6/2
f 5691/6/2 5684/6/2 5692/6/2
f 5692/6/2 5684/6/2 5693/6/2
f 5685/6/2 5686/6/2 5694/6/2
f 5694/6/2 5686/6/2 5695/6/2
f 5688/6/2 5689/6/2 5696/6/2
f 5687/6/2 5688/6/2 5696/6/2
f 5696/6/2 5689/6/2 5697/6/2
f 5697/6/2 5689/6/2 5698/6/2
f 5690/6/2 5691/6/2 5703/6/2
f 5691/6/2 5692/6/2 5703/6/2
f 5703/6/2 5692/6/2 5704/6/2
f 5704/6/2 5692/6/2 5705/6/2
f 5694/6/2 5695/6/2 5706/6/2
f 5706/6/2 5695/6/2 5707/6/2
f 5698/6/2 5699/6/2 5708/6/2
f 5697/6/2 5698/6/2 5708/6/2
f 5708/6/2 5699/6/2 5709/6/2
f 5709/6/2 5699/6/2 5710/6/2
f 5700/7/2 5701/7/2 5715/7/2
f 5715/7/2 5701/7/2 5716/7/2
f 5716/7/2 5701/7/2 5717/7/2
f 5702/6/2 5703/6/2 5720/6/2
f 5703/6/2 5704/6/2 5720/6/2
f 5720/6/2 5704/6/2 5721/6/2
f 5721/6/2 5704/6/2 5722/6/2
f 5710/6/2 5711/6/2 5723/6/2
f 5709/6/2 5710/6/2 5723/6/2
f 5723/6/2 5711/6/2 5724/6/2
f 5724/6/2 5711/6/2 5725/6/2
f 5712/7/2 5713/7/2 5728/7/2
f 5713/1/2 5714/1/2 5729/1/2
f 5728/7/2 5713/7/2 5729/7/2
f 5729/1/2 5714/1/2 5730/1/2
f 5716/1/2 5717/1/2 5731/1/2
f 5717/7/2 5718/7/2 5732/7/2
f 5731/1/2 5717/1/2 5732/1/2
f 5732/7/2 5718/7/2 5733/7/2
f 5720/6/2 5721/6/2 5734/6/2
f 5719/6/2 5720/6/2 5734/6/2
f 5734/6/2 5721/6/2 5735/6/2
f 5735/6/2 5721/6/2 5736/6/2
f 5725/6/2 5726/6/2 5737/6/2
f 5724/6/2 5725/6/2 5737/6/2
f 5737/6/2 5726/6/2 5738/6/2
f 5738/6/2 5726/6/2 5739/6/2
f 5727/7/2 5728/7/2 5741/7/2
f 5728/7/2 5729/7/2 5741/7/2
f 5741/7/2 5729/7/2 5742/7/2
f 5742/7/2 5729/7/2 5743/7/2
f 5732/7/2 5733/7/2 5744/7/2
f 5734/6/2 5735/6/2 5745/6/2
f 5744/7/2 5733/7/2 5745/7/2
f 5733/6/2 5734/6/2 5745/6/2
f 5745/6/2 5735/6/2 5746/6/2
f 5746/6/2 5735/6/2 5747/6/2
f 5739/6/2 5740/6/2 5748/6/2
f 5738/6/2 5739/6/2 5748/6/2
f 5748/6/2 5740/6/2 5749/6/2
f 5740/7/2 5741/7/2 5750/7/2
f 5749/6/2 5740/6/2 5750/6/2
f 5741/1/2 5742/1/2 5751/1/2
f 5750/7/2 5741/7/2 5751/7/2
f 5751/1/2 5742/1/2 5752/1/2
f 5745/6/2 5746/6/2 5753/6/2
f 5753/6/2 5746/6/2 5754/6/2
f 5749/6/2 5750/6/2 5755/6/2
f 5750/1/2 5751/1/2 5756/1/2
f 5755/6/2 5750/6/2 5756/6/2
f 5756/1/2 5751/1/2 5757/1/2
f 5706/6/2 5707/6/2 5759/6/2
f 5759/6/2 5707/6/2 5760/6/2
f 5758/6/2 5759/6/2 5763/6/2
f 5760/6/2 5761/6/2 5764/6/2
f 5762/6/2 5763/6/2 5767/6/2
f 5763/6/2 5759/6/2 5768/6/2
f 5767/6/2 5763/6/2 5768/6/2
f 5768/6/2 5759/6/2 5769/6/2
f 5764/6/2 5765/6/2 5770/6/2
f 5760/6/2 5764/6/2 5770/6/2
f 5770/6/2 5765/6/2 5771/6/2
f 5771/6/2 5765/6/2 5772/6/2
f 5766/6/2 5767/6/2 5775/6/2
f 5767/6/2 5768/6/2 5775/6/2
f 5775/6/2 5768/6/2 5776/6/2
f 5776/6/2 5768/6/2 5777/6/2
f 5769/6/2 5770/6/2 5778/6/2
f 5778/6/2 5770/6/2 5779/6/2
f 5772/6/2 5773/6/2 5780/6/2
f 5771/6/2 5772/6/2 5780/6/2
f 5780/6/2 5773/6/2 5781/6/2
f 5781/6/2 5773/6/2 5782/6/2
f 5774/6/2 5775/6/2 5787/6/2
f 5775/6/2 5776/6/2 5787/6/2
f 5787/6/2 5776/6/2 5788/6/2
f 5788/6/2 5776/6/2 5789/6/2
f 5778/6/2 5779/6/2 5790/6/2
f 5790/6/2 5779/6/2 5791/6/2
f 5782/6/2 5783/6/2 5792/6/2
f 5781/6/2 5782/6/2 5792/6/2
f 5792/6/2 5783/6/2 5793/6/2
f 5793/6/2 5783/6/2 5794/6/2
f 5784/7/2 5785/7/2 5798/7/2
f 5798/7/2 5785/7/2 5799/7/2
f 5799/7/2 5785/7/2 5800/7/2
f 5787/6/2 5788/6/2 5803/6/2
f 5786/6/2 5787/6/2 5803/6/2
f 5803/6/2 5788/6/2 5804/6/2
f 5804/6/2 5788/6/2 5805/6/2
f 5793/6/2 5794/6/2 5806/6/2
f 5794/6/2 5795/6/2 5806/6/2
f 5806/6/2 5795/6/2 5807/6/2
f 5807/6/2 5795/6/2 5808/6/2
f 5796/7/2 5797/7/2 5811/7/2
f 5811/7/2 5797/7/2 5812/7/2
f 5812/7/2 5797/7/2 5813/7/2
f 5799/1/2 5800/1/2 5814/1/2
f 5800/7/2 5801/7/2 5815/7/2
f 5814/1/2 5800/1/2 5815/1/2
f 5815/7/2 5801/7/2 5816/7/2
f 5803/6/2 5804/6/2 5817/6/2
f 5802/6/2 5803/6/2 5817/6/2
f 5817/6/2 5804/6/2 5818/6/2
f 5818/6/2 5804/6/2 5819/6/2
f 5808/6/2 5809/6/2 5820/6/2
f 5807/6/2 5808/6/2 5820/6/2
f 5820/6/2 5809/6/2 5821/6/2
f 5821/6/2 5809/6/2 5822/6/2
f 5810/7/2 5811/7/2 5824/7/2
f 5811/1/2 5812/1/2 5825/1/2
f 5824/7/2 5811/7/2 5825/7/2
f 5825/1/2 5812/1/2 5826/1/2
f 5815/7/2 5816/7/2 5827/7/2
f 5817/6/2 5818/6/2 5828/6/2
f 5827/7/2 5816/7/2 5828/7/2
f 5816/6/2 5817/6/2 5828/6/2
f 5828/6/2 5818/6/2 5829/6/2
f 5829/6/2 5818/6/2 5830/6/2
f 5822/6/2 5823/6/2 5831/6/2
f 5821/6/2 5822/6/2 5831/6/2
f 5831/6/2 5823/6/2 5832/6/2
f 5824/7/2 5825/7/2 5833/7/2
f 5823/7/2 5824/7/2 5833/7/2
f 5833/7/2 5825/7/2 5834/7/2
f 5828/6/2 5829/6/2 5835/6/2
f 5835/6/2 5829/6/2 5836/6/2
f 5832/6/2 5823/6/2 5837/6/2
f 5823/7/2 5833/7/2 5838/7/2
f 5837/6/2 5823/6/2 5838/6/2
f 5838/7/2 5833/7/2 5839/7/2
f 5840/9/2 5841/9/2 5844/9/2
f 5844/9/2 5841/9/2 5845/9/2
f 5842/9/2 5843/9/2 5847/9/2
f 5847/9/2 5843/9/2 5848/9/2
f 5846/9/2 5847/9/2 5849/9/2
f 5849/9/2 5847/9/2 5850/9/2
f 5850/9/2 5851/9/2 5852/9/2
f 5852/9/2 5851/9/2 5853/9/2
f 5854/8/2 5855/8/2 5856/8/2
f 5856/8/2 5855/8/2 5857/8/2
f 5856/9/2 5857/9/2 5858/9/2
f 5858/9/2 5857/9/2 5859/9/2
f 5860/6/2 5861/6/2 5862/6/2
f 5862/6/2 5861/6/2 5863/6/2
f 5864/6/2 5865/6/2 5868/6/2
f 5868/6/2 5865/6/2 5869/6/2
f 5866/6/2 5867/6/2 5870/6/2
f 5870/6/2 5867/6/2 5871/6/2
f 5872/6/2 5873/6/2 5874/6/2
f 5874/6/2 5873/6/2 5875/6/2
f 5876/6/2 5877/6/2 5880/6/2
f 5880/6/2 5877/6/2 5881/6/2
f 5878/6/2 5879/6/2 5882/6/2
f 5882/6/2 5879/6/2 5883/6/2
f 5884/6/2 5885/6/2 5886/6/2
f 5886/6/2 5885/6/2 5887/6/2
f 5888/6/2 5889/6/2 5892/6/2
f 5892/6/2 5889/6/2 5893/6/2
f 5890/6/2 5891/6/2 5894/6/2
f 5894/6/2 5891/6/2 5895/6/2
f 5896/6/2 5897/6/2 5898/6/2
f 5898/6/2 5897/6/2 5899/6/2
f 5900/6/2 5901/6/2 5904/6/2
f 5904/6/2 5901/6/2 5905/6/2
f 5902/6/2 5903/6/2 5906/6/2
f 5906/6/2 5903/6/2 5907/6/2
f 5908/9/2 5909/9/2 5912/9/2
f 5912/9/2 5909/9/2 5913/9/2
f 5910/9/2 5911/9/2 5915/9/2
f 5915/9/2 5911/9/2 5916/9/2
f 5914/9/2 5915/9/2 5917/9/2
f 5917/9/2 5915/9/2 5918/9/2
f 5918/9/2 5919/9/2 5920/9/2
f 5920/9/2 5919/9/2 5921/9/2
f 5922/8/2 5923/8/2 5924/8/2
f 5924/8/2 5923/8/2 5925/8/2
f 5924/9/2 5925/9/2 5926/9/2
f 5926/9/2 5925/9/2 5927/9/2
f 5928/6/2 5929/6/2 5930/6/2
f 5930/6/2 5929/6/2 5931/6/2
f 5932/6/2 5933/6/2 5936/6/2
f 5936/6/2 5933/6/2 5937/6/2
f 5934/6/2 5935/6/2 5938/6/2
f 5938/6/2 5935/6/2 5939/6/2
f 5940/6/2 5941/6/2 5942/6/2
f 5942/6/2 5941/6/2 5943/6/2
f 5944/6/2 5945/6/2 5948/6/2
f 5948/6/2 5945/6/2 5949/6/2
f 5946/6/2 5947/6/2 5950/6/2
f 5950/6/2 5947/6/2 5951/6/2
f 5952/6/2 5953/6/2 5954/6/2
f 5954/6/2 5953/6/2 5955/6/2
f 5956/6/2 5957/6/2 5960/6/2
f 5960/6/2 5957/6/2 5961/6/2
f 5958/6/2 5959/6/2 5962/6/2
f 5962/6/2 5959/6/2 5963/6/2
f 5964/6/2 5965/6/2 5966/6/2
f 5966/6/2 5965/6/2 5967/6/2
f 5968/6/2 5969/6/2 5972/6/2
f 5972/6/2 5969/6/2 5973/6/2
f 5970/6/2 5971/6/2 5974/6/2
f 5974/6/2 5971/6/2 5975/6/2
f 5976/9/2 5977/9/2 5980/9/2
f 5980/9/2 5977/9/2 5981/9/2
f 5978/9/2 5979/9/2 5983/9/2
f 5983/9/2 5979/9/2 5984/9/2
f 5982/9/2 5983/9/2 5985/9/2
f 5985/9/2 5983/9/2 5986/9/2
f 5986/9/2 5987/9/2 5988/9/2
f 5988/9/2 5987/9/2 5989/9/2
f 5990/8/2 5991/8/2 5992/8/2
f 5992/8/2 5991/8/2 5993/8/2
f 5992/9/2 5993/9/2 5996/9/2
f 5996/9/2 5993/9/2 5997/9/2
f 5994/2/2 5995/2/2 5998/2/2
f 5998/2/2 5995/2/2 5999/2/2
f 6000/6/2 6001/6/2 6004/6/2
f 6004/6/2 6001/6/2 6005/6/2
f 6002/6/2 6003/6/2 6008/6/2
f 6008/6/2 6003/6/2 6009/6/2
f 6006/6/2 6007/6/2 6010/6/2
f 6010/6/2 6007/6/2 6011/6/2
f 6012/6/2 6013/6/2 6016/6/2
f 6016/6/2 6013/6/2 6017/6/2
f 6014/6/2 6015/6/2 6020/6/2
f 6020/6/2 6015/6/2 6021/6/2
f 6018/6/2 6019/6/2 6022/6/2
f 6022/6/2 6019/6/2 6023/6/2
f 6024/6/2 6025/6/2 6028/6/2
f 6028/6/2 6025/6/2 6029/6/2
f 6026/6/2 6027/6/2 6032/6/2
f 6032/6/2 6027/6/2 6033/6/2
f 6030/6/2 6031/6/2 6034/6/2
f 6034/6/2 6031/6/2 6035/6/2
f 6036/6/2 6037/6/2 6040/6/2
f 6040/6/2 6037/6/2 6041/6/2
f 6038/6/2 6039/6/2 6044/6/2
f 6044/6/2 6039/6/2 6045/6/2
f 6042/6/2 6043/6/2 6046/6/2
f 6046/6/2 6043/6/2 6047/6/2
f 6048/9/2 6049/9/2 6052/9/2
f 6052/9/2 6049/9/2 6053/9/2
f 6050/9/2 6051/9/2 6055/9/2
f 6055/9/2 6051/9/2 6056/9/2
f 6054/9/2 6055/9/2 6057/9/2
f 6057/9/2 6055/9/2 6058/9/2
f 6058/9/2 6059/9/2 6060/9/2
f 6060/9/2 6059/9/2 6061/9/2
f 6062/8/2 6063/8/2 6064/8/2
f 6064/8/2 6063/8/2 6065/8/2
f 6064/9/2 6065/9/2 6070/9/2
f 6070/9/2 6065/9/2 6071/9/2
f 6066/2/2 6067/2/2 6072/2/2
f 6072/2/2 6067/2/2 6073/2/2
f 6068/2/2 6069/2/2 6074/2/2
f 6074/2/2 6069/2/2 6075/2/2
f 6076/6/2 6077/6/2 6078/6/2
f 6078/6/2 6077/6/2 6079/6/2
f 6080/6/2 6081/6/2 6082/6/2
f 6082/6/2 6081/6/2 6083/6/2
f 6084/6/2 6085/6/2 6086/6/2
f 6086/6/2 6085/6/2 6087/6/2
f 6088/6/2 6089/6/2 6090/6/2
f 6090/6/2 6089/6/2 6091/6/2
f 6092/9/2 6093/9/2 6096/9/2
f 6096/9/2 6093/9/2 6097/9/2
f 6094/9/2 6095/9/2 6099/9/2
f 6099/9/2 6095/9/2 6100/9/2
f 6098/9/2 6099/9/2 6101/9/2
f 6101/9/2 6099/9/2 6102/9/2
f 6102/9/2 6103/9/2 6104/9/2
f 6104/9/2 6103/9/2 6105/9/2
f 6106/8/2 6107/8/2 6108/8/2
f 6108/8/2 6107/8/2 6109/8/2
f 6108/9/2 6109/9/2 6112/9/2
f 6112/9/2 6109/9/2 6113/9/2
f 6110/6/2 6111/6/2 6114/6/2
f 6114/6/2 6111/6/2 6115/6/2
f 6116/6/2 6117/6/2 6118/6/2
f 6118/6/2 6117/6/2 6119/6/2
f 6120/6/2 6121/6/2 6122/6/2
f 6122/6/2 6121/6/2 6123/6/2
f 6124/6/2 6125/6/2 6126/6/2
f 6126/6/2 6125/6/2 6127/6/2
f 6128/6/2 6129/6/2 6130/6/2
f 6130/6/2 6129/6/2 6131/6/2
f 6132/9/2 6133/9/2 6136/9/2
f 6136/9/2 6133/9/2 6137/9/2
f 6134/9/2 6135/9/2 6139/9/2
f 6139/9/2 6135/9/2 6140/9/2
f 6138/9/2 6139/9/2 6141/9/2
f 6141/9/2 6139/9/2 6142/9/2
f 6142/9/2 6143/9/2 6144/9/2
f 6144/9/2 6143/9/2 6145/9/2
f 6146/8/2 6147/8/2 6148/8/2
f 6148/8/2 6147/8/2 6149/8/2
f 6148/9/2 6149/9/2 6152/9/2
f 6152/9/2 6149/9/2 6153/9/2
f 6150/6/2 6151/6/2 6154/6/2
f 6154/6/2 6151/6/2 6155/6/2
f 6156/7/2 6157/7/2 6160/7/2
f 6160/7/2 6157/7/2 6161/7/2
f 6158/6/2 6159/6/2 6162/6/2
f 6162/6/2 6159/6/2 6163/6/2
f 6164/6/2 6165/6/2 6166/6/2
f 6166/6/2 6165/6/2 6167/6/2
f 6168/6/2 6169/6/2 6170/6/2
f 6170/6/2 6169/6/2 6171/6/2
f 6172/6/2 6173/6/2 6174/6/2
f 6174/6/2 6173/6/2 6175/6/2
f 6176/9/2 6177/9/2 6180/9/2
f 6180/9/2 6177/9/2 6181/9/2
f 6178/9/2 6179/9/2 6183/9/2
f 6183/9/2 6179/9/2 6184/9/2
f 6182/9/2 6183/9/2 6185/9/2
f 6185/9/2 6183/9/2 6186/9/2
f 6186/9/2 6187/9/2 6188/9/2
f 6188/9/2 6187/9/2 6189/9/2
f 6190/8/2 6191/8/2 6192/8/2
f 6192/8/2 6191/8/2 6193/8/2
f 6192/9/2 6193/9/2 6194/9/2
f 6194/9/2 6193/9/2 6195/9/2
f 6196/7/2 6197/7/2 6198/7/2
f 6198/7/2 6197/7/2 6199/7/2
f 6199/7/2 6197/7/2 6200/7/2
f 6201/9/2 6202/9/2 6205/9/2
f 6205/9/2 6202/9/2 6206/9/2
f 6203/9/2 6204/9/2 6208/9/2
f 6208/9/2 6204/9/2 6209/9/2
f 6207/9/2 6208/9/2 6210/9/2
f 6210/9/2 6208/9/2 6211/9/2
f 6211/9/2 6212/9/2 6213/9/2
f 6213/9/2 6212/9/2 6214/9/2
f 6215/8/2 6216/8/2 6217/8/2
f 6217/8/2 6216/8/2 6218/8/2
f 6217/9/2 6218/9/2 6221/9/2
f 6221/9/2 6218/9/2 6222/9/2
f 6219/6/2 6220/6/2 6223/6/2
f 6223/6/2 6220/6/2 6224/6/2
f 6225/6/2 6226/6/2 6228/6/2
f 6226/7/2 6227/7/2 6229/7/2
f 6228/6/2 6226/6/2 6229/6/2
f 6229/7/2 6227/7/2 6230/7/2
f 6231/6/2 6232/6/2 6234/6/2
f 6232/1/2 6233/1/2 6235/1/2
f 6234/6/2 6232/6/2 6235/6/2
f 6235/1/2 6233/1/2 6236/1/2
f 6237/6/2 6238/6/2 6240/6/2
f 6238/7/2 6239/7/2 6241/7/2
f 6240/6/2 6238/6/2 6241/6/2
f 6241/7/2 6239/7/2 6242/7/2
f 6243/6/2 6244/6/2 6246/6/2
f 6244/7/2 6245/7/2 6247/7/2
f 6246/6/2 6244/6/2 6247/6/2
f 6247/7/2 6245/7/2 6248/7/2
f 6249/9/2 6250/9/2 6253/9/2
f 6253/9/2 6250/9/2 6254/9/2
f 6251/9/2 6252/9/2 6256/9/2
f 6256/9/2 6252/9/2 6257/9/2
f 6255/9/2 6256/9/2 6258/9/2
f 6258/9/2 6256/9/2 6259/9/2
f 6259/9/2 6260/9/2 6261/9/2
f 6261/9/2 6260/9/2 6262/9/2
f 6263/8/2 6264/8/2 6265/8/2
f 6265/8/2 6264/8/2 6266/8/2
f 6265/9/2 6266/9/2 6269/9/2
f 6269/9/2 6266/9/2 6270/9/2
f 6267/6/2 6268/6/2 6271/6/2
f 6271/6/2 6268/6/2 6272/6/2
f 6273/7/2 6274/7/2 6276/7/2
f 6274/1/2 6275/1/2 6277/1/2
f 6276/7/2 6274/7/2 6277/7/2
f 6277/1/2 6275/1/2 6278/1/2
f 6279/6/2 6280/6/2 6281/6/2
f 6281/6/2 6280/6/2 6282/6/2
f 6283/1/2 6284/1/2 6286/1/2
f 6284/1/2 6285/1/2 6286/1/2
f 6286/1/2 6285/1/2 6287/1/2
f 6288/1/2 6289/1/2 6290/1/2
f 6290/1/2 6289/1/2 6291/1/2
f 6292/1/2 6293/1/2 6295/1/2
f 6293/7/2 6294/7/2 6296/7/2
f 6295/1/2 6293/1/2 6296/1/2
f 6296/7/2 6294/7/2 6297/7/2
f 6298/9/2 6299/9/2 6302/9/2
f 6302/9/2 6299/9/2 6303/9/2
f 6300/9/2 6301/9/2 6305/9/2
f 6305/9/2 6301/9/2 6306/9/2
f 6304/9/2 6305/9/2 6307/9/2
f 6307/9/2 6305/9/2 6308/9/2
f 6308/9/2 6309/9/2 6310/9/2
f 6310/9/2 6309/9/2 6311/9/2
f 6312/8/2 6313/8/2 6314/8/2
f 6314/8/2 6313/8/2 6315/8/2
f 6314/9/2 6315/9/2 6318/9/2
f 6318/9/2 6315/9/2 6319/9/2
f 6316/6/2 6317/6/2 6320/6/2
f 6320/6/2 6317/6/2 6321/6/2
f 6322/7/2 6323/7/2 6325/7/2
f 6323/1/2 6324/1/2 6326/1/2
f 6325/7/2 6323/7/2 6326/7/2
f 6326/1/2 6324/1/2 6327/1/2
f 6328/6/2 6329/6/2 6330/6/2
f 6330/6/2 6329/6/2 6331/6/2
f 6332/7/2 6333/7/2 6335/7/2
f 6333/1/2 6334/1/2 6336/1/2
f 6335/7/2 6333/7/2 6336/7/2
f 6336/1/2 6334/1/2 6337/1/2
f 6338/1/2 6339/1/2 6341/1/2
f 6339/1/2 6340/1/2 6341/1/2
f 6341/1/2 6340/1/2 6342/1/2
f 6343/1/2 6344/1/2 6346/1/2
f 6344/7/2 6345/7/2 6347/7/2
f 6346/1/2 6344/1/2 6347/1/2
f 6347/7/2 6345/7/2 6348/7/2
f 6349/9/2 6350/9/2 6353/9/2
f 6353/9/2 6350/9/2 6354/9/2
f 6351/9/2 6352/9/2 6356/9/2
f 6356/9/2 6352/9/2 6357/9/2
f 6355/9/2 6356/9/2 6358/9/2
f 6358/9/2 6356/9/2 6359/9/2
f 6359/9/2 6360/9/2 6361/9/2
f 6361/9/2 6360/9/2 6362/9/2
f 6363/8/2 6364/8/2 6365/8/2
f 6365/8/2 6364/8/2 6366/8/2
f 6365/9/2 6366/9/2 6367/9/2
f 6367/9/2 6366/9/2 6368/9/2
f 6369/7/2 6370/7/2 6371/7/2
f 6371/7/2 6370/7/2 6372/7/2
f 6373/6/2 6374/6/2 6375/6/2
f 6375/6/2 6374/6/2 6376/6/2
f 6377/1/2 6378/1/2 6380/1/2
f 6378/7/2 6379/7/2 6381/7/2
f 6380/1/2 6378/1/2 6381/1/2
f 6381/7/2 6379/7/2 6382/7/2
f 6383/7/2 6384/7/2 6386/7/2
f 6384/1/2 6385/1/2 6387/1/2
f 6386/7/2 6384/7/2 6387/7/2
f 6387/1/2 6385/1/2 6388/1/2
f 6389/7/2 6390/7/2 6391/7/2
f 6391/7/2 6390/7/2 6392/7/2
f 6393/9/2 6394/9/2 6397/9/2
f 6397/9/2 6394/9/2 6398/9/2
f 6395/9/2 6396/9/2 6400/9/2
f 6400/9/2 6396/9/2 6401/9/2
f 6399/9/2 6400/9/2 6402/9/2
f 6402/9/2 6400/9/2 6403/9/2
f 6403/9/2 6404/9/2 6405/9/2
f 6405/9/2 6404/9/2 6406/9/2
f 6407/8/2 6408/8/2 6409/8/2
f 6409/8/2 6408/8/2 6410/8/2
f 6409/9/2 6410/9/2 6411/9/2
f 6411/9/2 6410/9/2 6412/9/2
f 6413/6/2 6414/6/2 6415/6/2
f 6415/6/2 6414/6/2 6416/6/2
f 6417/9/2 6418/9/2 6421/9/2
f 6421/9/2 6418/9/2 6422/9/2
f 6419/9/2 6420/9/2 6424/9/2
f 6424/9/2 6420/9/2 6425/9/2
f 6423/9/2 6424/9/2 6426/9/2
f 6426/9/2 6424/9/2 6427/9/2
f 6427/9/2 6428/9/2 6429/9/2
f 6429/9/2 6428/9/2 6430/9/2
f 6431/8/2 6432/8/2 6433/8/2
f 6433/8/2 6432/8/2 6434/8/2
f 6433/9/2 6434/9/2 6435/9/2
f 6435/9/2 6434/9/2 6436/9/2
f 6437/6/2 6438/6/2 6443/6/2
f 6443/6/2 6438/6/2 6444/6/2
f 6439/6/2 6440/6/2 6445/6/2
f 6445/6/2 6440/6/2 6446/6/2
f 6441/6/2 6442/6/2 6447/6/2
f 6447/6/2 6442/6/2 6448/6/2
f 6449/9/2 6450/9/2 6453/9/2
f 6453/9/2 6450/9/2 6454/9/2
f 6451/9/2 6452/9/2 6456/9/2
f 6456/9/2 6452/9/2 6457/9/2
f 6455/9/2 6456/9/2 6458/9/2
f 6458/9/2 6456/9/2 6459/9/2
f 6459/9/2 6460/9/2 6461/9/2
f 6461/9/2 6460/9/2 6462/9/2
f 6463/8/2 6464/8/2 6465/8/2
f 6465/8/2 6464/8/2 6466/8/2
f 6465/9/2 6466/9/2 6467/9/2
f 6467/9/2 6466/9/2 6468/9/2
f 6469/6/2 6470/6/2 6471/6/2
f 6471/6/2 6470/6/2 6472/6/2
f 6473/6/2 6474/6/2 6477/6/2
f 6477/6/2 6474/6/2 6478/6/2
f 6475/6/2 6476/6/2 6479/6/2
f 6479/6/2 6476/6/2 6480/6/2
f 6481/9/2 6482/9/2 6485/9/2
f 6485/9/2 6482/9/2 6486/9/2
f 6483/9/2 6484/9/2 6488/9/2
f 6488/9/2 6484/9/2 6489/9/2
f 6487/9/2 6488/9/2 6490/9/2
f 6490/9/2 6488/9/2 6491/9/2
f 6491/9/2 6492/9/2 6493/9/2
f 6493/9/2 6492/9/2 6494/9/2
f 6495/8/2 6496/8/2 6497/8/2
f 6497/8/2 6496/8/2 6498/8/2
f 6497/9/2 6498/9/2 6499/9/2
f 6499/9/2 6498/9/2 6500/9/2
f 6501/6/2 6502/6/2 6505/6/2
f 6505/6/2 6502/6/2 6506/6/2
f 6503/6/2 6504/6/2 6507/6/2
f 6507/6/2 6504/6/2 6508/6/2
f 6509/9/2 6510/9/2 6513/9/2
f 6513/9/2 6510/9/2 6514/9/2
f 6511/9/2 6512/9/2 6516/9/2
f 6516/9/2 6512/9/2 6517/9/2
f 6515/9/2 6516/9/2 6518/9/2
f 6518/9/2 6516/9/2 6519/9/2
f 6519/9/2 6520/9/2 6521/9/2
f 6521/9/2 6520/9/2 6522/9/2
f 6523/8/2 6524/8/2 6525/8/2
f 6525/8/2 6524/8/2 6526/8/2
f 6525/9/2 6526/9/2 6527/9/2
f 6527/9/2 6526/9/2 6528/9/2
f 6529/9/2 6530/9/2 6533/9/2
f 6533/9/2 6530/9/2 6534/9/2
f 6531/9/2 6532/9/2 6536/9/2
f 6536/9/2 6532/9/2 6537/9/2
f 6535/9/2 6536/9/2 6538/9/2
f 6538/9/2 6536/9/2 6539/9/2
f 6539/9/2 6540/9/2 6541/9/2
f 6541/9/2 6540/9/2 6542/9/2
f 6543/8/2 6544/8/2 6545/8/2
f 6545/8/2 6544/8/2 6546/8/2
f 6545/9/2 6546/9/2 6549/9/2
f 6549/9/2 6546/9/2 6550/9/2
f 6547/6/2 6548/6/2 6552/6/2
f 6552/6/2 6548/6/2 6553/6/2
f 6551/6/2 6552/6/2 6556/6/2
f 6553/6/2 6554/6/2 6557/6/2
f 6555/6/2 6556/6/2 6560/6/2
f 6556/6/2 6552/6/2 6561/6/2
f 6560/6/2 6556/6/2 6561/6/2
f 6561/6/2 6552/6/2 6562/6/2
f 6557/6/2 6558/6/2 6563/6/2
f 6553/6/2 6557/6/2 6563/6/2
f 6563/6/2 6558/6/2 6564/6/2
f 6564/6/2 6558/6/2 6565/6/2
f 6559/6/2 6560/6/2 6568/6/2
f 6560/6/2 6561/6/2 6568/6/2
f 6568/6/2 6561/6/2 6569/6/2
f 6569/6/2 6561/6/2 6570/6/2
f 6562/6/2 6563/6/2 6571/6/2
f 6571/6/2 6563/6/2 6572/6/2
f 6565/6/2 6566/6/2 6573/6/2
f 6564/6/2 6565/6/2 6573/6/2
f 6573/6/2 6566/6/2 6574/6/2
f 6574/6/2 6566/6/2 6575/6/2
f 6567/6/2 6568/6/2 6580/6/2
f 6568/6/2 6569/6/2 6580/6/2
f 6580/6/2 6569/6/2 6581/6/2
f 6581/6/2 6569/6/2 6582/6/2
f 6575/6/2 6576/6/2 6583/6/2
f 6574/6/2 6575/6/2 6583/6/2
f 6583/6/2 6576/6/2 6584/6/2
f 6584/6/2 6576/6/2 6585/6/2
f 6577/7/2 6578/7/2 6589/7/2
f 6589/7/2 6578/7/2 6590/7/2
f 6590/7/2 6578/7/2 6591/7/2
f 6580/6/2 6581/6/2 6594/6/2
f 6579/6/2 6580/6/2 6594/6/2
f 6594/6/2 6581/6/2 6595/6/2
f 6595/6/2 6581/6/2 6596/6/2
f 6585/6/2 6586/6/2 6597/6/2
f 6584/6/2 6585/6/2 6597/6/2
f 6597/6/2 6586/6/2 6598/6/2
f 6598/6/2 6586/6/2 6599/6/2
f 6587/7/2 6588/7/2 6602/7/2
f 6602/7/2 6588/7/2 6603/7/2
f 6603/7/2 6588/7/2 6604/7/2
f 6591/7/2 6592/7/2 6605/7/2
f 6590/7/2 6591/7/2 6605/7/2
f 6605/7/2 6592/7/2 6606/7/2
f 6606/7/2 6592/7/2 6607/7/2
f 6594/6/2 6595/6/2 6608/6/2
f 6593/6/2 6594/6/2 6608/6/2
f 6608/6/2 6595/6/2 6609/6/2
f 6609/6/2 6595/6/2 6610/6/2
f 6599/6/2 6600/6/2 6611/6/2
f 6598/6/2 6599/6/2 6611/6/2
f 6611/6/2 6600/6/2 6612/6/2
f 6612/6/2 6600/6/2 6613/6/2
f 6602/7/2 6603/7/2 6615/7/2
f 6601/7/2 6602/7/2 6615/7/2
f 6615/7/2 6603/7/2 6616/7/2
f 6616/7/2 6603/7/2 6617/7/2
f 6606/7/2 6607/7/2 6618/7/2
f 6608/6/2 6609/6/2 6619/6/2
f 6618/7/2 6607/7/2 6619/7/2
f 6607/6/2 6608/6/2 6619/6/2
f 6619/6/2 6609/6/2 6620/6/2
f 6620/6/2 6609/6/2 6621/6/2
f 6613/6/2 6614/6/2 6622/6/2
f 6612/6/2 6613/6/2 6622/6/2
f 6622/6/2 6614/6/2 6623/6/2
f 6615/7/2 6616/7/2 6624/7/2
f 6614/7/2 6615/7/2 6624/7/2
f 6624/7/2 6616/7/2 6625/7/2
f 6619/6/2 6620/6/2 6626/6/2
f 6626/6/2 6620/6/2 6627/6/2
f 6623/6/2 6614/6/2 6628/6/2
f 6614/7/2 6624/7/2 6629/7/2
f 6628/6/2 6614/6/2 6629/6/2
f 6629/7/2 6624/7/2 6630/7/2
f 6631/9/2 6632/9/2 6635/9/2
f 6635/9/2 6632/9/2 6636/9/2
f 6633/9/2 6634/9/2 6638/9/2
f 6638/9/2 6634/9/2 6639/9/2
f 6637/9/2 6638/9/2 6640/9/2
f 6640/9/2 6638/9/2 6641/9/2
f 6641/9/2 6642/9/2 6643/9/2
f 6643/9/2 6642/9/2 6644/9/2
f 6645/8/2 6646/8/2 6647/8/2
f 6647/8/2 6646/8/2 6648/8/2
f 6647/9/2 6648/9/2 6649/9/2
f 6649/9/2 6648/9/2 6650/9/2
f 6651/6/2 6652/6/2 6653/6/2
f 6653/6/2 6652/6/2 6654/6/2
f 6655/6/2 6656/6/2 6659/6/2
f 6659/6/2 6656/6/2 6660/6/2
f 6657/6/2 6658/6/2 6661/6/2
f 6661/6/2 6658/6/2 6662/6/2
f 6663/9/2 6664/9/2 6667/9/2
f 6667/9/2 6664/9/2 6668/9/2
f 6665/9/2 6666/9/2 6670/9/2
f 6670/9/2 6666/9/2 6671/9/2
f 6669/9/2 6670/9/2 6672/9/2
f 6672/9/2 6670/9/2 6673/9/2
f 6673/9/2 6674/9/2 6675/9/2
f 6675/9/2 6674/9/2 6676/9/2
f 6677/8/2 6678/8/2 6679/8/2
f 6679/8/2 6678/8/2 6680/8/2
f 6679/9/2 6680/9/2 6681/9/2
f 6681/9/2 6680/9/2 6682/9/2
f 6683/6/2 6684/6/2 6685/6/2
f 6685/6/2 6684/6/2 6686/6/2
f 6687/6/2 6688/6/2 6691/6/2
f 6691/6/2 6688/6/2 6692/6/2
f 6689/6/2 6690/6/2 6693/6/2
f 6693/6/2 6690/6/2 6694/6/2
f 6695/9/2 6696/9/2 6699/9/2
f 6699/9/2 6696/9/2 6700/9/2
f 6697/9/2 6698/9/2 6702/9/2
f 6702/9/2 6698/9/2 6703/9/2
f 6701/9/2 6702/9/2 6704/9/2
f 6704/9/2 6702/9/2 6705/9/2
f 6705/9/2 6706/9/2 6707/9/2
f 6707/9/2 6706/9/2 6708/9/2
f 6709/8/2 6710/8/2 6711/8/2
f 6711/8/2 6710/8/2 6712/8/2
f 6711/9/2 6712/9/2 6713/9/2
f 6713/9/2 6712/9/2 6714/9/2
f 6715/6/2 6716/6/2 6719/6/2
f 6719/6/2 6716/6/2 6720/6/2
f 6717/6/2 6718/6/2 6723/6/2
f 6723/6/2 6718/6/2 6724/6/2
f 6721/6/2 6722/6/2 6725/6/2
f 6725/6/2 6722/6/2 6726/6/2
f 6727/9/2 6728/9/2 6731/9/2
f 6731/9/2 6728/9/2 6732/9/2
f 6729/9/2 6730/9/2 6734/9/2
f 6734/9/2 6730/9/2 6735/9/2
f 6733/9/2 6734/9/2 6736/9/2
f 6736/9/2 6734/9/2 6737/9/2
f 6737/9/2 6738/9/2 6739/9/2
f 6739/9/2 6738/9/2 6740/9/2
f 6741/8/2 6742/8/2 6743/8/2
f 6743/8/2 6742/8/2 6744/8/2
f 6743/9/2 6744/9/2 6745/9/2
f 6745/9/2 6744/9/2 6746/9/2
f 6747/6/2 6748/6/2 6749/6/2
f 6749/6/2 6748/6/2 6750/6/2
f 6751/9/2 6752/9/2 6755/9/2
f 6755/9/2 6752/9/2 6756/9/2
f 6753/9/2 6754/9/2 6758/9/2
f 6758/9/2 6754/9/2 6759/9/2
f 6757/9/2 6758/9/2 6760/9/2
f 6760/9/2 6758/9/2 6761/9/2
f 6761/9/2 6762/9/2 6763/9/2
f 6763/9/2 6762/9/2 6764/9/2
f 6765/8/2 6766/8/2 6767/8/2
f 6767/8/2 6766/8/2 6768/8/2
f 6767/9/2 6768/9/2 6769/9/2
f 6769/9/2 6768/9/2 6770/9/2
f 6771/6/2 6772/6/2 6773/6/2
f 6773/6/2 6772/6/2 6774/6/2
f 6775/9/2 6776/9/2 6779/9/2
f 6779/9/2 6776/9/2 6780/9/2
f 6777/9/2 6778/9/2 6782/9/2
f 6782/9/2 6778/9/2 6783/9/2
f 6781/9/2 6782/9/2 6784/9/2
f 6784/9/2 6782/9/2 6785/9/2
f 6785/9/2 6786/9/2 6787/9/2
f 6787/9/2 6786/9/2 6788/9/2
f 6789/8/2 6790/8/2 6791/8/2
f 6791/8/2 6790/8/2 6792/8/2
f 6791/9/2 6792/9/2 6793/9/2
f 6793/9/2 6792/9/2 6794/9/2
f 6795/6/2 6796/6/2 6797/6/2
f 6797/6/2 6796/6/2 6798/6/2
f 6799/9/2 6800/9/2 6802/9/2
f 6802/9/2 6800/9/2 6803/9/2
f 6801/9/2 6802/9/2 6804/9/2
f 6804/9/2 6802/9/2 6805/9/2
f 6805/9/2 6806/9/2 6807/9/2
f 6807/9/2 6806/9/2 6808/9/2
f 6809/9/2 6810/9/2 6811/9/2
f 6811/9/2 6810/9/2 6812/9/2
f 6813/6/2 6814/6/2 6816/6/2
f 6814/7/2 6815/7/2 6817/7/2
f 6816/6/2 6814/6/2 6817/6/2
f 6817/7/2 6815/7/2 6818/7/2
f 6819/7/2 6820/7/2 6821/7/2
f 6821/7/2 6820/7/2 6822/7/2
f 6823/7/2 6824/7/2 6825/7/2
f 6825/7/2 6824/7/2 6826/7/2
f 6827/7/2 6828/7/2 6829/7/2
f 6829/7/2 6828/7/2 6830/7/2
f 6833/9/3 6832/9/3 6831/9/3
f 6834/9/3 6832/9/3 6833/9/3
f 6839/9/3 6836/9/3 6835/9/3
f 6840/9/3 6836/9/3 6839/9/3
f 6841/9/3 6838/9/3 6837/9/3
f 6842/9/3 6838/9/3 6841/9/3
f 6843/9/3 6841/9/3 6840/9/3
f 6844/9/3 6841/9/3 6843/9/3
f 6850/9/3 6846/9/3 6845/9/3
f 6851/9/3 6846/9/3 6850/9/3
f 6852/8/3 6848/8/3 6847/8/3
f 6853/9/3 6849/9/3 6848/9/3
f 6853/8/3 6848/8/3 6852/8/3
f 6854/9/3 6849/9/3 6853/9/3
f 6859/9/3 6856/9/3 6855/9/3
f 6860/9/3 6856/9/3 6859/9/3
f 6861/9/3 6858/9/3 6857/9/3
f 6862/9/3 6858/9/3 6861/9/3
f 6863/9/3 6861/9/3 6860/9/3
f 6864/9/3 6861/9/3 6863/9/3
f 6870/9/3 6866/9/3 6865/9/3
f 6871/9/3 6866/9/3 6870/9/3
f 6872/8/3 6868/8/3 6867/8/3
f 6873/9/3 6869/9/3 6868/9/3
f 6873/8/3 6868/8/3 6872/8/3
f 6874/9/3 6869/9/3 6873/9/3
f 6879/9/3 6876/9/3 6875/9/3
f 6880/9/3 6876/9/3 6879/9/3
f 6881/9/3 6878/9/3 6877/9/3
f 6882/9/3 6878/9/3 6881/9/3
f 6883/9/3 6881/9/3 6880/9/3
f 6884/9/3 6881/9/3 6883/9/3
f 6890/9/3 6886/9/3 6885/9/3
f 6891/9/3 6886/9/3 6890/9/3
f 6892/8/3 6888/8/3 6887/8/3
f 6893/9/3 6889/9/3 6888/9/3
f 6893/8/3 6888/8/3 6892/8/3
f 6894/9/3 6889/9/3 6893/9/3
f 6899/9/3 6896/9/3 6895/9/3
f 6900/9/3 6896/9/3 6899/9/3
f 6901/9/3 6898/9/3 6897/9/3
f 6902/9/3 6898/9/3 6901/9/3
f 6903/9/3 6901/9/3 6900/9/3
f 6904/9/3 6901/9/3 6903/9/3
f 6910/9/3 6906/9/3 6905/9/3
f 6911/9/3 6906/9/3 6910/9/3
f 6912/8/3 6908/8/3 6907/8/3
f 6913/9/3 6909/9/3 6908/9/3
f 6913/8/3 6908/8/3 6912/8/3
f 6914/9/3 6909/9/3 6913/9/3
f 6919/9/3 6916/9/3 6915/9/3
f 6920/9/3 6916/9/3 6919/9/3
f 6921/9/3 6918/9/3 6917/9/3
f 6922/9/3 6918/9/3 6921/9/3
f 6923/9/3 6921/9/3 6920/9/3
f 6924/9/3 6921/9/3 6923/9/3
f 6930/9/3 6926/9/3 6925/9/3
f 6931/9/3 6926/9/3 6930/9/3
f 6932/8/3 6928/8/3 6927/8/3
f 6933/9/3 6929/9/3 6928/9/3
f 6933/8/3 6928/8/3 6932/8/3
f 6934/9/3 6929/9/3 6933/9/3
f 6939/9/3 6936/9/3 6935/9/3
f 6940/9/3 6936/9/3 6939/9/3
f 6941/9/3 6938/9/3 6937/9/3
f 6942/9/3 6938/9/3 6941/9/3
f 6943/9/3 6941/9/3 6940/9/3
f 6944/9/3 6941/9/3 6943/9/3
f 6947/6/3 6946/6/3 6945/6/3
f 6948/6/3 6946/6/3 6947/6/3
f 6956/9/3 6952/9/3 6951/9/3
f 6957/9/3 6952/9/3 6956/9/3
f 6958/8/3 6954/8/3 6953/8/3
f 6959/9/3 6955/9/3 6954/9/3
f 6959/8/3 6954/8/3 6958/8/3
f 6960/9/3 6955/9/3 6959/9/3
f 6961/4/3 6950/4/3 6949/4/3
f 6962/4/3 6950/4/3 6961/4/3
f 6967/9/3 6964/9/3 6963/9/3
f 6968/9/3 6964/9/3 6967/9/3
f 6969/9/3 6966/9/3 6965/9/3
f 6970/9/3 6966/9/3 6969/9/3
f 6971/9/3 6969/9/3 6968/9/3
f 6972/9/3 6969/9/3 6971/9/3
f 6975/4/3 6974/4/3 6973/4/3
f 6976/4/3 6975/4/3 6973/4/3
f 6977/4/3 6975/4/3 6976/4/3
f 6983/9/3 6979/9/3 6978/9/3
f 6984/9/3 6979/9/3 6983/9/3
f 6985/8/3 6981/8/3 6980/8/3
f 6986/9/3 6982/9/3 6981/9/3
f 6986/8/3 6981/8/3 6985/8/3
f 6987/9/3 6982/9/3 6986/9/3
f 6992/9/3 6989/9/3 6988/9/3
f 6993/9/3 6989/9/3 6992/9/3
f 6994/9/3 6991/9/3 6990/9/3
f 6995/9/3 6991/9/3 6994/9/3
f 6996/9/3 6994/9/3 6993/9/3
f 6997/9/3 6994/9/3 6996/9/3
f 7000/4/3 6999/4/3 6998/4/3
f 7001/4/3 6999/4/3 7000/4/3
f 7009/9/3 7003/9/3 7002/9/3
f 7010/9/3 7003/9/3 7009/9/3
f 7011/8/3 7005/8/3 7004/8/3
f 7012/9/3 7006/9/3 7005/9/3
f 7012/8/3 7005/8/3 7011/8/3
f 7013/9/3 7006/9/3 7012/9/3
f 7014/4/3 7008/4/3 7007/4/3
f 7015/4/3 7008/4/3 7014/4/3
f 7020/9/3 7017/9/3 7016/9/3
f 7021/9/3 7017/9/3 7020/9/3
f 7022/9/3 7019/9/3 7018/9/3
f 7023/9/3 7019/9/3 7022/9/3
f 7024/9/3 7022/9/3 7021/9/3
f 7025/9/3 7022/9/3 7024/9/3
f 7028/4/3 7027/4/3 7026/4/3
f 7029/4/3 7027/4/3 7028/4/3
f 7037/4/3 7031/4/3 7030/4/3
f 7038/4/3 7031/4/3 7037/4/3
f 7039/9/3 7033/9/3 7032/9/3
f 7040/9/3 7033/9/3 7039/9/3
f 7041/8/3 7035/8/3 7034/8/3
f 7042/9/3 7036/9/3 7035/9/3
f 7042/8/3 7035/8/3 7041/8/3
f 7043/9/3 7036/9/3 7042/9/3
f 7048/9/3 7045/9/3 7044/9/3
f 7049/9/3 7045/9/3 7048/9/3
f 7050/9/3 7047/9/3 7046/9/3
f 7051/9/3 7047/9/3 7050/9/3
f 7052/9/3 7050/9/3 7049/9/3
f 7053/9/3 7050/9/3 7052/9/3
f 7057/4/3 7055/4/3 7054/4/3
f 7058/4/3 7057/4/3 7056/4/3
f 7059/4/3 7055/4/3 7057/4/3
f 7059/4/3 7057/4/3 7058/4/3
f 7062/4/3 7061/4/3 7060/4/3
f 7063/4/3 7062/4/3 7060/4/3
f 7064/4/3 7062/4/3 7063/4/3
f 7070/9/3 7066/9/3 7065/9/3
f 7071/9/3 7066/9/3 7070/9/3
f 7072/8/3 7068/8/3 7067/8/3
f 7073/9/3 7069/9/3 7068/9/3
f 7073/8/3 7068/8/3 7072/8/3
f 7074/9/3 7069/9/3 7073/9/3
f 7079/9/3 7076/9/3 7075/9/3
f 7080/9/3 7076/9/3 7079/9/3
f 7081/9/3 7078/9/3 7077/9/3
f 7082/9/3 7078/9/3 7081/9/3
f 7083/9/3 7081/9/3 7080/9/3
f 7084/9/3 7081/9/3 7083/9/3
f 7089/4/3 7086/4/3 7085/4/3
f 7089/4/3 7087/4/3 7086/4/3
f 7090/4/3 7087/4/3 7089/4/3
f 7091/4/3 7087/4/3 7090/4/3
f 7093/4/3 7089/4/3 7088/4/3
f 7093/4/3 7090/4/3 7089/4/3
f 7094/4/3 7090/4/3 7093/4/3
f 7095/4/3 7090/4/3 7094/4/3
f 7096/4/3 7093/4/3 7092/4/3
f 7096/4/3 7094/4/3 7093/4/3
f 7097/4/3 7094/4/3 7096/4/3
f 7099/4/3 7096/4/3 7092/4/3
f 7100/4/3 7096/4/3 7099/4/3
f 7102/4/3 7099/4/3 7098/4/3
f 7103/4/3 7099/4/3 7102/4/3
f 7104/4/3 7101/4/3 7100/4/3
f 7105/4/3 7101/4/3 7104/4/3
f 7106/4/3 7101/4/3 7105/4/3
f 7108/4/3 7106/4/3 7105/4/3
f 7108/4/3 7107/4/3 7106/4/3
f 7109/4/3 7107/4/3 7108/4/3
f 7110/4/3 7107/4/3 7109/4/3
f 7113/4/3 7104/4/3 7103/4/3
f 7114/4/3 7110/4/3 7109/4/3
f 7114/4/3 7111/4/3 7110/4/3
f 7115/4/3 7111/4/3 7114/4/3
f 7116/4/3 7111/4/3 7115/4/3
f 7117/4/3 7113/4/3 7112/4/3
f 7117/4/3 7104/4/3 7113/4/3
f 7118/4/3 7104/4/3 7117/4/3
f 7119/4/3 7116/4/3 7115/4/3
f 7120/4/3 7116/4/3 7119/4/3
f 7121/4/3 7117/4/3 7112/4/3
f 7122/4/3 7117/4/3 7121/4/3
f 7128/9/3 7124/9/3 7123/9/3
f 7129/9/3 7124/9/3 7128/9/3
f 7130/8/3 7126/8/3 7125/8/3
f 7131/9/3 7127/9/3 7126/9/3
f 7131/8/3 7126/8/3 7130/8/3
f 7132/9/3 7127/9/3 7131/9/3
f 7137/9/3 7134/9/3 7133/9/3
f 7138/9/3 7134/9/3 7137/9/3
f 7139/9/3 7136/9/3 7135/9/3
f 7140/9/3 7136/9/3 7139/9/3
f 7141/9/3 7139/9/3 7138/9/3
f 7142/9/3 7139/9/3 7141/9/3
f 7145/4/3 7144/4/3 7143/4/3
f 7146/4/3 7144/4/3 7145/4/3
f 7152/9/3 7148/9/3 7147/9/3
f 7153/9/3 7148/9/3 7152/9/3
f 7154/8/3 7150/8/3 7149/8/3
f 7155/9/3 7151/9/3 7150/9/3
f 7155/8/3 7150/8/3 7154/8/3
f 7156/9/3 7151/9/3 7155/9/3
f 7161/9/3 7158/9/3 7157/9/3
f 7162/9/3 7158/9/3 7161/9/3
f 7163/9/3 7160/9/3 7159/9/3
f 7164/9/3 7160/9/3 7163/9/3
f 7165/9/3 7163/9/3 7162/9/3
f 7166/9/3 7163/9/3 7165/9/3
f 7169/4/3 7168/4/3 7167/4/3
f 7170/4/3 7168/4/3 7169/4/3
f 7176/9/3 7172/9/3 7171/9/3
f 7177/9/3 7172/9/3 7176/9/3
f 7178/8/3 7174/8/3 7173/8/3
f 7179/9/3 7175/9/3 7174/9/3
f 7179/8/3 7174/8/3 7178/8/3
f 7180/9/3 7175/9/3 7179/9/3
f 7185/9/3 7182/9/3 7181/9/3
f 7186/9/3 7182/9/3 7185/9/3
f 7187/9/3 7184/9/3 7183/9/3
f 7188/9/3 7184/9/3 7187/9/3
f 7189/9/3 7187/9/3 7186/9/3
f 7190/9/3 7187/9/3 7189/9/3
f 7193/4/3 7192/4/3 7191/4/3
f 7194/4/3 7192/4/3 7193/4/3
f 7197/6/3 7196/6/3 7195/6/3
f 7198/6/3 7196/6/3 7197/6/3
f 7204/9/3 7200/9/3 7199/9/3
f 7205/9/3 7200/9/3 7204/9/3
f 7206/8/3 7202/8/3 7201/8/3
f 7207/9/3 7203/9/3 7202/9/3
f 7207/8/3 7202/8/3 7206/8/3
f 7208/9/3 7203/9/3 7207/9/3
f 7213/9/3 7210/9/3 7209/9/3
f 7214/9/3 7210/9/3 7213/9/3
f 7215/9/3 7212/9/3 7211/9/3
f 7216/9/3 7212/9/3 7215/9/3
f 7217/9/3 7215/9/3 7214/9/3
f 7218/9/3 7215/9/3 7217/9/3
f 7221/4/3 7220/4/3 7219/4/3
f 7222/4/3 7220/4/3 7221/4/3
f 7225/6/3 7224/6/3 7223/6/3
f 7226/6/3 7224/6/3 7225/6/3
f 7232/9/3 7228/9/3 7227/9/3
f 7233/9/3 7228/9/3 7232/9/3
f 7234/8/3 7230/8/3 7229/8/3
f 7235/9/3 7231/9/3 7230/9/3
f 7235/8/3 7230/8/3 7234/8/3
f 7236/9/3 7231/9/3 7235/9/3
f 7241/9/3 7238/9/3 7237/9/3
f 7242/9/3 7238/9/3 7241/9/3
f 7243/9/3 7240/9/3 7239/9/3
f 7244/9/3 7240/9/3 7243/9/3
f 7245/9/3 7243/9/3 7242/9/3
f 7246/9/3 7243/9/3 7245/9/3
f 7249/4/3 7248/4/3 7247/4/3
f 7250/4/3 7248/4/3 7249/4/3
f 7253/6/3 7252/6/3 7251/6/3
f 7254/6/3 7252/6/3 7253/6/3
f 7260/9/3 7256/9/3 7255/9/3
f 7261/9/3 7256/9/3 7260/9/3
f 7262/8/3 7258/8/3 7257/8/3
f 7263/9/3 7259/9/3 7258/9/3
f 7263/8/3 7258/8/3 7262/8/3
f 7264/9/3 7259/9/3 7263/9/3
f 7269/9/3 7266/9/3 7265/9/3
f 7270/9/3 7266/9/3 7269/9/3
f 7271/9/3 7268/9/3 7267/9/3
f 7272/9/3 7268/9/3 7271/9/3
f 7273/9/3 7271/9/3 7270/9/3
f 7274/9/3 7271/9/3 7273/9/3
f 7277/6/3 7276/6/3 7275/6/3
f 7278/6/3 7276/6/3 7277/6/3
f 7284/9/3 7280/9/3 7279/9/3
f 7285/9/3 7280/9/3 7284/9/3
f 7286/8/3 7282/8/3 7281/8/3
f 7287/9/3 7283/9/3 7282/9/3
f 7287/8/3 7282/8/3 7286/8/3
f 7288/9/3 7283/9/3 7287/9/3
f 7293/9/3 7290/9/3 7289/9/3
f 7294/9/3 7290/9/3 7293/9/3
f 7295/9/3 7292/9/3 7291/9/3
f 7296/9/3 7292/9/3 7295/9/3
f 7297/9/3 7295/9/3 7294/9/3
f 7298/9/3 7295/9/3 7297/9/3
f 7302/6/3 7300/6/3 7299/6/3
f 7304/6/3 7302/6/3 7301/6/3
f 7305/6/3 7300/6/3 7302/6/3
f 7305/6/3 7302/6/3 7304/6/3
f 7306/6/3 7300/6/3 7305/6/3
f 7308/6/3 7304/6/3 7303/6/3
f 7308/6/3 7305/6/3 7304/6/3
f 7309/6/3 7305/6/3 7308/6/3
f 7310/6/3 7305/6/3 7309/6/3
f 7312/6/3 7308/6/3 7307/6/3
f 7312/6/3 7309/6/3 7308/6/3
f 7313/6/3 7309/6/3 7312/6/3
f 7314/6/3 7312/6/3 7311/6/3
f 7315/6/3 7312/6/3 7314/6/3
f 7317/6/3 7316/6/3 7315/6/3
f 7318/6/3 7316/6/3 7317/6/3
f 7319/6/3 7316/6/3 7318/6/3
f 7321/6/3 7319/6/3 7318/6/3
f 7321/6/3 7320/6/3 7319/6/3
f 7322/6/3 7320/6/3 7321/6/3
f 7323/6/3 7320/6/3 7322/6/3
f 7325/6/3 7323/6/3 7322/6/3
f 7325/6/3 7324/6/3 7323/6/3
f 7326/6/3 7324/6/3 7325/6/3
f 7327/6/3 7324/6/3 7326/6/3
f 7328/6/3 7324/6/3 7327/6/3
f 7334/9/3 7330/9/3 7329/9/3
f 7335/9/3 7330/9/3 7334/9/3
f 7336/8/3 7332/8/3 7331/8/3
f 7337/9/3 7333/9/3 7332/9/3
f 7337/8/3 7332/8/3 7336/8/3
f 7338/9/3 7333/9/3 7337/9/3
f 7343/9/3 7340/9/3 7339/9/3
f 7344/9/3 7340/9/3 7343/9/3
f 7345/9/3 7342/9/3 7341/9/3
f 7346/9/3 7342/9/3 7345/9/3
f 7347/9/3 7345/9/3 7344/9/3
f 7348/9/3 7345/9/3 7347/9/3
f 7351/6/3 7350/6/3 7349/6/3
f 7352/6/3 7350/6/3 7351/6/3
f 7358/9/3 7354/9/3 7353/9/3
f 7359/9/3 7354/9/3 7358/9/3
f 7360/8/3 7356/8/3 7355/8/3
f 7361/9/3 7357/9/3 7356/9/3
f 7361/8/3 7356/8/3 7360/8/3
f 7362/9/3 7357/9/3 7361/9/3
f 7367/9/3 7364/9/3 7363/9/3
f 7368/9/3 7364/9/3 7367/9/3
f 7369/9/3 7366/9/3 7365/9/3
f 7370/9/3 7366/9/3 7369/9/3
f 7371/9/3 7369/9/3 7368/9/3
f 7372/9/3 7369/9/3 7371/9/3
f 7375/6/3 7374/6/3 7373/6/3
f 7376/6/3 7374/6/3 7375/6/3
f 7382/9/3 7378/9/3 7377/9/3
f 7383/9/3 7378/9/3 7382/9/3
f 7384/8/3 7380/8/3 7379/8/3
f 7385/9/3 7381/9/3 7380/9/3
f 7385/8/3 7380/8/3 7384/8/3
f 7386/9/3 7381/9/3 7385/9/3
f 7391/9/3 7388/9/3 7387/9/3
f 7392/9/3 7388/9/3 7391/9/3
f 7393/9/3 7390/9/3 7389/9/3
f 7394/9/3 7390/9/3 7393/9/3
f 7395/9/3 7393/9/3 7392/9/3
f 7396/9/3 7393/9/3 7395/9/3
f 7399/6/3 7398/6/3 7397/6/3
f 7400/6/3 7398/6/3 7399/6/3
f 7403/6/3 7402/6/3 7401/6/3
f 7404/6/3 7402/6/3 7403/6/3
f 7410/9/3 7406/9/3 7405/9/3
f 7411/9/3 7406/9/3 7410/9/3
f 7412/8/3 7408/8/3 7407/8/3
f 7413/9/3 7409/9/3 7408/9/3
f 7413/8/3 7408/8/3 7412/8/3
f 7414/9/3 7409/9/3 7413/9/3
f 7419/9/3 7416/9/3 7415/9/3
f 7420/9/3 7416/9/3 7419/9/3
f 7421/9/3 7418/9/3 7417/9/3
f 7422/9/3 7418/9/3 7421/9/3
f 7423/9/3 7421/9/3 7420/9/3
f 7424/9/3 7421/9/3 7423/9/3
f 7427/6/3 7426/6/3 7425/6/3
f 7428/6/3 7426/6/3 7427/6/3
f 7431/6/3 7430/6/3 7429/6/3
f 7432/6/3 7430/6/3 7431/6/3
f 7437/3/3 7436/3/3 7435/3/3
f 7438/3/3 7436/3/3 7437/3/3
f 7439/2/3 7434/2/3 7433/2/3
f 7440/2/3 7434/2/3 7439/2/3
f 7446/9/3 7442/9/3 7441/9/3
f 7447/9/3 7442/9/3 7446/9/3
f 7448/8/3 7444/8/3 7443/8/3
f 7449/9/3 7445/9/3 7444/9/3
f 7449/8/3 7444/8/3 7448/8/3
f 7450/9/3 7445/9/3 7449/9/3
f 7455/9/3 7452/9/3 7451/9/3
f 7456/9/3 7452/9/3 7455/9/3
f 7457/9/3 7454/9/3 7453/9/3
f 7458/9/3 7454/9/3 7457/9/3
f 7459/9/3 7457/9/3 7456/9/3
f 7460/9/3 7457/9/3 7459/9/3
f 7463/6/3 7462/6/3 7461/6/3
f 7464/6/3 7462/6/3 7463/6/3
f 7471/3/3 7468/3/3 7467/3/3
f 7472/3/3 7468/3/3 7471/3/3
f 7473/3/3 7470/3/3 7469/3/3
f 7474/3/3 7470/3/3 7473/3/3
f 7475/2/3 7466/2/3 7465/2/3
f 7476/2/3 7466/2/3 7475/2/3
f 7482/9/3 7478/9/3 7477/9/3
f 7483/9/3 7478/9/3 7482/9/3
f 7484/8/3 7480/8/3 7479/8/3
f 7485/9/3 7481/9/3 7480/9/3
f 7485/8/3 7480/8/3 7484/8/3
f 7486/9/3 7481/9/3 7485/9/3
f 7491/9/3 7488/9/3 7487/9/3
f 7492/9/3 7488/9/3 7491/9/3
f 7493/9/3 7490/9/3 7489/9/3
f 7494/9/3 7490/9/3 7493/9/3
f 7495/9/3 7493/9/3 7492/9/3
f 7496/9/3 7493/9/3 7495/9/3
f 7499/6/3 7498/6/3 7497/6/3
f 7500/6/3 7498/6/3 7499/6/3
f 7503/7/3 7502/7/3 7501/7/3
f 7504/7/3 7502/7/3 7503/7/3
f 7507/2/3 7506/2/3 7505/2/3
f 7508/2/3 7506/2/3 7507/2/3
f 7511/2/3 7510/2/3 7509/2/3
f 7512/2/3 7510/2/3 7511/2/3
f 7518/9/3 7514/9/3 7513/9/3
f 7519/9/3 7514/9/3 7518/9/3
f 7520/8/3 7516/8/3 7515/8/3
f 7521/9/3 7517/9/3 7516/9/3
f 7521/8/3 7516/8/3 7520/8/3
f 7522/9/3 7517/9/3 7521/9/3
f 7527/9/3 7524/9/3 7523/9/3
f 7528/9/3 7524/9/3 7527/9/3
f 7529/9/3 7526/9/3 7525/9/3
f 7530/9/3 7526/9/3 7529/9/3
f 7531/9/3 7529/9/3 7528/9/3
f 7532/9/3 7529/9/3 7531/9/3
f 7535/6/3 7534/6/3 7533/6/3
f 7536/6/3 7534/6/3 7535/6/3
f 7539/6/3 7537/6/3 7536/6/3
f 7540/6/3 7537/6/3 7539/6/3
f 7542/6/3 7539/6/3 7538/6/3
f 7543/6/3 7539/6/3 7542/6/3
f 7544/6/3 7542/6/3 7541/6/3
f 7545/6/3 7542/6/3 7544/6/3
f 7547/6/3 7546/6/3 7545/6/3
f 7548/6/3 7546/6/3 7547/6/3
f 7551/6/3 7549/6/3 7548/6/3
f 7552/6/3 7549/6/3 7551/6/3
f 7553/6/3 7551/6/3 7550/6/3
f 7554/6/3 7551/6/3 7553/6/3
f 7557/7/3 7556/7/3 7555/7/3
f 7558/7/3 7556/7/3 7557/7/3
f 7565/2/3 7560/2/3 7559/2/3
f 7566/2/3 7560/2/3 7565/2/3
f 7567/2/3 7562/2/3 7561/2/3
f 7568/2/3 7562/2/3 7567/2/3
f 7569/2/3 7564/2/3 7563/2/3
f 7570/2/3 7564/2/3 7569/2/3
f 7576/9/3 7572/9/3 7571/9/3
f 7577/9/3 7572/9/3 7576/9/3
f 7578/8/3 7574/8/3 7573/8/3
f 7579/9/3 7575/9/3 7574/9/3
f 7579/8/3 7574/8/3 7578/8/3
f 7580/9/3 7575/9/3 7579/9/3
f 7585/9/3 7582/9/3 7581/9/3
f 7586/9/3 7582/9/3 7585/9/3
f 7587/9/3 7584/9/3 7583/9/3
f 7588/9/3 7584/9/3 7587/9/3
f 7589/9/3 7587/9/3 7586/9/3
f 7590/9/3 7587/9/3 7589/9/3
f 7593/6/3 7592/6/3 7591/6/3
f 7594/6/3 7592/6/3 7593/6/3
f 7595/7/3 7594/7/3 7593/7/3
f 7596/7/3 7594/7/3 7595/7/3
f 7603/2/3 7598/2/3 7597/2/3
f 7604/2/3 7598/2/3 7603/2/3
f 7605/2/3 7600/2/3 7599/2/3
f 7606/2/3 7600/2/3 7605/2/3
f 7607/2/3 7602/2/3 7601/2/3
f 7608/2/3 7602/2/3 7607/2/3
f 7614/9/3 7610/9/3 7609/9/3
f 7615/9/3 7610/9/3 7614/9/3
f 7616/8/3 7612/8/3 7611/8/3
f 7617/9/3 7613/9/3 7612/9/3
f 7617/8/3 7612/8/3 7616/8/3
f 7618/9/3 7613/9/3 7617/9/3
f 7623/9/3 7620/9/3 7619/9/3
f 7624/9/3 7620/9/3 7623/9/3
f 7625/9/3 7622/9/3 7621/9/3
f 7626/9/3 7622/9/3 7625/9/3
f 7627/9/3 7625/9/3 7624/9/3
f 7628/9/3 7625/9/3 7627/9/3
f 7631/6/3 7630/6/3 7629/6/3
f 7632/6/3 7630/6/3 7631/6/3
f 7636/2/3 7634/2/3 7633/2/3
f 7637/2/3 7634/2/3 7636/2/3
f 7641/6/3 7636/6/3 7635/6/3
f 7642/2/3 7637/2/3 7636/2/3
f 7642/6/3 7636/6/3 7641/6/3
f 7642/2/3 7638/2/3 7637/2/3
f 7643/2/3 7638/2/3 7642/2/3
f 7647/2/3 7640/2/3 7639/2/3
f 7648/6/3 7642/6/3 7641/6/3
f 7649/6/3 7642/6/3 7648/6/3
f 7650/2/3 7638/2/3 7643/2/3
f 7652/2/3 7645/2/3 7644/2/3
f 7654/2/3 7647/2/3 7646/2/3
f 7655/2/3 7640/2/3 7647/2/3
f 7655/2/3 7647/2/3 7654/2/3
f 7656/2/3 7640/2/3 7655/2/3
f 7658/2/3 7650/2/3 7649/2/3
f 7659/2/3 7638/2/3 7650/2/3
f 7659/2/3 7650/2/3 7658/2/3
f 7660/2/3 7638/2/3 7659/2/3
f 7662/2/3 7652/2/3 7651/2/3
f 7663/2/3 7645/2/3 7652/2/3
f 7663/2/3 7652/2/3 7662/2/3
f 7664/2/3 7645/2/3 7663/2/3
f 7666/2/3 7654/2/3 7653/2/3
f 7666/2/3 7655/2/3 7654/2/3
f 7667/2/3 7655/2/3 7666/2/3
f 7668/2/3 7658/2/3 7657/2/3
f 7668/2/3 7659/2/3 7658/2/3
f 7669/2/3 7659/2/3 7668/2/3
f 7670/2/3 7662/2/3 7661/2/3
f 7670/2/3 7663/2/3 7662/2/3
f 7671/2/3 7663/2/3 7670/2/3
f 7672/2/3 7666/2/3 7665/2/3
f 7673/2/3 7666/2/3 7672/2/3
f 7674/2/3 7668/2/3 7667/2/3
f 7675/2/3 7668/2/3 7674/2/3
f 7676/2/3 7670/2/3 7669/2/3
f 7677/2/3 7670/2/3 7676/2/3
f 7679/2/3 7674/2/3 7673/2/3
f 7680/2/3 7674/2/3 7679/2/3
f 7681/2/3 7674/2/3 7680/2/3
f 7683/2/3 7676/2/3 7675/2/3
f 7684/2/3 7676/2/3 7683/2/3
f 7685/2/3 7676/2/3 7684/2/3
f 7687/2/3 7678/2/3 7677/2/3
f 7688/2/3 7678/2/3 7687/2/3
f 7689/2/3 7678/2/3 7688/2/3
f 7691/2/3 7682/2/3 7681/2/3
f 7691/2/3 7681/2/3 7680/2/3
f 7692/2/3 7682/2/3 7691/2/3
f 7693/2/3 7682/2/3 7692/2/3
f 7695/2/3 7686/2/3 7685/2/3
f 7695/2/3 7685/2/3 7684/2/3
f 7696/2/3 7686/2/3 7695/2/3
f 7697/2/3 7689/2/3 7688/2/3
f 7697/2/3 7690/2/3 7689/2/3
f 7698/2/3 7690/2/3 7697/2/3
f 7699/2/3 7693/2/3 7692/2/3
f 7700/3/3 7694/3/3 7693/3/3
f 7700/2/3 7693/2/3 7699/2/3
f 7701/3/3 7694/3/3 7700/3/3
f 7703/2/3 7686/2/3 7696/2/3
f 7704/2/3 7690/2/3 7698/2/3
f 7705/2/3 7690/2/3 7704/2/3
f 7706/3/3 7700/3/3 7699/3/3
f 7707/3/3 7700/3/3 7706/3/3
f 7708/2/3 7703/2/3 7702/2/3
f 7708/2/3 7686/2/3 7703/2/3
f 7709/2/3 7686/2/3 7708/2/3
f 7710/2/3 7708/2/3 7702/2/3
f 7711/2/3 7708/2/3 7710/2/3
f 7717/9/3 7713/9/3 7712/9/3
f 7718/9/3 7713/9/3 7717/9/3
f 7719/8/3 7715/8/3 7714/8/3
f 7720/9/3 7716/9/3 7715/9/3
f 7720/8/3 7715/8/3 7719/8/3
f 7721/9/3 7716/9/3 7720/9/3
f 7726/9/3 7723/9/3 7722/9/3
f 7727/9/3 7723/9/3 7726/9/3
f 7728/9/3 7725/9/3 7724/9/3
f 7729/9/3 7725/9/3 7728/9/3
f 7730/9/3 7728/9/3 7727/9/3
f 7731/9/3 7728/9/3 7730/9/3
f 7734/6/3 7733/6/3 7732/6/3
f 7735/6/3 7733/6/3 7734/6/3
f 7738/3/3 7737/3/3 7736/3/3
f 7739/3/3 7737/3/3 7738/3/3
f 7742/3/3 7741/3/3 7740/3/3
f 7743/3/3 7741/3/3 7742/3/3
f 7746/3/3 7745/3/3 7744/3/3
f 7747/3/3 7745/3/3 7746/3/3
f 7753/9/3 7749/9/3 7748/9/3
f 7754/9/3 7749/9/3 7753/9/3
f 7755/8/3 7751/8/3 7750/8/3
f 7756/9/3 7752/9/3 7751/9/3
f 7756/8/3 7751/8/3 7755/8/3
f 7757/9/3 7752/9/3 7756/9/3
f 7762/9/3 7759/9/3 7758/9/3
f 7763/9/3 7759/9/3 7762/9/3
f 7764/9/3 7761/9/3 7760/9/3
f 7765/9/3 7761/9/3 7764/9/3
f 7766/9/3 7764/9/3 7763/9/3
f 7767/9/3 7764/9/3 7766/9/3
f 7770/6/3 7769/6/3 7768/6/3
f 7771/6/3 7769/6/3 7770/6/3
f 7774/6/3 7773/6/3 7772/6/3
f 7775/6/3 7773/6/3 7774/6/3
f 7778/2/3 7777/2/3 7776/2/3
f 7779/2/3 7777/2/3 7778/2/3
f 7785/9/3 7781/9/3 7780/9/3
f 7786/9/3 7781/9/3 7785/9/3
f 7787/8/3 7783/8/3 7782/8/3
f 7788/9/3 7784/9/3 7783/9/3
f 7788/8/3 7783/8/3 7787/8/3
f 7789/9/3 7784/9/3 7788/9/3
f 7794/9/3 7791/9/3 7790/9/3
f 7795/9/3 7791/9/3 7794/9/3
f 7796/9/3 7793/9/3 7792/9/3
f 7797/9/3 7793/9/3 7796/9/3
f 7798/9/3 7796/9/3 7795/9/3
f 7799/9/3 7796/9/3 7798/9/3
f 7802/6/3 7801/6/3 7800/6/3
f 7803/6/3 7801/6/3 7802/6/3
f 7811/2/3 7805/2/3 7804/2/3
f 7812/2/3 7805/2/3 7811/2/3
f 7813/2/3 7807/2/3 7806/2/3
f 7814/2/3 7807/2/3 7813/2/3
f 7815/2/3 7809/2/3 7808/2/3
f 7816/3/3 7810/3/3 7809/3/3
f 7816/2/3 7809/2/3 7815/2/3
f 7817/3/3 7810/3/3 7816/3/3
f 7818/3/3 7816/3/3 7815/3/3
f 7819/3/3 7816/3/3 7818/3/3
f 7822/6/3 7821/6/3 7820/6/3
f 7823/6/3 7821/6/3 7822/6/3
f 7829/9/3 7825/9/3 7824/9/3
f 7830/9/3 7825/9/3 7829/9/3
f 7831/8/3 7827/8/3 7826/8/3
f 7832/9/3 7828/9/3 7827/9/3
f 7832/8/3 7827/8/3 7831/8/3
f 7833/9/3 7828/9/3 7832/9/3
f 7838/9/3 7835/9/3 7834/9/3
f 7839/9/3 7835/9/3 7838/9/3
f 7840/9/3 7837/9/3 7836/9/3
f 7841/9/3 7837/9/3 7840/9/3
f 7842/9/3 7840/9/3 7839/9/3
f 7843/9/3 7840/9/3 7842/9/3
f 7846/6/3 7845/6/3 7844/6/3
f 7847/6/3 7845/6/3 7846/6/3
f 7851/3/3 7849/3/3 7848/3/3
f 7852/3/3 7849/3/3 7851/3/3
f 7853/3/3 7851/3/3 7850/3/3
f 7854/3/3 7851/3/3 7853/3/3
f 7857/6/3 7856/6/3 7855/6/3
f 7858/6/3 7856/6/3 7857/6/3
f 7864/9/3 7860/9/3 7859/9/3
f 7865/9/3 7860/9/3 7864/9/3
f 7866/8/3 7862/8/3 7861/8/3
f 7867/9/3 7863/9/3 7862/9/3
f 7867/8/3 7862/8/3 7866/8/3
f 7868/9/3 7863/9/3 7867/9/3
f 7873/9/3 7870/9/3 7869/9/3
f 7874/9/3 7870/9/3 7873/9/3
f 7875/9/3 7872/9/3 7871/9/3
f 7876/9/3 7872/9/3 7875/9/3
f 7877/9/3 7875/9/3 7874/9/3
f 7878/9/3 7875/9/3 7877/9/3
f 7881/6/3 7880/6/3 7879/6/3
f 7882/6/3 7880/6/3 7881/6/3
f 7885/6/3 7884/6/3 7883/6/3
f 7886/6/3 7884/6/3 7885/6/3
f 7891/6/3 7888/6/3 7887/6/3
f 7892/6/3 7888/6/3 7891/6/3
f 7893/2/3 7890/2/3 7889/2/3
f 7894/2/3 7890/2/3 7893/2/3
f 7897/2/3 7896/2/3 7895/2/3
f 7898/2/3 7896/2/3 7897/2/3
f 7906/9/3 7902/9/3 7901/9/3
f 7907/9/3 7902/9/3 7906/9/3
f 7908/8/3 7904/8/3 7903/8/3
f 7909/9/3 7905/9/3 7904/9/3
f 7909/8/3 7904/8/3 7908/8/3
f 7910/9/3 7905/9/3 7909/9/3
f 7911/6/3 7900/6/3 7899/6/3
f 7912/6/3 7900/6/3 7911/6/3
f 7917/9/3 7914/9/3 7913/9/3
f 7918/9/3 7914/9/3 7917/9/3
f 7919/9/3 7916/9/3 7915/9/3
f 7920/9/3 7916/9/3 7919/9/3
f 7921/9/3 7919/9/3 7918/9/3
f 7922/9/3 7919/9/3 7921/9/3
f 7925/6/3 7924/6/3 7923/6/3
f 7926/6/3 7924/6/3 7925/6/3
f 7929/6/3 7928/6/3 7927/6/3
f 7930/6/3 7928/6/3 7929/6/3
f 7933/6/3 7932/6/3 7931/6/3
f 7934/6/3 7932/6/3 7933/6/3
f 7937/2/3 7936/2/3 7935/2/3
f 7938/2/3 7936/2/3 7937/2/3
f 7941/2/3 7940/2/3 7939/2/3
f 7942/2/3 7940/2/3 7941/2/3
f 7950/6/3 7944/6/3 7943/6/3
f 7951/6/3 7944/6/3 7950/6/3
f 7952/9/3 7946/9/3 7945/9/3
f 7953/9/3 7946/9/3 7952/9/3
f 7954/8/3 7948/8/3 7947/8/3
f 7955/9/3 7949/9/3 7948/9/3
f 7955/8/3 7948/8/3 7954/8/3
f 7956/9/3 7949/9/3 7955/9/3
f 7961/9/3 7958/9/3 7957/9/3
f 7962/9/3 7958/9/3 7961/9/3
f 7963/9/3 7960/9/3 7959/9/3
f 7964/9/3 7960/9/3 7963/9/3
f 7965/9/3 7963/9/3 7962/9/3
f 7966/9/3 7963/9/3 7965/9/3
f 7969/6/3 7968/6/3 7967/6/3
f 7970/6/3 7968/6/3 7969/6/3
f 7975/6/3 7972/6/3 7971/6/3
f 7976/6/3 7972/6/3 7975/6/3
f 7977/6/3 7974/6/3 7973/6/3
f 7978/6/3 7974/6/3 7977/6/3
f 7981/6/3 7980/6/3 7979/6/3
f 7982/6/3 7980/6/3 7981/6/3
f 7985/6/3 7984/6/3 7983/6/3
f 7986/6/3 7984/6/3 7985/6/3
f 7992/9/3 7988/9/3 7987/9/3
f 7993/9/3 7988/9/3 7992/9/3
f 7994/8/3 7990/8/3 7989/8/3
f 7995/9/3 7991/9/3 7990/9/3
f 7995/8/3 7990/8/3 7994/8/3
f 7996/9/3 7991/9/3 7995/9/3
f 8001/9/3 7998/9/3 7997/9/3
f 8002/9/3 7998/9/3 8001/9/3
f 8003/9/3 8000/9/3 7999/9/3
f 8004/9/3 8000/9/3 8003/9/3
f 8005/9/3 8003/9/3 8002/9/3
f 8006/9/3 8003/9/3 8005/9/3
f 8009/7/3 8008/7/3 8007/7/3
f 8011/7/3 8009/7/3 8007/7/3
f 8011/7/3 8010/7/3 8009/7/3
f 8012/7/3 8010/7/3 8011/7/3
f 8013/7/3 8010/7/3 8012/7/3
f 8015/7/3 8014/7/3 8013/7/3
f 8015/7/3 8013/7/3 8012/7/3
f 8016/7/3 8014/7/3 8015/7/3
f 8017/7/3 8014/7/3 8016/7/3
f 8019/7/3 8018/7/3 8017/7/3
f 8019/7/3 8017/7/3 8016/7/3
f 8020/7/3 8018/7/3 8019/7/3
f 8022/6/3 8020/6/3 8019/6/3
f 8023/6/3 8020/6/3 8022/6/3
f 8024/6/3 8020/6/3 8023/6/3
f 8026/6/3 8022/6/3 8021/6/3
f 8026/6/3 8023/6/3 8022/6/3
f 8027/6/3 8023/6/3 8026/6/3
f 8028/6/3 8023/6/3 8027/6/3
f 8030/6/3 8026/6/3 8025/6/3
f 8030/6/3 8027/6/3 8026/6/3
f 8031/6/3 8027/6/3 8030/6/3
f 8032/6/3 8027/6/3 8031/6/3
f 8034/6/3 8030/6/3 8029/6/3
f 8034/6/3 8031/6/3 8030/6/3
f 8035/6/3 8031/6/3 8034/6/3
f 8036/6/3 8031/6/3 8035/6/3
f 8038/6/3 8034/6/3 8033/6/3
f 8038/6/3 8035/6/3 8034/6/3
f 8039/6/3 8035/6/3 8038/6/3
f 8040/6/3 8035/6/3 8039/6/3
f 8042/6/3 8038/6/3 8037/6/3
f 8042/6/3 8039/6/3 8038/6/3
f 8043/6/3 8039/6/3 8042/6/3
f 8044/6/3 8039/6/3 8043/6/3
f 8046/6/3 8042/6/3 8041/6/3
f 8046/6/3 8043/6/3 8042/6/3
f 8047/6/3 8043/6/3 8046/6/3
f 8049/6/3 8046/6/3 8045/6/3
f 8050/6/3 8046/6/3 8049/6/3
f 8051/6/3 8048/6/3 8047/6/3
f 8052/6/3 8048/6/3 8051/6/3
f 8053/6/3 8051/6/3 8050/6/3
f 8054/6/3 8051/6/3 8053/6/3
f 8055/6/3 8051/6/3 8054/6/3
f 8057/6/3 8056/6/3 8055/6/3
f 8057/6/3 8055/6/3 8054/6/3
f 8058/6/3 8056/6/3 8057/6/3
f 8059/6/3 8056/6/3 8058/6/3
f 8061/6/3 8059/6/3 8058/6/3
f 8061/6/3 8060/6/3 8059/6/3
f 8062/6/3 8060/6/3 8061/6/3
f 8063/6/3 8060/6/3 8062/6/3
f 8065/6/3 8063/6/3 8062/6/3
f 8065/6/3 8064/6/3 8063/6/3
f 8066/6/3 8064/6/3 8065/6/3
f 8067/6/3 8064/6/3 8066/6/3
f 8069/6/3 8067/6/3 8066/6/3
f 8069/6/3 8068/6/3 8067/6/3
f 8070/6/3 8068/6/3 8069/6/3
f 8071/6/3 8068/6/3 8070/6/3
f 8073/6/3 8071/6/3 8070/6/3
f 8073/6/3 8072/6/3 8071/6/3
f 8074/6/3 8072/6/3 8073/6/3
f 8075/6/3 8072/6/3 8074/6/3
f 8078/6/3 8075/6/3 8074/6/3
f 8078/6/3 8076/6/3 8075/6/3
f 8079/6/3 8076/6/3 8078/6/3
f 8080/6/3 8076/6/3 8079/6/3
f 8082/7/3 8078/7/3 8077/7/3
f 8082/7/3 8079/7/3 8078/7/3
f 8083/7/3 8079/7/3 8082/7/3
f 8084/7/3 8079/7/3 8083/7/3
f 8085/7/3 8082/7/3 8081/7/3
f 8085/7/3 8083/7/3 8082/7/3
f 8086/7/3 8083/7/3 8085/7/3
f 8087/7/3 8085/7/3 8081/7/3
f 8088/7/3 8085/7/3 8087/7/3
f 8091/6/3 8090/6/3 8089/6/3
f 8092/6/3 8090/6/3 8091/6/3
f 8098/9/3 8094/9/3 8093/9/3
f 8099/9/3 8094/9/3 8098/9/3
f 8100/8/3 8096/8/3 8095/8/3
f 8101/9/3 8097/9/3 8096/9/3
f 8101/8/3 8096/8/3 8100/8/3
f 8102/9/3 8097/9/3 8101/9/3
f 8107/9/3 8104/9/3 8103/9/3
f 8108/9/3 8104/9/3 8107/9/3
f 8109/9/3 8106/9/3 8105/9/3
f 8110/9/3 8106/9/3 8109/9/3
f 8111/9/3 8109/9/3 8108/9/3
f 8112/9/3 8109/9/3 8111/9/3
f 8115/2/3 8114/2/3 8113/2/3
f 8116/2/3 8114/2/3 8115/2/3
f 8120/6/3 8118/6/3 8117/6/3
f 8122/6/3 8120/6/3 8119/6/3
f 8123/6/3 8118/6/3 8120/6/3
f 8123/6/3 8120/6/3 8122/6/3
f 8124/6/3 8118/6/3 8123/6/3
f 8126/6/3 8122/6/3 8121/6/3
f 8126/6/3 8123/6/3 8122/6/3
f 8127/6/3 8123/6/3 8126/6/3
f 8128/6/3 8123/6/3 8127/6/3
f 8130/6/3 8126/6/3 8125/6/3
f 8130/6/3 8127/6/3 8126/6/3
f 8131/6/3 8127/6/3 8130/6/3
f 8132/6/3 8130/6/3 8129/6/3
f 8133/6/3 8130/6/3 8132/6/3
f 8135/6/3 8134/6/3 8133/6/3
f 8136/6/3 8134/6/3 8135/6/3
f 8137/6/3 8134/6/3 8136/6/3
f 8139/6/3 8137/6/3 8136/6/3
f 8139/6/3 8138/6/3 8137/6/3
f 8140/6/3 8138/6/3 8139/6/3
f 8141/6/3 8138/6/3 8140/6/3
f 8148/6/3 8141/6/3 8140/6/3
f 8148/6/3 8142/6/3 8141/6/3
f 8149/6/3 8142/6/3 8148/6/3
f 8150/9/3 8144/9/3 8143/9/3
f 8151/9/3 8144/9/3 8150/9/3
f 8152/8/3 8146/8/3 8145/8/3
f 8153/9/3 8147/9/3 8146/9/3
f 8153/8/3 8146/8/3 8152/8/3
f 8154/9/3 8147/9/3 8153/9/3
f 8155/6/3 8142/6/3 8149/6/3
f 8156/6/3 8142/6/3 8155/6/3
f 8161/9/3 8158/9/3 8157/9/3
f 8162/9/3 8158/9/3 8161/9/3
f 8163/9/3 8160/9/3 8159/9/3
f 8164/9/3 8160/9/3 8163/9/3
f 8165/9/3 8163/9/3 8162/9/3
f 8166/9/3 8163/9/3 8165/9/3
f 8169/6/3 8168/6/3 8167/6/3
f 8170/6/3 8168/6/3 8169/6/3
f 8173/6/3 8172/6/3 8171/6/3
f 8174/6/3 8172/6/3 8173/6/3
f 8177/2/3 8176/2/3 8175/2/3
f 8178/2/3 8176/2/3 8177/2/3
f 8184/9/3 8180/9/3 8179/9/3
f 8185/9/3 8180/9/3 8184/9/3
f 8186/8/3 8182/8/3 8181/8/3
f 8187/9/3 8183/9/3 8182/9/3
f 8187/8/3 8182/8/3 8186/8/3
f 8188/9/3 8183/9/3 8187/9/3
f 8193/9/3 8190/9/3 8189/9/3
f 8194/9/3 8190/9/3 8193/9/3
f 8195/9/3 8192/9/3 8191/9/3
f 8196/9/3 8192/9/3 8195/9/3
f 8197/9/3 8195/9/3 8194/9/3
f 8198/9/3 8195/9/3 8197/9/3
f 8203/4/3 8200/4/3 8199/4/3
f 8204/4/3 8200/4/3 8203/4/3
f 8206/4/3 8202/4/3 8201/4/3
f 8207/4/3 8202/4/3 8206/4/3
f 8209/4/3 8205/4/3 8204/4/3
f 8210/4/3 8205/4/3 8209/4/3
f 8211/4/3 8208/4/3 8207/4/3
f 8212/4/3 8208/4/3 8211/4/3
f 8215/6/3 8214/6/3 8213/6/3
f 8216/6/3 8214/6/3 8215/6/3
f 8219/6/3 8218/6/3 8217/6/3
f 8220/6/3 8218/6/3 8219/6/3
f 8223/6/3 8222/6/3 8221/6/3
f 8224/6/3 8222/6/3 8223/6/3
f 8227/2/3 8226/2/3 8225/2/3
f 8228/2/3 8226/2/3 8227/2/3
f 8231/6/3 8230/6/3 8229/6/3
f 8232/6/3 8230/6/3 8231/6/3
f 8238/9/3 8234/9/3 8233/9/3
f 8239/9/3 8234/9/3 8238/9/3
f 8240/8/3 8236/8/3 8235/8/3
f 8241/9/3 8237/9/3 8236/9/3
f 8241/8/3 8236/8/3 8240/8/3
f 8242/9/3 8237/9/3 8241/9/3
f 8247/9/3 8244/9/3 8243/9/3
f 8248/9/3 8244/9/3 8247/9/3
f 8249/9/3 8246/9/3 8245/9/3
f 8250/9/3 8246/9/3 8249/9/3
f 8251/9/3 8249/9/3 8248/9/3
f 8252/9/3 8249/9/3 8251/9/3
f 8257/4/3 8254/4/3 8253/4/3
f 8258/4/3 8254/4/3 8257/4/3
f 8262/2/3 8256/2/3 8255/2/3
f 8263/2/3 8256/2/3 8262/2/3
f 8266/2/3 8258/2/3 8257/2/3
f 8267/4/3 8259/4/3 8258/4/3
f 8267/2/3 8258/2/3 8266/2/3
f 8268/4/3 8259/4/3 8267/4/3
f 8269/4/3 8261/4/3 8260/4/3
f 8270/2/3 8262/2/3 8261/2/3
f 8270/4/3 8261/4/3 8269/4/3
f 8271/2/3 8262/2/3 8270/2/3
f 8272/4/3 8264/4/3 8263/4/3
f 8273/4/3 8264/4/3 8272/4/3
f 8274/2/3 8266/2/3 8265/2/3
f 8275/2/3 8266/2/3 8274/2/3
f 8280/6/3 8279/6/3 8278/6/3
f 8281/6/3 8279/6/3 8280/6/3
f 8282/6/3 8277/6/3 8276/6/3
f 8283/6/3 8277/6/3 8282/6/3
f 8286/6/3 8285/6/3 8284/6/3
f 8287/6/3 8285/6/3 8286/6/3
f 8290/6/3 8289/6/3 8288/6/3
f 8291/6/3 8289/6/3 8290/6/3
f 8295/2/3 8293/2/3 8292/2/3
f 8297/2/3 8295/2/3 8294/2/3
f 8298/2/3 8293/2/3 8295/2/3
f 8298/2/3 8295/2/3 8297/2/3
f 8299/2/3 8293/2/3 8298/2/3
f 8301/2/3 8297/2/3 8296/2/3
f 8301/2/3 8298/2/3 8297/2/3
f 8302/2/3 8298/2/3 8301/2/3
f 8303/2/3 8301/2/3 8300/2/3
f 8304/2/3 8301/2/3 8303/2/3
f 8306/2/3 8305/2/3 8304/2/3
f 8307/2/3 8305/2/3 8306/2/3
f 8308/2/3 8305/2/3 8307/2/3
f 8310/2/3 8308/2/3 8307/2/3
f 8310/2/3 8309/2/3 8308/2/3
f 8311/2/3 8309/2/3 8310/2/3
f 8312/2/3 8309/2/3 8311/2/3
f 8313/2/3 8309/2/3 8312/2/3
f 8316/6/3 8315/6/3 8314/6/3
f 8317/6/3 8315/6/3 8316/6/3
f 8323/9/3 8319/9/3 8318/9/3
f 8324/9/3 8319/9/3 8323/9/3
f 8325/8/3 8321/8/3 8320/8/3
f 8326/9/3 8322/9/3 8321/9/3
f 8326/8/3 8321/8/3 8325/8/3
f 8327/9/3 8322/9/3 8326/9/3
f 8332/9/3 8329/9/3 8328/9/3
f 8333/9/3 8329/9/3 8332/9/3
f 8334/9/3 8331/9/3 8330/9/3
f 8335/9/3 8331/9/3 8334/9/3
f 8336/9/3 8334/9/3 8333/9/3
f 8337/9/3 8334/9/3 8336/9/3
f 8340/2/3 8339/2/3 8338/2/3
f 8341/2/3 8339/2/3 8340/2/3
f 8344/2/3 8343/2/3 8342/2/3
f 8345/2/3 8343/2/3 8344/2/3
f 8348/6/3 8347/6/3 8346/6/3
f 8349/6/3 8347/6/3 8348/6/3
f 8352/6/3 8351/6/3 8350/6/3
f 8353/6/3 8351/6/3 8352/6/3
f 8356/6/3 8355/6/3 8354/6/3
f 8357/6/3 8355/6/3 8356/6/3
f 8371/7/3 8361/7/3 8360/7/3
f 8372/7/3 8361/7/3 8371/7/3
f 8373/1/3 8365/1/3 8364/1/3
f 8374/1/3 8365/1/3 8373/1/3
f 8375/9/3 8367/9/3 8366/9/3
f 8376/9/3 8367/9/3 8375/9/3
f 8377/8/3 8369/8/3 8368/8/3
f 8378/9/3 8370/9/3 8369/9/3
f 8378/8/3 8369/8/3 8377/8/3
f 8379/9/3 8370/9/3 8378/9/3
f 8380/7/3 8359/7/3 8358/7/3
f 8381/7/3 8359/7/3 8380/7/3
f 8382/1/3 8372/1/3 8371/1/3
f 8383/1/3 8372/1/3 8382/1/3
f 8384/7/3 8363/7/3 8362/7/3
f 8385/7/3 8363/7/3 8384/7/3
f 8386/7/3 8374/7/3 8373/7/3
f 8387/7/3 8374/7/3 8386/7/3
f 8392/9/3 8389/9/3 8388/9/3
f 8393/9/3 8389/9/3 8392/9/3
f 8394/9/3 8391/9/3 8390/9/3
f 8395/9/3 8391/9/3 8394/9/3
f 8396/9/3 8394/9/3 8393/9/3
f 8397/9/3 8394/9/3 8396/9/3
f 8400/6/3 8399/6/3 8398/6/3
f 8401/6/3 8399/6/3 8400/6/3
f 8404/6/3 8403/6/3 8402/6/3
f 8405/6/3 8403/6/3 8404/6/3
f 8408/2/3 8407/2/3 8406/2/3
f 8409/2/3 8407/2/3 8408/2/3
f 8418/1/3 8413/1/3 8412/1/3
f 8419/1/3 8413/1/3 8418/1/3
f 8420/7/3 8415/7/3 8414/7/3
f 8421/7/3 8415/7/3 8420/7/3
f 8422/7/3 8417/7/3 8416/7/3
f 8423/7/3 8417/7/3 8422/7/3
f 8429/1/3 8411/1/3 8410/1/3
f 8430/1/3 8411/1/3 8429/1/3
f 8431/7/3 8419/7/3 8418/7/3
f 8432/7/3 8419/7/3 8431/7/3
f 8433/1/3 8421/1/3 8420/1/3
f 8434/1/3 8421/1/3 8433/1/3
f 8435/1/3 8423/1/3 8422/1/3
f 8436/1/3 8423/1/3 8435/1/3
f 8437/9/3 8425/9/3 8424/9/3
f 8438/9/3 8425/9/3 8437/9/3
f 8439/8/3 8427/8/3 8426/8/3
f 8440/9/3 8428/9/3 8427/9/3
f 8440/8/3 8427/8/3 8439/8/3
f 8441/9/3 8428/9/3 8440/9/3
f 8446/9/3 8443/9/3 8442/9/3
f 8447/9/3 8443/9/3 8446/9/3
f 8448/9/3 8445/9/3 8444/9/3
f 8449/9/3 8445/9/3 8448/9/3
f 8450/9/3 8448/9/3 8447/9/3
f 8451/9/3 8448/9/3 8450/9/3
f 8456/2/3 8453/2/3 8452/2/3
f 8457/2/3 8453/2/3 8456/2/3
f 8458/2/3 8455/2/3 8454/2/3
f 8459/2/3 8455/2/3 8458/2/3
f 8462/2/3 8461/2/3 8460/2/3
f 8463/2/3 8461/2/3 8462/2/3
f 8466/6/3 8465/6/3 8464/6/3
f 8467/6/3 8465/6/3 8466/6/3
f 8470/6/3 8468/6/3 8467/6/3
f 8471/6/3 8468/6/3 8470/6/3
f 8473/6/3 8470/6/3 8469/6/3
f 8474/6/3 8470/6/3 8473/6/3
f 8475/6/3 8473/6/3 8472/6/3
f 8476/6/3 8473/6/3 8475/6/3
f 8478/6/3 8477/6/3 8476/6/3
f 8479/6/3 8477/6/3 8478/6/3
f 8484/6/3 8480/6/3 8479/6/3
f 8485/6/3 8480/6/3 8484/6/3
f 8486/6/3 8484/6/3 8483/6/3
f 8487/6/3 8484/6/3 8486/6/3
f 8488/6/3 8482/6/3 8481/6/3
f 8489/6/3 8482/6/3 8488/6/3
f 8492/2/3 8491/2/3 8490/2/3
f 8493/2/3 8491/2/3 8492/2/3
f 8496/7/3 8495/7/3 8494/7/3
f 8497/7/3 8495/7/3 8496/7/3
f 8500/2/3 8499/2/3 8498/2/3
f 8501/2/3 8499/2/3 8500/2/3
f 8510/6/3 8503/6/3 8502/6/3
f 8511/6/3 8503/6/3 8510/6/3
f 8512/6/3 8505/6/3 8504/6/3
f 8513/6/3 8505/6/3 8512/6/3
f 8514/6/3 8507/6/3 8506/6/3
f 8515/6/3 8507/6/3 8514/6/3
f 8516/6/3 8509/6/3 8508/6/3
f 8517/6/3 8509/6/3 8516/6/3
f 8518/7/3 8511/7/3 8510/7/3
f 8519/7/3 8511/7/3 8518/7/3
f 8520/1/3 8513/1/3 8512/1/3
f 8521/1/3 8513/1/3 8520/1/3
f 8522/7/3 8515/7/3 8514/7/3
f 8523/7/3 8515/7/3 8522/7/3
f 8524/7/3 8517/7/3 8516/7/3
f 8525/7/3 8517/7/3 8524/7/3
f 8531/9/3 8527/9/3 8526/9/3
f 8532/9/3 8527/9/3 8531/9/3
f 8533/8/3 8529/8/3 8528/8/3
f 8534/9/3 8530/9/3 8529/9/3
f 8534/8/3 8529/8/3 8533/8/3
f 8535/9/3 8530/9/3 8534/9/3
f 8540/9/3 8537/9/3 8536/9/3
f 8541/9/3 8537/9/3 8540/9/3
f 8542/9/3 8539/9/3 8538/9/3
f 8543/9/3 8539/9/3 8542/9/3
f 8544/9/3 8542/9/3 8541/9/3
f 8545/9/3 8542/9/3 8544/9/3
f 8548/4/3 8547/4/3 8546/4/3
f 8549/4/3 8547/4/3 8548/4/3
f 8556/2/3 8551/2/3 8550/2/3
f 8557/2/3 8551/2/3 8556/2/3
f 8558/2/3 8553/2/3 8552/2/3
f 8559/2/3 8553/2/3 8558/2/3
f 8560/4/3 8555/4/3 8554/4/3
f 8561/4/3 8555/4/3 8560/4/3
f 8564/4/3 8563/4/3 8562/4/3
f 8565/4/3 8563/4/3 8564/4/3
f 8568/6/3 8567/6/3 8566/6/3
f 8569/6/3 8567/6/3 8568/6/3
f 8572/7/3 8571/7/3 8570/7/3
f 8573/7/3 8571/7/3 8572/7/3
f 8576/2/3 8575/2/3 8574/2/3
f 8577/2/3 8575/2/3 8576/2/3
f 8586/6/3 8579/6/3 8578/6/3
f 8587/6/3 8581/6/3 8580/6/3
f 8588/6/3 8583/6/3 8582/6/3
f 8589/6/3 8585/6/3 8584/6/3
f 8590/6/3 8579/6/3 8586/6/3
f 8591/6/3 8579/6/3 8590/6/3
f 8592/6/3 8581/6/3 8587/6/3
f 8593/6/3 8581/6/3 8592/6/3
f 8594/6/3 8583/6/3 8588/6/3
f 8595/6/3 8583/6/3 8594/6/3
f 8596/6/3 8585/6/3 8589/6/3
f 8597/6/3 8585/6/3 8596/6/3
f 8603/9/3 8599/9/3 8598/9/3
f 8604/9/3 8599/9/3 8603/9/3
f 8605/8/3 8601/8/3 8600/8/3
f 8606/9/3 8602/9/3 8601/9/3
f 8606/8/3 8601/8/3 8605/8/3
f 8607/9/3 8602/9/3 8606/9/3
f 8612/9/3 8609/9/3 8608/9/3
f 8613/9/3 8609/9/3 8612/9/3
f 8614/9/3 8611/9/3 8610/9/3
f 8615/9/3 8611/9/3 8614/9/3
f 8616/9/3 8614/9/3 8613/9/3
f 8617/9/3 8614/9/3 8616/9/3
f 8623/4/3 8619/4/3 8618/4/3
f 8624/4/3 8619/4/3 8623/4/3
f 8625/2/3 8621/2/3 8620/2/3
f 8626/2/3 8621/2/3 8625/2/3
f 8627/2/3 8623/2/3 8622/2/3
f 8627/2/3 8624/2/3 8623/2/3
f 8628/2/3 8624/2/3 8627/2/3
f 8629/2/3 8624/2/3 8628/2/3
f 8632/2/3 8621/2/3 8626/2/3
f 8633/2/3 8621/2/3 8632/2/3
f 8634/2/3 8621/2/3 8633/2/3
f 8636/2/3 8629/2/3 8628/2/3
f 8636/2/3 8630/2/3 8629/2/3
f 8637/2/3 8630/2/3 8636/2/3
f 8638/2/3 8630/2/3 8637/2/3
f 8641/2/3 8633/2/3 8632/2/3
f 8641/2/3 8632/2/3 8631/2/3
f 8642/2/3 8633/2/3 8641/2/3
f 8643/2/3 8637/2/3 8636/2/3
f 8643/2/3 8636/2/3 8635/2/3
f 8644/2/3 8637/2/3 8643/2/3
f 8645/4/3 8639/4/3 8638/4/3
f 8646/4/3 8639/4/3 8645/4/3
f 8648/2/3 8641/2/3 8640/2/3
f 8649/2/3 8641/2/3 8648/2/3
f 8650/2/3 8643/2/3 8642/2/3
f 8651/2/3 8643/2/3 8650/2/3
f 8652/2/3 8648/2/3 8640/2/3
f 8653/2/3 8648/2/3 8652/2/3
f 8654/2/3 8641/2/3 8649/2/3
f 8655/2/3 8641/2/3 8654/2/3
f 8657/2/3 8643/2/3 8651/2/3
f 8658/2/3 8643/2/3 8657/2/3
f 8659/4/3 8645/4/3 8644/4/3
f 8660/4/3 8645/4/3 8659/4/3
f 8661/4/3 8647/4/3 8646/4/3
f 8662/4/3 8647/4/3 8661/4/3
f 8663/2/3 8656/2/3 8655/2/3
f 8664/2/3 8656/2/3 8663/2/3
f 8665/2/3 8656/2/3 8664/2/3
f 8667/2/3 8659/2/3 8658/2/3
f 8668/2/3 8659/2/3 8667/2/3
f 8669/2/3 8659/2/3 8668/2/3
f 8670/4/3 8661/4/3 8660/4/3
f 8671/4/3 8661/4/3 8670/4/3
f 8672/2/3 8666/2/3 8665/2/3
f 8672/2/3 8665/2/3 8664/2/3
f 8673/2/3 8666/2/3 8672/2/3
f 8675/2/3 8669/2/3 8668/2/3
f 8675/2/3 8670/2/3 8669/2/3
f 8676/2/3 8670/2/3 8675/2/3
f 8680/4/3 8673/4/3 8672/4/3
f 8681/2/3 8666/2/3 8673/2/3
f 8681/4/3 8673/4/3 8680/4/3
f 8682/4/3 8675/4/3 8674/4/3
f 8682/4/3 8676/4/3 8675/4/3
f 8683/4/3 8676/4/3 8682/4/3
f 8684/2/3 8670/2/3 8676/2/3
f 8684/4/3 8676/4/3 8683/4/3
f 8685/4/3 8678/4/3 8677/4/3
f 8686/4/3 8678/4/3 8685/4/3
f 8687/4/3 8680/4/3 8679/4/3
f 8688/2/3 8681/2/3 8680/2/3
f 8688/4/3 8680/4/3 8687/4/3
f 8689/2/3 8666/2/3 8681/2/3
f 8689/2/3 8681/2/3 8688/2/3
f 8690/2/3 8666/2/3 8689/2/3
f 8693/2/3 8684/2/3 8683/2/3
f 8694/2/3 8670/2/3 8684/2/3
f 8694/2/3 8684/2/3 8693/2/3
f 8695/2/3 8670/2/3 8694/2/3
f 8696/4/3 8687/4/3 8686/4/3
f 8697/2/3 8688/2/3 8687/2/3
f 8697/4/3 8687/4/3 8696/4/3
f 8697/2/3 8689/2/3 8688/2/3
f 8698/2/3 8689/2/3 8697/2/3
f 8699/4/3 8692/4/3 8691/4/3
f 8700/2/3 8693/2/3 8692/2/3
f 8700/4/3 8692/4/3 8699/4/3
f 8700/2/3 8694/2/3 8693/2/3
f 8701/2/3 8694/2/3 8700/2/3
f 8706/6/3 8703/6/3 8702/6/3
f 8707/6/3 8703/6/3 8706/6/3
f 8708/4/3 8705/4/3 8704/4/3
f 8709/4/3 8705/4/3 8708/4/3
f 8712/6/3 8711/6/3 8710/6/3
f 8713/6/3 8711/6/3 8712/6/3
f 8718/6/3 8715/6/3 8714/6/3
f 8719/6/3 8715/6/3 8718/6/3
f 8720/2/3 8717/2/3 8716/2/3
f 8721/2/3 8717/2/3 8720/2/3
f 8724/2/3 8723/2/3 8722/2/3
f 8725/2/3 8723/2/3 8724/2/3
f 8731/9/3 8727/9/3 8726/9/3
f 8732/9/3 8727/9/3 8731/9/3
f 8733/8/3 8729/8/3 8728/8/3
f 8734/9/3 8730/9/3 8729/9/3
f 8734/8/3 8729/8/3 8733/8/3
f 8735/9/3 8730/9/3 8734/9/3
f 8740/9/3 8737/9/3 8736/9/3
f 8741/9/3 8737/9/3 8740/9/3
f 8742/9/3 8739/9/3 8738/9/3
f 8743/9/3 8739/9/3 8742/9/3
f 8744/9/3 8742/9/3 8741/9/3
f 8745/9/3 8742/9/3 8744/9/3
f 8748/4/3 8747/4/3 8746/4/3
f 8749/4/3 8747/4/3 8748/4/3
f 8750/4/3 8747/4/3 8749/4/3
f 8754/4/3 8752/4/3 8751/4/3
f 8754/4/3 8753/4/3 8752/4/3
f 8755/4/3 8753/4/3 8754/4/3
f 8756/4/3 8753/4/3 8755/4/3
f 8761/2/3 8758/2/3 8757/2/3
f 8762/2/3 8758/2/3 8761/2/3
f 8763/2/3 8760/2/3 8759/2/3
f 8764/2/3 8760/2/3 8763/2/3
f 8765/2/3 8760/2/3 8764/2/3
f 8770/4/3 8767/4/3 8766/4/3
f 8771/4/3 8770/4/3 8766/4/3
f 8772/4/3 8770/4/3 8771/4/3
f 8773/6/3 8769/6/3 8768/6/3
f 8774/6/3 8769/6/3 8773/6/3
f 8777/6/3 8776/6/3 8775/6/3
f 8778/6/3 8776/6/3 8777/6/3
f 8779/7/3 8778/7/3 8777/7/3
f 8780/7/3 8778/7/3 8779/7/3
f 8783/6/3 8782/6/3 8781/6/3
f 8784/6/3 8782/6/3 8783/6/3
f 8788/2/3 8786/2/3 8785/2/3
f 8790/2/3 8788/2/3 8787/2/3
f 8791/2/3 8786/2/3 8788/2/3
f 8791/2/3 8788/2/3 8790/2/3
f 8792/2/3 8786/2/3 8791/2/3
f 8794/2/3 8790/2/3 8789/2/3
f 8794/2/3 8791/2/3 8790/2/3
f 8795/2/3 8791/2/3 8794/2/3
f 8796/2/3 8794/2/3 8793/2/3
f 8797/2/3 8794/2/3 8796/2/3
f 8799/2/3 8798/2/3 8797/2/3
f 8800/2/3 8798/2/3 8799/2/3
f 8801/2/3 8798/2/3 8800/2/3
f 8803/2/3 8801/2/3 8800/2/3
f 8803/2/3 8802/2/3 8801/2/3
f 8804/2/3 8802/2/3 8803/2/3
f 8805/2/3 8802/2/3 8804/2/3
f 8806/2/3 8802/2/3 8805/2/3
f 8817/2/3 8816/2/3 8815/2/3
f 8818/2/3 8816/2/3 8817/2/3
f 8819/6/3 8808/6/3 8807/6/3
f 8820/6/3 8808/6/3 8819/6/3
f 8821/6/3 8810/6/3 8809/6/3
f 8822/6/3 8810/6/3 8821/6/3
f 8823/6/3 8812/6/3 8811/6/3
f 8824/6/3 8812/6/3 8823/6/3
f 8825/6/3 8814/6/3 8813/6/3
f 8826/6/3 8814/6/3 8825/6/3
f 8832/9/3 8828/9/3 8827/9/3
f 8833/9/3 8828/9/3 8832/9/3
f 8834/8/3 8830/8/3 8829/8/3
f 8835/9/3 8831/9/3 8830/9/3
f 8835/8/3 8830/8/3 8834/8/3
f 8836/9/3 8831/9/3 8835/9/3
f 8841/9/3 8838/9/3 8837/9/3
f 8842/9/3 8838/9/3 8841/9/3
f 8843/9/3 8840/9/3 8839/9/3
f 8844/9/3 8840/9/3 8843/9/3
f 8845/9/3 8843/9/3 8842/9/3
f 8846/9/3 8843/9/3 8845/9/3
f 8849/2/3 8848/2/3 8847/2/3
f 8850/2/3 8848/2/3 8849/2/3
f 8855/4/3 8852/4/3 8851/4/3
f 8856/4/3 8852/4/3 8855/4/3
f 8857/6/3 8854/6/3 8853/6/3
f 8858/6/3 8854/6/3 8857/6/3
f 8863/7/3 8860/7/3 8859/7/3
f 8864/4/3 8862/4/3 8861/4/3
f 8865/4/3 8862/4/3 8864/4/3
f 8866/7/3 8863/7/3 8859/7/3
f 8867/7/3 8863/7/3 8866/7/3
f 8870/6/3 8869/6/3 8868/6/3
f 8871/6/3 8869/6/3 8870/6/3
f 8880/6/3 8873/6/3 8872/6/3
f 8881/6/3 8873/6/3 8880/6/3
f 8882/6/3 8875/6/3 8874/6/3
f 8883/6/3 8875/6/3 8882/6/3
f 8884/6/3 8877/6/3 8876/6/3
f 8885/6/3 8877/6/3 8884/6/3
f 8886/6/3 8879/6/3 8878/6/3
f 8887/6/3 8879/6/3 8886/6/3
f 8893/9/3 8889/9/3 8888/9/3
f 8894/9/3 8889/9/3 8893/9/3
f 8895/8/3 8891/8/3 8890/8/3
f 8896/9/3 8892/9/3 8891/9/3
f 8896/8/3 8891/8/3 8895/8/3
f 8897/9/3 8892/9/3 8896/9/3
f 8902/9/3 8899/9/3 8898/9/3
f 8903/9/3 8899/9/3 8902/9/3
f 8904/9/3 8901/9/3 8900/9/3
f 8905/9/3 8901/9/3 8904/9/3
f 8906/9/3 8904/9/3 8903/9/3
f 8907/9/3 8904/9/3 8906/9/3
f 8914/4/3 8913/4/3 8912/4/3
f 8915/4/3 8913/4/3 8914/4/3
f 8916/2/3 8909/2/3 8908/2/3
f 8917/2/3 8909/2/3 8916/2/3
f 8918/2/3 8911/2/3 8910/2/3
f 8919/2/3 8911/2/3 8918/2/3
f 8922/4/3 8921/4/3 8920/4/3
f 8923/4/3 8921/4/3 8922/4/3
f 8926/4/3 8925/4/3 8924/4/3
f 8927/4/3 8925/4/3 8926/4/3
f 8930/6/3 8929/6/3 8928/6/3
f 8931/6/3 8929/6/3 8930/6/3
f 8934/7/3 8933/7/3 8932/7/3
f 8935/7/3 8933/7/3 8934/7/3
f 8937/6/3 8935/6/3 8934/6/3
f 8939/6/3 8937/6/3 8936/6/3
f 8940/6/3 8935/6/3 8937/6/3
f 8940/6/3 8937/6/3 8939/6/3
f 8941/6/3 8935/6/3 8940/6/3
f 8943/6/3 8939/6/3 8938/6/3
f 8943/6/3 8940/6/3 8939/6/3
f 8944/6/3 8940/6/3 8943/6/3
f 8945/6/3 8940/6/3 8944/6/3
f 8947/6/3 8943/6/3 8942/6/3
f 8947/6/3 8944/6/3 8943/6/3
f 8948/6/3 8944/6/3 8947/6/3
f 8949/6/3 8947/6/3 8946/6/3
f 8950/6/3 8947/6/3 8949/6/3
f 8952/6/3 8951/6/3 8950/6/3
f 8953/6/3 8951/6/3 8952/6/3
f 8954/6/3 8951/6/3 8953/6/3
f 8956/6/3 8954/6/3 8953/6/3
f 8956/6/3 8955/6/3 8954/6/3
f 8957/6/3 8955/6/3 8956/6/3
f 8958/6/3 8955/6/3 8957/6/3
f 8960/6/3 8958/6/3 8957/6/3
f 8960/6/3 8959/6/3 8958/6/3
f 8961/6/3 8959/6/3 8960/6/3
f 8962/6/3 8959/6/3 8961/6/3
f 8964/6/3 8962/6/3 8961/6/3
f 8965/7/3 8963/7/3 8962/7/3
f 8965/6/3 8962/6/3 8964/6/3
f 8966/7/3 8963/7/3 8965/7/3
f 8969/2/3 8968/2/3 8967/2/3
f 8970/2/3 8968/2/3 8969/2/3
f 8979/6/3 8972/6/3 8971/6/3
f 8980/6/3 8972/6/3 8979/6/3
f 8981/6/3 8974/6/3 8973/6/3
f 8982/6/3 8974/6/3 8981/6/3
f 8983/6/3 8976/6/3 8975/6/3
f 8984/6/3 8976/6/3 8983/6/3
f 8985/6/3 8978/6/3 8977/6/3
f 8986/6/3 8978/6/3 8985/6/3
f 8992/9/3 8988/9/3 8987/9/3
f 8993/9/3 8988/9/3 8992/9/3
f 8994/8/3 8990/8/3 8989/8/3
f 8995/9/3 8991/9/3 8990/9/3
f 8995/8/3 8990/8/3 8994/8/3
f 8996/9/3 8991/9/3 8995/9/3
f 9001/9/3 8998/9/3 8997/9/3
f 9002/9/3 8998/9/3 9001/9/3
f 9003/9/3 9000/9/3 8999/9/3
f 9004/9/3 9000/9/3 9003/9/3
f 9005/9/3 9003/9/3 9002/9/3
f 9006/9/3 9003/9/3 9005/9/3
f 9009/4/3 9008/4/3 9007/4/3
f 9010/4/3 9008/4/3 9009/4/3
f 9013/4/3 9012/4/3 9011/4/3
f 9014/4/3 9013/4/3 9011/4/3
f 9015/4/3 9013/4/3 9014/4/3
f 9018/6/3 9017/6/3 9016/6/3
f 9019/6/3 9017/6/3 9018/6/3
f 9022/7/3 9021/7/3 9020/7/3
f 9023/7/3 9021/7/3 9022/7/3
f 9026/7/3 9025/7/3 9024/7/3
f 9027/7/3 9025/7/3 9026/7/3
f 9030/2/3 9029/2/3 9028/2/3
f 9031/2/3 9029/2/3 9030/2/3
f 9040/6/3 9033/6/3 9032/6/3
f 9041/6/3 9033/6/3 9040/6/3
f 9042/6/3 9035/6/3 9034/6/3
f 9043/6/3 9035/6/3 9042/6/3
f 9044/6/3 9037/6/3 9036/6/3
f 9045/6/3 9037/6/3 9044/6/3
f 9046/6/3 9039/6/3 9038/6/3
f 9047/6/3 9039/6/3 9046/6/3
f 9056/6/3 9049/6/3 9048/6/3
f 9057/6/3 9049/6/3 9056/6/3
f 9058/6/3 9051/6/3 9050/6/3
f 9059/6/3 9051/6/3 9058/6/3
f 9060/6/3 9053/6/3 9052/6/3
f 9061/6/3 9053/6/3 9060/6/3
f 9062/6/3 9055/6/3 9054/6/3
f 9063/6/3 9055/6/3 9062/6/3
f 9072/6/3 9065/6/3 9064/6/3
f 9073/6/3 9065/6/3 9072/6/3
f 9074/6/3 9067/6/3 9066/6/3
f 9075/6/3 9067/6/3 9074/6/3
f 9076/6/3 9069/6/3 9068/6/3
f 9077/6/3 9069/6/3 9076/6/3
f 9078/6/3 9071/6/3 9070/6/3
f 9079/6/3 9071/6/3 9078/6/3
f 9085/9/3 9081/9/3 9080/9/3
f 9086/9/3 9081/9/3 9085/9/3
f 9087/8/3 9083/8/3 9082/8/3
f 9088/9/3 9084/9/3 9083/9/3
f 9088/8/3 9083/8/3 9087/8/3
f 9089/9/3 9084/9/3 9088/9/3
f 9094/9/3 9091/9/3 9090/9/3
f 9095/9/3 9091/9/3 9094/9/3
f 9096/9/3 9093/9/3 9092/9/3
f 9097/9/3 9093/9/3 9096/9/3
f 9098/9/3 9096/9/3 9095/9/3
f 9099/9/3 9096/9/3 9098/9/3
f 9106/2/3 9103/2/3 9102/2/3
f 9107/2/3 9103/2/3 9106/2/3
f 9108/2/3 9101/2/3 9100/2/3
f 9109/2/3 9101/2/3 9108/2/3
f 9111/4/3 9105/4/3 9104/4/3
f 9113/4/3 9111/4/3 9110/4/3
f 9114/4/3 9105/4/3 9111/4/3
f 9114/4/3 9111/4/3 9113/4/3
f 9115/4/3 9105/4/3 9114/4/3
f 9117/4/3 9113/4/3 9112/4/3
f 9117/4/3 9114/4/3 9113/4/3
f 9118/4/3 9114/4/3 9117/4/3
f 9119/4/3 9114/4/3 9118/4/3
f 9120/4/3 9117/4/3 9116/4/3
f 9120/4/3 9118/4/3 9117/4/3
f 9121/4/3 9118/4/3 9120/4/3
f 9123/4/3 9120/4/3 9116/4/3
f 9124/4/3 9120/4/3 9123/4/3
f 9126/4/3 9123/4/3 9122/4/3
f 9127/4/3 9123/4/3 9126/4/3
f 9128/4/3 9125/4/3 9124/4/3
f 9129/4/3 9125/4/3 9128/4/3
f 9130/4/3 9125/4/3 9129/4/3
f 9132/4/3 9130/4/3 9129/4/3
f 9132/4/3 9131/4/3 9130/4/3
f 9133/4/3 9131/4/3 9132/4/3
f 9134/4/3 9131/4/3 9133/4/3
f 9137/4/3 9128/4/3 9127/4/3
f 9138/4/3 9134/4/3 9133/4/3
f 9138/4/3 9135/4/3 9134/4/3
f 9139/4/3 9135/4/3 9138/4/3
f 9140/4/3 9135/4/3 9139/4/3
f 9141/4/3 9137/4/3 9136/4/3
f 9141/4/3 9128/4/3 9137/4/3
f 9142/4/3 9128/4/3 9141/4/3
f 9143/4/3 9140/4/3 9139/4/3
f 9144/4/3 9140/4/3 9143/4/3
f 9145/4/3 9141/4/3 9136/4/3
f 9146/4/3 9141/4/3 9145/4/3
f 9149/6/3 9148/6/3 9147/6/3
f 9150/6/3 9148/6/3 9149/6/3
f 9153/6/3 9152/6/3 9151/6/3
f 9154/6/3 9152/6/3 9153/6/3
f 9163/6/3 9156/6/3 9155/6/3
f 9164/6/3 9156/6/3 9163/6/3
f 9165/6/3 9158/6/3 9157/6/3
f 9166/6/3 9158/6/3 9165/6/3
f 9167/6/3 9160/6/3 9159/6/3
f 9168/6/3 9160/6/3 9167/6/3
f 9169/6/3 9162/6/3 9161/6/3
f 9170/6/3 9162/6/3 9169/6/3
f 9179/6/3 9172/6/3 9171/6/3
f 9180/6/3 9172/6/3 9179/6/3
f 9181/6/3 9174/6/3 9173/6/3
f 9182/6/3 9174/6/3 9181/6/3
f 9183/6/3 9176/6/3 9175/6/3
f 9184/6/3 9176/6/3 9183/6/3
f 9185/6/3 9178/6/3 9177/6/3
f 9186/6/3 9178/6/3 9185/6/3
f 9195/6/3 9188/6/3 9187/6/3
f 9196/6/3 9188/6/3 9195/6/3
f 9197/6/3 9190/6/3 9189/6/3
f 9198/6/3 9190/6/3 9197/6/3
f 9199/6/3 9192/6/3 9191/6/3
f 9200/6/3 9192/6/3 9199/6/3
f 9201/6/3 9194/6/3 9193/6/3
f 9202/6/3 9194/6/3 9201/6/3
f 9205/6/3 9204/6/3 9203/6/3
f 9206/6/3 9204/6/3 9205/6/3
f 9212/9/3 9208/9/3 9207/9/3
f 9213/9/3 9208/9/3 9212/9/3
f 9214/8/3 9210/8/3 9209/8/3
f 9215/9/3 9211/9/3 9210/9/3
f 9215/8/3 9210/8/3 9214/8/3
f 9216/9/3 9211/9/3 9215/9/3
f 9221/9/3 9218/9/3 9217/9/3
f 9222/9/3 9218/9/3 9221/9/3
f 9223/9/3 9220/9/3 9219/9/3
f 9224/9/3 9220/9/3 9223/9/3
f 9225/9/3 9223/9/3 9222/9/3
f 9226/9/3 9223/9/3 9225/9/3
f 9232/4/3 9230/4/3 9229/4/3
f 9233/2/3 9231/2/3 9230/2/3
f 9233/4/3 9230/4/3 9232/4/3
f 9234/2/3 9228/2/3 9227/2/3
f 9235/2/3 9228/2/3 9234/2/3
f 9236/2/3 9231/2/3 9233/2/3
f 9237/2/3 9231/2/3 9236/2/3
f 9240/2/3 9239/2/3 9238/2/3
f 9241/2/3 9239/2/3 9240/2/3
f 9244/4/3 9243/4/3 9242/4/3
f 9245/4/3 9243/4/3 9244/4/3
f 9248/6/3 9247/6/3 9246/6/3
f 9249/6/3 9247/6/3 9248/6/3
f 9252/6/3 9250/6/3 9249/6/3
f 9253/6/3 9250/6/3 9252/6/3
f 9255/6/3 9252/6/3 9251/6/3
f 9256/6/3 9252/6/3 9255/6/3
f 9257/6/3 9255/6/3 9254/6/3
f 9258/6/3 9255/6/3 9257/6/3
f 9260/6/3 9259/6/3 9258/6/3
f 9261/6/3 9259/6/3 9260/6/3
f 9264/6/3 9262/6/3 9261/6/3
f 9265/6/3 9262/6/3 9264/6/3
f 9266/6/3 9264/6/3 9263/6/3
f 9267/6/3 9264/6/3 9266/6/3
f 9270/6/3 9269/6/3 9268/6/3
f 9271/6/3 9269/6/3 9270/6/3
f 9282/6/3 9273/6/3 9272/6/3
f 9283/6/3 9273/6/3 9282/6/3
f 9286/6/3 9275/6/3 9274/6/3
f 9287/6/3 9275/6/3 9286/6/3
f 9290/6/3 9277/6/3 9276/6/3
f 9291/6/3 9277/6/3 9290/6/3
f 9294/6/3 9279/6/3 9278/6/3
f 9295/6/3 9279/6/3 9294/6/3
f 9296/6/3 9281/6/3 9280/6/3
f 9297/6/3 9281/6/3 9296/6/3
f 9300/6/3 9285/6/3 9284/6/3
f 9301/6/3 9285/6/3 9300/6/3
f 9304/6/3 9289/6/3 9288/6/3
f 9305/6/3 9289/6/3 9304/6/3
f 9308/6/3 9293/6/3 9292/6/3
f 9309/6/3 9293/6/3 9308/6/3
f 9312/6/3 9299/6/3 9298/6/3
f 9313/6/3 9299/6/3 9312/6/3
f 9314/6/3 9303/6/3 9302/6/3
f 9315/6/3 9303/6/3 9314/6/3
f 9316/6/3 9307/6/3 9306/6/3
f 9317/6/3 9307/6/3 9316/6/3
f 9318/6/3 9311/6/3 9310/6/3
f 9319/6/3 9311/6/3 9318/6/3
f 9322/6/3 9321/6/3 9320/6/3
f 9323/6/3 9321/6/3 9322/6/3
f 9329/9/3 9325/9/3 9324/9/3
f 9330/9/3 9325/9/3 9329/9/3
f 9331/8/3 9327/8/3 9326/8/3
f 9332/9/3 9328/9/3 9327/9/3
f 9332/8/3 9327/8/3 9331/8/3
f 9333/9/3 9328/9/3 9332/9/3
f 9338/9/3 9335/9/3 9334/9/3
f 9339/9/3 9335/9/3 9338/9/3
f 9340/9/3 9337/9/3 9336/9/3
f 9341/9/3 9337/9/3 9340/9/3
f 9342/9/3 9340/9/3 9339/9/3
f 9343/9/3 9340/9/3 9342/9/3
f 9348/4/3 9345/4/3 9344/4/3
f 9349/4/3 9345/4/3 9348/4/3
f 9350/4/3 9347/4/3 9346/4/3
f 9351/4/3 9347/4/3 9350/4/3
f 9354/4/3 9353/4/3 9352/4/3
f 9355/4/3 9353/4/3 9354/4/3
f 9358/6/3 9357/6/3 9356/6/3
f 9359/6/3 9357/6/3 9358/6/3
f 9368/1/3 9361/1/3 9360/1/3
f 9369/1/3 9361/1/3 9368/1/3
f 9371/7/3 9363/7/3 9362/7/3
f 9373/1/3 9365/1/3 9364/1/3
f 9374/1/3 9365/1/3 9373/1/3
f 9376/7/3 9367/7/3 9366/7/3
f 9378/7/3 9370/7/3 9369/7/3
f 9378/7/3 9369/7/3 9368/7/3
f 9379/7/3 9370/7/3 9378/7/3
f 9380/7/3 9370/7/3 9379/7/3
f 9382/7/3 9371/7/3 9362/7/3
f 9383/1/3 9372/1/3 9371/1/3
f 9383/7/3 9371/7/3 9382/7/3
f 9384/1/3 9372/1/3 9383/1/3
f 9386/7/3 9374/7/3 9373/7/3
f 9387/1/3 9375/1/3 9374/1/3
f 9387/7/3 9374/7/3 9386/7/3
f 9388/1/3 9375/1/3 9387/1/3
f 9390/7/3 9377/7/3 9376/7/3
f 9390/7/3 9376/7/3 9366/7/3
f 9391/7/3 9377/7/3 9390/7/3
f 9392/7/3 9377/7/3 9391/7/3
f 9394/7/3 9380/7/3 9379/7/3
f 9395/1/3 9381/1/3 9380/1/3
f 9395/7/3 9380/7/3 9394/7/3
f 9396/1/3 9381/1/3 9395/1/3
f 9398/7/3 9384/7/3 9383/7/3
f 9399/1/3 9385/1/3 9384/1/3
f 9399/7/3 9384/7/3 9398/7/3
f 9400/1/3 9385/1/3 9399/1/3
f 9402/7/3 9388/7/3 9387/7/3
f 9403/1/3 9389/1/3 9388/1/3
f 9403/7/3 9388/7/3 9402/7/3
f 9404/1/3 9389/1/3 9403/1/3
f 9406/7/3 9393/7/3 9392/7/3
f 9406/7/3 9392/7/3 9391/7/3
f 9407/7/3 9393/7/3 9406/7/3
f 9408/7/3 9393/7/3 9407/7/3
f 9410/7/3 9396/7/3 9395/7/3
f 9411/1/3 9397/1/3 9396/1/3
f 9411/7/3 9396/7/3 9410/7/3
f 9412/1/3 9397/1/3 9411/1/3
f 9413/7/3 9400/7/3 9399/7/3
f 9414/1/3 9401/1/3 9400/1/3
f 9414/7/3 9400/7/3 9413/7/3
f 9415/1/3 9401/1/3 9414/1/3
f 9416/7/3 9405/7/3 9404/7/3
f 9416/7/3 9404/7/3 9403/7/3
f 9417/7/3 9405/7/3 9416/7/3
f 9418/7/3 9408/7/3 9407/7/3
f 9418/7/3 9409/7/3 9408/7/3
f 9419/7/3 9409/7/3 9418/7/3
f 9421/6/3 9412/6/3 9411/6/3
f 9421/6/3 9411/6/3 9410/6/3
f 9422/6/3 9412/6/3 9421/6/3
f 9423/6/3 9412/6/3 9422/6/3
f 9425/6/3 9415/6/3 9414/6/3
f 9425/6/3 9414/6/3 9413/6/3
f 9426/6/3 9415/6/3 9425/6/3
f 9427/6/3 9415/6/3 9426/6/3
f 9429/6/3 9417/6/3 9416/6/3
f 9430/6/3 9417/6/3 9429/6/3
f 9431/6/3 9417/6/3 9430/6/3
f 9433/6/3 9419/6/3 9418/6/3
f 9434/6/3 9419/6/3 9433/6/3
f 9435/6/3 9419/6/3 9434/6/3
f 9437/6/3 9422/6/3 9421/6/3
f 9437/6/3 9421/6/3 9420/6/3
f 9438/6/3 9422/6/3 9437/6/3
f 9439/6/3 9422/6/3 9438/6/3
f 9441/6/3 9425/6/3 9424/6/3
f 9441/6/3 9426/6/3 9425/6/3
f 9442/6/3 9426/6/3 9441/6/3
f 9443/6/3 9426/6/3 9442/6/3
f 9445/6/3 9430/6/3 9429/6/3
f 9445/6/3 9429/6/3 9428/6/3
f 9446/6/3 9430/6/3 9445/6/3
f 9447/6/3 9430/6/3 9446/6/3
f 9449/6/3 9434/6/3 9433/6/3
f 9449/6/3 9433/6/3 9432/6/3
f 9450/6/3 9434/6/3 9449/6/3
f 9451/6/3 9434/6/3 9450/6/3
f 9453/6/3 9438/6/3 9437/6/3
f 9453/6/3 9437/6/3 9436/6/3
f 9454/6/3 9438/6/3 9453/6/3
f 9455/6/3 9438/6/3 9454/6/3
f 9457/6/3 9442/6/3 9441/6/3
f 9457/6/3 9441/6/3 9440/6/3
f 9458/6/3 9442/6/3 9457/6/3
f 9459/6/3 9442/6/3 9458/6/3
f 9461/6/3 9446/6/3 9445/6/3
f 9461/6/3 9445/6/3 9444/6/3
f 9462/6/3 9446/6/3 9461/6/3
f 9463/6/3 9446/6/3 9462/6/3
f 9465/6/3 9450/6/3 9449/6/3
f 9465/6/3 9449/6/3 9448/6/3
f 9466/6/3 9450/6/3 9465/6/3
f 9467/6/3 9450/6/3 9466/6/3
f 9469/6/3 9454/6/3 9453/6/3
f 9469/6/3 9453/6/3 9452/6/3
f 9470/6/3 9454/6/3 9469/6/3
f 9471/6/3 9454/6/3 9470/6/3
f 9473/6/3 9458/6/3 9457/6/3
f 9473/6/3 9457/6/3 9456/6/3
f 9474/6/3 9458/6/3 9473/6/3
f 9475/6/3 9458/6/3 9474/6/3
f 9477/6/3 9462/6/3 9461/6/3
f 9477/6/3 9461/6/3 9460/6/3
f 9478/6/3 9462/6/3 9477/6/3
f 9479/6/3 9462/6/3 9478/6/3
f 9481/6/3 9466/6/3 9465/6/3
f 9481/6/3 9465/6/3 9464/6/3
f 9482/6/3 9466/6/3 9481/6/3
f 9483/6/3 9466/6/3 9482/6/3
f 9485/6/3 9470/6/3 9469/6/3
f 9485/6/3 9469/6/3 9468/6/3
f 9486/6/3 9470/6/3 9485/6/3
f 9487/6/3 9470/6/3 9486/6/3
f 9489/6/3 9474/6/3 9473/6/3
f 9489/6/3 9473/6/3 9472/6/3
f 9490/6/3 9474/6/3 9489/6/3
f 9491/6/3 9474/6/3 9490/6/3
f 9493/6/3 9478/6/3 9477/6/3
f 9493/6/3 9477/6/3 9476/6/3
f 9494/6/3 9478/6/3 9493/6/3
f 9495/6/3 9478/6/3 9494/6/3
f 9497/6/3 9482/6/3 9481/6/3
f 9497/6/3 9481/6/3 9480/6/3
f 9498/6/3 9482/6/3 9497/6/3
f 9499/6/3 9482/6/3 9498/6/3
f 9501/6/3 9486/6/3 9485/6/3
f 9501/6/3 9485/6/3 9484/6/3
f 9502/6/3 9486/6/3 9501/6/3
f 9503/6/3 9486/6/3 9502/6/3
f 9505/6/3 9490/6/3 9489/6/3
f 9505/6/3 9489/6/3 9488/6/3
f 9506/6/3 9490/6/3 9505/6/3
f 9507/6/3 9490/6/3 9506/6/3
f 9509/6/3 9494/6/3 9493/6/3
f 9509/6/3 9493/6/3 9492/6/3
f 9510/6/3 9494/6/3 9509/6/3
f 9511/6/3 9494/6/3 9510/6/3
f 9513/6/3 9498/6/3 9497/6/3
f 9513/6/3 9497/6/3 9496/6/3
f 9514/6/3 9498/6/3 9513/6/3
f 9515/6/3 9498/6/3 9514/6/3
f 9517/6/3 9502/6/3 9501/6/3
f 9517/6/3 9501/6/3 9500/6/3
f 9518/6/3 9502/6/3 9517/6/3
f 9521/6/3 9506/6/3 9505/6/3
f 9521/6/3 9505/6/3 9504/6/3
f 9522/6/3 9506/6/3 9521/6/3
f 9525/6/3 9510/6/3 9509/6/3
f 9525/6/3 9509/6/3 9508/6/3
f 9526/6/3 9510/6/3 9525/6/3
f 9529/6/3 9514/6/3 9513/6/3
f 9529/6/3 9513/6/3 9512/6/3
f 9530/6/3 9514/6/3 9529/6/3
f 9533/6/3 9517/6/3 9516/6/3
f 9534/6/3 9517/6/3 9533/6/3
f 9535/6/3 9520/6/3 9519/6/3
f 9535/6/3 9519/6/3 9518/6/3
f 9535/6/3 9521/6/3 9520/6/3
f 9536/6/3 9521/6/3 9535/6/3
f 9537/6/3 9521/6/3 9536/6/3
f 9538/6/3 9521/6/3 9537/6/3
f 9539/6/3 9524/6/3 9523/6/3
f 9539/6/3 9523/6/3 9522/6/3
f 9539/6/3 9525/6/3 9524/6/3
f 9540/6/3 9525/6/3 9539/6/3
f 9541/6/3 9525/6/3 9540/6/3
f 9542/6/3 9525/6/3 9541/6/3
f 9543/6/3 9528/6/3 9527/6/3
f 9543/6/3 9527/6/3 9526/6/3
f 9543/6/3 9529/6/3 9528/6/3
f 9544/6/3 9529/6/3 9543/6/3
f 9545/6/3 9529/6/3 9544/6/3
f 9546/6/3 9529/6/3 9545/6/3
f 9547/6/3 9531/6/3 9530/6/3
f 9547/6/3 9532/6/3 9531/6/3
f 9548/6/3 9532/6/3 9547/6/3
f 9549/6/3 9532/6/3 9548/6/3
f 9550/6/3 9535/6/3 9534/6/3
f 9551/6/3 9535/6/3 9550/6/3
f 9552/6/3 9535/6/3 9551/6/3
f 9554/6/3 9539/6/3 9538/6/3
f 9555/6/3 9539/6/3 9554/6/3
f 9556/6/3 9539/6/3 9555/6/3
f 9558/6/3 9543/6/3 9542/6/3
f 9559/6/3 9543/6/3 9558/6/3
f 9560/6/3 9543/6/3 9559/6/3
f 9562/6/3 9547/6/3 9546/6/3
f 9563/6/3 9547/6/3 9562/6/3
f 9564/6/3 9547/6/3 9563/6/3
f 9566/6/3 9553/6/3 9552/6/3
f 9566/6/3 9552/6/3 9551/6/3
f 9567/6/3 9553/6/3 9566/6/3
f 9568/6/3 9553/6/3 9567/6/3
f 9570/6/3 9557/6/3 9556/6/3
f 9570/6/3 9556/6/3 9555/6/3
f 9571/6/3 9557/6/3 9570/6/3
f 9572/6/3 9557/6/3 9571/6/3
f 9574/6/3 9561/6/3 9560/6/3
f 9574/6/3 9560/6/3 9559/6/3
f 9575/6/3 9561/6/3 9574/6/3
f 9576/6/3 9561/6/3 9575/6/3
f 9578/6/3 9565/6/3 9564/6/3
f 9578/6/3 9564/6/3 9563/6/3
f 9579/6/3 9565/6/3 9578/6/3
f 9580/6/3 9565/6/3 9579/6/3
f 9582/6/3 9569/6/3 9568/6/3
f 9582/6/3 9568/6/3 9567/6/3
f 9583/6/3 9569/6/3 9582/6/3
f 9584/6/3 9569/6/3 9583/6/3
f 9586/6/3 9573/6/3 9572/6/3
f 9586/6/3 9572/6/3 9571/6/3
f 9587/6/3 9573/6/3 9586/6/3
f 9588/6/3 9573/6/3 9587/6/3
f 9590/6/3 9577/6/3 9576/6/3
f 9590/6/3 9576/6/3 9575/6/3
f 9591/6/3 9577/6/3 9590/6/3
f 9592/6/3 9577/6/3 9591/6/3
f 9594/6/3 9581/6/3 9580/6/3
f 9594/6/3 9580/6/3 9579/6/3
f 9595/6/3 9581/6/3 9594/6/3
f 9596/6/3 9581/6/3 9595/6/3
f 9598/6/3 9585/6/3 9584/6/3
f 9598/6/3 9584/6/3 9583/6/3
f 9599/6/3 9585/6/3 9598/6/3
f 9600/6/3 9585/6/3 9599/6/3
f 9602/6/3 9589/6/3 9588/6/3
f 9602/6/3 9588/6/3 9587/6/3
f 9603/6/3 9589/6/3 9602/6/3
f 9604/6/3 9589/6/3 9603/6/3
f 9606/6/3 9593/6/3 9592/6/3
f 9606/6/3 9592/6/3 9591/6/3
f 9607/6/3 9593/6/3 9606/6/3
f 9608/6/3 9593/6/3 9607/6/3
f 9610/6/3 9596/6/3 9595/6/3
f 9610/6/3 9597/6/3 9596/6/3
f 9611/6/3 9597/6/3 9610/6/3
f 9612/6/3 9597/6/3 9611/6/3
f 9616/6/3 9601/6/3 9600/6/3
f 9616/6/3 9600/6/3 9599/6/3
f 9617/6/3 9601/6/3 9616/6/3
f 9618/6/3 9601/6/3 9617/6/3
f 9620/6/3 9605/6/3 9604/6/3
f 9620/6/3 9604/6/3 9603/6/3
f 9621/6/3 9605/6/3 9620/6/3
f 9622/6/3 9605/6/3 9621/6/3
f 9624/6/3 9609/6/3 9608/6/3
f 9624/6/3 9608/6/3 9607/6/3
f 9625/6/3 9609/6/3 9624/6/3
f 9626/6/3 9609/6/3 9625/6/3
f 9628/6/3 9612/6/3 9611/6/3
f 9628/6/3 9613/6/3 9612/6/3
f 9629/6/3 9613/6/3 9628/6/3
f 9630/6/3 9613/6/3 9629/6/3
f 9632/6/3 9615/6/3 9614/6/3
f 9633/6/3 9615/6/3 9632/6/3
f 9634/6/3 9619/6/3 9618/6/3
f 9634/6/3 9618/6/3 9617/6/3
f 9635/6/3 9619/6/3 9634/6/3
f 9636/6/3 9619/6/3 9635/6/3
f 9638/6/3 9623/6/3 9622/6/3
f 9638/6/3 9622/6/3 9621/6/3
f 9639/6/3 9623/6/3 9638/6/3
f 9640/6/3 9623/6/3 9639/6/3
f 9642/6/3 9627/6/3 9626/6/3
f 9642/6/3 9626/6/3 9625/6/3
f 9643/6/3 9627/6/3 9642/6/3
f 9644/6/3 9627/6/3 9643/6/3
f 9646/6/3 9630/6/3 9629/6/3
f 9646/6/3 9631/6/3 9630/6/3
f 9647/6/3 9631/6/3 9646/6/3
f 9648/6/3 9631/6/3 9647/6/3
f 9651/6/3 9637/6/3 9636/6/3
f 9651/6/3 9636/6/3 9635/6/3
f 9652/6/3 9637/6/3 9651/6/3
f 9653/6/3 9637/6/3 9652/6/3
f 9655/6/3 9641/6/3 9640/6/3
f 9655/6/3 9640/6/3 9639/6/3
f 9656/6/3 9641/6/3 9655/6/3
f 9657/6/3 9641/6/3 9656/6/3
f 9659/6/3 9645/6/3 9644/6/3
f 9659/6/3 9644/6/3 9643/6/3
f 9660/6/3 9645/6/3 9659/6/3
f 9661/6/3 9645/6/3 9660/6/3
f 9663/6/3 9648/6/3 9647/6/3
f 9663/6/3 9649/6/3 9648/6/3
f 9664/6/3 9649/6/3 9663/6/3
f 9665/6/3 9649/6/3 9664/6/3
f 9667/7/3 9652/7/3 9651/7/3
f 9667/7/3 9651/7/3 9650/7/3
f 9668/7/3 9652/7/3 9667/7/3
f 9669/7/3 9652/7/3 9668/7/3
f 9671/7/3 9655/7/3 9654/7/3
f 9672/1/3 9656/1/3 9655/1/3
f 9672/7/3 9655/7/3 9671/7/3
f 9673/1/3 9656/1/3 9672/1/3
f 9675/7/3 9659/7/3 9658/7/3
f 9676/1/3 9660/1/3 9659/1/3
f 9676/7/3 9659/7/3 9675/7/3
f 9677/1/3 9660/1/3 9676/1/3
f 9679/7/3 9663/7/3 9662/7/3
f 9680/1/3 9664/1/3 9663/1/3
f 9680/7/3 9663/7/3 9679/7/3
f 9681/1/3 9664/1/3 9680/1/3
f 9687/7/3 9667/7/3 9666/7/3
f 9687/7/3 9668/7/3 9667/7/3
f 9688/7/3 9668/7/3 9687/7/3
f 9689/7/3 9671/7/3 9670/7/3
f 9689/7/3 9672/7/3 9671/7/3
f 9690/7/3 9672/7/3 9689/7/3
f 9691/7/3 9672/7/3 9690/7/3
f 9692/7/3 9675/7/3 9674/7/3
f 9692/1/3 9676/1/3 9675/1/3
f 9693/1/3 9676/1/3 9692/1/3
f 9694/7/3 9679/7/3 9678/7/3
f 9694/1/3 9680/1/3 9679/1/3
f 9695/1/3 9680/1/3 9694/1/3
f 9696/9/3 9683/9/3 9682/9/3
f 9697/9/3 9683/9/3 9696/9/3
f 9698/8/3 9685/8/3 9684/8/3
f 9699/9/3 9686/9/3 9685/9/3
f 9699/8/3 9685/8/3 9698/8/3
f 9700/9/3 9686/9/3 9699/9/3
f 9701/7/3 9687/7/3 9666/7/3
f 9702/7/3 9687/7/3 9701/7/3
f 9703/1/3 9690/1/3 9689/1/3
f 9704/1/3 9690/1/3 9703/1/3
f 9705/7/3 9692/7/3 9674/7/3
f 9706/7/3 9692/7/3 9705/7/3
f 9707/7/3 9694/7/3 9678/7/3
f 9708/7/3 9694/7/3 9707/7/3
f 9713/9/3 9710/9/3 9709/9/3
f 9714/9/3 9710/9/3 9713/9/3
f 9715/9/3 9712/9/3 9711/9/3
f 9716/9/3 9712/9/3 9715/9/3
f 9717/9/3 9715/9/3 9714/9/3
f 9718/9/3 9715/9/3 9717/9/3
f 9721/4/3 9720/4/3 9719/4/3
f 9722/4/3 9720/4/3 9721/4/3
f 9725/6/3 9724/6/3 9723/6/3
f 9726/6/3 9724/6/3 9725/6/3
f 9729/7/3 9728/7/3 9727/7/3
f 9730/7/3 9728/7/3 9729/7/3
f 9736/9/3 9732/9/3 9731/9/3
f 9737/9/3 9732/9/3 9736/9/3
f 9738/8/3 9734/8/3 9733/8/3
f 9739/9/3 9735/9/3 9734/9/3
f 9739/8/3 9734/8/3 9738/8/3
f 9740/9/3 9735/9/3 9739/9/3
f 9745/9/3 9742/9/3 9741/9/3
f 9746/9/3 9742/9/3 9745/9/3
f 9747/9/3 9744/9/3 9743/9/3
f 9748/9/3 9744/9/3 9747/9/3
f 9749/9/3 9747/9/3 9746/9/3
f 9750/9/3 9747/9/3 9749/9/3
f 9753/7/3 9752/7/3 9751/7/3
f 9754/7/3 9752/7/3 9753/7/3
f 9759/7/3 9756/7/3 9755/7/3
f 9760/7/3 9756/7/3 9759/7/3
f 9761/4/3 9758/4/3 9757/4/3
f 9762/4/3 9758/4/3 9761/4/3
f 9765/6/3 9764/6/3 9763/6/3
f 9766/6/3 9764/6/3 9765/6/3
f 9775/6/3 9768/6/3 9767/6/3
f 9776/6/3 9768/6/3 9775/6/3
f 9777/6/3 9770/6/3 9769/6/3
f 9778/6/3 9770/6/3 9777/6/3
f 9779/6/3 9772/6/3 9771/6/3
f 9780/6/3 9772/6/3 9779/6/3
f 9781/6/3 9774/6/3 9773/6/3
f 9782/6/3 9774/6/3 9781/6/3
f 9791/6/3 9784/6/3 9783/6/3
f 9792/6/3 9784/6/3 9791/6/3
f 9793/6/3 9786/6/3 9785/6/3
f 9794/6/3 9786/6/3 9793/6/3
f 9795/6/3 9788/6/3 9787/6/3
f 9796/6/3 9788/6/3 9795/6/3
f 9797/6/3 9790/6/3 9789/6/3
f 9798/6/3 9790/6/3 9797/6/3
f 9804/9/3 9800/9/3 9799/9/3
f 9805/9/3 9800/9/3 9804/9/3
f 9806/8/3 9802/8/3 9801/8/3
f 9807/9/3 9803/9/3 9802/9/3
f 9807/8/3 9802/8/3 9806/8/3
f 9808/9/3 9803/9/3 9807/9/3
f 9813/9/3 9810/9/3 9809/9/3
f 9814/9/3 9810/9/3 9813/9/3
f 9815/9/3 9812/9/3 9811/9/3
f 9816/9/3 9812/9/3 9815/9/3
f 9819/9/3 9815/9/3 9814/9/3
f 9820/9/3 9815/9/3 9819/9/3
f 9821/7/3 9818/7/3 9817/7/3
f 9822/7/3 9818/7/3 9821/7/3
f 9825/7/3 9824/7/3 9823/7/3
f 9826/7/3 9824/7/3 9825/7/3
f 9829/4/3 9828/4/3 9827/4/3
f 9830/4/3 9828/4/3 9829/4/3
f 9833/2/3 9832/2/3 9831/2/3
f 9834/2/3 9832/2/3 9833/2/3
f 9837/6/3 9836/6/3 9835/6/3
f 9838/6/3 9836/6/3 9837/6/3
f 9841/6/3 9840/6/3 9839/6/3
f 9842/6/3 9840/6/3 9841/6/3
f 9851/6/3 9844/6/3 9843/6/3
f 9852/6/3 9844/6/3 9851/6/3
f 9853/6/3 9846/6/3 9845/6/3
f 9854/6/3 9846/6/3 9853/6/3
f 9855/6/3 9848/6/3 9847/6/3
f 9856/6/3 9848/6/3 9855/6/3
f 9857/6/3 9850/6/3 9849/6/3
f 9858/6/3 9850/6/3 9857/6/3
f 9867/6/3 9860/6/3 9859/6/3
f 9868/6/3 9860/6/3 9867/6/3
f 9869/6/3 9862/6/3 9861/6/3
f 9870/6/3 9862/6/3 9869/6/3
f 9871/6/3 9864/6/3 9863/6/3
f 9872/6/3 9864/6/3 9871/6/3
f 9873/6/3 9866/6/3 9865/6/3
f 9874/6/3 9866/6/3 9873/6/3
f 9883/6/3 9876/6/3 9875/6/3
f 9884/6/3 9876/6/3 9883/6/3
f 9885/6/3 9878/6/3 9877/6/3
f 9886/6/3 9878/6/3 9885/6/3
f 9887/6/3 9880/6/3 9879/6/3
f 9888/6/3 9880/6/3 9887/6/3
f 9889/6/3 9882/6/3 9881/6/3
f 9890/6/3 9882/6/3 9889/6/3
f 9896/9/3 9892/9/3 9891/9/3
f 9897/9/3 9892/9/3 9896/9/3
f 9898/8/3 9894/8/3 9893/8/3
f 9899/9/3 9895/9/3 9894/9/3
f 9899/8/3 9894/8/3 9898/8/3
f 9900/9/3 9895/9/3 9899/9/3
f 9907/9/3 9902/9/3 9901/9/3
f 9908/9/3 9902/9/3 9907/9/3
f 9909/9/3 9904/9/3 9903/9/3
f 9910/9/3 9904/9/3 9909/9/3
f 9911/6/3 9906/6/3 9905/6/3
f 9912/6/3 9906/6/3 9911/6/3
f 9913/9/3 9909/9/3 9908/9/3
f 9914/9/3 9909/9/3 9913/9/3
f 9915/7/3 9912/7/3 9911/7/3
f 9916/7/3 9912/7/3 9915/7/3
f 9919/6/3 9918/6/3 9917/6/3
f 9920/6/3 9918/6/3 9919/6/3
f 9923/2/3 9922/2/3 9921/2/3
f 9924/2/3 9922/2/3 9923/2/3
f 9927/2/3 9926/2/3 9925/2/3
f 9928/2/3 9926/2/3 9927/2/3
f 9931/6/3 9930/6/3 9929/6/3
f 9932/6/3 9930/6/3 9931/6/3
f 9941/6/3 9934/6/3 9933/6/3
f 9942/6/3 9934/6/3 9941/6/3
f 9943/6/3 9936/6/3 9935/6/3
f 9944/6/3 9936/6/3 9943/6/3
f 9945/6/3 9938/6/3 9937/6/3
f 9946/6/3 9938/6/3 9945/6/3
f 9947/6/3 9940/6/3 9939/6/3
f 9948/6/3 9940/6/3 9947/6/3
f 9957/6/3 9950/6/3 9949/6/3
f 9958/6/3 9950/6/3 9957/6/3
f 9959/6/3 9952/6/3 9951/6/3
f 9960/6/3 9952/6/3 9959/6/3
f 9961/6/3 9954/6/3 9953/6/3
f 9962/6/3 9954/6/3 9961/6/3
f 9963/6/3 9956/6/3 9955/6/3
f 9964/6/3 9956/6/3 9963/6/3
f 9973/6/3 9966/6/3 9965/6/3
f 9974/6/3 9966/6/3 9973/6/3
f 9975/6/3 9968/6/3 9967/6/3
f 9976/6/3 9968/6/3 9975/6/3
f 9977/6/3 9970/6/3 9969/6/3
f 9978/6/3 9970/6/3 9977/6/3
f 9979/6/3 9972/6/3 9971/6/3
f 9980/6/3 9972/6/3 9979/6/3
f 9986/9/3 9982/9/3 9981/9/3
f 9987/9/3 9982/9/3 9986/9/3
f 9988/8/3 9984/8/3 9983/8/3
f 9989/9/3 9985/9/3 9984/9/3
f 9989/8/3 9984/8/3 9988/8/3
f 9990/9/3 9985/9/3 9989/9/3
f 9997/6/3 9992/6/3 9991/6/3
f 9998/9/3 9994/9/3 9993/9/3
f 9999/9/3 9994/9/3 9998/9/3
f 10000/9/3 9996/9/3 9995/9/3
f 10001/9/3 9996/9/3 10000/9/3
f 10002/6/3 9992/6/3 9997/6/3
f 10003/6/3 9992/6/3 10002/6/3
f 10004/9/3 10000/9/3 9999/9/3
f 10005/9/3 10000/9/3 10004/9/3
f 10008/2/3 10007/2/3 10006/2/3
f 10009/2/3 10007/2/3 10008/2/3
f 10012/5/3 10011/5/3 10010/5/3
f 10013/5/3 10011/5/3 10012/5/3
f 10016/6/3 10015/6/3 10014/6/3
f 10017/6/3 10015/6/3 10016/6/3
f 10020/2/3 10019/2/3 10018/2/3
f 10021/2/3 10019/2/3 10020/2/3
f 10024/6/3 10023/6/3 10022/6/3
f 10025/6/3 10023/6/3 10024/6/3
f 10034/6/3 10027/6/3 10026/6/3
f 10035/6/3 10027/6/3 10034/6/3
f 10036/6/3 10029/6/3 10028/6/3
f 10037/6/3 10029/6/3 10036/6/3
f 10038/6/3 10031/6/3 10030/6/3
f 10039/6/3 10031/6/3 10038/6/3
f 10040/6/3 10033/6/3 10032/6/3
f 10041/6/3 10033/6/3 10040/6/3
f 10047/9/3 10043/9/3 10042/9/3
f 10048/9/3 10043/9/3 10047/9/3
f 10049/8/3 10045/8/3 10044/8/3
f 10050/9/3 10046/9/3 10045/9/3
f 10050/8/3 10045/8/3 10049/8/3
f 10051/9/3 10046/9/3 10050/9/3
f 10056/9/3 10053/9/3 10052/9/3
f 10057/9/3 10053/9/3 10056/9/3
f 10058/9/3 10055/9/3 10054/9/3
f 10059/9/3 10055/9/3 10058/9/3
f 10060/9/3 10058/9/3 10057/9/3
f 10061/9/3 10058/9/3 10060/9/3
f 10064/6/3 10063/6/3 10062/6/3
f 10065/6/3 10063/6/3 10064/6/3
f 10068/2/3 10067/2/3 10066/2/3
f 10069/2/3 10067/2/3 10068/2/3
f 10072/2/3 10071/2/3 10070/2/3
f 10073/2/3 10071/2/3 10072/2/3
f 10076/6/3 10075/6/3 10074/6/3
f 10077/6/3 10075/6/3 10076/6/3
f 10086/6/3 10079/6/3 10078/6/3
f 10087/6/3 10079/6/3 10086/6/3
f 10088/6/3 10081/6/3 10080/6/3
f 10089/6/3 10081/6/3 10088/6/3
f 10090/6/3 10083/6/3 10082/6/3
f 10091/6/3 10083/6/3 10090/6/3
f 10092/6/3 10085/6/3 10084/6/3
f 10093/6/3 10085/6/3 10092/6/3
f 10101/9/3 10097/9/3 10096/9/3
f 10102/9/3 10097/9/3 10101/9/3
f 10103/8/3 10099/8/3 10098/8/3
f 10104/9/3 10100/9/3 10099/9/3
f 10104/8/3 10099/8/3 10103/8/3
f 10105/9/3 10100/9/3 10104/9/3
f 10106/6/3 10095/6/3 10094/6/3
f 10107/6/3 10095/6/3 10106/6/3
f 10112/9/3 10109/9/3 10108/9/3
f 10113/9/3 10109/9/3 10112/9/3
f 10114/9/3 10111/9/3 10110/9/3
f 10115/9/3 10111/9/3 10114/9/3
f 10116/9/3 10114/9/3 10113/9/3
f 10117/9/3 10114/9/3 10116/9/3
f 10120/7/3 10119/7/3 10118/7/3
f 10121/7/3 10119/7/3 10120/7/3
f 10123/6/3 10121/6/3 10120/6/3
f 10124/6/3 10123/6/3 10122/6/3
f 10125/6/3 10121/6/3 10123/6/3
f 10125/6/3 10123/6/3 10124/6/3
f 10129/6/3 10127/6/3 10126/6/3
f 10130/6/3 10127/6/3 10129/6/3
f 10131/6/3 10129/6/3 10128/6/3
f 10132/6/3 10129/6/3 10131/6/3
f 10134/6/3 10133/6/3 10132/6/3
f 10135/6/3 10133/6/3 10134/6/3
f 10136/6/3 10133/6/3 10135/6/3
f 10138/6/3 10136/6/3 10135/6/3
f 10138/6/3 10137/6/3 10136/6/3
f 10139/6/3 10137/6/3 10138/6/3
f 10140/6/3 10137/6/3 10139/6/3
f 10142/6/3 10141/6/3 10140/6/3
f 10142/6/3 10140/6/3 10139/6/3
f 10143/6/3 10141/6/3 10142/6/3
f 10144/6/3 10141/6/3 10143/6/3
f 10147/6/3 10144/6/3 10143/6/3
f 10148/7/3 10145/7/3 10144/7/3
f 10148/6/3 10144/6/3 10147/6/3
f 10149/7/3 10145/7/3 10148/7/3
f 10151/2/3 10147/2/3 10146/2/3
f 10153/2/3 10151/2/3 10150/2/3
f 10154/2/3 10147/2/3 10151/2/3
f 10154/2/3 10151/2/3 10153/2/3
f 10155/2/3 10147/2/3 10154/2/3
f 10157/2/3 10153/2/3 10152/2/3
f 10157/2/3 10154/2/3 10153/2/3
f 10158/2/3 10154/2/3 10157/2/3
f 10159/2/3 10157/2/3 10156/2/3
f 10160/2/3 10157/2/3 10159/2/3
f 10162/2/3 10161/2/3 10160/2/3
f 10163/2/3 10161/2/3 10162/2/3
f 10164/2/3 10161/2/3 10163/2/3
f 10166/2/3 10164/2/3 10163/2/3
f 10166/2/3 10165/2/3 10164/2/3
f 10167/2/3 10165/2/3 10166/2/3
f 10168/2/3 10165/2/3 10167/2/3
f 10169/2/3 10165/2/3 10168/2/3
f 10173/6/3 10171/6/3 10170/6/3
f 10175/6/3 10173/6/3 10172/6/3
f 10176/6/3 10171/6/3 10173/6/3
f 10176/6/3 10173/6/3 10175/6/3
f 10177/6/3 10171/6/3 10176/6/3
f 10179/6/3 10175/6/3 10174/6/3
f 10179/6/3 10176/6/3 10175/6/3
f 10180/6/3 10176/6/3 10179/6/3
f 10181/6/3 10176/6/3 10180/6/3
f 10183/6/3 10179/6/3 10178/6/3
f 10183/6/3 10180/6/3 10179/6/3
f 10184/6/3 10180/6/3 10183/6/3
f 10185/6/3 10183/6/3 10182/6/3
f 10186/6/3 10183/6/3 10185/6/3
f 10188/6/3 10187/6/3 10186/6/3
f 10189/6/3 10187/6/3 10188/6/3
f 10190/6/3 10187/6/3 10189/6/3
f 10192/6/3 10190/6/3 10189/6/3
f 10192/6/3 10191/6/3 10190/6/3
f 10193/6/3 10191/6/3 10192/6/3
f 10194/6/3 10191/6/3 10193/6/3
f 10196/6/3 10194/6/3 10193/6/3
f 10196/6/3 10195/6/3 10194/6/3
f 10197/6/3 10195/6/3 10196/6/3
f 10198/6/3 10195/6/3 10197/6/3
f 10199/6/3 10195/6/3 10198/6/3
f 10208/6/3 10201/6/3 10200/6/3
f 10209/6/3 10201/6/3 10208/6/3
f 10210/6/3 10203/6/3 10202/6/3
f 10211/6/3 10203/6/3 10210/6/3
f 10212/6/3 10205/6/3 10204/6/3
f 10213/6/3 10205/6/3 10212/6/3
f 10214/6/3 10207/6/3 10206/6/3
f 10215/6/3 10207/6/3 10214/6/3
f 10223/6/3 10217/6/3 10216/6/3
f 10224/6/3 10217/6/3 10223/6/3
f 10225/9/3 10219/9/3 10218/9/3
f 10226/9/3 10219/9/3 10225/9/3
f 10227/8/3 10221/8/3 10220/8/3
f 10228/9/3 10222/9/3 10221/9/3
f 10228/8/3 10221/8/3 10227/8/3
f 10229/9/3 10222/9/3 10228/9/3
f 10234/9/3 10231/9/3 10230/9/3
f 10235/9/3 10231/9/3 10234/9/3
f 10236/9/3 10233/9/3 10232/9/3
f 10237/9/3 10233/9/3 10236/9/3
f 10238/9/3 10236/9/3 10235/9/3
f 10239/9/3 10236/9/3 10238/9/3
f 10242/7/3 10241/7/3 10240/7/3
f 10243/7/3 10241/7/3 10242/7/3
f 10247/6/3 10245/6/3 10244/6/3
f 10247/6/3 10246/6/3 10245/6/3
f 10248/6/3 10246/6/3 10247/6/3
f 10249/6/3 10246/6/3 10248/6/3
f 10252/7/3 10251/7/3 10250/7/3
f 10253/7/3 10251/7/3 10252/7/3
f 10256/4/3 10255/4/3 10254/4/3
f 10257/4/3 10255/4/3 10256/4/3
f 10266/6/3 10259/6/3 10258/6/3
f 10267/6/3 10259/6/3 10266/6/3
f 10268/6/3 10261/6/3 10260/6/3
f 10269/6/3 10261/6/3 10268/6/3
f 10270/6/3 10263/6/3 10262/6/3
f 10271/6/3 10263/6/3 10270/6/3
f 10272/6/3 10265/6/3 10264/6/3
f 10273/6/3 10265/6/3 10272/6/3
f 10276/2/3 10275/2/3 10274/2/3
f 10277/2/3 10275/2/3 10276/2/3
f 10280/6/3 10279/6/3 10278/6/3
f 10281/6/3 10279/6/3 10280/6/3
f 10284/6/3 10283/6/3 10282/6/3
f 10285/6/3 10283/6/3 10284/6/3
f 10291/9/3 10287/9/3 10286/9/3
f 10292/9/3 10287/9/3 10291/9/3
f 10293/8/3 10289/8/3 10288/8/3
f 10294/9/3 10290/9/3 10289/9/3
f 10294/8/3 10289/8/3 10293/8/3
f 10295/9/3 10290/9/3 10294/9/3
f 10300/9/3 10297/9/3 10296/9/3
f 10301/9/3 10297/9/3 10300/9/3
f 10302/9/3 10299/9/3 10298/9/3
f 10303/9/3 10299/9/3 10302/9/3
f 10304/9/3 10302/9/3 10301/9/3
f 10305/9/3 10302/9/3 10304/9/3
f 10308/6/3 10307/6/3 10306/6/3
f 10309/6/3 10307/6/3 10308/6/3
f 10312/2/3 10311/2/3 10310/2/3
f 10313/2/3 10311/2/3 10312/2/3
f 10316/4/3 10315/4/3 10314/4/3
f 10317/4/3 10316/4/3 10314/4/3
f 10318/4/3 10316/4/3 10317/4/3
f 10321/6/3 10320/6/3 10319/6/3
f 10322/6/3 10320/6/3 10321/6/3
f 10325/2/3 10324/2/3 10323/2/3
f 10326/2/3 10324/2/3 10325/2/3
f 10329/6/3 10328/6/3 10327/6/3
f 10330/6/3 10328/6/3 10329/6/3
f 10333/6/3 10332/6/3 10331/6/3
f 10334/6/3 10332/6/3 10333/6/3
f 10337/6/3 10336/6/3 10335/6/3
f 10338/6/3 10336/6/3 10337/6/3
f 10346/9/3 10340/9/3 10339/9/3
f 10347/9/3 10340/9/3 10346/9/3
f 10348/8/3 10342/8/3 10341/8/3
f 10349/9/3 10343/9/3 10342/9/3
f 10349/8/3 10342/8/3 10348/8/3
f 10350/9/3 10343/9/3 10349/9/3
f 10351/6/3 10345/6/3 10344/6/3
f 10352/6/3 10345/6/3 10351/6/3
f 10357/9/3 10354/9/3 10353/9/3
f 10358/9/3 10354/9/3 10357/9/3
f 10359/9/3 10356/9/3 10355/9/3
f 10360/9/3 10356/9/3 10359/9/3
f 10361/9/3 10359/9/3 10358/9/3
f 10362/9/3 10359/9/3 10361/9/3
f 10365/6/3 10364/6/3 10363/6/3
f 10366/6/3 10364/6/3 10365/6/3
f 10369/2/3 10368/2/3 10367/2/3
f 10370/2/3 10368/2/3 10369/2/3
f 10373/4/3 10372/4/3 10371/4/3
f 10374/4/3 10372/4/3 10373/4/3
f 10377/4/3 10376/4/3 10375/4/3
f 10378/4/3 10376/4/3 10377/4/3
f 10381/6/3 10380/6/3 10379/6/3
f 10382/6/3 10380/6/3 10381/6/3
f 10391/7/3 10384/7/3 10383/7/3
f 10392/7/3 10384/7/3 10391/7/3
f 10393/7/3 10386/7/3 10385/7/3
f 10394/7/3 10386/7/3 10393/7/3
f 10395/7/3 10388/7/3 10387/7/3
f 10396/7/3 10388/7/3 10395/7/3
f 10397/7/3 10390/7/3 10389/7/3
f 10398/7/3 10390/7/3 10397/7/3
f 10401/2/3 10400/2/3 10399/2/3
f 10402/2/3 10400/2/3 10401/2/3
f 10405/6/3 10404/6/3 10403/6/3
f 10406/6/3 10404/6/3 10405/6/3
f 10409/6/3 10408/6/3 10407/6/3
f 10410/6/3 10408/6/3 10409/6/3
f 10413/6/3 10412/6/3 10411/6/3
f 10414/6/3 10412/6/3 10413/6/3
f 10417/6/3 10416/6/3 10415/6/3
f 10418/6/3 10416/6/3 10417/6/3
f 10424/9/3 10420/9/3 10419/9/3
f 10425/9/3 10420/9/3 10424/9/3
f 10426/8/3 10422/8/3 10421/8/3
f 10427/9/3 10423/9/3 10422/9/3
f 10427/8/3 10422/8/3 10426/8/3
f 10428/9/3 10423/9/3 10427/9/3
f 10433/9/3 10430/9/3 10429/9/3
f 10434/9/3 10430/9/3 10433/9/3
f 10435/9/3 10432/9/3 10431/9/3
f 10436/9/3 10432/9/3 10435/9/3
f 10437/9/3 10435/9/3 10434/9/3
f 10438/9/3 10435/9/3 10437/9/3
f 10441/6/3 10440/6/3 10439/6/3
f 10442/6/3 10440/6/3 10441/6/3
f 10445/2/3 10444/2/3 10443/2/3
f 10446/2/3 10444/2/3 10445/2/3
f 10449/4/3 10448/4/3 10447/4/3
f 10450/4/3 10448/4/3 10449/4/3
f 10453/4/3 10452/4/3 10451/4/3
f 10454/4/3 10452/4/3 10453/4/3
f 10457/6/3 10456/6/3 10455/6/3
f 10458/6/3 10456/6/3 10457/6/3
f 10471/1/3 10461/1/3 10460/1/3
f 10471/7/3 10460/7/3 10459/7/3
f 10472/1/3 10461/1/3 10471/1/3
f 10473/7/3 10463/7/3 10462/7/3
f 10473/1/3 10464/1/3 10463/1/3
f 10474/1/3 10464/1/3 10473/1/3
f 10475/7/3 10466/7/3 10465/7/3
f 10475/1/3 10467/1/3 10466/1/3
f 10476/1/3 10467/1/3 10475/1/3
f 10477/1/3 10470/1/3 10469/1/3
f 10477/7/3 10469/7/3 10468/7/3
f 10478/1/3 10470/1/3 10477/1/3
f 10479/7/3 10471/7/3 10459/7/3
f 10480/7/3 10471/7/3 10479/7/3
f 10481/7/3 10473/7/3 10462/7/3
f 10482/7/3 10473/7/3 10481/7/3
f 10483/7/3 10475/7/3 10465/7/3
f 10484/7/3 10475/7/3 10483/7/3
f 10485/7/3 10477/7/3 10468/7/3
f 10486/7/3 10477/7/3 10485/7/3
f 10491/6/3 10488/6/3 10487/6/3
f 10492/6/3 10488/6/3 10491/6/3
f 10493/6/3 10490/6/3 10489/6/3
f 10494/6/3 10490/6/3 10493/6/3
f 10497/6/3 10496/6/3 10495/6/3
f 10498/6/3 10496/6/3 10497/6/3
f 10504/9/3 10500/9/3 10499/9/3
f 10505/9/3 10500/9/3 10504/9/3
f 10506/8/3 10502/8/3 10501/8/3
f 10507/9/3 10503/9/3 10502/9/3
f 10507/8/3 10502/8/3 10506/8/3
f 10508/9/3 10503/9/3 10507/9/3
f 10513/9/3 10510/9/3 10509/9/3
f 10514/9/3 10510/9/3 10513/9/3
f 10515/9/3 10512/9/3 10511/9/3
f 10516/9/3 10512/9/3 10515/9/3
f 10517/9/3 10515/9/3 10514/9/3
f 10518/9/3 10515/9/3 10517/9/3
f 10521/7/3 10520/7/3 10519/7/3
f 10522/7/3 10520/7/3 10521/7/3
f 10525/2/3 10524/2/3 10523/2/3
f 10526/2/3 10524/2/3 10525/2/3
f 10530/4/3 10528/4/3 10527/4/3
f 10531/4/3 10530/4/3 10529/4/3
f 10532/4/3 10528/4/3 10530/4/3
f 10532/4/3 10530/4/3 10531/4/3
f 10535/4/3 10534/4/3 10533/4/3
f 10536/4/3 10535/4/3 10533/4/3
f 10537/4/3 10535/4/3 10536/4/3
f 10540/7/3 10539/7/3 10538/7/3
f 10542/7/3 10540/7/3 10538/7/3
f 10542/7/3 10541/7/3 10540/7/3
f 10543/7/3 10541/7/3 10542/7/3
f 10544/7/3 10541/7/3 10543/7/3
f 10546/7/3 10545/7/3 10544/7/3
f 10546/7/3 10544/7/3 10543/7/3
f 10547/7/3 10545/7/3 10546/7/3
f 10548/7/3 10545/7/3 10547/7/3
f 10550/7/3 10549/7/3 10548/7/3
f 10550/7/3 10548/7/3 10547/7/3
f 10551/7/3 10549/7/3 10550/7/3
f 10553/6/3 10551/6/3 10550/6/3
f 10554/6/3 10551/6/3 10553/6/3
f 10555/6/3 10551/6/3 10554/6/3
f 10557/6/3 10553/6/3 10552/6/3
f 10557/6/3 10554/6/3 10553/6/3
f 10558/6/3 10554/6/3 10557/6/3
f 10559/6/3 10554/6/3 10558/6/3
f 10561/6/3 10557/6/3 10556/6/3
f 10561/6/3 10558/6/3 10557/6/3
f 10562/6/3 10558/6/3 10561/6/3
f 10563/6/3 10558/6/3 10562/6/3
f 10565/6/3 10561/6/3 10560/6/3
f 10565/6/3 10562/6/3 10561/6/3
f 10566/6/3 10562/6/3 10565/6/3
f 10567/6/3 10562/6/3 10566/6/3
f 10569/6/3 10565/6/3 10564/6/3
f 10569/6/3 10566/6/3 10565/6/3
f 10570/6/3 10566/6/3 10569/6/3
f 10571/6/3 10566/6/3 10570/6/3
f 10573/6/3 10569/6/3 10568/6/3
f 10573/6/3 10570/6/3 10569/6/3
f 10574/6/3 10570/6/3 10573/6/3
f 10575/6/3 10570/6/3 10574/6/3
f 10577/6/3 10573/6/3 10572/6/3
f 10577/6/3 10574/6/3 10573/6/3
f 10578/6/3 10574/6/3 10577/6/3
f 10580/6/3 10577/6/3 10576/6/3
f 10581/6/3 10577/6/3 10580/6/3
f 10582/6/3 10579/6/3 10578/6/3
f 10583/6/3 10579/6/3 10582/6/3
f 10584/6/3 10582/6/3 10581/6/3
f 10585/6/3 10582/6/3 10584/6/3
f 10586/6/3 10582/6/3 10585/6/3
f 10588/6/3 10587/6/3 10586/6/3
f 10588/6/3 10586/6/3 10585/6/3
f 10589/6/3 10587/6/3 10588/6/3
f 10590/6/3 10587/6/3 10589/6/3
f 10592/6/3 10590/6/3 10589/6/3
f 10592/6/3 10591/6/3 10590/6/3
f 10593/6/3 10591/6/3 10592/6/3
f 10594/6/3 10591/6/3 10593/6/3
f 10596/6/3 10594/6/3 10593/6/3
f 10596/6/3 10595/6/3 10594/6/3
f 10597/6/3 10595/6/3 10596/6/3
f 10598/6/3 10595/6/3 10597/6/3
f 10605/6/3 10598/6/3 10597/6/3
f 10605/6/3 10599/6/3 10598/6/3
f 10606/6/3 10599/6/3 10605/6/3
f 10607/6/3 10599/6/3 10606/6/3
f 10609/9/3 10601/9/3 10600/9/3
f 10610/9/3 10601/9/3 10609/9/3
f 10611/8/3 10603/8/3 10602/8/3
f 10612/9/3 10604/9/3 10603/9/3
f 10612/8/3 10603/8/3 10611/8/3
f 10613/9/3 10604/9/3 10612/9/3
f 10614/6/3 10607/6/3 10606/6/3
f 10614/6/3 10608/6/3 10607/6/3
f 10615/6/3 10608/6/3 10614/6/3
f 10616/6/3 10608/6/3 10615/6/3
f 10619/6/3 10616/6/3 10615/6/3
f 10619/6/3 10617/6/3 10616/6/3
f 10620/6/3 10617/6/3 10619/6/3
f 10621/6/3 10617/6/3 10620/6/3
f 10623/7/3 10619/7/3 10618/7/3
f 10623/7/3 10620/7/3 10619/7/3
f 10624/7/3 10620/7/3 10623/7/3
f 10625/7/3 10620/7/3 10624/7/3
f 10626/7/3 10623/7/3 10622/7/3
f 10626/7/3 10624/7/3 10623/7/3
f 10627/7/3 10624/7/3 10626/7/3
f 10628/7/3 10626/7/3 10622/7/3
f 10629/7/3 10626/7/3 10628/7/3
f 10634/4/3 10631/4/3 10630/4/3
f 10634/4/3 10632/4/3 10631/4/3
f 10635/4/3 10632/4/3 10634/4/3
f 10636/4/3 10632/4/3 10635/4/3
f 10638/4/3 10634/4/3 10633/4/3
f 10638/4/3 10635/4/3 10634/4/3
f 10639/4/3 10635/4/3 10638/4/3
f 10640/4/3 10635/4/3 10639/4/3
f 10641/4/3 10638/4/3 10637/4/3
f 10641/4/3 10639/4/3 10638/4/3
f 10642/4/3 10639/4/3 10641/4/3
f 10644/4/3 10641/4/3 10637/4/3
f 10645/4/3 10641/4/3 10644/4/3
f 10647/4/3 10644/4/3 10643/4/3
f 10648/4/3 10644/4/3 10647/4/3
f 10649/4/3 10646/4/3 10645/4/3
f 10650/4/3 10646/4/3 10649/4/3
f 10651/4/3 10646/4/3 10650/4/3
f 10653/4/3 10651/4/3 10650/4/3
f 10653/4/3 10652/4/3 10651/4/3
f 10654/4/3 10652/4/3 10653/4/3
f 10655/4/3 10652/4/3 10654/4/3
f 10658/4/3 10649/4/3 10648/4/3
f 10659/4/3 10655/4/3 10654/4/3
f 10659/4/3 10656/4/3 10655/4/3
f 10660/4/3 10656/4/3 10659/4/3
f 10661/4/3 10656/4/3 10660/4/3
f 10662/4/3 10658/4/3 10657/4/3
f 10662/4/3 10649/4/3 10658/4/3
f 10663/4/3 10649/4/3 10662/4/3
f 10664/4/3 10661/4/3 10660/4/3
f 10665/4/3 10661/4/3 10664/4/3
f 10666/4/3 10662/4/3 10657/4/3
f 10667/4/3 10662/4/3 10666/4/3
f 10670/4/3 10669/4/3 10668/4/3
f 10671/4/3 10669/4/3 10670/4/3
f 10674/6/3 10673/6/3 10672/6/3
f 10675/6/3 10673/6/3 10674/6/3
f 10678/6/3 10677/6/3 10676/6/3
f 10679/6/3 10677/6/3 10678/6/3
f 10684/4/3 10683/4/3 10682/4/3
f 10685/4/3 10683/4/3 10684/4/3
f 10688/6/3 10687/6/3 10686/6/3
f 10689/6/3 10687/6/3 10688/6/3
f 10690/9/3 10681/9/3 10680/9/3
f 10693/9/3 10690/9/3 10680/9/3
f 10694/6/3 10692/6/3 10691/6/3
f 10695/6/3 10692/6/3 10694/6/3
f 10698/6/3 10697/6/3 10696/6/3
f 10699/6/3 10697/6/3 10698/6/3
f 10700/9/3 10693/9/3 10680/9/3
f 10701/9/3 10693/9/3 10700/9/3
f 10704/4/3 10703/4/3 10702/4/3
f 10705/4/3 10703/4/3 10704/4/3
f 10708/6/3 10707/6/3 10706/6/3
f 10709/6/3 10707/6/3 10708/6/3
f 10712/6/3 10711/6/3 10710/6/3
f 10713/6/3 10711/6/3 10712/6/3
f 10716/6/3 10715/6/3 10714/6/3
f 10717/6/3 10715/6/3 10716/6/3
f 10720/4/3 10719/4/3 10718/4/3
f 10721/4/3 10719/4/3 10720/4/3
f 10724/6/3 10723/6/3 10722/6/3
f 10725/6/3 10723/6/3 10724/6/3
f 10728/4/3 10727/4/3 10726/4/3
f 10729/4/3 10727/4/3 10728/4/3
f 10732/6/3 10731/6/3 10730/6/3
f 10733/6/3 10731/6/3 10732/6/3
f 10736/6/3 10735/6/3 10734/6/3
f 10737/6/3 10735/6/3 10736/6/3
f 10740/6/3 10739/6/3 10738/6/3
f 10741/6/3 10739/6/3 10740/6/3
f 10744/7/3 10743/7/3 10742/7/3
f 10745/7/3 10743/7/3 10744/7/3
f 10748/7/3 10747/7/3 10746/7/3
f 10749/7/3 10747/7/3 10748/7/3
f 10750/7/3 10748/7/3 10746/7/3
f 10751/7/3 10748/7/3 10750/7/3
f 10752/9/4 10753/9/4 10754/9/4
f 10754/9/4 10753/9/4 10755/9/4
f 10756/9/4 10757/9/4 10758/9/4
f 10758/9/4 10757/9/4 10759/9/4
f 10760/9/4 10761/9/4 10762/9/4
f 10762/9/4 10761/9/4 10763/9/4
f 10764/9/4 10765/9/4 10766/9/4
f 10766/9/4 10765/9/4 10767/9/4
f 10768/9/4 10769/9/4 10770/9/4
f 10770/9/4 10769/9/4 10771/9/4
f 10772/6/4 10773/6/4 10774/6/4
f 10774/6/4 10773/6/4 10775/6/4
f 10776/9/4 10777/9/4 10778/9/4
f 10778/9/4 10777/9/4 10779/9/4
f 10780/4/4 10781/4/4 10782/4/4
f 10782/4/4 10781/4/4 10783/4/4
f 10784/4/4 10785/4/4 10789/4/4
f 10785/4/4 10786/4/4 10789/4/4
f 10789/4/4 10786/4/4 10790/4/4
f 10787/9/4 10788/9/4 10791/9/4
f 10791/9/4 10788/9/4 10792/9/4
f 10793/4/4 10794/4/4 10795/4/4
f 10795/4/4 10794/4/4 10796/4/4
f 10797/9/4 10798/9/4 10799/9/4
f 10799/9/4 10798/9/4 10800/9/4
f 10801/4/4 10802/4/4 10803/4/4
f 10803/4/4 10802/4/4 10804/4/4
f 10805/9/4 10806/9/4 10809/9/4
f 10809/9/4 10806/9/4 10810/9/4
f 10807/4/4 10808/4/4 10811/4/4
f 10811/4/4 10808/4/4 10812/4/4
f 10813/4/4 10814/4/4 10815/4/4
f 10815/4/4 10814/4/4 10816/4/4
f 10816/4/4 10814/4/4 10817/4/4
f 10818/4/4 10819/4/4 10823/4/4
f 10819/4/4 10820/4/4 10823/4/4
f 10823/4/4 10820/4/4 10824/4/4
f 10821/9/4 10822/9/4 10825/9/4
f 10825/9/4 10822/9/4 10826/9/4
f 10827/4/4 10828/4/4 10830/4/4
f 10829/4/4 10830/4/4 10832/4/4
f 10830/4/4 10828/4/4 10833/4/4
f 10832/4/4 10830/4/4 10833/4/4
f 10833/4/4 10828/4/4 10834/4/4
f 10831/4/4 10832/4/4 10836/4/4
f 10832/4/4 10833/4/4 10836/4/4
f 10836/4/4 10833/4/4 10837/4/4
f 10837/4/4 10833/4/4 10838/4/4
f 10835/4/4 10836/4/4 10839/4/4
f 10836/4/4 10837/4/4 10839/4/4
f 10839/4/4 10837/4/4 10840/4/4
f 10841/4/4 10842/4/4 10846/4/4
f 10846/4/4 10842/4/4 10847/4/4
f 10843/4/4 10844/4/4 10848/4/4
f 10844/4/4 10845/4/4 10848/4/4
f 10848/4/4 10845/4/4 10849/4/4
f 10849/4/4 10845/4/4 10850/4/4
f 10849/4/4 10850/4/4 10852/4/4
f 10850/4/4 10851/4/4 10852/4/4
f 10852/4/4 10851/4/4 10853/4/4
f 10853/4/4 10851/4/4 10854/4/4
f 10847/4/4 10848/4/4 10857/4/4
f 10853/4/4 10854/4/4 10858/4/4
f 10854/4/4 10855/4/4 10858/4/4
f 10858/4/4 10855/4/4 10859/4/4
f 10859/4/4 10855/4/4 10860/4/4
f 10856/4/4 10857/4/4 10862/4/4
f 10857/4/4 10848/4/4 10862/4/4
f 10862/4/4 10848/4/4 10863/4/4
f 10860/4/4 10861/4/4 10864/4/4
f 10859/4/4 10860/4/4 10864/4/4
f 10864/4/4 10861/4/4 10865/4/4
f 10856/4/4 10862/4/4 10866/4/4
f 10866/4/4 10862/4/4 10867/4/4
f 10868/9/4 10869/9/4 10870/9/4
f 10870/9/4 10869/9/4 10871/9/4
f 10872/4/4 10873/4/4 10874/4/4
f 10872/4/4 10874/4/4 10875/4/4
f 10875/4/4 10874/4/4 10876/4/4
f 10877/9/4 10878/9/4 10879/9/4
f 10879/9/4 10878/9/4 10880/9/4
f 10881/4/4 10882/4/4 10883/4/4
f 10883/4/4 10882/4/4 10884/4/4
f 10885/9/4 10886/9/4 10887/9/4
f 10887/9/4 10886/9/4 10888/9/4
f 10889/4/4 10890/4/4 10891/4/4
f 10891/4/4 10890/4/4 10892/4/4
f 10893/9/4 10894/9/4 10895/9/4
f 10895/9/4 10894/9/4 10896/9/4
f 10897/4/4 10898/4/4 10899/4/4
f 10899/4/4 10898/4/4 10900/4/4
f 10901/6/4 10902/6/4 10903/6/4
f 10903/6/4 10902/6/4 10904/6/4
f 10905/9/4 10906/9/4 10907/9/4
f 10907/9/4 10906/9/4 10908/9/4
f 10909/4/4 10910/4/4 10911/4/4
f 10911/4/4 10910/4/4 10912/4/4
f 10913/6/4 10914/6/4 10915/6/4
f 10915/6/4 10914/6/4 10916/6/4
f 10917/9/4 10918/9/4 10919/9/4
f 10919/9/4 10918/9/4 10920/9/4
f 10921/6/4 10922/6/4 10923/6/4
f 10923/6/4 10922/6/4 10924/6/4
f 10925/9/4 10926/9/4 10927/9/4
f 10927/9/4 10926/9/4 10928/9/4
f 10929/9/4 10930/9/4 10931/9/4
f 10931/9/4 10930/9/4 10932/9/4
f 10933/6/4 10934/6/4 10935/6/4
f 10935/6/4 10934/6/4 10936/6/4
f 10937/6/4 10938/6/4 10940/6/4
f 10939/6/4 10940/6/4 10942/6/4
f 10940/6/4 10938/6/4 10943/6/4
f 10942/6/4 10940/6/4 10943/6/4
f 10943/6/4 10938/6/4 10944/6/4
f 10941/6/4 10942/6/4 10946/6/4
f 10942/6/4 10943/6/4 10946/6/4
f 10946/6/4 10943/6/4 10947/6/4
f 10947/6/4 10943/6/4 10948/6/4
f 10945/6/4 10946/6/4 10950/6/4
f 10946/6/4 10947/6/4 10950/6/4
f 10950/6/4 10947/6/4 10951/6/4
f 10949/6/4 10950/6/4 10952/6/4
f 10952/6/4 10950/6/4 10953/6/4
f 10953/6/4 10954/6/4 10955/6/4
f 10955/6/4 10954/6/4 10956/6/4
f 10956/6/4 10954/6/4 10957/6/4
f 10956/6/4 10957/6/4 10959/6/4
f 10957/6/4 10958/6/4 10959/6/4
f 10959/6/4 10958/6/4 10960/6/4
f 10960/6/4 10958/6/4 10961/6/4
f 10960/6/4 10961/6/4 10963/6/4
f 10961/6/4 10962/6/4 10963/6/4
f 10963/6/4 10962/6/4 10964/6/4
f 10964/6/4 10962/6/4 10965/6/4
f 10965/6/4 10962/6/4 10966/6/4
f 10967/9/4 10968/9/4 10969/9/4
f 10969/9/4 10968/9/4 10970/9/4
f 10971/6/4 10972/6/4 10973/6/4
f 10973/6/4 10972/6/4 10974/6/4
f 10975/9/4 10976/9/4 10977/9/4
f 10977/9/4 10976/9/4 10978/9/4
f 10979/6/4 10980/6/4 10981/6/4
f 10981/6/4 10980/6/4 10982/6/4
f 10983/9/4 10984/9/4 10985/9/4
f 10985/9/4 10984/9/4 10986/9/4
f 10987/6/4 10988/6/4 10989/6/4
f 10989/6/4 10988/6/4 10990/6/4
f 10991/6/4 10992/6/4 10993/6/4
f 10993/6/4 10992/6/4 10994/6/4
f 10995/6/4 10996/6/4 10997/6/4
f 10997/6/4 10996/6/4 10998/6/4
f 10999/9/4 11000/9/4 11001/9/4
f 11001/9/4 11000/9/4 11002/9/4
f 11003/6/4 11004/6/4 11005/6/4
f 11005/6/4 11004/6/4 11006/6/4
f 11007/6/4 11008/6/4 11009/6/4
f 11009/6/4 11008/6/4 11010/6/4
f 11013/3/4 11014/3/4 11015/3/4
f 11015/3/4 11014/3/4 11016/3/4
f 11011/2/4 11012/2/4 11017/2/4
f 11017/2/4 11012/2/4 11018/2/4
f 11019/9/4 11020/9/4 11021/9/4
f 11021/9/4 11020/9/4 11022/9/4
f 11023/6/4 11024/6/4 11025/6/4
f 11025/6/4 11024/6/4 11026/6/4
f 11027/9/4 11028/9/4 11029/9/4
f 11029/9/4 11028/9/4 11030/9/4
f 11031/7/4 11032/7/4 11033/7/4
f 11033/7/4 11032/7/4 11034/7/4
f 11035/2/4 11036/2/4 11041/2/4
f 11041/2/4 11036/2/4 11042/2/4
f 11037/2/4 11038/2/4 11043/2/4
f 11043/2/4 11038/2/4 11044/2/4
f 11039/2/4 11040/2/4 11045/2/4
f 11045/2/4 11040/2/4 11046/2/4
f 11047/9/4 11048/9/4 11049/9/4
f 11049/9/4 11048/9/4 11050/9/4
f 11051/6/4 11052/6/4 11053/6/4
f 11053/6/4 11052/6/4 11054/6/4
f 11054/6/4 11055/6/4 11057/6/4
f 11057/6/4 11055/6/4 11058/6/4
f 11056/6/4 11057/6/4 11060/6/4
f 11060/6/4 11057/6/4 11061/6/4
f 11059/6/4 11060/6/4 11062/6/4
f 11062/6/4 11060/6/4 11063/6/4
f 11063/6/4 11064/6/4 11065/6/4
f 11065/6/4 11064/6/4 11066/6/4
f 11066/6/4 11067/6/4 11069/6/4
f 11069/6/4 11067/6/4 11070/6/4
f 11068/6/4 11069/6/4 11071/6/4
f 11071/6/4 11069/6/4 11072/6/4
f 11073/7/4 11074/7/4 11075/7/4
f 11075/7/4 11074/7/4 11076/7/4
f 11077/2/4 11078/2/4 11079/2/4
f 11079/2/4 11078/2/4 11080/2/4
f 11081/9/4 11082/9/4 11083/9/4
f 11083/9/4 11082/9/4 11084/9/4
f 11085/6/4 11086/6/4 11087/6/4
f 11087/6/4 11086/6/4 11088/6/4
f 11089/3/4 11090/3/4 11092/3/4
f 11092/3/4 11090/3/4 11093/3/4
f 11091/3/4 11092/3/4 11094/3/4
f 11094/3/4 11092/3/4 11095/3/4
f 11096/9/4 11097/9/4 11098/9/4
f 11098/9/4 11097/9/4 11099/9/4
f 11100/6/4 11101/6/4 11102/6/4
f 11102/6/4 11101/6/4 11103/6/4
f 11104/2/4 11105/2/4 11107/2/4
f 11107/2/4 11105/2/4 11108/2/4
f 11106/6/4 11107/6/4 11113/6/4
f 11107/2/4 11108/2/4 11113/2/4
f 11108/2/4 11109/2/4 11113/2/4
f 11113/2/4 11109/2/4 11114/2/4
f 11109/3/4 11110/3/4 11115/3/4
f 11114/2/4 11109/2/4 11115/2/4
f 11115/3/4 11110/3/4 11116/3/4
f 11111/2/4 11112/2/4 11120/2/4
f 11106/6/4 11113/6/4 11121/6/4
f 11121/6/4 11113/6/4 11122/6/4
f 11114/2/4 11115/2/4 11123/2/4
f 11117/2/4 11118/2/4 11125/2/4
f 11119/2/4 11120/2/4 11127/2/4
f 11120/2/4 11112/2/4 11128/2/4
f 11127/2/4 11120/2/4 11128/2/4
f 11128/2/4 11112/2/4 11129/2/4
f 11122/2/4 11123/2/4 11131/2/4
f 11123/2/4 11115/2/4 11132/2/4
f 11131/2/4 11123/2/4 11132/2/4
f 11132/2/4 11115/2/4 11133/2/4
f 11124/2/4 11125/2/4 11135/2/4
f 11125/2/4 11118/2/4 11136/2/4
f 11135/2/4 11125/2/4 11136/2/4
f 11136/2/4 11118/2/4 11137/2/4
f 11126/2/4 11127/2/4 11139/2/4
f 11127/2/4 11128/2/4 11139/2/4
f 11139/2/4 11128/2/4 11140/2/4
f 11130/2/4 11131/2/4 11141/2/4
f 11131/2/4 11132/2/4 11141/2/4
f 11141/2/4 11132/2/4 11142/2/4
f 11135/2/4 11136/2/4 11143/2/4
f 11134/2/4 11135/2/4 11143/2/4
f 11143/2/4 11136/2/4 11144/2/4
f 11138/2/4 11139/2/4 11145/2/4
f 11145/2/4 11139/2/4 11146/2/4
f 11140/2/4 11141/2/4 11147/2/4
f 11147/2/4 11141/2/4 11148/2/4
f 11142/2/4 11143/2/4 11149/2/4
f 11149/2/4 11143/2/4 11150/2/4
f 11146/2/4 11147/2/4 11152/2/4
f 11152/2/4 11147/2/4 11153/2/4
f 11153/2/4 11147/2/4 11154/2/4
f 11148/2/4 11149/2/4 11157/2/4
f 11157/2/4 11149/2/4 11158/2/4
f 11158/2/4 11149/2/4 11159/2/4
f 11150/2/4 11151/2/4 11161/2/4
f 11161/2/4 11151/2/4 11162/2/4
f 11162/2/4 11151/2/4 11163/2/4
f 11153/2/4 11154/2/4 11165/2/4
f 11154/2/4 11155/2/4 11165/2/4
f 11165/2/4 11155/2/4 11166/2/4
f 11155/3/4 11156/3/4 11167/3/4
f 11166/2/4 11155/2/4 11167/2/4
f 11167/3/4 11156/3/4 11168/3/4
f 11159/2/4 11160/2/4 11169/2/4
f 11158/2/4 11159/2/4 11169/2/4
f 11169/2/4 11160/2/4 11170/2/4
f 11162/2/4 11163/2/4 11171/2/4
f 11163/2/4 11164/2/4 11171/2/4
f 11171/2/4 11164/2/4 11172/2/4
f 11166/2/4 11167/2/4 11173/2/4
f 11173/2/4 11167/2/4 11174/2/4
f 11170/2/4 11160/2/4 11176/2/4
f 11172/2/4 11164/2/4 11177/2/4
f 11177/2/4 11164/2/4 11178/2/4
f 11175/2/4 11176/2/4 11180/2/4
f 11176/2/4 11160/2/4 11181/2/4
f 11180/2/4 11176/2/4 11181/2/4
f 11181/2/4 11160/2/4 11182/2/4
f 11179/3/4 11180/3/4 11183/3/4
f 11180/2/4 11181/2/4 11184/2/4
f 11183/3/4 11180/3/4 11184/3/4
f 11184/2/4 11181/2/4 11185/2/4
f 11186/9/4 11187/9/4 11188/9/4
f 11188/9/4 11187/9/4 11189/9/4
f 11190/6/4 11191/6/4 11192/6/4
f 11192/6/4 11191/6/4 11193/6/4
f 11194/6/4 11195/6/4 11196/6/4
f 11196/6/4 11195/6/4 11197/6/4
f 11198/2/4 11199/2/4 11204/2/4
f 11204/2/4 11199/2/4 11205/2/4
f 11200/2/4 11201/2/4 11206/2/4
f 11206/2/4 11201/2/4 11207/2/4
f 11202/2/4 11203/2/4 11208/2/4
f 11208/2/4 11203/2/4 11209/2/4
f 11210/9/4 11211/9/4 11212/9/4
f 11212/9/4 11211/9/4 11213/9/4
f 11214/6/4 11215/6/4 11216/6/4
f 11216/6/4 11215/6/4 11217/6/4
f 11224/3/4 11225/3/4 11226/3/4
f 11226/3/4 11225/3/4 11227/3/4
f 11218/2/4 11219/2/4 11228/2/4
f 11228/2/4 11219/2/4 11229/2/4
f 11220/2/4 11221/2/4 11230/2/4
f 11230/2/4 11221/2/4 11231/2/4
f 11222/2/4 11223/2/4 11232/2/4
f 11232/2/4 11223/2/4 11233/2/4
f 11233/3/4 11234/3/4 11235/3/4
f 11235/3/4 11234/3/4 11236/3/4
f 11237/9/4 11238/9/4 11239/9/4
f 11239/9/4 11238/9/4 11240/9/4
f 11241/6/4 11242/6/4 11243/6/4
f 11243/6/4 11242/6/4 11244/6/4
f 11245/2/4 11246/2/4 11249/2/4
f 11247/2/4 11248/2/4 11252/2/4
f 11245/2/4 11249/2/4 11254/2/4
f 11254/2/4 11249/2/4 11255/2/4
f 11250/3/4 11251/3/4 11257/3/4
f 11257/3/4 11251/3/4 11258/3/4
f 11247/2/4 11252/2/4 11259/2/4
f 11252/3/4 11253/3/4 11260/3/4
f 11259/2/4 11252/2/4 11260/2/4
f 11260/3/4 11253/3/4 11261/3/4
f 11256/3/4 11257/3/4 11262/3/4
f 11262/3/4 11257/3/4 11263/3/4
f 11264/6/4 11265/6/4 11266/6/4
f 11266/6/4 11265/6/4 11267/6/4
f 11268/9/4 11269/9/4 11270/9/4
f 11270/9/4 11269/9/4 11271/9/4
f 11272/6/4 11273/6/4 11274/6/4
f 11274/6/4 11273/6/4 11275/6/4
f 11276/6/4 11277/6/4 11278/6/4
f 11278/6/4 11277/6/4 11279/6/4
f 11280/6/4 11281/6/4 11282/6/4
f 11282/6/4 11281/6/4 11283/6/4
f 11284/2/4 11285/2/4 11286/2/4
f 11286/2/4 11285/2/4 11287/2/4
f 11288/9/4 11289/9/4 11290/9/4
f 11290/9/4 11289/9/4 11291/9/4
f 11292/6/4 11293/6/4 11294/6/4
f 11294/6/4 11293/6/4 11295/6/4
f 11296/6/4 11297/6/4 11298/6/4
f 11298/6/4 11297/6/4 11299/6/4
f 11300/6/4 11301/6/4 11302/6/4
f 11302/6/4 11301/6/4 11303/6/4
f 11305/3/4 11306/3/4 11307/3/4
f 11304/2/4 11305/2/4 11307/2/4
f 11307/3/4 11306/3/4 11308/3/4
f 11304/2/4 11307/2/4 11309/2/4
f 11309/2/4 11307/2/4 11310/2/4
f 11311/2/4 11312/2/4 11313/2/4
f 11313/2/4 11312/2/4 11314/2/4
f 11317/9/4 11318/9/4 11319/9/4
f 11319/9/4 11318/9/4 11320/9/4
f 11315/6/4 11316/6/4 11321/6/4
f 11321/6/4 11316/6/4 11322/6/4
f 11323/6/4 11324/6/4 11325/6/4
f 11325/6/4 11324/6/4 11326/6/4
f 11327/6/4 11328/6/4 11329/6/4
f 11329/6/4 11328/6/4 11330/6/4
f 11331/6/4 11332/6/4 11333/6/4
f 11333/6/4 11332/6/4 11334/6/4
f 11335/6/4 11336/6/4 11339/6/4
f 11339/6/4 11336/6/4 11340/6/4
f 11337/9/4 11338/9/4 11341/9/4
f 11341/9/4 11338/9/4 11342/9/4
f 11343/6/4 11344/6/4 11345/6/4
f 11345/6/4 11344/6/4 11346/6/4
f 11347/9/4 11348/9/4 11349/9/4
f 11349/9/4 11348/9/4 11350/9/4
f 11351/7/4 11352/7/4 11353/7/4
f 11351/7/4 11353/7/4 11355/7/4
f 11353/7/4 11354/7/4 11355/7/4
f 11355/7/4 11354/7/4 11356/7/4
f 11356/7/4 11354/7/4 11357/7/4
f 11357/7/4 11358/7/4 11359/7/4
f 11356/7/4 11357/7/4 11359/7/4
f 11359/7/4 11358/7/4 11360/7/4
f 11360/7/4 11358/7/4 11361/7/4
f 11361/6/4 11362/6/4 11364/6/4
f 11360/6/4 11361/6/4 11364/6/4
f 11364/6/4 11362/6/4 11365/6/4
f 11365/6/4 11362/6/4 11366/6/4
f 11363/6/4 11364/6/4 11368/6/4
f 11364/6/4 11365/6/4 11368/6/4
f 11368/6/4 11365/6/4 11369/6/4
f 11369/6/4 11365/6/4 11370/6/4
f 11367/6/4 11368/6/4 11372/6/4
f 11368/6/4 11369/6/4 11372/6/4
f 11372/6/4 11369/6/4 11373/6/4
f 11373/6/4 11369/6/4 11374/6/4
f 11371/6/4 11372/6/4 11376/6/4
f 11372/6/4 11373/6/4 11376/6/4
f 11376/6/4 11373/6/4 11377/6/4
f 11377/6/4 11373/6/4 11378/6/4
f 11375/6/4 11376/6/4 11380/6/4
f 11376/6/4 11377/6/4 11380/6/4
f 11380/6/4 11377/6/4 11381/6/4
f 11381/6/4 11377/6/4 11382/6/4
f 11379/6/4 11380/6/4 11384/6/4
f 11380/6/4 11381/6/4 11384/6/4
f 11384/6/4 11381/6/4 11385/6/4
f 11385/6/4 11381/6/4 11386/6/4
f 11383/6/4 11384/6/4 11388/6/4
f 11384/6/4 11385/6/4 11388/6/4
f 11388/6/4 11385/6/4 11389/6/4
f 11387/6/4 11388/6/4 11391/6/4
f 11391/6/4 11388/6/4 11392/6/4
f 11389/6/4 11390/6/4 11393/6/4
f 11393/6/4 11390/6/4 11394/6/4
f 11392/6/4 11393/6/4 11395/6/4
f 11395/6/4 11393/6/4 11396/6/4
f 11396/6/4 11393/6/4 11397/6/4
f 11397/6/4 11398/6/4 11399/6/4
f 11396/6/4 11397/6/4 11399/6/4
f 11399/6/4 11398/6/4 11400/6/4
f 11400/6/4 11398/6/4 11401/6/4
f 11400/6/4 11401/6/4 11403/6/4
f 11401/6/4 11402/6/4 11403/6/4
f 11403/6/4 11402/6/4 11404/6/4
f 11404/6/4 11402/6/4 11405/6/4
f 11404/6/4 11405/6/4 11407/6/4
f 11405/6/4 11406/6/4 11407/6/4
f 11407/6/4 11406/6/4 11408/6/4
f 11408/6/4 11406/6/4 11409/6/4
f 11408/6/4 11409/6/4 11411/6/4
f 11409/6/4 11410/6/4 11411/6/4
f 11411/6/4 11410/6/4 11412/6/4
f 11412/6/4 11410/6/4 11413/6/4
f 11412/6/4 11413/6/4 11415/6/4
f 11413/6/4 11414/6/4 11415/6/4
f 11415/6/4 11414/6/4 11416/6/4
f 11416/6/4 11414/6/4 11417/6/4
f 11416/6/4 11417/6/4 11419/6/4
f 11417/6/4 11418/6/4 11419/6/4
f 11419/6/4 11418/6/4 11420/6/4
f 11419/7/4 11420/7/4 11422/7/4
f 11422/7/4 11420/7/4 11423/7/4
f 11423/7/4 11420/7/4 11424/7/4
f 11421/7/4 11422/7/4 11426/7/4
f 11422/7/4 11423/7/4 11426/7/4
f 11426/7/4 11423/7/4 11427/7/4
f 11427/7/4 11423/7/4 11428/7/4
f 11425/7/4 11426/7/4 11429/7/4
f 11426/7/4 11427/7/4 11429/7/4
f 11429/7/4 11427/7/4 11430/7/4
f 11425/7/4 11429/7/4 11431/7/4
f 11431/7/4 11429/7/4 11432/7/4
f 11433/9/4 11434/9/4 11435/9/4
f 11435/9/4 11434/9/4 11436/9/4
f 11437/6/4 11438/6/4 11441/6/4
f 11441/6/4 11438/6/4 11442/6/4
f 11439/6/4 11440/6/4 11443/6/4
f 11443/6/4 11440/6/4 11444/6/4
f 11445/6/4 11446/6/4 11447/6/4
f 11447/6/4 11446/6/4 11448/6/4
f 11449/2/4 11450/2/4 11451/2/4
f 11451/2/4 11450/2/4 11452/2/4
f 11453/6/4 11454/6/4 11456/6/4
f 11455/6/4 11456/6/4 11458/6/4
f 11456/6/4 11454/6/4 11459/6/4
f 11458/6/4 11456/6/4 11459/6/4
f 11459/6/4 11454/6/4 11460/6/4
f 11457/6/4 11458/6/4 11462/6/4
f 11458/6/4 11459/6/4 11462/6/4
f 11462/6/4 11459/6/4 11463/6/4
f 11463/6/4 11459/6/4 11464/6/4
f 11461/6/4 11462/6/4 11466/6/4
f 11462/6/4 11463/6/4 11466/6/4
f 11466/6/4 11463/6/4 11467/6/4
f 11465/6/4 11466/6/4 11468/6/4
f 11468/6/4 11466/6/4 11469/6/4
f 11469/6/4 11470/6/4 11471/6/4
f 11471/6/4 11470/6/4 11472/6/4
f 11472/6/4 11470/6/4 11473/6/4
f 11472/6/4 11473/6/4 11475/6/4
f 11473/6/4 11474/6/4 11475/6/4
f 11475/6/4 11474/6/4 11476/6/4
f 11476/6/4 11474/6/4 11477/6/4
f 11476/6/4 11477/6/4 11481/6/4
f 11477/6/4 11478/6/4 11481/6/4
f 11481/6/4 11478/6/4 11482/6/4
f 11479/9/4 11480/9/4 11483/9/4
f 11483/9/4 11480/9/4 11484/9/4
f 11482/6/4 11478/6/4 11485/6/4
f 11485/6/4 11478/6/4 11486/6/4
f 11487/4/4 11488/4/4 11489/4/4
f 11489/4/4 11488/4/4 11490/4/4
f 11491/6/4 11492/6/4 11493/6/4
f 11493/6/4 11492/6/4 11494/6/4
f 11495/6/4 11496/6/4 11497/6/4
f 11497/6/4 11496/6/4 11498/6/4
f 11499/6/4 11500/6/4 11501/6/4
f 11501/6/4 11500/6/4 11502/6/4
f 11503/2/4 11504/2/4 11505/2/4
f 11505/2/4 11504/2/4 11506/2/4
f 11507/6/4 11508/6/4 11509/6/4
f 11509/6/4 11508/6/4 11510/6/4
f 11511/9/4 11512/9/4 11513/9/4
f 11513/9/4 11512/9/4 11514/9/4
f 11515/4/4 11516/4/4 11518/4/4
f 11518/4/4 11516/4/4 11519/4/4
f 11520/4/4 11521/4/4 11523/4/4
f 11521/2/4 11522/2/4 11524/2/4
f 11523/4/4 11521/4/4 11524/4/4
f 11524/2/4 11522/2/4 11525/2/4
f 11517/2/4 11518/2/4 11526/2/4
f 11526/2/4 11518/2/4 11527/2/4
f 11530/6/4 11531/6/4 11532/6/4
f 11532/6/4 11531/6/4 11533/6/4
f 11528/6/4 11529/6/4 11534/6/4
f 11534/6/4 11529/6/4 11535/6/4
f 11536/6/4 11537/6/4 11538/6/4
f 11538/6/4 11537/6/4 11539/6/4
f 11540/6/4 11541/6/4 11542/6/4
f 11542/6/4 11541/6/4 11543/6/4
f 11544/6/4 11545/6/4 11546/6/4
f 11546/6/4 11545/6/4 11547/6/4
f 11548/9/4 11549/9/4 11550/9/4
f 11550/9/4 11549/9/4 11551/9/4
f 11552/4/4 11553/4/4 11557/4/4
f 11553/2/4 11554/2/4 11558/2/4
f 11557/4/4 11553/4/4 11558/4/4
f 11558/2/4 11554/2/4 11559/2/4
f 11559/2/4 11554/2/4 11560/2/4
f 11555/2/4 11556/2/4 11561/2/4
f 11561/2/4 11556/2/4 11562/2/4
f 11563/6/4 11564/6/4 11565/6/4
f 11565/6/4 11564/6/4 11566/6/4
f 11567/6/4 11568/6/4 11569/6/4
f 11569/6/4 11568/6/4 11570/6/4
f 11571/2/4 11572/2/4 11574/2/4
f 11573/2/4 11574/2/4 11576/2/4
f 11574/2/4 11572/2/4 11577/2/4
f 11576/2/4 11574/2/4 11577/2/4
f 11577/2/4 11572/2/4 11578/2/4
f 11575/2/4 11576/2/4 11580/2/4
f 11576/2/4 11577/2/4 11580/2/4
f 11580/2/4 11577/2/4 11581/2/4
f 11579/2/4 11580/2/4 11582/2/4
f 11582/2/4 11580/2/4 11583/2/4
f 11583/2/4 11584/2/4 11585/2/4
f 11585/2/4 11584/2/4 11586/2/4
f 11586/2/4 11584/2/4 11587/2/4
f 11586/2/4 11587/2/4 11589/2/4
f 11587/2/4 11588/2/4 11589/2/4
f 11589/2/4 11588/2/4 11590/2/4
f 11590/2/4 11588/2/4 11591/2/4
f 11591/2/4 11588/2/4 11592/2/4
f 11593/6/4 11594/6/4 11595/6/4
f 11595/6/4 11594/6/4 11596/6/4
f 11597/9/4 11598/9/4 11599/9/4
f 11599/9/4 11598/9/4 11600/9/4
f 11601/6/4 11602/6/4 11603/6/4
f 11603/6/4 11602/6/4 11604/6/4
f 11605/6/4 11606/6/4 11607/6/4
f 11607/6/4 11606/6/4 11608/6/4
f 11609/2/4 11610/2/4 11611/2/4
f 11611/2/4 11610/2/4 11612/2/4
f 11613/6/4 11614/6/4 11615/6/4
f 11615/6/4 11614/6/4 11616/6/4
f 11619/7/4 11620/7/4 11627/7/4
f 11625/9/4 11626/9/4 11628/9/4
f 11628/9/4 11626/9/4 11629/9/4
f 11617/7/4 11618/7/4 11630/7/4
f 11630/7/4 11618/7/4 11631/7/4
f 11619/7/4 11627/7/4 11632/7/4
f 11632/7/4 11627/7/4 11633/7/4
f 11621/7/4 11622/7/4 11634/7/4
f 11634/7/4 11622/7/4 11635/7/4
f 11623/7/4 11624/7/4 11636/7/4
f 11636/7/4 11624/7/4 11637/7/4
f 11638/2/4 11639/2/4 11642/2/4
f 11642/2/4 11639/2/4 11643/2/4
f 11640/2/4 11641/2/4 11644/2/4
f 11644/2/4 11641/2/4 11645/2/4
f 11646/2/4 11647/2/4 11648/2/4
f 11648/2/4 11647/2/4 11649/2/4
f 11650/6/4 11651/6/4 11652/6/4
f 11652/6/4 11651/6/4 11653/6/4
f 11654/2/4 11655/2/4 11656/2/4
f 11656/2/4 11655/2/4 11657/2/4
f 11660/7/4 11661/7/4 11666/7/4
f 11666/7/4 11661/7/4 11667/7/4
f 11658/7/4 11659/7/4 11670/7/4
f 11670/7/4 11659/7/4 11671/7/4
f 11666/1/4 11667/1/4 11672/1/4
f 11672/1/4 11667/1/4 11673/1/4
f 11662/7/4 11663/7/4 11674/7/4
f 11674/7/4 11663/7/4 11675/7/4
f 11664/7/4 11665/7/4 11676/7/4
f 11676/7/4 11665/7/4 11677/7/4
f 11668/9/4 11669/9/4 11678/9/4
f 11678/9/4 11669/9/4 11679/9/4
f 11680/2/4 11681/2/4 11682/2/4
f 11682/2/4 11681/2/4 11683/2/4
f 11684/6/4 11685/6/4 11686/6/4
f 11686/6/4 11685/6/4 11687/6/4
f 11687/6/4 11688/6/4 11690/6/4
f 11690/6/4 11688/6/4 11691/6/4
f 11689/6/4 11690/6/4 11693/6/4
f 11693/6/4 11690/6/4 11694/6/4
f 11692/6/4 11693/6/4 11695/6/4
f 11695/6/4 11693/6/4 11696/6/4
f 11696/6/4 11697/6/4 11698/6/4
f 11698/6/4 11697/6/4 11699/6/4
f 11699/6/4 11700/6/4 11702/6/4
f 11702/6/4 11700/6/4 11703/6/4
f 11701/6/4 11702/6/4 11704/6/4
f 11704/6/4 11702/6/4 11705/6/4
f 11706/2/4 11707/2/4 11708/2/4
f 11708/2/4 11707/2/4 11709/2/4
f 11710/7/4 11711/7/4 11712/7/4
f 11712/7/4 11711/7/4 11713/7/4
f 11714/2/4 11715/2/4 11716/2/4
f 11716/2/4 11715/2/4 11717/2/4
f 11718/9/4 11719/9/4 11720/9/4
f 11720/9/4 11719/9/4 11721/9/4
f 11722/4/4 11723/4/4 11724/4/4
f 11724/4/4 11723/4/4 11725/4/4
f 11726/2/4 11727/2/4 11731/2/4
f 11731/2/4 11727/2/4 11732/2/4
f 11729/2/4 11730/2/4 11733/2/4
f 11728/2/4 11729/2/4 11733/2/4
f 11733/2/4 11730/2/4 11734/2/4
f 11735/4/4 11736/4/4 11741/4/4
f 11741/4/4 11736/4/4 11742/4/4
f 11738/4/4 11739/4/4 11743/4/4
f 11737/4/4 11738/4/4 11743/4/4
f 11743/4/4 11739/4/4 11744/4/4
f 11744/4/4 11739/4/4 11745/4/4
f 11740/4/4 11741/4/4 11746/4/4
f 11746/4/4 11741/4/4 11747/4/4
f 11747/4/4 11741/4/4 11748/4/4
f 11748/4/4 11741/4/4 11749/4/4
f 11747/4/4 11748/4/4 11752/4/4
f 11752/4/4 11748/4/4 11753/4/4
f 11750/4/4 11751/4/4 11754/4/4
f 11754/4/4 11751/4/4 11755/4/4
f 11756/6/4 11757/6/4 11760/6/4
f 11760/6/4 11757/6/4 11761/6/4
f 11758/4/4 11759/4/4 11762/4/4
f 11762/4/4 11759/4/4 11763/4/4
f 11764/6/4 11765/6/4 11766/6/4
f 11766/6/4 11765/6/4 11767/6/4
f 11766/7/4 11767/7/4 11768/7/4
f 11768/7/4 11767/7/4 11769/7/4
f 11770/6/4 11771/6/4 11772/6/4
f 11772/6/4 11771/6/4 11773/6/4
f 11776/2/4 11777/2/4 11778/2/4
f 11778/2/4 11777/2/4 11779/2/4
f 11774/6/4 11775/6/4 11780/6/4
f 11780/6/4 11775/6/4 11781/6/4
f 11782/2/4 11783/2/4 11784/2/4
f 11784/2/4 11783/2/4 11785/2/4
f 11786/6/4 11787/6/4 11794/6/4
f 11794/6/4 11787/6/4 11795/6/4
f 11788/6/4 11789/6/4 11796/6/4
f 11796/6/4 11789/6/4 11797/6/4
f 11790/6/4 11791/6/4 11798/6/4
f 11798/6/4 11791/6/4 11799/6/4
f 11792/6/4 11793/6/4 11800/6/4
f 11800/6/4 11793/6/4 11801/6/4
f 11802/9/4 11803/9/4 11804/9/4
f 11804/9/4 11803/9/4 11805/9/4
f 11806/4/4 11807/4/4 11812/4/4
f 11812/4/4 11807/4/4 11813/4/4
f 11813/4/4 11807/4/4 11814/4/4
f 11814/4/4 11807/4/4 11815/4/4
f 11808/2/4 11809/2/4 11819/2/4
f 11819/2/4 11809/2/4 11820/2/4
f 11810/2/4 11811/2/4 11821/2/4
f 11821/2/4 11811/2/4 11822/2/4
f 11813/2/4 11814/2/4 11823/2/4
f 11823/2/4 11814/2/4 11824/2/4
f 11816/2/4 11817/2/4 11826/2/4
f 11819/4/4 11820/4/4 11827/4/4
f 11818/4/4 11819/4/4 11827/4/4
f 11820/4/4 11821/4/4 11827/4/4
f 11827/4/4 11821/4/4 11828/4/4
f 11828/4/4 11821/4/4 11829/4/4
f 11822/2/4 11811/2/4 11830/2/4
f 11830/2/4 11811/2/4 11831/2/4
f 11825/2/4 11826/2/4 11833/2/4
f 11826/2/4 11817/2/4 11834/2/4
f 11833/2/4 11826/2/4 11834/2/4
f 11834/2/4 11817/2/4 11835/2/4
f 11828/2/4 11829/2/4 11840/2/4
f 11829/2/4 11830/2/4 11840/2/4
f 11840/2/4 11830/2/4 11841/2/4
f 11832/2/4 11833/2/4 11843/2/4
f 11833/2/4 11834/2/4 11843/2/4
f 11843/2/4 11834/2/4 11844/2/4
f 11835/4/4 11836/4/4 11845/4/4
f 11845/4/4 11836/4/4 11846/4/4
f 11837/2/4 11838/2/4 11848/2/4
f 11839/2/4 11840/2/4 11849/2/4
f 11842/2/4 11843/2/4 11851/2/4
f 11837/2/4 11848/2/4 11852/2/4
f 11848/2/4 11849/2/4 11852/2/4
f 11849/2/4 11840/2/4 11853/2/4
f 11852/2/4 11849/2/4 11853/2/4
f 11850/2/4 11851/2/4 11854/2/4
f 11851/2/4 11843/2/4 11855/2/4
f 11854/2/4 11851/2/4 11855/2/4
f 11844/4/4 11845/4/4 11856/4/4
f 11856/4/4 11845/4/4 11857/4/4
f 11846/4/4 11847/4/4 11858/4/4
f 11858/4/4 11847/4/4 11859/4/4
f 11853/2/4 11854/2/4 11860/2/4
f 11860/2/4 11854/2/4 11861/2/4
f 11861/2/4 11854/2/4 11862/2/4
f 11855/2/4 11856/2/4 11864/2/4
f 11864/2/4 11856/2/4 11865/2/4
f 11865/2/4 11856/2/4 11866/2/4
f 11857/4/4 11858/4/4 11867/4/4
f 11867/4/4 11858/4/4 11868/4/4
f 11862/2/4 11863/2/4 11869/2/4
f 11861/2/4 11862/2/4 11869/2/4
f 11869/2/4 11863/2/4 11870/2/4
f 11865/2/4 11866/2/4 11871/2/4
f 11866/2/4 11867/2/4 11871/2/4
f 11871/2/4 11867/2/4 11872/2/4
f 11870/2/4 11863/2/4 11874/2/4
f 11872/2/4 11867/2/4 11876/2/4
f 11873/2/4 11874/2/4 11878/2/4
f 11874/2/4 11863/2/4 11879/2/4
f 11878/2/4 11874/2/4 11879/2/4
f 11879/2/4 11863/2/4 11880/2/4
f 11875/2/4 11876/2/4 11882/2/4
f 11876/2/4 11867/2/4 11883/2/4
f 11882/2/4 11876/2/4 11883/2/4
f 11883/2/4 11867/2/4 11884/2/4
f 11877/2/4 11878/2/4 11885/2/4
f 11878/2/4 11879/2/4 11885/2/4
f 11885/2/4 11879/2/4 11886/2/4
f 11882/2/4 11883/2/4 11887/2/4
f 11881/2/4 11882/2/4 11887/2/4
f 11887/2/4 11883/2/4 11888/2/4
f 11891/4/4 11892/4/4 11894/4/4
f 11892/4/4 11893/4/4 11894/4/4
f 11894/4/4 11893/4/4 11895/4/4
f 11889/6/4 11890/6/4 11896/6/4
f 11896/6/4 11890/6/4 11897/6/4
f 11898/7/4 11899/7/4 11900/7/4
f 11900/7/4 11899/7/4 11901/7/4
f 11902/6/4 11903/6/4 11904/6/4
f 11904/6/4 11903/6/4 11905/6/4
f 11906/6/4 11907/6/4 11910/6/4
f 11910/6/4 11907/6/4 11911/6/4
f 11908/2/4 11909/2/4 11912/2/4
f 11912/2/4 11909/2/4 11913/2/4
f 11914/6/4 11915/6/4 11922/6/4
f 11922/6/4 11915/6/4 11923/6/4
f 11916/6/4 11917/6/4 11924/6/4
f 11924/6/4 11917/6/4 11925/6/4
f 11918/6/4 11919/6/4 11926/6/4
f 11926/6/4 11919/6/4 11927/6/4
f 11920/6/4 11921/6/4 11928/6/4
f 11928/6/4 11921/6/4 11929/6/4
f 11930/9/4 11931/9/4 11932/9/4
f 11932/9/4 11931/9/4 11933/9/4
f 11934/4/4 11935/4/4 11938/4/4
f 11938/4/4 11935/4/4 11939/4/4
f 11936/4/4 11937/4/4 11941/4/4
f 11941/4/4 11937/4/4 11942/4/4
f 11939/4/4 11940/4/4 11943/4/4
f 11943/4/4 11940/4/4 11944/4/4
f 11945/2/4 11946/2/4 11951/2/4
f 11951/2/4 11946/2/4 11952/2/4
f 11947/2/4 11948/2/4 11953/2/4
f 11953/2/4 11948/2/4 11954/2/4
f 11949/4/4 11950/4/4 11955/4/4
f 11955/4/4 11950/4/4 11956/4/4
f 11957/4/4 11958/4/4 11961/4/4
f 11961/4/4 11958/4/4 11962/4/4
f 11959/6/4 11960/6/4 11963/6/4
f 11963/6/4 11960/6/4 11964/6/4
f 11965/7/4 11966/7/4 11967/7/4
f 11967/7/4 11966/7/4 11968/7/4
f 11969/6/4 11970/6/4 11971/6/4
f 11971/6/4 11970/6/4 11972/6/4
f 11973/2/4 11974/2/4 11976/2/4
f 11975/2/4 11976/2/4 11978/2/4
f 11976/2/4 11974/2/4 11979/2/4
f 11978/2/4 11976/2/4 11979/2/4
f 11979/2/4 11974/2/4 11980/2/4
f 11977/2/4 11978/2/4 11982/2/4
f 11978/2/4 11979/2/4 11982/2/4
f 11982/2/4 11979/2/4 11983/2/4
f 11981/2/4 11982/2/4 11984/2/4
f 11984/2/4 11982/2/4 11985/2/4
f 11985/2/4 11986/2/4 11987/2/4
f 11987/2/4 11986/2/4 11988/2/4
f 11988/2/4 11986/2/4 11989/2/4
f 11988/2/4 11989/2/4 11991/2/4
f 11989/2/4 11990/2/4 11991/2/4
f 11991/2/4 11990/2/4 11992/2/4
f 11992/2/4 11990/2/4 11993/2/4
f 11993/2/4 11990/2/4 11994/2/4
f 12003/2/4 12004/2/4 12005/2/4
f 12005/2/4 12004/2/4 12006/2/4
f 11995/6/4 11996/6/4 12007/6/4
f 12007/6/4 11996/6/4 12008/6/4
f 11997/6/4 11998/6/4 12009/6/4
f 12009/6/4 11998/6/4 12010/6/4
f 11999/6/4 12000/6/4 12011/6/4
f 12011/6/4 12000/6/4 12012/6/4
f 12001/6/4 12002/6/4 12013/6/4
f 12013/6/4 12002/6/4 12014/6/4
f 12015/9/4 12016/9/4 12017/9/4
f 12017/9/4 12016/9/4 12018/9/4
f 12021/4/4 12022/4/4 12024/4/4
f 12022/2/4 12023/2/4 12025/2/4
f 12024/4/4 12022/4/4 12025/4/4
f 12025/2/4 12023/2/4 12026/2/4
f 12019/2/4 12020/2/4 12027/2/4
f 12027/2/4 12020/2/4 12028/2/4
f 12029/4/4 12030/4/4 12031/4/4
f 12031/4/4 12030/4/4 12032/4/4
f 12035/4/4 12036/4/4 12037/4/4
f 12037/4/4 12036/4/4 12038/4/4
f 12033/7/4 12034/7/4 12039/7/4
f 12039/7/4 12034/7/4 12040/7/4
f 12041/6/4 12042/6/4 12043/6/4
f 12043/6/4 12042/6/4 12044/6/4
f 12045/7/4 12046/7/4 12047/7/4
f 12047/7/4 12046/7/4 12048/7/4
f 12049/2/4 12050/2/4 12051/2/4
f 12051/2/4 12050/2/4 12052/2/4
f 12053/6/4 12054/6/4 12061/6/4
f 12061/6/4 12054/6/4 12062/6/4
f 12055/6/4 12056/6/4 12063/6/4
f 12063/6/4 12056/6/4 12064/6/4
f 12057/6/4 12058/6/4 12065/6/4
f 12065/6/4 12058/6/4 12066/6/4
f 12059/6/4 12060/6/4 12067/6/4
f 12067/6/4 12060/6/4 12068/6/4
f 12069/9/4 12070/9/4 12071/9/4
f 12071/9/4 12070/9/4 12072/9/4
f 12073/4/4 12074/4/4 12075/4/4
f 12075/4/4 12074/4/4 12076/4/4
f 12077/4/4 12078/4/4 12080/4/4
f 12078/4/4 12079/4/4 12080/4/4
f 12080/4/4 12079/4/4 12081/4/4
f 12082/6/4 12083/6/4 12084/6/4
f 12084/6/4 12083/6/4 12085/6/4
f 12086/6/4 12087/6/4 12090/6/4
f 12087/7/4 12088/7/4 12091/7/4
f 12090/6/4 12087/6/4 12091/6/4
f 12091/7/4 12088/7/4 12092/7/4
f 12089/6/4 12090/6/4 12094/6/4
f 12090/6/4 12091/6/4 12094/6/4
f 12094/6/4 12091/6/4 12095/6/4
f 12095/6/4 12091/6/4 12096/6/4
f 12093/6/4 12094/6/4 12098/6/4
f 12094/6/4 12095/6/4 12098/6/4
f 12098/6/4 12095/6/4 12099/6/4
f 12099/6/4 12095/6/4 12100/6/4
f 12097/6/4 12098/6/4 12102/6/4
f 12098/6/4 12099/6/4 12102/6/4
f 12102/6/4 12099/6/4 12103/6/4
f 12101/6/4 12102/6/4 12104/6/4
f 12104/6/4 12102/6/4 12105/6/4
f 12105/6/4 12106/6/4 12107/6/4
f 12107/6/4 12106/6/4 12108/6/4
f 12108/6/4 12106/6/4 12109/6/4
f 12108/6/4 12109/6/4 12111/6/4
f 12109/6/4 12110/6/4 12111/6/4
f 12111/6/4 12110/6/4 12112/6/4
f 12112/6/4 12110/6/4 12113/6/4
f 12112/6/4 12113/6/4 12115/6/4
f 12113/6/4 12114/6/4 12115/6/4
f 12115/6/4 12114/6/4 12116/6/4
f 12116/6/4 12114/6/4 12117/6/4
f 12116/6/4 12117/6/4 12119/6/4
f 12117/7/4 12118/7/4 12120/7/4
f 12119/6/4 12117/6/4 12120/6/4
f 12120/7/4 12118/7/4 12121/7/4
f 12119/7/4 12120/7/4 12122/7/4
f 12122/7/4 12120/7/4 12123/7/4
f 12124/2/4 12125/2/4 12126/2/4
f 12126/2/4 12125/2/4 12127/2/4
f 12128/6/4 12129/6/4 12136/6/4
f 12136/6/4 12129/6/4 12137/6/4
f 12130/6/4 12131/6/4 12138/6/4
f 12138/6/4 12131/6/4 12139/6/4
f 12132/6/4 12133/6/4 12140/6/4
f 12140/6/4 12133/6/4 12141/6/4
f 12134/6/4 12135/6/4 12142/6/4
f 12142/6/4 12135/6/4 12143/6/4
f 12144/6/4 12145/6/4 12152/6/4
f 12152/6/4 12145/6/4 12153/6/4
f 12146/6/4 12147/6/4 12154/6/4
f 12154/6/4 12147/6/4 12155/6/4
f 12148/6/4 12149/6/4 12156/6/4
f 12156/6/4 12149/6/4 12157/6/4
f 12150/6/4 12151/6/4 12158/6/4
f 12158/6/4 12151/6/4 12159/6/4
f 12160/6/4 12161/6/4 12168/6/4
f 12168/6/4 12161/6/4 12169/6/4
f 12162/6/4 12163/6/4 12170/6/4
f 12170/6/4 12163/6/4 12171/6/4
f 12164/6/4 12165/6/4 12172/6/4
f 12172/6/4 12165/6/4 12173/6/4
f 12166/6/4 12167/6/4 12174/6/4
f 12174/6/4 12167/6/4 12175/6/4
f 12176/9/4 12177/9/4 12178/9/4
f 12178/9/4 12177/9/4 12179/9/4
f 12182/2/4 12183/2/4 12186/2/4
f 12186/2/4 12183/2/4 12187/2/4
f 12180/2/4 12181/2/4 12188/2/4
f 12188/2/4 12181/2/4 12189/2/4
f 12184/4/4 12185/4/4 12191/4/4
f 12190/4/4 12191/4/4 12193/4/4
f 12191/4/4 12185/4/4 12194/4/4
f 12193/4/4 12191/4/4 12194/4/4
f 12194/4/4 12185/4/4 12195/4/4
f 12192/4/4 12193/4/4 12197/4/4
f 12193/4/4 12194/4/4 12197/4/4
f 12197/4/4 12194/4/4 12198/4/4
f 12198/4/4 12194/4/4 12199/4/4
f 12196/4/4 12197/4/4 12200/4/4
f 12197/4/4 12198/4/4 12200/4/4
f 12200/4/4 12198/4/4 12201/4/4
f 12202/4/4 12203/4/4 12207/4/4
f 12207/4/4 12203/4/4 12208/4/4
f 12204/4/4 12205/4/4 12209/4/4
f 12205/4/4 12206/4/4 12209/4/4
f 12209/4/4 12206/4/4 12210/4/4
f 12210/4/4 12206/4/4 12211/4/4
f 12210/4/4 12211/4/4 12213/4/4
f 12211/4/4 12212/4/4 12213/4/4
f 12213/4/4 12212/4/4 12214/4/4
f 12214/4/4 12212/4/4 12215/4/4
f 12208/4/4 12209/4/4 12218/4/4
f 12214/4/4 12215/4/4 12219/4/4
f 12215/4/4 12216/4/4 12219/4/4
f 12219/4/4 12216/4/4 12220/4/4
f 12220/4/4 12216/4/4 12221/4/4
f 12217/4/4 12218/4/4 12223/4/4
f 12218/4/4 12209/4/4 12223/4/4
f 12223/4/4 12209/4/4 12224/4/4
f 12221/4/4 12222/4/4 12225/4/4
f 12220/4/4 12221/4/4 12225/4/4
f 12225/4/4 12222/4/4 12226/4/4
f 12217/4/4 12223/4/4 12227/4/4
f 12227/4/4 12223/4/4 12228/4/4
f 12229/6/4 12230/6/4 12231/6/4
f 12231/6/4 12230/6/4 12232/6/4
f 12233/6/4 12234/6/4 12235/6/4
f 12235/6/4 12234/6/4 12236/6/4
f 12237/2/4 12238/2/4 12239/2/4
f 12239/2/4 12238/2/4 12240/2/4
f 12241/6/4 12242/6/4 12249/6/4
f 12249/6/4 12242/6/4 12250/6/4
f 12243/6/4 12244/6/4 12251/6/4
f 12251/6/4 12244/6/4 12252/6/4
f 12245/6/4 12246/6/4 12253/6/4
f 12253/6/4 12246/6/4 12254/6/4
f 12247/6/4 12248/6/4 12255/6/4
f 12255/6/4 12248/6/4 12256/6/4
f 12257/6/4 12258/6/4 12265/6/4
f 12265/6/4 12258/6/4 12266/6/4
f 12259/6/4 12260/6/4 12267/6/4
f 12267/6/4 12260/6/4 12268/6/4
f 12261/6/4 12262/6/4 12269/6/4
f 12269/6/4 12262/6/4 12270/6/4
f 12263/6/4 12264/6/4 12271/6/4
f 12271/6/4 12264/6/4 12272/6/4
f 12273/6/4 12274/6/4 12281/6/4
f 12281/6/4 12274/6/4 12282/6/4
f 12275/6/4 12276/6/4 12283/6/4
f 12283/6/4 12276/6/4 12284/6/4
f 12277/6/4 12278/6/4 12285/6/4
f 12285/6/4 12278/6/4 12286/6/4
f 12279/6/4 12280/6/4 12287/6/4
f 12287/6/4 12280/6/4 12288/6/4
f 12289/9/4 12290/9/4 12291/9/4
f 12291/9/4 12290/9/4 12292/9/4
f 12293/2/4 12294/2/4 12299/2/4
f 12294/4/4 12295/4/4 12300/4/4
f 12299/2/4 12294/2/4 12300/2/4
f 12300/4/4 12295/4/4 12301/4/4
f 12296/4/4 12297/4/4 12302/4/4
f 12302/4/4 12297/4/4 12303/4/4
f 12297/2/4 12298/2/4 12304/2/4
f 12303/4/4 12297/4/4 12304/4/4
f 12304/2/4 12298/2/4 12305/2/4
f 12305/2/4 12298/2/4 12306/2/4
f 12306/2/4 12298/2/4 12307/2/4
f 12308/2/4 12309/2/4 12310/2/4
f 12310/2/4 12309/2/4 12311/2/4
f 12312/4/4 12313/4/4 12314/4/4
f 12312/4/4 12314/4/4 12315/4/4
f 12315/4/4 12314/4/4 12316/4/4
f 12317/6/4 12318/6/4 12319/6/4
f 12319/6/4 12318/6/4 12320/6/4
f 12321/6/4 12322/6/4 12329/6/4
f 12329/6/4 12322/6/4 12330/6/4
f 12323/6/4 12324/6/4 12331/6/4
f 12331/6/4 12324/6/4 12332/6/4
f 12325/6/4 12326/6/4 12333/6/4
f 12333/6/4 12326/6/4 12334/6/4
f 12327/6/4 12328/6/4 12335/6/4
f 12335/6/4 12328/6/4 12336/6/4
f 12337/6/4 12338/6/4 12345/6/4
f 12345/6/4 12338/6/4 12346/6/4
f 12339/6/4 12340/6/4 12347/6/4
f 12347/6/4 12340/6/4 12348/6/4
f 12341/6/4 12342/6/4 12349/6/4
f 12349/6/4 12342/6/4 12350/6/4
f 12343/6/4 12344/6/4 12351/6/4
f 12351/6/4 12344/6/4 12352/6/4
f 12353/6/4 12354/6/4 12355/6/4
f 12355/6/4 12354/6/4 12356/6/4
f 12357/9/4 12358/9/4 12359/9/4
f 12359/9/4 12358/9/4 12360/9/4
f 12361/4/4 12362/4/4 12365/4/4
f 12365/4/4 12362/4/4 12366/4/4
f 12363/4/4 12364/4/4 12367/4/4
f 12367/4/4 12364/4/4 12368/4/4
f 12369/4/4 12370/4/4 12371/4/4
f 12371/4/4 12370/4/4 12372/4/4
f 12373/6/4 12374/6/4 12375/6/4
f 12375/6/4 12374/6/4 12376/6/4
f 12376/6/4 12377/6/4 12379/6/4
f 12379/6/4 12377/6/4 12380/6/4
f 12378/6/4 12379/6/4 12382/6/4
f 12382/6/4 12379/6/4 12383/6/4
f 12381/6/4 12382/6/4 12384/6/4
f 12384/6/4 12382/6/4 12385/6/4
f 12385/6/4 12386/6/4 12387/6/4
f 12387/6/4 12386/6/4 12388/6/4
f 12388/6/4 12389/6/4 12391/6/4
f 12391/6/4 12389/6/4 12392/6/4
f 12390/6/4 12391/6/4 12393/6/4
f 12393/6/4 12391/6/4 12394/6/4
f 12395/6/4 12396/6/4 12397/6/4
f 12397/6/4 12396/6/4 12398/6/4
f 12399/6/4 12400/6/4 12401/6/4
f 12401/6/4 12400/6/4 12402/6/4
f 12403/9/4 12404/9/4 12405/9/4
f 12405/9/4 12404/9/4 12406/9/4
f 12407/4/4 12408/4/4 12409/4/4
f 12409/4/4 12408/4/4 12410/4/4
f 12411/6/4 12412/6/4 12413/6/4
f 12413/6/4 12412/6/4 12414/6/4
f 12415/7/4 12416/7/4 12417/7/4
f 12417/7/4 12416/7/4 12418/7/4
f 12419/1/4 12420/1/4 12427/1/4
f 12427/1/4 12420/1/4 12428/1/4
f 12421/7/4 12422/7/4 12430/7/4
f 12423/7/4 12424/7/4 12432/7/4
f 12425/7/4 12426/7/4 12434/7/4
f 12427/7/4 12428/7/4 12436/7/4
f 12428/1/4 12429/1/4 12437/1/4
f 12436/7/4 12428/7/4 12437/7/4
f 12437/1/4 12429/1/4 12438/1/4
f 12421/7/4 12430/7/4 12440/7/4
f 12430/1/4 12431/1/4 12441/1/4
f 12440/7/4 12430/7/4 12441/7/4
f 12441/1/4 12431/1/4 12442/1/4
f 12432/7/4 12433/7/4 12444/7/4
f 12423/7/4 12432/7/4 12444/7/4
f 12444/7/4 12433/7/4 12445/7/4
f 12445/7/4 12433/7/4 12446/7/4
f 12425/7/4 12434/7/4 12448/7/4
f 12434/1/4 12435/1/4 12449/1/4
f 12448/7/4 12434/7/4 12449/7/4
f 12449/1/4 12435/1/4 12450/1/4
f 12437/7/4 12438/7/4 12452/7/4
f 12438/1/4 12439/1/4 12453/1/4
f 12452/7/4 12438/7/4 12453/7/4
f 12453/1/4 12439/1/4 12454/1/4
f 12442/7/4 12443/7/4 12456/7/4
f 12441/7/4 12442/7/4 12456/7/4
f 12456/7/4 12443/7/4 12457/7/4
f 12457/7/4 12443/7/4 12458/7/4
f 12445/7/4 12446/7/4 12460/7/4
f 12446/1/4 12447/1/4 12461/1/4
f 12460/7/4 12446/7/4 12461/7/4
f 12461/1/4 12447/1/4 12462/1/4
f 12449/7/4 12450/7/4 12464/7/4
f 12450/1/4 12451/1/4 12465/1/4
f 12464/7/4 12450/7/4 12465/7/4
f 12465/1/4 12451/1/4 12466/1/4
f 12454/6/4 12455/6/4 12469/6/4
f 12453/6/4 12454/6/4 12469/6/4
f 12469/6/4 12455/6/4 12470/6/4
f 12470/6/4 12455/6/4 12471/6/4
f 12457/6/4 12458/6/4 12473/6/4
f 12458/6/4 12459/6/4 12473/6/4
f 12473/6/4 12459/6/4 12474/6/4
f 12474/6/4 12459/6/4 12475/6/4
f 12461/6/4 12462/6/4 12477/6/4
f 12462/6/4 12463/6/4 12477/6/4
f 12477/6/4 12463/6/4 12478/6/4
f 12478/6/4 12463/6/4 12479/6/4
f 12466/6/4 12467/6/4 12481/6/4
f 12465/6/4 12466/6/4 12481/6/4
f 12481/6/4 12467/6/4 12482/6/4
f 12482/6/4 12467/6/4 12483/6/4
f 12469/6/4 12470/6/4 12485/6/4
f 12468/6/4 12469/6/4 12485/6/4
f 12485/6/4 12470/6/4 12486/6/4
f 12486/6/4 12470/6/4 12487/6/4
f 12473/6/4 12474/6/4 12489/6/4
f 12472/6/4 12473/6/4 12489/6/4
f 12489/6/4 12474/6/4 12490/6/4
f 12490/6/4 12474/6/4 12491/6/4
f 12477/6/4 12478/6/4 12493/6/4
f 12476/6/4 12477/6/4 12493/6/4
f 12493/6/4 12478/6/4 12494/6/4
f 12494/6/4 12478/6/4 12495/6/4
f 12481/6/4 12482/6/4 12497/6/4
f 12480/6/4 12481/6/4 12497/6/4
f 12497/6/4 12482/6/4 12498/6/4
f 12498/6/4 12482/6/4 12499/6/4
f 12485/6/4 12486/6/4 12501/6/4
f 12484/6/4 12485/6/4 12501/6/4
f 12501/6/4 12486/6/4 12502/6/4
f 12502/6/4 12486/6/4 12503/6/4
f 12489/6/4 12490/6/4 12505/6/4
f 12488/6/4 12489/6/4 12505/6/4
f 12505/6/4 12490/6/4 12506/6/4
f 12506/6/4 12490/6/4 12507/6/4
f 12493/6/4 12494/6/4 12509/6/4
f 12492/6/4 12493/6/4 12509/6/4
f 12509/6/4 12494/6/4 12510/6/4
f 12510/6/4 12494/6/4 12511/6/4
f 12497/6/4 12498/6/4 12513/6/4
f 12496/6/4 12497/6/4 12513/6/4
f 12513/6/4 12498/6/4 12514/6/4
f 12514/6/4 12498/6/4 12515/6/4
f 12501/6/4 12502/6/4 12517/6/4
f 12500/6/4 12501/6/4 12517/6/4
f 12517/6/4 12502/6/4 12518/6/4
f 12518/6/4 12502/6/4 12519/6/4
f 12505/6/4 12506/6/4 12521/6/4
f 12504/6/4 12505/6/4 12521/6/4
f 12521/6/4 12506/6/4 12522/6/4
f 12522/6/4 12506/6/4 12523/6/4
f 12509/6/4 12510/6/4 12525/6/4
f 12508/6/4 12509/6/4 12525/6/4
f 12525/6/4 12510/6/4 12526/6/4
f 12526/6/4 12510/6/4 12527/6/4
f 12513/6/4 12514/6/4 12529/6/4
f 12512/6/4 12513/6/4 12529/6/4
f 12529/6/4 12514/6/4 12530/6/4
f 12530/6/4 12514/6/4 12531/6/4
f 12517/6/4 12518/6/4 12533/6/4
f 12516/6/4 12517/6/4 12533/6/4
f 12533/6/4 12518/6/4 12534/6/4
f 12534/6/4 12518/6/4 12535/6/4
f 12521/6/4 12522/6/4 12537/6/4
f 12520/6/4 12521/6/4 12537/6/4
f 12537/6/4 12522/6/4 12538/6/4
f 12538/6/4 12522/6/4 12539/6/4
f 12525/6/4 12526/6/4 12541/6/4
f 12524/6/4 12525/6/4 12541/6/4
f 12541/6/4 12526/6/4 12542/6/4
f 12542/6/4 12526/6/4 12543/6/4
f 12529/6/4 12530/6/4 12545/6/4
f 12528/6/4 12529/6/4 12545/6/4
f 12545/6/4 12530/6/4 12546/6/4
f 12546/6/4 12530/6/4 12547/6/4
f 12533/6/4 12534/6/4 12549/6/4
f 12532/6/4 12533/6/4 12549/6/4
f 12549/6/4 12534/6/4 12550/6/4
f 12550/6/4 12534/6/4 12551/6/4
f 12537/6/4 12538/6/4 12553/6/4
f 12536/6/4 12537/6/4 12553/6/4
f 12553/6/4 12538/6/4 12554/6/4
f 12554/6/4 12538/6/4 12555/6/4
f 12541/6/4 12542/6/4 12557/6/4
f 12540/6/4 12541/6/4 12557/6/4
f 12557/6/4 12542/6/4 12558/6/4
f 12558/6/4 12542/6/4 12559/6/4
f 12545/6/4 12546/6/4 12561/6/4
f 12544/6/4 12545/6/4 12561/6/4
f 12561/6/4 12546/6/4 12562/6/4
f 12562/6/4 12546/6/4 12563/6/4
f 12549/6/4 12550/6/4 12565/6/4
f 12548/6/4 12549/6/4 12565/6/4
f 12565/6/4 12550/6/4 12566/6/4
f 12553/6/4 12554/6/4 12569/6/4
f 12552/6/4 12553/6/4 12569/6/4
f 12569/6/4 12554/6/4 12570/6/4
f 12557/6/4 12558/6/4 12573/6/4
f 12556/6/4 12557/6/4 12573/6/4
f 12573/6/4 12558/6/4 12574/6/4
f 12561/6/4 12562/6/4 12577/6/4
f 12560/6/4 12561/6/4 12577/6/4
f 12577/6/4 12562/6/4 12578/6/4
f 12564/6/4 12565/6/4 12581/6/4
f 12581/6/4 12565/6/4 12582/6/4
f 12567/6/4 12568/6/4 12583/6/4
f 12566/6/4 12567/6/4 12583/6/4
f 12568/6/4 12569/6/4 12583/6/4
f 12583/6/4 12569/6/4 12584/6/4
f 12584/6/4 12569/6/4 12585/6/4
f 12585/6/4 12569/6/4 12586/6/4
f 12571/6/4 12572/6/4 12587/6/4
f 12570/6/4 12571/6/4 12587/6/4
f 12572/6/4 12573/6/4 12587/6/4
f 12587/6/4 12573/6/4 12588/6/4
f 12588/6/4 12573/6/4 12589/6/4
f 12589/6/4 12573/6/4 12590/6/4
f 12575/6/4 12576/6/4 12591/6/4
f 12574/6/4 12575/6/4 12591/6/4
f 12576/6/4 12577/6/4 12591/6/4
f 12591/6/4 12577/6/4 12592/6/4
f 12592/6/4 12577/6/4 12593/6/4
f 12593/6/4 12577/6/4 12594/6/4
f 12578/6/4 12579/6/4 12595/6/4
f 12579/6/4 12580/6/4 12595/6/4
f 12595/6/4 12580/6/4 12596/6/4
f 12596/6/4 12580/6/4 12597/6/4
f 12582/6/4 12583/6/4 12598/6/4
f 12598/6/4 12583/6/4 12599/6/4
f 12599/6/4 12583/6/4 12600/6/4
f 12586/6/4 12587/6/4 12602/6/4
f 12602/6/4 12587/6/4 12603/6/4
f 12603/6/4 12587/6/4 12604/6/4
f 12590/6/4 12591/6/4 12606/6/4
f 12606/6/4 12591/6/4 12607/6/4
f 12607/6/4 12591/6/4 12608/6/4
f 12594/6/4 12595/6/4 12610/6/4
f 12610/6/4 12595/6/4 12611/6/4
f 12611/6/4 12595/6/4 12612/6/4
f 12600/6/4 12601/6/4 12614/6/4
f 12599/6/4 12600/6/4 12614/6/4
f 12614/6/4 12601/6/4 12615/6/4
f 12615/6/4 12601/6/4 12616/6/4
f 12604/6/4 12605/6/4 12618/6/4
f 12603/6/4 12604/6/4 12618/6/4
f 12618/6/4 12605/6/4 12619/6/4
f 12619/6/4 12605/6/4 12620/6/4
f 12608/6/4 12609/6/4 12622/6/4
f 12607/6/4 12608/6/4 12622/6/4
f 12622/6/4 12609/6/4 12623/6/4
f 12623/6/4 12609/6/4 12624/6/4
f 12612/6/4 12613/6/4 12626/6/4
f 12611/6/4 12612/6/4 12626/6/4
f 12626/6/4 12613/6/4 12627/6/4
f 12627/6/4 12613/6/4 12628/6/4
f 12616/6/4 12617/6/4 12630/6/4
f 12615/6/4 12616/6/4 12630/6/4
f 12630/6/4 12617/6/4 12631/6/4
f 12631/6/4 12617/6/4 12632/6/4
f 12620/6/4 12621/6/4 12634/6/4
f 12619/6/4 12620/6/4 12634/6/4
f 12634/6/4 12621/6/4 12635/6/4
f 12635/6/4 12621/6/4 12636/6/4
f 12624/6/4 12625/6/4 12638/6/4
f 12623/6/4 12624/6/4 12638/6/4
f 12638/6/4 12625/6/4 12639/6/4
f 12639/6/4 12625/6/4 12640/6/4
f 12628/6/4 12629/6/4 12642/6/4
f 12627/6/4 12628/6/4 12642/6/4
f 12642/6/4 12629/6/4 12643/6/4
f 12643/6/4 12629/6/4 12644/6/4
f 12632/6/4 12633/6/4 12646/6/4
f 12631/6/4 12632/6/4 12646/6/4
f 12646/6/4 12633/6/4 12647/6/4
f 12647/6/4 12633/6/4 12648/6/4
f 12636/6/4 12637/6/4 12650/6/4
f 12635/6/4 12636/6/4 12650/6/4
f 12650/6/4 12637/6/4 12651/6/4
f 12651/6/4 12637/6/4 12652/6/4
f 12640/6/4 12641/6/4 12654/6/4
f 12639/6/4 12640/6/4 12654/6/4
f 12654/6/4 12641/6/4 12655/6/4
f 12655/6/4 12641/6/4 12656/6/4
f 12643/6/4 12644/6/4 12658/6/4
f 12644/6/4 12645/6/4 12658/6/4
f 12658/6/4 12645/6/4 12659/6/4
f 12659/6/4 12645/6/4 12660/6/4
f 12648/6/4 12649/6/4 12662/6/4
f 12647/6/4 12648/6/4 12662/6/4
f 12662/6/4 12649/6/4 12663/6/4
f 12663/6/4 12649/6/4 12664/6/4
f 12652/6/4 12653/6/4 12666/6/4
f 12651/6/4 12652/6/4 12666/6/4
f 12666/6/4 12653/6/4 12667/6/4
f 12667/6/4 12653/6/4 12668/6/4
f 12656/6/4 12657/6/4 12670/6/4
f 12655/6/4 12656/6/4 12670/6/4
f 12670/6/4 12657/6/4 12671/6/4
f 12671/6/4 12657/6/4 12672/6/4
f 12659/6/4 12660/6/4 12674/6/4
f 12660/6/4 12661/6/4 12674/6/4
f 12674/6/4 12661/6/4 12675/6/4
f 12675/6/4 12661/6/4 12676/6/4
f 12664/6/4 12665/6/4 12678/6/4
f 12663/6/4 12664/6/4 12678/6/4
f 12678/6/4 12665/6/4 12679/6/4
f 12679/6/4 12665/6/4 12680/6/4
f 12668/6/4 12669/6/4 12682/6/4
f 12667/6/4 12668/6/4 12682/6/4
f 12682/6/4 12669/6/4 12683/6/4
f 12683/6/4 12669/6/4 12684/6/4
f 12672/6/4 12673/6/4 12686/6/4
f 12671/6/4 12672/6/4 12686/6/4
f 12686/6/4 12673/6/4 12687/6/4
f 12687/6/4 12673/6/4 12688/6/4
f 12675/6/4 12676/6/4 12690/6/4
f 12676/6/4 12677/6/4 12690/6/4
f 12690/6/4 12677/6/4 12691/6/4
f 12691/6/4 12677/6/4 12692/6/4
f 12680/6/4 12681/6/4 12694/6/4
f 12679/6/4 12680/6/4 12694/6/4
f 12694/6/4 12681/6/4 12695/6/4
f 12684/6/4 12685/6/4 12696/6/4
f 12683/6/4 12684/6/4 12696/6/4
f 12696/6/4 12685/6/4 12697/6/4
f 12697/6/4 12685/6/4 12698/6/4
f 12688/6/4 12689/6/4 12699/6/4
f 12687/6/4 12688/6/4 12699/6/4
f 12699/6/4 12689/6/4 12700/6/4
f 12691/6/4 12692/6/4 12701/6/4
f 12692/6/4 12693/6/4 12701/6/4
f 12701/6/4 12693/6/4 12702/6/4
f 12694/7/4 12695/7/4 12704/7/4
f 12704/7/4 12695/7/4 12705/7/4
f 12705/7/4 12695/7/4 12706/7/4
f 12696/7/4 12697/7/4 12708/7/4
f 12697/1/4 12698/1/4 12709/1/4
f 12708/7/4 12697/7/4 12709/7/4
f 12709/1/4 12698/1/4 12710/1/4
f 12699/7/4 12700/7/4 12712/7/4
f 12712/7/4 12700/7/4 12713/7/4
f 12713/7/4 12700/7/4 12714/7/4
f 12701/7/4 12702/7/4 12716/7/4
f 12716/7/4 12702/7/4 12717/7/4
f 12717/7/4 12702/7/4 12718/7/4
f 12703/7/4 12704/7/4 12720/7/4
f 12704/1/4 12705/1/4 12721/1/4
f 12720/7/4 12704/7/4 12721/7/4
f 12721/1/4 12705/1/4 12722/1/4
f 12707/7/4 12708/7/4 12724/7/4
f 12708/1/4 12709/1/4 12725/1/4
f 12724/7/4 12708/7/4 12725/7/4
f 12725/1/4 12709/1/4 12726/1/4
f 12711/7/4 12712/7/4 12728/7/4
f 12712/1/4 12713/1/4 12729/1/4
f 12728/7/4 12712/7/4 12729/7/4
f 12729/1/4 12713/1/4 12730/1/4
f 12716/7/4 12717/7/4 12732/7/4
f 12715/7/4 12716/7/4 12732/7/4
f 12732/7/4 12717/7/4 12733/7/4
f 12733/7/4 12717/7/4 12734/7/4
f 12719/7/4 12720/7/4 12737/7/4
f 12720/1/4 12721/1/4 12737/1/4
f 12737/1/4 12721/1/4 12738/1/4
f 12723/7/4 12724/7/4 12739/7/4
f 12724/1/4 12725/1/4 12739/1/4
f 12739/1/4 12725/1/4 12740/1/4
f 12727/7/4 12728/7/4 12741/7/4
f 12728/1/4 12729/1/4 12742/1/4
f 12741/7/4 12728/7/4 12742/7/4
f 12742/1/4 12729/1/4 12743/1/4
f 12732/7/4 12733/7/4 12744/7/4
f 12731/7/4 12732/7/4 12744/7/4
f 12744/7/4 12733/7/4 12745/7/4
f 12735/9/4 12736/9/4 12746/9/4
f 12746/9/4 12736/9/4 12747/9/4
f 12719/7/4 12737/7/4 12748/7/4
f 12748/7/4 12737/7/4 12749/7/4
f 12723/7/4 12739/7/4 12750/7/4
f 12750/7/4 12739/7/4 12751/7/4
f 12741/1/4 12742/1/4 12752/1/4
f 12752/1/4 12742/1/4 12753/1/4
f 12731/7/4 12744/7/4 12754/7/4
f 12754/7/4 12744/7/4 12755/7/4
f 12756/4/4 12757/4/4 12758/4/4
f 12758/4/4 12757/4/4 12759/4/4
f 12760/6/4 12761/6/4 12762/6/4
f 12762/6/4 12761/6/4 12763/6/4
f 12764/7/4 12765/7/4 12766/7/4
f 12766/7/4 12765/7/4 12767/7/4
f 12768/6/4 12769/6/4 12778/6/4
f 12778/6/4 12769/6/4 12779/6/4
f 12770/6/4 12771/6/4 12782/6/4
f 12782/6/4 12771/6/4 12783/6/4
f 12772/6/4 12773/6/4 12786/6/4
f 12786/6/4 12773/6/4 12787/6/4
f 12774/6/4 12775/6/4 12790/6/4
f 12790/6/4 12775/6/4 12791/6/4
f 12776/6/4 12777/6/4 12792/6/4
f 12792/6/4 12777/6/4 12793/6/4
f 12780/6/4 12781/6/4 12796/6/4
f 12796/6/4 12781/6/4 12797/6/4
f 12784/6/4 12785/6/4 12800/6/4
f 12800/6/4 12785/6/4 12801/6/4
f 12788/6/4 12789/6/4 12804/6/4
f 12804/6/4 12789/6/4 12805/6/4
f 12794/6/4 12795/6/4 12808/6/4
f 12808/6/4 12795/6/4 12809/6/4
f 12798/6/4 12799/6/4 12810/6/4
f 12810/6/4 12799/6/4 12811/6/4
f 12802/6/4 12803/6/4 12812/6/4
f 12812/6/4 12803/6/4 12813/6/4
f 12806/6/4 12807/6/4 12814/6/4
f 12814/6/4 12807/6/4 12815/6/4
f 12816/9/4 12817/9/4 12818/9/4
f 12818/9/4 12817/9/4 12819/9/4
f 12820/7/4 12821/7/4 12822/7/4
f 12822/7/4 12821/7/4 12823/7/4
f 12824/5/4 12825/5/4 12826/5/4
f 12826/5/4 12825/5/4 12827/5/4
f 12828/7/4 12829/7/4 12830/7/4
f 12830/7/4 12829/7/4 12831/7/4
f 12831/4/4 12832/4/4 12833/4/4
f 12833/4/4 12832/4/4 12834/4/4
f 12835/6/4 12836/6/4 12837/6/4
f 12837/6/4 12836/6/4 12838/6/4
f 12839/6/4 12840/6/4 12847/6/4
f 12847/6/4 12840/6/4 12848/6/4
f 12841/6/4 12842/6/4 12849/6/4
f 12849/6/4 12842/6/4 12850/6/4
f 12843/6/4 12844/6/4 12851/6/4
f 12851/6/4 12844/6/4 12852/6/4
f 12845/6/4 12846/6/4 12853/6/4
f 12853/6/4 12846/6/4 12854/6/4
f 12855/6/4 12856/6/4 12863/6/4
f 12863/6/4 12856/6/4 12864/6/4
f 12857/6/4 12858/6/4 12865/6/4
f 12865/6/4 12858/6/4 12866/6/4
f 12859/6/4 12860/6/4 12867/6/4
f 12867/6/4 12860/6/4 12868/6/4
f 12861/6/4 12862/6/4 12869/6/4
f 12869/6/4 12862/6/4 12870/6/4
f 12871/6/4 12872/6/4 12879/6/4
f 12879/6/4 12872/6/4 12880/6/4
f 12873/6/4 12874/6/4 12881/6/4
f 12881/6/4 12874/6/4 12882/6/4
f 12875/6/4 12876/6/4 12883/6/4
f 12883/6/4 12876/6/4 12884/6/4
f 12877/6/4 12878/6/4 12885/6/4
f 12885/6/4 12878/6/4 12886/6/4
f 12887/9/4 12888/9/4 12889/9/4
f 12889/9/4 12888/9/4 12890/9/4
f 12891/7/4 12892/7/4 12893/7/4
f 12893/7/4 12892/7/4 12894/7/4
f 12895/6/4 12896/6/4 12897/6/4
f 12897/6/4 12896/6/4 12898/6/4
f 12899/2/4 12900/2/4 12901/2/4
f 12901/2/4 12900/2/4 12902/2/4
f 12903/6/4 12904/6/4 12905/6/4
f 12905/6/4 12904/6/4 12906/6/4
f 12907/6/4 12908/6/4 12915/6/4
f 12915/6/4 12908/6/4 12916/6/4
f 12909/6/4 12910/6/4 12917/6/4
f 12917/6/4 12910/6/4 12918/6/4
f 12911/6/4 12912/6/4 12919/6/4
f 12919/6/4 12912/6/4 12920/6/4
f 12913/6/4 12914/6/4 12921/6/4
f 12921/6/4 12914/6/4 12922/6/4
f 12923/6/4 12924/6/4 12931/6/4
f 12931/6/4 12924/6/4 12932/6/4
f 12925/6/4 12926/6/4 12933/6/4
f 12933/6/4 12926/6/4 12934/6/4
f 12927/6/4 12928/6/4 12935/6/4
f 12935/6/4 12928/6/4 12936/6/4
f 12929/6/4 12930/6/4 12937/6/4
f 12937/6/4 12930/6/4 12938/6/4
f 12939/6/4 12940/6/4 12947/6/4
f 12947/6/4 12940/6/4 12948/6/4
f 12941/6/4 12942/6/4 12949/6/4
f 12949/6/4 12942/6/4 12950/6/4
f 12943/6/4 12944/6/4 12951/6/4
f 12951/6/4 12944/6/4 12952/6/4
f 12945/6/4 12946/6/4 12953/6/4
f 12953/6/4 12946/6/4 12954/6/4
f 12955/9/4 12956/9/4 12957/9/4
f 12957/9/4 12956/9/4 12958/9/4
f 12959/2/4 12960/2/4 12961/2/4
f 12961/2/4 12960/2/4 12962/2/4
f 12963/6/4 12964/6/4 12965/6/4
f 12965/6/4 12964/6/4 12966/6/4
f 12967/2/4 12968/2/4 12969/2/4
f 12969/2/4 12968/2/4 12970/2/4
f 12971/6/4 12972/6/4 12973/6/4
f 12973/6/4 12972/6/4 12974/6/4
f 12975/6/4 12976/6/4 12983/6/4
f 12983/6/4 12976/6/4 12984/6/4
f 12977/6/4 12978/6/4 12985/6/4
f 12985/6/4 12978/6/4 12986/6/4
f 12979/6/4 12980/6/4 12987/6/4
f 12987/6/4 12980/6/4 12988/6/4
f 12981/6/4 12982/6/4 12989/6/4
f 12989/6/4 12982/6/4 12990/6/4
f 12991/9/4 12992/9/4 12993/9/4
f 12993/9/4 12992/9/4 12994/9/4
f 12995/6/4 12996/6/4 12997/6/4
f 12997/6/4 12996/6/4 12998/6/4
f 12999/2/4 13000/2/4 13001/2/4
f 13001/2/4 13000/2/4 13002/2/4
f 13003/6/4 13004/6/4 13005/6/4
f 13005/6/4 13004/6/4 13006/6/4
f 13007/2/4 13008/2/4 13009/2/4
f 13009/2/4 13008/2/4 13010/2/4
f 13011/2/4 13012/2/4 13013/2/4
f 13013/2/4 13012/2/4 13014/2/4
f 13015/6/4 13016/6/4 13017/6/4
f 13017/6/4 13016/6/4 13018/6/4
f 13019/6/4 13020/6/4 13027/6/4
f 13027/6/4 13020/6/4 13028/6/4
f 13021/6/4 13022/6/4 13029/6/4
f 13029/6/4 13022/6/4 13030/6/4
f 13023/6/4 13024/6/4 13031/6/4
f 13031/6/4 13024/6/4 13032/6/4
f 13025/6/4 13026/6/4 13033/6/4
f 13033/6/4 13026/6/4 13034/6/4
f 13035/9/4 13036/9/4 13039/9/4
f 13039/9/4 13036/9/4 13040/9/4
f 13037/6/4 13038/6/4 13041/6/4
f 13041/6/4 13038/6/4 13042/6/4
f 13043/2/4 13044/2/4 13045/2/4
f 13045/2/4 13044/2/4 13046/2/4
f 13047/7/4 13048/7/4 13049/7/4
f 13049/7/4 13048/7/4 13050/7/4
f 13051/6/4 13052/6/4 13059/6/4
f 13059/6/4 13052/6/4 13060/6/4
f 13053/6/4 13054/6/4 13061/6/4
f 13061/6/4 13054/6/4 13062/6/4
f 13055/6/4 13056/6/4 13063/6/4
f 13063/6/4 13056/6/4 13064/6/4
f 13057/6/4 13058/6/4 13065/6/4
f 13065/6/4 13058/6/4 13066/6/4
f 13069/9/4 13070/9/4 13071/9/4
f 13071/9/4 13070/9/4 13072/9/4
f 13067/6/4 13068/6/4 13073/6/4
f 13073/6/4 13068/6/4 13074/6/4
f 13075/6/4 13076/6/4 13079/6/4
f 13076/7/4 13077/7/4 13080/7/4
f 13079/6/4 13076/6/4 13080/6/4
f 13080/7/4 13077/7/4 13081/7/4
f 13078/6/4 13079/6/4 13083/6/4
f 13079/6/4 13080/6/4 13083/6/4
f 13083/6/4 13080/6/4 13084/6/4
f 13084/6/4 13080/6/4 13085/6/4
f 13082/6/4 13083/6/4 13087/6/4
f 13083/6/4 13084/6/4 13087/6/4
f 13087/6/4 13084/6/4 13088/6/4
f 13088/6/4 13084/6/4 13089/6/4
f 13086/6/4 13087/6/4 13091/6/4
f 13087/6/4 13088/6/4 13091/6/4
f 13091/6/4 13088/6/4 13092/6/4
f 13090/6/4 13091/6/4 13093/6/4
f 13093/6/4 13091/6/4 13094/6/4
f 13094/6/4 13095/6/4 13096/6/4
f 13096/6/4 13095/6/4 13097/6/4
f 13097/6/4 13095/6/4 13098/6/4
f 13097/6/4 13098/6/4 13100/6/4
f 13098/6/4 13099/6/4 13100/6/4
f 13100/6/4 13099/6/4 13101/6/4
f 13101/6/4 13099/6/4 13102/6/4
f 13101/6/4 13102/6/4 13104/6/4
f 13102/6/4 13103/6/4 13104/6/4
f 13104/6/4 13103/6/4 13105/6/4
f 13105/6/4 13103/6/4 13106/6/4
f 13105/6/4 13106/6/4 13109/6/4
f 13106/7/4 13107/7/4 13110/7/4
f 13109/6/4 13106/6/4 13110/6/4
f 13110/7/4 13107/7/4 13111/7/4
f 13108/2/4 13109/2/4 13113/2/4
f 13109/7/4 13110/7/4 13114/7/4
f 13113/2/4 13109/2/4 13114/2/4
f 13114/7/4 13110/7/4 13115/7/4
f 13112/2/4 13113/2/4 13117/2/4
f 13113/2/4 13114/2/4 13117/2/4
f 13117/2/4 13114/2/4 13118/2/4
f 13118/2/4 13114/2/4 13119/2/4
f 13116/2/4 13117/2/4 13121/2/4
f 13117/2/4 13118/2/4 13121/2/4
f 13121/2/4 13118/2/4 13122/2/4
f 13120/2/4 13121/2/4 13123/2/4
f 13123/2/4 13121/2/4 13124/2/4
f 13124/2/4 13125/2/4 13126/2/4
f 13126/2/4 13125/2/4 13127/2/4
f 13127/2/4 13125/2/4 13128/2/4
f 13127/2/4 13128/2/4 13130/2/4
f 13128/2/4 13129/2/4 13130/2/4
f 13130/2/4 13129/2/4 13131/2/4
f 13131/2/4 13129/2/4 13132/2/4
f 13132/2/4 13129/2/4 13133/2/4
f 13134/4/4 13135/4/4 13138/4/4
f 13138/4/4 13135/4/4 13139/4/4
f 13136/6/4 13137/6/4 13141/6/4
f 13140/6/4 13141/6/4 13143/6/4
f 13141/6/4 13137/6/4 13144/6/4
f 13143/6/4 13141/6/4 13144/6/4
f 13144/6/4 13137/6/4 13145/6/4
f 13142/6/4 13143/6/4 13147/6/4
f 13143/6/4 13144/6/4 13147/6/4
f 13147/6/4 13144/6/4 13148/6/4
f 13148/6/4 13144/6/4 13149/6/4
f 13146/6/4 13147/6/4 13151/6/4
f 13147/6/4 13148/6/4 13151/6/4
f 13151/6/4 13148/6/4 13152/6/4
f 13150/6/4 13151/6/4 13153/6/4
f 13153/6/4 13151/6/4 13154/6/4
f 13154/6/4 13155/6/4 13156/6/4
f 13156/6/4 13155/6/4 13157/6/4
f 13157/6/4 13155/6/4 13158/6/4
f 13157/6/4 13158/6/4 13160/6/4
f 13158/6/4 13159/6/4 13160/6/4
f 13160/6/4 13159/6/4 13161/6/4
f 13161/6/4 13159/6/4 13162/6/4
f 13161/6/4 13162/6/4 13164/6/4
f 13162/6/4 13163/6/4 13164/6/4
f 13164/6/4 13163/6/4 13165/6/4
f 13165/6/4 13163/6/4 13166/6/4
f 13166/6/4 13163/6/4 13167/6/4
f 13168/2/4 13169/2/4 13170/2/4
f 13170/2/4 13169/2/4 13171/2/4
f 13172/6/4 13173/6/4 13176/6/4
f 13176/6/4 13173/6/4 13177/6/4
f 13174/9/4 13175/9/4 13178/9/4
f 13178/9/4 13175/9/4 13179/9/4
f 13180/6/4 13181/6/4 13182/6/4
f 13182/6/4 13181/6/4 13183/6/4
f 13184/2/4 13185/2/4 13186/2/4
f 13186/2/4 13185/2/4 13187/2/4
f 13188/4/4 13189/4/4 13191/4/4
f 13189/4/4 13190/4/4 13191/4/4
f 13191/4/4 13190/4/4 13192/4/4
f 13193/6/4 13194/6/4 13195/6/4
f 13195/6/4 13194/6/4 13196/6/4
f 13197/6/4 13198/6/4 13205/6/4
f 13205/6/4 13198/6/4 13206/6/4
f 13199/6/4 13200/6/4 13207/6/4
f 13207/6/4 13200/6/4 13208/6/4
f 13201/6/4 13202/6/4 13209/6/4
f 13209/6/4 13202/6/4 13210/6/4
f 13203/6/4 13204/6/4 13211/6/4
f 13211/6/4 13204/6/4 13212/6/4
f 13205/1/4 13206/1/4 13213/1/4
f 13213/1/4 13206/1/4 13214/1/4
f 13207/1/4 13208/1/4 13215/1/4
f 13215/1/4 13208/1/4 13216/1/4
f 13209/1/4 13210/1/4 13217/1/4
f 13217/1/4 13210/1/4 13218/1/4
f 13211/7/4 13212/7/4 13219/7/4
f 13219/7/4 13212/7/4 13220/7/4
f 13221/6/4 13222/6/4 13223/6/4
f 13223/6/4 13222/6/4 13224/6/4
f 13225/6/4 13226/6/4 13227/6/4
f 13227/6/4 13226/6/4 13228/6/4
f 13229/6/4 13230/6/4 13231/6/4
f 13231/6/4 13230/6/4 13232/6/4
f 13233/9/4 13234/9/4 13235/9/4
f 13235/9/4 13234/9/4 13236/9/4
f 13237/6/4 13238/6/4 13239/6/4
f 13239/6/4 13238/6/4 13240/6/4
f 13241/6/4 13242/6/4 13243/6/4
f 13243/6/4 13242/6/4 13244/6/4
f 13245/2/4 13246/2/4 13247/2/4
f 13247/2/4 13246/2/4 13248/2/4
f 13249/4/4 13250/4/4 13251/4/4
f 13251/4/4 13250/4/4 13252/4/4
f 13253/6/4 13254/6/4 13255/6/4
f 13255/6/4 13254/6/4 13256/6/4
f 13257/7/4 13258/7/4 13265/7/4
f 13265/7/4 13258/7/4 13266/7/4
f 13259/7/4 13260/7/4 13267/7/4
f 13267/7/4 13260/7/4 13268/7/4
f 13261/1/4 13262/1/4 13269/1/4
f 13263/1/4 13264/1/4 13270/1/4
f 13270/1/4 13264/1/4 13271/1/4
f 13265/1/4 13266/1/4 13272/1/4
f 13272/1/4 13266/1/4 13273/1/4
f 13267/1/4 13268/1/4 13274/1/4
f 13274/1/4 13268/1/4 13275/1/4
f 13269/1/4 13262/1/4 13276/1/4
f 13276/1/4 13262/1/4 13277/1/4
f 13270/7/4 13271/7/4 13278/7/4
f 13278/7/4 13271/7/4 13279/7/4
f 13280/2/4 13281/2/4 13282/2/4
f 13282/2/4 13281/2/4 13283/2/4
f 13284/6/4 13285/6/4 13286/6/4
f 13286/6/4 13285/6/4 13287/6/4
f 13288/6/4 13289/6/4 13290/6/4
f 13290/6/4 13289/6/4 13291/6/4
f 13292/6/4 13293/6/4 13294/6/4
f 13294/6/4 13293/6/4 13295/6/4
f 13296/6/4 13297/6/4 13300/6/4
f 13300/6/4 13297/6/4 13301/6/4
f 13298/9/4 13299/9/4 13302/9/4
f 13302/9/4 13299/9/4 13303/9/4
f 13304/6/4 13305/6/4 13306/6/4
f 13306/6/4 13305/6/4 13307/6/4
f 13308/2/4 13309/2/4 13310/2/4
f 13310/2/4 13309/2/4 13311/2/4
f 13312/2/4 13313/2/4 13314/2/4
f 13314/2/4 13313/2/4 13315/2/4
f 13316/4/4 13317/4/4 13318/4/4
f 13318/4/4 13317/4/4 13319/4/4
f 13320/4/4 13321/4/4 13322/4/4
f 13322/4/4 13321/4/4 13323/4/4
f 13324/6/4 13325/6/4 13326/6/4
f 13326/6/4 13325/6/4 13327/6/4
f 13328/1/4 13329/1/4 13336/1/4
f 13330/1/4 13331/1/4 13337/1/4
f 13332/1/4 13333/1/4 13338/1/4
f 13338/1/4 13333/1/4 13339/1/4
f 13336/1/4 13329/1/4 13340/1/4
f 13340/1/4 13329/1/4 13341/1/4
f 13337/1/4 13331/1/4 13342/1/4
f 13342/1/4 13331/1/4 13343/1/4
f 13338/7/4 13339/7/4 13344/7/4
f 13344/7/4 13339/7/4 13345/7/4
f 13334/1/4 13335/1/4 13346/1/4
f 13346/1/4 13335/1/4 13347/1/4
f 13348/2/4 13349/2/4 13350/2/4
f 13350/2/4 13349/2/4 13351/2/4
f 13352/6/4 13353/6/4 13354/6/4
f 13354/6/4 13353/6/4 13355/6/4
f 13356/6/4 13357/6/4 13358/6/4
f 13358/6/4 13357/6/4 13359/6/4
f 13360/6/4 13361/6/4 13362/6/4
f 13362/6/4 13361/6/4 13363/6/4
f 13364/9/4 13365/9/4 13366/9/4
f 13366/9/4 13365/9/4 13367/9/4
f 13368/7/4 13369/7/4 13370/7/4
f 13370/7/4 13369/7/4 13371/7/4
f 13372/2/4 13373/2/4 13374/2/4
f 13374/2/4 13373/2/4 13375/2/4
f 13376/4/4 13377/4/4 13378/4/4
f 13378/4/4 13377/4/4 13379/4/4
f 13379/4/4 13377/4/4 13380/4/4
f 13381/4/4 13382/4/4 13384/4/4
f 13382/4/4 13383/4/4 13384/4/4
f 13384/4/4 13383/4/4 13385/4/4
f 13386/6/4 13387/6/4 13388/6/4
f 13388/6/4 13387/6/4 13389/6/4
f 13390/7/4 13391/7/4 13398/7/4
f 13398/7/4 13391/7/4 13399/7/4
f 13392/1/4 13393/1/4 13400/1/4
f 13400/1/4 13393/1/4 13401/1/4
f 13398/1/4 13399/1/4 13402/1/4
f 13402/1/4 13399/1/4 13403/1/4
f 13400/7/4 13401/7/4 13404/7/4
f 13404/7/4 13401/7/4 13405/7/4
f 13394/1/4 13395/1/4 13406/1/4
f 13406/1/4 13395/1/4 13407/1/4
f 13396/7/4 13397/7/4 13408/7/4
f 13408/7/4 13397/7/4 13409/7/4
f 13410/9/4 13411/9/4 13412/9/4
f 13412/9/4 13411/9/4 13413/9/4
f 13414/7/4 13415/7/4 13416/7/4
f 13416/7/4 13415/7/4 13417/7/4
f 13418/2/4 13419/2/4 13420/2/4
f 13420/2/4 13419/2/4 13421/2/4
f 13422/4/4 13423/4/4 13425/4/4
f 13424/4/4 13425/4/4 13427/4/4
f 13425/4/4 13423/4/4 13428/4/4
f 13427/4/4 13425/4/4 13428/4/4
f 13428/4/4 13423/4/4 13429/4/4
f 13426/4/4 13427/4/4 13431/4/4
f 13427/4/4 13428/4/4 13431/4/4
f 13431/4/4 13428/4/4 13432/4/4
f 13432/4/4 13428/4/4 13433/4/4
f 13430/4/4 13431/4/4 13434/4/4
f 13431/4/4 13432/4/4 13434/4/4
f 13434/4/4 13432/4/4 13435/4/4
f 13436/4/4 13437/4/4 13441/4/4
f 13441/4/4 13437/4/4 13442/4/4
f 13438/4/4 13439/4/4 13443/4/4
f 13439/4/4 13440/4/4 13443/4/4
f 13443/4/4 13440/4/4 13444/4/4
f 13444/4/4 13440/4/4 13445/4/4
f 13444/4/4 13445/4/4 13447/4/4
f 13445/4/4 13446/4/4 13447/4/4
f 13447/4/4 13446/4/4 13448/4/4
f 13448/4/4 13446/4/4 13449/4/4
f 13442/4/4 13443/4/4 13452/4/4
f 13448/4/4 13449/4/4 13453/4/4
f 13449/4/4 13450/4/4 13453/4/4
f 13453/4/4 13450/4/4 13454/4/4
f 13454/4/4 13450/4/4 13455/4/4
f 13451/4/4 13452/4/4 13457/4/4
f 13452/4/4 13443/4/4 13457/4/4
f 13457/4/4 13443/4/4 13458/4/4
f 13455/4/4 13456/4/4 13459/4/4
f 13454/4/4 13455/4/4 13459/4/4
f 13459/4/4 13456/4/4 13460/4/4
f 13451/4/4 13457/4/4 13461/4/4
f 13461/4/4 13457/4/4 13462/4/4
f 13463/7/4 13464/7/4 13465/7/4
f 13463/7/4 13465/7/4 13467/7/4
f 13465/7/4 13466/7/4 13467/7/4
f 13467/7/4 13466/7/4 13468/7/4
f 13468/7/4 13466/7/4 13469/7/4
f 13469/7/4 13470/7/4 13471/7/4
f 13468/7/4 13469/7/4 13471/7/4
f 13471/7/4 13470/7/4 13472/7/4
f 13472/7/4 13470/7/4 13473/7/4
f 13473/6/4 13474/6/4 13476/6/4
f 13472/6/4 13473/6/4 13476/6/4
f 13476/6/4 13474/6/4 13477/6/4
f 13477/6/4 13474/6/4 13478/6/4
f 13475/6/4 13476/6/4 13480/6/4
f 13476/6/4 13477/6/4 13480/6/4
f 13480/6/4 13477/6/4 13481/6/4
f 13481/6/4 13477/6/4 13482/6/4
f 13479/6/4 13480/6/4 13484/6/4
f 13480/6/4 13481/6/4 13484/6/4
f 13484/6/4 13481/6/4 13485/6/4
f 13485/6/4 13481/6/4 13486/6/4
f 13483/6/4 13484/6/4 13488/6/4
f 13484/6/4 13485/6/4 13488/6/4
f 13488/6/4 13485/6/4 13489/6/4
f 13489/6/4 13485/6/4 13490/6/4
f 13487/6/4 13488/6/4 13492/6/4
f 13488/6/4 13489/6/4 13492/6/4
f 13492/6/4 13489/6/4 13493/6/4
f 13493/6/4 13489/6/4 13494/6/4
f 13491/6/4 13492/6/4 13496/6/4
f 13492/6/4 13493/6/4 13496/6/4
f 13496/6/4 13493/6/4 13497/6/4
f 13497/6/4 13493/6/4 13498/6/4
f 13495/6/4 13496/6/4 13500/6/4
f 13496/6/4 13497/6/4 13500/6/4
f 13500/6/4 13497/6/4 13501/6/4
f 13499/6/4 13500/6/4 13503/6/4
f 13503/6/4 13500/6/4 13504/6/4
f 13501/6/4 13502/6/4 13505/6/4
f 13505/6/4 13502/6/4 13506/6/4
f 13504/6/4 13505/6/4 13507/6/4
f 13507/6/4 13505/6/4 13508/6/4
f 13508/6/4 13505/6/4 13509/6/4
f 13509/6/4 13510/6/4 13511/6/4
f 13508/6/4 13509/6/4 13511/6/4
f 13511/6/4 13510/6/4 13512/6/4
f 13512/6/4 13510/6/4 13513/6/4
f 13512/6/4 13513/6/4 13515/6/4
f 13513/6/4 13514/6/4 13515/6/4
f 13515/6/4 13514/6/4 13516/6/4
f 13516/6/4 13514/6/4 13517/6/4
f 13516/6/4 13517/6/4 13519/6/4
f 13517/6/4 13518/6/4 13519/6/4
f 13519/6/4 13518/6/4 13520/6/4
f 13520/6/4 13518/6/4 13521/6/4
f 13520/6/4 13521/6/4 13523/6/4
f 13521/6/4 13522/6/4 13523/6/4
f 13523/6/4 13522/6/4 13524/6/4
f 13524/6/4 13522/6/4 13525/6/4
f 13524/6/4 13525/6/4 13527/6/4
f 13525/6/4 13526/6/4 13527/6/4
f 13527/6/4 13526/6/4 13528/6/4
f 13528/6/4 13526/6/4 13529/6/4
f 13528/6/4 13529/6/4 13531/6/4
f 13529/6/4 13530/6/4 13531/6/4
f 13531/6/4 13530/6/4 13532/6/4
f 13531/7/4 13532/7/4 13534/7/4
f 13534/7/4 13532/7/4 13535/7/4
f 13535/7/4 13532/7/4 13536/7/4
f 13533/7/4 13534/7/4 13538/7/4
f 13534/7/4 13535/7/4 13538/7/4
f 13538/7/4 13535/7/4 13539/7/4
f 13539/7/4 13535/7/4 13540/7/4
f 13537/7/4 13538/7/4 13541/7/4
f 13538/7/4 13539/7/4 13541/7/4
f 13541/7/4 13539/7/4 13542/7/4
f 13537/7/4 13541/7/4 13543/7/4
f 13543/7/4 13541/7/4 13544/7/4
f 13545/4/4 13546/4/4 13547/4/4
f 13545/4/4 13547/4/4 13548/4/4
f 13548/4/4 13547/4/4 13549/4/4
f 13550/6/4 13551/6/4 13554/6/4
f 13554/6/4 13551/6/4 13555/6/4
f 13552/6/4 13553/6/4 13556/6/4
f 13556/6/4 13553/6/4 13557/6/4
f 13558/6/4 13559/6/4 13560/6/4
f 13560/6/4 13559/6/4 13561/6/4
f 13567/4/4 13568/4/4 13569/4/4
f 13569/4/4 13568/4/4 13570/4/4
f 13571/6/4 13572/6/4 13573/6/4
f 13573/6/4 13572/6/4 13574/6/4
f 13575/6/4 13576/6/4 13577/6/4
f 13577/6/4 13576/6/4 13578/6/4
f 13579/6/4 13580/6/4 13581/6/4
f 13581/6/4 13580/6/4 13582/6/4
f 13562/9/4 13563/9/4 13583/9/4
f 13583/9/4 13563/9/4 13584/9/4
f 13564/8/4 13565/8/4 13585/8/4
f 13565/9/4 13566/9/4 13586/9/4
f 13585/8/4 13565/8/4 13586/8/4
f 13586/9/4 13566/9/4 13587/9/4
f 13592/4/4 13593/4/4 13594/4/4
f 13594/4/4 13593/4/4 13595/4/4
f 13596/6/4 13597/6/4 13598/6/4
f 13598/6/4 13597/6/4 13599/6/4
f 13600/6/4 13601/6/4 13602/6/4
f 13602/6/4 13601/6/4 13603/6/4
f 13604/6/4 13605/6/4 13606/6/4
f 13606/6/4 13605/6/4 13607/6/4
f 13588/9/4 13589/9/4 13608/9/4
f 13608/9/4 13589/9/4 13609/9/4
f 13590/9/4 13591/9/4 13610/9/4
f 13610/9/4 13591/9/4 13611/9/4
f 13614/4/4 13615/4/4 13616/4/4
f 13616/4/4 13615/4/4 13617/4/4
f 13618/6/4 13619/6/4 13620/6/4
f 13620/6/4 13619/6/4 13621/6/4
f 13612/9/4 13613/9/4 13622/9/4
f 13622/9/4 13613/9/4 13623/9/4
f 13624/4/4 13625/4/4 13626/4/4
f 13626/4/4 13625/4/4 13627/4/4
f 13628/6/4 13629/6/4 13630/6/4
f 13630/6/4 13629/6/4 13631/6/4
f 13632/6/4 13633/6/4 13634/6/4
f 13634/6/4 13633/6/4 13635/6/4
f 13636/6/4 13637/6/4 13638/6/4
f 13638/6/4 13637/6/4 13639/6/4
f 13638/7/4 13639/7/4 13640/7/4
f 13640/7/4 13639/7/4 13641/7/4
f 13642/7/4 13643/7/4 13644/7/4
f 13644/7/4 13643/7/4 13645/7/4
f 13646/7/4 13647/7/4 13648/7/4
f 13648/7/4 13647/7/4 13649/7/4
f 13650/7/4 13651/7/4 13652/7/4
f 13652/7/4 13651/7/4 13653/7/4
f 13656/9/5 13655/9/5 13654/9/5
f 13658/9/5 13657/9/5 13656/9/5
f 13660/9/5 13659/9/5 13658/9/5
f 13662/9/5 13661/9/5 13660/9/5
f 13664/9/5 13663/9/5 13662/9/5
f 13666/9/5 13665/9/5 13664/9/5
f 13668/9/5 13667/9/5 13666/9/5
f 13670/9/5 13669/9/5 13668/9/5
f 13672/9/5 13671/9/5 13670/9/5
f 13674/9/5 13673/9/5 13672/9/5
f 13676/9/5 13675/9/5 13674/9/5
f 13678/9/5 13677/9/5 13676/9/5
f 13680/9/5 13679/9/5 13678/9/5
f 13682/9/5 13681/9/5 13680/9/5
f 13684/9/5 13683/9/5 13682/9/5
f 13686/9/5 13685/9/5 13684/9/5
f 13688/9/5 13687/9/5 13686/9/5
f 13690/9/5 13689/9/5 13688/9/5
f 13692/9/5 13691/9/5 13690/9/5
f 13694/9/5 13693/9/5 13692/9/5
f 13696/9/5 13695/9/5 13694/9/5
f 13698/9/5 13697/9/5 13696/9/5
f 13700/9/5 13699/9/5 13698/9/5
f 13702/9/5 13701/9/5 13700/9/5
f 13704/9/5 13703/9/5 13702/9/5
f 13706/9/5 13705/9/5 13704/9/5
f 13708/9/5 13707/9/5 13706/9/5
f 13710/9/5 13709/9/5 13708/9/5
f 13712/9/5 13711/9/5 13710/9/5
f 13714/9/5 13713/9/5 13712/9/5
f 13716/9/5 13715/9/5 13714/9/5
f 13718/9/5 13717/9/5 13716/9/5
f 13720/9/5 13719/9/5 13718/9/5
f 13722/9/5 13721/9/5 13720/9/5
f 13724/9/5 13723/9/5 13722/9/5
f 13726/9/5 13725/9/5 13724/9/5
f 13728/9/5 13727/9/5 13726/9/5
f 13730/9/5 13729/9/5 13728/9/5
f 13732/9/5 13731/9/5 13730/9/5
f 13734/9/5 13733/9/5 13732/9/5
f 13736/9/5 13735/9/5 13734/9/5
f 13738/9/5 13737/9/5 13736/9/5
f 13740/9/5 13739/9/5 13738/9/5
f 13742/9/5 13741/9/5 13740/9/5
f 13744/9/5 13743/9/5 13742/9/5
f 13746/9/5 13745/9/5 13744/9/5
f 13748/9/5 13747/9/5 13746/9/5
f 13750/9/5 13749/9/5 13748/9/5
f 13752/9/5 13751/9/5 13750/9/5
f 13754/9/5 13753/9/5 13752/9/5
f 13756/9/5 13755/9/5 13754/9/5
f 13758/9/5 13757/9/5 13756/9/5
f 13760/9/5 13759/9/5 13758/9/5
f 13762/9/5 13761/9/5 13760/9/5
f 13764/9/5 13763/9/5 13762/9/5
f 13766/9/5 13765/9/5 13764/9/5
f 13768/9/5 13767/9/5 13766/9/5
f 13770/9/5 13769/9/5 13768/9/5
f 13772/9/5 13771/9/5 13770/9/5
f 13774/9/5 13773/9/5 13772/9/5
f 13776/9/5 13775/9/5 13774/9/5
f 13778/9/5 13777/9/5 13776/9/5
f 13780/9/5 13656/9/5 13654/9/5
f 13780/9/5 13779/9/5 13778/9/5
f 13780/9/5 13778/9/5 13776/9/5
f 13780/9/5 13776/9/5 13774/9/5
f 13780/9/5 13774/9/5 13772/9/5
f 13780/9/5 13772/9/5 13770/9/5
f 13780/9/5 13770/9/5 13768/9/5
f 13780/9/5 13768/9/5 13766/9/5
f 13780/9/5 13766/9/5 13764/9/5
f 13780/9/5 13764/9/5 13762/9/5
f 13780/9/5 13762/9/5 13760/9/5
f 13780/9/5 13760/9/5 13758/9/5
f 13780/9/5 13758/9/5 13756/9/5
f 13780/9/5 13756/9/5 13754/9/5
f 13780/9/5 13754/9/5 13752/9/5
f 13780/9/5 13752/9/5 13750/9/5
f 13780/9/5 13750/9/5 13748/9/5
f 13780/9/5 13748/9/5 13746/9/5
f 13780/9/5 13746/9/5 13744/9/5
f 13780/9/5 13744/9/5 13742/9/5
f 13780/9/5 13742/9/5 13740/9/5
f 13780/9/5 13740/9/5 13738/9/5
f 13780/9/5 13738/9/5 13736/9/5
f 13780/9/5 13736/9/5 13734/9/5
f 13780/9/5 13734/9/5 13732/9/5
f 13780/9/5 13732/9/5 13730/9/5
f 13780/9/5 13730/9/5 13728/9/5
f 13780/9/5 13728/9/5 13726/9/5
f 13780/9/5 13726/9/5 13724/9/5
f 13780/9/5 13724/9/5 13722/9/5
f 13780/9/5 13722/9/5 13720/9/5
f 13780/9/5 13720/9/5 13718/9/5
f 13780/9/5 13718/9/5 13716/9/5
f 13780/9/5 13716/9/5 13714/9/5
f 13780/9/5 13714/9/5 13712/9/5
f 13780/9/5 13712/9/5 13710/9/5
f 13780/9/5 13710/9/5 13708/9/5
f 13780/9/5 13708/9/5 13706/9/5
f 13780/9/5 13706/9/5 13704/9/5
f 13780/9/5 13704/9/5 13702/9/5
f 13780/9/5 13702/9/5 13700/9/5
f 13780/9/5 13700/9/5 13698/9/5
f 13780/9/5 13698/9/5 13696/9/5
f 13780/9/5 13696/9/5 13694/9/5
f 13780/9/5 13694/9/5 13692/9/5
f 13780/9/5 13692/9/5 13690/9/5
f 13780/9/5 13690/9/5 13688/9/5
f 13780/9/5 13688/9/5 13686/9/5
f 13780/9/5 13686/9/5 13684/9/5
f 13780/9/5 13684/9/5 13682/9/5
f 13780/9/5 13682/9/5 13680/9/5
f 13780/9/5 13680/9/5 13678/9/5
f 13780/9/5 13678/9/5 13676/9/5
f 13780/9/5 13676/9/5 13674/9/5
f 13780/9/5 13674/9/5 13672/9/5
f 13780/9/5 13672/9/5 13670/9/5
f 13780/9/5 13670/9/5 13668/9/5
f 13780/9/5 13668/9/5 13666/9/5
f 13780/9/5 13666/9/5 13664/9/5
f 13780/9/5 13664/9/5 13662/9/5
f 13780/9/5 13662/9/5 13660/9/5
f 13780/9/5 13660/9/5 13658/9/5
f 13780/9/5 13658/9/5 13656/9/5
f 13781/9/5 13779/9/5 13780/9/5
f 13784/9/5 13783/9/5 13782/9/5
f 13785/9/5 13783/9/5 13784/9/5
f 13786/9/5 13783/9/5 13785/9/5
f 13788/9/5 13787/9/5 13786/9/5
f 13788/9/5 13786/9/5 13785/9/5
f 13789/9/5 13787/9/5 13788/9/5
f 13790/9/5 13787/9/5 13789/9/5
f 13792/9/5 13791/9/5 13790/9/5
f 13792/9/5 13790/9/5 13789/9/5
f 13793/9/5 13791/9/5 13792/9/5
f 13794/9/5 13791/9/5 13793/9/5
f 13796/9/5 13795/9/5 13794/9/5
f 13796/9/5 13794/9/5 13793/9/5
f 13797/9/5 13795/9/5 13796/9/5
f 13798/9/5 13795/9/5 13797/9/5
f 13800/9/5 13799/9/5 13798/9/5
f 13800/9/5 13798/9/5 13797/9/5
f 13801/9/5 13799/9/5 13800/9/5
f 13802/9/5 13799/9/5 13801/9/5
f 13804/9/5 13803/9/5 13802/9/5
f 13804/9/5 13802/9/5 13801/9/5
f 13805/9/5 13803/9/5 13804/9/5
f 13806/9/5 13803/9/5 13805/9/5
f 13808/9/5 13807/9/5 13806/9/5
f 13808/9/5 13806/9/5 13805/9/5
f 13809/9/5 13807/9/5 13808/9/5
f 13810/9/5 13807/9/5 13809/9/5
f 13812/9/5 13811/9/5 13810/9/5
f 13812/9/5 13810/9/5 13809/9/5
f 13813/9/5 13811/9/5 13812/9/5
f 13814/9/5 13811/9/5 13813/9/5
f 13816/9/5 13815/9/5 13814/9/5
f 13816/9/5 13814/9/5 13813/9/5
f 13817/9/5 13815/9/5 13816/9/5
f 13818/9/5 13815/9/5 13817/9/5
f 13820/9/5 13819/9/5 13818/9/5
f 13820/9/5 13818/9/5 13817/9/5
f 13821/9/5 13819/9/5 13820/9/5
f 13822/9/5 13819/9/5 13821/9/5
f 13824/9/5 13823/9/5 13822/9/5
f 13824/9/5 13822/9/5 13821/9/5
f 13825/9/5 13823/9/5 13824/9/5
f 13826/9/5 13823/9/5 13825/9/5
f 13828/9/5 13827/9/5 13826/9/5
f 13828/9/5 13826/9/5 13825/9/5
f 13829/9/5 13827/9/5 13828/9/5
f 13830/9/5 13827/9/5 13829/9/5
f 13832/9/5 13831/9/5 13830/9/5
f 13832/9/5 13830/9/5 13829/9/5
f 13833/9/5 13831/9/5 13832/9/5
f 13834/9/5 13831/9/5 13833/9/5
f 13836/9/5 13835/9/5 13834/9/5
f 13836/9/5 13834/9/5 13833/9/5
f 13837/9/5 13835/9/5 13836/9/5
f 13838/9/5 13835/9/5 13837/9/5
f 13840/9/5 13839/9/5 13838/9/5
f 13840/9/5 13838/9/5 13837/9/5
f 13841/9/5 13839/9/5 13840/9/5
f 13842/9/5 13839/9/5 13841/9/5
f 13844/9/5 13843/9/5 13842/9/5
f 13844/9/5 13842/9/5 13841/9/5
f 13845/9/5 13843/9/5 13844/9/5
f 13846/9/5 13843/9/5 13845/9/5
f 13848/9/5 13847/9/5 13846/9/5
f 13848/9/5 13846/9/5 13845/9/5
f 13849/9/5 13847/9/5 13848/9/5
f 13850/9/5 13847/9/5 13849/9/5
f 13852/9/5 13851/9/5 13850/9/5
f 13852/9/5 13850/9/5 13849/9/5
f 13853/9/5 13851/9/5 13852/9/5
f 13854/9/5 13851/9/5 13853/9/5
f 13856/9/5 13855/9/5 13854/9/5
f 13856/9/5 13854/9/5 13853/9/5
f 13857/9/5 13855/9/5 13856/9/5
f 13858/9/5 13855/9/5 13857/9/5
f 13860/9/5 13859/9/5 13858/9/5
f 13860/9/5 13858/9/5 13857/9/5
f 13861/9/5 13859/9/5 13860/9/5
f 13862/9/5 13859/9/5 13861/9/5
f 13864/9/5 13863/9/5 13862/9/5
f 13864/9/5 13862/9/5 13861/9/5
f 13865/9/5 13863/9/5 13864/9/5
f 13866/9/5 13863/9/5 13865/9/5
f 13868/9/5 13867/9/5 13866/9/5
f 13868/9/5 13866/9/5 13865/9/5
f 13869/9/5 13867/9/5 13868/9/5
f 13870/9/5 13867/9/5 13869/9/5
f 13872/9/5 13871/9/5 13870/9/5
f 13872/9/5 13870/9/5 13869/9/5
f 13873/9/5 13871/9/5 13872/9/5
f 13874/9/5 13871/9/5 13873/9/5
f 13876/9/5 13875/9/5 13874/9/5
f 13876/9/5 13874/9/5 13873/9/5
f 13877/9/5 13875/9/5 13876/9/5
f 13878/9/5 13875/9/5 13877/9/5
f 13880/9/5 13879/9/5 13878/9/5
f 13880/9/5 13878/9/5 13877/9/5
f 13881/9/5 13879/9/5 13880/9/5
f 13882/9/5 13879/9/5 13881/9/5
f 13884/9/5 13883/9/5 13882/9/5
f 13884/9/5 13882/9/5 13881/9/5
f 13885/9/5 13883/9/5 13884/9/5
f 13886/9/5 13883/9/5 13885/9/5
f 13888/9/5 13887/9/5 13886/9/5
f 13888/9/5 13886/9/5 13885/9/5
f 13889/9/5 13887/9/5 13888/9/5
f 13890/9/5 13887/9/5 13889/9/5
f 13892/9/5 13891/9/5 13890/9/5
f 13892/9/5 13890/9/5 13889/9/5
f 13893/9/5 13891/9/5 13892/9/5
f 13894/9/5 13891/9/5 13893/9/5
f 13896/9/5 13895/9/5 13894/9/5
f 13896/9/5 13894/9/5 13893/9/5
f 13897/9/5 13895/9/5 13896/9/5
f 13898/9/5 13895/9/5 13897/9/5
f 13900/9/5 13899/9/5 13898/9/5
f 13900/9/5 13898/9/5 13897/9/5
f 13901/9/5 13899/9/5 13900/9/5
f 13902/9/5 13899/9/5 13901/9/5
f 13904/9/5 13903/9/5 13902/9/5
f 13904/9/5 13902/9/5 13901/9/5
f 13905/9/5 13903/9/5 13904/9/5
f 13906/9/5 13903/9/5 13905/9/5
f 13908/9/5 13907/9/5 13906/9/5
f 13908/9/5 13906/9/5 13905/9/5
f 13909/9/5 13907/9/5 13908/9/5
f 13910/9/5 13907/9/5 13909/9/5
f 13912/9/5 13911/9/5 13910/9/5
f 13912/9/5 13910/9/5 13909/9/5
f 13913/9/5 13911/9/5 13912/9/5
f 13914/9/5 13911/9/5 13913/9/5
f 13916/9/5 13915/9/5 13914/9/5
f 13916/9/5 13914/9/5 13913/9/5
f 13917/9/5 13915/9/5 13916/9/5
f 13918/9/5 13915/9/5 13917/9/5
f 13920/9/5 13919/9/5 13918/9/5
f 13920/9/5 13918/9/5 13917/9/5
f 13921/9/5 13919/9/5 13920/9/5
f 13922/9/5 13919/9/5 13921/9/5
f 13924/9/5 13923/9/5 13922/9/5
f 13924/9/5 13922/9/5 13921/9/5
f 13925/9/5 13923/9/5 13924/9/5
f 13926/9/5 13923/9/5 13925/9/5
f 13928/9/5 13927/9/5 13926/9/5
f 13928/9/5 13926/9/5 13925/9/5
f 13929/9/5 13927/9/5 13928/9/5
f 13930/9/5 13927/9/5 13929/9/5
f 13932/9/5 13931/9/5 13930/9/5
f 13932/9/5 13930/9/5 13929/9/5
f 13933/9/5 13931/9/5 13932/9/5
f 13934/9/5 13931/9/5 13933/9/5
f 13936/9/5 13935/9/5 13934/9/5
f 13936/9/5 13934/9/5 13933/9/5
f 13937/9/5 13935/9/5 13936/9/5
f 13938/9/5 13935/9/5 13937/9/5
f 13940/9/5 13939/9/5 13938/9/5
f 13940/9/5 13938/9/5 13937/9/5
f 13941/9/5 13939/9/5 13940/9/5
f 13942/9/5 13939/9/5 13941/9/5
f 13944/9/5 13943/9/5 13942/9/5
f 13944/9/5 13942/9/5 13941/9/5
f 13945/9/5 13943/9/5 13944/9/5
f 13946/9/5 13943/9/5 13945/9/5
f 13948/9/5 13947/9/5 13946/9/5
f 13948/9/5 13946/9/5 13945/9/5
f 13949/9/5 13947/9/5 13948/9/5
f 13950/9/5 13947/9/5 13949/9/5
f 13952/9/5 13951/9/5 13950/9/5
f 13952/9/5 13950/9/5 13949/9/5
f 13953/9/5 13951/9/5 13952/9/5
f 13954/9/5 13951/9/5 13953/9/5
f 13956/9/5 13955/9/5 13954/9/5
f 13956/9/5 13954/9/5 13953/9/5
f 13957/9/5 13955/9/5 13956/9/5
f 13958/9/5 13955/9/5 13957/9/5
f 13960/9/5 13959/9/5 13958/9/5
f 13960/9/5 13958/9/5 13957/9/5
f 13961/9/5 13959/9/5 13960/9/5
f 13962/9/5 13959/9/5 13961/9/5
f 13964/9/5 13963/9/5 13962/9/5
f 13964/9/5 13962/9/5 13961/9/5
f 13965/9/5 13963/9/5 13964/9/5
f 13966/9/5 13963/9/5 13965/9/5
f 13968/9/5 13967/9/5 13966/9/5
f 13968/9/5 13966/9/5 13965/9/5
f 13969/9/5 13967/9/5 13968/9/5
f 13970/9/5 13967/9/5 13969/9/5
f 13972/9/5 13971/9/5 13970/9/5
f 13972/9/5 13970/9/5 13969/9/5
f 13973/9/5 13971/9/5 13972/9/5
f 13974/9/5 13971/9/5 13973/9/5
f 13976/9/5 13975/9/5 13974/9/5
f 13976/9/5 13974/9/5 13973/9/5
f 13977/9/5 13975/9/5 13976/9/5
f 13978/9/5 13975/9/5 13977/9/5
f 13980/9/5 13979/9/5 13978/9/5
f 13980/9/5 13978/9/5 13977/9/5
f 13981/9/5 13979/9/5 13980/9/5
f 13982/9/5 13979/9/5 13981/9/5
f 13984/9/5 13983/9/5 13982/9/5
f 13984/9/5 13982/9/5 13981/9/5
f 13985/9/5 13983/9/5 13984/9/5
f 13986/9/5 13983/9/5 13985/9/5
f 13988/9/5 13987/9/5 13986/9/5
f 13988/9/5 13986/9/5 13985/9/5
f 13989/9/5 13987/9/5 13988/9/5
f 13990/9/5 13987/9/5 13989/9/5
f 13992/9/5 13991/9/5 13990/9/5
f 13992/9/5 13990/9/5 13989/9/5
f 13993/9/5 13991/9/5 13992/9/5
f 13994/9/5 13991/9/5 13993/9/5
f 13996/9/5 13995/9/5 13994/9/5
f 13996/9/5 13994/9/5 13993/9/5
f 13997/9/5 13995/9/5 13996/9/5
f 13998/9/5 13995/9/5 13997/9/5
f 14000/9/5 13999/9/5 13998/9/5
f 14000/9/5 13998/9/5 13997/9/5
f 14001/9/5 13999/9/5 14000/9/5
f 14002/9/5 13999/9/5 14001/9/5
f 14004/9/5 14003/9/5 14002/9/5
f 14004/9/5 14002/9/5 14001/9/5
f 14005/9/5 14003/9/5 14004/9/5
f 14006/9/5 14003/9/5 14005/9/5
f 14008/9/5 14007/9/5 14006/9/5
f 14008/9/5 14006/9/5 14005/9/5
f 14009/9/5 14007/9/5 14008/9/5
f 14010/9/5 14007/9/5 14009/9/5
f 14012/9/5 14011/9/5 14010/9/5
f 14012/9/5 14010/9/5 14009/9/5
f 14013/9/5 14011/9/5 14012/9/5
f 14014/9/5 14011/9/5 14013/9/5
f 14016/9/5 14015/9/5 14014/9/5
f 14016/9/5 14014/9/5 14013/9/5
f 14017/9/5 14015/9/5 14016/9/5
f 14018/9/5 14015/9/5 14017/9/5
f 14020/9/5 14019/9/5 14018/9/5
f 14020/9/5 14018/9/5 14017/9/5
f 14021/9/5 14019/9/5 14020/9/5
f 14022/9/5 14019/9/5 14021/9/5
f 14024/9/5 14023/9/5 14022/9/5
f 14024/9/5 14022/9/5 14021/9/5
f 14025/9/5 14023/9/5 14024/9/5
f 14026/9/5 14023/9/5 14025/9/5
f 14028/9/5 14027/9/5 14026/9/5
f 14028/9/5 14026/9/5 14025/9/5
f 14029/9/5 14027/9/5 14028/9/5
f 14030/9/5 14027/9/5 14029/9/5
f 14032/9/5 14031/9/5 14030/9/5
f 14032/9/5 14030/9/5 14029/9/5
f 14033/9/5 14031/9/5 14032/9/5
f 14034/9/5 13784/9/5 13782/9/5
f 14035/9/5 14031/9/5 14033/9/5
f 14036/9/5 14034/9/5 13782/9/5
f 14036/9/5 14035/9/5 14034/9/5
f 14037/9/5 14031/9/5 14035/9/5
f 14037/9/5 14035/9/5 14036/9/5
f 14040/9/5 14039/9/5 14038/9/5
f 14041/9/5 14039/9/5 14040/9/5
f 14043/9/5 14042/9/5 14041/9/5
f 14044/9/5 14042/9/5 14043/9/5
f 14046/9/5 14045/9/5 14044/9/5
f 14047/9/5 14045/9/5 14046/9/5
f 14049/9/5 14048/9/5 14047/9/5
f 14050/9/5 14048/9/5 14049/9/5
f 14052/9/5 14051/9/5 14050/9/5
f 14053/9/5 14051/9/5 14052/9/5
f 14055/9/5 14054/9/5 14053/9/5
f 14056/9/5 14054/9/5 14055/9/5
f 14058/9/5 14057/9/5 14056/9/5
f 14059/9/5 14057/9/5 14058/9/5
f 14061/9/5 14060/9/5 14059/9/5
f 14062/9/5 14060/9/5 14061/9/5
f 14064/9/5 14063/9/5 14062/9/5
f 14065/9/5 14063/9/5 14064/9/5
f 14067/9/5 14066/9/5 14065/9/5
f 14068/9/5 14066/9/5 14067/9/5
f 14070/9/5 14069/9/5 14068/9/5
f 14071/9/5 14069/9/5 14070/9/5
f 14073/9/5 14072/9/5 14071/9/5
f 14074/9/5 14072/9/5 14073/9/5
f 14076/9/5 14075/9/5 14074/9/5
f 14077/9/5 14075/9/5 14076/9/5
f 14079/9/5 14078/9/5 14077/9/5
f 14080/9/5 14078/9/5 14079/9/5
f 14082/9/5 14081/9/5 14080/9/5
f 14083/9/5 14081/9/5 14082/9/5
f 14085/9/5 14084/9/5 14083/9/5
f 14086/9/5 14084/9/5 14085/9/5
f 14088/9/5 14087/9/5 14086/9/5
f 14089/9/5 14087/9/5 14088/9/5
f 14091/9/5 14090/9/5 14089/9/5
f 14092/9/5 14090/9/5 14091/9/5
f 14094/9/5 14093/9/5 14092/9/5
f 14095/9/5 14093/9/5 14094/9/5
f 14097/9/5 14096/9/5 14095/9/5
f 14098/9/5 14096/9/5 14097/9/5
f 14100/9/5 14099/9/5 14098/9/5
f 14101/9/5 14099/9/5 14100/9/5
f 14103/9/5 14102/9/5 14101/9/5
f 14104/9/5 14102/9/5 14103/9/5
f 14106/9/5 14105/9/5 14104/9/5
f 14107/9/5 14105/9/5 14106/9/5
f 14109/9/5 14108/9/5 14107/9/5
f 14110/9/5 14108/9/5 14109/9/5
f 14112/9/5 14111/9/5 14110/9/5
f 14113/9/5 14111/9/5 14112/9/5
f 14115/9/5 14114/9/5 14113/9/5
f 14116/9/5 14114/9/5 14115/9/5
f 14118/9/5 14117/9/5 14116/9/5
f 14119/9/5 14117/9/5 14118/9/5
f 14121/9/5 14120/9/5 14119/9/5
f 14122/9/5 14120/9/5 14121/9/5
f 14124/9/5 14123/9/5 14122/9/5
f 14125/9/5 14123/9/5 14124/9/5
f 14127/9/5 14126/9/5 14125/9/5
f 14128/9/5 14126/9/5 14127/9/5
f 14130/9/5 14129/9/5 14128/9/5
f 14131/9/5 14129/9/5 14130/9/5
f 14133/9/5 14132/9/5 14131/9/5
f 14134/9/5 14132/9/5 14133/9/5
f 14136/9/5 14135/9/5 14134/9/5
f 14137/9/5 14135/9/5 14136/9/5
f 14139/9/5 14138/9/5 14137/9/5
f 14140/9/5 14138/9/5 14139/9/5
f 14142/9/5 14141/9/5 14140/9/5
f 14143/9/5 14141/9/5 14142/9/5
f 14145/9/5 14144/9/5 14143/9/5
f 14146/9/5 14144/9/5 14145/9/5
f 14148/9/5 14147/9/5 14146/9/5
f 14149/9/5 14147/9/5 14148/9/5
f 14151/9/5 14150/9/5 14149/9/5
f 14152/9/5 14150/9/5 14151/9/5
f 14154/9/5 14153/9/5 14152/9/5
f 14155/9/5 14153/9/5 14154/9/5
f 14157/9/5 14156/9/5 14155/9/5
f 14158/9/5 14156/9/5 14157/9/5
f 14160/9/5 14159/9/5 14158/9/5
f 14161/9/5 14159/9/5 14160/9/5
f 14163/9/5 14162/9/5 14161/9/5
f 14164/9/5 14162/9/5 14163/9/5
f 14166/9/5 14165/9/5 14164/9/5
f 14167/9/5 14165/9/5 14166/9/5
f 14169/9/5 14168/9/5 14167/9/5
f 14170/9/5 14168/9/5 14169/9/5
f 14172/9/5 14171/9/5 14170/9/5
f 14173/9/5 14171/9/5 14172/9/5
f 14175/9/5 14174/9/5 14173/9/5
f 14176/9/5 14174/9/5 14175/9/5
f 14178/9/5 14177/9/5 14176/9/5
f 14179/9/5 14177/9/5 14178/9/5
f 14181/9/5 14180/9/5 14179/9/5
f 14182/9/5 14180/9/5 14181/9/5
f 14184/9/5 14183/9/5 14182/9/5
f 14185/9/5 14183/9/5 14184/9/5
f 14187/9/5 14186/9/5 14185/9/5
f 14188/9/5 14186/9/5 14187/9/5
f 14190/9/5 14189/9/5 14188/9/5
f 14191/9/5 14189/9/5 14190/9/5
f 14193/9/5 14192/9/5 14191/9/5
f 14194/9/5 14192/9/5 14193/9/5
f 14196/9/5 14195/9/5 14194/9/5
f 14197/9/5 14195/9/5 14196/9/5
f 14199/9/5 14198/9/5 14197/9/5
f 14200/9/5 14198/9/5 14199/9/5
f 14202/9/5 14201/9/5 14200/9/5
f 14203/9/5 14201/9/5 14202/9/5
f 14205/9/5 14204/9/5 14203/9/5
f 14206/9/5 14204/9/5 14205/9/5
f 14208/9/5 14207/9/5 14206/9/5
f 14209/9/5 14207/9/5 14208/9/5
f 14211/9/5 14210/9/5 14209/9/5
f 14212/9/5 14210/9/5 14211/9/5
f 14214/9/5 14213/9/5 14212/9/5
f 14215/9/5 14213/9/5 14214/9/5
f 14217/9/5 14216/9/5 14215/9/5
f 14218/9/5 14216/9/5 14217/9/5
f 14220/9/5 14219/9/5 14218/9/5
f 14221/9/5 14219/9/5 14220/9/5
f 14223/9/5 14222/9/5 14221/9/5
f 14224/9/5 14222/9/5 14223/9/5
f 14226/9/5 14225/9/5 14224/9/5
f 14227/9/5 14225/9/5 14226/9/5
f 14229/9/5 14040/9/5 14038/9/5
f 14230/9/5 14228/9/5 14227/9/5
f 14231/9/5 14229/9/5 14038/9/5
f 14231/9/5 14230/9/5 14229/9/5
f 14232/9/5 14228/9/5 14230/9/5
f 14232/9/5 14230/9/5 14231/9/5
f 14236/6/5 14234/6/5 14233/6/5
f 14237/6/5 14234/6/5 14236/6/5
f 14239/6/5 14236/6/5 14235/6/5
f 14240/6/5 14236/6/5 14239/6/5
f 14241/6/5 14238/6/5 14237/6/5
f 14242/6/5 14238/6/5 14241/6/5
f 14243/6/5 14241/6/5 14240/6/5
f 14244/6/5 14241/6/5 14243/6/5
f 14247/6/5 14246/6/5 14245/6/5
f 14248/6/5 14246/6/5 14247/6/5
f 14254/6/5 14250/6/5 14249/6/5
f 14255/6/5 14250/6/5 14254/6/5
f 14261/6/5 14252/6/5 14251/6/5
f 14262/6/5 14252/6/5 14261/6/5
f 14263/6/5 14254/6/5 14253/6/5
f 14264/6/5 14254/6/5 14263/6/5
f 14265/6/5 14256/6/5 14255/6/5
f 14266/6/5 14256/6/5 14265/6/5
f 14267/6/5 14258/6/5 14257/6/5
f 14268/6/5 14258/6/5 14267/6/5
f 14270/2/5 14260/2/5 14259/2/5
f 14271/2/5 14260/2/5 14270/2/5
f 14273/6/5 14265/6/5 14264/6/5
f 14274/6/5 14265/6/5 14273/6/5
f 14277/2/5 14270/2/5 14269/2/5
f 14278/2/5 14270/2/5 14277/2/5
f 14279/2/5 14272/2/5 14271/2/5
f 14280/2/5 14272/2/5 14279/2/5
f 14281/6/5 14276/6/5 14275/6/5
f 14282/6/5 14276/6/5 14281/6/5
f 14283/2/5 14279/2/5 14278/2/5
f 14284/2/5 14279/2/5 14283/2/5
f 14288/6/5 14286/6/5 14285/6/5
f 14289/6/5 14286/6/5 14288/6/5
f 14294/6/5 14292/6/5 14291/6/5
f 14295/6/5 14292/6/5 14294/6/5
f 14297/6/5 14288/6/5 14287/6/5
f 14298/6/5 14288/6/5 14297/6/5
f 14299/6/5 14290/6/5 14289/6/5
f 14300/6/5 14290/6/5 14299/6/5
f 14301/6/5 14299/6/5 14298/6/5
f 14302/6/5 14299/6/5 14301/6/5
f 14305/6/5 14294/6/5 14293/6/5
f 14306/6/5 14294/6/5 14305/6/5
f 14307/6/5 14296/6/5 14295/6/5
f 14308/6/5 14296/6/5 14307/6/5
f 14312/2/5 14304/2/5 14303/2/5
f 14313/2/5 14304/2/5 14312/2/5
f 14315/6/5 14307/6/5 14306/6/5
f 14316/6/5 14307/6/5 14315/6/5
f 14317/6/5 14310/6/5 14309/6/5
f 14318/6/5 14310/6/5 14317/6/5
f 14321/2/5 14312/2/5 14311/2/5
f 14322/2/5 14312/2/5 14321/2/5
f 14323/2/5 14314/2/5 14313/2/5
f 14324/2/5 14314/2/5 14323/2/5
f 14328/6/5 14320/6/5 14319/6/5
f 14329/6/5 14320/6/5 14328/6/5
f 14333/2/5 14323/2/5 14322/2/5
f 14334/2/5 14323/2/5 14333/2/5
f 14335/6/5 14326/6/5 14325/6/5
f 14336/6/5 14326/6/5 14335/6/5
f 14337/6/5 14328/6/5 14327/6/5
f 14338/6/5 14328/6/5 14337/6/5
f 14339/6/5 14330/6/5 14329/6/5
f 14340/6/5 14330/6/5 14339/6/5
f 14341/6/5 14332/6/5 14331/6/5
f 14342/6/5 14332/6/5 14341/6/5
f 14345/6/5 14339/6/5 14338/6/5
f 14346/6/5 14339/6/5 14345/6/5
f 14348/2/5 14344/2/5 14343/2/5
f 14349/2/5 14344/2/5 14348/2/5
f 14355/6/5 14352/6/5 14351/6/5
f 14356/6/5 14352/6/5 14355/6/5
f 14360/6/5 14354/6/5 14353/6/5
f 14361/6/5 14354/6/5 14360/6/5
f 14363/2/5 14348/2/5 14347/2/5
f 14364/2/5 14348/2/5 14363/2/5
f 14365/2/5 14350/2/5 14349/2/5
f 14366/2/5 14350/2/5 14365/2/5
f 14367/6/5 14358/6/5 14357/6/5
f 14368/6/5 14358/6/5 14367/6/5
f 14369/2/5 14365/2/5 14364/2/5
f 14370/2/5 14365/2/5 14369/2/5
f 14373/6/5 14360/6/5 14359/6/5
f 14374/6/5 14360/6/5 14373/6/5
f 14375/6/5 14362/6/5 14361/6/5
f 14376/6/5 14362/6/5 14375/6/5
f 14380/6/5 14372/6/5 14371/6/5
f 14381/6/5 14372/6/5 14380/6/5
f 14385/6/5 14375/6/5 14374/6/5
f 14386/6/5 14375/6/5 14385/6/5
f 14390/6/5 14388/6/5 14387/6/5
f 14391/6/5 14388/6/5 14390/6/5
f 14393/6/5 14378/6/5 14377/6/5
f 14394/6/5 14378/6/5 14393/6/5
f 14395/6/5 14380/6/5 14379/6/5
f 14396/6/5 14380/6/5 14395/6/5
f 14397/6/5 14382/6/5 14381/6/5
f 14398/6/5 14382/6/5 14397/6/5
f 14399/6/5 14384/6/5 14383/6/5
f 14400/6/5 14384/6/5 14399/6/5
f 14401/6/5 14397/6/5 14396/6/5
f 14402/6/5 14397/6/5 14401/6/5
f 14403/6/5 14390/6/5 14389/6/5
f 14404/6/5 14390/6/5 14403/6/5
f 14405/6/5 14392/6/5 14391/6/5
f 14406/6/5 14392/6/5 14405/6/5
f 14409/6/5 14405/6/5 14404/6/5
f 14410/6/5 14405/6/5 14409/6/5
f 14411/6/5 14408/6/5 14407/6/5
f 14412/6/5 14408/6/5 14411/6/5
f 14420/6/5 14414/6/5 14413/6/5
f 14421/6/5 14414/6/5 14420/6/5
f 14424/2/5 14416/2/5 14415/2/5
f 14425/2/5 14416/2/5 14424/2/5
f 14428/6/5 14418/6/5 14417/6/5
f 14429/6/5 14418/6/5 14428/6/5
f 14431/6/5 14420/6/5 14419/6/5
f 14432/6/5 14420/6/5 14431/6/5
f 14433/6/5 14422/6/5 14421/6/5
f 14434/6/5 14422/6/5 14433/6/5
f 14435/2/5 14424/2/5 14423/2/5
f 14436/2/5 14424/2/5 14435/2/5
f 14437/2/5 14426/2/5 14425/2/5
f 14438/2/5 14426/2/5 14437/2/5
f 14439/6/5 14428/6/5 14427/6/5
f 14440/6/5 14428/6/5 14439/6/5
f 14441/6/5 14430/6/5 14429/6/5
f 14442/6/5 14430/6/5 14441/6/5
f 14443/6/5 14433/6/5 14432/6/5
f 14444/6/5 14433/6/5 14443/6/5
f 14445/2/5 14437/2/5 14436/2/5
f 14446/2/5 14437/2/5 14445/2/5
f 14447/6/5 14441/6/5 14440/6/5
f 14448/6/5 14441/6/5 14447/6/5
f 14452/6/5 14450/6/5 14449/6/5
f 14453/6/5 14450/6/5 14452/6/5
f 14455/6/5 14452/6/5 14451/6/5
f 14456/6/5 14452/6/5 14455/6/5
f 14457/6/5 14454/6/5 14453/6/5
f 14458/6/5 14454/6/5 14457/6/5
f 14459/6/5 14457/6/5 14456/6/5
f 14460/6/5 14457/6/5 14459/6/5
f 14463/4/5 14462/4/5 14461/4/5
f 14464/4/5 14462/4/5 14463/4/5
f 14467/6/5 14466/6/5 14465/6/5
f 14468/6/5 14466/6/5 14467/6/5
f 14473/6/5 14470/6/5 14469/6/5
f 14474/6/5 14470/6/5 14473/6/5
f 14475/6/5 14472/6/5 14471/6/5
f 14476/6/5 14472/6/5 14475/6/5
f 14479/6/5 14478/6/5 14477/6/5
f 14480/6/5 14478/6/5 14479/6/5
f 14483/6/5 14482/6/5 14481/6/5
f 14484/6/5 14482/6/5 14483/6/5
f 14491/2/5 14490/2/5 14489/2/5
f 14492/2/5 14490/2/5 14491/2/5
f 14493/6/5 14486/6/5 14485/6/5
f 14494/6/5 14486/6/5 14493/6/5
f 14495/6/5 14488/6/5 14487/6/5
f 14496/6/5 14488/6/5 14495/6/5
f 14503/6/5 14502/6/5 14501/6/5
f 14504/6/5 14502/6/5 14503/6/5
f 14505/2/5 14498/2/5 14497/2/5
f 14506/2/5 14498/2/5 14505/2/5
f 14507/2/5 14500/2/5 14499/2/5
f 14508/2/5 14500/2/5 14507/2/5
f 14511/2/5 14510/2/5 14509/2/5
f 14512/2/5 14510/2/5 14511/2/5
f 14515/6/5 14514/6/5 14513/6/5
f 14516/6/5 14514/6/5 14515/6/5
f 14523/6/5 14518/6/5 14517/6/5
f 14524/6/5 14518/6/5 14523/6/5
f 14529/6/5 14520/6/5 14519/6/5
f 14530/6/5 14520/6/5 14529/6/5
f 14531/6/5 14522/6/5 14521/6/5
f 14532/6/5 14522/6/5 14531/6/5
f 14537/2/5 14534/2/5 14533/2/5
f 14538/2/5 14534/2/5 14537/2/5
f 14539/6/5 14526/6/5 14525/6/5
f 14540/6/5 14526/6/5 14539/6/5
f 14541/6/5 14528/6/5 14527/6/5
f 14542/6/5 14528/6/5 14541/6/5
f 14543/6/5 14536/6/5 14535/6/5
f 14544/6/5 14536/6/5 14543/6/5
f 14553/6/5 14550/6/5 14549/6/5
f 14554/6/5 14550/6/5 14553/6/5
f 14555/6/5 14552/6/5 14551/6/5
f 14556/6/5 14552/6/5 14555/6/5
f 14557/2/5 14546/2/5 14545/2/5
f 14558/2/5 14546/2/5 14557/2/5
f 14559/2/5 14548/2/5 14547/2/5
f 14560/2/5 14548/2/5 14559/2/5
f 14567/2/5 14566/2/5 14565/2/5
f 14568/2/5 14566/2/5 14567/2/5
f 14571/6/5 14562/6/5 14561/6/5
f 14572/6/5 14562/6/5 14571/6/5
f 14573/6/5 14564/6/5 14563/6/5
f 14574/6/5 14564/6/5 14573/6/5
f 14575/2/5 14570/2/5 14569/2/5
f 14576/2/5 14570/2/5 14575/2/5
f 14585/6/5 14578/6/5 14577/6/5
f 14586/6/5 14578/6/5 14585/6/5
f 14587/6/5 14580/6/5 14579/6/5
f 14588/6/5 14580/6/5 14587/6/5
f 14593/2/5 14582/2/5 14581/2/5
f 14594/2/5 14582/2/5 14593/2/5
f 14595/2/5 14584/2/5 14583/2/5
f 14596/2/5 14584/2/5 14595/2/5
f 14603/6/5 14598/6/5 14597/6/5
f 14604/6/5 14598/6/5 14603/6/5
f 14605/6/5 14590/6/5 14589/6/5
f 14606/6/5 14590/6/5 14605/6/5
f 14607/6/5 14592/6/5 14591/6/5
f 14608/6/5 14592/6/5 14607/6/5
f 14609/2/5 14600/2/5 14599/2/5
f 14610/2/5 14600/2/5 14609/2/5
f 14613/4/5 14602/4/5 14601/4/5
f 14614/4/5 14602/4/5 14613/4/5
f 14621/6/5 14612/6/5 14611/6/5
f 14622/6/5 14612/6/5 14621/6/5
f 14623/6/5 14620/6/5 14619/6/5
f 14624/6/5 14620/6/5 14623/6/5
f 14629/6/5 14616/6/5 14615/6/5
f 14630/6/5 14616/6/5 14629/6/5
f 14631/6/5 14618/6/5 14617/6/5
f 14632/6/5 14618/6/5 14631/6/5
f 14635/6/5 14626/6/5 14625/6/5
f 14636/6/5 14626/6/5 14635/6/5
f 14637/6/5 14628/6/5 14627/6/5
f 14638/6/5 14628/6/5 14637/6/5
f 14639/6/5 14634/6/5 14633/6/5
f 14640/6/5 14634/6/5 14639/6/5
f 14643/6/5 14642/6/5 14641/6/5
f 14644/6/5 14642/6/5 14643/6/5
f 14651/6/5 14646/6/5 14645/6/5
f 14652/6/5 14646/6/5 14651/6/5
f 14653/2/5 14648/2/5 14647/2/5
f 14654/2/5 14648/2/5 14653/2/5
f 14655/6/5 14650/6/5 14649/6/5
f 14656/6/5 14650/6/5 14655/6/5
f 14669/6/5 14668/6/5 14667/6/5
f 14670/6/5 14668/6/5 14669/6/5
f 14671/6/5 14658/6/5 14657/6/5
f 14672/6/5 14658/6/5 14671/6/5
f 14673/2/5 14660/2/5 14659/2/5
f 14674/2/5 14660/2/5 14673/2/5
f 14675/2/5 14662/2/5 14661/2/5
f 14676/2/5 14662/2/5 14675/2/5
f 14677/6/5 14664/6/5 14663/6/5
f 14678/6/5 14664/6/5 14677/6/5
f 14679/6/5 14666/6/5 14665/6/5
f 14680/6/5 14666/6/5 14679/6/5
f 14689/6/5 14682/6/5 14681/6/5
f 14690/6/5 14682/6/5 14689/6/5
f 14691/2/5 14684/2/5 14683/2/5
f 14692/2/5 14684/2/5 14691/2/5
f 14693/6/5 14686/6/5 14685/6/5
f 14694/6/5 14686/6/5 14693/6/5
f 14695/6/5 14688/6/5 14687/6/5
f 14696/6/5 14688/6/5 14695/6/5
f 14703/4/5 14702/4/5 14701/4/5
f 14704/4/5 14702/4/5 14703/4/5
f 14705/6/5 14698/6/5 14697/6/5
f 14706/6/5 14698/6/5 14705/6/5
f 14707/6/5 14700/6/5 14699/6/5
f 14708/6/5 14700/6/5 14707/6/5
f 14711/6/5 14710/6/5 14709/6/5
f 14712/6/5 14710/6/5 14711/6/5
f 14716/4/5 14714/4/5 14713/4/5
f 14717/4/5 14714/4/5 14716/4/5
f 14719/4/5 14716/4/5 14715/4/5
f 14720/4/5 14716/4/5 14719/4/5
f 14721/4/5 14716/4/5 14720/4/5
f 14722/4/5 14718/4/5 14717/4/5
f 14723/4/5 14718/4/5 14722/4/5
f 14724/4/5 14721/4/5 14720/4/5
f 14724/4/5 14722/4/5 14721/4/5
f 14725/4/5 14722/4/5 14724/4/5
f 14728/6/5 14727/6/5 14726/6/5
f 14729/6/5 14727/6/5 14728/6/5
f 14734/6/5 14731/6/5 14730/6/5
f 14735/6/5 14731/6/5 14734/6/5
f 14736/6/5 14733/6/5 14732/6/5
f 14737/6/5 14733/6/5 14736/6/5
f 14740/6/5 14739/6/5 14738/6/5
f 14741/6/5 14739/6/5 14740/6/5
f 14745/3/5 14743/3/5 14742/3/5
f 14746/3/5 14743/3/5 14745/3/5
f 14747/2/5 14745/2/5 14744/2/5
f 14747/2/5 14746/2/5 14745/2/5
f 14748/2/5 14746/2/5 14747/2/5
f 14754/2/5 14752/2/5 14751/2/5
f 14754/3/5 14753/3/5 14752/3/5
f 14755/3/5 14753/3/5 14754/3/5
f 14756/2/5 14750/2/5 14749/2/5
f 14757/2/5 14750/2/5 14756/2/5
f 14758/2/5 14754/2/5 14751/2/5
f 14759/2/5 14754/2/5 14758/2/5
f 14764/2/5 14761/2/5 14760/2/5
f 14765/2/5 14761/2/5 14764/2/5
f 14766/6/5 14763/6/5 14762/6/5
f 14767/6/5 14763/6/5 14766/6/5
f 14770/6/5 14769/6/5 14768/6/5
f 14771/6/5 14769/6/5 14770/6/5
f 14782/6/5 14773/6/5 14772/6/5
f 14783/6/5 14773/6/5 14782/6/5
f 14784/6/5 14775/6/5 14774/6/5
f 14785/6/5 14775/6/5 14784/6/5
f 14786/2/5 14777/2/5 14776/2/5
f 14787/2/5 14777/2/5 14786/2/5
f 14788/6/5 14779/6/5 14778/6/5
f 14789/6/5 14779/6/5 14788/6/5
f 14790/6/5 14781/6/5 14780/6/5
f 14791/6/5 14781/6/5 14790/6/5
f 14798/6/5 14793/6/5 14792/6/5
f 14799/6/5 14793/6/5 14798/6/5
f 14802/2/5 14795/2/5 14794/2/5
f 14803/2/5 14795/2/5 14802/2/5
f 14804/2/5 14797/2/5 14796/2/5
f 14805/2/5 14797/2/5 14804/2/5
f 14806/6/5 14801/6/5 14800/6/5
f 14807/6/5 14801/6/5 14806/6/5
f 14812/2/5 14809/2/5 14808/2/5
f 14813/2/5 14809/2/5 14812/2/5
f 14814/2/5 14811/2/5 14810/2/5
f 14815/2/5 14811/2/5 14814/2/5
f 14818/6/5 14817/6/5 14816/6/5
f 14819/6/5 14817/6/5 14818/6/5
f 14830/2/5 14821/2/5 14820/2/5
f 14831/2/5 14821/2/5 14830/2/5
f 14832/2/5 14823/2/5 14822/2/5
f 14833/2/5 14823/2/5 14832/2/5
f 14837/4/5 14825/4/5 14824/4/5
f 14838/4/5 14825/4/5 14837/4/5
f 14840/6/5 14827/6/5 14826/6/5
f 14841/6/5 14827/6/5 14840/6/5
f 14842/6/5 14829/6/5 14828/6/5
f 14843/6/5 14829/6/5 14842/6/5
f 14846/6/5 14835/6/5 14834/6/5
f 14847/6/5 14835/6/5 14846/6/5
f 14848/4/5 14837/4/5 14836/4/5
f 14849/4/5 14837/4/5 14848/4/5
f 14850/4/5 14837/4/5 14849/4/5
f 14851/4/5 14839/4/5 14838/4/5
f 14852/4/5 14839/4/5 14851/4/5
f 14853/2/5 14845/2/5 14844/2/5
f 14854/2/5 14845/2/5 14853/2/5
f 14855/4/5 14850/4/5 14849/4/5
f 14855/4/5 14851/4/5 14850/4/5
f 14856/4/5 14851/4/5 14855/4/5
f 14863/6/5 14858/6/5 14857/6/5
f 14864/6/5 14858/6/5 14863/6/5
f 14865/6/5 14860/6/5 14859/6/5
f 14866/6/5 14860/6/5 14865/6/5
f 14867/6/5 14862/6/5 14861/6/5
f 14868/6/5 14862/6/5 14867/6/5
f 14877/6/5 14870/6/5 14869/6/5
f 14878/6/5 14870/6/5 14877/6/5
f 14879/2/5 14872/2/5 14871/2/5
f 14880/2/5 14872/2/5 14879/2/5
f 14881/6/5 14874/6/5 14873/6/5
f 14882/6/5 14874/6/5 14881/6/5
f 14883/6/5 14876/6/5 14875/6/5
f 14884/6/5 14876/6/5 14883/6/5
f 14897/6/5 14886/6/5 14885/6/5
f 14898/6/5 14897/6/5 14885/6/5
f 14899/6/5 14897/6/5 14898/6/5
f 14900/6/5 14888/6/5 14887/6/5
f 14901/6/5 14888/6/5 14900/6/5
f 14902/2/5 14890/2/5 14889/2/5
f 14903/2/5 14890/2/5 14902/2/5
f 14904/2/5 14892/2/5 14891/2/5
f 14905/2/5 14892/2/5 14904/2/5
f 14906/6/5 14894/6/5 14893/6/5
f 14907/6/5 14894/6/5 14906/6/5
f 14908/6/5 14896/6/5 14895/6/5
f 14909/6/5 14896/6/5 14908/6/5
f 14912/6/5 14911/6/5 14910/6/5
f 14913/6/5 14911/6/5 14912/6/5
f 14922/6/5 14915/6/5 14914/6/5
f 14923/6/5 14915/6/5 14922/6/5
f 14924/2/5 14917/2/5 14916/2/5
f 14925/2/5 14917/2/5 14924/2/5
f 14926/6/5 14921/6/5 14920/6/5
f 14927/6/5 14921/6/5 14926/6/5
f 14933/4/5 14919/4/5 14918/4/5
f 14934/4/5 14919/4/5 14933/4/5
f 14936/4/5 14933/4/5 14932/4/5
f 14937/4/5 14933/4/5 14936/4/5
f 14938/4/5 14933/4/5 14937/4/5
f 14939/4/5 14935/4/5 14934/4/5
f 14940/4/5 14935/4/5 14939/4/5
f 14941/6/5 14929/6/5 14928/6/5
f 14942/6/5 14929/6/5 14941/6/5
f 14943/6/5 14931/6/5 14930/6/5
f 14944/6/5 14931/6/5 14943/6/5
f 14945/4/5 14938/4/5 14937/4/5
f 14945/4/5 14939/4/5 14938/4/5
f 14946/4/5 14939/4/5 14945/4/5
f 14949/6/5 14948/6/5 14947/6/5
f 14950/6/5 14948/6/5 14949/6/5
f 14953/4/5 14952/4/5 14951/4/5
f 14954/4/5 14952/4/5 14953/4/5
f 14957/4/5 14956/4/5 14955/4/5
f 14958/4/5 14956/4/5 14957/4/5
f 14961/4/5 14960/4/5 14959/4/5
f 14962/4/5 14960/4/5 14961/4/5
f 14965/6/5 14964/6/5 14963/6/5
f 14966/6/5 14964/6/5 14965/6/5
f 14971/6/5 14968/6/5 14967/6/5
f 14972/6/5 14968/6/5 14971/6/5
f 14973/6/5 14970/6/5 14969/6/5
f 14974/6/5 14970/6/5 14973/6/5
f 14979/3/5 14976/3/5 14975/3/5
f 14980/3/5 14976/3/5 14979/3/5
f 14981/6/5 14978/6/5 14977/6/5
f 14982/6/5 14978/6/5 14981/6/5
f 14987/6/5 14984/6/5 14983/6/5
f 14988/6/5 14984/6/5 14987/6/5
f 14993/6/5 14986/6/5 14985/6/5
f 14994/6/5 14986/6/5 14993/6/5
f 14995/6/5 14990/6/5 14989/6/5
f 14996/6/5 14990/6/5 14995/6/5
f 14997/6/5 14992/6/5 14991/6/5
f 14998/6/5 14992/6/5 14997/6/5
f 15005/6/5 15000/6/5 14999/6/5
f 15006/6/5 15000/6/5 15005/6/5
f 15007/6/5 15002/6/5 15001/6/5
f 15008/6/5 15002/6/5 15007/6/5
f 15015/6/5 15004/6/5 15003/6/5
f 15016/6/5 15004/6/5 15015/6/5
f 15021/6/5 15010/6/5 15009/6/5
f 15022/6/5 15010/6/5 15021/6/5
f 15023/6/5 15018/6/5 15017/6/5
f 15024/6/5 15018/6/5 15023/6/5
f 15025/6/5 15020/6/5 15019/6/5
f 15026/6/5 15020/6/5 15025/6/5
f 15027/6/5 15012/6/5 15011/6/5
f 15028/6/5 15012/6/5 15027/6/5
f 15029/6/5 15014/6/5 15013/6/5
f 15030/6/5 15014/6/5 15029/6/5
f 15035/6/5 15032/6/5 15031/6/5
f 15036/6/5 15032/6/5 15035/6/5
f 15039/6/5 15034/6/5 15033/6/5
f 15040/6/5 15034/6/5 15039/6/5
f 15041/6/5 15038/6/5 15037/6/5
f 15042/6/5 15038/6/5 15041/6/5
f 15047/6/5 15044/6/5 15043/6/5
f 15048/6/5 15044/6/5 15047/6/5
f 15049/7/5 15046/7/5 15045/7/5
f 15050/7/5 15046/7/5 15049/7/5
f 15051/6/5 15050/6/5 15049/6/5
f 15052/6/5 15050/6/5 15051/6/5
f 15055/4/5 15054/4/5 15053/4/5
f 15056/4/5 15054/4/5 15055/4/5
f 15064/7/5 15058/7/5 15057/7/5
f 15065/6/5 15059/6/5 15058/6/5
f 15065/7/5 15058/7/5 15064/7/5
f 15066/6/5 15061/6/5 15060/6/5
f 15070/6/5 15063/6/5 15062/6/5
f 15071/6/5 15063/6/5 15070/6/5
f 15076/6/5 15059/6/5 15065/6/5
f 15077/6/5 15059/6/5 15076/6/5
f 15078/6/5 15066/6/5 15060/6/5
f 15079/7/5 15067/7/5 15066/7/5
f 15079/6/5 15066/6/5 15078/6/5
f 15080/7/5 15067/7/5 15079/7/5
f 15081/6/5 15069/6/5 15068/6/5
f 15082/6/5 15069/6/5 15081/6/5
f 15083/6/5 15073/6/5 15072/6/5
f 15084/6/5 15073/6/5 15083/6/5
f 15085/4/5 15075/4/5 15074/4/5
f 15086/4/5 15075/4/5 15085/4/5
f 15095/6/5 15088/6/5 15087/6/5
f 15096/6/5 15088/6/5 15095/6/5
f 15097/6/5 15090/6/5 15089/6/5
f 15098/6/5 15090/6/5 15097/6/5
f 15101/4/5 15092/4/5 15091/4/5
f 15102/4/5 15092/4/5 15101/4/5
f 15107/6/5 15104/6/5 15103/6/5
f 15108/6/5 15104/6/5 15107/6/5
f 15109/6/5 15094/6/5 15093/6/5
f 15110/6/5 15094/6/5 15109/6/5
f 15115/6/5 15100/6/5 15099/6/5
f 15116/6/5 15100/6/5 15115/6/5
f 15117/7/5 15106/7/5 15105/7/5
f 15118/7/5 15106/7/5 15117/7/5
f 15119/7/5 15108/7/5 15107/7/5
f 15120/7/5 15108/7/5 15119/7/5
f 15123/6/5 15112/6/5 15111/6/5
f 15124/6/5 15112/6/5 15123/6/5
f 15125/6/5 15114/6/5 15113/6/5
f 15126/6/5 15114/6/5 15125/6/5
f 15127/6/5 15118/6/5 15117/6/5
f 15128/6/5 15118/6/5 15127/6/5
f 15129/6/5 15122/6/5 15121/6/5
f 15130/6/5 15122/6/5 15129/6/5
f 15135/6/5 15132/6/5 15131/6/5
f 15136/6/5 15132/6/5 15135/6/5
f 15139/6/5 15134/6/5 15133/6/5
f 15140/6/5 15134/6/5 15139/6/5
f 15141/6/5 15138/6/5 15137/6/5
f 15142/6/5 15138/6/5 15141/6/5
f 15152/7/5 15144/7/5 15143/7/5
f 15153/6/5 15145/6/5 15144/6/5
f 15153/7/5 15144/7/5 15152/7/5
f 15156/6/5 15145/6/5 15153/6/5
f 15157/6/5 15145/6/5 15156/6/5
f 15158/6/5 15147/6/5 15146/6/5
f 15159/6/5 15147/6/5 15158/6/5
f 15160/6/5 15149/6/5 15148/6/5
f 15161/6/5 15149/6/5 15160/6/5
f 15162/6/5 15151/6/5 15150/6/5
f 15163/6/5 15151/6/5 15162/6/5
f 15166/6/5 15155/6/5 15154/6/5
f 15167/6/5 15155/6/5 15166/6/5
f 15172/6/5 15165/6/5 15164/6/5
f 15173/6/5 15165/6/5 15172/6/5
f 15174/6/5 15169/6/5 15168/6/5
f 15175/6/5 15169/6/5 15174/6/5
f 15176/4/5 15171/4/5 15170/4/5
f 15177/4/5 15171/4/5 15176/4/5
f 15188/6/5 15179/6/5 15178/6/5
f 15189/6/5 15179/6/5 15188/6/5
f 15190/6/5 15181/6/5 15180/6/5
f 15191/6/5 15181/6/5 15190/6/5
f 15194/6/5 15183/6/5 15182/6/5
f 15195/6/5 15183/6/5 15194/6/5
f 15198/6/5 15185/6/5 15184/6/5
f 15199/6/5 15185/6/5 15198/6/5
f 15200/7/5 15195/7/5 15194/7/5
f 15201/7/5 15195/7/5 15200/7/5
f 15202/4/5 15197/4/5 15196/4/5
f 15203/4/5 15197/4/5 15202/4/5
f 15204/6/5 15187/6/5 15186/6/5
f 15205/6/5 15187/6/5 15204/6/5
f 15210/6/5 15193/6/5 15192/6/5
f 15211/6/5 15193/6/5 15210/6/5
f 15214/6/5 15207/6/5 15206/6/5
f 15215/6/5 15207/6/5 15214/6/5
f 15216/6/5 15209/6/5 15208/6/5
f 15217/6/5 15209/6/5 15216/6/5
f 15218/4/5 15213/4/5 15212/4/5
f 15219/4/5 15213/4/5 15218/4/5
f 15224/6/5 15221/6/5 15220/6/5
f 15225/6/5 15221/6/5 15224/6/5
f 15228/6/5 15223/6/5 15222/6/5
f 15229/6/5 15223/6/5 15228/6/5
f 15230/6/5 15227/6/5 15226/6/5
f 15231/6/5 15227/6/5 15230/6/5
f 15234/4/5 15233/4/5 15232/4/5
f 15235/4/5 15233/4/5 15234/4/5
f 15236/4/5 15233/4/5 15235/4/5
f 15241/4/5 15238/4/5 15237/4/5
f 15242/4/5 15238/4/5 15241/4/5
f 15243/4/5 15240/4/5 15239/4/5
f 15244/4/5 15240/4/5 15243/4/5
f 15248/4/5 15246/4/5 15245/4/5
f 15248/4/5 15247/4/5 15246/4/5
f 15249/4/5 15247/4/5 15248/4/5
f 15250/4/5 15247/4/5 15249/4/5
f 15251/4/5 15247/4/5 15250/4/5
f 15254/7/5 15253/7/5 15252/7/5
f 15255/7/5 15253/7/5 15254/7/5
f 15258/6/5 15257/6/5 15256/6/5
f 15259/6/5 15257/6/5 15258/6/5
f 15264/6/5 15261/6/5 15260/6/5
f 15265/6/5 15261/6/5 15264/6/5
f 15266/6/5 15263/6/5 15262/6/5
f 15267/6/5 15263/6/5 15266/6/5
f 15276/7/5 15269/7/5 15268/7/5
f 15277/7/5 15269/7/5 15276/7/5
f 15278/6/5 15271/6/5 15270/6/5
f 15279/6/5 15271/6/5 15278/6/5
f 15280/6/5 15273/6/5 15272/6/5
f 15281/6/5 15273/6/5 15280/6/5
f 15282/7/5 15275/7/5 15274/7/5
f 15283/7/5 15275/7/5 15282/7/5
f 15288/6/5 15285/6/5 15284/6/5
f 15289/6/5 15285/6/5 15288/6/5
f 15290/6/5 15287/6/5 15286/6/5
f 15291/6/5 15287/6/5 15290/6/5
f 15296/6/5 15295/6/5 15294/6/5
f 15297/6/5 15295/6/5 15296/6/5
f 15298/7/5 15293/7/5 15292/7/5
f 15299/7/5 15293/7/5 15298/7/5
f 15302/4/5 15301/4/5 15300/4/5
f 15303/4/5 15301/4/5 15302/4/5
f 15304/4/5 15301/4/5 15303/4/5
f 15309/6/5 15308/6/5 15307/6/5
f 15310/6/5 15308/6/5 15309/6/5
f 15311/7/5 15306/7/5 15305/7/5
f 15312/7/5 15306/7/5 15311/7/5
f 15321/4/5 15314/4/5 15313/4/5
f 15322/4/5 15314/4/5 15321/4/5
f 15323/4/5 15316/4/5 15315/4/5
f 15324/4/5 15316/4/5 15323/4/5
f 15325/6/5 15318/6/5 15317/6/5
f 15326/6/5 15318/6/5 15325/6/5
f 15327/6/5 15320/6/5 15319/6/5
f 15328/6/5 15320/6/5 15327/6/5
f 15343/4/5 15339/4/5 15338/4/5
f 15343/4/5 15340/4/5 15339/4/5
f 15344/4/5 15340/4/5 15343/4/5
f 15345/1/5 15330/1/5 15329/1/5
f 15346/7/5 15331/7/5 15330/7/5
f 15346/1/5 15330/1/5 15345/1/5
f 15347/7/5 15331/7/5 15346/7/5
f 15348/6/5 15333/6/5 15332/6/5
f 15349/6/5 15333/6/5 15348/6/5
f 15350/6/5 15335/6/5 15334/6/5
f 15351/6/5 15335/6/5 15350/6/5
f 15352/7/5 15337/7/5 15336/7/5
f 15353/7/5 15337/7/5 15352/7/5
f 15358/7/5 15342/7/5 15341/7/5
f 15359/7/5 15342/7/5 15358/7/5
f 15360/6/5 15355/6/5 15354/6/5
f 15361/6/5 15355/6/5 15360/6/5
f 15362/6/5 15357/6/5 15356/6/5
f 15363/6/5 15357/6/5 15362/6/5
f 15366/6/5 15365/6/5 15364/6/5
f 15367/6/5 15365/6/5 15366/6/5
f 15370/6/5 15369/6/5 15368/6/5
f 15371/6/5 15369/6/5 15370/6/5
f 15374/4/5 15373/4/5 15372/4/5
f 15375/4/5 15373/4/5 15374/4/5
f 15376/4/5 15373/4/5 15375/4/5
f 15383/6/5 15378/6/5 15377/6/5
f 15384/6/5 15378/6/5 15383/6/5
f 15385/6/5 15380/6/5 15379/6/5
f 15386/6/5 15380/6/5 15385/6/5
f 15387/7/5 15382/7/5 15381/7/5
f 15388/7/5 15382/7/5 15387/7/5
f 15401/7/5 15387/7/5 15381/7/5
f 15402/1/5 15388/1/5 15387/1/5
f 15402/7/5 15387/7/5 15401/7/5
f 15403/1/5 15388/1/5 15402/1/5
f 15404/4/5 15398/4/5 15397/4/5
f 15405/4/5 15398/4/5 15404/4/5
f 15406/4/5 15400/4/5 15399/4/5
f 15407/4/5 15400/4/5 15406/4/5
f 15408/7/5 15390/7/5 15389/7/5
f 15409/7/5 15390/7/5 15408/7/5
f 15410/6/5 15392/6/5 15391/6/5
f 15411/6/5 15392/6/5 15410/6/5
f 15412/6/5 15394/6/5 15393/6/5
f 15413/6/5 15394/6/5 15412/6/5
f 15414/7/5 15396/7/5 15395/7/5
f 15415/7/5 15396/7/5 15414/7/5
f 15423/6/5 15417/6/5 15416/6/5
f 15424/6/5 15417/6/5 15423/6/5
f 15425/6/5 15419/6/5 15418/6/5
f 15426/6/5 15419/6/5 15425/6/5
f 15427/4/5 15422/4/5 15421/4/5
f 15427/4/5 15421/4/5 15420/4/5
f 15428/4/5 15422/4/5 15427/4/5
f 15429/4/5 15422/4/5 15428/4/5
f 15430/4/5 15422/4/5 15429/4/5
f 15433/6/5 15432/6/5 15431/6/5
f 15434/6/5 15432/6/5 15433/6/5
f 15437/7/5 15436/7/5 15435/7/5
f 15438/7/5 15436/7/5 15437/7/5
f 15441/4/5 15440/4/5 15439/4/5
f 15442/4/5 15440/4/5 15441/4/5
f 15443/4/5 15440/4/5 15442/4/5
f 15446/4/5 15445/4/5 15444/4/5
f 15449/4/5 15446/4/5 15444/4/5
f 15450/4/5 15446/4/5 15449/4/5
f 15451/4/5 15448/4/5 15447/4/5
f 15452/4/5 15448/4/5 15451/4/5
f 15456/4/5 15454/4/5 15453/4/5
f 15456/4/5 15455/4/5 15454/4/5
f 15457/4/5 15455/4/5 15456/4/5
f 15460/7/5 15459/7/5 15458/7/5
f 15461/7/5 15459/7/5 15460/7/5
f 15464/6/5 15463/6/5 15462/6/5
f 15465/6/5 15463/6/5 15464/6/5
f 15474/7/5 15467/7/5 15466/7/5
f 15475/7/5 15467/7/5 15474/7/5
f 15476/6/5 15469/6/5 15468/6/5
f 15477/6/5 15469/6/5 15476/6/5
f 15478/6/5 15471/6/5 15470/6/5
f 15479/6/5 15471/6/5 15478/6/5
f 15480/7/5 15473/7/5 15472/7/5
f 15481/7/5 15473/7/5 15480/7/5
f 15486/6/5 15483/6/5 15482/6/5
f 15487/6/5 15483/6/5 15486/6/5
f 15488/7/5 15485/7/5 15484/7/5
f 15489/7/5 15485/7/5 15488/7/5
f 15492/4/5 15491/4/5 15490/4/5
f 15493/4/5 15491/4/5 15492/4/5
f 15494/4/5 15491/4/5 15493/4/5
f 15500/6/5 15496/6/5 15495/6/5
f 15501/7/5 15497/7/5 15496/7/5
f 15501/6/5 15496/6/5 15500/6/5
f 15502/7/5 15497/7/5 15501/7/5
f 15503/6/5 15499/6/5 15498/6/5
f 15504/6/5 15499/6/5 15503/6/5
f 15509/4/5 15506/4/5 15505/4/5
f 15510/4/5 15506/4/5 15509/4/5
f 15511/4/5 15508/4/5 15507/4/5
f 15512/4/5 15508/4/5 15511/4/5
f 15521/7/5 15514/7/5 15513/7/5
f 15522/7/5 15514/7/5 15521/7/5
f 15523/6/5 15516/6/5 15515/6/5
f 15524/6/5 15516/6/5 15523/6/5
f 15525/6/5 15518/6/5 15517/6/5
f 15526/6/5 15518/6/5 15525/6/5
f 15527/7/5 15520/7/5 15519/7/5
f 15528/7/5 15520/7/5 15527/7/5
f 15534/4/5 15531/4/5 15530/4/5
f 15534/4/5 15530/4/5 15529/4/5
f 15535/4/5 15531/4/5 15534/4/5
f 15536/7/5 15533/7/5 15532/7/5
f 15537/7/5 15533/7/5 15536/7/5
f 15542/6/5 15539/6/5 15538/6/5
f 15543/6/5 15539/6/5 15542/6/5
f 15546/6/5 15541/6/5 15540/6/5
f 15547/6/5 15541/6/5 15546/6/5
f 15548/4/5 15545/4/5 15544/4/5
f 15549/4/5 15545/4/5 15548/4/5
f 15550/4/5 15545/4/5 15549/4/5
f 15553/7/5 15552/7/5 15551/7/5
f 15554/7/5 15552/7/5 15553/7/5
f 15565/4/5 15556/4/5 15555/4/5
f 15568/4/5 15565/4/5 15555/4/5
f 15569/4/5 15565/4/5 15568/4/5
f 15570/4/5 15567/4/5 15566/4/5
f 15571/4/5 15567/4/5 15570/4/5
f 15572/7/5 15558/7/5 15557/7/5
f 15573/7/5 15558/7/5 15572/7/5
f 15574/6/5 15560/6/5 15559/6/5
f 15575/6/5 15560/6/5 15574/6/5
f 15576/6/5 15562/6/5 15561/6/5
f 15577/6/5 15562/6/5 15576/6/5
f 15578/7/5 15564/7/5 15563/7/5
f 15579/7/5 15564/7/5 15578/7/5
f 15583/4/5 15581/4/5 15580/4/5
f 15583/4/5 15582/4/5 15581/4/5
f 15584/4/5 15582/4/5 15583/4/5
f 15587/6/5 15586/6/5 15585/6/5
f 15588/6/5 15586/6/5 15587/6/5
f 15591/7/5 15590/7/5 15589/7/5
f 15592/7/5 15590/7/5 15591/7/5
f 15595/4/5 15594/4/5 15593/4/5
f 15596/4/5 15594/4/5 15595/4/5
f 15599/4/5 15598/4/5 15597/4/5
f 15600/4/5 15598/4/5 15599/4/5
f 15603/6/5 15602/6/5 15601/6/5
f 15604/6/5 15602/6/5 15603/6/5
f 15610/7/5 15606/7/5 15605/7/5
f 15611/6/5 15607/6/5 15606/6/5
f 15611/7/5 15606/7/5 15610/7/5
f 15612/6/5 15609/6/5 15608/6/5
f 15613/6/5 15609/6/5 15612/6/5
f 15614/6/5 15611/6/5 15610/6/5
f 15615/6/5 15607/6/5 15611/6/5
f 15615/6/5 15611/6/5 15614/6/5
f 15616/6/5 15612/6/5 15608/6/5
f 15617/7/5 15613/7/5 15612/7/5
f 15617/6/5 15612/6/5 15616/6/5
f 15618/7/5 15613/7/5 15617/7/5
f 15623/6/5 15620/6/5 15619/6/5
f 15624/6/5 15620/6/5 15623/6/5
f 15625/6/5 15623/6/5 15619/6/5
f 15626/7/5 15624/7/5 15623/7/5
f 15626/6/5 15623/6/5 15625/6/5
f 15627/7/5 15624/7/5 15626/7/5
f 15628/6/5 15622/6/5 15621/6/5
f 15629/6/5 15622/6/5 15628/6/5
f 15632/4/5 15631/4/5 15630/4/5
f 15633/4/5 15631/4/5 15632/4/5
f 15636/4/5 15635/4/5 15634/4/5
f 15637/4/5 15635/4/5 15636/4/5
f 15643/7/5 15639/7/5 15638/7/5
f 15644/6/5 15640/6/5 15639/6/5
f 15644/7/5 15639/7/5 15643/7/5
f 15645/6/5 15642/6/5 15641/6/5
f 15646/6/5 15642/6/5 15645/6/5
f 15647/6/5 15644/6/5 15643/6/5
f 15648/6/5 15640/6/5 15644/6/5
f 15648/6/5 15644/6/5 15647/6/5
f 15649/6/5 15645/6/5 15641/6/5
f 15650/7/5 15646/7/5 15645/7/5
f 15650/6/5 15645/6/5 15649/6/5
f 15651/7/5 15646/7/5 15650/7/5
f 15654/6/5 15653/6/5 15652/6/5
f 15655/6/5 15653/6/5 15654/6/5
f 15658/6/5 15657/6/5 15656/6/5
f 15659/6/5 15657/6/5 15658/6/5
f 15660/6/5 15658/6/5 15656/6/5
f 15661/7/5 15659/7/5 15658/7/5
f 15661/6/5 15658/6/5 15660/6/5
f 15662/7/5 15659/7/5 15661/7/5
f 15663/7/5 15661/7/5 15660/7/5
f 15664/7/5 15661/7/5 15663/7/5
f 15672/4/5 15666/4/5 15665/4/5
f 15673/4/5 15666/4/5 15672/4/5
f 15676/7/5 15668/7/5 15667/7/5
f 15677/6/5 15669/6/5 15668/6/5
f 15677/7/5 15668/7/5 15676/7/5
f 15678/6/5 15671/6/5 15670/6/5
f 15679/6/5 15671/6/5 15678/6/5
f 15680/4/5 15675/4/5 15674/4/5
f 15681/4/5 15675/4/5 15680/4/5
f 15682/6/5 15677/6/5 15676/6/5
f 15683/6/5 15669/6/5 15677/6/5
f 15683/6/5 15677/6/5 15682/6/5
f 15684/6/5 15678/6/5 15670/6/5
f 15685/7/5 15679/7/5 15678/7/5
f 15685/6/5 15678/6/5 15684/6/5
f 15686/7/5 15679/7/5 15685/7/5
f 15689/6/5 15688/6/5 15687/6/5
f 15690/6/5 15688/6/5 15689/6/5
f 15691/6/5 15689/6/5 15687/6/5
f 15692/7/5 15690/7/5 15689/7/5
f 15692/6/5 15689/6/5 15691/6/5
f 15693/7/5 15690/7/5 15692/7/5
f 15694/7/5 15692/7/5 15691/7/5
f 15695/7/5 15692/7/5 15694/7/5
f 15698/4/5 15697/4/5 15696/4/5
f 15699/4/5 15697/4/5 15698/4/5
f 15700/4/5 15697/4/5 15699/4/5
f 15704/2/5 15702/2/5 15701/2/5
f 15705/2/5 15702/2/5 15704/2/5
f 15709/2/5 15704/2/5 15703/2/5
f 15710/2/5 15704/2/5 15709/2/5
f 15711/2/5 15706/2/5 15705/2/5
f 15712/2/5 15706/2/5 15711/2/5
f 15713/3/5 15708/3/5 15707/3/5
f 15714/3/5 15708/3/5 15713/3/5
f 15715/2/5 15711/2/5 15710/2/5
f 15716/2/5 15711/2/5 15715/2/5
f 15719/4/5 15718/4/5 15717/4/5
f 15720/4/5 15718/4/5 15719/4/5
f 15721/4/5 15718/4/5 15720/4/5
f 15724/4/5 15723/4/5 15722/4/5
f 15725/4/5 15723/4/5 15724/4/5
f 15726/4/5 15723/4/5 15725/4/5
f 15729/4/5 15728/4/5 15727/4/5
f 15730/4/5 15728/4/5 15729/4/5
f 15733/2/5 15732/2/5 15731/2/5
f 15734/2/5 15732/2/5 15733/2/5
f 15737/2/5 15736/2/5 15735/2/5
f 15738/2/5 15736/2/5 15737/2/5
f 15747/2/5 15746/2/5 15745/2/5
f 15748/2/5 15746/2/5 15747/2/5
f 15749/2/5 15740/2/5 15739/2/5
f 15750/2/5 15740/2/5 15749/2/5
f 15751/2/5 15742/2/5 15741/2/5
f 15752/2/5 15742/2/5 15751/2/5
f 15753/2/5 15744/2/5 15743/2/5
f 15754/2/5 15744/2/5 15753/2/5
f 15755/2/5 15747/2/5 15745/2/5
f 15756/2/5 15747/2/5 15755/2/5
f 15759/2/5 15758/2/5 15757/2/5
f 15760/2/5 15758/2/5 15759/2/5
f 15763/2/5 15762/2/5 15761/2/5
f 15764/2/5 15762/2/5 15763/2/5
f 15767/4/5 15766/4/5 15765/4/5
f 15768/4/5 15766/4/5 15767/4/5
f 15772/6/5 15770/6/5 15769/6/5
f 15773/6/5 15770/6/5 15772/6/5
f 15775/6/5 15772/6/5 15771/6/5
f 15776/6/5 15772/6/5 15775/6/5
f 15777/6/5 15774/6/5 15773/6/5
f 15778/6/5 15774/6/5 15777/6/5
f 15779/6/5 15777/6/5 15776/6/5
f 15780/6/5 15777/6/5 15779/6/5
f 15783/4/5 15782/4/5 15781/4/5
f 15784/4/5 15782/4/5 15783/4/5
f 15787/4/5 15786/4/5 15785/4/5
f 15788/4/5 15786/4/5 15787/4/5
f 15791/2/5 15790/2/5 15789/2/5
f 15792/2/5 15790/2/5 15791/2/5
f 15797/2/5 15794/2/5 15793/2/5
f 15798/2/5 15794/2/5 15797/2/5
f 15799/2/5 15796/2/5 15795/2/5
f 15800/2/5 15796/2/5 15799/2/5
f 15804/2/5 15802/2/5 15801/2/5
f 15805/3/5 15803/3/5 15802/3/5
f 15805/2/5 15802/2/5 15804/2/5
f 15806/3/5 15803/3/5 15805/3/5
f 15809/4/5 15808/4/5 15807/4/5
f 15810/4/5 15808/4/5 15809/4/5
f 15813/6/5 15812/6/5 15811/6/5
f 15814/6/5 15812/6/5 15813/6/5
f 15819/6/5 15816/6/5 15815/6/5
f 15820/6/5 15816/6/5 15819/6/5
f 15821/6/5 15818/6/5 15817/6/5
f 15822/6/5 15818/6/5 15821/6/5
f 15825/6/5 15824/6/5 15823/6/5
f 15826/6/5 15824/6/5 15825/6/5
f 15829/4/5 15828/4/5 15827/4/5
f 15830/4/5 15828/4/5 15829/4/5
f 15833/6/5 15832/6/5 15831/6/5
f 15834/6/5 15832/6/5 15833/6/5
f 15839/6/5 15836/6/5 15835/6/5
f 15840/6/5 15836/6/5 15839/6/5
f 15841/6/5 15838/6/5 15837/6/5
f 15842/6/5 15838/6/5 15841/6/5
f 15845/6/5 15844/6/5 15843/6/5
f 15846/6/5 15844/6/5 15845/6/5
f 15851/6/5 15848/6/5 15847/6/5
f 15852/6/5 15848/6/5 15851/6/5
f 15855/6/5 15850/6/5 15849/6/5
f 15856/6/5 15850/6/5 15855/6/5
f 15857/6/5 15854/6/5 15853/6/5
f 15858/6/5 15854/6/5 15857/6/5
f 15865/6/5 15860/6/5 15859/6/5
f 15866/6/5 15860/6/5 15865/6/5
f 15867/6/5 15862/6/5 15861/6/5
f 15868/6/5 15862/6/5 15867/6/5
f 15871/6/5 15864/6/5 15863/6/5
f 15872/6/5 15864/6/5 15871/6/5
f 15877/6/5 15870/6/5 15869/6/5
f 15878/6/5 15870/6/5 15877/6/5
f 15879/6/5 15874/6/5 15873/6/5
f 15880/6/5 15874/6/5 15879/6/5
f 15881/6/5 15876/6/5 15875/6/5
f 15882/6/5 15876/6/5 15881/6/5
f 15887/6/5 15884/6/5 15883/6/5
f 15888/6/5 15884/6/5 15887/6/5
f 15891/6/5 15886/6/5 15885/6/5
f 15892/6/5 15886/6/5 15891/6/5
f 15893/6/5 15890/6/5 15889/6/5
f 15894/6/5 15890/6/5 15893/6/5
f 15898/7/5 15896/7/5 15895/7/5
f 15898/1/5 15897/1/5 15896/1/5
f 15899/1/5 15897/1/5 15898/1/5
f 15900/7/5 15898/7/5 15895/7/5
f 15900/7/5 15899/7/5 15898/7/5
f 15901/7/5 15899/7/5 15900/7/5
f 15904/6/5 15903/6/5 15902/6/5
f 15905/6/5 15903/6/5 15904/6/5
f 15910/6/5 15907/6/5 15906/6/5
f 15911/6/5 15907/6/5 15910/6/5
f 15912/6/5 15909/6/5 15908/6/5
f 15913/6/5 15909/6/5 15912/6/5
f 15923/7/5 15921/7/5 15920/7/5
f 15923/1/5 15922/1/5 15921/1/5
f 15924/1/5 15922/1/5 15923/1/5
f 15925/7/5 15915/7/5 15914/7/5
f 15926/7/5 15915/7/5 15925/7/5
f 15927/6/5 15917/6/5 15916/6/5
f 15928/6/5 15917/6/5 15927/6/5
f 15929/6/5 15919/6/5 15918/6/5
f 15930/6/5 15919/6/5 15929/6/5
f 15931/7/5 15923/7/5 15920/7/5
f 15931/7/5 15924/7/5 15923/7/5
f 15932/7/5 15924/7/5 15931/7/5
f 15937/6/5 15934/6/5 15933/6/5
f 15938/6/5 15934/6/5 15937/6/5
f 15939/6/5 15936/6/5 15935/6/5
f 15940/6/5 15936/6/5 15939/6/5
f 15943/6/5 15942/6/5 15941/6/5
f 15944/6/5 15942/6/5 15943/6/5
f 15947/7/5 15946/7/5 15945/7/5
f 15948/7/5 15946/7/5 15947/7/5
f 15949/1/5 15948/1/5 15947/1/5
f 15950/7/5 15946/7/5 15948/7/5
f 15950/1/5 15948/1/5 15949/1/5
f 15951/7/5 15946/7/5 15950/7/5
f 15955/2/5 15953/2/5 15952/2/5
f 15956/2/5 15953/2/5 15955/2/5
f 15958/2/5 15955/2/5 15954/2/5
f 15959/2/5 15955/2/5 15958/2/5
f 15960/2/5 15957/2/5 15956/2/5
f 15961/2/5 15957/2/5 15960/2/5
f 15962/2/5 15960/2/5 15959/2/5
f 15963/2/5 15960/2/5 15962/2/5
f 15966/4/5 15965/4/5 15964/4/5
f 15967/4/5 15965/4/5 15966/4/5
f 15971/7/5 15969/7/5 15968/7/5
f 15972/1/5 15970/1/5 15969/1/5
f 15972/7/5 15969/7/5 15971/7/5
f 15973/1/5 15970/1/5 15972/1/5
f 15976/6/5 15975/6/5 15974/6/5
f 15977/6/5 15975/6/5 15976/6/5
f 15986/7/5 15979/7/5 15978/7/5
f 15987/7/5 15979/7/5 15986/7/5
f 15988/6/5 15981/6/5 15980/6/5
f 15989/6/5 15981/6/5 15988/6/5
f 15990/6/5 15983/6/5 15982/6/5
f 15991/6/5 15983/6/5 15990/6/5
f 15992/7/5 15985/7/5 15984/7/5
f 15993/7/5 15985/7/5 15992/7/5
f 15996/6/5 15995/6/5 15994/6/5
f 15997/6/5 15995/6/5 15996/6/5
f 16000/7/5 15999/7/5 15998/7/5
f 16001/7/5 15999/7/5 16000/7/5
f 16004/2/5 16003/2/5 16002/2/5
f 16005/2/5 16003/2/5 16004/2/5
f 16010/2/5 16007/2/5 16006/2/5
f 16011/2/5 16007/2/5 16010/2/5
f 16012/2/5 16009/2/5 16008/2/5
f 16013/2/5 16009/2/5 16012/2/5
f 16016/2/5 16015/2/5 16014/2/5
f 16017/2/5 16015/2/5 16016/2/5
f 16021/6/5 16019/6/5 16018/6/5
f 16021/6/5 16020/6/5 16019/6/5
f 16022/6/5 16020/6/5 16021/6/5
f 16028/7/5 16024/7/5 16023/7/5
f 16029/6/5 16025/6/5 16024/6/5
f 16029/7/5 16024/7/5 16028/7/5
f 16030/6/5 16027/6/5 16026/6/5
f 16031/6/5 16027/6/5 16030/6/5
f 16032/6/5 16029/6/5 16028/6/5
f 16033/6/5 16025/6/5 16029/6/5
f 16033/6/5 16029/6/5 16032/6/5
f 16034/6/5 16030/6/5 16026/6/5
f 16035/7/5 16031/7/5 16030/7/5
f 16035/6/5 16030/6/5 16034/6/5
f 16036/7/5 16031/7/5 16035/7/5
f 16039/6/5 16038/6/5 16037/6/5
f 16040/6/5 16038/6/5 16039/6/5
f 16041/6/5 16039/6/5 16037/6/5
f 16042/7/5 16040/7/5 16039/7/5
f 16042/6/5 16039/6/5 16041/6/5
f 16043/7/5 16040/7/5 16042/7/5
f 16044/7/5 16042/7/5 16041/7/5
f 16045/7/5 16042/7/5 16044/7/5
f 16048/3/5 16047/3/5 16046/3/5
f 16049/3/5 16047/3/5 16048/3/5
f 16051/2/5 16049/2/5 16048/2/5
f 16051/2/5 16050/2/5 16049/2/5
f 16052/2/5 16050/2/5 16051/2/5
f 16057/2/5 16054/2/5 16053/2/5
f 16058/2/5 16054/2/5 16057/2/5
f 16059/2/5 16056/2/5 16055/2/5
f 16060/2/5 16056/2/5 16059/2/5
f 16064/3/5 16062/3/5 16061/3/5
f 16065/3/5 16062/3/5 16064/3/5
f 16066/2/5 16064/2/5 16063/2/5
f 16067/2/5 16064/2/5 16066/2/5
f 16074/2/5 16069/2/5 16068/2/5
f 16075/2/5 16069/2/5 16074/2/5
f 16076/4/5 16071/4/5 16070/4/5
f 16077/4/5 16071/4/5 16076/4/5
f 16078/4/5 16073/4/5 16072/4/5
f 16079/4/5 16073/4/5 16078/4/5
f 16082/4/5 16081/4/5 16080/4/5
f 16083/4/5 16081/4/5 16082/4/5
f 16088/4/5 16085/4/5 16084/4/5
f 16089/4/5 16085/4/5 16088/4/5
f 16091/2/5 16087/2/5 16086/2/5
f 16094/4/5 16090/4/5 16089/4/5
f 16095/4/5 16090/4/5 16094/4/5
f 16096/2/5 16091/2/5 16086/2/5
f 16097/2/5 16091/2/5 16096/2/5
f 16098/2/5 16093/2/5 16092/2/5
f 16099/2/5 16093/2/5 16098/2/5
f 16102/4/5 16101/4/5 16100/4/5
f 16103/4/5 16101/4/5 16102/4/5
f 16106/4/5 16105/4/5 16104/4/5
f 16107/4/5 16105/4/5 16106/4/5
f 16108/2/5 16107/2/5 16106/2/5
f 16109/2/5 16107/2/5 16108/2/5
f 16110/4/5 16109/4/5 16108/4/5
f 16111/4/5 16109/4/5 16110/4/5
f 16115/2/5 16113/2/5 16112/2/5
f 16116/2/5 16113/2/5 16115/2/5
f 16118/2/5 16115/2/5 16114/2/5
f 16123/2/5 16115/2/5 16118/2/5
f 16124/2/5 16115/2/5 16123/2/5
f 16125/2/5 16117/2/5 16116/2/5
f 16126/2/5 16117/2/5 16125/2/5
f 16127/2/5 16120/2/5 16119/2/5
f 16128/2/5 16120/2/5 16127/2/5
f 16129/4/5 16122/4/5 16121/4/5
f 16130/4/5 16122/4/5 16129/4/5
f 16131/2/5 16125/2/5 16124/2/5
f 16132/2/5 16125/2/5 16131/2/5
f 16133/2/5 16125/2/5 16132/2/5
f 16138/2/5 16135/2/5 16134/2/5
f 16139/2/5 16135/2/5 16138/2/5
f 16140/2/5 16135/2/5 16139/2/5
f 16142/6/5 16137/6/5 16136/6/5
f 16143/6/5 16137/6/5 16142/6/5
f 16145/6/5 16142/6/5 16141/6/5
f 16146/6/5 16142/6/5 16145/6/5
f 16147/6/5 16144/6/5 16143/6/5
f 16148/6/5 16144/6/5 16147/6/5
f 16149/6/5 16147/6/5 16146/6/5
f 16150/6/5 16147/6/5 16149/6/5
f 16153/4/5 16152/4/5 16151/4/5
f 16154/4/5 16152/4/5 16153/4/5
f 16157/2/5 16156/2/5 16155/2/5
f 16158/2/5 16156/2/5 16157/2/5
f 16161/2/5 16160/2/5 16159/2/5
f 16162/2/5 16160/2/5 16161/2/5
f 16168/2/5 16164/2/5 16163/2/5
f 16169/2/5 16164/2/5 16168/2/5
f 16170/4/5 16167/4/5 16166/4/5
f 16170/2/5 16166/2/5 16165/2/5
f 16171/4/5 16167/4/5 16170/4/5
f 16175/2/5 16170/2/5 16165/2/5
f 16176/2/5 16170/2/5 16175/2/5
f 16177/2/5 16172/2/5 16171/2/5
f 16178/2/5 16172/2/5 16177/2/5
f 16179/4/5 16174/4/5 16173/4/5
f 16180/4/5 16174/4/5 16179/4/5
f 16183/2/5 16182/2/5 16181/2/5
f 16184/2/5 16182/2/5 16183/2/5
f 16185/4/5 16184/4/5 16183/4/5
f 16186/4/5 16184/4/5 16185/4/5
f 16190/2/5 16187/2/5 16186/2/5
f 16190/2/5 16186/2/5 16185/2/5
f 16191/2/5 16187/2/5 16190/2/5
f 16192/6/5 16189/6/5 16188/6/5
f 16193/6/5 16189/6/5 16192/6/5
f 16198/6/5 16195/6/5 16194/6/5
f 16199/6/5 16195/6/5 16198/6/5
f 16200/6/5 16197/6/5 16196/6/5
f 16201/6/5 16197/6/5 16200/6/5
f 16204/6/5 16203/6/5 16202/6/5
f 16205/6/5 16203/6/5 16204/6/5
f 16208/2/5 16207/2/5 16206/2/5
f 16209/2/5 16207/2/5 16208/2/5
f 16212/2/5 16211/2/5 16210/2/5
f 16213/2/5 16211/2/5 16212/2/5
f 16218/2/5 16215/2/5 16214/2/5
f 16219/2/5 16215/2/5 16218/2/5
f 16220/6/5 16217/6/5 16216/6/5
f 16221/6/5 16217/6/5 16220/6/5
f 16226/6/5 16223/6/5 16222/6/5
f 16227/6/5 16223/6/5 16226/6/5
f 16228/6/5 16225/6/5 16224/6/5
f 16229/6/5 16225/6/5 16228/6/5
f 16232/6/5 16231/6/5 16230/6/5
f 16233/6/5 16231/6/5 16232/6/5
f 16238/6/5 16235/6/5 16234/6/5
f 16239/6/5 16235/6/5 16238/6/5
f 16242/6/5 16237/6/5 16236/6/5
f 16243/6/5 16237/6/5 16242/6/5
f 16244/6/5 16241/6/5 16240/6/5
f 16245/6/5 16241/6/5 16244/6/5
f 16252/6/5 16247/6/5 16246/6/5
f 16253/6/5 16247/6/5 16252/6/5
f 16254/6/5 16249/6/5 16248/6/5
f 16255/6/5 16249/6/5 16254/6/5
f 16258/6/5 16251/6/5 16250/6/5
f 16259/6/5 16251/6/5 16258/6/5
f 16264/6/5 16257/6/5 16256/6/5
f 16265/6/5 16257/6/5 16264/6/5
f 16266/6/5 16261/6/5 16260/6/5
f 16267/6/5 16261/6/5 16266/6/5
f 16268/6/5 16263/6/5 16262/6/5
f 16269/6/5 16263/6/5 16268/6/5
f 16274/6/5 16271/6/5 16270/6/5
f 16275/6/5 16271/6/5 16274/6/5
f 16278/6/5 16273/6/5 16272/6/5
f 16279/6/5 16273/6/5 16278/6/5
f 16280/6/5 16277/6/5 16276/6/5
f 16281/6/5 16277/6/5 16280/6/5
f 16284/7/5 16283/7/5 16282/7/5
f 16285/7/5 16283/7/5 16284/7/5
f 16288/6/5 16287/6/5 16286/6/5
f 16289/6/5 16287/6/5 16288/6/5
f 16294/6/5 16291/6/5 16290/6/5
f 16295/6/5 16291/6/5 16294/6/5
f 16296/6/5 16293/6/5 16292/6/5
f 16297/6/5 16293/6/5 16296/6/5
f 16307/1/5 16299/1/5 16298/1/5
f 16308/7/5 16300/7/5 16299/7/5
f 16308/1/5 16299/1/5 16307/1/5
f 16309/7/5 16306/7/5 16305/7/5
f 16310/7/5 16306/7/5 16309/7/5
f 16311/7/5 16308/7/5 16307/7/5
f 16312/7/5 16300/7/5 16308/7/5
f 16312/7/5 16308/7/5 16311/7/5
f 16313/6/5 16302/6/5 16301/6/5
f 16314/6/5 16302/6/5 16313/6/5
f 16315/6/5 16304/6/5 16303/6/5
f 16316/6/5 16304/6/5 16315/6/5
f 16317/7/5 16309/7/5 16305/7/5
f 16318/1/5 16310/1/5 16309/1/5
f 16318/7/5 16309/7/5 16317/7/5
f 16319/1/5 16310/1/5 16318/1/5
f 16324/6/5 16321/6/5 16320/6/5
f 16325/6/5 16321/6/5 16324/6/5
f 16326/6/5 16323/6/5 16322/6/5
f 16327/6/5 16323/6/5 16326/6/5
f 16330/6/5 16329/6/5 16328/6/5
f 16331/6/5 16329/6/5 16330/6/5
f 16334/7/5 16333/7/5 16332/7/5
f 16335/7/5 16333/7/5 16334/7/5
f 16336/1/5 16335/1/5 16334/1/5
f 16337/1/5 16335/1/5 16336/1/5
f 16340/7/5 16339/7/5 16338/7/5
f 16341/7/5 16339/7/5 16340/7/5
f 16344/6/5 16343/6/5 16342/6/5
f 16345/6/5 16343/6/5 16344/6/5
f 16354/7/5 16347/7/5 16346/7/5
f 16355/7/5 16347/7/5 16354/7/5
f 16356/6/5 16349/6/5 16348/6/5
f 16357/6/5 16349/6/5 16356/6/5
f 16358/6/5 16351/6/5 16350/6/5
f 16359/6/5 16351/6/5 16358/6/5
f 16360/7/5 16353/7/5 16352/7/5
f 16361/7/5 16353/7/5 16360/7/5
f 16364/6/5 16363/6/5 16362/6/5
f 16365/6/5 16363/6/5 16364/6/5
f 16368/7/5 16367/7/5 16366/7/5
f 16369/7/5 16367/7/5 16368/7/5
f 16372/6/5 16371/6/5 16370/6/5
f 16373/6/5 16371/6/5 16372/6/5
f 16379/7/5 16375/7/5 16374/7/5
f 16380/6/5 16376/6/5 16375/6/5
f 16380/7/5 16375/7/5 16379/7/5
f 16381/6/5 16378/6/5 16377/6/5
f 16382/6/5 16378/6/5 16381/6/5
f 16383/6/5 16380/6/5 16379/6/5
f 16384/6/5 16376/6/5 16380/6/5
f 16384/6/5 16380/6/5 16383/6/5
f 16385/6/5 16381/6/5 16377/6/5
f 16386/7/5 16382/7/5 16381/7/5
f 16386/6/5 16381/6/5 16385/6/5
f 16387/7/5 16382/7/5 16386/7/5
f 16390/6/5 16389/6/5 16388/6/5
f 16391/6/5 16389/6/5 16390/6/5
f 16392/6/5 16390/6/5 16388/6/5
f 16393/7/5 16391/7/5 16390/7/5
f 16393/6/5 16390/6/5 16392/6/5
f 16394/7/5 16391/7/5 16393/7/5
f 16395/1/5 16393/1/5 16392/1/5
f 16396/1/5 16393/1/5 16395/1/5
f 16400/6/5 16398/6/5 16397/6/5
f 16401/6/5 16398/6/5 16400/6/5
f 16403/6/5 16400/6/5 16399/6/5
f 16404/6/5 16400/6/5 16403/6/5
f 16405/6/5 16402/6/5 16401/6/5
f 16406/6/5 16402/6/5 16405/6/5
f 16407/6/5 16405/6/5 16404/6/5
f 16408/6/5 16405/6/5 16407/6/5
f 16411/6/5 16410/6/5 16409/6/5
f 16412/6/5 16410/6/5 16411/6/5
f 16417/6/5 16414/6/5 16413/6/5
f 16418/6/5 16414/6/5 16417/6/5
f 16419/6/5 16416/6/5 16415/6/5
f 16420/6/5 16416/6/5 16419/6/5
f 16423/6/5 16422/6/5 16421/6/5
f 16424/6/5 16422/6/5 16423/6/5
f 16427/2/5 16426/2/5 16425/2/5
f 16428/2/5 16426/2/5 16427/2/5
f 16431/6/5 16430/6/5 16429/6/5
f 16432/6/5 16430/6/5 16431/6/5
f 16437/6/5 16434/6/5 16433/6/5
f 16438/6/5 16434/6/5 16437/6/5
f 16439/6/5 16436/6/5 16435/6/5
f 16440/6/5 16436/6/5 16439/6/5
f 16443/6/5 16442/6/5 16441/6/5
f 16444/6/5 16442/6/5 16443/6/5
f 16447/4/5 16446/4/5 16445/4/5
f 16448/4/5 16446/4/5 16447/4/5
f 16451/2/5 16450/2/5 16449/2/5
f 16452/2/5 16450/2/5 16451/2/5
f 16457/6/5 16454/6/5 16453/6/5
f 16458/6/5 16454/6/5 16457/6/5
f 16461/6/5 16456/6/5 16455/6/5
f 16462/6/5 16456/6/5 16461/6/5
f 16463/6/5 16460/6/5 16459/6/5
f 16464/6/5 16460/6/5 16463/6/5
f 16471/6/5 16466/6/5 16465/6/5
f 16472/6/5 16466/6/5 16471/6/5
f 16473/6/5 16468/6/5 16467/6/5
f 16474/6/5 16468/6/5 16473/6/5
f 16477/6/5 16470/6/5 16469/6/5
f 16478/6/5 16470/6/5 16477/6/5
f 16483/6/5 16476/6/5 16475/6/5
f 16484/6/5 16476/6/5 16483/6/5
f 16485/6/5 16480/6/5 16479/6/5
f 16486/6/5 16480/6/5 16485/6/5
f 16487/6/5 16482/6/5 16481/6/5
f 16488/6/5 16482/6/5 16487/6/5
f 16493/6/5 16490/6/5 16489/6/5
f 16494/6/5 16490/6/5 16493/6/5
f 16497/6/5 16492/6/5 16491/6/5
f 16498/6/5 16492/6/5 16497/6/5
f 16499/6/5 16496/6/5 16495/6/5
f 16500/6/5 16496/6/5 16499/6/5
f 16504/1/5 16502/1/5 16501/1/5
f 16505/7/5 16503/7/5 16502/7/5
f 16505/1/5 16502/1/5 16504/1/5
f 16506/7/5 16505/7/5 16504/7/5
f 16507/7/5 16503/7/5 16505/7/5
f 16507/7/5 16505/7/5 16506/7/5
f 16510/4/5 16509/4/5 16508/4/5
f 16511/4/5 16509/4/5 16510/4/5
f 16514/6/5 16513/6/5 16512/6/5
f 16515/6/5 16513/6/5 16514/6/5
f 16520/6/5 16517/6/5 16516/6/5
f 16521/6/5 16517/6/5 16520/6/5
f 16522/6/5 16519/6/5 16518/6/5
f 16523/6/5 16519/6/5 16522/6/5
f 16532/7/5 16525/7/5 16524/7/5
f 16533/7/5 16525/7/5 16532/7/5
f 16534/6/5 16527/6/5 16526/6/5
f 16535/6/5 16527/6/5 16534/6/5
f 16536/6/5 16529/6/5 16528/6/5
f 16537/6/5 16529/6/5 16536/6/5
f 16538/7/5 16531/7/5 16530/7/5
f 16539/7/5 16531/7/5 16538/7/5
f 16544/6/5 16541/6/5 16540/6/5
f 16545/6/5 16541/6/5 16544/6/5
f 16546/6/5 16543/6/5 16542/6/5
f 16547/6/5 16543/6/5 16546/6/5
f 16550/6/5 16549/6/5 16548/6/5
f 16551/6/5 16549/6/5 16550/6/5
f 16554/7/5 16553/7/5 16552/7/5
f 16555/7/5 16553/7/5 16554/7/5
f 16558/7/5 16557/7/5 16556/7/5
f 16559/7/5 16557/7/5 16558/7/5
f 16562/4/5 16561/4/5 16560/4/5
f 16563/4/5 16561/4/5 16562/4/5
f 16566/6/5 16565/6/5 16564/6/5
f 16567/6/5 16565/6/5 16566/6/5
f 16570/4/5 16569/4/5 16568/4/5
f 16571/4/5 16569/4/5 16570/4/5
f 16580/7/5 16573/7/5 16572/7/5
f 16581/7/5 16573/7/5 16580/7/5
f 16582/6/5 16575/6/5 16574/6/5
f 16583/6/5 16575/6/5 16582/6/5
f 16584/6/5 16577/6/5 16576/6/5
f 16585/6/5 16577/6/5 16584/6/5
f 16586/7/5 16579/7/5 16578/7/5
f 16587/7/5 16579/7/5 16586/7/5
f 16590/6/5 16589/6/5 16588/6/5
f 16591/6/5 16589/6/5 16590/6/5
f 16594/7/5 16593/7/5 16592/7/5
f 16595/7/5 16593/7/5 16594/7/5
f 16600/2/5 16599/2/5 16598/2/5
f 16601/6/5 16597/6/5 16596/6/5
f 16602/6/5 16597/6/5 16601/6/5
f 16603/2/5 16599/2/5 16600/2/5
f 16604/2/5 16599/2/5 16603/2/5
f 16612/4/5 16606/4/5 16605/4/5
f 16613/4/5 16606/4/5 16612/4/5
f 16614/7/5 16608/7/5 16607/7/5
f 16615/6/5 16609/6/5 16608/6/5
f 16615/7/5 16608/7/5 16614/7/5
f 16616/6/5 16611/6/5 16610/6/5
f 16617/6/5 16611/6/5 16616/6/5
f 16618/6/5 16615/6/5 16614/6/5
f 16619/6/5 16609/6/5 16615/6/5
f 16619/6/5 16615/6/5 16618/6/5
f 16620/6/5 16616/6/5 16610/6/5
f 16621/7/5 16617/7/5 16616/7/5
f 16621/6/5 16616/6/5 16620/6/5
f 16622/7/5 16617/7/5 16621/7/5
f 16625/6/5 16624/6/5 16623/6/5
f 16626/6/5 16624/6/5 16625/6/5
f 16627/6/5 16625/6/5 16623/6/5
f 16628/7/5 16626/7/5 16625/7/5
f 16628/6/5 16625/6/5 16627/6/5
f 16629/7/5 16626/7/5 16628/7/5
f 16630/1/5 16628/1/5 16627/1/5
f 16631/1/5 16628/1/5 16630/1/5
f 16635/2/5 16633/2/5 16632/2/5
f 16635/2/5 16634/2/5 16633/2/5
f 16636/2/5 16634/2/5 16635/2/5
f 16640/2/5 16638/2/5 16637/2/5
f 16641/2/5 16638/2/5 16640/2/5
f 16645/4/5 16644/4/5 16643/4/5
f 16646/4/5 16644/4/5 16645/4/5
f 16651/2/5 16640/2/5 16639/2/5
f 16652/2/5 16640/2/5 16651/2/5
f 16653/2/5 16642/2/5 16641/2/5
f 16654/2/5 16642/2/5 16653/2/5
f 16655/2/5 16648/2/5 16647/2/5
f 16656/2/5 16648/2/5 16655/2/5
f 16657/4/5 16650/4/5 16649/4/5
f 16658/4/5 16650/4/5 16657/4/5
f 16659/2/5 16653/2/5 16652/2/5
f 16660/2/5 16653/2/5 16659/2/5
f 16663/2/5 16662/2/5 16661/2/5
f 16664/2/5 16662/2/5 16663/2/5
f 16669/4/5 16666/4/5 16665/4/5
f 16670/4/5 16666/4/5 16669/4/5
f 16671/4/5 16668/4/5 16667/4/5
f 16672/4/5 16668/4/5 16671/4/5
f 16674/2/5 16673/2/5 16672/2/5
f 16675/2/5 16673/2/5 16674/2/5
f 16678/2/5 16677/2/5 16676/2/5
f 16679/2/5 16677/2/5 16678/2/5
f 16688/4/5 16681/4/5 16680/4/5
f 16689/4/5 16681/4/5 16688/4/5
f 16690/2/5 16685/2/5 16684/2/5
f 16691/2/5 16687/2/5 16686/2/5
f 16692/2/5 16683/2/5 16682/2/5
f 16693/2/5 16683/2/5 16692/2/5
f 16694/2/5 16690/2/5 16684/2/5
f 16695/2/5 16690/2/5 16694/2/5
f 16696/2/5 16687/2/5 16691/2/5
f 16697/2/5 16687/2/5 16696/2/5
f 16700/2/5 16699/2/5 16698/2/5
f 16701/2/5 16699/2/5 16700/2/5
f 16704/2/5 16703/2/5 16702/2/5
f 16705/2/5 16703/2/5 16704/2/5
f 16708/2/5 16707/2/5 16706/2/5
f 16709/2/5 16707/2/5 16708/2/5
f 16712/4/5 16711/4/5 16710/4/5
f 16713/4/5 16711/4/5 16712/4/5
f 16716/2/5 16715/2/5 16714/2/5
f 16717/2/5 16715/2/5 16716/2/5
f 16720/2/5 16719/2/5 16718/2/5
f 16721/2/5 16719/2/5 16720/2/5
f 16725/4/5 16723/4/5 16722/4/5
f 16726/4/5 16723/4/5 16725/4/5
f 16728/4/5 16725/4/5 16724/4/5
f 16729/4/5 16725/4/5 16728/4/5
f 16730/4/5 16727/4/5 16726/4/5
f 16731/4/5 16727/4/5 16730/4/5
f 16732/4/5 16730/4/5 16729/4/5
f 16733/4/5 16730/4/5 16732/4/5
f 16734/9/6 16735/9/6 16736/9/6
f 16736/9/6 16735/9/6 16737/9/6
f 16737/9/6 16738/9/6 16739/9/6
f 16739/9/6 16738/9/6 16740/9/6
f 16740/9/6 16741/9/6 16742/9/6
f 16742/9/6 16741/9/6 16743/9/6
f 16743/9/6 16744/9/6 16745/9/6
f 16745/9/6 16744/9/6 16746/9/6
f 16746/9/6 16747/9/6 16748/9/6
f 16748/9/6 16747/9/6 16749/9/6
f 16749/9/6 16750/9/6 16751/9/6
f 16751/9/6 16750/9/6 16752/9/6
f 16752/9/6 16753/9/6 16754/9/6
f 16754/9/6 16753/9/6 16755/9/6
f 16755/9/6 16756/9/6 16757/9/6
f 16757/9/6 16756/9/6 16758/9/6
f 16758/9/6 16759/9/6 16760/9/6
f 16760/9/6 16759/9/6 16761/9/6
f 16761/9/6 16762/9/6 16763/9/6
f 16763/9/6 16762/9/6 16764/9/6
f 16764/9/6 16765/9/6 16766/9/6
f 16766/9/6 16765/9/6 16767/9/6
f 16767/9/6 16768/9/6 16769/9/6
f 16769/9/6 16768/9/6 16770/9/6
f 16770/9/6 16771/9/6 16772/9/6
f 16772/9/6 16771/9/6 16773/9/6
f 16773/9/6 16774/9/6 16775/9/6
f 16775/9/6 16774/9/6 16776/9/6
f 16776/9/6 16777/9/6 16778/9/6
f 16778/9/6 16777/9/6 16779/9/6
f 16779/9/6 16780/9/6 16781/9/6
f 16781/9/6 16780/9/6 16782/9/6
f 16782/9/6 16783/9/6 16784/9/6
f 16784/9/6 16783/9/6 16785/9/6
f 16785/9/6 16786/9/6 16787/9/6
f 16787/9/6 16786/9/6 16788/9/6
f 16788/9/6 16789/9/6 16790/9/6
f 16790/9/6 16789/9/6 16791/9/6
f 16791/9/6 16792/9/6 16793/9/6
f 16793/9/6 16792/9/6 16794/9/6
f 16794/9/6 16795/9/6 16796/9/6
f 16796/9/6 16795/9/6 16797/9/6
f 16797/9/6 16798/9/6 16799/9/6
f 16799/9/6 16798/9/6 16800/9/6
f 16800/9/6 16801/9/6 16802/9/6
f 16802/9/6 16801/9/6 16803/9/6
f 16803/9/6 16804/9/6 16805/9/6
f 16805/9/6 16804/9/6 16806/9/6
f 16806/9/6 16807/9/6 16808/9/6
f 16808/9/6 16807/9/6 16809/9/6
f 16809/9/6 16810/9/6 16811/9/6
f 16811/9/6 16810/9/6 16812/9/6
f 16812/9/6 16813/9/6 16814/9/6
f 16814/9/6 16813/9/6 16815/9/6
f 16815/9/6 16816/9/6 16817/9/6
f 16817/9/6 16816/9/6 16818/9/6
f 16818/9/6 16819/9/6 16820/9/6
f 16820/9/6 16819/9/6 16821/9/6
f 16821/9/6 16822/9/6 16823/9/6
f 16823/9/6 16822/9/6 16824/9/6
f 16824/9/6 16825/9/6 16826/9/6
f 16826/9/6 16825/9/6 16827/9/6
f 16827/9/6 16828/9/6 16829/9/6
f 16829/9/6 16828/9/6 16830/9/6
f 16830/9/6 16831/9/6 16832/9/6
f 16832/9/6 16831/9/6 16833/9/6
f 16833/9/6 16834/9/6 16835/9/6
f 16835/9/6 16834/9/6 16836/9/6
f 16836/9/6 16837/9/6 16838/9/6
f 16838/9/6 16837/9/6 16839/9/6
f 16839/9/6 16840/9/6 16841/9/6
f 16841/9/6 16840/9/6 16842/9/6
f 16842/9/6 16843/9/6 16844/9/6
f 16844/9/6 16843/9/6 16845/9/6
f 16845/9/6 16846/9/6 16847/9/6
f 16847/9/6 16846/9/6 16848/9/6
f 16848/9/6 16849/9/6 16850/9/6
f 16850/9/6 16849/9/6 16851/9/6
f 16851/9/6 16852/9/6 16853/9/6
f 16853/9/6 16852/9/6 16854/9/6
f 16854/9/6 16855/9/6 16856/9/6
f 16856/9/6 16855/9/6 16857/9/6
f 16857/9/6 16858/9/6 16859/9/6
f 16859/9/6 16858/9/6 16860/9/6
f 16860/9/6 16861/9/6 16862/9/6
f 16862/9/6 16861/9/6 16863/9/6
f 16863/9/6 16864/9/6 16865/9/6
f 16865/9/6 16864/9/6 16866/9/6
f 16866/9/6 16867/9/6 16868/9/6
f 16868/9/6 16867/9/6 16869/9/6
f 16869/9/6 16870/9/6 16871/9/6
f 16871/9/6 16870/9/6 16872/9/6
f 16872/9/6 16873/9/6 16874/9/6
f 16874/9/6 16873/9/6 16875/9/6
f 16875/9/6 16876/9/6 16877/9/6
f 16877/9/6 16876/9/6 16878/9/6
f 16878/9/6 16879/9/6 16880/9/6
f 16880/9/6 16879/9/6 16881/9/6
f 16881/9/6 16882/9/6 16883/9/6
f 16883/9/6 16882/9/6 16884/9/6
f 16884/9/6 16885/9/6 16886/9/6
f 16886/9/6 16885/9/6 16887/9/6
f 16887/9/6 16888/9/6 16889/9/6
f 16889/9/6 16888/9/6 16890/9/6
f 16890/9/6 16891/9/6 16892/9/6
f 16892/9/6 16891/9/6 16893/9/6
f 16893/9/6 16894/9/6 16895/9/6
f 16895/9/6 16894/9/6 16896/9/6
f 16896/9/6 16897/9/6 16898/9/6
f 16898/9/6 16897/9/6 16899/9/6
f 16899/9/6 16900/9/6 16901/9/6
f 16901/9/6 16900/9/6 16902/9/6
f 16902/9/6 16903/9/6 16904/9/6
f 16904/9/6 16903/9/6 16905/9/6
f 16905/9/6 16906/9/6 16907/9/6
f 16907/9/6 16906/9/6 16908/9/6
f 16908/9/6 16909/9/6 16910/9/6
f 16910/9/6 16909/9/6 16911/9/6
f 16911/9/6 16912/9/6 16913/9/6
f 16913/9/6 16912/9/6 16914/9/6
f 16914/9/6 16915/9/6 16916/9/6
f 16916/9/6 16915/9/6 16917/9/6
f 16917/9/6 16918/9/6 16919/9/6
f 16919/9/6 16918/9/6 16920/9/6
f 16920/9/6 16921/9/6 16922/9/6
f 16922/9/6 16921/9/6 16923/9/6
f 16734/9/6 16736/9/6 16925/9/6
f 16923/9/6 16924/9/6 16926/9/6
f 16734/9/6 16925/9/6 16927/9/6
f 16925/9/6 16926/9/6 16927/9/6
f 16926/9/6 16924/9/6 16928/9/6
f 16927/9/6 16926/9/6 16928/9/6
f 16929/9/6 16930/9/6 16931/9/6
f 16931/9/6 16930/9/6 16932/9/6
f 16932/9/6 16930/9/6 16933/9/6
f 16933/9/6 16934/9/6 16935/9/6
f 16932/9/6 16933/9/6 16935/9/6
f 16935/9/6 16934/9/6 16936/9/6
f 16936/9/6 16934/9/6 16937/9/6
f 16937/9/6 16938/9/6 16939/9/6
f 16936/9/6 16937/9/6 16939/9/6
f 16939/9/6 16938/9/6 16940/9/6
f 16940/9/6 16938/9/6 16941/9/6
f 16941/9/6 16942/9/6 16943/9/6
f 16940/9/6 16941/9/6 16943/9/6
f 16943/9/6 16942/9/6 16944/9/6
f 16944/9/6 16942/9/6 16945/9/6
f 16945/9/6 16946/9/6 16947/9/6
f 16944/9/6 16945/9/6 16947/9/6
f 16947/9/6 16946/9/6 16948/9/6
f 16948/9/6 16946/9/6 16949/9/6
f 16949/9/6 16950/9/6 16951/9/6
f 16948/9/6 16949/9/6 16951/9/6
f 16951/9/6 16950/9/6 16952/9/6
f 16952/9/6 16950/9/6 16953/9/6
f 16953/9/6 16954/9/6 16955/9/6
f 16952/9/6 16953/9/6 16955/9/6
f 16955/9/6 16954/9/6 16956/9/6
f 16956/9/6 16954/9/6 16957/9/6
f 16957/9/6 16958/9/6 16959/9/6
f 16956/9/6 16957/9/6 16959/9/6
f 16959/9/6 16958/9/6 16960/9/6
f 16960/9/6 16958/9/6 16961/9/6
f 16961/9/6 16962/9/6 16963/9/6
f 16960/9/6 16961/9/6 16963/9/6
f 16963/9/6 16962/9/6 16964/9/6
f 16964/9/6 16962/9/6 16965/9/6
f 16965/9/6 16966/9/6 16967/9/6
f 16964/9/6 16965/9/6 16967/9/6
f 16967/9/6 16966/9/6 16968/9/6
f 16968/9/6 16966/9/6 16969/9/6
f 16969/9/6 16970/9/6 16971/9/6
f 16968/9/6 16969/9/6 16971/9/6
f 16971/9/6 16970/9/6 16972/9/6
f 16972/9/6 16970/9/6 16973/9/6
f 16973/9/6 16974/9/6 16975/9/6
f 16972/9/6 16973/9/6 16975/9/6
f 16975/9/6 16974/9/6 16976/9/6
f 16976/9/6 16974/9/6 16977/9/6
f 16977/9/6 16978/9/6 16979/9/6
f 16976/9/6 16977/9/6 16979/9/6
f 16979/9/6 16978/9/6 16980/9/6
f 16980/9/6 16978/9/6 16981/9/6
f 16981/9/6 16982/9/6 16983/9/6
f 16980/9/6 16981/9/6 16983/9/6
f 16983/9/6 16982/9/6 16984/9/6
f 16984/9/6 16982/9/6 16985/9/6
f 16985/9/6 16986/9/6 16987/9/6
f 16984/9/6 16985/9/6 16987/9/6
f 16987/9/6 16986/9/6 16988/9/6
f 16988/9/6 16986/9/6 16989/9/6
f 16989/9/6 16990/9/6 16991/9/6
f 16988/9/6 16989/9/6 16991/9/6
f 16991/9/6 16990/9/6 16992/9/6
f 16992/9/6 16990/9/6 16993/9/6
f 16993/9/6 16994/9/6 16995/9/6
f 16992/9/6 16993/9/6 16995/9/6
f 16995/9/6 16994/9/6 16996/9/6
f 16996/9/6 16994/9/6 16997/9/6
f 16997/9/6 16998/9/6 16999/9/6
f 16996/9/6 16997/9/6 16999/9/6
f 16999/9/6 16998/9/6 17000/9/6
f 17000/9/6 16998/9/6 17001/9/6
f 17001/9/6 17002/9/6 17003/9/6
f 17000/9/6 17001/9/6 17003/9/6
f 17003/9/6 17002/9/6 17004/9/6
f 17004/9/6 17002/9/6 17005/9/6
f 17005/9/6 17006/9/6 17007/9/6
f 17004/9/6 17005/9/6 17007/9/6
f 17007/9/6 17006/9/6 17008/9/6
f 17008/9/6 17006/9/6 17009/9/6
f 17009/9/6 17010/9/6 17011/9/6
f 17008/9/6 17009/9/6 17011/9/6
f 17011/9/6 17010/9/6 17012/9/6
f 17012/9/6 17010/9/6 17013/9/6
f 17013/9/6 17014/9/6 17015/9/6
f 17012/9/6 17013/9/6 17015/9/6
f 17015/9/6 17014/9/6 17016/9/6
f 17016/9/6 17014/9/6 17017/9/6
f 17017/9/6 17018/9/6 17019/9/6
f 17016/9/6 17017/9/6 17019/9/6
f 17019/9/6 17018/9/6 17020/9/6
f 17020/9/6 17018/9/6 17021/9/6
f 17021/9/6 17022/9/6 17023/9/6
f 17020/9/6 17021/9/6 17023/9/6
f 17023/9/6 17022/9/6 17024/9/6
f 17024/9/6 17022/9/6 17025/9/6
f 17025/9/6 17026/9/6 17027/9/6
f 17024/9/6 17025/9/6 17027/9/6
f 17027/9/6 17026/9/6 17028/9/6
f 17028/9/6 17026/9/6 17029/9/6
f 17029/9/6 17030/9/6 17031/9/6
f 17028/9/6 17029/9/6 17031/9/6
f 17031/9/6 17030/9/6 17032/9/6
f 17032/9/6 17030/9/6 17033/9/6
f 17033/9/6 17034/9/6 17035/9/6
f 17032/9/6 17033/9/6 17035/9/6
f 17035/9/6 17034/9/6 17036/9/6
f 17036/9/6 17034/9/6 17037/9/6
f 17037/9/6 17038/9/6 17039/9/6
f 17036/9/6 17037/9/6 17039/9/6
f 17039/9/6 17038/9/6 17040/9/6
f 17040/9/6 17038/9/6 17041/9/6
f 17041/9/6 17042/9/6 17043/9/6
f 17040/9/6 17041/9/6 17043/9/6
f 17043/9/6 17042/9/6 17044/9/6
f 17044/9/6 17042/9/6 17045/9/6
f 17045/9/6 17046/9/6 17047/9/6
f 17044/9/6 17045/9/6 17047/9/6
f 17047/9/6 17046/9/6 17048/9/6
f 17048/9/6 17046/9/6 17049/9/6
f 17049/9/6 17050/9/6 17051/9/6
f 17048/9/6 17049/9/6 17051/9/6
f 17051/9/6 17050/9/6 17052/9/6
f 17052/9/6 17050/9/6 17053/9/6
f 17053/9/6 17054/9/6 17055/9/6
f 17052/9/6 17053/9/6 17055/9/6
f 17055/9/6 17054/9/6 17056/9/6
f 17056/9/6 17054/9/6 17057/9/6
f 17057/9/6 17058/9/6 17059/9/6
f 17056/9/6 17057/9/6 17059/9/6
f 17059/9/6 17058/9/6 17060/9/6
f 17060/9/6 17058/9/6 17061/9/6
f 17061/9/6 17062/9/6 17063/9/6
f 17060/9/6 17061/9/6 17063/9/6
f 17063/9/6 17062/9/6 17064/9/6
f 17064/9/6 17062/9/6 17065/9/6
f 17065/9/6 17066/9/6 17067/9/6
f 17064/9/6 17065/9/6 17067/9/6
f 17067/9/6 17066/9/6 17068/9/6
f 17068/9/6 17066/9/6 17069/9/6
f 17069/9/6 17070/9/6 17071/9/6
f 17068/9/6 17069/9/6 17071/9/6
f 17071/9/6 17070/9/6 17072/9/6
f 17072/9/6 17070/9/6 17073/9/6
f 17073/9/6 17074/9/6 17075/9/6
f 17072/9/6 17073/9/6 17075/9/6
f 17075/9/6 17074/9/6 17076/9/6
f 17076/9/6 17074/9/6 17077/9/6
f 17077/9/6 17078/9/6 17079/9/6
f 17076/9/6 17077/9/6 17079/9/6
f 17079/9/6 17078/9/6 17080/9/6
f 17080/9/6 17078/9/6 17081/9/6
f 17081/9/6 17082/9/6 17083/9/6
f 17080/9/6 17081/9/6 17083/9/6
f 17083/9/6 17082/9/6 17084/9/6
f 17084/9/6 17082/9/6 17085/9/6
f 17085/9/6 17086/9/6 17087/9/6
f 17084/9/6 17085/9/6 17087/9/6
f 17087/9/6 17086/9/6 17088/9/6
f 17088/9/6 17086/9/6 17089/9/6
f 17089/9/6 17090/9/6 17091/9/6
f 17088/9/6 17089/9/6 17091/9/6
f 17091/9/6 17090/9/6 17092/9/6
f 17092/9/6 17090/9/6 17093/9/6
f 17093/9/6 17094/9/6 17095/9/6
f 17092/9/6 17093/9/6 17095/9/6
f 17095/9/6 17094/9/6 17096/9/6
f 17096/9/6 17094/9/6 17097/9/6
f 17097/9/6 17098/9/6 17099/9/6
f 17096/9/6 17097/9/6 17099/9/6
f 17099/9/6 17098/9/6 17100/9/6
f 17100/9/6 17098/9/6 17101/9/6
f 17101/9/6 17102/9/6 17103/9/6
f 17100/9/6 17101/9/6 17103/9/6
f 17103/9/6 17102/9/6 17104/9/6
f 17104/9/6 17102/9/6 17105/9/6
f 17105/9/6 17106/9/6 17107/9/6
f 17104/9/6 17105/9/6 17107/9/6
f 17107/9/6 17106/9/6 17108/9/6
f 17108/9/6 17106/9/6 17109/9/6
f 17109/9/6 17110/9/6 17111/9/6
f 17108/9/6 17109/9/6 17111/9/6
f 17111/9/6 17110/9/6 17112/9/6
f 17112/9/6 17110/9/6 17113/9/6
f 17113/9/6 17114/9/6 17115/9/6
f 17112/9/6 17113/9/6 17115/9/6
f 17115/9/6 17114/9/6 17116/9/6
f 17116/9/6 17114/9/6 17117/9/6
f 17117/9/6 17118/9/6 17119/9/6
f 17116/9/6 17117/9/6 17119/9/6
f 17119/9/6 17118/9/6 17120/9/6
f 17120/9/6 17118/9/6 17121/9/6
f 17121/9/6 17122/9/6 17123/9/6
f 17120/9/6 17121/9/6 17123/9/6
f 17123/9/6 17122/9/6 17124/9/6
f 17124/9/6 17122/9/6 17125/9/6
f 17125/9/6 17126/9/6 17127/9/6
f 17124/9/6 17125/9/6 17127/9/6
f 17127/9/6 17126/9/6 17128/9/6
f 17128/9/6 17126/9/6 17129/9/6
f 17129/9/6 17130/9/6 17131/9/6
f 17128/9/6 17129/9/6 17131/9/6
f 17131/9/6 17130/9/6 17132/9/6
f 17132/9/6 17130/9/6 17133/9/6
f 17133/9/6 17134/9/6 17135/9/6
f 17132/9/6 17133/9/6 17135/9/6
f 17135/9/6 17134/9/6 17136/9/6
f 17136/9/6 17134/9/6 17137/9/6
f 17137/9/6 17138/9/6 17139/9/6
f 17136/9/6 17137/9/6 17139/9/6
f 17139/9/6 17138/9/6 17140/9/6
f 17140/9/6 17138/9/6 17141/9/6
f 17141/9/6 17142/9/6 17143/9/6
f 17140/9/6 17141/9/6 17143/9/6
f 17143/9/6 17142/9/6 17144/9/6
f 17144/9/6 17142/9/6 17145/9/6
f 17145/9/6 17146/9/6 17147/9/6
f 17144/9/6 17145/9/6 17147/9/6
f 17147/9/6 17146/9/6 17148/9/6
f 17148/9/6 17146/9/6 17149/9/6
f 17149/9/6 17150/9/6 17151/9/6
f 17148/9/6 17149/9/6 17151/9/6
f 17151/9/6 17150/9/6 17152/9/6
f 17152/9/6 17150/9/6 17153/9/6
f 17153/9/6 17154/9/6 17155/9/6
f 17152/9/6 17153/9/6 17155/9/6
f 17155/9/6 17154/9/6 17156/9/6
f 17156/9/6 17154/9/6 17157/9/6
f 17157/9/6 17158/9/6 17159/9/6
f 17156/9/6 17157/9/6 17159/9/6
f 17159/9/6 17158/9/6 17160/9/6
f 17160/9/6 17158/9/6 17161/9/6
f 17161/9/6 17162/9/6 17163/9/6
f 17160/9/6 17161/9/6 17163/9/6
f 17163/9/6 17162/9/6 17164/9/6
f 17164/9/6 17162/9/6 17165/9/6
f 17165/9/6 17166/9/6 17167/9/6
f 17164/9/6 17165/9/6 17167/9/6
f 17167/9/6 17166/9/6 17168/9/6
f 17168/9/6 17166/9/6 17169/9/6
f 17169/9/6 17170/9/6 17171/9/6
f 17168/9/6 17169/9/6 17171/9/6
f 17171/9/6 17170/9/6 17172/9/6
f 17172/9/6 17170/9/6 17173/9/6
f 17173/9/6 17174/9/6 17175/9/6
f 17172/9/6 17173/9/6 17175/9/6
f 17175/9/6 17174/9/6 17176/9/6
f 17176/9/6 17174/9/6 17177/9/6
f 17177/9/6 17178/9/6 17179/9/6
f 17176/9/6 17177/9/6 17179/9/6
f 17179/9/6 17178/9/6 17180/9/6
f 16929/9/6 16931/9/6 17181/9/6
f 17180/9/6 17178/9/6 17182/9/6
f 16929/9/6 17181/9/6 17183/9/6
f 17181/9/6 17182/9/6 17183/9/6
f 17182/9/6 17178/9/6 17184/9/6
f 17183/9/6 17182/9/6 17184/9/6
f 17185/9/6 17186/9/6 17187/9/6
f 17187/9/6 17186/9/6 17188/9/6
f 17189/5/6 17190/5/6 17191/5/6
f 17191/5/6 17192/5/6 17193/5/6
f 17193/5/6 17194/5/6 17195/5/6
f 17189/5/6 17191/5/6 17197/5/6
f 17195/5/6 17196/5/6 17197/5/6
f 17193/5/6 17195/5/6 17197/5/6
f 17191/5/6 17193/5/6 17197/5/6
f 17197/5/6 17196/5/6 17198/5/6
f 17198/5/6 17196/5/6 17199/5/6
f 17189/5/6 17197/5/6 17201/5/6
f 17199/5/6 17200/5/6 17202/5/6
f 17198/5/6 17199/5/6 17202/5/6
f 17202/5/6 17200/5/6 17203/5/6
f 17201/5/6 17202/5/6 17205/5/6
f 17203/5/6 17204/5/6 17205/5/6
f 17202/5/6 17203/5/6 17205/5/6
f 17205/5/6 17206/5/6 17207/5/6
f 17207/5/6 17208/5/6 17209/5/6
f 17201/5/6 17205/5/6 17211/5/6
f 17209/5/6 17210/5/6 17211/5/6
f 17207/5/6 17209/5/6 17211/5/6
f 17205/5/6 17207/5/6 17211/5/6
f 17211/5/6 17210/5/6 17212/5/6
f 17212/5/6 17210/5/6 17213/5/6
f 17201/5/6 17211/5/6 17215/5/6
f 17213/5/6 17214/5/6 17216/5/6
f 17212/5/6 17213/5/6 17216/5/6
f 17216/5/6 17214/5/6 17217/5/6
f 17215/5/6 17216/5/6 17219/5/6
f 17217/5/6 17218/5/6 17219/5/6
f 17216/5/6 17217/5/6 17219/5/6
f 17219/5/6 17220/5/6 17221/5/6
f 17221/5/6 17222/5/6 17223/5/6
f 17223/5/6 17224/5/6 17225/5/6
f 17225/5/6 17226/5/6 17227/5/6
f 17215/5/6 17219/5/6 17229/5/6
f 17227/5/6 17228/5/6 17229/5/6
f 17225/5/6 17227/5/6 17229/5/6
f 17223/5/6 17225/5/6 17229/5/6
f 17221/5/6 17223/5/6 17229/5/6
f 17219/5/6 17221/5/6 17229/5/6
f 17229/5/6 17228/5/6 17230/5/6
f 17230/5/6 17228/5/6 17231/5/6
f 17189/5/6 17201/5/6 17233/5/6
f 17201/5/6 17215/5/6 17233/5/6
f 17215/5/6 17229/5/6 17233/5/6
f 17233/5/6 17229/5/6 17234/5/6
f 17231/5/6 17232/5/6 17235/5/6
f 17230/5/6 17231/5/6 17235/5/6
f 17189/5/6 17233/5/6 17237/5/6
f 17234/5/6 17229/5/6 17238/5/6
f 17238/5/6 17229/5/6 17239/5/6
f 17235/5/6 17236/5/6 17240/5/6
f 17230/5/6 17235/5/6 17240/5/6
f 17240/5/6 17236/5/6 17241/5/6
f 17238/5/6 17239/5/6 17243/5/6
f 17241/5/6 17242/5/6 17243/5/6
f 17240/5/6 17241/5/6 17243/5/6
f 17239/5/6 17240/5/6 17243/5/6
f 17237/5/6 17238/5/6 17243/5/6
f 17243/5/6 17242/5/6 17244/5/6
f 17244/5/6 17242/5/6 17245/5/6
f 17245/5/6 17246/5/6 17247/5/6
f 17244/5/6 17245/5/6 17247/5/6
f 17237/5/6 17243/5/6 17249/5/6
f 17247/5/6 17248/5/6 17250/5/6
f 17244/5/6 17247/5/6 17250/5/6
f 17250/5/6 17248/5/6 17251/5/6
f 17249/5/6 17250/5/6 17253/5/6
f 17251/5/6 17252/5/6 17253/5/6
f 17250/5/6 17251/5/6 17253/5/6
f 17237/5/6 17249/5/6 17255/5/6
f 17253/5/6 17254/5/6 17255/5/6
f 17249/5/6 17253/5/6 17255/5/6
f 17255/5/6 17254/5/6 17256/5/6
f 17256/5/6 17254/5/6 17257/5/6
f 17257/5/6 17258/5/6 17259/5/6
f 17256/5/6 17257/5/6 17259/5/6
f 17237/5/6 17255/5/6 17261/5/6
f 17259/5/6 17260/5/6 17262/5/6
f 17256/5/6 17259/5/6 17262/5/6
f 17262/5/6 17260/5/6 17263/5/6
f 17263/5/6 17260/5/6 17264/5/6
f 17264/5/6 17260/5/6 17265/5/6
f 17265/5/6 17266/5/6 17267/5/6
f 17264/5/6 17265/5/6 17267/5/6
f 17261/5/6 17262/5/6 17269/5/6
f 17262/5/6 17263/5/6 17269/5/6
f 17267/5/6 17268/5/6 17270/5/6
f 17264/5/6 17267/5/6 17270/5/6
f 17270/5/6 17268/5/6 17271/5/6
f 17269/5/6 17270/5/6 17273/5/6
f 17271/5/6 17272/5/6 17273/5/6
f 17270/5/6 17271/5/6 17273/5/6
f 17273/5/6 17272/5/6 17274/5/6
f 17274/5/6 17272/5/6 17275/5/6
f 17275/5/6 17276/5/6 17277/5/6
f 17274/5/6 17275/5/6 17277/5/6
f 17277/5/6 17276/5/6 17278/5/6
f 17278/5/6 17276/5/6 17279/5/6
f 17269/5/6 17273/5/6 17281/5/6
f 17281/5/6 17273/5/6 17282/5/6
f 17282/5/6 17273/5/6 17283/5/6
f 17279/5/6 17280/5/6 17284/5/6
f 17278/5/6 17279/5/6 17284/5/6
f 17284/5/6 17280/5/6 17285/5/6
f 17269/5/6 17281/5/6 17287/5/6
f 17287/5/6 17281/5/6 17288/5/6
f 17282/5/6 17283/5/6 17289/5/6
f 17285/5/6 17286/5/6 17289/5/6
f 17284/5/6 17285/5/6 17289/5/6
f 17283/5/6 17284/5/6 17289/5/6
f 17289/5/6 17286/5/6 17290/5/6
f 17290/5/6 17286/5/6 17291/5/6
f 17237/5/6 17261/5/6 17293/5/6
f 17261/5/6 17269/5/6 17293/5/6
f 17269/5/6 17287/5/6 17293/5/6
f 17293/5/6 17287/5/6 17294/5/6
f 17294/5/6 17287/5/6 17295/5/6
f 17291/5/6 17292/5/6 17296/5/6
f 17290/5/6 17291/5/6 17296/5/6
f 17296/5/6 17292/5/6 17297/5/6
f 17237/5/6 17293/5/6 17299/5/6
f 17294/5/6 17295/5/6 17300/5/6
f 17297/5/6 17298/5/6 17300/5/6
f 17295/5/6 17296/5/6 17300/5/6
f 17296/5/6 17297/5/6 17300/5/6
f 17300/5/6 17298/5/6 17301/5/6
f 17301/5/6 17298/5/6 17302/5/6
f 17302/5/6 17298/5/6 17303/5/6
f 17303/5/6 17304/5/6 17305/5/6
f 17302/5/6 17303/5/6 17305/5/6
f 17305/5/6 17304/5/6 17306/5/6
f 17306/5/6 17304/5/6 17307/5/6
f 17299/5/6 17300/5/6 17309/5/6
f 17300/5/6 17301/5/6 17309/5/6
f 17302/5/6 17305/5/6 17310/5/6
f 17307/5/6 17308/5/6 17311/5/6
f 17306/5/6 17307/5/6 17311/5/6
f 17309/5/6 17310/5/6 17313/5/6
f 17310/5/6 17305/5/6 17313/5/6
f 17311/5/6 17312/5/6 17314/5/6
f 17306/5/6 17311/5/6 17314/5/6
f 17314/5/6 17312/5/6 17315/5/6
f 17309/5/6 17313/5/6 17317/5/6
f 17315/5/6 17316/5/6 17317/5/6
f 17314/5/6 17315/5/6 17317/5/6
f 17313/5/6 17314/5/6 17317/5/6
f 17317/5/6 17316/5/6 17318/5/6
f 17318/5/6 17316/5/6 17319/5/6
f 17319/5/6 17320/5/6 17321/5/6
f 17318/5/6 17319/5/6 17321/5/6
f 17309/5/6 17317/5/6 17323/5/6
f 17321/5/6 17322/5/6 17324/5/6
f 17318/5/6 17321/5/6 17324/5/6
f 17324/5/6 17322/5/6 17325/5/6
f 17237/5/6 17299/5/6 17327/5/6
f 17325/5/6 17326/5/6 17327/5/6
f 17324/5/6 17325/5/6 17327/5/6
f 17323/5/6 17324/5/6 17327/5/6
f 17299/5/6 17309/5/6 17327/5/6
f 17309/5/6 17323/5/6 17327/5/6
f 17327/5/6 17326/5/6 17328/5/6
f 17328/5/6 17326/5/6 17329/5/6
f 17329/5/6 17326/5/6 17330/5/6
f 17330/5/6 17326/5/6 17331/5/6
f 17237/5/6 17327/5/6 17333/5/6
f 17328/5/6 17329/5/6 17334/5/6
f 17331/5/6 17332/5/6 17335/5/6
f 17330/5/6 17331/5/6 17335/5/6
f 17189/5/6 17237/5/6 17337/5/6
f 17333/5/6 17334/5/6 17337/5/6
f 17237/5/6 17333/5/6 17337/5/6
f 17337/5/6 17334/5/6 17338/5/6
f 17334/5/6 17329/5/6 17339/5/6
f 17338/5/6 17334/5/6 17339/5/6
f 17335/5/6 17336/5/6 17340/5/6
f 17330/5/6 17335/5/6 17340/5/6
f 17340/5/6 17336/5/6 17341/5/6
f 17341/5/6 17336/5/6 17342/5/6
f 17342/5/6 17336/5/6 17343/5/6
f 17343/5/6 17336/5/6 17344/5/6
f 17344/5/6 17336/5/6 17345/5/6
f 17342/5/6 17343/5/6 17348/5/6
f 17348/5/6 17343/5/6 17349/5/6
f 17345/5/6 17346/5/6 17351/5/6
f 17344/5/6 17345/5/6 17351/5/6
f 17351/5/6 17346/5/6 17352/5/6
f 17352/5/6 17346/5/6 17353/5/6
f 17353/5/6 17346/5/6 17354/5/6
f 17354/5/6 17346/5/6 17355/5/6
f 17189/5/6 17337/5/6 17357/5/6
f 17338/5/6 17339/5/6 17358/5/6
f 17339/5/6 17340/5/6 17358/5/6
f 17340/5/6 17341/5/6 17358/5/6
f 17358/5/6 17341/5/6 17359/5/6
f 17349/5/6 17350/5/6 17360/5/6
f 17348/5/6 17349/5/6 17360/5/6
f 17347/5/6 17348/5/6 17360/5/6
f 17360/5/6 17350/5/6 17361/5/6
f 17344/5/6 17351/5/6 17362/5/6
f 17355/5/6 17356/5/6 17363/5/6
f 17354/5/6 17355/5/6 17363/5/6
f 17361/5/6 17362/5/6 17365/5/6
f 17358/5/6 17359/5/6 17365/5/6
f 17357/5/6 17358/5/6 17365/5/6
f 17360/5/6 17361/5/6 17365/5/6
f 17359/5/6 17360/5/6 17365/5/6
f 17365/5/6 17362/5/6 17366/5/6
f 17362/5/6 17351/5/6 17367/5/6
f 17366/5/6 17362/5/6 17367/5/6
f 17352/5/6 17353/5/6 17368/5/6
f 17368/5/6 17353/5/6 17369/5/6
f 17363/5/6 17364/5/6 17370/5/6
f 17354/5/6 17363/5/6 17370/5/6
f 17370/5/6 17364/5/6 17371/5/6
f 17368/5/6 17369/5/6 17373/5/6
f 17371/5/6 17372/5/6 17373/5/6
f 17370/5/6 17371/5/6 17373/5/6
f 17369/5/6 17370/5/6 17373/5/6
f 17367/5/6 17368/5/6 17373/5/6
f 17366/5/6 17367/5/6 17373/5/6
f 17357/5/6 17365/5/6 17375/5/6
f 17375/5/6 17365/5/6 17376/5/6
f 17376/5/6 17365/5/6 17377/5/6
f 17373/5/6 17374/5/6 17378/5/6
f 17366/5/6 17373/5/6 17378/5/6
f 17378/5/6 17374/5/6 17379/5/6
f 17379/5/6 17374/5/6 17380/5/6
f 17380/5/6 17374/5/6 17381/5/6
f 17357/5/6 17375/5/6 17383/5/6
f 17383/5/6 17375/5/6 17384/5/6
f 17384/5/6 17375/5/6 17385/5/6
f 17376/5/6 17377/5/6 17386/5/6
f 17377/5/6 17378/5/6 17386/5/6
f 17378/5/6 17379/5/6 17386/5/6
f 17386/5/6 17379/5/6 17387/5/6
f 17387/5/6 17379/5/6 17388/5/6
f 17388/5/6 17379/5/6 17389/5/6
f 17389/5/6 17379/5/6 17390/5/6
f 17381/5/6 17382/5/6 17391/5/6
f 17380/5/6 17381/5/6 17391/5/6
f 17357/5/6 17383/5/6 17393/5/6
f 17384/5/6 17385/5/6 17394/5/6
f 17386/5/6 17387/5/6 17394/5/6
f 17385/5/6 17386/5/6 17394/5/6
f 17388/5/6 17389/5/6 17395/5/6
f 17395/5/6 17389/5/6 17396/5/6
f 17396/5/6 17389/5/6 17397/5/6
f 17391/5/6 17392/5/6 17398/5/6
f 17380/5/6 17391/5/6 17398/5/6
f 17398/5/6 17392/5/6 17399/5/6
f 17399/5/6 17392/5/6 17400/5/6
f 17393/5/6 17394/5/6 17402/5/6
f 17394/5/6 17387/5/6 17402/5/6
f 17388/5/6 17395/5/6 17403/5/6
f 17396/5/6 17397/5/6 17404/5/6
f 17397/5/6 17398/5/6 17404/5/6
f 17400/5/6 17401/5/6 17405/5/6
f 17399/5/6 17400/5/6 17405/5/6
f 17405/5/6 17401/5/6 17406/5/6
f 17402/5/6 17403/5/6 17408/5/6
f 17403/5/6 17395/5/6 17408/5/6
f 17406/5/6 17407/5/6 17409/5/6
f 17396/5/6 17404/5/6 17409/5/6
f 17404/5/6 17405/5/6 17409/5/6
f 17405/5/6 17406/5/6 17409/5/6
f 17409/5/6 17407/5/6 17410/5/6
f 17402/5/6 17408/5/6 17412/5/6
f 17410/5/6 17411/5/6 17412/5/6
f 17409/5/6 17410/5/6 17412/5/6
f 17408/5/6 17409/5/6 17412/5/6
f 17393/5/6 17402/5/6 17412/5/6
f 17412/5/6 17411/5/6 17413/5/6
f 17413/5/6 17411/5/6 17414/5/6
f 17393/5/6 17412/5/6 17416/5/6
f 17416/5/6 17412/5/6 17417/5/6
f 17417/5/6 17412/5/6 17418/5/6
f 17418/5/6 17412/5/6 17419/5/6
f 17414/5/6 17415/5/6 17420/5/6
f 17413/5/6 17414/5/6 17420/5/6
f 17189/5/6 17357/5/6 17422/5/6
f 17357/5/6 17393/5/6 17422/5/6
f 17393/5/6 17416/5/6 17422/5/6
f 17422/5/6 17416/5/6 17423/5/6
f 17423/5/6 17416/5/6 17424/5/6
f 17417/5/6 17418/5/6 17425/5/6
f 17425/5/6 17418/5/6 17426/5/6
f 17420/5/6 17421/5/6 17427/5/6
f 17413/5/6 17420/5/6 17427/5/6
f 17427/5/6 17421/5/6 17428/5/6
f 17425/5/6 17426/5/6 17431/5/6
f 17427/5/6 17428/5/6 17431/5/6
f 17426/5/6 17427/5/6 17431/5/6
f 17424/5/6 17425/5/6 17431/5/6
f 17423/5/6 17424/5/6 17431/5/6
f 17428/5/6 17429/5/6 17431/5/6
f 17431/5/6 17429/5/6 17432/5/6
f 17432/5/6 17429/5/6 17433/5/6
f 17433/5/6 17429/5/6 17434/5/6
f 17430/5/6 17431/5/6 17437/5/6
f 17431/5/6 17432/5/6 17437/5/6
f 17437/5/6 17432/5/6 17438/5/6
f 17438/5/6 17432/5/6 17439/5/6
f 17439/5/6 17432/5/6 17440/5/6
f 17440/5/6 17432/5/6 17441/5/6
f 17441/5/6 17432/5/6 17442/5/6
f 17433/5/6 17434/5/6 17443/5/6
f 17434/5/6 17435/5/6 17443/5/6
f 17443/5/6 17435/5/6 17444/5/6
f 17444/5/6 17435/5/6 17445/5/6
f 17445/5/6 17435/5/6 17446/5/6
f 17189/5/6 17422/5/6 17448/5/6
f 17436/5/6 17437/5/6 17449/5/6
f 17437/5/6 17438/5/6 17449/5/6
f 17446/5/6 17447/5/6 17450/5/6
f 17445/5/6 17446/5/6 17450/5/6
f 17450/5/6 17447/5/6 17451/5/6
f 17451/5/6 17447/5/6 17452/5/6
f 17452/5/6 17447/5/6 17453/5/6
f 17453/5/6 17447/5/6 17454/5/6
f 17448/5/6 17449/5/6 17456/5/6
f 17449/5/6 17438/5/6 17456/5/6
f 17439/5/6 17440/5/6 17457/5/6
f 17457/5/6 17440/5/6 17458/5/6
f 17441/5/6 17442/5/6 17459/5/6
f 17442/5/6 17443/5/6 17459/5/6
f 17443/5/6 17444/5/6 17459/5/6
f 17459/5/6 17444/5/6 17460/5/6
f 17445/5/6 17450/5/6 17461/5/6
f 17461/5/6 17450/5/6 17462/5/6
f 17462/5/6 17450/5/6 17463/5/6
f 17451/5/6 17452/5/6 17465/5/6
f 17465/5/6 17452/5/6 17466/5/6
f 17466/5/6 17452/5/6 17467/5/6
f 17454/5/6 17455/5/6 17468/5/6
f 17453/5/6 17454/5/6 17468/5/6
f 17465/5/6 17466/5/6 17470/5/6
f 17464/5/6 17465/5/6 17470/5/6
f 17470/5/6 17466/5/6 17471/5/6
f 17471/5/6 17466/5/6 17472/5/6
f 17472/5/6 17466/5/6 17473/5/6
f 17468/5/6 17469/5/6 17475/5/6
f 17453/5/6 17468/5/6 17475/5/6
f 17475/5/6 17469/5/6 17476/5/6
f 17457/5/6 17458/5/6 17478/5/6
f 17456/5/6 17457/5/6 17478/5/6
f 17459/5/6 17460/5/6 17478/5/6
f 17458/5/6 17459/5/6 17478/5/6
f 17460/5/6 17461/5/6 17478/5/6
f 17461/5/6 17462/5/6 17478/5/6
f 17478/5/6 17462/5/6 17479/5/6
f 17479/5/6 17462/5/6 17480/5/6
f 17476/5/6 17477/5/6 17483/5/6
f 17475/5/6 17476/5/6 17483/5/6
f 17474/5/6 17475/5/6 17483/5/6
f 17483/5/6 17477/5/6 17484/5/6
f 17456/5/6 17478/5/6 17486/5/6
f 17486/5/6 17478/5/6 17487/5/6
f 17487/5/6 17478/5/6 17488/5/6
f 17480/5/6 17481/5/6 17489/5/6
f 17479/5/6 17480/5/6 17489/5/6
f 17489/5/6 17481/5/6 17490/5/6
f 17471/5/6 17472/5/6 17491/5/6
f 17491/5/6 17472/5/6 17492/5/6
f 17484/5/6 17485/5/6 17493/5/6
f 17483/5/6 17484/5/6 17493/5/6
f 17482/5/6 17483/5/6 17493/5/6
f 17493/5/6 17485/5/6 17494/5/6
f 17494/5/6 17485/5/6 17495/5/6
f 17495/5/6 17485/5/6 17496/5/6
f 17487/5/6 17488/5/6 17499/5/6
f 17489/5/6 17490/5/6 17499/5/6
f 17493/5/6 17494/5/6 17499/5/6
f 17492/5/6 17493/5/6 17499/5/6
f 17491/5/6 17492/5/6 17499/5/6
f 17488/5/6 17489/5/6 17499/5/6
f 17490/5/6 17491/5/6 17499/5/6
f 17499/5/6 17494/5/6 17500/5/6
f 17500/5/6 17494/5/6 17501/5/6
f 17495/5/6 17496/5/6 17502/5/6
f 17496/5/6 17497/5/6 17502/5/6
f 17456/5/6 17486/5/6 17504/5/6
f 17498/5/6 17499/5/6 17505/5/6
f 17499/5/6 17500/5/6 17505/5/6
f 17505/5/6 17500/5/6 17506/5/6
f 17501/5/6 17494/5/6 17507/5/6
f 17507/5/6 17494/5/6 17508/5/6
f 17502/5/6 17503/5/6 17509/5/6
f 17495/5/6 17502/5/6 17509/5/6
f 17505/5/6 17506/5/6 17510/5/6
f 17508/5/6 17509/5/6 17510/5/6
f 17507/5/6 17508/5/6 17510/5/6
f 17189/5/6 17448/5/6 17510/5/6
f 17448/5/6 17456/5/6 17510/5/6
f 17504/5/6 17505/5/6 17510/5/6
f 17506/5/6 17507/5/6 17510/5/6
f 17456/5/6 17504/5/6 17510/5/6
f 17509/5/6 17503/5/6 17511/5/6
f 17510/5/6 17509/5/6 17511/5/6
f 17512/9/6 17513/9/6 17514/9/6
f 17514/9/6 17513/9/6 17515/9/6
f 17515/9/6 17513/9/6 17516/9/6
f 17516/9/6 17517/9/6 17518/9/6
f 17515/9/6 17516/9/6 17518/9/6
f 17518/9/6 17517/9/6 17519/9/6
f 17519/9/6 17517/9/6 17520/9/6
f 17520/9/6 17521/9/6 17522/9/6
f 17519/9/6 17520/9/6 17522/9/6
f 17522/9/6 17521/9/6 17523/9/6
f 17523/9/6 17521/9/6 17524/9/6
f 17524/9/6 17525/9/6 17526/9/6
f 17523/9/6 17524/9/6 17526/9/6
f 17526/9/6 17525/9/6 17527/9/6
f 17527/9/6 17525/9/6 17528/9/6
f 17528/9/6 17529/9/6 17532/9/6
f 17527/9/6 17528/9/6 17532/9/6
f 17532/9/6 17529/9/6 17533/9/6
f 17533/9/6 17529/9/6 17534/9/6
f 17530/6/6 17531/6/6 17536/6/6
f 17536/6/6 17531/6/6 17537/6/6
f 17534/9/6 17535/9/6 17538/9/6
f 17533/9/6 17534/9/6 17538/9/6
f 17538/9/6 17535/9/6 17539/9/6
f 17539/9/6 17535/9/6 17540/9/6
f 17540/9/6 17541/9/6 17542/9/6
f 17539/9/6 17540/9/6 17542/9/6
f 17542/9/6 17541/9/6 17543/9/6
f 17543/9/6 17541/9/6 17544/9/6
f 17544/9/6 17545/9/6 17546/9/6
f 17543/9/6 17544/9/6 17546/9/6
f 17546/9/6 17545/9/6 17547/9/6
f 17547/9/6 17545/9/6 17548/9/6
f 17548/9/6 17549/9/6 17550/9/6
f 17547/9/6 17548/9/6 17550/9/6
f 17550/9/6 17549/9/6 17551/9/6
f 17551/9/6 17549/9/6 17552/9/6
f 17552/9/6 17553/9/6 17554/9/6
f 17551/9/6 17552/9/6 17554/9/6
f 17554/9/6 17553/9/6 17555/9/6
f 17555/9/6 17553/9/6 17556/9/6
f 17556/9/6 17557/9/6 17558/9/6
f 17555/9/6 17556/9/6 17558/9/6
f 17558/9/6 17557/9/6 17559/9/6
f 17559/9/6 17557/9/6 17560/9/6
f 17560/9/6 17561/9/6 17562/9/6
f 17559/9/6 17560/9/6 17562/9/6
f 17562/9/6 17561/9/6 17563/9/6
f 17563/9/6 17561/9/6 17564/9/6
f 17564/9/6 17565/9/6 17566/9/6
f 17563/9/6 17564/9/6 17566/9/6
f 17566/9/6 17565/9/6 17567/9/6
f 17567/9/6 17565/9/6 17568/9/6
f 17568/9/6 17569/9/6 17570/9/6
f 17567/9/6 17568/9/6 17570/9/6
f 17570/9/6 17569/9/6 17571/9/6
f 17571/9/6 17569/9/6 17572/9/6
f 17572/9/6 17573/9/6 17574/9/6
f 17571/9/6 17572/9/6 17574/9/6
f 17574/9/6 17573/9/6 17575/9/6
f 17575/9/6 17573/9/6 17576/9/6
f 17576/9/6 17577/9/6 17578/9/6
f 17575/9/6 17576/9/6 17578/9/6
f 17578/9/6 17577/9/6 17579/9/6
f 17579/9/6 17577/9/6 17580/9/6
f 17580/9/6 17581/9/6 17582/9/6
f 17579/9/6 17580/9/6 17582/9/6
f 17582/9/6 17581/9/6 17583/9/6
f 17583/9/6 17581/9/6 17584/9/6
f 17584/9/6 17585/9/6 17588/9/6
f 17583/9/6 17584/9/6 17588/9/6
f 17588/9/6 17585/9/6 17589/9/6
f 17589/9/6 17585/9/6 17590/9/6
f 17586/6/6 17587/6/6 17592/6/6
f 17592/6/6 17587/6/6 17593/6/6
f 17590/9/6 17591/9/6 17594/9/6
f 17589/9/6 17590/9/6 17594/9/6
f 17594/9/6 17591/9/6 17595/9/6
f 17595/9/6 17591/9/6 17596/9/6
f 17596/9/6 17597/9/6 17600/9/6
f 17595/9/6 17596/9/6 17600/9/6
f 17600/9/6 17597/9/6 17601/9/6
f 17601/9/6 17597/9/6 17602/9/6
f 17602/9/6 17603/9/6 17604/9/6
f 17601/9/6 17602/9/6 17604/9/6
f 17604/9/6 17603/9/6 17605/9/6
f 17605/9/6 17603/9/6 17606/9/6
f 17598/6/6 17599/6/6 17608/6/6
f 17608/6/6 17599/6/6 17609/6/6
f 17606/9/6 17607/9/6 17610/9/6
f 17605/9/6 17606/9/6 17610/9/6
f 17610/9/6 17607/9/6 17611/9/6
f 17611/9/6 17607/9/6 17612/9/6
f 17612/9/6 17613/9/6 17614/9/6
f 17611/9/6 17612/9/6 17614/9/6
f 17614/9/6 17613/9/6 17615/9/6
f 17615/9/6 17613/9/6 17616/9/6
f 17616/9/6 17617/9/6 17620/9/6
f 17615/9/6 17616/9/6 17620/9/6
f 17620/9/6 17617/9/6 17621/9/6
f 17621/9/6 17617/9/6 17622/9/6
f 17622/9/6 17623/9/6 17624/9/6
f 17621/9/6 17622/9/6 17624/9/6
f 17624/9/6 17623/9/6 17625/9/6
f 17625/9/6 17623/9/6 17626/9/6
f 17618/6/6 17619/6/6 17628/6/6
f 17628/6/6 17619/6/6 17629/6/6
f 17626/9/6 17627/9/6 17630/9/6
f 17625/9/6 17626/9/6 17630/9/6
f 17630/9/6 17627/9/6 17631/9/6
f 17631/9/6 17627/9/6 17632/9/6
f 17632/9/6 17633/9/6 17634/9/6
f 17631/9/6 17632/9/6 17634/9/6
f 17634/9/6 17633/9/6 17635/9/6
f 17635/9/6 17633/9/6 17636/9/6
f 17636/9/6 17637/9/6 17638/9/6
f 17635/9/6 17636/9/6 17638/9/6
f 17638/9/6 17637/9/6 17639/9/6
f 17639/9/6 17637/9/6 17640/9/6
f 17640/9/6 17641/9/6 17644/9/6
f 17639/9/6 17640/9/6 17644/9/6
f 17644/9/6 17641/9/6 17645/9/6
f 17645/9/6 17641/9/6 17646/9/6
f 17642/6/6 17643/6/6 17648/6/6
f 17646/9/6 17647/9/6 17650/9/6
f 17645/9/6 17646/9/6 17650/9/6
f 17650/9/6 17647/9/6 17651/9/6
f 17651/9/6 17647/9/6 17652/9/6
f 17648/6/6 17649/6/6 17656/6/6
f 17642/6/6 17648/6/6 17656/6/6
f 17656/6/6 17649/6/6 17657/6/6
f 17651/9/6 17652/9/6 17658/9/6
f 17652/9/6 17653/9/6 17658/9/6
f 17658/9/6 17653/9/6 17659/9/6
f 17659/9/6 17653/9/6 17660/9/6
f 17654/2/6 17655/2/6 17663/2/6
f 17663/2/6 17655/2/6 17664/2/6
f 17659/9/6 17660/9/6 17666/9/6
f 17660/9/6 17661/9/6 17666/9/6
f 17666/9/6 17661/9/6 17667/9/6
f 17667/9/6 17661/9/6 17668/9/6
f 17664/2/6 17665/2/6 17672/2/6
f 17663/2/6 17664/2/6 17672/2/6
f 17662/2/6 17663/2/6 17672/2/6
f 17672/2/6 17665/2/6 17673/2/6
f 17667/9/6 17668/9/6 17674/9/6
f 17668/9/6 17669/9/6 17674/9/6
f 17674/9/6 17669/9/6 17675/9/6
f 17675/9/6 17669/9/6 17676/9/6
f 17670/6/6 17671/6/6 17678/6/6
f 17678/6/6 17671/6/6 17679/6/6
f 17676/9/6 17677/9/6 17680/9/6
f 17675/9/6 17676/9/6 17680/9/6
f 17680/9/6 17677/9/6 17681/9/6
f 17681/9/6 17677/9/6 17682/9/6
f 17682/9/6 17683/9/6 17684/9/6
f 17681/9/6 17682/9/6 17684/9/6
f 17684/9/6 17683/9/6 17685/9/6
f 17685/9/6 17683/9/6 17686/9/6
f 17686/9/6 17687/9/6 17688/9/6
f 17685/9/6 17686/9/6 17688/9/6
f 17688/9/6 17687/9/6 17689/9/6
f 17689/9/6 17687/9/6 17690/9/6
f 17690/9/6 17691/9/6 17692/9/6
f 17689/9/6 17690/9/6 17692/9/6
f 17692/9/6 17691/9/6 17693/9/6
f 17693/9/6 17691/9/6 17694/9/6
f 17694/9/6 17695/9/6 17696/9/6
f 17693/9/6 17694/9/6 17696/9/6
f 17696/9/6 17695/9/6 17697/9/6
f 17697/9/6 17695/9/6 17698/9/6
f 17698/9/6 17699/9/6 17700/9/6
f 17697/9/6 17698/9/6 17700/9/6
f 17700/9/6 17699/9/6 17701/9/6
f 17701/9/6 17699/9/6 17702/9/6
f 17702/9/6 17703/9/6 17704/9/6
f 17701/9/6 17702/9/6 17704/9/6
f 17704/9/6 17703/9/6 17705/9/6
f 17705/9/6 17703/9/6 17706/9/6
f 17706/9/6 17707/9/6 17712/9/6
f 17705/9/6 17706/9/6 17712/9/6
f 17712/9/6 17707/9/6 17713/9/6
f 17713/9/6 17707/9/6 17714/9/6
f 17708/2/6 17709/2/6 17716/2/6
f 17716/2/6 17709/2/6 17717/2/6
f 17714/9/6 17715/9/6 17718/9/6
f 17713/9/6 17714/9/6 17718/9/6
f 17718/9/6 17715/9/6 17719/9/6
f 17719/9/6 17715/9/6 17720/9/6
f 17710/6/6 17711/6/6 17722/6/6
f 17722/6/6 17711/6/6 17723/6/6
f 17720/9/6 17721/9/6 17728/9/6
f 17719/9/6 17720/9/6 17728/9/6
f 17728/9/6 17721/9/6 17729/9/6
f 17729/9/6 17721/9/6 17730/9/6
f 17724/6/6 17725/6/6 17732/6/6
f 17732/6/6 17725/6/6 17733/6/6
f 17726/2/6 17727/2/6 17734/2/6
f 17734/2/6 17727/2/6 17735/2/6
f 17730/9/6 17731/9/6 17738/9/6
f 17729/9/6 17730/9/6 17738/9/6
f 17738/9/6 17731/9/6 17739/9/6
f 17739/9/6 17731/9/6 17740/9/6
f 17724/6/6 17732/6/6 17742/6/6
f 17742/6/6 17732/6/6 17743/6/6
f 17735/2/6 17727/2/6 17744/2/6
f 17744/2/6 17727/2/6 17745/2/6
f 17740/9/6 17741/9/6 17746/9/6
f 17739/9/6 17740/9/6 17746/9/6
f 17746/9/6 17741/9/6 17747/9/6
f 17747/9/6 17741/9/6 17748/9/6
f 17736/2/6 17737/2/6 17750/2/6
f 17750/2/6 17737/2/6 17751/2/6
f 17748/9/6 17749/9/6 17752/9/6
f 17747/9/6 17748/9/6 17752/9/6
f 17752/9/6 17749/9/6 17753/9/6
f 17753/9/6 17749/9/6 17754/9/6
f 17754/9/6 17755/9/6 17756/9/6
f 17753/9/6 17754/9/6 17756/9/6
f 17756/9/6 17755/9/6 17757/9/6
f 17757/9/6 17755/9/6 17758/9/6
f 17758/9/6 17759/9/6 17762/9/6
f 17757/9/6 17758/9/6 17762/9/6
f 17762/9/6 17759/9/6 17763/9/6
f 17763/9/6 17759/9/6 17764/9/6
f 17760/6/6 17761/6/6 17771/6/6
f 17764/9/6 17765/9/6 17772/9/6
f 17763/9/6 17764/9/6 17772/9/6
f 17772/9/6 17765/9/6 17773/9/6
f 17773/9/6 17765/9/6 17774/9/6
f 17766/2/6 17767/2/6 17776/2/6
f 17776/2/6 17767/2/6 17777/2/6
f 17770/6/6 17771/6/6 17778/6/6
f 17771/6/6 17761/6/6 17779/6/6
f 17778/6/6 17771/6/6 17779/6/6
f 17774/9/6 17775/9/6 17781/9/6
f 17773/9/6 17774/9/6 17781/9/6
f 17781/9/6 17775/9/6 17782/9/6
f 17782/9/6 17775/9/6 17783/9/6
f 17768/6/6 17769/6/6 17785/6/6
f 17785/6/6 17769/6/6 17786/6/6
f 17779/6/6 17780/6/6 17787/6/6
f 17787/6/6 17780/6/6 17788/6/6
f 17783/9/6 17784/9/6 17789/9/6
f 17782/9/6 17783/9/6 17789/9/6
f 17789/9/6 17784/9/6 17790/9/6
f 17790/9/6 17784/9/6 17791/9/6
f 17791/9/6 17792/9/6 17793/9/6
f 17790/9/6 17791/9/6 17793/9/6
f 17793/9/6 17792/9/6 17794/9/6
f 17794/9/6 17792/9/6 17795/9/6
f 17795/9/6 17796/9/6 17799/9/6
f 17794/9/6 17795/9/6 17799/9/6
f 17799/9/6 17796/9/6 17800/9/6
f 17800/9/6 17796/9/6 17801/9/6
f 17797/2/6 17798/2/6 17804/2/6
f 17800/9/6 17801/9/6 17805/9/6
f 17801/9/6 17802/9/6 17805/9/6
f 17805/9/6 17802/9/6 17806/9/6
f 17806/9/6 17802/9/6 17807/9/6
f 17803/2/6 17804/2/6 17811/2/6
f 17804/2/6 17798/2/6 17812/2/6
f 17811/2/6 17804/2/6 17812/2/6
f 17807/9/6 17808/9/6 17813/9/6
f 17806/9/6 17807/9/6 17813/9/6
f 17813/9/6 17808/9/6 17814/9/6
f 17814/9/6 17808/9/6 17815/9/6
f 17809/2/6 17810/2/6 17817/2/6
f 17817/2/6 17810/2/6 17818/2/6
f 17815/9/6 17816/9/6 17821/9/6
f 17814/9/6 17815/9/6 17821/9/6
f 17821/9/6 17816/9/6 17822/9/6
f 17822/9/6 17816/9/6 17823/9/6
f 17809/2/6 17817/2/6 17825/2/6
f 17825/2/6 17817/2/6 17826/2/6
f 17819/2/6 17820/2/6 17827/2/6
f 17827/2/6 17820/2/6 17828/2/6
f 17823/9/6 17824/9/6 17829/9/6
f 17822/9/6 17823/9/6 17829/9/6
f 17829/9/6 17824/9/6 17830/9/6
f 17830/9/6 17824/9/6 17831/9/6
f 17809/2/6 17825/2/6 17833/2/6
f 17833/2/6 17825/2/6 17834/2/6
f 17831/9/6 17832/9/6 17839/9/6
f 17830/9/6 17831/9/6 17839/9/6
f 17839/9/6 17832/9/6 17840/9/6
f 17840/9/6 17832/9/6 17841/9/6
f 17835/2/6 17836/2/6 17844/2/6
f 17844/2/6 17836/2/6 17845/2/6
f 17845/2/6 17836/2/6 17846/2/6
f 17837/6/6 17838/6/6 17848/6/6
f 17840/9/6 17841/9/6 17849/9/6
f 17841/9/6 17842/9/6 17849/9/6
f 17849/9/6 17842/9/6 17850/9/6
f 17850/9/6 17842/9/6 17851/9/6
f 17843/2/6 17844/2/6 17853/2/6
f 17844/2/6 17845/2/6 17853/2/6
f 17847/6/6 17848/6/6 17856/6/6
f 17848/6/6 17838/6/6 17857/6/6
f 17856/6/6 17848/6/6 17857/6/6
f 17857/6/6 17838/6/6 17858/6/6
f 17851/9/6 17852/9/6 17859/9/6
f 17850/9/6 17851/9/6 17859/9/6
f 17859/9/6 17852/9/6 17860/9/6
f 17860/9/6 17852/9/6 17861/9/6
f 17853/2/6 17854/2/6 17865/2/6
f 17843/2/6 17853/2/6 17865/2/6
f 17865/2/6 17854/2/6 17866/2/6
f 17855/6/6 17856/6/6 17867/6/6
f 17856/6/6 17857/6/6 17867/6/6
f 17867/6/6 17857/6/6 17868/6/6
f 17861/9/6 17862/9/6 17869/9/6
f 17860/9/6 17861/9/6 17869/9/6
f 17869/9/6 17862/9/6 17870/9/6
f 17870/9/6 17862/9/6 17871/9/6
f 17863/2/6 17864/2/6 17875/2/6
f 17875/2/6 17864/2/6 17876/2/6
f 17866/2/6 17854/2/6 17877/2/6
f 17877/2/6 17854/2/6 17878/2/6
f 17855/6/6 17867/6/6 17879/6/6
f 17879/6/6 17867/6/6 17880/6/6
f 17871/9/6 17872/9/6 17881/9/6
f 17870/9/6 17871/9/6 17881/9/6
f 17881/9/6 17872/9/6 17882/9/6
f 17882/9/6 17872/9/6 17883/9/6
f 17873/2/6 17874/2/6 17885/2/6
f 17885/2/6 17874/2/6 17886/2/6
f 17883/9/6 17884/9/6 17887/9/6
f 17882/9/6 17883/9/6 17887/9/6
f 17887/9/6 17884/9/6 17888/9/6
f 17873/2/6 17885/2/6 17889/2/6
f 17889/2/6 17885/2/6 17890/2/6
f 17512/9/6 17514/9/6 17891/9/6
f 17888/9/6 17884/9/6 17894/9/6
f 17512/9/6 17891/9/6 17895/9/6
f 17893/9/6 17894/9/6 17895/9/6
f 17892/9/6 17893/9/6 17895/9/6
f 17891/9/6 17892/9/6 17895/9/6
f 17894/9/6 17884/9/6 17896/9/6
f 17895/9/6 17894/9/6 17896/9/6
f 17897/6/6 17898/6/6 17899/6/6
f 17899/6/6 17898/6/6 17900/6/6
f 17901/6/6 17902/6/6 17903/6/6
f 17903/6/6 17902/6/6 17904/6/6
f 17905/6/6 17906/6/6 17910/6/6
f 17910/6/6 17906/6/6 17911/6/6
f 17907/6/6 17908/6/6 17915/6/6
f 17915/6/6 17908/6/6 17916/6/6
f 17909/6/6 17910/6/6 17917/6/6
f 17917/6/6 17910/6/6 17918/6/6
f 17911/6/6 17912/6/6 17919/6/6
f 17919/6/6 17912/6/6 17920/6/6
f 17913/6/6 17914/6/6 17921/6/6
f 17921/6/6 17914/6/6 17922/6/6
f 17918/6/6 17919/6/6 17923/6/6
f 17923/6/6 17919/6/6 17924/6/6
f 17925/6/6 17926/6/6 17927/6/6
f 17927/6/6 17926/6/6 17928/6/6
f 17929/6/6 17930/6/6 17931/6/6
f 17931/6/6 17930/6/6 17932/6/6
f 17933/6/6 17934/6/6 17937/6/6
f 17937/6/6 17934/6/6 17938/6/6
f 17935/2/6 17936/2/6 17941/2/6
f 17941/2/6 17936/2/6 17942/2/6
f 17939/6/6 17940/6/6 17946/6/6
f 17946/6/6 17940/6/6 17947/6/6
f 17943/6/6 17944/6/6 17953/6/6
f 17953/6/6 17944/6/6 17954/6/6
f 17945/6/6 17946/6/6 17955/6/6
f 17955/6/6 17946/6/6 17956/6/6
f 17947/6/6 17948/6/6 17957/6/6
f 17957/6/6 17948/6/6 17958/6/6
f 17949/6/6 17950/6/6 17959/6/6
f 17959/6/6 17950/6/6 17960/6/6
f 17951/2/6 17952/2/6 17961/2/6
f 17961/2/6 17952/2/6 17962/2/6
f 17956/6/6 17957/6/6 17963/6/6
f 17963/6/6 17957/6/6 17964/6/6
f 17967/6/6 17968/6/6 17969/6/6
f 17969/6/6 17968/6/6 17970/6/6
f 17965/2/6 17966/2/6 17975/2/6
f 17975/2/6 17966/2/6 17976/2/6
f 17971/6/6 17972/6/6 17977/6/6
f 17977/6/6 17972/6/6 17978/6/6
f 17973/6/6 17974/6/6 17981/6/6
f 17981/6/6 17974/6/6 17982/6/6
f 17979/6/6 17980/6/6 17986/6/6
f 17986/6/6 17980/6/6 17987/6/6
f 17983/6/6 17984/6/6 17991/6/6
f 17991/6/6 17984/6/6 17992/6/6
f 17985/6/6 17986/6/6 17993/6/6
f 17993/6/6 17986/6/6 17994/6/6
f 17987/6/6 17988/6/6 17995/6/6
f 17995/6/6 17988/6/6 17996/6/6
f 17989/6/6 17990/6/6 17997/6/6
f 17997/6/6 17990/6/6 17998/6/6
f 17994/6/6 17995/6/6 17999/6/6
f 17999/6/6 17995/6/6 18000/6/6
f 18001/6/6 18002/6/6 18003/6/6
f 18003/6/6 18002/6/6 18004/6/6
f 18005/6/6 18006/6/6 18011/6/6
f 18011/6/6 18006/6/6 18012/6/6
f 18007/2/6 18008/2/6 18013/2/6
f 18013/2/6 18008/2/6 18014/2/6
f 18009/6/6 18010/6/6 18015/6/6
f 18015/6/6 18010/6/6 18016/6/6
f 18017/4/6 18018/4/6 18019/4/6
f 18019/4/6 18018/4/6 18020/4/6
f 18021/6/6 18022/6/6 18024/6/6
f 18024/6/6 18022/6/6 18025/6/6
f 18023/6/6 18024/6/6 18027/6/6
f 18027/6/6 18024/6/6 18028/6/6
f 18025/6/6 18026/6/6 18029/6/6
f 18029/6/6 18026/6/6 18030/6/6
f 18028/6/6 18029/6/6 18031/6/6
f 18031/6/6 18029/6/6 18032/6/6
f 18033/6/6 18034/6/6 18035/6/6
f 18035/6/6 18034/6/6 18036/6/6
f 18037/6/6 18038/6/6 18043/6/6
f 18043/6/6 18038/6/6 18044/6/6
f 18039/6/6 18040/6/6 18045/6/6
f 18045/6/6 18040/6/6 18046/6/6
f 18041/2/6 18042/2/6 18048/2/6
f 18048/2/6 18042/2/6 18049/2/6
f 18051/6/6 18052/6/6 18053/6/6
f 18053/6/6 18052/6/6 18054/6/6
f 18047/2/6 18048/2/6 18055/2/6
f 18055/2/6 18048/2/6 18056/2/6
f 18049/2/6 18050/2/6 18057/2/6
f 18057/2/6 18050/2/6 18058/2/6
f 18056/2/6 18057/2/6 18059/2/6
f 18059/2/6 18057/2/6 18060/2/6
f 18061/6/6 18062/6/6 18064/6/6
f 18064/6/6 18062/6/6 18065/6/6
f 18067/6/6 18068/6/6 18070/6/6
f 18070/6/6 18068/6/6 18071/6/6
f 18063/6/6 18064/6/6 18073/6/6
f 18073/6/6 18064/6/6 18074/6/6
f 18065/6/6 18066/6/6 18075/6/6
f 18075/6/6 18066/6/6 18076/6/6
f 18074/6/6 18075/6/6 18077/6/6
f 18077/6/6 18075/6/6 18078/6/6
f 18069/6/6 18070/6/6 18081/6/6
f 18081/6/6 18070/6/6 18082/6/6
f 18071/6/6 18072/6/6 18083/6/6
f 18083/6/6 18072/6/6 18084/6/6
f 18079/2/6 18080/2/6 18086/2/6
f 18086/2/6 18080/2/6 18087/2/6
f 18082/6/6 18083/6/6 18089/6/6
f 18089/6/6 18083/6/6 18090/6/6
f 18091/6/6 18092/6/6 18093/6/6
f 18093/6/6 18092/6/6 18094/6/6
f 18085/2/6 18086/2/6 18095/2/6
f 18095/2/6 18086/2/6 18096/2/6
f 18087/2/6 18088/2/6 18097/2/6
f 18097/2/6 18088/2/6 18098/2/6
f 18096/2/6 18097/2/6 18103/2/6
f 18103/2/6 18097/2/6 18104/2/6
f 18099/6/6 18100/6/6 18105/6/6
f 18105/6/6 18100/6/6 18106/6/6
f 18101/6/6 18102/6/6 18107/6/6
f 18107/6/6 18102/6/6 18108/6/6
f 18109/2/6 18110/2/6 18114/2/6
f 18114/2/6 18110/2/6 18115/2/6
f 18111/6/6 18112/6/6 18117/6/6
f 18117/6/6 18112/6/6 18118/6/6
f 18119/6/6 18120/6/6 18122/6/6
f 18122/6/6 18120/6/6 18123/6/6
f 18113/2/6 18114/2/6 18125/2/6
f 18125/2/6 18114/2/6 18126/2/6
f 18115/2/6 18116/2/6 18127/2/6
f 18127/2/6 18116/2/6 18128/2/6
f 18126/2/6 18127/2/6 18131/2/6
f 18131/2/6 18127/2/6 18132/2/6
f 18129/6/6 18130/6/6 18135/6/6
f 18135/6/6 18130/6/6 18136/6/6
f 18121/6/6 18122/6/6 18137/6/6
f 18137/6/6 18122/6/6 18138/6/6
f 18123/6/6 18124/6/6 18139/6/6
f 18139/6/6 18124/6/6 18140/6/6
f 18133/4/6 18134/4/6 18141/4/6
f 18141/4/6 18134/4/6 18142/4/6
f 18138/6/6 18139/6/6 18147/6/6
f 18147/6/6 18139/6/6 18148/6/6
f 18149/6/6 18150/6/6 18152/6/6
f 18152/6/6 18150/6/6 18153/6/6
f 18143/6/6 18144/6/6 18155/6/6
f 18155/6/6 18144/6/6 18156/6/6
f 18145/6/6 18146/6/6 18157/6/6
f 18157/6/6 18146/6/6 18158/6/6
f 18151/6/6 18152/6/6 18161/6/6
f 18161/6/6 18152/6/6 18162/6/6
f 18153/6/6 18154/6/6 18163/6/6
f 18163/6/6 18154/6/6 18164/6/6
f 18159/6/6 18160/6/6 18165/6/6
f 18165/6/6 18160/6/6 18166/6/6
f 18162/6/6 18163/6/6 18167/6/6
f 18167/6/6 18163/6/6 18168/6/6
f 18169/6/6 18170/6/6 18176/6/6
f 18176/6/6 18170/6/6 18177/6/6
f 18171/2/6 18172/2/6 18180/2/6
f 18180/2/6 18172/2/6 18181/2/6
f 18173/6/6 18174/6/6 18184/6/6
f 18184/6/6 18174/6/6 18185/6/6
f 18175/6/6 18176/6/6 18187/6/6
f 18187/6/6 18176/6/6 18188/6/6
f 18188/6/6 18176/6/6 18189/6/6
f 18177/6/6 18178/6/6 18190/6/6
f 18190/6/6 18178/6/6 18191/6/6
f 18179/2/6 18180/2/6 18192/2/6
f 18192/2/6 18180/2/6 18193/2/6
f 18181/2/6 18182/2/6 18194/2/6
f 18194/2/6 18182/2/6 18195/2/6
f 18183/6/6 18184/6/6 18196/6/6
f 18196/6/6 18184/6/6 18197/6/6
f 18185/6/6 18186/6/6 18198/6/6
f 18198/6/6 18186/6/6 18199/6/6
f 18189/6/6 18190/6/6 18200/6/6
f 18200/6/6 18190/6/6 18201/6/6
f 18193/2/6 18194/2/6 18202/2/6
f 18202/2/6 18194/2/6 18203/2/6
f 18197/6/6 18198/6/6 18204/6/6
f 18204/6/6 18198/6/6 18205/6/6
f 18206/6/6 18207/6/6 18209/6/6
f 18209/6/6 18207/6/6 18210/6/6
f 18212/4/6 18213/4/6 18214/4/6
f 18214/4/6 18213/4/6 18215/4/6
f 18208/6/6 18209/6/6 18216/6/6
f 18216/6/6 18209/6/6 18217/6/6
f 18210/6/6 18211/6/6 18218/6/6
f 18218/6/6 18211/6/6 18219/6/6
f 18217/6/6 18218/6/6 18220/6/6
f 18220/6/6 18218/6/6 18221/6/6
f 18222/4/6 18223/4/6 18225/4/6
f 18225/4/6 18223/4/6 18226/4/6
f 18224/4/6 18225/4/6 18228/4/6
f 18228/4/6 18225/4/6 18229/4/6
f 18226/4/6 18227/4/6 18230/4/6
f 18230/4/6 18227/4/6 18231/4/6
f 18229/4/6 18230/4/6 18232/4/6
f 18232/4/6 18230/4/6 18233/4/6
f 18234/6/6 18235/6/6 18236/6/6
f 18236/6/6 18235/6/6 18237/6/6
f 18238/6/6 18239/6/6 18242/6/6
f 18242/6/6 18239/6/6 18243/6/6
f 18240/6/6 18241/6/6 18244/6/6
f 18244/6/6 18241/6/6 18245/6/6
f 18246/6/6 18247/6/6 18248/6/6
f 18248/6/6 18247/6/6 18249/6/6
f 18250/2/6 18251/2/6 18253/2/6
f 18251/2/6 18252/2/6 18253/2/6
f 18253/2/6 18252/2/6 18254/2/6
f 18257/2/6 18258/2/6 18261/2/6
f 18261/2/6 18258/2/6 18262/2/6
f 18259/3/6 18260/3/6 18263/3/6
f 18263/3/6 18260/3/6 18264/3/6
f 18255/2/6 18256/2/6 18265/2/6
f 18265/2/6 18256/2/6 18266/2/6
f 18262/2/6 18263/2/6 18267/2/6
f 18267/2/6 18263/2/6 18268/2/6
f 18269/2/6 18270/2/6 18271/2/6
f 18271/2/6 18270/2/6 18272/2/6
f 18272/2/6 18270/2/6 18273/2/6
f 18274/6/6 18275/6/6 18276/6/6
f 18276/6/6 18275/6/6 18277/6/6
f 18278/6/6 18279/6/6 18286/6/6
f 18286/6/6 18279/6/6 18287/6/6
f 18280/6/6 18281/6/6 18294/6/6
f 18294/6/6 18281/6/6 18295/6/6
f 18282/6/6 18283/6/6 18296/6/6
f 18296/6/6 18283/6/6 18297/6/6
f 18284/6/6 18285/6/6 18298/6/6
f 18298/6/6 18285/6/6 18299/6/6
f 18288/2/6 18289/2/6 18302/2/6
f 18302/2/6 18289/2/6 18303/2/6
f 18290/6/6 18291/6/6 18304/6/6
f 18304/6/6 18291/6/6 18305/6/6
f 18292/6/6 18293/6/6 18306/6/6
f 18306/6/6 18293/6/6 18307/6/6
f 18300/6/6 18301/6/6 18308/6/6
f 18308/6/6 18301/6/6 18309/6/6
f 18314/6/6 18315/6/6 18316/6/6
f 18316/6/6 18315/6/6 18317/6/6
f 18310/2/6 18311/2/6 18318/2/6
f 18318/2/6 18311/2/6 18319/2/6
f 18312/2/6 18313/2/6 18320/2/6
f 18320/2/6 18313/2/6 18321/2/6
f 18322/2/6 18323/2/6 18326/2/6
f 18326/2/6 18323/2/6 18327/2/6
f 18324/2/6 18325/2/6 18328/2/6
f 18328/2/6 18325/2/6 18329/2/6
f 18330/6/6 18331/6/6 18336/6/6
f 18336/6/6 18331/6/6 18337/6/6
f 18332/2/6 18333/2/6 18342/2/6
f 18342/2/6 18333/2/6 18343/2/6
f 18334/2/6 18335/2/6 18344/2/6
f 18344/2/6 18335/2/6 18345/2/6
f 18346/4/6 18347/4/6 18351/4/6
f 18351/4/6 18347/4/6 18352/4/6
f 18338/6/6 18339/6/6 18354/6/6
f 18354/6/6 18339/6/6 18355/6/6
f 18340/6/6 18341/6/6 18356/6/6
f 18356/6/6 18341/6/6 18357/6/6
f 18350/4/6 18351/4/6 18360/4/6
f 18360/4/6 18351/4/6 18361/4/6
f 18352/4/6 18353/4/6 18362/4/6
f 18362/4/6 18353/4/6 18363/4/6
f 18348/2/6 18349/2/6 18366/2/6
f 18366/2/6 18349/2/6 18367/2/6
f 18358/6/6 18359/6/6 18368/6/6
f 18368/6/6 18359/6/6 18369/6/6
f 18361/4/6 18362/4/6 18370/4/6
f 18370/4/6 18362/4/6 18371/4/6
f 18364/6/6 18365/6/6 18372/6/6
f 18372/6/6 18365/6/6 18373/6/6
f 18374/6/6 18375/6/6 18378/6/6
f 18378/6/6 18375/6/6 18379/6/6
f 18376/6/6 18377/6/6 18380/6/6
f 18380/6/6 18377/6/6 18381/6/6
f 18382/6/6 18383/6/6 18386/6/6
f 18386/6/6 18383/6/6 18387/6/6
f 18388/6/6 18389/6/6 18392/6/6
f 18392/6/6 18389/6/6 18393/6/6
f 18384/2/6 18385/2/6 18394/2/6
f 18394/2/6 18385/2/6 18395/2/6
f 18390/6/6 18391/6/6 18396/6/6
f 18396/6/6 18391/6/6 18397/6/6
f 18400/2/6 18401/2/6 18410/2/6
f 18410/2/6 18401/2/6 18411/2/6
f 18408/6/6 18409/6/6 18412/6/6
f 18412/6/6 18409/6/6 18413/6/6
f 18398/6/6 18399/6/6 18414/6/6
f 18414/6/6 18399/6/6 18415/6/6
f 18411/2/6 18401/2/6 18416/2/6
f 18416/2/6 18401/2/6 18417/2/6
f 18402/2/6 18403/2/6 18418/2/6
f 18418/2/6 18403/2/6 18419/2/6
f 18404/6/6 18405/6/6 18420/6/6
f 18420/6/6 18405/6/6 18421/6/6
f 18406/6/6 18407/6/6 18422/6/6
f 18422/6/6 18407/6/6 18423/6/6
f 18424/6/6 18425/6/6 18432/6/6
f 18432/6/6 18425/6/6 18433/6/6
f 18428/6/6 18429/6/6 18434/6/6
f 18434/6/6 18429/6/6 18435/6/6
f 18430/6/6 18431/6/6 18436/6/6
f 18436/6/6 18431/6/6 18437/6/6
f 18426/2/6 18427/2/6 18438/2/6
f 18438/2/6 18427/2/6 18439/2/6
f 18440/4/6 18441/4/6 18449/4/6
f 18449/4/6 18441/4/6 18450/4/6
f 18448/4/6 18449/4/6 18452/4/6
f 18452/4/6 18449/4/6 18453/4/6
f 18450/4/6 18451/4/6 18454/4/6
f 18454/4/6 18451/4/6 18455/4/6
f 18442/6/6 18443/6/6 18456/6/6
f 18456/6/6 18443/6/6 18457/6/6
f 18444/6/6 18445/6/6 18458/6/6
f 18458/6/6 18445/6/6 18459/6/6
f 18446/6/6 18447/6/6 18460/6/6
f 18460/6/6 18447/6/6 18461/6/6
f 18453/4/6 18454/4/6 18462/4/6
f 18462/4/6 18454/4/6 18463/4/6
f 18464/6/6 18465/6/6 18466/6/6
f 18466/6/6 18465/6/6 18467/6/6
f 18468/4/6 18469/4/6 18470/4/6
f 18470/4/6 18469/4/6 18471/4/6
f 18472/4/6 18473/4/6 18474/4/6
f 18474/4/6 18473/4/6 18475/4/6
f 18475/4/6 18476/4/6 18477/4/6
f 18477/4/6 18476/4/6 18478/4/6
f 18479/6/6 18480/6/6 18481/6/6
f 18481/6/6 18480/6/6 18482/6/6
f 18483/6/6 18484/6/6 18487/6/6
f 18487/6/6 18484/6/6 18488/6/6
f 18485/6/6 18486/6/6 18489/6/6
f 18489/6/6 18486/6/6 18490/6/6
f 18491/6/6 18492/6/6 18495/6/6
f 18495/6/6 18492/6/6 18496/6/6
f 18493/3/6 18494/3/6 18497/3/6
f 18497/3/6 18494/3/6 18498/3/6
f 18499/3/6 18500/3/6 18502/3/6
f 18502/3/6 18500/3/6 18503/3/6
f 18501/3/6 18502/3/6 18504/3/6
f 18504/3/6 18502/3/6 18505/3/6
f 18506/6/6 18507/6/6 18514/6/6
f 18514/6/6 18507/6/6 18515/6/6
f 18508/6/6 18509/6/6 18516/6/6
f 18516/6/6 18509/6/6 18517/6/6
f 18510/6/6 18511/6/6 18518/6/6
f 18518/6/6 18511/6/6 18519/6/6
f 18512/6/6 18513/6/6 18524/6/6
f 18524/6/6 18513/6/6 18525/6/6
f 18520/6/6 18521/6/6 18528/6/6
f 18528/6/6 18521/6/6 18529/6/6
f 18522/6/6 18523/6/6 18530/6/6
f 18530/6/6 18523/6/6 18531/6/6
f 18526/6/6 18527/6/6 18538/6/6
f 18538/6/6 18527/6/6 18539/6/6
f 18532/6/6 18533/6/6 18544/6/6
f 18544/6/6 18533/6/6 18545/6/6
f 18540/6/6 18541/6/6 18546/6/6
f 18546/6/6 18541/6/6 18547/6/6
f 18542/6/6 18543/6/6 18548/6/6
f 18548/6/6 18543/6/6 18549/6/6
f 18534/6/6 18535/6/6 18550/6/6
f 18550/6/6 18535/6/6 18551/6/6
f 18536/6/6 18537/6/6 18552/6/6
f 18552/6/6 18537/6/6 18553/6/6
f 18554/6/6 18555/6/6 18560/6/6
f 18560/6/6 18555/6/6 18561/6/6
f 18556/6/6 18557/6/6 18562/6/6
f 18562/6/6 18557/6/6 18563/6/6
f 18558/6/6 18559/6/6 18564/6/6
f 18564/6/6 18559/6/6 18565/6/6
f 18566/6/6 18567/6/6 18570/6/6
f 18570/6/6 18567/6/6 18571/6/6
f 18568/7/6 18569/7/6 18572/7/6
f 18572/7/6 18569/7/6 18573/7/6
f 18573/7/6 18569/7/6 18574/7/6
f 18573/6/6 18574/6/6 18576/6/6
f 18575/6/6 18576/6/6 18579/6/6
f 18576/6/6 18574/6/6 18580/6/6
f 18579/6/6 18576/6/6 18580/6/6
f 18577/2/6 18578/2/6 18581/2/6
f 18581/2/6 18578/2/6 18582/2/6
f 18583/4/6 18584/4/6 18590/4/6
f 18590/4/6 18584/4/6 18591/4/6
f 18585/7/6 18586/7/6 18592/7/6
f 18586/6/6 18587/6/6 18593/6/6
f 18592/7/6 18586/7/6 18593/7/6
f 18593/6/6 18587/6/6 18594/6/6
f 18594/6/6 18587/6/6 18605/6/6
f 18605/6/6 18587/6/6 18606/6/6
f 18588/6/6 18589/6/6 18607/6/6
f 18607/6/6 18589/6/6 18608/6/6
f 18595/7/6 18596/7/6 18609/7/6
f 18609/7/6 18596/7/6 18610/7/6
f 18597/6/6 18598/6/6 18611/6/6
f 18611/6/6 18598/6/6 18612/6/6
f 18599/6/6 18600/6/6 18613/6/6
f 18613/6/6 18600/6/6 18614/6/6
f 18601/6/6 18602/6/6 18615/6/6
f 18615/6/6 18602/6/6 18616/6/6
f 18603/4/6 18604/4/6 18617/4/6
f 18617/4/6 18604/4/6 18618/4/6
f 18618/4/6 18619/4/6 18624/4/6
f 18624/4/6 18619/4/6 18625/4/6
f 18620/6/6 18621/6/6 18630/6/6
f 18630/6/6 18621/6/6 18631/6/6
f 18622/6/6 18623/6/6 18632/6/6
f 18632/6/6 18623/6/6 18633/6/6
f 18626/6/6 18627/6/6 18636/6/6
f 18636/6/6 18627/6/6 18637/6/6
f 18628/6/6 18629/6/6 18642/6/6
f 18642/6/6 18629/6/6 18643/6/6
f 18634/6/6 18635/6/6 18648/6/6
f 18648/6/6 18635/6/6 18649/6/6
f 18638/7/6 18639/7/6 18650/7/6
f 18650/7/6 18639/7/6 18651/7/6
f 18640/7/6 18641/7/6 18653/7/6
f 18653/7/6 18641/7/6 18654/7/6
f 18644/6/6 18645/6/6 18657/6/6
f 18657/6/6 18645/6/6 18658/6/6
f 18646/6/6 18647/6/6 18659/6/6
f 18659/6/6 18647/6/6 18660/6/6
f 18651/6/6 18652/6/6 18662/6/6
f 18661/6/6 18662/6/6 18669/6/6
f 18662/6/6 18652/6/6 18670/6/6
f 18669/6/6 18662/6/6 18670/6/6
f 18655/6/6 18656/6/6 18671/6/6
f 18671/6/6 18656/6/6 18672/6/6
f 18663/6/6 18664/6/6 18673/6/6
f 18673/6/6 18664/6/6 18674/6/6
f 18665/6/6 18666/6/6 18675/6/6
f 18675/6/6 18666/6/6 18676/6/6
f 18667/6/6 18668/6/6 18677/6/6
f 18677/6/6 18668/6/6 18678/6/6
f 18679/7/6 18680/7/6 18688/7/6
f 18680/6/6 18681/6/6 18689/6/6
f 18688/7/6 18680/7/6 18689/7/6
f 18689/6/6 18681/6/6 18690/6/6
f 18690/6/6 18681/6/6 18693/6/6
f 18693/6/6 18681/6/6 18694/6/6
f 18682/6/6 18683/6/6 18695/6/6
f 18695/6/6 18683/6/6 18696/6/6
f 18691/7/6 18692/7/6 18697/7/6
f 18697/7/6 18692/7/6 18698/7/6
f 18684/6/6 18685/6/6 18699/6/6
f 18699/6/6 18685/6/6 18700/6/6
f 18686/6/6 18687/6/6 18701/6/6
f 18701/6/6 18687/6/6 18702/6/6
f 18703/6/6 18704/6/6 18709/6/6
f 18709/6/6 18704/6/6 18710/6/6
f 18705/6/6 18706/6/6 18711/6/6
f 18711/6/6 18706/6/6 18712/6/6
f 18707/6/6 18708/6/6 18713/6/6
f 18713/6/6 18708/6/6 18714/6/6
f 18715/6/6 18716/6/6 18725/6/6
f 18725/6/6 18716/6/6 18726/6/6
f 18717/4/6 18718/4/6 18727/4/6
f 18727/4/6 18718/4/6 18728/4/6
f 18721/6/6 18722/6/6 18731/6/6
f 18731/6/6 18722/6/6 18732/6/6
f 18723/6/6 18724/6/6 18733/6/6
f 18733/6/6 18724/6/6 18734/6/6
f 18719/6/6 18720/6/6 18741/6/6
f 18741/6/6 18720/6/6 18742/6/6
f 18737/7/6 18738/7/6 18743/7/6
f 18743/7/6 18738/7/6 18744/7/6
f 18739/4/6 18740/4/6 18745/4/6
f 18745/4/6 18740/4/6 18746/4/6
f 18729/6/6 18730/6/6 18748/6/6
f 18748/6/6 18730/6/6 18749/6/6
f 18735/6/6 18736/6/6 18754/6/6
f 18754/6/6 18736/6/6 18755/6/6
f 18746/4/6 18747/4/6 18756/4/6
f 18756/4/6 18747/4/6 18757/4/6
f 18750/6/6 18751/6/6 18758/6/6
f 18758/6/6 18751/6/6 18759/6/6
f 18752/6/6 18753/6/6 18760/6/6
f 18760/6/6 18753/6/6 18761/6/6
f 18762/6/6 18763/6/6 18768/6/6
f 18768/6/6 18763/6/6 18769/6/6
f 18764/6/6 18765/6/6 18770/6/6
f 18770/6/6 18765/6/6 18771/6/6
f 18766/6/6 18767/6/6 18772/6/6
f 18772/6/6 18767/6/6 18773/6/6
f 18774/4/6 18775/4/6 18776/4/6
f 18774/4/6 18776/4/6 18777/4/6
f 18777/4/6 18776/4/6 18778/4/6
f 18779/4/6 18780/4/6 18783/4/6
f 18783/4/6 18780/4/6 18784/4/6
f 18781/4/6 18782/4/6 18785/4/6
f 18785/4/6 18782/4/6 18786/4/6
f 18787/4/6 18788/4/6 18789/4/6
f 18787/4/6 18789/4/6 18791/4/6
f 18789/4/6 18790/4/6 18791/4/6
f 18791/4/6 18790/4/6 18792/4/6
f 18792/4/6 18790/4/6 18793/4/6
f 18794/7/6 18795/7/6 18796/7/6
f 18796/7/6 18795/7/6 18797/7/6
f 18798/6/6 18799/6/6 18800/6/6
f 18800/6/6 18799/6/6 18801/6/6
f 18802/6/6 18803/6/6 18806/6/6
f 18806/6/6 18803/6/6 18807/6/6
f 18804/6/6 18805/6/6 18808/6/6
f 18808/6/6 18805/6/6 18809/6/6
f 18810/7/6 18811/7/6 18818/7/6
f 18818/7/6 18811/7/6 18819/7/6
f 18812/6/6 18813/6/6 18820/6/6
f 18820/6/6 18813/6/6 18821/6/6
f 18814/6/6 18815/6/6 18822/6/6
f 18822/6/6 18815/6/6 18823/6/6
f 18816/7/6 18817/7/6 18824/7/6
f 18824/7/6 18817/7/6 18825/7/6
f 18826/6/6 18827/6/6 18830/6/6
f 18830/6/6 18827/6/6 18831/6/6
f 18828/6/6 18829/6/6 18832/6/6
f 18832/6/6 18829/6/6 18833/6/6
f 18834/6/6 18835/6/6 18838/6/6
f 18838/6/6 18835/6/6 18839/6/6
f 18836/7/6 18837/7/6 18840/7/6
f 18840/7/6 18837/7/6 18841/7/6
f 18842/7/6 18843/7/6 18844/7/6
f 18844/7/6 18843/7/6 18845/7/6
f 18846/4/6 18847/4/6 18848/4/6
f 18846/4/6 18848/4/6 18849/4/6
f 18849/4/6 18848/4/6 18850/4/6
f 18851/7/6 18852/7/6 18857/7/6
f 18857/7/6 18852/7/6 18858/7/6
f 18855/6/6 18856/6/6 18861/6/6
f 18861/6/6 18856/6/6 18862/6/6
f 18859/7/6 18860/7/6 18867/7/6
f 18867/7/6 18860/7/6 18868/7/6
f 18853/7/6 18854/7/6 18869/7/6
f 18869/7/6 18854/7/6 18870/7/6
f 18863/4/6 18864/4/6 18875/4/6
f 18875/4/6 18864/4/6 18876/4/6
f 18865/4/6 18866/4/6 18877/4/6
f 18877/4/6 18866/4/6 18878/4/6
f 18871/6/6 18872/6/6 18879/6/6
f 18879/6/6 18872/6/6 18880/6/6
f 18873/6/6 18874/6/6 18881/6/6
f 18881/6/6 18874/6/6 18882/6/6
f 18883/4/6 18884/4/6 18893/4/6
f 18885/1/6 18886/1/6 18897/1/6
f 18891/7/6 18892/7/6 18898/7/6
f 18883/4/6 18893/4/6 18901/4/6
f 18893/4/6 18894/4/6 18901/4/6
f 18901/4/6 18894/4/6 18902/4/6
f 18902/4/6 18894/4/6 18903/4/6
f 18895/7/6 18896/7/6 18904/7/6
f 18904/7/6 18896/7/6 18905/7/6
f 18885/1/6 18897/1/6 18906/1/6
f 18906/1/6 18897/1/6 18907/1/6
f 18887/6/6 18888/6/6 18908/6/6
f 18908/6/6 18888/6/6 18909/6/6
f 18889/6/6 18890/6/6 18910/6/6
f 18910/6/6 18890/6/6 18911/6/6
f 18898/7/6 18892/7/6 18912/7/6
f 18912/7/6 18892/7/6 18913/7/6
f 18899/7/6 18900/7/6 18914/7/6
f 18914/7/6 18900/7/6 18915/7/6
f 18916/7/6 18917/7/6 18922/7/6
f 18922/7/6 18917/7/6 18923/7/6
f 18918/6/6 18919/6/6 18924/6/6
f 18924/6/6 18919/6/6 18925/6/6
f 18920/6/6 18921/6/6 18926/6/6
f 18926/6/6 18921/6/6 18927/6/6
f 18928/6/6 18929/6/6 18930/6/6
f 18930/6/6 18929/6/6 18931/6/6
f 18934/7/6 18935/7/6 18938/7/6
f 18938/7/6 18935/7/6 18939/7/6
f 18932/7/6 18933/7/6 18940/7/6
f 18940/7/6 18933/7/6 18941/7/6
f 18936/6/6 18937/6/6 18944/6/6
f 18944/6/6 18937/6/6 18945/6/6
f 18942/4/6 18943/4/6 18946/4/6
f 18942/4/6 18946/4/6 18951/4/6
f 18951/4/6 18946/4/6 18952/4/6
f 18947/6/6 18948/6/6 18953/6/6
f 18953/6/6 18948/6/6 18954/6/6
f 18949/6/6 18950/6/6 18955/6/6
f 18955/6/6 18950/6/6 18956/6/6
f 18957/7/6 18958/7/6 18970/7/6
f 18970/7/6 18958/7/6 18971/7/6
f 18959/7/6 18960/7/6 18976/7/6
f 18960/1/6 18961/1/6 18977/1/6
f 18976/7/6 18960/7/6 18977/7/6
f 18977/1/6 18961/1/6 18978/1/6
f 18972/4/6 18973/4/6 18979/4/6
f 18979/4/6 18973/4/6 18980/4/6
f 18974/4/6 18975/4/6 18981/4/6
f 18981/4/6 18975/4/6 18982/4/6
f 18962/7/6 18963/7/6 18983/7/6
f 18983/7/6 18963/7/6 18984/7/6
f 18964/6/6 18965/6/6 18985/6/6
f 18985/6/6 18965/6/6 18986/6/6
f 18966/6/6 18967/6/6 18987/6/6
f 18987/6/6 18967/6/6 18988/6/6
f 18968/7/6 18969/7/6 18989/7/6
f 18989/7/6 18969/7/6 18990/7/6
f 18991/4/6 18992/4/6 18997/4/6
f 18993/6/6 18994/6/6 18999/6/6
f 18999/6/6 18994/6/6 19000/6/6
f 18995/6/6 18996/6/6 19001/6/6
f 19001/6/6 18996/6/6 19002/6/6
f 18997/4/6 18998/4/6 19003/4/6
f 18991/4/6 18997/4/6 19003/4/6
f 19003/4/6 18998/4/6 19004/4/6
f 19004/4/6 18998/4/6 19005/4/6
f 19006/6/6 19007/6/6 19008/6/6
f 19008/6/6 19007/6/6 19009/6/6
f 19010/7/6 19011/7/6 19012/7/6
f 19012/7/6 19011/7/6 19013/7/6
f 19014/4/6 19015/4/6 19016/4/6
f 19016/4/6 19015/4/6 19017/4/6
f 19014/4/6 19016/4/6 19018/4/6
f 19018/4/6 19016/4/6 19019/4/6
f 19020/4/6 19021/4/6 19025/4/6
f 19021/4/6 19022/4/6 19025/4/6
f 19025/4/6 19022/4/6 19026/4/6
f 19023/4/6 19024/4/6 19027/4/6
f 19027/4/6 19024/4/6 19028/4/6
f 19029/4/6 19030/4/6 19031/4/6
f 19029/4/6 19031/4/6 19033/4/6
f 19031/4/6 19032/4/6 19033/4/6
f 19033/4/6 19032/4/6 19034/4/6
f 19035/7/6 19036/7/6 19037/7/6
f 19037/7/6 19036/7/6 19038/7/6
f 19038/7/6 19036/7/6 19039/7/6
f 19040/6/6 19041/6/6 19042/6/6
f 19042/6/6 19041/6/6 19043/6/6
f 19044/7/6 19045/7/6 19052/7/6
f 19052/7/6 19045/7/6 19053/7/6
f 19046/6/6 19047/6/6 19054/6/6
f 19054/6/6 19047/6/6 19055/6/6
f 19048/6/6 19049/6/6 19056/6/6
f 19056/6/6 19049/6/6 19057/6/6
f 19050/7/6 19051/7/6 19058/7/6
f 19058/7/6 19051/7/6 19059/7/6
f 19060/6/6 19061/6/6 19064/6/6
f 19064/6/6 19061/6/6 19065/6/6
f 19062/1/6 19063/1/6 19066/1/6
f 19066/1/6 19063/1/6 19067/1/6
f 19067/1/6 19063/1/6 19068/1/6
f 19069/4/6 19070/4/6 19071/4/6
f 19071/4/6 19070/4/6 19072/4/6
f 19069/4/6 19071/4/6 19073/4/6
f 19073/4/6 19071/4/6 19074/4/6
f 19075/7/6 19076/7/6 19079/7/6
f 19079/7/6 19076/7/6 19080/7/6
f 19077/6/6 19078/6/6 19081/6/6
f 19081/6/6 19078/6/6 19082/6/6
f 19083/4/6 19084/4/6 19087/4/6
f 19087/4/6 19084/4/6 19088/4/6
f 19085/4/6 19086/4/6 19089/4/6
f 19089/4/6 19086/4/6 19090/4/6
f 19091/7/6 19092/7/6 19099/7/6
f 19099/7/6 19092/7/6 19100/7/6
f 19097/7/6 19098/7/6 19101/7/6
f 19101/7/6 19098/7/6 19102/7/6
f 19099/1/6 19100/1/6 19105/1/6
f 19105/1/6 19100/1/6 19106/1/6
f 19093/6/6 19094/6/6 19107/6/6
f 19107/6/6 19094/6/6 19108/6/6
f 19095/6/6 19096/6/6 19109/6/6
f 19109/6/6 19096/6/6 19110/6/6
f 19101/1/6 19102/1/6 19111/1/6
f 19111/1/6 19102/1/6 19112/1/6
f 19103/4/6 19104/4/6 19115/4/6
f 19113/7/6 19114/7/6 19117/7/6
f 19117/7/6 19114/7/6 19118/7/6
f 19118/7/6 19114/7/6 19119/7/6
f 19115/4/6 19116/4/6 19120/4/6
f 19103/4/6 19115/4/6 19120/4/6
f 19120/4/6 19116/4/6 19121/4/6
f 19122/6/6 19123/6/6 19124/6/6
f 19124/6/6 19123/6/6 19125/6/6
f 19126/6/6 19127/6/6 19130/6/6
f 19130/6/6 19127/6/6 19131/6/6
f 19128/4/6 19129/4/6 19132/4/6
f 19132/4/6 19129/4/6 19133/4/6
f 19128/4/6 19132/4/6 19134/4/6
f 19134/4/6 19132/4/6 19135/4/6
f 19136/1/6 19137/1/6 19139/1/6
f 19137/1/6 19138/1/6 19139/1/6
f 19139/1/6 19138/1/6 19140/1/6
f 19149/4/6 19150/4/6 19154/4/6
f 19150/4/6 19151/4/6 19154/4/6
f 19154/4/6 19151/4/6 19155/4/6
f 19152/4/6 19153/4/6 19156/4/6
f 19156/4/6 19153/4/6 19157/4/6
f 19141/7/6 19142/7/6 19158/7/6
f 19158/7/6 19142/7/6 19159/7/6
f 19143/6/6 19144/6/6 19160/6/6
f 19160/6/6 19144/6/6 19161/6/6
f 19145/6/6 19146/6/6 19162/6/6
f 19162/6/6 19146/6/6 19163/6/6
f 19147/7/6 19148/7/6 19164/7/6
f 19164/7/6 19148/7/6 19165/7/6
f 19166/4/6 19167/4/6 19168/4/6
f 19166/4/6 19168/4/6 19172/4/6
f 19168/4/6 19169/4/6 19172/4/6
f 19172/4/6 19169/4/6 19173/4/6
f 19170/6/6 19171/6/6 19174/6/6
f 19174/6/6 19171/6/6 19175/6/6
f 19176/7/6 19177/7/6 19178/7/6
f 19178/7/6 19177/7/6 19179/7/6
f 19180/4/6 19181/4/6 19182/4/6
f 19182/4/6 19181/4/6 19183/4/6
f 19184/4/6 19185/4/6 19186/4/6
f 19186/4/6 19185/4/6 19187/4/6
f 19188/6/6 19189/6/6 19191/6/6
f 19189/7/6 19190/7/6 19192/7/6
f 19191/6/6 19189/6/6 19192/6/6
f 19192/7/6 19190/7/6 19193/7/6
f 19194/6/6 19195/6/6 19196/6/6
f 19196/6/6 19195/6/6 19197/6/6
f 19198/7/6 19199/7/6 19206/7/6
f 19204/7/6 19205/7/6 19207/7/6
f 19198/7/6 19206/7/6 19208/7/6
f 19208/7/6 19206/7/6 19209/7/6
f 19200/6/6 19201/6/6 19210/6/6
f 19210/6/6 19201/6/6 19211/6/6
f 19202/6/6 19203/6/6 19212/6/6
f 19212/6/6 19203/6/6 19213/6/6
f 19207/7/6 19205/7/6 19214/7/6
f 19214/7/6 19205/7/6 19215/7/6
f 19216/6/6 19217/6/6 19221/6/6
f 19221/6/6 19217/6/6 19222/6/6
f 19218/6/6 19219/6/6 19223/6/6
f 19219/7/6 19220/7/6 19224/7/6
f 19223/6/6 19219/6/6 19224/6/6
f 19224/7/6 19220/7/6 19225/7/6
f 19226/7/6 19227/7/6 19231/7/6
f 19227/7/6 19228/7/6 19231/7/6
f 19231/7/6 19228/7/6 19232/7/6
f 19229/6/6 19230/6/6 19233/6/6
f 19233/6/6 19230/6/6 19234/6/6
f 19235/4/6 19236/4/6 19237/4/6
f 19237/4/6 19236/4/6 19238/4/6
f 19239/4/6 19240/4/6 19241/4/6
f 19241/4/6 19240/4/6 19242/4/6
f 19243/1/6 19244/1/6 19251/1/6
f 19249/7/6 19250/7/6 19252/7/6
f 19252/7/6 19250/7/6 19253/7/6
f 19243/1/6 19251/1/6 19254/1/6
f 19254/1/6 19251/1/6 19255/1/6
f 19245/6/6 19246/6/6 19256/6/6
f 19256/6/6 19246/6/6 19257/6/6
f 19247/6/6 19248/6/6 19258/6/6
f 19258/6/6 19248/6/6 19259/6/6
f 19252/1/6 19253/1/6 19260/1/6
f 19260/1/6 19253/1/6 19261/1/6
f 19262/6/6 19263/6/6 19265/6/6
f 19263/7/6 19264/7/6 19266/7/6
f 19265/6/6 19263/6/6 19266/6/6
f 19266/7/6 19264/7/6 19267/7/6
f 19268/6/6 19269/6/6 19272/6/6
f 19272/6/6 19269/6/6 19273/6/6
f 19270/6/6 19271/6/6 19274/6/6
f 19274/6/6 19271/6/6 19275/6/6
f 19276/7/6 19277/7/6 19279/7/6
f 19277/1/6 19278/1/6 19280/1/6
f 19279/7/6 19277/7/6 19280/7/6
f 19280/1/6 19278/1/6 19281/1/6
f 19282/4/6 19283/4/6 19292/4/6
f 19292/4/6 19283/4/6 19293/4/6
f 19284/7/6 19285/7/6 19296/7/6
f 19290/7/6 19291/7/6 19297/7/6
f 19294/4/6 19295/4/6 19298/4/6
f 19298/4/6 19295/4/6 19299/4/6
f 19284/7/6 19296/7/6 19300/7/6
f 19300/7/6 19296/7/6 19301/7/6
f 19286/6/6 19287/6/6 19302/6/6
f 19302/6/6 19287/6/6 19303/6/6
f 19288/6/6 19289/6/6 19304/6/6
f 19304/6/6 19289/6/6 19305/6/6
f 19297/7/6 19291/7/6 19306/7/6
f 19306/7/6 19291/7/6 19307/7/6
f 19308/6/6 19309/6/6 19310/6/6
f 19310/6/6 19309/6/6 19311/6/6
f 19312/7/6 19313/7/6 19315/7/6
f 19313/7/6 19314/7/6 19315/7/6
f 19315/7/6 19314/7/6 19316/7/6
f 19317/4/6 19318/4/6 19319/4/6
f 19317/4/6 19319/4/6 19320/4/6
f 19320/4/6 19319/4/6 19321/4/6
f 19322/6/6 19323/6/6 19324/6/6
f 19324/6/6 19323/6/6 19325/6/6
f 19326/7/6 19327/7/6 19331/7/6
f 19327/6/6 19328/6/6 19332/6/6
f 19331/7/6 19327/7/6 19332/7/6
f 19329/6/6 19330/6/6 19333/6/6
f 19333/6/6 19330/6/6 19334/6/6
f 19331/6/6 19332/6/6 19335/6/6
f 19332/6/6 19328/6/6 19336/6/6
f 19335/6/6 19332/6/6 19336/6/6
f 19329/6/6 19333/6/6 19337/6/6
f 19333/7/6 19334/7/6 19338/7/6
f 19337/6/6 19333/6/6 19338/6/6
f 19338/7/6 19334/7/6 19339/7/6
f 19340/6/6 19341/6/6 19344/6/6
f 19344/6/6 19341/6/6 19345/6/6
f 19340/6/6 19344/6/6 19346/6/6
f 19344/7/6 19345/7/6 19347/7/6
f 19346/6/6 19344/6/6 19347/6/6
f 19347/7/6 19345/7/6 19348/7/6
f 19342/6/6 19343/6/6 19349/6/6
f 19349/6/6 19343/6/6 19350/6/6
f 19351/4/6 19352/4/6 19353/4/6
f 19351/4/6 19353/4/6 19354/4/6
f 19354/4/6 19353/4/6 19355/4/6
f 19356/1/6 19357/1/6 19361/1/6
f 19357/6/6 19358/6/6 19362/6/6
f 19361/1/6 19357/1/6 19362/1/6
f 19359/6/6 19360/6/6 19363/6/6
f 19363/6/6 19360/6/6 19364/6/6
f 19361/6/6 19362/6/6 19365/6/6
f 19362/6/6 19358/6/6 19366/6/6
f 19365/6/6 19362/6/6 19366/6/6
f 19359/6/6 19363/6/6 19367/6/6
f 19363/7/6 19364/7/6 19368/7/6
f 19367/6/6 19363/6/6 19368/6/6
f 19368/7/6 19364/7/6 19369/7/6
f 19370/6/6 19371/6/6 19372/6/6
f 19372/6/6 19371/6/6 19373/6/6
f 19374/6/6 19375/6/6 19376/6/6
f 19376/6/6 19375/6/6 19377/6/6
f 19374/6/6 19376/6/6 19378/6/6
f 19376/1/6 19377/1/6 19379/1/6
f 19378/6/6 19376/6/6 19379/6/6
f 19379/1/6 19377/1/6 19380/1/6
f 19381/4/6 19382/4/6 19388/4/6
f 19383/7/6 19384/7/6 19389/7/6
f 19384/6/6 19385/6/6 19390/6/6
f 19389/7/6 19384/7/6 19390/7/6
f 19386/6/6 19387/6/6 19391/6/6
f 19391/6/6 19387/6/6 19392/6/6
f 19381/4/6 19388/4/6 19393/4/6
f 19393/4/6 19388/4/6 19394/4/6
f 19389/6/6 19390/6/6 19395/6/6
f 19390/6/6 19385/6/6 19396/6/6
f 19395/6/6 19390/6/6 19396/6/6
f 19386/6/6 19391/6/6 19397/6/6
f 19391/7/6 19392/7/6 19398/7/6
f 19397/6/6 19391/6/6 19398/6/6
f 19398/7/6 19392/7/6 19399/7/6
f 19400/6/6 19401/6/6 19402/6/6
f 19402/6/6 19401/6/6 19403/6/6
f 19400/6/6 19402/6/6 19404/6/6
f 19402/7/6 19403/7/6 19405/7/6
f 19404/6/6 19402/6/6 19405/6/6
f 19405/7/6 19403/7/6 19406/7/6
f 19407/4/6 19408/4/6 19409/4/6
f 19409/4/6 19408/4/6 19410/4/6
f 19411/2/6 19412/2/6 19413/2/6
f 19413/2/6 19412/2/6 19414/2/6
f 19415/2/6 19416/2/6 19420/2/6
f 19420/2/6 19416/2/6 19421/2/6
f 19417/2/6 19418/2/6 19425/2/6
f 19425/2/6 19418/2/6 19426/2/6
f 19419/2/6 19420/2/6 19427/2/6
f 19427/2/6 19420/2/6 19428/2/6
f 19421/2/6 19422/2/6 19429/2/6
f 19429/2/6 19422/2/6 19430/2/6
f 19423/2/6 19424/2/6 19431/2/6
f 19431/2/6 19424/2/6 19432/2/6
f 19428/2/6 19429/2/6 19433/2/6
f 19433/2/6 19429/2/6 19434/2/6
f 19435/2/6 19436/2/6 19437/2/6
f 19437/2/6 19436/2/6 19438/2/6
f 19439/4/6 19440/4/6 19441/4/6
f 19441/4/6 19440/4/6 19442/4/6
f 19443/4/6 19444/4/6 19445/4/6
f 19445/4/6 19444/4/6 19446/4/6
f 19447/4/6 19448/4/6 19449/4/6
f 19449/4/6 19448/4/6 19450/4/6
f 19451/2/6 19452/2/6 19453/2/6
f 19453/2/6 19452/2/6 19454/2/6
f 19455/2/6 19456/2/6 19459/2/6
f 19459/2/6 19456/2/6 19460/2/6
f 19460/2/6 19456/2/6 19461/2/6
f 19461/2/6 19456/2/6 19462/2/6
f 19457/2/6 19458/2/6 19463/2/6
f 19463/2/6 19458/2/6 19464/2/6
f 19465/2/6 19466/2/6 19467/2/6
f 19467/2/6 19466/2/6 19468/2/6
f 19465/2/6 19467/2/6 19470/2/6
f 19468/3/6 19469/3/6 19471/3/6
f 19471/3/6 19469/3/6 19472/3/6
f 19465/2/6 19470/2/6 19473/2/6
f 19470/2/6 19471/2/6 19473/2/6
f 19473/2/6 19471/2/6 19474/2/6
f 19474/2/6 19471/2/6 19475/2/6
f 19473/3/6 19474/3/6 19476/3/6
f 19476/3/6 19474/3/6 19477/3/6
f 19478/4/6 19479/4/6 19480/4/6
f 19480/4/6 19479/4/6 19481/4/6
f 19482/6/6 19483/6/6 19485/6/6
f 19485/6/6 19483/6/6 19486/6/6
f 19484/6/6 19485/6/6 19488/6/6
f 19488/6/6 19485/6/6 19489/6/6
f 19486/6/6 19487/6/6 19490/6/6
f 19490/6/6 19487/6/6 19491/6/6
f 19489/6/6 19490/6/6 19492/6/6
f 19492/6/6 19490/6/6 19493/6/6
f 19494/4/6 19495/4/6 19496/4/6
f 19496/4/6 19495/4/6 19497/4/6
f 19498/3/6 19499/3/6 19500/3/6
f 19500/3/6 19499/3/6 19501/3/6
f 19502/3/6 19503/3/6 19504/3/6
f 19504/3/6 19503/3/6 19505/3/6
f 19506/6/6 19507/6/6 19508/6/6
f 19508/6/6 19507/6/6 19509/6/6
f 19510/6/6 19511/6/6 19514/6/6
f 19514/6/6 19511/6/6 19515/6/6
f 19512/6/6 19513/6/6 19516/6/6
f 19516/6/6 19513/6/6 19517/6/6
f 19518/6/6 19519/6/6 19520/6/6
f 19520/6/6 19519/6/6 19521/6/6
f 19522/6/6 19523/6/6 19528/6/6
f 19528/6/6 19523/6/6 19529/6/6
f 19524/6/6 19525/6/6 19530/6/6
f 19530/6/6 19525/6/6 19531/6/6
f 19526/6/6 19527/6/6 19532/6/6
f 19532/6/6 19527/6/6 19533/6/6
f 19534/6/6 19535/6/6 19540/6/6
f 19540/6/6 19535/6/6 19541/6/6
f 19536/6/6 19537/6/6 19542/6/6
f 19542/6/6 19537/6/6 19543/6/6
f 19538/6/6 19539/6/6 19546/6/6
f 19546/6/6 19539/6/6 19547/6/6
f 19544/6/6 19545/6/6 19552/6/6
f 19552/6/6 19545/6/6 19553/6/6
f 19548/6/6 19549/6/6 19554/6/6
f 19554/6/6 19549/6/6 19555/6/6
f 19550/6/6 19551/6/6 19556/6/6
f 19556/6/6 19551/6/6 19557/6/6
f 19558/6/6 19559/6/6 19564/6/6
f 19564/6/6 19559/6/6 19565/6/6
f 19560/6/6 19561/6/6 19566/6/6
f 19566/6/6 19561/6/6 19567/6/6
f 19562/6/6 19563/6/6 19568/6/6
f 19568/6/6 19563/6/6 19569/6/6
f 19570/7/6 19571/7/6 19573/7/6
f 19571/1/6 19572/1/6 19574/1/6
f 19573/7/6 19571/7/6 19574/7/6
f 19574/1/6 19572/1/6 19575/1/6
f 19576/6/6 19577/6/6 19578/6/6
f 19578/6/6 19577/6/6 19579/6/6
f 19580/6/6 19581/6/6 19584/6/6
f 19584/6/6 19581/6/6 19585/6/6
f 19582/6/6 19583/6/6 19586/6/6
f 19586/6/6 19583/6/6 19587/6/6
f 19594/1/6 19595/1/6 19596/1/6
f 19596/1/6 19595/1/6 19597/1/6
f 19588/7/6 19589/7/6 19598/7/6
f 19598/7/6 19589/7/6 19599/7/6
f 19590/6/6 19591/6/6 19600/6/6
f 19600/6/6 19591/6/6 19601/6/6
f 19592/6/6 19593/6/6 19602/6/6
f 19602/6/6 19593/6/6 19603/6/6
f 19596/7/6 19597/7/6 19604/7/6
f 19604/7/6 19597/7/6 19605/7/6
f 19606/6/6 19607/6/6 19610/6/6
f 19610/6/6 19607/6/6 19611/6/6
f 19608/6/6 19609/6/6 19612/6/6
f 19612/6/6 19609/6/6 19613/6/6
f 19614/6/6 19615/6/6 19616/6/6
f 19616/6/6 19615/6/6 19617/6/6
f 19618/1/6 19619/1/6 19621/1/6
f 19619/7/6 19620/7/6 19622/7/6
f 19621/1/6 19619/1/6 19622/1/6
f 19622/7/6 19620/7/6 19623/7/6
f 19624/2/6 19625/2/6 19626/2/6
f 19626/2/6 19625/2/6 19627/2/6
f 19628/1/6 19629/1/6 19631/1/6
f 19629/7/6 19630/7/6 19632/7/6
f 19631/1/6 19629/1/6 19632/1/6
f 19632/7/6 19630/7/6 19633/7/6
f 19634/6/6 19635/6/6 19636/6/6
f 19636/6/6 19635/6/6 19637/6/6
f 19638/1/6 19639/1/6 19646/1/6
f 19644/7/6 19645/7/6 19647/7/6
f 19647/7/6 19645/7/6 19648/7/6
f 19638/1/6 19646/1/6 19649/1/6
f 19649/1/6 19646/1/6 19650/1/6
f 19640/6/6 19641/6/6 19651/6/6
f 19651/6/6 19641/6/6 19652/6/6
f 19642/6/6 19643/6/6 19653/6/6
f 19653/6/6 19643/6/6 19654/6/6
f 19647/1/6 19648/1/6 19655/1/6
f 19655/1/6 19648/1/6 19656/1/6
f 19657/6/6 19658/6/6 19659/6/6
f 19659/6/6 19658/6/6 19660/6/6
f 19661/1/6 19662/1/6 19664/1/6
f 19662/1/6 19663/1/6 19664/1/6
f 19664/1/6 19663/1/6 19665/1/6
f 19666/2/6 19667/2/6 19669/2/6
f 19669/2/6 19667/2/6 19670/2/6
f 19668/2/6 19669/2/6 19672/2/6
f 19672/2/6 19669/2/6 19673/2/6
f 19670/2/6 19671/2/6 19674/2/6
f 19674/2/6 19671/2/6 19675/2/6
f 19673/2/6 19674/2/6 19676/2/6
f 19676/2/6 19674/2/6 19677/2/6
f 19678/6/6 19679/6/6 19681/6/6
f 19679/1/6 19680/1/6 19682/1/6
f 19681/6/6 19679/6/6 19682/6/6
f 19682/1/6 19680/1/6 19683/1/6
f 19684/6/6 19685/6/6 19686/6/6
f 19686/6/6 19685/6/6 19687/6/6
f 19688/1/6 19689/1/6 19696/1/6
f 19696/1/6 19689/1/6 19697/1/6
f 19694/1/6 19695/1/6 19698/1/6
f 19696/7/6 19697/7/6 19699/7/6
f 19699/7/6 19697/7/6 19700/7/6
f 19690/6/6 19691/6/6 19701/6/6
f 19701/6/6 19691/6/6 19702/6/6
f 19692/6/6 19693/6/6 19703/6/6
f 19703/6/6 19693/6/6 19704/6/6
f 19698/1/6 19695/1/6 19705/1/6
f 19705/1/6 19695/1/6 19706/1/6
f 19707/6/6 19708/6/6 19709/6/6
f 19709/6/6 19708/6/6 19710/6/6
f 19711/7/6 19712/7/6 19714/7/6
f 19712/1/6 19713/1/6 19715/1/6
f 19714/7/6 19712/7/6 19715/7/6
f 19715/1/6 19713/1/6 19716/1/6
f 19717/3/6 19718/3/6 19719/3/6
f 19719/3/6 19718/3/6 19720/3/6
f 19719/2/6 19720/2/6 19722/2/6
f 19720/2/6 19721/2/6 19722/2/6
f 19722/2/6 19721/2/6 19723/2/6
f 19724/2/6 19725/2/6 19728/2/6
f 19728/2/6 19725/2/6 19729/2/6
f 19726/2/6 19727/2/6 19730/2/6
f 19730/2/6 19727/2/6 19731/2/6
f 19732/3/6 19733/3/6 19736/3/6
f 19736/3/6 19733/3/6 19737/3/6
f 19734/2/6 19735/2/6 19738/2/6
f 19738/2/6 19735/2/6 19739/2/6
f 19740/6/6 19741/6/6 19742/6/6
f 19742/6/6 19741/6/6 19743/6/6
f 19744/1/6 19745/1/6 19749/1/6
f 19745/6/6 19746/6/6 19750/6/6
f 19749/1/6 19745/1/6 19750/1/6
f 19747/6/6 19748/6/6 19751/6/6
f 19751/6/6 19748/6/6 19752/6/6
f 19749/6/6 19750/6/6 19753/6/6
f 19750/6/6 19746/6/6 19754/6/6
f 19753/6/6 19750/6/6 19754/6/6
f 19747/6/6 19751/6/6 19755/6/6
f 19751/1/6 19752/1/6 19756/1/6
f 19755/6/6 19751/6/6 19756/6/6
f 19756/1/6 19752/1/6 19757/1/6
f 19758/6/6 19759/6/6 19760/6/6
f 19760/6/6 19759/6/6 19761/6/6
f 19758/6/6 19760/6/6 19762/6/6
f 19760/1/6 19761/1/6 19763/1/6
f 19762/6/6 19760/6/6 19763/6/6
f 19763/1/6 19761/1/6 19764/1/6
f 19765/3/6 19766/3/6 19767/3/6
f 19767/3/6 19766/3/6 19768/3/6
f 19768/3/6 19766/3/6 19769/3/6
f 19769/3/6 19766/3/6 19770/3/6
f 19771/4/6 19772/4/6 19773/4/6
f 19773/4/6 19772/4/6 19774/4/6
f 19775/4/6 19776/4/6 19777/4/6
f 19777/4/6 19776/4/6 19778/4/6
f 19779/2/6 19780/2/6 19782/2/6
f 19782/2/6 19780/2/6 19783/2/6
f 19781/2/6 19782/2/6 19786/2/6
f 19786/2/6 19782/2/6 19787/2/6
f 19784/4/6 19785/4/6 19788/4/6
f 19788/4/6 19785/4/6 19789/4/6
f 19790/4/6 19791/4/6 19793/4/6
f 19793/4/6 19791/4/6 19794/4/6
f 19792/2/6 19793/2/6 19795/2/6
f 19795/2/6 19793/2/6 19796/2/6
f 19797/2/6 19798/2/6 19800/2/6
f 19800/2/6 19798/2/6 19801/2/6
f 19801/2/6 19798/2/6 19802/2/6
f 19799/2/6 19800/2/6 19806/2/6
f 19802/2/6 19803/2/6 19807/2/6
f 19799/2/6 19806/2/6 19809/2/6
f 19809/2/6 19806/2/6 19810/2/6
f 19807/2/6 19803/2/6 19812/2/6
f 19812/2/6 19803/2/6 19813/2/6
f 19804/2/6 19805/2/6 19814/2/6
f 19814/2/6 19805/2/6 19815/2/6
f 19808/4/6 19809/4/6 19816/4/6
f 19816/4/6 19809/4/6 19817/4/6
f 19810/2/6 19811/2/6 19818/2/6
f 19811/2/6 19812/2/6 19818/2/6
f 19818/2/6 19812/2/6 19819/2/6
f 19820/2/6 19821/2/6 19824/2/6
f 19824/2/6 19821/2/6 19825/2/6
f 19822/6/6 19823/6/6 19827/6/6
f 19827/6/6 19823/6/6 19828/6/6
f 19824/4/6 19825/4/6 19830/4/6
f 19830/4/6 19825/4/6 19831/4/6
f 19826/6/6 19827/6/6 19832/6/6
f 19832/6/6 19827/6/6 19833/6/6
f 19828/6/6 19829/6/6 19834/6/6
f 19834/6/6 19829/6/6 19835/6/6
f 19833/6/6 19834/6/6 19836/6/6
f 19836/6/6 19834/6/6 19837/6/6
f 19838/4/6 19839/4/6 19841/4/6
f 19841/4/6 19839/4/6 19842/4/6
f 19840/2/6 19841/2/6 19843/2/6
f 19841/2/6 19842/2/6 19843/2/6
f 19843/2/6 19842/2/6 19844/2/6
f 19845/2/6 19846/2/6 19849/2/6
f 19849/2/6 19846/2/6 19850/2/6
f 19847/2/6 19848/2/6 19851/2/6
f 19851/2/6 19848/2/6 19852/2/6
f 19853/2/6 19854/2/6 19857/2/6
f 19857/2/6 19854/2/6 19858/2/6
f 19858/2/6 19854/2/6 19859/2/6
f 19855/6/6 19856/6/6 19860/6/6
f 19860/6/6 19856/6/6 19861/6/6
f 19857/4/6 19858/4/6 19862/4/6
f 19862/4/6 19858/4/6 19863/4/6
f 19864/6/6 19865/6/6 19868/6/6
f 19868/6/6 19865/6/6 19869/6/6
f 19866/6/6 19867/6/6 19870/6/6
f 19870/6/6 19867/6/6 19871/6/6
f 19872/6/6 19873/6/6 19874/6/6
f 19874/6/6 19873/6/6 19875/6/6
f 19876/6/6 19877/6/6 19882/6/6
f 19882/6/6 19877/6/6 19883/6/6
f 19878/6/6 19879/6/6 19884/6/6
f 19884/6/6 19879/6/6 19885/6/6
f 19880/6/6 19881/6/6 19886/6/6
f 19886/6/6 19881/6/6 19887/6/6
f 19888/6/6 19889/6/6 19894/6/6
f 19894/6/6 19889/6/6 19895/6/6
f 19890/6/6 19891/6/6 19896/6/6
f 19896/6/6 19891/6/6 19897/6/6
f 19892/6/6 19893/6/6 19900/6/6
f 19900/6/6 19893/6/6 19901/6/6
f 19898/6/6 19899/6/6 19906/6/6
f 19906/6/6 19899/6/6 19907/6/6
f 19902/6/6 19903/6/6 19908/6/6
f 19908/6/6 19903/6/6 19909/6/6
f 19904/6/6 19905/6/6 19910/6/6
f 19910/6/6 19905/6/6 19911/6/6
f 19912/6/6 19913/6/6 19918/6/6
f 19918/6/6 19913/6/6 19919/6/6
f 19914/6/6 19915/6/6 19920/6/6
f 19920/6/6 19915/6/6 19921/6/6
f 19916/6/6 19917/6/6 19922/6/6
f 19922/6/6 19917/6/6 19923/6/6
f 19924/7/6 19925/7/6 19926/7/6
f 19926/7/6 19925/7/6 19927/7/6
f 19927/7/6 19925/7/6 19928/7/6
f 19929/6/6 19930/6/6 19931/6/6
f 19931/6/6 19930/6/6 19932/6/6
f 19933/6/6 19934/6/6 19937/6/6
f 19937/6/6 19934/6/6 19938/6/6
f 19935/6/6 19936/6/6 19939/6/6
f 19939/6/6 19936/6/6 19940/6/6
f 19941/1/6 19942/1/6 19949/1/6
f 19949/1/6 19942/1/6 19950/1/6
f 19947/7/6 19948/7/6 19951/7/6
f 19951/7/6 19948/7/6 19952/7/6
f 19949/7/6 19950/7/6 19953/7/6
f 19953/7/6 19950/7/6 19954/7/6
f 19943/6/6 19944/6/6 19955/6/6
f 19955/6/6 19944/6/6 19956/6/6
f 19945/6/6 19946/6/6 19957/6/6
f 19957/6/6 19946/6/6 19958/6/6
f 19951/1/6 19952/1/6 19959/1/6
f 19959/1/6 19952/1/6 19960/1/6
f 19961/6/6 19962/6/6 19965/6/6
f 19965/6/6 19962/6/6 19966/6/6
f 19963/6/6 19964/6/6 19967/6/6
f 19967/6/6 19964/6/6 19968/6/6
f 19969/6/6 19970/6/6 19971/6/6
f 19971/6/6 19970/6/6 19972/6/6
f 19973/1/6 19974/1/6 19976/1/6
f 19974/1/6 19975/1/6 19976/1/6
f 19976/1/6 19975/1/6 19977/1/6
f 19978/7/6 19979/7/6 19981/7/6
f 19979/1/6 19980/1/6 19982/1/6
f 19981/7/6 19979/7/6 19982/7/6
f 19982/1/6 19980/1/6 19983/1/6
f 19984/6/6 19985/6/6 19986/6/6
f 19986/6/6 19985/6/6 19987/6/6
f 19988/1/6 19989/1/6 19996/1/6
f 19996/1/6 19989/1/6 19997/1/6
f 19996/7/6 19997/7/6 19998/7/6
f 19998/7/6 19997/7/6 19999/7/6
f 19990/6/6 19991/6/6 20000/6/6
f 20000/6/6 19991/6/6 20001/6/6
f 19992/6/6 19993/6/6 20002/6/6
f 20002/6/6 19993/6/6 20003/6/6
f 19994/1/6 19995/1/6 20004/1/6
f 20004/1/6 19995/1/6 20005/1/6
f 20006/6/6 20007/6/6 20008/6/6
f 20008/6/6 20007/6/6 20009/6/6
f 20010/1/6 20011/1/6 20013/1/6
f 20011/7/6 20012/7/6 20014/7/6
f 20013/1/6 20011/1/6 20014/1/6
f 20014/7/6 20012/7/6 20015/7/6
f 20016/6/6 20017/6/6 20019/6/6
f 20017/7/6 20018/7/6 20020/7/6
f 20019/6/6 20017/6/6 20020/6/6
f 20020/7/6 20018/7/6 20021/7/6
f 20022/6/6 20023/6/6 20024/6/6
f 20024/6/6 20023/6/6 20025/6/6
f 20026/1/6 20027/1/6 20034/1/6
f 20032/1/6 20033/1/6 20035/1/6
f 20026/1/6 20034/1/6 20036/1/6
f 20036/1/6 20034/1/6 20037/1/6
f 20028/6/6 20029/6/6 20038/6/6
f 20038/6/6 20029/6/6 20039/6/6
f 20030/6/6 20031/6/6 20040/6/6
f 20040/6/6 20031/6/6 20041/6/6
f 20035/1/6 20033/1/6 20042/1/6
f 20042/1/6 20033/1/6 20043/1/6
f 20044/6/6 20045/6/6 20046/6/6
f 20046/6/6 20045/6/6 20047/6/6
f 20048/1/6 20049/1/6 20051/1/6
f 20049/1/6 20050/1/6 20051/1/6
f 20051/1/6 20050/1/6 20052/1/6
f 20053/6/6 20054/6/6 20055/6/6
f 20055/6/6 20054/6/6 20056/6/6
f 20057/7/6 20058/7/6 20062/7/6
f 20058/6/6 20059/6/6 20063/6/6
f 20062/7/6 20058/7/6 20063/7/6
f 20060/6/6 20061/6/6 20064/6/6
f 20064/6/6 20061/6/6 20065/6/6
f 20062/6/6 20063/6/6 20066/6/6
f 20063/6/6 20059/6/6 20067/6/6
f 20066/6/6 20063/6/6 20067/6/6
f 20060/6/6 20064/6/6 20068/6/6
f 20064/7/6 20065/7/6 20069/7/6
f 20068/6/6 20064/6/6 20069/6/6
f 20069/7/6 20065/7/6 20070/7/6
f 20071/6/6 20072/6/6 20073/6/6
f 20073/6/6 20072/6/6 20074/6/6
f 20071/6/6 20073/6/6 20075/6/6
f 20073/1/6 20074/1/6 20076/1/6
f 20075/6/6 20073/6/6 20076/6/6
f 20076/1/6 20074/1/6 20077/1/6
f 20078/6/6 20079/6/6 20081/6/6
f 20081/6/6 20079/6/6 20082/6/6
f 20080/6/6 20081/6/6 20084/6/6
f 20084/6/6 20081/6/6 20085/6/6
f 20082/6/6 20083/6/6 20086/6/6
f 20086/6/6 20083/6/6 20087/6/6
f 20085/6/6 20086/6/6 20088/6/6
f 20088/6/6 20086/6/6 20089/6/6
f 20090/6/6 20091/6/6 20092/6/6
f 20092/6/6 20091/6/6 20093/6/6
f 20094/6/6 20095/6/6 20098/6/6
f 20098/6/6 20095/6/6 20099/6/6
f 20096/6/6 20097/6/6 20100/6/6
f 20100/6/6 20097/6/6 20101/6/6
f 20102/6/6 20103/6/6 20104/6/6
f 20104/6/6 20103/6/6 20105/6/6
f 20106/6/6 20107/6/6 20112/6/6
f 20112/6/6 20107/6/6 20113/6/6
f 20108/6/6 20109/6/6 20114/6/6
f 20114/6/6 20109/6/6 20115/6/6
f 20110/6/6 20111/6/6 20116/6/6
f 20116/6/6 20111/6/6 20117/6/6
f 20118/6/6 20119/6/6 20124/6/6
f 20124/6/6 20119/6/6 20125/6/6
f 20120/6/6 20121/6/6 20126/6/6
f 20126/6/6 20121/6/6 20127/6/6
f 20122/6/6 20123/6/6 20130/6/6
f 20130/6/6 20123/6/6 20131/6/6
f 20125/6/6 20126/6/6 20133/6/6
f 20133/6/6 20126/6/6 20134/6/6
f 20128/6/6 20129/6/6 20136/6/6
f 20136/6/6 20129/6/6 20137/6/6
f 20132/6/6 20133/6/6 20138/6/6
f 20138/6/6 20133/6/6 20139/6/6
f 20134/6/6 20135/6/6 20140/6/6
f 20140/6/6 20135/6/6 20141/6/6
f 20142/6/6 20143/6/6 20148/6/6
f 20148/6/6 20143/6/6 20149/6/6
f 20144/6/6 20145/6/6 20150/6/6
f 20150/6/6 20145/6/6 20151/6/6
f 20146/6/6 20147/6/6 20152/6/6
f 20152/6/6 20147/6/6 20153/6/6
f 20154/1/6 20155/1/6 20157/1/6
f 20155/7/6 20156/7/6 20158/7/6
f 20157/1/6 20155/1/6 20158/1/6
f 20158/7/6 20156/7/6 20159/7/6
f 20160/6/6 20161/6/6 20162/6/6
f 20162/6/6 20161/6/6 20163/6/6
f 20164/6/6 20165/6/6 20168/6/6
f 20168/6/6 20165/6/6 20169/6/6
f 20166/6/6 20167/6/6 20170/6/6
f 20170/6/6 20167/6/6 20171/6/6
f 20172/7/6 20173/7/6 20180/7/6
f 20178/7/6 20179/7/6 20181/7/6
f 20172/7/6 20180/7/6 20182/7/6
f 20182/7/6 20180/7/6 20183/7/6
f 20174/6/6 20175/6/6 20184/6/6
f 20184/6/6 20175/6/6 20185/6/6
f 20176/6/6 20177/6/6 20186/6/6
f 20186/6/6 20177/6/6 20187/6/6
f 20181/7/6 20179/7/6 20188/7/6
f 20188/7/6 20179/7/6 20189/7/6
f 20190/6/6 20191/6/6 20194/6/6
f 20194/6/6 20191/6/6 20195/6/6
f 20192/6/6 20193/6/6 20196/6/6
f 20196/6/6 20193/6/6 20197/6/6
f 20198/6/6 20199/6/6 20200/6/6
f 20200/6/6 20199/6/6 20201/6/6
f 20202/7/6 20203/7/6 20204/7/6
f 20204/7/6 20203/7/6 20205/7/6
f 20206/7/6 20207/7/6 20209/7/6
f 20207/1/6 20208/1/6 20210/1/6
f 20209/7/6 20207/7/6 20210/7/6
f 20210/1/6 20208/1/6 20211/1/6
f 20212/6/6 20213/6/6 20214/6/6
f 20214/6/6 20213/6/6 20215/6/6
f 20216/7/6 20217/7/6 20224/7/6
f 20224/7/6 20217/7/6 20225/7/6
f 20222/1/6 20223/1/6 20226/1/6
f 20226/1/6 20223/1/6 20227/1/6
f 20224/1/6 20225/1/6 20228/1/6
f 20228/1/6 20225/1/6 20229/1/6
f 20218/6/6 20219/6/6 20230/6/6
f 20230/6/6 20219/6/6 20231/6/6
f 20220/6/6 20221/6/6 20232/6/6
f 20232/6/6 20221/6/6 20233/6/6
f 20226/7/6 20227/7/6 20234/7/6
f 20234/7/6 20227/7/6 20235/7/6
f 20236/6/6 20237/6/6 20238/6/6
f 20238/6/6 20237/6/6 20239/6/6
f 20240/1/6 20241/1/6 20243/1/6
f 20241/1/6 20242/1/6 20243/1/6
f 20243/1/6 20242/1/6 20244/1/6
f 20245/6/6 20246/6/6 20248/6/6
f 20246/7/6 20247/7/6 20249/7/6
f 20248/6/6 20246/6/6 20249/6/6
f 20249/7/6 20247/7/6 20250/7/6
f 20251/6/6 20252/6/6 20253/6/6
f 20253/6/6 20252/6/6 20254/6/6
f 20255/7/6 20256/7/6 20263/7/6
f 20263/7/6 20256/7/6 20264/7/6
f 20261/1/6 20262/1/6 20265/1/6
f 20265/1/6 20262/1/6 20266/1/6
f 20263/1/6 20264/1/6 20267/1/6
f 20267/1/6 20264/1/6 20268/1/6
f 20257/6/6 20258/6/6 20269/6/6
f 20269/6/6 20258/6/6 20270/6/6
f 20259/6/6 20260/6/6 20271/6/6
f 20271/6/6 20260/6/6 20272/6/6
f 20265/7/6 20266/7/6 20273/7/6
f 20273/7/6 20266/7/6 20274/7/6
f 20275/6/6 20276/6/6 20277/6/6
f 20277/6/6 20276/6/6 20278/6/6
f 20279/1/6 20280/1/6 20282/1/6
f 20280/7/6 20281/7/6 20283/7/6
f 20282/1/6 20280/1/6 20283/1/6
f 20283/7/6 20281/7/6 20284/7/6
f 20285/4/6 20286/4/6 20287/4/6
f 20287/4/6 20286/4/6 20288/4/6
f 20289/6/6 20290/6/6 20293/6/6
f 20293/6/6 20290/6/6 20294/6/6
f 20291/4/6 20292/4/6 20295/4/6
f 20295/4/6 20292/4/6 20296/4/6
f 20297/4/6 20298/4/6 20304/4/6
f 20304/4/6 20298/4/6 20305/4/6
f 20299/7/6 20300/7/6 20306/7/6
f 20300/6/6 20301/6/6 20307/6/6
f 20306/7/6 20300/7/6 20307/7/6
f 20302/6/6 20303/6/6 20308/6/6
f 20308/6/6 20303/6/6 20309/6/6
f 20306/6/6 20307/6/6 20310/6/6
f 20307/6/6 20301/6/6 20311/6/6
f 20310/6/6 20307/6/6 20311/6/6
f 20302/6/6 20308/6/6 20312/6/6
f 20308/7/6 20309/7/6 20313/7/6
f 20312/6/6 20308/6/6 20313/6/6
f 20313/7/6 20309/7/6 20314/7/6
f 20315/6/6 20316/6/6 20317/6/6
f 20317/6/6 20316/6/6 20318/6/6
f 20315/6/6 20317/6/6 20319/6/6
f 20317/7/6 20318/7/6 20320/7/6
f 20319/6/6 20317/6/6 20320/6/6
f 20320/7/6 20318/7/6 20321/7/6
f 20322/4/6 20323/4/6 20326/4/6
f 20326/4/6 20323/4/6 20327/4/6
f 20324/4/6 20325/4/6 20328/4/6
f 20328/4/6 20325/4/6 20329/4/6
f 20326/2/6 20327/2/6 20330/2/6
f 20330/2/6 20327/2/6 20331/2/6
f 20332/2/6 20333/2/6 20337/2/6
f 20337/2/6 20333/2/6 20338/2/6
f 20334/4/6 20335/4/6 20342/4/6
f 20342/4/6 20335/4/6 20343/4/6
f 20336/2/6 20337/2/6 20346/2/6
f 20346/2/6 20337/2/6 20347/2/6
f 20338/2/6 20339/2/6 20348/2/6
f 20348/2/6 20339/2/6 20349/2/6
f 20340/2/6 20341/2/6 20350/2/6
f 20350/2/6 20341/2/6 20351/2/6
f 20344/4/6 20345/4/6 20352/4/6
f 20352/4/6 20345/4/6 20353/4/6
f 20347/2/6 20348/2/6 20354/2/6
f 20354/2/6 20348/2/6 20355/2/6
f 20356/2/6 20357/2/6 20358/2/6
f 20358/2/6 20357/2/6 20359/2/6
f 20360/4/6 20361/4/6 20362/4/6
f 20362/4/6 20361/4/6 20363/4/6
f 20362/2/6 20363/2/6 20367/2/6
f 20363/2/6 20364/2/6 20367/2/6
f 20367/2/6 20364/2/6 20368/2/6
f 20365/4/6 20366/4/6 20369/4/6
f 20369/4/6 20366/4/6 20370/4/6
f 20370/2/6 20371/2/6 20374/2/6
f 20369/2/6 20370/2/6 20374/2/6
f 20374/2/6 20371/2/6 20375/2/6
f 20372/2/6 20373/2/6 20376/2/6
f 20376/2/6 20373/2/6 20377/2/6
f 20378/2/6 20379/2/6 20380/2/6
f 20380/2/6 20379/2/6 20381/2/6
f 20382/4/6 20383/4/6 20385/4/6
f 20385/4/6 20383/4/6 20386/4/6
f 20384/4/6 20385/4/6 20388/4/6
f 20388/4/6 20385/4/6 20389/4/6
f 20386/4/6 20387/4/6 20390/4/6
f 20390/4/6 20387/4/6 20391/4/6
f 20389/4/6 20390/4/6 20392/4/6
f 20392/4/6 20390/4/6 20393/4/6
f 20394/4/6 20395/4/6 20396/4/6
f 20396/4/6 20395/4/6 20397/4/6
