# MagicaVoxel @ Ephtracy

# group
o 

# material
mtllib infoPillarBottom.mtl
usemtl palette

# normals
vn -1 0 0
vn 1 0 0
vn 0 0 1
vn 0 0 -1
vn 0 -1 0
vn 0 1 0

# texcoords
vt 0.294922 0.5
vt 0.298828 0.5
vt 0.302734 0.5
vt 0.349609 0.5
vt 0.365234 0.5
vt 0.373047 0.5
vt 0.384766 0.5

# verts
v -5.7 0 0.7
v -5.7 0 0
v -5.7 0 -0.0999999
v -5.7 0 -0.8
v -5.7 0.7 0.7
v -5.7 0.7 0
v -5.7 0.7 -0.0999999
v -5.7 0.7 -0.8
v -5.6 0 1.2
v -5.6 0 0.7
v -5.6 0 -0.8
v -5.6 0 -1.3
v -5.6 0.7 1.2
v -5.6 0.7 0.7
v -5.6 0.7 -0.8
v -5.6 0.7 -1.3
v -5.5 0 1.6
v -5.5 0 1.2
v -5.5 0 -1.3
v -5.5 0 -1.7
v -5.5 0.7 1.6
v -5.5 0.7 1.2
v -5.5 0.7 -1.3
v -5.5 0.7 -1.7
v -5.4 0 1.8
v -5.4 0 1.6
v -5.4 0 -1.7
v -5.4 0 -1.9
v -5.4 0.7 1.8
v -5.4 0.7 1.6
v -5.4 0.7 -1.7
v -5.4 0.7 -1.9
v -5.3 0 2.1
v -5.3 0 1.8
v -5.3 0 -1.9
v -5.3 0 -2.2
v -5.3 0.7 2.1
v -5.3 0.7 1.8
v -5.3 0.7 0.6
v -5.3 0.7 0
v -5.3 0.7 -0.0999999
v -5.3 0.7 -0.7
v -5.3 0.7 -1.9
v -5.3 0.7 -2.2
v -5.3 1.1 0.6
v -5.3 1.1 0
v -5.3 1.1 -0.0999999
v -5.3 1.1 -0.7
v -5.2 0 2.3
v -5.2 0 2.1
v -5.2 0 -2.2
v -5.2 0 -2.4
v -5.2 0.7 2.3
v -5.2 0.7 2.1
v -5.2 0.7 1.1
v -5.2 0.7 0.6
v -5.2 0.7 -0.7
v -5.2 0.7 -1.2
v -5.2 0.7 -2.2
v -5.2 0.7 -2.4
v -5.2 1.1 1.1
v -5.2 1.1 0.6
v -5.2 1.1 -0.7
v -5.2 1.1 -1.2
v -5.1 0 2.5
v -5.1 0 2.3
v -5.1 0 -2.4
v -5.1 0 -2.6
v -5.1 0.7 2.5
v -5.1 0.7 2.3
v -5.1 0.7 1.5
v -5.1 0.7 1.1
v -5.1 0.7 -1.2
v -5.1 0.7 -1.6
v -5.1 0.7 -2.4
v -5.1 0.7 -2.6
v -5.1 1.1 1.5
v -5.1 1.1 1.1
v -5.1 1.1 -1.2
v -5.1 1.1 -1.6
v -5 0 2.7
v -5 0 2.5
v -5 0 -2.6
v -5 0 -2.8
v -5 0.7 2.7
v -5 0.7 2.5
v -5 0.7 1.8
v -5 0.7 1.5
v -5 0.7 -1.6
v -5 0.7 -1.9
v -5 0.7 -2.6
v -5 0.7 -2.8
v -5 1.1 1.8
v -5 1.1 1.5
v -5 1.1 -1.6
v -5 1.1 -1.9
v -4.9 0 2.8
v -4.9 0 2.7
v -4.9 0 -2.8
v -4.9 0 -2.9
v -4.9 0.7 2.8
v -4.9 0.7 2.7
v -4.9 0.7 2
v -4.9 0.7 1.8
v -4.9 0.7 -1.9
v -4.9 0.7 -2.1
v -4.9 0.7 -2.8
v -4.9 0.7 -2.9
v -4.9 1.1 2
v -4.9 1.1 1.8
v -4.9 1.1 0.6
v -4.9 1.1 0
v -4.9 1.1 -0.0999999
v -4.9 1.1 -0.7
v -4.9 1.1 -1.9
v -4.9 1.1 -2.1
v -4.9 1.5 0.6
v -4.9 1.5 0
v -4.9 1.5 -0.0999999
v -4.9 1.5 -0.7
v -4.8 0 3
v -4.8 0 2.8
v -4.8 0 -2.9
v -4.8 0 -3.1
v -4.8 0.7 3
v -4.8 0.7 2.8
v -4.8 0.7 2.2
v -4.8 0.7 2
v -4.8 0.7 -2.1
v -4.8 0.7 -2.3
v -4.8 0.7 -2.9
v -4.8 0.7 -3.1
v -4.8 1.1 2.2
v -4.8 1.1 2
v -4.8 1.1 1.1
v -4.8 1.1 0.6
v -4.8 1.1 -0.7
v -4.8 1.1 -1.2
v -4.8 1.1 -2.1
v -4.8 1.1 -2.3
v -4.8 1.5 1.1
v -4.8 1.5 0.6
v -4.8 1.5 -0.7
v -4.8 1.5 -1.2
v -4.7 0 3.1
v -4.7 0 3
v -4.7 0 -3.1
v -4.7 0 -3.2
v -4.7 0.7 3.1
v -4.7 0.7 3
v -4.7 0.7 2.4
v -4.7 0.7 2.2
v -4.7 0.7 -2.3
v -4.7 0.7 -2.5
v -4.7 0.7 -3.1
v -4.7 0.7 -3.2
v -4.7 1.1 2.4
v -4.7 1.1 2.2
v -4.7 1.1 1.4
v -4.7 1.1 1.1
v -4.7 1.1 -1.2
v -4.7 1.1 -1.5
v -4.7 1.1 -2.3
v -4.7 1.1 -2.5
v -4.7 1.5 1.4
v -4.7 1.5 1.1
v -4.7 1.5 -1.2
v -4.7 1.5 -1.5
v -4.6 0 3.2
v -4.6 0 3.1
v -4.6 0 -3.2
v -4.6 0 -3.3
v -4.6 0.7 3.2
v -4.6 0.7 3.1
v -4.6 0.7 2.5
v -4.6 0.7 2.4
v -4.6 0.7 -2.5
v -4.6 0.7 -2.6
v -4.6 0.7 -3.2
v -4.6 0.7 -3.3
v -4.6 1.1 2.5
v -4.6 1.1 2.4
v -4.6 1.1 1.7
v -4.6 1.1 1.4
v -4.6 1.1 -1.5
v -4.6 1.1 -1.8
v -4.6 1.1 -2.5
v -4.6 1.1 -2.6
v -4.6 1.5 1.7
v -4.6 1.5 1.4
v -4.6 1.5 -1.5
v -4.6 1.5 -1.8
v -4.5 0 3.4
v -4.5 0 3.2
v -4.5 0 -3.3
v -4.5 0 -3.5
v -4.5 0.7 3.4
v -4.5 0.7 3.2
v -4.5 0.7 2.7
v -4.5 0.7 2.5
v -4.5 0.7 -2.6
v -4.5 0.7 -2.8
v -4.5 0.7 -3.3
v -4.5 0.7 -3.5
v -4.5 1.1 2.7
v -4.5 1.1 2.5
v -4.5 1.1 1.9
v -4.5 1.1 1.7
v -4.5 1.1 -1.8
v -4.5 1.1 -2
v -4.5 1.1 -2.6
v -4.5 1.1 -2.8
v -4.5 1.5 1.9
v -4.5 1.5 1.7
v -4.5 1.5 0.6
v -4.5 1.5 0
v -4.5 1.5 -0.0999999
v -4.5 1.5 -0.7
v -4.5 1.5 -1.8
v -4.5 1.5 -2
v -4.5 1.7 0.6
v -4.5 1.7 -0.7
v -4.5 1.8 0.6
v -4.5 1.8 -0.7
v -4.5 1.9 -0.0999999
v -4.5 1.9 -0.6
v -4.5 2 0.3
v -4.5 2 0
v -4.5 2 -0.0999999
v -4.5 2 -0.6
v -4.5 2.1 0.3
v -4.5 2.1 0
v -4.5 2.1 -0.0999999
v -4.5 2.1 -0.6
v -4.5 2.2 0.5
v -4.5 2.2 0
v -4.5 2.3 0.5
v -4.5 2.3 0
v -4.5 2.3 -0.0999999
v -4.5 2.3 -0.6
v -4.5 2.5 0.6
v -4.5 2.5 -0.7
v -4.4 0 3.5
v -4.4 0 3.4
v -4.4 0 -3.5
v -4.4 0 -3.6
v -4.4 0.7 3.5
v -4.4 0.7 3.4
v -4.4 0.7 2.8
v -4.4 0.7 2.7
v -4.4 0.7 -2.8
v -4.4 0.7 -2.9
v -4.4 0.7 -3.5
v -4.4 0.7 -3.6
v -4.4 1.1 2.8
v -4.4 1.1 2.7
v -4.4 1.1 2.1
v -4.4 1.1 1.9
v -4.4 1.1 -2
v -4.4 1.1 -2.2
v -4.4 1.1 -2.8
v -4.4 1.1 -2.9
v -4.4 1.5 2.1
v -4.4 1.5 1.9
v -4.4 1.5 1
v -4.4 1.5 0.6
v -4.4 1.5 -0.7
v -4.4 1.5 -1.1
v -4.4 1.5 -2
v -4.4 1.5 -2.2
v -4.4 1.7 1
v -4.4 1.7 0.6
v -4.4 1.7 -0.7
v -4.4 1.7 -1.1
v -4.4 1.8 1
v -4.4 1.8 0.6
v -4.4 1.8 -0.7
v -4.4 1.8 -1.1
v -4.4 2.5 1
v -4.4 2.5 0.6
v -4.4 2.5 -0.7
v -4.4 2.5 -1.1
v -4.3 0 3.6
v -4.3 0 3.5
v -4.3 0 -3.6
v -4.3 0 -3.7
v -4.3 0.7 3.6
v -4.3 0.7 3.5
v -4.3 0.7 3
v -4.3 0.7 2.8
v -4.3 0.7 -2.9
v -4.3 0.7 -3.1
v -4.3 0.7 -3.6
v -4.3 0.7 -3.7
v -4.3 1.1 3
v -4.3 1.1 2.8
v -4.3 1.1 2.3
v -4.3 1.1 2.1
v -4.3 1.1 -2.2
v -4.3 1.1 -2.4
v -4.3 1.1 -2.9
v -4.3 1.1 -3.1
v -4.3 1.5 2.3
v -4.3 1.5 2.1
v -4.3 1.5 1.4
v -4.3 1.5 1
v -4.3 1.5 -1.1
v -4.3 1.5 -1.5
v -4.3 1.5 -2.2
v -4.3 1.5 -2.4
v -4.3 1.7 1.4
v -4.3 1.7 1
v -4.3 1.7 -1.1
v -4.3 1.7 -1.5
v -4.3 1.8 1.4
v -4.3 1.8 1
v -4.3 1.8 -1.1
v -4.3 1.8 -1.5
v -4.3 2.5 1.4
v -4.3 2.5 1
v -4.3 2.5 -1.1
v -4.3 2.5 -1.5
v -4.2 0 3.7
v -4.2 0 3.6
v -4.2 0 -3.7
v -4.2 0 -3.8
v -4.2 0.7 3.7
v -4.2 0.7 3.6
v -4.2 0.7 3.1
v -4.2 0.7 3
v -4.2 0.7 -3.1
v -4.2 0.7 -3.2
v -4.2 0.7 -3.7
v -4.2 0.7 -3.8
v -4.2 1.1 3.1
v -4.2 1.1 3
v -4.2 1.1 2.4
v -4.2 1.1 2.3
v -4.2 1.1 -2.4
v -4.2 1.1 -2.5
v -4.2 1.1 -3.1
v -4.2 1.1 -3.2
v -4.2 1.5 2.4
v -4.2 1.5 2.3
v -4.2 1.5 1.6
v -4.2 1.5 1.4
v -4.2 1.5 -1.5
v -4.2 1.5 -1.7
v -4.2 1.5 -2.4
v -4.2 1.5 -2.5
v -4.2 1.7 1.6
v -4.2 1.7 1.4
v -4.2 1.7 -1.5
v -4.2 1.7 -1.7
v -4.2 1.8 1.6
v -4.2 1.8 1.4
v -4.2 1.8 -1.5
v -4.2 1.8 -1.7
v -4.2 2.5 1.6
v -4.2 2.5 1.4
v -4.2 2.5 -1.5
v -4.2 2.5 -1.7
v -4.1 0 3.8
v -4.1 0 3.7
v -4.1 0 -3.8
v -4.1 0 -3.9
v -4.1 0.7 3.8
v -4.1 0.7 3.7
v -4.1 0.7 3.2
v -4.1 0.7 3.1
v -4.1 0.7 -3.2
v -4.1 0.7 -3.3
v -4.1 0.7 -3.8
v -4.1 0.7 -3.9
v -4.1 1.1 3.2
v -4.1 1.1 3.1
v -4.1 1.1 2.6
v -4.1 1.1 2.4
v -4.1 1.1 -2.5
v -4.1 1.1 -2.7
v -4.1 1.1 -3.2
v -4.1 1.1 -3.3
v -4.1 1.5 2.6
v -4.1 1.5 2.4
v -4.1 1.5 1.8
v -4.1 1.5 1.6
v -4.1 1.5 -1.7
v -4.1 1.5 -1.9
v -4.1 1.5 -2.5
v -4.1 1.5 -2.7
v -4.1 1.7 1.8
v -4.1 1.7 1.6
v -4.1 1.7 -1.7
v -4.1 1.7 -1.9
v -4.1 1.8 1.8
v -4.1 1.8 1.6
v -4.1 1.8 -1.7
v -4.1 1.8 -1.9
v -4.1 2.5 1.8
v -4.1 2.5 1.6
v -4.1 2.5 -1.7
v -4.1 2.5 -1.9
v -4 0 3.9
v -4 0 3.8
v -4 0 -3.9
v -4 0 -4
v -4 0.7 3.9
v -4 0.7 3.8
v -4 0.7 3.3
v -4 0.7 3.2
v -4 0.7 -3.3
v -4 0.7 -3.4
v -4 0.7 -3.9
v -4 0.7 -4
v -4 1.1 3.3
v -4 1.1 3.2
v -4 1.1 2.7
v -4 1.1 2.6
v -4 1.1 -2.7
v -4 1.1 -2.8
v -4 1.1 -3.3
v -4 1.1 -3.4
v -4 1.5 2.7
v -4 1.5 2.6
v -4 1.5 2
v -4 1.5 1.8
v -4 1.5 -1.9
v -4 1.5 -2.1
v -4 1.5 -2.7
v -4 1.5 -2.8
v -4 1.7 2
v -4 1.7 1.8
v -4 1.7 -1.9
v -4 1.7 -2.1
v -4 1.8 2
v -4 1.8 1.8
v -4 1.8 -1.9
v -4 1.8 -2.1
v -4 2.5 2
v -4 2.5 1.8
v -4 2.5 -1.9
v -4 2.5 -2.1
v -3.9 0 4
v -3.9 0 3.9
v -3.9 0 -4
v -3.9 0 -4.1
v -3.9 0.7 4
v -3.9 0.7 3.9
v -3.9 0.7 3.4
v -3.9 0.7 3.3
v -3.9 0.7 -3.4
v -3.9 0.7 -3.5
v -3.9 0.7 -4
v -3.9 0.7 -4.1
v -3.9 1.1 3.4
v -3.9 1.1 3.3
v -3.9 1.1 2.8
v -3.9 1.1 2.7
v -3.9 1.1 -2.8
v -3.9 1.1 -2.9
v -3.9 1.1 -3.4
v -3.9 1.1 -3.5
v -3.9 1.5 2.8
v -3.9 1.5 2.7
v -3.9 1.5 2.2
v -3.9 1.5 2
v -3.9 1.5 -2.1
v -3.9 1.5 -2.3
v -3.9 1.5 -2.8
v -3.9 1.5 -2.9
v -3.9 1.7 2.2
v -3.9 1.7 2
v -3.9 1.7 -2.1
v -3.9 1.7 -2.3
v -3.9 1.8 2.2
v -3.9 1.8 2
v -3.9 1.8 -2.1
v -3.9 1.8 -2.3
v -3.9 2.5 2.2
v -3.9 2.5 2
v -3.9 2.5 -2.1
v -3.9 2.5 -2.3
v -3.8 0.7 3.5
v -3.8 0.7 3.4
v -3.8 0.7 -3.5
v -3.8 0.7 -3.6
v -3.8 1.1 3.5
v -3.8 1.1 3.4
v -3.8 1.1 2.9
v -3.8 1.1 2.8
v -3.8 1.1 -2.9
v -3.8 1.1 -3
v -3.8 1.1 -3.5
v -3.8 1.1 -3.6
v -3.8 1.5 2.9
v -3.8 1.5 2.8
v -3.8 1.5 2.3
v -3.8 1.5 2.2
v -3.8 1.5 -2.3
v -3.8 1.5 -2.4
v -3.8 1.5 -2.9
v -3.8 1.5 -3
v -3.8 1.7 2.3
v -3.8 1.7 2.2
v -3.8 1.7 -2.3
v -3.8 1.7 -2.4
v -3.8 1.8 2.3
v -3.8 1.8 2.2
v -3.8 1.8 -2.3
v -3.8 1.8 -2.4
v -3.8 2.5 2.3
v -3.8 2.5 2.2
v -3.8 2.5 -2.3
v -3.8 2.5 -2.4
v -3.7 0 4.1
v -3.7 0 4
v -3.7 0 -4.1
v -3.7 0 -4.2
v -3.7 0.7 4.1
v -3.7 0.7 4
v -3.7 0.7 3.6
v -3.7 0.7 3.5
v -3.7 0.7 -3.6
v -3.7 0.7 -3.7
v -3.7 0.7 -4.1
v -3.7 0.7 -4.2
v -3.7 1.1 3.6
v -3.7 1.1 3.5
v -3.7 1.1 3
v -3.7 1.1 2.9
v -3.7 1.1 -3
v -3.7 1.1 -3.1
v -3.7 1.1 -3.6
v -3.7 1.1 -3.7
v -3.7 1.5 3
v -3.7 1.5 2.9
v -3.7 1.5 2.4
v -3.7 1.5 2.3
v -3.7 1.5 -2.4
v -3.7 1.5 -2.5
v -3.7 1.5 -3
v -3.7 1.5 -3.1
v -3.7 1.7 2.4
v -3.7 1.7 2.3
v -3.7 1.7 -2.4
v -3.7 1.7 -2.5
v -3.7 1.8 2.4
v -3.7 1.8 2.3
v -3.7 1.8 -2.4
v -3.7 1.8 -2.5
v -3.7 2.5 2.4
v -3.7 2.5 2.3
v -3.7 2.5 -2.4
v -3.7 2.5 -2.5
v -3.6 0 4.2
v -3.6 0 4.1
v -3.6 0 -4.2
v -3.6 0 -4.3
v -3.6 0.7 4.2
v -3.6 0.7 4.1
v -3.6 0.7 3.7
v -3.6 0.7 3.6
v -3.6 0.7 -3.7
v -3.6 0.7 -3.8
v -3.6 0.7 -4.2
v -3.6 0.7 -4.3
v -3.6 1.1 3.7
v -3.6 1.1 3.6
v -3.6 1.1 3.1
v -3.6 1.1 3
v -3.6 1.1 -3.1
v -3.6 1.1 -3.2
v -3.6 1.1 -3.7
v -3.6 1.1 -3.8
v -3.6 1.5 3.1
v -3.6 1.5 3
v -3.6 1.5 2.6
v -3.6 1.5 2.4
v -3.6 1.5 -2.5
v -3.6 1.5 -2.7
v -3.6 1.5 -3.1
v -3.6 1.5 -3.2
v -3.6 1.7 2.6
v -3.6 1.7 2.4
v -3.6 1.7 -2.5
v -3.6 1.7 -2.7
v -3.6 1.8 2.6
v -3.6 1.8 2.4
v -3.6 1.8 -2.5
v -3.6 1.8 -2.7
v -3.6 2.5 2.6
v -3.6 2.5 2.4
v -3.6 2.5 -2.5
v -3.6 2.5 -2.7
v -3.5 0 4.3
v -3.5 0 4.2
v -3.5 0 -4.3
v -3.5 0 -4.4
v -3.5 0.7 4.3
v -3.5 0.7 4.2
v -3.5 0.7 3.8
v -3.5 0.7 3.7
v -3.5 0.7 -3.8
v -3.5 0.7 -3.9
v -3.5 0.7 -4.3
v -3.5 0.7 -4.4
v -3.5 1.1 3.8
v -3.5 1.1 3.7
v -3.5 1.1 3.2
v -3.5 1.1 3.1
v -3.5 1.1 -3.2
v -3.5 1.1 -3.3
v -3.5 1.1 -3.8
v -3.5 1.1 -3.9
v -3.5 1.5 3.2
v -3.5 1.5 3.1
v -3.5 1.5 2.7
v -3.5 1.5 2.6
v -3.5 1.5 -2.7
v -3.5 1.5 -2.8
v -3.5 1.5 -3.2
v -3.5 1.5 -3.3
v -3.5 1.7 2.7
v -3.5 1.7 2.6
v -3.5 1.7 -2.7
v -3.5 1.7 -2.8
v -3.5 1.8 2.7
v -3.5 1.8 2.6
v -3.5 1.8 -2.7
v -3.5 1.8 -2.8
v -3.5 2.5 2.7
v -3.5 2.5 2.6
v -3.5 2.5 -2.7
v -3.5 2.5 -2.8
v -3.4 1.1 3.3
v -3.4 1.1 3.2
v -3.4 1.1 -3.3
v -3.4 1.1 -3.4
v -3.4 1.5 3.3
v -3.4 1.5 3.2
v -3.4 1.5 2.8
v -3.4 1.5 2.7
v -3.4 1.5 -2.8
v -3.4 1.5 -2.9
v -3.4 1.5 -3.3
v -3.4 1.5 -3.4
v -3.4 1.7 2.8
v -3.4 1.7 2.7
v -3.4 1.7 -2.8
v -3.4 1.7 -2.9
v -3.4 1.8 2.8
v -3.4 1.8 2.7
v -3.4 1.8 -2.8
v -3.4 1.8 -2.9
v -3.4 2.5 2.8
v -3.4 2.5 2.7
v -3.4 2.5 -2.8
v -3.4 2.5 -2.9
v -3.3 0 4.4
v -3.3 0 4.3
v -3.3 0 -4.4
v -3.3 0 -4.5
v -3.3 0.7 4.4
v -3.3 0.7 4.3
v -3.3 0.7 3.9
v -3.3 0.7 3.8
v -3.3 0.7 -3.9
v -3.3 0.7 -4
v -3.3 0.7 -4.4
v -3.3 0.7 -4.5
v -3.3 1.1 3.9
v -3.3 1.1 3.8
v -3.3 1.1 3.4
v -3.3 1.1 3.3
v -3.3 1.1 -3.4
v -3.3 1.1 -3.5
v -3.3 1.1 -3.9
v -3.3 1.1 -4
v -3.3 1.5 3.4
v -3.3 1.5 3.3
v -3.3 1.5 2.9
v -3.3 1.5 2.8
v -3.3 1.5 -2.9
v -3.3 1.5 -3
v -3.3 1.5 -3.4
v -3.3 1.5 -3.5
v -3.3 1.7 2.9
v -3.3 1.7 2.8
v -3.3 1.7 -2.9
v -3.3 1.7 -3
v -3.3 1.8 2.9
v -3.3 1.8 2.8
v -3.3 1.8 -2.9
v -3.3 1.8 -3
v -3.3 2.5 2.9
v -3.3 2.5 2.8
v -3.3 2.5 -2.9
v -3.3 2.5 -3
v -3.2 0 4.5
v -3.2 0 4.4
v -3.2 0 -4.5
v -3.2 0 -4.6
v -3.2 0.7 4.5
v -3.2 0.7 4.4
v -3.2 0.7 4
v -3.2 0.7 3.9
v -3.2 0.7 -4
v -3.2 0.7 -4.1
v -3.2 0.7 -4.5
v -3.2 0.7 -4.6
v -3.2 1.1 4
v -3.2 1.1 3.9
v -3.2 1.1 3.5
v -3.2 1.1 3.4
v -3.2 1.1 -3.5
v -3.2 1.1 -3.6
v -3.2 1.1 -4
v -3.2 1.1 -4.1
v -3.2 1.5 3.5
v -3.2 1.5 3.4
v -3.2 1.5 3
v -3.2 1.5 2.9
v -3.2 1.5 -3
v -3.2 1.5 -3.1
v -3.2 1.5 -3.5
v -3.2 1.5 -3.6
v -3.2 1.7 3
v -3.2 1.7 2.9
v -3.2 1.7 -3
v -3.2 1.7 -3.1
v -3.2 1.8 3
v -3.2 1.8 2.9
v -3.2 1.8 -3
v -3.2 1.8 -3.1
v -3.2 2.5 3
v -3.2 2.5 2.9
v -3.2 2.5 -3
v -3.2 2.5 -3.1
v -3.1 1.1 3.6
v -3.1 1.1 3.5
v -3.1 1.1 -3.6
v -3.1 1.1 -3.7
v -3.1 1.5 3.6
v -3.1 1.5 3.5
v -3.1 1.5 3.1
v -3.1 1.5 3
v -3.1 1.5 -3.1
v -3.1 1.5 -3.2
v -3.1 1.5 -3.6
v -3.1 1.5 -3.7
v -3.1 1.7 3.1
v -3.1 1.7 3
v -3.1 1.7 -3.1
v -3.1 1.7 -3.2
v -3.1 1.8 3.1
v -3.1 1.8 3
v -3.1 1.8 -3.1
v -3.1 1.8 -3.2
v -3.1 2.5 3.1
v -3.1 2.5 3
v -3.1 2.5 -3.1
v -3.1 2.5 -3.2
v -3 0 4.6
v -3 0 4.5
v -3 0 -4.6
v -3 0 -4.7
v -3 0.7 4.6
v -3 0.7 4.5
v -3 0.7 4.1
v -3 0.7 4
v -3 0.7 -4.1
v -3 0.7 -4.2
v -3 0.7 -4.6
v -3 0.7 -4.7
v -3 1.1 4.1
v -3 1.1 4
v -3 1.1 -4.1
v -3 1.1 -4.2
v -2.9 0.7 4.2
v -2.9 0.7 4.1
v -2.9 0.7 -4.2
v -2.9 0.7 -4.3
v -2.9 1.1 4.2
v -2.9 1.1 4.1
v -2.9 1.1 3.7
v -2.9 1.1 3.6
v -2.9 1.1 -3.7
v -2.9 1.1 -3.8
v -2.9 1.1 -4.2
v -2.9 1.1 -4.3
v -2.9 1.5 3.7
v -2.9 1.5 3.6
v -2.9 1.5 3.2
v -2.9 1.5 3.1
v -2.9 1.5 -3.2
v -2.9 1.5 -3.3
v -2.9 1.5 -3.7
v -2.9 1.5 -3.8
v -2.9 1.7 3.2
v -2.9 1.7 3.1
v -2.9 1.7 -3.2
v -2.9 1.7 -3.3
v -2.9 1.8 3.2
v -2.9 1.8 3.1
v -2.9 1.8 -3.2
v -2.9 1.8 -3.3
v -2.9 2.5 3.2
v -2.9 2.5 3.1
v -2.9 2.5 -3.2
v -2.9 2.5 -3.3
v -2.8 0 4.7
v -2.8 0 4.6
v -2.8 0 -4.7
v -2.8 0 -4.8
v -2.8 0.7 4.7
v -2.8 0.7 4.6
v -2.8 0.7 -4.7
v -2.8 0.7 -4.8
v -2.8 1.1 3.8
v -2.8 1.1 3.7
v -2.8 1.1 -3.8
v -2.8 1.1 -3.9
v -2.8 1.5 3.8
v -2.8 1.5 3.7
v -2.8 1.5 3.3
v -2.8 1.5 3.2
v -2.8 1.5 -3.3
v -2.8 1.5 -3.4
v -2.8 1.5 -3.8
v -2.8 1.5 -3.9
v -2.8 1.7 3.3
v -2.8 1.7 3.2
v -2.8 1.7 -3.3
v -2.8 1.7 -3.4
v -2.8 1.8 3.3
v -2.8 1.8 3.2
v -2.8 1.8 -3.3
v -2.8 1.8 -3.4
v -2.8 2.5 3.3
v -2.8 2.5 3.2
v -2.8 2.5 -3.3
v -2.8 2.5 -3.4
v -2.7 0.7 4.3
v -2.7 0.7 4.2
v -2.7 0.7 -4.3
v -2.7 0.7 -4.4
v -2.7 1.1 4.3
v -2.7 1.1 4.2
v -2.7 1.1 -4.3
v -2.7 1.1 -4.4
v -2.7 1.5 3.4
v -2.7 1.5 3.3
v -2.7 1.5 -3.4
v -2.7 1.5 -3.5
v -2.7 1.7 3.4
v -2.7 1.7 3.3
v -2.7 1.7 -3.4
v -2.7 1.7 -3.5
v -2.7 1.8 3.4
v -2.7 1.8 3.3
v -2.7 1.8 -3.4
v -2.7 1.8 -3.5
v -2.7 2.5 3.4
v -2.7 2.5 3.3
v -2.7 2.5 -3.4
v -2.7 2.5 -3.5
v -2.6 0 4.8
v -2.6 0 4.7
v -2.6 0 -4.8
v -2.6 0 -4.9
v -2.6 0.7 4.8
v -2.6 0.7 4.7
v -2.6 0.7 -4.8
v -2.6 0.7 -4.9
v -2.6 1.1 3.9
v -2.6 1.1 3.8
v -2.6 1.1 -3.9
v -2.6 1.1 -4
v -2.6 1.5 3.9
v -2.6 1.5 3.8
v -2.6 1.5 -3.9
v -2.6 1.5 -4
v -2.5 0.7 4.4
v -2.5 0.7 4.3
v -2.5 0.7 -4.4
v -2.5 0.7 -4.5
v -2.5 1.1 4.4
v -2.5 1.1 4.3
v -2.5 1.1 -4.4
v -2.5 1.1 -4.5
v -2.5 1.5 3.5
v -2.5 1.5 3.4
v -2.5 1.5 -3.5
v -2.5 1.5 -3.6
v -2.5 1.7 3.5
v -2.5 1.7 3.4
v -2.5 1.7 -3.5
v -2.5 1.7 -3.6
v -2.5 1.8 3.5
v -2.5 1.8 3.4
v -2.5 1.8 -3.5
v -2.5 1.8 -3.6
v -2.5 2.5 3.5
v -2.5 2.5 3.4
v -2.5 2.5 -3.5
v -2.5 2.5 -3.6
v -2.4 1.1 4
v -2.4 1.1 3.9
v -2.4 1.1 -4
v -2.4 1.1 -4.1
v -2.4 1.5 4
v -2.4 1.5 3.9
v -2.4 1.5 -4
v -2.4 1.5 -4.1
v -2.3 0 4.9
v -2.3 0 4.8
v -2.3 0 -4.9
v -2.3 0 -5
v -2.3 0.7 4.9
v -2.3 0.7 4.8
v -2.3 0.7 4.5
v -2.3 0.7 4.4
v -2.3 0.7 -4.5
v -2.3 0.7 -4.6
v -2.3 0.7 -4.9
v -2.3 0.7 -5
v -2.3 1.1 4.5
v -2.3 1.1 4.4
v -2.3 1.1 -4.5
v -2.3 1.1 -4.6
v -2.3 1.5 3.6
v -2.3 1.5 3.5
v -2.3 1.5 -3.6
v -2.3 1.5 -3.7
v -2.3 1.7 3.6
v -2.3 1.7 3.5
v -2.3 1.7 -3.6
v -2.3 1.7 -3.7
v -2.3 1.8 3.6
v -2.3 1.8 3.5
v -2.3 1.8 -3.6
v -2.3 1.8 -3.7
v -2.3 2.5 3.6
v -2.3 2.5 3.5
v -2.3 2.5 -3.6
v -2.3 2.5 -3.7
v -2.2 1.1 4.1
v -2.2 1.1 4
v -2.2 1.1 -4.1
v -2.2 1.1 -4.2
v -2.2 1.5 4.1
v -2.2 1.5 4
v -2.2 1.5 -4.1
v -2.2 1.5 -4.2
v -2.1 0 5
v -2.1 0 4.9
v -2.1 0 -5
v -2.1 0 -5.1
v -2.1 0.7 5
v -2.1 0.7 4.9
v -2.1 0.7 -5
v -2.1 0.7 -5.1
v -2.1 1.5 3.7
v -2.1 1.5 3.6
v -2.1 1.5 -3.7
v -2.1 1.5 -3.8
v -2.1 1.7 3.7
v -2.1 1.7 3.6
v -2.1 1.7 -3.7
v -2.1 1.7 -3.8
v -2.1 1.8 3.7
v -2.1 1.8 3.6
v -2.1 1.8 -3.7
v -2.1 1.8 -3.8
v -2.1 2.5 3.7
v -2.1 2.5 3.6
v -2.1 2.5 -3.7
v -2.1 2.5 -3.8
v -2 0.7 4.6
v -2 0.7 4.5
v -2 0.7 -4.6
v -2 0.7 -4.7
v -2 1.1 4.6
v -2 1.1 4.5
v -2 1.1 -4.6
v -2 1.1 -4.7
v -1.9 1.1 4.2
v -1.9 1.1 4.1
v -1.9 1.1 -4.2
v -1.9 1.1 -4.3
v -1.9 1.5 4.2
v -1.9 1.5 4.1
v -1.9 1.5 3.8
v -1.9 1.5 3.7
v -1.9 1.5 -3.8
v -1.9 1.5 -3.9
v -1.9 1.5 -4.2
v -1.9 1.5 -4.3
v -1.9 1.7 3.8
v -1.9 1.7 3.7
v -1.9 1.7 -3.8
v -1.9 1.7 -3.9
v -1.9 1.8 3.8
v -1.9 1.8 3.7
v -1.9 1.8 -3.8
v -1.9 1.8 -3.9
v -1.9 2.5 3.8
v -1.9 2.5 3.7
v -1.9 2.5 -3.8
v -1.9 2.5 -3.9
v -1.7 0 5.1
v -1.7 0 5
v -1.7 0 -5.1
v -1.7 0 -5.2
v -1.7 0.7 5.1
v -1.7 0.7 5
v -1.7 0.7 -5.1
v -1.7 0.7 -5.2
v -1.6 0.7 4.7
v -1.6 0.7 4.6
v -1.6 0.7 -4.7
v -1.6 0.7 -4.8
v -1.6 1.1 4.7
v -1.6 1.1 4.6
v -1.6 1.1 4.3
v -1.6 1.1 4.2
v -1.6 1.1 -4.3
v -1.6 1.1 -4.4
v -1.6 1.1 -4.7
v -1.6 1.1 -4.8
v -1.6 1.5 4.3
v -1.6 1.5 4.2
v -1.6 1.5 -4.3
v -1.6 1.5 -4.4
v -1.5 1.5 3.9
v -1.5 1.5 3.8
v -1.5 1.5 -3.9
v -1.5 1.5 -4
v -1.5 1.8 3.8
v -1.5 1.8 -3.9
v -1.5 1.9 3.9
v -1.5 1.9 3.8
v -1.5 1.9 -3.9
v -1.5 1.9 -4
v -1.5 2 3.8
v -1.5 2 -3.9
v -1.5 2.1 3.9
v -1.5 2.1 3.8
v -1.5 2.1 -3.9
v -1.5 2.1 -4
v -1.5 2.5 3.9
v -1.5 2.5 3.8
v -1.5 2.5 -3.9
v -1.5 2.5 -4
v -1.3 2.4 3.9
v -1.3 2.4 3.8
v -1.3 2.5 3.9
v -1.3 2.5 3.8
v -1.2 0 5.2
v -1.2 0 5.1
v -1.2 0 -5.2
v -1.2 0 -5.3
v -1.2 0.7 5.2
v -1.2 0.7 5.1
v -1.2 0.7 -5.2
v -1.2 0.7 -5.3
v -1.1 0.7 4.8
v -1.1 0.7 4.7
v -1.1 0.7 -4.8
v -1.1 0.7 -4.9
v -1.1 1.1 4.8
v -1.1 1.1 4.7
v -1.1 1.1 4.4
v -1.1 1.1 4.3
v -1.1 1.1 -4.4
v -1.1 1.1 -4.5
v -1.1 1.1 -4.8
v -1.1 1.1 -4.9
v -1.1 1.5 4.4
v -1.1 1.5 4.3
v -1.1 1.5 4
v -1.1 1.5 3.9
v -1.1 1.5 -4
v -1.1 1.5 -4.1
v -1.1 1.5 -4.4
v -1.1 1.5 -4.5
v -1.1 2.2 3.9
v -1.1 2.2 -4
v -1.1 2.3 4
v -1.1 2.3 3.9
v -1.1 2.3 -4
v -1.1 2.3 -4.1
v -1.1 2.4 3.9
v -1.1 2.4 -4
v -1.1 2.5 4
v -1.1 2.5 3.9
v -1.1 2.5 -4
v -1.1 2.5 -4.1
v -1 1.6 4.1
v -1 1.6 4
v -1 1.6 -4.1
v -1 1.6 -4.2
v -1 2.3 4.1
v -1 2.3 4
v -1 2.3 -4.1
v -1 2.3 -4.2
v 0 1.7 4.1
v 0 1.7 4
v 0 1.7 -4.1
v 0 1.7 -4.2
v 0 2.2 4.1
v 0 2.2 4
v 0 2.2 -4.1
v 0 2.2 -4.2
v 0.2 2.2 3.9
v 0.2 2.2 3.8
v 0.2 2.2 -3.9
v 0.2 2.2 -4
v 0.2 2.4 3.9
v 0.2 2.4 3.8
v 0.2 2.4 -3.9
v 0.2 2.4 -4
v 0.2 2.5 3.9
v 0.2 2.5 3.8
v 0.2 2.5 -3.9
v 0.2 2.5 -4
v 0.6 2.2 3.8
v 0.6 2.2 3.7
v 0.6 2.2 -3.8
v 0.6 2.2 -3.9
v 0.6 2.4 3.8
v 0.6 2.4 3.7
v 0.6 2.4 -3.8
v 0.6 2.4 -3.9
v 0.6 2.5 3.8
v 0.6 2.5 3.7
v 0.6 2.5 -3.8
v 0.6 2.5 -3.9
v 0.9 2.2 3.7
v 0.9 2.2 3.6
v 0.9 2.2 -3.7
v 0.9 2.2 -3.8
v 0.9 2.4 3.7
v 0.9 2.4 3.6
v 0.9 2.4 -3.7
v 0.9 2.4 -3.8
v 0.9 2.5 3.7
v 0.9 2.5 3.6
v 0.9 2.5 -3.7
v 0.9 2.5 -3.8
v 1.2 2.2 3.6
v 1.2 2.2 3.5
v 1.2 2.2 -3.6
v 1.2 2.2 -3.7
v 1.2 2.4 3.6
v 1.2 2.4 3.5
v 1.2 2.4 -3.6
v 1.2 2.4 -3.7
v 1.2 2.5 3.6
v 1.2 2.5 3.5
v 1.2 2.5 -3.6
v 1.2 2.5 -3.7
v 1.4 2.2 3.5
v 1.4 2.2 3.4
v 1.4 2.2 -3.5
v 1.4 2.2 -3.6
v 1.4 2.4 3.5
v 1.4 2.4 3.4
v 1.4 2.4 -3.5
v 1.4 2.4 -3.6
v 1.4 2.5 3.5
v 1.4 2.5 3.4
v 1.4 2.5 -3.5
v 1.4 2.5 -3.6
v 1.6 2.2 3.4
v 1.6 2.2 3.3
v 1.6 2.2 -3.4
v 1.6 2.2 -3.5
v 1.6 2.4 3.4
v 1.6 2.4 3.3
v 1.6 2.4 -3.4
v 1.6 2.4 -3.5
v 1.6 2.5 3.4
v 1.6 2.5 3.3
v 1.6 2.5 -3.4
v 1.6 2.5 -3.5
v 1.7 2.2 3.3
v 1.7 2.2 3.2
v 1.7 2.2 -3.3
v 1.7 2.2 -3.4
v 1.7 2.4 3.3
v 1.7 2.4 3.2
v 1.7 2.4 -3.3
v 1.7 2.4 -3.4
v 1.7 2.5 3.3
v 1.7 2.5 3.2
v 1.7 2.5 -3.3
v 1.7 2.5 -3.4
v 1.9 2.2 3.2
v 1.9 2.2 3.1
v 1.9 2.2 -3.2
v 1.9 2.2 -3.3
v 1.9 2.4 3.2
v 1.9 2.4 3.1
v 1.9 2.4 -3.2
v 1.9 2.4 -3.3
v 1.9 2.5 3.2
v 1.9 2.5 3.1
v 1.9 2.5 -3.2
v 1.9 2.5 -3.3
v 2 2.2 3.1
v 2 2.2 3
v 2 2.2 -3.1
v 2 2.2 -3.2
v 2 2.4 3.1
v 2 2.4 3
v 2 2.4 -3.1
v 2 2.4 -3.2
v 2 2.5 3.1
v 2 2.5 3
v 2 2.5 -3.1
v 2 2.5 -3.2
v 2.1 2.2 3
v 2.1 2.2 2.9
v 2.1 2.2 -3
v 2.1 2.2 -3.1
v 2.1 2.4 3
v 2.1 2.4 2.9
v 2.1 2.4 -3
v 2.1 2.4 -3.1
v 2.1 2.5 3
v 2.1 2.5 2.9
v 2.1 2.5 -3
v 2.1 2.5 -3.1
v 2.2 2.2 2.9
v 2.2 2.2 2.8
v 2.2 2.2 -2.9
v 2.2 2.2 -3
v 2.2 2.4 2.9
v 2.2 2.4 2.8
v 2.2 2.4 -2.9
v 2.2 2.4 -3
v 2.2 2.5 2.9
v 2.2 2.5 2.8
v 2.2 2.5 -2.9
v 2.2 2.5 -3
v 2.3 2.2 2.8
v 2.3 2.2 2.7
v 2.3 2.2 -2.8
v 2.3 2.2 -2.9
v 2.3 2.4 2.8
v 2.3 2.4 2.7
v 2.3 2.4 -2.8
v 2.3 2.4 -2.9
v 2.3 2.5 2.8
v 2.3 2.5 2.7
v 2.3 2.5 -2.8
v 2.3 2.5 -2.9
v 2.4 2.2 2.7
v 2.4 2.2 2.6
v 2.4 2.2 -2.7
v 2.4 2.2 -2.8
v 2.4 2.4 2.7
v 2.4 2.4 2.6
v 2.4 2.4 -2.7
v 2.4 2.4 -2.8
v 2.4 2.5 2.7
v 2.4 2.5 2.6
v 2.4 2.5 -2.7
v 2.4 2.5 -2.8
v 2.5 2.2 2.6
v 2.5 2.2 2.5
v 2.5 2.2 -2.6
v 2.5 2.2 -2.7
v 2.5 2.4 2.6
v 2.5 2.4 2.5
v 2.5 2.4 -2.6
v 2.5 2.4 -2.7
v 2.5 2.5 2.6
v 2.5 2.5 2.5
v 2.5 2.5 -2.6
v 2.5 2.5 -2.7
v 2.6 2.2 2.5
v 2.6 2.2 2.4
v 2.6 2.2 -2.5
v 2.6 2.2 -2.6
v 2.6 2.4 2.5
v 2.6 2.4 2.4
v 2.6 2.4 -2.5
v 2.6 2.4 -2.6
v 2.6 2.5 2.5
v 2.6 2.5 2.4
v 2.6 2.5 -2.5
v 2.6 2.5 -2.6
v 2.7 2.2 2.4
v 2.7 2.2 2.3
v 2.7 2.2 -2.4
v 2.7 2.2 -2.5
v 2.7 2.4 2.4
v 2.7 2.4 2.3
v 2.7 2.4 -2.4
v 2.7 2.4 -2.5
v 2.7 2.5 2.4
v 2.7 2.5 2.3
v 2.7 2.5 -2.4
v 2.7 2.5 -2.5
v 2.8 2.2 2.3
v 2.8 2.2 2.1
v 2.8 2.2 -2.2
v 2.8 2.2 -2.4
v 2.8 2.4 2.3
v 2.8 2.4 2.1
v 2.8 2.4 -2.2
v 2.8 2.4 -2.4
v 2.8 2.5 2.3
v 2.8 2.5 2.1
v 2.8 2.5 -2.2
v 2.8 2.5 -2.4
v 2.9 2.2 2.1
v 2.9 2.2 2
v 2.9 2.2 -2.1
v 2.9 2.2 -2.2
v 2.9 2.4 2.1
v 2.9 2.4 2
v 2.9 2.4 -2.1
v 2.9 2.4 -2.2
v 2.9 2.5 2.1
v 2.9 2.5 2
v 2.9 2.5 -2.1
v 2.9 2.5 -2.2
v 3 2.2 2
v 3 2.2 1.8
v 3 2.2 -1.9
v 3 2.2 -2.1
v 3 2.4 2
v 3 2.4 1.8
v 3 2.4 -1.9
v 3 2.4 -2.1
v 3 2.5 2
v 3 2.5 1.8
v 3 2.5 -1.9
v 3 2.5 -2.1
v 3.1 2.2 1.8
v 3.1 2.2 1.6
v 3.1 2.2 -1.7
v 3.1 2.2 -1.9
v 3.1 2.4 1.8
v 3.1 2.4 1.6
v 3.1 2.4 -1.7
v 3.1 2.4 -1.9
v 3.1 2.5 1.8
v 3.1 2.5 1.6
v 3.1 2.5 -1.7
v 3.1 2.5 -1.9
v 3.2 2.2 1.6
v 3.2 2.2 1.3
v 3.2 2.2 -1.4
v 3.2 2.2 -1.7
v 3.2 2.4 1.6
v 3.2 2.4 1.3
v 3.2 2.4 -1.4
v 3.2 2.4 -1.7
v 3.2 2.5 1.6
v 3.2 2.5 1.3
v 3.2 2.5 -1.4
v 3.2 2.5 -1.7
v 3.3 2.2 1.3
v 3.3 2.2 1
v 3.3 2.2 -1.1
v 3.3 2.2 -1.4
v 3.3 2.4 1.3
v 3.3 2.4 1
v 3.3 2.4 -1.1
v 3.3 2.4 -1.4
v 3.3 2.5 1.3
v 3.3 2.5 1
v 3.3 2.5 -1.1
v 3.3 2.5 -1.4
v 3.4 2.2 1
v 3.4 2.2 0.6
v 3.4 2.2 -0.7
v 3.4 2.2 -1.1
v 3.4 2.4 1
v 3.4 2.4 0.6
v 3.4 2.4 -0.7
v 3.4 2.4 -1.1
v 3.4 2.5 1
v 3.4 2.5 0.6
v 3.4 2.5 -0.7
v 3.4 2.5 -1.1
v 3.5 2.2 0.6
v 3.5 2.2 -0.7
v 3.5 2.4 0.6
v 3.5 2.4 -0.7
v 3.5 2.5 0.6
v 3.5 2.5 -0.7
v -4.4 2.2 0.6
v -4.4 2.2 0.5
v -4.4 2.2 0
v -4.4 2.2 -0.0999999
v -4.4 2.2 -0.6
v -4.4 2.2 -0.7
v -4.4 2.3 0.5
v -4.4 2.3 0
v -4.4 2.3 -0.0999999
v -4.4 2.3 -0.6
v -4.4 2.5 0.6
v -4.4 2.5 -0.7
v -4.3 2.2 1
v -4.3 2.2 0.6
v -4.3 2.2 -0.7
v -4.3 2.2 -1.1
v -4.3 2.5 1
v -4.3 2.5 0.6
v -4.3 2.5 -0.7
v -4.3 2.5 -1.1
v -4.2 2.2 1.3
v -4.2 2.2 1
v -4.2 2.2 -1.1
v -4.2 2.2 -1.4
v -4.2 2.5 1.3
v -4.2 2.5 1
v -4.2 2.5 -1.1
v -4.2 2.5 -1.4
v -4.1 2.2 1.6
v -4.1 2.2 1.3
v -4.1 2.2 -1.4
v -4.1 2.2 -1.7
v -4.1 2.5 1.6
v -4.1 2.5 1.3
v -4.1 2.5 -1.4
v -4.1 2.5 -1.7
v -4 2.2 1.8
v -4 2.2 1.6
v -4 2.2 -1.7
v -4 2.2 -1.9
v -4 2.5 1.8
v -4 2.5 1.6
v -4 2.5 -1.7
v -4 2.5 -1.9
v -3.9 2.2 2
v -3.9 2.2 1.8
v -3.9 2.2 -1.9
v -3.9 2.2 -2.1
v -3.9 2.5 2
v -3.9 2.5 1.8
v -3.9 2.5 -1.9
v -3.9 2.5 -2.1
v -3.8 2.2 2.1
v -3.8 2.2 2
v -3.8 2.2 -2.1
v -3.8 2.2 -2.2
v -3.8 2.5 2.1
v -3.8 2.5 2
v -3.8 2.5 -2.1
v -3.8 2.5 -2.2
v -3.7 2.2 2.3
v -3.7 2.2 2.1
v -3.7 2.2 -2.2
v -3.7 2.2 -2.4
v -3.7 2.5 2.3
v -3.7 2.5 2.1
v -3.7 2.5 -2.2
v -3.7 2.5 -2.4
v -3.6 2.2 2.4
v -3.6 2.2 2.3
v -3.6 2.2 -2.4
v -3.6 2.2 -2.5
v -3.6 2.5 2.4
v -3.6 2.5 2.3
v -3.6 2.5 -2.4
v -3.6 2.5 -2.5
v -3.5 2.2 2.5
v -3.5 2.2 2.4
v -3.5 2.2 -2.5
v -3.5 2.2 -2.6
v -3.5 2.5 2.5
v -3.5 2.5 2.4
v -3.5 2.5 -2.5
v -3.5 2.5 -2.6
v -3.4 2.2 2.6
v -3.4 2.2 2.5
v -3.4 2.2 -2.6
v -3.4 2.2 -2.7
v -3.4 2.5 2.6
v -3.4 2.5 2.5
v -3.4 2.5 -2.6
v -3.4 2.5 -2.7
v -3.3 2.2 2.7
v -3.3 2.2 2.6
v -3.3 2.2 -2.7
v -3.3 2.2 -2.8
v -3.3 2.5 2.7
v -3.3 2.5 2.6
v -3.3 2.5 -2.7
v -3.3 2.5 -2.8
v -3.2 2.2 2.8
v -3.2 2.2 2.7
v -3.2 2.2 -2.8
v -3.2 2.2 -2.9
v -3.2 2.5 2.8
v -3.2 2.5 2.7
v -3.2 2.5 -2.8
v -3.2 2.5 -2.9
v -3.1 2.2 2.9
v -3.1 2.2 2.8
v -3.1 2.2 -2.9
v -3.1 2.2 -3
v -3.1 2.5 2.9
v -3.1 2.5 2.8
v -3.1 2.5 -2.9
v -3.1 2.5 -3
v -3 2.2 3
v -3 2.2 2.9
v -3 2.2 -3
v -3 2.2 -3.1
v -3 2.5 3
v -3 2.5 2.9
v -3 2.5 -3
v -3 2.5 -3.1
v -2.9 2.2 3.1
v -2.9 2.2 3
v -2.9 2.2 -3.1
v -2.9 2.2 -3.2
v -2.9 2.5 3.1
v -2.9 2.5 3
v -2.9 2.5 -3.1
v -2.9 2.5 -3.2
v -2.8 2.2 3.2
v -2.8 2.2 3.1
v -2.8 2.2 -3.2
v -2.8 2.2 -3.3
v -2.8 2.5 3.2
v -2.8 2.5 3.1
v -2.8 2.5 -3.2
v -2.8 2.5 -3.3
v -2.6 2.2 3.3
v -2.6 2.2 3.2
v -2.6 2.2 -3.3
v -2.6 2.2 -3.4
v -2.6 2.5 3.3
v -2.6 2.5 3.2
v -2.6 2.5 -3.3
v -2.6 2.5 -3.4
v -2.5 2.2 3.4
v -2.5 2.2 3.3
v -2.5 2.2 -3.4
v -2.5 2.2 -3.5
v -2.5 2.5 3.4
v -2.5 2.5 3.3
v -2.5 2.5 -3.4
v -2.5 2.5 -3.5
v -2.3 2.2 3.5
v -2.3 2.2 3.4
v -2.3 2.2 -3.5
v -2.3 2.2 -3.6
v -2.3 2.5 3.5
v -2.3 2.5 3.4
v -2.3 2.5 -3.5
v -2.3 2.5 -3.6
v -2.1 2.2 3.6
v -2.1 2.2 3.5
v -2.1 2.2 -3.6
v -2.1 2.2 -3.7
v -2.1 2.5 3.6
v -2.1 2.5 3.5
v -2.1 2.5 -3.6
v -2.1 2.5 -3.7
v -1.8 2.2 3.7
v -1.8 2.2 3.6
v -1.8 2.2 -3.7
v -1.8 2.2 -3.8
v -1.8 2.5 3.7
v -1.8 2.5 3.6
v -1.8 2.5 -3.7
v -1.8 2.5 -3.8
v -1.5 2.2 3.8
v -1.5 2.2 3.7
v -1.5 2.2 -3.8
v -1.5 2.2 -3.9
v -1.5 2.5 3.8
v -1.5 2.5 3.7
v -1.5 2.5 -3.8
v -1.5 2.5 -3.9
v -1.4 2.4 3.9
v -1.4 2.4 3.8
v -1.4 2.5 3.9
v -1.4 2.5 3.8
v -1.1 2.2 3.9
v -1.1 2.2 3.8
v -1.1 2.2 -3.9
v -1.1 2.2 -4
v -1.1 2.3 3.9
v -1.1 2.3 -4
v -1.1 2.4 3.9
v -1.1 2.4 3.8
v -1.1 2.4 -3.9
v -1.1 2.4 -4
v -1.1 2.5 3.9
v -1.1 2.5 3.8
v -1.1 2.5 -3.9
v -1.1 2.5 -4
v -0.9 1.7 4.1
v -0.9 1.7 4
v -0.9 1.7 -4.1
v -0.9 1.7 -4.2
v -0.9 2.2 4.1
v -0.9 2.2 4
v -0.9 2.2 -4.1
v -0.9 2.2 -4.2
v 0.0999999 1.6 4.1
v 0.0999999 1.6 4
v 0.0999999 1.6 -4.1
v 0.0999999 1.6 -4.2
v 0.0999999 2.3 4.1
v 0.0999999 2.3 4
v 0.0999999 2.3 -4.1
v 0.0999999 2.3 -4.2
v 0.2 0.7 4.8
v 0.2 0.7 4.7
v 0.2 0.7 -4.8
v 0.2 0.7 -4.9
v 0.2 1.1 4.8
v 0.2 1.1 4.7
v 0.2 1.1 4.4
v 0.2 1.1 4.3
v 0.2 1.1 -4.4
v 0.2 1.1 -4.5
v 0.2 1.1 -4.8
v 0.2 1.1 -4.9
v 0.2 1.5 4.4
v 0.2 1.5 4.3
v 0.2 1.5 4
v 0.2 1.5 3.9
v 0.2 1.5 -4
v 0.2 1.5 -4.1
v 0.2 1.5 -4.4
v 0.2 1.5 -4.5
v 0.2 2.4 4
v 0.2 2.4 3.9
v 0.2 2.4 -4
v 0.2 2.4 -4.1
v 0.2 2.5 4
v 0.2 2.5 3.9
v 0.2 2.5 -4
v 0.2 2.5 -4.1
v 0.3 0 5.2
v 0.3 0 5.1
v 0.3 0 -5.2
v 0.3 0 -5.3
v 0.3 0.7 5.2
v 0.3 0.7 5.1
v 0.3 0.7 -5.2
v 0.3 0.7 -5.3
v 0.6 1.5 3.9
v 0.6 1.5 3.8
v 0.6 1.5 -3.9
v 0.6 1.5 -4
v 0.6 2.4 3.9
v 0.6 2.4 3.8
v 0.6 2.4 -3.9
v 0.6 2.4 -4
v 0.6 2.5 3.9
v 0.6 2.5 3.8
v 0.6 2.5 -3.9
v 0.6 2.5 -4
v 0.7 0.7 4.7
v 0.7 0.7 4.6
v 0.7 0.7 -4.7
v 0.7 0.7 -4.8
v 0.7 1.1 4.7
v 0.7 1.1 4.6
v 0.7 1.1 4.3
v 0.7 1.1 4.2
v 0.7 1.1 -4.3
v 0.7 1.1 -4.4
v 0.7 1.1 -4.7
v 0.7 1.1 -4.8
v 0.7 1.5 4.3
v 0.7 1.5 4.2
v 0.7 1.5 -4.3
v 0.7 1.5 -4.4
v 0.8 0 5.1
v 0.8 0 5
v 0.8 0 -5.1
v 0.8 0 -5.2
v 0.8 0.7 5.1
v 0.8 0.7 5
v 0.8 0.7 -5.1
v 0.8 0.7 -5.2
v 1 1.1 4.2
v 1 1.1 4.1
v 1 1.1 -4.2
v 1 1.1 -4.3
v 1 1.5 4.2
v 1 1.5 4.1
v 1 1.5 3.8
v 1 1.5 3.7
v 1 1.5 -3.8
v 1 1.5 -3.9
v 1 1.5 -4.2
v 1 1.5 -4.3
v 1 2.4 3.8
v 1 2.4 3.7
v 1 2.4 -3.8
v 1 2.4 -3.9
v 1 2.5 3.8
v 1 2.5 3.7
v 1 2.5 -3.8
v 1 2.5 -3.9
v 1.1 0.7 4.6
v 1.1 0.7 4.5
v 1.1 0.7 -4.6
v 1.1 0.7 -4.7
v 1.1 1.1 4.6
v 1.1 1.1 4.5
v 1.1 1.1 -4.6
v 1.1 1.1 -4.7
v 1.2 0 5
v 1.2 0 4.9
v 1.2 0 -5
v 1.2 0 -5.1
v 1.2 0.7 5
v 1.2 0.7 4.9
v 1.2 0.7 -5
v 1.2 0.7 -5.1
v 1.2 1.5 3.7
v 1.2 1.5 3.6
v 1.2 1.5 -3.7
v 1.2 1.5 -3.8
v 1.2 2.4 3.7
v 1.2 2.4 3.6
v 1.2 2.4 -3.7
v 1.2 2.4 -3.8
v 1.2 2.5 3.7
v 1.2 2.5 3.6
v 1.2 2.5 -3.7
v 1.2 2.5 -3.8
v 1.3 1.1 4.1
v 1.3 1.1 4
v 1.3 1.1 -4.1
v 1.3 1.1 -4.2
v 1.3 1.5 4.1
v 1.3 1.5 4
v 1.3 1.5 -4.1
v 1.3 1.5 -4.2
v 1.4 0 4.9
v 1.4 0 4.8
v 1.4 0 -4.9
v 1.4 0 -5
v 1.4 0.7 4.9
v 1.4 0.7 4.8
v 1.4 0.7 4.5
v 1.4 0.7 4.4
v 1.4 0.7 -4.5
v 1.4 0.7 -4.6
v 1.4 0.7 -4.9
v 1.4 0.7 -5
v 1.4 1.1 4.5
v 1.4 1.1 4.4
v 1.4 1.1 -4.5
v 1.4 1.1 -4.6
v 1.4 1.5 3.6
v 1.4 1.5 3.5
v 1.4 1.5 -3.6
v 1.4 1.5 -3.7
v 1.4 2.4 3.6
v 1.4 2.4 3.5
v 1.4 2.4 -3.6
v 1.4 2.4 -3.7
v 1.4 2.5 3.6
v 1.4 2.5 3.5
v 1.4 2.5 -3.6
v 1.4 2.5 -3.7
v 1.5 1.1 4
v 1.5 1.1 3.9
v 1.5 1.1 -4
v 1.5 1.1 -4.1
v 1.5 1.5 4
v 1.5 1.5 3.9
v 1.5 1.5 -4
v 1.5 1.5 -4.1
v 1.6 0.7 4.4
v 1.6 0.7 4.3
v 1.6 0.7 -4.4
v 1.6 0.7 -4.5
v 1.6 1.1 4.4
v 1.6 1.1 4.3
v 1.6 1.1 -4.4
v 1.6 1.1 -4.5
v 1.6 1.5 3.5
v 1.6 1.5 3.4
v 1.6 1.5 -3.5
v 1.6 1.5 -3.6
v 1.6 2.4 3.5
v 1.6 2.4 3.4
v 1.6 2.4 -3.5
v 1.6 2.4 -3.6
v 1.6 2.5 3.5
v 1.6 2.5 3.4
v 1.6 2.5 -3.5
v 1.6 2.5 -3.6
v 1.7 0 4.8
v 1.7 0 4.7
v 1.7 0 -4.8
v 1.7 0 -4.9
v 1.7 0.7 4.8
v 1.7 0.7 4.7
v 1.7 0.7 -4.8
v 1.7 0.7 -4.9
v 1.7 1.1 3.9
v 1.7 1.1 3.8
v 1.7 1.1 -3.9
v 1.7 1.1 -4
v 1.7 1.5 3.9
v 1.7 1.5 3.8
v 1.7 1.5 -3.9
v 1.7 1.5 -4
v 1.8 0.7 4.3
v 1.8 0.7 4.2
v 1.8 0.7 -4.3
v 1.8 0.7 -4.4
v 1.8 1.1 4.3
v 1.8 1.1 4.2
v 1.8 1.1 -4.3
v 1.8 1.1 -4.4
v 1.8 1.5 3.4
v 1.8 1.5 3.3
v 1.8 1.5 -3.4
v 1.8 1.5 -3.5
v 1.8 2.4 3.4
v 1.8 2.4 3.3
v 1.8 2.4 -3.4
v 1.8 2.4 -3.5
v 1.8 2.5 3.4
v 1.8 2.5 3.3
v 1.8 2.5 -3.4
v 1.8 2.5 -3.5
v 1.9 0 4.7
v 1.9 0 4.6
v 1.9 0 -4.7
v 1.9 0 -4.8
v 1.9 0.7 4.7
v 1.9 0.7 4.6
v 1.9 0.7 -4.7
v 1.9 0.7 -4.8
v 1.9 1.1 3.8
v 1.9 1.1 3.7
v 1.9 1.1 -3.8
v 1.9 1.1 -3.9
v 1.9 1.5 3.8
v 1.9 1.5 3.7
v 1.9 1.5 3.3
v 1.9 1.5 3.2
v 1.9 1.5 -3.3
v 1.9 1.5 -3.4
v 1.9 1.5 -3.8
v 1.9 1.5 -3.9
v 1.9 2.4 3.3
v 1.9 2.4 3.2
v 1.9 2.4 -3.3
v 1.9 2.4 -3.4
v 1.9 2.5 3.3
v 1.9 2.5 3.2
v 1.9 2.5 -3.3
v 1.9 2.5 -3.4
v 2 0.7 4.2
v 2 0.7 4.1
v 2 0.7 -4.2
v 2 0.7 -4.3
v 2 1.1 4.2
v 2 1.1 4.1
v 2 1.1 3.7
v 2 1.1 3.6
v 2 1.1 -3.7
v 2 1.1 -3.8
v 2 1.1 -4.2
v 2 1.1 -4.3
v 2 1.5 3.7
v 2 1.5 3.6
v 2 1.5 3.2
v 2 1.5 3.1
v 2 1.5 -3.2
v 2 1.5 -3.3
v 2 1.5 -3.7
v 2 1.5 -3.8
v 2 2.4 3.2
v 2 2.4 3.1
v 2 2.4 -3.2
v 2 2.4 -3.3
v 2 2.5 3.2
v 2 2.5 3.1
v 2 2.5 -3.2
v 2 2.5 -3.3
v 2.1 0 4.6
v 2.1 0 4.5
v 2.1 0 -4.6
v 2.1 0 -4.7
v 2.1 0.7 4.6
v 2.1 0.7 4.5
v 2.1 0.7 4.1
v 2.1 0.7 4
v 2.1 0.7 -4.1
v 2.1 0.7 -4.2
v 2.1 0.7 -4.6
v 2.1 0.7 -4.7
v 2.1 1.1 4.1
v 2.1 1.1 4
v 2.1 1.1 -4.1
v 2.1 1.1 -4.2
v 2.2 1.1 3.6
v 2.2 1.1 3.5
v 2.2 1.1 -3.6
v 2.2 1.1 -3.7
v 2.2 1.5 3.6
v 2.2 1.5 3.5
v 2.2 1.5 3.1
v 2.2 1.5 3
v 2.2 1.5 -3.1
v 2.2 1.5 -3.2
v 2.2 1.5 -3.6
v 2.2 1.5 -3.7
v 2.2 2.4 3.1
v 2.2 2.4 3
v 2.2 2.4 -3.1
v 2.2 2.4 -3.2
v 2.2 2.5 3.1
v 2.2 2.5 3
v 2.2 2.5 -3.1
v 2.2 2.5 -3.2
v 2.3 0 4.5
v 2.3 0 4.4
v 2.3 0 -4.5
v 2.3 0 -4.6
v 2.3 0.7 4.5
v 2.3 0.7 4.4
v 2.3 0.7 4
v 2.3 0.7 3.9
v 2.3 0.7 -4
v 2.3 0.7 -4.1
v 2.3 0.7 -4.5
v 2.3 0.7 -4.6
v 2.3 1.1 4
v 2.3 1.1 3.9
v 2.3 1.1 3.5
v 2.3 1.1 3.4
v 2.3 1.1 -3.5
v 2.3 1.1 -3.6
v 2.3 1.1 -4
v 2.3 1.1 -4.1
v 2.3 1.5 3.5
v 2.3 1.5 3.4
v 2.3 1.5 3
v 2.3 1.5 2.9
v 2.3 1.5 -3
v 2.3 1.5 -3.1
v 2.3 1.5 -3.5
v 2.3 1.5 -3.6
v 2.3 2.4 3
v 2.3 2.4 2.9
v 2.3 2.4 -3
v 2.3 2.4 -3.1
v 2.3 2.5 3
v 2.3 2.5 2.9
v 2.3 2.5 -3
v 2.3 2.5 -3.1
v 2.4 0 4.4
v 2.4 0 4.3
v 2.4 0 -4.4
v 2.4 0 -4.5
v 2.4 0.7 4.4
v 2.4 0.7 4.3
v 2.4 0.7 3.9
v 2.4 0.7 3.8
v 2.4 0.7 -3.9
v 2.4 0.7 -4
v 2.4 0.7 -4.4
v 2.4 0.7 -4.5
v 2.4 1.1 3.9
v 2.4 1.1 3.8
v 2.4 1.1 3.4
v 2.4 1.1 3.3
v 2.4 1.1 -3.4
v 2.4 1.1 -3.5
v 2.4 1.1 -3.9
v 2.4 1.1 -4
v 2.4 1.5 3.4
v 2.4 1.5 3.3
v 2.4 1.5 2.9
v 2.4 1.5 2.8
v 2.4 1.5 -2.9
v 2.4 1.5 -3
v 2.4 1.5 -3.4
v 2.4 1.5 -3.5
v 2.4 2.4 2.9
v 2.4 2.4 2.8
v 2.4 2.4 -2.9
v 2.4 2.4 -3
v 2.4 2.5 2.9
v 2.4 2.5 2.8
v 2.4 2.5 -2.9
v 2.4 2.5 -3
v 2.5 1.1 3.3
v 2.5 1.1 3.2
v 2.5 1.1 -3.3
v 2.5 1.1 -3.4
v 2.5 1.5 3.3
v 2.5 1.5 3.2
v 2.5 1.5 2.8
v 2.5 1.5 2.7
v 2.5 1.5 -2.8
v 2.5 1.5 -2.9
v 2.5 1.5 -3.3
v 2.5 1.5 -3.4
v 2.5 2.4 2.8
v 2.5 2.4 2.7
v 2.5 2.4 -2.8
v 2.5 2.4 -2.9
v 2.5 2.5 2.8
v 2.5 2.5 2.7
v 2.5 2.5 -2.8
v 2.5 2.5 -2.9
v 2.6 0 4.3
v 2.6 0 4.2
v 2.6 0 -4.3
v 2.6 0 -4.4
v 2.6 0.7 4.3
v 2.6 0.7 4.2
v 2.6 0.7 3.8
v 2.6 0.7 3.7
v 2.6 0.7 -3.8
v 2.6 0.7 -3.9
v 2.6 0.7 -4.3
v 2.6 0.7 -4.4
v 2.6 1.1 3.8
v 2.6 1.1 3.7
v 2.6 1.1 3.2
v 2.6 1.1 3.1
v 2.6 1.1 -3.2
v 2.6 1.1 -3.3
v 2.6 1.1 -3.8
v 2.6 1.1 -3.9
v 2.6 1.5 3.2
v 2.6 1.5 3.1
v 2.6 1.5 2.7
v 2.6 1.5 2.6
v 2.6 1.5 -2.7
v 2.6 1.5 -2.8
v 2.6 1.5 -3.2
v 2.6 1.5 -3.3
v 2.6 2.4 2.7
v 2.6 2.4 2.6
v 2.6 2.4 -2.7
v 2.6 2.4 -2.8
v 2.6 2.5 2.7
v 2.6 2.5 2.6
v 2.6 2.5 -2.7
v 2.6 2.5 -2.8
v 2.7 0 4.2
v 2.7 0 4.1
v 2.7 0 -4.2
v 2.7 0 -4.3
v 2.7 0.7 4.2
v 2.7 0.7 4.1
v 2.7 0.7 3.7
v 2.7 0.7 3.6
v 2.7 0.7 -3.7
v 2.7 0.7 -3.8
v 2.7 0.7 -4.2
v 2.7 0.7 -4.3
v 2.7 1.1 3.7
v 2.7 1.1 3.6
v 2.7 1.1 3.1
v 2.7 1.1 3
v 2.7 1.1 -3.1
v 2.7 1.1 -3.2
v 2.7 1.1 -3.7
v 2.7 1.1 -3.8
v 2.7 1.5 3.1
v 2.7 1.5 3
v 2.7 1.5 2.6
v 2.7 1.5 2.4
v 2.7 1.5 -2.5
v 2.7 1.5 -2.7
v 2.7 1.5 -3.1
v 2.7 1.5 -3.2
v 2.7 2.4 2.6
v 2.7 2.4 2.4
v 2.7 2.4 -2.5
v 2.7 2.4 -2.7
v 2.7 2.5 2.6
v 2.7 2.5 2.4
v 2.7 2.5 -2.5
v 2.7 2.5 -2.7
v 2.8 0 4.1
v 2.8 0 4
v 2.8 0 -4.1
v 2.8 0 -4.2
v 2.8 0.7 4.1
v 2.8 0.7 4
v 2.8 0.7 3.6
v 2.8 0.7 3.5
v 2.8 0.7 -3.6
v 2.8 0.7 -3.7
v 2.8 0.7 -4.1
v 2.8 0.7 -4.2
v 2.8 1.1 3.6
v 2.8 1.1 3.5
v 2.8 1.1 3
v 2.8 1.1 2.9
v 2.8 1.1 -3
v 2.8 1.1 -3.1
v 2.8 1.1 -3.6
v 2.8 1.1 -3.7
v 2.8 1.5 3
v 2.8 1.5 2.9
v 2.8 1.5 2.4
v 2.8 1.5 2.3
v 2.8 1.5 -2.4
v 2.8 1.5 -2.5
v 2.8 1.5 -3
v 2.8 1.5 -3.1
v 2.8 2.4 2.4
v 2.8 2.4 2.3
v 2.8 2.4 -2.4
v 2.8 2.4 -2.5
v 2.8 2.5 2.4
v 2.8 2.5 2.3
v 2.8 2.5 -2.4
v 2.8 2.5 -2.5
v 2.9 0.7 3.5
v 2.9 0.7 3.4
v 2.9 0.7 -3.5
v 2.9 0.7 -3.6
v 2.9 1.1 3.5
v 2.9 1.1 3.4
v 2.9 1.1 2.9
v 2.9 1.1 2.8
v 2.9 1.1 -2.9
v 2.9 1.1 -3
v 2.9 1.1 -3.5
v 2.9 1.1 -3.6
v 2.9 1.5 2.9
v 2.9 1.5 2.8
v 2.9 1.5 2.3
v 2.9 1.5 2.2
v 2.9 1.5 -2.3
v 2.9 1.5 -2.4
v 2.9 1.5 -2.9
v 2.9 1.5 -3
v 2.9 2.4 2.3
v 2.9 2.4 2.2
v 2.9 2.4 -2.3
v 2.9 2.4 -2.4
v 2.9 2.5 2.3
v 2.9 2.5 2.2
v 2.9 2.5 -2.3
v 2.9 2.5 -2.4
v 3 0 4
v 3 0 3.9
v 3 0 -4
v 3 0 -4.1
v 3 0.7 4
v 3 0.7 3.9
v 3 0.7 3.4
v 3 0.7 3.3
v 3 0.7 -3.4
v 3 0.7 -3.5
v 3 0.7 -4
v 3 0.7 -4.1
v 3 1.1 3.4
v 3 1.1 3.3
v 3 1.1 2.8
v 3 1.1 2.7
v 3 1.1 -2.8
v 3 1.1 -2.9
v 3 1.1 -3.4
v 3 1.1 -3.5
v 3 1.5 2.8
v 3 1.5 2.7
v 3 1.5 2.2
v 3 1.5 2
v 3 1.5 -2.1
v 3 1.5 -2.3
v 3 1.5 -2.8
v 3 1.5 -2.9
v 3 2.4 2.2
v 3 2.4 2
v 3 2.4 -2.1
v 3 2.4 -2.3
v 3 2.5 2.2
v 3 2.5 2
v 3 2.5 -2.1
v 3 2.5 -2.3
v 3.1 0 3.9
v 3.1 0 3.8
v 3.1 0 -3.9
v 3.1 0 -4
v 3.1 0.7 3.9
v 3.1 0.7 3.8
v 3.1 0.7 3.3
v 3.1 0.7 3.2
v 3.1 0.7 -3.3
v 3.1 0.7 -3.4
v 3.1 0.7 -3.9
v 3.1 0.7 -4
v 3.1 1.1 3.3
v 3.1 1.1 3.2
v 3.1 1.1 2.7
v 3.1 1.1 2.6
v 3.1 1.1 -2.7
v 3.1 1.1 -2.8
v 3.1 1.1 -3.3
v 3.1 1.1 -3.4
v 3.1 1.5 2.7
v 3.1 1.5 2.6
v 3.1 1.5 2
v 3.1 1.5 1.8
v 3.1 1.5 -1.9
v 3.1 1.5 -2.1
v 3.1 1.5 -2.7
v 3.1 1.5 -2.8
v 3.1 2.4 2
v 3.1 2.4 1.8
v 3.1 2.4 -1.9
v 3.1 2.4 -2.1
v 3.1 2.5 2
v 3.1 2.5 1.8
v 3.1 2.5 -1.9
v 3.1 2.5 -2.1
v 3.2 0 3.8
v 3.2 0 3.7
v 3.2 0 -3.8
v 3.2 0 -3.9
v 3.2 0.7 3.8
v 3.2 0.7 3.7
v 3.2 0.7 3.2
v 3.2 0.7 3.1
v 3.2 0.7 -3.2
v 3.2 0.7 -3.3
v 3.2 0.7 -3.8
v 3.2 0.7 -3.9
v 3.2 1.1 3.2
v 3.2 1.1 3.1
v 3.2 1.1 2.6
v 3.2 1.1 2.4
v 3.2 1.1 -2.5
v 3.2 1.1 -2.7
v 3.2 1.1 -3.2
v 3.2 1.1 -3.3
v 3.2 1.5 2.6
v 3.2 1.5 2.4
v 3.2 1.5 1.8
v 3.2 1.5 1.6
v 3.2 1.5 -1.7
v 3.2 1.5 -1.9
v 3.2 1.5 -2.5
v 3.2 1.5 -2.7
v 3.2 2.4 1.8
v 3.2 2.4 1.6
v 3.2 2.4 -1.7
v 3.2 2.4 -1.9
v 3.2 2.5 1.8
v 3.2 2.5 1.6
v 3.2 2.5 -1.7
v 3.2 2.5 -1.9
v 3.3 0 3.7
v 3.3 0 3.6
v 3.3 0 -3.7
v 3.3 0 -3.8
v 3.3 0.7 3.7
v 3.3 0.7 3.6
v 3.3 0.7 3.1
v 3.3 0.7 3
v 3.3 0.7 -3.1
v 3.3 0.7 -3.2
v 3.3 0.7 -3.7
v 3.3 0.7 -3.8
v 3.3 1.1 3.1
v 3.3 1.1 3
v 3.3 1.1 2.4
v 3.3 1.1 2.3
v 3.3 1.1 -2.4
v 3.3 1.1 -2.5
v 3.3 1.1 -3.1
v 3.3 1.1 -3.2
v 3.3 1.5 2.4
v 3.3 1.5 2.3
v 3.3 1.5 1.6
v 3.3 1.5 1.4
v 3.3 1.5 -1.5
v 3.3 1.5 -1.7
v 3.3 1.5 -2.4
v 3.3 1.5 -2.5
v 3.3 2.4 1.6
v 3.3 2.4 1.4
v 3.3 2.4 -1.5
v 3.3 2.4 -1.7
v 3.3 2.5 1.6
v 3.3 2.5 1.4
v 3.3 2.5 -1.5
v 3.3 2.5 -1.7
v 3.4 0 3.6
v 3.4 0 3.5
v 3.4 0 -3.6
v 3.4 0 -3.7
v 3.4 0.7 3.6
v 3.4 0.7 3.5
v 3.4 0.7 3
v 3.4 0.7 2.8
v 3.4 0.7 -2.9
v 3.4 0.7 -3.1
v 3.4 0.7 -3.6
v 3.4 0.7 -3.7
v 3.4 1.1 3
v 3.4 1.1 2.8
v 3.4 1.1 2.3
v 3.4 1.1 2.1
v 3.4 1.1 -2.2
v 3.4 1.1 -2.4
v 3.4 1.1 -2.9
v 3.4 1.1 -3.1
v 3.4 1.5 2.3
v 3.4 1.5 2.1
v 3.4 1.5 1.4
v 3.4 1.5 1
v 3.4 1.5 -1.1
v 3.4 1.5 -1.5
v 3.4 1.5 -2.2
v 3.4 1.5 -2.4
v 3.4 2.4 1.4
v 3.4 2.4 1
v 3.4 2.4 -1.1
v 3.4 2.4 -1.5
v 3.4 2.5 1.4
v 3.4 2.5 1
v 3.4 2.5 -1.1
v 3.4 2.5 -1.5
v 3.5 0 3.5
v 3.5 0 3.4
v 3.5 0 -3.5
v 3.5 0 -3.6
v 3.5 0.7 3.5
v 3.5 0.7 3.4
v 3.5 0.7 2.8
v 3.5 0.7 2.7
v 3.5 0.7 -2.8
v 3.5 0.7 -2.9
v 3.5 0.7 -3.5
v 3.5 0.7 -3.6
v 3.5 1.1 2.8
v 3.5 1.1 2.7
v 3.5 1.1 2.1
v 3.5 1.1 1.9
v 3.5 1.1 -2
v 3.5 1.1 -2.2
v 3.5 1.1 -2.8
v 3.5 1.1 -2.9
v 3.5 1.5 2.1
v 3.5 1.5 1.9
v 3.5 1.5 1
v 3.5 1.5 0.6
v 3.5 1.5 -0.7
v 3.5 1.5 -1.1
v 3.5 1.5 -2
v 3.5 1.5 -2.2
v 3.5 2.4 1
v 3.5 2.4 0.6
v 3.5 2.4 -0.7
v 3.5 2.4 -1.1
v 3.5 2.5 1
v 3.5 2.5 0.6
v 3.5 2.5 -0.7
v 3.5 2.5 -1.1
v 3.6 0 3.4
v 3.6 0 3.2
v 3.6 0 -3.3
v 3.6 0 -3.5
v 3.6 0.7 3.4
v 3.6 0.7 3.2
v 3.6 0.7 2.7
v 3.6 0.7 2.5
v 3.6 0.7 -2.6
v 3.6 0.7 -2.8
v 3.6 0.7 -3.3
v 3.6 0.7 -3.5
v 3.6 1.1 2.7
v 3.6 1.1 2.5
v 3.6 1.1 1.9
v 3.6 1.1 1.7
v 3.6 1.1 -1.8
v 3.6 1.1 -2
v 3.6 1.1 -2.6
v 3.6 1.1 -2.8
v 3.6 1.5 1.9
v 3.6 1.5 1.7
v 3.6 1.5 0.6
v 3.6 1.5 0
v 3.6 1.5 -0.0999999
v 3.6 1.5 -0.7
v 3.6 1.5 -1.8
v 3.6 1.5 -2
v 3.6 1.7 0.5
v 3.6 1.7 -0.5
v 3.6 1.8 0.5
v 3.6 1.8 -0.5
v 3.6 1.9 0.5
v 3.6 1.9 0.0999999
v 3.6 1.9 -0.2
v 3.6 1.9 -0.5
v 3.6 2 0.5
v 3.6 2 0.0999999
v 3.6 2.1 0.5
v 3.6 2.1 0
v 3.6 2.2 0.5
v 3.6 2.2 0
v 3.6 2.2 -0.2
v 3.6 2.2 -0.5
v 3.6 2.4 0.6
v 3.6 2.4 -0.7
v 3.6 2.5 0.6
v 3.6 2.5 -0.7
v 3.7 0 3.2
v 3.7 0 3.1
v 3.7 0 -3.2
v 3.7 0 -3.3
v 3.7 0.7 3.2
v 3.7 0.7 3.1
v 3.7 0.7 2.5
v 3.7 0.7 2.4
v 3.7 0.7 -2.5
v 3.7 0.7 -2.6
v 3.7 0.7 -3.2
v 3.7 0.7 -3.3
v 3.7 1.1 2.5
v 3.7 1.1 2.4
v 3.7 1.1 1.7
v 3.7 1.1 1.4
v 3.7 1.1 -1.5
v 3.7 1.1 -1.8
v 3.7 1.1 -2.5
v 3.7 1.1 -2.6
v 3.7 1.5 1.7
v 3.7 1.5 1.4
v 3.7 1.5 -1.5
v 3.7 1.5 -1.8
v 3.8 0 3.1
v 3.8 0 3
v 3.8 0 -3.1
v 3.8 0 -3.2
v 3.8 0.7 3.1
v 3.8 0.7 3
v 3.8 0.7 2.4
v 3.8 0.7 2.2
v 3.8 0.7 -2.3
v 3.8 0.7 -2.5
v 3.8 0.7 -3.1
v 3.8 0.7 -3.2
v 3.8 1.1 2.4
v 3.8 1.1 2.2
v 3.8 1.1 1.4
v 3.8 1.1 1.1
v 3.8 1.1 -1.2
v 3.8 1.1 -1.5
v 3.8 1.1 -2.3
v 3.8 1.1 -2.5
v 3.8 1.5 1.4
v 3.8 1.5 1.1
v 3.8 1.5 -1.2
v 3.8 1.5 -1.5
v 3.9 0 3
v 3.9 0 2.8
v 3.9 0 -2.9
v 3.9 0 -3.1
v 3.9 0.7 3
v 3.9 0.7 2.8
v 3.9 0.7 2.2
v 3.9 0.7 2
v 3.9 0.7 -2.1
v 3.9 0.7 -2.3
v 3.9 0.7 -2.9
v 3.9 0.7 -3.1
v 3.9 1.1 2.2
v 3.9 1.1 2
v 3.9 1.1 1.1
v 3.9 1.1 0.6
v 3.9 1.1 -0.7
v 3.9 1.1 -1.2
v 3.9 1.1 -2.1
v 3.9 1.1 -2.3
v 3.9 1.5 1.1
v 3.9 1.5 0.6
v 3.9 1.5 -0.7
v 3.9 1.5 -1.2
v 4 0 2.8
v 4 0 2.7
v 4 0 -2.8
v 4 0 -2.9
v 4 0.7 2.8
v 4 0.7 2.7
v 4 0.7 2
v 4 0.7 1.8
v 4 0.7 -1.9
v 4 0.7 -2.1
v 4 0.7 -2.8
v 4 0.7 -2.9
v 4 1.1 2
v 4 1.1 1.8
v 4 1.1 0.6
v 4 1.1 0
v 4 1.1 -0.0999999
v 4 1.1 -0.7
v 4 1.1 -1.9
v 4 1.1 -2.1
v 4 1.5 0.6
v 4 1.5 0
v 4 1.5 -0.0999999
v 4 1.5 -0.7
v 4.1 0 2.7
v 4.1 0 2.5
v 4.1 0 -2.6
v 4.1 0 -2.8
v 4.1 0.7 2.7
v 4.1 0.7 2.5
v 4.1 0.7 1.8
v 4.1 0.7 1.5
v 4.1 0.7 -1.6
v 4.1 0.7 -1.9
v 4.1 0.7 -2.6
v 4.1 0.7 -2.8
v 4.1 1.1 1.8
v 4.1 1.1 1.5
v 4.1 1.1 -1.6
v 4.1 1.1 -1.9
v 4.2 0 2.5
v 4.2 0 2.3
v 4.2 0 -2.4
v 4.2 0 -2.6
v 4.2 0.7 2.5
v 4.2 0.7 2.3
v 4.2 0.7 1.5
v 4.2 0.7 1.1
v 4.2 0.7 -1.2
v 4.2 0.7 -1.6
v 4.2 0.7 -2.4
v 4.2 0.7 -2.6
v 4.2 1.1 1.5
v 4.2 1.1 1.1
v 4.2 1.1 -1.2
v 4.2 1.1 -1.6
v 4.3 0 2.3
v 4.3 0 2.1
v 4.3 0 -2.2
v 4.3 0 -2.4
v 4.3 0.7 2.3
v 4.3 0.7 2.1
v 4.3 0.7 1.1
v 4.3 0.7 0.6
v 4.3 0.7 -0.7
v 4.3 0.7 -1.2
v 4.3 0.7 -2.2
v 4.3 0.7 -2.4
v 4.3 1.1 1.1
v 4.3 1.1 0.6
v 4.3 1.1 -0.7
v 4.3 1.1 -1.2
v 4.4 0 2.1
v 4.4 0 1.8
v 4.4 0 -1.9
v 4.4 0 -2.2
v 4.4 0.7 2.1
v 4.4 0.7 1.8
v 4.4 0.7 0.6
v 4.4 0.7 0
v 4.4 0.7 -0.0999999
v 4.4 0.7 -0.7
v 4.4 0.7 -1.9
v 4.4 0.7 -2.2
v 4.4 1.1 0.6
v 4.4 1.1 0
v 4.4 1.1 -0.0999999
v 4.4 1.1 -0.7
v 4.5 0 1.8
v 4.5 0 1.6
v 4.5 0 -1.7
v 4.5 0 -1.9
v 4.5 0.7 1.8
v 4.5 0.7 1.6
v 4.5 0.7 -1.7
v 4.5 0.7 -1.9
v 4.6 0 1.6
v 4.6 0 1.2
v 4.6 0 -1.3
v 4.6 0 -1.7
v 4.6 0.7 1.6
v 4.6 0.7 1.2
v 4.6 0.7 -1.3
v 4.6 0.7 -1.7
v 4.7 0 1.2
v 4.7 0 0.7
v 4.7 0 -0.8
v 4.7 0 -1.3
v 4.7 0.7 1.2
v 4.7 0.7 0.7
v 4.7 0.7 -0.8
v 4.7 0.7 -1.3
v 4.8 0 0.7
v 4.8 0 0
v 4.8 0 -0.0999999
v 4.8 0 -0.8
v 4.8 0.7 0.7
v 4.8 0.7 0
v 4.8 0.7 -0.0999999
v 4.8 0.7 -0.8
v -1.2 0 5.2
v -1.2 0.7 5.2
v -0.5 0 5.2
v -0.5 0.7 5.2
v -0.4 0 5.2
v -0.4 0.7 5.2
v 0.3 0 5.2
v 0.3 0.7 5.2
v -1.7 0 5.1
v -1.7 0.7 5.1
v -1.2 0 5.1
v -1.2 0.7 5.1
v 0.3 0 5.1
v 0.3 0.7 5.1
v 0.8 0 5.1
v 0.8 0.7 5.1
v -2.1 0 5
v -2.1 0.7 5
v -1.7 0 5
v -1.7 0.7 5
v 0.8 0 5
v 0.8 0.7 5
v 1.2 0 5
v 1.2 0.7 5
v -2.3 0 4.9
v -2.3 0.7 4.9
v -2.1 0 4.9
v -2.1 0.7 4.9
v 1.2 0 4.9
v 1.2 0.7 4.9
v 1.4 0 4.9
v 1.4 0.7 4.9
v -2.6 0 4.8
v -2.6 0.7 4.8
v -2.3 0 4.8
v -2.3 0.7 4.8
v -1.1 0.7 4.8
v -1.1 1.1 4.8
v -0.5 0.7 4.8
v -0.5 1.1 4.8
v -0.4 0.7 4.8
v -0.4 1.1 4.8
v 0.2 0.7 4.8
v 0.2 1.1 4.8
v 1.4 0 4.8
v 1.4 0.7 4.8
v 1.7 0 4.8
v 1.7 0.7 4.8
v -2.8 0 4.7
v -2.8 0.7 4.7
v -2.6 0 4.7
v -2.6 0.7 4.7
v -1.6 0.7 4.7
v -1.6 1.1 4.7
v -1.1 0.7 4.7
v -1.1 1.1 4.7
v 0.2 0.7 4.7
v 0.2 1.1 4.7
v 0.7 0.7 4.7
v 0.7 1.1 4.7
v 1.7 0 4.7
v 1.7 0.7 4.7
v 1.9 0 4.7
v 1.9 0.7 4.7
v -3 0 4.6
v -3 0.7 4.6
v -2.8 0 4.6
v -2.8 0.7 4.6
v -2 0.7 4.6
v -2 1.1 4.6
v -1.6 0.7 4.6
v -1.6 1.1 4.6
v 0.7 0.7 4.6
v 0.7 1.1 4.6
v 1.1 0.7 4.6
v 1.1 1.1 4.6
v 1.9 0 4.6
v 1.9 0.7 4.6
v 2.1 0 4.6
v 2.1 0.7 4.6
v -3.2 0 4.5
v -3.2 0.7 4.5
v -3 0 4.5
v -3 0.7 4.5
v -2.3 0.7 4.5
v -2.3 1.1 4.5
v -2 0.7 4.5
v -2 1.1 4.5
v 1.1 0.7 4.5
v 1.1 1.1 4.5
v 1.4 0.7 4.5
v 1.4 1.1 4.5
v 2.1 0 4.5
v 2.1 0.7 4.5
v 2.3 0 4.5
v 2.3 0.7 4.5
v -3.3 0 4.4
v -3.3 0.7 4.4
v -3.2 0 4.4
v -3.2 0.7 4.4
v -2.5 0.7 4.4
v -2.5 1.1 4.4
v -2.3 0.7 4.4
v -2.3 1.1 4.4
v -1.1 1.1 4.4
v -1.1 1.5 4.4
v -0.5 1.1 4.4
v -0.5 1.5 4.4
v -0.4 1.1 4.4
v -0.4 1.5 4.4
v 0.2 1.1 4.4
v 0.2 1.5 4.4
v 1.4 0.7 4.4
v 1.4 1.1 4.4
v 1.6 0.7 4.4
v 1.6 1.1 4.4
v 2.3 0 4.4
v 2.3 0.7 4.4
v 2.4 0 4.4
v 2.4 0.7 4.4
v -3.5 0 4.3
v -3.5 0.7 4.3
v -3.3 0 4.3
v -3.3 0.7 4.3
v -2.7 0.7 4.3
v -2.7 1.1 4.3
v -2.5 0.7 4.3
v -2.5 1.1 4.3
v -1.6 1.1 4.3
v -1.6 1.5 4.3
v -1.1 1.1 4.3
v -1.1 1.5 4.3
v 0.2 1.1 4.3
v 0.2 1.5 4.3
v 0.7 1.1 4.3
v 0.7 1.5 4.3
v 1.6 0.7 4.3
v 1.6 1.1 4.3
v 1.8 0.7 4.3
v 1.8 1.1 4.3
v 2.4 0 4.3
v 2.4 0.7 4.3
v 2.6 0 4.3
v 2.6 0.7 4.3
v -3.6 0 4.2
v -3.6 0.7 4.2
v -3.5 0 4.2
v -3.5 0.7 4.2
v -2.9 0.7 4.2
v -2.9 1.1 4.2
v -2.7 0.7 4.2
v -2.7 1.1 4.2
v -1.9 1.1 4.2
v -1.9 1.5 4.2
v -1.6 1.1 4.2
v -1.6 1.5 4.2
v 0.7 1.1 4.2
v 0.7 1.5 4.2
v 1 1.1 4.2
v 1 1.5 4.2
v 1.8 0.7 4.2
v 1.8 1.1 4.2
v 2 0.7 4.2
v 2 1.1 4.2
v 2.6 0 4.2
v 2.6 0.7 4.2
v 2.7 0 4.2
v 2.7 0.7 4.2
v -3.7 0 4.1
v -3.7 0.7 4.1
v -3.6 0 4.1
v -3.6 0.7 4.1
v -3 0.7 4.1
v -3 1.1 4.1
v -2.9 0.7 4.1
v -2.9 1.1 4.1
v -2.2 1.1 4.1
v -2.2 1.5 4.1
v -1.9 1.1 4.1
v -1.9 1.5 4.1
v -1 1.6 4.1
v -1 2.3 4.1
v -0.9 1.7 4.1
v -0.9 2.2 4.1
v 0 1.7 4.1
v 0 2.2 4.1
v 0.0999999 1.6 4.1
v 0.0999999 2.3 4.1
v 1 1.1 4.1
v 1 1.5 4.1
v 1.3 1.1 4.1
v 1.3 1.5 4.1
v 2 0.7 4.1
v 2 1.1 4.1
v 2.1 0.7 4.1
v 2.1 1.1 4.1
v 2.7 0 4.1
v 2.7 0.7 4.1
v 2.8 0 4.1
v 2.8 0.7 4.1
v -3.9 0 4
v -3.9 0.7 4
v -3.7 0 4
v -3.7 0.7 4
v -3.2 0.7 4
v -3.2 1.1 4
v -3 0.7 4
v -3 1.1 4
v -2.4 1.1 4
v -2.4 1.5 4
v -2.2 1.1 4
v -2.2 1.5 4
v -1.1 1.5 4
v -1.1 2.3 4
v -1.1 2.5 4
v -1 1.6 4
v -1 2.3 4
v -1 2.4 4
v -0.9 1.7 4
v -0.9 2.2 4
v -0.8 1.8 4
v -0.8 1.9 4
v -0.8 2 4
v -0.8 2.1 4
v -0.5 1.5 4
v -0.4 1.5 4
v -0.4 2 4
v -0.4 2.1 4
v -0.3 2 4
v -0.3 2.1 4
v -0.0999999 1.8 4
v -0.0999999 1.9 4
v -0.0999999 2 4
v -0.0999999 2.1 4
v 0 1.7 4
v 0 2.2 4
v 0.0999999 1.6 4
v 0.0999999 2.3 4
v 0.2 1.5 4
v 0.2 2.4 4
v 0.2 2.5 4
v 1.3 1.1 4
v 1.3 1.5 4
v 1.5 1.1 4
v 1.5 1.5 4
v 2.1 0.7 4
v 2.1 1.1 4
v 2.3 0.7 4
v 2.3 1.1 4
v 2.8 0 4
v 2.8 0.7 4
v 3 0 4
v 3 0.7 4
v -4 0 3.9
v -4 0.7 3.9
v -3.9 0 3.9
v -3.9 0.7 3.9
v -3.3 0.7 3.9
v -3.3 1.1 3.9
v -3.2 0.7 3.9
v -3.2 1.1 3.9
v -2.6 1.1 3.9
v -2.6 1.5 3.9
v -2.4 1.1 3.9
v -2.4 1.5 3.9
v -1.5 1.5 3.9
v -1.5 1.9 3.9
v -1.5 2.1 3.9
v -1.5 2.5 3.9
v -1.4 1.9 3.9
v -1.4 2 3.9
v -1.4 2.1 3.9
v -1.4 2.2 3.9
v -1.4 2.4 3.9
v -1.4 2.5 3.9
v -1.3 2 3.9
v -1.3 2.1 3.9
v -1.3 2.2 3.9
v -1.3 2.3 3.9
v -1.3 2.4 3.9
v -1.3 2.5 3.9
v -1.2 2.1 3.9
v -1.2 2.2 3.9
v -1.2 2.3 3.9
v -1.2 2.4 3.9
v -1.1 1.5 3.9
v -1.1 2.2 3.9
v -1.1 2.3 3.9
v -1.1 2.4 3.9
v -1.1 2.5 3.9
v 0.2 1.5 3.9
v 0.2 2.4 3.9
v 0.2 2.5 3.9
v 0.6 1.5 3.9
v 0.6 2.4 3.9
v 0.6 2.5 3.9
v 1.5 1.1 3.9
v 1.5 1.5 3.9
v 1.7 1.1 3.9
v 1.7 1.5 3.9
v 2.3 0.7 3.9
v 2.3 1.1 3.9
v 2.4 0.7 3.9
v 2.4 1.1 3.9
v 3 0 3.9
v 3 0.7 3.9
v 3.1 0 3.9
v 3.1 0.7 3.9
v -4.1 0 3.8
v -4.1 0.7 3.8
v -4 0 3.8
v -4 0.7 3.8
v -3.5 0.7 3.8
v -3.5 1.1 3.8
v -3.3 0.7 3.8
v -3.3 1.1 3.8
v -2.8 1.1 3.8
v -2.8 1.5 3.8
v -2.6 1.1 3.8
v -2.6 1.5 3.8
v -1.9 1.5 3.8
v -1.9 1.7 3.8
v -1.9 1.8 3.8
v -1.9 2.5 3.8
v -1.7 1.8 3.8
v -1.7 1.9 3.8
v -1.6 1.7 3.8
v -1.6 1.8 3.8
v -1.6 1.9 3.8
v -1.6 2 3.8
v -1.5 1.5 3.8
v -1.5 1.8 3.8
v -1.5 1.9 3.8
v -1.5 2 3.8
v -1.5 2.1 3.8
v -1.5 2.5 3.8
v 0.6 1.5 3.8
v 0.6 2.4 3.8
v 0.6 2.5 3.8
v 1 1.5 3.8
v 1 2.4 3.8
v 1 2.5 3.8
v 1.7 1.1 3.8
v 1.7 1.5 3.8
v 1.9 1.1 3.8
v 1.9 1.5 3.8
v 2.4 0.7 3.8
v 2.4 1.1 3.8
v 2.6 0.7 3.8
v 2.6 1.1 3.8
v 3.1 0 3.8
v 3.1 0.7 3.8
v 3.2 0 3.8
v 3.2 0.7 3.8
v -4.2 0 3.7
v -4.2 0.7 3.7
v -4.1 0 3.7
v -4.1 0.7 3.7
v -3.6 0.7 3.7
v -3.6 1.1 3.7
v -3.5 0.7 3.7
v -3.5 1.1 3.7
v -2.9 1.1 3.7
v -2.9 1.5 3.7
v -2.8 1.1 3.7
v -2.8 1.5 3.7
v -2.1 1.5 3.7
v -2.1 1.7 3.7
v -2.1 1.8 3.7
v -2.1 2.5 3.7
v -1.9 1.5 3.7
v -1.9 1.7 3.7
v -1.9 1.8 3.7
v -1.9 2.5 3.7
v 1 1.5 3.7
v 1 2.4 3.7
v 1 2.5 3.7
v 1.2 1.5 3.7
v 1.2 2.4 3.7
v 1.2 2.5 3.7
v 1.9 1.1 3.7
v 1.9 1.5 3.7
v 2 1.1 3.7
v 2 1.5 3.7
v 2.6 0.7 3.7
v 2.6 1.1 3.7
v 2.7 0.7 3.7
v 2.7 1.1 3.7
v 3.2 0 3.7
v 3.2 0.7 3.7
v 3.3 0 3.7
v 3.3 0.7 3.7
v -4.3 0 3.6
v -4.3 0.7 3.6
v -4.2 0 3.6
v -4.2 0.7 3.6
v -3.7 0.7 3.6
v -3.7 1.1 3.6
v -3.6 0.7 3.6
v -3.6 1.1 3.6
v -3.1 1.1 3.6
v -3.1 1.5 3.6
v -2.9 1.1 3.6
v -2.9 1.5 3.6
v -2.3 1.5 3.6
v -2.3 1.7 3.6
v -2.3 1.8 3.6
v -2.3 2.5 3.6
v -2.1 1.5 3.6
v -2.1 1.7 3.6
v -2.1 1.8 3.6
v -2.1 2.5 3.6
v 1.2 1.5 3.6
v 1.2 2.4 3.6
v 1.2 2.5 3.6
v 1.4 1.5 3.6
v 1.4 2.4 3.6
v 1.4 2.5 3.6
v 2 1.1 3.6
v 2 1.5 3.6
v 2.2 1.1 3.6
v 2.2 1.5 3.6
v 2.7 0.7 3.6
v 2.7 1.1 3.6
v 2.8 0.7 3.6
v 2.8 1.1 3.6
v 3.3 0 3.6
v 3.3 0.7 3.6
v 3.4 0 3.6
v 3.4 0.7 3.6
v -4.4 0 3.5
v -4.4 0.7 3.5
v -4.3 0 3.5
v -4.3 0.7 3.5
v -3.8 0.7 3.5
v -3.8 1.1 3.5
v -3.7 0.7 3.5
v -3.7 1.1 3.5
v -3.2 1.1 3.5
v -3.2 1.5 3.5
v -3.1 1.1 3.5
v -3.1 1.5 3.5
v -2.5 1.5 3.5
v -2.5 1.7 3.5
v -2.5 1.8 3.5
v -2.5 2.5 3.5
v -2.3 1.5 3.5
v -2.3 1.7 3.5
v -2.3 1.8 3.5
v -2.3 2.5 3.5
v 1.4 1.5 3.5
v 1.4 2.4 3.5
v 1.4 2.5 3.5
v 1.6 1.5 3.5
v 1.6 2.4 3.5
v 1.6 2.5 3.5
v 2.2 1.1 3.5
v 2.2 1.5 3.5
v 2.3 1.1 3.5
v 2.3 1.5 3.5
v 2.8 0.7 3.5
v 2.8 1.1 3.5
v 2.9 0.7 3.5
v 2.9 1.1 3.5
v 3.4 0 3.5
v 3.4 0.7 3.5
v 3.5 0 3.5
v 3.5 0.7 3.5
v -4.5 0 3.4
v -4.5 0.7 3.4
v -4.4 0 3.4
v -4.4 0.7 3.4
v -3.9 0.7 3.4
v -3.9 1.1 3.4
v -3.8 0.7 3.4
v -3.8 1.1 3.4
v -3.3 1.1 3.4
v -3.3 1.5 3.4
v -3.2 1.1 3.4
v -3.2 1.5 3.4
v -2.7 1.5 3.4
v -2.7 1.7 3.4
v -2.7 1.8 3.4
v -2.7 2.5 3.4
v -2.5 1.5 3.4
v -2.5 1.7 3.4
v -2.5 1.8 3.4
v -2.5 2.5 3.4
v 1.6 1.5 3.4
v 1.6 2.4 3.4
v 1.6 2.5 3.4
v 1.8 1.5 3.4
v 1.8 2.4 3.4
v 1.8 2.5 3.4
v 2.3 1.1 3.4
v 2.3 1.5 3.4
v 2.4 1.1 3.4
v 2.4 1.5 3.4
v 2.9 0.7 3.4
v 2.9 1.1 3.4
v 3 0.7 3.4
v 3 1.1 3.4
v 3.5 0 3.4
v 3.5 0.7 3.4
v 3.6 0 3.4
v 3.6 0.7 3.4
v -4 0.7 3.3
v -4 1.1 3.3
v -3.9 0.7 3.3
v -3.9 1.1 3.3
v -3.4 1.1 3.3
v -3.4 1.5 3.3
v -3.3 1.1 3.3
v -3.3 1.5 3.3
v -2.8 1.5 3.3
v -2.8 1.7 3.3
v -2.8 1.8 3.3
v -2.8 2.5 3.3
v -2.7 1.5 3.3
v -2.7 1.7 3.3
v -2.7 1.8 3.3
v -2.7 2.5 3.3
v 1.8 1.5 3.3
v 1.8 2.4 3.3
v 1.8 2.5 3.3
v 1.9 1.5 3.3
v 1.9 2.4 3.3
v 1.9 2.5 3.3
v 2.4 1.1 3.3
v 2.4 1.5 3.3
v 2.5 1.1 3.3
v 2.5 1.5 3.3
v 3 0.7 3.3
v 3 1.1 3.3
v 3.1 0.7 3.3
v 3.1 1.1 3.3
v -4.6 0 3.2
v -4.6 0.7 3.2
v -4.5 0 3.2
v -4.5 0.7 3.2
v -4.1 0.7 3.2
v -4.1 1.1 3.2
v -4 0.7 3.2
v -4 1.1 3.2
v -3.5 1.1 3.2
v -3.5 1.5 3.2
v -3.4 1.1 3.2
v -3.4 1.5 3.2
v -2.9 1.5 3.2
v -2.9 1.7 3.2
v -2.9 1.8 3.2
v -2.9 2.5 3.2
v -2.8 1.5 3.2
v -2.8 1.7 3.2
v -2.8 1.8 3.2
v -2.8 2.5 3.2
v 1.9 1.5 3.2
v 1.9 2.4 3.2
v 1.9 2.5 3.2
v 2 1.5 3.2
v 2 2.4 3.2
v 2 2.5 3.2
v 2.5 1.1 3.2
v 2.5 1.5 3.2
v 2.6 1.1 3.2
v 2.6 1.5 3.2
v 3.1 0.7 3.2
v 3.1 1.1 3.2
v 3.2 0.7 3.2
v 3.2 1.1 3.2
v 3.6 0 3.2
v 3.6 0.7 3.2
v 3.7 0 3.2
v 3.7 0.7 3.2
v -4.7 0 3.1
v -4.7 0.7 3.1
v -4.6 0 3.1
v -4.6 0.7 3.1
v -4.2 0.7 3.1
v -4.2 1.1 3.1
v -4.1 0.7 3.1
v -4.1 1.1 3.1
v -3.6 1.1 3.1
v -3.6 1.5 3.1
v -3.5 1.1 3.1
v -3.5 1.5 3.1
v -3.1 1.5 3.1
v -3.1 1.7 3.1
v -3.1 1.8 3.1
v -3.1 2.5 3.1
v -2.9 1.5 3.1
v -2.9 1.7 3.1
v -2.9 1.8 3.1
v -2.9 2.5 3.1
v 2 1.5 3.1
v 2 2.4 3.1
v 2 2.5 3.1
v 2.2 1.5 3.1
v 2.2 2.4 3.1
v 2.2 2.5 3.1
v 2.6 1.1 3.1
v 2.6 1.5 3.1
v 2.7 1.1 3.1
v 2.7 1.5 3.1
v 3.2 0.7 3.1
v 3.2 1.1 3.1
v 3.3 0.7 3.1
v 3.3 1.1 3.1
v 3.7 0 3.1
v 3.7 0.7 3.1
v 3.8 0 3.1
v 3.8 0.7 3.1
v -4.8 0 3
v -4.8 0.7 3
v -4.7 0 3
v -4.7 0.7 3
v -4.3 0.7 3
v -4.3 1.1 3
v -4.2 0.7 3
v -4.2 1.1 3
v -3.7 1.1 3
v -3.7 1.5 3
v -3.6 1.1 3
v -3.6 1.5 3
v -3.2 1.5 3
v -3.2 1.7 3
v -3.2 1.8 3
v -3.2 2.5 3
v -3.1 1.5 3
v -3.1 1.7 3
v -3.1 1.8 3
v -3.1 2.5 3
v 2.2 1.5 3
v 2.2 2.4 3
v 2.2 2.5 3
v 2.3 1.5 3
v 2.3 2.4 3
v 2.3 2.5 3
v 2.7 1.1 3
v 2.7 1.5 3
v 2.8 1.1 3
v 2.8 1.5 3
v 3.3 0.7 3
v 3.3 1.1 3
v 3.4 0.7 3
v 3.4 1.1 3
v 3.8 0 3
v 3.8 0.7 3
v 3.9 0 3
v 3.9 0.7 3
v -3.8 1.1 2.9
v -3.8 1.5 2.9
v -3.7 1.1 2.9
v -3.7 1.5 2.9
v -3.3 1.5 2.9
v -3.3 1.7 2.9
v -3.3 1.8 2.9
v -3.3 2.5 2.9
v -3.2 1.5 2.9
v -3.2 1.7 2.9
v -3.2 1.8 2.9
v -3.2 2.5 2.9
v 2.3 1.5 2.9
v 2.3 2.4 2.9
v 2.3 2.5 2.9
v 2.4 1.5 2.9
v 2.4 2.4 2.9
v 2.4 2.5 2.9
v 2.8 1.1 2.9
v 2.8 1.5 2.9
v 2.9 1.1 2.9
v 2.9 1.5 2.9
v -4.9 0 2.8
v -4.9 0.7 2.8
v -4.8 0 2.8
v -4.8 0.7 2.8
v -4.4 0.7 2.8
v -4.4 1.1 2.8
v -4.3 0.7 2.8
v -4.3 1.1 2.8
v -3.9 1.1 2.8
v -3.9 1.5 2.8
v -3.8 1.1 2.8
v -3.8 1.5 2.8
v -3.4 1.5 2.8
v -3.4 1.7 2.8
v -3.4 1.8 2.8
v -3.4 2.5 2.8
v -3.3 1.5 2.8
v -3.3 1.7 2.8
v -3.3 1.8 2.8
v -3.3 2.5 2.8
v 2.4 1.5 2.8
v 2.4 2.4 2.8
v 2.4 2.5 2.8
v 2.5 1.5 2.8
v 2.5 2.4 2.8
v 2.5 2.5 2.8
v 2.9 1.1 2.8
v 2.9 1.5 2.8
v 3 1.1 2.8
v 3 1.5 2.8
v 3.4 0.7 2.8
v 3.4 1.1 2.8
v 3.5 0.7 2.8
v 3.5 1.1 2.8
v 3.9 0 2.8
v 3.9 0.7 2.8
v 4 0 2.8
v 4 0.7 2.8
v -5 0 2.7
v -5 0.7 2.7
v -4.9 0 2.7
v -4.9 0.7 2.7
v -4.5 0.7 2.7
v -4.5 1.1 2.7
v -4.4 0.7 2.7
v -4.4 1.1 2.7
v -4 1.1 2.7
v -4 1.5 2.7
v -3.9 1.1 2.7
v -3.9 1.5 2.7
v -3.5 1.5 2.7
v -3.5 1.7 2.7
v -3.5 1.8 2.7
v -3.5 2.5 2.7
v -3.4 1.5 2.7
v -3.4 1.7 2.7
v -3.4 1.8 2.7
v -3.4 2.5 2.7
v 2.5 1.5 2.7
v 2.5 2.4 2.7
v 2.5 2.5 2.7
v 2.6 1.5 2.7
v 2.6 2.4 2.7
v 2.6 2.5 2.7
v 3 1.1 2.7
v 3 1.5 2.7
v 3.1 1.1 2.7
v 3.1 1.5 2.7
v 3.5 0.7 2.7
v 3.5 1.1 2.7
v 3.6 0.7 2.7
v 3.6 1.1 2.7
v 4 0 2.7
v 4 0.7 2.7
v 4.1 0 2.7
v 4.1 0.7 2.7
v -4.1 1.1 2.6
v -4.1 1.5 2.6
v -4 1.1 2.6
v -4 1.5 2.6
v -3.6 1.5 2.6
v -3.6 1.7 2.6
v -3.6 1.8 2.6
v -3.6 2.5 2.6
v -3.5 1.5 2.6
v -3.5 1.7 2.6
v -3.5 1.8 2.6
v -3.5 2.5 2.6
v 2.6 1.5 2.6
v 2.6 2.4 2.6
v 2.6 2.5 2.6
v 2.7 1.5 2.6
v 2.7 2.4 2.6
v 2.7 2.5 2.6
v 3.1 1.1 2.6
v 3.1 1.5 2.6
v 3.2 1.1 2.6
v 3.2 1.5 2.6
v -5.1 0 2.5
v -5.1 0.7 2.5
v -5 0 2.5
v -5 0.7 2.5
v -4.6 0.7 2.5
v -4.6 1.1 2.5
v -4.5 0.7 2.5
v -4.5 1.1 2.5
v 3.6 0.7 2.5
v 3.6 1.1 2.5
v 3.7 0.7 2.5
v 3.7 1.1 2.5
v 4.1 0 2.5
v 4.1 0.7 2.5
v 4.2 0 2.5
v 4.2 0.7 2.5
v -4.7 0.7 2.4
v -4.7 1.1 2.4
v -4.6 0.7 2.4
v -4.6 1.1 2.4
v -4.2 1.1 2.4
v -4.2 1.5 2.4
v -4.1 1.1 2.4
v -4.1 1.5 2.4
v -3.7 1.5 2.4
v -3.7 1.7 2.4
v -3.7 1.8 2.4
v -3.7 2.5 2.4
v -3.6 1.5 2.4
v -3.6 1.7 2.4
v -3.6 1.8 2.4
v -3.6 2.5 2.4
v 2.7 1.5 2.4
v 2.7 2.4 2.4
v 2.7 2.5 2.4
v 2.8 1.5 2.4
v 2.8 2.4 2.4
v 2.8 2.5 2.4
v 3.2 1.1 2.4
v 3.2 1.5 2.4
v 3.3 1.1 2.4
v 3.3 1.5 2.4
v 3.7 0.7 2.4
v 3.7 1.1 2.4
v 3.8 0.7 2.4
v 3.8 1.1 2.4
v -5.2 0 2.3
v -5.2 0.7 2.3
v -5.1 0 2.3
v -5.1 0.7 2.3
v -4.3 1.1 2.3
v -4.3 1.5 2.3
v -4.2 1.1 2.3
v -4.2 1.5 2.3
v -3.8 1.5 2.3
v -3.8 1.7 2.3
v -3.8 1.8 2.3
v -3.8 2.5 2.3
v -3.7 1.5 2.3
v -3.7 1.7 2.3
v -3.7 1.8 2.3
v -3.7 2.5 2.3
v 2.8 1.5 2.3
v 2.8 2.4 2.3
v 2.8 2.5 2.3
v 2.9 1.5 2.3
v 2.9 2.4 2.3
v 2.9 2.5 2.3
v 3.3 1.1 2.3
v 3.3 1.5 2.3
v 3.4 1.1 2.3
v 3.4 1.5 2.3
v 4.2 0 2.3
v 4.2 0.7 2.3
v 4.3 0 2.3
v 4.3 0.7 2.3
v -4.8 0.7 2.2
v -4.8 1.1 2.2
v -4.7 0.7 2.2
v -4.7 1.1 2.2
v -3.9 1.5 2.2
v -3.9 1.7 2.2
v -3.9 1.8 2.2
v -3.9 2.5 2.2
v -3.8 1.5 2.2
v -3.8 1.7 2.2
v -3.8 1.8 2.2
v -3.8 2.5 2.2
v 2.9 1.5 2.2
v 2.9 2.4 2.2
v 2.9 2.5 2.2
v 3 1.5 2.2
v 3 2.4 2.2
v 3 2.5 2.2
v 3.8 0.7 2.2
v 3.8 1.1 2.2
v 3.9 0.7 2.2
v 3.9 1.1 2.2
v -5.3 0 2.1
v -5.3 0.7 2.1
v -5.2 0 2.1
v -5.2 0.7 2.1
v -4.4 1.1 2.1
v -4.4 1.5 2.1
v -4.3 1.1 2.1
v -4.3 1.5 2.1
v 3.4 1.1 2.1
v 3.4 1.5 2.1
v 3.5 1.1 2.1
v 3.5 1.5 2.1
v 4.3 0 2.1
v 4.3 0.7 2.1
v 4.4 0 2.1
v 4.4 0.7 2.1
v -4.9 0.7 2
v -4.9 1.1 2
v -4.8 0.7 2
v -4.8 1.1 2
v -4 1.5 2
v -4 1.7 2
v -4 1.8 2
v -4 2.5 2
v -3.9 1.5 2
v -3.9 1.7 2
v -3.9 1.8 2
v -3.9 2.5 2
v 3 1.5 2
v 3 2.4 2
v 3 2.5 2
v 3.1 1.5 2
v 3.1 2.4 2
v 3.1 2.5 2
v 3.9 0.7 2
v 3.9 1.1 2
v 4 0.7 2
v 4 1.1 2
v -4.5 1.1 1.9
v -4.5 1.5 1.9
v -4.4 1.1 1.9
v -4.4 1.5 1.9
v 3.5 1.1 1.9
v 3.5 1.5 1.9
v 3.6 1.1 1.9
v 3.6 1.5 1.9
v -5.4 0 1.8
v -5.4 0.7 1.8
v -5.3 0 1.8
v -5.3 0.7 1.8
v -5 0.7 1.8
v -5 1.1 1.8
v -4.9 0.7 1.8
v -4.9 1.1 1.8
v -4.1 1.5 1.8
v -4.1 1.7 1.8
v -4.1 1.8 1.8
v -4.1 2.5 1.8
v -4 1.5 1.8
v -4 1.7 1.8
v -4 1.8 1.8
v -4 2.5 1.8
v 3.1 1.5 1.8
v 3.1 2.4 1.8
v 3.1 2.5 1.8
v 3.2 1.5 1.8
v 3.2 2.4 1.8
v 3.2 2.5 1.8
v 4 0.7 1.8
v 4 1.1 1.8
v 4.1 0.7 1.8
v 4.1 1.1 1.8
v 4.4 0 1.8
v 4.4 0.7 1.8
v 4.5 0 1.8
v 4.5 0.7 1.8
v -4.6 1.1 1.7
v -4.6 1.5 1.7
v -4.5 1.1 1.7
v -4.5 1.5 1.7
v 3.6 1.1 1.7
v 3.6 1.5 1.7
v 3.7 1.1 1.7
v 3.7 1.5 1.7
v -5.5 0 1.6
v -5.5 0.7 1.6
v -5.4 0 1.6
v -5.4 0.7 1.6
v -4.2 1.5 1.6
v -4.2 1.7 1.6
v -4.2 1.8 1.6
v -4.2 2.5 1.6
v -4.1 1.5 1.6
v -4.1 1.7 1.6
v -4.1 1.8 1.6
v -4.1 2.5 1.6
v 3.2 1.5 1.6
v 3.2 2.4 1.6
v 3.2 2.5 1.6
v 3.3 1.5 1.6
v 3.3 2.4 1.6
v 3.3 2.5 1.6
v 4.5 0 1.6
v 4.5 0.7 1.6
v 4.6 0 1.6
v 4.6 0.7 1.6
v -5.1 0.7 1.5
v -5.1 1.1 1.5
v -5 0.7 1.5
v -5 1.1 1.5
v 4.1 0.7 1.5
v 4.1 1.1 1.5
v 4.2 0.7 1.5
v 4.2 1.1 1.5
v -4.7 1.1 1.4
v -4.7 1.5 1.4
v -4.6 1.1 1.4
v -4.6 1.5 1.4
v -4.3 1.5 1.4
v -4.3 1.7 1.4
v -4.3 1.8 1.4
v -4.3 2.5 1.4
v -4.2 1.5 1.4
v -4.2 1.7 1.4
v -4.2 1.8 1.4
v -4.2 2.5 1.4
v 3.3 1.5 1.4
v 3.3 2.4 1.4
v 3.3 2.5 1.4
v 3.4 1.5 1.4
v 3.4 2.4 1.4
v 3.4 2.5 1.4
v 3.7 1.1 1.4
v 3.7 1.5 1.4
v 3.8 1.1 1.4
v 3.8 1.5 1.4
v -5.6 0 1.2
v -5.6 0.7 1.2
v -5.5 0 1.2
v -5.5 0.7 1.2
v 4.6 0 1.2
v 4.6 0.7 1.2
v 4.7 0 1.2
v 4.7 0.7 1.2
v -5.2 0.7 1.1
v -5.2 1.1 1.1
v -5.1 0.7 1.1
v -5.1 1.1 1.1
v -4.8 1.1 1.1
v -4.8 1.5 1.1
v -4.7 1.1 1.1
v -4.7 1.5 1.1
v 3.8 1.1 1.1
v 3.8 1.5 1.1
v 3.9 1.1 1.1
v 3.9 1.5 1.1
v 4.2 0.7 1.1
v 4.2 1.1 1.1
v 4.3 0.7 1.1
v 4.3 1.1 1.1
v -4.4 1.5 1
v -4.4 1.7 1
v -4.4 1.8 1
v -4.4 2.5 1
v -4.3 1.5 1
v -4.3 1.7 1
v -4.3 1.8 1
v -4.3 2.5 1
v 3.4 1.5 1
v 3.4 2.4 1
v 3.4 2.5 1
v 3.5 1.5 1
v 3.5 2.4 1
v 3.5 2.5 1
v -5.7 0 0.7
v -5.7 0.7 0.7
v -5.6 0 0.7
v -5.6 0.7 0.7
v 4.7 0 0.7
v 4.7 0.7 0.7
v 4.8 0 0.7
v 4.8 0.7 0.7
v -5.3 0.7 0.6
v -5.3 1.1 0.6
v -5.2 0.7 0.6
v -5.2 1.1 0.6
v -4.9 1.1 0.6
v -4.9 1.5 0.6
v -4.8 1.1 0.6
v -4.8 1.5 0.6
v -4.5 1.5 0.6
v -4.5 1.7 0.6
v -4.5 1.8 0.6
v -4.5 2.5 0.6
v -4.4 1.5 0.6
v -4.4 1.7 0.6
v -4.4 1.8 0.6
v -4.4 2.5 0.6
v 3.5 1.5 0.6
v 3.5 2.4 0.6
v 3.5 2.5 0.6
v 3.6 1.5 0.6
v 3.6 2.4 0.6
v 3.6 2.5 0.6
v 3.9 1.1 0.6
v 3.9 1.5 0.6
v 4 1.1 0.6
v 4 1.5 0.6
v 4.3 0.7 0.6
v 4.3 1.1 0.6
v 4.4 0.7 0.6
v 4.4 1.1 0.6
v -4.4 2.2 -0.7
v -4.4 2.5 -0.7
v -4.3 2.2 -0.7
v -4.3 2.5 -0.7
v 3.4 2.2 -0.7
v 3.4 2.4 -0.7
v 3.4 2.5 -0.7
v 3.5 2.2 -0.7
v 3.5 2.4 -0.7
v 3.5 2.5 -0.7
v -4.3 2.2 -1.1
v -4.3 2.5 -1.1
v -4.2 2.2 -1.1
v -4.2 2.5 -1.1
v 3.3 2.2 -1.1
v 3.3 2.4 -1.1
v 3.3 2.5 -1.1
v 3.4 2.2 -1.1
v 3.4 2.4 -1.1
v 3.4 2.5 -1.1
v -4.2 2.2 -1.4
v -4.2 2.5 -1.4
v -4.1 2.2 -1.4
v -4.1 2.5 -1.4
v 3.2 2.2 -1.4
v 3.2 2.4 -1.4
v 3.2 2.5 -1.4
v 3.3 2.2 -1.4
v 3.3 2.4 -1.4
v 3.3 2.5 -1.4
v -4.1 2.2 -1.7
v -4.1 2.5 -1.7
v -4 2.2 -1.7
v -4 2.5 -1.7
v 3.1 2.2 -1.7
v 3.1 2.4 -1.7
v 3.1 2.5 -1.7
v 3.2 2.2 -1.7
v 3.2 2.4 -1.7
v 3.2 2.5 -1.7
v -4 2.2 -1.9
v -4 2.5 -1.9
v -3.9 2.2 -1.9
v -3.9 2.5 -1.9
v 3 2.2 -1.9
v 3 2.4 -1.9
v 3 2.5 -1.9
v 3.1 2.2 -1.9
v 3.1 2.4 -1.9
v 3.1 2.5 -1.9
v -3.9 2.2 -2.1
v -3.9 2.5 -2.1
v -3.8 2.2 -2.1
v -3.8 2.5 -2.1
v 2.9 2.2 -2.1
v 2.9 2.4 -2.1
v 2.9 2.5 -2.1
v 3 2.2 -2.1
v 3 2.4 -2.1
v 3 2.5 -2.1
v -3.8 2.2 -2.2
v -3.8 2.5 -2.2
v -3.7 2.2 -2.2
v -3.7 2.5 -2.2
v 2.8 2.2 -2.2
v 2.8 2.4 -2.2
v 2.8 2.5 -2.2
v 2.9 2.2 -2.2
v 2.9 2.4 -2.2
v 2.9 2.5 -2.2
v -3.7 2.2 -2.4
v -3.7 2.5 -2.4
v -3.6 2.2 -2.4
v -3.6 2.5 -2.4
v 2.7 2.2 -2.4
v 2.7 2.4 -2.4
v 2.7 2.5 -2.4
v 2.8 2.2 -2.4
v 2.8 2.4 -2.4
v 2.8 2.5 -2.4
v -3.6 2.2 -2.5
v -3.6 2.5 -2.5
v -3.5 2.2 -2.5
v -3.5 2.5 -2.5
v 2.6 2.2 -2.5
v 2.6 2.4 -2.5
v 2.6 2.5 -2.5
v 2.7 2.2 -2.5
v 2.7 2.4 -2.5
v 2.7 2.5 -2.5
v -3.5 2.2 -2.6
v -3.5 2.5 -2.6
v -3.4 2.2 -2.6
v -3.4 2.5 -2.6
v 2.5 2.2 -2.6
v 2.5 2.4 -2.6
v 2.5 2.5 -2.6
v 2.6 2.2 -2.6
v 2.6 2.4 -2.6
v 2.6 2.5 -2.6
v -3.4 2.2 -2.7
v -3.4 2.5 -2.7
v -3.3 2.2 -2.7
v -3.3 2.5 -2.7
v 2.4 2.2 -2.7
v 2.4 2.4 -2.7
v 2.4 2.5 -2.7
v 2.5 2.2 -2.7
v 2.5 2.4 -2.7
v 2.5 2.5 -2.7
v -3.3 2.2 -2.8
v -3.3 2.5 -2.8
v -3.2 2.2 -2.8
v -3.2 2.5 -2.8
v 2.3 2.2 -2.8
v 2.3 2.4 -2.8
v 2.3 2.5 -2.8
v 2.4 2.2 -2.8
v 2.4 2.4 -2.8
v 2.4 2.5 -2.8
v -3.2 2.2 -2.9
v -3.2 2.5 -2.9
v -3.1 2.2 -2.9
v -3.1 2.5 -2.9
v 2.2 2.2 -2.9
v 2.2 2.4 -2.9
v 2.2 2.5 -2.9
v 2.3 2.2 -2.9
v 2.3 2.4 -2.9
v 2.3 2.5 -2.9
v -3.1 2.2 -3
v -3.1 2.5 -3
v -3 2.2 -3
v -3 2.5 -3
v 2.1 2.2 -3
v 2.1 2.4 -3
v 2.1 2.5 -3
v 2.2 2.2 -3
v 2.2 2.4 -3
v 2.2 2.5 -3
v -3 2.2 -3.1
v -3 2.5 -3.1
v -2.9 2.2 -3.1
v -2.9 2.5 -3.1
v 2 2.2 -3.1
v 2 2.4 -3.1
v 2 2.5 -3.1
v 2.1 2.2 -3.1
v 2.1 2.4 -3.1
v 2.1 2.5 -3.1
v -2.9 2.2 -3.2
v -2.9 2.5 -3.2
v -2.8 2.2 -3.2
v -2.8 2.5 -3.2
v 1.9 2.2 -3.2
v 1.9 2.4 -3.2
v 1.9 2.5 -3.2
v 2 2.2 -3.2
v 2 2.4 -3.2
v 2 2.5 -3.2
v -2.8 2.2 -3.3
v -2.8 2.5 -3.3
v -2.6 2.2 -3.3
v -2.6 2.5 -3.3
v 1.7 2.2 -3.3
v 1.7 2.4 -3.3
v 1.7 2.5 -3.3
v 1.9 2.2 -3.3
v 1.9 2.4 -3.3
v 1.9 2.5 -3.3
v -2.6 2.2 -3.4
v -2.6 2.5 -3.4
v -2.5 2.2 -3.4
v -2.5 2.5 -3.4
v 1.6 2.2 -3.4
v 1.6 2.4 -3.4
v 1.6 2.5 -3.4
v 1.7 2.2 -3.4
v 1.7 2.4 -3.4
v 1.7 2.5 -3.4
v -2.5 2.2 -3.5
v -2.5 2.5 -3.5
v -2.3 2.2 -3.5
v -2.3 2.5 -3.5
v 1.4 2.2 -3.5
v 1.4 2.4 -3.5
v 1.4 2.5 -3.5
v 1.6 2.2 -3.5
v 1.6 2.4 -3.5
v 1.6 2.5 -3.5
v -2.3 2.2 -3.6
v -2.3 2.5 -3.6
v -2.1 2.2 -3.6
v -2.1 2.5 -3.6
v 1.2 2.2 -3.6
v 1.2 2.4 -3.6
v 1.2 2.5 -3.6
v 1.4 2.2 -3.6
v 1.4 2.4 -3.6
v 1.4 2.5 -3.6
v -2.1 2.2 -3.7
v -2.1 2.5 -3.7
v -1.8 2.2 -3.7
v -1.8 2.5 -3.7
v 0.9 2.2 -3.7
v 0.9 2.4 -3.7
v 0.9 2.5 -3.7
v 1.2 2.2 -3.7
v 1.2 2.4 -3.7
v 1.2 2.5 -3.7
v -1.8 2.2 -3.8
v -1.8 2.5 -3.8
v -1.5 2.2 -3.8
v -1.5 2.5 -3.8
v 0.6 2.2 -3.8
v 0.6 2.4 -3.8
v 0.6 2.5 -3.8
v 0.9 2.2 -3.8
v 0.9 2.4 -3.8
v 0.9 2.5 -3.8
v -1.5 2.2 -3.9
v -1.5 2.5 -3.9
v -1.3 2.2 -3.9
v -1.3 2.3 -3.9
v -1.2 2.3 -3.9
v -1.2 2.4 -3.9
v -1.1 2.2 -3.9
v -1.1 2.4 -3.9
v -1.1 2.5 -3.9
v 0.2 2.2 -3.9
v 0.2 2.4 -3.9
v 0.2 2.5 -3.9
v 0.6 2.2 -3.9
v 0.6 2.4 -3.9
v 0.6 2.5 -3.9
v -1.1 2.2 -4
v -1.1 2.3 -4
v -1.1 2.4 -4
v -1.1 2.5 -4
v -1 2.3 -4
v -1 2.4 -4
v 0.2 2.2 -4
v 0.2 2.4 -4
v 0.2 2.5 -4
v -1.1 2.2 3.9
v -1.1 2.3 3.9
v -1.1 2.4 3.9
v -1.1 2.5 3.9
v -1 2.3 3.9
v -1 2.4 3.9
v 0.2 2.2 3.9
v 0.2 2.4 3.9
v 0.2 2.5 3.9
v -1.5 2.2 3.8
v -1.5 2.5 3.8
v -1.4 2.4 3.8
v -1.4 2.5 3.8
v -1.3 2.2 3.8
v -1.3 2.3 3.8
v -1.3 2.4 3.8
v -1.3 2.5 3.8
v -1.2 2.3 3.8
v -1.2 2.4 3.8
v -1.1 2.2 3.8
v -1.1 2.4 3.8
v -1.1 2.5 3.8
v 0.2 2.2 3.8
v 0.2 2.4 3.8
v 0.2 2.5 3.8
v 0.6 2.2 3.8
v 0.6 2.4 3.8
v 0.6 2.5 3.8
v -1.8 2.2 3.7
v -1.8 2.5 3.7
v -1.5 2.2 3.7
v -1.5 2.5 3.7
v 0.6 2.2 3.7
v 0.6 2.4 3.7
v 0.6 2.5 3.7
v 0.9 2.2 3.7
v 0.9 2.4 3.7
v 0.9 2.5 3.7
v -2.1 2.2 3.6
v -2.1 2.5 3.6
v -1.8 2.2 3.6
v -1.8 2.5 3.6
v 0.9 2.2 3.6
v 0.9 2.4 3.6
v 0.9 2.5 3.6
v 1.2 2.2 3.6
v 1.2 2.4 3.6
v 1.2 2.5 3.6
v -2.3 2.2 3.5
v -2.3 2.5 3.5
v -2.1 2.2 3.5
v -2.1 2.5 3.5
v 1.2 2.2 3.5
v 1.2 2.4 3.5
v 1.2 2.5 3.5
v 1.4 2.2 3.5
v 1.4 2.4 3.5
v 1.4 2.5 3.5
v -2.5 2.2 3.4
v -2.5 2.5 3.4
v -2.3 2.2 3.4
v -2.3 2.5 3.4
v 1.4 2.2 3.4
v 1.4 2.4 3.4
v 1.4 2.5 3.4
v 1.6 2.2 3.4
v 1.6 2.4 3.4
v 1.6 2.5 3.4
v -2.6 2.2 3.3
v -2.6 2.5 3.3
v -2.5 2.2 3.3
v -2.5 2.5 3.3
v 1.6 2.2 3.3
v 1.6 2.4 3.3
v 1.6 2.5 3.3
v 1.7 2.2 3.3
v 1.7 2.4 3.3
v 1.7 2.5 3.3
v -2.8 2.2 3.2
v -2.8 2.5 3.2
v -2.6 2.2 3.2
v -2.6 2.5 3.2
v 1.7 2.2 3.2
v 1.7 2.4 3.2
v 1.7 2.5 3.2
v 1.9 2.2 3.2
v 1.9 2.4 3.2
v 1.9 2.5 3.2
v -2.9 2.2 3.1
v -2.9 2.5 3.1
v -2.8 2.2 3.1
v -2.8 2.5 3.1
v 1.9 2.2 3.1
v 1.9 2.4 3.1
v 1.9 2.5 3.1
v 2 2.2 3.1
v 2 2.4 3.1
v 2 2.5 3.1
v -3 2.2 3
v -3 2.5 3
v -2.9 2.2 3
v -2.9 2.5 3
v 2 2.2 3
v 2 2.4 3
v 2 2.5 3
v 2.1 2.2 3
v 2.1 2.4 3
v 2.1 2.5 3
v -3.1 2.2 2.9
v -3.1 2.5 2.9
v -3 2.2 2.9
v -3 2.5 2.9
v 2.1 2.2 2.9
v 2.1 2.4 2.9
v 2.1 2.5 2.9
v 2.2 2.2 2.9
v 2.2 2.4 2.9
v 2.2 2.5 2.9
v -3.2 2.2 2.8
v -3.2 2.5 2.8
v -3.1 2.2 2.8
v -3.1 2.5 2.8
v 2.2 2.2 2.8
v 2.2 2.4 2.8
v 2.2 2.5 2.8
v 2.3 2.2 2.8
v 2.3 2.4 2.8
v 2.3 2.5 2.8
v -3.3 2.2 2.7
v -3.3 2.5 2.7
v -3.2 2.2 2.7
v -3.2 2.5 2.7
v 2.3 2.2 2.7
v 2.3 2.4 2.7
v 2.3 2.5 2.7
v 2.4 2.2 2.7
v 2.4 2.4 2.7
v 2.4 2.5 2.7
v -3.4 2.2 2.6
v -3.4 2.5 2.6
v -3.3 2.2 2.6
v -3.3 2.5 2.6
v 2.4 2.2 2.6
v 2.4 2.4 2.6
v 2.4 2.5 2.6
v 2.5 2.2 2.6
v 2.5 2.4 2.6
v 2.5 2.5 2.6
v -3.5 2.2 2.5
v -3.5 2.5 2.5
v -3.4 2.2 2.5
v -3.4 2.5 2.5
v 2.5 2.2 2.5
v 2.5 2.4 2.5
v 2.5 2.5 2.5
v 2.6 2.2 2.5
v 2.6 2.4 2.5
v 2.6 2.5 2.5
v -3.6 2.2 2.4
v -3.6 2.5 2.4
v -3.5 2.2 2.4
v -3.5 2.5 2.4
v 2.6 2.2 2.4
v 2.6 2.4 2.4
v 2.6 2.5 2.4
v 2.7 2.2 2.4
v 2.7 2.4 2.4
v 2.7 2.5 2.4
v -3.7 2.2 2.3
v -3.7 2.5 2.3
v -3.6 2.2 2.3
v -3.6 2.5 2.3
v 2.7 2.2 2.3
v 2.7 2.4 2.3
v 2.7 2.5 2.3
v 2.8 2.2 2.3
v 2.8 2.4 2.3
v 2.8 2.5 2.3
v -3.8 2.2 2.1
v -3.8 2.5 2.1
v -3.7 2.2 2.1
v -3.7 2.5 2.1
v 2.8 2.2 2.1
v 2.8 2.4 2.1
v 2.8 2.5 2.1
v 2.9 2.2 2.1
v 2.9 2.4 2.1
v 2.9 2.5 2.1
v -3.9 2.2 2
v -3.9 2.5 2
v -3.8 2.2 2
v -3.8 2.5 2
v 2.9 2.2 2
v 2.9 2.4 2
v 2.9 2.5 2
v 3 2.2 2
v 3 2.4 2
v 3 2.5 2
v -4 2.2 1.8
v -4 2.5 1.8
v -3.9 2.2 1.8
v -3.9 2.5 1.8
v 3 2.2 1.8
v 3 2.4 1.8
v 3 2.5 1.8
v 3.1 2.2 1.8
v 3.1 2.4 1.8
v 3.1 2.5 1.8
v -4.1 2.2 1.6
v -4.1 2.5 1.6
v -4 2.2 1.6
v -4 2.5 1.6
v 3.1 2.2 1.6
v 3.1 2.4 1.6
v 3.1 2.5 1.6
v 3.2 2.2 1.6
v 3.2 2.4 1.6
v 3.2 2.5 1.6
v -4.2 2.2 1.3
v -4.2 2.5 1.3
v -4.1 2.2 1.3
v -4.1 2.5 1.3
v 3.2 2.2 1.3
v 3.2 2.4 1.3
v 3.2 2.5 1.3
v 3.3 2.2 1.3
v 3.3 2.4 1.3
v 3.3 2.5 1.3
v -4.3 2.2 1
v -4.3 2.5 1
v -4.2 2.2 1
v -4.2 2.5 1
v 3.3 2.2 1
v 3.3 2.4 1
v 3.3 2.5 1
v 3.4 2.2 1
v 3.4 2.4 1
v 3.4 2.5 1
v -4.4 2.2 0.6
v -4.4 2.5 0.6
v -4.3 2.2 0.6
v -4.3 2.5 0.6
v 3.4 2.2 0.6
v 3.4 2.4 0.6
v 3.4 2.5 0.6
v 3.5 2.2 0.6
v 3.5 2.4 0.6
v 3.5 2.5 0.6
v -5.3 0.7 -0.7
v -5.3 1.1 -0.7
v -5.2 0.7 -0.7
v -5.2 1.1 -0.7
v -4.9 1.1 -0.7
v -4.9 1.5 -0.7
v -4.8 1.1 -0.7
v -4.8 1.5 -0.7
v -4.5 1.5 -0.7
v -4.5 1.7 -0.7
v -4.5 1.8 -0.7
v -4.5 2.5 -0.7
v -4.4 1.5 -0.7
v -4.4 1.7 -0.7
v -4.4 1.8 -0.7
v -4.4 2.5 -0.7
v 3.5 1.5 -0.7
v 3.5 2.4 -0.7
v 3.5 2.5 -0.7
v 3.6 1.5 -0.7
v 3.6 2.4 -0.7
v 3.6 2.5 -0.7
v 3.9 1.1 -0.7
v 3.9 1.5 -0.7
v 4 1.1 -0.7
v 4 1.5 -0.7
v 4.3 0.7 -0.7
v 4.3 1.1 -0.7
v 4.4 0.7 -0.7
v 4.4 1.1 -0.7
v -5.7 0 -0.8
v -5.7 0.7 -0.8
v -5.6 0 -0.8
v -5.6 0.7 -0.8
v 4.7 0 -0.8
v 4.7 0.7 -0.8
v 4.8 0 -0.8
v 4.8 0.7 -0.8
v -4.4 1.5 -1.1
v -4.4 1.7 -1.1
v -4.4 1.8 -1.1
v -4.4 2.5 -1.1
v -4.3 1.5 -1.1
v -4.3 1.7 -1.1
v -4.3 1.8 -1.1
v -4.3 2.5 -1.1
v 3.4 1.5 -1.1
v 3.4 2.4 -1.1
v 3.4 2.5 -1.1
v 3.5 1.5 -1.1
v 3.5 2.4 -1.1
v 3.5 2.5 -1.1
v -5.2 0.7 -1.2
v -5.2 1.1 -1.2
v -5.1 0.7 -1.2
v -5.1 1.1 -1.2
v -4.8 1.1 -1.2
v -4.8 1.5 -1.2
v -4.7 1.1 -1.2
v -4.7 1.5 -1.2
v 3.8 1.1 -1.2
v 3.8 1.5 -1.2
v 3.9 1.1 -1.2
v 3.9 1.5 -1.2
v 4.2 0.7 -1.2
v 4.2 1.1 -1.2
v 4.3 0.7 -1.2
v 4.3 1.1 -1.2
v -5.6 0 -1.3
v -5.6 0.7 -1.3
v -5.5 0 -1.3
v -5.5 0.7 -1.3
v 4.6 0 -1.3
v 4.6 0.7 -1.3
v 4.7 0 -1.3
v 4.7 0.7 -1.3
v -4.7 1.1 -1.5
v -4.7 1.5 -1.5
v -4.6 1.1 -1.5
v -4.6 1.5 -1.5
v -4.3 1.5 -1.5
v -4.3 1.7 -1.5
v -4.3 1.8 -1.5
v -4.3 2.5 -1.5
v -4.2 1.5 -1.5
v -4.2 1.7 -1.5
v -4.2 1.8 -1.5
v -4.2 2.5 -1.5
v 3.3 1.5 -1.5
v 3.3 2.4 -1.5
v 3.3 2.5 -1.5
v 3.4 1.5 -1.5
v 3.4 2.4 -1.5
v 3.4 2.5 -1.5
v 3.7 1.1 -1.5
v 3.7 1.5 -1.5
v 3.8 1.1 -1.5
v 3.8 1.5 -1.5
v -5.1 0.7 -1.6
v -5.1 1.1 -1.6
v -5 0.7 -1.6
v -5 1.1 -1.6
v 4.1 0.7 -1.6
v 4.1 1.1 -1.6
v 4.2 0.7 -1.6
v 4.2 1.1 -1.6
v -5.5 0 -1.7
v -5.5 0.7 -1.7
v -5.4 0 -1.7
v -5.4 0.7 -1.7
v -4.2 1.5 -1.7
v -4.2 1.7 -1.7
v -4.2 1.8 -1.7
v -4.2 2.5 -1.7
v -4.1 1.5 -1.7
v -4.1 1.7 -1.7
v -4.1 1.8 -1.7
v -4.1 2.5 -1.7
v 3.2 1.5 -1.7
v 3.2 2.4 -1.7
v 3.2 2.5 -1.7
v 3.3 1.5 -1.7
v 3.3 2.4 -1.7
v 3.3 2.5 -1.7
v 4.5 0 -1.7
v 4.5 0.7 -1.7
v 4.6 0 -1.7
v 4.6 0.7 -1.7
v -4.6 1.1 -1.8
v -4.6 1.5 -1.8
v -4.5 1.1 -1.8
v -4.5 1.5 -1.8
v 3.6 1.1 -1.8
v 3.6 1.5 -1.8
v 3.7 1.1 -1.8
v 3.7 1.5 -1.8
v -5.4 0 -1.9
v -5.4 0.7 -1.9
v -5.3 0 -1.9
v -5.3 0.7 -1.9
v -5 0.7 -1.9
v -5 1.1 -1.9
v -4.9 0.7 -1.9
v -4.9 1.1 -1.9
v -4.1 1.5 -1.9
v -4.1 1.7 -1.9
v -4.1 1.8 -1.9
v -4.1 2.5 -1.9
v -4 1.5 -1.9
v -4 1.7 -1.9
v -4 1.8 -1.9
v -4 2.5 -1.9
v 3.1 1.5 -1.9
v 3.1 2.4 -1.9
v 3.1 2.5 -1.9
v 3.2 1.5 -1.9
v 3.2 2.4 -1.9
v 3.2 2.5 -1.9
v 4 0.7 -1.9
v 4 1.1 -1.9
v 4.1 0.7 -1.9
v 4.1 1.1 -1.9
v 4.4 0 -1.9
v 4.4 0.7 -1.9
v 4.5 0 -1.9
v 4.5 0.7 -1.9
v -4.5 1.1 -2
v -4.5 1.5 -2
v -4.4 1.1 -2
v -4.4 1.5 -2
v 3.5 1.1 -2
v 3.5 1.5 -2
v 3.6 1.1 -2
v 3.6 1.5 -2
v -4.9 0.7 -2.1
v -4.9 1.1 -2.1
v -4.8 0.7 -2.1
v -4.8 1.1 -2.1
v -4 1.5 -2.1
v -4 1.7 -2.1
v -4 1.8 -2.1
v -4 2.5 -2.1
v -3.9 1.5 -2.1
v -3.9 1.7 -2.1
v -3.9 1.8 -2.1
v -3.9 2.5 -2.1
v 3 1.5 -2.1
v 3 2.4 -2.1
v 3 2.5 -2.1
v 3.1 1.5 -2.1
v 3.1 2.4 -2.1
v 3.1 2.5 -2.1
v 3.9 0.7 -2.1
v 3.9 1.1 -2.1
v 4 0.7 -2.1
v 4 1.1 -2.1
v -5.3 0 -2.2
v -5.3 0.7 -2.2
v -5.2 0 -2.2
v -5.2 0.7 -2.2
v -4.4 1.1 -2.2
v -4.4 1.5 -2.2
v -4.3 1.1 -2.2
v -4.3 1.5 -2.2
v 3.4 1.1 -2.2
v 3.4 1.5 -2.2
v 3.5 1.1 -2.2
v 3.5 1.5 -2.2
v 4.3 0 -2.2
v 4.3 0.7 -2.2
v 4.4 0 -2.2
v 4.4 0.7 -2.2
v -4.8 0.7 -2.3
v -4.8 1.1 -2.3
v -4.7 0.7 -2.3
v -4.7 1.1 -2.3
v -3.9 1.5 -2.3
v -3.9 1.7 -2.3
v -3.9 1.8 -2.3
v -3.9 2.5 -2.3
v -3.8 1.5 -2.3
v -3.8 1.7 -2.3
v -3.8 1.8 -2.3
v -3.8 2.5 -2.3
v 2.9 1.5 -2.3
v 2.9 2.4 -2.3
v 2.9 2.5 -2.3
v 3 1.5 -2.3
v 3 2.4 -2.3
v 3 2.5 -2.3
v 3.8 0.7 -2.3
v 3.8 1.1 -2.3
v 3.9 0.7 -2.3
v 3.9 1.1 -2.3
v -5.2 0 -2.4
v -5.2 0.7 -2.4
v -5.1 0 -2.4
v -5.1 0.7 -2.4
v -4.3 1.1 -2.4
v -4.3 1.5 -2.4
v -4.2 1.1 -2.4
v -4.2 1.5 -2.4
v -3.8 1.5 -2.4
v -3.8 1.7 -2.4
v -3.8 1.8 -2.4
v -3.8 2.5 -2.4
v -3.7 1.5 -2.4
v -3.7 1.7 -2.4
v -3.7 1.8 -2.4
v -3.7 2.5 -2.4
v 2.8 1.5 -2.4
v 2.8 2.4 -2.4
v 2.8 2.5 -2.4
v 2.9 1.5 -2.4
v 2.9 2.4 -2.4
v 2.9 2.5 -2.4
v 3.3 1.1 -2.4
v 3.3 1.5 -2.4
v 3.4 1.1 -2.4
v 3.4 1.5 -2.4
v 4.2 0 -2.4
v 4.2 0.7 -2.4
v 4.3 0 -2.4
v 4.3 0.7 -2.4
v -4.7 0.7 -2.5
v -4.7 1.1 -2.5
v -4.6 0.7 -2.5
v -4.6 1.1 -2.5
v -4.2 1.1 -2.5
v -4.2 1.5 -2.5
v -4.1 1.1 -2.5
v -4.1 1.5 -2.5
v -3.7 1.5 -2.5
v -3.7 1.7 -2.5
v -3.7 1.8 -2.5
v -3.7 2.5 -2.5
v -3.6 1.5 -2.5
v -3.6 1.7 -2.5
v -3.6 1.8 -2.5
v -3.6 2.5 -2.5
v 2.7 1.5 -2.5
v 2.7 2.4 -2.5
v 2.7 2.5 -2.5
v 2.8 1.5 -2.5
v 2.8 2.4 -2.5
v 2.8 2.5 -2.5
v 3.2 1.1 -2.5
v 3.2 1.5 -2.5
v 3.3 1.1 -2.5
v 3.3 1.5 -2.5
v 3.7 0.7 -2.5
v 3.7 1.1 -2.5
v 3.8 0.7 -2.5
v 3.8 1.1 -2.5
v -5.1 0 -2.6
v -5.1 0.7 -2.6
v -5 0 -2.6
v -5 0.7 -2.6
v -4.6 0.7 -2.6
v -4.6 1.1 -2.6
v -4.5 0.7 -2.6
v -4.5 1.1 -2.6
v 3.6 0.7 -2.6
v 3.6 1.1 -2.6
v 3.7 0.7 -2.6
v 3.7 1.1 -2.6
v 4.1 0 -2.6
v 4.1 0.7 -2.6
v 4.2 0 -2.6
v 4.2 0.7 -2.6
v -4.1 1.1 -2.7
v -4.1 1.5 -2.7
v -4 1.1 -2.7
v -4 1.5 -2.7
v -3.6 1.5 -2.7
v -3.6 1.7 -2.7
v -3.6 1.8 -2.7
v -3.6 2.5 -2.7
v -3.5 1.5 -2.7
v -3.5 1.7 -2.7
v -3.5 1.8 -2.7
v -3.5 2.5 -2.7
v 2.6 1.5 -2.7
v 2.6 2.4 -2.7
v 2.6 2.5 -2.7
v 2.7 1.5 -2.7
v 2.7 2.4 -2.7
v 2.7 2.5 -2.7
v 3.1 1.1 -2.7
v 3.1 1.5 -2.7
v 3.2 1.1 -2.7
v 3.2 1.5 -2.7
v -5 0 -2.8
v -5 0.7 -2.8
v -4.9 0 -2.8
v -4.9 0.7 -2.8
v -4.5 0.7 -2.8
v -4.5 1.1 -2.8
v -4.4 0.7 -2.8
v -4.4 1.1 -2.8
v -4 1.1 -2.8
v -4 1.5 -2.8
v -3.9 1.1 -2.8
v -3.9 1.5 -2.8
v -3.5 1.5 -2.8
v -3.5 1.7 -2.8
v -3.5 1.8 -2.8
v -3.5 2.5 -2.8
v -3.4 1.5 -2.8
v -3.4 1.7 -2.8
v -3.4 1.8 -2.8
v -3.4 2.5 -2.8
v 2.5 1.5 -2.8
v 2.5 2.4 -2.8
v 2.5 2.5 -2.8
v 2.6 1.5 -2.8
v 2.6 2.4 -2.8
v 2.6 2.5 -2.8
v 3 1.1 -2.8
v 3 1.5 -2.8
v 3.1 1.1 -2.8
v 3.1 1.5 -2.8
v 3.5 0.7 -2.8
v 3.5 1.1 -2.8
v 3.6 0.7 -2.8
v 3.6 1.1 -2.8
v 4 0 -2.8
v 4 0.7 -2.8
v 4.1 0 -2.8
v 4.1 0.7 -2.8
v -4.9 0 -2.9
v -4.9 0.7 -2.9
v -4.8 0 -2.9
v -4.8 0.7 -2.9
v -4.4 0.7 -2.9
v -4.4 1.1 -2.9
v -4.3 0.7 -2.9
v -4.3 1.1 -2.9
v -3.9 1.1 -2.9
v -3.9 1.5 -2.9
v -3.8 1.1 -2.9
v -3.8 1.5 -2.9
v -3.4 1.5 -2.9
v -3.4 1.7 -2.9
v -3.4 1.8 -2.9
v -3.4 2.5 -2.9
v -3.3 1.5 -2.9
v -3.3 1.7 -2.9
v -3.3 1.8 -2.9
v -3.3 2.5 -2.9
v 2.4 1.5 -2.9
v 2.4 2.4 -2.9
v 2.4 2.5 -2.9
v 2.5 1.5 -2.9
v 2.5 2.4 -2.9
v 2.5 2.5 -2.9
v 2.9 1.1 -2.9
v 2.9 1.5 -2.9
v 3 1.1 -2.9
v 3 1.5 -2.9
v 3.4 0.7 -2.9
v 3.4 1.1 -2.9
v 3.5 0.7 -2.9
v 3.5 1.1 -2.9
v 3.9 0 -2.9
v 3.9 0.7 -2.9
v 4 0 -2.9
v 4 0.7 -2.9
v -3.8 1.1 -3
v -3.8 1.5 -3
v -3.7 1.1 -3
v -3.7 1.5 -3
v -3.3 1.5 -3
v -3.3 1.7 -3
v -3.3 1.8 -3
v -3.3 2.5 -3
v -3.2 1.5 -3
v -3.2 1.7 -3
v -3.2 1.8 -3
v -3.2 2.5 -3
v 2.3 1.5 -3
v 2.3 2.4 -3
v 2.3 2.5 -3
v 2.4 1.5 -3
v 2.4 2.4 -3
v 2.4 2.5 -3
v 2.8 1.1 -3
v 2.8 1.5 -3
v 2.9 1.1 -3
v 2.9 1.5 -3
v -4.8 0 -3.1
v -4.8 0.7 -3.1
v -4.7 0 -3.1
v -4.7 0.7 -3.1
v -4.3 0.7 -3.1
v -4.3 1.1 -3.1
v -4.2 0.7 -3.1
v -4.2 1.1 -3.1
v -3.7 1.1 -3.1
v -3.7 1.5 -3.1
v -3.6 1.1 -3.1
v -3.6 1.5 -3.1
v -3.2 1.5 -3.1
v -3.2 1.7 -3.1
v -3.2 1.8 -3.1
v -3.2 2.5 -3.1
v -3.1 1.5 -3.1
v -3.1 1.7 -3.1
v -3.1 1.8 -3.1
v -3.1 2.5 -3.1
v 2.2 1.5 -3.1
v 2.2 2.4 -3.1
v 2.2 2.5 -3.1
v 2.3 1.5 -3.1
v 2.3 2.4 -3.1
v 2.3 2.5 -3.1
v 2.7 1.1 -3.1
v 2.7 1.5 -3.1
v 2.8 1.1 -3.1
v 2.8 1.5 -3.1
v 3.3 0.7 -3.1
v 3.3 1.1 -3.1
v 3.4 0.7 -3.1
v 3.4 1.1 -3.1
v 3.8 0 -3.1
v 3.8 0.7 -3.1
v 3.9 0 -3.1
v 3.9 0.7 -3.1
v -4.7 0 -3.2
v -4.7 0.7 -3.2
v -4.6 0 -3.2
v -4.6 0.7 -3.2
v -4.2 0.7 -3.2
v -4.2 1.1 -3.2
v -4.1 0.7 -3.2
v -4.1 1.1 -3.2
v -3.6 1.1 -3.2
v -3.6 1.5 -3.2
v -3.5 1.1 -3.2
v -3.5 1.5 -3.2
v -3.1 1.5 -3.2
v -3.1 1.7 -3.2
v -3.1 1.8 -3.2
v -3.1 2.5 -3.2
v -2.9 1.5 -3.2
v -2.9 1.7 -3.2
v -2.9 1.8 -3.2
v -2.9 2.5 -3.2
v 2 1.5 -3.2
v 2 2.4 -3.2
v 2 2.5 -3.2
v 2.2 1.5 -3.2
v 2.2 2.4 -3.2
v 2.2 2.5 -3.2
v 2.6 1.1 -3.2
v 2.6 1.5 -3.2
v 2.7 1.1 -3.2
v 2.7 1.5 -3.2
v 3.2 0.7 -3.2
v 3.2 1.1 -3.2
v 3.3 0.7 -3.2
v 3.3 1.1 -3.2
v 3.7 0 -3.2
v 3.7 0.7 -3.2
v 3.8 0 -3.2
v 3.8 0.7 -3.2
v -4.6 0 -3.3
v -4.6 0.7 -3.3
v -4.5 0 -3.3
v -4.5 0.7 -3.3
v -4.1 0.7 -3.3
v -4.1 1.1 -3.3
v -4 0.7 -3.3
v -4 1.1 -3.3
v -3.5 1.1 -3.3
v -3.5 1.5 -3.3
v -3.4 1.1 -3.3
v -3.4 1.5 -3.3
v -2.9 1.5 -3.3
v -2.9 1.7 -3.3
v -2.9 1.8 -3.3
v -2.9 2.5 -3.3
v -2.8 1.5 -3.3
v -2.8 1.7 -3.3
v -2.8 1.8 -3.3
v -2.8 2.5 -3.3
v 1.9 1.5 -3.3
v 1.9 2.4 -3.3
v 1.9 2.5 -3.3
v 2 1.5 -3.3
v 2 2.4 -3.3
v 2 2.5 -3.3
v 2.5 1.1 -3.3
v 2.5 1.5 -3.3
v 2.6 1.1 -3.3
v 2.6 1.5 -3.3
v 3.1 0.7 -3.3
v 3.1 1.1 -3.3
v 3.2 0.7 -3.3
v 3.2 1.1 -3.3
v 3.6 0 -3.3
v 3.6 0.7 -3.3
v 3.7 0 -3.3
v 3.7 0.7 -3.3
v -4 0.7 -3.4
v -4 1.1 -3.4
v -3.9 0.7 -3.4
v -3.9 1.1 -3.4
v -3.4 1.1 -3.4
v -3.4 1.5 -3.4
v -3.3 1.1 -3.4
v -3.3 1.5 -3.4
v -2.8 1.5 -3.4
v -2.8 1.7 -3.4
v -2.8 1.8 -3.4
v -2.8 2.5 -3.4
v -2.7 1.5 -3.4
v -2.7 1.7 -3.4
v -2.7 1.8 -3.4
v -2.7 2.5 -3.4
v 1.8 1.5 -3.4
v 1.8 2.4 -3.4
v 1.8 2.5 -3.4
v 1.9 1.5 -3.4
v 1.9 2.4 -3.4
v 1.9 2.5 -3.4
v 2.4 1.1 -3.4
v 2.4 1.5 -3.4
v 2.5 1.1 -3.4
v 2.5 1.5 -3.4
v 3 0.7 -3.4
v 3 1.1 -3.4
v 3.1 0.7 -3.4
v 3.1 1.1 -3.4
v -4.5 0 -3.5
v -4.5 0.7 -3.5
v -4.4 0 -3.5
v -4.4 0.7 -3.5
v -3.9 0.7 -3.5
v -3.9 1.1 -3.5
v -3.8 0.7 -3.5
v -3.8 1.1 -3.5
v -3.3 1.1 -3.5
v -3.3 1.5 -3.5
v -3.2 1.1 -3.5
v -3.2 1.5 -3.5
v -2.7 1.5 -3.5
v -2.7 1.7 -3.5
v -2.7 1.8 -3.5
v -2.7 2.5 -3.5
v -2.5 1.5 -3.5
v -2.5 1.7 -3.5
v -2.5 1.8 -3.5
v -2.5 2.5 -3.5
v 1.6 1.5 -3.5
v 1.6 2.4 -3.5
v 1.6 2.5 -3.5
v 1.8 1.5 -3.5
v 1.8 2.4 -3.5
v 1.8 2.5 -3.5
v 2.3 1.1 -3.5
v 2.3 1.5 -3.5
v 2.4 1.1 -3.5
v 2.4 1.5 -3.5
v 2.9 0.7 -3.5
v 2.9 1.1 -3.5
v 3 0.7 -3.5
v 3 1.1 -3.5
v 3.5 0 -3.5
v 3.5 0.7 -3.5
v 3.6 0 -3.5
v 3.6 0.7 -3.5
v -4.4 0 -3.6
v -4.4 0.7 -3.6
v -4.3 0 -3.6
v -4.3 0.7 -3.6
v -3.8 0.7 -3.6
v -3.8 1.1 -3.6
v -3.7 0.7 -3.6
v -3.7 1.1 -3.6
v -3.2 1.1 -3.6
v -3.2 1.5 -3.6
v -3.1 1.1 -3.6
v -3.1 1.5 -3.6
v -2.5 1.5 -3.6
v -2.5 1.7 -3.6
v -2.5 1.8 -3.6
v -2.5 2.5 -3.6
v -2.3 1.5 -3.6
v -2.3 1.7 -3.6
v -2.3 1.8 -3.6
v -2.3 2.5 -3.6
v 1.4 1.5 -3.6
v 1.4 2.4 -3.6
v 1.4 2.5 -3.6
v 1.6 1.5 -3.6
v 1.6 2.4 -3.6
v 1.6 2.5 -3.6
v 2.2 1.1 -3.6
v 2.2 1.5 -3.6
v 2.3 1.1 -3.6
v 2.3 1.5 -3.6
v 2.8 0.7 -3.6
v 2.8 1.1 -3.6
v 2.9 0.7 -3.6
v 2.9 1.1 -3.6
v 3.4 0 -3.6
v 3.4 0.7 -3.6
v 3.5 0 -3.6
v 3.5 0.7 -3.6
v -4.3 0 -3.7
v -4.3 0.7 -3.7
v -4.2 0 -3.7
v -4.2 0.7 -3.7
v -3.7 0.7 -3.7
v -3.7 1.1 -3.7
v -3.6 0.7 -3.7
v -3.6 1.1 -3.7
v -3.1 1.1 -3.7
v -3.1 1.5 -3.7
v -2.9 1.1 -3.7
v -2.9 1.5 -3.7
v -2.3 1.5 -3.7
v -2.3 1.7 -3.7
v -2.3 1.8 -3.7
v -2.3 2.5 -3.7
v -2.1 1.5 -3.7
v -2.1 1.7 -3.7
v -2.1 1.8 -3.7
v -2.1 2.5 -3.7
v 1.2 1.5 -3.7
v 1.2 2.4 -3.7
v 1.2 2.5 -3.7
v 1.4 1.5 -3.7
v 1.4 2.4 -3.7
v 1.4 2.5 -3.7
v 2 1.1 -3.7
v 2 1.5 -3.7
v 2.2 1.1 -3.7
v 2.2 1.5 -3.7
v 2.7 0.7 -3.7
v 2.7 1.1 -3.7
v 2.8 0.7 -3.7
v 2.8 1.1 -3.7
v 3.3 0 -3.7
v 3.3 0.7 -3.7
v 3.4 0 -3.7
v 3.4 0.7 -3.7
v -4.2 0 -3.8
v -4.2 0.7 -3.8
v -4.1 0 -3.8
v -4.1 0.7 -3.8
v -3.6 0.7 -3.8
v -3.6 1.1 -3.8
v -3.5 0.7 -3.8
v -3.5 1.1 -3.8
v -2.9 1.1 -3.8
v -2.9 1.5 -3.8
v -2.8 1.1 -3.8
v -2.8 1.5 -3.8
v -2.1 1.5 -3.8
v -2.1 1.7 -3.8
v -2.1 1.8 -3.8
v -2.1 2.5 -3.8
v -1.9 1.5 -3.8
v -1.9 1.7 -3.8
v -1.9 1.8 -3.8
v -1.9 2.5 -3.8
v 1 1.5 -3.8
v 1 2.4 -3.8
v 1 2.5 -3.8
v 1.2 1.5 -3.8
v 1.2 2.4 -3.8
v 1.2 2.5 -3.8
v 1.9 1.1 -3.8
v 1.9 1.5 -3.8
v 2 1.1 -3.8
v 2 1.5 -3.8
v 2.6 0.7 -3.8
v 2.6 1.1 -3.8
v 2.7 0.7 -3.8
v 2.7 1.1 -3.8
v 3.2 0 -3.8
v 3.2 0.7 -3.8
v 3.3 0 -3.8
v 3.3 0.7 -3.8
v -4.1 0 -3.9
v -4.1 0.7 -3.9
v -4 0 -3.9
v -4 0.7 -3.9
v -3.5 0.7 -3.9
v -3.5 1.1 -3.9
v -3.3 0.7 -3.9
v -3.3 1.1 -3.9
v -2.8 1.1 -3.9
v -2.8 1.5 -3.9
v -2.6 1.1 -3.9
v -2.6 1.5 -3.9
v -1.9 1.5 -3.9
v -1.9 1.7 -3.9
v -1.9 1.8 -3.9
v -1.9 2.5 -3.9
v -1.7 1.8 -3.9
v -1.7 1.9 -3.9
v -1.6 1.7 -3.9
v -1.6 1.8 -3.9
v -1.6 1.9 -3.9
v -1.6 2 -3.9
v -1.5 1.5 -3.9
v -1.5 1.8 -3.9
v -1.5 1.9 -3.9
v -1.5 2 -3.9
v -1.5 2.1 -3.9
v -1.5 2.5 -3.9
v 0.6 1.5 -3.9
v 0.6 2.4 -3.9
v 0.6 2.5 -3.9
v 1 1.5 -3.9
v 1 2.4 -3.9
v 1 2.5 -3.9
v 1.7 1.1 -3.9
v 1.7 1.5 -3.9
v 1.9 1.1 -3.9
v 1.9 1.5 -3.9
v 2.4 0.7 -3.9
v 2.4 1.1 -3.9
v 2.6 0.7 -3.9
v 2.6 1.1 -3.9
v 3.1 0 -3.9
v 3.1 0.7 -3.9
v 3.2 0 -3.9
v 3.2 0.7 -3.9
v -4 0 -4
v -4 0.7 -4
v -3.9 0 -4
v -3.9 0.7 -4
v -3.3 0.7 -4
v -3.3 1.1 -4
v -3.2 0.7 -4
v -3.2 1.1 -4
v -2.6 1.1 -4
v -2.6 1.5 -4
v -2.4 1.1 -4
v -2.4 1.5 -4
v -1.5 1.5 -4
v -1.5 1.9 -4
v -1.5 2.1 -4
v -1.5 2.5 -4
v -1.4 1.9 -4
v -1.4 2 -4
v -1.4 2.1 -4
v -1.4 2.2 -4
v -1.3 2 -4
v -1.3 2.1 -4
v -1.3 2.2 -4
v -1.3 2.3 -4
v -1.2 2.1 -4
v -1.2 2.2 -4
v -1.2 2.3 -4
v -1.2 2.4 -4
v -1.1 1.5 -4
v -1.1 2.2 -4
v -1.1 2.3 -4
v -1.1 2.4 -4
v -1.1 2.5 -4
v 0.2 1.5 -4
v 0.2 2.4 -4
v 0.2 2.5 -4
v 0.6 1.5 -4
v 0.6 2.4 -4
v 0.6 2.5 -4
v 1.5 1.1 -4
v 1.5 1.5 -4
v 1.7 1.1 -4
v 1.7 1.5 -4
v 2.3 0.7 -4
v 2.3 1.1 -4
v 2.4 0.7 -4
v 2.4 1.1 -4
v 3 0 -4
v 3 0.7 -4
v 3.1 0 -4
v 3.1 0.7 -4
v -3.9 0 -4.1
v -3.9 0.7 -4.1
v -3.7 0 -4.1
v -3.7 0.7 -4.1
v -3.2 0.7 -4.1
v -3.2 1.1 -4.1
v -3 0.7 -4.1
v -3 1.1 -4.1
v -2.4 1.1 -4.1
v -2.4 1.5 -4.1
v -2.2 1.1 -4.1
v -2.2 1.5 -4.1
v -1.1 1.5 -4.1
v -1.1 2.3 -4.1
v -1.1 2.5 -4.1
v -1 1.6 -4.1
v -1 2.3 -4.1
v -1 2.4 -4.1
v -0.9 1.7 -4.1
v -0.9 2.2 -4.1
v -0.8 2 -4.1
v -0.8 2.1 -4.1
v -0.5 1.5 -4.1
v -0.5 1.6 -4.1
v -0.4 1.5 -4.1
v -0.4 1.6 -4.1
v -0.4 1.8 -4.1
v -0.4 1.9 -4.1
v -0.0999999 1.8 -4.1
v -0.0999999 1.9 -4.1
v -0.0999999 2 -4.1
v -0.0999999 2.1 -4.1
v 0 1.7 -4.1
v 0 2.2 -4.1
v 0.0999999 1.6 -4.1
v 0.0999999 2.3 -4.1
v 0.2 1.5 -4.1
v 0.2 2.4 -4.1
v 0.2 2.5 -4.1
v 1.3 1.1 -4.1
v 1.3 1.5 -4.1
v 1.5 1.1 -4.1
v 1.5 1.5 -4.1
v 2.1 0.7 -4.1
v 2.1 1.1 -4.1
v 2.3 0.7 -4.1
v 2.3 1.1 -4.1
v 2.8 0 -4.1
v 2.8 0.7 -4.1
v 3 0 -4.1
v 3 0.7 -4.1
v -3.7 0 -4.2
v -3.7 0.7 -4.2
v -3.6 0 -4.2
v -3.6 0.7 -4.2
v -3 0.7 -4.2
v -3 1.1 -4.2
v -2.9 0.7 -4.2
v -2.9 1.1 -4.2
v -2.2 1.1 -4.2
v -2.2 1.5 -4.2
v -1.9 1.1 -4.2
v -1.9 1.5 -4.2
v -1 1.6 -4.2
v -1 2.3 -4.2
v -0.9 1.7 -4.2
v -0.9 2.2 -4.2
v 0 1.7 -4.2
v 0 2.2 -4.2
v 0.0999999 1.6 -4.2
v 0.0999999 2.3 -4.2
v 1 1.1 -4.2
v 1 1.5 -4.2
v 1.3 1.1 -4.2
v 1.3 1.5 -4.2
v 2 0.7 -4.2
v 2 1.1 -4.2
v 2.1 0.7 -4.2
v 2.1 1.1 -4.2
v 2.7 0 -4.2
v 2.7 0.7 -4.2
v 2.8 0 -4.2
v 2.8 0.7 -4.2
v -3.6 0 -4.3
v -3.6 0.7 -4.3
v -3.5 0 -4.3
v -3.5 0.7 -4.3
v -2.9 0.7 -4.3
v -2.9 1.1 -4.3
v -2.7 0.7 -4.3
v -2.7 1.1 -4.3
v -1.9 1.1 -4.3
v -1.9 1.5 -4.3
v -1.6 1.1 -4.3
v -1.6 1.5 -4.3
v 0.7 1.1 -4.3
v 0.7 1.5 -4.3
v 1 1.1 -4.3
v 1 1.5 -4.3
v 1.8 0.7 -4.3
v 1.8 1.1 -4.3
v 2 0.7 -4.3
v 2 1.1 -4.3
v 2.6 0 -4.3
v 2.6 0.7 -4.3
v 2.7 0 -4.3
v 2.7 0.7 -4.3
v -3.5 0 -4.4
v -3.5 0.7 -4.4
v -3.3 0 -4.4
v -3.3 0.7 -4.4
v -2.7 0.7 -4.4
v -2.7 1.1 -4.4
v -2.5 0.7 -4.4
v -2.5 1.1 -4.4
v -1.6 1.1 -4.4
v -1.6 1.5 -4.4
v -1.1 1.1 -4.4
v -1.1 1.5 -4.4
v 0.2 1.1 -4.4
v 0.2 1.5 -4.4
v 0.7 1.1 -4.4
v 0.7 1.5 -4.4
v 1.6 0.7 -4.4
v 1.6 1.1 -4.4
v 1.8 0.7 -4.4
v 1.8 1.1 -4.4
v 2.4 0 -4.4
v 2.4 0.7 -4.4
v 2.6 0 -4.4
v 2.6 0.7 -4.4
v -3.3 0 -4.5
v -3.3 0.7 -4.5
v -3.2 0 -4.5
v -3.2 0.7 -4.5
v -2.5 0.7 -4.5
v -2.5 1.1 -4.5
v -2.3 0.7 -4.5
v -2.3 1.1 -4.5
v -1.1 1.1 -4.5
v -1.1 1.5 -4.5
v -0.5 1.1 -4.5
v -0.5 1.5 -4.5
v -0.4 1.1 -4.5
v -0.4 1.5 -4.5
v 0.2 1.1 -4.5
v 0.2 1.5 -4.5
v 1.4 0.7 -4.5
v 1.4 1.1 -4.5
v 1.6 0.7 -4.5
v 1.6 1.1 -4.5
v 2.3 0 -4.5
v 2.3 0.7 -4.5
v 2.4 0 -4.5
v 2.4 0.7 -4.5
v -3.2 0 -4.6
v -3.2 0.7 -4.6
v -3 0 -4.6
v -3 0.7 -4.6
v -2.3 0.7 -4.6
v -2.3 1.1 -4.6
v -2 0.7 -4.6
v -2 1.1 -4.6
v 1.1 0.7 -4.6
v 1.1 1.1 -4.6
v 1.4 0.7 -4.6
v 1.4 1.1 -4.6
v 2.1 0 -4.6
v 2.1 0.7 -4.6
v 2.3 0 -4.6
v 2.3 0.7 -4.6
v -3 0 -4.7
v -3 0.7 -4.7
v -2.8 0 -4.7
v -2.8 0.7 -4.7
v -2 0.7 -4.7
v -2 1.1 -4.7
v -1.6 0.7 -4.7
v -1.6 1.1 -4.7
v 0.7 0.7 -4.7
v 0.7 1.1 -4.7
v 1.1 0.7 -4.7
v 1.1 1.1 -4.7
v 1.9 0 -4.7
v 1.9 0.7 -4.7
v 2.1 0 -4.7
v 2.1 0.7 -4.7
v -2.8 0 -4.8
v -2.8 0.7 -4.8
v -2.6 0 -4.8
v -2.6 0.7 -4.8
v -1.6 0.7 -4.8
v -1.6 1.1 -4.8
v -1.1 0.7 -4.8
v -1.1 1.1 -4.8
v 0.2 0.7 -4.8
v 0.2 1.1 -4.8
v 0.7 0.7 -4.8
v 0.7 1.1 -4.8
v 1.7 0 -4.8
v 1.7 0.7 -4.8
v 1.9 0 -4.8
v 1.9 0.7 -4.8
v -2.6 0 -4.9
v -2.6 0.7 -4.9
v -2.3 0 -4.9
v -2.3 0.7 -4.9
v -1.1 0.7 -4.9
v -1.1 1.1 -4.9
v -0.5 0.7 -4.9
v -0.5 1.1 -4.9
v -0.4 0.7 -4.9
v -0.4 1.1 -4.9
v 0.2 0.7 -4.9
v 0.2 1.1 -4.9
v 1.4 0 -4.9
v 1.4 0.7 -4.9
v 1.7 0 -4.9
v 1.7 0.7 -4.9
v -2.3 0 -5
v -2.3 0.7 -5
v -2.1 0 -5
v -2.1 0.7 -5
v 1.2 0 -5
v 1.2 0.7 -5
v 1.4 0 -5
v 1.4 0.7 -5
v -2.1 0 -5.1
v -2.1 0.7 -5.1
v -1.7 0 -5.1
v -1.7 0.7 -5.1
v 0.8 0 -5.1
v 0.8 0.7 -5.1
v 1.2 0 -5.1
v 1.2 0.7 -5.1
v -1.7 0 -5.2
v -1.7 0.7 -5.2
v -1.2 0 -5.2
v -1.2 0.7 -5.2
v 0.3 0 -5.2
v 0.3 0.7 -5.2
v 0.8 0 -5.2
v 0.8 0.7 -5.2
v -1.2 0 -5.3
v -1.2 0.7 -5.3
v -0.5 0 -5.3
v -0.5 0.7 -5.3
v -0.4 0 -5.3
v -0.4 0.7 -5.3
v 0.3 0 -5.3
v 0.3 0.7 -5.3
v -1.2 0 5.2
v -0.5 0 5.2
v -0.4 0 5.2
v 0.3 0 5.2
v -1.7 0 5.1
v -1.2 0 5.1
v -0.5 0 5.1
v -0.4 0 5.1
v 0.3 0 5.1
v 0.8 0 5.1
v -2.1 0 5
v -1.7 0 5
v 0.8 0 5
v 1.2 0 5
v -2.3 0 4.9
v -2.1 0 4.9
v 1.2 0 4.9
v 1.4 0 4.9
v -2.6 0 4.8
v -2.3 0 4.8
v 1.4 0 4.8
v 1.7 0 4.8
v -2.8 0 4.7
v -2.6 0 4.7
v 1.7 0 4.7
v 1.9 0 4.7
v -3 0 4.6
v -2.8 0 4.6
v 1.9 0 4.6
v 2.1 0 4.6
v -3.2 0 4.5
v -3 0 4.5
v 2.1 0 4.5
v 2.3 0 4.5
v -3.3 0 4.4
v -3.2 0 4.4
v 2.3 0 4.4
v 2.4 0 4.4
v -3.5 0 4.3
v -3.3 0 4.3
v 2.4 0 4.3
v 2.6 0 4.3
v -3.6 0 4.2
v -3.5 0 4.2
v 2.6 0 4.2
v 2.7 0 4.2
v -3.7 0 4.1
v -3.6 0 4.1
v 2.7 0 4.1
v 2.8 0 4.1
v -3.9 0 4
v -3.7 0 4
v 2.8 0 4
v 3 0 4
v -4 0 3.9
v -3.9 0 3.9
v 3 0 3.9
v 3.1 0 3.9
v -4.1 0 3.8
v -4 0 3.8
v 3.1 0 3.8
v 3.2 0 3.8
v -4.2 0 3.7
v -4.1 0 3.7
v 3.2 0 3.7
v 3.3 0 3.7
v -4.3 0 3.6
v -4.2 0 3.6
v 3.3 0 3.6
v 3.4 0 3.6
v -4.4 0 3.5
v -4.3 0 3.5
v 3.4 0 3.5
v 3.5 0 3.5
v -4.5 0 3.4
v -4.4 0 3.4
v 3.5 0 3.4
v 3.6 0 3.4
v -4.6 0 3.2
v -4.5 0 3.2
v 3.6 0 3.2
v 3.7 0 3.2
v -4.7 0 3.1
v -4.6 0 3.1
v 3.7 0 3.1
v 3.8 0 3.1
v -4.8 0 3
v -4.7 0 3
v 3.8 0 3
v 3.9 0 3
v -4.9 0 2.8
v -4.8 0 2.8
v 3.9 0 2.8
v 4 0 2.8
v -5 0 2.7
v -4.9 0 2.7
v 4 0 2.7
v 4.1 0 2.7
v -5.1 0 2.5
v -5 0 2.5
v 4.1 0 2.5
v 4.2 0 2.5
v -5.2 0 2.3
v -5.1 0 2.3
v 4.2 0 2.3
v 4.3 0 2.3
v -5.3 0 2.1
v -5.2 0 2.1
v 4.3 0 2.1
v 4.4 0 2.1
v -5.4 0 1.8
v -5.3 0 1.8
v 4.4 0 1.8
v 4.5 0 1.8
v -5.5 0 1.6
v -5.4 0 1.6
v 4.5 0 1.6
v 4.6 0 1.6
v -5.6 0 1.2
v -5.5 0 1.2
v 4.6 0 1.2
v 4.7 0 1.2
v -5.7 0 0.7
v -5.6 0 0.7
v 4.7 0 0.7
v 4.8 0 0.7
v -5.7 0 0
v -5.6 0 0
v 4.7 0 0
v 4.8 0 0
v -5.7 0 -0.0999999
v -5.6 0 -0.0999999
v 4.7 0 -0.0999999
v 4.8 0 -0.0999999
v -5.7 0 -0.8
v -5.6 0 -0.8
v 4.7 0 -0.8
v 4.8 0 -0.8
v -5.6 0 -1.3
v -5.5 0 -1.3
v 4.6 0 -1.3
v 4.7 0 -1.3
v -5.5 0 -1.7
v -5.4 0 -1.7
v 4.5 0 -1.7
v 4.6 0 -1.7
v -5.4 0 -1.9
v -5.3 0 -1.9
v 4.4 0 -1.9
v 4.5 0 -1.9
v -5.3 0 -2.2
v -5.2 0 -2.2
v 4.3 0 -2.2
v 4.4 0 -2.2
v -5.2 0 -2.4
v -5.1 0 -2.4
v 4.2 0 -2.4
v 4.3 0 -2.4
v -5.1 0 -2.6
v -5 0 -2.6
v 4.1 0 -2.6
v 4.2 0 -2.6
v -5 0 -2.8
v -4.9 0 -2.8
v 4 0 -2.8
v 4.1 0 -2.8
v -4.9 0 -2.9
v -4.8 0 -2.9
v 3.9 0 -2.9
v 4 0 -2.9
v -4.8 0 -3.1
v -4.7 0 -3.1
v 3.8 0 -3.1
v 3.9 0 -3.1
v -4.7 0 -3.2
v -4.6 0 -3.2
v 3.7 0 -3.2
v 3.8 0 -3.2
v -4.6 0 -3.3
v -4.5 0 -3.3
v 3.6 0 -3.3
v 3.7 0 -3.3
v -4.5 0 -3.5
v -4.4 0 -3.5
v 3.5 0 -3.5
v 3.6 0 -3.5
v -4.4 0 -3.6
v -4.3 0 -3.6
v 3.4 0 -3.6
v 3.5 0 -3.6
v -4.3 0 -3.7
v -4.2 0 -3.7
v 3.3 0 -3.7
v 3.4 0 -3.7
v -4.2 0 -3.8
v -4.1 0 -3.8
v 3.2 0 -3.8
v 3.3 0 -3.8
v -4.1 0 -3.9
v -4 0 -3.9
v 3.1 0 -3.9
v 3.2 0 -3.9
v -4 0 -4
v -3.9 0 -4
v 3 0 -4
v 3.1 0 -4
v -3.9 0 -4.1
v -3.7 0 -4.1
v 2.8 0 -4.1
v 3 0 -4.1
v -3.7 0 -4.2
v -3.6 0 -4.2
v 2.7 0 -4.2
v 2.8 0 -4.2
v -3.6 0 -4.3
v -3.5 0 -4.3
v 2.6 0 -4.3
v 2.7 0 -4.3
v -3.5 0 -4.4
v -3.3 0 -4.4
v 2.4 0 -4.4
v 2.6 0 -4.4
v -3.3 0 -4.5
v -3.2 0 -4.5
v 2.3 0 -4.5
v 2.4 0 -4.5
v -3.2 0 -4.6
v -3 0 -4.6
v 2.1 0 -4.6
v 2.3 0 -4.6
v -3 0 -4.7
v -2.8 0 -4.7
v 1.9 0 -4.7
v 2.1 0 -4.7
v -2.8 0 -4.8
v -2.6 0 -4.8
v 1.7 0 -4.8
v 1.9 0 -4.8
v -2.6 0 -4.9
v -2.3 0 -4.9
v 1.4 0 -4.9
v 1.7 0 -4.9
v -2.3 0 -5
v -2.1 0 -5
v 1.2 0 -5
v 1.4 0 -5
v -2.1 0 -5.1
v -1.7 0 -5.1
v 0.8 0 -5.1
v 1.2 0 -5.1
v -1.7 0 -5.2
v -1.2 0 -5.2
v -0.5 0 -5.2
v -0.4 0 -5.2
v 0.3 0 -5.2
v 0.8 0 -5.2
v -1.2 0 -5.3
v -0.5 0 -5.3
v -0.4 0 -5.3
v 0.3 0 -5.3
v -1 1.6 4.1
v 0.0999999 1.6 4.1
v -1 1.6 4
v 0.0999999 1.6 4
v -1 1.6 -4.1
v -0.5 1.6 -4.1
v -0.4 1.6 -4.1
v 0.0999999 1.6 -4.1
v -1 1.6 -4.2
v 0.0999999 1.6 -4.2
v -0.9 2.2 4.1
v 0 2.2 4.1
v -0.9 2.2 4
v 0 2.2 4
v -0.9 2.2 -4.1
v 0 2.2 -4.1
v -0.9 2.2 -4.2
v 0 2.2 -4.2
v -1.2 0.7 5.2
v -0.5 0.7 5.2
v -0.4 0.7 5.2
v 0.3 0.7 5.2
v -1.7 0.7 5.1
v -1.2 0.7 5.1
v 0.3 0.7 5.1
v 0.8 0.7 5.1
v -2.1 0.7 5
v -1.7 0.7 5
v 0.8 0.7 5
v 1.2 0.7 5
v -2.3 0.7 4.9
v -2.1 0.7 4.9
v 1.2 0.7 4.9
v 1.4 0.7 4.9
v -2.6 0.7 4.8
v -2.3 0.7 4.8
v -1.1 0.7 4.8
v -0.5 0.7 4.8
v -0.4 0.7 4.8
v 0.2 0.7 4.8
v 1.4 0.7 4.8
v 1.7 0.7 4.8
v -2.8 0.7 4.7
v -2.6 0.7 4.7
v -1.6 0.7 4.7
v -1.1 0.7 4.7
v 0.2 0.7 4.7
v 0.7 0.7 4.7
v 1.7 0.7 4.7
v 1.9 0.7 4.7
v -3 0.7 4.6
v -2.8 0.7 4.6
v -2 0.7 4.6
v -1.6 0.7 4.6
v 0.7 0.7 4.6
v 1.1 0.7 4.6
v 1.9 0.7 4.6
v 2.1 0.7 4.6
v -3.2 0.7 4.5
v -3 0.7 4.5
v -2.3 0.7 4.5
v -2 0.7 4.5
v 1.1 0.7 4.5
v 1.4 0.7 4.5
v 2.1 0.7 4.5
v 2.3 0.7 4.5
v -3.3 0.7 4.4
v -3.2 0.7 4.4
v -2.5 0.7 4.4
v -2.3 0.7 4.4
v 1.4 0.7 4.4
v 1.6 0.7 4.4
v 2.3 0.7 4.4
v 2.4 0.7 4.4
v -3.5 0.7 4.3
v -3.3 0.7 4.3
v -2.7 0.7 4.3
v -2.5 0.7 4.3
v 1.6 0.7 4.3
v 1.8 0.7 4.3
v 2.4 0.7 4.3
v 2.6 0.7 4.3
v -3.6 0.7 4.2
v -3.5 0.7 4.2
v -2.9 0.7 4.2
v -2.7 0.7 4.2
v 1.8 0.7 4.2
v 2 0.7 4.2
v 2.6 0.7 4.2
v 2.7 0.7 4.2
v -3.7 0.7 4.1
v -3.6 0.7 4.1
v -3 0.7 4.1
v -2.9 0.7 4.1
v 2 0.7 4.1
v 2.1 0.7 4.1
v 2.7 0.7 4.1
v 2.8 0.7 4.1
v -3.9 0.7 4
v -3.7 0.7 4
v -3.2 0.7 4
v -3 0.7 4
v 2.1 0.7 4
v 2.3 0.7 4
v 2.8 0.7 4
v 3 0.7 4
v -4 0.7 3.9
v -3.9 0.7 3.9
v -3.3 0.7 3.9
v -3.2 0.7 3.9
v 2.3 0.7 3.9
v 2.4 0.7 3.9
v 3 0.7 3.9
v 3.1 0.7 3.9
v -4.1 0.7 3.8
v -4 0.7 3.8
v -3.5 0.7 3.8
v -3.3 0.7 3.8
v 2.4 0.7 3.8
v 2.6 0.7 3.8
v 3.1 0.7 3.8
v 3.2 0.7 3.8
v -4.2 0.7 3.7
v -4.1 0.7 3.7
v -3.6 0.7 3.7
v -3.5 0.7 3.7
v 2.6 0.7 3.7
v 2.7 0.7 3.7
v 3.2 0.7 3.7
v 3.3 0.7 3.7
v -4.3 0.7 3.6
v -4.2 0.7 3.6
v -3.7 0.7 3.6
v -3.6 0.7 3.6
v 2.7 0.7 3.6
v 2.8 0.7 3.6
v 3.3 0.7 3.6
v 3.4 0.7 3.6
v -4.4 0.7 3.5
v -4.3 0.7 3.5
v -3.8 0.7 3.5
v -3.7 0.7 3.5
v 2.8 0.7 3.5
v 2.9 0.7 3.5
v 3.4 0.7 3.5
v 3.5 0.7 3.5
v -4.5 0.7 3.4
v -4.4 0.7 3.4
v -3.9 0.7 3.4
v -3.8 0.7 3.4
v 2.9 0.7 3.4
v 3 0.7 3.4
v 3.5 0.7 3.4
v 3.6 0.7 3.4
v -4 0.7 3.3
v -3.9 0.7 3.3
v 3 0.7 3.3
v 3.1 0.7 3.3
v -4.6 0.7 3.2
v -4.5 0.7 3.2
v -4.1 0.7 3.2
v -4 0.7 3.2
v 3.1 0.7 3.2
v 3.2 0.7 3.2
v 3.6 0.7 3.2
v 3.7 0.7 3.2
v -4.7 0.7 3.1
v -4.6 0.7 3.1
v -4.2 0.7 3.1
v -4.1 0.7 3.1
v 3.2 0.7 3.1
v 3.3 0.7 3.1
v 3.7 0.7 3.1
v 3.8 0.7 3.1
v -4.8 0.7 3
v -4.7 0.7 3
v -4.3 0.7 3
v -4.2 0.7 3
v 3.3 0.7 3
v 3.4 0.7 3
v 3.8 0.7 3
v 3.9 0.7 3
v -4.9 0.7 2.8
v -4.8 0.7 2.8
v -4.4 0.7 2.8
v -4.3 0.7 2.8
v 3.4 0.7 2.8
v 3.5 0.7 2.8
v 3.9 0.7 2.8
v 4 0.7 2.8
v -5 0.7 2.7
v -4.9 0.7 2.7
v -4.5 0.7 2.7
v -4.4 0.7 2.7
v 3.5 0.7 2.7
v 3.6 0.7 2.7
v 4 0.7 2.7
v 4.1 0.7 2.7
v -5.1 0.7 2.5
v -5 0.7 2.5
v -4.6 0.7 2.5
v -4.5 0.7 2.5
v 3.6 0.7 2.5
v 3.7 0.7 2.5
v 4.1 0.7 2.5
v 4.2 0.7 2.5
v -4.7 0.7 2.4
v -4.6 0.7 2.4
v 3.7 0.7 2.4
v 3.8 0.7 2.4
v -5.2 0.7 2.3
v -5.1 0.7 2.3
v 4.2 0.7 2.3
v 4.3 0.7 2.3
v -4.8 0.7 2.2
v -4.7 0.7 2.2
v 3.8 0.7 2.2
v 3.9 0.7 2.2
v -5.3 0.7 2.1
v -5.2 0.7 2.1
v 4.3 0.7 2.1
v 4.4 0.7 2.1
v -4.9 0.7 2
v -4.8 0.7 2
v 3.9 0.7 2
v 4 0.7 2
v -5.4 0.7 1.8
v -5.3 0.7 1.8
v -5 0.7 1.8
v -4.9 0.7 1.8
v 4 0.7 1.8
v 4.1 0.7 1.8
v 4.4 0.7 1.8
v 4.5 0.7 1.8
v -5.5 0.7 1.6
v -5.4 0.7 1.6
v 4.5 0.7 1.6
v 4.6 0.7 1.6
v -5.1 0.7 1.5
v -5 0.7 1.5
v 4.1 0.7 1.5
v 4.2 0.7 1.5
v -5.6 0.7 1.2
v -5.5 0.7 1.2
v 4.6 0.7 1.2
v 4.7 0.7 1.2
v -5.2 0.7 1.1
v -5.1 0.7 1.1
v 4.2 0.7 1.1
v 4.3 0.7 1.1
v -5.7 0.7 0.7
v -5.6 0.7 0.7
v 4.7 0.7 0.7
v 4.8 0.7 0.7
v -5.3 0.7 0.6
v -5.2 0.7 0.6
v 4.3 0.7 0.6
v 4.4 0.7 0.6
v -5.7 0.7 0
v -5.3 0.7 0
v 4.4 0.7 0
v 4.8 0.7 0
v -5.7 0.7 -0.0999999
v -5.3 0.7 -0.0999999
v 4.4 0.7 -0.0999999
v 4.8 0.7 -0.0999999
v -5.3 0.7 -0.7
v -5.2 0.7 -0.7
v 4.3 0.7 -0.7
v 4.4 0.7 -0.7
v -5.7 0.7 -0.8
v -5.6 0.7 -0.8
v 4.7 0.7 -0.8
v 4.8 0.7 -0.8
v -5.2 0.7 -1.2
v -5.1 0.7 -1.2
v 4.2 0.7 -1.2
v 4.3 0.7 -1.2
v -5.6 0.7 -1.3
v -5.5 0.7 -1.3
v 4.6 0.7 -1.3
v 4.7 0.7 -1.3
v -5.1 0.7 -1.6
v -5 0.7 -1.6
v 4.1 0.7 -1.6
v 4.2 0.7 -1.6
v -5.5 0.7 -1.7
v -5.4 0.7 -1.7
v 4.5 0.7 -1.7
v 4.6 0.7 -1.7
v -5.4 0.7 -1.9
v -5.3 0.7 -1.9
v -5 0.7 -1.9
v -4.9 0.7 -1.9
v 4 0.7 -1.9
v 4.1 0.7 -1.9
v 4.4 0.7 -1.9
v 4.5 0.7 -1.9
v -4.9 0.7 -2.1
v -4.8 0.7 -2.1
v 3.9 0.7 -2.1
v 4 0.7 -2.1
v -5.3 0.7 -2.2
v -5.2 0.7 -2.2
v 4.3 0.7 -2.2
v 4.4 0.7 -2.2
v -4.8 0.7 -2.3
v -4.7 0.7 -2.3
v 3.8 0.7 -2.3
v 3.9 0.7 -2.3
v -5.2 0.7 -2.4
v -5.1 0.7 -2.4
v 4.2 0.7 -2.4
v 4.3 0.7 -2.4
v -4.7 0.7 -2.5
v -4.6 0.7 -2.5
v 3.7 0.7 -2.5
v 3.8 0.7 -2.5
v -5.1 0.7 -2.6
v -5 0.7 -2.6
v -4.6 0.7 -2.6
v -4.5 0.7 -2.6
v 3.6 0.7 -2.6
v 3.7 0.7 -2.6
v 4.1 0.7 -2.6
v 4.2 0.7 -2.6
v -5 0.7 -2.8
v -4.9 0.7 -2.8
v -4.5 0.7 -2.8
v -4.4 0.7 -2.8
v 3.5 0.7 -2.8
v 3.6 0.7 -2.8
v 4 0.7 -2.8
v 4.1 0.7 -2.8
v -4.9 0.7 -2.9
v -4.8 0.7 -2.9
v -4.4 0.7 -2.9
v -4.3 0.7 -2.9
v 3.4 0.7 -2.9
v 3.5 0.7 -2.9
v 3.9 0.7 -2.9
v 4 0.7 -2.9
v -4.8 0.7 -3.1
v -4.7 0.7 -3.1
v -4.3 0.7 -3.1
v -4.2 0.7 -3.1
v 3.3 0.7 -3.1
v 3.4 0.7 -3.1
v 3.8 0.7 -3.1
v 3.9 0.7 -3.1
v -4.7 0.7 -3.2
v -4.6 0.7 -3.2
v -4.2 0.7 -3.2
v -4.1 0.7 -3.2
v 3.2 0.7 -3.2
v 3.3 0.7 -3.2
v 3.7 0.7 -3.2
v 3.8 0.7 -3.2
v -4.6 0.7 -3.3
v -4.5 0.7 -3.3
v -4.1 0.7 -3.3
v -4 0.7 -3.3
v 3.1 0.7 -3.3
v 3.2 0.7 -3.3
v 3.6 0.7 -3.3
v 3.7 0.7 -3.3
v -4 0.7 -3.4
v -3.9 0.7 -3.4
v 3 0.7 -3.4
v 3.1 0.7 -3.4
v -4.5 0.7 -3.5
v -4.4 0.7 -3.5
v -3.9 0.7 -3.5
v -3.8 0.7 -3.5
v 2.9 0.7 -3.5
v 3 0.7 -3.5
v 3.5 0.7 -3.5
v 3.6 0.7 -3.5
v -4.4 0.7 -3.6
v -4.3 0.7 -3.6
v -3.8 0.7 -3.6
v -3.7 0.7 -3.6
v 2.8 0.7 -3.6
v 2.9 0.7 -3.6
v 3.4 0.7 -3.6
v 3.5 0.7 -3.6
v -4.3 0.7 -3.7
v -4.2 0.7 -3.7
v -3.7 0.7 -3.7
v -3.6 0.7 -3.7
v 2.7 0.7 -3.7
v 2.8 0.7 -3.7
v 3.3 0.7 -3.7
v 3.4 0.7 -3.7
v -4.2 0.7 -3.8
v -4.1 0.7 -3.8
v -3.6 0.7 -3.8
v -3.5 0.7 -3.8
v 2.6 0.7 -3.8
v 2.7 0.7 -3.8
v 3.2 0.7 -3.8
v 3.3 0.7 -3.8
v -4.1 0.7 -3.9
v -4 0.7 -3.9
v -3.5 0.7 -3.9
v -3.3 0.7 -3.9
v 2.4 0.7 -3.9
v 2.6 0.7 -3.9
v 3.1 0.7 -3.9
v 3.2 0.7 -3.9
v -4 0.7 -4
v -3.9 0.7 -4
v -3.3 0.7 -4
v -3.2 0.7 -4
v 2.3 0.7 -4
v 2.4 0.7 -4
v 3 0.7 -4
v 3.1 0.7 -4
v -3.9 0.7 -4.1
v -3.7 0.7 -4.1
v -3.2 0.7 -4.1
v -3 0.7 -4.1
v 2.1 0.7 -4.1
v 2.3 0.7 -4.1
v 2.8 0.7 -4.1
v 3 0.7 -4.1
v -3.7 0.7 -4.2
v -3.6 0.7 -4.2
v -3 0.7 -4.2
v -2.9 0.7 -4.2
v 2 0.7 -4.2
v 2.1 0.7 -4.2
v 2.7 0.7 -4.2
v 2.8 0.7 -4.2
v -3.6 0.7 -4.3
v -3.5 0.7 -4.3
v -2.9 0.7 -4.3
v -2.7 0.7 -4.3
v 1.8 0.7 -4.3
v 2 0.7 -4.3
v 2.6 0.7 -4.3
v 2.7 0.7 -4.3
v -3.5 0.7 -4.4
v -3.3 0.7 -4.4
v -2.7 0.7 -4.4
v -2.5 0.7 -4.4
v 1.6 0.7 -4.4
v 1.8 0.7 -4.4
v 2.4 0.7 -4.4
v 2.6 0.7 -4.4
v -3.3 0.7 -4.5
v -3.2 0.7 -4.5
v -2.5 0.7 -4.5
v -2.3 0.7 -4.5
v 1.4 0.7 -4.5
v 1.6 0.7 -4.5
v 2.3 0.7 -4.5
v 2.4 0.7 -4.5
v -3.2 0.7 -4.6
v -3 0.7 -4.6
v -2.3 0.7 -4.6
v -2 0.7 -4.6
v 1.1 0.7 -4.6
v 1.4 0.7 -4.6
v 2.1 0.7 -4.6
v 2.3 0.7 -4.6
v -3 0.7 -4.7
v -2.8 0.7 -4.7
v -2 0.7 -4.7
v -1.6 0.7 -4.7
v 0.7 0.7 -4.7
v 1.1 0.7 -4.7
v 1.9 0.7 -4.7
v 2.1 0.7 -4.7
v -2.8 0.7 -4.8
v -2.6 0.7 -4.8
v -1.6 0.7 -4.8
v -1.1 0.7 -4.8
v 0.2 0.7 -4.8
v 0.7 0.7 -4.8
v 1.7 0.7 -4.8
v 1.9 0.7 -4.8
v -2.6 0.7 -4.9
v -2.3 0.7 -4.9
v -1.1 0.7 -4.9
v -0.5 0.7 -4.9
v -0.4 0.7 -4.9
v 0.2 0.7 -4.9
v 1.4 0.7 -4.9
v 1.7 0.7 -4.9
v -2.3 0.7 -5
v -2.1 0.7 -5
v 1.2 0.7 -5
v 1.4 0.7 -5
v -2.1 0.7 -5.1
v -1.7 0.7 -5.1
v 0.8 0.7 -5.1
v 1.2 0.7 -5.1
v -1.7 0.7 -5.2
v -1.2 0.7 -5.2
v 0.3 0.7 -5.2
v 0.8 0.7 -5.2
v -1.2 0.7 -5.3
v -0.5 0.7 -5.3
v -0.4 0.7 -5.3
v 0.3 0.7 -5.3
v -1.1 1.1 4.8
v -0.5 1.1 4.8
v -0.4 1.1 4.8
v 0.2 1.1 4.8
v -1.6 1.1 4.7
v -1.1 1.1 4.7
v 0.2 1.1 4.7
v 0.7 1.1 4.7
v -2 1.1 4.6
v -1.6 1.1 4.6
v 0.7 1.1 4.6
v 1.1 1.1 4.6
v -2.3 1.1 4.5
v -2 1.1 4.5
v 1.1 1.1 4.5
v 1.4 1.1 4.5
v -2.5 1.1 4.4
v -2.3 1.1 4.4
v -1.1 1.1 4.4
v -0.5 1.1 4.4
v -0.4 1.1 4.4
v 0.2 1.1 4.4
v 1.4 1.1 4.4
v 1.6 1.1 4.4
v -2.7 1.1 4.3
v -2.5 1.1 4.3
v -1.6 1.1 4.3
v -1.1 1.1 4.3
v 0.2 1.1 4.3
v 0.7 1.1 4.3
v 1.6 1.1 4.3
v 1.8 1.1 4.3
v -2.9 1.1 4.2
v -2.7 1.1 4.2
v -1.9 1.1 4.2
v -1.6 1.1 4.2
v 0.7 1.1 4.2
v 1 1.1 4.2
v 1.8 1.1 4.2
v 2 1.1 4.2
v -3 1.1 4.1
v -2.9 1.1 4.1
v -2.2 1.1 4.1
v -1.9 1.1 4.1
v 1 1.1 4.1
v 1.3 1.1 4.1
v 2 1.1 4.1
v 2.1 1.1 4.1
v -3.2 1.1 4
v -3 1.1 4
v -2.4 1.1 4
v -2.2 1.1 4
v 1.3 1.1 4
v 1.5 1.1 4
v 2.1 1.1 4
v 2.3 1.1 4
v -3.3 1.1 3.9
v -3.2 1.1 3.9
v -2.6 1.1 3.9
v -2.4 1.1 3.9
v 1.5 1.1 3.9
v 1.7 1.1 3.9
v 2.3 1.1 3.9
v 2.4 1.1 3.9
v -3.5 1.1 3.8
v -3.3 1.1 3.8
v -2.8 1.1 3.8
v -2.6 1.1 3.8
v 1.7 1.1 3.8
v 1.9 1.1 3.8
v 2.4 1.1 3.8
v 2.6 1.1 3.8
v -3.6 1.1 3.7
v -3.5 1.1 3.7
v -2.9 1.1 3.7
v -2.8 1.1 3.7
v 1.9 1.1 3.7
v 2 1.1 3.7
v 2.6 1.1 3.7
v 2.7 1.1 3.7
v -3.7 1.1 3.6
v -3.6 1.1 3.6
v -3.1 1.1 3.6
v -2.9 1.1 3.6
v 2 1.1 3.6
v 2.2 1.1 3.6
v 2.7 1.1 3.6
v 2.8 1.1 3.6
v -3.8 1.1 3.5
v -3.7 1.1 3.5
v -3.2 1.1 3.5
v -3.1 1.1 3.5
v 2.2 1.1 3.5
v 2.3 1.1 3.5
v 2.8 1.1 3.5
v 2.9 1.1 3.5
v -3.9 1.1 3.4
v -3.8 1.1 3.4
v -3.3 1.1 3.4
v -3.2 1.1 3.4
v 2.3 1.1 3.4
v 2.4 1.1 3.4
v 2.9 1.1 3.4
v 3 1.1 3.4
v -4 1.1 3.3
v -3.9 1.1 3.3
v -3.4 1.1 3.3
v -3.3 1.1 3.3
v 2.4 1.1 3.3
v 2.5 1.1 3.3
v 3 1.1 3.3
v 3.1 1.1 3.3
v -4.1 1.1 3.2
v -4 1.1 3.2
v -3.5 1.1 3.2
v -3.4 1.1 3.2
v 2.5 1.1 3.2
v 2.6 1.1 3.2
v 3.1 1.1 3.2
v 3.2 1.1 3.2
v -4.2 1.1 3.1
v -4.1 1.1 3.1
v -3.6 1.1 3.1
v -3.5 1.1 3.1
v 2.6 1.1 3.1
v 2.7 1.1 3.1
v 3.2 1.1 3.1
v 3.3 1.1 3.1
v -4.3 1.1 3
v -4.2 1.1 3
v -3.7 1.1 3
v -3.6 1.1 3
v 2.7 1.1 3
v 2.8 1.1 3
v 3.3 1.1 3
v 3.4 1.1 3
v -3.8 1.1 2.9
v -3.7 1.1 2.9
v 2.8 1.1 2.9
v 2.9 1.1 2.9
v -4.4 1.1 2.8
v -4.3 1.1 2.8
v -3.9 1.1 2.8
v -3.8 1.1 2.8
v 2.9 1.1 2.8
v 3 1.1 2.8
v 3.4 1.1 2.8
v 3.5 1.1 2.8
v -4.5 1.1 2.7
v -4.4 1.1 2.7
v -4 1.1 2.7
v -3.9 1.1 2.7
v 3 1.1 2.7
v 3.1 1.1 2.7
v 3.5 1.1 2.7
v 3.6 1.1 2.7
v -4.1 1.1 2.6
v -4 1.1 2.6
v 3.1 1.1 2.6
v 3.2 1.1 2.6
v -4.6 1.1 2.5
v -4.5 1.1 2.5
v 3.6 1.1 2.5
v 3.7 1.1 2.5
v -4.7 1.1 2.4
v -4.6 1.1 2.4
v -4.2 1.1 2.4
v -4.1 1.1 2.4
v 3.2 1.1 2.4
v 3.3 1.1 2.4
v 3.7 1.1 2.4
v 3.8 1.1 2.4
v -4.3 1.1 2.3
v -4.2 1.1 2.3
v 3.3 1.1 2.3
v 3.4 1.1 2.3
v -4.8 1.1 2.2
v -4.7 1.1 2.2
v 3.8 1.1 2.2
v 3.9 1.1 2.2
v -4.4 1.1 2.1
v -4.3 1.1 2.1
v 3.4 1.1 2.1
v 3.5 1.1 2.1
v -4.9 1.1 2
v -4.8 1.1 2
v 3.9 1.1 2
v 4 1.1 2
v -4.5 1.1 1.9
v -4.4 1.1 1.9
v 3.5 1.1 1.9
v 3.6 1.1 1.9
v -5 1.1 1.8
v -4.9 1.1 1.8
v 4 1.1 1.8
v 4.1 1.1 1.8
v -4.6 1.1 1.7
v -4.5 1.1 1.7
v 3.6 1.1 1.7
v 3.7 1.1 1.7
v -5.1 1.1 1.5
v -5 1.1 1.5
v 4.1 1.1 1.5
v 4.2 1.1 1.5
v -4.7 1.1 1.4
v -4.6 1.1 1.4
v 3.7 1.1 1.4
v 3.8 1.1 1.4
v -5.2 1.1 1.1
v -5.1 1.1 1.1
v -4.8 1.1 1.1
v -4.7 1.1 1.1
v 3.8 1.1 1.1
v 3.9 1.1 1.1
v 4.2 1.1 1.1
v 4.3 1.1 1.1
v -5.3 1.1 0.6
v -5.2 1.1 0.6
v -4.9 1.1 0.6
v -4.8 1.1 0.6
v 3.9 1.1 0.6
v 4 1.1 0.6
v 4.3 1.1 0.6
v 4.4 1.1 0.6
v -5.3 1.1 0
v -4.9 1.1 0
v 4 1.1 0
v 4.4 1.1 0
v -5.3 1.1 -0.0999999
v -4.9 1.1 -0.0999999
v 4 1.1 -0.0999999
v 4.4 1.1 -0.0999999
v -5.3 1.1 -0.7
v -5.2 1.1 -0.7
v -4.9 1.1 -0.7
v -4.8 1.1 -0.7
v 3.9 1.1 -0.7
v 4 1.1 -0.7
v 4.3 1.1 -0.7
v 4.4 1.1 -0.7
v -5.2 1.1 -1.2
v -5.1 1.1 -1.2
v -4.8 1.1 -1.2
v -4.7 1.1 -1.2
v 3.8 1.1 -1.2
v 3.9 1.1 -1.2
v 4.2 1.1 -1.2
v 4.3 1.1 -1.2
v -4.7 1.1 -1.5
v -4.6 1.1 -1.5
v 3.7 1.1 -1.5
v 3.8 1.1 -1.5
v -5.1 1.1 -1.6
v -5 1.1 -1.6
v 4.1 1.1 -1.6
v 4.2 1.1 -1.6
v -4.6 1.1 -1.8
v -4.5 1.1 -1.8
v 3.6 1.1 -1.8
v 3.7 1.1 -1.8
v -5 1.1 -1.9
v -4.9 1.1 -1.9
v 4 1.1 -1.9
v 4.1 1.1 -1.9
v -4.5 1.1 -2
v -4.4 1.1 -2
v 3.5 1.1 -2
v 3.6 1.1 -2
v -4.9 1.1 -2.1
v -4.8 1.1 -2.1
v 3.9 1.1 -2.1
v 4 1.1 -2.1
v -4.4 1.1 -2.2
v -4.3 1.1 -2.2
v 3.4 1.1 -2.2
v 3.5 1.1 -2.2
v -4.8 1.1 -2.3
v -4.7 1.1 -2.3
v 3.8 1.1 -2.3
v 3.9 1.1 -2.3
v -4.3 1.1 -2.4
v -4.2 1.1 -2.4
v 3.3 1.1 -2.4
v 3.4 1.1 -2.4
v -4.7 1.1 -2.5
v -4.6 1.1 -2.5
v -4.2 1.1 -2.5
v -4.1 1.1 -2.5
v 3.2 1.1 -2.5
v 3.3 1.1 -2.5
v 3.7 1.1 -2.5
v 3.8 1.1 -2.5
v -4.6 1.1 -2.6
v -4.5 1.1 -2.6
v 3.6 1.1 -2.6
v 3.7 1.1 -2.6
v -4.1 1.1 -2.7
v -4 1.1 -2.7
v 3.1 1.1 -2.7
v 3.2 1.1 -2.7
v -4.5 1.1 -2.8
v -4.4 1.1 -2.8
v -4 1.1 -2.8
v -3.9 1.1 -2.8
v 3 1.1 -2.8
v 3.1 1.1 -2.8
v 3.5 1.1 -2.8
v 3.6 1.1 -2.8
v -4.4 1.1 -2.9
v -4.3 1.1 -2.9
v -3.9 1.1 -2.9
v -3.8 1.1 -2.9
v 2.9 1.1 -2.9
v 3 1.1 -2.9
v 3.4 1.1 -2.9
v 3.5 1.1 -2.9
v -3.8 1.1 -3
v -3.7 1.1 -3
v 2.8 1.1 -3
v 2.9 1.1 -3
v -4.3 1.1 -3.1
v -4.2 1.1 -3.1
v -3.7 1.1 -3.1
v -3.6 1.1 -3.1
v 2.7 1.1 -3.1
v 2.8 1.1 -3.1
v 3.3 1.1 -3.1
v 3.4 1.1 -3.1
v -4.2 1.1 -3.2
v -4.1 1.1 -3.2
v -3.6 1.1 -3.2
v -3.5 1.1 -3.2
v 2.6 1.1 -3.2
v 2.7 1.1 -3.2
v 3.2 1.1 -3.2
v 3.3 1.1 -3.2
v -4.1 1.1 -3.3
v -4 1.1 -3.3
v -3.5 1.1 -3.3
v -3.4 1.1 -3.3
v 2.5 1.1 -3.3
v 2.6 1.1 -3.3
v 3.1 1.1 -3.3
v 3.2 1.1 -3.3
v -4 1.1 -3.4
v -3.9 1.1 -3.4
v -3.4 1.1 -3.4
v -3.3 1.1 -3.4
v 2.4 1.1 -3.4
v 2.5 1.1 -3.4
v 3 1.1 -3.4
v 3.1 1.1 -3.4
v -3.9 1.1 -3.5
v -3.8 1.1 -3.5
v -3.3 1.1 -3.5
v -3.2 1.1 -3.5
v 2.3 1.1 -3.5
v 2.4 1.1 -3.5
v 2.9 1.1 -3.5
v 3 1.1 -3.5
v -3.8 1.1 -3.6
v -3.7 1.1 -3.6
v -3.2 1.1 -3.6
v -3.1 1.1 -3.6
v 2.2 1.1 -3.6
v 2.3 1.1 -3.6
v 2.8 1.1 -3.6
v 2.9 1.1 -3.6
v -3.7 1.1 -3.7
v -3.6 1.1 -3.7
v -3.1 1.1 -3.7
v -2.9 1.1 -3.7
v 2 1.1 -3.7
v 2.2 1.1 -3.7
v 2.7 1.1 -3.7
v 2.8 1.1 -3.7
v -3.6 1.1 -3.8
v -3.5 1.1 -3.8
v -2.9 1.1 -3.8
v -2.8 1.1 -3.8
v 1.9 1.1 -3.8
v 2 1.1 -3.8
v 2.6 1.1 -3.8
v 2.7 1.1 -3.8
v -3.5 1.1 -3.9
v -3.3 1.1 -3.9
v -2.8 1.1 -3.9
v -2.6 1.1 -3.9
v 1.7 1.1 -3.9
v 1.9 1.1 -3.9
v 2.4 1.1 -3.9
v 2.6 1.1 -3.9
v -3.3 1.1 -4
v -3.2 1.1 -4
v -2.6 1.1 -4
v -2.4 1.1 -4
v 1.5 1.1 -4
v 1.7 1.1 -4
v 2.3 1.1 -4
v 2.4 1.1 -4
v -3.2 1.1 -4.1
v -3 1.1 -4.1
v -2.4 1.1 -4.1
v -2.2 1.1 -4.1
v 1.3 1.1 -4.1
v 1.5 1.1 -4.1
v 2.1 1.1 -4.1
v 2.3 1.1 -4.1
v -3 1.1 -4.2
v -2.9 1.1 -4.2
v -2.2 1.1 -4.2
v -1.9 1.1 -4.2
v 1 1.1 -4.2
v 1.3 1.1 -4.2
v 2 1.1 -4.2
v 2.1 1.1 -4.2
v -2.9 1.1 -4.3
v -2.7 1.1 -4.3
v -1.9 1.1 -4.3
v -1.6 1.1 -4.3
v 0.7 1.1 -4.3
v 1 1.1 -4.3
v 1.8 1.1 -4.3
v 2 1.1 -4.3
v -2.7 1.1 -4.4
v -2.5 1.1 -4.4
v -1.6 1.1 -4.4
v -1.1 1.1 -4.4
v 0.2 1.1 -4.4
v 0.7 1.1 -4.4
v 1.6 1.1 -4.4
v 1.8 1.1 -4.4
v -2.5 1.1 -4.5
v -2.3 1.1 -4.5
v -1.1 1.1 -4.5
v -0.5 1.1 -4.5
v -0.4 1.1 -4.5
v 0.2 1.1 -4.5
v 1.4 1.1 -4.5
v 1.6 1.1 -4.5
v -2.3 1.1 -4.6
v -2 1.1 -4.6
v 1.1 1.1 -4.6
v 1.4 1.1 -4.6
v -2 1.1 -4.7
v -1.6 1.1 -4.7
v 0.7 1.1 -4.7
v 1.1 1.1 -4.7
v -1.6 1.1 -4.8
v -1.1 1.1 -4.8
v 0.2 1.1 -4.8
v 0.7 1.1 -4.8
v -1.1 1.1 -4.9
v -0.5 1.1 -4.9
v -0.4 1.1 -4.9
v 0.2 1.1 -4.9
v -1.1 1.5 4.4
v -0.5 1.5 4.4
v -0.4 1.5 4.4
v 0.2 1.5 4.4
v -1.6 1.5 4.3
v -1.1 1.5 4.3
v 0.2 1.5 4.3
v 0.7 1.5 4.3
v -1.9 1.5 4.2
v -1.6 1.5 4.2
v 0.7 1.5 4.2
v 1 1.5 4.2
v -2.2 1.5 4.1
v -1.9 1.5 4.1
v 1 1.5 4.1
v 1.3 1.5 4.1
v -2.4 1.5 4
v -2.2 1.5 4
v -1.1 1.5 4
v -0.5 1.5 4
v -0.4 1.5 4
v 0.2 1.5 4
v 1.3 1.5 4
v 1.5 1.5 4
v -2.6 1.5 3.9
v -2.4 1.5 3.9
v -1.5 1.5 3.9
v -1.1 1.5 3.9
v 0.2 1.5 3.9
v 0.6 1.5 3.9
v 1.5 1.5 3.9
v 1.7 1.5 3.9
v -2.8 1.5 3.8
v -2.6 1.5 3.8
v -1.9 1.5 3.8
v -1.5 1.5 3.8
v 0.6 1.5 3.8
v 1 1.5 3.8
v 1.7 1.5 3.8
v 1.9 1.5 3.8
v -2.9 1.5 3.7
v -2.8 1.5 3.7
v -2.1 1.5 3.7
v -1.9 1.5 3.7
v 1 1.5 3.7
v 1.2 1.5 3.7
v 1.9 1.5 3.7
v 2 1.5 3.7
v -3.1 1.5 3.6
v -2.9 1.5 3.6
v -2.3 1.5 3.6
v -2.1 1.5 3.6
v 1.2 1.5 3.6
v 1.4 1.5 3.6
v 2 1.5 3.6
v 2.2 1.5 3.6
v -3.2 1.5 3.5
v -3.1 1.5 3.5
v -2.5 1.5 3.5
v -2.3 1.5 3.5
v 1.4 1.5 3.5
v 1.6 1.5 3.5
v 2.2 1.5 3.5
v 2.3 1.5 3.5
v -3.3 1.5 3.4
v -3.2 1.5 3.4
v -2.7 1.5 3.4
v -2.5 1.5 3.4
v 1.6 1.5 3.4
v 1.8 1.5 3.4
v 2.3 1.5 3.4
v 2.4 1.5 3.4
v -3.4 1.5 3.3
v -3.3 1.5 3.3
v -2.8 1.5 3.3
v -2.7 1.5 3.3
v 1.8 1.5 3.3
v 1.9 1.5 3.3
v 2.4 1.5 3.3
v 2.5 1.5 3.3
v -3.5 1.5 3.2
v -3.4 1.5 3.2
v -2.9 1.5 3.2
v -2.8 1.5 3.2
v 1.9 1.5 3.2
v 2 1.5 3.2
v 2.5 1.5 3.2
v 2.6 1.5 3.2
v -3.6 1.5 3.1
v -3.5 1.5 3.1
v -3.1 1.5 3.1
v -2.9 1.5 3.1
v 2 1.5 3.1
v 2.2 1.5 3.1
v 2.6 1.5 3.1
v 2.7 1.5 3.1
v -3.7 1.5 3
v -3.6 1.5 3
v -3.2 1.5 3
v -3.1 1.5 3
v 2.2 1.5 3
v 2.3 1.5 3
v 2.7 1.5 3
v 2.8 1.5 3
v -3.8 1.5 2.9
v -3.7 1.5 2.9
v -3.3 1.5 2.9
v -3.2 1.5 2.9
v 2.3 1.5 2.9
v 2.4 1.5 2.9
v 2.8 1.5 2.9
v 2.9 1.5 2.9
v -3.9 1.5 2.8
v -3.8 1.5 2.8
v -3.4 1.5 2.8
v -3.3 1.5 2.8
v 2.4 1.5 2.8
v 2.5 1.5 2.8
v 2.9 1.5 2.8
v 3 1.5 2.8
v -4 1.5 2.7
v -3.9 1.5 2.7
v -3.5 1.5 2.7
v -3.4 1.5 2.7
v 2.5 1.5 2.7
v 2.6 1.5 2.7
v 3 1.5 2.7
v 3.1 1.5 2.7
v -4.1 1.5 2.6
v -4 1.5 2.6
v -3.6 1.5 2.6
v -3.5 1.5 2.6
v 2.6 1.5 2.6
v 2.7 1.5 2.6
v 3.1 1.5 2.6
v 3.2 1.5 2.6
v -4.2 1.5 2.4
v -4.1 1.5 2.4
v -3.7 1.5 2.4
v -3.6 1.5 2.4
v 2.7 1.5 2.4
v 2.8 1.5 2.4
v 3.2 1.5 2.4
v 3.3 1.5 2.4
v -4.3 1.5 2.3
v -4.2 1.5 2.3
v -3.8 1.5 2.3
v -3.7 1.5 2.3
v 2.8 1.5 2.3
v 2.9 1.5 2.3
v 3.3 1.5 2.3
v 3.4 1.5 2.3
v -3.9 1.5 2.2
v -3.8 1.5 2.2
v 2.9 1.5 2.2
v 3 1.5 2.2
v -4.4 1.5 2.1
v -4.3 1.5 2.1
v 3.4 1.5 2.1
v 3.5 1.5 2.1
v -4 1.5 2
v -3.9 1.5 2
v 3 1.5 2
v 3.1 1.5 2
v -4.5 1.5 1.9
v -4.4 1.5 1.9
v 3.5 1.5 1.9
v 3.6 1.5 1.9
v -4.1 1.5 1.8
v -4 1.5 1.8
v 3.1 1.5 1.8
v 3.2 1.5 1.8
v -4.6 1.5 1.7
v -4.5 1.5 1.7
v 3.6 1.5 1.7
v 3.7 1.5 1.7
v -4.2 1.5 1.6
v -4.1 1.5 1.6
v 3.2 1.5 1.6
v 3.3 1.5 1.6
v -4.7 1.5 1.4
v -4.6 1.5 1.4
v -4.3 1.5 1.4
v -4.2 1.5 1.4
v 3.3 1.5 1.4
v 3.4 1.5 1.4
v 3.7 1.5 1.4
v 3.8 1.5 1.4
v -4.8 1.5 1.1
v -4.7 1.5 1.1
v 3.8 1.5 1.1
v 3.9 1.5 1.1
v -4.4 1.5 1
v -4.3 1.5 1
v 3.4 1.5 1
v 3.5 1.5 1
v -4.9 1.5 0.6
v -4.8 1.5 0.6
v -4.5 1.5 0.6
v -4.4 1.5 0.6
v 3.5 1.5 0.6
v 3.6 1.5 0.6
v 3.9 1.5 0.6
v 4 1.5 0.6
v -4.9 1.5 0
v -4.5 1.5 0
v 3.6 1.5 0
v 4 1.5 0
v -4.9 1.5 -0.0999999
v -4.5 1.5 -0.0999999
v 3.6 1.5 -0.0999999
v 4 1.5 -0.0999999
v -4.9 1.5 -0.7
v -4.8 1.5 -0.7
v -4.5 1.5 -0.7
v -4.4 1.5 -0.7
v 3.5 1.5 -0.7
v 3.6 1.5 -0.7
v 3.9 1.5 -0.7
v 4 1.5 -0.7
v -4.4 1.5 -1.1
v -4.3 1.5 -1.1
v 3.4 1.5 -1.1
v 3.5 1.5 -1.1
v -4.8 1.5 -1.2
v -4.7 1.5 -1.2
v 3.8 1.5 -1.2
v 3.9 1.5 -1.2
v -4.7 1.5 -1.5
v -4.6 1.5 -1.5
v -4.3 1.5 -1.5
v -4.2 1.5 -1.5
v 3.3 1.5 -1.5
v 3.4 1.5 -1.5
v 3.7 1.5 -1.5
v 3.8 1.5 -1.5
v -4.2 1.5 -1.7
v -4.1 1.5 -1.7
v 3.2 1.5 -1.7
v 3.3 1.5 -1.7
v -4.6 1.5 -1.8
v -4.5 1.5 -1.8
v 3.6 1.5 -1.8
v 3.7 1.5 -1.8
v -4.1 1.5 -1.9
v -4 1.5 -1.9
v 3.1 1.5 -1.9
v 3.2 1.5 -1.9
v -4.5 1.5 -2
v -4.4 1.5 -2
v 3.5 1.5 -2
v 3.6 1.5 -2
v -4 1.5 -2.1
v -3.9 1.5 -2.1
v 3 1.5 -2.1
v 3.1 1.5 -2.1
v -4.4 1.5 -2.2
v -4.3 1.5 -2.2
v 3.4 1.5 -2.2
v 3.5 1.5 -2.2
v -3.9 1.5 -2.3
v -3.8 1.5 -2.3
v 2.9 1.5 -2.3
v 3 1.5 -2.3
v -4.3 1.5 -2.4
v -4.2 1.5 -2.4
v -3.8 1.5 -2.4
v -3.7 1.5 -2.4
v 2.8 1.5 -2.4
v 2.9 1.5 -2.4
v 3.3 1.5 -2.4
v 3.4 1.5 -2.4
v -4.2 1.5 -2.5
v -4.1 1.5 -2.5
v -3.7 1.5 -2.5
v -3.6 1.5 -2.5
v 2.7 1.5 -2.5
v 2.8 1.5 -2.5
v 3.2 1.5 -2.5
v 3.3 1.5 -2.5
v -4.1 1.5 -2.7
v -4 1.5 -2.7
v -3.6 1.5 -2.7
v -3.5 1.5 -2.7
v 2.6 1.5 -2.7
v 2.7 1.5 -2.7
v 3.1 1.5 -2.7
v 3.2 1.5 -2.7
v -4 1.5 -2.8
v -3.9 1.5 -2.8
v -3.5 1.5 -2.8
v -3.4 1.5 -2.8
v 2.5 1.5 -2.8
v 2.6 1.5 -2.8
v 3 1.5 -2.8
v 3.1 1.5 -2.8
v -3.9 1.5 -2.9
v -3.8 1.5 -2.9
v -3.4 1.5 -2.9
v -3.3 1.5 -2.9
v 2.4 1.5 -2.9
v 2.5 1.5 -2.9
v 2.9 1.5 -2.9
v 3 1.5 -2.9
v -3.8 1.5 -3
v -3.7 1.5 -3
v -3.3 1.5 -3
v -3.2 1.5 -3
v 2.3 1.5 -3
v 2.4 1.5 -3
v 2.8 1.5 -3
v 2.9 1.5 -3
v -3.7 1.5 -3.1
v -3.6 1.5 -3.1
v -3.2 1.5 -3.1
v -3.1 1.5 -3.1
v 2.2 1.5 -3.1
v 2.3 1.5 -3.1
v 2.7 1.5 -3.1
v 2.8 1.5 -3.1
v -3.6 1.5 -3.2
v -3.5 1.5 -3.2
v -3.1 1.5 -3.2
v -2.9 1.5 -3.2
v 2 1.5 -3.2
v 2.2 1.5 -3.2
v 2.6 1.5 -3.2
v 2.7 1.5 -3.2
v -3.5 1.5 -3.3
v -3.4 1.5 -3.3
v -2.9 1.5 -3.3
v -2.8 1.5 -3.3
v 1.9 1.5 -3.3
v 2 1.5 -3.3
v 2.5 1.5 -3.3
v 2.6 1.5 -3.3
v -3.4 1.5 -3.4
v -3.3 1.5 -3.4
v -2.8 1.5 -3.4
v -2.7 1.5 -3.4
v 1.8 1.5 -3.4
v 1.9 1.5 -3.4
v 2.4 1.5 -3.4
v 2.5 1.5 -3.4
v -3.3 1.5 -3.5
v -3.2 1.5 -3.5
v -2.7 1.5 -3.5
v -2.5 1.5 -3.5
v 1.6 1.5 -3.5
v 1.8 1.5 -3.5
v 2.3 1.5 -3.5
v 2.4 1.5 -3.5
v -3.2 1.5 -3.6
v -3.1 1.5 -3.6
v -2.5 1.5 -3.6
v -2.3 1.5 -3.6
v 1.4 1.5 -3.6
v 1.6 1.5 -3.6
v 2.2 1.5 -3.6
v 2.3 1.5 -3.6
v -3.1 1.5 -3.7
v -2.9 1.5 -3.7
v -2.3 1.5 -3.7
v -2.1 1.5 -3.7
v 1.2 1.5 -3.7
v 1.4 1.5 -3.7
v 2 1.5 -3.7
v 2.2 1.5 -3.7
v -2.9 1.5 -3.8
v -2.8 1.5 -3.8
v -2.1 1.5 -3.8
v -1.9 1.5 -3.8
v 1 1.5 -3.8
v 1.2 1.5 -3.8
v 1.9 1.5 -3.8
v 2 1.5 -3.8
v -2.8 1.5 -3.9
v -2.6 1.5 -3.9
v -1.9 1.5 -3.9
v -1.5 1.5 -3.9
v 0.6 1.5 -3.9
v 1 1.5 -3.9
v 1.7 1.5 -3.9
v 1.9 1.5 -3.9
v -2.6 1.5 -4
v -2.4 1.5 -4
v -1.5 1.5 -4
v -1.1 1.5 -4
v 0.2 1.5 -4
v 0.6 1.5 -4
v 1.5 1.5 -4
v 1.7 1.5 -4
v -2.4 1.5 -4.1
v -2.2 1.5 -4.1
v -1.1 1.5 -4.1
v -0.5 1.5 -4.1
v -0.4 1.5 -4.1
v 0.2 1.5 -4.1
v 1.3 1.5 -4.1
v 1.5 1.5 -4.1
v -2.2 1.5 -4.2
v -1.9 1.5 -4.2
v 1 1.5 -4.2
v 1.3 1.5 -4.2
v -1.9 1.5 -4.3
v -1.6 1.5 -4.3
v 0.7 1.5 -4.3
v 1 1.5 -4.3
v -1.6 1.5 -4.4
v -1.1 1.5 -4.4
v 0.2 1.5 -4.4
v 0.7 1.5 -4.4
v -1.1 1.5 -4.5
v -0.5 1.5 -4.5
v -0.4 1.5 -4.5
v 0.2 1.5 -4.5
v -0.9 1.7 4.1
v 0 1.7 4.1
v -0.9 1.7 4
v 0 1.7 4
v -0.9 1.7 -4.1
v 0 1.7 -4.1
v -0.9 1.7 -4.2
v 0 1.7 -4.2
v -1.1 2.2 3.9
v 0.2 2.2 3.9
v -1.5 2.2 3.8
v -1.3 2.2 3.8
v -1.1 2.2 3.8
v 0.2 2.2 3.8
v 0.6 2.2 3.8
v -1.8 2.2 3.7
v -1.5 2.2 3.7
v 0.6 2.2 3.7
v 0.9 2.2 3.7
v -2.1 2.2 3.6
v -1.8 2.2 3.6
v 0.9 2.2 3.6
v 1.2 2.2 3.6
v -2.3 2.2 3.5
v -2.1 2.2 3.5
v 1.2 2.2 3.5
v 1.4 2.2 3.5
v -2.5 2.2 3.4
v -2.3 2.2 3.4
v 1.4 2.2 3.4
v 1.6 2.2 3.4
v -2.6 2.2 3.3
v -2.5 2.2 3.3
v 1.6 2.2 3.3
v 1.7 2.2 3.3
v -2.8 2.2 3.2
v -2.6 2.2 3.2
v 1.7 2.2 3.2
v 1.9 2.2 3.2
v -2.9 2.2 3.1
v -2.8 2.2 3.1
v 1.9 2.2 3.1
v 2 2.2 3.1
v -3 2.2 3
v -2.9 2.2 3
v 2 2.2 3
v 2.1 2.2 3
v -3.1 2.2 2.9
v -3 2.2 2.9
v 2.1 2.2 2.9
v 2.2 2.2 2.9
v -3.2 2.2 2.8
v -3.1 2.2 2.8
v 2.2 2.2 2.8
v 2.3 2.2 2.8
v -3.3 2.2 2.7
v -3.2 2.2 2.7
v 2.3 2.2 2.7
v 2.4 2.2 2.7
v -3.4 2.2 2.6
v -3.3 2.2 2.6
v 2.4 2.2 2.6
v 2.5 2.2 2.6
v -3.5 2.2 2.5
v -3.4 2.2 2.5
v 2.5 2.2 2.5
v 2.6 2.2 2.5
v -3.6 2.2 2.4
v -3.5 2.2 2.4
v 2.6 2.2 2.4
v 2.7 2.2 2.4
v -3.7 2.2 2.3
v -3.6 2.2 2.3
v 2.7 2.2 2.3
v 2.8 2.2 2.3
v -3.8 2.2 2.1
v -3.7 2.2 2.1
v 2.8 2.2 2.1
v 2.9 2.2 2.1
v -3.9 2.2 2
v -3.8 2.2 2
v 2.9 2.2 2
v 3 2.2 2
v -4 2.2 1.8
v -3.9 2.2 1.8
v 3 2.2 1.8
v 3.1 2.2 1.8
v -4.1 2.2 1.6
v -4 2.2 1.6
v 3.1 2.2 1.6
v 3.2 2.2 1.6
v -4.2 2.2 1.3
v -4.1 2.2 1.3
v 3.2 2.2 1.3
v 3.3 2.2 1.3
v -4.3 2.2 1
v -4.2 2.2 1
v 3.3 2.2 1
v 3.4 2.2 1
v -4.4 2.2 0.6
v -4.3 2.2 0.6
v 3.4 2.2 0.6
v 3.5 2.2 0.6
v -4.4 2.2 0.5
v -4.4 2.2 0
v -4.4 2.2 -0.0999999
v -4.4 2.2 -0.6
v -4.4 2.2 -0.7
v -4.3 2.2 -0.7
v 3.4 2.2 -0.7
v 3.5 2.2 -0.7
v -4.3 2.2 -1.1
v -4.2 2.2 -1.1
v 3.3 2.2 -1.1
v 3.4 2.2 -1.1
v -4.2 2.2 -1.4
v -4.1 2.2 -1.4
v 3.2 2.2 -1.4
v 3.3 2.2 -1.4
v -4.1 2.2 -1.7
v -4 2.2 -1.7
v 3.1 2.2 -1.7
v 3.2 2.2 -1.7
v -4 2.2 -1.9
v -3.9 2.2 -1.9
v 3 2.2 -1.9
v 3.1 2.2 -1.9
v -3.9 2.2 -2.1
v -3.8 2.2 -2.1
v 2.9 2.2 -2.1
v 3 2.2 -2.1
v -3.8 2.2 -2.2
v -3.7 2.2 -2.2
v 2.8 2.2 -2.2
v 2.9 2.2 -2.2
v -3.7 2.2 -2.4
v -3.6 2.2 -2.4
v 2.7 2.2 -2.4
v 2.8 2.2 -2.4
v -3.6 2.2 -2.5
v -3.5 2.2 -2.5
v 2.6 2.2 -2.5
v 2.7 2.2 -2.5
v -3.5 2.2 -2.6
v -3.4 2.2 -2.6
v 2.5 2.2 -2.6
v 2.6 2.2 -2.6
v -3.4 2.2 -2.7
v -3.3 2.2 -2.7
v 2.4 2.2 -2.7
v 2.5 2.2 -2.7
v -3.3 2.2 -2.8
v -3.2 2.2 -2.8
v 2.3 2.2 -2.8
v 2.4 2.2 -2.8
v -3.2 2.2 -2.9
v -3.1 2.2 -2.9
v 2.2 2.2 -2.9
v 2.3 2.2 -2.9
v -3.1 2.2 -3
v -3 2.2 -3
v 2.1 2.2 -3
v 2.2 2.2 -3
v -3 2.2 -3.1
v -2.9 2.2 -3.1
v 2 2.2 -3.1
v 2.1 2.2 -3.1
v -2.9 2.2 -3.2
v -2.8 2.2 -3.2
v 1.9 2.2 -3.2
v 2 2.2 -3.2
v -2.8 2.2 -3.3
v -2.6 2.2 -3.3
v 1.7 2.2 -3.3
v 1.9 2.2 -3.3
v -2.6 2.2 -3.4
v -2.5 2.2 -3.4
v 1.6 2.2 -3.4
v 1.7 2.2 -3.4
v -2.5 2.2 -3.5
v -2.3 2.2 -3.5
v 1.4 2.2 -3.5
v 1.6 2.2 -3.5
v -2.3 2.2 -3.6
v -2.1 2.2 -3.6
v 1.2 2.2 -3.6
v 1.4 2.2 -3.6
v -2.1 2.2 -3.7
v -1.8 2.2 -3.7
v 0.9 2.2 -3.7
v 1.2 2.2 -3.7
v -1.8 2.2 -3.8
v -1.5 2.2 -3.8
v 0.6 2.2 -3.8
v 0.9 2.2 -3.8
v -1.5 2.2 -3.9
v -1.3 2.2 -3.9
v -1.1 2.2 -3.9
v 0.2 2.2 -3.9
v 0.6 2.2 -3.9
v -1.1 2.2 -4
v 0.2 2.2 -4
v -1 2.3 4.1
v 0.0999999 2.3 4.1
v -1 2.3 4
v 0.0999999 2.3 4
v -1 2.3 -4.1
v 0.0999999 2.3 -4.1
v -1 2.3 -4.2
v 0.0999999 2.3 -4.2
v -1.4 2.4 3.9
v -1.3 2.4 3.9
v -1.4 2.4 3.8
v -1.3 2.4 3.8
v -1.1 2.5 4
v 0.2 2.5 4
v -1.5 2.5 3.9
v -1.4 2.5 3.9
v -1.3 2.5 3.9
v -1.1 2.5 3.9
v 0.2 2.5 3.9
v 0.6 2.5 3.9
v -1.9 2.5 3.8
v -1.5 2.5 3.8
v -1.4 2.5 3.8
v -1.3 2.5 3.8
v -1.1 2.5 3.8
v 0.2 2.5 3.8
v 0.6 2.5 3.8
v 1 2.5 3.8
v -2.1 2.5 3.7
v -1.9 2.5 3.7
v -1.8 2.5 3.7
v -1.5 2.5 3.7
v 0.6 2.5 3.7
v 0.9 2.5 3.7
v 1 2.5 3.7
v 1.2 2.5 3.7
v -2.3 2.5 3.6
v -2.1 2.5 3.6
v -1.8 2.5 3.6
v 0.9 2.5 3.6
v 1.2 2.5 3.6
v 1.4 2.5 3.6
v -2.5 2.5 3.5
v -2.3 2.5 3.5
v -2.1 2.5 3.5
v 1.2 2.5 3.5
v 1.4 2.5 3.5
v 1.6 2.5 3.5
v -2.7 2.5 3.4
v -2.5 2.5 3.4
v -2.3 2.5 3.4
v 1.4 2.5 3.4
v 1.6 2.5 3.4
v 1.8 2.5 3.4
v -2.8 2.5 3.3
v -2.7 2.5 3.3
v -2.6 2.5 3.3
v -2.5 2.5 3.3
v 1.6 2.5 3.3
v 1.7 2.5 3.3
v 1.8 2.5 3.3
v 1.9 2.5 3.3
v -2.9 2.5 3.2
v -2.8 2.5 3.2
v -2.6 2.5 3.2
v 1.7 2.5 3.2
v 1.9 2.5 3.2
v 2 2.5 3.2
v -3.1 2.5 3.1
v -2.9 2.5 3.1
v -2.8 2.5 3.1
v 1.9 2.5 3.1
v 2 2.5 3.1
v 2.2 2.5 3.1
v -3.2 2.5 3
v -3.1 2.5 3
v -3 2.5 3
v -2.9 2.5 3
v 2 2.5 3
v 2.1 2.5 3
v 2.2 2.5 3
v 2.3 2.5 3
v -3.3 2.5 2.9
v -3.2 2.5 2.9
v -3.1 2.5 2.9
v -3 2.5 2.9
v 2.1 2.5 2.9
v 2.2 2.5 2.9
v 2.3 2.5 2.9
v 2.4 2.5 2.9
v -3.4 2.5 2.8
v -3.3 2.5 2.8
v -3.2 2.5 2.8
v -3.1 2.5 2.8
v 2.2 2.5 2.8
v 2.3 2.5 2.8
v 2.4 2.5 2.8
v 2.5 2.5 2.8
v -3.5 2.5 2.7
v -3.4 2.5 2.7
v -3.3 2.5 2.7
v -3.2 2.5 2.7
v 2.3 2.5 2.7
v 2.4 2.5 2.7
v 2.5 2.5 2.7
v 2.6 2.5 2.7
v -3.6 2.5 2.6
v -3.5 2.5 2.6
v -3.4 2.5 2.6
v -3.3 2.5 2.6
v 2.4 2.5 2.6
v 2.5 2.5 2.6
v 2.6 2.5 2.6
v 2.7 2.5 2.6
v -3.5 2.5 2.5
v -3.4 2.5 2.5
v 2.5 2.5 2.5
v 2.6 2.5 2.5
v -3.7 2.5 2.4
v -3.6 2.5 2.4
v -3.5 2.5 2.4
v 2.6 2.5 2.4
v 2.7 2.5 2.4
v 2.8 2.5 2.4
v -3.8 2.5 2.3
v -3.7 2.5 2.3
v -3.6 2.5 2.3
v 2.7 2.5 2.3
v 2.8 2.5 2.3
v 2.9 2.5 2.3
v -3.9 2.5 2.2
v -3.8 2.5 2.2
v 2.9 2.5 2.2
v 3 2.5 2.2
v -3.8 2.5 2.1
v -3.7 2.5 2.1
v 2.8 2.5 2.1
v 2.9 2.5 2.1
v -4 2.5 2
v -3.9 2.5 2
v -3.8 2.5 2
v 2.9 2.5 2
v 3 2.5 2
v 3.1 2.5 2
v -4.1 2.5 1.8
v -4 2.5 1.8
v -3.9 2.5 1.8
v 3 2.5 1.8
v 3.1 2.5 1.8
v 3.2 2.5 1.8
v -4.2 2.5 1.6
v -4.1 2.5 1.6
v -4 2.5 1.6
v 3.1 2.5 1.6
v 3.2 2.5 1.6
v 3.3 2.5 1.6
v -4.3 2.5 1.4
v -4.2 2.5 1.4
v 3.3 2.5 1.4
v 3.4 2.5 1.4
v -4.2 2.5 1.3
v -4.1 2.5 1.3
v 3.2 2.5 1.3
v 3.3 2.5 1.3
v -4.4 2.5 1
v -4.3 2.5 1
v -4.2 2.5 1
v 3.3 2.5 1
v 3.4 2.5 1
v 3.5 2.5 1
v -4.5 2.5 0.6
v -4.4 2.5 0.6
v -4.3 2.5 0.6
v 3.4 2.5 0.6
v 3.5 2.5 0.6
v 3.6 2.5 0.6
v -4.5 2.5 -0.7
v -4.4 2.5 -0.7
v -4.3 2.5 -0.7
v 3.4 2.5 -0.7
v 3.5 2.5 -0.7
v 3.6 2.5 -0.7
v -4.4 2.5 -1.1
v -4.3 2.5 -1.1
v -4.2 2.5 -1.1
v 3.3 2.5 -1.1
v 3.4 2.5 -1.1
v 3.5 2.5 -1.1
v -4.2 2.5 -1.4
v -4.1 2.5 -1.4
v 3.2 2.5 -1.4
v 3.3 2.5 -1.4
v -4.3 2.5 -1.5
v -4.2 2.5 -1.5
v 3.3 2.5 -1.5
v 3.4 2.5 -1.5
v -4.2 2.5 -1.7
v -4.1 2.5 -1.7
v -4 2.5 -1.7
v 3.1 2.5 -1.7
v 3.2 2.5 -1.7
v 3.3 2.5 -1.7
v -4.1 2.5 -1.9
v -4 2.5 -1.9
v -3.9 2.5 -1.9
v 3 2.5 -1.9
v 3.1 2.5 -1.9
v 3.2 2.5 -1.9
v -4 2.5 -2.1
v -3.9 2.5 -2.1
v -3.8 2.5 -2.1
v 2.9 2.5 -2.1
v 3 2.5 -2.1
v 3.1 2.5 -2.1
v -3.8 2.5 -2.2
v -3.7 2.5 -2.2
v 2.8 2.5 -2.2
v 2.9 2.5 -2.2
v -3.9 2.5 -2.3
v -3.8 2.5 -2.3
v 2.9 2.5 -2.3
v 3 2.5 -2.3
v -3.8 2.5 -2.4
v -3.7 2.5 -2.4
v -3.6 2.5 -2.4
v 2.7 2.5 -2.4
v 2.8 2.5 -2.4
v 2.9 2.5 -2.4
v -3.7 2.5 -2.5
v -3.6 2.5 -2.5
v -3.5 2.5 -2.5
v 2.6 2.5 -2.5
v 2.7 2.5 -2.5
v 2.8 2.5 -2.5
v -3.5 2.5 -2.6
v -3.4 2.5 -2.6
v 2.5 2.5 -2.6
v 2.6 2.5 -2.6
v -3.6 2.5 -2.7
v -3.5 2.5 -2.7
v -3.4 2.5 -2.7
v -3.3 2.5 -2.7
v 2.4 2.5 -2.7
v 2.5 2.5 -2.7
v 2.6 2.5 -2.7
v 2.7 2.5 -2.7
v -3.5 2.5 -2.8
v -3.4 2.5 -2.8
v -3.3 2.5 -2.8
v -3.2 2.5 -2.8
v 2.3 2.5 -2.8
v 2.4 2.5 -2.8
v 2.5 2.5 -2.8
v 2.6 2.5 -2.8
v -3.4 2.5 -2.9
v -3.3 2.5 -2.9
v -3.2 2.5 -2.9
v -3.1 2.5 -2.9
v 2.2 2.5 -2.9
v 2.3 2.5 -2.9
v 2.4 2.5 -2.9
v 2.5 2.5 -2.9
v -3.3 2.5 -3
v -3.2 2.5 -3
v -3.1 2.5 -3
v -3 2.5 -3
v 2.1 2.5 -3
v 2.2 2.5 -3
v 2.3 2.5 -3
v 2.4 2.5 -3
v -3.2 2.5 -3.1
v -3.1 2.5 -3.1
v -3 2.5 -3.1
v -2.9 2.5 -3.1
v 2 2.5 -3.1
v 2.1 2.5 -3.1
v 2.2 2.5 -3.1
v 2.3 2.5 -3.1
v -3.1 2.5 -3.2
v -2.9 2.5 -3.2
v -2.8 2.5 -3.2
v 1.9 2.5 -3.2
v 2 2.5 -3.2
v 2.2 2.5 -3.2
v -2.9 2.5 -3.3
v -2.8 2.5 -3.3
v -2.6 2.5 -3.3
v 1.7 2.5 -3.3
v 1.9 2.5 -3.3
v 2 2.5 -3.3
v -2.8 2.5 -3.4
v -2.7 2.5 -3.4
v -2.6 2.5 -3.4
v -2.5 2.5 -3.4
v 1.6 2.5 -3.4
v 1.7 2.5 -3.4
v 1.8 2.5 -3.4
v 1.9 2.5 -3.4
v -2.7 2.5 -3.5
v -2.5 2.5 -3.5
v -2.3 2.5 -3.5
v 1.4 2.5 -3.5
v 1.6 2.5 -3.5
v 1.8 2.5 -3.5
v -2.5 2.5 -3.6
v -2.3 2.5 -3.6
v -2.1 2.5 -3.6
v 1.2 2.5 -3.6
v 1.4 2.5 -3.6
v 1.6 2.5 -3.6
v -2.3 2.5 -3.7
v -2.1 2.5 -3.7
v -1.8 2.5 -3.7
v 0.9 2.5 -3.7
v 1.2 2.5 -3.7
v 1.4 2.5 -3.7
v -2.1 2.5 -3.8
v -1.9 2.5 -3.8
v -1.8 2.5 -3.8
v -1.5 2.5 -3.8
v 0.6 2.5 -3.8
v 0.9 2.5 -3.8
v 1 2.5 -3.8
v 1.2 2.5 -3.8
v -1.9 2.5 -3.9
v -1.5 2.5 -3.9
v -1.1 2.5 -3.9
v 0.2 2.5 -3.9
v 0.6 2.5 -3.9
v 1 2.5 -3.9
v -1.5 2.5 -4
v -1.1 2.5 -4
v 0.2 2.5 -4
v 0.6 2.5 -4
v -1.1 2.5 -4.1
v 0.2 2.5 -4.1

# faces
f 5/5/1 2/5/1 1/5/1
f 6/3/1 3/3/1 2/3/1
f 6/5/1 2/5/1 5/5/1
f 7/5/1 4/5/1 3/5/1
f 7/3/1 3/3/1 6/3/1
f 8/5/1 4/5/1 7/5/1
f 13/5/1 10/5/1 9/5/1
f 14/5/1 10/5/1 13/5/1
f 15/5/1 12/5/1 11/5/1
f 16/5/1 12/5/1 15/5/1
f 21/5/1 18/5/1 17/5/1
f 22/5/1 18/5/1 21/5/1
f 23/5/1 20/5/1 19/5/1
f 24/5/1 20/5/1 23/5/1
f 29/5/1 26/5/1 25/5/1
f 30/5/1 26/5/1 29/5/1
f 31/5/1 28/5/1 27/5/1
f 32/5/1 28/5/1 31/5/1
f 37/5/1 34/5/1 33/5/1
f 38/5/1 34/5/1 37/5/1
f 43/5/1 36/5/1 35/5/1
f 44/5/1 36/5/1 43/5/1
f 45/5/1 40/5/1 39/5/1
f 46/3/1 41/3/1 40/3/1
f 46/5/1 40/5/1 45/5/1
f 47/5/1 42/5/1 41/5/1
f 47/3/1 41/3/1 46/3/1
f 48/5/1 42/5/1 47/5/1
f 53/5/1 50/5/1 49/5/1
f 54/5/1 50/5/1 53/5/1
f 59/5/1 52/5/1 51/5/1
f 60/5/1 52/5/1 59/5/1
f 61/5/1 56/5/1 55/5/1
f 62/5/1 56/5/1 61/5/1
f 63/5/1 58/5/1 57/5/1
f 64/5/1 58/5/1 63/5/1
f 69/5/1 66/5/1 65/5/1
f 70/5/1 66/5/1 69/5/1
f 75/5/1 68/5/1 67/5/1
f 76/5/1 68/5/1 75/5/1
f 77/5/1 72/5/1 71/5/1
f 78/5/1 72/5/1 77/5/1
f 79/5/1 74/5/1 73/5/1
f 80/5/1 74/5/1 79/5/1
f 85/5/1 82/5/1 81/5/1
f 86/5/1 82/5/1 85/5/1
f 91/5/1 84/5/1 83/5/1
f 92/5/1 84/5/1 91/5/1
f 93/5/1 88/5/1 87/5/1
f 94/5/1 88/5/1 93/5/1
f 95/5/1 90/5/1 89/5/1
f 96/5/1 90/5/1 95/5/1
f 101/5/1 98/5/1 97/5/1
f 102/5/1 98/5/1 101/5/1
f 107/5/1 100/5/1 99/5/1
f 108/5/1 100/5/1 107/5/1
f 109/5/1 104/5/1 103/5/1
f 110/5/1 104/5/1 109/5/1
f 115/5/1 106/5/1 105/5/1
f 116/5/1 106/5/1 115/5/1
f 117/5/1 112/5/1 111/5/1
f 118/3/1 113/3/1 112/3/1
f 118/5/1 112/5/1 117/5/1
f 119/5/1 114/5/1 113/5/1
f 119/3/1 113/3/1 118/3/1
f 120/5/1 114/5/1 119/5/1
f 125/5/1 122/5/1 121/5/1
f 126/5/1 122/5/1 125/5/1
f 131/5/1 124/5/1 123/5/1
f 132/5/1 124/5/1 131/5/1
f 133/5/1 128/5/1 127/5/1
f 134/5/1 128/5/1 133/5/1
f 139/5/1 130/5/1 129/5/1
f 140/5/1 130/5/1 139/5/1
f 141/5/1 136/5/1 135/5/1
f 142/5/1 136/5/1 141/5/1
f 143/5/1 138/5/1 137/5/1
f 144/5/1 138/5/1 143/5/1
f 149/5/1 146/5/1 145/5/1
f 150/5/1 146/5/1 149/5/1
f 155/5/1 148/5/1 147/5/1
f 156/5/1 148/5/1 155/5/1
f 157/5/1 152/5/1 151/5/1
f 158/5/1 152/5/1 157/5/1
f 163/5/1 154/5/1 153/5/1
f 164/5/1 154/5/1 163/5/1
f 165/5/1 160/5/1 159/5/1
f 166/5/1 160/5/1 165/5/1
f 167/5/1 162/5/1 161/5/1
f 168/5/1 162/5/1 167/5/1
f 173/5/1 170/5/1 169/5/1
f 174/5/1 170/5/1 173/5/1
f 179/5/1 172/5/1 171/5/1
f 180/5/1 172/5/1 179/5/1
f 181/5/1 176/5/1 175/5/1
f 182/5/1 176/5/1 181/5/1
f 187/5/1 178/5/1 177/5/1
f 188/5/1 178/5/1 187/5/1
f 189/5/1 184/5/1 183/5/1
f 190/5/1 184/5/1 189/5/1
f 191/5/1 186/5/1 185/5/1
f 192/5/1 186/5/1 191/5/1
f 197/5/1 194/5/1 193/5/1
f 198/5/1 194/5/1 197/5/1
f 203/5/1 196/5/1 195/5/1
f 204/5/1 196/5/1 203/5/1
f 205/5/1 200/5/1 199/5/1
f 206/5/1 200/5/1 205/5/1
f 211/5/1 202/5/1 201/5/1
f 212/5/1 202/5/1 211/5/1
f 213/5/1 208/5/1 207/5/1
f 214/5/1 208/5/1 213/5/1
f 219/5/1 210/5/1 209/5/1
f 220/5/1 210/5/1 219/5/1
f 221/5/1 218/5/1 217/5/1
f 221/5/1 216/5/1 215/5/1
f 221/5/1 217/5/1 216/5/1
f 222/5/1 218/5/1 221/5/1
f 223/4/1 222/4/1 221/4/1
f 224/4/1 222/4/1 223/4/1
f 225/5/1 224/5/1 223/5/1
f 226/5/1 224/5/1 225/5/1
f 227/5/1 225/5/1 223/5/1
f 228/5/1 225/5/1 227/5/1
f 229/1/1 226/1/1 225/1/1
f 229/5/1 225/5/1 228/5/1
f 230/5/1 224/5/1 226/5/1
f 230/1/1 226/1/1 229/1/1
f 231/2/1 228/2/1 227/2/1
f 231/5/1 227/5/1 223/5/1
f 232/5/1 229/5/1 228/5/1
f 232/2/1 228/2/1 231/2/1
f 232/5/1 230/5/1 229/5/1
f 233/5/1 230/5/1 232/5/1
f 234/5/1 224/5/1 230/5/1
f 234/5/1 230/5/1 233/5/1
f 235/5/1 231/5/1 223/5/1
f 235/5/1 233/5/1 232/5/1
f 235/5/1 232/5/1 231/5/1
f 236/5/1 233/5/1 235/5/1
f 237/5/1 235/5/1 223/5/1
f 237/1/1 236/1/1 235/1/1
f 238/5/1 233/5/1 236/5/1
f 238/1/1 236/1/1 237/1/1
f 239/7/1 234/7/1 233/7/1
f 239/5/1 233/5/1 238/5/1
f 240/5/1 224/5/1 234/5/1
f 240/7/1 234/7/1 239/7/1
f 241/5/1 239/5/1 238/5/1
f 241/5/1 238/5/1 237/5/1
f 241/5/1 240/5/1 239/5/1
f 241/5/1 237/5/1 223/5/1
f 242/5/1 224/5/1 240/5/1
f 242/5/1 240/5/1 241/5/1
f 247/5/1 244/5/1 243/5/1
f 248/5/1 244/5/1 247/5/1
f 253/5/1 246/5/1 245/5/1
f 254/5/1 246/5/1 253/5/1
f 255/5/1 250/5/1 249/5/1
f 256/5/1 250/5/1 255/5/1
f 261/5/1 252/5/1 251/5/1
f 262/5/1 252/5/1 261/5/1
f 263/5/1 258/5/1 257/5/1
f 264/5/1 258/5/1 263/5/1
f 269/5/1 260/5/1 259/5/1
f 270/5/1 260/5/1 269/5/1
f 271/5/1 266/5/1 265/5/1
f 272/5/1 266/5/1 271/5/1
f 273/5/1 268/5/1 267/5/1
f 274/5/1 268/5/1 273/5/1
f 275/4/1 272/4/1 271/4/1
f 276/4/1 272/4/1 275/4/1
f 277/4/1 274/4/1 273/4/1
f 278/4/1 274/4/1 277/4/1
f 279/5/1 276/5/1 275/5/1
f 280/5/1 276/5/1 279/5/1
f 281/5/1 278/5/1 277/5/1
f 282/5/1 278/5/1 281/5/1
f 287/5/1 284/5/1 283/5/1
f 288/5/1 284/5/1 287/5/1
f 293/5/1 286/5/1 285/5/1
f 294/5/1 286/5/1 293/5/1
f 295/5/1 290/5/1 289/5/1
f 296/5/1 290/5/1 295/5/1
f 301/5/1 292/5/1 291/5/1
f 302/5/1 292/5/1 301/5/1
f 303/5/1 298/5/1 297/5/1
f 304/5/1 298/5/1 303/5/1
f 309/5/1 300/5/1 299/5/1
f 310/5/1 300/5/1 309/5/1
f 311/5/1 306/5/1 305/5/1
f 312/5/1 306/5/1 311/5/1
f 313/5/1 308/5/1 307/5/1
f 314/5/1 308/5/1 313/5/1
f 315/4/1 312/4/1 311/4/1
f 316/4/1 312/4/1 315/4/1
f 317/4/1 314/4/1 313/4/1
f 318/4/1 314/4/1 317/4/1
f 319/5/1 316/5/1 315/5/1
f 320/5/1 316/5/1 319/5/1
f 321/5/1 318/5/1 317/5/1
f 322/5/1 318/5/1 321/5/1
f 327/5/1 324/5/1 323/5/1
f 328/5/1 324/5/1 327/5/1
f 333/5/1 326/5/1 325/5/1
f 334/5/1 326/5/1 333/5/1
f 335/5/1 330/5/1 329/5/1
f 336/5/1 330/5/1 335/5/1
f 341/5/1 332/5/1 331/5/1
f 342/5/1 332/5/1 341/5/1
f 343/5/1 338/5/1 337/5/1
f 344/5/1 338/5/1 343/5/1
f 349/5/1 340/5/1 339/5/1
f 350/5/1 340/5/1 349/5/1
f 351/5/1 346/5/1 345/5/1
f 352/5/1 346/5/1 351/5/1
f 353/5/1 348/5/1 347/5/1
f 354/5/1 348/5/1 353/5/1
f 355/4/1 352/4/1 351/4/1
f 356/4/1 352/4/1 355/4/1
f 357/4/1 354/4/1 353/4/1
f 358/4/1 354/4/1 357/4/1
f 359/5/1 356/5/1 355/5/1
f 360/5/1 356/5/1 359/5/1
f 361/5/1 358/5/1 357/5/1
f 362/5/1 358/5/1 361/5/1
f 367/5/1 364/5/1 363/5/1
f 368/5/1 364/5/1 367/5/1
f 373/5/1 366/5/1 365/5/1
f 374/5/1 366/5/1 373/5/1
f 375/5/1 370/5/1 369/5/1
f 376/5/1 370/5/1 375/5/1
f 381/5/1 372/5/1 371/5/1
f 382/5/1 372/5/1 381/5/1
f 383/5/1 378/5/1 377/5/1
f 384/5/1 378/5/1 383/5/1
f 389/5/1 380/5/1 379/5/1
f 390/5/1 380/5/1 389/5/1
f 391/5/1 386/5/1 385/5/1
f 392/5/1 386/5/1 391/5/1
f 393/5/1 388/5/1 387/5/1
f 394/5/1 388/5/1 393/5/1
f 395/4/1 392/4/1 391/4/1
f 396/4/1 392/4/1 395/4/1
f 397/4/1 394/4/1 393/4/1
f 398/4/1 394/4/1 397/4/1
f 399/5/1 396/5/1 395/5/1
f 400/5/1 396/5/1 399/5/1
f 401/5/1 398/5/1 397/5/1
f 402/5/1 398/5/1 401/5/1
f 407/5/1 404/5/1 403/5/1
f 408/5/1 404/5/1 407/5/1
f 413/5/1 406/5/1 405/5/1
f 414/5/1 406/5/1 413/5/1
f 415/5/1 410/5/1 409/5/1
f 416/5/1 410/5/1 415/5/1
f 421/5/1 412/5/1 411/5/1
f 422/5/1 412/5/1 421/5/1
f 423/5/1 418/5/1 417/5/1
f 424/5/1 418/5/1 423/5/1
f 429/5/1 420/5/1 419/5/1
f 430/5/1 420/5/1 429/5/1
f 431/5/1 426/5/1 425/5/1
f 432/5/1 426/5/1 431/5/1
f 433/5/1 428/5/1 427/5/1
f 434/5/1 428/5/1 433/5/1
f 435/4/1 432/4/1 431/4/1
f 436/4/1 432/4/1 435/4/1
f 437/4/1 434/4/1 433/4/1
f 438/4/1 434/4/1 437/4/1
f 439/5/1 436/5/1 435/5/1
f 440/5/1 436/5/1 439/5/1
f 441/5/1 438/5/1 437/5/1
f 442/5/1 438/5/1 441/5/1
f 447/5/1 444/5/1 443/5/1
f 448/5/1 444/5/1 447/5/1
f 453/5/1 446/5/1 445/5/1
f 454/5/1 446/5/1 453/5/1
f 455/5/1 450/5/1 449/5/1
f 456/5/1 450/5/1 455/5/1
f 461/5/1 452/5/1 451/5/1
f 462/5/1 452/5/1 461/5/1
f 463/5/1 458/5/1 457/5/1
f 464/5/1 458/5/1 463/5/1
f 469/5/1 460/5/1 459/5/1
f 470/5/1 460/5/1 469/5/1
f 471/5/1 466/5/1 465/5/1
f 472/5/1 466/5/1 471/5/1
f 473/5/1 468/5/1 467/5/1
f 474/5/1 468/5/1 473/5/1
f 475/4/1 472/4/1 471/4/1
f 476/4/1 472/4/1 475/4/1
f 477/4/1 474/4/1 473/4/1
f 478/4/1 474/4/1 477/4/1
f 479/5/1 476/5/1 475/5/1
f 480/5/1 476/5/1 479/5/1
f 481/5/1 478/5/1 477/5/1
f 482/5/1 478/5/1 481/5/1
f 487/5/1 484/5/1 483/5/1
f 488/5/1 484/5/1 487/5/1
f 493/5/1 486/5/1 485/5/1
f 494/5/1 486/5/1 493/5/1
f 495/5/1 490/5/1 489/5/1
f 496/5/1 490/5/1 495/5/1
f 501/5/1 492/5/1 491/5/1
f 502/5/1 492/5/1 501/5/1
f 503/5/1 498/5/1 497/5/1
f 504/5/1 498/5/1 503/5/1
f 505/5/1 500/5/1 499/5/1
f 506/5/1 500/5/1 505/5/1
f 507/4/1 504/4/1 503/4/1
f 508/4/1 504/4/1 507/4/1
f 509/4/1 506/4/1 505/4/1
f 510/4/1 506/4/1 509/4/1
f 511/5/1 508/5/1 507/5/1
f 512/5/1 508/5/1 511/5/1
f 513/5/1 510/5/1 509/5/1
f 514/5/1 510/5/1 513/5/1
f 519/5/1 516/5/1 515/5/1
f 520/5/1 516/5/1 519/5/1
f 525/5/1 518/5/1 517/5/1
f 526/5/1 518/5/1 525/5/1
f 527/5/1 522/5/1 521/5/1
f 528/5/1 522/5/1 527/5/1
f 533/5/1 524/5/1 523/5/1
f 534/5/1 524/5/1 533/5/1
f 535/5/1 530/5/1 529/5/1
f 536/5/1 530/5/1 535/5/1
f 541/5/1 532/5/1 531/5/1
f 542/5/1 532/5/1 541/5/1
f 543/5/1 538/5/1 537/5/1
f 544/5/1 538/5/1 543/5/1
f 545/5/1 540/5/1 539/5/1
f 546/5/1 540/5/1 545/5/1
f 547/4/1 544/4/1 543/4/1
f 548/4/1 544/4/1 547/4/1
f 549/4/1 546/4/1 545/4/1
f 550/4/1 546/4/1 549/4/1
f 551/5/1 548/5/1 547/5/1
f 552/5/1 548/5/1 551/5/1
f 553/5/1 550/5/1 549/5/1
f 554/5/1 550/5/1 553/5/1
f 559/5/1 556/5/1 555/5/1
f 560/5/1 556/5/1 559/5/1
f 565/5/1 558/5/1 557/5/1
f 566/5/1 558/5/1 565/5/1
f 567/5/1 562/5/1 561/5/1
f 568/5/1 562/5/1 567/5/1
f 573/5/1 564/5/1 563/5/1
f 574/5/1 564/5/1 573/5/1
f 575/5/1 570/5/1 569/5/1
f 576/5/1 570/5/1 575/5/1
f 581/5/1 572/5/1 571/5/1
f 582/5/1 572/5/1 581/5/1
f 583/5/1 578/5/1 577/5/1
f 584/5/1 578/5/1 583/5/1
f 585/5/1 580/5/1 579/5/1
f 586/5/1 580/5/1 585/5/1
f 587/4/1 584/4/1 583/4/1
f 588/4/1 584/4/1 587/4/1
f 589/4/1 586/4/1 585/4/1
f 590/4/1 586/4/1 589/4/1
f 591/5/1 588/5/1 587/5/1
f 592/5/1 588/5/1 591/5/1
f 593/5/1 590/5/1 589/5/1
f 594/5/1 590/5/1 593/5/1
f 599/5/1 596/5/1 595/5/1
f 600/5/1 596/5/1 599/5/1
f 605/5/1 598/5/1 597/5/1
f 606/5/1 598/5/1 605/5/1
f 607/5/1 602/5/1 601/5/1
f 608/5/1 602/5/1 607/5/1
f 613/5/1 604/5/1 603/5/1
f 614/5/1 604/5/1 613/5/1
f 615/5/1 610/5/1 609/5/1
f 616/5/1 610/5/1 615/5/1
f 621/5/1 612/5/1 611/5/1
f 622/5/1 612/5/1 621/5/1
f 623/5/1 618/5/1 617/5/1
f 624/5/1 618/5/1 623/5/1
f 625/5/1 620/5/1 619/5/1
f 626/5/1 620/5/1 625/5/1
f 627/4/1 624/4/1 623/4/1
f 628/4/1 624/4/1 627/4/1
f 629/4/1 626/4/1 625/4/1
f 630/4/1 626/4/1 629/4/1
f 631/5/1 628/5/1 627/5/1
f 632/5/1 628/5/1 631/5/1
f 633/5/1 630/5/1 629/5/1
f 634/5/1 630/5/1 633/5/1
f 639/5/1 636/5/1 635/5/1
f 640/5/1 636/5/1 639/5/1
f 645/5/1 638/5/1 637/5/1
f 646/5/1 638/5/1 645/5/1
f 647/5/1 642/5/1 641/5/1
f 648/5/1 642/5/1 647/5/1
f 649/5/1 644/5/1 643/5/1
f 650/5/1 644/5/1 649/5/1
f 651/4/1 648/4/1 647/4/1
f 652/4/1 648/4/1 651/4/1
f 653/4/1 650/4/1 649/4/1
f 654/4/1 650/4/1 653/4/1
f 655/5/1 652/5/1 651/5/1
f 656/5/1 652/5/1 655/5/1
f 657/5/1 654/5/1 653/5/1
f 658/5/1 654/5/1 657/5/1
f 663/5/1 660/5/1 659/5/1
f 664/5/1 660/5/1 663/5/1
f 669/5/1 662/5/1 661/5/1
f 670/5/1 662/5/1 669/5/1
f 671/5/1 666/5/1 665/5/1
f 672/5/1 666/5/1 671/5/1
f 677/5/1 668/5/1 667/5/1
f 678/5/1 668/5/1 677/5/1
f 679/5/1 674/5/1 673/5/1
f 680/5/1 674/5/1 679/5/1
f 685/5/1 676/5/1 675/5/1
f 686/5/1 676/5/1 685/5/1
f 687/5/1 682/5/1 681/5/1
f 688/5/1 682/5/1 687/5/1
f 689/5/1 684/5/1 683/5/1
f 690/5/1 684/5/1 689/5/1
f 691/4/1 688/4/1 687/4/1
f 692/4/1 688/4/1 691/4/1
f 693/4/1 690/4/1 689/4/1
f 694/4/1 690/4/1 693/4/1
f 695/5/1 692/5/1 691/5/1
f 696/5/1 692/5/1 695/5/1
f 697/5/1 694/5/1 693/5/1
f 698/5/1 694/5/1 697/5/1
f 703/5/1 700/5/1 699/5/1
f 704/5/1 700/5/1 703/5/1
f 709/5/1 702/5/1 701/5/1
f 710/5/1 702/5/1 709/5/1
f 711/5/1 706/5/1 705/5/1
f 712/5/1 706/5/1 711/5/1
f 717/5/1 708/5/1 707/5/1
f 718/5/1 708/5/1 717/5/1
f 719/5/1 714/5/1 713/5/1
f 720/5/1 714/5/1 719/5/1
f 725/5/1 716/5/1 715/5/1
f 726/5/1 716/5/1 725/5/1
f 727/5/1 722/5/1 721/5/1
f 728/5/1 722/5/1 727/5/1
f 729/5/1 724/5/1 723/5/1
f 730/5/1 724/5/1 729/5/1
f 731/4/1 728/4/1 727/4/1
f 732/4/1 728/4/1 731/4/1
f 733/4/1 730/4/1 729/4/1
f 734/4/1 730/4/1 733/4/1
f 735/5/1 732/5/1 731/5/1
f 736/5/1 732/5/1 735/5/1
f 737/5/1 734/5/1 733/5/1
f 738/5/1 734/5/1 737/5/1
f 743/5/1 740/5/1 739/5/1
f 744/5/1 740/5/1 743/5/1
f 749/5/1 742/5/1 741/5/1
f 750/5/1 742/5/1 749/5/1
f 751/5/1 746/5/1 745/5/1
f 752/5/1 746/5/1 751/5/1
f 753/5/1 748/5/1 747/5/1
f 754/5/1 748/5/1 753/5/1
f 755/4/1 752/4/1 751/4/1
f 756/4/1 752/4/1 755/4/1
f 757/4/1 754/4/1 753/4/1
f 758/4/1 754/4/1 757/4/1
f 759/5/1 756/5/1 755/5/1
f 760/5/1 756/5/1 759/5/1
f 761/5/1 758/5/1 757/5/1
f 762/5/1 758/5/1 761/5/1
f 767/5/1 764/5/1 763/5/1
f 768/5/1 764/5/1 767/5/1
f 773/5/1 766/5/1 765/5/1
f 774/5/1 766/5/1 773/5/1
f 775/5/1 770/5/1 769/5/1
f 776/5/1 770/5/1 775/5/1
f 777/5/1 772/5/1 771/5/1
f 778/5/1 772/5/1 777/5/1
f 783/5/1 780/5/1 779/5/1
f 784/5/1 780/5/1 783/5/1
f 789/5/1 782/5/1 781/5/1
f 790/5/1 782/5/1 789/5/1
f 791/5/1 786/5/1 785/5/1
f 792/5/1 786/5/1 791/5/1
f 797/5/1 788/5/1 787/5/1
f 798/5/1 788/5/1 797/5/1
f 799/5/1 794/5/1 793/5/1
f 800/5/1 794/5/1 799/5/1
f 801/5/1 796/5/1 795/5/1
f 802/5/1 796/5/1 801/5/1
f 803/4/1 800/4/1 799/4/1
f 804/4/1 800/4/1 803/4/1
f 805/4/1 802/4/1 801/4/1
f 806/4/1 802/4/1 805/4/1
f 807/5/1 804/5/1 803/5/1
f 808/5/1 804/5/1 807/5/1
f 809/5/1 806/5/1 805/5/1
f 810/5/1 806/5/1 809/5/1
f 815/5/1 812/5/1 811/5/1
f 816/5/1 812/5/1 815/5/1
f 817/5/1 814/5/1 813/5/1
f 818/5/1 814/5/1 817/5/1
f 823/5/1 820/5/1 819/5/1
f 824/5/1 820/5/1 823/5/1
f 829/5/1 822/5/1 821/5/1
f 830/5/1 822/5/1 829/5/1
f 831/5/1 826/5/1 825/5/1
f 832/5/1 826/5/1 831/5/1
f 833/5/1 828/5/1 827/5/1
f 834/5/1 828/5/1 833/5/1
f 835/4/1 832/4/1 831/4/1
f 836/4/1 832/4/1 835/4/1
f 837/4/1 834/4/1 833/4/1
f 838/4/1 834/4/1 837/4/1
f 839/5/1 836/5/1 835/5/1
f 840/5/1 836/5/1 839/5/1
f 841/5/1 838/5/1 837/5/1
f 842/5/1 838/5/1 841/5/1
f 847/5/1 844/5/1 843/5/1
f 848/5/1 844/5/1 847/5/1
f 849/5/1 846/5/1 845/5/1
f 850/5/1 846/5/1 849/5/1
f 855/5/1 852/5/1 851/5/1
f 856/5/1 852/5/1 855/5/1
f 857/5/1 854/5/1 853/5/1
f 858/5/1 854/5/1 857/5/1
f 859/4/1 856/4/1 855/4/1
f 860/4/1 856/4/1 859/4/1
f 861/4/1 858/4/1 857/4/1
f 862/4/1 858/4/1 861/4/1
f 863/5/1 860/5/1 859/5/1
f 864/5/1 860/5/1 863/5/1
f 865/5/1 862/5/1 861/5/1
f 866/5/1 862/5/1 865/5/1
f 871/5/1 868/5/1 867/5/1
f 872/5/1 868/5/1 871/5/1
f 873/5/1 870/5/1 869/5/1
f 874/5/1 870/5/1 873/5/1
f 879/5/1 876/5/1 875/5/1
f 880/5/1 876/5/1 879/5/1
f 881/5/1 878/5/1 877/5/1
f 882/5/1 878/5/1 881/5/1
f 887/5/1 884/5/1 883/5/1
f 888/5/1 884/5/1 887/5/1
f 889/5/1 886/5/1 885/5/1
f 890/5/1 886/5/1 889/5/1
f 895/5/1 892/5/1 891/5/1
f 896/5/1 892/5/1 895/5/1
f 897/5/1 894/5/1 893/5/1
f 898/5/1 894/5/1 897/5/1
f 899/4/1 896/4/1 895/4/1
f 900/4/1 896/4/1 899/4/1
f 901/4/1 898/4/1 897/4/1
f 902/4/1 898/4/1 901/4/1
f 903/5/1 900/5/1 899/5/1
f 904/5/1 900/5/1 903/5/1
f 905/5/1 902/5/1 901/5/1
f 906/5/1 902/5/1 905/5/1
f 911/5/1 908/5/1 907/5/1
f 912/5/1 908/5/1 911/5/1
f 913/5/1 910/5/1 909/5/1
f 914/5/1 910/5/1 913/5/1
f 919/5/1 916/5/1 915/5/1
f 920/5/1 916/5/1 919/5/1
f 925/5/1 918/5/1 917/5/1
f 926/5/1 918/5/1 925/5/1
f 927/5/1 922/5/1 921/5/1
f 928/5/1 922/5/1 927/5/1
f 929/5/1 924/5/1 923/5/1
f 930/5/1 924/5/1 929/5/1
f 935/5/1 932/5/1 931/5/1
f 936/5/1 932/5/1 935/5/1
f 937/5/1 934/5/1 933/5/1
f 938/5/1 934/5/1 937/5/1
f 939/4/1 936/4/1 935/4/1
f 940/4/1 936/4/1 939/4/1
f 941/4/1 938/4/1 937/4/1
f 942/4/1 938/4/1 941/4/1
f 943/5/1 940/5/1 939/5/1
f 944/5/1 940/5/1 943/5/1
f 945/5/1 942/5/1 941/5/1
f 946/5/1 942/5/1 945/5/1
f 951/5/1 948/5/1 947/5/1
f 952/5/1 948/5/1 951/5/1
f 953/5/1 950/5/1 949/5/1
f 954/5/1 950/5/1 953/5/1
f 959/5/1 956/5/1 955/5/1
f 960/5/1 956/5/1 959/5/1
f 961/5/1 958/5/1 957/5/1
f 962/5/1 958/5/1 961/5/1
f 967/5/1 964/5/1 963/5/1
f 968/5/1 964/5/1 967/5/1
f 969/5/1 966/5/1 965/5/1
f 970/5/1 966/5/1 969/5/1
f 971/4/1 968/4/1 967/4/1
f 972/4/1 968/4/1 971/4/1
f 973/4/1 970/4/1 969/4/1
f 974/4/1 970/4/1 973/4/1
f 975/5/1 972/5/1 971/5/1
f 976/5/1 972/5/1 975/5/1
f 977/5/1 974/5/1 973/5/1
f 978/5/1 974/5/1 977/5/1
f 983/5/1 980/5/1 979/5/1
f 984/5/1 980/5/1 983/5/1
f 985/5/1 982/5/1 981/5/1
f 986/5/1 982/5/1 985/5/1
f 991/5/1 988/5/1 987/5/1
f 992/5/1 988/5/1 991/5/1
f 997/5/1 990/5/1 989/5/1
f 998/5/1 990/5/1 997/5/1
f 999/5/1 994/5/1 993/5/1
f 1000/5/1 994/5/1 999/5/1
f 1001/5/1 996/5/1 995/5/1
f 1002/5/1 996/5/1 1001/5/1
f 1003/4/1 1000/4/1 999/4/1
f 1004/4/1 1000/4/1 1003/4/1
f 1005/4/1 1002/4/1 1001/4/1
f 1006/4/1 1002/4/1 1005/4/1
f 1007/5/1 1004/5/1 1003/5/1
f 1008/5/1 1004/5/1 1007/5/1
f 1009/5/1 1006/5/1 1005/5/1
f 1010/5/1 1006/5/1 1009/5/1
f 1015/5/1 1012/5/1 1011/5/1
f 1016/5/1 1012/5/1 1015/5/1
f 1017/5/1 1014/5/1 1013/5/1
f 1018/5/1 1014/5/1 1017/5/1
f 1023/5/1 1020/5/1 1019/5/1
f 1024/5/1 1020/5/1 1023/5/1
f 1029/5/1 1022/5/1 1021/5/1
f 1030/5/1 1022/5/1 1029/5/1
f 1031/5/1 1026/5/1 1025/5/1
f 1032/5/1 1026/5/1 1031/5/1
f 1033/5/1 1028/5/1 1027/5/1
f 1034/5/1 1028/5/1 1033/5/1
f 1039/5/1 1036/5/1 1035/5/1
f 1040/5/1 1038/5/1 1037/5/1
f 1041/5/1 1039/5/1 1035/5/1
f 1042/5/1 1039/5/1 1041/5/1
f 1043/5/1 1038/5/1 1040/5/1
f 1044/5/1 1038/5/1 1043/5/1
f 1045/4/1 1042/4/1 1041/4/1
f 1046/4/1 1044/4/1 1043/4/1
f 1047/4/1 1045/4/1 1041/4/1
f 1048/4/1 1045/4/1 1047/4/1
f 1049/4/1 1044/4/1 1046/4/1
f 1050/4/1 1044/4/1 1049/4/1
f 1051/5/1 1048/5/1 1047/5/1
f 1052/5/1 1048/5/1 1051/5/1
f 1053/5/1 1050/5/1 1049/5/1
f 1054/5/1 1050/5/1 1053/5/1
f 1057/5/1 1056/5/1 1055/5/1
f 1058/5/1 1056/5/1 1057/5/1
f 1063/5/1 1060/5/1 1059/5/1
f 1064/5/1 1060/5/1 1063/5/1
f 1065/5/1 1062/5/1 1061/5/1
f 1066/5/1 1062/5/1 1065/5/1
f 1071/5/1 1068/5/1 1067/5/1
f 1072/5/1 1068/5/1 1071/5/1
f 1077/5/1 1070/5/1 1069/5/1
f 1078/5/1 1070/5/1 1077/5/1
f 1079/5/1 1074/5/1 1073/5/1
f 1080/5/1 1074/5/1 1079/5/1
f 1085/5/1 1076/5/1 1075/5/1
f 1086/5/1 1076/5/1 1085/5/1
f 1087/5/1 1082/5/1 1081/5/1
f 1088/5/1 1084/5/1 1083/5/1
f 1089/5/1 1087/5/1 1081/5/1
f 1090/5/1 1087/5/1 1089/5/1
f 1091/5/1 1084/5/1 1088/5/1
f 1092/5/1 1084/5/1 1091/5/1
f 1093/4/1 1090/4/1 1089/4/1
f 1094/4/1 1092/4/1 1091/4/1
f 1095/4/1 1093/4/1 1089/4/1
f 1096/4/1 1093/4/1 1095/4/1
f 1097/4/1 1092/4/1 1094/4/1
f 1098/4/1 1092/4/1 1097/4/1
f 1103/5/1 1100/5/1 1099/5/1
f 1104/5/1 1100/5/1 1103/5/1
f 1105/5/1 1102/5/1 1101/5/1
f 1106/5/1 1102/5/1 1105/5/1
f 1111/5/1 1108/5/1 1107/5/1
f 1112/5/1 1108/5/1 1111/5/1
f 1113/5/1 1110/5/1 1109/5/1
f 1114/5/1 1110/5/1 1113/5/1
f 1119/5/1 1116/5/1 1115/5/1
f 1120/5/1 1116/5/1 1119/5/1
f 1121/5/1 1118/5/1 1117/5/1
f 1122/5/1 1118/5/1 1121/5/1
f 1123/4/1 1120/4/1 1119/4/1
f 1124/4/1 1120/4/1 1123/4/1
f 1125/4/1 1122/4/1 1121/4/1
f 1126/4/1 1122/4/1 1125/4/1
f 1131/5/1 1128/5/1 1127/5/1
f 1132/5/1 1128/5/1 1131/5/1
f 1133/5/1 1130/5/1 1129/5/1
f 1134/5/1 1130/5/1 1133/5/1
f 1135/4/1 1132/4/1 1131/4/1
f 1136/4/1 1132/4/1 1135/4/1
f 1137/4/1 1134/4/1 1133/4/1
f 1138/4/1 1134/4/1 1137/4/1
f 1143/5/1 1140/5/1 1139/5/1
f 1144/5/1 1140/5/1 1143/5/1
f 1145/5/1 1142/5/1 1141/5/1
f 1146/5/1 1142/5/1 1145/5/1
f 1147/4/1 1144/4/1 1143/4/1
f 1148/4/1 1144/4/1 1147/4/1
f 1149/4/1 1146/4/1 1145/4/1
f 1150/4/1 1146/4/1 1149/4/1
f 1155/5/1 1152/5/1 1151/5/1
f 1156/5/1 1152/5/1 1155/5/1
f 1157/5/1 1154/5/1 1153/5/1
f 1158/5/1 1154/5/1 1157/5/1
f 1159/4/1 1156/4/1 1155/4/1
f 1160/4/1 1156/4/1 1159/4/1
f 1161/4/1 1158/4/1 1157/4/1
f 1162/4/1 1158/4/1 1161/4/1
f 1167/5/1 1164/5/1 1163/5/1
f 1168/5/1 1164/5/1 1167/5/1
f 1169/5/1 1166/5/1 1165/5/1
f 1170/5/1 1166/5/1 1169/5/1
f 1171/4/1 1168/4/1 1167/4/1
f 1172/4/1 1168/4/1 1171/4/1
f 1173/4/1 1170/4/1 1169/4/1
f 1174/4/1 1170/4/1 1173/4/1
f 1179/5/1 1176/5/1 1175/5/1
f 1180/5/1 1176/5/1 1179/5/1
f 1181/5/1 1178/5/1 1177/5/1
f 1182/5/1 1178/5/1 1181/5/1
f 1183/4/1 1180/4/1 1179/4/1
f 1184/4/1 1180/4/1 1183/4/1
f 1185/4/1 1182/4/1 1181/4/1
f 1186/4/1 1182/4/1 1185/4/1
f 1191/5/1 1188/5/1 1187/5/1
f 1192/5/1 1188/5/1 1191/5/1
f 1193/5/1 1190/5/1 1189/5/1
f 1194/5/1 1190/5/1 1193/5/1
f 1195/4/1 1192/4/1 1191/4/1
f 1196/4/1 1192/4/1 1195/4/1
f 1197/4/1 1194/4/1 1193/4/1
f 1198/4/1 1194/4/1 1197/4/1
f 1203/5/1 1200/5/1 1199/5/1
f 1204/5/1 1200/5/1 1203/5/1
f 1205/5/1 1202/5/1 1201/5/1
f 1206/5/1 1202/5/1 1205/5/1
f 1207/4/1 1204/4/1 1203/4/1
f 1208/4/1 1204/4/1 1207/4/1
f 1209/4/1 1206/4/1 1205/4/1
f 1210/4/1 1206/4/1 1209/4/1
f 1215/5/1 1212/5/1 1211/5/1
f 1216/5/1 1212/5/1 1215/5/1
f 1217/5/1 1214/5/1 1213/5/1
f 1218/5/1 1214/5/1 1217/5/1
f 1219/4/1 1216/4/1 1215/4/1
f 1220/4/1 1216/4/1 1219/4/1
f 1221/4/1 1218/4/1 1217/4/1
f 1222/4/1 1218/4/1 1221/4/1
f 1227/5/1 1224/5/1 1223/5/1
f 1228/5/1 1224/5/1 1227/5/1
f 1229/5/1 1226/5/1 1225/5/1
f 1230/5/1 1226/5/1 1229/5/1
f 1231/4/1 1228/4/1 1227/4/1
f 1232/4/1 1228/4/1 1231/4/1
f 1233/4/1 1230/4/1 1229/4/1
f 1234/4/1 1230/4/1 1233/4/1
f 1239/5/1 1236/5/1 1235/5/1
f 1240/5/1 1236/5/1 1239/5/1
f 1241/5/1 1238/5/1 1237/5/1
f 1242/5/1 1238/5/1 1241/5/1
f 1243/4/1 1240/4/1 1239/4/1
f 1244/4/1 1240/4/1 1243/4/1
f 1245/4/1 1242/4/1 1241/4/1
f 1246/4/1 1242/4/1 1245/4/1
f 1251/5/1 1248/5/1 1247/5/1
f 1252/5/1 1248/5/1 1251/5/1
f 1253/5/1 1250/5/1 1249/5/1
f 1254/5/1 1250/5/1 1253/5/1
f 1255/4/1 1252/4/1 1251/4/1
f 1256/4/1 1252/4/1 1255/4/1
f 1257/4/1 1254/4/1 1253/4/1
f 1258/4/1 1254/4/1 1257/4/1
f 1263/5/1 1260/5/1 1259/5/1
f 1264/5/1 1260/5/1 1263/5/1
f 1265/5/1 1262/5/1 1261/5/1
f 1266/5/1 1262/5/1 1265/5/1
f 1267/4/1 1264/4/1 1263/4/1
f 1268/4/1 1264/4/1 1267/4/1
f 1269/4/1 1266/4/1 1265/4/1
f 1270/4/1 1266/4/1 1269/4/1
f 1275/5/1 1272/5/1 1271/5/1
f 1276/5/1 1272/5/1 1275/5/1
f 1277/5/1 1274/5/1 1273/5/1
f 1278/5/1 1274/5/1 1277/5/1
f 1279/4/1 1276/4/1 1275/4/1
f 1280/4/1 1276/4/1 1279/4/1
f 1281/4/1 1278/4/1 1277/4/1
f 1282/4/1 1278/4/1 1281/4/1
f 1287/5/1 1284/5/1 1283/5/1
f 1288/5/1 1284/5/1 1287/5/1
f 1289/5/1 1286/5/1 1285/5/1
f 1290/5/1 1286/5/1 1289/5/1
f 1291/4/1 1288/4/1 1287/4/1
f 1292/4/1 1288/4/1 1291/4/1
f 1293/4/1 1290/4/1 1289/4/1
f 1294/4/1 1290/4/1 1293/4/1
f 1299/5/1 1296/5/1 1295/5/1
f 1300/5/1 1296/5/1 1299/5/1
f 1301/5/1 1298/5/1 1297/5/1
f 1302/5/1 1298/5/1 1301/5/1
f 1303/4/1 1300/4/1 1299/4/1
f 1304/4/1 1300/4/1 1303/4/1
f 1305/4/1 1302/4/1 1301/4/1
f 1306/4/1 1302/4/1 1305/4/1
f 1311/5/1 1308/5/1 1307/5/1
f 1312/5/1 1308/5/1 1311/5/1
f 1313/5/1 1310/5/1 1309/5/1
f 1314/5/1 1310/5/1 1313/5/1
f 1315/4/1 1312/4/1 1311/4/1
f 1316/4/1 1312/4/1 1315/4/1
f 1317/4/1 1314/4/1 1313/4/1
f 1318/4/1 1314/4/1 1317/4/1
f 1323/5/1 1320/5/1 1319/5/1
f 1324/5/1 1320/5/1 1323/5/1
f 1325/5/1 1322/5/1 1321/5/1
f 1326/5/1 1322/5/1 1325/5/1
f 1327/4/1 1324/4/1 1323/4/1
f 1328/4/1 1324/4/1 1327/4/1
f 1329/4/1 1326/4/1 1325/4/1
f 1330/4/1 1326/4/1 1329/4/1
f 1335/5/1 1332/5/1 1331/5/1
f 1336/5/1 1332/5/1 1335/5/1
f 1337/5/1 1334/5/1 1333/5/1
f 1338/5/1 1334/5/1 1337/5/1
f 1339/4/1 1336/4/1 1335/4/1
f 1340/4/1 1336/4/1 1339/4/1
f 1341/4/1 1338/4/1 1337/4/1
f 1342/4/1 1338/4/1 1341/4/1
f 1347/5/1 1344/5/1 1343/5/1
f 1348/5/1 1344/5/1 1347/5/1
f 1349/5/1 1346/5/1 1345/5/1
f 1350/5/1 1346/5/1 1349/5/1
f 1351/4/1 1348/4/1 1347/4/1
f 1352/4/1 1348/4/1 1351/4/1
f 1353/4/1 1350/4/1 1349/4/1
f 1354/4/1 1350/4/1 1353/4/1
f 1359/5/1 1356/5/1 1355/5/1
f 1360/5/1 1356/5/1 1359/5/1
f 1361/5/1 1358/5/1 1357/5/1
f 1362/5/1 1358/5/1 1361/5/1
f 1363/4/1 1360/4/1 1359/4/1
f 1364/4/1 1360/4/1 1363/4/1
f 1365/4/1 1362/4/1 1361/4/1
f 1366/4/1 1362/4/1 1365/4/1
f 1371/5/1 1368/5/1 1367/5/1
f 1372/5/1 1368/5/1 1371/5/1
f 1373/5/1 1370/5/1 1369/5/1
f 1374/5/1 1370/5/1 1373/5/1
f 1375/4/1 1372/4/1 1371/4/1
f 1376/4/1 1372/4/1 1375/4/1
f 1377/4/1 1374/4/1 1373/4/1
f 1378/4/1 1374/4/1 1377/4/1
f 1383/5/1 1380/5/1 1379/5/1
f 1384/5/1 1380/5/1 1383/5/1
f 1385/5/1 1382/5/1 1381/5/1
f 1386/5/1 1382/5/1 1385/5/1
f 1387/4/1 1384/4/1 1383/4/1
f 1388/4/1 1384/4/1 1387/4/1
f 1389/4/1 1386/4/1 1385/4/1
f 1390/4/1 1386/4/1 1389/4/1
f 1393/5/1 1392/5/1 1391/5/1
f 1394/5/1 1392/5/1 1393/5/1
f 1395/4/1 1394/4/1 1393/4/1
f 1396/4/1 1394/4/1 1395/4/1
f 1397/5/2 1398/5/2 1403/5/2
f 1398/1/2 1399/1/2 1403/1/2
f 1399/5/2 1400/5/2 1404/5/2
f 1403/1/2 1399/1/2 1404/1/2
f 1400/7/2 1401/7/2 1405/7/2
f 1404/5/2 1400/5/2 1405/5/2
f 1401/5/2 1402/5/2 1406/5/2
f 1405/7/2 1401/7/2 1406/7/2
f 1404/5/2 1405/5/2 1407/5/2
f 1403/5/2 1404/5/2 1407/5/2
f 1405/5/2 1406/5/2 1407/5/2
f 1397/5/2 1403/5/2 1407/5/2
f 1406/5/2 1402/5/2 1408/5/2
f 1407/5/2 1406/5/2 1408/5/2
f 1409/5/2 1410/5/2 1413/5/2
f 1413/5/2 1410/5/2 1414/5/2
f 1411/5/2 1412/5/2 1415/5/2
f 1415/5/2 1412/5/2 1416/5/2
f 1417/5/2 1418/5/2 1421/5/2
f 1421/5/2 1418/5/2 1422/5/2
f 1419/5/2 1420/5/2 1423/5/2
f 1423/5/2 1420/5/2 1424/5/2
f 1425/5/2 1426/5/2 1429/5/2
f 1429/5/2 1426/5/2 1430/5/2
f 1427/5/2 1428/5/2 1431/5/2
f 1431/5/2 1428/5/2 1432/5/2
f 1433/5/2 1434/5/2 1437/5/2
f 1437/5/2 1434/5/2 1438/5/2
f 1435/5/2 1436/5/2 1439/5/2
f 1439/5/2 1436/5/2 1440/5/2
f 1441/5/2 1442/5/2 1445/5/2
f 1445/5/2 1442/5/2 1446/5/2
f 1443/5/2 1444/5/2 1447/5/2
f 1447/5/2 1444/5/2 1448/5/2
f 1449/5/2 1450/5/2 1453/5/2
f 1453/5/2 1450/5/2 1454/5/2
f 1451/5/2 1452/5/2 1455/5/2
f 1455/5/2 1452/5/2 1456/5/2
f 1457/5/2 1458/5/2 1461/5/2
f 1461/5/2 1458/5/2 1462/5/2
f 1459/5/2 1460/5/2 1463/5/2
f 1463/5/2 1460/5/2 1464/5/2
f 1465/5/2 1466/5/2 1469/5/2
f 1469/5/2 1466/5/2 1470/5/2
f 1467/5/2 1468/5/2 1471/5/2
f 1471/5/2 1468/5/2 1472/5/2
f 1473/5/2 1474/5/2 1477/5/2
f 1477/5/2 1474/5/2 1478/5/2
f 1475/5/2 1476/5/2 1479/5/2
f 1479/5/2 1476/5/2 1480/5/2
f 1481/5/2 1482/5/2 1485/5/2
f 1485/5/2 1482/5/2 1486/5/2
f 1483/5/2 1484/5/2 1487/5/2
f 1487/5/2 1484/5/2 1488/5/2
f 1489/5/2 1490/5/2 1493/5/2
f 1493/5/2 1490/5/2 1494/5/2
f 1491/5/2 1492/5/2 1495/5/2
f 1495/5/2 1492/5/2 1496/5/2
f 1497/5/2 1498/5/2 1501/5/2
f 1501/5/2 1498/5/2 1502/5/2
f 1499/5/2 1500/5/2 1503/5/2
f 1503/5/2 1500/5/2 1504/5/2
f 1505/5/2 1506/5/2 1509/5/2
f 1509/5/2 1506/5/2 1510/5/2
f 1507/5/2 1508/5/2 1511/5/2
f 1511/5/2 1508/5/2 1512/5/2
f 1513/5/2 1514/5/2 1517/5/2
f 1517/5/2 1514/5/2 1518/5/2
f 1515/5/2 1516/5/2 1519/5/2
f 1519/5/2 1516/5/2 1520/5/2
f 1521/5/2 1522/5/2 1525/5/2
f 1525/5/2 1522/5/2 1526/5/2
f 1523/5/2 1524/5/2 1527/5/2
f 1527/5/2 1524/5/2 1528/5/2
f 1529/5/2 1530/5/2 1533/5/2
f 1533/5/2 1530/5/2 1534/5/2
f 1531/5/2 1532/5/2 1535/5/2
f 1535/5/2 1532/5/2 1536/5/2
f 1537/5/2 1538/5/2 1541/5/2
f 1541/5/2 1538/5/2 1542/5/2
f 1539/5/2 1540/5/2 1543/5/2
f 1543/5/2 1540/5/2 1544/5/2
f 1545/5/2 1546/5/2 1549/5/2
f 1549/5/2 1546/5/2 1550/5/2
f 1547/5/2 1548/5/2 1551/5/2
f 1551/5/2 1548/5/2 1552/5/2
f 1553/5/2 1554/5/2 1557/5/2
f 1557/5/2 1554/5/2 1558/5/2
f 1555/5/2 1556/5/2 1559/5/2
f 1559/5/2 1556/5/2 1560/5/2
f 1561/5/2 1562/5/2 1565/5/2
f 1565/5/2 1562/5/2 1566/5/2
f 1563/5/2 1564/5/2 1567/5/2
f 1567/5/2 1564/5/2 1568/5/2
f 1569/5/2 1570/5/2 1573/5/2
f 1573/5/2 1570/5/2 1574/5/2
f 1571/5/2 1572/5/2 1575/5/2
f 1575/5/2 1572/5/2 1576/5/2
f 1577/5/2 1578/5/2 1581/5/2
f 1581/5/2 1578/5/2 1582/5/2
f 1579/5/2 1580/5/2 1583/5/2
f 1583/5/2 1580/5/2 1584/5/2
f 1585/5/2 1586/5/2 1587/5/2
f 1587/5/2 1586/5/2 1588/5/2
f 1589/4/2 1590/4/2 1593/4/2
f 1591/4/2 1592/4/2 1594/4/2
f 1593/4/2 1590/4/2 1595/4/2
f 1595/4/2 1590/4/2 1596/4/2
f 1591/4/2 1594/4/2 1597/4/2
f 1597/4/2 1594/4/2 1598/4/2
f 1595/5/2 1596/5/2 1599/5/2
f 1599/5/2 1596/5/2 1600/5/2
f 1597/5/2 1598/5/2 1601/5/2
f 1601/5/2 1598/5/2 1602/5/2
f 1603/5/2 1604/5/2 1607/5/2
f 1607/5/2 1604/5/2 1608/5/2
f 1605/5/2 1606/5/2 1609/5/2
f 1609/5/2 1606/5/2 1610/5/2
f 1611/5/2 1612/5/2 1615/5/2
f 1615/5/2 1612/5/2 1616/5/2
f 1613/5/2 1614/5/2 1617/5/2
f 1617/5/2 1614/5/2 1618/5/2
f 1619/5/2 1620/5/2 1623/5/2
f 1623/5/2 1620/5/2 1624/5/2
f 1621/5/2 1622/5/2 1629/5/2
f 1629/5/2 1622/5/2 1630/5/2
f 1625/5/2 1626/5/2 1631/5/2
f 1631/5/2 1626/5/2 1632/5/2
f 1627/5/2 1628/5/2 1637/5/2
f 1637/5/2 1628/5/2 1638/5/2
f 1633/5/2 1634/5/2 1639/5/2
f 1639/5/2 1634/5/2 1640/5/2
f 1635/5/2 1636/5/2 1641/5/2
f 1641/5/2 1636/5/2 1642/5/2
f 1639/4/2 1640/4/2 1643/4/2
f 1643/4/2 1640/4/2 1644/4/2
f 1641/4/2 1642/4/2 1645/4/2
f 1645/4/2 1642/4/2 1646/4/2
f 1647/5/2 1648/5/2 1651/5/2
f 1651/5/2 1648/5/2 1652/5/2
f 1649/5/2 1650/5/2 1653/5/2
f 1653/5/2 1650/5/2 1654/5/2
f 1655/5/2 1656/5/2 1659/5/2
f 1659/5/2 1656/5/2 1660/5/2
f 1657/5/2 1658/5/2 1661/5/2
f 1661/5/2 1658/5/2 1662/5/2
f 1659/4/2 1660/4/2 1663/4/2
f 1663/4/2 1660/4/2 1664/4/2
f 1661/4/2 1662/4/2 1665/4/2
f 1665/4/2 1662/4/2 1666/4/2
f 1667/5/2 1668/5/2 1671/5/2
f 1671/5/2 1668/5/2 1672/5/2
f 1669/5/2 1670/5/2 1677/5/2
f 1677/5/2 1670/5/2 1678/5/2
f 1673/5/2 1674/5/2 1679/5/2
f 1679/5/2 1674/5/2 1680/5/2
f 1675/5/2 1676/5/2 1681/5/2
f 1681/5/2 1676/5/2 1682/5/2
f 1683/5/2 1684/5/2 1687/5/2
f 1687/5/2 1684/5/2 1688/5/2
f 1685/5/2 1686/5/2 1689/5/2
f 1689/5/2 1686/5/2 1690/5/2
f 1691/5/2 1692/5/2 1695/5/2
f 1695/5/2 1692/5/2 1696/5/2
f 1693/5/2 1694/5/2 1701/5/2
f 1701/5/2 1694/5/2 1702/5/2
f 1697/5/2 1698/5/2 1703/5/2
f 1703/5/2 1698/5/2 1704/5/2
f 1699/5/2 1700/5/2 1705/5/2
f 1705/5/2 1700/5/2 1706/5/2
f 1703/4/2 1704/4/2 1707/4/2
f 1707/4/2 1704/4/2 1708/4/2
f 1705/4/2 1706/4/2 1709/4/2
f 1709/4/2 1706/4/2 1710/4/2
f 1711/5/2 1712/5/2 1715/5/2
f 1715/5/2 1712/5/2 1716/5/2
f 1713/5/2 1714/5/2 1717/5/2
f 1717/5/2 1714/5/2 1718/5/2
f 1719/5/2 1720/5/2 1723/5/2
f 1723/5/2 1720/5/2 1724/5/2
f 1721/5/2 1722/5/2 1725/5/2
f 1725/5/2 1722/5/2 1726/5/2
f 1727/5/2 1728/5/2 1731/5/2
f 1731/5/2 1728/5/2 1732/5/2
f 1729/5/2 1730/5/2 1733/5/2
f 1733/5/2 1730/5/2 1734/5/2
f 1731/4/2 1732/4/2 1735/4/2
f 1735/4/2 1732/4/2 1736/4/2
f 1733/4/2 1734/4/2 1737/4/2
f 1737/4/2 1734/4/2 1738/4/2
f 1739/5/2 1740/5/2 1743/5/2
f 1743/5/2 1740/5/2 1744/5/2
f 1741/5/2 1742/5/2 1745/5/2
f 1745/5/2 1742/5/2 1746/5/2
f 1747/5/2 1748/5/2 1751/5/2
f 1751/5/2 1748/5/2 1752/5/2
f 1749/5/2 1750/5/2 1757/5/2
f 1757/5/2 1750/5/2 1758/5/2
f 1753/5/2 1754/5/2 1759/5/2
f 1759/5/2 1754/5/2 1760/5/2
f 1755/5/2 1756/5/2 1761/5/2
f 1761/5/2 1756/5/2 1762/5/2
f 1763/5/2 1764/5/2 1767/5/2
f 1767/5/2 1764/5/2 1768/5/2
f 1765/5/2 1766/5/2 1769/5/2
f 1769/5/2 1766/5/2 1770/5/2
f 1767/4/2 1768/4/2 1771/4/2
f 1771/4/2 1768/4/2 1772/4/2
f 1769/4/2 1770/4/2 1773/4/2
f 1773/4/2 1770/4/2 1774/4/2
f 1775/5/2 1776/5/2 1779/5/2
f 1779/5/2 1776/5/2 1780/5/2
f 1777/5/2 1778/5/2 1781/5/2
f 1781/5/2 1778/5/2 1782/5/2
f 1783/5/2 1784/5/2 1787/5/2
f 1787/5/2 1784/5/2 1788/5/2
f 1785/5/2 1786/5/2 1789/5/2
f 1789/5/2 1786/5/2 1790/5/2
f 1791/5/2 1792/5/2 1795/5/2
f 1795/5/2 1792/5/2 1796/5/2
f 1793/5/2 1794/5/2 1797/5/2
f 1797/5/2 1794/5/2 1798/5/2
f 1795/4/2 1796/4/2 1799/4/2
f 1799/4/2 1796/4/2 1800/4/2
f 1797/4/2 1798/4/2 1801/4/2
f 1801/4/2 1798/4/2 1802/4/2
f 1803/5/2 1804/5/2 1807/5/2
f 1807/5/2 1804/5/2 1808/5/2
f 1805/5/2 1806/5/2 1809/5/2
f 1809/5/2 1806/5/2 1810/5/2
f 1811/5/2 1812/5/2 1815/5/2
f 1815/5/2 1812/5/2 1816/5/2
f 1813/5/2 1814/5/2 1817/5/2
f 1817/5/2 1814/5/2 1818/5/2
f 1819/5/2 1820/5/2 1823/5/2
f 1823/5/2 1820/5/2 1824/5/2
f 1821/5/2 1822/5/2 1825/5/2
f 1825/5/2 1822/5/2 1826/5/2
f 1827/5/2 1828/5/2 1831/5/2
f 1831/5/2 1828/5/2 1832/5/2
f 1829/5/2 1830/5/2 1833/5/2
f 1833/5/2 1830/5/2 1834/5/2
f 1831/4/2 1832/4/2 1835/4/2
f 1835/4/2 1832/4/2 1836/4/2
f 1833/4/2 1834/4/2 1837/4/2
f 1837/4/2 1834/4/2 1838/4/2
f 1839/5/2 1840/5/2 1843/5/2
f 1843/5/2 1840/5/2 1844/5/2
f 1841/5/2 1842/5/2 1845/5/2
f 1845/5/2 1842/5/2 1846/5/2
f 1847/5/2 1848/5/2 1851/5/2
f 1851/5/2 1848/5/2 1852/5/2
f 1849/5/2 1850/5/2 1857/5/2
f 1857/5/2 1850/5/2 1858/5/2
f 1853/5/2 1854/5/2 1859/5/2
f 1859/5/2 1854/5/2 1860/5/2
f 1855/5/2 1856/5/2 1861/5/2
f 1861/5/2 1856/5/2 1862/5/2
f 1859/4/2 1860/4/2 1863/4/2
f 1863/4/2 1860/4/2 1864/4/2
f 1861/4/2 1862/4/2 1865/4/2
f 1865/4/2 1862/4/2 1866/4/2
f 1867/5/2 1868/5/2 1871/5/2
f 1871/5/2 1868/5/2 1872/5/2
f 1869/5/2 1870/5/2 1877/5/2
f 1877/5/2 1870/5/2 1878/5/2
f 1873/5/2 1874/5/2 1879/5/2
f 1879/5/2 1874/5/2 1880/5/2
f 1875/5/2 1876/5/2 1885/5/2
f 1885/5/2 1876/5/2 1886/5/2
f 1881/5/2 1882/5/2 1887/5/2
f 1887/5/2 1882/5/2 1888/5/2
f 1883/5/2 1884/5/2 1889/5/2
f 1889/5/2 1884/5/2 1890/5/2
f 1887/4/2 1888/4/2 1891/4/2
f 1891/4/2 1888/4/2 1892/4/2
f 1889/4/2 1890/4/2 1893/4/2
f 1893/4/2 1890/4/2 1894/4/2
f 1895/5/2 1896/5/2 1899/5/2
f 1899/5/2 1896/5/2 1900/5/2
f 1897/5/2 1898/5/2 1905/5/2
f 1905/5/2 1898/5/2 1906/5/2
f 1901/5/2 1902/5/2 1907/5/2
f 1907/5/2 1902/5/2 1908/5/2
f 1903/5/2 1904/5/2 1909/5/2
f 1909/5/2 1904/5/2 1910/5/2
f 1911/5/2 1912/5/2 1915/5/2
f 1915/5/2 1912/5/2 1916/5/2
f 1913/5/2 1914/5/2 1921/5/2
f 1921/5/2 1914/5/2 1922/5/2
f 1917/5/2 1918/5/2 1923/5/2
f 1923/5/2 1918/5/2 1924/5/2
f 1919/5/2 1920/5/2 1925/5/2
f 1925/5/2 1920/5/2 1926/5/2
f 1923/4/2 1924/4/2 1927/4/2
f 1927/4/2 1924/4/2 1928/4/2
f 1925/4/2 1926/4/2 1929/4/2
f 1929/4/2 1926/4/2 1930/4/2
f 1931/5/2 1932/5/2 1935/5/2
f 1935/5/2 1932/5/2 1936/5/2
f 1933/5/2 1934/5/2 1941/5/2
f 1941/5/2 1934/5/2 1942/5/2
f 1937/5/2 1938/5/2 1943/5/2
f 1943/5/2 1938/5/2 1944/5/2
f 1939/5/2 1940/5/2 1949/5/2
f 1949/5/2 1940/5/2 1950/5/2
f 1945/5/2 1946/5/2 1951/5/2
f 1951/5/2 1946/5/2 1952/5/2
f 1947/5/2 1948/5/2 1957/5/2
f 1957/5/2 1948/5/2 1958/5/2
f 1953/5/2 1954/5/2 1959/5/2
f 1959/5/2 1954/5/2 1960/5/2
f 1955/5/2 1956/5/2 1961/5/2
f 1961/5/2 1956/5/2 1962/5/2
f 1959/4/2 1960/4/2 1963/4/2
f 1963/4/2 1960/4/2 1964/4/2
f 1961/4/2 1962/4/2 1965/4/2
f 1965/4/2 1962/4/2 1966/4/2
f 1967/5/2 1968/5/2 1971/5/2
f 1971/5/2 1968/5/2 1972/5/2
f 1969/5/2 1970/5/2 1977/5/2
f 1977/5/2 1970/5/2 1978/5/2
f 1973/5/2 1974/5/2 1979/5/2
f 1979/5/2 1974/5/2 1980/5/2
f 1975/5/2 1976/5/2 1985/5/2
f 1985/5/2 1976/5/2 1986/5/2
f 1981/5/2 1982/5/2 1987/5/2
f 1987/5/2 1982/5/2 1988/5/2
f 1983/5/2 1984/5/2 1993/5/2
f 1993/5/2 1984/5/2 1994/5/2
f 1989/5/2 1990/5/2 1995/5/2
f 1995/5/2 1990/5/2 1996/5/2
f 1991/5/2 1992/5/2 1997/5/2
f 1997/5/2 1992/5/2 1998/5/2
f 1995/4/2 1996/4/2 1999/4/2
f 1999/4/2 1996/4/2 2000/4/2
f 1997/4/2 1998/4/2 2001/4/2
f 2001/4/2 1998/4/2 2002/4/2
f 2003/5/2 2004/5/2 2007/5/2
f 2007/5/2 2004/5/2 2008/5/2
f 2005/5/2 2006/5/2 2013/5/2
f 2013/5/2 2006/5/2 2014/5/2
f 2009/5/2 2010/5/2 2015/5/2
f 2015/5/2 2010/5/2 2016/5/2
f 2011/5/2 2012/5/2 2017/5/2
f 2017/5/2 2012/5/2 2018/5/2
f 2015/4/2 2016/4/2 2019/4/2
f 2019/4/2 2016/4/2 2020/4/2
f 2017/4/2 2018/4/2 2021/4/2
f 2021/4/2 2018/4/2 2022/4/2
f 2023/5/2 2024/5/2 2027/5/2
f 2027/5/2 2024/5/2 2028/5/2
f 2025/5/2 2026/5/2 2033/5/2
f 2033/5/2 2026/5/2 2034/5/2
f 2029/5/2 2030/5/2 2035/5/2
f 2035/5/2 2030/5/2 2036/5/2
f 2031/5/2 2032/5/2 2041/5/2
f 2041/5/2 2032/5/2 2042/5/2
f 2037/5/2 2038/5/2 2043/5/2
f 2043/5/2 2038/5/2 2044/5/2
f 2039/5/2 2040/5/2 2049/5/2
f 2049/5/2 2040/5/2 2050/5/2
f 2045/5/2 2046/5/2 2051/5/2
f 2051/5/2 2046/5/2 2052/5/2
f 2047/5/2 2048/5/2 2053/5/2
f 2053/5/2 2048/5/2 2054/5/2
f 2051/4/2 2052/4/2 2055/4/2
f 2055/4/2 2052/4/2 2056/4/2
f 2053/4/2 2054/4/2 2057/4/2
f 2057/4/2 2054/4/2 2058/4/2
f 2059/5/2 2060/5/2 2063/5/2
f 2063/5/2 2060/5/2 2064/5/2
f 2061/5/2 2062/5/2 2069/5/2
f 2069/5/2 2062/5/2 2070/5/2
f 2065/5/2 2066/5/2 2071/5/2
f 2071/5/2 2066/5/2 2072/5/2
f 2067/5/2 2068/5/2 2077/5/2
f 2077/5/2 2068/5/2 2078/5/2
f 2073/5/2 2074/5/2 2079/5/2
f 2079/5/2 2074/5/2 2080/5/2
f 2075/5/2 2076/5/2 2085/5/2
f 2085/5/2 2076/5/2 2086/5/2
f 2081/5/2 2082/5/2 2087/5/2
f 2087/5/2 2082/5/2 2088/5/2
f 2083/5/2 2084/5/2 2089/5/2
f 2089/5/2 2084/5/2 2090/5/2
f 2087/4/2 2088/4/2 2091/4/2
f 2091/4/2 2088/4/2 2092/4/2
f 2089/4/2 2090/4/2 2093/4/2
f 2093/4/2 2090/4/2 2094/4/2
f 2095/5/2 2096/5/2 2099/5/2
f 2099/5/2 2096/5/2 2100/5/2
f 2097/5/2 2098/5/2 2105/5/2
f 2105/5/2 2098/5/2 2106/5/2
f 2101/5/2 2102/5/2 2107/5/2
f 2107/5/2 2102/5/2 2108/5/2
f 2103/5/2 2104/5/2 2113/5/2
f 2113/5/2 2104/5/2 2114/5/2
f 2109/5/2 2110/5/2 2115/5/2
f 2115/5/2 2110/5/2 2116/5/2
f 2111/5/2 2112/5/2 2121/5/2
f 2121/5/2 2112/5/2 2122/5/2
f 2117/5/2 2118/5/2 2123/5/2
f 2123/5/2 2118/5/2 2124/5/2
f 2119/5/2 2120/5/2 2125/5/2
f 2125/5/2 2120/5/2 2126/5/2
f 2123/4/2 2124/4/2 2127/4/2
f 2127/4/2 2124/4/2 2128/4/2
f 2125/4/2 2126/4/2 2129/4/2
f 2129/4/2 2126/4/2 2130/4/2
f 2131/5/2 2132/5/2 2135/5/2
f 2135/5/2 2132/5/2 2136/5/2
f 2133/5/2 2134/5/2 2141/5/2
f 2141/5/2 2134/5/2 2142/5/2
f 2137/5/2 2138/5/2 2143/5/2
f 2143/5/2 2138/5/2 2144/5/2
f 2139/5/2 2140/5/2 2149/5/2
f 2149/5/2 2140/5/2 2150/5/2
f 2145/5/2 2146/5/2 2151/5/2
f 2151/5/2 2146/5/2 2152/5/2
f 2147/5/2 2148/5/2 2153/5/2
f 2153/5/2 2148/5/2 2154/5/2
f 2151/4/2 2152/4/2 2155/4/2
f 2155/4/2 2152/4/2 2156/4/2
f 2153/4/2 2154/4/2 2157/4/2
f 2157/4/2 2154/4/2 2158/4/2
f 2159/5/2 2160/5/2 2163/5/2
f 2163/5/2 2160/5/2 2164/5/2
f 2161/5/2 2162/5/2 2169/5/2
f 2169/5/2 2162/5/2 2170/5/2
f 2165/5/2 2166/5/2 2171/5/2
f 2171/5/2 2166/5/2 2172/5/2
f 2167/5/2 2168/5/2 2177/5/2
f 2177/5/2 2168/5/2 2178/5/2
f 2173/5/2 2174/5/2 2179/5/2
f 2179/5/2 2174/5/2 2180/5/2
f 2175/5/2 2176/5/2 2185/5/2
f 2185/5/2 2176/5/2 2186/5/2
f 2181/5/2 2182/5/2 2187/5/2
f 2187/5/2 2182/5/2 2188/5/2
f 2183/5/2 2184/5/2 2189/5/2
f 2189/5/2 2184/5/2 2190/5/2
f 2187/4/2 2188/4/2 2191/4/2
f 2191/4/2 2188/4/2 2192/4/2
f 2189/4/2 2190/4/2 2193/4/2
f 2193/4/2 2190/4/2 2194/4/2
f 2195/5/2 2196/5/2 2199/5/2
f 2199/5/2 2196/5/2 2200/5/2
f 2197/5/2 2198/5/2 2205/5/2
f 2205/5/2 2198/5/2 2206/5/2
f 2201/5/2 2202/5/2 2207/5/2
f 2207/5/2 2202/5/2 2208/5/2
f 2203/5/2 2204/5/2 2213/5/2
f 2213/5/2 2204/5/2 2214/5/2
f 2209/5/2 2210/5/2 2215/5/2
f 2215/5/2 2210/5/2 2216/5/2
f 2211/5/2 2212/5/2 2221/5/2
f 2221/5/2 2212/5/2 2222/5/2
f 2217/5/2 2218/5/2 2223/5/2
f 2223/5/2 2218/5/2 2224/5/2
f 2219/5/2 2220/5/2 2225/5/2
f 2225/5/2 2220/5/2 2226/5/2
f 2223/4/2 2224/4/2 2227/4/2
f 2227/4/2 2224/4/2 2228/4/2
f 2225/4/2 2226/4/2 2229/4/2
f 2229/4/2 2226/4/2 2230/4/2
f 2231/5/2 2232/5/2 2235/5/2
f 2235/5/2 2232/5/2 2236/5/2
f 2233/5/2 2234/5/2 2241/5/2
f 2241/5/2 2234/5/2 2242/5/2
f 2237/5/2 2238/5/2 2243/5/2
f 2243/5/2 2238/5/2 2244/5/2
f 2239/5/2 2240/5/2 2249/5/2
f 2249/5/2 2240/5/2 2250/5/2
f 2245/5/2 2246/5/2 2251/5/2
f 2251/5/2 2246/5/2 2252/5/2
f 2247/5/2 2248/5/2 2257/5/2
f 2257/5/2 2248/5/2 2258/5/2
f 2253/5/2 2254/5/2 2259/5/2
f 2259/5/2 2254/5/2 2260/5/2
f 2255/5/2 2256/5/2 2261/5/2
f 2261/5/2 2256/5/2 2262/5/2
f 2259/4/2 2260/4/2 2263/4/2
f 2263/4/2 2260/4/2 2264/4/2
f 2261/4/2 2262/4/2 2265/4/2
f 2265/4/2 2262/4/2 2266/4/2
f 2267/5/2 2268/5/2 2271/5/2
f 2271/5/2 2268/5/2 2272/5/2
f 2269/5/2 2270/5/2 2277/5/2
f 2277/5/2 2270/5/2 2278/5/2
f 2273/5/2 2274/5/2 2279/5/2
f 2279/5/2 2274/5/2 2280/5/2
f 2275/5/2 2276/5/2 2285/5/2
f 2285/5/2 2276/5/2 2286/5/2
f 2281/5/2 2282/5/2 2287/5/2
f 2287/5/2 2282/5/2 2288/5/2
f 2283/5/2 2284/5/2 2293/5/2
f 2293/5/2 2284/5/2 2294/5/2
f 2289/5/2 2290/5/2 2295/5/2
f 2295/5/2 2290/5/2 2296/5/2
f 2291/5/2 2292/5/2 2297/5/2
f 2297/5/2 2292/5/2 2298/5/2
f 2295/4/2 2296/4/2 2299/4/2
f 2299/4/2 2296/4/2 2300/4/2
f 2297/4/2 2298/4/2 2301/4/2
f 2301/4/2 2298/4/2 2302/4/2
f 2303/5/2 2304/5/2 2307/5/2
f 2307/5/2 2304/5/2 2308/5/2
f 2305/5/2 2306/5/2 2313/5/2
f 2313/5/2 2306/5/2 2314/5/2
f 2309/5/2 2310/5/2 2315/5/2
f 2315/5/2 2310/5/2 2316/5/2
f 2311/5/2 2312/5/2 2321/5/2
f 2321/5/2 2312/5/2 2322/5/2
f 2317/5/2 2318/5/2 2323/5/2
f 2323/5/2 2318/5/2 2324/5/2
f 2319/5/2 2320/5/2 2329/5/2
f 2329/5/2 2320/5/2 2330/5/2
f 2325/5/2 2326/5/2 2331/5/2
f 2331/5/2 2326/5/2 2332/5/2
f 2327/5/2 2328/5/2 2333/5/2
f 2333/5/2 2328/5/2 2334/5/2
f 2331/4/2 2332/4/2 2335/4/2
f 2335/4/2 2332/4/2 2336/4/2
f 2333/4/2 2334/4/2 2337/4/2
f 2337/4/2 2334/4/2 2338/4/2
f 2339/5/2 2340/5/2 2343/5/2
f 2343/5/2 2340/5/2 2344/5/2
f 2341/5/2 2342/5/2 2349/5/2
f 2349/5/2 2342/5/2 2350/5/2
f 2345/5/2 2346/5/2 2351/5/2
f 2351/5/2 2346/5/2 2352/5/2
f 2347/5/2 2348/5/2 2357/5/2
f 2357/5/2 2348/5/2 2358/5/2
f 2353/5/2 2354/5/2 2359/5/2
f 2359/5/2 2354/5/2 2360/5/2
f 2355/5/2 2356/5/2 2365/5/2
f 2365/5/2 2356/5/2 2366/5/2
f 2361/5/2 2362/5/2 2367/5/2
f 2367/5/2 2362/5/2 2368/5/2
f 2363/5/2 2364/5/2 2369/5/2
f 2369/5/2 2364/5/2 2370/5/2
f 2367/4/2 2368/4/2 2371/4/2
f 2371/4/2 2368/4/2 2372/4/2
f 2369/4/2 2370/4/2 2373/4/2
f 2373/4/2 2370/4/2 2374/4/2
f 2375/5/2 2376/5/2 2379/5/2
f 2379/5/2 2376/5/2 2380/5/2
f 2377/5/2 2378/5/2 2385/5/2
f 2385/5/2 2378/5/2 2386/5/2
f 2381/5/2 2382/5/2 2387/5/2
f 2387/5/2 2382/5/2 2388/5/2
f 2383/5/2 2384/5/2 2393/5/2
f 2393/5/2 2384/5/2 2394/5/2
f 2389/5/2 2390/5/2 2395/5/2
f 2395/5/2 2390/5/2 2396/5/2
f 2391/5/2 2392/5/2 2401/5/2
f 2401/5/2 2392/5/2 2402/5/2
f 2399/5/2 2400/5/2 2403/5/2
f 2397/5/2 2398/5/2 2403/5/2
f 2398/5/2 2399/5/2 2403/5/2
f 2403/5/2 2400/5/2 2404/5/2
f 2397/5/2 2403/5/2 2405/5/2
f 2403/7/2 2404/7/2 2405/7/2
f 2404/5/2 2400/5/2 2406/5/2
f 2405/7/2 2404/7/2 2406/7/2
f 2397/5/2 2405/5/2 2407/5/2
f 2405/5/2 2406/5/2 2407/5/2
f 2407/5/2 2406/5/2 2408/5/2
f 2408/5/2 2406/5/2 2409/5/2
f 2406/5/2 2400/5/2 2410/5/2
f 2409/5/2 2406/5/2 2410/5/2
f 2397/5/2 2407/5/2 2411/5/2
f 2407/1/2 2408/1/2 2411/1/2
f 2408/5/2 2409/5/2 2412/5/2
f 2411/1/2 2408/1/2 2412/1/2
f 2397/5/2 2411/5/2 2413/5/2
f 2411/5/2 2412/5/2 2413/5/2
f 2412/5/2 2409/5/2 2414/5/2
f 2413/5/2 2412/5/2 2414/5/2
f 2397/5/2 2413/5/2 2415/5/2
f 2413/2/2 2414/2/2 2415/2/2
f 2414/5/2 2409/5/2 2416/5/2
f 2415/2/2 2414/2/2 2416/2/2
f 2409/2/2 2410/2/2 2417/2/2
f 2416/5/2 2409/5/2 2417/5/2
f 2410/5/2 2400/5/2 2418/5/2
f 2417/2/2 2410/2/2 2418/2/2
f 2397/5/2 2415/5/2 2419/5/2
f 2416/5/2 2417/5/2 2419/5/2
f 2417/5/2 2418/5/2 2419/5/2
f 2415/5/2 2416/5/2 2419/5/2
f 2418/5/2 2400/5/2 2420/5/2
f 2419/5/2 2418/5/2 2420/5/2
f 2419/4/2 2420/4/2 2421/4/2
f 2421/4/2 2420/4/2 2422/4/2
f 2423/5/2 2424/5/2 2427/5/2
f 2427/5/2 2424/5/2 2428/5/2
f 2425/5/2 2426/5/2 2433/5/2
f 2433/5/2 2426/5/2 2434/5/2
f 2429/5/2 2430/5/2 2435/5/2
f 2435/5/2 2430/5/2 2436/5/2
f 2431/5/2 2432/5/2 2441/5/2
f 2441/5/2 2432/5/2 2442/5/2
f 2437/5/2 2438/5/2 2443/5/2
f 2443/5/2 2438/5/2 2444/5/2
f 2439/5/2 2440/5/2 2445/5/2
f 2445/5/2 2440/5/2 2446/5/2
f 2447/5/2 2448/5/2 2451/5/2
f 2451/5/2 2448/5/2 2452/5/2
f 2449/5/2 2450/5/2 2457/5/2
f 2457/5/2 2450/5/2 2458/5/2
f 2453/5/2 2454/5/2 2459/5/2
f 2459/5/2 2454/5/2 2460/5/2
f 2455/5/2 2456/5/2 2465/5/2
f 2465/5/2 2456/5/2 2466/5/2
f 2461/5/2 2462/5/2 2467/5/2
f 2467/5/2 2462/5/2 2468/5/2
f 2463/5/2 2464/5/2 2469/5/2
f 2469/5/2 2464/5/2 2470/5/2
f 2471/5/2 2472/5/2 2475/5/2
f 2475/5/2 2472/5/2 2476/5/2
f 2473/5/2 2474/5/2 2481/5/2
f 2481/5/2 2474/5/2 2482/5/2
f 2477/5/2 2478/5/2 2483/5/2
f 2483/5/2 2478/5/2 2484/5/2
f 2479/5/2 2480/5/2 2489/5/2
f 2489/5/2 2480/5/2 2490/5/2
f 2485/5/2 2486/5/2 2491/5/2
f 2491/5/2 2486/5/2 2492/5/2
f 2487/5/2 2488/5/2 2493/5/2
f 2493/5/2 2488/5/2 2494/5/2
f 2495/5/2 2496/5/2 2499/5/2
f 2499/5/2 2496/5/2 2500/5/2
f 2497/5/2 2498/5/2 2505/5/2
f 2505/5/2 2498/5/2 2506/5/2
f 2501/5/2 2502/5/2 2507/5/2
f 2507/5/2 2502/5/2 2508/5/2
f 2503/5/2 2504/5/2 2513/5/2
f 2513/5/2 2504/5/2 2514/5/2
f 2509/5/2 2510/5/2 2515/5/2
f 2510/3/2 2511/3/2 2516/3/2
f 2515/5/2 2510/5/2 2516/5/2
f 2511/5/2 2512/5/2 2517/5/2
f 2516/3/2 2511/3/2 2517/3/2
f 2517/5/2 2512/5/2 2518/5/2
f 2519/5/2 2520/5/2 2523/5/2
f 2523/5/2 2520/5/2 2524/5/2
f 2521/5/2 2522/5/2 2529/5/2
f 2529/5/2 2522/5/2 2530/5/2
f 2525/5/2 2526/5/2 2531/5/2
f 2531/5/2 2526/5/2 2532/5/2
f 2527/5/2 2528/5/2 2533/5/2
f 2533/5/2 2528/5/2 2534/5/2
f 2535/5/2 2536/5/2 2539/5/2
f 2539/5/2 2536/5/2 2540/5/2
f 2537/5/2 2538/5/2 2545/5/2
f 2545/5/2 2538/5/2 2546/5/2
f 2541/5/2 2542/5/2 2547/5/2
f 2547/5/2 2542/5/2 2548/5/2
f 2543/5/2 2544/5/2 2549/5/2
f 2549/5/2 2544/5/2 2550/5/2
f 2551/5/2 2552/5/2 2555/5/2
f 2555/5/2 2552/5/2 2556/5/2
f 2553/5/2 2554/5/2 2561/5/2
f 2561/5/2 2554/5/2 2562/5/2
f 2557/5/2 2558/5/2 2563/5/2
f 2563/5/2 2558/5/2 2564/5/2
f 2559/5/2 2560/5/2 2565/5/2
f 2565/5/2 2560/5/2 2566/5/2
f 2567/5/2 2568/5/2 2571/5/2
f 2571/5/2 2568/5/2 2572/5/2
f 2569/5/2 2570/5/2 2577/5/2
f 2577/5/2 2570/5/2 2578/5/2
f 2573/5/2 2574/5/2 2579/5/2
f 2574/3/2 2575/3/2 2580/3/2
f 2579/5/2 2574/5/2 2580/5/2
f 2575/5/2 2576/5/2 2581/5/2
f 2580/3/2 2575/3/2 2581/3/2
f 2581/5/2 2576/5/2 2582/5/2
f 2583/5/2 2584/5/2 2587/5/2
f 2587/5/2 2584/5/2 2588/5/2
f 2585/5/2 2586/5/2 2589/5/2
f 2589/5/2 2586/5/2 2590/5/2
f 2591/5/2 2592/5/2 2595/5/2
f 2595/5/2 2592/5/2 2596/5/2
f 2593/5/2 2594/5/2 2597/5/2
f 2597/5/2 2594/5/2 2598/5/2
f 2599/5/2 2600/5/2 2603/5/2
f 2603/5/2 2600/5/2 2604/5/2
f 2601/5/2 2602/5/2 2605/5/2
f 2605/5/2 2602/5/2 2606/5/2
f 2607/5/2 2608/5/2 2611/5/2
f 2608/3/2 2609/3/2 2612/3/2
f 2611/5/2 2608/5/2 2612/5/2
f 2609/5/2 2610/5/2 2613/5/2
f 2612/3/2 2609/3/2 2613/3/2
f 2613/5/2 2610/5/2 2614/5/2
f 2617/5/3 2616/5/3 2615/5/3
f 2618/5/3 2616/5/3 2617/5/3
f 2619/3/3 2618/3/3 2617/3/3
f 2620/3/3 2618/3/3 2619/3/3
f 2621/5/3 2620/5/3 2619/5/3
f 2622/5/3 2620/5/3 2621/5/3
f 2625/5/3 2624/5/3 2623/5/3
f 2626/5/3 2624/5/3 2625/5/3
f 2629/5/3 2628/5/3 2627/5/3
f 2630/5/3 2628/5/3 2629/5/3
f 2633/5/3 2632/5/3 2631/5/3
f 2634/5/3 2632/5/3 2633/5/3
f 2637/5/3 2636/5/3 2635/5/3
f 2638/5/3 2636/5/3 2637/5/3
f 2641/5/3 2640/5/3 2639/5/3
f 2642/5/3 2640/5/3 2641/5/3
f 2645/5/3 2644/5/3 2643/5/3
f 2646/5/3 2644/5/3 2645/5/3
f 2649/5/3 2648/5/3 2647/5/3
f 2650/5/3 2648/5/3 2649/5/3
f 2653/5/3 2652/5/3 2651/5/3
f 2654/5/3 2652/5/3 2653/5/3
f 2655/3/3 2654/3/3 2653/3/3
f 2656/3/3 2654/3/3 2655/3/3
f 2657/5/3 2656/5/3 2655/5/3
f 2658/5/3 2656/5/3 2657/5/3
f 2661/5/3 2660/5/3 2659/5/3
f 2662/5/3 2660/5/3 2661/5/3
f 2665/5/3 2664/5/3 2663/5/3
f 2666/5/3 2664/5/3 2665/5/3
f 2669/5/3 2668/5/3 2667/5/3
f 2670/5/3 2668/5/3 2669/5/3
f 2673/5/3 2672/5/3 2671/5/3
f 2674/5/3 2672/5/3 2673/5/3
f 2677/5/3 2676/5/3 2675/5/3
f 2678/5/3 2676/5/3 2677/5/3
f 2681/5/3 2680/5/3 2679/5/3
f 2682/5/3 2680/5/3 2681/5/3
f 2685/5/3 2684/5/3 2683/5/3
f 2686/5/3 2684/5/3 2685/5/3
f 2689/5/3 2688/5/3 2687/5/3
f 2690/5/3 2688/5/3 2689/5/3
f 2693/5/3 2692/5/3 2691/5/3
f 2694/5/3 2692/5/3 2693/5/3
f 2697/5/3 2696/5/3 2695/5/3
f 2698/5/3 2696/5/3 2697/5/3
f 2701/5/3 2700/5/3 2699/5/3
f 2702/5/3 2700/5/3 2701/5/3
f 2705/5/3 2704/5/3 2703/5/3
f 2706/5/3 2704/5/3 2705/5/3
f 2709/5/3 2708/5/3 2707/5/3
f 2710/5/3 2708/5/3 2709/5/3
f 2713/5/3 2712/5/3 2711/5/3
f 2714/5/3 2712/5/3 2713/5/3
f 2717/5/3 2716/5/3 2715/5/3
f 2718/5/3 2716/5/3 2717/5/3
f 2721/5/3 2720/5/3 2719/5/3
f 2722/5/3 2720/5/3 2721/5/3
f 2723/3/3 2722/3/3 2721/3/3
f 2724/3/3 2722/3/3 2723/3/3
f 2725/5/3 2724/5/3 2723/5/3
f 2726/5/3 2724/5/3 2725/5/3
f 2729/5/3 2728/5/3 2727/5/3
f 2730/5/3 2728/5/3 2729/5/3
f 2733/5/3 2732/5/3 2731/5/3
f 2734/5/3 2732/5/3 2733/5/3
f 2737/5/3 2736/5/3 2735/5/3
f 2738/5/3 2736/5/3 2737/5/3
f 2741/5/3 2740/5/3 2739/5/3
f 2742/5/3 2740/5/3 2741/5/3
f 2745/5/3 2744/5/3 2743/5/3
f 2746/5/3 2744/5/3 2745/5/3
f 2749/5/3 2748/5/3 2747/5/3
f 2750/5/3 2748/5/3 2749/5/3
f 2753/5/3 2752/5/3 2751/5/3
f 2754/5/3 2752/5/3 2753/5/3
f 2757/5/3 2756/5/3 2755/5/3
f 2758/5/3 2756/5/3 2757/5/3
f 2761/5/3 2760/5/3 2759/5/3
f 2762/5/3 2760/5/3 2761/5/3
f 2765/5/3 2764/5/3 2763/5/3
f 2766/5/3 2764/5/3 2765/5/3
f 2769/5/3 2768/5/3 2767/5/3
f 2770/5/3 2768/5/3 2769/5/3
f 2773/5/3 2772/5/3 2771/5/3
f 2774/5/3 2772/5/3 2773/5/3
f 2777/5/3 2776/5/3 2775/5/3
f 2778/5/3 2776/5/3 2777/5/3
f 2781/5/3 2780/5/3 2779/5/3
f 2782/5/3 2780/5/3 2781/5/3
f 2785/5/3 2784/5/3 2783/5/3
f 2786/5/3 2784/5/3 2785/5/3
f 2789/5/3 2788/5/3 2787/5/3
f 2790/5/3 2788/5/3 2789/5/3
f 2793/5/3 2792/5/3 2791/5/3
f 2794/5/3 2792/5/3 2793/5/3
f 2797/5/3 2796/5/3 2795/5/3
f 2798/5/3 2796/5/3 2797/5/3
f 2799/5/3 2797/5/3 2795/5/3
f 2800/5/3 2796/5/3 2798/5/3
f 2801/5/3 2799/5/3 2795/5/3
f 2801/5/3 2800/5/3 2799/5/3
f 2802/5/3 2796/5/3 2800/5/3
f 2802/5/3 2800/5/3 2801/5/3
f 2805/5/3 2804/5/3 2803/5/3
f 2806/5/3 2804/5/3 2805/5/3
f 2809/5/3 2808/5/3 2807/5/3
f 2810/5/3 2808/5/3 2809/5/3
f 2813/5/3 2812/5/3 2811/5/3
f 2814/5/3 2812/5/3 2813/5/3
f 2817/5/3 2816/5/3 2815/5/3
f 2818/5/3 2816/5/3 2817/5/3
f 2821/5/3 2820/5/3 2819/5/3
f 2822/5/3 2820/5/3 2821/5/3
f 2825/5/3 2824/5/3 2823/5/3
f 2826/5/3 2824/5/3 2825/5/3
f 2830/5/3 2828/5/3 2827/5/3
f 2831/4/3 2829/4/3 2828/4/3
f 2831/5/3 2828/5/3 2830/5/3
f 2832/4/3 2829/4/3 2831/4/3
f 2835/7/3 2834/7/3 2833/7/3
f 2836/7/3 2834/7/3 2835/7/3
f 2837/7/3 2834/7/3 2836/7/3
f 2838/7/3 2834/7/3 2837/7/3
f 2839/5/3 2830/5/3 2827/5/3
f 2840/5/3 2830/5/3 2839/5/3
f 2841/7/3 2837/7/3 2836/7/3
f 2841/6/3 2838/6/3 2837/6/3
f 2842/7/3 2834/7/3 2838/7/3
f 2842/6/3 2838/6/3 2841/6/3
f 2843/7/3 2841/7/3 2836/7/3
f 2843/7/3 2842/7/3 2841/7/3
f 2844/7/3 2834/7/3 2842/7/3
f 2844/7/3 2842/7/3 2843/7/3
f 2845/7/3 2835/7/3 2833/7/3
f 2845/6/3 2836/6/3 2835/6/3
f 2846/7/3 2843/7/3 2836/7/3
f 2846/6/3 2836/6/3 2845/6/3
f 2847/6/3 2844/6/3 2843/6/3
f 2847/7/3 2843/7/3 2846/7/3
f 2848/7/3 2834/7/3 2844/7/3
f 2848/6/3 2844/6/3 2847/6/3
f 2849/7/3 2845/7/3 2833/7/3
f 2849/7/3 2847/7/3 2846/7/3
f 2849/7/3 2848/7/3 2847/7/3
f 2849/7/3 2846/7/3 2845/7/3
f 2850/7/3 2834/7/3 2848/7/3
f 2850/7/3 2848/7/3 2849/7/3
f 2851/5/3 2830/5/3 2840/5/3
f 2852/5/3 2832/5/3 2831/5/3
f 2853/5/3 2851/5/3 2840/5/3
f 2853/5/3 2852/5/3 2851/5/3
f 2854/4/3 2829/4/3 2832/4/3
f 2854/5/3 2852/5/3 2853/5/3
f 2854/5/3 2832/5/3 2852/5/3
f 2855/4/3 2829/4/3 2854/4/3
f 2858/5/3 2857/5/3 2856/5/3
f 2859/5/3 2857/5/3 2858/5/3
f 2862/5/3 2861/5/3 2860/5/3
f 2863/5/3 2861/5/3 2862/5/3
f 2866/5/3 2865/5/3 2864/5/3
f 2867/5/3 2865/5/3 2866/5/3
f 2870/5/3 2869/5/3 2868/5/3
f 2871/5/3 2869/5/3 2870/5/3
f 2874/5/3 2873/5/3 2872/5/3
f 2875/5/3 2873/5/3 2874/5/3
f 2878/5/3 2877/5/3 2876/5/3
f 2879/5/3 2877/5/3 2878/5/3
f 2884/5/3 2881/5/3 2880/5/3
f 2884/4/3 2882/4/3 2881/4/3
f 2885/4/3 2882/4/3 2884/4/3
f 2886/5/3 2883/5/3 2882/5/3
f 2886/4/3 2882/4/3 2885/4/3
f 2887/5/3 2883/5/3 2886/5/3
f 2888/5/3 2883/5/3 2887/5/3
f 2889/5/3 2883/5/3 2888/5/3
f 2890/5/3 2885/5/3 2884/5/3
f 2890/4/3 2886/4/3 2885/4/3
f 2890/4/3 2887/4/3 2886/4/3
f 2891/4/3 2887/4/3 2890/4/3
f 2892/5/3 2888/5/3 2887/5/3
f 2892/4/3 2887/4/3 2891/4/3
f 2893/5/3 2888/5/3 2892/5/3
f 2894/5/3 2888/5/3 2893/5/3
f 2896/5/3 2891/5/3 2890/5/3
f 2896/4/3 2892/4/3 2891/4/3
f 2896/4/3 2893/4/3 2892/4/3
f 2897/4/3 2893/4/3 2896/4/3
f 2898/5/3 2895/5/3 2894/5/3
f 2898/4/3 2893/4/3 2897/4/3
f 2898/5/3 2894/5/3 2893/5/3
f 2899/5/3 2895/5/3 2898/5/3
f 2900/5/3 2884/5/3 2880/5/3
f 2900/5/3 2897/5/3 2896/5/3
f 2900/5/3 2890/5/3 2884/5/3
f 2900/5/3 2896/5/3 2890/5/3
f 2901/4/3 2899/4/3 2898/4/3
f 2901/5/3 2897/5/3 2900/5/3
f 2901/4/3 2898/4/3 2897/4/3
f 2902/4/3 2899/4/3 2901/4/3
f 2903/5/3 2895/5/3 2899/5/3
f 2903/4/3 2899/4/3 2902/4/3
f 2904/5/3 2895/5/3 2903/5/3
f 2908/5/3 2906/5/3 2905/5/3
f 2909/4/3 2907/4/3 2906/4/3
f 2909/5/3 2906/5/3 2908/5/3
f 2910/4/3 2907/4/3 2909/4/3
f 2913/5/3 2912/5/3 2911/5/3
f 2914/5/3 2912/5/3 2913/5/3
f 2917/5/3 2916/5/3 2915/5/3
f 2918/5/3 2916/5/3 2917/5/3
f 2921/5/3 2920/5/3 2919/5/3
f 2922/5/3 2920/5/3 2921/5/3
f 2925/5/3 2924/5/3 2923/5/3
f 2926/5/3 2924/5/3 2925/5/3
f 2929/5/3 2928/5/3 2927/5/3
f 2930/5/3 2928/5/3 2929/5/3
f 2933/5/3 2932/5/3 2931/5/3
f 2934/5/3 2932/5/3 2933/5/3
f 2939/4/3 2937/4/3 2936/4/3
f 2939/5/3 2938/5/3 2937/5/3
f 2940/5/3 2938/5/3 2939/5/3
f 2941/5/3 2936/5/3 2935/5/3
f 2941/4/3 2939/4/3 2936/4/3
f 2941/4/3 2940/4/3 2939/4/3
f 2942/4/3 2940/4/3 2941/4/3
f 2943/5/3 2938/5/3 2940/5/3
f 2943/4/3 2940/4/3 2942/4/3
f 2944/5/3 2938/5/3 2943/5/3
f 2945/5/3 2942/5/3 2941/5/3
f 2945/5/3 2941/5/3 2935/5/3
f 2946/4/3 2944/4/3 2943/4/3
f 2946/5/3 2942/5/3 2945/5/3
f 2946/4/3 2943/4/3 2942/4/3
f 2947/4/3 2944/4/3 2946/4/3
f 2948/5/3 2938/5/3 2944/5/3
f 2948/4/3 2944/4/3 2947/4/3
f 2949/5/3 2938/5/3 2948/5/3
f 2950/5/3 2938/5/3 2949/5/3
f 2954/5/3 2952/5/3 2951/5/3
f 2955/4/3 2953/4/3 2952/4/3
f 2955/5/3 2952/5/3 2954/5/3
f 2956/4/3 2953/4/3 2955/4/3
f 2959/5/3 2958/5/3 2957/5/3
f 2960/5/3 2958/5/3 2959/5/3
f 2963/5/3 2962/5/3 2961/5/3
f 2964/5/3 2962/5/3 2963/5/3
f 2967/5/3 2966/5/3 2965/5/3
f 2968/5/3 2966/5/3 2967/5/3
f 2971/5/3 2970/5/3 2969/5/3
f 2972/5/3 2970/5/3 2971/5/3
f 2975/5/3 2974/5/3 2973/5/3
f 2976/5/3 2974/5/3 2975/5/3
f 2979/5/3 2978/5/3 2977/5/3
f 2980/5/3 2978/5/3 2979/5/3
f 2985/5/3 2982/5/3 2981/5/3
f 2986/4/3 2983/4/3 2982/4/3
f 2986/5/3 2982/5/3 2985/5/3
f 2987/5/3 2984/5/3 2983/5/3
f 2987/4/3 2983/4/3 2986/4/3
f 2988/5/3 2984/5/3 2987/5/3
f 2992/5/3 2990/5/3 2989/5/3
f 2993/4/3 2991/4/3 2990/4/3
f 2993/5/3 2990/5/3 2992/5/3
f 2994/4/3 2991/4/3 2993/4/3
f 2997/5/3 2996/5/3 2995/5/3
f 2998/5/3 2996/5/3 2997/5/3
f 3001/5/3 3000/5/3 2999/5/3
f 3002/5/3 3000/5/3 3001/5/3
f 3005/5/3 3004/5/3 3003/5/3
f 3006/5/3 3004/5/3 3005/5/3
f 3009/5/3 3008/5/3 3007/5/3
f 3010/5/3 3008/5/3 3009/5/3
f 3013/5/3 3012/5/3 3011/5/3
f 3014/5/3 3012/5/3 3013/5/3
f 3017/5/3 3016/5/3 3015/5/3
f 3018/5/3 3016/5/3 3017/5/3
f 3023/5/3 3020/5/3 3019/5/3
f 3024/4/3 3021/4/3 3020/4/3
f 3024/5/3 3020/5/3 3023/5/3
f 3025/5/3 3022/5/3 3021/5/3
f 3025/4/3 3021/4/3 3024/4/3
f 3026/5/3 3022/5/3 3025/5/3
f 3030/5/3 3028/5/3 3027/5/3
f 3031/4/3 3029/4/3 3028/4/3
f 3031/5/3 3028/5/3 3030/5/3
f 3032/4/3 3029/4/3 3031/4/3
f 3035/5/3 3034/5/3 3033/5/3
f 3036/5/3 3034/5/3 3035/5/3
f 3039/5/3 3038/5/3 3037/5/3
f 3040/5/3 3038/5/3 3039/5/3
f 3043/5/3 3042/5/3 3041/5/3
f 3044/5/3 3042/5/3 3043/5/3
f 3047/5/3 3046/5/3 3045/5/3
f 3048/5/3 3046/5/3 3047/5/3
f 3051/5/3 3050/5/3 3049/5/3
f 3052/5/3 3050/5/3 3051/5/3
f 3055/5/3 3054/5/3 3053/5/3
f 3056/5/3 3054/5/3 3055/5/3
f 3061/5/3 3058/5/3 3057/5/3
f 3062/4/3 3059/4/3 3058/4/3
f 3062/5/3 3058/5/3 3061/5/3
f 3063/5/3 3060/5/3 3059/5/3
f 3063/4/3 3059/4/3 3062/4/3
f 3064/5/3 3060/5/3 3063/5/3
f 3068/5/3 3066/5/3 3065/5/3
f 3069/4/3 3067/4/3 3066/4/3
f 3069/5/3 3066/5/3 3068/5/3
f 3070/4/3 3067/4/3 3069/4/3
f 3073/5/3 3072/5/3 3071/5/3
f 3074/5/3 3072/5/3 3073/5/3
f 3077/5/3 3076/5/3 3075/5/3
f 3078/5/3 3076/5/3 3077/5/3
f 3081/5/3 3080/5/3 3079/5/3
f 3082/5/3 3080/5/3 3081/5/3
f 3085/5/3 3084/5/3 3083/5/3
f 3086/5/3 3084/5/3 3085/5/3
f 3089/5/3 3088/5/3 3087/5/3
f 3090/5/3 3088/5/3 3089/5/3
f 3093/5/3 3092/5/3 3091/5/3
f 3094/5/3 3092/5/3 3093/5/3
f 3099/5/3 3096/5/3 3095/5/3
f 3100/4/3 3097/4/3 3096/4/3
f 3100/5/3 3096/5/3 3099/5/3
f 3101/5/3 3098/5/3 3097/5/3
f 3101/4/3 3097/4/3 3100/4/3
f 3102/5/3 3098/5/3 3101/5/3
f 3106/5/3 3104/5/3 3103/5/3
f 3107/4/3 3105/4/3 3104/4/3
f 3107/5/3 3104/5/3 3106/5/3
f 3108/4/3 3105/4/3 3107/4/3
f 3111/5/3 3110/5/3 3109/5/3
f 3112/5/3 3110/5/3 3111/5/3
f 3115/5/3 3114/5/3 3113/5/3
f 3116/5/3 3114/5/3 3115/5/3
f 3119/5/3 3118/5/3 3117/5/3
f 3120/5/3 3118/5/3 3119/5/3
f 3123/5/3 3122/5/3 3121/5/3
f 3124/5/3 3122/5/3 3123/5/3
f 3127/5/3 3126/5/3 3125/5/3
f 3128/5/3 3126/5/3 3127/5/3
f 3133/5/3 3130/5/3 3129/5/3
f 3134/4/3 3131/4/3 3130/4/3
f 3134/5/3 3130/5/3 3133/5/3
f 3135/5/3 3132/5/3 3131/5/3
f 3135/4/3 3131/4/3 3134/4/3
f 3136/5/3 3132/5/3 3135/5/3
f 3140/5/3 3138/5/3 3137/5/3
f 3141/4/3 3139/4/3 3138/4/3
f 3141/5/3 3138/5/3 3140/5/3
f 3142/4/3 3139/4/3 3141/4/3
f 3145/5/3 3144/5/3 3143/5/3
f 3146/5/3 3144/5/3 3145/5/3
f 3149/5/3 3148/5/3 3147/5/3
f 3150/5/3 3148/5/3 3149/5/3
f 3153/5/3 3152/5/3 3151/5/3
f 3154/5/3 3152/5/3 3153/5/3
f 3157/5/3 3156/5/3 3155/5/3
f 3158/5/3 3156/5/3 3157/5/3
f 3161/5/3 3160/5/3 3159/5/3
f 3162/5/3 3160/5/3 3161/5/3
f 3167/5/3 3164/5/3 3163/5/3
f 3168/4/3 3165/4/3 3164/4/3
f 3168/5/3 3164/5/3 3167/5/3
f 3169/5/3 3166/5/3 3165/5/3
f 3169/4/3 3165/4/3 3168/4/3
f 3170/5/3 3166/5/3 3169/5/3
f 3174/5/3 3172/5/3 3171/5/3
f 3175/4/3 3173/4/3 3172/4/3
f 3175/5/3 3172/5/3 3174/5/3
f 3176/4/3 3173/4/3 3175/4/3
f 3179/5/3 3178/5/3 3177/5/3
f 3180/5/3 3178/5/3 3179/5/3
f 3183/5/3 3182/5/3 3181/5/3
f 3184/5/3 3182/5/3 3183/5/3
f 3187/5/3 3186/5/3 3185/5/3
f 3188/5/3 3186/5/3 3187/5/3
f 3191/5/3 3190/5/3 3189/5/3
f 3192/5/3 3190/5/3 3191/5/3
f 3195/5/3 3194/5/3 3193/5/3
f 3196/5/3 3194/5/3 3195/5/3
f 3199/5/3 3198/5/3 3197/5/3
f 3200/5/3 3198/5/3 3199/5/3
f 3205/5/3 3202/5/3 3201/5/3
f 3206/4/3 3203/4/3 3202/4/3
f 3206/5/3 3202/5/3 3205/5/3
f 3207/5/3 3204/5/3 3203/5/3
f 3207/4/3 3203/4/3 3206/4/3
f 3208/5/3 3204/5/3 3207/5/3
f 3212/5/3 3210/5/3 3209/5/3
f 3213/4/3 3211/4/3 3210/4/3
f 3213/5/3 3210/5/3 3212/5/3
f 3214/4/3 3211/4/3 3213/4/3
f 3217/5/3 3216/5/3 3215/5/3
f 3218/5/3 3216/5/3 3217/5/3
f 3221/5/3 3220/5/3 3219/5/3
f 3222/5/3 3220/5/3 3221/5/3
f 3225/5/3 3224/5/3 3223/5/3
f 3226/5/3 3224/5/3 3225/5/3
f 3229/5/3 3228/5/3 3227/5/3
f 3230/5/3 3228/5/3 3229/5/3
f 3233/5/3 3232/5/3 3231/5/3
f 3234/5/3 3232/5/3 3233/5/3
f 3237/5/3 3236/5/3 3235/5/3
f 3238/5/3 3236/5/3 3237/5/3
f 3243/5/3 3240/5/3 3239/5/3
f 3244/4/3 3241/4/3 3240/4/3
f 3244/5/3 3240/5/3 3243/5/3
f 3245/5/3 3242/5/3 3241/5/3
f 3245/4/3 3241/4/3 3244/4/3
f 3246/5/3 3242/5/3 3245/5/3
f 3250/5/3 3248/5/3 3247/5/3
f 3251/4/3 3249/4/3 3248/4/3
f 3251/5/3 3248/5/3 3250/5/3
f 3252/4/3 3249/4/3 3251/4/3
f 3255/5/3 3254/5/3 3253/5/3
f 3256/5/3 3254/5/3 3255/5/3
f 3259/5/3 3258/5/3 3257/5/3
f 3260/5/3 3258/5/3 3259/5/3
f 3263/5/3 3262/5/3 3261/5/3
f 3264/5/3 3262/5/3 3263/5/3
f 3267/5/3 3266/5/3 3265/5/3
f 3268/5/3 3266/5/3 3267/5/3
f 3273/5/3 3270/5/3 3269/5/3
f 3274/4/3 3271/4/3 3270/4/3
f 3274/5/3 3270/5/3 3273/5/3
f 3275/5/3 3272/5/3 3271/5/3
f 3275/4/3 3271/4/3 3274/4/3
f 3276/5/3 3272/5/3 3275/5/3
f 3280/5/3 3278/5/3 3277/5/3
f 3281/4/3 3279/4/3 3278/4/3
f 3281/5/3 3278/5/3 3280/5/3
f 3282/4/3 3279/4/3 3281/4/3
f 3285/5/3 3284/5/3 3283/5/3
f 3286/5/3 3284/5/3 3285/5/3
f 3289/5/3 3288/5/3 3287/5/3
f 3290/5/3 3288/5/3 3289/5/3
f 3293/5/3 3292/5/3 3291/5/3
f 3294/5/3 3292/5/3 3293/5/3
f 3297/5/3 3296/5/3 3295/5/3
f 3298/5/3 3296/5/3 3297/5/3
f 3303/5/3 3300/5/3 3299/5/3
f 3304/4/3 3301/4/3 3300/4/3
f 3304/5/3 3300/5/3 3303/5/3
f 3305/5/3 3302/5/3 3301/5/3
f 3305/4/3 3301/4/3 3304/4/3
f 3306/5/3 3302/5/3 3305/5/3
f 3310/5/3 3308/5/3 3307/5/3
f 3311/4/3 3309/4/3 3308/4/3
f 3311/5/3 3308/5/3 3310/5/3
f 3312/4/3 3309/4/3 3311/4/3
f 3315/5/3 3314/5/3 3313/5/3
f 3316/5/3 3314/5/3 3315/5/3
f 3319/5/3 3318/5/3 3317/5/3
f 3320/5/3 3318/5/3 3319/5/3
f 3323/5/3 3322/5/3 3321/5/3
f 3324/5/3 3322/5/3 3323/5/3
f 3327/5/3 3326/5/3 3325/5/3
f 3328/5/3 3326/5/3 3327/5/3
f 3331/5/3 3330/5/3 3329/5/3
f 3332/5/3 3330/5/3 3331/5/3
f 3335/5/3 3334/5/3 3333/5/3
f 3336/5/3 3334/5/3 3335/5/3
f 3341/5/3 3338/5/3 3337/5/3
f 3342/4/3 3339/4/3 3338/4/3
f 3342/5/3 3338/5/3 3341/5/3
f 3343/5/3 3340/5/3 3339/5/3
f 3343/4/3 3339/4/3 3342/4/3
f 3344/5/3 3340/5/3 3343/5/3
f 3348/5/3 3346/5/3 3345/5/3
f 3349/4/3 3347/4/3 3346/4/3
f 3349/5/3 3346/5/3 3348/5/3
f 3350/4/3 3347/4/3 3349/4/3
f 3353/5/3 3352/5/3 3351/5/3
f 3354/5/3 3352/5/3 3353/5/3
f 3357/5/3 3356/5/3 3355/5/3
f 3358/5/3 3356/5/3 3357/5/3
f 3361/5/3 3360/5/3 3359/5/3
f 3362/5/3 3360/5/3 3361/5/3
f 3365/5/3 3364/5/3 3363/5/3
f 3366/5/3 3364/5/3 3365/5/3
f 3371/5/3 3368/5/3 3367/5/3
f 3372/4/3 3369/4/3 3368/4/3
f 3372/5/3 3368/5/3 3371/5/3
f 3373/5/3 3370/5/3 3369/5/3
f 3373/4/3 3369/4/3 3372/4/3
f 3374/5/3 3370/5/3 3373/5/3
f 3378/5/3 3376/5/3 3375/5/3
f 3379/4/3 3377/4/3 3376/4/3
f 3379/5/3 3376/5/3 3378/5/3
f 3380/4/3 3377/4/3 3379/4/3
f 3383/5/3 3382/5/3 3381/5/3
f 3384/5/3 3382/5/3 3383/5/3
f 3387/5/3 3386/5/3 3385/5/3
f 3388/5/3 3386/5/3 3387/5/3
f 3391/5/3 3390/5/3 3389/5/3
f 3392/5/3 3390/5/3 3391/5/3
f 3395/5/3 3394/5/3 3393/5/3
f 3396/5/3 3394/5/3 3395/5/3
f 3399/5/3 3398/5/3 3397/5/3
f 3400/5/3 3398/5/3 3399/5/3
f 3403/5/3 3402/5/3 3401/5/3
f 3404/5/3 3402/5/3 3403/5/3
f 3407/5/3 3406/5/3 3405/5/3
f 3408/5/3 3406/5/3 3407/5/3
f 3413/5/3 3410/5/3 3409/5/3
f 3414/4/3 3411/4/3 3410/4/3
f 3414/5/3 3410/5/3 3413/5/3
f 3415/5/3 3412/5/3 3411/5/3
f 3415/4/3 3411/4/3 3414/4/3
f 3416/5/3 3412/5/3 3415/5/3
f 3420/5/3 3418/5/3 3417/5/3
f 3421/4/3 3419/4/3 3418/4/3
f 3421/5/3 3418/5/3 3420/5/3
f 3422/4/3 3419/4/3 3421/4/3
f 3425/5/3 3424/5/3 3423/5/3
f 3426/5/3 3424/5/3 3425/5/3
f 3429/5/3 3428/5/3 3427/5/3
f 3430/5/3 3428/5/3 3429/5/3
f 3433/5/3 3432/5/3 3431/5/3
f 3434/5/3 3432/5/3 3433/5/3
f 3437/5/3 3436/5/3 3435/5/3
f 3438/5/3 3436/5/3 3437/5/3
f 3443/5/3 3440/5/3 3439/5/3
f 3444/4/3 3441/4/3 3440/4/3
f 3444/5/3 3440/5/3 3443/5/3
f 3445/5/3 3442/5/3 3441/5/3
f 3445/4/3 3441/4/3 3444/4/3
f 3446/5/3 3442/5/3 3445/5/3
f 3450/5/3 3448/5/3 3447/5/3
f 3451/4/3 3449/4/3 3448/4/3
f 3451/5/3 3448/5/3 3450/5/3
f 3452/4/3 3449/4/3 3451/4/3
f 3455/5/3 3454/5/3 3453/5/3
f 3456/5/3 3454/5/3 3455/5/3
f 3459/5/3 3458/5/3 3457/5/3
f 3460/5/3 3458/5/3 3459/5/3
f 3463/5/3 3462/5/3 3461/5/3
f 3464/5/3 3462/5/3 3463/5/3
f 3469/5/3 3466/5/3 3465/5/3
f 3470/4/3 3467/4/3 3466/4/3
f 3470/5/3 3466/5/3 3469/5/3
f 3471/5/3 3468/5/3 3467/5/3
f 3471/4/3 3467/4/3 3470/4/3
f 3472/5/3 3468/5/3 3471/5/3
f 3476/5/3 3474/5/3 3473/5/3
f 3477/4/3 3475/4/3 3474/4/3
f 3477/5/3 3474/5/3 3476/5/3
f 3478/4/3 3475/4/3 3477/4/3
f 3481/5/3 3480/5/3 3479/5/3
f 3482/5/3 3480/5/3 3481/5/3
f 3485/5/3 3484/5/3 3483/5/3
f 3486/5/3 3484/5/3 3485/5/3
f 3489/5/3 3488/5/3 3487/5/3
f 3490/5/3 3488/5/3 3489/5/3
f 3493/5/3 3492/5/3 3491/5/3
f 3494/5/3 3492/5/3 3493/5/3
f 3497/5/3 3496/5/3 3495/5/3
f 3498/5/3 3496/5/3 3497/5/3
f 3501/5/3 3500/5/3 3499/5/3
f 3502/5/3 3500/5/3 3501/5/3
f 3507/5/3 3504/5/3 3503/5/3
f 3508/4/3 3505/4/3 3504/4/3
f 3508/5/3 3504/5/3 3507/5/3
f 3509/5/3 3506/5/3 3505/5/3
f 3509/4/3 3505/4/3 3508/4/3
f 3510/5/3 3506/5/3 3509/5/3
f 3514/5/3 3512/5/3 3511/5/3
f 3515/4/3 3513/4/3 3512/4/3
f 3515/5/3 3512/5/3 3514/5/3
f 3516/4/3 3513/4/3 3515/4/3
f 3519/5/3 3518/5/3 3517/5/3
f 3520/5/3 3518/5/3 3519/5/3
f 3523/5/3 3522/5/3 3521/5/3
f 3524/5/3 3522/5/3 3523/5/3
f 3527/5/3 3526/5/3 3525/5/3
f 3528/5/3 3526/5/3 3527/5/3
f 3531/5/3 3530/5/3 3529/5/3
f 3532/5/3 3530/5/3 3531/5/3
f 3535/5/3 3534/5/3 3533/5/3
f 3536/5/3 3534/5/3 3535/5/3
f 3541/5/3 3538/5/3 3537/5/3
f 3542/4/3 3539/4/3 3538/4/3
f 3542/5/3 3538/5/3 3541/5/3
f 3543/5/3 3540/5/3 3539/5/3
f 3543/4/3 3539/4/3 3542/4/3
f 3544/5/3 3540/5/3 3543/5/3
f 3548/5/3 3546/5/3 3545/5/3
f 3549/4/3 3547/4/3 3546/4/3
f 3549/5/3 3546/5/3 3548/5/3
f 3550/4/3 3547/4/3 3549/4/3
f 3553/5/3 3552/5/3 3551/5/3
f 3554/5/3 3552/5/3 3553/5/3
f 3557/5/3 3556/5/3 3555/5/3
f 3558/5/3 3556/5/3 3557/5/3
f 3561/5/3 3560/5/3 3559/5/3
f 3562/5/3 3560/5/3 3561/5/3
f 3565/5/3 3564/5/3 3563/5/3
f 3566/5/3 3564/5/3 3565/5/3
f 3569/5/3 3568/5/3 3567/5/3
f 3570/5/3 3568/5/3 3569/5/3
f 3575/5/3 3572/5/3 3571/5/3
f 3576/4/3 3573/4/3 3572/4/3
f 3576/5/3 3572/5/3 3575/5/3
f 3577/5/3 3574/5/3 3573/5/3
f 3577/4/3 3573/4/3 3576/4/3
f 3578/5/3 3574/5/3 3577/5/3
f 3582/5/3 3580/5/3 3579/5/3
f 3583/4/3 3581/4/3 3580/4/3
f 3583/5/3 3580/5/3 3582/5/3
f 3584/4/3 3581/4/3 3583/4/3
f 3587/5/3 3586/5/3 3585/5/3
f 3588/5/3 3586/5/3 3587/5/3
f 3591/5/3 3590/5/3 3589/5/3
f 3592/5/3 3590/5/3 3591/5/3
f 3595/5/3 3594/5/3 3593/5/3
f 3596/5/3 3594/5/3 3595/5/3
f 3599/5/3 3598/5/3 3597/5/3
f 3600/5/3 3598/5/3 3599/5/3
f 3605/5/3 3602/5/3 3601/5/3
f 3606/4/3 3603/4/3 3602/4/3
f 3606/5/3 3602/5/3 3605/5/3
f 3607/5/3 3604/5/3 3603/5/3
f 3607/4/3 3603/4/3 3606/4/3
f 3608/5/3 3604/5/3 3607/5/3
f 3612/5/3 3610/5/3 3609/5/3
f 3613/4/3 3611/4/3 3610/4/3
f 3613/5/3 3610/5/3 3612/5/3
f 3614/4/3 3611/4/3 3613/4/3
f 3617/5/3 3616/5/3 3615/5/3
f 3618/5/3 3616/5/3 3617/5/3
f 3621/5/3 3620/5/3 3619/5/3
f 3622/5/3 3620/5/3 3621/5/3
f 3625/5/3 3624/5/3 3623/5/3
f 3626/5/3 3624/5/3 3625/5/3
f 3629/5/3 3628/5/3 3627/5/3
f 3630/5/3 3628/5/3 3629/5/3
f 3633/5/3 3632/5/3 3631/5/3
f 3634/5/3 3632/5/3 3633/5/3
f 3637/5/3 3636/5/3 3635/5/3
f 3638/5/3 3636/5/3 3637/5/3
f 3641/5/3 3640/5/3 3639/5/3
f 3642/5/3 3640/5/3 3641/5/3
f 3647/5/3 3644/5/3 3643/5/3
f 3648/4/3 3645/4/3 3644/4/3
f 3648/5/3 3644/5/3 3647/5/3
f 3649/5/3 3646/5/3 3645/5/3
f 3649/4/3 3645/4/3 3648/4/3
f 3650/5/3 3646/5/3 3649/5/3
f 3654/5/3 3652/5/3 3651/5/3
f 3655/4/3 3653/4/3 3652/4/3
f 3655/5/3 3652/5/3 3654/5/3
f 3656/4/3 3653/4/3 3655/4/3
f 3659/5/3 3658/5/3 3657/5/3
f 3660/5/3 3658/5/3 3659/5/3
f 3663/5/3 3662/5/3 3661/5/3
f 3664/5/3 3662/5/3 3663/5/3
f 3667/5/3 3666/5/3 3665/5/3
f 3668/5/3 3666/5/3 3667/5/3
f 3671/5/3 3670/5/3 3669/5/3
f 3672/5/3 3670/5/3 3671/5/3
f 3677/5/3 3674/5/3 3673/5/3
f 3678/4/3 3675/4/3 3674/4/3
f 3678/5/3 3674/5/3 3677/5/3
f 3679/5/3 3676/5/3 3675/5/3
f 3679/4/3 3675/4/3 3678/4/3
f 3680/5/3 3676/5/3 3679/5/3
f 3684/5/3 3682/5/3 3681/5/3
f 3685/4/3 3683/4/3 3682/4/3
f 3685/5/3 3682/5/3 3684/5/3
f 3686/4/3 3683/4/3 3685/4/3
f 3689/5/3 3688/5/3 3687/5/3
f 3690/5/3 3688/5/3 3689/5/3
f 3693/5/3 3692/5/3 3691/5/3
f 3694/5/3 3692/5/3 3693/5/3
f 3697/5/3 3696/5/3 3695/5/3
f 3698/5/3 3696/5/3 3697/5/3
f 3702/5/3 3700/5/3 3699/5/3
f 3703/4/3 3701/4/3 3700/4/3
f 3703/5/3 3700/5/3 3702/5/3
f 3704/4/3 3701/4/3 3703/4/3
f 3707/5/3 3706/5/3 3705/5/3
f 3708/5/3 3706/5/3 3707/5/3
f 3712/5/3 3710/5/3 3709/5/3
f 3713/4/3 3711/4/3 3710/4/3
f 3713/5/3 3710/5/3 3712/5/3
f 3714/4/3 3711/4/3 3713/4/3
f 3717/5/3 3716/5/3 3715/5/3
f 3718/5/3 3716/5/3 3717/5/3
f 3722/5/3 3720/5/3 3719/5/3
f 3723/4/3 3721/4/3 3720/4/3
f 3723/5/3 3720/5/3 3722/5/3
f 3724/4/3 3721/4/3 3723/4/3
f 3727/5/3 3726/5/3 3725/5/3
f 3728/5/3 3726/5/3 3727/5/3
f 3732/5/3 3730/5/3 3729/5/3
f 3733/4/3 3731/4/3 3730/4/3
f 3733/5/3 3730/5/3 3732/5/3
f 3734/4/3 3731/4/3 3733/4/3
f 3737/5/3 3736/5/3 3735/5/3
f 3738/5/3 3736/5/3 3737/5/3
f 3742/5/3 3740/5/3 3739/5/3
f 3743/4/3 3741/4/3 3740/4/3
f 3743/5/3 3740/5/3 3742/5/3
f 3744/4/3 3741/4/3 3743/4/3
f 3747/5/3 3746/5/3 3745/5/3
f 3748/5/3 3746/5/3 3747/5/3
f 3752/5/3 3750/5/3 3749/5/3
f 3753/4/3 3751/4/3 3750/4/3
f 3753/5/3 3750/5/3 3752/5/3
f 3754/4/3 3751/4/3 3753/4/3
f 3757/5/3 3756/5/3 3755/5/3
f 3758/5/3 3756/5/3 3757/5/3
f 3762/5/3 3760/5/3 3759/5/3
f 3763/4/3 3761/4/3 3760/4/3
f 3763/5/3 3760/5/3 3762/5/3
f 3764/4/3 3761/4/3 3763/4/3
f 3767/5/3 3766/5/3 3765/5/3
f 3768/5/3 3766/5/3 3767/5/3
f 3772/5/3 3770/5/3 3769/5/3
f 3773/4/3 3771/4/3 3770/4/3
f 3773/5/3 3770/5/3 3772/5/3
f 3774/4/3 3771/4/3 3773/4/3
f 3777/5/3 3776/5/3 3775/5/3
f 3778/5/3 3776/5/3 3777/5/3
f 3782/5/3 3780/5/3 3779/5/3
f 3783/4/3 3781/4/3 3780/4/3
f 3783/5/3 3780/5/3 3782/5/3
f 3784/4/3 3781/4/3 3783/4/3
f 3787/5/3 3786/5/3 3785/5/3
f 3788/5/3 3786/5/3 3787/5/3
f 3792/5/3 3790/5/3 3789/5/3
f 3793/4/3 3791/4/3 3790/4/3
f 3793/5/3 3790/5/3 3792/5/3
f 3794/4/3 3791/4/3 3793/4/3
f 3797/5/3 3796/5/3 3795/5/3
f 3798/5/3 3796/5/3 3797/5/3
f 3802/5/3 3800/5/3 3799/5/3
f 3803/4/3 3801/4/3 3800/4/3
f 3803/5/3 3800/5/3 3802/5/3
f 3804/4/3 3801/4/3 3803/4/3
f 3807/5/3 3806/5/3 3805/5/3
f 3808/5/3 3806/5/3 3807/5/3
f 3812/5/3 3810/5/3 3809/5/3
f 3813/4/3 3811/4/3 3810/4/3
f 3813/5/3 3810/5/3 3812/5/3
f 3814/4/3 3811/4/3 3813/4/3
f 3817/5/3 3816/5/3 3815/5/3
f 3818/5/3 3816/5/3 3817/5/3
f 3822/5/3 3820/5/3 3819/5/3
f 3823/4/3 3821/4/3 3820/4/3
f 3823/5/3 3820/5/3 3822/5/3
f 3824/4/3 3821/4/3 3823/4/3
f 3827/5/3 3826/5/3 3825/5/3
f 3828/5/3 3826/5/3 3827/5/3
f 3832/5/3 3830/5/3 3829/5/3
f 3833/4/3 3831/4/3 3830/4/3
f 3833/5/3 3830/5/3 3832/5/3
f 3834/4/3 3831/4/3 3833/4/3
f 3837/5/3 3836/5/3 3835/5/3
f 3838/5/3 3836/5/3 3837/5/3
f 3842/5/3 3840/5/3 3839/5/3
f 3843/4/3 3841/4/3 3840/4/3
f 3843/5/3 3840/5/3 3842/5/3
f 3844/4/3 3841/4/3 3843/4/3
f 3847/5/3 3846/5/3 3845/5/3
f 3848/5/3 3846/5/3 3847/5/3
f 3852/5/3 3850/5/3 3849/5/3
f 3853/4/3 3851/4/3 3850/4/3
f 3853/5/3 3850/5/3 3852/5/3
f 3854/4/3 3851/4/3 3853/4/3
f 3857/5/3 3856/5/3 3855/5/3
f 3858/5/3 3856/5/3 3857/5/3
f 3862/5/3 3860/5/3 3859/5/3
f 3863/4/3 3861/4/3 3860/4/3
f 3863/5/3 3860/5/3 3862/5/3
f 3864/4/3 3861/4/3 3863/4/3
f 3867/5/3 3866/5/3 3865/5/3
f 3868/5/3 3866/5/3 3867/5/3
f 3872/5/3 3870/5/3 3869/5/3
f 3873/4/3 3871/4/3 3870/4/3
f 3873/5/3 3870/5/3 3872/5/3
f 3874/4/3 3871/4/3 3873/4/3
f 3877/5/3 3876/5/3 3875/5/3
f 3878/5/3 3876/5/3 3877/5/3
f 3882/5/3 3880/5/3 3879/5/3
f 3883/4/3 3881/4/3 3880/4/3
f 3883/5/3 3880/5/3 3882/5/3
f 3884/4/3 3881/4/3 3883/4/3
f 3887/5/3 3886/5/3 3885/5/3
f 3888/5/3 3886/5/3 3887/5/3
f 3892/5/3 3890/5/3 3889/5/3
f 3893/4/3 3891/4/3 3890/4/3
f 3893/5/3 3890/5/3 3892/5/3
f 3894/4/3 3891/4/3 3893/4/3
f 3897/5/3 3896/5/3 3895/5/3
f 3898/5/3 3896/5/3 3897/5/3
f 3902/5/3 3900/5/3 3899/5/3
f 3903/4/3 3901/4/3 3900/4/3
f 3903/5/3 3900/5/3 3902/5/3
f 3904/4/3 3901/4/3 3903/4/3
f 3907/5/3 3906/5/3 3905/5/3
f 3908/5/3 3906/5/3 3907/5/3
f 3912/5/3 3910/5/3 3909/5/3
f 3913/4/3 3911/4/3 3910/4/3
f 3913/5/3 3910/5/3 3912/5/3
f 3914/4/3 3911/4/3 3913/4/3
f 3917/5/3 3916/5/3 3915/5/3
f 3918/5/3 3916/5/3 3917/5/3
f 3919/4/3 3918/4/3 3917/4/3
f 3919/5/3 3916/5/3 3918/5/3
f 3920/5/3 3916/5/3 3919/5/3
f 3921/4/3 3919/4/3 3917/4/3
f 3921/4/3 3920/4/3 3919/4/3
f 3922/5/3 3916/5/3 3920/5/3
f 3922/4/3 3920/4/3 3921/4/3
f 3923/5/3 3916/5/3 3922/5/3
f 3927/5/3 3925/5/3 3924/5/3
f 3928/4/3 3926/4/3 3925/4/3
f 3928/5/3 3925/5/3 3927/5/3
f 3929/4/3 3926/4/3 3928/4/3
f 3934/5/3 3931/5/3 3930/5/3
f 3934/4/3 3933/4/3 3932/4/3
f 3934/4/3 3932/4/3 3931/4/3
f 3935/4/3 3933/4/3 3934/4/3
f 3936/5/3 3934/5/3 3930/5/3
f 3936/5/3 3935/5/3 3934/5/3
f 3937/4/3 3933/4/3 3935/4/3
f 3937/5/3 3935/5/3 3936/5/3
f 3938/4/3 3933/4/3 3937/4/3
f 3939/5/4 3940/5/4 3943/5/4
f 3941/4/4 3942/4/4 3943/4/4
f 3940/4/4 3941/4/4 3943/4/4
f 3943/4/4 3942/4/4 3944/4/4
f 3939/5/4 3943/5/4 3945/5/4
f 3943/5/4 3944/5/4 3945/5/4
f 3944/4/4 3942/4/4 3946/4/4
f 3945/5/4 3944/5/4 3946/5/4
f 3946/4/4 3942/4/4 3947/4/4
f 3948/5/4 3949/5/4 3950/5/4
f 3950/5/4 3949/5/4 3951/5/4
f 3948/5/4 3950/5/4 3952/5/4
f 3952/5/4 3950/5/4 3953/5/4
f 3953/5/4 3950/5/4 3954/5/4
f 3952/4/4 3953/4/4 3956/4/4
f 3954/5/4 3955/5/4 3956/5/4
f 3953/5/4 3954/5/4 3956/5/4
f 3956/5/4 3955/5/4 3957/5/4
f 3952/4/4 3956/4/4 3958/4/4
f 3956/4/4 3957/4/4 3958/4/4
f 3957/5/4 3955/5/4 3959/5/4
f 3958/4/4 3957/4/4 3959/4/4
f 3959/5/4 3955/5/4 3960/5/4
f 3961/5/4 3962/5/4 3964/5/4
f 3962/4/4 3963/4/4 3965/4/4
f 3964/5/4 3962/5/4 3965/5/4
f 3965/4/4 3963/4/4 3966/4/4
f 3967/5/4 3968/5/4 3969/5/4
f 3969/5/4 3968/5/4 3970/5/4
f 3971/5/4 3972/5/4 3974/5/4
f 3972/4/4 3973/4/4 3975/4/4
f 3974/5/4 3972/5/4 3975/5/4
f 3975/4/4 3973/4/4 3976/4/4
f 3977/5/4 3978/5/4 3979/5/4
f 3979/5/4 3978/5/4 3980/5/4
f 3981/5/4 3982/5/4 3984/5/4
f 3982/4/4 3983/4/4 3985/4/4
f 3984/5/4 3982/5/4 3985/5/4
f 3985/4/4 3983/4/4 3986/4/4
f 3987/5/4 3988/5/4 3989/5/4
f 3989/5/4 3988/5/4 3990/5/4
f 3991/5/4 3992/5/4 3994/5/4
f 3992/4/4 3993/4/4 3995/4/4
f 3994/5/4 3992/5/4 3995/5/4
f 3995/4/4 3993/4/4 3996/4/4
f 3997/5/4 3998/5/4 3999/5/4
f 3999/5/4 3998/5/4 4000/5/4
f 4001/5/4 4002/5/4 4004/5/4
f 4002/4/4 4003/4/4 4005/4/4
f 4004/5/4 4002/5/4 4005/5/4
f 4005/4/4 4003/4/4 4006/4/4
f 4007/5/4 4008/5/4 4009/5/4
f 4009/5/4 4008/5/4 4010/5/4
f 4011/5/4 4012/5/4 4014/5/4
f 4012/4/4 4013/4/4 4015/4/4
f 4014/5/4 4012/5/4 4015/5/4
f 4015/4/4 4013/4/4 4016/4/4
f 4017/5/4 4018/5/4 4019/5/4
f 4019/5/4 4018/5/4 4020/5/4
f 4021/5/4 4022/5/4 4024/5/4
f 4022/4/4 4023/4/4 4025/4/4
f 4024/5/4 4022/5/4 4025/5/4
f 4025/4/4 4023/4/4 4026/4/4
f 4027/5/4 4028/5/4 4029/5/4
f 4029/5/4 4028/5/4 4030/5/4
f 4031/5/4 4032/5/4 4034/5/4
f 4032/4/4 4033/4/4 4035/4/4
f 4034/5/4 4032/5/4 4035/5/4
f 4035/4/4 4033/4/4 4036/4/4
f 4037/5/4 4038/5/4 4039/5/4
f 4039/5/4 4038/5/4 4040/5/4
f 4041/5/4 4042/5/4 4044/5/4
f 4042/4/4 4043/4/4 4045/4/4
f 4044/5/4 4042/5/4 4045/5/4
f 4045/4/4 4043/4/4 4046/4/4
f 4047/5/4 4048/5/4 4049/5/4
f 4049/5/4 4048/5/4 4050/5/4
f 4051/5/4 4052/5/4 4054/5/4
f 4052/4/4 4053/4/4 4055/4/4
f 4054/5/4 4052/5/4 4055/5/4
f 4055/4/4 4053/4/4 4056/4/4
f 4057/5/4 4058/5/4 4059/5/4
f 4059/5/4 4058/5/4 4060/5/4
f 4061/5/4 4062/5/4 4064/5/4
f 4062/4/4 4063/4/4 4065/4/4
f 4064/5/4 4062/5/4 4065/5/4
f 4065/4/4 4063/4/4 4066/4/4
f 4067/5/4 4068/5/4 4069/5/4
f 4069/5/4 4068/5/4 4070/5/4
f 4071/5/4 4072/5/4 4074/5/4
f 4072/4/4 4073/4/4 4075/4/4
f 4074/5/4 4072/5/4 4075/5/4
f 4075/4/4 4073/4/4 4076/4/4
f 4077/5/4 4078/5/4 4079/5/4
f 4079/5/4 4078/5/4 4080/5/4
f 4081/5/4 4082/5/4 4084/5/4
f 4082/4/4 4083/4/4 4085/4/4
f 4084/5/4 4082/5/4 4085/5/4
f 4085/4/4 4083/4/4 4086/4/4
f 4087/5/4 4088/5/4 4089/5/4
f 4089/5/4 4088/5/4 4090/5/4
f 4091/5/4 4092/5/4 4094/5/4
f 4092/4/4 4093/4/4 4095/4/4
f 4094/5/4 4092/5/4 4095/5/4
f 4095/4/4 4093/4/4 4096/4/4
f 4097/5/4 4098/5/4 4099/5/4
f 4099/5/4 4098/5/4 4100/5/4
f 4101/5/4 4102/5/4 4104/5/4
f 4102/4/4 4103/4/4 4105/4/4
f 4104/5/4 4102/5/4 4105/5/4
f 4105/4/4 4103/4/4 4106/4/4
f 4107/5/4 4108/5/4 4109/5/4
f 4109/5/4 4108/5/4 4110/5/4
f 4111/5/4 4112/5/4 4114/5/4
f 4112/4/4 4113/4/4 4115/4/4
f 4114/5/4 4112/5/4 4115/5/4
f 4115/4/4 4113/4/4 4116/4/4
f 4117/5/4 4118/5/4 4119/5/4
f 4119/5/4 4118/5/4 4120/5/4
f 4121/5/4 4122/5/4 4124/5/4
f 4122/4/4 4123/4/4 4125/4/4
f 4124/5/4 4122/5/4 4125/5/4
f 4125/4/4 4123/4/4 4126/4/4
f 4127/5/4 4128/5/4 4129/5/4
f 4129/5/4 4128/5/4 4130/5/4
f 4131/5/4 4132/5/4 4134/5/4
f 4132/4/4 4133/4/4 4135/4/4
f 4134/5/4 4132/5/4 4135/5/4
f 4135/4/4 4133/4/4 4136/4/4
f 4137/5/4 4138/5/4 4139/5/4
f 4139/5/4 4138/5/4 4140/5/4
f 4141/5/4 4142/5/4 4144/5/4
f 4142/4/4 4143/4/4 4145/4/4
f 4144/5/4 4142/5/4 4145/5/4
f 4145/4/4 4143/4/4 4146/4/4
f 4147/5/4 4148/5/4 4149/5/4
f 4149/5/4 4148/5/4 4150/5/4
f 4151/5/4 4152/5/4 4154/5/4
f 4152/4/4 4153/4/4 4155/4/4
f 4154/5/4 4152/5/4 4155/5/4
f 4155/4/4 4153/4/4 4156/4/4
f 4157/5/4 4158/5/4 4159/5/4
f 4159/5/4 4158/5/4 4160/5/4
f 4161/5/4 4162/5/4 4164/5/4
f 4162/4/4 4163/4/4 4165/4/4
f 4164/5/4 4162/5/4 4165/5/4
f 4165/4/4 4163/4/4 4166/4/4
f 4167/5/4 4168/5/4 4169/5/4
f 4169/5/4 4168/5/4 4170/5/4
f 4171/5/4 4172/5/4 4174/5/4
f 4172/4/4 4173/4/4 4175/4/4
f 4174/5/4 4172/5/4 4175/5/4
f 4175/4/4 4173/4/4 4176/4/4
f 4177/5/4 4178/5/4 4179/5/4
f 4179/5/4 4178/5/4 4180/5/4
f 4181/5/4 4182/5/4 4184/5/4
f 4182/4/4 4183/4/4 4185/4/4
f 4184/5/4 4182/5/4 4185/5/4
f 4185/4/4 4183/4/4 4186/4/4
f 4187/5/4 4188/5/4 4189/5/4
f 4189/5/4 4188/5/4 4190/5/4
f 4191/5/4 4192/5/4 4193/5/4
f 4193/5/4 4192/5/4 4194/5/4
f 4195/5/4 4196/5/4 4199/5/4
f 4196/4/4 4197/4/4 4200/4/4
f 4199/5/4 4196/5/4 4200/5/4
f 4197/5/4 4198/5/4 4201/5/4
f 4200/4/4 4197/4/4 4201/4/4
f 4201/5/4 4198/5/4 4202/5/4
f 4203/5/4 4204/5/4 4206/5/4
f 4204/4/4 4205/4/4 4207/4/4
f 4206/5/4 4204/5/4 4207/5/4
f 4207/4/4 4205/4/4 4208/4/4
f 4209/5/4 4210/5/4 4211/5/4
f 4211/5/4 4210/5/4 4212/5/4
f 4213/5/4 4214/5/4 4215/5/4
f 4215/5/4 4214/5/4 4216/5/4
f 4217/5/4 4218/5/4 4219/5/4
f 4219/5/4 4218/5/4 4220/5/4
f 4221/5/4 4222/5/4 4223/5/4
f 4223/5/4 4222/5/4 4224/5/4
f 4225/5/4 4226/5/4 4229/5/4
f 4226/4/4 4227/4/4 4230/4/4
f 4229/5/4 4226/5/4 4230/5/4
f 4227/5/4 4228/5/4 4231/5/4
f 4230/4/4 4227/4/4 4231/4/4
f 4231/5/4 4228/5/4 4232/5/4
f 4233/5/4 4234/5/4 4236/5/4
f 4234/4/4 4235/4/4 4237/4/4
f 4236/5/4 4234/5/4 4237/5/4
f 4237/4/4 4235/4/4 4238/4/4
f 4239/5/4 4240/5/4 4241/5/4
f 4241/5/4 4240/5/4 4242/5/4
f 4243/5/4 4244/5/4 4245/5/4
f 4245/5/4 4244/5/4 4246/5/4
f 4247/5/4 4248/5/4 4249/5/4
f 4249/5/4 4248/5/4 4250/5/4
f 4251/5/4 4252/5/4 4253/5/4
f 4253/5/4 4252/5/4 4254/5/4
f 4255/5/4 4256/5/4 4257/5/4
f 4257/5/4 4256/5/4 4258/5/4
f 4259/5/4 4260/5/4 4261/5/4
f 4261/5/4 4260/5/4 4262/5/4
f 4263/5/4 4264/5/4 4265/5/4
f 4265/5/4 4264/5/4 4266/5/4
f 4267/5/4 4268/5/4 4271/5/4
f 4268/4/4 4269/4/4 4272/4/4
f 4271/5/4 4268/5/4 4272/5/4
f 4269/5/4 4270/5/4 4273/5/4
f 4272/4/4 4269/4/4 4273/4/4
f 4273/5/4 4270/5/4 4274/5/4
f 4275/5/4 4276/5/4 4278/5/4
f 4276/4/4 4277/4/4 4279/4/4
f 4278/5/4 4276/5/4 4279/5/4
f 4279/4/4 4277/4/4 4280/4/4
f 4281/5/4 4282/5/4 4283/5/4
f 4283/5/4 4282/5/4 4284/5/4
f 4285/5/4 4286/5/4 4287/5/4
f 4287/5/4 4286/5/4 4288/5/4
f 4289/5/4 4290/5/4 4291/5/4
f 4291/5/4 4290/5/4 4292/5/4
f 4293/5/4 4294/5/4 4295/5/4
f 4295/5/4 4294/5/4 4296/5/4
f 4297/5/4 4298/5/4 4301/5/4
f 4298/4/4 4299/4/4 4302/4/4
f 4301/5/4 4298/5/4 4302/5/4
f 4299/5/4 4300/5/4 4303/5/4
f 4302/4/4 4299/4/4 4303/4/4
f 4303/5/4 4300/5/4 4304/5/4
f 4305/5/4 4306/5/4 4308/5/4
f 4306/4/4 4307/4/4 4309/4/4
f 4308/5/4 4306/5/4 4309/5/4
f 4309/4/4 4307/4/4 4310/4/4
f 4311/5/4 4312/5/4 4313/5/4
f 4313/5/4 4312/5/4 4314/5/4
f 4315/5/4 4316/5/4 4317/5/4
f 4317/5/4 4316/5/4 4318/5/4
f 4319/5/4 4320/5/4 4321/5/4
f 4321/5/4 4320/5/4 4322/5/4
f 4323/5/4 4324/5/4 4325/5/4
f 4325/5/4 4324/5/4 4326/5/4
f 4327/5/4 4328/5/4 4329/5/4
f 4329/5/4 4328/5/4 4330/5/4
f 4331/5/4 4332/5/4 4335/5/4
f 4332/4/4 4333/4/4 4336/4/4
f 4335/5/4 4332/5/4 4336/5/4
f 4333/5/4 4334/5/4 4337/5/4
f 4336/4/4 4333/4/4 4337/4/4
f 4337/5/4 4334/5/4 4338/5/4
f 4339/5/4 4340/5/4 4342/5/4
f 4340/4/4 4341/4/4 4343/4/4
f 4342/5/4 4340/5/4 4343/5/4
f 4343/4/4 4341/4/4 4344/4/4
f 4345/5/4 4346/5/4 4347/5/4
f 4347/5/4 4346/5/4 4348/5/4
f 4349/5/4 4350/5/4 4351/5/4
f 4351/5/4 4350/5/4 4352/5/4
f 4353/5/4 4354/5/4 4355/5/4
f 4355/5/4 4354/5/4 4356/5/4
f 4357/5/4 4358/5/4 4359/5/4
f 4359/5/4 4358/5/4 4360/5/4
f 4361/5/4 4362/5/4 4363/5/4
f 4363/5/4 4362/5/4 4364/5/4
f 4365/5/4 4366/5/4 4369/5/4
f 4366/4/4 4367/4/4 4370/4/4
f 4369/5/4 4366/5/4 4370/5/4
f 4367/5/4 4368/5/4 4371/5/4
f 4370/4/4 4367/4/4 4371/4/4
f 4371/5/4 4368/5/4 4372/5/4
f 4373/5/4 4374/5/4 4376/5/4
f 4374/4/4 4375/4/4 4377/4/4
f 4376/5/4 4374/5/4 4377/5/4
f 4377/4/4 4375/4/4 4378/4/4
f 4379/5/4 4380/5/4 4381/5/4
f 4381/5/4 4380/5/4 4382/5/4
f 4383/5/4 4384/5/4 4385/5/4
f 4385/5/4 4384/5/4 4386/5/4
f 4387/5/4 4388/5/4 4389/5/4
f 4389/5/4 4388/5/4 4390/5/4
f 4391/5/4 4392/5/4 4393/5/4
f 4393/5/4 4392/5/4 4394/5/4
f 4395/5/4 4396/5/4 4397/5/4
f 4397/5/4 4396/5/4 4398/5/4
f 4399/5/4 4400/5/4 4401/5/4
f 4401/5/4 4400/5/4 4402/5/4
f 4403/5/4 4404/5/4 4407/5/4
f 4404/4/4 4405/4/4 4408/4/4
f 4407/5/4 4404/5/4 4408/5/4
f 4405/5/4 4406/5/4 4409/5/4
f 4408/4/4 4405/4/4 4409/4/4
f 4409/5/4 4406/5/4 4410/5/4
f 4411/5/4 4412/5/4 4414/5/4
f 4412/4/4 4413/4/4 4415/4/4
f 4414/5/4 4412/5/4 4415/5/4
f 4415/4/4 4413/4/4 4416/4/4
f 4417/5/4 4418/5/4 4419/5/4
f 4419/5/4 4418/5/4 4420/5/4
f 4421/5/4 4422/5/4 4423/5/4
f 4423/5/4 4422/5/4 4424/5/4
f 4425/5/4 4426/5/4 4427/5/4
f 4427/5/4 4426/5/4 4428/5/4
f 4429/5/4 4430/5/4 4433/5/4
f 4430/4/4 4431/4/4 4434/4/4
f 4433/5/4 4430/5/4 4434/5/4
f 4431/5/4 4432/5/4 4435/5/4
f 4434/4/4 4431/4/4 4435/4/4
f 4435/5/4 4432/5/4 4436/5/4
f 4437/5/4 4438/5/4 4440/5/4
f 4438/4/4 4439/4/4 4441/4/4
f 4440/5/4 4438/5/4 4441/5/4
f 4441/4/4 4439/4/4 4442/4/4
f 4443/5/4 4444/5/4 4445/5/4
f 4445/5/4 4444/5/4 4446/5/4
f 4447/5/4 4448/5/4 4449/5/4
f 4449/5/4 4448/5/4 4450/5/4
f 4451/5/4 4452/5/4 4453/5/4
f 4453/5/4 4452/5/4 4454/5/4
f 4455/5/4 4456/5/4 4457/5/4
f 4457/5/4 4456/5/4 4458/5/4
f 4459/5/4 4460/5/4 4463/5/4
f 4460/4/4 4461/4/4 4464/4/4
f 4463/5/4 4460/5/4 4464/5/4
f 4461/5/4 4462/5/4 4465/5/4
f 4464/4/4 4461/4/4 4465/4/4
f 4465/5/4 4462/5/4 4466/5/4
f 4467/5/4 4468/5/4 4470/5/4
f 4468/4/4 4469/4/4 4471/4/4
f 4470/5/4 4468/5/4 4471/5/4
f 4471/4/4 4469/4/4 4472/4/4
f 4473/5/4 4474/5/4 4475/5/4
f 4475/5/4 4474/5/4 4476/5/4
f 4477/5/4 4478/5/4 4479/5/4
f 4479/5/4 4478/5/4 4480/5/4
f 4481/5/4 4482/5/4 4483/5/4
f 4483/5/4 4482/5/4 4484/5/4
f 4485/5/4 4486/5/4 4487/5/4
f 4487/5/4 4486/5/4 4488/5/4
f 4489/5/4 4490/5/4 4491/5/4
f 4491/5/4 4490/5/4 4492/5/4
f 4493/5/4 4494/5/4 4495/5/4
f 4495/5/4 4494/5/4 4496/5/4
f 4497/5/4 4498/5/4 4499/5/4
f 4499/5/4 4498/5/4 4500/5/4
f 4501/5/4 4502/5/4 4505/5/4
f 4502/4/4 4503/4/4 4506/4/4
f 4505/5/4 4502/5/4 4506/5/4
f 4503/5/4 4504/5/4 4507/5/4
f 4506/4/4 4503/4/4 4507/4/4
f 4507/5/4 4504/5/4 4508/5/4
f 4509/5/4 4510/5/4 4512/5/4
f 4510/4/4 4511/4/4 4513/4/4
f 4512/5/4 4510/5/4 4513/5/4
f 4513/4/4 4511/4/4 4514/4/4
f 4515/5/4 4516/5/4 4517/5/4
f 4517/5/4 4516/5/4 4518/5/4
f 4519/5/4 4520/5/4 4521/5/4
f 4521/5/4 4520/5/4 4522/5/4
f 4523/5/4 4524/5/4 4525/5/4
f 4525/5/4 4524/5/4 4526/5/4
f 4527/5/4 4528/5/4 4529/5/4
f 4529/5/4 4528/5/4 4530/5/4
f 4531/5/4 4532/5/4 4535/5/4
f 4532/4/4 4533/4/4 4536/4/4
f 4535/5/4 4532/5/4 4536/5/4
f 4533/5/4 4534/5/4 4537/5/4
f 4536/4/4 4533/4/4 4537/4/4
f 4537/5/4 4534/5/4 4538/5/4
f 4539/5/4 4540/5/4 4542/5/4
f 4540/4/4 4541/4/4 4543/4/4
f 4542/5/4 4540/5/4 4543/5/4
f 4543/4/4 4541/4/4 4544/4/4
f 4545/5/4 4546/5/4 4547/5/4
f 4547/5/4 4546/5/4 4548/5/4
f 4549/5/4 4550/5/4 4551/5/4
f 4551/5/4 4550/5/4 4552/5/4
f 4553/5/4 4554/5/4 4555/5/4
f 4555/5/4 4554/5/4 4556/5/4
f 4557/5/4 4558/5/4 4559/5/4
f 4559/5/4 4558/5/4 4560/5/4
f 4561/5/4 4562/5/4 4563/5/4
f 4563/5/4 4562/5/4 4564/5/4
f 4565/5/4 4566/5/4 4567/5/4
f 4567/5/4 4566/5/4 4568/5/4
f 4569/5/4 4570/5/4 4573/5/4
f 4570/4/4 4571/4/4 4574/4/4
f 4573/5/4 4570/5/4 4574/5/4
f 4571/5/4 4572/5/4 4575/5/4
f 4574/4/4 4571/4/4 4575/4/4
f 4575/5/4 4572/5/4 4576/5/4
f 4577/5/4 4578/5/4 4580/5/4
f 4578/4/4 4579/4/4 4581/4/4
f 4580/5/4 4578/5/4 4581/5/4
f 4581/4/4 4579/4/4 4582/4/4
f 4583/5/4 4584/5/4 4585/5/4
f 4585/5/4 4584/5/4 4586/5/4
f 4587/5/4 4588/5/4 4589/5/4
f 4589/5/4 4588/5/4 4590/5/4
f 4591/5/4 4592/5/4 4593/5/4
f 4593/5/4 4592/5/4 4594/5/4
f 4595/5/4 4596/5/4 4597/5/4
f 4597/5/4 4596/5/4 4598/5/4
f 4599/5/4 4600/5/4 4603/5/4
f 4600/4/4 4601/4/4 4604/4/4
f 4603/5/4 4600/5/4 4604/5/4
f 4601/5/4 4602/5/4 4605/5/4
f 4604/4/4 4601/4/4 4605/4/4
f 4605/5/4 4602/5/4 4606/5/4
f 4607/5/4 4608/5/4 4610/5/4
f 4608/4/4 4609/4/4 4611/4/4
f 4610/5/4 4608/5/4 4611/5/4
f 4611/4/4 4609/4/4 4612/4/4
f 4613/5/4 4614/5/4 4615/5/4
f 4615/5/4 4614/5/4 4616/5/4
f 4617/5/4 4618/5/4 4619/5/4
f 4619/5/4 4618/5/4 4620/5/4
f 4621/5/4 4622/5/4 4623/5/4
f 4623/5/4 4622/5/4 4624/5/4
f 4625/5/4 4626/5/4 4627/5/4
f 4627/5/4 4626/5/4 4628/5/4
f 4629/5/4 4630/5/4 4633/5/4
f 4630/4/4 4631/4/4 4634/4/4
f 4633/5/4 4630/5/4 4634/5/4
f 4631/5/4 4632/5/4 4635/5/4
f 4634/4/4 4631/4/4 4635/4/4
f 4635/5/4 4632/5/4 4636/5/4
f 4637/5/4 4638/5/4 4640/5/4
f 4638/4/4 4639/4/4 4641/4/4
f 4640/5/4 4638/5/4 4641/5/4
f 4641/4/4 4639/4/4 4642/4/4
f 4643/5/4 4644/5/4 4645/5/4
f 4645/5/4 4644/5/4 4646/5/4
f 4647/5/4 4648/5/4 4649/5/4
f 4649/5/4 4648/5/4 4650/5/4
f 4651/5/4 4652/5/4 4653/5/4
f 4653/5/4 4652/5/4 4654/5/4
f 4655/5/4 4656/5/4 4657/5/4
f 4657/5/4 4656/5/4 4658/5/4
f 4659/5/4 4660/5/4 4661/5/4
f 4661/5/4 4660/5/4 4662/5/4
f 4663/5/4 4664/5/4 4665/5/4
f 4665/5/4 4664/5/4 4666/5/4
f 4667/5/4 4668/5/4 4671/5/4
f 4668/4/4 4669/4/4 4672/4/4
f 4671/5/4 4668/5/4 4672/5/4
f 4669/5/4 4670/5/4 4673/5/4
f 4672/4/4 4669/4/4 4673/4/4
f 4673/5/4 4670/5/4 4674/5/4
f 4675/5/4 4676/5/4 4678/5/4
f 4676/4/4 4677/4/4 4679/4/4
f 4678/5/4 4676/5/4 4679/5/4
f 4679/4/4 4677/4/4 4680/4/4
f 4681/5/4 4682/5/4 4683/5/4
f 4683/5/4 4682/5/4 4684/5/4
f 4685/5/4 4686/5/4 4687/5/4
f 4687/5/4 4686/5/4 4688/5/4
f 4689/5/4 4690/5/4 4691/5/4
f 4691/5/4 4690/5/4 4692/5/4
f 4693/5/4 4694/5/4 4695/5/4
f 4695/5/4 4694/5/4 4696/5/4
f 4697/5/4 4698/5/4 4699/5/4
f 4699/5/4 4698/5/4 4700/5/4
f 4701/5/4 4702/5/4 4703/5/4
f 4703/5/4 4702/5/4 4704/5/4
f 4705/5/4 4706/5/4 4709/5/4
f 4706/4/4 4707/4/4 4710/4/4
f 4709/5/4 4706/5/4 4710/5/4
f 4707/5/4 4708/5/4 4711/5/4
f 4710/4/4 4707/4/4 4711/4/4
f 4711/5/4 4708/5/4 4712/5/4
f 4713/5/4 4714/5/4 4716/5/4
f 4714/4/4 4715/4/4 4717/4/4
f 4716/5/4 4714/5/4 4717/5/4
f 4717/4/4 4715/4/4 4718/4/4
f 4719/5/4 4720/5/4 4721/5/4
f 4721/5/4 4720/5/4 4722/5/4
f 4723/5/4 4724/5/4 4725/5/4
f 4725/5/4 4724/5/4 4726/5/4
f 4727/5/4 4728/5/4 4729/5/4
f 4729/5/4 4728/5/4 4730/5/4
f 4731/5/4 4732/5/4 4733/5/4
f 4733/5/4 4732/5/4 4734/5/4
f 4735/5/4 4736/5/4 4737/5/4
f 4737/5/4 4736/5/4 4738/5/4
f 4739/5/4 4740/5/4 4743/5/4
f 4740/4/4 4741/4/4 4744/4/4
f 4743/5/4 4740/5/4 4744/5/4
f 4741/5/4 4742/5/4 4745/5/4
f 4744/4/4 4741/4/4 4745/4/4
f 4745/5/4 4742/5/4 4746/5/4
f 4747/5/4 4748/5/4 4750/5/4
f 4748/4/4 4749/4/4 4751/4/4
f 4750/5/4 4748/5/4 4751/5/4
f 4751/4/4 4749/4/4 4752/4/4
f 4753/5/4 4754/5/4 4755/5/4
f 4755/5/4 4754/5/4 4756/5/4
f 4757/5/4 4758/5/4 4759/5/4
f 4759/5/4 4758/5/4 4760/5/4
f 4761/5/4 4762/5/4 4763/5/4
f 4763/5/4 4762/5/4 4764/5/4
f 4765/5/4 4766/5/4 4767/5/4
f 4767/5/4 4766/5/4 4768/5/4
f 4769/5/4 4770/5/4 4771/5/4
f 4771/5/4 4770/5/4 4772/5/4
f 4773/5/4 4774/5/4 4777/5/4
f 4774/4/4 4775/4/4 4778/4/4
f 4777/5/4 4774/5/4 4778/5/4
f 4775/5/4 4776/5/4 4779/5/4
f 4778/4/4 4775/4/4 4779/4/4
f 4779/5/4 4776/5/4 4780/5/4
f 4781/5/4 4782/5/4 4784/5/4
f 4782/4/4 4783/4/4 4785/4/4
f 4784/5/4 4782/5/4 4785/5/4
f 4785/4/4 4783/4/4 4786/4/4
f 4787/5/4 4788/5/4 4789/5/4
f 4789/5/4 4788/5/4 4790/5/4
f 4791/5/4 4792/5/4 4793/5/4
f 4793/5/4 4792/5/4 4794/5/4
f 4795/5/4 4796/5/4 4797/5/4
f 4797/5/4 4796/5/4 4798/5/4
f 4799/5/4 4800/5/4 4801/5/4
f 4801/5/4 4800/5/4 4802/5/4
f 4803/5/4 4804/5/4 4805/5/4
f 4805/5/4 4804/5/4 4806/5/4
f 4807/5/4 4808/5/4 4809/5/4
f 4809/5/4 4808/5/4 4810/5/4
f 4811/5/4 4812/5/4 4815/5/4
f 4812/4/4 4813/4/4 4816/4/4
f 4815/5/4 4812/5/4 4816/5/4
f 4813/5/4 4814/5/4 4817/5/4
f 4816/4/4 4813/4/4 4817/4/4
f 4817/5/4 4814/5/4 4818/5/4
f 4819/5/4 4820/5/4 4822/5/4
f 4820/4/4 4821/4/4 4823/4/4
f 4822/5/4 4820/5/4 4823/5/4
f 4823/4/4 4821/4/4 4824/4/4
f 4825/5/4 4826/5/4 4827/5/4
f 4827/5/4 4826/5/4 4828/5/4
f 4829/5/4 4830/5/4 4831/5/4
f 4831/5/4 4830/5/4 4832/5/4
f 4833/5/4 4834/5/4 4835/5/4
f 4835/5/4 4834/5/4 4836/5/4
f 4837/5/4 4838/5/4 4839/5/4
f 4839/5/4 4838/5/4 4840/5/4
f 4841/5/4 4842/5/4 4843/5/4
f 4843/5/4 4842/5/4 4844/5/4
f 4845/5/4 4846/5/4 4847/5/4
f 4847/5/4 4846/5/4 4848/5/4
f 4849/5/4 4850/5/4 4853/5/4
f 4850/4/4 4851/4/4 4854/4/4
f 4853/5/4 4850/5/4 4854/5/4
f 4851/5/4 4852/5/4 4855/5/4
f 4854/4/4 4851/4/4 4855/4/4
f 4855/5/4 4852/5/4 4856/5/4
f 4857/5/4 4858/5/4 4860/5/4
f 4858/4/4 4859/4/4 4861/4/4
f 4860/5/4 4858/5/4 4861/5/4
f 4861/4/4 4859/4/4 4862/4/4
f 4863/5/4 4864/5/4 4865/5/4
f 4865/5/4 4864/5/4 4866/5/4
f 4867/5/4 4868/5/4 4869/5/4
f 4869/5/4 4868/5/4 4870/5/4
f 4871/5/4 4872/5/4 4873/5/4
f 4873/5/4 4872/5/4 4874/5/4
f 4875/5/4 4876/5/4 4877/5/4
f 4877/5/4 4876/5/4 4878/5/4
f 4879/5/4 4880/5/4 4881/5/4
f 4881/5/4 4880/5/4 4882/5/4
f 4883/5/4 4884/5/4 4885/5/4
f 4885/5/4 4884/5/4 4886/5/4
f 4887/5/4 4888/5/4 4891/5/4
f 4888/4/4 4889/4/4 4892/4/4
f 4891/5/4 4888/5/4 4892/5/4
f 4889/5/4 4890/5/4 4893/5/4
f 4892/4/4 4889/4/4 4893/4/4
f 4893/5/4 4890/5/4 4894/5/4
f 4895/5/4 4896/5/4 4898/5/4
f 4896/4/4 4897/4/4 4899/4/4
f 4898/5/4 4896/5/4 4899/5/4
f 4899/4/4 4897/4/4 4900/4/4
f 4901/5/4 4902/5/4 4903/5/4
f 4903/5/4 4902/5/4 4904/5/4
f 4905/5/4 4906/5/4 4907/5/4
f 4907/5/4 4906/5/4 4908/5/4
f 4909/5/4 4910/5/4 4911/5/4
f 4911/5/4 4910/5/4 4912/5/4
f 4913/5/4 4914/5/4 4915/5/4
f 4915/5/4 4914/5/4 4916/5/4
f 4917/5/4 4918/5/4 4919/5/4
f 4919/5/4 4918/5/4 4920/5/4
f 4921/5/4 4922/5/4 4923/5/4
f 4923/5/4 4922/5/4 4924/5/4
f 4926/4/4 4927/4/4 4929/4/4
f 4927/5/4 4928/5/4 4929/5/4
f 4929/5/4 4928/5/4 4930/5/4
f 4925/5/4 4926/5/4 4931/5/4
f 4926/4/4 4929/4/4 4931/4/4
f 4929/4/4 4930/4/4 4931/4/4
f 4931/4/4 4930/4/4 4932/4/4
f 4930/5/4 4928/5/4 4933/5/4
f 4932/4/4 4930/4/4 4933/4/4
f 4933/5/4 4928/5/4 4934/5/4
f 4931/5/4 4932/5/4 4935/5/4
f 4925/5/4 4931/5/4 4935/5/4
f 4933/4/4 4934/4/4 4936/4/4
f 4935/5/4 4932/5/4 4936/5/4
f 4932/4/4 4933/4/4 4936/4/4
f 4936/4/4 4934/4/4 4937/4/4
f 4934/5/4 4928/5/4 4938/5/4
f 4937/4/4 4934/4/4 4938/4/4
f 4938/5/4 4928/5/4 4939/5/4
f 4939/5/4 4928/5/4 4940/5/4
f 4941/5/4 4942/5/4 4944/5/4
f 4942/4/4 4943/4/4 4945/4/4
f 4944/5/4 4942/5/4 4945/5/4
f 4945/4/4 4943/4/4 4946/4/4
f 4947/5/4 4948/5/4 4949/5/4
f 4949/5/4 4948/5/4 4950/5/4
f 4951/5/4 4952/5/4 4953/5/4
f 4953/5/4 4952/5/4 4954/5/4
f 4955/5/4 4956/5/4 4957/5/4
f 4957/5/4 4956/5/4 4958/5/4
f 4959/5/4 4960/5/4 4961/5/4
f 4961/5/4 4960/5/4 4962/5/4
f 4963/5/4 4964/5/4 4965/5/4
f 4965/5/4 4964/5/4 4966/5/4
f 4967/5/4 4968/5/4 4969/5/4
f 4969/5/4 4968/5/4 4970/5/4
f 4971/5/4 4972/5/4 4975/5/4
f 4972/4/4 4973/4/4 4975/4/4
f 4975/4/4 4973/4/4 4976/4/4
f 4973/5/4 4974/5/4 4977/5/4
f 4976/4/4 4973/4/4 4977/4/4
f 4977/5/4 4974/5/4 4978/5/4
f 4975/5/4 4976/5/4 4979/5/4
f 4976/4/4 4977/4/4 4979/4/4
f 4977/4/4 4978/4/4 4979/4/4
f 4979/4/4 4978/4/4 4980/4/4
f 4978/5/4 4974/5/4 4981/5/4
f 4980/4/4 4978/4/4 4981/4/4
f 4981/5/4 4974/5/4 4982/5/4
f 4979/5/4 4980/5/4 4983/5/4
f 4980/4/4 4981/4/4 4983/4/4
f 4981/4/4 4982/4/4 4983/4/4
f 4983/4/4 4982/4/4 4984/4/4
f 4982/5/4 4974/5/4 4985/5/4
f 4984/4/4 4982/4/4 4985/4/4
f 4985/5/4 4974/5/4 4986/5/4
f 4983/5/4 4984/5/4 4987/5/4
f 4971/5/4 4975/5/4 4987/5/4
f 4975/5/4 4979/5/4 4987/5/4
f 4979/5/4 4983/5/4 4987/5/4
f 4985/4/4 4986/4/4 4988/4/4
f 4987/5/4 4984/5/4 4988/5/4
f 4984/4/4 4985/4/4 4988/4/4
f 4988/4/4 4986/4/4 4989/4/4
f 4986/5/4 4974/5/4 4990/5/4
f 4989/4/4 4986/4/4 4990/4/4
f 4990/5/4 4974/5/4 4991/5/4
f 4992/5/4 4993/5/4 4995/5/4
f 4993/4/4 4994/4/4 4996/4/4
f 4995/5/4 4993/5/4 4996/5/4
f 4996/4/4 4994/4/4 4997/4/4
f 4998/5/4 4999/5/4 5000/5/4
f 5000/5/4 4999/5/4 5001/5/4
f 5002/5/4 5003/5/4 5004/5/4
f 5004/5/4 5003/5/4 5005/5/4
f 5006/5/4 5007/5/4 5008/5/4
f 5008/5/4 5007/5/4 5009/5/4
f 5010/5/4 5011/5/4 5012/5/4
f 5012/5/4 5011/5/4 5013/5/4
f 5014/5/4 5015/5/4 5016/5/4
f 5016/5/4 5015/5/4 5017/5/4
f 5018/5/4 5019/5/4 5020/5/4
f 5020/5/4 5019/5/4 5021/5/4
f 5022/5/4 5023/5/4 5025/5/4
f 5023/4/4 5024/4/4 5026/4/4
f 5025/5/4 5023/5/4 5026/5/4
f 5026/4/4 5024/4/4 5027/4/4
f 5028/7/4 5029/7/4 5030/7/4
f 5030/7/4 5029/7/4 5031/7/4
f 5022/5/4 5025/5/4 5032/5/4
f 5032/5/4 5025/5/4 5033/5/4
f 5032/3/4 5033/3/4 5034/3/4
f 5034/3/4 5033/3/4 5035/3/4
f 5028/7/4 5030/7/4 5036/7/4
f 5036/7/4 5030/7/4 5037/7/4
f 5028/7/4 5036/7/4 5038/7/4
f 5036/6/4 5037/6/4 5038/6/4
f 5037/7/4 5030/7/4 5039/7/4
f 5038/6/4 5037/6/4 5039/6/4
f 5030/6/4 5031/6/4 5040/6/4
f 5039/7/4 5030/7/4 5040/7/4
f 5031/7/4 5029/7/4 5041/7/4
f 5040/6/4 5031/6/4 5041/6/4
f 5039/7/4 5040/7/4 5042/7/4
f 5038/7/4 5039/7/4 5042/7/4
f 5040/7/4 5041/7/4 5042/7/4
f 5028/7/4 5038/7/4 5042/7/4
f 5041/7/4 5029/7/4 5043/7/4
f 5042/7/4 5041/7/4 5043/7/4
f 5034/5/4 5035/5/4 5044/5/4
f 5026/5/4 5027/5/4 5045/5/4
f 5034/5/4 5044/5/4 5046/5/4
f 5044/5/4 5045/5/4 5046/5/4
f 5027/4/4 5024/4/4 5047/4/4
f 5046/5/4 5045/5/4 5047/5/4
f 5045/5/4 5027/5/4 5047/5/4
f 5047/4/4 5024/4/4 5048/4/4
f 5049/5/4 5050/5/4 5051/5/4
f 5051/5/4 5050/5/4 5052/5/4
f 5053/5/4 5054/5/4 5055/5/4
f 5055/5/4 5054/5/4 5056/5/4
f 5057/5/4 5058/5/4 5059/5/4
f 5059/5/4 5058/5/4 5060/5/4
f 5061/5/4 5062/5/4 5063/5/4
f 5063/5/4 5062/5/4 5064/5/4
f 5065/5/4 5066/5/4 5067/5/4
f 5067/5/4 5066/5/4 5068/5/4
f 5069/5/4 5070/5/4 5071/5/4
f 5071/5/4 5070/5/4 5072/5/4
f 5073/5/4 5074/5/4 5075/5/4
f 5075/5/4 5074/5/4 5076/5/4
f 5073/5/4 5075/5/4 5077/5/4
f 5076/5/4 5074/5/4 5078/5/4
f 5073/5/4 5077/5/4 5079/5/4
f 5077/5/4 5078/5/4 5079/5/4
f 5078/5/4 5074/5/4 5080/5/4
f 5079/5/4 5078/5/4 5080/5/4
f 5081/5/4 5082/5/4 5083/5/4
f 5083/5/4 5082/5/4 5084/5/4
f 5085/5/4 5086/5/4 5087/5/4
f 5087/5/4 5086/5/4 5088/5/4
f 5089/5/4 5090/5/4 5091/5/4
f 5091/5/4 5090/5/4 5092/5/4
f 5093/5/4 5094/5/4 5095/5/4
f 5095/5/4 5094/5/4 5096/5/4
f 5097/5/4 5098/5/4 5099/5/4
f 5099/5/4 5098/5/4 5100/5/4
f 5101/5/4 5102/5/4 5103/5/4
f 5103/5/4 5102/5/4 5104/5/4
f 5105/5/4 5106/5/4 5107/5/4
f 5107/5/4 5106/5/4 5108/5/4
f 5109/5/4 5110/5/4 5111/5/4
f 5111/5/4 5110/5/4 5112/5/4
f 5113/5/4 5114/5/4 5115/5/4
f 5115/5/4 5114/5/4 5116/5/4
f 5117/5/4 5118/5/4 5119/5/4
f 5119/5/4 5118/5/4 5120/5/4
f 5121/5/4 5122/5/4 5123/5/4
f 5123/5/4 5122/5/4 5124/5/4
f 5125/5/4 5126/5/4 5127/5/4
f 5127/5/4 5126/5/4 5128/5/4
f 5129/5/4 5130/5/4 5131/5/4
f 5131/5/4 5130/5/4 5132/5/4
f 5133/5/4 5134/5/4 5135/5/4
f 5135/5/4 5134/5/4 5136/5/4
f 5137/5/4 5138/5/4 5139/5/4
f 5139/5/4 5138/5/4 5140/5/4
f 5141/5/4 5142/5/4 5143/5/4
f 5143/5/4 5142/5/4 5144/5/4
f 5145/5/4 5146/5/4 5147/5/4
f 5147/5/4 5146/5/4 5148/5/4
f 5149/5/4 5150/5/4 5151/5/4
f 5151/5/4 5150/5/4 5152/5/4
f 5151/3/4 5152/3/4 5153/3/4
f 5153/3/4 5152/3/4 5154/3/4
f 5153/5/4 5154/5/4 5155/5/4
f 5155/5/4 5154/5/4 5156/5/4
f 5157/5/4 5158/5/4 5159/5/4
f 5159/5/4 5158/5/4 5160/5/4
f 5161/5/4 5162/5/4 5163/5/4
f 5163/5/4 5162/5/4 5164/5/4
f 5165/5/4 5166/5/4 5167/5/4
f 5167/5/4 5166/5/4 5168/5/4
f 5169/5/4 5170/5/4 5171/5/4
f 5171/5/4 5170/5/4 5172/5/4
f 5173/5/4 5174/5/4 5175/5/4
f 5175/5/4 5174/5/4 5176/5/4
f 5177/5/4 5178/5/4 5179/5/4
f 5179/5/4 5178/5/4 5180/5/4
f 5181/5/4 5182/5/4 5183/5/4
f 5183/5/4 5182/5/4 5184/5/4
f 5185/5/4 5186/5/4 5187/5/4
f 5187/5/4 5186/5/4 5188/5/4
f 5189/5/4 5190/5/4 5191/5/4
f 5191/5/4 5190/5/4 5192/5/4
f 5193/5/4 5194/5/4 5195/5/4
f 5195/5/4 5194/5/4 5196/5/4
f 5197/5/4 5198/5/4 5199/5/4
f 5199/5/4 5198/5/4 5200/5/4
f 5201/5/4 5202/5/4 5203/5/4
f 5203/5/4 5202/5/4 5204/5/4
f 5205/5/4 5206/5/4 5207/5/4
f 5207/5/4 5206/5/4 5208/5/4
f 5209/5/4 5210/5/4 5211/5/4
f 5211/5/4 5210/5/4 5212/5/4
f 5213/5/4 5214/5/4 5215/5/4
f 5215/5/4 5214/5/4 5216/5/4
f 5217/5/4 5218/5/4 5219/5/4
f 5219/5/4 5218/5/4 5220/5/4
f 5219/3/4 5220/3/4 5221/3/4
f 5221/3/4 5220/3/4 5222/3/4
f 5221/5/4 5222/5/4 5223/5/4
f 5223/5/4 5222/5/4 5224/5/4
f 5225/5/4 5226/5/4 5227/5/4
f 5227/5/4 5226/5/4 5228/5/4
f 5229/5/4 5230/5/4 5231/5/4
f 5231/5/4 5230/5/4 5232/5/4
f 5233/5/4 5234/5/4 5235/5/4
f 5235/5/4 5234/5/4 5236/5/4
f 5237/5/4 5238/5/4 5239/5/4
f 5239/5/4 5238/5/4 5240/5/4
f 5241/5/4 5242/5/4 5243/5/4
f 5243/5/4 5242/5/4 5244/5/4
f 5245/5/4 5246/5/4 5247/5/4
f 5247/5/4 5246/5/4 5248/5/4
f 5249/5/4 5250/5/4 5251/5/4
f 5251/5/4 5250/5/4 5252/5/4
f 5253/5/4 5254/5/4 5255/5/4
f 5255/5/4 5254/5/4 5256/5/4
f 5255/3/4 5256/3/4 5257/3/4
f 5257/3/4 5256/3/4 5258/3/4
f 5257/5/4 5258/5/4 5259/5/4
f 5259/5/4 5258/5/4 5260/5/4
f 5266/5/5 5262/5/5 5261/5/5
f 5267/3/5 5263/3/5 5262/3/5
f 5267/5/5 5262/5/5 5266/5/5
f 5268/5/5 5264/5/5 5263/5/5
f 5268/3/5 5263/3/5 5267/3/5
f 5269/5/5 5264/5/5 5268/5/5
f 5272/5/5 5267/5/5 5266/5/5
f 5272/5/5 5270/5/5 5269/5/5
f 5272/5/5 5269/5/5 5268/5/5
f 5272/5/5 5268/5/5 5267/5/5
f 5272/5/5 5266/5/5 5265/5/5
f 5273/5/5 5270/5/5 5272/5/5
f 5276/5/5 5272/5/5 5271/5/5
f 5276/5/5 5274/5/5 5273/5/5
f 5276/5/5 5273/5/5 5272/5/5
f 5277/5/5 5274/5/5 5276/5/5
f 5280/5/5 5276/5/5 5275/5/5
f 5280/5/5 5278/5/5 5277/5/5
f 5280/5/5 5277/5/5 5276/5/5
f 5281/5/5 5278/5/5 5280/5/5
f 5284/5/5 5280/5/5 5279/5/5
f 5284/5/5 5282/5/5 5281/5/5
f 5284/5/5 5281/5/5 5280/5/5
f 5285/5/5 5282/5/5 5284/5/5
f 5288/5/5 5284/5/5 5283/5/5
f 5288/5/5 5286/5/5 5285/5/5
f 5288/5/5 5285/5/5 5284/5/5
f 5289/5/5 5286/5/5 5288/5/5
f 5292/5/5 5288/5/5 5287/5/5
f 5292/5/5 5290/5/5 5289/5/5
f 5292/5/5 5289/5/5 5288/5/5
f 5293/5/5 5290/5/5 5292/5/5
f 5296/5/5 5292/5/5 5291/5/5
f 5296/5/5 5294/5/5 5293/5/5
f 5296/5/5 5293/5/5 5292/5/5
f 5297/5/5 5294/5/5 5296/5/5
f 5300/5/5 5296/5/5 5295/5/5
f 5300/5/5 5298/5/5 5297/5/5
f 5300/5/5 5297/5/5 5296/5/5
f 5301/5/5 5298/5/5 5300/5/5
f 5304/5/5 5300/5/5 5299/5/5
f 5304/5/5 5302/5/5 5301/5/5
f 5304/5/5 5301/5/5 5300/5/5
f 5305/5/5 5302/5/5 5304/5/5
f 5308/5/5 5304/5/5 5303/5/5
f 5308/5/5 5306/5/5 5305/5/5
f 5308/5/5 5305/5/5 5304/5/5
f 5309/5/5 5306/5/5 5308/5/5
f 5312/5/5 5308/5/5 5307/5/5
f 5312/5/5 5310/5/5 5309/5/5
f 5312/5/5 5309/5/5 5308/5/5
f 5313/5/5 5310/5/5 5312/5/5
f 5316/5/5 5312/5/5 5311/5/5
f 5316/5/5 5314/5/5 5313/5/5
f 5316/5/5 5313/5/5 5312/5/5
f 5317/5/5 5314/5/5 5316/5/5
f 5320/5/5 5316/5/5 5315/5/5
f 5320/5/5 5318/5/5 5317/5/5
f 5320/5/5 5317/5/5 5316/5/5
f 5321/5/5 5318/5/5 5320/5/5
f 5324/5/5 5320/5/5 5319/5/5
f 5324/5/5 5322/5/5 5321/5/5
f 5324/5/5 5321/5/5 5320/5/5
f 5325/5/5 5322/5/5 5324/5/5
f 5328/5/5 5324/5/5 5323/5/5
f 5328/5/5 5326/5/5 5325/5/5
f 5328/5/5 5325/5/5 5324/5/5
f 5329/5/5 5326/5/5 5328/5/5
f 5332/5/5 5328/5/5 5327/5/5
f 5332/5/5 5330/5/5 5329/5/5
f 5332/5/5 5329/5/5 5328/5/5
f 5333/5/5 5330/5/5 5332/5/5
f 5336/5/5 5332/5/5 5331/5/5
f 5336/5/5 5334/5/5 5333/5/5
f 5336/5/5 5333/5/5 5332/5/5
f 5337/5/5 5334/5/5 5336/5/5
f 5340/5/5 5336/5/5 5335/5/5
f 5340/5/5 5338/5/5 5337/5/5
f 5340/5/5 5337/5/5 5336/5/5
f 5341/5/5 5338/5/5 5340/5/5
f 5344/5/5 5340/5/5 5339/5/5
f 5344/5/5 5342/5/5 5341/5/5
f 5344/5/5 5341/5/5 5340/5/5
f 5345/5/5 5342/5/5 5344/5/5
f 5348/5/5 5344/5/5 5343/5/5
f 5348/5/5 5346/5/5 5345/5/5
f 5348/5/5 5345/5/5 5344/5/5
f 5349/5/5 5346/5/5 5348/5/5
f 5352/5/5 5348/5/5 5347/5/5
f 5352/5/5 5350/5/5 5349/5/5
f 5352/5/5 5349/5/5 5348/5/5
f 5353/5/5 5350/5/5 5352/5/5
f 5356/5/5 5352/5/5 5351/5/5
f 5356/5/5 5354/5/5 5353/5/5
f 5356/5/5 5353/5/5 5352/5/5
f 5357/5/5 5354/5/5 5356/5/5
f 5360/5/5 5356/5/5 5355/5/5
f 5360/5/5 5358/5/5 5357/5/5
f 5360/5/5 5357/5/5 5356/5/5
f 5361/5/5 5358/5/5 5360/5/5
f 5364/5/5 5360/5/5 5359/5/5
f 5364/5/5 5362/5/5 5361/5/5
f 5364/5/5 5361/5/5 5360/5/5
f 5365/5/5 5362/5/5 5364/5/5
f 5368/5/5 5364/5/5 5363/5/5
f 5368/5/5 5366/5/5 5365/5/5
f 5368/5/5 5365/5/5 5364/5/5
f 5369/5/5 5366/5/5 5368/5/5
f 5372/5/5 5368/5/5 5367/5/5
f 5372/5/5 5370/5/5 5369/5/5
f 5372/5/5 5369/5/5 5368/5/5
f 5373/5/5 5370/5/5 5372/5/5
f 5376/5/5 5372/5/5 5371/5/5
f 5376/5/5 5374/5/5 5373/5/5
f 5376/5/5 5373/5/5 5372/5/5
f 5377/5/5 5374/5/5 5376/5/5
f 5380/5/5 5376/5/5 5375/5/5
f 5380/5/5 5378/5/5 5377/5/5
f 5380/5/5 5377/5/5 5376/5/5
f 5381/5/5 5378/5/5 5380/5/5
f 5384/5/5 5380/5/5 5379/5/5
f 5384/5/5 5382/5/5 5381/5/5
f 5384/5/5 5381/5/5 5380/5/5
f 5385/5/5 5382/5/5 5384/5/5
f 5387/5/5 5384/5/5 5383/5/5
f 5387/5/5 5386/5/5 5385/5/5
f 5387/5/5 5385/5/5 5384/5/5
f 5388/5/5 5386/5/5 5387/5/5
f 5389/5/5 5386/5/5 5388/5/5
f 5390/5/5 5386/5/5 5389/5/5
f 5391/3/5 5388/3/5 5387/3/5
f 5392/5/5 5389/5/5 5388/5/5
f 5392/3/5 5388/3/5 5391/3/5
f 5393/3/5 5390/3/5 5389/3/5
f 5393/5/5 5389/5/5 5392/5/5
f 5394/3/5 5390/3/5 5393/3/5
f 5395/5/5 5392/5/5 5391/5/5
f 5395/5/5 5393/5/5 5392/5/5
f 5395/5/5 5394/5/5 5393/5/5
f 5396/5/5 5394/5/5 5395/5/5
f 5397/5/5 5394/5/5 5396/5/5
f 5398/5/5 5394/5/5 5397/5/5
f 5399/5/5 5397/5/5 5396/5/5
f 5400/5/5 5397/5/5 5399/5/5
f 5401/5/5 5397/5/5 5400/5/5
f 5402/5/5 5397/5/5 5401/5/5
f 5403/5/5 5401/5/5 5400/5/5
f 5404/5/5 5401/5/5 5403/5/5
f 5405/5/5 5401/5/5 5404/5/5
f 5406/5/5 5401/5/5 5405/5/5
f 5407/5/5 5405/5/5 5404/5/5
f 5408/5/5 5405/5/5 5407/5/5
f 5409/5/5 5405/5/5 5408/5/5
f 5410/5/5 5405/5/5 5409/5/5
f 5411/5/5 5409/5/5 5408/5/5
f 5412/5/5 5409/5/5 5411/5/5
f 5413/5/5 5409/5/5 5412/5/5
f 5414/5/5 5409/5/5 5413/5/5
f 5415/5/5 5413/5/5 5412/5/5
f 5416/5/5 5413/5/5 5415/5/5
f 5417/5/5 5413/5/5 5416/5/5
f 5418/5/5 5413/5/5 5417/5/5
f 5419/5/5 5417/5/5 5416/5/5
f 5420/5/5 5417/5/5 5419/5/5
f 5421/5/5 5417/5/5 5420/5/5
f 5422/5/5 5417/5/5 5421/5/5
f 5423/5/5 5421/5/5 5420/5/5
f 5424/5/5 5421/5/5 5423/5/5
f 5425/5/5 5421/5/5 5424/5/5
f 5426/5/5 5421/5/5 5425/5/5
f 5427/5/5 5425/5/5 5424/5/5
f 5428/5/5 5425/5/5 5427/5/5
f 5429/5/5 5425/5/5 5428/5/5
f 5430/5/5 5425/5/5 5429/5/5
f 5431/5/5 5429/5/5 5428/5/5
f 5432/5/5 5429/5/5 5431/5/5
f 5433/5/5 5429/5/5 5432/5/5
f 5434/5/5 5429/5/5 5433/5/5
f 5435/5/5 5433/5/5 5432/5/5
f 5436/5/5 5433/5/5 5435/5/5
f 5437/5/5 5433/5/5 5436/5/5
f 5438/5/5 5433/5/5 5437/5/5
f 5439/5/5 5437/5/5 5436/5/5
f 5440/5/5 5437/5/5 5439/5/5
f 5441/5/5 5437/5/5 5440/5/5
f 5442/5/5 5437/5/5 5441/5/5
f 5443/5/5 5441/5/5 5440/5/5
f 5444/5/5 5441/5/5 5443/5/5
f 5445/5/5 5441/5/5 5444/5/5
f 5446/5/5 5441/5/5 5445/5/5
f 5447/5/5 5445/5/5 5444/5/5
f 5448/5/5 5445/5/5 5447/5/5
f 5449/5/5 5445/5/5 5448/5/5
f 5450/5/5 5445/5/5 5449/5/5
f 5451/5/5 5449/5/5 5448/5/5
f 5452/5/5 5449/5/5 5451/5/5
f 5453/5/5 5449/5/5 5452/5/5
f 5454/5/5 5449/5/5 5453/5/5
f 5455/5/5 5453/5/5 5452/5/5
f 5456/5/5 5453/5/5 5455/5/5
f 5457/5/5 5453/5/5 5456/5/5
f 5458/5/5 5453/5/5 5457/5/5
f 5459/5/5 5457/5/5 5456/5/5
f 5460/5/5 5457/5/5 5459/5/5
f 5461/5/5 5457/5/5 5460/5/5
f 5462/5/5 5457/5/5 5461/5/5
f 5463/5/5 5461/5/5 5460/5/5
f 5464/5/5 5461/5/5 5463/5/5
f 5465/5/5 5461/5/5 5464/5/5
f 5466/5/5 5461/5/5 5465/5/5
f 5467/5/5 5465/5/5 5464/5/5
f 5468/5/5 5465/5/5 5467/5/5
f 5469/5/5 5465/5/5 5468/5/5
f 5470/5/5 5465/5/5 5469/5/5
f 5471/5/5 5469/5/5 5468/5/5
f 5472/5/5 5469/5/5 5471/5/5
f 5473/5/5 5469/5/5 5472/5/5
f 5474/5/5 5469/5/5 5473/5/5
f 5475/5/5 5473/5/5 5472/5/5
f 5476/5/5 5473/5/5 5475/5/5
f 5477/5/5 5473/5/5 5476/5/5
f 5478/5/5 5473/5/5 5477/5/5
f 5479/5/5 5477/5/5 5476/5/5
f 5480/5/5 5477/5/5 5479/5/5
f 5481/5/5 5477/5/5 5480/5/5
f 5482/5/5 5477/5/5 5481/5/5
f 5483/5/5 5481/5/5 5480/5/5
f 5484/5/5 5481/5/5 5483/5/5
f 5485/5/5 5481/5/5 5484/5/5
f 5486/5/5 5481/5/5 5485/5/5
f 5487/5/5 5485/5/5 5484/5/5
f 5488/5/5 5485/5/5 5487/5/5
f 5489/5/5 5485/5/5 5488/5/5
f 5490/5/5 5485/5/5 5489/5/5
f 5491/5/5 5489/5/5 5488/5/5
f 5492/5/5 5489/5/5 5491/5/5
f 5493/5/5 5489/5/5 5492/5/5
f 5494/5/5 5489/5/5 5493/5/5
f 5495/5/5 5493/5/5 5492/5/5
f 5496/5/5 5493/5/5 5495/5/5
f 5497/5/5 5493/5/5 5496/5/5
f 5498/5/5 5493/5/5 5497/5/5
f 5499/5/5 5497/5/5 5496/5/5
f 5500/5/5 5497/5/5 5499/5/5
f 5501/5/5 5497/5/5 5500/5/5
f 5502/5/5 5497/5/5 5501/5/5
f 5503/5/5 5501/5/5 5500/5/5
f 5504/5/5 5501/5/5 5503/5/5
f 5505/5/5 5501/5/5 5504/5/5
f 5506/5/5 5501/5/5 5505/5/5
f 5507/5/5 5505/5/5 5504/5/5
f 5508/5/5 5505/5/5 5507/5/5
f 5509/5/5 5505/5/5 5508/5/5
f 5510/5/5 5505/5/5 5509/5/5
f 5511/5/5 5509/5/5 5508/5/5
f 5512/5/5 5509/5/5 5511/5/5
f 5513/5/5 5509/5/5 5512/5/5
f 5514/5/5 5509/5/5 5513/5/5
f 5515/5/5 5509/5/5 5514/5/5
f 5516/5/5 5509/5/5 5515/5/5
f 5517/5/5 5513/5/5 5512/5/5
f 5518/3/5 5514/3/5 5513/3/5
f 5518/5/5 5513/5/5 5517/5/5
f 5519/5/5 5515/5/5 5514/5/5
f 5519/3/5 5514/3/5 5518/3/5
f 5520/5/5 5515/5/5 5519/5/5
f 5523/5/5 5522/5/5 5521/5/5
f 5524/5/5 5522/5/5 5523/5/5
f 5529/5/5 5526/5/5 5525/5/5
f 5529/5/5 5528/5/5 5527/5/5
f 5529/5/5 5527/5/5 5526/5/5
f 5530/5/5 5528/5/5 5529/5/5
f 5533/5/5 5532/5/5 5531/5/5
f 5534/5/5 5532/5/5 5533/5/5
f 5537/5/5 5536/5/5 5535/5/5
f 5538/5/5 5536/5/5 5537/5/5
f 5539/5/6 5540/5/6 5544/5/6
f 5541/5/6 5542/5/6 5545/5/6
f 5543/5/6 5544/5/6 5548/5/6
f 5545/5/6 5546/5/6 5549/5/6
f 5547/5/6 5548/5/6 5552/5/6
f 5549/5/6 5550/5/6 5553/5/6
f 5551/5/6 5552/5/6 5556/5/6
f 5544/5/6 5540/5/6 5557/5/6
f 5548/5/6 5544/5/6 5557/5/6
f 5556/5/6 5552/5/6 5557/5/6
f 5552/5/6 5548/5/6 5557/5/6
f 5540/3/6 5541/3/6 5558/3/6
f 5557/5/6 5540/5/6 5558/5/6
f 5553/5/6 5554/5/6 5559/5/6
f 5558/3/6 5541/3/6 5559/3/6
f 5541/5/6 5545/5/6 5559/5/6
f 5549/5/6 5553/5/6 5559/5/6
f 5545/5/6 5549/5/6 5559/5/6
f 5559/5/6 5554/5/6 5560/5/6
f 5560/5/6 5554/5/6 5561/5/6
f 5556/5/6 5557/5/6 5564/5/6
f 5555/5/6 5556/5/6 5564/5/6
f 5564/5/6 5557/5/6 5565/5/6
f 5565/5/6 5557/5/6 5566/5/6
f 5561/5/6 5562/5/6 5567/5/6
f 5560/5/6 5561/5/6 5567/5/6
f 5567/5/6 5562/5/6 5568/5/6
f 5568/5/6 5562/5/6 5569/5/6
f 5564/5/6 5565/5/6 5572/5/6
f 5563/5/6 5564/5/6 5572/5/6
f 5572/5/6 5565/5/6 5573/5/6
f 5573/5/6 5565/5/6 5574/5/6
f 5569/5/6 5570/5/6 5575/5/6
f 5568/5/6 5569/5/6 5575/5/6
f 5575/5/6 5570/5/6 5576/5/6
f 5576/5/6 5570/5/6 5577/5/6
f 5572/5/6 5573/5/6 5580/5/6
f 5571/5/6 5572/5/6 5580/5/6
f 5580/5/6 5573/5/6 5581/5/6
f 5581/5/6 5573/5/6 5582/5/6
f 5577/5/6 5578/5/6 5583/5/6
f 5576/5/6 5577/5/6 5583/5/6
f 5583/5/6 5578/5/6 5584/5/6
f 5584/5/6 5578/5/6 5585/5/6
f 5580/5/6 5581/5/6 5588/5/6
f 5579/5/6 5580/5/6 5588/5/6
f 5588/5/6 5581/5/6 5589/5/6
f 5589/5/6 5581/5/6 5590/5/6
f 5585/5/6 5586/5/6 5591/5/6
f 5584/5/6 5585/5/6 5591/5/6
f 5591/5/6 5586/5/6 5592/5/6
f 5592/5/6 5586/5/6 5593/5/6
f 5588/5/6 5589/5/6 5596/5/6
f 5587/5/6 5588/5/6 5596/5/6
f 5596/5/6 5589/5/6 5597/5/6
f 5597/5/6 5589/5/6 5598/5/6
f 5593/5/6 5594/5/6 5599/5/6
f 5592/5/6 5593/5/6 5599/5/6
f 5599/5/6 5594/5/6 5600/5/6
f 5600/5/6 5594/5/6 5601/5/6
f 5596/5/6 5597/5/6 5604/5/6
f 5595/5/6 5596/5/6 5604/5/6
f 5604/5/6 5597/5/6 5605/5/6
f 5605/5/6 5597/5/6 5606/5/6
f 5601/5/6 5602/5/6 5607/5/6
f 5600/5/6 5601/5/6 5607/5/6
f 5607/5/6 5602/5/6 5608/5/6
f 5608/5/6 5602/5/6 5609/5/6
f 5604/5/6 5605/5/6 5612/5/6
f 5603/5/6 5604/5/6 5612/5/6
f 5612/5/6 5605/5/6 5613/5/6
f 5613/5/6 5605/5/6 5614/5/6
f 5609/5/6 5610/5/6 5615/5/6
f 5608/5/6 5609/5/6 5615/5/6
f 5615/5/6 5610/5/6 5616/5/6
f 5616/5/6 5610/5/6 5617/5/6
f 5612/5/6 5613/5/6 5620/5/6
f 5611/5/6 5612/5/6 5620/5/6
f 5620/5/6 5613/5/6 5621/5/6
f 5621/5/6 5613/5/6 5622/5/6
f 5617/5/6 5618/5/6 5623/5/6
f 5616/5/6 5617/5/6 5623/5/6
f 5623/5/6 5618/5/6 5624/5/6
f 5624/5/6 5618/5/6 5625/5/6
f 5620/5/6 5621/5/6 5628/5/6
f 5619/5/6 5620/5/6 5628/5/6
f 5628/5/6 5621/5/6 5629/5/6
f 5629/5/6 5621/5/6 5630/5/6
f 5625/5/6 5626/5/6 5631/5/6
f 5624/5/6 5625/5/6 5631/5/6
f 5631/5/6 5626/5/6 5632/5/6
f 5632/5/6 5626/5/6 5633/5/6
f 5628/5/6 5629/5/6 5636/5/6
f 5627/5/6 5628/5/6 5636/5/6
f 5636/5/6 5629/5/6 5637/5/6
f 5637/5/6 5629/5/6 5638/5/6
f 5633/5/6 5634/5/6 5639/5/6
f 5632/5/6 5633/5/6 5639/5/6
f 5639/5/6 5634/5/6 5640/5/6
f 5640/5/6 5634/5/6 5641/5/6
f 5636/5/6 5637/5/6 5644/5/6
f 5635/5/6 5636/5/6 5644/5/6
f 5644/5/6 5637/5/6 5645/5/6
f 5645/5/6 5637/5/6 5646/5/6
f 5641/5/6 5642/5/6 5647/5/6
f 5640/5/6 5641/5/6 5647/5/6
f 5647/5/6 5642/5/6 5648/5/6
f 5648/5/6 5642/5/6 5649/5/6
f 5644/5/6 5645/5/6 5652/5/6
f 5643/5/6 5644/5/6 5652/5/6
f 5652/5/6 5645/5/6 5653/5/6
f 5653/5/6 5645/5/6 5654/5/6
f 5649/5/6 5650/5/6 5655/5/6
f 5648/5/6 5649/5/6 5655/5/6
f 5655/5/6 5650/5/6 5656/5/6
f 5656/5/6 5650/5/6 5657/5/6
f 5652/5/6 5653/5/6 5660/5/6
f 5651/5/6 5652/5/6 5660/5/6
f 5660/5/6 5653/5/6 5661/5/6
f 5661/5/6 5653/5/6 5662/5/6
f 5657/5/6 5658/5/6 5663/5/6
f 5656/5/6 5657/5/6 5663/5/6
f 5663/5/6 5658/5/6 5664/5/6
f 5664/5/6 5658/5/6 5665/5/6
f 5660/5/6 5661/5/6 5668/5/6
f 5659/5/6 5660/5/6 5668/5/6
f 5668/5/6 5661/5/6 5669/5/6
f 5669/5/6 5661/5/6 5670/5/6
f 5665/5/6 5666/5/6 5671/5/6
f 5664/5/6 5665/5/6 5671/5/6
f 5671/5/6 5666/5/6 5672/5/6
f 5672/5/6 5666/5/6 5673/5/6
f 5668/5/6 5669/5/6 5675/5/6
f 5667/5/6 5668/5/6 5675/5/6
f 5675/5/6 5669/5/6 5676/5/6
f 5673/5/6 5674/5/6 5677/5/6
f 5672/5/6 5673/5/6 5677/5/6
f 5677/5/6 5674/5/6 5678/5/6
f 5667/5/6 5675/5/6 5680/5/6
f 5680/5/6 5675/5/6 5681/5/6
f 5681/5/6 5675/5/6 5682/5/6
f 5678/5/6 5674/5/6 5683/5/6
f 5683/5/6 5674/5/6 5684/5/6
f 5684/5/6 5674/5/6 5685/5/6
f 5679/5/6 5680/5/6 5688/5/6
f 5680/5/6 5681/5/6 5688/5/6
f 5688/5/6 5681/5/6 5689/5/6
f 5689/5/6 5681/5/6 5690/5/6
f 5685/5/6 5686/5/6 5691/5/6
f 5684/5/6 5685/5/6 5691/5/6
f 5691/5/6 5686/5/6 5692/5/6
f 5692/5/6 5686/5/6 5693/5/6
f 5688/5/6 5689/5/6 5696/5/6
f 5687/5/6 5688/5/6 5696/5/6
f 5696/5/6 5689/5/6 5697/5/6
f 5697/5/6 5689/5/6 5698/5/6
f 5693/5/6 5694/5/6 5699/5/6
f 5692/5/6 5693/5/6 5699/5/6
f 5699/5/6 5694/5/6 5700/5/6
f 5700/5/6 5694/5/6 5701/5/6
f 5696/5/6 5697/5/6 5704/5/6
f 5695/5/6 5696/5/6 5704/5/6
f 5704/5/6 5697/5/6 5705/5/6
f 5705/5/6 5697/5/6 5706/5/6
f 5701/5/6 5702/5/6 5707/5/6
f 5700/5/6 5701/5/6 5707/5/6
f 5707/5/6 5702/5/6 5708/5/6
f 5708/5/6 5702/5/6 5709/5/6
f 5704/5/6 5705/5/6 5712/5/6
f 5703/5/6 5704/5/6 5712/5/6
f 5712/5/6 5705/5/6 5713/5/6
f 5713/5/6 5705/5/6 5714/5/6
f 5709/5/6 5710/5/6 5715/5/6
f 5708/5/6 5709/5/6 5715/5/6
f 5715/5/6 5710/5/6 5716/5/6
f 5716/5/6 5710/5/6 5717/5/6
f 5712/5/6 5713/5/6 5720/5/6
f 5711/5/6 5712/5/6 5720/5/6
f 5720/5/6 5713/5/6 5721/5/6
f 5721/5/6 5713/5/6 5722/5/6
f 5717/5/6 5718/5/6 5723/5/6
f 5716/5/6 5717/5/6 5723/5/6
f 5723/5/6 5718/5/6 5724/5/6
f 5724/5/6 5718/5/6 5725/5/6
f 5720/5/6 5721/5/6 5727/5/6
f 5719/5/6 5720/5/6 5727/5/6
f 5727/5/6 5721/5/6 5728/5/6
f 5725/5/6 5726/5/6 5729/5/6
f 5724/5/6 5725/5/6 5729/5/6
f 5729/5/6 5726/5/6 5730/5/6
f 5719/5/6 5727/5/6 5732/5/6
f 5730/5/6 5726/5/6 5733/5/6
f 5731/5/6 5732/5/6 5735/5/6
f 5732/5/6 5727/5/6 5735/5/6
f 5735/5/6 5727/5/6 5736/5/6
f 5733/5/6 5734/5/6 5737/5/6
f 5730/5/6 5733/5/6 5737/5/6
f 5737/5/6 5734/5/6 5738/5/6
f 5731/5/6 5735/5/6 5740/5/6
f 5738/5/6 5734/5/6 5741/5/6
f 5739/5/6 5740/5/6 5743/5/6
f 5740/5/6 5735/5/6 5743/5/6
f 5743/5/6 5735/5/6 5744/5/6
f 5741/5/6 5742/5/6 5745/5/6
f 5738/5/6 5741/5/6 5745/5/6
f 5745/5/6 5742/5/6 5746/5/6
f 5739/5/6 5743/5/6 5748/5/6
f 5748/5/6 5743/5/6 5749/5/6
f 5749/5/6 5743/5/6 5750/5/6
f 5746/5/6 5742/5/6 5751/5/6
f 5751/5/6 5742/5/6 5752/5/6
f 5752/5/6 5742/5/6 5753/5/6
f 5747/5/6 5748/5/6 5756/5/6
f 5748/5/6 5749/5/6 5756/5/6
f 5753/5/6 5754/5/6 5757/5/6
f 5752/5/6 5753/5/6 5757/5/6
f 5755/5/6 5756/5/6 5759/5/6
f 5756/5/6 5749/5/6 5759/5/6
f 5759/5/6 5749/5/6 5760/5/6
f 5757/5/6 5758/5/6 5761/5/6
f 5752/5/6 5757/5/6 5761/5/6
f 5761/5/6 5758/5/6 5762/5/6
f 5755/5/6 5759/5/6 5764/5/6
f 5762/5/6 5758/5/6 5765/5/6
f 5763/5/6 5764/5/6 5767/5/6
f 5764/5/6 5759/5/6 5767/5/6
f 5767/5/6 5759/5/6 5768/5/6
f 5765/5/6 5766/5/6 5769/5/6
f 5762/5/6 5765/5/6 5769/5/6
f 5769/5/6 5766/5/6 5770/5/6
f 5763/5/6 5767/5/6 5772/5/6
f 5770/5/6 5766/5/6 5773/5/6
f 5771/5/6 5772/5/6 5775/5/6
f 5772/5/6 5767/5/6 5775/5/6
f 5775/5/6 5767/5/6 5776/5/6
f 5773/5/6 5774/5/6 5777/5/6
f 5770/5/6 5773/5/6 5777/5/6
f 5777/5/6 5774/5/6 5778/5/6
f 5771/5/6 5775/5/6 5779/5/6
f 5779/5/6 5775/5/6 5780/5/6
f 5778/5/6 5774/5/6 5781/5/6
f 5781/5/6 5774/5/6 5782/5/6
f 5779/3/6 5780/3/6 5783/3/6
f 5783/3/6 5780/3/6 5784/3/6
f 5781/3/6 5782/3/6 5785/3/6
f 5785/3/6 5782/3/6 5786/3/6
f 5783/5/6 5784/5/6 5787/5/6
f 5785/5/6 5786/5/6 5790/5/6
f 5787/5/6 5788/5/6 5791/5/6
f 5783/5/6 5787/5/6 5791/5/6
f 5791/5/6 5788/5/6 5792/5/6
f 5789/5/6 5790/5/6 5793/5/6
f 5790/5/6 5786/5/6 5793/5/6
f 5793/5/6 5786/5/6 5794/5/6
f 5792/5/6 5788/5/6 5795/5/6
f 5789/5/6 5793/5/6 5798/5/6
f 5795/5/6 5796/5/6 5799/5/6
f 5792/5/6 5795/5/6 5799/5/6
f 5799/5/6 5796/5/6 5800/5/6
f 5797/5/6 5798/5/6 5801/5/6
f 5798/5/6 5793/5/6 5801/5/6
f 5801/5/6 5793/5/6 5802/5/6
f 5800/5/6 5796/5/6 5803/5/6
f 5797/5/6 5801/5/6 5806/5/6
f 5803/5/6 5804/5/6 5807/5/6
f 5800/5/6 5803/5/6 5807/5/6
f 5807/5/6 5804/5/6 5808/5/6
f 5805/5/6 5806/5/6 5809/5/6
f 5806/5/6 5801/5/6 5809/5/6
f 5809/5/6 5801/5/6 5810/5/6
f 5808/5/6 5804/5/6 5811/5/6
f 5811/5/6 5804/5/6 5812/5/6
f 5812/5/6 5804/5/6 5813/5/6
f 5805/5/6 5809/5/6 5816/5/6
f 5816/5/6 5809/5/6 5817/5/6
f 5817/5/6 5809/5/6 5818/5/6
f 5813/5/6 5814/5/6 5819/5/6
f 5812/5/6 5813/5/6 5819/5/6
f 5816/5/6 5817/5/6 5822/5/6
f 5815/5/6 5816/5/6 5822/5/6
f 5819/5/6 5820/5/6 5823/5/6
f 5812/5/6 5819/5/6 5823/5/6
f 5823/5/6 5820/5/6 5824/5/6
f 5821/5/6 5822/5/6 5825/5/6
f 5822/5/6 5817/5/6 5825/5/6
f 5825/5/6 5817/5/6 5826/5/6
f 5824/5/6 5820/5/6 5827/5/6
f 5821/5/6 5825/5/6 5830/5/6
f 5827/5/6 5828/5/6 5831/5/6
f 5824/5/6 5827/5/6 5831/5/6
f 5831/5/6 5828/5/6 5832/5/6
f 5829/5/6 5830/5/6 5833/5/6
f 5830/5/6 5825/5/6 5833/5/6
f 5833/5/6 5825/5/6 5834/5/6
f 5832/5/6 5828/5/6 5835/5/6
f 5829/5/6 5833/5/6 5838/5/6
f 5835/5/6 5836/5/6 5839/5/6
f 5832/5/6 5835/5/6 5839/5/6
f 5839/5/6 5836/5/6 5840/5/6
f 5840/5/6 5836/5/6 5841/5/6
f 5837/5/6 5838/5/6 5844/5/6
f 5838/5/6 5833/5/6 5845/5/6
f 5844/5/6 5838/5/6 5845/5/6
f 5845/5/6 5833/5/6 5846/5/6
f 5841/5/6 5842/5/6 5847/5/6
f 5840/5/6 5841/5/6 5847/5/6
f 5847/5/6 5842/5/6 5848/5/6
f 5848/5/6 5842/5/6 5849/5/6
f 5843/5/6 5844/5/6 5852/5/6
f 5844/5/6 5845/5/6 5852/5/6
f 5852/5/6 5845/5/6 5853/5/6
f 5853/5/6 5845/5/6 5854/5/6
f 5849/5/6 5850/5/6 5855/5/6
f 5848/5/6 5849/5/6 5855/5/6
f 5855/5/6 5850/5/6 5856/5/6
f 5856/5/6 5850/5/6 5857/5/6
f 5852/5/6 5853/5/6 5860/5/6
f 5851/5/6 5852/5/6 5860/5/6
f 5860/5/6 5853/5/6 5861/5/6
f 5861/5/6 5853/5/6 5862/5/6
f 5857/5/6 5858/5/6 5863/5/6
f 5856/5/6 5857/5/6 5863/5/6
f 5863/5/6 5858/5/6 5864/5/6
f 5864/5/6 5858/5/6 5865/5/6
f 5860/5/6 5861/5/6 5868/5/6
f 5859/5/6 5860/5/6 5868/5/6
f 5868/5/6 5861/5/6 5869/5/6
f 5869/5/6 5861/5/6 5870/5/6
f 5865/5/6 5866/5/6 5871/5/6
f 5864/5/6 5865/5/6 5871/5/6
f 5871/5/6 5866/5/6 5872/5/6
f 5872/5/6 5866/5/6 5873/5/6
f 5868/5/6 5869/5/6 5876/5/6
f 5867/5/6 5868/5/6 5876/5/6
f 5876/5/6 5869/5/6 5877/5/6
f 5877/5/6 5869/5/6 5878/5/6
f 5873/5/6 5874/5/6 5879/5/6
f 5872/5/6 5873/5/6 5879/5/6
f 5879/5/6 5874/5/6 5880/5/6
f 5880/5/6 5874/5/6 5881/5/6
f 5876/5/6 5877/5/6 5884/5/6
f 5875/5/6 5876/5/6 5884/5/6
f 5884/5/6 5877/5/6 5885/5/6
f 5885/5/6 5877/5/6 5886/5/6
f 5881/5/6 5882/5/6 5887/5/6
f 5880/5/6 5881/5/6 5887/5/6
f 5884/5/6 5885/5/6 5890/5/6
f 5883/5/6 5884/5/6 5890/5/6
f 5887/5/6 5888/5/6 5891/5/6
f 5880/5/6 5887/5/6 5891/5/6
f 5891/5/6 5888/5/6 5892/5/6
f 5892/5/6 5888/5/6 5893/5/6
f 5889/5/6 5890/5/6 5896/5/6
f 5890/5/6 5885/5/6 5897/5/6
f 5896/5/6 5890/5/6 5897/5/6
f 5897/5/6 5885/5/6 5898/5/6
f 5893/5/6 5894/5/6 5899/5/6
f 5892/5/6 5893/5/6 5899/5/6
f 5899/5/6 5894/5/6 5900/5/6
f 5900/5/6 5894/5/6 5901/5/6
f 5895/5/6 5896/5/6 5904/5/6
f 5896/5/6 5897/5/6 5904/5/6
f 5904/5/6 5897/5/6 5905/5/6
f 5905/5/6 5897/5/6 5906/5/6
f 5901/5/6 5902/5/6 5907/5/6
f 5900/5/6 5901/5/6 5907/5/6
f 5907/5/6 5902/5/6 5908/5/6
f 5908/5/6 5902/5/6 5909/5/6
f 5904/5/6 5905/5/6 5912/5/6
f 5903/5/6 5904/5/6 5912/5/6
f 5912/5/6 5905/5/6 5913/5/6
f 5913/5/6 5905/5/6 5914/5/6
f 5909/5/6 5910/5/6 5915/5/6
f 5908/5/6 5909/5/6 5915/5/6
f 5915/5/6 5910/5/6 5916/5/6
f 5916/5/6 5910/5/6 5917/5/6
f 5912/5/6 5913/5/6 5920/5/6
f 5911/5/6 5912/5/6 5920/5/6
f 5920/5/6 5913/5/6 5921/5/6
f 5921/5/6 5913/5/6 5922/5/6
f 5917/5/6 5918/5/6 5923/5/6
f 5916/5/6 5917/5/6 5923/5/6
f 5923/5/6 5918/5/6 5924/5/6
f 5924/5/6 5918/5/6 5925/5/6
f 5920/5/6 5921/5/6 5928/5/6
f 5919/5/6 5920/5/6 5928/5/6
f 5928/5/6 5921/5/6 5929/5/6
f 5929/5/6 5921/5/6 5930/5/6
f 5925/5/6 5926/5/6 5931/5/6
f 5924/5/6 5925/5/6 5931/5/6
f 5931/5/6 5926/5/6 5932/5/6
f 5932/5/6 5926/5/6 5933/5/6
f 5928/5/6 5929/5/6 5936/5/6
f 5927/5/6 5928/5/6 5936/5/6
f 5936/5/6 5929/5/6 5937/5/6
f 5937/5/6 5929/5/6 5938/5/6
f 5933/5/6 5934/5/6 5939/5/6
f 5932/5/6 5933/5/6 5939/5/6
f 5939/5/6 5934/5/6 5940/5/6
f 5940/5/6 5934/5/6 5941/5/6
f 5936/5/6 5937/5/6 5944/5/6
f 5935/5/6 5936/5/6 5944/5/6
f 5944/5/6 5937/5/6 5945/5/6
f 5945/5/6 5937/5/6 5946/5/6
f 5941/5/6 5942/5/6 5947/5/6
f 5940/5/6 5941/5/6 5947/5/6
f 5947/5/6 5942/5/6 5948/5/6
f 5948/5/6 5942/5/6 5949/5/6
f 5944/5/6 5945/5/6 5952/5/6
f 5943/5/6 5944/5/6 5952/5/6
f 5952/5/6 5945/5/6 5953/5/6
f 5953/5/6 5945/5/6 5954/5/6
f 5949/5/6 5950/5/6 5955/5/6
f 5948/5/6 5949/5/6 5955/5/6
f 5955/5/6 5950/5/6 5956/5/6
f 5956/5/6 5950/5/6 5957/5/6
f 5952/5/6 5953/5/6 5960/5/6
f 5951/5/6 5952/5/6 5960/5/6
f 5960/5/6 5953/5/6 5961/5/6
f 5961/5/6 5953/5/6 5962/5/6
f 5957/5/6 5958/5/6 5963/5/6
f 5956/5/6 5957/5/6 5963/5/6
f 5963/5/6 5958/5/6 5964/5/6
f 5964/5/6 5958/5/6 5965/5/6
f 5960/5/6 5961/5/6 5968/5/6
f 5959/5/6 5960/5/6 5968/5/6
f 5968/5/6 5961/5/6 5969/5/6
f 5969/5/6 5961/5/6 5970/5/6
f 5965/5/6 5966/5/6 5971/5/6
f 5964/5/6 5965/5/6 5971/5/6
f 5971/5/6 5966/5/6 5972/5/6
f 5972/5/6 5966/5/6 5973/5/6
f 5968/5/6 5969/5/6 5976/5/6
f 5967/5/6 5968/5/6 5976/5/6
f 5976/5/6 5969/5/6 5977/5/6
f 5977/5/6 5969/5/6 5978/5/6
f 5973/5/6 5974/5/6 5979/5/6
f 5972/5/6 5973/5/6 5979/5/6
f 5979/5/6 5974/5/6 5980/5/6
f 5980/5/6 5974/5/6 5981/5/6
f 5976/5/6 5977/5/6 5984/5/6
f 5975/5/6 5976/5/6 5984/5/6
f 5984/5/6 5977/5/6 5985/5/6
f 5985/5/6 5977/5/6 5986/5/6
f 5981/5/6 5982/5/6 5987/5/6
f 5980/5/6 5981/5/6 5987/5/6
f 5987/5/6 5982/5/6 5988/5/6
f 5988/5/6 5982/5/6 5989/5/6
f 5984/5/6 5985/5/6 5992/5/6
f 5983/5/6 5984/5/6 5992/5/6
f 5992/5/6 5985/5/6 5993/5/6
f 5993/5/6 5985/5/6 5994/5/6
f 5989/5/6 5990/5/6 5995/5/6
f 5988/5/6 5989/5/6 5995/5/6
f 5995/5/6 5990/5/6 5996/5/6
f 5996/5/6 5990/5/6 5997/5/6
f 5992/5/6 5993/5/6 6000/5/6
f 5991/5/6 5992/5/6 6000/5/6
f 6000/5/6 5993/5/6 6001/5/6
f 6001/5/6 5993/5/6 6002/5/6
f 5997/5/6 5998/5/6 6003/5/6
f 5996/5/6 5997/5/6 6003/5/6
f 6003/5/6 5998/5/6 6004/5/6
f 6004/5/6 5998/5/6 6005/5/6
f 6000/5/6 6001/5/6 6008/5/6
f 5999/5/6 6000/5/6 6008/5/6
f 6008/5/6 6001/5/6 6009/5/6
f 6009/5/6 6001/5/6 6010/5/6
f 6005/5/6 6006/5/6 6011/5/6
f 6004/5/6 6005/5/6 6011/5/6
f 6011/5/6 6006/5/6 6012/5/6
f 6008/5/6 6009/5/6 6013/5/6
f 6007/5/6 6008/5/6 6013/5/6
f 6013/5/6 6009/5/6 6014/5/6
f 6012/5/6 6006/5/6 6015/5/6
f 6015/5/6 6006/5/6 6016/5/6
f 6007/5/6 6013/5/6 6017/5/6
f 6017/5/6 6013/5/6 6018/5/6
f 6016/5/6 6006/5/6 6019/5/6
f 6019/5/6 6006/5/6 6020/5/6
f 6007/5/6 6017/5/6 6021/5/6
f 6021/5/6 6017/5/6 6022/5/6
f 6020/5/6 6006/5/6 6023/5/6
f 6006/3/6 6007/3/6 6024/3/6
f 6023/5/6 6006/5/6 6024/5/6
f 6007/5/6 6021/5/6 6025/5/6
f 6024/3/6 6007/3/6 6025/3/6
f 6025/5/6 6021/5/6 6026/5/6
f 6027/5/6 6028/5/6 6032/5/6
f 6029/5/6 6030/5/6 6033/5/6
f 6031/5/6 6032/5/6 6036/5/6
f 6033/5/6 6034/5/6 6037/5/6
f 6035/5/6 6036/5/6 6040/5/6
f 6037/5/6 6038/5/6 6041/5/6
f 6039/5/6 6040/5/6 6044/5/6
f 6032/5/6 6028/5/6 6045/5/6
f 6036/5/6 6032/5/6 6045/5/6
f 6044/5/6 6040/5/6 6045/5/6
f 6040/5/6 6036/5/6 6045/5/6
f 6028/3/6 6029/3/6 6046/3/6
f 6045/5/6 6028/5/6 6046/5/6
f 6041/5/6 6042/5/6 6047/5/6
f 6046/3/6 6029/3/6 6047/3/6
f 6029/5/6 6033/5/6 6047/5/6
f 6037/5/6 6041/5/6 6047/5/6
f 6033/5/6 6037/5/6 6047/5/6
f 6047/5/6 6042/5/6 6048/5/6
f 6048/5/6 6042/5/6 6049/5/6
f 6044/5/6 6045/5/6 6052/5/6
f 6043/5/6 6044/5/6 6052/5/6
f 6052/5/6 6045/5/6 6053/5/6
f 6053/5/6 6045/5/6 6054/5/6
f 6049/5/6 6050/5/6 6055/5/6
f 6048/5/6 6049/5/6 6055/5/6
f 6055/5/6 6050/5/6 6056/5/6
f 6056/5/6 6050/5/6 6057/5/6
f 6052/5/6 6053/5/6 6060/5/6
f 6051/5/6 6052/5/6 6060/5/6
f 6060/5/6 6053/5/6 6061/5/6
f 6061/5/6 6053/5/6 6062/5/6
f 6057/5/6 6058/5/6 6063/5/6
f 6056/5/6 6057/5/6 6063/5/6
f 6063/5/6 6058/5/6 6064/5/6
f 6064/5/6 6058/5/6 6065/5/6
f 6060/5/6 6061/5/6 6068/5/6
f 6059/5/6 6060/5/6 6068/5/6
f 6068/5/6 6061/5/6 6069/5/6
f 6069/5/6 6061/5/6 6070/5/6
f 6065/5/6 6066/5/6 6071/5/6
f 6064/5/6 6065/5/6 6071/5/6
f 6071/5/6 6066/5/6 6072/5/6
f 6072/5/6 6066/5/6 6073/5/6
f 6068/5/6 6069/5/6 6076/5/6
f 6067/5/6 6068/5/6 6076/5/6
f 6076/5/6 6069/5/6 6077/5/6
f 6077/5/6 6069/5/6 6078/5/6
f 6073/5/6 6074/5/6 6079/5/6
f 6072/5/6 6073/5/6 6079/5/6
f 6079/5/6 6074/5/6 6080/5/6
f 6080/5/6 6074/5/6 6081/5/6
f 6076/5/6 6077/5/6 6084/5/6
f 6075/5/6 6076/5/6 6084/5/6
f 6084/5/6 6077/5/6 6085/5/6
f 6085/5/6 6077/5/6 6086/5/6
f 6081/5/6 6082/5/6 6087/5/6
f 6080/5/6 6081/5/6 6087/5/6
f 6087/5/6 6082/5/6 6088/5/6
f 6088/5/6 6082/5/6 6089/5/6
f 6084/5/6 6085/5/6 6092/5/6
f 6083/5/6 6084/5/6 6092/5/6
f 6092/5/6 6085/5/6 6093/5/6
f 6093/5/6 6085/5/6 6094/5/6
f 6089/5/6 6090/5/6 6095/5/6
f 6088/5/6 6089/5/6 6095/5/6
f 6095/5/6 6090/5/6 6096/5/6
f 6096/5/6 6090/5/6 6097/5/6
f 6092/5/6 6093/5/6 6100/5/6
f 6091/5/6 6092/5/6 6100/5/6
f 6100/5/6 6093/5/6 6101/5/6
f 6101/5/6 6093/5/6 6102/5/6
f 6097/5/6 6098/5/6 6103/5/6
f 6096/5/6 6097/5/6 6103/5/6
f 6103/5/6 6098/5/6 6104/5/6
f 6104/5/6 6098/5/6 6105/5/6
f 6100/5/6 6101/5/6 6108/5/6
f 6099/5/6 6100/5/6 6108/5/6
f 6108/5/6 6101/5/6 6109/5/6
f 6109/5/6 6101/5/6 6110/5/6
f 6105/5/6 6106/5/6 6111/5/6
f 6104/5/6 6105/5/6 6111/5/6
f 6111/5/6 6106/5/6 6112/5/6
f 6112/5/6 6106/5/6 6113/5/6
f 6108/5/6 6109/5/6 6116/5/6
f 6107/5/6 6108/5/6 6116/5/6
f 6116/5/6 6109/5/6 6117/5/6
f 6117/5/6 6109/5/6 6118/5/6
f 6113/5/6 6114/5/6 6119/5/6
f 6112/5/6 6113/5/6 6119/5/6
f 6119/5/6 6114/5/6 6120/5/6
f 6120/5/6 6114/5/6 6121/5/6
f 6116/5/6 6117/5/6 6124/5/6
f 6115/5/6 6116/5/6 6124/5/6
f 6124/5/6 6117/5/6 6125/5/6
f 6125/5/6 6117/5/6 6126/5/6
f 6121/5/6 6122/5/6 6127/5/6
f 6120/5/6 6121/5/6 6127/5/6
f 6127/5/6 6122/5/6 6128/5/6
f 6128/5/6 6122/5/6 6129/5/6
f 6124/5/6 6125/5/6 6132/5/6
f 6123/5/6 6124/5/6 6132/5/6
f 6132/5/6 6125/5/6 6133/5/6
f 6133/5/6 6125/5/6 6134/5/6
f 6129/5/6 6130/5/6 6135/5/6
f 6128/5/6 6129/5/6 6135/5/6
f 6135/5/6 6130/5/6 6136/5/6
f 6136/5/6 6130/5/6 6137/5/6
f 6132/5/6 6133/5/6 6140/5/6
f 6131/5/6 6132/5/6 6140/5/6
f 6140/5/6 6133/5/6 6141/5/6
f 6141/5/6 6133/5/6 6142/5/6
f 6137/5/6 6138/5/6 6143/5/6
f 6136/5/6 6137/5/6 6143/5/6
f 6143/5/6 6138/5/6 6144/5/6
f 6144/5/6 6138/5/6 6145/5/6
f 6140/5/6 6141/5/6 6148/5/6
f 6139/5/6 6140/5/6 6148/5/6
f 6148/5/6 6141/5/6 6149/5/6
f 6149/5/6 6141/5/6 6150/5/6
f 6145/5/6 6146/5/6 6151/5/6
f 6144/5/6 6145/5/6 6151/5/6
f 6151/5/6 6146/5/6 6152/5/6
f 6152/5/6 6146/5/6 6153/5/6
f 6148/5/6 6149/5/6 6156/5/6
f 6147/5/6 6148/5/6 6156/5/6
f 6156/5/6 6149/5/6 6157/5/6
f 6157/5/6 6149/5/6 6158/5/6
f 6153/5/6 6154/5/6 6159/5/6
f 6152/5/6 6153/5/6 6159/5/6
f 6159/5/6 6154/5/6 6160/5/6
f 6160/5/6 6154/5/6 6161/5/6
f 6156/5/6 6157/5/6 6163/5/6
f 6155/5/6 6156/5/6 6163/5/6
f 6163/5/6 6157/5/6 6164/5/6
f 6161/5/6 6162/5/6 6165/5/6
f 6160/5/6 6161/5/6 6165/5/6
f 6165/5/6 6162/5/6 6166/5/6
f 6155/5/6 6163/5/6 6168/5/6
f 6168/5/6 6163/5/6 6169/5/6
f 6169/5/6 6163/5/6 6170/5/6
f 6166/5/6 6162/5/6 6171/5/6
f 6171/5/6 6162/5/6 6172/5/6
f 6172/5/6 6162/5/6 6173/5/6
f 6167/5/6 6168/5/6 6176/5/6
f 6168/5/6 6169/5/6 6176/5/6
f 6176/5/6 6169/5/6 6177/5/6
f 6177/5/6 6169/5/6 6178/5/6
f 6173/5/6 6174/5/6 6179/5/6
f 6172/5/6 6173/5/6 6179/5/6
f 6179/5/6 6174/5/6 6180/5/6
f 6180/5/6 6174/5/6 6181/5/6
f 6176/5/6 6177/5/6 6183/5/6
f 6175/5/6 6176/5/6 6183/5/6
f 6183/5/6 6177/5/6 6184/5/6
f 6181/5/6 6182/5/6 6185/5/6
f 6180/5/6 6181/5/6 6185/5/6
f 6185/5/6 6182/5/6 6186/5/6
f 6175/5/6 6183/5/6 6188/5/6
f 6186/5/6 6182/5/6 6189/5/6
f 6187/5/6 6188/5/6 6192/5/6
f 6188/5/6 6183/5/6 6193/5/6
f 6192/5/6 6188/5/6 6193/5/6
f 6193/5/6 6183/5/6 6194/5/6
f 6189/5/6 6190/5/6 6195/5/6
f 6186/5/6 6189/5/6 6195/5/6
f 6195/5/6 6190/5/6 6196/5/6
f 6196/5/6 6190/5/6 6197/5/6
f 6191/5/6 6192/5/6 6199/5/6
f 6192/5/6 6193/5/6 6199/5/6
f 6199/5/6 6193/5/6 6200/5/6
f 6197/5/6 6198/5/6 6201/5/6
f 6196/5/6 6197/5/6 6201/5/6
f 6201/5/6 6198/5/6 6202/5/6
f 6191/5/6 6199/5/6 6204/5/6
f 6202/5/6 6198/5/6 6205/5/6
f 6203/5/6 6204/5/6 6207/5/6
f 6204/5/6 6199/5/6 6207/5/6
f 6207/5/6 6199/5/6 6208/5/6
f 6205/5/6 6206/5/6 6209/5/6
f 6202/5/6 6205/5/6 6209/5/6
f 6209/5/6 6206/5/6 6210/5/6
f 6203/5/6 6207/5/6 6212/5/6
f 6210/5/6 6206/5/6 6213/5/6
f 6211/5/6 6212/5/6 6215/5/6
f 6212/5/6 6207/5/6 6215/5/6
f 6215/5/6 6207/5/6 6216/5/6
f 6213/5/6 6214/5/6 6217/5/6
f 6210/5/6 6213/5/6 6217/5/6
f 6217/5/6 6214/5/6 6218/5/6
f 6211/5/6 6215/5/6 6220/5/6
f 6218/5/6 6214/5/6 6221/5/6
f 6219/5/6 6220/5/6 6223/5/6
f 6220/5/6 6215/5/6 6223/5/6
f 6223/5/6 6215/5/6 6224/5/6
f 6221/5/6 6222/5/6 6225/5/6
f 6218/5/6 6221/5/6 6225/5/6
f 6225/5/6 6222/5/6 6226/5/6
f 6219/5/6 6223/5/6 6228/5/6
f 6226/5/6 6222/5/6 6229/5/6
f 6227/5/6 6228/5/6 6231/5/6
f 6228/5/6 6223/5/6 6231/5/6
f 6231/5/6 6223/5/6 6232/5/6
f 6229/5/6 6230/5/6 6233/5/6
f 6226/5/6 6229/5/6 6233/5/6
f 6233/5/6 6230/5/6 6234/5/6
f 6227/5/6 6231/5/6 6236/5/6
f 6236/5/6 6231/5/6 6237/5/6
f 6237/5/6 6231/5/6 6238/5/6
f 6234/5/6 6230/5/6 6239/5/6
f 6239/5/6 6230/5/6 6240/5/6
f 6240/5/6 6230/5/6 6241/5/6
f 6235/5/6 6236/5/6 6244/5/6
f 6236/5/6 6237/5/6 6244/5/6
f 6244/5/6 6237/5/6 6245/5/6
f 6245/5/6 6237/5/6 6246/5/6
f 6241/5/6 6242/5/6 6247/5/6
f 6240/5/6 6241/5/6 6247/5/6
f 6247/5/6 6242/5/6 6248/5/6
f 6248/5/6 6242/5/6 6249/5/6
f 6244/5/6 6245/5/6 6251/5/6
f 6243/5/6 6244/5/6 6251/5/6
f 6251/5/6 6245/5/6 6252/5/6
f 6249/5/6 6250/5/6 6253/5/6
f 6248/5/6 6249/5/6 6253/5/6
f 6253/5/6 6250/5/6 6254/5/6
f 6251/3/6 6252/3/6 6255/3/6
f 6255/3/6 6252/3/6 6256/3/6
f 6253/3/6 6254/3/6 6257/3/6
f 6257/3/6 6254/3/6 6258/3/6
f 6255/5/6 6256/5/6 6259/5/6
f 6259/5/6 6256/5/6 6260/5/6
f 6260/5/6 6256/5/6 6261/5/6
f 6257/5/6 6258/5/6 6264/5/6
f 6264/5/6 6258/5/6 6265/5/6
f 6265/5/6 6258/5/6 6266/5/6
f 6261/5/6 6262/5/6 6267/5/6
f 6260/5/6 6261/5/6 6267/5/6
f 6267/5/6 6262/5/6 6268/5/6
f 6268/5/6 6262/5/6 6269/5/6
f 6264/5/6 6265/5/6 6272/5/6
f 6263/5/6 6264/5/6 6272/5/6
f 6272/5/6 6265/5/6 6273/5/6
f 6273/5/6 6265/5/6 6274/5/6
f 6269/5/6 6270/5/6 6275/5/6
f 6268/5/6 6269/5/6 6275/5/6
f 6272/5/6 6273/5/6 6278/5/6
f 6271/5/6 6272/5/6 6278/5/6
f 6275/5/6 6276/5/6 6279/5/6
f 6268/5/6 6275/5/6 6279/5/6
f 6279/5/6 6276/5/6 6280/5/6
f 6277/5/6 6278/5/6 6281/5/6
f 6278/5/6 6273/5/6 6281/5/6
f 6281/5/6 6273/5/6 6282/5/6
f 6280/5/6 6276/5/6 6283/5/6
f 6277/5/6 6281/5/6 6286/5/6
f 6283/5/6 6284/5/6 6287/5/6
f 6280/5/6 6283/5/6 6287/5/6
f 6287/5/6 6284/5/6 6288/5/6
f 6285/5/6 6286/5/6 6289/5/6
f 6286/5/6 6281/5/6 6289/5/6
f 6289/5/6 6281/5/6 6290/5/6
f 6288/5/6 6284/5/6 6291/5/6
f 6285/5/6 6289/5/6 6294/5/6
f 6291/5/6 6292/5/6 6295/5/6
f 6288/5/6 6291/5/6 6295/5/6
f 6295/5/6 6292/5/6 6296/5/6
f 6293/5/6 6294/5/6 6297/5/6
f 6294/5/6 6289/5/6 6297/5/6
f 6297/5/6 6289/5/6 6298/5/6
f 6296/5/6 6292/5/6 6299/5/6
f 6293/5/6 6297/5/6 6302/5/6
f 6299/5/6 6300/5/6 6303/5/6
f 6296/5/6 6299/5/6 6303/5/6
f 6303/5/6 6300/5/6 6304/5/6
f 6301/5/6 6302/5/6 6305/5/6
f 6302/5/6 6297/5/6 6305/5/6
f 6305/5/6 6297/5/6 6306/5/6
f 6304/5/6 6300/5/6 6307/5/6
f 6301/5/6 6305/5/6 6310/5/6
f 6307/5/6 6308/5/6 6311/5/6
f 6304/5/6 6307/5/6 6311/5/6
f 6311/5/6 6308/5/6 6312/5/6
f 6312/5/6 6308/5/6 6313/5/6
f 6309/5/6 6310/5/6 6316/5/6
f 6310/5/6 6305/5/6 6317/5/6
f 6316/5/6 6310/5/6 6317/5/6
f 6317/5/6 6305/5/6 6318/5/6
f 6313/5/6 6314/5/6 6319/5/6
f 6312/5/6 6313/5/6 6319/5/6
f 6319/5/6 6314/5/6 6320/5/6
f 6315/5/6 6316/5/6 6321/5/6
f 6316/5/6 6317/5/6 6321/5/6
f 6321/5/6 6317/5/6 6322/5/6
f 6320/5/6 6314/5/6 6323/5/6
f 6315/5/6 6321/5/6 6326/5/6
f 6323/5/6 6324/5/6 6327/5/6
f 6320/5/6 6323/5/6 6327/5/6
f 6327/5/6 6324/5/6 6328/5/6
f 6328/5/6 6324/5/6 6329/5/6
f 6325/5/6 6326/5/6 6332/5/6
f 6326/5/6 6321/5/6 6333/5/6
f 6332/5/6 6326/5/6 6333/5/6
f 6333/5/6 6321/5/6 6334/5/6
f 6329/5/6 6330/5/6 6335/5/6
f 6328/5/6 6329/5/6 6335/5/6
f 6335/5/6 6330/5/6 6336/5/6
f 6336/5/6 6330/5/6 6337/5/6
f 6331/5/6 6332/5/6 6340/5/6
f 6332/5/6 6333/5/6 6340/5/6
f 6340/5/6 6333/5/6 6341/5/6
f 6341/5/6 6333/5/6 6342/5/6
f 6337/5/6 6338/5/6 6343/5/6
f 6336/5/6 6337/5/6 6343/5/6
f 6340/5/6 6341/5/6 6346/5/6
f 6339/5/6 6340/5/6 6346/5/6
f 6343/5/6 6344/5/6 6347/5/6
f 6336/5/6 6343/5/6 6347/5/6
f 6347/5/6 6344/5/6 6348/5/6
f 6348/5/6 6344/5/6 6349/5/6
f 6345/5/6 6346/5/6 6352/5/6
f 6346/5/6 6341/5/6 6353/5/6
f 6352/5/6 6346/5/6 6353/5/6
f 6353/5/6 6341/5/6 6354/5/6
f 6349/5/6 6350/5/6 6355/5/6
f 6348/5/6 6349/5/6 6355/5/6
f 6355/5/6 6350/5/6 6356/5/6
f 6356/5/6 6350/5/6 6357/5/6
f 6351/5/6 6352/5/6 6360/5/6
f 6352/5/6 6353/5/6 6360/5/6
f 6360/5/6 6353/5/6 6361/5/6
f 6361/5/6 6353/5/6 6362/5/6
f 6357/5/6 6358/5/6 6363/5/6
f 6356/5/6 6357/5/6 6363/5/6
f 6363/5/6 6358/5/6 6364/5/6
f 6364/5/6 6358/5/6 6365/5/6
f 6360/5/6 6361/5/6 6368/5/6
f 6359/5/6 6360/5/6 6368/5/6
f 6368/5/6 6361/5/6 6369/5/6
f 6369/5/6 6361/5/6 6370/5/6
f 6365/5/6 6366/5/6 6371/5/6
f 6364/5/6 6365/5/6 6371/5/6
f 6371/5/6 6366/5/6 6372/5/6
f 6372/5/6 6366/5/6 6373/5/6
f 6368/5/6 6369/5/6 6376/5/6
f 6367/5/6 6368/5/6 6376/5/6
f 6376/5/6 6369/5/6 6377/5/6
f 6377/5/6 6369/5/6 6378/5/6
f 6373/5/6 6374/5/6 6379/5/6
f 6372/5/6 6373/5/6 6379/5/6
f 6379/5/6 6374/5/6 6380/5/6
f 6380/5/6 6374/5/6 6381/5/6
f 6376/5/6 6377/5/6 6384/5/6
f 6375/5/6 6376/5/6 6384/5/6
f 6384/5/6 6377/5/6 6385/5/6
f 6385/5/6 6377/5/6 6386/5/6
f 6381/5/6 6382/5/6 6387/5/6
f 6380/5/6 6381/5/6 6387/5/6
f 6387/5/6 6382/5/6 6388/5/6
f 6388/5/6 6382/5/6 6389/5/6
f 6384/5/6 6385/5/6 6392/5/6
f 6383/5/6 6384/5/6 6392/5/6
f 6392/5/6 6385/5/6 6393/5/6
f 6393/5/6 6385/5/6 6394/5/6
f 6389/5/6 6390/5/6 6395/5/6
f 6388/5/6 6389/5/6 6395/5/6
f 6395/5/6 6390/5/6 6396/5/6
f 6396/5/6 6390/5/6 6397/5/6
f 6392/5/6 6393/5/6 6400/5/6
f 6391/5/6 6392/5/6 6400/5/6
f 6400/5/6 6393/5/6 6401/5/6
f 6401/5/6 6393/5/6 6402/5/6
f 6397/5/6 6398/5/6 6403/5/6
f 6396/5/6 6397/5/6 6403/5/6
f 6403/5/6 6398/5/6 6404/5/6
f 6404/5/6 6398/5/6 6405/5/6
f 6400/5/6 6401/5/6 6408/5/6
f 6399/5/6 6400/5/6 6408/5/6
f 6408/5/6 6401/5/6 6409/5/6
f 6409/5/6 6401/5/6 6410/5/6
f 6405/5/6 6406/5/6 6411/5/6
f 6404/5/6 6405/5/6 6411/5/6
f 6411/5/6 6406/5/6 6412/5/6
f 6412/5/6 6406/5/6 6413/5/6
f 6408/5/6 6409/5/6 6416/5/6
f 6407/5/6 6408/5/6 6416/5/6
f 6416/5/6 6409/5/6 6417/5/6
f 6417/5/6 6409/5/6 6418/5/6
f 6413/5/6 6414/5/6 6419/5/6
f 6412/5/6 6413/5/6 6419/5/6
f 6419/5/6 6414/5/6 6420/5/6
f 6420/5/6 6414/5/6 6421/5/6
f 6416/5/6 6417/5/6 6424/5/6
f 6415/5/6 6416/5/6 6424/5/6
f 6424/5/6 6417/5/6 6425/5/6
f 6425/5/6 6417/5/6 6426/5/6
f 6421/5/6 6422/5/6 6427/5/6
f 6420/5/6 6421/5/6 6427/5/6
f 6427/5/6 6422/5/6 6428/5/6
f 6428/5/6 6422/5/6 6429/5/6
f 6424/5/6 6425/5/6 6432/5/6
f 6423/5/6 6424/5/6 6432/5/6
f 6432/5/6 6425/5/6 6433/5/6
f 6433/5/6 6425/5/6 6434/5/6
f 6429/5/6 6430/5/6 6435/5/6
f 6428/5/6 6429/5/6 6435/5/6
f 6435/5/6 6430/5/6 6436/5/6
f 6436/5/6 6430/5/6 6437/5/6
f 6432/5/6 6433/5/6 6440/5/6
f 6431/5/6 6432/5/6 6440/5/6
f 6440/5/6 6433/5/6 6441/5/6
f 6441/5/6 6433/5/6 6442/5/6
f 6437/5/6 6438/5/6 6443/5/6
f 6436/5/6 6437/5/6 6443/5/6
f 6443/5/6 6438/5/6 6444/5/6
f 6444/5/6 6438/5/6 6445/5/6
f 6440/5/6 6441/5/6 6448/5/6
f 6439/5/6 6440/5/6 6448/5/6
f 6448/5/6 6441/5/6 6449/5/6
f 6449/5/6 6441/5/6 6450/5/6
f 6445/5/6 6446/5/6 6451/5/6
f 6444/5/6 6445/5/6 6451/5/6
f 6451/5/6 6446/5/6 6452/5/6
f 6452/5/6 6446/5/6 6453/5/6
f 6448/5/6 6449/5/6 6456/5/6
f 6447/5/6 6448/5/6 6456/5/6
f 6456/5/6 6449/5/6 6457/5/6
f 6457/5/6 6449/5/6 6458/5/6
f 6453/5/6 6454/5/6 6459/5/6
f 6452/5/6 6453/5/6 6459/5/6
f 6459/5/6 6454/5/6 6460/5/6
f 6460/5/6 6454/5/6 6461/5/6
f 6456/5/6 6457/5/6 6464/5/6
f 6455/5/6 6456/5/6 6464/5/6
f 6464/5/6 6457/5/6 6465/5/6
f 6465/5/6 6457/5/6 6466/5/6
f 6461/5/6 6462/5/6 6467/5/6
f 6460/5/6 6461/5/6 6467/5/6
f 6467/5/6 6462/5/6 6468/5/6
f 6464/5/6 6465/5/6 6469/5/6
f 6463/5/6 6464/5/6 6469/5/6
f 6469/5/6 6465/5/6 6470/5/6
f 6468/5/6 6462/5/6 6471/5/6
f 6471/5/6 6462/5/6 6472/5/6
f 6463/5/6 6469/5/6 6473/5/6
f 6473/5/6 6469/5/6 6474/5/6
f 6472/5/6 6462/5/6 6475/5/6
f 6475/5/6 6462/5/6 6476/5/6
f 6463/5/6 6473/5/6 6477/5/6
f 6477/5/6 6473/5/6 6478/5/6
f 6476/5/6 6462/5/6 6479/5/6
f 6462/3/6 6463/3/6 6480/3/6
f 6479/5/6 6462/5/6 6480/5/6
f 6463/5/6 6477/5/6 6481/5/6
f 6480/3/6 6463/3/6 6481/3/6
f 6481/5/6 6477/5/6 6482/5/6
f 6483/5/6 6484/5/6 6488/5/6
f 6485/5/6 6486/5/6 6489/5/6
f 6487/5/6 6488/5/6 6492/5/6
f 6489/5/6 6490/5/6 6493/5/6
f 6491/5/6 6492/5/6 6496/5/6
f 6493/5/6 6494/5/6 6497/5/6
f 6495/5/6 6496/5/6 6500/5/6
f 6488/5/6 6484/5/6 6501/5/6
f 6492/5/6 6488/5/6 6501/5/6
f 6500/5/6 6496/5/6 6501/5/6
f 6496/5/6 6492/5/6 6501/5/6
f 6484/3/6 6485/3/6 6502/3/6
f 6501/5/6 6484/5/6 6502/5/6
f 6497/5/6 6498/5/6 6503/5/6
f 6502/3/6 6485/3/6 6503/3/6
f 6485/5/6 6489/5/6 6503/5/6
f 6493/5/6 6497/5/6 6503/5/6
f 6489/5/6 6493/5/6 6503/5/6
f 6503/5/6 6498/5/6 6504/5/6
f 6504/5/6 6498/5/6 6505/5/6
f 6500/5/6 6501/5/6 6508/5/6
f 6499/5/6 6500/5/6 6508/5/6
f 6508/5/6 6501/5/6 6509/5/6
f 6509/5/6 6501/5/6 6510/5/6
f 6505/5/6 6506/5/6 6511/5/6
f 6504/5/6 6505/5/6 6511/5/6
f 6511/5/6 6506/5/6 6512/5/6
f 6512/5/6 6506/5/6 6513/5/6
f 6508/5/6 6509/5/6 6516/5/6
f 6507/5/6 6508/5/6 6516/5/6
f 6516/5/6 6509/5/6 6517/5/6
f 6517/5/6 6509/5/6 6518/5/6
f 6513/5/6 6514/5/6 6519/5/6
f 6512/5/6 6513/5/6 6519/5/6
f 6519/5/6 6514/5/6 6520/5/6
f 6520/5/6 6514/5/6 6521/5/6
f 6516/5/6 6517/5/6 6524/5/6
f 6515/5/6 6516/5/6 6524/5/6
f 6524/5/6 6517/5/6 6525/5/6
f 6525/5/6 6517/5/6 6526/5/6
f 6521/5/6 6522/5/6 6527/5/6
f 6520/5/6 6521/5/6 6527/5/6
f 6527/5/6 6522/5/6 6528/5/6
f 6528/5/6 6522/5/6 6529/5/6
f 6524/5/6 6525/5/6 6532/5/6
f 6523/5/6 6524/5/6 6532/5/6
f 6532/5/6 6525/5/6 6533/5/6
f 6533/5/6 6525/5/6 6534/5/6
f 6529/5/6 6530/5/6 6535/5/6
f 6528/5/6 6529/5/6 6535/5/6
f 6535/5/6 6530/5/6 6536/5/6
f 6536/5/6 6530/5/6 6537/5/6
f 6532/5/6 6533/5/6 6540/5/6
f 6531/5/6 6532/5/6 6540/5/6
f 6540/5/6 6533/5/6 6541/5/6
f 6541/5/6 6533/5/6 6542/5/6
f 6537/5/6 6538/5/6 6543/5/6
f 6536/5/6 6537/5/6 6543/5/6
f 6543/5/6 6538/5/6 6544/5/6
f 6544/5/6 6538/5/6 6545/5/6
f 6540/5/6 6541/5/6 6548/5/6
f 6539/5/6 6540/5/6 6548/5/6
f 6548/5/6 6541/5/6 6549/5/6
f 6549/5/6 6541/5/6 6550/5/6
f 6545/5/6 6546/5/6 6551/5/6
f 6544/5/6 6545/5/6 6551/5/6
f 6551/5/6 6546/5/6 6552/5/6
f 6552/5/6 6546/5/6 6553/5/6
f 6548/5/6 6549/5/6 6556/5/6
f 6547/5/6 6548/5/6 6556/5/6
f 6556/5/6 6549/5/6 6557/5/6
f 6557/5/6 6549/5/6 6558/5/6
f 6553/5/6 6554/5/6 6559/5/6
f 6552/5/6 6553/5/6 6559/5/6
f 6559/5/6 6554/5/6 6560/5/6
f 6560/5/6 6554/5/6 6561/5/6
f 6556/5/6 6557/5/6 6564/5/6
f 6555/5/6 6556/5/6 6564/5/6
f 6564/5/6 6557/5/6 6565/5/6
f 6565/5/6 6557/5/6 6566/5/6
f 6561/5/6 6562/5/6 6567/5/6
f 6560/5/6 6561/5/6 6567/5/6
f 6567/5/6 6562/5/6 6568/5/6
f 6568/5/6 6562/5/6 6569/5/6
f 6564/5/6 6565/5/6 6572/5/6
f 6563/5/6 6564/5/6 6572/5/6
f 6572/5/6 6565/5/6 6573/5/6
f 6573/5/6 6565/5/6 6574/5/6
f 6569/5/6 6570/5/6 6575/5/6
f 6568/5/6 6569/5/6 6575/5/6
f 6575/5/6 6570/5/6 6576/5/6
f 6576/5/6 6570/5/6 6577/5/6
f 6572/5/6 6573/5/6 6580/5/6
f 6571/5/6 6572/5/6 6580/5/6
f 6580/5/6 6573/5/6 6581/5/6
f 6581/5/6 6573/5/6 6582/5/6
f 6577/5/6 6578/5/6 6583/5/6
f 6576/5/6 6577/5/6 6583/5/6
f 6583/5/6 6578/5/6 6584/5/6
f 6584/5/6 6578/5/6 6585/5/6
f 6580/5/6 6581/5/6 6588/5/6
f 6579/5/6 6580/5/6 6588/5/6
f 6588/5/6 6581/5/6 6589/5/6
f 6589/5/6 6581/5/6 6590/5/6
f 6585/5/6 6586/5/6 6591/5/6
f 6584/5/6 6585/5/6 6591/5/6
f 6591/5/6 6586/5/6 6592/5/6
f 6592/5/6 6586/5/6 6593/5/6
f 6588/5/6 6589/5/6 6596/5/6
f 6587/5/6 6588/5/6 6596/5/6
f 6596/5/6 6589/5/6 6597/5/6
f 6597/5/6 6589/5/6 6598/5/6
f 6593/5/6 6594/5/6 6599/5/6
f 6592/5/6 6593/5/6 6599/5/6
f 6599/5/6 6594/5/6 6600/5/6
f 6600/5/6 6594/5/6 6601/5/6
f 6596/5/6 6597/5/6 6604/5/6
f 6595/5/6 6596/5/6 6604/5/6
f 6604/5/6 6597/5/6 6605/5/6
f 6605/5/6 6597/5/6 6606/5/6
f 6601/5/6 6602/5/6 6607/5/6
f 6600/5/6 6601/5/6 6607/5/6
f 6607/5/6 6602/5/6 6608/5/6
f 6608/5/6 6602/5/6 6609/5/6
f 6604/5/6 6605/5/6 6612/5/6
f 6603/5/6 6604/5/6 6612/5/6
f 6612/5/6 6605/5/6 6613/5/6
f 6613/5/6 6605/5/6 6614/5/6
f 6609/5/6 6610/5/6 6615/5/6
f 6608/5/6 6609/5/6 6615/5/6
f 6615/5/6 6610/5/6 6616/5/6
f 6616/5/6 6610/5/6 6617/5/6
f 6612/5/6 6613/5/6 6620/5/6
f 6611/5/6 6612/5/6 6620/5/6
f 6620/5/6 6613/5/6 6621/5/6
f 6621/5/6 6613/5/6 6622/5/6
f 6617/5/6 6618/5/6 6623/5/6
f 6616/5/6 6617/5/6 6623/5/6
f 6623/5/6 6618/5/6 6624/5/6
f 6624/5/6 6618/5/6 6625/5/6
f 6620/5/6 6621/5/6 6628/5/6
f 6619/5/6 6620/5/6 6628/5/6
f 6628/5/6 6621/5/6 6629/5/6
f 6629/5/6 6621/5/6 6630/5/6
f 6625/5/6 6626/5/6 6631/5/6
f 6624/5/6 6625/5/6 6631/5/6
f 6631/5/6 6626/5/6 6632/5/6
f 6632/5/6 6626/5/6 6633/5/6
f 6628/5/6 6629/5/6 6635/5/6
f 6627/5/6 6628/5/6 6635/5/6
f 6635/5/6 6629/5/6 6636/5/6
f 6633/5/6 6634/5/6 6637/5/6
f 6632/5/6 6633/5/6 6637/5/6
f 6637/5/6 6634/5/6 6638/5/6
f 6627/5/6 6635/5/6 6640/5/6
f 6638/5/6 6634/5/6 6641/5/6
f 6639/5/6 6640/5/6 6643/5/6
f 6640/5/6 6635/5/6 6643/5/6
f 6643/5/6 6635/5/6 6644/5/6
f 6641/5/6 6642/5/6 6645/5/6
f 6638/5/6 6641/5/6 6645/5/6
f 6645/5/6 6642/5/6 6646/5/6
f 6639/5/6 6643/5/6 6648/5/6
f 6646/5/6 6642/5/6 6649/5/6
f 6647/5/6 6648/5/6 6651/5/6
f 6648/5/6 6643/5/6 6651/5/6
f 6651/5/6 6643/5/6 6652/5/6
f 6649/5/6 6650/5/6 6653/5/6
f 6646/5/6 6649/5/6 6653/5/6
f 6653/5/6 6650/5/6 6654/5/6
f 6647/5/6 6651/5/6 6656/5/6
f 6654/5/6 6650/5/6 6657/5/6
f 6655/5/6 6656/5/6 6659/5/6
f 6656/5/6 6651/5/6 6659/5/6
f 6659/5/6 6651/5/6 6660/5/6
f 6657/5/6 6658/5/6 6661/5/6
f 6654/5/6 6657/5/6 6661/5/6
f 6661/5/6 6658/5/6 6662/5/6
f 6655/5/6 6659/5/6 6664/5/6
f 6664/5/6 6659/5/6 6665/5/6
f 6665/5/6 6659/5/6 6666/5/6
f 6662/5/6 6658/5/6 6667/5/6
f 6667/5/6 6658/5/6 6668/5/6
f 6668/5/6 6658/5/6 6669/5/6
f 6663/5/6 6664/5/6 6672/5/6
f 6664/5/6 6665/5/6 6672/5/6
f 6669/5/6 6670/5/6 6673/5/6
f 6668/5/6 6669/5/6 6673/5/6
f 6671/5/6 6672/5/6 6675/5/6
f 6672/5/6 6665/5/6 6675/5/6
f 6675/5/6 6665/5/6 6676/5/6
f 6673/5/6 6674/5/6 6677/5/6
f 6668/5/6 6673/5/6 6677/5/6
f 6677/5/6 6674/5/6 6678/5/6
f 6671/5/6 6675/5/6 6680/5/6
f 6680/5/6 6675/5/6 6681/5/6
f 6681/5/6 6675/5/6 6682/5/6
f 6678/5/6 6674/5/6 6683/5/6
f 6683/5/6 6674/5/6 6684/5/6
f 6684/5/6 6674/5/6 6685/5/6
f 6679/5/6 6680/5/6 6687/5/6
f 6680/5/6 6681/5/6 6687/5/6
f 6687/5/6 6681/5/6 6688/5/6
f 6685/5/6 6686/5/6 6689/5/6
f 6684/5/6 6685/5/6 6689/5/6
f 6689/5/6 6686/5/6 6690/5/6
f 6687/3/6 6688/3/6 6691/3/6
f 6691/3/6 6688/3/6 6692/3/6
f 6689/3/6 6690/3/6 6693/3/6
f 6693/3/6 6690/3/6 6694/3/6
f 6691/5/6 6692/5/6 6695/5/6
f 6695/5/6 6692/5/6 6696/5/6
f 6696/5/6 6692/5/6 6697/5/6
f 6693/5/6 6694/5/6 6700/5/6
f 6700/5/6 6694/5/6 6701/5/6
f 6701/5/6 6694/5/6 6702/5/6
f 6697/5/6 6698/5/6 6703/5/6
f 6696/5/6 6697/5/6 6703/5/6
f 6700/5/6 6701/5/6 6706/5/6
f 6699/5/6 6700/5/6 6706/5/6
f 6703/5/6 6704/5/6 6707/5/6
f 6696/5/6 6703/5/6 6707/5/6
f 6707/5/6 6704/5/6 6708/5/6
f 6705/5/6 6706/5/6 6709/5/6
f 6706/5/6 6701/5/6 6709/5/6
f 6709/5/6 6701/5/6 6710/5/6
f 6708/5/6 6704/5/6 6711/5/6
f 6711/5/6 6704/5/6 6712/5/6
f 6712/5/6 6704/5/6 6713/5/6
f 6705/5/6 6709/5/6 6716/5/6
f 6716/5/6 6709/5/6 6717/5/6
f 6717/5/6 6709/5/6 6718/5/6
f 6713/5/6 6714/5/6 6719/5/6
f 6712/5/6 6713/5/6 6719/5/6
f 6716/5/6 6717/5/6 6722/5/6
f 6715/5/6 6716/5/6 6722/5/6
f 6719/5/6 6720/5/6 6723/5/6
f 6712/5/6 6719/5/6 6723/5/6
f 6723/5/6 6720/5/6 6724/5/6
f 6721/5/6 6722/5/6 6725/5/6
f 6722/5/6 6717/5/6 6725/5/6
f 6725/5/6 6717/5/6 6726/5/6
f 6724/5/6 6720/5/6 6727/5/6
f 6721/5/6 6725/5/6 6730/5/6
f 6727/5/6 6728/5/6 6731/5/6
f 6724/5/6 6727/5/6 6731/5/6
f 6731/5/6 6728/5/6 6732/5/6
f 6729/5/6 6730/5/6 6733/5/6
f 6730/5/6 6725/5/6 6733/5/6
f 6733/5/6 6725/5/6 6734/5/6
f 6732/5/6 6728/5/6 6735/5/6
f 6729/5/6 6733/5/6 6738/5/6
f 6735/5/6 6736/5/6 6739/5/6
f 6732/5/6 6735/5/6 6739/5/6
f 6739/5/6 6736/5/6 6740/5/6
f 6737/5/6 6738/5/6 6741/5/6
f 6738/5/6 6733/5/6 6741/5/6
f 6741/5/6 6733/5/6 6742/5/6
f 6740/5/6 6736/5/6 6743/5/6
f 6737/5/6 6741/5/6 6746/5/6
f 6743/5/6 6744/5/6 6747/5/6
f 6740/5/6 6743/5/6 6747/5/6
f 6747/5/6 6744/5/6 6748/5/6
f 6748/5/6 6744/5/6 6749/5/6
f 6745/5/6 6746/5/6 6752/5/6
f 6746/5/6 6741/5/6 6753/5/6
f 6752/5/6 6746/5/6 6753/5/6
f 6753/5/6 6741/5/6 6754/5/6
f 6749/5/6 6750/5/6 6755/5/6
f 6748/5/6 6749/5/6 6755/5/6
f 6755/5/6 6750/5/6 6756/5/6
f 6756/5/6 6750/5/6 6757/5/6
f 6751/5/6 6752/5/6 6760/5/6
f 6752/5/6 6753/5/6 6760/5/6
f 6760/5/6 6753/5/6 6761/5/6
f 6761/5/6 6753/5/6 6762/5/6
f 6757/5/6 6758/5/6 6763/5/6
f 6756/5/6 6757/5/6 6763/5/6
f 6763/5/6 6758/5/6 6764/5/6
f 6764/5/6 6758/5/6 6765/5/6
f 6760/5/6 6761/5/6 6768/5/6
f 6759/5/6 6760/5/6 6768/5/6
f 6768/5/6 6761/5/6 6769/5/6
f 6769/5/6 6761/5/6 6770/5/6
f 6765/5/6 6766/5/6 6771/5/6
f 6764/5/6 6765/5/6 6771/5/6
f 6771/5/6 6766/5/6 6772/5/6
f 6772/5/6 6766/5/6 6773/5/6
f 6768/5/6 6769/5/6 6776/5/6
f 6767/5/6 6768/5/6 6776/5/6
f 6776/5/6 6769/5/6 6777/5/6
f 6777/5/6 6769/5/6 6778/5/6
f 6773/5/6 6774/5/6 6779/5/6
f 6772/5/6 6773/5/6 6779/5/6
f 6779/5/6 6774/5/6 6780/5/6
f 6780/5/6 6774/5/6 6781/5/6
f 6776/5/6 6777/5/6 6784/5/6
f 6775/5/6 6776/5/6 6784/5/6
f 6784/5/6 6777/5/6 6785/5/6
f 6785/5/6 6777/5/6 6786/5/6
f 6781/5/6 6782/5/6 6787/5/6
f 6780/5/6 6781/5/6 6787/5/6
f 6787/5/6 6782/5/6 6788/5/6
f 6788/5/6 6782/5/6 6789/5/6
f 6784/5/6 6785/5/6 6792/5/6
f 6783/5/6 6784/5/6 6792/5/6
f 6792/5/6 6785/5/6 6793/5/6
f 6793/5/6 6785/5/6 6794/5/6
f 6789/5/6 6790/5/6 6795/5/6
f 6788/5/6 6789/5/6 6795/5/6
f 6795/5/6 6790/5/6 6796/5/6
f 6796/5/6 6790/5/6 6797/5/6
f 6792/5/6 6793/5/6 6800/5/6
f 6791/5/6 6792/5/6 6800/5/6
f 6800/5/6 6793/5/6 6801/5/6
f 6801/5/6 6793/5/6 6802/5/6
f 6797/5/6 6798/5/6 6803/5/6
f 6796/5/6 6797/5/6 6803/5/6
f 6803/5/6 6798/5/6 6804/5/6
f 6804/5/6 6798/5/6 6805/5/6
f 6800/5/6 6801/5/6 6808/5/6
f 6799/5/6 6800/5/6 6808/5/6
f 6808/5/6 6801/5/6 6809/5/6
f 6809/5/6 6801/5/6 6810/5/6
f 6805/5/6 6806/5/6 6811/5/6
f 6804/5/6 6805/5/6 6811/5/6
f 6811/5/6 6806/5/6 6812/5/6
f 6812/5/6 6806/5/6 6813/5/6
f 6808/5/6 6809/5/6 6816/5/6
f 6807/5/6 6808/5/6 6816/5/6
f 6816/5/6 6809/5/6 6817/5/6
f 6817/5/6 6809/5/6 6818/5/6
f 6813/5/6 6814/5/6 6819/5/6
f 6812/5/6 6813/5/6 6819/5/6
f 6819/5/6 6814/5/6 6820/5/6
f 6820/5/6 6814/5/6 6821/5/6
f 6816/5/6 6817/5/6 6824/5/6
f 6815/5/6 6816/5/6 6824/5/6
f 6824/5/6 6817/5/6 6825/5/6
f 6825/5/6 6817/5/6 6826/5/6
f 6821/5/6 6822/5/6 6827/5/6
f 6820/5/6 6821/5/6 6827/5/6
f 6827/5/6 6822/5/6 6828/5/6
f 6828/5/6 6822/5/6 6829/5/6
f 6824/5/6 6825/5/6 6832/5/6
f 6823/5/6 6824/5/6 6832/5/6
f 6832/5/6 6825/5/6 6833/5/6
f 6833/5/6 6825/5/6 6834/5/6
f 6829/5/6 6830/5/6 6835/5/6
f 6828/5/6 6829/5/6 6835/5/6
f 6835/5/6 6830/5/6 6836/5/6
f 6836/5/6 6830/5/6 6837/5/6
f 6832/5/6 6833/5/6 6840/5/6
f 6831/5/6 6832/5/6 6840/5/6
f 6840/5/6 6833/5/6 6841/5/6
f 6841/5/6 6833/5/6 6842/5/6
f 6837/5/6 6838/5/6 6843/5/6
f 6836/5/6 6837/5/6 6843/5/6
f 6843/5/6 6838/5/6 6844/5/6
f 6844/5/6 6838/5/6 6845/5/6
f 6840/5/6 6841/5/6 6848/5/6
f 6839/5/6 6840/5/6 6848/5/6
f 6848/5/6 6841/5/6 6849/5/6
f 6849/5/6 6841/5/6 6850/5/6
f 6845/5/6 6846/5/6 6851/5/6
f 6844/5/6 6845/5/6 6851/5/6
f 6851/5/6 6846/5/6 6852/5/6
f 6852/5/6 6846/5/6 6853/5/6
f 6848/5/6 6849/5/6 6856/5/6
f 6847/5/6 6848/5/6 6856/5/6
f 6856/5/6 6849/5/6 6857/5/6
f 6857/5/6 6849/5/6 6858/5/6
f 6853/5/6 6854/5/6 6859/5/6
f 6852/5/6 6853/5/6 6859/5/6
f 6859/5/6 6854/5/6 6860/5/6
f 6860/5/6 6854/5/6 6861/5/6
f 6856/5/6 6857/5/6 6864/5/6
f 6855/5/6 6856/5/6 6864/5/6
f 6864/5/6 6857/5/6 6865/5/6
f 6865/5/6 6857/5/6 6866/5/6
f 6861/5/6 6862/5/6 6867/5/6
f 6860/5/6 6861/5/6 6867/5/6
f 6867/5/6 6862/5/6 6868/5/6
f 6868/5/6 6862/5/6 6869/5/6
f 6864/5/6 6865/5/6 6872/5/6
f 6863/5/6 6864/5/6 6872/5/6
f 6872/5/6 6865/5/6 6873/5/6
f 6873/5/6 6865/5/6 6874/5/6
f 6869/5/6 6870/5/6 6875/5/6
f 6868/5/6 6869/5/6 6875/5/6
f 6875/5/6 6870/5/6 6876/5/6
f 6876/5/6 6870/5/6 6877/5/6
f 6872/5/6 6873/5/6 6880/5/6
f 6871/5/6 6872/5/6 6880/5/6
f 6880/5/6 6873/5/6 6881/5/6
f 6881/5/6 6873/5/6 6882/5/6
f 6877/5/6 6878/5/6 6883/5/6
f 6876/5/6 6877/5/6 6883/5/6
f 6883/5/6 6878/5/6 6884/5/6
f 6880/5/6 6881/5/6 6885/5/6
f 6879/5/6 6880/5/6 6885/5/6
f 6885/5/6 6881/5/6 6886/5/6
f 6884/5/6 6878/5/6 6887/5/6
f 6887/5/6 6878/5/6 6888/5/6
f 6879/5/6 6885/5/6 6889/5/6
f 6889/5/6 6885/5/6 6890/5/6
f 6888/5/6 6878/5/6 6891/5/6
f 6891/5/6 6878/5/6 6892/5/6
f 6879/5/6 6889/5/6 6893/5/6
f 6893/5/6 6889/5/6 6894/5/6
f 6892/5/6 6878/5/6 6895/5/6
f 6878/3/6 6879/3/6 6896/3/6
f 6895/5/6 6878/5/6 6896/5/6
f 6879/5/6 6893/5/6 6897/5/6
f 6896/3/6 6879/3/6 6897/3/6
f 6897/5/6 6893/5/6 6898/5/6
f 6899/5/6 6900/5/6 6901/5/6
f 6901/5/6 6900/5/6 6902/5/6
f 6903/5/6 6904/5/6 6905/5/6
f 6905/5/6 6904/5/6 6906/5/6
f 6907/7/6 6908/7/6 6911/7/6
f 6911/7/6 6908/7/6 6912/7/6
f 6909/7/6 6910/7/6 6915/7/6
f 6912/7/6 6913/7/6 6915/7/6
f 6911/7/6 6912/7/6 6915/7/6
f 6910/7/6 6911/7/6 6915/7/6
f 6915/7/6 6913/7/6 6916/7/6
f 6914/7/6 6915/7/6 6919/7/6
f 6916/7/6 6917/7/6 6919/7/6
f 6915/7/6 6916/7/6 6919/7/6
f 6919/7/6 6917/7/6 6920/7/6
f 6918/7/6 6919/7/6 6923/7/6
f 6920/7/6 6921/7/6 6923/7/6
f 6919/7/6 6920/7/6 6923/7/6
f 6923/7/6 6921/7/6 6924/7/6
f 6922/7/6 6923/7/6 6927/7/6
f 6924/7/6 6925/7/6 6927/7/6
f 6923/7/6 6924/7/6 6927/7/6
f 6927/7/6 6925/7/6 6928/7/6
f 6926/7/6 6927/7/6 6931/7/6
f 6928/7/6 6929/7/6 6931/7/6
f 6927/7/6 6928/7/6 6931/7/6
f 6931/7/6 6929/7/6 6932/7/6
f 6930/7/6 6931/7/6 6935/7/6
f 6932/7/6 6933/7/6 6935/7/6
f 6931/7/6 6932/7/6 6935/7/6
f 6935/7/6 6933/7/6 6936/7/6
f 6934/7/6 6935/7/6 6939/7/6
f 6936/7/6 6937/7/6 6939/7/6
f 6935/7/6 6936/7/6 6939/7/6
f 6939/7/6 6937/7/6 6940/7/6
f 6938/7/6 6939/7/6 6943/7/6
f 6940/7/6 6941/7/6 6943/7/6
f 6939/7/6 6940/7/6 6943/7/6
f 6943/7/6 6941/7/6 6944/7/6
f 6942/7/6 6943/7/6 6947/7/6
f 6944/7/6 6945/7/6 6947/7/6
f 6943/7/6 6944/7/6 6947/7/6
f 6947/7/6 6945/7/6 6948/7/6
f 6946/7/6 6947/7/6 6951/7/6
f 6948/7/6 6949/7/6 6951/7/6
f 6947/7/6 6948/7/6 6951/7/6
f 6951/7/6 6949/7/6 6952/7/6
f 6950/7/6 6951/7/6 6955/7/6
f 6952/7/6 6953/7/6 6955/7/6
f 6951/7/6 6952/7/6 6955/7/6
f 6955/7/6 6953/7/6 6956/7/6
f 6954/7/6 6955/7/6 6959/7/6
f 6956/7/6 6957/7/6 6959/7/6
f 6955/7/6 6956/7/6 6959/7/6
f 6959/7/6 6957/7/6 6960/7/6
f 6958/7/6 6959/7/6 6963/7/6
f 6960/7/6 6961/7/6 6963/7/6
f 6959/7/6 6960/7/6 6963/7/6
f 6963/7/6 6961/7/6 6964/7/6
f 6962/7/6 6963/7/6 6967/7/6
f 6964/7/6 6965/7/6 6967/7/6
f 6963/7/6 6964/7/6 6967/7/6
f 6967/7/6 6965/7/6 6968/7/6
f 6966/7/6 6967/7/6 6971/7/6
f 6968/7/6 6969/7/6 6971/7/6
f 6967/7/6 6968/7/6 6971/7/6
f 6971/7/6 6969/7/6 6972/7/6
f 6970/7/6 6971/7/6 6975/7/6
f 6972/7/6 6973/7/6 6975/7/6
f 6971/7/6 6972/7/6 6975/7/6
f 6975/7/6 6973/7/6 6976/7/6
f 6974/7/6 6975/7/6 6979/7/6
f 6976/7/6 6977/7/6 6979/7/6
f 6975/7/6 6976/7/6 6979/7/6
f 6979/7/6 6977/7/6 6980/7/6
f 6978/7/6 6979/7/6 6983/7/6
f 6980/7/6 6981/7/6 6983/7/6
f 6979/7/6 6980/7/6 6983/7/6
f 6983/7/6 6981/7/6 6984/7/6
f 6982/7/6 6983/7/6 6987/7/6
f 6984/7/6 6985/7/6 6987/7/6
f 6983/7/6 6984/7/6 6987/7/6
f 6987/7/6 6985/7/6 6988/7/6
f 6986/7/6 6987/7/6 6991/7/6
f 6988/7/6 6989/7/6 6991/7/6
f 6987/7/6 6988/7/6 6991/7/6
f 6991/7/6 6989/7/6 6992/7/6
f 6990/7/6 6991/7/6 6995/7/6
f 6992/7/6 6993/7/6 6995/7/6
f 6991/7/6 6992/7/6 6995/7/6
f 6995/7/6 6993/7/6 6996/7/6
f 6994/7/6 6995/7/6 6999/7/6
f 6996/7/6 6997/7/6 6999/7/6
f 6995/7/6 6996/7/6 6999/7/6
f 6999/7/6 6997/7/6 7000/7/6
f 6998/7/6 6999/7/6 7002/7/6
f 7000/7/6 7001/7/6 7002/7/6
f 6999/7/6 7000/7/6 7002/7/6
f 7002/7/6 7001/7/6 7003/7/6
f 7003/7/6 7001/7/6 7004/7/6
f 7004/7/6 7001/7/6 7005/7/6
f 7005/7/6 7001/7/6 7006/7/6
f 7006/7/6 7001/7/6 7007/7/6
f 7007/7/6 7001/7/6 7008/7/6
f 7008/7/6 7001/7/6 7009/7/6
f 7007/7/6 7008/7/6 7010/7/6
f 7010/7/6 7008/7/6 7011/7/6
f 7011/7/6 7008/7/6 7012/7/6
f 7012/7/6 7008/7/6 7013/7/6
f 7011/7/6 7012/7/6 7014/7/6
f 7014/7/6 7012/7/6 7015/7/6
f 7015/7/6 7012/7/6 7016/7/6
f 7016/7/6 7012/7/6 7017/7/6
f 7015/7/6 7016/7/6 7018/7/6
f 7018/7/6 7016/7/6 7019/7/6
f 7019/7/6 7016/7/6 7020/7/6
f 7020/7/6 7016/7/6 7021/7/6
f 7019/7/6 7020/7/6 7022/7/6
f 7022/7/6 7020/7/6 7023/7/6
f 7023/7/6 7020/7/6 7024/7/6
f 7024/7/6 7020/7/6 7025/7/6
f 7023/7/6 7024/7/6 7026/7/6
f 7026/7/6 7024/7/6 7027/7/6
f 7027/7/6 7024/7/6 7028/7/6
f 7028/7/6 7024/7/6 7029/7/6
f 7027/7/6 7028/7/6 7030/7/6
f 7030/7/6 7028/7/6 7031/7/6
f 7031/7/6 7028/7/6 7032/7/6
f 7032/7/6 7028/7/6 7033/7/6
f 7031/7/6 7032/7/6 7034/7/6
f 7034/7/6 7032/7/6 7035/7/6
f 7035/7/6 7032/7/6 7036/7/6
f 7036/7/6 7032/7/6 7037/7/6
f 7035/7/6 7036/7/6 7038/7/6
f 7038/7/6 7036/7/6 7039/7/6
f 7039/7/6 7036/7/6 7040/7/6
f 7040/7/6 7036/7/6 7041/7/6
f 7039/7/6 7040/7/6 7042/7/6
f 7042/7/6 7040/7/6 7043/7/6
f 7043/7/6 7040/7/6 7044/7/6
f 7044/7/6 7040/7/6 7045/7/6
f 7043/7/6 7044/7/6 7046/7/6
f 7046/7/6 7044/7/6 7047/7/6
f 7047/7/6 7044/7/6 7048/7/6
f 7048/7/6 7044/7/6 7049/7/6
f 7047/7/6 7048/7/6 7050/7/6
f 7050/7/6 7048/7/6 7051/7/6
f 7051/7/6 7048/7/6 7052/7/6
f 7052/7/6 7048/7/6 7053/7/6
f 7051/7/6 7052/7/6 7054/7/6
f 7054/7/6 7052/7/6 7055/7/6
f 7055/7/6 7052/7/6 7056/7/6
f 7056/7/6 7052/7/6 7057/7/6
f 7055/7/6 7056/7/6 7058/7/6
f 7058/7/6 7056/7/6 7059/7/6
f 7059/7/6 7056/7/6 7060/7/6
f 7060/7/6 7056/7/6 7061/7/6
f 7059/7/6 7060/7/6 7062/7/6
f 7062/7/6 7060/7/6 7063/7/6
f 7063/7/6 7060/7/6 7064/7/6
f 7064/7/6 7060/7/6 7065/7/6
f 7063/7/6 7064/7/6 7066/7/6
f 7066/7/6 7064/7/6 7067/7/6
f 7067/7/6 7064/7/6 7068/7/6
f 7068/7/6 7064/7/6 7069/7/6
f 7067/7/6 7068/7/6 7070/7/6
f 7070/7/6 7068/7/6 7071/7/6
f 7071/7/6 7068/7/6 7072/7/6
f 7072/7/6 7068/7/6 7073/7/6
f 7071/7/6 7072/7/6 7074/7/6
f 7074/7/6 7072/7/6 7075/7/6
f 7075/7/6 7072/7/6 7076/7/6
f 7076/7/6 7072/7/6 7077/7/6
f 7075/7/6 7076/7/6 7078/7/6
f 7078/7/6 7076/7/6 7079/7/6
f 7079/7/6 7076/7/6 7080/7/6
f 7080/7/6 7076/7/6 7081/7/6
f 7079/7/6 7080/7/6 7082/7/6
f 7082/7/6 7080/7/6 7083/7/6
f 7083/7/6 7080/7/6 7084/7/6
f 7084/7/6 7080/7/6 7085/7/6
f 7083/7/6 7084/7/6 7086/7/6
f 7086/7/6 7084/7/6 7087/7/6
f 7087/7/6 7084/7/6 7088/7/6
f 7088/7/6 7084/7/6 7089/7/6
f 7087/7/6 7088/7/6 7090/7/6
f 7090/7/6 7088/7/6 7091/7/6
f 7091/7/6 7088/7/6 7092/7/6
f 7092/7/6 7088/7/6 7093/7/6
f 7091/7/6 7092/7/6 7094/7/6
f 7094/7/6 7092/7/6 7095/7/6
f 7095/7/6 7092/7/6 7096/7/6
f 7096/7/6 7092/7/6 7097/7/6
f 7097/7/6 7092/7/6 7098/7/6
f 7096/7/6 7097/7/6 7099/7/6
f 7099/7/6 7097/7/6 7100/7/6
f 7101/5/6 7102/5/6 7103/5/6
f 7103/5/6 7102/5/6 7104/5/6
f 7105/5/6 7106/5/6 7107/5/6
f 7107/5/6 7106/5/6 7108/5/6
f 7109/5/6 7110/5/6 7111/5/6
f 7111/5/6 7110/5/6 7112/5/6
f 7113/4/6 7114/4/6 7118/4/6
f 7118/4/6 7114/4/6 7119/4/6
f 7115/5/6 7116/5/6 7122/5/6
f 7122/5/6 7116/5/6 7123/5/6
f 7117/5/6 7118/5/6 7124/5/6
f 7124/5/6 7118/5/6 7125/5/6
f 7119/4/6 7120/4/6 7126/4/6
f 7126/4/6 7120/4/6 7127/4/6
f 7121/5/6 7122/5/6 7130/5/6
f 7130/5/6 7122/5/6 7131/5/6
f 7131/5/6 7122/5/6 7132/5/6
f 7127/4/6 7128/4/6 7133/4/6
f 7133/4/6 7128/4/6 7134/4/6
f 7134/4/6 7128/4/6 7135/4/6
f 7129/5/6 7130/5/6 7138/5/6
f 7130/5/6 7131/5/6 7138/5/6
f 7138/5/6 7131/5/6 7139/5/6
f 7135/4/6 7136/4/6 7140/4/6
f 7134/4/6 7135/4/6 7140/4/6
f 7140/4/6 7136/4/6 7141/4/6
f 7137/5/6 7138/5/6 7144/5/6
f 7144/5/6 7138/5/6 7145/5/6
f 7141/4/6 7142/4/6 7146/4/6
f 7146/4/6 7142/4/6 7147/4/6
f 7143/5/6 7144/5/6 7150/5/6
f 7150/5/6 7144/5/6 7151/5/6
f 7147/4/6 7148/4/6 7152/4/6
f 7152/4/6 7148/4/6 7153/4/6
f 7149/5/6 7150/5/6 7156/5/6
f 7156/5/6 7150/5/6 7157/5/6
f 7157/5/6 7150/5/6 7158/5/6
f 7153/4/6 7154/4/6 7159/4/6
f 7159/4/6 7154/4/6 7160/4/6
f 7160/4/6 7154/4/6 7161/4/6
f 7155/5/6 7156/5/6 7164/5/6
f 7156/5/6 7157/5/6 7164/5/6
f 7164/5/6 7157/5/6 7165/5/6
f 7161/4/6 7162/4/6 7166/4/6
f 7160/4/6 7161/4/6 7166/4/6
f 7166/4/6 7162/4/6 7167/4/6
f 7163/5/6 7164/5/6 7170/5/6
f 7170/5/6 7164/5/6 7171/5/6
f 7167/4/6 7168/4/6 7172/4/6
f 7172/4/6 7168/4/6 7173/4/6
f 7169/5/6 7170/5/6 7176/5/6
f 7176/5/6 7170/5/6 7177/5/6
f 7177/5/6 7170/5/6 7178/5/6
f 7173/4/6 7174/4/6 7179/4/6
f 7179/4/6 7174/4/6 7180/4/6
f 7180/4/6 7174/4/6 7181/4/6
f 7175/5/6 7176/5/6 7184/5/6
f 7176/5/6 7177/5/6 7184/5/6
f 7184/5/6 7177/5/6 7185/5/6
f 7185/5/6 7177/5/6 7186/5/6
f 7181/4/6 7182/4/6 7187/4/6
f 7180/4/6 7181/4/6 7187/4/6
f 7187/4/6 7182/4/6 7188/4/6
f 7188/4/6 7182/4/6 7189/4/6
f 7184/5/6 7185/5/6 7192/5/6
f 7183/5/6 7184/5/6 7192/5/6
f 7192/5/6 7185/5/6 7193/5/6
f 7193/5/6 7185/5/6 7194/5/6
f 7189/4/6 7190/4/6 7195/4/6
f 7188/4/6 7189/4/6 7195/4/6
f 7195/4/6 7190/4/6 7196/4/6
f 7196/4/6 7190/4/6 7197/4/6
f 7192/5/6 7193/5/6 7200/5/6
f 7191/5/6 7192/5/6 7200/5/6
f 7200/5/6 7193/5/6 7201/5/6
f 7201/5/6 7193/5/6 7202/5/6
f 7197/4/6 7198/4/6 7203/4/6
f 7196/4/6 7197/4/6 7203/4/6
f 7203/4/6 7198/4/6 7204/4/6
f 7204/4/6 7198/4/6 7205/4/6
f 7200/5/6 7201/5/6 7208/5/6
f 7199/5/6 7200/5/6 7208/5/6
f 7208/5/6 7201/5/6 7209/5/6
f 7209/5/6 7201/5/6 7210/5/6
f 7205/4/6 7206/4/6 7211/4/6
f 7204/4/6 7205/4/6 7211/4/6
f 7211/4/6 7206/4/6 7212/4/6
f 7212/4/6 7206/4/6 7213/4/6
f 7208/5/6 7209/5/6 7215/5/6
f 7207/5/6 7208/5/6 7215/5/6
f 7215/5/6 7209/5/6 7216/5/6
f 7213/4/6 7214/4/6 7217/4/6
f 7212/4/6 7213/4/6 7217/4/6
f 7217/4/6 7214/4/6 7218/4/6
f 7207/5/6 7215/5/6 7220/5/6
f 7220/5/6 7215/5/6 7221/5/6
f 7218/4/6 7214/4/6 7222/4/6
f 7222/4/6 7214/4/6 7223/4/6
f 7219/5/6 7220/5/6 7226/5/6
f 7226/5/6 7220/5/6 7227/5/6
f 7223/4/6 7224/4/6 7228/4/6
f 7228/4/6 7224/4/6 7229/4/6
f 7225/5/6 7226/5/6 7232/5/6
f 7229/4/6 7230/4/6 7233/4/6
f 7231/5/6 7232/5/6 7235/5/6
f 7232/5/6 7226/5/6 7235/5/6
f 7235/5/6 7226/5/6 7236/5/6
f 7233/4/6 7234/4/6 7237/4/6
f 7229/4/6 7233/4/6 7237/4/6
f 7237/4/6 7234/4/6 7238/4/6
f 7231/5/6 7235/5/6 7240/5/6
f 7240/5/6 7235/5/6 7241/5/6
f 7238/4/6 7234/4/6 7242/4/6
f 7242/4/6 7234/4/6 7243/4/6
f 7239/5/6 7240/5/6 7246/5/6
f 7246/5/6 7240/5/6 7247/5/6
f 7243/4/6 7244/4/6 7248/4/6
f 7248/4/6 7244/4/6 7249/4/6
f 7245/5/6 7246/5/6 7252/5/6
f 7252/5/6 7246/5/6 7253/5/6
f 7249/4/6 7250/4/6 7254/4/6
f 7254/4/6 7250/4/6 7255/4/6
f 7251/5/6 7252/5/6 7258/5/6
f 7255/4/6 7256/4/6 7259/4/6
f 7257/5/6 7258/5/6 7261/5/6
f 7258/5/6 7252/5/6 7261/5/6
f 7261/5/6 7252/5/6 7262/5/6
f 7259/4/6 7260/4/6 7263/4/6
f 7255/4/6 7259/4/6 7263/4/6
f 7263/4/6 7260/4/6 7264/4/6
f 7257/5/6 7261/5/6 7266/5/6
f 7266/5/6 7261/5/6 7267/5/6
f 7264/4/6 7260/4/6 7268/4/6
f 7268/4/6 7260/4/6 7269/4/6
f 7265/5/6 7266/5/6 7272/5/6
f 7272/5/6 7266/5/6 7273/5/6
f 7269/4/6 7270/4/6 7274/4/6
f 7274/4/6 7270/4/6 7275/4/6
f 7271/5/6 7272/5/6 7277/5/6
f 7277/5/6 7272/5/6 7278/5/6
f 7275/4/6 7276/4/6 7281/4/6
f 7281/4/6 7276/4/6 7282/4/6
f 7278/5/6 7279/5/6 7283/5/6
f 7283/5/6 7279/5/6 7284/5/6
f 7280/4/6 7281/4/6 7287/4/6
f 7287/4/6 7281/4/6 7288/4/6
f 7284/5/6 7285/5/6 7289/5/6
f 7286/4/6 7287/4/6 7292/4/6
f 7289/5/6 7290/5/6 7293/5/6
f 7284/5/6 7289/5/6 7293/5/6
f 7293/5/6 7290/5/6 7294/5/6
f 7291/4/6 7292/4/6 7295/4/6
f 7292/4/6 7287/4/6 7295/4/6
f 7295/4/6 7287/4/6 7296/4/6
f 7294/5/6 7290/5/6 7297/5/6
f 7297/5/6 7290/5/6 7298/5/6
f 7291/4/6 7295/4/6 7301/4/6
f 7301/4/6 7295/4/6 7302/4/6
f 7298/5/6 7299/5/6 7303/5/6
f 7303/5/6 7299/5/6 7304/5/6
f 7300/4/6 7301/4/6 7307/4/6
f 7307/4/6 7301/4/6 7308/4/6
f 7304/5/6 7305/5/6 7309/5/6
f 7309/5/6 7305/5/6 7310/5/6
f 7306/4/6 7307/4/6 7313/4/6
f 7313/4/6 7307/4/6 7314/4/6
f 7310/5/6 7311/5/6 7315/5/6
f 7312/4/6 7313/4/6 7318/4/6
f 7315/5/6 7316/5/6 7319/5/6
f 7310/5/6 7315/5/6 7319/5/6
f 7319/5/6 7316/5/6 7320/5/6
f 7317/4/6 7318/4/6 7321/4/6
f 7318/4/6 7313/4/6 7321/4/6
f 7321/4/6 7313/4/6 7322/4/6
f 7320/5/6 7316/5/6 7323/5/6
f 7323/5/6 7316/5/6 7324/5/6
f 7317/4/6 7321/4/6 7327/4/6
f 7327/4/6 7321/4/6 7328/4/6
f 7324/5/6 7325/5/6 7329/5/6
f 7329/5/6 7325/5/6 7330/5/6
f 7326/4/6 7327/4/6 7333/4/6
f 7333/4/6 7327/4/6 7334/4/6
f 7330/5/6 7331/5/6 7335/5/6
f 7332/4/6 7333/4/6 7338/4/6
f 7335/5/6 7336/5/6 7339/5/6
f 7330/5/6 7335/5/6 7339/5/6
f 7339/5/6 7336/5/6 7340/5/6
f 7340/5/6 7336/5/6 7341/5/6
f 7337/4/6 7338/4/6 7344/4/6
f 7338/4/6 7333/4/6 7345/4/6
f 7344/4/6 7338/4/6 7345/4/6
f 7345/4/6 7333/4/6 7346/4/6
f 7341/5/6 7342/5/6 7347/5/6
f 7340/5/6 7341/5/6 7347/5/6
f 7347/5/6 7342/5/6 7348/5/6
f 7348/5/6 7342/5/6 7349/5/6
f 7343/4/6 7344/4/6 7352/4/6
f 7344/4/6 7345/4/6 7352/4/6
f 7352/4/6 7345/4/6 7353/4/6
f 7353/4/6 7345/4/6 7354/4/6
f 7349/5/6 7350/5/6 7355/5/6
f 7348/5/6 7349/5/6 7355/5/6
f 7355/5/6 7350/5/6 7356/5/6
f 7356/5/6 7350/5/6 7357/5/6
f 7352/4/6 7353/4/6 7360/4/6
f 7351/4/6 7352/4/6 7360/4/6
f 7360/4/6 7353/4/6 7361/4/6
f 7361/4/6 7353/4/6 7362/4/6
f 7357/5/6 7358/5/6 7363/5/6
f 7356/5/6 7357/5/6 7363/5/6
f 7363/5/6 7358/5/6 7364/5/6
f 7364/5/6 7358/5/6 7365/5/6
f 7360/4/6 7361/4/6 7368/4/6
f 7359/4/6 7360/4/6 7368/4/6
f 7368/4/6 7361/4/6 7369/4/6
f 7369/4/6 7361/4/6 7370/4/6
f 7365/5/6 7366/5/6 7371/5/6
f 7364/5/6 7365/5/6 7371/5/6
f 7371/5/6 7366/5/6 7372/5/6
f 7372/5/6 7366/5/6 7373/5/6
f 7368/4/6 7369/4/6 7376/4/6
f 7367/4/6 7368/4/6 7376/4/6
f 7376/4/6 7369/4/6 7377/4/6
f 7377/4/6 7369/4/6 7378/4/6
f 7373/5/6 7374/5/6 7379/5/6
f 7372/5/6 7373/5/6 7379/5/6
f 7379/5/6 7374/5/6 7380/5/6
f 7376/4/6 7377/4/6 7383/4/6
f 7375/4/6 7376/4/6 7383/4/6
f 7383/4/6 7377/4/6 7384/4/6
f 7380/5/6 7381/5/6 7385/5/6
f 7385/5/6 7381/5/6 7386/5/6
f 7382/4/6 7383/4/6 7389/4/6
f 7389/4/6 7383/4/6 7390/4/6
f 7386/5/6 7387/5/6 7391/5/6
f 7391/5/6 7387/5/6 7392/5/6
f 7392/5/6 7387/5/6 7393/5/6
f 7388/4/6 7389/4/6 7396/4/6
f 7396/4/6 7389/4/6 7397/4/6
f 7397/4/6 7389/4/6 7398/4/6
f 7393/5/6 7394/5/6 7399/5/6
f 7392/5/6 7393/5/6 7399/5/6
f 7399/5/6 7394/5/6 7400/5/6
f 7396/4/6 7397/4/6 7403/4/6
f 7395/4/6 7396/4/6 7403/4/6
f 7403/4/6 7397/4/6 7404/4/6
f 7400/5/6 7401/5/6 7405/5/6
f 7405/5/6 7401/5/6 7406/5/6
f 7402/4/6 7403/4/6 7409/4/6
f 7409/4/6 7403/4/6 7410/4/6
f 7406/5/6 7407/5/6 7411/5/6
f 7411/5/6 7407/5/6 7412/5/6
f 7408/4/6 7409/4/6 7415/4/6
f 7415/4/6 7409/4/6 7416/4/6
f 7412/5/6 7413/5/6 7417/5/6
f 7417/5/6 7413/5/6 7418/5/6
f 7418/5/6 7413/5/6 7419/5/6
f 7414/4/6 7415/4/6 7422/4/6
f 7422/4/6 7415/4/6 7423/4/6
f 7423/4/6 7415/4/6 7424/4/6
f 7419/5/6 7420/5/6 7425/5/6
f 7418/5/6 7419/5/6 7425/5/6
f 7425/5/6 7420/5/6 7426/5/6
f 7422/4/6 7423/4/6 7429/4/6
f 7421/4/6 7422/4/6 7429/4/6
f 7429/4/6 7423/4/6 7430/4/6
f 7426/5/6 7427/5/6 7431/5/6
f 7431/5/6 7427/5/6 7432/5/6
f 7428/4/6 7429/4/6 7433/4/6
f 7433/4/6 7429/4/6 7434/4/6
f 7432/4/6 7433/4/6 7435/4/6
f 7435/4/6 7433/4/6 7436/4/6
