# MagicaVoxel @ Ephtracy

# group
o 

# material
mtllib infoPillarTop.mtl
usemtl palette

# normals
vn -1 0 0
vn 1 0 0
vn 0 0 1
vn 0 0 -1
vn 0 -1 0
vn 0 1 0

# texcoords
vt 0.294922 0.5
vt 0.298828 0.5
vt 0.302734 0.5
vt 0.333984 0.5
vt 0.349609 0.5
vt 0.365234 0.5
vt 0.373047 0.5
vt 0.384766 0.5

# verts
v -10.5 19.5 1
v -10.5 19.5 0
v -10.5 19.5 -0.0999994
v -10.5 19.5 -1.1
v -10.5 19.6 1
v -10.5 19.6 0
v -10.5 19.6 -0.0999994
v -10.5 19.6 -1.1
v -10.5 21.6 1
v -10.5 21.6 -1.1
v -10.4 19.5 1.7
v -10.4 19.5 1
v -10.4 19.5 -1.1
v -10.4 19.5 -1.8
v -10.4 19.6 1.7
v -10.4 19.6 1
v -10.4 19.6 -1.1
v -10.4 19.6 -1.8
v -10.4 21.6 1.7
v -10.4 21.6 1
v -10.4 21.6 -1.1
v -10.4 21.6 -1.8
v -10.3 19.5 2.2
v -10.3 19.5 1.7
v -10.3 19.5 -1.8
v -10.3 19.5 -2.3
v -10.3 19.6 2.2
v -10.3 19.6 1.7
v -10.3 19.6 -1.8
v -10.3 19.6 -2.3
v -10.3 21.6 2.2
v -10.3 21.6 1.7
v -10.3 21.6 -1.8
v -10.3 21.6 -2.3
v -10.2 19.5 2.6
v -10.2 19.5 2.2
v -10.2 19.5 -2.3
v -10.2 19.5 -2.7
v -10.2 19.6 2.6
v -10.2 19.6 2.2
v -10.2 19.6 -2.3
v -10.2 19.6 -2.7
v -10.2 21.6 2.6
v -10.2 21.6 2.2
v -10.2 21.6 -2.3
v -10.2 21.6 -2.7
v -10.1 19.5 2.9
v -10.1 19.5 2.6
v -10.1 19.5 -2.7
v -10.1 19.5 -3
v -10.1 19.6 2.9
v -10.1 19.6 2.6
v -10.1 19.6 -2.7
v -10.1 19.6 -3
v -10.1 21.6 2.9
v -10.1 21.6 2.6
v -10.1 21.6 -2.7
v -10.1 21.6 -3
v -10 19.5 3.2
v -10 19.5 2.9
v -10 19.5 -3
v -10 19.5 -3.3
v -10 19.6 3.2
v -10 19.6 2.9
v -10 19.6 -3
v -10 19.6 -3.3
v -10 21.6 3.2
v -10 21.6 2.9
v -10 21.6 -3
v -10 21.6 -3.3
v -9.9 19.5 3.5
v -9.9 19.5 3.2
v -9.9 19.5 -3.3
v -9.9 19.5 -3.6
v -9.9 19.6 3.5
v -9.9 19.6 3.2
v -9.9 19.6 -3.3
v -9.9 19.6 -3.6
v -9.9 21.6 3.5
v -9.9 21.6 3.2
v -9.9 21.6 -3.3
v -9.9 21.6 -3.6
v -9.8 19.5 3.8
v -9.8 19.5 3.5
v -9.8 19.5 -3.6
v -9.8 19.5 -3.9
v -9.8 19.6 3.8
v -9.8 19.6 3.5
v -9.8 19.6 -3.6
v -9.8 19.6 -3.9
v -9.8 21.6 3.8
v -9.8 21.6 3.5
v -9.8 21.6 -3.6
v -9.8 21.6 -3.9
v -9.7 19.5 4
v -9.7 19.5 3.8
v -9.7 19.5 -3.9
v -9.7 19.5 -4.1
v -9.7 19.6 4
v -9.7 19.6 3.8
v -9.7 19.6 -3.9
v -9.7 19.6 -4.1
v -9.7 21.6 4
v -9.7 21.6 3.8
v -9.7 21.6 -3.9
v -9.7 21.6 -4.1
v -9.6 19.5 4.2
v -9.6 19.5 4
v -9.6 19.5 -4.1
v -9.6 19.5 -4.3
v -9.6 19.6 4.2
v -9.6 19.6 4
v -9.6 19.6 -4.1
v -9.6 19.6 -4.3
v -9.6 21.6 4.2
v -9.6 21.6 4
v -9.6 21.6 -4.1
v -9.6 21.6 -4.3
v -9.5 19.5 4.4
v -9.5 19.5 4.2
v -9.5 19.5 -4.3
v -9.5 19.5 -4.5
v -9.5 19.6 4.4
v -9.5 19.6 4.2
v -9.5 19.6 -4.3
v -9.5 19.6 -4.5
v -9.5 21.6 4.4
v -9.5 21.6 4.2
v -9.5 21.6 -4.3
v -9.5 21.6 -4.5
v -9.4 19.5 4.6
v -9.4 19.5 4.4
v -9.4 19.5 -4.5
v -9.4 19.5 -4.7
v -9.4 19.6 4.6
v -9.4 19.6 4.4
v -9.4 19.6 -4.5
v -9.4 19.6 -4.7
v -9.4 21.6 4.6
v -9.4 21.6 4.4
v -9.4 21.6 -4.5
v -9.4 21.6 -4.7
v -9.3 19.5 4.8
v -9.3 19.5 4.6
v -9.3 19.5 -4.7
v -9.3 19.5 -4.9
v -9.3 19.6 4.8
v -9.3 19.6 4.6
v -9.3 19.6 -4.7
v -9.3 19.6 -4.9
v -9.3 21.6 4.8
v -9.3 21.6 4.6
v -9.3 21.6 -4.7
v -9.3 21.6 -4.9
v -9.2 19.5 5
v -9.2 19.5 4.8
v -9.2 19.5 -4.9
v -9.2 19.5 -5.1
v -9.2 19.6 5
v -9.2 19.6 4.8
v -9.2 19.6 -4.9
v -9.2 19.6 -5.1
v -9.2 21.6 5
v -9.2 21.6 4.8
v -9.2 21.6 -4.9
v -9.2 21.6 -5.1
v -9.1 19.5 5.2
v -9.1 19.5 5
v -9.1 19.5 -5.1
v -9.1 19.5 -5.3
v -9.1 19.6 5.2
v -9.1 19.6 5
v -9.1 19.6 -5.1
v -9.1 19.6 -5.3
v -9.1 21.6 5.2
v -9.1 21.6 5
v -9.1 21.6 -5.1
v -9.1 21.6 -5.3
v -9 19.5 5.3
v -9 19.5 5.2
v -9 19.5 -5.3
v -9 19.5 -5.4
v -9 19.6 5.3
v -9 19.6 5.2
v -9 19.6 -5.3
v -9 19.6 -5.4
v -9 21.6 5.3
v -9 21.6 5.2
v -9 21.6 -5.3
v -9 21.6 -5.4
v -8.9 19.5 5.5
v -8.9 19.5 5.3
v -8.9 19.5 -5.4
v -8.9 19.5 -5.6
v -8.9 19.6 5.5
v -8.9 19.6 5.3
v -8.9 19.6 -5.4
v -8.9 19.6 -5.6
v -8.9 21.6 5.5
v -8.9 21.6 5.3
v -8.9 21.6 -5.4
v -8.9 21.6 -5.6
v -8.8 19.5 5.6
v -8.8 19.5 5.5
v -8.8 19.5 -5.6
v -8.8 19.5 -5.7
v -8.8 19.6 5.6
v -8.8 19.6 5.5
v -8.8 19.6 -5.6
v -8.8 19.6 -5.7
v -8.8 21.6 5.6
v -8.8 21.6 5.5
v -8.8 21.6 -5.6
v -8.8 21.6 -5.7
v -8.7 19.5 5.8
v -8.7 19.5 5.6
v -8.7 19.5 -5.7
v -8.7 19.5 -5.9
v -8.7 19.6 5.8
v -8.7 19.6 5.6
v -8.7 19.6 -5.7
v -8.7 19.6 -5.9
v -8.7 21.6 5.8
v -8.7 21.6 5.6
v -8.7 21.6 -5.7
v -8.7 21.6 -5.9
v -8.6 19.5 5.9
v -8.6 19.5 5.8
v -8.6 19.5 -5.9
v -8.6 19.5 -6
v -8.6 19.6 5.9
v -8.6 19.6 5.8
v -8.6 19.6 -5.9
v -8.6 19.6 -6
v -8.6 21.6 5.9
v -8.6 21.6 5.8
v -8.6 21.6 -5.9
v -8.6 21.6 -6
v -8.5 19.5 6
v -8.5 19.5 5.9
v -8.5 19.5 -6
v -8.5 19.5 -6.1
v -8.5 19.6 6
v -8.5 19.6 5.9
v -8.5 19.6 -6
v -8.5 19.6 -6.1
v -8.5 21.6 6
v -8.5 21.6 5.9
v -8.5 21.6 -6
v -8.5 21.6 -6.1
v -8.4 19.5 6.2
v -8.4 19.5 6
v -8.4 19.5 -6.1
v -8.4 19.5 -6.3
v -8.4 19.6 6.2
v -8.4 19.6 6
v -8.4 19.6 -6.1
v -8.4 19.6 -6.3
v -8.4 21.6 6.2
v -8.4 21.6 6
v -8.4 21.6 -6.1
v -8.4 21.6 -6.3
v -8.3 19.5 6.3
v -8.3 19.5 6.2
v -8.3 19.5 -6.3
v -8.3 19.5 -6.4
v -8.3 19.6 6.3
v -8.3 19.6 6.2
v -8.3 19.6 -6.3
v -8.3 19.6 -6.4
v -8.3 21.6 6.3
v -8.3 21.6 6.2
v -8.3 21.6 -6.3
v -8.3 21.6 -6.4
v -8.2 19.5 6.4
v -8.2 19.5 6.3
v -8.2 19.5 -6.4
v -8.2 19.5 -6.5
v -8.2 19.6 6.4
v -8.2 19.6 6.3
v -8.2 19.6 -6.4
v -8.2 19.6 -6.5
v -8.2 21.6 6.4
v -8.2 21.6 6.3
v -8.2 21.6 -6.4
v -8.2 21.6 -6.5
v -8.1 19.5 6.5
v -8.1 19.5 6.4
v -8.1 19.5 -6.5
v -8.1 19.5 -6.6
v -8.1 19.6 6.5
v -8.1 19.6 6.4
v -8.1 19.6 -6.5
v -8.1 19.6 -6.6
v -8.1 21.6 6.5
v -8.1 21.6 6.4
v -8.1 21.6 -6.5
v -8.1 21.6 -6.6
v -8 19.5 6.6
v -8 19.5 6.5
v -8 19.5 -6.6
v -8 19.5 -6.7
v -8 19.6 6.6
v -8 19.6 6.5
v -8 19.6 -6.6
v -8 19.6 -6.7
v -8 21.6 6.6
v -8 21.6 6.5
v -8 21.6 -6.6
v -8 21.6 -6.7
v -7.9 19.5 6.8
v -7.9 19.5 6.6
v -7.9 19.5 -6.7
v -7.9 19.5 -6.9
v -7.9 19.6 6.8
v -7.9 19.6 6.6
v -7.9 19.6 -6.7
v -7.9 19.6 -6.9
v -7.9 21.6 6.8
v -7.9 21.6 6.6
v -7.9 21.6 -6.7
v -7.9 21.6 -6.9
v -7.8 19.5 6.9
v -7.8 19.5 6.8
v -7.8 19.5 -6.9
v -7.8 19.5 -7
v -7.8 19.6 6.9
v -7.8 19.6 6.8
v -7.8 19.6 -6.9
v -7.8 19.6 -7
v -7.8 21.6 6.9
v -7.8 21.6 6.8
v -7.8 21.6 -6.9
v -7.8 21.6 -7
v -7.7 19.5 7
v -7.7 19.5 6.9
v -7.7 19.5 -7
v -7.7 19.5 -7.1
v -7.7 19.6 7
v -7.7 19.6 6.9
v -7.7 19.6 -7
v -7.7 19.6 -7.1
v -7.7 21.6 7
v -7.7 21.6 6.9
v -7.7 21.6 -7
v -7.7 21.6 -7.1
v -7.6 18.4 0.8
v -7.6 18.4 0
v -7.6 18.4 -0.0999994
v -7.6 18.4 -0.9
v -7.6 18.7 0.1
v -7.6 18.7 0
v -7.6 19.2 0.1
v -7.6 19.2 0
v -7.6 19.4 0.8
v -7.6 19.4 0
v -7.6 19.4 -0.0999994
v -7.6 19.4 -0.9
v -7.6 19.5 7.1
v -7.6 19.5 7
v -7.6 19.5 -7.1
v -7.6 19.5 -7.2
v -7.6 19.6 7.1
v -7.6 19.6 7
v -7.6 19.6 -7.1
v -7.6 19.6 -7.2
v -7.6 21.6 7.1
v -7.6 21.6 7
v -7.6 21.6 -7.1
v -7.6 21.6 -7.2
v -7.5 18.4 1.4
v -7.5 18.4 0.8
v -7.5 18.4 -0.9
v -7.5 18.4 -1.5
v -7.5 19.4 1.4
v -7.5 19.4 0.8
v -7.5 19.4 -0.9
v -7.5 19.4 -1.5
v -7.5 19.5 7.2
v -7.5 19.5 7.1
v -7.5 19.5 -7.2
v -7.5 19.5 -7.3
v -7.5 19.6 7.2
v -7.5 19.6 7.1
v -7.5 19.6 -7.2
v -7.5 19.6 -7.3
v -7.5 21.6 7.2
v -7.5 21.6 7.1
v -7.5 21.6 -7.2
v -7.5 21.6 -7.3
v -7.4 18.4 1.8
v -7.4 18.4 1.4
v -7.4 18.4 -1.5
v -7.4 18.4 -1.9
v -7.4 18.5 1.8
v -7.4 18.5 1.4
v -7.4 19.4 1.8
v -7.4 19.4 1.4
v -7.4 19.4 -1.5
v -7.4 19.4 -1.9
v -7.4 19.5 7.3
v -7.4 19.5 7.2
v -7.4 19.5 -7.3
v -7.4 19.5 -7.4
v -7.4 19.6 7.3
v -7.4 19.6 7.2
v -7.4 19.6 -7.3
v -7.4 19.6 -7.4
v -7.4 21.6 7.3
v -7.4 21.6 7.2
v -7.4 21.6 -7.3
v -7.4 21.6 -7.4
v -7.3 18.4 2.2
v -7.3 18.4 1.8
v -7.3 18.4 -1.9
v -7.3 18.4 -2.3
v -7.3 18.5 1.8
v -7.3 19.4 2.2
v -7.3 19.4 1.8
v -7.3 19.4 -1.9
v -7.3 19.4 -2.3
v -7.3 19.5 7.4
v -7.3 19.5 7.3
v -7.3 19.5 -7.4
v -7.3 19.5 -7.5
v -7.3 19.6 7.4
v -7.3 19.6 7.3
v -7.3 19.6 -7.4
v -7.3 19.6 -7.5
v -7.3 21.6 7.4
v -7.3 21.6 7.3
v -7.3 21.6 -7.4
v -7.3 21.6 -7.5
v -7.2 18.4 2.4
v -7.2 18.4 2.2
v -7.2 18.4 -2.3
v -7.2 18.4 -2.5
v -7.2 18.5 2.4
v -7.2 18.5 2.2
v -7.2 18.5 -2.3
v -7.2 18.5 -2.5
v -7.2 19.4 2.4
v -7.2 19.4 2.2
v -7.2 19.4 -2.3
v -7.2 19.4 -2.5
v -7.1 18.4 2.7
v -7.1 18.4 2.4
v -7.1 18.4 -2.5
v -7.1 18.4 -2.8
v -7.1 18.5 2.4
v -7.1 18.5 -2.5
v -7.1 19.4 2.7
v -7.1 19.4 2.4
v -7.1 19.4 -2.5
v -7.1 19.4 -2.8
v -7.1 19.5 7.5
v -7.1 19.5 7.4
v -7.1 19.5 -7.5
v -7.1 19.5 -7.6
v -7.1 19.6 7.5
v -7.1 19.6 7.4
v -7.1 19.6 -7.5
v -7.1 19.6 -7.6
v -7.1 21.6 7.5
v -7.1 21.6 7.4
v -7.1 21.6 -7.5
v -7.1 21.6 -7.6
v -7 18.4 2.9
v -7 18.4 2.7
v -7 18.4 -2.8
v -7 18.4 -3
v -7 18.5 2.9
v -7 18.5 2.7
v -7 19.4 2.9
v -7 19.4 2.7
v -7 19.4 0
v -7 19.4 -0.0999994
v -7 19.4 -2.8
v -7 19.4 -3
v -7 19.5 7.6
v -7 19.5 7.5
v -7 19.5 0
v -7 19.5 -0.0999994
v -7 19.5 -7.6
v -7 19.5 -7.7
v -7 19.6 7.6
v -7 19.6 7.5
v -7 19.6 -7.6
v -7 19.6 -7.7
v -7 21.6 7.6
v -7 21.6 7.5
v -7 21.6 -7.6
v -7 21.6 -7.7
v -6.9 17.7 0.8
v -6.9 17.7 0
v -6.9 17.7 -0.0999994
v -6.9 17.7 -0.9
v -6.9 18.4 3.1
v -6.9 18.4 2.9
v -6.9 18.4 0.8
v -6.9 18.4 0
v -6.9 18.4 -0.0999994
v -6.9 18.4 -0.9
v -6.9 18.4 -3
v -6.9 18.4 -3.2
v -6.9 18.5 3.1
v -6.9 18.5 2.9
v -6.9 18.5 -3
v -6.9 18.5 -3.2
v -6.9 19.4 3.1
v -6.9 19.4 2.9
v -6.9 19.4 -3
v -6.9 19.4 -3.2
v -6.9 19.5 7.7
v -6.9 19.5 7.6
v -6.9 19.5 -7.7
v -6.9 19.5 -7.8
v -6.9 19.6 7.7
v -6.9 19.6 7.6
v -6.9 19.6 -7.7
v -6.9 19.6 -7.8
v -6.9 21.6 7.7
v -6.9 21.6 7.6
v -6.9 21.6 -7.7
v -6.9 21.6 -7.8
v -6.8 17.7 1.3
v -6.8 17.7 0.8
v -6.8 17.7 -0.9
v -6.8 17.7 -1.4
v -6.8 18.4 3.3
v -6.8 18.4 3.1
v -6.8 18.4 1.3
v -6.8 18.4 0.8
v -6.8 18.4 -0.9
v -6.8 18.4 -1.4
v -6.8 18.4 -3.2
v -6.8 18.4 -3.4
v -6.8 18.5 3.3
v -6.8 18.5 3.1
v -6.8 18.5 -3.2
v -6.8 18.5 -3.4
v -6.8 19.4 3.3
v -6.8 19.4 3.1
v -6.8 19.4 -3.2
v -6.8 19.4 -3.4
v -6.8 19.5 7.8
v -6.8 19.5 7.7
v -6.8 19.5 -7.8
v -6.8 19.5 -7.9
v -6.8 19.6 7.8
v -6.8 19.6 7.7
v -6.8 19.6 -7.8
v -6.8 19.6 -7.9
v -6.8 21.6 7.8
v -6.8 21.6 7.7
v -6.8 21.6 -7.8
v -6.8 21.6 -7.9
v -6.7 17.7 1.7
v -6.7 17.7 1.3
v -6.7 17.7 -1.4
v -6.7 17.7 -1.8
v -6.7 18.4 3.5
v -6.7 18.4 3.3
v -6.7 18.4 1.7
v -6.7 18.4 1.3
v -6.7 18.4 -1.4
v -6.7 18.4 -1.8
v -6.7 18.4 -3.4
v -6.7 18.4 -3.6
v -6.7 18.5 3.5
v -6.7 18.5 3.3
v -6.7 18.5 -3.4
v -6.7 19.4 3.5
v -6.7 19.4 3.3
v -6.7 19.4 -3.4
v -6.7 19.4 -3.6
v -6.7 19.5 7.9
v -6.7 19.5 7.8
v -6.7 19.5 -7.9
v -6.7 19.5 -8
v -6.7 19.6 7.9
v -6.7 19.6 7.8
v -6.7 19.6 -7.9
v -6.7 19.6 -8
v -6.7 21.6 7.9
v -6.7 21.6 7.8
v -6.7 21.6 -7.9
v -6.7 21.6 -8
v -6.6 17.7 2
v -6.6 17.7 1.7
v -6.6 17.7 -1.8
v -6.6 17.7 -2.1
v -6.6 18.4 3.7
v -6.6 18.4 3.5
v -6.6 18.4 2
v -6.6 18.4 1.7
v -6.6 18.4 -1.8
v -6.6 18.4 -2.1
v -6.6 18.4 -3.6
v -6.6 18.4 -3.8
v -6.6 18.5 3.7
v -6.6 18.5 3.5
v -6.6 19.4 3.7
v -6.6 19.4 3.5
v -6.6 19.4 -3.6
v -6.6 19.4 -3.8
v -6.5 17.7 2.3
v -6.5 17.7 2
v -6.5 17.7 -2.1
v -6.5 17.7 -2.4
v -6.5 18.4 3.8
v -6.5 18.4 3.7
v -6.5 18.4 2.3
v -6.5 18.4 2
v -6.5 18.4 -2.1
v -6.5 18.4 -2.4
v -6.5 18.4 -3.8
v -6.5 18.4 -3.9
v -6.5 18.5 3.8
v -6.5 18.5 3.7
v -6.5 18.5 -3.8
v -6.5 18.5 -3.9
v -6.5 19.4 3.8
v -6.5 19.4 3.7
v -6.5 19.4 -3.8
v -6.5 19.4 -3.9
v -6.5 19.5 8
v -6.5 19.5 7.9
v -6.5 19.5 -8
v -6.5 19.5 -8.1
v -6.5 19.6 8
v -6.5 19.6 7.9
v -6.5 19.6 -8
v -6.5 19.6 -8.1
v -6.5 21.6 8
v -6.5 21.6 7.9
v -6.5 21.6 -8
v -6.5 21.6 -8.1
v -6.4 17.7 2.6
v -6.4 17.7 2.3
v -6.4 17.7 -2.4
v -6.4 17.7 -2.7
v -6.4 18.4 4
v -6.4 18.4 3.8
v -6.4 18.4 2.6
v -6.4 18.4 2.3
v -6.4 18.4 -2.4
v -6.4 18.4 -2.7
v -6.4 18.4 -3.9
v -6.4 18.4 -4.1
v -6.4 18.5 3.8
v -6.4 18.5 -3.9
v -6.4 18.5 -4.1
v -6.4 19.4 4
v -6.4 19.4 3.8
v -6.4 19.4 -3.9
v -6.4 19.4 -4.1
v -6.4 19.5 8.1
v -6.4 19.5 8
v -6.4 19.5 -8.1
v -6.4 19.5 -8.2
v -6.4 19.6 8.1
v -6.4 19.6 8
v -6.4 19.6 -8.1
v -6.4 19.6 -8.2
v -6.4 21.6 8.1
v -6.4 21.6 8
v -6.4 21.6 -8.1
v -6.4 21.6 -8.2
v -6.3 17.7 2.8
v -6.3 17.7 2.6
v -6.3 17.7 -2.7
v -6.3 17.7 -2.9
v -6.3 18.4 4.1
v -6.3 18.4 4
v -6.3 18.4 2.8
v -6.3 18.4 2.6
v -6.3 18.4 -2.7
v -6.3 18.4 -2.9
v -6.3 18.4 -4.1
v -6.3 18.4 -4.2
v -6.3 18.5 4.1
v -6.3 18.5 4
v -6.3 18.5 -4.1
v -6.3 18.5 -4.2
v -6.3 19.4 4.1
v -6.3 19.4 4
v -6.3 19.4 -4.1
v -6.3 19.4 -4.2
v -6.3 19.5 8.2
v -6.3 19.5 8.1
v -6.3 19.5 -8.2
v -6.3 19.5 -8.3
v -6.3 19.6 8.2
v -6.3 19.6 8.1
v -6.3 19.6 -8.2
v -6.3 19.6 -8.3
v -6.3 21.6 8.2
v -6.3 21.6 8.1
v -6.3 21.6 -8.2
v -6.3 21.6 -8.3
v -6.2 17.7 3
v -6.2 17.7 2.8
v -6.2 17.7 -2.9
v -6.2 17.7 -3.1
v -6.2 18.4 4.3
v -6.2 18.4 4.1
v -6.2 18.4 3
v -6.2 18.4 2.8
v -6.2 18.4 -2.9
v -6.2 18.4 -3.1
v -6.2 18.4 -4.2
v -6.2 18.4 -4.4
v -6.2 18.5 4.1
v -6.2 18.5 -4.2
v -6.2 19.4 4.3
v -6.2 19.4 4.1
v -6.2 19.4 -4.2
v -6.2 19.4 -4.4
v -6.1 17.7 3.2
v -6.1 17.7 3
v -6.1 17.7 -3.1
v -6.1 17.7 -3.3
v -6.1 18.4 4.4
v -6.1 18.4 4.3
v -6.1 18.4 3.2
v -6.1 18.4 3
v -6.1 18.4 -3.1
v -6.1 18.4 -3.3
v -6.1 18.4 -4.4
v -6.1 18.4 -4.5
v -6.1 18.5 4.4
v -6.1 18.5 4.3
v -6.1 18.5 -4.4
v -6.1 18.5 -4.5
v -6.1 19.4 4.4
v -6.1 19.4 4.3
v -6.1 19.4 -4.4
v -6.1 19.4 -4.5
v -6.1 19.5 8.3
v -6.1 19.5 8.2
v -6.1 19.5 -8.3
v -6.1 19.5 -8.4
v -6.1 19.6 8.3
v -6.1 19.6 8.2
v -6.1 19.6 -8.3
v -6.1 19.6 -8.4
v -6.1 21.6 8.3
v -6.1 21.6 8.2
v -6.1 21.6 -8.3
v -6.1 21.6 -8.4
v -6 17.7 3.3
v -6 17.7 3.2
v -6 17.7 -3.3
v -6 17.7 -3.4
v -6 18.4 4.5
v -6 18.4 4.4
v -6 18.4 3.3
v -6 18.4 3.2
v -6 18.4 -3.3
v -6 18.4 -3.4
v -6 18.4 -4.5
v -6 18.4 -4.6
v -6 18.5 4.5
v -6 18.5 4.4
v -6 18.5 -4.5
v -6 18.5 -4.6
v -6 19.4 4.5
v -6 19.4 4.4
v -6 19.4 -4.5
v -6 19.4 -4.6
v -6 19.5 8.4
v -6 19.5 8.3
v -6 19.5 -8.4
v -6 19.5 -8.5
v -6 19.6 8.4
v -6 19.6 8.3
v -6 19.6 -8.4
v -6 19.6 -8.5
v -6 21.6 8.4
v -6 21.6 8.3
v -6 21.6 -8.4
v -6 21.6 -8.5
v -5.9 17.7 3.5
v -5.9 17.7 3.3
v -5.9 17.7 -3.4
v -5.9 17.7 -3.6
v -5.9 18.4 4.6
v -5.9 18.4 4.5
v -5.9 18.4 3.5
v -5.9 18.4 3.3
v -5.9 18.4 -3.4
v -5.9 18.4 -3.6
v -5.9 18.4 -4.6
v -5.9 18.4 -4.7
v -5.9 18.5 4.6
v -5.9 18.5 4.5
v -5.9 18.5 -4.6
v -5.9 19.4 4.6
v -5.9 19.4 4.5
v -5.9 19.4 -4.6
v -5.9 19.4 -4.7
v -5.8 17.7 3.6
v -5.8 17.7 3.5
v -5.8 17.7 -3.6
v -5.8 17.7 -3.7
v -5.8 18.4 4.7
v -5.8 18.4 4.6
v -5.8 18.4 3.6
v -5.8 18.4 3.5
v -5.8 18.4 -3.6
v -5.8 18.4 -3.7
v -5.8 18.4 -4.7
v -5.8 18.4 -4.8
v -5.8 18.5 4.7
v -5.8 18.5 4.6
v -5.8 19.4 4.7
v -5.8 19.4 4.6
v -5.8 19.4 0
v -5.8 19.4 -0.0999994
v -5.8 19.4 -4.7
v -5.8 19.4 -4.8
v -5.8 19.5 8.5
v -5.8 19.5 8.4
v -5.8 19.5 0
v -5.8 19.5 -0.0999994
v -5.8 19.5 -8.5
v -5.8 19.5 -8.6
v -5.8 19.6 8.5
v -5.8 19.6 8.4
v -5.8 19.6 -8.5
v -5.8 19.6 -8.6
v -5.8 21.6 8.5
v -5.8 21.6 8.4
v -5.8 21.6 -8.5
v -5.8 21.6 -8.6
v -5.7 17 0.7
v -5.7 17 0
v -5.7 17 -0.0999994
v -5.7 17 -0.8
v -5.7 17.7 3.8
v -5.7 17.7 3.6
v -5.7 17.7 0.7
v -5.7 17.7 0
v -5.7 17.7 -0.0999994
v -5.7 17.7 -0.8
v -5.7 17.7 -3.7
v -5.7 17.7 -3.9
v -5.7 18.4 4.9
v -5.7 18.4 4.7
v -5.7 18.4 3.8
v -5.7 18.4 3.6
v -5.7 18.4 -3.7
v -5.7 18.4 -3.9
v -5.7 18.4 -4.8
v -5.7 18.4 -5
v -5.7 18.5 4.9
v -5.7 18.5 4.7
v -5.7 18.5 -4.8
v -5.7 18.5 -4.9
v -5.7 19.4 4.9
v -5.7 19.4 4.7
v -5.7 19.4 -4.8
v -5.7 19.4 -4.9
v -5.7 19.4 -5
v -5.7 19.5 8.6
v -5.7 19.5 8.5
v -5.7 19.5 -8.6
v -5.7 19.5 -8.7
v -5.7 19.6 8.6
v -5.7 19.6 8.5
v -5.7 19.6 -8.6
v -5.7 19.6 -8.7
v -5.7 21.6 8.6
v -5.7 21.6 8.5
v -5.7 21.6 -8.6
v -5.7 21.6 -8.7
v -5.6 17 1.2
v -5.6 17 0.7
v -5.6 17 -0.8
v -5.6 17 -1.3
v -5.6 17.7 3.9
v -5.6 17.7 3.8
v -5.6 17.7 1.2
v -5.6 17.7 0.7
v -5.6 17.7 -0.8
v -5.6 17.7 -1.3
v -5.6 17.7 -3.9
v -5.6 17.7 -4
v -5.6 18.4 5
v -5.6 18.4 4.9
v -5.6 18.4 3.9
v -5.6 18.4 3.8
v -5.6 18.4 -3.9
v -5.6 18.4 -4
v -5.6 18.4 -5
v -5.6 18.4 -5.1
v -5.6 18.5 5
v -5.6 18.5 4.9
v -5.6 18.5 -5
v -5.6 18.5 -5.1
v -5.6 19.4 5
v -5.6 19.4 4.9
v -5.6 19.4 -5
v -5.6 19.4 -5.1
v -5.5 17 1.6
v -5.5 17 1.2
v -5.5 17 -1.3
v -5.5 17 -1.7
v -5.5 17.7 4
v -5.5 17.7 3.9
v -5.5 17.7 1.6
v -5.5 17.7 1.2
v -5.5 17.7 -1.3
v -5.5 17.7 -1.7
v -5.5 17.7 -4
v -5.5 17.7 -4.1
v -5.5 18.4 5.1
v -5.5 18.4 5
v -5.5 18.4 4
v -5.5 18.4 3.9
v -5.5 18.4 -4
v -5.5 18.4 -4.1
v -5.5 18.4 -5.1
v -5.5 18.4 -5.2
v -5.5 18.5 5
v -5.5 18.5 -5.1
v -5.5 18.5 -5.2
v -5.5 19.4 5.1
v -5.5 19.4 5
v -5.5 19.4 -5.1
v -5.5 19.4 -5.2
v -5.5 19.5 8.7
v -5.5 19.5 8.6
v -5.5 19.5 -8.7
v -5.5 19.5 -8.8
v -5.5 19.6 8.7
v -5.5 19.6 8.6
v -5.5 19.6 -8.7
v -5.5 19.6 -8.8
v -5.5 21.6 8.7
v -5.5 21.6 8.6
v -5.5 21.6 -8.7
v -5.5 21.6 -8.8
v -5.4 17 1.8
v -5.4 17 1.6
v -5.4 17 -1.7
v -5.4 17 -1.9
v -5.4 17.7 4.1
v -5.4 17.7 4
v -5.4 17.7 1.8
v -5.4 17.7 1.6
v -5.4 17.7 -1.7
v -5.4 17.7 -1.9
v -5.4 17.7 -4.1
v -5.4 17.7 -4.2
v -5.4 18.4 5.2
v -5.4 18.4 5.1
v -5.4 18.4 4.1
v -5.4 18.4 4
v -5.4 18.4 -4.1
v -5.4 18.4 -4.2
v -5.4 18.4 -5.2
v -5.4 18.4 -5.3
v -5.4 18.5 5.2
v -5.4 18.5 5.1
v -5.4 18.5 -5.2
v -5.4 19.4 5.2
v -5.4 19.4 5.1
v -5.4 19.4 -5.2
v -5.4 19.4 -5.3
v -5.3 16.6 0.6
v -5.3 16.6 0
v -5.3 16.6 -0.0999994
v -5.3 16.6 -0.7
v -5.3 17 2.1
v -5.3 17 1.8
v -5.3 17 0.6
v -5.3 17 0
v -5.3 17 -0.0999994
v -5.3 17 -0.7
v -5.3 17 -1.9
v -5.3 17 -2.2
v -5.3 17.7 4.3
v -5.3 17.7 4.1
v -5.3 17.7 2.1
v -5.3 17.7 1.8
v -5.3 17.7 -1.9
v -5.3 17.7 -2.2
v -5.3 17.7 -4.2
v -5.3 17.7 -4.4
v -5.3 18.4 4.3
v -5.3 18.4 4.1
v -5.3 18.4 -4.2
v -5.3 18.4 -4.4
v -5.3 19.5 8.8
v -5.3 19.5 8.7
v -5.3 19.5 -8.8
v -5.3 19.5 -8.9
v -5.3 19.6 8.8
v -5.3 19.6 8.7
v -5.3 19.6 -8.8
v -5.3 19.6 -8.9
v -5.3 21.6 8.8
v -5.3 21.6 8.7
v -5.3 21.6 -8.8
v -5.3 21.6 -8.9
v -5.2 16.6 1.1
v -5.2 16.6 0.6
v -5.2 16.6 -0.7
v -5.2 16.6 -1.2
v -5.2 17 2.3
v -5.2 17 2.1
v -5.2 17 1.1
v -5.2 17 0.6
v -5.2 17 -0.7
v -5.2 17 -1.2
v -5.2 17 -2.2
v -5.2 17 -2.4
v -5.2 17.7 4.4
v -5.2 17.7 4.3
v -5.2 17.7 2.3
v -5.2 17.7 2.1
v -5.2 17.7 -2.2
v -5.2 17.7 -2.4
v -5.2 17.7 -4.4
v -5.2 17.7 -4.5
v -5.2 18.4 5.3
v -5.2 18.4 5.2
v -5.2 18.4 4.4
v -5.2 18.4 4.3
v -5.2 18.4 -4.4
v -5.2 18.4 -4.5
v -5.2 18.4 -5.3
v -5.2 18.4 -5.4
v -5.2 18.5 5.3
v -5.2 18.5 5.2
v -5.2 19.4 5.3
v -5.2 19.4 5.2
v -5.2 19.4 -5.3
v -5.2 19.4 -5.4
v -5.1 16.6 1.5
v -5.1 16.6 1.1
v -5.1 16.6 -1.2
v -5.1 16.6 -1.6
v -5.1 17 2.5
v -5.1 17 2.3
v -5.1 17 1.5
v -5.1 17 1.1
v -5.1 17 -1.2
v -5.1 17 -1.6
v -5.1 17 -2.4
v -5.1 17 -2.6
v -5.1 17.7 4.5
v -5.1 17.7 4.4
v -5.1 17.7 2.5
v -5.1 17.7 2.3
v -5.1 17.7 -2.4
v -5.1 17.7 -2.6
v -5.1 17.7 -4.5
v -5.1 17.7 -4.6
v -5.1 18.4 5.4
v -5.1 18.4 5.3
v -5.1 18.4 4.5
v -5.1 18.4 4.4
v -5.1 18.4 -4.5
v -5.1 18.4 -4.6
v -5.1 18.4 -5.4
v -5.1 18.4 -5.5
v -5.1 18.5 5.4
v -5.1 18.5 5.3
v -5.1 18.5 -5.4
v -5.1 18.5 -5.5
v -5.1 19.4 5.4
v -5.1 19.4 5.3
v -5.1 19.4 -5.4
v -5.1 19.4 -5.5
v -5.1 19.5 8.9
v -5.1 19.5 8.8
v -5.1 19.5 -8.9
v -5.1 19.5 -9
v -5.1 19.6 8.9
v -5.1 19.6 8.8
v -5.1 19.6 -8.9
v -5.1 19.6 -9
v -5.1 21.6 8.9
v -5.1 21.6 8.8
v -5.1 21.6 -8.9
v -5.1 21.6 -9
v -5 16.6 1.8
v -5 16.6 1.5
v -5 16.6 -1.6
v -5 16.6 -1.9
v -5 17 2.7
v -5 17 2.5
v -5 17 1.8
v -5 17 1.5
v -5 17 -1.6
v -5 17 -1.9
v -5 17 -2.6
v -5 17 -2.8
v -5 17.7 4.6
v -5 17.7 4.5
v -5 17.7 2.7
v -5 17.7 2.5
v -5 17.7 -2.6
v -5 17.7 -2.8
v -5 17.7 -4.6
v -5 17.7 -4.7
v -5 18.4 5.5
v -5 18.4 5.4
v -5 18.4 4.6
v -5 18.4 4.5
v -5 18.4 -4.6
v -5 18.4 -4.7
v -5 18.4 -5.5
v -5 18.4 -5.6
v -5 18.5 5.5
v -5 18.5 5.4
v -5 18.5 -5.5
v -5 18.5 -5.6
v -5 19.4 5.5
v -5 19.4 5.4
v -5 19.4 -5.5
v -5 19.4 -5.6
v -4.9 16.2 0.6
v -4.9 16.2 0
v -4.9 16.2 -0.0999994
v -4.9 16.2 -0.7
v -4.9 16.6 2
v -4.9 16.6 1.8
v -4.9 16.6 0.6
v -4.9 16.6 0
v -4.9 16.6 -0.0999994
v -4.9 16.6 -0.7
v -4.9 16.6 -1.9
v -4.9 16.6 -2.1
v -4.9 17 2.8
v -4.9 17 2.7
v -4.9 17 2
v -4.9 17 1.8
v -4.9 17 -1.9
v -4.9 17 -2.1
v -4.9 17 -2.8
v -4.9 17 -2.9
v -4.9 17.7 4.7
v -4.9 17.7 4.6
v -4.9 17.7 2.8
v -4.9 17.7 2.7
v -4.9 17.7 -2.8
v -4.9 17.7 -2.9
v -4.9 17.7 -4.7
v -4.9 17.7 -4.8
v -4.9 18.4 5.6
v -4.9 18.4 5.5
v -4.9 18.4 4.7
v -4.9 18.4 4.6
v -4.9 18.4 -4.7
v -4.9 18.4 -4.8
v -4.9 18.4 -5.6
v -4.9 18.4 -5.7
v -4.9 18.5 5.6
v -4.9 18.5 5.5
v -4.9 18.5 -5.6
v -4.9 19.4 5.6
v -4.9 19.4 5.5
v -4.9 19.4 -5.6
v -4.9 19.4 -5.7
v -4.9 19.5 9
v -4.9 19.5 8.9
v -4.9 19.5 -9
v -4.9 19.5 -9.1
v -4.9 19.6 9
v -4.9 19.6 8.9
v -4.9 19.6 -9
v -4.9 19.6 -9.1
v -4.9 21.6 9
v -4.9 21.6 8.9
v -4.9 21.6 -9
v -4.9 21.6 -9.1
v -4.8 16.2 1.1
v -4.8 16.2 0.6
v -4.8 16.2 -0.7
v -4.8 16.2 -1.2
v -4.8 16.6 2.2
v -4.8 16.6 2
v -4.8 16.6 1.1
v -4.8 16.6 0.6
v -4.8 16.6 -0.7
v -4.8 16.6 -1.2
v -4.8 16.6 -2.1
v -4.8 16.6 -2.3
v -4.8 17 3
v -4.8 17 2.8
v -4.8 17 2.2
v -4.8 17 2
v -4.8 17 -2.1
v -4.8 17 -2.3
v -4.8 17 -2.9
v -4.8 17 -3.1
v -4.8 17.7 4.8
v -4.8 17.7 4.7
v -4.8 17.7 3
v -4.8 17.7 2.8
v -4.8 17.7 -2.9
v -4.8 17.7 -3.1
v -4.8 17.7 -4.8
v -4.8 17.7 -4.9
v -4.8 18.4 5.7
v -4.8 18.4 5.6
v -4.8 18.4 4.8
v -4.8 18.4 4.7
v -4.8 18.4 -4.8
v -4.8 18.4 -4.9
v -4.8 18.4 -5.7
v -4.8 18.4 -5.8
v -4.8 18.5 5.6
v -4.8 19.4 5.7
v -4.8 19.4 5.6
v -4.8 19.4 -5.7
v -4.8 19.4 -5.8
v -4.7 16.2 1.4
v -4.7 16.2 1.1
v -4.7 16.2 -1.2
v -4.7 16.2 -1.5
v -4.7 16.6 2.4
v -4.7 16.6 2.2
v -4.7 16.6 1.4
v -4.7 16.6 1.1
v -4.7 16.6 -1.2
v -4.7 16.6 -1.5
v -4.7 16.6 -2.3
v -4.7 16.6 -2.5
v -4.7 17 3.1
v -4.7 17 3
v -4.7 17 2.4
v -4.7 17 2.2
v -4.7 17 -2.3
v -4.7 17 -2.5
v -4.7 17 -3.1
v -4.7 17 -3.2
v -4.7 17.7 3.1
v -4.7 17.7 3
v -4.7 17.7 -3.1
v -4.7 17.7 -3.2
v -4.7 19.5 9.1
v -4.7 19.5 9
v -4.7 19.5 -9.1
v -4.7 19.5 -9.2
v -4.7 19.6 9.1
v -4.7 19.6 9
v -4.7 19.6 -9.1
v -4.7 19.6 -9.2
v -4.7 21.6 9.1
v -4.7 21.6 9
v -4.7 21.6 -9.1
v -4.7 21.6 -9.2
v -4.6 16.2 1.7
v -4.6 16.2 1.4
v -4.6 16.2 -1.5
v -4.6 16.2 -1.8
v -4.6 16.6 2.5
v -4.6 16.6 2.4
v -4.6 16.6 1.7
v -4.6 16.6 1.4
v -4.6 16.6 -1.5
v -4.6 16.6 -1.8
v -4.6 16.6 -2.5
v -4.6 16.6 -2.6
v -4.6 17 3.2
v -4.6 17 3.1
v -4.6 17 2.5
v -4.6 17 2.4
v -4.6 17 -2.5
v -4.6 17 -2.6
v -4.6 17 -3.2
v -4.6 17 -3.3
v -4.6 17.7 4.9
v -4.6 17.7 4.8
v -4.6 17.7 3.2
v -4.6 17.7 3.1
v -4.6 17.7 -3.2
v -4.6 17.7 -3.3
v -4.6 17.7 -4.9
v -4.6 17.7 -5
v -4.6 18.4 5.8
v -4.6 18.4 5.7
v -4.6 18.4 4.9
v -4.6 18.4 4.8
v -4.6 18.4 -4.9
v -4.6 18.4 -5
v -4.6 18.4 -5.8
v -4.6 18.4 -5.9
v -4.6 18.5 5.8
v -4.6 18.5 5.7
v -4.6 18.5 -5.8
v -4.6 18.5 -5.9
v -4.6 19.4 5.8
v -4.6 19.4 5.7
v -4.6 19.4 -5.8
v -4.6 19.4 -5.9
v -4.5 15.2 0.6
v -4.5 15.2 -0.7
v -4.5 15.3 0.6
v -4.5 15.3 -0.7
v -4.5 15.5 0.400001
v -4.5 15.5 0.1
v -4.5 15.5 -0.0999994
v -4.5 15.5 -0.599999
v -4.5 15.6 -0.0999994
v -4.5 15.6 -0.599999
v -4.5 15.7 -0.2
v -4.5 15.7 -0.599999
v -4.5 15.8 0.400001
v -4.5 15.8 0.1
v -4.5 15.8 -0.2
v -4.5 15.8 -0.599999
v -4.5 15.9 0.400001
v -4.5 15.9 -0.599999
v -4.5 16 0.400001
v -4.5 16 -0.599999
v -4.5 16.2 1.9
v -4.5 16.2 1.7
v -4.5 16.2 0.6
v -4.5 16.2 0
v -4.5 16.2 -0.0999994
v -4.5 16.2 -0.7
v -4.5 16.2 -1.8
v -4.5 16.2 -2
v -4.5 16.6 2.7
v -4.5 16.6 2.5
v -4.5 16.6 1.9
v -4.5 16.6 1.7
v -4.5 16.6 -1.8
v -4.5 16.6 -2
v -4.5 16.6 -2.6
v -4.5 16.6 -2.8
v -4.5 17 3.4
v -4.5 17 3.2
v -4.5 17 2.7
v -4.5 17 2.5
v -4.5 17 -2.6
v -4.5 17 -2.8
v -4.5 17 -3.3
v -4.5 17 -3.5
v -4.5 17.7 5
v -4.5 17.7 4.9
v -4.5 17.7 3.4
v -4.5 17.7 3.2
v -4.5 17.7 -3.3
v -4.5 17.7 -3.5
v -4.5 17.7 -5
v -4.5 17.7 -5.1
v -4.5 18.4 5.9
v -4.5 18.4 5.8
v -4.5 18.4 5
v -4.5 18.4 4.9
v -4.5 18.4 -5
v -4.5 18.4 -5.1
v -4.5 18.4 -5.9
v -4.5 18.4 -6
v -4.5 18.5 5.9
v -4.5 18.5 5.8
v -4.5 18.5 -5.9
v -4.5 18.5 -6
v -4.5 19.4 5.9
v -4.5 19.4 5.8
v -4.5 19.4 -5.9
v -4.5 19.4 -6
v -4.5 19.5 9.2
v -4.5 19.5 9.1
v -4.5 19.5 -9.2
v -4.5 19.5 -9.3
v -4.5 19.6 9.2
v -4.5 19.6 9.1
v -4.5 19.6 -9.2
v -4.5 19.6 -9.3
v -4.5 21.6 9.2
v -4.5 21.6 9.1
v -4.5 21.6 -9.2
v -4.5 21.6 -9.3
v -4.4 15.2 1
v -4.4 15.2 0.6
v -4.4 15.2 -0.7
v -4.4 15.2 -1.1
v -4.4 15.3 1
v -4.4 15.3 0.6
v -4.4 15.3 -0.7
v -4.4 15.3 -1.1
v -4.4 16.2 2.1
v -4.4 16.2 1.9
v -4.4 16.2 1
v -4.4 16.2 0.6
v -4.4 16.2 -0.7
v -4.4 16.2 -1.1
v -4.4 16.2 -2
v -4.4 16.2 -2.2
v -4.4 16.6 2.8
v -4.4 16.6 2.7
v -4.4 16.6 2.1
v -4.4 16.6 1.9
v -4.4 16.6 -2
v -4.4 16.6 -2.2
v -4.4 16.6 -2.8
v -4.4 16.6 -2.9
v -4.4 17 3.5
v -4.4 17 3.4
v -4.4 17 2.8
v -4.4 17 2.7
v -4.4 17 -2.8
v -4.4 17 -2.9
v -4.4 17 -3.5
v -4.4 17 -3.6
v -4.4 17.7 5.1
v -4.4 17.7 5
v -4.4 17.7 3.5
v -4.4 17.7 3.4
v -4.4 17.7 -3.5
v -4.4 17.7 -3.6
v -4.4 17.7 -5.1
v -4.4 17.7 -5.2
v -4.4 18.4 5.1
v -4.4 18.4 5
v -4.4 18.4 -5.1
v -4.4 18.4 -5.2
v -4.3 15.2 1.4
v -4.3 15.2 1
v -4.3 15.2 -1.1
v -4.3 15.2 -1.5
v -4.3 15.3 1.4
v -4.3 15.3 1
v -4.3 15.3 -1.1
v -4.3 15.3 -1.5
v -4.3 16.2 2.3
v -4.3 16.2 2.1
v -4.3 16.2 1.4
v -4.3 16.2 1
v -4.3 16.2 -1.1
v -4.3 16.2 -1.5
v -4.3 16.2 -2.2
v -4.3 16.2 -2.4
v -4.3 16.6 3
v -4.3 16.6 2.8
v -4.3 16.6 2.3
v -4.3 16.6 2.1
v -4.3 16.6 -2.2
v -4.3 16.6 -2.4
v -4.3 16.6 -2.9
v -4.3 16.6 -3.1
v -4.3 17 3.6
v -4.3 17 3.5
v -4.3 17 3
v -4.3 17 2.8
v -4.3 17 -2.9
v -4.3 17 -3.1
v -4.3 17 -3.6
v -4.3 17 -3.7
v -4.3 17.7 5.2
v -4.3 17.7 5.1
v -4.3 17.7 3.6
v -4.3 17.7 3.5
v -4.3 17.7 -3.6
v -4.3 17.7 -3.7
v -4.3 17.7 -5.2
v -4.3 17.7 -5.3
v -4.3 18.4 6
v -4.3 18.4 5.9
v -4.3 18.4 5.2
v -4.3 18.4 5.1
v -4.3 18.4 -5.2
v -4.3 18.4 -5.3
v -4.3 18.4 -6
v -4.3 18.4 -6.1
v -4.3 18.5 6
v -4.3 18.5 5.9
v -4.3 18.5 -6
v -4.3 18.5 -6.1
v -4.3 19.4 6
v -4.3 19.4 5.9
v -4.3 19.4 -6
v -4.3 19.4 -6.1
v -4.3 19.5 9.3
v -4.3 19.5 9.2
v -4.3 19.5 -9.3
v -4.3 19.5 -9.4
v -4.3 19.6 9.3
v -4.3 19.6 9.2
v -4.3 19.6 -9.3
v -4.3 19.6 -9.4
v -4.3 21.6 9.3
v -4.3 21.6 9.2
v -4.3 21.6 -9.3
v -4.3 21.6 -9.4
v -4.2 15.2 1.6
v -4.2 15.2 1.4
v -4.2 15.2 -1.5
v -4.2 15.2 -1.7
v -4.2 15.3 1.6
v -4.2 15.3 1.4
v -4.2 15.3 -1.5
v -4.2 15.3 -1.7
v -4.2 16.2 2.4
v -4.2 16.2 2.3
v -4.2 16.2 1.6
v -4.2 16.2 1.4
v -4.2 16.2 -1.5
v -4.2 16.2 -1.7
v -4.2 16.2 -2.4
v -4.2 16.2 -2.5
v -4.2 16.6 3.1
v -4.2 16.6 3
v -4.2 16.6 2.4
v -4.2 16.6 2.3
v -4.2 16.6 -2.4
v -4.2 16.6 -2.5
v -4.2 16.6 -3.1
v -4.2 16.6 -3.2
v -4.2 17 3.7
v -4.2 17 3.6
v -4.2 17 3.1
v -4.2 17 3
v -4.2 17 -3.1
v -4.2 17 -3.2
v -4.2 17 -3.7
v -4.2 17 -3.8
v -4.2 17.7 3.7
v -4.2 17.7 3.6
v -4.2 17.7 -3.7
v -4.2 17.7 -3.8
v -4.2 18.4 6.1
v -4.2 18.4 6
v -4.2 18.4 -6.1
v -4.2 18.4 -6.2
v -4.2 18.5 6.1
v -4.2 18.5 6
v -4.2 18.5 -6.1
v -4.2 19.4 6.1
v -4.2 19.4 6
v -4.2 19.4 -6.1
v -4.2 19.4 -6.2
v -4.1 15.2 1.8
v -4.1 15.2 1.6
v -4.1 15.2 -1.7
v -4.1 15.2 -1.9
v -4.1 15.3 1.8
v -4.1 15.3 1.6
v -4.1 15.3 -1.7
v -4.1 15.3 -1.9
v -4.1 16.2 2.6
v -4.1 16.2 2.4
v -4.1 16.2 1.8
v -4.1 16.2 1.6
v -4.1 16.2 -1.7
v -4.1 16.2 -1.9
v -4.1 16.2 -2.5
v -4.1 16.2 -2.7
v -4.1 16.6 3.2
v -4.1 16.6 3.1
v -4.1 16.6 2.6
v -4.1 16.6 2.4
v -4.1 16.6 -2.5
v -4.1 16.6 -2.7
v -4.1 16.6 -3.2
v -4.1 16.6 -3.3
v -4.1 17 3.8
v -4.1 17 3.7
v -4.1 17 3.2
v -4.1 17 3.1
v -4.1 17 -3.2
v -4.1 17 -3.3
v -4.1 17 -3.8
v -4.1 17 -3.9
v -4.1 17.7 5.3
v -4.1 17.7 5.2
v -4.1 17.7 3.8
v -4.1 17.7 3.7
v -4.1 17.7 -3.8
v -4.1 17.7 -3.9
v -4.1 17.7 -5.3
v -4.1 17.7 -5.4
v -4.1 18.4 5.3
v -4.1 18.4 5.2
v -4.1 18.4 -5.3
v -4.1 18.4 -5.4
v -4 15.2 2
v -4 15.2 1.8
v -4 15.2 -1.9
v -4 15.2 -2.1
v -4 15.3 2
v -4 15.3 1.8
v -4 15.3 -1.9
v -4 15.3 -2.1
v -4 16.2 2.7
v -4 16.2 2.6
v -4 16.2 2
v -4 16.2 1.8
v -4 16.2 -1.9
v -4 16.2 -2.1
v -4 16.2 -2.7
v -4 16.2 -2.8
v -4 16.6 3.3
v -4 16.6 3.2
v -4 16.6 2.7
v -4 16.6 2.6
v -4 16.6 -2.7
v -4 16.6 -2.8
v -4 16.6 -3.3
v -4 16.6 -3.4
v -4 17 3.9
v -4 17 3.8
v -4 17 3.3
v -4 17 3.2
v -4 17 -3.3
v -4 17 -3.4
v -4 17 -3.9
v -4 17 -4
v -4 17.7 5.4
v -4 17.7 5.3
v -4 17.7 3.9
v -4 17.7 3.8
v -4 17.7 -3.9
v -4 17.7 -4
v -4 17.7 -5.4
v -4 17.7 -5.5
v -4 18.4 6.2
v -4 18.4 6.1
v -4 18.4 5.4
v -4 18.4 5.3
v -4 18.4 -5.4
v -4 18.4 -5.5
v -4 18.4 -6.2
v -4 18.4 -6.3
v -4 18.5 6.1
v -4 19.4 6.2
v -4 19.4 6.1
v -4 19.4 -6.2
v -4 19.4 -6.3
v -4 19.5 9.4
v -4 19.5 9.3
v -4 19.5 -9.4
v -4 19.5 -9.5
v -4 19.6 9.4
v -4 19.6 9.3
v -4 19.6 -9.4
v -4 19.6 -9.5
v -4 21.6 9.4
v -4 21.6 9.3
v -4 21.6 -9.4
v -4 21.6 -9.5
v -3.9 15.2 2.2
v -3.9 15.2 2
v -3.9 15.2 -2.1
v -3.9 15.2 -2.3
v -3.9 15.3 2.2
v -3.9 15.3 2
v -3.9 15.3 -2.1
v -3.9 15.3 -2.3
v -3.9 16.2 2.8
v -3.9 16.2 2.7
v -3.9 16.2 2.2
v -3.9 16.2 2
v -3.9 16.2 -2.1
v -3.9 16.2 -2.3
v -3.9 16.2 -2.8
v -3.9 16.2 -2.9
v -3.9 16.6 3.4
v -3.9 16.6 3.3
v -3.9 16.6 2.8
v -3.9 16.6 2.7
v -3.9 16.6 -2.8
v -3.9 16.6 -2.9
v -3.9 16.6 -3.4
v -3.9 16.6 -3.5
v -3.9 17 4
v -3.9 17 3.9
v -3.9 17 3.4
v -3.9 17 3.3
v -3.9 17 -3.4
v -3.9 17 -3.5
v -3.9 17 -4
v -3.9 17 -4.1
v -3.9 17.7 4
v -3.9 17.7 3.9
v -3.9 17.7 -4
v -3.9 17.7 -4.1
v -3.8 15.2 2.3
v -3.8 15.2 2.2
v -3.8 15.2 -2.3
v -3.8 15.2 -2.4
v -3.8 15.3 2.3
v -3.8 15.3 2.2
v -3.8 15.3 -2.3
v -3.8 15.3 -2.4
v -3.8 16.2 2.9
v -3.8 16.2 2.8
v -3.8 16.2 2.3
v -3.8 16.2 2.2
v -3.8 16.2 -2.3
v -3.8 16.2 -2.4
v -3.8 16.2 -2.9
v -3.8 16.2 -3
v -3.8 16.6 3.5
v -3.8 16.6 3.4
v -3.8 16.6 2.9
v -3.8 16.6 2.8
v -3.8 16.6 -2.9
v -3.8 16.6 -3
v -3.8 16.6 -3.5
v -3.8 16.6 -3.6
v -3.8 17 3.5
v -3.8 17 3.4
v -3.8 17 -3.5
v -3.8 17 -3.6
v -3.8 17.7 5.5
v -3.8 17.7 5.4
v -3.8 17.7 -5.5
v -3.8 17.7 -5.6
v -3.8 18.4 6.3
v -3.8 18.4 6.2
v -3.8 18.4 5.5
v -3.8 18.4 5.4
v -3.8 18.4 -5.5
v -3.8 18.4 -5.6
v -3.8 18.4 -6.3
v -3.8 18.4 -6.4
v -3.8 18.5 6.3
v -3.8 18.5 6.2
v -3.8 19.4 6.3
v -3.8 19.4 6.2
v -3.8 19.4 -6.3
v -3.8 19.4 -6.4
v -3.7 15.2 2.4
v -3.7 15.2 2.3
v -3.7 15.2 -2.4
v -3.7 15.2 -2.5
v -3.7 15.3 2.4
v -3.7 15.3 2.3
v -3.7 15.3 -2.4
v -3.7 15.3 -2.5
v -3.7 16.2 3
v -3.7 16.2 2.9
v -3.7 16.2 2.4
v -3.7 16.2 2.3
v -3.7 16.2 -2.4
v -3.7 16.2 -2.5
v -3.7 16.2 -3
v -3.7 16.2 -3.1
v -3.7 16.6 3.6
v -3.7 16.6 3.5
v -3.7 16.6 3
v -3.7 16.6 2.9
v -3.7 16.6 -3
v -3.7 16.6 -3.1
v -3.7 16.6 -3.6
v -3.7 16.6 -3.7
v -3.7 17 4.1
v -3.7 17 4
v -3.7 17 3.6
v -3.7 17 3.5
v -3.7 17 -3.6
v -3.7 17 -3.7
v -3.7 17 -4.1
v -3.7 17 -4.2
v -3.7 17.7 5.6
v -3.7 17.7 5.5
v -3.7 17.7 4.1
v -3.7 17.7 4
v -3.7 17.7 -4.1
v -3.7 17.7 -4.2
v -3.7 17.7 -5.6
v -3.7 17.7 -5.7
v -3.7 18.4 5.6
v -3.7 18.4 5.5
v -3.7 18.4 -5.6
v -3.7 18.4 -5.7
v -3.7 19.5 9.5
v -3.7 19.5 9.4
v -3.7 19.5 -9.5
v -3.7 19.5 -9.6
v -3.7 19.6 9.5
v -3.7 19.6 9.4
v -3.7 19.6 -9.5
v -3.7 19.6 -9.6
v -3.7 21.6 9.5
v -3.7 21.6 9.4
v -3.7 21.6 -9.5
v -3.7 21.6 -9.6
v -3.6 15.2 2.6
v -3.6 15.2 2.4
v -3.6 15.2 -2.5
v -3.6 15.2 -2.7
v -3.6 15.3 2.6
v -3.6 15.3 2.4
v -3.6 15.3 -2.5
v -3.6 15.3 -2.7
v -3.6 16.2 3.1
v -3.6 16.2 3
v -3.6 16.2 2.6
v -3.6 16.2 2.4
v -3.6 16.2 -2.5
v -3.6 16.2 -2.7
v -3.6 16.2 -3.1
v -3.6 16.2 -3.2
v -3.6 16.6 3.7
v -3.6 16.6 3.6
v -3.6 16.6 3.1
v -3.6 16.6 3
v -3.6 16.6 -3.1
v -3.6 16.6 -3.2
v -3.6 16.6 -3.7
v -3.6 16.6 -3.8
v -3.6 17 4.2
v -3.6 17 4.1
v -3.6 17 3.7
v -3.6 17 3.6
v -3.6 17 -3.7
v -3.6 17 -3.8
v -3.6 17 -4.2
v -3.6 17 -4.3
v -3.6 17.7 4.2
v -3.6 17.7 4.1
v -3.6 17.7 -4.2
v -3.6 17.7 -4.3
v -3.6 18.4 6.4
v -3.6 18.4 6.3
v -3.6 18.4 -6.4
v -3.6 18.4 -6.5
v -3.6 18.5 6.4
v -3.6 18.5 6.3
v -3.6 19.4 6.4
v -3.6 19.4 6.3
v -3.6 19.4 -6.4
v -3.6 19.4 -6.5
v -3.5 15.2 2.7
v -3.5 15.2 2.6
v -3.5 15.2 -2.7
v -3.5 15.2 -2.8
v -3.5 15.3 2.7
v -3.5 15.3 2.6
v -3.5 15.3 -2.7
v -3.5 15.3 -2.8
v -3.5 16.2 3.2
v -3.5 16.2 3.1
v -3.5 16.2 2.7
v -3.5 16.2 2.6
v -3.5 16.2 -2.7
v -3.5 16.2 -2.8
v -3.5 16.2 -3.2
v -3.5 16.2 -3.3
v -3.5 16.6 3.8
v -3.5 16.6 3.7
v -3.5 16.6 3.2
v -3.5 16.6 3.1
v -3.5 16.6 -3.2
v -3.5 16.6 -3.3
v -3.5 16.6 -3.8
v -3.5 16.6 -3.9
v -3.5 17 4.3
v -3.5 17 4.2
v -3.5 17 3.8
v -3.5 17 3.7
v -3.5 17 -3.8
v -3.5 17 -3.9
v -3.5 17 -4.3
v -3.5 17 -4.4
v -3.5 17.7 5.7
v -3.5 17.7 5.6
v -3.5 17.7 4.3
v -3.5 17.7 4.2
v -3.5 17.7 -4.3
v -3.5 17.7 -4.4
v -3.5 17.7 -5.7
v -3.5 17.7 -5.8
v -3.5 18.4 5.7
v -3.5 18.4 5.6
v -3.5 18.4 -5.7
v -3.5 18.4 -5.8
v -3.4 15.2 2.8
v -3.4 15.2 2.7
v -3.4 15.2 -2.8
v -3.4 15.2 -2.9
v -3.4 15.3 2.8
v -3.4 15.3 2.7
v -3.4 15.3 -2.8
v -3.4 15.3 -2.9
v -3.4 16.2 3.3
v -3.4 16.2 3.2
v -3.4 16.2 2.8
v -3.4 16.2 2.7
v -3.4 16.2 -2.8
v -3.4 16.2 -2.9
v -3.4 16.2 -3.3
v -3.4 16.2 -3.4
v -3.4 16.6 3.3
v -3.4 16.6 3.2
v -3.4 16.6 -3.3
v -3.4 16.6 -3.4
v -3.4 18.4 6.5
v -3.4 18.4 6.4
v -3.4 18.4 -6.5
v -3.4 18.4 -6.6
v -3.4 18.5 6.5
v -3.4 18.5 6.4
v -3.4 18.5 -6.5
v -3.4 19.4 6.5
v -3.4 19.4 6.4
v -3.4 19.4 -6.5
v -3.4 19.4 -6.6
v -3.4 19.5 9.6
v -3.4 19.5 9.5
v -3.4 19.5 -9.6
v -3.4 19.5 -9.7
v -3.4 19.6 9.6
v -3.4 19.6 9.5
v -3.4 19.6 -9.6
v -3.4 19.6 -9.7
v -3.4 21.6 9.6
v -3.4 21.6 9.5
v -3.4 21.6 -9.6
v -3.4 21.6 -9.7
v -3.3 15.2 2.9
v -3.3 15.2 2.8
v -3.3 15.2 -2.9
v -3.3 15.2 -3
v -3.3 15.3 2.9
v -3.3 15.3 2.8
v -3.3 15.3 -2.9
v -3.3 15.3 -3
v -3.3 16.2 3.4
v -3.3 16.2 3.3
v -3.3 16.2 2.9
v -3.3 16.2 2.8
v -3.3 16.2 -2.9
v -3.3 16.2 -3
v -3.3 16.2 -3.4
v -3.3 16.2 -3.5
v -3.3 16.6 3.9
v -3.3 16.6 3.8
v -3.3 16.6 3.4
v -3.3 16.6 3.3
v -3.3 16.6 -3.4
v -3.3 16.6 -3.5
v -3.3 16.6 -3.9
v -3.3 16.6 -4
v -3.3 17 4.4
v -3.3 17 4.3
v -3.3 17 3.9
v -3.3 17 3.8
v -3.3 17 -3.9
v -3.3 17 -4
v -3.3 17 -4.4
v -3.3 17 -4.5
v -3.3 17.7 5.8
v -3.3 17.7 5.7
v -3.3 17.7 4.4
v -3.3 17.7 4.3
v -3.3 17.7 -4.4
v -3.3 17.7 -4.5
v -3.3 17.7 -5.8
v -3.3 17.7 -5.9
v -3.3 18.4 5.8
v -3.3 18.4 5.7
v -3.3 18.4 -5.8
v -3.3 18.4 -5.9
v -3.2 15.2 3
v -3.2 15.2 2.9
v -3.2 15.2 -3
v -3.2 15.2 -3.1
v -3.2 15.3 3
v -3.2 15.3 2.9
v -3.2 15.3 -3
v -3.2 15.3 -3.1
v -3.2 16.2 3.5
v -3.2 16.2 3.4
v -3.2 16.2 3
v -3.2 16.2 2.9
v -3.2 16.2 -3
v -3.2 16.2 -3.1
v -3.2 16.2 -3.5
v -3.2 16.2 -3.6
v -3.2 16.6 4
v -3.2 16.6 3.9
v -3.2 16.6 3.5
v -3.2 16.6 3.4
v -3.2 16.6 -3.5
v -3.2 16.6 -3.6
v -3.2 16.6 -4
v -3.2 16.6 -4.1
v -3.2 17 4.5
v -3.2 17 4.4
v -3.2 17 4
v -3.2 17 3.9
v -3.2 17 -4
v -3.2 17 -4.1
v -3.2 17 -4.5
v -3.2 17 -4.6
v -3.2 17.7 4.5
v -3.2 17.7 4.4
v -3.2 17.7 -4.5
v -3.2 17.7 -4.6
v -3.2 18.4 6.6
v -3.2 18.4 6.5
v -3.2 18.4 -6.6
v -3.2 18.4 -6.7
v -3.2 18.5 6.6
v -3.2 18.5 6.5
v -3.2 18.5 -6.6
v -3.2 18.5 -6.7
v -3.2 19.4 6.6
v -3.2 19.4 6.5
v -3.2 19.4 -6.6
v -3.2 19.4 -6.7
v -3.1 15.2 3.1
v -3.1 15.2 3
v -3.1 15.2 -3.1
v -3.1 15.2 -3.2
v -3.1 15.3 3.1
v -3.1 15.3 3
v -3.1 15.3 -3.1
v -3.1 15.3 -3.2
v -3.1 16.2 3.6
v -3.1 16.2 3.5
v -3.1 16.2 3.1
v -3.1 16.2 3
v -3.1 16.2 -3.1
v -3.1 16.2 -3.2
v -3.1 16.2 -3.6
v -3.1 16.2 -3.7
v -3.1 16.6 3.6
v -3.1 16.6 3.5
v -3.1 16.6 -3.6
v -3.1 16.6 -3.7
v -3.1 17.7 5.9
v -3.1 17.7 5.8
v -3.1 17.7 -5.9
v -3.1 17.7 -6
v -3.1 18.4 5.9
v -3.1 18.4 5.8
v -3.1 18.4 -5.9
v -3.1 18.4 -6
v -3.1 19.5 9.7
v -3.1 19.5 9.6
v -3.1 19.5 -9.7
v -3.1 19.5 -9.8
v -3.1 19.6 9.7
v -3.1 19.6 9.6
v -3.1 19.6 -9.7
v -3.1 19.6 -9.8
v -3.1 21.6 9.7
v -3.1 21.6 9.6
v -3.1 21.6 -9.7
v -3.1 21.6 -9.8
v -3 16.6 4.1
v -3 16.6 4
v -3 16.6 -4.1
v -3 16.6 -4.2
v -3 17 4.6
v -3 17 4.5
v -3 17 4.1
v -3 17 4
v -3 17 -4.1
v -3 17 -4.2
v -3 17 -4.6
v -3 17 -4.7
v -3 17.7 4.6
v -3 17.7 4.5
v -3 17.7 -4.6
v -3 17.7 -4.7
v -2.9 15.2 3.2
v -2.9 15.2 3.1
v -2.9 15.2 -3.2
v -2.9 15.2 -3.3
v -2.9 15.3 3.2
v -2.9 15.3 3.1
v -2.9 15.3 -3.2
v -2.9 15.3 -3.3
v -2.9 16.2 3.7
v -2.9 16.2 3.6
v -2.9 16.2 3.2
v -2.9 16.2 3.1
v -2.9 16.2 -3.2
v -2.9 16.2 -3.3
v -2.9 16.2 -3.7
v -2.9 16.2 -3.8
v -2.9 16.6 4.2
v -2.9 16.6 4.1
v -2.9 16.6 3.7
v -2.9 16.6 3.6
v -2.9 16.6 -3.7
v -2.9 16.6 -3.8
v -2.9 16.6 -4.2
v -2.9 16.6 -4.3
v -2.9 17 4.2
v -2.9 17 4.1
v -2.9 17 -4.2
v -2.9 17 -4.3
v -2.9 18.4 6.7
v -2.9 18.4 6.6
v -2.9 18.4 -6.7
v -2.9 18.4 -6.8
v -2.9 18.5 6.7
v -2.9 18.5 6.6
v -2.9 18.5 -6.7
v -2.9 18.5 -6.8
v -2.9 19.4 6.7
v -2.9 19.4 6.6
v -2.9 19.4 -6.7
v -2.9 19.4 -6.8
v -2.8 15.2 3.3
v -2.8 15.2 3.2
v -2.8 15.2 -3.3
v -2.8 15.2 -3.4
v -2.8 15.3 3.3
v -2.8 15.3 3.2
v -2.8 15.3 -3.3
v -2.8 15.3 -3.4
v -2.8 16.2 3.8
v -2.8 16.2 3.7
v -2.8 16.2 3.3
v -2.8 16.2 3.2
v -2.8 16.2 -3.3
v -2.8 16.2 -3.4
v -2.8 16.2 -3.8
v -2.8 16.2 -3.9
v -2.8 16.6 3.8
v -2.8 16.6 3.7
v -2.8 16.6 -3.8
v -2.8 16.6 -3.9
v -2.8 17 4.7
v -2.8 17 4.6
v -2.8 17 -4.7
v -2.8 17 -4.8
v -2.8 17.7 6
v -2.8 17.7 5.9
v -2.8 17.7 4.7
v -2.8 17.7 4.6
v -2.8 17.7 -4.7
v -2.8 17.7 -4.8
v -2.8 17.7 -6
v -2.8 17.7 -6.1
v -2.8 18.4 6
v -2.8 18.4 5.9
v -2.8 18.4 -6
v -2.8 18.4 -6.1
v -2.7 15.2 3.4
v -2.7 15.2 3.3
v -2.7 15.2 -3.4
v -2.7 15.2 -3.5
v -2.7 15.3 3.4
v -2.7 15.3 3.3
v -2.7 15.3 -3.4
v -2.7 15.3 -3.5
v -2.7 16.2 3.4
v -2.7 16.2 3.3
v -2.7 16.2 -3.4
v -2.7 16.2 -3.5
v -2.7 16.6 4.3
v -2.7 16.6 4.2
v -2.7 16.6 -4.3
v -2.7 16.6 -4.4
v -2.7 17 4.3
v -2.7 17 4.2
v -2.7 17 -4.3
v -2.7 17 -4.4
v -2.7 18.4 6.8
v -2.7 18.4 6.7
v -2.7 18.4 -6.8
v -2.7 18.4 -6.9
v -2.7 18.5 6.7
v -2.7 18.5 -6.8
v -2.7 19.4 6.8
v -2.7 19.4 6.7
v -2.7 19.4 -6.8
v -2.7 19.4 -6.9
v -2.7 19.5 9.8
v -2.7 19.5 9.7
v -2.7 19.5 -9.8
v -2.7 19.5 -9.9
v -2.7 19.6 9.8
v -2.7 19.6 9.7
v -2.7 19.6 -9.8
v -2.7 19.6 -9.9
v -2.7 21.6 9.8
v -2.7 21.6 9.7
v -2.7 21.6 -9.8
v -2.7 21.6 -9.9
v -2.6 16.2 3.9
v -2.6 16.2 3.8
v -2.6 16.2 -3.9
v -2.6 16.2 -4
v -2.6 16.6 3.9
v -2.6 16.6 3.8
v -2.6 16.6 -3.9
v -2.6 16.6 -4
v -2.6 17 4.8
v -2.6 17 4.7
v -2.6 17 -4.8
v -2.6 17 -4.9
v -2.6 17.7 4.8
v -2.6 17.7 4.7
v -2.6 17.7 -4.8
v -2.6 17.7 -4.9
v -2.5 15.2 3.5
v -2.5 15.2 3.4
v -2.5 15.2 -3.5
v -2.5 15.2 -3.6
v -2.5 15.3 3.5
v -2.5 15.3 3.4
v -2.5 15.3 -3.5
v -2.5 15.3 -3.6
v -2.5 16.2 3.5
v -2.5 16.2 3.4
v -2.5 16.2 -3.5
v -2.5 16.2 -3.6
v -2.5 16.6 4.4
v -2.5 16.6 4.3
v -2.5 16.6 -4.4
v -2.5 16.6 -4.5
v -2.5 17 4.4
v -2.5 17 4.3
v -2.5 17 -4.4
v -2.5 17 -4.5
v -2.5 17.7 6.1
v -2.5 17.7 6
v -2.5 17.7 -6.1
v -2.5 17.7 -6.2
v -2.5 18.4 6.1
v -2.5 18.4 6
v -2.5 18.4 -6.1
v -2.5 18.4 -6.2
v -2.4 16.2 4
v -2.4 16.2 3.9
v -2.4 16.2 -4
v -2.4 16.2 -4.1
v -2.4 16.6 4
v -2.4 16.6 3.9
v -2.4 16.6 -4
v -2.4 16.6 -4.1
v -2.3 15.2 3.6
v -2.3 15.2 3.5
v -2.3 15.2 -3.6
v -2.3 15.2 -3.7
v -2.3 15.3 3.6
v -2.3 15.3 3.5
v -2.3 15.3 -3.6
v -2.3 15.3 -3.7
v -2.3 16.2 3.6
v -2.3 16.2 3.5
v -2.3 16.2 -3.6
v -2.3 16.2 -3.7
v -2.3 16.6 4.5
v -2.3 16.6 4.4
v -2.3 16.6 -4.5
v -2.3 16.6 -4.6
v -2.3 17 4.9
v -2.3 17 4.8
v -2.3 17 4.5
v -2.3 17 4.4
v -2.3 17 -4.5
v -2.3 17 -4.6
v -2.3 17 -4.9
v -2.3 17 -5
v -2.3 17.7 4.9
v -2.3 17.7 4.8
v -2.3 17.7 -4.9
v -2.3 17.7 -5
v -2.3 18.4 6.9
v -2.3 18.4 6.8
v -2.3 18.4 -6.9
v -2.3 18.4 -7
v -2.3 19.4 6.9
v -2.3 19.4 6.8
v -2.3 19.4 -6.9
v -2.3 19.4 -7
v -2.2 16.2 4.1
v -2.2 16.2 4
v -2.2 16.2 -4.1
v -2.2 16.2 -4.2
v -2.2 16.6 4.1
v -2.2 16.6 4
v -2.2 16.6 -4.1
v -2.2 16.6 -4.2
v -2.2 17.7 6.2
v -2.2 17.7 6.1
v -2.2 17.7 -6.2
v -2.2 17.7 -6.3
v -2.2 18.4 6.2
v -2.2 18.4 6.1
v -2.2 18.4 -6.2
v -2.2 18.4 -6.3
v -2.2 19.5 9.9
v -2.2 19.5 9.8
v -2.2 19.5 -9.9
v -2.2 19.5 -10
v -2.2 19.6 9.9
v -2.2 19.6 9.8
v -2.2 19.6 -9.9
v -2.2 19.6 -10
v -2.2 21.6 9.9
v -2.2 21.6 9.8
v -2.2 21.6 -9.9
v -2.2 21.6 -10
v -2.1 15.2 3.7
v -2.1 15.2 3.6
v -2.1 15.2 -3.7
v -2.1 15.2 -3.8
v -2.1 15.3 3.7
v -2.1 15.3 3.6
v -2.1 15.3 -3.7
v -2.1 15.3 -3.8
v -2.1 16.2 3.7
v -2.1 16.2 3.6
v -2.1 16.2 -3.7
v -2.1 16.2 -3.8
v -2.1 17 5
v -2.1 17 4.9
v -2.1 17 -5
v -2.1 17 -5.1
v -2.1 17.7 5
v -2.1 17.7 4.9
v -2.1 17.7 -5
v -2.1 17.7 -5.1
v -2 16.6 4.6
v -2 16.6 4.5
v -2 16.6 -4.6
v -2 16.6 -4.7
v -2 17 4.6
v -2 17 4.5
v -2 17 -4.6
v -2 17 -4.7
v -1.9 15.2 3.8
v -1.9 15.2 3.7
v -1.9 15.2 -3.8
v -1.9 15.2 -3.9
v -1.9 15.3 3.8
v -1.9 15.3 3.7
v -1.9 15.3 -3.8
v -1.9 15.3 -3.9
v -1.9 16.2 4.2
v -1.9 16.2 4.1
v -1.9 16.2 3.8
v -1.9 16.2 3.7
v -1.9 16.2 -3.8
v -1.9 16.2 -3.9
v -1.9 16.2 -4.2
v -1.9 16.2 -4.3
v -1.9 16.6 4.2
v -1.9 16.6 4.1
v -1.9 16.6 -4.2
v -1.9 16.6 -4.3
v -1.9 18.4 7
v -1.9 18.4 6.9
v -1.9 18.4 -7
v -1.9 18.4 -7.1
v -1.9 19.4 7
v -1.9 19.4 6.9
v -1.9 19.4 -7
v -1.9 19.4 -7.1
v -1.8 17.7 6.3
v -1.8 17.7 6.2
v -1.8 17.7 -6.3
v -1.8 17.7 -6.4
v -1.8 18.4 6.3
v -1.8 18.4 6.2
v -1.8 18.4 -6.3
v -1.8 18.4 -6.4
v -1.7 17 5.1
v -1.7 17 5
v -1.7 17 -5.1
v -1.7 17 -5.2
v -1.7 17.7 5.1
v -1.7 17.7 5
v -1.7 17.7 -5.1
v -1.7 17.7 -5.2
v -1.6 16.2 4.3
v -1.6 16.2 4.2
v -1.6 16.2 -4.3
v -1.6 16.2 -4.4
v -1.6 16.6 4.7
v -1.6 16.6 4.6
v -1.6 16.6 4.3
v -1.6 16.6 4.2
v -1.6 16.6 -4.3
v -1.6 16.6 -4.4
v -1.6 16.6 -4.7
v -1.6 16.6 -4.8
v -1.6 17 4.7
v -1.6 17 4.6
v -1.6 17 -4.7
v -1.6 17 -4.8
v -1.5 15.2 3.9
v -1.5 15.2 3.8
v -1.5 15.2 -3.9
v -1.5 15.2 -4
v -1.5 15.3 3.9
v -1.5 15.3 3.8
v -1.5 15.3 -3.9
v -1.5 15.3 -4
v -1.5 16.2 3.9
v -1.5 16.2 3.8
v -1.5 16.2 -3.9
v -1.5 16.2 -4
v -1.5 19.5 10
v -1.5 19.5 9.9
v -1.5 19.5 -10
v -1.5 19.5 -10.1
v -1.5 19.6 10
v -1.5 19.6 9.9
v -1.5 19.6 -10
v -1.5 19.6 -10.1
v -1.5 21.6 10
v -1.5 21.6 9.9
v -1.5 21.6 -10
v -1.5 21.6 -10.1
v -1.3 17.7 6.4
v -1.3 17.7 6.3
v -1.3 17.7 -6.4
v -1.3 17.7 -6.5
v -1.3 18.4 7.1
v -1.3 18.4 7
v -1.3 18.4 6.4
v -1.3 18.4 6.3
v -1.3 18.4 -6.4
v -1.3 18.4 -6.5
v -1.3 18.4 -7.1
v -1.3 18.4 -7.2
v -1.3 19.4 7.1
v -1.3 19.4 7
v -1.3 19.4 -7.1
v -1.3 19.4 -7.2
v -1.2 17 5.2
v -1.2 17 5.1
v -1.2 17 -5.2
v -1.2 17 -5.3
v -1.2 17.7 5.2
v -1.2 17.7 5.1
v -1.2 17.7 -5.2
v -1.2 17.7 -5.3
v -1.1 15.2 4
v -1.1 15.2 3.9
v -1.1 15.2 -4
v -1.1 15.2 -4.1
v -1.1 15.3 4
v -1.1 15.3 3.9
v -1.1 15.3 -4
v -1.1 15.3 -4.1
v -1.1 16.2 4.4
v -1.1 16.2 4.3
v -1.1 16.2 4
v -1.1 16.2 3.9
v -1.1 16.2 -4
v -1.1 16.2 -4.1
v -1.1 16.2 -4.4
v -1.1 16.2 -4.5
v -1.1 16.6 4.8
v -1.1 16.6 4.7
v -1.1 16.6 4.4
v -1.1 16.6 4.3
v -1.1 16.6 -4.4
v -1.1 16.6 -4.5
v -1.1 16.6 -4.8
v -1.1 16.6 -4.9
v -1.1 17 4.8
v -1.1 17 4.7
v -1.1 17 -4.8
v -1.1 17 -4.9
v -1 15.4 4.1
v -1 15.4 4
v -1 15.4 -4.1
v -1 15.4 -4.2
v -1 16.1 4.1
v -1 16.1 4
v -1 16.1 -4.1
v -1 16.1 -4.2
v -0.5 19.4 6.4
v -0.5 19.4 0
v -0.5 19.4 -0.0999994
v -0.5 19.4 -5.9
v -0.5 19.4 -6.5
v -0.5 19.4 -6.6
v -0.5 19.5 6.4
v -0.5 19.5 0
v -0.5 19.5 -0.0999994
v -0.5 19.5 -5.9
v -0.5 19.5 -6.5
v -0.5 19.5 -6.6
v 0 15.5 4.1
v 0 15.5 4
v 0 15.5 -4.1
v 0 15.5 -4.2
v 0 16 4.1
v 0 16 4
v 0 16 -4.1
v 0 16 -4.2
v 0.2 15.2 3.9
v 0.2 15.2 3.8
v 0.2 15.2 -3.9
v 0.2 15.2 -4
v 0.2 15.3 3.9
v 0.2 15.3 3.8
v 0.2 15.3 -3.9
v 0.2 15.3 -4
v 0.2 15.4 3.9
v 0.2 15.4 -4
v 0.2 15.5 3.9
v 0.2 15.5 3.8
v 0.2 15.5 -3.9
v 0.2 15.5 -4
v 0.2 15.7 3.9
v 0.2 15.7 3.8
v 0.2 15.7 -3.9
v 0.2 15.7 -4
v 0.599999 15.2 3.8
v 0.599999 15.2 3.7
v 0.599999 15.2 -3.8
v 0.599999 15.2 -3.9
v 0.599999 15.6 3.8
v 0.599999 15.6 -3.9
v 0.599999 15.7 3.8
v 0.599999 15.7 3.7
v 0.599999 15.7 -3.8
v 0.599999 15.7 -3.9
v 0.9 15.2 3.7
v 0.9 15.2 3.6
v 0.9 15.2 -3.7
v 0.9 15.2 -3.8
v 0.9 15.7 3.7
v 0.9 15.7 3.6
v 0.9 15.7 -3.7
v 0.9 15.7 -3.8
v 1.2 15.2 3.6
v 1.2 15.2 3.5
v 1.2 15.2 -3.6
v 1.2 15.2 -3.7
v 1.2 15.7 3.6
v 1.2 15.7 3.5
v 1.2 15.7 -3.6
v 1.2 15.7 -3.7
v 1.4 15.2 3.5
v 1.4 15.2 3.4
v 1.4 15.2 -3.5
v 1.4 15.2 -3.6
v 1.4 15.7 3.5
v 1.4 15.7 3.4
v 1.4 15.7 -3.5
v 1.4 15.7 -3.6
v 1.6 15.2 3.4
v 1.6 15.2 3.3
v 1.6 15.2 -3.4
v 1.6 15.2 -3.5
v 1.6 15.7 3.4
v 1.6 15.7 3.3
v 1.6 15.7 -3.4
v 1.6 15.7 -3.5
v 1.7 15.2 3.3
v 1.7 15.2 3.2
v 1.7 15.2 -3.3
v 1.7 15.2 -3.4
v 1.7 15.7 3.3
v 1.7 15.7 3.2
v 1.7 15.7 -3.3
v 1.7 15.7 -3.4
v 1.9 15.2 3.2
v 1.9 15.2 3.1
v 1.9 15.2 -3.2
v 1.9 15.2 -3.3
v 1.9 15.7 3.2
v 1.9 15.7 3.1
v 1.9 15.7 -3.2
v 1.9 15.7 -3.3
v 2 15.2 3.1
v 2 15.2 3
v 2 15.2 -3.1
v 2 15.2 -3.2
v 2 15.7 3.1
v 2 15.7 3
v 2 15.7 -3.1
v 2 15.7 -3.2
v 2.1 15.2 3
v 2.1 15.2 2.9
v 2.1 15.2 -3
v 2.1 15.2 -3.1
v 2.1 15.7 3
v 2.1 15.7 2.9
v 2.1 15.7 -3
v 2.1 15.7 -3.1
v 2.2 15.2 2.9
v 2.2 15.2 2.8
v 2.2 15.2 -2.9
v 2.2 15.2 -3
v 2.2 15.7 2.9
v 2.2 15.7 2.8
v 2.2 15.7 -2.9
v 2.2 15.7 -3
v 2.3 15.2 2.8
v 2.3 15.2 2.7
v 2.3 15.2 -2.8
v 2.3 15.2 -2.9
v 2.3 15.7 2.8
v 2.3 15.7 2.7
v 2.3 15.7 -2.8
v 2.3 15.7 -2.9
v 2.4 15.2 2.7
v 2.4 15.2 2.6
v 2.4 15.2 -2.7
v 2.4 15.2 -2.8
v 2.4 15.7 2.7
v 2.4 15.7 2.6
v 2.4 15.7 -2.7
v 2.4 15.7 -2.8
v 2.5 15.2 2.6
v 2.5 15.2 2.5
v 2.5 15.2 -2.6
v 2.5 15.2 -2.7
v 2.5 15.7 2.6
v 2.5 15.7 2.5
v 2.5 15.7 -2.6
v 2.5 15.7 -2.7
v 2.6 15.2 2.5
v 2.6 15.2 2.4
v 2.6 15.2 -2.5
v 2.6 15.2 -2.6
v 2.6 15.7 2.5
v 2.6 15.7 2.4
v 2.6 15.7 -2.5
v 2.6 15.7 -2.6
v 2.7 15.2 2.4
v 2.7 15.2 2.3
v 2.7 15.2 -2.4
v 2.7 15.2 -2.5
v 2.7 15.7 2.4
v 2.7 15.7 2.3
v 2.7 15.7 -2.4
v 2.7 15.7 -2.5
v 2.8 15.2 2.3
v 2.8 15.2 2.1
v 2.8 15.2 -2.2
v 2.8 15.2 -2.4
v 2.8 15.7 2.3
v 2.8 15.7 2.1
v 2.8 15.7 -2.2
v 2.8 15.7 -2.4
v 2.9 15.2 2.1
v 2.9 15.2 2
v 2.9 15.2 -2.1
v 2.9 15.2 -2.2
v 2.9 15.7 2.1
v 2.9 15.7 2
v 2.9 15.7 -2.1
v 2.9 15.7 -2.2
v 3 15.2 2
v 3 15.2 1.8
v 3 15.2 -1.9
v 3 15.2 -2.1
v 3 15.7 2
v 3 15.7 1.8
v 3 15.7 -1.9
v 3 15.7 -2.1
v 3.1 15.2 1.8
v 3.1 15.2 1.6
v 3.1 15.2 -1.7
v 3.1 15.2 -1.9
v 3.1 15.7 1.8
v 3.1 15.7 1.6
v 3.1 15.7 -1.7
v 3.1 15.7 -1.9
v 3.2 15.2 1.6
v 3.2 15.2 1.3
v 3.2 15.2 -1.4
v 3.2 15.2 -1.7
v 3.2 15.7 1.6
v 3.2 15.7 1.3
v 3.2 15.7 -1.4
v 3.2 15.7 -1.7
v 3.3 15.2 1.3
v 3.3 15.2 1
v 3.3 15.2 -1.1
v 3.3 15.2 -1.4
v 3.3 15.7 1.3
v 3.3 15.7 1
v 3.3 15.7 -1.1
v 3.3 15.7 -1.4
v 3.4 15.2 1
v 3.4 15.2 0.6
v 3.4 15.2 -0.7
v 3.4 15.2 -1.1
v 3.4 15.7 1
v 3.4 15.7 0.6
v 3.4 15.7 -0.7
v 3.4 15.7 -1.1
v 3.5 15.2 0.6
v 3.5 15.2 -0.7
v 3.5 15.4 0.5
v 3.5 15.4 0
v 3.5 15.4 -0.0999994
v 3.5 15.4 -0.599999
v 3.5 15.5 -0.0999994
v 3.5 15.5 -0.599999
v 3.5 15.6 0.5
v 3.5 15.6 0
v 3.5 15.6 -0.0999994
v 3.5 15.6 -0.4
v 3.5 15.7 0.6
v 3.5 15.7 -0.0999994
v 3.5 15.7 -0.4
v 3.5 15.7 -0.7
v -6.9 19.4 0
v -6.9 19.4 -0.0999994
v -6.9 19.5 0
v -6.9 19.5 -0.0999994
v -4.4 15.2 0.6
v -4.4 15.2 -0.7
v -4.4 15.3 0.6
v -4.4 15.3 -0.7
v -4.4 15.5 0.400001
v -4.4 15.5 0.1
v -4.4 15.5 -0.0999994
v -4.4 15.5 -0.599999
v -4.4 15.6 -0.0999994
v -4.4 15.6 -0.599999
v -4.4 15.7 0.6
v -4.4 15.7 0.400001
v -4.4 15.7 0.1
v -4.4 15.7 -0.7
v -4.3 15.2 1
v -4.3 15.2 0.6
v -4.3 15.2 -0.7
v -4.3 15.2 -1.1
v -4.3 15.3 1
v -4.3 15.3 0.6
v -4.3 15.3 -0.7
v -4.3 15.3 -1.1
v -4.3 15.7 1
v -4.3 15.7 0.6
v -4.3 15.7 -0.7
v -4.3 15.7 -1.1
v -4.2 15.2 1.3
v -4.2 15.2 1
v -4.2 15.2 -1.1
v -4.2 15.2 -1.4
v -4.2 15.3 1.3
v -4.2 15.3 1
v -4.2 15.3 -1.1
v -4.2 15.3 -1.4
v -4.2 15.7 1.3
v -4.2 15.7 1
v -4.2 15.7 -1.1
v -4.2 15.7 -1.4
v -4.1 15.2 1.6
v -4.1 15.2 1.3
v -4.1 15.2 -1.4
v -4.1 15.2 -1.7
v -4.1 15.3 1.6
v -4.1 15.3 1.3
v -4.1 15.3 -1.4
v -4.1 15.3 -1.7
v -4.1 15.7 1.6
v -4.1 15.7 1.3
v -4.1 15.7 -1.4
v -4.1 15.7 -1.7
v -4 15.2 1.8
v -4 15.2 1.6
v -4 15.2 -1.7
v -4 15.2 -1.9
v -4 15.3 1.8
v -4 15.3 1.6
v -4 15.3 -1.7
v -4 15.3 -1.9
v -4 15.7 1.8
v -4 15.7 1.6
v -4 15.7 -1.7
v -4 15.7 -1.9
v -3.9 15.2 2
v -3.9 15.2 1.8
v -3.9 15.2 -1.9
v -3.9 15.2 -2.1
v -3.9 15.3 2
v -3.9 15.3 1.8
v -3.9 15.3 -1.9
v -3.9 15.3 -2.1
v -3.9 15.7 2
v -3.9 15.7 1.8
v -3.9 15.7 -1.9
v -3.9 15.7 -2.1
v -3.8 15.2 2.1
v -3.8 15.2 2
v -3.8 15.2 -2.1
v -3.8 15.2 -2.2
v -3.8 15.3 2.1
v -3.8 15.3 2
v -3.8 15.3 -2.1
v -3.8 15.3 -2.2
v -3.8 15.7 2.1
v -3.8 15.7 2
v -3.8 15.7 -2.1
v -3.8 15.7 -2.2
v -3.7 15.2 2.3
v -3.7 15.2 2.1
v -3.7 15.2 -2.2
v -3.7 15.2 -2.4
v -3.7 15.3 2.3
v -3.7 15.3 2.1
v -3.7 15.3 -2.2
v -3.7 15.3 -2.4
v -3.7 15.7 2.3
v -3.7 15.7 2.1
v -3.7 15.7 -2.2
v -3.7 15.7 -2.4
v -3.6 15.2 2.4
v -3.6 15.2 2.3
v -3.6 15.2 -2.4
v -3.6 15.2 -2.5
v -3.6 15.3 2.4
v -3.6 15.3 2.3
v -3.6 15.3 -2.4
v -3.6 15.3 -2.5
v -3.6 15.7 2.4
v -3.6 15.7 2.3
v -3.6 15.7 -2.4
v -3.6 15.7 -2.5
v -3.5 15.2 2.5
v -3.5 15.2 2.4
v -3.5 15.2 -2.5
v -3.5 15.2 -2.6
v -3.5 15.3 2.5
v -3.5 15.3 2.4
v -3.5 15.3 -2.5
v -3.5 15.3 -2.6
v -3.5 15.7 2.5
v -3.5 15.7 2.4
v -3.5 15.7 -2.5
v -3.5 15.7 -2.6
v -3.4 15.2 2.6
v -3.4 15.2 2.5
v -3.4 15.2 -2.6
v -3.4 15.2 -2.7
v -3.4 15.3 2.6
v -3.4 15.3 2.5
v -3.4 15.3 -2.6
v -3.4 15.3 -2.7
v -3.4 15.7 2.6
v -3.4 15.7 2.5
v -3.4 15.7 -2.6
v -3.4 15.7 -2.7
v -3.3 15.2 2.7
v -3.3 15.2 2.6
v -3.3 15.2 -2.7
v -3.3 15.2 -2.8
v -3.3 15.3 2.7
v -3.3 15.3 2.6
v -3.3 15.3 -2.7
v -3.3 15.3 -2.8
v -3.3 15.7 2.7
v -3.3 15.7 2.6
v -3.3 15.7 -2.7
v -3.3 15.7 -2.8
v -3.2 15.2 2.8
v -3.2 15.2 2.7
v -3.2 15.2 -2.8
v -3.2 15.2 -2.9
v -3.2 15.3 2.8
v -3.2 15.3 2.7
v -3.2 15.3 -2.8
v -3.2 15.3 -2.9
v -3.2 15.7 2.8
v -3.2 15.7 2.7
v -3.2 15.7 -2.8
v -3.2 15.7 -2.9
v -3.1 15.2 2.9
v -3.1 15.2 2.8
v -3.1 15.2 -2.9
v -3.1 15.2 -3
v -3.1 15.3 2.9
v -3.1 15.3 2.8
v -3.1 15.3 -2.9
v -3.1 15.3 -3
v -3.1 15.7 2.9
v -3.1 15.7 2.8
v -3.1 15.7 -2.9
v -3.1 15.7 -3
v -3 15.2 3
v -3 15.2 2.9
v -3 15.2 -3
v -3 15.2 -3.1
v -3 15.3 3
v -3 15.3 2.9
v -3 15.3 -3
v -3 15.3 -3.1
v -3 15.7 3
v -3 15.7 2.9
v -3 15.7 -3
v -3 15.7 -3.1
v -2.9 15.2 3.1
v -2.9 15.2 3
v -2.9 15.2 -3.1
v -2.9 15.2 -3.2
v -2.9 15.3 3.1
v -2.9 15.3 3
v -2.9 15.3 -3.1
v -2.9 15.3 -3.2
v -2.9 15.7 3.1
v -2.9 15.7 3
v -2.9 15.7 -3.1
v -2.9 15.7 -3.2
v -2.8 15.2 3.2
v -2.8 15.2 3.1
v -2.8 15.2 -3.2
v -2.8 15.2 -3.3
v -2.8 15.3 3.2
v -2.8 15.3 3.1
v -2.8 15.3 -3.2
v -2.8 15.3 -3.3
v -2.8 15.7 3.2
v -2.8 15.7 3.1
v -2.8 15.7 -3.2
v -2.8 15.7 -3.3
v -2.6 15.2 3.3
v -2.6 15.2 3.2
v -2.6 15.2 -3.3
v -2.6 15.2 -3.4
v -2.6 15.3 3.3
v -2.6 15.3 3.2
v -2.6 15.3 -3.3
v -2.6 15.3 -3.4
v -2.6 15.7 3.3
v -2.6 15.7 3.2
v -2.6 15.7 -3.3
v -2.6 15.7 -3.4
v -2.5 15.2 3.4
v -2.5 15.2 3.3
v -2.5 15.2 -3.4
v -2.5 15.2 -3.5
v -2.5 15.3 3.4
v -2.5 15.3 3.3
v -2.5 15.3 -3.4
v -2.5 15.3 -3.5
v -2.5 15.7 3.4
v -2.5 15.7 3.3
v -2.5 15.7 -3.4
v -2.5 15.7 -3.5
v -2.3 15.2 3.5
v -2.3 15.2 3.4
v -2.3 15.2 -3.5
v -2.3 15.2 -3.6
v -2.3 15.3 3.5
v -2.3 15.3 3.4
v -2.3 15.3 -3.5
v -2.3 15.3 -3.6
v -2.3 15.7 3.5
v -2.3 15.7 3.4
v -2.3 15.7 -3.5
v -2.3 15.7 -3.6
v -2.1 15.2 3.6
v -2.1 15.2 3.5
v -2.1 15.2 -3.6
v -2.1 15.2 -3.7
v -2.1 15.3 3.6
v -2.1 15.3 3.5
v -2.1 15.3 -3.6
v -2.1 15.3 -3.7
v -2.1 15.7 3.6
v -2.1 15.7 3.5
v -2.1 15.7 -3.6
v -2.1 15.7 -3.7
v -1.8 15.2 3.7
v -1.8 15.2 3.6
v -1.8 15.2 -3.7
v -1.8 15.2 -3.8
v -1.8 15.3 3.7
v -1.8 15.3 3.6
v -1.8 15.3 -3.7
v -1.8 15.3 -3.8
v -1.8 15.7 3.7
v -1.8 15.7 3.6
v -1.8 15.7 -3.7
v -1.8 15.7 -3.8
v -1.5 15.2 3.8
v -1.5 15.2 3.7
v -1.5 15.2 -3.8
v -1.5 15.2 -3.9
v -1.5 15.3 3.8
v -1.5 15.3 3.7
v -1.5 15.3 -3.8
v -1.5 15.3 -3.9
v -1.5 15.7 3.8
v -1.5 15.7 3.7
v -1.5 15.7 -3.8
v -1.5 15.7 -3.9
v -1.1 15.2 3.9
v -1.1 15.2 3.8
v -1.1 15.2 -3.9
v -1.1 15.2 -4
v -1.1 15.3 3.9
v -1.1 15.3 3.8
v -1.1 15.3 -3.9
v -1.1 15.3 -4
v -1.1 15.7 3.9
v -1.1 15.7 3.8
v -1.1 15.7 -3.9
v -1.1 15.7 -4
v -0.900001 15.5 4.1
v -0.900001 15.5 4
v -0.900001 15.5 -4.1
v -0.900001 15.5 -4.2
v -0.900001 16 4.1
v -0.900001 16 4
v -0.900001 16 -4.1
v -0.900001 16 -4.2
v -0.400001 19.4 6.4
v -0.400001 19.4 0
v -0.400001 19.4 -0.0999994
v -0.400001 19.4 -5.9
v -0.400001 19.4 -6.5
v -0.400001 19.4 -6.6
v -0.400001 19.5 6.4
v -0.400001 19.5 0
v -0.400001 19.5 -0.0999994
v -0.400001 19.5 -5.9
v -0.400001 19.5 -6.5
v -0.400001 19.5 -6.6
v 0.0999994 15.4 4.1
v 0.0999994 15.4 4
v 0.0999994 15.4 -4.1
v 0.0999994 15.4 -4.2
v 0.0999994 16.1 4.1
v 0.0999994 16.1 4
v 0.0999994 16.1 -4.1
v 0.0999994 16.1 -4.2
v 0.2 15.2 4
v 0.2 15.2 3.9
v 0.2 15.2 -4
v 0.2 15.2 -4.1
v 0.2 15.3 3.9
v 0.2 15.3 -4
v 0.2 15.4 4
v 0.2 15.4 3.9
v 0.2 15.4 -4
v 0.2 15.4 -4.1
v 0.2 15.5 3.9
v 0.2 15.5 -4
v 0.2 16.2 4.4
v 0.2 16.2 4.3
v 0.2 16.2 4
v 0.2 16.2 3.9
v 0.2 16.2 -4
v 0.2 16.2 -4.1
v 0.2 16.2 -4.4
v 0.2 16.2 -4.5
v 0.2 16.6 4.8
v 0.2 16.6 4.7
v 0.2 16.6 4.4
v 0.2 16.6 4.3
v 0.2 16.6 -4.4
v 0.2 16.6 -4.5
v 0.2 16.6 -4.8
v 0.2 16.6 -4.9
v 0.2 17 4.8
v 0.2 17 4.7
v 0.2 17 -4.8
v 0.2 17 -4.9
v 0.3 17 5.2
v 0.3 17 5.1
v 0.3 17 -5.2
v 0.3 17 -5.3
v 0.3 17.7 5.2
v 0.3 17.7 5.1
v 0.3 17.7 -5.2
v 0.3 17.7 -5.3
v 0.4 17.7 6.4
v 0.4 17.7 6.3
v 0.4 17.7 -6.4
v 0.4 17.7 -6.5
v 0.4 18.4 7.1
v 0.4 18.4 7
v 0.4 18.4 6.4
v 0.4 18.4 6.3
v 0.4 18.4 -6.4
v 0.4 18.4 -6.5
v 0.4 18.4 -7.1
v 0.4 18.4 -7.2
v 0.4 19.4 7.1
v 0.4 19.4 7
v 0.4 19.4 -7.1
v 0.4 19.4 -7.2
v 0.599999 15.2 3.9
v 0.599999 15.2 3.8
v 0.599999 15.2 -3.9
v 0.599999 15.2 -4
v 0.599999 15.6 3.9
v 0.599999 15.6 3.8
v 0.599999 15.6 -3.9
v 0.599999 15.6 -4
v 0.599999 15.7 3.8
v 0.599999 15.7 -3.9
v 0.599999 15.8 3.9
v 0.599999 15.8 3.8
v 0.599999 15.8 -3.9
v 0.599999 15.8 -4
v 0.599999 15.9 3.8
v 0.599999 15.9 -3.9
v 0.599999 16.2 3.9
v 0.599999 16.2 3.8
v 0.599999 16.2 -3.9
v 0.599999 16.2 -4
v 0.599999 19.5 10
v 0.599999 19.5 9.9
v 0.599999 19.5 -10
v 0.599999 19.5 -10.1
v 0.599999 19.6 10
v 0.599999 19.6 9.9
v 0.599999 19.6 -10
v 0.599999 19.6 -10.1
v 0.599999 21.6 10
v 0.599999 21.6 9.9
v 0.599999 21.6 -10
v 0.599999 21.6 -10.1
v 0.7 16.2 4.3
v 0.7 16.2 4.2
v 0.7 16.2 -4.3
v 0.7 16.2 -4.4
v 0.7 16.6 4.7
v 0.7 16.6 4.6
v 0.7 16.6 4.3
v 0.7 16.6 4.2
v 0.7 16.6 -4.3
v 0.7 16.6 -4.4
v 0.7 16.6 -4.7
v 0.7 16.6 -4.8
v 0.7 17 4.7
v 0.7 17 4.6
v 0.7 17 -4.7
v 0.7 17 -4.8
v 0.8 17 5.1
v 0.8 17 5
v 0.8 17 -5.1
v 0.8 17 -5.2
v 0.8 17.7 5.1
v 0.8 17.7 5
v 0.8 17.7 -5.1
v 0.8 17.7 -5.2
v 0.9 17.7 6.3
v 0.9 17.7 6.2
v 0.9 17.7 -6.3
v 0.9 17.7 -6.4
v 0.9 18.4 6.3
v 0.9 18.4 6.2
v 0.9 18.4 -6.3
v 0.9 18.4 -6.4
v 1 15.2 3.8
v 1 15.2 3.7
v 1 15.2 -3.8
v 1 15.2 -3.9
v 1 15.9 3.8
v 1 15.9 3.7
v 1 15.9 -3.8
v 1 15.9 -3.9
v 1 16 3.8
v 1 16 3.7
v 1 16 -3.8
v 1 16 -3.9
v 1 16.2 4.2
v 1 16.2 4.1
v 1 16.2 3.8
v 1 16.2 3.7
v 1 16.2 -3.8
v 1 16.2 -3.9
v 1 16.2 -4.2
v 1 16.2 -4.3
v 1 16.6 4.2
v 1 16.6 4.1
v 1 16.6 -4.2
v 1 16.6 -4.3
v 1 18.4 7
v 1 18.4 6.9
v 1 18.4 -7
v 1 18.4 -7.1
v 1 19.4 7
v 1 19.4 6.9
v 1 19.4 -7
v 1 19.4 -7.1
v 1.1 16.6 4.6
v 1.1 16.6 4.5
v 1.1 16.6 -4.6
v 1.1 16.6 -4.7
v 1.1 17 4.6
v 1.1 17 4.5
v 1.1 17 -4.6
v 1.1 17 -4.7
v 1.2 15.2 3.7
v 1.2 15.2 3.6
v 1.2 15.2 -3.7
v 1.2 15.2 -3.8
v 1.2 15.9 3.7
v 1.2 15.9 3.6
v 1.2 15.9 -3.7
v 1.2 15.9 -3.8
v 1.2 16 3.7
v 1.2 16 3.6
v 1.2 16 -3.7
v 1.2 16 -3.8
v 1.2 16.2 3.7
v 1.2 16.2 3.6
v 1.2 16.2 -3.7
v 1.2 16.2 -3.8
v 1.2 17 5
v 1.2 17 4.9
v 1.2 17 -5
v 1.2 17 -5.1
v 1.2 17.7 5
v 1.2 17.7 4.9
v 1.2 17.7 -5
v 1.2 17.7 -5.1
v 1.3 16.2 4.1
v 1.3 16.2 4
v 1.3 16.2 -4.1
v 1.3 16.2 -4.2
v 1.3 16.6 4.1
v 1.3 16.6 4
v 1.3 16.6 -4.1
v 1.3 16.6 -4.2
v 1.3 17.7 6.2
v 1.3 17.7 6.1
v 1.3 17.7 -6.2
v 1.3 17.7 -6.3
v 1.3 18.4 6.2
v 1.3 18.4 6.1
v 1.3 18.4 -6.2
v 1.3 18.4 -6.3
v 1.3 19.5 9.9
v 1.3 19.5 9.8
v 1.3 19.5 -9.9
v 1.3 19.5 -10
v 1.3 19.6 9.9
v 1.3 19.6 9.8
v 1.3 19.6 -9.9
v 1.3 19.6 -10
v 1.3 21.6 9.9
v 1.3 21.6 9.8
v 1.3 21.6 -9.9
v 1.3 21.6 -10
v 1.4 15.2 3.6
v 1.4 15.2 3.5
v 1.4 15.2 -3.6
v 1.4 15.2 -3.7
v 1.4 15.9 3.6
v 1.4 15.9 3.5
v 1.4 15.9 -3.6
v 1.4 15.9 -3.7
v 1.4 16 3.6
v 1.4 16 3.5
v 1.4 16 -3.6
v 1.4 16 -3.7
v 1.4 16.2 3.6
v 1.4 16.2 3.5
v 1.4 16.2 -3.6
v 1.4 16.2 -3.7
v 1.4 16.6 4.5
v 1.4 16.6 4.4
v 1.4 16.6 -4.5
v 1.4 16.6 -4.6
v 1.4 17 4.9
v 1.4 17 4.8
v 1.4 17 4.5
v 1.4 17 4.4
v 1.4 17 -4.5
v 1.4 17 -4.6
v 1.4 17 -4.9
v 1.4 17 -5
v 1.4 17.7 4.9
v 1.4 17.7 4.8
v 1.4 17.7 -4.9
v 1.4 17.7 -5
v 1.4 18.4 6.9
v 1.4 18.4 6.8
v 1.4 18.4 -6.9
v 1.4 18.4 -7
v 1.4 19.4 6.9
v 1.4 19.4 6.8
v 1.4 19.4 -6.9
v 1.4 19.4 -7
v 1.5 16.2 4
v 1.5 16.2 3.9
v 1.5 16.2 -4
v 1.5 16.2 -4.1
v 1.5 16.6 4
v 1.5 16.6 3.9
v 1.5 16.6 -4
v 1.5 16.6 -4.1
v 1.6 15.2 3.5
v 1.6 15.2 3.4
v 1.6 15.2 -3.5
v 1.6 15.2 -3.6
v 1.6 15.9 3.5
v 1.6 15.9 3.4
v 1.6 15.9 -3.5
v 1.6 15.9 -3.6
v 1.6 16 3.5
v 1.6 16 3.4
v 1.6 16 -3.5
v 1.6 16 -3.6
v 1.6 16.2 3.5
v 1.6 16.2 3.4
v 1.6 16.2 -3.5
v 1.6 16.2 -3.6
v 1.6 16.6 4.4
v 1.6 16.6 4.3
v 1.6 16.6 -4.4
v 1.6 16.6 -4.5
v 1.6 17 4.4
v 1.6 17 4.3
v 1.6 17 -4.4
v 1.6 17 -4.5
v 1.6 17.7 6.1
v 1.6 17.7 6
v 1.6 17.7 -6.1
v 1.6 17.7 -6.2
v 1.6 18.4 6.1
v 1.6 18.4 6
v 1.6 18.4 -6.1
v 1.6 18.4 -6.2
v 1.7 16.2 3.9
v 1.7 16.2 3.8
v 1.7 16.2 -3.9
v 1.7 16.2 -4
v 1.7 16.6 3.9
v 1.7 16.6 3.8
v 1.7 16.6 -3.9
v 1.7 16.6 -4
v 1.7 17 4.8
v 1.7 17 4.7
v 1.7 17 -4.8
v 1.7 17 -4.9
v 1.7 17.7 4.8
v 1.7 17.7 4.7
v 1.7 17.7 -4.8
v 1.7 17.7 -4.9
v 1.8 15.2 3.4
v 1.8 15.2 3.3
v 1.8 15.2 -3.4
v 1.8 15.2 -3.5
v 1.8 15.9 3.4
v 1.8 15.9 3.3
v 1.8 15.9 -3.4
v 1.8 15.9 -3.5
v 1.8 16 3.4
v 1.8 16 3.3
v 1.8 16 -3.4
v 1.8 16 -3.5
v 1.8 16.2 3.4
v 1.8 16.2 3.3
v 1.8 16.2 -3.4
v 1.8 16.2 -3.5
v 1.8 16.6 4.3
v 1.8 16.6 4.2
v 1.8 16.6 -4.3
v 1.8 16.6 -4.4
v 1.8 17 4.3
v 1.8 17 4.2
v 1.8 17 -4.3
v 1.8 17 -4.4
v 1.8 18.4 6.8
v 1.8 18.4 6.7
v 1.8 18.4 -6.8
v 1.8 18.4 -6.9
v 1.8 18.5 6.7
v 1.8 19.4 6.8
v 1.8 19.4 6.7
v 1.8 19.4 -6.8
v 1.8 19.4 -6.9
v 1.8 19.5 9.8
v 1.8 19.5 9.7
v 1.8 19.5 -9.8
v 1.8 19.5 -9.9
v 1.8 19.6 9.8
v 1.8 19.6 9.7
v 1.8 19.6 -9.8
v 1.8 19.6 -9.9
v 1.8 21.6 9.8
v 1.8 21.6 9.7
v 1.8 21.6 -9.8
v 1.8 21.6 -9.9
v 1.9 15.2 3.3
v 1.9 15.2 3.2
v 1.9 15.2 -3.3
v 1.9 15.2 -3.4
v 1.9 15.9 3.3
v 1.9 15.9 3.2
v 1.9 15.9 -3.3
v 1.9 15.9 -3.4
v 1.9 16 3.3
v 1.9 16 3.2
v 1.9 16 -3.3
v 1.9 16 -3.4
v 1.9 16.2 3.8
v 1.9 16.2 3.7
v 1.9 16.2 3.3
v 1.9 16.2 3.2
v 1.9 16.2 -3.3
v 1.9 16.2 -3.4
v 1.9 16.2 -3.8
v 1.9 16.2 -3.9
v 1.9 16.6 3.8
v 1.9 16.6 3.7
v 1.9 16.6 -3.8
v 1.9 16.6 -3.9
v 1.9 17 4.7
v 1.9 17 4.6
v 1.9 17 -4.7
v 1.9 17 -4.8
v 1.9 17.7 6
v 1.9 17.7 5.9
v 1.9 17.7 4.7
v 1.9 17.7 4.6
v 1.9 17.7 -4.7
v 1.9 17.7 -4.8
v 1.9 17.7 -6
v 1.9 17.7 -6.1
v 1.9 18.4 6
v 1.9 18.4 5.9
v 1.9 18.4 -6
v 1.9 18.4 -6.1
v 2 15.2 3.2
v 2 15.2 3.1
v 2 15.2 -3.2
v 2 15.2 -3.3
v 2 15.9 3.2
v 2 15.9 3.1
v 2 15.9 -3.2
v 2 15.9 -3.3
v 2 16 3.2
v 2 16 3.1
v 2 16 -3.2
v 2 16 -3.3
v 2 16.2 3.7
v 2 16.2 3.6
v 2 16.2 3.2
v 2 16.2 3.1
v 2 16.2 -3.2
v 2 16.2 -3.3
v 2 16.2 -3.7
v 2 16.2 -3.8
v 2 16.6 4.2
v 2 16.6 4.1
v 2 16.6 3.7
v 2 16.6 3.6
v 2 16.6 -3.7
v 2 16.6 -3.8
v 2 16.6 -4.2
v 2 16.6 -4.3
v 2 17 4.2
v 2 17 4.1
v 2 17 -4.2
v 2 17 -4.3
v 2 18.4 6.7
v 2 18.4 6.6
v 2 18.4 -6.7
v 2 18.4 -6.8
v 2 18.5 6.7
v 2 18.5 6.6
v 2 19.4 6.7
v 2 19.4 6.6
v 2 19.4 -6.7
v 2 19.4 -6.8
v 2.1 16.6 4.1
v 2.1 16.6 4
v 2.1 16.6 -4.1
v 2.1 16.6 -4.2
v 2.1 17 4.6
v 2.1 17 4.5
v 2.1 17 4.1
v 2.1 17 4
v 2.1 17 -4.1
v 2.1 17 -4.2
v 2.1 17 -4.6
v 2.1 17 -4.7
v 2.1 17.7 4.6
v 2.1 17.7 4.5
v 2.1 17.7 -4.6
v 2.1 17.7 -4.7
v 2.2 15.2 3.1
v 2.2 15.2 3
v 2.2 15.2 -3.1
v 2.2 15.2 -3.2
v 2.2 15.9 3.1
v 2.2 15.9 3
v 2.2 15.9 -3.1
v 2.2 15.9 -3.2
v 2.2 16 3.1
v 2.2 16 3
v 2.2 16 -3.1
v 2.2 16 -3.2
v 2.2 16.2 3.6
v 2.2 16.2 3.5
v 2.2 16.2 3.1
v 2.2 16.2 3
v 2.2 16.2 -3.1
v 2.2 16.2 -3.2
v 2.2 16.2 -3.6
v 2.2 16.2 -3.7
v 2.2 16.6 3.6
v 2.2 16.6 3.5
v 2.2 16.6 -3.6
v 2.2 16.6 -3.7
v 2.2 17.7 5.9
v 2.2 17.7 5.8
v 2.2 17.7 -5.9
v 2.2 17.7 -6
v 2.2 18.4 5.9
v 2.2 18.4 5.8
v 2.2 18.4 -5.9
v 2.2 18.4 -6
v 2.2 19.5 9.7
v 2.2 19.5 9.6
v 2.2 19.5 -9.7
v 2.2 19.5 -9.8
v 2.2 19.6 9.7
v 2.2 19.6 9.6
v 2.2 19.6 -9.7
v 2.2 19.6 -9.8
v 2.2 21.6 9.7
v 2.2 21.6 9.6
v 2.2 21.6 -9.7
v 2.2 21.6 -9.8
v 2.3 15.2 3
v 2.3 15.2 2.9
v 2.3 15.2 -3
v 2.3 15.2 -3.1
v 2.3 15.9 3
v 2.3 15.9 2.9
v 2.3 15.9 -3
v 2.3 15.9 -3.1
v 2.3 16 3
v 2.3 16 2.9
v 2.3 16 -3
v 2.3 16 -3.1
v 2.3 16.2 3.5
v 2.3 16.2 3.4
v 2.3 16.2 3
v 2.3 16.2 2.9
v 2.3 16.2 -3
v 2.3 16.2 -3.1
v 2.3 16.2 -3.5
v 2.3 16.2 -3.6
v 2.3 16.6 4
v 2.3 16.6 3.9
v 2.3 16.6 3.5
v 2.3 16.6 3.4
v 2.3 16.6 -3.5
v 2.3 16.6 -3.6
v 2.3 16.6 -4
v 2.3 16.6 -4.1
v 2.3 17 4.5
v 2.3 17 4.4
v 2.3 17 4
v 2.3 17 3.9
v 2.3 17 -4
v 2.3 17 -4.1
v 2.3 17 -4.5
v 2.3 17 -4.6
v 2.3 17.7 4.5
v 2.3 17.7 4.4
v 2.3 17.7 -4.5
v 2.3 17.7 -4.6
v 2.3 18.4 6.6
v 2.3 18.4 6.5
v 2.3 18.4 -6.6
v 2.3 18.4 -6.7
v 2.3 18.5 6.6
v 2.3 18.5 6.5
v 2.3 18.5 -6.6
v 2.3 19.4 6.6
v 2.3 19.4 6.5
v 2.3 19.4 -6.6
v 2.3 19.4 -6.7
v 2.4 15.2 2.9
v 2.4 15.2 2.8
v 2.4 15.2 -2.9
v 2.4 15.2 -3
v 2.4 15.9 2.9
v 2.4 15.9 2.8
v 2.4 15.9 -2.9
v 2.4 15.9 -3
v 2.4 16 2.9
v 2.4 16 2.8
v 2.4 16 -2.9
v 2.4 16 -3
v 2.4 16.2 3.4
v 2.4 16.2 3.3
v 2.4 16.2 2.9
v 2.4 16.2 2.8
v 2.4 16.2 -2.9
v 2.4 16.2 -3
v 2.4 16.2 -3.4
v 2.4 16.2 -3.5
v 2.4 16.6 3.9
v 2.4 16.6 3.8
v 2.4 16.6 3.4
v 2.4 16.6 3.3
v 2.4 16.6 -3.4
v 2.4 16.6 -3.5
v 2.4 16.6 -3.9
v 2.4 16.6 -4
v 2.4 17 4.4
v 2.4 17 4.3
v 2.4 17 3.9
v 2.4 17 3.8
v 2.4 17 -3.9
v 2.4 17 -4
v 2.4 17 -4.4
v 2.4 17 -4.5
v 2.4 17.7 5.8
v 2.4 17.7 5.7
v 2.4 17.7 4.4
v 2.4 17.7 4.3
v 2.4 17.7 -4.4
v 2.4 17.7 -4.5
v 2.4 17.7 -5.8
v 2.4 17.7 -5.9
v 2.4 18.4 5.8
v 2.4 18.4 5.7
v 2.4 18.4 -5.8
v 2.4 18.4 -5.9
v 2.5 15.2 2.8
v 2.5 15.2 2.7
v 2.5 15.2 -2.8
v 2.5 15.2 -2.9
v 2.5 15.9 2.8
v 2.5 15.9 2.7
v 2.5 15.9 -2.8
v 2.5 15.9 -2.9
v 2.5 16 2.8
v 2.5 16 2.7
v 2.5 16 -2.8
v 2.5 16 -2.9
v 2.5 16.2 3.3
v 2.5 16.2 3.2
v 2.5 16.2 2.8
v 2.5 16.2 2.7
v 2.5 16.2 -2.8
v 2.5 16.2 -2.9
v 2.5 16.2 -3.3
v 2.5 16.2 -3.4
v 2.5 16.6 3.3
v 2.5 16.6 3.2
v 2.5 16.6 -3.3
v 2.5 16.6 -3.4
v 2.5 18.4 6.5
v 2.5 18.4 6.4
v 2.5 18.4 -6.5
v 2.5 18.4 -6.6
v 2.5 18.5 6.4
v 2.5 18.5 -6.5
v 2.5 18.5 -6.6
v 2.5 19.4 6.5
v 2.5 19.4 6.4
v 2.5 19.4 -6.5
v 2.5 19.4 -6.6
v 2.5 19.5 9.6
v 2.5 19.5 9.5
v 2.5 19.5 -9.6
v 2.5 19.5 -9.7
v 2.5 19.6 9.6
v 2.5 19.6 9.5
v 2.5 19.6 -9.6
v 2.5 19.6 -9.7
v 2.5 21.6 9.6
v 2.5 21.6 9.5
v 2.5 21.6 -9.6
v 2.5 21.6 -9.7
v 2.6 15.2 2.7
v 2.6 15.2 2.6
v 2.6 15.2 -2.7
v 2.6 15.2 -2.8
v 2.6 15.9 2.7
v 2.6 15.9 2.6
v 2.6 15.9 -2.7
v 2.6 15.9 -2.8
v 2.6 16 2.7
v 2.6 16 2.6
v 2.6 16 -2.7
v 2.6 16 -2.8
v 2.6 16.2 3.2
v 2.6 16.2 3.1
v 2.6 16.2 2.7
v 2.6 16.2 2.6
v 2.6 16.2 -2.7
v 2.6 16.2 -2.8
v 2.6 16.2 -3.2
v 2.6 16.2 -3.3
v 2.6 16.6 3.8
v 2.6 16.6 3.7
v 2.6 16.6 3.2
v 2.6 16.6 3.1
v 2.6 16.6 -3.2
v 2.6 16.6 -3.3
v 2.6 16.6 -3.8
v 2.6 16.6 -3.9
v 2.6 17 4.3
v 2.6 17 4.2
v 2.6 17 3.8
v 2.6 17 3.7
v 2.6 17 -3.8
v 2.6 17 -3.9
v 2.6 17 -4.3
v 2.6 17 -4.4
v 2.6 17.7 5.7
v 2.6 17.7 5.6
v 2.6 17.7 4.3
v 2.6 17.7 4.2
v 2.6 17.7 -4.3
v 2.6 17.7 -4.4
v 2.6 17.7 -5.7
v 2.6 17.7 -5.8
v 2.6 18.4 5.7
v 2.6 18.4 5.6
v 2.6 18.4 -5.7
v 2.6 18.4 -5.8
v 2.7 15.2 2.6
v 2.7 15.2 2.4
v 2.7 15.2 -2.5
v 2.7 15.2 -2.7
v 2.7 15.9 2.6
v 2.7 15.9 2.4
v 2.7 15.9 -2.5
v 2.7 15.9 -2.7
v 2.7 16 2.6
v 2.7 16 2.4
v 2.7 16 -2.5
v 2.7 16 -2.7
v 2.7 16.2 3.1
v 2.7 16.2 3
v 2.7 16.2 2.6
v 2.7 16.2 2.4
v 2.7 16.2 -2.5
v 2.7 16.2 -2.7
v 2.7 16.2 -3.1
v 2.7 16.2 -3.2
v 2.7 16.6 3.7
v 2.7 16.6 3.6
v 2.7 16.6 3.1
v 2.7 16.6 3
v 2.7 16.6 -3.1
v 2.7 16.6 -3.2
v 2.7 16.6 -3.7
v 2.7 16.6 -3.8
v 2.7 17 4.2
v 2.7 17 4.1
v 2.7 17 3.7
v 2.7 17 3.6
v 2.7 17 -3.7
v 2.7 17 -3.8
v 2.7 17 -4.2
v 2.7 17 -4.3
v 2.7 17.7 4.2
v 2.7 17.7 4.1
v 2.7 17.7 -4.2
v 2.7 17.7 -4.3
v 2.7 18.4 6.4
v 2.7 18.4 6.3
v 2.7 18.4 -6.4
v 2.7 18.4 -6.5
v 2.7 18.5 6.4
v 2.7 18.5 6.3
v 2.7 18.5 -6.4
v 2.7 19.4 6.4
v 2.7 19.4 6.3
v 2.7 19.4 -6.4
v 2.7 19.4 -6.5
v 2.8 15.2 2.4
v 2.8 15.2 2.3
v 2.8 15.2 -2.4
v 2.8 15.2 -2.5
v 2.8 15.9 2.4
v 2.8 15.9 2.3
v 2.8 15.9 -2.4
v 2.8 15.9 -2.5
v 2.8 16 2.4
v 2.8 16 2.3
v 2.8 16 -2.4
v 2.8 16 -2.5
v 2.8 16.2 3
v 2.8 16.2 2.9
v 2.8 16.2 2.4
v 2.8 16.2 2.3
v 2.8 16.2 -2.4
v 2.8 16.2 -2.5
v 2.8 16.2 -3
v 2.8 16.2 -3.1
v 2.8 16.6 3.6
v 2.8 16.6 3.5
v 2.8 16.6 3
v 2.8 16.6 2.9
v 2.8 16.6 -3
v 2.8 16.6 -3.1
v 2.8 16.6 -3.6
v 2.8 16.6 -3.7
v 2.8 17 4.1
v 2.8 17 4
v 2.8 17 3.6
v 2.8 17 3.5
v 2.8 17 -3.6
v 2.8 17 -3.7
v 2.8 17 -4.1
v 2.8 17 -4.2
v 2.8 17.7 5.6
v 2.8 17.7 5.5
v 2.8 17.7 4.1
v 2.8 17.7 4
v 2.8 17.7 -4.1
v 2.8 17.7 -4.2
v 2.8 17.7 -5.6
v 2.8 17.7 -5.7
v 2.8 18.4 5.6
v 2.8 18.4 5.5
v 2.8 18.4 -5.6
v 2.8 18.4 -5.7
v 2.8 19.5 9.5
v 2.8 19.5 9.4
v 2.8 19.5 -9.5
v 2.8 19.5 -9.6
v 2.8 19.6 9.5
v 2.8 19.6 9.4
v 2.8 19.6 -9.5
v 2.8 19.6 -9.6
v 2.8 21.6 9.5
v 2.8 21.6 9.4
v 2.8 21.6 -9.5
v 2.8 21.6 -9.6
v 2.9 15.2 2.3
v 2.9 15.2 2.2
v 2.9 15.2 -2.3
v 2.9 15.2 -2.4
v 2.9 15.9 2.3
v 2.9 15.9 2.2
v 2.9 15.9 -2.3
v 2.9 15.9 -2.4
v 2.9 16 2.3
v 2.9 16 2.2
v 2.9 16 -2.3
v 2.9 16 -2.4
v 2.9 16.2 2.9
v 2.9 16.2 2.8
v 2.9 16.2 2.3
v 2.9 16.2 2.2
v 2.9 16.2 -2.3
v 2.9 16.2 -2.4
v 2.9 16.2 -2.9
v 2.9 16.2 -3
v 2.9 16.6 3.5
v 2.9 16.6 3.4
v 2.9 16.6 2.9
v 2.9 16.6 2.8
v 2.9 16.6 -2.9
v 2.9 16.6 -3
v 2.9 16.6 -3.5
v 2.9 16.6 -3.6
v 2.9 17 3.5
v 2.9 17 3.4
v 2.9 17 -3.5
v 2.9 17 -3.6
v 2.9 17.7 5.5
v 2.9 17.7 5.4
v 2.9 17.7 -5.5
v 2.9 17.7 -5.6
v 2.9 18.4 6.3
v 2.9 18.4 6.2
v 2.9 18.4 5.5
v 2.9 18.4 5.4
v 2.9 18.4 -5.5
v 2.9 18.4 -5.6
v 2.9 18.4 -6.3
v 2.9 18.4 -6.4
v 2.9 18.5 6.3
v 2.9 18.5 6.2
v 2.9 18.5 -6.3
v 2.9 18.5 -6.4
v 2.9 19.4 6.3
v 2.9 19.4 6.2
v 2.9 19.4 -6.3
v 2.9 19.4 -6.4
v 3 15.2 2.2
v 3 15.2 2
v 3 15.2 -2.1
v 3 15.2 -2.3
v 3 15.9 2.2
v 3 15.9 2
v 3 15.9 -2.1
v 3 15.9 -2.3
v 3 16 2.2
v 3 16 2
v 3 16 -2.1
v 3 16 -2.3
v 3 16.2 2.8
v 3 16.2 2.7
v 3 16.2 2.2
v 3 16.2 2
v 3 16.2 -2.1
v 3 16.2 -2.3
v 3 16.2 -2.8
v 3 16.2 -2.9
v 3 16.6 3.4
v 3 16.6 3.3
v 3 16.6 2.8
v 3 16.6 2.7
v 3 16.6 -2.8
v 3 16.6 -2.9
v 3 16.6 -3.4
v 3 16.6 -3.5
v 3 17 4
v 3 17 3.9
v 3 17 3.4
v 3 17 3.3
v 3 17 -3.4
v 3 17 -3.5
v 3 17 -4
v 3 17 -4.1
v 3 17.7 4
v 3 17.7 3.9
v 3 17.7 -4
v 3 17.7 -4.1
v 3.1 15.2 2
v 3.1 15.2 1.8
v 3.1 15.2 -1.9
v 3.1 15.2 -2.1
v 3.1 15.9 2
v 3.1 15.9 1.8
v 3.1 15.9 -1.9
v 3.1 15.9 -2.1
v 3.1 16 2
v 3.1 16 1.8
v 3.1 16 -1.9
v 3.1 16 -2.1
v 3.1 16.2 2.7
v 3.1 16.2 2.6
v 3.1 16.2 2
v 3.1 16.2 1.8
v 3.1 16.2 -1.9
v 3.1 16.2 -2.1
v 3.1 16.2 -2.7
v 3.1 16.2 -2.8
v 3.1 16.6 3.3
v 3.1 16.6 3.2
v 3.1 16.6 2.7
v 3.1 16.6 2.6
v 3.1 16.6 -2.7
v 3.1 16.6 -2.8
v 3.1 16.6 -3.3
v 3.1 16.6 -3.4
v 3.1 17 3.9
v 3.1 17 3.8
v 3.1 17 3.3
v 3.1 17 3.2
v 3.1 17 -3.3
v 3.1 17 -3.4
v 3.1 17 -3.9
v 3.1 17 -4
v 3.1 17.7 5.4
v 3.1 17.7 5.3
v 3.1 17.7 3.9
v 3.1 17.7 3.8
v 3.1 17.7 -3.9
v 3.1 17.7 -4
v 3.1 17.7 -5.4
v 3.1 17.7 -5.5
v 3.1 18.4 6.2
v 3.1 18.4 6.1
v 3.1 18.4 5.4
v 3.1 18.4 5.3
v 3.1 18.4 -5.4
v 3.1 18.4 -5.5
v 3.1 18.4 -6.2
v 3.1 18.4 -6.3
v 3.1 19.4 6.2
v 3.1 19.4 6.1
v 3.1 19.4 -6.2
v 3.1 19.4 -6.3
v 3.1 19.5 9.4
v 3.1 19.5 9.3
v 3.1 19.5 -9.4
v 3.1 19.5 -9.5
v 3.1 19.6 9.4
v 3.1 19.6 9.3
v 3.1 19.6 -9.4
v 3.1 19.6 -9.5
v 3.1 21.6 9.4
v 3.1 21.6 9.3
v 3.1 21.6 -9.4
v 3.1 21.6 -9.5
v 3.2 15.2 1.8
v 3.2 15.2 1.6
v 3.2 15.2 -1.7
v 3.2 15.2 -1.9
v 3.2 15.9 1.8
v 3.2 15.9 1.6
v 3.2 15.9 -1.7
v 3.2 15.9 -1.9
v 3.2 16 1.8
v 3.2 16 1.6
v 3.2 16 -1.7
v 3.2 16 -1.9
v 3.2 16.2 2.6
v 3.2 16.2 2.4
v 3.2 16.2 1.8
v 3.2 16.2 1.6
v 3.2 16.2 -1.7
v 3.2 16.2 -1.9
v 3.2 16.2 -2.5
v 3.2 16.2 -2.7
v 3.2 16.6 3.2
v 3.2 16.6 3.1
v 3.2 16.6 2.6
v 3.2 16.6 2.4
v 3.2 16.6 -2.5
v 3.2 16.6 -2.7
v 3.2 16.6 -3.2
v 3.2 16.6 -3.3
v 3.2 17 3.8
v 3.2 17 3.7
v 3.2 17 3.2
v 3.2 17 3.1
v 3.2 17 -3.2
v 3.2 17 -3.3
v 3.2 17 -3.8
v 3.2 17 -3.9
v 3.2 17.7 5.3
v 3.2 17.7 5.2
v 3.2 17.7 3.8
v 3.2 17.7 3.7
v 3.2 17.7 -3.8
v 3.2 17.7 -3.9
v 3.2 17.7 -5.3
v 3.2 17.7 -5.4
v 3.2 18.4 5.3
v 3.2 18.4 5.2
v 3.2 18.4 -5.3
v 3.2 18.4 -5.4
v 3.3 15.2 1.6
v 3.3 15.2 1.4
v 3.3 15.2 -1.5
v 3.3 15.2 -1.7
v 3.3 15.9 1.6
v 3.3 15.9 1.4
v 3.3 15.9 -1.5
v 3.3 15.9 -1.7
v 3.3 16 1.6
v 3.3 16 1.4
v 3.3 16 -1.5
v 3.3 16 -1.7
v 3.3 16.2 2.4
v 3.3 16.2 2.3
v 3.3 16.2 1.6
v 3.3 16.2 1.4
v 3.3 16.2 -1.5
v 3.3 16.2 -1.7
v 3.3 16.2 -2.4
v 3.3 16.2 -2.5
v 3.3 16.6 3.1
v 3.3 16.6 3
v 3.3 16.6 2.4
v 3.3 16.6 2.3
v 3.3 16.6 -2.4
v 3.3 16.6 -2.5
v 3.3 16.6 -3.1
v 3.3 16.6 -3.2
v 3.3 17 3.7
v 3.3 17 3.6
v 3.3 17 3.1
v 3.3 17 3
v 3.3 17 -3.1
v 3.3 17 -3.2
v 3.3 17 -3.7
v 3.3 17 -3.8
v 3.3 17.7 3.7
v 3.3 17.7 3.6
v 3.3 17.7 -3.7
v 3.3 17.7 -3.8
v 3.3 18.4 6.1
v 3.3 18.4 6
v 3.3 18.4 -6.1
v 3.3 18.4 -6.2
v 3.3 18.5 6
v 3.3 19.4 6.1
v 3.3 19.4 6
v 3.3 19.4 -6.1
v 3.3 19.4 -6.2
v 3.4 15.2 1.4
v 3.4 15.2 1
v 3.4 15.2 -1.1
v 3.4 15.2 -1.5
v 3.4 15.9 1.4
v 3.4 15.9 1
v 3.4 15.9 -1.1
v 3.4 15.9 -1.5
v 3.4 16 1.4
v 3.4 16 1
v 3.4 16 -1.1
v 3.4 16 -1.5
v 3.4 16.2 2.3
v 3.4 16.2 2.1
v 3.4 16.2 1.4
v 3.4 16.2 1
v 3.4 16.2 -1.1
v 3.4 16.2 -1.5
v 3.4 16.2 -2.2
v 3.4 16.2 -2.4
v 3.4 16.6 3
v 3.4 16.6 2.8
v 3.4 16.6 2.3
v 3.4 16.6 2.1
v 3.4 16.6 -2.2
v 3.4 16.6 -2.4
v 3.4 16.6 -2.9
v 3.4 16.6 -3.1
v 3.4 17 3.6
v 3.4 17 3.5
v 3.4 17 3
v 3.4 17 2.8
v 3.4 17 -2.9
v 3.4 17 -3.1
v 3.4 17 -3.6
v 3.4 17 -3.7
v 3.4 17.7 5.2
v 3.4 17.7 5.1
v 3.4 17.7 3.6
v 3.4 17.7 3.5
v 3.4 17.7 -3.6
v 3.4 17.7 -3.7
v 3.4 17.7 -5.2
v 3.4 17.7 -5.3
v 3.4 18.4 6
v 3.4 18.4 5.9
v 3.4 18.4 5.2
v 3.4 18.4 5.1
v 3.4 18.4 -5.2
v 3.4 18.4 -5.3
v 3.4 18.4 -6
v 3.4 18.4 -6.1
v 3.4 18.5 6
v 3.4 18.5 5.9
v 3.4 18.5 -6
v 3.4 19.4 6
v 3.4 19.4 5.9
v 3.4 19.4 -6
v 3.4 19.4 -6.1
v 3.4 19.5 9.3
v 3.4 19.5 9.2
v 3.4 19.5 -9.3
v 3.4 19.5 -9.4
v 3.4 19.6 9.3
v 3.4 19.6 9.2
v 3.4 19.6 -9.3
v 3.4 19.6 -9.4
v 3.4 21.6 9.3
v 3.4 21.6 9.2
v 3.4 21.6 -9.3
v 3.4 21.6 -9.4
v 3.5 15.2 1
v 3.5 15.2 0.6
v 3.5 15.2 -0.7
v 3.5 15.2 -1.1
v 3.5 15.9 1
v 3.5 15.9 0.6
v 3.5 15.9 -0.7
v 3.5 15.9 -1.1
v 3.5 16 1
v 3.5 16 0.6
v 3.5 16 -0.7
v 3.5 16 -1.1
v 3.5 16.2 2.1
v 3.5 16.2 1.9
v 3.5 16.2 1
v 3.5 16.2 0.6
v 3.5 16.2 -0.7
v 3.5 16.2 -1.1
v 3.5 16.2 -2
v 3.5 16.2 -2.2
v 3.5 16.6 2.8
v 3.5 16.6 2.7
v 3.5 16.6 2.1
v 3.5 16.6 1.9
v 3.5 16.6 -2
v 3.5 16.6 -2.2
v 3.5 16.6 -2.8
v 3.5 16.6 -2.9
v 3.5 17 3.5
v 3.5 17 3.4
v 3.5 17 2.8
v 3.5 17 2.7
v 3.5 17 -2.8
v 3.5 17 -2.9
v 3.5 17 -3.5
v 3.5 17 -3.6
v 3.5 17.7 5.1
v 3.5 17.7 5
v 3.5 17.7 3.5
v 3.5 17.7 3.4
v 3.5 17.7 -3.5
v 3.5 17.7 -3.6
v 3.5 17.7 -5.1
v 3.5 17.7 -5.2
v 3.5 18.4 5.1
v 3.5 18.4 5
v 3.5 18.4 -5.1
v 3.5 18.4 -5.2
v 3.6 15.2 0.6
v 3.6 15.2 -0.7
v 3.6 15.4 0.5
v 3.6 15.4 0
v 3.6 15.4 -0.0999994
v 3.6 15.4 -0.599999
v 3.6 15.5 -0.0999994
v 3.6 15.5 -0.599999
v 3.6 15.6 0.5
v 3.6 15.6 0
v 3.6 15.6 -0.0999994
v 3.6 15.6 -0.4
v 3.6 15.7 0.5
v 3.6 15.7 0
v 3.6 15.7 -0.0999994
v 3.6 15.7 -0.4
v 3.6 15.8 0.5
v 3.6 15.8 0
v 3.6 15.9 0.6
v 3.6 15.9 -0.7
v 3.6 16 0.6
v 3.6 16 -0.7
v 3.6 16.2 1.9
v 3.6 16.2 1.7
v 3.6 16.2 0.6
v 3.6 16.2 0
v 3.6 16.2 -0.0999994
v 3.6 16.2 -0.7
v 3.6 16.2 -1.8
v 3.6 16.2 -2
v 3.6 16.6 2.7
v 3.6 16.6 2.5
v 3.6 16.6 1.9
v 3.6 16.6 1.7
v 3.6 16.6 -1.8
v 3.6 16.6 -2
v 3.6 16.6 -2.6
v 3.6 16.6 -2.8
v 3.6 17 3.4
v 3.6 17 3.2
v 3.6 17 2.7
v 3.6 17 2.5
v 3.6 17 -2.6
v 3.6 17 -2.8
v 3.6 17 -3.3
v 3.6 17 -3.5
v 3.6 17.7 5
v 3.6 17.7 4.9
v 3.6 17.7 3.4
v 3.6 17.7 3.2
v 3.6 17.7 -3.3
v 3.6 17.7 -3.5
v 3.6 17.7 -5
v 3.6 17.7 -5.1
v 3.6 18.4 5.9
v 3.6 18.4 5.8
v 3.6 18.4 5
v 3.6 18.4 4.9
v 3.6 18.4 -5
v 3.6 18.4 -5.1
v 3.6 18.4 -5.9
v 3.6 18.4 -6
v 3.6 18.5 5.9
v 3.6 18.5 5.8
v 3.6 18.5 -5.9
v 3.6 18.5 -6
v 3.6 19.4 5.9
v 3.6 19.4 5.8
v 3.6 19.4 -5.9
v 3.6 19.4 -6
v 3.6 19.5 9.2
v 3.6 19.5 9.1
v 3.6 19.5 -9.2
v 3.6 19.5 -9.3
v 3.6 19.6 9.2
v 3.6 19.6 9.1
v 3.6 19.6 -9.2
v 3.6 19.6 -9.3
v 3.6 21.6 9.2
v 3.6 21.6 9.1
v 3.6 21.6 -9.2
v 3.6 21.6 -9.3
v 3.7 16.2 1.7
v 3.7 16.2 1.4
v 3.7 16.2 -1.5
v 3.7 16.2 -1.8
v 3.7 16.6 2.5
v 3.7 16.6 2.4
v 3.7 16.6 1.7
v 3.7 16.6 1.4
v 3.7 16.6 -1.5
v 3.7 16.6 -1.8
v 3.7 16.6 -2.5
v 3.7 16.6 -2.6
v 3.7 17 3.2
v 3.7 17 3.1
v 3.7 17 2.5
v 3.7 17 2.4
v 3.7 17 -2.5
v 3.7 17 -2.6
v 3.7 17 -3.2
v 3.7 17 -3.3
v 3.7 17.7 4.9
v 3.7 17.7 4.8
v 3.7 17.7 3.2
v 3.7 17.7 3.1
v 3.7 17.7 -3.2
v 3.7 17.7 -3.3
v 3.7 17.7 -4.9
v 3.7 17.7 -5
v 3.7 18.4 5.8
v 3.7 18.4 5.7
v 3.7 18.4 4.9
v 3.7 18.4 4.8
v 3.7 18.4 -4.9
v 3.7 18.4 -5
v 3.7 18.4 -5.8
v 3.7 18.4 -5.9
v 3.7 18.5 5.8
v 3.7 18.5 5.7
v 3.7 18.5 -5.8
v 3.7 18.5 -5.9
v 3.7 19.4 5.8
v 3.7 19.4 5.7
v 3.7 19.4 -5.8
v 3.7 19.4 -5.9
v 3.8 16.2 1.4
v 3.8 16.2 1.1
v 3.8 16.2 -1.2
v 3.8 16.2 -1.5
v 3.8 16.6 2.4
v 3.8 16.6 2.2
v 3.8 16.6 1.4
v 3.8 16.6 1.1
v 3.8 16.6 -1.2
v 3.8 16.6 -1.5
v 3.8 16.6 -2.3
v 3.8 16.6 -2.5
v 3.8 17 3.1
v 3.8 17 3
v 3.8 17 2.4
v 3.8 17 2.2
v 3.8 17 -2.3
v 3.8 17 -2.5
v 3.8 17 -3.1
v 3.8 17 -3.2
v 3.8 17.7 3.1
v 3.8 17.7 3
v 3.8 17.7 -3.1
v 3.8 17.7 -3.2
v 3.8 19.5 9.1
v 3.8 19.5 9
v 3.8 19.5 -9.1
v 3.8 19.5 -9.2
v 3.8 19.6 9.1
v 3.8 19.6 9
v 3.8 19.6 -9.1
v 3.8 19.6 -9.2
v 3.8 21.6 9.1
v 3.8 21.6 9
v 3.8 21.6 -9.1
v 3.8 21.6 -9.2
v 3.9 16.2 1.1
v 3.9 16.2 0.6
v 3.9 16.2 -0.7
v 3.9 16.2 -1.2
v 3.9 16.6 2.2
v 3.9 16.6 2
v 3.9 16.6 1.1
v 3.9 16.6 0.6
v 3.9 16.6 -0.7
v 3.9 16.6 -1.2
v 3.9 16.6 -2.1
v 3.9 16.6 -2.3
v 3.9 17 3
v 3.9 17 2.8
v 3.9 17 2.2
v 3.9 17 2
v 3.9 17 -2.1
v 3.9 17 -2.3
v 3.9 17 -2.9
v 3.9 17 -3.1
v 3.9 17.7 4.8
v 3.9 17.7 4.7
v 3.9 17.7 3
v 3.9 17.7 2.8
v 3.9 17.7 -2.9
v 3.9 17.7 -3.1
v 3.9 17.7 -4.8
v 3.9 17.7 -4.9
v 3.9 18.4 5.7
v 3.9 18.4 5.6
v 3.9 18.4 4.8
v 3.9 18.4 4.7
v 3.9 18.4 -4.8
v 3.9 18.4 -4.9
v 3.9 18.4 -5.7
v 3.9 18.4 -5.8
v 3.9 18.5 5.7
v 3.9 18.5 5.6
v 3.9 18.5 -5.7
v 3.9 18.5 -5.8
v 3.9 19.4 5.7
v 3.9 19.4 5.6
v 3.9 19.4 -5.7
v 3.9 19.4 -5.8
v 4 16.2 0.6
v 4 16.2 0
v 4 16.2 -0.0999994
v 4 16.2 -0.7
v 4 16.6 2
v 4 16.6 1.8
v 4 16.6 0.6
v 4 16.6 0
v 4 16.6 -0.0999994
v 4 16.6 -0.7
v 4 16.6 -1.9
v 4 16.6 -2.1
v 4 17 2.8
v 4 17 2.7
v 4 17 2
v 4 17 1.8
v 4 17 -1.9
v 4 17 -2.1
v 4 17 -2.8
v 4 17 -2.9
v 4 17.7 4.7
v 4 17.7 4.6
v 4 17.7 2.8
v 4 17.7 2.7
v 4 17.7 -2.8
v 4 17.7 -2.9
v 4 17.7 -4.7
v 4 17.7 -4.8
v 4 18.4 5.6
v 4 18.4 5.5
v 4 18.4 4.7
v 4 18.4 4.6
v 4 18.4 -4.7
v 4 18.4 -4.8
v 4 18.4 -5.6
v 4 18.4 -5.7
v 4 18.5 5.5
v 4 18.5 -5.6
v 4 18.5 -5.7
v 4 19.4 5.6
v 4 19.4 5.5
v 4 19.4 -5.6
v 4 19.4 -5.7
v 4 19.5 9
v 4 19.5 8.9
v 4 19.5 -9
v 4 19.5 -9.1
v 4 19.6 9
v 4 19.6 8.9
v 4 19.6 -9
v 4 19.6 -9.1
v 4 21.6 9
v 4 21.6 8.9
v 4 21.6 -9
v 4 21.6 -9.1
v 4.1 16.6 1.8
v 4.1 16.6 1.5
v 4.1 16.6 -1.6
v 4.1 16.6 -1.9
v 4.1 17 2.7
v 4.1 17 2.5
v 4.1 17 1.8
v 4.1 17 1.5
v 4.1 17 -1.6
v 4.1 17 -1.9
v 4.1 17 -2.6
v 4.1 17 -2.8
v 4.1 17.7 4.6
v 4.1 17.7 4.5
v 4.1 17.7 2.7
v 4.1 17.7 2.5
v 4.1 17.7 -2.6
v 4.1 17.7 -2.8
v 4.1 17.7 -4.6
v 4.1 17.7 -4.7
v 4.1 18.4 5.5
v 4.1 18.4 5.4
v 4.1 18.4 4.6
v 4.1 18.4 4.5
v 4.1 18.4 -4.6
v 4.1 18.4 -4.7
v 4.1 18.4 -5.5
v 4.1 18.4 -5.6
v 4.1 18.5 5.5
v 4.1 18.5 5.4
v 4.1 19.4 5.5
v 4.1 19.4 5.4
v 4.1 19.4 -5.5
v 4.1 19.4 -5.6
v 4.2 16.6 1.5
v 4.2 16.6 1.1
v 4.2 16.6 -1.2
v 4.2 16.6 -1.6
v 4.2 17 2.5
v 4.2 17 2.3
v 4.2 17 1.5
v 4.2 17 1.1
v 4.2 17 -1.2
v 4.2 17 -1.6
v 4.2 17 -2.4
v 4.2 17 -2.6
v 4.2 17.7 4.5
v 4.2 17.7 4.4
v 4.2 17.7 2.5
v 4.2 17.7 2.3
v 4.2 17.7 -2.4
v 4.2 17.7 -2.6
v 4.2 17.7 -4.5
v 4.2 17.7 -4.6
v 4.2 18.4 5.4
v 4.2 18.4 5.3
v 4.2 18.4 4.5
v 4.2 18.4 4.4
v 4.2 18.4 -4.5
v 4.2 18.4 -4.6
v 4.2 18.4 -5.4
v 4.2 18.4 -5.5
v 4.2 18.5 5.4
v 4.2 18.5 5.3
v 4.2 19.4 5.4
v 4.2 19.4 5.3
v 4.2 19.4 -5.4
v 4.2 19.4 -5.5
v 4.2 19.5 8.9
v 4.2 19.5 8.8
v 4.2 19.5 -8.9
v 4.2 19.5 -9
v 4.2 19.6 8.9
v 4.2 19.6 8.8
v 4.2 19.6 -8.9
v 4.2 19.6 -9
v 4.2 21.6 8.9
v 4.2 21.6 8.8
v 4.2 21.6 -8.9
v 4.2 21.6 -9
v 4.3 16.6 1.1
v 4.3 16.6 0.6
v 4.3 16.6 -0.7
v 4.3 16.6 -1.2
v 4.3 17 2.3
v 4.3 17 2.1
v 4.3 17 1.1
v 4.3 17 0.6
v 4.3 17 -0.7
v 4.3 17 -1.2
v 4.3 17 -2.2
v 4.3 17 -2.4
v 4.3 17.7 4.4
v 4.3 17.7 4.3
v 4.3 17.7 2.3
v 4.3 17.7 2.1
v 4.3 17.7 -2.2
v 4.3 17.7 -2.4
v 4.3 17.7 -4.4
v 4.3 17.7 -4.5
v 4.3 18.4 5.3
v 4.3 18.4 5.2
v 4.3 18.4 4.4
v 4.3 18.4 4.3
v 4.3 18.4 -4.4
v 4.3 18.4 -4.5
v 4.3 18.4 -5.3
v 4.3 18.4 -5.4
v 4.3 18.5 5.3
v 4.3 18.5 5.2
v 4.3 18.5 -5.3
v 4.3 19.4 5.3
v 4.3 19.4 5.2
v 4.3 19.4 -5.3
v 4.3 19.4 -5.4
v 4.4 16.6 0.6
v 4.4 16.6 0
v 4.4 16.6 -0.0999994
v 4.4 16.6 -0.7
v 4.4 17 2.1
v 4.4 17 1.8
v 4.4 17 0.6
v 4.4 17 0
v 4.4 17 -0.0999994
v 4.4 17 -0.7
v 4.4 17 -1.9
v 4.4 17 -2.2
v 4.4 17.7 4.3
v 4.4 17.7 4.1
v 4.4 17.7 2.1
v 4.4 17.7 1.8
v 4.4 17.7 -1.9
v 4.4 17.7 -2.2
v 4.4 17.7 -4.2
v 4.4 17.7 -4.4
v 4.4 18.4 4.3
v 4.4 18.4 4.1
v 4.4 18.4 -4.2
v 4.4 18.4 -4.4
v 4.4 19.5 8.8
v 4.4 19.5 8.7
v 4.4 19.5 -8.8
v 4.4 19.5 -8.9
v 4.4 19.6 8.8
v 4.4 19.6 8.7
v 4.4 19.6 -8.8
v 4.4 19.6 -8.9
v 4.4 21.6 8.8
v 4.4 21.6 8.7
v 4.4 21.6 -8.8
v 4.4 21.6 -8.9
v 4.5 17 1.8
v 4.5 17 1.6
v 4.5 17 -1.7
v 4.5 17 -1.9
v 4.5 17.7 4.1
v 4.5 17.7 4
v 4.5 17.7 1.8
v 4.5 17.7 1.6
v 4.5 17.7 -1.7
v 4.5 17.7 -1.9
v 4.5 17.7 -4.1
v 4.5 17.7 -4.2
v 4.5 18.4 5.2
v 4.5 18.4 5.1
v 4.5 18.4 4.1
v 4.5 18.4 4
v 4.5 18.4 -4.1
v 4.5 18.4 -4.2
v 4.5 18.4 -5.2
v 4.5 18.4 -5.3
v 4.5 18.5 5.1
v 4.5 18.5 -5.2
v 4.5 18.5 -5.3
v 4.5 19.4 5.2
v 4.5 19.4 5.1
v 4.5 19.4 -5.2
v 4.5 19.4 -5.3
v 4.6 17 1.6
v 4.6 17 1.2
v 4.6 17 -1.3
v 4.6 17 -1.7
v 4.6 17.7 4
v 4.6 17.7 3.9
v 4.6 17.7 1.6
v 4.6 17.7 1.2
v 4.6 17.7 -1.3
v 4.6 17.7 -1.7
v 4.6 17.7 -4
v 4.6 17.7 -4.1
v 4.6 18.4 5.1
v 4.6 18.4 5
v 4.6 18.4 4
v 4.6 18.4 3.9
v 4.6 18.4 -4
v 4.6 18.4 -4.1
v 4.6 18.4 -5.1
v 4.6 18.4 -5.2
v 4.6 18.5 5.1
v 4.6 18.5 5
v 4.6 19.4 5.1
v 4.6 19.4 5
v 4.6 19.4 -5.1
v 4.6 19.4 -5.2
v 4.6 19.5 8.7
v 4.6 19.5 8.6
v 4.6 19.5 -8.7
v 4.6 19.5 -8.8
v 4.6 19.6 8.7
v 4.6 19.6 8.6
v 4.6 19.6 -8.7
v 4.6 19.6 -8.8
v 4.6 21.6 8.7
v 4.6 21.6 8.6
v 4.6 21.6 -8.7
v 4.6 21.6 -8.8
v 4.7 17 1.2
v 4.7 17 0.7
v 4.7 17 -0.8
v 4.7 17 -1.3
v 4.7 17.7 3.9
v 4.7 17.7 3.8
v 4.7 17.7 1.2
v 4.7 17.7 0.7
v 4.7 17.7 -0.8
v 4.7 17.7 -1.3
v 4.7 17.7 -3.9
v 4.7 17.7 -4
v 4.7 18.4 5
v 4.7 18.4 4.9
v 4.7 18.4 3.9
v 4.7 18.4 3.8
v 4.7 18.4 -3.9
v 4.7 18.4 -4
v 4.7 18.4 -5
v 4.7 18.4 -5.1
v 4.7 18.5 5
v 4.7 18.5 4.9
v 4.7 18.5 -5
v 4.7 19.4 5
v 4.7 19.4 4.9
v 4.7 19.4 -5
v 4.7 19.4 -5.1
v 4.8 17 0.7
v 4.8 17 0
v 4.8 17 -0.0999994
v 4.8 17 -0.8
v 4.8 17.7 3.8
v 4.8 17.7 3.6
v 4.8 17.7 0.7
v 4.8 17.7 0
v 4.8 17.7 -0.0999994
v 4.8 17.7 -0.8
v 4.8 17.7 -3.7
v 4.8 17.7 -3.9
v 4.8 18.4 4.9
v 4.8 18.4 4.7
v 4.8 18.4 3.8
v 4.8 18.4 3.6
v 4.8 18.4 -3.7
v 4.8 18.4 -3.9
v 4.8 18.4 -4.8
v 4.8 18.4 -5
v 4.8 18.5 4.9
v 4.8 18.5 4.7
v 4.8 18.5 -4.8
v 4.8 18.5 -5
v 4.8 19.4 4.9
v 4.8 19.4 4.7
v 4.8 19.4 -4.8
v 4.8 19.4 -5
v 4.8 19.5 8.6
v 4.8 19.5 8.5
v 4.8 19.5 -8.6
v 4.8 19.5 -8.7
v 4.8 19.6 8.6
v 4.8 19.6 8.5
v 4.8 19.6 -8.6
v 4.8 19.6 -8.7
v 4.8 21.6 8.6
v 4.8 21.6 8.5
v 4.8 21.6 -8.6
v 4.8 21.6 -8.7
v 4.9 17.7 3.6
v 4.9 17.7 3.5
v 4.9 17.7 -3.6
v 4.9 17.7 -3.7
v 4.9 18.4 4.7
v 4.9 18.4 4.6
v 4.9 18.4 3.6
v 4.9 18.4 3.5
v 4.9 18.4 -3.6
v 4.9 18.4 -3.7
v 4.9 18.4 -4.7
v 4.9 18.4 -4.8
v 4.9 18.5 4.7
v 4.9 18.5 4.6
v 4.9 18.5 -4.7
v 4.9 19.4 4.7
v 4.9 19.4 4.6
v 4.9 19.4 -4.7
v 4.9 19.4 -4.8
v 4.9 19.5 8.5
v 4.9 19.5 8.4
v 4.9 19.5 -8.5
v 4.9 19.5 -8.6
v 4.9 19.6 8.5
v 4.9 19.6 8.4
v 4.9 19.6 -8.5
v 4.9 19.6 -8.6
v 4.9 21.6 8.5
v 4.9 21.6 8.4
v 4.9 21.6 -8.5
v 4.9 21.6 -8.6
v 5 17.7 3.5
v 5 17.7 3.3
v 5 17.7 -3.4
v 5 17.7 -3.6
v 5 18.4 4.6
v 5 18.4 4.5
v 5 18.4 3.5
v 5 18.4 3.3
v 5 18.4 -3.4
v 5 18.4 -3.6
v 5 18.4 -4.6
v 5 18.4 -4.7
v 5 18.5 4.5
v 5 18.5 -4.6
v 5 18.5 -4.7
v 5 19.4 4.6
v 5 19.4 4.5
v 5 19.4 -4.6
v 5 19.4 -4.7
v 5.1 17.7 3.3
v 5.1 17.7 3.2
v 5.1 17.7 -3.3
v 5.1 17.7 -3.4
v 5.1 18.4 4.5
v 5.1 18.4 4.4
v 5.1 18.4 3.3
v 5.1 18.4 3.2
v 5.1 18.4 -3.3
v 5.1 18.4 -3.4
v 5.1 18.4 -4.5
v 5.1 18.4 -4.6
v 5.1 18.5 4.5
v 5.1 18.5 4.4
v 5.1 18.5 -4.5
v 5.1 19.4 4.5
v 5.1 19.4 4.4
v 5.1 19.4 -4.5
v 5.1 19.4 -4.6
v 5.1 19.5 8.4
v 5.1 19.5 8.3
v 5.1 19.5 -8.4
v 5.1 19.5 -8.5
v 5.1 19.6 8.4
v 5.1 19.6 8.3
v 5.1 19.6 -8.4
v 5.1 19.6 -8.5
v 5.1 21.6 8.4
v 5.1 21.6 8.3
v 5.1 21.6 -8.4
v 5.1 21.6 -8.5
v 5.2 17.7 3.2
v 5.2 17.7 3
v 5.2 17.7 -3.1
v 5.2 17.7 -3.3
v 5.2 18.4 4.4
v 5.2 18.4 4.3
v 5.2 18.4 3.2
v 5.2 18.4 3
v 5.2 18.4 -3.1
v 5.2 18.4 -3.3
v 5.2 18.4 -4.4
v 5.2 18.4 -4.5
v 5.2 18.5 4.3
v 5.2 18.5 -4.4
v 5.2 18.5 -4.5
v 5.2 19.4 4.4
v 5.2 19.4 4.3
v 5.2 19.4 -4.4
v 5.2 19.4 -4.5
v 5.2 19.5 8.3
v 5.2 19.5 8.2
v 5.2 19.5 -8.3
v 5.2 19.5 -8.4
v 5.2 19.6 8.3
v 5.2 19.6 8.2
v 5.2 19.6 -8.3
v 5.2 19.6 -8.4
v 5.2 21.6 8.3
v 5.2 21.6 8.2
v 5.2 21.6 -8.3
v 5.2 21.6 -8.4
v 5.3 17.7 3
v 5.3 17.7 2.8
v 5.3 17.7 -2.9
v 5.3 17.7 -3.1
v 5.3 18.4 4.3
v 5.3 18.4 4.1
v 5.3 18.4 3
v 5.3 18.4 2.8
v 5.3 18.4 -2.9
v 5.3 18.4 -3.1
v 5.3 18.4 -4.2
v 5.3 18.4 -4.4
v 5.3 18.5 4.3
v 5.3 18.5 4.1
v 5.3 18.5 -4.2
v 5.3 18.5 -4.4
v 5.3 19.4 4.3
v 5.3 19.4 4.1
v 5.3 19.4 -4.2
v 5.3 19.4 -4.4
v 5.4 17.7 2.8
v 5.4 17.7 2.6
v 5.4 17.7 -2.7
v 5.4 17.7 -2.9
v 5.4 18.4 4.1
v 5.4 18.4 4
v 5.4 18.4 2.8
v 5.4 18.4 2.6
v 5.4 18.4 -2.7
v 5.4 18.4 -2.9
v 5.4 18.4 -4.1
v 5.4 18.4 -4.2
v 5.4 18.5 -4.1
v 5.4 18.5 -4.2
v 5.4 19.4 4.1
v 5.4 19.4 4
v 5.4 19.4 -4.1
v 5.4 19.4 -4.2
v 5.4 19.5 8.2
v 5.4 19.5 8.1
v 5.4 19.5 -8.2
v 5.4 19.5 -8.3
v 5.4 19.6 8.2
v 5.4 19.6 8.1
v 5.4 19.6 -8.2
v 5.4 19.6 -8.3
v 5.4 21.6 8.2
v 5.4 21.6 8.1
v 5.4 21.6 -8.2
v 5.4 21.6 -8.3
v 5.5 17.7 2.6
v 5.5 17.7 2.3
v 5.5 17.7 -2.4
v 5.5 17.7 -2.7
v 5.5 18.4 4
v 5.5 18.4 3.8
v 5.5 18.4 2.6
v 5.5 18.4 2.3
v 5.5 18.4 -2.4
v 5.5 18.4 -2.7
v 5.5 18.4 -3.9
v 5.5 18.4 -4.1
v 5.5 18.5 3.8
v 5.5 19.4 4
v 5.5 19.4 3.8
v 5.5 19.4 -3.9
v 5.5 19.4 -4.1
v 5.5 19.5 8.1
v 5.5 19.5 8
v 5.5 19.5 -8.1
v 5.5 19.5 -8.2
v 5.5 19.6 8.1
v 5.5 19.6 8
v 5.5 19.6 -8.1
v 5.5 19.6 -8.2
v 5.5 21.6 8.1
v 5.5 21.6 8
v 5.5 21.6 -8.1
v 5.5 21.6 -8.2
v 5.6 17.7 2.3
v 5.6 17.7 2
v 5.6 17.7 -2.1
v 5.6 17.7 -2.4
v 5.6 18.4 3.8
v 5.6 18.4 3.7
v 5.6 18.4 2.3
v 5.6 18.4 2
v 5.6 18.4 -2.1
v 5.6 18.4 -2.4
v 5.6 18.4 -3.8
v 5.6 18.4 -3.9
v 5.6 18.5 3.8
v 5.6 18.5 3.7
v 5.6 19.4 3.8
v 5.6 19.4 3.7
v 5.6 19.4 -3.8
v 5.6 19.4 -3.9
v 5.6 19.5 8
v 5.6 19.5 7.9
v 5.6 19.5 -8
v 5.6 19.5 -8.1
v 5.6 19.6 8
v 5.6 19.6 7.9
v 5.6 19.6 -8
v 5.6 19.6 -8.1
v 5.6 21.6 8
v 5.6 21.6 7.9
v 5.6 21.6 -8
v 5.6 21.6 -8.1
v 5.7 17.7 2
v 5.7 17.7 1.7
v 5.7 17.7 -1.8
v 5.7 17.7 -2.1
v 5.7 18.4 3.7
v 5.7 18.4 3.5
v 5.7 18.4 2
v 5.7 18.4 1.7
v 5.7 18.4 -1.8
v 5.7 18.4 -2.1
v 5.7 18.4 -3.6
v 5.7 18.4 -3.8
v 5.7 18.5 3.7
v 5.7 18.5 3.5
v 5.7 18.5 -3.6
v 5.7 19.4 3.7
v 5.7 19.4 3.5
v 5.7 19.4 -3.6
v 5.7 19.4 -3.8
v 5.8 17.7 1.7
v 5.8 17.7 1.3
v 5.8 17.7 -1.4
v 5.8 17.7 -1.8
v 5.8 18.4 3.5
v 5.8 18.4 3.3
v 5.8 18.4 1.7
v 5.8 18.4 1.3
v 5.8 18.4 -1.4
v 5.8 18.4 -1.8
v 5.8 18.4 -3.4
v 5.8 18.4 -3.6
v 5.8 18.5 -3.4
v 5.8 18.5 -3.6
v 5.8 19.4 3.5
v 5.8 19.4 3.3
v 5.8 19.4 -3.4
v 5.8 19.4 -3.6
v 5.8 19.5 7.9
v 5.8 19.5 7.8
v 5.8 19.5 -7.9
v 5.8 19.5 -8
v 5.8 19.6 7.9
v 5.8 19.6 7.8
v 5.8 19.6 -7.9
v 5.8 19.6 -8
v 5.8 21.6 7.9
v 5.8 21.6 7.8
v 5.8 21.6 -7.9
v 5.8 21.6 -8
v 5.9 17.7 1.3
v 5.9 17.7 0.8
v 5.9 17.7 -0.9
v 5.9 17.7 -1.4
v 5.9 18.4 3.3
v 5.9 18.4 3.1
v 5.9 18.4 1.3
v 5.9 18.4 0.8
v 5.9 18.4 -0.9
v 5.9 18.4 -1.4
v 5.9 18.4 -3.2
v 5.9 18.4 -3.4
v 5.9 18.5 3.2
v 5.9 18.5 3.1
v 5.9 18.5 -3.2
v 5.9 18.5 -3.4
v 5.9 19.4 3.3
v 5.9 19.4 3.2
v 5.9 19.4 3.1
v 5.9 19.4 -3.2
v 5.9 19.4 -3.4
v 5.9 19.5 7.8
v 5.9 19.5 7.7
v 5.9 19.5 -7.8
v 5.9 19.5 -7.9
v 5.9 19.6 7.8
v 5.9 19.6 7.7
v 5.9 19.6 -7.8
v 5.9 19.6 -7.9
v 5.9 21.6 7.8
v 5.9 21.6 7.7
v 5.9 21.6 -7.8
v 5.9 21.6 -7.9
v 6 17.7 0.8
v 6 17.7 0
v 6 17.7 -0.2
v 6 17.7 -0.9
v 6 17.8 -0.0999994
v 6 17.8 -0.2
v 6 18.1 0.1
v 6 18.1 0
v 6 18.4 3.1
v 6 18.4 2.9
v 6 18.4 0.8
v 6 18.4 0.1
v 6 18.4 0
v 6 18.4 -0.0999994
v 6 18.4 -0.9
v 6 18.4 -3
v 6 18.4 -3.2
v 6 18.5 3.1
v 6 18.5 2.9
v 6 19.4 3.1
v 6 19.4 2.9
v 6 19.4 -3
v 6 19.4 -3.2
v 6 19.5 7.7
v 6 19.5 7.6
v 6 19.5 -7.7
v 6 19.5 -7.8
v 6 19.6 7.7
v 6 19.6 7.6
v 6 19.6 -7.7
v 6 19.6 -7.8
v 6 21.6 7.7
v 6 21.6 7.6
v 6 21.6 -7.7
v 6 21.6 -7.8
v 6.1 18.4 2.9
v 6.1 18.4 2.7
v 6.1 18.4 -2.8
v 6.1 18.4 -3
v 6.1 18.5 2.8
v 6.1 18.5 2.7
v 6.1 19.4 2.9
v 6.1 19.4 2.8
v 6.1 19.4 2.7
v 6.1 19.4 -2.8
v 6.1 19.4 -3
v 6.1 19.5 7.6
v 6.1 19.5 7.5
v 6.1 19.5 -7.6
v 6.1 19.5 -7.7
v 6.1 19.6 7.6
v 6.1 19.6 7.5
v 6.1 19.6 -7.6
v 6.1 19.6 -7.7
v 6.1 21.6 7.6
v 6.1 21.6 7.5
v 6.1 21.6 -7.6
v 6.1 21.6 -7.7
v 6.2 18.4 2.7
v 6.2 18.4 2.4
v 6.2 18.4 -2.5
v 6.2 18.4 -2.8
v 6.2 18.5 2.7
v 6.2 18.5 2.4
v 6.2 18.5 -2.5
v 6.2 19.4 2.7
v 6.2 19.4 2.4
v 6.2 19.4 0
v 6.2 19.4 -0.0999994
v 6.2 19.4 -2.5
v 6.2 19.4 -2.8
v 6.2 19.5 7.5
v 6.2 19.5 7.4
v 6.2 19.5 0
v 6.2 19.5 -0.0999994
v 6.2 19.5 -7.5
v 6.2 19.5 -7.6
v 6.2 19.6 7.5
v 6.2 19.6 7.4
v 6.2 19.6 -7.5
v 6.2 19.6 -7.6
v 6.2 21.6 7.5
v 6.2 21.6 7.4
v 6.2 21.6 -7.5
v 6.2 21.6 -7.6
v 6.3 18.4 2.4
v 6.3 18.4 2.2
v 6.3 18.4 -2.3
v 6.3 18.4 -2.5
v 6.3 18.5 2.4
v 6.3 18.5 2.2
v 6.3 18.5 -2.3
v 6.3 18.5 -2.5
v 6.3 19.4 2.4
v 6.3 19.4 2.2
v 6.3 19.4 -2.3
v 6.3 19.4 -2.5
v 6.4 18.4 2.2
v 6.4 18.4 1.8
v 6.4 18.4 -1.9
v 6.4 18.4 -2.3
v 6.4 18.5 -1.9
v 6.4 18.5 -2.3
v 6.4 19.4 2.2
v 6.4 19.4 1.8
v 6.4 19.4 -1.9
v 6.4 19.4 -2.3
v 6.4 19.5 7.4
v 6.4 19.5 7.3
v 6.4 19.5 -7.4
v 6.4 19.5 -7.5
v 6.4 19.6 7.4
v 6.4 19.6 7.3
v 6.4 19.6 -7.4
v 6.4 19.6 -7.5
v 6.4 21.6 7.4
v 6.4 21.6 7.3
v 6.4 21.6 -7.4
v 6.4 21.6 -7.5
v 6.5 18.4 1.8
v 6.5 18.4 1.4
v 6.5 18.4 -1.5
v 6.5 18.4 -1.9
v 6.5 19.4 1.8
v 6.5 19.4 1.4
v 6.5 19.4 -1.5
v 6.5 19.4 -1.9
v 6.5 19.5 7.3
v 6.5 19.5 7.2
v 6.5 19.5 -7.3
v 6.5 19.5 -7.4
v 6.5 19.6 7.3
v 6.5 19.6 7.2
v 6.5 19.6 -7.3
v 6.5 19.6 -7.4
v 6.5 21.6 7.3
v 6.5 21.6 7.2
v 6.5 21.6 -7.3
v 6.5 21.6 -7.4
v 6.6 18.4 1.4
v 6.6 18.4 0.8
v 6.6 18.4 -0.9
v 6.6 18.4 -1.5
v 6.6 19.4 1.4
v 6.6 19.4 0.8
v 6.6 19.4 -0.9
v 6.6 19.4 -1.5
v 6.6 19.5 7.2
v 6.6 19.5 7.1
v 6.6 19.5 -7.2
v 6.6 19.5 -7.3
v 6.6 19.6 7.2
v 6.6 19.6 7.1
v 6.6 19.6 -7.2
v 6.6 19.6 -7.3
v 6.6 21.6 7.2
v 6.6 21.6 7.1
v 6.6 21.6 -7.2
v 6.6 21.6 -7.3
v 6.7 18.4 0.8
v 6.7 18.4 0
v 6.7 18.4 -0.0999994
v 6.7 18.4 -0.9
v 6.7 19.4 0.8
v 6.7 19.4 0
v 6.7 19.4 -0.0999994
v 6.7 19.4 -0.9
v 6.7 19.5 7.1
v 6.7 19.5 7
v 6.7 19.5 -7.1
v 6.7 19.5 -7.2
v 6.7 19.6 7.1
v 6.7 19.6 7
v 6.7 19.6 -7.1
v 6.7 19.6 -7.2
v 6.7 21.6 7.1
v 6.7 21.6 7
v 6.7 21.6 -7.1
v 6.7 21.6 -7.2
v 6.8 19.5 7
v 6.8 19.5 6.9
v 6.8 19.5 -7
v 6.8 19.5 -7.1
v 6.8 19.6 7
v 6.8 19.6 6.9
v 6.8 19.6 -7
v 6.8 19.6 -7.1
v 6.8 21.6 7
v 6.8 21.6 6.9
v 6.8 21.6 -7
v 6.8 21.6 -7.1
v 6.9 19.5 6.9
v 6.9 19.5 6.8
v 6.9 19.5 -6.9
v 6.9 19.5 -7
v 6.9 19.6 6.9
v 6.9 19.6 6.8
v 6.9 19.6 -6.9
v 6.9 19.6 -7
v 6.9 21.6 6.9
v 6.9 21.6 6.8
v 6.9 21.6 -6.9
v 6.9 21.6 -7
v 7 19.5 6.8
v 7 19.5 6.6
v 7 19.5 -6.7
v 7 19.5 -6.9
v 7 19.6 6.8
v 7 19.6 6.6
v 7 19.6 -6.7
v 7 19.6 -6.9
v 7 21.6 6.8
v 7 21.6 6.6
v 7 21.6 -6.7
v 7 21.6 -6.9
v 7.1 19.5 6.6
v 7.1 19.5 6.5
v 7.1 19.5 -6.6
v 7.1 19.5 -6.7
v 7.1 19.6 6.6
v 7.1 19.6 6.5
v 7.1 19.6 -6.6
v 7.1 19.6 -6.7
v 7.1 21.6 6.6
v 7.1 21.6 6.5
v 7.1 21.6 -6.6
v 7.1 21.6 -6.7
v 7.2 19.5 6.5
v 7.2 19.5 6.4
v 7.2 19.5 -6.5
v 7.2 19.5 -6.6
v 7.2 19.6 6.5
v 7.2 19.6 6.4
v 7.2 19.6 -6.5
v 7.2 19.6 -6.6
v 7.2 21.6 6.5
v 7.2 21.6 6.4
v 7.2 21.6 -6.5
v 7.2 21.6 -6.6
v 7.3 19.5 6.4
v 7.3 19.5 6.3
v 7.3 19.5 -6.4
v 7.3 19.5 -6.5
v 7.3 19.6 6.4
v 7.3 19.6 6.3
v 7.3 19.6 -6.4
v 7.3 19.6 -6.5
v 7.3 21.6 6.4
v 7.3 21.6 6.3
v 7.3 21.6 -6.4
v 7.3 21.6 -6.5
v 7.4 19.5 6.3
v 7.4 19.5 6.2
v 7.4 19.5 -6.3
v 7.4 19.5 -6.4
v 7.4 19.6 6.3
v 7.4 19.6 6.2
v 7.4 19.6 -6.3
v 7.4 19.6 -6.4
v 7.4 21.6 6.3
v 7.4 21.6 6.2
v 7.4 21.6 -6.3
v 7.4 21.6 -6.4
v 7.5 19.5 6.2
v 7.5 19.5 6
v 7.5 19.5 -6.1
v 7.5 19.5 -6.3
v 7.5 19.6 6.2
v 7.5 19.6 6
v 7.5 19.6 -6.1
v 7.5 19.6 -6.3
v 7.5 21.6 6.2
v 7.5 21.6 6
v 7.5 21.6 -6.1
v 7.5 21.6 -6.3
v 7.6 19.5 6
v 7.6 19.5 5.9
v 7.6 19.5 -6
v 7.6 19.5 -6.1
v 7.6 19.6 6
v 7.6 19.6 5.9
v 7.6 19.6 -6
v 7.6 19.6 -6.1
v 7.6 21.6 6
v 7.6 21.6 5.9
v 7.6 21.6 -6
v 7.6 21.6 -6.1
v 7.7 19.5 5.9
v 7.7 19.5 5.8
v 7.7 19.5 -5.9
v 7.7 19.5 -6
v 7.7 19.6 5.9
v 7.7 19.6 5.8
v 7.7 19.6 -5.9
v 7.7 19.6 -6
v 7.7 21.6 5.9
v 7.7 21.6 5.8
v 7.7 21.6 -5.9
v 7.7 21.6 -6
v 7.8 19.5 5.8
v 7.8 19.5 5.6
v 7.8 19.5 -5.7
v 7.8 19.5 -5.9
v 7.8 19.6 5.8
v 7.8 19.6 5.6
v 7.8 19.6 -5.7
v 7.8 19.6 -5.9
v 7.8 21.6 5.8
v 7.8 21.6 5.6
v 7.8 21.6 -5.7
v 7.8 21.6 -5.9
v 7.9 19.5 5.6
v 7.9 19.5 5.5
v 7.9 19.5 -5.6
v 7.9 19.5 -5.7
v 7.9 19.6 5.6
v 7.9 19.6 5.5
v 7.9 19.6 -5.6
v 7.9 19.6 -5.7
v 7.9 21.6 5.6
v 7.9 21.6 5.5
v 7.9 21.6 -5.6
v 7.9 21.6 -5.7
v 8 19.5 5.5
v 8 19.5 5.3
v 8 19.5 -5.4
v 8 19.5 -5.6
v 8 19.6 5.5
v 8 19.6 5.3
v 8 19.6 -5.4
v 8 19.6 -5.6
v 8 21.6 5.5
v 8 21.6 5.3
v 8 21.6 -5.4
v 8 21.6 -5.6
v 8.1 19.5 5.3
v 8.1 19.5 5.2
v 8.1 19.5 -5.3
v 8.1 19.5 -5.4
v 8.1 19.6 5.3
v 8.1 19.6 5.2
v 8.1 19.6 -5.3
v 8.1 19.6 -5.4
v 8.1 21.6 5.3
v 8.1 21.6 5.2
v 8.1 21.6 -5.3
v 8.1 21.6 -5.4
v 8.2 19.5 5.2
v 8.2 19.5 5
v 8.2 19.5 -5.1
v 8.2 19.5 -5.3
v 8.2 19.6 5.2
v 8.2 19.6 5
v 8.2 19.6 -5.1
v 8.2 19.6 -5.3
v 8.2 21.6 5.2
v 8.2 21.6 5
v 8.2 21.6 -5.1
v 8.2 21.6 -5.3
v 8.3 19.5 5
v 8.3 19.5 4.8
v 8.3 19.5 -4.9
v 8.3 19.5 -5.1
v 8.3 19.6 5
v 8.3 19.6 4.8
v 8.3 19.6 -4.9
v 8.3 19.6 -5.1
v 8.3 21.6 5
v 8.3 21.6 4.8
v 8.3 21.6 -4.9
v 8.3 21.6 -5.1
v 8.4 19.5 4.8
v 8.4 19.5 4.6
v 8.4 19.5 -4.7
v 8.4 19.5 -4.9
v 8.4 19.6 4.8
v 8.4 19.6 4.6
v 8.4 19.6 -4.7
v 8.4 19.6 -4.9
v 8.4 21.6 4.8
v 8.4 21.6 4.6
v 8.4 21.6 -4.7
v 8.4 21.6 -4.9
v 8.5 19.5 4.6
v 8.5 19.5 4.4
v 8.5 19.5 -4.5
v 8.5 19.5 -4.7
v 8.5 19.6 4.6
v 8.5 19.6 4.4
v 8.5 19.6 -4.5
v 8.5 19.6 -4.7
v 8.5 21.6 4.6
v 8.5 21.6 4.4
v 8.5 21.6 -4.5
v 8.5 21.6 -4.7
v 8.6 19.5 4.4
v 8.6 19.5 4.2
v 8.6 19.5 -4.3
v 8.6 19.5 -4.5
v 8.6 19.6 4.4
v 8.6 19.6 4.2
v 8.6 19.6 -4.3
v 8.6 19.6 -4.5
v 8.6 21.6 4.4
v 8.6 21.6 4.2
v 8.6 21.6 -4.3
v 8.6 21.6 -4.5
v 8.7 19.5 4.2
v 8.7 19.5 4
v 8.7 19.5 -4.1
v 8.7 19.5 -4.3
v 8.7 19.6 4.2
v 8.7 19.6 4
v 8.7 19.6 -4.1
v 8.7 19.6 -4.3
v 8.7 21.6 4.2
v 8.7 21.6 4
v 8.7 21.6 -4.1
v 8.7 21.6 -4.3
v 8.8 19.5 4
v 8.8 19.5 3.8
v 8.8 19.5 -3.9
v 8.8 19.5 -4.1
v 8.8 19.6 4
v 8.8 19.6 3.8
v 8.8 19.6 -3.9
v 8.8 19.6 -4.1
v 8.8 21.6 4
v 8.8 21.6 3.8
v 8.8 21.6 -3.9
v 8.8 21.6 -4.1
v 8.9 19.5 3.8
v 8.9 19.5 3.5
v 8.9 19.5 -3.6
v 8.9 19.5 -3.9
v 8.9 19.6 3.8
v 8.9 19.6 3.5
v 8.9 19.6 -3.6
v 8.9 19.6 -3.9
v 8.9 21.6 3.8
v 8.9 21.6 3.5
v 8.9 21.6 -3.6
v 8.9 21.6 -3.9
v 9 19.5 3.5
v 9 19.5 3.2
v 9 19.5 -3.3
v 9 19.5 -3.6
v 9 19.6 3.5
v 9 19.6 3.2
v 9 19.6 -3.3
v 9 19.6 -3.6
v 9 21.6 3.5
v 9 21.6 3.2
v 9 21.6 -3.3
v 9 21.6 -3.6
v 9.1 19.5 3.2
v 9.1 19.5 2.9
v 9.1 19.5 -3
v 9.1 19.5 -3.3
v 9.1 19.6 3.2
v 9.1 19.6 2.9
v 9.1 19.6 -3
v 9.1 19.6 -3.3
v 9.1 21.6 3.2
v 9.1 21.6 2.9
v 9.1 21.6 -3
v 9.1 21.6 -3.3
v 9.2 19.5 2.9
v 9.2 19.5 2.6
v 9.2 19.5 -2.7
v 9.2 19.5 -3
v 9.2 19.6 2.9
v 9.2 19.6 2.6
v 9.2 19.6 -2.7
v 9.2 19.6 -3
v 9.2 21.6 2.9
v 9.2 21.6 2.6
v 9.2 21.6 -2.7
v 9.2 21.6 -3
v 9.3 19.5 2.6
v 9.3 19.5 2.2
v 9.3 19.5 -2.3
v 9.3 19.5 -2.7
v 9.3 19.6 2.6
v 9.3 19.6 2.2
v 9.3 19.6 -2.3
v 9.3 19.6 -2.7
v 9.3 21.6 2.6
v 9.3 21.6 2.2
v 9.3 21.6 -2.3
v 9.3 21.6 -2.7
v 9.4 19.5 2.2
v 9.4 19.5 1.7
v 9.4 19.5 -1.8
v 9.4 19.5 -2.3
v 9.4 19.6 2.2
v 9.4 19.6 1.7
v 9.4 19.6 -1.8
v 9.4 19.6 -2.3
v 9.4 21.6 2.2
v 9.4 21.6 1.7
v 9.4 21.6 -1.8
v 9.4 21.6 -2.3
v 9.5 19.5 1.7
v 9.5 19.5 1
v 9.5 19.5 -1.1
v 9.5 19.5 -1.8
v 9.5 19.6 1.7
v 9.5 19.6 1
v 9.5 19.6 -1.1
v 9.5 19.6 -1.8
v 9.5 21.6 1.7
v 9.5 21.6 1
v 9.5 21.6 -1.1
v 9.5 21.6 -1.8
v 9.6 19.5 1
v 9.6 19.5 0.1
v 9.6 19.5 -0.0999994
v 9.6 19.5 -1.1
v 9.6 19.6 1
v 9.6 19.6 0.1
v 9.6 19.6 -0.0999994
v 9.6 19.6 -1.1
v 9.6 21.6 1
v 9.6 21.6 -1.1
v -1.5 19.5 10
v -1.5 19.6 10
v -1.5 21.6 10
v -0.5 19.5 10
v -0.5 19.6 10
v -0.400001 19.5 10
v -0.400001 19.6 10
v 0.599999 19.5 10
v 0.599999 19.6 10
v 0.599999 21.6 10
v -2.2 19.5 9.9
v -2.2 19.6 9.9
v -2.2 21.6 9.9
v -1.5 19.5 9.9
v -1.5 19.6 9.9
v -1.5 21.6 9.9
v 0.599999 19.5 9.9
v 0.599999 19.6 9.9
v 0.599999 21.6 9.9
v 1.3 19.5 9.9
v 1.3 19.6 9.9
v 1.3 21.6 9.9
v -2.7 19.5 9.8
v -2.7 19.6 9.8
v -2.7 21.6 9.8
v -2.2 19.5 9.8
v -2.2 19.6 9.8
v -2.2 21.6 9.8
v 1.3 19.5 9.8
v 1.3 19.6 9.8
v 1.3 21.6 9.8
v 1.8 19.5 9.8
v 1.8 19.6 9.8
v 1.8 21.6 9.8
v -3.1 19.5 9.7
v -3.1 19.6 9.7
v -3.1 21.6 9.7
v -2.7 19.5 9.7
v -2.7 19.6 9.7
v -2.7 21.6 9.7
v 1.8 19.5 9.7
v 1.8 19.6 9.7
v 1.8 21.6 9.7
v 2.2 19.5 9.7
v 2.2 19.6 9.7
v 2.2 21.6 9.7
v -3.4 19.5 9.6
v -3.4 19.6 9.6
v -3.4 21.6 9.6
v -3.1 19.5 9.6
v -3.1 19.6 9.6
v -3.1 21.6 9.6
v 2.2 19.5 9.6
v 2.2 19.6 9.6
v 2.2 21.6 9.6
v 2.5 19.5 9.6
v 2.5 19.6 9.6
v 2.5 21.6 9.6
v -3.7 19.5 9.5
v -3.7 19.6 9.5
v -3.7 21.6 9.5
v -3.4 19.5 9.5
v -3.4 19.6 9.5
v -3.4 21.6 9.5
v 2.5 19.5 9.5
v 2.5 19.6 9.5
v 2.5 21.6 9.5
v 2.8 19.5 9.5
v 2.8 19.6 9.5
v 2.8 21.6 9.5
v -4 19.5 9.4
v -4 19.6 9.4
v -4 21.6 9.4
v -3.7 19.5 9.4
v -3.7 19.6 9.4
v -3.7 21.6 9.4
v 2.8 19.5 9.4
v 2.8 19.6 9.4
v 2.8 21.6 9.4
v 3.1 19.5 9.4
v 3.1 19.6 9.4
v 3.1 21.6 9.4
v -4.3 19.5 9.3
v -4.3 19.6 9.3
v -4.3 21.6 9.3
v -4 19.5 9.3
v -4 19.6 9.3
v -4 21.6 9.3
v 3.1 19.5 9.3
v 3.1 19.6 9.3
v 3.1 21.6 9.3
v 3.4 19.5 9.3
v 3.4 19.6 9.3
v 3.4 21.6 9.3
v -4.5 19.5 9.2
v -4.5 19.6 9.2
v -4.5 21.6 9.2
v -4.3 19.5 9.2
v -4.3 19.6 9.2
v -4.3 21.6 9.2
v 3.4 19.5 9.2
v 3.4 19.6 9.2
v 3.4 21.6 9.2
v 3.6 19.5 9.2
v 3.6 19.6 9.2
v 3.6 21.6 9.2
v -4.7 19.5 9.1
v -4.7 19.6 9.1
v -4.7 21.6 9.1
v -4.5 19.5 9.1
v -4.5 19.6 9.1
v -4.5 21.6 9.1
v 3.6 19.5 9.1
v 3.6 19.6 9.1
v 3.6 21.6 9.1
v 3.8 19.5 9.1
v 3.8 19.6 9.1
v 3.8 21.6 9.1
v -4.9 19.5 9
v -4.9 19.6 9
v -4.9 21.6 9
v -4.7 19.5 9
v -4.7 19.6 9
v -4.7 21.6 9
v 3.8 19.5 9
v 3.8 19.6 9
v 3.8 21.6 9
v 4 19.5 9
v 4 19.6 9
v 4 21.6 9
v -5.1 19.5 8.9
v -5.1 19.6 8.9
v -5.1 21.6 8.9
v -4.9 19.5 8.9
v -4.9 19.6 8.9
v -4.9 21.6 8.9
v 4 19.5 8.9
v 4 19.6 8.9
v 4 21.6 8.9
v 4.2 19.5 8.9
v 4.2 19.6 8.9
v 4.2 21.6 8.9
v -5.3 19.5 8.8
v -5.3 19.6 8.8
v -5.3 21.6 8.8
v -5.1 19.5 8.8
v -5.1 19.6 8.8
v -5.1 21.6 8.8
v 4.2 19.5 8.8
v 4.2 19.6 8.8
v 4.2 21.6 8.8
v 4.4 19.5 8.8
v 4.4 19.6 8.8
v 4.4 21.6 8.8
v -5.5 19.5 8.7
v -5.5 19.6 8.7
v -5.5 21.6 8.7
v -5.3 19.5 8.7
v -5.3 19.6 8.7
v -5.3 21.6 8.7
v 4.4 19.5 8.7
v 4.4 19.6 8.7
v 4.4 21.6 8.7
v 4.6 19.5 8.7
v 4.6 19.6 8.7
v 4.6 21.6 8.7
v -5.7 19.5 8.6
v -5.7 19.6 8.6
v -5.7 21.6 8.6
v -5.5 19.5 8.6
v -5.5 19.6 8.6
v -5.5 21.6 8.6
v 4.6 19.5 8.6
v 4.6 19.6 8.6
v 4.6 21.6 8.6
v 4.8 19.5 8.6
v 4.8 19.6 8.6
v 4.8 21.6 8.6
v -5.8 19.5 8.5
v -5.8 19.6 8.5
v -5.8 21.6 8.5
v -5.7 19.5 8.5
v -5.7 19.6 8.5
v -5.7 21.6 8.5
v 4.8 19.5 8.5
v 4.8 19.6 8.5
v 4.8 21.6 8.5
v 4.9 19.5 8.5
v 4.9 19.6 8.5
v 4.9 21.6 8.5
v -6 19.5 8.4
v -6 19.6 8.4
v -6 21.6 8.4
v -5.8 19.5 8.4
v -5.8 19.6 8.4
v -5.8 21.6 8.4
v 4.9 19.5 8.4
v 4.9 19.6 8.4
v 4.9 21.6 8.4
v 5.1 19.5 8.4
v 5.1 19.6 8.4
v 5.1 21.6 8.4
v -6.1 19.5 8.3
v -6.1 19.6 8.3
v -6.1 21.6 8.3
v -6 19.5 8.3
v -6 19.6 8.3
v -6 21.6 8.3
v 5.1 19.5 8.3
v 5.1 19.6 8.3
v 5.1 21.6 8.3
v 5.2 19.5 8.3
v 5.2 19.6 8.3
v 5.2 21.6 8.3
v -6.3 19.5 8.2
v -6.3 19.6 8.2
v -6.3 21.6 8.2
v -6.1 19.5 8.2
v -6.1 19.6 8.2
v -6.1 21.6 8.2
v 5.2 19.5 8.2
v 5.2 19.6 8.2
v 5.2 21.6 8.2
v 5.4 19.5 8.2
v 5.4 19.6 8.2
v 5.4 21.6 8.2
v -6.4 19.5 8.1
v -6.4 19.6 8.1
v -6.4 21.6 8.1
v -6.3 19.5 8.1
v -6.3 19.6 8.1
v -6.3 21.6 8.1
v 5.4 19.5 8.1
v 5.4 19.6 8.1
v 5.4 21.6 8.1
v 5.5 19.5 8.1
v 5.5 19.6 8.1
v 5.5 21.6 8.1
v -6.5 19.5 8
v -6.5 19.6 8
v -6.5 21.6 8
v -6.4 19.5 8
v -6.4 19.6 8
v -6.4 21.6 8
v 5.5 19.5 8
v 5.5 19.6 8
v 5.5 21.6 8
v 5.6 19.5 8
v 5.6 19.6 8
v 5.6 21.6 8
v -6.7 19.5 7.9
v -6.7 19.6 7.9
v -6.7 21.6 7.9
v -6.5 19.5 7.9
v -6.5 19.6 7.9
v -6.5 21.6 7.9
v 5.6 19.5 7.9
v 5.6 19.6 7.9
v 5.6 21.6 7.9
v 5.8 19.5 7.9
v 5.8 19.6 7.9
v 5.8 21.6 7.9
v -6.8 19.5 7.8
v -6.8 19.6 7.8
v -6.8 21.6 7.8
v -6.7 19.5 7.8
v -6.7 19.6 7.8
v -6.7 21.6 7.8
v 5.8 19.5 7.8
v 5.8 19.6 7.8
v 5.8 21.6 7.8
v 5.9 19.5 7.8
v 5.9 19.6 7.8
v 5.9 21.6 7.8
v -6.9 19.5 7.7
v -6.9 19.6 7.7
v -6.9 21.6 7.7
v -6.8 19.5 7.7
v -6.8 19.6 7.7
v -6.8 21.6 7.7
v 5.9 19.5 7.7
v 5.9 19.6 7.7
v 5.9 21.6 7.7
v 6 19.5 7.7
v 6 19.6 7.7
v 6 21.6 7.7
v -7 19.5 7.6
v -7 19.6 7.6
v -7 21.6 7.6
v -6.9 19.5 7.6
v -6.9 19.6 7.6
v -6.9 21.6 7.6
v 6 19.5 7.6
v 6 19.6 7.6
v 6 21.6 7.6
v 6.1 19.5 7.6
v 6.1 19.6 7.6
v 6.1 21.6 7.6
v -7.1 19.5 7.5
v -7.1 19.6 7.5
v -7.1 21.6 7.5
v -7 19.5 7.5
v -7 19.6 7.5
v -7 21.6 7.5
v 6.1 19.5 7.5
v 6.1 19.6 7.5
v 6.1 21.6 7.5
v 6.2 19.5 7.5
v 6.2 19.6 7.5
v 6.2 21.6 7.5
v -7.3 19.5 7.4
v -7.3 19.6 7.4
v -7.3 21.6 7.4
v -7.1 19.5 7.4
v -7.1 19.6 7.4
v -7.1 21.6 7.4
v 6.2 19.5 7.4
v 6.2 19.6 7.4
v 6.2 21.6 7.4
v 6.4 19.5 7.4
v 6.4 19.6 7.4
v 6.4 21.6 7.4
v -7.4 19.5 7.3
v -7.4 19.6 7.3
v -7.4 21.6 7.3
v -7.3 19.5 7.3
v -7.3 19.6 7.3
v -7.3 21.6 7.3
v 6.4 19.5 7.3
v 6.4 19.6 7.3
v 6.4 21.6 7.3
v 6.5 19.5 7.3
v 6.5 19.6 7.3
v 6.5 21.6 7.3
v -7.5 19.5 7.2
v -7.5 19.6 7.2
v -7.5 21.6 7.2
v -7.4 19.5 7.2
v -7.4 19.6 7.2
v -7.4 21.6 7.2
v 6.5 19.5 7.2
v 6.5 19.6 7.2
v 6.5 21.6 7.2
v 6.6 19.5 7.2
v 6.6 19.6 7.2
v 6.6 21.6 7.2
v -7.6 19.5 7.1
v -7.6 19.6 7.1
v -7.6 21.6 7.1
v -7.5 19.5 7.1
v -7.5 19.6 7.1
v -7.5 21.6 7.1
v -1.3 18.4 7.1
v -1.3 19.4 7.1
v -0.5 18.4 7.1
v -0.5 19.4 7.1
v -0.400001 18.4 7.1
v -0.400001 18.8 7.1
v -0.400001 19.2 7.1
v -0.400001 19.4 7.1
v -0.3 18.8 7.1
v -0.3 19.2 7.1
v 0.4 18.4 7.1
v 0.4 19.4 7.1
v 6.6 19.5 7.1
v 6.6 19.6 7.1
v 6.6 21.6 7.1
v 6.7 19.5 7.1
v 6.7 19.6 7.1
v 6.7 21.6 7.1
v -7.7 19.5 7
v -7.7 19.6 7
v -7.7 21.6 7
v -7.6 19.5 7
v -7.6 19.6 7
v -7.6 21.6 7
v -1.9 18.4 7
v -1.9 19.4 7
v -1.3 18.4 7
v -1.3 19.4 7
v 0.4 18.4 7
v 0.4 19.4 7
v 1 18.4 7
v 1 19.4 7
v 6.7 19.5 7
v 6.7 19.6 7
v 6.7 21.6 7
v 6.8 19.5 7
v 6.8 19.6 7
v 6.8 21.6 7
v -7.8 19.5 6.9
v -7.8 19.6 6.9
v -7.8 21.6 6.9
v -7.7 19.5 6.9
v -7.7 19.6 6.9
v -7.7 21.6 6.9
v -2.3 18.4 6.9
v -2.3 19.4 6.9
v -1.9 18.4 6.9
v -1.9 19.4 6.9
v 1 18.4 6.9
v 1 19.4 6.9
v 1.4 18.4 6.9
v 1.4 19.4 6.9
v 6.8 19.5 6.9
v 6.8 19.6 6.9
v 6.8 21.6 6.9
v 6.9 19.5 6.9
v 6.9 19.6 6.9
v 6.9 21.6 6.9
v -7.9 19.5 6.8
v -7.9 19.6 6.8
v -7.9 21.6 6.8
v -7.8 19.5 6.8
v -7.8 19.6 6.8
v -7.8 21.6 6.8
v -2.7 18.4 6.8
v -2.7 19.4 6.8
v -2.3 18.4 6.8
v -2.3 19.4 6.8
v 1.4 18.4 6.8
v 1.4 19.4 6.8
v 1.8 18.4 6.8
v 1.8 19.4 6.8
v 6.9 19.5 6.8
v 6.9 19.6 6.8
v 6.9 21.6 6.8
v 7 19.5 6.8
v 7 19.6 6.8
v 7 21.6 6.8
v -2.9 18.4 6.7
v -2.9 18.5 6.7
v -2.9 19.4 6.7
v -2.7 18.4 6.7
v -2.7 18.5 6.7
v -2.7 19.4 6.7
v 1.8 18.4 6.7
v 1.8 18.5 6.7
v 1.8 19.4 6.7
v 2 18.4 6.7
v 2 18.5 6.7
v 2 19.4 6.7
v -8 19.5 6.6
v -8 19.6 6.6
v -8 21.6 6.6
v -7.9 19.5 6.6
v -7.9 19.6 6.6
v -7.9 21.6 6.6
v -3.2 18.4 6.6
v -3.2 18.5 6.6
v -3.2 19.4 6.6
v -2.9 18.4 6.6
v -2.9 18.5 6.6
v -2.9 19.4 6.6
v 2 18.4 6.6
v 2 18.5 6.6
v 2 19.4 6.6
v 2.3 18.4 6.6
v 2.3 18.5 6.6
v 2.3 19.4 6.6
v 7 19.5 6.6
v 7 19.6 6.6
v 7 21.6 6.6
v 7.1 19.5 6.6
v 7.1 19.6 6.6
v 7.1 21.6 6.6
v -8.1 19.5 6.5
v -8.1 19.6 6.5
v -8.1 21.6 6.5
v -8 19.5 6.5
v -8 19.6 6.5
v -8 21.6 6.5
v -3.4 18.4 6.5
v -3.4 18.5 6.5
v -3.4 19.4 6.5
v -3.2 18.4 6.5
v -3.2 18.5 6.5
v -3.2 19.4 6.5
v 2.3 18.4 6.5
v 2.3 18.5 6.5
v 2.3 19.4 6.5
v 2.4 18.5 6.5
v 2.4 19.4 6.5
v 2.5 18.4 6.5
v 2.5 19.4 6.5
v 7.1 19.5 6.5
v 7.1 19.6 6.5
v 7.1 21.6 6.5
v 7.2 19.5 6.5
v 7.2 19.6 6.5
v 7.2 21.6 6.5
v -8.2 19.5 6.4
v -8.2 19.6 6.4
v -8.2 21.6 6.4
v -8.1 19.5 6.4
v -8.1 19.6 6.4
v -8.1 21.6 6.4
v -3.6 18.4 6.4
v -3.6 18.5 6.4
v -3.6 19.4 6.4
v -3.4 18.4 6.4
v -3.4 18.5 6.4
v -3.4 19.4 6.4
v -1.3 17.7 6.4
v -1.3 18.4 6.4
v -0.6 17.7 6.4
v -0.6 17.8 6.4
v -0.5 17.8 6.4
v -0.5 18.4 6.4
v -0.5 19.4 6.4
v -0.5 19.5 6.4
v -0.400001 17.7 6.4
v -0.400001 18.4 6.4
v -0.400001 19.4 6.4
v -0.400001 19.5 6.4
v 0.4 17.7 6.4
v 0.4 18.4 6.4
v 2.5 18.4 6.4
v 2.5 18.5 6.4
v 2.5 19.4 6.4
v 2.7 18.4 6.4
v 2.7 18.5 6.4
v 2.7 19.4 6.4
v 7.2 19.5 6.4
v 7.2 19.6 6.4
v 7.2 21.6 6.4
v 7.3 19.5 6.4
v 7.3 19.6 6.4
v 7.3 21.6 6.4
v -8.3 19.5 6.3
v -8.3 19.6 6.3
v -8.3 21.6 6.3
v -8.2 19.5 6.3
v -8.2 19.6 6.3
v -8.2 21.6 6.3
v -3.8 18.4 6.3
v -3.8 18.5 6.3
v -3.8 19.4 6.3
v -3.6 18.4 6.3
v -3.6 18.5 6.3
v -3.6 19.4 6.3
v -1.8 17.7 6.3
v -1.8 18.4 6.3
v -1.3 17.7 6.3
v -1.3 18.4 6.3
v 0.4 17.7 6.3
v 0.4 18.4 6.3
v 0.9 17.7 6.3
v 0.9 18.4 6.3
v 2.7 18.4 6.3
v 2.7 18.5 6.3
v 2.7 19.4 6.3
v 2.9 18.4 6.3
v 2.9 18.5 6.3
v 2.9 19.4 6.3
v 7.3 19.5 6.3
v 7.3 19.6 6.3
v 7.3 21.6 6.3
v 7.4 19.5 6.3
v 7.4 19.6 6.3
v 7.4 21.6 6.3
v -8.4 19.5 6.2
v -8.4 19.6 6.2
v -8.4 21.6 6.2
v -8.3 19.5 6.2
v -8.3 19.6 6.2
v -8.3 21.6 6.2
v -4 18.4 6.2
v -4 19.4 6.2
v -3.8 18.4 6.2
v -3.8 18.5 6.2
v -3.8 19.4 6.2
v -2.2 17.7 6.2
v -2.2 18.4 6.2
v -1.8 17.7 6.2
v -1.8 18.4 6.2
v 0.9 17.7 6.2
v 0.9 18.4 6.2
v 1.3 17.7 6.2
v 1.3 18.4 6.2
v 2.9 18.4 6.2
v 2.9 18.5 6.2
v 2.9 19.4 6.2
v 3.1 18.4 6.2
v 3.1 19.4 6.2
v 7.4 19.5 6.2
v 7.4 19.6 6.2
v 7.4 21.6 6.2
v 7.5 19.5 6.2
v 7.5 19.6 6.2
v 7.5 21.6 6.2
v -4.2 18.4 6.1
v -4.2 18.5 6.1
v -4.2 19.4 6.1
v -4 18.4 6.1
v -4 18.5 6.1
v -4 19.4 6.1
v -2.5 17.7 6.1
v -2.5 18.4 6.1
v -2.2 17.7 6.1
v -2.2 18.4 6.1
v 1.3 17.7 6.1
v 1.3 18.4 6.1
v 1.6 17.7 6.1
v 1.6 18.4 6.1
v 3.1 18.4 6.1
v 3.1 19.4 6.1
v 3.3 18.4 6.1
v 3.3 19.4 6.1
v -8.5 19.5 6
v -8.5 19.6 6
v -8.5 21.6 6
v -8.4 19.5 6
v -8.4 19.6 6
v -8.4 21.6 6
v -4.3 18.4 6
v -4.3 18.5 6
v -4.3 19.4 6
v -4.2 18.4 6
v -4.2 18.5 6
v -4.2 19.4 6
v -2.8 17.7 6
v -2.8 18.4 6
v -2.5 17.7 6
v -2.5 18.4 6
v 1.6 17.7 6
v 1.6 18.4 6
v 1.9 17.7 6
v 1.9 18.4 6
v 3.3 18.4 6
v 3.3 18.5 6
v 3.3 19.4 6
v 3.4 18.4 6
v 3.4 18.5 6
v 3.4 19.4 6
v 7.5 19.5 6
v 7.5 19.6 6
v 7.5 21.6 6
v 7.6 19.5 6
v 7.6 19.6 6
v 7.6 21.6 6
v -8.6 19.5 5.9
v -8.6 19.6 5.9
v -8.6 21.6 5.9
v -8.5 19.5 5.9
v -8.5 19.6 5.9
v -8.5 21.6 5.9
v -4.5 18.4 5.9
v -4.5 18.5 5.9
v -4.5 19.4 5.9
v -4.3 18.4 5.9
v -4.3 18.5 5.9
v -4.3 19.4 5.9
v -3.1 17.7 5.9
v -3.1 18.4 5.9
v -2.8 17.7 5.9
v -2.8 18.4 5.9
v 1.9 17.7 5.9
v 1.9 18.4 5.9
v 2.2 17.7 5.9
v 2.2 18.4 5.9
v 3.4 18.4 5.9
v 3.4 18.5 5.9
v 3.4 19.4 5.9
v 3.6 18.4 5.9
v 3.6 18.5 5.9
v 3.6 19.4 5.9
v 7.6 19.5 5.9
v 7.6 19.6 5.9
v 7.6 21.6 5.9
v 7.7 19.5 5.9
v 7.7 19.6 5.9
v 7.7 21.6 5.9
v -8.7 19.5 5.8
v -8.7 19.6 5.8
v -8.7 21.6 5.8
v -8.6 19.5 5.8
v -8.6 19.6 5.8
v -8.6 21.6 5.8
v -4.6 18.4 5.8
v -4.6 18.5 5.8
v -4.6 19.4 5.8
v -4.5 18.4 5.8
v -4.5 18.5 5.8
v -4.5 19.4 5.8
v -3.3 17.7 5.8
v -3.3 18.4 5.8
v -3.1 17.7 5.8
v -3.1 18.4 5.8
v 2.2 17.7 5.8
v 2.2 18.4 5.8
v 2.4 17.7 5.8
v 2.4 18.4 5.8
v 3.6 18.4 5.8
v 3.6 18.5 5.8
v 3.6 19.4 5.8
v 3.7 18.4 5.8
v 3.7 18.5 5.8
v 3.7 19.4 5.8
v 7.7 19.5 5.8
v 7.7 19.6 5.8
v 7.7 21.6 5.8
v 7.8 19.5 5.8
v 7.8 19.6 5.8
v 7.8 21.6 5.8
v -4.8 18.4 5.7
v -4.8 19.4 5.7
v -4.7 18.5 5.7
v -4.7 19.4 5.7
v -4.6 18.4 5.7
v -4.6 18.5 5.7
v -4.6 19.4 5.7
v -3.5 17.7 5.7
v -3.5 18.4 5.7
v -3.3 17.7 5.7
v -3.3 18.4 5.7
v 2.4 17.7 5.7
v 2.4 18.4 5.7
v 2.6 17.7 5.7
v 2.6 18.4 5.7
v 3.7 18.4 5.7
v 3.7 18.5 5.7
v 3.7 19.4 5.7
v 3.9 18.4 5.7
v 3.9 18.5 5.7
v 3.9 19.4 5.7
v -8.8 19.5 5.6
v -8.8 19.6 5.6
v -8.8 21.6 5.6
v -8.7 19.5 5.6
v -8.7 19.6 5.6
v -8.7 21.6 5.6
v -4.9 18.4 5.6
v -4.9 18.5 5.6
v -4.9 19.4 5.6
v -4.8 18.4 5.6
v -4.8 18.5 5.6
v -4.8 19.4 5.6
v -3.7 17.7 5.6
v -3.7 18.4 5.6
v -3.5 17.7 5.6
v -3.5 18.4 5.6
v 2.6 17.7 5.6
v 2.6 18.4 5.6
v 2.8 17.7 5.6
v 2.8 18.4 5.6
v 3.9 18.4 5.6
v 3.9 18.5 5.6
v 3.9 19.4 5.6
v 4 18.4 5.6
v 4 19.4 5.6
v 7.8 19.5 5.6
v 7.8 19.6 5.6
v 7.8 21.6 5.6
v 7.9 19.5 5.6
v 7.9 19.6 5.6
v 7.9 21.6 5.6
v -8.9 19.5 5.5
v -8.9 19.6 5.5
v -8.9 21.6 5.5
v -8.8 19.5 5.5
v -8.8 19.6 5.5
v -8.8 21.6 5.5
v -5 18.4 5.5
v -5 18.5 5.5
v -5 19.4 5.5
v -4.9 18.4 5.5
v -4.9 18.5 5.5
v -4.9 19.4 5.5
v -3.8 17.7 5.5
v -3.8 18.4 5.5
v -3.7 17.7 5.5
v -3.7 18.4 5.5
v 2.8 17.7 5.5
v 2.8 18.4 5.5
v 2.9 17.7 5.5
v 2.9 18.4 5.5
v 4 18.4 5.5
v 4 18.5 5.5
v 4 19.4 5.5
v 4.1 18.4 5.5
v 4.1 18.5 5.5
v 4.1 19.4 5.5
v 7.9 19.5 5.5
v 7.9 19.6 5.5
v 7.9 21.6 5.5
v 8 19.5 5.5
v 8 19.6 5.5
v 8 21.6 5.5
v -5.1 18.4 5.4
v -5.1 18.5 5.4
v -5.1 19.4 5.4
v -5 18.4 5.4
v -5 18.5 5.4
v -5 19.4 5.4
v -4 17.7 5.4
v -4 18.4 5.4
v -3.8 17.7 5.4
v -3.8 18.4 5.4
v 2.9 17.7 5.4
v 2.9 18.4 5.4
v 3.1 17.7 5.4
v 3.1 18.4 5.4
v 4.1 18.4 5.4
v 4.1 18.5 5.4
v 4.1 19.4 5.4
v 4.2 18.4 5.4
v 4.2 18.5 5.4
v 4.2 19.4 5.4
v -9 19.5 5.3
v -9 19.6 5.3
v -9 21.6 5.3
v -8.9 19.5 5.3
v -8.9 19.6 5.3
v -8.9 21.6 5.3
v -5.2 18.4 5.3
v -5.2 18.5 5.3
v -5.2 19.4 5.3
v -5.1 18.4 5.3
v -5.1 18.5 5.3
v -5.1 19.4 5.3
v -4.1 17.7 5.3
v -4.1 18.4 5.3
v -4 17.7 5.3
v -4 18.4 5.3
v 3.1 17.7 5.3
v 3.1 18.4 5.3
v 3.2 17.7 5.3
v 3.2 18.4 5.3
v 4.2 18.4 5.3
v 4.2 18.5 5.3
v 4.2 19.4 5.3
v 4.3 18.4 5.3
v 4.3 18.5 5.3
v 4.3 19.4 5.3
v 8 19.5 5.3
v 8 19.6 5.3
v 8 21.6 5.3
v 8.1 19.5 5.3
v 8.1 19.6 5.3
v 8.1 21.6 5.3
v -9.1 19.5 5.2
v -9.1 19.6 5.2
v -9.1 21.6 5.2
v -9 19.5 5.2
v -9 19.6 5.2
v -9 21.6 5.2
v -5.4 18.4 5.2
v -5.4 18.5 5.2
v -5.4 19.4 5.2
v -5.2 18.4 5.2
v -5.2 18.5 5.2
v -5.2 19.4 5.2
v -4.3 17.7 5.2
v -4.3 18.4 5.2
v -4.1 17.7 5.2
v -4.1 18.4 5.2
v -1.2 17 5.2
v -1.2 17.7 5.2
v -0.5 17 5.2
v -0.5 17.7 5.2
v -0.400001 17 5.2
v -0.400001 17.7 5.2
v 0.3 17 5.2
v 0.3 17.7 5.2
v 3.2 17.7 5.2
v 3.2 18.4 5.2
v 3.4 17.7 5.2
v 3.4 18.4 5.2
v 4.3 18.4 5.2
v 4.3 18.5 5.2
v 4.3 19.4 5.2
v 4.5 18.4 5.2
v 4.5 19.4 5.2
v 8.1 19.5 5.2
v 8.1 19.6 5.2
v 8.1 21.6 5.2
v 8.2 19.5 5.2
v 8.2 19.6 5.2
v 8.2 21.6 5.2
v -5.5 18.4 5.1
v -5.5 19.4 5.1
v -5.4 18.4 5.1
v -5.4 18.5 5.1
v -5.4 19.4 5.1
v -4.4 17.7 5.1
v -4.4 18.4 5.1
v -4.3 17.7 5.1
v -4.3 18.4 5.1
v -1.7 17 5.1
v -1.7 17.7 5.1
v -1.2 17 5.1
v -1.2 17.7 5.1
v 0.3 17 5.1
v 0.3 17.7 5.1
v 0.8 17 5.1
v 0.8 17.7 5.1
v 3.4 17.7 5.1
v 3.4 18.4 5.1
v 3.5 17.7 5.1
v 3.5 18.4 5.1
v 4.5 18.4 5.1
v 4.5 18.5 5.1
v 4.5 19.4 5.1
v 4.6 18.4 5.1
v 4.6 18.5 5.1
v 4.6 19.4 5.1
v -9.2 19.5 5
v -9.2 19.6 5
v -9.2 21.6 5
v -9.1 19.5 5
v -9.1 19.6 5
v -9.1 21.6 5
v -5.6 18.4 5
v -5.6 18.5 5
v -5.6 19.4 5
v -5.5 18.4 5
v -5.5 18.5 5
v -5.5 19.4 5
v -4.5 17.7 5
v -4.5 18.4 5
v -4.4 17.7 5
v -4.4 18.4 5
v -2.1 17 5
v -2.1 17.7 5
v -1.7 17 5
v -1.7 17.7 5
v 0.8 17 5
v 0.8 17.7 5
v 1.2 17 5
v 1.2 17.7 5
v 3.5 17.7 5
v 3.5 18.4 5
v 3.6 17.7 5
v 3.6 18.4 5
v 4.6 18.4 5
v 4.6 18.5 5
v 4.6 19.4 5
v 4.7 18.4 5
v 4.7 18.5 5
v 4.7 19.4 5
v 8.2 19.5 5
v 8.2 19.6 5
v 8.2 21.6 5
v 8.3 19.5 5
v 8.3 19.6 5
v 8.3 21.6 5
v -5.7 18.4 4.9
v -5.7 18.5 4.9
v -5.7 19.4 4.9
v -5.6 18.4 4.9
v -5.6 18.5 4.9
v -5.6 19.4 4.9
v -4.6 17.7 4.9
v -4.6 18.4 4.9
v -4.5 17.7 4.9
v -4.5 18.4 4.9
v -2.3 17 4.9
v -2.3 17.7 4.9
v -2.1 17 4.9
v -2.1 17.7 4.9
v 1.2 17 4.9
v 1.2 17.7 4.9
v 1.4 17 4.9
v 1.4 17.7 4.9
v 3.6 17.7 4.9
v 3.6 18.4 4.9
v 3.7 17.7 4.9
v 3.7 18.4 4.9
v 4.7 18.4 4.9
v 4.7 18.5 4.9
v 4.7 19.4 4.9
v 4.8 18.4 4.9
v 4.8 18.5 4.9
v 4.8 19.4 4.9
v -9.3 19.5 4.8
v -9.3 19.6 4.8
v -9.3 21.6 4.8
v -9.2 19.5 4.8
v -9.2 19.6 4.8
v -9.2 21.6 4.8
v -4.8 17.7 4.8
v -4.8 18.4 4.8
v -4.6 17.7 4.8
v -4.6 18.4 4.8
v -2.6 17 4.8
v -2.6 17.7 4.8
v -2.3 17 4.8
v -2.3 17.7 4.8
v -1.1 16.6 4.8
v -1.1 17 4.8
v -0.5 16.6 4.8
v -0.5 17 4.8
v -0.400001 16.6 4.8
v -0.400001 17 4.8
v 0.2 16.6 4.8
v 0.2 17 4.8
v 1.4 17 4.8
v 1.4 17.7 4.8
v 1.7 17 4.8
v 1.7 17.7 4.8
v 3.7 17.7 4.8
v 3.7 18.4 4.8
v 3.9 17.7 4.8
v 3.9 18.4 4.8
v 8.3 19.5 4.8
v 8.3 19.6 4.8
v 8.3 21.6 4.8
v 8.4 19.5 4.8
v 8.4 19.6 4.8
v 8.4 21.6 4.8
v -5.8 18.4 4.7
v -5.8 18.5 4.7
v -5.8 19.4 4.7
v -5.7 18.4 4.7
v -5.7 18.5 4.7
v -5.7 19.4 4.7
v -4.9 17.7 4.7
v -4.9 18.4 4.7
v -4.8 17.7 4.7
v -4.8 18.4 4.7
v -2.8 17 4.7
v -2.8 17.7 4.7
v -2.6 17 4.7
v -2.6 17.7 4.7
v -1.6 16.6 4.7
v -1.6 17 4.7
v -1.1 16.6 4.7
v -1.1 17 4.7
v 0.2 16.6 4.7
v 0.2 17 4.7
v 0.7 16.6 4.7
v 0.7 17 4.7
v 1.7 17 4.7
v 1.7 17.7 4.7
v 1.9 17 4.7
v 1.9 17.7 4.7
v 3.9 17.7 4.7
v 3.9 18.4 4.7
v 4 17.7 4.7
v 4 18.4 4.7
v 4.8 18.4 4.7
v 4.8 18.5 4.7
v 4.8 19.4 4.7
v 4.9 18.4 4.7
v 4.9 18.5 4.7
v 4.9 19.4 4.7
v -9.4 19.5 4.6
v -9.4 19.6 4.6
v -9.4 21.6 4.6
v -9.3 19.5 4.6
v -9.3 19.6 4.6
v -9.3 21.6 4.6
v -5.9 18.4 4.6
v -5.9 18.5 4.6
v -5.9 19.4 4.6
v -5.8 18.4 4.6
v -5.8 18.5 4.6
v -5.8 19.4 4.6
v -5 17.7 4.6
v -5 18.4 4.6
v -4.9 17.7 4.6
v -4.9 18.4 4.6
v -3 17 4.6
v -3 17.7 4.6
v -2.8 17 4.6
v -2.8 17.7 4.6
v -2 16.6 4.6
v -2 17 4.6
v -1.6 16.6 4.6
v -1.6 17 4.6
v 0.7 16.6 4.6
v 0.7 17 4.6
v 1.1 16.6 4.6
v 1.1 17 4.6
v 1.9 17 4.6
v 1.9 17.7 4.6
v 2.1 17 4.6
v 2.1 17.7 4.6
v 4 17.7 4.6
v 4 18.4 4.6
v 4.1 17.7 4.6
v 4.1 18.4 4.6
v 4.9 18.4 4.6
v 4.9 18.5 4.6
v 4.9 19.4 4.6
v 5 18.4 4.6
v 5 19.4 4.6
v 8.4 19.5 4.6
v 8.4 19.6 4.6
v 8.4 21.6 4.6
v 8.5 19.5 4.6
v 8.5 19.6 4.6
v 8.5 21.6 4.6
v -6 18.4 4.5
v -6 18.5 4.5
v -6 19.4 4.5
v -5.9 18.4 4.5
v -5.9 18.5 4.5
v -5.9 19.4 4.5
v -5.1 17.7 4.5
v -5.1 18.4 4.5
v -5 17.7 4.5
v -5 18.4 4.5
v -3.2 17 4.5
v -3.2 17.7 4.5
v -3 17 4.5
v -3 17.7 4.5
v -2.3 16.6 4.5
v -2.3 17 4.5
v -2 16.6 4.5
v -2 17 4.5
v 1.1 16.6 4.5
v 1.1 17 4.5
v 1.4 16.6 4.5
v 1.4 17 4.5
v 2.1 17 4.5
v 2.1 17.7 4.5
v 2.3 17 4.5
v 2.3 17.7 4.5
v 4.1 17.7 4.5
v 4.1 18.4 4.5
v 4.2 17.7 4.5
v 4.2 18.4 4.5
v 5 18.4 4.5
v 5 18.5 4.5
v 5 19.4 4.5
v 5.1 18.4 4.5
v 5.1 18.5 4.5
v 5.1 19.4 4.5
v -9.5 19.5 4.4
v -9.5 19.6 4.4
v -9.5 21.6 4.4
v -9.4 19.5 4.4
v -9.4 19.6 4.4
v -9.4 21.6 4.4
v -6.1 18.4 4.4
v -6.1 18.5 4.4
v -6.1 19.4 4.4
v -6 18.4 4.4
v -6 18.5 4.4
v -6 19.4 4.4
v -5.2 17.7 4.4
v -5.2 18.4 4.4
v -5.1 17.7 4.4
v -5.1 18.4 4.4
v -3.3 17 4.4
v -3.3 17.7 4.4
v -3.2 17 4.4
v -3.2 17.7 4.4
v -2.5 16.6 4.4
v -2.5 17 4.4
v -2.3 16.6 4.4
v -2.3 17 4.4
v -1.1 16.2 4.4
v -1.1 16.6 4.4
v -0.5 16.2 4.4
v -0.5 16.6 4.4
v -0.400001 16.2 4.4
v -0.400001 16.6 4.4
v 0.2 16.2 4.4
v 0.2 16.6 4.4
v 1.4 16.6 4.4
v 1.4 17 4.4
v 1.6 16.6 4.4
v 1.6 17 4.4
v 2.3 17 4.4
v 2.3 17.7 4.4
v 2.4 17 4.4
v 2.4 17.7 4.4
v 4.2 17.7 4.4
v 4.2 18.4 4.4
v 4.3 17.7 4.4
v 4.3 18.4 4.4
v 5.1 18.4 4.4
v 5.1 18.5 4.4
v 5.1 19.4 4.4
v 5.2 18.4 4.4
v 5.2 19.4 4.4
v 8.5 19.5 4.4
v 8.5 19.6 4.4
v 8.5 21.6 4.4
v 8.6 19.5 4.4
v 8.6 19.6 4.4
v 8.6 21.6 4.4
v -6.2 18.4 4.3
v -6.2 19.4 4.3
v -6.1 18.4 4.3
v -6.1 18.5 4.3
v -6.1 19.4 4.3
v -5.3 17.7 4.3
v -5.3 18.4 4.3
v -5.2 17.7 4.3
v -5.2 18.4 4.3
v -3.5 17 4.3
v -3.5 17.7 4.3
v -3.3 17 4.3
v -3.3 17.7 4.3
v -2.7 16.6 4.3
v -2.7 17 4.3
v -2.5 16.6 4.3
v -2.5 17 4.3
v -1.6 16.2 4.3
v -1.6 16.6 4.3
v -1.1 16.2 4.3
v -1.1 16.6 4.3
v 0.2 16.2 4.3
v 0.2 16.6 4.3
v 0.7 16.2 4.3
v 0.7 16.6 4.3
v 1.6 16.6 4.3
v 1.6 17 4.3
v 1.8 16.6 4.3
v 1.8 17 4.3
v 2.4 17 4.3
v 2.4 17.7 4.3
v 2.6 17 4.3
v 2.6 17.7 4.3
v 4.3 17.7 4.3
v 4.3 18.4 4.3
v 4.4 17.7 4.3
v 4.4 18.4 4.3
v 5.2 18.4 4.3
v 5.2 18.5 4.3
v 5.2 19.4 4.3
v 5.3 18.4 4.3
v 5.3 18.5 4.3
v 5.3 19.4 4.3
v -9.6 19.5 4.2
v -9.6 19.6 4.2
v -9.6 21.6 4.2
v -9.5 19.5 4.2
v -9.5 19.6 4.2
v -9.5 21.6 4.2
v -3.6 17 4.2
v -3.6 17.7 4.2
v -3.5 17 4.2
v -3.5 17.7 4.2
v -2.9 16.6 4.2
v -2.9 17 4.2
v -2.7 16.6 4.2
v -2.7 17 4.2
v -1.9 16.2 4.2
v -1.9 16.6 4.2
v -1.6 16.2 4.2
v -1.6 16.6 4.2
v 0.7 16.2 4.2
v 0.7 16.6 4.2
v 1 16.2 4.2
v 1 16.6 4.2
v 1.8 16.6 4.2
v 1.8 17 4.2
v 2 16.6 4.2
v 2 17 4.2
v 2.6 17 4.2
v 2.6 17.7 4.2
v 2.7 17 4.2
v 2.7 17.7 4.2
v 8.6 19.5 4.2
v 8.6 19.6 4.2
v 8.6 21.6 4.2
v 8.7 19.5 4.2
v 8.7 19.6 4.2
v 8.7 21.6 4.2
v -6.3 18.4 4.1
v -6.3 18.5 4.1
v -6.3 19.4 4.1
v -6.2 18.4 4.1
v -6.2 18.5 4.1
v -6.2 19.4 4.1
v -5.4 17.7 4.1
v -5.4 18.4 4.1
v -5.3 17.7 4.1
v -5.3 18.4 4.1
v -3.7 17 4.1
v -3.7 17.7 4.1
v -3.6 17 4.1
v -3.6 17.7 4.1
v -3 16.6 4.1
v -3 17 4.1
v -2.9 16.6 4.1
v -2.9 17 4.1
v -2.2 16.2 4.1
v -2.2 16.6 4.1
v -1.9 16.2 4.1
v -1.9 16.6 4.1
v -1 15.4 4.1
v -1 16.1 4.1
v -0.900001 15.5 4.1
v -0.900001 16 4.1
v 0 15.5 4.1
v 0 16 4.1
v 0.0999994 15.4 4.1
v 0.0999994 16.1 4.1
v 1 16.2 4.1
v 1 16.6 4.1
v 1.3 16.2 4.1
v 1.3 16.6 4.1
v 2 16.6 4.1
v 2 17 4.1
v 2.1 16.6 4.1
v 2.1 17 4.1
v 2.7 17 4.1
v 2.7 17.7 4.1
v 2.8 17 4.1
v 2.8 17.7 4.1
v 4.4 17.7 4.1
v 4.4 18.4 4.1
v 4.5 17.7 4.1
v 4.5 18.4 4.1
v 5.3 18.4 4.1
v 5.3 18.5 4.1
v 5.3 19.4 4.1
v 5.4 18.4 4.1
v 5.4 19.4 4.1
v -9.7 19.5 4
v -9.7 19.6 4
v -9.7 21.6 4
v -9.6 19.5 4
v -9.6 19.6 4
v -9.6 21.6 4
v -6.4 18.4 4
v -6.4 19.4 4
v -6.3 18.4 4
v -6.3 18.5 4
v -6.3 19.4 4
v -5.5 17.7 4
v -5.5 18.4 4
v -5.4 17.7 4
v -5.4 18.4 4
v -3.9 17 4
v -3.9 17.7 4
v -3.7 17 4
v -3.7 17.7 4
v -3.2 16.6 4
v -3.2 17 4
v -3 16.6 4
v -3 17 4
v -2.4 16.2 4
v -2.4 16.6 4
v -2.2 16.2 4
v -2.2 16.6 4
v -1.1 15.2 4
v -1.1 15.3 4
v -1.1 16.2 4
v -1 15.4 4
v -1 16.1 4
v -0.900001 15.5 4
v -0.900001 16 4
v -0.8 15.6 4
v -0.8 15.7 4
v -0.8 15.8 4
v -0.8 15.9 4
v -0.5 15.8 4
v -0.5 15.9 4
v -0.5 16.1 4
v -0.5 16.2 4
v -0.400001 16.1 4
v -0.400001 16.2 4
v -0.1 15.6 4
v -0.1 15.7 4
v 0 15.5 4
v 0 16 4
v 0.0999994 15.3 4
v 0.0999994 15.4 4
v 0.0999994 16.1 4
v 0.2 15.2 4
v 0.2 15.4 4
v 0.2 16.2 4
v 1.3 16.2 4
v 1.3 16.6 4
v 1.5 16.2 4
v 1.5 16.6 4
v 2.1 16.6 4
v 2.1 17 4
v 2.3 16.6 4
v 2.3 17 4
v 2.8 17 4
v 2.8 17.7 4
v 3 17 4
v 3 17.7 4
v 4.5 17.7 4
v 4.5 18.4 4
v 4.6 17.7 4
v 4.6 18.4 4
v 5.4 18.4 4
v 5.4 19.4 4
v 5.5 18.4 4
v 5.5 19.4 4
v 8.7 19.5 4
v 8.7 19.6 4
v 8.7 21.6 4
v 8.8 19.5 4
v 8.8 19.6 4
v 8.8 21.6 4
v -5.6 17.7 3.9
v -5.6 18.4 3.9
v -5.5 17.7 3.9
v -5.5 18.4 3.9
v -4 17 3.9
v -4 17.7 3.9
v -3.9 17 3.9
v -3.9 17.7 3.9
v -3.3 16.6 3.9
v -3.3 17 3.9
v -3.2 16.6 3.9
v -3.2 17 3.9
v -2.6 16.2 3.9
v -2.6 16.6 3.9
v -2.4 16.2 3.9
v -2.4 16.6 3.9
v -1.5 15.2 3.9
v -1.5 15.3 3.9
v -1.5 16.2 3.9
v -1.1 15.2 3.9
v -1.1 15.3 3.9
v -1.1 16.2 3.9
v 0.2 15.2 3.9
v 0.2 15.3 3.9
v 0.2 15.4 3.9
v 0.2 15.5 3.9
v 0.2 16.2 3.9
v 0.3 15.3 3.9
v 0.3 15.4 3.9
v 0.3 15.5 3.9
v 0.3 15.6 3.9
v 0.4 15.4 3.9
v 0.4 15.5 3.9
v 0.4 15.6 3.9
v 0.4 15.7 3.9
v 0.5 15.5 3.9
v 0.5 15.6 3.9
v 0.5 15.7 3.9
v 0.5 15.8 3.9
v 0.599999 15.2 3.9
v 0.599999 15.6 3.9
v 0.599999 15.8 3.9
v 0.599999 16.2 3.9
v 1.5 16.2 3.9
v 1.5 16.6 3.9
v 1.7 16.2 3.9
v 1.7 16.6 3.9
v 2.3 16.6 3.9
v 2.3 17 3.9
v 2.4 16.6 3.9
v 2.4 17 3.9
v 3 17 3.9
v 3 17.7 3.9
v 3.1 17 3.9
v 3.1 17.7 3.9
v 4.6 17.7 3.9
v 4.6 18.4 3.9
v 4.7 17.7 3.9
v 4.7 18.4 3.9
v -9.8 19.5 3.8
v -9.8 19.6 3.8
v -9.8 21.6 3.8
v -9.7 19.5 3.8
v -9.7 19.6 3.8
v -9.7 21.6 3.8
v -6.5 18.4 3.8
v -6.5 18.5 3.8
v -6.5 19.4 3.8
v -6.4 18.4 3.8
v -6.4 18.5 3.8
v -6.4 19.4 3.8
v -5.7 17.7 3.8
v -5.7 18.4 3.8
v -5.6 17.7 3.8
v -5.6 18.4 3.8
v -4.1 17 3.8
v -4.1 17.7 3.8
v -4 17 3.8
v -4 17.7 3.8
v -3.5 16.6 3.8
v -3.5 17 3.8
v -3.3 16.6 3.8
v -3.3 17 3.8
v -2.8 16.2 3.8
v -2.8 16.6 3.8
v -2.6 16.2 3.8
v -2.6 16.6 3.8
v -1.9 15.2 3.8
v -1.9 15.3 3.8
v -1.9 16.2 3.8
v -1.5 15.2 3.8
v -1.5 15.3 3.8
v -1.5 16.2 3.8
v 0.599999 15.2 3.8
v 0.599999 15.6 3.8
v 0.599999 15.7 3.8
v 0.599999 15.8 3.8
v 0.599999 15.9 3.8
v 0.599999 16.2 3.8
v 0.7 15.7 3.8
v 0.7 15.8 3.8
v 0.7 15.9 3.8
v 0.7 16 3.8
v 0.8 15.8 3.8
v 0.8 15.9 3.8
v 1 15.2 3.8
v 1 15.9 3.8
v 1 16 3.8
v 1 16.2 3.8
v 1.7 16.2 3.8
v 1.7 16.6 3.8
v 1.9 16.2 3.8
v 1.9 16.6 3.8
v 2.4 16.6 3.8
v 2.4 17 3.8
v 2.6 16.6 3.8
v 2.6 17 3.8
v 3.1 17 3.8
v 3.1 17.7 3.8
v 3.2 17 3.8
v 3.2 17.7 3.8
v 4.7 17.7 3.8
v 4.7 18.4 3.8
v 4.8 17.7 3.8
v 4.8 18.4 3.8
v 5.5 18.4 3.8
v 5.5 18.5 3.8
v 5.5 19.4 3.8
v 5.6 18.4 3.8
v 5.6 18.5 3.8
v 5.6 19.4 3.8
v 8.8 19.5 3.8
v 8.8 19.6 3.8
v 8.8 21.6 3.8
v 8.9 19.5 3.8
v 8.9 19.6 3.8
v 8.9 21.6 3.8
v -6.6 18.4 3.7
v -6.6 18.5 3.7
v -6.6 19.4 3.7
v -6.5 18.4 3.7
v -6.5 18.5 3.7
v -6.5 19.4 3.7
v -4.2 17 3.7
v -4.2 17.7 3.7
v -4.1 17 3.7
v -4.1 17.7 3.7
v -3.6 16.6 3.7
v -3.6 17 3.7
v -3.5 16.6 3.7
v -3.5 17 3.7
v -2.9 16.2 3.7
v -2.9 16.6 3.7
v -2.8 16.2 3.7
v -2.8 16.6 3.7
v -2.1 15.2 3.7
v -2.1 15.3 3.7
v -2.1 16.2 3.7
v -1.9 15.2 3.7
v -1.9 15.3 3.7
v -1.9 16.2 3.7
v 1 15.2 3.7
v 1 15.9 3.7
v 1 16 3.7
v 1 16.2 3.7
v 1.2 15.2 3.7
v 1.2 15.9 3.7
v 1.2 16 3.7
v 1.2 16.2 3.7
v 1.9 16.2 3.7
v 1.9 16.6 3.7
v 2 16.2 3.7
v 2 16.6 3.7
v 2.6 16.6 3.7
v 2.6 17 3.7
v 2.7 16.6 3.7
v 2.7 17 3.7
v 3.2 17 3.7
v 3.2 17.7 3.7
v 3.3 17 3.7
v 3.3 17.7 3.7
v 5.6 18.4 3.7
v 5.6 18.5 3.7
v 5.6 19.4 3.7
v 5.7 18.4 3.7
v 5.7 18.5 3.7
v 5.7 19.4 3.7
v -5.8 17.7 3.6
v -5.8 18.4 3.6
v -5.7 17.7 3.6
v -5.7 18.4 3.6
v -4.3 17 3.6
v -4.3 17.7 3.6
v -4.2 17 3.6
v -4.2 17.7 3.6
v -3.7 16.6 3.6
v -3.7 17 3.6
v -3.6 16.6 3.6
v -3.6 17 3.6
v -3.1 16.2 3.6
v -3.1 16.6 3.6
v -2.9 16.2 3.6
v -2.9 16.6 3.6
v -2.3 15.2 3.6
v -2.3 15.3 3.6
v -2.3 16.2 3.6
v -2.1 15.2 3.6
v -2.1 15.3 3.6
v -2.1 16.2 3.6
v 1.2 15.2 3.6
v 1.2 15.9 3.6
v 1.2 16 3.6
v 1.2 16.2 3.6
v 1.4 15.2 3.6
v 1.4 15.9 3.6
v 1.4 16 3.6
v 1.4 16.2 3.6
v 2 16.2 3.6
v 2 16.6 3.6
v 2.2 16.2 3.6
v 2.2 16.6 3.6
v 2.7 16.6 3.6
v 2.7 17 3.6
v 2.8 16.6 3.6
v 2.8 17 3.6
v 3.3 17 3.6
v 3.3 17.7 3.6
v 3.4 17 3.6
v 3.4 17.7 3.6
v 4.8 17.7 3.6
v 4.8 18.4 3.6
v 4.9 17.7 3.6
v 4.9 18.4 3.6
v -9.9 19.5 3.5
v -9.9 19.6 3.5
v -9.9 21.6 3.5
v -9.8 19.5 3.5
v -9.8 19.6 3.5
v -9.8 21.6 3.5
v -6.7 18.4 3.5
v -6.7 18.5 3.5
v -6.7 19.4 3.5
v -6.6 18.4 3.5
v -6.6 18.5 3.5
v -6.6 19.4 3.5
v -5.9 17.7 3.5
v -5.9 18.4 3.5
v -5.8 17.7 3.5
v -5.8 18.4 3.5
v -4.4 17 3.5
v -4.4 17.7 3.5
v -4.3 17 3.5
v -4.3 17.7 3.5
v -3.8 16.6 3.5
v -3.8 17 3.5
v -3.7 16.6 3.5
v -3.7 17 3.5
v -3.2 16.2 3.5
v -3.2 16.6 3.5
v -3.1 16.2 3.5
v -3.1 16.6 3.5
v -2.5 15.2 3.5
v -2.5 15.3 3.5
v -2.5 16.2 3.5
v -2.3 15.2 3.5
v -2.3 15.3 3.5
v -2.3 16.2 3.5
v 1.4 15.2 3.5
v 1.4 15.9 3.5
v 1.4 16 3.5
v 1.4 16.2 3.5
v 1.6 15.2 3.5
v 1.6 15.9 3.5
v 1.6 16 3.5
v 1.6 16.2 3.5
v 2.2 16.2 3.5
v 2.2 16.6 3.5
v 2.3 16.2 3.5
v 2.3 16.6 3.5
v 2.8 16.6 3.5
v 2.8 17 3.5
v 2.9 16.6 3.5
v 2.9 17 3.5
v 3.4 17 3.5
v 3.4 17.7 3.5
v 3.5 17 3.5
v 3.5 17.7 3.5
v 4.9 17.7 3.5
v 4.9 18.4 3.5
v 5 17.7 3.5
v 5 18.4 3.5
v 5.7 18.4 3.5
v 5.7 18.5 3.5
v 5.7 19.4 3.5
v 5.8 18.4 3.5
v 5.8 19.4 3.5
v 8.9 19.5 3.5
v 8.9 19.6 3.5
v 8.9 21.6 3.5
v 9 19.5 3.5
v 9 19.6 3.5
v 9 21.6 3.5
v -4.5 17 3.4
v -4.5 17.7 3.4
v -4.4 17 3.4
v -4.4 17.7 3.4
v -3.9 16.6 3.4
v -3.9 17 3.4
v -3.8 16.6 3.4
v -3.8 17 3.4
v -3.3 16.2 3.4
v -3.3 16.6 3.4
v -3.2 16.2 3.4
v -3.2 16.6 3.4
v -2.7 15.2 3.4
v -2.7 15.3 3.4
v -2.7 16.2 3.4
v -2.5 15.2 3.4
v -2.5 15.3 3.4
v -2.5 16.2 3.4
v 1.6 15.2 3.4
v 1.6 15.9 3.4
v 1.6 16 3.4
v 1.6 16.2 3.4
v 1.8 15.2 3.4
v 1.8 15.9 3.4
v 1.8 16 3.4
v 1.8 16.2 3.4
v 2.3 16.2 3.4
v 2.3 16.6 3.4
v 2.4 16.2 3.4
v 2.4 16.6 3.4
v 2.9 16.6 3.4
v 2.9 17 3.4
v 3 16.6 3.4
v 3 17 3.4
v 3.5 17 3.4
v 3.5 17.7 3.4
v 3.6 17 3.4
v 3.6 17.7 3.4
v -6.8 18.4 3.3
v -6.8 18.5 3.3
v -6.8 19.4 3.3
v -6.7 18.4 3.3
v -6.7 18.5 3.3
v -6.7 19.4 3.3
v -6 17.7 3.3
v -6 18.4 3.3
v -5.9 17.7 3.3
v -5.9 18.4 3.3
v -4 16.6 3.3
v -4 17 3.3
v -3.9 16.6 3.3
v -3.9 17 3.3
v -3.4 16.2 3.3
v -3.4 16.6 3.3
v -3.3 16.2 3.3
v -3.3 16.6 3.3
v -2.8 15.2 3.3
v -2.8 15.3 3.3
v -2.8 16.2 3.3
v -2.7 15.2 3.3
v -2.7 15.3 3.3
v -2.7 16.2 3.3
v 1.8 15.2 3.3
v 1.8 15.9 3.3
v 1.8 16 3.3
v 1.8 16.2 3.3
v 1.9 15.2 3.3
v 1.9 15.9 3.3
v 1.9 16 3.3
v 1.9 16.2 3.3
v 2.4 16.2 3.3
v 2.4 16.6 3.3
v 2.5 16.2 3.3
v 2.5 16.6 3.3
v 3 16.6 3.3
v 3 17 3.3
v 3.1 16.6 3.3
v 3.1 17 3.3
v 5 17.7 3.3
v 5 18.4 3.3
v 5.1 17.7 3.3
v 5.1 18.4 3.3
v 5.8 18.4 3.3
v 5.8 19.4 3.3
v 5.9 18.4 3.3
v 5.9 19.4 3.3
v -10 19.5 3.2
v -10 19.6 3.2
v -10 21.6 3.2
v -9.9 19.5 3.2
v -9.9 19.6 3.2
v -9.9 21.6 3.2
v -6.1 17.7 3.2
v -6.1 18.4 3.2
v -6 17.7 3.2
v -6 18.4 3.2
v -4.6 17 3.2
v -4.6 17.7 3.2
v -4.5 17 3.2
v -4.5 17.7 3.2
v -4.1 16.6 3.2
v -4.1 17 3.2
v -4 16.6 3.2
v -4 17 3.2
v -3.5 16.2 3.2
v -3.5 16.6 3.2
v -3.4 16.2 3.2
v -3.4 16.6 3.2
v -2.9 15.2 3.2
v -2.9 15.3 3.2
v -2.9 16.2 3.2
v -2.8 15.2 3.2
v -2.8 15.3 3.2
v -2.8 16.2 3.2
v 1.9 15.2 3.2
v 1.9 15.9 3.2
v 1.9 16 3.2
v 1.9 16.2 3.2
v 2 15.2 3.2
v 2 15.9 3.2
v 2 16 3.2
v 2 16.2 3.2
v 2.5 16.2 3.2
v 2.5 16.6 3.2
v 2.6 16.2 3.2
v 2.6 16.6 3.2
v 3.1 16.6 3.2
v 3.1 17 3.2
v 3.2 16.6 3.2
v 3.2 17 3.2
v 3.6 17 3.2
v 3.6 17.7 3.2
v 3.7 17 3.2
v 3.7 17.7 3.2
v 5.1 17.7 3.2
v 5.1 18.4 3.2
v 5.2 17.7 3.2
v 5.2 18.4 3.2
v 9 19.5 3.2
v 9 19.6 3.2
v 9 21.6 3.2
v 9.1 19.5 3.2
v 9.1 19.6 3.2
v 9.1 21.6 3.2
v -6.9 18.4 3.1
v -6.9 18.5 3.1
v -6.9 19.4 3.1
v -6.8 18.4 3.1
v -6.8 18.5 3.1
v -6.8 19.4 3.1
v -4.7 17 3.1
v -4.7 17.7 3.1
v -4.6 17 3.1
v -4.6 17.7 3.1
v -4.2 16.6 3.1
v -4.2 17 3.1
v -4.1 16.6 3.1
v -4.1 17 3.1
v -3.6 16.2 3.1
v -3.6 16.6 3.1
v -3.5 16.2 3.1
v -3.5 16.6 3.1
v -3.1 15.2 3.1
v -3.1 15.3 3.1
v -3.1 16.2 3.1
v -2.9 15.2 3.1
v -2.9 15.3 3.1
v -2.9 16.2 3.1
v 2 15.2 3.1
v 2 15.9 3.1
v 2 16 3.1
v 2 16.2 3.1
v 2.2 15.2 3.1
v 2.2 15.9 3.1
v 2.2 16 3.1
v 2.2 16.2 3.1
v 2.6 16.2 3.1
v 2.6 16.6 3.1
v 2.7 16.2 3.1
v 2.7 16.6 3.1
v 3.2 16.6 3.1
v 3.2 17 3.1
v 3.3 16.6 3.1
v 3.3 17 3.1
v 3.7 17 3.1
v 3.7 17.7 3.1
v 3.8 17 3.1
v 3.8 17.7 3.1
v 5.9 18.4 3.1
v 5.9 18.5 3.1
v 5.9 19.4 3.1
v 6 18.4 3.1
v 6 18.5 3.1
v 6 19.4 3.1
v -6.2 17.7 3
v -6.2 18.4 3
v -6.1 17.7 3
v -6.1 18.4 3
v -4.8 17 3
v -4.8 17.7 3
v -4.7 17 3
v -4.7 17.7 3
v -4.3 16.6 3
v -4.3 17 3
v -4.2 16.6 3
v -4.2 17 3
v -3.7 16.2 3
v -3.7 16.6 3
v -3.6 16.2 3
v -3.6 16.6 3
v -3.2 15.2 3
v -3.2 15.3 3
v -3.2 16.2 3
v -3.1 15.2 3
v -3.1 15.3 3
v -3.1 16.2 3
v 2.2 15.2 3
v 2.2 15.9 3
v 2.2 16 3
v 2.2 16.2 3
v 2.3 15.2 3
v 2.3 15.9 3
v 2.3 16 3
v 2.3 16.2 3
v 2.7 16.2 3
v 2.7 16.6 3
v 2.8 16.2 3
v 2.8 16.6 3
v 3.3 16.6 3
v 3.3 17 3
v 3.4 16.6 3
v 3.4 17 3
v 3.8 17 3
v 3.8 17.7 3
v 3.9 17 3
v 3.9 17.7 3
v 5.2 17.7 3
v 5.2 18.4 3
v 5.3 17.7 3
v 5.3 18.4 3
v -10.1 19.5 2.9
v -10.1 19.6 2.9
v -10.1 21.6 2.9
v -10 19.5 2.9
v -10 19.6 2.9
v -10 21.6 2.9
v -7 18.4 2.9
v -7 18.5 2.9
v -7 19.4 2.9
v -6.9 18.4 2.9
v -6.9 18.5 2.9
v -6.9 19.4 2.9
v -3.8 16.2 2.9
v -3.8 16.6 2.9
v -3.7 16.2 2.9
v -3.7 16.6 2.9
v -3.3 15.2 2.9
v -3.3 15.3 2.9
v -3.3 16.2 2.9
v -3.2 15.2 2.9
v -3.2 15.3 2.9
v -3.2 16.2 2.9
v 2.3 15.2 2.9
v 2.3 15.9 2.9
v 2.3 16 2.9
v 2.3 16.2 2.9
v 2.4 15.2 2.9
v 2.4 15.9 2.9
v 2.4 16 2.9
v 2.4 16.2 2.9
v 2.8 16.2 2.9
v 2.8 16.6 2.9
v 2.9 16.2 2.9
v 2.9 16.6 2.9
v 6 18.4 2.9
v 6 18.5 2.9
v 6 19.4 2.9
v 6.1 18.4 2.9
v 6.1 19.4 2.9
v 9.1 19.5 2.9
v 9.1 19.6 2.9
v 9.1 21.6 2.9
v 9.2 19.5 2.9
v 9.2 19.6 2.9
v 9.2 21.6 2.9
v -6.3 17.7 2.8
v -6.3 18.4 2.8
v -6.2 17.7 2.8
v -6.2 18.4 2.8
v -4.9 17 2.8
v -4.9 17.7 2.8
v -4.8 17 2.8
v -4.8 17.7 2.8
v -4.4 16.6 2.8
v -4.4 17 2.8
v -4.3 16.6 2.8
v -4.3 17 2.8
v -3.9 16.2 2.8
v -3.9 16.6 2.8
v -3.8 16.2 2.8
v -3.8 16.6 2.8
v -3.4 15.2 2.8
v -3.4 15.3 2.8
v -3.4 16.2 2.8
v -3.3 15.2 2.8
v -3.3 15.3 2.8
v -3.3 16.2 2.8
v 2.4 15.2 2.8
v 2.4 15.9 2.8
v 2.4 16 2.8
v 2.4 16.2 2.8
v 2.5 15.2 2.8
v 2.5 15.9 2.8
v 2.5 16 2.8
v 2.5 16.2 2.8
v 2.9 16.2 2.8
v 2.9 16.6 2.8
v 3 16.2 2.8
v 3 16.6 2.8
v 3.4 16.6 2.8
v 3.4 17 2.8
v 3.5 16.6 2.8
v 3.5 17 2.8
v 3.9 17 2.8
v 3.9 17.7 2.8
v 4 17 2.8
v 4 17.7 2.8
v 5.3 17.7 2.8
v 5.3 18.4 2.8
v 5.4 17.7 2.8
v 5.4 18.4 2.8
v -7.1 18.4 2.7
v -7.1 19.4 2.7
v -7 18.4 2.7
v -7 18.5 2.7
v -7 19.4 2.7
v -5 17 2.7
v -5 17.7 2.7
v -4.9 17 2.7
v -4.9 17.7 2.7
v -4.5 16.6 2.7
v -4.5 17 2.7
v -4.4 16.6 2.7
v -4.4 17 2.7
v -4 16.2 2.7
v -4 16.6 2.7
v -3.9 16.2 2.7
v -3.9 16.6 2.7
v -3.5 15.2 2.7
v -3.5 15.3 2.7
v -3.5 16.2 2.7
v -3.4 15.2 2.7
v -3.4 15.3 2.7
v -3.4 16.2 2.7
v 2.5 15.2 2.7
v 2.5 15.9 2.7
v 2.5 16 2.7
v 2.5 16.2 2.7
v 2.6 15.2 2.7
v 2.6 15.9 2.7
v 2.6 16 2.7
v 2.6 16.2 2.7
v 3 16.2 2.7
v 3 16.6 2.7
v 3.1 16.2 2.7
v 3.1 16.6 2.7
v 3.5 16.6 2.7
v 3.5 17 2.7
v 3.6 16.6 2.7
v 3.6 17 2.7
v 4 17 2.7
v 4 17.7 2.7
v 4.1 17 2.7
v 4.1 17.7 2.7
v 6.1 18.4 2.7
v 6.1 18.5 2.7
v 6.1 19.4 2.7
v 6.2 18.4 2.7
v 6.2 18.5 2.7
v 6.2 19.4 2.7
v -10.2 19.5 2.6
v -10.2 19.6 2.6
v -10.2 21.6 2.6
v -10.1 19.5 2.6
v -10.1 19.6 2.6
v -10.1 21.6 2.6
v -6.4 17.7 2.6
v -6.4 18.4 2.6
v -6.3 17.7 2.6
v -6.3 18.4 2.6
v -4.1 16.2 2.6
v -4.1 16.6 2.6
v -4 16.2 2.6
v -4 16.6 2.6
v -3.6 15.2 2.6
v -3.6 15.3 2.6
v -3.6 16.2 2.6
v -3.5 15.2 2.6
v -3.5 15.3 2.6
v -3.5 16.2 2.6
v 2.6 15.2 2.6
v 2.6 15.9 2.6
v 2.6 16 2.6
v 2.6 16.2 2.6
v 2.7 15.2 2.6
v 2.7 15.9 2.6
v 2.7 16 2.6
v 2.7 16.2 2.6
v 3.1 16.2 2.6
v 3.1 16.6 2.6
v 3.2 16.2 2.6
v 3.2 16.6 2.6
v 5.4 17.7 2.6
v 5.4 18.4 2.6
v 5.5 17.7 2.6
v 5.5 18.4 2.6
v 9.2 19.5 2.6
v 9.2 19.6 2.6
v 9.2 21.6 2.6
v 9.3 19.5 2.6
v 9.3 19.6 2.6
v 9.3 21.6 2.6
v -5.1 17 2.5
v -5.1 17.7 2.5
v -5 17 2.5
v -5 17.7 2.5
v -4.6 16.6 2.5
v -4.6 17 2.5
v -4.5 16.6 2.5
v -4.5 17 2.5
v 3.6 16.6 2.5
v 3.6 17 2.5
v 3.7 16.6 2.5
v 3.7 17 2.5
v 4.1 17 2.5
v 4.1 17.7 2.5
v 4.2 17 2.5
v 4.2 17.7 2.5
v -7.2 18.4 2.4
v -7.2 18.5 2.4
v -7.2 19.4 2.4
v -7.1 18.4 2.4
v -7.1 18.5 2.4
v -7.1 19.4 2.4
v -4.7 16.6 2.4
v -4.7 17 2.4
v -4.6 16.6 2.4
v -4.6 17 2.4
v -4.2 16.2 2.4
v -4.2 16.6 2.4
v -4.1 16.2 2.4
v -4.1 16.6 2.4
v -3.7 15.2 2.4
v -3.7 15.3 2.4
v -3.7 16.2 2.4
v -3.6 15.2 2.4
v -3.6 15.3 2.4
v -3.6 16.2 2.4
v 2.7 15.2 2.4
v 2.7 15.9 2.4
v 2.7 16 2.4
v 2.7 16.2 2.4
v 2.8 15.2 2.4
v 2.8 15.9 2.4
v 2.8 16 2.4
v 2.8 16.2 2.4
v 3.2 16.2 2.4
v 3.2 16.6 2.4
v 3.3 16.2 2.4
v 3.3 16.6 2.4
v 3.7 16.6 2.4
v 3.7 17 2.4
v 3.8 16.6 2.4
v 3.8 17 2.4
v 6.2 18.4 2.4
v 6.2 18.5 2.4
v 6.2 19.4 2.4
v 6.3 18.4 2.4
v 6.3 18.5 2.4
v 6.3 19.4 2.4
v -6.5 17.7 2.3
v -6.5 18.4 2.3
v -6.4 17.7 2.3
v -6.4 18.4 2.3
v -5.2 17 2.3
v -5.2 17.7 2.3
v -5.1 17 2.3
v -5.1 17.7 2.3
v -4.3 16.2 2.3
v -4.3 16.6 2.3
v -4.2 16.2 2.3
v -4.2 16.6 2.3
v -3.8 15.2 2.3
v -3.8 15.3 2.3
v -3.8 16.2 2.3
v -3.7 15.2 2.3
v -3.7 15.3 2.3
v -3.7 16.2 2.3
v 2.8 15.2 2.3
v 2.8 15.9 2.3
v 2.8 16 2.3
v 2.8 16.2 2.3
v 2.9 15.2 2.3
v 2.9 15.9 2.3
v 2.9 16 2.3
v 2.9 16.2 2.3
v 3.3 16.2 2.3
v 3.3 16.6 2.3
v 3.4 16.2 2.3
v 3.4 16.6 2.3
v 4.2 17 2.3
v 4.2 17.7 2.3
v 4.3 17 2.3
v 4.3 17.7 2.3
v 5.5 17.7 2.3
v 5.5 18.4 2.3
v 5.6 17.7 2.3
v 5.6 18.4 2.3
v -10.3 19.5 2.2
v -10.3 19.6 2.2
v -10.3 21.6 2.2
v -10.2 19.5 2.2
v -10.2 19.6 2.2
v -10.2 21.6 2.2
v -7.3 18.4 2.2
v -7.3 19.4 2.2
v -7.2 18.4 2.2
v -7.2 18.5 2.2
v -7.2 19.4 2.2
v -4.8 16.6 2.2
v -4.8 17 2.2
v -4.7 16.6 2.2
v -4.7 17 2.2
v -3.9 15.2 2.2
v -3.9 15.3 2.2
v -3.9 16.2 2.2
v -3.8 15.2 2.2
v -3.8 15.3 2.2
v -3.8 16.2 2.2
v 2.9 15.2 2.2
v 2.9 15.9 2.2
v 2.9 16 2.2
v 2.9 16.2 2.2
v 3 15.2 2.2
v 3 15.9 2.2
v 3 16 2.2
v 3 16.2 2.2
v 3.8 16.6 2.2
v 3.8 17 2.2
v 3.9 16.6 2.2
v 3.9 17 2.2
v 6.3 18.4 2.2
v 6.3 18.5 2.2
v 6.3 19.4 2.2
v 6.4 18.4 2.2
v 6.4 19.4 2.2
v 9.3 19.5 2.2
v 9.3 19.6 2.2
v 9.3 21.6 2.2
v 9.4 19.5 2.2
v 9.4 19.6 2.2
v 9.4 21.6 2.2
v -5.3 17 2.1
v -5.3 17.7 2.1
v -5.2 17 2.1
v -5.2 17.7 2.1
v -4.4 16.2 2.1
v -4.4 16.6 2.1
v -4.3 16.2 2.1
v -4.3 16.6 2.1
v 3.4 16.2 2.1
v 3.4 16.6 2.1
v 3.5 16.2 2.1
v 3.5 16.6 2.1
v 4.3 17 2.1
v 4.3 17.7 2.1
v 4.4 17 2.1
v 4.4 17.7 2.1
v -6.6 17.7 2
v -6.6 18.4 2
v -6.5 17.7 2
v -6.5 18.4 2
v -4.9 16.6 2
v -4.9 17 2
v -4.8 16.6 2
v -4.8 17 2
v -4 15.2 2
v -4 15.3 2
v -4 16.2 2
v -3.9 15.2 2
v -3.9 15.3 2
v -3.9 16.2 2
v 3 15.2 2
v 3 15.9 2
v 3 16 2
v 3 16.2 2
v 3.1 15.2 2
v 3.1 15.9 2
v 3.1 16 2
v 3.1 16.2 2
v 3.9 16.6 2
v 3.9 17 2
v 4 16.6 2
v 4 17 2
v 5.6 17.7 2
v 5.6 18.4 2
v 5.7 17.7 2
v 5.7 18.4 2
v -4.5 16.2 1.9
v -4.5 16.6 1.9
v -4.4 16.2 1.9
v -4.4 16.6 1.9
v 3.5 16.2 1.9
v 3.5 16.6 1.9
v 3.6 16.2 1.9
v 3.6 16.6 1.9
v -7.4 18.4 1.8
v -7.4 18.5 1.8
v -7.4 19.4 1.8
v -7.3 18.4 1.8
v -7.3 18.5 1.8
v -7.3 19.4 1.8
v -5.4 17 1.8
v -5.4 17.7 1.8
v -5.3 17 1.8
v -5.3 17.7 1.8
v -5 16.6 1.8
v -5 17 1.8
v -4.9 16.6 1.8
v -4.9 17 1.8
v -4.1 15.2 1.8
v -4.1 15.3 1.8
v -4.1 16.2 1.8
v -4 15.2 1.8
v -4 15.3 1.8
v -4 16.2 1.8
v 3.1 15.2 1.8
v 3.1 15.9 1.8
v 3.1 16 1.8
v 3.1 16.2 1.8
v 3.2 15.2 1.8
v 3.2 15.9 1.8
v 3.2 16 1.8
v 3.2 16.2 1.8
v 4 16.6 1.8
v 4 17 1.8
v 4.1 16.6 1.8
v 4.1 17 1.8
v 4.4 17 1.8
v 4.4 17.7 1.8
v 4.5 17 1.8
v 4.5 17.7 1.8
v 6.4 18.4 1.8
v 6.4 19.4 1.8
v 6.5 18.4 1.8
v 6.5 19.4 1.8
v -10.4 19.5 1.7
v -10.4 19.6 1.7
v -10.4 21.6 1.7
v -10.3 19.5 1.7
v -10.3 19.6 1.7
v -10.3 21.6 1.7
v -6.7 17.7 1.7
v -6.7 18.4 1.7
v -6.6 17.7 1.7
v -6.6 18.4 1.7
v -4.6 16.2 1.7
v -4.6 16.6 1.7
v -4.5 16.2 1.7
v -4.5 16.6 1.7
v 3.6 16.2 1.7
v 3.6 16.6 1.7
v 3.7 16.2 1.7
v 3.7 16.6 1.7
v 5.7 17.7 1.7
v 5.7 18.4 1.7
v 5.8 17.7 1.7
v 5.8 18.4 1.7
v 9.4 19.5 1.7
v 9.4 19.6 1.7
v 9.4 21.6 1.7
v 9.5 19.5 1.7
v 9.5 19.6 1.7
v 9.5 21.6 1.7
v -5.5 17 1.6
v -5.5 17.7 1.6
v -5.4 17 1.6
v -5.4 17.7 1.6
v -4.2 15.2 1.6
v -4.2 15.3 1.6
v -4.2 16.2 1.6
v -4.1 15.2 1.6
v -4.1 15.3 1.6
v -4.1 16.2 1.6
v 3.2 15.2 1.6
v 3.2 15.9 1.6
v 3.2 16 1.6
v 3.2 16.2 1.6
v 3.3 15.2 1.6
v 3.3 15.9 1.6
v 3.3 16 1.6
v 3.3 16.2 1.6
v 4.5 17 1.6
v 4.5 17.7 1.6
v 4.6 17 1.6
v 4.6 17.7 1.6
v -5.1 16.6 1.5
v -5.1 17 1.5
v -5 16.6 1.5
v -5 17 1.5
v 4.1 16.6 1.5
v 4.1 17 1.5
v 4.2 16.6 1.5
v 4.2 17 1.5
v -7.5 18.4 1.4
v -7.5 19.4 1.4
v -7.4 18.4 1.4
v -7.4 18.5 1.4
v -7.4 19.4 1.4
v -4.7 16.2 1.4
v -4.7 16.6 1.4
v -4.6 16.2 1.4
v -4.6 16.6 1.4
v -4.3 15.2 1.4
v -4.3 15.3 1.4
v -4.3 16.2 1.4
v -4.2 15.2 1.4
v -4.2 15.3 1.4
v -4.2 16.2 1.4
v 3.3 15.2 1.4
v 3.3 15.9 1.4
v 3.3 16 1.4
v 3.3 16.2 1.4
v 3.4 15.2 1.4
v 3.4 15.9 1.4
v 3.4 16 1.4
v 3.4 16.2 1.4
v 3.7 16.2 1.4
v 3.7 16.6 1.4
v 3.8 16.2 1.4
v 3.8 16.6 1.4
v 6.5 18.4 1.4
v 6.5 19.4 1.4
v 6.6 18.4 1.4
v 6.6 19.4 1.4
v -6.8 17.7 1.3
v -6.8 18.4 1.3
v -6.7 17.7 1.3
v -6.7 18.4 1.3
v 5.8 17.7 1.3
v 5.8 18.4 1.3
v 5.9 17.7 1.3
v 5.9 18.4 1.3
v -5.6 17 1.2
v -5.6 17.7 1.2
v -5.5 17 1.2
v -5.5 17.7 1.2
v 4.6 17 1.2
v 4.6 17.7 1.2
v 4.7 17 1.2
v 4.7 17.7 1.2
v -5.2 16.6 1.1
v -5.2 17 1.1
v -5.1 16.6 1.1
v -5.1 17 1.1
v -4.8 16.2 1.1
v -4.8 16.6 1.1
v -4.7 16.2 1.1
v -4.7 16.6 1.1
v 3.8 16.2 1.1
v 3.8 16.6 1.1
v 3.9 16.2 1.1
v 3.9 16.6 1.1
v 4.2 16.6 1.1
v 4.2 17 1.1
v 4.3 16.6 1.1
v 4.3 17 1.1
v -10.5 19.5 1
v -10.5 19.6 1
v -10.5 21.6 1
v -10.4 19.5 1
v -10.4 19.6 1
v -10.4 21.6 1
v -4.4 15.2 1
v -4.4 15.3 1
v -4.4 16.2 1
v -4.3 15.2 1
v -4.3 15.3 1
v -4.3 16.2 1
v 3.4 15.2 1
v 3.4 15.9 1
v 3.4 16 1
v 3.4 16.2 1
v 3.5 15.2 1
v 3.5 15.9 1
v 3.5 16 1
v 3.5 16.2 1
v 9.5 19.5 1
v 9.5 19.6 1
v 9.5 21.6 1
v 9.6 19.5 1
v 9.6 19.6 1
v 9.6 21.6 1
v -7.6 18.4 0.8
v -7.6 19.4 0.8
v -7.5 18.4 0.8
v -7.5 19.4 0.8
v -6.9 17.7 0.8
v -6.9 18.4 0.8
v -6.8 17.7 0.8
v -6.8 18.4 0.8
v 5.9 17.7 0.8
v 5.9 18.4 0.8
v 6 17.7 0.8
v 6 18.4 0.8
v 6.6 18.4 0.8
v 6.6 19.4 0.8
v 6.7 18.4 0.8
v 6.7 19.4 0.8
v -5.7 17 0.7
v -5.7 17.7 0.7
v -5.6 17 0.7
v -5.6 17.7 0.7
v 4.7 17 0.7
v 4.7 17.7 0.7
v 4.8 17 0.7
v 4.8 17.7 0.7
v -5.3 16.6 0.6
v -5.3 17 0.6
v -5.2 16.6 0.6
v -5.2 17 0.6
v -4.9 16.2 0.6
v -4.9 16.6 0.6
v -4.8 16.2 0.6
v -4.8 16.6 0.6
v -4.5 15.2 0.6
v -4.5 15.3 0.6
v -4.5 16.2 0.6
v -4.4 15.2 0.6
v -4.4 15.3 0.6
v -4.4 16.2 0.6
v 3.5 15.2 0.6
v 3.5 15.9 0.6
v 3.5 16 0.6
v 3.5 16.2 0.6
v 3.6 15.2 0.6
v 3.6 15.9 0.6
v 3.6 16 0.6
v 3.6 16.2 0.6
v 3.9 16.2 0.6
v 3.9 16.6 0.6
v 4 16.2 0.6
v 4 16.6 0.6
v 4.3 16.6 0.6
v 4.3 17 0.6
v 4.4 16.6 0.6
v 4.4 17 0.6
v -7 19.4 0
v -7 19.5 0
v -6.9 19.4 0
v -6.9 19.5 0
v -5.8 19.4 0
v -5.8 19.5 0
v -0.5 19.4 0
v -0.5 19.5 0
v -0.400001 19.4 0
v -0.400001 19.5 0
v 6.2 19.4 0
v 6.2 19.5 0
v -4.4 15.2 -0.7
v -4.4 15.3 -0.7
v -4.4 15.7 -0.7
v -4.3 15.2 -0.7
v -4.3 15.3 -0.7
v -4.3 15.7 -0.7
v 3.4 15.2 -0.7
v 3.4 15.7 -0.7
v 3.5 15.2 -0.7
v 3.5 15.7 -0.7
v -4.3 15.2 -1.1
v -4.3 15.3 -1.1
v -4.3 15.7 -1.1
v -4.2 15.2 -1.1
v -4.2 15.3 -1.1
v -4.2 15.7 -1.1
v 3.3 15.2 -1.1
v 3.3 15.7 -1.1
v 3.4 15.2 -1.1
v 3.4 15.7 -1.1
v -4.2 15.2 -1.4
v -4.2 15.3 -1.4
v -4.2 15.7 -1.4
v -4.1 15.2 -1.4
v -4.1 15.3 -1.4
v -4.1 15.7 -1.4
v 3.2 15.2 -1.4
v 3.2 15.7 -1.4
v 3.3 15.2 -1.4
v 3.3 15.7 -1.4
v -4.1 15.2 -1.7
v -4.1 15.3 -1.7
v -4.1 15.7 -1.7
v -4 15.2 -1.7
v -4 15.3 -1.7
v -4 15.7 -1.7
v 3.1 15.2 -1.7
v 3.1 15.7 -1.7
v 3.2 15.2 -1.7
v 3.2 15.7 -1.7
v -4 15.2 -1.9
v -4 15.3 -1.9
v -4 15.7 -1.9
v -3.9 15.2 -1.9
v -3.9 15.3 -1.9
v -3.9 15.7 -1.9
v 3 15.2 -1.9
v 3 15.7 -1.9
v 3.1 15.2 -1.9
v 3.1 15.7 -1.9
v -3.9 15.2 -2.1
v -3.9 15.3 -2.1
v -3.9 15.7 -2.1
v -3.8 15.2 -2.1
v -3.8 15.3 -2.1
v -3.8 15.7 -2.1
v 2.9 15.2 -2.1
v 2.9 15.7 -2.1
v 3 15.2 -2.1
v 3 15.7 -2.1
v -3.8 15.2 -2.2
v -3.8 15.3 -2.2
v -3.8 15.7 -2.2
v -3.7 15.2 -2.2
v -3.7 15.3 -2.2
v -3.7 15.7 -2.2
v 2.8 15.2 -2.2
v 2.8 15.7 -2.2
v 2.9 15.2 -2.2
v 2.9 15.7 -2.2
v -3.7 15.2 -2.4
v -3.7 15.3 -2.4
v -3.7 15.7 -2.4
v -3.6 15.2 -2.4
v -3.6 15.3 -2.4
v -3.6 15.7 -2.4
v 2.7 15.2 -2.4
v 2.7 15.7 -2.4
v 2.8 15.2 -2.4
v 2.8 15.7 -2.4
v -3.6 15.2 -2.5
v -3.6 15.3 -2.5
v -3.6 15.7 -2.5
v -3.5 15.2 -2.5
v -3.5 15.3 -2.5
v -3.5 15.7 -2.5
v 2.6 15.2 -2.5
v 2.6 15.7 -2.5
v 2.7 15.2 -2.5
v 2.7 15.7 -2.5
v -3.5 15.2 -2.6
v -3.5 15.3 -2.6
v -3.5 15.7 -2.6
v -3.4 15.2 -2.6
v -3.4 15.3 -2.6
v -3.4 15.7 -2.6
v 2.5 15.2 -2.6
v 2.5 15.7 -2.6
v 2.6 15.2 -2.6
v 2.6 15.7 -2.6
v -3.4 15.2 -2.7
v -3.4 15.3 -2.7
v -3.4 15.7 -2.7
v -3.3 15.2 -2.7
v -3.3 15.3 -2.7
v -3.3 15.7 -2.7
v 2.4 15.2 -2.7
v 2.4 15.7 -2.7
v 2.5 15.2 -2.7
v 2.5 15.7 -2.7
v -3.3 15.2 -2.8
v -3.3 15.3 -2.8
v -3.3 15.7 -2.8
v -3.2 15.2 -2.8
v -3.2 15.3 -2.8
v -3.2 15.7 -2.8
v 2.3 15.2 -2.8
v 2.3 15.7 -2.8
v 2.4 15.2 -2.8
v 2.4 15.7 -2.8
v -3.2 15.2 -2.9
v -3.2 15.3 -2.9
v -3.2 15.7 -2.9
v -3.1 15.2 -2.9
v -3.1 15.3 -2.9
v -3.1 15.7 -2.9
v 2.2 15.2 -2.9
v 2.2 15.7 -2.9
v 2.3 15.2 -2.9
v 2.3 15.7 -2.9
v -3.1 15.2 -3
v -3.1 15.3 -3
v -3.1 15.7 -3
v -3 15.2 -3
v -3 15.3 -3
v -3 15.7 -3
v 2.1 15.2 -3
v 2.1 15.7 -3
v 2.2 15.2 -3
v 2.2 15.7 -3
v -3 15.2 -3.1
v -3 15.3 -3.1
v -3 15.7 -3.1
v -2.9 15.2 -3.1
v -2.9 15.3 -3.1
v -2.9 15.7 -3.1
v 2 15.2 -3.1
v 2 15.7 -3.1
v 2.1 15.2 -3.1
v 2.1 15.7 -3.1
v -2.9 15.2 -3.2
v -2.9 15.3 -3.2
v -2.9 15.7 -3.2
v -2.8 15.2 -3.2
v -2.8 15.3 -3.2
v -2.8 15.7 -3.2
v 1.9 15.2 -3.2
v 1.9 15.7 -3.2
v 2 15.2 -3.2
v 2 15.7 -3.2
v -2.8 15.2 -3.3
v -2.8 15.3 -3.3
v -2.8 15.7 -3.3
v -2.6 15.2 -3.3
v -2.6 15.3 -3.3
v -2.6 15.7 -3.3
v 1.7 15.2 -3.3
v 1.7 15.7 -3.3
v 1.9 15.2 -3.3
v 1.9 15.7 -3.3
v -2.6 15.2 -3.4
v -2.6 15.3 -3.4
v -2.6 15.7 -3.4
v -2.5 15.2 -3.4
v -2.5 15.3 -3.4
v -2.5 15.7 -3.4
v 1.6 15.2 -3.4
v 1.6 15.7 -3.4
v 1.7 15.2 -3.4
v 1.7 15.7 -3.4
v -2.5 15.2 -3.5
v -2.5 15.3 -3.5
v -2.5 15.7 -3.5
v -2.3 15.2 -3.5
v -2.3 15.3 -3.5
v -2.3 15.7 -3.5
v 1.4 15.2 -3.5
v 1.4 15.7 -3.5
v 1.6 15.2 -3.5
v 1.6 15.7 -3.5
v -2.3 15.2 -3.6
v -2.3 15.3 -3.6
v -2.3 15.7 -3.6
v -2.1 15.2 -3.6
v -2.1 15.3 -3.6
v -2.1 15.7 -3.6
v 1.2 15.2 -3.6
v 1.2 15.7 -3.6
v 1.4 15.2 -3.6
v 1.4 15.7 -3.6
v -2.1 15.2 -3.7
v -2.1 15.3 -3.7
v -2.1 15.7 -3.7
v -1.8 15.2 -3.7
v -1.8 15.3 -3.7
v -1.8 15.7 -3.7
v 0.9 15.2 -3.7
v 0.9 15.7 -3.7
v 1.2 15.2 -3.7
v 1.2 15.7 -3.7
v -1.8 15.2 -3.8
v -1.8 15.3 -3.8
v -1.8 15.7 -3.8
v -1.5 15.2 -3.8
v -1.5 15.3 -3.8
v -1.5 15.7 -3.8
v 0.599999 15.2 -3.8
v 0.599999 15.7 -3.8
v 0.9 15.2 -3.8
v 0.9 15.7 -3.8
v -1.5 15.2 -3.9
v -1.5 15.3 -3.9
v -1.5 15.7 -3.9
v -1.1 15.2 -3.9
v -1.1 15.3 -3.9
v -1.1 15.7 -3.9
v 0.2 15.2 -3.9
v 0.2 15.3 -3.9
v 0.2 15.5 -3.9
v 0.2 15.7 -3.9
v 0.3 15.3 -3.9
v 0.3 15.4 -3.9
v 0.3 15.5 -3.9
v 0.3 15.6 -3.9
v 0.4 15.4 -3.9
v 0.4 15.5 -3.9
v 0.4 15.6 -3.9
v 0.4 15.7 -3.9
v 0.5 15.5 -3.9
v 0.5 15.6 -3.9
v 0.599999 15.2 -3.9
v 0.599999 15.6 -3.9
v 0.599999 15.7 -3.9
v -1.1 15.2 -4
v -1.1 15.3 -4
v -1.1 15.7 -4
v -0.900001 15.5 -4
v -0.900001 15.7 -4
v -0.8 15.6 -4
v -0.8 15.7 -4
v -0.6 15.6 -4
v -0.6 15.7 -4
v -0.5 15.6 -4
v -0.5 15.7 -4
v -0.1 15.6 -4
v -0.1 15.7 -4
v 0 15.5 -4
v 0 15.7 -4
v 0.0999994 15.3 -4
v 0.0999994 15.4 -4
v 0.2 15.2 -4
v 0.2 15.3 -4
v 0.2 15.4 -4
v 0.2 15.5 -4
v 0.2 15.7 -4
v -0.5 19.4 -6.5
v -0.5 19.5 -6.5
v -0.400001 19.4 -6.5
v -0.400001 19.5 -6.5
v -1.1 15.2 3.9
v -1.1 15.3 3.9
v -1.1 15.7 3.9
v -0.900001 15.5 3.9
v -0.900001 15.7 3.9
v -0.8 15.6 3.9
v -0.8 15.7 3.9
v -0.1 15.6 3.9
v -0.1 15.7 3.9
v 0 15.5 3.9
v 0 15.7 3.9
v 0.0999994 15.3 3.9
v 0.0999994 15.4 3.9
v 0.2 15.2 3.9
v 0.2 15.3 3.9
v 0.2 15.4 3.9
v 0.2 15.5 3.9
v 0.2 15.7 3.9
v -1.5 15.2 3.8
v -1.5 15.3 3.8
v -1.5 15.7 3.8
v -1.1 15.2 3.8
v -1.1 15.3 3.8
v -1.1 15.7 3.8
v 0.2 15.2 3.8
v 0.2 15.3 3.8
v 0.2 15.5 3.8
v 0.2 15.7 3.8
v 0.3 15.3 3.8
v 0.3 15.4 3.8
v 0.3 15.5 3.8
v 0.3 15.6 3.8
v 0.4 15.4 3.8
v 0.4 15.5 3.8
v 0.4 15.6 3.8
v 0.4 15.7 3.8
v 0.5 15.5 3.8
v 0.5 15.6 3.8
v 0.599999 15.2 3.8
v 0.599999 15.6 3.8
v 0.599999 15.7 3.8
v -1.8 15.2 3.7
v -1.8 15.3 3.7
v -1.8 15.7 3.7
v -1.5 15.2 3.7
v -1.5 15.3 3.7
v -1.5 15.7 3.7
v 0.599999 15.2 3.7
v 0.599999 15.7 3.7
v 0.9 15.2 3.7
v 0.9 15.7 3.7
v -2.1 15.2 3.6
v -2.1 15.3 3.6
v -2.1 15.7 3.6
v -1.8 15.2 3.6
v -1.8 15.3 3.6
v -1.8 15.7 3.6
v 0.9 15.2 3.6
v 0.9 15.7 3.6
v 1.2 15.2 3.6
v 1.2 15.7 3.6
v -2.3 15.2 3.5
v -2.3 15.3 3.5
v -2.3 15.7 3.5
v -2.1 15.2 3.5
v -2.1 15.3 3.5
v -2.1 15.7 3.5
v 1.2 15.2 3.5
v 1.2 15.7 3.5
v 1.4 15.2 3.5
v 1.4 15.7 3.5
v -2.5 15.2 3.4
v -2.5 15.3 3.4
v -2.5 15.7 3.4
v -2.3 15.2 3.4
v -2.3 15.3 3.4
v -2.3 15.7 3.4
v 1.4 15.2 3.4
v 1.4 15.7 3.4
v 1.6 15.2 3.4
v 1.6 15.7 3.4
v -2.6 15.2 3.3
v -2.6 15.3 3.3
v -2.6 15.7 3.3
v -2.5 15.2 3.3
v -2.5 15.3 3.3
v -2.5 15.7 3.3
v 1.6 15.2 3.3
v 1.6 15.7 3.3
v 1.7 15.2 3.3
v 1.7 15.7 3.3
v -2.8 15.2 3.2
v -2.8 15.3 3.2
v -2.8 15.7 3.2
v -2.6 15.2 3.2
v -2.6 15.3 3.2
v -2.6 15.7 3.2
v 1.7 15.2 3.2
v 1.7 15.7 3.2
v 1.9 15.2 3.2
v 1.9 15.7 3.2
v -2.9 15.2 3.1
v -2.9 15.3 3.1
v -2.9 15.7 3.1
v -2.8 15.2 3.1
v -2.8 15.3 3.1
v -2.8 15.7 3.1
v 1.9 15.2 3.1
v 1.9 15.7 3.1
v 2 15.2 3.1
v 2 15.7 3.1
v -3 15.2 3
v -3 15.3 3
v -3 15.7 3
v -2.9 15.2 3
v -2.9 15.3 3
v -2.9 15.7 3
v 2 15.2 3
v 2 15.7 3
v 2.1 15.2 3
v 2.1 15.7 3
v -3.1 15.2 2.9
v -3.1 15.3 2.9
v -3.1 15.7 2.9
v -3 15.2 2.9
v -3 15.3 2.9
v -3 15.7 2.9
v 2.1 15.2 2.9
v 2.1 15.7 2.9
v 2.2 15.2 2.9
v 2.2 15.7 2.9
v -3.2 15.2 2.8
v -3.2 15.3 2.8
v -3.2 15.7 2.8
v -3.1 15.2 2.8
v -3.1 15.3 2.8
v -3.1 15.7 2.8
v 2.2 15.2 2.8
v 2.2 15.7 2.8
v 2.3 15.2 2.8
v 2.3 15.7 2.8
v -3.3 15.2 2.7
v -3.3 15.3 2.7
v -3.3 15.7 2.7
v -3.2 15.2 2.7
v -3.2 15.3 2.7
v -3.2 15.7 2.7
v 2.3 15.2 2.7
v 2.3 15.7 2.7
v 2.4 15.2 2.7
v 2.4 15.7 2.7
v -3.4 15.2 2.6
v -3.4 15.3 2.6
v -3.4 15.7 2.6
v -3.3 15.2 2.6
v -3.3 15.3 2.6
v -3.3 15.7 2.6
v 2.4 15.2 2.6
v 2.4 15.7 2.6
v 2.5 15.2 2.6
v 2.5 15.7 2.6
v -3.5 15.2 2.5
v -3.5 15.3 2.5
v -3.5 15.7 2.5
v -3.4 15.2 2.5
v -3.4 15.3 2.5
v -3.4 15.7 2.5
v 2.5 15.2 2.5
v 2.5 15.7 2.5
v 2.6 15.2 2.5
v 2.6 15.7 2.5
v -3.6 15.2 2.4
v -3.6 15.3 2.4
v -3.6 15.7 2.4
v -3.5 15.2 2.4
v -3.5 15.3 2.4
v -3.5 15.7 2.4
v 2.6 15.2 2.4
v 2.6 15.7 2.4
v 2.7 15.2 2.4
v 2.7 15.7 2.4
v -3.7 15.2 2.3
v -3.7 15.3 2.3
v -3.7 15.7 2.3
v -3.6 15.2 2.3
v -3.6 15.3 2.3
v -3.6 15.7 2.3
v 2.7 15.2 2.3
v 2.7 15.7 2.3
v 2.8 15.2 2.3
v 2.8 15.7 2.3
v -3.8 15.2 2.1
v -3.8 15.3 2.1
v -3.8 15.7 2.1
v -3.7 15.2 2.1
v -3.7 15.3 2.1
v -3.7 15.7 2.1
v 2.8 15.2 2.1
v 2.8 15.7 2.1
v 2.9 15.2 2.1
v 2.9 15.7 2.1
v -3.9 15.2 2
v -3.9 15.3 2
v -3.9 15.7 2
v -3.8 15.2 2
v -3.8 15.3 2
v -3.8 15.7 2
v 2.9 15.2 2
v 2.9 15.7 2
v 3 15.2 2
v 3 15.7 2
v -4 15.2 1.8
v -4 15.3 1.8
v -4 15.7 1.8
v -3.9 15.2 1.8
v -3.9 15.3 1.8
v -3.9 15.7 1.8
v 3 15.2 1.8
v 3 15.7 1.8
v 3.1 15.2 1.8
v 3.1 15.7 1.8
v -4.1 15.2 1.6
v -4.1 15.3 1.6
v -4.1 15.7 1.6
v -4 15.2 1.6
v -4 15.3 1.6
v -4 15.7 1.6
v 3.1 15.2 1.6
v 3.1 15.7 1.6
v 3.2 15.2 1.6
v 3.2 15.7 1.6
v -4.2 15.2 1.3
v -4.2 15.3 1.3
v -4.2 15.7 1.3
v -4.1 15.2 1.3
v -4.1 15.3 1.3
v -4.1 15.7 1.3
v 3.2 15.2 1.3
v 3.2 15.7 1.3
v 3.3 15.2 1.3
v 3.3 15.7 1.3
v -4.3 15.2 1
v -4.3 15.3 1
v -4.3 15.7 1
v -4.2 15.2 1
v -4.2 15.3 1
v -4.2 15.7 1
v 3.3 15.2 1
v 3.3 15.7 1
v 3.4 15.2 1
v 3.4 15.7 1
v -4.4 15.2 0.6
v -4.4 15.3 0.6
v -4.4 15.7 0.6
v -4.3 15.2 0.6
v -4.3 15.3 0.6
v -4.3 15.7 0.6
v 3.4 15.2 0.6
v 3.4 15.7 0.6
v 3.5 15.2 0.6
v 3.5 15.7 0.6
v -7 19.4 -0.0999994
v -7 19.5 -0.0999994
v -6.9 19.4 -0.0999994
v -6.9 19.5 -0.0999994
v -5.8 19.4 -0.0999994
v -5.8 19.5 -0.0999994
v -0.5 19.4 -0.0999994
v -0.5 19.5 -0.0999994
v -0.400001 19.4 -0.0999994
v -0.400001 19.5 -0.0999994
v 6.2 19.4 -0.0999994
v 6.2 19.5 -0.0999994
v -5.3 16.6 -0.7
v -5.3 17 -0.7
v -5.2 16.6 -0.7
v -5.2 17 -0.7
v -4.9 16.2 -0.7
v -4.9 16.6 -0.7
v -4.8 16.2 -0.7
v -4.8 16.6 -0.7
v -4.5 15.2 -0.7
v -4.5 15.3 -0.7
v -4.5 16.2 -0.7
v -4.4 15.2 -0.7
v -4.4 15.3 -0.7
v -4.4 16.2 -0.7
v 3.5 15.2 -0.7
v 3.5 15.9 -0.7
v 3.5 16 -0.7
v 3.5 16.2 -0.7
v 3.6 15.2 -0.7
v 3.6 15.9 -0.7
v 3.6 16 -0.7
v 3.6 16.2 -0.7
v 3.9 16.2 -0.7
v 3.9 16.6 -0.7
v 4 16.2 -0.7
v 4 16.6 -0.7
v 4.3 16.6 -0.7
v 4.3 17 -0.7
v 4.4 16.6 -0.7
v 4.4 17 -0.7
v -5.7 17 -0.8
v -5.7 17.7 -0.8
v -5.6 17 -0.8
v -5.6 17.7 -0.8
v 4.7 17 -0.8
v 4.7 17.7 -0.8
v 4.8 17 -0.8
v 4.8 17.7 -0.8
v -7.6 18.4 -0.9
v -7.6 19.4 -0.9
v -7.5 18.4 -0.9
v -7.5 19.4 -0.9
v -6.9 17.7 -0.9
v -6.9 18.4 -0.9
v -6.8 17.7 -0.9
v -6.8 18.4 -0.9
v 5.9 17.7 -0.9
v 5.9 18.4 -0.9
v 6 17.7 -0.9
v 6 18.4 -0.9
v 6.6 18.4 -0.9
v 6.6 19.4 -0.9
v 6.7 18.4 -0.9
v 6.7 19.4 -0.9
v -10.5 19.5 -1.1
v -10.5 19.6 -1.1
v -10.5 21.6 -1.1
v -10.4 19.5 -1.1
v -10.4 19.6 -1.1
v -10.4 21.6 -1.1
v -4.4 15.2 -1.1
v -4.4 15.3 -1.1
v -4.4 16.2 -1.1
v -4.3 15.2 -1.1
v -4.3 15.3 -1.1
v -4.3 16.2 -1.1
v 3.4 15.2 -1.1
v 3.4 15.9 -1.1
v 3.4 16 -1.1
v 3.4 16.2 -1.1
v 3.5 15.2 -1.1
v 3.5 15.9 -1.1
v 3.5 16 -1.1
v 3.5 16.2 -1.1
v 9.5 19.5 -1.1
v 9.5 19.6 -1.1
v 9.5 21.6 -1.1
v 9.6 19.5 -1.1
v 9.6 19.6 -1.1
v 9.6 21.6 -1.1
v -5.2 16.6 -1.2
v -5.2 17 -1.2
v -5.1 16.6 -1.2
v -5.1 17 -1.2
v -4.8 16.2 -1.2
v -4.8 16.6 -1.2
v -4.7 16.2 -1.2
v -4.7 16.6 -1.2
v 3.8 16.2 -1.2
v 3.8 16.6 -1.2
v 3.9 16.2 -1.2
v 3.9 16.6 -1.2
v 4.2 16.6 -1.2
v 4.2 17 -1.2
v 4.3 16.6 -1.2
v 4.3 17 -1.2
v -5.6 17 -1.3
v -5.6 17.7 -1.3
v -5.5 17 -1.3
v -5.5 17.7 -1.3
v 4.6 17 -1.3
v 4.6 17.7 -1.3
v 4.7 17 -1.3
v 4.7 17.7 -1.3
v -6.8 17.7 -1.4
v -6.8 18.4 -1.4
v -6.7 17.7 -1.4
v -6.7 18.4 -1.4
v 5.8 17.7 -1.4
v 5.8 18.4 -1.4
v 5.9 17.7 -1.4
v 5.9 18.4 -1.4
v -7.5 18.4 -1.5
v -7.5 19.4 -1.5
v -7.4 18.4 -1.5
v -7.4 19.4 -1.5
v -4.7 16.2 -1.5
v -4.7 16.6 -1.5
v -4.6 16.2 -1.5
v -4.6 16.6 -1.5
v -4.3 15.2 -1.5
v -4.3 15.3 -1.5
v -4.3 16.2 -1.5
v -4.2 15.2 -1.5
v -4.2 15.3 -1.5
v -4.2 16.2 -1.5
v 3.3 15.2 -1.5
v 3.3 15.9 -1.5
v 3.3 16 -1.5
v 3.3 16.2 -1.5
v 3.4 15.2 -1.5
v 3.4 15.9 -1.5
v 3.4 16 -1.5
v 3.4 16.2 -1.5
v 3.7 16.2 -1.5
v 3.7 16.6 -1.5
v 3.8 16.2 -1.5
v 3.8 16.6 -1.5
v 6.5 18.4 -1.5
v 6.5 19.4 -1.5
v 6.6 18.4 -1.5
v 6.6 19.4 -1.5
v -5.1 16.6 -1.6
v -5.1 17 -1.6
v -5 16.6 -1.6
v -5 17 -1.6
v 4.1 16.6 -1.6
v 4.1 17 -1.6
v 4.2 16.6 -1.6
v 4.2 17 -1.6
v -5.5 17 -1.7
v -5.5 17.7 -1.7
v -5.4 17 -1.7
v -5.4 17.7 -1.7
v -4.2 15.2 -1.7
v -4.2 15.3 -1.7
v -4.2 16.2 -1.7
v -4.1 15.2 -1.7
v -4.1 15.3 -1.7
v -4.1 16.2 -1.7
v 3.2 15.2 -1.7
v 3.2 15.9 -1.7
v 3.2 16 -1.7
v 3.2 16.2 -1.7
v 3.3 15.2 -1.7
v 3.3 15.9 -1.7
v 3.3 16 -1.7
v 3.3 16.2 -1.7
v 4.5 17 -1.7
v 4.5 17.7 -1.7
v 4.6 17 -1.7
v 4.6 17.7 -1.7
v -10.4 19.5 -1.8
v -10.4 19.6 -1.8
v -10.4 21.6 -1.8
v -10.3 19.5 -1.8
v -10.3 19.6 -1.8
v -10.3 21.6 -1.8
v -6.7 17.7 -1.8
v -6.7 18.4 -1.8
v -6.6 17.7 -1.8
v -6.6 18.4 -1.8
v -4.6 16.2 -1.8
v -4.6 16.6 -1.8
v -4.5 16.2 -1.8
v -4.5 16.6 -1.8
v 3.6 16.2 -1.8
v 3.6 16.6 -1.8
v 3.7 16.2 -1.8
v 3.7 16.6 -1.8
v 5.7 17.7 -1.8
v 5.7 18.4 -1.8
v 5.8 17.7 -1.8
v 5.8 18.4 -1.8
v 9.4 19.5 -1.8
v 9.4 19.6 -1.8
v 9.4 21.6 -1.8
v 9.5 19.5 -1.8
v 9.5 19.6 -1.8
v 9.5 21.6 -1.8
v -7.4 18.4 -1.9
v -7.4 19.4 -1.9
v -7.3 18.4 -1.9
v -7.3 19.4 -1.9
v -5.4 17 -1.9
v -5.4 17.7 -1.9
v -5.3 17 -1.9
v -5.3 17.7 -1.9
v -5 16.6 -1.9
v -5 17 -1.9
v -4.9 16.6 -1.9
v -4.9 17 -1.9
v -4.1 15.2 -1.9
v -4.1 15.3 -1.9
v -4.1 16.2 -1.9
v -4 15.2 -1.9
v -4 15.3 -1.9
v -4 16.2 -1.9
v 3.1 15.2 -1.9
v 3.1 15.9 -1.9
v 3.1 16 -1.9
v 3.1 16.2 -1.9
v 3.2 15.2 -1.9
v 3.2 15.9 -1.9
v 3.2 16 -1.9
v 3.2 16.2 -1.9
v 4 16.6 -1.9
v 4 17 -1.9
v 4.1 16.6 -1.9
v 4.1 17 -1.9
v 4.4 17 -1.9
v 4.4 17.7 -1.9
v 4.5 17 -1.9
v 4.5 17.7 -1.9
v 6.4 18.4 -1.9
v 6.4 18.5 -1.9
v 6.4 19.4 -1.9
v 6.5 18.4 -1.9
v 6.5 19.4 -1.9
v -4.5 16.2 -2
v -4.5 16.6 -2
v -4.4 16.2 -2
v -4.4 16.6 -2
v 3.5 16.2 -2
v 3.5 16.6 -2
v 3.6 16.2 -2
v 3.6 16.6 -2
v -6.6 17.7 -2.1
v -6.6 18.4 -2.1
v -6.5 17.7 -2.1
v -6.5 18.4 -2.1
v -4.9 16.6 -2.1
v -4.9 17 -2.1
v -4.8 16.6 -2.1
v -4.8 17 -2.1
v -4 15.2 -2.1
v -4 15.3 -2.1
v -4 16.2 -2.1
v -3.9 15.2 -2.1
v -3.9 15.3 -2.1
v -3.9 16.2 -2.1
v 3 15.2 -2.1
v 3 15.9 -2.1
v 3 16 -2.1
v 3 16.2 -2.1
v 3.1 15.2 -2.1
v 3.1 15.9 -2.1
v 3.1 16 -2.1
v 3.1 16.2 -2.1
v 3.9 16.6 -2.1
v 3.9 17 -2.1
v 4 16.6 -2.1
v 4 17 -2.1
v 5.6 17.7 -2.1
v 5.6 18.4 -2.1
v 5.7 17.7 -2.1
v 5.7 18.4 -2.1
v -5.3 17 -2.2
v -5.3 17.7 -2.2
v -5.2 17 -2.2
v -5.2 17.7 -2.2
v -4.4 16.2 -2.2
v -4.4 16.6 -2.2
v -4.3 16.2 -2.2
v -4.3 16.6 -2.2
v 3.4 16.2 -2.2
v 3.4 16.6 -2.2
v 3.5 16.2 -2.2
v 3.5 16.6 -2.2
v 4.3 17 -2.2
v 4.3 17.7 -2.2
v 4.4 17 -2.2
v 4.4 17.7 -2.2
v -10.3 19.5 -2.3
v -10.3 19.6 -2.3
v -10.3 21.6 -2.3
v -10.2 19.5 -2.3
v -10.2 19.6 -2.3
v -10.2 21.6 -2.3
v -7.3 18.4 -2.3
v -7.3 19.4 -2.3
v -7.2 18.4 -2.3
v -7.2 18.5 -2.3
v -7.2 19.4 -2.3
v -4.8 16.6 -2.3
v -4.8 17 -2.3
v -4.7 16.6 -2.3
v -4.7 17 -2.3
v -3.9 15.2 -2.3
v -3.9 15.3 -2.3
v -3.9 16.2 -2.3
v -3.8 15.2 -2.3
v -3.8 15.3 -2.3
v -3.8 16.2 -2.3
v 2.9 15.2 -2.3
v 2.9 15.9 -2.3
v 2.9 16 -2.3
v 2.9 16.2 -2.3
v 3 15.2 -2.3
v 3 15.9 -2.3
v 3 16 -2.3
v 3 16.2 -2.3
v 3.8 16.6 -2.3
v 3.8 17 -2.3
v 3.9 16.6 -2.3
v 3.9 17 -2.3
v 6.3 18.4 -2.3
v 6.3 18.5 -2.3
v 6.3 19.4 -2.3
v 6.4 18.4 -2.3
v 6.4 18.5 -2.3
v 6.4 19.4 -2.3
v 9.3 19.5 -2.3
v 9.3 19.6 -2.3
v 9.3 21.6 -2.3
v 9.4 19.5 -2.3
v 9.4 19.6 -2.3
v 9.4 21.6 -2.3
v -6.5 17.7 -2.4
v -6.5 18.4 -2.4
v -6.4 17.7 -2.4
v -6.4 18.4 -2.4
v -5.2 17 -2.4
v -5.2 17.7 -2.4
v -5.1 17 -2.4
v -5.1 17.7 -2.4
v -4.3 16.2 -2.4
v -4.3 16.6 -2.4
v -4.2 16.2 -2.4
v -4.2 16.6 -2.4
v -3.8 15.2 -2.4
v -3.8 15.3 -2.4
v -3.8 16.2 -2.4
v -3.7 15.2 -2.4
v -3.7 15.3 -2.4
v -3.7 16.2 -2.4
v 2.8 15.2 -2.4
v 2.8 15.9 -2.4
v 2.8 16 -2.4
v 2.8 16.2 -2.4
v 2.9 15.2 -2.4
v 2.9 15.9 -2.4
v 2.9 16 -2.4
v 2.9 16.2 -2.4
v 3.3 16.2 -2.4
v 3.3 16.6 -2.4
v 3.4 16.2 -2.4
v 3.4 16.6 -2.4
v 4.2 17 -2.4
v 4.2 17.7 -2.4
v 4.3 17 -2.4
v 4.3 17.7 -2.4
v 5.5 17.7 -2.4
v 5.5 18.4 -2.4
v 5.6 17.7 -2.4
v 5.6 18.4 -2.4
v -7.2 18.4 -2.5
v -7.2 18.5 -2.5
v -7.2 19.4 -2.5
v -7.1 18.4 -2.5
v -7.1 18.5 -2.5
v -7.1 19.4 -2.5
v -4.7 16.6 -2.5
v -4.7 17 -2.5
v -4.6 16.6 -2.5
v -4.6 17 -2.5
v -4.2 16.2 -2.5
v -4.2 16.6 -2.5
v -4.1 16.2 -2.5
v -4.1 16.6 -2.5
v -3.7 15.2 -2.5
v -3.7 15.3 -2.5
v -3.7 16.2 -2.5
v -3.6 15.2 -2.5
v -3.6 15.3 -2.5
v -3.6 16.2 -2.5
v 2.7 15.2 -2.5
v 2.7 15.9 -2.5
v 2.7 16 -2.5
v 2.7 16.2 -2.5
v 2.8 15.2 -2.5
v 2.8 15.9 -2.5
v 2.8 16 -2.5
v 2.8 16.2 -2.5
v 3.2 16.2 -2.5
v 3.2 16.6 -2.5
v 3.3 16.2 -2.5
v 3.3 16.6 -2.5
v 3.7 16.6 -2.5
v 3.7 17 -2.5
v 3.8 16.6 -2.5
v 3.8 17 -2.5
v 6.2 18.4 -2.5
v 6.2 18.5 -2.5
v 6.2 19.4 -2.5
v 6.3 18.4 -2.5
v 6.3 18.5 -2.5
v 6.3 19.4 -2.5
v -5.1 17 -2.6
v -5.1 17.7 -2.6
v -5 17 -2.6
v -5 17.7 -2.6
v -4.6 16.6 -2.6
v -4.6 17 -2.6
v -4.5 16.6 -2.6
v -4.5 17 -2.6
v 3.6 16.6 -2.6
v 3.6 17 -2.6
v 3.7 16.6 -2.6
v 3.7 17 -2.6
v 4.1 17 -2.6
v 4.1 17.7 -2.6
v 4.2 17 -2.6
v 4.2 17.7 -2.6
v -10.2 19.5 -2.7
v -10.2 19.6 -2.7
v -10.2 21.6 -2.7
v -10.1 19.5 -2.7
v -10.1 19.6 -2.7
v -10.1 21.6 -2.7
v -6.4 17.7 -2.7
v -6.4 18.4 -2.7
v -6.3 17.7 -2.7
v -6.3 18.4 -2.7
v -4.1 16.2 -2.7
v -4.1 16.6 -2.7
v -4 16.2 -2.7
v -4 16.6 -2.7
v -3.6 15.2 -2.7
v -3.6 15.3 -2.7
v -3.6 16.2 -2.7
v -3.5 15.2 -2.7
v -3.5 15.3 -2.7
v -3.5 16.2 -2.7
v 2.6 15.2 -2.7
v 2.6 15.9 -2.7
v 2.6 16 -2.7
v 2.6 16.2 -2.7
v 2.7 15.2 -2.7
v 2.7 15.9 -2.7
v 2.7 16 -2.7
v 2.7 16.2 -2.7
v 3.1 16.2 -2.7
v 3.1 16.6 -2.7
v 3.2 16.2 -2.7
v 3.2 16.6 -2.7
v 5.4 17.7 -2.7
v 5.4 18.4 -2.7
v 5.5 17.7 -2.7
v 5.5 18.4 -2.7
v 9.2 19.5 -2.7
v 9.2 19.6 -2.7
v 9.2 21.6 -2.7
v 9.3 19.5 -2.7
v 9.3 19.6 -2.7
v 9.3 21.6 -2.7
v -7.1 18.4 -2.8
v -7.1 19.4 -2.8
v -7 18.4 -2.8
v -7 19.4 -2.8
v -5 17 -2.8
v -5 17.7 -2.8
v -4.9 17 -2.8
v -4.9 17.7 -2.8
v -4.5 16.6 -2.8
v -4.5 17 -2.8
v -4.4 16.6 -2.8
v -4.4 17 -2.8
v -4 16.2 -2.8
v -4 16.6 -2.8
v -3.9 16.2 -2.8
v -3.9 16.6 -2.8
v -3.5 15.2 -2.8
v -3.5 15.3 -2.8
v -3.5 16.2 -2.8
v -3.4 15.2 -2.8
v -3.4 15.3 -2.8
v -3.4 16.2 -2.8
v 2.5 15.2 -2.8
v 2.5 15.9 -2.8
v 2.5 16 -2.8
v 2.5 16.2 -2.8
v 2.6 15.2 -2.8
v 2.6 15.9 -2.8
v 2.6 16 -2.8
v 2.6 16.2 -2.8
v 3 16.2 -2.8
v 3 16.6 -2.8
v 3.1 16.2 -2.8
v 3.1 16.6 -2.8
v 3.5 16.6 -2.8
v 3.5 17 -2.8
v 3.6 16.6 -2.8
v 3.6 17 -2.8
v 4 17 -2.8
v 4 17.7 -2.8
v 4.1 17 -2.8
v 4.1 17.7 -2.8
v 6.1 18.4 -2.8
v 6.1 19.4 -2.8
v 6.2 18.4 -2.8
v 6.2 19.4 -2.8
v -6.3 17.7 -2.9
v -6.3 18.4 -2.9
v -6.2 17.7 -2.9
v -6.2 18.4 -2.9
v -4.9 17 -2.9
v -4.9 17.7 -2.9
v -4.8 17 -2.9
v -4.8 17.7 -2.9
v -4.4 16.6 -2.9
v -4.4 17 -2.9
v -4.3 16.6 -2.9
v -4.3 17 -2.9
v -3.9 16.2 -2.9
v -3.9 16.6 -2.9
v -3.8 16.2 -2.9
v -3.8 16.6 -2.9
v -3.4 15.2 -2.9
v -3.4 15.3 -2.9
v -3.4 16.2 -2.9
v -3.3 15.2 -2.9
v -3.3 15.3 -2.9
v -3.3 16.2 -2.9
v 2.4 15.2 -2.9
v 2.4 15.9 -2.9
v 2.4 16 -2.9
v 2.4 16.2 -2.9
v 2.5 15.2 -2.9
v 2.5 15.9 -2.9
v 2.5 16 -2.9
v 2.5 16.2 -2.9
v 2.9 16.2 -2.9
v 2.9 16.6 -2.9
v 3 16.2 -2.9
v 3 16.6 -2.9
v 3.4 16.6 -2.9
v 3.4 17 -2.9
v 3.5 16.6 -2.9
v 3.5 17 -2.9
v 3.9 17 -2.9
v 3.9 17.7 -2.9
v 4 17 -2.9
v 4 17.7 -2.9
v 5.3 17.7 -2.9
v 5.3 18.4 -2.9
v 5.4 17.7 -2.9
v 5.4 18.4 -2.9
v -10.1 19.5 -3
v -10.1 19.6 -3
v -10.1 21.6 -3
v -10 19.5 -3
v -10 19.6 -3
v -10 21.6 -3
v -7 18.4 -3
v -7 19.4 -3
v -6.9 18.4 -3
v -6.9 18.5 -3
v -6.9 19.4 -3
v -3.8 16.2 -3
v -3.8 16.6 -3
v -3.7 16.2 -3
v -3.7 16.6 -3
v -3.3 15.2 -3
v -3.3 15.3 -3
v -3.3 16.2 -3
v -3.2 15.2 -3
v -3.2 15.3 -3
v -3.2 16.2 -3
v 2.3 15.2 -3
v 2.3 15.9 -3
v 2.3 16 -3
v 2.3 16.2 -3
v 2.4 15.2 -3
v 2.4 15.9 -3
v 2.4 16 -3
v 2.4 16.2 -3
v 2.8 16.2 -3
v 2.8 16.6 -3
v 2.9 16.2 -3
v 2.9 16.6 -3
v 6 18.4 -3
v 6 19.4 -3
v 6.1 18.4 -3
v 6.1 19.4 -3
v 9.1 19.5 -3
v 9.1 19.6 -3
v 9.1 21.6 -3
v 9.2 19.5 -3
v 9.2 19.6 -3
v 9.2 21.6 -3
v -6.2 17.7 -3.1
v -6.2 18.4 -3.1
v -6.1 17.7 -3.1
v -6.1 18.4 -3.1
v -4.8 17 -3.1
v -4.8 17.7 -3.1
v -4.7 17 -3.1
v -4.7 17.7 -3.1
v -4.3 16.6 -3.1
v -4.3 17 -3.1
v -4.2 16.6 -3.1
v -4.2 17 -3.1
v -3.7 16.2 -3.1
v -3.7 16.6 -3.1
v -3.6 16.2 -3.1
v -3.6 16.6 -3.1
v -3.2 15.2 -3.1
v -3.2 15.3 -3.1
v -3.2 16.2 -3.1
v -3.1 15.2 -3.1
v -3.1 15.3 -3.1
v -3.1 16.2 -3.1
v 2.2 15.2 -3.1
v 2.2 15.9 -3.1
v 2.2 16 -3.1
v 2.2 16.2 -3.1
v 2.3 15.2 -3.1
v 2.3 15.9 -3.1
v 2.3 16 -3.1
v 2.3 16.2 -3.1
v 2.7 16.2 -3.1
v 2.7 16.6 -3.1
v 2.8 16.2 -3.1
v 2.8 16.6 -3.1
v 3.3 16.6 -3.1
v 3.3 17 -3.1
v 3.4 16.6 -3.1
v 3.4 17 -3.1
v 3.8 17 -3.1
v 3.8 17.7 -3.1
v 3.9 17 -3.1
v 3.9 17.7 -3.1
v 5.2 17.7 -3.1
v 5.2 18.4 -3.1
v 5.3 17.7 -3.1
v 5.3 18.4 -3.1
v -6.9 18.4 -3.2
v -6.9 18.5 -3.2
v -6.9 19.4 -3.2
v -6.8 18.4 -3.2
v -6.8 18.5 -3.2
v -6.8 19.4 -3.2
v -4.7 17 -3.2
v -4.7 17.7 -3.2
v -4.6 17 -3.2
v -4.6 17.7 -3.2
v -4.2 16.6 -3.2
v -4.2 17 -3.2
v -4.1 16.6 -3.2
v -4.1 17 -3.2
v -3.6 16.2 -3.2
v -3.6 16.6 -3.2
v -3.5 16.2 -3.2
v -3.5 16.6 -3.2
v -3.1 15.2 -3.2
v -3.1 15.3 -3.2
v -3.1 16.2 -3.2
v -2.9 15.2 -3.2
v -2.9 15.3 -3.2
v -2.9 16.2 -3.2
v 2 15.2 -3.2
v 2 15.9 -3.2
v 2 16 -3.2
v 2 16.2 -3.2
v 2.2 15.2 -3.2
v 2.2 15.9 -3.2
v 2.2 16 -3.2
v 2.2 16.2 -3.2
v 2.6 16.2 -3.2
v 2.6 16.6 -3.2
v 2.7 16.2 -3.2
v 2.7 16.6 -3.2
v 3.2 16.6 -3.2
v 3.2 17 -3.2
v 3.3 16.6 -3.2
v 3.3 17 -3.2
v 3.7 17 -3.2
v 3.7 17.7 -3.2
v 3.8 17 -3.2
v 3.8 17.7 -3.2
v 5.9 18.4 -3.2
v 5.9 18.5 -3.2
v 5.9 19.4 -3.2
v 6 18.4 -3.2
v 6 19.4 -3.2
v -10 19.5 -3.3
v -10 19.6 -3.3
v -10 21.6 -3.3
v -9.9 19.5 -3.3
v -9.9 19.6 -3.3
v -9.9 21.6 -3.3
v -6.1 17.7 -3.3
v -6.1 18.4 -3.3
v -6 17.7 -3.3
v -6 18.4 -3.3
v -4.6 17 -3.3
v -4.6 17.7 -3.3
v -4.5 17 -3.3
v -4.5 17.7 -3.3
v -4.1 16.6 -3.3
v -4.1 17 -3.3
v -4 16.6 -3.3
v -4 17 -3.3
v -3.5 16.2 -3.3
v -3.5 16.6 -3.3
v -3.4 16.2 -3.3
v -3.4 16.6 -3.3
v -2.9 15.2 -3.3
v -2.9 15.3 -3.3
v -2.9 16.2 -3.3
v -2.8 15.2 -3.3
v -2.8 15.3 -3.3
v -2.8 16.2 -3.3
v 1.9 15.2 -3.3
v 1.9 15.9 -3.3
v 1.9 16 -3.3
v 1.9 16.2 -3.3
v 2 15.2 -3.3
v 2 15.9 -3.3
v 2 16 -3.3
v 2 16.2 -3.3
v 2.5 16.2 -3.3
v 2.5 16.6 -3.3
v 2.6 16.2 -3.3
v 2.6 16.6 -3.3
v 3.1 16.6 -3.3
v 3.1 17 -3.3
v 3.2 16.6 -3.3
v 3.2 17 -3.3
v 3.6 17 -3.3
v 3.6 17.7 -3.3
v 3.7 17 -3.3
v 3.7 17.7 -3.3
v 5.1 17.7 -3.3
v 5.1 18.4 -3.3
v 5.2 17.7 -3.3
v 5.2 18.4 -3.3
v 9 19.5 -3.3
v 9 19.6 -3.3
v 9 21.6 -3.3
v 9.1 19.5 -3.3
v 9.1 19.6 -3.3
v 9.1 21.6 -3.3
v -6.8 18.4 -3.4
v -6.8 18.5 -3.4
v -6.8 19.4 -3.4
v -6.7 18.4 -3.4
v -6.7 18.5 -3.4
v -6.7 19.4 -3.4
v -6 17.7 -3.4
v -6 18.4 -3.4
v -5.9 17.7 -3.4
v -5.9 18.4 -3.4
v -4 16.6 -3.4
v -4 17 -3.4
v -3.9 16.6 -3.4
v -3.9 17 -3.4
v -3.4 16.2 -3.4
v -3.4 16.6 -3.4
v -3.3 16.2 -3.4
v -3.3 16.6 -3.4
v -2.8 15.2 -3.4
v -2.8 15.3 -3.4
v -2.8 16.2 -3.4
v -2.7 15.2 -3.4
v -2.7 15.3 -3.4
v -2.7 16.2 -3.4
v 1.8 15.2 -3.4
v 1.8 15.9 -3.4
v 1.8 16 -3.4
v 1.8 16.2 -3.4
v 1.9 15.2 -3.4
v 1.9 15.9 -3.4
v 1.9 16 -3.4
v 1.9 16.2 -3.4
v 2.4 16.2 -3.4
v 2.4 16.6 -3.4
v 2.5 16.2 -3.4
v 2.5 16.6 -3.4
v 3 16.6 -3.4
v 3 17 -3.4
v 3.1 16.6 -3.4
v 3.1 17 -3.4
v 5 17.7 -3.4
v 5 18.4 -3.4
v 5.1 17.7 -3.4
v 5.1 18.4 -3.4
v 5.8 18.4 -3.4
v 5.8 18.5 -3.4
v 5.8 19.4 -3.4
v 5.9 18.4 -3.4
v 5.9 18.5 -3.4
v 5.9 19.4 -3.4
v -4.5 17 -3.5
v -4.5 17.7 -3.5
v -4.4 17 -3.5
v -4.4 17.7 -3.5
v -3.9 16.6 -3.5
v -3.9 17 -3.5
v -3.8 16.6 -3.5
v -3.8 17 -3.5
v -3.3 16.2 -3.5
v -3.3 16.6 -3.5
v -3.2 16.2 -3.5
v -3.2 16.6 -3.5
v -2.7 15.2 -3.5
v -2.7 15.3 -3.5
v -2.7 16.2 -3.5
v -2.5 15.2 -3.5
v -2.5 15.3 -3.5
v -2.5 16.2 -3.5
v 1.6 15.2 -3.5
v 1.6 15.9 -3.5
v 1.6 16 -3.5
v 1.6 16.2 -3.5
v 1.8 15.2 -3.5
v 1.8 15.9 -3.5
v 1.8 16 -3.5
v 1.8 16.2 -3.5
v 2.3 16.2 -3.5
v 2.3 16.6 -3.5
v 2.4 16.2 -3.5
v 2.4 16.6 -3.5
v 2.9 16.6 -3.5
v 2.9 17 -3.5
v 3 16.6 -3.5
v 3 17 -3.5
v 3.5 17 -3.5
v 3.5 17.7 -3.5
v 3.6 17 -3.5
v 3.6 17.7 -3.5
v -9.9 19.5 -3.6
v -9.9 19.6 -3.6
v -9.9 21.6 -3.6
v -9.8 19.5 -3.6
v -9.8 19.6 -3.6
v -9.8 21.6 -3.6
v -6.7 18.4 -3.6
v -6.7 19.4 -3.6
v -6.6 18.4 -3.6
v -6.6 19.4 -3.6
v -5.9 17.7 -3.6
v -5.9 18.4 -3.6
v -5.8 17.7 -3.6
v -5.8 18.4 -3.6
v -4.4 17 -3.6
v -4.4 17.7 -3.6
v -4.3 17 -3.6
v -4.3 17.7 -3.6
v -3.8 16.6 -3.6
v -3.8 17 -3.6
v -3.7 16.6 -3.6
v -3.7 17 -3.6
v -3.2 16.2 -3.6
v -3.2 16.6 -3.6
v -3.1 16.2 -3.6
v -3.1 16.6 -3.6
v -2.5 15.2 -3.6
v -2.5 15.3 -3.6
v -2.5 16.2 -3.6
v -2.3 15.2 -3.6
v -2.3 15.3 -3.6
v -2.3 16.2 -3.6
v 1.4 15.2 -3.6
v 1.4 15.9 -3.6
v 1.4 16 -3.6
v 1.4 16.2 -3.6
v 1.6 15.2 -3.6
v 1.6 15.9 -3.6
v 1.6 16 -3.6
v 1.6 16.2 -3.6
v 2.2 16.2 -3.6
v 2.2 16.6 -3.6
v 2.3 16.2 -3.6
v 2.3 16.6 -3.6
v 2.8 16.6 -3.6
v 2.8 17 -3.6
v 2.9 16.6 -3.6
v 2.9 17 -3.6
v 3.4 17 -3.6
v 3.4 17.7 -3.6
v 3.5 17 -3.6
v 3.5 17.7 -3.6
v 4.9 17.7 -3.6
v 4.9 18.4 -3.6
v 5 17.7 -3.6
v 5 18.4 -3.6
v 5.7 18.4 -3.6
v 5.7 18.5 -3.6
v 5.7 19.4 -3.6
v 5.8 18.4 -3.6
v 5.8 18.5 -3.6
v 5.8 19.4 -3.6
v 8.9 19.5 -3.6
v 8.9 19.6 -3.6
v 8.9 21.6 -3.6
v 9 19.5 -3.6
v 9 19.6 -3.6
v 9 21.6 -3.6
v -5.8 17.7 -3.7
v -5.8 18.4 -3.7
v -5.7 17.7 -3.7
v -5.7 18.4 -3.7
v -4.3 17 -3.7
v -4.3 17.7 -3.7
v -4.2 17 -3.7
v -4.2 17.7 -3.7
v -3.7 16.6 -3.7
v -3.7 17 -3.7
v -3.6 16.6 -3.7
v -3.6 17 -3.7
v -3.1 16.2 -3.7
v -3.1 16.6 -3.7
v -2.9 16.2 -3.7
v -2.9 16.6 -3.7
v -2.3 15.2 -3.7
v -2.3 15.3 -3.7
v -2.3 16.2 -3.7
v -2.1 15.2 -3.7
v -2.1 15.3 -3.7
v -2.1 16.2 -3.7
v 1.2 15.2 -3.7
v 1.2 15.9 -3.7
v 1.2 16 -3.7
v 1.2 16.2 -3.7
v 1.4 15.2 -3.7
v 1.4 15.9 -3.7
v 1.4 16 -3.7
v 1.4 16.2 -3.7
v 2 16.2 -3.7
v 2 16.6 -3.7
v 2.2 16.2 -3.7
v 2.2 16.6 -3.7
v 2.7 16.6 -3.7
v 2.7 17 -3.7
v 2.8 16.6 -3.7
v 2.8 17 -3.7
v 3.3 17 -3.7
v 3.3 17.7 -3.7
v 3.4 17 -3.7
v 3.4 17.7 -3.7
v 4.8 17.7 -3.7
v 4.8 18.4 -3.7
v 4.9 17.7 -3.7
v 4.9 18.4 -3.7
v -6.6 18.4 -3.8
v -6.6 19.4 -3.8
v -6.5 18.4 -3.8
v -6.5 18.5 -3.8
v -6.5 19.4 -3.8
v -4.2 17 -3.8
v -4.2 17.7 -3.8
v -4.1 17 -3.8
v -4.1 17.7 -3.8
v -3.6 16.6 -3.8
v -3.6 17 -3.8
v -3.5 16.6 -3.8
v -3.5 17 -3.8
v -2.9 16.2 -3.8
v -2.9 16.6 -3.8
v -2.8 16.2 -3.8
v -2.8 16.6 -3.8
v -2.1 15.2 -3.8
v -2.1 15.3 -3.8
v -2.1 16.2 -3.8
v -1.9 15.2 -3.8
v -1.9 15.3 -3.8
v -1.9 16.2 -3.8
v 1 15.2 -3.8
v 1 15.9 -3.8
v 1 16 -3.8
v 1 16.2 -3.8
v 1.2 15.2 -3.8
v 1.2 15.9 -3.8
v 1.2 16 -3.8
v 1.2 16.2 -3.8
v 1.9 16.2 -3.8
v 1.9 16.6 -3.8
v 2 16.2 -3.8
v 2 16.6 -3.8
v 2.6 16.6 -3.8
v 2.6 17 -3.8
v 2.7 16.6 -3.8
v 2.7 17 -3.8
v 3.2 17 -3.8
v 3.2 17.7 -3.8
v 3.3 17 -3.8
v 3.3 17.7 -3.8
v 5.6 18.4 -3.8
v 5.6 19.4 -3.8
v 5.7 18.4 -3.8
v 5.7 19.4 -3.8
v -9.8 19.5 -3.9
v -9.8 19.6 -3.9
v -9.8 21.6 -3.9
v -9.7 19.5 -3.9
v -9.7 19.6 -3.9
v -9.7 21.6 -3.9
v -6.5 18.4 -3.9
v -6.5 18.5 -3.9
v -6.5 19.4 -3.9
v -6.4 18.4 -3.9
v -6.4 18.5 -3.9
v -6.4 19.4 -3.9
v -5.7 17.7 -3.9
v -5.7 18.4 -3.9
v -5.6 17.7 -3.9
v -5.6 18.4 -3.9
v -4.1 17 -3.9
v -4.1 17.7 -3.9
v -4 17 -3.9
v -4 17.7 -3.9
v -3.5 16.6 -3.9
v -3.5 17 -3.9
v -3.3 16.6 -3.9
v -3.3 17 -3.9
v -2.8 16.2 -3.9
v -2.8 16.6 -3.9
v -2.6 16.2 -3.9
v -2.6 16.6 -3.9
v -1.9 15.2 -3.9
v -1.9 15.3 -3.9
v -1.9 16.2 -3.9
v -1.5 15.2 -3.9
v -1.5 15.3 -3.9
v -1.5 16.2 -3.9
v 0.599999 15.2 -3.9
v 0.599999 15.6 -3.9
v 0.599999 15.7 -3.9
v 0.599999 15.8 -3.9
v 0.599999 15.9 -3.9
v 0.599999 16.2 -3.9
v 0.7 15.7 -3.9
v 0.7 15.8 -3.9
v 0.7 15.9 -3.9
v 0.7 16 -3.9
v 0.8 15.8 -3.9
v 0.8 15.9 -3.9
v 1 15.2 -3.9
v 1 15.9 -3.9
v 1 16 -3.9
v 1 16.2 -3.9
v 1.7 16.2 -3.9
v 1.7 16.6 -3.9
v 1.9 16.2 -3.9
v 1.9 16.6 -3.9
v 2.4 16.6 -3.9
v 2.4 17 -3.9
v 2.6 16.6 -3.9
v 2.6 17 -3.9
v 3.1 17 -3.9
v 3.1 17.7 -3.9
v 3.2 17 -3.9
v 3.2 17.7 -3.9
v 4.7 17.7 -3.9
v 4.7 18.4 -3.9
v 4.8 17.7 -3.9
v 4.8 18.4 -3.9
v 5.5 18.4 -3.9
v 5.5 19.4 -3.9
v 5.6 18.4 -3.9
v 5.6 19.4 -3.9
v 8.8 19.5 -3.9
v 8.8 19.6 -3.9
v 8.8 21.6 -3.9
v 8.9 19.5 -3.9
v 8.9 19.6 -3.9
v 8.9 21.6 -3.9
v -5.6 17.7 -4
v -5.6 18.4 -4
v -5.5 17.7 -4
v -5.5 18.4 -4
v -4 17 -4
v -4 17.7 -4
v -3.9 17 -4
v -3.9 17.7 -4
v -3.3 16.6 -4
v -3.3 17 -4
v -3.2 16.6 -4
v -3.2 17 -4
v -2.6 16.2 -4
v -2.6 16.6 -4
v -2.4 16.2 -4
v -2.4 16.6 -4
v -1.5 15.2 -4
v -1.5 15.3 -4
v -1.5 16.2 -4
v -1.1 15.2 -4
v -1.1 15.3 -4
v -1.1 16.2 -4
v 0.2 15.2 -4
v 0.2 15.3 -4
v 0.2 15.4 -4
v 0.2 15.5 -4
v 0.2 16.2 -4
v 0.3 15.3 -4
v 0.3 15.4 -4
v 0.3 15.5 -4
v 0.3 15.6 -4
v 0.4 15.4 -4
v 0.4 15.5 -4
v 0.4 15.6 -4
v 0.4 15.7 -4
v 0.5 15.5 -4
v 0.5 15.6 -4
v 0.5 15.7 -4
v 0.5 15.8 -4
v 0.599999 15.2 -4
v 0.599999 15.6 -4
v 0.599999 15.8 -4
v 0.599999 16.2 -4
v 1.5 16.2 -4
v 1.5 16.6 -4
v 1.7 16.2 -4
v 1.7 16.6 -4
v 2.3 16.6 -4
v 2.3 17 -4
v 2.4 16.6 -4
v 2.4 17 -4
v 3 17 -4
v 3 17.7 -4
v 3.1 17 -4
v 3.1 17.7 -4
v 4.6 17.7 -4
v 4.6 18.4 -4
v 4.7 17.7 -4
v 4.7 18.4 -4
v -9.7 19.5 -4.1
v -9.7 19.6 -4.1
v -9.7 21.6 -4.1
v -9.6 19.5 -4.1
v -9.6 19.6 -4.1
v -9.6 21.6 -4.1
v -6.4 18.4 -4.1
v -6.4 18.5 -4.1
v -6.4 19.4 -4.1
v -6.3 18.4 -4.1
v -6.3 18.5 -4.1
v -6.3 19.4 -4.1
v -5.5 17.7 -4.1
v -5.5 18.4 -4.1
v -5.4 17.7 -4.1
v -5.4 18.4 -4.1
v -3.9 17 -4.1
v -3.9 17.7 -4.1
v -3.7 17 -4.1
v -3.7 17.7 -4.1
v -3.2 16.6 -4.1
v -3.2 17 -4.1
v -3 16.6 -4.1
v -3 17 -4.1
v -2.4 16.2 -4.1
v -2.4 16.6 -4.1
v -2.2 16.2 -4.1
v -2.2 16.6 -4.1
v -1.1 15.2 -4.1
v -1.1 15.3 -4.1
v -1.1 16.2 -4.1
v -1 15.4 -4.1
v -1 16.1 -4.1
v -0.900001 15.5 -4.1
v -0.900001 16 -4.1
v -0.8 15.6 -4.1
v -0.8 15.7 -4.1
v -0.8 15.8 -4.1
v -0.8 15.9 -4.1
v -0.6 15.6 -4.1
v -0.6 15.7 -4.1
v -0.5 15.6 -4.1
v -0.5 15.7 -4.1
v -0.5 16.2 -4.1
v -0.400001 16.2 -4.1
v -0.1 15.6 -4.1
v -0.1 15.7 -4.1
v -0.1 15.8 -4.1
v -0.1 15.9 -4.1
v 0 15.5 -4.1
v 0 16 -4.1
v 0.0999994 15.3 -4.1
v 0.0999994 15.4 -4.1
v 0.0999994 16.1 -4.1
v 0.2 15.2 -4.1
v 0.2 15.4 -4.1
v 0.2 16.2 -4.1
v 1.3 16.2 -4.1
v 1.3 16.6 -4.1
v 1.5 16.2 -4.1
v 1.5 16.6 -4.1
v 2.1 16.6 -4.1
v 2.1 17 -4.1
v 2.3 16.6 -4.1
v 2.3 17 -4.1
v 2.8 17 -4.1
v 2.8 17.7 -4.1
v 3 17 -4.1
v 3 17.7 -4.1
v 4.5 17.7 -4.1
v 4.5 18.4 -4.1
v 4.6 17.7 -4.1
v 4.6 18.4 -4.1
v 5.4 18.4 -4.1
v 5.4 18.5 -4.1
v 5.4 19.4 -4.1
v 5.5 18.4 -4.1
v 5.5 19.4 -4.1
v 8.7 19.5 -4.1
v 8.7 19.6 -4.1
v 8.7 21.6 -4.1
v 8.8 19.5 -4.1
v 8.8 19.6 -4.1
v 8.8 21.6 -4.1
v -6.3 18.4 -4.2
v -6.3 18.5 -4.2
v -6.3 19.4 -4.2
v -6.2 18.4 -4.2
v -6.2 18.5 -4.2
v -6.2 19.4 -4.2
v -5.4 17.7 -4.2
v -5.4 18.4 -4.2
v -5.3 17.7 -4.2
v -5.3 18.4 -4.2
v -3.7 17 -4.2
v -3.7 17.7 -4.2
v -3.6 17 -4.2
v -3.6 17.7 -4.2
v -3 16.6 -4.2
v -3 17 -4.2
v -2.9 16.6 -4.2
v -2.9 17 -4.2
v -2.2 16.2 -4.2
v -2.2 16.6 -4.2
v -1.9 16.2 -4.2
v -1.9 16.6 -4.2
v -1 15.4 -4.2
v -1 16.1 -4.2
v -0.900001 15.5 -4.2
v -0.900001 16 -4.2
v 0 15.5 -4.2
v 0 16 -4.2
v 0.0999994 15.4 -4.2
v 0.0999994 16.1 -4.2
v 1 16.2 -4.2
v 1 16.6 -4.2
v 1.3 16.2 -4.2
v 1.3 16.6 -4.2
v 2 16.6 -4.2
v 2 17 -4.2
v 2.1 16.6 -4.2
v 2.1 17 -4.2
v 2.7 17 -4.2
v 2.7 17.7 -4.2
v 2.8 17 -4.2
v 2.8 17.7 -4.2
v 4.4 17.7 -4.2
v 4.4 18.4 -4.2
v 4.5 17.7 -4.2
v 4.5 18.4 -4.2
v 5.3 18.4 -4.2
v 5.3 18.5 -4.2
v 5.3 19.4 -4.2
v 5.4 18.4 -4.2
v 5.4 18.5 -4.2
v 5.4 19.4 -4.2
v -9.6 19.5 -4.3
v -9.6 19.6 -4.3
v -9.6 21.6 -4.3
v -9.5 19.5 -4.3
v -9.5 19.6 -4.3
v -9.5 21.6 -4.3
v -3.6 17 -4.3
v -3.6 17.7 -4.3
v -3.5 17 -4.3
v -3.5 17.7 -4.3
v -2.9 16.6 -4.3
v -2.9 17 -4.3
v -2.7 16.6 -4.3
v -2.7 17 -4.3
v -1.9 16.2 -4.3
v -1.9 16.6 -4.3
v -1.6 16.2 -4.3
v -1.6 16.6 -4.3
v 0.7 16.2 -4.3
v 0.7 16.6 -4.3
v 1 16.2 -4.3
v 1 16.6 -4.3
v 1.8 16.6 -4.3
v 1.8 17 -4.3
v 2 16.6 -4.3
v 2 17 -4.3
v 2.6 17 -4.3
v 2.6 17.7 -4.3
v 2.7 17 -4.3
v 2.7 17.7 -4.3
v 8.6 19.5 -4.3
v 8.6 19.6 -4.3
v 8.6 21.6 -4.3
v 8.7 19.5 -4.3
v 8.7 19.6 -4.3
v 8.7 21.6 -4.3
v -6.2 18.4 -4.4
v -6.2 19.4 -4.4
v -6.1 18.4 -4.4
v -6.1 18.5 -4.4
v -6.1 19.4 -4.4
v -5.3 17.7 -4.4
v -5.3 18.4 -4.4
v -5.2 17.7 -4.4
v -5.2 18.4 -4.4
v -3.5 17 -4.4
v -3.5 17.7 -4.4
v -3.3 17 -4.4
v -3.3 17.7 -4.4
v -2.7 16.6 -4.4
v -2.7 17 -4.4
v -2.5 16.6 -4.4
v -2.5 17 -4.4
v -1.6 16.2 -4.4
v -1.6 16.6 -4.4
v -1.1 16.2 -4.4
v -1.1 16.6 -4.4
v 0.2 16.2 -4.4
v 0.2 16.6 -4.4
v 0.7 16.2 -4.4
v 0.7 16.6 -4.4
v 1.6 16.6 -4.4
v 1.6 17 -4.4
v 1.8 16.6 -4.4
v 1.8 17 -4.4
v 2.4 17 -4.4
v 2.4 17.7 -4.4
v 2.6 17 -4.4
v 2.6 17.7 -4.4
v 4.3 17.7 -4.4
v 4.3 18.4 -4.4
v 4.4 17.7 -4.4
v 4.4 18.4 -4.4
v 5.2 18.4 -4.4
v 5.2 18.5 -4.4
v 5.2 19.4 -4.4
v 5.3 18.4 -4.4
v 5.3 18.5 -4.4
v 5.3 19.4 -4.4
v -9.5 19.5 -4.5
v -9.5 19.6 -4.5
v -9.5 21.6 -4.5
v -9.4 19.5 -4.5
v -9.4 19.6 -4.5
v -9.4 21.6 -4.5
v -6.1 18.4 -4.5
v -6.1 18.5 -4.5
v -6.1 19.4 -4.5
v -6 18.4 -4.5
v -6 18.5 -4.5
v -6 19.4 -4.5
v -5.2 17.7 -4.5
v -5.2 18.4 -4.5
v -5.1 17.7 -4.5
v -5.1 18.4 -4.5
v -3.3 17 -4.5
v -3.3 17.7 -4.5
v -3.2 17 -4.5
v -3.2 17.7 -4.5
v -2.5 16.6 -4.5
v -2.5 17 -4.5
v -2.3 16.6 -4.5
v -2.3 17 -4.5
v -1.1 16.2 -4.5
v -1.1 16.6 -4.5
v -0.5 16.2 -4.5
v -0.5 16.6 -4.5
v -0.400001 16.2 -4.5
v -0.400001 16.6 -4.5
v 0.2 16.2 -4.5
v 0.2 16.6 -4.5
v 1.4 16.6 -4.5
v 1.4 17 -4.5
v 1.6 16.6 -4.5
v 1.6 17 -4.5
v 2.3 17 -4.5
v 2.3 17.7 -4.5
v 2.4 17 -4.5
v 2.4 17.7 -4.5
v 4.2 17.7 -4.5
v 4.2 18.4 -4.5
v 4.3 17.7 -4.5
v 4.3 18.4 -4.5
v 5.1 18.4 -4.5
v 5.1 18.5 -4.5
v 5.1 19.4 -4.5
v 5.2 18.4 -4.5
v 5.2 18.5 -4.5
v 5.2 19.4 -4.5
v 8.5 19.5 -4.5
v 8.5 19.6 -4.5
v 8.5 21.6 -4.5
v 8.6 19.5 -4.5
v 8.6 19.6 -4.5
v 8.6 21.6 -4.5
v -6 18.4 -4.6
v -6 18.5 -4.6
v -6 19.4 -4.6
v -5.9 18.4 -4.6
v -5.9 18.5 -4.6
v -5.9 19.4 -4.6
v -5.1 17.7 -4.6
v -5.1 18.4 -4.6
v -5 17.7 -4.6
v -5 18.4 -4.6
v -3.2 17 -4.6
v -3.2 17.7 -4.6
v -3 17 -4.6
v -3 17.7 -4.6
v -2.3 16.6 -4.6
v -2.3 17 -4.6
v -2 16.6 -4.6
v -2 17 -4.6
v 1.1 16.6 -4.6
v 1.1 17 -4.6
v 1.4 16.6 -4.6
v 1.4 17 -4.6
v 2.1 17 -4.6
v 2.1 17.7 -4.6
v 2.3 17 -4.6
v 2.3 17.7 -4.6
v 4.1 17.7 -4.6
v 4.1 18.4 -4.6
v 4.2 17.7 -4.6
v 4.2 18.4 -4.6
v 5 18.4 -4.6
v 5 18.5 -4.6
v 5 19.4 -4.6
v 5.1 18.4 -4.6
v 5.1 19.4 -4.6
v -9.4 19.5 -4.7
v -9.4 19.6 -4.7
v -9.4 21.6 -4.7
v -9.3 19.5 -4.7
v -9.3 19.6 -4.7
v -9.3 21.6 -4.7
v -5.9 18.4 -4.7
v -5.9 19.4 -4.7
v -5.8 18.4 -4.7
v -5.8 19.4 -4.7
v -5 17.7 -4.7
v -5 18.4 -4.7
v -4.9 17.7 -4.7
v -4.9 18.4 -4.7
v -3 17 -4.7
v -3 17.7 -4.7
v -2.8 17 -4.7
v -2.8 17.7 -4.7
v -2 16.6 -4.7
v -2 17 -4.7
v -1.6 16.6 -4.7
v -1.6 17 -4.7
v 0.7 16.6 -4.7
v 0.7 17 -4.7
v 1.1 16.6 -4.7
v 1.1 17 -4.7
v 1.9 17 -4.7
v 1.9 17.7 -4.7
v 2.1 17 -4.7
v 2.1 17.7 -4.7
v 4 17.7 -4.7
v 4 18.4 -4.7
v 4.1 17.7 -4.7
v 4.1 18.4 -4.7
v 4.9 18.4 -4.7
v 4.9 18.5 -4.7
v 4.9 19.4 -4.7
v 5 18.4 -4.7
v 5 18.5 -4.7
v 5 19.4 -4.7
v 8.4 19.5 -4.7
v 8.4 19.6 -4.7
v 8.4 21.6 -4.7
v 8.5 19.5 -4.7
v 8.5 19.6 -4.7
v 8.5 21.6 -4.7
v -5.8 18.4 -4.8
v -5.8 19.4 -4.8
v -5.7 18.4 -4.8
v -5.7 18.5 -4.8
v -5.7 19.4 -4.8
v -4.9 17.7 -4.8
v -4.9 18.4 -4.8
v -4.8 17.7 -4.8
v -4.8 18.4 -4.8
v -2.8 17 -4.8
v -2.8 17.7 -4.8
v -2.6 17 -4.8
v -2.6 17.7 -4.8
v -1.6 16.6 -4.8
v -1.6 17 -4.8
v -1.1 16.6 -4.8
v -1.1 17 -4.8
v 0.2 16.6 -4.8
v 0.2 17 -4.8
v 0.7 16.6 -4.8
v 0.7 17 -4.8
v 1.7 17 -4.8
v 1.7 17.7 -4.8
v 1.9 17 -4.8
v 1.9 17.7 -4.8
v 3.9 17.7 -4.8
v 3.9 18.4 -4.8
v 4 17.7 -4.8
v 4 18.4 -4.8
v 4.8 18.4 -4.8
v 4.8 18.5 -4.8
v 4.8 19.4 -4.8
v 4.9 18.4 -4.8
v 4.9 19.4 -4.8
v -9.3 19.5 -4.9
v -9.3 19.6 -4.9
v -9.3 21.6 -4.9
v -9.2 19.5 -4.9
v -9.2 19.6 -4.9
v -9.2 21.6 -4.9
v -4.8 17.7 -4.9
v -4.8 18.4 -4.9
v -4.6 17.7 -4.9
v -4.6 18.4 -4.9
v -2.6 17 -4.9
v -2.6 17.7 -4.9
v -2.3 17 -4.9
v -2.3 17.7 -4.9
v -1.1 16.6 -4.9
v -1.1 17 -4.9
v -0.5 16.6 -4.9
v -0.5 17 -4.9
v -0.400001 16.6 -4.9
v -0.400001 17 -4.9
v 0.2 16.6 -4.9
v 0.2 17 -4.9
v 1.4 17 -4.9
v 1.4 17.7 -4.9
v 1.7 17 -4.9
v 1.7 17.7 -4.9
v 3.7 17.7 -4.9
v 3.7 18.4 -4.9
v 3.9 17.7 -4.9
v 3.9 18.4 -4.9
v 8.3 19.5 -4.9
v 8.3 19.6 -4.9
v 8.3 21.6 -4.9
v 8.4 19.5 -4.9
v 8.4 19.6 -4.9
v 8.4 21.6 -4.9
v -5.7 18.4 -5
v -5.7 19.4 -5
v -5.6 18.4 -5
v -5.6 18.5 -5
v -5.6 19.4 -5
v -4.6 17.7 -5
v -4.6 18.4 -5
v -4.5 17.7 -5
v -4.5 18.4 -5
v -2.3 17 -5
v -2.3 17.7 -5
v -2.1 17 -5
v -2.1 17.7 -5
v 1.2 17 -5
v 1.2 17.7 -5
v 1.4 17 -5
v 1.4 17.7 -5
v 3.6 17.7 -5
v 3.6 18.4 -5
v 3.7 17.7 -5
v 3.7 18.4 -5
v 4.7 18.4 -5
v 4.7 18.5 -5
v 4.7 19.4 -5
v 4.8 18.4 -5
v 4.8 18.5 -5
v 4.8 19.4 -5
v -9.2 19.5 -5.1
v -9.2 19.6 -5.1
v -9.2 21.6 -5.1
v -9.1 19.5 -5.1
v -9.1 19.6 -5.1
v -9.1 21.6 -5.1
v -5.6 18.4 -5.1
v -5.6 18.5 -5.1
v -5.6 19.4 -5.1
v -5.5 18.4 -5.1
v -5.5 18.5 -5.1
v -5.5 19.4 -5.1
v -4.5 17.7 -5.1
v -4.5 18.4 -5.1
v -4.4 17.7 -5.1
v -4.4 18.4 -5.1
v -2.1 17 -5.1
v -2.1 17.7 -5.1
v -1.7 17 -5.1
v -1.7 17.7 -5.1
v 0.8 17 -5.1
v 0.8 17.7 -5.1
v 1.2 17 -5.1
v 1.2 17.7 -5.1
v 3.5 17.7 -5.1
v 3.5 18.4 -5.1
v 3.6 17.7 -5.1
v 3.6 18.4 -5.1
v 4.6 18.4 -5.1
v 4.6 19.4 -5.1
v 4.7 18.4 -5.1
v 4.7 19.4 -5.1
v 8.2 19.5 -5.1
v 8.2 19.6 -5.1
v 8.2 21.6 -5.1
v 8.3 19.5 -5.1
v 8.3 19.6 -5.1
v 8.3 21.6 -5.1
v -5.5 18.4 -5.2
v -5.5 18.5 -5.2
v -5.5 19.4 -5.2
v -5.4 18.4 -5.2
v -5.4 18.5 -5.2
v -5.4 19.4 -5.2
v -4.4 17.7 -5.2
v -4.4 18.4 -5.2
v -4.3 17.7 -5.2
v -4.3 18.4 -5.2
v -1.7 17 -5.2
v -1.7 17.7 -5.2
v -1.2 17 -5.2
v -1.2 17.7 -5.2
v 0.3 17 -5.2
v 0.3 17.7 -5.2
v 0.8 17 -5.2
v 0.8 17.7 -5.2
v 3.4 17.7 -5.2
v 3.4 18.4 -5.2
v 3.5 17.7 -5.2
v 3.5 18.4 -5.2
v 4.5 18.4 -5.2
v 4.5 18.5 -5.2
v 4.5 19.4 -5.2
v 4.6 18.4 -5.2
v 4.6 19.4 -5.2
v -9.1 19.5 -5.3
v -9.1 19.6 -5.3
v -9.1 21.6 -5.3
v -9 19.5 -5.3
v -9 19.6 -5.3
v -9 21.6 -5.3
v -5.4 18.4 -5.3
v -5.4 19.4 -5.3
v -5.2 18.4 -5.3
v -5.2 19.4 -5.3
v -4.3 17.7 -5.3
v -4.3 18.4 -5.3
v -4.1 17.7 -5.3
v -4.1 18.4 -5.3
v -1.2 17 -5.3
v -1.2 17.7 -5.3
v -0.5 17 -5.3
v -0.5 17.7 -5.3
v -0.400001 17 -5.3
v -0.400001 17.7 -5.3
v 0.3 17 -5.3
v 0.3 17.7 -5.3
v 3.2 17.7 -5.3
v 3.2 18.4 -5.3
v 3.4 17.7 -5.3
v 3.4 18.4 -5.3
v 4.3 18.4 -5.3
v 4.3 18.5 -5.3
v 4.3 19.4 -5.3
v 4.5 18.4 -5.3
v 4.5 18.5 -5.3
v 4.5 19.4 -5.3
v 8.1 19.5 -5.3
v 8.1 19.6 -5.3
v 8.1 21.6 -5.3
v 8.2 19.5 -5.3
v 8.2 19.6 -5.3
v 8.2 21.6 -5.3
v -9 19.5 -5.4
v -9 19.6 -5.4
v -9 21.6 -5.4
v -8.9 19.5 -5.4
v -8.9 19.6 -5.4
v -8.9 21.6 -5.4
v -5.2 18.4 -5.4
v -5.2 19.4 -5.4
v -5.1 18.4 -5.4
v -5.1 18.5 -5.4
v -5.1 19.4 -5.4
v -4.1 17.7 -5.4
v -4.1 18.4 -5.4
v -4 17.7 -5.4
v -4 18.4 -5.4
v 3.1 17.7 -5.4
v 3.1 18.4 -5.4
v 3.2 17.7 -5.4
v 3.2 18.4 -5.4
v 4.2 18.4 -5.4
v 4.2 19.4 -5.4
v 4.3 18.4 -5.4
v 4.3 19.4 -5.4
v 8 19.5 -5.4
v 8 19.6 -5.4
v 8 21.6 -5.4
v 8.1 19.5 -5.4
v 8.1 19.6 -5.4
v 8.1 21.6 -5.4
v -5.1 18.4 -5.5
v -5.1 18.5 -5.5
v -5.1 19.4 -5.5
v -5 18.4 -5.5
v -5 18.5 -5.5
v -5 19.4 -5.5
v -4 17.7 -5.5
v -4 18.4 -5.5
v -3.8 17.7 -5.5
v -3.8 18.4 -5.5
v 2.9 17.7 -5.5
v 2.9 18.4 -5.5
v 3.1 17.7 -5.5
v 3.1 18.4 -5.5
v 4.1 18.4 -5.5
v 4.1 19.4 -5.5
v 4.2 18.4 -5.5
v 4.2 19.4 -5.5
v -8.9 19.5 -5.6
v -8.9 19.6 -5.6
v -8.9 21.6 -5.6
v -8.8 19.5 -5.6
v -8.8 19.6 -5.6
v -8.8 21.6 -5.6
v -5 18.4 -5.6
v -5 18.5 -5.6
v -5 19.4 -5.6
v -4.9 18.4 -5.6
v -4.9 18.5 -5.6
v -4.9 19.4 -5.6
v -3.8 17.7 -5.6
v -3.8 18.4 -5.6
v -3.7 17.7 -5.6
v -3.7 18.4 -5.6
v 2.8 17.7 -5.6
v 2.8 18.4 -5.6
v 2.9 17.7 -5.6
v 2.9 18.4 -5.6
v 4 18.4 -5.6
v 4 18.5 -5.6
v 4 19.4 -5.6
v 4.1 18.4 -5.6
v 4.1 19.4 -5.6
v 7.9 19.5 -5.6
v 7.9 19.6 -5.6
v 7.9 21.6 -5.6
v 8 19.5 -5.6
v 8 19.6 -5.6
v 8 21.6 -5.6
v -8.8 19.5 -5.7
v -8.8 19.6 -5.7
v -8.8 21.6 -5.7
v -8.7 19.5 -5.7
v -8.7 19.6 -5.7
v -8.7 21.6 -5.7
v -4.9 18.4 -5.7
v -4.9 19.4 -5.7
v -4.8 18.4 -5.7
v -4.8 19.4 -5.7
v -3.7 17.7 -5.7
v -3.7 18.4 -5.7
v -3.5 17.7 -5.7
v -3.5 18.4 -5.7
v 2.6 17.7 -5.7
v 2.6 18.4 -5.7
v 2.8 17.7 -5.7
v 2.8 18.4 -5.7
v 3.9 18.4 -5.7
v 3.9 18.5 -5.7
v 3.9 19.4 -5.7
v 4 18.4 -5.7
v 4 18.5 -5.7
v 4 19.4 -5.7
v 7.8 19.5 -5.7
v 7.8 19.6 -5.7
v 7.8 21.6 -5.7
v 7.9 19.5 -5.7
v 7.9 19.6 -5.7
v 7.9 21.6 -5.7
v -4.8 18.4 -5.8
v -4.8 19.4 -5.8
v -4.6 18.4 -5.8
v -4.6 18.5 -5.8
v -4.6 19.4 -5.8
v -3.5 17.7 -5.8
v -3.5 18.4 -5.8
v -3.3 17.7 -5.8
v -3.3 18.4 -5.8
v 2.4 17.7 -5.8
v 2.4 18.4 -5.8
v 2.6 17.7 -5.8
v 2.6 18.4 -5.8
v 3.7 18.4 -5.8
v 3.7 18.5 -5.8
v 3.7 19.4 -5.8
v 3.9 18.4 -5.8
v 3.9 18.5 -5.8
v 3.9 19.4 -5.8
v -8.7 19.5 -5.9
v -8.7 19.6 -5.9
v -8.7 21.6 -5.9
v -8.6 19.5 -5.9
v -8.6 19.6 -5.9
v -8.6 21.6 -5.9
v -4.6 18.4 -5.9
v -4.6 18.5 -5.9
v -4.6 19.4 -5.9
v -4.5 18.4 -5.9
v -4.5 18.5 -5.9
v -4.5 19.4 -5.9
v -3.3 17.7 -5.9
v -3.3 18.4 -5.9
v -3.1 17.7 -5.9
v -3.1 18.4 -5.9
v -0.5 19.4 -5.9
v -0.5 19.5 -5.9
v -0.400001 19.4 -5.9
v -0.400001 19.5 -5.9
v 2.2 17.7 -5.9
v 2.2 18.4 -5.9
v 2.4 17.7 -5.9
v 2.4 18.4 -5.9
v 3.6 18.4 -5.9
v 3.6 18.5 -5.9
v 3.6 19.4 -5.9
v 3.7 18.4 -5.9
v 3.7 18.5 -5.9
v 3.7 19.4 -5.9
v 7.7 19.5 -5.9
v 7.7 19.6 -5.9
v 7.7 21.6 -5.9
v 7.8 19.5 -5.9
v 7.8 19.6 -5.9
v 7.8 21.6 -5.9
v -8.6 19.5 -6
v -8.6 19.6 -6
v -8.6 21.6 -6
v -8.5 19.5 -6
v -8.5 19.6 -6
v -8.5 21.6 -6
v -4.5 18.4 -6
v -4.5 18.5 -6
v -4.5 19.4 -6
v -4.3 18.4 -6
v -4.3 18.5 -6
v -4.3 19.4 -6
v -3.1 17.7 -6
v -3.1 18.4 -6
v -2.8 17.7 -6
v -2.8 18.4 -6
v 1.9 17.7 -6
v 1.9 18.4 -6
v 2.2 17.7 -6
v 2.2 18.4 -6
v 3.4 18.4 -6
v 3.4 18.5 -6
v 3.4 19.4 -6
v 3.6 18.4 -6
v 3.6 18.5 -6
v 3.6 19.4 -6
v 7.6 19.5 -6
v 7.6 19.6 -6
v 7.6 21.6 -6
v 7.7 19.5 -6
v 7.7 19.6 -6
v 7.7 21.6 -6
v -8.5 19.5 -6.1
v -8.5 19.6 -6.1
v -8.5 21.6 -6.1
v -8.4 19.5 -6.1
v -8.4 19.6 -6.1
v -8.4 21.6 -6.1
v -4.3 18.4 -6.1
v -4.3 18.5 -6.1
v -4.3 19.4 -6.1
v -4.2 18.4 -6.1
v -4.2 18.5 -6.1
v -4.2 19.4 -6.1
v -2.8 17.7 -6.1
v -2.8 18.4 -6.1
v -2.5 17.7 -6.1
v -2.5 18.4 -6.1
v 1.6 17.7 -6.1
v 1.6 18.4 -6.1
v 1.9 17.7 -6.1
v 1.9 18.4 -6.1
v 3.3 18.4 -6.1
v 3.3 19.4 -6.1
v 3.4 18.4 -6.1
v 3.4 19.4 -6.1
v 7.5 19.5 -6.1
v 7.5 19.6 -6.1
v 7.5 21.6 -6.1
v 7.6 19.5 -6.1
v 7.6 19.6 -6.1
v 7.6 21.6 -6.1
v -4.2 18.4 -6.2
v -4.2 19.4 -6.2
v -4 18.4 -6.2
v -4 19.4 -6.2
v -2.5 17.7 -6.2
v -2.5 18.4 -6.2
v -2.2 17.7 -6.2
v -2.2 18.4 -6.2
v 1.3 17.7 -6.2
v 1.3 18.4 -6.2
v 1.6 17.7 -6.2
v 1.6 18.4 -6.2
v 3.1 18.4 -6.2
v 3.1 19.4 -6.2
v 3.3 18.4 -6.2
v 3.3 19.4 -6.2
v -8.4 19.5 -6.3
v -8.4 19.6 -6.3
v -8.4 21.6 -6.3
v -8.3 19.5 -6.3
v -8.3 19.6 -6.3
v -8.3 21.6 -6.3
v -4 18.4 -6.3
v -4 19.4 -6.3
v -3.8 18.4 -6.3
v -3.8 19.4 -6.3
v -2.2 17.7 -6.3
v -2.2 18.4 -6.3
v -1.8 17.7 -6.3
v -1.8 18.4 -6.3
v 0.9 17.7 -6.3
v 0.9 18.4 -6.3
v 1.3 17.7 -6.3
v 1.3 18.4 -6.3
v 2.9 18.4 -6.3
v 2.9 18.5 -6.3
v 2.9 19.4 -6.3
v 3.1 18.4 -6.3
v 3.1 19.4 -6.3
v 7.4 19.5 -6.3
v 7.4 19.6 -6.3
v 7.4 21.6 -6.3
v 7.5 19.5 -6.3
v 7.5 19.6 -6.3
v 7.5 21.6 -6.3
v -8.3 19.5 -6.4
v -8.3 19.6 -6.4
v -8.3 21.6 -6.4
v -8.2 19.5 -6.4
v -8.2 19.6 -6.4
v -8.2 21.6 -6.4
v -3.8 18.4 -6.4
v -3.8 19.4 -6.4
v -3.6 18.4 -6.4
v -3.6 19.4 -6.4
v -1.8 17.7 -6.4
v -1.8 18.4 -6.4
v -1.3 17.7 -6.4
v -1.3 18.4 -6.4
v 0.4 17.7 -6.4
v 0.4 18.4 -6.4
v 0.9 17.7 -6.4
v 0.9 18.4 -6.4
v 2.7 18.4 -6.4
v 2.7 18.5 -6.4
v 2.7 19.4 -6.4
v 2.9 18.4 -6.4
v 2.9 18.5 -6.4
v 2.9 19.4 -6.4
v 7.3 19.5 -6.4
v 7.3 19.6 -6.4
v 7.3 21.6 -6.4
v 7.4 19.5 -6.4
v 7.4 19.6 -6.4
v 7.4 21.6 -6.4
v -8.2 19.5 -6.5
v -8.2 19.6 -6.5
v -8.2 21.6 -6.5
v -8.1 19.5 -6.5
v -8.1 19.6 -6.5
v -8.1 21.6 -6.5
v -3.6 18.4 -6.5
v -3.6 19.4 -6.5
v -3.5 18.5 -6.5
v -3.5 19.4 -6.5
v -3.4 18.4 -6.5
v -3.4 18.5 -6.5
v -3.4 19.4 -6.5
v -1.3 17.7 -6.5
v -1.3 18.4 -6.5
v -0.5 17.7 -6.5
v -0.5 18.4 -6.5
v -0.400001 17.7 -6.5
v -0.400001 18.4 -6.5
v 0.4 17.7 -6.5
v 0.4 18.4 -6.5
v 2.5 18.4 -6.5
v 2.5 18.5 -6.5
v 2.5 19.4 -6.5
v 2.7 18.4 -6.5
v 2.7 19.4 -6.5
v 7.2 19.5 -6.5
v 7.2 19.6 -6.5
v 7.2 21.6 -6.5
v 7.3 19.5 -6.5
v 7.3 19.6 -6.5
v 7.3 21.6 -6.5
v -8.1 19.5 -6.6
v -8.1 19.6 -6.6
v -8.1 21.6 -6.6
v -8 19.5 -6.6
v -8 19.6 -6.6
v -8 21.6 -6.6
v -3.4 18.4 -6.6
v -3.4 19.4 -6.6
v -3.2 18.4 -6.6
v -3.2 18.5 -6.6
v -3.2 19.4 -6.6
v -0.5 19.4 -6.6
v -0.5 19.5 -6.6
v -0.400001 19.4 -6.6
v -0.400001 19.5 -6.6
v 2.3 18.4 -6.6
v 2.3 18.5 -6.6
v 2.3 19.4 -6.6
v 2.5 18.4 -6.6
v 2.5 18.5 -6.6
v 2.5 19.4 -6.6
v 7.1 19.5 -6.6
v 7.1 19.6 -6.6
v 7.1 21.6 -6.6
v 7.2 19.5 -6.6
v 7.2 19.6 -6.6
v 7.2 21.6 -6.6
v -8 19.5 -6.7
v -8 19.6 -6.7
v -8 21.6 -6.7
v -7.9 19.5 -6.7
v -7.9 19.6 -6.7
v -7.9 21.6 -6.7
v -3.2 18.4 -6.7
v -3.2 18.5 -6.7
v -3.2 19.4 -6.7
v -2.9 18.4 -6.7
v -2.9 18.5 -6.7
v -2.9 19.4 -6.7
v 2 18.4 -6.7
v 2 19.4 -6.7
v 2.3 18.4 -6.7
v 2.3 19.4 -6.7
v 7 19.5 -6.7
v 7 19.6 -6.7
v 7 21.6 -6.7
v 7.1 19.5 -6.7
v 7.1 19.6 -6.7
v 7.1 21.6 -6.7
v -2.9 18.4 -6.8
v -2.9 18.5 -6.8
v -2.9 19.4 -6.8
v -2.7 18.4 -6.8
v -2.7 18.5 -6.8
v -2.7 19.4 -6.8
v 1.8 18.4 -6.8
v 1.8 19.4 -6.8
v 2 18.4 -6.8
v 2 19.4 -6.8
v -7.9 19.5 -6.9
v -7.9 19.6 -6.9
v -7.9 21.6 -6.9
v -7.8 19.5 -6.9
v -7.8 19.6 -6.9
v -7.8 21.6 -6.9
v -2.7 18.4 -6.9
v -2.7 19.4 -6.9
v -2.3 18.4 -6.9
v -2.3 19.4 -6.9
v 1.4 18.4 -6.9
v 1.4 19.4 -6.9
v 1.8 18.4 -6.9
v 1.8 19.4 -6.9
v 6.9 19.5 -6.9
v 6.9 19.6 -6.9
v 6.9 21.6 -6.9
v 7 19.5 -6.9
v 7 19.6 -6.9
v 7 21.6 -6.9
v -7.8 19.5 -7
v -7.8 19.6 -7
v -7.8 21.6 -7
v -7.7 19.5 -7
v -7.7 19.6 -7
v -7.7 21.6 -7
v -2.3 18.4 -7
v -2.3 19.4 -7
v -1.9 18.4 -7
v -1.9 19.4 -7
v 1 18.4 -7
v 1 19.4 -7
v 1.4 18.4 -7
v 1.4 19.4 -7
v 6.8 19.5 -7
v 6.8 19.6 -7
v 6.8 21.6 -7
v 6.9 19.5 -7
v 6.9 19.6 -7
v 6.9 21.6 -7
v -7.7 19.5 -7.1
v -7.7 19.6 -7.1
v -7.7 21.6 -7.1
v -7.6 19.5 -7.1
v -7.6 19.6 -7.1
v -7.6 21.6 -7.1
v -1.9 18.4 -7.1
v -1.9 19.4 -7.1
v -1.3 18.4 -7.1
v -1.3 19.4 -7.1
v 0.4 18.4 -7.1
v 0.4 19.4 -7.1
v 1 18.4 -7.1
v 1 19.4 -7.1
v 6.7 19.5 -7.1
v 6.7 19.6 -7.1
v 6.7 21.6 -7.1
v 6.8 19.5 -7.1
v 6.8 19.6 -7.1
v 6.8 21.6 -7.1
v -7.6 19.5 -7.2
v -7.6 19.6 -7.2
v -7.6 21.6 -7.2
v -7.5 19.5 -7.2
v -7.5 19.6 -7.2
v -7.5 21.6 -7.2
v -1.3 18.4 -7.2
v -1.3 19.4 -7.2
v -0.5 18.4 -7.2
v -0.5 19.4 -7.2
v -0.400001 18.4 -7.2
v -0.400001 19.4 -7.2
v 0.4 18.4 -7.2
v 0.4 19.4 -7.2
v 6.6 19.5 -7.2
v 6.6 19.6 -7.2
v 6.6 21.6 -7.2
v 6.7 19.5 -7.2
v 6.7 19.6 -7.2
v 6.7 21.6 -7.2
v -7.5 19.5 -7.3
v -7.5 19.6 -7.3
v -7.5 21.6 -7.3
v -7.4 19.5 -7.3
v -7.4 19.6 -7.3
v -7.4 21.6 -7.3
v 6.5 19.5 -7.3
v 6.5 19.6 -7.3
v 6.5 21.6 -7.3
v 6.6 19.5 -7.3
v 6.6 19.6 -7.3
v 6.6 21.6 -7.3
v -7.4 19.5 -7.4
v -7.4 19.6 -7.4
v -7.4 21.6 -7.4
v -7.3 19.5 -7.4
v -7.3 19.6 -7.4
v -7.3 21.6 -7.4
v 6.4 19.5 -7.4
v 6.4 19.6 -7.4
v 6.4 21.6 -7.4
v 6.5 19.5 -7.4
v 6.5 19.6 -7.4
v 6.5 21.6 -7.4
v -7.3 19.5 -7.5
v -7.3 19.6 -7.5
v -7.3 21.6 -7.5
v -7.1 19.5 -7.5
v -7.1 19.6 -7.5
v -7.1 21.6 -7.5
v 6.2 19.5 -7.5
v 6.2 19.6 -7.5
v 6.2 21.6 -7.5
v 6.4 19.5 -7.5
v 6.4 19.6 -7.5
v 6.4 21.6 -7.5
v -7.1 19.5 -7.6
v -7.1 19.6 -7.6
v -7.1 21.6 -7.6
v -7 19.5 -7.6
v -7 19.6 -7.6
v -7 21.6 -7.6
v 6.1 19.5 -7.6
v 6.1 19.6 -7.6
v 6.1 21.6 -7.6
v 6.2 19.5 -7.6
v 6.2 19.6 -7.6
v 6.2 21.6 -7.6
v -7 19.5 -7.7
v -7 19.6 -7.7
v -7 21.6 -7.7
v -6.9 19.5 -7.7
v -6.9 19.6 -7.7
v -6.9 21.6 -7.7
v 6 19.5 -7.7
v 6 19.6 -7.7
v 6 21.6 -7.7
v 6.1 19.5 -7.7
v 6.1 19.6 -7.7
v 6.1 21.6 -7.7
v -6.9 19.5 -7.8
v -6.9 19.6 -7.8
v -6.9 21.6 -7.8
v -6.8 19.5 -7.8
v -6.8 19.6 -7.8
v -6.8 21.6 -7.8
v 5.9 19.5 -7.8
v 5.9 19.6 -7.8
v 5.9 21.6 -7.8
v 6 19.5 -7.8
v 6 19.6 -7.8
v 6 21.6 -7.8
v -6.8 19.5 -7.9
v -6.8 19.6 -7.9
v -6.8 21.6 -7.9
v -6.7 19.5 -7.9
v -6.7 19.6 -7.9
v -6.7 21.6 -7.9
v 5.8 19.5 -7.9
v 5.8 19.6 -7.9
v 5.8 21.6 -7.9
v 5.9 19.5 -7.9
v 5.9 19.6 -7.9
v 5.9 21.6 -7.9
v -6.7 19.5 -8
v -6.7 19.6 -8
v -6.7 21.6 -8
v -6.5 19.5 -8
v -6.5 19.6 -8
v -6.5 21.6 -8
v 5.6 19.5 -8
v 5.6 19.6 -8
v 5.6 21.6 -8
v 5.8 19.5 -8
v 5.8 19.6 -8
v 5.8 21.6 -8
v -6.5 19.5 -8.1
v -6.5 19.6 -8.1
v -6.5 21.6 -8.1
v -6.4 19.5 -8.1
v -6.4 19.6 -8.1
v -6.4 21.6 -8.1
v 5.5 19.5 -8.1
v 5.5 19.6 -8.1
v 5.5 21.6 -8.1
v 5.6 19.5 -8.1
v 5.6 19.6 -8.1
v 5.6 21.6 -8.1
v -6.4 19.5 -8.2
v -6.4 19.6 -8.2
v -6.4 21.6 -8.2
v -6.3 19.5 -8.2
v -6.3 19.6 -8.2
v -6.3 21.6 -8.2
v 5.4 19.5 -8.2
v 5.4 19.6 -8.2
v 5.4 21.6 -8.2
v 5.5 19.5 -8.2
v 5.5 19.6 -8.2
v 5.5 21.6 -8.2
v -6.3 19.5 -8.3
v -6.3 19.6 -8.3
v -6.3 21.6 -8.3
v -6.1 19.5 -8.3
v -6.1 19.6 -8.3
v -6.1 21.6 -8.3
v 5.2 19.5 -8.3
v 5.2 19.6 -8.3
v 5.2 21.6 -8.3
v 5.4 19.5 -8.3
v 5.4 19.6 -8.3
v 5.4 21.6 -8.3
v -6.1 19.5 -8.4
v -6.1 19.6 -8.4
v -6.1 21.6 -8.4
v -6 19.5 -8.4
v -6 19.6 -8.4
v -6 21.6 -8.4
v 5.1 19.5 -8.4
v 5.1 19.6 -8.4
v 5.1 21.6 -8.4
v 5.2 19.5 -8.4
v 5.2 19.6 -8.4
v 5.2 21.6 -8.4
v -6 19.5 -8.5
v -6 19.6 -8.5
v -6 21.6 -8.5
v -5.8 19.5 -8.5
v -5.8 19.6 -8.5
v -5.8 21.6 -8.5
v 4.9 19.5 -8.5
v 4.9 19.6 -8.5
v 4.9 21.6 -8.5
v 5.1 19.5 -8.5
v 5.1 19.6 -8.5
v 5.1 21.6 -8.5
v -5.8 19.5 -8.6
v -5.8 19.6 -8.6
v -5.8 21.6 -8.6
v -5.7 19.5 -8.6
v -5.7 19.6 -8.6
v -5.7 21.6 -8.6
v 4.8 19.5 -8.6
v 4.8 19.6 -8.6
v 4.8 21.6 -8.6
v 4.9 19.5 -8.6
v 4.9 19.6 -8.6
v 4.9 21.6 -8.6
v -5.7 19.5 -8.7
v -5.7 19.6 -8.7
v -5.7 21.6 -8.7
v -5.5 19.5 -8.7
v -5.5 19.6 -8.7
v -5.5 21.6 -8.7
v 4.6 19.5 -8.7
v 4.6 19.6 -8.7
v 4.6 21.6 -8.7
v 4.8 19.5 -8.7
v 4.8 19.6 -8.7
v 4.8 21.6 -8.7
v -5.5 19.5 -8.8
v -5.5 19.6 -8.8
v -5.5 21.6 -8.8
v -5.3 19.5 -8.8
v -5.3 19.6 -8.8
v -5.3 21.6 -8.8
v 4.4 19.5 -8.8
v 4.4 19.6 -8.8
v 4.4 21.6 -8.8
v 4.6 19.5 -8.8
v 4.6 19.6 -8.8
v 4.6 21.6 -8.8
v -5.3 19.5 -8.9
v -5.3 19.6 -8.9
v -5.3 21.6 -8.9
v -5.1 19.5 -8.9
v -5.1 19.6 -8.9
v -5.1 21.6 -8.9
v 4.2 19.5 -8.9
v 4.2 19.6 -8.9
v 4.2 21.6 -8.9
v 4.4 19.5 -8.9
v 4.4 19.6 -8.9
v 4.4 21.6 -8.9
v -5.1 19.5 -9
v -5.1 19.6 -9
v -5.1 21.6 -9
v -4.9 19.5 -9
v -4.9 19.6 -9
v -4.9 21.6 -9
v 4 19.5 -9
v 4 19.6 -9
v 4 21.6 -9
v 4.2 19.5 -9
v 4.2 19.6 -9
v 4.2 21.6 -9
v -4.9 19.5 -9.1
v -4.9 19.6 -9.1
v -4.9 21.6 -9.1
v -4.7 19.5 -9.1
v -4.7 19.6 -9.1
v -4.7 21.6 -9.1
v 3.8 19.5 -9.1
v 3.8 19.6 -9.1
v 3.8 21.6 -9.1
v 4 19.5 -9.1
v 4 19.6 -9.1
v 4 21.6 -9.1
v -4.7 19.5 -9.2
v -4.7 19.6 -9.2
v -4.7 21.6 -9.2
v -4.5 19.5 -9.2
v -4.5 19.6 -9.2
v -4.5 21.6 -9.2
v 3.6 19.5 -9.2
v 3.6 19.6 -9.2
v 3.6 21.6 -9.2
v 3.8 19.5 -9.2
v 3.8 19.6 -9.2
v 3.8 21.6 -9.2
v -4.5 19.5 -9.3
v -4.5 19.6 -9.3
v -4.5 21.6 -9.3
v -4.3 19.5 -9.3
v -4.3 19.6 -9.3
v -4.3 21.6 -9.3
v 3.4 19.5 -9.3
v 3.4 19.6 -9.3
v 3.4 21.6 -9.3
v 3.6 19.5 -9.3
v 3.6 19.6 -9.3
v 3.6 21.6 -9.3
v -4.3 19.5 -9.4
v -4.3 19.6 -9.4
v -4.3 21.6 -9.4
v -4 19.5 -9.4
v -4 19.6 -9.4
v -4 21.6 -9.4
v 3.1 19.5 -9.4
v 3.1 19.6 -9.4
v 3.1 21.6 -9.4
v 3.4 19.5 -9.4
v 3.4 19.6 -9.4
v 3.4 21.6 -9.4
v -4 19.5 -9.5
v -4 19.6 -9.5
v -4 21.6 -9.5
v -3.7 19.5 -9.5
v -3.7 19.6 -9.5
v -3.7 21.6 -9.5
v 2.8 19.5 -9.5
v 2.8 19.6 -9.5
v 2.8 21.6 -9.5
v 3.1 19.5 -9.5
v 3.1 19.6 -9.5
v 3.1 21.6 -9.5
v -3.7 19.5 -9.6
v -3.7 19.6 -9.6
v -3.7 21.6 -9.6
v -3.4 19.5 -9.6
v -3.4 19.6 -9.6
v -3.4 21.6 -9.6
v 2.5 19.5 -9.6
v 2.5 19.6 -9.6
v 2.5 21.6 -9.6
v 2.8 19.5 -9.6
v 2.8 19.6 -9.6
v 2.8 21.6 -9.6
v -3.4 19.5 -9.7
v -3.4 19.6 -9.7
v -3.4 21.6 -9.7
v -3.1 19.5 -9.7
v -3.1 19.6 -9.7
v -3.1 21.6 -9.7
v 2.2 19.5 -9.7
v 2.2 19.6 -9.7
v 2.2 21.6 -9.7
v 2.5 19.5 -9.7
v 2.5 19.6 -9.7
v 2.5 21.6 -9.7
v -3.1 19.5 -9.8
v -3.1 19.6 -9.8
v -3.1 21.6 -9.8
v -2.7 19.5 -9.8
v -2.7 19.6 -9.8
v -2.7 21.6 -9.8
v 1.8 19.5 -9.8
v 1.8 19.6 -9.8
v 1.8 21.6 -9.8
v 2.2 19.5 -9.8
v 2.2 19.6 -9.8
v 2.2 21.6 -9.8
v -2.7 19.5 -9.9
v -2.7 19.6 -9.9
v -2.7 21.6 -9.9
v -2.2 19.5 -9.9
v -2.2 19.6 -9.9
v -2.2 21.6 -9.9
v 1.3 19.5 -9.9
v 1.3 19.6 -9.9
v 1.3 21.6 -9.9
v 1.8 19.5 -9.9
v 1.8 19.6 -9.9
v 1.8 21.6 -9.9
v -2.2 19.5 -10
v -2.2 19.6 -10
v -2.2 21.6 -10
v -1.5 19.5 -10
v -1.5 19.6 -10
v -1.5 21.6 -10
v 0.599999 19.5 -10
v 0.599999 19.6 -10
v 0.599999 21.6 -10
v 1.3 19.5 -10
v 1.3 19.6 -10
v 1.3 21.6 -10
v -1.5 19.5 -10.1
v -1.5 19.6 -10.1
v -1.5 21.6 -10.1
v -0.5 19.5 -10.1
v -0.5 19.6 -10.1
v -0.400001 19.5 -10.1
v -0.400001 19.6 -10.1
v 0.599999 19.5 -10.1
v 0.599999 19.6 -10.1
v 0.599999 21.6 -10.1
v -1.1 15.2 4
v 0.2 15.2 4
v -1.5 15.2 3.9
v -1.1 15.2 3.9
v 0.2 15.2 3.9
v 0.599999 15.2 3.9
v -1.9 15.2 3.8
v -1.5 15.2 3.8
v -1.1 15.2 3.8
v 0.2 15.2 3.8
v 0.599999 15.2 3.8
v 1 15.2 3.8
v -2.1 15.2 3.7
v -1.9 15.2 3.7
v -1.8 15.2 3.7
v -1.5 15.2 3.7
v 0.599999 15.2 3.7
v 0.9 15.2 3.7
v 1 15.2 3.7
v 1.2 15.2 3.7
v -2.3 15.2 3.6
v -2.1 15.2 3.6
v -1.8 15.2 3.6
v 0.9 15.2 3.6
v 1.2 15.2 3.6
v 1.4 15.2 3.6
v -2.5 15.2 3.5
v -2.3 15.2 3.5
v -2.1 15.2 3.5
v 1.2 15.2 3.5
v 1.4 15.2 3.5
v 1.6 15.2 3.5
v -2.7 15.2 3.4
v -2.5 15.2 3.4
v -2.3 15.2 3.4
v 1.4 15.2 3.4
v 1.6 15.2 3.4
v 1.8 15.2 3.4
v -2.8 15.2 3.3
v -2.7 15.2 3.3
v -2.6 15.2 3.3
v -2.5 15.2 3.3
v 1.6 15.2 3.3
v 1.7 15.2 3.3
v 1.8 15.2 3.3
v 1.9 15.2 3.3
v -2.9 15.2 3.2
v -2.8 15.2 3.2
v -2.6 15.2 3.2
v 1.7 15.2 3.2
v 1.9 15.2 3.2
v 2 15.2 3.2
v -3.1 15.2 3.1
v -2.9 15.2 3.1
v -2.8 15.2 3.1
v 1.9 15.2 3.1
v 2 15.2 3.1
v 2.2 15.2 3.1
v -3.2 15.2 3
v -3.1 15.2 3
v -3 15.2 3
v -2.9 15.2 3
v 2 15.2 3
v 2.1 15.2 3
v 2.2 15.2 3
v 2.3 15.2 3
v -3.3 15.2 2.9
v -3.2 15.2 2.9
v -3.1 15.2 2.9
v -3 15.2 2.9
v 2.1 15.2 2.9
v 2.2 15.2 2.9
v 2.3 15.2 2.9
v 2.4 15.2 2.9
v -3.4 15.2 2.8
v -3.3 15.2 2.8
v -3.2 15.2 2.8
v -3.1 15.2 2.8
v 2.2 15.2 2.8
v 2.3 15.2 2.8
v 2.4 15.2 2.8
v 2.5 15.2 2.8
v -3.5 15.2 2.7
v -3.4 15.2 2.7
v -3.3 15.2 2.7
v -3.2 15.2 2.7
v 2.3 15.2 2.7
v 2.4 15.2 2.7
v 2.5 15.2 2.7
v 2.6 15.2 2.7
v -3.6 15.2 2.6
v -3.5 15.2 2.6
v -3.4 15.2 2.6
v -3.3 15.2 2.6
v 2.4 15.2 2.6
v 2.5 15.2 2.6
v 2.6 15.2 2.6
v 2.7 15.2 2.6
v -3.5 15.2 2.5
v -3.4 15.2 2.5
v 2.5 15.2 2.5
v 2.6 15.2 2.5
v -3.7 15.2 2.4
v -3.6 15.2 2.4
v -3.5 15.2 2.4
v 2.6 15.2 2.4
v 2.7 15.2 2.4
v 2.8 15.2 2.4
v -3.8 15.2 2.3
v -3.7 15.2 2.3
v -3.6 15.2 2.3
v 2.7 15.2 2.3
v 2.8 15.2 2.3
v 2.9 15.2 2.3
v -3.9 15.2 2.2
v -3.8 15.2 2.2
v 2.9 15.2 2.2
v 3 15.2 2.2
v -3.8 15.2 2.1
v -3.7 15.2 2.1
v 2.8 15.2 2.1
v 2.9 15.2 2.1
v -4 15.2 2
v -3.9 15.2 2
v -3.8 15.2 2
v 2.9 15.2 2
v 3 15.2 2
v 3.1 15.2 2
v -4.1 15.2 1.8
v -4 15.2 1.8
v -3.9 15.2 1.8
v 3 15.2 1.8
v 3.1 15.2 1.8
v 3.2 15.2 1.8
v -4.2 15.2 1.6
v -4.1 15.2 1.6
v -4 15.2 1.6
v 3.1 15.2 1.6
v 3.2 15.2 1.6
v 3.3 15.2 1.6
v -4.3 15.2 1.4
v -4.2 15.2 1.4
v 3.3 15.2 1.4
v 3.4 15.2 1.4
v -4.2 15.2 1.3
v -4.1 15.2 1.3
v 3.2 15.2 1.3
v 3.3 15.2 1.3
v -4.4 15.2 1
v -4.3 15.2 1
v -4.2 15.2 1
v 3.3 15.2 1
v 3.4 15.2 1
v 3.5 15.2 1
v -4.5 15.2 0.6
v -4.4 15.2 0.6
v -4.3 15.2 0.6
v 3.4 15.2 0.6
v 3.5 15.2 0.6
v 3.6 15.2 0.6
v -4.5 15.2 -0.7
v -4.4 15.2 -0.7
v -4.3 15.2 -0.7
v 3.4 15.2 -0.7
v 3.5 15.2 -0.7
v 3.6 15.2 -0.7
v -4.4 15.2 -1.1
v -4.3 15.2 -1.1
v -4.2 15.2 -1.1
v 3.3 15.2 -1.1
v 3.4 15.2 -1.1
v 3.5 15.2 -1.1
v -4.2 15.2 -1.4
v -4.1 15.2 -1.4
v 3.2 15.2 -1.4
v 3.3 15.2 -1.4
v -4.3 15.2 -1.5
v -4.2 15.2 -1.5
v 3.3 15.2 -1.5
v 3.4 15.2 -1.5
v -4.2 15.2 -1.7
v -4.1 15.2 -1.7
v -4 15.2 -1.7
v 3.1 15.2 -1.7
v 3.2 15.2 -1.7
v 3.3 15.2 -1.7
v -4.1 15.2 -1.9
v -4 15.2 -1.9
v -3.9 15.2 -1.9
v 3 15.2 -1.9
v 3.1 15.2 -1.9
v 3.2 15.2 -1.9
v -4 15.2 -2.1
v -3.9 15.2 -2.1
v -3.8 15.2 -2.1
v 2.9 15.2 -2.1
v 3 15.2 -2.1
v 3.1 15.2 -2.1
v -3.8 15.2 -2.2
v -3.7 15.2 -2.2
v 2.8 15.2 -2.2
v 2.9 15.2 -2.2
v -3.9 15.2 -2.3
v -3.8 15.2 -2.3
v 2.9 15.2 -2.3
v 3 15.2 -2.3
v -3.8 15.2 -2.4
v -3.7 15.2 -2.4
v -3.6 15.2 -2.4
v 2.7 15.2 -2.4
v 2.8 15.2 -2.4
v 2.9 15.2 -2.4
v -3.7 15.2 -2.5
v -3.6 15.2 -2.5
v -3.5 15.2 -2.5
v 2.6 15.2 -2.5
v 2.7 15.2 -2.5
v 2.8 15.2 -2.5
v -3.5 15.2 -2.6
v -3.4 15.2 -2.6
v 2.5 15.2 -2.6
v 2.6 15.2 -2.6
v -3.6 15.2 -2.7
v -3.5 15.2 -2.7
v -3.4 15.2 -2.7
v -3.3 15.2 -2.7
v 2.4 15.2 -2.7
v 2.5 15.2 -2.7
v 2.6 15.2 -2.7
v 2.7 15.2 -2.7
v -3.5 15.2 -2.8
v -3.4 15.2 -2.8
v -3.3 15.2 -2.8
v -3.2 15.2 -2.8
v 2.3 15.2 -2.8
v 2.4 15.2 -2.8
v 2.5 15.2 -2.8
v 2.6 15.2 -2.8
v -3.4 15.2 -2.9
v -3.3 15.2 -2.9
v -3.2 15.2 -2.9
v -3.1 15.2 -2.9
v 2.2 15.2 -2.9
v 2.3 15.2 -2.9
v 2.4 15.2 -2.9
v 2.5 15.2 -2.9
v -3.3 15.2 -3
v -3.2 15.2 -3
v -3.1 15.2 -3
v -3 15.2 -3
v 2.1 15.2 -3
v 2.2 15.2 -3
v 2.3 15.2 -3
v 2.4 15.2 -3
v -3.2 15.2 -3.1
v -3.1 15.2 -3.1
v -3 15.2 -3.1
v -2.9 15.2 -3.1
v 2 15.2 -3.1
v 2.1 15.2 -3.1
v 2.2 15.2 -3.1
v 2.3 15.2 -3.1
v -3.1 15.2 -3.2
v -2.9 15.2 -3.2
v -2.8 15.2 -3.2
v 1.9 15.2 -3.2
v 2 15.2 -3.2
v 2.2 15.2 -3.2
v -2.9 15.2 -3.3
v -2.8 15.2 -3.3
v -2.6 15.2 -3.3
v 1.7 15.2 -3.3
v 1.9 15.2 -3.3
v 2 15.2 -3.3
v -2.8 15.2 -3.4
v -2.7 15.2 -3.4
v -2.6 15.2 -3.4
v -2.5 15.2 -3.4
v 1.6 15.2 -3.4
v 1.7 15.2 -3.4
v 1.8 15.2 -3.4
v 1.9 15.2 -3.4
v -2.7 15.2 -3.5
v -2.5 15.2 -3.5
v -2.3 15.2 -3.5
v 1.4 15.2 -3.5
v 1.6 15.2 -3.5
v 1.8 15.2 -3.5
v -2.5 15.2 -3.6
v -2.3 15.2 -3.6
v -2.1 15.2 -3.6
v 1.2 15.2 -3.6
v 1.4 15.2 -3.6
v 1.6 15.2 -3.6
v -2.3 15.2 -3.7
v -2.1 15.2 -3.7
v -1.8 15.2 -3.7
v 0.9 15.2 -3.7
v 1.2 15.2 -3.7
v 1.4 15.2 -3.7
v -2.1 15.2 -3.8
v -1.9 15.2 -3.8
v -1.8 15.2 -3.8
v -1.5 15.2 -3.8
v 0.599999 15.2 -3.8
v 0.9 15.2 -3.8
v 1 15.2 -3.8
v 1.2 15.2 -3.8
v -1.9 15.2 -3.9
v -1.5 15.2 -3.9
v -1.1 15.2 -3.9
v 0.2 15.2 -3.9
v 0.599999 15.2 -3.9
v 1 15.2 -3.9
v -1.5 15.2 -4
v -1.1 15.2 -4
v 0.2 15.2 -4
v 0.599999 15.2 -4
v -1.1 15.2 -4.1
v 0.2 15.2 -4.1
v -1 15.4 4.1
v 0.0999994 15.4 4.1
v -1 15.4 4
v 0.0999994 15.4 4
v -1 15.4 -4.1
v 0.0999994 15.4 -4.1
v -1 15.4 -4.2
v 0.0999994 15.4 -4.2
v -1.1 15.7 3.9
v -0.900001 15.7 3.9
v -0.8 15.7 3.9
v -0.1 15.7 3.9
v 0 15.7 3.9
v 0.2 15.7 3.9
v -1.5 15.7 3.8
v -1.1 15.7 3.8
v 0.2 15.7 3.8
v 0.4 15.7 3.8
v 0.599999 15.7 3.8
v -1.8 15.7 3.7
v -1.5 15.7 3.7
v 0.599999 15.7 3.7
v 0.9 15.7 3.7
v -2.1 15.7 3.6
v -1.8 15.7 3.6
v 0.9 15.7 3.6
v 1.2 15.7 3.6
v -2.3 15.7 3.5
v -2.1 15.7 3.5
v 1.2 15.7 3.5
v 1.4 15.7 3.5
v -2.5 15.7 3.4
v -2.3 15.7 3.4
v 1.4 15.7 3.4
v 1.6 15.7 3.4
v -2.6 15.7 3.3
v -2.5 15.7 3.3
v 1.6 15.7 3.3
v 1.7 15.7 3.3
v -2.8 15.7 3.2
v -2.6 15.7 3.2
v 1.7 15.7 3.2
v 1.9 15.7 3.2
v -2.9 15.7 3.1
v -2.8 15.7 3.1
v 1.9 15.7 3.1
v 2 15.7 3.1
v -3 15.7 3
v -2.9 15.7 3
v 2 15.7 3
v 2.1 15.7 3
v -3.1 15.7 2.9
v -3 15.7 2.9
v 2.1 15.7 2.9
v 2.2 15.7 2.9
v -3.2 15.7 2.8
v -3.1 15.7 2.8
v 2.2 15.7 2.8
v 2.3 15.7 2.8
v -3.3 15.7 2.7
v -3.2 15.7 2.7
v 2.3 15.7 2.7
v 2.4 15.7 2.7
v -3.4 15.7 2.6
v -3.3 15.7 2.6
v 2.4 15.7 2.6
v 2.5 15.7 2.6
v -3.5 15.7 2.5
v -3.4 15.7 2.5
v 2.5 15.7 2.5
v 2.6 15.7 2.5
v -3.6 15.7 2.4
v -3.5 15.7 2.4
v 2.6 15.7 2.4
v 2.7 15.7 2.4
v -3.7 15.7 2.3
v -3.6 15.7 2.3
v 2.7 15.7 2.3
v 2.8 15.7 2.3
v -3.8 15.7 2.1
v -3.7 15.7 2.1
v 2.8 15.7 2.1
v 2.9 15.7 2.1
v -3.9 15.7 2
v -3.8 15.7 2
v 2.9 15.7 2
v 3 15.7 2
v -4 15.7 1.8
v -3.9 15.7 1.8
v 3 15.7 1.8
v 3.1 15.7 1.8
v -4.1 15.7 1.6
v -4 15.7 1.6
v 3.1 15.7 1.6
v 3.2 15.7 1.6
v -4.2 15.7 1.3
v -4.1 15.7 1.3
v 3.2 15.7 1.3
v 3.3 15.7 1.3
v -4.3 15.7 1
v -4.2 15.7 1
v 3.3 15.7 1
v 3.4 15.7 1
v -4.4 15.7 0.6
v -4.3 15.7 0.6
v 3.4 15.7 0.6
v 3.5 15.7 0.6
v -4.4 15.7 0.400001
v -4.4 15.7 0.1
v 3.5 15.7 -0.0999994
v 3.5 15.7 -0.4
v -4.4 15.7 -0.7
v -4.3 15.7 -0.7
v 3.4 15.7 -0.7
v 3.5 15.7 -0.7
v -4.3 15.7 -1.1
v -4.2 15.7 -1.1
v 3.3 15.7 -1.1
v 3.4 15.7 -1.1
v -4.2 15.7 -1.4
v -4.1 15.7 -1.4
v 3.2 15.7 -1.4
v 3.3 15.7 -1.4
v -4.1 15.7 -1.7
v -4 15.7 -1.7
v 3.1 15.7 -1.7
v 3.2 15.7 -1.7
v -4 15.7 -1.9
v -3.9 15.7 -1.9
v 3 15.7 -1.9
v 3.1 15.7 -1.9
v -3.9 15.7 -2.1
v -3.8 15.7 -2.1
v 2.9 15.7 -2.1
v 3 15.7 -2.1
v -3.8 15.7 -2.2
v -3.7 15.7 -2.2
v 2.8 15.7 -2.2
v 2.9 15.7 -2.2
v -3.7 15.7 -2.4
v -3.6 15.7 -2.4
v 2.7 15.7 -2.4
v 2.8 15.7 -2.4
v -3.6 15.7 -2.5
v -3.5 15.7 -2.5
v 2.6 15.7 -2.5
v 2.7 15.7 -2.5
v -3.5 15.7 -2.6
v -3.4 15.7 -2.6
v 2.5 15.7 -2.6
v 2.6 15.7 -2.6
v -3.4 15.7 -2.7
v -3.3 15.7 -2.7
v 2.4 15.7 -2.7
v 2.5 15.7 -2.7
v -3.3 15.7 -2.8
v -3.2 15.7 -2.8
v 2.3 15.7 -2.8
v 2.4 15.7 -2.8
v -3.2 15.7 -2.9
v -3.1 15.7 -2.9
v 2.2 15.7 -2.9
v 2.3 15.7 -2.9
v -3.1 15.7 -3
v -3 15.7 -3
v 2.1 15.7 -3
v 2.2 15.7 -3
v -3 15.7 -3.1
v -2.9 15.7 -3.1
v 2 15.7 -3.1
v 2.1 15.7 -3.1
v -2.9 15.7 -3.2
v -2.8 15.7 -3.2
v 1.9 15.7 -3.2
v 2 15.7 -3.2
v -2.8 15.7 -3.3
v -2.6 15.7 -3.3
v 1.7 15.7 -3.3
v 1.9 15.7 -3.3
v -2.6 15.7 -3.4
v -2.5 15.7 -3.4
v 1.6 15.7 -3.4
v 1.7 15.7 -3.4
v -2.5 15.7 -3.5
v -2.3 15.7 -3.5
v 1.4 15.7 -3.5
v 1.6 15.7 -3.5
v -2.3 15.7 -3.6
v -2.1 15.7 -3.6
v 1.2 15.7 -3.6
v 1.4 15.7 -3.6
v -2.1 15.7 -3.7
v -1.8 15.7 -3.7
v 0.9 15.7 -3.7
v 1.2 15.7 -3.7
v -1.8 15.7 -3.8
v -1.5 15.7 -3.8
v 0.599999 15.7 -3.8
v 0.9 15.7 -3.8
v -1.5 15.7 -3.9
v -1.1 15.7 -3.9
v 0.2 15.7 -3.9
v 0.4 15.7 -3.9
v 0.599999 15.7 -3.9
v -1.1 15.7 -4
v -0.900001 15.7 -4
v -0.8 15.7 -4
v -0.6 15.7 -4
v -0.5 15.7 -4
v -0.1 15.7 -4
v 0 15.7 -4
v 0.2 15.7 -4
v -0.900001 16 4.1
v 0 16 4.1
v -0.900001 16 4
v 0 16 4
v -0.900001 16 -4.1
v 0 16 -4.1
v -0.900001 16 -4.2
v 0 16 -4.2
v -1.1 16.2 4.4
v -0.5 16.2 4.4
v -0.400001 16.2 4.4
v 0.2 16.2 4.4
v -1.6 16.2 4.3
v -1.1 16.2 4.3
v 0.2 16.2 4.3
v 0.7 16.2 4.3
v -1.9 16.2 4.2
v -1.6 16.2 4.2
v 0.7 16.2 4.2
v 1 16.2 4.2
v -2.2 16.2 4.1
v -1.9 16.2 4.1
v 1 16.2 4.1
v 1.3 16.2 4.1
v -2.4 16.2 4
v -2.2 16.2 4
v -1.1 16.2 4
v -0.5 16.2 4
v -0.400001 16.2 4
v 0.2 16.2 4
v 1.3 16.2 4
v 1.5 16.2 4
v -2.6 16.2 3.9
v -2.4 16.2 3.9
v -1.5 16.2 3.9
v -1.1 16.2 3.9
v 0.2 16.2 3.9
v 0.599999 16.2 3.9
v 1.5 16.2 3.9
v 1.7 16.2 3.9
v -2.8 16.2 3.8
v -2.6 16.2 3.8
v -1.9 16.2 3.8
v -1.5 16.2 3.8
v 0.599999 16.2 3.8
v 1 16.2 3.8
v 1.7 16.2 3.8
v 1.9 16.2 3.8
v -2.9 16.2 3.7
v -2.8 16.2 3.7
v -2.1 16.2 3.7
v -1.9 16.2 3.7
v 1 16.2 3.7
v 1.2 16.2 3.7
v 1.9 16.2 3.7
v 2 16.2 3.7
v -3.1 16.2 3.6
v -2.9 16.2 3.6
v -2.3 16.2 3.6
v -2.1 16.2 3.6
v 1.2 16.2 3.6
v 1.4 16.2 3.6
v 2 16.2 3.6
v 2.2 16.2 3.6
v -3.2 16.2 3.5
v -3.1 16.2 3.5
v -2.5 16.2 3.5
v -2.3 16.2 3.5
v 1.4 16.2 3.5
v 1.6 16.2 3.5
v 2.2 16.2 3.5
v 2.3 16.2 3.5
v -3.3 16.2 3.4
v -3.2 16.2 3.4
v -2.7 16.2 3.4
v -2.5 16.2 3.4
v 1.6 16.2 3.4
v 1.8 16.2 3.4
v 2.3 16.2 3.4
v 2.4 16.2 3.4
v -3.4 16.2 3.3
v -3.3 16.2 3.3
v -2.8 16.2 3.3
v -2.7 16.2 3.3
v 1.8 16.2 3.3
v 1.9 16.2 3.3
v 2.4 16.2 3.3
v 2.5 16.2 3.3
v -3.5 16.2 3.2
v -3.4 16.2 3.2
v -2.9 16.2 3.2
v -2.8 16.2 3.2
v 1.9 16.2 3.2
v 2 16.2 3.2
v 2.5 16.2 3.2
v 2.6 16.2 3.2
v -3.6 16.2 3.1
v -3.5 16.2 3.1
v -3.1 16.2 3.1
v -2.9 16.2 3.1
v 2 16.2 3.1
v 2.2 16.2 3.1
v 2.6 16.2 3.1
v 2.7 16.2 3.1
v -3.7 16.2 3
v -3.6 16.2 3
v -3.2 16.2 3
v -3.1 16.2 3
v 2.2 16.2 3
v 2.3 16.2 3
v 2.7 16.2 3
v 2.8 16.2 3
v -3.8 16.2 2.9
v -3.7 16.2 2.9
v -3.3 16.2 2.9
v -3.2 16.2 2.9
v 2.3 16.2 2.9
v 2.4 16.2 2.9
v 2.8 16.2 2.9
v 2.9 16.2 2.9
v -3.9 16.2 2.8
v -3.8 16.2 2.8
v -3.4 16.2 2.8
v -3.3 16.2 2.8
v 2.4 16.2 2.8
v 2.5 16.2 2.8
v 2.9 16.2 2.8
v 3 16.2 2.8
v -4 16.2 2.7
v -3.9 16.2 2.7
v -3.5 16.2 2.7
v -3.4 16.2 2.7
v 2.5 16.2 2.7
v 2.6 16.2 2.7
v 3 16.2 2.7
v 3.1 16.2 2.7
v -4.1 16.2 2.6
v -4 16.2 2.6
v -3.6 16.2 2.6
v -3.5 16.2 2.6
v 2.6 16.2 2.6
v 2.7 16.2 2.6
v 3.1 16.2 2.6
v 3.2 16.2 2.6
v -4.2 16.2 2.4
v -4.1 16.2 2.4
v -3.7 16.2 2.4
v -3.6 16.2 2.4
v 2.7 16.2 2.4
v 2.8 16.2 2.4
v 3.2 16.2 2.4
v 3.3 16.2 2.4
v -4.3 16.2 2.3
v -4.2 16.2 2.3
v -3.8 16.2 2.3
v -3.7 16.2 2.3
v 2.8 16.2 2.3
v 2.9 16.2 2.3
v 3.3 16.2 2.3
v 3.4 16.2 2.3
v -3.9 16.2 2.2
v -3.8 16.2 2.2
v 2.9 16.2 2.2
v 3 16.2 2.2
v -4.4 16.2 2.1
v -4.3 16.2 2.1
v 3.4 16.2 2.1
v 3.5 16.2 2.1
v -4 16.2 2
v -3.9 16.2 2
v 3 16.2 2
v 3.1 16.2 2
v -4.5 16.2 1.9
v -4.4 16.2 1.9
v 3.5 16.2 1.9
v 3.6 16.2 1.9
v -4.1 16.2 1.8
v -4 16.2 1.8
v 3.1 16.2 1.8
v 3.2 16.2 1.8
v -4.6 16.2 1.7
v -4.5 16.2 1.7
v 3.6 16.2 1.7
v 3.7 16.2 1.7
v -4.2 16.2 1.6
v -4.1 16.2 1.6
v 3.2 16.2 1.6
v 3.3 16.2 1.6
v -4.7 16.2 1.4
v -4.6 16.2 1.4
v -4.3 16.2 1.4
v -4.2 16.2 1.4
v 3.3 16.2 1.4
v 3.4 16.2 1.4
v 3.7 16.2 1.4
v 3.8 16.2 1.4
v -4.8 16.2 1.1
v -4.7 16.2 1.1
v 3.8 16.2 1.1
v 3.9 16.2 1.1
v -4.4 16.2 1
v -4.3 16.2 1
v 3.4 16.2 1
v 3.5 16.2 1
v -4.9 16.2 0.6
v -4.8 16.2 0.6
v -4.5 16.2 0.6
v -4.4 16.2 0.6
v 3.5 16.2 0.6
v 3.6 16.2 0.6
v 3.9 16.2 0.6
v 4 16.2 0.6
v -4.9 16.2 0
v -4.5 16.2 0
v 3.6 16.2 0
v 4 16.2 0
v -4.9 16.2 -0.0999994
v -4.5 16.2 -0.0999994
v 3.6 16.2 -0.0999994
v 4 16.2 -0.0999994
v -4.9 16.2 -0.7
v -4.8 16.2 -0.7
v -4.5 16.2 -0.7
v -4.4 16.2 -0.7
v 3.5 16.2 -0.7
v 3.6 16.2 -0.7
v 3.9 16.2 -0.7
v 4 16.2 -0.7
v -4.4 16.2 -1.1
v -4.3 16.2 -1.1
v 3.4 16.2 -1.1
v 3.5 16.2 -1.1
v -4.8 16.2 -1.2
v -4.7 16.2 -1.2
v 3.8 16.2 -1.2
v 3.9 16.2 -1.2
v -4.7 16.2 -1.5
v -4.6 16.2 -1.5
v -4.3 16.2 -1.5
v -4.2 16.2 -1.5
v 3.3 16.2 -1.5
v 3.4 16.2 -1.5
v 3.7 16.2 -1.5
v 3.8 16.2 -1.5
v -4.2 16.2 -1.7
v -4.1 16.2 -1.7
v 3.2 16.2 -1.7
v 3.3 16.2 -1.7
v -4.6 16.2 -1.8
v -4.5 16.2 -1.8
v 3.6 16.2 -1.8
v 3.7 16.2 -1.8
v -4.1 16.2 -1.9
v -4 16.2 -1.9
v 3.1 16.2 -1.9
v 3.2 16.2 -1.9
v -4.5 16.2 -2
v -4.4 16.2 -2
v 3.5 16.2 -2
v 3.6 16.2 -2
v -4 16.2 -2.1
v -3.9 16.2 -2.1
v 3 16.2 -2.1
v 3.1 16.2 -2.1
v -4.4 16.2 -2.2
v -4.3 16.2 -2.2
v 3.4 16.2 -2.2
v 3.5 16.2 -2.2
v -3.9 16.2 -2.3
v -3.8 16.2 -2.3
v 2.9 16.2 -2.3
v 3 16.2 -2.3
v -4.3 16.2 -2.4
v -4.2 16.2 -2.4
v -3.8 16.2 -2.4
v -3.7 16.2 -2.4
v 2.8 16.2 -2.4
v 2.9 16.2 -2.4
v 3.3 16.2 -2.4
v 3.4 16.2 -2.4
v -4.2 16.2 -2.5
v -4.1 16.2 -2.5
v -3.7 16.2 -2.5
v -3.6 16.2 -2.5
v 2.7 16.2 -2.5
v 2.8 16.2 -2.5
v 3.2 16.2 -2.5
v 3.3 16.2 -2.5
v -4.1 16.2 -2.7
v -4 16.2 -2.7
v -3.6 16.2 -2.7
v -3.5 16.2 -2.7
v 2.6 16.2 -2.7
v 2.7 16.2 -2.7
v 3.1 16.2 -2.7
v 3.2 16.2 -2.7
v -4 16.2 -2.8
v -3.9 16.2 -2.8
v -3.5 16.2 -2.8
v -3.4 16.2 -2.8
v 2.5 16.2 -2.8
v 2.6 16.2 -2.8
v 3 16.2 -2.8
v 3.1 16.2 -2.8
v -3.9 16.2 -2.9
v -3.8 16.2 -2.9
v -3.4 16.2 -2.9
v -3.3 16.2 -2.9
v 2.4 16.2 -2.9
v 2.5 16.2 -2.9
v 2.9 16.2 -2.9
v 3 16.2 -2.9
v -3.8 16.2 -3
v -3.7 16.2 -3
v -3.3 16.2 -3
v -3.2 16.2 -3
v 2.3 16.2 -3
v 2.4 16.2 -3
v 2.8 16.2 -3
v 2.9 16.2 -3
v -3.7 16.2 -3.1
v -3.6 16.2 -3.1
v -3.2 16.2 -3.1
v -3.1 16.2 -3.1
v 2.2 16.2 -3.1
v 2.3 16.2 -3.1
v 2.7 16.2 -3.1
v 2.8 16.2 -3.1
v -3.6 16.2 -3.2
v -3.5 16.2 -3.2
v -3.1 16.2 -3.2
v -2.9 16.2 -3.2
v 2 16.2 -3.2
v 2.2 16.2 -3.2
v 2.6 16.2 -3.2
v 2.7 16.2 -3.2
v -3.5 16.2 -3.3
v -3.4 16.2 -3.3
v -2.9 16.2 -3.3
v -2.8 16.2 -3.3
v 1.9 16.2 -3.3
v 2 16.2 -3.3
v 2.5 16.2 -3.3
v 2.6 16.2 -3.3
v -3.4 16.2 -3.4
v -3.3 16.2 -3.4
v -2.8 16.2 -3.4
v -2.7 16.2 -3.4
v 1.8 16.2 -3.4
v 1.9 16.2 -3.4
v 2.4 16.2 -3.4
v 2.5 16.2 -3.4
v -3.3 16.2 -3.5
v -3.2 16.2 -3.5
v -2.7 16.2 -3.5
v -2.5 16.2 -3.5
v 1.6 16.2 -3.5
v 1.8 16.2 -3.5
v 2.3 16.2 -3.5
v 2.4 16.2 -3.5
v -3.2 16.2 -3.6
v -3.1 16.2 -3.6
v -2.5 16.2 -3.6
v -2.3 16.2 -3.6
v 1.4 16.2 -3.6
v 1.6 16.2 -3.6
v 2.2 16.2 -3.6
v 2.3 16.2 -3.6
v -3.1 16.2 -3.7
v -2.9 16.2 -3.7
v -2.3 16.2 -3.7
v -2.1 16.2 -3.7
v 1.2 16.2 -3.7
v 1.4 16.2 -3.7
v 2 16.2 -3.7
v 2.2 16.2 -3.7
v -2.9 16.2 -3.8
v -2.8 16.2 -3.8
v -2.1 16.2 -3.8
v -1.9 16.2 -3.8
v 1 16.2 -3.8
v 1.2 16.2 -3.8
v 1.9 16.2 -3.8
v 2 16.2 -3.8
v -2.8 16.2 -3.9
v -2.6 16.2 -3.9
v -1.9 16.2 -3.9
v -1.5 16.2 -3.9
v 0.599999 16.2 -3.9
v 1 16.2 -3.9
v 1.7 16.2 -3.9
v 1.9 16.2 -3.9
v -2.6 16.2 -4
v -2.4 16.2 -4
v -1.5 16.2 -4
v -1.1 16.2 -4
v 0.2 16.2 -4
v 0.599999 16.2 -4
v 1.5 16.2 -4
v 1.7 16.2 -4
v -2.4 16.2 -4.1
v -2.2 16.2 -4.1
v -1.1 16.2 -4.1
v -0.5 16.2 -4.1
v -0.400001 16.2 -4.1
v 0.2 16.2 -4.1
v 1.3 16.2 -4.1
v 1.5 16.2 -4.1
v -2.2 16.2 -4.2
v -1.9 16.2 -4.2
v 1 16.2 -4.2
v 1.3 16.2 -4.2
v -1.9 16.2 -4.3
v -1.6 16.2 -4.3
v 0.7 16.2 -4.3
v 1 16.2 -4.3
v -1.6 16.2 -4.4
v -1.1 16.2 -4.4
v 0.2 16.2 -4.4
v 0.7 16.2 -4.4
v -1.1 16.2 -4.5
v -0.5 16.2 -4.5
v -0.400001 16.2 -4.5
v 0.2 16.2 -4.5
v -1.1 16.6 4.8
v -0.5 16.6 4.8
v -0.400001 16.6 4.8
v 0.2 16.6 4.8
v -1.6 16.6 4.7
v -1.1 16.6 4.7
v 0.2 16.6 4.7
v 0.7 16.6 4.7
v -2 16.6 4.6
v -1.6 16.6 4.6
v 0.7 16.6 4.6
v 1.1 16.6 4.6
v -2.3 16.6 4.5
v -2 16.6 4.5
v 1.1 16.6 4.5
v 1.4 16.6 4.5
v -2.5 16.6 4.4
v -2.3 16.6 4.4
v -1.1 16.6 4.4
v -0.5 16.6 4.4
v -0.400001 16.6 4.4
v 0.2 16.6 4.4
v 1.4 16.6 4.4
v 1.6 16.6 4.4
v -2.7 16.6 4.3
v -2.5 16.6 4.3
v -1.6 16.6 4.3
v -1.1 16.6 4.3
v 0.2 16.6 4.3
v 0.7 16.6 4.3
v 1.6 16.6 4.3
v 1.8 16.6 4.3
v -2.9 16.6 4.2
v -2.7 16.6 4.2
v -1.9 16.6 4.2
v -1.6 16.6 4.2
v 0.7 16.6 4.2
v 1 16.6 4.2
v 1.8 16.6 4.2
v 2 16.6 4.2
v -3 16.6 4.1
v -2.9 16.6 4.1
v -2.2 16.6 4.1
v -1.9 16.6 4.1
v 1 16.6 4.1
v 1.3 16.6 4.1
v 2 16.6 4.1
v 2.1 16.6 4.1
v -3.2 16.6 4
v -3 16.6 4
v -2.4 16.6 4
v -2.2 16.6 4
v 1.3 16.6 4
v 1.5 16.6 4
v 2.1 16.6 4
v 2.3 16.6 4
v -3.3 16.6 3.9
v -3.2 16.6 3.9
v -2.6 16.6 3.9
v -2.4 16.6 3.9
v 1.5 16.6 3.9
v 1.7 16.6 3.9
v 2.3 16.6 3.9
v 2.4 16.6 3.9
v -3.5 16.6 3.8
v -3.3 16.6 3.8
v -2.8 16.6 3.8
v -2.6 16.6 3.8
v 1.7 16.6 3.8
v 1.9 16.6 3.8
v 2.4 16.6 3.8
v 2.6 16.6 3.8
v -3.6 16.6 3.7
v -3.5 16.6 3.7
v -2.9 16.6 3.7
v -2.8 16.6 3.7
v 1.9 16.6 3.7
v 2 16.6 3.7
v 2.6 16.6 3.7
v 2.7 16.6 3.7
v -3.7 16.6 3.6
v -3.6 16.6 3.6
v -3.1 16.6 3.6
v -2.9 16.6 3.6
v 2 16.6 3.6
v 2.2 16.6 3.6
v 2.7 16.6 3.6
v 2.8 16.6 3.6
v -3.8 16.6 3.5
v -3.7 16.6 3.5
v -3.2 16.6 3.5
v -3.1 16.6 3.5
v 2.2 16.6 3.5
v 2.3 16.6 3.5
v 2.8 16.6 3.5
v 2.9 16.6 3.5
v -3.9 16.6 3.4
v -3.8 16.6 3.4
v -3.3 16.6 3.4
v -3.2 16.6 3.4
v 2.3 16.6 3.4
v 2.4 16.6 3.4
v 2.9 16.6 3.4
v 3 16.6 3.4
v -4 16.6 3.3
v -3.9 16.6 3.3
v -3.4 16.6 3.3
v -3.3 16.6 3.3
v 2.4 16.6 3.3
v 2.5 16.6 3.3
v 3 16.6 3.3
v 3.1 16.6 3.3
v -4.1 16.6 3.2
v -4 16.6 3.2
v -3.5 16.6 3.2
v -3.4 16.6 3.2
v 2.5 16.6 3.2
v 2.6 16.6 3.2
v 3.1 16.6 3.2
v 3.2 16.6 3.2
v -4.2 16.6 3.1
v -4.1 16.6 3.1
v -3.6 16.6 3.1
v -3.5 16.6 3.1
v 2.6 16.6 3.1
v 2.7 16.6 3.1
v 3.2 16.6 3.1
v 3.3 16.6 3.1
v -4.3 16.6 3
v -4.2 16.6 3
v -3.7 16.6 3
v -3.6 16.6 3
v 2.7 16.6 3
v 2.8 16.6 3
v 3.3 16.6 3
v 3.4 16.6 3
v -3.8 16.6 2.9
v -3.7 16.6 2.9
v 2.8 16.6 2.9
v 2.9 16.6 2.9
v -4.4 16.6 2.8
v -4.3 16.6 2.8
v -3.9 16.6 2.8
v -3.8 16.6 2.8
v 2.9 16.6 2.8
v 3 16.6 2.8
v 3.4 16.6 2.8
v 3.5 16.6 2.8
v -4.5 16.6 2.7
v -4.4 16.6 2.7
v -4 16.6 2.7
v -3.9 16.6 2.7
v 3 16.6 2.7
v 3.1 16.6 2.7
v 3.5 16.6 2.7
v 3.6 16.6 2.7
v -4.1 16.6 2.6
v -4 16.6 2.6
v 3.1 16.6 2.6
v 3.2 16.6 2.6
v -4.6 16.6 2.5
v -4.5 16.6 2.5
v 3.6 16.6 2.5
v 3.7 16.6 2.5
v -4.7 16.6 2.4
v -4.6 16.6 2.4
v -4.2 16.6 2.4
v -4.1 16.6 2.4
v 3.2 16.6 2.4
v 3.3 16.6 2.4
v 3.7 16.6 2.4
v 3.8 16.6 2.4
v -4.3 16.6 2.3
v -4.2 16.6 2.3
v 3.3 16.6 2.3
v 3.4 16.6 2.3
v -4.8 16.6 2.2
v -4.7 16.6 2.2
v 3.8 16.6 2.2
v 3.9 16.6 2.2
v -4.4 16.6 2.1
v -4.3 16.6 2.1
v 3.4 16.6 2.1
v 3.5 16.6 2.1
v -4.9 16.6 2
v -4.8 16.6 2
v 3.9 16.6 2
v 4 16.6 2
v -4.5 16.6 1.9
v -4.4 16.6 1.9
v 3.5 16.6 1.9
v 3.6 16.6 1.9
v -5 16.6 1.8
v -4.9 16.6 1.8
v 4 16.6 1.8
v 4.1 16.6 1.8
v -4.6 16.6 1.7
v -4.5 16.6 1.7
v 3.6 16.6 1.7
v 3.7 16.6 1.7
v -5.1 16.6 1.5
v -5 16.6 1.5
v 4.1 16.6 1.5
v 4.2 16.6 1.5
v -4.7 16.6 1.4
v -4.6 16.6 1.4
v 3.7 16.6 1.4
v 3.8 16.6 1.4
v -5.2 16.6 1.1
v -5.1 16.6 1.1
v -4.8 16.6 1.1
v -4.7 16.6 1.1
v 3.8 16.6 1.1
v 3.9 16.6 1.1
v 4.2 16.6 1.1
v 4.3 16.6 1.1
v -5.3 16.6 0.6
v -5.2 16.6 0.6
v -4.9 16.6 0.6
v -4.8 16.6 0.6
v 3.9 16.6 0.6
v 4 16.6 0.6
v 4.3 16.6 0.6
v 4.4 16.6 0.6
v -5.3 16.6 0
v -4.9 16.6 0
v 4 16.6 0
v 4.4 16.6 0
v -5.3 16.6 -0.0999994
v -4.9 16.6 -0.0999994
v 4 16.6 -0.0999994
v 4.4 16.6 -0.0999994
v -5.3 16.6 -0.7
v -5.2 16.6 -0.7
v -4.9 16.6 -0.7
v -4.8 16.6 -0.7
v 3.9 16.6 -0.7
v 4 16.6 -0.7
v 4.3 16.6 -0.7
v 4.4 16.6 -0.7
v -5.2 16.6 -1.2
v -5.1 16.6 -1.2
v -4.8 16.6 -1.2
v -4.7 16.6 -1.2
v 3.8 16.6 -1.2
v 3.9 16.6 -1.2
v 4.2 16.6 -1.2
v 4.3 16.6 -1.2
v -4.7 16.6 -1.5
v -4.6 16.6 -1.5
v 3.7 16.6 -1.5
v 3.8 16.6 -1.5
v -5.1 16.6 -1.6
v -5 16.6 -1.6
v 4.1 16.6 -1.6
v 4.2 16.6 -1.6
v -4.6 16.6 -1.8
v -4.5 16.6 -1.8
v 3.6 16.6 -1.8
v 3.7 16.6 -1.8
v -5 16.6 -1.9
v -4.9 16.6 -1.9
v 4 16.6 -1.9
v 4.1 16.6 -1.9
v -4.5 16.6 -2
v -4.4 16.6 -2
v 3.5 16.6 -2
v 3.6 16.6 -2
v -4.9 16.6 -2.1
v -4.8 16.6 -2.1
v 3.9 16.6 -2.1
v 4 16.6 -2.1
v -4.4 16.6 -2.2
v -4.3 16.6 -2.2
v 3.4 16.6 -2.2
v 3.5 16.6 -2.2
v -4.8 16.6 -2.3
v -4.7 16.6 -2.3
v 3.8 16.6 -2.3
v 3.9 16.6 -2.3
v -4.3 16.6 -2.4
v -4.2 16.6 -2.4
v 3.3 16.6 -2.4
v 3.4 16.6 -2.4
v -4.7 16.6 -2.5
v -4.6 16.6 -2.5
v -4.2 16.6 -2.5
v -4.1 16.6 -2.5
v 3.2 16.6 -2.5
v 3.3 16.6 -2.5
v 3.7 16.6 -2.5
v 3.8 16.6 -2.5
v -4.6 16.6 -2.6
v -4.5 16.6 -2.6
v 3.6 16.6 -2.6
v 3.7 16.6 -2.6
v -4.1 16.6 -2.7
v -4 16.6 -2.7
v 3.1 16.6 -2.7
v 3.2 16.6 -2.7
v -4.5 16.6 -2.8
v -4.4 16.6 -2.8
v -4 16.6 -2.8
v -3.9 16.6 -2.8
v 3 16.6 -2.8
v 3.1 16.6 -2.8
v 3.5 16.6 -2.8
v 3.6 16.6 -2.8
v -4.4 16.6 -2.9
v -4.3 16.6 -2.9
v -3.9 16.6 -2.9
v -3.8 16.6 -2.9
v 2.9 16.6 -2.9
v 3 16.6 -2.9
v 3.4 16.6 -2.9
v 3.5 16.6 -2.9
v -3.8 16.6 -3
v -3.7 16.6 -3
v 2.8 16.6 -3
v 2.9 16.6 -3
v -4.3 16.6 -3.1
v -4.2 16.6 -3.1
v -3.7 16.6 -3.1
v -3.6 16.6 -3.1
v 2.7 16.6 -3.1
v 2.8 16.6 -3.1
v 3.3 16.6 -3.1
v 3.4 16.6 -3.1
v -4.2 16.6 -3.2
v -4.1 16.6 -3.2
v -3.6 16.6 -3.2
v -3.5 16.6 -3.2
v 2.6 16.6 -3.2
v 2.7 16.6 -3.2
v 3.2 16.6 -3.2
v 3.3 16.6 -3.2
v -4.1 16.6 -3.3
v -4 16.6 -3.3
v -3.5 16.6 -3.3
v -3.4 16.6 -3.3
v 2.5 16.6 -3.3
v 2.6 16.6 -3.3
v 3.1 16.6 -3.3
v 3.2 16.6 -3.3
v -4 16.6 -3.4
v -3.9 16.6 -3.4
v -3.4 16.6 -3.4
v -3.3 16.6 -3.4
v 2.4 16.6 -3.4
v 2.5 16.6 -3.4
v 3 16.6 -3.4
v 3.1 16.6 -3.4
v -3.9 16.6 -3.5
v -3.8 16.6 -3.5
v -3.3 16.6 -3.5
v -3.2 16.6 -3.5
v 2.3 16.6 -3.5
v 2.4 16.6 -3.5
v 2.9 16.6 -3.5
v 3 16.6 -3.5
v -3.8 16.6 -3.6
v -3.7 16.6 -3.6
v -3.2 16.6 -3.6
v -3.1 16.6 -3.6
v 2.2 16.6 -3.6
v 2.3 16.6 -3.6
v 2.8 16.6 -3.6
v 2.9 16.6 -3.6
v -3.7 16.6 -3.7
v -3.6 16.6 -3.7
v -3.1 16.6 -3.7
v -2.9 16.6 -3.7
v 2 16.6 -3.7
v 2.2 16.6 -3.7
v 2.7 16.6 -3.7
v 2.8 16.6 -3.7
v -3.6 16.6 -3.8
v -3.5 16.6 -3.8
v -2.9 16.6 -3.8
v -2.8 16.6 -3.8
v 1.9 16.6 -3.8
v 2 16.6 -3.8
v 2.6 16.6 -3.8
v 2.7 16.6 -3.8
v -3.5 16.6 -3.9
v -3.3 16.6 -3.9
v -2.8 16.6 -3.9
v -2.6 16.6 -3.9
v 1.7 16.6 -3.9
v 1.9 16.6 -3.9
v 2.4 16.6 -3.9
v 2.6 16.6 -3.9
v -3.3 16.6 -4
v -3.2 16.6 -4
v -2.6 16.6 -4
v -2.4 16.6 -4
v 1.5 16.6 -4
v 1.7 16.6 -4
v 2.3 16.6 -4
v 2.4 16.6 -4
v -3.2 16.6 -4.1
v -3 16.6 -4.1
v -2.4 16.6 -4.1
v -2.2 16.6 -4.1
v 1.3 16.6 -4.1
v 1.5 16.6 -4.1
v 2.1 16.6 -4.1
v 2.3 16.6 -4.1
v -3 16.6 -4.2
v -2.9 16.6 -4.2
v -2.2 16.6 -4.2
v -1.9 16.6 -4.2
v 1 16.6 -4.2
v 1.3 16.6 -4.2
v 2 16.6 -4.2
v 2.1 16.6 -4.2
v -2.9 16.6 -4.3
v -2.7 16.6 -4.3
v -1.9 16.6 -4.3
v -1.6 16.6 -4.3
v 0.7 16.6 -4.3
v 1 16.6 -4.3
v 1.8 16.6 -4.3
v 2 16.6 -4.3
v -2.7 16.6 -4.4
v -2.5 16.6 -4.4
v -1.6 16.6 -4.4
v -1.1 16.6 -4.4
v 0.2 16.6 -4.4
v 0.7 16.6 -4.4
v 1.6 16.6 -4.4
v 1.8 16.6 -4.4
v -2.5 16.6 -4.5
v -2.3 16.6 -4.5
v -1.1 16.6 -4.5
v -0.5 16.6 -4.5
v -0.400001 16.6 -4.5
v 0.2 16.6 -4.5
v 1.4 16.6 -4.5
v 1.6 16.6 -4.5
v -2.3 16.6 -4.6
v -2 16.6 -4.6
v 1.1 16.6 -4.6
v 1.4 16.6 -4.6
v -2 16.6 -4.7
v -1.6 16.6 -4.7
v 0.7 16.6 -4.7
v 1.1 16.6 -4.7
v -1.6 16.6 -4.8
v -1.1 16.6 -4.8
v 0.2 16.6 -4.8
v 0.7 16.6 -4.8
v -1.1 16.6 -4.9
v -0.5 16.6 -4.9
v -0.400001 16.6 -4.9
v 0.2 16.6 -4.9
v -1.2 17 5.2
v -0.5 17 5.2
v -0.400001 17 5.2
v 0.3 17 5.2
v -1.7 17 5.1
v -1.2 17 5.1
v 0.3 17 5.1
v 0.8 17 5.1
v -2.1 17 5
v -1.7 17 5
v 0.8 17 5
v 1.2 17 5
v -2.3 17 4.9
v -2.1 17 4.9
v 1.2 17 4.9
v 1.4 17 4.9
v -2.6 17 4.8
v -2.3 17 4.8
v -1.1 17 4.8
v -0.5 17 4.8
v -0.400001 17 4.8
v 0.2 17 4.8
v 1.4 17 4.8
v 1.7 17 4.8
v -2.8 17 4.7
v -2.6 17 4.7
v -1.6 17 4.7
v -1.1 17 4.7
v 0.2 17 4.7
v 0.7 17 4.7
v 1.7 17 4.7
v 1.9 17 4.7
v -3 17 4.6
v -2.8 17 4.6
v -2 17 4.6
v -1.6 17 4.6
v 0.7 17 4.6
v 1.1 17 4.6
v 1.9 17 4.6
v 2.1 17 4.6
v -3.2 17 4.5
v -3 17 4.5
v -2.3 17 4.5
v -2 17 4.5
v 1.1 17 4.5
v 1.4 17 4.5
v 2.1 17 4.5
v 2.3 17 4.5
v -3.3 17 4.4
v -3.2 17 4.4
v -2.5 17 4.4
v -2.3 17 4.4
v 1.4 17 4.4
v 1.6 17 4.4
v 2.3 17 4.4
v 2.4 17 4.4
v -3.5 17 4.3
v -3.3 17 4.3
v -2.7 17 4.3
v -2.5 17 4.3
v 1.6 17 4.3
v 1.8 17 4.3
v 2.4 17 4.3
v 2.6 17 4.3
v -3.6 17 4.2
v -3.5 17 4.2
v -2.9 17 4.2
v -2.7 17 4.2
v 1.8 17 4.2
v 2 17 4.2
v 2.6 17 4.2
v 2.7 17 4.2
v -3.7 17 4.1
v -3.6 17 4.1
v -3 17 4.1
v -2.9 17 4.1
v 2 17 4.1
v 2.1 17 4.1
v 2.7 17 4.1
v 2.8 17 4.1
v -3.9 17 4
v -3.7 17 4
v -3.2 17 4
v -3 17 4
v 2.1 17 4
v 2.3 17 4
v 2.8 17 4
v 3 17 4
v -4 17 3.9
v -3.9 17 3.9
v -3.3 17 3.9
v -3.2 17 3.9
v 2.3 17 3.9
v 2.4 17 3.9
v 3 17 3.9
v 3.1 17 3.9
v -4.1 17 3.8
v -4 17 3.8
v -3.5 17 3.8
v -3.3 17 3.8
v 2.4 17 3.8
v 2.6 17 3.8
v 3.1 17 3.8
v 3.2 17 3.8
v -4.2 17 3.7
v -4.1 17 3.7
v -3.6 17 3.7
v -3.5 17 3.7
v 2.6 17 3.7
v 2.7 17 3.7
v 3.2 17 3.7
v 3.3 17 3.7
v -4.3 17 3.6
v -4.2 17 3.6
v -3.7 17 3.6
v -3.6 17 3.6
v 2.7 17 3.6
v 2.8 17 3.6
v 3.3 17 3.6
v 3.4 17 3.6
v -4.4 17 3.5
v -4.3 17 3.5
v -3.8 17 3.5
v -3.7 17 3.5
v 2.8 17 3.5
v 2.9 17 3.5
v 3.4 17 3.5
v 3.5 17 3.5
v -4.5 17 3.4
v -4.4 17 3.4
v -3.9 17 3.4
v -3.8 17 3.4
v 2.9 17 3.4
v 3 17 3.4
v 3.5 17 3.4
v 3.6 17 3.4
v -4 17 3.3
v -3.9 17 3.3
v 3 17 3.3
v 3.1 17 3.3
v -4.6 17 3.2
v -4.5 17 3.2
v -4.1 17 3.2
v -4 17 3.2
v 3.1 17 3.2
v 3.2 17 3.2
v 3.6 17 3.2
v 3.7 17 3.2
v -4.7 17 3.1
v -4.6 17 3.1
v -4.2 17 3.1
v -4.1 17 3.1
v 3.2 17 3.1
v 3.3 17 3.1
v 3.7 17 3.1
v 3.8 17 3.1
v -4.8 17 3
v -4.7 17 3
v -4.3 17 3
v -4.2 17 3
v 3.3 17 3
v 3.4 17 3
v 3.8 17 3
v 3.9 17 3
v -4.9 17 2.8
v -4.8 17 2.8
v -4.4 17 2.8
v -4.3 17 2.8
v 3.4 17 2.8
v 3.5 17 2.8
v 3.9 17 2.8
v 4 17 2.8
v -5 17 2.7
v -4.9 17 2.7
v -4.5 17 2.7
v -4.4 17 2.7
v 3.5 17 2.7
v 3.6 17 2.7
v 4 17 2.7
v 4.1 17 2.7
v -5.1 17 2.5
v -5 17 2.5
v -4.6 17 2.5
v -4.5 17 2.5
v 3.6 17 2.5
v 3.7 17 2.5
v 4.1 17 2.5
v 4.2 17 2.5
v -4.7 17 2.4
v -4.6 17 2.4
v 3.7 17 2.4
v 3.8 17 2.4
v -5.2 17 2.3
v -5.1 17 2.3
v 4.2 17 2.3
v 4.3 17 2.3
v -4.8 17 2.2
v -4.7 17 2.2
v 3.8 17 2.2
v 3.9 17 2.2
v -5.3 17 2.1
v -5.2 17 2.1
v 4.3 17 2.1
v 4.4 17 2.1
v -4.9 17 2
v -4.8 17 2
v 3.9 17 2
v 4 17 2
v -5.4 17 1.8
v -5.3 17 1.8
v -5 17 1.8
v -4.9 17 1.8
v 4 17 1.8
v 4.1 17 1.8
v 4.4 17 1.8
v 4.5 17 1.8
v -5.5 17 1.6
v -5.4 17 1.6
v 4.5 17 1.6
v 4.6 17 1.6
v -5.1 17 1.5
v -5 17 1.5
v 4.1 17 1.5
v 4.2 17 1.5
v -5.6 17 1.2
v -5.5 17 1.2
v 4.6 17 1.2
v 4.7 17 1.2
v -5.2 17 1.1
v -5.1 17 1.1
v 4.2 17 1.1
v 4.3 17 1.1
v -5.7 17 0.7
v -5.6 17 0.7
v 4.7 17 0.7
v 4.8 17 0.7
v -5.3 17 0.6
v -5.2 17 0.6
v 4.3 17 0.6
v 4.4 17 0.6
v -5.7 17 0
v -5.3 17 0
v 4.4 17 0
v 4.8 17 0
v -5.7 17 -0.0999994
v -5.3 17 -0.0999994
v 4.4 17 -0.0999994
v 4.8 17 -0.0999994
v -5.3 17 -0.7
v -5.2 17 -0.7
v 4.3 17 -0.7
v 4.4 17 -0.7
v -5.7 17 -0.8
v -5.6 17 -0.8
v 4.7 17 -0.8
v 4.8 17 -0.8
v -5.2 17 -1.2
v -5.1 17 -1.2
v 4.2 17 -1.2
v 4.3 17 -1.2
v -5.6 17 -1.3
v -5.5 17 -1.3
v 4.6 17 -1.3
v 4.7 17 -1.3
v -5.1 17 -1.6
v -5 17 -1.6
v 4.1 17 -1.6
v 4.2 17 -1.6
v -5.5 17 -1.7
v -5.4 17 -1.7
v 4.5 17 -1.7
v 4.6 17 -1.7
v -5.4 17 -1.9
v -5.3 17 -1.9
v -5 17 -1.9
v -4.9 17 -1.9
v 4 17 -1.9
v 4.1 17 -1.9
v 4.4 17 -1.9
v 4.5 17 -1.9
v -4.9 17 -2.1
v -4.8 17 -2.1
v 3.9 17 -2.1
v 4 17 -2.1
v -5.3 17 -2.2
v -5.2 17 -2.2
v 4.3 17 -2.2
v 4.4 17 -2.2
v -4.8 17 -2.3
v -4.7 17 -2.3
v 3.8 17 -2.3
v 3.9 17 -2.3
v -5.2 17 -2.4
v -5.1 17 -2.4
v 4.2 17 -2.4
v 4.3 17 -2.4
v -4.7 17 -2.5
v -4.6 17 -2.5
v 3.7 17 -2.5
v 3.8 17 -2.5
v -5.1 17 -2.6
v -5 17 -2.6
v -4.6 17 -2.6
v -4.5 17 -2.6
v 3.6 17 -2.6
v 3.7 17 -2.6
v 4.1 17 -2.6
v 4.2 17 -2.6
v -5 17 -2.8
v -4.9 17 -2.8
v -4.5 17 -2.8
v -4.4 17 -2.8
v 3.5 17 -2.8
v 3.6 17 -2.8
v 4 17 -2.8
v 4.1 17 -2.8
v -4.9 17 -2.9
v -4.8 17 -2.9
v -4.4 17 -2.9
v -4.3 17 -2.9
v 3.4 17 -2.9
v 3.5 17 -2.9
v 3.9 17 -2.9
v 4 17 -2.9
v -4.8 17 -3.1
v -4.7 17 -3.1
v -4.3 17 -3.1
v -4.2 17 -3.1
v 3.3 17 -3.1
v 3.4 17 -3.1
v 3.8 17 -3.1
v 3.9 17 -3.1
v -4.7 17 -3.2
v -4.6 17 -3.2
v -4.2 17 -3.2
v -4.1 17 -3.2
v 3.2 17 -3.2
v 3.3 17 -3.2
v 3.7 17 -3.2
v 3.8 17 -3.2
v -4.6 17 -3.3
v -4.5 17 -3.3
v -4.1 17 -3.3
v -4 17 -3.3
v 3.1 17 -3.3
v 3.2 17 -3.3
v 3.6 17 -3.3
v 3.7 17 -3.3
v -4 17 -3.4
v -3.9 17 -3.4
v 3 17 -3.4
v 3.1 17 -3.4
v -4.5 17 -3.5
v -4.4 17 -3.5
v -3.9 17 -3.5
v -3.8 17 -3.5
v 2.9 17 -3.5
v 3 17 -3.5
v 3.5 17 -3.5
v 3.6 17 -3.5
v -4.4 17 -3.6
v -4.3 17 -3.6
v -3.8 17 -3.6
v -3.7 17 -3.6
v 2.8 17 -3.6
v 2.9 17 -3.6
v 3.4 17 -3.6
v 3.5 17 -3.6
v -4.3 17 -3.7
v -4.2 17 -3.7
v -3.7 17 -3.7
v -3.6 17 -3.7
v 2.7 17 -3.7
v 2.8 17 -3.7
v 3.3 17 -3.7
v 3.4 17 -3.7
v -4.2 17 -3.8
v -4.1 17 -3.8
v -3.6 17 -3.8
v -3.5 17 -3.8
v 2.6 17 -3.8
v 2.7 17 -3.8
v 3.2 17 -3.8
v 3.3 17 -3.8
v -4.1 17 -3.9
v -4 17 -3.9
v -3.5 17 -3.9
v -3.3 17 -3.9
v 2.4 17 -3.9
v 2.6 17 -3.9
v 3.1 17 -3.9
v 3.2 17 -3.9
v -4 17 -4
v -3.9 17 -4
v -3.3 17 -4
v -3.2 17 -4
v 2.3 17 -4
v 2.4 17 -4
v 3 17 -4
v 3.1 17 -4
v -3.9 17 -4.1
v -3.7 17 -4.1
v -3.2 17 -4.1
v -3 17 -4.1
v 2.1 17 -4.1
v 2.3 17 -4.1
v 2.8 17 -4.1
v 3 17 -4.1
v -3.7 17 -4.2
v -3.6 17 -4.2
v -3 17 -4.2
v -2.9 17 -4.2
v 2 17 -4.2
v 2.1 17 -4.2
v 2.7 17 -4.2
v 2.8 17 -4.2
v -3.6 17 -4.3
v -3.5 17 -4.3
v -2.9 17 -4.3
v -2.7 17 -4.3
v 1.8 17 -4.3
v 2 17 -4.3
v 2.6 17 -4.3
v 2.7 17 -4.3
v -3.5 17 -4.4
v -3.3 17 -4.4
v -2.7 17 -4.4
v -2.5 17 -4.4
v 1.6 17 -4.4
v 1.8 17 -4.4
v 2.4 17 -4.4
v 2.6 17 -4.4
v -3.3 17 -4.5
v -3.2 17 -4.5
v -2.5 17 -4.5
v -2.3 17 -4.5
v 1.4 17 -4.5
v 1.6 17 -4.5
v 2.3 17 -4.5
v 2.4 17 -4.5
v -3.2 17 -4.6
v -3 17 -4.6
v -2.3 17 -4.6
v -2 17 -4.6
v 1.1 17 -4.6
v 1.4 17 -4.6
v 2.1 17 -4.6
v 2.3 17 -4.6
v -3 17 -4.7
v -2.8 17 -4.7
v -2 17 -4.7
v -1.6 17 -4.7
v 0.7 17 -4.7
v 1.1 17 -4.7
v 1.9 17 -4.7
v 2.1 17 -4.7
v -2.8 17 -4.8
v -2.6 17 -4.8
v -1.6 17 -4.8
v -1.1 17 -4.8
v 0.2 17 -4.8
v 0.7 17 -4.8
v 1.7 17 -4.8
v 1.9 17 -4.8
v -2.6 17 -4.9
v -2.3 17 -4.9
v -1.1 17 -4.9
v -0.5 17 -4.9
v -0.400001 17 -4.9
v 0.2 17 -4.9
v 1.4 17 -4.9
v 1.7 17 -4.9
v -2.3 17 -5
v -2.1 17 -5
v 1.2 17 -5
v 1.4 17 -5
v -2.1 17 -5.1
v -1.7 17 -5.1
v 0.8 17 -5.1
v 1.2 17 -5.1
v -1.7 17 -5.2
v -1.2 17 -5.2
v 0.3 17 -5.2
v 0.8 17 -5.2
v -1.2 17 -5.3
v -0.5 17 -5.3
v -0.400001 17 -5.3
v 0.3 17 -5.3
v -1.3 17.7 6.4
v -0.6 17.7 6.4
v -0.400001 17.7 6.4
v 0.4 17.7 6.4
v -1.8 17.7 6.3
v -1.3 17.7 6.3
v -0.6 17.7 6.3
v -0.5 17.7 6.3
v 0.4 17.7 6.3
v 0.9 17.7 6.3
v -2.2 17.7 6.2
v -1.8 17.7 6.2
v 0.9 17.7 6.2
v 1.3 17.7 6.2
v -2.5 17.7 6.1
v -2.2 17.7 6.1
v 1.3 17.7 6.1
v 1.6 17.7 6.1
v -2.8 17.7 6
v -2.5 17.7 6
v 1.6 17.7 6
v 1.9 17.7 6
v -3.1 17.7 5.9
v -2.8 17.7 5.9
v 1.9 17.7 5.9
v 2.2 17.7 5.9
v -3.3 17.7 5.8
v -3.1 17.7 5.8
v 2.2 17.7 5.8
v 2.4 17.7 5.8
v -3.5 17.7 5.7
v -3.3 17.7 5.7
v 2.4 17.7 5.7
v 2.6 17.7 5.7
v -3.7 17.7 5.6
v -3.5 17.7 5.6
v 2.6 17.7 5.6
v 2.8 17.7 5.6
v -3.8 17.7 5.5
v -3.7 17.7 5.5
v 2.8 17.7 5.5
v 2.9 17.7 5.5
v -4 17.7 5.4
v -3.8 17.7 5.4
v 2.9 17.7 5.4
v 3.1 17.7 5.4
v -4.1 17.7 5.3
v -4 17.7 5.3
v 3.1 17.7 5.3
v 3.2 17.7 5.3
v -4.3 17.7 5.2
v -4.1 17.7 5.2
v -1.2 17.7 5.2
v -0.5 17.7 5.2
v -0.400001 17.7 5.2
v 0.3 17.7 5.2
v 3.2 17.7 5.2
v 3.4 17.7 5.2
v -4.4 17.7 5.1
v -4.3 17.7 5.1
v -1.7 17.7 5.1
v -1.2 17.7 5.1
v 0.3 17.7 5.1
v 0.8 17.7 5.1
v 3.4 17.7 5.1
v 3.5 17.7 5.1
v -4.5 17.7 5
v -4.4 17.7 5
v -2.1 17.7 5
v -1.7 17.7 5
v 0.8 17.7 5
v 1.2 17.7 5
v 3.5 17.7 5
v 3.6 17.7 5
v -4.6 17.7 4.9
v -4.5 17.7 4.9
v -2.3 17.7 4.9
v -2.1 17.7 4.9
v 1.2 17.7 4.9
v 1.4 17.7 4.9
v 3.6 17.7 4.9
v 3.7 17.7 4.9
v -4.8 17.7 4.8
v -4.6 17.7 4.8
v -2.6 17.7 4.8
v -2.3 17.7 4.8
v 1.4 17.7 4.8
v 1.7 17.7 4.8
v 3.7 17.7 4.8
v 3.9 17.7 4.8
v -4.9 17.7 4.7
v -4.8 17.7 4.7
v -2.8 17.7 4.7
v -2.6 17.7 4.7
v 1.7 17.7 4.7
v 1.9 17.7 4.7
v 3.9 17.7 4.7
v 4 17.7 4.7
v -5 17.7 4.6
v -4.9 17.7 4.6
v -3 17.7 4.6
v -2.8 17.7 4.6
v 1.9 17.7 4.6
v 2.1 17.7 4.6
v 4 17.7 4.6
v 4.1 17.7 4.6
v -5.1 17.7 4.5
v -5 17.7 4.5
v -3.2 17.7 4.5
v -3 17.7 4.5
v 2.1 17.7 4.5
v 2.3 17.7 4.5
v 4.1 17.7 4.5
v 4.2 17.7 4.5
v -5.2 17.7 4.4
v -5.1 17.7 4.4
v -3.3 17.7 4.4
v -3.2 17.7 4.4
v 2.3 17.7 4.4
v 2.4 17.7 4.4
v 4.2 17.7 4.4
v 4.3 17.7 4.4
v -5.3 17.7 4.3
v -5.2 17.7 4.3
v -3.5 17.7 4.3
v -3.3 17.7 4.3
v 2.4 17.7 4.3
v 2.6 17.7 4.3
v 4.3 17.7 4.3
v 4.4 17.7 4.3
v -3.6 17.7 4.2
v -3.5 17.7 4.2
v 2.6 17.7 4.2
v 2.7 17.7 4.2
v -5.4 17.7 4.1
v -5.3 17.7 4.1
v -3.7 17.7 4.1
v -3.6 17.7 4.1
v 2.7 17.7 4.1
v 2.8 17.7 4.1
v 4.4 17.7 4.1
v 4.5 17.7 4.1
v -5.5 17.7 4
v -5.4 17.7 4
v -3.9 17.7 4
v -3.7 17.7 4
v 2.8 17.7 4
v 3 17.7 4
v 4.5 17.7 4
v 4.6 17.7 4
v -5.6 17.7 3.9
v -5.5 17.7 3.9
v -4 17.7 3.9
v -3.9 17.7 3.9
v 3 17.7 3.9
v 3.1 17.7 3.9
v 4.6 17.7 3.9
v 4.7 17.7 3.9
v -5.7 17.7 3.8
v -5.6 17.7 3.8
v -4.1 17.7 3.8
v -4 17.7 3.8
v 3.1 17.7 3.8
v 3.2 17.7 3.8
v 4.7 17.7 3.8
v 4.8 17.7 3.8
v -4.2 17.7 3.7
v -4.1 17.7 3.7
v 3.2 17.7 3.7
v 3.3 17.7 3.7
v -5.8 17.7 3.6
v -5.7 17.7 3.6
v -4.3 17.7 3.6
v -4.2 17.7 3.6
v 3.3 17.7 3.6
v 3.4 17.7 3.6
v 4.8 17.7 3.6
v 4.9 17.7 3.6
v -5.9 17.7 3.5
v -5.8 17.7 3.5
v -4.4 17.7 3.5
v -4.3 17.7 3.5
v 3.4 17.7 3.5
v 3.5 17.7 3.5
v 4.9 17.7 3.5
v 5 17.7 3.5
v -4.5 17.7 3.4
v -4.4 17.7 3.4
v 3.5 17.7 3.4
v 3.6 17.7 3.4
v -6 17.7 3.3
v -5.9 17.7 3.3
v 5 17.7 3.3
v 5.1 17.7 3.3
v -6.1 17.7 3.2
v -6 17.7 3.2
v -4.6 17.7 3.2
v -4.5 17.7 3.2
v 3.6 17.7 3.2
v 3.7 17.7 3.2
v 5.1 17.7 3.2
v 5.2 17.7 3.2
v -4.7 17.7 3.1
v -4.6 17.7 3.1
v 3.7 17.7 3.1
v 3.8 17.7 3.1
v -6.2 17.7 3
v -6.1 17.7 3
v -4.8 17.7 3
v -4.7 17.7 3
v 3.8 17.7 3
v 3.9 17.7 3
v 5.2 17.7 3
v 5.3 17.7 3
v -6.3 17.7 2.8
v -6.2 17.7 2.8
v -4.9 17.7 2.8
v -4.8 17.7 2.8
v 3.9 17.7 2.8
v 4 17.7 2.8
v 5.3 17.7 2.8
v 5.4 17.7 2.8
v -5 17.7 2.7
v -4.9 17.7 2.7
v 4 17.7 2.7
v 4.1 17.7 2.7
v -6.4 17.7 2.6
v -6.3 17.7 2.6
v 5.4 17.7 2.6
v 5.5 17.7 2.6
v -5.1 17.7 2.5
v -5 17.7 2.5
v 4.1 17.7 2.5
v 4.2 17.7 2.5
v -6.5 17.7 2.3
v -6.4 17.7 2.3
v -5.2 17.7 2.3
v -5.1 17.7 2.3
v 4.2 17.7 2.3
v 4.3 17.7 2.3
v 5.5 17.7 2.3
v 5.6 17.7 2.3
v -5.3 17.7 2.1
v -5.2 17.7 2.1
v 4.3 17.7 2.1
v 4.4 17.7 2.1
v -6.6 17.7 2
v -6.5 17.7 2
v 5.6 17.7 2
v 5.7 17.7 2
v -5.4 17.7 1.8
v -5.3 17.7 1.8
v 4.4 17.7 1.8
v 4.5 17.7 1.8
v -6.7 17.7 1.7
v -6.6 17.7 1.7
v 5.7 17.7 1.7
v 5.8 17.7 1.7
v -5.5 17.7 1.6
v -5.4 17.7 1.6
v 4.5 17.7 1.6
v 4.6 17.7 1.6
v -6.8 17.7 1.3
v -6.7 17.7 1.3
v 5.8 17.7 1.3
v 5.9 17.7 1.3
v -5.6 17.7 1.2
v -5.5 17.7 1.2
v 4.6 17.7 1.2
v 4.7 17.7 1.2
v -6.9 17.7 0.8
v -6.8 17.7 0.8
v 5.9 17.7 0.8
v 6 17.7 0.8
v -5.7 17.7 0.7
v -5.6 17.7 0.7
v 4.7 17.7 0.7
v 4.8 17.7 0.7
v -6.9 17.7 0
v -5.7 17.7 0
v 4.8 17.7 0
v 6 17.7 0
v -6.9 17.7 -0.0999994
v -5.7 17.7 -0.0999994
v 4.8 17.7 -0.0999994
v 5.9 17.7 -0.0999994
v 5.9 17.7 -0.2
v 6 17.7 -0.2
v -5.7 17.7 -0.8
v -5.6 17.7 -0.8
v 4.7 17.7 -0.8
v 4.8 17.7 -0.8
v -6.9 17.7 -0.9
v -6.8 17.7 -0.9
v 5.9 17.7 -0.9
v 6 17.7 -0.9
v -5.6 17.7 -1.3
v -5.5 17.7 -1.3
v 4.6 17.7 -1.3
v 4.7 17.7 -1.3
v -6.8 17.7 -1.4
v -6.7 17.7 -1.4
v 5.8 17.7 -1.4
v 5.9 17.7 -1.4
v -5.5 17.7 -1.7
v -5.4 17.7 -1.7
v 4.5 17.7 -1.7
v 4.6 17.7 -1.7
v -6.7 17.7 -1.8
v -6.6 17.7 -1.8
v 5.7 17.7 -1.8
v 5.8 17.7 -1.8
v -5.4 17.7 -1.9
v -5.3 17.7 -1.9
v 4.4 17.7 -1.9
v 4.5 17.7 -1.9
v -6.6 17.7 -2.1
v -6.5 17.7 -2.1
v 5.6 17.7 -2.1
v 5.7 17.7 -2.1
v -5.3 17.7 -2.2
v -5.2 17.7 -2.2
v 4.3 17.7 -2.2
v 4.4 17.7 -2.2
v -6.5 17.7 -2.4
v -6.4 17.7 -2.4
v -5.2 17.7 -2.4
v -5.1 17.7 -2.4
v 4.2 17.7 -2.4
v 4.3 17.7 -2.4
v 5.5 17.7 -2.4
v 5.6 17.7 -2.4
v -5.1 17.7 -2.6
v -5 17.7 -2.6
v 4.1 17.7 -2.6
v 4.2 17.7 -2.6
v -6.4 17.7 -2.7
v -6.3 17.7 -2.7
v 5.4 17.7 -2.7
v 5.5 17.7 -2.7
v -5 17.7 -2.8
v -4.9 17.7 -2.8
v 4 17.7 -2.8
v 4.1 17.7 -2.8
v -6.3 17.7 -2.9
v -6.2 17.7 -2.9
v -4.9 17.7 -2.9
v -4.8 17.7 -2.9
v 3.9 17.7 -2.9
v 4 17.7 -2.9
v 5.3 17.7 -2.9
v 5.4 17.7 -2.9
v -6.2 17.7 -3.1
v -6.1 17.7 -3.1
v -4.8 17.7 -3.1
v -4.7 17.7 -3.1
v 3.8 17.7 -3.1
v 3.9 17.7 -3.1
v 5.2 17.7 -3.1
v 5.3 17.7 -3.1
v -4.7 17.7 -3.2
v -4.6 17.7 -3.2
v 3.7 17.7 -3.2
v 3.8 17.7 -3.2
v -6.1 17.7 -3.3
v -6 17.7 -3.3
v -4.6 17.7 -3.3
v -4.5 17.7 -3.3
v 3.6 17.7 -3.3
v 3.7 17.7 -3.3
v 5.1 17.7 -3.3
v 5.2 17.7 -3.3
v -6 17.7 -3.4
v -5.9 17.7 -3.4
v 5 17.7 -3.4
v 5.1 17.7 -3.4
v -4.5 17.7 -3.5
v -4.4 17.7 -3.5
v 3.5 17.7 -3.5
v 3.6 17.7 -3.5
v -5.9 17.7 -3.6
v -5.8 17.7 -3.6
v -4.4 17.7 -3.6
v -4.3 17.7 -3.6
v 3.4 17.7 -3.6
v 3.5 17.7 -3.6
v 4.9 17.7 -3.6
v 5 17.7 -3.6
v -5.8 17.7 -3.7
v -5.7 17.7 -3.7
v -4.3 17.7 -3.7
v -4.2 17.7 -3.7
v 3.3 17.7 -3.7
v 3.4 17.7 -3.7
v 4.8 17.7 -3.7
v 4.9 17.7 -3.7
v -4.2 17.7 -3.8
v -4.1 17.7 -3.8
v 3.2 17.7 -3.8
v 3.3 17.7 -3.8
v -5.7 17.7 -3.9
v -5.6 17.7 -3.9
v -4.1 17.7 -3.9
v -4 17.7 -3.9
v 3.1 17.7 -3.9
v 3.2 17.7 -3.9
v 4.7 17.7 -3.9
v 4.8 17.7 -3.9
v -5.6 17.7 -4
v -5.5 17.7 -4
v -4 17.7 -4
v -3.9 17.7 -4
v 3 17.7 -4
v 3.1 17.7 -4
v 4.6 17.7 -4
v 4.7 17.7 -4
v -5.5 17.7 -4.1
v -5.4 17.7 -4.1
v -3.9 17.7 -4.1
v -3.7 17.7 -4.1
v 2.8 17.7 -4.1
v 3 17.7 -4.1
v 4.5 17.7 -4.1
v 4.6 17.7 -4.1
v -5.4 17.7 -4.2
v -5.3 17.7 -4.2
v -3.7 17.7 -4.2
v -3.6 17.7 -4.2
v 2.7 17.7 -4.2
v 2.8 17.7 -4.2
v 4.4 17.7 -4.2
v 4.5 17.7 -4.2
v -3.6 17.7 -4.3
v -3.5 17.7 -4.3
v 2.6 17.7 -4.3
v 2.7 17.7 -4.3
v -5.3 17.7 -4.4
v -5.2 17.7 -4.4
v -3.5 17.7 -4.4
v -3.3 17.7 -4.4
v 2.4 17.7 -4.4
v 2.6 17.7 -4.4
v 4.3 17.7 -4.4
v 4.4 17.7 -4.4
v -5.2 17.7 -4.5
v -5.1 17.7 -4.5
v -3.3 17.7 -4.5
v -3.2 17.7 -4.5
v 2.3 17.7 -4.5
v 2.4 17.7 -4.5
v 4.2 17.7 -4.5
v 4.3 17.7 -4.5
v -5.1 17.7 -4.6
v -5 17.7 -4.6
v -3.2 17.7 -4.6
v -3 17.7 -4.6
v 2.1 17.7 -4.6
v 2.3 17.7 -4.6
v 4.1 17.7 -4.6
v 4.2 17.7 -4.6
v -5 17.7 -4.7
v -4.9 17.7 -4.7
v -3 17.7 -4.7
v -2.8 17.7 -4.7
v 1.9 17.7 -4.7
v 2.1 17.7 -4.7
v 4 17.7 -4.7
v 4.1 17.7 -4.7
v -4.9 17.7 -4.8
v -4.8 17.7 -4.8
v -2.8 17.7 -4.8
v -2.6 17.7 -4.8
v 1.7 17.7 -4.8
v 1.9 17.7 -4.8
v 3.9 17.7 -4.8
v 4 17.7 -4.8
v -4.8 17.7 -4.9
v -4.6 17.7 -4.9
v -2.6 17.7 -4.9
v -2.3 17.7 -4.9
v 1.4 17.7 -4.9
v 1.7 17.7 -4.9
v 3.7 17.7 -4.9
v 3.9 17.7 -4.9
v -4.6 17.7 -5
v -4.5 17.7 -5
v -2.3 17.7 -5
v -2.1 17.7 -5
v 1.2 17.7 -5
v 1.4 17.7 -5
v 3.6 17.7 -5
v 3.7 17.7 -5
v -4.5 17.7 -5.1
v -4.4 17.7 -5.1
v -2.1 17.7 -5.1
v -1.7 17.7 -5.1
v 0.8 17.7 -5.1
v 1.2 17.7 -5.1
v 3.5 17.7 -5.1
v 3.6 17.7 -5.1
v -4.4 17.7 -5.2
v -4.3 17.7 -5.2
v -1.7 17.7 -5.2
v -1.2 17.7 -5.2
v 0.3 17.7 -5.2
v 0.8 17.7 -5.2
v 3.4 17.7 -5.2
v 3.5 17.7 -5.2
v -4.3 17.7 -5.3
v -4.1 17.7 -5.3
v -1.2 17.7 -5.3
v -0.5 17.7 -5.3
v -0.400001 17.7 -5.3
v 0.3 17.7 -5.3
v 3.2 17.7 -5.3
v 3.4 17.7 -5.3
v -4.1 17.7 -5.4
v -4 17.7 -5.4
v 3.1 17.7 -5.4
v 3.2 17.7 -5.4
v -4 17.7 -5.5
v -3.8 17.7 -5.5
v 2.9 17.7 -5.5
v 3.1 17.7 -5.5
v -3.8 17.7 -5.6
v -3.7 17.7 -5.6
v 2.8 17.7 -5.6
v 2.9 17.7 -5.6
v -3.7 17.7 -5.7
v -3.5 17.7 -5.7
v 2.6 17.7 -5.7
v 2.8 17.7 -5.7
v -3.5 17.7 -5.8
v -3.3 17.7 -5.8
v 2.4 17.7 -5.8
v 2.6 17.7 -5.8
v -3.3 17.7 -5.9
v -3.1 17.7 -5.9
v 2.2 17.7 -5.9
v 2.4 17.7 -5.9
v -3.1 17.7 -6
v -2.8 17.7 -6
v 1.9 17.7 -6
v 2.2 17.7 -6
v -2.8 17.7 -6.1
v -2.5 17.7 -6.1
v 1.6 17.7 -6.1
v 1.9 17.7 -6.1
v -2.5 17.7 -6.2
v -2.2 17.7 -6.2
v 1.3 17.7 -6.2
v 1.6 17.7 -6.2
v -2.2 17.7 -6.3
v -1.8 17.7 -6.3
v 0.9 17.7 -6.3
v 1.3 17.7 -6.3
v -1.8 17.7 -6.4
v -1.3 17.7 -6.4
v 0.4 17.7 -6.4
v 0.9 17.7 -6.4
v -1.3 17.7 -6.5
v -0.5 17.7 -6.5
v -0.400001 17.7 -6.5
v 0.4 17.7 -6.5
v -1.3 18.4 7.1
v -0.5 18.4 7.1
v -0.400001 18.4 7.1
v 0.4 18.4 7.1
v -1.9 18.4 7
v -1.3 18.4 7
v 0.4 18.4 7
v 1 18.4 7
v -2.3 18.4 6.9
v -1.9 18.4 6.9
v 1 18.4 6.9
v 1.4 18.4 6.9
v -2.7 18.4 6.8
v -2.3 18.4 6.8
v 1.4 18.4 6.8
v 1.8 18.4 6.8
v -2.9 18.4 6.7
v -2.7 18.4 6.7
v 1.8 18.4 6.7
v 2 18.4 6.7
v -3.2 18.4 6.6
v -2.9 18.4 6.6
v 2 18.4 6.6
v 2.3 18.4 6.6
v -3.4 18.4 6.5
v -3.2 18.4 6.5
v -0.5 18.4 6.5
v -0.400001 18.4 6.5
v 2.3 18.4 6.5
v 2.5 18.4 6.5
v -3.6 18.4 6.4
v -3.4 18.4 6.4
v -1.3 18.4 6.4
v -0.5 18.4 6.4
v -0.400001 18.4 6.4
v 0.4 18.4 6.4
v 2.5 18.4 6.4
v 2.7 18.4 6.4
v -3.8 18.4 6.3
v -3.6 18.4 6.3
v -1.8 18.4 6.3
v -1.3 18.4 6.3
v 0.4 18.4 6.3
v 0.9 18.4 6.3
v 2.7 18.4 6.3
v 2.9 18.4 6.3
v -4 18.4 6.2
v -3.8 18.4 6.2
v -2.2 18.4 6.2
v -1.8 18.4 6.2
v 0.9 18.4 6.2
v 1.3 18.4 6.2
v 2.9 18.4 6.2
v 3.1 18.4 6.2
v -4.2 18.4 6.1
v -4 18.4 6.1
v -2.5 18.4 6.1
v -2.2 18.4 6.1
v 1.3 18.4 6.1
v 1.6 18.4 6.1
v 3.1 18.4 6.1
v 3.3 18.4 6.1
v -4.3 18.4 6
v -4.2 18.4 6
v -2.8 18.4 6
v -2.5 18.4 6
v 1.6 18.4 6
v 1.9 18.4 6
v 3.3 18.4 6
v 3.4 18.4 6
v -4.5 18.4 5.9
v -4.3 18.4 5.9
v -3.1 18.4 5.9
v -2.8 18.4 5.9
v 1.9 18.4 5.9
v 2.2 18.4 5.9
v 3.4 18.4 5.9
v 3.6 18.4 5.9
v -4.6 18.4 5.8
v -4.5 18.4 5.8
v -3.3 18.4 5.8
v -3.1 18.4 5.8
v 2.2 18.4 5.8
v 2.4 18.4 5.8
v 3.6 18.4 5.8
v 3.7 18.4 5.8
v -4.8 18.4 5.7
v -4.6 18.4 5.7
v -3.5 18.4 5.7
v -3.3 18.4 5.7
v 2.4 18.4 5.7
v 2.6 18.4 5.7
v 3.7 18.4 5.7
v 3.9 18.4 5.7
v -4.9 18.4 5.6
v -4.8 18.4 5.6
v -3.7 18.4 5.6
v -3.5 18.4 5.6
v 2.6 18.4 5.6
v 2.8 18.4 5.6
v 3.9 18.4 5.6
v 4 18.4 5.6
v -5 18.4 5.5
v -4.9 18.4 5.5
v -3.8 18.4 5.5
v -3.7 18.4 5.5
v 2.8 18.4 5.5
v 2.9 18.4 5.5
v 4 18.4 5.5
v 4.1 18.4 5.5
v -5.1 18.4 5.4
v -5 18.4 5.4
v -4 18.4 5.4
v -3.8 18.4 5.4
v 2.9 18.4 5.4
v 3.1 18.4 5.4
v 4.1 18.4 5.4
v 4.2 18.4 5.4
v -5.2 18.4 5.3
v -5.1 18.4 5.3
v -4.1 18.4 5.3
v -4 18.4 5.3
v 3.1 18.4 5.3
v 3.2 18.4 5.3
v 4.2 18.4 5.3
v 4.3 18.4 5.3
v -5.4 18.4 5.2
v -5.2 18.4 5.2
v -4.3 18.4 5.2
v -4.1 18.4 5.2
v 3.2 18.4 5.2
v 3.4 18.4 5.2
v 4.3 18.4 5.2
v 4.5 18.4 5.2
v -5.5 18.4 5.1
v -5.4 18.4 5.1
v -4.4 18.4 5.1
v -4.3 18.4 5.1
v 3.4 18.4 5.1
v 3.5 18.4 5.1
v 4.5 18.4 5.1
v 4.6 18.4 5.1
v -5.6 18.4 5
v -5.5 18.4 5
v -4.5 18.4 5
v -4.4 18.4 5
v 3.5 18.4 5
v 3.6 18.4 5
v 4.6 18.4 5
v 4.7 18.4 5
v -5.7 18.4 4.9
v -5.6 18.4 4.9
v -4.6 18.4 4.9
v -4.5 18.4 4.9
v 3.6 18.4 4.9
v 3.7 18.4 4.9
v 4.7 18.4 4.9
v 4.8 18.4 4.9
v -4.8 18.4 4.8
v -4.6 18.4 4.8
v 3.7 18.4 4.8
v 3.9 18.4 4.8
v -5.8 18.4 4.7
v -5.7 18.4 4.7
v -4.9 18.4 4.7
v -4.8 18.4 4.7
v 3.9 18.4 4.7
v 4 18.4 4.7
v 4.8 18.4 4.7
v 4.9 18.4 4.7
v -5.9 18.4 4.6
v -5.8 18.4 4.6
v -5 18.4 4.6
v -4.9 18.4 4.6
v 4 18.4 4.6
v 4.1 18.4 4.6
v 4.9 18.4 4.6
v 5 18.4 4.6
v -6 18.4 4.5
v -5.9 18.4 4.5
v -5.1 18.4 4.5
v -5 18.4 4.5
v 4.1 18.4 4.5
v 4.2 18.4 4.5
v 5 18.4 4.5
v 5.1 18.4 4.5
v -6.1 18.4 4.4
v -6 18.4 4.4
v -5.2 18.4 4.4
v -5.1 18.4 4.4
v 4.2 18.4 4.4
v 4.3 18.4 4.4
v 5.1 18.4 4.4
v 5.2 18.4 4.4
v -6.2 18.4 4.3
v -6.1 18.4 4.3
v -5.3 18.4 4.3
v -5.2 18.4 4.3
v 4.3 18.4 4.3
v 4.4 18.4 4.3
v 5.2 18.4 4.3
v 5.3 18.4 4.3
v -6.3 18.4 4.1
v -6.2 18.4 4.1
v -5.4 18.4 4.1
v -5.3 18.4 4.1
v 4.4 18.4 4.1
v 4.5 18.4 4.1
v 5.3 18.4 4.1
v 5.4 18.4 4.1
v -6.4 18.4 4
v -6.3 18.4 4
v -5.5 18.4 4
v -5.4 18.4 4
v 4.5 18.4 4
v 4.6 18.4 4
v 5.4 18.4 4
v 5.5 18.4 4
v -5.6 18.4 3.9
v -5.5 18.4 3.9
v 4.6 18.4 3.9
v 4.7 18.4 3.9
v -6.5 18.4 3.8
v -6.4 18.4 3.8
v -5.7 18.4 3.8
v -5.6 18.4 3.8
v 4.7 18.4 3.8
v 4.8 18.4 3.8
v 5.5 18.4 3.8
v 5.6 18.4 3.8
v -6.6 18.4 3.7
v -6.5 18.4 3.7
v 5.6 18.4 3.7
v 5.7 18.4 3.7
v -5.8 18.4 3.6
v -5.7 18.4 3.6
v 4.8 18.4 3.6
v 4.9 18.4 3.6
v -6.7 18.4 3.5
v -6.6 18.4 3.5
v -5.9 18.4 3.5
v -5.8 18.4 3.5
v 4.9 18.4 3.5
v 5 18.4 3.5
v 5.7 18.4 3.5
v 5.8 18.4 3.5
v -6.8 18.4 3.3
v -6.7 18.4 3.3
v -6 18.4 3.3
v -5.9 18.4 3.3
v 5 18.4 3.3
v 5.1 18.4 3.3
v 5.8 18.4 3.3
v 5.9 18.4 3.3
v -6.1 18.4 3.2
v -6 18.4 3.2
v 5.1 18.4 3.2
v 5.2 18.4 3.2
v -6.9 18.4 3.1
v -6.8 18.4 3.1
v 5.9 18.4 3.1
v 6 18.4 3.1
v -6.2 18.4 3
v -6.1 18.4 3
v 5.2 18.4 3
v 5.3 18.4 3
v -7 18.4 2.9
v -6.9 18.4 2.9
v 6 18.4 2.9
v 6.1 18.4 2.9
v -6.3 18.4 2.8
v -6.2 18.4 2.8
v 5.3 18.4 2.8
v 5.4 18.4 2.8
v -7.1 18.4 2.7
v -7 18.4 2.7
v 6.1 18.4 2.7
v 6.2 18.4 2.7
v -6.4 18.4 2.6
v -6.3 18.4 2.6
v 5.4 18.4 2.6
v 5.5 18.4 2.6
v -7.2 18.4 2.4
v -7.1 18.4 2.4
v 6.2 18.4 2.4
v 6.3 18.4 2.4
v -6.5 18.4 2.3
v -6.4 18.4 2.3
v 5.5 18.4 2.3
v 5.6 18.4 2.3
v -7.3 18.4 2.2
v -7.2 18.4 2.2
v 6.3 18.4 2.2
v 6.4 18.4 2.2
v -6.6 18.4 2
v -6.5 18.4 2
v 5.6 18.4 2
v 5.7 18.4 2
v -7.4 18.4 1.8
v -7.3 18.4 1.8
v 6.4 18.4 1.8
v 6.5 18.4 1.8
v -6.7 18.4 1.7
v -6.6 18.4 1.7
v 5.7 18.4 1.7
v 5.8 18.4 1.7
v -7.5 18.4 1.4
v -7.4 18.4 1.4
v 6.5 18.4 1.4
v 6.6 18.4 1.4
v -6.8 18.4 1.3
v -6.7 18.4 1.3
v 5.8 18.4 1.3
v 5.9 18.4 1.3
v -7.6 18.4 0.8
v -7.5 18.4 0.8
v -6.9 18.4 0.8
v -6.8 18.4 0.8
v 5.9 18.4 0.8
v 6 18.4 0.8
v 6.6 18.4 0.8
v 6.7 18.4 0.8
v 6 18.4 0.1
v -7.6 18.4 0
v -6.9 18.4 0
v 6 18.4 0
v 6.7 18.4 0
v -7.6 18.4 -0.0999994
v -6.9 18.4 -0.0999994
v 6 18.4 -0.0999994
v 6.7 18.4 -0.0999994
v -7.6 18.4 -0.9
v -7.5 18.4 -0.9
v -6.9 18.4 -0.9
v -6.8 18.4 -0.9
v 5.9 18.4 -0.9
v 6 18.4 -0.9
v 6.6 18.4 -0.9
v 6.7 18.4 -0.9
v -6.8 18.4 -1.4
v -6.7 18.4 -1.4
v 5.8 18.4 -1.4
v 5.9 18.4 -1.4
v -7.5 18.4 -1.5
v -7.4 18.4 -1.5
v 6.5 18.4 -1.5
v 6.6 18.4 -1.5
v -6.7 18.4 -1.8
v -6.6 18.4 -1.8
v 5.7 18.4 -1.8
v 5.8 18.4 -1.8
v -7.4 18.4 -1.9
v -7.3 18.4 -1.9
v 6.4 18.4 -1.9
v 6.5 18.4 -1.9
v -6.6 18.4 -2.1
v -6.5 18.4 -2.1
v 5.6 18.4 -2.1
v 5.7 18.4 -2.1
v -7.3 18.4 -2.3
v -7.2 18.4 -2.3
v 6.3 18.4 -2.3
v 6.4 18.4 -2.3
v -6.5 18.4 -2.4
v -6.4 18.4 -2.4
v 5.5 18.4 -2.4
v 5.6 18.4 -2.4
v -7.2 18.4 -2.5
v -7.1 18.4 -2.5
v 6.2 18.4 -2.5
v 6.3 18.4 -2.5
v -6.4 18.4 -2.7
v -6.3 18.4 -2.7
v 5.4 18.4 -2.7
v 5.5 18.4 -2.7
v -7.1 18.4 -2.8
v -7 18.4 -2.8
v 6.1 18.4 -2.8
v 6.2 18.4 -2.8
v -6.3 18.4 -2.9
v -6.2 18.4 -2.9
v 5.3 18.4 -2.9
v 5.4 18.4 -2.9
v -7 18.4 -3
v -6.9 18.4 -3
v 6 18.4 -3
v 6.1 18.4 -3
v -6.2 18.4 -3.1
v -6.1 18.4 -3.1
v 5.2 18.4 -3.1
v 5.3 18.4 -3.1
v -6.9 18.4 -3.2
v -6.8 18.4 -3.2
v 5.9 18.4 -3.2
v 6 18.4 -3.2
v -6.1 18.4 -3.3
v -6 18.4 -3.3
v 5.1 18.4 -3.3
v 5.2 18.4 -3.3
v -6.8 18.4 -3.4
v -6.7 18.4 -3.4
v -6 18.4 -3.4
v -5.9 18.4 -3.4
v 5 18.4 -3.4
v 5.1 18.4 -3.4
v 5.8 18.4 -3.4
v 5.9 18.4 -3.4
v -6.7 18.4 -3.6
v -6.6 18.4 -3.6
v -5.9 18.4 -3.6
v -5.8 18.4 -3.6
v 4.9 18.4 -3.6
v 5 18.4 -3.6
v 5.7 18.4 -3.6
v 5.8 18.4 -3.6
v -5.8 18.4 -3.7
v -5.7 18.4 -3.7
v 4.8 18.4 -3.7
v 4.9 18.4 -3.7
v -6.6 18.4 -3.8
v -6.5 18.4 -3.8
v 5.6 18.4 -3.8
v 5.7 18.4 -3.8
v -6.5 18.4 -3.9
v -6.4 18.4 -3.9
v -5.7 18.4 -3.9
v -5.6 18.4 -3.9
v 4.7 18.4 -3.9
v 4.8 18.4 -3.9
v 5.5 18.4 -3.9
v 5.6 18.4 -3.9
v -5.6 18.4 -4
v -5.5 18.4 -4
v 4.6 18.4 -4
v 4.7 18.4 -4
v -6.4 18.4 -4.1
v -6.3 18.4 -4.1
v -5.5 18.4 -4.1
v -5.4 18.4 -4.1
v 4.5 18.4 -4.1
v 4.6 18.4 -4.1
v 5.4 18.4 -4.1
v 5.5 18.4 -4.1
v -6.3 18.4 -4.2
v -6.2 18.4 -4.2
v -5.4 18.4 -4.2
v -5.3 18.4 -4.2
v 4.4 18.4 -4.2
v 4.5 18.4 -4.2
v 5.3 18.4 -4.2
v 5.4 18.4 -4.2
v -6.2 18.4 -4.4
v -6.1 18.4 -4.4
v -5.3 18.4 -4.4
v -5.2 18.4 -4.4
v 4.3 18.4 -4.4
v 4.4 18.4 -4.4
v 5.2 18.4 -4.4
v 5.3 18.4 -4.4
v -6.1 18.4 -4.5
v -6 18.4 -4.5
v -5.2 18.4 -4.5
v -5.1 18.4 -4.5
v 4.2 18.4 -4.5
v 4.3 18.4 -4.5
v 5.1 18.4 -4.5
v 5.2 18.4 -4.5
v -6 18.4 -4.6
v -5.9 18.4 -4.6
v -5.1 18.4 -4.6
v -5 18.4 -4.6
v 4.1 18.4 -4.6
v 4.2 18.4 -4.6
v 5 18.4 -4.6
v 5.1 18.4 -4.6
v -5.9 18.4 -4.7
v -5.8 18.4 -4.7
v -5 18.4 -4.7
v -4.9 18.4 -4.7
v 4 18.4 -4.7
v 4.1 18.4 -4.7
v 4.9 18.4 -4.7
v 5 18.4 -4.7
v -5.8 18.4 -4.8
v -5.7 18.4 -4.8
v -4.9 18.4 -4.8
v -4.8 18.4 -4.8
v 3.9 18.4 -4.8
v 4 18.4 -4.8
v 4.8 18.4 -4.8
v 4.9 18.4 -4.8
v -4.8 18.4 -4.9
v -4.6 18.4 -4.9
v 3.7 18.4 -4.9
v 3.9 18.4 -4.9
v -5.7 18.4 -5
v -5.6 18.4 -5
v -4.6 18.4 -5
v -4.5 18.4 -5
v 3.6 18.4 -5
v 3.7 18.4 -5
v 4.7 18.4 -5
v 4.8 18.4 -5
v -5.6 18.4 -5.1
v -5.5 18.4 -5.1
v -4.5 18.4 -5.1
v -4.4 18.4 -5.1
v 3.5 18.4 -5.1
v 3.6 18.4 -5.1
v 4.6 18.4 -5.1
v 4.7 18.4 -5.1
v -5.5 18.4 -5.2
v -5.4 18.4 -5.2
v -4.4 18.4 -5.2
v -4.3 18.4 -5.2
v 3.4 18.4 -5.2
v 3.5 18.4 -5.2
v 4.5 18.4 -5.2
v 4.6 18.4 -5.2
v -5.4 18.4 -5.3
v -5.2 18.4 -5.3
v -4.3 18.4 -5.3
v -4.1 18.4 -5.3
v 3.2 18.4 -5.3
v 3.4 18.4 -5.3
v 4.3 18.4 -5.3
v 4.5 18.4 -5.3
v -5.2 18.4 -5.4
v -5.1 18.4 -5.4
v -4.1 18.4 -5.4
v -4 18.4 -5.4
v 3.1 18.4 -5.4
v 3.2 18.4 -5.4
v 4.2 18.4 -5.4
v 4.3 18.4 -5.4
v -5.1 18.4 -5.5
v -5 18.4 -5.5
v -4 18.4 -5.5
v -3.8 18.4 -5.5
v 2.9 18.4 -5.5
v 3.1 18.4 -5.5
v 4.1 18.4 -5.5
v 4.2 18.4 -5.5
v -5 18.4 -5.6
v -4.9 18.4 -5.6
v -3.8 18.4 -5.6
v -3.7 18.4 -5.6
v 2.8 18.4 -5.6
v 2.9 18.4 -5.6
v 4 18.4 -5.6
v 4.1 18.4 -5.6
v -4.9 18.4 -5.7
v -4.8 18.4 -5.7
v -3.7 18.4 -5.7
v -3.5 18.4 -5.7
v 2.6 18.4 -5.7
v 2.8 18.4 -5.7
v 3.9 18.4 -5.7
v 4 18.4 -5.7
v -4.8 18.4 -5.8
v -4.6 18.4 -5.8
v -3.5 18.4 -5.8
v -3.3 18.4 -5.8
v 2.4 18.4 -5.8
v 2.6 18.4 -5.8
v 3.7 18.4 -5.8
v 3.9 18.4 -5.8
v -4.6 18.4 -5.9
v -4.5 18.4 -5.9
v -3.3 18.4 -5.9
v -3.1 18.4 -5.9
v 2.2 18.4 -5.9
v 2.4 18.4 -5.9
v 3.6 18.4 -5.9
v 3.7 18.4 -5.9
v -4.5 18.4 -6
v -4.3 18.4 -6
v -3.1 18.4 -6
v -2.8 18.4 -6
v 1.9 18.4 -6
v 2.2 18.4 -6
v 3.4 18.4 -6
v 3.6 18.4 -6
v -4.3 18.4 -6.1
v -4.2 18.4 -6.1
v -2.8 18.4 -6.1
v -2.5 18.4 -6.1
v 1.6 18.4 -6.1
v 1.9 18.4 -6.1
v 3.3 18.4 -6.1
v 3.4 18.4 -6.1
v -4.2 18.4 -6.2
v -4 18.4 -6.2
v -2.5 18.4 -6.2
v -2.2 18.4 -6.2
v 1.3 18.4 -6.2
v 1.6 18.4 -6.2
v 3.1 18.4 -6.2
v 3.3 18.4 -6.2
v -4 18.4 -6.3
v -3.8 18.4 -6.3
v -2.2 18.4 -6.3
v -1.8 18.4 -6.3
v 0.9 18.4 -6.3
v 1.3 18.4 -6.3
v 2.9 18.4 -6.3
v 3.1 18.4 -6.3
v -3.8 18.4 -6.4
v -3.6 18.4 -6.4
v -1.8 18.4 -6.4
v -1.3 18.4 -6.4
v 0.4 18.4 -6.4
v 0.9 18.4 -6.4
v 2.7 18.4 -6.4
v 2.9 18.4 -6.4
v -3.6 18.4 -6.5
v -3.4 18.4 -6.5
v -1.3 18.4 -6.5
v -0.5 18.4 -6.5
v -0.400001 18.4 -6.5
v 0.4 18.4 -6.5
v 2.5 18.4 -6.5
v 2.7 18.4 -6.5
v -3.4 18.4 -6.6
v -3.2 18.4 -6.6
v 2.3 18.4 -6.6
v 2.5 18.4 -6.6
v -3.2 18.4 -6.7
v -2.9 18.4 -6.7
v 2 18.4 -6.7
v 2.3 18.4 -6.7
v -2.9 18.4 -6.8
v -2.7 18.4 -6.8
v 1.8 18.4 -6.8
v 2 18.4 -6.8
v -2.7 18.4 -6.9
v -2.3 18.4 -6.9
v 1.4 18.4 -6.9
v 1.8 18.4 -6.9
v -2.3 18.4 -7
v -1.9 18.4 -7
v 1 18.4 -7
v 1.4 18.4 -7
v -1.9 18.4 -7.1
v -1.3 18.4 -7.1
v 0.4 18.4 -7.1
v 1 18.4 -7.1
v -1.3 18.4 -7.2
v -0.5 18.4 -7.2
v -0.400001 18.4 -7.2
v 0.4 18.4 -7.2
v -1.5 19.5 10
v -0.5 19.5 10
v -0.400001 19.5 10
v 0.599999 19.5 10
v -2.2 19.5 9.9
v -1.5 19.5 9.9
v 0.599999 19.5 9.9
v 1.3 19.5 9.9
v -2.7 19.5 9.8
v -2.2 19.5 9.8
v 1.3 19.5 9.8
v 1.8 19.5 9.8
v -3.1 19.5 9.7
v -2.7 19.5 9.7
v 1.8 19.5 9.7
v 2.2 19.5 9.7
v -3.4 19.5 9.6
v -3.1 19.5 9.6
v 2.2 19.5 9.6
v 2.5 19.5 9.6
v -3.7 19.5 9.5
v -3.4 19.5 9.5
v 2.5 19.5 9.5
v 2.8 19.5 9.5
v -4 19.5 9.4
v -3.7 19.5 9.4
v 2.8 19.5 9.4
v 3.1 19.5 9.4
v -4.3 19.5 9.3
v -4 19.5 9.3
v 3.1 19.5 9.3
v 3.4 19.5 9.3
v -4.5 19.5 9.2
v -4.3 19.5 9.2
v 3.4 19.5 9.2
v 3.6 19.5 9.2
v -4.7 19.5 9.1
v -4.5 19.5 9.1
v -0.6 19.5 9.1
v -0.5 19.5 9.1
v 3.6 19.5 9.1
v 3.8 19.5 9.1
v -4.9 19.5 9
v -4.7 19.5 9
v 3.8 19.5 9
v 4 19.5 9
v -5.1 19.5 8.9
v -4.9 19.5 8.9
v 4 19.5 8.9
v 4.2 19.5 8.9
v -5.3 19.5 8.8
v -5.1 19.5 8.8
v 4.2 19.5 8.8
v 4.4 19.5 8.8
v -5.5 19.5 8.7
v -5.3 19.5 8.7
v 4.4 19.5 8.7
v 4.6 19.5 8.7
v -5.7 19.5 8.6
v -5.5 19.5 8.6
v 4.6 19.5 8.6
v 4.8 19.5 8.6
v -5.8 19.5 8.5
v -5.7 19.5 8.5
v 4.8 19.5 8.5
v 4.9 19.5 8.5
v -6 19.5 8.4
v -5.8 19.5 8.4
v 4.9 19.5 8.4
v 5.1 19.5 8.4
v -6.1 19.5 8.3
v -6 19.5 8.3
v -0.6 19.5 8.3
v -0.5 19.5 8.3
v 5.1 19.5 8.3
v 5.2 19.5 8.3
v -6.3 19.5 8.2
v -6.1 19.5 8.2
v 5.2 19.5 8.2
v 5.4 19.5 8.2
v -6.4 19.5 8.1
v -6.3 19.5 8.1
v -0.6 19.5 8.1
v -0.5 19.5 8.1
v 5.4 19.5 8.1
v 5.5 19.5 8.1
v -6.5 19.5 8
v -6.4 19.5 8
v -0.6 19.5 8
v -0.5 19.5 8
v 5.5 19.5 8
v 5.6 19.5 8
v -6.7 19.5 7.9
v -6.5 19.5 7.9
v 5.6 19.5 7.9
v 5.8 19.5 7.9
v -6.8 19.5 7.8
v -6.7 19.5 7.8
v 5.8 19.5 7.8
v 5.9 19.5 7.8
v -6.9 19.5 7.7
v -6.8 19.5 7.7
v 5.9 19.5 7.7
v 6 19.5 7.7
v -7 19.5 7.6
v -6.9 19.5 7.6
v 6 19.5 7.6
v 6.1 19.5 7.6
v -7.1 19.5 7.5
v -7 19.5 7.5
v 6.1 19.5 7.5
v 6.2 19.5 7.5
v -7.3 19.5 7.4
v -7.1 19.5 7.4
v 6.2 19.5 7.4
v 6.4 19.5 7.4
v -7.4 19.5 7.3
v -7.3 19.5 7.3
v 6.4 19.5 7.3
v 6.5 19.5 7.3
v -7.5 19.5 7.2
v -7.4 19.5 7.2
v 6.5 19.5 7.2
v 6.6 19.5 7.2
v -7.6 19.5 7.1
v -7.5 19.5 7.1
v 6.6 19.5 7.1
v 6.7 19.5 7.1
v -7.7 19.5 7
v -7.6 19.5 7
v 6.7 19.5 7
v 6.8 19.5 7
v -7.8 19.5 6.9
v -7.7 19.5 6.9
v -0.5 19.5 6.9
v -0.400001 19.5 6.9
v 6.8 19.5 6.9
v 6.9 19.5 6.9
v -7.9 19.5 6.8
v -7.8 19.5 6.8
v 6.9 19.5 6.8
v 7 19.5 6.8
v -8 19.5 6.6
v -7.9 19.5 6.6
v 7 19.5 6.6
v 7.1 19.5 6.6
v -8.1 19.5 6.5
v -8 19.5 6.5
v 7.1 19.5 6.5
v 7.2 19.5 6.5
v -8.2 19.5 6.4
v -8.1 19.5 6.4
v -0.5 19.5 6.4
v -0.400001 19.5 6.4
v 7.2 19.5 6.4
v 7.3 19.5 6.4
v -8.3 19.5 6.3
v -8.2 19.5 6.3
v 7.3 19.5 6.3
v 7.4 19.5 6.3
v -8.4 19.5 6.2
v -8.3 19.5 6.2
v 7.4 19.5 6.2
v 7.5 19.5 6.2
v -8.5 19.5 6
v -8.4 19.5 6
v 7.5 19.5 6
v 7.6 19.5 6
v -8.6 19.5 5.9
v -8.5 19.5 5.9
v 7.6 19.5 5.9
v 7.7 19.5 5.9
v -8.7 19.5 5.8
v -8.6 19.5 5.8
v 7.7 19.5 5.8
v 7.8 19.5 5.8
v -8.8 19.5 5.6
v -8.7 19.5 5.6
v 7.8 19.5 5.6
v 7.9 19.5 5.6
v -8.9 19.5 5.5
v -8.8 19.5 5.5
v 7.9 19.5 5.5
v 8 19.5 5.5
v -9 19.5 5.3
v -8.9 19.5 5.3
v 8 19.5 5.3
v 8.1 19.5 5.3
v -9.1 19.5 5.2
v -9 19.5 5.2
v 8.1 19.5 5.2
v 8.2 19.5 5.2
v -9.2 19.5 5
v -9.1 19.5 5
v 8.2 19.5 5
v 8.3 19.5 5
v -9.3 19.5 4.8
v -9.2 19.5 4.8
v 8.3 19.5 4.8
v 8.4 19.5 4.8
v -9.4 19.5 4.6
v -9.3 19.5 4.6
v 8.4 19.5 4.6
v 8.5 19.5 4.6
v -9.5 19.5 4.4
v -9.4 19.5 4.4
v 8.5 19.5 4.4
v 8.6 19.5 4.4
v -9.6 19.5 4.2
v -9.5 19.5 4.2
v 8.6 19.5 4.2
v 8.7 19.5 4.2
v -9.7 19.5 4
v -9.6 19.5 4
v 8.7 19.5 4
v 8.8 19.5 4
v -9.8 19.5 3.8
v -9.7 19.5 3.8
v 8.8 19.5 3.8
v 8.9 19.5 3.8
v -9.9 19.5 3.5
v -9.8 19.5 3.5
v 8.9 19.5 3.5
v 9 19.5 3.5
v -10 19.5 3.2
v -9.9 19.5 3.2
v 9 19.5 3.2
v 9.1 19.5 3.2
v -10.1 19.5 2.9
v -10 19.5 2.9
v 9.1 19.5 2.9
v 9.2 19.5 2.9
v -10.2 19.5 2.6
v -10.1 19.5 2.6
v 9.2 19.5 2.6
v 9.3 19.5 2.6
v -10.3 19.5 2.2
v -10.2 19.5 2.2
v 9.3 19.5 2.2
v 9.4 19.5 2.2
v -10.4 19.5 1.7
v -10.3 19.5 1.7
v 9.4 19.5 1.7
v 9.5 19.5 1.7
v -10.5 19.5 1
v -10.4 19.5 1
v 9.5 19.5 1
v 9.6 19.5 1
v 7 19.5 0.1
v 7.7 19.5 0.1
v 8.7 19.5 0.1
v 8.9 19.5 0.1
v 9.3 19.5 0.1
v 9.6 19.5 0.1
v -10.5 19.5 0
v -7.4 19.5 0
v -7 19.5 0
v -6.9 19.5 0
v -5.8 19.5 0
v -0.5 19.5 0
v -0.400001 19.5 0
v 6.2 19.5 0
v 6.6 19.5 0
v 7 19.5 0
v 7.7 19.5 0
v 8.7 19.5 0
v 8.9 19.5 0
v 9.3 19.5 0
v 9.4 19.5 0
v 9.5 19.5 0
v -10.5 19.5 -0.0999994
v -9.4 19.5 -0.0999994
v -8.6 19.5 -0.0999994
v -7.4 19.5 -0.0999994
v -7 19.5 -0.0999994
v -6.9 19.5 -0.0999994
v -5.8 19.5 -0.0999994
v -0.5 19.5 -0.0999994
v -0.400001 19.5 -0.0999994
v 6.2 19.5 -0.0999994
v 6.6 19.5 -0.0999994
v 7.9 19.5 -0.0999994
v 8.4 19.5 -0.0999994
v 9.4 19.5 -0.0999994
v 9.5 19.5 -0.0999994
v 9.6 19.5 -0.0999994
v -9.4 19.5 -0.2
v -8.6 19.5 -0.2
v 7.9 19.5 -0.2
v 8.4 19.5 -0.2
v -10.5 19.5 -1.1
v -10.4 19.5 -1.1
v 9.5 19.5 -1.1
v 9.6 19.5 -1.1
v -10.4 19.5 -1.8
v -10.3 19.5 -1.8
v 9.4 19.5 -1.8
v 9.5 19.5 -1.8
v -10.3 19.5 -2.3
v -10.2 19.5 -2.3
v 9.3 19.5 -2.3
v 9.4 19.5 -2.3
v -10.2 19.5 -2.7
v -10.1 19.5 -2.7
v 9.2 19.5 -2.7
v 9.3 19.5 -2.7
v -10.1 19.5 -3
v -10 19.5 -3
v 9.1 19.5 -3
v 9.2 19.5 -3
v -10 19.5 -3.3
v -9.9 19.5 -3.3
v 9 19.5 -3.3
v 9.1 19.5 -3.3
v -9.9 19.5 -3.6
v -9.8 19.5 -3.6
v 8.9 19.5 -3.6
v 9 19.5 -3.6
v -9.8 19.5 -3.9
v -9.7 19.5 -3.9
v 8.8 19.5 -3.9
v 8.9 19.5 -3.9
v -9.7 19.5 -4.1
v -9.6 19.5 -4.1
v 8.7 19.5 -4.1
v 8.8 19.5 -4.1
v -9.6 19.5 -4.3
v -9.5 19.5 -4.3
v 8.6 19.5 -4.3
v 8.7 19.5 -4.3
v -9.5 19.5 -4.5
v -9.4 19.5 -4.5
v 8.5 19.5 -4.5
v 8.6 19.5 -4.5
v -9.4 19.5 -4.7
v -9.3 19.5 -4.7
v 8.4 19.5 -4.7
v 8.5 19.5 -4.7
v -9.3 19.5 -4.9
v -9.2 19.5 -4.9
v 8.3 19.5 -4.9
v 8.4 19.5 -4.9
v -9.2 19.5 -5.1
v -9.1 19.5 -5.1
v 8.2 19.5 -5.1
v 8.3 19.5 -5.1
v -9.1 19.5 -5.3
v -9 19.5 -5.3
v 8.1 19.5 -5.3
v 8.2 19.5 -5.3
v -9 19.5 -5.4
v -8.9 19.5 -5.4
v 8 19.5 -5.4
v 8.1 19.5 -5.4
v -8.9 19.5 -5.6
v -8.8 19.5 -5.6
v 7.9 19.5 -5.6
v 8 19.5 -5.6
v -8.8 19.5 -5.7
v -8.7 19.5 -5.7
v 7.8 19.5 -5.7
v 7.9 19.5 -5.7
v -8.7 19.5 -5.9
v -8.6 19.5 -5.9
v -0.5 19.5 -5.9
v -0.400001 19.5 -5.9
v 7.7 19.5 -5.9
v 7.8 19.5 -5.9
v -8.6 19.5 -6
v -8.5 19.5 -6
v 7.6 19.5 -6
v 7.7 19.5 -6
v -8.5 19.5 -6.1
v -8.4 19.5 -6.1
v 7.5 19.5 -6.1
v 7.6 19.5 -6.1
v -8.4 19.5 -6.3
v -8.3 19.5 -6.3
v 7.4 19.5 -6.3
v 7.5 19.5 -6.3
v -8.3 19.5 -6.4
v -8.2 19.5 -6.4
v 7.3 19.5 -6.4
v 7.4 19.5 -6.4
v -8.2 19.5 -6.5
v -8.1 19.5 -6.5
v -0.5 19.5 -6.5
v -0.400001 19.5 -6.5
v 7.2 19.5 -6.5
v 7.3 19.5 -6.5
v -8.1 19.5 -6.6
v -8 19.5 -6.6
v -0.5 19.5 -6.6
v -0.400001 19.5 -6.6
v 7.1 19.5 -6.6
v 7.2 19.5 -6.6
v -8 19.5 -6.7
v -7.9 19.5 -6.7
v 7 19.5 -6.7
v 7.1 19.5 -6.7
v -7.9 19.5 -6.9
v -7.8 19.5 -6.9
v 6.9 19.5 -6.9
v 7 19.5 -6.9
v -7.8 19.5 -7
v -7.7 19.5 -7
v 6.8 19.5 -7
v 6.9 19.5 -7
v -7.7 19.5 -7.1
v -7.6 19.5 -7.1
v -0.5 19.5 -7.1
v -0.400001 19.5 -7.1
v 6.7 19.5 -7.1
v 6.8 19.5 -7.1
v -7.6 19.5 -7.2
v -7.5 19.5 -7.2
v 6.6 19.5 -7.2
v 6.7 19.5 -7.2
v -7.5 19.5 -7.3
v -7.4 19.5 -7.3
v 6.5 19.5 -7.3
v 6.6 19.5 -7.3
v -7.4 19.5 -7.4
v -7.3 19.5 -7.4
v 6.4 19.5 -7.4
v 6.5 19.5 -7.4
v -7.3 19.5 -7.5
v -7.1 19.5 -7.5
v 6.2 19.5 -7.5
v 6.4 19.5 -7.5
v -7.1 19.5 -7.6
v -7 19.5 -7.6
v 6.1 19.5 -7.6
v 6.2 19.5 -7.6
v -7 19.5 -7.7
v -6.9 19.5 -7.7
v 6 19.5 -7.7
v 6.1 19.5 -7.7
v -6.9 19.5 -7.8
v -6.8 19.5 -7.8
v 5.9 19.5 -7.8
v 6 19.5 -7.8
v -6.8 19.5 -7.9
v -6.7 19.5 -7.9
v 5.8 19.5 -7.9
v 5.9 19.5 -7.9
v -6.7 19.5 -8
v -6.5 19.5 -8
v 5.6 19.5 -8
v 5.8 19.5 -8
v -6.5 19.5 -8.1
v -6.4 19.5 -8.1
v -0.6 19.5 -8.1
v -0.5 19.5 -8.1
v 5.5 19.5 -8.1
v 5.6 19.5 -8.1
v -6.4 19.5 -8.2
v -6.3 19.5 -8.2
v 5.4 19.5 -8.2
v 5.5 19.5 -8.2
v -6.3 19.5 -8.3
v -6.1 19.5 -8.3
v 5.2 19.5 -8.3
v 5.4 19.5 -8.3
v -6.1 19.5 -8.4
v -6 19.5 -8.4
v 5.1 19.5 -8.4
v 5.2 19.5 -8.4
v -6 19.5 -8.5
v -5.8 19.5 -8.5
v 4.9 19.5 -8.5
v 5.1 19.5 -8.5
v -5.8 19.5 -8.6
v -5.7 19.5 -8.6
v -0.6 19.5 -8.6
v -0.5 19.5 -8.6
v 4.8 19.5 -8.6
v 4.9 19.5 -8.6
v -5.7 19.5 -8.7
v -5.5 19.5 -8.7
v 4.6 19.5 -8.7
v 4.8 19.5 -8.7
v -5.5 19.5 -8.8
v -5.3 19.5 -8.8
v 4.4 19.5 -8.8
v 4.6 19.5 -8.8
v -5.3 19.5 -8.9
v -5.1 19.5 -8.9
v -0.400001 19.5 -8.9
v -0.3 19.5 -8.9
v 4.2 19.5 -8.9
v 4.4 19.5 -8.9
v -5.1 19.5 -9
v -4.9 19.5 -9
v 4 19.5 -9
v 4.2 19.5 -9
v -4.9 19.5 -9.1
v -4.7 19.5 -9.1
v 3.8 19.5 -9.1
v 4 19.5 -9.1
v -4.7 19.5 -9.2
v -4.5 19.5 -9.2
v 3.6 19.5 -9.2
v 3.8 19.5 -9.2
v -4.5 19.5 -9.3
v -4.3 19.5 -9.3
v 3.4 19.5 -9.3
v 3.6 19.5 -9.3
v -4.3 19.5 -9.4
v -4 19.5 -9.4
v -0.400001 19.5 -9.4
v -0.3 19.5 -9.4
v 3.1 19.5 -9.4
v 3.4 19.5 -9.4
v -4 19.5 -9.5
v -3.7 19.5 -9.5
v 2.8 19.5 -9.5
v 3.1 19.5 -9.5
v -3.7 19.5 -9.6
v -3.4 19.5 -9.6
v 2.5 19.5 -9.6
v 2.8 19.5 -9.6
v -3.4 19.5 -9.7
v -3.1 19.5 -9.7
v 2.2 19.5 -9.7
v 2.5 19.5 -9.7
v -3.1 19.5 -9.8
v -2.7 19.5 -9.8
v 1.8 19.5 -9.8
v 2.2 19.5 -9.8
v -2.7 19.5 -9.9
v -2.2 19.5 -9.9
v 1.3 19.5 -9.9
v 1.8 19.5 -9.9
v -2.2 19.5 -10
v -1.5 19.5 -10
v 0.599999 19.5 -10
v 1.3 19.5 -10
v -1.5 19.5 -10.1
v -0.5 19.5 -10.1
v -0.400001 19.5 -10.1
v 0.599999 19.5 -10.1
v -0.900001 15.5 4.1
v 0 15.5 4.1
v -0.900001 15.5 4
v 0 15.5 4
v -0.900001 15.5 -4.1
v 0 15.5 -4.1
v -0.900001 15.5 -4.2
v 0 15.5 -4.2
v -1 16.1 4.1
v 0.0999994 16.1 4.1
v -1 16.1 4
v -0.5 16.1 4
v -0.400001 16.1 4
v 0.0999994 16.1 4
v -1 16.1 -4.1
v 0.0999994 16.1 -4.1
v -1 16.1 -4.2
v 0.0999994 16.1 -4.2
v -1.3 19.4 7.1
v -0.5 19.4 7.1
v -0.400001 19.4 7.1
v 0.4 19.4 7.1
v -1.9 19.4 7
v -1.3 19.4 7
v -0.5 19.4 7
v -0.400001 19.4 7
v 0.4 19.4 7
v 1 19.4 7
v -2.3 19.4 6.9
v -1.9 19.4 6.9
v -1.3 19.4 6.9
v 0.4 19.4 6.9
v 1 19.4 6.9
v 1.4 19.4 6.9
v -2.7 19.4 6.8
v -2.3 19.4 6.8
v -1.9 19.4 6.8
v 1 19.4 6.8
v 1.4 19.4 6.8
v 1.8 19.4 6.8
v -2.9 19.4 6.7
v -2.7 19.4 6.7
v -2.3 19.4 6.7
v 1.4 19.4 6.7
v 1.8 19.4 6.7
v 2 19.4 6.7
v -3.2 19.4 6.6
v -2.9 19.4 6.6
v 2 19.4 6.6
v 2.3 19.4 6.6
v -3.4 19.4 6.5
v -3.2 19.4 6.5
v 2.3 19.4 6.5
v 2.4 19.4 6.5
v 2.5 19.4 6.5
v -3.6 19.4 6.4
v -3.4 19.4 6.4
v -0.5 19.4 6.4
v -0.400001 19.4 6.4
v 2.4 19.4 6.4
v 2.5 19.4 6.4
v 2.7 19.4 6.4
v -3.8 19.4 6.3
v -3.6 19.4 6.3
v 2.7 19.4 6.3
v 2.9 19.4 6.3
v -4 19.4 6.2
v -3.8 19.4 6.2
v -2.7 19.4 6.2
v 2.9 19.4 6.2
v 3.1 19.4 6.2
v -4.2 19.4 6.1
v -4 19.4 6.1
v -2.7 19.4 6.1
v 2.9 19.4 6.1
v 3 19.4 6.1
v 3.1 19.4 6.1
v 3.3 19.4 6.1
v -4.3 19.4 6
v -4.2 19.4 6
v 3 19.4 6
v 3.1 19.4 6
v 3.3 19.4 6
v 3.4 19.4 6
v -4.5 19.4 5.9
v -4.3 19.4 5.9
v 3.4 19.4 5.9
v 3.6 19.4 5.9
v -4.6 19.4 5.8
v -4.5 19.4 5.8
v 3.6 19.4 5.8
v 3.7 19.4 5.8
v -4.8 19.4 5.7
v -4.7 19.4 5.7
v -4.6 19.4 5.7
v 3.7 19.4 5.7
v 3.9 19.4 5.7
v -4.9 19.4 5.6
v -4.8 19.4 5.6
v -4.7 19.4 5.6
v 3.5 19.4 5.6
v 3.9 19.4 5.6
v 4 19.4 5.6
v -5 19.4 5.5
v -4.9 19.4 5.5
v 3.5 19.4 5.5
v 4 19.4 5.5
v 4.1 19.4 5.5
v -5.1 19.4 5.4
v -5 19.4 5.4
v 4.1 19.4 5.4
v 4.2 19.4 5.4
v -5.2 19.4 5.3
v -5.1 19.4 5.3
v 4.2 19.4 5.3
v 4.3 19.4 5.3
v -5.4 19.4 5.2
v -5.2 19.4 5.2
v 4.3 19.4 5.2
v 4.5 19.4 5.2
v -5.5 19.4 5.1
v -5.4 19.4 5.1
v -5 19.4 5.1
v 4.3 19.4 5.1
v 4.5 19.4 5.1
v 4.6 19.4 5.1
v -5.6 19.4 5
v -5.5 19.4 5
v -5 19.4 5
v 4.6 19.4 5
v 4.7 19.4 5
v -5.7 19.4 4.9
v -5.6 19.4 4.9
v 4.7 19.4 4.9
v 4.8 19.4 4.9
v -5.8 19.4 4.7
v -5.7 19.4 4.7
v 3.1 19.4 4.7
v 3.3 19.4 4.7
v 4.8 19.4 4.7
v 4.9 19.4 4.7
v -5.9 19.4 4.6
v -5.8 19.4 4.6
v 4.9 19.4 4.6
v 5 19.4 4.6
v -6 19.4 4.5
v -5.9 19.4 4.5
v 4.9 19.4 4.5
v 5 19.4 4.5
v 5.1 19.4 4.5
v -6.1 19.4 4.4
v -6 19.4 4.4
v 5.1 19.4 4.4
v 5.2 19.4 4.4
v -6.2 19.4 4.3
v -6.1 19.4 4.3
v -6 19.4 4.3
v 5.1 19.4 4.3
v 5.2 19.4 4.3
v 5.3 19.4 4.3
v -6.3 19.4 4.1
v -6.2 19.4 4.1
v -6 19.4 4.1
v 4.4 19.4 4.1
v 5.3 19.4 4.1
v 5.4 19.4 4.1
v -6.4 19.4 4
v -6.3 19.4 4
v 4.4 19.4 4
v 5.4 19.4 4
v 5.5 19.4 4
v -6.5 19.4 3.8
v -6.4 19.4 3.8
v -6.3 19.4 3.8
v 5.4 19.4 3.8
v 5.5 19.4 3.8
v 5.6 19.4 3.8
v -6.6 19.4 3.7
v -6.5 19.4 3.7
v 5.6 19.4 3.7
v 5.7 19.4 3.7
v -6.7 19.4 3.5
v -6.6 19.4 3.5
v 5.1 19.4 3.5
v 5.7 19.4 3.5
v 5.8 19.4 3.5
v -6.8 19.4 3.3
v -6.7 19.4 3.3
v 5.1 19.4 3.3
v 5.8 19.4 3.3
v 5.9 19.4 3.3
v 5.8 19.4 3.2
v 5.9 19.4 3.2
v -6.9 19.4 3.1
v -6.8 19.4 3.1
v 5.9 19.4 3.1
v 6 19.4 3.1
v -7 19.4 2.9
v -6.9 19.4 2.9
v 6 19.4 2.9
v 6.1 19.4 2.9
v 6 19.4 2.8
v 6.1 19.4 2.8
v -7.1 19.4 2.7
v -7 19.4 2.7
v 6.1 19.4 2.7
v 6.2 19.4 2.7
v -7.2 19.4 2.4
v -7.1 19.4 2.4
v -7 19.4 2.4
v 6.2 19.4 2.4
v 6.3 19.4 2.4
v -7.3 19.4 2.2
v -7.2 19.4 2.2
v 5.5 19.4 2.2
v 6.3 19.4 2.2
v 6.4 19.4 2.2
v -7.4 19.4 1.8
v -7.3 19.4 1.8
v -7.2 19.4 1.8
v 4.9 19.4 1.8
v 5.5 19.4 1.8
v 6.4 19.4 1.8
v 6.5 19.4 1.8
v -7.5 19.4 1.4
v -7.4 19.4 1.4
v 4.9 19.4 1.4
v 6.5 19.4 1.4
v 6.6 19.4 1.4
v -7.6 19.4 0.8
v -7.5 19.4 0.8
v -7.4 19.4 0.8
v -7.2 19.4 0.8
v 6.5 19.4 0.8
v 6.6 19.4 0.8
v 6.7 19.4 0.8
v -7.6 19.4 0
v -7.5 19.4 0
v -7.2 19.4 0
v -7 19.4 0
v -6.9 19.4 0
v -5.8 19.4 0
v -0.5 19.4 0
v -0.400001 19.4 0
v 6.2 19.4 0
v 6.6 19.4 0
v 6.7 19.4 0
v -7.6 19.4 -0.0999994
v -7.5 19.4 -0.0999994
v -7.3 19.4 -0.0999994
v -7 19.4 -0.0999994
v -6.9 19.4 -0.0999994
v -5.8 19.4 -0.0999994
v -0.5 19.4 -0.0999994
v -0.400001 19.4 -0.0999994
v 6.2 19.4 -0.0999994
v 6.6 19.4 -0.0999994
v 6.7 19.4 -0.0999994
v -7.6 19.4 -0.9
v -7.5 19.4 -0.9
v -7.3 19.4 -0.9
v -5.4 19.4 -0.9
v 6.5 19.4 -0.9
v 6.6 19.4 -0.9
v 6.7 19.4 -0.9
v -7.5 19.4 -1.5
v -7.4 19.4 -1.5
v -7.3 19.4 -1.5
v -5.4 19.4 -1.5
v 6.4 19.4 -1.5
v 6.5 19.4 -1.5
v 6.6 19.4 -1.5
v -7.4 19.4 -1.9
v -7.3 19.4 -1.9
v -7.2 19.4 -1.9
v 6.4 19.4 -1.9
v 6.5 19.4 -1.9
v -7.3 19.4 -2.3
v -7.2 19.4 -2.3
v 6.3 19.4 -2.3
v 6.4 19.4 -2.3
v 0.4 19.4 -2.4
v 1 19.4 -2.4
v -7.2 19.4 -2.5
v -7.1 19.4 -2.5
v -7 19.4 -2.5
v 3.8 19.4 -2.5
v 6.2 19.4 -2.5
v 6.3 19.4 -2.5
v -7.1 19.4 -2.8
v -7 19.4 -2.8
v -6.8 19.4 -2.8
v 3.8 19.4 -2.8
v 6 19.4 -2.8
v 6.1 19.4 -2.8
v 6.2 19.4 -2.8
v -7 19.4 -3
v -6.9 19.4 -3
v -6.8 19.4 -3
v 5.9 19.4 -3
v 6 19.4 -3
v 6.1 19.4 -3
v -6.9 19.4 -3.2
v -6.8 19.4 -3.2
v 5.9 19.4 -3.2
v 6 19.4 -3.2
v -6.8 19.4 -3.4
v -6.7 19.4 -3.4
v -6.6 19.4 -3.4
v 5.5 19.4 -3.4
v 5.6 19.4 -3.4
v 5.8 19.4 -3.4
v 5.9 19.4 -3.4
v -6.7 19.4 -3.6
v -6.6 19.4 -3.6
v -4.3 19.4 -3.6
v 3.8 19.4 -3.6
v 5.5 19.4 -3.6
v 5.6 19.4 -3.6
v 5.7 19.4 -3.6
v 5.8 19.4 -3.6
v -6.6 19.4 -3.8
v -6.5 19.4 -3.8
v -4.3 19.4 -3.8
v 3.8 19.4 -3.8
v 5.5 19.4 -3.8
v 5.6 19.4 -3.8
v 5.7 19.4 -3.8
v -6.5 19.4 -3.9
v -6.4 19.4 -3.9
v 5 19.4 -3.9
v 5.1 19.4 -3.9
v 5.4 19.4 -3.9
v 5.5 19.4 -3.9
v 5.6 19.4 -3.9
v -6.4 19.4 -4.1
v -6.3 19.4 -4.1
v 5.4 19.4 -4.1
v 5.5 19.4 -4.1
v -6.3 19.4 -4.2
v -6.2 19.4 -4.2
v -4.7 19.4 -4.2
v 4.5 19.4 -4.2
v 4.6 19.4 -4.2
v 5.3 19.4 -4.2
v 5.4 19.4 -4.2
v -6.2 19.4 -4.4
v -6.1 19.4 -4.4
v -4.7 19.4 -4.4
v 5.2 19.4 -4.4
v 5.3 19.4 -4.4
v -6.1 19.4 -4.5
v -6 19.4 -4.5
v 5.1 19.4 -4.5
v 5.2 19.4 -4.5
v -6 19.4 -4.6
v -5.9 19.4 -4.6
v -5.3 19.4 -4.6
v -5.2 19.4 -4.6
v -5.1 19.4 -4.6
v 3.1 19.4 -4.6
v 3.3 19.4 -4.6
v 5 19.4 -4.6
v 5.1 19.4 -4.6
v -5.9 19.4 -4.7
v -5.8 19.4 -4.7
v -5.7 19.4 -4.7
v -5.3 19.4 -4.7
v 2 19.4 -4.7
v 2.3 19.4 -4.7
v 4.7 19.4 -4.7
v 4.9 19.4 -4.7
v 5 19.4 -4.7
v -5.8 19.4 -4.8
v -5.7 19.4 -4.8
v 4.2 19.4 -4.8
v 4.3 19.4 -4.8
v 4.7 19.4 -4.8
v 4.8 19.4 -4.8
v 4.9 19.4 -4.8
v -5.7 19.4 -4.9
v -5.6 19.4 -4.9
v -5.7 19.4 -5
v -5.6 19.4 -5
v 4.6 19.4 -5
v 4.7 19.4 -5
v 4.8 19.4 -5
v -5.6 19.4 -5.1
v -5.5 19.4 -5.1
v 4.6 19.4 -5.1
v 4.7 19.4 -5.1
v -5.5 19.4 -5.2
v -5.4 19.4 -5.2
v -5.2 19.4 -5.2
v -5.1 19.4 -5.2
v -3.3 19.4 -5.2
v 4.5 19.4 -5.2
v 4.6 19.4 -5.2
v -5.4 19.4 -5.3
v -5.2 19.4 -5.3
v -5.1 19.4 -5.3
v -4 19.4 -5.3
v -3.8 19.4 -5.3
v -3.3 19.4 -5.3
v 3.5 19.4 -5.3
v 4.2 19.4 -5.3
v 4.3 19.4 -5.3
v 4.5 19.4 -5.3
v -5.2 19.4 -5.4
v -5.1 19.4 -5.4
v 3.5 19.4 -5.4
v 4.1 19.4 -5.4
v 4.2 19.4 -5.4
v 4.3 19.4 -5.4
v -5.1 19.4 -5.5
v -5 19.4 -5.5
v 4 19.4 -5.5
v 4.1 19.4 -5.5
v 4.2 19.4 -5.5
v -5 19.4 -5.6
v -4.9 19.4 -5.6
v -4.8 19.4 -5.6
v 4 19.4 -5.6
v 4.1 19.4 -5.6
v -4.9 19.4 -5.7
v -4.8 19.4 -5.7
v -4.6 19.4 -5.7
v 3.9 19.4 -5.7
v 4 19.4 -5.7
v -4.8 19.4 -5.8
v -4.6 19.4 -5.8
v 3.7 19.4 -5.8
v 3.9 19.4 -5.8
v -4.6 19.4 -5.9
v -4.5 19.4 -5.9
v -0.5 19.4 -5.9
v -0.400001 19.4 -5.9
v 3.6 19.4 -5.9
v 3.7 19.4 -5.9
v -4.5 19.4 -6
v -4.3 19.4 -6
v 3.3 19.4 -6
v 3.4 19.4 -6
v 3.6 19.4 -6
v -4.3 19.4 -6.1
v -4.2 19.4 -6.1
v -4 19.4 -6.1
v 3.3 19.4 -6.1
v 3.4 19.4 -6.1
v -4.2 19.4 -6.2
v -4 19.4 -6.2
v 2.7 19.4 -6.2
v 3.1 19.4 -6.2
v 3.3 19.4 -6.2
v -4 19.4 -6.3
v -3.8 19.4 -6.3
v -3.5 19.4 -6.3
v 2.7 19.4 -6.3
v 2.9 19.4 -6.3
v 3.1 19.4 -6.3
v -3.8 19.4 -6.4
v -3.6 19.4 -6.4
v 2.5 19.4 -6.4
v 2.7 19.4 -6.4
v 2.9 19.4 -6.4
v -3.6 19.4 -6.5
v -3.5 19.4 -6.5
v -3.4 19.4 -6.5
v -3.2 19.4 -6.5
v -0.5 19.4 -6.5
v -0.400001 19.4 -6.5
v 2.5 19.4 -6.5
v 2.7 19.4 -6.5
v -3.4 19.4 -6.6
v -3.2 19.4 -6.6
v -0.5 19.4 -6.6
v -0.400001 19.4 -6.6
v 2.3 19.4 -6.6
v 2.5 19.4 -6.6
v -3.2 19.4 -6.7
v -2.9 19.4 -6.7
v -1.9 19.4 -6.7
v -1.3 19.4 -6.7
v 1.8 19.4 -6.7
v 2 19.4 -6.7
v 2.3 19.4 -6.7
v -2.9 19.4 -6.8
v -2.7 19.4 -6.8
v -2.3 19.4 -6.8
v 1.4 19.4 -6.8
v 1.8 19.4 -6.8
v 2 19.4 -6.8
v -2.7 19.4 -6.9
v -2.3 19.4 -6.9
v -1.9 19.4 -6.9
v 1 19.4 -6.9
v 1.4 19.4 -6.9
v 1.8 19.4 -6.9
v -2.3 19.4 -7
v -1.9 19.4 -7
v -1.3 19.4 -7
v -0.5 19.4 -7
v 1 19.4 -7
v 1.4 19.4 -7
v -1.9 19.4 -7.1
v -1.3 19.4 -7.1
v -0.5 19.4 -7.1
v -0.400001 19.4 -7.1
v 0.4 19.4 -7.1
v 1 19.4 -7.1
v -1.3 19.4 -7.2
v -0.5 19.4 -7.2
v -0.400001 19.4 -7.2
v 0.4 19.4 -7.2
v -1.5 21.6 10
v 0.599999 21.6 10
v -2.2 21.6 9.9
v -1.5 21.6 9.9
v 0.599999 21.6 9.9
v 1.3 21.6 9.9
v -2.7 21.6 9.8
v -2.2 21.6 9.8
v 1.3 21.6 9.8
v 1.8 21.6 9.8
v -3.1 21.6 9.7
v -2.7 21.6 9.7
v 1.8 21.6 9.7
v 2.2 21.6 9.7
v -3.4 21.6 9.6
v -3.1 21.6 9.6
v 2.2 21.6 9.6
v 2.5 21.6 9.6
v -3.7 21.6 9.5
v -3.4 21.6 9.5
v 2.5 21.6 9.5
v 2.8 21.6 9.5
v -4 21.6 9.4
v -3.7 21.6 9.4
v 2.8 21.6 9.4
v 3.1 21.6 9.4
v -4.3 21.6 9.3
v -4 21.6 9.3
v 3.1 21.6 9.3
v 3.4 21.6 9.3
v -4.5 21.6 9.2
v -4.3 21.6 9.2
v 3.4 21.6 9.2
v 3.6 21.6 9.2
v -4.7 21.6 9.1
v -4.5 21.6 9.1
v 3.6 21.6 9.1
v 3.8 21.6 9.1
v -4.9 21.6 9
v -4.7 21.6 9
v 3.8 21.6 9
v 4 21.6 9
v -5.1 21.6 8.9
v -4.9 21.6 8.9
v 4 21.6 8.9
v 4.2 21.6 8.9
v -5.3 21.6 8.8
v -5.1 21.6 8.8
v 4.2 21.6 8.8
v 4.4 21.6 8.8
v -5.5 21.6 8.7
v -5.3 21.6 8.7
v 4.4 21.6 8.7
v 4.6 21.6 8.7
v -5.7 21.6 8.6
v -5.5 21.6 8.6
v 4.6 21.6 8.6
v 4.8 21.6 8.6
v -5.8 21.6 8.5
v -5.7 21.6 8.5
v 4.8 21.6 8.5
v 4.9 21.6 8.5
v -6 21.6 8.4
v -5.8 21.6 8.4
v 4.9 21.6 8.4
v 5.1 21.6 8.4
v -6.1 21.6 8.3
v -6 21.6 8.3
v 5.1 21.6 8.3
v 5.2 21.6 8.3
v -6.3 21.6 8.2
v -6.1 21.6 8.2
v 5.2 21.6 8.2
v 5.4 21.6 8.2
v -6.4 21.6 8.1
v -6.3 21.6 8.1
v 5.4 21.6 8.1
v 5.5 21.6 8.1
v -6.5 21.6 8
v -6.4 21.6 8
v 5.5 21.6 8
v 5.6 21.6 8
v -6.7 21.6 7.9
v -6.5 21.6 7.9
v 5.6 21.6 7.9
v 5.8 21.6 7.9
v -6.8 21.6 7.8
v -6.7 21.6 7.8
v 5.8 21.6 7.8
v 5.9 21.6 7.8
v -6.9 21.6 7.7
v -6.8 21.6 7.7
v 5.9 21.6 7.7
v 6 21.6 7.7
v -7 21.6 7.6
v -6.9 21.6 7.6
v 6 21.6 7.6
v 6.1 21.6 7.6
v -7.1 21.6 7.5
v -7 21.6 7.5
v 6.1 21.6 7.5
v 6.2 21.6 7.5
v -7.3 21.6 7.4
v -7.1 21.6 7.4
v 6.2 21.6 7.4
v 6.4 21.6 7.4
v -7.4 21.6 7.3
v -7.3 21.6 7.3
v 6.4 21.6 7.3
v 6.5 21.6 7.3
v -7.5 21.6 7.2
v -7.4 21.6 7.2
v 6.5 21.6 7.2
v 6.6 21.6 7.2
v -7.6 21.6 7.1
v -7.5 21.6 7.1
v 6.6 21.6 7.1
v 6.7 21.6 7.1
v -7.7 21.6 7
v -7.6 21.6 7
v 6.7 21.6 7
v 6.8 21.6 7
v -7.8 21.6 6.9
v -7.7 21.6 6.9
v 6.8 21.6 6.9
v 6.9 21.6 6.9
v -7.9 21.6 6.8
v -7.8 21.6 6.8
v 6.9 21.6 6.8
v 7 21.6 6.8
v -8 21.6 6.6
v -7.9 21.6 6.6
v 7 21.6 6.6
v 7.1 21.6 6.6
v -8.1 21.6 6.5
v -8 21.6 6.5
v 7.1 21.6 6.5
v 7.2 21.6 6.5
v -8.2 21.6 6.4
v -8.1 21.6 6.4
v 7.2 21.6 6.4
v 7.3 21.6 6.4
v -8.3 21.6 6.3
v -8.2 21.6 6.3
v 7.3 21.6 6.3
v 7.4 21.6 6.3
v -8.4 21.6 6.2
v -8.3 21.6 6.2
v 7.4 21.6 6.2
v 7.5 21.6 6.2
v -8.5 21.6 6
v -8.4 21.6 6
v 7.5 21.6 6
v 7.6 21.6 6
v -8.6 21.6 5.9
v -8.5 21.6 5.9
v 7.6 21.6 5.9
v 7.7 21.6 5.9
v -8.7 21.6 5.8
v -8.6 21.6 5.8
v 7.7 21.6 5.8
v 7.8 21.6 5.8
v -8.8 21.6 5.6
v -8.7 21.6 5.6
v 7.8 21.6 5.6
v 7.9 21.6 5.6
v -8.9 21.6 5.5
v -8.8 21.6 5.5
v 7.9 21.6 5.5
v 8 21.6 5.5
v -9 21.6 5.3
v -8.9 21.6 5.3
v 8 21.6 5.3
v 8.1 21.6 5.3
v -9.1 21.6 5.2
v -9 21.6 5.2
v 8.1 21.6 5.2
v 8.2 21.6 5.2
v -9.2 21.6 5
v -9.1 21.6 5
v 8.2 21.6 5
v 8.3 21.6 5
v -9.3 21.6 4.8
v -9.2 21.6 4.8
v 8.3 21.6 4.8
v 8.4 21.6 4.8
v -9.4 21.6 4.6
v -9.3 21.6 4.6
v 8.4 21.6 4.6
v 8.5 21.6 4.6
v -9.5 21.6 4.4
v -9.4 21.6 4.4
v 8.5 21.6 4.4
v 8.6 21.6 4.4
v -9.6 21.6 4.2
v -9.5 21.6 4.2
v 8.6 21.6 4.2
v 8.7 21.6 4.2
v -9.7 21.6 4
v -9.6 21.6 4
v 8.7 21.6 4
v 8.8 21.6 4
v -9.8 21.6 3.8
v -9.7 21.6 3.8
v 8.8 21.6 3.8
v 8.9 21.6 3.8
v -9.9 21.6 3.5
v -9.8 21.6 3.5
v 8.9 21.6 3.5
v 9 21.6 3.5
v -10 21.6 3.2
v -9.9 21.6 3.2
v 9 21.6 3.2
v 9.1 21.6 3.2
v -10.1 21.6 2.9
v -10 21.6 2.9
v 9.1 21.6 2.9
v 9.2 21.6 2.9
v -10.2 21.6 2.6
v -10.1 21.6 2.6
v 9.2 21.6 2.6
v 9.3 21.6 2.6
v -10.3 21.6 2.2
v -10.2 21.6 2.2
v 9.3 21.6 2.2
v 9.4 21.6 2.2
v -10.4 21.6 1.7
v -10.3 21.6 1.7
v 9.4 21.6 1.7
v 9.5 21.6 1.7
v -10.5 21.6 1
v -10.4 21.6 1
v 9.5 21.6 1
v 9.6 21.6 1
v -10.5 21.6 -1.1
v -10.4 21.6 -1.1
v 9.5 21.6 -1.1
v 9.6 21.6 -1.1
v -10.4 21.6 -1.8
v -10.3 21.6 -1.8
v 9.4 21.6 -1.8
v 9.5 21.6 -1.8
v -10.3 21.6 -2.3
v -10.2 21.6 -2.3
v 9.3 21.6 -2.3
v 9.4 21.6 -2.3
v -10.2 21.6 -2.7
v -10.1 21.6 -2.7
v 9.2 21.6 -2.7
v 9.3 21.6 -2.7
v -10.1 21.6 -3
v -10 21.6 -3
v 9.1 21.6 -3
v 9.2 21.6 -3
v -10 21.6 -3.3
v -9.9 21.6 -3.3
v 9 21.6 -3.3
v 9.1 21.6 -3.3
v -9.9 21.6 -3.6
v -9.8 21.6 -3.6
v 8.9 21.6 -3.6
v 9 21.6 -3.6
v -9.8 21.6 -3.9
v -9.7 21.6 -3.9
v 8.8 21.6 -3.9
v 8.9 21.6 -3.9
v -9.7 21.6 -4.1
v -9.6 21.6 -4.1
v 8.7 21.6 -4.1
v 8.8 21.6 -4.1
v -9.6 21.6 -4.3
v -9.5 21.6 -4.3
v 8.6 21.6 -4.3
v 8.7 21.6 -4.3
v -9.5 21.6 -4.5
v -9.4 21.6 -4.5
v 8.5 21.6 -4.5
v 8.6 21.6 -4.5
v -9.4 21.6 -4.7
v -9.3 21.6 -4.7
v 8.4 21.6 -4.7
v 8.5 21.6 -4.7
v -9.3 21.6 -4.9
v -9.2 21.6 -4.9
v 8.3 21.6 -4.9
v 8.4 21.6 -4.9
v -9.2 21.6 -5.1
v -9.1 21.6 -5.1
v 8.2 21.6 -5.1
v 8.3 21.6 -5.1
v -9.1 21.6 -5.3
v -9 21.6 -5.3
v 8.1 21.6 -5.3
v 8.2 21.6 -5.3
v -9 21.6 -5.4
v -8.9 21.6 -5.4
v 8 21.6 -5.4
v 8.1 21.6 -5.4
v -8.9 21.6 -5.6
v -8.8 21.6 -5.6
v 7.9 21.6 -5.6
v 8 21.6 -5.6
v -8.8 21.6 -5.7
v -8.7 21.6 -5.7
v 7.8 21.6 -5.7
v 7.9 21.6 -5.7
v -8.7 21.6 -5.9
v -8.6 21.6 -5.9
v 7.7 21.6 -5.9
v 7.8 21.6 -5.9
v -8.6 21.6 -6
v -8.5 21.6 -6
v 7.6 21.6 -6
v 7.7 21.6 -6
v -8.5 21.6 -6.1
v -8.4 21.6 -6.1
v 7.5 21.6 -6.1
v 7.6 21.6 -6.1
v -8.4 21.6 -6.3
v -8.3 21.6 -6.3
v 7.4 21.6 -6.3
v 7.5 21.6 -6.3
v -8.3 21.6 -6.4
v -8.2 21.6 -6.4
v 7.3 21.6 -6.4
v 7.4 21.6 -6.4
v -8.2 21.6 -6.5
v -8.1 21.6 -6.5
v 7.2 21.6 -6.5
v 7.3 21.6 -6.5
v -8.1 21.6 -6.6
v -8 21.6 -6.6
v 7.1 21.6 -6.6
v 7.2 21.6 -6.6
v -8 21.6 -6.7
v -7.9 21.6 -6.7
v 7 21.6 -6.7
v 7.1 21.6 -6.7
v -7.9 21.6 -6.9
v -7.8 21.6 -6.9
v 6.9 21.6 -6.9
v 7 21.6 -6.9
v -7.8 21.6 -7
v -7.7 21.6 -7
v 6.8 21.6 -7
v 6.9 21.6 -7
v -7.7 21.6 -7.1
v -7.6 21.6 -7.1
v 6.7 21.6 -7.1
v 6.8 21.6 -7.1
v -7.6 21.6 -7.2
v -7.5 21.6 -7.2
v 6.6 21.6 -7.2
v 6.7 21.6 -7.2
v -7.5 21.6 -7.3
v -7.4 21.6 -7.3
v 6.5 21.6 -7.3
v 6.6 21.6 -7.3
v -7.4 21.6 -7.4
v -7.3 21.6 -7.4
v 6.4 21.6 -7.4
v 6.5 21.6 -7.4
v -7.3 21.6 -7.5
v -7.1 21.6 -7.5
v 6.2 21.6 -7.5
v 6.4 21.6 -7.5
v -7.1 21.6 -7.6
v -7 21.6 -7.6
v 6.1 21.6 -7.6
v 6.2 21.6 -7.6
v -7 21.6 -7.7
v -6.9 21.6 -7.7
v 6 21.6 -7.7
v 6.1 21.6 -7.7
v -6.9 21.6 -7.8
v -6.8 21.6 -7.8
v 5.9 21.6 -7.8
v 6 21.6 -7.8
v -6.8 21.6 -7.9
v -6.7 21.6 -7.9
v 5.8 21.6 -7.9
v 5.9 21.6 -7.9
v -6.7 21.6 -8
v -6.5 21.6 -8
v 5.6 21.6 -8
v 5.8 21.6 -8
v -6.5 21.6 -8.1
v -6.4 21.6 -8.1
v 5.5 21.6 -8.1
v 5.6 21.6 -8.1
v -6.4 21.6 -8.2
v -6.3 21.6 -8.2
v 5.4 21.6 -8.2
v 5.5 21.6 -8.2
v -6.3 21.6 -8.3
v -6.1 21.6 -8.3
v 5.2 21.6 -8.3
v 5.4 21.6 -8.3
v -6.1 21.6 -8.4
v -6 21.6 -8.4
v 5.1 21.6 -8.4
v 5.2 21.6 -8.4
v -6 21.6 -8.5
v -5.8 21.6 -8.5
v 4.9 21.6 -8.5
v 5.1 21.6 -8.5
v -5.8 21.6 -8.6
v -5.7 21.6 -8.6
v 4.8 21.6 -8.6
v 4.9 21.6 -8.6
v -5.7 21.6 -8.7
v -5.5 21.6 -8.7
v 4.6 21.6 -8.7
v 4.8 21.6 -8.7
v -5.5 21.6 -8.8
v -5.3 21.6 -8.8
v 4.4 21.6 -8.8
v 4.6 21.6 -8.8
v -5.3 21.6 -8.9
v -5.1 21.6 -8.9
v 4.2 21.6 -8.9
v 4.4 21.6 -8.9
v -5.1 21.6 -9
v -4.9 21.6 -9
v 4 21.6 -9
v 4.2 21.6 -9
v -4.9 21.6 -9.1
v -4.7 21.6 -9.1
v 3.8 21.6 -9.1
v 4 21.6 -9.1
v -4.7 21.6 -9.2
v -4.5 21.6 -9.2
v 3.6 21.6 -9.2
v 3.8 21.6 -9.2
v -4.5 21.6 -9.3
v -4.3 21.6 -9.3
v 3.4 21.6 -9.3
v 3.6 21.6 -9.3
v -4.3 21.6 -9.4
v -4 21.6 -9.4
v 3.1 21.6 -9.4
v 3.4 21.6 -9.4
v -4 21.6 -9.5
v -3.7 21.6 -9.5
v 2.8 21.6 -9.5
v 3.1 21.6 -9.5
v -3.7 21.6 -9.6
v -3.4 21.6 -9.6
v 2.5 21.6 -9.6
v 2.8 21.6 -9.6
v -3.4 21.6 -9.7
v -3.1 21.6 -9.7
v 2.2 21.6 -9.7
v 2.5 21.6 -9.7
v -3.1 21.6 -9.8
v -2.7 21.6 -9.8
v 1.8 21.6 -9.8
v 2.2 21.6 -9.8
v -2.7 21.6 -9.9
v -2.2 21.6 -9.9
v 1.3 21.6 -9.9
v 1.8 21.6 -9.9
v -2.2 21.6 -10
v -1.5 21.6 -10
v 0.599999 21.6 -10
v 1.3 21.6 -10
v -1.5 21.6 -10.1
v 0.599999 21.6 -10.1

# faces
f 5/4/1 2/4/1 1/4/1
f 6/3/1 3/3/1 2/3/1
f 6/4/1 2/4/1 5/4/1
f 7/4/1 4/4/1 3/4/1
f 7/3/1 3/3/1 6/3/1
f 8/4/1 4/4/1 7/4/1
f 9/6/1 6/6/1 5/6/1
f 9/6/1 7/6/1 6/6/1
f 9/6/1 8/6/1 7/6/1
f 10/6/1 8/6/1 9/6/1
f 15/4/1 12/4/1 11/4/1
f 16/4/1 12/4/1 15/4/1
f 17/4/1 14/4/1 13/4/1
f 18/4/1 14/4/1 17/4/1
f 19/6/1 16/6/1 15/6/1
f 20/6/1 16/6/1 19/6/1
f 21/6/1 18/6/1 17/6/1
f 22/6/1 18/6/1 21/6/1
f 27/4/1 24/4/1 23/4/1
f 28/4/1 24/4/1 27/4/1
f 29/4/1 26/4/1 25/4/1
f 30/4/1 26/4/1 29/4/1
f 31/6/1 28/6/1 27/6/1
f 32/6/1 28/6/1 31/6/1
f 33/6/1 30/6/1 29/6/1
f 34/6/1 30/6/1 33/6/1
f 39/4/1 36/4/1 35/4/1
f 40/4/1 36/4/1 39/4/1
f 41/4/1 38/4/1 37/4/1
f 42/4/1 38/4/1 41/4/1
f 43/6/1 40/6/1 39/6/1
f 44/6/1 40/6/1 43/6/1
f 45/6/1 42/6/1 41/6/1
f 46/6/1 42/6/1 45/6/1
f 51/4/1 48/4/1 47/4/1
f 52/4/1 48/4/1 51/4/1
f 53/4/1 50/4/1 49/4/1
f 54/4/1 50/4/1 53/4/1
f 55/6/1 52/6/1 51/6/1
f 56/6/1 52/6/1 55/6/1
f 57/6/1 54/6/1 53/6/1
f 58/6/1 54/6/1 57/6/1
f 63/4/1 60/4/1 59/4/1
f 64/4/1 60/4/1 63/4/1
f 65/4/1 62/4/1 61/4/1
f 66/4/1 62/4/1 65/4/1
f 67/6/1 64/6/1 63/6/1
f 68/6/1 64/6/1 67/6/1
f 69/6/1 66/6/1 65/6/1
f 70/6/1 66/6/1 69/6/1
f 75/4/1 72/4/1 71/4/1
f 76/4/1 72/4/1 75/4/1
f 77/4/1 74/4/1 73/4/1
f 78/4/1 74/4/1 77/4/1
f 79/6/1 76/6/1 75/6/1
f 80/6/1 76/6/1 79/6/1
f 81/6/1 78/6/1 77/6/1
f 82/6/1 78/6/1 81/6/1
f 87/4/1 84/4/1 83/4/1
f 88/4/1 84/4/1 87/4/1
f 89/4/1 86/4/1 85/4/1
f 90/4/1 86/4/1 89/4/1
f 91/6/1 88/6/1 87/6/1
f 92/6/1 88/6/1 91/6/1
f 93/6/1 90/6/1 89/6/1
f 94/6/1 90/6/1 93/6/1
f 99/4/1 96/4/1 95/4/1
f 100/4/1 96/4/1 99/4/1
f 101/4/1 98/4/1 97/4/1
f 102/4/1 98/4/1 101/4/1
f 103/6/1 100/6/1 99/6/1
f 104/6/1 100/6/1 103/6/1
f 105/6/1 102/6/1 101/6/1
f 106/6/1 102/6/1 105/6/1
f 111/4/1 108/4/1 107/4/1
f 112/4/1 108/4/1 111/4/1
f 113/4/1 110/4/1 109/4/1
f 114/4/1 110/4/1 113/4/1
f 115/6/1 112/6/1 111/6/1
f 116/6/1 112/6/1 115/6/1
f 117/6/1 114/6/1 113/6/1
f 118/6/1 114/6/1 117/6/1
f 123/4/1 120/4/1 119/4/1
f 124/4/1 120/4/1 123/4/1
f 125/4/1 122/4/1 121/4/1
f 126/4/1 122/4/1 125/4/1
f 127/6/1 124/6/1 123/6/1
f 128/6/1 124/6/1 127/6/1
f 129/6/1 126/6/1 125/6/1
f 130/6/1 126/6/1 129/6/1
f 135/4/1 132/4/1 131/4/1
f 136/4/1 132/4/1 135/4/1
f 137/4/1 134/4/1 133/4/1
f 138/4/1 134/4/1 137/4/1
f 139/6/1 136/6/1 135/6/1
f 140/6/1 136/6/1 139/6/1
f 141/6/1 138/6/1 137/6/1
f 142/6/1 138/6/1 141/6/1
f 147/4/1 144/4/1 143/4/1
f 148/4/1 144/4/1 147/4/1
f 149/4/1 146/4/1 145/4/1
f 150/4/1 146/4/1 149/4/1
f 151/6/1 148/6/1 147/6/1
f 152/6/1 148/6/1 151/6/1
f 153/6/1 150/6/1 149/6/1
f 154/6/1 150/6/1 153/6/1
f 159/4/1 156/4/1 155/4/1
f 160/4/1 156/4/1 159/4/1
f 161/4/1 158/4/1 157/4/1
f 162/4/1 158/4/1 161/4/1
f 163/6/1 160/6/1 159/6/1
f 164/6/1 160/6/1 163/6/1
f 165/6/1 162/6/1 161/6/1
f 166/6/1 162/6/1 165/6/1
f 171/4/1 168/4/1 167/4/1
f 172/4/1 168/4/1 171/4/1
f 173/4/1 170/4/1 169/4/1
f 174/4/1 170/4/1 173/4/1
f 175/6/1 172/6/1 171/6/1
f 176/6/1 172/6/1 175/6/1
f 177/6/1 174/6/1 173/6/1
f 178/6/1 174/6/1 177/6/1
f 183/4/1 180/4/1 179/4/1
f 184/4/1 180/4/1 183/4/1
f 185/4/1 182/4/1 181/4/1
f 186/4/1 182/4/1 185/4/1
f 187/6/1 184/6/1 183/6/1
f 188/6/1 184/6/1 187/6/1
f 189/6/1 186/6/1 185/6/1
f 190/6/1 186/6/1 189/6/1
f 195/4/1 192/4/1 191/4/1
f 196/4/1 192/4/1 195/4/1
f 197/4/1 194/4/1 193/4/1
f 198/4/1 194/4/1 197/4/1
f 199/6/1 196/6/1 195/6/1
f 200/6/1 196/6/1 199/6/1
f 201/6/1 198/6/1 197/6/1
f 202/6/1 198/6/1 201/6/1
f 207/4/1 204/4/1 203/4/1
f 208/4/1 204/4/1 207/4/1
f 209/4/1 206/4/1 205/4/1
f 210/4/1 206/4/1 209/4/1
f 211/6/1 208/6/1 207/6/1
f 212/6/1 208/6/1 211/6/1
f 213/6/1 210/6/1 209/6/1
f 214/6/1 210/6/1 213/6/1
f 219/4/1 216/4/1 215/4/1
f 220/4/1 216/4/1 219/4/1
f 221/4/1 218/4/1 217/4/1
f 222/4/1 218/4/1 221/4/1
f 223/6/1 220/6/1 219/6/1
f 224/6/1 220/6/1 223/6/1
f 225/6/1 222/6/1 221/6/1
f 226/6/1 222/6/1 225/6/1
f 231/4/1 228/4/1 227/4/1
f 232/4/1 228/4/1 231/4/1
f 233/4/1 230/4/1 229/4/1
f 234/4/1 230/4/1 233/4/1
f 235/6/1 232/6/1 231/6/1
f 236/6/1 232/6/1 235/6/1
f 237/6/1 234/6/1 233/6/1
f 238/6/1 234/6/1 237/6/1
f 243/4/1 240/4/1 239/4/1
f 244/4/1 240/4/1 243/4/1
f 245/4/1 242/4/1 241/4/1
f 246/4/1 242/4/1 245/4/1
f 247/6/1 244/6/1 243/6/1
f 248/6/1 244/6/1 247/6/1
f 249/6/1 246/6/1 245/6/1
f 250/6/1 246/6/1 249/6/1
f 255/4/1 252/4/1 251/4/1
f 256/4/1 252/4/1 255/4/1
f 257/4/1 254/4/1 253/4/1
f 258/4/1 254/4/1 257/4/1
f 259/6/1 256/6/1 255/6/1
f 260/6/1 256/6/1 259/6/1
f 261/6/1 258/6/1 257/6/1
f 262/6/1 258/6/1 261/6/1
f 267/4/1 264/4/1 263/4/1
f 268/4/1 264/4/1 267/4/1
f 269/4/1 266/4/1 265/4/1
f 270/4/1 266/4/1 269/4/1
f 271/6/1 268/6/1 267/6/1
f 272/6/1 268/6/1 271/6/1
f 273/6/1 270/6/1 269/6/1
f 274/6/1 270/6/1 273/6/1
f 279/4/1 276/4/1 275/4/1
f 280/4/1 276/4/1 279/4/1
f 281/4/1 278/4/1 277/4/1
f 282/4/1 278/4/1 281/4/1
f 283/6/1 280/6/1 279/6/1
f 284/6/1 280/6/1 283/6/1
f 285/6/1 282/6/1 281/6/1
f 286/6/1 282/6/1 285/6/1
f 291/4/1 288/4/1 287/4/1
f 292/4/1 288/4/1 291/4/1
f 293/4/1 290/4/1 289/4/1
f 294/4/1 290/4/1 293/4/1
f 295/6/1 292/6/1 291/6/1
f 296/6/1 292/6/1 295/6/1
f 297/6/1 294/6/1 293/6/1
f 298/6/1 294/6/1 297/6/1
f 303/4/1 300/4/1 299/4/1
f 304/4/1 300/4/1 303/4/1
f 305/4/1 302/4/1 301/4/1
f 306/4/1 302/4/1 305/4/1
f 307/6/1 304/6/1 303/6/1
f 308/6/1 304/6/1 307/6/1
f 309/6/1 306/6/1 305/6/1
f 310/6/1 306/6/1 309/6/1
f 315/4/1 312/4/1 311/4/1
f 316/4/1 312/4/1 315/4/1
f 317/4/1 314/4/1 313/4/1
f 318/4/1 314/4/1 317/4/1
f 319/6/1 316/6/1 315/6/1
f 320/6/1 316/6/1 319/6/1
f 321/6/1 318/6/1 317/6/1
f 322/6/1 318/6/1 321/6/1
f 327/4/1 324/4/1 323/4/1
f 328/4/1 324/4/1 327/4/1
f 329/4/1 326/4/1 325/4/1
f 330/4/1 326/4/1 329/4/1
f 331/6/1 328/6/1 327/6/1
f 332/6/1 328/6/1 331/6/1
f 333/6/1 330/6/1 329/6/1
f 334/6/1 330/6/1 333/6/1
f 339/4/1 336/4/1 335/4/1
f 340/4/1 336/4/1 339/4/1
f 341/4/1 338/4/1 337/4/1
f 342/4/1 338/4/1 341/4/1
f 343/6/1 340/6/1 339/6/1
f 344/6/1 340/6/1 343/6/1
f 345/6/1 342/6/1 341/6/1
f 346/6/1 342/6/1 345/6/1
f 351/4/1 348/4/1 347/4/1
f 352/3/1 349/3/1 348/3/1
f 352/4/1 348/4/1 351/4/1
f 353/4/1 351/4/1 347/4/1
f 353/3/1 352/3/1 351/3/1
f 354/3/1 349/3/1 352/3/1
f 354/3/1 352/3/1 353/3/1
f 355/4/1 353/4/1 347/4/1
f 355/4/1 354/4/1 353/4/1
f 356/3/1 349/3/1 354/3/1
f 356/4/1 354/4/1 355/4/1
f 357/4/1 350/4/1 349/4/1
f 357/3/1 349/3/1 356/3/1
f 358/4/1 350/4/1 357/4/1
f 363/4/1 360/4/1 359/4/1
f 364/4/1 360/4/1 363/4/1
f 365/4/1 362/4/1 361/4/1
f 366/4/1 362/4/1 365/4/1
f 367/6/1 364/6/1 363/6/1
f 368/6/1 364/6/1 367/6/1
f 369/6/1 366/6/1 365/6/1
f 370/6/1 366/6/1 369/6/1
f 375/4/1 372/4/1 371/4/1
f 376/4/1 372/4/1 375/4/1
f 377/4/1 374/4/1 373/4/1
f 378/4/1 374/4/1 377/4/1
f 383/4/1 380/4/1 379/4/1
f 384/4/1 380/4/1 383/4/1
f 385/4/1 382/4/1 381/4/1
f 386/4/1 382/4/1 385/4/1
f 387/6/1 384/6/1 383/6/1
f 388/6/1 384/6/1 387/6/1
f 389/6/1 386/6/1 385/6/1
f 390/6/1 386/6/1 389/6/1
f 395/4/1 392/4/1 391/4/1
f 396/4/1 392/4/1 395/4/1
f 397/6/1 396/6/1 395/6/1
f 398/6/1 396/6/1 397/6/1
f 399/4/1 394/4/1 393/4/1
f 400/4/1 394/4/1 399/4/1
f 405/4/1 402/4/1 401/4/1
f 406/4/1 402/4/1 405/4/1
f 407/4/1 404/4/1 403/4/1
f 408/4/1 404/4/1 407/4/1
f 409/6/1 406/6/1 405/6/1
f 410/6/1 406/6/1 409/6/1
f 411/6/1 408/6/1 407/6/1
f 412/6/1 408/6/1 411/6/1
f 417/4/1 414/4/1 413/4/1
f 418/4/1 417/4/1 413/4/1
f 419/4/1 417/4/1 418/4/1
f 420/4/1 416/4/1 415/4/1
f 421/4/1 416/4/1 420/4/1
f 426/4/1 423/4/1 422/4/1
f 427/4/1 423/4/1 426/4/1
f 428/4/1 425/4/1 424/4/1
f 429/4/1 425/4/1 428/4/1
f 430/6/1 427/6/1 426/6/1
f 431/6/1 427/6/1 430/6/1
f 432/6/1 429/6/1 428/6/1
f 433/6/1 429/6/1 432/6/1
f 438/4/1 435/4/1 434/4/1
f 439/4/1 435/4/1 438/4/1
f 440/4/1 437/4/1 436/4/1
f 441/4/1 437/4/1 440/4/1
f 442/6/1 439/6/1 438/6/1
f 443/6/1 439/6/1 442/6/1
f 444/6/1 441/6/1 440/6/1
f 445/6/1 441/6/1 444/6/1
f 450/4/1 447/4/1 446/4/1
f 451/4/1 449/4/1 448/4/1
f 452/4/1 450/4/1 446/4/1
f 453/4/1 450/4/1 452/4/1
f 454/4/1 449/4/1 451/4/1
f 455/4/1 449/4/1 454/4/1
f 460/4/1 457/4/1 456/4/1
f 461/4/1 457/4/1 460/4/1
f 462/4/1 459/4/1 458/4/1
f 463/4/1 459/4/1 462/4/1
f 464/6/1 461/6/1 460/6/1
f 465/6/1 461/6/1 464/6/1
f 466/6/1 463/6/1 462/6/1
f 467/6/1 463/6/1 466/6/1
f 472/4/1 469/4/1 468/4/1
f 473/4/1 469/4/1 472/4/1
f 474/6/1 473/6/1 472/6/1
f 475/6/1 473/6/1 474/6/1
f 478/4/1 471/4/1 470/4/1
f 479/4/1 471/4/1 478/4/1
f 482/3/1 477/3/1 476/3/1
f 483/3/1 477/3/1 482/3/1
f 486/4/1 481/4/1 480/4/1
f 487/4/1 481/4/1 486/4/1
f 488/4/1 485/4/1 484/4/1
f 489/4/1 485/4/1 488/4/1
f 490/6/1 487/6/1 486/6/1
f 491/6/1 487/6/1 490/6/1
f 492/6/1 489/6/1 488/6/1
f 493/6/1 489/6/1 492/6/1
f 500/6/1 495/6/1 494/6/1
f 501/3/1 496/3/1 495/3/1
f 501/6/1 495/6/1 500/6/1
f 502/6/1 497/6/1 496/6/1
f 502/3/1 496/3/1 501/3/1
f 503/6/1 497/6/1 502/6/1
f 506/4/1 499/4/1 498/4/1
f 507/4/1 499/4/1 506/4/1
f 508/4/1 505/4/1 504/4/1
f 509/4/1 505/4/1 508/4/1
f 510/6/1 507/6/1 506/6/1
f 511/6/1 507/6/1 510/6/1
f 512/6/1 509/6/1 508/6/1
f 513/6/1 509/6/1 512/6/1
f 518/4/1 515/4/1 514/4/1
f 519/4/1 515/4/1 518/4/1
f 520/4/1 517/4/1 516/4/1
f 521/4/1 517/4/1 520/4/1
f 522/6/1 519/6/1 518/6/1
f 523/6/1 519/6/1 522/6/1
f 524/6/1 521/6/1 520/6/1
f 525/6/1 521/6/1 524/6/1
f 532/6/1 527/6/1 526/6/1
f 533/6/1 527/6/1 532/6/1
f 534/6/1 529/6/1 528/6/1
f 535/6/1 529/6/1 534/6/1
f 538/4/1 531/4/1 530/4/1
f 539/4/1 531/4/1 538/4/1
f 540/4/1 537/4/1 536/4/1
f 541/4/1 537/4/1 540/4/1
f 542/6/1 539/6/1 538/6/1
f 543/6/1 539/6/1 542/6/1
f 544/6/1 541/6/1 540/6/1
f 545/6/1 541/6/1 544/6/1
f 550/4/1 547/4/1 546/4/1
f 551/4/1 547/4/1 550/4/1
f 552/4/1 549/4/1 548/4/1
f 553/4/1 549/4/1 552/4/1
f 554/6/1 551/6/1 550/6/1
f 555/6/1 551/6/1 554/6/1
f 556/6/1 553/6/1 552/6/1
f 557/6/1 553/6/1 556/6/1
f 564/6/1 559/6/1 558/6/1
f 565/6/1 559/6/1 564/6/1
f 566/6/1 561/6/1 560/6/1
f 567/6/1 561/6/1 566/6/1
f 570/4/1 563/4/1 562/4/1
f 571/4/1 563/4/1 570/4/1
f 572/4/1 569/4/1 568/4/1
f 573/6/1 571/6/1 570/6/1
f 574/6/1 571/6/1 573/6/1
f 575/4/1 569/4/1 572/4/1
f 576/4/1 569/4/1 575/4/1
f 581/4/1 578/4/1 577/4/1
f 582/4/1 578/4/1 581/4/1
f 583/4/1 580/4/1 579/4/1
f 584/4/1 580/4/1 583/4/1
f 585/6/1 582/6/1 581/6/1
f 586/6/1 582/6/1 585/6/1
f 587/6/1 584/6/1 583/6/1
f 588/6/1 584/6/1 587/6/1
f 595/6/1 590/6/1 589/6/1
f 596/6/1 590/6/1 595/6/1
f 597/6/1 592/6/1 591/6/1
f 598/6/1 592/6/1 597/6/1
f 601/4/1 594/4/1 593/4/1
f 602/4/1 594/4/1 601/4/1
f 603/6/1 602/6/1 601/6/1
f 604/6/1 602/6/1 603/6/1
f 605/4/1 600/4/1 599/4/1
f 606/4/1 600/4/1 605/4/1
f 613/6/1 608/6/1 607/6/1
f 614/6/1 608/6/1 613/6/1
f 615/6/1 610/6/1 609/6/1
f 616/6/1 610/6/1 615/6/1
f 619/4/1 612/4/1 611/4/1
f 620/4/1 612/4/1 619/4/1
f 621/4/1 618/4/1 617/4/1
f 622/4/1 618/4/1 621/4/1
f 623/6/1 620/6/1 619/6/1
f 624/6/1 620/6/1 623/6/1
f 625/6/1 622/6/1 621/6/1
f 626/6/1 622/6/1 625/6/1
f 631/4/1 628/4/1 627/4/1
f 632/4/1 628/4/1 631/4/1
f 633/4/1 630/4/1 629/4/1
f 634/4/1 630/4/1 633/4/1
f 635/6/1 632/6/1 631/6/1
f 636/6/1 632/6/1 635/6/1
f 637/6/1 634/6/1 633/6/1
f 638/6/1 634/6/1 637/6/1
f 645/6/1 640/6/1 639/6/1
f 646/6/1 640/6/1 645/6/1
f 647/6/1 642/6/1 641/6/1
f 648/6/1 642/6/1 647/6/1
f 651/4/1 644/4/1 643/4/1
f 652/4/1 650/4/1 649/4/1
f 653/4/1 650/4/1 652/4/1
f 654/4/1 651/4/1 643/4/1
f 655/4/1 651/4/1 654/4/1
f 656/6/1 653/6/1 652/6/1
f 657/6/1 653/6/1 656/6/1
f 662/4/1 659/4/1 658/4/1
f 663/4/1 659/4/1 662/4/1
f 664/4/1 661/4/1 660/4/1
f 665/4/1 661/4/1 664/4/1
f 666/6/1 663/6/1 662/6/1
f 667/6/1 663/6/1 666/6/1
f 668/6/1 665/6/1 664/6/1
f 669/6/1 665/6/1 668/6/1
f 676/6/1 671/6/1 670/6/1
f 677/6/1 671/6/1 676/6/1
f 678/6/1 673/6/1 672/6/1
f 679/6/1 673/6/1 678/6/1
f 682/4/1 675/4/1 674/4/1
f 683/4/1 675/4/1 682/4/1
f 684/4/1 681/4/1 680/4/1
f 685/4/1 681/4/1 684/4/1
f 686/6/1 683/6/1 682/6/1
f 687/6/1 683/6/1 686/6/1
f 688/6/1 685/6/1 684/6/1
f 689/6/1 685/6/1 688/6/1
f 694/4/1 691/4/1 690/4/1
f 695/4/1 691/4/1 694/4/1
f 696/4/1 693/4/1 692/4/1
f 697/4/1 693/4/1 696/4/1
f 698/6/1 695/6/1 694/6/1
f 699/6/1 695/6/1 698/6/1
f 700/6/1 697/6/1 696/6/1
f 701/6/1 697/6/1 700/6/1
f 708/6/1 703/6/1 702/6/1
f 709/6/1 703/6/1 708/6/1
f 710/6/1 705/6/1 704/6/1
f 711/6/1 705/6/1 710/6/1
f 714/4/1 707/4/1 706/4/1
f 715/4/1 713/4/1 712/4/1
f 716/4/1 714/4/1 706/4/1
f 717/4/1 714/4/1 716/4/1
f 718/4/1 713/4/1 715/4/1
f 719/4/1 713/4/1 718/4/1
f 726/6/1 721/6/1 720/6/1
f 727/6/1 721/6/1 726/6/1
f 728/6/1 723/6/1 722/6/1
f 729/6/1 723/6/1 728/6/1
f 732/4/1 725/4/1 724/4/1
f 733/4/1 725/4/1 732/4/1
f 734/4/1 731/4/1 730/4/1
f 735/4/1 731/4/1 734/4/1
f 736/6/1 733/6/1 732/6/1
f 737/6/1 733/6/1 736/6/1
f 738/6/1 735/6/1 734/6/1
f 739/6/1 735/6/1 738/6/1
f 744/4/1 741/4/1 740/4/1
f 745/4/1 741/4/1 744/4/1
f 746/4/1 743/4/1 742/4/1
f 747/4/1 743/4/1 746/4/1
f 748/6/1 745/6/1 744/6/1
f 749/6/1 745/6/1 748/6/1
f 750/6/1 747/6/1 746/6/1
f 751/6/1 747/6/1 750/6/1
f 758/6/1 753/6/1 752/6/1
f 759/6/1 753/6/1 758/6/1
f 760/6/1 755/6/1 754/6/1
f 761/6/1 755/6/1 760/6/1
f 764/4/1 757/4/1 756/4/1
f 765/4/1 757/4/1 764/4/1
f 766/4/1 763/4/1 762/4/1
f 767/4/1 763/4/1 766/4/1
f 768/6/1 765/6/1 764/6/1
f 769/6/1 765/6/1 768/6/1
f 770/6/1 767/6/1 766/6/1
f 771/6/1 767/6/1 770/6/1
f 776/4/1 773/4/1 772/4/1
f 777/4/1 773/4/1 776/4/1
f 778/4/1 775/4/1 774/4/1
f 779/4/1 775/4/1 778/4/1
f 780/6/1 777/6/1 776/6/1
f 781/6/1 777/6/1 780/6/1
f 782/6/1 779/6/1 778/6/1
f 783/6/1 779/6/1 782/6/1
f 790/6/1 785/6/1 784/6/1
f 791/6/1 785/6/1 790/6/1
f 792/6/1 787/6/1 786/6/1
f 793/6/1 787/6/1 792/6/1
f 796/4/1 789/4/1 788/4/1
f 797/4/1 789/4/1 796/4/1
f 798/4/1 795/4/1 794/4/1
f 799/6/1 797/6/1 796/6/1
f 800/6/1 797/6/1 799/6/1
f 801/4/1 795/4/1 798/4/1
f 802/4/1 795/4/1 801/4/1
f 809/6/1 804/6/1 803/6/1
f 810/6/1 804/6/1 809/6/1
f 811/6/1 806/6/1 805/6/1
f 812/6/1 806/6/1 811/6/1
f 815/4/1 808/4/1 807/4/1
f 816/4/1 808/4/1 815/4/1
f 817/6/1 816/6/1 815/6/1
f 818/6/1 816/6/1 817/6/1
f 821/4/1 814/4/1 813/4/1
f 822/4/1 814/4/1 821/4/1
f 825/3/1 820/3/1 819/3/1
f 826/3/1 820/3/1 825/3/1
f 829/4/1 824/4/1 823/4/1
f 830/4/1 824/4/1 829/4/1
f 831/4/1 828/4/1 827/4/1
f 832/4/1 828/4/1 831/4/1
f 833/6/1 830/6/1 829/6/1
f 834/6/1 830/6/1 833/6/1
f 835/6/1 832/6/1 831/6/1
f 836/6/1 832/6/1 835/6/1
f 843/6/1 838/6/1 837/6/1
f 844/3/1 839/3/1 838/3/1
f 844/6/1 838/6/1 843/6/1
f 845/6/1 840/6/1 839/6/1
f 845/3/1 839/3/1 844/3/1
f 846/6/1 840/6/1 845/6/1
f 851/6/1 842/6/1 841/6/1
f 852/6/1 842/6/1 851/6/1
f 853/6/1 848/6/1 847/6/1
f 854/6/1 848/6/1 853/6/1
f 857/4/1 850/4/1 849/4/1
f 858/4/1 850/4/1 857/4/1
f 859/4/1 856/4/1 855/4/1
f 860/4/1 856/4/1 859/4/1
f 861/6/1 858/6/1 857/6/1
f 862/6/1 858/6/1 861/6/1
f 863/6/1 860/6/1 859/6/1
f 864/4/1 856/4/1 860/4/1
f 864/6/1 860/6/1 863/6/1
f 865/4/1 856/4/1 864/4/1
f 870/4/1 867/4/1 866/4/1
f 871/4/1 867/4/1 870/4/1
f 872/4/1 869/4/1 868/4/1
f 873/4/1 869/4/1 872/4/1
f 874/6/1 871/6/1 870/6/1
f 875/6/1 871/6/1 874/6/1
f 876/6/1 873/6/1 872/6/1
f 877/6/1 873/6/1 876/6/1
f 884/6/1 879/6/1 878/6/1
f 885/6/1 879/6/1 884/6/1
f 886/6/1 881/6/1 880/6/1
f 887/6/1 881/6/1 886/6/1
f 892/6/1 883/6/1 882/6/1
f 893/6/1 883/6/1 892/6/1
f 894/6/1 889/6/1 888/6/1
f 895/6/1 889/6/1 894/6/1
f 898/4/1 891/4/1 890/4/1
f 899/4/1 891/4/1 898/4/1
f 900/4/1 897/4/1 896/4/1
f 901/4/1 897/4/1 900/4/1
f 902/6/1 899/6/1 898/6/1
f 903/6/1 899/6/1 902/6/1
f 904/6/1 901/6/1 900/6/1
f 905/6/1 901/6/1 904/6/1
f 912/6/1 907/6/1 906/6/1
f 913/6/1 907/6/1 912/6/1
f 914/6/1 909/6/1 908/6/1
f 915/6/1 909/6/1 914/6/1
f 920/6/1 911/6/1 910/6/1
f 921/6/1 911/6/1 920/6/1
f 922/6/1 917/6/1 916/6/1
f 923/6/1 917/6/1 922/6/1
f 926/4/1 919/4/1 918/4/1
f 927/4/1 925/4/1 924/4/1
f 928/4/1 925/4/1 927/4/1
f 929/4/1 926/4/1 918/4/1
f 930/4/1 926/4/1 929/4/1
f 931/6/1 928/6/1 927/6/1
f 932/6/1 928/6/1 931/6/1
f 937/4/1 934/4/1 933/4/1
f 938/4/1 934/4/1 937/4/1
f 939/4/1 936/4/1 935/4/1
f 940/4/1 936/4/1 939/4/1
f 941/6/1 938/6/1 937/6/1
f 942/6/1 938/6/1 941/6/1
f 943/6/1 940/6/1 939/6/1
f 944/6/1 940/6/1 943/6/1
f 951/6/1 946/6/1 945/6/1
f 952/6/1 946/6/1 951/6/1
f 953/6/1 948/6/1 947/6/1
f 954/6/1 948/6/1 953/6/1
f 959/6/1 950/6/1 949/6/1
f 960/6/1 950/6/1 959/6/1
f 961/6/1 956/6/1 955/6/1
f 962/6/1 956/6/1 961/6/1
f 965/4/1 958/4/1 957/4/1
f 966/4/1 958/4/1 965/4/1
f 967/4/1 964/4/1 963/4/1
f 968/6/1 966/6/1 965/6/1
f 969/6/1 966/6/1 968/6/1
f 970/4/1 964/4/1 967/4/1
f 971/4/1 964/4/1 970/4/1
f 978/6/1 973/6/1 972/6/1
f 979/3/1 974/3/1 973/3/1
f 979/6/1 973/6/1 978/6/1
f 980/6/1 975/6/1 974/6/1
f 980/3/1 974/3/1 979/3/1
f 981/6/1 975/6/1 980/6/1
f 986/6/1 977/6/1 976/6/1
f 987/6/1 977/6/1 986/6/1
f 988/6/1 983/6/1 982/6/1
f 989/6/1 983/6/1 988/6/1
f 992/6/1 985/6/1 984/6/1
f 993/6/1 985/6/1 992/6/1
f 994/6/1 991/6/1 990/6/1
f 995/6/1 991/6/1 994/6/1
f 1000/4/1 997/4/1 996/4/1
f 1001/4/1 997/4/1 1000/4/1
f 1002/4/1 999/4/1 998/4/1
f 1003/4/1 999/4/1 1002/4/1
f 1004/6/1 1001/6/1 1000/6/1
f 1005/6/1 1001/6/1 1004/6/1
f 1006/6/1 1003/6/1 1002/6/1
f 1007/6/1 1003/6/1 1006/6/1
f 1014/6/1 1009/6/1 1008/6/1
f 1015/6/1 1009/6/1 1014/6/1
f 1016/6/1 1011/6/1 1010/6/1
f 1017/6/1 1011/6/1 1016/6/1
f 1022/6/1 1013/6/1 1012/6/1
f 1023/6/1 1013/6/1 1022/6/1
f 1024/6/1 1019/6/1 1018/6/1
f 1025/6/1 1019/6/1 1024/6/1
f 1030/6/1 1021/6/1 1020/6/1
f 1031/6/1 1021/6/1 1030/6/1
f 1032/6/1 1027/6/1 1026/6/1
f 1033/6/1 1027/6/1 1032/6/1
f 1036/4/1 1029/4/1 1028/4/1
f 1037/4/1 1029/4/1 1036/4/1
f 1038/6/1 1037/6/1 1036/6/1
f 1039/6/1 1037/6/1 1038/6/1
f 1040/4/1 1035/4/1 1034/4/1
f 1041/4/1 1035/4/1 1040/4/1
f 1048/6/1 1043/6/1 1042/6/1
f 1049/6/1 1043/6/1 1048/6/1
f 1050/6/1 1045/6/1 1044/6/1
f 1051/6/1 1045/6/1 1050/6/1
f 1056/6/1 1047/6/1 1046/6/1
f 1057/6/1 1047/6/1 1056/6/1
f 1058/6/1 1053/6/1 1052/6/1
f 1059/6/1 1053/6/1 1058/6/1
f 1064/6/1 1055/6/1 1054/6/1
f 1065/6/1 1055/6/1 1064/6/1
f 1066/6/1 1061/6/1 1060/6/1
f 1067/6/1 1061/6/1 1066/6/1
f 1070/4/1 1063/4/1 1062/4/1
f 1071/4/1 1063/4/1 1070/4/1
f 1072/4/1 1069/4/1 1068/4/1
f 1073/4/1 1069/4/1 1072/4/1
f 1074/6/1 1071/6/1 1070/6/1
f 1075/6/1 1071/6/1 1074/6/1
f 1076/6/1 1073/6/1 1072/6/1
f 1077/6/1 1073/6/1 1076/6/1
f 1082/4/1 1079/4/1 1078/4/1
f 1083/4/1 1079/4/1 1082/4/1
f 1084/4/1 1081/4/1 1080/4/1
f 1085/4/1 1081/4/1 1084/4/1
f 1086/6/1 1083/6/1 1082/6/1
f 1087/6/1 1083/6/1 1086/6/1
f 1088/6/1 1085/6/1 1084/6/1
f 1089/6/1 1085/6/1 1088/6/1
f 1096/6/1 1091/6/1 1090/6/1
f 1097/6/1 1091/6/1 1096/6/1
f 1098/6/1 1093/6/1 1092/6/1
f 1099/6/1 1093/6/1 1098/6/1
f 1104/6/1 1095/6/1 1094/6/1
f 1105/6/1 1095/6/1 1104/6/1
f 1106/6/1 1101/6/1 1100/6/1
f 1107/6/1 1101/6/1 1106/6/1
f 1112/6/1 1103/6/1 1102/6/1
f 1113/6/1 1103/6/1 1112/6/1
f 1114/6/1 1109/6/1 1108/6/1
f 1115/6/1 1109/6/1 1114/6/1
f 1118/4/1 1111/4/1 1110/4/1
f 1119/4/1 1111/4/1 1118/4/1
f 1120/4/1 1117/4/1 1116/4/1
f 1121/4/1 1117/4/1 1120/4/1
f 1122/6/1 1119/6/1 1118/6/1
f 1123/6/1 1119/6/1 1122/6/1
f 1124/6/1 1121/6/1 1120/6/1
f 1125/6/1 1121/6/1 1124/6/1
f 1132/6/1 1127/6/1 1126/6/1
f 1133/3/1 1128/3/1 1127/3/1
f 1133/6/1 1127/6/1 1132/6/1
f 1134/6/1 1129/6/1 1128/6/1
f 1134/3/1 1128/3/1 1133/3/1
f 1135/6/1 1129/6/1 1134/6/1
f 1140/6/1 1131/6/1 1130/6/1
f 1141/6/1 1131/6/1 1140/6/1
f 1142/6/1 1137/6/1 1136/6/1
f 1143/6/1 1137/6/1 1142/6/1
f 1148/6/1 1139/6/1 1138/6/1
f 1149/6/1 1139/6/1 1148/6/1
f 1150/6/1 1145/6/1 1144/6/1
f 1151/6/1 1145/6/1 1150/6/1
f 1156/6/1 1147/6/1 1146/6/1
f 1157/6/1 1147/6/1 1156/6/1
f 1158/6/1 1153/6/1 1152/6/1
f 1159/6/1 1153/6/1 1158/6/1
f 1162/4/1 1155/4/1 1154/4/1
f 1163/4/1 1155/4/1 1162/4/1
f 1164/4/1 1161/4/1 1160/4/1
f 1165/6/1 1163/6/1 1162/6/1
f 1166/6/1 1163/6/1 1165/6/1
f 1167/4/1 1161/4/1 1164/4/1
f 1168/4/1 1161/4/1 1167/4/1
f 1173/4/1 1170/4/1 1169/4/1
f 1174/4/1 1170/4/1 1173/4/1
f 1175/4/1 1172/4/1 1171/4/1
f 1176/4/1 1172/4/1 1175/4/1
f 1177/6/1 1174/6/1 1173/6/1
f 1178/6/1 1174/6/1 1177/6/1
f 1179/6/1 1176/6/1 1175/6/1
f 1180/6/1 1176/6/1 1179/6/1
f 1187/6/1 1182/6/1 1181/6/1
f 1188/6/1 1182/6/1 1187/6/1
f 1189/6/1 1184/6/1 1183/6/1
f 1190/6/1 1184/6/1 1189/6/1
f 1195/6/1 1186/6/1 1185/6/1
f 1196/6/1 1186/6/1 1195/6/1
f 1197/6/1 1192/6/1 1191/6/1
f 1198/6/1 1192/6/1 1197/6/1
f 1203/6/1 1194/6/1 1193/6/1
f 1204/6/1 1194/6/1 1203/6/1
f 1205/6/1 1200/6/1 1199/6/1
f 1206/6/1 1200/6/1 1205/6/1
f 1211/6/1 1202/6/1 1201/6/1
f 1212/6/1 1202/6/1 1211/6/1
f 1213/6/1 1208/6/1 1207/6/1
f 1214/6/1 1208/6/1 1213/6/1
f 1217/4/1 1210/4/1 1209/4/1
f 1218/4/1 1217/4/1 1209/4/1
f 1219/4/1 1217/4/1 1218/4/1
f 1220/4/1 1216/4/1 1215/4/1
f 1221/4/1 1216/4/1 1220/4/1
f 1228/6/1 1223/6/1 1222/6/1
f 1229/6/1 1223/6/1 1228/6/1
f 1230/6/1 1225/6/1 1224/6/1
f 1231/6/1 1225/6/1 1230/6/1
f 1236/6/1 1227/6/1 1226/6/1
f 1237/6/1 1227/6/1 1236/6/1
f 1238/6/1 1233/6/1 1232/6/1
f 1239/6/1 1233/6/1 1238/6/1
f 1242/6/1 1235/6/1 1234/6/1
f 1243/6/1 1235/6/1 1242/6/1
f 1244/6/1 1241/6/1 1240/6/1
f 1245/6/1 1241/6/1 1244/6/1
f 1250/4/1 1247/4/1 1246/4/1
f 1251/4/1 1247/4/1 1250/4/1
f 1252/4/1 1249/4/1 1248/4/1
f 1253/4/1 1249/4/1 1252/4/1
f 1254/6/1 1251/6/1 1250/6/1
f 1255/6/1 1251/6/1 1254/6/1
f 1256/6/1 1253/6/1 1252/6/1
f 1257/6/1 1253/6/1 1256/6/1
f 1264/6/1 1259/6/1 1258/6/1
f 1265/6/1 1259/6/1 1264/6/1
f 1266/6/1 1261/6/1 1260/6/1
f 1267/6/1 1261/6/1 1266/6/1
f 1272/6/1 1263/6/1 1262/6/1
f 1273/6/1 1263/6/1 1272/6/1
f 1274/6/1 1269/6/1 1268/6/1
f 1275/6/1 1269/6/1 1274/6/1
f 1280/6/1 1271/6/1 1270/6/1
f 1281/6/1 1271/6/1 1280/6/1
f 1282/6/1 1277/6/1 1276/6/1
f 1283/6/1 1277/6/1 1282/6/1
f 1288/6/1 1279/6/1 1278/6/1
f 1289/6/1 1279/6/1 1288/6/1
f 1290/6/1 1285/6/1 1284/6/1
f 1291/6/1 1285/6/1 1290/6/1
f 1294/4/1 1287/4/1 1286/4/1
f 1295/4/1 1287/4/1 1294/4/1
f 1296/4/1 1293/4/1 1292/4/1
f 1297/4/1 1293/4/1 1296/4/1
f 1298/6/1 1295/6/1 1294/6/1
f 1299/6/1 1295/6/1 1298/6/1
f 1300/6/1 1297/6/1 1296/6/1
f 1301/6/1 1297/6/1 1300/6/1
f 1304/5/1 1303/5/1 1302/5/1
f 1305/5/1 1303/5/1 1304/5/1
f 1306/6/1 1305/6/1 1304/6/1
f 1307/6/1 1305/6/1 1306/6/1
f 1308/6/1 1305/6/1 1307/6/1
f 1309/6/1 1305/6/1 1308/6/1
f 1310/6/1 1308/6/1 1307/6/1
f 1310/2/1 1309/2/1 1308/2/1
f 1311/6/1 1305/6/1 1309/6/1
f 1311/2/1 1309/2/1 1310/2/1
f 1312/6/1 1311/6/1 1310/6/1
f 1313/6/1 1305/6/1 1311/6/1
f 1313/6/1 1311/6/1 1312/6/1
f 1314/6/1 1306/6/1 1304/6/1
f 1314/2/1 1307/2/1 1306/2/1
f 1315/6/1 1310/6/1 1307/6/1
f 1315/2/1 1307/2/1 1314/2/1
f 1315/6/1 1312/6/1 1310/6/1
f 1316/1/1 1313/1/1 1312/1/1
f 1316/6/1 1312/6/1 1315/6/1
f 1317/6/1 1305/6/1 1313/6/1
f 1317/1/1 1313/1/1 1316/1/1
f 1318/6/1 1316/6/1 1315/6/1
f 1318/6/1 1315/6/1 1314/6/1
f 1318/6/1 1317/6/1 1316/6/1
f 1318/6/1 1314/6/1 1304/6/1
f 1319/6/1 1305/6/1 1317/6/1
f 1319/6/1 1317/6/1 1318/6/1
f 1320/6/1 1318/6/1 1304/6/1
f 1320/8/1 1319/8/1 1318/8/1
f 1321/6/1 1305/6/1 1319/6/1
f 1321/8/1 1319/8/1 1320/8/1
f 1324/6/1 1320/6/1 1304/6/1
f 1324/6/1 1321/6/1 1320/6/1
f 1325/6/1 1321/6/1 1324/6/1
f 1326/6/1 1321/6/1 1325/6/1
f 1327/6/1 1305/6/1 1321/6/1
f 1327/6/1 1321/6/1 1326/6/1
f 1332/6/1 1323/6/1 1322/6/1
f 1333/6/1 1323/6/1 1332/6/1
f 1334/6/1 1329/6/1 1328/6/1
f 1335/6/1 1329/6/1 1334/6/1
f 1340/6/1 1331/6/1 1330/6/1
f 1341/6/1 1331/6/1 1340/6/1
f 1342/6/1 1337/6/1 1336/6/1
f 1343/6/1 1337/6/1 1342/6/1
f 1348/6/1 1339/6/1 1338/6/1
f 1349/6/1 1339/6/1 1348/6/1
f 1350/6/1 1345/6/1 1344/6/1
f 1351/6/1 1345/6/1 1350/6/1
f 1356/6/1 1347/6/1 1346/6/1
f 1357/6/1 1347/6/1 1356/6/1
f 1358/6/1 1353/6/1 1352/6/1
f 1359/6/1 1353/6/1 1358/6/1
f 1362/4/1 1355/4/1 1354/4/1
f 1363/4/1 1355/4/1 1362/4/1
f 1364/4/1 1361/4/1 1360/4/1
f 1365/4/1 1361/4/1 1364/4/1
f 1366/6/1 1363/6/1 1362/6/1
f 1367/6/1 1363/6/1 1366/6/1
f 1368/6/1 1365/6/1 1364/6/1
f 1369/6/1 1365/6/1 1368/6/1
f 1374/4/1 1371/4/1 1370/4/1
f 1375/4/1 1371/4/1 1374/4/1
f 1376/4/1 1373/4/1 1372/4/1
f 1377/4/1 1373/4/1 1376/4/1
f 1378/6/1 1375/6/1 1374/6/1
f 1379/6/1 1375/6/1 1378/6/1
f 1380/6/1 1377/6/1 1376/6/1
f 1381/6/1 1377/6/1 1380/6/1
f 1386/5/1 1383/5/1 1382/5/1
f 1387/5/1 1383/5/1 1386/5/1
f 1388/5/1 1385/5/1 1384/5/1
f 1389/5/1 1385/5/1 1388/5/1
f 1392/6/1 1387/6/1 1386/6/1
f 1393/6/1 1387/6/1 1392/6/1
f 1394/6/1 1389/6/1 1388/6/1
f 1395/6/1 1389/6/1 1394/6/1
f 1400/6/1 1391/6/1 1390/6/1
f 1401/6/1 1391/6/1 1400/6/1
f 1402/6/1 1397/6/1 1396/6/1
f 1403/6/1 1397/6/1 1402/6/1
f 1408/6/1 1399/6/1 1398/6/1
f 1409/6/1 1399/6/1 1408/6/1
f 1410/6/1 1405/6/1 1404/6/1
f 1411/6/1 1405/6/1 1410/6/1
f 1416/6/1 1407/6/1 1406/6/1
f 1417/6/1 1407/6/1 1416/6/1
f 1418/6/1 1413/6/1 1412/6/1
f 1419/6/1 1413/6/1 1418/6/1
f 1422/6/1 1415/6/1 1414/6/1
f 1423/6/1 1415/6/1 1422/6/1
f 1424/6/1 1421/6/1 1420/6/1
f 1425/6/1 1421/6/1 1424/6/1
f 1430/5/1 1427/5/1 1426/5/1
f 1431/5/1 1427/5/1 1430/5/1
f 1432/5/1 1429/5/1 1428/5/1
f 1433/5/1 1429/5/1 1432/5/1
f 1436/6/1 1431/6/1 1430/6/1
f 1437/6/1 1431/6/1 1436/6/1
f 1438/6/1 1433/6/1 1432/6/1
f 1439/6/1 1433/6/1 1438/6/1
f 1444/6/1 1435/6/1 1434/6/1
f 1445/6/1 1435/6/1 1444/6/1
f 1446/6/1 1441/6/1 1440/6/1
f 1447/6/1 1441/6/1 1446/6/1
f 1452/6/1 1443/6/1 1442/6/1
f 1453/6/1 1443/6/1 1452/6/1
f 1454/6/1 1449/6/1 1448/6/1
f 1455/6/1 1449/6/1 1454/6/1
f 1460/6/1 1451/6/1 1450/6/1
f 1461/6/1 1451/6/1 1460/6/1
f 1462/6/1 1457/6/1 1456/6/1
f 1463/6/1 1457/6/1 1462/6/1
f 1468/6/1 1459/6/1 1458/6/1
f 1469/6/1 1459/6/1 1468/6/1
f 1470/6/1 1465/6/1 1464/6/1
f 1471/6/1 1465/6/1 1470/6/1
f 1474/4/1 1467/4/1 1466/4/1
f 1475/4/1 1467/4/1 1474/4/1
f 1476/4/1 1473/4/1 1472/4/1
f 1477/4/1 1473/4/1 1476/4/1
f 1478/6/1 1475/6/1 1474/6/1
f 1479/6/1 1475/6/1 1478/6/1
f 1480/6/1 1477/6/1 1476/6/1
f 1481/6/1 1477/6/1 1480/6/1
f 1486/4/1 1483/4/1 1482/4/1
f 1487/4/1 1483/4/1 1486/4/1
f 1488/4/1 1485/4/1 1484/4/1
f 1489/4/1 1485/4/1 1488/4/1
f 1490/6/1 1487/6/1 1486/6/1
f 1491/6/1 1487/6/1 1490/6/1
f 1492/6/1 1489/6/1 1488/6/1
f 1493/6/1 1489/6/1 1492/6/1
f 1498/5/1 1495/5/1 1494/5/1
f 1499/5/1 1495/5/1 1498/5/1
f 1500/5/1 1497/5/1 1496/5/1
f 1501/5/1 1497/5/1 1500/5/1
f 1504/6/1 1499/6/1 1498/6/1
f 1505/6/1 1499/6/1 1504/6/1
f 1506/6/1 1501/6/1 1500/6/1
f 1507/6/1 1501/6/1 1506/6/1
f 1512/6/1 1503/6/1 1502/6/1
f 1513/6/1 1503/6/1 1512/6/1
f 1514/6/1 1509/6/1 1508/6/1
f 1515/6/1 1509/6/1 1514/6/1
f 1520/6/1 1511/6/1 1510/6/1
f 1521/6/1 1511/6/1 1520/6/1
f 1522/6/1 1517/6/1 1516/6/1
f 1523/6/1 1517/6/1 1522/6/1
f 1526/6/1 1519/6/1 1518/6/1
f 1527/6/1 1519/6/1 1526/6/1
f 1528/6/1 1525/6/1 1524/6/1
f 1529/6/1 1525/6/1 1528/6/1
f 1534/4/1 1531/4/1 1530/4/1
f 1535/4/1 1531/4/1 1534/4/1
f 1536/4/1 1533/4/1 1532/4/1
f 1537/6/1 1535/6/1 1534/6/1
f 1538/6/1 1535/6/1 1537/6/1
f 1539/4/1 1533/4/1 1536/4/1
f 1540/4/1 1533/4/1 1539/4/1
f 1545/5/1 1542/5/1 1541/5/1
f 1546/5/1 1542/5/1 1545/5/1
f 1547/5/1 1544/5/1 1543/5/1
f 1548/5/1 1544/5/1 1547/5/1
f 1551/6/1 1546/6/1 1545/6/1
f 1552/6/1 1546/6/1 1551/6/1
f 1553/6/1 1548/6/1 1547/6/1
f 1554/6/1 1548/6/1 1553/6/1
f 1559/6/1 1550/6/1 1549/6/1
f 1560/6/1 1550/6/1 1559/6/1
f 1561/6/1 1556/6/1 1555/6/1
f 1562/6/1 1556/6/1 1561/6/1
f 1567/6/1 1558/6/1 1557/6/1
f 1568/6/1 1558/6/1 1567/6/1
f 1569/6/1 1564/6/1 1563/6/1
f 1570/6/1 1564/6/1 1569/6/1
f 1575/6/1 1566/6/1 1565/6/1
f 1576/6/1 1566/6/1 1575/6/1
f 1577/6/1 1572/6/1 1571/6/1
f 1578/6/1 1572/6/1 1577/6/1
f 1581/6/1 1574/6/1 1573/6/1
f 1582/6/1 1574/6/1 1581/6/1
f 1583/6/1 1580/6/1 1579/6/1
f 1584/6/1 1580/6/1 1583/6/1
f 1589/5/1 1586/5/1 1585/5/1
f 1590/5/1 1586/5/1 1589/5/1
f 1591/5/1 1588/5/1 1587/5/1
f 1592/5/1 1588/5/1 1591/5/1
f 1595/6/1 1590/6/1 1589/6/1
f 1596/6/1 1590/6/1 1595/6/1
f 1597/6/1 1592/6/1 1591/6/1
f 1598/6/1 1592/6/1 1597/6/1
f 1603/6/1 1594/6/1 1593/6/1
f 1604/6/1 1594/6/1 1603/6/1
f 1605/6/1 1600/6/1 1599/6/1
f 1606/6/1 1600/6/1 1605/6/1
f 1611/6/1 1602/6/1 1601/6/1
f 1612/6/1 1602/6/1 1611/6/1
f 1613/6/1 1608/6/1 1607/6/1
f 1614/6/1 1608/6/1 1613/6/1
f 1619/6/1 1610/6/1 1609/6/1
f 1620/6/1 1610/6/1 1619/6/1
f 1621/6/1 1616/6/1 1615/6/1
f 1622/6/1 1616/6/1 1621/6/1
f 1627/6/1 1618/6/1 1617/6/1
f 1628/6/1 1618/6/1 1627/6/1
f 1629/6/1 1624/6/1 1623/6/1
f 1630/6/1 1624/6/1 1629/6/1
f 1633/4/1 1626/4/1 1625/4/1
f 1634/4/1 1633/4/1 1625/4/1
f 1635/4/1 1633/4/1 1634/4/1
f 1636/4/1 1632/4/1 1631/4/1
f 1637/4/1 1632/4/1 1636/4/1
f 1642/4/1 1639/4/1 1638/4/1
f 1643/4/1 1639/4/1 1642/4/1
f 1644/4/1 1641/4/1 1640/4/1
f 1645/4/1 1641/4/1 1644/4/1
f 1646/6/1 1643/6/1 1642/6/1
f 1647/6/1 1643/6/1 1646/6/1
f 1648/6/1 1645/6/1 1644/6/1
f 1649/6/1 1645/6/1 1648/6/1
f 1654/5/1 1651/5/1 1650/5/1
f 1655/5/1 1651/5/1 1654/5/1
f 1656/5/1 1653/5/1 1652/5/1
f 1657/5/1 1653/5/1 1656/5/1
f 1660/6/1 1655/6/1 1654/6/1
f 1661/6/1 1655/6/1 1660/6/1
f 1662/6/1 1657/6/1 1656/6/1
f 1663/6/1 1657/6/1 1662/6/1
f 1668/6/1 1659/6/1 1658/6/1
f 1669/6/1 1659/6/1 1668/6/1
f 1670/6/1 1665/6/1 1664/6/1
f 1671/6/1 1665/6/1 1670/6/1
f 1676/6/1 1667/6/1 1666/6/1
f 1677/6/1 1667/6/1 1676/6/1
f 1678/6/1 1673/6/1 1672/6/1
f 1679/6/1 1673/6/1 1678/6/1
f 1682/6/1 1675/6/1 1674/6/1
f 1683/6/1 1675/6/1 1682/6/1
f 1684/6/1 1681/6/1 1680/6/1
f 1685/6/1 1681/6/1 1684/6/1
f 1690/5/1 1687/5/1 1686/5/1
f 1691/5/1 1687/5/1 1690/5/1
f 1692/5/1 1689/5/1 1688/5/1
f 1693/5/1 1689/5/1 1692/5/1
f 1696/6/1 1691/6/1 1690/6/1
f 1697/6/1 1691/6/1 1696/6/1
f 1698/6/1 1693/6/1 1692/6/1
f 1699/6/1 1693/6/1 1698/6/1
f 1704/6/1 1695/6/1 1694/6/1
f 1705/6/1 1695/6/1 1704/6/1
f 1706/6/1 1701/6/1 1700/6/1
f 1707/6/1 1701/6/1 1706/6/1
f 1710/6/1 1703/6/1 1702/6/1
f 1711/6/1 1703/6/1 1710/6/1
f 1712/6/1 1709/6/1 1708/6/1
f 1713/6/1 1709/6/1 1712/6/1
f 1720/6/1 1715/6/1 1714/6/1
f 1721/6/1 1715/6/1 1720/6/1
f 1722/6/1 1717/6/1 1716/6/1
f 1723/6/1 1717/6/1 1722/6/1
f 1726/4/1 1719/4/1 1718/4/1
f 1727/4/1 1719/4/1 1726/4/1
f 1728/6/1 1727/6/1 1726/6/1
f 1729/6/1 1727/6/1 1728/6/1
f 1730/4/1 1725/4/1 1724/4/1
f 1731/4/1 1725/4/1 1730/4/1
f 1736/5/1 1733/5/1 1732/5/1
f 1737/5/1 1733/5/1 1736/5/1
f 1738/5/1 1735/5/1 1734/5/1
f 1739/5/1 1735/5/1 1738/5/1
f 1742/6/1 1737/6/1 1736/6/1
f 1743/6/1 1737/6/1 1742/6/1
f 1744/6/1 1739/6/1 1738/6/1
f 1745/6/1 1739/6/1 1744/6/1
f 1750/6/1 1741/6/1 1740/6/1
f 1751/6/1 1741/6/1 1750/6/1
f 1752/6/1 1747/6/1 1746/6/1
f 1753/6/1 1747/6/1 1752/6/1
f 1758/6/1 1749/6/1 1748/6/1
f 1759/6/1 1749/6/1 1758/6/1
f 1760/6/1 1755/6/1 1754/6/1
f 1761/6/1 1755/6/1 1760/6/1
f 1766/6/1 1757/6/1 1756/6/1
f 1767/6/1 1757/6/1 1766/6/1
f 1768/6/1 1763/6/1 1762/6/1
f 1769/6/1 1763/6/1 1768/6/1
f 1772/6/1 1765/6/1 1764/6/1
f 1773/6/1 1765/6/1 1772/6/1
f 1774/6/1 1771/6/1 1770/6/1
f 1775/6/1 1771/6/1 1774/6/1
f 1780/4/1 1777/4/1 1776/4/1
f 1781/4/1 1777/4/1 1780/4/1
f 1782/4/1 1779/4/1 1778/4/1
f 1783/4/1 1779/4/1 1782/4/1
f 1784/6/1 1781/6/1 1780/6/1
f 1785/6/1 1781/6/1 1784/6/1
f 1786/6/1 1783/6/1 1782/6/1
f 1787/6/1 1783/6/1 1786/6/1
f 1792/5/1 1789/5/1 1788/5/1
f 1793/5/1 1789/5/1 1792/5/1
f 1794/5/1 1791/5/1 1790/5/1
f 1795/5/1 1791/5/1 1794/5/1
f 1798/6/1 1793/6/1 1792/6/1
f 1799/6/1 1793/6/1 1798/6/1
f 1800/6/1 1795/6/1 1794/6/1
f 1801/6/1 1795/6/1 1800/6/1
f 1806/6/1 1797/6/1 1796/6/1
f 1807/6/1 1797/6/1 1806/6/1
f 1808/6/1 1803/6/1 1802/6/1
f 1809/6/1 1803/6/1 1808/6/1
f 1814/6/1 1805/6/1 1804/6/1
f 1815/6/1 1805/6/1 1814/6/1
f 1816/6/1 1811/6/1 1810/6/1
f 1817/6/1 1811/6/1 1816/6/1
f 1820/6/1 1813/6/1 1812/6/1
f 1821/6/1 1813/6/1 1820/6/1
f 1822/6/1 1819/6/1 1818/6/1
f 1823/6/1 1819/6/1 1822/6/1
f 1828/4/1 1825/4/1 1824/4/1
f 1829/4/1 1825/4/1 1828/4/1
f 1830/6/1 1829/6/1 1828/6/1
f 1831/6/1 1829/6/1 1830/6/1
f 1832/4/1 1827/4/1 1826/4/1
f 1833/4/1 1827/4/1 1832/4/1
f 1838/5/1 1835/5/1 1834/5/1
f 1839/5/1 1835/5/1 1838/5/1
f 1840/5/1 1837/5/1 1836/5/1
f 1841/5/1 1837/5/1 1840/5/1
f 1844/6/1 1839/6/1 1838/6/1
f 1845/6/1 1839/6/1 1844/6/1
f 1846/6/1 1841/6/1 1840/6/1
f 1847/6/1 1841/6/1 1846/6/1
f 1852/6/1 1843/6/1 1842/6/1
f 1853/6/1 1843/6/1 1852/6/1
f 1854/6/1 1849/6/1 1848/6/1
f 1855/6/1 1849/6/1 1854/6/1
f 1860/6/1 1851/6/1 1850/6/1
f 1861/6/1 1851/6/1 1860/6/1
f 1862/6/1 1857/6/1 1856/6/1
f 1863/6/1 1857/6/1 1862/6/1
f 1868/6/1 1859/6/1 1858/6/1
f 1869/6/1 1859/6/1 1868/6/1
f 1870/6/1 1865/6/1 1864/6/1
f 1871/6/1 1865/6/1 1870/6/1
f 1874/6/1 1867/6/1 1866/6/1
f 1875/6/1 1867/6/1 1874/6/1
f 1876/6/1 1873/6/1 1872/6/1
f 1877/6/1 1873/6/1 1876/6/1
f 1882/5/1 1879/5/1 1878/5/1
f 1883/5/1 1879/5/1 1882/5/1
f 1884/5/1 1881/5/1 1880/5/1
f 1885/5/1 1881/5/1 1884/5/1
f 1888/6/1 1883/6/1 1882/6/1
f 1889/6/1 1883/6/1 1888/6/1
f 1890/6/1 1885/6/1 1884/6/1
f 1891/6/1 1885/6/1 1890/6/1
f 1894/6/1 1887/6/1 1886/6/1
f 1895/6/1 1887/6/1 1894/6/1
f 1896/6/1 1893/6/1 1892/6/1
f 1897/6/1 1893/6/1 1896/6/1
f 1902/4/1 1899/4/1 1898/4/1
f 1903/4/1 1899/4/1 1902/4/1
f 1904/4/1 1901/4/1 1900/4/1
f 1905/6/1 1903/6/1 1902/6/1
f 1906/6/1 1903/6/1 1905/6/1
f 1907/4/1 1901/4/1 1904/4/1
f 1908/4/1 1901/4/1 1907/4/1
f 1913/4/1 1910/4/1 1909/4/1
f 1914/4/1 1910/4/1 1913/4/1
f 1915/4/1 1912/4/1 1911/4/1
f 1916/4/1 1912/4/1 1915/4/1
f 1917/6/1 1914/6/1 1913/6/1
f 1918/6/1 1914/6/1 1917/6/1
f 1919/6/1 1916/6/1 1915/6/1
f 1920/6/1 1916/6/1 1919/6/1
f 1925/5/1 1922/5/1 1921/5/1
f 1926/5/1 1922/5/1 1925/5/1
f 1927/5/1 1924/5/1 1923/5/1
f 1928/5/1 1924/5/1 1927/5/1
f 1931/6/1 1926/6/1 1925/6/1
f 1932/6/1 1926/6/1 1931/6/1
f 1933/6/1 1928/6/1 1927/6/1
f 1934/6/1 1928/6/1 1933/6/1
f 1939/6/1 1930/6/1 1929/6/1
f 1940/6/1 1930/6/1 1939/6/1
f 1941/6/1 1936/6/1 1935/6/1
f 1942/6/1 1936/6/1 1941/6/1
f 1947/6/1 1938/6/1 1937/6/1
f 1948/6/1 1938/6/1 1947/6/1
f 1949/6/1 1944/6/1 1943/6/1
f 1950/6/1 1944/6/1 1949/6/1
f 1955/6/1 1946/6/1 1945/6/1
f 1956/6/1 1946/6/1 1955/6/1
f 1957/6/1 1952/6/1 1951/6/1
f 1958/6/1 1952/6/1 1957/6/1
f 1961/6/1 1954/6/1 1953/6/1
f 1962/6/1 1954/6/1 1961/6/1
f 1963/6/1 1960/6/1 1959/6/1
f 1964/6/1 1960/6/1 1963/6/1
f 1969/5/1 1966/5/1 1965/5/1
f 1970/5/1 1966/5/1 1969/5/1
f 1971/5/1 1968/5/1 1967/5/1
f 1972/5/1 1968/5/1 1971/5/1
f 1975/6/1 1970/6/1 1969/6/1
f 1976/6/1 1970/6/1 1975/6/1
f 1977/6/1 1972/6/1 1971/6/1
f 1978/6/1 1972/6/1 1977/6/1
f 1983/6/1 1974/6/1 1973/6/1
f 1984/6/1 1974/6/1 1983/6/1
f 1985/6/1 1980/6/1 1979/6/1
f 1986/6/1 1980/6/1 1985/6/1
f 1991/6/1 1982/6/1 1981/6/1
f 1992/6/1 1982/6/1 1991/6/1
f 1993/6/1 1988/6/1 1987/6/1
f 1994/6/1 1988/6/1 1993/6/1
f 1997/6/1 1990/6/1 1989/6/1
f 1998/6/1 1990/6/1 1997/6/1
f 1999/6/1 1996/6/1 1995/6/1
f 2000/6/1 1996/6/1 1999/6/1
f 2005/4/1 2002/4/1 2001/4/1
f 2006/4/1 2002/4/1 2005/4/1
f 2007/4/1 2004/4/1 2003/4/1
f 2008/4/1 2004/4/1 2007/4/1
f 2009/6/1 2006/6/1 2005/6/1
f 2010/6/1 2006/6/1 2009/6/1
f 2011/6/1 2008/6/1 2007/6/1
f 2012/6/1 2008/6/1 2011/6/1
f 2017/5/1 2014/5/1 2013/5/1
f 2018/5/1 2014/5/1 2017/5/1
f 2019/5/1 2016/5/1 2015/5/1
f 2020/5/1 2016/5/1 2019/5/1
f 2023/6/1 2018/6/1 2017/6/1
f 2024/6/1 2018/6/1 2023/6/1
f 2025/6/1 2020/6/1 2019/6/1
f 2026/6/1 2020/6/1 2025/6/1
f 2029/6/1 2022/6/1 2021/6/1
f 2030/6/1 2022/6/1 2029/6/1
f 2031/6/1 2028/6/1 2027/6/1
f 2032/6/1 2028/6/1 2031/6/1
f 2037/6/1 2034/6/1 2033/6/1
f 2038/6/1 2034/6/1 2037/6/1
f 2039/6/1 2036/6/1 2035/6/1
f 2040/6/1 2036/6/1 2039/6/1
f 2045/4/1 2042/4/1 2041/4/1
f 2046/4/1 2042/4/1 2045/4/1
f 2047/4/1 2044/4/1 2043/4/1
f 2048/4/1 2044/4/1 2047/4/1
f 2049/6/1 2046/6/1 2045/6/1
f 2050/6/1 2046/6/1 2049/6/1
f 2051/6/1 2048/6/1 2047/6/1
f 2052/6/1 2048/6/1 2051/6/1
f 2059/6/1 2054/6/1 2053/6/1
f 2060/6/1 2054/6/1 2059/6/1
f 2061/6/1 2056/6/1 2055/6/1
f 2062/6/1 2056/6/1 2061/6/1
f 2065/6/1 2058/6/1 2057/6/1
f 2066/6/1 2058/6/1 2065/6/1
f 2067/6/1 2064/6/1 2063/6/1
f 2068/6/1 2064/6/1 2067/6/1
f 2073/5/1 2070/5/1 2069/5/1
f 2074/5/1 2070/5/1 2073/5/1
f 2075/5/1 2072/5/1 2071/5/1
f 2076/5/1 2072/5/1 2075/5/1
f 2079/6/1 2074/6/1 2073/6/1
f 2080/6/1 2074/6/1 2079/6/1
f 2081/6/1 2076/6/1 2075/6/1
f 2082/6/1 2076/6/1 2081/6/1
f 2087/6/1 2078/6/1 2077/6/1
f 2088/6/1 2078/6/1 2087/6/1
f 2089/6/1 2084/6/1 2083/6/1
f 2090/6/1 2084/6/1 2089/6/1
f 2093/6/1 2086/6/1 2085/6/1
f 2094/6/1 2086/6/1 2093/6/1
f 2095/6/1 2092/6/1 2091/6/1
f 2096/6/1 2092/6/1 2095/6/1
f 2101/4/1 2098/4/1 2097/4/1
f 2102/4/1 2098/4/1 2101/4/1
f 2103/4/1 2100/4/1 2099/4/1
f 2104/4/1 2100/4/1 2103/4/1
f 2105/6/1 2102/6/1 2101/6/1
f 2106/6/1 2102/6/1 2105/6/1
f 2107/6/1 2104/6/1 2103/6/1
f 2108/6/1 2104/6/1 2107/6/1
f 2113/5/1 2110/5/1 2109/5/1
f 2114/5/1 2110/5/1 2113/5/1
f 2115/5/1 2112/5/1 2111/5/1
f 2116/5/1 2112/5/1 2115/5/1
f 2119/6/1 2114/6/1 2113/6/1
f 2120/6/1 2114/6/1 2119/6/1
f 2121/6/1 2116/6/1 2115/6/1
f 2122/6/1 2116/6/1 2121/6/1
f 2125/6/1 2118/6/1 2117/6/1
f 2126/6/1 2118/6/1 2125/6/1
f 2127/6/1 2124/6/1 2123/6/1
f 2128/6/1 2124/6/1 2127/6/1
f 2135/6/1 2130/6/1 2129/6/1
f 2136/6/1 2130/6/1 2135/6/1
f 2137/6/1 2132/6/1 2131/6/1
f 2138/6/1 2132/6/1 2137/6/1
f 2141/6/1 2134/6/1 2133/6/1
f 2142/6/1 2134/6/1 2141/6/1
f 2143/6/1 2140/6/1 2139/6/1
f 2144/6/1 2140/6/1 2143/6/1
f 2149/5/1 2146/5/1 2145/5/1
f 2150/5/1 2146/5/1 2149/5/1
f 2151/5/1 2148/5/1 2147/5/1
f 2152/5/1 2148/5/1 2151/5/1
f 2153/6/1 2150/6/1 2149/6/1
f 2154/6/1 2150/6/1 2153/6/1
f 2155/6/1 2152/6/1 2151/6/1
f 2156/6/1 2152/6/1 2155/6/1
f 2161/6/1 2158/6/1 2157/6/1
f 2162/6/1 2158/6/1 2161/6/1
f 2163/6/1 2160/6/1 2159/6/1
f 2164/6/1 2160/6/1 2163/6/1
f 2169/4/1 2166/4/1 2165/4/1
f 2170/4/1 2168/4/1 2167/4/1
f 2171/4/1 2169/4/1 2165/4/1
f 2172/4/1 2169/4/1 2171/4/1
f 2173/4/1 2168/4/1 2170/4/1
f 2174/4/1 2168/4/1 2173/4/1
f 2179/4/1 2176/4/1 2175/4/1
f 2180/4/1 2176/4/1 2179/4/1
f 2181/4/1 2178/4/1 2177/4/1
f 2182/4/1 2178/4/1 2181/4/1
f 2183/6/1 2180/6/1 2179/6/1
f 2184/6/1 2180/6/1 2183/6/1
f 2185/6/1 2182/6/1 2181/6/1
f 2186/6/1 2182/6/1 2185/6/1
f 2191/6/1 2188/6/1 2187/6/1
f 2192/6/1 2188/6/1 2191/6/1
f 2193/6/1 2190/6/1 2189/6/1
f 2194/6/1 2190/6/1 2193/6/1
f 2199/6/1 2196/6/1 2195/6/1
f 2200/6/1 2196/6/1 2199/6/1
f 2201/6/1 2198/6/1 2197/6/1
f 2202/6/1 2198/6/1 2201/6/1
f 2207/5/1 2204/5/1 2203/5/1
f 2208/5/1 2204/5/1 2207/5/1
f 2209/5/1 2206/5/1 2205/5/1
f 2210/5/1 2206/5/1 2209/5/1
f 2211/6/1 2208/6/1 2207/6/1
f 2212/6/1 2208/6/1 2211/6/1
f 2213/6/1 2210/6/1 2209/6/1
f 2214/6/1 2210/6/1 2213/6/1
f 2219/6/1 2216/6/1 2215/6/1
f 2220/6/1 2216/6/1 2219/6/1
f 2221/6/1 2218/6/1 2217/6/1
f 2222/6/1 2218/6/1 2221/6/1
f 2227/6/1 2224/6/1 2223/6/1
f 2228/6/1 2224/6/1 2227/6/1
f 2229/6/1 2226/6/1 2225/6/1
f 2230/6/1 2226/6/1 2229/6/1
f 2235/6/1 2232/6/1 2231/6/1
f 2236/6/1 2232/6/1 2235/6/1
f 2237/6/1 2234/6/1 2233/6/1
f 2238/6/1 2234/6/1 2237/6/1
f 2243/5/1 2240/5/1 2239/5/1
f 2244/5/1 2240/5/1 2243/5/1
f 2245/5/1 2242/5/1 2241/5/1
f 2246/5/1 2242/5/1 2245/5/1
f 2247/6/1 2244/6/1 2243/6/1
f 2248/6/1 2244/6/1 2247/6/1
f 2249/6/1 2246/6/1 2245/6/1
f 2250/6/1 2246/6/1 2249/6/1
f 2257/6/1 2252/6/1 2251/6/1
f 2258/6/1 2252/6/1 2257/6/1
f 2259/6/1 2254/6/1 2253/6/1
f 2260/6/1 2254/6/1 2259/6/1
f 2263/6/1 2256/6/1 2255/6/1
f 2264/6/1 2256/6/1 2263/6/1
f 2265/6/1 2262/6/1 2261/6/1
f 2266/6/1 2262/6/1 2265/6/1
f 2271/4/1 2268/4/1 2267/4/1
f 2272/4/1 2268/4/1 2271/4/1
f 2273/4/1 2270/4/1 2269/4/1
f 2274/4/1 2270/4/1 2273/4/1
f 2279/6/1 2276/6/1 2275/6/1
f 2280/6/1 2276/6/1 2279/6/1
f 2281/6/1 2278/6/1 2277/6/1
f 2282/6/1 2278/6/1 2281/6/1
f 2287/6/1 2284/6/1 2283/6/1
f 2288/6/1 2284/6/1 2287/6/1
f 2289/6/1 2286/6/1 2285/6/1
f 2290/6/1 2286/6/1 2289/6/1
f 2295/4/1 2292/4/1 2291/4/1
f 2296/4/1 2292/4/1 2295/4/1
f 2297/4/1 2294/4/1 2293/4/1
f 2298/4/1 2294/4/1 2297/4/1
f 2299/6/1 2296/6/1 2295/6/1
f 2300/6/1 2296/6/1 2299/6/1
f 2301/6/1 2298/6/1 2297/6/1
f 2302/6/1 2298/6/1 2301/6/1
f 2307/5/1 2304/5/1 2303/5/1
f 2308/5/1 2304/5/1 2307/5/1
f 2309/5/1 2306/5/1 2305/5/1
f 2310/5/1 2306/5/1 2309/5/1
f 2311/6/1 2308/6/1 2307/6/1
f 2312/6/1 2308/6/1 2311/6/1
f 2313/6/1 2310/6/1 2309/6/1
f 2314/6/1 2310/6/1 2313/6/1
f 2319/6/1 2316/6/1 2315/6/1
f 2320/6/1 2316/6/1 2319/6/1
f 2321/6/1 2318/6/1 2317/6/1
f 2322/6/1 2318/6/1 2321/6/1
f 2327/6/1 2324/6/1 2323/6/1
f 2328/6/1 2324/6/1 2327/6/1
f 2329/6/1 2326/6/1 2325/6/1
f 2330/6/1 2326/6/1 2329/6/1
f 2335/5/1 2332/5/1 2331/5/1
f 2336/5/1 2332/5/1 2335/5/1
f 2337/5/1 2334/5/1 2333/5/1
f 2338/5/1 2334/5/1 2337/5/1
f 2341/6/1 2336/6/1 2335/6/1
f 2342/6/1 2336/6/1 2341/6/1
f 2343/6/1 2338/6/1 2337/6/1
f 2344/6/1 2338/6/1 2343/6/1
f 2347/6/1 2340/6/1 2339/6/1
f 2348/6/1 2340/6/1 2347/6/1
f 2349/6/1 2346/6/1 2345/6/1
f 2350/6/1 2346/6/1 2349/6/1
f 2355/4/1 2352/4/1 2351/4/1
f 2356/4/1 2352/4/1 2355/4/1
f 2357/4/1 2354/4/1 2353/4/1
f 2358/4/1 2354/4/1 2357/4/1
f 2363/6/1 2360/6/1 2359/6/1
f 2364/6/1 2360/6/1 2363/6/1
f 2365/6/1 2362/6/1 2361/6/1
f 2366/6/1 2362/6/1 2365/6/1
f 2371/6/1 2368/6/1 2367/6/1
f 2372/6/1 2368/6/1 2371/6/1
f 2373/6/1 2370/6/1 2369/6/1
f 2374/6/1 2370/6/1 2373/6/1
f 2381/6/1 2376/6/1 2375/6/1
f 2382/6/1 2376/6/1 2381/6/1
f 2383/6/1 2378/6/1 2377/6/1
f 2384/6/1 2378/6/1 2383/6/1
f 2387/6/1 2380/6/1 2379/6/1
f 2388/6/1 2380/6/1 2387/6/1
f 2389/6/1 2386/6/1 2385/6/1
f 2390/6/1 2386/6/1 2389/6/1
f 2395/5/1 2392/5/1 2391/5/1
f 2396/5/1 2392/5/1 2395/5/1
f 2397/5/1 2394/5/1 2393/5/1
f 2398/5/1 2394/5/1 2397/5/1
f 2399/6/1 2396/6/1 2395/6/1
f 2400/6/1 2396/6/1 2399/6/1
f 2401/6/1 2398/6/1 2397/6/1
f 2402/6/1 2398/6/1 2401/6/1
f 2407/4/1 2404/4/1 2403/4/1
f 2408/4/1 2404/4/1 2407/4/1
f 2409/4/1 2406/4/1 2405/4/1
f 2410/4/1 2406/4/1 2409/4/1
f 2411/6/1 2408/6/1 2407/6/1
f 2412/6/1 2408/6/1 2411/6/1
f 2413/6/1 2410/6/1 2409/6/1
f 2414/6/1 2410/6/1 2413/6/1
f 2421/6/1 2416/6/1 2415/6/1
f 2422/6/1 2416/6/1 2421/6/1
f 2423/6/1 2418/6/1 2417/6/1
f 2424/6/1 2418/6/1 2423/6/1
f 2427/4/1 2420/4/1 2419/4/1
f 2428/4/1 2420/4/1 2427/4/1
f 2429/4/1 2426/4/1 2425/4/1
f 2430/4/1 2426/4/1 2429/4/1
f 2435/6/1 2432/6/1 2431/6/1
f 2436/6/1 2432/6/1 2435/6/1
f 2437/6/1 2434/6/1 2433/6/1
f 2438/6/1 2434/6/1 2437/6/1
f 2443/5/1 2440/5/1 2439/5/1
f 2444/5/1 2440/5/1 2443/5/1
f 2445/5/1 2442/5/1 2441/5/1
f 2446/5/1 2442/5/1 2445/5/1
f 2449/6/1 2444/6/1 2443/6/1
f 2450/6/1 2444/6/1 2449/6/1
f 2451/6/1 2446/6/1 2445/6/1
f 2452/6/1 2446/6/1 2451/6/1
f 2457/6/1 2448/6/1 2447/6/1
f 2458/6/1 2448/6/1 2457/6/1
f 2459/6/1 2454/6/1 2453/6/1
f 2460/6/1 2454/6/1 2459/6/1
f 2463/6/1 2456/6/1 2455/6/1
f 2464/6/1 2456/6/1 2463/6/1
f 2465/6/1 2462/6/1 2461/6/1
f 2466/6/1 2462/6/1 2465/6/1
f 2471/6/1 2468/6/1 2467/6/1
f 2472/6/1 2468/6/1 2471/6/1
f 2473/6/1 2470/6/1 2469/6/1
f 2474/6/1 2470/6/1 2473/6/1
f 2481/3/1 2476/3/1 2475/3/1
f 2482/3/1 2476/3/1 2481/3/1
f 2483/3/1 2478/3/1 2477/3/1
f 2484/3/1 2478/3/1 2483/3/1
f 2485/3/1 2480/3/1 2479/3/1
f 2486/3/1 2480/3/1 2485/3/1
f 2491/6/1 2488/6/1 2487/6/1
f 2492/6/1 2488/6/1 2491/6/1
f 2493/6/1 2490/6/1 2489/6/1
f 2494/6/1 2490/6/1 2493/6/1
f 2499/6/1 2496/6/1 2495/6/1
f 2500/6/1 2496/6/1 2499/6/1
f 2501/6/1 2498/6/1 2497/6/1
f 2502/6/1 2498/6/1 2501/6/1
f 2503/5/1 2500/5/1 2499/5/1
f 2504/5/1 2502/5/1 2501/5/1
f 2505/5/1 2500/5/1 2503/5/1
f 2506/5/1 2500/5/1 2505/5/1
f 2507/5/1 2504/5/1 2501/5/1
f 2508/5/1 2504/5/1 2507/5/1
f 2509/6/1 2506/6/1 2505/6/1
f 2510/6/1 2506/6/1 2509/6/1
f 2511/6/1 2508/6/1 2507/6/1
f 2512/6/1 2508/6/1 2511/6/1
f 2517/6/1 2514/6/1 2513/6/1
f 2518/6/1 2516/6/1 2515/6/1
f 2519/6/1 2514/6/1 2517/6/1
f 2520/6/1 2514/6/1 2519/6/1
f 2521/6/1 2518/6/1 2515/6/1
f 2522/6/1 2518/6/1 2521/6/1
f 2527/6/1 2524/6/1 2523/6/1
f 2528/6/1 2524/6/1 2527/6/1
f 2529/6/1 2526/6/1 2525/6/1
f 2530/6/1 2526/6/1 2529/6/1
f 2535/6/1 2532/6/1 2531/6/1
f 2536/6/1 2532/6/1 2535/6/1
f 2537/6/1 2534/6/1 2533/6/1
f 2538/6/1 2534/6/1 2537/6/1
f 2543/6/1 2540/6/1 2539/6/1
f 2544/6/1 2540/6/1 2543/6/1
f 2545/6/1 2542/6/1 2541/6/1
f 2546/6/1 2542/6/1 2545/6/1
f 2551/6/1 2548/6/1 2547/6/1
f 2552/6/1 2548/6/1 2551/6/1
f 2553/6/1 2550/6/1 2549/6/1
f 2554/6/1 2550/6/1 2553/6/1
f 2559/6/1 2556/6/1 2555/6/1
f 2560/6/1 2556/6/1 2559/6/1
f 2561/6/1 2558/6/1 2557/6/1
f 2562/6/1 2558/6/1 2561/6/1
f 2567/6/1 2564/6/1 2563/6/1
f 2568/6/1 2564/6/1 2567/6/1
f 2569/6/1 2566/6/1 2565/6/1
f 2570/6/1 2566/6/1 2569/6/1
f 2575/6/1 2572/6/1 2571/6/1
f 2576/6/1 2572/6/1 2575/6/1
f 2577/6/1 2574/6/1 2573/6/1
f 2578/6/1 2574/6/1 2577/6/1
f 2583/6/1 2580/6/1 2579/6/1
f 2584/6/1 2580/6/1 2583/6/1
f 2585/6/1 2582/6/1 2581/6/1
f 2586/6/1 2582/6/1 2585/6/1
f 2591/6/1 2588/6/1 2587/6/1
f 2592/6/1 2588/6/1 2591/6/1
f 2593/6/1 2590/6/1 2589/6/1
f 2594/6/1 2590/6/1 2593/6/1
f 2599/6/1 2596/6/1 2595/6/1
f 2600/6/1 2596/6/1 2599/6/1
f 2601/6/1 2598/6/1 2597/6/1
f 2602/6/1 2598/6/1 2601/6/1
f 2607/6/1 2604/6/1 2603/6/1
f 2608/6/1 2604/6/1 2607/6/1
f 2609/6/1 2606/6/1 2605/6/1
f 2610/6/1 2606/6/1 2609/6/1
f 2615/6/1 2612/6/1 2611/6/1
f 2616/6/1 2612/6/1 2615/6/1
f 2617/6/1 2614/6/1 2613/6/1
f 2618/6/1 2614/6/1 2617/6/1
f 2623/6/1 2620/6/1 2619/6/1
f 2624/6/1 2620/6/1 2623/6/1
f 2625/6/1 2622/6/1 2621/6/1
f 2626/6/1 2622/6/1 2625/6/1
f 2631/6/1 2628/6/1 2627/6/1
f 2632/6/1 2628/6/1 2631/6/1
f 2633/6/1 2630/6/1 2629/6/1
f 2634/6/1 2630/6/1 2633/6/1
f 2639/6/1 2636/6/1 2635/6/1
f 2640/6/1 2636/6/1 2639/6/1
f 2641/6/1 2638/6/1 2637/6/1
f 2642/6/1 2638/6/1 2641/6/1
f 2647/6/1 2644/6/1 2643/6/1
f 2648/6/1 2644/6/1 2647/6/1
f 2649/6/1 2646/6/1 2645/6/1
f 2650/6/1 2646/6/1 2649/6/1
f 2655/6/1 2652/6/1 2651/6/1
f 2656/6/1 2652/6/1 2655/6/1
f 2657/6/1 2654/6/1 2653/6/1
f 2658/6/1 2654/6/1 2657/6/1
f 2663/6/1 2660/6/1 2659/6/1
f 2664/6/1 2660/6/1 2663/6/1
f 2665/6/1 2662/6/1 2661/6/1
f 2666/6/1 2662/6/1 2665/6/1
f 2671/6/1 2668/6/1 2667/6/1
f 2672/6/1 2668/6/1 2671/6/1
f 2673/6/1 2670/6/1 2669/6/1
f 2674/6/1 2670/6/1 2673/6/1
f 2679/6/1 2676/6/1 2675/6/1
f 2680/6/1 2676/6/1 2679/6/1
f 2681/6/1 2678/6/1 2677/6/1
f 2682/6/1 2678/6/1 2681/6/1
f 2687/6/1 2684/6/1 2683/6/1
f 2688/6/1 2684/6/1 2687/6/1
f 2689/6/1 2686/6/1 2685/6/1
f 2690/6/1 2686/6/1 2689/6/1
f 2693/6/1 2692/6/1 2691/6/1
f 2694/6/1 2692/6/1 2693/6/1
f 2695/6/1 2692/6/1 2694/6/1
f 2696/6/1 2692/6/1 2695/6/1
f 2697/6/1 2695/6/1 2694/6/1
f 2697/1/1 2696/1/1 2695/1/1
f 2698/6/1 2692/6/1 2696/6/1
f 2698/1/1 2696/1/1 2697/1/1
f 2699/6/1 2693/6/1 2691/6/1
f 2699/8/1 2694/8/1 2693/8/1
f 2700/6/1 2698/6/1 2697/6/1
f 2700/8/1 2694/8/1 2699/8/1
f 2700/6/1 2697/6/1 2694/6/1
f 2701/6/1 2698/6/1 2700/6/1
f 2702/6/1 2698/6/1 2701/6/1
f 2703/6/1 2699/6/1 2691/6/1
f 2703/6/1 2700/6/1 2699/6/1
f 2703/6/1 2701/6/1 2700/6/1
f 2704/2/1 2702/2/1 2701/2/1
f 2704/6/1 2701/6/1 2703/6/1
f 2705/6/1 2698/6/1 2702/6/1
f 2705/2/1 2702/2/1 2704/2/1
f 2706/6/1 2692/6/1 2698/6/1
f 2706/6/1 2698/6/1 2705/6/1
f 2707/3/2 2708/3/2 2709/3/2
f 2709/3/2 2708/3/2 2710/3/2
f 2711/5/2 2712/5/2 2713/5/2
f 2713/5/2 2712/5/2 2714/5/2
f 2713/6/2 2714/6/2 2715/6/2
f 2715/6/2 2714/6/2 2716/6/2
f 2716/6/2 2714/6/2 2717/6/2
f 2717/6/2 2714/6/2 2718/6/2
f 2716/6/2 2717/6/2 2719/6/2
f 2717/2/2 2718/2/2 2719/2/2
f 2718/6/2 2714/6/2 2720/6/2
f 2719/2/2 2718/2/2 2720/2/2
f 2713/6/2 2715/6/2 2721/6/2
f 2715/2/2 2716/2/2 2722/2/2
f 2721/6/2 2715/6/2 2722/6/2
f 2716/6/2 2719/6/2 2723/6/2
f 2722/2/2 2716/2/2 2723/2/2
f 2719/6/2 2720/6/2 2723/6/2
f 2720/6/2 2714/6/2 2724/6/2
f 2723/6/2 2720/6/2 2724/6/2
f 2725/5/2 2726/5/2 2729/5/2
f 2729/5/2 2726/5/2 2730/5/2
f 2727/5/2 2728/5/2 2731/5/2
f 2731/5/2 2728/5/2 2732/5/2
f 2729/6/2 2730/6/2 2733/6/2
f 2733/6/2 2730/6/2 2734/6/2
f 2731/6/2 2732/6/2 2735/6/2
f 2735/6/2 2732/6/2 2736/6/2
f 2737/5/2 2738/5/2 2741/5/2
f 2741/5/2 2738/5/2 2742/5/2
f 2739/5/2 2740/5/2 2743/5/2
f 2743/5/2 2740/5/2 2744/5/2
f 2741/6/2 2742/6/2 2745/6/2
f 2745/6/2 2742/6/2 2746/6/2
f 2743/6/2 2744/6/2 2747/6/2
f 2747/6/2 2744/6/2 2748/6/2
f 2749/5/2 2750/5/2 2753/5/2
f 2753/5/2 2750/5/2 2754/5/2
f 2751/5/2 2752/5/2 2755/5/2
f 2755/5/2 2752/5/2 2756/5/2
f 2753/6/2 2754/6/2 2757/6/2
f 2757/6/2 2754/6/2 2758/6/2
f 2755/6/2 2756/6/2 2759/6/2
f 2759/6/2 2756/6/2 2760/6/2
f 2761/5/2 2762/5/2 2765/5/2
f 2765/5/2 2762/5/2 2766/5/2
f 2763/5/2 2764/5/2 2767/5/2
f 2767/5/2 2764/5/2 2768/5/2
f 2765/6/2 2766/6/2 2769/6/2
f 2769/6/2 2766/6/2 2770/6/2
f 2767/6/2 2768/6/2 2771/6/2
f 2771/6/2 2768/6/2 2772/6/2
f 2773/5/2 2774/5/2 2777/5/2
f 2777/5/2 2774/5/2 2778/5/2
f 2775/5/2 2776/5/2 2779/5/2
f 2779/5/2 2776/5/2 2780/5/2
f 2777/6/2 2778/6/2 2781/6/2
f 2781/6/2 2778/6/2 2782/6/2
f 2779/6/2 2780/6/2 2783/6/2
f 2783/6/2 2780/6/2 2784/6/2
f 2785/5/2 2786/5/2 2789/5/2
f 2789/5/2 2786/5/2 2790/5/2
f 2787/5/2 2788/5/2 2791/5/2
f 2791/5/2 2788/5/2 2792/5/2
f 2789/6/2 2790/6/2 2793/6/2
f 2793/6/2 2790/6/2 2794/6/2
f 2791/6/2 2792/6/2 2795/6/2
f 2795/6/2 2792/6/2 2796/6/2
f 2797/5/2 2798/5/2 2801/5/2
f 2801/5/2 2798/5/2 2802/5/2
f 2799/5/2 2800/5/2 2803/5/2
f 2803/5/2 2800/5/2 2804/5/2
f 2801/6/2 2802/6/2 2805/6/2
f 2805/6/2 2802/6/2 2806/6/2
f 2803/6/2 2804/6/2 2807/6/2
f 2807/6/2 2804/6/2 2808/6/2
f 2809/5/2 2810/5/2 2813/5/2
f 2813/5/2 2810/5/2 2814/5/2
f 2811/5/2 2812/5/2 2815/5/2
f 2815/5/2 2812/5/2 2816/5/2
f 2813/6/2 2814/6/2 2817/6/2
f 2817/6/2 2814/6/2 2818/6/2
f 2815/6/2 2816/6/2 2819/6/2
f 2819/6/2 2816/6/2 2820/6/2
f 2821/5/2 2822/5/2 2825/5/2
f 2825/5/2 2822/5/2 2826/5/2
f 2823/5/2 2824/5/2 2827/5/2
f 2827/5/2 2824/5/2 2828/5/2
f 2825/6/2 2826/6/2 2829/6/2
f 2829/6/2 2826/6/2 2830/6/2
f 2827/6/2 2828/6/2 2831/6/2
f 2831/6/2 2828/6/2 2832/6/2
f 2833/5/2 2834/5/2 2837/5/2
f 2837/5/2 2834/5/2 2838/5/2
f 2835/5/2 2836/5/2 2839/5/2
f 2839/5/2 2836/5/2 2840/5/2
f 2837/6/2 2838/6/2 2841/6/2
f 2841/6/2 2838/6/2 2842/6/2
f 2839/6/2 2840/6/2 2843/6/2
f 2843/6/2 2840/6/2 2844/6/2
f 2845/5/2 2846/5/2 2849/5/2
f 2849/5/2 2846/5/2 2850/5/2
f 2847/5/2 2848/5/2 2851/5/2
f 2851/5/2 2848/5/2 2852/5/2
f 2849/6/2 2850/6/2 2853/6/2
f 2853/6/2 2850/6/2 2854/6/2
f 2851/6/2 2852/6/2 2855/6/2
f 2855/6/2 2852/6/2 2856/6/2
f 2857/5/2 2858/5/2 2861/5/2
f 2861/5/2 2858/5/2 2862/5/2
f 2859/5/2 2860/5/2 2863/5/2
f 2863/5/2 2860/5/2 2864/5/2
f 2861/6/2 2862/6/2 2865/6/2
f 2865/6/2 2862/6/2 2866/6/2
f 2863/6/2 2864/6/2 2867/6/2
f 2867/6/2 2864/6/2 2868/6/2
f 2869/5/2 2870/5/2 2873/5/2
f 2873/5/2 2870/5/2 2874/5/2
f 2871/5/2 2872/5/2 2875/5/2
f 2875/5/2 2872/5/2 2876/5/2
f 2873/6/2 2874/6/2 2877/6/2
f 2877/6/2 2874/6/2 2878/6/2
f 2875/6/2 2876/6/2 2879/6/2
f 2879/6/2 2876/6/2 2880/6/2
f 2881/5/2 2882/5/2 2885/5/2
f 2885/5/2 2882/5/2 2886/5/2
f 2883/5/2 2884/5/2 2887/5/2
f 2887/5/2 2884/5/2 2888/5/2
f 2885/6/2 2886/6/2 2889/6/2
f 2889/6/2 2886/6/2 2890/6/2
f 2887/6/2 2888/6/2 2891/6/2
f 2891/6/2 2888/6/2 2892/6/2
f 2893/5/2 2894/5/2 2897/5/2
f 2897/5/2 2894/5/2 2898/5/2
f 2895/5/2 2896/5/2 2899/5/2
f 2899/5/2 2896/5/2 2900/5/2
f 2897/6/2 2898/6/2 2901/6/2
f 2901/6/2 2898/6/2 2902/6/2
f 2899/6/2 2900/6/2 2903/6/2
f 2903/6/2 2900/6/2 2904/6/2
f 2905/5/2 2906/5/2 2909/5/2
f 2909/5/2 2906/5/2 2910/5/2
f 2907/5/2 2908/5/2 2911/5/2
f 2911/5/2 2908/5/2 2912/5/2
f 2909/6/2 2910/6/2 2913/6/2
f 2913/6/2 2910/6/2 2914/6/2
f 2911/6/2 2912/6/2 2915/6/2
f 2915/6/2 2912/6/2 2916/6/2
f 2917/5/2 2918/5/2 2921/5/2
f 2921/5/2 2918/5/2 2922/5/2
f 2919/5/2 2920/5/2 2923/5/2
f 2923/5/2 2920/5/2 2924/5/2
f 2921/6/2 2922/6/2 2925/6/2
f 2925/6/2 2922/6/2 2926/6/2
f 2923/6/2 2924/6/2 2927/6/2
f 2927/6/2 2924/6/2 2928/6/2
f 2929/5/2 2930/5/2 2933/5/2
f 2933/5/2 2930/5/2 2934/5/2
f 2931/5/2 2932/5/2 2935/5/2
f 2935/5/2 2932/5/2 2936/5/2
f 2933/6/2 2934/6/2 2937/6/2
f 2937/6/2 2934/6/2 2938/6/2
f 2935/6/2 2936/6/2 2939/6/2
f 2939/6/2 2936/6/2 2940/6/2
f 2941/5/2 2942/5/2 2945/5/2
f 2945/5/2 2942/5/2 2946/5/2
f 2943/5/2 2944/5/2 2947/5/2
f 2947/5/2 2944/5/2 2948/5/2
f 2945/6/2 2946/6/2 2949/6/2
f 2949/6/2 2946/6/2 2950/6/2
f 2947/6/2 2948/6/2 2951/6/2
f 2951/6/2 2948/6/2 2952/6/2
f 2953/5/2 2954/5/2 2957/5/2
f 2957/5/2 2954/5/2 2958/5/2
f 2955/5/2 2956/5/2 2959/5/2
f 2959/5/2 2956/5/2 2960/5/2
f 2957/6/2 2958/6/2 2961/6/2
f 2961/6/2 2958/6/2 2962/6/2
f 2959/6/2 2960/6/2 2963/6/2
f 2963/6/2 2960/6/2 2964/6/2
f 2965/5/2 2966/5/2 2969/5/2
f 2969/5/2 2966/5/2 2970/5/2
f 2967/5/2 2968/5/2 2971/5/2
f 2971/5/2 2968/5/2 2972/5/2
f 2969/6/2 2970/6/2 2973/6/2
f 2973/6/2 2970/6/2 2974/6/2
f 2971/6/2 2972/6/2 2975/6/2
f 2975/6/2 2972/6/2 2976/6/2
f 2977/5/2 2978/5/2 2981/5/2
f 2981/5/2 2978/5/2 2982/5/2
f 2979/5/2 2980/5/2 2983/5/2
f 2983/5/2 2980/5/2 2984/5/2
f 2981/6/2 2982/6/2 2985/6/2
f 2985/6/2 2982/6/2 2986/6/2
f 2983/6/2 2984/6/2 2987/6/2
f 2987/6/2 2984/6/2 2988/6/2
f 2989/5/2 2990/5/2 2993/5/2
f 2993/5/2 2990/5/2 2994/5/2
f 2991/5/2 2992/5/2 2995/5/2
f 2995/5/2 2992/5/2 2996/5/2
f 2993/6/2 2994/6/2 2997/6/2
f 2997/6/2 2994/6/2 2998/6/2
f 2995/6/2 2996/6/2 2999/6/2
f 2999/6/2 2996/6/2 3000/6/2
f 3001/6/2 3002/6/2 3005/6/2
f 3005/6/2 3002/6/2 3006/6/2
f 3003/6/2 3004/6/2 3007/6/2
f 3007/6/2 3004/6/2 3008/6/2
f 3009/3/2 3010/3/2 3015/3/2
f 3015/3/2 3010/3/2 3016/3/2
f 3011/3/2 3012/3/2 3017/3/2
f 3017/3/2 3012/3/2 3018/3/2
f 3013/3/2 3014/3/2 3019/3/2
f 3019/3/2 3014/3/2 3020/3/2
f 3021/6/2 3022/6/2 3025/6/2
f 3025/6/2 3022/6/2 3026/6/2
f 3023/6/2 3024/6/2 3027/6/2
f 3027/6/2 3024/6/2 3028/6/2
f 3029/5/2 3030/5/2 3033/5/2
f 3031/5/2 3032/5/2 3034/5/2
f 3029/5/2 3033/5/2 3035/5/2
f 3035/5/2 3033/5/2 3036/5/2
f 3034/5/2 3032/5/2 3037/5/2
f 3037/5/2 3032/5/2 3038/5/2
f 3035/6/2 3036/6/2 3039/6/2
f 3037/6/2 3038/6/2 3040/6/2
f 3035/6/2 3039/6/2 3043/6/2
f 3043/6/2 3039/6/2 3044/6/2
f 3040/6/2 3038/6/2 3045/6/2
f 3045/6/2 3038/6/2 3046/6/2
f 3041/6/2 3042/6/2 3051/6/2
f 3051/6/2 3042/6/2 3052/6/2
f 3047/6/2 3048/6/2 3053/6/2
f 3053/6/2 3048/6/2 3054/6/2
f 3049/6/2 3050/6/2 3057/6/2
f 3057/6/2 3050/6/2 3058/6/2
f 3055/6/2 3056/6/2 3059/6/2
f 3059/6/2 3056/6/2 3060/6/2
f 3061/6/2 3062/6/2 3065/6/2
f 3065/6/2 3062/6/2 3066/6/2
f 3063/6/2 3064/6/2 3067/6/2
f 3067/6/2 3064/6/2 3068/6/2
f 3069/6/2 3070/6/2 3075/6/2
f 3075/6/2 3070/6/2 3076/6/2
f 3071/6/2 3072/6/2 3077/6/2
f 3077/6/2 3072/6/2 3078/6/2
f 3073/4/2 3074/4/2 3081/4/2
f 3081/4/2 3074/4/2 3082/4/2
f 3079/4/2 3080/4/2 3083/4/2
f 3083/4/2 3080/4/2 3084/4/2
f 3085/6/2 3086/6/2 3089/6/2
f 3089/6/2 3086/6/2 3090/6/2
f 3087/6/2 3088/6/2 3091/6/2
f 3091/6/2 3088/6/2 3092/6/2
f 3089/5/2 3090/5/2 3093/5/2
f 3091/5/2 3092/5/2 3094/5/2
f 3089/5/2 3093/5/2 3095/5/2
f 3095/5/2 3093/5/2 3096/5/2
f 3094/5/2 3092/5/2 3097/5/2
f 3097/5/2 3092/5/2 3098/5/2
f 3095/6/2 3096/6/2 3099/6/2
f 3097/6/2 3098/6/2 3100/6/2
f 3095/6/2 3099/6/2 3101/6/2
f 3101/6/2 3099/6/2 3102/6/2
f 3100/6/2 3098/6/2 3103/6/2
f 3103/6/2 3098/6/2 3104/6/2
f 3105/4/2 3106/4/2 3109/4/2
f 3109/4/2 3106/4/2 3110/4/2
f 3107/4/2 3108/4/2 3111/4/2
f 3111/4/2 3108/4/2 3112/4/2
f 3109/6/2 3110/6/2 3113/6/2
f 3113/6/2 3110/6/2 3114/6/2
f 3111/6/2 3112/6/2 3115/6/2
f 3115/6/2 3112/6/2 3116/6/2
f 3117/6/2 3118/6/2 3123/6/2
f 3123/6/2 3118/6/2 3124/6/2
f 3119/6/2 3120/6/2 3125/6/2
f 3125/6/2 3120/6/2 3126/6/2
f 3121/6/2 3122/6/2 3129/6/2
f 3129/6/2 3122/6/2 3130/6/2
f 3127/6/2 3128/6/2 3131/6/2
f 3131/6/2 3128/6/2 3132/6/2
f 3133/6/2 3134/6/2 3137/6/2
f 3137/6/2 3134/6/2 3138/6/2
f 3135/6/2 3136/6/2 3139/6/2
f 3139/6/2 3136/6/2 3140/6/2
f 3141/6/2 3142/6/2 3145/6/2
f 3145/6/2 3142/6/2 3146/6/2
f 3143/6/2 3144/6/2 3147/6/2
f 3147/6/2 3144/6/2 3148/6/2
f 3149/6/2 3150/6/2 3153/6/2
f 3153/6/2 3150/6/2 3154/6/2
f 3151/6/2 3152/6/2 3155/6/2
f 3155/6/2 3152/6/2 3156/6/2
f 3153/5/2 3154/5/2 3157/5/2
f 3157/5/2 3154/5/2 3158/5/2
f 3155/5/2 3156/5/2 3159/5/2
f 3159/5/2 3156/5/2 3160/5/2
f 3157/6/2 3158/6/2 3163/6/2
f 3163/6/2 3158/6/2 3164/6/2
f 3159/6/2 3160/6/2 3165/6/2
f 3165/6/2 3160/6/2 3166/6/2
f 3161/6/2 3162/6/2 3169/6/2
f 3169/6/2 3162/6/2 3170/6/2
f 3167/6/2 3168/6/2 3171/6/2
f 3171/6/2 3168/6/2 3172/6/2
f 3173/4/2 3174/4/2 3177/4/2
f 3177/4/2 3174/4/2 3178/4/2
f 3175/4/2 3176/4/2 3179/4/2
f 3179/4/2 3176/4/2 3180/4/2
f 3181/6/2 3182/6/2 3185/6/2
f 3185/6/2 3182/6/2 3186/6/2
f 3183/6/2 3184/6/2 3187/6/2
f 3187/6/2 3184/6/2 3188/6/2
f 3189/6/2 3190/6/2 3193/6/2
f 3193/6/2 3190/6/2 3194/6/2
f 3191/6/2 3192/6/2 3195/6/2
f 3195/6/2 3192/6/2 3196/6/2
f 3193/5/2 3194/5/2 3197/5/2
f 3197/5/2 3194/5/2 3198/5/2
f 3195/5/2 3196/5/2 3199/5/2
f 3199/5/2 3196/5/2 3200/5/2
f 3197/6/2 3198/6/2 3201/6/2
f 3201/6/2 3198/6/2 3202/6/2
f 3199/6/2 3200/6/2 3203/6/2
f 3203/6/2 3200/6/2 3204/6/2
f 3205/6/2 3206/6/2 3209/6/2
f 3209/6/2 3206/6/2 3210/6/2
f 3207/6/2 3208/6/2 3211/6/2
f 3211/6/2 3208/6/2 3212/6/2
f 3213/6/2 3214/6/2 3217/6/2
f 3217/6/2 3214/6/2 3218/6/2
f 3215/6/2 3216/6/2 3219/6/2
f 3219/6/2 3216/6/2 3220/6/2
f 3221/6/2 3222/6/2 3225/6/2
f 3225/6/2 3222/6/2 3226/6/2
f 3223/6/2 3224/6/2 3227/6/2
f 3227/6/2 3224/6/2 3228/6/2
f 3229/4/2 3230/4/2 3233/4/2
f 3233/4/2 3230/4/2 3234/4/2
f 3231/4/2 3232/4/2 3235/4/2
f 3235/4/2 3232/4/2 3236/4/2
f 3233/6/2 3234/6/2 3237/6/2
f 3237/6/2 3234/6/2 3238/6/2
f 3235/6/2 3236/6/2 3239/6/2
f 3239/6/2 3236/6/2 3240/6/2
f 3241/6/2 3242/6/2 3245/6/2
f 3245/6/2 3242/6/2 3246/6/2
f 3243/6/2 3244/6/2 3247/6/2
f 3247/6/2 3244/6/2 3248/6/2
f 3245/5/2 3246/5/2 3249/5/2
f 3249/5/2 3246/5/2 3250/5/2
f 3247/5/2 3248/5/2 3251/5/2
f 3251/5/2 3248/5/2 3252/5/2
f 3249/6/2 3250/6/2 3253/6/2
f 3253/6/2 3250/6/2 3254/6/2
f 3251/6/2 3252/6/2 3255/6/2
f 3255/6/2 3252/6/2 3256/6/2
f 3257/6/2 3258/6/2 3263/6/2
f 3263/6/2 3258/6/2 3264/6/2
f 3259/6/2 3260/6/2 3265/6/2
f 3265/6/2 3260/6/2 3266/6/2
f 3261/6/2 3262/6/2 3269/6/2
f 3269/6/2 3262/6/2 3270/6/2
f 3267/6/2 3268/6/2 3271/6/2
f 3271/6/2 3268/6/2 3272/6/2
f 3273/4/2 3274/4/2 3277/4/2
f 3277/4/2 3274/4/2 3278/4/2
f 3275/4/2 3276/4/2 3279/4/2
f 3279/4/2 3276/4/2 3280/4/2
f 3281/6/2 3282/6/2 3285/6/2
f 3285/6/2 3282/6/2 3286/6/2
f 3283/6/2 3284/6/2 3287/6/2
f 3287/6/2 3284/6/2 3288/6/2
f 3289/6/2 3290/6/2 3293/6/2
f 3293/6/2 3290/6/2 3294/6/2
f 3291/6/2 3292/6/2 3295/6/2
f 3295/6/2 3292/6/2 3296/6/2
f 3293/5/2 3294/5/2 3297/5/2
f 3297/5/2 3294/5/2 3298/5/2
f 3295/5/2 3296/5/2 3299/5/2
f 3299/5/2 3296/5/2 3300/5/2
f 3297/6/2 3298/6/2 3301/6/2
f 3301/6/2 3298/6/2 3302/6/2
f 3299/6/2 3300/6/2 3303/6/2
f 3303/6/2 3300/6/2 3304/6/2
f 3305/6/2 3306/6/2 3309/6/2
f 3309/6/2 3306/6/2 3310/6/2
f 3307/6/2 3308/6/2 3311/6/2
f 3311/6/2 3308/6/2 3312/6/2
f 3313/6/2 3314/6/2 3317/6/2
f 3317/6/2 3314/6/2 3318/6/2
f 3315/6/2 3316/6/2 3319/6/2
f 3319/6/2 3316/6/2 3320/6/2
f 3321/6/2 3322/6/2 3325/6/2
f 3325/6/2 3322/6/2 3326/6/2
f 3323/6/2 3324/6/2 3327/6/2
f 3327/6/2 3324/6/2 3328/6/2
f 3329/6/2 3330/6/2 3333/6/2
f 3333/6/2 3330/6/2 3334/6/2
f 3331/6/2 3332/6/2 3335/6/2
f 3335/6/2 3332/6/2 3336/6/2
f 3337/6/2 3338/6/2 3341/6/2
f 3341/6/2 3338/6/2 3342/6/2
f 3339/6/2 3340/6/2 3343/6/2
f 3343/6/2 3340/6/2 3344/6/2
f 3341/5/2 3342/5/2 3345/5/2
f 3345/5/2 3342/5/2 3346/5/2
f 3343/5/2 3344/5/2 3347/5/2
f 3347/5/2 3344/5/2 3348/5/2
f 3345/6/2 3346/6/2 3349/6/2
f 3349/6/2 3346/6/2 3350/6/2
f 3347/6/2 3348/6/2 3351/6/2
f 3351/6/2 3348/6/2 3352/6/2
f 3353/6/2 3354/6/2 3357/6/2
f 3357/6/2 3354/6/2 3358/6/2
f 3355/6/2 3356/6/2 3359/6/2
f 3359/6/2 3356/6/2 3360/6/2
f 3361/4/2 3362/4/2 3365/4/2
f 3361/4/2 3365/4/2 3366/4/2
f 3366/4/2 3365/4/2 3367/4/2
f 3363/4/2 3364/4/2 3368/4/2
f 3368/4/2 3364/4/2 3369/4/2
f 3370/4/2 3371/4/2 3374/4/2
f 3374/4/2 3371/4/2 3375/4/2
f 3372/4/2 3373/4/2 3376/4/2
f 3376/4/2 3373/4/2 3377/4/2
f 3374/6/2 3375/6/2 3378/6/2
f 3378/6/2 3375/6/2 3379/6/2
f 3376/6/2 3377/6/2 3380/6/2
f 3380/6/2 3377/6/2 3381/6/2
f 3382/6/2 3383/6/2 3386/6/2
f 3386/6/2 3383/6/2 3387/6/2
f 3384/6/2 3385/6/2 3388/6/2
f 3388/6/2 3385/6/2 3389/6/2
f 3386/5/2 3387/5/2 3390/5/2
f 3390/5/2 3387/5/2 3391/5/2
f 3388/5/2 3389/5/2 3392/5/2
f 3392/5/2 3389/5/2 3393/5/2
f 3390/6/2 3391/6/2 3396/6/2
f 3396/6/2 3391/6/2 3397/6/2
f 3392/6/2 3393/6/2 3398/6/2
f 3398/6/2 3393/6/2 3399/6/2
f 3394/6/2 3395/6/2 3402/6/2
f 3402/6/2 3395/6/2 3403/6/2
f 3400/6/2 3401/6/2 3404/6/2
f 3404/6/2 3401/6/2 3405/6/2
f 3406/6/2 3407/6/2 3412/6/2
f 3412/6/2 3407/6/2 3413/6/2
f 3408/6/2 3409/6/2 3414/6/2
f 3414/6/2 3409/6/2 3415/6/2
f 3410/6/2 3411/6/2 3418/6/2
f 3418/6/2 3411/6/2 3419/6/2
f 3416/6/2 3417/6/2 3420/6/2
f 3420/6/2 3417/6/2 3421/6/2
f 3422/6/2 3423/6/2 3426/6/2
f 3426/6/2 3423/6/2 3427/6/2
f 3424/6/2 3425/6/2 3428/6/2
f 3428/6/2 3425/6/2 3429/6/2
f 3426/5/2 3427/5/2 3430/5/2
f 3430/5/2 3427/5/2 3431/5/2
f 3428/5/2 3429/5/2 3432/5/2
f 3432/5/2 3429/5/2 3433/5/2
f 3430/6/2 3431/6/2 3436/6/2
f 3436/6/2 3431/6/2 3437/6/2
f 3432/6/2 3433/6/2 3438/6/2
f 3438/6/2 3433/6/2 3439/6/2
f 3434/6/2 3435/6/2 3444/6/2
f 3444/6/2 3435/6/2 3445/6/2
f 3440/6/2 3441/6/2 3446/6/2
f 3446/6/2 3441/6/2 3447/6/2
f 3442/6/2 3443/6/2 3450/6/2
f 3450/6/2 3443/6/2 3451/6/2
f 3448/6/2 3449/6/2 3452/6/2
f 3452/6/2 3449/6/2 3453/6/2
f 3454/4/2 3455/4/2 3458/4/2
f 3458/4/2 3455/4/2 3459/4/2
f 3458/6/2 3459/6/2 3460/6/2
f 3460/6/2 3459/6/2 3461/6/2
f 3456/4/2 3457/4/2 3462/4/2
f 3462/4/2 3457/4/2 3463/4/2
f 3464/6/2 3465/6/2 3470/6/2
f 3470/6/2 3465/6/2 3471/6/2
f 3466/6/2 3467/6/2 3472/6/2
f 3472/6/2 3467/6/2 3473/6/2
f 3468/6/2 3469/6/2 3476/6/2
f 3476/6/2 3469/6/2 3477/6/2
f 3474/6/2 3475/6/2 3478/6/2
f 3478/6/2 3475/6/2 3479/6/2
f 3480/6/2 3481/6/2 3484/6/2
f 3484/6/2 3481/6/2 3485/6/2
f 3482/6/2 3483/6/2 3486/6/2
f 3486/6/2 3483/6/2 3487/6/2
f 3484/5/2 3485/5/2 3488/5/2
f 3488/5/2 3485/5/2 3489/5/2
f 3486/5/2 3487/5/2 3490/5/2
f 3490/5/2 3487/5/2 3491/5/2
f 3488/6/2 3489/6/2 3494/6/2
f 3494/6/2 3489/6/2 3495/6/2
f 3490/6/2 3491/6/2 3496/6/2
f 3496/6/2 3491/6/2 3497/6/2
f 3492/6/2 3493/6/2 3500/6/2
f 3500/6/2 3493/6/2 3501/6/2
f 3498/6/2 3499/6/2 3502/6/2
f 3502/6/2 3499/6/2 3503/6/2
f 3504/6/2 3505/6/2 3508/6/2
f 3508/6/2 3505/6/2 3509/6/2
f 3506/6/2 3507/6/2 3510/6/2
f 3510/6/2 3507/6/2 3511/6/2
f 3512/4/2 3513/4/2 3516/4/2
f 3516/4/2 3513/4/2 3517/4/2
f 3514/4/2 3515/4/2 3518/4/2
f 3518/4/2 3515/4/2 3519/4/2
f 3516/6/2 3517/6/2 3520/6/2
f 3520/6/2 3517/6/2 3521/6/2
f 3518/6/2 3519/6/2 3522/6/2
f 3522/6/2 3519/6/2 3523/6/2
f 3524/6/2 3525/6/2 3528/6/2
f 3528/6/2 3525/6/2 3529/6/2
f 3526/6/2 3527/6/2 3530/6/2
f 3530/6/2 3527/6/2 3531/6/2
f 3528/5/2 3529/5/2 3532/5/2
f 3532/5/2 3529/5/2 3533/5/2
f 3530/5/2 3531/5/2 3534/5/2
f 3534/5/2 3531/5/2 3535/5/2
f 3532/6/2 3533/6/2 3538/6/2
f 3538/6/2 3533/6/2 3539/6/2
f 3534/6/2 3535/6/2 3540/6/2
f 3540/6/2 3535/6/2 3541/6/2
f 3536/6/2 3537/6/2 3546/6/2
f 3546/6/2 3537/6/2 3547/6/2
f 3542/6/2 3543/6/2 3548/6/2
f 3548/6/2 3543/6/2 3549/6/2
f 3544/6/2 3545/6/2 3554/6/2
f 3554/6/2 3545/6/2 3555/6/2
f 3550/6/2 3551/6/2 3556/6/2
f 3556/6/2 3551/6/2 3557/6/2
f 3552/6/2 3553/6/2 3560/6/2
f 3560/6/2 3553/6/2 3561/6/2
f 3558/6/2 3559/6/2 3562/6/2
f 3562/6/2 3559/6/2 3563/6/2
f 3564/4/2 3565/4/2 3568/4/2
f 3568/4/2 3565/4/2 3569/4/2
f 3566/4/2 3567/4/2 3570/4/2
f 3568/6/2 3569/6/2 3571/6/2
f 3571/6/2 3569/6/2 3572/6/2
f 3570/4/2 3567/4/2 3573/4/2
f 3573/4/2 3567/4/2 3574/4/2
f 3575/6/2 3576/6/2 3579/6/2
f 3579/6/2 3576/6/2 3580/6/2
f 3577/6/2 3578/6/2 3581/6/2
f 3581/6/2 3578/6/2 3582/6/2
f 3579/5/2 3580/5/2 3583/5/2
f 3583/5/2 3580/5/2 3584/5/2
f 3581/5/2 3582/5/2 3585/5/2
f 3585/5/2 3582/5/2 3586/5/2
f 3583/6/2 3584/6/2 3589/6/2
f 3589/6/2 3584/6/2 3590/6/2
f 3585/6/2 3586/6/2 3591/6/2
f 3591/6/2 3586/6/2 3592/6/2
f 3587/6/2 3588/6/2 3597/6/2
f 3597/6/2 3588/6/2 3598/6/2
f 3593/6/2 3594/6/2 3599/6/2
f 3599/6/2 3594/6/2 3600/6/2
f 3595/6/2 3596/6/2 3605/6/2
f 3605/6/2 3596/6/2 3606/6/2
f 3601/6/2 3602/6/2 3607/6/2
f 3607/6/2 3602/6/2 3608/6/2
f 3603/6/2 3604/6/2 3613/6/2
f 3613/6/2 3604/6/2 3614/6/2
f 3609/6/2 3610/6/2 3615/6/2
f 3615/6/2 3610/6/2 3616/6/2
f 3611/6/2 3612/6/2 3619/6/2
f 3619/6/2 3612/6/2 3620/6/2
f 3617/6/2 3618/6/2 3621/6/2
f 3621/6/2 3618/6/2 3622/6/2
f 3623/6/2 3624/6/2 3627/6/2
f 3627/6/2 3624/6/2 3628/6/2
f 3625/6/2 3626/6/2 3629/6/2
f 3629/6/2 3626/6/2 3630/6/2
f 3627/5/2 3628/5/2 3631/5/2
f 3631/5/2 3628/5/2 3632/5/2
f 3629/5/2 3630/5/2 3633/5/2
f 3633/5/2 3630/5/2 3634/5/2
f 3631/6/2 3632/6/2 3637/6/2
f 3637/6/2 3632/6/2 3638/6/2
f 3633/6/2 3634/6/2 3639/6/2
f 3639/6/2 3634/6/2 3640/6/2
f 3635/6/2 3636/6/2 3643/6/2
f 3643/6/2 3636/6/2 3644/6/2
f 3641/6/2 3642/6/2 3645/6/2
f 3645/6/2 3642/6/2 3646/6/2
f 3647/4/2 3648/4/2 3651/4/2
f 3649/4/2 3650/4/2 3652/4/2
f 3652/4/2 3650/4/2 3653/4/2
f 3647/4/2 3651/4/2 3654/4/2
f 3654/4/2 3651/4/2 3655/4/2
f 3652/6/2 3653/6/2 3656/6/2
f 3656/6/2 3653/6/2 3657/6/2
f 3658/4/2 3659/4/2 3662/4/2
f 3662/4/2 3659/4/2 3663/4/2
f 3660/4/2 3661/4/2 3664/4/2
f 3664/4/2 3661/4/2 3665/4/2
f 3662/6/2 3663/6/2 3666/6/2
f 3666/6/2 3663/6/2 3667/6/2
f 3664/6/2 3665/6/2 3668/6/2
f 3668/6/2 3665/6/2 3669/6/2
f 3670/6/2 3671/6/2 3674/6/2
f 3674/6/2 3671/6/2 3675/6/2
f 3672/6/2 3673/6/2 3676/6/2
f 3676/6/2 3673/6/2 3677/6/2
f 3674/5/2 3675/5/2 3678/5/2
f 3678/5/2 3675/5/2 3679/5/2
f 3676/5/2 3677/5/2 3680/5/2
f 3680/5/2 3677/5/2 3681/5/2
f 3678/6/2 3679/6/2 3684/6/2
f 3684/6/2 3679/6/2 3685/6/2
f 3680/6/2 3681/6/2 3686/6/2
f 3686/6/2 3681/6/2 3687/6/2
f 3682/6/2 3683/6/2 3692/6/2
f 3692/6/2 3683/6/2 3693/6/2
f 3688/6/2 3689/6/2 3694/6/2
f 3694/6/2 3689/6/2 3695/6/2
f 3690/6/2 3691/6/2 3700/6/2
f 3700/6/2 3691/6/2 3701/6/2
f 3696/6/2 3697/6/2 3702/6/2
f 3702/6/2 3697/6/2 3703/6/2
f 3698/6/2 3699/6/2 3708/6/2
f 3708/6/2 3699/6/2 3709/6/2
f 3704/6/2 3705/6/2 3710/6/2
f 3710/6/2 3705/6/2 3711/6/2
f 3706/6/2 3707/6/2 3714/6/2
f 3714/6/2 3707/6/2 3715/6/2
f 3712/6/2 3713/6/2 3716/6/2
f 3716/6/2 3713/6/2 3717/6/2
f 3718/6/2 3719/6/2 3722/6/2
f 3722/6/2 3719/6/2 3723/6/2
f 3720/6/2 3721/6/2 3724/6/2
f 3724/6/2 3721/6/2 3725/6/2
f 3722/5/2 3723/5/2 3726/5/2
f 3726/5/2 3723/5/2 3727/5/2
f 3724/5/2 3725/5/2 3728/5/2
f 3728/5/2 3725/5/2 3729/5/2
f 3726/6/2 3727/6/2 3732/6/2
f 3732/6/2 3727/6/2 3733/6/2
f 3728/6/2 3729/6/2 3734/6/2
f 3734/6/2 3729/6/2 3735/6/2
f 3730/6/2 3731/6/2 3740/6/2
f 3740/6/2 3731/6/2 3741/6/2
f 3736/6/2 3737/6/2 3742/6/2
f 3742/6/2 3737/6/2 3743/6/2
f 3738/6/2 3739/6/2 3748/6/2
f 3748/6/2 3739/6/2 3749/6/2
f 3744/6/2 3745/6/2 3750/6/2
f 3750/6/2 3745/6/2 3751/6/2
f 3746/6/2 3747/6/2 3754/6/2
f 3754/6/2 3747/6/2 3755/6/2
f 3752/6/2 3753/6/2 3756/6/2
f 3756/6/2 3753/6/2 3757/6/2
f 3758/4/2 3759/4/2 3762/4/2
f 3762/4/2 3759/4/2 3763/4/2
f 3760/4/2 3761/4/2 3764/4/2
f 3762/6/2 3763/6/2 3765/6/2
f 3765/6/2 3763/6/2 3766/6/2
f 3764/4/2 3761/4/2 3767/4/2
f 3767/4/2 3761/4/2 3768/4/2
f 3769/6/2 3770/6/2 3773/6/2
f 3773/6/2 3770/6/2 3774/6/2
f 3771/6/2 3772/6/2 3775/6/2
f 3775/6/2 3772/6/2 3776/6/2
f 3773/5/2 3774/5/2 3777/5/2
f 3777/5/2 3774/5/2 3778/5/2
f 3775/5/2 3776/5/2 3779/5/2
f 3779/5/2 3776/5/2 3780/5/2
f 3777/6/2 3778/6/2 3783/6/2
f 3783/6/2 3778/6/2 3784/6/2
f 3779/6/2 3780/6/2 3785/6/2
f 3785/6/2 3780/6/2 3786/6/2
f 3781/6/2 3782/6/2 3791/6/2
f 3791/6/2 3782/6/2 3792/6/2
f 3787/6/2 3788/6/2 3793/6/2
f 3793/6/2 3788/6/2 3794/6/2
f 3789/6/2 3790/6/2 3799/6/2
f 3799/6/2 3790/6/2 3800/6/2
f 3795/6/2 3796/6/2 3801/6/2
f 3801/6/2 3796/6/2 3802/6/2
f 3797/6/2 3798/6/2 3807/6/2
f 3807/6/2 3798/6/2 3808/6/2
f 3803/6/2 3804/6/2 3809/6/2
f 3809/6/2 3804/6/2 3810/6/2
f 3805/6/2 3806/6/2 3813/6/2
f 3813/6/2 3806/6/2 3814/6/2
f 3811/6/2 3812/6/2 3815/6/2
f 3815/6/2 3812/6/2 3816/6/2
f 3817/4/2 3818/4/2 3821/4/2
f 3821/4/2 3818/4/2 3822/4/2
f 3819/4/2 3820/4/2 3823/4/2
f 3823/4/2 3820/4/2 3824/4/2
f 3821/6/2 3822/6/2 3825/6/2
f 3825/6/2 3822/6/2 3826/6/2
f 3823/6/2 3824/6/2 3827/6/2
f 3827/6/2 3824/6/2 3828/6/2
f 3829/6/2 3830/6/2 3833/6/2
f 3833/6/2 3830/6/2 3834/6/2
f 3831/6/2 3832/6/2 3835/6/2
f 3835/6/2 3832/6/2 3836/6/2
f 3833/5/2 3834/5/2 3837/5/2
f 3837/5/2 3834/5/2 3838/5/2
f 3835/5/2 3836/5/2 3839/5/2
f 3839/5/2 3836/5/2 3840/5/2
f 3837/6/2 3838/6/2 3843/6/2
f 3843/6/2 3838/6/2 3844/6/2
f 3839/6/2 3840/6/2 3845/6/2
f 3845/6/2 3840/6/2 3846/6/2
f 3841/6/2 3842/6/2 3851/6/2
f 3851/6/2 3842/6/2 3852/6/2
f 3847/6/2 3848/6/2 3853/6/2
f 3853/6/2 3848/6/2 3854/6/2
f 3849/6/2 3850/6/2 3857/6/2
f 3857/6/2 3850/6/2 3858/6/2
f 3855/6/2 3856/6/2 3859/6/2
f 3859/6/2 3856/6/2 3860/6/2
f 3861/6/2 3862/6/2 3867/6/2
f 3867/6/2 3862/6/2 3868/6/2
f 3863/6/2 3864/6/2 3869/6/2
f 3869/6/2 3864/6/2 3870/6/2
f 3865/4/2 3866/4/2 3873/4/2
f 3873/4/2 3866/4/2 3874/4/2
f 3871/4/2 3872/4/2 3875/4/2
f 3875/4/2 3872/4/2 3876/4/2
f 3873/6/2 3874/6/2 3877/6/2
f 3877/6/2 3874/6/2 3878/6/2
f 3875/6/2 3876/6/2 3879/6/2
f 3879/6/2 3876/6/2 3880/6/2
f 3881/6/2 3882/6/2 3885/6/2
f 3885/6/2 3882/6/2 3886/6/2
f 3883/6/2 3884/6/2 3887/6/2
f 3887/6/2 3884/6/2 3888/6/2
f 3885/5/2 3886/5/2 3889/5/2
f 3889/5/2 3886/5/2 3890/5/2
f 3887/5/2 3888/5/2 3891/5/2
f 3891/5/2 3888/5/2 3892/5/2
f 3889/6/2 3890/6/2 3895/6/2
f 3895/6/2 3890/6/2 3896/6/2
f 3891/6/2 3892/6/2 3897/6/2
f 3897/6/2 3892/6/2 3898/6/2
f 3893/6/2 3894/6/2 3903/6/2
f 3903/6/2 3894/6/2 3904/6/2
f 3899/6/2 3900/6/2 3905/6/2
f 3905/6/2 3900/6/2 3906/6/2
f 3901/6/2 3902/6/2 3911/6/2
f 3911/6/2 3902/6/2 3912/6/2
f 3907/6/2 3908/6/2 3913/6/2
f 3913/6/2 3908/6/2 3914/6/2
f 3909/6/2 3910/6/2 3917/6/2
f 3917/6/2 3910/6/2 3918/6/2
f 3915/6/2 3916/6/2 3919/6/2
f 3919/6/2 3916/6/2 3920/6/2
f 3921/6/2 3922/6/2 3925/6/2
f 3925/6/2 3922/6/2 3926/6/2
f 3923/6/2 3924/6/2 3927/6/2
f 3927/6/2 3924/6/2 3928/6/2
f 3925/5/2 3926/5/2 3929/5/2
f 3929/5/2 3926/5/2 3930/5/2
f 3927/5/2 3928/5/2 3931/5/2
f 3931/5/2 3928/5/2 3932/5/2
f 3929/6/2 3930/6/2 3935/6/2
f 3935/6/2 3930/6/2 3936/6/2
f 3931/6/2 3932/6/2 3937/6/2
f 3937/6/2 3932/6/2 3938/6/2
f 3933/6/2 3934/6/2 3943/6/2
f 3943/6/2 3934/6/2 3944/6/2
f 3939/6/2 3940/6/2 3945/6/2
f 3945/6/2 3940/6/2 3946/6/2
f 3941/6/2 3942/6/2 3951/6/2
f 3951/6/2 3942/6/2 3952/6/2
f 3947/6/2 3948/6/2 3953/6/2
f 3953/6/2 3948/6/2 3954/6/2
f 3949/6/2 3950/6/2 3959/6/2
f 3959/6/2 3950/6/2 3960/6/2
f 3955/6/2 3956/6/2 3961/6/2
f 3961/6/2 3956/6/2 3962/6/2
f 3957/6/2 3958/6/2 3967/6/2
f 3967/6/2 3958/6/2 3968/6/2
f 3963/6/2 3964/6/2 3969/6/2
f 3969/6/2 3964/6/2 3970/6/2
f 3965/4/2 3966/4/2 3973/4/2
f 3973/4/2 3966/4/2 3974/4/2
f 3971/4/2 3972/4/2 3975/4/2
f 3975/4/2 3972/4/2 3976/4/2
f 3977/4/2 3978/4/2 3981/4/2
f 3981/4/2 3978/4/2 3982/4/2
f 3979/4/2 3980/4/2 3983/4/2
f 3983/4/2 3980/4/2 3984/4/2
f 3981/6/2 3982/6/2 3985/6/2
f 3985/6/2 3982/6/2 3986/6/2
f 3983/6/2 3984/6/2 3987/6/2
f 3987/6/2 3984/6/2 3988/6/2
f 3989/6/2 3990/6/2 3993/6/2
f 3993/6/2 3990/6/2 3994/6/2
f 3991/6/2 3992/6/2 3995/6/2
f 3995/6/2 3992/6/2 3996/6/2
f 3993/5/2 3994/5/2 3997/5/2
f 3997/5/2 3994/5/2 3998/5/2
f 3995/5/2 3996/5/2 3999/5/2
f 3999/5/2 3996/5/2 4000/5/2
f 3997/6/2 3998/6/2 4003/6/2
f 4003/6/2 3998/6/2 4004/6/2
f 3999/6/2 4000/6/2 4005/6/2
f 4005/6/2 4000/6/2 4006/6/2
f 4001/6/2 4002/6/2 4011/6/2
f 4011/6/2 4002/6/2 4012/6/2
f 4007/6/2 4008/6/2 4013/6/2
f 4013/6/2 4008/6/2 4014/6/2
f 4009/6/2 4010/6/2 4019/6/2
f 4019/6/2 4010/6/2 4020/6/2
f 4015/6/2 4016/6/2 4021/6/2
f 4021/6/2 4016/6/2 4022/6/2
f 4017/6/2 4018/6/2 4027/6/2
f 4027/6/2 4018/6/2 4028/6/2
f 4023/6/2 4024/6/2 4029/6/2
f 4029/6/2 4024/6/2 4030/6/2
f 4025/6/2 4026/6/2 4033/6/2
f 4033/6/2 4026/6/2 4034/6/2
f 4031/6/2 4032/6/2 4035/6/2
f 4035/6/2 4032/6/2 4036/6/2
f 4037/6/2 4038/6/2 4041/6/2
f 4041/6/2 4038/6/2 4042/6/2
f 4039/6/2 4040/6/2 4043/6/2
f 4043/6/2 4040/6/2 4044/6/2
f 4041/5/2 4042/5/2 4045/5/2
f 4045/5/2 4042/5/2 4046/5/2
f 4043/5/2 4044/5/2 4047/5/2
f 4047/5/2 4044/5/2 4048/5/2
f 4045/6/2 4046/6/2 4051/6/2
f 4051/6/2 4046/6/2 4052/6/2
f 4047/6/2 4048/6/2 4053/6/2
f 4053/6/2 4048/6/2 4054/6/2
f 4049/6/2 4050/6/2 4059/6/2
f 4059/6/2 4050/6/2 4060/6/2
f 4055/6/2 4056/6/2 4061/6/2
f 4061/6/2 4056/6/2 4062/6/2
f 4057/6/2 4058/6/2 4067/6/2
f 4067/6/2 4058/6/2 4068/6/2
f 4063/6/2 4064/6/2 4069/6/2
f 4069/6/2 4064/6/2 4070/6/2
f 4065/6/2 4066/6/2 4073/6/2
f 4073/6/2 4066/6/2 4074/6/2
f 4071/6/2 4072/6/2 4075/6/2
f 4075/6/2 4072/6/2 4076/6/2
f 4077/4/2 4078/4/2 4081/4/2
f 4077/4/2 4081/4/2 4082/4/2
f 4082/4/2 4081/4/2 4083/4/2
f 4079/4/2 4080/4/2 4084/4/2
f 4084/4/2 4080/4/2 4085/4/2
f 4086/6/2 4087/6/2 4090/6/2
f 4090/6/2 4087/6/2 4091/6/2
f 4088/6/2 4089/6/2 4092/6/2
f 4092/6/2 4089/6/2 4093/6/2
f 4090/5/2 4091/5/2 4094/5/2
f 4094/5/2 4091/5/2 4095/5/2
f 4092/5/2 4093/5/2 4096/5/2
f 4096/5/2 4093/5/2 4097/5/2
f 4094/6/2 4095/6/2 4100/6/2
f 4100/6/2 4095/6/2 4101/6/2
f 4096/6/2 4097/6/2 4102/6/2
f 4102/6/2 4097/6/2 4103/6/2
f 4098/6/2 4099/6/2 4108/6/2
f 4108/6/2 4099/6/2 4109/6/2
f 4104/6/2 4105/6/2 4110/6/2
f 4110/6/2 4105/6/2 4111/6/2
f 4106/6/2 4107/6/2 4116/6/2
f 4116/6/2 4107/6/2 4117/6/2
f 4112/6/2 4113/6/2 4118/6/2
f 4118/6/2 4113/6/2 4119/6/2
f 4114/6/2 4115/6/2 4124/6/2
f 4124/6/2 4115/6/2 4125/6/2
f 4120/6/2 4121/6/2 4126/6/2
f 4126/6/2 4121/6/2 4127/6/2
f 4122/6/2 4123/6/2 4132/6/2
f 4132/6/2 4123/6/2 4133/6/2
f 4128/6/2 4129/6/2 4134/6/2
f 4134/6/2 4129/6/2 4135/6/2
f 4130/4/2 4131/4/2 4138/4/2
f 4138/4/2 4131/4/2 4139/4/2
f 4136/4/2 4137/4/2 4140/4/2
f 4138/6/2 4139/6/2 4141/6/2
f 4141/6/2 4139/6/2 4142/6/2
f 4140/4/2 4137/4/2 4143/4/2
f 4143/4/2 4137/4/2 4144/4/2
f 4145/4/2 4146/4/2 4149/4/2
f 4149/4/2 4146/4/2 4150/4/2
f 4147/4/2 4148/4/2 4151/4/2
f 4151/4/2 4148/4/2 4152/4/2
f 4149/6/2 4150/6/2 4153/6/2
f 4153/6/2 4150/6/2 4154/6/2
f 4151/6/2 4152/6/2 4155/6/2
f 4155/6/2 4152/6/2 4156/6/2
f 4157/6/2 4158/6/2 4161/6/2
f 4161/6/2 4158/6/2 4162/6/2
f 4159/6/2 4160/6/2 4163/6/2
f 4163/6/2 4160/6/2 4164/6/2
f 4161/5/2 4162/5/2 4165/5/2
f 4165/5/2 4162/5/2 4166/5/2
f 4163/5/2 4164/5/2 4167/5/2
f 4167/5/2 4164/5/2 4168/5/2
f 4165/6/2 4166/6/2 4171/6/2
f 4171/6/2 4166/6/2 4172/6/2
f 4167/6/2 4168/6/2 4173/6/2
f 4173/6/2 4168/6/2 4174/6/2
f 4169/6/2 4170/6/2 4179/6/2
f 4179/6/2 4170/6/2 4180/6/2
f 4175/6/2 4176/6/2 4181/6/2
f 4181/6/2 4176/6/2 4182/6/2
f 4177/6/2 4178/6/2 4187/6/2
f 4187/6/2 4178/6/2 4188/6/2
f 4183/6/2 4184/6/2 4189/6/2
f 4189/6/2 4184/6/2 4190/6/2
f 4185/6/2 4186/6/2 4195/6/2
f 4195/6/2 4186/6/2 4196/6/2
f 4191/6/2 4192/6/2 4197/6/2
f 4197/6/2 4192/6/2 4198/6/2
f 4193/6/2 4194/6/2 4201/6/2
f 4201/6/2 4194/6/2 4202/6/2
f 4199/6/2 4200/6/2 4203/6/2
f 4203/6/2 4200/6/2 4204/6/2
f 4205/6/2 4206/6/2 4207/6/2
f 4207/6/2 4206/6/2 4208/6/2
f 4208/6/2 4206/6/2 4209/6/2
f 4209/6/2 4206/6/2 4210/6/2
f 4208/6/2 4209/6/2 4211/6/2
f 4209/1/2 4210/1/2 4211/1/2
f 4210/6/2 4206/6/2 4212/6/2
f 4211/1/2 4210/1/2 4212/1/2
f 4205/6/2 4207/6/2 4213/6/2
f 4207/8/2 4208/8/2 4213/8/2
f 4211/6/2 4212/6/2 4214/6/2
f 4213/8/2 4208/8/2 4214/8/2
f 4208/6/2 4211/6/2 4214/6/2
f 4214/6/2 4212/6/2 4215/6/2
f 4215/6/2 4212/6/2 4216/6/2
f 4205/6/2 4213/6/2 4217/6/2
f 4213/6/2 4214/6/2 4217/6/2
f 4214/6/2 4215/6/2 4217/6/2
f 4217/6/2 4215/6/2 4218/6/2
f 4215/2/2 4216/2/2 4219/2/2
f 4218/6/2 4215/6/2 4219/6/2
f 4216/6/2 4212/6/2 4220/6/2
f 4219/2/2 4216/2/2 4220/2/2
f 4217/1/2 4218/1/2 4221/1/2
f 4205/6/2 4217/6/2 4221/6/2
f 4218/6/2 4219/6/2 4222/6/2
f 4221/1/2 4218/1/2 4222/1/2
f 4219/6/2 4220/6/2 4222/6/2
f 4205/6/2 4221/6/2 4223/6/2
f 4221/6/2 4222/6/2 4223/6/2
f 4212/6/2 4206/6/2 4224/6/2
f 4223/6/2 4222/6/2 4224/6/2
f 4222/6/2 4220/6/2 4224/6/2
f 4220/6/2 4212/6/2 4224/6/2
f 4223/5/2 4224/5/2 4225/5/2
f 4225/5/2 4224/5/2 4226/5/2
f 4225/6/2 4226/6/2 4229/6/2
f 4229/6/2 4226/6/2 4230/6/2
f 4230/6/2 4226/6/2 4231/6/2
f 4231/6/2 4226/6/2 4232/6/2
f 4227/6/2 4228/6/2 4237/6/2
f 4237/6/2 4228/6/2 4238/6/2
f 4233/6/2 4234/6/2 4239/6/2
f 4239/6/2 4234/6/2 4240/6/2
f 4235/6/2 4236/6/2 4245/6/2
f 4245/6/2 4236/6/2 4246/6/2
f 4241/6/2 4242/6/2 4247/6/2
f 4247/6/2 4242/6/2 4248/6/2
f 4243/6/2 4244/6/2 4253/6/2
f 4253/6/2 4244/6/2 4254/6/2
f 4249/6/2 4250/6/2 4255/6/2
f 4255/6/2 4250/6/2 4256/6/2
f 4251/6/2 4252/6/2 4261/6/2
f 4261/6/2 4252/6/2 4262/6/2
f 4257/6/2 4258/6/2 4263/6/2
f 4263/6/2 4258/6/2 4264/6/2
f 4259/4/2 4260/4/2 4267/4/2
f 4267/4/2 4260/4/2 4268/4/2
f 4265/4/2 4266/4/2 4269/4/2
f 4269/4/2 4266/4/2 4270/4/2
f 4267/6/2 4268/6/2 4271/6/2
f 4271/6/2 4268/6/2 4272/6/2
f 4269/6/2 4270/6/2 4273/6/2
f 4273/6/2 4270/6/2 4274/6/2
f 4275/4/2 4276/4/2 4279/4/2
f 4279/4/2 4276/4/2 4280/4/2
f 4277/4/2 4278/4/2 4281/4/2
f 4281/4/2 4278/4/2 4282/4/2
f 4279/6/2 4280/6/2 4283/6/2
f 4283/6/2 4280/6/2 4284/6/2
f 4281/6/2 4282/6/2 4285/6/2
f 4285/6/2 4282/6/2 4286/6/2
f 4287/6/2 4288/6/2 4293/6/2
f 4293/6/2 4288/6/2 4294/6/2
f 4289/6/2 4290/6/2 4295/6/2
f 4295/6/2 4290/6/2 4296/6/2
f 4291/6/2 4292/6/2 4301/6/2
f 4301/6/2 4292/6/2 4302/6/2
f 4297/6/2 4298/6/2 4303/6/2
f 4303/6/2 4298/6/2 4304/6/2
f 4299/6/2 4300/6/2 4309/6/2
f 4309/6/2 4300/6/2 4310/6/2
f 4305/6/2 4306/6/2 4311/6/2
f 4311/6/2 4306/6/2 4312/6/2
f 4307/6/2 4308/6/2 4317/6/2
f 4317/6/2 4308/6/2 4318/6/2
f 4313/6/2 4314/6/2 4319/6/2
f 4319/6/2 4314/6/2 4320/6/2
f 4315/4/2 4316/4/2 4323/4/2
f 4323/4/2 4316/4/2 4324/4/2
f 4321/4/2 4322/4/2 4325/4/2
f 4325/4/2 4322/4/2 4326/4/2
f 4323/6/2 4324/6/2 4327/6/2
f 4327/6/2 4324/6/2 4328/6/2
f 4325/6/2 4326/6/2 4329/6/2
f 4329/6/2 4326/6/2 4330/6/2
f 4331/6/2 4332/6/2 4337/6/2
f 4337/6/2 4332/6/2 4338/6/2
f 4333/6/2 4334/6/2 4339/6/2
f 4339/6/2 4334/6/2 4340/6/2
f 4335/6/2 4336/6/2 4345/6/2
f 4345/6/2 4336/6/2 4346/6/2
f 4341/6/2 4342/6/2 4347/6/2
f 4347/6/2 4342/6/2 4348/6/2
f 4343/6/2 4344/6/2 4351/6/2
f 4351/6/2 4344/6/2 4352/6/2
f 4349/6/2 4350/6/2 4353/6/2
f 4353/6/2 4350/6/2 4354/6/2
f 4355/4/2 4356/4/2 4359/4/2
f 4359/4/2 4356/4/2 4360/4/2
f 4357/4/2 4358/4/2 4361/4/2
f 4361/4/2 4358/4/2 4362/4/2
f 4359/6/2 4360/6/2 4363/6/2
f 4363/6/2 4360/6/2 4364/6/2
f 4361/6/2 4362/6/2 4365/6/2
f 4365/6/2 4362/6/2 4366/6/2
f 4367/6/2 4368/6/2 4373/6/2
f 4373/6/2 4368/6/2 4374/6/2
f 4369/6/2 4370/6/2 4375/6/2
f 4375/6/2 4370/6/2 4376/6/2
f 4371/6/2 4372/6/2 4381/6/2
f 4381/6/2 4372/6/2 4382/6/2
f 4377/6/2 4378/6/2 4383/6/2
f 4383/6/2 4378/6/2 4384/6/2
f 4379/6/2 4380/6/2 4389/6/2
f 4389/6/2 4380/6/2 4390/6/2
f 4385/6/2 4386/6/2 4391/6/2
f 4391/6/2 4386/6/2 4392/6/2
f 4387/6/2 4388/6/2 4397/6/2
f 4397/6/2 4388/6/2 4398/6/2
f 4393/6/2 4394/6/2 4399/6/2
f 4399/6/2 4394/6/2 4400/6/2
f 4395/4/2 4396/4/2 4403/4/2
f 4403/4/2 4396/4/2 4404/4/2
f 4401/4/2 4402/4/2 4405/4/2
f 4405/4/2 4402/4/2 4406/4/2
f 4403/6/2 4404/6/2 4407/6/2
f 4407/6/2 4404/6/2 4408/6/2
f 4405/6/2 4406/6/2 4409/6/2
f 4409/6/2 4406/6/2 4410/6/2
f 4411/6/2 4412/6/2 4417/6/2
f 4412/3/2 4413/3/2 4418/3/2
f 4417/6/2 4412/6/2 4418/6/2
f 4413/6/2 4414/6/2 4419/6/2
f 4418/3/2 4413/3/2 4419/3/2
f 4419/6/2 4414/6/2 4420/6/2
f 4415/6/2 4416/6/2 4425/6/2
f 4425/6/2 4416/6/2 4426/6/2
f 4421/6/2 4422/6/2 4427/6/2
f 4427/6/2 4422/6/2 4428/6/2
f 4423/6/2 4424/6/2 4433/6/2
f 4433/6/2 4424/6/2 4434/6/2
f 4429/6/2 4430/6/2 4435/6/2
f 4435/6/2 4430/6/2 4436/6/2
f 4431/6/2 4432/6/2 4441/6/2
f 4441/6/2 4432/6/2 4442/6/2
f 4437/6/2 4438/6/2 4443/6/2
f 4443/6/2 4438/6/2 4444/6/2
f 4439/4/2 4440/4/2 4447/4/2
f 4445/4/2 4446/4/2 4448/4/2
f 4448/4/2 4446/4/2 4449/4/2
f 4439/4/2 4447/4/2 4450/4/2
f 4450/4/2 4447/4/2 4451/4/2
f 4448/6/2 4449/6/2 4452/6/2
f 4452/6/2 4449/6/2 4453/6/2
f 4454/4/2 4455/4/2 4458/4/2
f 4458/4/2 4455/4/2 4459/4/2
f 4456/4/2 4457/4/2 4460/4/2
f 4460/4/2 4457/4/2 4461/4/2
f 4458/6/2 4459/6/2 4462/6/2
f 4462/6/2 4459/6/2 4463/6/2
f 4460/6/2 4461/6/2 4464/6/2
f 4464/6/2 4461/6/2 4465/6/2
f 4466/6/2 4467/6/2 4472/6/2
f 4472/6/2 4467/6/2 4473/6/2
f 4468/6/2 4469/6/2 4474/6/2
f 4474/6/2 4469/6/2 4475/6/2
f 4470/6/2 4471/6/2 4480/6/2
f 4480/6/2 4471/6/2 4481/6/2
f 4476/6/2 4477/6/2 4482/6/2
f 4482/6/2 4477/6/2 4483/6/2
f 4478/6/2 4479/6/2 4488/6/2
f 4488/6/2 4479/6/2 4489/6/2
f 4484/6/2 4485/6/2 4490/6/2
f 4490/6/2 4485/6/2 4491/6/2
f 4486/4/2 4487/4/2 4494/4/2
f 4494/4/2 4487/4/2 4495/4/2
f 4494/6/2 4495/6/2 4496/6/2
f 4496/6/2 4495/6/2 4497/6/2
f 4492/4/2 4493/4/2 4498/4/2
f 4498/4/2 4493/4/2 4499/4/2
f 4500/6/2 4501/6/2 4506/6/2
f 4506/6/2 4501/6/2 4507/6/2
f 4502/6/2 4503/6/2 4508/6/2
f 4508/6/2 4503/6/2 4509/6/2
f 4504/6/2 4505/6/2 4514/6/2
f 4514/6/2 4505/6/2 4515/6/2
f 4510/6/2 4511/6/2 4516/6/2
f 4516/6/2 4511/6/2 4517/6/2
f 4512/6/2 4513/6/2 4522/6/2
f 4522/6/2 4513/6/2 4523/6/2
f 4518/6/2 4519/6/2 4524/6/2
f 4524/6/2 4519/6/2 4525/6/2
f 4520/4/2 4521/4/2 4528/4/2
f 4528/4/2 4521/4/2 4529/4/2
f 4528/6/2 4529/6/2 4530/6/2
f 4530/6/2 4529/6/2 4531/6/2
f 4526/4/2 4527/4/2 4532/4/2
f 4532/4/2 4527/4/2 4533/4/2
f 4534/4/2 4535/4/2 4538/4/2
f 4538/4/2 4535/4/2 4539/4/2
f 4536/4/2 4537/4/2 4540/4/2
f 4540/4/2 4537/4/2 4541/4/2
f 4538/6/2 4539/6/2 4542/6/2
f 4542/6/2 4539/6/2 4543/6/2
f 4540/6/2 4541/6/2 4544/6/2
f 4544/6/2 4541/6/2 4545/6/2
f 4546/6/2 4547/6/2 4552/6/2
f 4552/6/2 4547/6/2 4553/6/2
f 4548/6/2 4549/6/2 4554/6/2
f 4554/6/2 4549/6/2 4555/6/2
f 4550/6/2 4551/6/2 4560/6/2
f 4560/6/2 4551/6/2 4561/6/2
f 4556/6/2 4557/6/2 4562/6/2
f 4562/6/2 4557/6/2 4563/6/2
f 4558/6/2 4559/6/2 4568/6/2
f 4568/6/2 4559/6/2 4569/6/2
f 4564/6/2 4565/6/2 4570/6/2
f 4570/6/2 4565/6/2 4571/6/2
f 4566/4/2 4567/4/2 4574/4/2
f 4574/4/2 4567/4/2 4575/4/2
f 4572/4/2 4573/4/2 4576/4/2
f 4574/6/2 4575/6/2 4577/6/2
f 4577/6/2 4575/6/2 4578/6/2
f 4576/4/2 4573/4/2 4579/4/2
f 4579/4/2 4573/4/2 4580/4/2
f 4581/6/2 4582/6/2 4587/6/2
f 4582/3/2 4583/3/2 4588/3/2
f 4587/6/2 4582/6/2 4588/6/2
f 4583/6/2 4584/6/2 4589/6/2
f 4588/3/2 4583/3/2 4589/3/2
f 4589/6/2 4584/6/2 4590/6/2
f 4585/6/2 4586/6/2 4595/6/2
f 4595/6/2 4586/6/2 4596/6/2
f 4591/6/2 4592/6/2 4597/6/2
f 4597/6/2 4592/6/2 4598/6/2
f 4593/6/2 4594/6/2 4601/6/2
f 4601/6/2 4594/6/2 4602/6/2
f 4599/6/2 4600/6/2 4603/6/2
f 4603/6/2 4600/6/2 4604/6/2
f 4605/4/2 4606/4/2 4609/4/2
f 4609/4/2 4606/4/2 4610/4/2
f 4607/4/2 4608/4/2 4611/4/2
f 4611/4/2 4608/4/2 4612/4/2
f 4609/6/2 4610/6/2 4613/6/2
f 4613/6/2 4610/6/2 4614/6/2
f 4611/6/2 4612/6/2 4615/6/2
f 4615/6/2 4612/6/2 4616/6/2
f 4617/6/2 4618/6/2 4623/6/2
f 4623/6/2 4618/6/2 4624/6/2
f 4619/6/2 4620/6/2 4625/6/2
f 4625/6/2 4620/6/2 4626/6/2
f 4621/6/2 4622/6/2 4631/6/2
f 4631/6/2 4622/6/2 4632/6/2
f 4627/6/2 4628/6/2 4633/6/2
f 4633/6/2 4628/6/2 4634/6/2
f 4629/4/2 4630/4/2 4637/4/2
f 4635/4/2 4636/4/2 4638/4/2
f 4638/4/2 4636/4/2 4639/4/2
f 4629/4/2 4637/4/2 4640/4/2
f 4640/4/2 4637/4/2 4641/4/2
f 4638/6/2 4639/6/2 4642/6/2
f 4642/6/2 4639/6/2 4643/6/2
f 4644/6/2 4645/6/2 4650/6/2
f 4650/6/2 4645/6/2 4651/6/2
f 4646/6/2 4647/6/2 4652/6/2
f 4652/6/2 4647/6/2 4653/6/2
f 4648/6/2 4649/6/2 4658/6/2
f 4658/6/2 4649/6/2 4659/6/2
f 4654/6/2 4655/6/2 4660/6/2
f 4660/6/2 4655/6/2 4661/6/2
f 4656/4/2 4657/4/2 4664/4/2
f 4664/4/2 4657/4/2 4665/4/2
f 4664/6/2 4665/6/2 4666/6/2
f 4666/6/2 4665/6/2 4667/6/2
f 4662/4/2 4663/4/2 4668/4/2
f 4668/4/2 4663/4/2 4669/4/2
f 4670/4/2 4671/4/2 4674/4/2
f 4674/4/2 4671/4/2 4675/4/2
f 4672/4/2 4673/4/2 4676/4/2
f 4676/4/2 4673/4/2 4677/4/2
f 4674/6/2 4675/6/2 4678/6/2
f 4678/6/2 4675/6/2 4679/6/2
f 4676/6/2 4677/6/2 4680/6/2
f 4680/6/2 4677/6/2 4681/6/2
f 4682/6/2 4683/6/2 4688/6/2
f 4688/6/2 4683/6/2 4689/6/2
f 4684/6/2 4685/6/2 4690/6/2
f 4690/6/2 4685/6/2 4691/6/2
f 4686/6/2 4687/6/2 4696/6/2
f 4696/6/2 4687/6/2 4697/6/2
f 4692/6/2 4693/6/2 4698/6/2
f 4698/6/2 4693/6/2 4699/6/2
f 4694/4/2 4695/4/2 4702/4/2
f 4702/4/2 4695/4/2 4703/4/2
f 4700/4/2 4701/4/2 4704/4/2
f 4702/6/2 4703/6/2 4705/6/2
f 4705/6/2 4703/6/2 4706/6/2
f 4704/4/2 4701/4/2 4707/4/2
f 4707/4/2 4701/4/2 4708/4/2
f 4709/6/2 4710/6/2 4715/6/2
f 4710/3/2 4711/3/2 4716/3/2
f 4715/6/2 4710/6/2 4716/6/2
f 4711/6/2 4712/6/2 4717/6/2
f 4716/3/2 4711/3/2 4717/3/2
f 4717/6/2 4712/6/2 4718/6/2
f 4713/6/2 4714/6/2 4723/6/2
f 4723/6/2 4714/6/2 4724/6/2
f 4719/6/2 4720/6/2 4725/6/2
f 4725/6/2 4720/6/2 4726/6/2
f 4721/4/2 4722/4/2 4729/4/2
f 4729/4/2 4722/4/2 4730/4/2
f 4727/4/2 4728/4/2 4731/4/2
f 4731/4/2 4728/4/2 4732/4/2
f 4729/6/2 4730/6/2 4733/6/2
f 4733/6/2 4730/6/2 4734/6/2
f 4731/6/2 4732/6/2 4735/6/2
f 4735/6/2 4732/6/2 4736/6/2
f 4737/4/2 4738/4/2 4741/4/2
f 4741/4/2 4738/4/2 4742/4/2
f 4739/4/2 4740/4/2 4743/4/2
f 4743/4/2 4740/4/2 4744/4/2
f 4741/6/2 4742/6/2 4745/6/2
f 4745/6/2 4742/6/2 4746/6/2
f 4743/6/2 4744/6/2 4747/6/2
f 4747/6/2 4744/6/2 4748/6/2
f 4749/6/2 4750/6/2 4755/6/2
f 4755/6/2 4750/6/2 4756/6/2
f 4751/6/2 4752/6/2 4757/6/2
f 4757/6/2 4752/6/2 4758/6/2
f 4753/4/2 4754/4/2 4761/4/2
f 4761/4/2 4754/4/2 4762/4/2
f 4759/4/2 4760/4/2 4763/4/2
f 4761/6/2 4762/6/2 4764/6/2
f 4764/6/2 4762/6/2 4765/6/2
f 4763/4/2 4760/4/2 4766/4/2
f 4766/4/2 4760/4/2 4767/4/2
f 4768/4/2 4769/4/2 4772/4/2
f 4772/4/2 4769/4/2 4773/4/2
f 4770/4/2 4771/4/2 4774/4/2
f 4774/4/2 4771/4/2 4775/4/2
f 4772/6/2 4773/6/2 4776/6/2
f 4776/6/2 4773/6/2 4777/6/2
f 4774/6/2 4775/6/2 4778/6/2
f 4778/6/2 4775/6/2 4779/6/2
f 4780/6/2 4781/6/2 4786/6/2
f 4786/6/2 4781/6/2 4787/6/2
f 4782/6/2 4783/6/2 4788/6/2
f 4788/6/2 4783/6/2 4789/6/2
f 4784/4/2 4785/4/2 4792/4/2
f 4790/4/2 4791/4/2 4793/4/2
f 4793/4/2 4791/4/2 4794/4/2
f 4784/4/2 4792/4/2 4795/4/2
f 4795/4/2 4792/4/2 4796/4/2
f 4793/6/2 4794/6/2 4797/6/2
f 4797/6/2 4794/6/2 4798/6/2
f 4799/6/2 4800/6/2 4805/6/2
f 4805/6/2 4800/6/2 4806/6/2
f 4801/6/2 4802/6/2 4807/6/2
f 4807/6/2 4802/6/2 4808/6/2
f 4803/4/2 4804/4/2 4811/4/2
f 4811/4/2 4804/4/2 4812/4/2
f 4809/4/2 4810/4/2 4813/4/2
f 4811/6/2 4812/6/2 4814/6/2
f 4814/6/2 4812/6/2 4815/6/2
f 4813/4/2 4810/4/2 4816/4/2
f 4816/4/2 4810/4/2 4817/4/2
f 4818/4/2 4819/4/2 4822/4/2
f 4822/4/2 4819/4/2 4823/4/2
f 4820/4/2 4821/4/2 4824/4/2
f 4824/4/2 4821/4/2 4825/4/2
f 4822/6/2 4823/6/2 4826/6/2
f 4826/6/2 4823/6/2 4827/6/2
f 4824/6/2 4825/6/2 4828/6/2
f 4828/6/2 4825/6/2 4829/6/2
f 4830/6/2 4831/6/2 4836/6/2
f 4836/6/2 4831/6/2 4837/6/2
f 4832/6/2 4833/6/2 4838/6/2
f 4838/6/2 4833/6/2 4839/6/2
f 4834/4/2 4835/4/2 4842/4/2
f 4840/4/2 4841/4/2 4843/4/2
f 4843/4/2 4841/4/2 4844/4/2
f 4834/4/2 4842/4/2 4845/4/2
f 4845/4/2 4842/4/2 4846/4/2
f 4843/6/2 4844/6/2 4847/6/2
f 4847/6/2 4844/6/2 4848/6/2
f 4849/4/2 4850/4/2 4853/4/2
f 4853/4/2 4850/4/2 4854/4/2
f 4851/4/2 4852/4/2 4855/4/2
f 4855/4/2 4852/4/2 4856/4/2
f 4853/6/2 4854/6/2 4857/6/2
f 4857/6/2 4854/6/2 4858/6/2
f 4855/6/2 4856/6/2 4859/6/2
f 4859/6/2 4856/6/2 4860/6/2
f 4861/6/2 4862/6/2 4867/6/2
f 4867/6/2 4862/6/2 4868/6/2
f 4863/6/2 4864/6/2 4869/6/2
f 4869/6/2 4864/6/2 4870/6/2
f 4865/4/2 4866/4/2 4873/4/2
f 4873/4/2 4866/4/2 4874/4/2
f 4871/4/2 4872/4/2 4875/4/2
f 4875/4/2 4872/4/2 4876/4/2
f 4873/6/2 4874/6/2 4877/6/2
f 4877/6/2 4874/6/2 4878/6/2
f 4875/6/2 4876/6/2 4879/6/2
f 4879/6/2 4876/6/2 4880/6/2
f 4881/6/2 4882/6/2 4887/6/2
f 4887/6/2 4882/6/2 4888/6/2
f 4883/6/2 4884/6/2 4889/6/2
f 4889/6/2 4884/6/2 4890/6/2
f 4891/4/2 4892/4/2 4893/4/2
f 4893/4/2 4892/4/2 4894/4/2
f 4885/4/2 4886/4/2 4895/4/2
f 4895/4/2 4886/4/2 4896/4/2
f 4893/6/2 4894/6/2 4897/6/2
f 4897/6/2 4894/6/2 4898/6/2
f 4899/4/2 4900/4/2 4903/4/2
f 4903/4/2 4900/4/2 4904/4/2
f 4901/4/2 4902/4/2 4905/4/2
f 4905/4/2 4902/4/2 4906/4/2
f 4903/6/2 4904/6/2 4907/6/2
f 4907/6/2 4904/6/2 4908/6/2
f 4905/6/2 4906/6/2 4909/6/2
f 4909/6/2 4906/6/2 4910/6/2
f 4911/6/2 4912/6/2 4917/6/2
f 4917/6/2 4912/6/2 4918/6/2
f 4913/6/2 4914/6/2 4919/6/2
f 4919/6/2 4914/6/2 4920/6/2
f 4915/4/2 4916/4/2 4923/4/2
f 4915/4/2 4923/4/2 4924/4/2
f 4924/4/2 4923/4/2 4925/4/2
f 4921/4/2 4922/4/2 4926/4/2
f 4926/4/2 4922/4/2 4927/4/2
f 4928/4/2 4929/4/2 4932/4/2
f 4932/4/2 4929/4/2 4933/4/2
f 4930/4/2 4931/4/2 4934/4/2
f 4934/4/2 4931/4/2 4935/4/2
f 4932/6/2 4933/6/2 4936/6/2
f 4936/6/2 4933/6/2 4937/6/2
f 4934/6/2 4935/6/2 4938/6/2
f 4938/6/2 4935/6/2 4939/6/2
f 4940/6/2 4941/6/2 4946/6/2
f 4946/6/2 4941/6/2 4947/6/2
f 4942/6/2 4943/6/2 4948/6/2
f 4948/6/2 4943/6/2 4949/6/2
f 4944/4/2 4945/4/2 4952/4/2
f 4952/4/2 4945/4/2 4953/4/2
f 4952/6/2 4953/6/2 4954/6/2
f 4954/6/2 4953/6/2 4955/6/2
f 4950/4/2 4951/4/2 4956/4/2
f 4956/4/2 4951/4/2 4957/4/2
f 4958/4/2 4959/4/2 4962/4/2
f 4962/4/2 4959/4/2 4963/4/2
f 4960/4/2 4961/4/2 4964/4/2
f 4964/4/2 4961/4/2 4965/4/2
f 4962/6/2 4963/6/2 4966/6/2
f 4966/6/2 4963/6/2 4967/6/2
f 4964/6/2 4965/6/2 4968/6/2
f 4968/6/2 4965/6/2 4969/6/2
f 4970/6/2 4971/6/2 4976/6/2
f 4976/6/2 4971/6/2 4977/6/2
f 4972/6/2 4973/6/2 4978/6/2
f 4978/6/2 4973/6/2 4979/6/2
f 4974/4/2 4975/4/2 4982/4/2
f 4982/4/2 4975/4/2 4983/4/2
f 4980/4/2 4981/4/2 4984/4/2
f 4982/6/2 4983/6/2 4985/6/2
f 4985/6/2 4983/6/2 4986/6/2
f 4984/4/2 4981/4/2 4987/4/2
f 4987/4/2 4981/4/2 4988/4/2
f 4989/6/2 4990/6/2 4995/6/2
f 4995/6/2 4990/6/2 4996/6/2
f 4991/6/2 4992/6/2 4997/6/2
f 4997/6/2 4992/6/2 4998/6/2
f 4999/4/2 5000/4/2 5001/4/2
f 5001/4/2 5000/4/2 5002/4/2
f 4993/4/2 4994/4/2 5003/4/2
f 5003/4/2 4994/4/2 5004/4/2
f 5001/6/2 5002/6/2 5005/6/2
f 5005/6/2 5002/6/2 5006/6/2
f 5007/4/2 5008/4/2 5011/4/2
f 5011/4/2 5008/4/2 5012/4/2
f 5009/4/2 5010/4/2 5013/4/2
f 5013/4/2 5010/4/2 5014/4/2
f 5011/6/2 5012/6/2 5015/6/2
f 5015/6/2 5012/6/2 5016/6/2
f 5013/6/2 5014/6/2 5017/6/2
f 5017/6/2 5014/6/2 5018/6/2
f 5019/6/2 5020/6/2 5025/6/2
f 5025/6/2 5020/6/2 5026/6/2
f 5021/6/2 5022/6/2 5027/6/2
f 5027/6/2 5022/6/2 5028/6/2
f 5023/4/2 5024/4/2 5031/4/2
f 5031/4/2 5024/4/2 5032/4/2
f 5029/4/2 5030/4/2 5033/4/2
f 5033/4/2 5030/4/2 5034/4/2
f 5023/4/2 5031/4/2 5035/4/2
f 5031/6/2 5032/6/2 5036/6/2
f 5035/4/2 5031/4/2 5036/4/2
f 5036/6/2 5032/6/2 5037/6/2
f 5033/6/2 5034/6/2 5038/6/2
f 5038/6/2 5034/6/2 5039/6/2
f 5040/4/2 5041/4/2 5044/4/2
f 5044/4/2 5041/4/2 5045/4/2
f 5042/4/2 5043/4/2 5046/4/2
f 5046/4/2 5043/4/2 5047/4/2
f 5044/6/2 5045/6/2 5048/6/2
f 5048/6/2 5045/6/2 5049/6/2
f 5046/6/2 5047/6/2 5050/6/2
f 5050/6/2 5047/6/2 5051/6/2
f 5053/3/2 5054/3/2 5056/3/2
f 5054/6/2 5055/6/2 5057/6/2
f 5056/3/2 5054/3/2 5057/3/2
f 5052/6/2 5053/6/2 5058/6/2
f 5053/3/2 5056/3/2 5059/3/2
f 5058/6/2 5053/6/2 5059/6/2
f 5052/6/2 5058/6/2 5062/6/2
f 5058/3/2 5059/3/2 5063/3/2
f 5062/6/2 5058/6/2 5063/6/2
f 5059/3/2 5056/3/2 5064/3/2
f 5063/3/2 5059/3/2 5064/3/2
f 5056/6/2 5057/6/2 5065/6/2
f 5064/3/2 5056/3/2 5065/3/2
f 5057/6/2 5055/6/2 5066/6/2
f 5065/6/2 5057/6/2 5066/6/2
f 5060/4/2 5061/4/2 5069/4/2
f 5069/4/2 5061/4/2 5070/4/2
f 5069/6/2 5070/6/2 5071/6/2
f 5071/6/2 5070/6/2 5072/6/2
f 5067/4/2 5068/4/2 5073/4/2
f 5073/4/2 5068/4/2 5074/4/2
f 5075/4/2 5076/4/2 5079/4/2
f 5079/4/2 5076/4/2 5080/4/2
f 5077/4/2 5078/4/2 5081/4/2
f 5081/4/2 5078/4/2 5082/4/2
f 5079/6/2 5080/6/2 5083/6/2
f 5083/6/2 5080/6/2 5084/6/2
f 5081/6/2 5082/6/2 5085/6/2
f 5085/6/2 5082/6/2 5086/6/2
f 5087/4/2 5088/4/2 5091/4/2
f 5091/4/2 5088/4/2 5092/4/2
f 5087/4/2 5091/4/2 5093/4/2
f 5091/6/2 5092/6/2 5094/6/2
f 5093/4/2 5091/4/2 5094/4/2
f 5094/6/2 5092/6/2 5095/6/2
f 5089/4/2 5090/4/2 5096/4/2
f 5096/4/2 5090/4/2 5097/4/2
f 5098/4/2 5099/4/2 5102/4/2
f 5102/4/2 5099/4/2 5103/4/2
f 5100/4/2 5101/4/2 5104/4/2
f 5104/4/2 5101/4/2 5105/4/2
f 5102/6/2 5103/6/2 5106/6/2
f 5106/6/2 5103/6/2 5107/6/2
f 5104/6/2 5105/6/2 5108/6/2
f 5108/6/2 5105/6/2 5109/6/2
f 5110/4/2 5111/4/2 5114/4/2
f 5114/4/2 5111/4/2 5115/4/2
f 5112/4/2 5113/4/2 5116/4/2
f 5114/6/2 5115/6/2 5117/6/2
f 5117/6/2 5115/6/2 5118/6/2
f 5116/4/2 5113/4/2 5121/4/2
f 5121/4/2 5113/4/2 5122/4/2
f 5119/3/2 5120/3/2 5125/3/2
f 5125/3/2 5120/3/2 5126/3/2
f 5123/4/2 5124/4/2 5129/4/2
f 5129/4/2 5124/4/2 5130/4/2
f 5127/4/2 5128/4/2 5131/4/2
f 5131/4/2 5128/4/2 5132/4/2
f 5129/6/2 5130/6/2 5133/6/2
f 5133/6/2 5130/6/2 5134/6/2
f 5131/6/2 5132/6/2 5135/6/2
f 5135/6/2 5132/6/2 5136/6/2
f 5137/4/2 5138/4/2 5141/4/2
f 5141/4/2 5138/4/2 5142/4/2
f 5139/4/2 5140/4/2 5143/4/2
f 5143/4/2 5140/4/2 5144/4/2
f 5141/6/2 5142/6/2 5145/6/2
f 5145/6/2 5142/6/2 5146/6/2
f 5143/6/2 5144/6/2 5147/6/2
f 5147/6/2 5144/6/2 5148/6/2
f 5151/4/2 5152/4/2 5153/4/2
f 5153/4/2 5152/4/2 5154/4/2
f 5149/4/2 5150/4/2 5155/4/2
f 5155/4/2 5150/4/2 5156/4/2
f 5153/6/2 5154/6/2 5157/6/2
f 5157/6/2 5154/6/2 5158/6/2
f 5159/4/2 5160/4/2 5163/4/2
f 5163/4/2 5160/4/2 5164/4/2
f 5161/4/2 5162/4/2 5165/4/2
f 5165/4/2 5162/4/2 5166/4/2
f 5163/6/2 5164/6/2 5167/6/2
f 5167/6/2 5164/6/2 5168/6/2
f 5165/6/2 5166/6/2 5169/6/2
f 5169/6/2 5166/6/2 5170/6/2
f 5171/4/2 5172/4/2 5175/4/2
f 5175/4/2 5172/4/2 5176/4/2
f 5173/4/2 5174/4/2 5177/4/2
f 5177/4/2 5174/4/2 5178/4/2
f 5179/4/2 5180/4/2 5183/4/2
f 5183/4/2 5180/4/2 5184/4/2
f 5181/4/2 5182/4/2 5185/4/2
f 5185/4/2 5182/4/2 5186/4/2
f 5183/6/2 5184/6/2 5187/6/2
f 5187/6/2 5184/6/2 5188/6/2
f 5185/6/2 5186/6/2 5189/6/2
f 5189/6/2 5186/6/2 5190/6/2
f 5191/4/2 5192/4/2 5195/4/2
f 5195/4/2 5192/4/2 5196/4/2
f 5193/4/2 5194/4/2 5197/4/2
f 5197/4/2 5194/4/2 5198/4/2
f 5199/4/2 5200/4/2 5203/4/2
f 5203/4/2 5200/4/2 5204/4/2
f 5201/4/2 5202/4/2 5205/4/2
f 5205/4/2 5202/4/2 5206/4/2
f 5203/6/2 5204/6/2 5207/6/2
f 5207/6/2 5204/6/2 5208/6/2
f 5205/6/2 5206/6/2 5209/6/2
f 5209/6/2 5206/6/2 5210/6/2
f 5211/4/2 5212/4/2 5215/4/2
f 5212/3/2 5213/3/2 5216/3/2
f 5215/4/2 5212/4/2 5216/4/2
f 5213/4/2 5214/4/2 5217/4/2
f 5216/3/2 5213/3/2 5217/3/2
f 5217/4/2 5214/4/2 5218/4/2
f 5219/4/2 5220/4/2 5223/4/2
f 5223/4/2 5220/4/2 5224/4/2
f 5221/4/2 5222/4/2 5225/4/2
f 5225/4/2 5222/4/2 5226/4/2
f 5223/6/2 5224/6/2 5227/6/2
f 5227/6/2 5224/6/2 5228/6/2
f 5225/6/2 5226/6/2 5229/6/2
f 5229/6/2 5226/6/2 5230/6/2
f 5231/4/2 5232/4/2 5235/4/2
f 5235/4/2 5232/4/2 5236/4/2
f 5233/4/2 5234/4/2 5237/4/2
f 5237/4/2 5234/4/2 5238/4/2
f 5235/6/2 5236/6/2 5239/6/2
f 5239/6/2 5236/6/2 5240/6/2
f 5237/6/2 5238/6/2 5241/6/2
f 5241/6/2 5238/6/2 5242/6/2
f 5243/4/2 5244/4/2 5247/4/2
f 5247/4/2 5244/4/2 5248/4/2
f 5245/4/2 5246/4/2 5249/4/2
f 5249/4/2 5246/4/2 5250/4/2
f 5247/6/2 5248/6/2 5251/6/2
f 5251/6/2 5248/6/2 5252/6/2
f 5249/6/2 5250/6/2 5253/6/2
f 5253/6/2 5250/6/2 5254/6/2
f 5255/4/2 5256/4/2 5259/4/2
f 5259/4/2 5256/4/2 5260/4/2
f 5257/4/2 5258/4/2 5261/4/2
f 5261/4/2 5258/4/2 5262/4/2
f 5259/6/2 5260/6/2 5263/6/2
f 5263/6/2 5260/6/2 5264/6/2
f 5261/6/2 5262/6/2 5265/6/2
f 5265/6/2 5262/6/2 5266/6/2
f 5267/4/2 5268/4/2 5271/4/2
f 5271/4/2 5268/4/2 5272/4/2
f 5269/4/2 5270/4/2 5273/4/2
f 5273/4/2 5270/4/2 5274/4/2
f 5271/6/2 5272/6/2 5275/6/2
f 5275/6/2 5272/6/2 5276/6/2
f 5273/6/2 5274/6/2 5277/6/2
f 5277/6/2 5274/6/2 5278/6/2
f 5279/4/2 5280/4/2 5283/4/2
f 5283/4/2 5280/4/2 5284/4/2
f 5281/4/2 5282/4/2 5285/4/2
f 5285/4/2 5282/4/2 5286/4/2
f 5283/6/2 5284/6/2 5287/6/2
f 5287/6/2 5284/6/2 5288/6/2
f 5285/6/2 5286/6/2 5289/6/2
f 5289/6/2 5286/6/2 5290/6/2
f 5291/4/2 5292/4/2 5295/4/2
f 5295/4/2 5292/4/2 5296/4/2
f 5293/4/2 5294/4/2 5297/4/2
f 5297/4/2 5294/4/2 5298/4/2
f 5295/6/2 5296/6/2 5299/6/2
f 5299/6/2 5296/6/2 5300/6/2
f 5297/6/2 5298/6/2 5301/6/2
f 5301/6/2 5298/6/2 5302/6/2
f 5303/4/2 5304/4/2 5307/4/2
f 5307/4/2 5304/4/2 5308/4/2
f 5305/4/2 5306/4/2 5309/4/2
f 5309/4/2 5306/4/2 5310/4/2
f 5307/6/2 5308/6/2 5311/6/2
f 5311/6/2 5308/6/2 5312/6/2
f 5309/6/2 5310/6/2 5313/6/2
f 5313/6/2 5310/6/2 5314/6/2
f 5315/4/2 5316/4/2 5319/4/2
f 5319/4/2 5316/4/2 5320/4/2
f 5317/4/2 5318/4/2 5321/4/2
f 5321/4/2 5318/4/2 5322/4/2
f 5319/6/2 5320/6/2 5323/6/2
f 5323/6/2 5320/6/2 5324/6/2
f 5321/6/2 5322/6/2 5325/6/2
f 5325/6/2 5322/6/2 5326/6/2
f 5327/4/2 5328/4/2 5331/4/2
f 5331/4/2 5328/4/2 5332/4/2
f 5329/4/2 5330/4/2 5333/4/2
f 5333/4/2 5330/4/2 5334/4/2
f 5331/6/2 5332/6/2 5335/6/2
f 5335/6/2 5332/6/2 5336/6/2
f 5333/6/2 5334/6/2 5337/6/2
f 5337/6/2 5334/6/2 5338/6/2
f 5339/4/2 5340/4/2 5343/4/2
f 5343/4/2 5340/4/2 5344/4/2
f 5341/4/2 5342/4/2 5345/4/2
f 5345/4/2 5342/4/2 5346/4/2
f 5343/6/2 5344/6/2 5347/6/2
f 5347/6/2 5344/6/2 5348/6/2
f 5345/6/2 5346/6/2 5349/6/2
f 5349/6/2 5346/6/2 5350/6/2
f 5351/4/2 5352/4/2 5355/4/2
f 5355/4/2 5352/4/2 5356/4/2
f 5353/4/2 5354/4/2 5357/4/2
f 5357/4/2 5354/4/2 5358/4/2
f 5355/6/2 5356/6/2 5359/6/2
f 5359/6/2 5356/6/2 5360/6/2
f 5357/6/2 5358/6/2 5361/6/2
f 5361/6/2 5358/6/2 5362/6/2
f 5363/4/2 5364/4/2 5367/4/2
f 5367/4/2 5364/4/2 5368/4/2
f 5365/4/2 5366/4/2 5369/4/2
f 5369/4/2 5366/4/2 5370/4/2
f 5367/6/2 5368/6/2 5371/6/2
f 5371/6/2 5368/6/2 5372/6/2
f 5369/6/2 5370/6/2 5373/6/2
f 5373/6/2 5370/6/2 5374/6/2
f 5375/4/2 5376/4/2 5379/4/2
f 5379/4/2 5376/4/2 5380/4/2
f 5377/4/2 5378/4/2 5381/4/2
f 5381/4/2 5378/4/2 5382/4/2
f 5379/6/2 5380/6/2 5383/6/2
f 5383/6/2 5380/6/2 5384/6/2
f 5381/6/2 5382/6/2 5385/6/2
f 5385/6/2 5382/6/2 5386/6/2
f 5387/4/2 5388/4/2 5391/4/2
f 5391/4/2 5388/4/2 5392/4/2
f 5389/4/2 5390/4/2 5393/4/2
f 5393/4/2 5390/4/2 5394/4/2
f 5391/6/2 5392/6/2 5395/6/2
f 5395/6/2 5392/6/2 5396/6/2
f 5393/6/2 5394/6/2 5397/6/2
f 5397/6/2 5394/6/2 5398/6/2
f 5399/4/2 5400/4/2 5403/4/2
f 5403/4/2 5400/4/2 5404/4/2
f 5401/4/2 5402/4/2 5405/4/2
f 5405/4/2 5402/4/2 5406/4/2
f 5403/6/2 5404/6/2 5407/6/2
f 5407/6/2 5404/6/2 5408/6/2
f 5405/6/2 5406/6/2 5409/6/2
f 5409/6/2 5406/6/2 5410/6/2
f 5411/4/2 5412/4/2 5415/4/2
f 5415/4/2 5412/4/2 5416/4/2
f 5413/4/2 5414/4/2 5417/4/2
f 5417/4/2 5414/4/2 5418/4/2
f 5415/6/2 5416/6/2 5419/6/2
f 5419/6/2 5416/6/2 5420/6/2
f 5417/6/2 5418/6/2 5421/6/2
f 5421/6/2 5418/6/2 5422/6/2
f 5423/4/2 5424/4/2 5427/4/2
f 5427/4/2 5424/4/2 5428/4/2
f 5425/4/2 5426/4/2 5429/4/2
f 5429/4/2 5426/4/2 5430/4/2
f 5427/6/2 5428/6/2 5431/6/2
f 5431/6/2 5428/6/2 5432/6/2
f 5429/6/2 5430/6/2 5433/6/2
f 5433/6/2 5430/6/2 5434/6/2
f 5435/4/2 5436/4/2 5439/4/2
f 5439/4/2 5436/4/2 5440/4/2
f 5437/4/2 5438/4/2 5441/4/2
f 5441/4/2 5438/4/2 5442/4/2
f 5439/6/2 5440/6/2 5443/6/2
f 5443/6/2 5440/6/2 5444/6/2
f 5441/6/2 5442/6/2 5445/6/2
f 5445/6/2 5442/6/2 5446/6/2
f 5447/4/2 5448/4/2 5451/4/2
f 5451/4/2 5448/4/2 5452/4/2
f 5449/4/2 5450/4/2 5453/4/2
f 5453/4/2 5450/4/2 5454/4/2
f 5451/6/2 5452/6/2 5455/6/2
f 5455/6/2 5452/6/2 5456/6/2
f 5453/6/2 5454/6/2 5457/6/2
f 5457/6/2 5454/6/2 5458/6/2
f 5459/4/2 5460/4/2 5463/4/2
f 5463/4/2 5460/4/2 5464/4/2
f 5461/4/2 5462/4/2 5465/4/2
f 5465/4/2 5462/4/2 5466/4/2
f 5463/6/2 5464/6/2 5467/6/2
f 5467/6/2 5464/6/2 5468/6/2
f 5465/6/2 5466/6/2 5469/6/2
f 5469/6/2 5466/6/2 5470/6/2
f 5471/4/2 5472/4/2 5475/4/2
f 5475/4/2 5472/4/2 5476/4/2
f 5473/4/2 5474/4/2 5477/4/2
f 5477/4/2 5474/4/2 5478/4/2
f 5475/6/2 5476/6/2 5479/6/2
f 5479/6/2 5476/6/2 5480/6/2
f 5477/6/2 5478/6/2 5481/6/2
f 5481/6/2 5478/6/2 5482/6/2
f 5483/4/2 5484/4/2 5487/4/2
f 5487/4/2 5484/4/2 5488/4/2
f 5485/4/2 5486/4/2 5489/4/2
f 5489/4/2 5486/4/2 5490/4/2
f 5487/6/2 5488/6/2 5491/6/2
f 5491/6/2 5488/6/2 5492/6/2
f 5489/6/2 5490/6/2 5493/6/2
f 5493/6/2 5490/6/2 5494/6/2
f 5495/4/2 5496/4/2 5499/4/2
f 5499/4/2 5496/4/2 5500/4/2
f 5497/4/2 5498/4/2 5501/4/2
f 5501/4/2 5498/4/2 5502/4/2
f 5499/6/2 5500/6/2 5503/6/2
f 5503/6/2 5500/6/2 5504/6/2
f 5501/6/2 5502/6/2 5505/6/2
f 5505/6/2 5502/6/2 5506/6/2
f 5507/4/2 5508/4/2 5511/4/2
f 5511/4/2 5508/4/2 5512/4/2
f 5509/4/2 5510/4/2 5513/4/2
f 5513/4/2 5510/4/2 5514/4/2
f 5511/6/2 5512/6/2 5515/6/2
f 5515/6/2 5512/6/2 5516/6/2
f 5513/6/2 5514/6/2 5517/6/2
f 5517/6/2 5514/6/2 5518/6/2
f 5519/4/2 5520/4/2 5523/4/2
f 5523/4/2 5520/4/2 5524/4/2
f 5521/4/2 5522/4/2 5525/4/2
f 5525/4/2 5522/4/2 5526/4/2
f 5523/6/2 5524/6/2 5527/6/2
f 5527/6/2 5524/6/2 5528/6/2
f 5525/6/2 5526/6/2 5529/6/2
f 5529/6/2 5526/6/2 5530/6/2
f 5531/4/2 5532/4/2 5535/4/2
f 5535/4/2 5532/4/2 5536/4/2
f 5533/4/2 5534/4/2 5537/4/2
f 5537/4/2 5534/4/2 5538/4/2
f 5535/6/2 5536/6/2 5539/6/2
f 5539/6/2 5536/6/2 5540/6/2
f 5537/6/2 5538/6/2 5541/6/2
f 5541/6/2 5538/6/2 5542/6/2
f 5543/4/2 5544/4/2 5547/4/2
f 5547/4/2 5544/4/2 5548/4/2
f 5545/4/2 5546/4/2 5549/4/2
f 5549/4/2 5546/4/2 5550/4/2
f 5547/6/2 5548/6/2 5551/6/2
f 5551/6/2 5548/6/2 5552/6/2
f 5549/6/2 5550/6/2 5553/6/2
f 5553/6/2 5550/6/2 5554/6/2
f 5555/4/2 5556/4/2 5559/4/2
f 5559/4/2 5556/4/2 5560/4/2
f 5557/4/2 5558/4/2 5561/4/2
f 5561/4/2 5558/4/2 5562/4/2
f 5559/6/2 5560/6/2 5563/6/2
f 5563/6/2 5560/6/2 5564/6/2
f 5561/6/2 5562/6/2 5565/6/2
f 5565/6/2 5562/6/2 5566/6/2
f 5567/4/2 5568/4/2 5571/4/2
f 5568/3/2 5569/3/2 5572/3/2
f 5571/4/2 5568/4/2 5572/4/2
f 5569/4/2 5570/4/2 5573/4/2
f 5572/3/2 5569/3/2 5573/3/2
f 5573/4/2 5570/4/2 5574/4/2
f 5571/6/2 5572/6/2 5575/6/2
f 5572/6/2 5573/6/2 5575/6/2
f 5573/6/2 5574/6/2 5575/6/2
f 5575/6/2 5574/6/2 5576/6/2
f 5580/4/3 5578/4/3 5577/4/3
f 5581/6/3 5579/6/3 5578/6/3
f 5581/4/3 5578/4/3 5580/4/3
f 5582/3/3 5581/3/3 5580/3/3
f 5583/6/3 5579/6/3 5581/6/3
f 5583/3/3 5581/3/3 5582/3/3
f 5584/4/3 5583/4/3 5582/4/3
f 5585/6/3 5579/6/3 5583/6/3
f 5585/4/3 5583/4/3 5584/4/3
f 5586/6/3 5579/6/3 5585/6/3
f 5590/4/3 5588/4/3 5587/4/3
f 5591/6/3 5589/6/3 5588/6/3
f 5591/4/3 5588/4/3 5590/4/3
f 5592/6/3 5589/6/3 5591/6/3
f 5596/4/3 5594/4/3 5593/4/3
f 5597/6/3 5595/6/3 5594/6/3
f 5597/4/3 5594/4/3 5596/4/3
f 5598/6/3 5595/6/3 5597/6/3
f 5602/4/3 5600/4/3 5599/4/3
f 5603/6/3 5601/6/3 5600/6/3
f 5603/4/3 5600/4/3 5602/4/3
f 5604/6/3 5601/6/3 5603/6/3
f 5608/4/3 5606/4/3 5605/4/3
f 5609/6/3 5607/6/3 5606/6/3
f 5609/4/3 5606/4/3 5608/4/3
f 5610/6/3 5607/6/3 5609/6/3
f 5614/4/3 5612/4/3 5611/4/3
f 5615/6/3 5613/6/3 5612/6/3
f 5615/4/3 5612/4/3 5614/4/3
f 5616/6/3 5613/6/3 5615/6/3
f 5620/4/3 5618/4/3 5617/4/3
f 5621/6/3 5619/6/3 5618/6/3
f 5621/4/3 5618/4/3 5620/4/3
f 5622/6/3 5619/6/3 5621/6/3
f 5626/4/3 5624/4/3 5623/4/3
f 5627/6/3 5625/6/3 5624/6/3
f 5627/4/3 5624/4/3 5626/4/3
f 5628/6/3 5625/6/3 5627/6/3
f 5632/4/3 5630/4/3 5629/4/3
f 5633/6/3 5631/6/3 5630/6/3
f 5633/4/3 5630/4/3 5632/4/3
f 5634/6/3 5631/6/3 5633/6/3
f 5638/4/3 5636/4/3 5635/4/3
f 5639/6/3 5637/6/3 5636/6/3
f 5639/4/3 5636/4/3 5638/4/3
f 5640/6/3 5637/6/3 5639/6/3
f 5644/4/3 5642/4/3 5641/4/3
f 5645/6/3 5643/6/3 5642/6/3
f 5645/4/3 5642/4/3 5644/4/3
f 5646/6/3 5643/6/3 5645/6/3
f 5650/4/3 5648/4/3 5647/4/3
f 5651/6/3 5649/6/3 5648/6/3
f 5651/4/3 5648/4/3 5650/4/3
f 5652/6/3 5649/6/3 5651/6/3
f 5656/4/3 5654/4/3 5653/4/3
f 5657/6/3 5655/6/3 5654/6/3
f 5657/4/3 5654/4/3 5656/4/3
f 5658/6/3 5655/6/3 5657/6/3
f 5662/4/3 5660/4/3 5659/4/3
f 5663/6/3 5661/6/3 5660/6/3
f 5663/4/3 5660/4/3 5662/4/3
f 5664/6/3 5661/6/3 5663/6/3
f 5668/4/3 5666/4/3 5665/4/3
f 5669/6/3 5667/6/3 5666/6/3
f 5669/4/3 5666/4/3 5668/4/3
f 5670/6/3 5667/6/3 5669/6/3
f 5674/4/3 5672/4/3 5671/4/3
f 5675/6/3 5673/6/3 5672/6/3
f 5675/4/3 5672/4/3 5674/4/3
f 5676/6/3 5673/6/3 5675/6/3
f 5680/4/3 5678/4/3 5677/4/3
f 5681/6/3 5679/6/3 5678/6/3
f 5681/4/3 5678/4/3 5680/4/3
f 5682/6/3 5679/6/3 5681/6/3
f 5686/4/3 5684/4/3 5683/4/3
f 5687/6/3 5685/6/3 5684/6/3
f 5687/4/3 5684/4/3 5686/4/3
f 5688/6/3 5685/6/3 5687/6/3
f 5692/4/3 5690/4/3 5689/4/3
f 5693/6/3 5691/6/3 5690/6/3
f 5693/4/3 5690/4/3 5692/4/3
f 5694/6/3 5691/6/3 5693/6/3
f 5698/4/3 5696/4/3 5695/4/3
f 5699/6/3 5697/6/3 5696/6/3
f 5699/4/3 5696/4/3 5698/4/3
f 5700/6/3 5697/6/3 5699/6/3
f 5704/4/3 5702/4/3 5701/4/3
f 5705/6/3 5703/6/3 5702/6/3
f 5705/4/3 5702/4/3 5704/4/3
f 5706/6/3 5703/6/3 5705/6/3
f 5710/4/3 5708/4/3 5707/4/3
f 5711/6/3 5709/6/3 5708/6/3
f 5711/4/3 5708/4/3 5710/4/3
f 5712/6/3 5709/6/3 5711/6/3
f 5716/4/3 5714/4/3 5713/4/3
f 5717/6/3 5715/6/3 5714/6/3
f 5717/4/3 5714/4/3 5716/4/3
f 5718/6/3 5715/6/3 5717/6/3
f 5722/4/3 5720/4/3 5719/4/3
f 5723/6/3 5721/6/3 5720/6/3
f 5723/4/3 5720/4/3 5722/4/3
f 5724/6/3 5721/6/3 5723/6/3
f 5728/4/3 5726/4/3 5725/4/3
f 5729/6/3 5727/6/3 5726/6/3
f 5729/4/3 5726/4/3 5728/4/3
f 5730/6/3 5727/6/3 5729/6/3
f 5734/4/3 5732/4/3 5731/4/3
f 5735/6/3 5733/6/3 5732/6/3
f 5735/4/3 5732/4/3 5734/4/3
f 5736/6/3 5733/6/3 5735/6/3
f 5740/4/3 5738/4/3 5737/4/3
f 5741/6/3 5739/6/3 5738/6/3
f 5741/4/3 5738/4/3 5740/4/3
f 5742/6/3 5739/6/3 5741/6/3
f 5746/4/3 5744/4/3 5743/4/3
f 5747/6/3 5745/6/3 5744/6/3
f 5747/4/3 5744/4/3 5746/4/3
f 5748/6/3 5745/6/3 5747/6/3
f 5752/4/3 5750/4/3 5749/4/3
f 5753/6/3 5751/6/3 5750/6/3
f 5753/4/3 5750/4/3 5752/4/3
f 5754/6/3 5751/6/3 5753/6/3
f 5758/4/3 5756/4/3 5755/4/3
f 5759/6/3 5757/6/3 5756/6/3
f 5759/4/3 5756/4/3 5758/4/3
f 5760/6/3 5757/6/3 5759/6/3
f 5764/4/3 5762/4/3 5761/4/3
f 5765/6/3 5763/6/3 5762/6/3
f 5765/4/3 5762/4/3 5764/4/3
f 5766/6/3 5763/6/3 5765/6/3
f 5770/4/3 5768/4/3 5767/4/3
f 5771/6/3 5769/6/3 5768/6/3
f 5771/4/3 5768/4/3 5770/4/3
f 5772/6/3 5769/6/3 5771/6/3
f 5776/4/3 5774/4/3 5773/4/3
f 5777/6/3 5775/6/3 5774/6/3
f 5777/4/3 5774/4/3 5776/4/3
f 5778/6/3 5775/6/3 5777/6/3
f 5782/4/3 5780/4/3 5779/4/3
f 5783/6/3 5781/6/3 5780/6/3
f 5783/4/3 5780/4/3 5782/4/3
f 5784/6/3 5781/6/3 5783/6/3
f 5788/4/3 5786/4/3 5785/4/3
f 5789/6/3 5787/6/3 5786/6/3
f 5789/4/3 5786/4/3 5788/4/3
f 5790/6/3 5787/6/3 5789/6/3
f 5794/4/3 5792/4/3 5791/4/3
f 5795/6/3 5793/6/3 5792/6/3
f 5795/4/3 5792/4/3 5794/4/3
f 5796/6/3 5793/6/3 5795/6/3
f 5800/4/3 5798/4/3 5797/4/3
f 5801/6/3 5799/6/3 5798/6/3
f 5801/4/3 5798/4/3 5800/4/3
f 5802/6/3 5799/6/3 5801/6/3
f 5806/4/3 5804/4/3 5803/4/3
f 5807/6/3 5805/6/3 5804/6/3
f 5807/4/3 5804/4/3 5806/4/3
f 5808/6/3 5805/6/3 5807/6/3
f 5812/4/3 5810/4/3 5809/4/3
f 5813/6/3 5811/6/3 5810/6/3
f 5813/4/3 5810/4/3 5812/4/3
f 5814/6/3 5811/6/3 5813/6/3
f 5818/4/3 5816/4/3 5815/4/3
f 5819/6/3 5817/6/3 5816/6/3
f 5819/4/3 5816/4/3 5818/4/3
f 5820/6/3 5817/6/3 5819/6/3
f 5824/4/3 5822/4/3 5821/4/3
f 5825/6/3 5823/6/3 5822/6/3
f 5825/4/3 5822/4/3 5824/4/3
f 5826/6/3 5823/6/3 5825/6/3
f 5830/4/3 5828/4/3 5827/4/3
f 5831/6/3 5829/6/3 5828/6/3
f 5831/4/3 5828/4/3 5830/4/3
f 5832/6/3 5829/6/3 5831/6/3
f 5836/4/3 5834/4/3 5833/4/3
f 5837/6/3 5835/6/3 5834/6/3
f 5837/4/3 5834/4/3 5836/4/3
f 5838/6/3 5835/6/3 5837/6/3
f 5842/4/3 5840/4/3 5839/4/3
f 5843/6/3 5841/6/3 5840/6/3
f 5843/4/3 5840/4/3 5842/4/3
f 5844/6/3 5841/6/3 5843/6/3
f 5848/4/3 5846/4/3 5845/4/3
f 5849/6/3 5847/6/3 5846/6/3
f 5849/4/3 5846/4/3 5848/4/3
f 5850/6/3 5847/6/3 5849/6/3
f 5854/4/3 5852/4/3 5851/4/3
f 5855/6/3 5853/6/3 5852/6/3
f 5855/4/3 5852/4/3 5854/4/3
f 5856/6/3 5853/6/3 5855/6/3
f 5860/4/3 5858/4/3 5857/4/3
f 5861/6/3 5859/6/3 5858/6/3
f 5861/4/3 5858/4/3 5860/4/3
f 5862/6/3 5859/6/3 5861/6/3
f 5866/4/3 5864/4/3 5863/4/3
f 5867/6/3 5865/6/3 5864/6/3
f 5867/4/3 5864/4/3 5866/4/3
f 5868/6/3 5865/6/3 5867/6/3
f 5872/4/3 5870/4/3 5869/4/3
f 5873/6/3 5871/6/3 5870/6/3
f 5873/4/3 5870/4/3 5872/4/3
f 5874/6/3 5871/6/3 5873/6/3
f 5878/4/3 5876/4/3 5875/4/3
f 5879/6/3 5877/6/3 5876/6/3
f 5879/4/3 5876/4/3 5878/4/3
f 5880/6/3 5877/6/3 5879/6/3
f 5884/4/3 5882/4/3 5881/4/3
f 5885/6/3 5883/6/3 5882/6/3
f 5885/4/3 5882/4/3 5884/4/3
f 5886/6/3 5883/6/3 5885/6/3
f 5890/4/3 5888/4/3 5887/4/3
f 5891/6/3 5889/6/3 5888/6/3
f 5891/4/3 5888/4/3 5890/4/3
f 5892/6/3 5889/6/3 5891/6/3
f 5896/4/3 5894/4/3 5893/4/3
f 5897/6/3 5895/6/3 5894/6/3
f 5897/4/3 5894/4/3 5896/4/3
f 5898/6/3 5895/6/3 5897/6/3
f 5902/4/3 5900/4/3 5899/4/3
f 5903/6/3 5901/6/3 5900/6/3
f 5903/4/3 5900/4/3 5902/4/3
f 5904/6/3 5901/6/3 5903/6/3
f 5908/4/3 5906/4/3 5905/4/3
f 5909/6/3 5907/6/3 5906/6/3
f 5909/4/3 5906/4/3 5908/4/3
f 5910/6/3 5907/6/3 5909/6/3
f 5914/4/3 5912/4/3 5911/4/3
f 5915/6/3 5913/6/3 5912/6/3
f 5915/4/3 5912/4/3 5914/4/3
f 5916/6/3 5913/6/3 5915/6/3
f 5920/4/3 5918/4/3 5917/4/3
f 5921/6/3 5919/6/3 5918/6/3
f 5921/4/3 5918/4/3 5920/4/3
f 5922/6/3 5919/6/3 5921/6/3
f 5926/4/3 5924/4/3 5923/4/3
f 5927/6/3 5925/6/3 5924/6/3
f 5927/4/3 5924/4/3 5926/4/3
f 5928/6/3 5925/6/3 5927/6/3
f 5931/4/3 5930/4/3 5929/4/3
f 5932/4/3 5930/4/3 5931/4/3
f 5933/3/3 5932/3/3 5931/3/3
f 5934/3/3 5932/3/3 5933/3/3
f 5935/3/3 5932/3/3 5934/3/3
f 5936/3/3 5932/3/3 5935/3/3
f 5937/4/3 5934/4/3 5933/4/3
f 5937/3/3 5935/3/3 5934/3/3
f 5938/4/3 5936/4/3 5935/4/3
f 5938/3/3 5935/3/3 5937/3/3
f 5939/4/3 5937/4/3 5933/4/3
f 5939/4/3 5938/4/3 5937/4/3
f 5940/4/3 5936/4/3 5938/4/3
f 5940/4/3 5938/4/3 5939/4/3
f 5944/4/3 5942/4/3 5941/4/3
f 5945/6/3 5943/6/3 5942/6/3
f 5945/4/3 5942/4/3 5944/4/3
f 5946/6/3 5943/6/3 5945/6/3
f 5950/4/3 5948/4/3 5947/4/3
f 5951/6/3 5949/6/3 5948/6/3
f 5951/4/3 5948/4/3 5950/4/3
f 5952/6/3 5949/6/3 5951/6/3
f 5955/4/3 5954/4/3 5953/4/3
f 5956/4/3 5954/4/3 5955/4/3
f 5959/4/3 5958/4/3 5957/4/3
f 5960/4/3 5958/4/3 5959/4/3
f 5964/4/3 5962/4/3 5961/4/3
f 5965/6/3 5963/6/3 5962/6/3
f 5965/4/3 5962/4/3 5964/4/3
f 5966/6/3 5963/6/3 5965/6/3
f 5970/4/3 5968/4/3 5967/4/3
f 5971/6/3 5969/6/3 5968/6/3
f 5971/4/3 5968/4/3 5970/4/3
f 5972/6/3 5969/6/3 5971/6/3
f 5975/4/3 5974/4/3 5973/4/3
f 5976/4/3 5974/4/3 5975/4/3
f 5979/4/3 5978/4/3 5977/4/3
f 5980/4/3 5978/4/3 5979/4/3
f 5984/4/3 5982/4/3 5981/4/3
f 5985/6/3 5983/6/3 5982/6/3
f 5985/4/3 5982/4/3 5984/4/3
f 5986/6/3 5983/6/3 5985/6/3
f 5990/4/3 5988/4/3 5987/4/3
f 5991/6/3 5989/6/3 5988/6/3
f 5991/4/3 5988/4/3 5990/4/3
f 5992/6/3 5989/6/3 5991/6/3
f 5995/4/3 5994/4/3 5993/4/3
f 5996/4/3 5994/4/3 5995/4/3
f 5999/4/3 5998/4/3 5997/4/3
f 6000/4/3 5998/4/3 5999/4/3
f 6004/4/3 6002/4/3 6001/4/3
f 6005/6/3 6003/6/3 6002/6/3
f 6005/4/3 6002/4/3 6004/4/3
f 6006/6/3 6003/6/3 6005/6/3
f 6010/4/3 6008/4/3 6007/4/3
f 6011/6/3 6009/6/3 6008/6/3
f 6011/4/3 6008/4/3 6010/4/3
f 6012/6/3 6009/6/3 6011/6/3
f 6016/4/3 6014/4/3 6013/4/3
f 6017/6/3 6015/6/3 6014/6/3
f 6017/4/3 6014/4/3 6016/4/3
f 6018/6/3 6015/6/3 6017/6/3
f 6022/4/3 6020/4/3 6019/4/3
f 6023/6/3 6021/6/3 6020/6/3
f 6023/4/3 6020/4/3 6022/4/3
f 6024/6/3 6021/6/3 6023/6/3
f 6028/4/3 6026/4/3 6025/4/3
f 6029/6/3 6027/6/3 6026/6/3
f 6029/4/3 6026/4/3 6028/4/3
f 6030/6/3 6027/6/3 6029/6/3
f 6034/4/3 6032/4/3 6031/4/3
f 6035/6/3 6033/6/3 6032/6/3
f 6035/4/3 6032/4/3 6034/4/3
f 6036/6/3 6033/6/3 6035/6/3
f 6040/4/3 6038/4/3 6037/4/3
f 6041/6/3 6039/6/3 6038/6/3
f 6041/4/3 6038/4/3 6040/4/3
f 6042/6/3 6039/6/3 6041/6/3
f 6046/4/3 6044/4/3 6043/4/3
f 6047/6/3 6045/6/3 6044/6/3
f 6047/4/3 6044/4/3 6046/4/3
f 6048/6/3 6045/6/3 6047/6/3
f 6052/4/3 6050/4/3 6049/4/3
f 6053/6/3 6051/6/3 6050/6/3
f 6053/4/3 6050/4/3 6052/4/3
f 6054/6/3 6051/6/3 6053/6/3
f 6058/4/3 6056/4/3 6055/4/3
f 6058/6/3 6057/6/3 6056/6/3
f 6059/6/3 6057/6/3 6058/6/3
f 6060/4/3 6058/4/3 6055/4/3
f 6060/4/3 6059/4/3 6058/4/3
f 6061/4/3 6059/4/3 6060/4/3
f 6065/4/3 6063/4/3 6062/4/3
f 6066/6/3 6064/6/3 6063/6/3
f 6066/4/3 6063/4/3 6065/4/3
f 6067/6/3 6064/6/3 6066/6/3
f 6071/4/3 6069/4/3 6068/4/3
f 6072/6/3 6070/6/3 6069/6/3
f 6072/4/3 6069/4/3 6071/4/3
f 6073/6/3 6070/6/3 6072/6/3
f 6077/4/3 6075/4/3 6074/4/3
f 6078/6/3 6076/6/3 6075/6/3
f 6078/4/3 6075/4/3 6077/4/3
f 6079/6/3 6076/6/3 6078/6/3
f 6082/6/3 6081/6/3 6080/6/3
f 6083/6/3 6081/6/3 6082/6/3
f 6084/3/3 6083/3/3 6082/3/3
f 6084/6/3 6081/6/3 6083/6/3
f 6085/6/3 6081/6/3 6084/6/3
f 6088/3/3 6085/3/3 6084/3/3
f 6088/3/3 6084/3/3 6082/3/3
f 6089/3/3 6085/3/3 6088/3/3
f 6090/3/3 6087/3/3 6086/3/3
f 6091/3/3 6087/3/3 6090/3/3
f 6092/6/3 6089/6/3 6088/6/3
f 6093/6/3 6089/6/3 6092/6/3
f 6097/4/3 6095/4/3 6094/4/3
f 6098/6/3 6096/6/3 6095/6/3
f 6098/4/3 6095/4/3 6097/4/3
f 6099/6/3 6096/6/3 6098/6/3
f 6103/4/3 6101/4/3 6100/4/3
f 6104/6/3 6102/6/3 6101/6/3
f 6104/4/3 6101/4/3 6103/4/3
f 6105/6/3 6102/6/3 6104/6/3
f 6109/4/3 6107/4/3 6106/4/3
f 6110/6/3 6108/6/3 6107/6/3
f 6110/4/3 6107/4/3 6109/4/3
f 6111/6/3 6108/6/3 6110/6/3
f 6115/4/3 6113/4/3 6112/4/3
f 6116/6/3 6114/6/3 6113/6/3
f 6116/4/3 6113/4/3 6115/4/3
f 6117/6/3 6114/6/3 6116/6/3
f 6120/6/3 6119/6/3 6118/6/3
f 6121/6/3 6119/6/3 6120/6/3
f 6124/6/3 6123/6/3 6122/6/3
f 6125/6/3 6123/6/3 6124/6/3
f 6129/4/3 6127/4/3 6126/4/3
f 6130/6/3 6128/6/3 6127/6/3
f 6130/4/3 6127/4/3 6129/4/3
f 6131/6/3 6128/6/3 6130/6/3
f 6135/4/3 6133/4/3 6132/4/3
f 6136/6/3 6134/6/3 6133/6/3
f 6136/4/3 6133/4/3 6135/4/3
f 6137/6/3 6134/6/3 6136/6/3
f 6141/4/3 6139/4/3 6138/4/3
f 6142/6/3 6140/6/3 6139/6/3
f 6142/4/3 6139/4/3 6141/4/3
f 6143/6/3 6140/6/3 6142/6/3
f 6146/4/3 6145/4/3 6144/4/3
f 6147/4/3 6145/4/3 6146/4/3
f 6148/4/3 6145/4/3 6147/4/3
f 6151/6/3 6150/6/3 6149/6/3
f 6152/6/3 6150/6/3 6151/6/3
f 6155/6/3 6154/6/3 6153/6/3
f 6156/6/3 6154/6/3 6155/6/3
f 6160/4/3 6158/4/3 6157/4/3
f 6160/4/3 6159/4/3 6158/4/3
f 6161/4/3 6159/4/3 6160/4/3
f 6165/4/3 6163/4/3 6162/4/3
f 6166/6/3 6164/6/3 6163/6/3
f 6166/4/3 6163/4/3 6165/4/3
f 6167/6/3 6164/6/3 6166/6/3
f 6171/4/3 6169/4/3 6168/4/3
f 6172/6/3 6170/6/3 6169/6/3
f 6172/4/3 6169/4/3 6171/4/3
f 6173/6/3 6170/6/3 6172/6/3
f 6176/6/3 6175/6/3 6174/6/3
f 6177/6/3 6175/6/3 6176/6/3
f 6180/6/3 6179/6/3 6178/6/3
f 6181/6/3 6179/6/3 6180/6/3
f 6184/4/3 6183/4/3 6182/4/3
f 6185/4/3 6183/4/3 6184/4/3
f 6189/4/3 6187/4/3 6186/4/3
f 6190/6/3 6188/6/3 6187/6/3
f 6190/4/3 6187/4/3 6189/4/3
f 6191/6/3 6188/6/3 6190/6/3
f 6195/4/3 6193/4/3 6192/4/3
f 6196/6/3 6194/6/3 6193/6/3
f 6196/4/3 6193/4/3 6195/4/3
f 6197/6/3 6194/6/3 6196/6/3
f 6200/6/3 6199/6/3 6198/6/3
f 6201/6/3 6199/6/3 6200/6/3
f 6204/6/3 6203/6/3 6202/6/3
f 6205/6/3 6203/6/3 6204/6/3
f 6209/4/3 6207/4/3 6206/4/3
f 6210/6/3 6208/6/3 6207/6/3
f 6210/4/3 6207/4/3 6209/4/3
f 6211/6/3 6208/6/3 6210/6/3
f 6215/4/3 6213/4/3 6212/4/3
f 6216/6/3 6214/6/3 6213/6/3
f 6216/4/3 6213/4/3 6215/4/3
f 6217/6/3 6214/6/3 6216/6/3
f 6221/4/3 6219/4/3 6218/4/3
f 6222/6/3 6220/6/3 6219/6/3
f 6222/4/3 6219/4/3 6221/4/3
f 6223/6/3 6220/6/3 6222/6/3
f 6227/4/3 6225/4/3 6224/4/3
f 6228/6/3 6226/6/3 6225/6/3
f 6228/4/3 6225/4/3 6227/4/3
f 6229/6/3 6226/6/3 6228/6/3
f 6232/6/3 6231/6/3 6230/6/3
f 6233/6/3 6231/6/3 6232/6/3
f 6236/6/3 6235/6/3 6234/6/3
f 6237/6/3 6235/6/3 6236/6/3
f 6241/4/3 6239/4/3 6238/4/3
f 6242/6/3 6240/6/3 6239/6/3
f 6242/4/3 6239/4/3 6241/4/3
f 6243/6/3 6240/6/3 6242/6/3
f 6247/4/3 6245/4/3 6244/4/3
f 6248/6/3 6246/6/3 6245/6/3
f 6248/4/3 6245/4/3 6247/4/3
f 6249/6/3 6246/6/3 6248/6/3
f 6253/4/3 6251/4/3 6250/4/3
f 6254/6/3 6252/6/3 6251/6/3
f 6254/4/3 6251/4/3 6253/4/3
f 6255/6/3 6252/6/3 6254/6/3
f 6259/4/3 6257/4/3 6256/4/3
f 6260/6/3 6258/6/3 6257/6/3
f 6260/4/3 6257/4/3 6259/4/3
f 6261/6/3 6258/6/3 6260/6/3
f 6264/6/3 6263/6/3 6262/6/3
f 6265/6/3 6263/6/3 6264/6/3
f 6268/6/3 6267/6/3 6266/6/3
f 6269/6/3 6267/6/3 6268/6/3
f 6273/4/3 6271/4/3 6270/4/3
f 6274/6/3 6272/6/3 6271/6/3
f 6274/4/3 6271/4/3 6273/4/3
f 6275/6/3 6272/6/3 6274/6/3
f 6279/4/3 6277/4/3 6276/4/3
f 6280/6/3 6278/6/3 6277/6/3
f 6280/4/3 6277/4/3 6279/4/3
f 6281/6/3 6278/6/3 6280/6/3
f 6284/4/3 6283/4/3 6282/4/3
f 6285/4/3 6283/4/3 6284/4/3
f 6286/4/3 6284/4/3 6282/4/3
f 6287/6/3 6285/6/3 6284/6/3
f 6287/4/3 6284/4/3 6286/4/3
f 6288/6/3 6285/6/3 6287/6/3
f 6291/6/3 6290/6/3 6289/6/3
f 6292/6/3 6290/6/3 6291/6/3
f 6295/6/3 6294/6/3 6293/6/3
f 6296/6/3 6294/6/3 6295/6/3
f 6300/4/3 6298/4/3 6297/4/3
f 6301/6/3 6299/6/3 6298/6/3
f 6301/4/3 6298/4/3 6300/4/3
f 6302/6/3 6299/6/3 6301/6/3
f 6306/4/3 6304/4/3 6303/4/3
f 6307/6/3 6305/6/3 6304/6/3
f 6307/4/3 6304/4/3 6306/4/3
f 6308/6/3 6305/6/3 6307/6/3
f 6312/4/3 6310/4/3 6309/4/3
f 6313/6/3 6311/6/3 6310/6/3
f 6313/4/3 6310/4/3 6312/4/3
f 6314/6/3 6311/6/3 6313/6/3
f 6317/6/3 6316/6/3 6315/6/3
f 6318/6/3 6316/6/3 6317/6/3
f 6321/6/3 6320/6/3 6319/6/3
f 6322/6/3 6320/6/3 6321/6/3
f 6326/4/3 6324/4/3 6323/4/3
f 6326/4/3 6325/4/3 6324/4/3
f 6327/4/3 6325/4/3 6326/4/3
f 6331/4/3 6329/4/3 6328/4/3
f 6332/6/3 6330/6/3 6329/6/3
f 6332/4/3 6329/4/3 6331/4/3
f 6333/6/3 6330/6/3 6332/6/3
f 6337/4/3 6335/4/3 6334/4/3
f 6338/6/3 6336/6/3 6335/6/3
f 6338/4/3 6335/4/3 6337/4/3
f 6339/6/3 6336/6/3 6338/6/3
f 6343/4/3 6341/4/3 6340/4/3
f 6344/6/3 6342/6/3 6341/6/3
f 6344/4/3 6341/4/3 6343/4/3
f 6345/6/3 6342/6/3 6344/6/3
f 6348/6/3 6347/6/3 6346/6/3
f 6349/6/3 6347/6/3 6348/6/3
f 6352/6/3 6351/6/3 6350/6/3
f 6353/6/3 6351/6/3 6352/6/3
f 6357/4/3 6355/4/3 6354/4/3
f 6358/6/3 6356/6/3 6355/6/3
f 6358/4/3 6355/4/3 6357/4/3
f 6359/6/3 6356/6/3 6358/6/3
f 6363/4/3 6361/4/3 6360/4/3
f 6364/6/3 6362/6/3 6361/6/3
f 6364/4/3 6361/4/3 6363/4/3
f 6365/6/3 6362/6/3 6364/6/3
f 6369/4/3 6367/4/3 6366/4/3
f 6370/6/3 6368/6/3 6367/6/3
f 6370/4/3 6367/4/3 6369/4/3
f 6371/6/3 6368/6/3 6370/6/3
f 6374/6/3 6373/6/3 6372/6/3
f 6375/6/3 6373/6/3 6374/6/3
f 6378/6/3 6377/6/3 6376/6/3
f 6379/6/3 6377/6/3 6378/6/3
f 6383/4/3 6381/4/3 6380/4/3
f 6384/6/3 6382/6/3 6381/6/3
f 6384/4/3 6381/4/3 6383/4/3
f 6385/6/3 6382/6/3 6384/6/3
f 6389/4/3 6387/4/3 6386/4/3
f 6390/6/3 6388/6/3 6387/6/3
f 6390/4/3 6387/4/3 6389/4/3
f 6391/6/3 6388/6/3 6390/6/3
f 6395/4/3 6393/4/3 6392/4/3
f 6396/6/3 6394/6/3 6393/6/3
f 6396/4/3 6393/4/3 6395/4/3
f 6397/6/3 6394/6/3 6396/6/3
f 6400/6/3 6399/6/3 6398/6/3
f 6401/6/3 6399/6/3 6400/6/3
f 6404/6/3 6403/6/3 6402/6/3
f 6405/6/3 6403/6/3 6404/6/3
f 6409/4/3 6407/4/3 6406/4/3
f 6410/6/3 6408/6/3 6407/6/3
f 6410/4/3 6407/4/3 6409/4/3
f 6411/6/3 6408/6/3 6410/6/3
f 6415/4/3 6413/4/3 6412/4/3
f 6416/6/3 6414/6/3 6413/6/3
f 6416/4/3 6413/4/3 6415/4/3
f 6417/6/3 6414/6/3 6416/6/3
f 6421/4/3 6419/4/3 6418/4/3
f 6422/6/3 6420/6/3 6419/6/3
f 6422/4/3 6419/4/3 6421/4/3
f 6423/6/3 6420/6/3 6422/6/3
f 6427/4/3 6425/4/3 6424/4/3
f 6428/6/3 6426/6/3 6425/6/3
f 6428/4/3 6425/4/3 6427/4/3
f 6429/6/3 6426/6/3 6428/6/3
f 6432/6/3 6431/6/3 6430/6/3
f 6433/6/3 6431/6/3 6432/6/3
f 6436/6/3 6435/6/3 6434/6/3
f 6437/6/3 6435/6/3 6436/6/3
f 6438/3/3 6437/3/3 6436/3/3
f 6439/3/3 6437/3/3 6438/3/3
f 6440/6/3 6439/6/3 6438/6/3
f 6441/6/3 6439/6/3 6440/6/3
f 6444/6/3 6443/6/3 6442/6/3
f 6445/6/3 6443/6/3 6444/6/3
f 6449/4/3 6447/4/3 6446/4/3
f 6449/4/3 6448/4/3 6447/4/3
f 6450/4/3 6448/4/3 6449/4/3
f 6454/4/3 6452/4/3 6451/4/3
f 6455/6/3 6453/6/3 6452/6/3
f 6455/4/3 6452/4/3 6454/4/3
f 6456/6/3 6453/6/3 6455/6/3
f 6459/4/3 6458/4/3 6457/4/3
f 6460/4/3 6458/4/3 6459/4/3
f 6461/4/3 6458/4/3 6460/4/3
f 6464/6/3 6463/6/3 6462/6/3
f 6465/6/3 6463/6/3 6464/6/3
f 6468/6/3 6467/6/3 6466/6/3
f 6469/6/3 6467/6/3 6468/6/3
f 6472/6/3 6471/6/3 6470/6/3
f 6473/6/3 6471/6/3 6472/6/3
f 6476/6/3 6475/6/3 6474/6/3
f 6477/6/3 6475/6/3 6476/6/3
f 6481/4/3 6479/4/3 6478/4/3
f 6482/6/3 6480/6/3 6479/6/3
f 6482/4/3 6479/4/3 6481/4/3
f 6483/6/3 6480/6/3 6482/6/3
f 6487/4/3 6485/4/3 6484/4/3
f 6488/6/3 6486/6/3 6485/6/3
f 6488/4/3 6485/4/3 6487/4/3
f 6489/6/3 6486/6/3 6488/6/3
f 6493/4/3 6491/4/3 6490/4/3
f 6494/6/3 6492/6/3 6491/6/3
f 6494/4/3 6491/4/3 6493/4/3
f 6495/6/3 6492/6/3 6494/6/3
f 6498/6/3 6497/6/3 6496/6/3
f 6499/6/3 6497/6/3 6498/6/3
f 6502/6/3 6501/6/3 6500/6/3
f 6503/6/3 6501/6/3 6502/6/3
f 6506/6/3 6505/6/3 6504/6/3
f 6507/6/3 6505/6/3 6506/6/3
f 6510/6/3 6509/6/3 6508/6/3
f 6511/6/3 6509/6/3 6510/6/3
f 6515/4/3 6513/4/3 6512/4/3
f 6516/6/3 6514/6/3 6513/6/3
f 6516/4/3 6513/4/3 6515/4/3
f 6517/6/3 6514/6/3 6516/6/3
f 6521/4/3 6519/4/3 6518/4/3
f 6522/6/3 6520/6/3 6519/6/3
f 6522/4/3 6519/4/3 6521/4/3
f 6523/6/3 6520/6/3 6522/6/3
f 6527/4/3 6525/4/3 6524/4/3
f 6528/6/3 6526/6/3 6525/6/3
f 6528/4/3 6525/4/3 6527/4/3
f 6529/6/3 6526/6/3 6528/6/3
f 6532/6/3 6531/6/3 6530/6/3
f 6533/6/3 6531/6/3 6532/6/3
f 6536/6/3 6535/6/3 6534/6/3
f 6537/6/3 6535/6/3 6536/6/3
f 6540/6/3 6539/6/3 6538/6/3
f 6541/6/3 6539/6/3 6540/6/3
f 6544/6/3 6543/6/3 6542/6/3
f 6545/6/3 6543/6/3 6544/6/3
f 6549/4/3 6547/4/3 6546/4/3
f 6550/6/3 6548/6/3 6547/6/3
f 6550/4/3 6547/4/3 6549/4/3
f 6551/6/3 6548/6/3 6550/6/3
f 6555/4/3 6553/4/3 6552/4/3
f 6556/6/3 6554/6/3 6553/6/3
f 6556/4/3 6553/4/3 6555/4/3
f 6557/6/3 6554/6/3 6556/6/3
f 6560/6/3 6559/6/3 6558/6/3
f 6561/6/3 6559/6/3 6560/6/3
f 6564/6/3 6563/6/3 6562/6/3
f 6565/6/3 6563/6/3 6564/6/3
f 6568/6/3 6567/6/3 6566/6/3
f 6569/6/3 6567/6/3 6568/6/3
f 6570/3/3 6569/3/3 6568/3/3
f 6571/3/3 6569/3/3 6570/3/3
f 6572/6/3 6571/6/3 6570/6/3
f 6573/6/3 6571/6/3 6572/6/3
f 6576/6/3 6575/6/3 6574/6/3
f 6577/6/3 6575/6/3 6576/6/3
f 6580/6/3 6579/6/3 6578/6/3
f 6581/6/3 6579/6/3 6580/6/3
f 6585/4/3 6583/4/3 6582/4/3
f 6586/6/3 6584/6/3 6583/6/3
f 6586/4/3 6583/4/3 6585/4/3
f 6587/6/3 6584/6/3 6586/6/3
f 6591/4/3 6589/4/3 6588/4/3
f 6592/6/3 6590/6/3 6589/6/3
f 6592/4/3 6589/4/3 6591/4/3
f 6593/6/3 6590/6/3 6592/6/3
f 6596/6/3 6595/6/3 6594/6/3
f 6597/6/3 6595/6/3 6596/6/3
f 6600/6/3 6599/6/3 6598/6/3
f 6601/6/3 6599/6/3 6600/6/3
f 6604/6/3 6603/6/3 6602/6/3
f 6605/6/3 6603/6/3 6604/6/3
f 6608/6/3 6607/6/3 6606/6/3
f 6609/6/3 6607/6/3 6608/6/3
f 6612/6/3 6611/6/3 6610/6/3
f 6613/6/3 6611/6/3 6612/6/3
f 6616/6/3 6615/6/3 6614/6/3
f 6617/6/3 6615/6/3 6616/6/3
f 6621/4/3 6619/4/3 6618/4/3
f 6622/6/3 6620/6/3 6619/6/3
f 6622/4/3 6619/4/3 6621/4/3
f 6623/6/3 6620/6/3 6622/6/3
f 6627/4/3 6625/4/3 6624/4/3
f 6628/6/3 6626/6/3 6625/6/3
f 6628/4/3 6625/4/3 6627/4/3
f 6629/6/3 6626/6/3 6628/6/3
f 6633/4/3 6631/4/3 6630/4/3
f 6634/6/3 6632/6/3 6631/6/3
f 6634/4/3 6631/4/3 6633/4/3
f 6635/6/3 6632/6/3 6634/6/3
f 6638/6/3 6637/6/3 6636/6/3
f 6639/6/3 6637/6/3 6638/6/3
f 6642/6/3 6641/6/3 6640/6/3
f 6643/6/3 6641/6/3 6642/6/3
f 6646/6/3 6645/6/3 6644/6/3
f 6647/6/3 6645/6/3 6646/6/3
f 6650/6/3 6649/6/3 6648/6/3
f 6651/6/3 6649/6/3 6650/6/3
f 6654/6/3 6653/6/3 6652/6/3
f 6655/6/3 6653/6/3 6654/6/3
f 6658/6/3 6657/6/3 6656/6/3
f 6659/6/3 6657/6/3 6658/6/3
f 6663/4/3 6661/4/3 6660/4/3
f 6663/4/3 6662/4/3 6661/4/3
f 6664/4/3 6662/4/3 6663/4/3
f 6668/4/3 6666/4/3 6665/4/3
f 6669/6/3 6667/6/3 6666/6/3
f 6669/4/3 6666/4/3 6668/4/3
f 6670/6/3 6667/6/3 6669/6/3
f 6674/4/3 6672/4/3 6671/4/3
f 6675/6/3 6673/6/3 6672/6/3
f 6675/4/3 6672/4/3 6674/4/3
f 6676/6/3 6673/6/3 6675/6/3
f 6679/6/3 6678/6/3 6677/6/3
f 6680/6/3 6678/6/3 6679/6/3
f 6683/6/3 6682/6/3 6681/6/3
f 6684/6/3 6682/6/3 6683/6/3
f 6687/6/3 6686/6/3 6685/6/3
f 6688/6/3 6686/6/3 6687/6/3
f 6691/6/3 6690/6/3 6689/6/3
f 6692/6/3 6690/6/3 6691/6/3
f 6695/6/3 6694/6/3 6693/6/3
f 6696/6/3 6694/6/3 6695/6/3
f 6699/6/3 6698/6/3 6697/6/3
f 6700/6/3 6698/6/3 6699/6/3
f 6704/4/3 6702/4/3 6701/4/3
f 6705/6/3 6703/6/3 6702/6/3
f 6705/4/3 6702/4/3 6704/4/3
f 6706/6/3 6703/6/3 6705/6/3
f 6710/4/3 6708/4/3 6707/4/3
f 6711/6/3 6709/6/3 6708/6/3
f 6711/4/3 6708/4/3 6710/4/3
f 6712/6/3 6709/6/3 6711/6/3
f 6716/4/3 6714/4/3 6713/4/3
f 6717/6/3 6715/6/3 6714/6/3
f 6717/4/3 6714/4/3 6716/4/3
f 6718/6/3 6715/6/3 6717/6/3
f 6721/6/3 6720/6/3 6719/6/3
f 6722/6/3 6720/6/3 6721/6/3
f 6725/6/3 6724/6/3 6723/6/3
f 6726/6/3 6724/6/3 6725/6/3
f 6729/6/3 6728/6/3 6727/6/3
f 6730/6/3 6728/6/3 6729/6/3
f 6733/6/3 6732/6/3 6731/6/3
f 6734/6/3 6732/6/3 6733/6/3
f 6735/3/3 6734/3/3 6733/3/3
f 6736/3/3 6734/3/3 6735/3/3
f 6737/6/3 6736/6/3 6735/6/3
f 6738/6/3 6736/6/3 6737/6/3
f 6741/6/3 6740/6/3 6739/6/3
f 6742/6/3 6740/6/3 6741/6/3
f 6745/6/3 6744/6/3 6743/6/3
f 6746/6/3 6744/6/3 6745/6/3
f 6749/6/3 6748/6/3 6747/6/3
f 6750/6/3 6748/6/3 6749/6/3
f 6754/4/3 6752/4/3 6751/4/3
f 6754/4/3 6753/4/3 6752/4/3
f 6755/4/3 6753/4/3 6754/4/3
f 6759/4/3 6757/4/3 6756/4/3
f 6760/6/3 6758/6/3 6757/6/3
f 6760/4/3 6757/4/3 6759/4/3
f 6761/6/3 6758/6/3 6760/6/3
f 6764/4/3 6763/4/3 6762/4/3
f 6765/4/3 6763/4/3 6764/4/3
f 6766/4/3 6763/4/3 6765/4/3
f 6769/6/3 6768/6/3 6767/6/3
f 6770/6/3 6768/6/3 6769/6/3
f 6773/6/3 6772/6/3 6771/6/3
f 6774/6/3 6772/6/3 6773/6/3
f 6777/6/3 6776/6/3 6775/6/3
f 6778/6/3 6776/6/3 6777/6/3
f 6781/6/3 6780/6/3 6779/6/3
f 6782/6/3 6780/6/3 6781/6/3
f 6785/6/3 6784/6/3 6783/6/3
f 6786/6/3 6784/6/3 6785/6/3
f 6789/6/3 6788/6/3 6787/6/3
f 6790/6/3 6788/6/3 6789/6/3
f 6793/6/3 6792/6/3 6791/6/3
f 6794/6/3 6792/6/3 6793/6/3
f 6797/6/3 6796/6/3 6795/6/3
f 6798/6/3 6796/6/3 6797/6/3
f 6802/4/3 6800/4/3 6799/4/3
f 6803/6/3 6801/6/3 6800/6/3
f 6803/4/3 6800/4/3 6802/4/3
f 6804/6/3 6801/6/3 6803/6/3
f 6808/4/3 6806/4/3 6805/4/3
f 6809/6/3 6807/6/3 6806/6/3
f 6809/4/3 6806/4/3 6808/4/3
f 6810/6/3 6807/6/3 6809/6/3
f 6813/6/3 6812/6/3 6811/6/3
f 6814/6/3 6812/6/3 6813/6/3
f 6817/6/3 6816/6/3 6815/6/3
f 6818/6/3 6816/6/3 6817/6/3
f 6821/6/3 6820/6/3 6819/6/3
f 6822/6/3 6820/6/3 6821/6/3
f 6825/6/3 6824/6/3 6823/6/3
f 6826/6/3 6824/6/3 6825/6/3
f 6829/6/3 6828/6/3 6827/6/3
f 6830/6/3 6828/6/3 6829/6/3
f 6833/6/3 6832/6/3 6831/6/3
f 6834/6/3 6832/6/3 6833/6/3
f 6838/4/3 6836/4/3 6835/4/3
f 6839/6/3 6837/6/3 6836/6/3
f 6839/4/3 6836/4/3 6838/4/3
f 6840/6/3 6837/6/3 6839/6/3
f 6844/4/3 6842/4/3 6841/4/3
f 6845/6/3 6843/6/3 6842/6/3
f 6845/4/3 6842/4/3 6844/4/3
f 6846/6/3 6843/6/3 6845/6/3
f 6849/6/3 6848/6/3 6847/6/3
f 6850/6/3 6848/6/3 6849/6/3
f 6853/6/3 6852/6/3 6851/6/3
f 6854/6/3 6852/6/3 6853/6/3
f 6857/6/3 6856/6/3 6855/6/3
f 6858/6/3 6856/6/3 6857/6/3
f 6861/6/3 6860/6/3 6859/6/3
f 6862/6/3 6860/6/3 6861/6/3
f 6865/6/3 6864/6/3 6863/6/3
f 6866/6/3 6864/6/3 6865/6/3
f 6867/6/3 6865/6/3 6863/6/3
f 6868/6/3 6864/6/3 6866/6/3
f 6869/6/3 6867/6/3 6863/6/3
f 6869/6/3 6868/6/3 6867/6/3
f 6870/6/3 6864/6/3 6868/6/3
f 6870/6/3 6868/6/3 6869/6/3
f 6873/6/3 6872/6/3 6871/6/3
f 6874/6/3 6872/6/3 6873/6/3
f 6877/6/3 6876/6/3 6875/6/3
f 6878/6/3 6876/6/3 6877/6/3
f 6881/6/3 6880/6/3 6879/6/3
f 6882/6/3 6880/6/3 6881/6/3
f 6885/6/3 6884/6/3 6883/6/3
f 6886/6/3 6884/6/3 6885/6/3
f 6890/4/3 6888/4/3 6887/4/3
f 6890/4/3 6889/4/3 6888/4/3
f 6891/4/3 6889/4/3 6890/4/3
f 6895/4/3 6893/4/3 6892/4/3
f 6896/6/3 6894/6/3 6893/6/3
f 6896/4/3 6893/4/3 6895/4/3
f 6897/6/3 6894/6/3 6896/6/3
f 6900/4/3 6899/4/3 6898/4/3
f 6901/4/3 6899/4/3 6900/4/3
f 6902/4/3 6899/4/3 6901/4/3
f 6905/6/3 6904/6/3 6903/6/3
f 6906/6/3 6904/6/3 6905/6/3
f 6909/6/3 6908/6/3 6907/6/3
f 6910/6/3 6908/6/3 6909/6/3
f 6913/6/3 6912/6/3 6911/6/3
f 6914/6/3 6912/6/3 6913/6/3
f 6917/6/3 6916/6/3 6915/6/3
f 6918/6/3 6916/6/3 6917/6/3
f 6922/6/3 6921/6/3 6920/6/3
f 6923/6/3 6921/6/3 6922/6/3
f 6926/8/3 6925/8/3 6924/8/3
f 6927/8/3 6925/8/3 6926/8/3
f 6928/8/3 6925/8/3 6927/8/3
f 6929/8/3 6925/8/3 6928/8/3
f 6930/8/3 6928/8/3 6927/8/3
f 6930/7/3 6929/7/3 6928/7/3
f 6931/8/3 6925/8/3 6929/8/3
f 6931/7/3 6929/7/3 6930/7/3
f 6932/6/3 6921/6/3 6923/6/3
f 6933/6/3 6921/6/3 6932/6/3
f 6934/3/3 6933/3/3 6932/3/3
f 6935/3/3 6933/3/3 6934/3/3
f 6936/8/3 6926/8/3 6924/8/3
f 6936/7/3 6927/7/3 6926/7/3
f 6937/8/3 6930/8/3 6927/8/3
f 6937/7/3 6927/7/3 6936/7/3
f 6937/8/3 6931/8/3 6930/8/3
f 6938/8/3 6936/8/3 6924/8/3
f 6938/8/3 6937/8/3 6936/8/3
f 6939/8/3 6925/8/3 6931/8/3
f 6939/8/3 6937/8/3 6938/8/3
f 6939/8/3 6931/8/3 6937/8/3
f 6940/5/3 6920/5/3 6919/5/3
f 6940/6/3 6922/6/3 6920/6/3
f 6941/6/3 6922/6/3 6940/6/3
f 6942/6/3 6935/6/3 6934/6/3
f 6943/5/3 6941/5/3 6940/5/3
f 6943/5/3 6940/5/3 6919/5/3
f 6944/6/3 6942/6/3 6941/6/3
f 6944/5/3 6941/5/3 6943/5/3
f 6945/6/3 6935/6/3 6942/6/3
f 6945/6/3 6942/6/3 6944/6/3
f 6948/6/3 6947/6/3 6946/6/3
f 6949/6/3 6947/6/3 6948/6/3
f 6952/6/3 6951/6/3 6950/6/3
f 6953/6/3 6951/6/3 6952/6/3
f 6956/6/3 6955/6/3 6954/6/3
f 6957/6/3 6955/6/3 6956/6/3
f 6960/6/3 6959/6/3 6958/6/3
f 6961/6/3 6959/6/3 6960/6/3
f 6964/4/3 6963/4/3 6962/4/3
f 6965/4/3 6963/4/3 6964/4/3
f 6969/4/3 6967/4/3 6966/4/3
f 6970/6/3 6968/6/3 6967/6/3
f 6970/4/3 6967/4/3 6969/4/3
f 6971/6/3 6968/6/3 6970/6/3
f 6974/6/3 6973/6/3 6972/6/3
f 6975/6/3 6973/6/3 6974/6/3
f 6978/6/3 6977/6/3 6976/6/3
f 6979/6/3 6977/6/3 6978/6/3
f 6982/6/3 6981/6/3 6980/6/3
f 6983/6/3 6981/6/3 6982/6/3
f 6986/6/3 6985/6/3 6984/6/3
f 6987/6/3 6985/6/3 6986/6/3
f 6991/5/3 6989/5/3 6988/5/3
f 6992/6/3 6990/6/3 6989/6/3
f 6992/5/3 6989/5/3 6991/5/3
f 6993/6/3 6990/6/3 6992/6/3
f 6999/6/3 6995/6/3 6994/6/3
f 6999/5/3 6996/5/3 6995/5/3
f 6999/5/3 6997/5/3 6996/5/3
f 7000/5/3 6997/5/3 6999/5/3
f 7001/6/3 6998/6/3 6997/6/3
f 7001/5/3 6997/5/3 7000/5/3
f 7002/6/3 6998/6/3 7001/6/3
f 7003/6/3 7000/6/3 6999/6/3
f 7003/5/3 7001/5/3 7000/5/3
f 7003/5/3 7002/5/3 7001/5/3
f 7004/5/3 7002/5/3 7003/5/3
f 7005/6/3 6998/6/3 7002/6/3
f 7005/5/3 7002/5/3 7004/5/3
f 7006/6/3 6998/6/3 7005/6/3
f 7007/6/3 7004/6/3 7003/6/3
f 7007/5/3 7005/5/3 7004/5/3
f 7007/5/3 7006/5/3 7005/5/3
f 7008/5/3 7006/5/3 7007/5/3
f 7009/6/3 6998/6/3 7006/6/3
f 7009/5/3 7006/5/3 7008/5/3
f 7010/6/3 6998/6/3 7009/6/3
f 7011/6/3 7008/6/3 7007/6/3
f 7011/6/3 6999/6/3 6994/6/3
f 7011/6/3 7003/6/3 6999/6/3
f 7011/6/3 7007/6/3 7003/6/3
f 7012/5/3 7010/5/3 7009/5/3
f 7012/6/3 7008/6/3 7011/6/3
f 7012/5/3 7009/5/3 7008/5/3
f 7013/6/3 6998/6/3 7010/6/3
f 7013/5/3 7010/5/3 7012/5/3
f 7014/6/3 6998/6/3 7013/6/3
f 7017/6/3 7016/6/3 7015/6/3
f 7018/6/3 7016/6/3 7017/6/3
f 7021/6/3 7020/6/3 7019/6/3
f 7022/6/3 7020/6/3 7021/6/3
f 7025/6/3 7024/6/3 7023/6/3
f 7026/6/3 7024/6/3 7025/6/3
f 7029/6/3 7028/6/3 7027/6/3
f 7030/6/3 7028/6/3 7029/6/3
f 7034/4/3 7032/4/3 7031/4/3
f 7035/6/3 7033/6/3 7032/6/3
f 7035/4/3 7032/4/3 7034/4/3
f 7036/6/3 7033/6/3 7035/6/3
f 7040/4/3 7038/4/3 7037/4/3
f 7041/6/3 7039/6/3 7038/6/3
f 7041/4/3 7038/4/3 7040/4/3
f 7042/6/3 7039/6/3 7041/6/3
f 7045/6/3 7044/6/3 7043/6/3
f 7046/6/3 7044/6/3 7045/6/3
f 7049/6/3 7048/6/3 7047/6/3
f 7050/6/3 7048/6/3 7049/6/3
f 7053/6/3 7052/6/3 7051/6/3
f 7054/6/3 7052/6/3 7053/6/3
f 7057/6/3 7056/6/3 7055/6/3
f 7058/6/3 7056/6/3 7057/6/3
f 7062/5/3 7060/5/3 7059/5/3
f 7063/6/3 7061/6/3 7060/6/3
f 7063/5/3 7060/5/3 7062/5/3
f 7064/6/3 7061/6/3 7063/6/3
f 7071/6/3 7066/6/3 7065/6/3
f 7071/6/3 7067/6/3 7066/6/3
f 7071/5/3 7069/5/3 7068/5/3
f 7071/5/3 7068/5/3 7067/5/3
f 7072/5/3 7069/5/3 7071/5/3
f 7073/6/3 7070/6/3 7069/6/3
f 7073/5/3 7069/5/3 7072/5/3
f 7074/6/3 7070/6/3 7073/6/3
f 7075/6/3 7072/6/3 7071/6/3
f 7075/5/3 7073/5/3 7072/5/3
f 7075/5/3 7074/5/3 7073/5/3
f 7076/5/3 7074/5/3 7075/5/3
f 7077/6/3 7071/6/3 7065/6/3
f 7077/6/3 7075/6/3 7071/6/3
f 7077/6/3 7076/6/3 7075/6/3
f 7078/5/3 7074/5/3 7076/5/3
f 7078/6/3 7076/6/3 7077/6/3
f 7079/6/3 7070/6/3 7074/6/3
f 7079/5/3 7074/5/3 7078/5/3
f 7080/6/3 7070/6/3 7079/6/3
f 7083/6/3 7082/6/3 7081/6/3
f 7084/6/3 7082/6/3 7083/6/3
f 7087/6/3 7086/6/3 7085/6/3
f 7088/6/3 7086/6/3 7087/6/3
f 7091/6/3 7090/6/3 7089/6/3
f 7092/6/3 7090/6/3 7091/6/3
f 7095/6/3 7094/6/3 7093/6/3
f 7096/6/3 7094/6/3 7095/6/3
f 7100/4/3 7098/4/3 7097/4/3
f 7101/6/3 7099/6/3 7098/6/3
f 7101/4/3 7098/4/3 7100/4/3
f 7102/6/3 7099/6/3 7101/6/3
f 7106/4/3 7104/4/3 7103/4/3
f 7107/6/3 7105/6/3 7104/6/3
f 7107/4/3 7104/4/3 7106/4/3
f 7108/6/3 7105/6/3 7107/6/3
f 7112/4/3 7110/4/3 7109/4/3
f 7113/6/3 7111/6/3 7110/6/3
f 7113/4/3 7110/4/3 7112/4/3
f 7114/6/3 7111/6/3 7113/6/3
f 7117/6/3 7116/6/3 7115/6/3
f 7118/6/3 7116/6/3 7117/6/3
f 7121/6/3 7120/6/3 7119/6/3
f 7122/6/3 7120/6/3 7121/6/3
f 7125/6/3 7124/6/3 7123/6/3
f 7126/6/3 7124/6/3 7125/6/3
f 7130/5/3 7128/5/3 7127/5/3
f 7131/6/3 7129/6/3 7128/6/3
f 7131/5/3 7128/5/3 7130/5/3
f 7132/6/3 7129/6/3 7131/6/3
f 7137/6/3 7134/6/3 7133/6/3
f 7138/5/3 7135/5/3 7134/5/3
f 7138/6/3 7134/6/3 7137/6/3
f 7139/6/3 7136/6/3 7135/6/3
f 7139/5/3 7135/5/3 7138/5/3
f 7140/6/3 7136/6/3 7139/6/3
f 7143/6/3 7142/6/3 7141/6/3
f 7144/6/3 7142/6/3 7143/6/3
f 7147/6/3 7146/6/3 7145/6/3
f 7148/6/3 7146/6/3 7147/6/3
f 7151/6/3 7150/6/3 7149/6/3
f 7152/6/3 7150/6/3 7151/6/3
f 7156/4/3 7154/4/3 7153/4/3
f 7157/6/3 7155/6/3 7154/6/3
f 7157/4/3 7154/4/3 7156/4/3
f 7158/6/3 7155/6/3 7157/6/3
f 7161/6/3 7160/6/3 7159/6/3
f 7162/6/3 7160/6/3 7161/6/3
f 7165/6/3 7164/6/3 7163/6/3
f 7166/6/3 7164/6/3 7165/6/3
f 7169/6/3 7168/6/3 7167/6/3
f 7170/6/3 7168/6/3 7169/6/3
f 7173/6/3 7172/6/3 7171/6/3
f 7174/6/3 7172/6/3 7173/6/3
f 7178/5/3 7176/5/3 7175/5/3
f 7179/6/3 7177/6/3 7176/6/3
f 7179/5/3 7176/5/3 7178/5/3
f 7180/6/3 7177/6/3 7179/6/3
f 7185/6/3 7182/6/3 7181/6/3
f 7186/5/3 7183/5/3 7182/5/3
f 7186/6/3 7182/6/3 7185/6/3
f 7187/6/3 7184/6/3 7183/6/3
f 7187/5/3 7183/5/3 7186/5/3
f 7188/6/3 7184/6/3 7187/6/3
f 7191/6/3 7190/6/3 7189/6/3
f 7192/6/3 7190/6/3 7191/6/3
f 7195/6/3 7194/6/3 7193/6/3
f 7196/6/3 7194/6/3 7195/6/3
f 7199/6/3 7198/6/3 7197/6/3
f 7200/6/3 7198/6/3 7199/6/3
f 7203/6/3 7202/6/3 7201/6/3
f 7204/6/3 7202/6/3 7203/6/3
f 7208/4/3 7206/4/3 7205/4/3
f 7209/6/3 7207/6/3 7206/6/3
f 7209/4/3 7206/4/3 7208/4/3
f 7210/6/3 7207/6/3 7209/6/3
f 7214/4/3 7212/4/3 7211/4/3
f 7215/6/3 7213/6/3 7212/6/3
f 7215/4/3 7212/4/3 7214/4/3
f 7216/6/3 7213/6/3 7215/6/3
f 7219/6/3 7218/6/3 7217/6/3
f 7220/6/3 7218/6/3 7219/6/3
f 7223/6/3 7222/6/3 7221/6/3
f 7224/6/3 7222/6/3 7223/6/3
f 7227/6/3 7226/6/3 7225/6/3
f 7228/6/3 7226/6/3 7227/6/3
f 7231/6/3 7230/6/3 7229/6/3
f 7232/6/3 7230/6/3 7231/6/3
f 7236/5/3 7234/5/3 7233/5/3
f 7237/6/3 7235/6/3 7234/6/3
f 7237/5/3 7234/5/3 7236/5/3
f 7238/6/3 7235/6/3 7237/6/3
f 7243/6/3 7240/6/3 7239/6/3
f 7244/5/3 7241/5/3 7240/5/3
f 7244/6/3 7240/6/3 7243/6/3
f 7245/6/3 7242/6/3 7241/6/3
f 7245/5/3 7241/5/3 7244/5/3
f 7246/6/3 7242/6/3 7245/6/3
f 7249/6/3 7248/6/3 7247/6/3
f 7250/6/3 7248/6/3 7249/6/3
f 7253/6/3 7252/6/3 7251/6/3
f 7254/6/3 7252/6/3 7253/6/3
f 7257/6/3 7256/6/3 7255/6/3
f 7258/6/3 7256/6/3 7257/6/3
f 7261/6/3 7260/6/3 7259/6/3
f 7262/6/3 7260/6/3 7261/6/3
f 7266/4/3 7264/4/3 7263/4/3
f 7266/4/3 7265/4/3 7264/4/3
f 7267/4/3 7265/4/3 7266/4/3
f 7271/4/3 7269/4/3 7268/4/3
f 7272/6/3 7270/6/3 7269/6/3
f 7272/4/3 7269/4/3 7271/4/3
f 7273/6/3 7270/6/3 7272/6/3
f 7276/6/3 7275/6/3 7274/6/3
f 7277/6/3 7275/6/3 7276/6/3
f 7280/6/3 7279/6/3 7278/6/3
f 7281/6/3 7279/6/3 7280/6/3
f 7284/6/3 7283/6/3 7282/6/3
f 7285/6/3 7283/6/3 7284/6/3
f 7289/5/3 7287/5/3 7286/5/3
f 7290/6/3 7288/6/3 7287/6/3
f 7290/5/3 7287/5/3 7289/5/3
f 7291/6/3 7288/6/3 7290/6/3
f 7296/6/3 7293/6/3 7292/6/3
f 7297/5/3 7294/5/3 7293/5/3
f 7297/6/3 7293/6/3 7296/6/3
f 7298/6/3 7295/6/3 7294/6/3
f 7298/5/3 7294/5/3 7297/5/3
f 7299/6/3 7295/6/3 7298/6/3
f 7302/6/3 7301/6/3 7300/6/3
f 7303/6/3 7301/6/3 7302/6/3
f 7306/6/3 7305/6/3 7304/6/3
f 7307/6/3 7305/6/3 7306/6/3
f 7310/6/3 7309/6/3 7308/6/3
f 7311/6/3 7309/6/3 7310/6/3
f 7315/4/3 7313/4/3 7312/4/3
f 7316/6/3 7314/6/3 7313/6/3
f 7316/4/3 7313/4/3 7315/4/3
f 7317/6/3 7314/6/3 7316/6/3
f 7320/6/3 7319/6/3 7318/6/3
f 7321/6/3 7319/6/3 7320/6/3
f 7324/6/3 7323/6/3 7322/6/3
f 7325/6/3 7323/6/3 7324/6/3
f 7328/6/3 7327/6/3 7326/6/3
f 7329/6/3 7327/6/3 7328/6/3
f 7333/5/3 7331/5/3 7330/5/3
f 7334/6/3 7332/6/3 7331/6/3
f 7334/5/3 7331/5/3 7333/5/3
f 7335/6/3 7332/6/3 7334/6/3
f 7340/6/3 7337/6/3 7336/6/3
f 7341/5/3 7338/5/3 7337/5/3
f 7341/6/3 7337/6/3 7340/6/3
f 7342/6/3 7339/6/3 7338/6/3
f 7342/5/3 7338/5/3 7341/5/3
f 7343/6/3 7339/6/3 7342/6/3
f 7346/6/3 7345/6/3 7344/6/3
f 7347/6/3 7345/6/3 7346/6/3
f 7350/6/3 7349/6/3 7348/6/3
f 7351/6/3 7349/6/3 7350/6/3
f 7354/6/3 7353/6/3 7352/6/3
f 7355/6/3 7353/6/3 7354/6/3
f 7358/4/3 7357/4/3 7356/4/3
f 7359/4/3 7357/4/3 7358/4/3
f 7363/4/3 7361/4/3 7360/4/3
f 7364/6/3 7362/6/3 7361/6/3
f 7364/4/3 7361/4/3 7363/4/3
f 7365/6/3 7362/6/3 7364/6/3
f 7368/6/3 7367/6/3 7366/6/3
f 7369/6/3 7367/6/3 7368/6/3
f 7372/6/3 7371/6/3 7370/6/3
f 7373/6/3 7371/6/3 7372/6/3
f 7376/6/3 7375/6/3 7374/6/3
f 7377/6/3 7375/6/3 7376/6/3
f 7380/6/3 7379/6/3 7378/6/3
f 7381/6/3 7379/6/3 7380/6/3
f 7385/5/3 7383/5/3 7382/5/3
f 7386/6/3 7384/6/3 7383/6/3
f 7386/5/3 7383/5/3 7385/5/3
f 7387/6/3 7384/6/3 7386/6/3
f 7392/6/3 7389/6/3 7388/6/3
f 7393/5/3 7390/5/3 7389/5/3
f 7393/6/3 7389/6/3 7392/6/3
f 7394/6/3 7391/6/3 7390/6/3
f 7394/5/3 7390/5/3 7393/5/3
f 7395/6/3 7391/6/3 7394/6/3
f 7398/6/3 7397/6/3 7396/6/3
f 7399/6/3 7397/6/3 7398/6/3
f 7402/6/3 7401/6/3 7400/6/3
f 7403/6/3 7401/6/3 7402/6/3
f 7406/6/3 7405/6/3 7404/6/3
f 7407/6/3 7405/6/3 7406/6/3
f 7410/6/3 7409/6/3 7408/6/3
f 7411/6/3 7409/6/3 7410/6/3
f 7415/4/3 7413/4/3 7412/4/3
f 7416/6/3 7414/6/3 7413/6/3
f 7416/4/3 7413/4/3 7415/4/3
f 7417/6/3 7414/6/3 7416/6/3
f 7421/4/3 7419/4/3 7418/4/3
f 7422/6/3 7420/6/3 7419/6/3
f 7422/4/3 7419/4/3 7421/4/3
f 7423/6/3 7420/6/3 7422/6/3
f 7426/6/3 7425/6/3 7424/6/3
f 7427/6/3 7425/6/3 7426/6/3
f 7430/6/3 7429/6/3 7428/6/3
f 7431/6/3 7429/6/3 7430/6/3
f 7434/6/3 7433/6/3 7432/6/3
f 7435/6/3 7433/6/3 7434/6/3
f 7439/5/3 7437/5/3 7436/5/3
f 7440/6/3 7438/6/3 7437/6/3
f 7440/5/3 7437/5/3 7439/5/3
f 7441/6/3 7438/6/3 7440/6/3
f 7446/6/3 7443/6/3 7442/6/3
f 7447/5/3 7444/5/3 7443/5/3
f 7447/6/3 7443/6/3 7446/6/3
f 7448/6/3 7445/6/3 7444/6/3
f 7448/5/3 7444/5/3 7447/5/3
f 7449/6/3 7445/6/3 7448/6/3
f 7452/6/3 7451/6/3 7450/6/3
f 7453/6/3 7451/6/3 7452/6/3
f 7456/6/3 7455/6/3 7454/6/3
f 7457/6/3 7455/6/3 7456/6/3
f 7460/6/3 7459/6/3 7458/6/3
f 7461/6/3 7459/6/3 7460/6/3
f 7465/4/3 7463/4/3 7462/4/3
f 7466/6/3 7464/6/3 7463/6/3
f 7466/4/3 7463/4/3 7465/4/3
f 7467/6/3 7464/6/3 7466/6/3
f 7470/6/3 7469/6/3 7468/6/3
f 7471/6/3 7469/6/3 7470/6/3
f 7474/6/3 7473/6/3 7472/6/3
f 7475/6/3 7473/6/3 7474/6/3
f 7478/6/3 7477/6/3 7476/6/3
f 7479/6/3 7477/6/3 7478/6/3
f 7482/6/3 7481/6/3 7480/6/3
f 7483/6/3 7481/6/3 7482/6/3
f 7487/5/3 7485/5/3 7484/5/3
f 7488/6/3 7486/6/3 7485/6/3
f 7488/5/3 7485/5/3 7487/5/3
f 7489/6/3 7486/6/3 7488/6/3
f 7494/6/3 7491/6/3 7490/6/3
f 7495/5/3 7492/5/3 7491/5/3
f 7495/6/3 7491/6/3 7494/6/3
f 7496/6/3 7493/6/3 7492/6/3
f 7496/5/3 7492/5/3 7495/5/3
f 7497/6/3 7493/6/3 7496/6/3
f 7500/6/3 7499/6/3 7498/6/3
f 7501/6/3 7499/6/3 7500/6/3
f 7504/6/3 7503/6/3 7502/6/3
f 7505/6/3 7503/6/3 7504/6/3
f 7508/6/3 7507/6/3 7506/6/3
f 7509/6/3 7507/6/3 7508/6/3
f 7512/6/3 7511/6/3 7510/6/3
f 7513/6/3 7511/6/3 7512/6/3
f 7517/4/3 7515/4/3 7514/4/3
f 7518/6/3 7516/6/3 7515/6/3
f 7518/4/3 7515/4/3 7517/4/3
f 7519/6/3 7516/6/3 7518/6/3
f 7523/4/3 7521/4/3 7520/4/3
f 7524/6/3 7522/6/3 7521/6/3
f 7524/4/3 7521/4/3 7523/4/3
f 7525/6/3 7522/6/3 7524/6/3
f 7528/6/3 7527/6/3 7526/6/3
f 7529/6/3 7527/6/3 7528/6/3
f 7533/5/3 7531/5/3 7530/5/3
f 7534/6/3 7532/6/3 7531/6/3
f 7534/5/3 7531/5/3 7533/5/3
f 7535/6/3 7532/6/3 7534/6/3
f 7540/6/3 7537/6/3 7536/6/3
f 7541/5/3 7538/5/3 7537/5/3
f 7541/6/3 7537/6/3 7540/6/3
f 7542/6/3 7539/6/3 7538/6/3
f 7542/5/3 7538/5/3 7541/5/3
f 7543/6/3 7539/6/3 7542/6/3
f 7546/6/3 7545/6/3 7544/6/3
f 7547/6/3 7545/6/3 7546/6/3
f 7551/4/3 7549/4/3 7548/4/3
f 7551/4/3 7550/4/3 7549/4/3
f 7552/4/3 7550/4/3 7551/4/3
f 7556/4/3 7554/4/3 7553/4/3
f 7557/6/3 7555/6/3 7554/6/3
f 7557/4/3 7554/4/3 7556/4/3
f 7558/6/3 7555/6/3 7557/6/3
f 7561/6/3 7560/6/3 7559/6/3
f 7562/6/3 7560/6/3 7561/6/3
f 7565/6/3 7564/6/3 7563/6/3
f 7566/6/3 7564/6/3 7565/6/3
f 7569/6/3 7568/6/3 7567/6/3
f 7570/6/3 7568/6/3 7569/6/3
f 7573/6/3 7572/6/3 7571/6/3
f 7574/6/3 7572/6/3 7573/6/3
f 7578/5/3 7576/5/3 7575/5/3
f 7579/6/3 7577/6/3 7576/6/3
f 7579/5/3 7576/5/3 7578/5/3
f 7580/6/3 7577/6/3 7579/6/3
f 7585/6/3 7582/6/3 7581/6/3
f 7586/5/3 7583/5/3 7582/5/3
f 7586/6/3 7582/6/3 7585/6/3
f 7587/6/3 7584/6/3 7583/6/3
f 7587/5/3 7583/5/3 7586/5/3
f 7588/6/3 7584/6/3 7587/6/3
f 7591/6/3 7590/6/3 7589/6/3
f 7592/6/3 7590/6/3 7591/6/3
f 7595/6/3 7594/6/3 7593/6/3
f 7596/6/3 7594/6/3 7595/6/3
f 7599/6/3 7598/6/3 7597/6/3
f 7600/6/3 7598/6/3 7599/6/3
f 7603/6/3 7602/6/3 7601/6/3
f 7604/6/3 7602/6/3 7603/6/3
f 7607/4/3 7606/4/3 7605/4/3
f 7608/4/3 7606/4/3 7607/4/3
f 7609/4/3 7606/4/3 7608/4/3
f 7612/6/3 7611/6/3 7610/6/3
f 7613/6/3 7611/6/3 7612/6/3
f 7616/6/3 7615/6/3 7614/6/3
f 7617/6/3 7615/6/3 7616/6/3
f 7620/6/3 7619/6/3 7618/6/3
f 7621/6/3 7619/6/3 7620/6/3
f 7625/5/3 7623/5/3 7622/5/3
f 7626/6/3 7624/6/3 7623/6/3
f 7626/5/3 7623/5/3 7625/5/3
f 7627/6/3 7624/6/3 7626/6/3
f 7632/6/3 7629/6/3 7628/6/3
f 7633/5/3 7630/5/3 7629/5/3
f 7633/6/3 7629/6/3 7632/6/3
f 7634/6/3 7631/6/3 7630/6/3
f 7634/5/3 7630/5/3 7633/5/3
f 7635/6/3 7631/6/3 7634/6/3
f 7638/6/3 7637/6/3 7636/6/3
f 7639/6/3 7637/6/3 7638/6/3
f 7642/6/3 7641/6/3 7640/6/3
f 7643/6/3 7641/6/3 7642/6/3
f 7646/6/3 7645/6/3 7644/6/3
f 7647/6/3 7645/6/3 7646/6/3
f 7651/4/3 7649/4/3 7648/4/3
f 7652/6/3 7650/6/3 7649/6/3
f 7652/4/3 7649/4/3 7651/4/3
f 7653/6/3 7650/6/3 7652/6/3
f 7657/4/3 7655/4/3 7654/4/3
f 7658/6/3 7656/6/3 7655/6/3
f 7658/4/3 7655/4/3 7657/4/3
f 7659/6/3 7656/6/3 7658/6/3
f 7662/6/3 7661/6/3 7660/6/3
f 7663/6/3 7661/6/3 7662/6/3
f 7666/6/3 7665/6/3 7664/6/3
f 7667/6/3 7665/6/3 7666/6/3
f 7671/5/3 7669/5/3 7668/5/3
f 7672/6/3 7670/6/3 7669/6/3
f 7672/5/3 7669/5/3 7671/5/3
f 7673/6/3 7670/6/3 7672/6/3
f 7678/6/3 7675/6/3 7674/6/3
f 7679/5/3 7676/5/3 7675/5/3
f 7679/6/3 7675/6/3 7678/6/3
f 7680/6/3 7677/6/3 7676/6/3
f 7680/5/3 7676/5/3 7679/5/3
f 7681/6/3 7677/6/3 7680/6/3
f 7684/6/3 7683/6/3 7682/6/3
f 7685/6/3 7683/6/3 7684/6/3
f 7688/6/3 7687/6/3 7686/6/3
f 7689/6/3 7687/6/3 7688/6/3
f 7693/4/3 7691/4/3 7690/4/3
f 7694/6/3 7692/6/3 7691/6/3
f 7694/4/3 7691/4/3 7693/4/3
f 7695/6/3 7692/6/3 7694/6/3
f 7698/6/3 7697/6/3 7696/6/3
f 7699/6/3 7697/6/3 7698/6/3
f 7702/6/3 7701/6/3 7700/6/3
f 7703/6/3 7701/6/3 7702/6/3
f 7706/6/3 7705/6/3 7704/6/3
f 7707/6/3 7705/6/3 7706/6/3
f 7710/6/3 7709/6/3 7708/6/3
f 7711/6/3 7709/6/3 7710/6/3
f 7715/4/3 7713/4/3 7712/4/3
f 7716/6/3 7714/6/3 7713/6/3
f 7716/4/3 7713/4/3 7715/4/3
f 7717/6/3 7714/6/3 7716/6/3
f 7720/6/3 7719/6/3 7718/6/3
f 7721/6/3 7719/6/3 7720/6/3
f 7724/6/3 7723/6/3 7722/6/3
f 7725/6/3 7723/6/3 7724/6/3
f 7729/5/3 7727/5/3 7726/5/3
f 7730/6/3 7728/6/3 7727/6/3
f 7730/5/3 7727/5/3 7729/5/3
f 7731/6/3 7728/6/3 7730/6/3
f 7736/6/3 7733/6/3 7732/6/3
f 7737/5/3 7734/5/3 7733/5/3
f 7737/6/3 7733/6/3 7736/6/3
f 7738/6/3 7735/6/3 7734/6/3
f 7738/5/3 7734/5/3 7737/5/3
f 7739/6/3 7735/6/3 7738/6/3
f 7742/6/3 7741/6/3 7740/6/3
f 7743/6/3 7741/6/3 7742/6/3
f 7746/6/3 7745/6/3 7744/6/3
f 7747/6/3 7745/6/3 7746/6/3
f 7751/4/3 7749/4/3 7748/4/3
f 7752/6/3 7750/6/3 7749/6/3
f 7752/4/3 7749/4/3 7751/4/3
f 7753/6/3 7750/6/3 7752/6/3
f 7756/6/3 7755/6/3 7754/6/3
f 7757/6/3 7755/6/3 7756/6/3
f 7760/6/3 7759/6/3 7758/6/3
f 7761/6/3 7759/6/3 7760/6/3
f 7764/6/3 7763/6/3 7762/6/3
f 7765/6/3 7763/6/3 7764/6/3
f 7769/5/3 7767/5/3 7766/5/3
f 7770/6/3 7768/6/3 7767/6/3
f 7770/5/3 7767/5/3 7769/5/3
f 7771/6/3 7768/6/3 7770/6/3
f 7776/6/3 7773/6/3 7772/6/3
f 7777/5/3 7774/5/3 7773/5/3
f 7777/6/3 7773/6/3 7776/6/3
f 7778/6/3 7775/6/3 7774/6/3
f 7778/5/3 7774/5/3 7777/5/3
f 7779/6/3 7775/6/3 7778/6/3
f 7782/6/3 7781/6/3 7780/6/3
f 7783/6/3 7781/6/3 7782/6/3
f 7786/6/3 7785/6/3 7784/6/3
f 7787/6/3 7785/6/3 7786/6/3
f 7790/6/3 7789/6/3 7788/6/3
f 7791/6/3 7789/6/3 7790/6/3
f 7795/4/3 7793/4/3 7792/4/3
f 7796/6/3 7794/6/3 7793/6/3
f 7796/4/3 7793/4/3 7795/4/3
f 7797/6/3 7794/6/3 7796/6/3
f 7800/4/3 7799/4/3 7798/4/3
f 7801/4/3 7799/4/3 7800/4/3
f 7802/4/3 7799/4/3 7801/4/3
f 7805/6/3 7804/6/3 7803/6/3
f 7806/6/3 7804/6/3 7805/6/3
f 7810/5/3 7808/5/3 7807/5/3
f 7811/6/3 7809/6/3 7808/6/3
f 7811/5/3 7808/5/3 7810/5/3
f 7812/6/3 7809/6/3 7811/6/3
f 7817/6/3 7814/6/3 7813/6/3
f 7818/5/3 7815/5/3 7814/5/3
f 7818/6/3 7814/6/3 7817/6/3
f 7819/6/3 7816/6/3 7815/6/3
f 7819/5/3 7815/5/3 7818/5/3
f 7820/6/3 7816/6/3 7819/6/3
f 7823/6/3 7822/6/3 7821/6/3
f 7824/6/3 7822/6/3 7823/6/3
f 7828/4/3 7826/4/3 7825/4/3
f 7828/4/3 7827/4/3 7826/4/3
f 7829/4/3 7827/4/3 7828/4/3
f 7833/4/3 7831/4/3 7830/4/3
f 7834/6/3 7832/6/3 7831/6/3
f 7834/4/3 7831/4/3 7833/4/3
f 7835/6/3 7832/6/3 7834/6/3
f 7838/6/3 7837/6/3 7836/6/3
f 7839/6/3 7837/6/3 7838/6/3
f 7842/6/3 7841/6/3 7840/6/3
f 7843/6/3 7841/6/3 7842/6/3
f 7846/6/3 7845/6/3 7844/6/3
f 7847/6/3 7845/6/3 7846/6/3
f 7850/6/3 7849/6/3 7848/6/3
f 7851/6/3 7849/6/3 7850/6/3
f 7854/6/3 7853/6/3 7852/6/3
f 7855/6/3 7853/6/3 7854/6/3
f 7858/6/3 7857/6/3 7856/6/3
f 7859/6/3 7857/6/3 7858/6/3
f 7863/5/3 7861/5/3 7860/5/3
f 7864/6/3 7862/6/3 7861/6/3
f 7864/5/3 7861/5/3 7863/5/3
f 7865/6/3 7862/6/3 7864/6/3
f 7870/6/3 7867/6/3 7866/6/3
f 7871/5/3 7868/5/3 7867/5/3
f 7871/6/3 7867/6/3 7870/6/3
f 7872/6/3 7869/6/3 7868/6/3
f 7872/5/3 7868/5/3 7871/5/3
f 7873/6/3 7869/6/3 7872/6/3
f 7876/6/3 7875/6/3 7874/6/3
f 7877/6/3 7875/6/3 7876/6/3
f 7880/6/3 7879/6/3 7878/6/3
f 7881/6/3 7879/6/3 7880/6/3
f 7884/6/3 7883/6/3 7882/6/3
f 7885/6/3 7883/6/3 7884/6/3
f 7888/6/3 7887/6/3 7886/6/3
f 7889/6/3 7887/6/3 7888/6/3
f 7893/4/3 7891/4/3 7890/4/3
f 7894/6/3 7892/6/3 7891/6/3
f 7894/4/3 7891/4/3 7893/4/3
f 7895/6/3 7892/6/3 7894/6/3
f 7898/6/3 7897/6/3 7896/6/3
f 7899/6/3 7897/6/3 7898/6/3
f 7902/6/3 7901/6/3 7900/6/3
f 7903/6/3 7901/6/3 7902/6/3
f 7907/5/3 7905/5/3 7904/5/3
f 7908/6/3 7906/6/3 7905/6/3
f 7908/5/3 7905/5/3 7907/5/3
f 7909/6/3 7906/6/3 7908/6/3
f 7914/6/3 7911/6/3 7910/6/3
f 7915/5/3 7912/5/3 7911/5/3
f 7915/6/3 7911/6/3 7914/6/3
f 7916/6/3 7913/6/3 7912/6/3
f 7916/5/3 7912/5/3 7915/5/3
f 7917/6/3 7913/6/3 7916/6/3
f 7920/6/3 7919/6/3 7918/6/3
f 7921/6/3 7919/6/3 7920/6/3
f 7924/6/3 7923/6/3 7922/6/3
f 7925/6/3 7923/6/3 7924/6/3
f 7928/4/3 7927/4/3 7926/4/3
f 7929/4/3 7927/4/3 7928/4/3
f 7933/4/3 7931/4/3 7930/4/3
f 7934/6/3 7932/6/3 7931/6/3
f 7934/4/3 7931/4/3 7933/4/3
f 7935/6/3 7932/6/3 7934/6/3
f 7938/6/3 7937/6/3 7936/6/3
f 7939/6/3 7937/6/3 7938/6/3
f 7942/6/3 7941/6/3 7940/6/3
f 7943/6/3 7941/6/3 7942/6/3
f 7946/6/3 7945/6/3 7944/6/3
f 7947/6/3 7945/6/3 7946/6/3
f 7950/6/3 7949/6/3 7948/6/3
f 7951/6/3 7949/6/3 7950/6/3
f 7955/4/3 7953/4/3 7952/4/3
f 7956/6/3 7954/6/3 7953/6/3
f 7956/4/3 7953/4/3 7955/4/3
f 7957/6/3 7954/6/3 7956/6/3
f 7960/6/3 7959/6/3 7958/6/3
f 7961/6/3 7959/6/3 7960/6/3
f 7965/5/3 7963/5/3 7962/5/3
f 7966/6/3 7964/6/3 7963/6/3
f 7966/5/3 7963/5/3 7965/5/3
f 7967/6/3 7964/6/3 7966/6/3
f 7972/6/3 7969/6/3 7968/6/3
f 7973/5/3 7970/5/3 7969/5/3
f 7973/6/3 7969/6/3 7972/6/3
f 7974/6/3 7971/6/3 7970/6/3
f 7974/5/3 7970/5/3 7973/5/3
f 7975/6/3 7971/6/3 7974/6/3
f 7978/6/3 7977/6/3 7976/6/3
f 7979/6/3 7977/6/3 7978/6/3
f 7982/6/3 7981/6/3 7980/6/3
f 7983/6/3 7981/6/3 7982/6/3
f 7986/6/3 7985/6/3 7984/6/3
f 7987/6/3 7985/6/3 7986/6/3
f 7990/4/3 7989/4/3 7988/4/3
f 7991/4/3 7989/4/3 7990/4/3
f 7992/4/3 7989/4/3 7991/4/3
f 7995/6/3 7994/6/3 7993/6/3
f 7996/6/3 7994/6/3 7995/6/3
f 8000/5/3 7998/5/3 7997/5/3
f 8001/6/3 7999/6/3 7998/6/3
f 8001/5/3 7998/5/3 8000/5/3
f 8002/6/3 7999/6/3 8001/6/3
f 8007/6/3 8004/6/3 8003/6/3
f 8008/5/3 8005/5/3 8004/5/3
f 8008/6/3 8004/6/3 8007/6/3
f 8009/6/3 8006/6/3 8005/6/3
f 8009/5/3 8005/5/3 8008/5/3
f 8010/6/3 8006/6/3 8009/6/3
f 8013/6/3 8012/6/3 8011/6/3
f 8014/6/3 8012/6/3 8013/6/3
f 8017/4/3 8016/4/3 8015/4/3
f 8018/4/3 8016/4/3 8017/4/3
f 8021/6/3 8020/6/3 8019/6/3
f 8022/6/3 8020/6/3 8021/6/3
f 8025/6/3 8024/6/3 8023/6/3
f 8026/6/3 8024/6/3 8025/6/3
f 8029/6/3 8028/6/3 8027/6/3
f 8030/6/3 8028/6/3 8029/6/3
f 8033/6/3 8032/6/3 8031/6/3
f 8034/6/3 8032/6/3 8033/6/3
f 8037/6/3 8036/6/3 8035/6/3
f 8038/6/3 8036/6/3 8037/6/3
f 8041/6/3 8040/6/3 8039/6/3
f 8042/6/3 8040/6/3 8041/6/3
f 8045/6/3 8044/6/3 8043/6/3
f 8046/6/3 8044/6/3 8045/6/3
f 8049/6/3 8048/6/3 8047/6/3
f 8050/6/3 8048/6/3 8049/6/3
f 8054/4/3 8052/4/3 8051/4/3
f 8055/6/3 8053/6/3 8052/6/3
f 8055/4/3 8052/4/3 8054/4/3
f 8056/6/3 8053/6/3 8055/6/3
f 8060/5/3 8058/5/3 8057/5/3
f 8061/6/3 8059/6/3 8058/6/3
f 8061/5/3 8058/5/3 8060/5/3
f 8062/6/3 8059/6/3 8061/6/3
f 8067/6/3 8064/6/3 8063/6/3
f 8068/5/3 8065/5/3 8064/5/3
f 8068/6/3 8064/6/3 8067/6/3
f 8069/6/3 8066/6/3 8065/6/3
f 8069/5/3 8065/5/3 8068/5/3
f 8070/6/3 8066/6/3 8069/6/3
f 8074/4/3 8072/4/3 8071/4/3
f 8075/6/3 8073/6/3 8072/6/3
f 8075/4/3 8072/4/3 8074/4/3
f 8076/6/3 8073/6/3 8075/6/3
f 8079/4/3 8078/4/3 8077/4/3
f 8080/4/3 8078/4/3 8079/4/3
f 8083/6/3 8082/6/3 8081/6/3
f 8084/6/3 8082/6/3 8083/6/3
f 8087/6/3 8086/6/3 8085/6/3
f 8088/6/3 8086/6/3 8087/6/3
f 8091/4/3 8090/4/3 8089/4/3
f 8092/4/3 8090/4/3 8091/4/3
f 8095/6/3 8094/6/3 8093/6/3
f 8096/6/3 8094/6/3 8095/6/3
f 8099/6/3 8098/6/3 8097/6/3
f 8100/6/3 8098/6/3 8099/6/3
f 8103/6/3 8102/6/3 8101/6/3
f 8104/6/3 8102/6/3 8103/6/3
f 8107/6/3 8106/6/3 8105/6/3
f 8108/6/3 8106/6/3 8107/6/3
f 8112/5/3 8110/5/3 8109/5/3
f 8113/6/3 8111/6/3 8110/6/3
f 8113/5/3 8110/5/3 8112/5/3
f 8114/6/3 8111/6/3 8113/6/3
f 8119/6/3 8116/6/3 8115/6/3
f 8120/5/3 8117/5/3 8116/5/3
f 8120/6/3 8116/6/3 8119/6/3
f 8121/6/3 8118/6/3 8117/6/3
f 8121/5/3 8117/5/3 8120/5/3
f 8122/6/3 8118/6/3 8121/6/3
f 8125/6/3 8124/6/3 8123/6/3
f 8126/6/3 8124/6/3 8125/6/3
f 8129/6/3 8128/6/3 8127/6/3
f 8130/6/3 8128/6/3 8129/6/3
f 8133/3/3 8132/3/3 8131/3/3
f 8134/3/3 8132/3/3 8133/3/3
f 8137/3/3 8136/3/3 8135/3/3
f 8138/3/3 8136/3/3 8137/3/3
f 8141/3/3 8140/3/3 8139/3/3
f 8142/3/3 8140/3/3 8141/3/3
f 8146/5/3 8144/5/3 8143/5/3
f 8147/6/3 8145/6/3 8144/6/3
f 8147/5/3 8144/5/3 8146/5/3
f 8148/6/3 8145/6/3 8147/6/3
f 8151/6/3 8150/6/3 8149/6/3
f 8152/6/3 8150/6/3 8151/6/3
f 8156/5/3 8154/5/3 8153/5/3
f 8157/6/3 8155/6/3 8154/6/3
f 8157/5/3 8154/5/3 8156/5/3
f 8158/6/3 8155/6/3 8157/6/3
f 8161/6/3 8160/6/3 8159/6/3
f 8162/6/3 8160/6/3 8161/6/3
f 8166/5/3 8164/5/3 8163/5/3
f 8167/6/3 8165/6/3 8164/6/3
f 8167/5/3 8164/5/3 8166/5/3
f 8168/6/3 8165/6/3 8167/6/3
f 8171/6/3 8170/6/3 8169/6/3
f 8172/6/3 8170/6/3 8171/6/3
f 8176/5/3 8174/5/3 8173/5/3
f 8177/6/3 8175/6/3 8174/6/3
f 8177/5/3 8174/5/3 8176/5/3
f 8178/6/3 8175/6/3 8177/6/3
f 8181/6/3 8180/6/3 8179/6/3
f 8182/6/3 8180/6/3 8181/6/3
f 8186/5/3 8184/5/3 8183/5/3
f 8187/6/3 8185/6/3 8184/6/3
f 8187/5/3 8184/5/3 8186/5/3
f 8188/6/3 8185/6/3 8187/6/3
f 8191/6/3 8190/6/3 8189/6/3
f 8192/6/3 8190/6/3 8191/6/3
f 8196/5/3 8194/5/3 8193/5/3
f 8197/6/3 8195/6/3 8194/6/3
f 8197/5/3 8194/5/3 8196/5/3
f 8198/6/3 8195/6/3 8197/6/3
f 8201/6/3 8200/6/3 8199/6/3
f 8202/6/3 8200/6/3 8201/6/3
f 8206/5/3 8204/5/3 8203/5/3
f 8207/6/3 8205/6/3 8204/6/3
f 8207/5/3 8204/5/3 8206/5/3
f 8208/6/3 8205/6/3 8207/6/3
f 8211/6/3 8210/6/3 8209/6/3
f 8212/6/3 8210/6/3 8211/6/3
f 8216/5/3 8214/5/3 8213/5/3
f 8217/6/3 8215/6/3 8214/6/3
f 8217/5/3 8214/5/3 8216/5/3
f 8218/6/3 8215/6/3 8217/6/3
f 8221/6/3 8220/6/3 8219/6/3
f 8222/6/3 8220/6/3 8221/6/3
f 8226/5/3 8224/5/3 8223/5/3
f 8227/6/3 8225/6/3 8224/6/3
f 8227/5/3 8224/5/3 8226/5/3
f 8228/6/3 8225/6/3 8227/6/3
f 8231/6/3 8230/6/3 8229/6/3
f 8232/6/3 8230/6/3 8231/6/3
f 8236/5/3 8234/5/3 8233/5/3
f 8237/6/3 8235/6/3 8234/6/3
f 8237/5/3 8234/5/3 8236/5/3
f 8238/6/3 8235/6/3 8237/6/3
f 8241/6/3 8240/6/3 8239/6/3
f 8242/6/3 8240/6/3 8241/6/3
f 8246/5/3 8244/5/3 8243/5/3
f 8247/6/3 8245/6/3 8244/6/3
f 8247/5/3 8244/5/3 8246/5/3
f 8248/6/3 8245/6/3 8247/6/3
f 8251/6/3 8250/6/3 8249/6/3
f 8252/6/3 8250/6/3 8251/6/3
f 8256/5/3 8254/5/3 8253/5/3
f 8257/6/3 8255/6/3 8254/6/3
f 8257/5/3 8254/5/3 8256/5/3
f 8258/6/3 8255/6/3 8257/6/3
f 8261/6/3 8260/6/3 8259/6/3
f 8262/6/3 8260/6/3 8261/6/3
f 8266/5/3 8264/5/3 8263/5/3
f 8267/6/3 8265/6/3 8264/6/3
f 8267/5/3 8264/5/3 8266/5/3
f 8268/6/3 8265/6/3 8267/6/3
f 8271/6/3 8270/6/3 8269/6/3
f 8272/6/3 8270/6/3 8271/6/3
f 8276/5/3 8274/5/3 8273/5/3
f 8277/6/3 8275/6/3 8274/6/3
f 8277/5/3 8274/5/3 8276/5/3
f 8278/6/3 8275/6/3 8277/6/3
f 8281/6/3 8280/6/3 8279/6/3
f 8282/6/3 8280/6/3 8281/6/3
f 8286/5/3 8284/5/3 8283/5/3
f 8287/6/3 8285/6/3 8284/6/3
f 8287/5/3 8284/5/3 8286/5/3
f 8288/6/3 8285/6/3 8287/6/3
f 8291/6/3 8290/6/3 8289/6/3
f 8292/6/3 8290/6/3 8291/6/3
f 8296/5/3 8294/5/3 8293/5/3
f 8297/6/3 8295/6/3 8294/6/3
f 8297/5/3 8294/5/3 8296/5/3
f 8298/6/3 8295/6/3 8297/6/3
f 8301/6/3 8300/6/3 8299/6/3
f 8302/6/3 8300/6/3 8301/6/3
f 8306/5/3 8304/5/3 8303/5/3
f 8307/6/3 8305/6/3 8304/6/3
f 8307/5/3 8304/5/3 8306/5/3
f 8308/6/3 8305/6/3 8307/6/3
f 8311/6/3 8310/6/3 8309/6/3
f 8312/6/3 8310/6/3 8311/6/3
f 8316/5/3 8314/5/3 8313/5/3
f 8317/6/3 8315/6/3 8314/6/3
f 8317/5/3 8314/5/3 8316/5/3
f 8318/6/3 8315/6/3 8317/6/3
f 8321/6/3 8320/6/3 8319/6/3
f 8322/6/3 8320/6/3 8321/6/3
f 8326/5/3 8324/5/3 8323/5/3
f 8327/6/3 8325/6/3 8324/6/3
f 8327/5/3 8324/5/3 8326/5/3
f 8328/6/3 8325/6/3 8327/6/3
f 8331/6/3 8330/6/3 8329/6/3
f 8332/6/3 8330/6/3 8331/6/3
f 8336/5/3 8334/5/3 8333/5/3
f 8337/6/3 8335/6/3 8334/6/3
f 8337/5/3 8334/5/3 8336/5/3
f 8338/6/3 8335/6/3 8337/6/3
f 8341/6/3 8340/6/3 8339/6/3
f 8342/6/3 8340/6/3 8341/6/3
f 8346/5/3 8344/5/3 8343/5/3
f 8347/6/3 8345/6/3 8344/6/3
f 8347/5/3 8344/5/3 8346/5/3
f 8348/6/3 8345/6/3 8347/6/3
f 8351/6/3 8350/6/3 8349/6/3
f 8352/6/3 8350/6/3 8351/6/3
f 8356/5/3 8354/5/3 8353/5/3
f 8357/6/3 8355/6/3 8354/6/3
f 8357/5/3 8354/5/3 8356/5/3
f 8358/6/3 8355/6/3 8357/6/3
f 8361/6/3 8360/6/3 8359/6/3
f 8362/6/3 8360/6/3 8361/6/3
f 8366/5/3 8364/5/3 8363/5/3
f 8367/6/3 8365/6/3 8364/6/3
f 8367/5/3 8364/5/3 8366/5/3
f 8368/6/3 8365/6/3 8367/6/3
f 8373/6/3 8370/6/3 8369/6/3
f 8373/5/3 8371/5/3 8370/5/3
f 8374/5/3 8371/5/3 8373/5/3
f 8375/6/3 8372/6/3 8371/6/3
f 8375/5/3 8371/5/3 8374/5/3
f 8376/6/3 8372/6/3 8375/6/3
f 8377/6/3 8374/6/3 8373/6/3
f 8377/5/3 8375/5/3 8374/5/3
f 8377/5/3 8376/5/3 8375/5/3
f 8378/5/3 8376/5/3 8377/5/3
f 8379/6/3 8372/6/3 8376/6/3
f 8379/5/3 8376/5/3 8378/5/3
f 8380/6/3 8372/6/3 8379/6/3
f 8381/6/3 8378/6/3 8377/6/3
f 8381/5/3 8379/5/3 8378/5/3
f 8381/5/3 8380/5/3 8379/5/3
f 8382/5/3 8380/5/3 8381/5/3
f 8383/6/3 8373/6/3 8369/6/3
f 8383/6/3 8377/6/3 8373/6/3
f 8383/6/3 8382/6/3 8381/6/3
f 8383/6/3 8381/6/3 8377/6/3
f 8384/5/3 8380/5/3 8382/5/3
f 8384/6/3 8382/6/3 8383/6/3
f 8385/5/3 8380/5/3 8384/5/3
f 8389/6/3 8388/6/3 8387/6/3
f 8390/6/3 8388/6/3 8389/6/3
f 8391/8/3 8390/8/3 8389/8/3
f 8392/8/3 8390/8/3 8391/8/3
f 8393/8/3 8391/8/3 8389/8/3
f 8393/7/3 8392/7/3 8391/7/3
f 8394/7/3 8392/7/3 8393/7/3
f 8395/8/3 8393/8/3 8389/8/3
f 8395/8/3 8394/8/3 8393/8/3
f 8396/8/3 8394/8/3 8395/8/3
f 8397/8/3 8395/8/3 8389/8/3
f 8397/7/3 8396/7/3 8395/7/3
f 8398/7/3 8396/7/3 8397/7/3
f 8399/6/3 8389/6/3 8387/6/3
f 8399/8/3 8397/8/3 8389/8/3
f 8399/8/3 8398/8/3 8397/8/3
f 8400/8/3 8398/8/3 8399/8/3
f 8401/5/3 8387/5/3 8386/5/3
f 8401/6/3 8399/6/3 8387/6/3
f 8401/6/3 8400/6/3 8399/6/3
f 8402/6/3 8400/6/3 8401/6/3
f 8403/5/3 8401/5/3 8386/5/3
f 8403/5/3 8402/5/3 8401/5/3
f 8404/5/3 8402/5/3 8403/5/3
f 8405/6/3 8400/6/3 8402/6/3
f 8405/5/3 8402/5/3 8404/5/3
f 8406/6/3 8400/6/3 8405/6/3
f 8407/6/3 8400/6/3 8406/6/3
f 8410/3/3 8409/3/3 8408/3/3
f 8411/3/3 8409/3/3 8410/3/3
f 8413/6/4 8414/6/4 8415/6/4
f 8415/6/4 8414/6/4 8416/6/4
f 8415/8/4 8416/8/4 8417/8/4
f 8417/8/4 8416/8/4 8418/8/4
f 8415/8/4 8417/8/4 8419/8/4
f 8417/7/4 8418/7/4 8419/7/4
f 8419/7/4 8418/7/4 8420/7/4
f 8413/6/4 8415/6/4 8421/6/4
f 8415/8/4 8419/8/4 8421/8/4
f 8419/8/4 8420/8/4 8421/8/4
f 8421/8/4 8420/8/4 8422/8/4
f 8412/5/4 8413/5/4 8423/5/4
f 8413/6/4 8421/6/4 8423/6/4
f 8421/6/4 8422/6/4 8423/6/4
f 8423/6/4 8422/6/4 8424/6/4
f 8412/5/4 8423/5/4 8425/5/4
f 8423/5/4 8424/5/4 8425/5/4
f 8425/5/4 8424/5/4 8426/5/4
f 8424/6/4 8422/6/4 8427/6/4
f 8426/5/4 8424/5/4 8427/5/4
f 8427/6/4 8422/6/4 8428/6/4
f 8428/6/4 8422/6/4 8429/6/4
f 8430/5/4 8431/5/4 8433/5/4
f 8431/6/4 8432/6/4 8434/6/4
f 8433/5/4 8431/5/4 8434/5/4
f 8434/6/4 8432/6/4 8435/6/4
f 8436/6/4 8437/6/4 8440/6/4
f 8437/5/4 8438/5/4 8440/5/4
f 8440/5/4 8438/5/4 8441/5/4
f 8438/6/4 8439/6/4 8442/6/4
f 8441/5/4 8438/5/4 8442/5/4
f 8442/6/4 8439/6/4 8443/6/4
f 8440/6/4 8441/6/4 8444/6/4
f 8441/5/4 8442/5/4 8444/5/4
f 8442/5/4 8443/5/4 8444/5/4
f 8444/5/4 8443/5/4 8445/5/4
f 8443/6/4 8439/6/4 8446/6/4
f 8445/5/4 8443/5/4 8446/5/4
f 8446/6/4 8439/6/4 8447/6/4
f 8444/6/4 8445/6/4 8448/6/4
f 8445/5/4 8446/5/4 8448/5/4
f 8446/5/4 8447/5/4 8448/5/4
f 8448/5/4 8447/5/4 8449/5/4
f 8436/6/4 8440/6/4 8450/6/4
f 8440/6/4 8444/6/4 8450/6/4
f 8448/6/4 8449/6/4 8450/6/4
f 8444/6/4 8448/6/4 8450/6/4
f 8449/5/4 8447/5/4 8451/5/4
f 8450/6/4 8449/6/4 8451/6/4
f 8451/5/4 8447/5/4 8452/5/4
f 8453/5/4 8454/5/4 8456/5/4
f 8454/6/4 8455/6/4 8457/6/4
f 8456/5/4 8454/5/4 8457/5/4
f 8457/6/4 8455/6/4 8458/6/4
f 8459/6/4 8460/6/4 8461/6/4
f 8461/6/4 8460/6/4 8462/6/4
f 8463/5/4 8464/5/4 8466/5/4
f 8464/6/4 8465/6/4 8467/6/4
f 8466/5/4 8464/5/4 8467/5/4
f 8467/6/4 8465/6/4 8468/6/4
f 8469/6/4 8470/6/4 8471/6/4
f 8471/6/4 8470/6/4 8472/6/4
f 8473/5/4 8474/5/4 8476/5/4
f 8474/6/4 8475/6/4 8477/6/4
f 8476/5/4 8474/5/4 8477/5/4
f 8477/6/4 8475/6/4 8478/6/4
f 8479/6/4 8480/6/4 8481/6/4
f 8481/6/4 8480/6/4 8482/6/4
f 8483/5/4 8484/5/4 8486/5/4
f 8484/6/4 8485/6/4 8487/6/4
f 8486/5/4 8484/5/4 8487/5/4
f 8487/6/4 8485/6/4 8488/6/4
f 8489/6/4 8490/6/4 8491/6/4
f 8491/6/4 8490/6/4 8492/6/4
f 8493/5/4 8494/5/4 8496/5/4
f 8494/6/4 8495/6/4 8497/6/4
f 8496/5/4 8494/5/4 8497/5/4
f 8497/6/4 8495/6/4 8498/6/4
f 8499/6/4 8500/6/4 8501/6/4
f 8501/6/4 8500/6/4 8502/6/4
f 8503/5/4 8504/5/4 8506/5/4
f 8504/6/4 8505/6/4 8507/6/4
f 8506/5/4 8504/5/4 8507/5/4
f 8507/6/4 8505/6/4 8508/6/4
f 8509/6/4 8510/6/4 8511/6/4
f 8511/6/4 8510/6/4 8512/6/4
f 8513/5/4 8514/5/4 8516/5/4
f 8514/6/4 8515/6/4 8517/6/4
f 8516/5/4 8514/5/4 8517/5/4
f 8517/6/4 8515/6/4 8518/6/4
f 8519/6/4 8520/6/4 8521/6/4
f 8521/6/4 8520/6/4 8522/6/4
f 8523/5/4 8524/5/4 8526/5/4
f 8524/6/4 8525/6/4 8527/6/4
f 8526/5/4 8524/5/4 8527/5/4
f 8527/6/4 8525/6/4 8528/6/4
f 8529/6/4 8530/6/4 8531/6/4
f 8531/6/4 8530/6/4 8532/6/4
f 8533/5/4 8534/5/4 8536/5/4
f 8534/6/4 8535/6/4 8537/6/4
f 8536/5/4 8534/5/4 8537/5/4
f 8537/6/4 8535/6/4 8538/6/4
f 8539/6/4 8540/6/4 8541/6/4
f 8541/6/4 8540/6/4 8542/6/4
f 8543/5/4 8544/5/4 8546/5/4
f 8544/6/4 8545/6/4 8547/6/4
f 8546/5/4 8544/5/4 8547/5/4
f 8547/6/4 8545/6/4 8548/6/4
f 8549/6/4 8550/6/4 8551/6/4
f 8551/6/4 8550/6/4 8552/6/4
f 8553/5/4 8554/5/4 8556/5/4
f 8554/6/4 8555/6/4 8557/6/4
f 8556/5/4 8554/5/4 8557/5/4
f 8557/6/4 8555/6/4 8558/6/4
f 8559/6/4 8560/6/4 8561/6/4
f 8561/6/4 8560/6/4 8562/6/4
f 8563/5/4 8564/5/4 8566/5/4
f 8564/6/4 8565/6/4 8567/6/4
f 8566/5/4 8564/5/4 8567/5/4
f 8567/6/4 8565/6/4 8568/6/4
f 8569/6/4 8570/6/4 8571/6/4
f 8571/6/4 8570/6/4 8572/6/4
f 8573/5/4 8574/5/4 8576/5/4
f 8574/6/4 8575/6/4 8577/6/4
f 8576/5/4 8574/5/4 8577/5/4
f 8577/6/4 8575/6/4 8578/6/4
f 8579/6/4 8580/6/4 8581/6/4
f 8581/6/4 8580/6/4 8582/6/4
f 8583/5/4 8584/5/4 8586/5/4
f 8584/6/4 8585/6/4 8587/6/4
f 8586/5/4 8584/5/4 8587/5/4
f 8587/6/4 8585/6/4 8588/6/4
f 8589/6/4 8590/6/4 8591/6/4
f 8591/6/4 8590/6/4 8592/6/4
f 8593/5/4 8594/5/4 8596/5/4
f 8594/6/4 8595/6/4 8597/6/4
f 8596/5/4 8594/5/4 8597/5/4
f 8597/6/4 8595/6/4 8598/6/4
f 8599/6/4 8600/6/4 8601/6/4
f 8601/6/4 8600/6/4 8602/6/4
f 8603/5/4 8604/5/4 8606/5/4
f 8604/6/4 8605/6/4 8607/6/4
f 8606/5/4 8604/5/4 8607/5/4
f 8607/6/4 8605/6/4 8608/6/4
f 8609/6/4 8610/6/4 8611/6/4
f 8611/6/4 8610/6/4 8612/6/4
f 8613/5/4 8614/5/4 8616/5/4
f 8614/6/4 8615/6/4 8617/6/4
f 8616/5/4 8614/5/4 8617/5/4
f 8617/6/4 8615/6/4 8618/6/4
f 8619/6/4 8620/6/4 8621/6/4
f 8621/6/4 8620/6/4 8622/6/4
f 8623/5/4 8624/5/4 8626/5/4
f 8624/6/4 8625/6/4 8627/6/4
f 8626/5/4 8624/5/4 8627/5/4
f 8627/6/4 8625/6/4 8628/6/4
f 8629/6/4 8630/6/4 8631/6/4
f 8631/6/4 8630/6/4 8632/6/4
f 8633/5/4 8634/5/4 8636/5/4
f 8634/6/4 8635/6/4 8637/6/4
f 8636/5/4 8634/5/4 8637/5/4
f 8637/6/4 8635/6/4 8638/6/4
f 8639/6/4 8640/6/4 8641/6/4
f 8641/6/4 8640/6/4 8642/6/4
f 8643/5/4 8644/5/4 8646/5/4
f 8644/6/4 8645/6/4 8647/6/4
f 8646/5/4 8644/5/4 8647/5/4
f 8647/6/4 8645/6/4 8648/6/4
f 8649/6/4 8650/6/4 8651/6/4
f 8651/6/4 8650/6/4 8652/6/4
f 8653/5/4 8654/5/4 8656/5/4
f 8654/6/4 8655/6/4 8657/6/4
f 8656/5/4 8654/5/4 8657/5/4
f 8657/6/4 8655/6/4 8658/6/4
f 8659/6/4 8660/6/4 8661/6/4
f 8661/6/4 8660/6/4 8662/6/4
f 8663/5/4 8664/5/4 8666/5/4
f 8664/6/4 8665/6/4 8667/6/4
f 8666/5/4 8664/5/4 8667/5/4
f 8667/6/4 8665/6/4 8668/6/4
f 8669/6/4 8670/6/4 8671/6/4
f 8671/6/4 8670/6/4 8672/6/4
f 8673/3/4 8674/3/4 8675/3/4
f 8675/3/4 8674/3/4 8676/3/4
f 8677/3/4 8678/3/4 8679/3/4
f 8679/3/4 8678/3/4 8680/3/4
f 8681/3/4 8682/3/4 8683/3/4
f 8683/3/4 8682/3/4 8684/3/4
f 8685/6/4 8686/6/4 8687/6/4
f 8687/6/4 8686/6/4 8688/6/4
f 8689/6/4 8690/6/4 8691/6/4
f 8691/6/4 8690/6/4 8692/6/4
f 8693/5/4 8694/5/4 8696/5/4
f 8694/6/4 8695/6/4 8697/6/4
f 8696/5/4 8694/5/4 8697/5/4
f 8697/6/4 8695/6/4 8698/6/4
f 8699/6/4 8700/6/4 8703/6/4
f 8700/5/4 8701/5/4 8704/5/4
f 8703/6/4 8700/6/4 8704/6/4
f 8701/6/4 8702/6/4 8705/6/4
f 8704/5/4 8701/5/4 8705/5/4
f 8705/6/4 8702/6/4 8706/6/4
f 8707/6/4 8708/6/4 8709/6/4
f 8709/6/4 8708/6/4 8710/6/4
f 8711/6/4 8712/6/4 8713/6/4
f 8713/6/4 8712/6/4 8714/6/4
f 8715/6/4 8716/6/4 8717/6/4
f 8717/6/4 8716/6/4 8718/6/4
f 8719/6/4 8720/6/4 8721/6/4
f 8721/6/4 8720/6/4 8722/6/4
f 8723/4/4 8724/4/4 8725/4/4
f 8725/4/4 8724/4/4 8726/4/4
f 8727/6/4 8728/6/4 8729/6/4
f 8729/6/4 8728/6/4 8730/6/4
f 8731/6/4 8732/6/4 8733/6/4
f 8733/6/4 8732/6/4 8734/6/4
f 8735/4/4 8736/4/4 8737/4/4
f 8737/4/4 8736/4/4 8738/4/4
f 8739/4/4 8740/4/4 8742/4/4
f 8740/6/4 8741/6/4 8743/6/4
f 8742/4/4 8740/4/4 8743/4/4
f 8743/6/4 8741/6/4 8744/6/4
f 8745/5/4 8746/5/4 8748/5/4
f 8746/6/4 8747/6/4 8749/6/4
f 8748/5/4 8746/5/4 8749/5/4
f 8749/6/4 8747/6/4 8750/6/4
f 8751/6/4 8752/6/4 8755/6/4
f 8752/5/4 8753/5/4 8756/5/4
f 8755/6/4 8752/6/4 8756/6/4
f 8753/6/4 8754/6/4 8757/6/4
f 8756/5/4 8753/5/4 8757/5/4
f 8757/6/4 8754/6/4 8758/6/4
f 8759/4/4 8760/4/4 8762/4/4
f 8760/6/4 8761/6/4 8763/6/4
f 8762/4/4 8760/4/4 8763/4/4
f 8763/6/4 8761/6/4 8764/6/4
f 8765/6/4 8766/6/4 8767/6/4
f 8767/6/4 8766/6/4 8768/6/4
f 8769/6/4 8770/6/4 8771/6/4
f 8771/6/4 8770/6/4 8772/6/4
f 8773/6/4 8774/6/4 8775/6/4
f 8775/6/4 8774/6/4 8776/6/4
f 8777/6/4 8778/6/4 8779/6/4
f 8779/6/4 8778/6/4 8780/6/4
f 8781/6/4 8782/6/4 8783/6/4
f 8783/6/4 8782/6/4 8784/6/4
f 8785/6/4 8786/6/4 8787/6/4
f 8787/6/4 8786/6/4 8788/6/4
f 8789/6/4 8790/6/4 8791/6/4
f 8791/6/4 8790/6/4 8792/6/4
f 8793/6/4 8794/6/4 8795/6/4
f 8795/6/4 8794/6/4 8796/6/4
f 8797/4/4 8798/4/4 8799/4/4
f 8799/4/4 8798/4/4 8800/4/4
f 8801/6/4 8802/6/4 8803/6/4
f 8803/6/4 8802/6/4 8804/6/4
f 8805/5/4 8806/5/4 8808/5/4
f 8806/6/4 8807/6/4 8809/6/4
f 8808/5/4 8806/5/4 8809/5/4
f 8809/6/4 8807/6/4 8810/6/4
f 8811/6/4 8812/6/4 8815/6/4
f 8812/5/4 8813/5/4 8816/5/4
f 8815/6/4 8812/6/4 8816/6/4
f 8813/6/4 8814/6/4 8817/6/4
f 8816/5/4 8813/5/4 8817/5/4
f 8817/6/4 8814/6/4 8818/6/4
f 8819/6/4 8820/6/4 8821/6/4
f 8821/6/4 8820/6/4 8822/6/4
f 8823/4/4 8824/4/4 8825/4/4
f 8825/4/4 8824/4/4 8826/4/4
f 8827/6/4 8828/6/4 8829/6/4
f 8829/6/4 8828/6/4 8830/6/4
f 8831/6/4 8832/6/4 8833/6/4
f 8833/6/4 8832/6/4 8834/6/4
f 8835/6/4 8836/6/4 8837/6/4
f 8837/6/4 8836/6/4 8838/6/4
f 8839/5/4 8840/5/4 8842/5/4
f 8840/6/4 8841/6/4 8843/6/4
f 8842/5/4 8840/5/4 8843/5/4
f 8843/6/4 8841/6/4 8844/6/4
f 8845/6/4 8846/6/4 8849/6/4
f 8846/5/4 8847/5/4 8850/5/4
f 8849/6/4 8846/6/4 8850/6/4
f 8847/6/4 8848/6/4 8851/6/4
f 8850/5/4 8847/5/4 8851/5/4
f 8851/6/4 8848/6/4 8852/6/4
f 8853/6/4 8854/6/4 8855/6/4
f 8855/6/4 8854/6/4 8856/6/4
f 8857/4/4 8858/4/4 8860/4/4
f 8858/6/4 8859/6/4 8861/6/4
f 8860/4/4 8858/4/4 8861/4/4
f 8861/6/4 8859/6/4 8862/6/4
f 8863/6/4 8864/6/4 8865/6/4
f 8865/6/4 8864/6/4 8866/6/4
f 8867/6/4 8868/6/4 8869/6/4
f 8869/6/4 8868/6/4 8870/6/4
f 8871/6/4 8872/6/4 8873/6/4
f 8873/6/4 8872/6/4 8874/6/4
f 8875/6/4 8876/6/4 8877/6/4
f 8877/6/4 8876/6/4 8878/6/4
f 8879/4/4 8880/4/4 8882/4/4
f 8880/6/4 8881/6/4 8883/6/4
f 8882/4/4 8880/4/4 8883/4/4
f 8883/6/4 8881/6/4 8884/6/4
f 8885/4/4 8886/4/4 8887/4/4
f 8887/4/4 8886/4/4 8888/4/4
f 8889/6/4 8890/6/4 8891/6/4
f 8891/6/4 8890/6/4 8892/6/4
f 8893/6/4 8894/6/4 8895/6/4
f 8895/6/4 8894/6/4 8896/6/4
f 8897/5/4 8898/5/4 8900/5/4
f 8898/6/4 8899/6/4 8901/6/4
f 8900/5/4 8898/5/4 8901/5/4
f 8901/6/4 8899/6/4 8902/6/4
f 8903/6/4 8904/6/4 8907/6/4
f 8904/5/4 8905/5/4 8908/5/4
f 8907/6/4 8904/6/4 8908/6/4
f 8905/6/4 8906/6/4 8909/6/4
f 8908/5/4 8905/5/4 8909/5/4
f 8909/6/4 8906/6/4 8910/6/4
f 8911/6/4 8912/6/4 8913/6/4
f 8913/6/4 8912/6/4 8914/6/4
f 8915/6/4 8916/6/4 8917/6/4
f 8917/6/4 8916/6/4 8918/6/4
f 8919/4/4 8920/4/4 8922/4/4
f 8920/4/4 8921/4/4 8922/4/4
f 8922/4/4 8921/4/4 8923/4/4
f 8924/6/4 8925/6/4 8926/6/4
f 8926/6/4 8925/6/4 8927/6/4
f 8928/6/4 8929/6/4 8930/6/4
f 8930/6/4 8929/6/4 8931/6/4
f 8932/6/4 8933/6/4 8934/6/4
f 8934/6/4 8933/6/4 8935/6/4
f 8936/6/4 8937/6/4 8938/6/4
f 8938/6/4 8937/6/4 8939/6/4
f 8940/5/4 8941/5/4 8943/5/4
f 8941/6/4 8942/6/4 8944/6/4
f 8943/5/4 8941/5/4 8944/5/4
f 8944/6/4 8942/6/4 8945/6/4
f 8946/6/4 8947/6/4 8950/6/4
f 8947/5/4 8948/5/4 8951/5/4
f 8950/6/4 8947/6/4 8951/6/4
f 8948/6/4 8949/6/4 8952/6/4
f 8951/5/4 8948/5/4 8952/5/4
f 8952/6/4 8949/6/4 8953/6/4
f 8954/6/4 8955/6/4 8956/6/4
f 8956/6/4 8955/6/4 8957/6/4
f 8958/6/4 8959/6/4 8960/6/4
f 8960/6/4 8959/6/4 8961/6/4
f 8962/6/4 8963/6/4 8964/6/4
f 8964/6/4 8963/6/4 8965/6/4
f 8966/6/4 8967/6/4 8968/6/4
f 8968/6/4 8967/6/4 8969/6/4
f 8970/6/4 8971/6/4 8972/6/4
f 8972/6/4 8971/6/4 8973/6/4
f 8974/6/4 8975/6/4 8976/6/4
f 8976/6/4 8975/6/4 8977/6/4
f 8978/4/4 8979/4/4 8981/4/4
f 8979/6/4 8980/6/4 8982/6/4
f 8981/4/4 8979/4/4 8982/4/4
f 8982/6/4 8980/6/4 8983/6/4
f 8984/4/4 8985/4/4 8986/4/4
f 8986/4/4 8985/4/4 8987/4/4
f 8987/4/4 8985/4/4 8988/4/4
f 8989/6/4 8990/6/4 8991/6/4
f 8991/6/4 8990/6/4 8992/6/4
f 8993/5/4 8994/5/4 8996/5/4
f 8994/6/4 8995/6/4 8997/6/4
f 8996/5/4 8994/5/4 8997/5/4
f 8997/6/4 8995/6/4 8998/6/4
f 8999/6/4 9000/6/4 9003/6/4
f 9000/5/4 9001/5/4 9004/5/4
f 9003/6/4 9000/6/4 9004/6/4
f 9001/6/4 9002/6/4 9005/6/4
f 9004/5/4 9001/5/4 9005/5/4
f 9005/6/4 9002/6/4 9006/6/4
f 9007/6/4 9008/6/4 9009/6/4
f 9009/6/4 9008/6/4 9010/6/4
f 9011/4/4 9012/4/4 9014/4/4
f 9012/6/4 9013/6/4 9015/6/4
f 9014/4/4 9012/4/4 9015/4/4
f 9015/6/4 9013/6/4 9016/6/4
f 9017/4/4 9018/4/4 9020/4/4
f 9018/6/4 9019/6/4 9021/6/4
f 9020/4/4 9018/4/4 9021/4/4
f 9021/6/4 9019/6/4 9022/6/4
f 9023/6/4 9024/6/4 9025/6/4
f 9025/6/4 9024/6/4 9026/6/4
f 9027/6/4 9028/6/4 9029/6/4
f 9029/6/4 9028/6/4 9030/6/4
f 9031/6/4 9032/6/4 9033/6/4
f 9033/6/4 9032/6/4 9034/6/4
f 9035/5/4 9036/5/4 9038/5/4
f 9036/6/4 9037/6/4 9039/6/4
f 9038/5/4 9036/5/4 9039/5/4
f 9039/6/4 9037/6/4 9040/6/4
f 9041/6/4 9042/6/4 9045/6/4
f 9042/5/4 9043/5/4 9046/5/4
f 9045/6/4 9042/6/4 9046/6/4
f 9043/6/4 9044/6/4 9047/6/4
f 9046/5/4 9043/5/4 9047/5/4
f 9047/6/4 9044/6/4 9048/6/4
f 9049/6/4 9050/6/4 9051/6/4
f 9051/6/4 9050/6/4 9052/6/4
f 9053/6/4 9054/6/4 9055/6/4
f 9055/6/4 9054/6/4 9056/6/4
f 9057/6/4 9058/6/4 9059/6/4
f 9059/6/4 9058/6/4 9060/6/4
f 9061/4/4 9062/4/4 9064/4/4
f 9062/6/4 9063/6/4 9065/6/4
f 9064/4/4 9062/4/4 9065/4/4
f 9065/6/4 9063/6/4 9066/6/4
f 9067/6/4 9068/6/4 9069/6/4
f 9069/6/4 9068/6/4 9070/6/4
f 9071/6/4 9072/6/4 9073/6/4
f 9073/6/4 9072/6/4 9074/6/4
f 9075/5/4 9076/5/4 9078/5/4
f 9076/6/4 9077/6/4 9079/6/4
f 9078/5/4 9076/5/4 9079/5/4
f 9079/6/4 9077/6/4 9080/6/4
f 9081/6/4 9082/6/4 9085/6/4
f 9082/5/4 9083/5/4 9086/5/4
f 9085/6/4 9082/6/4 9086/6/4
f 9083/6/4 9084/6/4 9087/6/4
f 9086/5/4 9083/5/4 9087/5/4
f 9087/6/4 9084/6/4 9088/6/4
f 9089/6/4 9090/6/4 9091/6/4
f 9091/6/4 9090/6/4 9092/6/4
f 9093/6/4 9094/6/4 9095/6/4
f 9095/6/4 9094/6/4 9096/6/4
f 9097/4/4 9098/4/4 9100/4/4
f 9098/6/4 9099/6/4 9101/6/4
f 9100/4/4 9098/4/4 9101/4/4
f 9101/6/4 9099/6/4 9102/6/4
f 9103/6/4 9104/6/4 9105/6/4
f 9105/6/4 9104/6/4 9106/6/4
f 9107/6/4 9108/6/4 9109/6/4
f 9109/6/4 9108/6/4 9110/6/4
f 9111/6/4 9112/6/4 9113/6/4
f 9113/6/4 9112/6/4 9114/6/4
f 9115/6/4 9116/6/4 9117/6/4
f 9117/6/4 9116/6/4 9118/6/4
f 9119/4/4 9120/4/4 9122/4/4
f 9120/6/4 9121/6/4 9123/6/4
f 9122/4/4 9120/4/4 9123/4/4
f 9123/6/4 9121/6/4 9124/6/4
f 9125/6/4 9126/6/4 9127/6/4
f 9127/6/4 9126/6/4 9128/6/4
f 9129/6/4 9130/6/4 9131/6/4
f 9131/6/4 9130/6/4 9132/6/4
f 9133/5/4 9134/5/4 9136/5/4
f 9134/6/4 9135/6/4 9137/6/4
f 9136/5/4 9134/5/4 9137/5/4
f 9137/6/4 9135/6/4 9138/6/4
f 9139/6/4 9140/6/4 9143/6/4
f 9140/5/4 9141/5/4 9144/5/4
f 9143/6/4 9140/6/4 9144/6/4
f 9141/6/4 9142/6/4 9145/6/4
f 9144/5/4 9141/5/4 9145/5/4
f 9145/6/4 9142/6/4 9146/6/4
f 9147/6/4 9148/6/4 9149/6/4
f 9149/6/4 9148/6/4 9150/6/4
f 9151/6/4 9152/6/4 9153/6/4
f 9153/6/4 9152/6/4 9154/6/4
f 9155/4/4 9156/4/4 9158/4/4
f 9156/6/4 9157/6/4 9159/6/4
f 9158/4/4 9156/4/4 9159/4/4
f 9159/6/4 9157/6/4 9160/6/4
f 9161/4/4 9162/4/4 9163/4/4
f 9163/4/4 9162/4/4 9164/4/4
f 9165/6/4 9166/6/4 9167/6/4
f 9167/6/4 9166/6/4 9168/6/4
f 9169/6/4 9170/6/4 9171/6/4
f 9171/6/4 9170/6/4 9172/6/4
f 9173/6/4 9174/6/4 9175/6/4
f 9175/6/4 9174/6/4 9176/6/4
f 9177/5/4 9178/5/4 9180/5/4
f 9178/6/4 9179/6/4 9181/6/4
f 9180/5/4 9178/5/4 9181/5/4
f 9181/6/4 9179/6/4 9182/6/4
f 9183/6/4 9184/6/4 9187/6/4
f 9184/5/4 9185/5/4 9188/5/4
f 9187/6/4 9184/6/4 9188/6/4
f 9185/6/4 9186/6/4 9189/6/4
f 9188/5/4 9185/5/4 9189/5/4
f 9189/6/4 9186/6/4 9190/6/4
f 9191/6/4 9192/6/4 9193/6/4
f 9193/6/4 9192/6/4 9194/6/4
f 9195/6/4 9196/6/4 9197/6/4
f 9197/6/4 9196/6/4 9198/6/4
f 9199/6/4 9200/6/4 9201/6/4
f 9201/6/4 9200/6/4 9202/6/4
f 9203/4/4 9204/4/4 9205/4/4
f 9205/4/4 9204/4/4 9206/4/4
f 9207/6/4 9208/6/4 9209/6/4
f 9209/6/4 9208/6/4 9210/6/4
f 9211/6/4 9212/6/4 9213/6/4
f 9213/6/4 9212/6/4 9214/6/4
f 9215/6/4 9216/6/4 9217/6/4
f 9217/6/4 9216/6/4 9218/6/4
f 9219/6/4 9220/6/4 9221/6/4
f 9221/6/4 9220/6/4 9222/6/4
f 9223/5/4 9224/5/4 9226/5/4
f 9224/6/4 9225/6/4 9227/6/4
f 9226/5/4 9224/5/4 9227/5/4
f 9227/6/4 9225/6/4 9228/6/4
f 9229/6/4 9230/6/4 9233/6/4
f 9230/5/4 9231/5/4 9234/5/4
f 9233/6/4 9230/6/4 9234/6/4
f 9231/6/4 9232/6/4 9235/6/4
f 9234/5/4 9231/5/4 9235/5/4
f 9235/6/4 9232/6/4 9236/6/4
f 9237/6/4 9238/6/4 9239/6/4
f 9239/6/4 9238/6/4 9240/6/4
f 9241/6/4 9242/6/4 9243/6/4
f 9243/6/4 9242/6/4 9244/6/4
f 9245/6/4 9246/6/4 9247/6/4
f 9247/6/4 9246/6/4 9248/6/4
f 9249/6/4 9250/6/4 9251/6/4
f 9251/6/4 9250/6/4 9252/6/4
f 9253/4/4 9254/4/4 9256/4/4
f 9254/6/4 9255/6/4 9257/6/4
f 9256/4/4 9254/4/4 9257/4/4
f 9257/6/4 9255/6/4 9258/6/4
f 9259/4/4 9260/4/4 9261/4/4
f 9261/4/4 9260/4/4 9262/4/4
f 9262/4/4 9260/4/4 9263/4/4
f 9264/6/4 9265/6/4 9266/6/4
f 9266/6/4 9265/6/4 9267/6/4
f 9268/5/4 9269/5/4 9271/5/4
f 9269/6/4 9270/6/4 9272/6/4
f 9271/5/4 9269/5/4 9272/5/4
f 9272/6/4 9270/6/4 9273/6/4
f 9274/6/4 9275/6/4 9278/6/4
f 9275/5/4 9276/5/4 9279/5/4
f 9278/6/4 9275/6/4 9279/6/4
f 9276/6/4 9277/6/4 9280/6/4
f 9279/5/4 9276/5/4 9280/5/4
f 9280/6/4 9277/6/4 9281/6/4
f 9282/6/4 9283/6/4 9284/6/4
f 9284/6/4 9283/6/4 9285/6/4
f 9286/4/4 9287/4/4 9288/4/4
f 9288/4/4 9287/4/4 9289/4/4
f 9290/4/4 9291/4/4 9293/4/4
f 9291/6/4 9292/6/4 9294/6/4
f 9293/4/4 9291/4/4 9294/4/4
f 9294/6/4 9292/6/4 9295/6/4
f 9296/6/4 9297/6/4 9298/6/4
f 9298/6/4 9297/6/4 9299/6/4
f 9300/6/4 9301/6/4 9302/6/4
f 9302/6/4 9301/6/4 9303/6/4
f 9304/6/4 9305/6/4 9306/6/4
f 9306/6/4 9305/6/4 9307/6/4
f 9308/6/4 9309/6/4 9310/6/4
f 9310/6/4 9309/6/4 9311/6/4
f 9312/5/4 9313/5/4 9315/5/4
f 9313/6/4 9314/6/4 9316/6/4
f 9315/5/4 9313/5/4 9316/5/4
f 9316/6/4 9314/6/4 9317/6/4
f 9318/6/4 9319/6/4 9322/6/4
f 9319/5/4 9320/5/4 9323/5/4
f 9322/6/4 9319/6/4 9323/6/4
f 9320/6/4 9321/6/4 9324/6/4
f 9323/5/4 9320/5/4 9324/5/4
f 9324/6/4 9321/6/4 9325/6/4
f 9326/6/4 9327/6/4 9328/6/4
f 9328/6/4 9327/6/4 9329/6/4
f 9330/6/4 9331/6/4 9332/6/4
f 9332/6/4 9331/6/4 9333/6/4
f 9334/6/4 9335/6/4 9336/6/4
f 9336/6/4 9335/6/4 9337/6/4
f 9338/6/4 9339/6/4 9340/6/4
f 9340/6/4 9339/6/4 9341/6/4
f 9342/4/4 9343/4/4 9345/4/4
f 9343/6/4 9344/6/4 9346/6/4
f 9345/4/4 9343/4/4 9346/4/4
f 9346/6/4 9344/6/4 9347/6/4
f 9348/6/4 9349/6/4 9350/6/4
f 9350/6/4 9349/6/4 9351/6/4
f 9352/6/4 9353/6/4 9354/6/4
f 9354/6/4 9353/6/4 9355/6/4
f 9356/6/4 9357/6/4 9358/6/4
f 9358/6/4 9357/6/4 9359/6/4
f 9360/5/4 9361/5/4 9363/5/4
f 9361/6/4 9362/6/4 9364/6/4
f 9363/5/4 9361/5/4 9364/5/4
f 9364/6/4 9362/6/4 9365/6/4
f 9366/6/4 9367/6/4 9370/6/4
f 9367/5/4 9368/5/4 9371/5/4
f 9370/6/4 9367/6/4 9371/6/4
f 9368/6/4 9369/6/4 9372/6/4
f 9371/5/4 9368/5/4 9372/5/4
f 9372/6/4 9369/6/4 9373/6/4
f 9374/6/4 9375/6/4 9376/6/4
f 9376/6/4 9375/6/4 9377/6/4
f 9378/6/4 9379/6/4 9380/6/4
f 9380/6/4 9379/6/4 9381/6/4
f 9382/6/4 9383/6/4 9384/6/4
f 9384/6/4 9383/6/4 9385/6/4
f 9386/4/4 9387/4/4 9389/4/4
f 9387/4/4 9388/4/4 9389/4/4
f 9389/4/4 9388/4/4 9390/4/4
f 9391/4/4 9392/4/4 9394/4/4
f 9392/6/4 9393/6/4 9395/6/4
f 9394/4/4 9392/4/4 9395/4/4
f 9395/6/4 9393/6/4 9396/6/4
f 9397/6/4 9398/6/4 9399/6/4
f 9399/6/4 9398/6/4 9400/6/4
f 9401/6/4 9402/6/4 9403/6/4
f 9403/6/4 9402/6/4 9404/6/4
f 9405/6/4 9406/6/4 9407/6/4
f 9407/6/4 9406/6/4 9408/6/4
f 9409/6/4 9410/6/4 9411/6/4
f 9411/6/4 9410/6/4 9412/6/4
f 9413/5/4 9414/5/4 9416/5/4
f 9414/6/4 9415/6/4 9417/6/4
f 9416/5/4 9414/5/4 9417/5/4
f 9417/6/4 9415/6/4 9418/6/4
f 9419/6/4 9420/6/4 9423/6/4
f 9420/5/4 9421/5/4 9424/5/4
f 9423/6/4 9420/6/4 9424/6/4
f 9421/6/4 9422/6/4 9425/6/4
f 9424/5/4 9421/5/4 9425/5/4
f 9425/6/4 9422/6/4 9426/6/4
f 9427/6/4 9428/6/4 9429/6/4
f 9429/6/4 9428/6/4 9430/6/4
f 9431/6/4 9432/6/4 9433/6/4
f 9433/6/4 9432/6/4 9434/6/4
f 9435/6/4 9436/6/4 9437/6/4
f 9437/6/4 9436/6/4 9438/6/4
f 9439/6/4 9440/6/4 9441/6/4
f 9441/6/4 9440/6/4 9442/6/4
f 9443/4/4 9444/4/4 9446/4/4
f 9444/6/4 9445/6/4 9447/6/4
f 9446/4/4 9444/4/4 9447/4/4
f 9447/6/4 9445/6/4 9448/6/4
f 9449/4/4 9450/4/4 9452/4/4
f 9450/6/4 9451/6/4 9453/6/4
f 9452/4/4 9450/4/4 9453/4/4
f 9453/6/4 9451/6/4 9454/6/4
f 9455/6/4 9456/6/4 9457/6/4
f 9457/6/4 9456/6/4 9458/6/4
f 9459/6/4 9460/6/4 9461/6/4
f 9461/6/4 9460/6/4 9462/6/4
f 9463/6/4 9464/6/4 9465/6/4
f 9465/6/4 9464/6/4 9466/6/4
f 9467/5/4 9468/5/4 9470/5/4
f 9468/6/4 9469/6/4 9471/6/4
f 9470/5/4 9468/5/4 9471/5/4
f 9471/6/4 9469/6/4 9472/6/4
f 9473/6/4 9474/6/4 9477/6/4
f 9474/5/4 9475/5/4 9478/5/4
f 9477/6/4 9474/6/4 9478/6/4
f 9475/6/4 9476/6/4 9479/6/4
f 9478/5/4 9475/5/4 9479/5/4
f 9479/6/4 9476/6/4 9480/6/4
f 9481/6/4 9482/6/4 9483/6/4
f 9483/6/4 9482/6/4 9484/6/4
f 9485/6/4 9486/6/4 9487/6/4
f 9487/6/4 9486/6/4 9488/6/4
f 9489/6/4 9490/6/4 9491/6/4
f 9491/6/4 9490/6/4 9492/6/4
f 9493/4/4 9494/4/4 9496/4/4
f 9494/6/4 9495/6/4 9497/6/4
f 9496/4/4 9494/4/4 9497/4/4
f 9497/6/4 9495/6/4 9498/6/4
f 9499/6/4 9500/6/4 9501/6/4
f 9501/6/4 9500/6/4 9502/6/4
f 9503/6/4 9504/6/4 9505/6/4
f 9505/6/4 9504/6/4 9506/6/4
f 9507/6/4 9508/6/4 9509/6/4
f 9509/6/4 9508/6/4 9510/6/4
f 9511/5/4 9512/5/4 9514/5/4
f 9512/6/4 9513/6/4 9515/6/4
f 9514/5/4 9512/5/4 9515/5/4
f 9515/6/4 9513/6/4 9516/6/4
f 9517/6/4 9518/6/4 9521/6/4
f 9518/5/4 9519/5/4 9522/5/4
f 9521/6/4 9518/6/4 9522/6/4
f 9519/6/4 9520/6/4 9523/6/4
f 9522/5/4 9519/5/4 9523/5/4
f 9523/6/4 9520/6/4 9524/6/4
f 9525/6/4 9526/6/4 9527/6/4
f 9527/6/4 9526/6/4 9528/6/4
f 9529/6/4 9530/6/4 9531/6/4
f 9531/6/4 9530/6/4 9532/6/4
f 9533/6/4 9534/6/4 9535/6/4
f 9535/6/4 9534/6/4 9536/6/4
f 9537/4/4 9538/4/4 9540/4/4
f 9538/6/4 9539/6/4 9541/6/4
f 9540/4/4 9538/4/4 9541/4/4
f 9541/6/4 9539/6/4 9542/6/4
f 9543/4/4 9544/4/4 9545/4/4
f 9545/4/4 9544/4/4 9546/4/4
f 9547/6/4 9548/6/4 9549/6/4
f 9549/6/4 9548/6/4 9550/6/4
f 9551/6/4 9552/6/4 9553/6/4
f 9553/6/4 9552/6/4 9554/6/4
f 9555/6/4 9556/6/4 9557/6/4
f 9557/6/4 9556/6/4 9558/6/4
f 9559/6/4 9560/6/4 9561/6/4
f 9561/6/4 9560/6/4 9562/6/4
f 9563/5/4 9564/5/4 9566/5/4
f 9564/6/4 9565/6/4 9567/6/4
f 9566/5/4 9564/5/4 9567/5/4
f 9567/6/4 9565/6/4 9568/6/4
f 9569/6/4 9570/6/4 9573/6/4
f 9570/5/4 9571/5/4 9574/5/4
f 9573/6/4 9570/6/4 9574/6/4
f 9571/6/4 9572/6/4 9575/6/4
f 9574/5/4 9571/5/4 9575/5/4
f 9575/6/4 9572/6/4 9576/6/4
f 9577/6/4 9578/6/4 9579/6/4
f 9579/6/4 9578/6/4 9580/6/4
f 9581/6/4 9582/6/4 9583/6/4
f 9583/6/4 9582/6/4 9584/6/4
f 9585/6/4 9586/6/4 9587/6/4
f 9587/6/4 9586/6/4 9588/6/4
f 9589/6/4 9590/6/4 9591/6/4
f 9591/6/4 9590/6/4 9592/6/4
f 9593/4/4 9594/4/4 9596/4/4
f 9594/6/4 9595/6/4 9597/6/4
f 9596/4/4 9594/4/4 9597/4/4
f 9597/6/4 9595/6/4 9598/6/4
f 9599/4/4 9600/4/4 9602/4/4
f 9600/6/4 9601/6/4 9603/6/4
f 9602/4/4 9600/4/4 9603/4/4
f 9603/6/4 9601/6/4 9604/6/4
f 9605/6/4 9606/6/4 9607/6/4
f 9607/6/4 9606/6/4 9608/6/4
f 9609/6/4 9610/6/4 9611/6/4
f 9611/6/4 9610/6/4 9612/6/4
f 9613/6/4 9614/6/4 9615/6/4
f 9615/6/4 9614/6/4 9616/6/4
f 9617/6/4 9618/6/4 9619/6/4
f 9619/6/4 9618/6/4 9620/6/4
f 9621/5/4 9622/5/4 9624/5/4
f 9622/6/4 9623/6/4 9625/6/4
f 9624/5/4 9622/5/4 9625/5/4
f 9625/6/4 9623/6/4 9626/6/4
f 9627/6/4 9628/6/4 9631/6/4
f 9628/5/4 9629/5/4 9632/5/4
f 9631/6/4 9628/6/4 9632/6/4
f 9629/6/4 9630/6/4 9633/6/4
f 9632/5/4 9629/5/4 9633/5/4
f 9633/6/4 9630/6/4 9634/6/4
f 9635/6/4 9636/6/4 9637/6/4
f 9637/6/4 9636/6/4 9638/6/4
f 9639/6/4 9640/6/4 9641/6/4
f 9641/6/4 9640/6/4 9642/6/4
f 9643/6/4 9644/6/4 9645/6/4
f 9645/6/4 9644/6/4 9646/6/4
f 9647/6/4 9648/6/4 9649/6/4
f 9649/6/4 9648/6/4 9650/6/4
f 9651/4/4 9652/4/4 9653/4/4
f 9653/4/4 9652/4/4 9654/4/4
f 9654/4/4 9652/4/4 9655/4/4
f 9656/6/4 9657/6/4 9658/6/4
f 9658/6/4 9657/6/4 9659/6/4
f 9660/6/4 9661/6/4 9662/6/4
f 9662/6/4 9661/6/4 9663/6/4
f 9664/6/4 9665/6/4 9666/6/4
f 9666/6/4 9665/6/4 9667/6/4
f 9668/5/4 9669/5/4 9671/5/4
f 9669/6/4 9670/6/4 9672/6/4
f 9671/5/4 9669/5/4 9672/5/4
f 9672/6/4 9670/6/4 9673/6/4
f 9674/6/4 9675/6/4 9678/6/4
f 9675/5/4 9676/5/4 9679/5/4
f 9678/6/4 9675/6/4 9679/6/4
f 9676/6/4 9677/6/4 9680/6/4
f 9679/5/4 9676/5/4 9680/5/4
f 9680/6/4 9677/6/4 9681/6/4
f 9682/6/4 9683/6/4 9684/6/4
f 9684/6/4 9683/6/4 9685/6/4
f 9686/6/4 9687/6/4 9688/6/4
f 9688/6/4 9687/6/4 9689/6/4
f 9690/6/4 9691/6/4 9692/6/4
f 9692/6/4 9691/6/4 9693/6/4
f 9694/4/4 9695/4/4 9696/4/4
f 9696/4/4 9695/4/4 9697/4/4
f 9698/4/4 9699/4/4 9701/4/4
f 9699/6/4 9700/6/4 9702/6/4
f 9701/4/4 9699/4/4 9702/4/4
f 9702/6/4 9700/6/4 9703/6/4
f 9704/4/4 9705/4/4 9707/4/4
f 9705/6/4 9706/6/4 9708/6/4
f 9707/4/4 9705/4/4 9708/4/4
f 9708/6/4 9706/6/4 9709/6/4
f 9710/6/4 9711/6/4 9712/6/4
f 9712/6/4 9711/6/4 9713/6/4
f 9714/6/4 9715/6/4 9716/6/4
f 9716/6/4 9715/6/4 9717/6/4
f 9718/6/4 9719/6/4 9720/6/4
f 9720/6/4 9719/6/4 9721/6/4
f 9722/6/4 9723/6/4 9724/6/4
f 9724/6/4 9723/6/4 9725/6/4
f 9726/5/4 9727/5/4 9729/5/4
f 9727/6/4 9728/6/4 9730/6/4
f 9729/5/4 9727/5/4 9730/5/4
f 9730/6/4 9728/6/4 9731/6/4
f 9732/6/4 9733/6/4 9738/6/4
f 9733/6/4 9734/6/4 9738/6/4
f 9735/5/4 9736/5/4 9738/5/4
f 9734/5/4 9735/5/4 9738/5/4
f 9738/5/4 9736/5/4 9739/5/4
f 9736/6/4 9737/6/4 9740/6/4
f 9739/5/4 9736/5/4 9740/5/4
f 9740/6/4 9737/6/4 9741/6/4
f 9738/6/4 9739/6/4 9742/6/4
f 9739/5/4 9740/5/4 9742/5/4
f 9740/5/4 9741/5/4 9742/5/4
f 9742/5/4 9741/5/4 9743/5/4
f 9732/6/4 9738/6/4 9744/6/4
f 9738/6/4 9742/6/4 9744/6/4
f 9742/6/4 9743/6/4 9744/6/4
f 9743/5/4 9741/5/4 9745/5/4
f 9744/6/4 9743/6/4 9745/6/4
f 9741/6/4 9737/6/4 9746/6/4
f 9745/5/4 9741/5/4 9746/5/4
f 9746/6/4 9737/6/4 9747/6/4
f 9748/6/4 9749/6/4 9750/6/4
f 9750/6/4 9749/6/4 9751/6/4
f 9752/6/4 9753/6/4 9754/6/4
f 9754/6/4 9753/6/4 9755/6/4
f 9756/6/4 9757/6/4 9758/6/4
f 9758/6/4 9757/6/4 9759/6/4
f 9760/6/4 9761/6/4 9762/6/4
f 9762/6/4 9761/6/4 9763/6/4
f 9764/4/4 9765/4/4 9766/4/4
f 9766/4/4 9765/4/4 9767/4/4
f 9768/4/4 9769/4/4 9771/4/4
f 9769/6/4 9770/6/4 9772/6/4
f 9771/4/4 9769/4/4 9772/4/4
f 9772/6/4 9770/6/4 9773/6/4
f 9774/6/4 9775/6/4 9776/6/4
f 9776/6/4 9775/6/4 9777/6/4
f 9778/6/4 9779/6/4 9780/6/4
f 9780/6/4 9779/6/4 9781/6/4
f 9782/6/4 9783/6/4 9784/6/4
f 9784/6/4 9783/6/4 9785/6/4
f 9786/6/4 9787/6/4 9788/6/4
f 9788/6/4 9787/6/4 9789/6/4
f 9790/5/4 9791/5/4 9793/5/4
f 9791/6/4 9792/6/4 9794/6/4
f 9793/5/4 9791/5/4 9794/5/4
f 9794/6/4 9792/6/4 9795/6/4
f 9796/6/4 9797/6/4 9801/6/4
f 9797/5/4 9798/5/4 9801/5/4
f 9798/5/4 9799/5/4 9801/5/4
f 9801/5/4 9799/5/4 9802/5/4
f 9799/6/4 9800/6/4 9803/6/4
f 9802/5/4 9799/5/4 9803/5/4
f 9803/6/4 9800/6/4 9804/6/4
f 9801/6/4 9802/6/4 9805/6/4
f 9802/5/4 9803/5/4 9805/5/4
f 9803/5/4 9804/5/4 9805/5/4
f 9805/5/4 9804/5/4 9806/5/4
f 9804/6/4 9800/6/4 9807/6/4
f 9806/5/4 9804/5/4 9807/5/4
f 9807/6/4 9800/6/4 9808/6/4
f 9805/6/4 9806/6/4 9809/6/4
f 9806/5/4 9807/5/4 9809/5/4
f 9807/5/4 9808/5/4 9809/5/4
f 9809/5/4 9808/5/4 9810/5/4
f 9808/6/4 9800/6/4 9811/6/4
f 9810/5/4 9808/5/4 9811/5/4
f 9811/6/4 9800/6/4 9812/6/4
f 9809/6/4 9810/6/4 9813/6/4
f 9796/6/4 9801/6/4 9813/6/4
f 9801/6/4 9805/6/4 9813/6/4
f 9805/6/4 9809/6/4 9813/6/4
f 9811/5/4 9812/5/4 9814/5/4
f 9813/6/4 9810/6/4 9814/6/4
f 9810/5/4 9811/5/4 9814/5/4
f 9812/6/4 9800/6/4 9815/6/4
f 9814/5/4 9812/5/4 9815/5/4
f 9815/6/4 9800/6/4 9816/6/4
f 9817/6/4 9818/6/4 9819/6/4
f 9819/6/4 9818/6/4 9820/6/4
f 9821/6/4 9822/6/4 9823/6/4
f 9823/6/4 9822/6/4 9824/6/4
f 9825/6/4 9826/6/4 9827/6/4
f 9827/6/4 9826/6/4 9828/6/4
f 9829/6/4 9830/6/4 9831/6/4
f 9831/6/4 9830/6/4 9832/6/4
f 9833/4/4 9834/4/4 9836/4/4
f 9834/6/4 9835/6/4 9837/6/4
f 9836/4/4 9834/4/4 9837/4/4
f 9837/6/4 9835/6/4 9838/6/4
f 9839/4/4 9840/4/4 9842/4/4
f 9840/6/4 9841/6/4 9843/6/4
f 9842/4/4 9840/4/4 9843/4/4
f 9843/6/4 9841/6/4 9844/6/4
f 9845/6/4 9846/6/4 9847/6/4
f 9847/6/4 9846/6/4 9848/6/4
f 9849/6/4 9850/6/4 9851/6/4
f 9851/6/4 9850/6/4 9852/6/4
f 9853/6/4 9854/6/4 9855/6/4
f 9855/6/4 9854/6/4 9856/6/4
f 9857/6/4 9858/6/4 9859/6/4
f 9859/6/4 9858/6/4 9860/6/4
f 9862/6/4 9863/6/4 9864/6/4
f 9864/6/4 9863/6/4 9865/6/4
f 9866/8/4 9867/8/4 9868/8/4
f 9868/8/4 9867/8/4 9869/8/4
f 9869/8/4 9867/8/4 9870/8/4
f 9870/8/4 9867/8/4 9871/8/4
f 9866/8/4 9868/8/4 9872/8/4
f 9868/7/4 9869/7/4 9872/7/4
f 9869/8/4 9870/8/4 9873/8/4
f 9872/7/4 9869/7/4 9873/7/4
f 9866/8/4 9872/8/4 9874/8/4
f 9872/8/4 9873/8/4 9874/8/4
f 9873/8/4 9870/8/4 9875/8/4
f 9874/8/4 9873/8/4 9875/8/4
f 9865/6/4 9863/6/4 9876/6/4
f 9865/6/4 9876/6/4 9877/6/4
f 9866/8/4 9874/8/4 9878/8/4
f 9874/7/4 9875/7/4 9878/7/4
f 9875/8/4 9870/8/4 9879/8/4
f 9878/7/4 9875/7/4 9879/7/4
f 9870/7/4 9871/7/4 9880/7/4
f 9879/8/4 9870/8/4 9880/8/4
f 9871/8/4 9867/8/4 9881/8/4
f 9880/7/4 9871/7/4 9881/7/4
f 9866/8/4 9878/8/4 9882/8/4
f 9879/8/4 9880/8/4 9882/8/4
f 9880/8/4 9881/8/4 9882/8/4
f 9878/8/4 9879/8/4 9882/8/4
f 9881/8/4 9867/8/4 9883/8/4
f 9882/8/4 9881/8/4 9883/8/4
f 9861/5/4 9862/5/4 9884/5/4
f 9862/6/4 9864/6/4 9884/6/4
f 9884/6/4 9864/6/4 9885/6/4
f 9865/6/4 9877/6/4 9886/6/4
f 9884/5/4 9885/5/4 9887/5/4
f 9861/5/4 9884/5/4 9887/5/4
f 9885/6/4 9886/6/4 9888/6/4
f 9887/5/4 9885/5/4 9888/5/4
f 9886/6/4 9877/6/4 9889/6/4
f 9888/6/4 9886/6/4 9889/6/4
f 9890/6/4 9891/6/4 9892/6/4
f 9892/6/4 9891/6/4 9893/6/4
f 9894/6/4 9895/6/4 9896/6/4
f 9896/6/4 9895/6/4 9897/6/4
f 9898/6/4 9899/6/4 9900/6/4
f 9900/6/4 9899/6/4 9901/6/4
f 9902/6/4 9903/6/4 9904/6/4
f 9904/6/4 9903/6/4 9905/6/4
f 9906/4/4 9907/4/4 9909/4/4
f 9907/4/4 9908/4/4 9909/4/4
f 9909/4/4 9908/4/4 9910/4/4
f 9911/4/4 9912/4/4 9914/4/4
f 9912/6/4 9913/6/4 9915/6/4
f 9914/4/4 9912/4/4 9915/4/4
f 9915/6/4 9913/6/4 9916/6/4
f 9917/4/4 9918/4/4 9920/4/4
f 9918/6/4 9919/6/4 9921/6/4
f 9920/4/4 9918/4/4 9921/4/4
f 9921/6/4 9919/6/4 9922/6/4
f 9923/6/4 9924/6/4 9925/6/4
f 9925/6/4 9924/6/4 9926/6/4
f 9927/6/4 9928/6/4 9929/6/4
f 9929/6/4 9928/6/4 9930/6/4
f 9931/6/4 9932/6/4 9933/6/4
f 9933/6/4 9932/6/4 9934/6/4
f 9935/6/4 9936/6/4 9937/6/4
f 9937/6/4 9936/6/4 9938/6/4
f 9939/6/4 9940/6/4 9941/6/4
f 9941/6/4 9940/6/4 9942/6/4
f 9939/6/4 9941/6/4 9943/6/4
f 9942/6/4 9940/6/4 9944/6/4
f 9939/6/4 9943/6/4 9945/6/4
f 9943/6/4 9944/6/4 9945/6/4
f 9944/6/4 9940/6/4 9946/6/4
f 9945/6/4 9944/6/4 9946/6/4
f 9947/6/4 9948/6/4 9949/6/4
f 9949/6/4 9948/6/4 9950/6/4
f 9951/6/4 9952/6/4 9953/6/4
f 9953/6/4 9952/6/4 9954/6/4
f 9955/6/4 9956/6/4 9957/6/4
f 9957/6/4 9956/6/4 9958/6/4
f 9959/6/4 9960/6/4 9961/6/4
f 9961/6/4 9960/6/4 9962/6/4
f 9963/4/4 9964/4/4 9966/4/4
f 9964/6/4 9965/6/4 9967/6/4
f 9966/4/4 9964/4/4 9967/4/4
f 9967/6/4 9965/6/4 9968/6/4
f 9969/4/4 9970/4/4 9972/4/4
f 9970/6/4 9971/6/4 9973/6/4
f 9972/4/4 9970/4/4 9973/4/4
f 9973/6/4 9971/6/4 9974/6/4
f 9975/6/4 9976/6/4 9977/6/4
f 9977/6/4 9976/6/4 9978/6/4
f 9979/6/4 9980/6/4 9981/6/4
f 9981/6/4 9980/6/4 9982/6/4
f 9983/6/4 9984/6/4 9985/6/4
f 9985/6/4 9984/6/4 9986/6/4
f 9987/6/4 9988/6/4 9989/6/4
f 9989/6/4 9988/6/4 9990/6/4
f 9991/6/4 9992/6/4 9993/6/4
f 9993/6/4 9992/6/4 9994/6/4
f 9995/6/4 9996/6/4 9997/6/4
f 9997/6/4 9996/6/4 9998/6/4
f 9999/4/4 10000/4/4 10002/4/4
f 10000/6/4 10001/6/4 10003/6/4
f 10002/4/4 10000/4/4 10003/4/4
f 10003/6/4 10001/6/4 10004/6/4
f 10005/4/4 10006/4/4 10007/4/4
f 10007/4/4 10006/4/4 10008/4/4
f 10008/4/4 10006/4/4 10009/4/4
f 10010/6/4 10011/6/4 10012/6/4
f 10012/6/4 10011/6/4 10013/6/4
f 10014/6/4 10015/6/4 10016/6/4
f 10016/6/4 10015/6/4 10017/6/4
f 10018/6/4 10019/6/4 10020/6/4
f 10020/6/4 10019/6/4 10021/6/4
f 10022/6/4 10023/6/4 10024/6/4
f 10024/6/4 10023/6/4 10025/6/4
f 10026/6/4 10027/6/4 10028/6/4
f 10028/6/4 10027/6/4 10029/6/4
f 10030/6/4 10031/6/4 10032/6/4
f 10032/6/4 10031/6/4 10033/6/4
f 10034/6/4 10035/6/4 10036/6/4
f 10036/6/4 10035/6/4 10037/6/4
f 10038/6/4 10039/6/4 10040/6/4
f 10040/6/4 10039/6/4 10041/6/4
f 10042/4/4 10043/4/4 10045/4/4
f 10043/6/4 10044/6/4 10046/6/4
f 10045/4/4 10043/4/4 10046/4/4
f 10046/6/4 10044/6/4 10047/6/4
f 10048/4/4 10049/4/4 10051/4/4
f 10049/6/4 10050/6/4 10052/6/4
f 10051/4/4 10049/4/4 10052/4/4
f 10052/6/4 10050/6/4 10053/6/4
f 10054/4/4 10055/4/4 10057/4/4
f 10055/6/4 10056/6/4 10058/6/4
f 10057/4/4 10055/4/4 10058/4/4
f 10058/6/4 10056/6/4 10059/6/4
f 10060/6/4 10061/6/4 10062/6/4
f 10062/6/4 10061/6/4 10063/6/4
f 10064/6/4 10065/6/4 10066/6/4
f 10066/6/4 10065/6/4 10067/6/4
f 10068/6/4 10069/6/4 10070/6/4
f 10070/6/4 10069/6/4 10071/6/4
f 10072/6/4 10073/6/4 10074/6/4
f 10074/6/4 10073/6/4 10075/6/4
f 10074/3/4 10075/3/4 10076/3/4
f 10076/3/4 10075/3/4 10077/3/4
f 10076/6/4 10077/6/4 10078/6/4
f 10078/6/4 10077/6/4 10079/6/4
f 10080/6/4 10081/6/4 10082/6/4
f 10082/6/4 10081/6/4 10083/6/4
f 10084/6/4 10085/6/4 10086/6/4
f 10086/6/4 10085/6/4 10087/6/4
f 10088/6/4 10089/6/4 10090/6/4
f 10090/6/4 10089/6/4 10091/6/4
f 10092/4/4 10093/4/4 10095/4/4
f 10093/6/4 10094/6/4 10096/6/4
f 10095/4/4 10093/4/4 10096/4/4
f 10096/6/4 10094/6/4 10097/6/4
f 10098/4/4 10099/4/4 10101/4/4
f 10099/6/4 10100/6/4 10102/6/4
f 10101/4/4 10099/4/4 10102/4/4
f 10102/6/4 10100/6/4 10103/6/4
f 10104/4/4 10105/4/4 10107/4/4
f 10105/6/4 10106/6/4 10108/6/4
f 10107/4/4 10105/4/4 10108/4/4
f 10108/6/4 10106/6/4 10109/6/4
f 10110/6/4 10111/6/4 10112/6/4
f 10112/6/4 10111/6/4 10113/6/4
f 10114/6/4 10115/6/4 10116/6/4
f 10116/6/4 10115/6/4 10117/6/4
f 10118/6/4 10119/6/4 10120/6/4
f 10120/6/4 10119/6/4 10121/6/4
f 10122/6/4 10123/6/4 10124/6/4
f 10124/6/4 10123/6/4 10125/6/4
f 10126/6/4 10127/6/4 10128/6/4
f 10128/6/4 10127/6/4 10129/6/4
f 10130/6/4 10131/6/4 10132/6/4
f 10132/6/4 10131/6/4 10133/6/4
f 10134/4/4 10135/4/4 10137/4/4
f 10135/4/4 10136/4/4 10137/4/4
f 10137/4/4 10136/4/4 10138/4/4
f 10139/4/4 10140/4/4 10142/4/4
f 10140/6/4 10141/6/4 10143/6/4
f 10142/4/4 10140/4/4 10143/4/4
f 10143/6/4 10141/6/4 10144/6/4
f 10145/4/4 10146/4/4 10147/4/4
f 10147/4/4 10146/4/4 10148/4/4
f 10149/6/4 10150/6/4 10151/6/4
f 10151/6/4 10150/6/4 10152/6/4
f 10153/6/4 10154/6/4 10155/6/4
f 10155/6/4 10154/6/4 10156/6/4
f 10157/6/4 10158/6/4 10159/6/4
f 10159/6/4 10158/6/4 10160/6/4
f 10161/6/4 10162/6/4 10163/6/4
f 10163/6/4 10162/6/4 10164/6/4
f 10165/6/4 10166/6/4 10167/6/4
f 10167/6/4 10166/6/4 10168/6/4
f 10169/6/4 10170/6/4 10171/6/4
f 10171/6/4 10170/6/4 10172/6/4
f 10173/4/4 10174/4/4 10176/4/4
f 10174/6/4 10175/6/4 10177/6/4
f 10176/4/4 10174/4/4 10177/4/4
f 10177/6/4 10175/6/4 10178/6/4
f 10179/4/4 10180/4/4 10182/4/4
f 10180/6/4 10181/6/4 10183/6/4
f 10182/4/4 10180/4/4 10183/4/4
f 10183/6/4 10181/6/4 10184/6/4
f 10185/4/4 10186/4/4 10187/4/4
f 10187/4/4 10186/4/4 10188/4/4
f 10188/4/4 10186/4/4 10189/4/4
f 10190/6/4 10191/6/4 10192/6/4
f 10192/6/4 10191/6/4 10193/6/4
f 10194/6/4 10195/6/4 10196/6/4
f 10196/6/4 10195/6/4 10197/6/4
f 10198/6/4 10199/6/4 10200/6/4
f 10200/6/4 10199/6/4 10201/6/4
f 10202/6/4 10203/6/4 10204/6/4
f 10204/6/4 10203/6/4 10205/6/4
f 10206/6/4 10207/6/4 10208/6/4
f 10208/6/4 10207/6/4 10209/6/4
f 10210/6/4 10211/6/4 10212/6/4
f 10212/6/4 10211/6/4 10213/6/4
f 10214/4/4 10215/4/4 10217/4/4
f 10215/4/4 10216/4/4 10217/4/4
f 10217/4/4 10216/4/4 10218/4/4
f 10219/4/4 10220/4/4 10222/4/4
f 10220/6/4 10221/6/4 10223/6/4
f 10222/4/4 10220/4/4 10223/4/4
f 10223/6/4 10221/6/4 10224/6/4
f 10225/6/4 10226/6/4 10227/6/4
f 10227/6/4 10226/6/4 10228/6/4
f 10229/6/4 10230/6/4 10231/6/4
f 10231/6/4 10230/6/4 10232/6/4
f 10233/6/4 10234/6/4 10235/6/4
f 10235/6/4 10234/6/4 10236/6/4
f 10235/3/4 10236/3/4 10237/3/4
f 10237/3/4 10236/3/4 10238/3/4
f 10237/6/4 10238/6/4 10239/6/4
f 10239/6/4 10238/6/4 10240/6/4
f 10241/6/4 10242/6/4 10243/6/4
f 10243/6/4 10242/6/4 10244/6/4
f 10245/6/4 10246/6/4 10247/6/4
f 10247/6/4 10246/6/4 10248/6/4
f 10249/4/4 10250/4/4 10252/4/4
f 10250/6/4 10251/6/4 10253/6/4
f 10252/4/4 10250/4/4 10253/4/4
f 10253/6/4 10251/6/4 10254/6/4
f 10255/4/4 10256/4/4 10257/4/4
f 10257/4/4 10256/4/4 10258/4/4
f 10258/4/4 10256/4/4 10259/4/4
f 10260/6/4 10261/6/4 10262/6/4
f 10262/6/4 10261/6/4 10263/6/4
f 10264/6/4 10265/6/4 10266/6/4
f 10266/6/4 10265/6/4 10267/6/4
f 10268/6/4 10269/6/4 10270/6/4
f 10270/6/4 10269/6/4 10271/6/4
f 10272/6/4 10273/6/4 10274/6/4
f 10274/6/4 10273/6/4 10275/6/4
f 10276/4/4 10277/4/4 10279/4/4
f 10277/6/4 10278/6/4 10280/6/4
f 10279/4/4 10277/4/4 10280/4/4
f 10280/6/4 10278/6/4 10281/6/4
f 10282/4/4 10283/4/4 10285/4/4
f 10283/6/4 10284/6/4 10286/6/4
f 10285/4/4 10283/4/4 10286/4/4
f 10286/6/4 10284/6/4 10287/6/4
f 10288/4/4 10289/4/4 10291/4/4
f 10289/6/4 10290/6/4 10292/6/4
f 10291/4/4 10289/4/4 10292/4/4
f 10292/6/4 10290/6/4 10293/6/4
f 10294/6/4 10295/6/4 10296/6/4
f 10296/6/4 10295/6/4 10297/6/4
f 10298/6/4 10299/6/4 10300/6/4
f 10300/6/4 10299/6/4 10301/6/4
f 10302/6/4 10303/6/4 10304/6/4
f 10304/6/4 10303/6/4 10305/6/4
f 10306/6/4 10307/6/4 10308/6/4
f 10308/6/4 10307/6/4 10309/6/4
f 10310/4/4 10311/4/4 10312/4/4
f 10312/4/4 10311/4/4 10313/4/4
f 10314/4/4 10315/4/4 10317/4/4
f 10315/6/4 10316/6/4 10318/6/4
f 10317/4/4 10315/4/4 10318/4/4
f 10318/6/4 10316/6/4 10319/6/4
f 10320/4/4 10321/4/4 10323/4/4
f 10321/6/4 10322/6/4 10324/6/4
f 10323/4/4 10321/4/4 10324/4/4
f 10324/6/4 10322/6/4 10325/6/4
f 10326/6/4 10327/6/4 10328/6/4
f 10328/6/4 10327/6/4 10329/6/4
f 10330/6/4 10331/6/4 10332/6/4
f 10332/6/4 10331/6/4 10333/6/4
f 10334/6/4 10335/6/4 10336/6/4
f 10336/6/4 10335/6/4 10337/6/4
f 10338/6/4 10339/6/4 10340/6/4
f 10340/6/4 10339/6/4 10341/6/4
f 10342/4/4 10343/4/4 10345/4/4
f 10343/4/4 10344/4/4 10345/4/4
f 10345/4/4 10344/4/4 10346/4/4
f 10347/4/4 10348/4/4 10350/4/4
f 10348/6/4 10349/6/4 10351/6/4
f 10350/4/4 10348/4/4 10351/4/4
f 10351/6/4 10349/6/4 10352/6/4
f 10353/4/4 10354/4/4 10355/4/4
f 10355/4/4 10354/4/4 10356/4/4
f 10357/6/4 10358/6/4 10359/6/4
f 10359/6/4 10358/6/4 10360/6/4
f 10361/6/4 10362/6/4 10363/6/4
f 10363/6/4 10362/6/4 10364/6/4
f 10363/3/4 10364/3/4 10365/3/4
f 10365/3/4 10364/3/4 10366/3/4
f 10365/6/4 10366/6/4 10367/6/4
f 10367/6/4 10366/6/4 10368/6/4
f 10369/6/4 10370/6/4 10371/6/4
f 10371/6/4 10370/6/4 10372/6/4
f 10373/4/4 10374/4/4 10376/4/4
f 10374/6/4 10375/6/4 10377/6/4
f 10376/4/4 10374/4/4 10377/4/4
f 10377/6/4 10375/6/4 10378/6/4
f 10379/4/4 10380/4/4 10382/4/4
f 10380/6/4 10381/6/4 10383/6/4
f 10382/4/4 10380/4/4 10383/4/4
f 10383/6/4 10381/6/4 10384/6/4
f 10385/4/4 10386/4/4 10388/4/4
f 10386/6/4 10387/6/4 10389/6/4
f 10388/4/4 10386/4/4 10389/4/4
f 10389/6/4 10387/6/4 10390/6/4
f 10391/4/4 10392/4/4 10393/4/4
f 10393/4/4 10392/4/4 10394/4/4
f 10394/4/4 10392/4/4 10395/4/4
f 10396/6/4 10397/6/4 10398/6/4
f 10398/6/4 10397/6/4 10399/6/4
f 10400/6/4 10401/6/4 10402/6/4
f 10402/6/4 10401/6/4 10403/6/4
f 10404/4/4 10405/4/4 10406/4/4
f 10406/4/4 10405/4/4 10407/4/4
f 10408/4/4 10409/4/4 10411/4/4
f 10409/6/4 10410/6/4 10412/6/4
f 10411/4/4 10409/4/4 10412/4/4
f 10412/6/4 10410/6/4 10413/6/4
f 10414/4/4 10415/4/4 10417/4/4
f 10415/6/4 10416/6/4 10418/6/4
f 10417/4/4 10415/4/4 10418/4/4
f 10418/6/4 10416/6/4 10419/6/4
f 10420/6/4 10421/6/4 10422/6/4
f 10422/6/4 10421/6/4 10423/6/4
f 10424/6/4 10425/6/4 10426/6/4
f 10426/6/4 10425/6/4 10427/6/4
f 10428/4/4 10429/4/4 10430/4/4
f 10430/4/4 10429/4/4 10431/4/4
f 10432/4/4 10433/4/4 10435/4/4
f 10433/6/4 10434/6/4 10436/6/4
f 10435/4/4 10433/4/4 10436/4/4
f 10436/6/4 10434/6/4 10437/6/4
f 10438/4/4 10439/4/4 10441/4/4
f 10439/6/4 10440/6/4 10442/6/4
f 10441/4/4 10439/4/4 10442/4/4
f 10442/6/4 10440/6/4 10443/6/4
f 10444/6/4 10445/6/4 10446/6/4
f 10446/6/4 10445/6/4 10447/6/4
f 10448/6/4 10449/6/4 10450/6/4
f 10450/6/4 10449/6/4 10451/6/4
f 10452/4/4 10453/4/4 10455/4/4
f 10453/4/4 10454/4/4 10455/4/4
f 10455/4/4 10454/4/4 10456/4/4
f 10457/4/4 10458/4/4 10460/4/4
f 10458/6/4 10459/6/4 10461/6/4
f 10460/4/4 10458/4/4 10461/4/4
f 10461/6/4 10459/6/4 10462/6/4
f 10463/4/4 10464/4/4 10466/4/4
f 10464/6/4 10465/6/4 10467/6/4
f 10466/4/4 10464/4/4 10467/4/4
f 10467/6/4 10465/6/4 10468/6/4
f 10469/4/4 10470/4/4 10471/4/4
f 10471/4/4 10470/4/4 10472/4/4
f 10473/6/4 10474/6/4 10475/6/4
f 10475/6/4 10474/6/4 10476/6/4
f 10477/6/4 10478/6/4 10479/6/4
f 10479/6/4 10478/6/4 10480/6/4
f 10481/4/4 10482/4/4 10484/4/4
f 10482/6/4 10483/6/4 10485/6/4
f 10484/4/4 10482/4/4 10485/4/4
f 10485/6/4 10483/6/4 10486/6/4
f 10487/4/4 10488/4/4 10490/4/4
f 10488/6/4 10489/6/4 10491/6/4
f 10490/4/4 10488/4/4 10491/4/4
f 10491/6/4 10489/6/4 10492/6/4
f 10493/4/4 10494/4/4 10495/4/4
f 10495/4/4 10494/4/4 10496/4/4
f 10496/4/4 10494/4/4 10497/4/4
f 10498/6/4 10499/6/4 10500/6/4
f 10500/6/4 10499/6/4 10501/6/4
f 10502/6/4 10503/6/4 10504/6/4
f 10504/6/4 10503/6/4 10505/6/4
f 10506/4/4 10507/4/4 10509/4/4
f 10507/6/4 10508/6/4 10510/6/4
f 10509/4/4 10507/4/4 10510/4/4
f 10510/6/4 10508/6/4 10511/6/4
f 10512/4/4 10513/4/4 10515/4/4
f 10513/6/4 10514/6/4 10516/6/4
f 10515/4/4 10513/4/4 10516/4/4
f 10516/6/4 10514/6/4 10517/6/4
f 10518/4/4 10519/4/4 10521/4/4
f 10519/6/4 10520/6/4 10522/6/4
f 10521/4/4 10519/4/4 10522/4/4
f 10522/6/4 10520/6/4 10523/6/4
f 10524/6/4 10525/6/4 10526/6/4
f 10526/6/4 10525/6/4 10527/6/4
f 10528/3/4 10529/3/4 10530/3/4
f 10530/3/4 10529/3/4 10531/3/4
f 10532/6/4 10533/6/4 10534/6/4
f 10534/6/4 10533/6/4 10535/6/4
f 10536/4/4 10537/4/4 10539/4/4
f 10537/6/4 10538/6/4 10540/6/4
f 10539/4/4 10537/4/4 10540/4/4
f 10540/6/4 10538/6/4 10541/6/4
f 10542/4/4 10543/4/4 10545/4/4
f 10543/6/4 10544/6/4 10546/6/4
f 10545/4/4 10543/4/4 10546/4/4
f 10546/6/4 10544/6/4 10547/6/4
f 10548/4/4 10549/4/4 10551/4/4
f 10549/6/4 10550/6/4 10552/6/4
f 10551/4/4 10549/4/4 10552/4/4
f 10552/6/4 10550/6/4 10553/6/4
f 10554/4/4 10555/4/4 10557/4/4
f 10555/6/4 10556/6/4 10558/6/4
f 10557/4/4 10555/4/4 10558/4/4
f 10558/6/4 10556/6/4 10559/6/4
f 10560/6/4 10561/6/4 10562/6/4
f 10562/6/4 10561/6/4 10563/6/4
f 10564/6/4 10565/6/4 10566/6/4
f 10566/6/4 10565/6/4 10567/6/4
f 10568/4/4 10569/4/4 10571/4/4
f 10569/6/4 10570/6/4 10572/6/4
f 10571/4/4 10569/4/4 10572/4/4
f 10572/6/4 10570/6/4 10573/6/4
f 10574/4/4 10575/4/4 10577/4/4
f 10575/6/4 10576/6/4 10578/6/4
f 10577/4/4 10575/4/4 10578/4/4
f 10578/6/4 10576/6/4 10579/6/4
f 10580/4/4 10581/4/4 10583/4/4
f 10581/6/4 10582/6/4 10584/6/4
f 10583/4/4 10581/4/4 10584/4/4
f 10584/6/4 10582/6/4 10585/6/4
f 10586/4/4 10587/4/4 10589/4/4
f 10587/6/4 10588/6/4 10590/6/4
f 10589/4/4 10587/4/4 10590/4/4
f 10590/6/4 10588/6/4 10591/6/4
f 10592/6/4 10593/6/4 10594/6/4
f 10594/6/4 10593/6/4 10595/6/4
f 10596/6/4 10597/6/4 10598/6/4
f 10598/6/4 10597/6/4 10599/6/4
f 10600/4/4 10601/4/4 10602/4/4
f 10602/4/4 10601/4/4 10603/4/4
f 10604/4/4 10605/4/4 10607/4/4
f 10605/6/4 10606/6/4 10608/6/4
f 10607/4/4 10605/4/4 10608/4/4
f 10608/6/4 10606/6/4 10609/6/4
f 10610/4/4 10611/4/4 10612/4/4
f 10612/4/4 10611/4/4 10613/4/4
f 10614/6/4 10615/6/4 10616/6/4
f 10616/6/4 10615/6/4 10617/6/4
f 10618/6/4 10619/6/4 10620/6/4
f 10620/6/4 10619/6/4 10621/6/4
f 10622/4/4 10623/4/4 10624/4/4
f 10624/4/4 10623/4/4 10625/4/4
f 10626/4/4 10627/4/4 10629/4/4
f 10627/6/4 10628/6/4 10630/6/4
f 10629/4/4 10627/4/4 10630/4/4
f 10630/6/4 10628/6/4 10631/6/4
f 10632/4/4 10633/4/4 10634/4/4
f 10634/4/4 10633/4/4 10635/4/4
f 10636/6/4 10637/6/4 10638/6/4
f 10638/6/4 10637/6/4 10639/6/4
f 10640/6/4 10641/6/4 10642/6/4
f 10642/6/4 10641/6/4 10643/6/4
f 10644/4/4 10645/4/4 10647/4/4
f 10645/4/4 10646/4/4 10647/4/4
f 10647/4/4 10646/4/4 10648/4/4
f 10649/4/4 10650/4/4 10652/4/4
f 10650/6/4 10651/6/4 10653/6/4
f 10652/4/4 10650/4/4 10653/4/4
f 10653/6/4 10651/6/4 10654/6/4
f 10655/4/4 10656/4/4 10658/4/4
f 10656/6/4 10657/6/4 10659/6/4
f 10658/4/4 10656/4/4 10659/4/4
f 10659/6/4 10657/6/4 10660/6/4
f 10661/4/4 10662/4/4 10663/4/4
f 10663/4/4 10662/4/4 10664/4/4
f 10665/6/4 10666/6/4 10667/6/4
f 10667/6/4 10666/6/4 10668/6/4
f 10669/6/4 10670/6/4 10671/6/4
f 10671/6/4 10670/6/4 10672/6/4
f 10673/4/4 10674/4/4 10676/4/4
f 10674/6/4 10675/6/4 10677/6/4
f 10676/4/4 10674/4/4 10677/4/4
f 10677/6/4 10675/6/4 10678/6/4
f 10679/4/4 10680/4/4 10682/4/4
f 10680/6/4 10681/6/4 10683/6/4
f 10682/4/4 10680/4/4 10683/4/4
f 10683/6/4 10681/6/4 10684/6/4
f 10685/4/4 10686/4/4 10688/4/4
f 10686/6/4 10687/6/4 10689/6/4
f 10688/4/4 10686/4/4 10689/4/4
f 10689/6/4 10687/6/4 10690/6/4
f 10691/4/4 10692/4/4 10693/4/4
f 10693/4/4 10692/4/4 10694/4/4
f 10691/4/4 10693/4/4 10695/4/4
f 10693/6/4 10694/6/4 10696/6/4
f 10695/4/4 10693/4/4 10696/4/4
f 10696/6/4 10694/6/4 10697/6/4
f 10698/6/4 10699/6/4 10700/6/4
f 10700/6/4 10699/6/4 10701/6/4
f 10700/3/4 10701/3/4 10702/3/4
f 10702/3/4 10701/3/4 10703/3/4
f 10702/6/4 10703/6/4 10704/6/4
f 10704/6/4 10703/6/4 10705/6/4
f 10706/4/4 10707/4/4 10709/4/4
f 10707/4/4 10708/4/4 10709/4/4
f 10709/4/4 10708/4/4 10710/4/4
f 10711/4/4 10712/4/4 10714/4/4
f 10712/6/4 10713/6/4 10715/6/4
f 10714/4/4 10712/4/4 10715/4/4
f 10715/6/4 10713/6/4 10716/6/4
f 10717/4/4 10718/4/4 10720/4/4
f 10718/6/4 10719/6/4 10721/6/4
f 10720/4/4 10718/4/4 10721/4/4
f 10721/6/4 10719/6/4 10722/6/4
f 10723/4/4 10724/4/4 10725/4/4
f 10725/4/4 10724/4/4 10726/4/4
f 10726/4/4 10724/4/4 10727/4/4
f 10728/3/4 10729/3/4 10730/3/4
f 10730/3/4 10729/3/4 10731/3/4
f 10732/4/4 10733/4/4 10735/4/4
f 10733/6/4 10734/6/4 10736/6/4
f 10735/4/4 10733/4/4 10736/4/4
f 10736/6/4 10734/6/4 10737/6/4
f 10738/4/4 10739/4/4 10741/4/4
f 10739/6/4 10740/6/4 10742/6/4
f 10741/4/4 10739/4/4 10742/4/4
f 10742/6/4 10740/6/4 10743/6/4
f 10744/4/4 10745/4/4 10747/4/4
f 10745/6/4 10746/6/4 10748/6/4
f 10747/4/4 10745/4/4 10748/4/4
f 10748/6/4 10746/6/4 10749/6/4
f 10750/4/4 10751/4/4 10753/4/4
f 10751/6/4 10752/6/4 10754/6/4
f 10753/4/4 10751/4/4 10754/4/4
f 10754/6/4 10752/6/4 10755/6/4
f 10756/4/4 10757/4/4 10758/4/4
f 10758/4/4 10757/4/4 10759/4/4
f 10760/4/4 10761/4/4 10763/4/4
f 10761/6/4 10762/6/4 10764/6/4
f 10763/4/4 10761/4/4 10764/4/4
f 10764/6/4 10762/6/4 10765/6/4
f 10766/4/4 10767/4/4 10769/4/4
f 10767/6/4 10768/6/4 10770/6/4
f 10769/4/4 10767/4/4 10770/4/4
f 10770/6/4 10768/6/4 10771/6/4
f 10772/4/4 10773/4/4 10774/4/4
f 10774/4/4 10773/4/4 10775/4/4
f 10776/4/4 10777/4/4 10779/4/4
f 10777/6/4 10778/6/4 10780/6/4
f 10779/4/4 10777/4/4 10780/4/4
f 10780/6/4 10778/6/4 10781/6/4
f 10782/4/4 10783/4/4 10784/4/4
f 10784/4/4 10783/4/4 10785/4/4
f 10786/4/4 10787/4/4 10788/4/4
f 10788/4/4 10787/4/4 10789/4/4
f 10790/4/4 10791/4/4 10793/4/4
f 10791/6/4 10792/6/4 10794/6/4
f 10793/4/4 10791/4/4 10794/4/4
f 10794/6/4 10792/6/4 10795/6/4
f 10796/4/4 10797/4/4 10799/4/4
f 10797/6/4 10798/6/4 10800/6/4
f 10799/4/4 10797/4/4 10800/4/4
f 10800/6/4 10798/6/4 10801/6/4
f 10802/4/4 10803/4/4 10804/4/4
f 10804/4/4 10803/4/4 10805/4/4
f 10806/4/4 10807/4/4 10808/4/4
f 10808/4/4 10807/4/4 10809/4/4
f 10810/4/4 10811/4/4 10813/4/4
f 10811/6/4 10812/6/4 10814/6/4
f 10813/4/4 10811/4/4 10814/4/4
f 10814/6/4 10812/6/4 10815/6/4
f 10816/4/4 10817/4/4 10819/4/4
f 10817/6/4 10818/6/4 10820/6/4
f 10819/4/4 10817/4/4 10820/4/4
f 10820/6/4 10818/6/4 10821/6/4
f 10822/4/4 10823/4/4 10824/4/4
f 10824/4/4 10823/4/4 10825/4/4
f 10826/4/4 10827/4/4 10828/4/4
f 10828/4/4 10827/4/4 10829/4/4
f 10830/4/4 10831/4/4 10833/4/4
f 10831/6/4 10832/6/4 10834/6/4
f 10833/4/4 10831/4/4 10834/4/4
f 10834/6/4 10832/6/4 10835/6/4
f 10836/4/4 10837/4/4 10839/4/4
f 10837/6/4 10838/6/4 10840/6/4
f 10839/4/4 10837/4/4 10840/4/4
f 10840/6/4 10838/6/4 10841/6/4
f 10842/4/4 10843/4/4 10844/4/4
f 10844/4/4 10843/4/4 10845/4/4
f 10844/3/4 10845/3/4 10846/3/4
f 10846/3/4 10845/3/4 10847/3/4
f 10846/4/4 10847/4/4 10848/4/4
f 10848/4/4 10847/4/4 10849/4/4
f 10850/4/4 10851/4/4 10853/4/4
f 10851/6/4 10852/6/4 10854/6/4
f 10853/4/4 10851/4/4 10854/4/4
f 10854/6/4 10852/6/4 10855/6/4
f 10856/4/4 10857/4/4 10859/4/4
f 10857/6/4 10858/6/4 10860/6/4
f 10859/4/4 10857/4/4 10860/4/4
f 10860/6/4 10858/6/4 10861/6/4
f 10862/4/4 10863/4/4 10865/4/4
f 10863/6/4 10864/6/4 10866/6/4
f 10865/4/4 10863/4/4 10866/4/4
f 10866/6/4 10864/6/4 10867/6/4
f 10868/4/4 10869/4/4 10871/4/4
f 10869/6/4 10870/6/4 10872/6/4
f 10871/4/4 10869/4/4 10872/4/4
f 10872/6/4 10870/6/4 10873/6/4
f 10874/4/4 10875/4/4 10877/4/4
f 10875/6/4 10876/6/4 10878/6/4
f 10877/4/4 10875/4/4 10878/4/4
f 10878/6/4 10876/6/4 10879/6/4
f 10880/4/4 10881/4/4 10883/4/4
f 10881/6/4 10882/6/4 10884/6/4
f 10883/4/4 10881/4/4 10884/4/4
f 10884/6/4 10882/6/4 10885/6/4
f 10886/4/4 10887/4/4 10889/4/4
f 10887/6/4 10888/6/4 10890/6/4
f 10889/4/4 10887/4/4 10890/4/4
f 10890/6/4 10888/6/4 10891/6/4
f 10892/4/4 10893/4/4 10895/4/4
f 10893/6/4 10894/6/4 10896/6/4
f 10895/4/4 10893/4/4 10896/4/4
f 10896/6/4 10894/6/4 10897/6/4
f 10898/4/4 10899/4/4 10901/4/4
f 10899/6/4 10900/6/4 10902/6/4
f 10901/4/4 10899/4/4 10902/4/4
f 10902/6/4 10900/6/4 10903/6/4
f 10904/4/4 10905/4/4 10907/4/4
f 10905/6/4 10906/6/4 10908/6/4
f 10907/4/4 10905/4/4 10908/4/4
f 10908/6/4 10906/6/4 10909/6/4
f 10910/4/4 10911/4/4 10913/4/4
f 10911/6/4 10912/6/4 10914/6/4
f 10913/4/4 10911/4/4 10914/4/4
f 10914/6/4 10912/6/4 10915/6/4
f 10916/4/4 10917/4/4 10919/4/4
f 10917/6/4 10918/6/4 10920/6/4
f 10919/4/4 10917/4/4 10920/4/4
f 10920/6/4 10918/6/4 10921/6/4
f 10922/4/4 10923/4/4 10925/4/4
f 10923/6/4 10924/6/4 10926/6/4
f 10925/4/4 10923/4/4 10926/4/4
f 10926/6/4 10924/6/4 10927/6/4
f 10928/4/4 10929/4/4 10931/4/4
f 10929/6/4 10930/6/4 10932/6/4
f 10931/4/4 10929/4/4 10932/4/4
f 10932/6/4 10930/6/4 10933/6/4
f 10934/4/4 10935/4/4 10937/4/4
f 10935/6/4 10936/6/4 10938/6/4
f 10937/4/4 10935/4/4 10938/4/4
f 10938/6/4 10936/6/4 10939/6/4
f 10940/4/4 10941/4/4 10943/4/4
f 10941/6/4 10942/6/4 10944/6/4
f 10943/4/4 10941/4/4 10944/4/4
f 10944/6/4 10942/6/4 10945/6/4
f 10946/4/4 10947/4/4 10949/4/4
f 10947/6/4 10948/6/4 10950/6/4
f 10949/4/4 10947/4/4 10950/4/4
f 10950/6/4 10948/6/4 10951/6/4
f 10952/4/4 10953/4/4 10955/4/4
f 10953/6/4 10954/6/4 10956/6/4
f 10955/4/4 10953/4/4 10956/4/4
f 10956/6/4 10954/6/4 10957/6/4
f 10958/4/4 10959/4/4 10961/4/4
f 10959/6/4 10960/6/4 10962/6/4
f 10961/4/4 10959/4/4 10962/4/4
f 10962/6/4 10960/6/4 10963/6/4
f 10964/4/4 10965/4/4 10967/4/4
f 10965/6/4 10966/6/4 10968/6/4
f 10967/4/4 10965/4/4 10968/4/4
f 10968/6/4 10966/6/4 10969/6/4
f 10970/4/4 10971/4/4 10973/4/4
f 10971/6/4 10972/6/4 10974/6/4
f 10973/4/4 10971/4/4 10974/4/4
f 10974/6/4 10972/6/4 10975/6/4
f 10976/4/4 10977/4/4 10979/4/4
f 10977/6/4 10978/6/4 10980/6/4
f 10979/4/4 10977/4/4 10980/4/4
f 10980/6/4 10978/6/4 10981/6/4
f 10982/4/4 10983/4/4 10985/4/4
f 10983/6/4 10984/6/4 10986/6/4
f 10985/4/4 10983/4/4 10986/4/4
f 10986/6/4 10984/6/4 10987/6/4
f 10988/4/4 10989/4/4 10991/4/4
f 10989/6/4 10990/6/4 10992/6/4
f 10991/4/4 10989/4/4 10992/4/4
f 10992/6/4 10990/6/4 10993/6/4
f 10994/4/4 10995/4/4 10997/4/4
f 10995/6/4 10996/6/4 10998/6/4
f 10997/4/4 10995/4/4 10998/4/4
f 10998/6/4 10996/6/4 10999/6/4
f 11000/4/4 11001/4/4 11003/4/4
f 11001/6/4 11002/6/4 11004/6/4
f 11003/4/4 11001/4/4 11004/4/4
f 11004/6/4 11002/6/4 11005/6/4
f 11006/4/4 11007/4/4 11009/4/4
f 11007/6/4 11008/6/4 11010/6/4
f 11009/4/4 11007/4/4 11010/4/4
f 11010/6/4 11008/6/4 11011/6/4
f 11012/4/4 11013/4/4 11015/4/4
f 11013/6/4 11014/6/4 11016/6/4
f 11015/4/4 11013/4/4 11016/4/4
f 11016/6/4 11014/6/4 11017/6/4
f 11018/4/4 11019/4/4 11021/4/4
f 11019/6/4 11020/6/4 11022/6/4
f 11021/4/4 11019/4/4 11022/4/4
f 11022/6/4 11020/6/4 11023/6/4
f 11024/4/4 11025/4/4 11027/4/4
f 11025/6/4 11026/6/4 11028/6/4
f 11027/4/4 11025/4/4 11028/4/4
f 11028/6/4 11026/6/4 11029/6/4
f 11030/4/4 11031/4/4 11033/4/4
f 11031/6/4 11032/6/4 11034/6/4
f 11033/4/4 11031/4/4 11034/4/4
f 11034/6/4 11032/6/4 11035/6/4
f 11036/4/4 11037/4/4 11039/4/4
f 11037/6/4 11038/6/4 11040/6/4
f 11039/4/4 11037/4/4 11040/4/4
f 11040/6/4 11038/6/4 11041/6/4
f 11042/4/4 11043/4/4 11045/4/4
f 11043/6/4 11044/6/4 11046/6/4
f 11045/4/4 11043/4/4 11046/4/4
f 11046/6/4 11044/6/4 11047/6/4
f 11048/4/4 11049/4/4 11051/4/4
f 11049/6/4 11050/6/4 11052/6/4
f 11051/4/4 11049/4/4 11052/4/4
f 11052/6/4 11050/6/4 11053/6/4
f 11054/4/4 11055/4/4 11057/4/4
f 11055/6/4 11056/6/4 11058/6/4
f 11057/4/4 11055/4/4 11058/4/4
f 11058/6/4 11056/6/4 11059/6/4
f 11060/4/4 11061/4/4 11063/4/4
f 11061/6/4 11062/6/4 11064/6/4
f 11063/4/4 11061/4/4 11064/4/4
f 11064/6/4 11062/6/4 11065/6/4
f 11066/4/4 11067/4/4 11069/4/4
f 11067/6/4 11068/6/4 11070/6/4
f 11069/4/4 11067/4/4 11070/4/4
f 11070/6/4 11068/6/4 11071/6/4
f 11072/4/4 11073/4/4 11075/4/4
f 11073/6/4 11074/6/4 11076/6/4
f 11075/4/4 11073/4/4 11076/4/4
f 11076/6/4 11074/6/4 11077/6/4
f 11078/4/4 11079/4/4 11081/4/4
f 11079/6/4 11080/6/4 11082/6/4
f 11081/4/4 11079/4/4 11082/4/4
f 11082/6/4 11080/6/4 11083/6/4
f 11084/4/4 11085/4/4 11087/4/4
f 11085/6/4 11086/6/4 11088/6/4
f 11087/4/4 11085/4/4 11088/4/4
f 11088/6/4 11086/6/4 11089/6/4
f 11090/4/4 11091/4/4 11093/4/4
f 11091/6/4 11092/6/4 11094/6/4
f 11093/4/4 11091/4/4 11094/4/4
f 11094/6/4 11092/6/4 11095/6/4
f 11096/4/4 11097/4/4 11099/4/4
f 11097/6/4 11098/6/4 11100/6/4
f 11099/4/4 11097/4/4 11100/4/4
f 11100/6/4 11098/6/4 11101/6/4
f 11102/4/4 11103/4/4 11105/4/4
f 11103/6/4 11104/6/4 11106/6/4
f 11105/4/4 11103/4/4 11106/4/4
f 11106/6/4 11104/6/4 11107/6/4
f 11108/4/4 11109/4/4 11111/4/4
f 11109/6/4 11110/6/4 11112/6/4
f 11111/4/4 11109/4/4 11112/4/4
f 11112/6/4 11110/6/4 11113/6/4
f 11114/4/4 11115/4/4 11117/4/4
f 11115/6/4 11116/6/4 11118/6/4
f 11117/4/4 11115/4/4 11118/4/4
f 11118/6/4 11116/6/4 11119/6/4
f 11120/4/4 11121/4/4 11123/4/4
f 11121/6/4 11122/6/4 11124/6/4
f 11123/4/4 11121/4/4 11124/4/4
f 11124/6/4 11122/6/4 11125/6/4
f 11126/4/4 11127/4/4 11129/4/4
f 11127/6/4 11128/6/4 11130/6/4
f 11129/4/4 11127/4/4 11130/4/4
f 11130/6/4 11128/6/4 11131/6/4
f 11132/4/4 11133/4/4 11135/4/4
f 11133/6/4 11134/6/4 11136/6/4
f 11135/4/4 11133/4/4 11136/4/4
f 11136/6/4 11134/6/4 11137/6/4
f 11138/4/4 11139/4/4 11141/4/4
f 11139/6/4 11140/6/4 11142/6/4
f 11141/4/4 11139/4/4 11142/4/4
f 11142/6/4 11140/6/4 11143/6/4
f 11144/4/4 11145/4/4 11147/4/4
f 11145/6/4 11146/6/4 11148/6/4
f 11147/4/4 11145/4/4 11148/4/4
f 11148/6/4 11146/6/4 11149/6/4
f 11150/4/4 11151/4/4 11153/4/4
f 11151/6/4 11152/6/4 11154/6/4
f 11153/4/4 11151/4/4 11154/4/4
f 11154/6/4 11152/6/4 11155/6/4
f 11156/4/4 11157/4/4 11159/4/4
f 11157/6/4 11158/6/4 11160/6/4
f 11159/4/4 11157/4/4 11160/4/4
f 11160/6/4 11158/6/4 11161/6/4
f 11162/4/4 11163/4/4 11165/4/4
f 11163/6/4 11164/6/4 11166/6/4
f 11165/4/4 11163/4/4 11166/4/4
f 11166/6/4 11164/6/4 11167/6/4
f 11168/4/4 11169/4/4 11171/4/4
f 11169/6/4 11170/6/4 11172/6/4
f 11171/4/4 11169/4/4 11172/4/4
f 11172/6/4 11170/6/4 11173/6/4
f 11174/4/4 11175/4/4 11177/4/4
f 11175/6/4 11176/6/4 11178/6/4
f 11177/4/4 11175/4/4 11178/4/4
f 11178/6/4 11176/6/4 11179/6/4
f 11180/4/4 11181/4/4 11183/4/4
f 11181/6/4 11182/6/4 11184/6/4
f 11183/4/4 11181/4/4 11184/4/4
f 11184/6/4 11182/6/4 11185/6/4
f 11186/4/4 11187/4/4 11189/4/4
f 11187/6/4 11188/6/4 11190/6/4
f 11189/4/4 11187/4/4 11190/4/4
f 11190/6/4 11188/6/4 11191/6/4
f 11192/4/4 11193/4/4 11195/4/4
f 11193/6/4 11194/6/4 11196/6/4
f 11195/4/4 11193/4/4 11196/4/4
f 11195/3/4 11196/3/4 11197/3/4
f 11196/6/4 11194/6/4 11198/6/4
f 11197/3/4 11196/3/4 11198/3/4
f 11197/4/4 11198/4/4 11199/4/4
f 11198/6/4 11194/6/4 11200/6/4
f 11199/4/4 11198/4/4 11200/4/4
f 11200/6/4 11194/6/4 11201/6/4
f 11205/5/5 11203/5/5 11202/5/5
f 11206/5/5 11203/5/5 11205/5/5
f 11209/5/5 11205/5/5 11204/5/5
f 11210/5/5 11205/5/5 11209/5/5
f 11211/6/5 11207/6/5 11206/6/5
f 11212/6/5 11207/6/5 11211/6/5
f 11215/5/5 11209/5/5 11208/5/5
f 11216/5/5 11209/5/5 11215/5/5
f 11217/5/5 11209/5/5 11216/5/5
f 11218/6/5 11213/6/5 11212/6/5
f 11219/6/5 11213/6/5 11218/6/5
f 11220/6/5 11213/6/5 11219/6/5
f 11223/5/5 11215/5/5 11214/5/5
f 11223/5/5 11216/5/5 11215/5/5
f 11224/5/5 11216/5/5 11223/5/5
f 11225/6/5 11221/6/5 11220/6/5
f 11225/6/5 11220/6/5 11219/6/5
f 11226/6/5 11221/6/5 11225/6/5
f 11229/5/5 11223/5/5 11222/5/5
f 11230/5/5 11223/5/5 11229/5/5
f 11231/6/5 11227/6/5 11226/6/5
f 11232/6/5 11227/6/5 11231/6/5
f 11235/5/5 11229/5/5 11228/5/5
f 11236/5/5 11229/5/5 11235/5/5
f 11237/6/5 11233/6/5 11232/6/5
f 11238/6/5 11233/6/5 11237/6/5
f 11241/5/5 11235/5/5 11234/5/5
f 11242/5/5 11235/5/5 11241/5/5
f 11243/5/5 11235/5/5 11242/5/5
f 11244/6/5 11239/6/5 11238/6/5
f 11245/6/5 11239/6/5 11244/6/5
f 11246/6/5 11239/6/5 11245/6/5
f 11249/5/5 11241/5/5 11240/5/5
f 11249/5/5 11242/5/5 11241/5/5
f 11250/5/5 11242/5/5 11249/5/5
f 11251/6/5 11247/6/5 11246/6/5
f 11251/6/5 11246/6/5 11245/6/5
f 11252/6/5 11247/6/5 11251/6/5
f 11255/5/5 11249/5/5 11248/5/5
f 11256/5/5 11249/5/5 11255/5/5
f 11257/6/5 11253/6/5 11252/6/5
f 11258/6/5 11253/6/5 11257/6/5
f 11261/5/5 11255/5/5 11254/5/5
f 11262/5/5 11255/5/5 11261/5/5
f 11263/5/5 11255/5/5 11262/5/5
f 11264/6/5 11259/6/5 11258/6/5
f 11265/6/5 11259/6/5 11264/6/5
f 11266/6/5 11259/6/5 11265/6/5
f 11269/5/5 11261/5/5 11260/5/5
f 11269/5/5 11262/5/5 11261/5/5
f 11270/5/5 11262/5/5 11269/5/5
f 11271/5/5 11262/5/5 11270/5/5
f 11272/6/5 11267/6/5 11266/6/5
f 11272/6/5 11266/6/5 11265/6/5
f 11273/6/5 11267/6/5 11272/6/5
f 11274/6/5 11267/6/5 11273/6/5
f 11277/5/5 11270/5/5 11269/5/5
f 11277/5/5 11269/5/5 11268/5/5
f 11278/5/5 11270/5/5 11277/5/5
f 11279/5/5 11270/5/5 11278/5/5
f 11280/6/5 11275/6/5 11274/6/5
f 11280/6/5 11274/6/5 11273/6/5
f 11281/6/5 11275/6/5 11280/6/5
f 11282/6/5 11275/6/5 11281/6/5
f 11285/5/5 11278/5/5 11277/5/5
f 11285/5/5 11277/5/5 11276/5/5
f 11286/5/5 11278/5/5 11285/5/5
f 11287/5/5 11278/5/5 11286/5/5
f 11288/6/5 11283/6/5 11282/6/5
f 11288/6/5 11282/6/5 11281/6/5
f 11289/6/5 11283/6/5 11288/6/5
f 11290/6/5 11283/6/5 11289/6/5
f 11293/5/5 11286/5/5 11285/5/5
f 11293/5/5 11285/5/5 11284/5/5
f 11294/5/5 11286/5/5 11293/5/5
f 11295/5/5 11286/5/5 11294/5/5
f 11296/6/5 11291/6/5 11290/6/5
f 11296/6/5 11290/6/5 11289/6/5
f 11297/6/5 11291/6/5 11296/6/5
f 11298/6/5 11291/6/5 11297/6/5
f 11300/5/5 11294/5/5 11293/5/5
f 11300/5/5 11293/5/5 11292/5/5
f 11301/5/5 11294/5/5 11300/5/5
f 11302/6/5 11299/6/5 11298/6/5
f 11302/6/5 11298/6/5 11297/6/5
f 11303/6/5 11299/6/5 11302/6/5
f 11305/5/5 11300/5/5 11292/5/5
f 11306/5/5 11300/5/5 11305/5/5
f 11307/6/5 11299/6/5 11303/6/5
f 11308/6/5 11299/6/5 11307/6/5
f 11311/5/5 11305/5/5 11304/5/5
f 11312/5/5 11305/5/5 11311/5/5
f 11313/6/5 11309/6/5 11308/6/5
f 11314/6/5 11309/6/5 11313/6/5
f 11317/5/5 11311/5/5 11310/5/5
f 11318/6/5 11315/6/5 11314/6/5
f 11320/5/5 11317/5/5 11316/5/5
f 11320/5/5 11311/5/5 11317/5/5
f 11321/5/5 11311/5/5 11320/5/5
f 11322/6/5 11319/6/5 11318/6/5
f 11322/6/5 11318/6/5 11314/6/5
f 11323/6/5 11319/6/5 11322/6/5
f 11325/5/5 11320/5/5 11316/5/5
f 11326/5/5 11320/5/5 11325/5/5
f 11327/6/5 11319/6/5 11323/6/5
f 11328/6/5 11319/6/5 11327/6/5
f 11331/5/5 11325/5/5 11324/5/5
f 11332/5/5 11325/5/5 11331/5/5
f 11333/6/5 11329/6/5 11328/6/5
f 11334/6/5 11329/6/5 11333/6/5
f 11337/5/5 11331/5/5 11330/5/5
f 11338/5/5 11331/5/5 11337/5/5
f 11339/6/5 11335/6/5 11334/6/5
f 11340/6/5 11335/6/5 11339/6/5
f 11343/5/5 11337/5/5 11336/5/5
f 11344/6/5 11341/6/5 11340/6/5
f 11346/5/5 11343/5/5 11342/5/5
f 11346/5/5 11337/5/5 11343/5/5
f 11347/5/5 11337/5/5 11346/5/5
f 11348/6/5 11345/6/5 11344/6/5
f 11348/6/5 11344/6/5 11340/6/5
f 11349/6/5 11345/6/5 11348/6/5
f 11351/5/5 11346/5/5 11342/5/5
f 11352/5/5 11346/5/5 11351/5/5
f 11353/6/5 11345/6/5 11349/6/5
f 11354/6/5 11345/6/5 11353/6/5
f 11357/5/5 11351/5/5 11350/5/5
f 11358/5/5 11351/5/5 11357/5/5
f 11359/6/5 11355/6/5 11354/6/5
f 11360/6/5 11355/6/5 11359/6/5
f 11362/5/5 11357/5/5 11356/5/5
f 11363/5/5 11357/5/5 11362/5/5
f 11366/6/5 11361/6/5 11360/6/5
f 11367/6/5 11361/6/5 11366/6/5
f 11368/5/5 11364/5/5 11363/5/5
f 11369/5/5 11364/5/5 11368/5/5
f 11372/6/5 11366/6/5 11365/6/5
f 11373/6/5 11366/6/5 11372/6/5
f 11374/5/5 11370/5/5 11369/5/5
f 11377/6/5 11372/6/5 11371/6/5
f 11378/5/5 11375/5/5 11374/5/5
f 11378/5/5 11374/5/5 11369/5/5
f 11379/5/5 11375/5/5 11378/5/5
f 11380/6/5 11377/6/5 11376/6/5
f 11380/6/5 11372/6/5 11377/6/5
f 11381/6/5 11372/6/5 11380/6/5
f 11382/5/5 11375/5/5 11379/5/5
f 11383/5/5 11375/5/5 11382/5/5
f 11386/6/5 11380/6/5 11376/6/5
f 11387/6/5 11380/6/5 11386/6/5
f 11388/5/5 11384/5/5 11383/5/5
f 11389/5/5 11384/5/5 11388/5/5
f 11392/6/5 11386/6/5 11385/6/5
f 11393/6/5 11386/6/5 11392/6/5
f 11394/5/5 11390/5/5 11389/5/5
f 11395/5/5 11390/5/5 11394/5/5
f 11398/6/5 11392/6/5 11391/6/5
f 11399/6/5 11392/6/5 11398/6/5
f 11400/5/5 11396/5/5 11395/5/5
f 11403/6/5 11398/6/5 11397/6/5
f 11404/5/5 11401/5/5 11400/5/5
f 11404/5/5 11400/5/5 11395/5/5
f 11405/5/5 11401/5/5 11404/5/5
f 11406/6/5 11403/6/5 11402/6/5
f 11406/6/5 11398/6/5 11403/6/5
f 11407/6/5 11398/6/5 11406/6/5
f 11408/5/5 11401/5/5 11405/5/5
f 11409/5/5 11401/5/5 11408/5/5
f 11412/6/5 11406/6/5 11402/6/5
f 11413/6/5 11406/6/5 11412/6/5
f 11414/5/5 11410/5/5 11409/5/5
f 11415/5/5 11410/5/5 11414/5/5
f 11418/6/5 11412/6/5 11411/6/5
f 11419/6/5 11412/6/5 11418/6/5
f 11420/5/5 11416/5/5 11415/5/5
f 11423/6/5 11418/6/5 11417/6/5
f 11424/5/5 11421/5/5 11420/5/5
f 11424/5/5 11420/5/5 11415/5/5
f 11425/5/5 11421/5/5 11424/5/5
f 11426/5/5 11421/5/5 11425/5/5
f 11429/6/5 11423/6/5 11422/6/5
f 11430/6/5 11418/6/5 11423/6/5
f 11430/6/5 11423/6/5 11429/6/5
f 11431/6/5 11418/6/5 11430/6/5
f 11432/5/5 11427/5/5 11426/5/5
f 11432/5/5 11426/5/5 11425/5/5
f 11433/5/5 11427/5/5 11432/5/5
f 11434/5/5 11427/5/5 11433/5/5
f 11437/6/5 11429/6/5 11428/6/5
f 11437/6/5 11430/6/5 11429/6/5
f 11438/6/5 11430/6/5 11437/6/5
f 11439/6/5 11430/6/5 11438/6/5
f 11440/5/5 11435/5/5 11434/5/5
f 11440/5/5 11434/5/5 11433/5/5
f 11441/5/5 11435/5/5 11440/5/5
f 11442/5/5 11435/5/5 11441/5/5
f 11445/6/5 11438/6/5 11437/6/5
f 11445/6/5 11437/6/5 11436/6/5
f 11446/6/5 11438/6/5 11445/6/5
f 11447/6/5 11438/6/5 11446/6/5
f 11448/5/5 11443/5/5 11442/5/5
f 11448/5/5 11442/5/5 11441/5/5
f 11449/5/5 11443/5/5 11448/5/5
f 11450/5/5 11443/5/5 11449/5/5
f 11453/6/5 11446/6/5 11445/6/5
f 11453/6/5 11445/6/5 11444/6/5
f 11454/6/5 11446/6/5 11453/6/5
f 11455/6/5 11446/6/5 11454/6/5
f 11456/5/5 11451/5/5 11450/5/5
f 11456/5/5 11450/5/5 11449/5/5
f 11457/5/5 11451/5/5 11456/5/5
f 11458/5/5 11451/5/5 11457/5/5
f 11461/6/5 11454/6/5 11453/6/5
f 11461/6/5 11453/6/5 11452/6/5
f 11462/6/5 11454/6/5 11461/6/5
f 11463/6/5 11454/6/5 11462/6/5
f 11464/5/5 11459/5/5 11458/5/5
f 11464/5/5 11458/5/5 11457/5/5
f 11465/5/5 11459/5/5 11464/5/5
f 11468/6/5 11462/6/5 11461/6/5
f 11468/6/5 11461/6/5 11460/6/5
f 11469/6/5 11462/6/5 11468/6/5
f 11470/5/5 11466/5/5 11465/5/5
f 11471/5/5 11466/5/5 11470/5/5
f 11474/6/5 11468/6/5 11467/6/5
f 11475/6/5 11468/6/5 11474/6/5
f 11476/5/5 11472/5/5 11471/5/5
f 11477/5/5 11472/5/5 11476/5/5
f 11478/5/5 11472/5/5 11477/5/5
f 11481/6/5 11474/6/5 11473/6/5
f 11482/6/5 11474/6/5 11481/6/5
f 11483/6/5 11474/6/5 11482/6/5
f 11484/5/5 11479/5/5 11478/5/5
f 11484/5/5 11478/5/5 11477/5/5
f 11485/5/5 11479/5/5 11484/5/5
f 11488/6/5 11482/6/5 11481/6/5
f 11488/6/5 11481/6/5 11480/6/5
f 11489/6/5 11482/6/5 11488/6/5
f 11490/5/5 11486/5/5 11485/5/5
f 11491/5/5 11486/5/5 11490/5/5
f 11494/6/5 11488/6/5 11487/6/5
f 11495/6/5 11488/6/5 11494/6/5
f 11496/5/5 11492/5/5 11491/5/5
f 11497/5/5 11492/5/5 11496/5/5
f 11500/6/5 11494/6/5 11493/6/5
f 11501/6/5 11494/6/5 11500/6/5
f 11502/5/5 11498/5/5 11497/5/5
f 11503/5/5 11498/5/5 11502/5/5
f 11504/5/5 11498/5/5 11503/5/5
f 11507/6/5 11500/6/5 11499/6/5
f 11508/6/5 11500/6/5 11507/6/5
f 11509/6/5 11500/6/5 11508/6/5
f 11510/5/5 11505/5/5 11504/5/5
f 11510/5/5 11504/5/5 11503/5/5
f 11511/5/5 11505/5/5 11510/5/5
f 11514/6/5 11508/6/5 11507/6/5
f 11514/6/5 11507/6/5 11506/6/5
f 11515/6/5 11508/6/5 11514/6/5
f 11516/5/5 11512/5/5 11511/5/5
f 11517/5/5 11512/5/5 11516/5/5
f 11518/6/5 11514/6/5 11513/6/5
f 11519/6/5 11514/6/5 11518/6/5
f 11520/5/5 11518/5/5 11517/5/5
f 11521/5/5 11518/5/5 11520/5/5
f 11524/6/5 11523/6/5 11522/6/5
f 11525/6/5 11523/6/5 11524/6/5
f 11528/6/5 11527/6/5 11526/6/5
f 11529/6/5 11527/6/5 11528/6/5
f 11537/8/5 11531/8/5 11530/8/5
f 11537/8/5 11535/8/5 11534/8/5
f 11537/8/5 11534/8/5 11533/8/5
f 11537/8/5 11533/8/5 11532/8/5
f 11537/8/5 11532/8/5 11531/8/5
f 11538/8/5 11535/8/5 11537/8/5
f 11542/8/5 11537/8/5 11536/8/5
f 11542/8/5 11540/8/5 11539/8/5
f 11542/8/5 11539/8/5 11538/8/5
f 11542/8/5 11538/8/5 11537/8/5
f 11543/8/5 11540/8/5 11542/8/5
f 11546/8/5 11542/8/5 11541/8/5
f 11546/8/5 11544/8/5 11543/8/5
f 11546/8/5 11543/8/5 11542/8/5
f 11547/8/5 11544/8/5 11546/8/5
f 11550/8/5 11546/8/5 11545/8/5
f 11550/8/5 11548/8/5 11547/8/5
f 11550/8/5 11547/8/5 11546/8/5
f 11551/8/5 11548/8/5 11550/8/5
f 11554/8/5 11550/8/5 11549/8/5
f 11554/8/5 11552/8/5 11551/8/5
f 11554/8/5 11551/8/5 11550/8/5
f 11555/8/5 11552/8/5 11554/8/5
f 11558/8/5 11554/8/5 11553/8/5
f 11558/8/5 11556/8/5 11555/8/5
f 11558/8/5 11555/8/5 11554/8/5
f 11559/8/5 11556/8/5 11558/8/5
f 11562/8/5 11558/8/5 11557/8/5
f 11562/8/5 11560/8/5 11559/8/5
f 11562/8/5 11559/8/5 11558/8/5
f 11563/8/5 11560/8/5 11562/8/5
f 11566/8/5 11562/8/5 11561/8/5
f 11566/8/5 11564/8/5 11563/8/5
f 11566/8/5 11563/8/5 11562/8/5
f 11567/8/5 11564/8/5 11566/8/5
f 11570/8/5 11566/8/5 11565/8/5
f 11570/8/5 11568/8/5 11567/8/5
f 11570/8/5 11567/8/5 11566/8/5
f 11571/8/5 11568/8/5 11570/8/5
f 11574/8/5 11570/8/5 11569/8/5
f 11574/8/5 11572/8/5 11571/8/5
f 11574/8/5 11571/8/5 11570/8/5
f 11575/8/5 11572/8/5 11574/8/5
f 11578/8/5 11574/8/5 11573/8/5
f 11578/8/5 11576/8/5 11575/8/5
f 11578/8/5 11575/8/5 11574/8/5
f 11579/8/5 11576/8/5 11578/8/5
f 11582/8/5 11578/8/5 11577/8/5
f 11582/8/5 11580/8/5 11579/8/5
f 11582/8/5 11579/8/5 11578/8/5
f 11583/8/5 11580/8/5 11582/8/5
f 11586/8/5 11582/8/5 11581/8/5
f 11586/8/5 11584/8/5 11583/8/5
f 11586/8/5 11583/8/5 11582/8/5
f 11587/8/5 11584/8/5 11586/8/5
f 11590/8/5 11586/8/5 11585/8/5
f 11590/8/5 11588/8/5 11587/8/5
f 11590/8/5 11587/8/5 11586/8/5
f 11591/8/5 11588/8/5 11590/8/5
f 11594/8/5 11590/8/5 11589/8/5
f 11594/8/5 11592/8/5 11591/8/5
f 11594/8/5 11591/8/5 11590/8/5
f 11595/8/5 11592/8/5 11594/8/5
f 11598/8/5 11594/8/5 11593/8/5
f 11598/8/5 11596/8/5 11595/8/5
f 11598/8/5 11595/8/5 11594/8/5
f 11599/8/5 11596/8/5 11598/8/5
f 11602/8/5 11598/8/5 11597/8/5
f 11602/8/5 11600/8/5 11599/8/5
f 11602/8/5 11599/8/5 11598/8/5
f 11603/8/5 11600/8/5 11602/8/5
f 11606/8/5 11602/8/5 11601/8/5
f 11606/8/5 11604/8/5 11603/8/5
f 11606/8/5 11603/8/5 11602/8/5
f 11607/8/5 11604/8/5 11606/8/5
f 11610/8/5 11606/8/5 11605/8/5
f 11610/8/5 11608/8/5 11607/8/5
f 11610/8/5 11607/8/5 11606/8/5
f 11611/8/5 11608/8/5 11610/8/5
f 11614/8/5 11610/8/5 11609/8/5
f 11614/8/5 11612/8/5 11611/8/5
f 11614/8/5 11611/8/5 11610/8/5
f 11615/8/5 11612/8/5 11614/8/5
f 11618/8/5 11614/8/5 11613/8/5
f 11618/8/5 11616/8/5 11615/8/5
f 11618/8/5 11615/8/5 11614/8/5
f 11619/8/5 11616/8/5 11618/8/5
f 11622/8/5 11618/8/5 11617/8/5
f 11622/8/5 11620/8/5 11619/8/5
f 11622/8/5 11619/8/5 11618/8/5
f 11623/8/5 11620/8/5 11622/8/5
f 11626/8/5 11622/8/5 11621/8/5
f 11626/8/5 11624/8/5 11623/8/5
f 11626/8/5 11623/8/5 11622/8/5
f 11627/8/5 11624/8/5 11626/8/5
f 11629/8/5 11626/8/5 11625/8/5
f 11629/8/5 11628/8/5 11627/8/5
f 11629/8/5 11627/8/5 11626/8/5
f 11630/8/5 11628/8/5 11629/8/5
f 11631/8/5 11628/8/5 11630/8/5
f 11632/8/5 11631/8/5 11630/8/5
f 11633/8/5 11632/8/5 11630/8/5
f 11634/8/5 11632/8/5 11633/8/5
f 11635/8/5 11632/8/5 11634/8/5
f 11636/8/5 11632/8/5 11635/8/5
f 11637/8/5 11635/8/5 11634/8/5
f 11638/8/5 11635/8/5 11637/8/5
f 11639/8/5 11635/8/5 11638/8/5
f 11640/8/5 11635/8/5 11639/8/5
f 11641/8/5 11639/8/5 11638/8/5
f 11642/8/5 11639/8/5 11641/8/5
f 11643/8/5 11639/8/5 11642/8/5
f 11644/8/5 11639/8/5 11643/8/5
f 11645/8/5 11643/8/5 11642/8/5
f 11646/8/5 11643/8/5 11645/8/5
f 11647/8/5 11643/8/5 11646/8/5
f 11648/8/5 11643/8/5 11647/8/5
f 11649/8/5 11647/8/5 11646/8/5
f 11650/8/5 11647/8/5 11649/8/5
f 11651/8/5 11647/8/5 11650/8/5
f 11652/8/5 11647/8/5 11651/8/5
f 11653/8/5 11651/8/5 11650/8/5
f 11654/8/5 11651/8/5 11653/8/5
f 11655/8/5 11651/8/5 11654/8/5
f 11656/8/5 11651/8/5 11655/8/5
f 11657/8/5 11655/8/5 11654/8/5
f 11658/8/5 11655/8/5 11657/8/5
f 11659/8/5 11655/8/5 11658/8/5
f 11660/8/5 11655/8/5 11659/8/5
f 11661/8/5 11659/8/5 11658/8/5
f 11662/8/5 11659/8/5 11661/8/5
f 11663/8/5 11659/8/5 11662/8/5
f 11664/8/5 11659/8/5 11663/8/5
f 11665/8/5 11663/8/5 11662/8/5
f 11666/8/5 11663/8/5 11665/8/5
f 11667/8/5 11663/8/5 11666/8/5
f 11668/8/5 11663/8/5 11667/8/5
f 11669/8/5 11667/8/5 11666/8/5
f 11670/8/5 11667/8/5 11669/8/5
f 11671/8/5 11667/8/5 11670/8/5
f 11672/8/5 11667/8/5 11671/8/5
f 11673/8/5 11671/8/5 11670/8/5
f 11674/8/5 11671/8/5 11673/8/5
f 11675/8/5 11671/8/5 11674/8/5
f 11676/8/5 11671/8/5 11675/8/5
f 11677/8/5 11675/8/5 11674/8/5
f 11678/8/5 11675/8/5 11677/8/5
f 11679/8/5 11675/8/5 11678/8/5
f 11680/8/5 11675/8/5 11679/8/5
f 11681/8/5 11679/8/5 11678/8/5
f 11682/8/5 11679/8/5 11681/8/5
f 11683/8/5 11679/8/5 11682/8/5
f 11684/8/5 11679/8/5 11683/8/5
f 11685/8/5 11683/8/5 11682/8/5
f 11686/8/5 11683/8/5 11685/8/5
f 11687/8/5 11683/8/5 11686/8/5
f 11688/8/5 11683/8/5 11687/8/5
f 11689/8/5 11687/8/5 11686/8/5
f 11690/8/5 11687/8/5 11689/8/5
f 11691/8/5 11687/8/5 11690/8/5
f 11692/8/5 11687/8/5 11691/8/5
f 11693/8/5 11691/8/5 11690/8/5
f 11694/8/5 11691/8/5 11693/8/5
f 11695/8/5 11691/8/5 11694/8/5
f 11696/8/5 11691/8/5 11695/8/5
f 11697/8/5 11695/8/5 11694/8/5
f 11698/8/5 11695/8/5 11697/8/5
f 11699/8/5 11695/8/5 11698/8/5
f 11700/8/5 11695/8/5 11699/8/5
f 11701/8/5 11699/8/5 11698/8/5
f 11702/8/5 11699/8/5 11701/8/5
f 11703/8/5 11699/8/5 11702/8/5
f 11704/8/5 11699/8/5 11703/8/5
f 11705/8/5 11703/8/5 11702/8/5
f 11706/8/5 11703/8/5 11705/8/5
f 11707/8/5 11703/8/5 11706/8/5
f 11708/8/5 11703/8/5 11707/8/5
f 11709/8/5 11707/8/5 11706/8/5
f 11710/8/5 11707/8/5 11709/8/5
f 11711/8/5 11707/8/5 11710/8/5
f 11712/8/5 11707/8/5 11711/8/5
f 11713/8/5 11711/8/5 11710/8/5
f 11714/8/5 11711/8/5 11713/8/5
f 11715/8/5 11711/8/5 11714/8/5
f 11716/8/5 11711/8/5 11715/8/5
f 11717/8/5 11715/8/5 11714/8/5
f 11718/8/5 11715/8/5 11717/8/5
f 11719/8/5 11715/8/5 11718/8/5
f 11720/8/5 11715/8/5 11719/8/5
f 11721/8/5 11719/8/5 11718/8/5
f 11722/8/5 11719/8/5 11721/8/5
f 11723/8/5 11719/8/5 11722/8/5
f 11724/8/5 11719/8/5 11723/8/5
f 11725/8/5 11719/8/5 11724/8/5
f 11726/8/5 11723/8/5 11722/8/5
f 11727/8/5 11723/8/5 11726/8/5
f 11728/8/5 11723/8/5 11727/8/5
f 11729/8/5 11723/8/5 11728/8/5
f 11730/8/5 11723/8/5 11729/8/5
f 11731/8/5 11723/8/5 11730/8/5
f 11732/8/5 11723/8/5 11731/8/5
f 11733/8/5 11723/8/5 11732/8/5
f 11736/6/5 11735/6/5 11734/6/5
f 11737/6/5 11735/6/5 11736/6/5
f 11740/6/5 11739/6/5 11738/6/5
f 11741/6/5 11739/6/5 11740/6/5
f 11747/6/5 11743/6/5 11742/6/5
f 11748/6/5 11745/6/5 11744/6/5
f 11751/6/5 11747/6/5 11746/6/5
f 11752/6/5 11749/6/5 11748/6/5
f 11755/6/5 11751/6/5 11750/6/5
f 11756/6/5 11753/6/5 11752/6/5
f 11759/6/5 11755/6/5 11754/6/5
f 11760/6/5 11743/6/5 11747/6/5
f 11760/6/5 11747/6/5 11751/6/5
f 11760/6/5 11755/6/5 11759/6/5
f 11760/6/5 11751/6/5 11755/6/5
f 11761/3/5 11744/3/5 11743/3/5
f 11761/6/5 11743/6/5 11760/6/5
f 11762/6/5 11757/6/5 11756/6/5
f 11762/3/5 11744/3/5 11761/3/5
f 11762/6/5 11748/6/5 11744/6/5
f 11762/6/5 11756/6/5 11752/6/5
f 11762/6/5 11752/6/5 11748/6/5
f 11763/6/5 11757/6/5 11762/6/5
f 11764/6/5 11757/6/5 11763/6/5
f 11767/6/5 11760/6/5 11759/6/5
f 11767/6/5 11759/6/5 11758/6/5
f 11768/6/5 11760/6/5 11767/6/5
f 11769/6/5 11760/6/5 11768/6/5
f 11770/6/5 11765/6/5 11764/6/5
f 11770/6/5 11764/6/5 11763/6/5
f 11771/6/5 11765/6/5 11770/6/5
f 11772/6/5 11765/6/5 11771/6/5
f 11775/6/5 11768/6/5 11767/6/5
f 11775/6/5 11767/6/5 11766/6/5
f 11776/6/5 11768/6/5 11775/6/5
f 11777/6/5 11768/6/5 11776/6/5
f 11778/6/5 11773/6/5 11772/6/5
f 11778/6/5 11772/6/5 11771/6/5
f 11779/6/5 11773/6/5 11778/6/5
f 11780/6/5 11773/6/5 11779/6/5
f 11783/6/5 11776/6/5 11775/6/5
f 11783/6/5 11775/6/5 11774/6/5
f 11784/6/5 11776/6/5 11783/6/5
f 11785/6/5 11776/6/5 11784/6/5
f 11786/6/5 11781/6/5 11780/6/5
f 11786/6/5 11780/6/5 11779/6/5
f 11787/6/5 11781/6/5 11786/6/5
f 11788/6/5 11781/6/5 11787/6/5
f 11791/6/5 11784/6/5 11783/6/5
f 11791/6/5 11783/6/5 11782/6/5
f 11792/6/5 11784/6/5 11791/6/5
f 11793/6/5 11784/6/5 11792/6/5
f 11794/6/5 11789/6/5 11788/6/5
f 11794/6/5 11788/6/5 11787/6/5
f 11795/6/5 11789/6/5 11794/6/5
f 11796/6/5 11789/6/5 11795/6/5
f 11799/6/5 11792/6/5 11791/6/5
f 11799/6/5 11791/6/5 11790/6/5
f 11800/6/5 11792/6/5 11799/6/5
f 11801/6/5 11792/6/5 11800/6/5
f 11802/6/5 11797/6/5 11796/6/5
f 11802/6/5 11796/6/5 11795/6/5
f 11803/6/5 11797/6/5 11802/6/5
f 11804/6/5 11797/6/5 11803/6/5
f 11807/6/5 11800/6/5 11799/6/5
f 11807/6/5 11799/6/5 11798/6/5
f 11808/6/5 11800/6/5 11807/6/5
f 11809/6/5 11800/6/5 11808/6/5
f 11810/6/5 11805/6/5 11804/6/5
f 11810/6/5 11804/6/5 11803/6/5
f 11811/6/5 11805/6/5 11810/6/5
f 11812/6/5 11805/6/5 11811/6/5
f 11815/6/5 11808/6/5 11807/6/5
f 11815/6/5 11807/6/5 11806/6/5
f 11816/6/5 11808/6/5 11815/6/5
f 11817/6/5 11808/6/5 11816/6/5
f 11818/6/5 11813/6/5 11812/6/5
f 11818/6/5 11812/6/5 11811/6/5
f 11819/6/5 11813/6/5 11818/6/5
f 11820/6/5 11813/6/5 11819/6/5
f 11823/6/5 11816/6/5 11815/6/5
f 11823/6/5 11815/6/5 11814/6/5
f 11824/6/5 11816/6/5 11823/6/5
f 11825/6/5 11816/6/5 11824/6/5
f 11826/6/5 11821/6/5 11820/6/5
f 11826/6/5 11820/6/5 11819/6/5
f 11827/6/5 11821/6/5 11826/6/5
f 11828/6/5 11821/6/5 11827/6/5
f 11831/6/5 11824/6/5 11823/6/5
f 11831/6/5 11823/6/5 11822/6/5
f 11832/6/5 11824/6/5 11831/6/5
f 11833/6/5 11824/6/5 11832/6/5
f 11834/6/5 11829/6/5 11828/6/5
f 11834/6/5 11828/6/5 11827/6/5
f 11835/6/5 11829/6/5 11834/6/5
f 11836/6/5 11829/6/5 11835/6/5
f 11839/6/5 11832/6/5 11831/6/5
f 11839/6/5 11831/6/5 11830/6/5
f 11840/6/5 11832/6/5 11839/6/5
f 11841/6/5 11832/6/5 11840/6/5
f 11842/6/5 11837/6/5 11836/6/5
f 11842/6/5 11836/6/5 11835/6/5
f 11843/6/5 11837/6/5 11842/6/5
f 11844/6/5 11837/6/5 11843/6/5
f 11847/6/5 11840/6/5 11839/6/5
f 11847/6/5 11839/6/5 11838/6/5
f 11848/6/5 11840/6/5 11847/6/5
f 11849/6/5 11840/6/5 11848/6/5
f 11850/6/5 11845/6/5 11844/6/5
f 11850/6/5 11844/6/5 11843/6/5
f 11851/6/5 11845/6/5 11850/6/5
f 11852/6/5 11845/6/5 11851/6/5
f 11855/6/5 11848/6/5 11847/6/5
f 11855/6/5 11847/6/5 11846/6/5
f 11856/6/5 11848/6/5 11855/6/5
f 11857/6/5 11848/6/5 11856/6/5
f 11858/6/5 11853/6/5 11852/6/5
f 11858/6/5 11852/6/5 11851/6/5
f 11859/6/5 11853/6/5 11858/6/5
f 11860/6/5 11853/6/5 11859/6/5
f 11863/6/5 11856/6/5 11855/6/5
f 11863/6/5 11855/6/5 11854/6/5
f 11864/6/5 11856/6/5 11863/6/5
f 11865/6/5 11856/6/5 11864/6/5
f 11866/6/5 11861/6/5 11860/6/5
f 11866/6/5 11860/6/5 11859/6/5
f 11867/6/5 11861/6/5 11866/6/5
f 11868/6/5 11861/6/5 11867/6/5
f 11871/6/5 11864/6/5 11863/6/5
f 11871/6/5 11863/6/5 11862/6/5
f 11872/6/5 11864/6/5 11871/6/5
f 11873/6/5 11864/6/5 11872/6/5
f 11874/6/5 11869/6/5 11868/6/5
f 11874/6/5 11868/6/5 11867/6/5
f 11875/6/5 11869/6/5 11874/6/5
f 11876/6/5 11869/6/5 11875/6/5
f 11879/6/5 11872/6/5 11871/6/5
f 11879/6/5 11871/6/5 11870/6/5
f 11880/6/5 11872/6/5 11879/6/5
f 11881/6/5 11872/6/5 11880/6/5
f 11882/6/5 11877/6/5 11876/6/5
f 11882/6/5 11876/6/5 11875/6/5
f 11883/6/5 11877/6/5 11882/6/5
f 11884/6/5 11877/6/5 11883/6/5
f 11887/6/5 11880/6/5 11879/6/5
f 11887/6/5 11879/6/5 11878/6/5
f 11888/6/5 11880/6/5 11887/6/5
f 11889/6/5 11880/6/5 11888/6/5
f 11890/6/5 11885/6/5 11884/6/5
f 11890/6/5 11884/6/5 11883/6/5
f 11891/6/5 11885/6/5 11890/6/5
f 11892/6/5 11885/6/5 11891/6/5
f 11894/6/5 11888/6/5 11887/6/5
f 11894/6/5 11887/6/5 11886/6/5
f 11895/6/5 11888/6/5 11894/6/5
f 11896/6/5 11893/6/5 11892/6/5
f 11896/6/5 11892/6/5 11891/6/5
f 11897/6/5 11893/6/5 11896/6/5
f 11899/6/5 11894/6/5 11886/6/5
f 11900/6/5 11893/6/5 11897/6/5
f 11902/6/5 11899/6/5 11898/6/5
f 11902/6/5 11894/6/5 11899/6/5
f 11903/6/5 11894/6/5 11902/6/5
f 11904/6/5 11901/6/5 11900/6/5
f 11904/6/5 11900/6/5 11897/6/5
f 11905/6/5 11901/6/5 11904/6/5
f 11907/6/5 11902/6/5 11898/6/5
f 11908/6/5 11901/6/5 11905/6/5
f 11910/6/5 11907/6/5 11906/6/5
f 11910/6/5 11902/6/5 11907/6/5
f 11911/6/5 11902/6/5 11910/6/5
f 11912/6/5 11909/6/5 11908/6/5
f 11912/6/5 11908/6/5 11905/6/5
f 11913/6/5 11909/6/5 11912/6/5
f 11915/6/5 11910/6/5 11906/6/5
f 11916/6/5 11909/6/5 11913/6/5
f 11918/6/5 11915/6/5 11914/6/5
f 11918/6/5 11910/6/5 11915/6/5
f 11919/6/5 11910/6/5 11918/6/5
f 11920/6/5 11917/6/5 11916/6/5
f 11920/6/5 11916/6/5 11913/6/5
f 11921/6/5 11917/6/5 11920/6/5
f 11923/6/5 11918/6/5 11914/6/5
f 11924/6/5 11918/6/5 11923/6/5
f 11925/6/5 11918/6/5 11924/6/5
f 11926/6/5 11917/6/5 11921/6/5
f 11927/6/5 11917/6/5 11926/6/5
f 11928/6/5 11917/6/5 11927/6/5
f 11931/6/5 11923/6/5 11922/6/5
f 11931/6/5 11924/6/5 11923/6/5
f 11932/6/5 11929/6/5 11928/6/5
f 11932/6/5 11928/6/5 11927/6/5
f 11934/6/5 11931/6/5 11930/6/5
f 11934/6/5 11924/6/5 11931/6/5
f 11935/6/5 11924/6/5 11934/6/5
f 11936/6/5 11933/6/5 11932/6/5
f 11936/6/5 11932/6/5 11927/6/5
f 11937/6/5 11933/6/5 11936/6/5
f 11939/6/5 11934/6/5 11930/6/5
f 11940/6/5 11934/6/5 11939/6/5
f 11941/6/5 11934/6/5 11940/6/5
f 11942/6/5 11933/6/5 11937/6/5
f 11943/6/5 11933/6/5 11942/6/5
f 11944/6/5 11933/6/5 11943/6/5
f 11946/6/5 11939/6/5 11938/6/5
f 11946/6/5 11940/6/5 11939/6/5
f 11947/6/5 11940/6/5 11946/6/5
f 11948/6/5 11945/6/5 11944/6/5
f 11948/6/5 11944/6/5 11943/6/5
f 11949/6/5 11945/6/5 11948/6/5
f 11950/3/5 11947/3/5 11946/3/5
f 11951/3/5 11947/3/5 11950/3/5
f 11952/3/5 11949/3/5 11948/3/5
f 11953/3/5 11949/3/5 11952/3/5
f 11954/6/5 11951/6/5 11950/6/5
f 11955/6/5 11951/6/5 11954/6/5
f 11956/6/5 11951/6/5 11955/6/5
f 11959/6/5 11953/6/5 11952/6/5
f 11960/6/5 11953/6/5 11959/6/5
f 11961/6/5 11953/6/5 11960/6/5
f 11962/6/5 11957/6/5 11956/6/5
f 11962/6/5 11956/6/5 11955/6/5
f 11965/6/5 11960/6/5 11959/6/5
f 11965/6/5 11959/6/5 11958/6/5
f 11966/6/5 11963/6/5 11962/6/5
f 11966/6/5 11962/6/5 11955/6/5
f 11967/6/5 11963/6/5 11966/6/5
f 11968/6/5 11965/6/5 11964/6/5
f 11968/6/5 11960/6/5 11965/6/5
f 11969/6/5 11960/6/5 11968/6/5
f 11970/6/5 11963/6/5 11967/6/5
f 11971/6/5 11963/6/5 11970/6/5
f 11972/6/5 11963/6/5 11971/6/5
f 11975/6/5 11968/6/5 11964/6/5
f 11976/6/5 11968/6/5 11975/6/5
f 11977/6/5 11968/6/5 11976/6/5
f 11978/6/5 11973/6/5 11972/6/5
f 11978/6/5 11972/6/5 11971/6/5
f 11981/6/5 11976/6/5 11975/6/5
f 11981/6/5 11975/6/5 11974/6/5
f 11982/6/5 11979/6/5 11978/6/5
f 11982/6/5 11978/6/5 11971/6/5
f 11983/6/5 11979/6/5 11982/6/5
f 11984/6/5 11981/6/5 11980/6/5
f 11984/6/5 11976/6/5 11981/6/5
f 11985/6/5 11976/6/5 11984/6/5
f 11986/6/5 11979/6/5 11983/6/5
f 11989/6/5 11984/6/5 11980/6/5
f 11990/6/5 11987/6/5 11986/6/5
f 11990/6/5 11986/6/5 11983/6/5
f 11991/6/5 11987/6/5 11990/6/5
f 11992/6/5 11989/6/5 11988/6/5
f 11992/6/5 11984/6/5 11989/6/5
f 11993/6/5 11984/6/5 11992/6/5
f 11994/6/5 11987/6/5 11991/6/5
f 11997/6/5 11992/6/5 11988/6/5
f 11998/6/5 11995/6/5 11994/6/5
f 11998/6/5 11994/6/5 11991/6/5
f 11999/6/5 11995/6/5 11998/6/5
f 12000/6/5 11997/6/5 11996/6/5
f 12000/6/5 11992/6/5 11997/6/5
f 12001/6/5 11992/6/5 12000/6/5
f 12002/6/5 11995/6/5 11999/6/5
f 12005/6/5 12000/6/5 11996/6/5
f 12006/6/5 12003/6/5 12002/6/5
f 12006/6/5 12002/6/5 11999/6/5
f 12007/6/5 12003/6/5 12006/6/5
f 12008/6/5 12003/6/5 12007/6/5
f 12011/6/5 12005/6/5 12004/6/5
f 12012/6/5 12000/6/5 12005/6/5
f 12012/6/5 12005/6/5 12011/6/5
f 12013/6/5 12000/6/5 12012/6/5
f 12014/6/5 12009/6/5 12008/6/5
f 12014/6/5 12008/6/5 12007/6/5
f 12015/6/5 12009/6/5 12014/6/5
f 12016/6/5 12009/6/5 12015/6/5
f 12019/6/5 12011/6/5 12010/6/5
f 12019/6/5 12012/6/5 12011/6/5
f 12020/6/5 12012/6/5 12019/6/5
f 12021/6/5 12012/6/5 12020/6/5
f 12022/6/5 12017/6/5 12016/6/5
f 12022/6/5 12016/6/5 12015/6/5
f 12023/6/5 12017/6/5 12022/6/5
f 12024/6/5 12017/6/5 12023/6/5
f 12027/6/5 12020/6/5 12019/6/5
f 12027/6/5 12019/6/5 12018/6/5
f 12028/6/5 12020/6/5 12027/6/5
f 12029/6/5 12020/6/5 12028/6/5
f 12030/6/5 12025/6/5 12024/6/5
f 12030/6/5 12024/6/5 12023/6/5
f 12031/6/5 12025/6/5 12030/6/5
f 12032/6/5 12025/6/5 12031/6/5
f 12035/6/5 12028/6/5 12027/6/5
f 12035/6/5 12027/6/5 12026/6/5
f 12036/6/5 12028/6/5 12035/6/5
f 12037/6/5 12028/6/5 12036/6/5
f 12038/6/5 12033/6/5 12032/6/5
f 12038/6/5 12032/6/5 12031/6/5
f 12039/6/5 12033/6/5 12038/6/5
f 12040/6/5 12033/6/5 12039/6/5
f 12043/6/5 12036/6/5 12035/6/5
f 12043/6/5 12035/6/5 12034/6/5
f 12044/6/5 12036/6/5 12043/6/5
f 12045/6/5 12036/6/5 12044/6/5
f 12046/6/5 12041/6/5 12040/6/5
f 12046/6/5 12040/6/5 12039/6/5
f 12047/6/5 12041/6/5 12046/6/5
f 12048/6/5 12041/6/5 12047/6/5
f 12051/6/5 12044/6/5 12043/6/5
f 12051/6/5 12043/6/5 12042/6/5
f 12052/6/5 12044/6/5 12051/6/5
f 12053/6/5 12044/6/5 12052/6/5
f 12054/6/5 12049/6/5 12048/6/5
f 12054/6/5 12048/6/5 12047/6/5
f 12055/6/5 12049/6/5 12054/6/5
f 12056/6/5 12049/6/5 12055/6/5
f 12059/6/5 12052/6/5 12051/6/5
f 12059/6/5 12051/6/5 12050/6/5
f 12060/6/5 12052/6/5 12059/6/5
f 12061/6/5 12052/6/5 12060/6/5
f 12062/6/5 12057/6/5 12056/6/5
f 12062/6/5 12056/6/5 12055/6/5
f 12063/6/5 12057/6/5 12062/6/5
f 12064/6/5 12057/6/5 12063/6/5
f 12067/6/5 12060/6/5 12059/6/5
f 12067/6/5 12059/6/5 12058/6/5
f 12068/6/5 12060/6/5 12067/6/5
f 12069/6/5 12060/6/5 12068/6/5
f 12070/6/5 12065/6/5 12064/6/5
f 12070/6/5 12064/6/5 12063/6/5
f 12071/6/5 12065/6/5 12070/6/5
f 12072/6/5 12065/6/5 12071/6/5
f 12075/6/5 12068/6/5 12067/6/5
f 12075/6/5 12067/6/5 12066/6/5
f 12076/6/5 12068/6/5 12075/6/5
f 12077/6/5 12068/6/5 12076/6/5
f 12078/6/5 12073/6/5 12072/6/5
f 12078/6/5 12072/6/5 12071/6/5
f 12079/6/5 12073/6/5 12078/6/5
f 12080/6/5 12073/6/5 12079/6/5
f 12083/6/5 12076/6/5 12075/6/5
f 12083/6/5 12075/6/5 12074/6/5
f 12084/6/5 12076/6/5 12083/6/5
f 12085/6/5 12076/6/5 12084/6/5
f 12086/6/5 12081/6/5 12080/6/5
f 12086/6/5 12080/6/5 12079/6/5
f 12087/6/5 12081/6/5 12086/6/5
f 12088/6/5 12081/6/5 12087/6/5
f 12091/6/5 12084/6/5 12083/6/5
f 12091/6/5 12083/6/5 12082/6/5
f 12092/6/5 12084/6/5 12091/6/5
f 12093/6/5 12084/6/5 12092/6/5
f 12094/6/5 12089/6/5 12088/6/5
f 12094/6/5 12088/6/5 12087/6/5
f 12095/6/5 12089/6/5 12094/6/5
f 12096/6/5 12089/6/5 12095/6/5
f 12099/6/5 12092/6/5 12091/6/5
f 12099/6/5 12091/6/5 12090/6/5
f 12100/6/5 12092/6/5 12099/6/5
f 12101/6/5 12092/6/5 12100/6/5
f 12102/6/5 12097/6/5 12096/6/5
f 12102/6/5 12096/6/5 12095/6/5
f 12103/6/5 12097/6/5 12102/6/5
f 12104/6/5 12097/6/5 12103/6/5
f 12107/6/5 12100/6/5 12099/6/5
f 12107/6/5 12099/6/5 12098/6/5
f 12108/6/5 12100/6/5 12107/6/5
f 12109/6/5 12100/6/5 12108/6/5
f 12110/6/5 12105/6/5 12104/6/5
f 12110/6/5 12104/6/5 12103/6/5
f 12111/6/5 12105/6/5 12110/6/5
f 12112/6/5 12105/6/5 12111/6/5
f 12115/6/5 12108/6/5 12107/6/5
f 12115/6/5 12107/6/5 12106/6/5
f 12116/6/5 12108/6/5 12115/6/5
f 12117/6/5 12108/6/5 12116/6/5
f 12118/6/5 12113/6/5 12112/6/5
f 12118/6/5 12112/6/5 12111/6/5
f 12119/6/5 12113/6/5 12118/6/5
f 12120/6/5 12113/6/5 12119/6/5
f 12123/6/5 12116/6/5 12115/6/5
f 12123/6/5 12115/6/5 12114/6/5
f 12124/6/5 12116/6/5 12123/6/5
f 12125/6/5 12116/6/5 12124/6/5
f 12126/6/5 12121/6/5 12120/6/5
f 12126/6/5 12120/6/5 12119/6/5
f 12127/6/5 12121/6/5 12126/6/5
f 12128/6/5 12121/6/5 12127/6/5
f 12131/6/5 12124/6/5 12123/6/5
f 12131/6/5 12123/6/5 12122/6/5
f 12132/6/5 12124/6/5 12131/6/5
f 12133/6/5 12124/6/5 12132/6/5
f 12134/6/5 12129/6/5 12128/6/5
f 12134/6/5 12128/6/5 12127/6/5
f 12135/6/5 12129/6/5 12134/6/5
f 12136/6/5 12129/6/5 12135/6/5
f 12139/6/5 12132/6/5 12131/6/5
f 12139/6/5 12131/6/5 12130/6/5
f 12140/6/5 12132/6/5 12139/6/5
f 12141/6/5 12132/6/5 12140/6/5
f 12142/6/5 12137/6/5 12136/6/5
f 12142/6/5 12136/6/5 12135/6/5
f 12143/6/5 12137/6/5 12142/6/5
f 12144/6/5 12140/6/5 12139/6/5
f 12144/6/5 12139/6/5 12138/6/5
f 12145/6/5 12140/6/5 12144/6/5
f 12146/6/5 12137/6/5 12143/6/5
f 12147/6/5 12137/6/5 12146/6/5
f 12148/6/5 12144/6/5 12138/6/5
f 12149/6/5 12144/6/5 12148/6/5
f 12150/6/5 12137/6/5 12147/6/5
f 12151/6/5 12137/6/5 12150/6/5
f 12152/6/5 12148/6/5 12138/6/5
f 12153/6/5 12148/6/5 12152/6/5
f 12154/6/5 12137/6/5 12151/6/5
f 12155/3/5 12138/3/5 12137/3/5
f 12155/6/5 12137/6/5 12154/6/5
f 12156/6/5 12152/6/5 12138/6/5
f 12156/3/5 12138/3/5 12155/3/5
f 12157/6/5 12152/6/5 12156/6/5
f 12163/6/5 12159/6/5 12158/6/5
f 12164/6/5 12161/6/5 12160/6/5
f 12167/6/5 12163/6/5 12162/6/5
f 12168/6/5 12165/6/5 12164/6/5
f 12171/6/5 12167/6/5 12166/6/5
f 12172/6/5 12169/6/5 12168/6/5
f 12175/6/5 12171/6/5 12170/6/5
f 12176/6/5 12159/6/5 12163/6/5
f 12176/6/5 12163/6/5 12167/6/5
f 12176/6/5 12171/6/5 12175/6/5
f 12176/6/5 12167/6/5 12171/6/5
f 12177/3/5 12160/3/5 12159/3/5
f 12177/6/5 12159/6/5 12176/6/5
f 12178/6/5 12173/6/5 12172/6/5
f 12178/3/5 12160/3/5 12177/3/5
f 12178/6/5 12164/6/5 12160/6/5
f 12178/6/5 12172/6/5 12168/6/5
f 12178/6/5 12168/6/5 12164/6/5
f 12179/6/5 12173/6/5 12178/6/5
f 12180/6/5 12173/6/5 12179/6/5
f 12183/6/5 12176/6/5 12175/6/5
f 12183/6/5 12175/6/5 12174/6/5
f 12184/6/5 12176/6/5 12183/6/5
f 12185/6/5 12176/6/5 12184/6/5
f 12186/6/5 12181/6/5 12180/6/5
f 12186/6/5 12180/6/5 12179/6/5
f 12187/6/5 12181/6/5 12186/6/5
f 12188/6/5 12181/6/5 12187/6/5
f 12191/6/5 12184/6/5 12183/6/5
f 12191/6/5 12183/6/5 12182/6/5
f 12192/6/5 12184/6/5 12191/6/5
f 12193/6/5 12184/6/5 12192/6/5
f 12194/6/5 12189/6/5 12188/6/5
f 12194/6/5 12188/6/5 12187/6/5
f 12195/6/5 12189/6/5 12194/6/5
f 12196/6/5 12189/6/5 12195/6/5
f 12199/6/5 12192/6/5 12191/6/5
f 12199/6/5 12191/6/5 12190/6/5
f 12200/6/5 12192/6/5 12199/6/5
f 12201/6/5 12192/6/5 12200/6/5
f 12202/6/5 12197/6/5 12196/6/5
f 12202/6/5 12196/6/5 12195/6/5
f 12203/6/5 12197/6/5 12202/6/5
f 12204/6/5 12197/6/5 12203/6/5
f 12207/6/5 12200/6/5 12199/6/5
f 12207/6/5 12199/6/5 12198/6/5
f 12208/6/5 12200/6/5 12207/6/5
f 12209/6/5 12200/6/5 12208/6/5
f 12210/6/5 12205/6/5 12204/6/5
f 12210/6/5 12204/6/5 12203/6/5
f 12211/6/5 12205/6/5 12210/6/5
f 12212/6/5 12205/6/5 12211/6/5
f 12215/6/5 12208/6/5 12207/6/5
f 12215/6/5 12207/6/5 12206/6/5
f 12216/6/5 12208/6/5 12215/6/5
f 12217/6/5 12208/6/5 12216/6/5
f 12218/6/5 12213/6/5 12212/6/5
f 12218/6/5 12212/6/5 12211/6/5
f 12219/6/5 12213/6/5 12218/6/5
f 12220/6/5 12213/6/5 12219/6/5
f 12223/6/5 12216/6/5 12215/6/5
f 12223/6/5 12215/6/5 12214/6/5
f 12224/6/5 12216/6/5 12223/6/5
f 12225/6/5 12216/6/5 12224/6/5
f 12226/6/5 12221/6/5 12220/6/5
f 12226/6/5 12220/6/5 12219/6/5
f 12227/6/5 12221/6/5 12226/6/5
f 12228/6/5 12221/6/5 12227/6/5
f 12231/6/5 12224/6/5 12223/6/5
f 12231/6/5 12223/6/5 12222/6/5
f 12232/6/5 12224/6/5 12231/6/5
f 12233/6/5 12224/6/5 12232/6/5
f 12234/6/5 12229/6/5 12228/6/5
f 12234/6/5 12228/6/5 12227/6/5
f 12235/6/5 12229/6/5 12234/6/5
f 12236/6/5 12229/6/5 12235/6/5
f 12239/6/5 12232/6/5 12231/6/5
f 12239/6/5 12231/6/5 12230/6/5
f 12240/6/5 12232/6/5 12239/6/5
f 12241/6/5 12232/6/5 12240/6/5
f 12242/6/5 12237/6/5 12236/6/5
f 12242/6/5 12236/6/5 12235/6/5
f 12243/6/5 12237/6/5 12242/6/5
f 12244/6/5 12237/6/5 12243/6/5
f 12247/6/5 12240/6/5 12239/6/5
f 12247/6/5 12239/6/5 12238/6/5
f 12248/6/5 12240/6/5 12247/6/5
f 12249/6/5 12240/6/5 12248/6/5
f 12250/6/5 12245/6/5 12244/6/5
f 12250/6/5 12244/6/5 12243/6/5
f 12251/6/5 12245/6/5 12250/6/5
f 12252/6/5 12245/6/5 12251/6/5
f 12255/6/5 12248/6/5 12247/6/5
f 12255/6/5 12247/6/5 12246/6/5
f 12256/6/5 12248/6/5 12255/6/5
f 12257/6/5 12248/6/5 12256/6/5
f 12258/6/5 12253/6/5 12252/6/5
f 12258/6/5 12252/6/5 12251/6/5
f 12259/6/5 12253/6/5 12258/6/5
f 12260/6/5 12253/6/5 12259/6/5
f 12263/6/5 12256/6/5 12255/6/5
f 12263/6/5 12255/6/5 12254/6/5
f 12264/6/5 12256/6/5 12263/6/5
f 12265/6/5 12256/6/5 12264/6/5
f 12266/6/5 12261/6/5 12260/6/5
f 12266/6/5 12260/6/5 12259/6/5
f 12267/6/5 12261/6/5 12266/6/5
f 12268/6/5 12261/6/5 12267/6/5
f 12271/6/5 12264/6/5 12263/6/5
f 12271/6/5 12263/6/5 12262/6/5
f 12272/6/5 12264/6/5 12271/6/5
f 12273/6/5 12264/6/5 12272/6/5
f 12274/6/5 12269/6/5 12268/6/5
f 12274/6/5 12268/6/5 12267/6/5
f 12275/6/5 12269/6/5 12274/6/5
f 12276/6/5 12269/6/5 12275/6/5
f 12279/6/5 12272/6/5 12271/6/5
f 12279/6/5 12271/6/5 12270/6/5
f 12280/6/5 12272/6/5 12279/6/5
f 12281/6/5 12272/6/5 12280/6/5
f 12282/6/5 12277/6/5 12276/6/5
f 12282/6/5 12276/6/5 12275/6/5
f 12283/6/5 12277/6/5 12282/6/5
f 12284/6/5 12277/6/5 12283/6/5
f 12287/6/5 12280/6/5 12279/6/5
f 12287/6/5 12279/6/5 12278/6/5
f 12288/6/5 12280/6/5 12287/6/5
f 12289/6/5 12280/6/5 12288/6/5
f 12290/6/5 12285/6/5 12284/6/5
f 12290/6/5 12284/6/5 12283/6/5
f 12291/6/5 12285/6/5 12290/6/5
f 12292/6/5 12285/6/5 12291/6/5
f 12294/6/5 12288/6/5 12287/6/5
f 12294/6/5 12287/6/5 12286/6/5
f 12295/6/5 12288/6/5 12294/6/5
f 12296/6/5 12293/6/5 12292/6/5
f 12296/6/5 12292/6/5 12291/6/5
f 12297/6/5 12293/6/5 12296/6/5
f 12299/6/5 12294/6/5 12286/6/5
f 12300/6/5 12294/6/5 12299/6/5
f 12301/6/5 12294/6/5 12300/6/5
f 12302/6/5 12293/6/5 12297/6/5
f 12303/6/5 12293/6/5 12302/6/5
f 12304/6/5 12293/6/5 12303/6/5
f 12307/6/5 12299/6/5 12298/6/5
f 12307/6/5 12300/6/5 12299/6/5
f 12308/6/5 12300/6/5 12307/6/5
f 12309/6/5 12300/6/5 12308/6/5
f 12310/6/5 12305/6/5 12304/6/5
f 12310/6/5 12304/6/5 12303/6/5
f 12311/6/5 12305/6/5 12310/6/5
f 12312/6/5 12305/6/5 12311/6/5
f 12314/6/5 12308/6/5 12307/6/5
f 12314/6/5 12307/6/5 12306/6/5
f 12315/6/5 12308/6/5 12314/6/5
f 12316/6/5 12313/6/5 12312/6/5
f 12316/6/5 12312/6/5 12311/6/5
f 12317/6/5 12313/6/5 12316/6/5
f 12319/6/5 12314/6/5 12306/6/5
f 12320/6/5 12313/6/5 12317/6/5
f 12323/6/5 12319/6/5 12318/6/5
f 12324/6/5 12314/6/5 12319/6/5
f 12324/6/5 12319/6/5 12323/6/5
f 12325/6/5 12314/6/5 12324/6/5
f 12326/6/5 12321/6/5 12320/6/5
f 12326/6/5 12320/6/5 12317/6/5
f 12327/6/5 12321/6/5 12326/6/5
f 12328/6/5 12321/6/5 12327/6/5
f 12330/6/5 12323/6/5 12322/6/5
f 12330/6/5 12324/6/5 12323/6/5
f 12331/6/5 12324/6/5 12330/6/5
f 12332/6/5 12329/6/5 12328/6/5
f 12332/6/5 12328/6/5 12327/6/5
f 12333/6/5 12329/6/5 12332/6/5
f 12335/6/5 12330/6/5 12322/6/5
f 12336/6/5 12329/6/5 12333/6/5
f 12338/6/5 12335/6/5 12334/6/5
f 12338/6/5 12330/6/5 12335/6/5
f 12339/6/5 12330/6/5 12338/6/5
f 12340/6/5 12337/6/5 12336/6/5
f 12340/6/5 12336/6/5 12333/6/5
f 12341/6/5 12337/6/5 12340/6/5
f 12343/6/5 12338/6/5 12334/6/5
f 12344/6/5 12337/6/5 12341/6/5
f 12346/6/5 12343/6/5 12342/6/5
f 12346/6/5 12338/6/5 12343/6/5
f 12347/6/5 12338/6/5 12346/6/5
f 12348/6/5 12345/6/5 12344/6/5
f 12348/6/5 12344/6/5 12341/6/5
f 12349/6/5 12345/6/5 12348/6/5
f 12351/6/5 12346/6/5 12342/6/5
f 12352/6/5 12345/6/5 12349/6/5
f 12354/6/5 12351/6/5 12350/6/5
f 12354/6/5 12346/6/5 12351/6/5
f 12355/6/5 12346/6/5 12354/6/5
f 12356/6/5 12353/6/5 12352/6/5
f 12356/6/5 12352/6/5 12349/6/5
f 12357/6/5 12353/6/5 12356/6/5
f 12359/6/5 12354/6/5 12350/6/5
f 12360/6/5 12353/6/5 12357/6/5
f 12362/6/5 12359/6/5 12358/6/5
f 12362/6/5 12354/6/5 12359/6/5
f 12363/6/5 12354/6/5 12362/6/5
f 12364/6/5 12361/6/5 12360/6/5
f 12364/6/5 12360/6/5 12357/6/5
f 12365/6/5 12361/6/5 12364/6/5
f 12367/6/5 12362/6/5 12358/6/5
f 12368/6/5 12362/6/5 12367/6/5
f 12369/6/5 12362/6/5 12368/6/5
f 12370/6/5 12361/6/5 12365/6/5
f 12371/6/5 12361/6/5 12370/6/5
f 12372/6/5 12361/6/5 12371/6/5
f 12375/6/5 12367/6/5 12366/6/5
f 12375/6/5 12368/6/5 12367/6/5
f 12376/6/5 12368/6/5 12375/6/5
f 12377/6/5 12368/6/5 12376/6/5
f 12378/6/5 12373/6/5 12372/6/5
f 12378/6/5 12372/6/5 12371/6/5
f 12379/6/5 12373/6/5 12378/6/5
f 12380/6/5 12373/6/5 12379/6/5
f 12382/6/5 12376/6/5 12375/6/5
f 12382/6/5 12375/6/5 12374/6/5
f 12383/6/5 12376/6/5 12382/6/5
f 12384/6/5 12381/6/5 12380/6/5
f 12384/6/5 12380/6/5 12379/6/5
f 12385/6/5 12381/6/5 12384/6/5
f 12386/3/5 12383/3/5 12382/3/5
f 12387/3/5 12383/3/5 12386/3/5
f 12388/3/5 12385/3/5 12384/3/5
f 12389/3/5 12385/3/5 12388/3/5
f 12390/6/5 12387/6/5 12386/6/5
f 12391/6/5 12387/6/5 12390/6/5
f 12392/6/5 12387/6/5 12391/6/5
f 12395/6/5 12389/6/5 12388/6/5
f 12396/6/5 12389/6/5 12395/6/5
f 12397/6/5 12389/6/5 12396/6/5
f 12398/6/5 12393/6/5 12392/6/5
f 12398/6/5 12392/6/5 12391/6/5
f 12399/6/5 12393/6/5 12398/6/5
f 12400/6/5 12393/6/5 12399/6/5
f 12403/6/5 12396/6/5 12395/6/5
f 12403/6/5 12395/6/5 12394/6/5
f 12404/6/5 12396/6/5 12403/6/5
f 12405/6/5 12396/6/5 12404/6/5
f 12406/6/5 12401/6/5 12400/6/5
f 12406/6/5 12400/6/5 12399/6/5
f 12409/6/5 12404/6/5 12403/6/5
f 12409/6/5 12403/6/5 12402/6/5
f 12410/6/5 12407/6/5 12406/6/5
f 12410/6/5 12406/6/5 12399/6/5
f 12411/6/5 12407/6/5 12410/6/5
f 12412/6/5 12409/6/5 12408/6/5
f 12412/6/5 12404/6/5 12409/6/5
f 12413/6/5 12404/6/5 12412/6/5
f 12414/6/5 12407/6/5 12411/6/5
f 12417/6/5 12412/6/5 12408/6/5
f 12418/6/5 12415/6/5 12414/6/5
f 12418/6/5 12414/6/5 12411/6/5
f 12419/6/5 12415/6/5 12418/6/5
f 12420/6/5 12417/6/5 12416/6/5
f 12420/6/5 12412/6/5 12417/6/5
f 12421/6/5 12412/6/5 12420/6/5
f 12422/6/5 12415/6/5 12419/6/5
f 12425/6/5 12420/6/5 12416/6/5
f 12426/6/5 12423/6/5 12422/6/5
f 12426/6/5 12422/6/5 12419/6/5
f 12427/6/5 12423/6/5 12426/6/5
f 12428/6/5 12425/6/5 12424/6/5
f 12428/6/5 12420/6/5 12425/6/5
f 12429/6/5 12420/6/5 12428/6/5
f 12430/6/5 12423/6/5 12427/6/5
f 12433/6/5 12428/6/5 12424/6/5
f 12434/6/5 12431/6/5 12430/6/5
f 12434/6/5 12430/6/5 12427/6/5
f 12435/6/5 12431/6/5 12434/6/5
f 12436/6/5 12433/6/5 12432/6/5
f 12436/6/5 12428/6/5 12433/6/5
f 12437/6/5 12428/6/5 12436/6/5
f 12438/6/5 12431/6/5 12435/6/5
f 12441/6/5 12436/6/5 12432/6/5
f 12442/6/5 12439/6/5 12438/6/5
f 12442/6/5 12438/6/5 12435/6/5
f 12443/6/5 12439/6/5 12442/6/5
f 12444/6/5 12439/6/5 12443/6/5
f 12447/6/5 12441/6/5 12440/6/5
f 12448/6/5 12436/6/5 12441/6/5
f 12448/6/5 12441/6/5 12447/6/5
f 12449/6/5 12436/6/5 12448/6/5
f 12450/6/5 12445/6/5 12444/6/5
f 12450/6/5 12444/6/5 12443/6/5
f 12451/6/5 12445/6/5 12450/6/5
f 12452/6/5 12447/6/5 12446/6/5
f 12452/6/5 12448/6/5 12447/6/5
f 12453/6/5 12448/6/5 12452/6/5
f 12454/6/5 12445/6/5 12451/6/5
f 12457/6/5 12452/6/5 12446/6/5
f 12458/6/5 12455/6/5 12454/6/5
f 12458/6/5 12454/6/5 12451/6/5
f 12459/6/5 12455/6/5 12458/6/5
f 12460/6/5 12455/6/5 12459/6/5
f 12463/6/5 12457/6/5 12456/6/5
f 12464/6/5 12452/6/5 12457/6/5
f 12464/6/5 12457/6/5 12463/6/5
f 12465/6/5 12452/6/5 12464/6/5
f 12466/6/5 12461/6/5 12460/6/5
f 12466/6/5 12460/6/5 12459/6/5
f 12467/6/5 12461/6/5 12466/6/5
f 12468/6/5 12461/6/5 12467/6/5
f 12471/6/5 12463/6/5 12462/6/5
f 12471/6/5 12464/6/5 12463/6/5
f 12472/6/5 12464/6/5 12471/6/5
f 12473/6/5 12464/6/5 12472/6/5
f 12474/6/5 12469/6/5 12468/6/5
f 12474/6/5 12468/6/5 12467/6/5
f 12477/6/5 12472/6/5 12471/6/5
f 12477/6/5 12471/6/5 12470/6/5
f 12478/6/5 12475/6/5 12474/6/5
f 12478/6/5 12474/6/5 12467/6/5
f 12479/6/5 12475/6/5 12478/6/5
f 12480/6/5 12475/6/5 12479/6/5
f 12483/6/5 12477/6/5 12476/6/5
f 12484/6/5 12472/6/5 12477/6/5
f 12484/6/5 12477/6/5 12483/6/5
f 12485/6/5 12472/6/5 12484/6/5
f 12486/6/5 12481/6/5 12480/6/5
f 12486/6/5 12480/6/5 12479/6/5
f 12487/6/5 12481/6/5 12486/6/5
f 12488/6/5 12481/6/5 12487/6/5
f 12491/6/5 12483/6/5 12482/6/5
f 12491/6/5 12484/6/5 12483/6/5
f 12492/6/5 12484/6/5 12491/6/5
f 12493/6/5 12484/6/5 12492/6/5
f 12494/6/5 12489/6/5 12488/6/5
f 12494/6/5 12488/6/5 12487/6/5
f 12495/6/5 12489/6/5 12494/6/5
f 12496/6/5 12489/6/5 12495/6/5
f 12499/6/5 12492/6/5 12491/6/5
f 12499/6/5 12491/6/5 12490/6/5
f 12500/6/5 12492/6/5 12499/6/5
f 12501/6/5 12492/6/5 12500/6/5
f 12502/6/5 12497/6/5 12496/6/5
f 12502/6/5 12496/6/5 12495/6/5
f 12503/6/5 12497/6/5 12502/6/5
f 12504/6/5 12497/6/5 12503/6/5
f 12507/6/5 12500/6/5 12499/6/5
f 12507/6/5 12499/6/5 12498/6/5
f 12508/6/5 12500/6/5 12507/6/5
f 12509/6/5 12500/6/5 12508/6/5
f 12510/6/5 12505/6/5 12504/6/5
f 12510/6/5 12504/6/5 12503/6/5
f 12511/6/5 12505/6/5 12510/6/5
f 12512/6/5 12505/6/5 12511/6/5
f 12515/6/5 12508/6/5 12507/6/5
f 12515/6/5 12507/6/5 12506/6/5
f 12516/6/5 12508/6/5 12515/6/5
f 12517/6/5 12508/6/5 12516/6/5
f 12518/6/5 12513/6/5 12512/6/5
f 12518/6/5 12512/6/5 12511/6/5
f 12519/6/5 12513/6/5 12518/6/5
f 12520/6/5 12513/6/5 12519/6/5
f 12523/6/5 12516/6/5 12515/6/5
f 12523/6/5 12515/6/5 12514/6/5
f 12524/6/5 12516/6/5 12523/6/5
f 12525/6/5 12516/6/5 12524/6/5
f 12526/6/5 12521/6/5 12520/6/5
f 12526/6/5 12520/6/5 12519/6/5
f 12527/6/5 12521/6/5 12526/6/5
f 12528/6/5 12521/6/5 12527/6/5
f 12531/6/5 12524/6/5 12523/6/5
f 12531/6/5 12523/6/5 12522/6/5
f 12532/6/5 12524/6/5 12531/6/5
f 12533/6/5 12524/6/5 12532/6/5
f 12534/6/5 12529/6/5 12528/6/5
f 12534/6/5 12528/6/5 12527/6/5
f 12535/6/5 12529/6/5 12534/6/5
f 12536/6/5 12529/6/5 12535/6/5
f 12539/6/5 12532/6/5 12531/6/5
f 12539/6/5 12531/6/5 12530/6/5
f 12540/6/5 12532/6/5 12539/6/5
f 12541/6/5 12532/6/5 12540/6/5
f 12542/6/5 12537/6/5 12536/6/5
f 12542/6/5 12536/6/5 12535/6/5
f 12543/6/5 12537/6/5 12542/6/5
f 12544/6/5 12537/6/5 12543/6/5
f 12547/6/5 12540/6/5 12539/6/5
f 12547/6/5 12539/6/5 12538/6/5
f 12548/6/5 12540/6/5 12547/6/5
f 12549/6/5 12540/6/5 12548/6/5
f 12550/6/5 12545/6/5 12544/6/5
f 12550/6/5 12544/6/5 12543/6/5
f 12551/6/5 12545/6/5 12550/6/5
f 12552/6/5 12545/6/5 12551/6/5
f 12555/6/5 12548/6/5 12547/6/5
f 12555/6/5 12547/6/5 12546/6/5
f 12556/6/5 12548/6/5 12555/6/5
f 12557/6/5 12548/6/5 12556/6/5
f 12558/6/5 12553/6/5 12552/6/5
f 12558/6/5 12552/6/5 12551/6/5
f 12559/6/5 12553/6/5 12558/6/5
f 12560/6/5 12553/6/5 12559/6/5
f 12563/6/5 12556/6/5 12555/6/5
f 12563/6/5 12555/6/5 12554/6/5
f 12564/6/5 12556/6/5 12563/6/5
f 12565/6/5 12556/6/5 12564/6/5
f 12566/6/5 12561/6/5 12560/6/5
f 12566/6/5 12560/6/5 12559/6/5
f 12567/6/5 12561/6/5 12566/6/5
f 12568/6/5 12561/6/5 12567/6/5
f 12571/6/5 12564/6/5 12563/6/5
f 12571/6/5 12563/6/5 12562/6/5
f 12572/6/5 12564/6/5 12571/6/5
f 12573/6/5 12564/6/5 12572/6/5
f 12574/6/5 12569/6/5 12568/6/5
f 12574/6/5 12568/6/5 12567/6/5
f 12575/6/5 12569/6/5 12574/6/5
f 12576/6/5 12569/6/5 12575/6/5
f 12579/6/5 12572/6/5 12571/6/5
f 12579/6/5 12571/6/5 12570/6/5
f 12580/6/5 12572/6/5 12579/6/5
f 12581/6/5 12572/6/5 12580/6/5
f 12582/6/5 12577/6/5 12576/6/5
f 12582/6/5 12576/6/5 12575/6/5
f 12583/6/5 12577/6/5 12582/6/5
f 12584/6/5 12577/6/5 12583/6/5
f 12587/6/5 12580/6/5 12579/6/5
f 12587/6/5 12579/6/5 12578/6/5
f 12588/6/5 12580/6/5 12587/6/5
f 12589/6/5 12580/6/5 12588/6/5
f 12590/6/5 12585/6/5 12584/6/5
f 12590/6/5 12584/6/5 12583/6/5
f 12591/6/5 12585/6/5 12590/6/5
f 12592/6/5 12585/6/5 12591/6/5
f 12595/6/5 12588/6/5 12587/6/5
f 12595/6/5 12587/6/5 12586/6/5
f 12596/6/5 12588/6/5 12595/6/5
f 12597/6/5 12588/6/5 12596/6/5
f 12598/6/5 12593/6/5 12592/6/5
f 12598/6/5 12592/6/5 12591/6/5
f 12599/6/5 12593/6/5 12598/6/5
f 12600/6/5 12596/6/5 12595/6/5
f 12600/6/5 12595/6/5 12594/6/5
f 12601/6/5 12596/6/5 12600/6/5
f 12602/6/5 12593/6/5 12599/6/5
f 12603/6/5 12593/6/5 12602/6/5
f 12604/6/5 12600/6/5 12594/6/5
f 12605/6/5 12600/6/5 12604/6/5
f 12606/6/5 12593/6/5 12603/6/5
f 12607/6/5 12593/6/5 12606/6/5
f 12608/6/5 12604/6/5 12594/6/5
f 12609/6/5 12604/6/5 12608/6/5
f 12610/6/5 12593/6/5 12607/6/5
f 12611/3/5 12594/3/5 12593/3/5
f 12611/6/5 12593/6/5 12610/6/5
f 12612/6/5 12608/6/5 12594/6/5
f 12612/3/5 12594/3/5 12611/3/5
f 12613/6/5 12608/6/5 12612/6/5
f 12619/6/5 12615/6/5 12614/6/5
f 12620/6/5 12617/6/5 12616/6/5
f 12623/6/5 12619/6/5 12618/6/5
f 12624/6/5 12621/6/5 12620/6/5
f 12627/6/5 12623/6/5 12622/6/5
f 12628/6/5 12625/6/5 12624/6/5
f 12631/6/5 12627/6/5 12626/6/5
f 12632/6/5 12615/6/5 12619/6/5
f 12632/6/5 12619/6/5 12623/6/5
f 12632/6/5 12627/6/5 12631/6/5
f 12632/6/5 12623/6/5 12627/6/5
f 12633/3/5 12616/3/5 12615/3/5
f 12633/6/5 12615/6/5 12632/6/5
f 12634/6/5 12629/6/5 12628/6/5
f 12634/3/5 12616/3/5 12633/3/5
f 12634/6/5 12620/6/5 12616/6/5
f 12634/6/5 12628/6/5 12624/6/5
f 12634/6/5 12624/6/5 12620/6/5
f 12635/6/5 12629/6/5 12634/6/5
f 12636/6/5 12629/6/5 12635/6/5
f 12639/6/5 12632/6/5 12631/6/5
f 12639/6/5 12631/6/5 12630/6/5
f 12640/6/5 12632/6/5 12639/6/5
f 12641/6/5 12632/6/5 12640/6/5
f 12642/6/5 12637/6/5 12636/6/5
f 12642/6/5 12636/6/5 12635/6/5
f 12643/6/5 12637/6/5 12642/6/5
f 12644/6/5 12637/6/5 12643/6/5
f 12647/6/5 12640/6/5 12639/6/5
f 12647/6/5 12639/6/5 12638/6/5
f 12648/6/5 12640/6/5 12647/6/5
f 12649/6/5 12640/6/5 12648/6/5
f 12650/6/5 12645/6/5 12644/6/5
f 12650/6/5 12644/6/5 12643/6/5
f 12651/6/5 12645/6/5 12650/6/5
f 12652/6/5 12645/6/5 12651/6/5
f 12655/6/5 12648/6/5 12647/6/5
f 12655/6/5 12647/6/5 12646/6/5
f 12656/6/5 12648/6/5 12655/6/5
f 12657/6/5 12648/6/5 12656/6/5
f 12658/6/5 12653/6/5 12652/6/5
f 12658/6/5 12652/6/5 12651/6/5
f 12659/6/5 12653/6/5 12658/6/5
f 12660/6/5 12653/6/5 12659/6/5
f 12663/6/5 12656/6/5 12655/6/5
f 12663/6/5 12655/6/5 12654/6/5
f 12664/6/5 12656/6/5 12663/6/5
f 12665/6/5 12656/6/5 12664/6/5
f 12666/6/5 12661/6/5 12660/6/5
f 12666/6/5 12660/6/5 12659/6/5
f 12667/6/5 12661/6/5 12666/6/5
f 12668/6/5 12661/6/5 12667/6/5
f 12671/6/5 12664/6/5 12663/6/5
f 12671/6/5 12663/6/5 12662/6/5
f 12672/6/5 12664/6/5 12671/6/5
f 12673/6/5 12664/6/5 12672/6/5
f 12674/6/5 12669/6/5 12668/6/5
f 12674/6/5 12668/6/5 12667/6/5
f 12675/6/5 12669/6/5 12674/6/5
f 12676/6/5 12669/6/5 12675/6/5
f 12679/6/5 12672/6/5 12671/6/5
f 12679/6/5 12671/6/5 12670/6/5
f 12680/6/5 12672/6/5 12679/6/5
f 12681/6/5 12672/6/5 12680/6/5
f 12682/6/5 12677/6/5 12676/6/5
f 12682/6/5 12676/6/5 12675/6/5
f 12683/6/5 12677/6/5 12682/6/5
f 12684/6/5 12677/6/5 12683/6/5
f 12687/6/5 12680/6/5 12679/6/5
f 12687/6/5 12679/6/5 12678/6/5
f 12688/6/5 12680/6/5 12687/6/5
f 12689/6/5 12680/6/5 12688/6/5
f 12690/6/5 12685/6/5 12684/6/5
f 12690/6/5 12684/6/5 12683/6/5
f 12691/6/5 12685/6/5 12690/6/5
f 12692/6/5 12685/6/5 12691/6/5
f 12695/6/5 12688/6/5 12687/6/5
f 12695/6/5 12687/6/5 12686/6/5
f 12696/6/5 12688/6/5 12695/6/5
f 12697/6/5 12688/6/5 12696/6/5
f 12698/6/5 12693/6/5 12692/6/5
f 12698/6/5 12692/6/5 12691/6/5
f 12699/6/5 12693/6/5 12698/6/5
f 12700/6/5 12693/6/5 12699/6/5
f 12703/6/5 12696/6/5 12695/6/5
f 12703/6/5 12695/6/5 12694/6/5
f 12704/6/5 12696/6/5 12703/6/5
f 12705/6/5 12696/6/5 12704/6/5
f 12706/6/5 12701/6/5 12700/6/5
f 12706/6/5 12700/6/5 12699/6/5
f 12707/6/5 12701/6/5 12706/6/5
f 12708/6/5 12701/6/5 12707/6/5
f 12711/6/5 12704/6/5 12703/6/5
f 12711/6/5 12703/6/5 12702/6/5
f 12712/6/5 12704/6/5 12711/6/5
f 12713/6/5 12704/6/5 12712/6/5
f 12714/6/5 12709/6/5 12708/6/5
f 12714/6/5 12708/6/5 12707/6/5
f 12715/6/5 12709/6/5 12714/6/5
f 12716/6/5 12709/6/5 12715/6/5
f 12719/6/5 12712/6/5 12711/6/5
f 12719/6/5 12711/6/5 12710/6/5
f 12720/6/5 12712/6/5 12719/6/5
f 12721/6/5 12712/6/5 12720/6/5
f 12722/6/5 12717/6/5 12716/6/5
f 12722/6/5 12716/6/5 12715/6/5
f 12723/6/5 12717/6/5 12722/6/5
f 12724/6/5 12717/6/5 12723/6/5
f 12727/6/5 12720/6/5 12719/6/5
f 12727/6/5 12719/6/5 12718/6/5
f 12728/6/5 12720/6/5 12727/6/5
f 12729/6/5 12720/6/5 12728/6/5
f 12730/6/5 12725/6/5 12724/6/5
f 12730/6/5 12724/6/5 12723/6/5
f 12731/6/5 12725/6/5 12730/6/5
f 12732/6/5 12725/6/5 12731/6/5
f 12735/6/5 12728/6/5 12727/6/5
f 12735/6/5 12727/6/5 12726/6/5
f 12736/6/5 12728/6/5 12735/6/5
f 12737/6/5 12728/6/5 12736/6/5
f 12738/6/5 12733/6/5 12732/6/5
f 12738/6/5 12732/6/5 12731/6/5
f 12739/6/5 12733/6/5 12738/6/5
f 12740/6/5 12733/6/5 12739/6/5
f 12743/6/5 12736/6/5 12735/6/5
f 12743/6/5 12735/6/5 12734/6/5
f 12744/6/5 12736/6/5 12743/6/5
f 12745/6/5 12736/6/5 12744/6/5
f 12746/6/5 12741/6/5 12740/6/5
f 12746/6/5 12740/6/5 12739/6/5
f 12747/6/5 12741/6/5 12746/6/5
f 12748/6/5 12741/6/5 12747/6/5
f 12750/6/5 12744/6/5 12743/6/5
f 12750/6/5 12743/6/5 12742/6/5
f 12751/6/5 12744/6/5 12750/6/5
f 12752/6/5 12749/6/5 12748/6/5
f 12752/6/5 12748/6/5 12747/6/5
f 12753/6/5 12749/6/5 12752/6/5
f 12755/6/5 12750/6/5 12742/6/5
f 12756/6/5 12750/6/5 12755/6/5
f 12757/6/5 12750/6/5 12756/6/5
f 12758/6/5 12749/6/5 12753/6/5
f 12759/6/5 12749/6/5 12758/6/5
f 12760/6/5 12749/6/5 12759/6/5
f 12763/6/5 12755/6/5 12754/6/5
f 12763/6/5 12756/6/5 12755/6/5
f 12764/6/5 12756/6/5 12763/6/5
f 12765/6/5 12756/6/5 12764/6/5
f 12766/6/5 12761/6/5 12760/6/5
f 12766/6/5 12760/6/5 12759/6/5
f 12767/6/5 12761/6/5 12766/6/5
f 12768/6/5 12761/6/5 12767/6/5
f 12771/6/5 12764/6/5 12763/6/5
f 12771/6/5 12763/6/5 12762/6/5
f 12772/6/5 12764/6/5 12771/6/5
f 12773/6/5 12764/6/5 12772/6/5
f 12774/6/5 12769/6/5 12768/6/5
f 12774/6/5 12768/6/5 12767/6/5
f 12775/6/5 12769/6/5 12774/6/5
f 12776/6/5 12769/6/5 12775/6/5
f 12779/6/5 12772/6/5 12771/6/5
f 12779/6/5 12771/6/5 12770/6/5
f 12780/6/5 12772/6/5 12779/6/5
f 12781/6/5 12772/6/5 12780/6/5
f 12782/6/5 12777/6/5 12776/6/5
f 12782/6/5 12776/6/5 12775/6/5
f 12783/6/5 12777/6/5 12782/6/5
f 12784/6/5 12777/6/5 12783/6/5
f 12787/6/5 12780/6/5 12779/6/5
f 12787/6/5 12779/6/5 12778/6/5
f 12788/6/5 12780/6/5 12787/6/5
f 12789/6/5 12780/6/5 12788/6/5
f 12790/6/5 12785/6/5 12784/6/5
f 12790/6/5 12784/6/5 12783/6/5
f 12791/6/5 12785/6/5 12790/6/5
f 12792/6/5 12785/6/5 12791/6/5
f 12795/6/5 12788/6/5 12787/6/5
f 12795/6/5 12787/6/5 12786/6/5
f 12796/6/5 12788/6/5 12795/6/5
f 12797/6/5 12788/6/5 12796/6/5
f 12798/6/5 12793/6/5 12792/6/5
f 12798/6/5 12792/6/5 12791/6/5
f 12799/6/5 12793/6/5 12798/6/5
f 12800/6/5 12793/6/5 12799/6/5
f 12802/6/5 12796/6/5 12795/6/5
f 12802/6/5 12795/6/5 12794/6/5
f 12803/6/5 12796/6/5 12802/6/5
f 12804/6/5 12801/6/5 12800/6/5
f 12804/6/5 12800/6/5 12799/6/5
f 12805/6/5 12801/6/5 12804/6/5
f 12807/6/5 12802/6/5 12794/6/5
f 12808/6/5 12801/6/5 12805/6/5
f 12810/6/5 12807/6/5 12806/6/5
f 12810/6/5 12802/6/5 12807/6/5
f 12811/6/5 12802/6/5 12810/6/5
f 12812/6/5 12809/6/5 12808/6/5
f 12812/6/5 12808/6/5 12805/6/5
f 12813/6/5 12809/6/5 12812/6/5
f 12815/6/5 12810/6/5 12806/6/5
f 12816/6/5 12809/6/5 12813/6/5
f 12818/6/5 12815/6/5 12814/6/5
f 12818/6/5 12810/6/5 12815/6/5
f 12819/6/5 12810/6/5 12818/6/5
f 12820/6/5 12817/6/5 12816/6/5
f 12820/6/5 12816/6/5 12813/6/5
f 12821/6/5 12817/6/5 12820/6/5
f 12823/6/5 12818/6/5 12814/6/5
f 12824/6/5 12818/6/5 12823/6/5
f 12825/6/5 12818/6/5 12824/6/5
f 12826/6/5 12817/6/5 12821/6/5
f 12827/6/5 12817/6/5 12826/6/5
f 12828/6/5 12817/6/5 12827/6/5
f 12831/6/5 12823/6/5 12822/6/5
f 12831/6/5 12824/6/5 12823/6/5
f 12832/6/5 12829/6/5 12828/6/5
f 12832/6/5 12828/6/5 12827/6/5
f 12834/6/5 12831/6/5 12830/6/5
f 12834/6/5 12824/6/5 12831/6/5
f 12835/6/5 12824/6/5 12834/6/5
f 12836/6/5 12833/6/5 12832/6/5
f 12836/6/5 12832/6/5 12827/6/5
f 12837/6/5 12833/6/5 12836/6/5
f 12839/6/5 12834/6/5 12830/6/5
f 12840/6/5 12833/6/5 12837/6/5
f 12842/6/5 12839/6/5 12838/6/5
f 12842/6/5 12834/6/5 12839/6/5
f 12843/6/5 12834/6/5 12842/6/5
f 12844/6/5 12841/6/5 12840/6/5
f 12844/6/5 12840/6/5 12837/6/5
f 12845/6/5 12841/6/5 12844/6/5
f 12847/6/5 12842/6/5 12838/6/5
f 12848/6/5 12841/6/5 12845/6/5
f 12850/6/5 12847/6/5 12846/6/5
f 12850/6/5 12842/6/5 12847/6/5
f 12851/6/5 12842/6/5 12850/6/5
f 12852/6/5 12849/6/5 12848/6/5
f 12852/6/5 12848/6/5 12845/6/5
f 12853/6/5 12849/6/5 12852/6/5
f 12854/6/5 12850/6/5 12846/6/5
f 12855/6/5 12850/6/5 12854/6/5
f 12856/6/5 12849/6/5 12853/6/5
f 12857/6/5 12849/6/5 12856/6/5
f 12858/3/5 12855/3/5 12854/3/5
f 12859/3/5 12855/3/5 12858/3/5
f 12860/3/5 12857/3/5 12856/3/5
f 12861/3/5 12857/3/5 12860/3/5
f 12862/6/5 12859/6/5 12858/6/5
f 12865/6/5 12861/6/5 12860/6/5
f 12866/6/5 12863/6/5 12862/6/5
f 12866/6/5 12862/6/5 12858/6/5
f 12867/6/5 12863/6/5 12866/6/5
f 12868/6/5 12865/6/5 12864/6/5
f 12868/6/5 12861/6/5 12865/6/5
f 12869/6/5 12861/6/5 12868/6/5
f 12870/6/5 12863/6/5 12867/6/5
f 12873/6/5 12868/6/5 12864/6/5
f 12874/6/5 12871/6/5 12870/6/5
f 12874/6/5 12870/6/5 12867/6/5
f 12875/6/5 12871/6/5 12874/6/5
f 12876/6/5 12873/6/5 12872/6/5
f 12876/6/5 12868/6/5 12873/6/5
f 12877/6/5 12868/6/5 12876/6/5
f 12878/6/5 12871/6/5 12875/6/5
f 12881/6/5 12876/6/5 12872/6/5
f 12882/6/5 12879/6/5 12878/6/5
f 12882/6/5 12878/6/5 12875/6/5
f 12883/6/5 12879/6/5 12882/6/5
f 12884/6/5 12881/6/5 12880/6/5
f 12884/6/5 12876/6/5 12881/6/5
f 12885/6/5 12876/6/5 12884/6/5
f 12886/6/5 12879/6/5 12883/6/5
f 12887/6/5 12879/6/5 12886/6/5
f 12888/6/5 12879/6/5 12887/6/5
f 12891/6/5 12884/6/5 12880/6/5
f 12892/6/5 12884/6/5 12891/6/5
f 12893/6/5 12884/6/5 12892/6/5
f 12894/6/5 12889/6/5 12888/6/5
f 12894/6/5 12888/6/5 12887/6/5
f 12897/6/5 12892/6/5 12891/6/5
f 12897/6/5 12891/6/5 12890/6/5
f 12898/6/5 12895/6/5 12894/6/5
f 12898/6/5 12894/6/5 12887/6/5
f 12899/6/5 12895/6/5 12898/6/5
f 12900/6/5 12897/6/5 12896/6/5
f 12900/6/5 12892/6/5 12897/6/5
f 12901/6/5 12892/6/5 12900/6/5
f 12902/6/5 12895/6/5 12899/6/5
f 12905/6/5 12900/6/5 12896/6/5
f 12906/6/5 12903/6/5 12902/6/5
f 12906/6/5 12902/6/5 12899/6/5
f 12907/6/5 12903/6/5 12906/6/5
f 12908/6/5 12905/6/5 12904/6/5
f 12908/6/5 12900/6/5 12905/6/5
f 12909/6/5 12900/6/5 12908/6/5
f 12910/6/5 12903/6/5 12907/6/5
f 12913/6/5 12908/6/5 12904/6/5
f 12914/6/5 12911/6/5 12910/6/5
f 12914/6/5 12910/6/5 12907/6/5
f 12915/6/5 12911/6/5 12914/6/5
f 12916/6/5 12911/6/5 12915/6/5
f 12919/6/5 12913/6/5 12912/6/5
f 12920/6/5 12908/6/5 12913/6/5
f 12920/6/5 12913/6/5 12919/6/5
f 12921/6/5 12908/6/5 12920/6/5
f 12922/6/5 12917/6/5 12916/6/5
f 12922/6/5 12916/6/5 12915/6/5
f 12923/6/5 12917/6/5 12922/6/5
f 12924/6/5 12917/6/5 12923/6/5
f 12927/6/5 12919/6/5 12918/6/5
f 12927/6/5 12920/6/5 12919/6/5
f 12928/6/5 12920/6/5 12927/6/5
f 12929/6/5 12920/6/5 12928/6/5
f 12930/6/5 12925/6/5 12924/6/5
f 12930/6/5 12924/6/5 12923/6/5
f 12931/6/5 12925/6/5 12930/6/5
f 12932/6/5 12925/6/5 12931/6/5
f 12935/6/5 12928/6/5 12927/6/5
f 12935/6/5 12927/6/5 12926/6/5
f 12936/6/5 12928/6/5 12935/6/5
f 12937/6/5 12928/6/5 12936/6/5
f 12938/6/5 12933/6/5 12932/6/5
f 12938/6/5 12932/6/5 12931/6/5
f 12939/6/5 12933/6/5 12938/6/5
f 12940/6/5 12933/6/5 12939/6/5
f 12943/6/5 12936/6/5 12935/6/5
f 12943/6/5 12935/6/5 12934/6/5
f 12944/6/5 12936/6/5 12943/6/5
f 12945/6/5 12936/6/5 12944/6/5
f 12946/6/5 12941/6/5 12940/6/5
f 12946/6/5 12940/6/5 12939/6/5
f 12947/6/5 12941/6/5 12946/6/5
f 12948/6/5 12941/6/5 12947/6/5
f 12951/6/5 12944/6/5 12943/6/5
f 12951/6/5 12943/6/5 12942/6/5
f 12952/6/5 12944/6/5 12951/6/5
f 12953/6/5 12944/6/5 12952/6/5
f 12954/6/5 12949/6/5 12948/6/5
f 12954/6/5 12948/6/5 12947/6/5
f 12955/6/5 12949/6/5 12954/6/5
f 12956/6/5 12949/6/5 12955/6/5
f 12959/6/5 12952/6/5 12951/6/5
f 12959/6/5 12951/6/5 12950/6/5
f 12960/6/5 12952/6/5 12959/6/5
f 12961/6/5 12952/6/5 12960/6/5
f 12962/6/5 12957/6/5 12956/6/5
f 12962/6/5 12956/6/5 12955/6/5
f 12965/6/5 12960/6/5 12959/6/5
f 12965/6/5 12959/6/5 12958/6/5
f 12966/6/5 12963/6/5 12962/6/5
f 12966/6/5 12962/6/5 12955/6/5
f 12967/6/5 12963/6/5 12966/6/5
f 12968/6/5 12963/6/5 12967/6/5
f 12971/6/5 12965/6/5 12964/6/5
f 12972/6/5 12960/6/5 12965/6/5
f 12972/6/5 12965/6/5 12971/6/5
f 12973/6/5 12960/6/5 12972/6/5
f 12974/6/5 12969/6/5 12968/6/5
f 12974/6/5 12968/6/5 12967/6/5
f 12975/6/5 12969/6/5 12974/6/5
f 12976/6/5 12969/6/5 12975/6/5
f 12979/6/5 12971/6/5 12970/6/5
f 12979/6/5 12972/6/5 12971/6/5
f 12980/6/5 12972/6/5 12979/6/5
f 12981/6/5 12972/6/5 12980/6/5
f 12982/6/5 12977/6/5 12976/6/5
f 12982/6/5 12976/6/5 12975/6/5
f 12983/6/5 12977/6/5 12982/6/5
f 12984/6/5 12977/6/5 12983/6/5
f 12987/6/5 12980/6/5 12979/6/5
f 12987/6/5 12979/6/5 12978/6/5
f 12988/6/5 12980/6/5 12987/6/5
f 12989/6/5 12980/6/5 12988/6/5
f 12990/6/5 12985/6/5 12984/6/5
f 12990/6/5 12984/6/5 12983/6/5
f 12991/6/5 12985/6/5 12990/6/5
f 12992/6/5 12985/6/5 12991/6/5
f 12995/6/5 12988/6/5 12987/6/5
f 12995/6/5 12987/6/5 12986/6/5
f 12996/6/5 12988/6/5 12995/6/5
f 12997/6/5 12988/6/5 12996/6/5
f 12998/6/5 12993/6/5 12992/6/5
f 12998/6/5 12992/6/5 12991/6/5
f 12999/6/5 12993/6/5 12998/6/5
f 13000/6/5 12993/6/5 12999/6/5
f 13003/6/5 12996/6/5 12995/6/5
f 13003/6/5 12995/6/5 12994/6/5
f 13004/6/5 12996/6/5 13003/6/5
f 13005/6/5 12996/6/5 13004/6/5
f 13006/6/5 13001/6/5 13000/6/5
f 13006/6/5 13000/6/5 12999/6/5
f 13007/6/5 13001/6/5 13006/6/5
f 13008/6/5 13001/6/5 13007/6/5
f 13011/6/5 13004/6/5 13003/6/5
f 13011/6/5 13003/6/5 13002/6/5
f 13012/6/5 13004/6/5 13011/6/5
f 13013/6/5 13004/6/5 13012/6/5
f 13014/6/5 13009/6/5 13008/6/5
f 13014/6/5 13008/6/5 13007/6/5
f 13015/6/5 13009/6/5 13014/6/5
f 13016/6/5 13009/6/5 13015/6/5
f 13019/6/5 13012/6/5 13011/6/5
f 13019/6/5 13011/6/5 13010/6/5
f 13020/6/5 13012/6/5 13019/6/5
f 13021/6/5 13012/6/5 13020/6/5
f 13022/6/5 13017/6/5 13016/6/5
f 13022/6/5 13016/6/5 13015/6/5
f 13023/6/5 13017/6/5 13022/6/5
f 13024/6/5 13017/6/5 13023/6/5
f 13027/6/5 13020/6/5 13019/6/5
f 13027/6/5 13019/6/5 13018/6/5
f 13028/6/5 13020/6/5 13027/6/5
f 13029/6/5 13020/6/5 13028/6/5
f 13030/6/5 13025/6/5 13024/6/5
f 13030/6/5 13024/6/5 13023/6/5
f 13031/6/5 13025/6/5 13030/6/5
f 13032/6/5 13025/6/5 13031/6/5
f 13035/6/5 13028/6/5 13027/6/5
f 13035/6/5 13027/6/5 13026/6/5
f 13036/6/5 13028/6/5 13035/6/5
f 13037/6/5 13028/6/5 13036/6/5
f 13038/6/5 13033/6/5 13032/6/5
f 13038/6/5 13032/6/5 13031/6/5
f 13039/6/5 13033/6/5 13038/6/5
f 13040/6/5 13033/6/5 13039/6/5
f 13043/6/5 13036/6/5 13035/6/5
f 13043/6/5 13035/6/5 13034/6/5
f 13044/6/5 13036/6/5 13043/6/5
f 13045/6/5 13036/6/5 13044/6/5
f 13046/6/5 13041/6/5 13040/6/5
f 13046/6/5 13040/6/5 13039/6/5
f 13047/6/5 13041/6/5 13046/6/5
f 13048/6/5 13041/6/5 13047/6/5
f 13051/6/5 13044/6/5 13043/6/5
f 13051/6/5 13043/6/5 13042/6/5
f 13052/6/5 13044/6/5 13051/6/5
f 13053/6/5 13044/6/5 13052/6/5
f 13054/6/5 13049/6/5 13048/6/5
f 13054/6/5 13048/6/5 13047/6/5
f 13055/6/5 13049/6/5 13054/6/5
f 13056/6/5 13049/6/5 13055/6/5
f 13059/6/5 13052/6/5 13051/6/5
f 13059/6/5 13051/6/5 13050/6/5
f 13060/6/5 13052/6/5 13059/6/5
f 13061/6/5 13052/6/5 13060/6/5
f 13062/6/5 13057/6/5 13056/6/5
f 13062/6/5 13056/6/5 13055/6/5
f 13063/6/5 13057/6/5 13062/6/5
f 13064/6/5 13057/6/5 13063/6/5
f 13067/6/5 13060/6/5 13059/6/5
f 13067/6/5 13059/6/5 13058/6/5
f 13068/6/5 13060/6/5 13067/6/5
f 13069/6/5 13060/6/5 13068/6/5
f 13070/6/5 13065/6/5 13064/6/5
f 13070/6/5 13064/6/5 13063/6/5
f 13071/6/5 13065/6/5 13070/6/5
f 13072/6/5 13065/6/5 13071/6/5
f 13075/6/5 13068/6/5 13067/6/5
f 13075/6/5 13067/6/5 13066/6/5
f 13076/6/5 13068/6/5 13075/6/5
f 13077/6/5 13068/6/5 13076/6/5
f 13078/6/5 13073/6/5 13072/6/5
f 13078/6/5 13072/6/5 13071/6/5
f 13079/6/5 13073/6/5 13078/6/5
f 13080/6/5 13073/6/5 13079/6/5
f 13083/6/5 13076/6/5 13075/6/5
f 13083/6/5 13075/6/5 13074/6/5
f 13084/6/5 13076/6/5 13083/6/5
f 13085/6/5 13076/6/5 13084/6/5
f 13086/6/5 13081/6/5 13080/6/5
f 13086/6/5 13080/6/5 13079/6/5
f 13087/6/5 13081/6/5 13086/6/5
f 13088/6/5 13084/6/5 13083/6/5
f 13088/6/5 13083/6/5 13082/6/5
f 13089/6/5 13084/6/5 13088/6/5
f 13090/6/5 13081/6/5 13087/6/5
f 13091/6/5 13081/6/5 13090/6/5
f 13092/6/5 13088/6/5 13082/6/5
f 13093/6/5 13088/6/5 13092/6/5
f 13094/6/5 13081/6/5 13091/6/5
f 13095/6/5 13081/6/5 13094/6/5
f 13096/6/5 13092/6/5 13082/6/5
f 13097/6/5 13092/6/5 13096/6/5
f 13098/6/5 13081/6/5 13095/6/5
f 13099/3/5 13082/3/5 13081/3/5
f 13099/6/5 13081/6/5 13098/6/5
f 13100/6/5 13096/6/5 13082/6/5
f 13100/3/5 13082/3/5 13099/3/5
f 13101/6/5 13096/6/5 13100/6/5
f 13107/6/5 13103/6/5 13102/6/5
f 13108/3/5 13104/3/5 13103/3/5
f 13108/6/5 13103/6/5 13107/6/5
f 13109/3/5 13104/3/5 13108/3/5
f 13110/6/5 13105/6/5 13104/6/5
f 13113/6/5 13107/6/5 13106/6/5
f 13113/6/5 13108/6/5 13107/6/5
f 13113/6/5 13109/6/5 13108/6/5
f 13114/6/5 13111/6/5 13110/6/5
f 13117/6/5 13113/6/5 13112/6/5
f 13118/6/5 13115/6/5 13114/6/5
f 13121/6/5 13117/6/5 13116/6/5
f 13122/6/5 13119/6/5 13118/6/5
f 13125/6/5 13121/6/5 13120/6/5
f 13126/6/5 13123/6/5 13122/6/5
f 13129/6/5 13125/6/5 13124/6/5
f 13130/6/5 13127/6/5 13126/6/5
f 13133/6/5 13129/6/5 13128/6/5
f 13134/6/5 13131/6/5 13130/6/5
f 13137/6/5 13133/6/5 13132/6/5
f 13138/6/5 13135/6/5 13134/6/5
f 13141/6/5 13137/6/5 13136/6/5
f 13142/6/5 13139/6/5 13138/6/5
f 13145/6/5 13141/6/5 13140/6/5
f 13146/6/5 13143/6/5 13142/6/5
f 13149/6/5 13145/6/5 13144/6/5
f 13150/6/5 13147/6/5 13146/6/5
f 13153/6/5 13149/6/5 13148/6/5
f 13154/6/5 13109/6/5 13113/6/5
f 13154/6/5 13113/6/5 13117/6/5
f 13154/6/5 13149/6/5 13153/6/5
f 13154/6/5 13117/6/5 13121/6/5
f 13154/6/5 13121/6/5 13125/6/5
f 13154/6/5 13145/6/5 13149/6/5
f 13154/6/5 13125/6/5 13129/6/5
f 13154/6/5 13129/6/5 13133/6/5
f 13154/6/5 13141/6/5 13145/6/5
f 13154/6/5 13133/6/5 13137/6/5
f 13154/6/5 13137/6/5 13141/6/5
f 13155/3/5 13104/3/5 13109/3/5
f 13155/6/5 13109/6/5 13154/6/5
f 13156/6/5 13151/6/5 13150/6/5
f 13156/3/5 13104/3/5 13155/3/5
f 13156/6/5 13110/6/5 13104/6/5
f 13156/6/5 13114/6/5 13110/6/5
f 13156/6/5 13138/6/5 13134/6/5
f 13156/6/5 13142/6/5 13138/6/5
f 13156/6/5 13118/6/5 13114/6/5
f 13156/6/5 13134/6/5 13130/6/5
f 13156/6/5 13150/6/5 13146/6/5
f 13156/6/5 13122/6/5 13118/6/5
f 13156/6/5 13130/6/5 13126/6/5
f 13156/6/5 13146/6/5 13142/6/5
f 13156/6/5 13126/6/5 13122/6/5
f 13157/6/5 13151/6/5 13156/6/5
f 13158/6/5 13151/6/5 13157/6/5
f 13161/6/5 13154/6/5 13153/6/5
f 13161/6/5 13153/6/5 13152/6/5
f 13162/6/5 13154/6/5 13161/6/5
f 13163/6/5 13154/6/5 13162/6/5
f 13164/6/5 13158/6/5 13157/6/5
f 13164/6/5 13159/6/5 13158/6/5
f 13165/6/5 13159/6/5 13164/6/5
f 13166/6/5 13159/6/5 13165/6/5
f 13169/6/5 13162/6/5 13161/6/5
f 13169/6/5 13161/6/5 13160/6/5
f 13170/6/5 13162/6/5 13169/6/5
f 13171/6/5 13162/6/5 13170/6/5
f 13172/6/5 13167/6/5 13166/6/5
f 13172/6/5 13166/6/5 13165/6/5
f 13173/6/5 13167/6/5 13172/6/5
f 13174/6/5 13167/6/5 13173/6/5
f 13177/6/5 13170/6/5 13169/6/5
f 13177/6/5 13169/6/5 13168/6/5
f 13178/6/5 13170/6/5 13177/6/5
f 13179/6/5 13170/6/5 13178/6/5
f 13180/6/5 13175/6/5 13174/6/5
f 13180/6/5 13174/6/5 13173/6/5
f 13181/6/5 13175/6/5 13180/6/5
f 13182/6/5 13175/6/5 13181/6/5
f 13185/6/5 13178/6/5 13177/6/5
f 13185/6/5 13177/6/5 13176/6/5
f 13186/6/5 13178/6/5 13185/6/5
f 13187/6/5 13178/6/5 13186/6/5
f 13188/6/5 13183/6/5 13182/6/5
f 13188/6/5 13182/6/5 13181/6/5
f 13189/6/5 13183/6/5 13188/6/5
f 13190/6/5 13183/6/5 13189/6/5
f 13193/6/5 13186/6/5 13185/6/5
f 13193/6/5 13185/6/5 13184/6/5
f 13194/6/5 13186/6/5 13193/6/5
f 13195/6/5 13186/6/5 13194/6/5
f 13196/6/5 13191/6/5 13190/6/5
f 13196/6/5 13190/6/5 13189/6/5
f 13197/6/5 13191/6/5 13196/6/5
f 13198/6/5 13191/6/5 13197/6/5
f 13201/6/5 13194/6/5 13193/6/5
f 13201/6/5 13193/6/5 13192/6/5
f 13202/6/5 13194/6/5 13201/6/5
f 13203/6/5 13194/6/5 13202/6/5
f 13204/6/5 13199/6/5 13198/6/5
f 13204/6/5 13198/6/5 13197/6/5
f 13205/6/5 13199/6/5 13204/6/5
f 13206/6/5 13199/6/5 13205/6/5
f 13209/6/5 13202/6/5 13201/6/5
f 13209/6/5 13201/6/5 13200/6/5
f 13210/6/5 13202/6/5 13209/6/5
f 13211/6/5 13202/6/5 13210/6/5
f 13212/6/5 13207/6/5 13206/6/5
f 13212/6/5 13206/6/5 13205/6/5
f 13213/6/5 13207/6/5 13212/6/5
f 13214/6/5 13207/6/5 13213/6/5
f 13217/6/5 13210/6/5 13209/6/5
f 13217/6/5 13209/6/5 13208/6/5
f 13218/6/5 13210/6/5 13217/6/5
f 13219/6/5 13210/6/5 13218/6/5
f 13220/6/5 13215/6/5 13214/6/5
f 13220/6/5 13214/6/5 13213/6/5
f 13221/6/5 13215/6/5 13220/6/5
f 13222/6/5 13215/6/5 13221/6/5
f 13225/6/5 13218/6/5 13217/6/5
f 13225/6/5 13217/6/5 13216/6/5
f 13226/6/5 13218/6/5 13225/6/5
f 13227/6/5 13218/6/5 13226/6/5
f 13228/6/5 13223/6/5 13222/6/5
f 13228/6/5 13222/6/5 13221/6/5
f 13229/6/5 13223/6/5 13228/6/5
f 13230/6/5 13223/6/5 13229/6/5
f 13232/6/5 13226/6/5 13225/6/5
f 13232/6/5 13225/6/5 13224/6/5
f 13233/6/5 13226/6/5 13232/6/5
f 13234/6/5 13231/6/5 13230/6/5
f 13234/6/5 13230/6/5 13229/6/5
f 13235/6/5 13231/6/5 13234/6/5
f 13237/6/5 13232/6/5 13224/6/5
f 13238/6/5 13232/6/5 13237/6/5
f 13239/6/5 13232/6/5 13238/6/5
f 13240/6/5 13231/6/5 13235/6/5
f 13241/6/5 13231/6/5 13240/6/5
f 13242/6/5 13231/6/5 13241/6/5
f 13245/6/5 13237/6/5 13236/6/5
f 13245/6/5 13238/6/5 13237/6/5
f 13246/6/5 13238/6/5 13245/6/5
f 13247/6/5 13238/6/5 13246/6/5
f 13248/6/5 13243/6/5 13242/6/5
f 13248/6/5 13242/6/5 13241/6/5
f 13249/6/5 13243/6/5 13248/6/5
f 13250/6/5 13243/6/5 13249/6/5
f 13253/6/5 13246/6/5 13245/6/5
f 13253/6/5 13245/6/5 13244/6/5
f 13254/6/5 13246/6/5 13253/6/5
f 13255/6/5 13246/6/5 13254/6/5
f 13256/6/5 13251/6/5 13250/6/5
f 13256/6/5 13250/6/5 13249/6/5
f 13257/6/5 13251/6/5 13256/6/5
f 13258/6/5 13251/6/5 13257/6/5
f 13261/6/5 13254/6/5 13253/6/5
f 13261/6/5 13253/6/5 13252/6/5
f 13262/6/5 13254/6/5 13261/6/5
f 13263/6/5 13254/6/5 13262/6/5
f 13264/6/5 13259/6/5 13258/6/5
f 13264/6/5 13258/6/5 13257/6/5
f 13265/6/5 13259/6/5 13264/6/5
f 13266/6/5 13259/6/5 13265/6/5
f 13268/6/5 13262/6/5 13261/6/5
f 13268/6/5 13261/6/5 13260/6/5
f 13269/6/5 13262/6/5 13268/6/5
f 13270/6/5 13267/6/5 13266/6/5
f 13270/6/5 13266/6/5 13265/6/5
f 13271/6/5 13267/6/5 13270/6/5
f 13273/6/5 13268/6/5 13260/6/5
f 13274/6/5 13268/6/5 13273/6/5
f 13275/6/5 13268/6/5 13274/6/5
f 13276/6/5 13267/6/5 13271/6/5
f 13277/6/5 13267/6/5 13276/6/5
f 13278/6/5 13267/6/5 13277/6/5
f 13281/6/5 13273/6/5 13272/6/5
f 13281/6/5 13274/6/5 13273/6/5
f 13282/6/5 13274/6/5 13281/6/5
f 13283/6/5 13274/6/5 13282/6/5
f 13284/6/5 13279/6/5 13278/6/5
f 13284/6/5 13278/6/5 13277/6/5
f 13285/6/5 13279/6/5 13284/6/5
f 13286/6/5 13279/6/5 13285/6/5
f 13288/6/5 13282/6/5 13281/6/5
f 13288/6/5 13281/6/5 13280/6/5
f 13289/6/5 13282/6/5 13288/6/5
f 13290/6/5 13287/6/5 13286/6/5
f 13290/6/5 13286/6/5 13285/6/5
f 13291/6/5 13287/6/5 13290/6/5
f 13293/6/5 13288/6/5 13280/6/5
f 13294/6/5 13287/6/5 13291/6/5
f 13297/6/5 13293/6/5 13292/6/5
f 13298/6/5 13288/6/5 13293/6/5
f 13298/6/5 13293/6/5 13297/6/5
f 13299/6/5 13288/6/5 13298/6/5
f 13300/6/5 13295/6/5 13294/6/5
f 13300/6/5 13294/6/5 13291/6/5
f 13301/6/5 13295/6/5 13300/6/5
f 13302/6/5 13295/6/5 13301/6/5
f 13304/6/5 13297/6/5 13296/6/5
f 13304/6/5 13298/6/5 13297/6/5
f 13305/6/5 13298/6/5 13304/6/5
f 13306/6/5 13303/6/5 13302/6/5
f 13306/6/5 13302/6/5 13301/6/5
f 13307/6/5 13303/6/5 13306/6/5
f 13309/6/5 13304/6/5 13296/6/5
f 13310/6/5 13304/6/5 13309/6/5
f 13311/6/5 13304/6/5 13310/6/5
f 13312/6/5 13303/6/5 13307/6/5
f 13313/6/5 13303/6/5 13312/6/5
f 13314/6/5 13303/6/5 13313/6/5
f 13317/6/5 13309/6/5 13308/6/5
f 13317/6/5 13310/6/5 13309/6/5
f 13318/6/5 13310/6/5 13317/6/5
f 13319/6/5 13310/6/5 13318/6/5
f 13320/6/5 13315/6/5 13314/6/5
f 13320/6/5 13314/6/5 13313/6/5
f 13321/6/5 13315/6/5 13320/6/5
f 13322/6/5 13315/6/5 13321/6/5
f 13324/6/5 13318/6/5 13317/6/5
f 13324/6/5 13317/6/5 13316/6/5
f 13325/6/5 13318/6/5 13324/6/5
f 13326/6/5 13323/6/5 13322/6/5
f 13326/6/5 13322/6/5 13321/6/5
f 13327/6/5 13323/6/5 13326/6/5
f 13329/6/5 13324/6/5 13316/6/5
f 13330/6/5 13323/6/5 13327/6/5
f 13332/6/5 13329/6/5 13328/6/5
f 13332/6/5 13324/6/5 13329/6/5
f 13333/6/5 13324/6/5 13332/6/5
f 13334/6/5 13331/6/5 13330/6/5
f 13334/6/5 13330/6/5 13327/6/5
f 13335/6/5 13331/6/5 13334/6/5
f 13337/6/5 13332/6/5 13328/6/5
f 13338/6/5 13332/6/5 13337/6/5
f 13339/6/5 13332/6/5 13338/6/5
f 13340/6/5 13331/6/5 13335/6/5
f 13341/6/5 13331/6/5 13340/6/5
f 13342/6/5 13331/6/5 13341/6/5
f 13344/6/5 13337/6/5 13336/6/5
f 13344/6/5 13338/6/5 13337/6/5
f 13345/6/5 13338/6/5 13344/6/5
f 13346/6/5 13343/6/5 13342/6/5
f 13346/6/5 13342/6/5 13341/6/5
f 13347/6/5 13343/6/5 13346/6/5
f 13349/6/5 13344/6/5 13336/6/5
f 13350/6/5 13343/6/5 13347/6/5
f 13352/6/5 13349/6/5 13348/6/5
f 13352/6/5 13344/6/5 13349/6/5
f 13353/6/5 13344/6/5 13352/6/5
f 13354/6/5 13351/6/5 13350/6/5
f 13354/6/5 13350/6/5 13347/6/5
f 13355/6/5 13351/6/5 13354/6/5
f 13357/6/5 13352/6/5 13348/6/5
f 13358/6/5 13351/6/5 13355/6/5
f 13360/6/5 13357/6/5 13356/6/5
f 13360/6/5 13352/6/5 13357/6/5
f 13361/6/5 13352/6/5 13360/6/5
f 13362/6/5 13359/6/5 13358/6/5
f 13362/6/5 13358/6/5 13355/6/5
f 13363/6/5 13359/6/5 13362/6/5
f 13365/6/5 13360/6/5 13356/6/5
f 13366/6/5 13359/6/5 13363/6/5
f 13368/6/5 13365/6/5 13364/6/5
f 13368/6/5 13360/6/5 13365/6/5
f 13369/6/5 13360/6/5 13368/6/5
f 13370/6/5 13367/6/5 13366/6/5
f 13370/6/5 13366/6/5 13363/6/5
f 13371/6/5 13367/6/5 13370/6/5
f 13373/6/5 13368/6/5 13364/6/5
f 13374/6/5 13367/6/5 13371/6/5
f 13376/6/5 13373/6/5 13372/6/5
f 13376/6/5 13368/6/5 13373/6/5
f 13377/6/5 13368/6/5 13376/6/5
f 13378/6/5 13375/6/5 13374/6/5
f 13378/6/5 13374/6/5 13371/6/5
f 13379/6/5 13375/6/5 13378/6/5
f 13380/6/5 13376/6/5 13372/6/5
f 13381/6/5 13376/6/5 13380/6/5
f 13382/6/5 13375/6/5 13379/6/5
f 13383/6/5 13375/6/5 13382/6/5
f 13384/3/5 13381/3/5 13380/3/5
f 13385/3/5 13381/3/5 13384/3/5
f 13386/3/5 13383/3/5 13382/3/5
f 13387/3/5 13383/3/5 13386/3/5
f 13388/6/5 13387/6/5 13386/6/5
f 13388/3/5 13383/3/5 13387/3/5
f 13389/3/5 13383/3/5 13388/3/5
f 13390/6/5 13385/6/5 13384/6/5
f 13393/6/5 13388/6/5 13386/6/5
f 13393/6/5 13389/6/5 13388/6/5
f 13394/6/5 13391/6/5 13390/6/5
f 13394/6/5 13390/6/5 13384/6/5
f 13395/6/5 13391/6/5 13394/6/5
f 13396/6/5 13393/6/5 13392/6/5
f 13396/6/5 13389/6/5 13393/6/5
f 13397/6/5 13389/6/5 13396/6/5
f 13398/6/5 13391/6/5 13395/6/5
f 13401/6/5 13396/6/5 13392/6/5
f 13402/6/5 13399/6/5 13398/6/5
f 13402/6/5 13398/6/5 13395/6/5
f 13403/6/5 13399/6/5 13402/6/5
f 13404/6/5 13401/6/5 13400/6/5
f 13404/6/5 13396/6/5 13401/6/5
f 13405/6/5 13396/6/5 13404/6/5
f 13406/6/5 13399/6/5 13403/6/5
f 13409/6/5 13404/6/5 13400/6/5
f 13410/6/5 13407/6/5 13406/6/5
f 13410/6/5 13406/6/5 13403/6/5
f 13411/6/5 13407/6/5 13410/6/5
f 13412/6/5 13409/6/5 13408/6/5
f 13412/6/5 13404/6/5 13409/6/5
f 13413/6/5 13404/6/5 13412/6/5
f 13414/6/5 13407/6/5 13411/6/5
f 13417/6/5 13412/6/5 13408/6/5
f 13418/6/5 13415/6/5 13414/6/5
f 13418/6/5 13414/6/5 13411/6/5
f 13419/6/5 13415/6/5 13418/6/5
f 13420/6/5 13417/6/5 13416/6/5
f 13420/6/5 13412/6/5 13417/6/5
f 13421/6/5 13412/6/5 13420/6/5
f 13422/6/5 13415/6/5 13419/6/5
f 13425/6/5 13420/6/5 13416/6/5
f 13426/6/5 13423/6/5 13422/6/5
f 13426/6/5 13422/6/5 13419/6/5
f 13427/6/5 13423/6/5 13426/6/5
f 13428/6/5 13423/6/5 13427/6/5
f 13431/6/5 13425/6/5 13424/6/5
f 13432/6/5 13420/6/5 13425/6/5
f 13432/6/5 13425/6/5 13431/6/5
f 13433/6/5 13420/6/5 13432/6/5
f 13434/6/5 13429/6/5 13428/6/5
f 13434/6/5 13428/6/5 13427/6/5
f 13437/6/5 13431/6/5 13430/6/5
f 13437/6/5 13432/6/5 13431/6/5
f 13438/6/5 13435/6/5 13434/6/5
f 13438/6/5 13434/6/5 13427/6/5
f 13439/6/5 13435/6/5 13438/6/5
f 13440/6/5 13437/6/5 13436/6/5
f 13440/6/5 13432/6/5 13437/6/5
f 13441/6/5 13432/6/5 13440/6/5
f 13442/6/5 13435/6/5 13439/6/5
f 13445/6/5 13440/6/5 13436/6/5
f 13446/6/5 13443/6/5 13442/6/5
f 13446/6/5 13442/6/5 13439/6/5
f 13447/6/5 13443/6/5 13446/6/5
f 13448/6/5 13443/6/5 13447/6/5
f 13451/6/5 13445/6/5 13444/6/5
f 13452/6/5 13440/6/5 13445/6/5
f 13452/6/5 13445/6/5 13451/6/5
f 13453/6/5 13440/6/5 13452/6/5
f 13454/6/5 13449/6/5 13448/6/5
f 13454/6/5 13448/6/5 13447/6/5
f 13455/6/5 13449/6/5 13454/6/5
f 13456/6/5 13449/6/5 13455/6/5
f 13459/6/5 13451/6/5 13450/6/5
f 13459/6/5 13452/6/5 13451/6/5
f 13460/6/5 13452/6/5 13459/6/5
f 13461/6/5 13452/6/5 13460/6/5
f 13462/6/5 13457/6/5 13456/6/5
f 13462/6/5 13456/6/5 13455/6/5
f 13465/6/5 13460/6/5 13459/6/5
f 13465/6/5 13459/6/5 13458/6/5
f 13466/6/5 13463/6/5 13462/6/5
f 13466/6/5 13462/6/5 13455/6/5
f 13467/6/5 13463/6/5 13466/6/5
f 13468/6/5 13463/6/5 13467/6/5
f 13471/6/5 13465/6/5 13464/6/5
f 13472/6/5 13460/6/5 13465/6/5
f 13472/6/5 13465/6/5 13471/6/5
f 13473/6/5 13460/6/5 13472/6/5
f 13474/6/5 13469/6/5 13468/6/5
f 13474/6/5 13468/6/5 13467/6/5
f 13475/6/5 13469/6/5 13474/6/5
f 13476/6/5 13471/6/5 13470/6/5
f 13476/6/5 13472/6/5 13471/6/5
f 13477/6/5 13472/6/5 13476/6/5
f 13478/6/5 13469/6/5 13475/6/5
f 13481/6/5 13476/6/5 13470/6/5
f 13482/6/5 13479/6/5 13478/6/5
f 13482/6/5 13478/6/5 13475/6/5
f 13483/6/5 13479/6/5 13482/6/5
f 13484/6/5 13479/6/5 13483/6/5
f 13487/6/5 13481/6/5 13480/6/5
f 13488/6/5 13476/6/5 13481/6/5
f 13488/6/5 13481/6/5 13487/6/5
f 13489/6/5 13476/6/5 13488/6/5
f 13490/6/5 13485/6/5 13484/6/5
f 13490/6/5 13484/6/5 13483/6/5
f 13491/6/5 13485/6/5 13490/6/5
f 13492/6/5 13485/6/5 13491/6/5
f 13495/6/5 13487/6/5 13486/6/5
f 13495/6/5 13488/6/5 13487/6/5
f 13496/6/5 13488/6/5 13495/6/5
f 13497/6/5 13488/6/5 13496/6/5
f 13498/6/5 13493/6/5 13492/6/5
f 13498/6/5 13492/6/5 13491/6/5
f 13501/6/5 13496/6/5 13495/6/5
f 13501/6/5 13495/6/5 13494/6/5
f 13502/6/5 13499/6/5 13498/6/5
f 13502/6/5 13498/6/5 13491/6/5
f 13503/6/5 13499/6/5 13502/6/5
f 13504/6/5 13499/6/5 13503/6/5
f 13507/6/5 13501/6/5 13500/6/5
f 13508/6/5 13496/6/5 13501/6/5
f 13508/6/5 13501/6/5 13507/6/5
f 13509/6/5 13496/6/5 13508/6/5
f 13510/6/5 13505/6/5 13504/6/5
f 13510/6/5 13504/6/5 13503/6/5
f 13511/6/5 13505/6/5 13510/6/5
f 13512/6/5 13505/6/5 13511/6/5
f 13515/6/5 13507/6/5 13506/6/5
f 13515/6/5 13508/6/5 13507/6/5
f 13516/6/5 13508/6/5 13515/6/5
f 13517/6/5 13508/6/5 13516/6/5
f 13518/6/5 13513/6/5 13512/6/5
f 13518/6/5 13512/6/5 13511/6/5
f 13519/6/5 13513/6/5 13518/6/5
f 13520/6/5 13513/6/5 13519/6/5
f 13523/6/5 13516/6/5 13515/6/5
f 13523/6/5 13515/6/5 13514/6/5
f 13524/6/5 13516/6/5 13523/6/5
f 13525/6/5 13516/6/5 13524/6/5
f 13526/6/5 13521/6/5 13520/6/5
f 13526/6/5 13520/6/5 13519/6/5
f 13527/6/5 13521/6/5 13526/6/5
f 13528/6/5 13521/6/5 13527/6/5
f 13531/6/5 13524/6/5 13523/6/5
f 13531/6/5 13523/6/5 13522/6/5
f 13532/6/5 13524/6/5 13531/6/5
f 13533/6/5 13524/6/5 13532/6/5
f 13534/6/5 13529/6/5 13528/6/5
f 13534/6/5 13528/6/5 13527/6/5
f 13537/6/5 13532/6/5 13531/6/5
f 13537/6/5 13531/6/5 13530/6/5
f 13538/6/5 13535/6/5 13534/6/5
f 13538/6/5 13534/6/5 13527/6/5
f 13539/6/5 13535/6/5 13538/6/5
f 13540/6/5 13535/6/5 13539/6/5
f 13543/6/5 13537/6/5 13536/6/5
f 13544/6/5 13532/6/5 13537/6/5
f 13544/6/5 13537/6/5 13543/6/5
f 13545/6/5 13532/6/5 13544/6/5
f 13546/6/5 13541/6/5 13540/6/5
f 13546/6/5 13540/6/5 13539/6/5
f 13547/6/5 13541/6/5 13546/6/5
f 13548/6/5 13541/6/5 13547/6/5
f 13551/6/5 13543/6/5 13542/6/5
f 13551/6/5 13544/6/5 13543/6/5
f 13552/6/5 13544/6/5 13551/6/5
f 13553/6/5 13544/6/5 13552/6/5
f 13554/6/5 13549/6/5 13548/6/5
f 13554/6/5 13548/6/5 13547/6/5
f 13555/6/5 13549/6/5 13554/6/5
f 13556/6/5 13549/6/5 13555/6/5
f 13559/6/5 13552/6/5 13551/6/5
f 13559/6/5 13551/6/5 13550/6/5
f 13560/6/5 13552/6/5 13559/6/5
f 13561/6/5 13552/6/5 13560/6/5
f 13562/6/5 13557/6/5 13556/6/5
f 13562/6/5 13556/6/5 13555/6/5
f 13563/6/5 13557/6/5 13562/6/5
f 13564/6/5 13557/6/5 13563/6/5
f 13567/6/5 13560/6/5 13559/6/5
f 13567/6/5 13559/6/5 13558/6/5
f 13568/6/5 13560/6/5 13567/6/5
f 13569/6/5 13560/6/5 13568/6/5
f 13570/6/5 13565/6/5 13564/6/5
f 13570/6/5 13564/6/5 13563/6/5
f 13571/6/5 13565/6/5 13570/6/5
f 13572/6/5 13565/6/5 13571/6/5
f 13575/6/5 13568/6/5 13567/6/5
f 13575/6/5 13567/6/5 13566/6/5
f 13576/6/5 13568/6/5 13575/6/5
f 13577/6/5 13568/6/5 13576/6/5
f 13578/6/5 13573/6/5 13572/6/5
f 13578/6/5 13572/6/5 13571/6/5
f 13579/6/5 13573/6/5 13578/6/5
f 13580/6/5 13573/6/5 13579/6/5
f 13583/6/5 13576/6/5 13575/6/5
f 13583/6/5 13575/6/5 13574/6/5
f 13584/6/5 13576/6/5 13583/6/5
f 13585/6/5 13576/6/5 13584/6/5
f 13586/6/5 13581/6/5 13580/6/5
f 13586/6/5 13580/6/5 13579/6/5
f 13587/6/5 13581/6/5 13586/6/5
f 13588/6/5 13581/6/5 13587/6/5
f 13591/6/5 13584/6/5 13583/6/5
f 13591/6/5 13583/6/5 13582/6/5
f 13592/6/5 13584/6/5 13591/6/5
f 13593/6/5 13584/6/5 13592/6/5
f 13594/6/5 13589/6/5 13588/6/5
f 13594/6/5 13588/6/5 13587/6/5
f 13595/6/5 13589/6/5 13594/6/5
f 13596/6/5 13589/6/5 13595/6/5
f 13599/6/5 13592/6/5 13591/6/5
f 13599/6/5 13591/6/5 13590/6/5
f 13600/6/5 13592/6/5 13599/6/5
f 13601/6/5 13592/6/5 13600/6/5
f 13602/6/5 13597/6/5 13596/6/5
f 13602/6/5 13596/6/5 13595/6/5
f 13603/6/5 13597/6/5 13602/6/5
f 13604/6/5 13597/6/5 13603/6/5
f 13607/6/5 13600/6/5 13599/6/5
f 13607/6/5 13599/6/5 13598/6/5
f 13608/6/5 13600/6/5 13607/6/5
f 13609/6/5 13600/6/5 13608/6/5
f 13610/6/5 13605/6/5 13604/6/5
f 13610/6/5 13604/6/5 13603/6/5
f 13611/6/5 13605/6/5 13610/6/5
f 13612/6/5 13605/6/5 13611/6/5
f 13615/6/5 13608/6/5 13607/6/5
f 13615/6/5 13607/6/5 13606/6/5
f 13616/6/5 13608/6/5 13615/6/5
f 13617/6/5 13608/6/5 13616/6/5
f 13618/6/5 13613/6/5 13612/6/5
f 13618/6/5 13612/6/5 13611/6/5
f 13619/6/5 13613/6/5 13618/6/5
f 13620/6/5 13616/6/5 13615/6/5
f 13620/6/5 13615/6/5 13614/6/5
f 13621/6/5 13616/6/5 13620/6/5
f 13622/6/5 13613/6/5 13619/6/5
f 13623/6/5 13613/6/5 13622/6/5
f 13624/6/5 13620/6/5 13614/6/5
f 13625/6/5 13620/6/5 13624/6/5
f 13626/6/5 13613/6/5 13623/6/5
f 13627/6/5 13613/6/5 13626/6/5
f 13628/6/5 13624/6/5 13614/6/5
f 13629/6/5 13624/6/5 13628/6/5
f 13630/6/5 13613/6/5 13627/6/5
f 13631/6/5 13613/6/5 13630/6/5
f 13632/6/5 13628/6/5 13614/6/5
f 13633/6/5 13628/6/5 13632/6/5
f 13634/6/5 13613/6/5 13631/6/5
f 13635/6/5 13613/6/5 13634/6/5
f 13636/6/5 13632/6/5 13614/6/5
f 13637/6/5 13632/6/5 13636/6/5
f 13638/6/5 13613/6/5 13635/6/5
f 13639/6/5 13613/6/5 13638/6/5
f 13640/6/5 13636/6/5 13614/6/5
f 13641/6/5 13636/6/5 13640/6/5
f 13642/6/5 13613/6/5 13639/6/5
f 13643/6/5 13613/6/5 13642/6/5
f 13644/6/5 13640/6/5 13614/6/5
f 13645/6/5 13640/6/5 13644/6/5
f 13646/6/5 13613/6/5 13643/6/5
f 13647/6/5 13613/6/5 13646/6/5
f 13648/6/5 13644/6/5 13614/6/5
f 13649/6/5 13644/6/5 13648/6/5
f 13650/6/5 13613/6/5 13647/6/5
f 13651/6/5 13613/6/5 13650/6/5
f 13652/6/5 13648/6/5 13614/6/5
f 13653/6/5 13648/6/5 13652/6/5
f 13654/6/5 13613/6/5 13651/6/5
f 13655/6/5 13613/6/5 13654/6/5
f 13656/6/5 13652/6/5 13614/6/5
f 13657/6/5 13652/6/5 13656/6/5
f 13658/6/5 13613/6/5 13655/6/5
f 13659/6/5 13613/6/5 13658/6/5
f 13660/6/5 13656/6/5 13614/6/5
f 13661/6/5 13656/6/5 13660/6/5
f 13662/6/5 13613/6/5 13659/6/5
f 13663/3/5 13614/3/5 13613/3/5
f 13663/6/5 13613/6/5 13662/6/5
f 13664/6/5 13660/6/5 13614/6/5
f 13664/3/5 13614/3/5 13663/3/5
f 13665/6/5 13660/6/5 13664/6/5
f 13671/4/5 13667/4/5 13666/4/5
f 13672/4/5 13669/4/5 13668/4/5
f 13675/4/5 13671/4/5 13670/4/5
f 13676/4/5 13673/4/5 13672/4/5
f 13679/4/5 13675/4/5 13674/4/5
f 13680/4/5 13677/4/5 13676/4/5
f 13683/4/5 13679/4/5 13678/4/5
f 13684/4/5 13681/4/5 13680/4/5
f 13687/4/5 13683/4/5 13682/4/5
f 13688/4/5 13685/4/5 13684/4/5
f 13691/4/5 13687/4/5 13686/4/5
f 13692/3/5 13668/3/5 13667/3/5
f 13692/4/5 13667/4/5 13671/4/5
f 13692/4/5 13687/4/5 13691/4/5
f 13692/4/5 13671/4/5 13675/4/5
f 13692/4/5 13675/4/5 13679/4/5
f 13692/4/5 13683/4/5 13687/4/5
f 13692/4/5 13679/4/5 13683/4/5
f 13693/4/5 13689/4/5 13688/4/5
f 13693/3/5 13668/3/5 13692/3/5
f 13693/4/5 13672/4/5 13668/4/5
f 13693/4/5 13684/4/5 13680/4/5
f 13693/4/5 13688/4/5 13684/4/5
f 13693/4/5 13680/4/5 13676/4/5
f 13693/4/5 13676/4/5 13672/4/5
f 13694/4/5 13689/4/5 13693/4/5
f 13697/4/5 13692/4/5 13691/4/5
f 13697/4/5 13695/4/5 13694/4/5
f 13697/4/5 13694/4/5 13693/4/5
f 13697/4/5 13693/4/5 13692/4/5
f 13697/4/5 13691/4/5 13690/4/5
f 13698/4/5 13695/4/5 13697/4/5
f 13699/4/5 13695/4/5 13698/4/5
f 13700/4/5 13695/4/5 13699/4/5
f 13701/4/5 13695/4/5 13700/4/5
f 13702/4/5 13695/4/5 13701/4/5
f 13705/4/5 13697/4/5 13696/4/5
f 13705/4/5 13698/4/5 13697/4/5
f 13706/4/5 13698/4/5 13705/4/5
f 13707/4/5 13698/4/5 13706/4/5
f 13708/4/5 13702/4/5 13701/4/5
f 13708/4/5 13703/4/5 13702/4/5
f 13709/4/5 13703/4/5 13708/4/5
f 13710/4/5 13703/4/5 13709/4/5
f 13713/4/5 13706/4/5 13705/4/5
f 13713/4/5 13705/4/5 13704/4/5
f 13714/4/5 13706/4/5 13713/4/5
f 13715/4/5 13706/4/5 13714/4/5
f 13716/4/5 13711/4/5 13710/4/5
f 13716/4/5 13710/4/5 13709/4/5
f 13717/4/5 13711/4/5 13716/4/5
f 13718/4/5 13711/4/5 13717/4/5
f 13721/4/5 13714/4/5 13713/4/5
f 13721/4/5 13713/4/5 13712/4/5
f 13722/4/5 13714/4/5 13721/4/5
f 13723/4/5 13714/4/5 13722/4/5
f 13724/4/5 13719/4/5 13718/4/5
f 13724/4/5 13718/4/5 13717/4/5
f 13725/4/5 13719/4/5 13724/4/5
f 13726/4/5 13719/4/5 13725/4/5
f 13729/4/5 13722/4/5 13721/4/5
f 13729/4/5 13721/4/5 13720/4/5
f 13730/4/5 13722/4/5 13729/4/5
f 13731/4/5 13722/4/5 13730/4/5
f 13732/4/5 13727/4/5 13726/4/5
f 13732/4/5 13726/4/5 13725/4/5
f 13733/4/5 13727/4/5 13732/4/5
f 13734/4/5 13727/4/5 13733/4/5
f 13737/4/5 13730/4/5 13729/4/5
f 13737/4/5 13729/4/5 13728/4/5
f 13738/4/5 13730/4/5 13737/4/5
f 13739/4/5 13730/4/5 13738/4/5
f 13740/4/5 13735/4/5 13734/4/5
f 13740/4/5 13734/4/5 13733/4/5
f 13741/4/5 13735/4/5 13740/4/5
f 13742/4/5 13735/4/5 13741/4/5
f 13745/4/5 13738/4/5 13737/4/5
f 13745/4/5 13737/4/5 13736/4/5
f 13746/4/5 13738/4/5 13745/4/5
f 13747/4/5 13738/4/5 13746/4/5
f 13748/4/5 13743/4/5 13742/4/5
f 13748/4/5 13742/4/5 13741/4/5
f 13749/4/5 13743/4/5 13748/4/5
f 13750/4/5 13743/4/5 13749/4/5
f 13753/4/5 13746/4/5 13745/4/5
f 13753/4/5 13745/4/5 13744/4/5
f 13754/4/5 13746/4/5 13753/4/5
f 13755/4/5 13746/4/5 13754/4/5
f 13756/4/5 13751/4/5 13750/4/5
f 13756/4/5 13750/4/5 13749/4/5
f 13757/4/5 13751/4/5 13756/4/5
f 13758/4/5 13751/4/5 13757/4/5
f 13761/4/5 13754/4/5 13753/4/5
f 13761/4/5 13753/4/5 13752/4/5
f 13762/4/5 13754/4/5 13761/4/5
f 13763/4/5 13754/4/5 13762/4/5
f 13764/4/5 13759/4/5 13758/4/5
f 13764/4/5 13758/4/5 13757/4/5
f 13765/4/5 13759/4/5 13764/4/5
f 13766/4/5 13759/4/5 13765/4/5
f 13769/4/5 13762/4/5 13761/4/5
f 13769/4/5 13761/4/5 13760/4/5
f 13770/4/5 13762/4/5 13769/4/5
f 13771/4/5 13762/4/5 13770/4/5
f 13772/4/5 13767/4/5 13766/4/5
f 13772/4/5 13766/4/5 13765/4/5
f 13773/4/5 13767/4/5 13772/4/5
f 13774/4/5 13767/4/5 13773/4/5
f 13777/4/5 13770/4/5 13769/4/5
f 13777/4/5 13769/4/5 13768/4/5
f 13778/4/5 13770/4/5 13777/4/5
f 13779/4/5 13770/4/5 13778/4/5
f 13780/4/5 13775/4/5 13774/4/5
f 13780/4/5 13774/4/5 13773/4/5
f 13781/4/5 13775/4/5 13780/4/5
f 13782/4/5 13775/4/5 13781/4/5
f 13785/4/5 13778/4/5 13777/4/5
f 13785/4/5 13777/4/5 13776/4/5
f 13786/4/5 13778/4/5 13785/4/5
f 13787/4/5 13778/4/5 13786/4/5
f 13788/4/5 13783/4/5 13782/4/5
f 13788/4/5 13782/4/5 13781/4/5
f 13789/4/5 13783/4/5 13788/4/5
f 13790/4/5 13783/4/5 13789/4/5
f 13793/4/5 13786/4/5 13785/4/5
f 13793/4/5 13785/4/5 13784/4/5
f 13794/4/5 13786/4/5 13793/4/5
f 13795/4/5 13786/4/5 13794/4/5
f 13796/4/5 13791/4/5 13790/4/5
f 13796/4/5 13790/4/5 13789/4/5
f 13797/4/5 13791/4/5 13796/4/5
f 13798/4/5 13791/4/5 13797/4/5
f 13801/4/5 13794/4/5 13793/4/5
f 13801/4/5 13793/4/5 13792/4/5
f 13802/4/5 13794/4/5 13801/4/5
f 13803/4/5 13794/4/5 13802/4/5
f 13804/4/5 13799/4/5 13798/4/5
f 13804/4/5 13798/4/5 13797/4/5
f 13805/4/5 13799/4/5 13804/4/5
f 13806/4/5 13799/4/5 13805/4/5
f 13809/4/5 13802/4/5 13801/4/5
f 13809/4/5 13801/4/5 13800/4/5
f 13810/4/5 13802/4/5 13809/4/5
f 13811/4/5 13802/4/5 13810/4/5
f 13812/4/5 13807/4/5 13806/4/5
f 13812/4/5 13806/4/5 13805/4/5
f 13813/4/5 13807/4/5 13812/4/5
f 13814/4/5 13807/4/5 13813/4/5
f 13817/4/5 13810/4/5 13809/4/5
f 13817/4/5 13809/4/5 13808/4/5
f 13818/4/5 13810/4/5 13817/4/5
f 13819/4/5 13810/4/5 13818/4/5
f 13820/4/5 13815/4/5 13814/4/5
f 13820/4/5 13814/4/5 13813/4/5
f 13821/4/5 13815/4/5 13820/4/5
f 13822/4/5 13815/4/5 13821/4/5
f 13824/4/5 13818/4/5 13817/4/5
f 13824/4/5 13817/4/5 13816/4/5
f 13825/4/5 13818/4/5 13824/4/5
f 13826/4/5 13823/4/5 13822/4/5
f 13826/4/5 13822/4/5 13821/4/5
f 13827/4/5 13823/4/5 13826/4/5
f 13829/4/5 13824/4/5 13816/4/5
f 13830/4/5 13824/4/5 13829/4/5
f 13831/4/5 13824/4/5 13830/4/5
f 13832/4/5 13823/4/5 13827/4/5
f 13833/4/5 13823/4/5 13832/4/5
f 13834/4/5 13823/4/5 13833/4/5
f 13837/4/5 13829/4/5 13828/4/5
f 13837/4/5 13830/4/5 13829/4/5
f 13838/4/5 13830/4/5 13837/4/5
f 13839/4/5 13830/4/5 13838/4/5
f 13840/4/5 13835/4/5 13834/4/5
f 13840/4/5 13834/4/5 13833/4/5
f 13841/4/5 13835/4/5 13840/4/5
f 13842/4/5 13835/4/5 13841/4/5
f 13845/4/5 13838/4/5 13837/4/5
f 13845/4/5 13837/4/5 13836/4/5
f 13846/4/5 13838/4/5 13845/4/5
f 13847/4/5 13838/4/5 13846/4/5
f 13848/4/5 13843/4/5 13842/4/5
f 13848/4/5 13842/4/5 13841/4/5
f 13849/4/5 13843/4/5 13848/4/5
f 13850/4/5 13843/4/5 13849/4/5
f 13853/4/5 13846/4/5 13845/4/5
f 13853/4/5 13845/4/5 13844/4/5
f 13854/4/5 13846/4/5 13853/4/5
f 13855/4/5 13846/4/5 13854/4/5
f 13856/4/5 13851/4/5 13850/4/5
f 13856/4/5 13850/4/5 13849/4/5
f 13857/4/5 13851/4/5 13856/4/5
f 13858/4/5 13851/4/5 13857/4/5
f 13861/4/5 13854/4/5 13853/4/5
f 13861/4/5 13853/4/5 13852/4/5
f 13862/4/5 13854/4/5 13861/4/5
f 13863/4/5 13854/4/5 13862/4/5
f 13864/4/5 13859/4/5 13858/4/5
f 13864/4/5 13858/4/5 13857/4/5
f 13865/4/5 13859/4/5 13864/4/5
f 13866/4/5 13859/4/5 13865/4/5
f 13869/4/5 13862/4/5 13861/4/5
f 13869/4/5 13861/4/5 13860/4/5
f 13870/4/5 13862/4/5 13869/4/5
f 13871/4/5 13862/4/5 13870/4/5
f 13872/4/5 13867/4/5 13866/4/5
f 13872/4/5 13866/4/5 13865/4/5
f 13873/4/5 13867/4/5 13872/4/5
f 13874/4/5 13867/4/5 13873/4/5
f 13877/4/5 13870/4/5 13869/4/5
f 13877/4/5 13869/4/5 13868/4/5
f 13878/4/5 13870/4/5 13877/4/5
f 13879/4/5 13870/4/5 13878/4/5
f 13880/4/5 13875/4/5 13874/4/5
f 13880/4/5 13874/4/5 13873/4/5
f 13881/4/5 13875/4/5 13880/4/5
f 13882/4/5 13875/4/5 13881/4/5
f 13884/4/5 13878/4/5 13877/4/5
f 13884/4/5 13877/4/5 13876/4/5
f 13885/4/5 13878/4/5 13884/4/5
f 13886/4/5 13883/4/5 13882/4/5
f 13886/4/5 13882/4/5 13881/4/5
f 13887/4/5 13883/4/5 13886/4/5
f 13889/4/5 13884/4/5 13876/4/5
f 13890/4/5 13884/4/5 13889/4/5
f 13891/4/5 13884/4/5 13890/4/5
f 13892/4/5 13883/4/5 13887/4/5
f 13893/4/5 13883/4/5 13892/4/5
f 13894/4/5 13883/4/5 13893/4/5
f 13897/4/5 13889/4/5 13888/4/5
f 13897/4/5 13890/4/5 13889/4/5
f 13898/4/5 13895/4/5 13894/4/5
f 13898/4/5 13894/4/5 13893/4/5
f 13900/4/5 13897/4/5 13896/4/5
f 13900/4/5 13890/4/5 13897/4/5
f 13901/4/5 13890/4/5 13900/4/5
f 13902/4/5 13899/4/5 13898/4/5
f 13902/4/5 13898/4/5 13893/4/5
f 13903/4/5 13899/4/5 13902/4/5
f 13905/4/5 13900/4/5 13896/4/5
f 13906/4/5 13900/4/5 13905/4/5
f 13907/4/5 13900/4/5 13906/4/5
f 13908/4/5 13899/4/5 13903/4/5
f 13909/4/5 13899/4/5 13908/4/5
f 13910/4/5 13899/4/5 13909/4/5
f 13913/4/5 13905/4/5 13904/4/5
f 13913/4/5 13906/4/5 13905/4/5
f 13914/4/5 13906/4/5 13913/4/5
f 13915/4/5 13906/4/5 13914/4/5
f 13916/4/5 13911/4/5 13910/4/5
f 13916/4/5 13910/4/5 13909/4/5
f 13917/4/5 13911/4/5 13916/4/5
f 13918/4/5 13911/4/5 13917/4/5
f 13920/4/5 13914/4/5 13913/4/5
f 13920/4/5 13913/4/5 13912/4/5
f 13921/4/5 13914/4/5 13920/4/5
f 13922/4/5 13919/4/5 13918/4/5
f 13922/4/5 13918/4/5 13917/4/5
f 13923/4/5 13919/4/5 13922/4/5
f 13925/4/5 13920/4/5 13912/4/5
f 13926/4/5 13919/4/5 13923/4/5
f 13928/4/5 13925/4/5 13924/4/5
f 13928/4/5 13920/4/5 13925/4/5
f 13929/4/5 13920/4/5 13928/4/5
f 13930/4/5 13927/4/5 13926/4/5
f 13930/4/5 13926/4/5 13923/4/5
f 13931/4/5 13927/4/5 13930/4/5
f 13933/4/5 13928/4/5 13924/4/5
f 13934/4/5 13927/4/5 13931/4/5
f 13936/4/5 13933/4/5 13932/4/5
f 13936/4/5 13928/4/5 13933/4/5
f 13937/4/5 13928/4/5 13936/4/5
f 13938/4/5 13935/4/5 13934/4/5
f 13938/4/5 13934/4/5 13931/4/5
f 13939/4/5 13935/4/5 13938/4/5
f 13941/4/5 13936/4/5 13932/4/5
f 13942/4/5 13935/4/5 13939/4/5
f 13944/4/5 13941/4/5 13940/4/5
f 13944/4/5 13936/4/5 13941/4/5
f 13945/4/5 13936/4/5 13944/4/5
f 13946/4/5 13943/4/5 13942/4/5
f 13946/4/5 13942/4/5 13939/4/5
f 13947/4/5 13943/4/5 13946/4/5
f 13949/4/5 13944/4/5 13940/4/5
f 13950/4/5 13943/4/5 13947/4/5
f 13952/4/5 13949/4/5 13948/4/5
f 13952/4/5 13944/4/5 13949/4/5
f 13953/4/5 13944/4/5 13952/4/5
f 13954/4/5 13951/4/5 13950/4/5
f 13954/4/5 13950/4/5 13947/4/5
f 13955/4/5 13951/4/5 13954/4/5
f 13957/4/5 13952/4/5 13948/4/5
f 13958/4/5 13951/4/5 13955/4/5
f 13960/4/5 13957/4/5 13956/4/5
f 13960/4/5 13952/4/5 13957/4/5
f 13961/4/5 13952/4/5 13960/4/5
f 13962/4/5 13959/4/5 13958/4/5
f 13962/4/5 13958/4/5 13955/4/5
f 13963/4/5 13959/4/5 13962/4/5
f 13965/4/5 13960/4/5 13956/4/5
f 13966/4/5 13959/4/5 13963/4/5
f 13968/4/5 13965/4/5 13964/4/5
f 13968/4/5 13960/4/5 13965/4/5
f 13969/4/5 13960/4/5 13968/4/5
f 13970/4/5 13967/4/5 13966/4/5
f 13970/4/5 13966/4/5 13963/4/5
f 13971/4/5 13967/4/5 13970/4/5
f 13973/4/5 13968/4/5 13964/4/5
f 13974/4/5 13967/4/5 13971/4/5
f 13976/4/5 13973/4/5 13972/4/5
f 13976/4/5 13968/4/5 13973/4/5
f 13977/4/5 13968/4/5 13976/4/5
f 13978/4/5 13975/4/5 13974/4/5
f 13978/4/5 13974/4/5 13971/4/5
f 13979/4/5 13975/4/5 13978/4/5
f 13981/4/5 13976/4/5 13972/4/5
f 13982/4/5 13976/4/5 13981/4/5
f 13983/4/5 13976/4/5 13982/4/5
f 13984/4/5 13975/4/5 13979/4/5
f 13985/4/5 13975/4/5 13984/4/5
f 13986/4/5 13975/4/5 13985/4/5
f 13988/4/5 13987/4/5 13986/4/5
f 13988/4/5 13986/4/5 13985/4/5
f 13989/4/5 13981/4/5 13980/4/5
f 13989/4/5 13982/4/5 13981/4/5
f 13990/4/5 13982/4/5 13989/4/5
f 13991/4/5 13987/4/5 13988/4/5
f 13992/4/5 13987/4/5 13991/4/5
f 13993/3/5 13990/3/5 13989/3/5
f 13994/3/5 13990/3/5 13993/3/5
f 13995/3/5 13992/3/5 13991/3/5
f 13996/3/5 13992/3/5 13995/3/5
f 13997/4/5 13994/4/5 13993/4/5
f 13998/4/5 13994/4/5 13997/4/5
f 13999/4/5 13994/4/5 13998/4/5
f 14002/4/5 13996/4/5 13995/4/5
f 14003/4/5 13996/4/5 14002/4/5
f 14004/4/5 13996/4/5 14003/4/5
f 14005/4/5 14000/4/5 13999/4/5
f 14005/4/5 13999/4/5 13998/4/5
f 14008/4/5 14003/4/5 14002/4/5
f 14008/4/5 14002/4/5 14001/4/5
f 14009/4/5 14006/4/5 14005/4/5
f 14009/4/5 14005/4/5 13998/4/5
f 14010/4/5 14006/4/5 14009/4/5
f 14011/4/5 14008/4/5 14007/4/5
f 14011/4/5 14003/4/5 14008/4/5
f 14012/4/5 14003/4/5 14011/4/5
f 14013/4/5 14006/4/5 14010/4/5
f 14016/4/5 14011/4/5 14007/4/5
f 14017/4/5 14014/4/5 14013/4/5
f 14017/4/5 14013/4/5 14010/4/5
f 14018/4/5 14014/4/5 14017/4/5
f 14019/4/5 14016/4/5 14015/4/5
f 14019/4/5 14011/4/5 14016/4/5
f 14020/4/5 14011/4/5 14019/4/5
f 14021/4/5 14014/4/5 14018/4/5
f 14024/4/5 14019/4/5 14015/4/5
f 14025/4/5 14022/4/5 14021/4/5
f 14025/4/5 14021/4/5 14018/4/5
f 14026/4/5 14022/4/5 14025/4/5
f 14027/4/5 14024/4/5 14023/4/5
f 14027/4/5 14019/4/5 14024/4/5
f 14028/4/5 14019/4/5 14027/4/5
f 14029/4/5 14022/4/5 14026/4/5
f 14032/4/5 14027/4/5 14023/4/5
f 14033/4/5 14030/4/5 14029/4/5
f 14033/4/5 14029/4/5 14026/4/5
f 14034/4/5 14030/4/5 14033/4/5
f 14035/4/5 14032/4/5 14031/4/5
f 14035/4/5 14027/4/5 14032/4/5
f 14036/4/5 14027/4/5 14035/4/5
f 14037/4/5 14030/4/5 14034/4/5
f 14040/4/5 14035/4/5 14031/4/5
f 14041/4/5 14038/4/5 14037/4/5
f 14041/4/5 14037/4/5 14034/4/5
f 14042/4/5 14038/4/5 14041/4/5
f 14043/4/5 14040/4/5 14039/4/5
f 14043/4/5 14035/4/5 14040/4/5
f 14044/4/5 14035/4/5 14043/4/5
f 14045/4/5 14038/4/5 14042/4/5
f 14048/4/5 14043/4/5 14039/4/5
f 14049/4/5 14046/4/5 14045/4/5
f 14049/4/5 14045/4/5 14042/4/5
f 14050/4/5 14046/4/5 14049/4/5
f 14051/4/5 14048/4/5 14047/4/5
f 14051/4/5 14043/4/5 14048/4/5
f 14052/4/5 14043/4/5 14051/4/5
f 14053/4/5 14046/4/5 14050/4/5
f 14056/4/5 14051/4/5 14047/4/5
f 14057/4/5 14054/4/5 14053/4/5
f 14057/4/5 14053/4/5 14050/4/5
f 14058/4/5 14054/4/5 14057/4/5
f 14059/4/5 14056/4/5 14055/4/5
f 14059/4/5 14051/4/5 14056/4/5
f 14060/4/5 14051/4/5 14059/4/5
f 14061/4/5 14054/4/5 14058/4/5
f 14064/4/5 14059/4/5 14055/4/5
f 14065/4/5 14062/4/5 14061/4/5
f 14065/4/5 14061/4/5 14058/4/5
f 14066/4/5 14062/4/5 14065/4/5
f 14067/4/5 14062/4/5 14066/4/5
f 14070/4/5 14064/4/5 14063/4/5
f 14071/4/5 14059/4/5 14064/4/5
f 14071/4/5 14064/4/5 14070/4/5
f 14072/4/5 14059/4/5 14071/4/5
f 14073/4/5 14068/4/5 14067/4/5
f 14073/4/5 14067/4/5 14066/4/5
f 14074/4/5 14068/4/5 14073/4/5
f 14075/4/5 14068/4/5 14074/4/5
f 14078/4/5 14070/4/5 14069/4/5
f 14078/4/5 14071/4/5 14070/4/5
f 14079/4/5 14071/4/5 14078/4/5
f 14080/4/5 14071/4/5 14079/4/5
f 14081/4/5 14076/4/5 14075/4/5
f 14081/4/5 14075/4/5 14074/4/5
f 14084/4/5 14079/4/5 14078/4/5
f 14084/4/5 14078/4/5 14077/4/5
f 14085/4/5 14082/4/5 14081/4/5
f 14085/4/5 14081/4/5 14074/4/5
f 14086/4/5 14082/4/5 14085/4/5
f 14087/4/5 14084/4/5 14083/4/5
f 14087/4/5 14079/4/5 14084/4/5
f 14088/4/5 14079/4/5 14087/4/5
f 14089/4/5 14082/4/5 14086/4/5
f 14090/4/5 14082/4/5 14089/4/5
f 14091/4/5 14082/4/5 14090/4/5
f 14094/4/5 14087/4/5 14083/4/5
f 14095/4/5 14087/4/5 14094/4/5
f 14096/4/5 14087/4/5 14095/4/5
f 14097/4/5 14092/4/5 14091/4/5
f 14097/4/5 14091/4/5 14090/4/5
f 14100/4/5 14095/4/5 14094/4/5
f 14100/4/5 14094/4/5 14093/4/5
f 14101/4/5 14098/4/5 14097/4/5
f 14101/4/5 14097/4/5 14090/4/5
f 14102/4/5 14098/4/5 14101/4/5
f 14103/4/5 14098/4/5 14102/4/5
f 14106/4/5 14100/4/5 14099/4/5
f 14107/4/5 14095/4/5 14100/4/5
f 14107/4/5 14100/4/5 14106/4/5
f 14108/4/5 14095/4/5 14107/4/5
f 14109/4/5 14104/4/5 14103/4/5
f 14109/4/5 14103/4/5 14102/4/5
f 14110/4/5 14104/4/5 14109/4/5
f 14111/4/5 14104/4/5 14110/4/5
f 14114/4/5 14106/4/5 14105/4/5
f 14114/4/5 14107/4/5 14106/4/5
f 14115/4/5 14107/4/5 14114/4/5
f 14116/4/5 14107/4/5 14115/4/5
f 14117/4/5 14112/4/5 14111/4/5
f 14117/4/5 14111/4/5 14110/4/5
f 14118/4/5 14112/4/5 14117/4/5
f 14119/4/5 14112/4/5 14118/4/5
f 14122/4/5 14115/4/5 14114/4/5
f 14122/4/5 14114/4/5 14113/4/5
f 14123/4/5 14115/4/5 14122/4/5
f 14124/4/5 14115/4/5 14123/4/5
f 14125/4/5 14120/4/5 14119/4/5
f 14125/4/5 14119/4/5 14118/4/5
f 14126/4/5 14120/4/5 14125/4/5
f 14127/4/5 14120/4/5 14126/4/5
f 14130/4/5 14123/4/5 14122/4/5
f 14130/4/5 14122/4/5 14121/4/5
f 14131/4/5 14123/4/5 14130/4/5
f 14132/4/5 14123/4/5 14131/4/5
f 14133/4/5 14128/4/5 14127/4/5
f 14133/4/5 14127/4/5 14126/4/5
f 14134/4/5 14128/4/5 14133/4/5
f 14135/4/5 14128/4/5 14134/4/5
f 14138/4/5 14131/4/5 14130/4/5
f 14138/4/5 14130/4/5 14129/4/5
f 14139/4/5 14131/4/5 14138/4/5
f 14140/4/5 14131/4/5 14139/4/5
f 14141/4/5 14136/4/5 14135/4/5
f 14141/4/5 14135/4/5 14134/4/5
f 14142/4/5 14136/4/5 14141/4/5
f 14143/4/5 14136/4/5 14142/4/5
f 14146/4/5 14139/4/5 14138/4/5
f 14146/4/5 14138/4/5 14137/4/5
f 14147/4/5 14139/4/5 14146/4/5
f 14148/4/5 14139/4/5 14147/4/5
f 14149/4/5 14144/4/5 14143/4/5
f 14149/4/5 14143/4/5 14142/4/5
f 14150/4/5 14144/4/5 14149/4/5
f 14151/4/5 14144/4/5 14150/4/5
f 14154/4/5 14147/4/5 14146/4/5
f 14154/4/5 14146/4/5 14145/4/5
f 14155/4/5 14147/4/5 14154/4/5
f 14156/4/5 14147/4/5 14155/4/5
f 14157/4/5 14152/4/5 14151/4/5
f 14157/4/5 14151/4/5 14150/4/5
f 14160/4/5 14155/4/5 14154/4/5
f 14160/4/5 14154/4/5 14153/4/5
f 14161/4/5 14158/4/5 14157/4/5
f 14161/4/5 14157/4/5 14150/4/5
f 14162/4/5 14158/4/5 14161/4/5
f 14163/4/5 14158/4/5 14162/4/5
f 14166/4/5 14160/4/5 14159/4/5
f 14167/4/5 14155/4/5 14160/4/5
f 14167/4/5 14160/4/5 14166/4/5
f 14168/4/5 14155/4/5 14167/4/5
f 14169/4/5 14164/4/5 14163/4/5
f 14169/4/5 14163/4/5 14162/4/5
f 14170/4/5 14164/4/5 14169/4/5
f 14171/4/5 14164/4/5 14170/4/5
f 14174/4/5 14166/4/5 14165/4/5
f 14174/4/5 14167/4/5 14166/4/5
f 14175/4/5 14167/4/5 14174/4/5
f 14176/4/5 14167/4/5 14175/4/5
f 14177/4/5 14172/4/5 14171/4/5
f 14177/4/5 14171/4/5 14170/4/5
f 14178/4/5 14172/4/5 14177/4/5
f 14179/4/5 14172/4/5 14178/4/5
f 14182/4/5 14175/4/5 14174/4/5
f 14182/4/5 14174/4/5 14173/4/5
f 14183/4/5 14175/4/5 14182/4/5
f 14184/4/5 14175/4/5 14183/4/5
f 14185/4/5 14180/4/5 14179/4/5
f 14185/4/5 14179/4/5 14178/4/5
f 14186/4/5 14180/4/5 14185/4/5
f 14187/4/5 14180/4/5 14186/4/5
f 14190/4/5 14183/4/5 14182/4/5
f 14190/4/5 14182/4/5 14181/4/5
f 14191/4/5 14183/4/5 14190/4/5
f 14192/4/5 14183/4/5 14191/4/5
f 14193/4/5 14188/4/5 14187/4/5
f 14193/4/5 14187/4/5 14186/4/5
f 14194/4/5 14188/4/5 14193/4/5
f 14195/4/5 14188/4/5 14194/4/5
f 14198/4/5 14191/4/5 14190/4/5
f 14198/4/5 14190/4/5 14189/4/5
f 14199/4/5 14191/4/5 14198/4/5
f 14200/4/5 14191/4/5 14199/4/5
f 14201/4/5 14196/4/5 14195/4/5
f 14201/4/5 14195/4/5 14194/4/5
f 14202/4/5 14196/4/5 14201/4/5
f 14203/4/5 14196/4/5 14202/4/5
f 14206/4/5 14199/4/5 14198/4/5
f 14206/4/5 14198/4/5 14197/4/5
f 14207/4/5 14199/4/5 14206/4/5
f 14208/4/5 14199/4/5 14207/4/5
f 14209/4/5 14204/4/5 14203/4/5
f 14209/4/5 14203/4/5 14202/4/5
f 14210/4/5 14204/4/5 14209/4/5
f 14211/4/5 14204/4/5 14210/4/5
f 14214/4/5 14207/4/5 14206/4/5
f 14214/4/5 14206/4/5 14205/4/5
f 14215/4/5 14207/4/5 14214/4/5
f 14216/4/5 14207/4/5 14215/4/5
f 14217/4/5 14212/4/5 14211/4/5
f 14217/4/5 14211/4/5 14210/4/5
f 14218/4/5 14212/4/5 14217/4/5
f 14219/4/5 14212/4/5 14218/4/5
f 14222/4/5 14215/4/5 14214/4/5
f 14222/4/5 14214/4/5 14213/4/5
f 14223/4/5 14215/4/5 14222/4/5
f 14224/4/5 14215/4/5 14223/4/5
f 14225/4/5 14220/4/5 14219/4/5
f 14225/4/5 14219/4/5 14218/4/5
f 14226/4/5 14220/4/5 14225/4/5
f 14227/4/5 14220/4/5 14226/4/5
f 14230/4/5 14223/4/5 14222/4/5
f 14230/4/5 14222/4/5 14221/4/5
f 14231/4/5 14223/4/5 14230/4/5
f 14232/4/5 14223/4/5 14231/4/5
f 14233/4/5 14228/4/5 14227/4/5
f 14233/4/5 14227/4/5 14226/4/5
f 14234/4/5 14228/4/5 14233/4/5
f 14235/4/5 14228/4/5 14234/4/5
f 14238/4/5 14231/4/5 14230/4/5
f 14238/4/5 14230/4/5 14229/4/5
f 14239/4/5 14231/4/5 14238/4/5
f 14240/4/5 14231/4/5 14239/4/5
f 14241/4/5 14236/4/5 14235/4/5
f 14241/4/5 14235/4/5 14234/4/5
f 14242/4/5 14236/4/5 14241/4/5
f 14243/4/5 14236/4/5 14242/4/5
f 14246/4/5 14239/4/5 14238/4/5
f 14246/4/5 14238/4/5 14237/4/5
f 14247/4/5 14239/4/5 14246/4/5
f 14248/4/5 14239/4/5 14247/4/5
f 14249/4/5 14244/4/5 14243/4/5
f 14249/4/5 14243/4/5 14242/4/5
f 14250/4/5 14244/4/5 14249/4/5
f 14251/4/5 14244/4/5 14250/4/5
f 14254/4/5 14247/4/5 14246/4/5
f 14254/4/5 14246/4/5 14245/4/5
f 14255/4/5 14247/4/5 14254/4/5
f 14256/4/5 14247/4/5 14255/4/5
f 14257/4/5 14252/4/5 14251/4/5
f 14257/4/5 14251/4/5 14250/4/5
f 14258/4/5 14252/4/5 14257/4/5
f 14259/4/5 14252/4/5 14258/4/5
f 14262/4/5 14255/4/5 14254/4/5
f 14262/4/5 14254/4/5 14253/4/5
f 14263/4/5 14255/4/5 14262/4/5
f 14264/4/5 14255/4/5 14263/4/5
f 14265/4/5 14260/4/5 14259/4/5
f 14265/4/5 14259/4/5 14258/4/5
f 14266/4/5 14260/4/5 14265/4/5
f 14267/4/5 14260/4/5 14266/4/5
f 14270/4/5 14263/4/5 14262/4/5
f 14270/4/5 14262/4/5 14261/4/5
f 14271/4/5 14263/4/5 14270/4/5
f 14272/4/5 14263/4/5 14271/4/5
f 14273/4/5 14268/4/5 14267/4/5
f 14273/4/5 14267/4/5 14266/4/5
f 14274/4/5 14268/4/5 14273/4/5
f 14275/4/5 14268/4/5 14274/4/5
f 14278/4/5 14271/4/5 14270/4/5
f 14278/4/5 14270/4/5 14269/4/5
f 14279/4/5 14271/4/5 14278/4/5
f 14280/4/5 14271/4/5 14279/4/5
f 14281/4/5 14276/4/5 14275/4/5
f 14281/4/5 14275/4/5 14274/4/5
f 14282/4/5 14276/4/5 14281/4/5
f 14283/4/5 14276/4/5 14282/4/5
f 14286/4/5 14279/4/5 14278/4/5
f 14286/4/5 14278/4/5 14277/4/5
f 14287/4/5 14279/4/5 14286/4/5
f 14288/4/5 14279/4/5 14287/4/5
f 14289/4/5 14284/4/5 14283/4/5
f 14289/4/5 14283/4/5 14282/4/5
f 14290/4/5 14284/4/5 14289/4/5
f 14291/4/5 14287/4/5 14286/4/5
f 14291/4/5 14286/4/5 14285/4/5
f 14292/4/5 14287/4/5 14291/4/5
f 14293/4/5 14284/4/5 14290/4/5
f 14294/4/5 14284/4/5 14293/4/5
f 14295/4/5 14291/4/5 14285/4/5
f 14296/4/5 14291/4/5 14295/4/5
f 14297/4/5 14284/4/5 14294/4/5
f 14298/4/5 14284/4/5 14297/4/5
f 14299/4/5 14295/4/5 14285/4/5
f 14300/4/5 14295/4/5 14299/4/5
f 14301/4/5 14284/4/5 14298/4/5
f 14302/4/5 14284/4/5 14301/4/5
f 14303/4/5 14299/4/5 14285/4/5
f 14304/4/5 14299/4/5 14303/4/5
f 14305/4/5 14284/4/5 14302/4/5
f 14306/4/5 14284/4/5 14305/4/5
f 14307/4/5 14303/4/5 14285/4/5
f 14308/4/5 14303/4/5 14307/4/5
f 14309/4/5 14284/4/5 14306/4/5
f 14310/4/5 14284/4/5 14309/4/5
f 14311/4/5 14307/4/5 14285/4/5
f 14312/4/5 14307/4/5 14311/4/5
f 14313/4/5 14284/4/5 14310/4/5
f 14314/3/5 14285/3/5 14284/3/5
f 14314/4/5 14284/4/5 14313/4/5
f 14315/4/5 14311/4/5 14285/4/5
f 14315/3/5 14285/3/5 14314/3/5
f 14316/4/5 14311/4/5 14315/4/5
f 14322/4/5 14318/4/5 14317/4/5
f 14323/4/5 14320/4/5 14319/4/5
f 14326/4/5 14322/4/5 14321/4/5
f 14327/4/5 14324/4/5 14323/4/5
f 14330/4/5 14326/4/5 14325/4/5
f 14331/4/5 14328/4/5 14327/4/5
f 14334/4/5 14330/4/5 14329/4/5
f 14335/4/5 14332/4/5 14331/4/5
f 14338/4/5 14334/4/5 14333/4/5
f 14339/4/5 14336/4/5 14335/4/5
f 14342/4/5 14338/4/5 14337/4/5
f 14343/4/5 14340/4/5 14339/4/5
f 14346/4/5 14342/4/5 14341/4/5
f 14347/4/5 14344/4/5 14343/4/5
f 14350/4/5 14346/4/5 14345/4/5
f 14351/4/5 14348/4/5 14347/4/5
f 14354/4/5 14350/4/5 14349/4/5
f 14355/4/5 14318/4/5 14322/4/5
f 14355/4/5 14322/4/5 14326/4/5
f 14355/4/5 14350/4/5 14354/4/5
f 14355/4/5 14326/4/5 14330/4/5
f 14355/4/5 14330/4/5 14334/4/5
f 14355/4/5 14346/4/5 14350/4/5
f 14355/4/5 14334/4/5 14338/4/5
f 14355/4/5 14338/4/5 14342/4/5
f 14355/4/5 14342/4/5 14346/4/5
f 14356/3/5 14319/3/5 14318/3/5
f 14356/4/5 14318/4/5 14355/4/5
f 14357/4/5 14352/4/5 14351/4/5
f 14360/4/5 14355/4/5 14354/4/5
f 14360/4/5 14354/4/5 14353/4/5
f 14361/4/5 14358/4/5 14357/4/5
f 14364/4/5 14360/4/5 14359/4/5
f 14365/4/5 14362/4/5 14361/4/5
f 14368/4/5 14364/4/5 14363/4/5
f 14369/4/5 14366/4/5 14365/4/5
f 14372/4/5 14368/4/5 14367/4/5
f 14373/4/5 14370/4/5 14369/4/5
f 14376/4/5 14372/4/5 14371/4/5
f 14377/4/5 14374/4/5 14373/4/5
f 14380/4/5 14376/4/5 14375/4/5
f 14381/4/5 14378/4/5 14377/4/5
f 14384/4/5 14380/4/5 14379/4/5
f 14385/4/5 14382/4/5 14381/4/5
f 14388/4/5 14384/4/5 14383/4/5
f 14389/3/5 14356/3/5 14355/3/5
f 14389/4/5 14355/4/5 14360/4/5
f 14389/4/5 14384/4/5 14388/4/5
f 14389/4/5 14360/4/5 14364/4/5
f 14389/4/5 14364/4/5 14368/4/5
f 14389/4/5 14380/4/5 14384/4/5
f 14389/4/5 14368/4/5 14372/4/5
f 14389/4/5 14372/4/5 14376/4/5
f 14389/4/5 14376/4/5 14380/4/5
f 14390/3/5 14319/3/5 14356/3/5
f 14390/3/5 14356/3/5 14389/3/5
f 14391/4/5 14386/4/5 14385/4/5
f 14394/4/5 14389/4/5 14388/4/5
f 14394/4/5 14388/4/5 14387/4/5
f 14394/4/5 14390/4/5 14389/4/5
f 14395/4/5 14392/4/5 14391/4/5
f 14398/4/5 14394/4/5 14393/4/5
f 14399/4/5 14390/4/5 14394/4/5
f 14399/4/5 14394/4/5 14398/4/5
f 14400/3/5 14319/3/5 14390/3/5
f 14400/4/5 14390/4/5 14399/4/5
f 14401/4/5 14396/4/5 14395/4/5
f 14404/4/5 14399/4/5 14398/4/5
f 14404/4/5 14398/4/5 14397/4/5
f 14405/3/5 14400/3/5 14399/3/5
f 14405/4/5 14399/4/5 14404/4/5
f 14406/3/5 14319/3/5 14400/3/5
f 14406/3/5 14400/3/5 14405/3/5
f 14407/4/5 14402/4/5 14401/4/5
f 14410/4/5 14405/4/5 14404/4/5
f 14410/4/5 14404/4/5 14403/4/5
f 14410/4/5 14406/4/5 14405/4/5
f 14411/4/5 14408/4/5 14407/4/5
f 14414/4/5 14410/4/5 14409/4/5
f 14415/4/5 14412/4/5 14411/4/5
f 14418/4/5 14414/4/5 14413/4/5
f 14419/4/5 14416/4/5 14415/4/5
f 14422/4/5 14418/4/5 14417/4/5
f 14423/4/5 14420/4/5 14419/4/5
f 14426/4/5 14422/4/5 14421/4/5
f 14427/4/5 14424/4/5 14423/4/5
f 14430/4/5 14426/4/5 14425/4/5
f 14431/4/5 14428/4/5 14427/4/5
f 14434/4/5 14430/4/5 14429/4/5
f 14435/4/5 14432/4/5 14431/4/5
f 14438/4/5 14434/4/5 14433/4/5
f 14439/4/5 14436/4/5 14435/4/5
f 14442/4/5 14438/4/5 14437/4/5
f 14443/4/5 14440/4/5 14439/4/5
f 14446/4/5 14442/4/5 14441/4/5
f 14447/4/5 14444/4/5 14443/4/5
f 14450/4/5 14446/4/5 14445/4/5
f 14451/3/5 14319/3/5 14406/3/5
f 14451/4/5 14406/4/5 14410/4/5
f 14451/4/5 14446/4/5 14450/4/5
f 14451/4/5 14410/4/5 14414/4/5
f 14451/4/5 14414/4/5 14418/4/5
f 14451/4/5 14442/4/5 14446/4/5
f 14451/4/5 14418/4/5 14422/4/5
f 14451/4/5 14422/4/5 14426/4/5
f 14451/4/5 14438/4/5 14442/4/5
f 14451/4/5 14426/4/5 14430/4/5
f 14451/4/5 14430/4/5 14434/4/5
f 14451/4/5 14434/4/5 14438/4/5
f 14452/4/5 14448/4/5 14447/4/5
f 14452/3/5 14319/3/5 14451/3/5
f 14452/4/5 14357/4/5 14351/4/5
f 14452/4/5 14435/4/5 14431/4/5
f 14452/4/5 14323/4/5 14319/4/5
f 14452/4/5 14327/4/5 14323/4/5
f 14452/4/5 14431/4/5 14427/4/5
f 14452/4/5 14439/4/5 14435/4/5
f 14452/4/5 14351/4/5 14347/4/5
f 14452/4/5 14427/4/5 14423/4/5
f 14452/4/5 14331/4/5 14327/4/5
f 14452/4/5 14335/4/5 14331/4/5
f 14452/4/5 14423/4/5 14419/4/5
f 14452/4/5 14443/4/5 14439/4/5
f 14452/4/5 14347/4/5 14343/4/5
f 14452/4/5 14419/4/5 14415/4/5
f 14452/4/5 14339/4/5 14335/4/5
f 14452/4/5 14343/4/5 14339/4/5
f 14452/4/5 14415/4/5 14411/4/5
f 14452/4/5 14447/4/5 14443/4/5
f 14452/4/5 14391/4/5 14385/4/5
f 14452/4/5 14411/4/5 14407/4/5
f 14452/4/5 14361/4/5 14357/4/5
f 14452/4/5 14385/4/5 14381/4/5
f 14452/4/5 14365/4/5 14361/4/5
f 14452/4/5 14407/4/5 14401/4/5
f 14452/4/5 14369/4/5 14365/4/5
f 14452/4/5 14395/4/5 14391/4/5
f 14452/4/5 14401/4/5 14395/4/5
f 14452/4/5 14381/4/5 14377/4/5
f 14452/4/5 14377/4/5 14373/4/5
f 14452/4/5 14373/4/5 14369/4/5
f 14453/4/5 14448/4/5 14452/4/5
f 14456/4/5 14451/4/5 14450/4/5
f 14456/4/5 14454/4/5 14453/4/5
f 14456/4/5 14453/4/5 14452/4/5
f 14456/4/5 14452/4/5 14451/4/5
f 14456/4/5 14450/4/5 14449/4/5
f 14457/4/5 14454/4/5 14456/4/5
f 14460/4/5 14456/4/5 14455/4/5
f 14460/4/5 14458/4/5 14457/4/5
f 14460/4/5 14457/4/5 14456/4/5
f 14461/4/5 14458/4/5 14460/4/5
f 14464/4/5 14460/4/5 14459/4/5
f 14464/4/5 14462/4/5 14461/4/5
f 14464/4/5 14461/4/5 14460/4/5
f 14465/4/5 14462/4/5 14464/4/5
f 14468/4/5 14464/4/5 14463/4/5
f 14468/4/5 14466/4/5 14465/4/5
f 14468/4/5 14465/4/5 14464/4/5
f 14469/4/5 14466/4/5 14468/4/5
f 14470/4/5 14466/4/5 14469/4/5
f 14471/4/5 14466/4/5 14470/4/5
f 14474/4/5 14468/4/5 14467/4/5
f 14474/4/5 14469/4/5 14468/4/5
f 14475/4/5 14471/4/5 14470/4/5
f 14475/4/5 14472/4/5 14471/4/5
f 14478/4/5 14474/4/5 14473/4/5
f 14479/4/5 14476/4/5 14475/4/5
f 14482/4/5 14478/4/5 14477/4/5
f 14483/4/5 14480/4/5 14479/4/5
f 14486/4/5 14482/4/5 14481/4/5
f 14487/4/5 14484/4/5 14483/4/5
f 14490/4/5 14486/4/5 14485/4/5
f 14491/4/5 14488/4/5 14487/4/5
f 14494/4/5 14490/4/5 14489/4/5
f 14495/4/5 14492/4/5 14491/4/5
f 14498/4/5 14494/4/5 14493/4/5
f 14499/4/5 14496/4/5 14495/4/5
f 14502/4/5 14498/4/5 14497/4/5
f 14503/4/5 14500/4/5 14499/4/5
f 14506/4/5 14502/4/5 14501/4/5
f 14507/4/5 14504/4/5 14503/4/5
f 14510/4/5 14506/4/5 14505/4/5
f 14511/4/5 14508/4/5 14507/4/5
f 14514/4/5 14510/4/5 14509/4/5
f 14515/4/5 14512/4/5 14511/4/5
f 14518/4/5 14514/4/5 14513/4/5
f 14519/4/5 14516/4/5 14515/4/5
f 14522/4/5 14518/4/5 14517/4/5
f 14523/4/5 14520/4/5 14519/4/5
f 14526/4/5 14522/4/5 14521/4/5
f 14527/4/5 14524/4/5 14523/4/5
f 14530/4/5 14526/4/5 14525/4/5
f 14531/4/5 14528/4/5 14527/4/5
f 14534/4/5 14530/4/5 14529/4/5
f 14535/4/5 14532/4/5 14531/4/5
f 14538/4/5 14534/4/5 14533/4/5
f 14539/4/5 14536/4/5 14535/4/5
f 14542/4/5 14538/4/5 14537/4/5
f 14543/4/5 14540/4/5 14539/4/5
f 14546/4/5 14542/4/5 14541/4/5
f 14547/4/5 14544/4/5 14543/4/5
f 14550/4/5 14546/4/5 14545/4/5
f 14551/4/5 14548/4/5 14547/4/5
f 14554/4/5 14550/4/5 14549/4/5
f 14555/4/5 14552/4/5 14551/4/5
f 14558/4/5 14554/4/5 14553/4/5
f 14559/4/5 14556/4/5 14555/4/5
f 14562/4/5 14558/4/5 14557/4/5
f 14563/4/5 14560/4/5 14559/4/5
f 14565/4/5 14475/4/5 14470/4/5
f 14565/4/5 14564/4/5 14563/4/5
f 14565/4/5 14563/4/5 14559/4/5
f 14565/4/5 14479/4/5 14475/4/5
f 14565/4/5 14483/4/5 14479/4/5
f 14565/4/5 14559/4/5 14555/4/5
f 14565/4/5 14487/4/5 14483/4/5
f 14565/4/5 14491/4/5 14487/4/5
f 14565/4/5 14555/4/5 14551/4/5
f 14565/4/5 14495/4/5 14491/4/5
f 14565/4/5 14499/4/5 14495/4/5
f 14565/4/5 14551/4/5 14547/4/5
f 14565/4/5 14503/4/5 14499/4/5
f 14565/4/5 14507/4/5 14503/4/5
f 14565/4/5 14547/4/5 14543/4/5
f 14565/4/5 14511/4/5 14507/4/5
f 14565/4/5 14515/4/5 14511/4/5
f 14565/4/5 14543/4/5 14539/4/5
f 14565/4/5 14519/4/5 14515/4/5
f 14565/4/5 14523/4/5 14519/4/5
f 14565/4/5 14539/4/5 14535/4/5
f 14565/4/5 14527/4/5 14523/4/5
f 14565/4/5 14531/4/5 14527/4/5
f 14565/4/5 14535/4/5 14531/4/5
f 14566/4/5 14564/4/5 14565/4/5
f 14567/4/5 14564/4/5 14566/4/5
f 14568/4/5 14564/4/5 14567/4/5
f 14569/4/5 14564/4/5 14568/4/5
f 14570/4/5 14564/4/5 14569/4/5
f 14571/4/5 14562/4/5 14561/4/5
f 14572/4/5 14469/4/5 14474/4/5
f 14572/4/5 14562/4/5 14571/4/5
f 14572/4/5 14558/4/5 14562/4/5
f 14572/4/5 14474/4/5 14478/4/5
f 14572/4/5 14478/4/5 14482/4/5
f 14572/4/5 14554/4/5 14558/4/5
f 14572/4/5 14482/4/5 14486/4/5
f 14572/4/5 14486/4/5 14490/4/5
f 14572/4/5 14550/4/5 14554/4/5
f 14572/4/5 14490/4/5 14494/4/5
f 14572/4/5 14530/4/5 14534/4/5
f 14572/4/5 14526/4/5 14530/4/5
f 14572/4/5 14494/4/5 14498/4/5
f 14572/4/5 14546/4/5 14550/4/5
f 14572/4/5 14522/4/5 14526/4/5
f 14572/4/5 14498/4/5 14502/4/5
f 14572/4/5 14534/4/5 14538/4/5
f 14572/4/5 14518/4/5 14522/4/5
f 14572/4/5 14502/4/5 14506/4/5
f 14572/4/5 14542/4/5 14546/4/5
f 14572/4/5 14514/4/5 14518/4/5
f 14572/4/5 14506/4/5 14510/4/5
f 14572/4/5 14538/4/5 14542/4/5
f 14572/4/5 14510/4/5 14514/4/5
f 14573/4/5 14469/4/5 14572/4/5
f 14574/4/5 14469/4/5 14573/4/5
f 14575/4/5 14469/4/5 14574/4/5
f 14576/4/5 14469/4/5 14575/4/5
f 14577/4/5 14565/4/5 14470/4/5
f 14578/4/5 14565/4/5 14577/4/5
f 14579/4/5 14565/4/5 14578/4/5
f 14580/3/5 14566/3/5 14565/3/5
f 14580/4/5 14565/4/5 14579/4/5
f 14581/4/5 14567/4/5 14566/4/5
f 14581/3/5 14566/3/5 14580/3/5
f 14582/3/5 14568/3/5 14567/3/5
f 14582/4/5 14567/4/5 14581/4/5
f 14583/4/5 14569/4/5 14568/4/5
f 14583/3/5 14568/3/5 14582/3/5
f 14584/3/5 14570/3/5 14569/3/5
f 14584/4/5 14569/4/5 14583/4/5
f 14585/3/5 14570/3/5 14584/3/5
f 14586/3/5 14570/3/5 14585/3/5
f 14587/3/5 14572/3/5 14571/3/5
f 14588/3/5 14572/3/5 14587/3/5
f 14589/3/5 14572/3/5 14588/3/5
f 14590/4/5 14573/4/5 14572/4/5
f 14590/3/5 14572/3/5 14589/3/5
f 14591/4/5 14573/4/5 14590/4/5
f 14592/4/5 14575/4/5 14574/4/5
f 14593/4/5 14575/4/5 14592/4/5
f 14596/4/5 14579/4/5 14578/4/5
f 14597/3/5 14583/3/5 14582/3/5
f 14597/3/5 14582/3/5 14581/3/5
f 14597/4/5 14579/4/5 14596/4/5
f 14597/3/5 14581/3/5 14580/3/5
f 14597/3/5 14580/3/5 14579/3/5
f 14597/3/5 14585/3/5 14584/3/5
f 14597/3/5 14584/3/5 14583/3/5
f 14598/3/5 14585/3/5 14597/3/5
f 14599/3/5 14585/3/5 14598/3/5
f 14600/4/5 14586/4/5 14585/4/5
f 14600/3/5 14585/3/5 14599/3/5
f 14601/3/5 14570/3/5 14586/3/5
f 14601/4/5 14586/4/5 14600/4/5
f 14602/3/5 14570/3/5 14601/3/5
f 14603/3/5 14589/3/5 14588/3/5
f 14603/4/5 14588/4/5 14587/4/5
f 14604/4/5 14593/4/5 14592/4/5
f 14604/3/5 14589/3/5 14603/3/5
f 14604/4/5 14592/4/5 14591/4/5
f 14604/4/5 14594/4/5 14593/4/5
f 14604/4/5 14591/4/5 14590/4/5
f 14604/4/5 14590/4/5 14589/4/5
f 14605/4/5 14596/4/5 14595/4/5
f 14605/4/5 14598/4/5 14597/4/5
f 14605/3/5 14599/3/5 14598/3/5
f 14605/4/5 14597/4/5 14596/4/5
f 14606/4/5 14601/4/5 14600/4/5
f 14606/3/5 14599/3/5 14605/3/5
f 14606/4/5 14600/4/5 14599/4/5
f 14606/4/5 14602/4/5 14601/4/5
f 14607/4/5 14603/4/5 14587/4/5
f 14607/4/5 14604/4/5 14603/4/5
f 14608/4/5 14604/4/5 14607/4/5
f 14609/4/5 14602/4/5 14606/4/5
f 14609/4/5 14606/4/5 14605/4/5
f 14610/4/5 14602/4/5 14609/4/5
f 14611/4/5 14604/4/5 14608/4/5
f 14612/4/5 14604/4/5 14611/4/5
f 14613/4/5 14609/4/5 14605/4/5
f 14614/4/5 14609/4/5 14613/4/5
f 14615/4/5 14604/4/5 14612/4/5
f 14616/4/5 14604/4/5 14615/4/5
f 14617/4/5 14613/4/5 14605/4/5
f 14618/4/5 14613/4/5 14617/4/5
f 14619/4/5 14604/4/5 14616/4/5
f 14620/4/5 14604/4/5 14619/4/5
f 14621/4/5 14617/4/5 14605/4/5
f 14622/4/5 14617/4/5 14621/4/5
f 14623/4/5 14604/4/5 14620/4/5
f 14624/4/5 14604/4/5 14623/4/5
f 14625/4/5 14621/4/5 14605/4/5
f 14626/4/5 14621/4/5 14625/4/5
f 14627/4/5 14604/4/5 14624/4/5
f 14628/4/5 14604/4/5 14627/4/5
f 14629/4/5 14625/4/5 14605/4/5
f 14630/4/5 14625/4/5 14629/4/5
f 14631/4/5 14604/4/5 14628/4/5
f 14632/4/5 14604/4/5 14631/4/5
f 14633/4/5 14629/4/5 14605/4/5
f 14634/4/5 14629/4/5 14633/4/5
f 14635/4/5 14604/4/5 14632/4/5
f 14636/4/5 14604/4/5 14635/4/5
f 14637/4/5 14633/4/5 14605/4/5
f 14638/4/5 14633/4/5 14637/4/5
f 14639/4/5 14604/4/5 14636/4/5
f 14640/4/5 14604/4/5 14639/4/5
f 14641/4/5 14637/4/5 14605/4/5
f 14642/4/5 14637/4/5 14641/4/5
f 14643/4/5 14604/4/5 14640/4/5
f 14644/4/5 14604/4/5 14643/4/5
f 14645/4/5 14641/4/5 14605/4/5
f 14646/4/5 14641/4/5 14645/4/5
f 14647/4/5 14604/4/5 14644/4/5
f 14648/4/5 14604/4/5 14647/4/5
f 14649/4/5 14645/4/5 14605/4/5
f 14650/4/5 14645/4/5 14649/4/5
f 14651/4/5 14604/4/5 14648/4/5
f 14652/4/5 14604/4/5 14651/4/5
f 14653/4/5 14649/4/5 14605/4/5
f 14654/4/5 14649/4/5 14653/4/5
f 14655/4/5 14604/4/5 14652/4/5
f 14656/4/5 14604/4/5 14655/4/5
f 14657/4/5 14653/4/5 14605/4/5
f 14658/4/5 14653/4/5 14657/4/5
f 14659/4/5 14604/4/5 14656/4/5
f 14660/4/5 14604/4/5 14659/4/5
f 14661/4/5 14657/4/5 14605/4/5
f 14662/4/5 14657/4/5 14661/4/5
f 14663/4/5 14604/4/5 14660/4/5
f 14664/4/5 14604/4/5 14663/4/5
f 14665/4/5 14661/4/5 14605/4/5
f 14666/4/5 14661/4/5 14665/4/5
f 14667/4/5 14604/4/5 14664/4/5
f 14668/4/5 14604/4/5 14667/4/5
f 14669/4/5 14665/4/5 14605/4/5
f 14670/4/5 14665/4/5 14669/4/5
f 14671/4/5 14604/4/5 14668/4/5
f 14672/4/5 14604/4/5 14671/4/5
f 14673/4/5 14605/4/5 14595/4/5
f 14673/4/5 14669/4/5 14605/4/5
f 14674/4/5 14669/4/5 14673/4/5
f 14675/4/5 14604/4/5 14672/4/5
f 14676/4/5 14604/4/5 14675/4/5
f 14677/4/5 14673/4/5 14595/4/5
f 14678/4/5 14673/4/5 14677/4/5
f 14679/4/5 14604/4/5 14676/4/5
f 14680/4/5 14594/4/5 14604/4/5
f 14680/4/5 14604/4/5 14679/4/5
f 14681/4/5 14594/4/5 14680/4/5
f 14682/4/5 14677/4/5 14595/4/5
f 14683/4/5 14677/4/5 14682/4/5
f 14684/4/5 14677/4/5 14683/4/5
f 14685/4/5 14681/4/5 14680/4/5
f 14685/4/5 14683/4/5 14682/4/5
f 14685/4/5 14682/4/5 14681/4/5
f 14686/4/5 14683/4/5 14685/4/5
f 14687/4/5 14683/4/5 14686/4/5
f 14688/4/5 14683/4/5 14687/4/5
f 14689/4/5 14687/4/5 14686/4/5
f 14690/4/5 14687/4/5 14689/4/5
f 14691/4/5 14687/4/5 14690/4/5
f 14692/4/5 14687/4/5 14691/4/5
f 14693/4/5 14691/4/5 14690/4/5
f 14694/4/5 14691/4/5 14693/4/5
f 14695/4/5 14691/4/5 14694/4/5
f 14696/4/5 14691/4/5 14695/4/5
f 14697/4/5 14695/4/5 14694/4/5
f 14698/4/5 14695/4/5 14697/4/5
f 14699/4/5 14695/4/5 14698/4/5
f 14700/4/5 14695/4/5 14699/4/5
f 14701/4/5 14699/4/5 14698/4/5
f 14702/4/5 14699/4/5 14701/4/5
f 14703/4/5 14699/4/5 14702/4/5
f 14704/4/5 14699/4/5 14703/4/5
f 14705/4/5 14699/4/5 14704/4/5
f 14706/4/5 14699/4/5 14705/4/5
f 14707/4/5 14703/4/5 14702/4/5
f 14708/4/5 14703/4/5 14707/4/5
f 14709/4/5 14703/4/5 14708/4/5
f 14710/4/5 14705/4/5 14704/4/5
f 14711/4/5 14705/4/5 14710/4/5
f 14712/4/5 14705/4/5 14711/4/5
f 14713/4/5 14709/4/5 14708/4/5
f 14713/4/5 14711/4/5 14710/4/5
f 14713/4/5 14710/4/5 14709/4/5
f 14714/4/5 14711/4/5 14713/4/5
f 14715/4/5 14711/4/5 14714/4/5
f 14716/4/5 14711/4/5 14715/4/5
f 14717/4/5 14715/4/5 14714/4/5
f 14718/4/5 14715/4/5 14717/4/5
f 14719/4/5 14715/4/5 14718/4/5
f 14720/4/5 14715/4/5 14719/4/5
f 14721/4/5 14719/4/5 14718/4/5
f 14722/4/5 14719/4/5 14721/4/5
f 14723/4/5 14719/4/5 14722/4/5
f 14724/4/5 14719/4/5 14723/4/5
f 14725/4/5 14723/4/5 14722/4/5
f 14726/4/5 14723/4/5 14725/4/5
f 14727/4/5 14723/4/5 14726/4/5
f 14728/4/5 14723/4/5 14727/4/5
f 14729/4/5 14723/4/5 14728/4/5
f 14730/4/5 14723/4/5 14729/4/5
f 14731/4/5 14727/4/5 14726/4/5
f 14732/4/5 14727/4/5 14731/4/5
f 14733/4/5 14729/4/5 14728/4/5
f 14734/4/5 14729/4/5 14733/4/5
f 14735/4/5 14727/4/5 14732/4/5
f 14736/4/5 14727/4/5 14735/4/5
f 14737/4/5 14733/4/5 14728/4/5
f 14738/4/5 14733/4/5 14737/4/5
f 14739/4/5 14727/4/5 14736/4/5
f 14740/4/5 14727/4/5 14739/4/5
f 14741/4/5 14737/4/5 14728/4/5
f 14742/4/5 14737/4/5 14741/4/5
f 14743/4/5 14727/4/5 14740/4/5
f 14744/4/5 14727/4/5 14743/4/5
f 14745/4/5 14741/4/5 14728/4/5
f 14746/4/5 14741/4/5 14745/4/5
f 14747/4/5 14727/4/5 14744/4/5
f 14748/4/5 14727/4/5 14747/4/5
f 14749/4/5 14745/4/5 14728/4/5
f 14750/4/5 14745/4/5 14749/4/5
f 14751/4/5 14727/4/5 14748/4/5
f 14752/4/5 14727/4/5 14751/4/5
f 14753/4/5 14749/4/5 14728/4/5
f 14754/4/5 14749/4/5 14753/4/5
f 14755/4/5 14727/4/5 14752/4/5
f 14756/4/5 14727/4/5 14755/4/5
f 14757/4/5 14753/4/5 14728/4/5
f 14758/4/5 14753/4/5 14757/4/5
f 14759/4/5 14727/4/5 14756/4/5
f 14760/4/5 14727/4/5 14759/4/5
f 14761/4/5 14757/4/5 14728/4/5
f 14762/4/5 14757/4/5 14761/4/5
f 14763/4/5 14727/4/5 14760/4/5
f 14764/4/5 14727/4/5 14763/4/5
f 14765/4/5 14761/4/5 14728/4/5
f 14766/4/5 14761/4/5 14765/4/5
f 14767/4/5 14727/4/5 14764/4/5
f 14768/4/5 14727/4/5 14767/4/5
f 14769/4/5 14727/4/5 14768/4/5
f 14770/3/5 14728/3/5 14727/3/5
f 14770/4/5 14727/4/5 14769/4/5
f 14771/4/5 14765/4/5 14728/4/5
f 14772/4/5 14765/4/5 14771/4/5
f 14773/4/5 14769/4/5 14768/4/5
f 14774/4/5 14769/4/5 14773/4/5
f 14775/4/5 14771/4/5 14728/4/5
f 14776/4/5 14771/4/5 14775/4/5
f 14777/4/5 14769/4/5 14774/4/5
f 14778/4/5 14769/4/5 14777/4/5
f 14779/4/5 14775/4/5 14728/4/5
f 14780/4/5 14775/4/5 14779/4/5
f 14781/4/5 14769/4/5 14778/4/5
f 14782/4/5 14769/4/5 14781/4/5
f 14783/4/5 14779/4/5 14728/4/5
f 14784/4/5 14779/4/5 14783/4/5
f 14785/4/5 14769/4/5 14782/4/5
f 14786/4/5 14769/4/5 14785/4/5
f 14787/4/5 14783/4/5 14728/4/5
f 14788/4/5 14783/4/5 14787/4/5
f 14789/4/5 14769/4/5 14786/4/5
f 14790/4/5 14769/4/5 14789/4/5
f 14791/3/5 14770/3/5 14769/3/5
f 14791/4/5 14769/4/5 14790/4/5
f 14792/3/5 14728/3/5 14770/3/5
f 14792/3/5 14770/3/5 14791/3/5
f 14793/4/5 14787/4/5 14728/4/5
f 14794/4/5 14787/4/5 14793/4/5
f 14795/4/5 14791/4/5 14790/4/5
f 14795/4/5 14792/4/5 14791/4/5
f 14796/4/5 14792/4/5 14795/4/5
f 14797/4/5 14793/4/5 14728/4/5
f 14798/4/5 14793/4/5 14797/4/5
f 14799/4/5 14792/4/5 14796/4/5
f 14800/4/5 14792/4/5 14799/4/5
f 14801/4/5 14797/4/5 14728/4/5
f 14802/4/5 14797/4/5 14801/4/5
f 14803/4/5 14792/4/5 14800/4/5
f 14804/4/5 14792/4/5 14803/4/5
f 14805/3/5 14728/3/5 14792/3/5
f 14805/4/5 14801/4/5 14728/4/5
f 14806/4/5 14801/4/5 14805/4/5
f 14807/4/5 14801/4/5 14806/4/5
f 14808/4/5 14801/4/5 14807/4/5
f 14809/4/5 14792/4/5 14804/4/5
f 14810/4/5 14792/4/5 14809/4/5
f 14811/4/5 14807/4/5 14806/4/5
f 14812/4/5 14807/4/5 14811/4/5
f 14813/4/5 14792/4/5 14810/4/5
f 14814/4/5 14792/4/5 14813/4/5
f 14815/4/5 14811/4/5 14806/4/5
f 14816/4/5 14811/4/5 14815/4/5
f 14817/4/5 14792/4/5 14814/4/5
f 14818/4/5 14792/4/5 14817/4/5
f 14819/4/5 14815/4/5 14806/4/5
f 14820/4/5 14815/4/5 14819/4/5
f 14821/4/5 14792/4/5 14818/4/5
f 14822/4/5 14792/4/5 14821/4/5
f 14823/4/5 14819/4/5 14806/4/5
f 14824/4/5 14819/4/5 14823/4/5
f 14825/4/5 14792/4/5 14822/4/5
f 14826/4/5 14792/4/5 14825/4/5
f 14827/3/5 14805/3/5 14792/3/5
f 14827/3/5 14806/3/5 14805/3/5
f 14828/4/5 14823/4/5 14806/4/5
f 14828/3/5 14806/3/5 14827/3/5
f 14829/4/5 14823/4/5 14828/4/5
f 14830/4/5 14823/4/5 14829/4/5
f 14831/4/5 14792/4/5 14826/4/5
f 14832/4/5 14792/4/5 14831/4/5
f 14833/4/5 14829/4/5 14828/4/5
f 14833/4/5 14828/4/5 14827/4/5
f 14834/4/5 14829/4/5 14833/4/5
f 14835/4/5 14792/4/5 14832/4/5
f 14836/4/5 14792/4/5 14835/4/5
f 14837/4/5 14833/4/5 14827/4/5
f 14838/4/5 14833/4/5 14837/4/5
f 14839/4/5 14792/4/5 14836/4/5
f 14840/4/5 14792/4/5 14839/4/5
f 14841/4/5 14837/4/5 14827/4/5
f 14842/4/5 14837/4/5 14841/4/5
f 14843/4/5 14792/4/5 14840/4/5
f 14844/4/5 14792/4/5 14843/4/5
f 14845/4/5 14841/4/5 14827/4/5
f 14846/4/5 14841/4/5 14845/4/5
f 14847/4/5 14792/4/5 14844/4/5
f 14848/4/5 14792/4/5 14847/4/5
f 14849/4/5 14845/4/5 14827/4/5
f 14850/4/5 14845/4/5 14849/4/5
f 14851/4/5 14792/4/5 14848/4/5
f 14852/4/5 14792/4/5 14851/4/5
f 14853/4/5 14849/4/5 14827/4/5
f 14854/4/5 14849/4/5 14853/4/5
f 14855/4/5 14792/4/5 14852/4/5
f 14856/3/5 14827/3/5 14792/3/5
f 14856/4/5 14792/4/5 14855/4/5
f 14857/4/5 14853/4/5 14827/4/5
f 14857/3/5 14827/3/5 14856/3/5
f 14858/4/5 14853/4/5 14857/4/5
f 14859/6/6 14860/6/6 14861/6/6
f 14861/6/6 14860/6/6 14862/6/6
f 14863/6/6 14864/6/6 14865/6/6
f 14865/6/6 14864/6/6 14866/6/6
f 14867/6/6 14868/6/6 14869/6/6
f 14869/6/6 14868/6/6 14870/6/6
f 14870/6/6 14868/6/6 14871/6/6
f 14871/6/6 14868/6/6 14872/6/6
f 14873/6/6 14874/6/6 14875/6/6
f 14875/6/6 14874/6/6 14876/6/6
f 14877/4/6 14878/4/6 14882/4/6
f 14878/3/6 14879/3/6 14883/3/6
f 14882/4/6 14878/4/6 14883/4/6
f 14879/4/6 14880/4/6 14884/4/6
f 14883/3/6 14879/3/6 14884/3/6
f 14884/4/6 14880/4/6 14885/4/6
f 14881/4/6 14882/4/6 14888/4/6
f 14882/6/6 14883/6/6 14889/6/6
f 14883/6/6 14884/6/6 14889/6/6
f 14888/4/6 14882/4/6 14889/4/6
f 14884/6/6 14885/6/6 14889/6/6
f 14885/4/6 14886/4/6 14890/4/6
f 14889/6/6 14885/6/6 14890/6/6
f 14890/4/6 14886/4/6 14891/4/6
f 14887/4/6 14888/4/6 14894/4/6
f 14888/6/6 14889/6/6 14895/6/6
f 14889/6/6 14890/6/6 14895/6/6
f 14894/4/6 14888/4/6 14895/4/6
f 14890/6/6 14891/6/6 14895/6/6
f 14891/4/6 14892/4/6 14896/4/6
f 14895/6/6 14891/6/6 14896/6/6
f 14896/4/6 14892/4/6 14897/4/6
f 14893/4/6 14894/4/6 14900/4/6
f 14894/6/6 14895/6/6 14901/6/6
f 14895/6/6 14896/6/6 14901/6/6
f 14900/4/6 14894/4/6 14901/4/6
f 14896/6/6 14897/6/6 14901/6/6
f 14897/4/6 14898/4/6 14902/4/6
f 14901/6/6 14897/6/6 14902/6/6
f 14902/4/6 14898/4/6 14903/4/6
f 14899/6/6 14900/6/6 14906/6/6
f 14903/6/6 14904/6/6 14906/6/6
f 14902/6/6 14903/6/6 14906/6/6
f 14901/6/6 14902/6/6 14906/6/6
f 14900/6/6 14901/6/6 14906/6/6
f 14906/6/6 14904/6/6 14907/6/6
f 14905/6/6 14906/6/6 14910/6/6
f 14907/6/6 14908/6/6 14910/6/6
f 14906/6/6 14907/6/6 14910/6/6
f 14910/6/6 14908/6/6 14911/6/6
f 14909/6/6 14910/6/6 14915/6/6
f 14910/6/6 14911/6/6 14915/6/6
f 14911/6/6 14912/6/6 14915/6/6
f 14915/6/6 14912/6/6 14916/6/6
f 14916/6/6 14912/6/6 14917/6/6
f 14912/4/6 14913/4/6 14918/4/6
f 14917/6/6 14912/6/6 14918/6/6
f 14918/4/6 14913/4/6 14919/4/6
f 14914/6/6 14915/6/6 14922/6/6
f 14915/6/6 14916/6/6 14922/6/6
f 14919/6/6 14920/6/6 14923/6/6
f 14918/6/6 14919/6/6 14923/6/6
f 14917/6/6 14918/6/6 14923/6/6
f 14921/6/6 14922/6/6 14926/6/6
f 14922/6/6 14916/6/6 14927/6/6
f 14926/6/6 14922/6/6 14927/6/6
f 14923/6/6 14924/6/6 14928/6/6
f 14925/4/6 14926/4/6 14931/4/6
f 14926/4/6 14927/4/6 14931/4/6
f 14927/6/6 14916/6/6 14932/6/6
f 14931/4/6 14927/4/6 14932/4/6
f 14928/4/6 14929/4/6 14933/4/6
f 14923/6/6 14928/6/6 14933/6/6
f 14933/4/6 14929/4/6 14934/4/6
f 14934/4/6 14929/4/6 14935/4/6
f 14930/6/6 14931/6/6 14938/6/6
f 14931/6/6 14932/6/6 14938/6/6
f 14935/4/6 14936/4/6 14939/4/6
f 14934/4/6 14935/4/6 14939/4/6
f 14933/6/6 14934/6/6 14939/6/6
f 14939/4/6 14936/4/6 14940/4/6
f 14940/4/6 14936/4/6 14941/4/6
f 14937/6/6 14938/6/6 14944/6/6
f 14941/6/6 14942/6/6 14945/6/6
f 14943/6/6 14944/6/6 14948/6/6
f 14945/6/6 14946/6/6 14949/6/6
f 14947/6/6 14948/6/6 14953/6/6
f 14949/6/6 14950/6/6 14954/6/6
f 14951/4/6 14952/4/6 14957/4/6
f 14952/6/6 14953/6/6 14958/6/6
f 14957/4/6 14952/4/6 14958/4/6
f 14954/6/6 14955/6/6 14959/6/6
f 14945/6/6 14949/6/6 14959/6/6
f 14949/6/6 14954/6/6 14959/6/6
f 14959/6/6 14955/6/6 14960/6/6
f 14957/6/6 14958/6/6 14963/6/6
f 14956/6/6 14957/6/6 14963/6/6
f 14960/4/6 14961/4/6 14964/4/6
f 14959/4/6 14960/4/6 14964/4/6
f 14945/6/6 14959/6/6 14964/6/6
f 14964/4/6 14961/4/6 14965/4/6
f 14962/6/6 14963/6/6 14968/6/6
f 14965/6/6 14966/6/6 14969/6/6
f 14964/6/6 14965/6/6 14969/6/6
f 14967/6/6 14968/6/6 14972/6/6
f 14969/6/6 14970/6/6 14973/6/6
f 14971/6/6 14972/6/6 14976/6/6
f 14973/6/6 14974/6/6 14977/6/6
f 14975/6/6 14976/6/6 14980/6/6
f 14968/6/6 14963/6/6 14981/6/6
f 14972/6/6 14968/6/6 14981/6/6
f 14980/6/6 14976/6/6 14981/6/6
f 14976/6/6 14972/6/6 14981/6/6
f 14977/4/6 14978/4/6 14982/4/6
f 14973/6/6 14977/6/6 14982/6/6
f 14982/4/6 14978/4/6 14983/4/6
f 14979/4/6 14980/4/6 14986/4/6
f 14980/4/6 14981/4/6 14986/4/6
f 14981/6/6 14963/6/6 14987/6/6
f 14986/4/6 14981/4/6 14987/4/6
f 14983/6/6 14984/6/6 14988/6/6
f 14982/6/6 14983/6/6 14988/6/6
f 14985/6/6 14986/6/6 14991/6/6
f 14986/6/6 14987/6/6 14991/6/6
f 14988/6/6 14989/6/6 14992/6/6
f 14990/6/6 14991/6/6 14995/6/6
f 14939/6/6 14940/6/6 14996/6/6
f 14940/4/6 14941/4/6 14996/4/6
f 14941/6/6 14945/6/6 14997/6/6
f 14996/4/6 14941/4/6 14997/4/6
f 14992/6/6 14993/6/6 14997/6/6
f 14945/6/6 14964/6/6 14997/6/6
f 14988/6/6 14992/6/6 14997/6/6
f 14964/6/6 14969/6/6 14997/6/6
f 14969/6/6 14973/6/6 14997/6/6
f 14982/6/6 14988/6/6 14997/6/6
f 14973/6/6 14982/6/6 14997/6/6
f 14997/6/6 14993/6/6 14998/6/6
f 14994/6/6 14995/6/6 15001/6/6
f 14998/6/6 14999/6/6 15002/6/6
f 14996/6/6 14997/6/6 15002/6/6
f 14997/6/6 14998/6/6 15002/6/6
f 15000/6/6 15001/6/6 15005/6/6
f 15002/4/6 15003/4/6 15006/4/6
f 14996/6/6 15002/6/6 15006/6/6
f 15006/4/6 15003/4/6 15007/4/6
f 15004/6/6 15005/6/6 15010/6/6
f 15007/6/6 15008/6/6 15011/6/6
f 15006/6/6 15007/6/6 15011/6/6
f 15009/6/6 15010/6/6 15014/6/6
f 15010/6/6 15005/6/6 15015/6/6
f 15014/6/6 15010/6/6 15015/6/6
f 15011/4/6 15012/4/6 15016/4/6
f 15006/6/6 15011/6/6 15016/6/6
f 15016/4/6 15012/4/6 15017/4/6
f 15013/4/6 15014/4/6 15020/4/6
f 15014/4/6 15015/4/6 15020/4/6
f 15015/6/6 15005/6/6 15021/6/6
f 15020/4/6 15015/4/6 15021/4/6
f 14996/6/6 15006/6/6 15022/6/6
f 15017/6/6 15018/6/6 15022/6/6
f 15016/6/6 15017/6/6 15022/6/6
f 15006/6/6 15016/6/6 15022/6/6
f 15022/6/6 15018/6/6 15023/6/6
f 15019/6/6 15020/6/6 15026/6/6
f 15020/6/6 15021/6/6 15026/6/6
f 15023/4/6 15024/4/6 15027/4/6
f 15022/4/6 15023/4/6 15027/4/6
f 14996/6/6 15022/6/6 15027/6/6
f 15027/4/6 15024/4/6 15028/4/6
f 15025/4/6 15026/4/6 15031/4/6
f 15026/6/6 15021/6/6 15032/6/6
f 15031/4/6 15026/4/6 15032/4/6
f 15028/4/6 15029/4/6 15033/4/6
f 15027/6/6 15028/6/6 15033/6/6
f 15033/4/6 15029/4/6 15034/4/6
f 15030/6/6 15031/6/6 15037/6/6
f 15031/6/6 15032/6/6 15037/6/6
f 15034/6/6 15035/6/6 15038/6/6
f 15033/6/6 15034/6/6 15038/6/6
f 15036/6/6 15037/6/6 15041/6/6
f 15038/6/6 15039/6/6 15042/6/6
f 15027/6/6 15033/6/6 15042/6/6
f 15033/6/6 15038/6/6 15042/6/6
f 15042/6/6 15039/6/6 15043/6/6
f 15040/6/6 15041/6/6 15046/6/6
f 15043/4/6 15044/4/6 15047/4/6
f 15027/6/6 15042/6/6 15047/6/6
f 15042/4/6 15043/4/6 15047/4/6
f 15047/4/6 15044/4/6 15048/4/6
f 15047/6/6 15048/6/6 15050/6/6
f 15048/4/6 15049/4/6 15050/4/6
f 15050/4/6 15049/4/6 15051/4/6
f 15045/6/6 15046/6/6 15053/6/6
f 15050/6/6 15051/6/6 15054/6/6
f 15052/6/6 15053/6/6 15057/6/6
f 15054/6/6 15055/6/6 15058/6/6
f 15054/6/6 15058/6/6 15060/6/6
f 15058/4/6 15059/4/6 15060/4/6
f 15060/4/6 15059/4/6 15061/4/6
f 15056/6/6 15057/6/6 15063/6/6
f 15060/6/6 15061/6/6 15064/6/6
f 15062/4/6 15063/4/6 15067/4/6
f 15063/6/6 15057/6/6 15068/6/6
f 15067/4/6 15063/4/6 15068/4/6
f 15064/6/6 15065/6/6 15069/6/6
f 15066/6/6 15067/6/6 15072/6/6
f 15067/6/6 15068/6/6 15072/6/6
f 15050/6/6 15054/6/6 15073/6/6
f 15047/6/6 15050/6/6 15073/6/6
f 15060/6/6 15064/6/6 15073/6/6
f 15054/6/6 15060/6/6 15073/6/6
f 15064/6/6 15069/6/6 15073/6/6
f 15069/6/6 15070/6/6 15073/6/6
f 15073/6/6 15070/6/6 15074/6/6
f 15071/4/6 15072/4/6 15077/4/6
f 15072/6/6 15068/6/6 15078/6/6
f 15077/4/6 15072/4/6 15078/4/6
f 15027/6/6 15047/6/6 15079/6/6
f 15047/6/6 15073/6/6 15079/6/6
f 15074/4/6 15075/4/6 15080/4/6
f 15079/6/6 15073/6/6 15080/6/6
f 15073/4/6 15074/4/6 15080/4/6
f 15080/4/6 15075/4/6 15081/4/6
f 15076/6/6 15077/6/6 15084/6/6
f 15077/6/6 15078/6/6 15084/6/6
f 15027/6/6 15079/6/6 15085/6/6
f 15081/4/6 15082/4/6 15085/4/6
f 15080/4/6 15081/4/6 15085/4/6
f 15079/4/6 15080/4/6 15085/4/6
f 15085/4/6 15082/4/6 15086/4/6
f 15083/4/6 15084/4/6 15089/4/6
f 15084/6/6 15078/6/6 15090/6/6
f 15089/4/6 15084/4/6 15090/4/6
f 15078/6/6 15068/6/6 15091/6/6
f 15090/6/6 15078/6/6 15091/6/6
f 15086/4/6 15087/4/6 15092/4/6
f 15085/6/6 15086/6/6 15092/6/6
f 15092/4/6 15087/4/6 15093/4/6
f 15089/4/6 15090/4/6 15095/4/6
f 15088/4/6 15089/4/6 15095/4/6
f 15090/4/6 15091/4/6 15095/4/6
f 15095/4/6 15091/4/6 15096/4/6
f 15091/6/6 15068/6/6 15097/6/6
f 15096/4/6 15091/4/6 15097/4/6
f 15068/6/6 15057/6/6 15098/6/6
f 15097/6/6 15068/6/6 15098/6/6
f 15057/6/6 15053/6/6 15099/6/6
f 15098/6/6 15057/6/6 15099/6/6
f 15032/6/6 15021/6/6 15100/6/6
f 15099/6/6 15053/6/6 15100/6/6
f 15001/6/6 14995/6/6 15100/6/6
f 15005/6/6 15001/6/6 15100/6/6
f 15021/6/6 15005/6/6 15100/6/6
f 15037/6/6 15032/6/6 15100/6/6
f 15041/6/6 15037/6/6 15100/6/6
f 15046/6/6 15041/6/6 15100/6/6
f 15053/6/6 15046/6/6 15100/6/6
f 14958/6/6 14953/6/6 15101/6/6
f 15100/6/6 14995/6/6 15101/6/6
f 14932/6/6 14916/6/6 15101/6/6
f 14938/6/6 14932/6/6 15101/6/6
f 14995/6/6 14991/6/6 15101/6/6
f 14944/6/6 14938/6/6 15101/6/6
f 14948/6/6 14944/6/6 15101/6/6
f 14963/6/6 14958/6/6 15101/6/6
f 14953/6/6 14948/6/6 15101/6/6
f 14991/6/6 14987/6/6 15101/6/6
f 14987/6/6 14963/6/6 15101/6/6
f 14917/6/6 14923/6/6 15102/6/6
f 14923/6/6 14933/6/6 15102/6/6
f 14933/6/6 14939/6/6 15102/6/6
f 14939/6/6 14996/6/6 15102/6/6
f 15092/6/6 15093/6/6 15102/6/6
f 15085/6/6 15092/6/6 15102/6/6
f 14996/6/6 15027/6/6 15102/6/6
f 15027/6/6 15085/6/6 15102/6/6
f 15102/6/6 15093/6/6 15103/6/6
f 15093/4/6 15094/4/6 15104/4/6
f 15103/6/6 15093/6/6 15104/6/6
f 15104/4/6 15094/4/6 15105/4/6
f 15095/3/6 15096/3/6 15106/3/6
f 15096/6/6 15097/6/6 15107/6/6
f 15106/3/6 15096/3/6 15107/3/6
f 15097/6/6 15098/6/6 15107/6/6
f 15107/6/6 15098/6/6 15108/6/6
f 15108/6/6 15098/6/6 15109/6/6
f 15099/6/6 15100/6/6 15110/6/6
f 15110/6/6 15100/6/6 15111/6/6
f 15103/6/6 15104/6/6 15114/6/6
f 15104/3/6 15105/3/6 15115/3/6
f 15114/6/6 15104/6/6 15115/6/6
f 15115/3/6 15105/3/6 15116/3/6
f 15106/4/6 15107/4/6 15117/4/6
f 15107/4/6 15108/4/6 15117/4/6
f 15117/4/6 15108/4/6 15118/4/6
f 15108/6/6 15109/6/6 15119/6/6
f 15118/4/6 15108/4/6 15119/4/6
f 15111/6/6 15112/6/6 15119/6/6
f 15109/6/6 15110/6/6 15119/6/6
f 15110/6/6 15111/6/6 15119/6/6
f 15119/6/6 15112/6/6 15120/6/6
f 15113/6/6 15114/6/6 15121/6/6
f 15114/6/6 15115/6/6 15121/6/6
f 15115/4/6 15116/4/6 15122/4/6
f 15121/6/6 15115/6/6 15122/6/6
f 15122/4/6 15116/4/6 15123/4/6
f 15119/4/6 15120/4/6 15124/4/6
f 15118/4/6 15119/4/6 15124/4/6
f 15124/4/6 15120/4/6 15125/4/6
f 15125/4/6 15120/4/6 15126/4/6
f 15120/6/6 15112/6/6 15127/6/6
f 15126/4/6 15120/4/6 15127/4/6
f 15113/6/6 15121/6/6 15128/6/6
f 15121/4/6 15122/4/6 15129/4/6
f 15128/6/6 15121/6/6 15129/6/6
f 15129/4/6 15122/4/6 15130/4/6
f 15125/4/6 15126/4/6 15131/4/6
f 15126/6/6 15127/6/6 15132/6/6
f 15131/4/6 15126/4/6 15132/4/6
f 15132/6/6 15127/6/6 15133/6/6
f 15113/6/6 15128/6/6 15134/6/6
f 15128/4/6 15129/4/6 15134/4/6
f 15134/4/6 15129/4/6 15135/4/6
f 15132/4/6 15133/4/6 15136/4/6
f 15133/6/6 15127/6/6 15137/6/6
f 15136/4/6 15133/4/6 15137/4/6
f 15113/6/6 15134/6/6 15138/6/6
f 15138/6/6 15134/6/6 15139/6/6
f 15113/6/6 15138/6/6 15140/6/6
f 15140/6/6 15138/6/6 15141/6/6
f 15137/6/6 15127/6/6 15142/6/6
f 15142/6/6 15127/6/6 15143/6/6
f 15143/6/6 15127/6/6 15144/6/6
f 15141/6/6 15138/6/6 15145/6/6
f 15145/6/6 15138/6/6 15146/6/6
f 15146/6/6 15138/6/6 15147/6/6
f 15143/4/6 15144/4/6 15148/4/6
f 15144/6/6 15127/6/6 15149/6/6
f 15148/4/6 15144/4/6 15149/4/6
f 15149/6/6 15127/6/6 15150/6/6
f 15145/4/6 15146/4/6 15151/4/6
f 15141/6/6 15145/6/6 15151/6/6
f 15151/4/6 15146/4/6 15152/4/6
f 15152/4/6 15146/4/6 15153/4/6
f 15153/4/6 15146/4/6 15154/4/6
f 15149/4/6 15150/4/6 15155/4/6
f 15155/4/6 15150/4/6 15156/4/6
f 15150/6/6 15127/6/6 15157/6/6
f 15156/4/6 15150/4/6 15157/4/6
f 15151/6/6 15152/6/6 15158/6/6
f 15152/4/6 15153/4/6 15159/4/6
f 15158/6/6 15152/6/6 15159/6/6
f 15159/4/6 15153/4/6 15160/4/6
f 15156/6/6 15157/6/6 15161/6/6
f 15157/6/6 15127/6/6 15162/6/6
f 15161/6/6 15157/6/6 15162/6/6
f 15151/6/6 15158/6/6 15163/6/6
f 15158/4/6 15159/4/6 15163/4/6
f 15163/4/6 15159/4/6 15164/4/6
f 15162/6/6 15127/6/6 15165/6/6
f 15165/6/6 15127/6/6 15166/6/6
f 15166/6/6 15127/6/6 15167/6/6
f 15151/6/6 15163/6/6 15168/6/6
f 15168/6/6 15163/6/6 15169/6/6
f 15169/6/6 15163/6/6 15170/6/6
f 15170/6/6 15163/6/6 15171/6/6
f 15166/4/6 15167/4/6 15172/4/6
f 15167/6/6 15127/6/6 15173/6/6
f 15172/4/6 15167/4/6 15173/4/6
f 15127/6/6 15112/6/6 15174/6/6
f 15173/6/6 15127/6/6 15174/6/6
f 15141/6/6 15151/6/6 15175/6/6
f 15151/6/6 15168/6/6 15175/6/6
f 15168/4/6 15169/4/6 15176/4/6
f 15175/6/6 15168/6/6 15176/6/6
f 15169/6/6 15170/6/6 15177/6/6
f 15176/4/6 15169/4/6 15177/4/6
f 15177/6/6 15170/6/6 15178/6/6
f 15178/6/6 15170/6/6 15179/6/6
f 15173/4/6 15174/4/6 15180/4/6
f 15180/4/6 15174/4/6 15181/4/6
f 15174/6/6 15112/6/6 15182/6/6
f 15181/4/6 15174/4/6 15182/4/6
f 15175/4/6 15176/4/6 15183/4/6
f 15177/4/6 15178/4/6 15183/4/6
f 15141/6/6 15175/6/6 15183/6/6
f 15176/4/6 15177/4/6 15183/4/6
f 15183/4/6 15178/4/6 15184/4/6
f 15184/4/6 15178/4/6 15185/4/6
f 15185/4/6 15178/4/6 15186/4/6
f 15181/6/6 15182/6/6 15187/6/6
f 15187/6/6 15182/6/6 15188/6/6
f 15183/6/6 15184/6/6 15189/6/6
f 15189/6/6 15184/6/6 15190/6/6
f 15190/6/6 15184/6/6 15191/6/6
f 15184/4/6 15185/4/6 15192/4/6
f 15191/6/6 15184/6/6 15192/6/6
f 15192/4/6 15185/4/6 15193/4/6
f 15188/6/6 15182/6/6 15194/6/6
f 15194/6/6 15182/6/6 15195/6/6
f 15190/6/6 15191/6/6 15196/6/6
f 15191/4/6 15192/4/6 15196/4/6
f 15196/4/6 15192/4/6 15197/4/6
f 15195/6/6 15182/6/6 15198/6/6
f 15198/6/6 15182/6/6 15199/6/6
f 15199/6/6 15182/6/6 15200/6/6
f 15183/6/6 15189/6/6 15201/6/6
f 15201/6/6 15189/6/6 15202/6/6
f 15190/6/6 15196/6/6 15203/6/6
f 15203/6/6 15196/6/6 15204/6/6
f 15199/4/6 15200/4/6 15205/4/6
f 15205/4/6 15200/4/6 15206/4/6
f 15200/6/6 15182/6/6 15207/6/6
f 15206/4/6 15200/4/6 15207/4/6
f 15190/6/6 15203/6/6 15208/6/6
f 15208/6/6 15203/6/6 15209/6/6
f 15206/6/6 15207/6/6 15210/6/6
f 15210/6/6 15207/6/6 15211/6/6
f 15189/4/6 15190/4/6 15212/4/6
f 15190/6/6 15208/6/6 15212/6/6
f 15212/6/6 15208/6/6 15213/6/6
f 15211/6/6 15207/6/6 15214/6/6
f 15214/6/6 15207/6/6 15215/6/6
f 15215/6/6 15207/6/6 15216/6/6
f 15216/6/6 15207/6/6 15217/6/6
f 15217/6/6 15207/6/6 15218/6/6
f 15141/6/6 15183/6/6 15219/6/6
f 15183/6/6 15201/6/6 15219/6/6
f 15219/6/6 15201/6/6 15220/6/6
f 15202/6/6 15189/6/6 15221/6/6
f 15189/4/6 15212/4/6 15221/4/6
f 15221/4/6 15212/4/6 15222/4/6
f 15215/4/6 15216/4/6 15223/4/6
f 15223/4/6 15216/4/6 15224/4/6
f 15224/4/6 15216/4/6 15225/4/6
f 15216/6/6 15217/6/6 15226/6/6
f 15225/4/6 15216/4/6 15226/4/6
f 15141/6/6 15219/6/6 15227/6/6
f 15227/6/6 15219/6/6 15228/6/6
f 15202/6/6 15221/6/6 15229/6/6
f 15229/6/6 15221/6/6 15230/6/6
f 15230/6/6 15221/6/6 15231/6/6
f 15224/4/6 15225/4/6 15232/4/6
f 15225/6/6 15226/6/6 15233/6/6
f 15232/4/6 15225/4/6 15233/4/6
f 15220/6/6 15201/6/6 15234/6/6
f 15234/6/6 15201/6/6 15235/6/6
f 15229/4/6 15230/4/6 15236/4/6
f 15202/6/6 15229/6/6 15236/6/6
f 15236/4/6 15230/4/6 15237/4/6
f 15237/4/6 15230/4/6 15238/4/6
f 15233/6/6 15226/6/6 15239/6/6
f 15239/6/6 15226/6/6 15240/6/6
f 15239/4/6 15240/4/6 15241/4/6
f 15240/6/6 15226/6/6 15242/6/6
f 15241/4/6 15240/4/6 15242/4/6
f 15201/4/6 15202/4/6 15243/4/6
f 15236/6/6 15237/6/6 15243/6/6
f 15202/6/6 15236/6/6 15243/6/6
f 15243/6/6 15237/6/6 15244/6/6
f 15244/6/6 15237/6/6 15245/6/6
f 15242/6/6 15226/6/6 15246/6/6
f 15246/6/6 15226/6/6 15247/6/6
f 15243/4/6 15244/4/6 15248/4/6
f 15201/4/6 15243/4/6 15248/4/6
f 15248/4/6 15244/4/6 15249/4/6
f 15247/6/6 15226/6/6 15250/6/6
f 15250/6/6 15226/6/6 15251/6/6
f 15217/4/6 15218/4/6 15252/4/6
f 15251/6/6 15226/6/6 15252/6/6
f 15226/6/6 15217/6/6 15252/6/6
f 15218/6/6 15207/6/6 15253/6/6
f 15252/4/6 15218/4/6 15253/4/6
f 15182/6/6 15112/6/6 15254/6/6
f 15253/6/6 15207/6/6 15254/6/6
f 15207/6/6 15182/6/6 15254/6/6
f 15235/6/6 15201/6/6 15255/6/6
f 15201/4/6 15248/4/6 15255/4/6
f 15255/4/6 15248/4/6 15256/4/6
f 15252/4/6 15253/4/6 15257/4/6
f 15251/4/6 15252/4/6 15257/4/6
f 15253/4/6 15254/4/6 15257/4/6
f 15257/4/6 15254/4/6 15258/4/6
f 15258/4/6 15254/4/6 15259/4/6
f 15259/4/6 15254/4/6 15260/4/6
f 15260/4/6 15254/4/6 15261/4/6
f 15254/6/6 15112/6/6 15262/6/6
f 15261/4/6 15254/4/6 15262/4/6
f 15220/6/6 15234/6/6 15263/6/6
f 15234/4/6 15235/4/6 15264/4/6
f 15263/6/6 15234/6/6 15264/6/6
f 15235/6/6 15255/6/6 15265/6/6
f 15264/4/6 15235/4/6 15265/4/6
f 15265/6/6 15255/6/6 15266/6/6
f 15258/4/6 15259/4/6 15267/4/6
f 15259/6/6 15260/6/6 15268/6/6
f 15267/4/6 15259/4/6 15268/4/6
f 15263/4/6 15264/4/6 15269/4/6
f 15220/6/6 15263/6/6 15269/6/6
f 15264/4/6 15265/4/6 15269/4/6
f 15269/4/6 15265/4/6 15270/4/6
f 15270/4/6 15265/4/6 15271/4/6
f 15271/4/6 15265/4/6 15272/4/6
f 15268/6/6 15260/6/6 15273/6/6
f 15273/6/6 15260/6/6 15274/6/6
f 15269/6/6 15270/6/6 15275/6/6
f 15270/4/6 15271/4/6 15276/4/6
f 15275/6/6 15270/6/6 15276/6/6
f 15276/4/6 15271/4/6 15277/4/6
f 15274/6/6 15260/6/6 15278/6/6
f 15278/6/6 15260/6/6 15279/6/6
f 15279/6/6 15260/6/6 15280/6/6
f 15269/6/6 15275/6/6 15281/6/6
f 15275/4/6 15276/4/6 15281/4/6
f 15281/4/6 15276/4/6 15282/4/6
f 15279/4/6 15280/4/6 15283/4/6
f 15280/6/6 15260/6/6 15284/6/6
f 15283/4/6 15280/4/6 15284/4/6
f 15284/6/6 15260/6/6 15285/6/6
f 15269/6/6 15281/6/6 15286/6/6
f 15286/6/6 15281/6/6 15287/6/6
f 15284/4/6 15285/4/6 15288/4/6
f 15285/6/6 15260/6/6 15289/6/6
f 15288/4/6 15285/4/6 15289/4/6
f 15269/6/6 15286/6/6 15290/6/6
f 15290/6/6 15286/6/6 15291/6/6
f 15289/6/6 15260/6/6 15292/6/6
f 15292/6/6 15260/6/6 15293/6/6
f 15262/6/6 15112/6/6 15294/6/6
f 15261/6/6 15262/6/6 15294/6/6
f 15113/6/6 15140/6/6 15295/6/6
f 15269/6/6 15290/6/6 15296/6/6
f 15296/6/6 15290/6/6 15297/6/6
f 15293/6/6 15260/6/6 15298/6/6
f 15298/6/6 15260/6/6 15299/6/6
f 15219/4/6 15220/4/6 15300/4/6
f 15269/6/6 15296/6/6 15300/6/6
f 15220/6/6 15269/6/6 15300/6/6
f 15300/6/6 15296/6/6 15301/6/6
f 15301/6/6 15296/6/6 15302/6/6
f 15299/6/6 15260/6/6 15303/6/6
f 15303/6/6 15260/6/6 15304/6/6
f 15260/4/6 15261/4/6 15305/4/6
f 15304/6/6 15260/6/6 15305/6/6
f 15300/4/6 15301/4/6 15306/4/6
f 15219/4/6 15300/4/6 15306/4/6
f 15306/4/6 15301/4/6 15307/4/6
f 15304/4/6 15305/4/6 15308/4/6
f 15305/4/6 15261/4/6 15309/4/6
f 15308/4/6 15305/4/6 15309/4/6
f 15228/6/6 15219/6/6 15310/6/6
f 15219/4/6 15306/4/6 15311/4/6
f 15310/6/6 15219/6/6 15311/6/6
f 15311/4/6 15306/4/6 15312/4/6
f 15309/4/6 15261/4/6 15313/4/6
f 15261/6/6 15294/6/6 15314/6/6
f 15313/4/6 15261/4/6 15314/4/6
f 15294/6/6 15295/6/6 15314/6/6
f 15314/6/6 15295/6/6 15315/6/6
f 15310/4/6 15311/4/6 15316/4/6
f 15228/6/6 15310/6/6 15316/6/6
f 15316/4/6 15311/4/6 15317/4/6
f 15317/4/6 15311/4/6 15318/4/6
f 15314/4/6 15315/4/6 15319/4/6
f 15319/4/6 15315/4/6 15320/4/6
f 15316/6/6 15317/6/6 15321/6/6
f 15228/6/6 15316/6/6 15321/6/6
f 15321/6/6 15317/6/6 15322/6/6
f 15322/6/6 15317/6/6 15323/6/6
f 15320/4/6 15315/4/6 15324/4/6
f 15315/6/6 15295/6/6 15325/6/6
f 15324/4/6 15315/4/6 15325/4/6
f 15325/6/6 15295/6/6 15326/6/6
f 15326/6/6 15295/6/6 15327/6/6
f 15327/6/6 15295/6/6 15328/6/6
f 15295/6/6 15140/6/6 15329/6/6
f 15328/6/6 15295/6/6 15329/6/6
f 15321/4/6 15322/4/6 15330/4/6
f 15228/6/6 15321/6/6 15330/6/6
f 15330/4/6 15322/4/6 15331/4/6
f 15326/4/6 15327/4/6 15332/4/6
f 15327/6/6 15328/6/6 15333/6/6
f 15332/4/6 15327/4/6 15333/4/6
f 15333/6/6 15328/6/6 15334/6/6
f 15329/6/6 15140/6/6 15335/6/6
f 15227/4/6 15228/4/6 15336/4/6
f 15228/6/6 15330/6/6 15336/6/6
f 15336/6/6 15330/6/6 15337/6/6
f 15334/6/6 15335/6/6 15338/6/6
f 15333/6/6 15334/6/6 15338/6/6
f 15338/6/6 15335/6/6 15339/6/6
f 15339/6/6 15335/6/6 15340/6/6
f 15340/6/6 15335/6/6 15341/6/6
f 15141/6/6 15227/6/6 15342/6/6
f 15227/4/6 15336/4/6 15343/4/6
f 15342/6/6 15227/6/6 15343/6/6
f 15343/4/6 15336/4/6 15344/4/6
f 15339/6/6 15340/6/6 15345/6/6
f 15345/6/6 15340/6/6 15346/6/6
f 15346/6/6 15340/6/6 15347/6/6
f 15141/6/6 15342/6/6 15348/6/6
f 15342/4/6 15343/4/6 15349/4/6
f 15348/6/6 15342/6/6 15349/6/6
f 15349/4/6 15343/4/6 15350/4/6
f 15346/4/6 15347/4/6 15351/4/6
f 15347/6/6 15340/6/6 15352/6/6
f 15351/4/6 15347/4/6 15352/4/6
f 15340/4/6 15341/4/6 15353/4/6
f 15352/6/6 15340/6/6 15353/6/6
f 15140/4/6 15141/4/6 15354/4/6
f 15141/6/6 15348/6/6 15354/6/6
f 15348/4/6 15349/4/6 15355/4/6
f 15354/6/6 15348/6/6 15355/6/6
f 15355/4/6 15349/4/6 15356/4/6
f 15352/4/6 15353/4/6 15357/4/6
f 15353/4/6 15341/4/6 15358/4/6
f 15357/4/6 15353/4/6 15358/4/6
f 15341/6/6 15335/6/6 15359/6/6
f 15358/4/6 15341/4/6 15359/4/6
f 15359/6/6 15335/6/6 15360/6/6
f 15354/4/6 15355/4/6 15361/4/6
f 15140/4/6 15354/4/6 15361/4/6
f 15361/4/6 15355/4/6 15362/4/6
f 15359/4/6 15360/4/6 15363/4/6
f 15358/4/6 15359/4/6 15363/4/6
f 15363/4/6 15360/4/6 15364/4/6
f 15360/6/6 15335/6/6 15365/6/6
f 15364/4/6 15360/4/6 15365/4/6
f 15335/6/6 15140/6/6 15366/6/6
f 15365/6/6 15335/6/6 15366/6/6
f 15140/4/6 15361/4/6 15367/4/6
f 15366/6/6 15140/6/6 15367/6/6
f 15367/4/6 15361/4/6 15368/4/6
f 15364/4/6 15365/4/6 15369/4/6
f 15365/3/6 15366/3/6 15370/3/6
f 15369/4/6 15365/4/6 15370/4/6
f 15366/4/6 15367/4/6 15371/4/6
f 15370/3/6 15366/3/6 15371/3/6
f 15371/4/6 15367/4/6 15372/4/6
f 15373/6/6 15374/6/6 15376/6/6
f 15376/6/6 15374/6/6 15377/6/6
f 15375/6/6 15376/6/6 15380/6/6
f 15377/6/6 15378/6/6 15380/6/6
f 15376/6/6 15377/6/6 15380/6/6
f 15380/6/6 15378/6/6 15381/6/6
f 15379/6/6 15380/6/6 15384/6/6
f 15381/6/6 15382/6/6 15384/6/6
f 15380/6/6 15381/6/6 15384/6/6
f 15384/6/6 15382/6/6 15385/6/6
f 15383/6/6 15384/6/6 15388/6/6
f 15385/6/6 15386/6/6 15388/6/6
f 15384/6/6 15385/6/6 15388/6/6
f 15388/6/6 15386/6/6 15389/6/6
f 15387/6/6 15388/6/6 15392/6/6
f 15389/6/6 15390/6/6 15392/6/6
f 15388/6/6 15389/6/6 15392/6/6
f 15392/6/6 15390/6/6 15393/6/6
f 15391/6/6 15392/6/6 15396/6/6
f 15393/6/6 15394/6/6 15396/6/6
f 15392/6/6 15393/6/6 15396/6/6
f 15396/6/6 15394/6/6 15397/6/6
f 15395/6/6 15396/6/6 15400/6/6
f 15397/6/6 15398/6/6 15400/6/6
f 15396/6/6 15397/6/6 15400/6/6
f 15400/6/6 15398/6/6 15401/6/6
f 15399/6/6 15400/6/6 15404/6/6
f 15401/6/6 15402/6/6 15404/6/6
f 15400/6/6 15401/6/6 15404/6/6
f 15404/6/6 15402/6/6 15405/6/6
f 15403/6/6 15404/6/6 15408/6/6
f 15405/6/6 15406/6/6 15408/6/6
f 15404/6/6 15405/6/6 15408/6/6
f 15408/6/6 15406/6/6 15409/6/6
f 15407/6/6 15408/6/6 15412/6/6
f 15409/6/6 15410/6/6 15412/6/6
f 15408/6/6 15409/6/6 15412/6/6
f 15412/6/6 15410/6/6 15413/6/6
f 15411/6/6 15412/6/6 15416/6/6
f 15413/6/6 15414/6/6 15416/6/6
f 15412/6/6 15413/6/6 15416/6/6
f 15416/6/6 15414/6/6 15417/6/6
f 15415/6/6 15416/6/6 15420/6/6
f 15417/6/6 15418/6/6 15420/6/6
f 15416/6/6 15417/6/6 15420/6/6
f 15420/6/6 15418/6/6 15421/6/6
f 15419/6/6 15420/6/6 15424/6/6
f 15421/6/6 15422/6/6 15424/6/6
f 15420/6/6 15421/6/6 15424/6/6
f 15424/6/6 15422/6/6 15425/6/6
f 15423/6/6 15424/6/6 15428/6/6
f 15425/6/6 15426/6/6 15428/6/6
f 15424/6/6 15425/6/6 15428/6/6
f 15428/6/6 15426/6/6 15429/6/6
f 15427/6/6 15428/6/6 15432/6/6
f 15429/6/6 15430/6/6 15432/6/6
f 15428/6/6 15429/6/6 15432/6/6
f 15432/6/6 15430/6/6 15433/6/6
f 15431/6/6 15432/6/6 15436/6/6
f 15433/6/6 15434/6/6 15436/6/6
f 15432/6/6 15433/6/6 15436/6/6
f 15436/6/6 15434/6/6 15437/6/6
f 15435/6/6 15436/6/6 15440/6/6
f 15437/6/6 15438/6/6 15440/6/6
f 15436/6/6 15437/6/6 15440/6/6
f 15440/6/6 15438/6/6 15441/6/6
f 15439/6/6 15440/6/6 15444/6/6
f 15441/6/6 15442/6/6 15444/6/6
f 15440/6/6 15441/6/6 15444/6/6
f 15444/6/6 15442/6/6 15445/6/6
f 15443/6/6 15444/6/6 15448/6/6
f 15445/6/6 15446/6/6 15448/6/6
f 15444/6/6 15445/6/6 15448/6/6
f 15448/6/6 15446/6/6 15449/6/6
f 15447/6/6 15448/6/6 15452/6/6
f 15449/6/6 15450/6/6 15452/6/6
f 15448/6/6 15449/6/6 15452/6/6
f 15452/6/6 15450/6/6 15453/6/6
f 15451/6/6 15452/6/6 15456/6/6
f 15453/6/6 15454/6/6 15456/6/6
f 15452/6/6 15453/6/6 15456/6/6
f 15456/6/6 15454/6/6 15457/6/6
f 15455/6/6 15456/6/6 15460/6/6
f 15457/6/6 15458/6/6 15460/6/6
f 15456/6/6 15457/6/6 15460/6/6
f 15460/6/6 15458/6/6 15461/6/6
f 15459/6/6 15460/6/6 15464/6/6
f 15461/6/6 15462/6/6 15464/6/6
f 15460/6/6 15461/6/6 15464/6/6
f 15464/6/6 15462/6/6 15465/6/6
f 15463/6/6 15464/6/6 15468/6/6
f 15465/6/6 15466/6/6 15468/6/6
f 15464/6/6 15465/6/6 15468/6/6
f 15468/6/6 15466/6/6 15469/6/6
f 15467/6/6 15468/6/6 15472/6/6
f 15469/6/6 15470/6/6 15472/6/6
f 15468/6/6 15469/6/6 15472/6/6
f 15472/6/6 15470/6/6 15473/6/6
f 15471/6/6 15472/6/6 15476/6/6
f 15473/6/6 15474/6/6 15476/6/6
f 15472/6/6 15473/6/6 15476/6/6
f 15476/6/6 15474/6/6 15477/6/6
f 15475/6/6 15476/6/6 15480/6/6
f 15477/6/6 15478/6/6 15480/6/6
f 15476/6/6 15477/6/6 15480/6/6
f 15480/6/6 15478/6/6 15481/6/6
f 15479/6/6 15480/6/6 15484/6/6
f 15481/6/6 15482/6/6 15484/6/6
f 15480/6/6 15481/6/6 15484/6/6
f 15484/6/6 15482/6/6 15485/6/6
f 15483/6/6 15484/6/6 15488/6/6
f 15485/6/6 15486/6/6 15488/6/6
f 15484/6/6 15485/6/6 15488/6/6
f 15488/6/6 15486/6/6 15489/6/6
f 15487/6/6 15488/6/6 15492/6/6
f 15489/6/6 15490/6/6 15492/6/6
f 15488/6/6 15489/6/6 15492/6/6
f 15492/6/6 15490/6/6 15493/6/6
f 15491/6/6 15492/6/6 15496/6/6
f 15493/6/6 15494/6/6 15496/6/6
f 15492/6/6 15493/6/6 15496/6/6
f 15496/6/6 15494/6/6 15497/6/6
f 15495/6/6 15496/6/6 15500/6/6
f 15497/6/6 15498/6/6 15500/6/6
f 15496/6/6 15497/6/6 15500/6/6
f 15500/6/6 15498/6/6 15501/6/6
f 15499/6/6 15500/6/6 15504/6/6
f 15501/6/6 15502/6/6 15504/6/6
f 15500/6/6 15501/6/6 15504/6/6
f 15504/6/6 15502/6/6 15505/6/6
f 15503/6/6 15504/6/6 15508/6/6
f 15505/6/6 15506/6/6 15508/6/6
f 15504/6/6 15505/6/6 15508/6/6
f 15508/6/6 15506/6/6 15509/6/6
f 15507/6/6 15508/6/6 15512/6/6
f 15509/6/6 15510/6/6 15512/6/6
f 15508/6/6 15509/6/6 15512/6/6
f 15512/6/6 15510/6/6 15513/6/6
f 15511/6/6 15512/6/6 15516/6/6
f 15513/6/6 15514/6/6 15516/6/6
f 15512/6/6 15513/6/6 15516/6/6
f 15516/6/6 15514/6/6 15517/6/6
f 15515/6/6 15516/6/6 15520/6/6
f 15517/6/6 15518/6/6 15520/6/6
f 15516/6/6 15517/6/6 15520/6/6
f 15520/6/6 15518/6/6 15521/6/6
f 15519/6/6 15520/6/6 15524/6/6
f 15521/6/6 15522/6/6 15524/6/6
f 15520/6/6 15521/6/6 15524/6/6
f 15524/6/6 15522/6/6 15525/6/6
f 15523/6/6 15524/6/6 15528/6/6
f 15525/6/6 15526/6/6 15528/6/6
f 15524/6/6 15525/6/6 15528/6/6
f 15528/6/6 15526/6/6 15529/6/6
f 15527/6/6 15528/6/6 15532/6/6
f 15529/6/6 15530/6/6 15532/6/6
f 15528/6/6 15529/6/6 15532/6/6
f 15532/6/6 15530/6/6 15533/6/6
f 15531/6/6 15532/6/6 15536/6/6
f 15533/6/6 15534/6/6 15536/6/6
f 15532/6/6 15533/6/6 15536/6/6
f 15536/6/6 15534/6/6 15537/6/6
f 15535/6/6 15536/6/6 15540/6/6
f 15537/6/6 15538/6/6 15540/6/6
f 15536/6/6 15537/6/6 15540/6/6
f 15540/6/6 15538/6/6 15541/6/6
f 15539/6/6 15540/6/6 15544/6/6
f 15541/6/6 15542/6/6 15544/6/6
f 15540/6/6 15541/6/6 15544/6/6
f 15544/6/6 15542/6/6 15545/6/6
f 15543/6/6 15544/6/6 15548/6/6
f 15545/6/6 15546/6/6 15548/6/6
f 15544/6/6 15545/6/6 15548/6/6
f 15548/6/6 15546/6/6 15549/6/6
f 15547/6/6 15548/6/6 15552/6/6
f 15549/6/6 15550/6/6 15552/6/6
f 15548/6/6 15549/6/6 15552/6/6
f 15552/6/6 15550/6/6 15553/6/6
f 15551/6/6 15552/6/6 15556/6/6
f 15553/6/6 15554/6/6 15556/6/6
f 15552/6/6 15553/6/6 15556/6/6
f 15556/6/6 15554/6/6 15557/6/6
f 15555/6/6 15556/6/6 15560/6/6
f 15557/6/6 15558/6/6 15560/6/6
f 15556/6/6 15557/6/6 15560/6/6
f 15560/6/6 15558/6/6 15561/6/6
f 15559/6/6 15560/6/6 15564/6/6
f 15561/6/6 15562/6/6 15564/6/6
f 15560/6/6 15561/6/6 15564/6/6
f 15564/6/6 15562/6/6 15565/6/6
f 15563/6/6 15564/6/6 15568/6/6
f 15565/6/6 15566/6/6 15568/6/6
f 15564/6/6 15565/6/6 15568/6/6
f 15568/6/6 15566/6/6 15569/6/6
f 15567/6/6 15568/6/6 15572/6/6
f 15569/6/6 15570/6/6 15572/6/6
f 15568/6/6 15569/6/6 15572/6/6
f 15572/6/6 15570/6/6 15573/6/6
f 15571/6/6 15572/6/6 15576/6/6
f 15573/6/6 15574/6/6 15576/6/6
f 15572/6/6 15573/6/6 15576/6/6
f 15576/6/6 15574/6/6 15577/6/6
f 15575/6/6 15576/6/6 15580/6/6
f 15577/6/6 15578/6/6 15580/6/6
f 15576/6/6 15577/6/6 15580/6/6
f 15580/6/6 15578/6/6 15581/6/6
f 15579/6/6 15580/6/6 15584/6/6
f 15581/6/6 15582/6/6 15584/6/6
f 15580/6/6 15581/6/6 15584/6/6
f 15584/6/6 15582/6/6 15585/6/6
f 15583/6/6 15584/6/6 15588/6/6
f 15585/6/6 15586/6/6 15588/6/6
f 15584/6/6 15585/6/6 15588/6/6
f 15588/6/6 15586/6/6 15589/6/6
f 15587/6/6 15588/6/6 15592/6/6
f 15589/6/6 15590/6/6 15592/6/6
f 15588/6/6 15589/6/6 15592/6/6
f 15592/6/6 15590/6/6 15593/6/6
f 15591/6/6 15592/6/6 15596/6/6
f 15593/6/6 15594/6/6 15596/6/6
f 15592/6/6 15593/6/6 15596/6/6
f 15596/6/6 15594/6/6 15597/6/6
f 15595/6/6 15596/6/6 15600/6/6
f 15597/6/6 15598/6/6 15600/6/6
f 15596/6/6 15597/6/6 15600/6/6
f 15600/6/6 15598/6/6 15601/6/6
f 15599/6/6 15600/6/6 15604/6/6
f 15601/6/6 15602/6/6 15604/6/6
f 15600/6/6 15601/6/6 15604/6/6
f 15604/6/6 15602/6/6 15605/6/6
f 15603/6/6 15604/6/6 15607/6/6
f 15605/6/6 15606/6/6 15607/6/6
f 15604/6/6 15605/6/6 15607/6/6
f 15607/6/6 15606/6/6 15608/6/6
f 15608/6/6 15606/6/6 15609/6/6
f 15609/6/6 15606/6/6 15610/6/6
f 15608/6/6 15609/6/6 15611/6/6
f 15611/6/6 15609/6/6 15612/6/6
f 15612/6/6 15609/6/6 15613/6/6
f 15613/6/6 15609/6/6 15614/6/6
f 15612/6/6 15613/6/6 15615/6/6
f 15615/6/6 15613/6/6 15616/6/6
f 15616/6/6 15613/6/6 15617/6/6
f 15617/6/6 15613/6/6 15618/6/6
f 15616/6/6 15617/6/6 15619/6/6
f 15619/6/6 15617/6/6 15620/6/6
f 15620/6/6 15617/6/6 15621/6/6
f 15621/6/6 15617/6/6 15622/6/6
f 15620/6/6 15621/6/6 15623/6/6
f 15623/6/6 15621/6/6 15624/6/6
f 15624/6/6 15621/6/6 15625/6/6
f 15625/6/6 15621/6/6 15626/6/6
f 15624/6/6 15625/6/6 15627/6/6
f 15627/6/6 15625/6/6 15628/6/6
f 15628/6/6 15625/6/6 15629/6/6
f 15629/6/6 15625/6/6 15630/6/6
f 15628/6/6 15629/6/6 15631/6/6
f 15631/6/6 15629/6/6 15632/6/6
f 15632/6/6 15629/6/6 15633/6/6
f 15633/6/6 15629/6/6 15634/6/6
f 15632/6/6 15633/6/6 15635/6/6
f 15635/6/6 15633/6/6 15636/6/6
f 15636/6/6 15633/6/6 15637/6/6
f 15637/6/6 15633/6/6 15638/6/6
f 15636/6/6 15637/6/6 15639/6/6
f 15639/6/6 15637/6/6 15640/6/6
f 15640/6/6 15637/6/6 15641/6/6
f 15641/6/6 15637/6/6 15642/6/6
f 15640/6/6 15641/6/6 15643/6/6
f 15643/6/6 15641/6/6 15644/6/6
f 15644/6/6 15641/6/6 15645/6/6
f 15645/6/6 15641/6/6 15646/6/6
f 15644/6/6 15645/6/6 15647/6/6
f 15647/6/6 15645/6/6 15648/6/6
f 15648/6/6 15645/6/6 15649/6/6
f 15649/6/6 15645/6/6 15650/6/6
f 15648/6/6 15649/6/6 15651/6/6
f 15651/6/6 15649/6/6 15652/6/6
f 15652/6/6 15649/6/6 15653/6/6
f 15653/6/6 15649/6/6 15654/6/6
f 15652/6/6 15653/6/6 15655/6/6
f 15655/6/6 15653/6/6 15656/6/6
f 15656/6/6 15653/6/6 15657/6/6
f 15657/6/6 15653/6/6 15658/6/6
f 15656/6/6 15657/6/6 15659/6/6
f 15659/6/6 15657/6/6 15660/6/6
f 15660/6/6 15657/6/6 15661/6/6
f 15661/6/6 15657/6/6 15662/6/6
f 15660/6/6 15661/6/6 15663/6/6
f 15663/6/6 15661/6/6 15664/6/6
f 15664/6/6 15661/6/6 15665/6/6
f 15665/6/6 15661/6/6 15666/6/6
f 15664/6/6 15665/6/6 15667/6/6
f 15667/6/6 15665/6/6 15668/6/6
f 15668/6/6 15665/6/6 15669/6/6
f 15669/6/6 15665/6/6 15670/6/6
f 15668/6/6 15669/6/6 15671/6/6
f 15671/6/6 15669/6/6 15672/6/6
f 15672/6/6 15669/6/6 15673/6/6
f 15673/6/6 15669/6/6 15674/6/6
f 15672/6/6 15673/6/6 15675/6/6
f 15675/6/6 15673/6/6 15676/6/6
f 15676/6/6 15673/6/6 15677/6/6
f 15677/6/6 15673/6/6 15678/6/6
f 15676/6/6 15677/6/6 15679/6/6
f 15679/6/6 15677/6/6 15680/6/6
f 15680/6/6 15677/6/6 15681/6/6
f 15681/6/6 15677/6/6 15682/6/6
f 15680/6/6 15681/6/6 15683/6/6
f 15683/6/6 15681/6/6 15684/6/6
f 15684/6/6 15681/6/6 15685/6/6
f 15685/6/6 15681/6/6 15686/6/6
f 15684/6/6 15685/6/6 15687/6/6
f 15687/6/6 15685/6/6 15688/6/6
f 15688/6/6 15685/6/6 15689/6/6
f 15689/6/6 15685/6/6 15690/6/6
f 15688/6/6 15689/6/6 15691/6/6
f 15691/6/6 15689/6/6 15692/6/6
f 15692/6/6 15689/6/6 15693/6/6
f 15693/6/6 15689/6/6 15694/6/6
f 15692/6/6 15693/6/6 15695/6/6
f 15695/6/6 15693/6/6 15696/6/6
f 15696/6/6 15693/6/6 15697/6/6
f 15697/6/6 15693/6/6 15698/6/6
f 15696/6/6 15697/6/6 15699/6/6
f 15699/6/6 15697/6/6 15700/6/6
f 15700/6/6 15697/6/6 15701/6/6
f 15701/6/6 15697/6/6 15702/6/6
f 15700/6/6 15701/6/6 15703/6/6
f 15703/6/6 15701/6/6 15704/6/6
f 15704/6/6 15701/6/6 15705/6/6
f 15705/6/6 15701/6/6 15706/6/6
f 15704/6/6 15705/6/6 15707/6/6
f 15707/6/6 15705/6/6 15708/6/6
f 15708/6/6 15705/6/6 15709/6/6
f 15709/6/6 15705/6/6 15710/6/6
f 15708/6/6 15709/6/6 15711/6/6
f 15711/6/6 15709/6/6 15712/6/6
f 15712/6/6 15709/6/6 15713/6/6
f 15713/6/6 15709/6/6 15714/6/6
f 15712/6/6 15713/6/6 15715/6/6
f 15715/6/6 15713/6/6 15716/6/6
f 15716/6/6 15713/6/6 15717/6/6
f 15717/6/6 15713/6/6 15718/6/6
f 15716/6/6 15717/6/6 15719/6/6
f 15719/6/6 15717/6/6 15720/6/6
f 15720/6/6 15717/6/6 15721/6/6
f 15721/6/6 15717/6/6 15722/6/6
f 15720/6/6 15721/6/6 15723/6/6
f 15723/6/6 15721/6/6 15724/6/6
f 15724/6/6 15721/6/6 15725/6/6
f 15725/6/6 15721/6/6 15726/6/6
f 15724/6/6 15725/6/6 15727/6/6
f 15727/6/6 15725/6/6 15728/6/6
f 15728/6/6 15725/6/6 15729/6/6
f 15729/6/6 15725/6/6 15730/6/6
f 15728/6/6 15729/6/6 15731/6/6
f 15731/6/6 15729/6/6 15732/6/6
f 15732/6/6 15729/6/6 15733/6/6
f 15733/6/6 15729/6/6 15734/6/6
f 15732/6/6 15733/6/6 15735/6/6
f 15735/6/6 15733/6/6 15736/6/6
f 15736/6/6 15733/6/6 15737/6/6
f 15737/6/6 15733/6/6 15738/6/6
f 15736/6/6 15737/6/6 15739/6/6
f 15739/6/6 15737/6/6 15740/6/6
f 15740/6/6 15737/6/6 15741/6/6
f 15741/6/6 15737/6/6 15742/6/6
f 15740/6/6 15741/6/6 15743/6/6
f 15743/6/6 15741/6/6 15744/6/6
f 15744/6/6 15741/6/6 15745/6/6
f 15745/6/6 15741/6/6 15746/6/6
f 15744/6/6 15745/6/6 15747/6/6
f 15747/6/6 15745/6/6 15748/6/6
f 15748/6/6 15745/6/6 15749/6/6
f 15749/6/6 15745/6/6 15750/6/6
f 15748/6/6 15749/6/6 15751/6/6
f 15751/6/6 15749/6/6 15752/6/6
f 15752/6/6 15749/6/6 15753/6/6
f 15753/6/6 15749/6/6 15754/6/6
f 15752/6/6 15753/6/6 15755/6/6
f 15755/6/6 15753/6/6 15756/6/6
f 15756/6/6 15753/6/6 15757/6/6
f 15757/6/6 15753/6/6 15758/6/6
f 15756/6/6 15757/6/6 15759/6/6
f 15759/6/6 15757/6/6 15760/6/6
f 15760/6/6 15757/6/6 15761/6/6
f 15761/6/6 15757/6/6 15762/6/6
f 15760/6/6 15761/6/6 15763/6/6
f 15763/6/6 15761/6/6 15764/6/6
f 15764/6/6 15761/6/6 15765/6/6
f 15765/6/6 15761/6/6 15766/6/6
f 15764/6/6 15765/6/6 15767/6/6
f 15767/6/6 15765/6/6 15768/6/6
f 15768/6/6 15765/6/6 15769/6/6
f 15769/6/6 15765/6/6 15770/6/6
f 15768/6/6 15769/6/6 15771/6/6
f 15771/6/6 15769/6/6 15772/6/6
f 15772/6/6 15769/6/6 15773/6/6
f 15773/6/6 15769/6/6 15774/6/6
f 15772/6/6 15773/6/6 15775/6/6
f 15775/6/6 15773/6/6 15776/6/6
f 15776/6/6 15773/6/6 15777/6/6
f 15777/6/6 15773/6/6 15778/6/6
f 15776/6/6 15777/6/6 15779/6/6
f 15779/6/6 15777/6/6 15780/6/6
f 15780/6/6 15777/6/6 15781/6/6
f 15781/6/6 15777/6/6 15782/6/6
f 15780/6/6 15781/6/6 15783/6/6
f 15783/6/6 15781/6/6 15784/6/6
f 15784/6/6 15781/6/6 15785/6/6
f 15785/6/6 15781/6/6 15786/6/6
f 15784/6/6 15785/6/6 15787/6/6
f 15787/6/6 15785/6/6 15788/6/6
f 15788/6/6 15785/6/6 15789/6/6
f 15789/6/6 15785/6/6 15790/6/6
f 15788/6/6 15789/6/6 15791/6/6
f 15791/6/6 15789/6/6 15792/6/6
f 15792/6/6 15789/6/6 15793/6/6
f 15793/6/6 15789/6/6 15794/6/6
f 15792/6/6 15793/6/6 15795/6/6
f 15795/6/6 15793/6/6 15796/6/6
f 15796/6/6 15793/6/6 15797/6/6
f 15797/6/6 15793/6/6 15798/6/6
f 15796/6/6 15797/6/6 15799/6/6
f 15799/6/6 15797/6/6 15800/6/6
f 15800/6/6 15797/6/6 15801/6/6
f 15801/6/6 15797/6/6 15802/6/6
f 15800/6/6 15801/6/6 15803/6/6
f 15803/6/6 15801/6/6 15804/6/6
f 15804/6/6 15801/6/6 15805/6/6
f 15805/6/6 15801/6/6 15806/6/6
f 15804/6/6 15805/6/6 15807/6/6
f 15807/6/6 15805/6/6 15808/6/6
f 15808/6/6 15805/6/6 15809/6/6
f 15809/6/6 15805/6/6 15810/6/6
f 15808/6/6 15809/6/6 15811/6/6
f 15811/6/6 15809/6/6 15812/6/6
f 15812/6/6 15809/6/6 15813/6/6
f 15813/6/6 15809/6/6 15814/6/6
f 15812/6/6 15813/6/6 15815/6/6
f 15815/6/6 15813/6/6 15816/6/6
f 15816/6/6 15813/6/6 15817/6/6
f 15817/6/6 15813/6/6 15818/6/6
f 15816/6/6 15817/6/6 15819/6/6
f 15819/6/6 15817/6/6 15820/6/6
f 15820/6/6 15817/6/6 15821/6/6
f 15821/6/6 15817/6/6 15822/6/6
f 15820/6/6 15821/6/6 15823/6/6
f 15823/6/6 15821/6/6 15824/6/6
f 15824/6/6 15821/6/6 15825/6/6
f 15825/6/6 15821/6/6 15826/6/6
f 15824/6/6 15825/6/6 15827/6/6
f 15827/6/6 15825/6/6 15828/6/6
f 15828/6/6 15825/6/6 15829/6/6
f 15829/6/6 15825/6/6 15830/6/6
f 15828/6/6 15829/6/6 15831/6/6
f 15831/6/6 15829/6/6 15832/6/6
f 15832/6/6 15829/6/6 15833/6/6
f 15833/6/6 15829/6/6 15834/6/6
f 15832/6/6 15833/6/6 15835/6/6
f 15835/6/6 15833/6/6 15836/6/6
f 15836/6/6 15833/6/6 15837/6/6
f 15837/6/6 15833/6/6 15838/6/6
f 15836/6/6 15837/6/6 15839/6/6
f 15839/6/6 15837/6/6 15840/6/6
