# MagicaVoxel @ Ephtracy

# group
o 

# material
mtllib labDoor.mtl
usemtl palette

# normals
vn -1 0 0
vn 1 0 0
vn 0 0 1
vn 0 0 -1
vn 0 -1 0
vn 0 1 0

# texcoords
vt 0.322266 0.5
vt 0.349609 0.5
vt 0.353516 0.5
vt 0.451172 0.5
vt 0.736328 0.5
vt 0.740234 0.5
vt 0.865234 0.5

# verts
v -4.1 0 0.2
v -4.1 0 -0.7
v -4.1 1 0.2
v -4.1 1 -0.7
v -4.1 1.5 0.2
v -4.1 1.5 -0.7
v -4.1 1.6 0.2
v -4.1 1.6 -0.7
v -4.1 7.7 0.2
v -4.1 7.7 -0.7
v -4 0 0.3
v -4 0 0.2
v -4 0 -0.7
v -4 0 -0.8
v -4 1 0.3
v -4 1 0.2
v -4 1 -0.7
v -4 1 -0.8
v -4 1.5 0.3
v -4 1.5 0.2
v -4 1.5 -0.7
v -4 1.5 -0.8
v -4 1.6 0.3
v -4 1.6 0.2
v -4 1.6 -0.7
v -4 1.6 -0.8
v -4 7.7 0.3
v -4 7.7 0.2
v -4 7.7 -0.7
v -4 7.7 -0.8
v -4 7.8 0.2
v -4 7.8 -0.7
v -3.5 0 0.3
v -3.5 0 0.2
v -3.5 0 -0.7
v -3.5 0 -0.8
v -3.5 1 0.3
v -3.5 1 0.2
v -3.5 1 -0.7
v -3.5 1 -0.8
v -3.5 1.5 0.3
v -3.5 1.5 0.2
v -3.5 1.5 -0.7
v -3.5 1.5 -0.8
v -3.5 2.8 0.3
v -3.5 2.8 0.2
v -3.5 2.8 -0.7
v -3.5 2.8 -0.8
v -3.5 7 0.3
v -3.5 7 0.2
v -3.5 7 -0.7
v -3.5 7 -0.8
v -3.4 2.6 0.3
v -3.4 2.6 0.2
v -3.4 2.6 -0.7
v -3.4 2.6 -0.8
v -3.4 2.7 0.1
v -3.4 2.7 -0.6
v -3.4 2.8 0.3
v -3.4 2.8 0.2
v -3.4 2.8 0.1
v -3.4 2.8 -0.6
v -3.4 2.8 -0.7
v -3.4 2.8 -0.8
v -3.4 7 0.3
v -3.4 7 0.2
v -3.4 7 0.1
v -3.4 7 -0.6
v -3.4 7 -0.7
v -3.4 7 -0.8
v -3.4 7.1 0.3
v -3.4 7.1 0.2
v -3.4 7.1 0.1
v -3.4 7.1 -0.6
v -3.4 7.1 -0.7
v -3.4 7.1 -0.8
v -3.3 1.5 0.3
v -3.3 1.5 0.2
v -3.3 1.5 -0.7
v -3.3 1.5 -0.8
v -3.3 2.6 0.3
v -3.3 2.6 0.2
v -3.3 2.6 -0.7
v -3.3 2.6 -0.8
v -3.3 7.1 -0.3
v -3.3 7.1 -0.4
v -3.3 7.2 -0.3
v -3.3 7.2 -0.4
v -3.2 7.1 0.3
v -3.2 7.1 0.2
v -3.2 7.1 0.1
v -3.2 7.1 -0.3
v -3.2 7.1 -0.4
v -3.2 7.1 -0.6
v -3.2 7.1 -0.7
v -3.2 7.1 -0.8
v -3.2 7.2 0.3
v -3.2 7.2 0.2
v -3.2 7.2 0.1
v -3.2 7.2 -0.3
v -3.2 7.2 -0.4
v -3.2 7.2 -0.6
v -3.2 7.2 -0.7
v -3.2 7.2 -0.8
v -3.1 7.4 0.3
v -3.1 7.4 0.2
v -3.1 7.4 -0.7
v -3.1 7.4 -0.8
v -3.1 7.5 0.3
v -3.1 7.5 0.2
v -3.1 7.5 -0.7
v -3.1 7.5 -0.8
v -3 7.2 0.1
v -3 7.2 -0.6
v -3 7.3 0.1
v -3 7.3 -0.6
v -3 7.4 0.1
v -3 7.4 -0.6
v -2.8 0.3 -0.0999999
v -2.8 0.3 -0.2
v -2.8 0.3 -0.4
v -2.8 0.3 -0.5
v -2.8 6.4 -0.0999999
v -2.8 6.4 -0.2
v -2.8 6.4 -0.4
v -2.8 6.4 -0.5
v -2.7 0.2 -0.0999999
v -2.7 0.2 -0.2
v -2.7 0.2 -0.4
v -2.7 0.2 -0.5
v -2.7 0.3 -0.0999999
v -2.7 0.3 -0.2
v -2.7 0.3 -0.4
v -2.7 0.3 -0.5
v -2.7 6.4 -0.0999999
v -2.7 6.4 -0.2
v -2.7 6.4 -0.4
v -2.7 6.4 -0.5
v -2.7 6.5 -0.0999999
v -2.7 6.5 -0.2
v -2.7 6.5 -0.4
v -2.7 6.5 -0.5
v -2.5 0.6 -0.0999999
v -2.5 0.6 -0.2
v -2.5 0.6 -0.4
v -2.5 0.6 -0.5
v -2.5 6.1 -0.0999999
v -2.5 6.1 -0.2
v -2.5 6.1 -0.4
v -2.5 6.1 -0.5
v -2.4 0.5 -0.0999999
v -2.4 0.5 -0.2
v -2.4 0.5 -0.4
v -2.4 0.5 -0.5
v -2.4 0.6 -0.0999999
v -2.4 0.6 -0.2
v -2.4 0.6 -0.4
v -2.4 0.6 -0.5
v -2.4 6.1 -0.0999999
v -2.4 6.1 -0.2
v -2.4 6.1 -0.4
v -2.4 6.1 -0.5
v -2.4 6.2 -0.0999999
v -2.4 6.2 -0.2
v -2.4 6.2 -0.4
v -2.4 6.2 -0.5
v -1.2 3 -0.0999999
v -1.2 3 -0.2
v -1.2 3 -0.4
v -1.2 3 -0.5
v -1.2 4.2 -0.0999999
v -1.2 4.2 -0.2
v -1.2 4.2 -0.4
v -1.2 4.2 -0.5
v -1.1 2.9 -0.0999999
v -1.1 2.9 -0.2
v -1.1 2.9 -0.4
v -1.1 2.9 -0.5
v -1.1 3 -0.0999999
v -1.1 3 -0.2
v -1.1 3 -0.4
v -1.1 3 -0.5
v -1.1 4.2 -0.0999999
v -1.1 4.2 -0.2
v -1.1 4.2 -0.4
v -1.1 4.2 -0.5
v -1.1 4.3 -0.0999999
v -1.1 4.3 -0.2
v -1.1 4.3 -0.4
v -1.1 4.3 -0.5
v -1 0.4 -0.0999999
v -1 0.4 -0.2
v -1 0.4 -0.4
v -1 0.4 -0.5
v -1 2.9 -0.0999999
v -1 2.9 -0.2
v -1 2.9 -0.4
v -1 2.9 -0.5
v -1 4.3 -0.0999999
v -1 4.3 -0.2
v -1 4.3 -0.4
v -1 4.3 -0.5
v -1 6.3 -0.0999999
v -1 6.3 -0.2
v -1 6.3 -0.4
v -1 6.3 -0.5
v -0.9 3.1 -0.0999999
v -0.9 3.1 -0.2
v -0.9 3.1 -0.4
v -0.9 3.1 -0.5
v -0.9 4.1 -0.0999999
v -0.9 4.1 -0.2
v -0.9 4.1 -0.4
v -0.9 4.1 -0.5
v -0.5 0.2 -0.0999999
v -0.5 0.2 -0.2
v -0.5 0.2 -0.4
v -0.5 0.2 -0.5
v -0.5 6.5 -0.0999999
v -0.5 6.5 -0.2
v -0.5 6.5 -0.4
v -0.5 6.5 -0.5
v -0.2 3.2 -0.0999999
v -0.2 3.2 -0.2
v -0.2 3.2 -0.4
v -0.2 3.2 -0.5
v -0.2 4 -0.0999999
v -0.2 4 -0.2
v -0.2 4 -0.4
v -0.2 4 -0.5
v -0.0999999 0.5 -0.0999999
v -0.0999999 0.5 -0.2
v -0.0999999 0.5 -0.4
v -0.0999999 0.5 -0.5
v -0.0999999 2.8 -0.0999999
v -0.0999999 2.8 -0.2
v -0.0999999 2.8 -0.4
v -0.0999999 2.8 -0.5
v -0.0999999 3.1 -0.0999999
v -0.0999999 3.1 -0.2
v -0.0999999 3.1 -0.4
v -0.0999999 3.1 -0.5
v -0.0999999 3.2 -0.0999999
v -0.0999999 3.2 -0.2
v -0.0999999 3.2 -0.4
v -0.0999999 3.2 -0.5
v -0.0999999 4 -0.0999999
v -0.0999999 4 -0.2
v -0.0999999 4 -0.4
v -0.0999999 4 -0.5
v -0.0999999 4.1 -0.0999999
v -0.0999999 4.1 -0.2
v -0.0999999 4.1 -0.4
v -0.0999999 4.1 -0.5
v -0.0999999 4.4 -0.0999999
v -0.0999999 4.4 -0.2
v -0.0999999 4.4 -0.4
v -0.0999999 4.4 -0.5
v -0.0999999 6.2 -0.0999999
v -0.0999999 6.2 -0.2
v -0.0999999 6.2 -0.4
v -0.0999999 6.2 -0.5
v 4.76837e-07 2.8 -0.0999999
v 4.76837e-07 2.8 -0.2
v 4.76837e-07 2.8 -0.4
v 4.76837e-07 2.8 -0.5
v 4.76837e-07 2.9 -0.0999999
v 4.76837e-07 2.9 -0.2
v 4.76837e-07 2.9 -0.4
v 4.76837e-07 2.9 -0.5
v 4.76837e-07 4.3 -0.0999999
v 4.76837e-07 4.3 -0.2
v 4.76837e-07 4.3 -0.4
v 4.76837e-07 4.3 -0.5
v 4.76837e-07 4.4 -0.0999999
v 4.76837e-07 4.4 -0.2
v 4.76837e-07 4.4 -0.4
v 4.76837e-07 4.4 -0.5
v 0.1 2.9 -0.0999999
v 0.1 2.9 -0.2
v 0.1 2.9 -0.4
v 0.1 2.9 -0.5
v 0.1 4.3 -0.0999999
v 0.1 4.3 -0.2
v 0.1 4.3 -0.4
v 0.1 4.3 -0.5
v 1.3 0.4 -0.0999999
v 1.3 0.4 -0.2
v 1.3 0.4 -0.4
v 1.3 0.4 -0.5
v 1.3 0.5 -0.0999999
v 1.3 0.5 -0.2
v 1.3 0.5 -0.4
v 1.3 0.5 -0.5
v 1.3 6.2 -0.0999999
v 1.3 6.2 -0.2
v 1.3 6.2 -0.4
v 1.3 6.2 -0.5
v 1.3 6.3 -0.0999999
v 1.3 6.3 -0.2
v 1.3 6.3 -0.4
v 1.3 6.3 -0.5
v 1.4 0.5 -0.0999999
v 1.4 0.5 -0.2
v 1.4 0.5 -0.4
v 1.4 0.5 -0.5
v 1.4 6.2 -0.0999999
v 1.4 6.2 -0.2
v 1.4 6.2 -0.4
v 1.4 6.2 -0.5
v 1.8 0 0.2
v 1.8 0 -0.2
v 1.8 0 -0.4
v 1.8 0 -0.7
v 1.8 1 0.2
v 1.8 1 -0.2
v 1.8 1 -0.4
v 1.8 1 -0.7
v 1.8 6.7 0.2
v 1.8 6.7 -0.2
v 1.8 6.7 -0.4
v 1.8 6.7 -0.7
v 1.9 0 0.3
v 1.9 0 0.2
v 1.9 0 -0.7
v 1.9 0 -0.8
v 1.9 1 0.3
v 1.9 1 0.2
v 1.9 1 -0.7
v 1.9 1 -0.8
v 1.9 6.7 -0.7
v 1.9 6.7 -0.8
v 1.9 6.8 0.3
v 1.9 6.8 0.2
v 2.3 2.7 0.1
v 2.3 2.7 -0.6
v 2.3 2.8 0.1
v 2.3 2.8 -0.6
v 2.4 0 0.3
v 2.4 0 0.2
v 2.4 0 -0.7
v 2.4 0 -0.8
v 2.4 1 0.3
v 2.4 1 0.2
v 2.4 1 -0.7
v 2.4 1 -0.8
v 2.4 1.5 0.3
v 2.4 1.5 0.2
v 2.4 1.5 -0.7
v 2.4 1.5 -0.8
v 2.4 1.6 0.3
v 2.4 1.6 0.2
v 2.4 1.6 -0.7
v 2.4 1.6 -0.8
v 2.4 2.6 0.2
v 2.4 2.6 -0.7
v 2.4 7.5 0.3
v 2.4 7.5 0.2
v 2.4 7.5 -0.7
v 2.4 7.5 -0.8
v -3.6 0 0.3
v -3.6 0 0.2
v -3.6 0 -0.7
v -3.6 0 -0.8
v -3.6 1 0.3
v -3.6 1 0.2
v -3.6 1 -0.7
v -3.6 1 -0.8
v -3.6 1.5 0.3
v -3.6 1.5 0.2
v -3.6 1.5 -0.7
v -3.6 1.5 -0.8
v -3.6 1.6 0.3
v -3.6 1.6 0.2
v -3.6 1.6 -0.7
v -3.6 1.6 -0.8
v -3.6 2.6 0.2
v -3.6 2.6 -0.7
v -3.6 7 0.1
v -3.6 7 -0.6
v -3.6 7.4 0.1
v -3.6 7.4 -0.6
v -3.6 7.5 0.3
v -3.6 7.5 0.2
v -3.6 7.5 -0.7
v -3.6 7.5 -0.8
v -3.5 2.7 0.1
v -3.5 2.7 -0.6
v -3.5 2.8 0.1
v -3.5 2.8 -0.6
v -3.1 0 0.3
v -3.1 0 0.2
v -3.1 0 -0.7
v -3.1 0 -0.8
v -3.1 1 0.3
v -3.1 1 0.2
v -3.1 1 -0.7
v -3.1 1 -0.8
v -3.1 6.7 -0.7
v -3.1 6.7 -0.8
v -3.1 6.8 0.3
v -3.1 6.8 0.2
v -3 0 0.2
v -3 0 -0.2
v -3 0 -0.4
v -3 0 -0.7
v -3 1 0.2
v -3 1 -0.2
v -3 1 -0.4
v -3 1 -0.7
v -3 6.7 0.2
v -3 6.7 -0.2
v -3 6.7 -0.4
v -3 6.7 -0.7
v -2.6 0.5 -0.0999999
v -2.6 0.5 -0.2
v -2.6 0.5 -0.4
v -2.6 0.5 -0.5
v -2.6 6.2 -0.0999999
v -2.6 6.2 -0.2
v -2.6 6.2 -0.4
v -2.6 6.2 -0.5
v -2.5 0.4 -0.0999999
v -2.5 0.4 -0.2
v -2.5 0.4 -0.4
v -2.5 0.4 -0.5
v -2.5 0.5 -0.0999999
v -2.5 0.5 -0.2
v -2.5 0.5 -0.4
v -2.5 0.5 -0.5
v -2.5 6.2 -0.0999999
v -2.5 6.2 -0.2
v -2.5 6.2 -0.4
v -2.5 6.2 -0.5
v -2.5 6.3 -0.0999999
v -2.5 6.3 -0.2
v -2.5 6.3 -0.4
v -2.5 6.3 -0.5
v -1.3 2.9 -0.0999999
v -1.3 2.9 -0.2
v -1.3 2.9 -0.4
v -1.3 2.9 -0.5
v -1.3 4.3 -0.0999999
v -1.3 4.3 -0.2
v -1.3 4.3 -0.4
v -1.3 4.3 -0.5
v -1.2 2.8 -0.0999999
v -1.2 2.8 -0.2
v -1.2 2.8 -0.4
v -1.2 2.8 -0.5
v -1.2 2.9 -0.0999999
v -1.2 2.9 -0.2
v -1.2 2.9 -0.4
v -1.2 2.9 -0.5
v -1.2 4.3 -0.0999999
v -1.2 4.3 -0.2
v -1.2 4.3 -0.4
v -1.2 4.3 -0.5
v -1.2 4.4 -0.0999999
v -1.2 4.4 -0.2
v -1.2 4.4 -0.4
v -1.2 4.4 -0.5
v -1.1 0.5 -0.0999999
v -1.1 0.5 -0.2
v -1.1 0.5 -0.4
v -1.1 0.5 -0.5
v -1.1 2.8 -0.0999999
v -1.1 2.8 -0.2
v -1.1 2.8 -0.4
v -1.1 2.8 -0.5
v -1.1 3.1 -0.0999999
v -1.1 3.1 -0.2
v -1.1 3.1 -0.4
v -1.1 3.1 -0.5
v -1.1 3.2 -0.0999999
v -1.1 3.2 -0.2
v -1.1 3.2 -0.4
v -1.1 3.2 -0.5
v -1.1 4 -0.0999999
v -1.1 4 -0.2
v -1.1 4 -0.4
v -1.1 4 -0.5
v -1.1 4.1 -0.0999999
v -1.1 4.1 -0.2
v -1.1 4.1 -0.4
v -1.1 4.1 -0.5
v -1.1 4.4 -0.0999999
v -1.1 4.4 -0.2
v -1.1 4.4 -0.4
v -1.1 4.4 -0.5
v -1.1 6.2 -0.0999999
v -1.1 6.2 -0.2
v -1.1 6.2 -0.4
v -1.1 6.2 -0.5
v -1 3.2 -0.0999999
v -1 3.2 -0.2
v -1 3.2 -0.4
v -1 3.2 -0.5
v -1 4 -0.0999999
v -1 4 -0.2
v -1 4 -0.4
v -1 4 -0.5
v -0.7 0.2 -0.0999999
v -0.7 0.2 -0.2
v -0.7 0.2 -0.4
v -0.7 0.2 -0.5
v -0.7 6.5 -0.0999999
v -0.7 6.5 -0.2
v -0.7 6.5 -0.4
v -0.7 6.5 -0.5
v -0.3 3.1 -0.0999999
v -0.3 3.1 -0.2
v -0.3 3.1 -0.4
v -0.3 3.1 -0.5
v -0.3 4.1 -0.0999999
v -0.3 4.1 -0.2
v -0.3 4.1 -0.4
v -0.3 4.1 -0.5
v -0.2 0.4 -0.0999999
v -0.2 0.4 -0.2
v -0.2 0.4 -0.4
v -0.2 0.4 -0.5
v -0.2 2.9 -0.0999999
v -0.2 2.9 -0.2
v -0.2 2.9 -0.4
v -0.2 2.9 -0.5
v -0.2 4.3 -0.0999999
v -0.2 4.3 -0.2
v -0.2 4.3 -0.4
v -0.2 4.3 -0.5
v -0.2 6.3 -0.0999999
v -0.2 6.3 -0.2
v -0.2 6.3 -0.4
v -0.2 6.3 -0.5
v -0.0999999 2.9 -0.0999999
v -0.0999999 2.9 -0.2
v -0.0999999 2.9 -0.4
v -0.0999999 2.9 -0.5
v -0.0999999 3 -0.0999999
v -0.0999999 3 -0.2
v -0.0999999 3 -0.4
v -0.0999999 3 -0.5
v -0.0999999 4.2 -0.0999999
v -0.0999999 4.2 -0.2
v -0.0999999 4.2 -0.4
v -0.0999999 4.2 -0.5
v -0.0999999 4.3 -0.0999999
v -0.0999999 4.3 -0.2
v -0.0999999 4.3 -0.4
v -0.0999999 4.3 -0.5
v 4.76837e-07 3 -0.0999999
v 4.76837e-07 3 -0.2
v 4.76837e-07 3 -0.4
v 4.76837e-07 3 -0.5
v 4.76837e-07 4.2 -0.0999999
v 4.76837e-07 4.2 -0.2
v 4.76837e-07 4.2 -0.4
v 4.76837e-07 4.2 -0.5
v 1.2 0.5 -0.0999999
v 1.2 0.5 -0.2
v 1.2 0.5 -0.4
v 1.2 0.5 -0.5
v 1.2 0.6 -0.0999999
v 1.2 0.6 -0.2
v 1.2 0.6 -0.4
v 1.2 0.6 -0.5
v 1.2 6.1 -0.0999999
v 1.2 6.1 -0.2
v 1.2 6.1 -0.4
v 1.2 6.1 -0.5
v 1.2 6.2 -0.0999999
v 1.2 6.2 -0.2
v 1.2 6.2 -0.4
v 1.2 6.2 -0.5
v 1.3 0.6 -0.0999999
v 1.3 0.6 -0.2
v 1.3 0.6 -0.4
v 1.3 0.6 -0.5
v 1.3 6.1 -0.0999999
v 1.3 6.1 -0.2
v 1.3 6.1 -0.4
v 1.3 6.1 -0.5
v 1.5 0.2 -0.0999999
v 1.5 0.2 -0.2
v 1.5 0.2 -0.4
v 1.5 0.2 -0.5
v 1.5 0.3 -0.0999999
v 1.5 0.3 -0.2
v 1.5 0.3 -0.4
v 1.5 0.3 -0.5
v 1.5 6.4 -0.0999999
v 1.5 6.4 -0.2
v 1.5 6.4 -0.4
v 1.5 6.4 -0.5
v 1.5 6.5 -0.0999999
v 1.5 6.5 -0.2
v 1.5 6.5 -0.4
v 1.5 6.5 -0.5
v 1.6 0.3 -0.0999999
v 1.6 0.3 -0.2
v 1.6 0.3 -0.4
v 1.6 0.3 -0.5
v 1.6 6.4 -0.0999999
v 1.6 6.4 -0.2
v 1.6 6.4 -0.4
v 1.6 6.4 -0.5
v 1.9 7.4 0.3
v 1.9 7.4 0.2
v 1.9 7.4 -0.7
v 1.9 7.4 -0.8
v 1.9 7.5 0.3
v 1.9 7.5 0.2
v 1.9 7.5 -0.7
v 1.9 7.5 -0.8
v 2 7.1 0.3
v 2 7.1 0.2
v 2 7.1 -0.7
v 2 7.1 -0.8
v 2 7.2 0.3
v 2 7.2 0.2
v 2 7.2 -0.7
v 2 7.2 -0.8
v 2.1 1.5 0.3
v 2.1 1.5 0.2
v 2.1 1.5 -0.7
v 2.1 1.5 -0.8
v 2.1 2.6 0.3
v 2.1 2.6 0.2
v 2.1 2.6 -0.7
v 2.1 2.6 -0.8
v 2.2 2.6 0.3
v 2.2 2.6 0.2
v 2.2 2.6 -0.7
v 2.2 2.6 -0.8
v 2.2 2.7 0.1
v 2.2 2.7 -0.6
v 2.2 2.8 0.3
v 2.2 2.8 0.2
v 2.2 2.8 0.1
v 2.2 2.8 -0.6
v 2.2 2.8 -0.7
v 2.2 2.8 -0.8
v 2.2 7 0.3
v 2.2 7 0.2
v 2.2 7 -0.7
v 2.2 7 -0.8
v 2.2 7.1 0.3
v 2.2 7.1 0.2
v 2.2 7.1 -0.7
v 2.2 7.1 -0.8
v 2.3 0 0.3
v 2.3 0 0.2
v 2.3 0 -0.7
v 2.3 0 -0.8
v 2.3 1 0.3
v 2.3 1 0.2
v 2.3 1 -0.7
v 2.3 1 -0.8
v 2.3 1.5 0.3
v 2.3 1.5 0.2
v 2.3 1.5 -0.7
v 2.3 1.5 -0.8
v 2.3 2.8 0.3
v 2.3 2.8 0.2
v 2.3 2.8 -0.7
v 2.3 2.8 -0.8
v 2.3 7 0.3
v 2.3 7 0.2
v 2.3 7 -0.7
v 2.3 7 -0.8
v 2.8 0 0.3
v 2.8 0 0.2
v 2.8 0 -0.7
v 2.8 0 -0.8
v 2.8 1 0.3
v 2.8 1 0.2
v 2.8 1 -0.7
v 2.8 1 -0.8
v 2.8 1.5 0.3
v 2.8 1.5 0.2
v 2.8 1.5 -0.7
v 2.8 1.5 -0.8
v 2.8 1.6 0.3
v 2.8 1.6 0.2
v 2.8 1.6 -0.7
v 2.8 1.6 -0.8
v 2.8 7.7 0.3
v 2.8 7.7 0.2
v 2.8 7.7 -0.7
v 2.8 7.7 -0.8
v 2.8 7.8 0.2
v 2.8 7.8 -0.7
v 2.9 0 0.2
v 2.9 0 -0.7
v 2.9 1 0.2
v 2.9 1 -0.7
v 2.9 1.5 0.2
v 2.9 1.5 -0.7
v 2.9 1.6 0.2
v 2.9 1.6 -0.7
v 2.9 7.7 0.2
v 2.9 7.7 -0.7
v -4 0 0.3
v -4 1 0.3
v -4 1.5 0.3
v -4 1.6 0.3
v -4 7.7 0.3
v -3.6 0 0.3
v -3.6 1 0.3
v -3.6 1.5 0.3
v -3.6 1.6 0.3
v -3.6 7.5 0.3
v -3.5 0 0.3
v -3.5 1 0.3
v -3.5 1.5 0.3
v -3.5 2.8 0.3
v -3.5 7 0.3
v -3.4 2.6 0.3
v -3.4 2.8 0.3
v -3.4 7 0.3
v -3.4 7.1 0.3
v -3.3 1.5 0.3
v -3.3 2.6 0.3
v -3.2 7.1 0.3
v -3.2 7.2 0.3
v -3.1 0 0.3
v -3.1 1 0.3
v -3.1 6.8 0.3
v -3.1 7.4 0.3
v -3.1 7.5 0.3
v 1.9 0 0.3
v 1.9 1 0.3
v 1.9 6.8 0.3
v 1.9 7.4 0.3
v 1.9 7.5 0.3
v 2 7.1 0.3
v 2 7.2 0.3
v 2.1 1.5 0.3
v 2.1 2.6 0.3
v 2.2 2.6 0.3
v 2.2 2.8 0.3
v 2.2 7 0.3
v 2.2 7.1 0.3
v 2.3 0 0.3
v 2.3 1 0.3
v 2.3 1.5 0.3
v 2.3 2.8 0.3
v 2.3 7 0.3
v 2.4 0 0.3
v 2.4 1 0.3
v 2.4 1.5 0.3
v 2.4 1.6 0.3
v 2.4 7.5 0.3
v 2.8 0 0.3
v 2.8 1 0.3
v 2.8 1.5 0.3
v 2.8 1.6 0.3
v 2.8 7.7 0.3
v -4.1 0 0.2
v -4.1 1 0.2
v -4.1 1.5 0.2
v -4.1 1.6 0.2
v -4.1 7.7 0.2
v -4 0 0.2
v -4 1 0.2
v -4 1.5 0.2
v -4 1.6 0.2
v -4 7.7 0.2
v -4 7.8 0.2
v -3.6 0 0.2
v -3.6 1 0.2
v -3.6 1.5 0.2
v -3.6 1.6 0.2
v -3.6 2.6 0.2
v -3.6 7.5 0.2
v -3.5 0 0.2
v -3.5 1 0.2
v -3.5 1.5 0.2
v -3.5 1.6 0.2
v -3.5 2.6 0.2
v -3.5 2.8 0.2
v -3.5 7 0.2
v -3.5 7.1 0.2
v -3.5 7.3 0.2
v -3.4 2.6 0.2
v -3.4 2.8 0.2
v -3.4 7 0.2
v -3.4 7.1 0.2
v -3.4 7.3 0.2
v -3.3 1.5 0.2
v -3.3 2.6 0.2
v -3.3 7.1 0.2
v -3.3 7.3 0.2
v -3.2 7.1 0.2
v -3.2 7.2 0.2
v -3.1 0 0.2
v -3.1 1 0.2
v -3.1 6.8 0.2
v -3.1 7.4 0.2
v -3.1 7.5 0.2
v -3 0 0.2
v -3 1 0.2
v -3 6.7 0.2
v -2.8 7.2 0.2
v -2.8 7.3 0.2
v -2.7 7.2 0.2
v -2.7 7.3 0.2
v -2.7 7.4 0.2
v 1.5 7.2 0.2
v 1.5 7.3 0.2
v 1.5 7.4 0.2
v 1.6 7.2 0.2
v 1.6 7.3 0.2
v 1.8 0 0.2
v 1.8 1 0.2
v 1.8 6.7 0.2
v 1.9 0 0.2
v 1.9 1 0.2
v 1.9 6.8 0.2
v 1.9 7.4 0.2
v 1.9 7.5 0.2
v 2 7.1 0.2
v 2 7.2 0.2
v 2.1 1.5 0.2
v 2.1 2.6 0.2
v 2.1 7.1 0.2
v 2.1 7.3 0.2
v 2.2 2.6 0.2
v 2.2 2.8 0.2
v 2.2 7 0.2
v 2.2 7.1 0.2
v 2.2 7.3 0.2
v 2.3 0 0.2
v 2.3 1 0.2
v 2.3 1.5 0.2
v 2.3 1.6 0.2
v 2.3 2.6 0.2
v 2.3 2.8 0.2
v 2.3 7 0.2
v 2.3 7.1 0.2
v 2.3 7.3 0.2
v 2.4 0 0.2
v 2.4 1 0.2
v 2.4 1.5 0.2
v 2.4 1.6 0.2
v 2.4 2.6 0.2
v 2.4 7.5 0.2
v 2.8 0 0.2
v 2.8 1 0.2
v 2.8 1.5 0.2
v 2.8 1.6 0.2
v 2.8 7.7 0.2
v 2.8 7.8 0.2
v 2.9 0 0.2
v 2.9 1 0.2
v 2.9 1.5 0.2
v 2.9 1.6 0.2
v 2.9 7.7 0.2
v -2.8 0.3 -0.0999999
v -2.8 6.4 -0.0999999
v -2.7 0.2 -0.0999999
v -2.7 0.3 -0.0999999
v -2.7 6.4 -0.0999999
v -2.7 6.5 -0.0999999
v -2.6 0.5 -0.0999999
v -2.6 6.2 -0.0999999
v -2.5 0.4 -0.0999999
v -2.5 0.5 -0.0999999
v -2.5 0.6 -0.0999999
v -2.5 6.1 -0.0999999
v -2.5 6.2 -0.0999999
v -2.5 6.3 -0.0999999
v -2.4 0.5 -0.0999999
v -2.4 0.6 -0.0999999
v -2.4 0.8 -0.0999999
v -2.4 3.3 -0.0999999
v -2.4 3.5 -0.0999999
v -2.4 4.2 -0.0999999
v -2.4 6.1 -0.0999999
v -2.4 6.2 -0.0999999
v -2.3 3 -0.0999999
v -2.3 3.3 -0.0999999
v -2.3 3.5 -0.0999999
v -2.3 4.2 -0.0999999
v -2.2 0.8 -0.0999999
v -2.2 0.9 -0.0999999
v -2.2 2.6 -0.0999999
v -2.2 3 -0.0999999
v -2.1 0.6 -0.0999999
v -2.1 0.7 -0.0999999
v -2.1 1.1 -0.0999999
v -2.1 1.2 -0.0999999
v -2.1 2.5 -0.0999999
v -2.1 2.6 -0.0999999
v -2 1.2 -0.0999999
v -2 1.4 -0.0999999
v -2 1.6 -0.0999999
v -2 1.8 -0.0999999
v -2 2 -0.0999999
v -2 2.5 -0.0999999
v -2 3 -0.0999999
v -2 4 -0.0999999
v -2 4.1 -0.0999999
v -2 4.6 -0.0999999
v -1.9 1 -0.0999999
v -1.9 1.1 -0.0999999
v -1.9 1.3 -0.0999999
v -1.9 1.4 -0.0999999
v -1.9 1.6 -0.0999999
v -1.9 1.8 -0.0999999
v -1.9 2 -0.0999999
v -1.9 2.3 -0.0999999
v -1.9 3 -0.0999999
v -1.9 4 -0.0999999
v -1.9 4.1 -0.0999999
v -1.9 4.6 -0.0999999
v -1.8 0.9 -0.0999999
v -1.8 1 -0.0999999
v -1.8 1.3 -0.0999999
v -1.8 1.5 -0.0999999
v -1.8 1.7 -0.0999999
v -1.8 1.9 -0.0999999
v -1.8 2.1 -0.0999999
v -1.8 2.3 -0.0999999
v -1.8 2.5 -0.0999999
v -1.8 2.7 -0.0999999
v -1.7 1.1 -0.0999999
v -1.7 1.5 -0.0999999
v -1.7 1.7 -0.0999999
v -1.7 1.9 -0.0999999
v -1.7 2.1 -0.0999999
v -1.7 2.4 -0.0999999
v -1.7 2.5 -0.0999999
v -1.7 2.7 -0.0999999
v -1.7 3.1 -0.0999999
v -1.7 3.2 -0.0999999
v -1.6 0.8 -0.0999999
v -1.6 1 -0.0999999
v -1.6 1.2 -0.0999999
v -1.6 2 -0.0999999
v -1.6 2.4 -0.0999999
v -1.6 2.6 -0.0999999
v -1.6 2.8 -0.0999999
v -1.6 3 -0.0999999
v -1.6 3.1 -0.0999999
v -1.6 3.2 -0.0999999
v -1.6 4.6 -0.0999999
v -1.6 4.8 -0.0999999
v -1.5 0.6 -0.0999999
v -1.5 0.7 -0.0999999
v -1.5 0.8 -0.0999999
v -1.5 1 -0.0999999
v -1.5 1.2 -0.0999999
v -1.5 1.4 -0.0999999
v -1.5 2.8 -0.0999999
v -1.5 3 -0.0999999
v -1.5 3.8 -0.0999999
v -1.5 4.5 -0.0999999
v -1.5 4.6 -0.0999999
v -1.5 4.8 -0.0999999
v -1.4 0.9 -0.0999999
v -1.4 1.3 -0.0999999
v -1.4 3.8 -0.0999999
v -1.4 4.4 -0.0999999
v -1.4 5.4 -0.0999999
v -1.4 5.6 -0.0999999
v -1.3 0.8 -0.0999999
v -1.3 0.9 -0.0999999
v -1.3 1.1 -0.0999999
v -1.3 1.3 -0.0999999
v -1.3 1.4 -0.0999999
v -1.3 1.7 -0.0999999
v -1.3 2.4 -0.0999999
v -1.3 2.5 -0.0999999
v -1.3 2.6 -0.0999999
v -1.3 2.9 -0.0999999
v -1.3 4.3 -0.0999999
v -1.3 4.4 -0.0999999
v -1.3 4.5 -0.0999999
v -1.3 5.4 -0.0999999
v -1.3 5.6 -0.0999999
v -1.2 0.8 -0.0999999
v -1.2 0.9 -0.0999999
v -1.2 1.1 -0.0999999
v -1.2 1.7 -0.0999999
v -1.2 2.4 -0.0999999
v -1.2 2.5 -0.0999999
v -1.2 2.8 -0.0999999
v -1.2 2.9 -0.0999999
v -1.2 3 -0.0999999
v -1.2 4.2 -0.0999999
v -1.2 4.3 -0.0999999
v -1.2 4.4 -0.0999999
v -1.1 0.5 -0.0999999
v -1.1 2.8 -0.0999999
v -1.1 2.9 -0.0999999
v -1.1 3 -0.0999999
v -1.1 3.1 -0.0999999
v -1.1 3.2 -0.0999999
v -1.1 4 -0.0999999
v -1.1 4.1 -0.0999999
v -1.1 4.2 -0.0999999
v -1.1 4.3 -0.0999999
v -1.1 4.4 -0.0999999
v -1.1 6.2 -0.0999999
v -1 0.4 -0.0999999
v -1 2.9 -0.0999999
v -1 3.2 -0.0999999
v -1 4 -0.0999999
v -1 4.3 -0.0999999
v -1 6.3 -0.0999999
v -0.9 0.4 -0.0999999
v -0.9 3.1 -0.0999999
v -0.9 4.1 -0.0999999
v -0.9 6.3 -0.0999999
v -0.7 0.2 -0.0999999
v -0.7 6.5 -0.0999999
v -0.5 0.2 -0.0999999
v -0.5 6.5 -0.0999999
v -0.3 0.4 -0.0999999
v -0.3 3.1 -0.0999999
v -0.3 4.1 -0.0999999
v -0.3 6.3 -0.0999999
v -0.2 0.4 -0.0999999
v -0.2 2.9 -0.0999999
v -0.2 3.2 -0.0999999
v -0.2 4 -0.0999999
v -0.2 4.3 -0.0999999
v -0.2 6.3 -0.0999999
v -0.0999999 0.5 -0.0999999
v -0.0999999 2.8 -0.0999999
v -0.0999999 2.9 -0.0999999
v -0.0999999 3 -0.0999999
v -0.0999999 3.1 -0.0999999
v -0.0999999 3.2 -0.0999999
v -0.0999999 4 -0.0999999
v -0.0999999 4.1 -0.0999999
v -0.0999999 4.2 -0.0999999
v -0.0999999 4.3 -0.0999999
v -0.0999999 4.4 -0.0999999
v -0.0999999 6.2 -0.0999999
v 4.76837e-07 0.9 -0.0999999
v 4.76837e-07 1.1 -0.0999999
v 4.76837e-07 1.3 -0.0999999
v 4.76837e-07 1.7 -0.0999999
v 4.76837e-07 2.2 -0.0999999
v 4.76837e-07 2.4 -0.0999999
v 4.76837e-07 2.8 -0.0999999
v 4.76837e-07 2.9 -0.0999999
v 4.76837e-07 3 -0.0999999
v 4.76837e-07 4.2 -0.0999999
v 4.76837e-07 4.3 -0.0999999
v 4.76837e-07 4.4 -0.0999999
v 4.76837e-07 4.6 -0.0999999
v 4.76837e-07 5 -0.0999999
v 4.76837e-07 6 -0.0999999
v 4.76837e-07 6.1 -0.0999999
v 0.1 0.6 -0.0999999
v 0.1 0.8 -0.0999999
v 0.1 1.3 -0.0999999
v 0.1 1.5 -0.0999999
v 0.1 1.7 -0.0999999
v 0.1 2.2 -0.0999999
v 0.1 2.3 -0.0999999
v 0.1 2.4 -0.0999999
v 0.1 2.9 -0.0999999
v 0.1 4.3 -0.0999999
v 0.1 4.8 -0.0999999
v 0.1 5 -0.0999999
v 0.1 6 -0.0999999
v 0.1 6.1 -0.0999999
v 0.2 1.1 -0.0999999
v 0.2 1.3 -0.0999999
v 0.2 1.5 -0.0999999
v 0.2 2.2 -0.0999999
v 0.2 2.3 -0.0999999
v 0.2 2.4 -0.0999999
v 0.2 2.9 -0.0999999
v 0.2 3.3 -0.0999999
v 0.2 3.7 -0.0999999
v 0.2 4.3 -0.0999999
v 0.2 4.6 -0.0999999
v 0.2 4.8 -0.0999999
v 0.3 0.7 -0.0999999
v 0.3 0.8 -0.0999999
v 0.3 0.9 -0.0999999
v 0.3 1.2 -0.0999999
v 0.3 1.3 -0.0999999
v 0.3 1.4 -0.0999999
v 0.3 1.8 -0.0999999
v 0.3 2.1 -0.0999999
v 0.3 2.2 -0.0999999
v 0.3 2.4 -0.0999999
v 0.3 2.6 -0.0999999
v 0.3 2.9 -0.0999999
v 0.3 3.3 -0.0999999
v 0.3 3.7 -0.0999999
v 0.3 3.9 -0.0999999
v 0.3 4.3 -0.0999999
v 0.3 5.7 -0.0999999
v 0.3 5.9 -0.0999999
v 0.4 0.6 -0.0999999
v 0.4 0.7 -0.0999999
v 0.4 1 -0.0999999
v 0.4 1.1 -0.0999999
v 0.4 1.2 -0.0999999
v 0.4 1.4 -0.0999999
v 0.4 1.5 -0.0999999
v 0.4 1.8 -0.0999999
v 0.4 2.1 -0.0999999
v 0.4 3 -0.0999999
v 0.4 3.9 -0.0999999
v 0.4 5.7 -0.0999999
v 0.4 5.8 -0.0999999
v 0.5 0.6 -0.0999999
v 0.5 0.7 -0.0999999
v 0.5 0.9 -0.0999999
v 0.5 1 -0.0999999
v 0.5 1.1 -0.0999999
v 0.5 1.3 -0.0999999
v 0.5 1.4 -0.0999999
v 0.5 1.5 -0.0999999
v 0.5 1.7 -0.0999999
v 0.5 1.9 -0.0999999
v 0.5 2.5 -0.0999999
v 0.5 2.6 -0.0999999
v 0.5 3 -0.0999999
v 0.5 3.6 -0.0999999
v 0.5 3.8 -0.0999999
v 0.5 5.8 -0.0999999
v 0.5 5.9 -0.0999999
v 0.6 1.3 -0.0999999
v 0.6 1.4 -0.0999999
v 0.6 1.5 -0.0999999
v 0.6 1.7 -0.0999999
v 0.6 2.5 -0.0999999
v 0.6 2.6 -0.0999999
v 0.6 3 -0.0999999
v 0.6 3.6 -0.0999999
v 0.6 5.9 -0.0999999
v 0.6 6 -0.0999999
v 0.7 0.6 -0.0999999
v 0.7 0.7 -0.0999999
v 0.7 1.4 -0.0999999
v 0.7 1.8 -0.0999999
v 0.7 1.9 -0.0999999
v 0.7 2 -0.0999999
v 0.7 2.3 -0.0999999
v 0.7 2.6 -0.0999999
v 0.7 2.9 -0.0999999
v 0.7 3 -0.0999999
v 0.7 3.4 -0.0999999
v 0.7 3.8 -0.0999999
v 0.7 5.9 -0.0999999
v 0.7 6 -0.0999999
v 0.8 1.8 -0.0999999
v 0.8 1.9 -0.0999999
v 0.8 2 -0.0999999
v 0.8 2.2 -0.0999999
v 0.8 2.9 -0.0999999
v 0.8 3.4 -0.0999999
v 0.9 1.9 -0.0999999
v 0.9 2.1 -0.0999999
v 0.9 2.2 -0.0999999
v 0.9 2.3 -0.0999999
v 0.9 3.1 -0.0999999
v 0.9 3.6 -0.0999999
v 0.9 4.4 -0.0999999
v 0.9 4.5 -0.0999999
v 0.9 5.8 -0.0999999
v 0.9 5.9 -0.0999999
v 1 2.1 -0.0999999
v 1 2.4 -0.0999999
v 1 3.1 -0.0999999
v 1 3.6 -0.0999999
v 1 4.4 -0.0999999
v 1 4.5 -0.0999999
v 1 5.8 -0.0999999
v 1 5.9 -0.0999999
v 1.1 0.8 -0.0999999
v 1.1 1.5 -0.0999999
v 1.1 2.4 -0.0999999
v 1.1 4.2 -0.0999999
v 1.2 0.5 -0.0999999
v 1.2 0.6 -0.0999999
v 1.2 1.5 -0.0999999
v 1.2 4.2 -0.0999999
v 1.2 6.1 -0.0999999
v 1.2 6.2 -0.0999999
v 1.3 0.4 -0.0999999
v 1.3 0.5 -0.0999999
v 1.3 0.6 -0.0999999
v 1.3 6.1 -0.0999999
v 1.3 6.2 -0.0999999
v 1.3 6.3 -0.0999999
v 1.4 0.5 -0.0999999
v 1.4 6.2 -0.0999999
v 1.5 0.2 -0.0999999
v 1.5 0.3 -0.0999999
v 1.5 6.4 -0.0999999
v 1.5 6.5 -0.0999999
v 1.6 0.3 -0.0999999
v 1.6 6.4 -0.0999999
v -3 0 -0.2
v -3 1 -0.2
v -3 6.7 -0.2
v -2.8 0.3 -0.2
v -2.8 6.4 -0.2
v -2.7 0.2 -0.2
v -2.7 0.3 -0.2
v -2.7 6.4 -0.2
v -2.7 6.5 -0.2
v -2.6 0.5 -0.2
v -2.6 6.2 -0.2
v -2.5 0.4 -0.2
v -2.5 0.5 -0.2
v -2.5 0.6 -0.2
v -2.5 6.1 -0.2
v -2.5 6.2 -0.2
v -2.5 6.3 -0.2
v -2.4 0.5 -0.2
v -2.4 0.6 -0.2
v -2.4 6.1 -0.2
v -2.4 6.2 -0.2
v -1.3 2.9 -0.2
v -1.3 4.3 -0.2
v -1.2 2.8 -0.2
v -1.2 2.9 -0.2
v -1.2 3 -0.2
v -1.2 4.2 -0.2
v -1.2 4.3 -0.2
v -1.2 4.4 -0.2
v -1.1 0.5 -0.2
v -1.1 2.8 -0.2
v -1.1 2.9 -0.2
v -1.1 3 -0.2
v -1.1 3.1 -0.2
v -1.1 3.2 -0.2
v -1.1 4 -0.2
v -1.1 4.1 -0.2
v -1.1 4.2 -0.2
v -1.1 4.3 -0.2
v -1.1 4.4 -0.2
v -1.1 6.2 -0.2
v -1 0.4 -0.2
v -1 2.9 -0.2
v -1 3.2 -0.2
v -1 4 -0.2
v -1 4.3 -0.2
v -1 6.3 -0.2
v -0.9 3.1 -0.2
v -0.9 4.1 -0.2
v -0.7 0.2 -0.2
v -0.7 6.5 -0.2
v -0.5 0.2 -0.2
v -0.5 6.5 -0.2
v -0.3 3.1 -0.2
v -0.3 4.1 -0.2
v -0.2 0.4 -0.2
v -0.2 2.9 -0.2
v -0.2 3.2 -0.2
v -0.2 4 -0.2
v -0.2 4.3 -0.2
v -0.2 6.3 -0.2
v -0.0999999 0.5 -0.2
v -0.0999999 2.8 -0.2
v -0.0999999 2.9 -0.2
v -0.0999999 3 -0.2
v -0.0999999 3.1 -0.2
v -0.0999999 3.2 -0.2
v -0.0999999 4 -0.2
v -0.0999999 4.1 -0.2
v -0.0999999 4.2 -0.2
v -0.0999999 4.3 -0.2
v -0.0999999 4.4 -0.2
v -0.0999999 6.2 -0.2
v 4.76837e-07 2.8 -0.2
v 4.76837e-07 2.9 -0.2
v 4.76837e-07 3 -0.2
v 4.76837e-07 4.2 -0.2
v 4.76837e-07 4.3 -0.2
v 4.76837e-07 4.4 -0.2
v 0.1 2.9 -0.2
v 0.1 4.3 -0.2
v 1.2 0.5 -0.2
v 1.2 0.6 -0.2
v 1.2 6.1 -0.2
v 1.2 6.2 -0.2
v 1.3 0.4 -0.2
v 1.3 0.5 -0.2
v 1.3 0.6 -0.2
v 1.3 6.1 -0.2
v 1.3 6.2 -0.2
v 1.3 6.3 -0.2
v 1.4 0.5 -0.2
v 1.4 6.2 -0.2
v 1.5 0.2 -0.2
v 1.5 0.3 -0.2
v 1.5 6.4 -0.2
v 1.5 6.5 -0.2
v 1.6 0.3 -0.2
v 1.6 6.4 -0.2
v 1.8 0 -0.2
v 1.8 1 -0.2
v 1.8 6.7 -0.2
v -3.3 7.1 -0.3
v -3.3 7.2 -0.3
v -3.2 7.1 -0.3
v -3.2 7.2 -0.3
v -3.6 7 -0.6
v -3.6 7.4 -0.6
v -3.5 2.7 -0.6
v -3.5 2.8 -0.6
v -3.5 7.1 -0.6
v -3.5 7.3 -0.6
v -3.4 2.7 -0.6
v -3.4 2.8 -0.6
v -3.4 7 -0.6
v -3.4 7.1 -0.6
v -3.4 7.3 -0.6
v -3.3 7.1 -0.6
v -3.3 7.3 -0.6
v -3.2 7.1 -0.6
v -3.2 7.2 -0.6
v -3 7.2 -0.6
v -3 7.3 -0.6
v -3 7.4 -0.6
v 2.2 2.7 -0.6
v 2.2 2.8 -0.6
v 2.3 2.7 -0.6
v 2.3 2.8 -0.6
v -3.6 7 0.1
v -3.6 7.4 0.1
v -3.5 2.7 0.1
v -3.5 2.8 0.1
v -3.5 7.1 0.1
v -3.5 7.3 0.1
v -3.4 2.7 0.1
v -3.4 2.8 0.1
v -3.4 7 0.1
v -3.4 7.1 0.1
v -3.4 7.3 0.1
v -3.3 7.1 0.1
v -3.3 7.3 0.1
v -3.2 7.1 0.1
v -3.2 7.2 0.1
v -3 7.2 0.1
v -3 7.3 0.1
v -3 7.4 0.1
v 2.2 2.7 0.1
v 2.2 2.8 0.1
v 2.3 2.7 0.1
v 2.3 2.8 0.1
v -3.3 7.1 -0.4
v -3.3 7.2 -0.4
v -3.2 7.1 -0.4
v -3.2 7.2 -0.4
v -3 0 -0.4
v -3 1 -0.4
v -3 6.7 -0.4
v -2.8 0.3 -0.4
v -2.8 6.4 -0.4
v -2.7 0.2 -0.4
v -2.7 0.3 -0.4
v -2.7 6.4 -0.4
v -2.7 6.5 -0.4
v -2.6 0.5 -0.4
v -2.6 6.2 -0.4
v -2.5 0.4 -0.4
v -2.5 0.5 -0.4
v -2.5 0.6 -0.4
v -2.5 6.1 -0.4
v -2.5 6.2 -0.4
v -2.5 6.3 -0.4
v -2.4 0.5 -0.4
v -2.4 0.6 -0.4
v -2.4 6.1 -0.4
v -2.4 6.2 -0.4
v -1.3 2.9 -0.4
v -1.3 4.3 -0.4
v -1.2 2.8 -0.4
v -1.2 2.9 -0.4
v -1.2 3 -0.4
v -1.2 4.2 -0.4
v -1.2 4.3 -0.4
v -1.2 4.4 -0.4
v -1.1 0.5 -0.4
v -1.1 2.8 -0.4
v -1.1 2.9 -0.4
v -1.1 3 -0.4
v -1.1 3.1 -0.4
v -1.1 3.2 -0.4
v -1.1 4 -0.4
v -1.1 4.1 -0.4
v -1.1 4.2 -0.4
v -1.1 4.3 -0.4
v -1.1 4.4 -0.4
v -1.1 6.2 -0.4
v -1 0.4 -0.4
v -1 2.9 -0.4
v -1 3.2 -0.4
v -1 4 -0.4
v -1 4.3 -0.4
v -1 6.3 -0.4
v -0.9 3.1 -0.4
v -0.9 4.1 -0.4
v -0.7 0.2 -0.4
v -0.7 6.5 -0.4
v -0.5 0.2 -0.4
v -0.5 6.5 -0.4
v -0.3 3.1 -0.4
v -0.3 4.1 -0.4
v -0.2 0.4 -0.4
v -0.2 2.9 -0.4
v -0.2 3.2 -0.4
v -0.2 4 -0.4
v -0.2 4.3 -0.4
v -0.2 6.3 -0.4
v -0.0999999 0.5 -0.4
v -0.0999999 2.8 -0.4
v -0.0999999 2.9 -0.4
v -0.0999999 3 -0.4
v -0.0999999 3.1 -0.4
v -0.0999999 3.2 -0.4
v -0.0999999 4 -0.4
v -0.0999999 4.1 -0.4
v -0.0999999 4.2 -0.4
v -0.0999999 4.3 -0.4
v -0.0999999 4.4 -0.4
v -0.0999999 6.2 -0.4
v 4.76837e-07 2.8 -0.4
v 4.76837e-07 2.9 -0.4
v 4.76837e-07 3 -0.4
v 4.76837e-07 4.2 -0.4
v 4.76837e-07 4.3 -0.4
v 4.76837e-07 4.4 -0.4
v 0.1 2.9 -0.4
v 0.1 4.3 -0.4
v 1.2 0.5 -0.4
v 1.2 0.6 -0.4
v 1.2 6.1 -0.4
v 1.2 6.2 -0.4
v 1.3 0.4 -0.4
v 1.3 0.5 -0.4
v 1.3 0.6 -0.4
v 1.3 6.1 -0.4
v 1.3 6.2 -0.4
v 1.3 6.3 -0.4
v 1.4 0.5 -0.4
v 1.4 6.2 -0.4
v 1.5 0.2 -0.4
v 1.5 0.3 -0.4
v 1.5 6.4 -0.4
v 1.5 6.5 -0.4
v 1.6 0.3 -0.4
v 1.6 6.4 -0.4
v 1.8 0 -0.4
v 1.8 1 -0.4
v 1.8 6.7 -0.4
v -2.8 0.3 -0.5
v -2.8 6.4 -0.5
v -2.7 0.2 -0.5
v -2.7 0.3 -0.5
v -2.7 6.4 -0.5
v -2.7 6.5 -0.5
v -2.6 0.5 -0.5
v -2.6 6.2 -0.5
v -2.5 0.4 -0.5
v -2.5 0.5 -0.5
v -2.5 0.6 -0.5
v -2.5 6.1 -0.5
v -2.5 6.2 -0.5
v -2.5 6.3 -0.5
v -2.4 0.5 -0.5
v -2.4 0.6 -0.5
v -2.4 1.5 -0.5
v -2.4 4.2 -0.5
v -2.4 6.1 -0.5
v -2.4 6.2 -0.5
v -2.3 0.8 -0.5
v -2.3 1.5 -0.5
v -2.3 2.4 -0.5
v -2.3 4.2 -0.5
v -2.2 2.1 -0.5
v -2.2 2.4 -0.5
v -2.2 3.1 -0.5
v -2.2 3.6 -0.5
v -2.2 4.4 -0.5
v -2.2 4.5 -0.5
v -2.2 5.8 -0.5
v -2.2 5.9 -0.5
v -2.1 1.9 -0.5
v -2.1 2.1 -0.5
v -2.1 2.2 -0.5
v -2.1 2.3 -0.5
v -2.1 3.1 -0.5
v -2.1 3.6 -0.5
v -2.1 4.4 -0.5
v -2.1 4.5 -0.5
v -2.1 5.8 -0.5
v -2.1 5.9 -0.5
v -2 1.8 -0.5
v -2 1.9 -0.5
v -2 2 -0.5
v -2 2.2 -0.5
v -2 2.9 -0.5
v -2 3.4 -0.5
v -1.9 0.6 -0.5
v -1.9 0.7 -0.5
v -1.9 1.4 -0.5
v -1.9 1.8 -0.5
v -1.9 1.9 -0.5
v -1.9 2 -0.5
v -1.9 2.3 -0.5
v -1.9 2.6 -0.5
v -1.9 2.9 -0.5
v -1.9 3 -0.5
v -1.9 3.4 -0.5
v -1.9 3.8 -0.5
v -1.9 5.9 -0.5
v -1.9 6 -0.5
v -1.8 1.3 -0.5
v -1.8 1.4 -0.5
v -1.8 1.5 -0.5
v -1.8 1.7 -0.5
v -1.8 2.5 -0.5
v -1.8 2.6 -0.5
v -1.8 3 -0.5
v -1.8 3.6 -0.5
v -1.8 5.9 -0.5
v -1.8 6 -0.5
v -1.7 0.6 -0.5
v -1.7 0.7 -0.5
v -1.7 0.9 -0.5
v -1.7 1 -0.5
v -1.7 1.1 -0.5
v -1.7 1.3 -0.5
v -1.7 1.4 -0.5
v -1.7 1.5 -0.5
v -1.7 1.7 -0.5
v -1.7 1.9 -0.5
v -1.7 2.5 -0.5
v -1.7 2.6 -0.5
v -1.7 3 -0.5
v -1.7 3.6 -0.5
v -1.7 3.8 -0.5
v -1.7 5.8 -0.5
v -1.7 5.9 -0.5
v -1.6 0.6 -0.5
v -1.6 0.7 -0.5
v -1.6 1 -0.5
v -1.6 1.1 -0.5
v -1.6 1.2 -0.5
v -1.6 1.4 -0.5
v -1.6 1.5 -0.5
v -1.6 1.8 -0.5
v -1.6 2.1 -0.5
v -1.6 3 -0.5
v -1.6 3.9 -0.5
v -1.6 5.7 -0.5
v -1.6 5.8 -0.5
v -1.5 0.7 -0.5
v -1.5 0.8 -0.5
v -1.5 0.9 -0.5
v -1.5 1.2 -0.5
v -1.5 1.3 -0.5
v -1.5 1.4 -0.5
v -1.5 1.8 -0.5
v -1.5 2.1 -0.5
v -1.5 2.2 -0.5
v -1.5 2.4 -0.5
v -1.5 2.6 -0.5
v -1.5 2.9 -0.5
v -1.5 3.3 -0.5
v -1.5 3.7 -0.5
v -1.5 3.9 -0.5
v -1.5 4.3 -0.5
v -1.5 5.7 -0.5
v -1.5 5.9 -0.5
v -1.4 1.1 -0.5
v -1.4 1.3 -0.5
v -1.4 1.5 -0.5
v -1.4 2.2 -0.5
v -1.4 2.3 -0.5
v -1.4 2.4 -0.5
v -1.4 2.9 -0.5
v -1.4 3.3 -0.5
v -1.4 3.7 -0.5
v -1.4 4.3 -0.5
v -1.4 4.6 -0.5
v -1.4 4.8 -0.5
v -1.3 0.6 -0.5
v -1.3 0.8 -0.5
v -1.3 1.3 -0.5
v -1.3 1.5 -0.5
v -1.3 1.7 -0.5
v -1.3 2.2 -0.5
v -1.3 2.3 -0.5
v -1.3 2.4 -0.5
v -1.3 2.9 -0.5
v -1.3 4.3 -0.5
v -1.3 4.8 -0.5
v -1.3 5 -0.5
v -1.3 6 -0.5
v -1.3 6.1 -0.5
v -1.2 0.9 -0.5
v -1.2 1.1 -0.5
v -1.2 1.3 -0.5
v -1.2 1.7 -0.5
v -1.2 2.2 -0.5
v -1.2 2.4 -0.5
v -1.2 2.8 -0.5
v -1.2 2.9 -0.5
v -1.2 3 -0.5
v -1.2 4.2 -0.5
v -1.2 4.3 -0.5
v -1.2 4.4 -0.5
v -1.2 4.6 -0.5
v -1.2 5 -0.5
v -1.2 6 -0.5
v -1.2 6.1 -0.5
v -1.1 0.5 -0.5
v -1.1 2.8 -0.5
v -1.1 2.9 -0.5
v -1.1 3 -0.5
v -1.1 3.1 -0.5
v -1.1 3.2 -0.5
v -1.1 4 -0.5
v -1.1 4.1 -0.5
v -1.1 4.2 -0.5
v -1.1 4.3 -0.5
v -1.1 4.4 -0.5
v -1.1 6.2 -0.5
v -1 0.4 -0.5
v -1 2.9 -0.5
v -1 3.2 -0.5
v -1 4 -0.5
v -1 4.3 -0.5
v -1 6.3 -0.5
v -0.9 0.4 -0.5
v -0.9 3.1 -0.5
v -0.9 4.1 -0.5
v -0.9 6.3 -0.5
v -0.7 0.2 -0.5
v -0.7 6.5 -0.5
v -0.5 0.2 -0.5
v -0.5 6.5 -0.5
v -0.3 0.4 -0.5
v -0.3 3.1 -0.5
v -0.3 4.1 -0.5
v -0.3 6.3 -0.5
v -0.2 0.4 -0.5
v -0.2 2.9 -0.5
v -0.2 3.2 -0.5
v -0.2 4 -0.5
v -0.2 4.3 -0.5
v -0.2 6.3 -0.5
v -0.0999999 0.5 -0.5
v -0.0999999 2.8 -0.5
v -0.0999999 2.9 -0.5
v -0.0999999 3 -0.5
v -0.0999999 3.1 -0.5
v -0.0999999 3.2 -0.5
v -0.0999999 4 -0.5
v -0.0999999 4.1 -0.5
v -0.0999999 4.2 -0.5
v -0.0999999 4.3 -0.5
v -0.0999999 4.4 -0.5
v -0.0999999 6.2 -0.5
v 4.76837e-07 0.8 -0.5
v 4.76837e-07 0.9 -0.5
v 4.76837e-07 1.1 -0.5
v 4.76837e-07 1.7 -0.5
v 4.76837e-07 2.4 -0.5
v 4.76837e-07 2.5 -0.5
v 4.76837e-07 2.8 -0.5
v 4.76837e-07 2.9 -0.5
v 4.76837e-07 3 -0.5
v 4.76837e-07 4.2 -0.5
v 4.76837e-07 4.3 -0.5
v 4.76837e-07 4.4 -0.5
v 0.1 0.8 -0.5
v 0.1 0.9 -0.5
v 0.1 1.1 -0.5
v 0.1 1.3 -0.5
v 0.1 1.4 -0.5
v 0.1 1.7 -0.5
v 0.1 2.4 -0.5
v 0.1 2.5 -0.5
v 0.1 2.6 -0.5
v 0.1 2.9 -0.5
v 0.1 4.3 -0.5
v 0.1 4.4 -0.5
v 0.1 4.5 -0.5
v 0.1 5.4 -0.5
v 0.1 5.6 -0.5
v 0.2 0.9 -0.5
v 0.2 1.3 -0.5
v 0.2 3.8 -0.5
v 0.2 4.4 -0.5
v 0.2 5.4 -0.5
v 0.2 5.6 -0.5
v 0.3 0.6 -0.5
v 0.3 0.7 -0.5
v 0.3 0.8 -0.5
v 0.3 1 -0.5
v 0.3 1.2 -0.5
v 0.3 1.4 -0.5
v 0.3 2.8 -0.5
v 0.3 3 -0.5
v 0.3 3.8 -0.5
v 0.3 4.5 -0.5
v 0.3 4.6 -0.5
v 0.3 4.8 -0.5
v 0.4 0.8 -0.5
v 0.4 1 -0.5
v 0.4 1.2 -0.5
v 0.4 2 -0.5
v 0.4 2.4 -0.5
v 0.4 2.6 -0.5
v 0.4 2.8 -0.5
v 0.4 3 -0.5
v 0.4 3.1 -0.5
v 0.4 3.2 -0.5
v 0.4 4.6 -0.5
v 0.4 4.8 -0.5
v 0.5 1.1 -0.5
v 0.5 1.5 -0.5
v 0.5 1.7 -0.5
v 0.5 1.9 -0.5
v 0.5 2.1 -0.5
v 0.5 2.4 -0.5
v 0.5 2.5 -0.5
v 0.5 2.7 -0.5
v 0.5 3.1 -0.5
v 0.5 3.2 -0.5
v 0.6 0.9 -0.5
v 0.6 1 -0.5
v 0.6 1.3 -0.5
v 0.6 1.5 -0.5
v 0.6 1.7 -0.5
v 0.6 1.9 -0.5
v 0.6 2.1 -0.5
v 0.6 2.3 -0.5
v 0.6 2.5 -0.5
v 0.6 2.7 -0.5
v 0.7 1 -0.5
v 0.7 1.1 -0.5
v 0.7 1.3 -0.5
v 0.7 1.4 -0.5
v 0.7 1.6 -0.5
v 0.7 1.8 -0.5
v 0.7 2 -0.5
v 0.7 2.3 -0.5
v 0.7 3 -0.5
v 0.7 4 -0.5
v 0.7 4.1 -0.5
v 0.7 4.6 -0.5
v 0.8 1.2 -0.5
v 0.8 1.4 -0.5
v 0.8 1.6 -0.5
v 0.8 1.8 -0.5
v 0.8 2 -0.5
v 0.8 2.5 -0.5
v 0.8 3 -0.5
v 0.8 4 -0.5
v 0.8 4.1 -0.5
v 0.8 4.6 -0.5
v 0.9 0.6 -0.5
v 0.9 0.7 -0.5
v 0.9 1.1 -0.5
v 0.9 1.2 -0.5
v 0.9 2.5 -0.5
v 0.9 2.6 -0.5
v 1 0.8 -0.5
v 1 0.9 -0.5
v 1 2.6 -0.5
v 1 3 -0.5
v 1.1 3 -0.5
v 1.1 3.3 -0.5
v 1.1 3.5 -0.5
v 1.1 4.2 -0.5
v 1.2 0.5 -0.5
v 1.2 0.6 -0.5
v 1.2 0.8 -0.5
v 1.2 3.3 -0.5
v 1.2 3.5 -0.5
v 1.2 4.2 -0.5
v 1.2 6.1 -0.5
v 1.2 6.2 -0.5
v 1.3 0.4 -0.5
v 1.3 0.5 -0.5
v 1.3 0.6 -0.5
v 1.3 6.1 -0.5
v 1.3 6.2 -0.5
v 1.3 6.3 -0.5
v 1.4 0.5 -0.5
v 1.4 6.2 -0.5
v 1.5 0.2 -0.5
v 1.5 0.3 -0.5
v 1.5 6.4 -0.5
v 1.5 6.5 -0.5
v 1.6 0.3 -0.5
v 1.6 6.4 -0.5
v -4.1 0 -0.7
v -4.1 1 -0.7
v -4.1 1.5 -0.7
v -4.1 1.6 -0.7
v -4.1 7.7 -0.7
v -4 0 -0.7
v -4 1 -0.7
v -4 1.5 -0.7
v -4 1.6 -0.7
v -4 7.7 -0.7
v -4 7.8 -0.7
v -3.6 0 -0.7
v -3.6 1 -0.7
v -3.6 1.5 -0.7
v -3.6 1.6 -0.7
v -3.6 2.6 -0.7
v -3.6 7.5 -0.7
v -3.5 0 -0.7
v -3.5 1 -0.7
v -3.5 1.5 -0.7
v -3.5 1.6 -0.7
v -3.5 2.6 -0.7
v -3.5 2.8 -0.7
v -3.5 7 -0.7
v -3.5 7.1 -0.7
v -3.5 7.3 -0.7
v -3.4 2.6 -0.7
v -3.4 2.8 -0.7
v -3.4 7 -0.7
v -3.4 7.1 -0.7
v -3.4 7.3 -0.7
v -3.3 1.5 -0.7
v -3.3 2.6 -0.7
v -3.3 7.1 -0.7
v -3.3 7.3 -0.7
v -3.2 7.1 -0.7
v -3.2 7.2 -0.7
v -3.1 0 -0.7
v -3.1 1 -0.7
v -3.1 6.7 -0.7
v -3.1 7.4 -0.7
v -3.1 7.5 -0.7
v -3 0 -0.7
v -3 1 -0.7
v -3 6.7 -0.7
v -2.8 7.2 -0.7
v -2.8 7.3 -0.7
v -2.7 7.2 -0.7
v -2.7 7.3 -0.7
v -2.7 7.4 -0.7
v 1.5 7.2 -0.7
v 1.5 7.3 -0.7
v 1.5 7.4 -0.7
v 1.6 7.2 -0.7
v 1.6 7.3 -0.7
v 1.8 0 -0.7
v 1.8 1 -0.7
v 1.8 6.7 -0.7
v 1.9 0 -0.7
v 1.9 1 -0.7
v 1.9 6.7 -0.7
v 1.9 7.4 -0.7
v 1.9 7.5 -0.7
v 2 7.1 -0.7
v 2 7.2 -0.7
v 2.1 1.5 -0.7
v 2.1 2.6 -0.7
v 2.1 7.1 -0.7
v 2.1 7.3 -0.7
v 2.2 2.6 -0.7
v 2.2 2.8 -0.7
v 2.2 7 -0.7
v 2.2 7.1 -0.7
v 2.2 7.3 -0.7
v 2.3 0 -0.7
v 2.3 1 -0.7
v 2.3 1.5 -0.7
v 2.3 1.6 -0.7
v 2.3 2.6 -0.7
v 2.3 2.8 -0.7
v 2.3 7 -0.7
v 2.3 7.1 -0.7
v 2.3 7.3 -0.7
v 2.4 0 -0.7
v 2.4 1 -0.7
v 2.4 1.5 -0.7
v 2.4 1.6 -0.7
v 2.4 2.6 -0.7
v 2.4 7.5 -0.7
v 2.8 0 -0.7
v 2.8 1 -0.7
v 2.8 1.5 -0.7
v 2.8 1.6 -0.7
v 2.8 7.7 -0.7
v 2.8 7.8 -0.7
v 2.9 0 -0.7
v 2.9 1 -0.7
v 2.9 1.5 -0.7
v 2.9 1.6 -0.7
v 2.9 7.7 -0.7
v -4 0 -0.8
v -4 1 -0.8
v -4 1.5 -0.8
v -4 1.6 -0.8
v -4 7.7 -0.8
v -3.6 0 -0.8
v -3.6 1 -0.8
v -3.6 1.5 -0.8
v -3.6 1.6 -0.8
v -3.6 7.5 -0.8
v -3.5 0 -0.8
v -3.5 1 -0.8
v -3.5 1.5 -0.8
v -3.5 2.8 -0.8
v -3.5 7 -0.8
v -3.4 2.6 -0.8
v -3.4 2.8 -0.8
v -3.4 7 -0.8
v -3.4 7.1 -0.8
v -3.3 1.5 -0.8
v -3.3 2.6 -0.8
v -3.2 7.1 -0.8
v -3.2 7.2 -0.8
v -3.1 0 -0.8
v -3.1 1 -0.8
v -3.1 6.7 -0.8
v -3.1 7.4 -0.8
v -3.1 7.5 -0.8
v 1.9 0 -0.8
v 1.9 1 -0.8
v 1.9 6.7 -0.8
v 1.9 7.4 -0.8
v 1.9 7.5 -0.8
v 2 7.1 -0.8
v 2 7.2 -0.8
v 2.1 1.5 -0.8
v 2.1 2.6 -0.8
v 2.2 2.6 -0.8
v 2.2 2.8 -0.8
v 2.2 7 -0.8
v 2.2 7.1 -0.8
v 2.3 0 -0.8
v 2.3 1 -0.8
v 2.3 1.5 -0.8
v 2.3 2.8 -0.8
v 2.3 7 -0.8
v 2.4 0 -0.8
v 2.4 1 -0.8
v 2.4 1.5 -0.8
v 2.4 1.6 -0.8
v 2.4 7.5 -0.8
v 2.8 0 -0.8
v 2.8 1 -0.8
v 2.8 1.5 -0.8
v 2.8 1.6 -0.8
v 2.8 7.7 -0.8
v -4 0 0.3
v -3.6 0 0.3
v -3.5 0 0.3
v -3.1 0 0.3
v 1.9 0 0.3
v 2.3 0 0.3
v 2.4 0 0.3
v 2.8 0 0.3
v -4.1 0 0.2
v -4 0 0.2
v -3.6 0 0.2
v -3.5 0 0.2
v -3.1 0 0.2
v -3 0 0.2
v 1.8 0 0.2
v 1.9 0 0.2
v 2.3 0 0.2
v 2.4 0 0.2
v 2.8 0 0.2
v 2.9 0 0.2
v -3 0 -0.2
v 1.8 0 -0.2
v -3 0 -0.4
v 1.8 0 -0.4
v -4.1 0 -0.7
v -4 0 -0.7
v -3.6 0 -0.7
v -3.5 0 -0.7
v -3.1 0 -0.7
v -3 0 -0.7
v 1.8 0 -0.7
v 1.9 0 -0.7
v 2.3 0 -0.7
v 2.4 0 -0.7
v 2.8 0 -0.7
v 2.9 0 -0.7
v -4 0 -0.8
v -3.6 0 -0.8
v -3.5 0 -0.8
v -3.1 0 -0.8
v 1.9 0 -0.8
v 2.3 0 -0.8
v 2.4 0 -0.8
v 2.8 0 -0.8
v -2.7 0.2 -0.0999999
v -0.7 0.2 -0.0999999
v -0.5 0.2 -0.0999999
v 1.5 0.2 -0.0999999
v -2.7 0.2 -0.2
v -0.7 0.2 -0.2
v -0.5 0.2 -0.2
v 1.5 0.2 -0.2
v -2.7 0.2 -0.4
v -0.7 0.2 -0.4
v -0.5 0.2 -0.4
v 1.5 0.2 -0.4
v -2.7 0.2 -0.5
v -0.7 0.2 -0.5
v -0.5 0.2 -0.5
v 1.5 0.2 -0.5
v -2.8 0.3 -0.0999999
v -2.7 0.3 -0.0999999
v 1.5 0.3 -0.0999999
v 1.6 0.3 -0.0999999
v -2.8 0.3 -0.2
v -2.7 0.3 -0.2
v 1.5 0.3 -0.2
v 1.6 0.3 -0.2
v -2.8 0.3 -0.4
v -2.7 0.3 -0.4
v 1.5 0.3 -0.4
v 1.6 0.3 -0.4
v -2.8 0.3 -0.5
v -2.7 0.3 -0.5
v 1.5 0.3 -0.5
v 1.6 0.3 -0.5
v -2.4 0.5 -0.0999999
v -1.1 0.5 -0.0999999
v -0.0999999 0.5 -0.0999999
v 1.2 0.5 -0.0999999
v -2.4 0.5 -0.2
v -1.1 0.5 -0.2
v -0.0999999 0.5 -0.2
v 1.2 0.5 -0.2
v -2.4 0.5 -0.4
v -1.1 0.5 -0.4
v -0.0999999 0.5 -0.4
v 1.2 0.5 -0.4
v -2.4 0.5 -0.5
v -1.1 0.5 -0.5
v -0.0999999 0.5 -0.5
v 1.2 0.5 -0.5
v -2.5 0.6 -0.0999999
v -2.4 0.6 -0.0999999
v 1.2 0.6 -0.0999999
v 1.3 0.6 -0.0999999
v -2.5 0.6 -0.2
v -2.4 0.6 -0.2
v 1.2 0.6 -0.2
v 1.3 0.6 -0.2
v -2.5 0.6 -0.4
v -2.4 0.6 -0.4
v 1.2 0.6 -0.4
v 1.3 0.6 -0.4
v -2.5 0.6 -0.5
v -2.4 0.6 -0.5
v 1.2 0.6 -0.5
v 1.3 0.6 -0.5
v -4 1.6 0.3
v -3.6 1.6 0.3
v 2.4 1.6 0.3
v 2.8 1.6 0.3
v -4.1 1.6 0.2
v -4 1.6 0.2
v -3.6 1.6 0.2
v 2.4 1.6 0.2
v 2.8 1.6 0.2
v 2.9 1.6 0.2
v -4.1 1.6 -0.7
v -4 1.6 -0.7
v -3.6 1.6 -0.7
v 2.4 1.6 -0.7
v 2.8 1.6 -0.7
v 2.9 1.6 -0.7
v -4 1.6 -0.8
v -3.6 1.6 -0.8
v 2.4 1.6 -0.8
v 2.8 1.6 -0.8
v -3.4 2.6 0.3
v -3.3 2.6 0.3
v 2.1 2.6 0.3
v 2.2 2.6 0.3
v -3.4 2.6 0.2
v -3.3 2.6 0.2
v 2.1 2.6 0.2
v 2.2 2.6 0.2
v -3.4 2.6 -0.7
v -3.3 2.6 -0.7
v 2.1 2.6 -0.7
v 2.2 2.6 -0.7
v -3.4 2.6 -0.8
v -3.3 2.6 -0.8
v 2.1 2.6 -0.8
v 2.2 2.6 -0.8
v -3.5 2.8 0.3
v -3.4 2.8 0.3
v 2.2 2.8 0.3
v 2.3 2.8 0.3
v -3.5 2.8 0.2
v -3.4 2.8 0.2
v 2.2 2.8 0.2
v 2.3 2.8 0.2
v -3.5 2.8 0.1
v -3.4 2.8 0.1
v 2.2 2.8 0.1
v 2.3 2.8 0.1
v -3.5 2.8 -0.6
v -3.4 2.8 -0.6
v 2.2 2.8 -0.6
v 2.3 2.8 -0.6
v -3.5 2.8 -0.7
v -3.4 2.8 -0.7
v 2.2 2.8 -0.7
v 2.3 2.8 -0.7
v -3.5 2.8 -0.8
v -3.4 2.8 -0.8
v 2.2 2.8 -0.8
v 2.3 2.8 -0.8
v -1.1 2.9 -0.0999999
v -1 2.9 -0.0999999
v -0.2 2.9 -0.0999999
v -0.0999999 2.9 -0.0999999
v -1.1 2.9 -0.2
v -1 2.9 -0.2
v -0.2 2.9 -0.2
v -0.0999999 2.9 -0.2
v -1.1 2.9 -0.4
v -1 2.9 -0.4
v -0.2 2.9 -0.4
v -0.0999999 2.9 -0.4
v -1.1 2.9 -0.5
v -1 2.9 -0.5
v -0.2 2.9 -0.5
v -0.0999999 2.9 -0.5
v -1.2 3 -0.0999999
v -1.1 3 -0.0999999
v -0.0999999 3 -0.0999999
v 4.76837e-07 3 -0.0999999
v -1.2 3 -0.2
v -1.1 3 -0.2
v -0.0999999 3 -0.2
v 4.76837e-07 3 -0.2
v -1.2 3 -0.4
v -1.1 3 -0.4
v -0.0999999 3 -0.4
v 4.76837e-07 3 -0.4
v -1.2 3 -0.5
v -1.1 3 -0.5
v -0.0999999 3 -0.5
v 4.76837e-07 3 -0.5
v -1.1 3.2 -0.0999999
v -1 3.2 -0.0999999
v -0.2 3.2 -0.0999999
v -0.0999999 3.2 -0.0999999
v -1.1 3.2 -0.2
v -1 3.2 -0.2
v -0.2 3.2 -0.2
v -0.0999999 3.2 -0.2
v -1.1 3.2 -0.4
v -1 3.2 -0.4
v -0.2 3.2 -0.4
v -0.0999999 3.2 -0.4
v -1.1 3.2 -0.5
v -1 3.2 -0.5
v -0.2 3.2 -0.5
v -0.0999999 3.2 -0.5
v -1.1 4.1 -0.0999999
v -0.9 4.1 -0.0999999
v -0.3 4.1 -0.0999999
v -0.0999999 4.1 -0.0999999
v -1.1 4.1 -0.2
v -0.9 4.1 -0.2
v -0.3 4.1 -0.2
v -0.0999999 4.1 -0.2
v -1.1 4.1 -0.4
v -0.9 4.1 -0.4
v -0.3 4.1 -0.4
v -0.0999999 4.1 -0.4
v -1.1 4.1 -0.5
v -0.9 4.1 -0.5
v -0.3 4.1 -0.5
v -0.0999999 4.1 -0.5
v -1.3 4.3 -0.0999999
v -1.2 4.3 -0.0999999
v 4.76837e-07 4.3 -0.0999999
v 0.1 4.3 -0.0999999
v -1.3 4.3 -0.2
v -1.2 4.3 -0.2
v 4.76837e-07 4.3 -0.2
v 0.1 4.3 -0.2
v -1.3 4.3 -0.4
v -1.2 4.3 -0.4
v 4.76837e-07 4.3 -0.4
v 0.1 4.3 -0.4
v -1.3 4.3 -0.5
v -1.2 4.3 -0.5
v 4.76837e-07 4.3 -0.5
v 0.1 4.3 -0.5
v -1.2 4.4 -0.0999999
v -1.1 4.4 -0.0999999
v -0.0999999 4.4 -0.0999999
v 4.76837e-07 4.4 -0.0999999
v -1.2 4.4 -0.2
v -1.1 4.4 -0.2
v -0.0999999 4.4 -0.2
v 4.76837e-07 4.4 -0.2
v -1.2 4.4 -0.4
v -1.1 4.4 -0.4
v -0.0999999 4.4 -0.4
v 4.76837e-07 4.4 -0.4
v -1.2 4.4 -0.5
v -1.1 4.4 -0.5
v -0.0999999 4.4 -0.5
v 4.76837e-07 4.4 -0.5
v -2.6 6.2 -0.0999999
v -2.5 6.2 -0.0999999
v 1.3 6.2 -0.0999999
v 1.4 6.2 -0.0999999
v -2.6 6.2 -0.2
v -2.5 6.2 -0.2
v 1.3 6.2 -0.2
v 1.4 6.2 -0.2
v -2.6 6.2 -0.4
v -2.5 6.2 -0.4
v 1.3 6.2 -0.4
v 1.4 6.2 -0.4
v -2.6 6.2 -0.5
v -2.5 6.2 -0.5
v 1.3 6.2 -0.5
v 1.4 6.2 -0.5
v -2.5 6.3 -0.0999999
v -1 6.3 -0.0999999
v -0.2 6.3 -0.0999999
v 1.3 6.3 -0.0999999
v -2.5 6.3 -0.2
v -1 6.3 -0.2
v -0.2 6.3 -0.2
v 1.3 6.3 -0.2
v -2.5 6.3 -0.4
v -1 6.3 -0.4
v -0.2 6.3 -0.4
v 1.3 6.3 -0.4
v -2.5 6.3 -0.5
v -1 6.3 -0.5
v -0.2 6.3 -0.5
v 1.3 6.3 -0.5
v -3 6.7 0.2
v 1.8 6.7 0.2
v -3 6.7 -0.2
v 1.8 6.7 -0.2
v -3 6.7 -0.4
v 1.8 6.7 -0.4
v -3.1 6.7 -0.7
v -3 6.7 -0.7
v 1.8 6.7 -0.7
v 1.9 6.7 -0.7
v -3.1 6.7 -0.8
v 1.9 6.7 -0.8
v -3.1 6.8 0.3
v 1.9 6.8 0.3
v -3.1 6.8 0.2
v 1.9 6.8 0.2
v -3.1 7.4 0.3
v 1.9 7.4 0.3
v -3.1 7.4 0.2
v -2.7 7.4 0.2
v 1.5 7.4 0.2
v 1.9 7.4 0.2
v -3.6 7.4 0.1
v -3 7.4 0.1
v -3.6 7.4 -0.6
v -3 7.4 -0.6
v -3.1 7.4 -0.7
v -2.7 7.4 -0.7
v 1.5 7.4 -0.7
v 1.9 7.4 -0.7
v -3.1 7.4 -0.8
v 1.9 7.4 -0.8
v -3.6 7.5 0.3
v -3.1 7.5 0.3
v 1.9 7.5 0.3
v 2.4 7.5 0.3
v -3.6 7.5 0.2
v -3.1 7.5 0.2
v 1.9 7.5 0.2
v 2.4 7.5 0.2
v -3.6 7.5 -0.7
v -3.1 7.5 -0.7
v 1.9 7.5 -0.7
v 2.4 7.5 -0.7
v -3.6 7.5 -0.8
v -3.1 7.5 -0.8
v 1.9 7.5 -0.8
v 2.4 7.5 -0.8
v -2.5 0.4 -0.0999999
v -1 0.4 -0.0999999
v -0.2 0.4 -0.0999999
v 1.3 0.4 -0.0999999
v -2.5 0.4 -0.2
v -1 0.4 -0.2
v -0.2 0.4 -0.2
v 1.3 0.4 -0.2
v -2.5 0.4 -0.4
v -1 0.4 -0.4
v -0.2 0.4 -0.4
v 1.3 0.4 -0.4
v -2.5 0.4 -0.5
v -1 0.4 -0.5
v -0.2 0.4 -0.5
v 1.3 0.4 -0.5
v -2.6 0.5 -0.0999999
v -2.5 0.5 -0.0999999
v 1.3 0.5 -0.0999999
v 1.4 0.5 -0.0999999
v -2.6 0.5 -0.2
v -2.5 0.5 -0.2
v 1.3 0.5 -0.2
v 1.4 0.5 -0.2
v -2.6 0.5 -0.4
v -2.5 0.5 -0.4
v 1.3 0.5 -0.4
v 1.4 0.5 -0.4
v -2.6 0.5 -0.5
v -2.5 0.5 -0.5
v 1.3 0.5 -0.5
v 1.4 0.5 -0.5
v -4 1.5 0.3
v -3.6 1.5 0.3
v -3.5 1.5 0.3
v -3.3 1.5 0.3
v 2.1 1.5 0.3
v 2.3 1.5 0.3
v 2.4 1.5 0.3
v 2.8 1.5 0.3
v -4.1 1.5 0.2
v -4 1.5 0.2
v -3.6 1.5 0.2
v -3.5 1.5 0.2
v -3.3 1.5 0.2
v 2.1 1.5 0.2
v 2.3 1.5 0.2
v 2.4 1.5 0.2
v 2.8 1.5 0.2
v 2.9 1.5 0.2
v -4.1 1.5 -0.7
v -4 1.5 -0.7
v -3.6 1.5 -0.7
v -3.5 1.5 -0.7
v -3.3 1.5 -0.7
v 2.1 1.5 -0.7
v 2.3 1.5 -0.7
v 2.4 1.5 -0.7
v 2.8 1.5 -0.7
v 2.9 1.5 -0.7
v -4 1.5 -0.8
v -3.6 1.5 -0.8
v -3.5 1.5 -0.8
v -3.3 1.5 -0.8
v 2.1 1.5 -0.8
v 2.3 1.5 -0.8
v 2.4 1.5 -0.8
v 2.8 1.5 -0.8
v -3.5 2.7 0.1
v -3.4 2.7 0.1
v 2.2 2.7 0.1
v 2.3 2.7 0.1
v -3.5 2.7 -0.6
v -3.4 2.7 -0.6
v 2.2 2.7 -0.6
v 2.3 2.7 -0.6
v -1.2 2.8 -0.0999999
v -1.1 2.8 -0.0999999
v -0.0999999 2.8 -0.0999999
v 4.76837e-07 2.8 -0.0999999
v -1.2 2.8 -0.2
v -1.1 2.8 -0.2
v -0.0999999 2.8 -0.2
v 4.76837e-07 2.8 -0.2
v -1.2 2.8 -0.4
v -1.1 2.8 -0.4
v -0.0999999 2.8 -0.4
v 4.76837e-07 2.8 -0.4
v -1.2 2.8 -0.5
v -1.1 2.8 -0.5
v -0.0999999 2.8 -0.5
v 4.76837e-07 2.8 -0.5
v -1.3 2.9 -0.0999999
v -1.2 2.9 -0.0999999
v 4.76837e-07 2.9 -0.0999999
v 0.1 2.9 -0.0999999
v -1.3 2.9 -0.2
v -1.2 2.9 -0.2
v 4.76837e-07 2.9 -0.2
v 0.1 2.9 -0.2
v -1.3 2.9 -0.4
v -1.2 2.9 -0.4
v 4.76837e-07 2.9 -0.4
v 0.1 2.9 -0.4
v -1.3 2.9 -0.5
v -1.2 2.9 -0.5
v 4.76837e-07 2.9 -0.5
v 0.1 2.9 -0.5
v -1.1 3.1 -0.0999999
v -0.9 3.1 -0.0999999
v -0.3 3.1 -0.0999999
v -0.0999999 3.1 -0.0999999
v -1.1 3.1 -0.2
v -0.9 3.1 -0.2
v -0.3 3.1 -0.2
v -0.0999999 3.1 -0.2
v -1.1 3.1 -0.4
v -0.9 3.1 -0.4
v -0.3 3.1 -0.4
v -0.0999999 3.1 -0.4
v -1.1 3.1 -0.5
v -0.9 3.1 -0.5
v -0.3 3.1 -0.5
v -0.0999999 3.1 -0.5
v -1.1 4 -0.0999999
v -1 4 -0.0999999
v -0.2 4 -0.0999999
v -0.0999999 4 -0.0999999
v -1.1 4 -0.2
v -1 4 -0.2
v -0.2 4 -0.2
v -0.0999999 4 -0.2
v -1.1 4 -0.4
v -1 4 -0.4
v -0.2 4 -0.4
v -0.0999999 4 -0.4
v -1.1 4 -0.5
v -1 4 -0.5
v -0.2 4 -0.5
v -0.0999999 4 -0.5
v -1.2 4.2 -0.0999999
v -1.1 4.2 -0.0999999
v -0.0999999 4.2 -0.0999999
v 4.76837e-07 4.2 -0.0999999
v -1.2 4.2 -0.2
v -1.1 4.2 -0.2
v -0.0999999 4.2 -0.2
v 4.76837e-07 4.2 -0.2
v -1.2 4.2 -0.4
v -1.1 4.2 -0.4
v -0.0999999 4.2 -0.4
v 4.76837e-07 4.2 -0.4
v -1.2 4.2 -0.5
v -1.1 4.2 -0.5
v -0.0999999 4.2 -0.5
v 4.76837e-07 4.2 -0.5
v -1.1 4.3 -0.0999999
v -1 4.3 -0.0999999
v -0.2 4.3 -0.0999999
v -0.0999999 4.3 -0.0999999
v -1.1 4.3 -0.2
v -1 4.3 -0.2
v -0.2 4.3 -0.2
v -0.0999999 4.3 -0.2
v -1.1 4.3 -0.4
v -1 4.3 -0.4
v -0.2 4.3 -0.4
v -0.0999999 4.3 -0.4
v -1.1 4.3 -0.5
v -1 4.3 -0.5
v -0.2 4.3 -0.5
v -0.0999999 4.3 -0.5
v -2.5 6.1 -0.0999999
v -2.4 6.1 -0.0999999
v 1.2 6.1 -0.0999999
v 1.3 6.1 -0.0999999
v -2.5 6.1 -0.2
v -2.4 6.1 -0.2
v 1.2 6.1 -0.2
v 1.3 6.1 -0.2
v -2.5 6.1 -0.4
v -2.4 6.1 -0.4
v 1.2 6.1 -0.4
v 1.3 6.1 -0.4
v -2.5 6.1 -0.5
v -2.4 6.1 -0.5
v 1.2 6.1 -0.5
v 1.3 6.1 -0.5
v -2.4 6.2 -0.0999999
v -1.1 6.2 -0.0999999
v -0.0999999 6.2 -0.0999999
v 1.2 6.2 -0.0999999
v -2.4 6.2 -0.2
v -1.1 6.2 -0.2
v -0.0999999 6.2 -0.2
v 1.2 6.2 -0.2
v -2.4 6.2 -0.4
v -1.1 6.2 -0.4
v -0.0999999 6.2 -0.4
v 1.2 6.2 -0.4
v -2.4 6.2 -0.5
v -1.1 6.2 -0.5
v -0.0999999 6.2 -0.5
v 1.2 6.2 -0.5
v -2.8 6.4 -0.0999999
v -2.7 6.4 -0.0999999
v 1.5 6.4 -0.0999999
v 1.6 6.4 -0.0999999
v -2.8 6.4 -0.2
v -2.7 6.4 -0.2
v 1.5 6.4 -0.2
v 1.6 6.4 -0.2
v -2.8 6.4 -0.4
v -2.7 6.4 -0.4
v 1.5 6.4 -0.4
v 1.6 6.4 -0.4
v -2.8 6.4 -0.5
v -2.7 6.4 -0.5
v 1.5 6.4 -0.5
v 1.6 6.4 -0.5
v -2.7 6.5 -0.0999999
v -0.7 6.5 -0.0999999
v -0.5 6.5 -0.0999999
v 1.5 6.5 -0.0999999
v -2.7 6.5 -0.2
v -0.7 6.5 -0.2
v -0.5 6.5 -0.2
v 1.5 6.5 -0.2
v -2.7 6.5 -0.4
v -0.7 6.5 -0.4
v -0.5 6.5 -0.4
v 1.5 6.5 -0.4
v -2.7 6.5 -0.5
v -0.7 6.5 -0.5
v -0.5 6.5 -0.5
v 1.5 6.5 -0.5
v -3.5 7 0.3
v -3.4 7 0.3
v 2.2 7 0.3
v 2.3 7 0.3
v -3.5 7 0.2
v -3.4 7 0.2
v 2.2 7 0.2
v 2.3 7 0.2
v -3.6 7 0.1
v -3.4 7 0.1
v -3.6 7 -0.6
v -3.4 7 -0.6
v -3.5 7 -0.7
v -3.4 7 -0.7
v 2.2 7 -0.7
v 2.3 7 -0.7
v -3.5 7 -0.8
v -3.4 7 -0.8
v 2.2 7 -0.8
v 2.3 7 -0.8
v -3.4 7.1 0.3
v -3.2 7.1 0.3
v 2 7.1 0.3
v 2.2 7.1 0.3
v -3.4 7.1 0.2
v -3.3 7.1 0.2
v -3.2 7.1 0.2
v 2 7.1 0.2
v 2.1 7.1 0.2
v 2.2 7.1 0.2
v -3.4 7.1 0.1
v -3.3 7.1 0.1
v -3.2 7.1 0.1
v -3.3 7.1 -0.3
v -3.2 7.1 -0.3
v -3.3 7.1 -0.4
v -3.2 7.1 -0.4
v -3.4 7.1 -0.6
v -3.3 7.1 -0.6
v -3.2 7.1 -0.6
v -3.4 7.1 -0.7
v -3.3 7.1 -0.7
v -3.2 7.1 -0.7
v 2 7.1 -0.7
v 2.1 7.1 -0.7
v 2.2 7.1 -0.7
v -3.4 7.1 -0.8
v -3.2 7.1 -0.8
v 2 7.1 -0.8
v 2.2 7.1 -0.8
v -3.2 7.2 0.3
v 2 7.2 0.3
v -3.2 7.2 0.2
v -2.8 7.2 0.2
v -2.7 7.2 0.2
v 1.5 7.2 0.2
v 1.6 7.2 0.2
v 2 7.2 0.2
v -3.2 7.2 0.1
v -3 7.2 0.1
v -3.3 7.2 -0.3
v -3.2 7.2 -0.3
v -3.3 7.2 -0.4
v -3.2 7.2 -0.4
v -3.2 7.2 -0.6
v -3 7.2 -0.6
v -3.2 7.2 -0.7
v -2.8 7.2 -0.7
v -2.7 7.2 -0.7
v 1.5 7.2 -0.7
v 1.6 7.2 -0.7
v 2 7.2 -0.7
v -3.2 7.2 -0.8
v 2 7.2 -0.8
v -4 7.7 0.3
v 2.8 7.7 0.3
v -4.1 7.7 0.2
v -4 7.7 0.2
v 2.8 7.7 0.2
v 2.9 7.7 0.2
v -4.1 7.7 -0.7
v -4 7.7 -0.7
v 2.8 7.7 -0.7
v 2.9 7.7 -0.7
v -4 7.7 -0.8
v 2.8 7.7 -0.8
v -4 7.8 0.2
v 2.8 7.8 0.2
v -4 7.8 -0.7
v 2.8 7.8 -0.7

# faces
f 3/6/1 2/6/1 1/6/1
f 4/6/1 2/6/1 3/6/1
f 5/4/1 4/4/1 3/4/1
f 6/4/1 4/4/1 5/4/1
f 9/4/1 8/4/1 7/4/1
f 10/4/1 8/4/1 9/4/1
f 15/6/1 12/6/1 11/6/1
f 16/6/1 12/6/1 15/6/1
f 17/6/1 14/6/1 13/6/1
f 18/6/1 14/6/1 17/6/1
f 19/4/1 16/4/1 15/4/1
f 20/4/1 16/4/1 19/4/1
f 21/4/1 18/4/1 17/4/1
f 22/4/1 18/4/1 21/4/1
f 24/6/1 21/6/1 20/6/1
f 25/6/1 21/6/1 24/6/1
f 27/4/1 24/4/1 23/4/1
f 28/4/1 24/4/1 27/4/1
f 29/4/1 26/4/1 25/4/1
f 30/4/1 26/4/1 29/4/1
f 31/4/1 29/4/1 28/4/1
f 32/4/1 29/4/1 31/4/1
f 37/6/1 34/6/1 33/6/1
f 38/6/1 34/6/1 37/6/1
f 39/6/1 36/6/1 35/6/1
f 40/6/1 36/6/1 39/6/1
f 41/4/1 38/4/1 37/4/1
f 42/4/1 38/4/1 41/4/1
f 43/4/1 40/4/1 39/4/1
f 44/4/1 40/4/1 43/4/1
f 49/4/1 46/4/1 45/4/1
f 50/4/1 46/4/1 49/4/1
f 51/4/1 48/4/1 47/4/1
f 52/4/1 48/4/1 51/4/1
f 59/4/1 54/4/1 53/4/1
f 60/4/1 54/4/1 59/4/1
f 61/4/1 58/4/1 57/4/1
f 62/4/1 58/4/1 61/4/1
f 63/4/1 56/4/1 55/4/1
f 64/4/1 56/4/1 63/4/1
f 71/4/1 66/4/1 65/4/1
f 72/4/1 66/4/1 71/4/1
f 73/4/1 68/4/1 67/4/1
f 74/4/1 68/4/1 73/4/1
f 75/4/1 70/4/1 69/4/1
f 76/4/1 70/4/1 75/4/1
f 81/4/1 78/4/1 77/4/1
f 82/4/1 78/4/1 81/4/1
f 83/4/1 80/4/1 79/4/1
f 84/4/1 80/4/1 83/4/1
f 87/4/1 86/4/1 85/4/1
f 88/4/1 86/4/1 87/4/1
f 97/4/1 90/4/1 89/4/1
f 98/4/1 90/4/1 97/4/1
f 99/4/1 92/4/1 91/4/1
f 100/4/1 92/4/1 99/4/1
f 101/4/1 94/4/1 93/4/1
f 102/4/1 94/4/1 101/4/1
f 103/4/1 96/4/1 95/4/1
f 104/4/1 96/4/1 103/4/1
f 109/4/1 106/4/1 105/4/1
f 110/4/1 106/4/1 109/4/1
f 111/4/1 108/4/1 107/4/1
f 112/4/1 108/4/1 111/4/1
f 115/4/1 114/4/1 113/4/1
f 116/4/1 114/4/1 115/4/1
f 117/4/1 116/4/1 115/4/1
f 118/4/1 116/4/1 117/4/1
f 123/6/1 120/6/1 119/6/1
f 124/6/1 120/6/1 123/6/1
f 125/6/1 122/6/1 121/6/1
f 126/6/1 122/6/1 125/6/1
f 131/6/1 128/6/1 127/6/1
f 132/6/1 128/6/1 131/6/1
f 133/6/1 130/6/1 129/6/1
f 134/6/1 130/6/1 133/6/1
f 139/6/1 136/6/1 135/6/1
f 140/6/1 136/6/1 139/6/1
f 141/6/1 138/6/1 137/6/1
f 142/6/1 138/6/1 141/6/1
f 147/5/1 144/5/1 143/5/1
f 148/5/1 144/5/1 147/5/1
f 149/5/1 146/5/1 145/5/1
f 150/5/1 146/5/1 149/5/1
f 155/5/1 152/5/1 151/5/1
f 156/5/1 152/5/1 155/5/1
f 157/5/1 154/5/1 153/5/1
f 158/5/1 154/5/1 157/5/1
f 163/5/1 160/5/1 159/5/1
f 164/5/1 160/5/1 163/5/1
f 165/5/1 162/5/1 161/5/1
f 166/5/1 162/5/1 165/5/1
f 171/2/1 168/2/1 167/2/1
f 172/2/1 168/2/1 171/2/1
f 173/2/1 170/2/1 169/2/1
f 174/2/1 170/2/1 173/2/1
f 179/2/1 176/2/1 175/2/1
f 180/2/1 176/2/1 179/2/1
f 181/2/1 178/2/1 177/2/1
f 182/2/1 178/2/1 181/2/1
f 187/2/1 184/2/1 183/2/1
f 188/2/1 184/2/1 187/2/1
f 189/2/1 186/2/1 185/2/1
f 190/2/1 186/2/1 189/2/1
f 195/2/1 192/2/1 191/2/1
f 196/2/1 192/2/1 195/2/1
f 197/2/1 194/2/1 193/2/1
f 198/2/1 194/2/1 197/2/1
f 203/2/1 200/2/1 199/2/1
f 204/2/1 200/2/1 203/2/1
f 205/2/1 202/2/1 201/2/1
f 206/2/1 202/2/1 205/2/1
f 211/6/1 208/6/1 207/6/1
f 212/6/1 208/6/1 211/6/1
f 213/6/1 210/6/1 209/6/1
f 214/6/1 210/6/1 213/6/1
f 219/6/1 216/6/1 215/6/1
f 220/6/1 216/6/1 219/6/1
f 221/6/1 218/6/1 217/6/1
f 222/6/1 218/6/1 221/6/1
f 227/3/1 224/3/1 223/3/1
f 228/3/1 224/3/1 227/3/1
f 229/3/1 226/3/1 225/3/1
f 230/3/1 226/3/1 229/3/1
f 235/5/1 232/5/1 231/5/1
f 236/5/1 232/5/1 235/5/1
f 237/5/1 234/5/1 233/5/1
f 238/5/1 234/5/1 237/5/1
f 243/2/1 240/2/1 239/2/1
f 244/2/1 240/2/1 243/2/1
f 245/2/1 242/2/1 241/2/1
f 246/2/1 242/2/1 245/2/1
f 251/2/1 248/2/1 247/2/1
f 252/2/1 248/2/1 251/2/1
f 253/2/1 250/2/1 249/2/1
f 254/2/1 250/2/1 253/2/1
f 259/5/1 256/5/1 255/5/1
f 260/5/1 256/5/1 259/5/1
f 261/5/1 258/5/1 257/5/1
f 262/5/1 258/5/1 261/5/1
f 267/5/1 264/5/1 263/5/1
f 268/5/1 264/5/1 267/5/1
f 269/5/1 266/5/1 265/5/1
f 270/5/1 266/5/1 269/5/1
f 275/5/1 272/5/1 271/5/1
f 276/5/1 272/5/1 275/5/1
f 277/5/1 274/5/1 273/5/1
f 278/5/1 274/5/1 277/5/1
f 283/5/1 280/5/1 279/5/1
f 284/5/1 280/5/1 283/5/1
f 285/5/1 282/5/1 281/5/1
f 286/5/1 282/5/1 285/5/1
f 291/6/1 288/6/1 287/6/1
f 292/6/1 288/6/1 291/6/1
f 293/6/1 290/6/1 289/6/1
f 294/6/1 290/6/1 293/6/1
f 299/6/1 296/6/1 295/6/1
f 300/6/1 296/6/1 299/6/1
f 301/6/1 298/6/1 297/6/1
f 302/6/1 298/6/1 301/6/1
f 307/6/1 304/6/1 303/6/1
f 308/6/1 304/6/1 307/6/1
f 309/6/1 306/6/1 305/6/1
f 310/6/1 306/6/1 309/6/1
f 315/6/1 312/6/1 311/6/1
f 316/6/1 312/6/1 315/6/1
f 317/6/1 314/6/1 313/6/1
f 318/6/1 314/6/1 317/6/1
f 319/4/1 316/4/1 315/4/1
f 320/4/1 316/4/1 319/4/1
f 321/4/1 318/4/1 317/4/1
f 322/4/1 318/4/1 321/4/1
f 327/6/1 324/6/1 323/6/1
f 328/6/1 324/6/1 327/6/1
f 329/6/1 326/6/1 325/6/1
f 330/6/1 326/6/1 329/6/1
f 331/4/1 330/4/1 329/4/1
f 332/4/1 330/4/1 331/4/1
f 333/4/1 328/4/1 327/4/1
f 334/4/1 328/4/1 333/4/1
f 337/4/1 336/4/1 335/4/1
f 338/4/1 336/4/1 337/4/1
f 343/6/1 340/6/1 339/6/1
f 344/6/1 340/6/1 343/6/1
f 345/6/1 342/6/1 341/6/1
f 346/6/1 342/6/1 345/6/1
f 347/4/1 344/4/1 343/4/1
f 348/4/1 344/4/1 347/4/1
f 349/4/1 346/4/1 345/4/1
f 350/4/1 346/4/1 349/4/1
f 355/4/1 352/4/1 351/4/1
f 356/4/1 354/4/1 353/4/1
f 357/4/1 355/4/1 351/4/1
f 358/4/1 355/4/1 357/4/1
f 359/4/1 354/4/1 356/4/1
f 360/4/1 354/4/1 359/4/1
f 361/6/2 362/6/2 365/6/2
f 365/6/2 362/6/2 366/6/2
f 363/6/2 364/6/2 367/6/2
f 367/6/2 364/6/2 368/6/2
f 365/4/2 366/4/2 369/4/2
f 369/4/2 366/4/2 370/4/2
f 367/4/2 368/4/2 371/4/2
f 371/4/2 368/4/2 372/4/2
f 373/4/2 374/4/2 377/4/2
f 375/4/2 376/4/2 378/4/2
f 379/4/2 380/4/2 381/4/2
f 381/4/2 380/4/2 382/4/2
f 373/4/2 377/4/2 383/4/2
f 383/4/2 377/4/2 384/4/2
f 378/4/2 376/4/2 385/4/2
f 385/4/2 376/4/2 386/4/2
f 387/4/2 388/4/2 389/4/2
f 389/4/2 388/4/2 390/4/2
f 391/6/2 392/6/2 395/6/2
f 395/6/2 392/6/2 396/6/2
f 393/6/2 394/6/2 397/6/2
f 397/6/2 394/6/2 398/6/2
f 397/4/2 398/4/2 399/4/2
f 399/4/2 398/4/2 400/4/2
f 395/4/2 396/4/2 401/4/2
f 401/4/2 396/4/2 402/4/2
f 403/6/2 404/6/2 407/6/2
f 407/6/2 404/6/2 408/6/2
f 405/6/2 406/6/2 409/6/2
f 409/6/2 406/6/2 410/6/2
f 407/4/2 408/4/2 411/4/2
f 411/4/2 408/4/2 412/4/2
f 409/4/2 410/4/2 413/4/2
f 413/4/2 410/4/2 414/4/2
f 415/6/2 416/6/2 419/6/2
f 419/6/2 416/6/2 420/6/2
f 417/6/2 418/6/2 421/6/2
f 421/6/2 418/6/2 422/6/2
f 423/6/2 424/6/2 427/6/2
f 427/6/2 424/6/2 428/6/2
f 425/6/2 426/6/2 429/6/2
f 429/6/2 426/6/2 430/6/2
f 431/6/2 432/6/2 435/6/2
f 435/6/2 432/6/2 436/6/2
f 433/6/2 434/6/2 437/6/2
f 437/6/2 434/6/2 438/6/2
f 439/5/2 440/5/2 443/5/2
f 443/5/2 440/5/2 444/5/2
f 441/5/2 442/5/2 445/5/2
f 445/5/2 442/5/2 446/5/2
f 447/5/2 448/5/2 451/5/2
f 451/5/2 448/5/2 452/5/2
f 449/5/2 450/5/2 453/5/2
f 453/5/2 450/5/2 454/5/2
f 455/5/2 456/5/2 459/5/2
f 459/5/2 456/5/2 460/5/2
f 457/5/2 458/5/2 461/5/2
f 461/5/2 458/5/2 462/5/2
f 463/5/2 464/5/2 467/5/2
f 467/5/2 464/5/2 468/5/2
f 465/5/2 466/5/2 469/5/2
f 469/5/2 466/5/2 470/5/2
f 471/2/2 472/2/2 475/2/2
f 475/2/2 472/2/2 476/2/2
f 473/2/2 474/2/2 477/2/2
f 477/2/2 474/2/2 478/2/2
f 479/2/2 480/2/2 483/2/2
f 483/2/2 480/2/2 484/2/2
f 481/2/2 482/2/2 485/2/2
f 485/2/2 482/2/2 486/2/2
f 487/5/2 488/5/2 491/5/2
f 491/5/2 488/5/2 492/5/2
f 489/5/2 490/5/2 493/5/2
f 493/5/2 490/5/2 494/5/2
f 495/3/2 496/3/2 499/3/2
f 499/3/2 496/3/2 500/3/2
f 497/3/2 498/3/2 501/3/2
f 501/3/2 498/3/2 502/3/2
f 503/6/2 504/6/2 507/6/2
f 507/6/2 504/6/2 508/6/2
f 505/6/2 506/6/2 509/6/2
f 509/6/2 506/6/2 510/6/2
f 511/6/2 512/6/2 515/6/2
f 515/6/2 512/6/2 516/6/2
f 513/6/2 514/6/2 517/6/2
f 517/6/2 514/6/2 518/6/2
f 519/2/2 520/2/2 523/2/2
f 523/2/2 520/2/2 524/2/2
f 521/2/2 522/2/2 525/2/2
f 525/2/2 522/2/2 526/2/2
f 527/2/2 528/2/2 531/2/2
f 531/2/2 528/2/2 532/2/2
f 529/2/2 530/2/2 533/2/2
f 533/2/2 530/2/2 534/2/2
f 535/2/2 536/2/2 539/2/2
f 539/2/2 536/2/2 540/2/2
f 537/2/2 538/2/2 541/2/2
f 541/2/2 538/2/2 542/2/2
f 543/2/2 544/2/2 547/2/2
f 547/2/2 544/2/2 548/2/2
f 545/2/2 546/2/2 549/2/2
f 549/2/2 546/2/2 550/2/2
f 551/2/2 552/2/2 555/2/2
f 555/2/2 552/2/2 556/2/2
f 553/2/2 554/2/2 557/2/2
f 557/2/2 554/2/2 558/2/2
f 559/5/2 560/5/2 563/5/2
f 563/5/2 560/5/2 564/5/2
f 561/5/2 562/5/2 565/5/2
f 565/5/2 562/5/2 566/5/2
f 567/5/2 568/5/2 571/5/2
f 571/5/2 568/5/2 572/5/2
f 569/5/2 570/5/2 573/5/2
f 573/5/2 570/5/2 574/5/2
f 575/5/2 576/5/2 579/5/2
f 579/5/2 576/5/2 580/5/2
f 577/5/2 578/5/2 581/5/2
f 581/5/2 578/5/2 582/5/2
f 583/6/2 584/6/2 587/6/2
f 587/6/2 584/6/2 588/6/2
f 585/6/2 586/6/2 589/6/2
f 589/6/2 586/6/2 590/6/2
f 591/6/2 592/6/2 595/6/2
f 595/6/2 592/6/2 596/6/2
f 593/6/2 594/6/2 597/6/2
f 597/6/2 594/6/2 598/6/2
f 599/6/2 600/6/2 603/6/2
f 603/6/2 600/6/2 604/6/2
f 601/6/2 602/6/2 605/6/2
f 605/6/2 602/6/2 606/6/2
f 607/4/2 608/4/2 611/4/2
f 611/4/2 608/4/2 612/4/2
f 609/4/2 610/4/2 613/4/2
f 613/4/2 610/4/2 614/4/2
f 615/4/2 616/4/2 619/4/2
f 619/4/2 616/4/2 620/4/2
f 617/4/2 618/4/2 621/4/2
f 621/4/2 618/4/2 622/4/2
f 623/4/2 624/4/2 627/4/2
f 627/4/2 624/4/2 628/4/2
f 625/4/2 626/4/2 629/4/2
f 629/4/2 626/4/2 630/4/2
f 631/4/2 632/4/2 637/4/2
f 637/4/2 632/4/2 638/4/2
f 635/4/2 636/4/2 639/4/2
f 639/4/2 636/4/2 640/4/2
f 633/4/2 634/4/2 641/4/2
f 641/4/2 634/4/2 642/4/2
f 643/4/2 644/4/2 647/4/2
f 647/4/2 644/4/2 648/4/2
f 645/4/2 646/4/2 649/4/2
f 649/4/2 646/4/2 650/4/2
f 651/6/2 652/6/2 655/6/2
f 655/6/2 652/6/2 656/6/2
f 653/6/2 654/6/2 657/6/2
f 657/6/2 654/6/2 658/6/2
f 655/4/2 656/4/2 659/4/2
f 659/4/2 656/4/2 660/4/2
f 657/4/2 658/4/2 661/4/2
f 661/4/2 658/4/2 662/4/2
f 663/4/2 664/4/2 667/4/2
f 667/4/2 664/4/2 668/4/2
f 665/4/2 666/4/2 669/4/2
f 669/4/2 666/4/2 670/4/2
f 671/6/2 672/6/2 675/6/2
f 675/6/2 672/6/2 676/6/2
f 673/6/2 674/6/2 677/6/2
f 677/6/2 674/6/2 678/6/2
f 675/4/2 676/4/2 679/4/2
f 679/4/2 676/4/2 680/4/2
f 677/4/2 678/4/2 681/4/2
f 681/4/2 678/4/2 682/4/2
f 680/6/2 681/6/2 684/6/2
f 684/6/2 681/6/2 685/6/2
f 683/4/2 684/4/2 687/4/2
f 687/4/2 684/4/2 688/4/2
f 685/4/2 686/4/2 689/4/2
f 689/4/2 686/4/2 690/4/2
f 688/4/2 689/4/2 691/4/2
f 691/4/2 689/4/2 692/4/2
f 693/6/2 694/6/2 695/6/2
f 695/6/2 694/6/2 696/6/2
f 695/4/2 696/4/2 697/4/2
f 697/4/2 696/4/2 698/4/2
f 699/4/2 700/4/2 701/4/2
f 701/4/2 700/4/2 702/4/2
f 708/6/3 704/6/3 703/6/3
f 709/4/3 705/4/3 704/4/3
f 709/6/3 704/6/3 708/6/3
f 710/4/3 705/4/3 709/4/3
f 711/4/3 707/4/3 706/4/3
f 712/4/3 707/4/3 711/4/3
f 719/4/3 717/4/3 716/4/3
f 720/4/3 717/4/3 719/4/3
f 722/4/3 715/4/3 714/4/3
f 723/4/3 721/4/3 720/4/3
f 723/4/3 719/4/3 718/4/3
f 723/4/3 720/4/3 719/4/3
f 724/4/3 721/4/3 723/4/3
f 724/4/3 723/4/3 722/4/3
f 726/6/3 714/6/3 713/6/3
f 727/4/3 725/4/3 724/4/3
f 727/6/3 714/6/3 726/6/3
f 727/4/3 722/4/3 714/4/3
f 727/4/3 724/4/3 722/4/3
f 728/4/3 725/4/3 727/4/3
f 730/4/3 707/4/3 712/4/3
f 733/4/3 725/4/3 728/4/3
f 734/4/3 730/4/3 729/4/3
f 735/4/3 707/4/3 730/4/3
f 735/4/3 730/4/3 734/4/3
f 736/4/3 733/4/3 732/4/3
f 736/4/3 725/4/3 733/4/3
f 737/4/3 725/4/3 736/4/3
f 738/4/3 736/4/3 732/4/3
f 739/4/3 736/4/3 738/4/3
f 740/4/3 736/4/3 739/4/3
f 741/4/3 736/4/3 740/4/3
f 742/4/3 736/4/3 741/4/3
f 743/4/3 736/4/3 742/4/3
f 744/6/3 732/6/3 731/6/3
f 745/4/3 738/4/3 732/4/3
f 745/6/3 732/6/3 744/6/3
f 746/4/3 738/4/3 745/4/3
f 747/4/3 742/4/3 741/4/3
f 748/4/3 742/4/3 747/4/3
f 753/4/3 707/4/3 735/4/3
f 754/6/3 750/6/3 749/6/3
f 755/4/3 751/4/3 750/4/3
f 755/6/3 750/6/3 754/6/3
f 756/4/3 751/4/3 755/4/3
f 757/4/3 753/4/3 752/4/3
f 758/4/3 707/4/3 753/4/3
f 758/4/3 753/4/3 757/4/3
f 764/6/3 760/6/3 759/6/3
f 765/4/3 761/4/3 760/4/3
f 765/6/3 760/6/3 764/6/3
f 766/4/3 761/4/3 765/4/3
f 767/4/3 763/4/3 762/4/3
f 768/4/3 763/4/3 767/4/3
f 772/6/3 767/6/3 766/6/3
f 773/6/3 767/6/3 772/6/3
f 776/6/3 771/6/3 770/6/3
f 776/6/3 772/6/3 771/6/3
f 776/6/3 773/6/3 772/6/3
f 777/6/3 773/6/3 776/6/3
f 778/6/3 773/6/3 777/6/3
f 779/3/3 774/3/3 773/3/3
f 779/6/3 773/6/3 778/6/3
f 780/6/3 775/6/3 774/6/3
f 780/3/3 774/3/3 779/3/3
f 781/6/3 775/6/3 780/6/3
f 782/6/3 775/6/3 781/6/3
f 783/6/3 775/6/3 782/6/3
f 784/6/3 775/6/3 783/6/3
f 785/6/3 779/6/3 778/6/3
f 785/6/3 780/6/3 779/6/3
f 785/6/3 781/6/3 780/6/3
f 786/6/3 781/6/3 785/6/3
f 787/6/3 783/6/3 782/6/3
f 788/2/3 784/2/3 783/2/3
f 788/6/3 783/6/3 787/6/3
f 789/6/3 775/6/3 784/6/3
f 789/2/3 784/2/3 788/2/3
f 790/6/3 785/6/3 778/6/3
f 791/6/3 785/6/3 790/6/3
f 792/3/3 789/3/3 788/3/3
f 793/6/3 775/6/3 789/6/3
f 793/3/3 789/3/3 792/3/3
f 794/2/3 793/2/3 792/2/3
f 795/2/3 793/2/3 794/2/3
f 799/6/3 775/6/3 793/6/3
f 800/6/3 775/6/3 799/6/3
f 801/6/3 797/6/3 796/6/3
f 802/4/3 798/4/3 797/4/3
f 802/6/3 797/6/3 801/6/3
f 803/4/3 798/4/3 802/4/3
f 804/2/3 793/2/3 795/2/3
f 805/6/3 799/6/3 793/6/3
f 805/2/3 793/2/3 804/2/3
f 806/6/3 805/6/3 804/6/3
f 807/6/3 799/6/3 805/6/3
f 807/6/3 805/6/3 806/6/3
f 808/6/3 799/6/3 807/6/3
f 809/1/3 807/1/3 806/1/3
f 810/3/3 808/3/3 807/3/3
f 810/1/3 807/1/3 809/1/3
f 811/3/3 808/3/3 810/3/3
f 812/6/3 810/6/3 809/6/3
f 812/6/3 811/6/3 810/6/3
f 813/6/3 811/6/3 812/6/3
f 816/4/3 798/4/3 803/4/3
f 817/6/3 815/6/3 814/6/3
f 818/4/3 816/4/3 815/4/3
f 818/6/3 815/6/3 817/6/3
f 819/4/3 798/4/3 816/4/3
f 819/4/3 816/4/3 818/4/3
f 820/6/3 811/6/3 813/6/3
f 823/2/3 813/2/3 812/2/3
f 826/2/3 823/2/3 822/2/3
f 827/6/3 820/6/3 813/6/3
f 827/2/3 823/2/3 826/2/3
f 827/6/3 821/6/3 820/6/3
f 827/2/3 813/2/3 823/2/3
f 828/6/3 825/6/3 824/6/3
f 831/3/3 827/3/3 826/3/3
f 832/6/3 821/6/3 827/6/3
f 832/3/3 827/3/3 831/3/3
f 835/6/3 829/6/3 828/6/3
f 835/6/3 828/6/3 824/6/3
f 836/6/3 829/6/3 835/6/3
f 837/6/3 829/6/3 836/6/3
f 838/6/3 829/6/3 837/6/3
f 839/6/3 831/6/3 830/6/3
f 840/2/3 832/2/3 831/2/3
f 840/6/3 831/6/3 839/6/3
f 841/6/3 821/6/3 832/6/3
f 841/2/3 832/2/3 840/2/3
f 842/6/3 834/6/3 833/6/3
f 842/6/3 835/6/3 834/6/3
f 842/6/3 836/6/3 835/6/3
f 843/6/3 836/6/3 842/6/3
f 844/6/3 836/6/3 843/6/3
f 845/3/3 837/3/3 836/3/3
f 845/6/3 836/6/3 844/6/3
f 846/6/3 838/6/3 837/6/3
f 846/3/3 837/3/3 845/3/3
f 846/6/3 840/6/3 839/6/3
f 846/6/3 839/6/3 838/6/3
f 846/6/3 841/6/3 840/6/3
f 847/6/3 821/6/3 841/6/3
f 847/6/3 841/6/3 846/6/3
f 850/6/3 845/6/3 844/6/3
f 851/6/3 845/6/3 850/6/3
f 852/4/3 769/4/3 768/4/3
f 853/4/3 769/4/3 852/4/3
f 854/6/3 849/6/3 848/6/3
f 855/4/3 850/4/3 849/4/3
f 855/6/3 849/6/3 854/6/3
f 856/4/3 850/4/3 855/4/3
f 857/4/3 852/4/3 851/4/3
f 858/4/3 852/4/3 857/4/3
f 862/6/3 860/6/3 859/6/3
f 863/6/3 860/6/3 862/6/3
f 865/6/3 862/6/3 861/6/3
f 865/6/3 864/6/3 863/6/3
f 865/6/3 863/6/3 862/6/3
f 866/6/3 864/6/3 865/6/3
f 867/6/3 865/6/3 861/6/3
f 868/6/3 865/6/3 867/6/3
f 871/6/3 864/6/3 866/6/3
f 872/6/3 864/6/3 871/6/3
f 874/5/3 870/5/3 869/5/3
f 875/5/3 870/5/3 874/5/3
f 876/5/3 870/5/3 875/5/3
f 877/5/3 870/5/3 876/5/3
f 878/5/3 870/5/3 877/5/3
f 879/5/3 870/5/3 878/5/3
f 881/7/3 876/7/3 875/7/3
f 882/5/3 877/5/3 876/5/3
f 882/7/3 876/7/3 881/7/3
f 883/7/3 878/7/3 877/7/3
f 883/5/3 877/5/3 882/5/3
f 884/5/3 880/5/3 879/5/3
f 884/7/3 878/7/3 883/7/3
f 884/5/3 879/5/3 878/5/3
f 885/5/3 874/5/3 873/5/3
f 885/5/3 875/5/3 874/5/3
f 885/7/3 881/7/3 875/7/3
f 886/7/3 881/7/3 885/7/3
f 887/7/3 881/7/3 886/7/3
f 888/5/3 884/5/3 883/5/3
f 888/7/3 881/7/3 887/7/3
f 888/5/3 883/5/3 882/5/3
f 888/5/3 882/5/3 881/5/3
f 889/5/3 886/5/3 885/5/3
f 889/5/3 885/5/3 873/5/3
f 890/5/3 886/5/3 889/5/3
f 891/7/3 887/7/3 886/7/3
f 892/7/3 887/7/3 891/7/3
f 893/7/3 887/7/3 892/7/3
f 894/5/3 888/5/3 887/5/3
f 894/7/3 887/7/3 893/7/3
f 895/7/3 893/7/3 892/7/3
f 895/5/3 892/5/3 891/5/3
f 896/7/3 893/7/3 895/7/3
f 897/7/3 893/7/3 896/7/3
f 898/7/3 893/7/3 897/7/3
f 899/7/3 893/7/3 898/7/3
f 900/5/3 894/5/3 893/5/3
f 900/7/3 893/7/3 899/7/3
f 901/5/3 884/5/3 888/5/3
f 901/5/3 894/5/3 900/5/3
f 901/5/3 888/5/3 894/5/3
f 902/5/3 884/5/3 901/5/3
f 903/5/3 884/5/3 902/5/3
f 904/5/3 880/5/3 884/5/3
f 904/5/3 884/5/3 903/5/3
f 905/7/3 891/7/3 886/7/3
f 906/5/3 895/5/3 891/5/3
f 906/7/3 891/7/3 905/7/3
f 906/5/3 896/5/3 895/5/3
f 907/5/3 896/5/3 906/5/3
f 908/7/3 897/7/3 896/7/3
f 908/5/3 896/5/3 907/5/3
f 909/5/3 898/5/3 897/5/3
f 909/7/3 897/7/3 908/7/3
f 910/7/3 899/7/3 898/7/3
f 910/5/3 898/5/3 909/5/3
f 911/5/3 900/5/3 899/5/3
f 911/7/3 899/7/3 910/7/3
f 911/5/3 901/5/3 900/5/3
f 912/5/3 901/5/3 911/5/3
f 913/7/3 902/7/3 901/7/3
f 913/5/3 901/5/3 912/5/3
f 914/5/3 903/5/3 902/5/3
f 914/7/3 902/7/3 913/7/3
f 915/7/3 904/7/3 903/7/3
f 915/5/3 903/5/3 914/5/3
f 916/5/3 880/5/3 904/5/3
f 916/7/3 904/7/3 915/7/3
f 917/5/3 886/5/3 890/5/3
f 917/7/3 905/7/3 886/7/3
f 918/5/3 906/5/3 905/5/3
f 918/7/3 905/7/3 917/7/3
f 919/5/3 910/5/3 909/5/3
f 919/5/3 908/5/3 907/5/3
f 919/5/3 909/5/3 908/5/3
f 919/5/3 911/5/3 910/5/3
f 919/7/3 907/7/3 906/7/3
f 920/5/3 911/5/3 919/5/3
f 921/5/3 911/5/3 920/5/3
f 922/5/3 911/5/3 921/5/3
f 923/7/3 912/7/3 911/7/3
f 924/5/3 913/5/3 912/5/3
f 924/7/3 912/7/3 923/7/3
f 924/5/3 915/5/3 914/5/3
f 924/5/3 916/5/3 915/5/3
f 924/5/3 914/5/3 913/5/3
f 925/5/3 916/5/3 924/5/3
f 926/5/3 916/5/3 925/5/3
f 927/5/3 906/5/3 918/5/3
f 927/5/3 918/5/3 917/5/3
f 927/7/3 920/7/3 919/7/3
f 927/7/3 919/7/3 906/7/3
f 928/5/3 921/5/3 920/5/3
f 928/7/3 920/7/3 927/7/3
f 929/7/3 922/7/3 921/7/3
f 929/5/3 921/5/3 928/5/3
f 930/5/3 911/5/3 922/5/3
f 930/7/3 922/7/3 929/7/3
f 931/7/3 923/7/3 911/7/3
f 931/5/3 925/5/3 924/5/3
f 931/5/3 924/5/3 923/5/3
f 932/5/3 925/5/3 931/5/3
f 933/7/3 926/7/3 925/7/3
f 933/5/3 925/5/3 932/5/3
f 934/5/3 916/5/3 926/5/3
f 934/7/3 926/7/3 933/7/3
f 935/5/3 916/5/3 934/5/3
f 936/5/3 916/5/3 935/5/3
f 937/5/3 928/5/3 927/5/3
f 937/5/3 929/5/3 928/5/3
f 937/5/3 927/5/3 917/5/3
f 937/5/3 930/5/3 929/5/3
f 937/5/3 917/5/3 890/5/3
f 938/5/3 930/5/3 937/5/3
f 939/5/3 930/5/3 938/5/3
f 940/5/3 911/5/3 930/5/3
f 940/5/3 930/5/3 939/5/3
f 940/7/3 932/7/3 931/7/3
f 940/7/3 931/7/3 911/7/3
f 941/5/3 933/5/3 932/5/3
f 941/7/3 932/7/3 940/7/3
f 941/5/3 935/5/3 934/5/3
f 941/5/3 934/5/3 933/5/3
f 942/5/3 935/5/3 941/5/3
f 943/5/3 935/5/3 942/5/3
f 944/5/3 935/5/3 943/5/3
f 945/7/3 936/7/3 935/7/3
f 945/5/3 935/5/3 944/5/3
f 946/5/3 916/5/3 936/5/3
f 946/7/3 936/7/3 945/7/3
f 947/5/3 880/5/3 916/5/3
f 947/5/3 916/5/3 946/5/3
f 948/5/3 880/5/3 947/5/3
f 949/5/3 889/5/3 873/5/3
f 949/7/3 890/7/3 889/7/3
f 950/5/3 937/5/3 890/5/3
f 950/7/3 890/7/3 949/7/3
f 951/7/3 938/7/3 937/7/3
f 951/5/3 937/5/3 950/5/3
f 952/5/3 939/5/3 938/5/3
f 952/7/3 938/7/3 951/7/3
f 953/7/3 940/7/3 939/7/3
f 953/5/3 939/5/3 952/5/3
f 953/7/3 941/7/3 940/7/3
f 953/7/3 942/7/3 941/7/3
f 954/7/3 942/7/3 953/7/3
f 955/7/3 944/7/3 943/7/3
f 955/5/3 943/5/3 942/5/3
f 956/5/3 946/5/3 945/5/3
f 956/7/3 944/7/3 955/7/3
f 956/5/3 945/5/3 944/5/3
f 956/5/3 947/5/3 946/5/3
f 957/5/3 947/5/3 956/5/3
f 958/5/3 947/5/3 957/5/3
f 959/7/3 948/7/3 947/7/3
f 959/5/3 947/5/3 958/5/3
f 960/5/3 880/5/3 948/5/3
f 960/7/3 948/7/3 959/7/3
f 961/5/3 951/5/3 950/5/3
f 961/5/3 952/5/3 951/5/3
f 961/5/3 950/5/3 949/5/3
f 961/5/3 953/5/3 952/5/3
f 961/5/3 954/5/3 953/5/3
f 962/5/3 954/5/3 961/5/3
f 963/5/3 957/5/3 956/5/3
f 963/7/3 958/7/3 957/7/3
f 963/5/3 956/5/3 955/5/3
f 964/7/3 958/7/3 963/7/3
f 965/5/3 880/5/3 960/5/3
f 965/5/3 960/5/3 959/5/3
f 965/5/3 959/5/3 958/5/3
f 966/5/3 880/5/3 965/5/3
f 967/5/3 961/5/3 949/5/3
f 968/7/3 962/7/3 961/7/3
f 968/5/3 961/5/3 967/5/3
f 969/7/3 962/7/3 968/7/3
f 970/5/3 954/5/3 962/5/3
f 970/7/3 962/7/3 969/7/3
f 971/7/3 942/7/3 954/7/3
f 971/5/3 954/5/3 970/5/3
f 972/7/3 942/7/3 971/7/3
f 973/7/3 942/7/3 972/7/3
f 974/7/3 942/7/3 973/7/3
f 975/5/3 955/5/3 942/5/3
f 975/7/3 942/7/3 974/7/3
f 975/5/3 964/5/3 963/5/3
f 975/5/3 963/5/3 955/5/3
f 976/5/3 964/5/3 975/5/3
f 977/5/3 964/5/3 976/5/3
f 978/7/3 958/7/3 964/7/3
f 978/5/3 964/5/3 977/5/3
f 979/5/3 965/5/3 958/5/3
f 979/7/3 958/7/3 978/7/3
f 980/7/3 966/7/3 965/7/3
f 980/5/3 965/5/3 979/5/3
f 981/5/3 880/5/3 966/5/3
f 981/7/3 966/7/3 980/7/3
f 982/5/3 967/5/3 949/5/3
f 982/7/3 968/7/3 967/7/3
f 983/5/3 969/5/3 968/5/3
f 983/7/3 968/7/3 982/7/3
f 984/7/3 972/7/3 971/7/3
f 984/5/3 969/5/3 983/5/3
f 984/7/3 970/7/3 969/7/3
f 984/7/3 971/7/3 970/7/3
f 985/5/3 973/5/3 972/5/3
f 985/7/3 972/7/3 984/7/3
f 986/7/3 974/7/3 973/7/3
f 986/5/3 973/5/3 985/5/3
f 987/5/3 975/5/3 974/5/3
f 987/7/3 974/7/3 986/7/3
f 987/5/3 976/5/3 975/5/3
f 988/5/3 976/5/3 987/5/3
f 989/5/3 976/5/3 988/5/3
f 992/5/3 981/5/3 980/5/3
f 992/5/3 980/5/3 979/5/3
f 992/5/3 978/5/3 977/5/3
f 992/5/3 979/5/3 978/5/3
f 993/5/3 981/5/3 992/5/3
f 994/5/3 985/5/3 984/5/3
f 994/5/3 984/5/3 983/5/3
f 994/5/3 982/5/3 949/5/3
f 994/5/3 987/5/3 986/5/3
f 994/5/3 988/5/3 987/5/3
f 994/5/3 949/5/3 873/5/3
f 994/5/3 986/5/3 985/5/3
f 994/5/3 983/5/3 982/5/3
f 995/5/3 988/5/3 994/5/3
f 997/2/3 991/2/3 990/2/3
f 998/2/3 991/2/3 997/2/3
f 999/2/3 991/2/3 998/2/3
f 1000/2/3 991/2/3 999/2/3
f 1001/2/3 991/2/3 1000/2/3
f 1002/2/3 991/2/3 1001/2/3
f 1004/5/3 981/5/3 993/5/3
f 1005/5/3 880/5/3 981/5/3
f 1005/5/3 981/5/3 1004/5/3
f 1006/6/3 867/6/3 861/6/3
f 1007/2/3 997/2/3 996/2/3
f 1007/2/3 998/2/3 997/2/3
f 1008/3/3 1000/3/3 999/3/3
f 1009/3/3 1000/3/3 1008/3/3
f 1010/2/3 1003/2/3 1002/2/3
f 1010/2/3 1002/2/3 1001/2/3
f 1011/6/3 864/6/3 872/6/3
f 1012/6/3 1006/6/3 861/6/3
f 1012/2/3 1007/2/3 1006/2/3
f 1013/2/3 998/2/3 1007/2/3
f 1013/2/3 1007/2/3 1012/2/3
f 1014/2/3 1010/2/3 1001/2/3
f 1014/2/3 1011/2/3 1010/2/3
f 1015/6/3 864/6/3 1011/6/3
f 1015/2/3 1011/2/3 1014/2/3
f 1016/6/3 1013/6/3 1012/6/3
f 1016/6/3 1012/6/3 861/6/3
f 1016/6/3 1015/6/3 1014/6/3
f 1016/6/3 1014/6/3 1013/6/3
f 1017/6/3 864/6/3 1015/6/3
f 1017/6/3 1015/6/3 1016/6/3
f 1020/6/3 1019/6/3 1018/6/3
f 1021/6/3 1019/6/3 1020/6/3
f 1022/6/3 1019/6/3 1021/6/3
f 1023/6/3 1019/6/3 1022/6/3
f 1024/6/3 1020/6/3 1018/6/3
f 1024/2/3 1021/2/3 1020/2/3
f 1025/2/3 1021/2/3 1024/2/3
f 1028/2/3 1023/2/3 1022/2/3
f 1029/6/3 1019/6/3 1023/6/3
f 1029/2/3 1023/2/3 1028/2/3
f 1032/2/3 1021/2/3 1025/2/3
f 1033/2/3 1021/2/3 1032/2/3
f 1034/2/3 1021/2/3 1033/2/3
f 1035/3/3 1027/3/3 1026/3/3
f 1036/3/3 1027/3/3 1035/3/3
f 1037/2/3 1028/2/3 1022/2/3
f 1038/2/3 1028/2/3 1037/2/3
f 1039/2/3 1028/2/3 1038/2/3
f 1042/5/3 1031/5/3 1030/5/3
f 1043/5/3 1031/5/3 1042/5/3
f 1044/5/3 1031/5/3 1043/5/3
f 1045/5/3 1031/5/3 1044/5/3
f 1046/5/3 1031/5/3 1045/5/3
f 1047/5/3 1031/5/3 1046/5/3
f 1048/5/3 1031/5/3 1047/5/3
f 1050/2/3 1036/2/3 1035/2/3
f 1050/2/3 1034/2/3 1033/2/3
f 1050/2/3 1038/2/3 1037/2/3
f 1050/2/3 1035/2/3 1034/2/3
f 1050/2/3 1037/2/3 1036/2/3
f 1051/2/3 1038/2/3 1050/2/3
f 1053/5/3 1041/5/3 1040/5/3
f 1054/5/3 1041/5/3 1053/5/3
f 1055/5/3 1041/5/3 1054/5/3
f 1056/5/3 1041/5/3 1055/5/3
f 1057/5/3 1041/5/3 1056/5/3
f 1058/5/3 1042/5/3 1030/5/3
f 1059/5/3 1042/5/3 1058/5/3
f 1060/7/3 1045/7/3 1044/7/3
f 1060/5/3 1044/5/3 1043/5/3
f 1061/7/3 1045/7/3 1060/7/3
f 1062/5/3 1046/5/3 1045/5/3
f 1062/7/3 1045/7/3 1061/7/3
f 1063/7/3 1047/7/3 1046/7/3
f 1063/5/3 1046/5/3 1062/5/3
f 1064/7/3 1047/7/3 1063/7/3
f 1065/5/3 1049/5/3 1048/5/3
f 1065/7/3 1047/7/3 1064/7/3
f 1065/5/3 1048/5/3 1047/5/3
f 1066/5/3 1049/5/3 1065/5/3
f 1067/5/3 1053/5/3 1052/5/3
f 1067/5/3 1054/5/3 1053/5/3
f 1068/7/3 1055/7/3 1054/7/3
f 1069/5/3 1056/5/3 1055/5/3
f 1069/7/3 1055/7/3 1068/7/3
f 1070/7/3 1057/7/3 1056/7/3
f 1070/5/3 1056/5/3 1069/5/3
f 1071/5/3 1041/5/3 1057/5/3
f 1071/7/3 1057/7/3 1070/7/3
f 1072/5/3 1061/5/3 1060/5/3
f 1072/7/3 1043/7/3 1042/7/3
f 1072/5/3 1060/5/3 1043/5/3
f 1073/5/3 1061/5/3 1072/5/3
f 1074/7/3 1064/7/3 1063/7/3
f 1074/5/3 1061/5/3 1073/5/3
f 1074/7/3 1063/7/3 1062/7/3
f 1074/7/3 1062/7/3 1061/7/3
f 1075/7/3 1064/7/3 1074/7/3
f 1076/5/3 1066/5/3 1065/5/3
f 1076/7/3 1064/7/3 1075/7/3
f 1076/5/3 1065/5/3 1064/5/3
f 1076/5/3 1067/5/3 1066/5/3
f 1077/5/3 1067/5/3 1076/5/3
f 1078/5/3 1067/5/3 1077/5/3
f 1079/5/3 1067/5/3 1078/5/3
f 1080/5/3 1067/5/3 1079/5/3
f 1081/5/3 1054/5/3 1067/5/3
f 1081/5/3 1067/5/3 1080/5/3
f 1082/7/3 1068/7/3 1054/7/3
f 1082/5/3 1054/5/3 1081/5/3
f 1083/5/3 1070/5/3 1069/5/3
f 1083/7/3 1068/7/3 1082/7/3
f 1083/5/3 1069/5/3 1068/5/3
f 1083/5/3 1071/5/3 1070/5/3
f 1084/7/3 1059/7/3 1058/7/3
f 1085/5/3 1042/5/3 1059/5/3
f 1085/7/3 1059/7/3 1084/7/3
f 1086/7/3 1073/7/3 1072/7/3
f 1086/5/3 1042/5/3 1085/5/3
f 1086/7/3 1072/7/3 1042/7/3
f 1087/7/3 1073/7/3 1086/7/3
f 1088/5/3 1075/5/3 1074/5/3
f 1088/7/3 1073/7/3 1087/7/3
f 1088/5/3 1074/5/3 1073/5/3
f 1089/5/3 1075/5/3 1088/5/3
f 1090/5/3 1075/5/3 1089/5/3
f 1091/5/3 1075/5/3 1090/5/3
f 1092/7/3 1076/7/3 1075/7/3
f 1092/5/3 1075/5/3 1091/5/3
f 1092/7/3 1077/7/3 1076/7/3
f 1093/5/3 1078/5/3 1077/5/3
f 1093/7/3 1077/7/3 1092/7/3
f 1094/5/3 1078/5/3 1093/5/3
f 1095/7/3 1079/7/3 1078/7/3
f 1095/5/3 1078/5/3 1094/5/3
f 1096/5/3 1080/5/3 1079/5/3
f 1096/7/3 1079/7/3 1095/7/3
f 1097/7/3 1081/7/3 1080/7/3
f 1097/5/3 1080/5/3 1096/5/3
f 1098/7/3 1081/7/3 1097/7/3
f 1099/5/3 1083/5/3 1082/5/3
f 1099/7/3 1081/7/3 1098/7/3
f 1099/5/3 1082/5/3 1081/5/3
f 1100/5/3 1071/5/3 1083/5/3
f 1100/5/3 1083/5/3 1099/5/3
f 1101/5/3 1071/5/3 1100/5/3
f 1102/7/3 1084/7/3 1058/7/3
f 1102/5/3 1058/5/3 1030/5/3
f 1103/5/3 1085/5/3 1084/5/3
f 1103/7/3 1084/7/3 1102/7/3
f 1104/5/3 1087/5/3 1086/5/3
f 1105/5/3 1087/5/3 1104/5/3
f 1106/7/3 1088/7/3 1087/7/3
f 1106/5/3 1087/5/3 1105/5/3
f 1106/7/3 1089/7/3 1088/7/3
f 1107/5/3 1090/5/3 1089/5/3
f 1107/7/3 1089/7/3 1106/7/3
f 1108/5/3 1090/5/3 1107/5/3
f 1109/7/3 1091/7/3 1090/7/3
f 1109/5/3 1090/5/3 1108/5/3
f 1110/5/3 1094/5/3 1093/5/3
f 1110/7/3 1091/7/3 1109/7/3
f 1110/5/3 1092/5/3 1091/5/3
f 1110/5/3 1093/5/3 1092/5/3
f 1111/7/3 1098/7/3 1097/7/3
f 1111/7/3 1097/7/3 1096/7/3
f 1111/7/3 1095/7/3 1094/7/3
f 1111/7/3 1096/7/3 1095/7/3
f 1112/5/3 1099/5/3 1098/5/3
f 1112/7/3 1098/7/3 1111/7/3
f 1112/5/3 1100/5/3 1099/5/3
f 1113/7/3 1101/7/3 1100/7/3
f 1113/5/3 1100/5/3 1112/5/3
f 1114/7/3 1101/7/3 1113/7/3
f 1115/5/3 1102/5/3 1030/5/3
f 1115/5/3 1103/5/3 1102/5/3
f 1116/5/3 1085/5/3 1103/5/3
f 1116/5/3 1103/5/3 1115/5/3
f 1117/7/3 1086/7/3 1085/7/3
f 1117/5/3 1104/5/3 1086/5/3
f 1118/7/3 1105/7/3 1104/7/3
f 1118/5/3 1104/5/3 1117/5/3
f 1119/5/3 1107/5/3 1106/5/3
f 1119/7/3 1105/7/3 1118/7/3
f 1119/5/3 1106/5/3 1105/5/3
f 1120/5/3 1107/5/3 1119/5/3
f 1121/7/3 1108/7/3 1107/7/3
f 1121/5/3 1107/5/3 1120/5/3
f 1122/5/3 1110/5/3 1109/5/3
f 1122/7/3 1108/7/3 1121/7/3
f 1122/5/3 1109/5/3 1108/5/3
f 1123/5/3 1110/5/3 1122/5/3
f 1124/5/3 1110/5/3 1123/5/3
f 1125/5/3 1094/5/3 1110/5/3
f 1125/5/3 1110/5/3 1124/5/3
f 1126/7/3 1111/7/3 1094/7/3
f 1126/5/3 1094/5/3 1125/5/3
f 1127/5/3 1114/5/3 1113/5/3
f 1127/7/3 1111/7/3 1126/7/3
f 1127/5/3 1112/5/3 1111/5/3
f 1127/5/3 1113/5/3 1112/5/3
f 1128/5/3 1114/5/3 1127/5/3
f 1129/5/3 1114/5/3 1128/5/3
f 1130/7/3 1101/7/3 1114/7/3
f 1130/5/3 1114/5/3 1129/5/3
f 1131/5/3 1071/5/3 1101/5/3
f 1131/7/3 1101/7/3 1130/7/3
f 1132/5/3 1121/5/3 1120/5/3
f 1132/7/3 1119/7/3 1118/7/3
f 1132/7/3 1118/7/3 1117/7/3
f 1132/7/3 1120/7/3 1119/7/3
f 1132/5/3 1122/5/3 1121/5/3
f 1133/5/3 1122/5/3 1132/5/3
f 1134/7/3 1123/7/3 1122/7/3
f 1134/5/3 1122/5/3 1133/5/3
f 1135/5/3 1124/5/3 1123/5/3
f 1135/7/3 1123/7/3 1134/7/3
f 1136/5/3 1128/5/3 1127/5/3
f 1136/7/3 1125/7/3 1124/7/3
f 1136/5/3 1126/5/3 1125/5/3
f 1136/5/3 1127/5/3 1126/5/3
f 1137/5/3 1128/5/3 1136/5/3
f 1138/5/3 1128/5/3 1137/5/3
f 1139/7/3 1129/7/3 1128/7/3
f 1139/5/3 1128/5/3 1138/5/3
f 1140/5/3 1071/5/3 1131/5/3
f 1140/5/3 1130/5/3 1129/5/3
f 1140/5/3 1131/5/3 1130/5/3
f 1141/5/3 1071/5/3 1140/5/3
f 1142/5/3 1115/5/3 1030/5/3
f 1142/7/3 1116/7/3 1115/7/3
f 1143/5/3 1085/5/3 1116/5/3
f 1143/7/3 1116/7/3 1142/7/3
f 1144/5/3 1134/5/3 1133/5/3
f 1144/5/3 1135/5/3 1134/5/3
f 1144/7/3 1133/7/3 1132/7/3
f 1145/5/3 1124/5/3 1135/5/3
f 1145/5/3 1135/5/3 1144/5/3
f 1146/7/3 1137/7/3 1136/7/3
f 1146/5/3 1124/5/3 1145/5/3
f 1146/7/3 1136/7/3 1124/7/3
f 1147/7/3 1137/7/3 1146/7/3
f 1148/7/3 1137/7/3 1147/7/3
f 1149/5/3 1138/5/3 1137/5/3
f 1149/7/3 1137/7/3 1148/7/3
f 1150/5/3 1138/5/3 1149/5/3
f 1151/7/3 1139/7/3 1138/7/3
f 1151/5/3 1138/5/3 1150/5/3
f 1152/7/3 1139/7/3 1151/7/3
f 1153/7/3 1129/7/3 1139/7/3
f 1153/7/3 1139/7/3 1152/7/3
f 1153/5/3 1140/5/3 1129/5/3
f 1154/7/3 1141/7/3 1140/7/3
f 1154/5/3 1140/5/3 1153/5/3
f 1155/5/3 1071/5/3 1141/5/3
f 1155/7/3 1141/7/3 1154/7/3
f 1156/7/3 1145/7/3 1144/7/3
f 1156/5/3 1146/5/3 1145/5/3
f 1156/5/3 1147/5/3 1146/5/3
f 1157/5/3 1147/5/3 1156/5/3
f 1158/7/3 1148/7/3 1147/7/3
f 1158/5/3 1147/5/3 1157/5/3
f 1159/7/3 1148/7/3 1158/7/3
f 1160/7/3 1152/7/3 1151/7/3
f 1160/5/3 1150/5/3 1149/5/3
f 1160/7/3 1151/7/3 1150/7/3
f 1160/5/3 1149/5/3 1148/5/3
f 1161/5/3 1154/5/3 1153/5/3
f 1161/7/3 1152/7/3 1160/7/3
f 1161/5/3 1153/5/3 1152/5/3
f 1161/5/3 1155/5/3 1154/5/3
f 1162/7/3 1157/7/3 1156/7/3
f 1162/5/3 1159/5/3 1158/5/3
f 1162/5/3 1158/5/3 1157/5/3
f 1163/5/3 1159/5/3 1162/5/3
f 1164/7/3 1148/7/3 1159/7/3
f 1164/5/3 1159/5/3 1163/5/3
f 1165/5/3 1161/5/3 1160/5/3
f 1165/7/3 1148/7/3 1164/7/3
f 1165/5/3 1160/5/3 1148/5/3
f 1166/5/3 1161/5/3 1165/5/3
f 1167/5/3 1155/5/3 1161/5/3
f 1167/5/3 1161/5/3 1166/5/3
f 1168/5/3 1155/5/3 1167/5/3
f 1169/5/3 1155/5/3 1168/5/3
f 1170/5/3 1155/5/3 1169/5/3
f 1171/5/3 1155/5/3 1170/5/3
f 1172/5/3 1166/5/3 1165/5/3
f 1172/7/3 1163/7/3 1162/7/3
f 1172/5/3 1164/5/3 1163/5/3
f 1172/5/3 1165/5/3 1164/5/3
f 1173/5/3 1166/5/3 1172/5/3
f 1174/7/3 1167/7/3 1166/7/3
f 1174/5/3 1166/5/3 1173/5/3
f 1175/5/3 1168/5/3 1167/5/3
f 1175/7/3 1167/7/3 1174/7/3
f 1176/7/3 1169/7/3 1168/7/3
f 1176/5/3 1168/5/3 1175/5/3
f 1177/5/3 1170/5/3 1169/5/3
f 1177/7/3 1169/7/3 1176/7/3
f 1178/7/3 1171/7/3 1170/7/3
f 1178/5/3 1170/5/3 1177/5/3
f 1179/5/3 1155/5/3 1171/5/3
f 1179/7/3 1171/7/3 1178/7/3
f 1180/5/3 1085/5/3 1143/5/3
f 1180/7/3 1144/7/3 1132/7/3
f 1180/5/3 1143/5/3 1142/5/3
f 1180/7/3 1172/7/3 1162/7/3
f 1180/7/3 1162/7/3 1156/7/3
f 1180/7/3 1173/7/3 1172/7/3
f 1180/7/3 1156/7/3 1144/7/3
f 1180/7/3 1117/7/3 1085/7/3
f 1180/7/3 1132/7/3 1117/7/3
f 1181/7/3 1173/7/3 1180/7/3
f 1182/5/3 1178/5/3 1177/5/3
f 1182/7/3 1173/7/3 1181/7/3
f 1182/5/3 1177/5/3 1176/5/3
f 1182/5/3 1176/5/3 1175/5/3
f 1182/5/3 1179/5/3 1178/5/3
f 1182/5/3 1175/5/3 1174/5/3
f 1182/5/3 1174/5/3 1173/5/3
f 1183/5/3 1179/5/3 1182/5/3
f 1184/5/3 1181/5/3 1180/5/3
f 1184/5/3 1180/5/3 1142/5/3
f 1184/5/3 1142/5/3 1030/5/3
f 1185/5/3 1181/5/3 1184/5/3
f 1186/7/3 1183/7/3 1182/7/3
f 1186/5/3 1181/5/3 1185/5/3
f 1186/7/3 1182/7/3 1181/7/3
f 1187/5/3 1179/5/3 1183/5/3
f 1187/7/3 1183/7/3 1186/7/3
f 1188/5/3 1155/5/3 1179/5/3
f 1188/5/3 1179/5/3 1187/5/3
f 1188/5/3 1041/5/3 1071/5/3
f 1188/5/3 1071/5/3 1155/5/3
f 1189/5/3 1041/5/3 1188/5/3
f 1190/6/3 1024/6/3 1018/6/3
f 1192/5/3 1186/5/3 1185/5/3
f 1192/5/3 1187/5/3 1186/5/3
f 1192/5/3 1188/5/3 1187/5/3
f 1193/5/3 1188/5/3 1192/5/3
f 1195/6/3 1019/6/3 1029/6/3
f 1196/6/3 1191/6/3 1190/6/3
f 1197/6/3 1195/6/3 1194/6/3
f 1198/6/3 1196/6/3 1190/6/3
f 1198/6/3 1197/6/3 1196/6/3
f 1198/6/3 1190/6/3 1018/6/3
f 1199/6/3 1197/6/3 1198/6/3
f 1200/6/3 1195/6/3 1197/6/3
f 1200/6/3 1197/6/3 1199/6/3
f 1200/6/3 1019/6/3 1195/6/3
f 1201/6/3 1019/6/3 1200/6/3
f 1202/6/3 1200/6/3 1199/6/3
f 1203/6/3 1200/6/3 1202/6/3
f 1207/7/3 1205/7/3 1204/7/3
f 1207/7/3 1206/7/3 1205/7/3
f 1208/7/3 1206/7/3 1207/7/3
f 1209/7/3 1207/7/3 1204/7/3
f 1210/7/3 1207/7/3 1209/7/3
f 1211/7/3 1206/7/3 1208/7/3
f 1212/7/3 1206/7/3 1211/7/3
f 1216/7/3 1214/7/3 1213/7/3
f 1217/7/3 1214/7/3 1216/7/3
f 1218/7/3 1214/7/3 1217/7/3
f 1219/7/3 1214/7/3 1218/7/3
f 1221/7/3 1216/7/3 1215/7/3
f 1221/7/3 1217/7/3 1216/7/3
f 1222/7/3 1217/7/3 1221/7/3
f 1223/7/3 1220/7/3 1219/7/3
f 1223/7/3 1219/7/3 1218/7/3
f 1224/7/3 1220/7/3 1223/7/3
f 1228/7/3 1226/7/3 1225/7/3
f 1229/7/3 1226/7/3 1228/7/3
f 1230/7/3 1226/7/3 1229/7/3
f 1231/7/3 1226/7/3 1230/7/3
f 1233/7/3 1221/7/3 1215/7/3
f 1234/7/3 1228/7/3 1227/7/3
f 1234/7/3 1229/7/3 1228/7/3
f 1235/7/3 1229/7/3 1234/7/3
f 1236/7/3 1229/7/3 1235/7/3
f 1241/7/3 1232/7/3 1231/7/3
f 1241/7/3 1231/7/3 1230/7/3
f 1242/7/3 1232/7/3 1241/7/3
f 1243/7/3 1232/7/3 1242/7/3
f 1244/7/3 1220/7/3 1224/7/3
f 1245/7/3 1233/7/3 1215/7/3
f 1245/7/3 1234/7/3 1233/7/3
f 1245/7/3 1235/7/3 1234/7/3
f 1246/7/3 1235/7/3 1245/7/3
f 1247/7/3 1238/7/3 1237/7/3
f 1248/7/3 1240/7/3 1239/7/3
f 1249/7/3 1243/7/3 1242/7/3
f 1249/7/3 1244/7/3 1243/7/3
f 1250/7/3 1220/7/3 1244/7/3
f 1250/7/3 1244/7/3 1249/7/3
f 1251/7/3 1248/7/3 1247/7/3
f 1251/7/3 1247/7/3 1237/7/3
f 1252/7/3 1240/7/3 1248/7/3
f 1252/7/3 1248/7/3 1251/7/3
f 1253/7/3 1209/7/3 1204/7/3
f 1254/7/3 1206/7/3 1212/7/3
f 1255/7/3 1253/7/3 1204/7/3
f 1255/7/3 1254/7/3 1253/7/3
f 1256/7/3 1206/7/3 1254/7/3
f 1256/7/3 1254/7/3 1255/7/3
f 1261/7/3 1258/7/3 1257/7/3
f 1262/7/3 1258/7/3 1261/7/3
f 1265/7/3 1260/7/3 1259/7/3
f 1266/7/3 1260/7/3 1265/7/3
f 1267/7/3 1260/7/3 1266/7/3
f 1269/7/3 1261/7/3 1257/7/3
f 1270/7/3 1261/7/3 1269/7/3
f 1271/7/3 1258/7/3 1262/7/3
f 1272/7/3 1258/7/3 1271/7/3
f 1274/7/3 1264/7/3 1263/7/3
f 1275/7/3 1264/7/3 1274/7/3
f 1276/7/3 1264/7/3 1275/7/3
f 1277/7/3 1268/7/3 1267/7/3
f 1277/7/3 1267/7/3 1266/7/3
f 1278/7/3 1268/7/3 1277/7/3
f 1279/7/3 1268/7/3 1278/7/3
f 1280/7/3 1275/7/3 1274/7/3
f 1280/7/3 1274/7/3 1273/7/3
f 1281/7/3 1275/7/3 1280/7/3
f 1282/7/3 1275/7/3 1281/7/3
f 1283/7/3 1279/7/3 1278/7/3
f 1283/7/3 1281/7/3 1280/7/3
f 1283/7/3 1280/7/3 1279/7/3
f 1284/7/3 1281/7/3 1283/7/3
f 1285/7/3 1265/7/3 1259/7/3
f 1288/7/3 1264/7/3 1276/7/3
f 1289/7/3 1286/7/3 1285/7/3
f 1289/7/3 1285/7/3 1259/7/3
f 1290/7/3 1286/7/3 1289/7/3
f 1291/7/3 1286/7/3 1290/7/3
f 1292/7/3 1288/7/3 1287/7/3
f 1293/7/3 1264/7/3 1288/7/3
f 1293/7/3 1288/7/3 1292/7/3
f 1294/7/3 1264/7/3 1293/7/3
f 1295/7/3 1291/7/3 1290/7/3
f 1295/7/3 1292/7/3 1291/7/3
f 1295/7/3 1293/7/3 1292/7/3
f 1296/7/3 1293/7/3 1295/7/3
f 1297/7/3 1255/7/3 1204/7/3
f 1300/7/3 1206/7/3 1256/7/3
f 1301/7/3 1298/7/3 1297/7/3
f 1302/7/3 1300/7/3 1299/7/3
f 1303/7/3 1301/7/3 1297/7/3
f 1303/7/3 1302/7/3 1301/7/3
f 1303/7/3 1297/7/3 1204/7/3
f 1304/7/3 1302/7/3 1303/7/3
f 1305/7/3 1300/7/3 1302/7/3
f 1305/7/3 1302/7/3 1304/7/3
f 1305/7/3 1206/7/3 1300/7/3
f 1308/4/3 1307/4/3 1306/4/3
f 1309/4/3 1307/4/3 1308/4/3
f 1314/6/3 1311/6/3 1310/6/3
f 1315/6/3 1311/6/3 1314/6/3
f 1316/6/3 1313/6/3 1312/6/3
f 1317/6/3 1313/6/3 1316/6/3
f 1318/6/3 1314/6/3 1310/6/3
f 1319/2/3 1315/2/3 1314/2/3
f 1319/6/3 1314/6/3 1318/6/3
f 1320/6/3 1311/6/3 1315/6/3
f 1320/2/3 1315/2/3 1319/2/3
f 1321/3/3 1320/3/3 1319/3/3
f 1322/6/3 1311/6/3 1320/6/3
f 1322/3/3 1320/3/3 1321/3/3
f 1323/2/3 1322/2/3 1321/2/3
f 1324/2/3 1322/2/3 1323/2/3
f 1325/2/3 1322/2/3 1324/2/3
f 1326/6/3 1311/6/3 1322/6/3
f 1326/2/3 1322/2/3 1325/2/3
f 1327/6/3 1311/6/3 1326/6/3
f 1330/6/3 1329/6/3 1328/6/3
f 1331/6/3 1329/6/3 1330/6/3
f 1332/6/4 1333/6/4 1336/6/4
f 1336/6/4 1333/6/4 1337/6/4
f 1334/6/4 1335/6/4 1338/6/4
f 1338/6/4 1335/6/4 1339/6/4
f 1332/6/4 1336/6/4 1340/6/4
f 1336/2/4 1337/2/4 1341/2/4
f 1340/6/4 1336/6/4 1341/6/4
f 1337/6/4 1333/6/4 1342/6/4
f 1341/2/4 1337/2/4 1342/2/4
f 1341/3/4 1342/3/4 1343/3/4
f 1342/6/4 1333/6/4 1344/6/4
f 1343/3/4 1342/3/4 1344/3/4
f 1343/2/4 1344/2/4 1345/2/4
f 1345/2/4 1344/2/4 1346/2/4
f 1346/2/4 1344/2/4 1347/2/4
f 1344/6/4 1333/6/4 1348/6/4
f 1347/2/4 1344/2/4 1348/2/4
f 1348/6/4 1333/6/4 1349/6/4
f 1350/6/4 1351/6/4 1352/6/4
f 1352/6/4 1351/6/4 1353/6/4
f 1354/4/4 1355/4/4 1356/4/4
f 1356/4/4 1355/4/4 1357/4/4
f 1358/7/4 1359/7/4 1361/7/4
f 1359/7/4 1360/7/4 1361/7/4
f 1361/7/4 1360/7/4 1362/7/4
f 1358/7/4 1361/7/4 1363/7/4
f 1363/7/4 1361/7/4 1364/7/4
f 1362/7/4 1360/7/4 1365/7/4
f 1365/7/4 1360/7/4 1366/7/4
f 1367/7/4 1368/7/4 1370/7/4
f 1370/7/4 1368/7/4 1371/7/4
f 1371/7/4 1368/7/4 1372/7/4
f 1372/7/4 1368/7/4 1373/7/4
f 1369/7/4 1370/7/4 1375/7/4
f 1370/7/4 1371/7/4 1375/7/4
f 1375/7/4 1371/7/4 1376/7/4
f 1373/7/4 1374/7/4 1377/7/4
f 1372/7/4 1373/7/4 1377/7/4
f 1377/7/4 1374/7/4 1378/7/4
f 1379/7/4 1380/7/4 1382/7/4
f 1382/7/4 1380/7/4 1383/7/4
f 1383/7/4 1380/7/4 1384/7/4
f 1384/7/4 1380/7/4 1385/7/4
f 1369/7/4 1375/7/4 1387/7/4
f 1381/7/4 1382/7/4 1388/7/4
f 1382/7/4 1383/7/4 1388/7/4
f 1388/7/4 1383/7/4 1389/7/4
f 1389/7/4 1383/7/4 1390/7/4
f 1385/7/4 1386/7/4 1395/7/4
f 1384/7/4 1385/7/4 1395/7/4
f 1395/7/4 1386/7/4 1396/7/4
f 1396/7/4 1386/7/4 1397/7/4
f 1378/7/4 1374/7/4 1398/7/4
f 1369/7/4 1387/7/4 1399/7/4
f 1387/7/4 1388/7/4 1399/7/4
f 1388/7/4 1389/7/4 1399/7/4
f 1399/7/4 1389/7/4 1400/7/4
f 1391/7/4 1392/7/4 1401/7/4
f 1393/7/4 1394/7/4 1402/7/4
f 1396/7/4 1397/7/4 1403/7/4
f 1397/7/4 1398/7/4 1403/7/4
f 1398/7/4 1374/7/4 1404/7/4
f 1403/7/4 1398/7/4 1404/7/4
f 1401/7/4 1402/7/4 1405/7/4
f 1391/7/4 1401/7/4 1405/7/4
f 1402/7/4 1394/7/4 1406/7/4
f 1405/7/4 1402/7/4 1406/7/4
f 1358/7/4 1363/7/4 1407/7/4
f 1366/7/4 1360/7/4 1408/7/4
f 1358/7/4 1407/7/4 1409/7/4
f 1407/7/4 1408/7/4 1409/7/4
f 1408/7/4 1360/7/4 1410/7/4
f 1409/7/4 1408/7/4 1410/7/4
f 1411/7/4 1412/7/4 1415/7/4
f 1415/7/4 1412/7/4 1416/7/4
f 1413/7/4 1414/7/4 1419/7/4
f 1419/7/4 1414/7/4 1420/7/4
f 1420/7/4 1414/7/4 1421/7/4
f 1411/7/4 1415/7/4 1423/7/4
f 1423/7/4 1415/7/4 1424/7/4
f 1416/7/4 1412/7/4 1425/7/4
f 1425/7/4 1412/7/4 1426/7/4
f 1417/7/4 1418/7/4 1428/7/4
f 1428/7/4 1418/7/4 1429/7/4
f 1429/7/4 1418/7/4 1430/7/4
f 1421/7/4 1422/7/4 1431/7/4
f 1420/7/4 1421/7/4 1431/7/4
f 1431/7/4 1422/7/4 1432/7/4
f 1432/7/4 1422/7/4 1433/7/4
f 1428/7/4 1429/7/4 1434/7/4
f 1427/7/4 1428/7/4 1434/7/4
f 1434/7/4 1429/7/4 1435/7/4
f 1435/7/4 1429/7/4 1436/7/4
f 1432/7/4 1433/7/4 1437/7/4
f 1434/7/4 1435/7/4 1437/7/4
f 1433/7/4 1434/7/4 1437/7/4
f 1437/7/4 1435/7/4 1438/7/4
f 1413/7/4 1419/7/4 1439/7/4
f 1430/7/4 1418/7/4 1442/7/4
f 1439/7/4 1440/7/4 1443/7/4
f 1413/7/4 1439/7/4 1443/7/4
f 1443/7/4 1440/7/4 1444/7/4
f 1444/7/4 1440/7/4 1445/7/4
f 1441/7/4 1442/7/4 1446/7/4
f 1442/7/4 1418/7/4 1447/7/4
f 1446/7/4 1442/7/4 1447/7/4
f 1447/7/4 1418/7/4 1448/7/4
f 1444/7/4 1445/7/4 1449/7/4
f 1445/7/4 1446/7/4 1449/7/4
f 1446/7/4 1447/7/4 1449/7/4
f 1449/7/4 1447/7/4 1450/7/4
f 1358/7/4 1409/7/4 1451/7/4
f 1410/7/4 1360/7/4 1454/7/4
f 1451/7/4 1452/7/4 1455/7/4
f 1453/7/4 1454/7/4 1456/7/4
f 1451/7/4 1455/7/4 1457/7/4
f 1455/7/4 1456/7/4 1457/7/4
f 1358/7/4 1451/7/4 1457/7/4
f 1457/7/4 1456/7/4 1458/7/4
f 1456/7/4 1454/7/4 1459/7/4
f 1458/7/4 1456/7/4 1459/7/4
f 1454/7/4 1360/7/4 1459/7/4
f 1460/6/4 1461/6/4 1463/6/4
f 1463/6/4 1461/6/4 1464/6/4
f 1462/6/4 1463/6/4 1466/6/4
f 1464/6/4 1465/6/4 1466/6/4
f 1463/6/4 1464/6/4 1466/6/4
f 1466/6/4 1465/6/4 1467/6/4
f 1462/6/4 1466/6/4 1468/6/4
f 1468/6/4 1466/6/4 1469/6/4
f 1467/6/4 1465/6/4 1472/6/4
f 1472/6/4 1465/6/4 1473/6/4
f 1470/5/4 1471/5/4 1475/5/4
f 1475/5/4 1471/5/4 1476/5/4
f 1476/5/4 1471/5/4 1477/5/4
f 1477/5/4 1471/5/4 1478/5/4
f 1474/5/4 1475/5/4 1480/5/4
f 1475/5/4 1476/5/4 1480/5/4
f 1476/7/4 1477/7/4 1481/7/4
f 1480/5/4 1476/5/4 1481/5/4
f 1481/7/4 1477/7/4 1482/7/4
f 1478/5/4 1479/5/4 1483/5/4
f 1482/7/4 1477/7/4 1483/7/4
f 1477/5/4 1478/5/4 1483/5/4
f 1481/7/4 1482/7/4 1484/7/4
f 1480/7/4 1481/7/4 1484/7/4
f 1482/5/4 1483/5/4 1485/5/4
f 1484/7/4 1482/7/4 1485/7/4
f 1485/5/4 1483/5/4 1486/5/4
f 1486/5/4 1483/5/4 1487/5/4
f 1483/5/4 1479/5/4 1488/5/4
f 1487/5/4 1483/5/4 1488/5/4
f 1488/5/4 1479/5/4 1489/5/4
f 1489/5/4 1479/5/4 1490/5/4
f 1490/5/4 1479/5/4 1491/5/4
f 1480/7/4 1484/7/4 1492/7/4
f 1484/5/4 1485/5/4 1493/5/4
f 1492/7/4 1484/7/4 1493/7/4
f 1485/5/4 1486/5/4 1493/5/4
f 1493/5/4 1486/5/4 1494/5/4
f 1494/5/4 1486/5/4 1495/5/4
f 1486/7/4 1487/7/4 1496/7/4
f 1495/5/4 1486/5/4 1496/5/4
f 1487/5/4 1488/5/4 1497/5/4
f 1496/7/4 1487/7/4 1497/7/4
f 1488/7/4 1489/7/4 1498/7/4
f 1497/5/4 1488/5/4 1498/5/4
f 1489/5/4 1490/5/4 1499/5/4
f 1498/7/4 1489/7/4 1499/7/4
f 1490/7/4 1491/7/4 1500/7/4
f 1499/5/4 1490/5/4 1500/5/4
f 1491/5/4 1479/5/4 1501/5/4
f 1500/7/4 1491/7/4 1501/7/4
f 1480/7/4 1492/7/4 1502/7/4
f 1492/5/4 1493/5/4 1503/5/4
f 1502/7/4 1492/7/4 1503/7/4
f 1493/5/4 1494/5/4 1503/5/4
f 1503/5/4 1494/5/4 1504/5/4
f 1494/7/4 1495/7/4 1505/7/4
f 1504/5/4 1494/5/4 1505/5/4
f 1499/5/4 1500/5/4 1506/5/4
f 1498/5/4 1499/5/4 1506/5/4
f 1495/5/4 1496/5/4 1506/5/4
f 1496/5/4 1497/5/4 1506/5/4
f 1500/5/4 1501/5/4 1506/5/4
f 1497/5/4 1498/5/4 1506/5/4
f 1506/5/4 1501/5/4 1507/5/4
f 1474/5/4 1480/5/4 1508/5/4
f 1508/5/4 1480/5/4 1509/5/4
f 1480/7/4 1502/7/4 1510/7/4
f 1503/5/4 1504/5/4 1511/5/4
f 1510/7/4 1502/7/4 1511/7/4
f 1502/5/4 1503/5/4 1511/5/4
f 1511/5/4 1504/5/4 1512/5/4
f 1504/7/4 1505/7/4 1513/7/4
f 1512/5/4 1504/5/4 1513/5/4
f 1505/7/4 1495/7/4 1514/7/4
f 1513/7/4 1505/7/4 1514/7/4
f 1495/5/4 1506/5/4 1514/5/4
f 1514/5/4 1506/5/4 1515/5/4
f 1506/7/4 1507/7/4 1516/7/4
f 1515/5/4 1506/5/4 1516/5/4
f 1516/7/4 1507/7/4 1517/7/4
f 1507/5/4 1501/5/4 1518/5/4
f 1517/7/4 1507/7/4 1518/7/4
f 1518/5/4 1501/5/4 1519/5/4
f 1501/5/4 1479/5/4 1520/5/4
f 1519/5/4 1501/5/4 1520/5/4
f 1520/5/4 1479/5/4 1521/5/4
f 1480/7/4 1510/7/4 1522/7/4
f 1511/5/4 1512/5/4 1523/5/4
f 1522/7/4 1510/7/4 1523/7/4
f 1510/5/4 1511/5/4 1523/5/4
f 1523/5/4 1512/5/4 1524/5/4
f 1524/5/4 1512/5/4 1525/5/4
f 1512/7/4 1513/7/4 1526/7/4
f 1514/7/4 1515/7/4 1526/7/4
f 1513/7/4 1514/7/4 1526/7/4
f 1516/5/4 1517/5/4 1527/5/4
f 1526/7/4 1515/7/4 1527/7/4
f 1515/5/4 1516/5/4 1527/5/4
f 1518/7/4 1519/7/4 1528/7/4
f 1527/5/4 1517/5/4 1528/5/4
f 1517/7/4 1518/7/4 1528/7/4
f 1528/7/4 1519/7/4 1529/7/4
f 1520/7/4 1521/7/4 1530/7/4
f 1519/5/4 1520/5/4 1530/5/4
f 1521/5/4 1479/5/4 1531/5/4
f 1530/7/4 1521/7/4 1531/7/4
f 1508/7/4 1509/7/4 1532/7/4
f 1474/5/4 1508/5/4 1532/5/4
f 1509/5/4 1480/5/4 1533/5/4
f 1532/7/4 1509/7/4 1533/7/4
f 1480/7/4 1522/7/4 1534/7/4
f 1534/7/4 1522/7/4 1535/7/4
f 1535/7/4 1522/7/4 1536/7/4
f 1523/5/4 1524/5/4 1537/5/4
f 1536/7/4 1522/7/4 1537/7/4
f 1522/5/4 1523/5/4 1537/5/4
f 1537/5/4 1524/5/4 1538/5/4
f 1524/7/4 1525/7/4 1539/7/4
f 1538/5/4 1524/5/4 1539/5/4
f 1525/5/4 1512/5/4 1540/5/4
f 1539/7/4 1525/7/4 1540/7/4
f 1512/7/4 1526/7/4 1541/7/4
f 1540/5/4 1512/5/4 1541/5/4
f 1526/5/4 1527/5/4 1542/5/4
f 1541/7/4 1526/7/4 1542/7/4
f 1528/5/4 1529/5/4 1542/5/4
f 1527/5/4 1528/5/4 1542/5/4
f 1542/5/4 1529/5/4 1543/5/4
f 1543/5/4 1529/5/4 1544/5/4
f 1529/7/4 1519/7/4 1545/7/4
f 1544/5/4 1529/5/4 1545/5/4
f 1519/5/4 1530/5/4 1546/5/4
f 1545/7/4 1519/7/4 1546/7/4
f 1530/5/4 1531/5/4 1546/5/4
f 1546/5/4 1531/5/4 1547/5/4
f 1547/5/4 1531/5/4 1548/5/4
f 1474/5/4 1532/5/4 1549/5/4
f 1532/5/4 1533/5/4 1549/5/4
f 1533/5/4 1480/5/4 1550/5/4
f 1549/5/4 1533/5/4 1550/5/4
f 1535/7/4 1536/7/4 1551/7/4
f 1534/5/4 1535/5/4 1551/5/4
f 1537/5/4 1538/5/4 1552/5/4
f 1551/7/4 1536/7/4 1552/7/4
f 1536/5/4 1537/5/4 1552/5/4
f 1552/5/4 1538/5/4 1553/5/4
f 1538/7/4 1539/7/4 1554/7/4
f 1553/5/4 1538/5/4 1554/5/4
f 1539/5/4 1540/5/4 1555/5/4
f 1554/7/4 1539/7/4 1555/7/4
f 1540/5/4 1541/5/4 1555/5/4
f 1542/5/4 1543/5/4 1555/5/4
f 1541/5/4 1542/5/4 1555/5/4
f 1555/5/4 1543/5/4 1556/5/4
f 1556/5/4 1543/5/4 1557/5/4
f 1544/5/4 1545/5/4 1558/5/4
f 1543/7/4 1544/7/4 1558/7/4
f 1545/5/4 1546/5/4 1558/5/4
f 1546/5/4 1547/5/4 1558/5/4
f 1558/5/4 1547/5/4 1559/5/4
f 1559/5/4 1547/5/4 1560/5/4
f 1547/7/4 1548/7/4 1561/7/4
f 1560/5/4 1547/5/4 1561/5/4
f 1550/5/4 1480/5/4 1562/5/4
f 1549/7/4 1550/7/4 1562/7/4
f 1480/7/4 1534/7/4 1563/7/4
f 1562/5/4 1480/5/4 1563/5/4
f 1552/5/4 1553/5/4 1564/5/4
f 1563/7/4 1534/7/4 1564/7/4
f 1551/5/4 1552/5/4 1564/5/4
f 1534/5/4 1551/5/4 1564/5/4
f 1553/7/4 1554/7/4 1565/7/4
f 1564/5/4 1553/5/4 1565/5/4
f 1565/7/4 1554/7/4 1566/7/4
f 1555/5/4 1556/5/4 1567/5/4
f 1566/7/4 1554/7/4 1567/7/4
f 1554/5/4 1555/5/4 1567/5/4
f 1556/7/4 1557/7/4 1568/7/4
f 1567/5/4 1556/5/4 1568/5/4
f 1557/5/4 1543/5/4 1569/5/4
f 1568/7/4 1557/7/4 1569/7/4
f 1569/5/4 1543/5/4 1570/5/4
f 1570/5/4 1543/5/4 1571/5/4
f 1558/7/4 1559/7/4 1572/7/4
f 1571/5/4 1543/5/4 1572/5/4
f 1543/7/4 1558/7/4 1572/7/4
f 1572/7/4 1559/7/4 1573/7/4
f 1573/7/4 1559/7/4 1574/7/4
f 1574/7/4 1559/7/4 1575/7/4
f 1559/5/4 1560/5/4 1576/5/4
f 1575/7/4 1559/7/4 1576/7/4
f 1576/5/4 1560/5/4 1577/5/4
f 1560/7/4 1561/7/4 1578/7/4
f 1577/5/4 1560/5/4 1578/5/4
f 1548/5/4 1531/5/4 1579/5/4
f 1578/7/4 1561/7/4 1579/7/4
f 1561/7/4 1548/7/4 1579/7/4
f 1565/7/4 1566/7/4 1580/7/4
f 1564/7/4 1565/7/4 1580/7/4
f 1567/5/4 1568/5/4 1581/5/4
f 1580/7/4 1566/7/4 1581/7/4
f 1566/5/4 1567/5/4 1581/5/4
f 1569/5/4 1570/5/4 1581/5/4
f 1568/5/4 1569/5/4 1581/5/4
f 1581/5/4 1570/5/4 1582/5/4
f 1570/7/4 1571/7/4 1583/7/4
f 1582/5/4 1570/5/4 1583/5/4
f 1583/7/4 1571/7/4 1584/7/4
f 1572/5/4 1573/5/4 1585/5/4
f 1584/7/4 1571/7/4 1585/7/4
f 1571/5/4 1572/5/4 1585/5/4
f 1573/7/4 1574/7/4 1586/7/4
f 1585/5/4 1573/5/4 1586/5/4
f 1574/5/4 1575/5/4 1587/5/4
f 1586/7/4 1574/7/4 1587/7/4
f 1575/7/4 1576/7/4 1588/7/4
f 1587/5/4 1575/5/4 1588/5/4
f 1576/7/4 1577/7/4 1588/7/4
f 1577/5/4 1578/5/4 1589/5/4
f 1588/7/4 1577/7/4 1589/7/4
f 1578/5/4 1579/5/4 1589/5/4
f 1589/5/4 1579/5/4 1590/5/4
f 1590/5/4 1579/5/4 1591/5/4
f 1562/7/4 1563/7/4 1592/7/4
f 1474/5/4 1549/5/4 1592/5/4
f 1549/7/4 1562/7/4 1592/7/4
f 1563/5/4 1564/5/4 1593/5/4
f 1592/7/4 1563/7/4 1593/7/4
f 1581/5/4 1582/5/4 1594/5/4
f 1580/5/4 1581/5/4 1594/5/4
f 1583/7/4 1584/7/4 1595/7/4
f 1594/5/4 1582/5/4 1595/5/4
f 1582/7/4 1583/7/4 1595/7/4
f 1595/7/4 1584/7/4 1596/7/4
f 1596/7/4 1584/7/4 1597/7/4
f 1587/5/4 1588/5/4 1598/5/4
f 1597/7/4 1584/7/4 1598/7/4
f 1584/5/4 1585/5/4 1598/5/4
f 1586/5/4 1587/5/4 1598/5/4
f 1588/5/4 1589/5/4 1598/5/4
f 1585/5/4 1586/5/4 1598/5/4
f 1589/5/4 1590/5/4 1598/5/4
f 1598/5/4 1590/5/4 1599/5/4
f 1599/5/4 1590/5/4 1600/5/4
f 1600/5/4 1590/5/4 1601/5/4
f 1591/5/4 1579/5/4 1602/5/4
f 1590/7/4 1591/7/4 1602/7/4
f 1602/5/4 1579/5/4 1603/5/4
f 1531/5/4 1479/5/4 1604/5/4
f 1603/5/4 1579/5/4 1604/5/4
f 1579/5/4 1531/5/4 1604/5/4
f 1604/5/4 1479/5/4 1605/5/4
f 1564/7/4 1580/7/4 1606/7/4
f 1593/5/4 1564/5/4 1606/5/4
f 1592/5/4 1593/5/4 1606/5/4
f 1580/5/4 1594/5/4 1607/5/4
f 1606/7/4 1580/7/4 1607/7/4
f 1595/7/4 1596/7/4 1608/7/4
f 1607/5/4 1594/5/4 1608/5/4
f 1594/7/4 1595/7/4 1608/7/4
f 1596/5/4 1597/5/4 1609/5/4
f 1608/7/4 1596/7/4 1609/7/4
f 1598/7/4 1599/7/4 1610/7/4
f 1609/5/4 1597/5/4 1610/5/4
f 1597/7/4 1598/7/4 1610/7/4
f 1599/5/4 1600/5/4 1611/5/4
f 1610/7/4 1599/7/4 1611/7/4
f 1611/5/4 1600/5/4 1612/5/4
f 1612/5/4 1600/5/4 1613/5/4
f 1601/5/4 1590/5/4 1616/5/4
f 1616/5/4 1590/5/4 1617/5/4
f 1602/7/4 1603/7/4 1618/7/4
f 1617/5/4 1590/5/4 1618/5/4
f 1590/7/4 1602/7/4 1618/7/4
f 1603/5/4 1604/5/4 1619/5/4
f 1618/7/4 1603/7/4 1619/7/4
f 1604/7/4 1605/7/4 1620/7/4
f 1619/5/4 1604/5/4 1620/5/4
f 1605/5/4 1479/5/4 1621/5/4
f 1620/7/4 1605/7/4 1621/7/4
f 1474/5/4 1592/5/4 1622/5/4
f 1607/5/4 1608/5/4 1622/5/4
f 1611/5/4 1612/5/4 1622/5/4
f 1610/5/4 1611/5/4 1622/5/4
f 1609/5/4 1610/5/4 1622/5/4
f 1608/5/4 1609/5/4 1622/5/4
f 1606/5/4 1607/5/4 1622/5/4
f 1592/5/4 1606/5/4 1622/5/4
f 1622/5/4 1612/5/4 1623/5/4
f 1614/2/4 1615/2/4 1625/2/4
f 1625/2/4 1615/2/4 1626/2/4
f 1626/2/4 1615/2/4 1627/2/4
f 1627/2/4 1615/2/4 1628/2/4
f 1628/2/4 1615/2/4 1629/2/4
f 1629/2/4 1615/2/4 1630/2/4
f 1619/5/4 1620/5/4 1632/5/4
f 1618/5/4 1619/5/4 1632/5/4
f 1617/5/4 1618/5/4 1632/5/4
f 1620/5/4 1621/5/4 1632/5/4
f 1621/5/4 1479/5/4 1633/5/4
f 1632/5/4 1621/5/4 1633/5/4
f 1462/6/4 1468/6/4 1634/6/4
f 1625/2/4 1626/2/4 1635/2/4
f 1624/2/4 1625/2/4 1635/2/4
f 1627/3/4 1628/3/4 1636/3/4
f 1636/3/4 1628/3/4 1637/3/4
f 1630/2/4 1631/2/4 1638/2/4
f 1629/2/4 1630/2/4 1638/2/4
f 1473/6/4 1465/6/4 1639/6/4
f 1462/6/4 1634/6/4 1640/6/4
f 1634/2/4 1635/2/4 1640/2/4
f 1635/2/4 1626/2/4 1641/2/4
f 1640/2/4 1635/2/4 1641/2/4
f 1629/2/4 1638/2/4 1642/2/4
f 1638/2/4 1639/2/4 1642/2/4
f 1639/6/4 1465/6/4 1643/6/4
f 1642/2/4 1639/2/4 1643/2/4
f 1640/6/4 1641/6/4 1644/6/4
f 1462/6/4 1640/6/4 1644/6/4
f 1642/6/4 1643/6/4 1644/6/4
f 1641/6/4 1642/6/4 1644/6/4
f 1643/6/4 1465/6/4 1645/6/4
f 1644/6/4 1643/6/4 1645/6/4
f 1646/6/4 1647/6/4 1648/6/4
f 1648/6/4 1647/6/4 1649/6/4
f 1649/6/4 1647/6/4 1650/6/4
f 1650/6/4 1647/6/4 1651/6/4
f 1646/6/4 1648/6/4 1652/6/4
f 1648/2/4 1649/2/4 1652/2/4
f 1652/2/4 1649/2/4 1653/2/4
f 1650/2/4 1651/2/4 1656/2/4
f 1651/6/4 1647/6/4 1657/6/4
f 1656/2/4 1651/2/4 1657/2/4
f 1653/2/4 1649/2/4 1660/2/4
f 1660/2/4 1649/2/4 1661/2/4
f 1661/2/4 1649/2/4 1662/2/4
f 1654/3/4 1655/3/4 1663/3/4
f 1663/3/4 1655/3/4 1664/3/4
f 1650/2/4 1656/2/4 1665/2/4
f 1665/2/4 1656/2/4 1666/2/4
f 1666/2/4 1656/2/4 1667/2/4
f 1658/5/4 1659/5/4 1670/5/4
f 1670/5/4 1659/5/4 1671/5/4
f 1671/5/4 1659/5/4 1672/5/4
f 1672/5/4 1659/5/4 1673/5/4
f 1673/5/4 1659/5/4 1674/5/4
f 1674/5/4 1659/5/4 1675/5/4
f 1675/5/4 1659/5/4 1676/5/4
f 1663/2/4 1664/2/4 1678/2/4
f 1661/2/4 1662/2/4 1678/2/4
f 1665/2/4 1666/2/4 1678/2/4
f 1662/2/4 1663/2/4 1678/2/4
f 1664/2/4 1665/2/4 1678/2/4
f 1678/2/4 1666/2/4 1679/2/4
f 1668/5/4 1669/5/4 1681/5/4
f 1658/5/4 1670/5/4 1682/5/4
f 1670/7/4 1671/7/4 1682/7/4
f 1671/5/4 1672/5/4 1683/5/4
f 1682/7/4 1671/7/4 1683/7/4
f 1672/7/4 1673/7/4 1684/7/4
f 1683/5/4 1672/5/4 1684/5/4
f 1684/7/4 1673/7/4 1685/7/4
f 1685/7/4 1673/7/4 1686/7/4
f 1673/5/4 1674/5/4 1687/5/4
f 1686/7/4 1673/7/4 1687/7/4
f 1674/7/4 1675/7/4 1688/7/4
f 1687/5/4 1674/5/4 1688/5/4
f 1676/5/4 1677/5/4 1689/5/4
f 1688/7/4 1675/7/4 1689/7/4
f 1675/5/4 1676/5/4 1689/5/4
f 1689/5/4 1677/5/4 1690/5/4
f 1690/5/4 1677/5/4 1691/5/4
f 1680/5/4 1681/5/4 1692/5/4
f 1681/5/4 1669/5/4 1693/5/4
f 1692/5/4 1681/5/4 1693/5/4
f 1693/5/4 1669/5/4 1694/5/4
f 1694/5/4 1669/5/4 1695/5/4
f 1695/5/4 1669/5/4 1696/5/4
f 1684/7/4 1685/7/4 1697/7/4
f 1682/5/4 1683/5/4 1697/5/4
f 1683/7/4 1684/7/4 1697/7/4
f 1685/5/4 1686/5/4 1698/5/4
f 1697/7/4 1685/7/4 1698/7/4
f 1690/5/4 1691/5/4 1699/5/4
f 1691/5/4 1692/5/4 1699/5/4
f 1692/5/4 1693/5/4 1699/5/4
f 1693/7/4 1694/7/4 1700/7/4
f 1699/5/4 1693/5/4 1700/5/4
f 1695/7/4 1696/7/4 1701/7/4
f 1694/5/4 1695/5/4 1701/5/4
f 1696/5/4 1669/5/4 1702/5/4
f 1701/7/4 1696/7/4 1702/7/4
f 1682/5/4 1697/5/4 1703/5/4
f 1697/5/4 1698/5/4 1703/5/4
f 1658/5/4 1682/5/4 1703/5/4
f 1703/5/4 1698/5/4 1704/5/4
f 1704/5/4 1698/5/4 1705/5/4
f 1705/5/4 1698/5/4 1706/5/4
f 1706/5/4 1698/5/4 1707/5/4
f 1687/7/4 1688/7/4 1708/7/4
f 1707/5/4 1698/5/4 1708/5/4
f 1698/5/4 1686/5/4 1708/5/4
f 1686/7/4 1687/7/4 1708/7/4
f 1688/7/4 1689/7/4 1708/7/4
f 1689/7/4 1690/7/4 1708/7/4
f 1690/5/4 1699/5/4 1709/5/4
f 1709/5/4 1699/5/4 1710/5/4
f 1699/7/4 1700/7/4 1711/7/4
f 1710/5/4 1699/5/4 1711/5/4
f 1694/5/4 1701/5/4 1712/5/4
f 1711/7/4 1700/7/4 1712/7/4
f 1700/7/4 1694/7/4 1712/7/4
f 1701/5/4 1702/5/4 1712/5/4
f 1712/5/4 1702/5/4 1713/5/4
f 1713/5/4 1702/5/4 1714/5/4
f 1705/7/4 1706/7/4 1715/7/4
f 1704/5/4 1705/5/4 1715/5/4
f 1706/5/4 1707/5/4 1716/5/4
f 1715/7/4 1706/7/4 1716/7/4
f 1707/7/4 1708/7/4 1717/7/4
f 1716/5/4 1707/5/4 1717/5/4
f 1708/7/4 1690/7/4 1718/7/4
f 1717/7/4 1708/7/4 1718/7/4
f 1718/7/4 1690/7/4 1719/7/4
f 1690/5/4 1709/5/4 1720/5/4
f 1719/7/4 1690/7/4 1720/7/4
f 1709/7/4 1710/7/4 1721/7/4
f 1720/5/4 1709/5/4 1721/5/4
f 1710/5/4 1711/5/4 1722/5/4
f 1721/7/4 1710/7/4 1722/7/4
f 1711/5/4 1712/5/4 1722/5/4
f 1712/5/4 1713/5/4 1722/5/4
f 1722/5/4 1713/5/4 1723/5/4
f 1723/5/4 1713/5/4 1724/5/4
f 1713/7/4 1714/7/4 1725/7/4
f 1724/5/4 1713/5/4 1725/5/4
f 1714/5/4 1702/5/4 1726/5/4
f 1725/7/4 1714/7/4 1726/7/4
f 1715/5/4 1716/5/4 1727/5/4
f 1716/5/4 1717/5/4 1727/5/4
f 1717/5/4 1718/5/4 1727/5/4
f 1727/5/4 1718/5/4 1728/5/4
f 1728/5/4 1718/5/4 1729/5/4
f 1729/5/4 1718/5/4 1730/5/4
f 1718/7/4 1719/7/4 1731/7/4
f 1720/5/4 1721/5/4 1732/5/4
f 1731/7/4 1719/7/4 1732/7/4
f 1719/5/4 1720/5/4 1732/5/4
f 1722/5/4 1723/5/4 1732/5/4
f 1721/5/4 1722/5/4 1732/5/4
f 1732/5/4 1723/5/4 1733/5/4
f 1733/5/4 1723/5/4 1734/5/4
f 1723/7/4 1724/7/4 1735/7/4
f 1734/5/4 1723/5/4 1735/5/4
f 1724/5/4 1725/5/4 1736/5/4
f 1735/7/4 1724/7/4 1736/7/4
f 1725/5/4 1726/5/4 1736/5/4
f 1715/5/4 1727/5/4 1737/5/4
f 1737/5/4 1727/5/4 1738/5/4
f 1727/7/4 1728/7/4 1739/7/4
f 1728/5/4 1729/5/4 1740/5/4
f 1739/7/4 1728/7/4 1740/7/4
f 1729/7/4 1730/7/4 1741/7/4
f 1740/5/4 1729/5/4 1741/5/4
f 1730/5/4 1718/5/4 1742/5/4
f 1741/7/4 1730/7/4 1742/7/4
f 1718/7/4 1731/7/4 1743/7/4
f 1732/5/4 1733/5/4 1743/5/4
f 1731/5/4 1732/5/4 1743/5/4
f 1743/5/4 1733/5/4 1744/5/4
f 1733/7/4 1734/7/4 1745/7/4
f 1744/5/4 1733/5/4 1745/5/4
f 1734/5/4 1735/5/4 1746/5/4
f 1745/7/4 1734/7/4 1746/7/4
f 1735/5/4 1736/5/4 1746/5/4
f 1738/5/4 1727/5/4 1747/5/4
f 1737/7/4 1738/7/4 1747/7/4
f 1727/7/4 1739/7/4 1748/7/4
f 1747/5/4 1727/5/4 1748/5/4
f 1740/5/4 1741/5/4 1749/5/4
f 1748/7/4 1739/7/4 1749/7/4
f 1741/5/4 1742/5/4 1749/5/4
f 1739/5/4 1740/5/4 1749/5/4
f 1749/5/4 1742/5/4 1750/5/4
f 1750/5/4 1742/5/4 1751/5/4
f 1751/5/4 1742/5/4 1752/5/4
f 1742/5/4 1718/5/4 1753/5/4
f 1752/5/4 1742/5/4 1753/5/4
f 1743/7/4 1744/7/4 1753/7/4
f 1718/7/4 1743/7/4 1753/7/4
f 1744/5/4 1745/5/4 1754/5/4
f 1753/7/4 1744/7/4 1754/7/4
f 1745/5/4 1746/5/4 1754/5/4
f 1746/5/4 1736/5/4 1755/5/4
f 1754/5/4 1746/5/4 1755/5/4
f 1736/5/4 1726/5/4 1756/5/4
f 1755/5/4 1736/5/4 1756/5/4
f 1756/5/4 1726/5/4 1757/5/4
f 1757/5/4 1726/5/4 1758/5/4
f 1749/5/4 1750/5/4 1759/5/4
f 1748/5/4 1749/5/4 1759/5/4
f 1750/7/4 1751/7/4 1760/7/4
f 1759/5/4 1750/5/4 1760/5/4
f 1751/5/4 1752/5/4 1761/5/4
f 1760/7/4 1751/7/4 1761/7/4
f 1752/7/4 1753/7/4 1762/7/4
f 1761/5/4 1752/5/4 1762/5/4
f 1753/5/4 1754/5/4 1763/5/4
f 1762/7/4 1753/7/4 1763/7/4
f 1754/5/4 1755/5/4 1763/5/4
f 1763/5/4 1755/5/4 1764/5/4
f 1755/7/4 1756/7/4 1765/7/4
f 1764/5/4 1755/5/4 1765/5/4
f 1756/5/4 1757/5/4 1766/5/4
f 1765/7/4 1756/7/4 1766/7/4
f 1757/7/4 1758/7/4 1767/7/4
f 1766/5/4 1757/5/4 1767/5/4
f 1758/5/4 1726/5/4 1768/5/4
f 1767/7/4 1758/7/4 1768/7/4
f 1703/7/4 1704/7/4 1769/7/4
f 1658/5/4 1703/5/4 1769/5/4
f 1704/5/4 1715/5/4 1770/5/4
f 1769/7/4 1704/7/4 1770/7/4
f 1715/5/4 1737/5/4 1770/5/4
f 1748/5/4 1759/5/4 1771/5/4
f 1747/7/4 1748/7/4 1771/7/4
f 1759/7/4 1760/7/4 1772/7/4
f 1771/5/4 1759/5/4 1772/5/4
f 1760/7/4 1761/7/4 1772/7/4
f 1763/7/4 1764/7/4 1772/7/4
f 1762/7/4 1763/7/4 1772/7/4
f 1761/7/4 1762/7/4 1772/7/4
f 1765/5/4 1766/5/4 1773/5/4
f 1772/7/4 1764/7/4 1773/7/4
f 1764/5/4 1765/5/4 1773/5/4
f 1766/5/4 1767/5/4 1773/5/4
f 1767/5/4 1768/5/4 1773/5/4
f 1773/5/4 1768/5/4 1774/5/4
f 1770/5/4 1737/5/4 1775/5/4
f 1769/5/4 1770/5/4 1775/5/4
f 1747/7/4 1771/7/4 1776/7/4
f 1775/5/4 1737/5/4 1776/5/4
f 1771/7/4 1772/7/4 1776/7/4
f 1772/7/4 1773/7/4 1776/7/4
f 1773/7/4 1774/7/4 1776/7/4
f 1737/7/4 1747/7/4 1776/7/4
f 1774/5/4 1768/5/4 1777/5/4
f 1776/7/4 1774/7/4 1777/7/4
f 1777/5/4 1768/5/4 1778/5/4
f 1775/7/4 1776/7/4 1779/7/4
f 1778/5/4 1768/5/4 1779/5/4
f 1777/7/4 1778/7/4 1779/7/4
f 1776/7/4 1777/7/4 1779/7/4
f 1779/5/4 1768/5/4 1780/5/4
f 1780/5/4 1768/5/4 1781/5/4
f 1781/5/4 1768/5/4 1782/5/4
f 1658/5/4 1769/5/4 1783/5/4
f 1769/5/4 1775/5/4 1783/5/4
f 1783/5/4 1775/5/4 1784/5/4
f 1775/7/4 1779/7/4 1785/7/4
f 1784/5/4 1775/5/4 1785/5/4
f 1779/7/4 1780/7/4 1785/7/4
f 1780/5/4 1781/5/4 1786/5/4
f 1785/7/4 1780/7/4 1786/7/4
f 1781/7/4 1782/7/4 1787/7/4
f 1786/5/4 1781/5/4 1787/5/4
f 1782/5/4 1768/5/4 1788/5/4
f 1787/7/4 1782/7/4 1788/7/4
f 1768/5/4 1726/5/4 1789/5/4
f 1788/5/4 1768/5/4 1789/5/4
f 1702/5/4 1669/5/4 1789/5/4
f 1726/5/4 1702/5/4 1789/5/4
f 1789/5/4 1669/5/4 1790/5/4
f 1646/6/4 1652/6/4 1791/6/4
f 1786/5/4 1787/5/4 1793/5/4
f 1785/5/4 1786/5/4 1793/5/4
f 1787/5/4 1788/5/4 1793/5/4
f 1788/5/4 1789/5/4 1793/5/4
f 1784/5/4 1785/5/4 1793/5/4
f 1793/5/4 1789/5/4 1794/5/4
f 1657/6/4 1647/6/4 1796/6/4
f 1791/6/4 1792/6/4 1797/6/4
f 1795/6/4 1796/6/4 1798/6/4
f 1791/6/4 1797/6/4 1799/6/4
f 1797/6/4 1798/6/4 1799/6/4
f 1646/6/4 1791/6/4 1799/6/4
f 1799/6/4 1798/6/4 1800/6/4
f 1798/6/4 1796/6/4 1801/6/4
f 1800/6/4 1798/6/4 1801/6/4
f 1796/6/4 1647/6/4 1801/6/4
f 1801/6/4 1647/6/4 1802/6/4
f 1800/6/4 1801/6/4 1803/6/4
f 1803/6/4 1801/6/4 1804/6/4
f 1805/6/4 1806/6/4 1810/6/4
f 1806/4/4 1807/4/4 1811/4/4
f 1810/6/4 1806/6/4 1811/6/4
f 1811/4/4 1807/4/4 1812/4/4
f 1808/4/4 1809/4/4 1813/4/4
f 1813/4/4 1809/4/4 1814/4/4
f 1812/6/4 1813/6/4 1818/6/4
f 1818/6/4 1813/6/4 1819/6/4
f 1816/6/4 1817/6/4 1822/6/4
f 1817/6/4 1818/6/4 1822/6/4
f 1818/6/4 1819/6/4 1822/6/4
f 1822/6/4 1819/6/4 1823/6/4
f 1823/6/4 1819/6/4 1824/6/4
f 1819/3/4 1820/3/4 1825/3/4
f 1824/6/4 1819/6/4 1825/6/4
f 1820/6/4 1821/6/4 1826/6/4
f 1825/3/4 1820/3/4 1826/3/4
f 1826/6/4 1821/6/4 1827/6/4
f 1827/6/4 1821/6/4 1828/6/4
f 1828/6/4 1821/6/4 1829/6/4
f 1829/6/4 1821/6/4 1830/6/4
f 1824/6/4 1825/6/4 1831/6/4
f 1825/6/4 1826/6/4 1831/6/4
f 1826/6/4 1827/6/4 1831/6/4
f 1831/6/4 1827/6/4 1832/6/4
f 1828/6/4 1829/6/4 1833/6/4
f 1829/2/4 1830/2/4 1834/2/4
f 1833/6/4 1829/6/4 1834/6/4
f 1830/6/4 1821/6/4 1835/6/4
f 1834/2/4 1830/2/4 1835/2/4
f 1824/6/4 1831/6/4 1836/6/4
f 1836/6/4 1831/6/4 1837/6/4
f 1834/3/4 1835/3/4 1838/3/4
f 1835/6/4 1821/6/4 1839/6/4
f 1838/3/4 1835/3/4 1839/3/4
f 1838/2/4 1839/2/4 1840/2/4
f 1840/2/4 1839/2/4 1841/2/4
f 1839/6/4 1821/6/4 1845/6/4
f 1845/6/4 1821/6/4 1846/6/4
f 1842/6/4 1843/6/4 1847/6/4
f 1843/4/4 1844/4/4 1848/4/4
f 1847/6/4 1843/6/4 1848/6/4
f 1848/4/4 1844/4/4 1849/4/4
f 1841/2/4 1839/2/4 1850/2/4
f 1839/6/4 1845/6/4 1851/6/4
f 1850/2/4 1839/2/4 1851/2/4
f 1850/6/4 1851/6/4 1852/6/4
f 1851/6/4 1845/6/4 1853/6/4
f 1852/6/4 1851/6/4 1853/6/4
f 1853/6/4 1845/6/4 1854/6/4
f 1852/1/4 1853/1/4 1855/1/4
f 1853/3/4 1854/3/4 1856/3/4
f 1855/1/4 1853/1/4 1856/1/4
f 1856/3/4 1854/3/4 1857/3/4
f 1855/6/4 1856/6/4 1858/6/4
f 1856/6/4 1857/6/4 1858/6/4
f 1858/6/4 1857/6/4 1859/6/4
f 1860/6/4 1861/6/4 1863/6/4
f 1861/4/4 1862/4/4 1864/4/4
f 1863/6/4 1861/6/4 1864/6/4
f 1864/4/4 1862/4/4 1865/4/4
f 1859/6/4 1857/6/4 1866/6/4
f 1858/2/4 1859/2/4 1869/2/4
f 1868/2/4 1869/2/4 1872/2/4
f 1859/6/4 1866/6/4 1873/6/4
f 1872/2/4 1869/2/4 1873/2/4
f 1866/6/4 1867/6/4 1873/6/4
f 1869/2/4 1859/2/4 1873/2/4
f 1870/6/4 1871/6/4 1874/6/4
f 1872/3/4 1873/3/4 1877/3/4
f 1873/6/4 1867/6/4 1878/6/4
f 1877/3/4 1873/3/4 1878/3/4
f 1874/6/4 1875/6/4 1881/6/4
f 1870/6/4 1874/6/4 1881/6/4
f 1881/6/4 1875/6/4 1882/6/4
f 1882/6/4 1875/6/4 1883/6/4
f 1883/6/4 1875/6/4 1884/6/4
f 1876/6/4 1877/6/4 1885/6/4
f 1877/2/4 1878/2/4 1886/2/4
f 1885/6/4 1877/6/4 1886/6/4
f 1878/6/4 1867/6/4 1887/6/4
f 1886/2/4 1878/2/4 1887/2/4
f 1879/6/4 1880/6/4 1888/6/4
f 1880/6/4 1881/6/4 1888/6/4
f 1881/6/4 1882/6/4 1888/6/4
f 1888/6/4 1882/6/4 1889/6/4
f 1889/6/4 1882/6/4 1890/6/4
f 1882/3/4 1883/3/4 1891/3/4
f 1890/6/4 1882/6/4 1891/6/4
f 1883/6/4 1884/6/4 1892/6/4
f 1891/3/4 1883/3/4 1892/3/4
f 1885/6/4 1886/6/4 1892/6/4
f 1884/6/4 1885/6/4 1892/6/4
f 1886/6/4 1887/6/4 1892/6/4
f 1887/6/4 1867/6/4 1893/6/4
f 1892/6/4 1887/6/4 1893/6/4
f 1890/6/4 1891/6/4 1896/6/4
f 1896/6/4 1891/6/4 1897/6/4
f 1814/4/4 1815/4/4 1898/4/4
f 1898/4/4 1815/4/4 1899/4/4
f 1894/6/4 1895/6/4 1900/6/4
f 1895/4/4 1896/4/4 1901/4/4
f 1900/6/4 1895/6/4 1901/6/4
f 1901/4/4 1896/4/4 1902/4/4
f 1897/4/4 1898/4/4 1903/4/4
f 1903/4/4 1898/4/4 1904/4/4
f 1905/6/4 1906/6/4 1910/6/4
f 1906/4/4 1907/4/4 1911/4/4
f 1910/6/4 1906/6/4 1911/6/4
f 1911/4/4 1907/4/4 1912/4/4
f 1908/4/4 1909/4/4 1913/4/4
f 1913/4/4 1909/4/4 1914/4/4
f 1918/4/4 1919/4/4 1921/4/4
f 1921/4/4 1919/4/4 1922/4/4
f 1916/4/4 1917/4/4 1924/4/4
f 1922/4/4 1923/4/4 1925/4/4
f 1920/4/4 1921/4/4 1925/4/4
f 1921/4/4 1922/4/4 1925/4/4
f 1925/4/4 1923/4/4 1926/4/4
f 1924/4/4 1925/4/4 1926/4/4
f 1915/6/4 1916/6/4 1928/6/4
f 1926/4/4 1927/4/4 1929/4/4
f 1928/6/4 1916/6/4 1929/6/4
f 1916/4/4 1924/4/4 1929/4/4
f 1924/4/4 1926/4/4 1929/4/4
f 1929/4/4 1927/4/4 1930/4/4
f 1914/4/4 1909/4/4 1932/4/4
f 1930/4/4 1927/4/4 1935/4/4
f 1931/4/4 1932/4/4 1936/4/4
f 1932/4/4 1909/4/4 1937/4/4
f 1936/4/4 1932/4/4 1937/4/4
f 1934/4/4 1935/4/4 1938/4/4
f 1935/4/4 1927/4/4 1938/4/4
f 1938/4/4 1927/4/4 1939/4/4
f 1934/4/4 1938/4/4 1940/4/4
f 1940/4/4 1938/4/4 1941/4/4
f 1941/4/4 1938/4/4 1942/4/4
f 1942/4/4 1938/4/4 1943/4/4
f 1943/4/4 1938/4/4 1944/4/4
f 1944/4/4 1938/4/4 1945/4/4
f 1933/6/4 1934/6/4 1946/6/4
f 1934/4/4 1940/4/4 1947/4/4
f 1946/6/4 1934/6/4 1947/6/4
f 1947/4/4 1940/4/4 1948/4/4
f 1943/4/4 1944/4/4 1949/4/4
f 1949/4/4 1944/4/4 1950/4/4
f 1937/4/4 1909/4/4 1955/4/4
f 1951/6/4 1952/6/4 1956/6/4
f 1952/4/4 1953/4/4 1957/4/4
f 1956/6/4 1952/6/4 1957/6/4
f 1957/4/4 1953/4/4 1958/4/4
f 1954/4/4 1955/4/4 1959/4/4
f 1955/4/4 1909/4/4 1960/4/4
f 1959/4/4 1955/4/4 1960/4/4
f 1970/6/5 1962/6/5 1961/6/5
f 1971/6/5 1962/6/5 1970/6/5
f 1972/6/5 1964/6/5 1963/6/5
f 1973/6/5 1964/6/5 1972/6/5
f 1976/6/5 1966/6/5 1965/6/5
f 1977/6/5 1966/6/5 1976/6/5
f 1978/6/5 1968/6/5 1967/6/5
f 1979/6/5 1968/6/5 1978/6/5
f 1981/6/5 1971/6/5 1970/6/5
f 1981/6/5 1974/6/5 1973/6/5
f 1981/6/5 1970/6/5 1969/6/5
f 1981/6/5 1972/6/5 1971/6/5
f 1981/6/5 1973/6/5 1972/6/5
f 1982/6/5 1977/6/5 1976/6/5
f 1982/6/5 1980/6/5 1979/6/5
f 1982/6/5 1979/6/5 1978/6/5
f 1982/6/5 1976/6/5 1975/6/5
f 1982/6/5 1978/6/5 1977/6/5
f 1983/6/5 1981/6/5 1969/6/5
f 1983/7/5 1982/7/5 1981/7/5
f 1984/6/5 1980/6/5 1982/6/5
f 1984/7/5 1982/7/5 1983/7/5
f 1985/6/5 1983/6/5 1969/6/5
f 1986/6/5 1983/6/5 1985/6/5
f 1987/6/5 1983/6/5 1986/6/5
f 1988/6/5 1983/6/5 1987/6/5
f 1989/6/5 1983/6/5 1988/6/5
f 1990/6/5 1983/6/5 1989/6/5
f 1991/6/5 1980/6/5 1984/6/5
f 1992/6/5 1980/6/5 1991/6/5
f 1993/6/5 1980/6/5 1992/6/5
f 1994/6/5 1980/6/5 1993/6/5
f 1995/6/5 1980/6/5 1994/6/5
f 1996/6/5 1980/6/5 1995/6/5
f 1997/6/5 1987/6/5 1986/6/5
f 1998/6/5 1987/6/5 1997/6/5
f 1999/6/5 1989/6/5 1988/6/5
f 2000/6/5 1989/6/5 1999/6/5
f 2001/6/5 1993/6/5 1992/6/5
f 2002/6/5 1993/6/5 2001/6/5
f 2003/6/5 1995/6/5 1994/6/5
f 2004/6/5 1995/6/5 2003/6/5
f 2009/6/5 2006/6/5 2005/6/5
f 2010/6/5 2006/6/5 2009/6/5
f 2011/6/5 2008/6/5 2007/6/5
f 2012/6/5 2008/6/5 2011/6/5
f 2017/6/5 2014/6/5 2013/6/5
f 2018/6/5 2014/6/5 2017/6/5
f 2019/6/5 2016/6/5 2015/6/5
f 2020/6/5 2016/6/5 2019/6/5
f 2025/6/5 2022/6/5 2021/6/5
f 2026/6/5 2022/6/5 2025/6/5
f 2027/6/5 2024/6/5 2023/6/5
f 2028/6/5 2024/6/5 2027/6/5
f 2033/6/5 2030/6/5 2029/6/5
f 2034/6/5 2030/6/5 2033/6/5
f 2035/6/5 2032/6/5 2031/6/5
f 2036/6/5 2032/6/5 2035/6/5
f 2041/5/5 2038/5/5 2037/5/5
f 2042/5/5 2038/5/5 2041/5/5
f 2043/5/5 2040/5/5 2039/5/5
f 2044/5/5 2040/5/5 2043/5/5
f 2049/5/5 2046/5/5 2045/5/5
f 2050/5/5 2046/5/5 2049/5/5
f 2051/5/5 2048/5/5 2047/5/5
f 2052/5/5 2048/5/5 2051/5/5
f 2057/5/5 2054/5/5 2053/5/5
f 2058/5/5 2054/5/5 2057/5/5
f 2059/5/5 2056/5/5 2055/5/5
f 2060/5/5 2056/5/5 2059/5/5
f 2065/5/5 2062/5/5 2061/5/5
f 2066/5/5 2062/5/5 2065/5/5
f 2067/5/5 2064/5/5 2063/5/5
f 2068/5/5 2064/5/5 2067/5/5
f 2074/4/5 2070/4/5 2069/4/5
f 2075/4/5 2070/4/5 2074/4/5
f 2076/4/5 2072/4/5 2071/4/5
f 2077/4/5 2072/4/5 2076/4/5
f 2079/4/5 2074/4/5 2073/4/5
f 2080/4/5 2074/4/5 2079/4/5
f 2083/4/5 2078/4/5 2077/4/5
f 2084/4/5 2078/4/5 2083/4/5
f 2085/4/5 2081/4/5 2080/4/5
f 2086/4/5 2081/4/5 2085/4/5
f 2087/4/5 2083/4/5 2082/4/5
f 2088/4/5 2083/4/5 2087/4/5
f 2093/4/5 2090/4/5 2089/4/5
f 2094/4/5 2090/4/5 2093/4/5
f 2095/4/5 2092/4/5 2091/4/5
f 2096/4/5 2092/4/5 2095/4/5
f 2101/4/5 2098/4/5 2097/4/5
f 2102/4/5 2098/4/5 2101/4/5
f 2103/4/5 2100/4/5 2099/4/5
f 2104/4/5 2100/4/5 2103/4/5
f 2109/4/5 2106/4/5 2105/4/5
f 2110/4/5 2106/4/5 2109/4/5
f 2111/4/5 2108/4/5 2107/4/5
f 2112/4/5 2108/4/5 2111/4/5
f 2117/4/5 2114/4/5 2113/4/5
f 2118/4/5 2114/4/5 2117/4/5
f 2119/4/5 2116/4/5 2115/4/5
f 2120/4/5 2116/4/5 2119/4/5
f 2125/4/5 2122/4/5 2121/4/5
f 2126/4/5 2122/4/5 2125/4/5
f 2127/4/5 2124/4/5 2123/4/5
f 2128/4/5 2124/4/5 2127/4/5
f 2133/2/5 2130/2/5 2129/2/5
f 2134/2/5 2130/2/5 2133/2/5
f 2135/2/5 2132/2/5 2131/2/5
f 2136/2/5 2132/2/5 2135/2/5
f 2141/2/5 2138/2/5 2137/2/5
f 2142/2/5 2138/2/5 2141/2/5
f 2143/2/5 2140/2/5 2139/2/5
f 2144/2/5 2140/2/5 2143/2/5
f 2149/2/5 2146/2/5 2145/2/5
f 2150/2/5 2146/2/5 2149/2/5
f 2151/2/5 2148/2/5 2147/2/5
f 2152/2/5 2148/2/5 2151/2/5
f 2157/2/5 2154/2/5 2153/2/5
f 2158/2/5 2154/2/5 2157/2/5
f 2159/2/5 2156/2/5 2155/2/5
f 2160/2/5 2156/2/5 2159/2/5
f 2165/3/5 2162/3/5 2161/3/5
f 2166/3/5 2162/3/5 2165/3/5
f 2167/3/5 2164/3/5 2163/3/5
f 2168/3/5 2164/3/5 2167/3/5
f 2173/3/5 2170/3/5 2169/3/5
f 2174/3/5 2170/3/5 2173/3/5
f 2175/3/5 2172/3/5 2171/3/5
f 2176/3/5 2172/3/5 2175/3/5
f 2181/2/5 2178/2/5 2177/2/5
f 2182/2/5 2178/2/5 2181/2/5
f 2183/2/5 2180/2/5 2179/2/5
f 2184/2/5 2180/2/5 2183/2/5
f 2189/2/5 2186/2/5 2185/2/5
f 2190/2/5 2186/2/5 2189/2/5
f 2191/2/5 2188/2/5 2187/2/5
f 2192/2/5 2188/2/5 2191/2/5
f 2197/5/5 2194/5/5 2193/5/5
f 2198/5/5 2194/5/5 2197/5/5
f 2199/5/5 2196/5/5 2195/5/5
f 2200/5/5 2196/5/5 2199/5/5
f 2205/5/5 2202/5/5 2201/5/5
f 2206/5/5 2202/5/5 2205/5/5
f 2207/5/5 2204/5/5 2203/5/5
f 2208/5/5 2204/5/5 2207/5/5
f 2213/5/5 2210/5/5 2209/5/5
f 2214/5/5 2210/5/5 2213/5/5
f 2215/5/5 2212/5/5 2211/5/5
f 2216/5/5 2212/5/5 2215/5/5
f 2221/5/5 2218/5/5 2217/5/5
f 2222/5/5 2218/5/5 2221/5/5
f 2223/5/5 2220/5/5 2219/5/5
f 2224/5/5 2220/5/5 2223/5/5
f 2229/6/5 2226/6/5 2225/6/5
f 2230/6/5 2226/6/5 2229/6/5
f 2231/6/5 2228/6/5 2227/6/5
f 2232/6/5 2228/6/5 2231/6/5
f 2237/6/5 2234/6/5 2233/6/5
f 2238/6/5 2234/6/5 2237/6/5
f 2239/6/5 2236/6/5 2235/6/5
f 2240/6/5 2236/6/5 2239/6/5
f 2245/6/5 2242/6/5 2241/6/5
f 2246/6/5 2242/6/5 2245/6/5
f 2247/6/5 2244/6/5 2243/6/5
f 2248/6/5 2244/6/5 2247/6/5
f 2253/6/5 2250/6/5 2249/6/5
f 2254/6/5 2250/6/5 2253/6/5
f 2255/6/5 2252/6/5 2251/6/5
f 2256/6/5 2252/6/5 2255/6/5
f 2259/4/5 2258/4/5 2257/4/5
f 2260/4/5 2258/4/5 2259/4/5
f 2264/4/5 2262/4/5 2261/4/5
f 2265/4/5 2262/4/5 2264/4/5
f 2267/4/5 2265/4/5 2264/4/5
f 2267/4/5 2266/4/5 2265/4/5
f 2267/4/5 2264/4/5 2263/4/5
f 2268/4/5 2266/4/5 2267/4/5
f 2271/4/5 2270/4/5 2269/4/5
f 2272/4/5 2270/4/5 2271/4/5
f 2275/4/5 2274/4/5 2273/4/5
f 2276/4/5 2274/4/5 2275/4/5
f 2277/4/5 2274/4/5 2276/4/5
f 2278/4/5 2274/4/5 2277/4/5
f 2281/4/5 2280/4/5 2279/4/5
f 2282/4/5 2280/4/5 2281/4/5
f 2287/4/5 2284/4/5 2283/4/5
f 2287/4/5 2286/4/5 2285/4/5
f 2287/4/5 2285/4/5 2284/4/5
f 2288/4/5 2286/4/5 2287/4/5
f 2293/4/5 2290/4/5 2289/4/5
f 2294/4/5 2290/4/5 2293/4/5
f 2295/4/5 2292/4/5 2291/4/5
f 2296/4/5 2292/4/5 2295/4/5
f 2301/4/5 2298/4/5 2297/4/5
f 2302/4/5 2298/4/5 2301/4/5
f 2303/4/5 2300/4/5 2299/4/5
f 2304/4/5 2300/4/5 2303/4/5
f 2305/6/6 2306/6/6 2309/6/6
f 2309/6/6 2306/6/6 2310/6/6
f 2307/6/6 2308/6/6 2311/6/6
f 2311/6/6 2308/6/6 2312/6/6
f 2313/6/6 2314/6/6 2317/6/6
f 2317/6/6 2314/6/6 2318/6/6
f 2315/6/6 2316/6/6 2319/6/6
f 2319/6/6 2316/6/6 2320/6/6
f 2321/6/6 2322/6/6 2325/6/6
f 2325/6/6 2322/6/6 2326/6/6
f 2323/6/6 2324/6/6 2327/6/6
f 2327/6/6 2324/6/6 2328/6/6
f 2329/6/6 2330/6/6 2333/6/6
f 2333/6/6 2330/6/6 2334/6/6
f 2331/6/6 2332/6/6 2335/6/6
f 2335/6/6 2332/6/6 2336/6/6
f 2337/4/6 2338/4/6 2346/4/6
f 2346/4/6 2338/4/6 2347/4/6
f 2339/4/6 2340/4/6 2348/4/6
f 2348/4/6 2340/4/6 2349/4/6
f 2341/4/6 2342/4/6 2350/4/6
f 2350/4/6 2342/4/6 2351/4/6
f 2343/4/6 2344/4/6 2352/4/6
f 2352/4/6 2344/4/6 2353/4/6
f 2345/4/6 2346/4/6 2355/4/6
f 2355/4/6 2346/4/6 2356/4/6
f 2353/4/6 2354/4/6 2363/4/6
f 2363/4/6 2354/4/6 2364/4/6
f 2356/4/6 2357/4/6 2365/4/6
f 2365/4/6 2357/4/6 2366/4/6
f 2358/4/6 2359/4/6 2367/4/6
f 2367/4/6 2359/4/6 2368/4/6
f 2360/4/6 2361/4/6 2369/4/6
f 2369/4/6 2361/4/6 2370/4/6
f 2362/4/6 2363/4/6 2371/4/6
f 2371/4/6 2363/4/6 2372/4/6
f 2373/4/6 2374/4/6 2377/4/6
f 2377/4/6 2374/4/6 2378/4/6
f 2375/4/6 2376/4/6 2379/4/6
f 2379/4/6 2376/4/6 2380/4/6
f 2381/5/6 2382/5/6 2385/5/6
f 2385/5/6 2382/5/6 2386/5/6
f 2383/5/6 2384/5/6 2387/5/6
f 2387/5/6 2384/5/6 2388/5/6
f 2389/5/6 2390/5/6 2393/5/6
f 2393/5/6 2390/5/6 2394/5/6
f 2391/5/6 2392/5/6 2395/5/6
f 2395/5/6 2392/5/6 2396/5/6
f 2397/5/6 2398/5/6 2401/5/6
f 2401/5/6 2398/5/6 2402/5/6
f 2399/5/6 2400/5/6 2403/5/6
f 2403/5/6 2400/5/6 2404/5/6
f 2405/5/6 2406/5/6 2409/5/6
f 2409/5/6 2406/5/6 2410/5/6
f 2407/5/6 2408/5/6 2411/5/6
f 2411/5/6 2408/5/6 2412/5/6
f 2413/2/6 2414/2/6 2417/2/6
f 2417/2/6 2414/2/6 2418/2/6
f 2415/2/6 2416/2/6 2419/2/6
f 2419/2/6 2416/2/6 2420/2/6
f 2421/2/6 2422/2/6 2425/2/6
f 2425/2/6 2422/2/6 2426/2/6
f 2423/2/6 2424/2/6 2427/2/6
f 2427/2/6 2424/2/6 2428/2/6
f 2429/3/6 2430/3/6 2433/3/6
f 2433/3/6 2430/3/6 2434/3/6
f 2431/3/6 2432/3/6 2435/3/6
f 2435/3/6 2432/3/6 2436/3/6
f 2437/3/6 2438/3/6 2441/3/6
f 2441/3/6 2438/3/6 2442/3/6
f 2439/3/6 2440/3/6 2443/3/6
f 2443/3/6 2440/3/6 2444/3/6
f 2445/2/6 2446/2/6 2449/2/6
f 2449/2/6 2446/2/6 2450/2/6
f 2447/2/6 2448/2/6 2451/2/6
f 2451/2/6 2448/2/6 2452/2/6
f 2453/2/6 2454/2/6 2457/2/6
f 2457/2/6 2454/2/6 2458/2/6
f 2455/2/6 2456/2/6 2459/2/6
f 2459/2/6 2456/2/6 2460/2/6
f 2461/2/6 2462/2/6 2465/2/6
f 2465/2/6 2462/2/6 2466/2/6
f 2463/2/6 2464/2/6 2467/2/6
f 2467/2/6 2464/2/6 2468/2/6
f 2469/2/6 2470/2/6 2473/2/6
f 2473/2/6 2470/2/6 2474/2/6
f 2471/2/6 2472/2/6 2475/2/6
f 2475/2/6 2472/2/6 2476/2/6
f 2477/5/6 2478/5/6 2481/5/6
f 2481/5/6 2478/5/6 2482/5/6
f 2479/5/6 2480/5/6 2483/5/6
f 2483/5/6 2480/5/6 2484/5/6
f 2485/5/6 2486/5/6 2489/5/6
f 2489/5/6 2486/5/6 2490/5/6
f 2487/5/6 2488/5/6 2491/5/6
f 2491/5/6 2488/5/6 2492/5/6
f 2493/5/6 2494/5/6 2497/5/6
f 2497/5/6 2494/5/6 2498/5/6
f 2495/5/6 2496/5/6 2499/5/6
f 2499/5/6 2496/5/6 2500/5/6
f 2501/5/6 2502/5/6 2505/5/6
f 2505/5/6 2502/5/6 2506/5/6
f 2503/5/6 2504/5/6 2507/5/6
f 2507/5/6 2504/5/6 2508/5/6
f 2509/6/6 2510/6/6 2513/6/6
f 2513/6/6 2510/6/6 2514/6/6
f 2511/6/6 2512/6/6 2515/6/6
f 2515/6/6 2512/6/6 2516/6/6
f 2517/6/6 2518/6/6 2521/6/6
f 2521/6/6 2518/6/6 2522/6/6
f 2519/6/6 2520/6/6 2523/6/6
f 2523/6/6 2520/6/6 2524/6/6
f 2525/6/6 2526/6/6 2529/6/6
f 2529/6/6 2526/6/6 2530/6/6
f 2527/6/6 2528/6/6 2531/6/6
f 2531/6/6 2528/6/6 2532/6/6
f 2533/6/6 2534/6/6 2537/6/6
f 2537/6/6 2534/6/6 2538/6/6
f 2535/6/6 2536/6/6 2539/6/6
f 2539/6/6 2536/6/6 2540/6/6
f 2541/4/6 2542/4/6 2545/4/6
f 2545/4/6 2542/4/6 2546/4/6
f 2543/4/6 2544/4/6 2547/4/6
f 2547/4/6 2544/4/6 2548/4/6
f 2549/4/6 2550/4/6 2551/4/6
f 2551/4/6 2550/4/6 2552/4/6
f 2553/4/6 2554/4/6 2557/4/6
f 2557/4/6 2554/4/6 2558/4/6
f 2555/4/6 2556/4/6 2559/4/6
f 2559/4/6 2556/4/6 2560/4/6
f 2561/4/6 2562/4/6 2565/4/6
f 2565/4/6 2562/4/6 2566/4/6
f 2566/4/6 2562/4/6 2567/4/6
f 2563/4/6 2564/4/6 2568/4/6
f 2568/4/6 2564/4/6 2569/4/6
f 2569/4/6 2564/4/6 2570/4/6
f 2571/4/6 2572/4/6 2574/4/6
f 2572/4/6 2573/4/6 2574/4/6
f 2574/4/6 2573/4/6 2575/4/6
f 2571/4/6 2574/4/6 2576/4/6
f 2571/4/6 2576/4/6 2578/4/6
f 2576/4/6 2577/4/6 2578/4/6
f 2578/4/6 2577/4/6 2579/4/6
f 2579/4/6 2577/4/6 2580/4/6
f 2582/4/6 2583/4/6 2587/4/6
f 2581/4/6 2582/4/6 2587/4/6
f 2587/4/6 2583/4/6 2588/4/6
f 2585/4/6 2586/4/6 2589/4/6
f 2584/4/6 2585/4/6 2589/4/6
f 2589/4/6 2586/4/6 2590/4/6
f 2591/4/6 2592/4/6 2593/4/6
f 2593/4/6 2592/4/6 2594/4/6
f 2594/4/6 2592/4/6 2595/4/6
f 2595/4/6 2592/4/6 2596/4/6
f 2596/4/6 2592/4/6 2597/4/6
f 2597/4/6 2592/4/6 2598/4/6
f 2599/4/6 2600/4/6 2602/4/6
f 2601/4/6 2602/4/6 2603/4/6
f 2602/4/6 2600/4/6 2604/4/6
f 2603/4/6 2602/4/6 2604/4/6
f 2604/4/6 2600/4/6 2605/4/6
f 2605/4/6 2600/4/6 2606/4/6
f 2607/4/6 2608/4/6 2613/4/6
f 2611/4/6 2612/4/6 2613/4/6
f 2610/4/6 2611/4/6 2613/4/6
f 2609/4/6 2610/4/6 2613/4/6
f 2608/4/6 2609/4/6 2613/4/6
f 2613/4/6 2612/4/6 2614/4/6
f 2615/4/6 2616/4/6 2618/4/6
f 2618/4/6 2616/4/6 2619/4/6
f 2617/4/6 2618/4/6 2621/4/6
f 2621/4/6 2618/4/6 2622/4/6
f 2619/4/6 2620/4/6 2623/4/6
f 2623/4/6 2620/4/6 2624/4/6
f 2622/4/6 2623/4/6 2625/4/6
f 2625/4/6 2623/4/6 2626/4/6
f 2627/4/6 2628/4/6 2629/4/6
f 2629/4/6 2628/4/6 2630/4/6
