# MagicaVoxel @ Ephtracy

# group
o 

# material
mtllib miniGreenhouse.mtl
usemtl palette

# normals
vn -1 0 0
vn 1 0 0
vn 0 0 1
vn 0 0 -1
vn 0 -1 0
vn 0 1 0

# texcoords
vt 0.287109 0.5
vt 0.291016 0.5
vt 0.294922 0.5
vt 0.298828 0.5
vt 0.318359 0.5
vt 0.322266 0.5
vt 0.353516 0.5
vt 0.361328 0.5
vt 0.365234 0.5
vt 0.369141 0.5
vt 0.373047 0.5

# verts
v -3.4 0.8 -1.5
v -3.4 0.8 -2.1
v -3.4 0.9 -1.6
v -3.4 0.9 -1.7
v -3.4 0.9 -1.8
v -3.4 0.9 -2
v -3.4 1.1 -1.6
v -3.4 1.1 -1.7
v -3.4 1.1 -1.8
v -3.4 1.1 -2
v -3.4 1.2 -1.6
v -3.4 1.2 -1.8
v -3.4 1.2 -1.9
v -3.4 1.2 -2
v -3.4 1.4 -1.6
v -3.4 1.4 -1.8
v -3.4 1.4 -1.9
v -3.4 1.4 -2
v -3.4 1.5 -1.5
v -3.4 1.5 -2.1
v -3.3 0 1.4
v -3.3 0 -2.9
v -3.3 0.2 1.2
v -3.3 0.2 -2.7
v -3.3 0.4 1.2
v -3.3 0.4 -2.7
v -3.3 0.8 -1.5
v -3.3 0.8 -2.1
v -3.3 0.9 1.1
v -3.3 0.9 0.4
v -3.3 0.9 -1.6
v -3.3 0.9 -1.7
v -3.3 0.9 -1.8
v -3.3 0.9 -2
v -3.3 1 1.1
v -3.3 1 0.4
v -3.3 1.1 1.1
v -3.3 1.1 0.6
v -3.3 1.1 -1.6
v -3.3 1.1 -1.7
v -3.3 1.1 -1.8
v -3.3 1.1 -2
v -3.3 1.2 1.1
v -3.3 1.2 0.6
v -3.3 1.2 -1.6
v -3.3 1.2 -1.8
v -3.3 1.2 -1.9
v -3.3 1.2 -2
v -3.3 1.3 1.1
v -3.3 1.3 -0.4
v -3.3 1.4 1.1
v -3.3 1.4 -0.4
v -3.3 1.4 -1.6
v -3.3 1.4 -1.8
v -3.3 1.4 -1.9
v -3.3 1.4 -2
v -3.3 1.5 1.1
v -3.3 1.5 -0.1
v -3.3 1.5 -1.5
v -3.3 1.5 -2.1
v -3.3 1.6 1.1
v -3.3 1.6 -0.1
v -3.3 2.3 1.2
v -3.3 2.3 -2.7
v -3.3 2.4 1.4
v -3.3 2.4 1.2
v -3.3 2.4 -2.7
v -3.3 2.4 -2.9
v -3.2 2.4 1.3
v -3.2 2.4 1.2
v -3.2 2.4 1.1
v -3.2 2.4 -2.6
v -3.2 2.4 -2.7
v -3.2 2.4 -2.8
v -3.2 2.5 1.3
v -3.2 2.5 1.1
v -3.2 2.5 -2.6
v -3.2 2.5 -2.8
v -3.1 2.5 1.2
v -3.1 2.5 1.1
v -3.1 2.5 1
v -3.1 2.5 -2.5
v -3.1 2.5 -2.6
v -3.1 2.5 -2.7
v -3.1 2.6 1.2
v -3.1 2.6 1
v -3.1 2.6 -2.5
v -3.1 2.6 -2.7
v -3 2.6 1.1
v -3 2.6 1
v -3 2.6 0.9
v -3 2.6 -2.4
v -3 2.6 -2.5
v -3 2.6 -2.6
v -3 2.7 1.1
v -3 2.7 0.9
v -3 2.7 -2.4
v -3 2.7 -2.6
v -2.9 2.7 1
v -2.9 2.7 0.9
v -2.9 2.7 0.8
v -2.9 2.7 -2.3
v -2.9 2.7 -2.4
v -2.9 2.7 -2.5
v -2.9 2.8 1
v -2.9 2.8 0.8
v -2.9 2.8 -2.3
v -2.9 2.8 -2.5
v -2.8 2.8 0.9
v -2.8 2.8 0.8
v -2.8 2.8 0.7
v -2.8 2.8 -2.2
v -2.8 2.8 -2.3
v -2.8 2.8 -2.4
v -2.8 2.9 0.9
v -2.8 2.9 0.7
v -2.8 2.9 -2.2
v -2.8 2.9 -2.4
v -2.7 2.9 0.8
v -2.7 2.9 0.7
v -2.7 2.9 0.6
v -2.7 2.9 -2.1
v -2.7 2.9 -2.2
v -2.7 2.9 -2.3
v -2.7 3 0.8
v -2.7 3 0.6
v -2.7 3 -2.1
v -2.7 3 -2.3
v -2.6 2.2 -2.1
v -2.6 2.2 -2.2
v -2.6 2.3 -2.1
v -2.6 2.3 -2.2
v -2.6 3 0.7
v -2.6 3 0.6
v -2.6 3 0.5
v -2.6 3 -2
v -2.6 3 -2.1
v -2.6 3 -2.2
v -2.6 3.1 0.7
v -2.6 3.1 0.5
v -2.6 3.1 -2
v -2.6 3.1 -2.2
v -2.5 2.2 -2.2
v -2.5 2.2 -2.3
v -2.5 2.3 -2.2
v -2.5 2.3 -2.3
v -2.5 3.1 0.6
v -2.5 3.1 0.5
v -2.5 3.1 0.4
v -2.5 3.1 -1.9
v -2.5 3.1 -2
v -2.5 3.1 -2.1
v -2.5 3.2 0.6
v -2.5 3.2 0.4
v -2.5 3.2 -1.9
v -2.5 3.2 -2.1
v -2.4 3.2 0.5
v -2.4 3.2 0.4
v -2.4 3.2 0.3
v -2.4 3.2 -1.8
v -2.4 3.2 -1.9
v -2.4 3.2 -2
v -2.4 3.3 0.5
v -2.4 3.3 0.3
v -2.4 3.3 -1.8
v -2.4 3.3 -2
v -2.3 2.2 0.3
v -2.3 2.2 0.2
v -2.3 2.2 -1.2
v -2.3 2.2 -1.3
v -2.3 2.3 0.3
v -2.3 2.3 0.2
v -2.3 2.3 -1.2
v -2.3 2.3 -1.3
v -2.3 3.3 0.4
v -2.3 3.3 0.3
v -2.3 3.3 0.2
v -2.3 3.3 -1.7
v -2.3 3.3 -1.8
v -2.3 3.3 -1.9
v -2.3 3.4 0.4
v -2.3 3.4 0.2
v -2.3 3.4 -1.7
v -2.3 3.4 -1.9
v -2.2 2.2 0.4
v -2.2 2.2 0.3
v -2.2 2.3 0.4
v -2.2 2.3 0.3
v -2.2 3.4 0.3
v -2.2 3.4 0.2
v -2.2 3.4 0.0999999
v -2.2 3.4 -1.6
v -2.2 3.4 -1.7
v -2.2 3.4 -1.8
v -2.2 3.5 0.3
v -2.2 3.5 0.0999999
v -2.2 3.5 -1.6
v -2.2 3.5 -1.8
v -2.1 2.3 -0.4
v -2.1 2.3 -0.5
v -2.1 2.4 -0.4
v -2.1 2.4 -0.5
v -2.1 2.6 -0.4
v -2.1 2.6 -0.5
v -2.1 2.7 -0.4
v -2.1 2.7 -0.5
v -2.1 3.5 0.2
v -2.1 3.5 0.0999999
v -2.1 3.5 -1.19209e-07
v -2.1 3.5 -1.5
v -2.1 3.5 -1.6
v -2.1 3.5 -1.7
v -2.1 3.6 0.2
v -2.1 3.6 -1.19209e-07
v -2.1 3.6 -1.5
v -2.1 3.6 -1.7
v -2 2.2 -0.4
v -2 2.2 -0.5
v -2 2.3 -0.3
v -2 2.3 -0.4
v -2 2.3 -0.5
v -2 2.3 -0.6
v -2 2.4 -0.3
v -2 2.4 -0.4
v -2 2.4 -0.5
v -2 2.4 -0.6
v -2 2.5 -0.3
v -2 2.5 -0.4
v -2 2.5 -0.5
v -2 2.5 -0.6
v -2 2.6 -0.3
v -2 2.6 -0.4
v -2 2.6 -0.5
v -2 2.6 -0.6
v -2 2.7 -0.3
v -2 2.7 -0.4
v -2 2.7 -0.5
v -2 2.7 -0.6
v -2 2.8 -0.3
v -2 2.8 -0.4
v -2 2.8 -0.5
v -2 2.9 -0.4
v -2 2.9 -0.5
v -2 3.6 0.0999999
v -2 3.6 -1.19209e-07
v -2 3.6 -1.5
v -2 3.6 -1.6
v -2 3.7 0.0999999
v -2 3.7 -1.6
v -1.7 2.2 0.0999999
v -1.7 2.2 -1.19209e-07
v -1.7 2.2 -1.8
v -1.7 2.2 -1.9
v -1.7 2.3 0.0999999
v -1.7 2.3 -1.19209e-07
v -1.7 2.3 -1.8
v -1.7 2.3 -1.9
v -1.6 2.2 -1.19209e-07
v -1.6 2.2 -0.1
v -1.6 2.3 -1.19209e-07
v -1.6 2.3 -0.1
v -1.5 2.2 -0.3
v -1.5 2.2 -0.4
v -1.5 2.3 -0.4
v -1.5 2.3 -0.5
v -1.5 2.4 -0.4
v -1.5 2.4 -0.5
v -1.5 2.6 -0.2
v -1.5 2.6 -0.3
v -1.5 2.7 -0.2
v -1.5 2.7 -0.3
v -1.5 2.8 -0.3
v -1.5 2.8 -0.4
v -1.3 2.2 0.5
v -1.3 2.2 0.4
v -1.3 2.3 0.5
v -1.3 2.3 0.4
v -1.3 2.3 -0.8
v -1.3 2.3 -0.9
v -1.3 2.4 -0.8
v -1.3 2.4 -0.9
v -1.2 2.3 -0.7
v -1.2 2.3 -0.8
v -1.2 2.3 -0.9
v -1.2 2.3 -1
v -1.2 2.4 -0.7
v -1.2 2.4 -0.8
v -1.2 2.4 -0.9
v -1.2 2.4 -1
v -1.2 2.5 -0.8
v -1.2 2.5 -0.9
v -1.1 2.2 0.0999999
v -1.1 2.2 -1.19209e-07
v -1.1 2.2 -0.8
v -1.1 2.2 -0.9
v -1.1 2.2 -1
v -1.1 2.3 0.0999999
v -1.1 2.3 -1.19209e-07
v -1.1 2.3 -0.6
v -1.1 2.3 -0.7
v -1.1 2.3 -0.8
v -1.1 2.3 -0.9
v -1.1 2.3 -1
v -1.1 2.3 -1.1
v -1.1 2.4 -0.6
v -1.1 2.4 -0.7
v -1.1 2.4 -0.8
v -1.1 2.4 -0.9
v -1.1 2.4 -1
v -1.1 2.4 -1.1
v -1.1 2.5 -0.7
v -1.1 2.5 -0.8
v -1.1 2.5 -0.9
v -1.1 2.5 -1
v -1.1 2.6 -0.8
v -1.1 2.6 -0.9
v -1 2.2 -1.19209e-07
v -1 2.2 -0.2
v -1 2.3 -1.19209e-07
v -1 2.3 -0.2
v -1 2.6 -1.5
v -1 2.6 -1.7
v -1 2.7 -1.5
v -1 2.7 -1.6
v -1 2.8 -1.6
v -1 2.8 -1.7
v -0.9 2.5 -1.4
v -0.9 2.5 -1.6
v -0.9 2.6 -1.2
v -0.9 2.6 -1.3
v -0.9 2.6 -1.4
v -0.9 2.6 -1.5
v -0.9 2.6 -1.6
v -0.9 2.7 -1.1
v -0.9 2.7 -1.2
v -0.9 2.8 -1.1
v -0.9 2.8 -1.3
v -0.8 2.2 -1.4
v -0.8 2.2 -1.5
v -0.8 2.2 -1.9
v -0.8 2.2 -2
v -0.8 2.3 -1.9
v -0.8 2.3 -2
v -0.8 2.5 -1.3
v -0.8 2.5 -1.4
v -0.8 2.5 -1.5
v -0.8 2.6 -1.3
v -0.8 2.6 -1.4
v -0.8 2.7 -1.3
v -0.8 2.7 -1.4
v -0.7 2.5 -1.5
v -0.7 2.5 -1.6
v -0.7 2.6 -1.5
v -0.7 2.7 -1.5
v -0.7 2.7 -1.6
v -0.6 2.2 0.6
v -0.6 2.2 0.5
v -0.6 2.4 0.5
v -0.6 2.4 0.4
v -0.6 2.5 0.6
v -0.6 2.5 0.5
v -0.6 2.5 0.4
v -0.6 2.5 0.3
v -0.6 2.6 0.5
v -0.6 2.6 0.3
v -0.6 2.6 -1.6
v -0.6 2.6 -1.7
v -0.6 2.7 -1.6
v -0.6 2.7 -1.7
v -0.5 2.3 -0.2
v -0.5 2.3 -0.3
v -0.5 2.4 -0.2
v -0.5 2.4 -0.3
v -0.5 2.7 -1.6
v -0.5 2.7 -1.7
v -0.5 2.8 -1.6
v -0.5 2.8 -1.7
v -0.4 2.3 -0.1
v -0.4 2.3 -0.2
v -0.4 2.3 -0.3
v -0.4 2.3 -0.4
v -0.4 2.4 -0.1
v -0.4 2.4 -0.2
v -0.4 2.4 -0.3
v -0.4 2.4 -0.4
v -0.4 2.5 -0.2
v -0.4 2.5 -0.3
v -0.3 2.2 -0.2
v -0.3 2.2 -0.3
v -0.3 2.2 -0.4
v -0.3 2.3 -1.19209e-07
v -0.3 2.3 -0.1
v -0.3 2.3 -0.2
v -0.3 2.3 -0.3
v -0.3 2.3 -0.4
v -0.3 2.3 -0.5
v -0.3 2.4 -1.19209e-07
v -0.3 2.4 -0.1
v -0.3 2.4 -0.2
v -0.3 2.4 -0.3
v -0.3 2.4 -0.4
v -0.3 2.4 -0.5
v -0.3 2.4 -1.3
v -0.3 2.4 -1.4
v -0.3 2.5 -0.1
v -0.3 2.5 -0.2
v -0.3 2.5 -0.3
v -0.3 2.5 -0.4
v -0.3 2.5 -1.3
v -0.3 2.5 -1.4
v -0.3 2.6 -0.2
v -0.3 2.6 -0.3
v -0.2 2.4 -1.2
v -0.2 2.4 -1.3
v -0.2 2.4 -1.4
v -0.2 2.4 -1.5
v -0.2 2.5 -1.2
v -0.2 2.5 -1.3
v -0.2 2.5 -1.4
v -0.2 2.5 -1.5
v -0.2 2.6 -1.2
v -0.2 2.6 -1.3
v -0.2 2.6 -1.4
v -0.0999999 2.2 0.6
v -0.0999999 2.2 0.5
v -0.0999999 2.3 0.6
v -0.0999999 2.3 0.5
v -0.0999999 2.5 -1.4
v -0.0999999 2.5 -1.5
v -0.0999999 2.6 -1.2
v -0.0999999 2.6 -1.3
v -0.0999999 2.6 -1.4
v -0.0999999 2.6 -1.5
v -0.0999999 2.7 -1.2
v -0.0999999 2.7 -1.3
v -0.0999999 2.7 -1.4
v 0 2.4 -0.9
v 0 2.4 -1
v 0 2.4 -1.6
v 0 2.4 -1.7
v 0 2.5 -0.9
v 0 2.5 -1
v 0 2.5 -1.1
v 0 2.5 -1.5
v 0 2.5 -1.6
v 0 2.5 -1.7
v 0 2.6 -0.2
v 0 2.6 -0.3
v 0 2.6 -1
v 0 2.6 -1.1
v 0 2.6 -1.2
v 0 2.6 -1.4
v 0 2.6 -1.5
v 0 2.6 -1.6
v 0 2.6 -1.7
v 0 2.7 -0.2
v 0 2.7 -0.3
v 0 2.7 -1.1
v 0 2.7 -1.2
v 0 2.7 -1.3
v 0 2.7 -1.4
v 0 2.7 -1.5
v 0 2.8 -0.2
v 0 2.8 -0.3
v 0 2.8 -1.2
v 0 2.8 -1.4
v 0 2.8 -1.5
v 0.1 2.2 -1.3
v 0.1 2.2 -1.4
v 0.1 2.3 -1.7
v 0.1 2.3 -1.8
v 0.1 2.4 -0.8
v 0.1 2.4 -0.9
v 0.1 2.4 -1.2
v 0.1 2.4 -1.3
v 0.1 2.4 -1.7
v 0.1 2.4 -1.8
v 0.1 2.5 -0.8
v 0.1 2.5 -0.9
v 0.1 2.5 -1
v 0.1 2.5 -1.7
v 0.1 2.5 -1.8
v 0.1 2.6 -0.9
v 0.1 2.6 -1
v 0.1 2.6 -1.1
v 0.1 2.6 -1.2
v 0.1 2.6 -1.3
v 0.1 2.6 -1.4
v 0.1 2.6 -1.5
v 0.1 2.6 -1.6
v 0.1 2.7 -1
v 0.1 2.7 -1.1
v 0.1 2.7 -1.2
v 0.1 2.7 -1.5
v 0.1 2.7 -1.6
v 0.1 2.8 -0.2
v 0.1 2.8 -0.3
v 0.1 2.8 -1.1
v 0.1 2.8 -1.2
v 0.1 2.8 -1.3
v 0.1 2.8 -1.4
v 0.1 2.9 -0.2
v 0.1 2.9 -0.3
v 0.1 2.9 -1.3
v 0.1 2.9 -1.4
v 0.2 2.4 -0.9
v 0.2 2.4 -1
v 0.2 2.5 -0.9
v 0.2 2.5 -1
v 0.2 2.5 -1.1
v 0.2 2.6 -1
v 0.2 2.6 -1.1
v 0.2 2.6 -1.2
v 0.2 2.7 -1.1
v 0.2 2.7 -1.2
v 0.2 3.1 -0.2
v 0.2 3.1 -0.3
v 0.2 3.2 -0.2
v 0.2 3.2 -0.3
v 0.3 2.2 -0.2
v 0.3 2.2 -0.3
v 0.3 2.5 -1.2
v 0.3 2.5 -1.5
v 0.3 2.6 0.0999999
v 0.3 2.6 -1.19209e-07
v 0.3 2.6 -1.2
v 0.3 2.6 -1.5
v 0.3 2.7 0.0999999
v 0.3 2.7 -1.19209e-07
v 0.3 2.7 -0.1
v 0.3 2.7 -0.2
v 0.3 2.7 -0.4
v 0.3 2.7 -0.6
v 0.3 2.8 0.0999999
v 0.3 2.8 -1.19209e-07
v 0.3 2.8 -0.1
v 0.3 2.8 -0.2
v 0.3 2.8 -0.3
v 0.3 2.8 -0.4
v 0.3 2.8 -0.5
v 0.3 2.8 -0.6
v 0.3 2.9 -1.19209e-07
v 0.3 2.9 -0.2
v 0.3 2.9 -0.3
v 0.3 2.9 -0.5
v 0.3 3 -0.3
v 0.3 3 -0.4
v 0.3 3.1 -0.1
v 0.3 3.1 -0.2
v 0.3 3.1 -0.3
v 0.3 3.1 -0.4
v 0.3 3.2 -0.1
v 0.3 3.2 -0.2
v 0.3 3.2 -0.3
v 0.3 3.2 -0.4
v 0.3 3.3 -0.2
v 0.3 3.3 -0.3
v 0.4 2.4 -1.2
v 0.4 2.4 -1.5
v 0.4 2.5 -1.2
v 0.4 2.5 -1.5
v 0.5 2.7 -0.2
v 0.5 2.7 -0.3
v 0.5 2.8 -0.2
v 0.5 2.8 -0.3
v 0.6 2.2 0.4
v 0.6 2.2 0.2
v 0.6 2.2 -0.3
v 0.6 2.2 -0.4
v 0.6 2.3 0.4
v 0.6 2.3 0.2
v 0.6 2.3 -0.3
v 0.6 2.3 -0.4
v 0.7 2.4 -1.6
v 0.7 2.4 -1.7
v 0.7 2.5 -1.6
v 0.7 2.5 -1.7
v 0.8 2.2 -1.6
v 0.8 2.2 -1.7
v 0.8 2.4 -1.5
v 0.8 2.4 -1.6
v 0.8 2.4 -1.7
v 0.8 2.4 -1.8
v 0.8 2.5 -1.5
v 0.8 2.5 -1.6
v 0.8 2.5 -1.7
v 0.8 2.5 -1.8
v 0.8 2.6 -1.6
v 0.8 2.6 -1.7
v 0.9 2.2 -1
v 0.9 2.2 -1.2
v 0.9 2.2 -2
v 0.9 2.2 -2.1
v 0.9 2.3 -1
v 0.9 2.3 -1.2
v 0.9 2.3 -2
v 0.9 2.3 -2.1
v 1.2 2.4 -0.2
v 1.2 2.4 -0.3
v 1.2 2.5 -0.2
v 1.2 2.5 -0.3
v 1.3 2.3 -1.6
v 1.3 2.3 -1.7
v 1.3 2.4 -0.1
v 1.3 2.4 -0.2
v 1.3 2.4 -0.3
v 1.3 2.4 -0.4
v 1.3 2.4 -1.6
v 1.3 2.4 -1.7
v 1.3 2.5 -0.1
v 1.3 2.5 -0.2
v 1.3 2.5 -0.3
v 1.3 2.5 -0.4
v 1.3 2.6 -0.1
v 1.3 2.6 -0.2
v 1.3 2.6 -0.3
v 1.3 2.6 -1.6
v 1.3 2.6 -1.7
v 1.3 2.7 -1.6
v 1.3 2.7 -1.7
v 1.4 2.2 -1.6
v 1.4 2.2 -1.7
v 1.4 2.3 -1.5
v 1.4 2.3 -1.6
v 1.4 2.3 -1.7
v 1.4 2.3 -1.8
v 1.4 2.4 -1.5
v 1.4 2.4 -1.6
v 1.4 2.4 -1.7
v 1.4 2.4 -1.8
v 1.4 2.5 -0.3
v 1.4 2.5 -0.4
v 1.4 2.5 -1.5
v 1.4 2.5 -1.6
v 1.4 2.5 -1.7
v 1.4 2.5 -1.8
v 1.4 2.6 -0.1
v 1.4 2.6 -0.2
v 1.4 2.6 -0.3
v 1.4 2.6 -0.4
v 1.4 2.6 -1.5
v 1.4 2.6 -1.6
v 1.4 2.6 -1.7
v 1.4 2.6 -1.8
v 1.4 2.7 -0.1
v 1.4 2.7 -0.2
v 1.4 2.7 -0.3
v 1.4 2.7 -1.5
v 1.4 2.7 -1.6
v 1.4 2.7 -1.7
v 1.4 2.7 -1.8
v 1.4 2.8 -1.5
v 1.4 2.8 -1.6
v 1.4 2.8 -1.7
v 1.4 2.9 -1.6
v 1.4 2.9 -1.7
v 1.5 2.2 0.7
v 1.5 2.2 0.6
v 1.5 2.2 -0.9
v 1.5 2.2 -1
v 1.5 2.3 0.7
v 1.5 2.3 0.6
v 1.5 2.3 -0.9
v 1.5 2.3 -1
v 1.5 2.4 0.2
v 1.5 2.4 0.0999999
v 1.5 2.4 -0.5
v 1.5 2.4 -0.6
v 1.5 2.5 0.2
v 1.5 2.5 0.0999999
v 1.5 2.5 -1.19209e-07
v 1.5 2.5 -0.4
v 1.5 2.5 -0.5
v 1.5 2.5 -0.6
v 1.5 2.6 0.0999999
v 1.5 2.6 -1.19209e-07
v 1.5 2.6 -0.1
v 1.5 2.6 -0.3
v 1.5 2.6 -0.4
v 1.5 2.6 -0.5
v 1.5 2.6 -0.6
v 1.5 2.7 -1.19209e-07
v 1.5 2.7 -0.1
v 1.5 2.7 -0.2
v 1.5 2.7 -0.3
v 1.5 2.7 -0.4
v 1.5 2.8 -0.1
v 1.5 2.8 -0.3
v 1.5 2.8 -0.4
v 1.6 2.2 -0.2
v 1.6 2.2 -0.3
v 1.6 2.3 -0.6
v 1.6 2.3 -0.7
v 1.6 2.4 0.3
v 1.6 2.4 0.2
v 1.6 2.4 -0.1
v 1.6 2.4 -0.2
v 1.6 2.4 -0.6
v 1.6 2.4 -0.7
v 1.6 2.5 0.3
v 1.6 2.5 0.2
v 1.6 2.5 0.0999999
v 1.6 2.5 -0.6
v 1.6 2.5 -0.7
v 1.6 2.6 0.2
v 1.6 2.6 0.0999999
v 1.6 2.6 -1.19209e-07
v 1.6 2.6 -0.1
v 1.6 2.6 -0.2
v 1.6 2.6 -0.3
v 1.6 2.6 -0.4
v 1.6 2.6 -0.5
v 1.6 2.7 0.0999999
v 1.6 2.7 -1.19209e-07
v 1.6 2.7 -0.1
v 1.6 2.7 -0.4
v 1.6 2.7 -0.5
v 1.6 2.8 -1.19209e-07
v 1.6 2.8 -0.1
v 1.6 2.8 -0.2
v 1.6 2.8 -0.3
v 1.6 2.9 -0.2
v 1.6 2.9 -0.3
v 1.7 2.4 0.2
v 1.7 2.4 0.0999999
v 1.7 2.5 0.2
v 1.7 2.5 0.0999999
v 1.7 2.5 -1.19209e-07
v 1.7 2.6 0.0999999
v 1.7 2.6 -1.19209e-07
v 1.7 2.6 -0.1
v 1.7 2.7 -1.19209e-07
v 1.7 2.7 -0.1
v 1.8 2.5 -0.1
v 1.8 2.5 -0.4
v 1.8 2.6 -0.1
v 1.8 2.6 -0.4
v 1.9 1.1 -2.9
v 1.9 1.1 -3
v 1.9 1.8 -2.9
v 1.9 1.8 -3
v 1.9 2.4 -0.1
v 1.9 2.4 -0.4
v 1.9 2.5 -0.1
v 1.9 2.5 -0.4
v 1.9 3.6 -1.19209e-07
v 1.9 3.6 -1.5
v 1.9 3.7 -1.19209e-07
v 1.9 3.7 -1.5
v 2 3.5 0.2
v 2 3.5 -1.19209e-07
v 2 3.5 -1.5
v 2 3.5 -1.7
v 2 3.6 0.2
v 2 3.6 0.0999999
v 2 3.6 -1.19209e-07
v 2 3.6 -1.5
v 2 3.6 -1.6
v 2 3.6 -1.7
v 2.1 1.2 1.5
v 2.1 1.2 1.4
v 2.1 1.9 1.5
v 2.1 1.9 1.4
v 2.1 3.4 0.3
v 2.1 3.4 0.0999999
v 2.1 3.4 -1.6
v 2.1 3.4 -1.8
v 2.1 3.5 0.3
v 2.1 3.5 0.2
v 2.1 3.5 0.0999999
v 2.1 3.5 -1.6
v 2.1 3.5 -1.7
v 2.1 3.5 -1.8
v 2.2 2.2 -1.6
v 2.2 2.2 -1.8
v 2.2 2.3 -0.8
v 2.2 2.3 -0.9
v 2.2 2.3 -1.6
v 2.2 2.3 -1.7
v 2.2 2.4 -0.8
v 2.2 2.4 -0.9
v 2.2 2.4 -1.7
v 2.2 2.4 -1.8
v 2.2 3.3 0.4
v 2.2 3.3 0.2
v 2.2 3.3 -1.7
v 2.2 3.3 -1.9
v 2.2 3.4 0.4
v 2.2 3.4 0.3
v 2.2 3.4 0.2
v 2.2 3.4 -1.7
v 2.2 3.4 -1.8
v 2.2 3.4 -1.9
v 2.3 2.2 -0.8
v 2.3 2.2 -0.9
v 2.3 2.3 -0.8
v 2.3 2.3 -0.9
v 2.3 2.3 -1
v 2.3 2.4 -0.7
v 2.3 2.4 -0.8
v 2.3 2.4 -0.9
v 2.3 2.5 -0.7
v 2.3 2.5 -0.8
v 2.3 2.5 -0.9
v 2.3 2.5 -1
v 2.3 2.6 -0.8
v 2.3 2.6 -0.9
v 2.3 3.2 0.5
v 2.3 3.2 0.3
v 2.3 3.2 -1.8
v 2.3 3.2 -2
v 2.3 3.3 0.5
v 2.3 3.3 0.4
v 2.3 3.3 0.3
v 2.3 3.3 -1.8
v 2.3 3.3 -1.9
v 2.3 3.3 -2
v 2.4 3.1 0.6
v 2.4 3.1 0.4
v 2.4 3.1 -1.9
v 2.4 3.1 -2.1
v 2.4 3.2 0.6
v 2.4 3.2 0.5
v 2.4 3.2 0.4
v 2.4 3.2 -1.9
v 2.4 3.2 -2
v 2.4 3.2 -2.1
v 2.5 3 0.7
v 2.5 3 0.5
v 2.5 3 -2
v 2.5 3 -2.2
v 2.5 3.1 0.7
v 2.5 3.1 0.6
v 2.5 3.1 0.5
v 2.5 3.1 -2
v 2.5 3.1 -2.1
v 2.5 3.1 -2.2
v 2.6 2.9 0.8
v 2.6 2.9 0.6
v 2.6 2.9 -2.1
v 2.6 2.9 -2.3
v 2.6 3 0.8
v 2.6 3 0.7
v 2.6 3 0.6
v 2.6 3 -2.1
v 2.6 3 -2.2
v 2.6 3 -2.3
v 2.7 2.2 -2.2
v 2.7 2.2 -2.4
v 2.7 2.3 -2.2
v 2.7 2.3 -2.4
v 2.7 2.8 0.9
v 2.7 2.8 0.7
v 2.7 2.8 -2.2
v 2.7 2.8 -2.4
v 2.7 2.9 0.9
v 2.7 2.9 0.8
v 2.7 2.9 0.7
v 2.7 2.9 -2.2
v 2.7 2.9 -2.3
v 2.7 2.9 -2.4
v 2.8 1.2 -2.9
v 2.8 1.2 -3
v 2.8 1.7 -2.9
v 2.8 1.7 -3
v 2.8 2.7 1
v 2.8 2.7 0.8
v 2.8 2.7 -2.3
v 2.8 2.7 -2.5
v 2.8 2.8 1
v 2.8 2.8 0.9
v 2.8 2.8 0.8
v 2.8 2.8 -2.3
v 2.8 2.8 -2.4
v 2.8 2.8 -2.5
v 2.9 1.3 1.5
v 2.9 1.3 1.4
v 2.9 1.8 1.5
v 2.9 1.8 1.4
v 2.9 2.6 1.1
v 2.9 2.6 0.9
v 2.9 2.6 -2.4
v 2.9 2.6 -2.6
v 2.9 2.7 1.1
v 2.9 2.7 1
v 2.9 2.7 0.9
v 2.9 2.7 -2.4
v 2.9 2.7 -2.5
v 2.9 2.7 -2.6
v 3 2.5 1.2
v 3 2.5 1
v 3 2.5 -2.5
v 3 2.5 -2.7
v 3 2.6 1.2
v 3 2.6 1.1
v 3 2.6 1
v 3 2.6 -2.5
v 3 2.6 -2.6
v 3 2.6 -2.7
v 3.1 2.4 1.3
v 3.1 2.4 1.1
v 3.1 2.4 -2.6
v 3.1 2.4 -2.8
v 3.1 2.5 1.3
v 3.1 2.5 1.2
v 3.1 2.5 1.1
v 3.1 2.5 -2.6
v 3.1 2.5 -2.7
v 3.1 2.5 -2.8
v 3.2 2.3 1.4
v 3.2 2.3 1.3
v 3.2 2.3 1.2
v 3.2 2.3 -2.7
v 3.2 2.3 -2.8
v 3.2 2.3 -2.9
v 3.2 2.4 1.4
v 3.2 2.4 1.3
v 3.2 2.4 1.2
v 3.2 2.4 -2.7
v 3.2 2.4 -2.8
v 3.2 2.4 -2.9
v 3.3 2.2 1.3
v 3.3 2.2 -2.8
v 3.3 2.3 1.3
v 3.3 2.3 1.2
v 3.3 2.3 -2.7
v 3.3 2.3 -2.8
v -3.2 2.2 1.3
v -3.2 2.2 -2.8
v -3.2 2.3 1.3
v -3.2 2.3 1.2
v -3.2 2.3 -2.7
v -3.2 2.3 -2.8
v -3.1 2.3 1.4
v -3.1 2.3 1.3
v -3.1 2.3 1.2
v -3.1 2.3 -2.7
v -3.1 2.3 -2.8
v -3.1 2.3 -2.9
v -3.1 2.4 1.4
v -3.1 2.4 1.3
v -3.1 2.4 1.2
v -3.1 2.4 -2.7
v -3.1 2.4 -2.8
v -3.1 2.4 -2.9
v -3 2.4 1.3
v -3 2.4 1.1
v -3 2.4 -2.6
v -3 2.4 -2.8
v -3 2.5 1.3
v -3 2.5 1.2
v -3 2.5 1.1
v -3 2.5 -2.6
v -3 2.5 -2.7
v -3 2.5 -2.8
v -2.9 2.5 1.2
v -2.9 2.5 1
v -2.9 2.5 -2.5
v -2.9 2.5 -2.7
v -2.9 2.6 1.2
v -2.9 2.6 1.1
v -2.9 2.6 1
v -2.9 2.6 -2.5
v -2.9 2.6 -2.6
v -2.9 2.6 -2.7
v -2.8 2.6 1.1
v -2.8 2.6 0.9
v -2.8 2.6 -2.4
v -2.8 2.6 -2.6
v -2.8 2.7 1.1
v -2.8 2.7 1
v -2.8 2.7 0.9
v -2.8 2.7 -2.4
v -2.8 2.7 -2.5
v -2.8 2.7 -2.6
v -2.7 2.7 1
v -2.7 2.7 0.8
v -2.7 2.7 -2.3
v -2.7 2.7 -2.5
v -2.7 2.8 1
v -2.7 2.8 0.9
v -2.7 2.8 0.8
v -2.7 2.8 -2.3
v -2.7 2.8 -2.4
v -2.7 2.8 -2.5
v -2.6 2.8 0.9
v -2.6 2.8 0.7
v -2.6 2.8 -2.2
v -2.6 2.8 -2.4
v -2.6 2.9 0.9
v -2.6 2.9 0.8
v -2.6 2.9 0.7
v -2.6 2.9 -2.2
v -2.6 2.9 -2.3
v -2.6 2.9 -2.4
v -2.5 2.9 0.8
v -2.5 2.9 0.6
v -2.5 2.9 -2.1
v -2.5 2.9 -2.3
v -2.5 3 0.8
v -2.5 3 0.7
v -2.5 3 0.6
v -2.5 3 -2.1
v -2.5 3 -2.2
v -2.5 3 -2.3
v -2.4 3 0.7
v -2.4 3 0.5
v -2.4 3 -2
v -2.4 3 -2.2
v -2.4 3.1 0.7
v -2.4 3.1 0.6
v -2.4 3.1 0.5
v -2.4 3.1 -2
v -2.4 3.1 -2.1
v -2.4 3.1 -2.2
v -2.3 2.2 -2.1
v -2.3 2.2 -2.2
v -2.3 2.3 -2.1
v -2.3 2.3 -2.2
v -2.3 3.1 0.6
v -2.3 3.1 0.4
v -2.3 3.1 -1.9
v -2.3 3.1 -2.1
v -2.3 3.2 0.6
v -2.3 3.2 0.5
v -2.3 3.2 0.4
v -2.3 3.2 -1.9
v -2.3 3.2 -2
v -2.3 3.2 -2.1
v -2.2 2.2 -1.2
v -2.2 2.2 -1.3
v -2.2 2.2 -2.2
v -2.2 2.2 -2.3
v -2.2 2.3 -1.2
v -2.2 2.3 -1.3
v -2.2 2.3 -2.2
v -2.2 2.3 -2.3
v -2.2 3.2 0.5
v -2.2 3.2 0.3
v -2.2 3.2 -1.8
v -2.2 3.2 -2
v -2.2 3.3 0.5
v -2.2 3.3 0.4
v -2.2 3.3 0.3
v -2.2 3.3 -1.8
v -2.2 3.3 -1.9
v -2.2 3.3 -2
v -2.1 2.2 0.4
v -2.1 2.2 0.2
v -2.1 2.3 0.4
v -2.1 2.3 0.2
v -2.1 3.3 0.4
v -2.1 3.3 0.2
v -2.1 3.3 -1.7
v -2.1 3.3 -1.9
v -2.1 3.4 0.4
v -2.1 3.4 0.3
v -2.1 3.4 0.2
v -2.1 3.4 -1.7
v -2.1 3.4 -1.8
v -2.1 3.4 -1.9
v -2 3.4 0.3
v -2 3.4 0.0999999
v -2 3.4 -1.6
v -2 3.4 -1.8
v -2 3.5 0.3
v -2 3.5 0.2
v -2 3.5 0.0999999
v -2 3.5 -1.6
v -2 3.5 -1.7
v -2 3.5 -1.8
v -1.9 2.3 -0.3
v -1.9 2.3 -0.4
v -1.9 2.4 -0.3
v -1.9 2.4 -0.4
v -1.9 2.4 -0.5
v -1.9 2.5 -0.3
v -1.9 2.5 -0.4
v -1.9 2.5 -0.5
v -1.9 2.5 -0.6
v -1.9 2.6 -0.3
v -1.9 2.6 -0.4
v -1.9 2.6 -0.5
v -1.9 2.6 -0.6
v -1.9 2.7 -0.3
v -1.9 2.7 -0.4
v -1.9 2.7 -0.5
v -1.9 2.7 -0.6
v -1.9 2.8 -0.3
v -1.9 2.8 -0.4
v -1.9 2.8 -0.5
v -1.9 2.9 -0.4
v -1.9 2.9 -0.5
v -1.9 3.5 0.2
v -1.9 3.5 -1.19209e-07
v -1.9 3.5 -1.5
v -1.9 3.5 -1.7
v -1.9 3.6 0.2
v -1.9 3.6 0.0999999
v -1.9 3.6 -1.19209e-07
v -1.9 3.6 -1.5
v -1.9 3.6 -1.6
v -1.9 3.6 -1.7
v -1.8 2.2 -0.4
v -1.8 2.2 -0.5
v -1.8 2.3 -0.4
v -1.8 2.3 -0.5
v -1.8 2.3 -0.6
v -1.8 2.4 -0.4
v -1.8 2.4 -0.5
v -1.8 2.4 -0.6
v -1.8 2.6 -0.4
v -1.8 2.6 -0.5
v -1.8 2.7 -0.4
v -1.8 2.7 -0.5
v -1.8 3.6 -1.19209e-07
v -1.8 3.6 -1.5
v -1.8 3.7 -1.19209e-07
v -1.8 3.7 -1.5
v -1.6 2.2 -1.8
v -1.6 2.2 -1.9
v -1.6 2.3 -1.8
v -1.6 2.3 -1.9
v -1.5 2.2 0.0999999
v -1.5 2.2 -0.1
v -1.5 2.3 0.0999999
v -1.5 2.3 -0.1
v -1.4 2.2 -0.3
v -1.4 2.2 -0.4
v -1.4 2.3 -0.3
v -1.4 2.3 -0.4
v -1.4 2.3 -0.5
v -1.4 2.4 -0.3
v -1.4 2.4 -0.4
v -1.4 2.4 -0.5
v -1.4 2.6 -0.2
v -1.4 2.6 -0.3
v -1.4 2.6 -0.4
v -1.4 2.7 -0.2
v -1.4 2.7 -0.3
v -1.4 2.7 -0.4
v -1.4 2.8 -0.3
v -1.4 2.8 -0.4
v -1.3 2.3 -0.3
v -1.3 2.3 -0.4
v -1.3 2.4 -0.3
v -1.3 2.4 -0.4
v -1.3 2.6 -0.3
v -1.3 2.6 -0.4
v -1.3 2.7 -0.3
v -1.3 2.7 -0.4
v -1.2 2.2 0.5
v -1.2 2.2 0.4
v -1.2 2.3 0.5
v -1.2 2.3 0.4
v -1 2.2 -0.8
v -1 2.2 -0.9
v -1 2.2 -1
v -1 2.3 -0.6
v -1 2.3 -0.7
v -1 2.3 -0.8
v -1 2.3 -0.9
v -1 2.3 -1
v -1 2.3 -1.1
v -1 2.4 -0.6
v -1 2.4 -0.7
v -1 2.4 -0.9
v -1 2.4 -1
v -1 2.4 -1.1
v -1 2.5 -0.8
v -1 2.5 -0.9
v -1 2.5 -1
v -1 2.6 -0.8
v -1 2.6 -0.9
v -0.9 2.2 0.0999999
v -0.9 2.2 -0.2
v -0.9 2.3 0.0999999
v -0.9 2.3 -0.2
v -0.9 2.3 -0.7
v -0.9 2.3 -0.8
v -0.9 2.3 -0.9
v -0.9 2.3 -1
v -0.9 2.4 -0.7
v -0.9 2.4 -0.8
v -0.9 2.4 -0.9
v -0.9 2.4 -1
v -0.9 2.5 -0.7
v -0.9 2.5 -0.8
v -0.9 2.5 -0.9
v -0.9 2.7 -1.6
v -0.9 2.7 -1.7
v -0.9 2.8 -1.6
v -0.9 2.8 -1.7
v -0.8 2.3 -0.8
v -0.8 2.3 -0.9
v -0.8 2.4 -0.8
v -0.8 2.4 -0.9
v -0.8 2.5 -1.5
v -0.8 2.5 -1.6
v -0.8 2.6 -1.5
v -0.8 2.6 -1.6
v -0.8 2.6 -1.7
v -0.8 2.7 -1.1
v -0.8 2.7 -1.2
v -0.8 2.7 -1.3
v -0.8 2.7 -1.5
v -0.8 2.7 -1.7
v -0.8 2.8 -1.1
v -0.8 2.8 -1.3
v -0.7 2.2 -1.4
v -0.7 2.2 -1.5
v -0.7 2.5 -1.3
v -0.7 2.5 -1.4
v -0.7 2.5 -1.5
v -0.7 2.6 -1.2
v -0.7 2.6 -1.3
v -0.7 2.6 -1.4
v -0.7 2.7 -1.2
v -0.7 2.7 -1.4
v -0.6 2.2 -1.9
v -0.6 2.2 -2
v -0.6 2.3 -1.9
v -0.6 2.3 -2
v -0.6 2.5 -1.4
v -0.6 2.5 -1.6
v -0.6 2.6 -1.4
v -0.6 2.6 -1.5
v -0.6 2.6 -1.6
v -0.5 2.2 0.6
v -0.5 2.2 0.5
v -0.5 2.4 0.5
v -0.5 2.4 0.4
v -0.5 2.5 0.6
v -0.5 2.5 0.5
v -0.5 2.5 0.4
v -0.5 2.5 0.3
v -0.5 2.6 0.5
v -0.5 2.6 0.3
v -0.5 2.6 -1.5
v -0.5 2.6 -1.6
v -0.5 2.7 -1.5
v -0.5 2.7 -1.6
v -0.4 2.6 -1.6
v -0.4 2.6 -1.7
v -0.4 2.8 -1.6
v -0.4 2.8 -1.7
v -0.2 2.2 -0.2
v -0.2 2.2 -0.3
v -0.2 2.2 -0.4
v -0.2 2.3 -1.19209e-07
v -0.2 2.3 -0.1
v -0.2 2.3 -0.2
v -0.2 2.3 -0.3
v -0.2 2.3 -0.4
v -0.2 2.3 -0.5
v -0.2 2.4 -1.19209e-07
v -0.2 2.4 -0.1
v -0.2 2.4 -0.3
v -0.2 2.4 -0.4
v -0.2 2.4 -0.5
v -0.2 2.5 -0.2
v -0.2 2.5 -0.3
v -0.2 2.5 -0.4
v -0.2 2.6 -0.2
v -0.2 2.6 -0.3
v -0.0999999 2.3 -0.1
v -0.0999999 2.3 -0.2
v -0.0999999 2.3 -0.3
v -0.0999999 2.3 -0.4
v -0.0999999 2.4 -0.1
v -0.0999999 2.4 -0.2
v -0.0999999 2.4 -0.3
v -0.0999999 2.4 -0.4
v -0.0999999 2.4 -1.2
v -0.0999999 2.4 -1.5
v -0.0999999 2.5 -0.1
v -0.0999999 2.5 -0.2
v -0.0999999 2.5 -0.3
v -0.0999999 2.5 -1.2
v -0.0999999 2.5 -1.5
v 0 2.2 0.6
v 0 2.2 0.5
v 0 2.3 0.6
v 0 2.3 0.5
v 0 2.3 -0.2
v 0 2.3 -0.3
v 0 2.4 -0.2
v 0 2.4 -0.3
v 0 2.5 -1.2
v 0 2.5 -1.5
v 0 2.6 -1.2
v 0 2.6 -1.5
v 0.1 2.4 -0.9
v 0.1 2.4 -1
v 0.1 2.5 -0.9
v 0.1 2.5 -1
v 0.1 2.5 -1.1
v 0.1 2.6 -0.2
v 0.1 2.6 -0.3
v 0.1 2.6 -1
v 0.1 2.6 -1.1
v 0.1 2.6 -1.2
v 0.1 2.7 -0.2
v 0.1 2.7 -0.3
v 0.1 2.7 -1.1
v 0.1 2.7 -1.2
v 0.2 2.2 -1.3
v 0.2 2.2 -1.4
v 0.2 2.3 -1.7
v 0.2 2.3 -1.8
v 0.2 2.4 -0.8
v 0.2 2.4 -0.9
v 0.2 2.4 -1.2
v 0.2 2.4 -1.3
v 0.2 2.4 -1.7
v 0.2 2.4 -1.8
v 0.2 2.5 -0.8
v 0.2 2.5 -0.9
v 0.2 2.5 -1
v 0.2 2.5 -1.6
v 0.2 2.5 -1.7
v 0.2 2.5 -1.8
v 0.2 2.6 -0.9
v 0.2 2.6 -1
v 0.2 2.6 -1.1
v 0.2 2.6 -1.2
v 0.2 2.6 -1.3
v 0.2 2.6 -1.4
v 0.2 2.6 -1.5
v 0.2 2.6 -1.6
v 0.2 2.6 -1.7
v 0.2 2.7 -0.2
v 0.2 2.7 -0.3
v 0.2 2.7 -1
v 0.2 2.7 -1.1
v 0.2 2.7 -1.4
v 0.2 2.7 -1.5
v 0.2 2.7 -1.6
v 0.2 2.8 -0.2
v 0.2 2.8 -0.3
v 0.2 2.8 -1.3
v 0.2 2.8 -1.4
v 0.2 2.8 -1.5
v 0.2 2.9 -1.3
v 0.2 2.9 -1.4
v 0.3 2.4 -0.9
v 0.3 2.4 -1
v 0.3 2.4 -1.6
v 0.3 2.4 -1.7
v 0.3 2.5 -0.9
v 0.3 2.5 -1
v 0.3 2.5 -1.1
v 0.3 2.5 -1.5
v 0.3 2.5 -1.6
v 0.3 2.5 -1.7
v 0.3 2.6 -1
v 0.3 2.6 -1.1
v 0.3 2.6 -1.2
v 0.3 2.6 -1.4
v 0.3 2.6 -1.5
v 0.3 2.6 -1.6
v 0.3 2.7 -1.1
v 0.3 2.7 -1.2
v 0.3 2.7 -1.3
v 0.3 2.7 -1.4
v 0.3 2.7 -1.5
v 0.3 2.8 -1.1
v 0.3 2.8 -1.2
v 0.3 2.8 -1.4
v 0.4 2.2 -0.2
v 0.4 2.2 -0.3
v 0.4 2.5 -1.2
v 0.4 2.5 -1.3
v 0.4 2.6 0.0999999
v 0.4 2.6 -1.19209e-07
v 0.4 2.6 -1.2
v 0.4 2.6 -1.3
v 0.4 2.6 -1.4
v 0.4 2.7 0.0999999
v 0.4 2.7 -1.19209e-07
v 0.4 2.7 -0.1
v 0.4 2.7 -0.2
v 0.4 2.7 -0.4
v 0.4 2.7 -0.6
v 0.4 2.7 -1.2
v 0.4 2.7 -1.3
v 0.4 2.7 -1.4
v 0.4 2.8 0.0999999
v 0.4 2.8 -1.19209e-07
v 0.4 2.8 -0.1
v 0.4 2.8 -0.2
v 0.4 2.8 -0.3
v 0.4 2.8 -0.4
v 0.4 2.8 -0.5
v 0.4 2.8 -0.6
v 0.4 2.9 -1.19209e-07
v 0.4 2.9 -0.2
v 0.4 2.9 -0.3
v 0.4 2.9 -0.5
v 0.4 3 -0.3
v 0.4 3 -0.4
v 0.4 3.1 -0.1
v 0.4 3.1 -0.2
v 0.4 3.1 -0.3
v 0.4 3.1 -0.4
v 0.4 3.2 -0.1
v 0.4 3.2 -0.2
v 0.4 3.2 -0.3
v 0.4 3.2 -0.4
v 0.4 3.3 -0.2
v 0.4 3.3 -0.3
v 0.5 2.4 -1.2
v 0.5 2.4 -1.3
v 0.5 2.4 -1.4
v 0.5 2.4 -1.5
v 0.5 2.5 -1.2
v 0.5 2.5 -1.3
v 0.5 2.5 -1.4
v 0.5 2.5 -1.5
v 0.5 2.6 -1.3
v 0.5 2.6 -1.4
v 0.5 2.6 -1.5
v 0.5 3.1 -0.2
v 0.5 3.1 -0.3
v 0.5 3.2 -0.2
v 0.5 3.2 -0.3
v 0.6 2.4 -1.3
v 0.6 2.4 -1.4
v 0.6 2.5 -1.3
v 0.6 2.5 -1.4
v 0.6 2.8 -0.2
v 0.6 2.8 -0.3
v 0.6 2.9 -0.2
v 0.6 2.9 -0.3
v 0.7 2.2 0.4
v 0.7 2.2 0.3
v 0.7 2.2 -0.3
v 0.7 2.2 -0.4
v 0.7 2.3 0.4
v 0.7 2.3 0.3
v 0.7 2.3 -0.3
v 0.7 2.3 -0.4
v 0.7 2.7 -0.2
v 0.7 2.7 -0.3
v 0.7 2.8 -0.2
v 0.7 2.8 -0.3
v 0.8 2.2 0.3
v 0.8 2.2 0.2
v 0.8 2.3 0.3
v 0.8 2.3 0.2
v 0.9 2.2 -1.6
v 0.9 2.2 -1.7
v 0.9 2.4 -1.5
v 0.9 2.4 -1.6
v 0.9 2.4 -1.7
v 0.9 2.4 -1.8
v 0.9 2.5 -1.5
v 0.9 2.5 -1.6
v 0.9 2.5 -1.7
v 0.9 2.5 -1.8
v 0.9 2.6 -1.6
v 0.9 2.6 -1.7
v 1 2.2 -1.1
v 1 2.2 -1.2
v 1 2.3 -1.1
v 1 2.3 -1.2
v 1 2.4 -1.6
v 1 2.4 -1.7
v 1 2.5 -1.6
v 1 2.5 -1.7
v 1.1 2.2 -1
v 1.1 2.2 -1.1
v 1.1 2.2 -2
v 1.1 2.2 -2.1
v 1.1 2.3 -1
v 1.1 2.3 -1.1
v 1.1 2.3 -2
v 1.1 2.3 -2.1
v 1.4 2.4 -0.1
v 1.4 2.4 -0.4
v 1.4 2.5 -0.1
v 1.4 2.5 -0.4
v 1.5 2.3 -1.5
v 1.5 2.3 -1.6
v 1.5 2.4 -1.5
v 1.5 2.4 -1.6
v 1.5 2.4 -1.7
v 1.5 2.5 -0.1
v 1.5 2.5 -0.4
v 1.5 2.5 -1.5
v 1.5 2.5 -1.6
v 1.5 2.5 -1.7
v 1.5 2.5 -1.8
v 1.5 2.6 -0.1
v 1.5 2.6 -0.4
v 1.5 2.6 -1.5
v 1.5 2.6 -1.6
v 1.5 2.6 -1.7
v 1.5 2.6 -1.8
v 1.5 2.7 -1.5
v 1.5 2.7 -1.6
v 1.5 2.7 -1.7
v 1.5 2.7 -1.8
v 1.5 2.8 -1.5
v 1.5 2.8 -1.6
v 1.5 2.8 -1.7
v 1.5 2.9 -1.6
v 1.5 2.9 -1.7
v 1.6 2.2 0.7
v 1.6 2.2 0.6
v 1.6 2.2 -0.9
v 1.6 2.2 -1
v 1.6 2.2 -1.6
v 1.6 2.2 -1.7
v 1.6 2.3 0.7
v 1.6 2.3 0.6
v 1.6 2.3 -0.9
v 1.6 2.3 -1
v 1.6 2.3 -1.6
v 1.6 2.3 -1.7
v 1.6 2.3 -1.8
v 1.6 2.4 0.2
v 1.6 2.4 0.0999999
v 1.6 2.4 -1.6
v 1.6 2.4 -1.7
v 1.6 2.4 -1.8
v 1.6 2.5 0.2
v 1.6 2.5 0.0999999
v 1.6 2.5 -1.19209e-07
v 1.6 2.6 0.0999999
v 1.6 2.6 -1.19209e-07
v 1.6 2.6 -0.1
v 1.6 2.6 -1.6
v 1.6 2.6 -1.7
v 1.6 2.7 -1.19209e-07
v 1.6 2.7 -0.1
v 1.6 2.7 -1.6
v 1.6 2.7 -1.7
v 1.7 2.2 -0.2
v 1.7 2.2 -0.3
v 1.7 2.3 -0.6
v 1.7 2.3 -0.7
v 1.7 2.4 0.3
v 1.7 2.4 0.2
v 1.7 2.4 -0.1
v 1.7 2.4 -0.2
v 1.7 2.4 -0.6
v 1.7 2.4 -0.7
v 1.7 2.5 0.3
v 1.7 2.5 0.2
v 1.7 2.5 0.0999999
v 1.7 2.5 -0.5
v 1.7 2.5 -0.6
v 1.7 2.5 -0.7
v 1.7 2.6 0.2
v 1.7 2.6 0.0999999
v 1.7 2.6 -1.19209e-07
v 1.7 2.6 -0.1
v 1.7 2.6 -0.2
v 1.7 2.6 -0.3
v 1.7 2.6 -0.4
v 1.7 2.6 -0.5
v 1.7 2.6 -0.6
v 1.7 2.7 0.0999999
v 1.7 2.7 -1.19209e-07
v 1.7 2.7 -0.3
v 1.7 2.7 -0.4
v 1.7 2.7 -0.5
v 1.7 2.8 -0.2
v 1.7 2.8 -0.3
v 1.7 2.8 -0.4
v 1.7 2.9 -0.2
v 1.7 2.9 -0.3
v 1.8 2.4 0.2
v 1.8 2.4 0.0999999
v 1.8 2.4 -0.5
v 1.8 2.4 -0.6
v 1.8 2.5 0.2
v 1.8 2.5 0.0999999
v 1.8 2.5 -1.19209e-07
v 1.8 2.5 -0.4
v 1.8 2.5 -0.5
v 1.8 2.5 -0.6
v 1.8 2.6 0.0999999
v 1.8 2.6 -1.19209e-07
v 1.8 2.6 -0.1
v 1.8 2.6 -0.3
v 1.8 2.6 -0.4
v 1.8 2.6 -0.5
v 1.8 2.7 -1.19209e-07
v 1.8 2.7 -0.1
v 1.8 2.7 -0.2
v 1.8 2.7 -0.3
v 1.8 2.7 -0.4
v 1.8 2.8 -1.19209e-07
v 1.8 2.8 -0.1
v 1.8 2.8 -0.3
v 1.9 2.5 -0.1
v 1.9 2.5 -0.2
v 1.9 2.6 -0.1
v 1.9 2.6 -0.2
v 1.9 2.6 -0.3
v 1.9 2.7 -0.1
v 1.9 2.7 -0.2
v 1.9 2.7 -0.3
v 2 1.2 -2.9
v 2 1.2 -3
v 2 1.7 -2.9
v 2 1.7 -3
v 2 2.4 -0.1
v 2 2.4 -0.2
v 2 2.4 -0.3
v 2 2.4 -0.4
v 2 2.5 -0.1
v 2 2.5 -0.2
v 2 2.5 -0.3
v 2 2.5 -0.4
v 2 2.6 -0.2
v 2 2.6 -0.3
v 2 2.6 -0.4
v 2.1 2.4 -0.2
v 2.1 2.4 -0.3
v 2.1 2.5 -0.2
v 2.1 2.5 -0.3
v 2.1 3.6 0.0999999
v 2.1 3.6 -1.19209e-07
v 2.1 3.6 -1.5
v 2.1 3.6 -1.6
v 2.1 3.7 0.0999999
v 2.1 3.7 -1.6
v 2.2 1.3 1.5
v 2.2 1.3 1.4
v 2.2 1.8 1.5
v 2.2 1.8 1.4
v 2.2 3.5 0.2
v 2.2 3.5 0.0999999
v 2.2 3.5 -1.19209e-07
v 2.2 3.5 -1.5
v 2.2 3.5 -1.6
v 2.2 3.5 -1.7
v 2.2 3.6 0.2
v 2.2 3.6 -1.19209e-07
v 2.2 3.6 -1.5
v 2.2 3.6 -1.7
v 2.3 2.2 -1.6
v 2.3 2.2 -1.7
v 2.3 2.3 -1.6
v 2.3 2.3 -1.7
v 2.3 2.3 -1.8
v 2.3 2.4 -1.7
v 2.3 2.4 -1.8
v 2.3 3.4 0.3
v 2.3 3.4 0.2
v 2.3 3.4 0.0999999
v 2.3 3.4 -1.6
v 2.3 3.4 -1.7
v 2.3 3.4 -1.8
v 2.3 3.5 0.3
v 2.3 3.5 0.0999999
v 2.3 3.5 -1.6
v 2.3 3.5 -1.8
v 2.4 2.2 -0.8
v 2.4 2.2 -0.9
v 2.4 2.2 -1.7
v 2.4 2.2 -1.8
v 2.4 2.3 -0.9
v 2.4 2.3 -1
v 2.4 2.3 -1.7
v 2.4 2.3 -1.8
v 2.4 2.4 -0.7
v 2.4 2.4 -0.8
v 2.4 2.4 -0.9
v 2.4 2.5 -0.7
v 2.4 2.5 -0.8
v 2.4 2.5 -0.9
v 2.4 2.5 -1
v 2.4 2.6 -0.8
v 2.4 2.6 -0.9
v 2.4 3.3 0.4
v 2.4 3.3 0.3
v 2.4 3.3 0.2
v 2.4 3.3 -1.7
v 2.4 3.3 -1.8
v 2.4 3.3 -1.9
v 2.4 3.4 0.4
v 2.4 3.4 0.2
v 2.4 3.4 -1.7
v 2.4 3.4 -1.9
v 2.5 2.4 -0.8
v 2.5 2.4 -0.9
v 2.5 2.5 -0.8
v 2.5 2.5 -0.9
v 2.5 3.2 0.5
v 2.5 3.2 0.4
v 2.5 3.2 0.3
v 2.5 3.2 -1.8
v 2.5 3.2 -1.9
v 2.5 3.2 -2
v 2.5 3.3 0.5
v 2.5 3.3 0.3
v 2.5 3.3 -1.8
v 2.5 3.3 -2
v 2.6 3.1 0.6
v 2.6 3.1 0.5
v 2.6 3.1 0.4
v 2.6 3.1 -1.9
v 2.6 3.1 -2
v 2.6 3.1 -2.1
v 2.6 3.2 0.6
v 2.6 3.2 0.4
v 2.6 3.2 -1.9
v 2.6 3.2 -2.1
v 2.7 3 0.7
v 2.7 3 0.6
v 2.7 3 0.5
v 2.7 3 -2
v 2.7 3 -2.1
v 2.7 3 -2.2
v 2.7 3.1 0.7
v 2.7 3.1 0.5
v 2.7 3.1 -2
v 2.7 3.1 -2.2
v 2.8 2.2 -2.3
v 2.8 2.2 -2.4
v 2.8 2.3 -2.3
v 2.8 2.3 -2.4
v 2.8 2.9 0.8
v 2.8 2.9 0.7
v 2.8 2.9 0.6
v 2.8 2.9 -2.1
v 2.8 2.9 -2.2
v 2.8 2.9 -2.3
v 2.8 3 0.8
v 2.8 3 0.6
v 2.8 3 -2.1
v 2.8 3 -2.3
v 2.9 1.1 -2.9
v 2.9 1.1 -3
v 2.9 1.8 -2.9
v 2.9 1.8 -3
v 2.9 2.2 -2.2
v 2.9 2.2 -2.3
v 2.9 2.3 -2.2
v 2.9 2.3 -2.3
v 2.9 2.8 0.9
v 2.9 2.8 0.8
v 2.9 2.8 0.7
v 2.9 2.8 -2.2
v 2.9 2.8 -2.3
v 2.9 2.8 -2.4
v 2.9 2.9 0.9
v 2.9 2.9 0.7
v 2.9 2.9 -2.2
v 2.9 2.9 -2.4
v 3 1.2 1.5
v 3 1.2 1.4
v 3 1.9 1.5
v 3 1.9 1.4
v 3 2.7 1
v 3 2.7 0.9
v 3 2.7 0.8
v 3 2.7 -2.3
v 3 2.7 -2.4
v 3 2.7 -2.5
v 3 2.8 1
v 3 2.8 0.8
v 3 2.8 -2.3
v 3 2.8 -2.5
v 3.1 2.6 1.1
v 3.1 2.6 1
v 3.1 2.6 0.9
v 3.1 2.6 -2.4
v 3.1 2.6 -2.5
v 3.1 2.6 -2.6
v 3.1 2.7 1.1
v 3.1 2.7 0.9
v 3.1 2.7 -2.4
v 3.1 2.7 -2.6
v 3.2 2.5 1.2
v 3.2 2.5 1.1
v 3.2 2.5 1
v 3.2 2.5 -2.5
v 3.2 2.5 -2.6
v 3.2 2.5 -2.7
v 3.2 2.6 1.2
v 3.2 2.6 1
v 3.2 2.6 -2.5
v 3.2 2.6 -2.7
v 3.3 2.4 1.3
v 3.3 2.4 1.2
v 3.3 2.4 1.1
v 3.3 2.4 -2.6
v 3.3 2.4 -2.7
v 3.3 2.4 -2.8
v 3.3 2.5 1.3
v 3.3 2.5 1.1
v 3.3 2.5 -2.6
v 3.3 2.5 -2.8
v 3.4 0 1.4
v 3.4 0 -2.9
v 3.4 0.2 1.2
v 3.4 0.2 -2.7
v 3.4 0.4 1.2
v 3.4 0.4 -2.7
v 3.4 0.6 -0.3
v 3.4 0.6 -1.2
v 3.4 0.7 -0.4
v 3.4 0.7 -1.1
v 3.4 0.8 -0.3
v 3.4 0.8 -0.4
v 3.4 0.8 -1.1
v 3.4 0.8 -1.2
v 3.4 1 0.7
v 3.4 1 0.4
v 3.4 1 -1.5
v 3.4 1 -2.5
v 3.4 1.1 0.6
v 3.4 1.1 0.5
v 3.4 1.1 -1.6
v 3.4 1.1 -2.4
v 3.4 1.2 -1.6
v 3.4 1.2 -2.4
v 3.4 1.3 0.6
v 3.4 1.3 0.5
v 3.4 1.3 -1.6
v 3.4 1.3 -2.4
v 3.4 1.4 0.7
v 3.4 1.4 0.4
v 3.4 1.4 -1.6
v 3.4 1.4 -2.4
v 3.4 1.5 -1.6
v 3.4 1.5 -2.4
v 3.4 1.6 -1.6
v 3.4 1.6 -2.4
v 3.4 1.7 -1.5
v 3.4 1.7 -2.5
v 3.4 2.3 1.2
v 3.4 2.3 -2.7
v 3.4 2.4 1.4
v 3.4 2.4 1.2
v 3.4 2.4 -2.7
v 3.4 2.4 -2.9
v 3.5 0.6 -0.3
v 3.5 0.6 -1.2
v 3.5 0.7 -0.4
v 3.5 0.7 -1.1
v 3.5 0.8 -0.3
v 3.5 0.8 -0.4
v 3.5 0.8 -1.1
v 3.5 0.8 -1.2
v 3.5 1 0.7
v 3.5 1 0.4
v 3.5 1.1 0.6
v 3.5 1.1 0.5
v 3.5 1.3 0.6
v 3.5 1.3 0.5
v 3.5 1.4 0.7
v 3.5 1.4 0.4
v 2.1 1.2 1.5
v 2.1 1.9 1.5
v 2.2 1.3 1.5
v 2.2 1.8 1.5
v 2.9 1.3 1.5
v 2.9 1.8 1.5
v 3 1.2 1.5
v 3 1.9 1.5
v -3.3 0 1.4
v -3.3 2.4 1.4
v -3.1 2.3 1.4
v -3.1 2.4 1.4
v -3 0.2 1.4
v -3 0.4 1.4
v -2.7 1 1.4
v -2.7 1.1 1.4
v -2.7 1.2 1.4
v -2.7 1.3 1.4
v -2.7 1.4 1.4
v -2.7 1.5 1.4
v -2.7 1.6 1.4
v -2.7 1.7 1.4
v -2.4 1 1.4
v -2.4 1.1 1.4
v -2 1.4 1.4
v -2 1.5 1.4
v -1.8 1.2 1.4
v -1.8 1.3 1.4
v -1.6 1.6 1.4
v -1.6 1.7 1.4
v -1 1 1.4
v -1 1.2 1.4
v 1.2 1 1.4
v 1.2 1.2 1.4
v 1.7 1 1.4
v 1.7 1.1 1.4
v 2.1 1.2 1.4
v 2.1 1.9 1.4
v 2.2 0.6 1.4
v 2.2 0.7 1.4
v 2.2 1.3 1.4
v 2.2 1.8 1.4
v 2.3 0.8 1.4
v 2.3 0.9 1.4
v 2.3 1.4 1.4
v 2.3 1.5 1.4
v 2.3 1.6 1.4
v 2.3 1.7 1.4
v 2.6 1.4 1.4
v 2.6 1.5 1.4
v 2.8 1.6 1.4
v 2.8 1.7 1.4
v 2.9 0.6 1.4
v 2.9 0.7 1.4
v 2.9 0.8 1.4
v 2.9 0.9 1.4
v 2.9 1 1.4
v 2.9 1.1 1.4
v 2.9 1.3 1.4
v 2.9 1.8 1.4
v 3 1.2 1.4
v 3 1.9 1.4
v 3.1 0.2 1.4
v 3.1 0.4 1.4
v 3.2 2.3 1.4
v 3.2 2.4 1.4
v 3.4 0 1.4
v 3.4 2.4 1.4
v -3.2 2.4 1.3
v -3.2 2.5 1.3
v -3.1 2.4 1.3
v -3 2.4 1.3
v -3 2.5 1.3
v 3.1 2.4 1.3
v 3.1 2.5 1.3
v 3.2 2.4 1.3
v 3.3 2.4 1.3
v 3.3 2.5 1.3
v -3.1 2.5 1.2
v -3.1 2.6 1.2
v -3 2.5 1.2
v -2.9 2.5 1.2
v -2.9 2.6 1.2
v 3 2.5 1.2
v 3 2.6 1.2
v 3.1 2.5 1.2
v 3.2 2.5 1.2
v 3.2 2.6 1.2
v -3 2.6 1.1
v -3 2.7 1.1
v -2.9 2.6 1.1
v -2.8 2.6 1.1
v -2.8 2.7 1.1
v 2.9 2.6 1.1
v 2.9 2.7 1.1
v 3 2.6 1.1
v 3.1 2.6 1.1
v 3.1 2.7 1.1
v -2.9 2.7 1
v -2.9 2.8 1
v -2.8 2.7 1
v -2.7 2.7 1
v -2.7 2.8 1
v 2.8 2.7 1
v 2.8 2.8 1
v 2.9 2.7 1
v 3 2.7 1
v 3 2.8 1
v -2.8 2.8 0.9
v -2.8 2.9 0.9
v -2.7 2.8 0.9
v -2.6 2.8 0.9
v -2.6 2.9 0.9
v 2.7 2.8 0.9
v 2.7 2.9 0.9
v 2.8 2.8 0.9
v 2.9 2.8 0.9
v 2.9 2.9 0.9
v -2.7 2.9 0.8
v -2.7 3 0.8
v -2.6 2.9 0.8
v -2.5 2.9 0.8
v -2.5 3 0.8
v 2.6 2.9 0.8
v 2.6 3 0.8
v 2.7 2.9 0.8
v 2.8 2.9 0.8
v 2.8 3 0.8
v -2.6 3 0.7
v -2.6 3.1 0.7
v -2.5 3 0.7
v -2.4 3 0.7
v -2.4 3.1 0.7
v 1.5 2.2 0.7
v 1.5 2.3 0.7
v 1.6 2.2 0.7
v 1.6 2.3 0.7
v 2.5 3 0.7
v 2.5 3.1 0.7
v 2.6 3 0.7
v 2.7 3 0.7
v 2.7 3.1 0.7
v 3.4 1 0.7
v 3.4 1.4 0.7
v 3.5 1 0.7
v 3.5 1.4 0.7
v -2.5 3.1 0.6
v -2.5 3.2 0.6
v -2.4 3.1 0.6
v -2.3 3.1 0.6
v -2.3 3.2 0.6
v -0.6 2.2 0.6
v -0.6 2.5 0.6
v -0.5 2.2 0.6
v -0.5 2.5 0.6
v -0.0999999 2.2 0.6
v -0.0999999 2.3 0.6
v 0 2.2 0.6
v 0 2.3 0.6
v 2.4 3.1 0.6
v 2.4 3.2 0.6
v 2.5 3.1 0.6
v 2.6 3.1 0.6
v 2.6 3.2 0.6
v -2.4 3.2 0.5
v -2.4 3.3 0.5
v -2.3 3.2 0.5
v -2.2 3.2 0.5
v -2.2 3.3 0.5
v -1.3 2.2 0.5
v -1.3 2.3 0.5
v -1.2 2.2 0.5
v -1.2 2.3 0.5
v -0.6 2.5 0.5
v -0.6 2.6 0.5
v -0.5 2.5 0.5
v -0.5 2.6 0.5
v 2.3 3.2 0.5
v 2.3 3.3 0.5
v 2.4 3.2 0.5
v 2.5 3.2 0.5
v 2.5 3.3 0.5
v 3.4 1.1 0.5
v 3.4 1.3 0.5
v 3.5 1.1 0.5
v 3.5 1.3 0.5
v -2.3 3.3 0.4
v -2.3 3.4 0.4
v -2.2 2.2 0.4
v -2.2 2.3 0.4
v -2.2 3.3 0.4
v -2.1 2.2 0.4
v -2.1 2.3 0.4
v -2.1 3.3 0.4
v -2.1 3.4 0.4
v 0.6 2.2 0.4
v 0.6 2.3 0.4
v 0.7 2.2 0.4
v 0.7 2.3 0.4
v 2.2 3.3 0.4
v 2.2 3.4 0.4
v 2.3 3.3 0.4
v 2.4 3.3 0.4
v 2.4 3.4 0.4
v -2.3 2.2 0.3
v -2.3 2.3 0.3
v -2.2 2.2 0.3
v -2.2 2.3 0.3
v -2.2 3.4 0.3
v -2.2 3.5 0.3
v -2.1 3.4 0.3
v -2 3.4 0.3
v -2 3.5 0.3
v 0.7 2.2 0.3
v 0.7 2.3 0.3
v 0.8 2.2 0.3
v 0.8 2.3 0.3
v 1.6 2.4 0.3
v 1.6 2.5 0.3
v 1.7 2.4 0.3
v 1.7 2.5 0.3
v 2.1 3.4 0.3
v 2.1 3.5 0.3
v 2.2 3.4 0.3
v 2.3 3.4 0.3
v 2.3 3.5 0.3
v -2.1 3.5 0.2
v -2.1 3.6 0.2
v -2 3.5 0.2
v -1.9 3.5 0.2
v -1.9 3.6 0.2
v 1.5 2.4 0.2
v 1.5 2.5 0.2
v 1.6 2.4 0.2
v 1.6 2.5 0.2
v 1.6 2.6 0.2
v 1.7 2.4 0.2
v 1.7 2.5 0.2
v 1.7 2.6 0.2
v 1.8 2.4 0.2
v 1.8 2.5 0.2
v 2 3.5 0.2
v 2 3.6 0.2
v 2.1 3.5 0.2
v 2.2 3.5 0.2
v 2.2 3.6 0.2
v -2 3.6 0.0999999
v -2 3.7 0.0999999
v -1.9 3.6 0.0999999
v -1.7 2.2 0.0999999
v -1.7 2.3 0.0999999
v -1.5 2.2 0.0999999
v -1.5 2.3 0.0999999
v -1.1 2.2 0.0999999
v -1.1 2.3 0.0999999
v -0.9 2.2 0.0999999
v -0.9 2.3 0.0999999
v 0.3 2.6 0.0999999
v 0.3 2.7 0.0999999
v 0.3 2.8 0.0999999
v 0.4 2.6 0.0999999
v 0.4 2.7 0.0999999
v 0.4 2.8 0.0999999
v 1.5 2.5 0.0999999
v 1.5 2.6 0.0999999
v 1.6 2.5 0.0999999
v 1.6 2.6 0.0999999
v 1.6 2.7 0.0999999
v 1.7 2.5 0.0999999
v 1.7 2.6 0.0999999
v 1.7 2.7 0.0999999
v 1.8 2.5 0.0999999
v 1.8 2.6 0.0999999
v 2 3.6 0.0999999
v 2.1 3.6 0.0999999
v 2.1 3.7 0.0999999
v -0.3 2.3 -1.19209e-07
v -0.3 2.4 -1.19209e-07
v -0.2 2.3 -1.19209e-07
v -0.2 2.4 -1.19209e-07
v 0.3 2.8 -1.19209e-07
v 0.3 2.9 -1.19209e-07
v 0.4 2.8 -1.19209e-07
v 0.4 2.9 -1.19209e-07
v 1.5 2.6 -1.19209e-07
v 1.5 2.7 -1.19209e-07
v 1.6 2.6 -1.19209e-07
v 1.6 2.7 -1.19209e-07
v 1.6 2.8 -1.19209e-07
v 1.7 2.6 -1.19209e-07
v 1.7 2.7 -1.19209e-07
v 1.7 2.8 -1.19209e-07
v 1.8 2.6 -1.19209e-07
v 1.8 2.7 -1.19209e-07
v 1.8 2.8 -1.19209e-07
v -0.4 2.3 -0.1
v -0.4 2.4 -0.1
v -0.3 2.3 -0.1
v -0.3 2.4 -0.1
v -0.3 2.5 -0.1
v -0.2 2.3 -0.1
v -0.2 2.4 -0.1
v -0.2 2.5 -0.1
v -0.0999999 2.3 -0.1
v -0.0999999 2.4 -0.1
v -0.0999999 2.5 -0.1
v 0.3 3.1 -0.1
v 0.3 3.2 -0.1
v 0.4 3.1 -0.1
v 0.4 3.2 -0.1
v 1.3 2.4 -0.1
v 1.3 2.5 -0.1
v 1.3 2.6 -0.1
v 1.4 2.4 -0.1
v 1.4 2.5 -0.1
v 1.4 2.6 -0.1
v 1.4 2.7 -0.1
v 1.5 2.5 -0.1
v 1.5 2.6 -0.1
v 1.5 2.7 -0.1
v 1.5 2.8 -0.1
v 1.6 2.4 -0.1
v 1.6 2.6 -0.1
v 1.6 2.7 -0.1
v 1.6 2.8 -0.1
v 1.7 2.4 -0.1
v 1.7 2.6 -0.1
v 1.7 2.7 -0.1
v 1.8 2.5 -0.1
v 1.8 2.6 -0.1
v 1.8 2.7 -0.1
v 1.9 2.4 -0.1
v 1.9 2.5 -0.1
v 1.9 2.6 -0.1
v 1.9 2.7 -0.1
v 2 2.4 -0.1
v 2 2.5 -0.1
v -1.5 2.6 -0.2
v -1.5 2.7 -0.2
v -1.4 2.6 -0.2
v -1.4 2.7 -0.2
v -0.5 2.3 -0.2
v -0.5 2.4 -0.2
v -0.4 2.3 -0.2
v -0.4 2.4 -0.2
v -0.4 2.5 -0.2
v -0.3 2.2 -0.2
v -0.3 2.3 -0.2
v -0.3 2.4 -0.2
v -0.3 2.5 -0.2
v -0.3 2.6 -0.2
v -0.2 2.2 -0.2
v -0.2 2.3 -0.2
v -0.2 2.5 -0.2
v -0.2 2.6 -0.2
v -0.0999999 2.3 -0.2
v -0.0999999 2.4 -0.2
v 0 2.3 -0.2
v 0 2.4 -0.2
v 0 2.6 -0.2
v 0 2.7 -0.2
v 0 2.8 -0.2
v 0.1 2.6 -0.2
v 0.1 2.7 -0.2
v 0.1 2.8 -0.2
v 0.1 2.9 -0.2
v 0.2 2.7 -0.2
v 0.2 2.8 -0.2
v 0.2 3.1 -0.2
v 0.2 3.2 -0.2
v 0.3 2.2 -0.2
v 0.3 2.7 -0.2
v 0.3 2.8 -0.2
v 0.3 2.9 -0.2
v 0.3 3.1 -0.2
v 0.3 3.2 -0.2
v 0.3 3.3 -0.2
v 0.4 2.2 -0.2
v 0.4 2.7 -0.2
v 0.4 2.8 -0.2
v 0.4 2.9 -0.2
v 0.4 3.1 -0.2
v 0.4 3.2 -0.2
v 0.4 3.3 -0.2
v 0.5 2.7 -0.2
v 0.5 2.8 -0.2
v 0.5 3.1 -0.2
v 0.5 3.2 -0.2
v 0.6 2.8 -0.2
v 0.6 2.9 -0.2
v 0.7 2.7 -0.2
v 0.7 2.8 -0.2
v 1.2 2.4 -0.2
v 1.2 2.5 -0.2
v 1.3 2.4 -0.2
v 1.3 2.5 -0.2
v 1.6 2.2 -0.2
v 1.6 2.4 -0.2
v 1.6 2.8 -0.2
v 1.6 2.9 -0.2
v 1.7 2.2 -0.2
v 1.7 2.4 -0.2
v 1.7 2.8 -0.2
v 1.7 2.9 -0.2
v 1.9 2.5 -0.2
v 1.9 2.6 -0.2
v 2 2.4 -0.2
v 2 2.5 -0.2
v 2 2.6 -0.2
v 2.1 2.4 -0.2
v 2.1 2.5 -0.2
v -2 2.3 -0.3
v -2 2.4 -0.3
v -2 2.5 -0.3
v -2 2.6 -0.3
v -2 2.7 -0.3
v -2 2.8 -0.3
v -1.9 2.3 -0.3
v -1.9 2.4 -0.3
v -1.9 2.5 -0.3
v -1.9 2.6 -0.3
v -1.9 2.7 -0.3
v -1.9 2.8 -0.3
v -1.5 2.2 -0.3
v -1.5 2.6 -0.3
v -1.5 2.7 -0.3
v -1.5 2.8 -0.3
v -1.4 2.2 -0.3
v -1.4 2.3 -0.3
v -1.4 2.4 -0.3
v -1.4 2.6 -0.3
v -1.4 2.7 -0.3
v -1.4 2.8 -0.3
v -1.3 2.3 -0.3
v -1.3 2.4 -0.3
v -1.3 2.6 -0.3
v -1.3 2.7 -0.3
v 0.6 2.2 -0.3
v 0.6 2.3 -0.3
v 0.7 2.2 -0.3
v 0.7 2.3 -0.3
v 3.4 0.6 -0.3
v 3.4 0.8 -0.3
v 3.5 0.6 -0.3
v 3.5 0.8 -0.3
v -2.1 2.3 -0.4
v -2.1 2.4 -0.4
v -2.1 2.6 -0.4
v -2.1 2.7 -0.4
v -2 2.2 -0.4
v -2 2.3 -0.4
v -2 2.4 -0.4
v -2 2.5 -0.4
v -2 2.6 -0.4
v -2 2.7 -0.4
v -2 2.8 -0.4
v -2 2.9 -0.4
v -1.9 2.2 -0.4
v -1.9 2.3 -0.4
v -1.9 2.4 -0.4
v -1.9 2.5 -0.4
v -1.9 2.6 -0.4
v -1.9 2.7 -0.4
v -1.9 2.8 -0.4
v -1.9 2.9 -0.4
v -1.8 2.2 -0.4
v -1.8 2.3 -0.4
v -1.8 2.4 -0.4
v -1.8 2.6 -0.4
v -1.8 2.7 -0.4
v 0.3 2.7 -0.4
v 0.3 2.8 -0.4
v 0.4 2.7 -0.4
v 0.4 2.8 -0.4
v 1.5 2.5 -0.4
v 1.5 2.6 -0.4
v 1.8 2.5 -0.4
v 1.8 2.6 -0.4
v 1.5 2.4 -0.5
v 1.5 2.5 -0.5
v 1.8 2.4 -0.5
v 1.8 2.5 -0.5
v -1.1 2.3 -0.6
v -1.1 2.4 -0.6
v -1 2.3 -0.6
v -1 2.4 -0.6
v 1.6 2.3 -0.6
v 1.6 2.4 -0.6
v 1.7 2.3 -0.6
v 1.7 2.4 -0.6
v -1.2 2.3 -0.7
v -1.2 2.4 -0.7
v -1.1 2.3 -0.7
v -1.1 2.4 -0.7
v -1.1 2.5 -0.7
v -1 2.3 -0.7
v -1 2.4 -0.7
v -1 2.5 -0.7
v -0.9 2.3 -0.7
v -0.9 2.4 -0.7
v -0.9 2.5 -0.7
v 2.3 2.4 -0.7
v 2.3 2.5 -0.7
v 2.4 2.4 -0.7
v 2.4 2.5 -0.7
v -1.3 2.3 -0.8
v -1.3 2.4 -0.8
v -1.2 2.3 -0.8
v -1.2 2.4 -0.8
v -1.2 2.5 -0.8
v -1.1 2.2 -0.8
v -1.1 2.3 -0.8
v -1.1 2.4 -0.8
v -1.1 2.5 -0.8
v -1.1 2.6 -0.8
v -1 2.2 -0.8
v -1 2.3 -0.8
v -1 2.5 -0.8
v -1 2.6 -0.8
v -0.9 2.3 -0.8
v -0.9 2.4 -0.8
v -0.8 2.3 -0.8
v -0.8 2.4 -0.8
v 0.1 2.4 -0.8
v 0.1 2.5 -0.8
v 0.2 2.4 -0.8
v 0.2 2.5 -0.8
v 2.2 2.3 -0.8
v 2.2 2.4 -0.8
v 2.3 2.2 -0.8
v 2.3 2.3 -0.8
v 2.3 2.4 -0.8
v 2.3 2.5 -0.8
v 2.3 2.6 -0.8
v 2.4 2.2 -0.8
v 2.4 2.4 -0.8
v 2.4 2.5 -0.8
v 2.4 2.6 -0.8
v 2.5 2.4 -0.8
v 2.5 2.5 -0.8
v 0 2.4 -0.9
v 0 2.5 -0.9
v 0.1 2.4 -0.9
v 0.1 2.5 -0.9
v 0.1 2.6 -0.9
v 0.2 2.4 -0.9
v 0.2 2.5 -0.9
v 0.2 2.6 -0.9
v 0.3 2.4 -0.9
v 0.3 2.5 -0.9
v 1.5 2.2 -0.9
v 1.5 2.3 -0.9
v 1.6 2.2 -0.9
v 1.6 2.3 -0.9
v 0 2.5 -1
v 0 2.6 -1
v 0.1 2.5 -1
v 0.1 2.6 -1
v 0.1 2.7 -1
v 0.2 2.5 -1
v 0.2 2.6 -1
v 0.2 2.7 -1
v 0.3 2.5 -1
v 0.3 2.6 -1
v 0.9 2.2 -1
v 0.9 2.3 -1
v 1.1 2.2 -1
v 1.1 2.3 -1
v -0.9 2.7 -1.1
v -0.9 2.8 -1.1
v -0.8 2.7 -1.1
v -0.8 2.8 -1.1
v 0 2.6 -1.1
v 0 2.7 -1.1
v 0.1 2.6 -1.1
v 0.1 2.7 -1.1
v 0.1 2.8 -1.1
v 0.2 2.6 -1.1
v 0.2 2.7 -1.1
v 0.2 2.8 -1.1
v 0.3 2.6 -1.1
v 0.3 2.7 -1.1
v 0.3 2.8 -1.1
v 3.4 0.7 -1.1
v 3.4 0.8 -1.1
v 3.5 0.7 -1.1
v 3.5 0.8 -1.1
v -2.3 2.2 -1.2
v -2.3 2.3 -1.2
v -2.2 2.2 -1.2
v -2.2 2.3 -1.2
v -0.9 2.6 -1.2
v -0.9 2.7 -1.2
v -0.8 2.7 -1.2
v -0.7 2.6 -1.2
v -0.7 2.7 -1.2
v -0.2 2.4 -1.2
v -0.2 2.5 -1.2
v -0.2 2.6 -1.2
v -0.0999999 2.4 -1.2
v -0.0999999 2.5 -1.2
v -0.0999999 2.6 -1.2
v -0.0999999 2.7 -1.2
v 0 2.5 -1.2
v 0 2.6 -1.2
v 0 2.7 -1.2
v 0 2.8 -1.2
v 0.1 2.4 -1.2
v 0.1 2.6 -1.2
v 0.1 2.7 -1.2
v 0.1 2.8 -1.2
v 0.2 2.4 -1.2
v 0.2 2.6 -1.2
v 0.2 2.7 -1.2
v 0.3 2.5 -1.2
v 0.3 2.6 -1.2
v 0.3 2.7 -1.2
v 0.4 2.4 -1.2
v 0.4 2.5 -1.2
v 0.4 2.6 -1.2
v 0.4 2.7 -1.2
v 0.5 2.4 -1.2
v 0.5 2.5 -1.2
v -0.8 2.5 -1.3
v -0.8 2.6 -1.3
v -0.7 2.5 -1.3
v -0.7 2.6 -1.3
v -0.3 2.4 -1.3
v -0.3 2.5 -1.3
v -0.2 2.4 -1.3
v -0.2 2.5 -1.3
v 0.1 2.2 -1.3
v 0.1 2.4 -1.3
v 0.1 2.8 -1.3
v 0.1 2.9 -1.3
v 0.2 2.2 -1.3
v 0.2 2.4 -1.3
v 0.2 2.8 -1.3
v 0.2 2.9 -1.3
v 0.4 2.5 -1.3
v 0.4 2.6 -1.3
v 0.5 2.4 -1.3
v 0.5 2.5 -1.3
v 0.5 2.6 -1.3
v 0.6 2.4 -1.3
v 0.6 2.5 -1.3
v -0.9 2.5 -1.4
v -0.9 2.6 -1.4
v -0.8 2.2 -1.4
v -0.8 2.5 -1.4
v -0.8 2.6 -1.4
v -0.7 2.2 -1.4
v -0.7 2.5 -1.4
v -0.7 2.6 -1.4
v -0.6 2.5 -1.4
v -0.6 2.6 -1.4
v -3.4 0.8 -1.5
v -3.4 1.5 -1.5
v -3.3 0.8 -1.5
v -3.3 1.5 -1.5
v -2.1 3.5 -1.5
v -2.1 3.6 -1.5
v -2 3.6 -1.5
v -1.9 3.5 -1.5
v -1.9 3.6 -1.5
v -1.8 3.6 -1.5
v -1.8 3.7 -1.5
v -1 2.6 -1.5
v -1 2.7 -1.5
v -0.9 2.6 -1.5
v -0.8 2.6 -1.5
v -0.8 2.7 -1.5
v -0.7 2.6 -1.5
v -0.7 2.7 -1.5
v -0.6 2.6 -1.5
v -0.5 2.6 -1.5
v -0.5 2.7 -1.5
v 0 2.5 -1.5
v 0 2.6 -1.5
v 0.3 2.5 -1.5
v 0.3 2.6 -1.5
v 0.8 2.4 -1.5
v 0.8 2.5 -1.5
v 0.9 2.4 -1.5
v 0.9 2.5 -1.5
v 1.4 2.3 -1.5
v 1.4 2.4 -1.5
v 1.4 2.5 -1.5
v 1.4 2.6 -1.5
v 1.4 2.7 -1.5
v 1.4 2.8 -1.5
v 1.5 2.3 -1.5
v 1.5 2.4 -1.5
v 1.5 2.5 -1.5
v 1.5 2.6 -1.5
v 1.5 2.7 -1.5
v 1.5 2.8 -1.5
v 1.9 3.6 -1.5
v 1.9 3.7 -1.5
v 2 3.5 -1.5
v 2 3.6 -1.5
v 2.1 3.6 -1.5
v 2.2 3.5 -1.5
v 2.2 3.6 -1.5
v -2.2 3.4 -1.6
v -2.2 3.5 -1.6
v -2.1 3.5 -1.6
v -2 3.4 -1.6
v -2 3.5 -1.6
v -1 2.7 -1.6
v -1 2.8 -1.6
v -0.9 2.7 -1.6
v -0.9 2.8 -1.6
v -0.5 2.6 -1.6
v -0.5 2.7 -1.6
v -0.5 2.8 -1.6
v -0.4 2.6 -1.6
v -0.4 2.8 -1.6
v 0 2.4 -1.6
v 0 2.5 -1.6
v 0.3 2.4 -1.6
v 0.3 2.5 -1.6
v 0.7 2.4 -1.6
v 0.7 2.5 -1.6
v 0.8 2.2 -1.6
v 0.8 2.4 -1.6
v 0.8 2.5 -1.6
v 0.8 2.6 -1.6
v 0.9 2.2 -1.6
v 0.9 2.4 -1.6
v 0.9 2.5 -1.6
v 0.9 2.6 -1.6
v 1 2.4 -1.6
v 1 2.5 -1.6
v 1.3 2.3 -1.6
v 1.3 2.4 -1.6
v 1.3 2.6 -1.6
v 1.3 2.7 -1.6
v 1.4 2.2 -1.6
v 1.4 2.3 -1.6
v 1.4 2.4 -1.6
v 1.4 2.5 -1.6
v 1.4 2.6 -1.6
v 1.4 2.7 -1.6
v 1.4 2.8 -1.6
v 1.4 2.9 -1.6
v 1.5 2.2 -1.6
v 1.5 2.3 -1.6
v 1.5 2.4 -1.6
v 1.5 2.5 -1.6
v 1.5 2.6 -1.6
v 1.5 2.7 -1.6
v 1.5 2.8 -1.6
v 1.5 2.9 -1.6
v 1.6 2.2 -1.6
v 1.6 2.3 -1.6
v 1.6 2.4 -1.6
v 1.6 2.6 -1.6
v 1.6 2.7 -1.6
v 2.1 3.4 -1.6
v 2.1 3.5 -1.6
v 2.2 2.2 -1.6
v 2.2 2.3 -1.6
v 2.2 3.5 -1.6
v 2.3 2.2 -1.6
v 2.3 2.3 -1.6
v 2.3 3.4 -1.6
v 2.3 3.5 -1.6
v -3.4 0.9 -1.7
v -3.4 1.1 -1.7
v -3.3 0.9 -1.7
v -3.3 1.1 -1.7
v -2.3 3.3 -1.7
v -2.3 3.4 -1.7
v -2.2 3.4 -1.7
v -2.1 3.3 -1.7
v -2.1 3.4 -1.7
v 0.1 2.3 -1.7
v 0.1 2.4 -1.7
v 0.2 2.3 -1.7
v 0.2 2.4 -1.7
v 2.2 2.3 -1.7
v 2.2 2.4 -1.7
v 2.2 3.3 -1.7
v 2.2 3.4 -1.7
v 2.3 2.2 -1.7
v 2.3 2.3 -1.7
v 2.3 2.4 -1.7
v 2.3 3.4 -1.7
v 2.4 2.2 -1.7
v 2.4 2.3 -1.7
v 2.4 3.3 -1.7
v 2.4 3.4 -1.7
v -3.4 1.2 -1.8
v -3.4 1.4 -1.8
v -3.3 1.2 -1.8
v -3.3 1.4 -1.8
v -2.4 3.2 -1.8
v -2.4 3.3 -1.8
v -2.3 3.3 -1.8
v -2.2 3.2 -1.8
v -2.2 3.3 -1.8
v -1.7 2.2 -1.8
v -1.7 2.3 -1.8
v -1.6 2.2 -1.8
v -1.6 2.3 -1.8
v 2.3 3.2 -1.8
v 2.3 3.3 -1.8
v 2.4 3.3 -1.8
v 2.5 3.2 -1.8
v 2.5 3.3 -1.8
v -2.5 3.1 -1.9
v -2.5 3.2 -1.9
v -2.4 3.2 -1.9
v -2.3 3.1 -1.9
v -2.3 3.2 -1.9
v -0.8 2.2 -1.9
v -0.8 2.3 -1.9
v -0.6 2.2 -1.9
v -0.6 2.3 -1.9
v 2.4 3.1 -1.9
v 2.4 3.2 -1.9
v 2.5 3.2 -1.9
v 2.6 3.1 -1.9
v 2.6 3.2 -1.9
v -3.4 0.9 -2
v -3.4 1.1 -2
v -3.4 1.2 -2
v -3.4 1.4 -2
v -3.3 0.9 -2
v -3.3 1.1 -2
v -3.3 1.2 -2
v -3.3 1.4 -2
v -2.6 3 -2
v -2.6 3.1 -2
v -2.5 3.1 -2
v -2.4 3 -2
v -2.4 3.1 -2
v 0.9 2.2 -2
v 0.9 2.3 -2
v 1.1 2.2 -2
v 1.1 2.3 -2
v 2.5 3 -2
v 2.5 3.1 -2
v 2.6 3.1 -2
v 2.7 3 -2
v 2.7 3.1 -2
v -2.7 2.9 -2.1
v -2.7 3 -2.1
v -2.6 2.2 -2.1
v -2.6 2.3 -2.1
v -2.6 3 -2.1
v -2.5 2.9 -2.1
v -2.5 3 -2.1
v -2.3 2.2 -2.1
v -2.3 2.3 -2.1
v 2.6 2.9 -2.1
v 2.6 3 -2.1
v 2.7 3 -2.1
v 2.8 2.9 -2.1
v 2.8 3 -2.1
v -2.8 2.8 -2.2
v -2.8 2.9 -2.2
v -2.7 2.9 -2.2
v -2.6 2.8 -2.2
v -2.6 2.9 -2.2
v -2.3 2.2 -2.2
v -2.3 2.3 -2.2
v -2.2 2.2 -2.2
v -2.2 2.3 -2.2
v 2.7 2.2 -2.2
v 2.7 2.3 -2.2
v 2.7 2.8 -2.2
v 2.7 2.9 -2.2
v 2.8 2.9 -2.2
v 2.9 2.2 -2.2
v 2.9 2.3 -2.2
v 2.9 2.8 -2.2
v 2.9 2.9 -2.2
v -2.9 2.7 -2.3
v -2.9 2.8 -2.3
v -2.8 2.8 -2.3
v -2.7 2.7 -2.3
v -2.7 2.8 -2.3
v 2.8 2.7 -2.3
v 2.8 2.8 -2.3
v 2.9 2.8 -2.3
v 3 2.7 -2.3
v 3 2.8 -2.3
v -3 2.6 -2.4
v -3 2.7 -2.4
v -2.9 2.7 -2.4
v -2.8 2.6 -2.4
v -2.8 2.7 -2.4
v 2.9 2.6 -2.4
v 2.9 2.7 -2.4
v 3 2.7 -2.4
v 3.1 2.6 -2.4
v 3.1 2.7 -2.4
v -3.1 2.5 -2.5
v -3.1 2.6 -2.5
v -3 2.6 -2.5
v -2.9 2.5 -2.5
v -2.9 2.6 -2.5
v 3 2.5 -2.5
v 3 2.6 -2.5
v 3.1 2.6 -2.5
v 3.2 2.5 -2.5
v 3.2 2.6 -2.5
v -3.2 2.4 -2.6
v -3.2 2.5 -2.6
v -3.1 2.5 -2.6
v -3 2.4 -2.6
v -3 2.5 -2.6
v 3.1 2.4 -2.6
v 3.1 2.5 -2.6
v 3.2 2.5 -2.6
v 3.3 2.4 -2.6
v 3.3 2.5 -2.6
v -3.3 2.3 -2.7
v -3.3 2.4 -2.7
v -3.2 2.3 -2.7
v -3.2 2.4 -2.7
v -3.1 2.3 -2.7
v -3.1 2.4 -2.7
v 3.2 2.3 -2.7
v 3.2 2.4 -2.7
v 3.3 2.3 -2.7
v 3.3 2.4 -2.7
v 3.4 2.3 -2.7
v 3.4 2.4 -2.7
v -3.2 2.2 -2.8
v -3.2 2.3 -2.8
v -3.1 2.3 -2.8
v 3.2 2.3 -2.8
v 3.3 2.2 -2.8
v 3.3 2.3 -2.8
v -3.2 2.2 1.3
v -3.2 2.3 1.3
v -3.1 2.3 1.3
v 3.2 2.3 1.3
v 3.3 2.2 1.3
v 3.3 2.3 1.3
v -3.3 2.3 1.2
v -3.3 2.4 1.2
v -3.2 2.3 1.2
v -3.2 2.4 1.2
v -3.1 2.3 1.2
v -3.1 2.4 1.2
v 3.2 2.3 1.2
v 3.2 2.4 1.2
v 3.3 2.3 1.2
v 3.3 2.4 1.2
v 3.4 2.3 1.2
v 3.4 2.4 1.2
v -3.2 2.4 1.1
v -3.2 2.5 1.1
v -3.1 2.5 1.1
v -3 2.4 1.1
v -3 2.5 1.1
v 3.1 2.4 1.1
v 3.1 2.5 1.1
v 3.2 2.5 1.1
v 3.3 2.4 1.1
v 3.3 2.5 1.1
v -3.1 2.5 1
v -3.1 2.6 1
v -3 2.6 1
v -2.9 2.5 1
v -2.9 2.6 1
v 3 2.5 1
v 3 2.6 1
v 3.1 2.6 1
v 3.2 2.5 1
v 3.2 2.6 1
v -3 2.6 0.9
v -3 2.7 0.9
v -2.9 2.7 0.9
v -2.8 2.6 0.9
v -2.8 2.7 0.9
v 2.9 2.6 0.9
v 2.9 2.7 0.9
v 3 2.7 0.9
v 3.1 2.6 0.9
v 3.1 2.7 0.9
v -2.9 2.7 0.8
v -2.9 2.8 0.8
v -2.8 2.8 0.8
v -2.7 2.7 0.8
v -2.7 2.8 0.8
v 2.8 2.7 0.8
v 2.8 2.8 0.8
v 2.9 2.8 0.8
v 3 2.7 0.8
v 3 2.8 0.8
v -2.8 2.8 0.7
v -2.8 2.9 0.7
v -2.7 2.9 0.7
v -2.6 2.8 0.7
v -2.6 2.9 0.7
v 2.7 2.8 0.7
v 2.7 2.9 0.7
v 2.8 2.9 0.7
v 2.9 2.8 0.7
v 2.9 2.9 0.7
v -2.7 2.9 0.6
v -2.7 3 0.6
v -2.6 3 0.6
v -2.5 2.9 0.6
v -2.5 3 0.6
v 1.5 2.2 0.6
v 1.5 2.3 0.6
v 1.6 2.2 0.6
v 1.6 2.3 0.6
v 2.6 2.9 0.6
v 2.6 3 0.6
v 2.7 3 0.6
v 2.8 2.9 0.6
v 2.8 3 0.6
v 3.4 1.1 0.6
v 3.4 1.3 0.6
v 3.5 1.1 0.6
v 3.5 1.3 0.6
v -2.6 3 0.5
v -2.6 3.1 0.5
v -2.5 3.1 0.5
v -2.4 3 0.5
v -2.4 3.1 0.5
v -0.6 2.2 0.5
v -0.6 2.4 0.5
v -0.5 2.2 0.5
v -0.5 2.4 0.5
v -0.0999999 2.2 0.5
v -0.0999999 2.3 0.5
v 0 2.2 0.5
v 0 2.3 0.5
v 2.5 3 0.5
v 2.5 3.1 0.5
v 2.6 3.1 0.5
v 2.7 3 0.5
v 2.7 3.1 0.5
v -2.5 3.1 0.4
v -2.5 3.2 0.4
v -2.4 3.2 0.4
v -2.3 3.1 0.4
v -2.3 3.2 0.4
v -1.3 2.2 0.4
v -1.3 2.3 0.4
v -1.2 2.2 0.4
v -1.2 2.3 0.4
v -0.6 2.4 0.4
v -0.6 2.5 0.4
v -0.5 2.4 0.4
v -0.5 2.5 0.4
v 2.4 3.1 0.4
v 2.4 3.2 0.4
v 2.5 3.2 0.4
v 2.6 3.1 0.4
v 2.6 3.2 0.4
v 3.4 1 0.4
v 3.4 1.4 0.4
v 3.5 1 0.4
v 3.5 1.4 0.4
v -2.4 3.2 0.3
v -2.4 3.3 0.3
v -2.3 3.3 0.3
v -2.2 3.2 0.3
v -2.2 3.3 0.3
v -0.6 2.5 0.3
v -0.6 2.6 0.3
v -0.5 2.5 0.3
v -0.5 2.6 0.3
v 2.3 3.2 0.3
v 2.3 3.3 0.3
v 2.4 3.3 0.3
v 2.5 3.2 0.3
v 2.5 3.3 0.3
v -2.3 2.2 0.2
v -2.3 2.3 0.2
v -2.3 3.3 0.2
v -2.3 3.4 0.2
v -2.2 3.4 0.2
v -2.1 2.2 0.2
v -2.1 2.3 0.2
v -2.1 3.3 0.2
v -2.1 3.4 0.2
v 0.6 2.2 0.2
v 0.6 2.3 0.2
v 0.8 2.2 0.2
v 0.8 2.3 0.2
v 1.6 2.4 0.2
v 1.6 2.5 0.2
v 1.7 2.4 0.2
v 1.7 2.5 0.2
v 2.2 3.3 0.2
v 2.2 3.4 0.2
v 2.3 3.4 0.2
v 2.4 3.3 0.2
v 2.4 3.4 0.2
v -2.2 3.4 0.0999999
v -2.2 3.5 0.0999999
v -2.1 3.5 0.0999999
v -2 3.4 0.0999999
v -2 3.5 0.0999999
v 1.5 2.4 0.0999999
v 1.5 2.5 0.0999999
v 1.6 2.4 0.0999999
v 1.6 2.5 0.0999999
v 1.6 2.6 0.0999999
v 1.7 2.4 0.0999999
v 1.7 2.5 0.0999999
v 1.7 2.6 0.0999999
v 1.8 2.4 0.0999999
v 1.8 2.5 0.0999999
v 2.1 3.4 0.0999999
v 2.1 3.5 0.0999999
v 2.2 3.5 0.0999999
v 2.3 3.4 0.0999999
v 2.3 3.5 0.0999999
v -2.1 3.5 -1.19209e-07
v -2.1 3.6 -1.19209e-07
v -2 3.6 -1.19209e-07
v -1.9 3.5 -1.19209e-07
v -1.9 3.6 -1.19209e-07
v -1.8 3.6 -1.19209e-07
v -1.8 3.7 -1.19209e-07
v -1.7 2.2 -1.19209e-07
v -1.7 2.3 -1.19209e-07
v -1.6 2.2 -1.19209e-07
v -1.6 2.3 -1.19209e-07
v -1.1 2.2 -1.19209e-07
v -1.1 2.3 -1.19209e-07
v -1 2.2 -1.19209e-07
v -1 2.3 -1.19209e-07
v 0.3 2.6 -1.19209e-07
v 0.3 2.7 -1.19209e-07
v 0.4 2.6 -1.19209e-07
v 0.4 2.7 -1.19209e-07
v 1.5 2.5 -1.19209e-07
v 1.5 2.6 -1.19209e-07
v 1.6 2.5 -1.19209e-07
v 1.6 2.6 -1.19209e-07
v 1.6 2.7 -1.19209e-07
v 1.7 2.5 -1.19209e-07
v 1.7 2.6 -1.19209e-07
v 1.7 2.7 -1.19209e-07
v 1.8 2.5 -1.19209e-07
v 1.8 2.6 -1.19209e-07
v 1.9 3.6 -1.19209e-07
v 1.9 3.7 -1.19209e-07
v 2 3.5 -1.19209e-07
v 2 3.6 -1.19209e-07
v 2.1 3.6 -1.19209e-07
v 2.2 3.5 -1.19209e-07
v 2.2 3.6 -1.19209e-07
v -1.6 2.2 -0.1
v -1.6 2.3 -0.1
v -1.5 2.2 -0.1
v -1.5 2.3 -0.1
v -1 2.2 -0.2
v -1 2.3 -0.2
v -0.9 2.2 -0.2
v -0.9 2.3 -0.2
v -0.5 2.3 -0.3
v -0.5 2.4 -0.3
v -0.4 2.3 -0.3
v -0.4 2.4 -0.3
v -0.4 2.5 -0.3
v -0.3 2.4 -0.3
v -0.3 2.5 -0.3
v -0.3 2.6 -0.3
v -0.2 2.4 -0.3
v -0.2 2.5 -0.3
v -0.2 2.6 -0.3
v -0.0999999 2.3 -0.3
v -0.0999999 2.4 -0.3
v -0.0999999 2.5 -0.3
v 0 2.3 -0.3
v 0 2.4 -0.3
v 0 2.6 -0.3
v 0 2.7 -0.3
v 0 2.8 -0.3
v 0.1 2.6 -0.3
v 0.1 2.7 -0.3
v 0.1 2.8 -0.3
v 0.1 2.9 -0.3
v 0.2 2.7 -0.3
v 0.2 2.8 -0.3
v 0.2 3.1 -0.3
v 0.2 3.2 -0.3
v 0.3 2.2 -0.3
v 0.3 2.8 -0.3
v 0.3 2.9 -0.3
v 0.3 3 -0.3
v 0.3 3.1 -0.3
v 0.3 3.2 -0.3
v 0.3 3.3 -0.3
v 0.4 2.2 -0.3
v 0.4 2.8 -0.3
v 0.4 2.9 -0.3
v 0.4 3 -0.3
v 0.4 3.1 -0.3
v 0.4 3.2 -0.3
v 0.4 3.3 -0.3
v 0.5 2.7 -0.3
v 0.5 2.8 -0.3
v 0.5 3.1 -0.3
v 0.5 3.2 -0.3
v 0.6 2.8 -0.3
v 0.6 2.9 -0.3
v 0.7 2.7 -0.3
v 0.7 2.8 -0.3
v 1.2 2.4 -0.3
v 1.2 2.5 -0.3
v 1.3 2.4 -0.3
v 1.3 2.5 -0.3
v 1.3 2.6 -0.3
v 1.4 2.5 -0.3
v 1.4 2.6 -0.3
v 1.4 2.7 -0.3
v 1.5 2.6 -0.3
v 1.5 2.7 -0.3
v 1.6 2.2 -0.3
v 1.6 2.6 -0.3
v 1.6 2.8 -0.3
v 1.6 2.9 -0.3
v 1.7 2.2 -0.3
v 1.7 2.6 -0.3
v 1.7 2.7 -0.3
v 1.7 2.8 -0.3
v 1.7 2.9 -0.3
v 1.8 2.6 -0.3
v 1.8 2.7 -0.3
v 1.8 2.8 -0.3
v 1.9 2.6 -0.3
v 1.9 2.7 -0.3
v 2 2.4 -0.3
v 2 2.5 -0.3
v 2.1 2.4 -0.3
v 2.1 2.5 -0.3
v -1.5 2.2 -0.4
v -1.5 2.3 -0.4
v -1.5 2.4 -0.4
v -1.5 2.8 -0.4
v -1.4 2.2 -0.4
v -1.4 2.3 -0.4
v -1.4 2.4 -0.4
v -1.4 2.6 -0.4
v -1.4 2.7 -0.4
v -1.4 2.8 -0.4
v -1.3 2.3 -0.4
v -1.3 2.4 -0.4
v -1.3 2.6 -0.4
v -1.3 2.7 -0.4
v -0.4 2.3 -0.4
v -0.4 2.4 -0.4
v -0.3 2.2 -0.4
v -0.3 2.3 -0.4
v -0.3 2.4 -0.4
v -0.3 2.5 -0.4
v -0.2 2.2 -0.4
v -0.2 2.3 -0.4
v -0.2 2.4 -0.4
v -0.2 2.5 -0.4
v -0.0999999 2.3 -0.4
v -0.0999999 2.4 -0.4
v 0.3 3 -0.4
v 0.3 3.1 -0.4
v 0.3 3.2 -0.4
v 0.4 3 -0.4
v 0.4 3.1 -0.4
v 0.4 3.2 -0.4
v 0.6 2.2 -0.4
v 0.6 2.3 -0.4
v 0.7 2.2 -0.4
v 0.7 2.3 -0.4
v 1.3 2.4 -0.4
v 1.3 2.5 -0.4
v 1.4 2.4 -0.4
v 1.4 2.5 -0.4
v 1.4 2.6 -0.4
v 1.5 2.5 -0.4
v 1.5 2.6 -0.4
v 1.5 2.7 -0.4
v 1.5 2.8 -0.4
v 1.6 2.6 -0.4
v 1.6 2.7 -0.4
v 1.6 2.8 -0.4
v 1.7 2.6 -0.4
v 1.7 2.7 -0.4
v 1.7 2.8 -0.4
v 1.8 2.5 -0.4
v 1.8 2.6 -0.4
v 1.8 2.7 -0.4
v 1.9 2.4 -0.4
v 1.9 2.5 -0.4
v 1.9 2.6 -0.4
v 2 2.4 -0.4
v 2 2.5 -0.4
v 2 2.6 -0.4
v 3.4 0.7 -0.4
v 3.4 0.8 -0.4
v 3.5 0.7 -0.4
v 3.5 0.8 -0.4
v -2.1 2.3 -0.5
v -2.1 2.4 -0.5
v -2.1 2.6 -0.5
v -2.1 2.7 -0.5
v -2 2.2 -0.5
v -2 2.3 -0.5
v -2 2.4 -0.5
v -2 2.5 -0.5
v -2 2.6 -0.5
v -2 2.7 -0.5
v -2 2.8 -0.5
v -2 2.9 -0.5
v -1.9 2.2 -0.5
v -1.9 2.3 -0.5
v -1.9 2.4 -0.5
v -1.9 2.5 -0.5
v -1.9 2.6 -0.5
v -1.9 2.7 -0.5
v -1.9 2.8 -0.5
v -1.9 2.9 -0.5
v -1.8 2.2 -0.5
v -1.8 2.3 -0.5
v -1.8 2.6 -0.5
v -1.8 2.7 -0.5
v -1.5 2.3 -0.5
v -1.5 2.4 -0.5
v -1.4 2.3 -0.5
v -1.4 2.4 -0.5
v -0.3 2.3 -0.5
v -0.3 2.4 -0.5
v -0.2 2.3 -0.5
v -0.2 2.4 -0.5
v 0.3 2.8 -0.5
v 0.3 2.9 -0.5
v 0.4 2.8 -0.5
v 0.4 2.9 -0.5
v 1.6 2.6 -0.5
v 1.6 2.7 -0.5
v 1.7 2.5 -0.5
v 1.7 2.6 -0.5
v 1.7 2.7 -0.5
v 1.8 2.5 -0.5
v 1.8 2.6 -0.5
v -2 2.3 -0.6
v -2 2.4 -0.6
v -2 2.5 -0.6
v -2 2.6 -0.6
v -2 2.7 -0.6
v -1.9 2.3 -0.6
v -1.9 2.4 -0.6
v -1.9 2.5 -0.6
v -1.9 2.6 -0.6
v -1.9 2.7 -0.6
v -1.8 2.3 -0.6
v -1.8 2.4 -0.6
v 0.3 2.7 -0.6
v 0.3 2.8 -0.6
v 0.4 2.7 -0.6
v 0.4 2.8 -0.6
v 1.5 2.4 -0.6
v 1.5 2.5 -0.6
v 1.5 2.6 -0.6
v 1.6 2.4 -0.6
v 1.6 2.5 -0.6
v 1.6 2.6 -0.6
v 1.7 2.4 -0.6
v 1.7 2.5 -0.6
v 1.7 2.6 -0.6
v 1.8 2.4 -0.6
v 1.8 2.5 -0.6
v 1.6 2.3 -0.7
v 1.6 2.4 -0.7
v 1.6 2.5 -0.7
v 1.7 2.3 -0.7
v 1.7 2.4 -0.7
v 1.7 2.5 -0.7
v -1.3 2.3 -0.9
v -1.3 2.4 -0.9
v -1.2 2.3 -0.9
v -1.2 2.4 -0.9
v -1.2 2.5 -0.9
v -1.1 2.4 -0.9
v -1.1 2.5 -0.9
v -1.1 2.6 -0.9
v -1 2.4 -0.9
v -1 2.5 -0.9
v -1 2.6 -0.9
v -0.9 2.3 -0.9
v -0.9 2.4 -0.9
v -0.9 2.5 -0.9
v -0.8 2.3 -0.9
v -0.8 2.4 -0.9
v 0.1 2.4 -0.9
v 0.1 2.5 -0.9
v 0.2 2.4 -0.9
v 0.2 2.5 -0.9
v 2.2 2.3 -0.9
v 2.2 2.4 -0.9
v 2.3 2.2 -0.9
v 2.3 2.3 -0.9
v 2.3 2.4 -0.9
v 2.3 2.5 -0.9
v 2.3 2.6 -0.9
v 2.4 2.2 -0.9
v 2.4 2.3 -0.9
v 2.4 2.4 -0.9
v 2.4 2.5 -0.9
v 2.4 2.6 -0.9
v 2.5 2.4 -0.9
v 2.5 2.5 -0.9
v -1.2 2.3 -1
v -1.2 2.4 -1
v -1.1 2.2 -1
v -1.1 2.3 -1
v -1.1 2.4 -1
v -1.1 2.5 -1
v -1 2.2 -1
v -1 2.3 -1
v -1 2.4 -1
v -1 2.5 -1
v -0.9 2.3 -1
v -0.9 2.4 -1
v 0 2.4 -1
v 0 2.5 -1
v 0.1 2.4 -1
v 0.1 2.5 -1
v 0.1 2.6 -1
v 0.2 2.4 -1
v 0.2 2.5 -1
v 0.2 2.6 -1
v 0.3 2.4 -1
v 0.3 2.5 -1
v 1.5 2.2 -1
v 1.5 2.3 -1
v 1.6 2.2 -1
v 1.6 2.3 -1
v 2.3 2.3 -1
v 2.3 2.5 -1
v 2.4 2.3 -1
v 2.4 2.5 -1
v -1.1 2.3 -1.1
v -1.1 2.4 -1.1
v -1 2.3 -1.1
v -1 2.4 -1.1
v 0 2.5 -1.1
v 0 2.6 -1.1
v 0.1 2.5 -1.1
v 0.1 2.6 -1.1
v 0.1 2.7 -1.1
v 0.2 2.5 -1.1
v 0.2 2.6 -1.1
v 0.2 2.7 -1.1
v 0.3 2.5 -1.1
v 0.3 2.6 -1.1
v 1 2.2 -1.1
v 1 2.3 -1.1
v 1.1 2.2 -1.1
v 1.1 2.3 -1.1
v 0.9 2.2 -1.2
v 0.9 2.3 -1.2
v 1 2.2 -1.2
v 1 2.3 -1.2
v 3.4 0.6 -1.2
v 3.4 0.8 -1.2
v 3.5 0.6 -1.2
v 3.5 0.8 -1.2
v -2.3 2.2 -1.3
v -2.3 2.3 -1.3
v -2.2 2.2 -1.3
v -2.2 2.3 -1.3
v -0.9 2.6 -1.3
v -0.9 2.8 -1.3
v -0.8 2.6 -1.3
v -0.8 2.7 -1.3
v -0.8 2.8 -1.3
v -0.8 2.6 -1.4
v -0.8 2.7 -1.4
v -0.7 2.6 -1.4
v -0.7 2.7 -1.4
v -0.3 2.4 -1.4
v -0.3 2.5 -1.4
v -0.2 2.4 -1.4
v -0.2 2.5 -1.4
v -0.2 2.6 -1.4
v -0.0999999 2.5 -1.4
v -0.0999999 2.6 -1.4
v -0.0999999 2.7 -1.4
v 0 2.6 -1.4
v 0 2.7 -1.4
v 0.1 2.2 -1.4
v 0.1 2.6 -1.4
v 0.1 2.8 -1.4
v 0.1 2.9 -1.4
v 0.2 2.2 -1.4
v 0.2 2.6 -1.4
v 0.2 2.7 -1.4
v 0.2 2.8 -1.4
v 0.2 2.9 -1.4
v 0.3 2.6 -1.4
v 0.3 2.7 -1.4
v 0.3 2.8 -1.4
v 0.4 2.6 -1.4
v 0.4 2.7 -1.4
v 0.5 2.4 -1.4
v 0.5 2.5 -1.4
v 0.6 2.4 -1.4
v 0.6 2.5 -1.4
v -0.8 2.2 -1.5
v -0.8 2.5 -1.5
v -0.8 2.6 -1.5
v -0.7 2.2 -1.5
v -0.7 2.5 -1.5
v -0.7 2.6 -1.5
v -0.2 2.4 -1.5
v -0.2 2.5 -1.5
v -0.0999999 2.4 -1.5
v -0.0999999 2.5 -1.5
v -0.0999999 2.6 -1.5
v 0 2.5 -1.5
v 0 2.6 -1.5
v 0 2.7 -1.5
v 0 2.8 -1.5
v 0.1 2.6 -1.5
v 0.1 2.7 -1.5
v 0.1 2.8 -1.5
v 0.2 2.6 -1.5
v 0.2 2.7 -1.5
v 0.2 2.8 -1.5
v 0.3 2.5 -1.5
v 0.3 2.6 -1.5
v 0.3 2.7 -1.5
v 0.4 2.4 -1.5
v 0.4 2.5 -1.5
v 0.4 2.6 -1.5
v 0.5 2.4 -1.5
v 0.5 2.5 -1.5
v 0.5 2.6 -1.5
v -3.4 0.9 -1.6
v -3.4 1.1 -1.6
v -3.4 1.2 -1.6
v -3.4 1.4 -1.6
v -3.3 0.9 -1.6
v -3.3 1.1 -1.6
v -3.3 1.2 -1.6
v -3.3 1.4 -1.6
v -2 3.6 -1.6
v -2 3.7 -1.6
v -1.9 3.6 -1.6
v -0.9 2.5 -1.6
v -0.9 2.6 -1.6
v -0.8 2.5 -1.6
v -0.8 2.6 -1.6
v -0.7 2.5 -1.6
v -0.7 2.7 -1.6
v -0.6 2.5 -1.6
v -0.6 2.6 -1.6
v -0.6 2.7 -1.6
v 0.1 2.6 -1.6
v 0.1 2.7 -1.6
v 0.2 2.5 -1.6
v 0.2 2.6 -1.6
v 0.2 2.7 -1.6
v 0.3 2.5 -1.6
v 0.3 2.6 -1.6
v 2 3.6 -1.6
v 2.1 3.6 -1.6
v 2.1 3.7 -1.6
v -2.1 3.5 -1.7
v -2.1 3.6 -1.7
v -2 3.5 -1.7
v -1.9 3.5 -1.7
v -1.9 3.6 -1.7
v -1 2.6 -1.7
v -1 2.8 -1.7
v -0.9 2.7 -1.7
v -0.9 2.8 -1.7
v -0.8 2.6 -1.7
v -0.8 2.7 -1.7
v -0.6 2.6 -1.7
v -0.6 2.7 -1.7
v -0.5 2.7 -1.7
v -0.5 2.8 -1.7
v -0.4 2.6 -1.7
v -0.4 2.8 -1.7
v 0 2.4 -1.7
v 0 2.5 -1.7
v 0 2.6 -1.7
v 0.1 2.4 -1.7
v 0.1 2.5 -1.7
v 0.1 2.6 -1.7
v 0.2 2.4 -1.7
v 0.2 2.5 -1.7
v 0.2 2.6 -1.7
v 0.3 2.4 -1.7
v 0.3 2.5 -1.7
v 0.7 2.4 -1.7
v 0.7 2.5 -1.7
v 0.8 2.2 -1.7
v 0.8 2.4 -1.7
v 0.8 2.5 -1.7
v 0.8 2.6 -1.7
v 0.9 2.2 -1.7
v 0.9 2.4 -1.7
v 0.9 2.5 -1.7
v 0.9 2.6 -1.7
v 1 2.4 -1.7
v 1 2.5 -1.7
v 1.3 2.3 -1.7
v 1.3 2.4 -1.7
v 1.3 2.6 -1.7
v 1.3 2.7 -1.7
v 1.4 2.2 -1.7
v 1.4 2.3 -1.7
v 1.4 2.4 -1.7
v 1.4 2.5 -1.7
v 1.4 2.6 -1.7
v 1.4 2.7 -1.7
v 1.4 2.8 -1.7
v 1.4 2.9 -1.7
v 1.5 2.2 -1.7
v 1.5 2.3 -1.7
v 1.5 2.4 -1.7
v 1.5 2.5 -1.7
v 1.5 2.6 -1.7
v 1.5 2.7 -1.7
v 1.5 2.8 -1.7
v 1.5 2.9 -1.7
v 1.6 2.2 -1.7
v 1.6 2.3 -1.7
v 1.6 2.6 -1.7
v 1.6 2.7 -1.7
v 2 3.5 -1.7
v 2 3.6 -1.7
v 2.1 3.5 -1.7
v 2.2 3.5 -1.7
v 2.2 3.6 -1.7
v -3.4 0.9 -1.8
v -3.4 1.1 -1.8
v -3.3 0.9 -1.8
v -3.3 1.1 -1.8
v -2.2 3.4 -1.8
v -2.2 3.5 -1.8
v -2.1 3.4 -1.8
v -2 3.4 -1.8
v -2 3.5 -1.8
v 0.1 2.3 -1.8
v 0.1 2.4 -1.8
v 0.1 2.5 -1.8
v 0.2 2.3 -1.8
v 0.2 2.4 -1.8
v 0.2 2.5 -1.8
v 0.8 2.4 -1.8
v 0.8 2.5 -1.8
v 0.9 2.4 -1.8
v 0.9 2.5 -1.8
v 1.4 2.3 -1.8
v 1.4 2.4 -1.8
v 1.4 2.5 -1.8
v 1.4 2.6 -1.8
v 1.4 2.7 -1.8
v 1.5 2.3 -1.8
v 1.5 2.4 -1.8
v 1.5 2.5 -1.8
v 1.5 2.6 -1.8
v 1.5 2.7 -1.8
v 1.6 2.3 -1.8
v 1.6 2.4 -1.8
v 2.1 3.4 -1.8
v 2.1 3.5 -1.8
v 2.2 2.2 -1.8
v 2.2 2.4 -1.8
v 2.2 3.4 -1.8
v 2.3 2.3 -1.8
v 2.3 2.4 -1.8
v 2.3 3.4 -1.8
v 2.3 3.5 -1.8
v 2.4 2.2 -1.8
v 2.4 2.3 -1.8
v -3.4 1.2 -1.9
v -3.4 1.4 -1.9
v -3.3 1.2 -1.9
v -3.3 1.4 -1.9
v -2.3 3.3 -1.9
v -2.3 3.4 -1.9
v -2.2 3.3 -1.9
v -2.1 3.3 -1.9
v -2.1 3.4 -1.9
v -1.7 2.2 -1.9
v -1.7 2.3 -1.9
v -1.6 2.2 -1.9
v -1.6 2.3 -1.9
v 2.2 3.3 -1.9
v 2.2 3.4 -1.9
v 2.3 3.3 -1.9
v 2.4 3.3 -1.9
v 2.4 3.4 -1.9
v -2.4 3.2 -2
v -2.4 3.3 -2
v -2.3 3.2 -2
v -2.2 3.2 -2
v -2.2 3.3 -2
v -0.8 2.2 -2
v -0.8 2.3 -2
v -0.6 2.2 -2
v -0.6 2.3 -2
v 2.3 3.2 -2
v 2.3 3.3 -2
v 2.4 3.2 -2
v 2.5 3.2 -2
v 2.5 3.3 -2
v -3.4 0.8 -2.1
v -3.4 1.5 -2.1
v -3.3 0.8 -2.1
v -3.3 1.5 -2.1
v -2.5 3.1 -2.1
v -2.5 3.2 -2.1
v -2.4 3.1 -2.1
v -2.3 3.1 -2.1
v -2.3 3.2 -2.1
v 0.9 2.2 -2.1
v 0.9 2.3 -2.1
v 1.1 2.2 -2.1
v 1.1 2.3 -2.1
v 2.4 3.1 -2.1
v 2.4 3.2 -2.1
v 2.5 3.1 -2.1
v 2.6 3.1 -2.1
v 2.6 3.2 -2.1
v -2.6 2.2 -2.2
v -2.6 2.3 -2.2
v -2.6 3 -2.2
v -2.6 3.1 -2.2
v -2.5 2.2 -2.2
v -2.5 2.3 -2.2
v -2.5 3 -2.2
v -2.4 3 -2.2
v -2.4 3.1 -2.2
v 2.5 3 -2.2
v 2.5 3.1 -2.2
v 2.6 3 -2.2
v 2.7 3 -2.2
v 2.7 3.1 -2.2
v -2.7 2.9 -2.3
v -2.7 3 -2.3
v -2.6 2.9 -2.3
v -2.5 2.2 -2.3
v -2.5 2.3 -2.3
v -2.5 2.9 -2.3
v -2.5 3 -2.3
v -2.2 2.2 -2.3
v -2.2 2.3 -2.3
v 2.6 2.9 -2.3
v 2.6 3 -2.3
v 2.7 2.9 -2.3
v 2.8 2.2 -2.3
v 2.8 2.3 -2.3
v 2.8 2.9 -2.3
v 2.8 3 -2.3
v 2.9 2.2 -2.3
v 2.9 2.3 -2.3
v -2.8 2.8 -2.4
v -2.8 2.9 -2.4
v -2.7 2.8 -2.4
v -2.6 2.8 -2.4
v -2.6 2.9 -2.4
v 2.7 2.2 -2.4
v 2.7 2.3 -2.4
v 2.7 2.8 -2.4
v 2.7 2.9 -2.4
v 2.8 2.2 -2.4
v 2.8 2.3 -2.4
v 2.8 2.8 -2.4
v 2.9 2.8 -2.4
v 2.9 2.9 -2.4
v -2.9 2.7 -2.5
v -2.9 2.8 -2.5
v -2.8 2.7 -2.5
v -2.7 2.7 -2.5
v -2.7 2.8 -2.5
v 2.8 2.7 -2.5
v 2.8 2.8 -2.5
v 2.9 2.7 -2.5
v 3 2.7 -2.5
v 3 2.8 -2.5
v -3 2.6 -2.6
v -3 2.7 -2.6
v -2.9 2.6 -2.6
v -2.8 2.6 -2.6
v -2.8 2.7 -2.6
v 2.9 2.6 -2.6
v 2.9 2.7 -2.6
v 3 2.6 -2.6
v 3.1 2.6 -2.6
v 3.1 2.7 -2.6
v -3.1 2.5 -2.7
v -3.1 2.6 -2.7
v -3 2.5 -2.7
v -2.9 2.5 -2.7
v -2.9 2.6 -2.7
v 3 2.5 -2.7
v 3 2.6 -2.7
v 3.1 2.5 -2.7
v 3.2 2.5 -2.7
v 3.2 2.6 -2.7
v -3.2 2.4 -2.8
v -3.2 2.5 -2.8
v -3.1 2.4 -2.8
v -3 2.4 -2.8
v -3 2.5 -2.8
v 3.1 2.4 -2.8
v 3.1 2.5 -2.8
v 3.2 2.4 -2.8
v 3.3 2.4 -2.8
v 3.3 2.5 -2.8
v -3.3 0 -2.9
v -3.3 2.4 -2.9
v -3.1 0.2 -2.9
v -3.1 0.4 -2.9
v -3.1 0.7 -2.9
v -3.1 0.8 -2.9
v -3.1 0.9 -2.9
v -3.1 1 -2.9
v -3.1 1.1 -2.9
v -3.1 1.2 -2.9
v -3.1 1.3 -2.9
v -3.1 1.4 -2.9
v -3.1 1.5 -2.9
v -3.1 1.6 -2.9
v -3.1 2.3 -2.9
v -3.1 2.4 -2.9
v -2.8 0.9 -2.9
v -2.8 1 -2.9
v -2.7 1.3 -2.9
v -2.7 1.4 -2.9
v -2.6 1.1 -2.9
v -2.6 1.2 -2.9
v -2.5 0.7 -2.9
v -2.5 0.8 -2.9
v -1.9 1.5 -2.9
v -1.9 1.6 -2.9
v -1.4 1 -2.9
v -1.4 1.2 -2.9
v 0.8 1 -2.9
v 0.8 1.2 -2.9
v 0.9 1.2 -2.9
v 0.9 1.3 -2.9
v 1 1.6 -2.9
v 1 1.7 -2.9
v 1.2 1.4 -2.9
v 1.2 1.5 -2.9
v 1.6 1.2 -2.9
v 1.6 1.3 -2.9
v 1.6 1.4 -2.9
v 1.6 1.5 -2.9
v 1.6 1.6 -2.9
v 1.6 1.7 -2.9
v 1.9 1.1 -2.9
v 1.9 1.8 -2.9
v 2 1.2 -2.9
v 2 1.7 -2.9
v 2.1 1.5 -2.9
v 2.1 1.6 -2.9
v 2.2 1.3 -2.9
v 2.2 1.4 -2.9
v 2.2 1.5 -2.9
v 2.2 1.6 -2.9
v 2.3 1.5 -2.9
v 2.3 1.6 -2.9
v 2.7 1.3 -2.9
v 2.7 1.4 -2.9
v 2.7 1.5 -2.9
v 2.7 1.6 -2.9
v 2.8 1.2 -2.9
v 2.8 1.7 -2.9
v 2.9 1.1 -2.9
v 2.9 1.8 -2.9
v 3.2 0.2 -2.9
v 3.2 0.4 -2.9
v 3.2 2.3 -2.9
v 3.2 2.4 -2.9
v 3.4 0 -2.9
v 3.4 2.4 -2.9
v 1.9 1.1 -3
v 1.9 1.8 -3
v 2 1.2 -3
v 2 1.7 -3
v 2.8 1.2 -3
v 2.8 1.7 -3
v 2.9 1.1 -3
v 2.9 1.8 -3
v -3.3 0 1.4
v 3.4 0 1.4
v -3.3 0 -2.9
v 3.4 0 -2.9
v 3.4 0.6 -0.3
v 3.5 0.6 -0.3
v 3.4 0.6 -1.2
v 3.5 0.6 -1.2
v -3.4 0.8 -1.5
v -3.3 0.8 -1.5
v -3.4 0.8 -2.1
v -3.3 0.8 -2.1
v 3.4 1 0.7
v 3.5 1 0.7
v 3.4 1 0.4
v 3.5 1 0.4
v -3.4 1.1 -1.6
v -3.3 1.1 -1.6
v -3.4 1.1 -1.7
v -3.3 1.1 -1.7
v -3.4 1.1 -1.8
v -3.3 1.1 -1.8
v -3.4 1.1 -2
v -3.3 1.1 -2
v 1.9 1.1 -2.9
v 2.9 1.1 -2.9
v 1.9 1.1 -3
v 2.9 1.1 -3
v 2.1 1.2 1.5
v 3 1.2 1.5
v 2.1 1.2 1.4
v 3 1.2 1.4
v 3.4 1.3 0.6
v 3.5 1.3 0.6
v 3.4 1.3 0.5
v 3.5 1.3 0.5
v -3.4 1.4 -1.6
v -3.3 1.4 -1.6
v -3.4 1.4 -1.8
v -3.3 1.4 -1.8
v -3.4 1.4 -1.9
v -3.3 1.4 -1.9
v -3.4 1.4 -2
v -3.3 1.4 -2
v 2 1.7 -2.9
v 2.8 1.7 -2.9
v 2 1.7 -3
v 2.8 1.7 -3
v 2.2 1.8 1.5
v 2.9 1.8 1.5
v 2.2 1.8 1.4
v 2.9 1.8 1.4
v -3.2 2.3 1.3
v -3.1 2.3 1.3
v 3.2 2.3 1.3
v 3.3 2.3 1.3
v -3.2 2.3 1.2
v -3.1 2.3 1.2
v 3.2 2.3 1.2
v 3.3 2.3 1.2
v -0.3 2.3 -1.19209e-07
v -0.2 2.3 -1.19209e-07
v -0.4 2.3 -0.1
v -0.3 2.3 -0.1
v -0.2 2.3 -0.1
v -0.0999999 2.3 -0.1
v -0.5 2.3 -0.2
v -0.4 2.3 -0.2
v -0.3 2.3 -0.2
v -0.2 2.3 -0.2
v -0.0999999 2.3 -0.2
v 0 2.3 -0.2
v -2 2.3 -0.3
v -1.9 2.3 -0.3
v -1.4 2.3 -0.3
v -1.3 2.3 -0.3
v -0.5 2.3 -0.3
v -0.4 2.3 -0.3
v -0.3 2.3 -0.3
v -0.2 2.3 -0.3
v -0.0999999 2.3 -0.3
v 0 2.3 -0.3
v -2.1 2.3 -0.4
v -2 2.3 -0.4
v -1.9 2.3 -0.4
v -1.5 2.3 -0.4
v -1.4 2.3 -0.4
v -1.3 2.3 -0.4
v -0.4 2.3 -0.4
v -0.3 2.3 -0.4
v -0.2 2.3 -0.4
v -0.0999999 2.3 -0.4
v -2.1 2.3 -0.5
v -2 2.3 -0.5
v -1.9 2.3 -0.5
v -1.8 2.3 -0.5
v -1.5 2.3 -0.5
v -1.4 2.3 -0.5
v -0.3 2.3 -0.5
v -0.2 2.3 -0.5
v -2 2.3 -0.6
v -1.9 2.3 -0.6
v -1.8 2.3 -0.6
v -1.1 2.3 -0.6
v -1 2.3 -0.6
v 1.6 2.3 -0.6
v 1.7 2.3 -0.6
v -1.2 2.3 -0.7
v -1.1 2.3 -0.7
v -1 2.3 -0.7
v -0.9 2.3 -0.7
v 1.6 2.3 -0.7
v 1.7 2.3 -0.7
v -1.3 2.3 -0.8
v -1.2 2.3 -0.8
v -1.1 2.3 -0.8
v -1 2.3 -0.8
v -0.9 2.3 -0.8
v -0.8 2.3 -0.8
v 2.2 2.3 -0.8
v 2.3 2.3 -0.8
v -1.3 2.3 -0.9
v -1.2 2.3 -0.9
v -1.1 2.3 -0.9
v -1 2.3 -0.9
v -0.9 2.3 -0.9
v -0.8 2.3 -0.9
v 2.2 2.3 -0.9
v 2.3 2.3 -0.9
v 2.4 2.3 -0.9
v -1.2 2.3 -1
v -1.1 2.3 -1
v -1 2.3 -1
v -0.9 2.3 -1
v 2.3 2.3 -1
v 2.4 2.3 -1
v -1.1 2.3 -1.1
v -1 2.3 -1.1
v 1.4 2.3 -1.5
v 1.5 2.3 -1.5
v 1.3 2.3 -1.6
v 1.4 2.3 -1.6
v 1.5 2.3 -1.6
v 0.1 2.3 -1.7
v 0.2 2.3 -1.7
v 1.3 2.3 -1.7
v 1.4 2.3 -1.7
v 1.5 2.3 -1.7
v 1.6 2.3 -1.7
v 0.1 2.3 -1.8
v 0.2 2.3 -1.8
v 1.4 2.3 -1.8
v 1.5 2.3 -1.8
v 1.6 2.3 -1.8
v -3.2 2.3 -2.7
v -3.1 2.3 -2.7
v 3.2 2.3 -2.7
v 3.3 2.3 -2.7
v -3.2 2.3 -2.8
v -3.1 2.3 -2.8
v 3.2 2.3 -2.8
v 3.3 2.3 -2.8
v -3.1 2.4 1.3
v -3 2.4 1.3
v 3.1 2.4 1.3
v 3.2 2.4 1.3
v -3.2 2.4 1.2
v -3.1 2.4 1.2
v 3.2 2.4 1.2
v 3.3 2.4 1.2
v -3.2 2.4 1.1
v -3 2.4 1.1
v 3.1 2.4 1.1
v 3.3 2.4 1.1
v -0.6 2.4 0.5
v -0.5 2.4 0.5
v -0.6 2.4 0.4
v -0.5 2.4 0.4
v 1.6 2.4 0.3
v 1.7 2.4 0.3
v 1.5 2.4 0.2
v 1.6 2.4 0.2
v 1.7 2.4 0.2
v 1.8 2.4 0.2
v 1.5 2.4 0.0999999
v 1.6 2.4 0.0999999
v 1.7 2.4 0.0999999
v 1.8 2.4 0.0999999
v 1.3 2.4 -0.1
v 1.4 2.4 -0.1
v 1.6 2.4 -0.1
v 1.7 2.4 -0.1
v 1.9 2.4 -0.1
v 2 2.4 -0.1
v 1.2 2.4 -0.2
v 1.3 2.4 -0.2
v 1.6 2.4 -0.2
v 1.7 2.4 -0.2
v 2 2.4 -0.2
v 2.1 2.4 -0.2
v 1.2 2.4 -0.3
v 1.3 2.4 -0.3
v 2 2.4 -0.3
v 2.1 2.4 -0.3
v 1.3 2.4 -0.4
v 1.4 2.4 -0.4
v 1.9 2.4 -0.4
v 2 2.4 -0.4
v 1.5 2.4 -0.5
v 1.8 2.4 -0.5
v 1.5 2.4 -0.6
v 1.6 2.4 -0.6
v 1.7 2.4 -0.6
v 1.8 2.4 -0.6
v 2.3 2.4 -0.7
v 2.4 2.4 -0.7
v 0.1 2.4 -0.8
v 0.2 2.4 -0.8
v 2.3 2.4 -0.8
v 2.4 2.4 -0.8
v 2.5 2.4 -0.8
v 0 2.4 -0.9
v 0.1 2.4 -0.9
v 0.2 2.4 -0.9
v 0.3 2.4 -0.9
v 2.4 2.4 -0.9
v 2.5 2.4 -0.9
v 0 2.4 -1
v 0.1 2.4 -1
v 0.2 2.4 -1
v 0.3 2.4 -1
v -0.2 2.4 -1.2
v -0.0999999 2.4 -1.2
v 0.1 2.4 -1.2
v 0.2 2.4 -1.2
v 0.4 2.4 -1.2
v 0.5 2.4 -1.2
v -0.3 2.4 -1.3
v -0.2 2.4 -1.3
v 0.1 2.4 -1.3
v 0.2 2.4 -1.3
v 0.5 2.4 -1.3
v 0.6 2.4 -1.3
v -0.3 2.4 -1.4
v -0.2 2.4 -1.4
v 0.5 2.4 -1.4
v 0.6 2.4 -1.4
v -0.2 2.4 -1.5
v -0.0999999 2.4 -1.5
v 0.4 2.4 -1.5
v 0.5 2.4 -1.5
v 0.8 2.4 -1.5
v 0.9 2.4 -1.5
v 0 2.4 -1.6
v 0.3 2.4 -1.6
v 0.7 2.4 -1.6
v 0.8 2.4 -1.6
v 0.9 2.4 -1.6
v 1 2.4 -1.6
v 0 2.4 -1.7
v 0.1 2.4 -1.7
v 0.2 2.4 -1.7
v 0.3 2.4 -1.7
v 0.7 2.4 -1.7
v 0.8 2.4 -1.7
v 0.9 2.4 -1.7
v 1 2.4 -1.7
v 0.8 2.4 -1.8
v 0.9 2.4 -1.8
v -3.2 2.4 -2.6
v -3 2.4 -2.6
v 3.1 2.4 -2.6
v 3.3 2.4 -2.6
v -3.2 2.4 -2.7
v -3.1 2.4 -2.7
v 3.2 2.4 -2.7
v 3.3 2.4 -2.7
v -3.1 2.4 -2.8
v -3 2.4 -2.8
v 3.1 2.4 -2.8
v 3.2 2.4 -2.8
v -3 2.5 1.2
v -2.9 2.5 1.2
v 3 2.5 1.2
v 3.1 2.5 1.2
v -3.1 2.5 1.1
v -3 2.5 1.1
v 3.1 2.5 1.1
v 3.2 2.5 1.1
v -3.1 2.5 1
v -2.9 2.5 1
v 3 2.5 1
v 3.2 2.5 1
v -0.6 2.5 0.4
v -0.5 2.5 0.4
v -0.6 2.5 0.3
v -0.5 2.5 0.3
v 1.6 2.5 0.2
v 1.7 2.5 0.2
v 1.5 2.5 0.0999999
v 1.6 2.5 0.0999999
v 1.7 2.5 0.0999999
v 1.8 2.5 0.0999999
v 1.5 2.5 -1.19209e-07
v 1.6 2.5 -1.19209e-07
v 1.7 2.5 -1.19209e-07
v 1.8 2.5 -1.19209e-07
v 1.4 2.5 -0.1
v 1.5 2.5 -0.1
v 1.8 2.5 -0.1
v 1.9 2.5 -0.1
v 1.4 2.5 -0.4
v 1.5 2.5 -0.4
v 1.8 2.5 -0.4
v 1.9 2.5 -0.4
v -2 2.5 -0.5
v -1.9 2.5 -0.5
v 1.5 2.5 -0.5
v 1.8 2.5 -0.5
v -2 2.5 -0.6
v -1.9 2.5 -0.6
v 0.1 2.5 -0.9
v 0.2 2.5 -0.9
v 0 2.5 -1
v 0.1 2.5 -1
v 0.2 2.5 -1
v 0.3 2.5 -1
v 0 2.5 -1.1
v 0.1 2.5 -1.1
v 0.2 2.5 -1.1
v 0.3 2.5 -1.1
v -0.0999999 2.5 -1.2
v 0 2.5 -1.2
v 0.3 2.5 -1.2
v 0.4 2.5 -1.2
v -0.8 2.5 -1.3
v -0.7 2.5 -1.3
v -0.9 2.5 -1.4
v -0.8 2.5 -1.4
v -0.7 2.5 -1.4
v -0.6 2.5 -1.4
v -0.8 2.5 -1.5
v -0.7 2.5 -1.5
v -0.0999999 2.5 -1.5
v 0 2.5 -1.5
v 0.3 2.5 -1.5
v 0.4 2.5 -1.5
v -0.9 2.5 -1.6
v -0.8 2.5 -1.6
v -0.7 2.5 -1.6
v -0.6 2.5 -1.6
v 0 2.5 -1.6
v 0.3 2.5 -1.6
v 1.4 2.5 -1.7
v 1.5 2.5 -1.7
v 1.4 2.5 -1.8
v 1.5 2.5 -1.8
v -3.1 2.5 -2.5
v -2.9 2.5 -2.5
v 3 2.5 -2.5
v 3.2 2.5 -2.5
v -3.1 2.5 -2.6
v -3 2.5 -2.6
v 3.1 2.5 -2.6
v 3.2 2.5 -2.6
v -3 2.5 -2.7
v -2.9 2.5 -2.7
v 3 2.5 -2.7
v 3.1 2.5 -2.7
v -2.9 2.6 1.1
v -2.8 2.6 1.1
v 2.9 2.6 1.1
v 3 2.6 1.1
v -3 2.6 1
v -2.9 2.6 1
v 3 2.6 1
v 3.1 2.6 1
v -3 2.6 0.9
v -2.8 2.6 0.9
v 2.9 2.6 0.9
v 3.1 2.6 0.9
v 0.3 2.6 0.0999999
v 0.4 2.6 0.0999999
v 1.6 2.6 0.0999999
v 1.7 2.6 0.0999999
v 0.3 2.6 -1.19209e-07
v 0.4 2.6 -1.19209e-07
v 1.5 2.6 -1.19209e-07
v 1.6 2.6 -1.19209e-07
v 1.7 2.6 -1.19209e-07
v 1.8 2.6 -1.19209e-07
v 1.5 2.6 -0.1
v 1.6 2.6 -0.1
v 1.7 2.6 -0.1
v 1.8 2.6 -0.1
v -1.5 2.6 -0.2
v -1.4 2.6 -0.2
v 0 2.6 -0.2
v 0.1 2.6 -0.2
v 1.6 2.6 -0.2
v 1.7 2.6 -0.2
v -2 2.6 -0.3
v -1.9 2.6 -0.3
v -1.5 2.6 -0.3
v -1.4 2.6 -0.3
v -1.3 2.6 -0.3
v 0 2.6 -0.3
v 0.1 2.6 -0.3
v 1.6 2.6 -0.3
v 1.7 2.6 -0.3
v -2.1 2.6 -0.4
v -2 2.6 -0.4
v -1.9 2.6 -0.4
v -1.8 2.6 -0.4
v -1.4 2.6 -0.4
v -1.3 2.6 -0.4
v 1.5 2.6 -0.4
v 1.8 2.6 -0.4
v -2.1 2.6 -0.5
v -2 2.6 -0.5
v -1.9 2.6 -0.5
v -1.8 2.6 -0.5
v 0.1 2.6 -1
v 0.2 2.6 -1
v 0 2.6 -1.1
v 0.1 2.6 -1.1
v 0.2 2.6 -1.1
v 0.3 2.6 -1.1
v -0.9 2.6 -1.2
v -0.7 2.6 -1.2
v 0 2.6 -1.2
v 0.1 2.6 -1.2
v 0.2 2.6 -1.2
v 0.3 2.6 -1.2
v -0.9 2.6 -1.3
v -0.8 2.6 -1.3
v -0.7 2.6 -1.3
v 0.1 2.6 -1.3
v 0.2 2.6 -1.3
v 0.1 2.6 -1.4
v 0.2 2.6 -1.4
v -1 2.6 -1.5
v -0.9 2.6 -1.5
v -0.6 2.6 -1.5
v -0.5 2.6 -1.5
v 0 2.6 -1.5
v 0.3 2.6 -1.5
v 1.4 2.6 -1.5
v 1.5 2.6 -1.5
v -0.9 2.6 -1.6
v -0.8 2.6 -1.6
v -0.6 2.6 -1.6
v -0.5 2.6 -1.6
v -0.4 2.6 -1.6
v 1.3 2.6 -1.6
v 1.4 2.6 -1.6
v 1.5 2.6 -1.6
v 1.6 2.6 -1.6
v -1 2.6 -1.7
v -0.8 2.6 -1.7
v -0.6 2.6 -1.7
v -0.4 2.6 -1.7
v 1.3 2.6 -1.7
v 1.4 2.6 -1.7
v 1.5 2.6 -1.7
v 1.6 2.6 -1.7
v -3 2.6 -2.4
v -2.8 2.6 -2.4
v 2.9 2.6 -2.4
v 3.1 2.6 -2.4
v -3 2.6 -2.5
v -2.9 2.6 -2.5
v 3 2.6 -2.5
v 3.1 2.6 -2.5
v -2.9 2.6 -2.6
v -2.8 2.6 -2.6
v 2.9 2.6 -2.6
v 3 2.6 -2.6
v -2.8 2.7 1
v -2.7 2.7 1
v 2.8 2.7 1
v 2.9 2.7 1
v -2.9 2.7 0.9
v -2.8 2.7 0.9
v 2.9 2.7 0.9
v 3 2.7 0.9
v -2.9 2.7 0.8
v -2.7 2.7 0.8
v 2.8 2.7 0.8
v 3 2.7 0.8
v 0.3 2.7 -1.19209e-07
v 0.4 2.7 -1.19209e-07
v 1.6 2.7 -1.19209e-07
v 1.7 2.7 -1.19209e-07
v 0.3 2.7 -0.1
v 0.4 2.7 -0.1
v 1.6 2.7 -0.1
v 1.7 2.7 -0.1
v 0.1 2.7 -0.2
v 0.2 2.7 -0.2
v 0.3 2.7 -0.2
v 0.4 2.7 -0.2
v 0.5 2.7 -0.2
v 0.7 2.7 -0.2
v 0.1 2.7 -0.3
v 0.2 2.7 -0.3
v 0.5 2.7 -0.3
v 0.7 2.7 -0.3
v 0.3 2.7 -0.4
v 0.4 2.7 -0.4
v 0.3 2.7 -0.6
v 0.4 2.7 -0.6
v -0.9 2.7 -1.1
v -0.8 2.7 -1.1
v 0.1 2.7 -1.1
v 0.2 2.7 -1.1
v -0.9 2.7 -1.2
v -0.8 2.7 -1.2
v 0.1 2.7 -1.2
v 0.2 2.7 -1.2
v -2.9 2.7 -2.3
v -2.7 2.7 -2.3
v 2.8 2.7 -2.3
v 3 2.7 -2.3
v -2.9 2.7 -2.4
v -2.8 2.7 -2.4
v 2.9 2.7 -2.4
v 3 2.7 -2.4
v -2.8 2.7 -2.5
v -2.7 2.7 -2.5
v 2.8 2.7 -2.5
v 2.9 2.7 -2.5
v -2.7 2.8 0.9
v -2.6 2.8 0.9
v 2.7 2.8 0.9
v 2.8 2.8 0.9
v -2.8 2.8 0.8
v -2.7 2.8 0.8
v 2.8 2.8 0.8
v 2.9 2.8 0.8
v -2.8 2.8 0.7
v -2.6 2.8 0.7
v 2.7 2.8 0.7
v 2.9 2.8 0.7
v 0.2 2.8 -0.2
v 0.3 2.8 -0.2
v 0.4 2.8 -0.2
v 0.5 2.8 -0.2
v 0.2 2.8 -0.3
v 0.3 2.8 -0.3
v 0.4 2.8 -0.3
v 0.5 2.8 -0.3
v 0.3 2.8 -0.4
v 0.4 2.8 -0.4
v -2.8 2.8 -2.2
v -2.6 2.8 -2.2
v 2.7 2.8 -2.2
v 2.9 2.8 -2.2
v -2.8 2.8 -2.3
v -2.7 2.8 -2.3
v 2.8 2.8 -2.3
v 2.9 2.8 -2.3
v -2.7 2.8 -2.4
v -2.6 2.8 -2.4
v 2.7 2.8 -2.4
v 2.8 2.8 -2.4
v -2.6 2.9 0.8
v -2.5 2.9 0.8
v 2.6 2.9 0.8
v 2.7 2.9 0.8
v -2.7 2.9 0.7
v -2.6 2.9 0.7
v 2.7 2.9 0.7
v 2.8 2.9 0.7
v -2.7 2.9 0.6
v -2.5 2.9 0.6
v 2.6 2.9 0.6
v 2.8 2.9 0.6
v -2.7 2.9 -2.1
v -2.5 2.9 -2.1
v 2.6 2.9 -2.1
v 2.8 2.9 -2.1
v -2.7 2.9 -2.2
v -2.6 2.9 -2.2
v 2.7 2.9 -2.2
v 2.8 2.9 -2.2
v -2.6 2.9 -2.3
v -2.5 2.9 -2.3
v 2.6 2.9 -2.3
v 2.7 2.9 -2.3
v -2.5 3 0.7
v -2.4 3 0.7
v 2.5 3 0.7
v 2.6 3 0.7
v -2.6 3 0.6
v -2.5 3 0.6
v 2.6 3 0.6
v 2.7 3 0.6
v -2.6 3 0.5
v -2.4 3 0.5
v 2.5 3 0.5
v 2.7 3 0.5
v 0.3 3 -0.3
v 0.4 3 -0.3
v 0.3 3 -0.4
v 0.4 3 -0.4
v -2.6 3 -2
v -2.4 3 -2
v 2.5 3 -2
v 2.7 3 -2
v -2.6 3 -2.1
v -2.5 3 -2.1
v 2.6 3 -2.1
v 2.7 3 -2.1
v -2.5 3 -2.2
v -2.4 3 -2.2
v 2.5 3 -2.2
v 2.6 3 -2.2
v -2.4 3.1 0.6
v -2.3 3.1 0.6
v 2.4 3.1 0.6
v 2.5 3.1 0.6
v -2.5 3.1 0.5
v -2.4 3.1 0.5
v 2.5 3.1 0.5
v 2.6 3.1 0.5
v -2.5 3.1 0.4
v -2.3 3.1 0.4
v 2.4 3.1 0.4
v 2.6 3.1 0.4
v 0.3 3.1 -0.1
v 0.4 3.1 -0.1
v 0.2 3.1 -0.2
v 0.3 3.1 -0.2
v 0.4 3.1 -0.2
v 0.5 3.1 -0.2
v 0.2 3.1 -0.3
v 0.3 3.1 -0.3
v 0.4 3.1 -0.3
v 0.5 3.1 -0.3
v -2.5 3.1 -1.9
v -2.3 3.1 -1.9
v 2.4 3.1 -1.9
v 2.6 3.1 -1.9
v -2.5 3.1 -2
v -2.4 3.1 -2
v 2.5 3.1 -2
v 2.6 3.1 -2
v -2.4 3.1 -2.1
v -2.3 3.1 -2.1
v 2.4 3.1 -2.1
v 2.5 3.1 -2.1
v -2.3 3.2 0.5
v -2.2 3.2 0.5
v 2.3 3.2 0.5
v 2.4 3.2 0.5
v -2.4 3.2 0.4
v -2.3 3.2 0.4
v 2.4 3.2 0.4
v 2.5 3.2 0.4
v -2.4 3.2 0.3
v -2.2 3.2 0.3
v 2.3 3.2 0.3
v 2.5 3.2 0.3
v -2.4 3.2 -1.8
v -2.2 3.2 -1.8
v 2.3 3.2 -1.8
v 2.5 3.2 -1.8
v -2.4 3.2 -1.9
v -2.3 3.2 -1.9
v 2.4 3.2 -1.9
v 2.5 3.2 -1.9
v -2.3 3.2 -2
v -2.2 3.2 -2
v 2.3 3.2 -2
v 2.4 3.2 -2
v -2.2 3.3 0.4
v -2.1 3.3 0.4
v 2.2 3.3 0.4
v 2.3 3.3 0.4
v -2.3 3.3 0.3
v -2.2 3.3 0.3
v 2.3 3.3 0.3
v 2.4 3.3 0.3
v -2.3 3.3 0.2
v -2.1 3.3 0.2
v 2.2 3.3 0.2
v 2.4 3.3 0.2
v -2.3 3.3 -1.7
v -2.1 3.3 -1.7
v 2.2 3.3 -1.7
v 2.4 3.3 -1.7
v -2.3 3.3 -1.8
v -2.2 3.3 -1.8
v 2.3 3.3 -1.8
v 2.4 3.3 -1.8
v -2.2 3.3 -1.9
v -2.1 3.3 -1.9
v 2.2 3.3 -1.9
v 2.3 3.3 -1.9
v -2.1 3.4 0.3
v -2 3.4 0.3
v 2.1 3.4 0.3
v 2.2 3.4 0.3
v -2.2 3.4 0.2
v -2.1 3.4 0.2
v 2.2 3.4 0.2
v 2.3 3.4 0.2
v -2.2 3.4 0.0999999
v -2 3.4 0.0999999
v 2.1 3.4 0.0999999
v 2.3 3.4 0.0999999
v -2.2 3.4 -1.6
v -2 3.4 -1.6
v 2.1 3.4 -1.6
v 2.3 3.4 -1.6
v -2.2 3.4 -1.7
v -2.1 3.4 -1.7
v 2.2 3.4 -1.7
v 2.3 3.4 -1.7
v -2.1 3.4 -1.8
v -2 3.4 -1.8
v 2.1 3.4 -1.8
v 2.2 3.4 -1.8
v -2 3.5 0.2
v -1.9 3.5 0.2
v 2 3.5 0.2
v 2.1 3.5 0.2
v -2.1 3.5 0.0999999
v -2 3.5 0.0999999
v 2.1 3.5 0.0999999
v 2.2 3.5 0.0999999
v -2.1 3.5 -1.19209e-07
v -1.9 3.5 -1.19209e-07
v 2 3.5 -1.19209e-07
v 2.2 3.5 -1.19209e-07
v -2.1 3.5 -1.5
v -1.9 3.5 -1.5
v 2 3.5 -1.5
v 2.2 3.5 -1.5
v -2.1 3.5 -1.6
v -2 3.5 -1.6
v 2.1 3.5 -1.6
v 2.2 3.5 -1.6
v -2 3.5 -1.7
v -1.9 3.5 -1.7
v 2 3.5 -1.7
v 2.1 3.5 -1.7
v -1.9 3.6 0.0999999
v 2 3.6 0.0999999
v -2 3.6 -1.19209e-07
v -1.9 3.6 -1.19209e-07
v -1.8 3.6 -1.19209e-07
v 1.9 3.6 -1.19209e-07
v 2 3.6 -1.19209e-07
v 2.1 3.6 -1.19209e-07
v -2 3.6 -1.5
v -1.9 3.6 -1.5
v -1.8 3.6 -1.5
v 1.9 3.6 -1.5
v 2 3.6 -1.5
v 2.1 3.6 -1.5
v -1.9 3.6 -1.6
v 2 3.6 -1.6
v 3.4 0.7 -0.4
v 3.5 0.7 -0.4
v 3.4 0.7 -1.1
v 3.5 0.7 -1.1
v 3.4 0.8 -0.3
v 3.5 0.8 -0.3
v 3.4 0.8 -0.4
v 3.5 0.8 -0.4
v 3.4 0.8 -1.1
v 3.5 0.8 -1.1
v 3.4 0.8 -1.2
v 3.5 0.8 -1.2
v -3.4 0.9 -1.6
v -3.3 0.9 -1.6
v -3.4 0.9 -1.7
v -3.3 0.9 -1.7
v -3.4 0.9 -1.8
v -3.3 0.9 -1.8
v -3.4 0.9 -2
v -3.3 0.9 -2
v 3.4 1.1 0.6
v 3.5 1.1 0.6
v 3.4 1.1 0.5
v 3.5 1.1 0.5
v -3.4 1.2 -1.6
v -3.3 1.2 -1.6
v -3.4 1.2 -1.8
v -3.3 1.2 -1.8
v -3.4 1.2 -1.9
v -3.3 1.2 -1.9
v -3.4 1.2 -2
v -3.3 1.2 -2
v 2 1.2 -2.9
v 2.8 1.2 -2.9
v 2 1.2 -3
v 2.8 1.2 -3
v 2.2 1.3 1.5
v 2.9 1.3 1.5
v 2.2 1.3 1.4
v 2.9 1.3 1.4
v 3.4 1.4 0.7
v 3.5 1.4 0.7
v 3.4 1.4 0.4
v 3.5 1.4 0.4
v -3.4 1.5 -1.5
v -3.3 1.5 -1.5
v -3.4 1.5 -2.1
v -3.3 1.5 -2.1
v 1.9 1.8 -2.9
v 2.9 1.8 -2.9
v 1.9 1.8 -3
v 2.9 1.8 -3
v 2.1 1.9 1.5
v 3 1.9 1.5
v 2.1 1.9 1.4
v 3 1.9 1.4
v -3.2 2.2 1.3
v 3.3 2.2 1.3
v 1.5 2.2 0.7
v 1.6 2.2 0.7
v -0.6 2.2 0.6
v -0.5 2.2 0.6
v -0.0999999 2.2 0.6
v 0 2.2 0.6
v 1.5 2.2 0.6
v 1.6 2.2 0.6
v -1.3 2.2 0.5
v -1.2 2.2 0.5
v -0.6 2.2 0.5
v -0.5 2.2 0.5
v -0.0999999 2.2 0.5
v 0 2.2 0.5
v -2.2 2.2 0.4
v -2.1 2.2 0.4
v -1.3 2.2 0.4
v -1.2 2.2 0.4
v 0.6 2.2 0.4
v 0.7 2.2 0.4
v -2.3 2.2 0.3
v -2.2 2.2 0.3
v 0.7 2.2 0.3
v 0.8 2.2 0.3
v -2.3 2.2 0.2
v -2.1 2.2 0.2
v 0.6 2.2 0.2
v 0.8 2.2 0.2
v -1.7 2.2 0.0999999
v -1.5 2.2 0.0999999
v -1.1 2.2 0.0999999
v -0.9 2.2 0.0999999
v -1.7 2.2 -1.19209e-07
v -1.6 2.2 -1.19209e-07
v -1.1 2.2 -1.19209e-07
v -1 2.2 -1.19209e-07
v -1.6 2.2 -0.1
v -1.5 2.2 -0.1
v -1 2.2 -0.2
v -0.9 2.2 -0.2
v -0.3 2.2 -0.2
v -0.2 2.2 -0.2
v 0.3 2.2 -0.2
v 0.4 2.2 -0.2
v 1.6 2.2 -0.2
v 1.7 2.2 -0.2
v -1.5 2.2 -0.3
v -1.4 2.2 -0.3
v -0.3 2.2 -0.3
v -0.2 2.2 -0.3
v 0.3 2.2 -0.3
v 0.4 2.2 -0.3
v 0.6 2.2 -0.3
v 0.7 2.2 -0.3
v 1.6 2.2 -0.3
v 1.7 2.2 -0.3
v -2 2.2 -0.4
v -1.9 2.2 -0.4
v -1.8 2.2 -0.4
v -1.5 2.2 -0.4
v -1.4 2.2 -0.4
v -0.3 2.2 -0.4
v -0.2 2.2 -0.4
v 0.6 2.2 -0.4
v 0.7 2.2 -0.4
v -2 2.2 -0.5
v -1.9 2.2 -0.5
v -1.8 2.2 -0.5
v -1.1 2.2 -0.8
v -1 2.2 -0.8
v 2.3 2.2 -0.8
v 2.4 2.2 -0.8
v -1.1 2.2 -0.9
v -1 2.2 -0.9
v 1.5 2.2 -0.9
v 1.6 2.2 -0.9
v 2.3 2.2 -0.9
v 2.4 2.2 -0.9
v -1.1 2.2 -1
v -1 2.2 -1
v 0.9 2.2 -1
v 1.1 2.2 -1
v 1.5 2.2 -1
v 1.6 2.2 -1
v 1 2.2 -1.1
v 1.1 2.2 -1.1
v -2.3 2.2 -1.2
v -2.2 2.2 -1.2
v 0.9 2.2 -1.2
v 1 2.2 -1.2
v -2.3 2.2 -1.3
v -2.2 2.2 -1.3
v 0.1 2.2 -1.3
v 0.2 2.2 -1.3
v -0.8 2.2 -1.4
v -0.7 2.2 -1.4
v 0.1 2.2 -1.4
v 0.2 2.2 -1.4
v -0.8 2.2 -1.5
v -0.7 2.2 -1.5
v 0.8 2.2 -1.6
v 0.9 2.2 -1.6
v 1.4 2.2 -1.6
v 1.5 2.2 -1.6
v 1.6 2.2 -1.6
v 2.2 2.2 -1.6
v 2.3 2.2 -1.6
v 0.8 2.2 -1.7
v 0.9 2.2 -1.7
v 1.4 2.2 -1.7
v 1.5 2.2 -1.7
v 1.6 2.2 -1.7
v 2.3 2.2 -1.7
v 2.4 2.2 -1.7
v -1.7 2.2 -1.8
v -1.6 2.2 -1.8
v 2.2 2.2 -1.8
v 2.4 2.2 -1.8
v -1.7 2.2 -1.9
v -1.6 2.2 -1.9
v -0.8 2.2 -1.9
v -0.6 2.2 -1.9
v -0.8 2.2 -2
v -0.6 2.2 -2
v 0.9 2.2 -2
v 1.1 2.2 -2
v -2.6 2.2 -2.1
v -2.3 2.2 -2.1
v 0.9 2.2 -2.1
v 1.1 2.2 -2.1
v -2.6 2.2 -2.2
v -2.5 2.2 -2.2
v -2.3 2.2 -2.2
v -2.2 2.2 -2.2
v 2.7 2.2 -2.2
v 2.9 2.2 -2.2
v -2.5 2.2 -2.3
v -2.2 2.2 -2.3
v 2.8 2.2 -2.3
v 2.9 2.2 -2.3
v 2.7 2.2 -2.4
v 2.8 2.2 -2.4
v -3.2 2.2 -2.8
v 3.3 2.2 -2.8
v -3.1 2.3 1.4
v 3.2 2.3 1.4
v -3.1 2.3 1.3
v 3.2 2.3 1.3
v -3.3 2.3 1.2
v -3.2 2.3 1.2
v 3.3 2.3 1.2
v 3.4 2.3 1.2
v 1.5 2.3 0.7
v 1.6 2.3 0.7
v -0.0999999 2.3 0.6
v 0 2.3 0.6
v 1.5 2.3 0.6
v 1.6 2.3 0.6
v -1.3 2.3 0.5
v -1.2 2.3 0.5
v -0.0999999 2.3 0.5
v 0 2.3 0.5
v -2.2 2.3 0.4
v -2.1 2.3 0.4
v -1.3 2.3 0.4
v -1.2 2.3 0.4
v 0.6 2.3 0.4
v 0.7 2.3 0.4
v -2.3 2.3 0.3
v -2.2 2.3 0.3
v 0.7 2.3 0.3
v 0.8 2.3 0.3
v -2.3 2.3 0.2
v -2.1 2.3 0.2
v 0.6 2.3 0.2
v 0.8 2.3 0.2
v -1.7 2.3 0.0999999
v -1.5 2.3 0.0999999
v -1.1 2.3 0.0999999
v -0.9 2.3 0.0999999
v -1.7 2.3 -1.19209e-07
v -1.6 2.3 -1.19209e-07
v -1.1 2.3 -1.19209e-07
v -1 2.3 -1.19209e-07
v -1.6 2.3 -0.1
v -1.5 2.3 -0.1
v -1 2.3 -0.2
v -0.9 2.3 -0.2
v 0.6 2.3 -0.3
v 0.7 2.3 -0.3
v 0.6 2.3 -0.4
v 0.7 2.3 -0.4
v 1.5 2.3 -0.9
v 1.6 2.3 -0.9
v 0.9 2.3 -1
v 1.1 2.3 -1
v 1.5 2.3 -1
v 1.6 2.3 -1
v 1 2.3 -1.1
v 1.1 2.3 -1.1
v -2.3 2.3 -1.2
v -2.2 2.3 -1.2
v 0.9 2.3 -1.2
v 1 2.3 -1.2
v -2.3 2.3 -1.3
v -2.2 2.3 -1.3
v 2.2 2.3 -1.6
v 2.3 2.3 -1.6
v 2.2 2.3 -1.7
v 2.3 2.3 -1.7
v 2.4 2.3 -1.7
v -1.7 2.3 -1.8
v -1.6 2.3 -1.8
v 2.3 2.3 -1.8
v 2.4 2.3 -1.8
v -1.7 2.3 -1.9
v -1.6 2.3 -1.9
v -0.8 2.3 -1.9
v -0.6 2.3 -1.9
v -0.8 2.3 -2
v -0.6 2.3 -2
v 0.9 2.3 -2
v 1.1 2.3 -2
v -2.6 2.3 -2.1
v -2.3 2.3 -2.1
v 0.9 2.3 -2.1
v 1.1 2.3 -2.1
v -2.6 2.3 -2.2
v -2.5 2.3 -2.2
v -2.3 2.3 -2.2
v -2.2 2.3 -2.2
v 2.7 2.3 -2.2
v 2.9 2.3 -2.2
v -2.5 2.3 -2.3
v -2.2 2.3 -2.3
v 2.8 2.3 -2.3
v 2.9 2.3 -2.3
v 2.7 2.3 -2.4
v 2.8 2.3 -2.4
v -3.3 2.3 -2.7
v -3.2 2.3 -2.7
v 3.3 2.3 -2.7
v 3.4 2.3 -2.7
v -3.1 2.3 -2.8
v 3.2 2.3 -2.8
v -3.1 2.3 -2.9
v 3.2 2.3 -2.9
v -3.3 2.4 1.4
v -3.1 2.4 1.4
v 3.2 2.4 1.4
v 3.4 2.4 1.4
v -3.2 2.4 1.3
v -3.1 2.4 1.3
v 3.2 2.4 1.3
v 3.3 2.4 1.3
v -3.3 2.4 1.2
v -3.2 2.4 1.2
v 3.3 2.4 1.2
v 3.4 2.4 1.2
v -0.3 2.4 -1.19209e-07
v -0.2 2.4 -1.19209e-07
v -0.4 2.4 -0.1
v -0.3 2.4 -0.1
v -0.2 2.4 -0.1
v -0.5 2.4 -0.2
v -0.4 2.4 -0.2
v -0.3 2.4 -0.2
v -0.0999999 2.4 -0.2
v 0 2.4 -0.2
v -1.4 2.4 -0.3
v -1.3 2.4 -0.3
v -0.5 2.4 -0.3
v -0.4 2.4 -0.3
v -0.3 2.4 -0.3
v -0.2 2.4 -0.3
v -0.0999999 2.4 -0.3
v 0 2.4 -0.3
v -2.1 2.4 -0.4
v -2 2.4 -0.4
v -1.9 2.4 -0.4
v -1.8 2.4 -0.4
v -1.5 2.4 -0.4
v -1.4 2.4 -0.4
v -1.3 2.4 -0.4
v -0.4 2.4 -0.4
v -0.3 2.4 -0.4
v -0.2 2.4 -0.4
v -0.0999999 2.4 -0.4
v -2.1 2.4 -0.5
v -2 2.4 -0.5
v -1.9 2.4 -0.5
v -1.8 2.4 -0.5
v -1.5 2.4 -0.5
v -1.4 2.4 -0.5
v -0.3 2.4 -0.5
v -0.2 2.4 -0.5
v -2 2.4 -0.6
v -1.9 2.4 -0.6
v -1.8 2.4 -0.6
v -1.1 2.4 -0.6
v -1 2.4 -0.6
v -1.2 2.4 -0.7
v -1.1 2.4 -0.7
v -1 2.4 -0.7
v -1.3 2.4 -0.8
v -1.2 2.4 -0.8
v -1.1 2.4 -0.8
v -0.9 2.4 -0.8
v -0.8 2.4 -0.8
v 2.2 2.4 -0.8
v 2.3 2.4 -0.8
v -1.3 2.4 -0.9
v -1.2 2.4 -0.9
v -1.1 2.4 -0.9
v -1 2.4 -0.9
v -0.9 2.4 -0.9
v -0.8 2.4 -0.9
v 2.2 2.4 -0.9
v 2.3 2.4 -0.9
v -1.2 2.4 -1
v -1.1 2.4 -1
v -1 2.4 -1
v -0.9 2.4 -1
v -1.1 2.4 -1.1
v -1 2.4 -1.1
v 1.3 2.4 -1.6
v 1.4 2.4 -1.6
v 1.5 2.4 -1.6
v 1.6 2.4 -1.6
v 1.3 2.4 -1.7
v 1.4 2.4 -1.7
v 1.5 2.4 -1.7
v 1.6 2.4 -1.7
v 2.2 2.4 -1.7
v 2.3 2.4 -1.7
v 1.4 2.4 -1.8
v 1.5 2.4 -1.8
v 1.6 2.4 -1.8
v 2.2 2.4 -1.8
v 2.3 2.4 -1.8
v -3.3 2.4 -2.7
v -3.2 2.4 -2.7
v 3.3 2.4 -2.7
v 3.4 2.4 -2.7
v -3.2 2.4 -2.8
v -3.1 2.4 -2.8
v 3.2 2.4 -2.8
v 3.3 2.4 -2.8
v -3.3 2.4 -2.9
v -3.1 2.4 -2.9
v 3.2 2.4 -2.9
v 3.4 2.4 -2.9
v -3.2 2.5 1.3
v -3 2.5 1.3
v 3.1 2.5 1.3
v 3.3 2.5 1.3
v -3.1 2.5 1.2
v -3 2.5 1.2
v 3.1 2.5 1.2
v 3.2 2.5 1.2
v -3.2 2.5 1.1
v -3.1 2.5 1.1
v 3.2 2.5 1.1
v 3.3 2.5 1.1
v -0.6 2.5 0.6
v -0.5 2.5 0.6
v -0.6 2.5 0.5
v -0.5 2.5 0.5
v 1.6 2.5 0.3
v 1.7 2.5 0.3
v 1.5 2.5 0.2
v 1.6 2.5 0.2
v 1.7 2.5 0.2
v 1.8 2.5 0.2
v 1.5 2.5 0.0999999
v 1.6 2.5 0.0999999
v 1.7 2.5 0.0999999
v 1.8 2.5 0.0999999
v -0.3 2.5 -0.1
v -0.2 2.5 -0.1
v -0.0999999 2.5 -0.1
v 1.9 2.5 -0.1
v 2 2.5 -0.1
v -0.4 2.5 -0.2
v -0.3 2.5 -0.2
v -0.2 2.5 -0.2
v -0.0999999 2.5 -0.2
v 1.2 2.5 -0.2
v 1.3 2.5 -0.2
v 1.9 2.5 -0.2
v 2 2.5 -0.2
v 2.1 2.5 -0.2
v -2 2.5 -0.3
v -1.9 2.5 -0.3
v -0.4 2.5 -0.3
v -0.3 2.5 -0.3
v -0.2 2.5 -0.3
v -0.0999999 2.5 -0.3
v 1.2 2.5 -0.3
v 1.3 2.5 -0.3
v 1.4 2.5 -0.3
v 2 2.5 -0.3
v 2.1 2.5 -0.3
v -2 2.5 -0.4
v -1.9 2.5 -0.4
v -0.3 2.5 -0.4
v -0.2 2.5 -0.4
v 1.3 2.5 -0.4
v 1.4 2.5 -0.4
v 1.7 2.5 -0.5
v 1.8 2.5 -0.5
v 1.6 2.5 -0.6
v 1.7 2.5 -0.6
v 1.8 2.5 -0.6
v -1.1 2.5 -0.7
v -1 2.5 -0.7
v -0.9 2.5 -0.7
v 1.6 2.5 -0.7
v 1.7 2.5 -0.7
v 2.3 2.5 -0.7
v 2.4 2.5 -0.7
v -1.2 2.5 -0.8
v -1.1 2.5 -0.8
v -1 2.5 -0.8
v -0.9 2.5 -0.8
v 0.1 2.5 -0.8
v 0.2 2.5 -0.8
v 2.3 2.5 -0.8
v 2.4 2.5 -0.8
v 2.5 2.5 -0.8
v -1.2 2.5 -0.9
v -1.1 2.5 -0.9
v -1 2.5 -0.9
v -0.9 2.5 -0.9
v 0 2.5 -0.9
v 0.1 2.5 -0.9
v 0.2 2.5 -0.9
v 0.3 2.5 -0.9
v 2.3 2.5 -0.9
v 2.4 2.5 -0.9
v 2.5 2.5 -0.9
v -1.1 2.5 -1
v -1 2.5 -1
v 0 2.5 -1
v 0.1 2.5 -1
v 0.2 2.5 -1
v 0.3 2.5 -1
v 2.3 2.5 -1
v 2.4 2.5 -1
v 0.4 2.5 -1.2
v 0.5 2.5 -1.2
v -0.3 2.5 -1.3
v -0.2 2.5 -1.3
v 0.4 2.5 -1.3
v 0.5 2.5 -1.3
v 0.6 2.5 -1.3
v -0.3 2.5 -1.4
v -0.2 2.5 -1.4
v -0.0999999 2.5 -1.4
v 0.5 2.5 -1.4
v 0.6 2.5 -1.4
v -0.2 2.5 -1.5
v -0.0999999 2.5 -1.5
v 0.8 2.5 -1.5
v 0.9 2.5 -1.5
v 1.4 2.5 -1.5
v 1.5 2.5 -1.5
v 0.2 2.5 -1.6
v 0.3 2.5 -1.6
v 0.7 2.5 -1.6
v 0.8 2.5 -1.6
v 0.9 2.5 -1.6
v 1 2.5 -1.6
v 1.4 2.5 -1.6
v 1.5 2.5 -1.6
v 0.1 2.5 -1.7
v 0.2 2.5 -1.7
v 0.3 2.5 -1.7
v 0.7 2.5 -1.7
v 0.8 2.5 -1.7
v 0.9 2.5 -1.7
v 1 2.5 -1.7
v 0.1 2.5 -1.8
v 0.2 2.5 -1.8
v 0.8 2.5 -1.8
v 0.9 2.5 -1.8
v -3.2 2.5 -2.6
v -3.1 2.5 -2.6
v 3.2 2.5 -2.6
v 3.3 2.5 -2.6
v -3.1 2.5 -2.7
v -3 2.5 -2.7
v 3.1 2.5 -2.7
v 3.2 2.5 -2.7
v -3.2 2.5 -2.8
v -3 2.5 -2.8
v 3.1 2.5 -2.8
v 3.3 2.5 -2.8
v -3.1 2.6 1.2
v -2.9 2.6 1.2
v 3 2.6 1.2
v 3.2 2.6 1.2
v -3 2.6 1.1
v -2.9 2.6 1.1
v 3 2.6 1.1
v 3.1 2.6 1.1
v -3.1 2.6 1
v -3 2.6 1
v 3.1 2.6 1
v 3.2 2.6 1
v -0.6 2.6 0.5
v -0.5 2.6 0.5
v -0.6 2.6 0.3
v -0.5 2.6 0.3
v 1.6 2.6 0.2
v 1.7 2.6 0.2
v 1.5 2.6 0.0999999
v 1.6 2.6 0.0999999
v 1.7 2.6 0.0999999
v 1.8 2.6 0.0999999
v 1.5 2.6 -1.19209e-07
v 1.6 2.6 -1.19209e-07
v 1.7 2.6 -1.19209e-07
v 1.8 2.6 -1.19209e-07
v 1.3 2.6 -0.1
v 1.4 2.6 -0.1
v -0.3 2.6 -0.2
v -0.2 2.6 -0.2
v 1.3 2.6 -0.2
v 1.4 2.6 -0.2
v 1.9 2.6 -0.2
v 2 2.6 -0.2
v -0.3 2.6 -0.3
v -0.2 2.6 -0.3
v 1.3 2.6 -0.3
v 1.4 2.6 -0.3
v 1.5 2.6 -0.3
v 1.8 2.6 -0.3
v 1.9 2.6 -0.3
v 2 2.6 -0.3
v 1.4 2.6 -0.4
v 1.5 2.6 -0.4
v 1.6 2.6 -0.4
v 1.7 2.6 -0.4
v 1.8 2.6 -0.4
v 1.9 2.6 -0.4
v 2 2.6 -0.4
v 1.5 2.6 -0.5
v 1.6 2.6 -0.5
v 1.7 2.6 -0.5
v 1.8 2.6 -0.5
v 1.5 2.6 -0.6
v 1.6 2.6 -0.6
v 1.7 2.6 -0.6
v -1.1 2.6 -0.8
v -1 2.6 -0.8
v 2.3 2.6 -0.8
v 2.4 2.6 -0.8
v -1.1 2.6 -0.9
v -1 2.6 -0.9
v 0.1 2.6 -0.9
v 0.2 2.6 -0.9
v 2.3 2.6 -0.9
v 2.4 2.6 -0.9
v 0 2.6 -1
v 0.1 2.6 -1
v 0.2 2.6 -1
v 0.3 2.6 -1
v 0 2.6 -1.1
v 0.1 2.6 -1.1
v 0.2 2.6 -1.1
v 0.3 2.6 -1.1
v -0.2 2.6 -1.2
v -0.0999999 2.6 -1.2
v -0.2 2.6 -1.3
v -0.0999999 2.6 -1.3
v 0.4 2.6 -1.3
v 0.5 2.6 -1.3
v -0.9 2.6 -1.4
v -0.8 2.6 -1.4
v -0.7 2.6 -1.4
v -0.6 2.6 -1.4
v -0.2 2.6 -1.4
v -0.0999999 2.6 -1.4
v 0 2.6 -1.4
v 0.3 2.6 -1.4
v 0.4 2.6 -1.4
v 0.5 2.6 -1.4
v -0.9 2.6 -1.5
v -0.8 2.6 -1.5
v -0.7 2.6 -1.5
v -0.6 2.6 -1.5
v -0.0999999 2.6 -1.5
v 0 2.6 -1.5
v 0.1 2.6 -1.5
v 0.2 2.6 -1.5
v 0.3 2.6 -1.5
v 0.4 2.6 -1.5
v 0.5 2.6 -1.5
v 0 2.6 -1.6
v 0.1 2.6 -1.6
v 0.2 2.6 -1.6
v 0.3 2.6 -1.6
v 0.8 2.6 -1.6
v 0.9 2.6 -1.6
v 0 2.6 -1.7
v 0.1 2.6 -1.7
v 0.2 2.6 -1.7
v 0.8 2.6 -1.7
v 0.9 2.6 -1.7
v -3.1 2.6 -2.5
v -3 2.6 -2.5
v 3.1 2.6 -2.5
v 3.2 2.6 -2.5
v -3 2.6 -2.6
v -2.9 2.6 -2.6
v 3 2.6 -2.6
v 3.1 2.6 -2.6
v -3.1 2.6 -2.7
v -2.9 2.6 -2.7
v 3 2.6 -2.7
v 3.2 2.6 -2.7
v -3 2.7 1.1
v -2.8 2.7 1.1
v 2.9 2.7 1.1
v 3.1 2.7 1.1
v -2.9 2.7 1
v -2.8 2.7 1
v 2.9 2.7 1
v 3 2.7 1
v -3 2.7 0.9
v -2.9 2.7 0.9
v 3 2.7 0.9
v 3.1 2.7 0.9
v 1.6 2.7 0.0999999
v 1.7 2.7 0.0999999
v 1.5 2.7 -1.19209e-07
v 1.6 2.7 -1.19209e-07
v 1.7 2.7 -1.19209e-07
v 1.4 2.7 -0.1
v 1.5 2.7 -0.1
v 1.6 2.7 -0.1
v 1.8 2.7 -0.1
v 1.9 2.7 -0.1
v -1.5 2.7 -0.2
v -1.4 2.7 -0.2
v 1.4 2.7 -0.2
v 1.5 2.7 -0.2
v 1.8 2.7 -0.2
v 1.9 2.7 -0.2
v -1.5 2.7 -0.3
v -1.4 2.7 -0.3
v -1.3 2.7 -0.3
v 1.4 2.7 -0.3
v 1.5 2.7 -0.3
v 1.7 2.7 -0.3
v 1.8 2.7 -0.3
v 1.9 2.7 -0.3
v -2.1 2.7 -0.4
v -2 2.7 -0.4
v -1.9 2.7 -0.4
v -1.8 2.7 -0.4
v -1.4 2.7 -0.4
v -1.3 2.7 -0.4
v 1.6 2.7 -0.4
v 1.7 2.7 -0.4
v 1.8 2.7 -0.4
v -2.1 2.7 -0.5
v -2 2.7 -0.5
v -1.9 2.7 -0.5
v -1.8 2.7 -0.5
v 1.6 2.7 -0.5
v 1.7 2.7 -0.5
v -2 2.7 -0.6
v -1.9 2.7 -0.6
v 0.1 2.7 -1
v 0.2 2.7 -1
v 0 2.7 -1.1
v 0.1 2.7 -1.1
v 0.2 2.7 -1.1
v -0.8 2.7 -1.2
v -0.7 2.7 -1.2
v -0.0999999 2.7 -1.2
v 0 2.7 -1.2
v 0.1 2.7 -1.2
v 0.3 2.7 -1.2
v 0.4 2.7 -1.2
v -0.8 2.7 -1.3
v -0.0999999 2.7 -1.3
v 0 2.7 -1.3
v 0.3 2.7 -1.3
v 0.4 2.7 -1.3
v -0.8 2.7 -1.4
v -0.7 2.7 -1.4
v -0.0999999 2.7 -1.4
v 0 2.7 -1.4
v 0.2 2.7 -1.4
v 0.3 2.7 -1.4
v 0.4 2.7 -1.4
v -1 2.7 -1.5
v -0.8 2.7 -1.5
v -0.7 2.7 -1.5
v -0.5 2.7 -1.5
v 0.1 2.7 -1.5
v 0.2 2.7 -1.5
v 0.3 2.7 -1.5
v -1 2.7 -1.6
v -0.9 2.7 -1.6
v -0.7 2.7 -1.6
v -0.6 2.7 -1.6
v -0.5 2.7 -1.6
v 0.1 2.7 -1.6
v 0.2 2.7 -1.6
v 1.3 2.7 -1.6
v 1.4 2.7 -1.6
v 1.5 2.7 -1.6
v 1.6 2.7 -1.6
v -0.9 2.7 -1.7
v -0.8 2.7 -1.7
v -0.6 2.7 -1.7
v -0.5 2.7 -1.7
v 1.3 2.7 -1.7
v 1.4 2.7 -1.7
v 1.5 2.7 -1.7
v 1.6 2.7 -1.7
v 1.4 2.7 -1.8
v 1.5 2.7 -1.8
v -3 2.7 -2.4
v -2.9 2.7 -2.4
v 3 2.7 -2.4
v 3.1 2.7 -2.4
v -2.9 2.7 -2.5
v -2.8 2.7 -2.5
v 2.9 2.7 -2.5
v 3 2.7 -2.5
v -3 2.7 -2.6
v -2.8 2.7 -2.6
v 2.9 2.7 -2.6
v 3.1 2.7 -2.6
v -2.9 2.8 1
v -2.7 2.8 1
v 2.8 2.8 1
v 3 2.8 1
v -2.8 2.8 0.9
v -2.7 2.8 0.9
v 2.8 2.8 0.9
v 2.9 2.8 0.9
v -2.9 2.8 0.8
v -2.8 2.8 0.8
v 2.9 2.8 0.8
v 3 2.8 0.8
v 0.3 2.8 0.0999999
v 0.4 2.8 0.0999999
v 0.3 2.8 -1.19209e-07
v 0.4 2.8 -1.19209e-07
v 1.6 2.8 -1.19209e-07
v 1.7 2.8 -1.19209e-07
v 1.8 2.8 -1.19209e-07
v 1.5 2.8 -0.1
v 1.6 2.8 -0.1
v 1.7 2.8 -0.1
v 1.8 2.8 -0.1
v 0 2.8 -0.2
v 0.1 2.8 -0.2
v 0.6 2.8 -0.2
v 0.7 2.8 -0.2
v 1.6 2.8 -0.2
v 1.7 2.8 -0.2
v -2 2.8 -0.3
v -1.9 2.8 -0.3
v -1.5 2.8 -0.3
v -1.4 2.8 -0.3
v 0 2.8 -0.3
v 0.1 2.8 -0.3
v 0.6 2.8 -0.3
v 0.7 2.8 -0.3
v 1.5 2.8 -0.3
v 1.6 2.8 -0.3
v 1.7 2.8 -0.3
v 1.8 2.8 -0.3
v -2 2.8 -0.4
v -1.9 2.8 -0.4
v -1.5 2.8 -0.4
v -1.4 2.8 -0.4
v 1.5 2.8 -0.4
v 1.6 2.8 -0.4
v 1.7 2.8 -0.4
v 0.3 2.8 -0.5
v 0.4 2.8 -0.5
v 0.3 2.8 -0.6
v 0.4 2.8 -0.6
v -0.9 2.8 -1.1
v -0.8 2.8 -1.1
v 0.1 2.8 -1.1
v 0.2 2.8 -1.1
v 0.3 2.8 -1.1
v 0 2.8 -1.2
v 0.1 2.8 -1.2
v 0.2 2.8 -1.2
v 0.3 2.8 -1.2
v -0.9 2.8 -1.3
v -0.8 2.8 -1.3
v 0.1 2.8 -1.3
v 0.2 2.8 -1.3
v 0 2.8 -1.4
v 0.1 2.8 -1.4
v 0.2 2.8 -1.4
v 0.3 2.8 -1.4
v 0 2.8 -1.5
v 0.1 2.8 -1.5
v 0.2 2.8 -1.5
v 1.4 2.8 -1.5
v 1.5 2.8 -1.5
v -1 2.8 -1.6
v -0.9 2.8 -1.6
v -0.5 2.8 -1.6
v -0.4 2.8 -1.6
v 1.4 2.8 -1.6
v 1.5 2.8 -1.6
v -1 2.8 -1.7
v -0.9 2.8 -1.7
v -0.5 2.8 -1.7
v -0.4 2.8 -1.7
v -2.9 2.8 -2.3
v -2.8 2.8 -2.3
v 2.9 2.8 -2.3
v 3 2.8 -2.3
v -2.8 2.8 -2.4
v -2.7 2.8 -2.4
v 2.8 2.8 -2.4
v 2.9 2.8 -2.4
v -2.9 2.8 -2.5
v -2.7 2.8 -2.5
v 2.8 2.8 -2.5
v 3 2.8 -2.5
v -2.8 2.9 0.9
v -2.6 2.9 0.9
v 2.7 2.9 0.9
v 2.9 2.9 0.9
v -2.7 2.9 0.8
v -2.6 2.9 0.8
v 2.7 2.9 0.8
v 2.8 2.9 0.8
v -2.8 2.9 0.7
v -2.7 2.9 0.7
v 2.8 2.9 0.7
v 2.9 2.9 0.7
v 0.3 2.9 -1.19209e-07
v 0.4 2.9 -1.19209e-07
v 0.1 2.9 -0.2
v 0.3 2.9 -0.2
v 0.4 2.9 -0.2
v 0.6 2.9 -0.2
v 1.6 2.9 -0.2
v 1.7 2.9 -0.2
v 0.1 2.9 -0.3
v 0.3 2.9 -0.3
v 0.4 2.9 -0.3
v 0.6 2.9 -0.3
v 1.6 2.9 -0.3
v 1.7 2.9 -0.3
v -2 2.9 -0.4
v -1.9 2.9 -0.4
v -2 2.9 -0.5
v -1.9 2.9 -0.5
v 0.3 2.9 -0.5
v 0.4 2.9 -0.5
v 0.1 2.9 -1.3
v 0.2 2.9 -1.3
v 0.1 2.9 -1.4
v 0.2 2.9 -1.4
v 1.4 2.9 -1.6
v 1.5 2.9 -1.6
v 1.4 2.9 -1.7
v 1.5 2.9 -1.7
v -2.8 2.9 -2.2
v -2.7 2.9 -2.2
v 2.8 2.9 -2.2
v 2.9 2.9 -2.2
v -2.7 2.9 -2.3
v -2.6 2.9 -2.3
v 2.7 2.9 -2.3
v 2.8 2.9 -2.3
v -2.8 2.9 -2.4
v -2.6 2.9 -2.4
v 2.7 2.9 -2.4
v 2.9 2.9 -2.4
v -2.7 3 0.8
v -2.5 3 0.8
v 2.6 3 0.8
v 2.8 3 0.8
v -2.6 3 0.7
v -2.5 3 0.7
v 2.6 3 0.7
v 2.7 3 0.7
v -2.7 3 0.6
v -2.6 3 0.6
v 2.7 3 0.6
v 2.8 3 0.6
v -2.7 3 -2.1
v -2.6 3 -2.1
v 2.7 3 -2.1
v 2.8 3 -2.1
v -2.6 3 -2.2
v -2.5 3 -2.2
v 2.6 3 -2.2
v 2.7 3 -2.2
v -2.7 3 -2.3
v -2.5 3 -2.3
v 2.6 3 -2.3
v 2.8 3 -2.3
v -2.6 3.1 0.7
v -2.4 3.1 0.7
v 2.5 3.1 0.7
v 2.7 3.1 0.7
v -2.5 3.1 0.6
v -2.4 3.1 0.6
v 2.5 3.1 0.6
v 2.6 3.1 0.6
v -2.6 3.1 0.5
v -2.5 3.1 0.5
v 2.6 3.1 0.5
v 2.7 3.1 0.5
v -2.6 3.1 -2
v -2.5 3.1 -2
v 2.6 3.1 -2
v 2.7 3.1 -2
v -2.5 3.1 -2.1
v -2.4 3.1 -2.1
v 2.5 3.1 -2.1
v 2.6 3.1 -2.1
v -2.6 3.1 -2.2
v -2.4 3.1 -2.2
v 2.5 3.1 -2.2
v 2.7 3.1 -2.2
v -2.5 3.2 0.6
v -2.3 3.2 0.6
v 2.4 3.2 0.6
v 2.6 3.2 0.6
v -2.4 3.2 0.5
v -2.3 3.2 0.5
v 2.4 3.2 0.5
v 2.5 3.2 0.5
v -2.5 3.2 0.4
v -2.4 3.2 0.4
v 2.5 3.2 0.4
v 2.6 3.2 0.4
v 0.3 3.2 -0.1
v 0.4 3.2 -0.1
v 0.2 3.2 -0.2
v 0.3 3.2 -0.2
v 0.4 3.2 -0.2
v 0.5 3.2 -0.2
v 0.2 3.2 -0.3
v 0.3 3.2 -0.3
v 0.4 3.2 -0.3
v 0.5 3.2 -0.3
v 0.3 3.2 -0.4
v 0.4 3.2 -0.4
v -2.5 3.2 -1.9
v -2.4 3.2 -1.9
v 2.5 3.2 -1.9
v 2.6 3.2 -1.9
v -2.4 3.2 -2
v -2.3 3.2 -2
v 2.4 3.2 -2
v 2.5 3.2 -2
v -2.5 3.2 -2.1
v -2.3 3.2 -2.1
v 2.4 3.2 -2.1
v 2.6 3.2 -2.1
v -2.4 3.3 0.5
v -2.2 3.3 0.5
v 2.3 3.3 0.5
v 2.5 3.3 0.5
v -2.3 3.3 0.4
v -2.2 3.3 0.4
v 2.3 3.3 0.4
v 2.4 3.3 0.4
v -2.4 3.3 0.3
v -2.3 3.3 0.3
v 2.4 3.3 0.3
v 2.5 3.3 0.3
v 0.3 3.3 -0.2
v 0.4 3.3 -0.2
v 0.3 3.3 -0.3
v 0.4 3.3 -0.3
v -2.4 3.3 -1.8
v -2.3 3.3 -1.8
v 2.4 3.3 -1.8
v 2.5 3.3 -1.8
v -2.3 3.3 -1.9
v -2.2 3.3 -1.9
v 2.3 3.3 -1.9
v 2.4 3.3 -1.9
v -2.4 3.3 -2
v -2.2 3.3 -2
v 2.3 3.3 -2
v 2.5 3.3 -2
v -2.3 3.4 0.4
v -2.1 3.4 0.4
v 2.2 3.4 0.4
v 2.4 3.4 0.4
v -2.2 3.4 0.3
v -2.1 3.4 0.3
v 2.2 3.4 0.3
v 2.3 3.4 0.3
v -2.3 3.4 0.2
v -2.2 3.4 0.2
v 2.3 3.4 0.2
v 2.4 3.4 0.2
v -2.3 3.4 -1.7
v -2.2 3.4 -1.7
v 2.3 3.4 -1.7
v 2.4 3.4 -1.7
v -2.2 3.4 -1.8
v -2.1 3.4 -1.8
v 2.2 3.4 -1.8
v 2.3 3.4 -1.8
v -2.3 3.4 -1.9
v -2.1 3.4 -1.9
v 2.2 3.4 -1.9
v 2.4 3.4 -1.9
v -2.2 3.5 0.3
v -2 3.5 0.3
v 2.1 3.5 0.3
v 2.3 3.5 0.3
v -2.1 3.5 0.2
v -2 3.5 0.2
v 2.1 3.5 0.2
v 2.2 3.5 0.2
v -2.2 3.5 0.0999999
v -2.1 3.5 0.0999999
v 2.2 3.5 0.0999999
v 2.3 3.5 0.0999999
v -2.2 3.5 -1.6
v -2.1 3.5 -1.6
v 2.2 3.5 -1.6
v 2.3 3.5 -1.6
v -2.1 3.5 -1.7
v -2 3.5 -1.7
v 2.1 3.5 -1.7
v 2.2 3.5 -1.7
v -2.2 3.5 -1.8
v -2 3.5 -1.8
v 2.1 3.5 -1.8
v 2.3 3.5 -1.8
v -2.1 3.6 0.2
v -1.9 3.6 0.2
v 2 3.6 0.2
v 2.2 3.6 0.2
v -2 3.6 0.0999999
v -1.9 3.6 0.0999999
v 2 3.6 0.0999999
v 2.1 3.6 0.0999999
v -2.1 3.6 -1.19209e-07
v -2 3.6 -1.19209e-07
v 2.1 3.6 -1.19209e-07
v 2.2 3.6 -1.19209e-07
v -2.1 3.6 -1.5
v -2 3.6 -1.5
v 2.1 3.6 -1.5
v 2.2 3.6 -1.5
v -2 3.6 -1.6
v -1.9 3.6 -1.6
v 2 3.6 -1.6
v 2.1 3.6 -1.6
v -2.1 3.6 -1.7
v -1.9 3.6 -1.7
v 2 3.6 -1.7
v 2.2 3.6 -1.7
v -2 3.7 0.0999999
v 2.1 3.7 0.0999999
v -1.8 3.7 -1.19209e-07
v 1.9 3.7 -1.19209e-07
v -1.8 3.7 -1.5
v 1.9 3.7 -1.5
v -2 3.7 -1.6
v 2.1 3.7 -1.6

# faces
f 3/9/1 2/9/1 1/9/1
f 4/9/1 2/9/1 3/9/1
f 5/9/1 2/9/1 4/9/1
f 6/9/1 2/9/1 5/9/1
f 7/9/1 3/9/1 1/9/1
f 8/9/1 5/9/1 4/9/1
f 9/9/1 5/9/1 8/9/1
f 10/9/1 2/9/1 6/9/1
f 11/9/1 9/9/1 8/9/1
f 11/9/1 10/9/1 9/9/1
f 11/9/1 7/9/1 1/9/1
f 11/9/1 8/9/1 7/9/1
f 12/9/1 10/9/1 11/9/1
f 13/9/1 10/9/1 12/9/1
f 14/9/1 2/9/1 10/9/1
f 14/9/1 10/9/1 13/9/1
f 15/9/1 11/9/1 1/9/1
f 16/9/1 13/9/1 12/9/1
f 17/9/1 13/9/1 16/9/1
f 18/9/1 2/9/1 14/9/1
f 19/9/1 15/9/1 1/9/1
f 19/9/1 18/9/1 17/9/1
f 19/9/1 17/9/1 16/9/1
f 19/9/1 16/9/1 15/9/1
f 20/9/1 2/9/1 18/9/1
f 20/9/1 18/9/1 19/9/1
f 23/9/1 22/9/1 21/9/1
f 24/9/1 22/9/1 23/9/1
f 25/9/1 23/9/1 21/9/1
f 25/7/1 24/7/1 23/7/1
f 26/9/1 22/9/1 24/9/1
f 26/7/1 24/7/1 25/7/1
f 27/9/1 26/9/1 25/9/1
f 28/9/1 26/9/1 27/9/1
f 29/9/1 27/9/1 25/9/1
f 30/9/1 27/9/1 29/9/1
f 35/9/1 29/9/1 25/9/1
f 35/4/1 30/4/1 29/4/1
f 36/9/1 27/9/1 30/9/1
f 36/4/1 30/4/1 35/4/1
f 37/9/1 35/9/1 25/9/1
f 37/9/1 36/9/1 35/9/1
f 38/9/1 36/9/1 37/9/1
f 39/8/1 32/8/1 31/8/1
f 40/8/1 32/8/1 39/8/1
f 41/8/1 34/8/1 33/8/1
f 42/8/1 34/8/1 41/8/1
f 43/9/1 37/9/1 25/9/1
f 43/4/1 38/4/1 37/4/1
f 44/9/1 36/9/1 38/9/1
f 44/4/1 38/4/1 43/4/1
f 49/9/1 43/9/1 25/9/1
f 49/9/1 44/9/1 43/9/1
f 50/9/1 27/9/1 36/9/1
f 50/9/1 44/9/1 49/9/1
f 50/9/1 36/9/1 44/9/1
f 51/9/1 49/9/1 25/9/1
f 51/4/1 50/4/1 49/4/1
f 52/9/1 27/9/1 50/9/1
f 52/4/1 50/4/1 51/4/1
f 53/8/1 46/8/1 45/8/1
f 54/8/1 46/8/1 53/8/1
f 55/8/1 48/8/1 47/8/1
f 56/8/1 48/8/1 55/8/1
f 57/9/1 51/9/1 25/9/1
f 57/9/1 52/9/1 51/9/1
f 58/9/1 52/9/1 57/9/1
f 59/9/1 27/9/1 52/9/1
f 59/9/1 52/9/1 58/9/1
f 60/9/1 26/9/1 28/9/1
f 61/9/1 57/9/1 25/9/1
f 61/4/1 58/4/1 57/4/1
f 62/9/1 59/9/1 58/9/1
f 62/4/1 58/4/1 61/4/1
f 62/9/1 60/9/1 59/9/1
f 63/9/1 25/9/1 21/9/1
f 63/9/1 61/9/1 25/9/1
f 63/9/1 62/9/1 61/9/1
f 64/9/1 60/9/1 62/9/1
f 64/9/1 62/9/1 63/9/1
f 64/9/1 22/9/1 26/9/1
f 64/9/1 26/9/1 60/9/1
f 65/9/1 63/9/1 21/9/1
f 66/9/1 63/9/1 65/9/1
f 67/9/1 22/9/1 64/9/1
f 68/9/1 22/9/1 67/9/1
f 75/9/1 70/9/1 69/9/1
f 75/9/1 71/9/1 70/9/1
f 76/9/1 71/9/1 75/9/1
f 77/9/1 74/9/1 73/9/1
f 77/9/1 73/9/1 72/9/1
f 78/9/1 74/9/1 77/9/1
f 85/9/1 80/9/1 79/9/1
f 85/9/1 81/9/1 80/9/1
f 86/9/1 81/9/1 85/9/1
f 87/9/1 84/9/1 83/9/1
f 87/9/1 83/9/1 82/9/1
f 88/9/1 84/9/1 87/9/1
f 95/9/1 90/9/1 89/9/1
f 95/9/1 91/9/1 90/9/1
f 96/9/1 91/9/1 95/9/1
f 97/9/1 94/9/1 93/9/1
f 97/9/1 93/9/1 92/9/1
f 98/9/1 94/9/1 97/9/1
f 105/9/1 100/9/1 99/9/1
f 105/9/1 101/9/1 100/9/1
f 106/9/1 101/9/1 105/9/1
f 107/9/1 104/9/1 103/9/1
f 107/9/1 103/9/1 102/9/1
f 108/9/1 104/9/1 107/9/1
f 115/9/1 110/9/1 109/9/1
f 115/9/1 111/9/1 110/9/1
f 116/9/1 111/9/1 115/9/1
f 117/9/1 114/9/1 113/9/1
f 117/9/1 113/9/1 112/9/1
f 118/9/1 114/9/1 117/9/1
f 125/9/1 120/9/1 119/9/1
f 125/9/1 121/9/1 120/9/1
f 126/9/1 121/9/1 125/9/1
f 127/9/1 124/9/1 123/9/1
f 127/9/1 123/9/1 122/9/1
f 128/9/1 124/9/1 127/9/1
f 131/2/1 130/2/1 129/2/1
f 132/2/1 130/2/1 131/2/1
f 139/9/1 134/9/1 133/9/1
f 139/9/1 135/9/1 134/9/1
f 140/9/1 135/9/1 139/9/1
f 141/9/1 138/9/1 137/9/1
f 141/9/1 137/9/1 136/9/1
f 142/9/1 138/9/1 141/9/1
f 145/2/1 144/2/1 143/2/1
f 146/2/1 144/2/1 145/2/1
f 153/9/1 148/9/1 147/9/1
f 153/9/1 149/9/1 148/9/1
f 154/9/1 149/9/1 153/9/1
f 155/9/1 152/9/1 151/9/1
f 155/9/1 151/9/1 150/9/1
f 156/9/1 152/9/1 155/9/1
f 163/9/1 158/9/1 157/9/1
f 163/9/1 159/9/1 158/9/1
f 164/9/1 159/9/1 163/9/1
f 165/9/1 162/9/1 161/9/1
f 165/9/1 161/9/1 160/9/1
f 166/9/1 162/9/1 165/9/1
f 171/2/1 168/2/1 167/2/1
f 172/2/1 168/2/1 171/2/1
f 173/1/1 170/1/1 169/1/1
f 174/1/1 170/1/1 173/1/1
f 181/9/1 177/9/1 176/9/1
f 181/9/1 176/9/1 175/9/1
f 182/9/1 177/9/1 181/9/1
f 183/9/1 180/9/1 179/9/1
f 183/9/1 179/9/1 178/9/1
f 184/9/1 180/9/1 183/9/1
f 187/2/1 186/2/1 185/2/1
f 188/2/1 186/2/1 187/2/1
f 195/9/1 190/9/1 189/9/1
f 195/9/1 191/9/1 190/9/1
f 196/9/1 191/9/1 195/9/1
f 197/9/1 194/9/1 193/9/1
f 197/9/1 193/9/1 192/9/1
f 198/9/1 194/9/1 197/9/1
f 201/2/1 200/2/1 199/2/1
f 202/2/1 200/2/1 201/2/1
f 205/2/1 204/2/1 203/2/1
f 206/2/1 204/2/1 205/2/1
f 213/9/1 209/9/1 208/9/1
f 213/9/1 208/9/1 207/9/1
f 214/9/1 209/9/1 213/9/1
f 215/9/1 212/9/1 211/9/1
f 215/9/1 211/9/1 210/9/1
f 216/9/1 212/9/1 215/9/1
f 220/2/1 218/2/1 217/2/1
f 221/2/1 218/2/1 220/2/1
f 223/2/1 220/2/1 219/2/1
f 224/2/1 220/2/1 223/2/1
f 225/2/1 222/2/1 221/2/1
f 226/2/1 222/2/1 225/2/1
f 227/4/1 224/4/1 223/4/1
f 228/2/1 225/2/1 224/2/1
f 228/4/1 224/4/1 227/4/1
f 229/2/1 225/2/1 228/2/1
f 232/2/1 229/2/1 228/2/1
f 233/3/1 230/3/1 229/3/1
f 233/2/1 229/2/1 232/2/1
f 234/3/1 230/3/1 233/3/1
f 235/2/1 232/2/1 231/2/1
f 236/2/1 232/2/1 235/2/1
f 237/2/1 234/2/1 233/2/1
f 238/2/1 234/2/1 237/2/1
f 239/1/1 236/1/1 235/1/1
f 240/2/1 237/2/1 236/2/1
f 240/1/1 236/1/1 239/1/1
f 241/2/1 237/2/1 240/2/1
f 242/4/1 241/4/1 240/4/1
f 243/4/1 241/4/1 242/4/1
f 248/9/1 245/9/1 244/9/1
f 248/9/1 247/9/1 246/9/1
f 248/9/1 246/9/1 245/9/1
f 249/9/1 247/9/1 248/9/1
f 254/6/1 251/6/1 250/6/1
f 255/6/1 251/6/1 254/6/1
f 256/3/1 253/3/1 252/3/1
f 257/3/1 253/3/1 256/3/1
f 260/6/1 259/6/1 258/6/1
f 261/6/1 259/6/1 260/6/1
f 264/6/1 263/6/1 262/6/1
f 266/6/1 264/6/1 262/6/1
f 266/6/1 265/6/1 264/6/1
f 267/6/1 265/6/1 266/6/1
f 269/6/1 266/6/1 262/6/1
f 270/6/1 269/6/1 268/6/1
f 271/6/1 266/6/1 269/6/1
f 271/6/1 269/6/1 270/6/1
f 272/6/1 266/6/1 271/6/1
f 273/6/1 266/6/1 272/6/1
f 276/1/1 275/1/1 274/1/1
f 277/1/1 275/1/1 276/1/1
f 280/6/1 279/6/1 278/6/1
f 281/6/1 279/6/1 280/6/1
f 286/6/1 283/6/1 282/6/1
f 287/6/1 283/6/1 286/6/1
f 288/6/1 285/6/1 284/6/1
f 289/6/1 285/6/1 288/6/1
f 290/6/1 288/6/1 287/6/1
f 291/6/1 288/6/1 290/6/1
f 297/2/1 293/2/1 292/2/1
f 298/2/1 293/2/1 297/2/1
f 301/6/1 295/6/1 294/6/1
f 302/3/1 296/3/1 295/3/1
f 302/6/1 295/6/1 301/6/1
f 303/3/1 296/3/1 302/3/1
f 305/6/1 300/6/1 299/6/1
f 306/6/1 300/6/1 305/6/1
f 309/6/1 304/6/1 303/6/1
f 310/6/1 304/6/1 309/6/1
f 311/6/1 307/6/1 306/6/1
f 312/6/1 307/6/1 311/6/1
f 313/6/1 309/6/1 308/6/1
f 314/6/1 309/6/1 313/6/1
f 315/6/1 313/6/1 312/6/1
f 316/6/1 313/6/1 315/6/1
f 319/2/1 318/2/1 317/2/1
f 320/2/1 318/2/1 319/2/1
f 323/4/1 322/4/1 321/4/1
f 324/4/1 322/4/1 323/4/1
f 325/4/1 322/4/1 324/4/1
f 326/4/1 322/4/1 325/4/1
f 331/4/1 328/4/1 327/4/1
f 332/4/1 328/4/1 331/4/1
f 333/4/1 328/4/1 332/4/1
f 335/4/1 330/4/1 329/4/1
f 336/4/1 335/4/1 334/4/1
f 337/4/1 330/4/1 335/4/1
f 337/4/1 335/4/1 336/4/1
f 342/1/1 341/1/1 340/1/1
f 343/1/1 341/1/1 342/1/1
f 345/4/1 339/4/1 338/4/1
f 346/4/1 339/4/1 345/4/1
f 347/4/1 345/4/1 344/4/1
f 348/4/1 345/4/1 347/4/1
f 349/4/1 348/4/1 347/4/1
f 350/4/1 348/4/1 349/4/1
f 353/4/1 352/4/1 351/4/1
f 354/4/1 352/4/1 353/4/1
f 355/4/1 352/4/1 354/4/1
f 358/2/1 357/2/1 356/2/1
f 360/2/1 358/2/1 356/2/1
f 360/2/1 359/2/1 358/2/1
f 361/2/1 359/2/1 360/2/1
f 362/2/1 359/2/1 361/2/1
f 364/2/1 363/2/1 362/2/1
f 364/2/1 362/2/1 361/2/1
f 365/2/1 363/2/1 364/2/1
f 368/4/1 367/4/1 366/4/1
f 369/4/1 367/4/1 368/4/1
f 372/6/1 371/6/1 370/6/1
f 373/6/1 371/6/1 372/6/1
f 376/4/1 375/4/1 374/4/1
f 377/4/1 375/4/1 376/4/1
f 382/6/1 379/6/1 378/6/1
f 383/6/1 379/6/1 382/6/1
f 384/6/1 381/6/1 380/6/1
f 385/6/1 381/6/1 384/6/1
f 386/6/1 384/6/1 383/6/1
f 387/6/1 384/6/1 386/6/1
f 393/6/1 389/6/1 388/6/1
f 394/3/1 390/3/1 389/3/1
f 394/6/1 389/6/1 393/6/1
f 395/3/1 390/3/1 394/3/1
f 397/6/1 392/6/1 391/6/1
f 398/6/1 392/6/1 397/6/1
f 401/6/1 396/6/1 395/6/1
f 402/6/1 396/6/1 401/6/1
f 405/6/1 399/6/1 398/6/1
f 406/6/1 399/6/1 405/6/1
f 407/6/1 401/6/1 400/6/1
f 408/6/1 401/6/1 407/6/1
f 409/6/1 404/6/1 403/6/1
f 410/6/1 404/6/1 409/6/1
f 411/6/1 407/6/1 406/6/1
f 412/6/1 407/6/1 411/6/1
f 417/6/1 414/6/1 413/6/1
f 418/6/1 414/6/1 417/6/1
f 419/6/1 416/6/1 415/6/1
f 420/6/1 416/6/1 419/6/1
f 421/4/1 418/4/1 417/4/1
f 422/6/1 419/6/1 418/6/1
f 422/4/1 418/4/1 421/4/1
f 423/6/1 419/6/1 422/6/1
f 426/3/1 425/3/1 424/3/1
f 427/3/1 425/3/1 426/3/1
f 432/6/1 429/6/1 428/6/1
f 433/6/1 429/6/1 432/6/1
f 434/1/1 431/1/1 430/1/1
f 435/6/1 432/6/1 431/6/1
f 435/1/1 431/1/1 434/1/1
f 436/6/1 432/6/1 435/6/1
f 441/6/1 438/6/1 437/6/1
f 442/6/1 438/6/1 441/6/1
f 445/6/1 440/6/1 439/6/1
f 446/6/1 440/6/1 445/6/1
f 449/6/1 443/6/1 442/6/1
f 450/6/1 443/6/1 449/6/1
f 453/6/1 445/6/1 444/6/1
f 454/1/1 446/1/1 445/1/1
f 454/6/1 445/6/1 453/6/1
f 455/1/1 446/1/1 454/1/1
f 456/6/1 448/6/1 447/6/1
f 457/6/1 448/6/1 456/6/1
f 458/6/1 451/6/1 450/6/1
f 459/6/1 451/6/1 458/6/1
f 461/6/1 453/6/1 452/6/1
f 462/6/1 453/6/1 461/6/1
f 463/2/1 457/2/1 456/2/1
f 464/2/1 457/2/1 463/2/1
f 465/6/1 460/6/1 459/6/1
f 465/6/1 461/6/1 460/6/1
f 466/1/1 462/1/1 461/1/1
f 466/6/1 461/6/1 465/6/1
f 467/1/1 462/1/1 466/1/1
f 475/6/1 469/6/1 468/6/1
f 476/4/1 471/4/1 470/4/1
f 477/4/1 471/4/1 476/4/1
f 478/6/1 473/6/1 472/6/1
f 479/6/1 473/6/1 478/6/1
f 481/6/1 477/6/1 476/6/1
f 482/6/1 477/6/1 481/6/1
f 483/6/1 480/6/1 479/6/1
f 484/6/1 480/6/1 483/6/1
f 486/3/1 475/3/1 474/3/1
f 487/6/1 469/6/1 475/6/1
f 487/3/1 475/3/1 486/3/1
f 488/6/1 469/6/1 487/6/1
f 491/6/1 485/6/1 484/6/1
f 492/6/1 485/6/1 491/6/1
f 494/6/1 490/6/1 489/6/1
f 495/6/1 490/6/1 494/6/1
f 498/6/1 493/6/1 492/6/1
f 499/6/1 493/6/1 498/6/1
f 502/2/1 497/2/1 496/2/1
f 503/2/1 497/2/1 502/2/1
f 504/6/1 501/6/1 500/6/1
f 505/6/1 501/6/1 504/6/1
f 508/6/1 507/6/1 506/6/1
f 509/6/1 507/6/1 508/6/1
f 511/6/1 510/6/1 509/6/1
f 512/6/1 510/6/1 511/6/1
f 514/6/1 513/6/1 512/6/1
f 515/6/1 513/6/1 514/6/1
f 518/2/1 517/2/1 516/2/1
f 519/2/1 517/2/1 518/2/1
f 526/6/1 523/6/1 522/6/1
f 527/6/1 523/6/1 526/6/1
f 528/6/1 525/6/1 524/6/1
f 529/6/1 525/6/1 528/6/1
f 531/2/1 521/2/1 520/2/1
f 534/2/1 530/2/1 529/2/1
f 534/2/1 529/2/1 528/2/1
f 535/2/1 530/2/1 534/2/1
f 536/6/1 531/6/1 530/6/1
f 536/2/1 530/2/1 535/2/1
f 537/2/1 521/2/1 531/2/1
f 537/6/1 531/6/1 536/6/1
f 538/2/1 521/2/1 537/2/1
f 539/2/1 533/2/1 532/2/1
f 540/2/1 533/2/1 539/2/1
f 541/2/1 533/2/1 540/2/1
f 542/2/1 536/2/1 535/2/1
f 542/2/1 537/2/1 536/2/1
f 543/2/1 537/2/1 542/2/1
f 544/2/1 540/2/1 539/2/1
f 544/2/1 539/2/1 538/2/1
f 545/2/1 540/2/1 544/2/1
f 546/2/1 544/2/1 543/2/1
f 549/2/1 546/2/1 543/2/1
f 550/6/1 547/6/1 546/6/1
f 550/2/1 546/2/1 549/2/1
f 551/6/1 547/6/1 550/6/1
f 552/2/1 549/2/1 548/2/1
f 553/2/1 549/2/1 552/2/1
f 554/2/1 551/2/1 550/2/1
f 555/2/1 551/2/1 554/2/1
f 556/6/1 554/6/1 553/6/1
f 557/6/1 554/6/1 556/6/1
f 560/6/1 559/6/1 558/6/1
f 561/6/1 559/6/1 560/6/1
f 564/2/1 563/2/1 562/2/1
f 565/2/1 563/2/1 564/2/1
f 570/6/1 567/6/1 566/6/1
f 571/6/1 567/6/1 570/6/1
f 572/3/1 569/3/1 568/3/1
f 573/3/1 569/3/1 572/3/1
f 576/6/1 575/6/1 574/6/1
f 577/6/1 575/6/1 576/6/1
f 581/6/1 579/6/1 578/6/1
f 582/6/1 579/6/1 581/6/1
f 584/6/1 581/6/1 580/6/1
f 585/6/1 581/6/1 584/6/1
f 586/6/1 583/6/1 582/6/1
f 587/6/1 583/6/1 586/6/1
f 588/6/1 586/6/1 585/6/1
f 589/6/1 586/6/1 588/6/1
f 594/6/1 591/6/1 590/6/1
f 595/6/1 591/6/1 594/6/1
f 596/4/1 593/4/1 592/4/1
f 597/4/1 593/4/1 596/4/1
f 600/6/1 599/6/1 598/6/1
f 601/6/1 599/6/1 600/6/1
f 608/2/1 603/2/1 602/2/1
f 609/2/1 603/2/1 608/2/1
f 610/6/1 605/6/1 604/6/1
f 611/6/1 605/6/1 610/6/1
f 612/6/1 607/6/1 606/6/1
f 613/6/1 607/6/1 612/6/1
f 614/4/1 611/4/1 610/4/1
f 615/6/1 612/6/1 611/6/1
f 615/4/1 611/4/1 614/4/1
f 616/6/1 612/6/1 615/6/1
f 619/2/1 618/2/1 617/2/1
f 620/2/1 618/2/1 619/2/1
f 624/2/1 622/2/1 621/2/1
f 625/2/1 622/2/1 624/2/1
f 627/2/1 624/2/1 623/2/1
f 628/2/1 624/2/1 627/2/1
f 629/2/1 626/2/1 625/2/1
f 630/2/1 626/2/1 629/2/1
f 633/4/1 628/4/1 627/4/1
f 634/2/1 629/2/1 628/2/1
f 634/4/1 628/4/1 633/4/1
f 635/2/1 629/2/1 634/2/1
f 639/6/1 632/6/1 631/6/1
f 640/6/1 632/6/1 639/6/1
f 642/2/1 635/2/1 634/2/1
f 643/3/1 636/3/1 635/3/1
f 643/2/1 635/2/1 642/2/1
f 644/3/1 636/3/1 643/3/1
f 645/1/1 638/1/1 637/1/1
f 646/6/1 639/6/1 638/6/1
f 646/1/1 638/1/1 645/1/1
f 647/6/1 639/6/1 646/6/1
f 648/2/1 642/2/1 641/2/1
f 649/2/1 642/2/1 648/2/1
f 650/2/1 644/2/1 643/2/1
f 651/2/1 644/2/1 650/2/1
f 652/1/1 649/1/1 648/1/1
f 653/2/1 650/2/1 649/2/1
f 653/1/1 649/1/1 652/1/1
f 654/2/1 650/2/1 653/2/1
f 655/4/1 654/4/1 653/4/1
f 656/4/1 654/4/1 655/4/1
f 661/4/1 658/4/1 657/4/1
f 662/4/1 658/4/1 661/4/1
f 663/3/1 660/3/1 659/3/1
f 664/3/1 660/3/1 663/3/1
f 669/6/1 666/6/1 665/6/1
f 670/6/1 666/6/1 669/6/1
f 673/6/1 668/6/1 667/6/1
f 674/6/1 668/6/1 673/6/1
f 675/6/1 671/6/1 670/6/1
f 676/6/1 671/6/1 675/6/1
f 679/6/1 673/6/1 672/6/1
f 680/1/1 674/1/1 673/1/1
f 680/6/1 673/6/1 679/6/1
f 681/1/1 674/1/1 680/1/1
f 682/6/1 677/6/1 676/6/1
f 683/6/1 677/6/1 682/6/1
f 685/6/1 679/6/1 678/6/1
f 686/6/1 679/6/1 685/6/1
f 687/6/1 684/6/1 683/6/1
f 687/6/1 685/6/1 684/6/1
f 688/1/1 686/1/1 685/1/1
f 688/6/1 685/6/1 687/6/1
f 689/1/1 686/1/1 688/1/1
f 697/6/1 691/6/1 690/6/1
f 698/4/1 693/4/1 692/4/1
f 699/4/1 693/4/1 698/4/1
f 700/6/1 695/6/1 694/6/1
f 701/6/1 695/6/1 700/6/1
f 703/6/1 699/6/1 698/6/1
f 704/6/1 699/6/1 703/6/1
f 705/6/1 702/6/1 701/6/1
f 706/6/1 702/6/1 705/6/1
f 708/3/1 697/3/1 696/3/1
f 709/6/1 691/6/1 697/6/1
f 709/3/1 697/3/1 708/3/1
f 710/6/1 691/6/1 709/6/1
f 713/6/1 707/6/1 706/6/1
f 714/6/1 707/6/1 713/6/1
f 716/6/1 712/6/1 711/6/1
f 717/6/1 712/6/1 716/6/1
f 718/6/1 715/6/1 714/6/1
f 719/6/1 715/6/1 718/6/1
f 722/6/1 721/6/1 720/6/1
f 723/6/1 721/6/1 722/6/1
f 726/6/1 725/6/1 724/6/1
f 727/6/1 725/6/1 726/6/1
f 729/6/1 728/6/1 727/6/1
f 730/6/1 728/6/1 729/6/1
f 732/6/1 731/6/1 730/6/1
f 733/6/1 731/6/1 732/6/1
f 736/6/1 735/6/1 734/6/1
f 737/6/1 735/6/1 736/6/1
f 740/9/1 739/9/1 738/9/1
f 741/9/1 739/9/1 740/9/1
f 744/6/1 743/6/1 742/6/1
f 745/6/1 743/6/1 744/6/1
f 748/9/1 747/9/1 746/9/1
f 749/9/1 747/9/1 748/9/1
f 754/9/1 751/9/1 750/9/1
f 755/9/1 751/9/1 754/9/1
f 756/9/1 751/9/1 755/9/1
f 757/9/1 753/9/1 752/9/1
f 758/9/1 753/9/1 757/9/1
f 759/9/1 753/9/1 758/9/1
f 762/9/1 761/9/1 760/9/1
f 763/9/1 761/9/1 762/9/1
f 768/9/1 765/9/1 764/9/1
f 769/9/1 765/9/1 768/9/1
f 770/9/1 765/9/1 769/9/1
f 771/9/1 767/9/1 766/9/1
f 772/9/1 767/9/1 771/9/1
f 773/9/1 767/9/1 772/9/1
f 778/4/1 775/4/1 774/4/1
f 779/4/1 775/4/1 778/4/1
f 780/6/1 777/6/1 776/6/1
f 781/6/1 777/6/1 780/6/1
f 782/4/1 775/4/1 779/4/1
f 783/4/1 775/4/1 782/4/1
f 788/9/1 785/9/1 784/9/1
f 789/9/1 785/9/1 788/9/1
f 790/9/1 785/9/1 789/9/1
f 791/9/1 787/9/1 786/9/1
f 792/9/1 787/9/1 791/9/1
f 793/9/1 787/9/1 792/9/1
f 796/6/1 795/6/1 794/6/1
f 797/6/1 795/6/1 796/6/1
f 801/6/1 798/6/1 797/6/1
f 802/6/1 800/6/1 799/6/1
f 802/6/1 801/6/1 800/6/1
f 803/6/1 801/6/1 802/6/1
f 804/6/1 798/6/1 801/6/1
f 804/6/1 801/6/1 803/6/1
f 805/6/1 798/6/1 804/6/1
f 806/6/1 804/6/1 803/6/1
f 807/6/1 804/6/1 806/6/1
f 812/9/1 809/9/1 808/9/1
f 813/9/1 809/9/1 812/9/1
f 814/9/1 809/9/1 813/9/1
f 815/9/1 811/9/1 810/9/1
f 816/9/1 811/9/1 815/9/1
f 817/9/1 811/9/1 816/9/1
f 822/9/1 819/9/1 818/9/1
f 823/9/1 819/9/1 822/9/1
f 824/9/1 819/9/1 823/9/1
f 825/9/1 821/9/1 820/9/1
f 826/9/1 821/9/1 825/9/1
f 827/9/1 821/9/1 826/9/1
f 832/9/1 829/9/1 828/9/1
f 833/9/1 829/9/1 832/9/1
f 834/9/1 829/9/1 833/9/1
f 835/9/1 831/9/1 830/9/1
f 836/9/1 831/9/1 835/9/1
f 837/9/1 831/9/1 836/9/1
f 842/9/1 839/9/1 838/9/1
f 843/9/1 839/9/1 842/9/1
f 844/9/1 839/9/1 843/9/1
f 845/9/1 841/9/1 840/9/1
f 846/9/1 841/9/1 845/9/1
f 847/9/1 841/9/1 846/9/1
f 850/2/1 849/2/1 848/2/1
f 851/2/1 849/2/1 850/2/1
f 856/9/1 853/9/1 852/9/1
f 857/9/1 853/9/1 856/9/1
f 858/9/1 853/9/1 857/9/1
f 859/9/1 855/9/1 854/9/1
f 860/9/1 855/9/1 859/9/1
f 861/9/1 855/9/1 860/9/1
f 864/9/1 863/9/1 862/9/1
f 865/9/1 863/9/1 864/9/1
f 870/9/1 867/9/1 866/9/1
f 871/9/1 867/9/1 870/9/1
f 872/9/1 867/9/1 871/9/1
f 873/9/1 869/9/1 868/9/1
f 874/9/1 869/9/1 873/9/1
f 875/9/1 869/9/1 874/9/1
f 878/9/1 877/9/1 876/9/1
f 879/9/1 877/9/1 878/9/1
f 884/9/1 881/9/1 880/9/1
f 885/9/1 881/9/1 884/9/1
f 886/9/1 881/9/1 885/9/1
f 887/9/1 883/9/1 882/9/1
f 888/9/1 883/9/1 887/9/1
f 889/9/1 883/9/1 888/9/1
f 894/9/1 891/9/1 890/9/1
f 895/9/1 891/9/1 894/9/1
f 896/9/1 891/9/1 895/9/1
f 897/9/1 893/9/1 892/9/1
f 898/9/1 893/9/1 897/9/1
f 899/9/1 893/9/1 898/9/1
f 904/9/1 901/9/1 900/9/1
f 905/9/1 901/9/1 904/9/1
f 906/9/1 901/9/1 905/9/1
f 907/9/1 903/9/1 902/9/1
f 908/9/1 903/9/1 907/9/1
f 909/9/1 903/9/1 908/9/1
f 916/9/1 911/9/1 910/9/1
f 916/9/1 912/9/1 911/9/1
f 917/9/1 912/9/1 916/9/1
f 918/9/1 912/9/1 917/9/1
f 919/9/1 915/9/1 914/9/1
f 919/9/1 914/9/1 913/9/1
f 920/9/1 915/9/1 919/9/1
f 921/9/1 915/9/1 920/9/1
f 924/9/1 923/9/1 922/9/1
f 925/9/1 923/9/1 924/9/1
f 926/9/1 923/9/1 925/9/1
f 927/9/1 923/9/1 926/9/1
f 928/9/2 929/9/2 930/9/2
f 930/9/2 929/9/2 931/9/2
f 931/9/2 929/9/2 932/9/2
f 932/9/2 929/9/2 933/9/2
f 934/9/2 935/9/2 940/9/2
f 935/9/2 936/9/2 940/9/2
f 940/9/2 936/9/2 941/9/2
f 941/9/2 936/9/2 942/9/2
f 938/9/2 939/9/2 943/9/2
f 937/9/2 938/9/2 943/9/2
f 943/9/2 939/9/2 944/9/2
f 944/9/2 939/9/2 945/9/2
f 946/9/2 947/9/2 950/9/2
f 950/9/2 947/9/2 951/9/2
f 951/9/2 947/9/2 952/9/2
f 948/9/2 949/9/2 953/9/2
f 953/9/2 949/9/2 954/9/2
f 954/9/2 949/9/2 955/9/2
f 956/9/2 957/9/2 960/9/2
f 960/9/2 957/9/2 961/9/2
f 961/9/2 957/9/2 962/9/2
f 958/9/2 959/9/2 963/9/2
f 963/9/2 959/9/2 964/9/2
f 964/9/2 959/9/2 965/9/2
f 966/9/2 967/9/2 970/9/2
f 970/9/2 967/9/2 971/9/2
f 971/9/2 967/9/2 972/9/2
f 968/9/2 969/9/2 973/9/2
f 973/9/2 969/9/2 974/9/2
f 974/9/2 969/9/2 975/9/2
f 976/9/2 977/9/2 980/9/2
f 980/9/2 977/9/2 981/9/2
f 981/9/2 977/9/2 982/9/2
f 978/9/2 979/9/2 983/9/2
f 983/9/2 979/9/2 984/9/2
f 984/9/2 979/9/2 985/9/2
f 986/9/2 987/9/2 990/9/2
f 990/9/2 987/9/2 991/9/2
f 991/9/2 987/9/2 992/9/2
f 988/9/2 989/9/2 993/9/2
f 993/9/2 989/9/2 994/9/2
f 994/9/2 989/9/2 995/9/2
f 996/9/2 997/9/2 1000/9/2
f 1000/9/2 997/9/2 1001/9/2
f 1001/9/2 997/9/2 1002/9/2
f 998/9/2 999/9/2 1003/9/2
f 1003/9/2 999/9/2 1004/9/2
f 1004/9/2 999/9/2 1005/9/2
f 1006/9/2 1007/9/2 1010/9/2
f 1010/9/2 1007/9/2 1011/9/2
f 1011/9/2 1007/9/2 1012/9/2
f 1008/9/2 1009/9/2 1013/9/2
f 1013/9/2 1009/9/2 1014/9/2
f 1014/9/2 1009/9/2 1015/9/2
f 1016/2/2 1017/2/2 1018/2/2
f 1018/2/2 1017/2/2 1019/2/2
f 1020/9/2 1021/9/2 1024/9/2
f 1024/9/2 1021/9/2 1025/9/2
f 1025/9/2 1021/9/2 1026/9/2
f 1022/9/2 1023/9/2 1027/9/2
f 1027/9/2 1023/9/2 1028/9/2
f 1028/9/2 1023/9/2 1029/9/2
f 1030/1/2 1031/1/2 1034/1/2
f 1034/1/2 1031/1/2 1035/1/2
f 1032/2/2 1033/2/2 1036/2/2
f 1036/2/2 1033/2/2 1037/2/2
f 1038/9/2 1039/9/2 1042/9/2
f 1042/9/2 1039/9/2 1043/9/2
f 1043/9/2 1039/9/2 1044/9/2
f 1040/9/2 1041/9/2 1045/9/2
f 1045/9/2 1041/9/2 1046/9/2
f 1046/9/2 1041/9/2 1047/9/2
f 1048/2/2 1049/2/2 1050/2/2
f 1050/2/2 1049/2/2 1051/2/2
f 1052/9/2 1053/9/2 1056/9/2
f 1056/9/2 1053/9/2 1057/9/2
f 1057/9/2 1053/9/2 1058/9/2
f 1054/9/2 1055/9/2 1059/9/2
f 1059/9/2 1055/9/2 1060/9/2
f 1060/9/2 1055/9/2 1061/9/2
f 1062/9/2 1063/9/2 1066/9/2
f 1066/9/2 1063/9/2 1067/9/2
f 1067/9/2 1063/9/2 1068/9/2
f 1064/9/2 1065/9/2 1069/9/2
f 1069/9/2 1065/9/2 1070/9/2
f 1070/9/2 1065/9/2 1071/9/2
f 1072/2/2 1073/2/2 1074/2/2
f 1074/2/2 1073/2/2 1075/2/2
f 1074/4/2 1075/4/2 1077/4/2
f 1075/2/2 1076/2/2 1078/2/2
f 1077/4/2 1075/4/2 1078/4/2
f 1078/2/2 1076/2/2 1079/2/2
f 1078/2/2 1079/2/2 1082/2/2
f 1079/3/2 1080/3/2 1083/3/2
f 1082/2/2 1079/2/2 1083/2/2
f 1083/3/2 1080/3/2 1084/3/2
f 1081/2/2 1082/2/2 1085/2/2
f 1085/2/2 1082/2/2 1086/2/2
f 1083/2/2 1084/2/2 1087/2/2
f 1087/2/2 1084/2/2 1088/2/2
f 1085/1/2 1086/1/2 1089/1/2
f 1086/2/2 1087/2/2 1090/2/2
f 1089/1/2 1086/1/2 1090/1/2
f 1090/2/2 1087/2/2 1091/2/2
f 1090/4/2 1091/4/2 1092/4/2
f 1092/4/2 1091/4/2 1093/4/2
f 1094/9/2 1095/9/2 1098/9/2
f 1098/9/2 1095/9/2 1099/9/2
f 1099/9/2 1095/9/2 1100/9/2
f 1096/9/2 1097/9/2 1101/9/2
f 1101/9/2 1097/9/2 1102/9/2
f 1102/9/2 1097/9/2 1103/9/2
f 1104/3/2 1105/3/2 1106/3/2
f 1106/3/2 1105/3/2 1107/3/2
f 1106/2/2 1107/2/2 1109/2/2
f 1107/1/2 1108/1/2 1110/1/2
f 1109/2/2 1107/2/2 1110/2/2
f 1110/1/2 1108/1/2 1111/1/2
f 1112/2/2 1113/2/2 1114/2/2
f 1114/2/2 1113/2/2 1115/2/2
f 1116/9/2 1117/9/2 1118/9/2
f 1118/9/2 1117/9/2 1119/9/2
f 1120/3/2 1121/3/2 1122/3/2
f 1122/3/2 1121/3/2 1123/3/2
f 1124/6/2 1125/6/2 1126/6/2
f 1126/6/2 1125/6/2 1127/6/2
f 1128/6/2 1129/6/2 1130/6/2
f 1130/6/2 1129/6/2 1131/6/2
f 1131/6/2 1132/6/2 1134/6/2
f 1134/6/2 1132/6/2 1135/6/2
f 1133/6/2 1134/6/2 1137/6/2
f 1137/6/2 1134/6/2 1138/6/2
f 1136/6/2 1137/6/2 1139/6/2
f 1139/6/2 1137/6/2 1140/6/2
f 1140/6/2 1141/6/2 1142/6/2
f 1142/6/2 1141/6/2 1143/6/2
f 1144/6/2 1145/6/2 1146/6/2
f 1146/6/2 1145/6/2 1147/6/2
f 1148/6/2 1149/6/2 1150/6/2
f 1150/6/2 1149/6/2 1151/6/2
f 1152/1/2 1153/1/2 1154/1/2
f 1154/1/2 1153/1/2 1155/1/2
f 1156/6/2 1157/6/2 1161/6/2
f 1157/3/2 1158/3/2 1162/3/2
f 1161/6/2 1157/6/2 1162/6/2
f 1162/3/2 1158/3/2 1163/3/2
f 1159/6/2 1160/6/2 1165/6/2
f 1165/6/2 1160/6/2 1166/6/2
f 1163/6/2 1164/6/2 1168/6/2
f 1168/6/2 1164/6/2 1169/6/2
f 1167/6/2 1168/6/2 1171/6/2
f 1171/6/2 1168/6/2 1172/6/2
f 1170/6/2 1171/6/2 1173/6/2
f 1173/6/2 1171/6/2 1174/6/2
f 1175/2/2 1176/2/2 1177/2/2
f 1177/2/2 1176/2/2 1178/2/2
f 1179/6/2 1180/6/2 1183/6/2
f 1183/6/2 1180/6/2 1184/6/2
f 1181/6/2 1182/6/2 1185/6/2
f 1185/6/2 1182/6/2 1186/6/2
f 1183/3/2 1184/3/2 1187/3/2
f 1184/6/2 1185/6/2 1188/6/2
f 1187/3/2 1184/3/2 1188/3/2
f 1188/6/2 1185/6/2 1189/6/2
f 1190/4/2 1191/4/2 1192/4/2
f 1192/4/2 1191/4/2 1193/4/2
f 1194/6/2 1195/6/2 1196/6/2
f 1196/6/2 1195/6/2 1197/6/2
f 1198/4/2 1199/4/2 1200/4/2
f 1200/4/2 1199/4/2 1201/4/2
f 1200/4/2 1201/4/2 1206/4/2
f 1201/4/2 1202/4/2 1206/4/2
f 1206/4/2 1202/4/2 1207/4/2
f 1204/4/2 1205/4/2 1208/4/2
f 1203/4/2 1204/4/2 1208/4/2
f 1208/4/2 1205/4/2 1209/4/2
f 1210/4/2 1211/4/2 1213/4/2
f 1213/4/2 1211/4/2 1214/4/2
f 1212/4/2 1213/4/2 1216/4/2
f 1216/4/2 1213/4/2 1217/4/2
f 1215/4/2 1216/4/2 1218/4/2
f 1216/4/2 1217/4/2 1218/4/2
f 1218/4/2 1217/4/2 1219/4/2
f 1220/1/2 1221/1/2 1222/1/2
f 1222/1/2 1221/1/2 1223/1/2
f 1224/4/2 1225/4/2 1226/4/2
f 1226/4/2 1225/4/2 1227/4/2
f 1227/4/2 1225/4/2 1228/4/2
f 1229/2/2 1230/2/2 1231/2/2
f 1229/2/2 1231/2/2 1233/2/2
f 1231/2/2 1232/2/2 1233/2/2
f 1233/2/2 1232/2/2 1234/2/2
f 1234/2/2 1232/2/2 1235/2/2
f 1235/2/2 1236/2/2 1237/2/2
f 1234/2/2 1235/2/2 1237/2/2
f 1237/2/2 1236/2/2 1238/2/2
f 1239/4/2 1240/4/2 1241/4/2
f 1241/4/2 1240/4/2 1242/4/2
f 1243/4/2 1244/4/2 1245/4/2
f 1245/4/2 1244/4/2 1246/4/2
f 1247/6/2 1248/6/2 1252/6/2
f 1248/3/2 1249/3/2 1253/3/2
f 1252/6/2 1248/6/2 1253/6/2
f 1253/3/2 1249/3/2 1254/3/2
f 1250/6/2 1251/6/2 1256/6/2
f 1256/6/2 1251/6/2 1257/6/2
f 1254/6/2 1255/6/2 1259/6/2
f 1259/6/2 1255/6/2 1260/6/2
f 1258/6/2 1259/6/2 1262/6/2
f 1262/6/2 1259/6/2 1263/6/2
f 1261/6/2 1262/6/2 1264/6/2
f 1264/6/2 1262/6/2 1265/6/2
f 1266/6/2 1267/6/2 1270/6/2
f 1270/6/2 1267/6/2 1271/6/2
f 1268/6/2 1269/6/2 1272/6/2
f 1272/6/2 1269/6/2 1273/6/2
f 1270/3/2 1271/3/2 1276/3/2
f 1271/6/2 1272/6/2 1277/6/2
f 1276/3/2 1271/3/2 1277/3/2
f 1277/6/2 1272/6/2 1278/6/2
f 1274/6/2 1275/6/2 1279/6/2
f 1279/6/2 1275/6/2 1280/6/2
f 1281/3/2 1282/3/2 1283/3/2
f 1283/3/2 1282/3/2 1284/3/2
f 1285/6/2 1286/6/2 1287/6/2
f 1287/6/2 1286/6/2 1288/6/2
f 1289/6/2 1290/6/2 1291/6/2
f 1291/6/2 1290/6/2 1292/6/2
f 1293/6/2 1294/6/2 1295/6/2
f 1295/6/2 1294/6/2 1296/6/2
f 1296/6/2 1297/6/2 1300/6/2
f 1300/6/2 1297/6/2 1301/6/2
f 1298/6/2 1299/6/2 1303/6/2
f 1303/6/2 1299/6/2 1304/6/2
f 1301/6/2 1302/6/2 1305/6/2
f 1305/6/2 1302/6/2 1306/6/2
f 1307/6/2 1308/6/2 1314/6/2
f 1309/4/2 1310/4/2 1315/4/2
f 1315/4/2 1310/4/2 1316/4/2
f 1311/6/2 1312/6/2 1317/6/2
f 1317/6/2 1312/6/2 1318/6/2
f 1315/6/2 1316/6/2 1321/6/2
f 1321/6/2 1316/6/2 1322/6/2
f 1318/6/2 1319/6/2 1323/6/2
f 1323/6/2 1319/6/2 1324/6/2
f 1313/3/2 1314/3/2 1326/3/2
f 1314/6/2 1308/6/2 1327/6/2
f 1326/3/2 1314/3/2 1327/3/2
f 1327/6/2 1308/6/2 1328/6/2
f 1320/6/2 1321/6/2 1330/6/2
f 1330/6/2 1321/6/2 1331/6/2
f 1324/6/2 1325/6/2 1334/6/2
f 1334/6/2 1325/6/2 1335/6/2
f 1329/6/2 1330/6/2 1337/6/2
f 1337/6/2 1330/6/2 1338/6/2
f 1332/2/2 1333/2/2 1339/2/2
f 1339/2/2 1333/2/2 1340/2/2
f 1336/6/2 1337/6/2 1342/6/2
f 1342/6/2 1337/6/2 1343/6/2
f 1341/6/2 1342/6/2 1344/6/2
f 1344/6/2 1342/6/2 1345/6/2
f 1346/6/2 1347/6/2 1350/6/2
f 1350/6/2 1347/6/2 1351/6/2
f 1348/6/2 1349/6/2 1354/6/2
f 1354/6/2 1349/6/2 1355/6/2
f 1351/6/2 1352/6/2 1356/6/2
f 1356/6/2 1352/6/2 1357/6/2
f 1353/6/2 1354/6/2 1360/6/2
f 1360/6/2 1354/6/2 1361/6/2
f 1357/6/2 1358/6/2 1362/6/2
f 1362/6/2 1358/6/2 1363/6/2
f 1359/6/2 1360/6/2 1365/6/2
f 1365/6/2 1360/6/2 1366/6/2
f 1362/3/2 1363/3/2 1367/3/2
f 1363/6/2 1364/6/2 1368/6/2
f 1367/3/2 1363/3/2 1368/3/2
f 1364/6/2 1365/6/2 1368/6/2
f 1368/6/2 1365/6/2 1369/6/2
f 1372/6/2 1373/6/2 1376/6/2
f 1376/6/2 1373/6/2 1377/6/2
f 1374/6/2 1375/6/2 1379/6/2
f 1379/6/2 1375/6/2 1380/6/2
f 1370/2/2 1371/2/2 1382/2/2
f 1376/4/2 1377/4/2 1385/4/2
f 1377/6/2 1378/6/2 1386/6/2
f 1385/4/2 1377/4/2 1386/4/2
f 1386/6/2 1378/6/2 1387/6/2
f 1380/2/2 1381/2/2 1388/2/2
f 1379/2/2 1380/2/2 1388/2/2
f 1388/2/2 1381/2/2 1389/2/2
f 1381/6/2 1382/6/2 1390/6/2
f 1389/2/2 1381/2/2 1390/2/2
f 1382/2/2 1371/2/2 1391/2/2
f 1390/6/2 1382/6/2 1391/6/2
f 1391/2/2 1371/2/2 1392/2/2
f 1383/2/2 1384/2/2 1393/2/2
f 1393/2/2 1384/2/2 1394/2/2
f 1394/2/2 1384/2/2 1395/2/2
f 1389/2/2 1390/2/2 1396/2/2
f 1390/2/2 1391/2/2 1396/2/2
f 1396/2/2 1391/2/2 1397/2/2
f 1393/2/2 1394/2/2 1398/2/2
f 1392/2/2 1393/2/2 1398/2/2
f 1398/2/2 1394/2/2 1399/2/2
f 1397/2/2 1398/2/2 1400/2/2
f 1397/2/2 1400/2/2 1403/2/2
f 1400/6/2 1401/6/2 1404/6/2
f 1403/2/2 1400/2/2 1404/2/2
f 1404/6/2 1401/6/2 1405/6/2
f 1402/2/2 1403/2/2 1406/2/2
f 1406/2/2 1403/2/2 1407/2/2
f 1404/2/2 1405/2/2 1408/2/2
f 1408/2/2 1405/2/2 1409/2/2
f 1407/6/2 1408/6/2 1410/6/2
f 1410/6/2 1408/6/2 1411/6/2
f 1412/6/2 1413/6/2 1416/6/2
f 1416/6/2 1413/6/2 1417/6/2
f 1414/6/2 1415/6/2 1418/6/2
f 1418/6/2 1415/6/2 1419/6/2
f 1417/6/2 1418/6/2 1420/6/2
f 1418/4/2 1419/4/2 1421/4/2
f 1420/6/2 1418/6/2 1421/6/2
f 1421/4/2 1419/4/2 1422/4/2
f 1423/2/2 1424/2/2 1425/2/2
f 1425/2/2 1424/2/2 1426/2/2
f 1427/6/2 1428/6/2 1429/6/2
f 1429/6/2 1428/6/2 1430/6/2
f 1431/2/2 1432/2/2 1433/2/2
f 1433/2/2 1432/2/2 1434/2/2
f 1435/6/2 1436/6/2 1439/6/2
f 1439/6/2 1436/6/2 1440/6/2
f 1437/3/2 1438/3/2 1441/3/2
f 1441/3/2 1438/3/2 1442/3/2
f 1443/2/2 1444/2/2 1445/2/2
f 1445/2/2 1444/2/2 1446/2/2
f 1447/6/2 1448/6/2 1449/6/2
f 1449/6/2 1448/6/2 1450/6/2
f 1451/6/2 1452/6/2 1454/6/2
f 1454/6/2 1452/6/2 1455/6/2
f 1453/6/2 1454/6/2 1457/6/2
f 1457/6/2 1454/6/2 1458/6/2
f 1455/6/2 1456/6/2 1459/6/2
f 1459/6/2 1456/6/2 1460/6/2
f 1458/6/2 1459/6/2 1461/6/2
f 1461/6/2 1459/6/2 1462/6/2
f 1463/6/2 1464/6/2 1465/6/2
f 1465/6/2 1464/6/2 1466/6/2
f 1467/6/2 1468/6/2 1469/6/2
f 1469/6/2 1468/6/2 1470/6/2
f 1471/6/2 1472/6/2 1475/6/2
f 1475/6/2 1472/6/2 1476/6/2
f 1473/4/2 1474/4/2 1477/4/2
f 1477/4/2 1474/4/2 1478/4/2
f 1479/6/2 1480/6/2 1481/6/2
f 1481/6/2 1480/6/2 1482/6/2
f 1483/2/2 1484/2/2 1485/2/2
f 1485/2/2 1484/2/2 1486/2/2
f 1485/4/2 1486/4/2 1490/4/2
f 1486/2/2 1487/2/2 1491/2/2
f 1490/4/2 1486/4/2 1491/4/2
f 1491/2/2 1487/2/2 1492/2/2
f 1488/6/2 1489/6/2 1494/6/2
f 1494/6/2 1489/6/2 1495/6/2
f 1491/2/2 1492/2/2 1497/2/2
f 1492/3/2 1493/3/2 1498/3/2
f 1497/2/2 1492/2/2 1498/2/2
f 1498/3/2 1493/3/2 1499/3/2
f 1496/2/2 1497/2/2 1500/2/2
f 1500/2/2 1497/2/2 1501/2/2
f 1498/2/2 1499/2/2 1502/2/2
f 1502/2/2 1499/2/2 1503/2/2
f 1500/1/2 1501/1/2 1504/1/2
f 1501/2/2 1502/2/2 1505/2/2
f 1504/1/2 1501/1/2 1505/1/2
f 1505/2/2 1502/2/2 1506/2/2
f 1505/4/2 1506/4/2 1507/4/2
f 1507/4/2 1506/4/2 1508/4/2
f 1509/4/2 1510/4/2 1515/4/2
f 1515/4/2 1510/4/2 1516/4/2
f 1511/3/2 1512/3/2 1517/3/2
f 1517/3/2 1512/3/2 1518/3/2
f 1513/3/2 1514/3/2 1519/3/2
f 1519/3/2 1514/3/2 1520/3/2
f 1519/2/2 1520/2/2 1524/2/2
f 1520/1/2 1521/1/2 1525/1/2
f 1524/2/2 1520/2/2 1525/2/2
f 1525/1/2 1521/1/2 1526/1/2
f 1522/6/2 1523/6/2 1527/6/2
f 1527/6/2 1523/6/2 1528/6/2
f 1528/6/2 1529/6/2 1530/6/2
f 1530/6/2 1529/6/2 1531/6/2
f 1531/6/2 1532/6/2 1535/6/2
f 1535/6/2 1532/6/2 1536/6/2
f 1533/2/2 1534/2/2 1537/2/2
f 1537/2/2 1534/2/2 1538/2/2
f 1539/6/2 1540/6/2 1546/6/2
f 1541/4/2 1542/4/2 1547/4/2
f 1547/4/2 1542/4/2 1548/4/2
f 1543/6/2 1544/6/2 1549/6/2
f 1549/6/2 1544/6/2 1550/6/2
f 1547/6/2 1548/6/2 1553/6/2
f 1553/6/2 1548/6/2 1554/6/2
f 1550/6/2 1551/6/2 1555/6/2
f 1555/6/2 1551/6/2 1556/6/2
f 1545/3/2 1546/3/2 1558/3/2
f 1546/6/2 1540/6/2 1559/6/2
f 1558/3/2 1546/3/2 1559/3/2
f 1559/6/2 1540/6/2 1560/6/2
f 1552/6/2 1553/6/2 1562/6/2
f 1562/6/2 1553/6/2 1563/6/2
f 1556/6/2 1557/6/2 1564/6/2
f 1564/6/2 1557/6/2 1565/6/2
f 1561/6/2 1562/6/2 1567/6/2
f 1567/6/2 1562/6/2 1568/6/2
f 1566/6/2 1567/6/2 1570/6/2
f 1570/6/2 1567/6/2 1571/6/2
f 1569/6/2 1570/6/2 1572/6/2
f 1572/6/2 1570/6/2 1573/6/2
f 1574/6/2 1575/6/2 1578/6/2
f 1578/6/2 1575/6/2 1579/6/2
f 1576/6/2 1577/6/2 1582/6/2
f 1582/6/2 1577/6/2 1583/6/2
f 1579/6/2 1580/6/2 1584/6/2
f 1584/6/2 1580/6/2 1585/6/2
f 1581/6/2 1582/6/2 1588/6/2
f 1588/6/2 1582/6/2 1589/6/2
f 1585/6/2 1586/6/2 1590/6/2
f 1590/6/2 1586/6/2 1591/6/2
f 1587/6/2 1588/6/2 1593/6/2
f 1593/6/2 1588/6/2 1594/6/2
f 1590/3/2 1591/3/2 1595/3/2
f 1591/6/2 1592/6/2 1596/6/2
f 1595/3/2 1591/3/2 1596/3/2
f 1592/6/2 1593/6/2 1596/6/2
f 1596/6/2 1593/6/2 1597/6/2
f 1598/6/2 1599/6/2 1600/6/2
f 1600/6/2 1599/6/2 1601/6/2
f 1600/4/2 1601/4/2 1603/4/2
f 1601/6/2 1602/6/2 1604/6/2
f 1603/4/2 1601/4/2 1604/4/2
f 1604/6/2 1602/6/2 1605/6/2
f 1606/9/2 1607/9/2 1608/9/2
f 1608/9/2 1607/9/2 1609/9/2
f 1610/6/2 1611/6/2 1614/6/2
f 1614/6/2 1611/6/2 1615/6/2
f 1612/6/2 1613/6/2 1616/6/2
f 1616/6/2 1613/6/2 1617/6/2
f 1615/6/2 1616/6/2 1618/6/2
f 1616/4/2 1617/4/2 1619/4/2
f 1618/6/2 1616/6/2 1619/6/2
f 1619/4/2 1617/4/2 1620/4/2
f 1621/6/2 1622/6/2 1623/6/2
f 1623/6/2 1622/6/2 1624/6/2
f 1625/9/2 1626/9/2 1629/9/2
f 1627/9/2 1628/9/2 1629/9/2
f 1626/9/2 1627/9/2 1629/9/2
f 1629/9/2 1628/9/2 1630/9/2
f 1631/9/2 1632/9/2 1633/9/2
f 1633/9/2 1632/9/2 1634/9/2
f 1635/9/2 1636/9/2 1641/9/2
f 1636/9/2 1637/9/2 1641/9/2
f 1641/9/2 1637/9/2 1642/9/2
f 1639/9/2 1640/9/2 1643/9/2
f 1638/9/2 1639/9/2 1643/9/2
f 1643/9/2 1640/9/2 1644/9/2
f 1645/4/2 1646/4/2 1647/4/2
f 1647/4/2 1646/4/2 1648/4/2
f 1648/4/2 1649/4/2 1650/4/2
f 1650/4/2 1649/4/2 1651/4/2
f 1652/9/2 1653/9/2 1658/9/2
f 1653/9/2 1654/9/2 1658/9/2
f 1658/9/2 1654/9/2 1659/9/2
f 1656/9/2 1657/9/2 1660/9/2
f 1655/9/2 1656/9/2 1660/9/2
f 1660/9/2 1657/9/2 1661/9/2
f 1662/6/2 1663/6/2 1666/6/2
f 1664/4/2 1665/4/2 1668/4/2
f 1668/4/2 1665/4/2 1669/4/2
f 1666/6/2 1667/6/2 1671/6/2
f 1662/6/2 1666/6/2 1671/6/2
f 1671/6/2 1667/6/2 1672/6/2
f 1670/6/2 1671/6/2 1673/6/2
f 1673/6/2 1671/6/2 1674/6/2
f 1672/6/2 1667/6/2 1675/6/2
f 1675/6/2 1667/6/2 1676/6/2
f 1674/6/2 1675/6/2 1677/6/2
f 1677/6/2 1675/6/2 1678/6/2
f 1680/9/2 1681/9/2 1685/9/2
f 1679/9/2 1680/9/2 1685/9/2
f 1685/9/2 1681/9/2 1686/9/2
f 1682/9/2 1683/9/2 1687/9/2
f 1683/9/2 1684/9/2 1687/9/2
f 1687/9/2 1684/9/2 1688/9/2
f 1689/6/2 1690/6/2 1691/6/2
f 1691/6/2 1690/6/2 1692/6/2
f 1694/9/2 1695/9/2 1699/9/2
f 1693/9/2 1694/9/2 1699/9/2
f 1699/9/2 1695/9/2 1700/9/2
f 1697/9/2 1698/9/2 1701/9/2
f 1696/9/2 1697/9/2 1701/9/2
f 1701/9/2 1698/9/2 1702/9/2
f 1703/9/2 1704/9/2 1709/9/2
f 1704/9/2 1705/9/2 1709/9/2
f 1709/9/2 1705/9/2 1710/9/2
f 1707/9/2 1708/9/2 1711/9/2
f 1706/9/2 1707/9/2 1711/9/2
f 1711/9/2 1708/9/2 1712/9/2
f 1713/9/2 1714/9/2 1719/9/2
f 1714/9/2 1715/9/2 1719/9/2
f 1719/9/2 1715/9/2 1720/9/2
f 1717/9/2 1718/9/2 1721/9/2
f 1716/9/2 1717/9/2 1721/9/2
f 1721/9/2 1718/9/2 1722/9/2
f 1723/2/2 1724/2/2 1725/2/2
f 1725/2/2 1724/2/2 1726/2/2
f 1727/9/2 1728/9/2 1733/9/2
f 1728/9/2 1729/9/2 1733/9/2
f 1733/9/2 1729/9/2 1734/9/2
f 1731/9/2 1732/9/2 1735/9/2
f 1730/9/2 1731/9/2 1735/9/2
f 1735/9/2 1732/9/2 1736/9/2
f 1737/9/2 1738/9/2 1739/9/2
f 1739/9/2 1738/9/2 1740/9/2
f 1741/2/2 1742/2/2 1743/2/2
f 1743/2/2 1742/2/2 1744/2/2
f 1745/9/2 1746/9/2 1751/9/2
f 1746/9/2 1747/9/2 1751/9/2
f 1751/9/2 1747/9/2 1752/9/2
f 1748/9/2 1749/9/2 1753/9/2
f 1749/9/2 1750/9/2 1753/9/2
f 1753/9/2 1750/9/2 1754/9/2
f 1755/9/2 1756/9/2 1757/9/2
f 1757/9/2 1756/9/2 1758/9/2
f 1759/9/2 1760/9/2 1765/9/2
f 1760/9/2 1761/9/2 1765/9/2
f 1765/9/2 1761/9/2 1766/9/2
f 1763/9/2 1764/9/2 1767/9/2
f 1762/9/2 1763/9/2 1767/9/2
f 1767/9/2 1764/9/2 1768/9/2
f 1769/9/2 1770/9/2 1775/9/2
f 1770/9/2 1771/9/2 1775/9/2
f 1775/9/2 1771/9/2 1776/9/2
f 1773/9/2 1774/9/2 1777/9/2
f 1772/9/2 1773/9/2 1777/9/2
f 1777/9/2 1774/9/2 1778/9/2
f 1779/9/2 1780/9/2 1785/9/2
f 1780/9/2 1781/9/2 1785/9/2
f 1785/9/2 1781/9/2 1786/9/2
f 1783/9/2 1784/9/2 1787/9/2
f 1782/9/2 1783/9/2 1787/9/2
f 1787/9/2 1784/9/2 1788/9/2
f 1789/9/2 1790/9/2 1795/9/2
f 1790/9/2 1791/9/2 1795/9/2
f 1795/9/2 1791/9/2 1796/9/2
f 1793/9/2 1794/9/2 1797/9/2
f 1792/9/2 1793/9/2 1797/9/2
f 1797/9/2 1794/9/2 1798/9/2
f 1799/9/2 1800/9/2 1801/9/2
f 1801/9/2 1800/9/2 1802/9/2
f 1799/9/2 1801/9/2 1803/9/2
f 1801/7/2 1802/7/2 1803/7/2
f 1802/9/2 1800/9/2 1804/9/2
f 1803/7/2 1802/7/2 1804/7/2
f 1803/9/2 1804/9/2 1805/9/2
f 1805/9/2 1804/9/2 1806/9/2
f 1803/9/2 1805/9/2 1809/9/2
f 1807/7/2 1808/7/2 1810/7/2
f 1810/7/2 1808/7/2 1811/7/2
f 1806/9/2 1804/9/2 1812/9/2
f 1803/9/2 1809/9/2 1813/9/2
f 1811/9/2 1812/9/2 1813/9/2
f 1810/9/2 1811/9/2 1813/9/2
f 1809/9/2 1810/9/2 1813/9/2
f 1813/9/2 1812/9/2 1814/9/2
f 1812/9/2 1804/9/2 1815/9/2
f 1814/9/2 1812/9/2 1815/9/2
f 1815/9/2 1804/9/2 1816/9/2
f 1815/10/2 1816/10/2 1819/10/2
f 1819/10/2 1816/10/2 1820/10/2
f 1815/10/2 1819/10/2 1821/10/2
f 1819/11/2 1820/11/2 1821/11/2
f 1820/10/2 1816/10/2 1822/10/2
f 1821/11/2 1820/11/2 1822/11/2
f 1817/9/2 1818/9/2 1823/9/2
f 1823/9/2 1818/9/2 1824/9/2
f 1815/10/2 1821/10/2 1825/10/2
f 1821/10/2 1822/10/2 1825/10/2
f 1822/10/2 1816/10/2 1826/10/2
f 1825/10/2 1822/10/2 1826/10/2
f 1803/9/2 1813/9/2 1827/9/2
f 1814/9/2 1815/9/2 1828/9/2
f 1815/10/2 1825/10/2 1829/10/2
f 1825/11/2 1826/11/2 1829/11/2
f 1826/10/2 1816/10/2 1830/10/2
f 1829/11/2 1826/11/2 1830/11/2
f 1815/10/2 1829/10/2 1831/10/2
f 1829/10/2 1830/10/2 1831/10/2
f 1830/10/2 1816/10/2 1832/10/2
f 1831/10/2 1830/10/2 1832/10/2
f 1815/10/2 1831/10/2 1833/10/2
f 1831/11/2 1832/11/2 1833/11/2
f 1832/10/2 1816/10/2 1834/10/2
f 1833/11/2 1832/11/2 1834/11/2
f 1815/10/2 1833/10/2 1835/10/2
f 1827/9/2 1828/9/2 1835/9/2
f 1833/10/2 1834/10/2 1835/10/2
f 1828/9/2 1815/9/2 1835/9/2
f 1816/9/2 1804/9/2 1836/9/2
f 1835/10/2 1834/10/2 1836/10/2
f 1834/10/2 1816/10/2 1836/10/2
f 1799/9/2 1803/9/2 1837/9/2
f 1827/9/2 1835/9/2 1837/9/2
f 1835/9/2 1836/9/2 1837/9/2
f 1803/9/2 1827/9/2 1837/9/2
f 1836/9/2 1804/9/2 1838/9/2
f 1837/9/2 1836/9/2 1838/9/2
f 1804/9/2 1800/9/2 1838/9/2
f 1799/9/2 1837/9/2 1839/9/2
f 1839/9/2 1837/9/2 1840/9/2
f 1838/9/2 1800/9/2 1841/9/2
f 1841/9/2 1800/9/2 1842/9/2
f 1843/9/2 1844/9/2 1845/9/2
f 1845/9/2 1844/9/2 1846/9/2
f 1843/9/2 1845/9/2 1847/9/2
f 1847/9/2 1845/9/2 1848/9/2
f 1846/9/2 1844/9/2 1849/9/2
f 1849/9/2 1844/9/2 1850/9/2
f 1851/9/2 1852/9/2 1853/9/2
f 1853/9/2 1852/9/2 1854/9/2
f 1851/9/2 1853/9/2 1855/9/2
f 1854/9/2 1852/9/2 1856/9/2
f 1851/9/2 1855/9/2 1857/9/2
f 1855/9/2 1856/9/2 1857/9/2
f 1856/9/2 1852/9/2 1858/9/2
f 1857/9/2 1856/9/2 1858/9/2
f 1861/9/3 1860/9/3 1859/9/3
f 1862/9/3 1860/9/3 1861/9/3
f 1863/9/3 1861/9/3 1859/9/3
f 1864/9/3 1860/9/3 1862/9/3
f 1865/9/3 1863/9/3 1859/9/3
f 1865/9/3 1864/9/3 1863/9/3
f 1866/9/3 1860/9/3 1864/9/3
f 1866/9/3 1864/9/3 1865/9/3
f 1869/9/3 1868/9/3 1867/9/3
f 1870/9/3 1868/9/3 1869/9/3
f 1871/9/3 1869/9/3 1867/9/3
f 1872/9/3 1869/9/3 1871/9/3
f 1873/9/3 1869/9/3 1872/9/3
f 1874/9/3 1869/9/3 1873/9/3
f 1875/9/3 1869/9/3 1874/9/3
f 1876/9/3 1869/9/3 1875/9/3
f 1877/9/3 1869/9/3 1876/9/3
f 1878/9/3 1869/9/3 1877/9/3
f 1879/9/3 1869/9/3 1878/9/3
f 1880/9/3 1869/9/3 1879/9/3
f 1881/9/3 1873/9/3 1872/9/3
f 1881/3/3 1874/3/3 1873/3/3
f 1882/9/3 1875/9/3 1874/9/3
f 1882/3/3 1874/3/3 1881/3/3
f 1883/9/3 1877/9/3 1876/9/3
f 1883/3/3 1878/3/3 1877/3/3
f 1884/9/3 1879/9/3 1878/9/3
f 1884/3/3 1878/3/3 1883/3/3
f 1885/3/3 1876/3/3 1875/3/3
f 1885/9/3 1875/9/3 1882/9/3
f 1885/9/3 1882/9/3 1881/9/3
f 1886/9/3 1884/9/3 1883/9/3
f 1886/3/3 1876/3/3 1885/3/3
f 1886/9/3 1883/9/3 1876/9/3
f 1887/3/3 1880/3/3 1879/3/3
f 1887/9/3 1884/9/3 1886/9/3
f 1887/9/3 1886/9/3 1885/9/3
f 1887/9/3 1879/9/3 1884/9/3
f 1888/9/3 1869/9/3 1880/9/3
f 1888/3/3 1880/3/3 1887/3/3
f 1889/9/3 1887/9/3 1885/9/3
f 1889/9/3 1885/9/3 1881/9/3
f 1889/9/3 1888/9/3 1887/9/3
f 1889/9/3 1881/9/3 1872/9/3
f 1890/9/3 1888/9/3 1889/9/3
f 1891/9/3 1889/9/3 1872/9/3
f 1891/7/3 1890/7/3 1889/7/3
f 1892/9/3 1888/9/3 1890/9/3
f 1892/7/3 1890/7/3 1891/7/3
f 1893/9/3 1891/9/3 1872/9/3
f 1893/9/3 1892/9/3 1891/9/3
f 1894/9/3 1892/9/3 1893/9/3
f 1895/9/3 1888/9/3 1892/9/3
f 1895/9/3 1892/9/3 1894/9/3
f 1896/9/3 1869/9/3 1888/9/3
f 1896/9/3 1888/9/3 1895/9/3
f 1897/9/3 1893/9/3 1872/9/3
f 1898/9/3 1893/9/3 1897/9/3
f 1901/9/3 1893/9/3 1898/9/3
f 1902/9/3 1893/9/3 1901/9/3
f 1903/7/3 1900/7/3 1899/7/3
f 1904/7/3 1900/7/3 1903/7/3
f 1905/7/3 1900/7/3 1904/7/3
f 1906/7/3 1900/7/3 1905/7/3
f 1907/7/3 1903/7/3 1899/7/3
f 1907/11/3 1904/11/3 1903/11/3
f 1908/7/3 1905/7/3 1904/7/3
f 1908/11/3 1904/11/3 1907/11/3
f 1909/11/3 1906/11/3 1905/11/3
f 1909/7/3 1905/7/3 1908/7/3
f 1909/7/3 1908/7/3 1907/7/3
f 1910/7/3 1900/7/3 1906/7/3
f 1910/11/3 1906/11/3 1909/11/3
f 1911/9/3 1897/9/3 1872/9/3
f 1911/4/3 1898/4/3 1897/4/3
f 1912/9/3 1901/9/3 1898/9/3
f 1912/4/3 1898/4/3 1911/4/3
f 1913/4/3 1902/4/3 1901/4/3
f 1913/9/3 1901/9/3 1912/9/3
f 1914/9/3 1893/9/3 1902/9/3
f 1914/4/3 1902/4/3 1913/4/3
f 1915/4/3 1894/4/3 1893/4/3
f 1915/9/3 1893/9/3 1914/9/3
f 1916/9/3 1895/9/3 1894/9/3
f 1916/4/3 1894/4/3 1915/4/3
f 1917/7/3 1910/7/3 1909/7/3
f 1917/7/3 1909/7/3 1907/7/3
f 1917/7/3 1907/7/3 1899/7/3
f 1918/7/3 1900/7/3 1910/7/3
f 1918/7/3 1910/7/3 1917/7/3
f 1919/9/3 1915/9/3 1914/9/3
f 1919/9/3 1914/9/3 1913/9/3
f 1919/9/3 1916/9/3 1915/9/3
f 1919/9/3 1912/9/3 1911/9/3
f 1919/9/3 1895/9/3 1916/9/3
f 1919/9/3 1913/9/3 1912/9/3
f 1920/9/3 1869/9/3 1896/9/3
f 1921/9/3 1871/9/3 1867/9/3
f 1921/7/3 1872/7/3 1871/7/3
f 1922/9/3 1920/9/3 1919/9/3
f 1922/7/3 1872/7/3 1921/7/3
f 1922/9/3 1919/9/3 1911/9/3
f 1922/9/3 1911/9/3 1872/9/3
f 1923/9/3 1869/9/3 1920/9/3
f 1923/9/3 1920/9/3 1922/9/3
f 1923/9/3 1922/9/3 1921/9/3
f 1925/9/3 1921/9/3 1867/9/3
f 1925/9/3 1924/9/3 1923/9/3
f 1925/9/3 1923/9/3 1921/9/3
f 1926/9/3 1924/9/3 1925/9/3
f 1929/9/3 1928/9/3 1927/9/3
f 1930/9/3 1928/9/3 1929/9/3
f 1931/9/3 1928/9/3 1930/9/3
f 1934/9/3 1933/9/3 1932/9/3
f 1935/9/3 1933/9/3 1934/9/3
f 1936/9/3 1933/9/3 1935/9/3
f 1939/9/3 1938/9/3 1937/9/3
f 1940/9/3 1938/9/3 1939/9/3
f 1941/9/3 1938/9/3 1940/9/3
f 1944/9/3 1943/9/3 1942/9/3
f 1945/9/3 1943/9/3 1944/9/3
f 1946/9/3 1943/9/3 1945/9/3
f 1949/9/3 1948/9/3 1947/9/3
f 1950/9/3 1948/9/3 1949/9/3
f 1951/9/3 1948/9/3 1950/9/3
f 1954/9/3 1953/9/3 1952/9/3
f 1955/9/3 1953/9/3 1954/9/3
f 1956/9/3 1953/9/3 1955/9/3
f 1959/9/3 1958/9/3 1957/9/3
f 1960/9/3 1958/9/3 1959/9/3
f 1961/9/3 1958/9/3 1960/9/3
f 1964/9/3 1963/9/3 1962/9/3
f 1965/9/3 1963/9/3 1964/9/3
f 1966/9/3 1963/9/3 1965/9/3
f 1969/9/3 1968/9/3 1967/9/3
f 1970/9/3 1968/9/3 1969/9/3
f 1971/9/3 1968/9/3 1970/9/3
f 1974/9/3 1973/9/3 1972/9/3
f 1975/9/3 1973/9/3 1974/9/3
f 1976/9/3 1973/9/3 1975/9/3
f 1979/9/3 1978/9/3 1977/9/3
f 1980/9/3 1978/9/3 1979/9/3
f 1981/9/3 1978/9/3 1980/9/3
f 1984/9/3 1983/9/3 1982/9/3
f 1985/9/3 1983/9/3 1984/9/3
f 1986/9/3 1983/9/3 1985/9/3
f 1989/9/3 1988/9/3 1987/9/3
f 1990/9/3 1988/9/3 1989/9/3
f 1991/9/3 1988/9/3 1990/9/3
f 1994/4/3 1993/4/3 1992/4/3
f 1995/4/3 1993/4/3 1994/4/3
f 1998/9/3 1997/9/3 1996/9/3
f 1999/9/3 1997/9/3 1998/9/3
f 2000/9/3 1997/9/3 1999/9/3
f 2003/9/3 2002/9/3 2001/9/3
f 2004/9/3 2002/9/3 2003/9/3
f 2007/9/3 2006/9/3 2005/9/3
f 2008/9/3 2006/9/3 2007/9/3
f 2009/9/3 2006/9/3 2008/9/3
f 2012/2/3 2011/2/3 2010/2/3
f 2013/2/3 2011/2/3 2012/2/3
f 2016/3/3 2015/3/3 2014/3/3
f 2017/3/3 2015/3/3 2016/3/3
f 2020/9/3 2019/9/3 2018/9/3
f 2021/9/3 2019/9/3 2020/9/3
f 2022/9/3 2019/9/3 2021/9/3
f 2025/9/3 2024/9/3 2023/9/3
f 2026/9/3 2024/9/3 2025/9/3
f 2027/9/3 2024/9/3 2026/9/3
f 2030/1/3 2029/1/3 2028/1/3
f 2031/1/3 2029/1/3 2030/1/3
f 2034/2/3 2033/2/3 2032/2/3
f 2035/2/3 2033/2/3 2034/2/3
f 2038/9/3 2037/9/3 2036/9/3
f 2039/9/3 2037/9/3 2038/9/3
f 2040/9/3 2037/9/3 2039/9/3
f 2043/9/3 2042/9/3 2041/9/3
f 2044/9/3 2042/9/3 2043/9/3
f 2049/9/3 2046/9/3 2045/9/3
f 2050/2/3 2048/2/3 2047/2/3
f 2051/2/3 2048/2/3 2050/2/3
f 2052/9/3 2046/9/3 2049/9/3
f 2053/9/3 2046/9/3 2052/9/3
f 2056/6/3 2055/6/3 2054/6/3
f 2057/6/3 2055/6/3 2056/6/3
f 2060/9/3 2059/9/3 2058/9/3
f 2061/9/3 2059/9/3 2060/9/3
f 2062/9/3 2059/9/3 2061/9/3
f 2065/2/3 2064/2/3 2063/2/3
f 2066/2/3 2064/2/3 2065/2/3
f 2069/9/3 2068/9/3 2067/9/3
f 2070/9/3 2068/9/3 2069/9/3
f 2071/9/3 2068/9/3 2070/9/3
f 2074/6/3 2073/6/3 2072/6/3
f 2075/6/3 2073/6/3 2074/6/3
f 2078/6/3 2077/6/3 2076/6/3
f 2079/6/3 2077/6/3 2078/6/3
f 2082/9/3 2081/9/3 2080/9/3
f 2083/9/3 2081/9/3 2082/9/3
f 2084/9/3 2081/9/3 2083/9/3
f 2087/9/3 2086/9/3 2085/9/3
f 2088/9/3 2086/9/3 2087/9/3
f 2089/9/3 2086/9/3 2088/9/3
f 2092/6/3 2091/6/3 2090/6/3
f 2093/6/3 2091/6/3 2092/6/3
f 2096/6/3 2094/6/3 2093/6/3
f 2097/6/3 2094/6/3 2096/6/3
f 2098/6/3 2096/6/3 2095/6/3
f 2099/6/3 2096/6/3 2098/6/3
f 2102/9/3 2101/9/3 2100/9/3
f 2103/9/3 2101/9/3 2102/9/3
f 2104/9/3 2101/9/3 2103/9/3
f 2107/9/3 2106/9/3 2105/9/3
f 2110/6/3 2109/6/3 2108/6/3
f 2111/6/3 2109/6/3 2110/6/3
f 2114/2/3 2113/2/3 2112/2/3
f 2115/2/3 2113/2/3 2114/2/3
f 2119/6/3 2117/6/3 2116/6/3
f 2120/2/3 2118/2/3 2117/2/3
f 2120/6/3 2117/6/3 2119/6/3
f 2121/2/3 2118/2/3 2120/2/3
f 2124/6/3 2123/6/3 2122/6/3
f 2125/6/3 2123/6/3 2124/6/3
f 2128/6/3 2126/6/3 2125/6/3
f 2129/6/3 2126/6/3 2128/6/3
f 2130/6/3 2128/6/3 2127/6/3
f 2131/6/3 2128/6/3 2130/6/3
f 2132/9/3 2106/9/3 2107/9/3
f 2133/9/3 2106/9/3 2132/9/3
f 2134/9/3 2106/9/3 2133/9/3
f 2137/6/3 2136/6/3 2135/6/3
f 2138/6/3 2136/6/3 2137/6/3
f 2141/2/3 2140/2/3 2139/2/3
f 2142/2/3 2140/2/3 2141/2/3
f 2145/6/3 2144/6/3 2143/6/3
f 2146/6/3 2144/6/3 2145/6/3
f 2149/6/3 2147/6/3 2146/6/3
f 2150/6/3 2147/6/3 2149/6/3
f 2151/6/3 2149/6/3 2148/6/3
f 2152/3/3 2150/3/3 2149/3/3
f 2152/6/3 2149/6/3 2151/6/3
f 2153/3/3 2150/3/3 2152/3/3
f 2156/6/3 2155/6/3 2154/6/3
f 2157/6/3 2155/6/3 2156/6/3
f 2160/6/3 2158/6/3 2157/6/3
f 2161/6/3 2158/6/3 2160/6/3
f 2162/6/3 2160/6/3 2159/6/3
f 2163/3/3 2161/3/3 2160/3/3
f 2163/6/3 2160/6/3 2162/6/3
f 2164/3/3 2161/3/3 2163/3/3
f 2167/2/3 2166/2/3 2165/2/3
f 2168/2/3 2166/2/3 2167/2/3
f 2172/6/3 2170/6/3 2169/6/3
f 2173/4/3 2171/4/3 2170/4/3
f 2173/6/3 2170/6/3 2172/6/3
f 2174/4/3 2171/4/3 2173/4/3
f 2176/6/3 2174/6/3 2173/6/3
f 2177/1/3 2175/1/3 2174/1/3
f 2177/6/3 2174/6/3 2176/6/3
f 2178/1/3 2175/1/3 2177/1/3
f 2182/6/3 2179/6/3 2178/6/3
f 2183/6/3 2179/6/3 2182/6/3
f 2184/3/3 2181/3/3 2180/3/3
f 2185/6/3 2182/6/3 2181/6/3
f 2185/3/3 2181/3/3 2184/3/3
f 2186/6/3 2182/6/3 2185/6/3
f 2191/6/3 2188/6/3 2187/6/3
f 2192/4/3 2189/4/3 2188/4/3
f 2192/6/3 2188/6/3 2191/6/3
f 2193/4/3 2189/4/3 2192/4/3
f 2194/6/3 2191/6/3 2190/6/3
f 2195/6/3 2191/6/3 2194/6/3
f 2198/6/3 2197/6/3 2196/6/3
f 2199/6/3 2197/6/3 2198/6/3
f 2202/6/3 2201/6/3 2200/6/3
f 2203/6/3 2201/6/3 2202/6/3
f 2207/6/3 2204/6/3 2203/6/3
f 2208/6/3 2204/6/3 2207/6/3
f 2210/6/3 2206/6/3 2205/6/3
f 2211/6/3 2206/6/3 2210/6/3
f 2212/6/3 2209/6/3 2208/6/3
f 2213/6/3 2209/6/3 2212/6/3
f 2216/6/3 2215/6/3 2214/6/3
f 2217/6/3 2215/6/3 2216/6/3
f 2221/6/3 2219/6/3 2218/6/3
f 2222/2/3 2220/2/3 2219/2/3
f 2222/6/3 2219/6/3 2221/6/3
f 2223/2/3 2220/2/3 2222/2/3
f 2225/2/3 2224/2/3 2223/2/3
f 2225/2/3 2223/2/3 2222/2/3
f 2226/2/3 2224/2/3 2225/2/3
f 2231/2/3 2224/2/3 2226/2/3
f 2232/2/3 2224/2/3 2231/2/3
f 2233/2/3 2228/2/3 2227/2/3
f 2234/2/3 2228/2/3 2233/2/3
f 2236/2/3 2230/2/3 2229/2/3
f 2237/2/3 2230/2/3 2236/2/3
f 2239/2/3 2233/2/3 2232/2/3
f 2240/2/3 2233/2/3 2239/2/3
f 2241/6/3 2235/6/3 2234/6/3
f 2242/6/3 2235/6/3 2241/6/3
f 2244/2/3 2239/2/3 2238/2/3
f 2245/2/3 2241/2/3 2240/2/3
f 2246/2/3 2241/2/3 2245/2/3
f 2247/2/3 2244/2/3 2243/2/3
f 2247/2/3 2239/2/3 2244/2/3
f 2248/2/3 2239/2/3 2247/2/3
f 2249/2/3 2247/2/3 2243/2/3
f 2250/2/3 2247/2/3 2249/2/3
f 2253/6/3 2252/6/3 2251/6/3
f 2254/6/3 2252/6/3 2253/6/3
f 2259/6/3 2256/6/3 2255/6/3
f 2260/6/3 2256/6/3 2259/6/3
f 2261/6/3 2258/6/3 2257/6/3
f 2262/6/3 2258/6/3 2261/6/3
f 2266/6/3 2264/6/3 2263/6/3
f 2267/6/3 2264/6/3 2266/6/3
f 2268/6/3 2266/6/3 2265/6/3
f 2269/6/3 2266/6/3 2268/6/3
f 2276/2/3 2271/2/3 2270/2/3
f 2277/4/3 2272/4/3 2271/4/3
f 2277/2/3 2271/2/3 2276/2/3
f 2278/4/3 2272/4/3 2277/4/3
f 2279/2/3 2274/2/3 2273/2/3
f 2280/1/3 2275/1/3 2274/1/3
f 2280/2/3 2274/2/3 2279/2/3
f 2281/1/3 2275/1/3 2280/1/3
f 2286/6/3 2283/6/3 2282/6/3
f 2287/6/3 2283/6/3 2286/6/3
f 2288/6/3 2283/6/3 2287/6/3
f 2289/6/3 2283/6/3 2288/6/3
f 2290/6/3 2285/6/3 2284/6/3
f 2291/6/3 2285/6/3 2290/6/3
f 2292/6/3 2288/6/3 2287/6/3
f 2293/6/3 2288/6/3 2292/6/3
f 2294/6/3 2290/6/3 2289/6/3
f 2295/6/3 2290/6/3 2294/6/3
f 2298/3/3 2297/3/3 2296/3/3
f 2299/3/3 2297/3/3 2298/3/3
f 2302/9/3 2301/9/3 2300/9/3
f 2303/9/3 2301/9/3 2302/9/3
f 2309/2/3 2305/2/3 2304/2/3
f 2310/2/3 2305/2/3 2309/2/3
f 2312/2/3 2307/2/3 2306/2/3
f 2313/2/3 2307/2/3 2312/2/3
f 2316/2/3 2309/2/3 2308/2/3
f 2317/2/3 2309/2/3 2316/2/3
f 2319/2/3 2312/2/3 2311/2/3
f 2320/2/3 2312/2/3 2319/2/3
f 2322/4/3 2315/4/3 2314/4/3
f 2323/4/3 2315/4/3 2322/4/3
f 2324/3/3 2317/3/3 2316/3/3
f 2325/2/3 2318/2/3 2317/2/3
f 2325/3/3 2317/3/3 2324/3/3
f 2326/2/3 2318/2/3 2325/2/3
f 2327/2/3 2321/2/3 2320/2/3
f 2328/2/3 2321/2/3 2327/2/3
f 2331/2/3 2330/2/3 2329/2/3
f 2332/2/3 2330/2/3 2331/2/3
f 2335/6/3 2334/6/3 2333/6/3
f 2336/6/3 2334/6/3 2335/6/3
f 2339/6/3 2338/6/3 2337/6/3
f 2340/6/3 2338/6/3 2339/6/3
f 2343/6/3 2342/6/3 2341/6/3
f 2344/6/3 2342/6/3 2343/6/3
f 2347/4/3 2346/4/3 2345/4/3
f 2348/4/3 2346/4/3 2347/4/3
f 2351/6/3 2350/6/3 2349/6/3
f 2352/6/3 2350/6/3 2351/6/3
f 2355/6/3 2353/6/3 2352/6/3
f 2356/6/3 2353/6/3 2355/6/3
f 2357/6/3 2355/6/3 2354/6/3
f 2358/3/3 2356/3/3 2355/3/3
f 2358/6/3 2355/6/3 2357/6/3
f 2359/3/3 2356/3/3 2358/3/3
f 2362/6/3 2361/6/3 2360/6/3
f 2363/6/3 2361/6/3 2362/6/3
f 2366/6/3 2365/6/3 2364/6/3
f 2367/6/3 2365/6/3 2366/6/3
f 2371/6/3 2368/6/3 2367/6/3
f 2372/6/3 2368/6/3 2371/6/3
f 2374/6/3 2370/6/3 2369/6/3
f 2375/6/3 2370/6/3 2374/6/3
f 2376/6/3 2373/6/3 2372/6/3
f 2377/6/3 2373/6/3 2376/6/3
f 2380/6/3 2379/6/3 2378/6/3
f 2381/6/3 2379/6/3 2380/6/3
f 2384/6/3 2383/6/3 2382/6/3
f 2385/6/3 2383/6/3 2384/6/3
f 2389/6/3 2387/6/3 2386/6/3
f 2390/6/3 2387/6/3 2389/6/3
f 2393/6/3 2390/6/3 2389/6/3
f 2393/6/3 2389/6/3 2388/6/3
f 2394/6/3 2390/6/3 2393/6/3
f 2395/6/3 2392/6/3 2391/6/3
f 2396/6/3 2392/6/3 2395/6/3
f 2397/6/3 2395/6/3 2394/6/3
f 2398/6/3 2395/6/3 2397/6/3
f 2401/6/3 2400/6/3 2399/6/3
f 2402/6/3 2400/6/3 2401/6/3
f 2405/6/3 2403/6/3 2402/6/3
f 2406/6/3 2403/6/3 2405/6/3
f 2407/6/3 2405/6/3 2404/6/3
f 2408/6/3 2405/6/3 2407/6/3
f 2411/3/3 2410/3/3 2409/3/3
f 2412/3/3 2410/3/3 2411/3/3
f 2415/6/3 2414/6/3 2413/6/3
f 2416/6/3 2414/6/3 2415/6/3
f 2419/6/3 2417/6/3 2416/6/3
f 2420/6/3 2417/6/3 2419/6/3
f 2421/6/3 2419/6/3 2418/6/3
f 2422/6/3 2419/6/3 2421/6/3
f 2425/6/3 2424/6/3 2423/6/3
f 2426/6/3 2424/6/3 2425/6/3
f 2429/4/3 2428/4/3 2427/4/3
f 2430/4/3 2428/4/3 2429/4/3
f 2433/6/3 2432/6/3 2431/6/3
f 2434/6/3 2432/6/3 2433/6/3
f 2437/6/3 2435/6/3 2434/6/3
f 2438/6/3 2435/6/3 2437/6/3
f 2439/6/3 2437/6/3 2436/6/3
f 2440/3/3 2438/3/3 2437/3/3
f 2440/6/3 2437/6/3 2439/6/3
f 2441/3/3 2438/3/3 2440/3/3
f 2444/9/3 2443/9/3 2442/9/3
f 2445/9/3 2443/9/3 2444/9/3
f 2448/1/3 2447/1/3 2446/1/3
f 2449/1/3 2447/1/3 2448/1/3
f 2452/4/3 2451/4/3 2450/4/3
f 2453/4/3 2452/4/3 2450/4/3
f 2454/4/3 2452/4/3 2453/4/3
f 2458/6/3 2456/6/3 2455/6/3
f 2459/4/3 2457/4/3 2456/4/3
f 2459/6/3 2456/6/3 2458/6/3
f 2460/4/3 2457/4/3 2459/4/3
f 2462/6/3 2460/6/3 2459/6/3
f 2463/1/3 2461/1/3 2460/1/3
f 2463/6/3 2460/6/3 2462/6/3
f 2464/1/3 2461/1/3 2463/1/3
f 2468/6/3 2465/6/3 2464/6/3
f 2469/6/3 2465/6/3 2468/6/3
f 2470/3/3 2467/3/3 2466/3/3
f 2471/6/3 2468/6/3 2467/6/3
f 2471/3/3 2467/3/3 2470/3/3
f 2472/6/3 2468/6/3 2471/6/3
f 2477/6/3 2474/6/3 2473/6/3
f 2478/4/3 2475/4/3 2474/4/3
f 2478/6/3 2474/6/3 2477/6/3
f 2479/4/3 2475/4/3 2478/4/3
f 2480/6/3 2477/6/3 2476/6/3
f 2481/6/3 2477/6/3 2480/6/3
f 2484/4/3 2483/4/3 2482/4/3
f 2485/4/3 2483/4/3 2484/4/3
f 2488/6/3 2487/6/3 2486/6/3
f 2489/6/3 2487/6/3 2488/6/3
f 2494/6/3 2491/6/3 2490/6/3
f 2495/6/3 2491/6/3 2494/6/3
f 2496/6/3 2493/6/3 2492/6/3
f 2497/6/3 2493/6/3 2496/6/3
f 2501/6/3 2499/6/3 2498/6/3
f 2502/6/3 2499/6/3 2501/6/3
f 2503/6/3 2501/6/3 2500/6/3
f 2504/6/3 2501/6/3 2503/6/3
f 2508/4/3 2506/4/3 2505/4/3
f 2509/4/3 2506/4/3 2508/4/3
f 2510/4/3 2508/4/3 2507/4/3
f 2511/4/3 2508/4/3 2510/4/3
f 2513/4/3 2512/4/3 2511/4/3
f 2514/4/3 2512/4/3 2513/4/3
f 2517/9/3 2516/9/3 2515/9/3
f 2518/9/3 2516/9/3 2517/9/3
f 2521/9/3 2520/9/3 2519/9/3
f 2522/9/3 2521/9/3 2519/9/3
f 2523/9/3 2521/9/3 2522/9/3
f 2528/4/3 2527/4/3 2526/4/3
f 2529/4/3 2527/4/3 2528/4/3
f 2530/4/3 2527/4/3 2529/4/3
f 2533/4/3 2532/4/3 2531/4/3
f 2534/4/3 2532/4/3 2533/4/3
f 2535/4/3 2532/4/3 2534/4/3
f 2538/6/3 2537/6/3 2536/6/3
f 2539/6/3 2537/6/3 2538/6/3
f 2542/6/3 2541/6/3 2540/6/3
f 2543/6/3 2541/6/3 2542/6/3
f 2550/2/3 2545/2/3 2544/2/3
f 2551/4/3 2546/4/3 2545/4/3
f 2551/2/3 2545/2/3 2550/2/3
f 2552/4/3 2546/4/3 2551/4/3
f 2553/2/3 2548/2/3 2547/2/3
f 2554/1/3 2549/1/3 2548/1/3
f 2554/2/3 2548/2/3 2553/2/3
f 2555/1/3 2549/1/3 2554/1/3
f 2556/9/3 2525/9/3 2524/9/3
f 2557/9/3 2525/9/3 2556/9/3
f 2560/9/3 2559/9/3 2558/9/3
f 2561/9/3 2560/9/3 2558/9/3
f 2562/9/3 2560/9/3 2561/9/3
f 2565/9/3 2564/9/3 2563/9/3
f 2566/9/3 2565/9/3 2563/9/3
f 2567/9/3 2565/9/3 2566/9/3
f 2570/4/3 2569/4/3 2568/4/3
f 2571/4/3 2569/4/3 2570/4/3
f 2575/4/3 2573/4/3 2572/4/3
f 2575/4/3 2574/4/3 2573/4/3
f 2576/4/3 2574/4/3 2575/4/3
f 2579/6/3 2578/6/3 2577/6/3
f 2580/6/3 2578/6/3 2579/6/3
f 2584/6/3 2582/6/3 2581/6/3
f 2585/6/3 2582/6/3 2584/6/3
f 2587/6/3 2584/6/3 2583/6/3
f 2588/6/3 2584/6/3 2587/6/3
f 2589/6/3 2586/6/3 2585/6/3
f 2590/6/3 2586/6/3 2589/6/3
f 2591/6/3 2589/6/3 2588/6/3
f 2592/6/3 2589/6/3 2591/6/3
f 2598/2/3 2594/2/3 2593/2/3
f 2599/2/3 2594/2/3 2598/2/3
f 2601/2/3 2596/2/3 2595/2/3
f 2602/2/3 2596/2/3 2601/2/3
f 2605/2/3 2598/2/3 2597/2/3
f 2606/2/3 2598/2/3 2605/2/3
f 2608/2/3 2601/2/3 2600/2/3
f 2609/2/3 2601/2/3 2608/2/3
f 2611/4/3 2604/4/3 2603/4/3
f 2612/4/3 2604/4/3 2611/4/3
f 2613/3/3 2606/3/3 2605/3/3
f 2614/2/3 2607/2/3 2606/2/3
f 2614/3/3 2606/3/3 2613/3/3
f 2615/2/3 2607/2/3 2614/2/3
f 2616/2/3 2610/2/3 2609/2/3
f 2617/2/3 2610/2/3 2616/2/3
f 2622/9/3 2619/9/3 2618/9/3
f 2623/4/3 2621/4/3 2620/4/3
f 2624/4/3 2621/4/3 2623/4/3
f 2625/9/3 2622/9/3 2618/9/3
f 2626/9/3 2622/9/3 2625/9/3
f 2629/9/3 2628/9/3 2627/9/3
f 2630/9/3 2628/9/3 2629/9/3
f 2633/9/3 2632/9/3 2631/9/3
f 2634/9/3 2633/9/3 2631/9/3
f 2635/9/3 2633/9/3 2634/9/3
f 2638/4/3 2637/4/3 2636/4/3
f 2639/4/3 2637/4/3 2638/4/3
f 2645/4/3 2641/4/3 2640/4/3
f 2646/4/3 2641/4/3 2645/4/3
f 2647/9/3 2643/9/3 2642/9/3
f 2648/4/3 2645/4/3 2644/4/3
f 2649/4/3 2645/4/3 2648/4/3
f 2650/9/3 2647/9/3 2642/9/3
f 2651/9/3 2647/9/3 2650/9/3
f 2654/9/3 2653/9/3 2652/9/3
f 2655/9/3 2653/9/3 2654/9/3
f 2658/9/3 2657/9/3 2656/9/3
f 2659/9/3 2658/9/3 2656/9/3
f 2660/9/3 2658/9/3 2659/9/3
f 2663/3/3 2662/3/3 2661/3/3
f 2664/3/3 2662/3/3 2663/3/3
f 2667/9/3 2666/9/3 2665/9/3
f 2668/9/3 2667/9/3 2665/9/3
f 2669/9/3 2667/9/3 2668/9/3
f 2672/9/3 2671/9/3 2670/9/3
f 2673/9/3 2672/9/3 2670/9/3
f 2674/9/3 2672/9/3 2673/9/3
f 2677/1/3 2676/1/3 2675/1/3
f 2678/1/3 2676/1/3 2677/1/3
f 2681/9/3 2680/9/3 2679/9/3
f 2682/9/3 2681/9/3 2679/9/3
f 2683/9/3 2681/9/3 2682/9/3
f 2688/9/3 2685/9/3 2684/9/3
f 2689/9/3 2685/9/3 2688/9/3
f 2690/9/3 2687/9/3 2686/9/3
f 2691/9/3 2687/9/3 2690/9/3
f 2694/9/3 2693/9/3 2692/9/3
f 2695/9/3 2694/9/3 2692/9/3
f 2696/9/3 2694/9/3 2695/9/3
f 2699/4/3 2698/4/3 2697/4/3
f 2700/4/3 2698/4/3 2699/4/3
f 2703/9/3 2702/9/3 2701/9/3
f 2704/9/3 2703/9/3 2701/9/3
f 2705/9/3 2703/9/3 2704/9/3
f 2710/9/3 2707/9/3 2706/9/3
f 2711/9/3 2710/9/3 2706/9/3
f 2712/9/3 2710/9/3 2711/9/3
f 2713/2/3 2709/2/3 2708/2/3
f 2714/2/3 2709/2/3 2713/2/3
f 2717/9/3 2716/9/3 2715/9/3
f 2718/9/3 2717/9/3 2715/9/3
f 2719/9/3 2717/9/3 2718/9/3
f 2722/9/3 2721/9/3 2720/9/3
f 2723/9/3 2722/9/3 2720/9/3
f 2724/9/3 2722/9/3 2723/9/3
f 2727/2/3 2726/2/3 2725/2/3
f 2728/2/3 2726/2/3 2727/2/3
f 2733/9/3 2732/9/3 2731/9/3
f 2734/2/3 2730/2/3 2729/2/3
f 2735/2/3 2730/2/3 2734/2/3
f 2736/9/3 2733/9/3 2731/9/3
f 2737/9/3 2733/9/3 2736/9/3
f 2740/9/3 2739/9/3 2738/9/3
f 2741/9/3 2740/9/3 2738/9/3
f 2742/9/3 2740/9/3 2741/9/3
f 2745/9/3 2744/9/3 2743/9/3
f 2746/9/3 2745/9/3 2743/9/3
f 2747/9/3 2745/9/3 2746/9/3
f 2750/9/3 2749/9/3 2748/9/3
f 2751/9/3 2750/9/3 2748/9/3
f 2752/9/3 2750/9/3 2751/9/3
f 2755/9/3 2754/9/3 2753/9/3
f 2756/9/3 2755/9/3 2753/9/3
f 2757/9/3 2755/9/3 2756/9/3
f 2760/9/3 2759/9/3 2758/9/3
f 2761/9/3 2760/9/3 2758/9/3
f 2762/9/3 2760/9/3 2761/9/3
f 2765/9/3 2764/9/3 2763/9/3
f 2766/9/3 2765/9/3 2763/9/3
f 2767/9/3 2765/9/3 2766/9/3
f 2770/9/3 2769/9/3 2768/9/3
f 2771/9/3 2770/9/3 2768/9/3
f 2772/9/3 2770/9/3 2771/9/3
f 2775/9/3 2774/9/3 2773/9/3
f 2776/9/3 2775/9/3 2773/9/3
f 2777/9/3 2775/9/3 2776/9/3
f 2780/9/3 2779/9/3 2778/9/3
f 2781/9/3 2779/9/3 2780/9/3
f 2782/9/3 2781/9/3 2780/9/3
f 2783/9/3 2781/9/3 2782/9/3
f 2786/9/3 2785/9/3 2784/9/3
f 2787/9/3 2785/9/3 2786/9/3
f 2788/9/3 2787/9/3 2786/9/3
f 2789/9/3 2787/9/3 2788/9/3
f 2792/9/3 2791/9/3 2790/9/3
f 2793/9/3 2792/9/3 2790/9/3
f 2794/9/3 2793/9/3 2790/9/3
f 2795/9/3 2793/9/3 2794/9/3
f 2796/9/4 2797/9/4 2798/9/4
f 2796/9/4 2798/9/4 2799/9/4
f 2796/9/4 2799/9/4 2800/9/4
f 2800/9/4 2799/9/4 2801/9/4
f 2802/9/4 2803/9/4 2804/9/4
f 2804/9/4 2803/9/4 2805/9/4
f 2804/9/4 2805/9/4 2806/9/4
f 2806/9/4 2805/9/4 2807/9/4
f 2808/9/4 2809/9/4 2810/9/4
f 2810/9/4 2809/9/4 2811/9/4
f 2810/9/4 2811/9/4 2812/9/4
f 2812/9/4 2811/9/4 2813/9/4
f 2814/9/4 2815/9/4 2816/9/4
f 2814/9/4 2816/9/4 2817/9/4
f 2817/9/4 2816/9/4 2818/9/4
f 2819/9/4 2820/9/4 2821/9/4
f 2819/9/4 2821/9/4 2822/9/4
f 2822/9/4 2821/9/4 2823/9/4
f 2824/9/4 2825/9/4 2826/9/4
f 2824/9/4 2826/9/4 2827/9/4
f 2827/9/4 2826/9/4 2828/9/4
f 2829/9/4 2830/9/4 2831/9/4
f 2829/9/4 2831/9/4 2832/9/4
f 2832/9/4 2831/9/4 2833/9/4
f 2834/9/4 2835/9/4 2836/9/4
f 2834/9/4 2836/9/4 2837/9/4
f 2837/9/4 2836/9/4 2838/9/4
f 2839/9/4 2840/9/4 2841/9/4
f 2839/9/4 2841/9/4 2842/9/4
f 2842/9/4 2841/9/4 2843/9/4
f 2844/9/4 2845/9/4 2846/9/4
f 2844/9/4 2846/9/4 2847/9/4
f 2847/9/4 2846/9/4 2848/9/4
f 2849/9/4 2850/9/4 2851/9/4
f 2849/9/4 2851/9/4 2852/9/4
f 2852/9/4 2851/9/4 2853/9/4
f 2854/9/4 2855/9/4 2856/9/4
f 2854/9/4 2856/9/4 2857/9/4
f 2857/9/4 2856/9/4 2858/9/4
f 2859/9/4 2860/9/4 2861/9/4
f 2859/9/4 2861/9/4 2862/9/4
f 2862/9/4 2861/9/4 2863/9/4
f 2864/9/4 2865/9/4 2866/9/4
f 2864/9/4 2866/9/4 2867/9/4
f 2867/9/4 2866/9/4 2868/9/4
f 2869/4/4 2870/4/4 2871/4/4
f 2871/4/4 2870/4/4 2872/4/4
f 2873/9/4 2874/9/4 2875/9/4
f 2873/9/4 2875/9/4 2876/9/4
f 2876/9/4 2875/9/4 2877/9/4
f 2878/9/4 2879/9/4 2880/9/4
f 2880/9/4 2879/9/4 2881/9/4
f 2882/9/4 2883/9/4 2884/9/4
f 2882/9/4 2884/9/4 2885/9/4
f 2885/9/4 2884/9/4 2886/9/4
f 2887/2/4 2888/2/4 2889/2/4
f 2889/2/4 2888/2/4 2890/2/4
f 2891/3/4 2892/3/4 2893/3/4
f 2893/3/4 2892/3/4 2894/3/4
f 2895/9/4 2896/9/4 2897/9/4
f 2895/9/4 2897/9/4 2898/9/4
f 2898/9/4 2897/9/4 2899/9/4
f 2900/9/4 2901/9/4 2902/9/4
f 2900/9/4 2902/9/4 2903/9/4
f 2903/9/4 2902/9/4 2904/9/4
f 2905/1/4 2906/1/4 2907/1/4
f 2907/1/4 2906/1/4 2908/1/4
f 2909/2/4 2910/2/4 2911/2/4
f 2911/2/4 2910/2/4 2912/2/4
f 2913/9/4 2914/9/4 2915/9/4
f 2913/9/4 2915/9/4 2916/9/4
f 2916/9/4 2915/9/4 2917/9/4
f 2918/9/4 2919/9/4 2920/9/4
f 2920/9/4 2919/9/4 2921/9/4
f 2922/9/4 2923/9/4 2924/9/4
f 2922/9/4 2924/9/4 2925/9/4
f 2925/9/4 2924/9/4 2926/9/4
f 2927/2/4 2928/2/4 2929/2/4
f 2929/2/4 2928/2/4 2930/2/4
f 2931/9/4 2932/9/4 2933/9/4
f 2931/9/4 2933/9/4 2934/9/4
f 2934/9/4 2933/9/4 2935/9/4
f 2938/9/4 2939/9/4 2940/9/4
f 2936/2/4 2937/2/4 2941/2/4
f 2941/2/4 2937/2/4 2942/2/4
f 2938/9/4 2940/9/4 2943/9/4
f 2943/9/4 2940/9/4 2944/9/4
f 2945/6/4 2946/6/4 2947/6/4
f 2947/6/4 2946/6/4 2948/6/4
f 2949/6/4 2950/6/4 2951/6/4
f 2951/6/4 2950/6/4 2952/6/4
f 2953/9/4 2954/9/4 2955/9/4
f 2953/9/4 2955/9/4 2956/9/4
f 2956/9/4 2955/9/4 2957/9/4
f 2958/9/4 2959/9/4 2960/9/4
f 2958/9/4 2960/9/4 2961/9/4
f 2961/9/4 2960/9/4 2962/9/4
f 2963/6/4 2964/6/4 2965/6/4
f 2965/6/4 2964/6/4 2966/6/4
f 2966/6/4 2967/6/4 2969/6/4
f 2969/6/4 2967/6/4 2970/6/4
f 2968/6/4 2969/6/4 2971/6/4
f 2971/6/4 2969/6/4 2972/6/4
f 2973/9/4 2974/9/4 2975/9/4
f 2973/9/4 2975/9/4 2976/9/4
f 2976/9/4 2975/9/4 2977/9/4
f 2978/9/4 2979/9/4 2980/9/4
f 2978/9/4 2980/9/4 2981/9/4
f 2981/9/4 2980/9/4 2982/9/4
f 2985/6/4 2986/6/4 2987/6/4
f 2987/6/4 2986/6/4 2988/6/4
f 2989/2/4 2990/2/4 2991/2/4
f 2991/2/4 2990/2/4 2992/2/4
f 2993/6/4 2994/6/4 2995/6/4
f 2995/6/4 2994/6/4 2996/6/4
f 2997/6/4 2998/6/4 2999/6/4
f 2999/6/4 2998/6/4 3000/6/4
f 3000/6/4 3001/6/4 3003/6/4
f 3003/6/4 3001/6/4 3004/6/4
f 3002/6/4 3003/6/4 3005/6/4
f 3005/6/4 3003/6/4 3006/6/4
f 2983/9/4 2984/9/4 3007/9/4
f 3007/9/4 2984/9/4 3008/9/4
f 3009/9/4 3010/9/4 3011/9/4
f 3009/9/4 3011/9/4 3012/9/4
f 3012/9/4 3011/9/4 3013/9/4
f 3014/6/4 3015/6/4 3016/6/4
f 3016/6/4 3015/6/4 3017/6/4
f 3018/2/4 3019/2/4 3020/2/4
f 3020/2/4 3019/2/4 3021/2/4
f 3022/6/4 3023/6/4 3024/6/4
f 3024/6/4 3023/6/4 3025/6/4
f 3025/6/4 3026/6/4 3027/6/4
f 3027/6/4 3026/6/4 3028/6/4
f 3028/6/4 3029/6/4 3031/6/4
f 3031/6/4 3029/6/4 3032/6/4
f 3030/6/4 3031/6/4 3034/6/4
f 3034/6/4 3031/6/4 3035/6/4
f 3033/6/4 3034/6/4 3036/6/4
f 3036/6/4 3034/6/4 3037/6/4
f 3038/6/4 3039/6/4 3041/6/4
f 3039/2/4 3040/2/4 3042/2/4
f 3041/6/4 3039/6/4 3042/6/4
f 3042/2/4 3040/2/4 3043/2/4
f 3043/2/4 3044/2/4 3045/2/4
f 3042/2/4 3043/2/4 3045/2/4
f 3045/2/4 3044/2/4 3046/2/4
f 3046/2/4 3044/2/4 3050/2/4
f 3050/2/4 3044/2/4 3051/2/4
f 3047/2/4 3048/2/4 3053/2/4
f 3053/2/4 3048/2/4 3054/2/4
f 3049/2/4 3050/2/4 3056/2/4
f 3056/2/4 3050/2/4 3057/2/4
f 3051/2/4 3052/2/4 3058/2/4
f 3058/2/4 3052/2/4 3059/2/4
f 3054/6/4 3055/6/4 3061/6/4
f 3061/6/4 3055/6/4 3062/6/4
f 3057/2/4 3058/2/4 3064/2/4
f 3060/2/4 3061/2/4 3065/2/4
f 3065/2/4 3061/2/4 3066/2/4
f 3063/2/4 3064/2/4 3067/2/4
f 3064/2/4 3058/2/4 3067/2/4
f 3067/2/4 3058/2/4 3068/2/4
f 3063/2/4 3067/2/4 3069/2/4
f 3069/2/4 3067/2/4 3070/2/4
f 3071/6/4 3072/6/4 3073/6/4
f 3073/6/4 3072/6/4 3074/6/4
f 3074/6/4 3075/6/4 3076/6/4
f 3076/6/4 3075/6/4 3077/6/4
f 3077/6/4 3078/6/4 3079/6/4
f 3079/6/4 3078/6/4 3080/6/4
f 3081/6/4 3082/6/4 3085/6/4
f 3085/6/4 3082/6/4 3086/6/4
f 3083/6/4 3084/6/4 3088/6/4
f 3088/6/4 3084/6/4 3089/6/4
f 3087/6/4 3088/6/4 3091/6/4
f 3091/6/4 3088/6/4 3092/6/4
f 3090/6/4 3091/6/4 3093/6/4
f 3093/6/4 3091/6/4 3094/6/4
f 3095/6/4 3096/6/4 3097/6/4
f 3097/6/4 3096/6/4 3098/6/4
f 3099/6/4 3100/6/4 3103/6/4
f 3103/6/4 3100/6/4 3104/6/4
f 3101/6/4 3102/6/4 3105/6/4
f 3105/6/4 3102/6/4 3106/6/4
f 3106/6/4 3102/6/4 3107/6/4
f 3107/6/4 3102/6/4 3108/6/4
f 3104/6/4 3105/6/4 3109/6/4
f 3109/6/4 3105/6/4 3110/6/4
f 3106/6/4 3107/6/4 3111/6/4
f 3111/6/4 3107/6/4 3112/6/4
f 3113/6/4 3114/6/4 3116/6/4
f 3116/6/4 3114/6/4 3117/6/4
f 3115/3/4 3116/3/4 3119/3/4
f 3119/3/4 3116/3/4 3120/3/4
f 3117/6/4 3118/6/4 3121/6/4
f 3121/6/4 3118/6/4 3122/6/4
f 3120/6/4 3121/6/4 3123/6/4
f 3123/6/4 3121/6/4 3124/6/4
f 3125/6/4 3126/6/4 3128/6/4
f 3126/2/4 3127/2/4 3129/2/4
f 3128/6/4 3126/6/4 3129/6/4
f 3129/2/4 3127/2/4 3130/2/4
f 3131/3/4 3132/3/4 3133/3/4
f 3133/3/4 3132/3/4 3134/3/4
f 3135/6/4 3136/6/4 3137/6/4
f 3137/6/4 3136/6/4 3138/6/4
f 3138/6/4 3139/6/4 3140/6/4
f 3140/6/4 3139/6/4 3141/6/4
f 3141/6/4 3142/6/4 3144/6/4
f 3142/1/4 3143/1/4 3145/1/4
f 3144/6/4 3142/6/4 3145/6/4
f 3145/1/4 3143/1/4 3146/1/4
f 3145/6/4 3146/6/4 3148/6/4
f 3148/6/4 3146/6/4 3149/6/4
f 3147/6/4 3148/6/4 3151/6/4
f 3151/6/4 3148/6/4 3152/6/4
f 3150/6/4 3151/6/4 3154/6/4
f 3154/6/4 3151/6/4 3155/6/4
f 3153/6/4 3154/6/4 3156/6/4
f 3154/4/4 3155/4/4 3157/4/4
f 3156/6/4 3154/6/4 3157/6/4
f 3157/4/4 3155/4/4 3158/4/4
f 3159/9/4 3160/9/4 3161/9/4
f 3161/9/4 3160/9/4 3162/9/4
f 3163/2/4 3164/2/4 3168/2/4
f 3168/2/4 3164/2/4 3169/2/4
f 3165/2/4 3166/2/4 3171/2/4
f 3171/2/4 3166/2/4 3172/2/4
f 3167/2/4 3168/2/4 3175/2/4
f 3175/2/4 3168/2/4 3176/2/4
f 3169/2/4 3170/2/4 3177/2/4
f 3177/2/4 3170/2/4 3178/2/4
f 3172/2/4 3173/2/4 3180/2/4
f 3173/4/4 3174/4/4 3181/4/4
f 3180/2/4 3173/2/4 3181/2/4
f 3181/4/4 3174/4/4 3182/4/4
f 3175/3/4 3176/3/4 3183/3/4
f 3183/3/4 3176/3/4 3184/3/4
f 3179/2/4 3180/2/4 3185/2/4
f 3185/2/4 3180/2/4 3186/2/4
f 3187/6/4 3188/6/4 3189/6/4
f 3189/6/4 3188/6/4 3190/6/4
f 3191/6/4 3192/6/4 3193/6/4
f 3193/6/4 3192/6/4 3194/6/4
f 3195/2/4 3196/2/4 3197/2/4
f 3197/2/4 3196/2/4 3198/2/4
f 3199/6/4 3200/6/4 3202/6/4
f 3202/6/4 3200/6/4 3203/6/4
f 3201/6/4 3202/6/4 3204/6/4
f 3204/6/4 3202/6/4 3205/6/4
f 3206/2/4 3207/2/4 3211/2/4
f 3211/2/4 3207/2/4 3212/2/4
f 3208/3/4 3209/3/4 3213/3/4
f 3209/2/4 3210/2/4 3214/2/4
f 3213/3/4 3209/3/4 3214/3/4
f 3214/2/4 3210/2/4 3215/2/4
f 3211/1/4 3212/1/4 3216/1/4
f 3216/1/4 3212/1/4 3217/1/4
f 3218/2/4 3219/2/4 3220/2/4
f 3220/2/4 3219/2/4 3221/2/4
f 3222/6/4 3223/6/4 3225/6/4
f 3223/1/4 3224/1/4 3226/1/4
f 3225/6/4 3223/6/4 3226/6/4
f 3226/1/4 3224/1/4 3227/1/4
f 3226/6/4 3227/6/4 3229/6/4
f 3229/6/4 3227/6/4 3230/6/4
f 3228/6/4 3229/6/4 3231/6/4
f 3231/6/4 3229/6/4 3232/6/4
f 3233/4/4 3234/4/4 3236/4/4
f 3234/6/4 3235/6/4 3237/6/4
f 3236/4/4 3234/4/4 3237/4/4
f 3237/6/4 3235/6/4 3238/6/4
f 3239/6/4 3240/6/4 3241/6/4
f 3241/6/4 3240/6/4 3242/6/4
f 3242/6/4 3243/6/4 3244/6/4
f 3244/6/4 3243/6/4 3245/6/4
f 3245/6/4 3246/6/4 3248/6/4
f 3248/6/4 3246/6/4 3249/6/4
f 3247/6/4 3248/6/4 3251/6/4
f 3251/6/4 3248/6/4 3252/6/4
f 3250/6/4 3251/6/4 3253/6/4
f 3253/6/4 3251/6/4 3254/6/4
f 3255/6/4 3256/6/4 3257/6/4
f 3257/6/4 3256/6/4 3258/6/4
f 3259/6/4 3260/6/4 3262/6/4
f 3262/6/4 3260/6/4 3263/6/4
f 3261/6/4 3262/6/4 3266/6/4
f 3266/6/4 3262/6/4 3267/6/4
f 3264/6/4 3265/6/4 3269/6/4
f 3269/6/4 3265/6/4 3270/6/4
f 3268/6/4 3269/6/4 3271/6/4
f 3271/6/4 3269/6/4 3272/6/4
f 3273/6/4 3274/6/4 3276/6/4
f 3276/6/4 3274/6/4 3277/6/4
f 3275/3/4 3276/3/4 3279/3/4
f 3279/3/4 3276/3/4 3280/3/4
f 3277/6/4 3278/6/4 3281/6/4
f 3281/6/4 3278/6/4 3282/6/4
f 3280/6/4 3281/6/4 3283/6/4
f 3283/6/4 3281/6/4 3284/6/4
f 3285/6/4 3286/6/4 3287/6/4
f 3287/6/4 3286/6/4 3288/6/4
f 3288/6/4 3289/6/4 3291/6/4
f 3291/6/4 3289/6/4 3292/6/4
f 3290/6/4 3291/6/4 3293/6/4
f 3293/6/4 3291/6/4 3294/6/4
f 3295/3/4 3296/3/4 3297/3/4
f 3297/3/4 3296/3/4 3298/3/4
f 3299/6/4 3300/6/4 3301/6/4
f 3301/6/4 3300/6/4 3302/6/4
f 3303/6/4 3304/6/4 3305/6/4
f 3305/6/4 3304/6/4 3306/6/4
f 3307/6/4 3308/6/4 3309/6/4
f 3309/6/4 3308/6/4 3310/6/4
f 3310/6/4 3311/6/4 3313/6/4
f 3313/6/4 3311/6/4 3314/6/4
f 3312/6/4 3313/6/4 3315/6/4
f 3315/6/4 3313/6/4 3316/6/4
f 3317/6/4 3318/6/4 3319/6/4
f 3319/6/4 3318/6/4 3320/6/4
f 3321/6/4 3322/6/4 3323/6/4
f 3323/6/4 3322/6/4 3324/6/4
f 3325/9/4 3326/9/4 3327/9/4
f 3327/9/4 3326/9/4 3328/9/4
f 3329/1/4 3330/1/4 3331/1/4
f 3331/1/4 3330/1/4 3332/1/4
f 3333/4/4 3334/4/4 3335/4/4
f 3335/4/4 3334/4/4 3336/4/4
f 3336/4/4 3334/4/4 3337/4/4
f 3338/4/4 3339/4/4 3340/4/4
f 3340/4/4 3339/4/4 3341/4/4
f 3342/6/4 3343/6/4 3344/6/4
f 3344/6/4 3343/6/4 3345/6/4
f 3345/6/4 3346/6/4 3347/6/4
f 3347/6/4 3346/6/4 3348/6/4
f 3348/6/4 3349/6/4 3350/6/4
f 3350/6/4 3349/6/4 3351/6/4
f 3352/6/4 3353/6/4 3356/6/4
f 3356/6/4 3353/6/4 3357/6/4
f 3354/6/4 3355/6/4 3359/6/4
f 3359/6/4 3355/6/4 3360/6/4
f 3358/6/4 3359/6/4 3362/6/4
f 3362/6/4 3359/6/4 3363/6/4
f 3361/6/4 3362/6/4 3364/6/4
f 3364/6/4 3362/6/4 3365/6/4
f 3366/6/4 3367/6/4 3368/6/4
f 3368/6/4 3367/6/4 3369/6/4
f 3370/4/4 3371/4/4 3373/4/4
f 3371/4/4 3372/4/4 3373/4/4
f 3373/4/4 3372/4/4 3374/4/4
f 3374/4/4 3372/4/4 3375/4/4
f 3376/6/4 3377/6/4 3378/6/4
f 3378/6/4 3377/6/4 3379/6/4
f 3379/6/4 3380/6/4 3381/6/4
f 3381/6/4 3380/6/4 3382/6/4
f 3382/6/4 3383/6/4 3385/6/4
f 3383/1/4 3384/1/4 3386/1/4
f 3385/6/4 3383/6/4 3386/6/4
f 3386/1/4 3384/1/4 3387/1/4
f 3386/6/4 3387/6/4 3389/6/4
f 3389/6/4 3387/6/4 3390/6/4
f 3388/6/4 3389/6/4 3392/6/4
f 3392/6/4 3389/6/4 3393/6/4
f 3391/6/4 3392/6/4 3395/6/4
f 3395/6/4 3392/6/4 3396/6/4
f 3394/6/4 3395/6/4 3397/6/4
f 3395/4/4 3396/4/4 3398/4/4
f 3397/6/4 3395/6/4 3398/6/4
f 3398/4/4 3396/4/4 3399/4/4
f 3400/9/4 3401/9/4 3404/9/4
f 3404/9/4 3401/9/4 3405/9/4
f 3402/9/4 3403/9/4 3406/9/4
f 3406/9/4 3403/9/4 3407/9/4
f 3408/9/4 3409/9/4 3410/9/4
f 3411/4/4 3412/4/4 3413/4/4
f 3413/4/4 3412/4/4 3414/4/4
f 3415/4/4 3416/4/4 3417/4/4
f 3417/4/4 3416/4/4 3418/4/4
f 3418/4/4 3416/4/4 3419/4/4
f 3420/6/4 3421/6/4 3423/6/4
f 3423/6/4 3421/6/4 3424/6/4
f 3422/6/4 3423/6/4 3425/6/4
f 3425/6/4 3423/6/4 3426/6/4
f 3410/9/4 3409/9/4 3427/9/4
f 3427/9/4 3409/9/4 3428/9/4
f 3428/9/4 3409/9/4 3429/9/4
f 3430/9/4 3431/9/4 3432/9/4
f 3432/9/4 3431/9/4 3433/9/4
f 3433/9/4 3431/9/4 3434/9/4
f 3435/4/4 3436/4/4 3437/4/4
f 3437/4/4 3436/4/4 3438/4/4
f 3435/4/4 3437/4/4 3439/4/4
f 3439/4/4 3437/4/4 3440/4/4
f 3441/4/4 3442/4/4 3443/4/4
f 3441/4/4 3443/4/4 3445/4/4
f 3443/4/4 3444/4/4 3445/4/4
f 3445/4/4 3444/4/4 3446/4/4
f 3447/6/4 3448/6/4 3450/6/4
f 3448/1/4 3449/1/4 3451/1/4
f 3450/6/4 3448/6/4 3451/6/4
f 3451/1/4 3449/1/4 3452/1/4
f 3451/6/4 3452/6/4 3454/6/4
f 3454/6/4 3452/6/4 3455/6/4
f 3453/6/4 3454/6/4 3456/6/4
f 3456/6/4 3454/6/4 3457/6/4
f 3458/6/4 3459/6/4 3461/6/4
f 3461/6/4 3459/6/4 3462/6/4
f 3460/6/4 3461/6/4 3464/6/4
f 3464/6/4 3461/6/4 3465/6/4
f 3462/6/4 3463/6/4 3466/6/4
f 3466/6/4 3463/6/4 3467/6/4
f 3465/6/4 3466/6/4 3468/6/4
f 3468/6/4 3466/6/4 3469/6/4
f 3470/2/4 3471/2/4 3475/2/4
f 3475/2/4 3471/2/4 3476/2/4
f 3472/2/4 3473/2/4 3478/2/4
f 3478/2/4 3473/2/4 3479/2/4
f 3474/2/4 3475/2/4 3482/2/4
f 3482/2/4 3475/2/4 3483/2/4
f 3476/2/4 3477/2/4 3484/2/4
f 3484/2/4 3477/2/4 3485/2/4
f 3479/2/4 3480/2/4 3487/2/4
f 3480/4/4 3481/4/4 3488/4/4
f 3487/2/4 3480/2/4 3488/2/4
f 3488/4/4 3481/4/4 3489/4/4
f 3482/3/4 3483/3/4 3490/3/4
f 3490/3/4 3483/3/4 3491/3/4
f 3486/2/4 3487/2/4 3492/2/4
f 3492/2/4 3487/2/4 3493/2/4
f 3494/9/4 3495/9/4 3496/9/4
f 3496/9/4 3495/9/4 3497/9/4
f 3497/9/4 3495/9/4 3498/9/4
f 3499/9/4 3500/9/4 3501/9/4
f 3501/9/4 3500/9/4 3502/9/4
f 3503/9/4 3504/9/4 3505/9/4
f 3505/9/4 3504/9/4 3506/9/4
f 3506/9/4 3504/9/4 3507/9/4
f 3508/4/4 3509/4/4 3511/4/4
f 3509/6/4 3510/6/4 3512/6/4
f 3511/4/4 3509/4/4 3512/4/4
f 3512/6/4 3510/6/4 3513/6/4
f 3514/6/4 3515/6/4 3516/6/4
f 3516/6/4 3515/6/4 3517/6/4
f 3518/2/4 3519/2/4 3523/2/4
f 3523/2/4 3519/2/4 3524/2/4
f 3520/3/4 3521/3/4 3525/3/4
f 3521/2/4 3522/2/4 3526/2/4
f 3525/3/4 3521/3/4 3526/3/4
f 3526/2/4 3522/2/4 3527/2/4
f 3523/1/4 3524/1/4 3528/1/4
f 3528/1/4 3524/1/4 3529/1/4
f 3530/9/4 3531/9/4 3534/9/4
f 3532/4/4 3533/4/4 3535/4/4
f 3535/4/4 3533/4/4 3536/4/4
f 3534/9/4 3531/9/4 3537/9/4
f 3537/9/4 3531/9/4 3538/9/4
f 3532/4/4 3535/4/4 3539/4/4
f 3539/4/4 3535/4/4 3540/4/4
f 3541/9/4 3542/9/4 3543/9/4
f 3543/9/4 3542/9/4 3544/9/4
f 3545/9/4 3546/9/4 3547/9/4
f 3547/9/4 3546/9/4 3548/9/4
f 3548/9/4 3546/9/4 3549/9/4
f 3550/3/4 3551/3/4 3552/3/4
f 3552/3/4 3551/3/4 3553/3/4
f 3554/9/4 3555/9/4 3556/9/4
f 3556/9/4 3555/9/4 3557/9/4
f 3557/9/4 3555/9/4 3558/9/4
f 3559/9/4 3560/9/4 3561/9/4
f 3561/9/4 3560/9/4 3562/9/4
f 3562/9/4 3560/9/4 3563/9/4
f 3564/1/4 3565/1/4 3566/1/4
f 3566/1/4 3565/1/4 3567/1/4
f 3568/9/4 3569/9/4 3570/9/4
f 3570/9/4 3569/9/4 3571/9/4
f 3571/9/4 3569/9/4 3572/9/4
f 3573/9/4 3574/9/4 3575/9/4
f 3575/9/4 3574/9/4 3576/9/4
f 3577/9/4 3578/9/4 3579/9/4
f 3579/9/4 3578/9/4 3580/9/4
f 3580/9/4 3578/9/4 3581/9/4
f 3582/4/4 3583/4/4 3584/4/4
f 3584/4/4 3583/4/4 3585/4/4
f 3586/9/4 3587/9/4 3588/9/4
f 3588/9/4 3587/9/4 3589/9/4
f 3589/9/4 3587/9/4 3590/9/4
f 3591/2/4 3592/2/4 3595/2/4
f 3595/2/4 3592/2/4 3596/2/4
f 3593/9/4 3594/9/4 3597/9/4
f 3597/9/4 3594/9/4 3598/9/4
f 3598/9/4 3594/9/4 3599/9/4
f 3600/9/4 3601/9/4 3602/9/4
f 3602/9/4 3601/9/4 3603/9/4
f 3603/9/4 3601/9/4 3604/9/4
f 3605/9/4 3606/9/4 3607/9/4
f 3607/9/4 3606/9/4 3610/9/4
f 3610/9/4 3606/9/4 3611/9/4
f 3608/2/4 3609/2/4 3612/2/4
f 3612/2/4 3609/2/4 3613/2/4
f 3614/9/4 3615/9/4 3616/9/4
f 3616/9/4 3615/9/4 3619/9/4
f 3619/9/4 3615/9/4 3620/9/4
f 3617/2/4 3618/2/4 3621/2/4
f 3621/2/4 3618/2/4 3622/2/4
f 3623/9/4 3624/9/4 3625/9/4
f 3625/9/4 3624/9/4 3626/9/4
f 3626/9/4 3624/9/4 3627/9/4
f 3628/2/4 3629/2/4 3632/2/4
f 3632/2/4 3629/2/4 3633/2/4
f 3630/9/4 3631/9/4 3634/9/4
f 3634/9/4 3631/9/4 3635/9/4
f 3635/9/4 3631/9/4 3636/9/4
f 3637/9/4 3638/9/4 3639/9/4
f 3639/9/4 3638/9/4 3640/9/4
f 3640/9/4 3638/9/4 3641/9/4
f 3642/9/4 3643/9/4 3644/9/4
f 3644/9/4 3643/9/4 3645/9/4
f 3645/9/4 3643/9/4 3646/9/4
f 3647/9/4 3648/9/4 3649/9/4
f 3649/9/4 3648/9/4 3650/9/4
f 3650/9/4 3648/9/4 3651/9/4
f 3652/9/4 3653/9/4 3654/9/4
f 3654/9/4 3653/9/4 3655/9/4
f 3655/9/4 3653/9/4 3656/9/4
f 3657/9/4 3658/9/4 3659/9/4
f 3659/9/4 3658/9/4 3660/9/4
f 3660/9/4 3658/9/4 3661/9/4
f 3662/9/4 3663/9/4 3664/9/4
f 3664/9/4 3663/9/4 3665/9/4
f 3665/9/4 3663/9/4 3666/9/4
f 3667/9/4 3668/9/4 3669/9/4
f 3669/9/4 3668/9/4 3670/9/4
f 3670/9/4 3668/9/4 3671/9/4
f 3672/9/4 3673/9/4 3674/9/4
f 3674/9/4 3673/9/4 3675/9/4
f 3675/9/4 3673/9/4 3676/9/4
f 3677/9/4 3678/9/4 3679/9/4
f 3679/9/4 3678/9/4 3680/9/4
f 3680/9/4 3678/9/4 3681/9/4
f 3681/9/4 3678/9/4 3682/9/4
f 3682/9/4 3678/9/4 3683/9/4
f 3683/9/4 3678/9/4 3684/9/4
f 3684/9/4 3678/9/4 3685/9/4
f 3685/9/4 3678/9/4 3686/9/4
f 3686/9/4 3678/9/4 3687/9/4
f 3687/9/4 3678/9/4 3688/9/4
f 3688/9/4 3678/9/4 3689/9/4
f 3689/9/4 3678/9/4 3690/9/4
f 3690/9/4 3678/9/4 3691/9/4
f 3691/9/4 3678/9/4 3692/9/4
f 3682/9/4 3683/9/4 3693/9/4
f 3683/4/4 3684/4/4 3693/4/4
f 3684/9/4 3685/9/4 3694/9/4
f 3693/4/4 3684/4/4 3694/4/4
f 3686/9/4 3687/9/4 3695/9/4
f 3687/4/4 3688/4/4 3695/4/4
f 3688/9/4 3689/9/4 3696/9/4
f 3695/4/4 3688/4/4 3696/4/4
f 3685/4/4 3686/4/4 3697/4/4
f 3694/9/4 3685/9/4 3697/9/4
f 3693/9/4 3694/9/4 3697/9/4
f 3695/9/4 3696/9/4 3698/9/4
f 3697/4/4 3686/4/4 3698/4/4
f 3686/9/4 3695/9/4 3698/9/4
f 3680/9/4 3681/9/4 3699/9/4
f 3681/4/4 3682/4/4 3699/4/4
f 3697/9/4 3698/9/4 3700/9/4
f 3699/4/4 3682/4/4 3700/4/4
f 3682/9/4 3693/9/4 3700/9/4
f 3693/9/4 3697/9/4 3700/9/4
f 3698/9/4 3696/9/4 3701/9/4
f 3700/9/4 3698/9/4 3701/9/4
f 3699/9/4 3700/9/4 3701/9/4
f 3696/9/4 3689/9/4 3701/9/4
f 3689/4/4 3690/4/4 3701/4/4
f 3690/9/4 3691/9/4 3702/9/4
f 3701/4/4 3690/4/4 3702/4/4
f 3699/9/4 3701/9/4 3703/9/4
f 3701/9/4 3702/9/4 3703/9/4
f 3703/9/4 3702/9/4 3704/9/4
f 3699/9/4 3703/9/4 3705/9/4
f 3703/7/4 3704/7/4 3705/7/4
f 3704/9/4 3702/9/4 3706/9/4
f 3705/7/4 3704/7/4 3706/7/4
f 3705/9/4 3706/9/4 3707/9/4
f 3706/9/4 3702/9/4 3707/9/4
f 3707/9/4 3702/9/4 3708/9/4
f 3702/9/4 3691/9/4 3709/9/4
f 3708/9/4 3702/9/4 3709/9/4
f 3709/9/4 3691/9/4 3710/9/4
f 3708/9/4 3709/9/4 3711/9/4
f 3711/9/4 3709/9/4 3712/9/4
f 3707/3/4 3708/3/4 3713/3/4
f 3705/9/4 3707/9/4 3713/9/4
f 3708/9/4 3711/9/4 3714/9/4
f 3713/3/4 3708/3/4 3714/3/4
f 3711/3/4 3712/3/4 3715/3/4
f 3714/9/4 3711/9/4 3715/9/4
f 3712/9/4 3709/9/4 3716/9/4
f 3715/3/4 3712/3/4 3716/3/4
f 3709/3/4 3710/3/4 3717/3/4
f 3716/9/4 3709/9/4 3717/9/4
f 3710/9/4 3691/9/4 3718/9/4
f 3717/3/4 3710/3/4 3718/3/4
f 3714/9/4 3715/9/4 3719/9/4
f 3713/9/4 3714/9/4 3719/9/4
f 3717/9/4 3718/9/4 3719/9/4
f 3705/9/4 3713/9/4 3719/9/4
f 3715/9/4 3716/9/4 3719/9/4
f 3716/9/4 3717/9/4 3719/9/4
f 3718/9/4 3691/9/4 3720/9/4
f 3719/9/4 3718/9/4 3720/9/4
f 3721/7/4 3722/7/4 3723/7/4
f 3723/7/4 3722/7/4 3724/7/4
f 3721/7/4 3723/7/4 3725/7/4
f 3725/7/4 3723/7/4 3726/7/4
f 3723/11/4 3724/11/4 3727/11/4
f 3726/7/4 3723/7/4 3727/7/4
f 3724/7/4 3722/7/4 3728/7/4
f 3727/11/4 3724/11/4 3728/11/4
f 3726/7/4 3727/7/4 3729/7/4
f 3727/7/4 3728/7/4 3729/7/4
f 3728/7/4 3722/7/4 3730/7/4
f 3729/7/4 3728/7/4 3730/7/4
f 3725/11/4 3726/11/4 3731/11/4
f 3721/7/4 3725/7/4 3731/7/4
f 3726/7/4 3729/7/4 3732/7/4
f 3731/11/4 3726/11/4 3732/11/4
f 3729/11/4 3730/11/4 3733/11/4
f 3732/7/4 3729/7/4 3733/7/4
f 3730/7/4 3722/7/4 3734/7/4
f 3733/11/4 3730/11/4 3734/11/4
f 3721/7/4 3731/7/4 3735/7/4
f 3732/7/4 3733/7/4 3735/7/4
f 3733/7/4 3734/7/4 3735/7/4
f 3731/7/4 3732/7/4 3735/7/4
f 3734/7/4 3722/7/4 3736/7/4
f 3735/7/4 3734/7/4 3736/7/4
f 3705/9/4 3719/9/4 3737/9/4
f 3720/9/4 3691/9/4 3738/9/4
f 3677/9/4 3679/9/4 3739/9/4
f 3679/7/4 3680/7/4 3739/7/4
f 3737/9/4 3738/9/4 3740/9/4
f 3739/7/4 3680/7/4 3740/7/4
f 3705/9/4 3737/9/4 3740/9/4
f 3680/9/4 3699/9/4 3740/9/4
f 3699/9/4 3705/9/4 3740/9/4
f 3738/9/4 3691/9/4 3741/9/4
f 3740/9/4 3738/9/4 3741/9/4
f 3677/9/4 3739/9/4 3743/9/4
f 3741/9/4 3742/9/4 3743/9/4
f 3740/9/4 3741/9/4 3743/9/4
f 3739/9/4 3740/9/4 3743/9/4
f 3743/9/4 3742/9/4 3744/9/4
f 3745/9/4 3746/9/4 3747/9/4
f 3747/9/4 3746/9/4 3748/9/4
f 3745/9/4 3747/9/4 3749/9/4
f 3748/9/4 3746/9/4 3750/9/4
f 3745/9/4 3749/9/4 3751/9/4
f 3749/9/4 3750/9/4 3751/9/4
f 3750/9/4 3746/9/4 3752/9/4
f 3751/9/4 3750/9/4 3752/9/4
f 3755/9/5 3754/9/5 3753/9/5
f 3756/9/5 3754/9/5 3755/9/5
f 3759/9/5 3758/9/5 3757/9/5
f 3760/9/5 3758/9/5 3759/9/5
f 3763/9/5 3762/9/5 3761/9/5
f 3764/9/5 3762/9/5 3763/9/5
f 3767/9/5 3766/9/5 3765/9/5
f 3768/9/5 3766/9/5 3767/9/5
f 3771/9/5 3770/9/5 3769/9/5
f 3772/9/5 3770/9/5 3771/9/5
f 3775/9/5 3774/9/5 3773/9/5
f 3776/9/5 3774/9/5 3775/9/5
f 3779/9/5 3778/9/5 3777/9/5
f 3780/9/5 3778/9/5 3779/9/5
f 3783/9/5 3782/9/5 3781/9/5
f 3784/9/5 3782/9/5 3783/9/5
f 3787/9/5 3786/9/5 3785/9/5
f 3788/9/5 3786/9/5 3787/9/5
f 3791/9/5 3790/9/5 3789/9/5
f 3792/9/5 3790/9/5 3791/9/5
f 3795/9/5 3794/9/5 3793/9/5
f 3796/9/5 3794/9/5 3795/9/5
f 3799/9/5 3798/9/5 3797/9/5
f 3800/9/5 3798/9/5 3799/9/5
f 3803/9/5 3802/9/5 3801/9/5
f 3804/9/5 3802/9/5 3803/9/5
f 3809/9/5 3806/9/5 3805/9/5
f 3810/9/5 3806/9/5 3809/9/5
f 3811/9/5 3808/9/5 3807/9/5
f 3812/9/5 3808/9/5 3811/9/5
f 3816/6/5 3814/6/5 3813/6/5
f 3817/6/5 3814/6/5 3816/6/5
f 3820/6/5 3816/6/5 3815/6/5
f 3820/6/5 3818/6/5 3817/6/5
f 3820/6/5 3817/6/5 3816/6/5
f 3821/6/5 3818/6/5 3820/6/5
f 3822/6/5 3818/6/5 3821/6/5
f 3823/6/5 3818/6/5 3822/6/5
f 3829/6/5 3820/6/5 3819/6/5
f 3829/6/5 3821/6/5 3820/6/5
f 3830/6/5 3821/6/5 3829/6/5
f 3831/6/5 3821/6/5 3830/6/5
f 3832/6/5 3824/6/5 3823/6/5
f 3832/6/5 3823/6/5 3822/6/5
f 3833/6/5 3824/6/5 3832/6/5
f 3834/6/5 3824/6/5 3833/6/5
f 3836/2/5 3826/2/5 3825/2/5
f 3837/2/5 3826/2/5 3836/2/5
f 3839/6/5 3828/6/5 3827/6/5
f 3840/6/5 3828/6/5 3839/6/5
f 3841/6/5 3831/6/5 3830/6/5
f 3842/6/5 3831/6/5 3841/6/5
f 3843/6/5 3833/6/5 3832/6/5
f 3844/6/5 3833/6/5 3843/6/5
f 3845/2/5 3836/2/5 3835/2/5
f 3846/2/5 3836/2/5 3845/2/5
f 3849/6/5 3839/6/5 3838/6/5
f 3850/6/5 3839/6/5 3849/6/5
f 3851/6/5 3843/6/5 3842/6/5
f 3852/6/5 3843/6/5 3851/6/5
f 3853/2/5 3847/2/5 3846/2/5
f 3854/1/5 3848/1/5 3847/1/5
f 3854/2/5 3847/2/5 3853/2/5
f 3855/1/5 3848/1/5 3854/1/5
f 3861/6/5 3857/6/5 3856/6/5
f 3862/6/5 3857/6/5 3861/6/5
f 3864/4/5 3859/4/5 3858/4/5
f 3865/4/5 3859/4/5 3864/4/5
f 3867/6/5 3863/6/5 3862/6/5
f 3867/6/5 3861/6/5 3860/6/5
f 3867/6/5 3862/6/5 3861/6/5
f 3868/6/5 3863/6/5 3867/6/5
f 3869/6/5 3863/6/5 3868/6/5
f 3870/6/5 3863/6/5 3869/6/5
f 3874/6/5 3867/6/5 3866/6/5
f 3874/6/5 3868/6/5 3867/6/5
f 3875/6/5 3868/6/5 3874/6/5
f 3876/6/5 3868/6/5 3875/6/5
f 3877/6/5 3871/6/5 3870/6/5
f 3877/6/5 3870/6/5 3869/6/5
f 3878/6/5 3871/6/5 3877/6/5
f 3879/6/5 3871/6/5 3878/6/5
f 3880/6/5 3873/6/5 3872/6/5
f 3881/6/5 3873/6/5 3880/6/5
f 3883/6/5 3876/6/5 3875/6/5
f 3884/6/5 3876/6/5 3883/6/5
f 3885/6/5 3878/6/5 3877/6/5
f 3886/6/5 3878/6/5 3885/6/5
f 3887/6/5 3882/6/5 3881/6/5
f 3888/6/5 3882/6/5 3887/6/5
f 3889/6/5 3885/6/5 3884/6/5
f 3890/6/5 3885/6/5 3889/6/5
f 3894/2/5 3892/2/5 3891/2/5
f 3895/2/5 3892/2/5 3894/2/5
f 3898/2/5 3894/2/5 3893/2/5
f 3899/2/5 3894/2/5 3898/2/5
f 3902/4/5 3897/4/5 3896/4/5
f 3903/4/5 3897/4/5 3902/4/5
f 3904/2/5 3900/2/5 3899/2/5
f 3905/1/5 3901/1/5 3900/1/5
f 3905/2/5 3900/2/5 3904/2/5
f 3906/1/5 3901/1/5 3905/1/5
f 3911/9/5 3908/9/5 3907/9/5
f 3912/9/5 3908/9/5 3911/9/5
f 3913/9/5 3910/9/5 3909/9/5
f 3914/9/5 3910/9/5 3913/9/5
f 3920/9/5 3916/9/5 3915/9/5
f 3921/9/5 3918/9/5 3917/9/5
f 3923/9/5 3920/9/5 3919/9/5
f 3924/9/5 3916/9/5 3920/9/5
f 3924/9/5 3920/9/5 3923/9/5
f 3925/9/5 3922/9/5 3921/9/5
f 3925/9/5 3921/9/5 3917/9/5
f 3926/9/5 3922/9/5 3925/9/5
f 3929/2/5 3928/2/5 3927/2/5
f 3930/2/5 3928/2/5 3929/2/5
f 3934/6/5 3932/6/5 3931/6/5
f 3935/6/5 3932/6/5 3934/6/5
f 3937/6/5 3934/6/5 3933/6/5
f 3938/6/5 3934/6/5 3937/6/5
f 3939/6/5 3936/6/5 3935/6/5
f 3940/6/5 3936/6/5 3939/6/5
f 3948/6/5 3942/6/5 3941/6/5
f 3949/3/5 3944/3/5 3943/3/5
f 3950/3/5 3944/3/5 3949/3/5
f 3951/6/5 3946/6/5 3945/6/5
f 3953/6/5 3948/6/5 3947/6/5
f 3954/6/5 3942/6/5 3948/6/5
f 3954/6/5 3948/6/5 3953/6/5
f 3955/6/5 3952/6/5 3951/6/5
f 3955/6/5 3951/6/5 3945/6/5
f 3956/6/5 3952/6/5 3955/6/5
f 3957/6/5 3942/6/5 3954/6/5
f 3958/6/5 3942/6/5 3957/6/5
f 3959/6/5 3955/6/5 3945/6/5
f 3960/6/5 3955/6/5 3959/6/5
f 3963/6/5 3962/6/5 3961/6/5
f 3964/6/5 3962/6/5 3963/6/5
f 3965/6/5 3962/6/5 3964/6/5
f 3966/6/5 3962/6/5 3965/6/5
f 3971/6/5 3968/6/5 3967/6/5
f 3972/6/5 3968/6/5 3971/6/5
f 3975/6/5 3970/6/5 3969/6/5
f 3976/6/5 3970/6/5 3975/6/5
f 3978/6/5 3973/6/5 3972/6/5
f 3979/6/5 3973/6/5 3978/6/5
f 3980/6/5 3975/6/5 3974/6/5
f 3981/6/5 3975/6/5 3980/6/5
f 3982/6/5 3977/6/5 3976/6/5
f 3983/6/5 3977/6/5 3982/6/5
f 3991/6/5 3985/6/5 3984/6/5
f 3992/3/5 3987/3/5 3986/3/5
f 3993/3/5 3987/3/5 3992/3/5
f 3994/6/5 3989/6/5 3988/6/5
f 3996/6/5 3991/6/5 3990/6/5
f 3997/6/5 3985/6/5 3991/6/5
f 3997/6/5 3991/6/5 3996/6/5
f 3998/6/5 3995/6/5 3994/6/5
f 3998/6/5 3994/6/5 3988/6/5
f 3999/6/5 3995/6/5 3998/6/5
f 4000/6/5 3985/6/5 3997/6/5
f 4001/6/5 3985/6/5 4000/6/5
f 4002/6/5 3998/6/5 3988/6/5
f 4003/6/5 3998/6/5 4002/6/5
f 4009/6/5 4005/6/5 4004/6/5
f 4010/6/5 4005/6/5 4009/6/5
f 4012/6/5 4007/6/5 4006/6/5
f 4013/6/5 4007/6/5 4012/6/5
f 4014/6/5 4007/6/5 4013/6/5
f 4015/6/5 4007/6/5 4014/6/5
f 4016/6/5 4009/6/5 4008/6/5
f 4017/6/5 4009/6/5 4016/6/5
f 4018/6/5 4011/6/5 4010/6/5
f 4019/6/5 4011/6/5 4018/6/5
f 4020/6/5 4018/6/5 4017/6/5
f 4021/6/5 4018/6/5 4020/6/5
f 4026/9/5 4023/9/5 4022/9/5
f 4027/9/5 4023/9/5 4026/9/5
f 4028/9/5 4025/9/5 4024/9/5
f 4029/9/5 4025/9/5 4028/9/5
f 4030/9/5 4023/9/5 4027/9/5
f 4031/9/5 4023/9/5 4030/9/5
f 4032/9/5 4028/9/5 4024/9/5
f 4033/9/5 4028/9/5 4032/9/5
f 4039/9/5 4035/9/5 4034/9/5
f 4040/9/5 4037/9/5 4036/9/5
f 4042/9/5 4039/9/5 4038/9/5
f 4043/9/5 4035/9/5 4039/9/5
f 4043/9/5 4039/9/5 4042/9/5
f 4044/9/5 4041/9/5 4040/9/5
f 4044/9/5 4040/9/5 4036/9/5
f 4045/9/5 4041/9/5 4044/9/5
f 4048/2/5 4047/2/5 4046/2/5
f 4049/2/5 4047/2/5 4048/2/5
f 4053/6/5 4051/6/5 4050/6/5
f 4054/6/5 4051/6/5 4053/6/5
f 4056/6/5 4053/6/5 4052/6/5
f 4057/6/5 4053/6/5 4056/6/5
f 4058/6/5 4055/6/5 4054/6/5
f 4059/6/5 4055/6/5 4058/6/5
f 4064/6/5 4061/6/5 4060/6/5
f 4065/6/5 4061/6/5 4064/6/5
f 4066/6/5 4063/6/5 4062/6/5
f 4067/6/5 4063/6/5 4066/6/5
f 4070/6/5 4066/6/5 4065/6/5
f 4071/6/5 4066/6/5 4070/6/5
f 4072/3/5 4069/3/5 4068/3/5
f 4073/3/5 4069/3/5 4072/3/5
f 4077/6/5 4075/6/5 4074/6/5
f 4078/6/5 4075/6/5 4077/6/5
f 4080/6/5 4077/6/5 4076/6/5
f 4081/6/5 4077/6/5 4080/6/5
f 4082/6/5 4079/6/5 4078/6/5
f 4083/6/5 4079/6/5 4082/6/5
f 4091/4/5 4089/4/5 4088/4/5
f 4092/4/5 4089/4/5 4091/4/5
f 4094/4/5 4091/4/5 4090/4/5
f 4095/4/5 4093/4/5 4092/4/5
f 4096/6/5 4085/6/5 4084/6/5
f 4097/6/5 4085/6/5 4096/6/5
f 4098/6/5 4087/6/5 4086/6/5
f 4099/6/5 4087/6/5 4098/6/5
f 4100/4/5 4094/4/5 4090/4/5
f 4101/4/5 4094/4/5 4100/4/5
f 4102/4/5 4093/4/5 4095/4/5
f 4103/4/5 4093/4/5 4102/4/5
f 4104/6/5 4098/6/5 4097/6/5
f 4105/6/5 4098/6/5 4104/6/5
f 4108/3/5 4107/3/5 4106/3/5
f 4109/3/5 4107/3/5 4108/3/5
f 4114/9/5 4111/9/5 4110/9/5
f 4115/9/5 4111/9/5 4114/9/5
f 4116/9/5 4113/9/5 4112/9/5
f 4117/9/5 4113/9/5 4116/9/5
f 4118/9/5 4111/9/5 4115/9/5
f 4119/9/5 4111/9/5 4118/9/5
f 4120/9/5 4116/9/5 4112/9/5
f 4121/9/5 4116/9/5 4120/9/5
f 4127/9/5 4123/9/5 4122/9/5
f 4128/9/5 4125/9/5 4124/9/5
f 4130/9/5 4127/9/5 4126/9/5
f 4131/9/5 4123/9/5 4127/9/5
f 4131/9/5 4127/9/5 4130/9/5
f 4132/9/5 4129/9/5 4128/9/5
f 4132/9/5 4128/9/5 4124/9/5
f 4133/9/5 4129/9/5 4132/9/5
f 4138/6/5 4135/6/5 4134/6/5
f 4139/6/5 4135/6/5 4138/6/5
f 4141/6/5 4137/6/5 4136/6/5
f 4142/6/5 4137/6/5 4141/6/5
f 4144/6/5 4141/6/5 4140/6/5
f 4145/6/5 4141/6/5 4144/6/5
f 4146/6/5 4143/6/5 4142/6/5
f 4147/6/5 4143/6/5 4146/6/5
f 4152/6/5 4145/6/5 4144/6/5
f 4153/6/5 4147/6/5 4146/6/5
f 4156/6/5 4149/6/5 4148/6/5
f 4157/6/5 4149/6/5 4156/6/5
f 4159/6/5 4151/6/5 4150/6/5
f 4160/6/5 4151/6/5 4159/6/5
f 4161/6/5 4152/6/5 4144/6/5
f 4162/6/5 4147/6/5 4153/6/5
f 4164/2/5 4155/2/5 4154/2/5
f 4165/2/5 4155/2/5 4164/2/5
f 4167/6/5 4158/6/5 4157/6/5
f 4168/6/5 4158/6/5 4167/6/5
f 4169/6/5 4162/6/5 4161/6/5
f 4169/6/5 4161/6/5 4144/6/5
f 4170/6/5 4147/6/5 4162/6/5
f 4170/6/5 4162/6/5 4169/6/5
f 4171/2/5 4164/2/5 4163/2/5
f 4172/2/5 4164/2/5 4171/2/5
f 4173/2/5 4166/2/5 4165/2/5
f 4174/2/5 4166/2/5 4173/2/5
f 4178/6/5 4176/6/5 4175/6/5
f 4179/6/5 4176/6/5 4178/6/5
f 4183/6/5 4178/6/5 4177/6/5
f 4184/6/5 4178/6/5 4183/6/5
f 4185/6/5 4180/6/5 4179/6/5
f 4186/6/5 4180/6/5 4185/6/5
f 4187/4/5 4182/4/5 4181/4/5
f 4188/4/5 4182/4/5 4187/4/5
f 4189/4/5 4182/4/5 4188/4/5
f 4190/6/5 4184/6/5 4183/6/5
f 4191/6/5 4186/6/5 4185/6/5
f 4192/6/5 4190/6/5 4183/6/5
f 4193/6/5 4186/6/5 4191/6/5
f 4198/6/5 4192/6/5 4183/6/5
f 4198/6/5 4193/6/5 4192/6/5
f 4199/6/5 4186/6/5 4193/6/5
f 4199/6/5 4193/6/5 4198/6/5
f 4202/4/5 4195/4/5 4194/4/5
f 4204/4/5 4197/4/5 4196/4/5
f 4205/4/5 4197/4/5 4204/4/5
f 4208/2/5 4201/2/5 4200/2/5
f 4209/2/5 4201/2/5 4208/2/5
f 4211/4/5 4203/4/5 4202/4/5
f 4211/4/5 4202/4/5 4194/4/5
f 4212/4/5 4203/4/5 4211/4/5
f 4213/4/5 4206/4/5 4205/4/5
f 4213/4/5 4205/4/5 4204/4/5
f 4214/4/5 4206/4/5 4213/4/5
f 4215/2/5 4208/2/5 4207/2/5
f 4216/2/5 4208/2/5 4215/2/5
f 4217/2/5 4210/2/5 4209/2/5
f 4218/2/5 4210/2/5 4217/2/5
f 4223/9/5 4220/9/5 4219/9/5
f 4224/9/5 4220/9/5 4223/9/5
f 4225/9/5 4222/9/5 4221/9/5
f 4226/9/5 4222/9/5 4225/9/5
f 4227/9/5 4220/9/5 4224/9/5
f 4228/9/5 4220/9/5 4227/9/5
f 4229/9/5 4225/9/5 4221/9/5
f 4230/9/5 4225/9/5 4229/9/5
f 4236/9/5 4232/9/5 4231/9/5
f 4237/9/5 4234/9/5 4233/9/5
f 4239/9/5 4236/9/5 4235/9/5
f 4240/9/5 4232/9/5 4236/9/5
f 4240/9/5 4236/9/5 4239/9/5
f 4241/9/5 4238/9/5 4237/9/5
f 4241/9/5 4237/9/5 4233/9/5
f 4242/9/5 4238/9/5 4241/9/5
f 4247/2/5 4244/2/5 4243/2/5
f 4248/2/5 4244/2/5 4247/2/5
f 4249/6/5 4246/6/5 4245/6/5
f 4250/6/5 4246/6/5 4249/6/5
f 4253/6/5 4248/6/5 4247/6/5
f 4254/6/5 4248/6/5 4253/6/5
f 4257/2/5 4252/2/5 4251/2/5
f 4258/2/5 4252/2/5 4257/2/5
f 4259/2/5 4256/2/5 4255/2/5
f 4260/2/5 4256/2/5 4259/2/5
f 4263/2/5 4262/2/5 4261/2/5
f 4264/2/5 4262/2/5 4263/2/5
f 4269/4/5 4266/4/5 4265/4/5
f 4270/4/5 4266/4/5 4269/4/5
f 4271/6/5 4268/6/5 4267/6/5
f 4272/6/5 4268/6/5 4271/6/5
f 4277/9/5 4274/9/5 4273/9/5
f 4278/9/5 4274/9/5 4277/9/5
f 4279/9/5 4276/9/5 4275/9/5
f 4280/9/5 4276/9/5 4279/9/5
f 4281/9/5 4274/9/5 4278/9/5
f 4282/9/5 4274/9/5 4281/9/5
f 4283/9/5 4279/9/5 4275/9/5
f 4284/9/5 4279/9/5 4283/9/5
f 4290/9/5 4286/9/5 4285/9/5
f 4291/9/5 4288/9/5 4287/9/5
f 4293/9/5 4290/9/5 4289/9/5
f 4294/9/5 4286/9/5 4290/9/5
f 4294/9/5 4290/9/5 4293/9/5
f 4295/9/5 4292/9/5 4291/9/5
f 4295/9/5 4291/9/5 4287/9/5
f 4296/9/5 4292/9/5 4295/9/5
f 4301/2/5 4298/2/5 4297/2/5
f 4302/2/5 4298/2/5 4301/2/5
f 4303/2/5 4300/2/5 4299/2/5
f 4304/2/5 4300/2/5 4303/2/5
f 4305/2/5 4303/2/5 4302/2/5
f 4306/2/5 4303/2/5 4305/2/5
f 4311/9/5 4308/9/5 4307/9/5
f 4312/9/5 4308/9/5 4311/9/5
f 4313/9/5 4310/9/5 4309/9/5
f 4314/9/5 4310/9/5 4313/9/5
f 4315/9/5 4308/9/5 4312/9/5
f 4316/9/5 4308/9/5 4315/9/5
f 4317/9/5 4313/9/5 4309/9/5
f 4318/9/5 4313/9/5 4317/9/5
f 4324/9/5 4320/9/5 4319/9/5
f 4325/9/5 4322/9/5 4321/9/5
f 4327/9/5 4324/9/5 4323/9/5
f 4328/9/5 4320/9/5 4324/9/5
f 4328/9/5 4324/9/5 4327/9/5
f 4329/9/5 4326/9/5 4325/9/5
f 4329/9/5 4325/9/5 4321/9/5
f 4330/9/5 4326/9/5 4329/9/5
f 4335/9/5 4332/9/5 4331/9/5
f 4336/9/5 4332/9/5 4335/9/5
f 4337/9/5 4334/9/5 4333/9/5
f 4338/9/5 4334/9/5 4337/9/5
f 4339/9/5 4332/9/5 4336/9/5
f 4340/9/5 4332/9/5 4339/9/5
f 4341/9/5 4337/9/5 4333/9/5
f 4342/9/5 4337/9/5 4341/9/5
f 4348/9/5 4344/9/5 4343/9/5
f 4349/9/5 4346/9/5 4345/9/5
f 4351/9/5 4348/9/5 4347/9/5
f 4352/9/5 4344/9/5 4348/9/5
f 4352/9/5 4348/9/5 4351/9/5
f 4353/9/5 4350/9/5 4349/9/5
f 4353/9/5 4349/9/5 4345/9/5
f 4354/9/5 4350/9/5 4353/9/5
f 4357/6/5 4356/6/5 4355/6/5
f 4358/6/5 4356/6/5 4357/6/5
f 4363/9/5 4360/9/5 4359/9/5
f 4364/9/5 4360/9/5 4363/9/5
f 4365/9/5 4362/9/5 4361/9/5
f 4366/9/5 4362/9/5 4365/9/5
f 4367/9/5 4360/9/5 4364/9/5
f 4368/9/5 4360/9/5 4367/9/5
f 4369/9/5 4365/9/5 4361/9/5
f 4370/9/5 4365/9/5 4369/9/5
f 4376/9/5 4372/9/5 4371/9/5
f 4377/9/5 4374/9/5 4373/9/5
f 4379/9/5 4376/9/5 4375/9/5
f 4380/9/5 4372/9/5 4376/9/5
f 4380/9/5 4376/9/5 4379/9/5
f 4381/9/5 4378/9/5 4377/9/5
f 4381/9/5 4377/9/5 4373/9/5
f 4382/9/5 4378/9/5 4381/9/5
f 4386/2/5 4384/2/5 4383/2/5
f 4387/2/5 4384/2/5 4386/2/5
f 4389/2/5 4386/2/5 4385/2/5
f 4390/2/5 4386/2/5 4389/2/5
f 4391/2/5 4388/2/5 4387/2/5
f 4392/2/5 4388/2/5 4391/2/5
f 4397/9/5 4394/9/5 4393/9/5
f 4398/9/5 4394/9/5 4397/9/5
f 4399/9/5 4396/9/5 4395/9/5
f 4400/9/5 4396/9/5 4399/9/5
f 4401/9/5 4394/9/5 4398/9/5
f 4402/9/5 4394/9/5 4401/9/5
f 4403/9/5 4399/9/5 4395/9/5
f 4404/9/5 4399/9/5 4403/9/5
f 4410/9/5 4406/9/5 4405/9/5
f 4411/9/5 4408/9/5 4407/9/5
f 4413/9/5 4410/9/5 4409/9/5
f 4414/9/5 4406/9/5 4410/9/5
f 4414/9/5 4410/9/5 4413/9/5
f 4415/9/5 4412/9/5 4411/9/5
f 4415/9/5 4411/9/5 4407/9/5
f 4416/9/5 4412/9/5 4415/9/5
f 4421/9/5 4418/9/5 4417/9/5
f 4422/9/5 4418/9/5 4421/9/5
f 4423/9/5 4420/9/5 4419/9/5
f 4424/9/5 4420/9/5 4423/9/5
f 4425/9/5 4418/9/5 4422/9/5
f 4426/9/5 4418/9/5 4425/9/5
f 4427/9/5 4423/9/5 4419/9/5
f 4428/9/5 4423/9/5 4427/9/5
f 4434/9/5 4430/9/5 4429/9/5
f 4435/9/5 4432/9/5 4431/9/5
f 4437/9/5 4434/9/5 4433/9/5
f 4438/9/5 4430/9/5 4434/9/5
f 4438/9/5 4434/9/5 4437/9/5
f 4439/9/5 4436/9/5 4435/9/5
f 4439/9/5 4435/9/5 4431/9/5
f 4440/9/5 4436/9/5 4439/9/5
f 4445/9/5 4442/9/5 4441/9/5
f 4446/9/5 4442/9/5 4445/9/5
f 4447/9/5 4444/9/5 4443/9/5
f 4448/9/5 4444/9/5 4447/9/5
f 4449/9/5 4442/9/5 4446/9/5
f 4450/9/5 4442/9/5 4449/9/5
f 4451/9/5 4447/9/5 4443/9/5
f 4452/9/5 4447/9/5 4451/9/5
f 4458/9/5 4454/9/5 4453/9/5
f 4459/9/5 4456/9/5 4455/9/5
f 4461/9/5 4458/9/5 4457/9/5
f 4462/9/5 4454/9/5 4458/9/5
f 4462/9/5 4458/9/5 4461/9/5
f 4463/9/5 4460/9/5 4459/9/5
f 4463/9/5 4459/9/5 4455/9/5
f 4464/9/5 4460/9/5 4463/9/5
f 4469/9/5 4466/9/5 4465/9/5
f 4470/9/5 4466/9/5 4469/9/5
f 4471/9/5 4468/9/5 4467/9/5
f 4472/9/5 4468/9/5 4471/9/5
f 4473/9/5 4466/9/5 4470/9/5
f 4474/9/5 4466/9/5 4473/9/5
f 4475/9/5 4471/9/5 4467/9/5
f 4476/9/5 4471/9/5 4475/9/5
f 4482/9/5 4478/9/5 4477/9/5
f 4483/9/5 4480/9/5 4479/9/5
f 4485/9/5 4482/9/5 4481/9/5
f 4486/9/5 4478/9/5 4482/9/5
f 4486/9/5 4482/9/5 4485/9/5
f 4487/9/5 4484/9/5 4483/9/5
f 4487/9/5 4483/9/5 4479/9/5
f 4488/9/5 4484/9/5 4487/9/5
f 4493/9/5 4490/9/5 4489/9/5
f 4494/9/5 4490/9/5 4493/9/5
f 4495/9/5 4492/9/5 4491/9/5
f 4496/9/5 4492/9/5 4495/9/5
f 4497/9/5 4490/9/5 4494/9/5
f 4498/9/5 4490/9/5 4497/9/5
f 4499/9/5 4495/9/5 4491/9/5
f 4500/9/5 4495/9/5 4499/9/5
f 4504/9/5 4502/9/5 4501/9/5
f 4505/9/5 4502/9/5 4504/9/5
f 4506/9/5 4502/9/5 4505/9/5
f 4507/9/5 4502/9/5 4506/9/5
f 4509/9/5 4504/9/5 4503/9/5
f 4509/9/5 4505/9/5 4504/9/5
f 4510/9/5 4505/9/5 4509/9/5
f 4511/9/5 4505/9/5 4510/9/5
f 4512/9/5 4508/9/5 4507/9/5
f 4512/9/5 4507/9/5 4506/9/5
f 4513/9/5 4508/9/5 4512/9/5
f 4514/9/5 4508/9/5 4513/9/5
f 4515/9/5 4511/9/5 4510/9/5
f 4515/9/5 4513/9/5 4512/9/5
f 4515/9/5 4512/9/5 4511/9/5
f 4516/9/5 4513/9/5 4515/9/5
f 4517/9/6 4518/9/6 4519/9/6
f 4519/9/6 4518/9/6 4520/9/6
f 4521/9/6 4522/9/6 4523/9/6
f 4523/9/6 4522/9/6 4524/9/6
f 4525/9/6 4526/9/6 4527/9/6
f 4527/9/6 4526/9/6 4528/9/6
f 4529/9/6 4530/9/6 4531/9/6
f 4531/9/6 4530/9/6 4532/9/6
f 4533/9/6 4534/9/6 4535/9/6
f 4535/9/6 4534/9/6 4536/9/6
f 4537/9/6 4538/9/6 4539/9/6
f 4539/9/6 4538/9/6 4540/9/6
f 4541/9/6 4542/9/6 4543/9/6
f 4543/9/6 4542/9/6 4544/9/6
f 4545/9/6 4546/9/6 4547/9/6
f 4547/9/6 4546/9/6 4548/9/6
f 4549/9/6 4550/9/6 4551/9/6
f 4551/9/6 4550/9/6 4552/9/6
f 4553/9/6 4554/9/6 4555/9/6
f 4555/9/6 4554/9/6 4556/9/6
f 4557/9/6 4558/9/6 4559/9/6
f 4559/9/6 4558/9/6 4560/9/6
f 4561/9/6 4562/9/6 4563/9/6
f 4563/9/6 4562/9/6 4564/9/6
f 4565/9/6 4566/9/6 4567/9/6
f 4567/9/6 4566/9/6 4568/9/6
f 4569/9/6 4570/9/6 4571/9/6
f 4571/9/6 4570/9/6 4572/9/6
f 4573/5/6 4574/5/6 4575/5/6
f 4575/5/6 4574/5/6 4576/5/6
f 4573/5/6 4575/5/6 4577/5/6
f 4577/5/6 4575/5/6 4578/5/6
f 4578/5/6 4575/5/6 4579/5/6
f 4579/5/6 4575/5/6 4580/5/6
f 4580/5/6 4575/5/6 4581/5/6
f 4576/5/6 4574/5/6 4582/5/6
f 4573/5/6 4577/5/6 4583/5/6
f 4583/5/6 4577/5/6 4584/5/6
f 4584/5/6 4577/5/6 4585/5/6
f 4578/5/6 4579/5/6 4586/5/6
f 4586/5/6 4579/5/6 4587/5/6
f 4580/5/6 4581/5/6 4588/5/6
f 4581/5/6 4582/5/6 4588/5/6
f 4573/5/6 4583/5/6 4589/5/6
f 4589/5/6 4583/5/6 4590/5/6
f 4590/5/6 4583/5/6 4591/5/6
f 4586/5/6 4587/5/6 4592/5/6
f 4585/5/6 4586/5/6 4592/5/6
f 4584/5/6 4585/5/6 4592/5/6
f 4587/5/6 4588/5/6 4592/5/6
f 4588/5/6 4582/5/6 4593/5/6
f 4592/5/6 4588/5/6 4593/5/6
f 4593/5/6 4582/5/6 4594/5/6
f 4573/5/6 4589/5/6 4595/5/6
f 4595/5/6 4589/5/6 4596/5/6
f 4594/5/6 4582/5/6 4597/5/6
f 4597/5/6 4582/5/6 4598/5/6
f 4573/5/6 4595/5/6 4599/5/6
f 4590/5/6 4591/5/6 4600/5/6
f 4592/5/6 4593/5/6 4600/5/6
f 4591/5/6 4592/5/6 4600/5/6
f 4600/5/6 4593/5/6 4601/5/6
f 4598/5/6 4582/5/6 4602/5/6
f 4600/5/6 4601/5/6 4603/5/6
f 4601/5/6 4602/5/6 4603/5/6
f 4599/5/6 4600/5/6 4603/5/6
f 4603/5/6 4602/5/6 4604/5/6
f 4604/5/6 4602/5/6 4605/5/6
f 4605/5/6 4602/5/6 4606/5/6
f 4599/5/6 4603/5/6 4607/5/6
f 4604/5/6 4605/5/6 4609/5/6
f 4607/5/6 4608/5/6 4611/5/6
f 4609/5/6 4610/5/6 4612/5/6
f 4604/5/6 4609/5/6 4612/5/6
f 4612/5/6 4610/5/6 4613/5/6
f 4611/5/6 4612/5/6 4613/5/6
f 4606/5/6 4602/5/6 4614/5/6
f 4614/5/6 4602/5/6 4615/5/6
f 4615/5/6 4602/5/6 4616/5/6
f 4616/5/6 4602/5/6 4617/5/6
f 4617/5/6 4602/5/6 4618/5/6
f 4602/5/6 4582/5/6 4619/5/6
f 4618/5/6 4602/5/6 4619/5/6
f 4582/5/6 4574/5/6 4619/5/6
f 4619/5/6 4574/5/6 4620/5/6
f 4611/5/6 4613/5/6 4621/5/6
f 4613/5/6 4614/5/6 4621/5/6
f 4614/5/6 4615/5/6 4621/5/6
f 4621/5/6 4615/5/6 4622/5/6
f 4622/5/6 4615/5/6 4623/5/6
f 4616/5/6 4617/5/6 4624/5/6
f 4624/5/6 4617/5/6 4625/5/6
f 4618/5/6 4619/5/6 4626/5/6
f 4626/5/6 4619/5/6 4627/5/6
f 4627/5/6 4619/5/6 4628/5/6
f 4628/5/6 4619/5/6 4629/5/6
f 4620/5/6 4574/5/6 4630/5/6
f 4607/5/6 4611/5/6 4631/5/6
f 4599/5/6 4607/5/6 4631/5/6
f 4611/5/6 4621/5/6 4631/5/6
f 4631/5/6 4621/5/6 4632/5/6
f 4632/5/6 4621/5/6 4633/5/6
f 4633/5/6 4621/5/6 4634/5/6
f 4622/5/6 4623/5/6 4635/5/6
f 4635/5/6 4623/5/6 4636/5/6
f 4624/5/6 4625/5/6 4637/5/6
f 4626/5/6 4627/5/6 4637/5/6
f 4625/5/6 4626/5/6 4637/5/6
f 4637/5/6 4627/5/6 4638/5/6
f 4628/5/6 4629/5/6 4639/5/6
f 4629/5/6 4630/5/6 4639/5/6
f 4599/5/6 4631/5/6 4640/5/6
f 4637/5/6 4638/5/6 4642/5/6
f 4633/5/6 4634/5/6 4642/5/6
f 4635/5/6 4636/5/6 4642/5/6
f 4636/5/6 4637/5/6 4642/5/6
f 4634/5/6 4635/5/6 4642/5/6
f 4638/5/6 4639/5/6 4642/5/6
f 4640/5/6 4641/5/6 4643/5/6
f 4641/5/6 4642/5/6 4643/5/6
f 4642/5/6 4639/5/6 4643/5/6
f 4643/5/6 4639/5/6 4644/5/6
f 4630/5/6 4574/5/6 4645/5/6
f 4644/5/6 4639/5/6 4645/5/6
f 4639/5/6 4630/5/6 4645/5/6
f 4645/5/6 4574/5/6 4646/5/6
f 4640/5/6 4643/5/6 4647/5/6
f 4644/5/6 4645/5/6 4648/5/6
f 4648/5/6 4645/5/6 4649/5/6
f 4649/5/6 4645/5/6 4650/5/6
f 4650/5/6 4645/5/6 4651/5/6
f 4646/5/6 4574/5/6 4652/5/6
f 4640/5/6 4647/5/6 4653/5/6
f 4648/5/6 4649/5/6 4654/5/6
f 4654/5/6 4649/5/6 4655/5/6
f 4655/5/6 4649/5/6 4656/5/6
f 4656/5/6 4649/5/6 4657/5/6
f 4650/5/6 4651/5/6 4658/5/6
f 4651/5/6 4652/5/6 4658/5/6
f 4656/5/6 4657/5/6 4660/5/6
f 4657/5/6 4658/5/6 4660/5/6
f 4573/5/6 4599/5/6 4661/5/6
f 4599/5/6 4640/5/6 4661/5/6
f 4640/5/6 4653/5/6 4661/5/6
f 4653/5/6 4654/5/6 4661/5/6
f 4654/5/6 4655/5/6 4661/5/6
f 4661/5/6 4655/5/6 4662/5/6
f 4662/5/6 4655/5/6 4663/5/6
f 4659/5/6 4660/5/6 4664/5/6
f 4573/5/6 4661/5/6 4665/5/6
f 4662/5/6 4663/5/6 4666/5/6
f 4663/5/6 4664/5/6 4666/5/6
f 4666/5/6 4664/5/6 4667/5/6
f 4667/5/6 4664/5/6 4668/5/6
f 4665/5/6 4666/5/6 4669/5/6
f 4666/5/6 4667/5/6 4669/5/6
f 4669/5/6 4667/5/6 4670/5/6
f 4670/5/6 4667/5/6 4671/5/6
f 4668/5/6 4664/5/6 4672/5/6
f 4665/5/6 4669/5/6 4673/5/6
f 4670/5/6 4671/5/6 4674/5/6
f 4671/5/6 4672/5/6 4674/5/6
f 4672/5/6 4664/5/6 4675/5/6
f 4673/5/6 4674/5/6 4675/5/6
f 4674/5/6 4672/5/6 4675/5/6
f 4675/5/6 4664/5/6 4676/5/6
f 4660/5/6 4658/5/6 4677/5/6
f 4676/5/6 4664/5/6 4677/5/6
f 4664/5/6 4660/5/6 4677/5/6
f 4677/5/6 4658/5/6 4678/5/6
f 4658/5/6 4652/5/6 4679/5/6
f 4678/5/6 4658/5/6 4679/5/6
f 4679/5/6 4652/5/6 4680/5/6
f 4680/5/6 4652/5/6 4681/5/6
f 4673/5/6 4675/5/6 4682/5/6
f 4676/5/6 4677/5/6 4683/5/6
f 4683/5/6 4677/5/6 4684/5/6
f 4679/5/6 4680/5/6 4686/5/6
f 4681/5/6 4652/5/6 4687/5/6
f 4652/5/6 4574/5/6 4688/5/6
f 4687/5/6 4652/5/6 4688/5/6
f 4685/5/6 4686/5/6 4689/5/6
f 4684/5/6 4685/5/6 4689/5/6
f 4673/5/6 4682/5/6 4689/5/6
f 4665/5/6 4673/5/6 4689/5/6
f 4683/5/6 4684/5/6 4689/5/6
f 4682/5/6 4683/5/6 4689/5/6
f 4689/5/6 4686/5/6 4690/5/6
f 4686/5/6 4680/5/6 4691/5/6
f 4690/5/6 4686/5/6 4691/5/6
f 4688/5/6 4574/5/6 4692/5/6
f 4665/5/6 4689/5/6 4693/5/6
f 4690/5/6 4691/5/6 4694/5/6
f 4691/5/6 4692/5/6 4694/5/6
f 4694/5/6 4692/5/6 4695/5/6
f 4695/5/6 4692/5/6 4696/5/6
f 4693/5/6 4694/5/6 4697/5/6
f 4694/5/6 4695/5/6 4697/5/6
f 4696/5/6 4692/5/6 4698/5/6
f 4698/5/6 4692/5/6 4699/5/6
f 4699/5/6 4692/5/6 4700/5/6
f 4573/5/6 4665/5/6 4701/5/6
f 4665/5/6 4693/5/6 4701/5/6
f 4698/5/6 4699/5/6 4701/5/6
f 4697/5/6 4698/5/6 4701/5/6
f 4693/5/6 4697/5/6 4701/5/6
f 4701/5/6 4699/5/6 4702/5/6
f 4702/5/6 4699/5/6 4703/5/6
f 4700/5/6 4692/5/6 4704/5/6
f 4573/5/6 4701/5/6 4705/5/6
f 4702/5/6 4703/5/6 4707/5/6
f 4703/5/6 4704/5/6 4707/5/6
f 4707/5/6 4704/5/6 4708/5/6
f 4692/5/6 4574/5/6 4709/5/6
f 4708/5/6 4704/5/6 4709/5/6
f 4704/5/6 4692/5/6 4709/5/6
f 4709/5/6 4574/5/6 4710/5/6
f 4705/5/6 4706/5/6 4711/5/6
f 4708/5/6 4709/5/6 4712/5/6
f 4710/5/6 4574/5/6 4714/5/6
f 4711/5/6 4712/5/6 4715/5/6
f 4712/5/6 4709/5/6 4715/5/6
f 4713/5/6 4714/5/6 4716/5/6
f 4711/5/6 4715/5/6 4717/5/6
f 4715/5/6 4716/5/6 4717/5/6
f 4705/5/6 4711/5/6 4717/5/6
f 4573/5/6 4705/5/6 4717/5/6
f 4716/5/6 4714/5/6 4718/5/6
f 4717/5/6 4716/5/6 4718/5/6
f 4714/5/6 4574/5/6 4718/5/6
f 4719/9/6 4720/9/6 4721/9/6
f 4721/9/6 4720/9/6 4722/9/6
f 4727/4/6 4728/4/6 4731/4/6
f 4731/4/6 4728/4/6 4732/4/6
f 4729/3/6 4730/3/6 4735/3/6
f 4735/3/6 4730/3/6 4736/3/6
f 4733/1/6 4734/1/6 4739/1/6
f 4739/1/6 4734/1/6 4740/1/6
f 4737/2/6 4738/2/6 4744/2/6
f 4741/6/6 4742/6/6 4745/6/6
f 4743/2/6 4744/2/6 4747/2/6
f 4744/2/6 4738/2/6 4748/2/6
f 4747/2/6 4744/2/6 4748/2/6
f 4745/6/6 4746/6/6 4749/6/6
f 4741/6/6 4745/6/6 4749/6/6
f 4749/6/6 4746/6/6 4750/6/6
f 4751/6/6 4752/6/6 4755/6/6
f 4755/6/6 4752/6/6 4756/6/6
f 4753/2/6 4754/2/6 4757/2/6
f 4757/2/6 4754/2/6 4758/2/6
f 4756/6/6 4752/6/6 4759/6/6
f 4759/6/6 4752/6/6 4760/6/6
f 4758/2/6 4754/2/6 4761/2/6
f 4761/2/6 4754/2/6 4762/2/6
f 4763/3/6 4764/3/6 4765/3/6
f 4765/3/6 4764/3/6 4766/3/6
f 4767/3/6 4768/3/6 4771/3/6
f 4771/3/6 4768/3/6 4772/3/6
f 4769/6/6 4770/6/6 4773/6/6
f 4773/6/6 4770/6/6 4774/6/6
f 4769/6/6 4773/6/6 4777/6/6
f 4777/6/6 4773/6/6 4778/6/6
f 4775/1/6 4776/1/6 4779/1/6
f 4779/1/6 4776/1/6 4780/1/6
f 4781/4/6 4782/4/6 4783/4/6
f 4783/4/6 4782/4/6 4784/4/6
f 4784/4/6 4785/4/6 4788/4/6
f 4788/4/6 4785/4/6 4789/4/6
f 4786/3/6 4787/3/6 4790/3/6
f 4790/3/6 4787/3/6 4791/3/6
f 4792/1/6 4793/1/6 4794/1/6
f 4794/1/6 4793/1/6 4795/1/6
f 4796/4/6 4797/4/6 4800/4/6
f 4800/4/6 4797/4/6 4801/4/6
f 4798/2/6 4799/2/6 4802/2/6
f 4802/2/6 4799/2/6 4803/2/6
f 4803/2/6 4799/2/6 4804/2/6
f 4804/2/6 4805/2/6 4808/2/6
f 4803/2/6 4804/2/6 4808/2/6
f 4808/2/6 4805/2/6 4809/2/6
f 4806/2/6 4807/2/6 4810/2/6
f 4810/2/6 4807/2/6 4811/2/6
f 4806/2/6 4810/2/6 4812/2/6
f 4812/2/6 4810/2/6 4813/2/6
f 4723/9/6 4724/9/6 4814/9/6
f 4814/9/6 4724/9/6 4815/9/6
f 4725/9/6 4726/9/6 4816/9/6
f 4816/9/6 4726/9/6 4817/9/6
f 4818/9/6 4819/9/6 4820/9/6
f 4820/9/6 4819/9/6 4821/9/6
f 4822/9/6 4823/9/6 4826/9/6
f 4826/9/6 4823/9/6 4827/9/6
f 4824/9/6 4825/9/6 4828/9/6
f 4828/9/6 4825/9/6 4829/9/6
f 4822/9/6 4826/9/6 4830/9/6
f 4830/9/6 4826/9/6 4831/9/6
f 4829/9/6 4825/9/6 4832/9/6
f 4832/9/6 4825/9/6 4833/9/6
f 4834/6/6 4835/6/6 4837/6/6
f 4837/6/6 4835/6/6 4838/6/6
f 4836/6/6 4837/6/6 4840/6/6
f 4840/6/6 4837/6/6 4841/6/6
f 4839/6/6 4840/6/6 4846/6/6
f 4846/6/6 4840/6/6 4847/6/6
f 4842/6/6 4843/6/6 4850/6/6
f 4850/6/6 4843/6/6 4851/6/6
f 4844/6/6 4845/6/6 4857/6/6
f 4857/6/6 4845/6/6 4858/6/6
f 4847/6/6 4848/6/6 4859/6/6
f 4859/6/6 4848/6/6 4860/6/6
f 4849/6/6 4850/6/6 4861/6/6
f 4861/6/6 4850/6/6 4862/6/6
f 4852/2/6 4853/2/6 4863/2/6
f 4863/2/6 4853/2/6 4864/2/6
f 4854/2/6 4855/2/6 4865/2/6
f 4865/2/6 4855/2/6 4866/2/6
f 4856/6/6 4857/6/6 4867/6/6
f 4867/6/6 4857/6/6 4868/6/6
f 4860/6/6 4861/6/6 4869/6/6
f 4869/6/6 4861/6/6 4870/6/6
f 4864/2/6 4865/2/6 4871/2/6
f 4865/1/6 4866/1/6 4872/1/6
f 4871/2/6 4865/2/6 4872/2/6
f 4872/1/6 4866/1/6 4873/1/6
f 4874/6/6 4875/6/6 4877/6/6
f 4877/6/6 4875/6/6 4878/6/6
f 4876/6/6 4877/6/6 4880/6/6
f 4880/6/6 4877/6/6 4881/6/6
f 4879/6/6 4880/6/6 4886/6/6
f 4886/6/6 4880/6/6 4887/6/6
f 4882/6/6 4883/6/6 4890/6/6
f 4890/6/6 4883/6/6 4891/6/6
f 4884/6/6 4885/6/6 4892/6/6
f 4892/6/6 4885/6/6 4893/6/6
f 4887/6/6 4888/6/6 4894/6/6
f 4894/6/6 4888/6/6 4895/6/6
f 4889/6/6 4890/6/6 4896/6/6
f 4896/6/6 4890/6/6 4897/6/6
f 4895/6/6 4896/6/6 4898/6/6
f 4898/6/6 4896/6/6 4899/6/6
f 4900/2/6 4901/2/6 4904/2/6
f 4904/2/6 4901/2/6 4905/2/6
f 4902/2/6 4903/2/6 4906/2/6
f 4906/2/6 4903/2/6 4907/2/6
f 4905/2/6 4906/2/6 4910/2/6
f 4906/1/6 4907/1/6 4911/1/6
f 4910/2/6 4906/2/6 4911/2/6
f 4911/1/6 4907/1/6 4912/1/6
f 4908/4/6 4909/4/6 4913/4/6
f 4913/4/6 4909/4/6 4914/4/6
f 4915/9/6 4916/9/6 4919/9/6
f 4917/9/6 4918/9/6 4922/9/6
f 4919/9/6 4920/9/6 4923/9/6
f 4915/9/6 4919/9/6 4923/9/6
f 4923/9/6 4920/9/6 4924/9/6
f 4921/9/6 4922/9/6 4925/9/6
f 4922/9/6 4918/9/6 4926/9/6
f 4925/9/6 4922/9/6 4926/9/6
f 4927/9/6 4928/9/6 4931/9/6
f 4931/9/6 4928/9/6 4932/9/6
f 4929/9/6 4930/9/6 4933/9/6
f 4933/9/6 4930/9/6 4934/9/6
f 4927/9/6 4931/9/6 4935/9/6
f 4935/9/6 4931/9/6 4936/9/6
f 4934/9/6 4930/9/6 4937/9/6
f 4937/9/6 4930/9/6 4938/9/6
f 4939/2/6 4940/2/6 4941/2/6
f 4941/2/6 4940/2/6 4942/2/6
f 4943/6/6 4944/6/6 4946/6/6
f 4946/6/6 4944/6/6 4947/6/6
f 4945/6/6 4946/6/6 4949/6/6
f 4949/6/6 4946/6/6 4950/6/6
f 4947/6/6 4948/6/6 4951/6/6
f 4951/6/6 4948/6/6 4952/6/6
f 4953/6/6 4954/6/6 4959/6/6
f 4954/3/6 4955/3/6 4960/3/6
f 4959/6/6 4954/6/6 4960/6/6
f 4960/3/6 4955/3/6 4961/3/6
f 4956/6/6 4957/6/6 4964/6/6
f 4964/6/6 4957/6/6 4965/6/6
f 4958/6/6 4959/6/6 4969/6/6
f 4969/6/6 4959/6/6 4970/6/6
f 4960/6/6 4961/6/6 4971/6/6
f 4971/6/6 4961/6/6 4972/6/6
f 4962/6/6 4963/6/6 4973/6/6
f 4973/6/6 4963/6/6 4974/6/6
f 4965/6/6 4966/6/6 4976/6/6
f 4976/6/6 4966/6/6 4977/6/6
f 4967/4/6 4968/4/6 4978/4/6
f 4978/4/6 4968/4/6 4979/4/6
f 4970/6/6 4971/6/6 4980/6/6
f 4980/6/6 4971/6/6 4981/6/6
f 4974/6/6 4975/6/6 4982/6/6
f 4982/6/6 4975/6/6 4983/6/6
f 4984/6/6 4985/6/6 4987/6/6
f 4987/6/6 4985/6/6 4988/6/6
f 4986/6/6 4987/6/6 4992/6/6
f 4992/6/6 4987/6/6 4993/6/6
f 4989/6/6 4990/6/6 4997/6/6
f 4990/3/6 4991/3/6 4998/3/6
f 4997/6/6 4990/6/6 4998/6/6
f 4998/3/6 4991/3/6 4999/3/6
f 4994/6/6 4995/6/6 5002/6/6
f 5002/6/6 4995/6/6 5003/6/6
f 4996/6/6 4997/6/6 5005/6/6
f 5005/6/6 4997/6/6 5006/6/6
f 4998/6/6 4999/6/6 5007/6/6
f 5007/6/6 4999/6/6 5008/6/6
f 5000/6/6 5001/6/6 5010/6/6
f 5010/6/6 5001/6/6 5011/6/6
f 5003/6/6 5004/6/6 5014/6/6
f 5014/6/6 5004/6/6 5015/6/6
f 5006/6/6 5007/6/6 5016/6/6
f 5016/6/6 5007/6/6 5017/6/6
f 5009/6/6 5010/6/6 5018/6/6
f 5018/6/6 5010/6/6 5019/6/6
f 5011/6/6 5012/6/6 5020/6/6
f 5020/6/6 5012/6/6 5021/6/6
f 5013/6/6 5014/6/6 5022/6/6
f 5022/6/6 5014/6/6 5023/6/6
f 5024/6/6 5025/6/6 5028/6/6
f 5028/6/6 5025/6/6 5029/6/6
f 5026/6/6 5027/6/6 5031/6/6
f 5031/6/6 5027/6/6 5032/6/6
f 5029/6/6 5030/6/6 5034/6/6
f 5034/6/6 5030/6/6 5035/6/6
f 5032/6/6 5033/6/6 5036/6/6
f 5036/6/6 5033/6/6 5037/6/6
f 5038/6/6 5039/6/6 5045/6/6
f 5045/6/6 5039/6/6 5046/6/6
f 5040/4/6 5041/4/6 5048/4/6
f 5048/4/6 5041/4/6 5049/4/6
f 5042/6/6 5043/6/6 5051/6/6
f 5051/6/6 5043/6/6 5052/6/6
f 5044/6/6 5045/6/6 5053/6/6
f 5053/6/6 5045/6/6 5054/6/6
f 5046/6/6 5047/6/6 5055/6/6
f 5055/6/6 5047/6/6 5056/6/6
f 5050/6/6 5051/6/6 5057/6/6
f 5057/6/6 5051/6/6 5058/6/6
f 5054/6/6 5055/6/6 5059/6/6
f 5059/6/6 5055/6/6 5060/6/6
f 5061/9/6 5062/9/6 5065/9/6
f 5063/9/6 5064/9/6 5068/9/6
f 5065/9/6 5066/9/6 5069/9/6
f 5061/9/6 5065/9/6 5069/9/6
f 5069/9/6 5066/9/6 5070/9/6
f 5067/9/6 5068/9/6 5071/9/6
f 5068/9/6 5064/9/6 5072/9/6
f 5071/9/6 5068/9/6 5072/9/6
f 5073/9/6 5074/9/6 5077/9/6
f 5077/9/6 5074/9/6 5078/9/6
f 5075/9/6 5076/9/6 5079/9/6
f 5079/9/6 5076/9/6 5080/9/6
f 5073/9/6 5077/9/6 5081/9/6
f 5081/9/6 5077/9/6 5082/9/6
f 5080/9/6 5076/9/6 5083/9/6
f 5083/9/6 5076/9/6 5084/9/6
f 5085/2/6 5086/2/6 5087/2/6
f 5087/2/6 5086/2/6 5088/2/6
f 5089/6/6 5090/6/6 5092/6/6
f 5092/6/6 5090/6/6 5093/6/6
f 5091/6/6 5092/6/6 5095/6/6
f 5095/6/6 5092/6/6 5096/6/6
f 5093/6/6 5094/6/6 5097/6/6
f 5097/6/6 5094/6/6 5098/6/6
f 5099/4/6 5100/4/6 5103/4/6
f 5103/4/6 5100/4/6 5104/4/6
f 5101/6/6 5102/6/6 5107/6/6
f 5107/6/6 5102/6/6 5108/6/6
f 5103/6/6 5104/6/6 5109/6/6
f 5109/6/6 5104/6/6 5110/6/6
f 5105/6/6 5106/6/6 5113/6/6
f 5113/6/6 5106/6/6 5114/6/6
f 5110/6/6 5111/6/6 5115/6/6
f 5115/6/6 5111/6/6 5116/6/6
f 5112/6/6 5113/6/6 5119/6/6
f 5113/4/6 5114/4/6 5120/4/6
f 5119/6/6 5113/6/6 5120/6/6
f 5120/4/6 5114/4/6 5121/4/6
f 5116/6/6 5117/6/6 5122/6/6
f 5122/6/6 5117/6/6 5123/6/6
f 5118/6/6 5119/6/6 5124/6/6
f 5124/6/6 5119/6/6 5125/6/6
f 5122/1/6 5123/1/6 5126/1/6
f 5123/6/6 5124/6/6 5127/6/6
f 5126/1/6 5123/1/6 5127/1/6
f 5127/6/6 5124/6/6 5128/6/6
f 5129/6/6 5130/6/6 5133/6/6
f 5133/6/6 5130/6/6 5134/6/6
f 5131/6/6 5132/6/6 5137/6/6
f 5137/6/6 5132/6/6 5138/6/6
f 5135/6/6 5136/6/6 5140/6/6
f 5140/6/6 5136/6/6 5141/6/6
f 5139/6/6 5140/6/6 5143/6/6
f 5143/6/6 5140/6/6 5144/6/6
f 5141/6/6 5142/6/6 5145/6/6
f 5145/6/6 5142/6/6 5146/6/6
f 5147/4/6 5148/4/6 5149/4/6
f 5149/4/6 5148/4/6 5150/4/6
f 5149/6/6 5150/6/6 5157/6/6
f 5157/6/6 5150/6/6 5158/6/6
f 5151/6/6 5152/6/6 5161/6/6
f 5161/6/6 5152/6/6 5162/6/6
f 5155/4/6 5156/4/6 5163/4/6
f 5153/4/6 5154/4/6 5163/4/6
f 5154/4/6 5155/4/6 5163/4/6
f 5163/4/6 5156/4/6 5164/4/6
f 5164/4/6 5156/4/6 5165/4/6
f 5165/4/6 5156/4/6 5166/4/6
f 5158/6/6 5159/6/6 5167/6/6
f 5167/6/6 5159/6/6 5168/6/6
f 5160/6/6 5161/6/6 5171/6/6
f 5161/4/6 5162/4/6 5172/4/6
f 5171/6/6 5161/6/6 5172/6/6
f 5172/4/6 5162/4/6 5173/4/6
f 5168/6/6 5169/6/6 5174/6/6
f 5174/6/6 5169/6/6 5175/6/6
f 5170/6/6 5171/6/6 5176/6/6
f 5176/6/6 5171/6/6 5177/6/6
f 5174/1/6 5175/1/6 5180/1/6
f 5175/6/6 5176/6/6 5181/6/6
f 5180/1/6 5175/1/6 5181/1/6
f 5181/6/6 5176/6/6 5182/6/6
f 5178/6/6 5179/6/6 5183/6/6
f 5183/6/6 5179/6/6 5184/6/6
f 5185/9/6 5186/9/6 5189/9/6
f 5187/9/6 5188/9/6 5192/9/6
f 5189/9/6 5190/9/6 5193/9/6
f 5185/9/6 5189/9/6 5193/9/6
f 5193/9/6 5190/9/6 5194/9/6
f 5191/9/6 5192/9/6 5195/9/6
f 5192/9/6 5188/9/6 5196/9/6
f 5195/9/6 5192/9/6 5196/9/6
f 5197/9/6 5198/9/6 5201/9/6
f 5201/9/6 5198/9/6 5202/9/6
f 5199/9/6 5200/9/6 5203/9/6
f 5203/9/6 5200/9/6 5204/9/6
f 5197/9/6 5201/9/6 5205/9/6
f 5205/9/6 5201/9/6 5206/9/6
f 5204/9/6 5200/9/6 5207/9/6
f 5207/9/6 5200/9/6 5208/9/6
f 5209/6/6 5210/6/6 5212/6/6
f 5212/6/6 5210/6/6 5213/6/6
f 5211/6/6 5212/6/6 5215/6/6
f 5215/6/6 5212/6/6 5216/6/6
f 5214/1/6 5215/1/6 5221/1/6
f 5221/1/6 5215/1/6 5222/1/6
f 5217/4/6 5218/4/6 5223/4/6
f 5223/4/6 5218/4/6 5224/4/6
f 5219/6/6 5220/6/6 5225/6/6
f 5225/6/6 5220/6/6 5226/6/6
f 5221/6/6 5222/6/6 5228/6/6
f 5228/6/6 5222/6/6 5229/6/6
f 5223/6/6 5224/6/6 5231/6/6
f 5231/6/6 5224/6/6 5232/6/6
f 5226/6/6 5227/6/6 5237/6/6
f 5237/6/6 5227/6/6 5238/6/6
f 5230/6/6 5231/6/6 5240/6/6
f 5240/6/6 5231/6/6 5241/6/6
f 5233/2/6 5234/2/6 5242/2/6
f 5242/2/6 5234/2/6 5243/2/6
f 5235/2/6 5236/2/6 5244/2/6
f 5244/2/6 5236/2/6 5245/2/6
f 5239/6/6 5240/6/6 5246/6/6
f 5246/6/6 5240/6/6 5247/6/6
f 5243/2/6 5244/2/6 5248/2/6
f 5248/2/6 5244/2/6 5249/2/6
f 5250/6/6 5251/6/6 5253/6/6
f 5253/6/6 5251/6/6 5254/6/6
f 5252/6/6 5253/6/6 5258/6/6
f 5258/6/6 5253/6/6 5259/6/6
f 5255/4/6 5256/4/6 5262/4/6
f 5257/1/6 5258/1/6 5263/1/6
f 5263/1/6 5258/1/6 5264/1/6
f 5260/4/6 5261/4/6 5265/4/6
f 5265/4/6 5261/4/6 5266/4/6
f 5262/4/6 5256/4/6 5267/4/6
f 5267/4/6 5256/4/6 5268/4/6
f 5263/6/6 5264/6/6 5269/6/6
f 5269/6/6 5264/6/6 5270/6/6
f 5265/6/6 5266/6/6 5272/6/6
f 5272/6/6 5266/6/6 5273/6/6
f 5271/6/6 5272/6/6 5279/6/6
f 5279/6/6 5272/6/6 5280/6/6
f 5274/4/6 5275/4/6 5281/4/6
f 5281/4/6 5275/4/6 5282/4/6
f 5276/4/6 5277/4/6 5283/4/6
f 5283/4/6 5277/4/6 5284/4/6
f 5284/4/6 5277/4/6 5285/4/6
f 5278/6/6 5279/6/6 5286/6/6
f 5286/6/6 5279/6/6 5287/6/6
f 5282/4/6 5275/4/6 5292/4/6
f 5292/4/6 5275/4/6 5293/4/6
f 5284/4/6 5285/4/6 5294/4/6
f 5294/4/6 5285/4/6 5295/4/6
f 5288/2/6 5289/2/6 5296/2/6
f 5296/2/6 5289/2/6 5297/2/6
f 5290/2/6 5291/2/6 5298/2/6
f 5298/2/6 5291/2/6 5299/2/6
f 5297/2/6 5298/2/6 5300/2/6
f 5300/2/6 5298/2/6 5301/2/6
f 5302/9/6 5303/9/6 5306/9/6
f 5304/9/6 5305/9/6 5309/9/6
f 5306/9/6 5307/9/6 5310/9/6
f 5302/9/6 5306/9/6 5310/9/6
f 5310/9/6 5307/9/6 5311/9/6
f 5308/9/6 5309/9/6 5312/9/6
f 5309/9/6 5305/9/6 5313/9/6
f 5312/9/6 5309/9/6 5313/9/6
f 5314/9/6 5315/9/6 5318/9/6
f 5318/9/6 5315/9/6 5319/9/6
f 5316/9/6 5317/9/6 5320/9/6
f 5320/9/6 5317/9/6 5321/9/6
f 5314/9/6 5318/9/6 5322/9/6
f 5322/9/6 5318/9/6 5323/9/6
f 5321/9/6 5317/9/6 5324/9/6
f 5324/9/6 5317/9/6 5325/9/6
f 5326/2/6 5327/2/6 5328/2/6
f 5328/2/6 5327/2/6 5329/2/6
f 5330/6/6 5331/6/6 5334/6/6
f 5331/3/6 5332/3/6 5335/3/6
f 5334/6/6 5331/6/6 5335/6/6
f 5335/3/6 5332/3/6 5336/3/6
f 5333/6/6 5334/6/6 5341/6/6
f 5334/6/6 5335/6/6 5341/6/6
f 5335/6/6 5336/6/6 5341/6/6
f 5341/6/6 5336/6/6 5342/6/6
f 5337/2/6 5338/2/6 5347/2/6
f 5347/2/6 5338/2/6 5348/2/6
f 5339/2/6 5340/2/6 5349/2/6
f 5349/2/6 5340/2/6 5350/2/6
f 5333/6/6 5341/6/6 5351/6/6
f 5351/6/6 5341/6/6 5352/6/6
f 5342/6/6 5336/6/6 5353/6/6
f 5353/6/6 5336/6/6 5354/6/6
f 5343/1/6 5344/1/6 5355/1/6
f 5355/1/6 5344/1/6 5356/1/6
f 5345/6/6 5346/6/6 5357/6/6
f 5357/6/6 5346/6/6 5358/6/6
f 5351/1/6 5352/1/6 5359/1/6
f 5352/6/6 5353/6/6 5360/6/6
f 5359/1/6 5352/1/6 5360/1/6
f 5360/6/6 5353/6/6 5361/6/6
f 5362/2/6 5363/2/6 5364/2/6
f 5364/2/6 5363/2/6 5365/2/6
f 5368/6/6 5369/6/6 5372/6/6
f 5369/3/6 5370/3/6 5373/3/6
f 5372/6/6 5369/6/6 5373/6/6
f 5373/3/6 5370/3/6 5374/3/6
f 5366/4/6 5367/4/6 5375/4/6
f 5375/4/6 5367/4/6 5376/4/6
f 5371/6/6 5372/6/6 5377/6/6
f 5372/6/6 5373/6/6 5377/6/6
f 5373/6/6 5374/6/6 5377/6/6
f 5377/6/6 5374/6/6 5378/6/6
f 5371/6/6 5377/6/6 5379/6/6
f 5379/6/6 5377/6/6 5380/6/6
f 5378/6/6 5374/6/6 5381/6/6
f 5381/6/6 5374/6/6 5382/6/6
f 5379/1/6 5380/1/6 5383/1/6
f 5380/6/6 5381/6/6 5384/6/6
f 5383/1/6 5380/1/6 5384/1/6
f 5384/6/6 5381/6/6 5385/6/6
f 5386/1/6 5387/1/6 5392/1/6
f 5392/1/6 5387/1/6 5393/1/6
f 5388/4/6 5389/4/6 5394/4/6
f 5394/4/6 5389/4/6 5395/4/6
f 5390/4/6 5391/4/6 5396/4/6
f 5396/4/6 5391/4/6 5397/4/6
f 5398/9/6 5399/9/6 5402/9/6
f 5400/9/6 5401/9/6 5405/9/6
f 5402/9/6 5403/9/6 5406/9/6
f 5398/9/6 5402/9/6 5406/9/6
f 5406/9/6 5403/9/6 5407/9/6
f 5404/9/6 5405/9/6 5408/9/6
f 5405/9/6 5401/9/6 5409/9/6
f 5408/9/6 5405/9/6 5409/9/6
f 5410/9/6 5411/9/6 5414/9/6
f 5414/9/6 5411/9/6 5415/9/6
f 5412/9/6 5413/9/6 5416/9/6
f 5416/9/6 5413/9/6 5417/9/6
f 5410/9/6 5414/9/6 5418/9/6
f 5418/9/6 5414/9/6 5419/9/6
f 5417/9/6 5413/9/6 5420/9/6
f 5420/9/6 5413/9/6 5421/9/6
f 5422/2/6 5423/2/6 5425/2/6
f 5425/2/6 5423/2/6 5426/2/6
f 5424/2/6 5425/2/6 5430/2/6
f 5430/2/6 5425/2/6 5431/2/6
f 5426/2/6 5427/2/6 5432/2/6
f 5432/2/6 5427/2/6 5433/2/6
f 5428/6/6 5429/6/6 5434/6/6
f 5434/6/6 5429/6/6 5435/6/6
f 5436/4/6 5437/4/6 5438/4/6
f 5438/4/6 5437/4/6 5439/4/6
f 5431/2/6 5432/2/6 5440/2/6
f 5440/2/6 5432/2/6 5441/2/6
f 5442/6/6 5443/6/6 5444/6/6
f 5444/6/6 5443/6/6 5445/6/6
f 5446/4/6 5447/4/6 5448/4/6
f 5448/4/6 5447/4/6 5449/4/6
f 5450/9/6 5451/9/6 5454/9/6
f 5452/9/6 5453/9/6 5457/9/6
f 5454/9/6 5455/9/6 5458/9/6
f 5450/9/6 5454/9/6 5458/9/6
f 5458/9/6 5455/9/6 5459/9/6
f 5456/9/6 5457/9/6 5460/9/6
f 5457/9/6 5453/9/6 5461/9/6
f 5460/9/6 5457/9/6 5461/9/6
f 5462/9/6 5463/9/6 5466/9/6
f 5466/9/6 5463/9/6 5467/9/6
f 5464/9/6 5465/9/6 5468/9/6
f 5468/9/6 5465/9/6 5469/9/6
f 5462/9/6 5466/9/6 5470/9/6
f 5470/9/6 5466/9/6 5471/9/6
f 5469/9/6 5465/9/6 5472/9/6
f 5472/9/6 5465/9/6 5473/9/6
f 5474/9/6 5475/9/6 5478/9/6
f 5476/9/6 5477/9/6 5481/9/6
f 5478/9/6 5479/9/6 5482/9/6
f 5474/9/6 5478/9/6 5482/9/6
f 5482/9/6 5479/9/6 5483/9/6
f 5480/9/6 5481/9/6 5484/9/6
f 5481/9/6 5477/9/6 5485/9/6
f 5484/9/6 5481/9/6 5485/9/6
f 5486/9/6 5487/9/6 5490/9/6
f 5490/9/6 5487/9/6 5491/9/6
f 5488/9/6 5489/9/6 5492/9/6
f 5492/9/6 5489/9/6 5493/9/6
f 5486/9/6 5490/9/6 5494/9/6
f 5494/9/6 5490/9/6 5495/9/6
f 5493/9/6 5489/9/6 5496/9/6
f 5496/9/6 5489/9/6 5497/9/6
f 5498/9/6 5499/9/6 5502/9/6
f 5500/9/6 5501/9/6 5505/9/6
f 5502/9/6 5503/9/6 5506/9/6
f 5498/9/6 5502/9/6 5506/9/6
f 5506/9/6 5503/9/6 5507/9/6
f 5504/9/6 5505/9/6 5508/9/6
f 5505/9/6 5501/9/6 5509/9/6
f 5508/9/6 5505/9/6 5509/9/6
f 5510/9/6 5511/9/6 5514/9/6
f 5514/9/6 5511/9/6 5515/9/6
f 5512/9/6 5513/9/6 5516/9/6
f 5516/9/6 5513/9/6 5517/9/6
f 5510/9/6 5514/9/6 5518/9/6
f 5518/9/6 5514/9/6 5519/9/6
f 5517/9/6 5513/9/6 5520/9/6
f 5520/9/6 5513/9/6 5521/9/6
f 5522/2/6 5523/2/6 5525/2/6
f 5525/2/6 5523/2/6 5526/2/6
f 5524/2/6 5525/2/6 5528/2/6
f 5528/2/6 5525/2/6 5529/2/6
f 5526/2/6 5527/2/6 5530/2/6
f 5530/2/6 5527/2/6 5531/2/6
f 5529/2/6 5530/2/6 5532/2/6
f 5532/2/6 5530/2/6 5533/2/6
f 5534/9/6 5535/9/6 5538/9/6
f 5536/9/6 5537/9/6 5541/9/6
f 5538/9/6 5539/9/6 5542/9/6
f 5534/9/6 5538/9/6 5542/9/6
f 5542/9/6 5539/9/6 5543/9/6
f 5540/9/6 5541/9/6 5544/9/6
f 5541/9/6 5537/9/6 5545/9/6
f 5544/9/6 5541/9/6 5545/9/6
f 5546/9/6 5547/9/6 5550/9/6
f 5550/9/6 5547/9/6 5551/9/6
f 5548/9/6 5549/9/6 5552/9/6
f 5552/9/6 5549/9/6 5553/9/6
f 5546/9/6 5550/9/6 5554/9/6
f 5554/9/6 5550/9/6 5555/9/6
f 5553/9/6 5549/9/6 5556/9/6
f 5556/9/6 5549/9/6 5557/9/6
f 5558/6/6 5559/6/6 5560/6/6
f 5560/6/6 5559/6/6 5561/6/6
f 5562/9/6 5563/9/6 5566/9/6
f 5564/9/6 5565/9/6 5569/9/6
f 5566/9/6 5567/9/6 5570/9/6
f 5562/9/6 5566/9/6 5570/9/6
f 5570/9/6 5567/9/6 5571/9/6
f 5568/9/6 5569/9/6 5572/9/6
f 5569/9/6 5565/9/6 5573/9/6
f 5572/9/6 5569/9/6 5573/9/6
f 5574/9/6 5575/9/6 5578/9/6
f 5578/9/6 5575/9/6 5579/9/6
f 5576/9/6 5577/9/6 5580/9/6
f 5580/9/6 5577/9/6 5581/9/6
f 5574/9/6 5578/9/6 5582/9/6
f 5582/9/6 5578/9/6 5583/9/6
f 5581/9/6 5577/9/6 5584/9/6
f 5584/9/6 5577/9/6 5585/9/6
f 5586/9/6 5587/9/6 5590/9/6
f 5588/9/6 5589/9/6 5593/9/6
f 5590/9/6 5591/9/6 5594/9/6
f 5586/9/6 5590/9/6 5594/9/6
f 5594/9/6 5591/9/6 5595/9/6
f 5592/9/6 5593/9/6 5596/9/6
f 5593/9/6 5589/9/6 5597/9/6
f 5596/9/6 5593/9/6 5597/9/6
f 5598/9/6 5599/9/6 5602/9/6
f 5602/9/6 5599/9/6 5603/9/6
f 5600/9/6 5601/9/6 5604/9/6
f 5604/9/6 5601/9/6 5605/9/6
f 5598/9/6 5602/9/6 5606/9/6
f 5606/9/6 5602/9/6 5607/9/6
f 5605/9/6 5601/9/6 5608/9/6
f 5608/9/6 5601/9/6 5609/9/6
f 5610/9/6 5611/9/6 5614/9/6
f 5612/9/6 5613/9/6 5617/9/6
f 5614/9/6 5615/9/6 5618/9/6
f 5610/9/6 5614/9/6 5618/9/6
f 5618/9/6 5615/9/6 5619/9/6
f 5616/9/6 5617/9/6 5620/9/6
f 5617/9/6 5613/9/6 5621/9/6
f 5620/9/6 5617/9/6 5621/9/6
f 5622/9/6 5623/9/6 5626/9/6
f 5626/9/6 5623/9/6 5627/9/6
f 5624/9/6 5625/9/6 5628/9/6
f 5628/9/6 5625/9/6 5629/9/6
f 5622/9/6 5626/9/6 5630/9/6
f 5630/9/6 5626/9/6 5631/9/6
f 5629/9/6 5625/9/6 5632/9/6
f 5632/9/6 5625/9/6 5633/9/6
f 5634/9/6 5635/9/6 5638/9/6
f 5636/9/6 5637/9/6 5641/9/6
f 5638/9/6 5639/9/6 5642/9/6
f 5634/9/6 5638/9/6 5642/9/6
f 5642/9/6 5639/9/6 5643/9/6
f 5640/9/6 5641/9/6 5644/9/6
f 5641/9/6 5637/9/6 5645/9/6
f 5644/9/6 5641/9/6 5645/9/6
f 5646/9/6 5647/9/6 5648/9/6
f 5648/9/6 5647/9/6 5649/9/6
f 5646/9/6 5648/9/6 5650/9/6
f 5649/9/6 5647/9/6 5651/9/6
f 5646/9/6 5650/9/6 5652/9/6
f 5650/9/6 5651/9/6 5652/9/6
f 5651/9/6 5647/9/6 5653/9/6
f 5652/9/6 5651/9/6 5653/9/6
