# MagicaVoxel @ Ephtracy

# group
o 

# material
mtllib planterSquare.mtl
usemtl palette

# normals
vn -1 0 0
vn 1 0 0
vn 0 0 1
vn 0 0 -1
vn 0 -1 0
vn 0 1 0

# texcoords
vt 0.287109 0.5
vt 0.291016 0.5
vt 0.294922 0.5
vt 0.298828 0.5
vt 0.318359 0.5
vt 0.322266 0.5
vt 0.326172 0.5
vt 0.349609 0.5
vt 0.931641 0.5

# verts
v -5.8 0.4 1.7
v -5.8 0.4 -5.3
v -5.8 0.6 1.7
v -5.8 0.6 -5.3
v -5.8 4 -2.9
v -5.8 4 -3
v -5.8 4.4 -2.8
v -5.8 4.4 -2.9
v -5.8 4.4 -3
v -5.8 4.5 -2.8
v -5.8 4.5 -2.9
v -5.7 0.3 1.6
v -5.7 0.3 -5.2
v -5.7 0.4 1.6
v -5.7 0.4 -5.2
v -5.7 0.6 1.6
v -5.7 0.6 -5.2
v -5.7 0.7 1.6
v -5.7 0.7 -5.2
v -5.7 2.6 -2.8
v -5.7 2.6 -3
v -5.7 2.7 -3
v -5.7 2.7 -3.1
v -5.7 2.8 -3
v -5.7 2.8 -3.1
v -5.7 3 -2.8
v -5.7 3 -3
v -5.7 4.2 -2.8
v -5.7 4.2 -2.9
v -5.7 4.3 -3
v -5.7 4.3 -3.1
v -5.7 4.4 -2.8
v -5.7 4.4 -2.9
v -5.7 4.4 -3
v -5.7 4.5 -2.7
v -5.7 4.5 -2.8
v -5.7 4.5 -2.9
v -5.7 4.5 -3
v -5.7 4.5 -3.1
v -5.7 4.6 -2.7
v -5.7 4.6 -2.8
v -5.7 4.6 -3
v -5.6 0 1.5
v -5.6 0 -5.1
v -5.6 0.3 1.5
v -5.6 0.3 -5.1
v -5.6 0.7 1.5
v -5.6 0.7 -5.1
v -5.6 0.8 1.5
v -5.6 0.8 -5.1
v -5.6 1 1.5
v -5.6 1 -5.1
v -5.6 1.6 0.6
v -5.6 1.6 0.5
v -5.6 1.7 0.6
v -5.6 1.7 0.5
v -5.6 2.5 -2.9
v -5.6 2.5 -3
v -5.6 2.6 -2.9
v -5.6 2.6 -3
v -5.6 2.8 -3
v -5.6 2.8 -3.1
v -5.6 2.9 -3
v -5.6 2.9 -3.1
v -5.5 1.5 0.6
v -5.5 1.5 0.4
v -5.5 1.6 0.6
v -5.5 1.6 0.5
v -5.5 1.6 0.4
v -5.5 2.7 -2.8
v -5.5 2.7 -2.9
v -5.5 2.8 -2.8
v -5.5 2.8 -2.9
v -5.5 4.3 -2.8
v -5.5 4.3 -3
v -5.5 4.4 -2.3
v -5.5 4.4 -2.4
v -5.5 4.4 -2.8
v -5.5 4.4 -3
v -5.5 4.5 -2.3
v -5.5 4.5 -2.4
v -5.5 4.6 -2.8
v -5.5 4.6 -3
v -5.5 4.7 -2.8
v -5.5 4.7 -3
v -5.4 0.9 1
v -5.4 0.9 0.9
v -5.4 0.9 -0.3
v -5.4 0.9 -0.4
v -5.4 0.9 -2.8
v -5.4 0.9 -3
v -5.4 0.9 -4
v -5.4 0.9 -4.3
v -5.4 1 1
v -5.4 1 0.9
v -5.4 1 -0.3
v -5.4 1 -0.4
v -5.4 1 -4
v -5.4 1 -4.3
v -5.4 1.4 0.5
v -5.4 1.4 0.4
v -5.4 1.4 -1.9
v -5.4 1.4 -2.1
v -5.4 1.4 -2.9
v -5.4 1.4 -3
v -5.4 1.5 0.5
v -5.4 1.5 0.4
v -5.4 1.5 -1.9
v -5.4 1.5 -2.1
v -5.4 2.6 -2.9
v -5.4 2.6 -3
v -5.4 2.7 -2.2
v -5.4 2.7 -2.3
v -5.4 2.7 -2.4
v -5.4 2.7 -2.5
v -5.4 2.7 -2.7
v -5.4 2.7 -2.8
v -5.4 2.7 -3
v -5.4 2.7 -3.1
v -5.4 2.7 -3.4
v -5.4 2.7 -3.5
v -5.4 2.8 -2.2
v -5.4 2.8 -2.3
v -5.4 2.8 -2.4
v -5.4 2.8 -2.5
v -5.4 2.8 -2.6
v -5.4 2.8 -2.7
v -5.4 2.8 -3.1
v -5.4 2.8 -3.2
v -5.4 2.8 -3.3
v -5.4 2.8 -3.4
v -5.4 2.9 -2.3
v -5.4 2.9 -2.4
v -5.4 2.9 -2.5
v -5.4 2.9 -2.6
v -5.4 2.9 -2.7
v -5.4 2.9 -2.8
v -5.4 2.9 -2.9
v -5.4 2.9 -3
v -5.4 2.9 -3.1
v -5.4 2.9 -3.2
v -5.4 2.9 -3.3
v -5.4 2.9 -3.4
v -5.4 2.9 -3.5
v -5.4 3 -2.4
v -5.4 3 -2.7
v -5.4 3 -3.1
v -5.4 3 -3.4
v -5.4 3 -3.5
v -5.4 3.8 -2.9
v -5.4 3.8 -3
v -5.4 3.9 -2.2
v -5.4 3.9 -2.3
v -5.4 4.1 -3.4
v -5.4 4.1 -3.5
v -5.4 4.3 -2.3
v -5.4 4.3 -2.4
v -5.4 4.3 -2.7
v -5.4 4.3 -2.8
v -5.4 4.3 -3
v -5.4 4.3 -3.1
v -5.4 4.3 -3.4
v -5.4 4.3 -3.5
v -5.4 4.4 -2.2
v -5.4 4.4 -2.3
v -5.4 4.4 -2.4
v -5.4 4.4 -2.5
v -5.4 4.4 -2.6
v -5.4 4.4 -2.7
v -5.4 4.4 -3.1
v -5.4 4.4 -3.2
v -5.4 4.4 -3.3
v -5.4 4.4 -3.4
v -5.4 4.5 -2.3
v -5.4 4.5 -2.4
v -5.4 4.5 -2.5
v -5.4 4.5 -2.6
v -5.4 4.5 -2.7
v -5.4 4.5 -2.8
v -5.4 4.5 -3
v -5.4 4.5 -3.1
v -5.4 4.5 -3.2
v -5.4 4.5 -3.3
v -5.4 4.5 -3.4
v -5.4 4.5 -3.5
v -5.4 4.6 -2.3
v -5.4 4.6 -2.4
v -5.4 4.6 -2.7
v -5.4 4.6 -2.8
v -5.4 4.6 -3
v -5.4 4.6 -3.1
v -5.4 4.6 -3.4
v -5.4 4.7 -2.7
v -5.4 4.7 -2.8
v -5.4 4.7 -3
v -5.4 4.7 -3.1
v -5.4 4.8 -2.8
v -5.4 4.8 -3
v -5.3 1 -0.9
v -5.3 1 -1.1
v -5.3 1.1 -0.9
v -5.3 1.1 -1.1
v -5.3 1.3 0.5
v -5.3 1.3 0.4
v -5.3 1.3 -4.2
v -5.3 1.3 -4.3
v -5.3 1.4 0.5
v -5.3 1.4 0.4
v -5.3 1.4 -2.9
v -5.3 1.4 -3
v -5.3 1.4 -4.2
v -5.3 1.4 -4.3
v -5.3 1.5 -1.9
v -5.3 1.5 -2.1
v -5.3 1.6 -1.9
v -5.3 1.6 -2.1
v -5.3 1.6 -3.2
v -5.3 1.6 -3.3
v -5.3 1.7 -3.2
v -5.3 1.7 -3.3
v -5.3 2.3 -2.3
v -5.3 2.3 -2.4
v -5.3 2.5 -3.1
v -5.3 2.5 -3.2
v -5.3 2.6 -2.9
v -5.3 2.6 -3
v -5.3 2.6 -3.5
v -5.3 2.6 -3.6
v -5.3 2.7 -2.3
v -5.3 2.7 -2.4
v -5.3 2.7 -3.1
v -5.3 2.7 -3.5
v -5.3 2.8 -2.2
v -5.3 2.8 -2.3
v -5.3 2.8 -2.9
v -5.3 2.8 -3
v -5.3 2.8 -3.1
v -5.3 2.8 -3.2
v -5.3 2.9 -2.2
v -5.3 2.9 -2.3
v -5.3 2.9 -2.4
v -5.3 2.9 -3
v -5.3 2.9 -3.5
v -5.3 2.9 -3.6
v -5.3 3 -2.3
v -5.3 3 -2.4
v -5.3 3.8 -2.9
v -5.3 3.8 -3
v -5.3 4.2 -3.5
v -5.3 4.2 -3.6
v -5.3 4.3 -3.5
v -5.3 4.4 -2.2
v -5.3 4.4 -2.3
v -5.3 4.4 -3.5
v -5.3 4.4 -3.6
v -5.3 4.5 -2.2
v -5.3 4.5 -2.3
v -5.2 1.1 -0.9
v -5.2 1.1 -1.1
v -5.2 1.2 0.5
v -5.2 1.2 0.4
v -5.2 1.2 -0.9
v -5.2 1.2 -1.1
v -5.2 1.3 0.5
v -5.2 1.3 0.4
v -5.2 1.3 -4.3
v -5.2 1.3 -4.4
v -5.2 1.4 -4.3
v -5.2 1.4 -4.4
v -5.2 1.5 -3.3
v -5.2 1.5 -3.4
v -5.2 1.5 -4.3
v -5.2 1.5 -4.4
v -5.2 1.6 -1.9
v -5.2 1.6 -2.1
v -5.2 1.6 -3.3
v -5.2 1.6 -3.4
v -5.2 1.7 -1.9
v -5.2 1.7 -2.1
v -5.2 2.8 -2.8
v -5.2 2.8 -2.9
v -5.2 2.9 -2.8
v -5.2 2.9 -2.9
v -5.1 0.9 -1.8
v -5.1 0.9 -1.9
v -5.1 0.9 -2.6
v -5.1 0.9 -2.7
v -5.1 0.9 -3.4
v -5.1 0.9 -3.5
v -5.1 1 -0.9
v -5.1 1 -1.1
v -5.1 1 -1.8
v -5.1 1 -1.9
v -5.1 1 -2.6
v -5.1 1 -2.7
v -5.1 1 -3.4
v -5.1 1 -3.5
v -5.1 1.1 -0.9
v -5.1 1.1 -1.1
v -5.1 1.2 0.4
v -5.1 1.2 0.3
v -5.1 1.2 -4.2
v -5.1 1.2 -4.4
v -5.1 1.3 0.3
v -5.1 1.3 0.2
v -5.1 1.3 -4.2
v -5.1 1.3 -4.4
v -5.1 1.4 0.4
v -5.1 1.4 0.3
v -5.1 1.4 0.2
v -5.1 1.4 0.1
v -5.1 1.4 -3.3
v -5.1 1.4 -3.4
v -5.1 1.5 0.3
v -5.1 1.5 0.1
v -5.1 1.5 -3.3
v -5.1 1.5 -3.4
v -5.1 1.7 -1.9
v -5.1 1.7 -2
v -5.1 1.7 -2.1
v -5.1 1.8 -1.9
v -5.1 1.8 -2
v -5.1 1.8 -2.1
v -5.1 2.9 -2.8
v -5.1 2.9 -3
v -5.1 3 -2.8
v -5.1 3 -3
v -5.1 4.5 -2.8
v -5.1 4.5 -3
v -5.1 4.6 -2.8
v -5.1 4.6 -3
v -5 0.9 0.5
v -5 0.9 0.4
v -5 0.9 -0.9
v -5 0.9 -1.1
v -5 1 -0.6
v -5 1 -0.7
v -5 1 -0.8
v -5 1 -0.9
v -5 1 -1.1
v -5 1 -1.2
v -5 1 -1.3
v -5 1 -1.4
v -5 1.1 -0.6
v -5 1.1 -0.7
v -5 1.1 -0.8
v -5 1.1 -0.9
v -5 1.1 -1.1
v -5 1.1 -1.2
v -5 1.1 -1.3
v -5 1.1 -1.4
v -5 1.1 -4.3
v -5 1.1 -4.4
v -5 1.2 0.7
v -5 1.2 0.5
v -5 1.2 0.4
v -5 1.2 -0.7
v -5 1.2 -0.8
v -5 1.2 -1.2
v -5 1.2 -1.3
v -5 1.2 -4.3
v -5 1.2 -4.4
v -5 1.3 0.8
v -5 1.3 0.7
v -5 1.3 0.6
v -5 1.3 0.5
v -5 1.3 0.4
v -5 1.3 -0.2
v -5 1.3 -0.4
v -5 1.3 -3.3
v -5 1.3 -3.4
v -5 1.4 0.9
v -5 1.4 0.8
v -5 1.4 0.7
v -5 1.4 0.6
v -5 1.4 0.4
v -5 1.4 0.1
v -5 1.4 1.19209e-07
v -5 1.4 -0.2
v -5 1.4 -0.4
v -5 1.4 -3.3
v -5 1.4 -3.4
v -5 1.5 0.9
v -5 1.5 0.7
v -5 1.5 0.5
v -5 1.5 0.4
v -5 1.5 0.1
v -5 1.5 1.19209e-07
v -5 1.5 -0.0999998
v -5 1.6 0.1
v -5 1.6 -0.0999998
v -5 4.3 -2.8
v -5 4.3 -2.9
v -5 4.4 -2.8
v -5 4.4 -2.9
v -4.9 0.8 -3.9
v -4.9 0.8 -4
v -4.9 0.9 -3.9
v -4.9 0.9 -4
v -4.9 1 -2.6
v -4.9 1 -2.8
v -4.9 1 -4.2
v -4.9 1 -4.4
v -4.9 1.1 -2.6
v -4.9 1.1 -2.8
v -4.9 1.1 -4.3
v -4.9 1.1 -4.4
v -4.9 1.2 -0.2
v -4.9 1.2 -0.4
v -4.9 1.2 -3.3
v -4.9 1.2 -3.4
v -4.9 1.2 -4.2
v -4.9 1.2 -4.3
v -4.9 1.3 -0.2
v -4.9 1.3 -0.4
v -4.9 1.3 -3.3
v -4.9 1.3 -3.4
v -4.9 1.5 1
v -4.9 1.5 0.9
v -4.9 1.5 0.8
v -4.9 1.5 0.5
v -4.9 1.5 0.4
v -4.9 1.5 -1.9
v -4.9 1.5 -2.1
v -4.9 1.6 1
v -4.9 1.6 0.8
v -4.9 1.6 0.5
v -4.9 1.6 0.4
v -4.9 1.6 -1.9
v -4.9 1.6 -2.1
v -4.9 2.5 -2.8
v -4.9 2.5 -2.9
v -4.9 2.6 -2.7
v -4.9 2.6 -2.8
v -4.9 2.7 -2.7
v -4.9 2.7 -2.8
v -4.9 2.8 -2.8
v -4.9 2.8 -2.9
v -4.9 2.8 -3
v -4.9 2.9 -2.9
v -4.9 2.9 -3
v -4.9 4.4 -2.9
v -4.9 4.4 -3
v -4.9 4.5 -2.9
v -4.9 4.5 -3
v -4.8 0.9 -4.2
v -4.8 0.9 -4.4
v -4.8 1 -0.9
v -4.8 1 -1.1
v -4.8 1 -4.1
v -4.8 1 -4.2
v -4.8 1 -4.4
v -4.8 1 -4.5
v -4.8 1.1 -0.2
v -4.8 1.1 -0.4
v -4.8 1.1 -0.9
v -4.8 1.1 -1.1
v -4.8 1.1 -2.6
v -4.8 1.1 -2.8
v -4.8 1.1 -4
v -4.8 1.1 -4.1
v -4.8 1.1 -4.5
v -4.8 1.1 -4.6
v -4.8 1.2 -0.2
v -4.8 1.2 -0.4
v -4.8 1.2 -2.6
v -4.8 1.2 -2.8
v -4.8 1.2 -3.4
v -4.8 1.2 -3.5
v -4.8 1.2 -3.9
v -4.8 1.2 -4
v -4.8 1.2 -4.1
v -4.8 1.2 -4.2
v -4.8 1.2 -4.4
v -4.8 1.2 -4.5
v -4.8 1.2 -4.6
v -4.8 1.2 -4.7
v -4.8 1.3 -3.5
v -4.8 1.3 -3.6
v -4.8 1.3 -3.7
v -4.8 1.3 -3.8
v -4.8 1.3 -3.9
v -4.8 1.3 -4
v -4.8 1.3 -4.1
v -4.8 1.3 -4.5
v -4.8 1.3 -4.6
v -4.8 1.3 -4.7
v -4.8 1.3 -4.8
v -4.8 1.3 -4.9
v -4.8 1.4 -1.9
v -4.8 1.4 -2.1
v -4.8 1.4 -3.4
v -4.8 1.4 -3.5
v -4.8 1.4 -3.6
v -4.8 1.4 -3.7
v -4.8 1.4 -3.8
v -4.8 1.4 -3.9
v -4.8 1.4 -4
v -4.8 1.4 -4.6
v -4.8 1.4 -4.7
v -4.8 1.4 -4.8
v -4.8 1.4 -4.9
v -4.8 1.5 -1.9
v -4.8 1.5 -2.1
v -4.8 1.5 -3.5
v -4.8 1.5 -3.7
v -4.8 1.5 -3.8
v -4.8 1.5 -3.9
v -4.8 1.5 -4.7
v -4.8 1.5 -4.8
v -4.8 1.6 0.5
v -4.8 1.6 0.4
v -4.8 1.7 0.5
v -4.8 1.7 0.4
v -4.8 2.7 -2.9
v -4.8 2.7 -3
v -4.8 2.8 -2.9
v -4.8 2.8 -3
v -4.8 4.1 -2.8
v -4.8 4.1 -2.9
v -4.8 4.3 -2.8
v -4.8 4.3 -2.9
v -4.8 4.3 -3
v -4.8 4.4 -2.8
v -4.8 4.4 -3
v -4.7 0.4 0.9
v -4.7 0.4 0.8
v -4.7 0.6 1
v -4.7 0.6 0.9
v -4.7 0.6 0.8
v -4.7 0.7 1
v -4.7 0.7 0.9
v -4.7 0.9 -3.3
v -4.7 0.9 -3.4
v -4.7 1 -0.2
v -4.7 1 -0.4
v -4.7 1 -2.6
v -4.7 1 -2.8
v -4.7 1.1 0.5
v -4.7 1.1 0.4
v -4.7 1.1 -0.2
v -4.7 1.1 -0.4
v -4.7 1.1 -0.9
v -4.7 1.1 -1.1
v -4.7 1.1 -2.6
v -4.7 1.1 -2.8
v -4.7 1.2 0.5
v -4.7 1.2 0.4
v -4.7 1.2 -0.9
v -4.7 1.2 -1.1
v -4.7 1.2 -3.1
v -4.7 1.2 -3.3
v -4.7 1.2 -3.4
v -4.7 1.3 -1.9
v -4.7 1.3 -2.1
v -4.7 1.3 -3
v -4.7 1.3 -3.1
v -4.7 1.3 -3.2
v -4.7 1.3 -3.3
v -4.7 1.3 -3.4
v -4.7 1.4 -1.9
v -4.7 1.4 -2.1
v -4.7 1.4 -2.9
v -4.7 1.4 -3
v -4.7 1.4 -3.1
v -4.7 1.4 -3.2
v -4.7 1.4 -3.4
v -4.7 1.4 -3.7
v -4.7 1.4 -3.8
v -4.7 1.5 -2.9
v -4.7 1.5 -3.1
v -4.7 1.5 -3.3
v -4.7 1.5 -3.4
v -4.7 1.5 -3.7
v -4.7 1.5 -3.8
v -4.7 1.5 -3.9
v -4.7 1.6 -3.7
v -4.7 1.6 -3.9
v -4.7 1.7 0.6
v -4.7 1.7 0.5
v -4.7 1.7 0.4
v -4.7 1.8 0.6
v -4.7 1.8 0.4
v -4.6 0 0.8
v -4.6 0 0.7
v -4.6 0.2 0.8
v -4.6 0.2 0.7
v -4.6 0.3 0.9
v -4.6 0.3 0.8
v -4.6 0.4 1
v -4.6 0.4 0.9
v -4.6 0.4 0.8
v -4.6 0.6 1
v -4.6 0.6 0.9
v -4.6 0.9 -0.2
v -4.6 0.9 -0.4
v -4.6 0.9 -2.6
v -4.6 0.9 -2.8
v -4.6 1 -0.0999998
v -4.6 1 -0.2
v -4.6 1 -0.4
v -4.6 1 -0.5
v -4.6 1 -0.9
v -4.6 1 -1.1
v -4.6 1 -2.3
v -4.6 1 -2.4
v -4.6 1 -2.5
v -4.6 1 -2.6
v -4.6 1 -2.8
v -4.6 1 -2.9
v -4.6 1 -3
v -4.6 1 -3.1
v -4.6 1.1 1.19209e-07
v -4.6 1.1 -0.0999998
v -4.6 1.1 -0.5
v -4.6 1.1 -0.6
v -4.6 1.1 -0.9
v -4.6 1.1 -1.1
v -4.6 1.1 -2.3
v -4.6 1.1 -2.4
v -4.6 1.1 -2.5
v -4.6 1.1 -2.6
v -4.6 1.1 -2.8
v -4.6 1.1 -2.9
v -4.6 1.1 -3
v -4.6 1.1 -3.1
v -4.6 1.1 -4.2
v -4.6 1.1 -4.4
v -4.6 1.2 0.1
v -4.6 1.2 1.19209e-07
v -4.6 1.2 -0.0999998
v -4.6 1.2 -0.2
v -4.6 1.2 -0.4
v -4.6 1.2 -0.5
v -4.6 1.2 -0.6
v -4.6 1.2 -0.7
v -4.6 1.2 -1.9
v -4.6 1.2 -2.1
v -4.6 1.2 -2.4
v -4.6 1.2 -2.5
v -4.6 1.2 -2.9
v -4.6 1.2 -3
v -4.6 1.2 -4.2
v -4.6 1.2 -4.4
v -4.6 1.3 0.2
v -4.6 1.3 0.1
v -4.6 1.3 1.19209e-07
v -4.6 1.3 -0.0999998
v -4.6 1.3 -0.5
v -4.6 1.3 -0.6
v -4.6 1.3 -0.7
v -4.6 1.3 -0.8
v -4.6 1.3 -1.6
v -4.6 1.3 -1.7
v -4.6 1.3 -1.9
v -4.6 1.3 -2.1
v -4.6 1.3 -2.3
v -4.6 1.3 -2.4
v -4.6 1.4 0.2
v -4.6 1.4 1.19209e-07
v -4.6 1.4 -0.6
v -4.6 1.4 -0.8
v -4.6 1.4 -1.6
v -4.6 1.4 -1.7
v -4.6 1.4 -2.3
v -4.6 1.4 -2.4
v -4.6 1.5 -2.8
v -4.6 1.5 -2.9
v -4.6 1.5 -3
v -4.6 1.5 -3.3
v -4.6 1.5 -3.4
v -4.6 1.6 -2.8
v -4.6 1.6 -3
v -4.6 1.6 -3.3
v -4.6 1.6 -3.4
v -4.6 1.8 0.7
v -4.6 1.8 0.6
v -4.6 1.8 0.5
v -4.6 1.9 0.8
v -4.6 1.9 0.7
v -4.6 1.9 0.6
v -4.6 1.9 0.5
v -4.6 2 0.8
v -4.6 2 0.6
v -4.5 0 1.3
v -4.5 0 0.8
v -4.5 0.3 1.3
v -4.5 0.3 0.9
v -4.5 0.3 0.8
v -4.5 0.9 -3.9
v -4.5 0.9 -4
v -4.5 0.9 -4.7
v -4.5 0.9 -4.9
v -4.5 1 -3.9
v -4.5 1 -4
v -4.5 1 -4.7
v -4.5 1 -4.9
v -4.5 1.1 -1.9
v -4.5 1.1 -2.1
v -4.5 1.2 -1.9
v -4.5 1.2 -2.1
v -4.5 1.2 -4.2
v -4.5 1.2 -4.4
v -4.5 1.3 -4.2
v -4.5 1.3 -4.4
v -4.5 1.4 -1.7
v -4.5 1.4 -1.8
v -4.5 1.4 -2.2
v -4.5 1.4 -2.3
v -4.5 1.5 -1.7
v -4.5 1.5 -1.8
v -4.5 1.5 -2.2
v -4.5 1.5 -2.3
v -4.5 1.6 -3.3
v -4.5 1.6 -3.4
v -4.5 1.7 -3.3
v -4.5 1.7 -3.4
v -4.4 0.9 0.8
v -4.4 0.9 0.5
v -4.4 0.9 -3.8
v -4.4 0.9 -3.9
v -4.4 1 0.8
v -4.4 1 0.5
v -4.4 1 -1.9
v -4.4 1 -2.1
v -4.4 1 -2.6
v -4.4 1 -2.8
v -4.4 1 -3.8
v -4.4 1 -3.9
v -4.4 1.1 -0.2
v -4.4 1.1 -0.4
v -4.4 1.1 -1.9
v -4.4 1.1 -2.1
v -4.4 1.1 -2.6
v -4.4 1.1 -2.8
v -4.4 1.1 -3.3
v -4.4 1.1 -3.4
v -4.4 1.2 -0.2
v -4.4 1.2 -0.4
v -4.4 1.2 -3.3
v -4.4 1.2 -3.4
v -4.4 1.3 -1.8
v -4.4 1.3 -1.9
v -4.4 1.3 -2.1
v -4.4 1.3 -2.2
v -4.4 1.3 -4.2
v -4.4 1.3 -4.4
v -4.4 1.4 -1.8
v -4.4 1.4 -1.9
v -4.4 1.4 -2.1
v -4.4 1.4 -2.2
v -4.4 1.4 -4.2
v -4.4 1.4 -4.4
v -4.4 1.7 -3.2
v -4.4 1.7 -3.3
v -4.4 1.7 -3.4
v -4.4 1.8 -1.1
v -4.4 1.8 -1.3
v -4.4 1.8 -3.2
v -4.4 1.8 -3.4
v -4.4 1.9 -1.1
v -4.4 1.9 -1.3
v -4.3 0.9 0.5
v -4.3 0.9 0.3
v -4.3 0.9 -1.9
v -4.3 0.9 -2.1
v -4.3 1 0.5
v -4.3 1 0.3
v -4.3 1 -1.8
v -4.3 1 -1.9
v -4.3 1 -2.1
v -4.3 1 -2.2
v -4.3 1.1 -1.7
v -4.3 1.1 -1.8
v -4.3 1.1 -2.2
v -4.3 1.1 -2.3
v -4.3 1.1 -2.6
v -4.3 1.1 -2.8
v -4.3 1.2 -0.2
v -4.3 1.2 -0.4
v -4.3 1.2 -1.6
v -4.3 1.2 -1.7
v -4.3 1.2 -1.8
v -4.3 1.2 -1.9
v -4.3 1.2 -2.1
v -4.3 1.2 -2.2
v -4.3 1.2 -2.3
v -4.3 1.2 -2.4
v -4.3 1.2 -2.6
v -4.3 1.2 -2.8
v -4.3 1.3 -0.2
v -4.3 1.3 -0.4
v -4.3 1.3 -1.5
v -4.3 1.3 -1.6
v -4.3 1.3 -1.7
v -4.3 1.3 -1.8
v -4.3 1.3 -1.9
v -4.3 1.3 -2.1
v -4.3 1.3 -2.2
v -4.3 1.3 -2.3
v -4.3 1.3 -2.4
v -4.3 1.3 -2.5
v -4.3 1.4 -0.8
v -4.3 1.4 -1
v -4.3 1.4 -1.4
v -4.3 1.4 -1.5
v -4.3 1.4 -1.6
v -4.3 1.4 -1.7
v -4.3 1.4 -2.3
v -4.3 1.4 -2.4
v -4.3 1.4 -2.5
v -4.3 1.4 -2.6
v -4.3 1.4 -3
v -4.3 1.4 -3.2
v -4.3 1.4 -4.2
v -4.3 1.4 -4.4
v -4.3 1.5 -0.8
v -4.3 1.5 -0.9
v -4.3 1.5 -1
v -4.3 1.5 -1.1
v -4.3 1.5 -1.3
v -4.3 1.5 -1.4
v -4.3 1.5 -1.5
v -4.3 1.5 -1.6
v -4.3 1.5 -2.4
v -4.3 1.5 -2.5
v -4.3 1.5 -2.6
v -4.3 1.5 -2.7
v -4.3 1.5 -2.9
v -4.3 1.5 -3
v -4.3 1.5 -3.1
v -4.3 1.5 -3.2
v -4.3 1.5 -4.2
v -4.3 1.5 -4.4
v -4.3 1.6 -0.9
v -4.3 1.6 -1
v -4.3 1.6 -1.1
v -4.3 1.6 -1.3
v -4.3 1.6 -1.4
v -4.3 1.6 -1.5
v -4.3 1.6 -2.5
v -4.3 1.6 -2.6
v -4.3 1.6 -2.7
v -4.3 1.6 -2.9
v -4.3 1.6 -3
v -4.3 1.6 -3.1
v -4.3 1.7 -1
v -4.3 1.7 -1.1
v -4.3 1.7 -1.3
v -4.3 1.7 -1.4
v -4.3 1.7 -2.6
v -4.3 1.7 -2.7
v -4.3 1.7 -2.9
v -4.3 1.7 -3
v -4.3 1.8 -1.1
v -4.3 1.8 -1.3
v -4.3 1.8 -2.7
v -4.3 1.8 -2.9
v -4.3 1.8 -3.1
v -4.3 1.8 -3.2
v -4.3 1.8 -3.3
v -4.3 1.9 -1.1
v -4.3 1.9 -1.3
v -4.3 1.9 -3
v -4.3 1.9 -3.1
v -4.3 1.9 -3.2
v -4.3 1.9 -3.3
v -4.3 2 -1.1
v -4.3 2 -1.2
v -4.3 2 -1.3
v -4.3 2 -3
v -4.3 2 -3.2
v -4.3 2.1 -1.2
v -4.3 2.1 -1.3
v -4.2 1 -2.6
v -4.2 1 -2.8
v -4.2 1.1 -2.6
v -4.2 1.1 -2.8
v -4.2 1.2 -1.1
v -4.2 1.2 -1.3
v -4.2 1.2 -4.2
v -4.2 1.2 -4.4
v -4.2 1.3 -0.2
v -4.2 1.3 -0.4
v -4.2 1.3 -1.1
v -4.2 1.3 -1.3
v -4.2 1.3 -4.2
v -4.2 1.3 -4.4
v -4.2 1.4 -0.2
v -4.2 1.4 -0.4
v -4.2 2.5 -1.1
v -4.2 2.5 -1.3
v -4.2 2.6 -1.1
v -4.2 2.6 -1.3
v -4.1 1 -3.4
v -4.1 1 -3.6
v -4.1 1.1 -1.1
v -4.1 1.1 -1.3
v -4.1 1.1 -3.4
v -4.1 1.1 -3.6
v -4.1 1.1 -4.2
v -4.1 1.1 -4.4
v -4.1 1.2 0.8
v -4.1 1.2 0.6
v -4.1 1.2 -1.1
v -4.1 1.2 -1.3
v -4.1 1.2 -4.2
v -4.1 1.2 -4.4
v -4.1 1.3 0.8
v -4.1 1.3 0.6
v -4.1 1.3 -1.8
v -4.1 1.3 -1.9
v -4.1 1.3 -2.1
v -4.1 1.3 -2.2
v -4.1 1.4 -1.8
v -4.1 1.4 -1.9
v -4.1 1.4 -2.1
v -4.1 1.4 -2.2
v -4.1 1.8 -1.1
v -4.1 1.8 -1.3
v -4.1 1.9 -1.1
v -4.1 1.9 -1.3
v -4.1 2.4 -1.1
v -4.1 2.4 -1.3
v -4.1 2.5 -1.1
v -4.1 2.5 -1.3
v -4 0.9 -2.8
v -4 0.9 -3
v -4 1 -1.1
v -4 1 -1.3
v -4 1 -2.8
v -4 1 -3
v -4 1 -4.2
v -4 1 -4.4
v -4 1.1 0.8
v -4 1.1 0.6
v -4 1.1 -1.1
v -4 1.1 -1.3
v -4 1.1 -3.4
v -4 1.1 -3.6
v -4 1.1 -4.2
v -4 1.1 -4.4
v -4 1.2 0.8
v -4 1.2 0.6
v -4 1.2 -1.9
v -4 1.2 -2.1
v -4 1.2 -3.4
v -4 1.2 -3.6
v -4 1.3 -1.9
v -4 1.3 -2.1
v -4 1.4 -1.7
v -4 1.4 -1.8
v -4 1.4 -2.2
v -4 1.4 -2.3
v -4 1.5 -1.7
v -4 1.5 -1.8
v -4 1.5 -2.2
v -4 1.5 -2.3
v -4 1.7 -1.1
v -4 1.7 -1.3
v -4 1.8 -1.1
v -4 1.8 -1.3
v -4 2.3 -1.1
v -4 2.3 -1.3
v -4 2.4 -1.1
v -4 2.4 -1.3
v -3.9 0.9 -1.1
v -3.9 0.9 -1.3
v -3.9 0.9 -4.2
v -3.9 0.9 -4.4
v -3.9 1 0.8
v -3.9 1 0.6
v -3.9 1 -1
v -3.9 1 -1.1
v -3.9 1 -1.3
v -3.9 1 -1.4
v -3.9 1 -3.4
v -3.9 1 -3.6
v -3.9 1 -4.1
v -3.9 1 -4.2
v -3.9 1 -4.4
v -3.9 1 -4.5
v -3.9 1.1 0.8
v -3.9 1.1 0.6
v -3.9 1.1 -0.9
v -3.9 1.1 -1
v -3.9 1.1 -1.4
v -3.9 1.1 -1.5
v -3.9 1.1 -3.4
v -3.9 1.1 -3.6
v -3.9 1.1 -4
v -3.9 1.1 -4.1
v -3.9 1.1 -4.5
v -3.9 1.1 -4.6
v -3.9 1.2 -0.8
v -3.9 1.2 -0.9
v -3.9 1.2 -1
v -3.9 1.2 -1.1
v -3.9 1.2 -1.3
v -3.9 1.2 -1.4
v -3.9 1.2 -1.5
v -3.9 1.2 -1.6
v -3.9 1.2 -3.9
v -3.9 1.2 -4
v -3.9 1.2 -4.1
v -3.9 1.2 -4.2
v -3.9 1.2 -4.4
v -3.9 1.2 -4.5
v -3.9 1.2 -4.6
v -3.9 1.2 -4.7
v -3.9 1.3 -0.8
v -3.9 1.3 -1
v -3.9 1.3 -1.4
v -3.9 1.3 -1.6
v -3.9 1.3 -1.7
v -3.9 1.3 -1.9
v -3.9 1.3 -2.1
v -3.9 1.3 -2.3
v -3.9 1.3 -2.4
v -3.9 1.3 -3.9
v -3.9 1.3 -4.1
v -3.9 1.3 -4.5
v -3.9 1.3 -4.7
v -3.9 1.4 -1.6
v -3.9 1.4 -1.7
v -3.9 1.4 -1.9
v -3.9 1.4 -2.1
v -3.9 1.4 -2.3
v -3.9 1.4 -2.4
v -3.9 1.7 -1
v -3.9 1.7 -1.1
v -3.9 1.7 -1.3
v -3.9 1.7 -1.4
v -3.9 1.8 -0.6
v -3.9 1.8 -0.8
v -3.9 1.8 -0.9
v -3.9 1.8 -1
v -3.9 1.8 -1.4
v -3.9 1.8 -1.5
v -3.9 1.8 -1.6
v -3.9 1.8 -1.8
v -3.9 1.9 -0.6
v -3.9 1.9 -0.7
v -3.9 1.9 -0.8
v -3.9 1.9 -0.9
v -3.9 1.9 -1
v -3.9 1.9 -1.1
v -3.9 1.9 -1.3
v -3.9 1.9 -1.4
v -3.9 1.9 -1.5
v -3.9 1.9 -1.6
v -3.9 1.9 -1.7
v -3.9 1.9 -1.8
v -3.9 2 -0.7
v -3.9 2 -1
v -3.9 2 -1.4
v -3.9 2 -1.7
v -3.9 2 -1.8
v -3.9 2.3 -1
v -3.9 2.3 -1.1
v -3.9 2.3 -1.3
v -3.9 2.3 -1.4
v -3.9 2.4 -0.9
v -3.9 2.4 -1
v -3.9 2.4 -1.4
v -3.9 2.4 -1.5
v -3.9 2.5 -0.7
v -3.9 2.5 -0.8
v -3.9 2.5 -0.9
v -3.9 2.5 -1
v -3.9 2.5 -1.1
v -3.9 2.5 -1.3
v -3.9 2.5 -1.4
v -3.9 2.5 -1.5
v -3.9 2.5 -1.6
v -3.9 2.6 -0.7
v -3.9 2.6 -0.8
v -3.9 2.6 -1
v -3.9 2.6 -1.4
v -3.9 2.6 -1.5
v -3.9 2.6 -1.6
v -3.9 2.7 -1.4
v -3.9 2.7 -1.5
v -3.8 0.9 0.8
v -3.8 0.9 0.6
v -3.8 0.9 -0.5
v -3.8 0.9 -0.7
v -3.8 0.9 -3.4
v -3.8 0.9 -3.6
v -3.8 1 0.9
v -3.8 1 0.8
v -3.8 1 0.6
v -3.8 1 0.5
v -3.8 1 -0.5
v -3.8 1 -0.7
v -3.8 1 -3.1
v -3.8 1 -3.2
v -3.8 1 -3.3
v -3.8 1 -3.4
v -3.8 1 -3.6
v -3.8 1 -3.7
v -3.8 1 -3.8
v -3.8 1 -3.9
v -3.8 1.1 1
v -3.8 1.1 0.9
v -3.8 1.1 0.5
v -3.8 1.1 0.4
v -3.8 1.1 -3.1
v -3.8 1.1 -3.2
v -3.8 1.1 -3.3
v -3.8 1.1 -3.4
v -3.8 1.1 -3.6
v -3.8 1.1 -3.7
v -3.8 1.1 -3.8
v -3.8 1.1 -3.9
v -3.8 1.2 1.1
v -3.8 1.2 1
v -3.8 1.2 0.9
v -3.8 1.2 0.8
v -3.8 1.2 0.6
v -3.8 1.2 0.5
v -3.8 1.2 0.4
v -3.8 1.2 0.3
v -3.8 1.2 -0.7
v -3.8 1.2 -0.8
v -3.8 1.2 -3.2
v -3.8 1.2 -3.3
v -3.8 1.2 -3.7
v -3.8 1.2 -3.8
v -3.8 1.3 1.1
v -3.8 1.3 0.9
v -3.8 1.3 0.5
v -3.8 1.3 0.3
v -3.8 1.3 -0.6
v -3.8 1.3 -0.7
v -3.8 1.3 -0.8
v -3.8 1.4 -0.6
v -3.8 1.4 -0.8
v -3.8 1.4 -1.9
v -3.8 1.4 -2.1
v -3.8 1.5 -1.9
v -3.8 1.5 -2.1
v -3.8 2 -1.5
v -3.8 2 -1.6
v -3.8 2.1 -1.5
v -3.8 2.1 -1.6
v -3.8 2.6 -1.5
v -3.8 2.6 -1.6
v -3.8 2.7 -1.5
v -3.8 2.7 -1.6
v -3.7 1.1 -4.2
v -3.7 1.1 -4.4
v -3.7 1.2 -2.3
v -3.7 1.2 -2.5
v -3.7 1.2 -4.2
v -3.7 1.2 -4.4
v -3.7 1.3 -2.3
v -3.7 1.3 -2.5
v -3.7 1.5 -1.9
v -3.7 1.5 -2.1
v -3.7 1.6 -1.9
v -3.7 1.6 -2.1
v -3.7 2.4 -1.1
v -3.7 2.4 -1.3
v -3.7 2.5 -1.1
v -3.7 2.5 -1.3
v -3.6 1 -3.4
v -3.6 1 -3.6
v -3.6 1.1 0.8
v -3.6 1.1 0.6
v -3.6 1.1 -2.3
v -3.6 1.1 -2.5
v -3.6 1.1 -3.4
v -3.6 1.1 -3.6
v -3.6 1.2 0.8
v -3.6 1.2 0.6
v -3.6 1.2 -1.1
v -3.6 1.2 -1.3
v -3.6 1.2 -2.3
v -3.6 1.2 -2.5
v -3.6 1.2 -4.2
v -3.6 1.2 -4.4
v -3.6 1.3 -1.1
v -3.6 1.3 -1.2
v -3.6 1.3 -1.3
v -3.6 1.3 -3.1
v -3.6 1.3 -3.2
v -3.6 1.3 -4.2
v -3.6 1.3 -4.4
v -3.6 1.4 -1.2
v -3.6 1.4 -1.3
v -3.6 1.4 -3.1
v -3.6 1.4 -3.2
v -3.6 1.6 -1.9
v -3.6 1.6 -2.1
v -3.6 1.6 -4.7
v -3.6 1.6 -4.8
v -3.6 1.7 -1.9
v -3.6 1.7 -2.1
v -3.6 1.7 -4.7
v -3.6 1.7 -4.8
v -3.6 1.9 -1.1
v -3.6 1.9 -1.3
v -3.6 2 -1.1
v -3.6 2 -1.3
v -3.6 2.5 -1.1
v -3.6 2.5 -1.3
v -3.6 2.6 -1.1
v -3.6 2.6 -1.3
v -3.5 0.9 -1.7
v -3.5 0.9 -1.8
v -3.5 1 -1.7
v -3.5 1 -1.8
v -3.5 1 -2.3
v -3.5 1 -2.5
v -3.5 1.1 -2.3
v -3.5 1.1 -2.5
v -3.5 1.1 -3.4
v -3.5 1.1 -3.6
v -3.5 1.2 0.8
v -3.5 1.2 0.6
v -3.5 1.2 -3.4
v -3.5 1.2 -3.6
v -3.5 1.3 0.8
v -3.5 1.3 0.6
v -3.5 1.3 -1.1
v -3.5 1.3 -1.2
v -3.5 1.3 -3.2
v -3.5 1.3 -3.3
v -3.5 1.4 -1.1
v -3.5 1.4 -1.2
v -3.5 1.4 -3.2
v -3.5 1.4 -3.3
v -3.5 1.5 -3.2
v -3.5 1.5 -3.3
v -3.5 1.5 -4.7
v -3.5 1.5 -4.9
v -3.5 1.6 -4.7
v -3.5 1.6 -4.8
v -3.5 1.6 -4.9
v -3.5 1.7 -1.9
v -3.5 1.7 -2.1
v -3.5 1.8 -1.9
v -3.5 1.8 -2.1
v -3.4 0.9 0.9
v -3.4 0.9 0.7
v -3.4 0.9 -0.6
v -3.4 0.9 -1.1
v -3.4 0.9 -1.6
v -3.4 0.9 -1.7
v -3.4 0.9 -2.3
v -3.4 0.9 -2.5
v -3.4 0.9 -4.6
v -3.4 0.9 -4.7
v -3.4 1 0.9
v -3.4 1 0.7
v -3.4 1 -0.6
v -3.4 1 -1.1
v -3.4 1 -1.6
v -3.4 1 -1.7
v -3.4 1 -2.2
v -3.4 1 -2.3
v -3.4 1 -2.5
v -3.4 1 -2.6
v -3.4 1 -3.4
v -3.4 1 -3.6
v -3.4 1 -4.6
v -3.4 1 -4.7
v -3.4 1.1 -2.1
v -3.4 1.1 -2.2
v -3.4 1.1 -2.6
v -3.4 1.1 -2.7
v -3.4 1.1 -3.4
v -3.4 1.1 -3.6
v -3.4 1.2 -2
v -3.4 1.2 -2.1
v -3.4 1.2 -2.2
v -3.4 1.2 -2.3
v -3.4 1.2 -2.5
v -3.4 1.2 -2.6
v -3.4 1.2 -2.7
v -3.4 1.2 -2.8
v -3.4 1.2 -3.1
v -3.4 1.2 -3.3
v -3.4 1.3 -2
v -3.4 1.3 -2.2
v -3.4 1.3 -2.6
v -3.4 1.3 -2.8
v -3.4 1.3 -3.1
v -3.4 1.3 -3.3
v -3.4 1.4 -4.8
v -3.4 1.4 -4.9
v -3.4 1.5 -4.8
v -3.4 1.5 -4.9
v -3.4 1.8 -1.1
v -3.4 1.8 -1.3
v -3.4 1.9 -1.1
v -3.4 1.9 -1.3
v -3.4 3.1 -1.4
v -3.4 3.1 -1.5
v -3.4 3.3 -1.4
v -3.4 3.3 -1.5
v -3.3 0.9 -0.5
v -3.3 0.9 -0.6
v -3.3 0.9 -1.1
v -3.3 0.9 -1.2
v -3.3 1 0.2
v -3.3 1 1.19209e-07
v -3.3 1 -0.5
v -3.3 1 -0.6
v -3.3 1 -0.7
v -3.3 1 -0.8
v -3.3 1 -1.1
v -3.3 1 -1.2
v -3.3 1.1 0.2
v -3.3 1.1 1.19209e-07
v -3.3 1.1 -0.7
v -3.3 1.1 -0.8
v -3.3 1.1 -3.1
v -3.3 1.1 -3.3
v -3.3 1.2 -3.1
v -3.3 1.2 -3.3
v -3.3 1.3 -4.8
v -3.3 1.3 -4.9
v -3.3 1.4 -4.8
v -3.3 1.4 -4.9
v -3.3 1.5 -1.9
v -3.3 1.5 -2.1
v -3.3 1.6 -1.9
v -3.3 1.6 -2
v -3.3 1.6 -2.1
v -3.3 1.7 -1.2
v -3.3 1.7 -1.3
v -3.3 1.8 -1.2
v -3.3 1.8 -1.3
v -3.3 2.2 -1.3
v -3.3 2.2 -1.4
v -3.3 2.2 -1.5
v -3.3 2.3 -1.3
v -3.3 2.3 -1.4
v -3.3 2.4 -1.4
v -3.3 2.4 -1.5
v -3.3 3.1 -1.3
v -3.3 3.1 -1.4
v -3.3 3.1 -1.5
v -3.3 3.1 -1.6
v -3.3 3.3 -1.4
v -3.3 3.3 -1.5
v -3.3 3.3 -1.6
v -3.3 3.4 -1.3
v -3.3 3.4 -1.5
v -3.2 0.9 1
v -3.2 0.9 0.9
v -3.2 1 1
v -3.2 1 0.9
v -3.2 1 -3.1
v -3.2 1 -3.3
v -3.2 1.1 0.2
v -3.2 1.1 1.19209e-07
v -3.2 1.1 -2.3
v -3.2 1.1 -2.5
v -3.2 1.1 -3.1
v -3.2 1.1 -3.3
v -3.2 1.2 0.2
v -3.2 1.2 1.19209e-07
v -3.2 1.2 -2.3
v -3.2 1.2 -2.5
v -3.2 1.2 -4.8
v -3.2 1.2 -4.9
v -3.2 1.3 -4.8
v -3.2 1.3 -4.9
v -3.2 1.4 -1.9
v -3.2 1.4 -2.1
v -3.2 1.5 -1.9
v -3.2 1.5 -2.1
v -3.2 2.1 -1.4
v -3.2 2.1 -1.5
v -3.2 2.2 -1.4
v -3.2 2.2 -1.5
v -3.2 2.3 -1.3
v -3.2 2.3 -1.4
v -3.2 2.4 -1.3
v -3.2 2.4 -1.4
v -3.1 0.9 -3.1
v -3.1 0.9 -3.3
v -3.1 1 0.2
v -3.1 1 1.19209e-07
v -3.1 1 -3
v -3.1 1 -3.1
v -3.1 1 -3.3
v -3.1 1 -3.4
v -3.1 1.1 0.2
v -3.1 1.1 1.19209e-07
v -3.1 1.1 -2.9
v -3.1 1.1 -3
v -3.1 1.1 -3.4
v -3.1 1.1 -3.5
v -3.1 1.2 -2.3
v -3.1 1.2 -2.5
v -3.1 1.2 -2.8
v -3.1 1.2 -2.9
v -3.1 1.2 -3
v -3.1 1.2 -3.1
v -3.1 1.2 -3.3
v -3.1 1.2 -3.4
v -3.1 1.2 -3.5
v -3.1 1.2 -3.6
v -3.1 1.2 -4.9
v -3.1 1.2 -5
v -3.1 1.3 -2.3
v -3.1 1.3 -2.5
v -3.1 1.3 -2.6
v -3.1 1.3 -2.7
v -3.1 1.3 -2.8
v -3.1 1.3 -2.9
v -3.1 1.3 -3
v -3.1 1.3 -3.4
v -3.1 1.3 -3.5
v -3.1 1.3 -3.6
v -3.1 1.3 -3.7
v -3.1 1.3 -3.8
v -3.1 1.3 -5
v -3.1 1.3 -5.1
v -3.1 1.4 0.1
v -3.1 1.4 -0.0999998
v -3.1 1.4 -2.6
v -3.1 1.4 -2.7
v -3.1 1.4 -2.8
v -3.1 1.4 -2.9
v -3.1 1.4 -3.5
v -3.1 1.4 -3.6
v -3.1 1.4 -3.7
v -3.1 1.4 -3.8
v -3.1 1.4 -4.9
v -3.1 1.4 -5
v -3.1 1.4 -5.1
v -3.1 1.4 -5.2
v -3.1 1.5 0.1
v -3.1 1.5 -0.0999998
v -3.1 1.5 -2.7
v -3.1 1.5 -2.8
v -3.1 1.5 -3.6
v -3.1 1.5 -3.7
v -3.1 1.5 -5
v -3.1 1.5 -5.2
v -3.1 2.1 -1.3
v -3.1 2.1 -1.4
v -3.1 2.2 -1.3
v -3.1 2.2 -1.4
v -3.1 3 -1.3
v -3.1 3 -1.5
v -3.1 3.1 -1.3
v -3.1 3.1 -1.5
v -3 0.9 0.2
v -3 0.9 1.19209e-07
v -3 0.9 -1.4
v -3 0.9 -1.6
v -3 0.9 -2.8
v -3 0.9 -2.9
v -3 0.9 -4.1
v -3 0.9 -4.2
v -3 0.9 -4.8
v -3 0.9 -4.9
v -3 1 0.5
v -3 1 0.4
v -3 1 0.3
v -3 1 0.2
v -3 1 1.19209e-07
v -3 1 -0.0999998
v -3 1 -0.2
v -3 1 -0.3
v -3 1 -1.4
v -3 1 -1.6
v -3 1 -2.8
v -3 1 -2.9
v -3 1 -4.1
v -3 1 -4.2
v -3 1.1 0.5
v -3 1.1 0.4
v -3 1.1 0.3
v -3 1.1 0.2
v -3 1.1 1.19209e-07
v -3 1.1 -0.0999998
v -3 1.1 -0.2
v -3 1.1 -0.3
v -3 1.2 0.4
v -3 1.2 0.3
v -3 1.2 -0.0999998
v -3 1.2 -0.2
v -3 1.2 -4.6
v -3 1.2 -4.8
v -3 1.2 -4.9
v -3 1.3 -4.5
v -3 1.3 -4.6
v -3 1.3 -4.7
v -3 1.3 -4.8
v -3 1.3 -4.9
v -3 1.4 -4.4
v -3 1.4 -4.5
v -3 1.4 -4.6
v -3 1.4 -4.7
v -3 1.4 -4.9
v -3 1.4 -5.2
v -3 1.4 -5.3
v -3 1.5 0.1
v -3 1.5 -0.0999998
v -3 1.5 -4.4
v -3 1.5 -4.6
v -3 1.5 -4.8
v -3 1.5 -4.9
v -3 1.5 -5.2
v -3 1.5 -5.3
v -3 1.5 -5.4
v -3 1.6 0.1
v -3 1.6 -0.0999998
v -3 1.6 -5.2
v -3 1.6 -5.4
v -3 2 -1.2
v -3 2 -1.3
v -3 2 -1.5
v -3 2.1 -1.3
v -3 2.1 -1.5
v -3 2.2 -1.2
v -3 2.2 -1.3
v -3 2.9 -1.3
v -3 2.9 -1.5
v -3 3 -1.3
v -3 3 -1.5
v -2.9 0.9 -2.9
v -2.9 0.9 -3
v -2.9 1 -2.9
v -2.9 1 -3
v -2.9 1.1 -3.1
v -2.9 1.1 -3.3
v -2.9 1.2 -3.1
v -2.9 1.2 -3.3
v -2.9 1.5 -4.3
v -2.9 1.5 -4.4
v -2.9 1.5 -4.5
v -2.9 1.5 -4.8
v -2.9 1.5 -4.9
v -2.9 1.6 0.1
v -2.9 1.6 -0.0999998
v -2.9 1.6 -4.3
v -2.9 1.6 -4.5
v -2.9 1.6 -4.8
v -2.9 1.6 -4.9
v -2.9 1.7 0.1
v -2.9 1.7 -0.0999998
v -2.9 1.9 -1.2
v -2.9 1.9 -1.3
v -2.9 1.9 -1.5
v -2.9 2 -1.2
v -2.9 2 -1.3
v -2.9 2 -1.5
v -2.9 2.8 -1.3
v -2.9 2.8 -1.5
v -2.9 2.9 -1.3
v -2.9 2.9 -1.5
v -2.8 0.9 1
v -2.8 0.9 0.7
v -2.8 1 1
v -2.8 1 0.7
v -2.8 1 0.2
v -2.8 1 1.19209e-07
v -2.8 1.1 0.2
v -2.8 1.1 1.19209e-07
v -2.8 1.2 -3.1
v -2.8 1.2 -3.3
v -2.8 1.3 -3.1
v -2.8 1.3 -3.3
v -2.8 1.6 -4.8
v -2.8 1.6 -4.9
v -2.8 1.7 0.1
v -2.8 1.7 1.19209e-07
v -2.8 1.7 -0.0999998
v -2.8 1.7 -4.8
v -2.8 1.7 -4.9
v -2.8 1.8 0.1
v -2.8 1.8 1.19209e-07
v -2.8 1.8 -0.0999998
v -2.8 1.8 -1.3
v -2.8 1.8 -1.5
v -2.8 1.9 -1
v -2.8 1.9 -1.1
v -2.8 1.9 -1.3
v -2.8 1.9 -1.5
v -2.8 1.9 -1.7
v -2.8 1.9 -1.8
v -2.8 2 -1
v -2.8 2 -1.1
v -2.8 2 -1.7
v -2.8 2 -1.8
v -2.8 2.7 -1.3
v -2.8 2.7 -1.5
v -2.8 2.8 -1
v -2.8 2.8 -1.1
v -2.8 2.8 -1.3
v -2.8 2.8 -1.5
v -2.8 2.8 -1.7
v -2.8 2.8 -1.8
v -2.8 2.9 -1
v -2.8 2.9 -1.1
v -2.8 2.9 -1.7
v -2.8 2.9 -1.8
v -2.7 1.1 0.2
v -2.7 1.1 1.19209e-07
v -2.7 1.1 -4.8
v -2.7 1.1 -4.9
v -2.7 1.2 0.2
v -2.7 1.2 1.19209e-07
v -2.7 1.2 -4.8
v -2.7 1.2 -4.9
v -2.7 1.3 -2
v -2.7 1.3 -2.2
v -2.7 1.3 -3.1
v -2.7 1.3 -3.3
v -2.7 1.3 -4.2
v -2.7 1.3 -4.4
v -2.7 1.4 -2
v -2.7 1.4 -2.2
v -2.7 1.4 -3.1
v -2.7 1.4 -3.3
v -2.7 1.4 -4.2
v -2.7 1.4 -4.4
v -2.7 1.7 -1.3
v -2.7 1.7 -1.5
v -2.7 1.7 -4.7
v -2.7 1.7 -4.8
v -2.7 1.7 -4.9
v -2.7 1.8 -1.3
v -2.7 1.8 -1.5
v -2.7 1.8 -4.7
v -2.7 1.8 -4.9
v -2.7 2 -1.1
v -2.7 2 -1.2
v -2.7 2 -1.6
v -2.7 2 -1.7
v -2.7 2.1 -1.1
v -2.7 2.1 -1.2
v -2.7 2.1 -1.6
v -2.7 2.1 -1.7
v -2.7 2.6 -1.3
v -2.7 2.6 -1.5
v -2.7 2.7 -1.3
v -2.7 2.7 -1.5
v -2.7 2.9 -1.1
v -2.7 2.9 -1.2
v -2.7 2.9 -1.6
v -2.7 2.9 -1.7
v -2.7 3 -1.1
v -2.7 3 -1.2
v -2.7 3 -1.6
v -2.7 3 -1.7
v -2.6 0.9 0.9
v -2.6 0.9 0.8
v -2.6 1 0.9
v -2.6 1 0.8
v -2.6 1 0.2
v -2.6 1 1.19209e-07
v -2.6 1.1 0.2
v -2.6 1.1 1.19209e-07
v -2.6 1.2 -2
v -2.6 1.2 -2.2
v -2.6 1.2 -4.2
v -2.6 1.2 -4.4
v -2.6 1.3 -2
v -2.6 1.3 -2.2
v -2.6 1.3 -4.2
v -2.6 1.3 -4.4
v -2.6 1.4 -3.1
v -2.6 1.4 -3.3
v -2.6 1.4 -3.5
v -2.6 1.4 -3.7
v -2.6 1.5 0.1
v -2.6 1.5 -0.0999998
v -2.6 1.5 -3.1
v -2.6 1.5 -3.3
v -2.6 1.5 -3.5
v -2.6 1.5 -3.7
v -2.6 1.6 0.1
v -2.6 1.6 -0.0999998
v -2.6 1.6 -1.3
v -2.6 1.6 -1.5
v -2.6 1.7 -1.3
v -2.6 1.7 -1.5
v -2.6 1.8 -4.6
v -2.6 1.8 -4.7
v -2.6 1.8 -4.8
v -2.6 1.9 -1.2
v -2.6 1.9 -1.3
v -2.6 1.9 -1.5
v -2.6 1.9 -1.6
v -2.6 1.9 -4.5
v -2.6 1.9 -4.6
v -2.6 1.9 -4.7
v -2.6 1.9 -4.8
v -2.6 2 -1.2
v -2.6 2 -1.3
v -2.6 2 -1.5
v -2.6 2 -1.6
v -2.6 2 -4.5
v -2.6 2 -4.7
v -2.6 2.1 -0.7
v -2.6 2.1 -0.8
v -2.6 2.2 -0.4
v -2.6 2.2 -0.7
v -2.6 2.2 -0.8
v -2.6 2.2 -3.5
v -2.6 2.2 -3.7
v -2.6 2.3 -0.4
v -2.6 2.3 -0.7
v -2.6 2.3 -3.5
v -2.6 2.3 -3.7
v -2.6 2.5 -1.3
v -2.6 2.5 -1.5
v -2.6 2.6 -1.3
v -2.6 2.6 -1.5
v -2.6 2.8 -1.2
v -2.6 2.8 -1.3
v -2.6 2.8 -1.5
v -2.6 2.8 -1.6
v -2.6 2.9 -1.2
v -2.6 2.9 -1.3
v -2.6 2.9 -1.5
v -2.6 2.9 -1.6
v -2.6 3.1 -2.2
v -2.6 3.1 -2.3
v -2.6 3.1 -3.5
v -2.6 3.1 -3.6
v -2.6 3.1 -3.7
v -2.6 3.2 -3.5
v -2.6 3.2 -3.6
v -2.6 3.2 -3.7
v -2.6 3.3 -2.2
v -2.6 3.3 -2.3
v -2.6 3.5 -1.4
v -2.6 3.5 -1.5
v -2.6 3.6 -1.3
v -2.6 3.6 -1.4
v -2.6 3.7 -1.3
v -2.6 3.7 -1.5
v -2.6 4 -3.5
v -2.6 4 -3.7
v -2.6 4.1 -3.5
v -2.6 4.1 -3.7
v -2.5 0.9 0.8
v -2.5 0.9 0.7
v -2.5 0.9 -1.3
v -2.5 0.9 -1.5
v -2.5 1 0.8
v -2.5 1 0.7
v -2.5 1.1 -2
v -2.5 1.1 -2.2
v -2.5 1.1 -4.2
v -2.5 1.1 -4.4
v -2.5 1.2 -2
v -2.5 1.2 -2.2
v -2.5 1.2 -4.2
v -2.5 1.2 -4.4
v -2.5 1.4 0.1
v -2.5 1.4 -0.0999998
v -2.5 1.5 0.1
v -2.5 1.5 -0.0999998
v -2.5 1.5 -3.5
v -2.5 1.5 -3.6
v -2.5 1.5 -3.7
v -2.5 1.6 -1.2
v -2.5 1.6 -1.3
v -2.5 1.6 -1.5
v -2.5 1.6 -1.6
v -2.5 1.6 -3.5
v -2.5 1.6 -3.6
v -2.5 1.6 -3.7
v -2.5 1.7 -1.1
v -2.5 1.7 -1.2
v -2.5 1.7 -1.6
v -2.5 1.7 -1.7
v -2.5 1.8 -1
v -2.5 1.8 -1.1
v -2.5 1.8 -1.2
v -2.5 1.8 -1.3
v -2.5 1.8 -1.5
v -2.5 1.8 -1.6
v -2.5 1.8 -1.7
v -2.5 1.8 -1.8
v -2.5 1.9 -0.9
v -2.5 1.9 -1
v -2.5 1.9 -1.1
v -2.5 1.9 -1.2
v -2.5 1.9 -1.3
v -2.5 1.9 -1.5
v -2.5 1.9 -1.6
v -2.5 1.9 -1.7
v -2.5 1.9 -1.8
v -2.5 1.9 -1.9
v -2.5 2 -0.3
v -2.5 2 -0.4
v -2.5 2 -0.8
v -2.5 2 -0.9
v -2.5 2 -1
v -2.5 2 -1.1
v -2.5 2 -1.3
v -2.5 2 -1.5
v -2.5 2 -1.7
v -2.5 2 -1.8
v -2.5 2 -1.9
v -2.5 2 -2
v -2.5 2.1 -0.4
v -2.5 2.1 -0.7
v -2.5 2.1 -0.8
v -2.5 2.1 -0.9
v -2.5 2.1 -1
v -2.5 2.1 -1.8
v -2.5 2.1 -1.9
v -2.5 2.1 -2
v -2.5 2.1 -2.1
v -2.5 2.2 -0.4
v -2.5 2.2 -0.7
v -2.5 2.2 -0.8
v -2.5 2.2 -0.9
v -2.5 2.2 -1.9
v -2.5 2.2 -2
v -2.5 2.2 -2.1
v -2.5 2.2 -2.3
v -2.5 2.2 -2.4
v -2.5 2.3 -0.3
v -2.5 2.3 -0.4
v -2.5 2.3 -0.5
v -2.5 2.3 -0.7
v -2.5 2.3 -0.8
v -2.5 2.3 -2
v -2.5 2.3 -2.1
v -2.5 2.3 -2.3
v -2.5 2.3 -2.4
v -2.5 2.3 -3.5
v -2.5 2.3 -3.7
v -2.5 2.4 -0.4
v -2.5 2.4 -0.5
v -2.5 2.4 -0.7
v -2.5 2.4 -2.1
v -2.5 2.4 -2.2
v -2.5 2.4 -2.3
v -2.5 2.4 -3.5
v -2.5 2.4 -3.7
v -2.5 2.5 -0.5
v -2.5 2.5 -0.7
v -2.5 2.5 -1.2
v -2.5 2.5 -1.3
v -2.5 2.5 -1.5
v -2.5 2.5 -1.6
v -2.5 2.5 -2.1
v -2.5 2.5 -2.2
v -2.5 2.6 -1.1
v -2.5 2.6 -1.2
v -2.5 2.6 -1.6
v -2.5 2.6 -1.7
v -2.5 2.7 -1
v -2.5 2.7 -1.1
v -2.5 2.7 -1.2
v -2.5 2.7 -1.3
v -2.5 2.7 -1.5
v -2.5 2.7 -1.6
v -2.5 2.7 -1.7
v -2.5 2.7 -1.8
v -2.5 2.8 -0.9
v -2.5 2.8 -1
v -2.5 2.8 -1.1
v -2.5 2.8 -1.2
v -2.5 2.8 -1.3
v -2.5 2.8 -1.5
v -2.5 2.8 -1.6
v -2.5 2.8 -1.7
v -2.5 2.8 -1.8
v -2.5 2.8 -1.9
v -2.5 2.9 -0.8
v -2.5 2.9 -0.9
v -2.5 2.9 -1
v -2.5 2.9 -1.1
v -2.5 2.9 -1.3
v -2.5 2.9 -1.5
v -2.5 2.9 -1.7
v -2.5 2.9 -1.8
v -2.5 2.9 -1.9
v -2.5 2.9 -2
v -2.5 3 -0.7
v -2.5 3 -0.8
v -2.5 3 -0.9
v -2.5 3 -1
v -2.5 3 -1.8
v -2.5 3 -1.9
v -2.5 3 -2
v -2.5 3 -2.1
v -2.5 3.1 -0.3
v -2.5 3.1 -0.4
v -2.5 3.1 -0.7
v -2.5 3.1 -0.8
v -2.5 3.1 -0.9
v -2.5 3.1 -1.9
v -2.5 3.1 -2
v -2.5 3.1 -2.1
v -2.5 3.1 -2.2
v -2.5 3.1 -2.3
v -2.5 3.1 -2.4
v -2.5 3.2 -0.3
v -2.5 3.2 -0.4
v -2.5 3.2 -0.5
v -2.5 3.2 -0.7
v -2.5 3.2 -0.8
v -2.5 3.2 -2
v -2.5 3.2 -2.1
v -2.5 3.2 -3.5
v -2.5 3.2 -3.6
v -2.5 3.2 -3.7
v -2.5 3.3 -0.4
v -2.5 3.3 -0.5
v -2.5 3.3 -0.7
v -2.5 3.3 -1.5
v -2.5 3.3 -1.6
v -2.5 3.3 -2.1
v -2.5 3.3 -2.2
v -2.5 3.3 -2.3
v -2.5 3.3 -2.4
v -2.5 3.3 -3.5
v -2.5 3.3 -3.6
v -2.5 3.3 -3.7
v -2.5 3.4 -2.2
v -2.5 3.4 -2.3
v -2.5 3.5 -1.2
v -2.5 3.5 -1.3
v -2.5 3.5 -1.4
v -2.5 3.5 -1.5
v -2.5 3.6 -1.3
v -2.5 3.6 -1.4
v -2.5 3.7 -1.2
v -2.5 3.7 -1.3
v -2.5 3.7 -1.5
v -2.5 3.7 -1.6
v -2.5 3.8 -1.3
v -2.5 3.8 -1.5
v -2.5 4.1 -3.5
v -2.5 4.1 -3.6
v -2.5 4.1 -3.7
v -2.5 4.2 -3.5
v -2.5 4.2 -3.6
v -2.5 4.2 -3.7
v -2.4 1 -2
v -2.4 1 -2.2
v -2.4 1 -4.2
v -2.4 1 -4.4
v -2.4 1.1 -2
v -2.4 1.1 -2.2
v -2.4 1.1 -4.2
v -2.4 1.1 -4.4
v -2.4 1.2 -2.9
v -2.4 1.2 -3.1
v -2.4 1.3 0.1
v -2.4 1.3 -0.0999998
v -2.4 1.3 -2.9
v -2.4 1.3 -3.1
v -2.4 1.4 0.1
v -2.4 1.4 -0.0999998
v -2.4 1.6 -3.5
v -2.4 1.6 -3.6
v -2.4 1.6 -3.7
v -2.4 1.7 -3.5
v -2.4 1.7 -3.7
v -2.4 2.1 -2.1
v -2.4 2.1 -2.2
v -2.4 2.2 -2.1
v -2.4 2.2 -2.2
v -2.4 2.3 -0.7
v -2.4 2.3 -0.8
v -2.4 2.4 -0.7
v -2.4 2.4 -0.8
v -2.4 2.4 -3.5
v -2.4 2.4 -3.6
v -2.4 2.4 -3.7
v -2.4 2.5 -3.5
v -2.4 2.5 -3.6
v -2.4 2.5 -3.7
v -2.4 3.1 -1.2
v -2.4 3.1 -1.3
v -2.4 3.3 -2.1
v -2.4 3.3 -2.2
v -2.4 3.3 -3.5
v -2.4 3.3 -3.6
v -2.4 3.3 -3.7
v -2.4 3.4 -2.1
v -2.4 3.4 -2.2
v -2.4 3.4 -3.5
v -2.4 3.4 -3.7
v -2.4 3.5 -1.2
v -2.4 3.5 -1.3
v -2.4 4.2 -3.5
v -2.4 4.2 -3.6
v -2.4 4.2 -3.7
v -2.4 4.3 -3.5
v -2.4 4.3 -3.6
v -2.4 4.3 -3.7
v -2.3 0.9 -2
v -2.3 0.9 -2.2
v -2.3 0.9 -4.2
v -2.3 0.9 -4.4
v -2.3 1 -1.9
v -2.3 1 -2
v -2.3 1 -2.2
v -2.3 1 -2.3
v -2.3 1 -4.1
v -2.3 1 -4.2
v -2.3 1 -4.4
v -2.3 1 -4.5
v -2.3 1.1 -1.8
v -2.3 1.1 -1.9
v -2.3 1.1 -2.3
v -2.3 1.1 -2.4
v -2.3 1.1 -2.9
v -2.3 1.1 -3.1
v -2.3 1.1 -4
v -2.3 1.1 -4.1
v -2.3 1.1 -4.5
v -2.3 1.1 -4.6
v -2.3 1.2 0.1
v -2.3 1.2 -0.0999998
v -2.3 1.2 -1.7
v -2.3 1.2 -1.8
v -2.3 1.2 -1.9
v -2.3 1.2 -2
v -2.3 1.2 -2.2
v -2.3 1.2 -2.3
v -2.3 1.2 -2.4
v -2.3 1.2 -2.5
v -2.3 1.2 -2.9
v -2.3 1.2 -3.1
v -2.3 1.2 -3.9
v -2.3 1.2 -4
v -2.3 1.2 -4.1
v -2.3 1.2 -4.2
v -2.3 1.2 -4.4
v -2.3 1.2 -4.5
v -2.3 1.2 -4.6
v -2.3 1.2 -4.7
v -2.3 1.3 0.4
v -2.3 1.3 0.3
v -2.3 1.3 0.1
v -2.3 1.3 -0.0999998
v -2.3 1.3 -0.3
v -2.3 1.3 -0.4
v -2.3 1.3 -1.6
v -2.3 1.3 -1.7
v -2.3 1.3 -1.8
v -2.3 1.3 -1.9
v -2.3 1.3 -2.3
v -2.3 1.3 -2.4
v -2.3 1.3 -2.5
v -2.3 1.3 -2.6
v -2.3 1.3 -3.8
v -2.3 1.3 -3.9
v -2.3 1.3 -4
v -2.3 1.3 -4.1
v -2.3 1.3 -4.5
v -2.3 1.3 -4.6
v -2.3 1.3 -4.7
v -2.3 1.3 -4.8
v -2.3 1.4 0.4
v -2.3 1.4 0.3
v -2.3 1.4 -0.3
v -2.3 1.4 -0.4
v -2.3 1.4 -1.6
v -2.3 1.4 -1.8
v -2.3 1.4 -2.4
v -2.3 1.4 -2.6
v -2.3 1.4 -3.8
v -2.3 1.4 -4
v -2.3 1.4 -4.6
v -2.3 1.4 -4.8
v -2.3 1.7 -3.5
v -2.3 1.7 -3.6
v -2.3 1.7 -3.7
v -2.3 1.8 -3.5
v -2.3 1.8 -3.6
v -2.3 1.8 -3.7
v -2.3 1.9 -1.2
v -2.3 1.9 -1.3
v -2.3 1.9 -1.5
v -2.3 1.9 -1.6
v -2.3 2 -1.2
v -2.3 2 -1.3
v -2.3 2 -1.5
v -2.3 2 -1.6
v -2.3 2.5 -3.5
v -2.3 2.5 -3.6
v -2.3 2.5 -3.7
v -2.3 2.6 -3.5
v -2.3 2.6 -3.6
v -2.3 2.6 -3.7
v -2.3 2.8 -1.2
v -2.3 2.8 -1.3
v -2.3 2.8 -1.5
v -2.3 2.8 -1.6
v -2.3 2.9 -1.2
v -2.3 2.9 -1.3
v -2.3 2.9 -1.5
v -2.3 2.9 -1.6
v -2.3 3.4 -3.5
v -2.3 3.4 -3.6
v -2.3 3.4 -3.7
v -2.3 3.5 -3.5
v -2.3 3.5 -3.6
v -2.3 3.5 -3.7
v -2.3 4.3 -3.5
v -2.3 4.3 -3.6
v -2.3 4.3 -3.7
v -2.3 4.4 -3.5
v -2.3 4.4 -3.6
v -2.3 4.4 -3.7
v -2.2 0.9 0.9
v -2.2 0.9 0.7
v -2.2 1 0.9
v -2.2 1 0.7
v -2.2 1 -2.9
v -2.2 1 -3.1
v -2.2 1.1 0.1
v -2.2 1.1 -0.0999998
v -2.2 1.1 -2.9
v -2.2 1.1 -3.1
v -2.2 1.2 0.1
v -2.2 1.2 -0.0999998
v -2.2 1.4 0.3
v -2.2 1.4 0.2
v -2.2 1.4 -0.2
v -2.2 1.4 -0.3
v -2.2 1.5 0.3
v -2.2 1.5 0.2
v -2.2 1.5 -0.2
v -2.2 1.5 -0.3
v -2.2 1.8 -1.3
v -2.2 1.8 -1.5
v -2.2 1.9 -1.3
v -2.2 1.9 -1.5
v -2.2 1.9 -1.7
v -2.2 1.9 -1.8
v -2.2 2 -1.1
v -2.2 2 -1.2
v -2.2 2 -1.6
v -2.2 2 -1.7
v -2.2 2 -1.8
v -2.2 2.1 -1.1
v -2.2 2.1 -1.2
v -2.2 2.1 -1.6
v -2.2 2.1 -1.7
v -2.2 2.7 -1.3
v -2.2 2.7 -1.5
v -2.2 2.8 -1.3
v -2.2 2.8 -1.5
v -2.2 2.9 -1.1
v -2.2 2.9 -1.2
v -2.2 2.9 -1.6
v -2.2 2.9 -1.7
v -2.2 3 -1.1
v -2.2 3 -1.2
v -2.2 3 -1.6
v -2.2 3 -1.7
v -2.1 0.9 -2.9
v -2.1 0.9 -3.1
v -2.1 1 0.1
v -2.1 1 -0.0999998
v -2.1 1 -2.8
v -2.1 1 -2.9
v -2.1 1 -3.1
v -2.1 1 -3.2
v -2.1 1.1 0.1
v -2.1 1.1 -0.0999998
v -2.1 1.1 -2
v -2.1 1.1 -2.2
v -2.1 1.1 -2.7
v -2.1 1.1 -2.8
v -2.1 1.1 -3.2
v -2.1 1.1 -3.3
v -2.1 1.1 -4.2
v -2.1 1.1 -4.4
v -2.1 1.2 -2
v -2.1 1.2 -2.2
v -2.1 1.2 -2.6
v -2.1 1.2 -2.7
v -2.1 1.2 -2.8
v -2.1 1.2 -2.9
v -2.1 1.2 -3.1
v -2.1 1.2 -3.2
v -2.1 1.2 -3.3
v -2.1 1.2 -3.4
v -2.1 1.2 -4.2
v -2.1 1.2 -4.4
v -2.1 1.3 0.2
v -2.1 1.3 0.1
v -2.1 1.3 -0.0999998
v -2.1 1.3 -0.2
v -2.1 1.3 -2.6
v -2.1 1.3 -2.8
v -2.1 1.3 -3.2
v -2.1 1.3 -3.4
v -2.1 1.4 0.2
v -2.1 1.4 0.1
v -2.1 1.4 -0.0999998
v -2.1 1.4 -0.2
v -2.1 1.5 -3.5
v -2.1 1.5 -3.7
v -2.1 1.6 -3.5
v -2.1 1.6 -3.7
v -2.1 1.9 -1
v -2.1 1.9 -1.1
v -2.1 1.9 -1.3
v -2.1 1.9 -1.5
v -2.1 2 -1
v -2.1 2 -1.1
v -2.1 2 -1.3
v -2.1 2 -1.5
v -2.1 2.3 -3.5
v -2.1 2.3 -3.7
v -2.1 2.4 -3.5
v -2.1 2.4 -3.7
v -2.1 2.8 -1
v -2.1 2.8 -1.1
v -2.1 2.8 -1.3
v -2.1 2.8 -1.5
v -2.1 2.8 -1.7
v -2.1 2.8 -1.8
v -2.1 2.9 -1
v -2.1 2.9 -1.1
v -2.1 2.9 -1.3
v -2.1 2.9 -1.5
v -2.1 2.9 -1.7
v -2.1 2.9 -1.8
v -2.1 3 -1.7
v -2.1 3 -1.8
v -2.1 3.2 -3.5
v -2.1 3.2 -3.7
v -2.1 3.3 -3.5
v -2.1 3.3 -3.7
v -2.1 4.1 -3.5
v -2.1 4.1 -3.7
v -2.1 4.2 -3.5
v -2.1 4.2 -3.7
v -2 0.9 1
v -2 0.9 0.9
v -2 0.9 0.1
v -2 0.9 -0.0999998
v -2 1 1
v -2 1 0.9
v -2 1 0.2
v -2 1 0.1
v -2 1 -0.0999998
v -2 1 -0.2
v -2 1.1 0.3
v -2 1.1 0.2
v -2 1.1 -0.2
v -2 1.1 -0.3
v -2 1.2 0.4
v -2 1.2 0.3
v -2 1.2 0.2
v -2 1.2 0.1
v -2 1.2 -0.0999998
v -2 1.2 -0.2
v -2 1.2 -0.3
v -2 1.2 -0.4
v -2 1.2 -2
v -2 1.2 -2.2
v -2 1.2 -4.2
v -2 1.2 -4.4
v -2 1.3 0.5
v -2 1.3 0.4
v -2 1.3 0.3
v -2 1.3 0.2
v -2 1.3 0.1
v -2 1.3 -0.0999998
v -2 1.3 -0.2
v -2 1.3 -0.3
v -2 1.3 -0.4
v -2 1.3 -0.5
v -2 1.3 -2
v -2 1.3 -2.2
v -2 1.3 -4.2
v -2 1.3 -4.4
v -2 1.4 1.2
v -2 1.4 1
v -2 1.4 0.6
v -2 1.4 0.5
v -2 1.4 0.4
v -2 1.4 0.3
v -2 1.4 -0.3
v -2 1.4 -0.4
v -2 1.4 -0.5
v -2 1.4 -0.6
v -2 1.4 -1
v -2 1.4 -1.2
v -2 1.4 -3.5
v -2 1.4 -3.7
v -2 1.5 1.2
v -2 1.5 1.1
v -2 1.5 1
v -2 1.5 0.9
v -2 1.5 0.7
v -2 1.5 0.6
v -2 1.5 0.5
v -2 1.5 0.4
v -2 1.5 -0.4
v -2 1.5 -0.5
v -2 1.5 -0.6
v -2 1.5 -0.7
v -2 1.5 -1.1
v -2 1.5 -1.2
v -2 1.5 -3.5
v -2 1.5 -3.7
v -2 1.6 1.1
v -2 1.6 1
v -2 1.6 0.9
v -2 1.6 0.7
v -2 1.6 0.6
v -2 1.6 0.5
v -2 1.6 -0.5
v -2 1.6 -0.6
v -2 1.6 -0.7
v -2 1.6 -0.9
v -2 1.6 -1
v -2 1.6 -1.1
v -2 1.7 1
v -2 1.7 0.9
v -2 1.7 0.7
v -2 1.7 0.6
v -2 1.7 -0.6
v -2 1.7 -0.7
v -2 1.7 -0.9
v -2 1.7 -1
v -2 1.8 0.9
v -2 1.8 0.7
v -2 1.8 -0.7
v -2 1.8 -0.9
v -2 1.9 -1.5
v -2 1.9 -1.6
v -2 2 -1.3
v -2 2 -1.5
v -2 2 -1.6
v -2 2.1 -1.3
v -2 2.1 -1.5
v -2 2.2 -3.5
v -2 2.2 -3.7
v -2 2.3 -3.5
v -2 2.3 -3.7
v -2 2.9 -1.3
v -2 2.9 -1.5
v -2 3 -1.3
v -2 3 -1.5
v -2 3.1 -3.5
v -2 3.1 -3.7
v -2 3.2 -3.5
v -2 3.2 -3.7
v -2 4 -3.5
v -2 4 -3.7
v -2 4.1 -3.5
v -2 4.1 -3.7
v -1.9 1.1 -2.9
v -1.9 1.1 -3.1
v -1.9 1.2 -2.9
v -1.9 1.2 -3.1
v -1.9 1.3 -2
v -1.9 1.3 -2.2
v -1.9 1.3 -3.5
v -1.9 1.3 -3.7
v -1.9 1.3 -4.2
v -1.9 1.3 -4.4
v -1.9 1.4 -2
v -1.9 1.4 -2.2
v -1.9 1.4 -3.5
v -1.9 1.4 -3.7
v -1.9 1.4 -4.2
v -1.9 1.4 -4.4
v -1.9 1.5 -0.9
v -1.9 1.5 -1
v -1.9 1.6 -0.9
v -1.9 1.6 -1
v -1.9 2.1 -1.3
v -1.9 2.1 -1.5
v -1.9 2.1 -3.5
v -1.9 2.1 -3.7
v -1.9 2.2 -1.3
v -1.9 2.2 -1.5
v -1.9 2.2 -3.5
v -1.9 2.2 -3.7
v -1.9 3 -1.3
v -1.9 3 -1.5
v -1.9 3 -3.5
v -1.9 3 -3.7
v -1.9 3.1 -1.3
v -1.9 3.1 -1.5
v -1.9 3.1 -3.5
v -1.9 3.1 -3.7
v -1.9 3.9 -3.5
v -1.9 3.9 -3.7
v -1.9 4 -3.5
v -1.9 4 -3.7
v -1.8 1.2 -2.9
v -1.8 1.2 -3.1
v -1.8 1.2 -3.5
v -1.8 1.2 -3.7
v -1.8 1.3 0.2
v -1.8 1.3 0.1
v -1.8 1.3 -0.0999998
v -1.8 1.3 -0.2
v -1.8 1.3 -2.9
v -1.8 1.3 -3.1
v -1.8 1.3 -3.2
v -1.8 1.3 -3.3
v -1.8 1.3 -3.5
v -1.8 1.3 -3.7
v -1.8 1.3 -3.9
v -1.8 1.3 -4
v -1.8 1.4 0.2
v -1.8 1.4 0.1
v -1.8 1.4 -0.0999998
v -1.8 1.4 -0.2
v -1.8 1.4 -3.2
v -1.8 1.4 -3.3
v -1.8 1.4 -3.9
v -1.8 1.4 -4
v -1.8 2 -3.5
v -1.8 2 -3.7
v -1.8 2.1 -1.2
v -1.8 2.1 -1.3
v -1.8 2.1 -3.2
v -1.8 2.1 -3.3
v -1.8 2.1 -3.5
v -1.8 2.1 -3.7
v -1.8 2.1 -3.9
v -1.8 2.1 -4
v -1.8 2.2 -1.2
v -1.8 2.2 -1.3
v -1.8 2.2 -1.5
v -1.8 2.2 -3.2
v -1.8 2.2 -3.3
v -1.8 2.2 -3.9
v -1.8 2.2 -4
v -1.8 2.3 -1.3
v -1.8 2.3 -1.5
v -1.8 2.9 -3.5
v -1.8 2.9 -3.7
v -1.8 3 -3.2
v -1.8 3 -3.3
v -1.8 3 -3.5
v -1.8 3 -3.7
v -1.8 3 -3.9
v -1.8 3 -4
v -1.8 3.1 -1.3
v -1.8 3.1 -1.5
v -1.8 3.1 -3.2
v -1.8 3.1 -3.3
v -1.8 3.1 -3.9
v -1.8 3.1 -4
v -1.8 3.2 -1.3
v -1.8 3.2 -1.5
v -1.8 3.8 -3.5
v -1.8 3.8 -3.7
v -1.8 3.9 -3.2
v -1.8 3.9 -3.3
v -1.8 3.9 -3.5
v -1.8 3.9 -3.7
v -1.8 3.9 -3.9
v -1.8 3.9 -4
v -1.8 4 -3.2
v -1.8 4 -3.3
v -1.8 4 -3.9
v -1.8 4 -4
v -1.7 1.1 -3.5
v -1.7 1.1 -3.7
v -1.7 1.2 0.1
v -1.7 1.2 -0.0999998
v -1.7 1.2 -3.5
v -1.7 1.2 -3.7
v -1.7 1.3 0.1
v -1.7 1.3 -0.0999998
v -1.7 1.4 0.3
v -1.7 1.4 0.2
v -1.7 1.4 -0.2
v -1.7 1.4 -0.3
v -1.7 1.4 -3.3
v -1.7 1.4 -3.4
v -1.7 1.4 -3.8
v -1.7 1.4 -3.9
v -1.7 1.5 0.3
v -1.7 1.5 0.2
v -1.7 1.5 -0.2
v -1.7 1.5 -0.3
v -1.7 1.5 -3.3
v -1.7 1.5 -3.4
v -1.7 1.5 -3.8
v -1.7 1.5 -3.9
v -1.7 1.8 1
v -1.7 1.8 0.8
v -1.7 1.9 1
v -1.7 1.9 0.8
v -1.7 1.9 -3.5
v -1.7 1.9 -3.7
v -1.7 2 -3.5
v -1.7 2 -3.7
v -1.7 2.2 -1.2
v -1.7 2.2 -1.3
v -1.7 2.2 -3.3
v -1.7 2.2 -3.4
v -1.7 2.2 -3.8
v -1.7 2.2 -3.9
v -1.7 2.3 -1.2
v -1.7 2.3 -1.3
v -1.7 2.3 -1.5
v -1.7 2.3 -3.3
v -1.7 2.3 -3.4
v -1.7 2.3 -3.8
v -1.7 2.3 -3.9
v -1.7 2.4 -1.3
v -1.7 2.4 -1.5
v -1.7 2.8 -3.5
v -1.7 2.8 -3.7
v -1.7 2.9 -3.5
v -1.7 2.9 -3.7
v -1.7 3.1 -3.3
v -1.7 3.1 -3.4
v -1.7 3.1 -3.8
v -1.7 3.1 -3.9
v -1.7 3.2 -1.3
v -1.7 3.2 -1.5
v -1.7 3.2 -3.3
v -1.7 3.2 -3.4
v -1.7 3.2 -3.8
v -1.7 3.2 -3.9
v -1.7 3.3 -1.3
v -1.7 3.3 -1.4
v -1.7 3.3 -1.5
v -1.7 3.4 -1.3
v -1.7 3.4 -1.4
v -1.7 3.7 -3.5
v -1.7 3.7 -3.7
v -1.7 3.8 -3.5
v -1.7 3.8 -3.7
v -1.7 4 -3.3
v -1.7 4 -3.4
v -1.7 4 -3.8
v -1.7 4 -3.9
v -1.7 4.1 -3.3
v -1.7 4.1 -3.4
v -1.7 4.1 -3.8
v -1.7 4.1 -3.9
v -1.6 0.9 -2
v -1.6 0.9 -2.3
v -1.6 1 -2
v -1.6 1 -2.3
v -1.6 1 -3.5
v -1.6 1 -3.7
v -1.6 1.1 -3.5
v -1.6 1.1 -3.7
v -1.6 1.3 0.4
v -1.6 1.3 0.3
v -1.6 1.3 0.1
v -1.6 1.3 -0.0999998
v -1.6 1.3 -0.3
v -1.6 1.3 -0.4
v -1.6 1.3 -0.8
v -1.6 1.3 -0.9
v -1.6 1.3 -3.4
v -1.6 1.3 -3.5
v -1.6 1.3 -3.7
v -1.6 1.3 -3.8
v -1.6 1.4 0.4
v -1.6 1.4 0.3
v -1.6 1.4 0.1
v -1.6 1.4 -0.0999998
v -1.6 1.4 -0.3
v -1.6 1.4 -0.4
v -1.6 1.4 -0.8
v -1.6 1.4 -0.9
v -1.6 1.4 -3.4
v -1.6 1.4 -3.5
v -1.6 1.4 -3.7
v -1.6 1.4 -3.8
v -1.6 1.8 -3.5
v -1.6 1.8 -3.7
v -1.6 1.9 1
v -1.6 1.9 0.8
v -1.6 1.9 -3.5
v -1.6 1.9 -3.7
v -1.6 2 1
v -1.6 2 0.9
v -1.6 2 0.8
v -1.6 2.1 0.9
v -1.6 2.1 0.8
v -1.6 2.1 -3.4
v -1.6 2.1 -3.5
v -1.6 2.1 -3.7
v -1.6 2.1 -3.8
v -1.6 2.2 -3.4
v -1.6 2.2 -3.5
v -1.6 2.2 -3.7
v -1.6 2.2 -3.8
v -1.6 2.3 -1.2
v -1.6 2.3 -1.3
v -1.6 2.4 -1.2
v -1.6 2.4 -1.3
v -1.6 2.4 -1.4
v -1.6 2.5 -1.3
v -1.6 2.5 -1.4
v -1.6 2.7 -3.5
v -1.6 2.7 -3.7
v -1.6 2.8 -3.5
v -1.6 2.8 -3.7
v -1.6 3 -3.4
v -1.6 3 -3.5
v -1.6 3 -3.7
v -1.6 3 -3.8
v -1.6 3.1 -3.4
v -1.6 3.1 -3.5
v -1.6 3.1 -3.7
v -1.6 3.1 -3.8
v -1.6 3.2 -1.2
v -1.6 3.2 -1.3
v -1.6 3.3 -1.2
v -1.6 3.3 -1.3
v -1.6 3.3 -1.4
v -1.6 3.3 -1.5
v -1.6 3.4 -1.4
v -1.6 3.4 -1.5
v -1.6 3.6 -3.5
v -1.6 3.6 -3.7
v -1.6 3.7 -3.5
v -1.6 3.7 -3.7
v -1.6 3.9 -3.4
v -1.6 3.9 -3.5
v -1.6 3.9 -3.7
v -1.6 3.9 -3.8
v -1.6 4 -3.4
v -1.6 4 -3.5
v -1.6 4 -3.7
v -1.6 4 -3.8
v -1.5 0.9 -1.9
v -1.5 0.9 -2
v -1.5 0.9 -2.3
v -1.5 0.9 -2.5
v -1.5 0.9 -3.5
v -1.5 0.9 -3.7
v -1.5 1 -1.9
v -1.5 1 -2
v -1.5 1 -2.3
v -1.5 1 -2.5
v -1.5 1 -3.4
v -1.5 1 -3.5
v -1.5 1 -3.7
v -1.5 1 -3.8
v -1.5 1.1 -3.3
v -1.5 1.1 -3.4
v -1.5 1.1 -3.8
v -1.5 1.1 -3.9
v -1.5 1.2 1
v -1.5 1.2 0.8
v -1.5 1.2 -3.2
v -1.5 1.2 -3.3
v -1.5 1.2 -3.4
v -1.5 1.2 -3.5
v -1.5 1.2 -3.7
v -1.5 1.2 -3.8
v -1.5 1.2 -3.9
v -1.5 1.2 -4
v -1.5 1.3 1
v -1.5 1.3 0.8
v -1.5 1.3 -0.9
v -1.5 1.3 -1
v -1.5 1.3 -3.1
v -1.5 1.3 -3.2
v -1.5 1.3 -3.3
v -1.5 1.3 -3.4
v -1.5 1.3 -3.5
v -1.5 1.3 -3.7
v -1.5 1.3 -3.8
v -1.5 1.3 -3.9
v -1.5 1.3 -4
v -1.5 1.3 -4.1
v -1.5 1.4 0.1
v -1.5 1.4 -0.0999998
v -1.5 1.4 -0.9
v -1.5 1.4 -1
v -1.5 1.4 -2.4
v -1.5 1.4 -2.6
v -1.5 1.4 -3
v -1.5 1.4 -3.1
v -1.5 1.4 -3.2
v -1.5 1.4 -3.3
v -1.5 1.4 -3.5
v -1.5 1.4 -3.7
v -1.5 1.4 -3.9
v -1.5 1.4 -4
v -1.5 1.4 -4.1
v -1.5 1.4 -4.2
v -1.5 1.4 -4.6
v -1.5 1.4 -4.8
v -1.5 1.5 0.1
v -1.5 1.5 -0.0999998
v -1.5 1.5 -0.9
v -1.5 1.5 -1
v -1.5 1.5 -2.4
v -1.5 1.5 -2.5
v -1.5 1.5 -2.6
v -1.5 1.5 -2.7
v -1.5 1.5 -2.9
v -1.5 1.5 -3
v -1.5 1.5 -3.1
v -1.5 1.5 -3.2
v -1.5 1.5 -4
v -1.5 1.5 -4.1
v -1.5 1.5 -4.2
v -1.5 1.5 -4.3
v -1.5 1.5 -4.6
v -1.5 1.5 -4.7
v -1.5 1.5 -4.8
v -1.5 1.6 -2.5
v -1.5 1.6 -2.6
v -1.5 1.6 -2.7
v -1.5 1.6 -2.9
v -1.5 1.6 -3
v -1.5 1.6 -3.1
v -1.5 1.6 -4.1
v -1.5 1.6 -4.2
v -1.5 1.6 -4.3
v -1.5 1.6 -4.5
v -1.5 1.6 -4.6
v -1.5 1.6 -4.7
v -1.5 1.7 -2.6
v -1.5 1.7 -2.7
v -1.5 1.7 -2.9
v -1.5 1.7 -3
v -1.5 1.7 -4.2
v -1.5 1.7 -4.3
v -1.5 1.7 -4.5
v -1.5 1.7 -4.6
v -1.5 1.8 -2.7
v -1.5 1.8 -2.9
v -1.5 1.8 -3.4
v -1.5 1.8 -3.5
v -1.5 1.8 -3.7
v -1.5 1.8 -3.8
v -1.5 1.8 -4.3
v -1.5 1.8 -4.5
v -1.5 1.9 -3.3
v -1.5 1.9 -3.4
v -1.5 1.9 -3.8
v -1.5 1.9 -3.9
v -1.5 2 -3.2
v -1.5 2 -3.3
v -1.5 2 -3.4
v -1.5 2 -3.5
v -1.5 2 -3.7
v -1.5 2 -3.8
v -1.5 2 -3.9
v -1.5 2 -4
v -1.5 2.1 -3.1
v -1.5 2.1 -3.2
v -1.5 2.1 -3.3
v -1.5 2.1 -3.4
v -1.5 2.1 -3.5
v -1.5 2.1 -3.7
v -1.5 2.1 -3.8
v -1.5 2.1 -3.9
v -1.5 2.1 -4
v -1.5 2.1 -4.1
v -1.5 2.2 -2.4
v -1.5 2.2 -2.6
v -1.5 2.2 -3
v -1.5 2.2 -3.1
v -1.5 2.2 -3.2
v -1.5 2.2 -3.3
v -1.5 2.2 -3.5
v -1.5 2.2 -3.7
v -1.5 2.2 -3.9
v -1.5 2.2 -4
v -1.5 2.2 -4.1
v -1.5 2.2 -4.2
v -1.5 2.2 -4.6
v -1.5 2.2 -4.7
v -1.5 2.2 -4.8
v -1.5 2.3 -2.4
v -1.5 2.3 -2.5
v -1.5 2.3 -2.6
v -1.5 2.3 -2.7
v -1.5 2.3 -2.9
v -1.5 2.3 -3
v -1.5 2.3 -3.1
v -1.5 2.3 -3.2
v -1.5 2.3 -4
v -1.5 2.3 -4.1
v -1.5 2.3 -4.2
v -1.5 2.3 -4.3
v -1.5 2.3 -4.6
v -1.5 2.3 -4.7
v -1.5 2.3 -4.8
v -1.5 2.4 -2.5
v -1.5 2.4 -2.6
v -1.5 2.4 -2.7
v -1.5 2.4 -2.9
v -1.5 2.4 -3
v -1.5 2.4 -3.1
v -1.5 2.4 -4.1
v -1.5 2.4 -4.2
v -1.5 2.4 -4.3
v -1.5 2.4 -4.5
v -1.5 2.4 -4.6
v -1.5 2.4 -4.7
v -1.5 2.5 1
v -1.5 2.5 0.8
v -1.5 2.5 -2.6
v -1.5 2.5 -2.7
v -1.5 2.5 -2.9
v -1.5 2.5 -3
v -1.5 2.5 -4.2
v -1.5 2.5 -4.3
v -1.5 2.5 -4.5
v -1.5 2.5 -4.6
v -1.5 2.6 1
v -1.5 2.6 0.8
v -1.5 2.6 -2.7
v -1.5 2.6 -2.9
v -1.5 2.6 -4.3
v -1.5 2.6 -4.5
v -1.5 2.7 -3.4
v -1.5 2.7 -3.5
v -1.5 2.7 -3.7
v -1.5 2.7 -3.8
v -1.5 2.8 -3.3
v -1.5 2.8 -3.4
v -1.5 2.8 -3.8
v -1.5 2.8 -3.9
v -1.5 2.9 -3.2
v -1.5 2.9 -3.3
v -1.5 2.9 -3.4
v -1.5 2.9 -3.5
v -1.5 2.9 -3.7
v -1.5 2.9 -3.8
v -1.5 2.9 -3.9
v -1.5 2.9 -4
v -1.5 3 -3.1
v -1.5 3 -3.2
v -1.5 3 -3.3
v -1.5 3 -3.4
v -1.5 3 -3.5
v -1.5 3 -3.7
v -1.5 3 -3.8
v -1.5 3 -3.9
v -1.5 3 -4
v -1.5 3 -4.1
v -1.5 3.1 -1.2
v -1.5 3.1 -1.3
v -1.5 3.1 -2.4
v -1.5 3.1 -2.6
v -1.5 3.1 -3
v -1.5 3.1 -3.1
v -1.5 3.1 -3.2
v -1.5 3.1 -3.3
v -1.5 3.1 -3.5
v -1.5 3.1 -3.7
v -1.5 3.1 -3.9
v -1.5 3.1 -4
v -1.5 3.1 -4.1
v -1.5 3.1 -4.2
v -1.5 3.1 -4.6
v -1.5 3.1 -4.7
v -1.5 3.1 -4.8
v -1.5 3.2 -1.2
v -1.5 3.2 -1.3
v -1.5 3.2 -2.4
v -1.5 3.2 -2.5
v -1.5 3.2 -2.6
v -1.5 3.2 -2.7
v -1.5 3.2 -2.9
v -1.5 3.2 -3
v -1.5 3.2 -3.1
v -1.5 3.2 -3.2
v -1.5 3.2 -4
v -1.5 3.2 -4.1
v -1.5 3.2 -4.2
v -1.5 3.2 -4.3
v -1.5 3.2 -4.6
v -1.5 3.2 -4.7
v -1.5 3.2 -4.8
v -1.5 3.3 -2.5
v -1.5 3.3 -2.6
v -1.5 3.3 -2.7
v -1.5 3.3 -2.9
v -1.5 3.3 -3
v -1.5 3.3 -3.1
v -1.5 3.3 -4.1
v -1.5 3.3 -4.2
v -1.5 3.3 -4.3
v -1.5 3.3 -4.5
v -1.5 3.3 -4.6
v -1.5 3.3 -4.7
v -1.5 3.4 -2.6
v -1.5 3.4 -2.7
v -1.5 3.4 -2.9
v -1.5 3.4 -3
v -1.5 3.4 -4.2
v -1.5 3.4 -4.3
v -1.5 3.4 -4.5
v -1.5 3.4 -4.6
v -1.5 3.5 -2.7
v -1.5 3.5 -2.9
v -1.5 3.5 -4.3
v -1.5 3.5 -4.5
v -1.5 3.6 -3.4
v -1.5 3.6 -3.5
v -1.5 3.6 -3.7
v -1.5 3.6 -3.8
v -1.5 3.7 -3.3
v -1.5 3.7 -3.4
v -1.5 3.7 -3.8
v -1.5 3.7 -3.9
v -1.5 3.8 -3.2
v -1.5 3.8 -3.3
v -1.5 3.8 -3.4
v -1.5 3.8 -3.5
v -1.5 3.8 -3.7
v -1.5 3.8 -3.8
v -1.5 3.8 -3.9
v -1.5 3.8 -4
v -1.5 3.9 -3.1
v -1.5 3.9 -3.2
v -1.5 3.9 -3.3
v -1.5 3.9 -3.4
v -1.5 3.9 -3.5
v -1.5 3.9 -3.7
v -1.5 3.9 -3.8
v -1.5 3.9 -3.9
v -1.5 3.9 -4
v -1.5 3.9 -4.1
v -1.5 4 -2.4
v -1.5 4 -2.5
v -1.5 4 -2.6
v -1.5 4 -3
v -1.5 4 -3.1
v -1.5 4 -3.2
v -1.5 4 -3.3
v -1.5 4 -3.5
v -1.5 4 -3.7
v -1.5 4 -3.9
v -1.5 4 -4
v -1.5 4 -4.1
v -1.5 4 -4.2
v -1.5 4 -4.6
v -1.5 4 -4.8
v -1.5 4.1 -2.4
v -1.5 4.1 -2.5
v -1.5 4.1 -2.6
v -1.5 4.1 -2.7
v -1.5 4.1 -2.9
v -1.5 4.1 -3
v -1.5 4.1 -3.1
v -1.5 4.1 -3.2
v -1.5 4.1 -4
v -1.5 4.1 -4.1
v -1.5 4.1 -4.2
v -1.5 4.1 -4.3
v -1.5 4.1 -4.6
v -1.5 4.1 -4.7
v -1.5 4.1 -4.8
v -1.5 4.2 -2.5
v -1.5 4.2 -2.6
v -1.5 4.2 -2.7
v -1.5 4.2 -2.9
v -1.5 4.2 -3
v -1.5 4.2 -3.1
v -1.5 4.2 -4.1
v -1.5 4.2 -4.2
v -1.5 4.2 -4.3
v -1.5 4.2 -4.5
v -1.5 4.2 -4.6
v -1.5 4.2 -4.7
v -1.5 4.3 -2.6
v -1.5 4.3 -2.7
v -1.5 4.3 -2.9
v -1.5 4.3 -3
v -1.5 4.3 -4.2
v -1.5 4.3 -4.3
v -1.5 4.3 -4.5
v -1.5 4.3 -4.6
v -1.5 4.4 -2.7
v -1.5 4.4 -2.9
v -1.5 4.4 -4.3
v -1.5 4.4 -4.5
v -1.4 0.9 -0.5
v -1.4 0.9 -0.7
v -1.4 0.9 -2.9
v -1.4 0.9 -3.1
v -1.4 1 -0.5
v -1.4 1 -0.7
v -1.4 1 -2.9
v -1.4 1 -3.1
v -1.4 1.1 1
v -1.4 1.1 0.8
v -1.4 1.2 1
v -1.4 1.2 0.8
v -1.4 1.2 -0.8
v -1.4 1.2 -1
v -1.4 1.3 -0.8
v -1.4 1.3 -1
v -1.4 1.5 0.1
v -1.4 1.5 -0.0999998
v -1.4 1.5 -4.5
v -1.4 1.5 -4.6
v -1.4 1.6 0.1
v -1.4 1.6 -0.0999998
v -1.4 1.6 -4.5
v -1.4 1.6 -4.6
v -1.4 1.8 1
v -1.4 1.8 0.8
v -1.4 1.9 1
v -1.4 1.9 0.8
v -1.4 2.3 -4.5
v -1.4 2.3 -4.6
v -1.4 2.4 1
v -1.4 2.4 0.8
v -1.4 2.4 -4.5
v -1.4 2.4 -4.6
v -1.4 2.5 1
v -1.4 2.5 0.8
v -1.4 3.2 -4.5
v -1.4 3.2 -4.6
v -1.4 3.3 -4.5
v -1.4 3.3 -4.6
v -1.4 4.1 -4.5
v -1.4 4.1 -4.6
v -1.4 4.2 -4.5
v -1.4 4.2 -4.6
v -1.3 0.9 -0.3
v -1.3 0.9 -0.5
v -1.3 1 1
v -1.3 1 0.8
v -1.3 1 -0.3
v -1.3 1 -0.5
v -1.3 1.1 1
v -1.3 1.1 0.8
v -1.3 1.1 -0.8
v -1.3 1.1 -1
v -1.3 1.2 -0.8
v -1.3 1.2 -1
v -1.3 1.3 -3.4
v -1.3 1.3 -3.5
v -1.3 1.3 -3.7
v -1.3 1.3 -3.8
v -1.3 1.4 -3.4
v -1.3 1.4 -3.5
v -1.3 1.4 -3.7
v -1.3 1.4 -3.8
v -1.3 1.6 0.1
v -1.3 1.6 -0.0999998
v -1.3 1.7 1
v -1.3 1.7 0.8
v -1.3 1.7 0.1
v -1.3 1.7 -0.0999998
v -1.3 1.8 1
v -1.3 1.8 0.8
v -1.3 2.1 -3.4
v -1.3 2.1 -3.5
v -1.3 2.1 -3.7
v -1.3 2.1 -3.8
v -1.3 2.2 -3.4
v -1.3 2.2 -3.5
v -1.3 2.2 -3.7
v -1.3 2.2 -3.8
v -1.3 2.3 1
v -1.3 2.3 0.8
v -1.3 2.4 1
v -1.3 2.4 0.8
v -1.3 3 -3.4
v -1.3 3 -3.5
v -1.3 3 -3.7
v -1.3 3 -3.8
v -1.3 3.1 -3.4
v -1.3 3.1 -3.5
v -1.3 3.1 -3.7
v -1.3 3.1 -3.8
v -1.3 3.9 -3.4
v -1.3 3.9 -3.5
v -1.3 3.9 -3.7
v -1.3 3.9 -3.8
v -1.3 4 -3.4
v -1.3 4 -3.5
v -1.3 4 -3.7
v -1.3 4 -3.8
v -1.2 0.9 1
v -1.2 0.9 0.8
v -1.2 0.9 -4.4
v -1.2 0.9 -4.6
v -1.2 1 1.1
v -1.2 1 1
v -1.2 1 0.8
v -1.2 1 0.7
v -1.2 1 -0.8
v -1.2 1 -1
v -1.2 1 -4.4
v -1.2 1 -4.6
v -1.2 1.1 1.2
v -1.2 1.1 1.1
v -1.2 1.1 0.7
v -1.2 1.1 0.6
v -1.2 1.1 -0.8
v -1.2 1.1 -1
v -1.2 1.2 1.3
v -1.2 1.2 1.2
v -1.2 1.2 1.1
v -1.2 1.2 1
v -1.2 1.2 0.8
v -1.2 1.2 0.7
v -1.2 1.2 0.6
v -1.2 1.2 0.5
v -1.2 1.2 -3.5
v -1.2 1.2 -3.7
v -1.2 1.3 1.3
v -1.2 1.3 1.1
v -1.2 1.3 0.7
v -1.2 1.3 0.5
v -1.2 1.3 -3.5
v -1.2 1.3 -3.7
v -1.2 1.4 -3.3
v -1.2 1.4 -3.4
v -1.2 1.4 -3.8
v -1.2 1.4 -3.9
v -1.2 1.5 -3.3
v -1.2 1.5 -3.4
v -1.2 1.5 -3.8
v -1.2 1.5 -3.9
v -1.2 1.7 1.1
v -1.2 1.7 1
v -1.2 1.7 0.8
v -1.2 1.7 0.7
v -1.2 1.7 0.1
v -1.2 1.7 -0.0999998
v -1.2 1.8 1.5
v -1.2 1.8 1.3
v -1.2 1.8 1.2
v -1.2 1.8 1.1
v -1.2 1.8 0.7
v -1.2 1.8 0.6
v -1.2 1.8 0.5
v -1.2 1.8 0.3
v -1.2 1.8 0.1
v -1.2 1.8 -0.0999998
v -1.2 1.9 1.5
v -1.2 1.9 1.4
v -1.2 1.9 1.3
v -1.2 1.9 1.2
v -1.2 1.9 1.1
v -1.2 1.9 1
v -1.2 1.9 0.8
v -1.2 1.9 0.7
v -1.2 1.9 0.6
v -1.2 1.9 0.5
v -1.2 1.9 0.4
v -1.2 1.9 0.3
v -1.2 2 1.4
v -1.2 2 1.1
v -1.2 2 0.7
v -1.2 2 0.4
v -1.2 2 0.3
v -1.2 2 -3.5
v -1.2 2 -3.7
v -1.2 2.1 -3.5
v -1.2 2.1 -3.7
v -1.2 2.2 -3.3
v -1.2 2.2 -3.4
v -1.2 2.2 -3.8
v -1.2 2.2 -3.9
v -1.2 2.3 1.1
v -1.2 2.3 1
v -1.2 2.3 0.8
v -1.2 2.3 0.7
v -1.2 2.3 -3.3
v -1.2 2.3 -3.4
v -1.2 2.3 -3.8
v -1.2 2.3 -3.9
v -1.2 2.4 1.2
v -1.2 2.4 1.1
v -1.2 2.4 0.7
v -1.2 2.4 0.6
v -1.2 2.5 1.4
v -1.2 2.5 1.3
v -1.2 2.5 1.2
v -1.2 2.5 1.1
v -1.2 2.5 1
v -1.2 2.5 0.8
v -1.2 2.5 0.7
v -1.2 2.5 0.6
v -1.2 2.5 0.5
v -1.2 2.6 1.4
v -1.2 2.6 1.3
v -1.2 2.6 1.1
v -1.2 2.6 0.7
v -1.2 2.6 0.6
v -1.2 2.6 0.5
v -1.2 2.7 0.7
v -1.2 2.7 0.6
v -1.2 2.9 -3.5
v -1.2 2.9 -3.7
v -1.2 3 -3.5
v -1.2 3 -3.7
v -1.2 3.1 -3.3
v -1.2 3.1 -3.4
v -1.2 3.1 -3.8
v -1.2 3.1 -3.9
v -1.2 3.2 -3.3
v -1.2 3.2 -3.4
v -1.2 3.2 -3.8
v -1.2 3.2 -3.9
v -1.2 3.8 -3.5
v -1.2 3.8 -3.7
v -1.2 3.9 -3.5
v -1.2 3.9 -3.7
v -1.2 4 -3.3
v -1.2 4 -3.4
v -1.2 4 -3.8
v -1.2 4 -3.9
v -1.2 4.1 -3.3
v -1.2 4.1 -3.4
v -1.2 4.1 -3.8
v -1.2 4.1 -3.9
v -1.1 0.9 -0.8
v -1.1 0.9 -1
v -1.1 0.9 -4.3
v -1.1 0.9 -4.4
v -1.1 0.9 -4.6
v -1.1 0.9 -4.7
v -1.1 1 -0.7
v -1.1 1 -0.8
v -1.1 1 -1
v -1.1 1 -1.1
v -1.1 1 -4.3
v -1.1 1 -4.4
v -1.1 1 -4.6
v -1.1 1 -4.7
v -1.1 1.1 -0.6
v -1.1 1.1 -0.7
v -1.1 1.1 -1.1
v -1.1 1.1 -1.2
v -1.1 1.2 1.4
v -1.1 1.2 1.3
v -1.1 1.2 -0.5
v -1.1 1.2 -0.6
v -1.1 1.2 -0.7
v -1.1 1.2 -0.8
v -1.1 1.2 -1
v -1.1 1.2 -1.1
v -1.1 1.2 -1.2
v -1.1 1.2 -1.3
v -1.1 1.3 1.5
v -1.1 1.3 1.4
v -1.1 1.3 1.3
v -1.1 1.3 -0.3
v -1.1 1.3 -0.4
v -1.1 1.3 -0.5
v -1.1 1.3 -0.6
v -1.1 1.3 -0.7
v -1.1 1.3 -1.1
v -1.1 1.3 -1.2
v -1.1 1.3 -1.3
v -1.1 1.3 -1.4
v -1.1 1.3 -1.5
v -1.1 1.3 -3.2
v -1.1 1.3 -3.3
v -1.1 1.3 -3.5
v -1.1 1.3 -3.7
v -1.1 1.3 -3.9
v -1.1 1.3 -4
v -1.1 1.4 1.5
v -1.1 1.4 1.3
v -1.1 1.4 -0.3
v -1.1 1.4 -0.4
v -1.1 1.4 -0.5
v -1.1 1.4 -0.6
v -1.1 1.4 -1.2
v -1.1 1.4 -1.3
v -1.1 1.4 -1.4
v -1.1 1.4 -1.5
v -1.1 1.4 -3.2
v -1.1 1.4 -3.3
v -1.1 1.4 -3.5
v -1.1 1.4 -3.7
v -1.1 1.4 -3.9
v -1.1 1.4 -4
v -1.1 1.5 -0.4
v -1.1 1.5 -0.5
v -1.1 1.5 -1.3
v -1.1 1.5 -1.4
v -1.1 2 0.6
v -1.1 2 0.5
v -1.1 2.1 0.6
v -1.1 2.1 0.5
v -1.1 2.1 -3.2
v -1.1 2.1 -3.3
v -1.1 2.1 -3.5
v -1.1 2.1 -3.7
v -1.1 2.1 -3.9
v -1.1 2.1 -4
v -1.1 2.2 -3.2
v -1.1 2.2 -3.3
v -1.1 2.2 -3.5
v -1.1 2.2 -3.7
v -1.1 2.2 -3.9
v -1.1 2.2 -4
v -1.1 2.6 0.6
v -1.1 2.6 0.5
v -1.1 2.7 0.6
v -1.1 2.7 0.5
v -1.1 3 -3.2
v -1.1 3 -3.3
v -1.1 3 -3.5
v -1.1 3 -3.7
v -1.1 3 -3.9
v -1.1 3 -4
v -1.1 3.1 -3.2
v -1.1 3.1 -3.3
v -1.1 3.1 -3.5
v -1.1 3.1 -3.7
v -1.1 3.1 -3.9
v -1.1 3.1 -4
v -1.1 3.9 -3.2
v -1.1 3.9 -3.3
v -1.1 3.9 -3.5
v -1.1 3.9 -3.7
v -1.1 3.9 -3.9
v -1.1 3.9 -4
v -1.1 4 -3.2
v -1.1 4 -3.3
v -1.1 4 -3.5
v -1.1 4 -3.7
v -1.1 4 -3.9
v -1.1 4 -4
v -1 0.9 -3.4
v -1 0.9 -3.5
v -1 1 -3.4
v -1 1 -3.5
v -1 1.2 -1.9
v -1 1.2 -2.1
v -1 1.3 -1.9
v -1 1.3 -2.1
v -1 1.4 -3.5
v -1 1.4 -3.7
v -1 1.5 0.1
v -1 1.5 -0.0999998
v -1 1.5 -3.5
v -1 1.5 -3.7
v -1 1.6 0.1
v -1 1.6 1.19209e-07
v -1 1.6 -0.0999998
v -1 2.2 -3.5
v -1 2.2 -3.7
v -1 2.3 -3.5
v -1 2.3 -3.7
v -1 2.4 1
v -1 2.4 0.8
v -1 2.5 1
v -1 2.5 0.8
v -1 3.1 -3.5
v -1 3.1 -3.7
v -1 3.2 -3.5
v -1 3.2 -3.7
v -1 4 -1.3
v -1 4 -1.4
v -1 4 -3.5
v -1 4 -3.7
v -1 4.1 -3.5
v -1 4.1 -3.7
v -1 4.4 -1.2
v -1 4.4 -1.3
v -1 4.4 -1.4
v -1 4.5 -1.2
v -1 4.5 -1.3
v -0.9 0.9 -3.3
v -0.9 0.9 -3.4
v -0.9 1 -3.3
v -0.9 1 -3.4
v -0.9 1.1 -0.8
v -0.9 1.1 -1
v -0.9 1.1 -1.9
v -0.9 1.1 -2.1
v -0.9 1.2 1
v -0.9 1.2 0.8
v -0.9 1.2 -0.8
v -0.9 1.2 -1
v -0.9 1.2 -1.9
v -0.9 1.2 -2.1
v -0.9 1.3 1
v -0.9 1.3 0.9
v -0.9 1.3 0.8
v -0.9 1.4 0.9
v -0.9 1.4 0.8
v -0.9 1.4 0.1
v -0.9 1.4 -0.0999998
v -0.9 1.4 -4.7
v -0.9 1.4 -4.9
v -0.9 1.5 0.1
v -0.9 1.5 -0.0999998
v -0.9 1.5 -3.5
v -0.9 1.5 -3.7
v -0.9 1.5 -4.7
v -0.9 1.5 -4.9
v -0.9 1.6 -3.5
v -0.9 1.6 -3.7
v -0.9 1.9 1
v -0.9 1.9 0.8
v -0.9 2 1
v -0.9 2 0.8
v -0.9 2.3 -3.5
v -0.9 2.3 -3.7
v -0.9 2.4 -3.5
v -0.9 2.4 -3.7
v -0.9 2.5 1
v -0.9 2.5 0.8
v -0.9 2.6 1
v -0.9 2.6 0.8
v -0.9 2.6 -1.2
v -0.9 2.6 -1.4
v -0.9 3 -1.2
v -0.9 3 -1.4
v -0.9 3.2 -3.5
v -0.9 3.2 -3.7
v -0.9 3.3 -3.5
v -0.9 3.3 -3.7
v -0.9 4.1 -3.5
v -0.9 4.1 -3.7
v -0.9 4.2 -1.2
v -0.9 4.2 -1.3
v -0.9 4.2 -3.5
v -0.9 4.2 -3.7
v -0.9 4.3 -1.4
v -0.9 4.3 -1.5
v -0.9 4.4 -1.2
v -0.9 4.4 -1.3
v -0.9 4.4 -1.4
v -0.9 4.5 -1.1
v -0.9 4.5 -1.2
v -0.9 4.5 -1.3
v -0.9 4.5 -1.4
v -0.9 4.5 -1.5
v -0.9 4.6 -1.1
v -0.9 4.6 -1.2
v -0.9 4.6 -1.4
v -0.8 0.9 -2.9
v -0.8 0.9 -3
v -0.8 0.9 -3.5
v -0.8 0.9 -3.6
v -0.8 1 -1.9
v -0.8 1 -2.1
v -0.8 1 -2.9
v -0.8 1 -3
v -0.8 1 -3.5
v -0.8 1 -3.6
v -0.8 1.1 -1.9
v -0.8 1.1 -2.1
v -0.8 1.2 -0.8
v -0.8 1.2 -1
v -0.8 1.3 1
v -0.8 1.3 0.9
v -0.8 1.3 -0.8
v -0.8 1.3 -1
v -0.8 1.4 1
v -0.8 1.4 0.9
v -0.8 1.5 -4.7
v -0.8 1.5 -4.9
v -0.8 1.6 -3.5
v -0.8 1.6 -3.7
v -0.8 1.6 -4.7
v -0.8 1.6 -4.9
v -0.8 1.7 -3.5
v -0.8 1.7 -3.7
v -0.8 2.4 -3.5
v -0.8 2.4 -3.7
v -0.8 2.5 -3.5
v -0.8 2.5 -3.7
v -0.8 3.3 -3.5
v -0.8 3.3 -3.7
v -0.8 3.4 -3.5
v -0.8 3.4 -3.7
v -0.8 4.2 -3.5
v -0.8 4.2 -3.7
v -0.8 4.3 -3.5
v -0.8 4.3 -3.7
v -0.7 0.9 -1.9
v -0.7 0.9 -2.1
v -0.7 0.9 -2.7
v -0.7 0.9 -2.9
v -0.7 1 -1.8
v -0.7 1 -1.9
v -0.7 1 -2.1
v -0.7 1 -2.2
v -0.7 1 -2.7
v -0.7 1 -2.9
v -0.7 1.1 -1.7
v -0.7 1.1 -1.8
v -0.7 1.1 -2.2
v -0.7 1.1 -2.3
v -0.7 1.2 -1.6
v -0.7 1.2 -1.7
v -0.7 1.2 -1.8
v -0.7 1.2 -1.9
v -0.7 1.2 -2.1
v -0.7 1.2 -2.2
v -0.7 1.2 -2.3
v -0.7 1.2 -2.4
v -0.7 1.3 -0.8
v -0.7 1.3 -1
v -0.7 1.3 -1.6
v -0.7 1.3 -1.8
v -0.7 1.3 -2.2
v -0.7 1.3 -2.4
v -0.7 1.4 -0.8
v -0.7 1.4 -1
v -0.7 1.6 -4.7
v -0.7 1.6 -4.9
v -0.7 1.7 -3.5
v -0.7 1.7 -3.7
v -0.7 1.7 -4.7
v -0.7 1.7 -4.9
v -0.7 1.8 1
v -0.7 1.8 0.8
v -0.7 1.8 -3.5
v -0.7 1.8 -3.7
v -0.7 1.9 1
v -0.7 1.9 0.8
v -0.7 2.5 -3.5
v -0.7 2.5 -3.7
v -0.7 2.6 -3.5
v -0.7 2.6 -3.7
v -0.7 2.7 -1.2
v -0.7 2.7 -1.4
v -0.7 2.8 -1.2
v -0.7 2.8 -1.4
v -0.7 3.4 -3.5
v -0.7 3.4 -3.7
v -0.7 3.5 -3.5
v -0.7 3.5 -3.7
v -0.7 4.3 -1.2
v -0.7 4.3 -1.4
v -0.7 4.3 -3.5
v -0.7 4.3 -3.7
v -0.7 4.4 -0.7
v -0.7 4.4 -0.8
v -0.7 4.4 -1.2
v -0.7 4.4 -1.4
v -0.7 4.4 -3.5
v -0.7 4.4 -3.7
v -0.7 4.5 -0.7
v -0.7 4.5 -0.8
v -0.7 4.6 -1.2
v -0.7 4.6 -1.4
v -0.7 4.7 -1.2
v -0.7 4.7 -1.4
v -0.6 0.9 -1.2
v -0.6 0.9 -1.4
v -0.6 0.9 -4.5
v -0.6 0.9 -4.7
v -0.6 1 -4.5
v -0.6 1 -4.7
v -0.6 1.4 -0.8
v -0.6 1.4 -1
v -0.6 1.4 -1.3
v -0.6 1.4 -1.4
v -0.6 1.5 -0.8
v -0.6 1.5 -1
v -0.6 1.7 0.9
v -0.6 1.7 0.8
v -0.6 1.7 -4.7
v -0.6 1.7 -4.8
v -0.6 1.7 -4.9
v -0.6 1.8 0.9
v -0.6 1.8 0.8
v -0.6 1.8 -4.7
v -0.6 1.8 -4.8
v -0.6 1.8 -4.9
v -0.6 2.6 -1.3
v -0.6 2.6 -1.4
v -0.6 2.7 -0.6
v -0.6 2.7 -0.7
v -0.6 2.7 -0.8
v -0.6 2.7 -0.9
v -0.6 2.7 -1.1
v -0.6 2.7 -1.2
v -0.6 2.7 -1.4
v -0.6 2.7 -1.5
v -0.6 2.7 -1.8
v -0.6 2.7 -1.9
v -0.6 2.8 -0.6
v -0.6 2.8 -0.7
v -0.6 2.8 -0.8
v -0.6 2.8 -0.9
v -0.6 2.8 -1
v -0.6 2.8 -1.1
v -0.6 2.8 -1.5
v -0.6 2.8 -1.6
v -0.6 2.8 -1.7
v -0.6 2.8 -1.8
v -0.6 2.9 -0.7
v -0.6 2.9 -0.8
v -0.6 2.9 -0.9
v -0.6 2.9 -1
v -0.6 2.9 -1.1
v -0.6 2.9 -1.2
v -0.6 2.9 -1.3
v -0.6 2.9 -1.4
v -0.6 2.9 -1.5
v -0.6 2.9 -1.6
v -0.6 2.9 -1.7
v -0.6 2.9 -1.8
v -0.6 2.9 -1.9
v -0.6 3 -0.8
v -0.6 3 -1.1
v -0.6 3 -1.5
v -0.6 3 -1.8
v -0.6 3 -1.9
v -0.6 3.8 -1.3
v -0.6 3.8 -1.4
v -0.6 3.9 -0.6
v -0.6 3.9 -0.7
v -0.6 4.1 -1.8
v -0.6 4.1 -1.9
v -0.6 4.3 -0.7
v -0.6 4.3 -0.8
v -0.6 4.3 -1.1
v -0.6 4.3 -1.2
v -0.6 4.3 -1.4
v -0.6 4.3 -1.5
v -0.6 4.3 -1.8
v -0.6 4.3 -1.9
v -0.6 4.4 -0.6
v -0.6 4.4 -0.7
v -0.6 4.4 -0.8
v -0.6 4.4 -0.9
v -0.6 4.4 -1
v -0.6 4.4 -1.1
v -0.6 4.4 -1.5
v -0.6 4.4 -1.6
v -0.6 4.4 -1.7
v -0.6 4.4 -1.8
v -0.6 4.5 -0.7
v -0.6 4.5 -0.8
v -0.6 4.5 -0.9
v -0.6 4.5 -1
v -0.6 4.5 -1.1
v -0.6 4.5 -1.2
v -0.6 4.5 -1.4
v -0.6 4.5 -1.5
v -0.6 4.5 -1.6
v -0.6 4.5 -1.7
v -0.6 4.5 -1.8
v -0.6 4.5 -1.9
v -0.6 4.6 -0.7
v -0.6 4.6 -0.8
v -0.6 4.6 -1.1
v -0.6 4.6 -1.2
v -0.6 4.6 -1.4
v -0.6 4.6 -1.5
v -0.6 4.6 -1.8
v -0.6 4.7 -1.1
v -0.6 4.7 -1.2
v -0.6 4.7 -1.4
v -0.6 4.7 -1.5
v -0.6 4.8 -1.2
v -0.6 4.8 -1.4
v -0.5 0.9 -4.4
v -0.5 0.9 -4.5
v -0.5 1 -4.4
v -0.5 1 -4.5
v -0.5 1.1 -1.9
v -0.5 1.1 -2.1
v -0.5 1.2 -1.9
v -0.5 1.2 -2.1
v -0.5 1.4 -1.3
v -0.5 1.4 -1.4
v -0.5 1.5 -3.5
v -0.5 1.5 -3.7
v -0.5 1.6 1.19209e-07
v -0.5 1.6 -0.0999998
v -0.5 1.6 -3.5
v -0.5 1.6 -3.6
v -0.5 1.6 -3.7
v -0.5 1.7 1.19209e-07
v -0.5 1.7 -0.0999998
v -0.5 2.3 -0.7
v -0.5 2.3 -0.8
v -0.5 2.3 -3.5
v -0.5 2.3 -3.7
v -0.5 2.4 -3.5
v -0.5 2.4 -3.6
v -0.5 2.4 -3.7
v -0.5 2.6 -1.3
v -0.5 2.6 -1.4
v -0.5 2.6 -1.9
v -0.5 2.6 -2
v -0.5 2.7 -0.7
v -0.5 2.7 -0.8
v -0.5 2.7 -1.9
v -0.5 2.8 -0.6
v -0.5 2.8 -0.7
v -0.5 2.8 -1.3
v -0.5 2.8 -1.4
v -0.5 2.9 -0.6
v -0.5 2.9 -0.7
v -0.5 2.9 -0.8
v -0.5 2.9 -1.4
v -0.5 2.9 -1.9
v -0.5 2.9 -2
v -0.5 3 -0.7
v -0.5 3 -0.8
v -0.5 3.2 -3.5
v -0.5 3.2 -3.7
v -0.5 3.3 -3.5
v -0.5 3.3 -3.6
v -0.5 3.3 -3.7
v -0.5 3.8 -1.3
v -0.5 3.8 -1.4
v -0.5 4.1 -3.5
v -0.5 4.1 -3.7
v -0.5 4.2 -1.9
v -0.5 4.2 -2
v -0.5 4.2 -3.5
v -0.5 4.2 -3.6
v -0.5 4.2 -3.7
v -0.5 4.3 -1.9
v -0.5 4.4 -0.6
v -0.5 4.4 -0.7
v -0.5 4.4 -1.9
v -0.5 4.4 -2
v -0.5 4.5 -0.6
v -0.5 4.5 -0.7
v -0.4 0.9 -4.3
v -0.4 0.9 -4.4
v -0.4 1 -4.3
v -0.4 1 -4.4
v -0.4 1.2 -1.9
v -0.4 1.2 -2.1
v -0.4 1.3 -1.9
v -0.4 1.3 -2.1
v -0.4 1.4 -3.5
v -0.4 1.4 -3.7
v -0.4 1.5 1.19209e-07
v -0.4 1.5 -0.2
v -0.4 1.5 -3.5
v -0.4 1.5 -3.7
v -0.4 1.5 -4.7
v -0.4 1.5 -4.9
v -0.4 1.6 1.19209e-07
v -0.4 1.6 -0.0999998
v -0.4 1.6 -0.2
v -0.4 1.6 -4.7
v -0.4 1.6 -4.9
v -0.4 2.2 -3.5
v -0.4 2.2 -3.7
v -0.4 2.3 -3.5
v -0.4 2.3 -3.7
v -0.4 2.8 -1.2
v -0.4 2.8 -1.3
v -0.4 2.9 -1.2
v -0.4 2.9 -1.3
v -0.4 3.1 -3.5
v -0.4 3.1 -3.7
v -0.4 3.2 -3.5
v -0.4 3.2 -3.7
v -0.4 4 -3.5
v -0.4 4 -3.7
v -0.4 4.1 -3.5
v -0.4 4.1 -3.7
v -0.3 1.2 -1
v -0.3 1.2 -1.2
v -0.3 1.3 1.2
v -0.3 1.3 1
v -0.3 1.3 -1
v -0.3 1.3 -1.2
v -0.3 1.3 -2
v -0.3 1.3 -2.1
v -0.3 1.3 -2.2
v -0.3 1.4 1.2
v -0.3 1.4 1
v -0.3 1.4 -0.0999998
v -0.3 1.4 -0.2
v -0.3 1.4 -2
v -0.3 1.4 -2.2
v -0.3 1.4 -4.7
v -0.3 1.4 -4.9
v -0.3 1.5 -0.0999998
v -0.3 1.5 -0.2
v -0.3 1.5 -4.7
v -0.3 1.5 -4.9
v -0.3 2.9 -1.2
v -0.3 2.9 -1.4
v -0.3 3 -1.2
v -0.3 3 -1.4
v -0.3 4.5 -1.2
v -0.3 4.5 -1.4
v -0.3 4.6 -1.2
v -0.3 4.6 -1.4
v -0.2 0.9 -3.5
v -0.2 0.9 -3.6
v -0.2 1 -3.5
v -0.2 1 -3.6
v -0.2 1.1 -1
v -0.2 1.1 -1.2
v -0.2 1.2 1.2
v -0.2 1.2 1
v -0.2 1.2 -1
v -0.2 1.2 -1.2
v -0.2 1.2 -2.1
v -0.2 1.2 -2.2
v -0.2 1.3 1.2
v -0.2 1.3 1
v -0.2 1.3 -0.0999998
v -0.2 1.3 -0.2
v -0.2 1.3 -2.1
v -0.2 1.3 -2.2
v -0.2 1.3 -4.7
v -0.2 1.3 -4.9
v -0.2 1.4 -0.0999998
v -0.2 1.4 -0.2
v -0.2 1.4 -4.7
v -0.2 1.4 -4.9
v -0.2 4.3 -1.2
v -0.2 4.3 -1.3
v -0.2 4.4 -1.2
v -0.2 4.4 -1.3
v -0.0999999 0.9 -3.4
v -0.0999999 0.9 -3.5
v -0.0999999 1 -1
v -0.0999999 1 -1.2
v -0.0999999 1 -3.4
v -0.0999999 1 -3.5
v -0.0999999 1.1 1.2
v -0.0999999 1.1 1
v -0.0999999 1.1 -1
v -0.0999999 1.1 -1.2
v -0.0999999 1.1 -2
v -0.0999999 1.1 -2.2
v -0.0999999 1.2 1.2
v -0.0999999 1.2 1
v -0.0999999 1.2 -0.0999998
v -0.0999999 1.2 -0.2
v -0.0999999 1.2 -2
v -0.0999999 1.2 -2.2
v -0.0999999 1.2 -4.7
v -0.0999999 1.2 -4.9
v -0.0999999 1.3 -0.0999998
v -0.0999999 1.3 -0.2
v -0.0999999 1.3 -4.4
v -0.0999999 1.3 -4.5
v -0.0999999 1.3 -4.7
v -0.0999999 1.3 -4.9
v -0.0999999 1.3 -5.1
v -0.0999999 1.3 -5.2
v -0.0999999 1.4 -4.4
v -0.0999999 1.4 -4.5
v -0.0999999 1.4 -5.1
v -0.0999999 1.4 -5.2
v -0.0999999 2.5 -1.2
v -0.0999999 2.5 -1.3
v -0.0999999 2.6 -1.1
v -0.0999999 2.6 -1.2
v -0.0999999 2.7 -1.1
v -0.0999999 2.7 -1.2
v -0.0999999 2.8 -1.2
v -0.0999999 2.8 -1.3
v -0.0999999 2.8 -1.4
v -0.0999999 2.9 -1.3
v -0.0999999 2.9 -1.4
v -0.0999999 4.4 -1.3
v -0.0999999 4.4 -1.4
v -0.0999999 4.5 -1.3
v -0.0999999 4.5 -1.4
v 0 0.9 -1
v 0 0.9 -1.2
v 0 0.9 -3.5
v 0 0.9 -3.7
v 0 1 1.2
v 0 1 1
v 0 1 -0.9
v 0 1 -1
v 0 1 -1.2
v 0 1 -1.3
v 0 1 -2
v 0 1 -2.2
v 0 1 -3.5
v 0 1 -3.7
v 0 1.1 1.2
v 0 1.1 1
v 0 1.1 -0.8
v 0 1.1 -0.9
v 0 1.1 -1.3
v 0 1.1 -1.4
v 0 1.1 -2
v 0 1.1 -2.2
v 0 1.1 -4.7
v 0 1.1 -4.9
v 0 1.2 -0.2
v 0 1.2 -0.3
v 0 1.2 -0.7
v 0 1.2 -0.8
v 0 1.2 -0.9
v 0 1.2 -1
v 0 1.2 -1.2
v 0 1.2 -1.3
v 0 1.2 -1.4
v 0 1.2 -1.5
v 0 1.2 -4.7
v 0 1.2 -4.9
v 0 1.3 -0.3
v 0 1.3 -0.4
v 0 1.3 -0.7
v 0 1.3 -0.9
v 0 1.3 -1.3
v 0 1.3 -1.5
v 0 1.4 -0.2
v 0 1.4 -0.3
v 0 1.4 -0.4
v 0 1.4 -0.5
v 0 1.4 -4.5
v 0 1.4 -4.6
v 0 1.4 -5
v 0 1.4 -5.1
v 0 1.5 -0.3
v 0 1.5 -0.5
v 0 1.5 -4.5
v 0 1.5 -4.6
v 0 1.5 -5
v 0 1.5 -5.1
v 0 2.7 -1.3
v 0 2.7 -1.4
v 0 2.8 -1.3
v 0 2.8 -1.4
v 0 4.1 -1.2
v 0 4.1 -1.3
v 0 4.3 -1.2
v 0 4.3 -1.3
v 0 4.3 -1.4
v 0 4.4 -1.2
v 0 4.4 -1.4
v 0.0999999 0.9 1.2
v 0.0999999 0.9 1
v 0.0999999 0.9 -0.0999998
v 0.0999999 0.9 -0.2
v 0.0999999 0.9 -2
v 0.0999999 0.9 -2.2
v 0.0999999 1 1.3
v 0.0999999 1 1.2
v 0.0999999 1 1
v 0.0999999 1 0.9
v 0.0999999 1 -1.9
v 0.0999999 1 -2
v 0.0999999 1 -2.2
v 0.0999999 1 -2.3
v 0.0999999 1 -4.7
v 0.0999999 1 -4.9
v 0.0999999 1.1 1.4
v 0.0999999 1.1 1.3
v 0.0999999 1.1 0.9
v 0.0999999 1.1 0.8
v 0.0999999 1.1 -1.8
v 0.0999999 1.1 -1.9
v 0.0999999 1.1 -2.3
v 0.0999999 1.1 -2.4
v 0.0999999 1.1 -4.7
v 0.0999999 1.1 -4.9
v 0.0999999 1.2 1.5
v 0.0999999 1.2 1.4
v 0.0999999 1.2 1.3
v 0.0999999 1.2 1.2
v 0.0999999 1.2 1
v 0.0999999 1.2 0.9
v 0.0999999 1.2 0.8
v 0.0999999 1.2 0.7
v 0.0999999 1.2 0.1
v 0.0999999 1.2 -0.0999998
v 0.0999999 1.2 -0.2
v 0.0999999 1.2 -1.7
v 0.0999999 1.2 -1.8
v 0.0999999 1.2 -1.9
v 0.0999999 1.2 -2
v 0.0999999 1.2 -2.2
v 0.0999999 1.2 -2.3
v 0.0999999 1.2 -2.4
v 0.0999999 1.2 -2.5
v 0.0999999 1.3 1.6
v 0.0999999 1.3 1.5
v 0.0999999 1.3 1.4
v 0.0999999 1.3 1.3
v 0.0999999 1.3 0.9
v 0.0999999 1.3 0.8
v 0.0999999 1.3 0.7
v 0.0999999 1.3 0.6
v 0.0999999 1.3 0.2
v 0.0999999 1.3 0.1
v 0.0999999 1.3 1.19209e-07
v 0.0999999 1.3 -0.0999998
v 0.0999999 1.3 -0.2
v 0.0999999 1.3 -1.6
v 0.0999999 1.3 -1.7
v 0.0999999 1.3 -1.8
v 0.0999999 1.3 -1.9
v 0.0999999 1.3 -2.3
v 0.0999999 1.3 -2.4
v 0.0999999 1.3 -2.5
v 0.0999999 1.3 -2.6
v 0.0999999 1.3 -4.6
v 0.0999999 1.3 -4.7
v 0.0999999 1.3 -4.9
v 0.0999999 1.3 -5
v 0.0999999 1.4 1.6
v 0.0999999 1.4 1.4
v 0.0999999 1.4 0.8
v 0.0999999 1.4 0.6
v 0.0999999 1.4 0.3
v 0.0999999 1.4 0.2
v 0.0999999 1.4 0.1
v 0.0999999 1.4 1.19209e-07
v 0.0999999 1.4 -0.2
v 0.0999999 1.4 -0.5
v 0.0999999 1.4 -0.6
v 0.0999999 1.4 -1.6
v 0.0999999 1.4 -1.8
v 0.0999999 1.4 -2.4
v 0.0999999 1.4 -2.6
v 0.0999999 1.4 -4.6
v 0.0999999 1.4 -4.7
v 0.0999999 1.4 -4.9
v 0.0999999 1.4 -5
v 0.0999999 1.5 0.3
v 0.0999999 1.5 0.1
v 0.0999999 1.5 -0.0999998
v 0.0999999 1.5 -0.2
v 0.0999999 1.5 -0.5
v 0.0999999 1.5 -0.6
v 0.0999999 1.5 -0.7
v 0.0999999 1.6 -0.5
v 0.0999999 1.6 -0.7
v 0.2 0.9 0.4
v 0.2 0.9 0.3
v 0.2 0.9 -4.7
v 0.2 0.9 -4.9
v 0.2 1 0.4
v 0.2 1 0.3
v 0.2 1 -4.6
v 0.2 1 -4.7
v 0.2 1 -4.9
v 0.2 1 -5
v 0.2 1.1 -1
v 0.2 1.1 -1.2
v 0.2 1.1 -4.5
v 0.2 1.1 -4.6
v 0.2 1.1 -5
v 0.2 1.1 -5.1
v 0.2 1.2 -1
v 0.2 1.2 -1.2
v 0.2 1.2 -2.9
v 0.2 1.2 -3.1
v 0.2 1.2 -4.4
v 0.2 1.2 -4.5
v 0.2 1.2 -4.6
v 0.2 1.2 -4.7
v 0.2 1.2 -4.9
v 0.2 1.2 -5
v 0.2 1.2 -5.1
v 0.2 1.2 -5.2
v 0.2 1.3 -2.9
v 0.2 1.3 -3.1
v 0.2 1.3 -4.3
v 0.2 1.3 -4.4
v 0.2 1.3 -4.5
v 0.2 1.3 -4.6
v 0.2 1.3 -4.7
v 0.2 1.3 -4.9
v 0.2 1.3 -5
v 0.2 1.3 -5.1
v 0.2 1.3 -5.2
v 0.2 1.3 -5.3
v 0.2 1.4 -3.6
v 0.2 1.4 -3.8
v 0.2 1.4 -4.2
v 0.2 1.4 -4.3
v 0.2 1.4 -4.4
v 0.2 1.4 -4.5
v 0.2 1.4 -5.1
v 0.2 1.4 -5.2
v 0.2 1.4 -5.3
v 0.2 1.4 -5.4
v 0.2 1.4 -5.8
v 0.2 1.4 -6
v 0.2 1.5 0.4
v 0.2 1.5 0.3
v 0.2 1.5 0.2
v 0.2 1.5 -0.0999998
v 0.2 1.5 -0.2
v 0.2 1.5 -3.6
v 0.2 1.5 -3.7
v 0.2 1.5 -3.8
v 0.2 1.5 -3.9
v 0.2 1.5 -4.1
v 0.2 1.5 -4.2
v 0.2 1.5 -4.3
v 0.2 1.5 -4.4
v 0.2 1.5 -5.2
v 0.2 1.5 -5.3
v 0.2 1.5 -5.4
v 0.2 1.5 -5.5
v 0.2 1.5 -5.9
v 0.2 1.5 -6
v 0.2 1.6 0.4
v 0.2 1.6 0.2
v 0.2 1.6 -0.0999998
v 0.2 1.6 -0.2
v 0.2 1.6 -3.7
v 0.2 1.6 -3.8
v 0.2 1.6 -3.9
v 0.2 1.6 -4.1
v 0.2 1.6 -4.2
v 0.2 1.6 -4.3
v 0.2 1.6 -5.3
v 0.2 1.6 -5.4
v 0.2 1.6 -5.5
v 0.2 1.6 -5.7
v 0.2 1.6 -5.8
v 0.2 1.6 -5.9
v 0.2 1.7 -3.8
v 0.2 1.7 -3.9
v 0.2 1.7 -4.1
v 0.2 1.7 -4.2
v 0.2 1.7 -5.4
v 0.2 1.7 -5.5
v 0.2 1.7 -5.7
v 0.2 1.7 -5.8
v 0.2 1.8 -3.9
v 0.2 1.8 -4.1
v 0.2 1.8 -5.5
v 0.2 1.8 -5.7
v 0.3 0.9 0.3
v 0.3 0.9 0.2
v 0.3 0.9 -1.4
v 0.3 0.9 -1.7
v 0.3 0.9 -4.2
v 0.3 0.9 -4.4
v 0.3 1 0.3
v 0.3 1 0.2
v 0.3 1 -1.4
v 0.3 1 -1.7
v 0.3 1 -4.2
v 0.3 1 -4.4
v 0.3 1.1 1.2
v 0.3 1.1 1
v 0.3 1.1 -2
v 0.3 1.1 -2.2
v 0.3 1.1 -2.9
v 0.3 1.1 -3.1
v 0.3 1.2 1.2
v 0.3 1.2 1
v 0.3 1.2 -1
v 0.3 1.2 -1.2
v 0.3 1.2 -2
v 0.3 1.2 -2.2
v 0.3 1.2 -2.9
v 0.3 1.2 -3.1
v 0.3 1.3 -1
v 0.3 1.3 -1.2
v 0.3 1.5 -5.7
v 0.3 1.5 -5.8
v 0.3 1.6 -0.0999998
v 0.3 1.6 -0.2
v 0.3 1.6 -5.7
v 0.3 1.6 -5.8
v 0.3 1.7 -0.0999998
v 0.3 1.7 -0.2
v 0.4 0 1.4
v 0.4 0 -4.1
v 0.4 0.3 1.4
v 0.4 0.3 -3.9
v 0.4 0.3 -4.1
v 0.4 0.9 -1.3
v 0.4 0.9 -1.4
v 0.4 0.9 -4
v 0.4 0.9 -4.2
v 0.4 1 -1.3
v 0.4 1 -1.4
v 0.4 1 -2.9
v 0.4 1 -3.1
v 0.4 1 -4
v 0.4 1 -4.2
v 0.4 1.1 -0.0999998
v 0.4 1.1 -0.2
v 0.4 1.1 -2.9
v 0.4 1.1 -3.1
v 0.4 1.2 1.2
v 0.4 1.2 1
v 0.4 1.2 -0.0999998
v 0.4 1.2 -0.2
v 0.4 1.2 -2
v 0.4 1.2 -2.2
v 0.4 1.3 1.2
v 0.4 1.3 1
v 0.4 1.3 -2
v 0.4 1.3 -2.2
v 0.4 1.3 -4.6
v 0.4 1.3 -4.7
v 0.4 1.3 -4.9
v 0.4 1.3 -5
v 0.4 1.4 -4.6
v 0.4 1.4 -4.7
v 0.4 1.4 -4.9
v 0.4 1.4 -5
v 0.4 1.7 1.19209e-07
v 0.4 1.7 -0.0999998
v 0.4 1.7 -0.2
v 0.4 1.8 1.19209e-07
v 0.4 1.8 -0.2
v 0.5 0.9 -2.9
v 0.5 0.9 -3.1
v 0.5 1 -2.8
v 0.5 1 -2.9
v 0.5 1 -3.1
v 0.5 1 -3.2
v 0.5 1.1 -2.7
v 0.5 1.1 -2.8
v 0.5 1.1 -3.2
v 0.5 1.1 -3.3
v 0.5 1.2 -2.6
v 0.5 1.2 -2.7
v 0.5 1.2 -2.8
v 0.5 1.2 -2.9
v 0.5 1.2 -3.1
v 0.5 1.2 -3.2
v 0.5 1.2 -3.3
v 0.5 1.2 -3.4
v 0.5 1.2 -4.7
v 0.5 1.2 -4.9
v 0.5 1.3 1.2
v 0.5 1.3 1
v 0.5 1.3 -2
v 0.5 1.3 -2.2
v 0.5 1.3 -2.6
v 0.5 1.3 -2.8
v 0.5 1.3 -3.2
v 0.5 1.3 -3.4
v 0.5 1.3 -4.7
v 0.5 1.3 -4.9
v 0.5 1.4 1.2
v 0.5 1.4 1
v 0.5 1.4 -2
v 0.5 1.4 -2.2
v 0.5 1.4 -4.5
v 0.5 1.4 -4.6
v 0.5 1.4 -5
v 0.5 1.4 -5.1
v 0.5 1.5 -4.5
v 0.5 1.5 -4.6
v 0.5 1.5 -5
v 0.5 1.5 -5.1
v 0.5 1.8 0.1
v 0.5 1.8 1.19209e-07
v 0.5 1.8 -0.0999998
v 0.5 1.9 0.2
v 0.5 1.9 0.1
v 0.5 1.9 1.19209e-07
v 0.5 1.9 -0.0999998
v 0.5 2 0.2
v 0.5 2 1.19209e-07
v 0.6 0.3 1.4
v 0.6 0.3 -4.1
v 0.6 0.4 1.4
v 0.6 0.4 -4
v 0.6 0.4 -4.1
v 0.6 0.6 1.4
v 0.6 0.6 -4
v 0.6 0.6 -4.1
v 0.6 0.7 1.4
v 0.6 0.7 -4.1
v 0.6 1.3 -4.4
v 0.6 1.3 -4.5
v 0.6 1.3 -4.7
v 0.6 1.3 -4.9
v 0.6 1.3 -5.1
v 0.6 1.3 -5.2
v 0.6 1.4 -4.4
v 0.6 1.4 -4.5
v 0.6 1.4 -4.7
v 0.6 1.4 -4.9
v 0.6 1.4 -5.1
v 0.6 1.4 -5.2
v 0.7 0.4 1.4
v 0.7 0.4 -4.1
v 0.7 0.5 1.4
v 0.7 0.6 1.4
v 0.7 0.6 -4.1
v 0.7 1.1 -2.9
v 0.7 1.1 -3.1
v 0.7 1.2 -2.9
v 0.7 1.2 -3.1
v 0.7 1.4 -4.7
v 0.7 1.4 -4.9
v 0.7 1.5 -4.7
v 0.7 1.5 -4.9
v 0.8 1.2 -2.9
v 0.8 1.2 -3.1
v 0.8 1.3 -2.9
v 0.8 1.3 -3.1
v 0.8 1.5 -4.7
v 0.8 1.5 -4.9
v 0.8 1.6 -4.7
v 0.8 1.6 -4.9
v 0.9 0.5 1.5
v 0.9 0.5 1.4
v 0.9 0.7 1.5
v 0.9 0.7 1.4
v 0.9 0.9 1.4
v 0.9 0.9 -5
v 0.9 1 1.4
v 0.9 1 -5
v 0.9 1.6 -4.7
v 0.9 1.6 -4.9
v 0.9 1.7 -4.7
v 0.9 1.7 -4.9
v 1 1.7 -4.7
v 1 1.7 -4.9
v 1 1.8 -4.7
v 1 1.8 -4.9
v 1.2 1.5 -4.7
v 1.2 1.5 -4.9
v 1.2 1.6 -4.7
v 1.2 1.6 -4.8
v 1.2 1.6 -4.9
v 1.3 1.4 -4.7
v 1.3 1.4 -4.9
v 1.3 1.5 -4.7
v 1.3 1.5 -4.9
v -5.7 4 -2.9
v -5.7 4 -3
v -5.7 4.2 -2.9
v -5.7 4.2 -3
v -5.6 2.6 -2.8
v -5.6 2.6 -2.9
v -5.6 2.7 -3
v -5.6 2.7 -3.1
v -5.6 2.8 -2.8
v -5.6 2.8 -2.9
v -5.6 2.8 -3
v -5.6 2.8 -3.1
v -5.6 4.2 -2.8
v -5.6 4.2 -3
v -5.6 4.3 -3
v -5.6 4.3 -3.1
v -5.6 4.4 -2.8
v -5.6 4.4 -3
v -5.6 4.5 -2.7
v -5.6 4.5 -2.8
v -5.6 4.5 -3
v -5.6 4.5 -3.1
v -5.6 4.6 -2.7
v -5.6 4.6 -2.8
v -5.5 0.9 1.4
v -5.5 0.9 -5
v -5.5 1 1.4
v -5.5 1 -5
v -5.5 2.5 -2.9
v -5.5 2.5 -3
v -5.5 2.7 -2.9
v -5.5 2.7 -3
v -5.5 2.8 -3
v -5.5 2.8 -3.1
v -5.5 2.9 -2.8
v -5.5 2.9 -3
v -5.5 2.9 -3.1
v -5.5 3 -2.8
v -5.5 3 -3
v -5.5 4.5 -2.8
v -5.5 4.5 -3
v -5.5 4.6 -2.8
v -5.5 4.6 -3
v -5.4 1.5 0.6
v -5.4 1.5 0.5
v -5.4 1.6 0.5
v -5.4 1.7 0.6
v -5.4 1.7 0.5
v -5.4 2.8 -2.9
v -5.4 2.8 -3
v -5.4 2.9 -2.9
v -5.4 2.9 -3
v -5.3 0.9 1
v -5.3 0.9 0.9
v -5.3 0.9 -0.3
v -5.3 0.9 -0.4
v -5.3 0.9 -4.2
v -5.3 0.9 -4.3
v -5.3 1 1
v -5.3 1 0.9
v -5.3 1 -0.3
v -5.3 1 -0.4
v -5.3 1 -4.2
v -5.3 1 -4.3
v -5.3 1.1 -2.8
v -5.3 1.1 -2.9
v -5.3 1.5 0.5
v -5.3 1.5 0.4
v -5.3 1.6 0.5
v -5.3 1.6 0.4
v -5.3 2.5 -2.8
v -5.3 2.5 -2.9
v -5.3 2.7 -2.2
v -5.3 2.7 -2.3
v -5.3 2.7 -2.4
v -5.3 2.7 -2.5
v -5.3 2.8 -2.2
v -5.3 2.8 -2.3
v -5.3 2.8 -2.4
v -5.3 2.8 -2.5
v -5.3 2.8 -2.8
v -5.3 2.8 -2.9
v -5.3 2.8 -3.2
v -5.3 2.8 -3.3
v -5.3 2.9 -2.8
v -5.3 2.9 -3.2
v -5.3 2.9 -3.3
v -5.3 2.9 -3.4
v -5.3 2.9 -3.5
v -5.3 3 -3.4
v -5.3 3 -3.5
v -5.3 3.9 -2.2
v -5.3 3.9 -2.3
v -5.3 3.9 -2.8
v -5.3 3.9 -2.9
v -5.3 4.1 -3.4
v -5.3 4.1 -3.5
v -5.3 4.2 -3.5
v -5.3 4.3 -2.3
v -5.3 4.3 -3.4
v -5.3 4.3 -3.5
v -5.3 4.4 -2.2
v -5.3 4.4 -2.3
v -5.3 4.5 -2.3
v -5.3 4.5 -2.4
v -5.3 4.6 -2.3
v -5.3 4.6 -2.4
v -5.2 0 1.4
v -5.2 0 1.2
v -5.2 0.1 1.3
v -5.2 0.1 1.2
v -5.2 0.5 1.5
v -5.2 0.5 1.4
v -5.2 0.6 1.4
v -5.2 0.6 1.3
v -5.2 0.7 1.5
v -5.2 0.7 1.4
v -5.2 0.9 -2.8
v -5.2 0.9 -3
v -5.2 0.9 -4.1
v -5.2 0.9 -4.2
v -5.2 1 -0.9
v -5.2 1 -1.1
v -5.2 1 -4.1
v -5.2 1 -4.2
v -5.2 1.1 -0.9
v -5.2 1.1 -1.1
v -5.2 1.1 -2.8
v -5.2 1.1 -2.9
v -5.2 1.4 0.5
v -5.2 1.4 0.4
v -5.2 1.4 -1.9
v -5.2 1.4 -2.1
v -5.2 1.5 0.5
v -5.2 1.5 0.4
v -5.2 1.5 -1.9
v -5.2 1.5 -2.1
v -5.2 1.6 -3.2
v -5.2 1.6 -3.3
v -5.2 1.7 -3.2
v -5.2 1.7 -3.3
v -5.2 2.3 -2.3
v -5.2 2.3 -2.4
v -5.2 2.5 -2.8
v -5.2 2.5 -2.9
v -5.2 2.5 -3.1
v -5.2 2.5 -3.2
v -5.2 2.6 -3.5
v -5.2 2.6 -3.6
v -5.2 2.7 -2.3
v -5.2 2.7 -2.4
v -5.2 2.7 -2.7
v -5.2 2.7 -2.8
v -5.2 2.7 -3
v -5.2 2.7 -3.1
v -5.2 2.7 -3.4
v -5.2 2.7 -3.5
v -5.2 2.8 -2.2
v -5.2 2.8 -2.3
v -5.2 2.8 -2.4
v -5.2 2.8 -2.5
v -5.2 2.8 -2.6
v -5.2 2.8 -2.7
v -5.2 2.8 -3.1
v -5.2 2.8 -3.2
v -5.2 2.8 -3.3
v -5.2 2.8 -3.4
v -5.2 2.9 -2.2
v -5.2 2.9 -2.3
v -5.2 2.9 -2.4
v -5.2 2.9 -2.5
v -5.2 2.9 -2.6
v -5.2 2.9 -2.7
v -5.2 2.9 -2.8
v -5.2 2.9 -2.9
v -5.2 2.9 -3
v -5.2 2.9 -3.1
v -5.2 2.9 -3.2
v -5.2 2.9 -3.3
v -5.2 2.9 -3.4
v -5.2 2.9 -3.5
v -5.2 2.9 -3.6
v -5.2 3 -2.3
v -5.2 3 -2.4
v -5.2 3 -2.7
v -5.2 3 -3.1
v -5.2 3 -3.4
v -5.2 3.9 -2.8
v -5.2 3.9 -2.9
v -5.2 4.2 -3.5
v -5.2 4.2 -3.6
v -5.2 4.3 -2.3
v -5.2 4.3 -2.4
v -5.2 4.3 -2.7
v -5.2 4.3 -2.8
v -5.2 4.3 -3
v -5.2 4.3 -3.1
v -5.2 4.3 -3.4
v -5.2 4.3 -3.5
v -5.2 4.4 -2.2
v -5.2 4.4 -2.3
v -5.2 4.4 -2.4
v -5.2 4.4 -2.5
v -5.2 4.4 -2.6
v -5.2 4.4 -2.7
v -5.2 4.4 -3.1
v -5.2 4.4 -3.2
v -5.2 4.4 -3.3
v -5.2 4.4 -3.4
v -5.2 4.4 -3.5
v -5.2 4.4 -3.6
v -5.2 4.5 -2.2
v -5.2 4.5 -2.3
v -5.2 4.5 -2.4
v -5.2 4.5 -2.5
v -5.2 4.5 -2.6
v -5.2 4.5 -2.7
v -5.2 4.5 -2.8
v -5.2 4.5 -3
v -5.2 4.5 -3.1
v -5.2 4.5 -3.2
v -5.2 4.5 -3.3
v -5.2 4.5 -3.4
v -5.2 4.5 -3.5
v -5.2 4.6 -2.4
v -5.2 4.6 -2.7
v -5.2 4.6 -2.8
v -5.2 4.6 -3
v -5.2 4.6 -3.1
v -5.2 4.6 -3.4
v -5.2 4.7 -2.7
v -5.2 4.7 -2.8
v -5.2 4.7 -3
v -5.2 4.7 -3.1
v -5.2 4.8 -2.8
v -5.2 4.8 -3
v -5.1 0 1.2
v -5.1 0 1.1
v -5.1 0.1 1.3
v -5.1 0.1 1.2
v -5.1 0.2 1.2
v -5.1 0.2 1.1
v -5.1 0.6 1.4
v -5.1 0.6 1.3
v -5.1 0.7 1.4
v -5.1 0.7 1.2
v -5.1 0.9 -4
v -5.1 0.9 -4.1
v -5.1 1 -4
v -5.1 1 -4.1
v -5.1 1.1 -0.9
v -5.1 1.1 -1.1
v -5.1 1.2 -0.9
v -5.1 1.2 -1.1
v -5.1 1.3 0.5
v -5.1 1.3 0.4
v -5.1 1.4 0.5
v -5.1 1.4 0.4
v -5.1 1.4 -4.3
v -5.1 1.4 -4.4
v -5.1 1.5 -1.9
v -5.1 1.5 -2.1
v -5.1 1.5 -4.3
v -5.1 1.5 -4.4
v -5.1 1.6 -1.9
v -5.1 1.6 -2
v -5.1 1.6 -2.1
v -5.1 2.7 -2.8
v -5.1 2.7 -3
v -5.1 2.8 -2.8
v -5.1 2.8 -3
v -5.1 4.3 -2.8
v -5.1 4.3 -3
v -5.1 4.4 -2.8
v -5.1 4.4 -3
v -5.1 4.6 -2.8
v -5.1 4.6 -3
v -5.1 4.7 -2.8
v -5.1 4.7 -3
v -5 0 1.1
v -5 0 1
v -5 0.2 1.2
v -5 0.2 1.1
v -5 0.4 1.1
v -5 0.4 1
v -5 0.7 1.2
v -5 0.7 1.1
v -5 0.8 -3.9
v -5 0.8 -4
v -5 0.9 -1.8
v -5 0.9 -1.9
v -5 0.9 -2.6
v -5 0.9 -2.7
v -5 0.9 -3.4
v -5 0.9 -3.5
v -5 0.9 -3.9
v -5 0.9 -4
v -5 1 -0.9
v -5 1 -1.1
v -5 1 -1.8
v -5 1 -1.9
v -5 1 -2.6
v -5 1 -2.7
v -5 1 -3.4
v -5 1 -3.5
v -5 1.1 -0.9
v -5 1.1 -1.1
v -5 1.2 -4.2
v -5 1.2 -4.3
v -5 1.3 0.4
v -5 1.3 0.3
v -5 1.3 0.2
v -5 1.3 -4.3
v -5 1.3 -4.4
v -5 1.4 0.4
v -5 1.4 0.3
v -5 1.4 0.2
v -5 1.4 -4.2
v -5 1.4 -4.4
v -5 1.5 0.3
v -5 1.5 0.2
v -5 1.5 -3.3
v -5 1.5 -3.4
v -5 1.6 -3.3
v -5 1.6 -3.4
v -5 2.8 -2.9
v -5 2.8 -3
v -5 2.9 -2.9
v -5 2.9 -3
v -5 4.4 -2.9
v -5 4.4 -3
v -5 4.5 -2.9
v -5 4.5 -3
v -4.9 0 1
v -4.9 0 0.9
v -4.9 0.4 1.1
v -4.9 0.4 1
v -4.9 0.5 1
v -4.9 0.5 0.9
v -4.9 0.7 1.1
v -4.9 0.7 1
v -4.9 0.9 0.5
v -4.9 0.9 0.4
v -4.9 1.2 0.7
v -4.9 1.2 0.5
v -4.9 1.2 0.4
v -4.9 1.2 0.3
v -4.9 1.2 -4.3
v -4.9 1.2 -4.4
v -4.9 1.3 0.8
v -4.9 1.3 0.7
v -4.9 1.3 0.6
v -4.9 1.3 0.5
v -4.9 1.3 0.4
v -4.9 1.3 0.3
v -4.9 1.3 -4.3
v -4.9 1.3 -4.4
v -4.9 1.4 0.8
v -4.9 1.4 0.7
v -4.9 1.4 0.6
v -4.9 1.4 0.5
v -4.9 1.4 0.4
v -4.9 1.4 0.2
v -4.9 1.4 1.19209e-07
v -4.9 1.4 -3.3
v -4.9 1.4 -3.4
v -4.9 1.5 0.8
v -4.9 1.5 0.7
v -4.9 1.5 0.2
v -4.9 1.5 0.1
v -4.9 1.5 1.19209e-07
v -4.9 1.5 -3.3
v -4.9 1.5 -3.4
v -4.9 1.6 0.1
v -4.9 1.6 1.19209e-07
v -4.9 1.7 -1.9
v -4.9 1.7 -2.1
v -4.9 1.8 -1.9
v -4.9 1.8 -2.1
v -4.9 4.3 -2.8
v -4.9 4.3 -2.9
v -4.9 4.4 -2.8
v -4.9 4.4 -2.9
v -4.8 0 0.9
v -4.8 0 0.7
v -4.8 0.1 0.8
v -4.8 0.1 0.7
v -4.8 0.5 1
v -4.8 0.5 0.9
v -4.8 0.6 0.9
v -4.8 0.6 0.8
v -4.8 0.7 1
v -4.8 0.7 0.9
v -4.8 0.9 -0.9
v -4.8 0.9 -1.1
v -4.8 1 -0.6
v -4.8 1 -0.7
v -4.8 1 -0.8
v -4.8 1 -0.9
v -4.8 1 -1.1
v -4.8 1 -1.2
v -4.8 1 -1.3
v -4.8 1 -1.4
v -4.8 1 -2.6
v -4.8 1 -2.8
v -4.8 1.1 -0.6
v -4.8 1.1 -0.7
v -4.8 1.1 -0.8
v -4.8 1.1 -0.9
v -4.8 1.1 -1.1
v -4.8 1.1 -1.2
v -4.8 1.1 -1.3
v -4.8 1.1 -1.4
v -4.8 1.1 -2.6
v -4.8 1.1 -2.8
v -4.8 1.1 -4.2
v -4.8 1.1 -4.4
v -4.8 1.2 -0.7
v -4.8 1.2 -0.8
v -4.8 1.2 -1.2
v -4.8 1.2 -1.3
v -4.8 1.2 -4.2
v -4.8 1.2 -4.4
v -4.8 1.3 -0.2
v -4.8 1.3 -0.4
v -4.8 1.3 -3.3
v -4.8 1.3 -3.4
v -4.8 1.4 0.9
v -4.8 1.4 0.8
v -4.8 1.4 0.5
v -4.8 1.4 0.4
v -4.8 1.4 -0.2
v -4.8 1.4 -0.4
v -4.8 1.4 -3.3
v -4.8 1.4 -3.4
v -4.8 1.5 0.9
v -4.8 1.5 0.5
v -4.8 1.5 0.4
v -4.8 1.5 1.19209e-07
v -4.8 1.5 -0.0999998
v -4.8 1.6 0.9
v -4.8 1.6 0.8
v -4.8 1.6 1.19209e-07
v -4.8 1.6 -0.0999998
v -4.8 1.6 -1.9
v -4.8 1.6 -2.1
v -4.8 1.7 -1.9
v -4.8 1.7 -2.1
v -4.8 2.5 -2.8
v -4.8 2.5 -2.9
v -4.8 2.6 -2.7
v -4.8 2.6 -2.8
v -4.8 2.6 -2.9
v -4.8 2.7 -2.7
v -4.8 2.7 -2.8
v -4.8 2.9 -2.8
v -4.8 2.9 -3
v -4.8 3 -2.8
v -4.8 3 -3
v -4.8 4.5 -2.8
v -4.8 4.5 -3
v -4.8 4.6 -2.8
v -4.8 4.6 -3
v -4.7 0.1 0.8
v -4.7 0.1 0.7
v -4.7 0.2 0.8
v -4.7 0.2 0.7
v -4.7 1 -0.9
v -4.7 1 -1.1
v -4.7 1.1 -0.9
v -4.7 1.1 -1.1
v -4.7 1.1 -2.6
v -4.7 1.1 -2.8
v -4.7 1.2 -0.2
v -4.7 1.2 -0.4
v -4.7 1.2 -2.6
v -4.7 1.2 -2.8
v -4.7 1.3 -0.2
v -4.7 1.3 -0.4
v -4.7 1.3 -3.4
v -4.7 1.3 -3.5
v -4.7 1.3 -3.6
v -4.7 1.4 -3.4
v -4.7 1.4 -3.5
v -4.7 1.4 -3.6
v -4.7 1.4 -3.8
v -4.7 1.4 -3.9
v -4.7 1.5 1
v -4.7 1.5 0.9
v -4.7 1.5 0.5
v -4.7 1.5 0.4
v -4.7 1.5 -1.9
v -4.7 1.5 -2.1
v -4.7 1.5 -3.5
v -4.7 1.5 -3.6
v -4.7 1.5 -3.8
v -4.7 1.5 -3.9
v -4.7 1.6 1
v -4.7 1.6 0.9
v -4.7 1.6 0.5
v -4.7 1.6 0.4
v -4.7 1.6 -1.9
v -4.7 1.6 -2.1
v -4.7 2.6 -2.8
v -4.7 2.6 -2.9
v -4.7 2.7 -2.8
v -4.7 2.7 -2.9
v -4.7 2.7 -3
v -4.7 2.9 -2.8
v -4.7 2.9 -3
v -4.7 4.1 -2.8
v -4.7 4.1 -2.9
v -4.7 4.3 -2.8
v -4.7 4.3 -2.9
v -4.7 4.3 -3
v -4.7 4.5 -2.8
v -4.7 4.5 -3
v -4.6 0.9 -3.3
v -4.6 0.9 -3.4
v -4.6 0.9 -4.2
v -4.6 0.9 -4.4
v -4.6 1 -2.6
v -4.6 1 -2.8
v -4.6 1 -4.1
v -4.6 1 -4.2
v -4.6 1 -4.4
v -4.6 1 -4.5
v -4.6 1.1 -0.2
v -4.6 1.1 -0.4
v -4.6 1.1 -0.9
v -4.6 1.1 -1.1
v -4.6 1.1 -2.6
v -4.6 1.1 -2.8
v -4.6 1.1 -4
v -4.6 1.1 -4.1
v -4.6 1.1 -4.5
v -4.6 1.1 -4.6
v -4.6 1.2 0.5
v -4.6 1.2 0.4
v -4.6 1.2 -0.2
v -4.6 1.2 -0.4
v -4.6 1.2 -0.9
v -4.6 1.2 -1.1
v -4.6 1.2 -3.1
v -4.6 1.2 -3.3
v -4.6 1.2 -3.4
v -4.6 1.2 -3.5
v -4.6 1.2 -3.9
v -4.6 1.2 -4
v -4.6 1.2 -4.1
v -4.6 1.2 -4.2
v -4.6 1.2 -4.4
v -4.6 1.2 -4.5
v -4.6 1.2 -4.6
v -4.6 1.2 -4.7
v -4.6 1.3 0.5
v -4.6 1.3 0.4
v -4.6 1.3 -3
v -4.6 1.3 -3.1
v -4.6 1.3 -3.2
v -4.6 1.3 -3.3
v -4.6 1.3 -3.4
v -4.6 1.3 -3.5
v -4.6 1.3 -3.7
v -4.6 1.3 -3.8
v -4.6 1.3 -3.9
v -4.6 1.3 -4
v -4.6 1.3 -4.1
v -4.6 1.3 -4.5
v -4.6 1.3 -4.6
v -4.6 1.3 -4.7
v -4.6 1.3 -4.8
v -4.6 1.3 -4.9
v -4.6 1.4 -1.9
v -4.6 1.4 -2.1
v -4.6 1.4 -3
v -4.6 1.4 -3.1
v -4.6 1.4 -3.2
v -4.6 1.4 -3.3
v -4.6 1.4 -3.4
v -4.6 1.4 -3.6
v -4.6 1.4 -3.7
v -4.6 1.4 -3.8
v -4.6 1.4 -4
v -4.6 1.4 -4.6
v -4.6 1.4 -4.7
v -4.6 1.4 -4.8
v -4.6 1.4 -4.9
v -4.6 1.5 -1.9
v -4.6 1.5 -2.1
v -4.6 1.5 -3
v -4.6 1.5 -3.1
v -4.6 1.5 -3.6
v -4.6 1.5 -3.7
v -4.6 1.5 -3.8
v -4.6 1.5 -4.7
v -4.6 1.5 -4.8
v -4.6 1.6 0.5
v -4.6 1.6 0.4
v -4.6 1.6 -3.7
v -4.6 1.6 -3.8
v -4.6 1.7 0.5
v -4.6 1.8 0.5
v -4.6 1.8 0.4
v -4.5 0.6 1
v -4.5 0.6 0.9
v -4.5 0.7 1
v -4.5 0.7 0.9
v -4.5 1 -0.9
v -4.5 1 -1.1
v -4.5 1 -4.2
v -4.5 1 -4.4
v -4.5 1.1 0.5
v -4.5 1.1 0.4
v -4.5 1.1 -0.9
v -4.5 1.1 -1.1
v -4.5 1.1 -4.2
v -4.5 1.1 -4.4
v -4.5 1.2 0.5
v -4.5 1.2 0.4
v -4.5 1.3 -1.6
v -4.5 1.3 -1.7
v -4.5 1.3 -1.9
v -4.5 1.3 -2.1
v -4.5 1.3 -2.3
v -4.5 1.3 -2.4
v -4.5 1.4 -1.6
v -4.5 1.4 -1.7
v -4.5 1.4 -1.9
v -4.5 1.4 -2.1
v -4.5 1.4 -2.3
v -4.5 1.4 -2.4
v -4.5 1.4 -2.9
v -4.5 1.4 -3
v -4.5 1.4 -3.3
v -4.5 1.4 -3.4
v -4.5 1.5 -2.9
v -4.5 1.5 -3.3
v -4.5 1.5 -3.4
v -4.5 1.5 -3.8
v -4.5 1.5 -3.9
v -4.5 1.6 -2.9
v -4.5 1.6 -3
v -4.5 1.6 -3.8
v -4.5 1.6 -3.9
v -4.5 1.7 0.6
v -4.5 1.7 0.5
v -4.5 1.8 0.7
v -4.5 1.8 0.6
v -4.5 1.9 0.8
v -4.5 1.9 0.7
v -4.5 1.9 0.6
v -4.5 1.9 0.5
v -4.5 2 0.8
v -4.5 2 0.6
v -4.4 0.3 0.9
v -4.4 0.3 0.8
v -4.4 0.4 1
v -4.4 0.4 0.9
v -4.4 0.4 0.8
v -4.4 0.6 1
v -4.4 0.6 0.9
v -4.4 0.6 0.8
v -4.4 0.7 0.9
v -4.4 0.7 0.8
v -4.4 0.9 -0.2
v -4.4 0.9 -0.4
v -4.4 0.9 -2.6
v -4.4 0.9 -2.8
v -4.4 1 -0.0999998
v -4.4 1 -0.2
v -4.4 1 -0.4
v -4.4 1 -0.5
v -4.4 1 -2.3
v -4.4 1 -2.4
v -4.4 1 -2.5
v -4.4 1 -2.6
v -4.4 1 -2.8
v -4.4 1 -2.9
v -4.4 1 -3
v -4.4 1 -3.1
v -4.4 1.1 1.19209e-07
v -4.4 1.1 -0.0999998
v -4.4 1.1 -0.5
v -4.4 1.1 -0.6
v -4.4 1.1 -2.3
v -4.4 1.1 -2.4
v -4.4 1.1 -2.5
v -4.4 1.1 -2.6
v -4.4 1.1 -2.8
v -4.4 1.1 -2.9
v -4.4 1.1 -3
v -4.4 1.1 -3.1
v -4.4 1.1 -4.2
v -4.4 1.1 -4.4
v -4.4 1.2 0.1
v -4.4 1.2 1.19209e-07
v -4.4 1.2 -0.0999998
v -4.4 1.2 -0.2
v -4.4 1.2 -0.4
v -4.4 1.2 -0.5
v -4.4 1.2 -0.6
v -4.4 1.2 -0.7
v -4.4 1.2 -1.9
v -4.4 1.2 -2.1
v -4.4 1.2 -2.4
v -4.4 1.2 -2.5
v -4.4 1.2 -2.9
v -4.4 1.2 -3
v -4.4 1.2 -4.2
v -4.4 1.2 -4.4
v -4.4 1.3 0.2
v -4.4 1.3 0.1
v -4.4 1.3 1.19209e-07
v -4.4 1.3 -0.0999998
v -4.4 1.3 -0.5
v -4.4 1.3 -0.6
v -4.4 1.3 -0.7
v -4.4 1.3 -0.8
v -4.4 1.3 -1.9
v -4.4 1.3 -2.1
v -4.4 1.4 0.2
v -4.4 1.4 1.19209e-07
v -4.4 1.4 -0.6
v -4.4 1.4 -0.8
v -4.4 1.4 -1.7
v -4.4 1.4 -1.8
v -4.4 1.4 -2.2
v -4.4 1.4 -2.3
v -4.4 1.5 -1.7
v -4.4 1.5 -1.8
v -4.4 1.5 -2.2
v -4.4 1.5 -2.3
v -4.4 1.5 -2.8
v -4.4 1.5 -2.9
v -4.4 1.5 -3.3
v -4.4 1.5 -3.4
v -4.4 1.6 -2.8
v -4.4 1.6 -2.9
v -4.4 1.6 -3.3
v -4.4 1.6 -3.4
v -4.3 0 1.3
v -4.3 0 0.5
v -4.3 0.3 1.3
v -4.3 0.3 0.8
v -4.3 0.3 0.7
v -4.3 0.3 0.5
v -4.3 0.4 0.9
v -4.3 0.4 0.8
v -4.3 0.4 0.7
v -4.3 0.6 0.9
v -4.3 0.6 0.8
v -4.3 0.6 0.7
v -4.3 0.7 0.8
v -4.3 0.7 0.7
v -4.3 0.9 0.8
v -4.3 0.9 0.7
v -4.3 0.9 -3.8
v -4.3 0.9 -4
v -4.3 1 0.8
v -4.3 1 0.7
v -4.3 1 -0.2
v -4.3 1 -0.4
v -4.3 1 -2.6
v -4.3 1 -2.8
v -4.3 1 -3.8
v -4.3 1 -4
v -4.3 1.1 -0.2
v -4.3 1.1 -0.4
v -4.3 1.1 -2.6
v -4.3 1.1 -2.8
v -4.3 1.2 -3.3
v -4.3 1.2 -3.4
v -4.3 1.2 -4.2
v -4.3 1.2 -4.4
v -4.3 1.3 -1.8
v -4.3 1.3 -1.9
v -4.3 1.3 -2.1
v -4.3 1.3 -2.2
v -4.3 1.3 -3.3
v -4.3 1.3 -3.4
v -4.3 1.3 -4.2
v -4.3 1.3 -4.4
v -4.3 1.4 -1.8
v -4.3 1.4 -1.9
v -4.3 1.4 -2.1
v -4.3 1.4 -2.2
v -4.3 1.6 -3.3
v -4.3 1.6 -3.4
v -4.3 1.7 -3.3
v -4.3 1.8 -3.3
v -4.3 1.8 -3.4
v -4.2 0 0.5
v -4.2 0 0.4
v -4.2 0.3 0.7
v -4.2 0.3 0.6
v -4.2 0.3 0.5
v -4.2 0.3 0.4
v -4.2 0.4 0.8
v -4.2 0.4 0.7
v -4.2 0.4 0.6
v -4.2 0.6 0.8
v -4.2 0.6 0.7
v -4.2 0.6 0.6
v -4.2 0.7 0.7
v -4.2 0.7 0.6
v -4.2 0.9 0.6
v -4.2 0.9 0.3
v -4.2 0.9 -4.8
v -4.2 0.9 -4.9
v -4.2 1 0.6
v -4.2 1 0.3
v -4.2 1 -4.8
v -4.2 1 -4.9
v -4.2 1.1 -0.2
v -4.2 1.1 -0.4
v -4.2 1.1 -2.6
v -4.2 1.1 -2.8
v -4.2 1.1 -3.3
v -4.2 1.1 -3.4
v -4.2 1.2 -0.2
v -4.2 1.2 -0.4
v -4.2 1.2 -2.6
v -4.2 1.2 -2.8
v -4.2 1.2 -3.3
v -4.2 1.2 -3.4
v -4.2 1.3 -4.2
v -4.2 1.3 -4.3
v -4.2 1.4 -4.2
v -4.2 1.4 -4.3
v -4.2 1.4 -4.4
v -4.2 1.5 -4.2
v -4.2 1.5 -4.4
v -4.2 1.7 -3.2
v -4.2 1.7 -3.3
v -4.2 1.8 -1.1
v -4.2 1.8 -1.3
v -4.2 1.8 -3.1
v -4.2 1.8 -3.2
v -4.2 1.9 -1.1
v -4.2 1.9 -1.3
v -4.2 1.9 -3
v -4.2 1.9 -3.1
v -4.2 1.9 -3.2
v -4.2 1.9 -3.3
v -4.2 2 -1.2
v -4.2 2 -1.3
v -4.2 2 -3
v -4.2 2 -3.2
v -4.2 2.1 -1.2
v -4.2 2.1 -1.3
v -4.1 0 0.4
v -4.1 0 0.3
v -4.1 0.3 0.6
v -4.1 0.3 0.5
v -4.1 0.3 0.4
v -4.1 0.3 0.3
v -4.1 0.4 0.7
v -4.1 0.4 0.6
v -4.1 0.6 0.7
v -4.1 0.6 0.6
v -4.1 0.7 0.6
v -4.1 0.7 0.5
v -4.1 0.9 0.7
v -4.1 0.9 0.6
v -4.1 0.9 -1.9
v -4.1 0.9 -2.1
v -4.1 0.9 -4.7
v -4.1 0.9 -4.8
v -4.1 1 0.7
v -4.1 1 0.6
v -4.1 1 -1.8
v -4.1 1 -1.9
v -4.1 1 -2.1
v -4.1 1 -2.2
v -4.1 1 -2.6
v -4.1 1 -2.8
v -4.1 1 -4.7
v -4.1 1 -4.8
v -4.1 1.1 -1.7
v -4.1 1.1 -1.8
v -4.1 1.1 -2.2
v -4.1 1.1 -2.3
v -4.1 1.1 -2.6
v -4.1 1.1 -2.8
v -4.1 1.2 -0.2
v -4.1 1.2 -0.4
v -4.1 1.2 -1.6
v -4.1 1.2 -1.7
v -4.1 1.2 -1.8
v -4.1 1.2 -1.9
v -4.1 1.2 -2.1
v -4.1 1.2 -2.2
v -4.1 1.2 -2.3
v -4.1 1.2 -2.4
v -4.1 1.3 -0.2
v -4.1 1.3 -0.4
v -4.1 1.3 -1.5
v -4.1 1.3 -1.6
v -4.1 1.3 -1.7
v -4.1 1.3 -1.8
v -4.1 1.3 -1.9
v -4.1 1.3 -2.1
v -4.1 1.3 -2.2
v -4.1 1.3 -2.3
v -4.1 1.3 -2.4
v -4.1 1.3 -2.5
v -4.1 1.3 -4.3
v -4.1 1.3 -4.4
v -4.1 1.4 -0.8
v -4.1 1.4 -1
v -4.1 1.4 -1.4
v -4.1 1.4 -1.5
v -4.1 1.4 -1.6
v -4.1 1.4 -1.7
v -4.1 1.4 -2.3
v -4.1 1.4 -2.4
v -4.1 1.4 -2.5
v -4.1 1.4 -2.6
v -4.1 1.4 -3
v -4.1 1.4 -3.2
v -4.1 1.4 -4.3
v -4.1 1.4 -4.4
v -4.1 1.5 -0.8
v -4.1 1.5 -0.9
v -4.1 1.5 -1
v -4.1 1.5 -1.1
v -4.1 1.5 -1.3
v -4.1 1.5 -1.4
v -4.1 1.5 -1.5
v -4.1 1.5 -1.6
v -4.1 1.5 -2.4
v -4.1 1.5 -2.5
v -4.1 1.5 -2.6
v -4.1 1.5 -2.7
v -4.1 1.5 -2.9
v -4.1 1.5 -3
v -4.1 1.5 -3.1
v -4.1 1.5 -3.2
v -4.1 1.6 -0.9
v -4.1 1.6 -1
v -4.1 1.6 -1.1
v -4.1 1.6 -1.3
v -4.1 1.6 -1.4
v -4.1 1.6 -1.5
v -4.1 1.6 -2.5
v -4.1 1.6 -2.6
v -4.1 1.6 -2.7
v -4.1 1.6 -2.8
v -4.1 1.6 -2.9
v -4.1 1.6 -3
v -4.1 1.6 -3.1
v -4.1 1.7 -1
v -4.1 1.7 -1.1
v -4.1 1.7 -1.3
v -4.1 1.7 -1.4
v -4.1 1.7 -2.6
v -4.1 1.7 -2.7
v -4.1 1.7 -2.9
v -4.1 1.7 -3
v -4.1 1.8 -1.1
v -4.1 1.8 -1.3
v -4.1 1.8 -2.7
v -4.1 1.8 -2.8
v -4.1 1.8 -2.9
v -4 0 0.3
v -4 0 0.2
v -4 0.3 0.5
v -4 0.3 0.4
v -4 0.3 0.3
v -4 0.3 0.2
v -4 0.7 0.5
v -4 0.7 0.4
v -4 1 -1.9
v -4 1 -2.1
v -4 1 -3.4
v -4 1 -3.6
v -4 1.1 -1.9
v -4 1.1 -2.1
v -4 1.1 -3.4
v -4 1.1 -3.6
v -4 1.2 -1.1
v -4 1.2 -1.3
v -4 1.2 -4.2
v -4 1.2 -4.4
v -4 1.3 -0.2
v -4 1.3 -0.4
v -4 1.3 -1.1
v -4 1.3 -1.3
v -4 1.3 -1.8
v -4 1.3 -1.9
v -4 1.3 -2.1
v -4 1.3 -2.2
v -4 1.3 -4.2
v -4 1.3 -4.4
v -4 1.4 -0.2
v -4 1.4 -0.4
v -4 1.4 -1.8
v -4 1.4 -1.9
v -4 1.4 -2.1
v -4 1.4 -2.2
v -4 1.9 -1.1
v -4 1.9 -1.3
v -4 2 -1.1
v -4 2 -1.3
v -4 2.5 -1.1
v -4 2.5 -1.3
v -4 2.6 -1.1
v -4 2.6 -1.3
v -3.9 0 0.2
v -3.9 0 0.1
v -3.9 0.3 0.4
v -3.9 0.3 0.3
v -3.9 0.3 0.2
v -3.9 0.3 0.1
v -3.9 0.6 0.3
v -3.9 0.6 0.2
v -3.9 0.7 0.4
v -3.9 0.7 0.2
v -3.9 0.9 -2.9
v -3.9 0.9 -3
v -3.9 1 -2.9
v -3.9 1 -3
v -3.9 1.1 -1.9
v -3.9 1.1 -2.1
v -3.9 1.1 -3.4
v -3.9 1.1 -3.6
v -3.9 1.1 -4.2
v -3.9 1.1 -4.4
v -3.9 1.2 0.8
v -3.9 1.2 0.6
v -3.9 1.2 -1.9
v -3.9 1.2 -2.1
v -3.9 1.2 -3.4
v -3.9 1.2 -3.6
v -3.9 1.2 -4.2
v -3.9 1.2 -4.4
v -3.9 1.3 0.8
v -3.9 1.3 0.6
v -3.9 1.4 -1.7
v -3.9 1.4 -1.8
v -3.9 1.4 -2.2
v -3.9 1.4 -2.3
v -3.9 1.5 -1.7
v -3.9 1.5 -1.8
v -3.9 1.5 -2.2
v -3.9 1.5 -2.3
v -3.9 2.4 -1.1
v -3.9 2.4 -1.3
v -3.9 2.5 -1.1
v -3.9 2.5 -1.3
v -3.8 0 0.1
v -3.8 0 1.19209e-07
v -3.8 0.3 0.3
v -3.8 0.3 0.1
v -3.8 0.6 0.3
v -3.8 0.6 0.2
v -3.8 0.7 0.2
v -3.8 0.7 1.19209e-07
v -3.8 0.9 -2.8
v -3.8 0.9 -2.9
v -3.8 1 -2.8
v -3.8 1 -2.9
v -3.8 1 -3.4
v -3.8 1 -3.6
v -3.8 1.1 0.8
v -3.8 1.1 0.6
v -3.8 1.1 -3.4
v -3.8 1.1 -3.6
v -3.8 1.2 0.8
v -3.8 1.2 0.6
v -3.8 1.2 -1.9
v -3.8 1.2 -2.1
v -3.8 1.3 -1.6
v -3.8 1.3 -1.7
v -3.8 1.3 -1.9
v -3.8 1.3 -2.1
v -3.8 1.3 -2.3
v -3.8 1.3 -2.4
v -3.8 1.4 -1.6
v -3.8 1.4 -1.7
v -3.8 1.4 -2.3
v -3.8 1.4 -2.4
v -3.8 1.9 -1.7
v -3.8 1.9 -1.8
v -3.8 2 -1.7
v -3.8 2 -1.8
v -3.8 2.5 -0.7
v -3.8 2.5 -0.8
v -3.8 2.6 -0.7
v -3.8 2.6 -0.8
v -3.7 0 1.19209e-07
v -3.7 0 -0.0999998
v -3.7 0.3 -0.0999998
v -3.7 0.3 -0.2
v -3.7 0.7 1.19209e-07
v -3.7 0.7 -0.2
v -3.7 0.9 -0.5
v -3.7 0.9 -0.7
v -3.7 0.9 -1.1
v -3.7 0.9 -1.3
v -3.7 0.9 -4.2
v -3.7 0.9 -4.4
v -3.7 1 -0.5
v -3.7 1 -0.7
v -3.7 1 -1
v -3.7 1 -1.1
v -3.7 1 -1.3
v -3.7 1 -1.4
v -3.7 1 -4.1
v -3.7 1 -4.2
v -3.7 1 -4.4
v -3.7 1 -4.5
v -3.7 1.1 -0.9
v -3.7 1.1 -1
v -3.7 1.1 -1.4
v -3.7 1.1 -1.5
v -3.7 1.1 -4
v -3.7 1.1 -4.1
v -3.7 1.1 -4.5
v -3.7 1.1 -4.6
v -3.7 1.2 -0.7
v -3.7 1.2 -0.8
v -3.7 1.2 -0.9
v -3.7 1.2 -1
v -3.7 1.2 -1.1
v -3.7 1.2 -1.3
v -3.7 1.2 -1.4
v -3.7 1.2 -1.5
v -3.7 1.2 -1.6
v -3.7 1.2 -3.9
v -3.7 1.2 -4
v -3.7 1.2 -4.1
v -3.7 1.2 -4.2
v -3.7 1.2 -4.4
v -3.7 1.2 -4.5
v -3.7 1.2 -4.6
v -3.7 1.2 -4.7
v -3.7 1.3 -0.6
v -3.7 1.3 -0.7
v -3.7 1.3 -0.8
v -3.7 1.3 -1
v -3.7 1.3 -1.4
v -3.7 1.3 -1.6
v -3.7 1.3 -1.9
v -3.7 1.3 -2.1
v -3.7 1.3 -3.9
v -3.7 1.3 -4.1
v -3.7 1.3 -4.5
v -3.7 1.3 -4.7
v -3.7 1.4 -0.6
v -3.7 1.4 -0.8
v -3.7 1.4 -1.9
v -3.7 1.4 -2.1
v -3.7 1.7 -1
v -3.7 1.7 -1.1
v -3.7 1.7 -1.3
v -3.7 1.7 -1.4
v -3.7 1.8 -0.6
v -3.7 1.8 -0.8
v -3.7 1.8 -0.9
v -3.7 1.8 -1
v -3.7 1.8 -1.4
v -3.7 1.8 -1.5
v -3.7 1.8 -1.6
v -3.7 1.8 -1.8
v -3.7 1.9 -0.6
v -3.7 1.9 -0.7
v -3.7 1.9 -0.8
v -3.7 1.9 -0.9
v -3.7 1.9 -1
v -3.7 1.9 -1.1
v -3.7 1.9 -1.3
v -3.7 1.9 -1.4
v -3.7 1.9 -1.5
v -3.7 1.9 -1.6
v -3.7 1.9 -1.7
v -3.7 1.9 -1.8
v -3.7 2 -0.7
v -3.7 2 -1
v -3.7 2 -1.4
v -3.7 2 -1.5
v -3.7 2 -1.6
v -3.7 2 -1.7
v -3.7 2.1 -1.5
v -3.7 2.1 -1.6
v -3.7 2.3 -1
v -3.7 2.3 -1.1
v -3.7 2.3 -1.3
v -3.7 2.3 -1.4
v -3.7 2.4 -0.9
v -3.7 2.4 -1
v -3.7 2.4 -1.4
v -3.7 2.4 -1.5
v -3.7 2.5 -0.8
v -3.7 2.5 -0.9
v -3.7 2.5 -1
v -3.7 2.5 -1.1
v -3.7 2.5 -1.3
v -3.7 2.5 -1.4
v -3.7 2.5 -1.5
v -3.7 2.5 -1.6
v -3.7 2.6 -0.8
v -3.7 2.6 -1
v -3.7 2.6 -1.4
v -3.7 2.6 -1.5
v -3.7 2.6 -1.6
v -3.7 2.7 -1.4
v -3.7 2.7 -1.6
v -3.6 0 -0.0999998
v -3.6 0 -0.2
v -3.6 0.3 -0.0999998
v -3.6 0.3 -0.2
v -3.6 0.9 0.8
v -3.6 0.9 0.6
v -3.6 0.9 -3.4
v -3.6 0.9 -3.6
v -3.6 1 0.9
v -3.6 1 0.8
v -3.6 1 0.6
v -3.6 1 0.5
v -3.6 1 -1.1
v -3.6 1 -1.3
v -3.6 1 -3.1
v -3.6 1 -3.2
v -3.6 1 -3.3
v -3.6 1 -3.4
v -3.6 1 -3.6
v -3.6 1 -3.7
v -3.6 1 -3.8
v -3.6 1 -3.9
v -3.6 1 -4.2
v -3.6 1 -4.4
v -3.6 1.1 1
v -3.6 1.1 0.9
v -3.6 1.1 0.5
v -3.6 1.1 0.4
v -3.6 1.1 -1.1
v -3.6 1.1 -1.3
v -3.6 1.1 -3.1
v -3.6 1.1 -3.2
v -3.6 1.1 -3.3
v -3.6 1.1 -3.4
v -3.6 1.1 -3.6
v -3.6 1.1 -3.7
v -3.6 1.1 -3.8
v -3.6 1.1 -3.9
v -3.6 1.1 -4.2
v -3.6 1.1 -4.4
v -3.6 1.2 1.1
v -3.6 1.2 1
v -3.6 1.2 0.9
v -3.6 1.2 0.8
v -3.6 1.2 0.6
v -3.6 1.2 0.5
v -3.6 1.2 0.4
v -3.6 1.2 0.3
v -3.6 1.2 -3.2
v -3.6 1.2 -3.3
v -3.6 1.2 -3.7
v -3.6 1.2 -3.8
v -3.6 1.3 1.1
v -3.6 1.3 0.9
v -3.6 1.3 0.5
v -3.6 1.3 0.3
v -3.6 1.4 -1.9
v -3.6 1.4 -2.1
v -3.6 1.5 -1.9
v -3.6 1.5 -2.1
v -3.6 1.7 -1.1
v -3.6 1.7 -1.3
v -3.6 1.8 -1.1
v -3.6 1.8 -1.3
v -3.6 1.9 -1.5
v -3.6 1.9 -1.6
v -3.6 2 -1.5
v -3.6 2 -1.6
v -3.6 2.3 -1.1
v -3.6 2.3 -1.3
v -3.6 2.4 -1.1
v -3.6 2.4 -1.3
v -3.6 2.5 -1.4
v -3.6 2.5 -1.5
v -3.6 2.6 -1.4
v -3.6 2.6 -1.5
v -3.5 0 -0.2
v -3.5 0 -0.3
v -3.5 0.3 -0.2
v -3.5 0.3 -0.3
v -3.5 1 0.8
v -3.5 1 0.6
v -3.5 1 -3.4
v -3.5 1 -3.6
v -3.5 1.1 0.8
v -3.5 1.1 0.6
v -3.5 1.1 -1.1
v -3.5 1.1 -1.3
v -3.5 1.1 -3.4
v -3.5 1.1 -3.6
v -3.5 1.1 -4.2
v -3.5 1.1 -4.4
v -3.5 1.2 -1.1
v -3.5 1.2 -1.3
v -3.5 1.2 -2.3
v -3.5 1.2 -2.5
v -3.5 1.2 -4.2
v -3.5 1.2 -4.4
v -3.5 1.3 -1.2
v -3.5 1.3 -1.3
v -3.5 1.3 -2.3
v -3.5 1.3 -2.5
v -3.5 1.4 -1.2
v -3.5 1.4 -1.3
v -3.5 1.5 -1.9
v -3.5 1.5 -2.1
v -3.5 1.6 -1.9
v -3.5 1.6 -2.1
v -3.5 1.8 -1.1
v -3.5 1.8 -1.3
v -3.5 1.9 -1.1
v -3.5 1.9 -1.3
v -3.5 2.4 -1.1
v -3.5 2.4 -1.3
v -3.5 2.5 -1.1
v -3.5 2.5 -1.3
v -3.4 0 -0.3
v -3.4 0 -0.6
v -3.4 0.3 -0.2
v -3.4 0.3 -0.3
v -3.4 0.7 -0.2
v -3.4 0.7 -0.5
v -3.4 0.7 -0.6
v -3.4 1.1 0.8
v -3.4 1.1 0.6
v -3.4 1.1 -2.3
v -3.4 1.1 -2.5
v -3.4 1.1 -3.4
v -3.4 1.1 -3.6
v -3.4 1.2 0.8
v -3.4 1.2 0.6
v -3.4 1.2 -1.2
v -3.4 1.2 -1.3
v -3.4 1.2 -2.3
v -3.4 1.2 -2.5
v -3.4 1.2 -3.4
v -3.4 1.2 -3.6
v -3.4 1.2 -4.2
v -3.4 1.2 -4.4
v -3.4 1.3 -1.1
v -3.4 1.3 -1.2
v -3.4 1.3 -1.3
v -3.4 1.3 -4.2
v -3.4 1.3 -4.4
v -3.4 1.4 -1.1
v -3.4 1.4 -1.2
v -3.4 1.4 -3.2
v -3.4 1.4 -3.3
v -3.4 1.5 -3.2
v -3.4 1.5 -3.3
v -3.4 1.5 -4.7
v -3.4 1.5 -4.8
v -3.4 1.6 -4.8
v -3.4 1.7 -4.7
v -3.4 1.7 -4.8
v -3.4 2.5 -1.1
v -3.4 2.5 -1.3
v -3.4 2.6 -1.1
v -3.4 2.6 -1.3
v -3.3 0.9 -1.6
v -3.3 0.9 -1.7
v -3.3 1 -1.6
v -3.3 1 -1.7
v -3.3 1 -3.4
v -3.3 1 -3.6
v -3.3 1.1 -3.4
v -3.3 1.1 -3.6
v -3.3 1.2 0.8
v -3.3 1.2 0.6
v -3.3 1.2 -1.1
v -3.3 1.2 -1.2
v -3.3 1.3 0.8
v -3.3 1.3 0.6
v -3.3 1.3 -1.1
v -3.3 1.3 -1.2
v -3.3 1.3 -3.1
v -3.3 1.3 -3.3
v -3.3 1.4 -3.1
v -3.3 1.4 -3.3
v -3.3 1.5 -4.8
v -3.3 1.5 -4.9
v -3.3 1.6 -4.8
v -3.3 1.6 -4.9
v -3.3 1.7 -1.9
v -3.3 1.7 -2
v -3.3 1.7 -2.1
v -3.3 1.8 -1.9
v -3.3 1.8 -2
v -3.3 1.8 -2.1
v -3.3 1.9 -1.1
v -3.3 1.9 -1.3
v -3.3 2 -1.1
v -3.3 2 -1.3
v -3.2 0.9 0.8
v -3.2 0.9 0.7
v -3.2 0.9 -0.5
v -3.2 0.9 -0.7
v -3.2 0.9 -1
v -3.2 0.9 -1.2
v -3.2 0.9 -1.7
v -3.2 0.9 -1.8
v -3.2 0.9 -2.3
v -3.2 0.9 -2.5
v -3.2 0.9 -4.6
v -3.2 0.9 -4.7
v -3.2 1 0.8
v -3.2 1 0.7
v -3.2 1 0.2
v -3.2 1 1.19209e-07
v -3.2 1 -0.5
v -3.2 1 -0.7
v -3.2 1 -0.8
v -3.2 1 -1
v -3.2 1 -1.2
v -3.2 1 -1.7
v -3.2 1 -1.8
v -3.2 1 -2.2
v -3.2 1 -2.3
v -3.2 1 -2.5
v -3.2 1 -2.6
v -3.2 1 -4.6
v -3.2 1 -4.7
v -3.2 1.1 0.2
v -3.2 1.1 1.19209e-07
v -3.2 1.1 -0.7
v -3.2 1.1 -0.8
v -3.2 1.1 -2.1
v -3.2 1.1 -2.2
v -3.2 1.1 -2.6
v -3.2 1.1 -2.7
v -3.2 1.2 -2
v -3.2 1.2 -2.1
v -3.2 1.2 -2.2
v -3.2 1.2 -2.3
v -3.2 1.2 -2.5
v -3.2 1.2 -2.6
v -3.2 1.2 -2.7
v -3.2 1.2 -2.8
v -3.2 1.2 -3.1
v -3.2 1.2 -3.3
v -3.2 1.3 -2
v -3.2 1.3 -2.2
v -3.2 1.3 -2.6
v -3.2 1.3 -2.8
v -3.2 1.3 -3.1
v -3.2 1.3 -3.3
v -3.2 1.4 -4.8
v -3.2 1.4 -4.9
v -3.2 1.5 -4.8
v -3.2 1.5 -4.9
v -3.2 1.6 -1.9
v -3.2 1.6 -2.1
v -3.2 1.7 -1.2
v -3.2 1.7 -1.3
v -3.2 1.7 -1.9
v -3.2 1.7 -2.1
v -3.2 1.8 -1.1
v -3.2 1.8 -1.2
v -3.2 1.8 -1.3
v -3.2 1.9 -1.1
v -3.2 1.9 -1.3
v -3.2 3.1 -1.5
v -3.2 3.1 -1.6
v -3.2 3.3 -1.3
v -3.2 3.3 -1.5
v -3.2 3.3 -1.6
v -3.2 3.4 -1.3
v -3.2 3.4 -1.5
v -3.1 0 -0.6
v -3.1 0 -0.7
v -3.1 0.3 -0.6
v -3.1 0.3 -0.7
v -3.1 0.9 1
v -3.1 0.9 0.8
v -3.1 0.9 -0.7
v -3.1 0.9 -1
v -3.1 1 1
v -3.1 1 0.8
v -3.1 1 -0.7
v -3.1 1 -1
v -3.1 1 -2.3
v -3.1 1 -2.5
v -3.1 1.1 0.2
v -3.1 1.1 1.19209e-07
v -3.1 1.1 -2.3
v -3.1 1.1 -2.5
v -3.1 1.1 -3.1
v -3.1 1.1 -3.3
v -3.1 1.2 0.2
v -3.1 1.2 1.19209e-07
v -3.1 1.2 -3.1
v -3.1 1.2 -3.3
v -3.1 1.3 -4.8
v -3.1 1.3 -4.9
v -3.1 1.4 -4.8
v -3.1 1.4 -4.9
v -3.1 1.5 -1.9
v -3.1 1.5 -2.1
v -3.1 1.6 -1.9
v -3.1 1.6 -2.1
v -3.1 2.3 -1.3
v -3.1 2.3 -1.5
v -3.1 2.4 -1.3
v -3.1 2.4 -1.5
v -3.1 3.2 -1.3
v -3.1 3.2 -1.5
v -3.1 3.3 -1.3
v -3.1 3.3 -1.5
v -3 0 -0.7
v -3 0 -0.8
v -3 0.3 -0.7
v -3 0.3 -0.8
v -3 1 0.2
v -3 1 1.19209e-07
v -3 1.1 0.2
v -3 1.1 1.19209e-07
v -3 1.1 -2.3
v -3 1.1 -2.5
v -3 1.2 -2.3
v -3 1.2 -2.5
v -3 1.3 -4.9
v -3 1.3 -5
v -3 1.3 -5.1
v -3 1.4 -1.9
v -3 1.4 -2.1
v -3 1.4 -2.7
v -3 1.4 -2.8
v -3 1.4 -4.9
v -3 1.4 -5
v -3 1.4 -5.1
v -3 1.5 -1.9
v -3 1.5 -2.1
v -3 1.5 -2.7
v -3 1.5 -2.8
v -3 1.5 -5
v -3 1.5 -5.1
v -3 2.2 -1.3
v -3 2.2 -1.5
v -3 2.3 -1.3
v -3 2.3 -1.5
v -3 3.1 -1.3
v -3 3.1 -1.5
v -3 3.2 -1.3
v -3 3.2 -1.5
v -2.9 0 -0.8
v -2.9 0 -0.9
v -2.9 0.3 -0.6
v -2.9 0.3 -0.7
v -2.9 0.3 -0.8
v -2.9 0.3 -0.9
v -2.9 0.4 -0.6
v -2.9 0.4 -0.7
v -2.9 0.6 -0.6
v -2.9 0.6 -0.7
v -2.9 0.7 -0.6
v -2.9 0.7 -0.7
v -2.9 0.9 -1.4
v -2.9 0.9 -1.5
v -2.9 0.9 -3.1
v -2.9 0.9 -3.3
v -2.9 0.9 -4.1
v -2.9 0.9 -4.2
v -2.9 0.9 -4.8
v -2.9 0.9 -4.9
v -2.9 1 -1.4
v -2.9 1 -1.5
v -2.9 1 -3
v -2.9 1 -3.1
v -2.9 1 -3.3
v -2.9 1 -3.4
v -2.9 1 -4.1
v -2.9 1 -4.2
v -2.9 1.1 -2.9
v -2.9 1.1 -3
v -2.9 1.1 -3.4
v -2.9 1.1 -3.5
v -2.9 1.2 -2.3
v -2.9 1.2 -2.5
v -2.9 1.2 -2.8
v -2.9 1.2 -2.9
v -2.9 1.2 -3
v -2.9 1.2 -3.1
v -2.9 1.2 -3.3
v -2.9 1.2 -3.4
v -2.9 1.2 -3.5
v -2.9 1.2 -3.6
v -2.9 1.2 -4.6
v -2.9 1.2 -4.8
v -2.9 1.2 -4.9
v -2.9 1.2 -5
v -2.9 1.3 -2.3
v -2.9 1.3 -2.5
v -2.9 1.3 -2.6
v -2.9 1.3 -2.7
v -2.9 1.3 -2.8
v -2.9 1.3 -2.9
v -2.9 1.3 -3
v -2.9 1.3 -3.4
v -2.9 1.3 -3.5
v -2.9 1.3 -3.6
v -2.9 1.3 -3.7
v -2.9 1.3 -3.8
v -2.9 1.3 -4.5
v -2.9 1.3 -4.6
v -2.9 1.3 -4.7
v -2.9 1.3 -4.8
v -2.9 1.3 -4.9
v -2.9 1.3 -5
v -2.9 1.4 0.1
v -2.9 1.4 -0.0999998
v -2.9 1.4 -2.6
v -2.9 1.4 -2.7
v -2.9 1.4 -2.9
v -2.9 1.4 -3.5
v -2.9 1.4 -3.6
v -2.9 1.4 -3.7
v -2.9 1.4 -3.8
v -2.9 1.4 -4.5
v -2.9 1.4 -4.6
v -2.9 1.4 -4.7
v -2.9 1.4 -4.8
v -2.9 1.4 -4.9
v -2.9 1.4 -5.1
v -2.9 1.4 -5.3
v -2.9 1.5 0.1
v -2.9 1.5 -0.0999998
v -2.9 1.5 -3.6
v -2.9 1.5 -3.7
v -2.9 1.5 -4.5
v -2.9 1.5 -4.6
v -2.9 1.5 -5.1
v -2.9 1.5 -5.2
v -2.9 1.5 -5.3
v -2.9 1.6 -5.2
v -2.9 1.6 -5.3
v -2.9 2.1 -1.2
v -2.9 2.1 -1.3
v -2.9 2.1 -1.5
v -2.9 2.2 -1.2
v -2.9 2.2 -1.3
v -2.9 2.2 -1.5
v -2.9 3 -1.3
v -2.9 3 -1.5
v -2.9 3.1 -1.3
v -2.9 3.1 -1.5
v -2.8 0 -0.9
v -2.8 0 -1
v -2.8 0.3 -0.7
v -2.8 0.3 -0.8
v -2.8 0.3 -0.9
v -2.8 0.3 -1
v -2.8 0.4 -0.6
v -2.8 0.4 -0.7
v -2.8 0.4 -0.8
v -2.8 0.6 -0.6
v -2.8 0.6 -0.7
v -2.8 0.6 -0.8
v -2.8 0.7 -0.7
v -2.8 0.7 -0.8
v -2.8 0.9 0.2
v -2.8 0.9 1.19209e-07
v -2.8 0.9 -1.5
v -2.8 0.9 -1.6
v -2.8 0.9 -2.8
v -2.8 0.9 -3
v -2.8 1 0.5
v -2.8 1 0.4
v -2.8 1 0.3
v -2.8 1 0.2
v -2.8 1 1.19209e-07
v -2.8 1 -0.0999998
v -2.8 1 -0.2
v -2.8 1 -0.3
v -2.8 1 -1.5
v -2.8 1 -1.6
v -2.8 1 -2.8
v -2.8 1 -3
v -2.8 1 -3.1
v -2.8 1 -3.3
v -2.8 1.1 0.5
v -2.8 1.1 0.4
v -2.8 1.1 0.3
v -2.8 1.1 0.2
v -2.8 1.1 1.19209e-07
v -2.8 1.1 -0.0999998
v -2.8 1.1 -0.2
v -2.8 1.1 -0.3
v -2.8 1.1 -3.1
v -2.8 1.1 -3.3
v -2.8 1.2 0.4
v -2.8 1.2 0.3
v -2.8 1.2 -0.0999998
v -2.8 1.2 -0.2
v -2.8 1.4 -4.4
v -2.8 1.4 -4.5
v -2.8 1.4 -4.8
v -2.8 1.4 -4.9
v -2.8 1.5 0.1
v -2.8 1.5 -0.0999998
v -2.8 1.5 -4.4
v -2.8 1.5 -4.8
v -2.8 1.5 -4.9
v -2.8 1.5 -5.3
v -2.8 1.5 -5.4
v -2.8 1.6 0.1
v -2.8 1.6 1.19209e-07
v -2.8 1.6 -0.0999998
v -2.8 1.6 -4.4
v -2.8 1.6 -4.5
v -2.8 1.6 -5.3
v -2.8 1.6 -5.4
v -2.8 1.9 -1.2
v -2.8 1.9 -1.3
v -2.8 2 -1.3
v -2.8 2 -1.5
v -2.8 2.1 -1.2
v -2.8 2.1 -1.3
v -2.8 2.1 -1.5
v -2.8 2.9 -1.3
v -2.8 2.9 -1.5
v -2.8 3 -1.3
v -2.8 3 -1.5
v -2.7 0 -1
v -2.7 0 -1.1
v -2.7 0.3 -0.8
v -2.7 0.3 -0.9
v -2.7 0.3 -1
v -2.7 0.3 -1.1
v -2.7 0.4 -0.7
v -2.7 0.4 -0.8
v -2.7 0.4 -0.9
v -2.7 0.6 -0.7
v -2.7 0.6 -0.8
v -2.7 0.6 -0.9
v -2.7 0.7 -0.8
v -2.7 0.7 -0.9
v -2.7 0.9 0.9
v -2.7 0.9 0.7
v -2.7 1 0.9
v -2.7 1 0.7
v -2.7 1 0.2
v -2.7 1 1.19209e-07
v -2.7 1.1 0.2
v -2.7 1.1 1.19209e-07
v -2.7 1.1 -3.1
v -2.7 1.1 -3.3
v -2.7 1.2 -3.1
v -2.7 1.2 -3.3
v -2.7 1.5 -4.3
v -2.7 1.5 -4.4
v -2.7 1.5 -4.8
v -2.7 1.5 -4.9
v -2.7 1.6 -4.3
v -2.7 1.6 -4.4
v -2.7 1.6 -4.8
v -2.7 1.6 -4.9
v -2.7 1.9 -1
v -2.7 1.9 -1.1
v -2.7 1.9 -1.3
v -2.7 1.9 -1.5
v -2.7 1.9 -1.7
v -2.7 1.9 -1.8
v -2.7 2 -1
v -2.7 2 -1.1
v -2.7 2 -1.3
v -2.7 2 -1.5
v -2.7 2 -1.7
v -2.7 2 -1.8
v -2.7 2.8 -1
v -2.7 2.8 -1.1
v -2.7 2.8 -1.3
v -2.7 2.8 -1.5
v -2.7 2.8 -1.7
v -2.7 2.8 -1.8
v -2.7 2.9 -1
v -2.7 2.9 -1.1
v -2.7 2.9 -1.3
v -2.7 2.9 -1.5
v -2.7 2.9 -1.7
v -2.7 2.9 -1.8
v -2.6 0 -1.1
v -2.6 0 -1.2
v -2.6 0.3 -0.9
v -2.6 0.3 -1
v -2.6 0.3 -1.1
v -2.6 0.3 -1.2
v -2.6 0.4 -0.8
v -2.6 0.4 -0.9
v -2.6 0.4 -1
v -2.6 0.6 -0.8
v -2.6 0.6 -0.9
v -2.6 0.6 -1
v -2.6 0.7 -0.9
v -2.6 0.7 -1
v -2.6 1.1 0.2
v -2.6 1.1 1.19209e-07
v -2.6 1.2 0.2
v -2.6 1.2 1.19209e-07
v -2.6 1.2 -3.1
v -2.6 1.2 -3.3
v -2.6 1.2 -4.8
v -2.6 1.2 -4.9
v -2.6 1.3 -3.1
v -2.6 1.3 -3.3
v -2.6 1.3 -4.8
v -2.6 1.3 -4.9
v -2.6 1.6 -4.8
v -2.6 1.6 -4.9
v -2.6 1.7 0.1
v -2.6 1.7 -0.0999998
v -2.6 1.7 -4.8
v -2.6 1.8 0.1
v -2.6 1.8 -0.0999998
v -2.6 1.8 -1.3
v -2.6 1.8 -1.5
v -2.6 1.8 -4.8
v -2.6 1.8 -4.9
v -2.6 1.9 -1.3
v -2.6 1.9 -1.5
v -2.6 2 -1.1
v -2.6 2 -1.2
v -2.6 2 -1.6
v -2.6 2 -1.7
v -2.6 2.1 -1.1
v -2.6 2.1 -1.2
v -2.6 2.1 -1.6
v -2.6 2.1 -1.7
v -2.6 2.7 -1.3
v -2.6 2.7 -1.5
v -2.6 2.8 -1.3
v -2.6 2.8 -1.5
v -2.6 2.9 -1.1
v -2.6 2.9 -1.2
v -2.6 2.9 -1.6
v -2.6 2.9 -1.7
v -2.6 3 -1.1
v -2.6 3 -1.2
v -2.6 3 -1.6
v -2.6 3 -1.7
v -2.5 0 -1.2
v -2.5 0 -1.3
v -2.5 0.3 -1
v -2.5 0.3 -1.1
v -2.5 0.3 -1.2
v -2.5 0.3 -1.3
v -2.5 0.4 -0.9
v -2.5 0.4 -1
v -2.5 0.4 -1.1
v -2.5 0.6 -0.9
v -2.5 0.6 -1
v -2.5 0.6 -1.1
v -2.5 0.7 -1
v -2.5 0.7 -1.1
v -2.5 0.9 1
v -2.5 0.9 0.9
v -2.5 1 1
v -2.5 1 0.9
v -2.5 1 0.2
v -2.5 1 1.19209e-07
v -2.5 1.1 0.2
v -2.5 1.1 1.19209e-07
v -2.5 1.1 -4.8
v -2.5 1.1 -4.9
v -2.5 1.2 -4.8
v -2.5 1.2 -4.9
v -2.5 1.3 -2
v -2.5 1.3 -2.2
v -2.5 1.3 -3.1
v -2.5 1.3 -3.2
v -2.5 1.3 -4.2
v -2.5 1.3 -4.4
v -2.5 1.4 -2
v -2.5 1.4 -2.2
v -2.5 1.4 -3.1
v -2.5 1.4 -3.2
v -2.5 1.4 -3.3
v -2.5 1.4 -4.2
v -2.5 1.4 -4.4
v -2.5 1.5 -3.1
v -2.5 1.5 -3.3
v -2.5 1.6 0.1
v -2.5 1.6 -0.0999998
v -2.5 1.7 0.1
v -2.5 1.7 -0.0999998
v -2.5 1.7 -4.7
v -2.5 1.7 -4.8
v -2.5 1.8 -4.6
v -2.5 1.8 -4.7
v -2.5 1.9 -1.2
v -2.5 1.9 -1.3
v -2.5 1.9 -1.5
v -2.5 1.9 -1.6
v -2.5 1.9 -4.5
v -2.5 1.9 -4.6
v -2.5 1.9 -4.7
v -2.5 1.9 -4.8
v -2.5 2 -1.2
v -2.5 2 -1.3
v -2.5 2 -1.5
v -2.5 2 -1.6
v -2.5 2 -4.5
v -2.5 2 -4.7
v -2.5 2.8 -1.2
v -2.5 2.8 -1.3
v -2.5 2.8 -1.5
v -2.5 2.8 -1.6
v -2.5 2.9 -1.2
v -2.5 2.9 -1.3
v -2.5 2.9 -1.5
v -2.5 2.9 -1.6
v -2.4 0 -1.3
v -2.4 0 -1.4
v -2.4 0.3 -1.1
v -2.4 0.3 -1.2
v -2.4 0.3 -1.3
v -2.4 0.3 -1.4
v -2.4 0.4 -1
v -2.4 0.4 -1.1
v -2.4 0.4 -1.2
v -2.4 0.6 -1
v -2.4 0.6 -1.1
v -2.4 0.6 -1.2
v -2.4 0.7 -1.1
v -2.4 0.7 -1.2
v -2.4 0.9 0.9
v -2.4 0.9 0.7
v -2.4 1 0.9
v -2.4 1 0.7
v -2.4 1.2 -2
v -2.4 1.2 -2.2
v -2.4 1.2 -4.2
v -2.4 1.2 -4.4
v -2.4 1.3 -2
v -2.4 1.3 -2.2
v -2.4 1.3 -3.2
v -2.4 1.3 -3.3
v -2.4 1.3 -4.2
v -2.4 1.3 -4.4
v -2.4 1.4 -3.2
v -2.4 1.4 -3.3
v -2.4 1.4 -3.5
v -2.4 1.4 -3.7
v -2.4 1.5 0.1
v -2.4 1.5 -0.0999998
v -2.4 1.5 -3.5
v -2.4 1.5 -3.7
v -2.4 1.6 0.1
v -2.4 1.6 -0.0999998
v -2.4 2 -0.3
v -2.4 2 -0.4
v -2.4 2.1 -0.4
v -2.4 2.1 -0.5
v -2.4 2.2 -0.4
v -2.4 2.2 -0.5
v -2.4 2.2 -2.3
v -2.4 2.2 -2.4
v -2.4 2.2 -3.5
v -2.4 2.2 -3.7
v -2.4 2.3 -0.3
v -2.4 2.3 -0.4
v -2.4 2.3 -2.3
v -2.4 2.3 -2.4
v -2.4 2.3 -3.5
v -2.4 2.3 -3.7
v -2.4 2.4 -0.6
v -2.4 2.4 -0.7
v -2.4 2.5 -0.6
v -2.4 2.5 -0.7
v -2.4 3.1 -0.3
v -2.4 3.1 -0.4
v -2.4 3.1 -2.2
v -2.4 3.1 -2.3
v -2.4 3.1 -2.4
v -2.4 3.1 -3.5
v -2.4 3.1 -3.7
v -2.4 3.2 -0.3
v -2.4 3.2 -0.4
v -2.4 3.2 -2.2
v -2.4 3.2 -2.3
v -2.4 3.2 -3.5
v -2.4 3.2 -3.7
v -2.4 3.3 -1.5
v -2.4 3.3 -1.6
v -2.4 3.3 -2.2
v -2.4 3.3 -2.3
v -2.4 3.3 -2.4
v -2.4 3.4 -2.2
v -2.4 3.4 -2.3
v -2.4 3.6 -1.5
v -2.4 3.6 -1.6
v -2.4 4 -3.5
v -2.4 4 -3.7
v -2.4 4.1 -3.5
v -2.4 4.1 -3.7
v -2.3 0 -1.4
v -2.3 0 -1.5
v -2.3 0.3 -1.2
v -2.3 0.3 -1.3
v -2.3 0.3 -1.4
v -2.3 0.3 -1.5
v -2.3 0.4 -1.1
v -2.3 0.4 -1.2
v -2.3 0.4 -1.3
v -2.3 0.6 -1.1
v -2.3 0.6 -1.2
v -2.3 0.6 -1.3
v -2.3 0.7 -1.2
v -2.3 0.7 -1.3
v -2.3 0.9 -1.3
v -2.3 0.9 -1.5
v -2.3 1.1 -2
v -2.3 1.1 -2.2
v -2.3 1.1 -4.2
v -2.3 1.1 -4.4
v -2.3 1.2 -2
v -2.3 1.2 -2.2
v -2.3 1.2 -4.2
v -2.3 1.2 -4.4
v -2.3 1.4 0.1
v -2.3 1.4 -0.0999998
v -2.3 1.5 0.1
v -2.3 1.5 -0.0999998
v -2.3 1.5 -3.5
v -2.3 1.5 -3.7
v -2.3 1.6 -1.2
v -2.3 1.6 -1.3
v -2.3 1.6 -1.5
v -2.3 1.6 -1.6
v -2.3 1.6 -3.5
v -2.3 1.6 -3.6
v -2.3 1.6 -3.7
v -2.3 1.7 -1.1
v -2.3 1.7 -1.2
v -2.3 1.7 -1.6
v -2.3 1.7 -1.7
v -2.3 1.8 -1
v -2.3 1.8 -1.1
v -2.3 1.8 -1.2
v -2.3 1.8 -1.3
v -2.3 1.8 -1.5
v -2.3 1.8 -1.6
v -2.3 1.8 -1.7
v -2.3 1.8 -1.8
v -2.3 1.9 -0.9
v -2.3 1.9 -1
v -2.3 1.9 -1.1
v -2.3 1.9 -1.2
v -2.3 1.9 -1.3
v -2.3 1.9 -1.5
v -2.3 1.9 -1.6
v -2.3 1.9 -1.7
v -2.3 1.9 -1.8
v -2.3 1.9 -1.9
v -2.3 2 -0.8
v -2.3 2 -0.9
v -2.3 2 -1
v -2.3 2 -1.1
v -2.3 2 -1.3
v -2.3 2 -1.5
v -2.3 2 -1.7
v -2.3 2 -1.8
v -2.3 2 -1.9
v -2.3 2 -2
v -2.3 2.1 -0.5
v -2.3 2.1 -0.7
v -2.3 2.1 -0.8
v -2.3 2.1 -0.9
v -2.3 2.1 -1
v -2.3 2.1 -1.8
v -2.3 2.1 -1.9
v -2.3 2.1 -2
v -2.3 2.1 -2.1
v -2.3 2.1 -2.2
v -2.3 2.2 -0.4
v -2.3 2.2 -0.5
v -2.3 2.2 -0.6
v -2.3 2.2 -0.7
v -2.3 2.2 -0.8
v -2.3 2.2 -0.9
v -2.3 2.2 -1.9
v -2.3 2.2 -2
v -2.3 2.2 -2.1
v -2.3 2.2 -2.2
v -2.3 2.2 -2.3
v -2.3 2.3 -0.7
v -2.3 2.3 -0.8
v -2.3 2.3 -2
v -2.3 2.3 -2.1
v -2.3 2.3 -3.5
v -2.3 2.3 -3.7
v -2.3 2.4 -0.4
v -2.3 2.4 -0.5
v -2.3 2.4 -0.6
v -2.3 2.4 -0.7
v -2.3 2.4 -0.8
v -2.3 2.4 -2.1
v -2.3 2.4 -2.2
v -2.3 2.4 -2.3
v -2.3 2.4 -3.5
v -2.3 2.4 -3.6
v -2.3 2.4 -3.7
v -2.3 2.5 -0.5
v -2.3 2.5 -0.6
v -2.3 2.5 -1.2
v -2.3 2.5 -1.3
v -2.3 2.5 -1.5
v -2.3 2.5 -1.6
v -2.3 2.5 -2.1
v -2.3 2.5 -2.2
v -2.3 2.6 -1.1
v -2.3 2.6 -1.2
v -2.3 2.6 -1.6
v -2.3 2.6 -1.7
v -2.3 2.7 -1
v -2.3 2.7 -1.1
v -2.3 2.7 -1.2
v -2.3 2.7 -1.3
v -2.3 2.7 -1.5
v -2.3 2.7 -1.6
v -2.3 2.7 -1.7
v -2.3 2.7 -1.8
v -2.3 2.8 -0.9
v -2.3 2.8 -1
v -2.3 2.8 -1.1
v -2.3 2.8 -1.2
v -2.3 2.8 -1.3
v -2.3 2.8 -1.5
v -2.3 2.8 -1.6
v -2.3 2.8 -1.7
v -2.3 2.8 -1.8
v -2.3 2.8 -1.9
v -2.3 2.9 -0.8
v -2.3 2.9 -0.9
v -2.3 2.9 -1
v -2.3 2.9 -1.1
v -2.3 2.9 -1.3
v -2.3 2.9 -1.5
v -2.3 2.9 -1.7
v -2.3 2.9 -1.8
v -2.3 2.9 -1.9
v -2.3 2.9 -2
v -2.3 3 -0.7
v -2.3 3 -0.8
v -2.3 3 -0.9
v -2.3 3 -1
v -2.3 3 -1.8
v -2.3 3 -1.9
v -2.3 3 -2
v -2.3 3 -2.1
v -2.3 3.1 -0.4
v -2.3 3.1 -0.5
v -2.3 3.1 -0.7
v -2.3 3.1 -0.8
v -2.3 3.1 -0.9
v -2.3 3.1 -1.2
v -2.3 3.1 -1.3
v -2.3 3.1 -1.9
v -2.3 3.1 -2
v -2.3 3.1 -2.1
v -2.3 3.1 -2.2
v -2.3 3.2 -0.7
v -2.3 3.2 -0.8
v -2.3 3.2 -2
v -2.3 3.2 -2.1
v -2.3 3.2 -2.2
v -2.3 3.2 -2.3
v -2.3 3.2 -3.5
v -2.3 3.2 -3.7
v -2.3 3.3 -0.4
v -2.3 3.3 -0.5
v -2.3 3.3 -0.7
v -2.3 3.3 -1.3
v -2.3 3.3 -1.4
v -2.3 3.3 -2.1
v -2.3 3.3 -2.2
v -2.3 3.3 -2.3
v -2.3 3.3 -3.5
v -2.3 3.3 -3.6
v -2.3 3.3 -3.7
v -2.3 3.4 -2.1
v -2.3 3.4 -2.2
v -2.3 3.5 -1.4
v -2.3 3.5 -1.5
v -2.3 3.6 -1.5
v -2.3 3.6 -1.6
v -2.3 3.7 -1.2
v -2.3 3.7 -1.3
v -2.3 3.7 -1.5
v -2.3 3.7 -1.6
v -2.3 3.8 -1.3
v -2.3 3.8 -1.5
v -2.3 4.1 -3.5
v -2.3 4.1 -3.7
v -2.3 4.2 -3.5
v -2.3 4.2 -3.6
v -2.3 4.2 -3.7
v -2.2 0 -1.5
v -2.2 0 -1.6
v -2.2 0.3 -1.3
v -2.2 0.3 -1.4
v -2.2 0.3 -1.5
v -2.2 0.3 -1.6
v -2.2 0.4 -1.2
v -2.2 0.4 -1.3
v -2.2 0.4 -1.4
v -2.2 0.6 -1.2
v -2.2 0.6 -1.3
v -2.2 0.6 -1.4
v -2.2 0.7 -1.3
v -2.2 0.7 -1.4
v -2.2 1.2 -2.9
v -2.2 1.2 -3.1
v -2.2 1.3 0.4
v -2.2 1.3 0.3
v -2.2 1.3 0.1
v -2.2 1.3 -0.0999998
v -2.2 1.3 -0.3
v -2.2 1.3 -0.4
v -2.2 1.3 -2.9
v -2.2 1.3 -3.1
v -2.2 1.4 0.4
v -2.2 1.4 0.3
v -2.2 1.4 0.1
v -2.2 1.4 -0.0999998
v -2.2 1.4 -0.3
v -2.2 1.4 -0.4
v -2.2 1.6 -1.3
v -2.2 1.6 -1.5
v -2.2 1.7 -1.3
v -2.2 1.7 -1.5
v -2.2 1.9 -1.2
v -2.2 1.9 -1.3
v -2.2 1.9 -1.5
v -2.2 1.9 -1.6
v -2.2 2 -1.2
v -2.2 2 -1.3
v -2.2 2 -1.5
v -2.2 2 -1.6
v -2.2 2.2 -0.5
v -2.2 2.2 -0.6
v -2.2 2.4 -0.5
v -2.2 2.4 -0.6
v -2.2 2.5 -1.3
v -2.2 2.5 -1.5
v -2.2 2.6 -1.3
v -2.2 2.6 -1.5
v -2.2 2.8 -1.2
v -2.2 2.8 -1.3
v -2.2 2.8 -1.5
v -2.2 2.8 -1.6
v -2.2 2.9 -1.2
v -2.2 2.9 -1.3
v -2.2 2.9 -1.5
v -2.2 2.9 -1.6
v -2.2 3.3 -1.3
v -2.2 3.3 -1.4
v -2.2 3.5 -1.4
v -2.2 3.5 -1.5
v -2.2 3.7 -1.3
v -2.2 3.7 -1.5
v -2.1 0 -1.6
v -2.1 0 -1.7
v -2.1 0.3 -1.4
v -2.1 0.3 -1.5
v -2.1 0.3 -1.6
v -2.1 0.3 -1.7
v -2.1 0.4 -1.3
v -2.1 0.4 -1.4
v -2.1 0.4 -1.5
v -2.1 0.6 -1.3
v -2.1 0.6 -1.4
v -2.1 0.6 -1.5
v -2.1 0.7 -1.4
v -2.1 0.7 -1.5
v -2.1 0.9 0.8
v -2.1 0.9 0.7
v -2.1 0.9 -2
v -2.1 0.9 -2.2
v -2.1 0.9 -4.2
v -2.1 0.9 -4.4
v -2.1 1 0.8
v -2.1 1 0.7
v -2.1 1 -1.9
v -2.1 1 -2
v -2.1 1 -2.2
v -2.1 1 -2.3
v -2.1 1 -4.1
v -2.1 1 -4.2
v -2.1 1 -4.4
v -2.1 1 -4.5
v -2.1 1.1 -1.8
v -2.1 1.1 -1.9
v -2.1 1.1 -2.3
v -2.1 1.1 -2.4
v -2.1 1.1 -2.9
v -2.1 1.1 -3.1
v -2.1 1.1 -4
v -2.1 1.1 -4.1
v -2.1 1.1 -4.5
v -2.1 1.1 -4.6
v -2.1 1.2 0.1
v -2.1 1.2 -0.0999998
v -2.1 1.2 -1.7
v -2.1 1.2 -1.8
v -2.1 1.2 -1.9
v -2.1 1.2 -2
v -2.1 1.2 -2.2
v -2.1 1.2 -2.3
v -2.1 1.2 -2.4
v -2.1 1.2 -2.5
v -2.1 1.2 -2.9
v -2.1 1.2 -3.1
v -2.1 1.2 -3.9
v -2.1 1.2 -4
v -2.1 1.2 -4.1
v -2.1 1.2 -4.2
v -2.1 1.2 -4.4
v -2.1 1.2 -4.5
v -2.1 1.2 -4.6
v -2.1 1.2 -4.7
v -2.1 1.3 0.1
v -2.1 1.3 -0.0999998
v -2.1 1.3 -1.6
v -2.1 1.3 -1.7
v -2.1 1.3 -1.8
v -2.1 1.3 -1.9
v -2.1 1.3 -2.3
v -2.1 1.3 -2.4
v -2.1 1.3 -2.5
v -2.1 1.3 -2.6
v -2.1 1.3 -3.8
v -2.1 1.3 -3.9
v -2.1 1.3 -4
v -2.1 1.3 -4.1
v -2.1 1.3 -4.5
v -2.1 1.3 -4.6
v -2.1 1.3 -4.7
v -2.1 1.3 -4.8
v -2.1 1.4 0.3
v -2.1 1.4 0.2
v -2.1 1.4 -0.2
v -2.1 1.4 -0.3
v -2.1 1.4 -1.6
v -2.1 1.4 -1.8
v -2.1 1.4 -2.4
v -2.1 1.4 -2.6
v -2.1 1.4 -3.8
v -2.1 1.4 -4
v -2.1 1.4 -4.6
v -2.1 1.4 -4.8
v -2.1 1.5 0.3
v -2.1 1.5 0.2
v -2.1 1.5 -0.2
v -2.1 1.5 -0.3
v -2.1 1.7 -1.3
v -2.1 1.7 -1.5
v -2.1 1.7 -3.5
v -2.1 1.7 -3.7
v -2.1 1.8 -1.3
v -2.1 1.8 -1.5
v -2.1 1.8 -3.5
v -2.1 1.8 -3.7
v -2.1 2 -1.1
v -2.1 2 -1.2
v -2.1 2 -1.6
v -2.1 2 -1.7
v -2.1 2.1 -1.1
v -2.1 2.1 -1.2
v -2.1 2.1 -1.6
v -2.1 2.1 -1.7
v -2.1 2.5 -3.5
v -2.1 2.5 -3.7
v -2.1 2.6 -1.3
v -2.1 2.6 -1.5
v -2.1 2.6 -3.5
v -2.1 2.6 -3.7
v -2.1 2.7 -1.3
v -2.1 2.7 -1.5
v -2.1 2.9 -1.1
v -2.1 2.9 -1.2
v -2.1 2.9 -1.6
v -2.1 2.9 -1.7
v -2.1 3 -1.1
v -2.1 3 -1.2
v -2.1 3 -1.6
v -2.1 3 -1.7
v -2.1 3.4 -3.5
v -2.1 3.4 -3.7
v -2.1 3.5 -3.5
v -2.1 3.5 -3.7
v -2.1 4.3 -3.5
v -2.1 4.3 -3.7
v -2.1 4.4 -3.5
v -2.1 4.4 -3.7
v -2 0 -1.7
v -2 0 -1.8
v -2 0.3 -1.5
v -2 0.3 -1.6
v -2 0.3 -1.7
v -2 0.3 -1.8
v -2 0.4 -1.4
v -2 0.4 -1.5
v -2 0.4 -1.6
v -2 0.6 -1.4
v -2 0.6 -1.5
v -2 0.6 -1.6
v -2 0.7 -1.5
v -2 0.7 -1.6
v -2 1 -2
v -2 1 -2.2
v -2 1 -4.2
v -2 1 -4.4
v -2 1.1 -2
v -2 1.1 -2.2
v -2 1.1 -4.2
v -2 1.1 -4.4
v -2 1.3 0.2
v -2 1.3 0.1
v -2 1.3 -0.0999998
v -2 1.3 -0.2
v -2 1.4 0.2
v -2 1.4 0.1
v -2 1.4 -0.0999998
v -2 1.4 -0.2
v -2 1.6 -3.5
v -2 1.6 -3.7
v -2 1.7 -3.5
v -2 1.7 -3.7
v -2 1.8 -1.3
v -2 1.8 -1.5
v -2 1.9 -1
v -2 1.9 -1.1
v -2 1.9 -1.3
v -2 1.9 -1.5
v -2 1.9 -1.7
v -2 1.9 -1.8
v -2 2 -1
v -2 2 -1.1
v -2 2 -1.7
v -2 2 -1.8
v -2 2.4 -3.5
v -2 2.4 -3.7
v -2 2.5 -3.5
v -2 2.5 -3.7
v -2 2.7 -1.3
v -2 2.7 -1.5
v -2 2.8 -1
v -2 2.8 -1.1
v -2 2.8 -1.3
v -2 2.8 -1.5
v -2 2.8 -1.7
v -2 2.8 -1.8
v -2 2.9 -1
v -2 2.9 -1.1
v -2 2.9 -1.7
v -2 2.9 -1.8
v -2 3 -1.7
v -2 3 -1.8
v -2 3.3 -3.5
v -2 3.3 -3.7
v -2 3.4 -3.5
v -2 3.4 -3.7
v -2 4.2 -3.5
v -2 4.2 -3.7
v -2 4.3 -3.5
v -2 4.3 -3.7
v -1.9 0 -1.8
v -1.9 0 -1.9
v -1.9 0.3 -1.6
v -1.9 0.3 -1.7
v -1.9 0.3 -1.8
v -1.9 0.3 -1.9
v -1.9 0.4 -1.5
v -1.9 0.4 -1.6
v -1.9 0.4 -1.7
v -1.9 0.6 -1.5
v -1.9 0.6 -1.6
v -1.9 0.6 -1.7
v -1.9 0.7 -1.6
v -1.9 0.7 -1.7
v -1.9 0.9 1
v -1.9 0.9 0.8
v -1.9 0.9 -2.9
v -1.9 0.9 -3.1
v -1.9 1 1
v -1.9 1 0.8
v -1.9 1 -2.8
v -1.9 1 -2.9
v -1.9 1 -3.1
v -1.9 1 -3.2
v -1.9 1.1 -2
v -1.9 1.1 -2.2
v -1.9 1.1 -2.7
v -1.9 1.1 -2.8
v -1.9 1.1 -3.2
v -1.9 1.1 -3.3
v -1.9 1.1 -4.2
v -1.9 1.1 -4.4
v -1.9 1.2 -2
v -1.9 1.2 -2.2
v -1.9 1.2 -2.6
v -1.9 1.2 -2.7
v -1.9 1.2 -2.8
v -1.9 1.2 -2.9
v -1.9 1.2 -3.1
v -1.9 1.2 -3.2
v -1.9 1.2 -3.3
v -1.9 1.2 -3.4
v -1.9 1.2 -4.2
v -1.9 1.2 -4.4
v -1.9 1.3 -2.6
v -1.9 1.3 -2.8
v -1.9 1.3 -3.2
v -1.9 1.3 -3.4
v -1.9 1.5 -3.5
v -1.9 1.5 -3.7
v -1.9 1.6 -3.5
v -1.9 1.6 -3.7
v -1.9 1.9 -1.3
v -1.9 1.9 -1.5
v -1.9 1.9 -1.6
v -1.9 2 -1.3
v -1.9 2 -1.5
v -1.9 2 -1.6
v -1.9 2.3 -3.5
v -1.9 2.3 -3.7
v -1.9 2.4 -3.5
v -1.9 2.4 -3.7
v -1.9 2.8 -1.3
v -1.9 2.8 -1.5
v -1.9 2.9 -1.3
v -1.9 2.9 -1.5
v -1.9 3.2 -3.5
v -1.9 3.2 -3.7
v -1.9 3.3 -3.5
v -1.9 3.3 -3.7
v -1.9 4.1 -3.5
v -1.9 4.1 -3.7
v -1.9 4.2 -3.5
v -1.9 4.2 -3.7
v -1.8 0 -1.9
v -1.8 0 -2
v -1.8 0.3 -1.7
v -1.8 0.3 -1.8
v -1.8 0.3 -1.9
v -1.8 0.3 -2
v -1.8 0.4 -1.6
v -1.8 0.4 -1.7
v -1.8 0.4 -1.8
v -1.8 0.6 -1.6
v -1.8 0.6 -1.7
v -1.8 0.6 -1.8
v -1.8 0.7 -1.7
v -1.8 0.7 -1.8
v -1.8 0.9 0.1
v -1.8 0.9 -0.0999998
v -1.8 1 0.2
v -1.8 1 0.1
v -1.8 1 -0.0999998
v -1.8 1 -0.2
v -1.8 1 -2.9
v -1.8 1 -3.1
v -1.8 1.1 0.3
v -1.8 1.1 0.2
v -1.8 1.1 -0.2
v -1.8 1.1 -0.3
v -1.8 1.1 -2.9
v -1.8 1.1 -3.1
v -1.8 1.2 0.4
v -1.8 1.2 0.3
v -1.8 1.2 0.2
v -1.8 1.2 0.1
v -1.8 1.2 -0.0999998
v -1.8 1.2 -0.2
v -1.8 1.2 -0.3
v -1.8 1.2 -0.4
v -1.8 1.2 -2
v -1.8 1.2 -2.2
v -1.8 1.2 -4.2
v -1.8 1.2 -4.4
v -1.8 1.3 0.5
v -1.8 1.3 0.4
v -1.8 1.3 0.3
v -1.8 1.3 0.2
v -1.8 1.3 0.1
v -1.8 1.3 -0.0999998
v -1.8 1.3 -0.2
v -1.8 1.3 -0.3
v -1.8 1.3 -0.4
v -1.8 1.3 -0.5
v -1.8 1.3 -2
v -1.8 1.3 -2.2
v -1.8 1.3 -4.2
v -1.8 1.3 -4.4
v -1.8 1.4 1.2
v -1.8 1.4 1
v -1.8 1.4 0.6
v -1.8 1.4 0.5
v -1.8 1.4 0.4
v -1.8 1.4 0.3
v -1.8 1.4 -0.3
v -1.8 1.4 -0.4
v -1.8 1.4 -0.5
v -1.8 1.4 -0.6
v -1.8 1.4 -1
v -1.8 1.4 -1.2
v -1.8 1.4 -3.5
v -1.8 1.4 -3.7
v -1.8 1.5 1.2
v -1.8 1.5 1.1
v -1.8 1.5 1
v -1.8 1.5 0.9
v -1.8 1.5 0.7
v -1.8 1.5 0.6
v -1.8 1.5 0.5
v -1.8 1.5 0.4
v -1.8 1.5 -0.4
v -1.8 1.5 -0.5
v -1.8 1.5 -0.6
v -1.8 1.5 -0.7
v -1.8 1.5 -0.9
v -1.8 1.5 -1
v -1.8 1.5 -1.1
v -1.8 1.5 -1.2
v -1.8 1.5 -3.5
v -1.8 1.5 -3.7
v -1.8 1.6 1.1
v -1.8 1.6 1
v -1.8 1.6 0.9
v -1.8 1.6 0.7
v -1.8 1.6 0.6
v -1.8 1.6 0.5
v -1.8 1.6 -0.5
v -1.8 1.6 -0.6
v -1.8 1.6 -0.7
v -1.8 1.6 -0.8
v -1.8 1.6 -0.9
v -1.8 1.6 -1
v -1.8 1.6 -1.1
v -1.8 1.7 1
v -1.8 1.7 0.9
v -1.8 1.7 0.7
v -1.8 1.7 0.6
v -1.8 1.7 -0.6
v -1.8 1.7 -0.7
v -1.8 1.7 -0.9
v -1.8 1.7 -1
v -1.8 1.8 0.9
v -1.8 1.8 0.7
v -1.8 1.8 -0.7
v -1.8 1.8 -0.8
v -1.8 1.8 -0.9
v -1.8 2 -1.3
v -1.8 2 -1.5
v -1.8 2.1 -1.3
v -1.8 2.1 -1.5
v -1.8 2.2 -3.5
v -1.8 2.2 -3.7
v -1.8 2.3 -3.5
v -1.8 2.3 -3.7
v -1.8 2.9 -1.3
v -1.8 2.9 -1.5
v -1.8 3 -1.3
v -1.8 3 -1.5
v -1.8 3.1 -3.5
v -1.8 3.1 -3.7
v -1.8 3.2 -3.5
v -1.8 3.2 -3.7
v -1.8 4 -3.5
v -1.8 4 -3.7
v -1.8 4.1 -3.5
v -1.8 4.1 -3.7
v -1.7 0 -2
v -1.7 0 -2.1
v -1.7 0.3 -1.8
v -1.7 0.3 -1.9
v -1.7 0.3 -2
v -1.7 0.3 -2.1
v -1.7 0.4 -1.7
v -1.7 0.4 -1.8
v -1.7 0.4 -1.9
v -1.7 0.6 -1.7
v -1.7 0.6 -1.8
v -1.7 0.6 -1.9
v -1.7 0.7 -1.8
v -1.7 0.7 -1.9
v -1.7 1 0.1
v -1.7 1 -0.0999998
v -1.7 1.1 0.1
v -1.7 1.1 -0.0999998
v -1.7 1.1 -2.9
v -1.7 1.1 -3.1
v -1.7 1.2 -2.9
v -1.7 1.2 -3.1
v -1.7 1.3 0.2
v -1.7 1.3 0.1
v -1.7 1.3 -0.0999998
v -1.7 1.3 -0.2
v -1.7 1.3 -2
v -1.7 1.3 -2.2
v -1.7 1.3 -3.2
v -1.7 1.3 -3.3
v -1.7 1.3 -3.5
v -1.7 1.3 -3.7
v -1.7 1.3 -3.9
v -1.7 1.3 -4
v -1.7 1.3 -4.2
v -1.7 1.3 -4.4
v -1.7 1.4 0.2
v -1.7 1.4 0.1
v -1.7 1.4 -0.0999998
v -1.7 1.4 -0.2
v -1.7 1.4 -2
v -1.7 1.4 -2.2
v -1.7 1.4 -3.2
v -1.7 1.4 -3.3
v -1.7 1.4 -3.5
v -1.7 1.4 -3.7
v -1.7 1.4 -3.9
v -1.7 1.4 -4
v -1.7 1.4 -4.2
v -1.7 1.4 -4.4
v -1.7 2.1 -1.2
v -1.7 2.1 -1.3
v -1.7 2.1 -3.2
v -1.7 2.1 -3.3
v -1.7 2.1 -3.5
v -1.7 2.1 -3.7
v -1.7 2.1 -3.9
v -1.7 2.1 -4
v -1.7 2.2 -1.2
v -1.7 2.2 -1.3
v -1.7 2.2 -3.2
v -1.7 2.2 -3.3
v -1.7 2.2 -3.5
v -1.7 2.2 -3.7
v -1.7 2.2 -3.9
v -1.7 2.2 -4
v -1.7 3 -1.3
v -1.7 3 -1.5
v -1.7 3 -3.2
v -1.7 3 -3.3
v -1.7 3 -3.5
v -1.7 3 -3.7
v -1.7 3 -3.9
v -1.7 3 -4
v -1.7 3.1 -1.3
v -1.7 3.1 -1.5
v -1.7 3.1 -3.2
v -1.7 3.1 -3.3
v -1.7 3.1 -3.5
v -1.7 3.1 -3.7
v -1.7 3.1 -3.9
v -1.7 3.1 -4
v -1.7 3.9 -3.2
v -1.7 3.9 -3.3
v -1.7 3.9 -3.5
v -1.7 3.9 -3.7
v -1.7 3.9 -3.9
v -1.7 3.9 -4
v -1.7 4 -3.2
v -1.7 4 -3.3
v -1.7 4 -3.5
v -1.7 4 -3.7
v -1.7 4 -3.9
v -1.7 4 -4
v -1.6 0 -2.1
v -1.6 0 -2.2
v -1.6 0.3 -1.9
v -1.6 0.3 -2
v -1.6 0.3 -2.1
v -1.6 0.3 -2.2
v -1.6 0.4 -1.8
v -1.6 0.4 -1.9
v -1.6 0.4 -2
v -1.6 0.6 -1.8
v -1.6 0.6 -1.9
v -1.6 0.6 -2
v -1.6 0.7 -1.9
v -1.6 0.7 -2
v -1.6 1.1 0.1
v -1.6 1.1 -0.0999998
v -1.6 1.2 0.1
v -1.6 1.2 -0.0999998
v -1.6 1.2 -2.9
v -1.6 1.2 -3.1
v -1.6 1.2 -3.5
v -1.6 1.2 -3.7
v -1.6 1.3 -2.9
v -1.6 1.3 -3.1
v -1.6 1.3 -3.5
v -1.6 1.3 -3.7
v -1.6 1.4 0.3
v -1.6 1.4 0.2
v -1.6 1.4 -0.2
v -1.6 1.4 -0.3
v -1.6 1.4 -3.3
v -1.6 1.4 -3.4
v -1.6 1.4 -3.8
v -1.6 1.4 -3.9
v -1.6 1.5 0.3
v -1.6 1.5 0.2
v -1.6 1.5 -0.2
v -1.6 1.5 -0.3
v -1.6 1.5 -3.3
v -1.6 1.5 -3.4
v -1.6 1.5 -3.8
v -1.6 1.5 -3.9
v -1.6 2 -3.5
v -1.6 2 -3.7
v -1.6 2.1 -1.4
v -1.6 2.1 -1.5
v -1.6 2.1 -3.5
v -1.6 2.1 -3.7
v -1.6 2.2 -1.4
v -1.6 2.2 -1.5
v -1.6 2.2 -3.3
v -1.6 2.2 -3.4
v -1.6 2.2 -3.8
v -1.6 2.2 -3.9
v -1.6 2.3 -3.3
v -1.6 2.3 -3.4
v -1.6 2.3 -3.8
v -1.6 2.3 -3.9
v -1.6 2.9 -3.5
v -1.6 2.9 -3.7
v -1.6 3 -3.5
v -1.6 3 -3.7
v -1.6 3.1 -3.3
v -1.6 3.1 -3.4
v -1.6 3.1 -3.8
v -1.6 3.1 -3.9
v -1.6 3.2 -3.3
v -1.6 3.2 -3.4
v -1.6 3.2 -3.8
v -1.6 3.2 -3.9
v -1.6 3.8 -3.5
v -1.6 3.8 -3.7
v -1.6 3.9 -3.5
v -1.6 3.9 -3.7
v -1.6 4 -3.3
v -1.6 4 -3.4
v -1.6 4 -3.8
v -1.6 4 -3.9
v -1.6 4.1 -3.3
v -1.6 4.1 -3.4
v -1.6 4.1 -3.8
v -1.6 4.1 -3.9
v -1.5 0 -2.2
v -1.5 0 -2.3
v -1.5 0.3 -2
v -1.5 0.3 -2.1
v -1.5 0.3 -2.2
v -1.5 0.3 -2.3
v -1.5 0.4 -1.9
v -1.5 0.4 -2
v -1.5 0.4 -2.1
v -1.5 0.6 -1.9
v -1.5 0.6 -2
v -1.5 0.6 -2.1
v -1.5 0.7 -2
v -1.5 0.7 -2.1
v -1.5 1.2 0.1
v -1.5 1.2 -0.0999998
v -1.5 1.3 0.4
v -1.5 1.3 0.3
v -1.5 1.3 0.1
v -1.5 1.3 -0.0999998
v -1.5 1.3 -0.3
v -1.5 1.3 -0.4
v -1.5 1.3 -3.4
v -1.5 1.3 -3.5
v -1.5 1.3 -3.7
v -1.5 1.3 -3.8
v -1.5 1.4 0.4
v -1.5 1.4 0.3
v -1.5 1.4 -0.3
v -1.5 1.4 -0.4
v -1.5 1.4 -3.4
v -1.5 1.4 -3.5
v -1.5 1.4 -3.7
v -1.5 1.4 -3.8
v -1.5 1.8 1
v -1.5 1.8 0.8
v -1.5 1.9 1
v -1.5 1.9 0.8
v -1.5 2 0.9
v -1.5 2 0.8
v -1.5 2.1 0.9
v -1.5 2.1 0.8
v -1.5 2.1 -1.3
v -1.5 2.1 -1.4
v -1.5 2.1 -3.4
v -1.5 2.1 -3.5
v -1.5 2.1 -3.7
v -1.5 2.1 -3.8
v -1.5 2.2 -1.2
v -1.5 2.2 -1.3
v -1.5 2.2 -1.4
v -1.5 2.2 -3.4
v -1.5 2.2 -3.5
v -1.5 2.2 -3.7
v -1.5 2.2 -3.8
v -1.5 2.4 -1.2
v -1.5 2.4 -1.3
v -1.5 2.4 -1.4
v -1.5 2.5 -1.3
v -1.5 2.5 -1.4
v -1.5 3 -3.4
v -1.5 3 -3.5
v -1.5 3 -3.7
v -1.5 3 -3.8
v -1.5 3.1 -1.4
v -1.5 3.1 -1.5
v -1.5 3.1 -3.4
v -1.5 3.1 -3.5
v -1.5 3.1 -3.7
v -1.5 3.1 -3.8
v -1.5 3.2 -1.2
v -1.5 3.2 -1.3
v -1.5 3.3 -1.2
v -1.5 3.3 -1.3
v -1.5 3.3 -1.4
v -1.5 3.4 -1.3
v -1.5 3.4 -1.5
v -1.5 3.9 -3.4
v -1.5 3.9 -3.5
v -1.5 3.9 -3.7
v -1.5 3.9 -3.8
v -1.5 4 -3.4
v -1.5 4 -3.5
v -1.5 4 -3.7
v -1.5 4 -3.8
v -1.4 0 -2.3
v -1.4 0 -2.4
v -1.4 0.3 -2.1
v -1.4 0.3 -2.2
v -1.4 0.3 -2.3
v -1.4 0.3 -2.4
v -1.4 0.4 -2
v -1.4 0.4 -2.1
v -1.4 0.4 -2.2
v -1.4 0.6 -2
v -1.4 0.6 -2.1
v -1.4 0.6 -2.2
v -1.4 0.7 -2.1
v -1.4 0.7 -2.2
v -1.4 0.9 -1.9
v -1.4 0.9 -2.5
v -1.4 1 -1.9
v -1.4 1 -2.5
v -1.4 1.3 0.1
v -1.4 1.3 -0.0999998
v -1.4 1.4 0.1
v -1.4 1.4 -0.0999998
v -1.4 1.4 -0.9
v -1.4 1.4 -1
v -1.4 1.5 -0.9
v -1.4 1.5 -1
v -1.4 2.2 -1.3
v -1.4 2.2 -1.5
v -1.4 2.4 -1.3
v -1.4 2.4 -1.5
v -1.4 3.1 -1.2
v -1.4 3.1 -1.4
v -1.4 3.2 -1.2
v -1.4 3.2 -1.3
v -1.4 3.3 -1.3
v -1.4 3.3 -1.4
v -1.3 0 -2.4
v -1.3 0 -2.5
v -1.3 0.3 -2.2
v -1.3 0.3 -2.3
v -1.3 0.3 -2.4
v -1.3 0.3 -2.5
v -1.3 0.4 -2.1
v -1.3 0.4 -2.2
v -1.3 0.4 -2.3
v -1.3 0.6 -2.1
v -1.3 0.6 -2.2
v -1.3 0.6 -2.3
v -1.3 0.7 -2.2
v -1.3 0.7 -2.3
v -1.3 0.9 -2.9
v -1.3 0.9 -3.1
v -1.3 0.9 -3.5
v -1.3 0.9 -3.7
v -1.3 1 -2.9
v -1.3 1 -3.1
v -1.3 1 -3.4
v -1.3 1 -3.5
v -1.3 1 -3.7
v -1.3 1 -3.8
v -1.3 1.1 -3.3
v -1.3 1.1 -3.4
v -1.3 1.1 -3.8
v -1.3 1.1 -3.9
v -1.3 1.2 1
v -1.3 1.2 0.8
v -1.3 1.2 -3.2
v -1.3 1.2 -3.3
v -1.3 1.2 -3.4
v -1.3 1.2 -3.5
v -1.3 1.2 -3.7
v -1.3 1.2 -3.8
v -1.3 1.2 -3.9
v -1.3 1.2 -4
v -1.3 1.3 1
v -1.3 1.3 0.8
v -1.3 1.3 -0.8
v -1.3 1.3 -1
v -1.3 1.3 -3.1
v -1.3 1.3 -3.2
v -1.3 1.3 -3.3
v -1.3 1.3 -3.4
v -1.3 1.3 -3.5
v -1.3 1.3 -3.7
v -1.3 1.3 -3.8
v -1.3 1.3 -3.9
v -1.3 1.3 -4
v -1.3 1.3 -4.1
v -1.3 1.4 0.1
v -1.3 1.4 -0.0999998
v -1.3 1.4 -0.8
v -1.3 1.4 -1
v -1.3 1.4 -2.4
v -1.3 1.4 -2.6
v -1.3 1.4 -3
v -1.3 1.4 -3.1
v -1.3 1.4 -3.2
v -1.3 1.4 -3.3
v -1.3 1.4 -3.5
v -1.3 1.4 -3.7
v -1.3 1.4 -3.9
v -1.3 1.4 -4
v -1.3 1.4 -4.1
v -1.3 1.4 -4.2
v -1.3 1.4 -4.6
v -1.3 1.4 -4.7
v -1.3 1.4 -4.8
v -1.3 1.5 0.1
v -1.3 1.5 -0.0999998
v -1.3 1.5 -2.4
v -1.3 1.5 -2.5
v -1.3 1.5 -2.6
v -1.3 1.5 -2.7
v -1.3 1.5 -2.9
v -1.3 1.5 -3
v -1.3 1.5 -3.1
v -1.3 1.5 -3.2
v -1.3 1.5 -4
v -1.3 1.5 -4.1
v -1.3 1.5 -4.2
v -1.3 1.5 -4.3
v -1.3 1.5 -4.5
v -1.3 1.5 -4.6
v -1.3 1.5 -4.7
v -1.3 1.5 -4.8
v -1.3 1.6 -2.5
v -1.3 1.6 -2.6
v -1.3 1.6 -2.7
v -1.3 1.6 -2.9
v -1.3 1.6 -3
v -1.3 1.6 -3.1
v -1.3 1.6 -4.1
v -1.3 1.6 -4.2
v -1.3 1.6 -4.3
v -1.3 1.6 -4.4
v -1.3 1.6 -4.5
v -1.3 1.6 -4.6
v -1.3 1.6 -4.7
v -1.3 1.7 -2.6
v -1.3 1.7 -2.7
v -1.3 1.7 -2.9
v -1.3 1.7 -3
v -1.3 1.7 -4.2
v -1.3 1.7 -4.3
v -1.3 1.7 -4.4
v -1.3 1.7 -4.5
v -1.3 1.7 -4.6
v -1.3 1.8 -2.7
v -1.3 1.8 -2.9
v -1.3 1.8 -3.4
v -1.3 1.8 -3.5
v -1.3 1.8 -3.7
v -1.3 1.8 -3.8
v -1.3 1.8 -4.3
v -1.3 1.8 -4.4
v -1.3 1.8 -4.5
v -1.3 1.9 1
v -1.3 1.9 0.8
v -1.3 1.9 -3.3
v -1.3 1.9 -3.4
v -1.3 1.9 -3.8
v -1.3 1.9 -3.9
v -1.3 2 1
v -1.3 2 0.8
v -1.3 2 -3.2
v -1.3 2 -3.3
v -1.3 2 -3.4
v -1.3 2 -3.5
v -1.3 2 -3.7
v -1.3 2 -3.8
v -1.3 2 -3.9
v -1.3 2 -4
v -1.3 2.1 -3.1
v -1.3 2.1 -3.2
v -1.3 2.1 -3.3
v -1.3 2.1 -3.4
v -1.3 2.1 -3.5
v -1.3 2.1 -3.7
v -1.3 2.1 -3.8
v -1.3 2.1 -3.9
v -1.3 2.1 -4
v -1.3 2.1 -4.1
v -1.3 2.2 -2.4
v -1.3 2.2 -2.5
v -1.3 2.2 -2.6
v -1.3 2.2 -3
v -1.3 2.2 -3.1
v -1.3 2.2 -3.2
v -1.3 2.2 -3.3
v -1.3 2.2 -3.5
v -1.3 2.2 -3.7
v -1.3 2.2 -3.9
v -1.3 2.2 -4
v -1.3 2.2 -4.1
v -1.3 2.2 -4.2
v -1.3 2.2 -4.6
v -1.3 2.2 -4.8
v -1.3 2.3 -2.4
v -1.3 2.3 -2.5
v -1.3 2.3 -2.6
v -1.3 2.3 -2.7
v -1.3 2.3 -2.9
v -1.3 2.3 -3
v -1.3 2.3 -3.1
v -1.3 2.3 -3.2
v -1.3 2.3 -4
v -1.3 2.3 -4.1
v -1.3 2.3 -4.2
v -1.3 2.3 -4.3
v -1.3 2.3 -4.5
v -1.3 2.3 -4.6
v -1.3 2.3 -4.7
v -1.3 2.3 -4.8
v -1.3 2.4 -2.5
v -1.3 2.4 -2.6
v -1.3 2.4 -2.7
v -1.3 2.4 -2.9
v -1.3 2.4 -3
v -1.3 2.4 -3.1
v -1.3 2.4 -4.1
v -1.3 2.4 -4.2
v -1.3 2.4 -4.3
v -1.3 2.4 -4.4
v -1.3 2.4 -4.5
v -1.3 2.4 -4.6
v -1.3 2.4 -4.7
v -1.3 2.5 1
v -1.3 2.5 0.8
v -1.3 2.5 -2.6
v -1.3 2.5 -2.7
v -1.3 2.5 -2.9
v -1.3 2.5 -3
v -1.3 2.5 -4.2
v -1.3 2.5 -4.3
v -1.3 2.5 -4.4
v -1.3 2.5 -4.5
v -1.3 2.5 -4.6
v -1.3 2.6 1
v -1.3 2.6 0.8
v -1.3 2.6 -2.7
v -1.3 2.6 -2.9
v -1.3 2.6 -4.3
v -1.3 2.6 -4.4
v -1.3 2.6 -4.5
v -1.3 2.7 -3.4
v -1.3 2.7 -3.5
v -1.3 2.7 -3.7
v -1.3 2.7 -3.8
v -1.3 2.8 -3.3
v -1.3 2.8 -3.4
v -1.3 2.8 -3.8
v -1.3 2.8 -3.9
v -1.3 2.9 -3.2
v -1.3 2.9 -3.3
v -1.3 2.9 -3.4
v -1.3 2.9 -3.5
v -1.3 2.9 -3.7
v -1.3 2.9 -3.8
v -1.3 2.9 -3.9
v -1.3 2.9 -4
v -1.3 3 -3.1
v -1.3 3 -3.2
v -1.3 3 -3.3
v -1.3 3 -3.4
v -1.3 3 -3.5
v -1.3 3 -3.7
v -1.3 3 -3.8
v -1.3 3 -3.9
v -1.3 3 -4
v -1.3 3 -4.1
v -1.3 3.1 -2.4
v -1.3 3.1 -2.6
v -1.3 3.1 -3
v -1.3 3.1 -3.1
v -1.3 3.1 -3.2
v -1.3 3.1 -3.3
v -1.3 3.1 -3.5
v -1.3 3.1 -3.7
v -1.3 3.1 -3.9
v -1.3 3.1 -4
v -1.3 3.1 -4.1
v -1.3 3.1 -4.2
v -1.3 3.1 -4.6
v -1.3 3.1 -4.7
v -1.3 3.1 -4.8
v -1.3 3.2 -2.4
v -1.3 3.2 -2.5
v -1.3 3.2 -2.6
v -1.3 3.2 -2.7
v -1.3 3.2 -2.9
v -1.3 3.2 -3
v -1.3 3.2 -3.1
v -1.3 3.2 -3.2
v -1.3 3.2 -4
v -1.3 3.2 -4.1
v -1.3 3.2 -4.2
v -1.3 3.2 -4.3
v -1.3 3.2 -4.5
v -1.3 3.2 -4.6
v -1.3 3.2 -4.7
v -1.3 3.2 -4.8
v -1.3 3.3 -2.5
v -1.3 3.3 -2.6
v -1.3 3.3 -2.7
v -1.3 3.3 -2.9
v -1.3 3.3 -3
v -1.3 3.3 -3.1
v -1.3 3.3 -4.1
v -1.3 3.3 -4.2
v -1.3 3.3 -4.3
v -1.3 3.3 -4.4
v -1.3 3.3 -4.5
v -1.3 3.3 -4.6
v -1.3 3.3 -4.7
v -1.3 3.4 -2.6
v -1.3 3.4 -2.7
v -1.3 3.4 -2.9
v -1.3 3.4 -3
v -1.3 3.4 -4.2
v -1.3 3.4 -4.3
v -1.3 3.4 -4.4
v -1.3 3.4 -4.5
v -1.3 3.4 -4.6
v -1.3 3.5 -2.7
v -1.3 3.5 -2.9
v -1.3 3.5 -4.3
v -1.3 3.5 -4.4
v -1.3 3.5 -4.5
v -1.3 3.6 -3.4
v -1.3 3.6 -3.5
v -1.3 3.6 -3.7
v -1.3 3.6 -3.8
v -1.3 3.7 -3.3
v -1.3 3.7 -3.4
v -1.3 3.7 -3.8
v -1.3 3.7 -3.9
v -1.3 3.8 -3.2
v -1.3 3.8 -3.3
v -1.3 3.8 -3.4
v -1.3 3.8 -3.5
v -1.3 3.8 -3.7
v -1.3 3.8 -3.8
v -1.3 3.8 -3.9
v -1.3 3.8 -4
v -1.3 3.9 -3.1
v -1.3 3.9 -3.2
v -1.3 3.9 -3.3
v -1.3 3.9 -3.4
v -1.3 3.9 -3.5
v -1.3 3.9 -3.7
v -1.3 3.9 -3.8
v -1.3 3.9 -3.9
v -1.3 3.9 -4
v -1.3 3.9 -4.1
v -1.3 4 -2.4
v -1.3 4 -2.6
v -1.3 4 -3
v -1.3 4 -3.1
v -1.3 4 -3.2
v -1.3 4 -3.3
v -1.3 4 -3.5
v -1.3 4 -3.7
v -1.3 4 -3.9
v -1.3 4 -4
v -1.3 4 -4.1
v -1.3 4 -4.2
v -1.3 4 -4.6
v -1.3 4 -4.8
v -1.3 4.1 -2.4
v -1.3 4.1 -2.5
v -1.3 4.1 -2.6
v -1.3 4.1 -2.7
v -1.3 4.1 -2.9
v -1.3 4.1 -3
v -1.3 4.1 -3.1
v -1.3 4.1 -3.2
v -1.3 4.1 -4
v -1.3 4.1 -4.1
v -1.3 4.1 -4.2
v -1.3 4.1 -4.3
v -1.3 4.1 -4.5
v -1.3 4.1 -4.6
v -1.3 4.1 -4.7
v -1.3 4.1 -4.8
v -1.3 4.2 -2.5
v -1.3 4.2 -2.6
v -1.3 4.2 -2.7
v -1.3 4.2 -2.9
v -1.3 4.2 -3
v -1.3 4.2 -3.1
v -1.3 4.2 -4.1
v -1.3 4.2 -4.2
v -1.3 4.2 -4.3
v -1.3 4.2 -4.4
v -1.3 4.2 -4.5
v -1.3 4.2 -4.6
v -1.3 4.2 -4.7
v -1.3 4.3 -2.6
v -1.3 4.3 -2.7
v -1.3 4.3 -2.9
v -1.3 4.3 -3
v -1.3 4.3 -4.2
v -1.3 4.3 -4.3
v -1.3 4.3 -4.5
v -1.3 4.3 -4.6
v -1.3 4.4 -2.7
v -1.3 4.4 -2.9
v -1.3 4.4 -4.3
v -1.3 4.4 -4.4
v -1.3 4.4 -4.5
v -1.2 0 -2.5
v -1.2 0 -2.6
v -1.2 0.3 -2.3
v -1.2 0.3 -2.4
v -1.2 0.3 -2.5
v -1.2 0.3 -2.6
v -1.2 0.4 -2.2
v -1.2 0.4 -2.3
v -1.2 0.4 -2.4
v -1.2 0.6 -2.2
v -1.2 0.6 -2.3
v -1.2 0.6 -2.4
v -1.2 0.7 -2.3
v -1.2 0.7 -2.4
v -1.2 0.9 -0.4
v -1.2 0.9 -0.7
v -1.2 1 -0.4
v -1.2 1 -0.7
v -1.2 1 -3.5
v -1.2 1 -3.7
v -1.2 1.1 -3.5
v -1.2 1.1 -3.7
v -1.2 1.2 -0.8
v -1.2 1.2 -1
v -1.2 1.3 -0.8
v -1.2 1.3 -1
v -1.2 1.3 -3.4
v -1.2 1.3 -3.5
v -1.2 1.3 -3.7
v -1.2 1.3 -3.8
v -1.2 1.4 -3.4
v -1.2 1.4 -3.5
v -1.2 1.4 -3.7
v -1.2 1.4 -3.8
v -1.2 1.5 0.1
v -1.2 1.5 -0.0999998
v -1.2 1.6 0.1
v -1.2 1.6 -0.0999998
v -1.2 1.8 -3.5
v -1.2 1.8 -3.7
v -1.2 1.9 -3.5
v -1.2 1.9 -3.7
v -1.2 2.1 -3.4
v -1.2 2.1 -3.5
v -1.2 2.1 -3.7
v -1.2 2.1 -3.8
v -1.2 2.2 -3.4
v -1.2 2.2 -3.5
v -1.2 2.2 -3.7
v -1.2 2.2 -3.8
v -1.2 2.4 1
v -1.2 2.4 0.8
v -1.2 2.5 1
v -1.2 2.5 0.8
v -1.2 2.7 -3.5
v -1.2 2.7 -3.7
v -1.2 2.8 -3.5
v -1.2 2.8 -3.7
v -1.2 3 -3.4
v -1.2 3 -3.5
v -1.2 3 -3.7
v -1.2 3 -3.8
v -1.2 3.1 -3.4
v -1.2 3.1 -3.5
v -1.2 3.1 -3.7
v -1.2 3.1 -3.8
v -1.2 3.6 -3.5
v -1.2 3.6 -3.7
v -1.2 3.7 -3.5
v -1.2 3.7 -3.7
v -1.2 3.9 -3.4
v -1.2 3.9 -3.5
v -1.2 3.9 -3.7
v -1.2 3.9 -3.8
v -1.2 4 -3.4
v -1.2 4 -3.5
v -1.2 4 -3.7
v -1.2 4 -3.8
v -1.1 0 -2.6
v -1.1 0 -2.7
v -1.1 0.3 -2.4
v -1.1 0.3 -2.5
v -1.1 0.3 -2.6
v -1.1 0.3 -2.7
v -1.1 0.4 -2.3
v -1.1 0.4 -2.4
v -1.1 0.4 -2.5
v -1.1 0.6 -2.3
v -1.1 0.6 -2.4
v -1.1 0.6 -2.5
v -1.1 0.7 -2.4
v -1.1 0.7 -2.5
v -1.1 0.9 -0.3
v -1.1 0.9 -0.4
v -1.1 1 -0.3
v -1.1 1 -0.4
v -1.1 1.1 -0.8
v -1.1 1.1 -1
v -1.1 1.1 -3.5
v -1.1 1.1 -3.7
v -1.1 1.2 -0.8
v -1.1 1.2 -1
v -1.1 1.2 -3.5
v -1.1 1.2 -3.7
v -1.1 1.4 -3.3
v -1.1 1.4 -3.4
v -1.1 1.4 -3.8
v -1.1 1.4 -3.9
v -1.1 1.5 -3.3
v -1.1 1.5 -3.4
v -1.1 1.5 -3.8
v -1.1 1.5 -3.9
v -1.1 1.9 0.4
v -1.1 1.9 0.3
v -1.1 1.9 -3.5
v -1.1 1.9 -3.7
v -1.1 2 0.4
v -1.1 2 0.3
v -1.1 2 -3.5
v -1.1 2 -3.7
v -1.1 2.2 -3.3
v -1.1 2.2 -3.4
v -1.1 2.2 -3.8
v -1.1 2.2 -3.9
v -1.1 2.3 -3.3
v -1.1 2.3 -3.4
v -1.1 2.3 -3.8
v -1.1 2.3 -3.9
v -1.1 2.5 1.4
v -1.1 2.5 1.3
v -1.1 2.6 1.4
v -1.1 2.6 1.3
v -1.1 2.8 -3.5
v -1.1 2.8 -3.7
v -1.1 2.9 -3.5
v -1.1 2.9 -3.7
v -1.1 3.1 -3.3
v -1.1 3.1 -3.4
v -1.1 3.1 -3.8
v -1.1 3.1 -3.9
v -1.1 3.2 -3.3
v -1.1 3.2 -3.4
v -1.1 3.2 -3.8
v -1.1 3.2 -3.9
v -1.1 3.7 -3.5
v -1.1 3.7 -3.7
v -1.1 3.8 -3.5
v -1.1 3.8 -3.7
v -1.1 4 -3.3
v -1.1 4 -3.4
v -1.1 4 -3.8
v -1.1 4 -3.9
v -1.1 4.1 -3.3
v -1.1 4.1 -3.4
v -1.1 4.1 -3.8
v -1.1 4.1 -3.9
v -1 0 -2.7
v -1 0 -2.8
v -1 0.3 -2.5
v -1 0.3 -2.6
v -1 0.3 -2.7
v -1 0.3 -2.8
v -1 0.4 -2.4
v -1 0.4 -2.5
v -1 0.4 -2.6
v -1 0.6 -2.4
v -1 0.6 -2.5
v -1 0.6 -2.6
v -1 0.7 -2.5
v -1 0.7 -2.6
v -1 0.9 1
v -1 0.9 0.8
v -1 0.9 -4.4
v -1 0.9 -4.5
v -1 1 1.1
v -1 1 1
v -1 1 0.8
v -1 1 0.7
v -1 1 -4.4
v -1 1 -4.5
v -1 1.1 1.2
v -1 1.1 1.1
v -1 1.1 0.7
v -1 1.1 0.6
v -1 1.2 1.4
v -1 1.2 1.3
v -1 1.2 1.2
v -1 1.2 1.1
v -1 1.2 1
v -1 1.2 0.8
v -1 1.2 0.7
v -1 1.2 0.6
v -1 1.2 0.5
v -1 1.2 -3.5
v -1 1.2 -3.7
v -1 1.3 1.5
v -1 1.3 1.4
v -1 1.3 1.3
v -1 1.3 1.1
v -1 1.3 0.7
v -1 1.3 0.5
v -1 1.3 -3.2
v -1 1.3 -3.3
v -1 1.3 -3.5
v -1 1.3 -3.7
v -1 1.3 -3.9
v -1 1.3 -4
v -1 1.4 1.5
v -1 1.4 1.3
v -1 1.4 -0.4
v -1 1.4 -0.5
v -1 1.4 -3.2
v -1 1.4 -3.3
v -1 1.4 -3.9
v -1 1.4 -4
v -1 1.5 -0.4
v -1 1.5 -0.5
v -1 1.7 1.1
v -1 1.7 1
v -1 1.7 0.8
v -1 1.7 0.7
v -1 1.7 0.1
v -1 1.7 1.19209e-07
v -1 1.7 -0.0999998
v -1 1.8 1.5
v -1 1.8 1.3
v -1 1.8 1.2
v -1 1.8 1.1
v -1 1.8 0.7
v -1 1.8 0.6
v -1 1.8 0.5
v -1 1.8 0.3
v -1 1.8 0.1
v -1 1.8 1.19209e-07
v -1 1.8 -0.0999998
v -1 1.9 1.5
v -1 1.9 1.4
v -1 1.9 1.3
v -1 1.9 1.2
v -1 1.9 1.1
v -1 1.9 1
v -1 1.9 0.8
v -1 1.9 0.7
v -1 1.9 0.6
v -1 1.9 0.5
v -1 1.9 0.4
v -1 1.9 0.3
v -1 2 1.4
v -1 2 1.1
v -1 2 0.7
v -1 2 0.6
v -1 2 0.5
v -1 2 0.4
v -1 2 -3.5
v -1 2 -3.7
v -1 2.1 0.6
v -1 2.1 0.5
v -1 2.1 -3.2
v -1 2.1 -3.3
v -1 2.1 -3.5
v -1 2.1 -3.7
v -1 2.1 -3.9
v -1 2.1 -4
v -1 2.2 -3.2
v -1 2.2 -3.3
v -1 2.2 -3.9
v -1 2.2 -4
v -1 2.3 1.1
v -1 2.3 1
v -1 2.3 0.8
v -1 2.3 0.7
v -1 2.4 1.2
v -1 2.4 1.1
v -1 2.4 0.7
v -1 2.4 0.6
v -1 2.5 1.3
v -1 2.5 1.2
v -1 2.5 1.1
v -1 2.5 1
v -1 2.5 0.8
v -1 2.5 0.7
v -1 2.5 0.6
v -1 2.5 0.5
v -1 2.6 1.3
v -1 2.6 1.1
v -1 2.6 0.7
v -1 2.6 0.6
v -1 2.6 0.5
v -1 2.7 0.7
v -1 2.7 0.5
v -1 2.9 -3.5
v -1 2.9 -3.7
v -1 3 -3.2
v -1 3 -3.3
v -1 3 -3.5
v -1 3 -3.7
v -1 3 -3.9
v -1 3 -4
v -1 3.1 -3.2
v -1 3.1 -3.3
v -1 3.1 -3.9
v -1 3.1 -4
v -1 3.8 -3.5
v -1 3.8 -3.7
v -1 3.9 -3.2
v -1 3.9 -3.3
v -1 3.9 -3.5
v -1 3.9 -3.7
v -1 3.9 -3.9
v -1 3.9 -4
v -1 4 -3.2
v -1 4 -3.3
v -1 4 -3.9
v -1 4 -4
v -0.9 0 -2.8
v -0.9 0 -2.9
v -0.9 0.3 -2.6
v -0.9 0.3 -2.7
v -0.9 0.3 -2.8
v -0.9 0.3 -2.9
v -0.9 0.4 -2.5
v -0.9 0.4 -2.6
v -0.9 0.4 -2.7
v -0.9 0.6 -2.5
v -0.9 0.6 -2.6
v -0.9 0.6 -2.7
v -0.9 0.7 -2.6
v -0.9 0.7 -2.7
v -0.9 0.9 -0.8
v -0.9 0.9 -1
v -0.9 0.9 -4.3
v -0.9 0.9 -4.4
v -0.9 0.9 -4.5
v -0.9 0.9 -4.7
v -0.9 1 1
v -0.9 1 0.8
v -0.9 1 -0.7
v -0.9 1 -0.8
v -0.9 1 -1
v -0.9 1 -1.1
v -0.9 1 -4.3
v -0.9 1 -4.4
v -0.9 1 -4.5
v -0.9 1 -4.7
v -0.9 1.1 1
v -0.9 1.1 0.8
v -0.9 1.1 -0.6
v -0.9 1.1 -0.7
v -0.9 1.1 -1.1
v -0.9 1.1 -1.2
v -0.9 1.2 -0.5
v -0.9 1.2 -0.6
v -0.9 1.2 -0.7
v -0.9 1.2 -0.8
v -0.9 1.2 -1
v -0.9 1.2 -1.1
v -0.9 1.2 -1.2
v -0.9 1.2 -1.3
v -0.9 1.3 -0.3
v -0.9 1.3 -0.4
v -0.9 1.3 -0.5
v -0.9 1.3 -0.6
v -0.9 1.3 -0.7
v -0.9 1.3 -1.1
v -0.9 1.3 -1.2
v -0.9 1.3 -1.3
v -0.9 1.3 -1.4
v -0.9 1.3 -1.5
v -0.9 1.3 -3.5
v -0.9 1.3 -3.7
v -0.9 1.4 -0.3
v -0.9 1.4 -0.4
v -0.9 1.4 -0.6
v -0.9 1.4 -1.2
v -0.9 1.4 -1.3
v -0.9 1.4 -1.4
v -0.9 1.4 -1.5
v -0.9 1.4 -3.5
v -0.9 1.4 -3.7
v -0.9 1.5 -1.3
v -0.9 1.5 -1.4
v -0.9 1.6 0.1
v -0.9 1.6 -0.0999998
v -0.9 1.7 1
v -0.9 1.7 0.8
v -0.9 1.7 0.1
v -0.9 1.7 -0.0999998
v -0.9 1.8 1
v -0.9 1.8 0.8
v -0.9 1.9 0.6
v -0.9 1.9 0.5
v -0.9 2 0.6
v -0.9 2 0.5
v -0.9 2.1 -3.5
v -0.9 2.1 -3.7
v -0.9 2.2 -3.5
v -0.9 2.2 -3.7
v -0.9 2.3 1
v -0.9 2.3 0.8
v -0.9 2.4 1
v -0.9 2.4 0.8
v -0.9 2.5 0.7
v -0.9 2.5 0.6
v -0.9 2.6 0.7
v -0.9 2.6 0.6
v -0.9 3 -3.5
v -0.9 3 -3.7
v -0.9 3.1 -3.5
v -0.9 3.1 -3.7
v -0.9 3.9 -3.5
v -0.9 3.9 -3.7
v -0.9 4 -1.3
v -0.9 4 -1.4
v -0.9 4 -3.5
v -0.9 4 -3.7
v -0.9 4.2 -1.3
v -0.9 4.2 -1.4
v -0.8 0 -2.9
v -0.8 0 -3
v -0.8 0.3 -2.7
v -0.8 0.3 -2.8
v -0.8 0.3 -2.9
v -0.8 0.3 -3
v -0.8 0.4 -2.6
v -0.8 0.4 -2.7
v -0.8 0.4 -2.8
v -0.8 0.6 -2.6
v -0.8 0.6 -2.7
v -0.8 0.6 -2.8
v -0.8 0.7 -2.7
v -0.8 0.7 -2.8
v -0.8 0.9 -3.3
v -0.8 0.9 -3.5
v -0.8 1 -0.8
v -0.8 1 -1
v -0.8 1 -3.3
v -0.8 1 -3.5
v -0.8 1.1 1
v -0.8 1.1 0.8
v -0.8 1.1 -0.8
v -0.8 1.1 -1
v -0.8 1.2 1
v -0.8 1.2 0.8
v -0.8 1.2 -1.9
v -0.8 1.2 -2.1
v -0.8 1.3 0.9
v -0.8 1.3 0.8
v -0.8 1.3 -1.9
v -0.8 1.3 -2.1
v -0.8 1.4 0.9
v -0.8 1.4 0.8
v -0.8 1.4 -3.5
v -0.8 1.4 -3.7
v -0.8 1.5 0.1
v -0.8 1.5 -0.0999998
v -0.8 1.5 -3.5
v -0.8 1.5 -3.7
v -0.8 1.6 0.1
v -0.8 1.6 -0.0999998
v -0.8 1.8 1
v -0.8 1.8 0.8
v -0.8 1.9 1
v -0.8 1.9 0.8
v -0.8 2.2 -3.5
v -0.8 2.2 -3.7
v -0.8 2.3 -3.5
v -0.8 2.3 -3.7
v -0.8 2.4 1
v -0.8 2.4 0.8
v -0.8 2.5 1
v -0.8 2.5 0.8
v -0.8 2.6 -1.2
v -0.8 2.6 -1.4
v -0.8 2.8 -1.2
v -0.8 2.8 -1.4
v -0.8 3.1 -3.5
v -0.8 3.1 -3.7
v -0.8 3.2 -3.5
v -0.8 3.2 -3.7
v -0.8 4 -3.5
v -0.8 4 -3.7
v -0.8 4.1 -3.5
v -0.8 4.1 -3.7
v -0.8 4.2 -1.2
v -0.8 4.2 -1.4
v -0.8 4.3 -1.4
v -0.8 4.3 -1.5
v -0.8 4.4 -1.2
v -0.8 4.4 -1.4
v -0.8 4.5 -1.1
v -0.8 4.5 -1.2
v -0.8 4.5 -1.4
v -0.8 4.5 -1.5
v -0.8 4.6 -1.1
v -0.8 4.6 -1.2
v -0.7 0 -3
v -0.7 0 -3.1
v -0.7 0.3 -2.8
v -0.7 0.3 -2.9
v -0.7 0.3 -3
v -0.7 0.3 -3.1
v -0.7 0.4 -2.7
v -0.7 0.4 -2.8
v -0.7 0.4 -2.9
v -0.7 0.6 -2.7
v -0.7 0.6 -2.8
v -0.7 0.6 -2.9
v -0.7 0.7 -2.8
v -0.7 0.7 -2.9
v -0.7 0.9 -3.5
v -0.7 0.9 -3.6
v -0.7 1 -3.5
v -0.7 1 -3.6
v -0.7 1.1 -0.8
v -0.7 1.1 -1
v -0.7 1.1 -1.9
v -0.7 1.1 -2.1
v -0.7 1.2 0.9
v -0.7 1.2 0.8
v -0.7 1.2 -0.8
v -0.7 1.2 -1
v -0.7 1.2 -1.9
v -0.7 1.2 -2.1
v -0.7 1.3 1
v -0.7 1.3 0.9
v -0.7 1.3 0.8
v -0.7 1.4 1
v -0.7 1.4 0.9
v -0.7 1.4 0.1
v -0.7 1.4 -0.0999998
v -0.7 1.4 -4.7
v -0.7 1.4 -4.9
v -0.7 1.5 0.1
v -0.7 1.5 -0.0999998
v -0.7 1.5 -3.5
v -0.7 1.5 -3.7
v -0.7 1.5 -4.7
v -0.7 1.5 -4.9
v -0.7 1.6 -3.5
v -0.7 1.6 -3.7
v -0.7 2.3 -3.5
v -0.7 2.3 -3.7
v -0.7 2.4 -3.5
v -0.7 2.4 -3.7
v -0.7 2.5 1
v -0.7 2.5 0.8
v -0.7 2.6 1
v -0.7 2.6 0.8
v -0.7 2.9 -1.2
v -0.7 2.9 -1.4
v -0.7 3 -1.2
v -0.7 3 -1.4
v -0.7 3.2 -3.5
v -0.7 3.2 -3.7
v -0.7 3.3 -3.5
v -0.7 3.3 -3.7
v -0.7 4.1 -3.5
v -0.7 4.1 -3.7
v -0.7 4.2 -3.5
v -0.7 4.2 -3.7
v -0.7 4.5 -1.2
v -0.7 4.5 -1.4
v -0.7 4.6 -1.2
v -0.7 4.6 -1.4
v -0.6 0 -3.1
v -0.6 0 -3.2
v -0.6 0.3 -2.9
v -0.6 0.3 -3
v -0.6 0.3 -3.1
v -0.6 0.3 -3.2
v -0.6 0.4 -2.8
v -0.6 0.4 -2.9
v -0.6 0.4 -3
v -0.6 0.6 -2.8
v -0.6 0.6 -2.9
v -0.6 0.6 -3
v -0.6 0.7 -2.9
v -0.6 0.7 -3
v -0.6 0.9 -2.9
v -0.6 0.9 -3
v -0.6 1 -2.9
v -0.6 1 -3
v -0.6 1.2 1
v -0.6 1.2 0.9
v -0.6 1.2 -0.8
v -0.6 1.2 -1
v -0.6 1.3 1
v -0.6 1.3 0.9
v -0.6 1.3 -0.8
v -0.6 1.3 -1
v -0.6 1.5 -4.7
v -0.6 1.5 -4.9
v -0.6 1.6 -4.7
v -0.6 1.6 -4.8
v -0.6 1.6 -4.9
v -0.6 1.9 1
v -0.6 1.9 0.8
v -0.6 2 1
v -0.6 2 0.8
v -0.6 2.8 -1.3
v -0.6 2.8 -1.4
v -0.6 2.9 -1.3
v -0.6 2.9 -1.4
v -0.5 0 -3.2
v -0.5 0 -3.3
v -0.5 0.3 -3
v -0.5 0.3 -3.1
v -0.5 0.3 -3.2
v -0.5 0.3 -3.3
v -0.5 0.4 -2.9
v -0.5 0.4 -3
v -0.5 0.4 -3.1
v -0.5 0.6 -2.9
v -0.5 0.6 -3
v -0.5 0.6 -3.1
v -0.5 0.7 -3
v -0.5 0.7 -3.1
v -0.5 0.9 -1.9
v -0.5 0.9 -2.1
v -0.5 0.9 -2.7
v -0.5 0.9 -2.9
v -0.5 0.9 -4.6
v -0.5 0.9 -4.7
v -0.5 1 -1.8
v -0.5 1 -1.9
v -0.5 1 -2.1
v -0.5 1 -2.2
v -0.5 1 -2.7
v -0.5 1 -2.9
v -0.5 1 -4.6
v -0.5 1 -4.7
v -0.5 1.1 -1.2
v -0.5 1.1 -1.3
v -0.5 1.1 -1.7
v -0.5 1.1 -1.8
v -0.5 1.1 -2.2
v -0.5 1.1 -2.3
v -0.5 1.2 -1.6
v -0.5 1.2 -1.7
v -0.5 1.2 -1.8
v -0.5 1.2 -1.9
v -0.5 1.2 -2.1
v -0.5 1.2 -2.2
v -0.5 1.2 -2.3
v -0.5 1.2 -2.4
v -0.5 1.3 -0.8
v -0.5 1.3 -0.9
v -0.5 1.3 -1.6
v -0.5 1.3 -1.8
v -0.5 1.3 -2.2
v -0.5 1.3 -2.4
v -0.5 1.4 -0.8
v -0.5 1.4 -0.9
v -0.5 1.4 -1
v -0.5 1.5 -0.8
v -0.5 1.5 -1
v -0.5 1.7 0.9
v -0.5 1.7 0.8
v -0.5 1.7 -3.5
v -0.5 1.7 -3.6
v -0.5 1.7 -3.7
v -0.5 1.8 1
v -0.5 1.8 0.9
v -0.5 1.8 0.8
v -0.5 1.8 -3.5
v -0.5 1.8 -3.6
v -0.5 1.8 -3.7
v -0.5 1.9 1
v -0.5 1.9 0.8
v -0.5 2.5 -1.2
v -0.5 2.5 -1.3
v -0.5 2.5 -3.5
v -0.5 2.5 -3.6
v -0.5 2.5 -3.7
v -0.5 2.6 -3.5
v -0.5 2.6 -3.6
v -0.5 2.6 -3.7
v -0.5 2.7 -0.6
v -0.5 2.7 -0.7
v -0.5 2.7 -0.8
v -0.5 2.7 -0.9
v -0.5 2.8 -0.6
v -0.5 2.8 -0.7
v -0.5 2.8 -0.8
v -0.5 2.8 -0.9
v -0.5 2.8 -1.2
v -0.5 2.8 -1.3
v -0.5 2.9 -1.2
v -0.5 2.9 -1.8
v -0.5 2.9 -1.9
v -0.5 3 -1.8
v -0.5 3 -1.9
v -0.5 3.4 -3.5
v -0.5 3.4 -3.6
v -0.5 3.4 -3.7
v -0.5 3.5 -3.5
v -0.5 3.5 -3.6
v -0.5 3.5 -3.7
v -0.5 3.9 -0.6
v -0.5 3.9 -0.7
v -0.5 3.9 -1.2
v -0.5 3.9 -1.3
v -0.5 4.1 -1.8
v -0.5 4.1 -1.9
v -0.5 4.2 -1.9
v -0.5 4.3 -0.7
v -0.5 4.3 -1.8
v -0.5 4.3 -1.9
v -0.5 4.3 -3.5
v -0.5 4.3 -3.6
v -0.5 4.3 -3.7
v -0.5 4.4 -0.6
v -0.5 4.4 -0.7
v -0.5 4.4 -3.5
v -0.5 4.4 -3.6
v -0.5 4.4 -3.7
v -0.5 4.5 -0.7
v -0.5 4.5 -0.8
v -0.5 4.6 -0.7
v -0.5 4.6 -0.8
v -0.4 0 -3.3
v -0.4 0 -3.4
v -0.4 0.3 -3.1
v -0.4 0.3 -3.2
v -0.4 0.3 -3.3
v -0.4 0.3 -3.4
v -0.4 0.4 -3
v -0.4 0.4 -3.1
v -0.4 0.4 -3.2
v -0.4 0.6 -3
v -0.4 0.6 -3.1
v -0.4 0.6 -3.2
v -0.4 0.7 -3.1
v -0.4 0.7 -3.2
v -0.4 0.9 -1.2
v -0.4 0.9 -1.4
v -0.4 0.9 -4.5
v -0.4 0.9 -4.6
v -0.4 1 -1.9
v -0.4 1 -2.1
v -0.4 1 -4.5
v -0.4 1 -4.6
v -0.4 1.1 -1.2
v -0.4 1.1 -1.3
v -0.4 1.1 -1.9
v -0.4 1.1 -2.1
v -0.4 1.3 -0.9
v -0.4 1.3 -1
v -0.4 1.4 -0.9
v -0.4 1.4 -1
v -0.4 1.6 -3.5
v -0.4 1.6 -3.6
v -0.4 1.6 -3.7
v -0.4 1.7 -3.5
v -0.4 1.7 -3.6
v -0.4 1.7 -3.7
v -0.4 1.7 -4.7
v -0.4 1.7 -4.9
v -0.4 1.8 -4.7
v -0.4 1.8 -4.9
v -0.4 2.3 -0.7
v -0.4 2.3 -0.8
v -0.4 2.4 -3.5
v -0.4 2.4 -3.6
v -0.4 2.4 -3.7
v -0.4 2.5 -1.2
v -0.4 2.5 -1.3
v -0.4 2.5 -3.5
v -0.4 2.5 -3.7
v -0.4 2.6 -1.9
v -0.4 2.6 -2
v -0.4 2.7 -0.7
v -0.4 2.7 -0.8
v -0.4 2.7 -1.1
v -0.4 2.7 -1.2
v -0.4 2.7 -1.4
v -0.4 2.7 -1.5
v -0.4 2.7 -1.8
v -0.4 2.7 -1.9
v -0.4 2.8 -0.6
v -0.4 2.8 -0.7
v -0.4 2.8 -0.8
v -0.4 2.8 -0.9
v -0.4 2.8 -1
v -0.4 2.8 -1.1
v -0.4 2.8 -1.5
v -0.4 2.8 -1.6
v -0.4 2.8 -1.7
v -0.4 2.8 -1.8
v -0.4 2.9 -0.6
v -0.4 2.9 -0.7
v -0.4 2.9 -0.8
v -0.4 2.9 -0.9
v -0.4 2.9 -1
v -0.4 2.9 -1.1
v -0.4 2.9 -1.2
v -0.4 2.9 -1.3
v -0.4 2.9 -1.4
v -0.4 2.9 -1.5
v -0.4 2.9 -1.6
v -0.4 2.9 -1.7
v -0.4 2.9 -1.8
v -0.4 2.9 -1.9
v -0.4 2.9 -2
v -0.4 3 -0.7
v -0.4 3 -0.8
v -0.4 3 -1.1
v -0.4 3 -1.5
v -0.4 3 -1.8
v -0.4 3.3 -3.5
v -0.4 3.3 -3.7
v -0.4 3.4 -3.5
v -0.4 3.4 -3.7
v -0.4 3.9 -1.2
v -0.4 3.9 -1.3
v -0.4 4.2 -1.9
v -0.4 4.2 -2
v -0.4 4.2 -3.5
v -0.4 4.2 -3.6
v -0.4 4.2 -3.7
v -0.4 4.3 -0.7
v -0.4 4.3 -0.8
v -0.4 4.3 -1.1
v -0.4 4.3 -1.2
v -0.4 4.3 -1.4
v -0.4 4.3 -1.5
v -0.4 4.3 -1.8
v -0.4 4.3 -1.9
v -0.4 4.3 -3.5
v -0.4 4.3 -3.6
v -0.4 4.3 -3.7
v -0.4 4.4 -0.6
v -0.4 4.4 -0.7
v -0.4 4.4 -0.8
v -0.4 4.4 -0.9
v -0.4 4.4 -1
v -0.4 4.4 -1.1
v -0.4 4.4 -1.5
v -0.4 4.4 -1.6
v -0.4 4.4 -1.7
v -0.4 4.4 -1.8
v -0.4 4.4 -1.9
v -0.4 4.4 -2
v -0.4 4.5 -0.6
v -0.4 4.5 -0.7
v -0.4 4.5 -0.8
v -0.4 4.5 -0.9
v -0.4 4.5 -1
v -0.4 4.5 -1.1
v -0.4 4.5 -1.2
v -0.4 4.5 -1.4
v -0.4 4.5 -1.5
v -0.4 4.5 -1.6
v -0.4 4.5 -1.7
v -0.4 4.5 -1.8
v -0.4 4.5 -1.9
v -0.4 4.6 -0.8
v -0.4 4.6 -1.1
v -0.4 4.6 -1.2
v -0.4 4.6 -1.4
v -0.4 4.6 -1.5
v -0.4 4.6 -1.8
v -0.4 4.7 -1.1
v -0.4 4.7 -1.2
v -0.4 4.7 -1.4
v -0.4 4.7 -1.5
v -0.4 4.8 -1.2
v -0.4 4.8 -1.4
v -0.3 0 -3.4
v -0.3 0 -3.5
v -0.3 0.3 -3.2
v -0.3 0.3 -3.3
v -0.3 0.3 -3.4
v -0.3 0.3 -3.5
v -0.3 0.4 -3.1
v -0.3 0.4 -3.2
v -0.3 0.4 -3.3
v -0.3 0.6 -3.1
v -0.3 0.6 -3.2
v -0.3 0.6 -3.3
v -0.3 0.7 -3.2
v -0.3 0.7 -3.3
v -0.3 0.9 -4.3
v -0.3 0.9 -4.5
v -0.3 1 -4.3
v -0.3 1 -4.5
v -0.3 1.1 -1.9
v -0.3 1.1 -2.1
v -0.3 1.2 -1.9
v -0.3 1.2 -2.1
v -0.3 1.5 1.19209e-07
v -0.3 1.5 -0.0999998
v -0.3 1.5 -3.5
v -0.3 1.5 -3.6
v -0.3 1.5 -3.7
v -0.3 1.6 -0.0999998
v -0.3 1.6 -3.5
v -0.3 1.6 -3.6
v -0.3 1.6 -3.7
v -0.3 1.6 -4.7
v -0.3 1.6 -4.9
v -0.3 1.7 1.19209e-07
v -0.3 1.7 -0.0999998
v -0.3 1.7 -4.7
v -0.3 1.7 -4.9
v -0.3 2.3 -3.5
v -0.3 2.3 -3.6
v -0.3 2.3 -3.7
v -0.3 2.4 -3.5
v -0.3 2.4 -3.6
v -0.3 2.4 -3.7
v -0.3 2.7 -1.2
v -0.3 2.7 -1.4
v -0.3 2.8 -1.2
v -0.3 2.8 -1.4
v -0.3 3.2 -3.5
v -0.3 3.2 -3.6
v -0.3 3.2 -3.7
v -0.3 3.3 -3.5
v -0.3 3.3 -3.7
v -0.3 4.1 -3.5
v -0.3 4.1 -3.6
v -0.3 4.1 -3.7
v -0.3 4.2 -3.5
v -0.3 4.2 -3.6
v -0.3 4.2 -3.7
v -0.3 4.3 -1.2
v -0.3 4.3 -1.4
v -0.3 4.4 -1.2
v -0.3 4.4 -1.4
v -0.3 4.6 -1.2
v -0.3 4.6 -1.4
v -0.3 4.7 -1.2
v -0.3 4.7 -1.4
v -0.2 0 -3.5
v -0.2 0 -3.6
v -0.2 0.3 -3.3
v -0.2 0.3 -3.4
v -0.2 0.3 -3.5
v -0.2 0.3 -3.6
v -0.2 0.4 -3.2
v -0.2 0.4 -3.3
v -0.2 0.4 -3.4
v -0.2 0.6 -3.2
v -0.2 0.6 -3.3
v -0.2 0.6 -3.4
v -0.2 0.7 -3.3
v -0.2 0.7 -3.4
v -0.2 1.2 -1.9
v -0.2 1.2 -2
v -0.2 1.3 -1.9
v -0.2 1.3 -2
v -0.2 1.4 -3.5
v -0.2 1.4 -3.7
v -0.2 1.5 -0.0999998
v -0.2 1.5 -0.2
v -0.2 1.5 -3.5
v -0.2 1.5 -3.7
v -0.2 1.5 -4.7
v -0.2 1.5 -4.9
v -0.2 1.6 -0.0999998
v -0.2 1.6 -0.2
v -0.2 1.6 -4.7
v -0.2 1.6 -4.9
v -0.2 2.2 -3.5
v -0.2 2.2 -3.6
v -0.2 2.2 -3.7
v -0.2 2.3 -3.5
v -0.2 2.3 -3.6
v -0.2 2.3 -3.7
v -0.2 2.8 -1.3
v -0.2 2.8 -1.4
v -0.2 2.9 -1.3
v -0.2 2.9 -1.4
v -0.2 3.1 -3.5
v -0.2 3.1 -3.6
v -0.2 3.1 -3.7
v -0.2 3.2 -3.5
v -0.2 3.2 -3.6
v -0.2 3.2 -3.7
v -0.2 4 -3.5
v -0.2 4 -3.7
v -0.2 4.1 -3.5
v -0.2 4.1 -3.7
v -0.2 4.4 -1.3
v -0.2 4.4 -1.4
v -0.2 4.5 -1.3
v -0.2 4.5 -1.4
v -0.0999999 0 -3.6
v -0.0999999 0 -3.7
v -0.0999999 0.3 -3.4
v -0.0999999 0.3 -3.5
v -0.0999999 0.3 -3.6
v -0.0999999 0.3 -3.7
v -0.0999999 0.4 -3.3
v -0.0999999 0.4 -3.4
v -0.0999999 0.4 -3.5
v -0.0999999 0.6 -3.3
v -0.0999999 0.6 -3.4
v -0.0999999 0.6 -3.5
v -0.0999999 0.7 -3.4
v -0.0999999 0.7 -3.5
v -0.0999999 0.9 -3.5
v -0.0999999 0.9 -3.6
v -0.0999999 1 -3.5
v -0.0999999 1 -3.6
v -0.0999999 1.2 -1
v -0.0999999 1.2 -1.2
v -0.0999999 1.3 1.2
v -0.0999999 1.3 1
v -0.0999999 1.3 -1
v -0.0999999 1.3 -1.2
v -0.0999999 1.3 -2
v -0.0999999 1.3 -2.2
v -0.0999999 1.4 1.2
v -0.0999999 1.4 1
v -0.0999999 1.4 -0.0999998
v -0.0999999 1.4 -0.2
v -0.0999999 1.4 -2
v -0.0999999 1.4 -2.2
v -0.0999999 1.4 -4.7
v -0.0999999 1.4 -4.9
v -0.0999999 1.5 -0.0999998
v -0.0999999 1.5 -0.2
v -0.0999999 1.5 -4.7
v -0.0999999 1.5 -4.9
v -0.0999999 4.3 -1.2
v -0.0999999 4.3 -1.3
v -0.0999999 4.4 -1.2
v -0.0999999 4.4 -1.3
v 0 0 -3.7
v 0 0 -3.8
v 0 0.3 -3.5
v 0 0.3 -3.6
v 0 0.3 -3.7
v 0 0.3 -3.8
v 0 0.4 -3.4
v 0 0.4 -3.5
v 0 0.4 -3.6
v 0 0.6 -3.4
v 0 0.6 -3.5
v 0 0.6 -3.6
v 0 0.7 -3.5
v 0 0.7 -3.6
v 0 1.1 -1
v 0 1.1 -1.2
v 0 1.2 1.2
v 0 1.2 1
v 0 1.2 -1
v 0 1.2 -1.2
v 0 1.2 -2
v 0 1.2 -2.2
v 0 1.3 1.2
v 0 1.3 1
v 0 1.3 -0.0999998
v 0 1.3 -0.2
v 0 1.3 -2
v 0 1.3 -2.2
v 0 1.3 -4.4
v 0 1.3 -4.5
v 0 1.3 -4.7
v 0 1.3 -4.9
v 0 1.3 -5.1
v 0 1.3 -5.2
v 0 1.4 -0.0999998
v 0 1.4 -0.2
v 0 1.4 -4.4
v 0 1.4 -4.5
v 0 1.4 -4.7
v 0 1.4 -4.9
v 0 1.4 -5.1
v 0 1.4 -5.2
v 0 2.5 -1.2
v 0 2.5 -1.3
v 0 2.6 -1.1
v 0 2.6 -1.2
v 0 2.6 -1.3
v 0 2.7 -1.1
v 0 2.7 -1.2
v 0 2.9 -1.2
v 0 2.9 -1.4
v 0 3 -1.2
v 0 3 -1.4
v 0 4.5 -1.2
v 0 4.5 -1.4
v 0 4.6 -1.2
v 0 4.6 -1.4
v 0.0999999 0 -3.8
v 0.0999999 0 -3.9
v 0.0999999 0.3 -3.6
v 0.0999999 0.3 -3.7
v 0.0999999 0.3 -3.8
v 0.0999999 0.3 -3.9
v 0.0999999 0.4 -3.5
v 0.0999999 0.4 -3.6
v 0.0999999 0.4 -3.7
v 0.0999999 0.6 -3.5
v 0.0999999 0.6 -3.6
v 0.0999999 0.6 -3.7
v 0.0999999 0.7 -3.6
v 0.0999999 0.7 -3.7
v 0.0999999 0.9 -3.4
v 0.0999999 0.9 -3.7
v 0.0999999 1 -3.4
v 0.0999999 1 -3.7
v 0.0999999 1.1 1.2
v 0.0999999 1.1 1
v 0.0999999 1.1 -2
v 0.0999999 1.1 -2.2
v 0.0999999 1.2 1.2
v 0.0999999 1.2 1
v 0.0999999 1.2 -2
v 0.0999999 1.2 -2.2
v 0.0999999 1.2 -4.7
v 0.0999999 1.2 -4.9
v 0.0999999 1.3 -0.2
v 0.0999999 1.3 -0.3
v 0.0999999 1.3 -0.4
v 0.0999999 1.3 -4.7
v 0.0999999 1.3 -4.9
v 0.0999999 1.4 -0.2
v 0.0999999 1.4 -0.3
v 0.0999999 1.4 -0.4
v 0.0999999 1.4 -4.5
v 0.0999999 1.4 -4.6
v 0.0999999 1.4 -5
v 0.0999999 1.4 -5.1
v 0.0999999 1.5 -0.3
v 0.0999999 1.5 -0.4
v 0.0999999 1.5 -4.5
v 0.0999999 1.5 -4.6
v 0.0999999 1.5 -5
v 0.0999999 1.5 -5.1
v 0.0999999 2.6 -1.2
v 0.0999999 2.6 -1.3
v 0.0999999 2.7 -1.2
v 0.0999999 2.7 -1.3
v 0.0999999 2.7 -1.4
v 0.0999999 2.9 -1.2
v 0.0999999 2.9 -1.4
v 0.0999999 4.1 -1.2
v 0.0999999 4.1 -1.3
v 0.0999999 4.3 -1.2
v 0.0999999 4.3 -1.3
v 0.0999999 4.3 -1.4
v 0.0999999 4.5 -1.2
v 0.0999999 4.5 -1.4
v 0.2 0 -3.9
v 0.2 0 -4
v 0.2 0.3 -3.7
v 0.2 0.3 -3.8
v 0.2 0.3 -3.9
v 0.2 0.3 -4
v 0.2 0.4 -3.6
v 0.2 0.4 -3.7
v 0.2 0.4 -3.8
v 0.2 0.6 -3.6
v 0.2 0.6 -3.7
v 0.2 0.6 -3.8
v 0.2 0.7 -3.7
v 0.2 0.7 -3.8
v 0.2 0.9 -0.0999998
v 0.2 0.9 -0.2
v 0.2 0.9 -1
v 0.2 0.9 -1.2
v 0.2 1 -0.9
v 0.2 1 -1
v 0.2 1 -1.2
v 0.2 1 -1.3
v 0.2 1.1 -0.8
v 0.2 1.1 -0.9
v 0.2 1.1 -1.3
v 0.2 1.1 -1.4
v 0.2 1.2 0.1
v 0.2 1.2 -0.0999998
v 0.2 1.2 -0.2
v 0.2 1.2 -0.3
v 0.2 1.2 -0.7
v 0.2 1.2 -0.8
v 0.2 1.2 -0.9
v 0.2 1.2 -1
v 0.2 1.2 -1.2
v 0.2 1.2 -1.3
v 0.2 1.2 -1.4
v 0.2 1.2 -1.5
v 0.2 1.3 0.2
v 0.2 1.3 0.1
v 0.2 1.3 1.19209e-07
v 0.2 1.3 -0.0999998
v 0.2 1.3 -0.2
v 0.2 1.3 -0.3
v 0.2 1.3 -0.7
v 0.2 1.3 -0.9
v 0.2 1.3 -1.3
v 0.2 1.3 -1.5
v 0.2 1.3 -4.6
v 0.2 1.3 -4.7
v 0.2 1.3 -4.9
v 0.2 1.3 -5
v 0.2 1.4 0.2
v 0.2 1.4 0.1
v 0.2 1.4 1.19209e-07
v 0.2 1.4 -0.0999998
v 0.2 1.4 -0.2
v 0.2 1.4 -0.4
v 0.2 1.4 -0.6
v 0.2 1.4 -4.6
v 0.2 1.4 -4.7
v 0.2 1.4 -4.9
v 0.2 1.4 -5
v 0.2 1.5 0.2
v 0.2 1.5 0.1
v 0.2 1.5 -0.4
v 0.2 1.5 -0.5
v 0.2 1.5 -0.6
v 0.2 1.6 -0.5
v 0.2 1.6 -0.6
v 0.3 0 -4
v 0.3 0 -4.1
v 0.3 0.3 -3.8
v 0.3 0.3 -3.9
v 0.3 0.3 -4
v 0.3 0.3 -4.1
v 0.3 0.4 -3.7
v 0.3 0.4 -3.8
v 0.3 0.4 -3.9
v 0.3 0.6 -3.7
v 0.3 0.6 -3.8
v 0.3 0.6 -3.9
v 0.3 0.7 -3.8
v 0.3 0.7 -3.9
v 0.3 0.9 1.2
v 0.3 0.9 1
v 0.3 0.9 -2
v 0.3 0.9 -2.2
v 0.3 1 1.3
v 0.3 1 1.2
v 0.3 1 1
v 0.3 1 0.9
v 0.3 1 -1
v 0.3 1 -1.2
v 0.3 1 -1.9
v 0.3 1 -2
v 0.3 1 -2.2
v 0.3 1 -2.3
v 0.3 1.1 1.4
v 0.3 1.1 1.3
v 0.3 1.1 0.9
v 0.3 1.1 0.8
v 0.3 1.1 -1
v 0.3 1.1 -1.2
v 0.3 1.1 -1.8
v 0.3 1.1 -1.9
v 0.3 1.1 -2.3
v 0.3 1.1 -2.4
v 0.3 1.2 1.5
v 0.3 1.2 1.4
v 0.3 1.2 1.3
v 0.3 1.2 1.2
v 0.3 1.2 1
v 0.3 1.2 0.9
v 0.3 1.2 0.8
v 0.3 1.2 0.7
v 0.3 1.2 -1.7
v 0.3 1.2 -1.8
v 0.3 1.2 -1.9
v 0.3 1.2 -2
v 0.3 1.2 -2.2
v 0.3 1.2 -2.3
v 0.3 1.2 -2.4
v 0.3 1.2 -2.5
v 0.3 1.3 1.6
v 0.3 1.3 1.5
v 0.3 1.3 1.4
v 0.3 1.3 1.3
v 0.3 1.3 0.9
v 0.3 1.3 0.8
v 0.3 1.3 0.7
v 0.3 1.3 0.6
v 0.3 1.3 -1.6
v 0.3 1.3 -1.7
v 0.3 1.3 -1.8
v 0.3 1.3 -1.9
v 0.3 1.3 -2.3
v 0.3 1.3 -2.4
v 0.3 1.3 -2.5
v 0.3 1.3 -2.6
v 0.3 1.4 1.6
v 0.3 1.4 1.4
v 0.3 1.4 0.8
v 0.3 1.4 0.6
v 0.3 1.4 0.3
v 0.3 1.4 0.2
v 0.3 1.4 -0.0999998
v 0.3 1.4 -0.2
v 0.3 1.4 -1.6
v 0.3 1.4 -1.8
v 0.3 1.4 -2.4
v 0.3 1.4 -2.6
v 0.3 1.5 0.3
v 0.3 1.5 -0.0999998
v 0.3 1.5 -0.2
v 0.3 1.5 -0.6
v 0.3 1.5 -0.7
v 0.3 1.6 0.3
v 0.3 1.6 0.2
v 0.3 1.6 -0.6
v 0.3 1.6 -0.7
v 0.4 0.3 -3.9
v 0.4 0.3 -4
v 0.4 0.4 -3.8
v 0.4 0.4 -3.9
v 0.4 0.4 -4
v 0.4 0.6 -3.8
v 0.4 0.6 -3.9
v 0.4 0.6 -4
v 0.4 0.7 -3.9
v 0.4 0.7 -4
v 0.4 0.9 -1.5
v 0.4 0.9 -1.7
v 0.4 0.9 -4.3
v 0.4 0.9 -4.4
v 0.4 0.9 -4.7
v 0.4 0.9 -4.9
v 0.4 1 1.2
v 0.4 1 1
v 0.4 1 -1.5
v 0.4 1 -1.7
v 0.4 1 -2
v 0.4 1 -2.2
v 0.4 1 -4.3
v 0.4 1 -4.4
v 0.4 1 -4.6
v 0.4 1 -4.7
v 0.4 1 -4.9
v 0.4 1 -5
v 0.4 1.1 1.2
v 0.4 1.1 1
v 0.4 1.1 -1
v 0.4 1.1 -1.2
v 0.4 1.1 -2
v 0.4 1.1 -2.2
v 0.4 1.1 -4.5
v 0.4 1.1 -4.6
v 0.4 1.1 -5
v 0.4 1.1 -5.1
v 0.4 1.2 -1
v 0.4 1.2 -1.2
v 0.4 1.2 -2.9
v 0.4 1.2 -3.1
v 0.4 1.2 -4.4
v 0.4 1.2 -4.5
v 0.4 1.2 -4.6
v 0.4 1.2 -4.7
v 0.4 1.2 -4.9
v 0.4 1.2 -5
v 0.4 1.2 -5.1
v 0.4 1.2 -5.2
v 0.4 1.3 -2.9
v 0.4 1.3 -3.1
v 0.4 1.3 -4.3
v 0.4 1.3 -4.4
v 0.4 1.3 -4.5
v 0.4 1.3 -4.6
v 0.4 1.3 -4.7
v 0.4 1.3 -4.9
v 0.4 1.3 -5
v 0.4 1.3 -5.1
v 0.4 1.3 -5.2
v 0.4 1.3 -5.3
v 0.4 1.4 -3.6
v 0.4 1.4 -3.8
v 0.4 1.4 -4.2
v 0.4 1.4 -4.3
v 0.4 1.4 -4.4
v 0.4 1.4 -4.5
v 0.4 1.4 -5.1
v 0.4 1.4 -5.2
v 0.4 1.4 -5.3
v 0.4 1.4 -5.4
v 0.4 1.4 -5.8
v 0.4 1.4 -6
v 0.4 1.5 0.4
v 0.4 1.5 0.3
v 0.4 1.5 -0.0999998
v 0.4 1.5 -0.2
v 0.4 1.5 -3.6
v 0.4 1.5 -3.7
v 0.4 1.5 -3.8
v 0.4 1.5 -3.9
v 0.4 1.5 -4.1
v 0.4 1.5 -4.2
v 0.4 1.5 -4.3
v 0.4 1.5 -4.4
v 0.4 1.5 -5.2
v 0.4 1.5 -5.3
v 0.4 1.5 -5.4
v 0.4 1.5 -5.5
v 0.4 1.5 -5.7
v 0.4 1.5 -5.8
v 0.4 1.5 -5.9
v 0.4 1.5 -6
v 0.4 1.6 0.4
v 0.4 1.6 0.3
v 0.4 1.6 -0.0999998
v 0.4 1.6 -0.2
v 0.4 1.6 -3.7
v 0.4 1.6 -3.8
v 0.4 1.6 -3.9
v 0.4 1.6 -4.1
v 0.4 1.6 -4.2
v 0.4 1.6 -4.3
v 0.4 1.6 -5.3
v 0.4 1.6 -5.4
v 0.4 1.6 -5.5
v 0.4 1.6 -5.6
v 0.4 1.6 -5.7
v 0.4 1.6 -5.8
v 0.4 1.6 -5.9
v 0.4 1.7 -3.8
v 0.4 1.7 -3.9
v 0.4 1.7 -4.1
v 0.4 1.7 -4.2
v 0.4 1.7 -5.4
v 0.4 1.7 -5.5
v 0.4 1.7 -5.7
v 0.4 1.7 -5.8
v 0.4 1.8 -3.9
v 0.4 1.8 -4.1
v 0.4 1.8 -5.5
v 0.4 1.8 -5.6
v 0.4 1.8 -5.7
v 0.5 0.3 -4
v 0.5 0.3 -4.1
v 0.5 0.4 -3.9
v 0.5 0.4 -4
v 0.5 0.4 -4.1
v 0.5 0.6 -3.9
v 0.5 0.6 -4
v 0.5 0.6 -4.1
v 0.5 0.7 -4
v 0.5 0.7 -4.1
v 0.5 0.9 0.4
v 0.5 0.9 0.2
v 0.5 0.9 -1.3
v 0.5 0.9 -1.5
v 0.5 0.9 -4
v 0.5 0.9 -4.1
v 0.5 0.9 -4.2
v 0.5 0.9 -4.3
v 0.5 1 0.4
v 0.5 1 0.2
v 0.5 1 -1.3
v 0.5 1 -1.5
v 0.5 1 -4
v 0.5 1 -4.1
v 0.5 1 -4.2
v 0.5 1 -4.3
v 0.5 1 -4.7
v 0.5 1 -4.9
v 0.5 1.1 1.2
v 0.5 1.1 1
v 0.5 1.1 -2
v 0.5 1.1 -2.2
v 0.5 1.1 -2.9
v 0.5 1.1 -3.1
v 0.5 1.1 -4.7
v 0.5 1.1 -4.9
v 0.5 1.2 1.2
v 0.5 1.2 1
v 0.5 1.2 -0.0999998
v 0.5 1.2 -0.2
v 0.5 1.2 -1
v 0.5 1.2 -1.2
v 0.5 1.2 -2
v 0.5 1.2 -2.2
v 0.5 1.2 -2.9
v 0.5 1.2 -3.1
v 0.5 1.3 -0.0999998
v 0.5 1.3 -0.2
v 0.5 1.3 -1
v 0.5 1.3 -1.2
v 0.5 1.3 -4.6
v 0.5 1.3 -4.7
v 0.5 1.3 -4.9
v 0.5 1.3 -5
v 0.5 1.4 -4.6
v 0.5 1.4 -4.7
v 0.5 1.4 -4.9
v 0.5 1.4 -5
v 0.5 1.6 -0.0999998
v 0.5 1.6 -0.2
v 0.5 1.7 -0.0999998
v 0.5 1.8 -0.0999998
v 0.5 1.8 -0.2
v 0.6 0.4 -4
v 0.6 0.4 -4.1
v 0.6 0.6 -4
v 0.6 0.6 -4.1
v 0.6 0.9 -4.1
v 0.6 0.9 -4.2
v 0.6 1 -4.1
v 0.6 1 -4.2
v 0.6 1.1 -0.0999998
v 0.6 1.1 -0.2
v 0.6 1.1 -4.7
v 0.6 1.1 -4.9
v 0.6 1.2 1.2
v 0.6 1.2 1
v 0.6 1.2 -0.0999998
v 0.6 1.2 -0.2
v 0.6 1.2 -2
v 0.6 1.2 -2.2
v 0.6 1.2 -4.7
v 0.6 1.2 -4.9
v 0.6 1.3 1.2
v 0.6 1.3 1
v 0.6 1.3 -2
v 0.6 1.3 -2.2
v 0.6 1.4 -4.5
v 0.6 1.4 -4.6
v 0.6 1.4 -5
v 0.6 1.4 -5.1
v 0.6 1.5 -4.5
v 0.6 1.5 -4.6
v 0.6 1.5 -5
v 0.6 1.5 -5.1
v 0.6 1.7 1.19209e-07
v 0.6 1.7 -0.0999998
v 0.6 1.8 0.1
v 0.6 1.8 1.19209e-07
v 0.6 1.9 0.2
v 0.6 1.9 0.1
v 0.6 1.9 1.19209e-07
v 0.6 1.9 -0.0999998
v 0.6 2 0.2
v 0.6 2 1.19209e-07
v 0.7 0.9 -2.9
v 0.7 0.9 -3.1
v 0.7 1 -2.8
v 0.7 1 -2.9
v 0.7 1 -3.1
v 0.7 1 -3.2
v 0.7 1.1 -2.7
v 0.7 1.1 -2.8
v 0.7 1.1 -3.2
v 0.7 1.1 -3.3
v 0.7 1.2 -2.6
v 0.7 1.2 -2.7
v 0.7 1.2 -2.8
v 0.7 1.2 -2.9
v 0.7 1.2 -3.1
v 0.7 1.2 -3.2
v 0.7 1.2 -3.3
v 0.7 1.2 -3.4
v 0.7 1.2 -4.7
v 0.7 1.2 -4.9
v 0.7 1.3 1.2
v 0.7 1.3 1
v 0.7 1.3 -2
v 0.7 1.3 -2.2
v 0.7 1.3 -2.6
v 0.7 1.3 -2.8
v 0.7 1.3 -3.2
v 0.7 1.3 -3.4
v 0.7 1.3 -4.4
v 0.7 1.3 -4.5
v 0.7 1.3 -4.7
v 0.7 1.3 -4.9
v 0.7 1.3 -5.1
v 0.7 1.3 -5.2
v 0.7 1.4 1.2
v 0.7 1.4 1
v 0.7 1.4 -2
v 0.7 1.4 -2.2
v 0.7 1.4 -4.4
v 0.7 1.4 -4.5
v 0.7 1.4 -5.1
v 0.7 1.4 -5.2
v 0.8 1 -2.9
v 0.8 1 -3.1
v 0.8 1.1 -2.9
v 0.8 1.1 -3.1
v 0.8 1.3 -4.7
v 0.8 1.3 -4.9
v 0.8 1.4 -4.7
v 0.8 1.4 -4.9
v 0.9 1.1 -2.9
v 0.9 1.1 -3.1
v 0.9 1.2 -2.9
v 0.9 1.2 -3.1
v 0.9 1.4 -4.7
v 0.9 1.4 -4.9
v 0.9 1.5 -4.7
v 0.9 1.5 -4.9
v 1 0 1.5
v 1 0 -5.1
v 1 0.3 1.5
v 1 0.3 -5.1
v 1 0.7 1.5
v 1 0.7 -5.1
v 1 0.8 1.5
v 1 0.8 -5.1
v 1 1 1.5
v 1 1 -5.1
v 1 1.2 -2.9
v 1 1.2 -3.1
v 1 1.3 -2.9
v 1 1.3 -3.1
v 1 1.5 -4.7
v 1 1.5 -4.9
v 1 1.6 -4.7
v 1 1.6 -4.9
v 1.1 0.3 1.6
v 1.1 0.3 -5.2
v 1.1 0.4 1.6
v 1.1 0.4 -5.2
v 1.1 0.6 1.6
v 1.1 0.6 -5.2
v 1.1 0.7 1.6
v 1.1 0.7 -5.2
v 1.2 0.4 1.7
v 1.2 0.4 -5.3
v 1.2 0.6 1.7
v 1.2 0.6 -5.3
v 1.2 1.7 -4.7
v 1.2 1.7 -4.8
v 1.2 1.7 -4.9
v 1.2 1.8 -4.7
v 1.2 1.8 -4.8
v 1.2 1.8 -4.9
v 1.3 1.6 -4.7
v 1.3 1.6 -4.9
v 1.3 1.7 -4.7
v 1.3 1.7 -4.9
v 1.4 1.5 -4.7
v 1.4 1.5 -4.9
v 1.4 1.6 -4.7
v 1.4 1.6 -4.9
v 1.5 1.4 -4.7
v 1.5 1.4 -4.9
v 1.5 1.5 -4.7
v 1.5 1.5 -4.9
v -5.8 0.4 1.7
v -5.8 0.6 1.7
v 1.2 0.4 1.7
v 1.2 0.6 1.7
v -5.7 0.3 1.6
v -5.7 0.4 1.6
v -5.7 0.6 1.6
v -5.7 0.7 1.6
v 0.0999999 1.3 1.6
v 0.0999999 1.4 1.6
v 0.3 1.3 1.6
v 0.3 1.4 1.6
v 1.1 0.3 1.6
v 1.1 0.4 1.6
v 1.1 0.6 1.6
v 1.1 0.7 1.6
v -5.6 0 1.5
v -5.6 0.3 1.5
v -5.6 0.7 1.5
v -5.6 0.8 1.5
v -5.6 1 1.5
v -1.2 1.8 1.5
v -1.2 1.9 1.5
v -1.1 1.3 1.5
v -1.1 1.4 1.5
v -1 1.3 1.5
v -1 1.4 1.5
v -1 1.8 1.5
v -1 1.9 1.5
v 0.0999999 1.2 1.5
v 0.0999999 1.3 1.5
v 0.3 1.2 1.5
v 0.3 1.3 1.5
v 1 0 1.5
v 1 0.3 1.5
v 1 0.7 1.5
v 1 0.8 1.5
v 1 1 1.5
v -5.2 0.6 1.4
v -5.2 0.7 1.4
v -5.1 0.6 1.4
v -5.1 0.7 1.4
v -1.2 1.9 1.4
v -1.2 2 1.4
v -1.2 2.5 1.4
v -1.2 2.6 1.4
v -1.1 1.2 1.4
v -1.1 1.3 1.4
v -1.1 2.5 1.4
v -1.1 2.6 1.4
v -1 1.2 1.4
v -1 1.3 1.4
v -1 1.9 1.4
v -1 2 1.4
v 0.0999999 1.1 1.4
v 0.0999999 1.2 1.4
v 0.3 1.1 1.4
v 0.3 1.2 1.4
v 0.6 0.6 1.4
v 0.6 0.7 1.4
v 0.7 0.5 1.4
v 0.7 0.6 1.4
v 0.9 0.5 1.4
v 0.9 0.7 1.4
v -5.2 0.1 1.3
v -5.2 0.6 1.3
v -5.1 0.1 1.3
v -5.1 0.6 1.3
v -4.5 0 1.3
v -4.5 0.3 1.3
v -4.3 0 1.3
v -4.3 0.3 1.3
v -1.2 1.2 1.3
v -1.2 1.3 1.3
v -1.1 1.2 1.3
v -1.1 1.3 1.3
v -1.1 2.5 1.3
v -1.1 2.6 1.3
v -1 2.5 1.3
v -1 2.6 1.3
v 0.0999999 1 1.3
v 0.0999999 1.1 1.3
v 0.3 1 1.3
v 0.3 1.1 1.3
v -5.2 0 1.2
v -5.2 0.1 1.2
v -5.1 0 1.2
v -5.1 0.1 1.2
v -5.1 0.2 1.2
v -5.1 0.7 1.2
v -5 0.2 1.2
v -5 0.7 1.2
v -2 1.4 1.2
v -2 1.5 1.2
v -1.8 1.4 1.2
v -1.8 1.5 1.2
v -1.2 1.1 1.2
v -1.2 1.2 1.2
v -1.2 1.8 1.2
v -1.2 1.9 1.2
v -1.2 2.4 1.2
v -1.2 2.5 1.2
v -1 1.1 1.2
v -1 1.2 1.2
v -1 1.8 1.2
v -1 1.9 1.2
v -1 2.4 1.2
v -1 2.5 1.2
v -0.3 1.3 1.2
v -0.3 1.4 1.2
v -0.2 1.2 1.2
v -0.2 1.3 1.2
v -0.0999999 1.1 1.2
v -0.0999999 1.2 1.2
v -0.0999999 1.3 1.2
v -0.0999999 1.4 1.2
v 0 1 1.2
v 0 1.1 1.2
v 0 1.2 1.2
v 0 1.3 1.2
v 0.0999999 0.9 1.2
v 0.0999999 1 1.2
v 0.0999999 1.2 1.2
v 0.3 0.9 1.2
v 0.3 1 1.2
v 0.3 1.2 1.2
v 0.4 1 1.2
v 0.4 1.1 1.2
v 0.4 1.2 1.2
v 0.4 1.3 1.2
v 0.5 1.1 1.2
v 0.5 1.2 1.2
v 0.5 1.3 1.2
v 0.5 1.4 1.2
v 0.6 1.2 1.2
v 0.6 1.3 1.2
v 0.7 1.3 1.2
v 0.7 1.4 1.2
v -5.1 0 1.1
v -5.1 0.2 1.1
v -5 0 1.1
v -5 0.2 1.1
v -5 0.4 1.1
v -5 0.7 1.1
v -4.9 0.4 1.1
v -4.9 0.7 1.1
v -3.8 1.2 1.1
v -3.8 1.3 1.1
v -3.6 1.2 1.1
v -3.6 1.3 1.1
v -2 1.5 1.1
v -2 1.6 1.1
v -1.8 1.5 1.1
v -1.8 1.6 1.1
v -1.2 1 1.1
v -1.2 1.1 1.1
v -1.2 1.7 1.1
v -1.2 1.8 1.1
v -1.2 2.3 1.1
v -1.2 2.4 1.1
v -1 1 1.1
v -1 1.1 1.1
v -1 1.7 1.1
v -1 1.8 1.1
v -1 2.3 1.1
v -1 2.4 1.1
v -5.4 0.9 1
v -5.4 1 1
v -5.3 0.9 1
v -5.3 1 1
v -5 0 1
v -5 0.4 1
v -4.9 0 1
v -4.9 0.4 1
v -4.9 0.5 1
v -4.9 0.7 1
v -4.9 1.5 1
v -4.9 1.6 1
v -4.8 0.5 1
v -4.8 0.7 1
v -4.7 0.6 1
v -4.7 0.7 1
v -4.7 1.5 1
v -4.7 1.6 1
v -4.6 0.4 1
v -4.6 0.6 1
v -4.5 0.6 1
v -4.5 0.7 1
v -4.4 0.4 1
v -4.4 0.6 1
v -3.8 1.1 1
v -3.8 1.2 1
v -3.6 1.1 1
v -3.6 1.2 1
v -3.2 0.9 1
v -3.2 1 1
v -3.1 0.9 1
v -3.1 1 1
v -2.8 0.9 1
v -2.8 1 1
v -2.5 0.9 1
v -2.5 1 1
v -2 0.9 1
v -2 1 1
v -2 1.6 1
v -2 1.7 1
v -1.9 0.9 1
v -1.9 1 1
v -1.9 1.6 1
v -1.9 1.7 1
v -1.8 1.6 1
v -1.8 1.7 1
v -1.7 1.8 1
v -1.7 1.9 1
v -1.6 1.9 1
v -1.6 2 1
v -1.5 1.2 1
v -1.5 1.3 1
v -1.5 1.8 1
v -1.5 1.9 1
v -1.5 2.5 1
v -1.5 2.6 1
v -1.4 1.1 1
v -1.4 1.2 1
v -1.4 1.8 1
v -1.4 1.9 1
v -1.4 2.4 1
v -1.4 2.5 1
v -1.3 1 1
v -1.3 1.1 1
v -1.3 1.2 1
v -1.3 1.3 1
v -1.3 1.7 1
v -1.3 1.8 1
v -1.3 1.9 1
v -1.3 2 1
v -1.3 2.3 1
v -1.3 2.4 1
v -1.3 2.5 1
v -1.3 2.6 1
v -1.2 0.9 1
v -1.2 1 1
v -1.2 1.2 1
v -1.2 1.7 1
v -1.2 1.9 1
v -1.2 2.3 1
v -1.2 2.5 1
v -1 0.9 1
v -1 1 1
v -1 1.2 1
v -1 1.7 1
v -1 1.9 1
v -1 2.3 1
v -1 2.5 1
v -0.9 1 1
v -0.9 1.1 1
v -0.9 1.2 1
v -0.9 1.3 1
v -0.9 1.7 1
v -0.9 1.8 1
v -0.9 1.9 1
v -0.9 2 1
v -0.9 2.3 1
v -0.9 2.4 1
v -0.9 2.5 1
v -0.9 2.6 1
v -0.8 1.1 1
v -0.8 1.2 1
v -0.8 1.3 1
v -0.8 1.4 1
v -0.8 1.8 1
v -0.8 1.9 1
v -0.8 2.4 1
v -0.8 2.5 1
v -0.7 1.2 1
v -0.7 1.3 1
v -0.7 1.4 1
v -0.7 1.8 1
v -0.7 1.9 1
v -0.7 2.5 1
v -0.7 2.6 1
v -0.6 1.2 1
v -0.6 1.3 1
v -0.6 1.9 1
v -0.6 2 1
v -0.5 1.8 1
v -0.5 1.9 1
v 0.0999999 1.1 1
v 0.0999999 1.2 1
v 0.3 1.1 1
v 0.3 1.2 1
v -5 1.4 0.9
v -5 1.5 0.9
v -4.9 0 0.9
v -4.9 0.5 0.9
v -4.9 1.5 0.9
v -4.8 0 0.9
v -4.8 0.5 0.9
v -4.8 0.6 0.9
v -4.8 0.7 0.9
v -4.8 1.4 0.9
v -4.8 1.5 0.9
v -4.7 0.4 0.9
v -4.7 0.6 0.9
v -4.7 0.7 0.9
v -4.6 0.3 0.9
v -4.6 0.4 0.9
v -4.6 0.6 0.9
v -4.5 0.3 0.9
v -4.5 0.6 0.9
v -4.5 0.7 0.9
v -4.4 0.3 0.9
v -4.4 0.4 0.9
v -4.4 0.6 0.9
v -4.4 0.7 0.9
v -4.3 0.4 0.9
v -4.3 0.6 0.9
v -3.8 1 0.9
v -3.8 1.1 0.9
v -3.6 1 0.9
v -3.6 1.1 0.9
v -3.4 0.9 0.9
v -3.4 1 0.9
v -3.2 0.9 0.9
v -3.2 1 0.9
v -2.5 0.9 0.9
v -2.5 1 0.9
v -2.4 0.9 0.9
v -2.4 1 0.9
v -2.2 0.9 0.9
v -2.2 1 0.9
v -2 0.9 0.9
v -2 1 0.9
v -2 1.7 0.9
v -2 1.8 0.9
v -1.9 1.7 0.9
v -1.8 1.7 0.9
v -1.8 1.8 0.9
v -1.6 2 0.9
v -1.6 2.1 0.9
v -1.5 2 0.9
v -1.5 2.1 0.9
v -0.9 1.3 0.9
v -0.9 1.4 0.9
v -0.8 1.3 0.9
v -0.8 1.4 0.9
v -0.6 1.7 0.9
v -0.6 1.8 0.9
v -0.5 1.7 0.9
v -0.5 1.8 0.9
v 0.0999999 1.2 0.9
v 0.0999999 1.3 0.9
v 0.3 1.2 0.9
v 0.3 1.3 0.9
v -5 1.3 0.8
v -5 1.4 0.8
v -4.9 1.3 0.8
v -4.9 1.4 0.8
v -4.8 0.1 0.8
v -4.8 0.6 0.8
v -4.7 0.1 0.8
v -4.7 0.2 0.8
v -4.7 0.4 0.8
v -4.7 0.6 0.8
v -4.6 0 0.8
v -4.6 0.2 0.8
v -4.6 0.3 0.8
v -4.6 0.4 0.8
v -4.6 1.9 0.8
v -4.6 2 0.8
v -4.5 0 0.8
v -4.5 0.3 0.8
v -4.5 1.9 0.8
v -4.5 2 0.8
v -4.4 0.3 0.8
v -4.4 0.4 0.8
v -4.4 0.6 0.8
v -4.4 0.7 0.8
v -4.4 0.9 0.8
v -4.4 1 0.8
v -4.3 0.3 0.8
v -4.3 0.4 0.8
v -4.3 0.6 0.8
v -4.3 0.7 0.8
v -4.3 0.9 0.8
v -4.3 1 0.8
v -4.2 0.4 0.8
v -4.2 0.6 0.8
v -4.1 1.2 0.8
v -4.1 1.3 0.8
v -4 1.1 0.8
v -4 1.2 0.8
v -3.9 1 0.8
v -3.9 1.1 0.8
v -3.9 1.2 0.8
v -3.9 1.3 0.8
v -3.8 0.9 0.8
v -3.8 1 0.8
v -3.8 1.2 0.8
v -3.6 0.9 0.8
v -3.6 1 0.8
v -3.6 1.2 0.8
v -3.5 1 0.8
v -3.5 1.1 0.8
v -3.5 1.2 0.8
v -3.5 1.3 0.8
v -3.4 1.1 0.8
v -3.4 1.2 0.8
v -3.3 1.2 0.8
v -3.3 1.3 0.8
v -1.2 2.4 0.8
v -1.2 2.5 0.8
v -1 2.4 0.8
v -1 2.5 0.8
v 0.0999999 1.3 0.8
v 0.0999999 1.4 0.8
v 0.3 1.3 0.8
v 0.3 1.4 0.8
v -5 1.2 0.7
v -5 1.3 0.7
v -4.9 1.2 0.7
v -4.9 1.3 0.7
v -4.8 0 0.7
v -4.8 0.1 0.7
v -4.7 0.1 0.7
v -4.7 0.2 0.7
v -4.6 0 0.7
v -4.6 0.2 0.7
v -4.6 1.8 0.7
v -4.6 1.9 0.7
v -4.5 1.8 0.7
v -4.5 1.9 0.7
v -4.3 0.3 0.7
v -4.3 0.4 0.7
v -4.3 0.6 0.7
v -4.3 0.7 0.7
v -4.3 0.9 0.7
v -4.3 1 0.7
v -4.2 0.3 0.7
v -4.2 0.4 0.7
v -4.2 0.6 0.7
v -4.2 0.7 0.7
v -4.1 0.4 0.7
v -4.1 0.6 0.7
v -4.1 0.9 0.7
v -4.1 1 0.7
v -2 1.5 0.7
v -2 1.6 0.7
v -1.8 1.5 0.7
v -1.8 1.6 0.7
v -1.2 1.2 0.7
v -1.2 1.3 0.7
v -1.2 1.9 0.7
v -1.2 2 0.7
v -1.2 2.5 0.7
v -1.2 2.6 0.7
v -1.2 2.7 0.7
v -1 1.2 0.7
v -1 1.3 0.7
v -1 1.9 0.7
v -1 2 0.7
v -1 2.5 0.7
v -1 2.6 0.7
v -1 2.7 0.7
v -0.9 2.5 0.7
v -0.9 2.6 0.7
v -5.6 1.6 0.6
v -5.6 1.7 0.6
v -5.5 1.5 0.6
v -5.5 1.6 0.6
v -5.4 1.5 0.6
v -5.4 1.7 0.6
v -4.7 1.7 0.6
v -4.7 1.8 0.6
v -4.6 1.8 0.6
v -4.5 1.7 0.6
v -4.5 1.8 0.6
v -4.2 0.3 0.6
v -4.2 0.4 0.6
v -4.2 0.6 0.6
v -4.2 0.7 0.6
v -4.1 0.3 0.6
v -4.1 0.4 0.6
v -4.1 0.6 0.6
v -4.1 0.7 0.6
v -3.8 1.1 0.6
v -3.8 1.2 0.6
v -3.6 1.1 0.6
v -3.6 1.2 0.6
v -2 1.4 0.6
v -2 1.5 0.6
v -1.8 1.4 0.6
v -1.8 1.5 0.6
v -1.1 2 0.6
v -1.1 2.1 0.6
v -1 1.9 0.6
v -1 2 0.6
v -1 2.1 0.6
v -0.9 1.9 0.6
v -0.9 2 0.6
v -5.4 1.4 0.5
v -5.4 1.5 0.5
v -5.4 1.6 0.5
v -5.3 1.3 0.5
v -5.3 1.4 0.5
v -5.3 1.5 0.5
v -5.3 1.6 0.5
v -5.2 1.2 0.5
v -5.2 1.3 0.5
v -5.2 1.4 0.5
v -5.2 1.5 0.5
v -5.1 1.3 0.5
v -5.1 1.4 0.5
v -5 0.9 0.5
v -5 1.2 0.5
v -5 1.3 0.5
v -5 1.5 0.5
v -4.9 0.9 0.5
v -4.9 1.2 0.5
v -4.9 1.3 0.5
v -4.9 1.4 0.5
v -4.9 1.5 0.5
v -4.9 1.6 0.5
v -4.8 1.4 0.5
v -4.8 1.5 0.5
v -4.8 1.6 0.5
v -4.8 1.7 0.5
v -4.7 1.1 0.5
v -4.7 1.2 0.5
v -4.7 1.5 0.5
v -4.7 1.6 0.5
v -4.7 1.7 0.5
v -4.6 1.2 0.5
v -4.6 1.3 0.5
v -4.6 1.6 0.5
v -4.6 1.7 0.5
v -4.5 1.1 0.5
v -4.5 1.2 0.5
v -4.3 0 0.5
v -4.3 0.3 0.5
v -4.2 0 0.5
v -4.2 0.3 0.5
v -4.1 0.3 0.5
v -4.1 0.7 0.5
v -4 0.3 0.5
v -4 0.7 0.5
v -3.8 1.2 0.5
v -3.8 1.3 0.5
v -3.6 1.2 0.5
v -3.6 1.3 0.5
v -3 1 0.5
v -3 1.1 0.5
v -2.8 1 0.5
v -2.8 1.1 0.5
v -2 1.3 0.5
v -2 1.4 0.5
v -1.8 1.3 0.5
v -1.8 1.4 0.5
v -1.2 1.8 0.5
v -1.2 1.9 0.5
v -1 1.8 0.5
v -1 1.9 0.5
v -5.1 1.3 0.4
v -5.1 1.4 0.4
v -5 1.3 0.4
v -5 1.4 0.4
v -4.2 0 0.4
v -4.2 0.3 0.4
v -4.1 0 0.4
v -4.1 0.3 0.4
v -4 0.3 0.4
v -4 0.7 0.4
v -3.9 0.3 0.4
v -3.9 0.7 0.4
v -3 1.1 0.4
v -3 1.2 0.4
v -2.8 1.1 0.4
v -2.8 1.2 0.4
v -2.3 1.3 0.4
v -2.3 1.4 0.4
v -2.2 1.3 0.4
v -2.2 1.4 0.4
v -2 1.2 0.4
v -2 1.3 0.4
v -1.8 1.2 0.4
v -1.8 1.3 0.4
v -1.6 1.3 0.4
v -1.6 1.4 0.4
v -1.5 1.3 0.4
v -1.5 1.4 0.4
v 0.2 0.9 0.4
v 0.2 1 0.4
v 0.2 1.5 0.4
v 0.2 1.6 0.4
v 0.4 1.5 0.4
v 0.4 1.6 0.4
v 0.5 0.9 0.4
v 0.5 1 0.4
v -5.1 1.4 0.3
v -5.1 1.5 0.3
v -5 1.4 0.3
v -5 1.5 0.3
v -4.1 0 0.3
v -4.1 0.3 0.3
v -4 0 0.3
v -4 0.3 0.3
v -3.9 0.3 0.3
v -3.9 0.6 0.3
v -3.8 0.3 0.3
v -3.8 0.6 0.3
v -3 1 0.3
v -3 1.1 0.3
v -2.8 1 0.3
v -2.8 1.1 0.3
v -2.2 1.4 0.3
v -2.2 1.5 0.3
v -2.1 1.4 0.3
v -2.1 1.5 0.3
v -2 1.1 0.3
v -2 1.2 0.3
v -1.8 1.1 0.3
v -1.8 1.2 0.3
v -1.7 1.4 0.3
v -1.7 1.5 0.3
v -1.6 1.4 0.3
v -1.6 1.5 0.3
v 0.0999999 1.4 0.3
v 0.0999999 1.5 0.3
v 0.2 1.5 0.3
v 0.3 1.4 0.3
v 0.3 1.5 0.3
v -5 1.4 0.2
v -5 1.5 0.2
v -4.9 1.4 0.2
v -4.9 1.5 0.2
v -4.6 1.3 0.2
v -4.6 1.4 0.2
v -4.4 1.3 0.2
v -4.4 1.4 0.2
v -4 0 0.2
v -4 0.3 0.2
v -3.9 0 0.2
v -3.9 0.3 0.2
v -3.9 0.6 0.2
v -3.9 0.7 0.2
v -3.8 0.6 0.2
v -3.8 0.7 0.2
v -3.3 1 0.2
v -3.3 1.1 0.2
v -3.2 1 0.2
v -3.2 1.1 0.2
v -3.2 1.2 0.2
v -3.1 1 0.2
v -3.1 1.1 0.2
v -3.1 1.2 0.2
v -3 0.9 0.2
v -3 1 0.2
v -3 1.1 0.2
v -2.8 0.9 0.2
v -2.8 1 0.2
v -2.8 1.1 0.2
v -2.7 1 0.2
v -2.7 1.1 0.2
v -2.7 1.2 0.2
v -2.6 1 0.2
v -2.6 1.1 0.2
v -2.6 1.2 0.2
v -2.5 1 0.2
v -2.5 1.1 0.2
v -2.1 1.3 0.2
v -2.1 1.4 0.2
v -2 1 0.2
v -2 1.1 0.2
v -2 1.3 0.2
v -2 1.4 0.2
v -1.8 1 0.2
v -1.8 1.1 0.2
v -1.8 1.3 0.2
v -1.8 1.4 0.2
v -1.7 1.3 0.2
v -1.7 1.4 0.2
v 0.0999999 1.3 0.2
v 0.0999999 1.4 0.2
v 0.2 1.3 0.2
v 0.2 1.4 0.2
v 0.5 1.9 0.2
v 0.5 2 0.2
v 0.6 1.9 0.2
v 0.6 2 0.2
v -5 1.5 0.1
v -5 1.6 0.1
v -4.9 1.5 0.1
v -4.9 1.6 0.1
v -4.6 1.2 0.1
v -4.6 1.3 0.1
v -4.4 1.2 0.1
v -4.4 1.3 0.1
v -3.9 0 0.1
v -3.9 0.3 0.1
v -3.8 0 0.1
v -3.8 0.3 0.1
v -3.1 1.4 0.1
v -3.1 1.5 0.1
v -3 1.5 0.1
v -3 1.6 0.1
v -2.9 1.4 0.1
v -2.9 1.5 0.1
v -2.9 1.6 0.1
v -2.9 1.7 0.1
v -2.8 1.5 0.1
v -2.8 1.6 0.1
v -2.8 1.7 0.1
v -2.8 1.8 0.1
v -2.7 1.6 0.1
v -2.7 1.8 0.1
v -2.6 1.5 0.1
v -2.6 1.6 0.1
v -2.6 1.7 0.1
v -2.6 1.8 0.1
v -2.5 1.4 0.1
v -2.5 1.5 0.1
v -2.5 1.6 0.1
v -2.5 1.7 0.1
v -2.4 1.3 0.1
v -2.4 1.4 0.1
v -2.4 1.5 0.1
v -2.4 1.6 0.1
v -2.3 1.2 0.1
v -2.3 1.3 0.1
v -2.3 1.4 0.1
v -2.3 1.5 0.1
v -2.2 1.1 0.1
v -2.2 1.2 0.1
v -2.2 1.3 0.1
v -2.2 1.4 0.1
v -2.1 1 0.1
v -2.1 1.1 0.1
v -2.1 1.2 0.1
v -2.1 1.3 0.1
v -2 0.9 0.1
v -2 1 0.1
v -2 1.2 0.1
v -2 1.3 0.1
v -1.8 0.9 0.1
v -1.8 1 0.1
v -1.8 1.2 0.1
v -1.8 1.3 0.1
v -1.7 1 0.1
v -1.7 1.1 0.1
v -1.7 1.2 0.1
v -1.7 1.3 0.1
v -1.6 1.1 0.1
v -1.6 1.2 0.1
v -1.6 1.3 0.1
v -1.6 1.4 0.1
v -1.5 1.2 0.1
v -1.5 1.3 0.1
v -1.5 1.4 0.1
v -1.5 1.5 0.1
v -1.4 1.3 0.1
v -1.4 1.4 0.1
v -1.4 1.5 0.1
v -1.4 1.6 0.1
v -1.3 1.4 0.1
v -1.3 1.5 0.1
v -1.3 1.6 0.1
v -1.3 1.7 0.1
v -1.2 1.5 0.1
v -1.2 1.6 0.1
v -1.2 1.7 0.1
v -1.2 1.8 0.1
v -1 1.5 0.1
v -1 1.6 0.1
v -1 1.7 0.1
v -1 1.8 0.1
v -0.9 1.4 0.1
v -0.9 1.5 0.1
v -0.9 1.6 0.1
v -0.9 1.7 0.1
v -0.8 1.5 0.1
v -0.8 1.6 0.1
v -0.7 1.4 0.1
v -0.7 1.5 0.1
v 0.0999999 1.2 0.1
v 0.0999999 1.3 0.1
v 0.2 1.2 0.1
v 0.2 1.3 0.1
v 0.5 1.8 0.1
v 0.5 1.9 0.1
v 0.6 1.8 0.1
v 0.6 1.9 0.1
v -4.9 1.5 1.19209e-07
v -4.9 1.6 1.19209e-07
v -4.8 1.5 1.19209e-07
v -4.8 1.6 1.19209e-07
v -4.6 1.1 1.19209e-07
v -4.6 1.2 1.19209e-07
v -4.4 1.1 1.19209e-07
v -4.4 1.2 1.19209e-07
v -3.8 0 1.19209e-07
v -3.8 0.7 1.19209e-07
v -3.7 0 1.19209e-07
v -3.7 0.7 1.19209e-07
v -3 1 1.19209e-07
v -3 1.1 1.19209e-07
v -2.8 1 1.19209e-07
v -2.8 1.1 1.19209e-07
v -0.5 1.6 1.19209e-07
v -0.5 1.7 1.19209e-07
v -0.4 1.5 1.19209e-07
v -0.4 1.6 1.19209e-07
v -0.3 1.5 1.19209e-07
v -0.3 1.7 1.19209e-07
v 0.4 1.7 1.19209e-07
v 0.4 1.8 1.19209e-07
v 0.5 1.8 1.19209e-07
v 0.6 1.7 1.19209e-07
v 0.6 1.8 1.19209e-07
v -4.6 1 -0.0999998
v -4.6 1.1 -0.0999998
v -4.4 1 -0.0999998
v -4.4 1.1 -0.0999998
v -3.7 0 -0.0999998
v -3.7 0.3 -0.0999998
v -3.6 0 -0.0999998
v -3.6 0.3 -0.0999998
v -3 1.1 -0.0999998
v -3 1.2 -0.0999998
v -2.8 1.1 -0.0999998
v -2.8 1.2 -0.0999998
v -2.1 1.3 -0.0999998
v -2.1 1.4 -0.0999998
v -2 1.3 -0.0999998
v -2 1.4 -0.0999998
v -1.8 1.3 -0.0999998
v -1.8 1.4 -0.0999998
v -1.7 1.3 -0.0999998
v -1.7 1.4 -0.0999998
v -0.3 1.4 -0.0999998
v -0.3 1.5 -0.0999998
v -0.3 1.6 -0.0999998
v -0.2 1.3 -0.0999998
v -0.2 1.4 -0.0999998
v -0.2 1.5 -0.0999998
v -0.2 1.6 -0.0999998
v -0.0999999 1.2 -0.0999998
v -0.0999999 1.3 -0.0999998
v -0.0999999 1.4 -0.0999998
v -0.0999999 1.5 -0.0999998
v 0 1.3 -0.0999998
v 0 1.4 -0.0999998
v 0.0999999 0.9 -0.0999998
v 0.0999999 1.2 -0.0999998
v 0.0999999 1.3 -0.0999998
v 0.0999999 1.5 -0.0999998
v 0.2 0.9 -0.0999998
v 0.2 1.2 -0.0999998
v 0.2 1.3 -0.0999998
v 0.2 1.4 -0.0999998
v 0.2 1.5 -0.0999998
v 0.2 1.6 -0.0999998
v 0.3 1.4 -0.0999998
v 0.3 1.5 -0.0999998
v 0.3 1.6 -0.0999998
v 0.3 1.7 -0.0999998
v 0.4 1.1 -0.0999998
v 0.4 1.2 -0.0999998
v 0.4 1.5 -0.0999998
v 0.4 1.6 -0.0999998
v 0.4 1.7 -0.0999998
v 0.5 1.2 -0.0999998
v 0.5 1.3 -0.0999998
v 0.5 1.6 -0.0999998
v 0.5 1.7 -0.0999998
v 0.6 1.1 -0.0999998
v 0.6 1.2 -0.0999998
v -5 1.3 -0.2
v -5 1.4 -0.2
v -4.9 1.2 -0.2
v -4.9 1.3 -0.2
v -4.8 1.1 -0.2
v -4.8 1.2 -0.2
v -4.8 1.3 -0.2
v -4.8 1.4 -0.2
v -4.7 1 -0.2
v -4.7 1.1 -0.2
v -4.7 1.2 -0.2
v -4.7 1.3 -0.2
v -4.6 0.9 -0.2
v -4.6 1 -0.2
v -4.6 1.2 -0.2
v -4.4 0.9 -0.2
v -4.4 1 -0.2
v -4.4 1.2 -0.2
v -4.3 1 -0.2
v -4.3 1.1 -0.2
v -4.3 1.2 -0.2
v -4.3 1.3 -0.2
v -4.2 1.1 -0.2
v -4.2 1.2 -0.2
v -4.2 1.3 -0.2
v -4.2 1.4 -0.2
v -4.1 1.2 -0.2
v -4.1 1.3 -0.2
v -4 1.3 -0.2
v -4 1.4 -0.2
v -3.7 0.3 -0.2
v -3.7 0.7 -0.2
v -3.6 0 -0.2
v -3.6 0.3 -0.2
v -3.5 0 -0.2
v -3.5 0.3 -0.2
v -3.4 0.3 -0.2
v -3.4 0.7 -0.2
v -3 1 -0.2
v -3 1.1 -0.2
v -2.8 1 -0.2
v -2.8 1.1 -0.2
v -2.2 1.4 -0.2
v -2.2 1.5 -0.2
v -2.1 1.4 -0.2
v -2.1 1.5 -0.2
v -2 1.2 -0.2
v -2 1.3 -0.2
v -1.8 1.2 -0.2
v -1.8 1.3 -0.2
v -1.7 1.4 -0.2
v -1.7 1.5 -0.2
v -1.6 1.4 -0.2
v -1.6 1.5 -0.2
v 0 1.3 -0.2
v 0 1.4 -0.2
v 0.0999999 1.3 -0.2
v 0.0999999 1.4 -0.2
v -5.4 0.9 -0.3
v -5.4 1 -0.3
v -5.3 0.9 -0.3
v -5.3 1 -0.3
v -3.5 0 -0.3
v -3.5 0.3 -0.3
v -3.4 0 -0.3
v -3.4 0.3 -0.3
v -2.5 2 -0.3
v -2.5 2.3 -0.3
v -2.5 3.1 -0.3
v -2.5 3.2 -0.3
v -2.4 2 -0.3
v -2.4 2.3 -0.3
v -2.4 3.1 -0.3
v -2.4 3.2 -0.3
v -2.3 1.3 -0.3
v -2.3 1.4 -0.3
v -2.2 1.3 -0.3
v -2.2 1.4 -0.3
v -2 1.3 -0.3
v -2 1.4 -0.3
v -1.8 1.3 -0.3
v -1.8 1.4 -0.3
v -1.6 1.3 -0.3
v -1.6 1.4 -0.3
v -1.5 1.3 -0.3
v -1.5 1.4 -0.3
v -1.3 0.9 -0.3
v -1.3 1 -0.3
v -1.1 0.9 -0.3
v -1.1 1 -0.3
v -1.1 1.3 -0.3
v -1.1 1.4 -0.3
v -0.9 1.3 -0.3
v -0.9 1.4 -0.3
v 0 1.4 -0.3
v 0 1.5 -0.3
v 0.0999999 1.4 -0.3
v 0.0999999 1.5 -0.3
v -4.6 1.1 -0.4
v -4.6 1.2 -0.4
v -4.4 1.1 -0.4
v -4.4 1.2 -0.4
v -2.6 2.2 -0.4
v -2.6 2.3 -0.4
v -2.5 2.2 -0.4
v -2.5 2.3 -0.4
v -2.5 2.4 -0.4
v -2.5 3.2 -0.4
v -2.5 3.3 -0.4
v -2.4 2.2 -0.4
v -2.4 2.3 -0.4
v -2.4 3.1 -0.4
v -2.4 3.2 -0.4
v -2.3 2.2 -0.4
v -2.3 2.4 -0.4
v -2.3 3.1 -0.4
v -2.3 3.3 -0.4
v -2 1.4 -0.4
v -2 1.5 -0.4
v -1.8 1.4 -0.4
v -1.8 1.5 -0.4
v -1.1 1.4 -0.4
v -1.1 1.5 -0.4
v -1 1.4 -0.4
v -1 1.5 -0.4
v 0.0999999 1.4 -0.4
v 0.0999999 1.5 -0.4
v 0.2 1.4 -0.4
v 0.2 1.5 -0.4
v -4.6 1.2 -0.5
v -4.6 1.3 -0.5
v -4.4 1.2 -0.5
v -4.4 1.3 -0.5
v -3.8 0.9 -0.5
v -3.8 1 -0.5
v -3.7 0.9 -0.5
v -3.7 1 -0.5
v -3.3 0.9 -0.5
v -3.3 1 -0.5
v -3.2 0.9 -0.5
v -3.2 1 -0.5
v -2.5 2.4 -0.5
v -2.5 2.5 -0.5
v -2.4 2.1 -0.5
v -2.4 2.2 -0.5
v -2.3 2.1 -0.5
v -2.3 2.2 -0.5
v -2.3 2.4 -0.5
v -2.3 2.5 -0.5
v -2.2 2.2 -0.5
v -2.2 2.4 -0.5
v -2 1.5 -0.5
v -2 1.6 -0.5
v -1.8 1.5 -0.5
v -1.8 1.6 -0.5
v -1.4 0.9 -0.5
v -1.4 1 -0.5
v -1.3 0.9 -0.5
v -1.3 1 -0.5
v -1.1 1.2 -0.5
v -1.1 1.3 -0.5
v -0.9 1.2 -0.5
v -0.9 1.3 -0.5
v 0.0999999 1.5 -0.5
v 0.0999999 1.6 -0.5
v 0.2 1.5 -0.5
v 0.2 1.6 -0.5
v -5 1 -0.6
v -5 1.1 -0.6
v -4.8 1 -0.6
v -4.8 1.1 -0.6
v -4.6 1.3 -0.6
v -4.6 1.4 -0.6
v -4.4 1.3 -0.6
v -4.4 1.4 -0.6
v -3.9 1.8 -0.6
v -3.9 1.9 -0.6
v -3.8 1.3 -0.6
v -3.8 1.4 -0.6
v -3.7 1.3 -0.6
v -3.7 1.4 -0.6
v -3.7 1.8 -0.6
v -3.7 1.9 -0.6
v -3.4 0 -0.6
v -3.4 0.7 -0.6
v -3.4 0.9 -0.6
v -3.4 1 -0.6
v -3.3 0.7 -0.6
v -3.3 0.9 -0.6
v -3.3 1 -0.6
v -3.1 0 -0.6
v -3.1 0.3 -0.6
v -2.9 0.3 -0.6
v -2.9 0.4 -0.6
v -2.9 0.6 -0.6
v -2.9 0.7 -0.6
v -2.8 0.4 -0.6
v -2.8 0.6 -0.6
v -2 1.6 -0.6
v -2 1.7 -0.6
v -1.8 1.6 -0.6
v -1.8 1.7 -0.6
v -1.1 1.1 -0.6
v -1.1 1.2 -0.6
v -0.9 1.1 -0.6
v -0.9 1.2 -0.6
v -0.6 2.7 -0.6
v -0.6 2.8 -0.6
v -0.6 3.9 -0.6
v -0.6 4.4 -0.6
v -0.5 2.7 -0.6
v -0.5 2.8 -0.6
v -0.5 2.9 -0.6
v -0.5 3.9 -0.6
v -0.5 4.4 -0.6
v -0.5 4.5 -0.6
v -0.4 2.8 -0.6
v -0.4 2.9 -0.6
v -0.4 4.4 -0.6
v -0.4 4.5 -0.6
v 0.2 1.5 -0.6
v 0.2 1.6 -0.6
v 0.3 1.5 -0.6
v 0.3 1.6 -0.6
v -5 1.1 -0.7
v -5 1.2 -0.7
v -4.8 1.1 -0.7
v -4.8 1.2 -0.7
v -3.9 1.9 -0.7
v -3.9 2 -0.7
v -3.9 2.5 -0.7
v -3.9 2.6 -0.7
v -3.8 1.2 -0.7
v -3.8 1.3 -0.7
v -3.8 2.5 -0.7
v -3.8 2.6 -0.7
v -3.7 1.2 -0.7
v -3.7 1.3 -0.7
v -3.7 1.9 -0.7
v -3.7 2 -0.7
v -3.3 1 -0.7
v -3.3 1.1 -0.7
v -3.2 0.9 -0.7
v -3.2 1 -0.7
v -3.2 1.1 -0.7
v -3.1 0 -0.7
v -3.1 0.3 -0.7
v -3.1 0.9 -0.7
v -3.1 1 -0.7
v -3 0 -0.7
v -3 0.3 -0.7
v -2.9 0.3 -0.7
v -2.9 0.4 -0.7
v -2.9 0.6 -0.7
v -2.9 0.7 -0.7
v -2.8 0.3 -0.7
v -2.8 0.4 -0.7
v -2.8 0.6 -0.7
v -2.8 0.7 -0.7
v -2.7 0.4 -0.7
v -2.7 0.6 -0.7
v -2.6 2.1 -0.7
v -2.6 2.2 -0.7
v -2.5 2.1 -0.7
v -2.5 2.2 -0.7
v -2.5 3 -0.7
v -2.5 3.1 -0.7
v -2.3 3 -0.7
v -2.3 3.1 -0.7
v -2 1.7 -0.7
v -2 1.8 -0.7
v -1.8 1.7 -0.7
v -1.8 1.8 -0.7
v -1.1 1 -0.7
v -1.1 1.1 -0.7
v -0.9 1 -0.7
v -0.9 1.1 -0.7
v -0.7 4.4 -0.7
v -0.7 4.5 -0.7
v -0.6 2.8 -0.7
v -0.6 2.9 -0.7
v -0.6 4.4 -0.7
v -0.6 4.5 -0.7
v -0.6 4.6 -0.7
v -0.5 2.3 -0.7
v -0.5 2.7 -0.7
v -0.5 2.8 -0.7
v -0.5 2.9 -0.7
v -0.5 3 -0.7
v -0.5 4.3 -0.7
v -0.5 4.4 -0.7
v -0.5 4.5 -0.7
v -0.5 4.6 -0.7
v -0.4 2.3 -0.7
v -0.4 2.7 -0.7
v -0.4 2.8 -0.7
v -0.4 2.9 -0.7
v -0.4 3 -0.7
v -0.4 4.3 -0.7
v -0.4 4.4 -0.7
v 0 1.2 -0.7
v 0 1.3 -0.7
v 0.2 1.2 -0.7
v 0.2 1.3 -0.7
v -5 1 -0.8
v -5 1.1 -0.8
v -4.8 1 -0.8
v -4.8 1.1 -0.8
v -4.3 1.4 -0.8
v -4.3 1.5 -0.8
v -4.1 1.4 -0.8
v -4.1 1.5 -0.8
v -3.9 1.2 -0.8
v -3.9 1.3 -0.8
v -3.8 1.2 -0.8
v -3.8 1.3 -0.8
v -3.8 2.5 -0.8
v -3.8 2.6 -0.8
v -3.7 2.5 -0.8
v -3.7 2.6 -0.8
v -3 0 -0.8
v -3 0.3 -0.8
v -2.9 0 -0.8
v -2.9 0.3 -0.8
v -2.8 0.3 -0.8
v -2.8 0.4 -0.8
v -2.8 0.6 -0.8
v -2.8 0.7 -0.8
v -2.7 0.3 -0.8
v -2.7 0.4 -0.8
v -2.7 0.6 -0.8
v -2.7 0.7 -0.8
v -2.6 0.4 -0.8
v -2.6 0.6 -0.8
v -2.5 2 -0.8
v -2.5 2.1 -0.8
v -2.5 2.9 -0.8
v -2.5 3 -0.8
v -2.3 2 -0.8
v -2.3 2.1 -0.8
v -2.3 2.9 -0.8
v -2.3 3 -0.8
v -1.6 1.3 -0.8
v -1.6 1.4 -0.8
v -1.5 1.3 -0.8
v -1.5 1.4 -0.8
v -1.4 1.2 -0.8
v -1.4 1.3 -0.8
v -1.3 1.1 -0.8
v -1.3 1.2 -0.8
v -1.3 1.3 -0.8
v -1.3 1.4 -0.8
v -1.2 1 -0.8
v -1.2 1.1 -0.8
v -1.2 1.2 -0.8
v -1.2 1.3 -0.8
v -1.1 0.9 -0.8
v -1.1 1 -0.8
v -1.1 1.2 -0.8
v -0.9 0.9 -0.8
v -0.9 1 -0.8
v -0.9 1.2 -0.8
v -0.8 1 -0.8
v -0.8 1.1 -0.8
v -0.8 1.2 -0.8
v -0.8 1.3 -0.8
v -0.7 1.1 -0.8
v -0.7 1.2 -0.8
v -0.7 1.3 -0.8
v -0.7 1.4 -0.8
v -0.6 1.2 -0.8
v -0.6 1.3 -0.8
v -0.6 1.4 -0.8
v -0.6 1.5 -0.8
v -0.6 2.9 -0.8
v -0.6 3 -0.8
v -0.5 1.3 -0.8
v -0.5 1.4 -0.8
v -0.5 1.5 -0.8
v -0.5 2.9 -0.8
v -0.5 3 -0.8
v -0.5 4.5 -0.8
v -0.5 4.6 -0.8
v -0.4 4.5 -0.8
v -0.4 4.6 -0.8
v 0 1.1 -0.8
v 0 1.2 -0.8
v 0.2 1.1 -0.8
v 0.2 1.2 -0.8
v -5.3 1 -0.9
v -5.3 1.1 -0.9
v -5.2 1 -0.9
v -5.2 1.1 -0.9
v -5.2 1.2 -0.9
v -5.1 1 -0.9
v -5.1 1.1 -0.9
v -5.1 1.2 -0.9
v -5 0.9 -0.9
v -5 1 -0.9
v -5 1.1 -0.9
v -4.8 0.9 -0.9
v -4.8 1 -0.9
v -4.8 1.1 -0.9
v -4.7 1 -0.9
v -4.7 1.1 -0.9
v -4.7 1.2 -0.9
v -4.6 1 -0.9
v -4.6 1.1 -0.9
v -4.6 1.2 -0.9
v -4.5 1 -0.9
v -4.5 1.1 -0.9
v -4.3 1.5 -0.9
v -4.3 1.6 -0.9
v -4.1 1.5 -0.9
v -4.1 1.6 -0.9
v -3.9 1.1 -0.9
v -3.9 1.2 -0.9
v -3.9 1.8 -0.9
v -3.9 1.9 -0.9
v -3.9 2.4 -0.9
v -3.9 2.5 -0.9
v -3.7 1.1 -0.9
v -3.7 1.2 -0.9
v -3.7 1.8 -0.9
v -3.7 1.9 -0.9
v -3.7 2.4 -0.9
v -3.7 2.5 -0.9
v -2.9 0 -0.9
v -2.9 0.3 -0.9
v -2.8 0 -0.9
v -2.8 0.3 -0.9
v -2.7 0.3 -0.9
v -2.7 0.4 -0.9
v -2.7 0.6 -0.9
v -2.7 0.7 -0.9
v -2.6 0.3 -0.9
v -2.6 0.4 -0.9
v -2.6 0.6 -0.9
v -2.6 0.7 -0.9
v -2.5 0.4 -0.9
v -2.5 0.6 -0.9
v -2.5 1.9 -0.9
v -2.5 2 -0.9
v -2.5 2.8 -0.9
v -2.5 2.9 -0.9
v -2.3 1.9 -0.9
v -2.3 2 -0.9
v -2.3 2.8 -0.9
v -2.3 2.9 -0.9
v -1.9 1.5 -0.9
v -1.9 1.6 -0.9
v -1.8 1.5 -0.9
v -1.8 1.6 -0.9
v -1.5 1.4 -0.9
v -1.5 1.5 -0.9
v -1.4 1.4 -0.9
v -1.4 1.5 -0.9
v -0.5 1.3 -0.9
v -0.5 1.4 -0.9
v -0.4 1.3 -0.9
v -0.4 1.4 -0.9
v 0 1 -0.9
v 0 1.1 -0.9
v 0.2 1 -0.9
v 0.2 1.1 -0.9
v -4.3 1.6 -1
v -4.3 1.7 -1
v -4.2 1.6 -1
v -4.2 1.7 -1
v -4.1 1.6 -1
v -4.1 1.7 -1
v -3.9 1 -1
v -3.9 1.1 -1
v -3.9 1.7 -1
v -3.9 1.8 -1
v -3.9 2.3 -1
v -3.9 2.4 -1
v -3.7 1 -1
v -3.7 1.1 -1
v -3.7 1.7 -1
v -3.7 1.8 -1
v -3.7 2.3 -1
v -3.7 2.4 -1
v -2.8 0 -1
v -2.8 0.3 -1
v -2.8 1.9 -1
v -2.8 2 -1
v -2.8 2.8 -1
v -2.8 2.9 -1
v -2.7 0 -1
v -2.7 0.3 -1
v -2.7 1.9 -1
v -2.7 2 -1
v -2.7 2.8 -1
v -2.7 2.9 -1
v -2.6 0.3 -1
v -2.6 0.4 -1
v -2.6 0.6 -1
v -2.6 0.7 -1
v -2.5 0.3 -1
v -2.5 0.4 -1
v -2.5 0.6 -1
v -2.5 0.7 -1
v -2.5 1.8 -1
v -2.5 1.9 -1
v -2.5 2.7 -1
v -2.5 2.8 -1
v -2.4 0.4 -1
v -2.4 0.6 -1
v -2.3 1.8 -1
v -2.3 1.9 -1
v -2.3 2.7 -1
v -2.3 2.8 -1
v -2.1 1.9 -1
v -2.1 2 -1
v -2.1 2.8 -1
v -2.1 2.9 -1
v -2 1.4 -1
v -2 1.6 -1
v -2 1.9 -1
v -2 2 -1
v -2 2.8 -1
v -2 2.9 -1
v -1.9 1.5 -1
v -1.9 1.6 -1
v -1.8 1.4 -1
v -1.8 1.5 -1
v -1.1 1.1 -1
v -1.1 1.2 -1
v -0.9 1.1 -1
v -0.9 1.2 -1
v -0.6 2.8 -1
v -0.6 2.9 -1
v -0.6 4.4 -1
v -0.6 4.5 -1
v -0.4 2.8 -1
v -0.4 2.9 -1
v -0.4 4.4 -1
v -0.4 4.5 -1
v -0.3 1.2 -1
v -0.3 1.3 -1
v -0.2 1.1 -1
v -0.2 1.2 -1
v -0.0999999 1 -1
v -0.0999999 1.1 -1
v -0.0999999 1.2 -1
v -0.0999999 1.3 -1
v 0 0.9 -1
v 0 1 -1
v 0 1.2 -1
v 0.2 0.9 -1
v 0.2 1 -1
v 0.2 1.2 -1
v 0.3 1 -1
v 0.3 1.1 -1
v 0.3 1.2 -1
v 0.3 1.3 -1
v 0.4 1.1 -1
v 0.4 1.2 -1
v 0.5 1.2 -1
v 0.5 1.3 -1
v -5 1 -1.1
v -5 1.1 -1.1
v -4.8 1 -1.1
v -4.8 1.1 -1.1
v -4.4 1.8 -1.1
v -4.4 1.9 -1.1
v -4.3 1.7 -1.1
v -4.3 1.8 -1.1
v -4.3 1.9 -1.1
v -4.3 2 -1.1
v -4.2 1.2 -1.1
v -4.2 1.3 -1.1
v -4.2 1.7 -1.1
v -4.2 1.8 -1.1
v -4.2 1.9 -1.1
v -4.2 2.5 -1.1
v -4.2 2.6 -1.1
v -4.1 1.1 -1.1
v -4.1 1.2 -1.1
v -4.1 1.7 -1.1
v -4.1 1.8 -1.1
v -4.1 1.9 -1.1
v -4.1 2.4 -1.1
v -4.1 2.5 -1.1
v -4 1 -1.1
v -4 1.1 -1.1
v -4 1.2 -1.1
v -4 1.3 -1.1
v -4 1.7 -1.1
v -4 1.8 -1.1
v -4 1.9 -1.1
v -4 2 -1.1
v -4 2.3 -1.1
v -4 2.4 -1.1
v -4 2.5 -1.1
v -4 2.6 -1.1
v -3.9 0.9 -1.1
v -3.9 1 -1.1
v -3.9 1.2 -1.1
v -3.9 1.7 -1.1
v -3.9 1.9 -1.1
v -3.9 2.3 -1.1
v -3.9 2.5 -1.1
v -3.7 0.9 -1.1
v -3.7 1 -1.1
v -3.7 1.2 -1.1
v -3.7 1.7 -1.1
v -3.7 1.9 -1.1
v -3.7 2.3 -1.1
v -3.7 2.5 -1.1
v -3.6 1 -1.1
v -3.6 1.1 -1.1
v -3.6 1.2 -1.1
v -3.6 1.3 -1.1
v -3.6 1.7 -1.1
v -3.6 1.8 -1.1
v -3.6 1.9 -1.1
v -3.6 2 -1.1
v -3.6 2.3 -1.1
v -3.6 2.4 -1.1
v -3.6 2.5 -1.1
v -3.6 2.6 -1.1
v -3.5 1.1 -1.1
v -3.5 1.2 -1.1
v -3.5 1.3 -1.1
v -3.5 1.4 -1.1
v -3.5 1.8 -1.1
v -3.5 1.9 -1.1
v -3.5 2.4 -1.1
v -3.5 2.5 -1.1
v -3.4 1.2 -1.1
v -3.4 1.3 -1.1
v -3.4 1.4 -1.1
v -3.4 1.8 -1.1
v -3.4 1.9 -1.1
v -3.4 2.5 -1.1
v -3.4 2.6 -1.1
v -3.3 1.2 -1.1
v -3.3 1.3 -1.1
v -3.3 1.9 -1.1
v -3.3 2 -1.1
v -3.2 1.8 -1.1
v -3.2 1.9 -1.1
v -2.7 0 -1.1
v -2.7 0.3 -1.1
v -2.7 2 -1.1
v -2.7 2.1 -1.1
v -2.7 2.9 -1.1
v -2.7 3 -1.1
v -2.6 0 -1.1
v -2.6 0.3 -1.1
v -2.6 2 -1.1
v -2.6 2.1 -1.1
v -2.6 2.9 -1.1
v -2.6 3 -1.1
v -2.5 0.3 -1.1
v -2.5 0.4 -1.1
v -2.5 0.6 -1.1
v -2.5 0.7 -1.1
v -2.5 1.7 -1.1
v -2.5 1.8 -1.1
v -2.5 2.6 -1.1
v -2.5 2.7 -1.1
v -2.4 0.3 -1.1
v -2.4 0.4 -1.1
v -2.4 0.6 -1.1
v -2.4 0.7 -1.1
v -2.3 0.4 -1.1
v -2.3 0.6 -1.1
v -2.3 1.7 -1.1
v -2.3 1.8 -1.1
v -2.3 2.6 -1.1
v -2.3 2.7 -1.1
v -2.2 2 -1.1
v -2.2 2.1 -1.1
v -2.2 2.9 -1.1
v -2.2 3 -1.1
v -2.1 2 -1.1
v -2.1 2.1 -1.1
v -2.1 2.9 -1.1
v -2.1 3 -1.1
v -1.1 1.2 -1.1
v -1.1 1.3 -1.1
v -0.9 1.2 -1.1
v -0.9 1.3 -1.1
v -0.9 4.5 -1.1
v -0.9 4.6 -1.1
v -0.8 4.5 -1.1
v -0.8 4.6 -1.1
v -0.6 2.7 -1.1
v -0.6 2.8 -1.1
v -0.6 4.3 -1.1
v -0.6 4.4 -1.1
v -0.6 4.6 -1.1
v -0.6 4.7 -1.1
v -0.4 2.7 -1.1
v -0.4 2.8 -1.1
v -0.4 4.3 -1.1
v -0.4 4.4 -1.1
v -0.4 4.6 -1.1
v -0.4 4.7 -1.1
v -0.0999999 2.6 -1.1
v -0.0999999 2.7 -1.1
v 0 2.6 -1.1
v 0 2.7 -1.1
v -5 1.1 -1.2
v -5 1.2 -1.2
v -4.8 1.1 -1.2
v -4.8 1.2 -1.2
v -4.3 2 -1.2
v -4.3 2.1 -1.2
v -4.2 2 -1.2
v -4.2 2.1 -1.2
v -3.6 1.3 -1.2
v -3.6 1.4 -1.2
v -3.5 1.3 -1.2
v -3.5 1.4 -1.2
v -3.3 1.7 -1.2
v -3.3 1.8 -1.2
v -3.2 1.7 -1.2
v -3.2 1.8 -1.2
v -3 2 -1.2
v -3 2.2 -1.2
v -2.9 1.9 -1.2
v -2.9 2 -1.2
v -2.9 2.1 -1.2
v -2.9 2.2 -1.2
v -2.8 1.9 -1.2
v -2.8 2.1 -1.2
v -2.6 0 -1.2
v -2.6 0.3 -1.2
v -2.6 1.9 -1.2
v -2.6 2 -1.2
v -2.6 2.8 -1.2
v -2.6 2.9 -1.2
v -2.5 0 -1.2
v -2.5 0.3 -1.2
v -2.5 1.6 -1.2
v -2.5 1.7 -1.2
v -2.5 1.9 -1.2
v -2.5 2 -1.2
v -2.5 2.5 -1.2
v -2.5 2.6 -1.2
v -2.5 2.8 -1.2
v -2.5 2.9 -1.2
v -2.5 3.5 -1.2
v -2.5 3.7 -1.2
v -2.4 0.3 -1.2
v -2.4 0.4 -1.2
v -2.4 0.6 -1.2
v -2.4 0.7 -1.2
v -2.4 3.1 -1.2
v -2.4 3.5 -1.2
v -2.3 0.3 -1.2
v -2.3 0.4 -1.2
v -2.3 0.6 -1.2
v -2.3 0.7 -1.2
v -2.3 1.6 -1.2
v -2.3 1.7 -1.2
v -2.3 1.9 -1.2
v -2.3 2 -1.2
v -2.3 2.5 -1.2
v -2.3 2.6 -1.2
v -2.3 2.8 -1.2
v -2.3 2.9 -1.2
v -2.3 3.1 -1.2
v -2.3 3.7 -1.2
v -2.2 0.4 -1.2
v -2.2 0.6 -1.2
v -2.2 1.9 -1.2
v -2.2 2 -1.2
v -2.2 2.8 -1.2
v -2.2 2.9 -1.2
v -1.8 2.1 -1.2
v -1.8 2.2 -1.2
v -1.7 2.1 -1.2
v -1.7 2.2 -1.2
v -1.7 2.3 -1.2
v -1.6 2.3 -1.2
v -1.6 2.4 -1.2
v -1.6 3.2 -1.2
v -1.6 3.3 -1.2
v -1.5 2.2 -1.2
v -1.5 2.4 -1.2
v -1.5 3.1 -1.2
v -1.5 3.2 -1.2
v -1.5 3.3 -1.2
v -1.4 3.1 -1.2
v -1.4 3.2 -1.2
v -1.1 1.3 -1.2
v -1.1 1.4 -1.2
v -1 4.4 -1.2
v -1 4.5 -1.2
v -0.9 1.3 -1.2
v -0.9 1.4 -1.2
v -0.9 2.6 -1.2
v -0.9 3 -1.2
v -0.9 4.2 -1.2
v -0.9 4.4 -1.2
v -0.9 4.5 -1.2
v -0.8 2.6 -1.2
v -0.8 2.8 -1.2
v -0.8 4.2 -1.2
v -0.8 4.4 -1.2
v -0.8 4.5 -1.2
v -0.8 4.6 -1.2
v -0.7 2.7 -1.2
v -0.7 2.8 -1.2
v -0.7 2.9 -1.2
v -0.7 3 -1.2
v -0.7 4.3 -1.2
v -0.7 4.4 -1.2
v -0.7 4.5 -1.2
v -0.7 4.6 -1.2
v -0.7 4.7 -1.2
v -0.6 0.9 -1.2
v -0.6 2.7 -1.2
v -0.6 2.9 -1.2
v -0.6 4.3 -1.2
v -0.6 4.5 -1.2
v -0.6 4.6 -1.2
v -0.6 4.7 -1.2
v -0.6 4.8 -1.2
v -0.5 1.1 -1.2
v -0.5 2.5 -1.2
v -0.5 2.9 -1.2
v -0.5 3.9 -1.2
v -0.4 0.9 -1.2
v -0.4 1.1 -1.2
v -0.4 2.5 -1.2
v -0.4 2.7 -1.2
v -0.4 2.9 -1.2
v -0.4 3.9 -1.2
v -0.4 4.3 -1.2
v -0.4 4.5 -1.2
v -0.4 4.6 -1.2
v -0.4 4.7 -1.2
v -0.4 4.8 -1.2
v -0.3 2.7 -1.2
v -0.3 2.8 -1.2
v -0.3 2.9 -1.2
v -0.3 3 -1.2
v -0.3 4.3 -1.2
v -0.3 4.4 -1.2
v -0.3 4.5 -1.2
v -0.3 4.6 -1.2
v -0.3 4.7 -1.2
v -0.2 2.8 -1.2
v -0.2 2.9 -1.2
v -0.2 4.3 -1.2
v -0.2 4.4 -1.2
v -0.2 4.5 -1.2
v -0.0999999 2.5 -1.2
v -0.0999999 2.6 -1.2
v -0.0999999 2.7 -1.2
v -0.0999999 2.8 -1.2
v -0.0999999 2.9 -1.2
v -0.0999999 4.3 -1.2
v -0.0999999 4.4 -1.2
v -0.0999999 4.5 -1.2
v 0 1.1 -1.2
v 0 1.2 -1.2
v 0 2.5 -1.2
v 0 2.6 -1.2
v 0 2.7 -1.2
v 0 2.8 -1.2
v 0 2.9 -1.2
v 0 3 -1.2
v 0 4.1 -1.2
v 0 4.3 -1.2
v 0 4.4 -1.2
v 0 4.5 -1.2
v 0 4.6 -1.2
v 0.0999999 2.6 -1.2
v 0.0999999 2.7 -1.2
v 0.0999999 2.9 -1.2
v 0.0999999 4.1 -1.2
v 0.0999999 4.3 -1.2
v 0.0999999 4.5 -1.2
v 0.2 1.1 -1.2
v 0.2 1.2 -1.2
v -5 1 -1.3
v -5 1.1 -1.3
v -4.8 1 -1.3
v -4.8 1.1 -1.3
v -4.3 1.5 -1.3
v -4.3 1.6 -1.3
v -4.1 1.5 -1.3
v -4.1 1.6 -1.3
v -3.9 2.4 -1.3
v -3.9 2.5 -1.3
v -3.7 2.4 -1.3
v -3.7 2.5 -1.3
v -3.3 2.2 -1.3
v -3.3 2.3 -1.3
v -3.3 3.1 -1.3
v -3.3 3.4 -1.3
v -3.2 2.2 -1.3
v -3.2 2.3 -1.3
v -3.2 2.4 -1.3
v -3.2 3.1 -1.3
v -3.2 3.3 -1.3
v -3.2 3.4 -1.3
v -3.1 2.1 -1.3
v -3.1 2.2 -1.3
v -3.1 2.3 -1.3
v -3.1 2.4 -1.3
v -3.1 3 -1.3
v -3.1 3.1 -1.3
v -3.1 3.2 -1.3
v -3.1 3.3 -1.3
v -3 2.1 -1.3
v -3 2.2 -1.3
v -3 2.3 -1.3
v -3 2.9 -1.3
v -3 3 -1.3
v -3 3.1 -1.3
v -3 3.2 -1.3
v -2.9 2.8 -1.3
v -2.9 2.9 -1.3
v -2.9 3 -1.3
v -2.9 3.1 -1.3
v -2.8 1.8 -1.3
v -2.8 1.9 -1.3
v -2.8 2 -1.3
v -2.8 2.7 -1.3
v -2.8 2.8 -1.3
v -2.8 2.9 -1.3
v -2.8 3 -1.3
v -2.7 1.7 -1.3
v -2.7 1.8 -1.3
v -2.7 1.9 -1.3
v -2.7 2 -1.3
v -2.7 2.6 -1.3
v -2.7 2.7 -1.3
v -2.7 2.8 -1.3
v -2.7 2.9 -1.3
v -2.6 1.6 -1.3
v -2.6 1.7 -1.3
v -2.6 1.8 -1.3
v -2.6 1.9 -1.3
v -2.6 2.5 -1.3
v -2.6 2.6 -1.3
v -2.6 2.7 -1.3
v -2.6 2.8 -1.3
v -2.6 3.6 -1.3
v -2.6 3.7 -1.3
v -2.5 0 -1.3
v -2.5 0.3 -1.3
v -2.5 0.9 -1.3
v -2.5 1.6 -1.3
v -2.5 1.8 -1.3
v -2.5 1.9 -1.3
v -2.5 2 -1.3
v -2.5 2.5 -1.3
v -2.5 2.7 -1.3
v -2.5 2.8 -1.3
v -2.5 2.9 -1.3
v -2.5 3.5 -1.3
v -2.5 3.6 -1.3
v -2.5 3.7 -1.3
v -2.5 3.8 -1.3
v -2.4 0 -1.3
v -2.4 0.3 -1.3
v -2.4 3.1 -1.3
v -2.4 3.5 -1.3
v -2.3 0.3 -1.3
v -2.3 0.4 -1.3
v -2.3 0.6 -1.3
v -2.3 0.7 -1.3
v -2.3 0.9 -1.3
v -2.3 1.6 -1.3
v -2.3 1.8 -1.3
v -2.3 1.9 -1.3
v -2.3 2 -1.3
v -2.3 2.5 -1.3
v -2.3 2.7 -1.3
v -2.3 2.8 -1.3
v -2.3 2.9 -1.3
v -2.3 3.1 -1.3
v -2.3 3.3 -1.3
v -2.3 3.7 -1.3
v -2.3 3.8 -1.3
v -2.2 0.3 -1.3
v -2.2 0.4 -1.3
v -2.2 0.6 -1.3
v -2.2 0.7 -1.3
v -2.2 1.6 -1.3
v -2.2 1.7 -1.3
v -2.2 1.8 -1.3
v -2.2 1.9 -1.3
v -2.2 2.5 -1.3
v -2.2 2.6 -1.3
v -2.2 2.7 -1.3
v -2.2 2.8 -1.3
v -2.2 3.3 -1.3
v -2.2 3.7 -1.3
v -2.1 0.4 -1.3
v -2.1 0.6 -1.3
v -2.1 1.7 -1.3
v -2.1 1.8 -1.3
v -2.1 1.9 -1.3
v -2.1 2 -1.3
v -2.1 2.6 -1.3
v -2.1 2.7 -1.3
v -2.1 2.8 -1.3
v -2.1 2.9 -1.3
v -2 1.8 -1.3
v -2 1.9 -1.3
v -2 2 -1.3
v -2 2.1 -1.3
v -2 2.7 -1.3
v -2 2.8 -1.3
v -2 2.9 -1.3
v -2 3 -1.3
v -1.9 1.9 -1.3
v -1.9 2 -1.3
v -1.9 2.1 -1.3
v -1.9 2.2 -1.3
v -1.9 2.8 -1.3
v -1.9 2.9 -1.3
v -1.9 3 -1.3
v -1.9 3.1 -1.3
v -1.8 2 -1.3
v -1.8 2.1 -1.3
v -1.8 2.2 -1.3
v -1.8 2.3 -1.3
v -1.8 2.9 -1.3
v -1.8 3 -1.3
v -1.8 3.1 -1.3
v -1.8 3.2 -1.3
v -1.7 2.1 -1.3
v -1.7 2.2 -1.3
v -1.7 2.3 -1.3
v -1.7 2.4 -1.3
v -1.7 3 -1.3
v -1.7 3.1 -1.3
v -1.7 3.2 -1.3
v -1.7 3.3 -1.3
v -1.7 3.4 -1.3
v -1.6 2.3 -1.3
v -1.6 2.4 -1.3
v -1.6 2.5 -1.3
v -1.6 3.2 -1.3
v -1.6 3.3 -1.3
v -1.5 2.1 -1.3
v -1.5 2.2 -1.3
v -1.5 2.4 -1.3
v -1.5 2.5 -1.3
v -1.5 3.1 -1.3
v -1.5 3.2 -1.3
v -1.5 3.3 -1.3
v -1.5 3.4 -1.3
v -1.4 2.2 -1.3
v -1.4 2.4 -1.3
v -1.4 3.2 -1.3
v -1.4 3.3 -1.3
v -1.1 1.4 -1.3
v -1.1 1.5 -1.3
v -1 4 -1.3
v -1 4.4 -1.3
v -0.9 1.4 -1.3
v -0.9 1.5 -1.3
v -0.9 4 -1.3
v -0.9 4.2 -1.3
v -0.9 4.4 -1.3
v -0.5 1.1 -1.3
v -0.5 2.5 -1.3
v -0.5 2.8 -1.3
v -0.5 3.9 -1.3
v -0.4 1.1 -1.3
v -0.4 2.5 -1.3
v -0.4 2.8 -1.3
v -0.4 2.9 -1.3
v -0.4 3.9 -1.3
v 0 1.2 -1.3
v 0 1.3 -1.3
v 0.2 1.2 -1.3
v 0.2 1.3 -1.3
v 0.4 0.9 -1.3
v 0.4 1 -1.3
v 0.5 0.9 -1.3
v 0.5 1 -1.3
v -4.3 1.4 -1.4
v -4.3 1.5 -1.4
v -4.1 1.4 -1.4
v -4.1 1.5 -1.4
v -3.9 1.2 -1.4
v -3.9 1.3 -1.4
v -3.9 1.9 -1.4
v -3.9 2 -1.4
v -3.9 2.5 -1.4
v -3.9 2.6 -1.4
v -3.9 2.7 -1.4
v -3.7 1.2 -1.4
v -3.7 1.3 -1.4
v -3.7 1.9 -1.4
v -3.7 2 -1.4
v -3.7 2.5 -1.4
v -3.7 2.6 -1.4
v -3.7 2.7 -1.4
v -3.6 2.5 -1.4
v -3.6 2.6 -1.4
v -3.4 3.1 -1.4
v -3.4 3.3 -1.4
v -3.3 2.3 -1.4
v -3.3 2.4 -1.4
v -3.3 3.1 -1.4
v -3.3 3.3 -1.4
v -3.2 2.1 -1.4
v -3.2 2.2 -1.4
v -3.2 2.3 -1.4
v -3.2 2.4 -1.4
v -3.1 2.1 -1.4
v -3.1 2.2 -1.4
v -3 0.9 -1.4
v -3 1 -1.4
v -2.9 0.9 -1.4
v -2.9 1 -1.4
v -2.6 3.5 -1.4
v -2.6 3.6 -1.4
v -2.5 3.5 -1.4
v -2.5 3.6 -1.4
v -2.4 0 -1.4
v -2.4 0.3 -1.4
v -2.3 0 -1.4
v -2.3 0.3 -1.4
v -2.2 0.3 -1.4
v -2.2 0.4 -1.4
v -2.2 0.6 -1.4
v -2.2 0.7 -1.4
v -2.1 0.3 -1.4
v -2.1 0.4 -1.4
v -2.1 0.6 -1.4
v -2.1 0.7 -1.4
v -2 0.4 -1.4
v -2 0.6 -1.4
v -0.6 2.8 -1.4
v -0.6 2.9 -1.4
v -0.5 2.8 -1.4
v -0.5 2.9 -1.4
v 0.3 0.9 -1.4
v 0.3 1 -1.4
v 0.4 0.9 -1.4
v 0.4 1 -1.4
v -4.3 1.3 -1.5
v -4.3 1.4 -1.5
v -4.1 1.3 -1.5
v -4.1 1.4 -1.5
v -3.8 2 -1.5
v -3.8 2.1 -1.5
v -3.7 1.9 -1.5
v -3.7 2 -1.5
v -3.7 2.1 -1.5
v -3.6 1.9 -1.5
v -3.6 2 -1.5
v -2.9 0.9 -1.5
v -2.9 1 -1.5
v -2.8 0.9 -1.5
v -2.8 1 -1.5
v -2.6 1.9 -1.5
v -2.6 2 -1.5
v -2.6 2.8 -1.5
v -2.6 2.9 -1.5
v -2.5 1.9 -1.5
v -2.5 2 -1.5
v -2.5 2.8 -1.5
v -2.5 2.9 -1.5
v -2.3 0 -1.5
v -2.3 0.3 -1.5
v -2.3 1.9 -1.5
v -2.3 2 -1.5
v -2.3 2.8 -1.5
v -2.3 2.9 -1.5
v -2.2 0 -1.5
v -2.2 0.3 -1.5
v -2.2 1.9 -1.5
v -2.2 2 -1.5
v -2.2 2.8 -1.5
v -2.2 2.9 -1.5
v -2.1 0.3 -1.5
v -2.1 0.4 -1.5
v -2.1 0.6 -1.5
v -2.1 0.7 -1.5
v -2 0.3 -1.5
v -2 0.4 -1.5
v -2 0.6 -1.5
v -2 0.7 -1.5
v -1.9 0.4 -1.5
v -1.9 0.6 -1.5
v -0.6 2.9 -1.5
v -0.6 3 -1.5
v -0.6 4.5 -1.5
v -0.6 4.6 -1.5
v -0.4 2.9 -1.5
v -0.4 3 -1.5
v -0.4 4.5 -1.5
v -0.4 4.6 -1.5
v -4.6 1.3 -1.6
v -4.6 1.4 -1.6
v -4.5 1.3 -1.6
v -4.5 1.4 -1.6
v -4.3 1.2 -1.6
v -4.3 1.3 -1.6
v -4.1 1.2 -1.6
v -4.1 1.3 -1.6
v -3.9 1.3 -1.6
v -3.9 1.4 -1.6
v -3.9 1.8 -1.6
v -3.9 1.9 -1.6
v -3.8 1.3 -1.6
v -3.8 1.4 -1.6
v -3.7 1.8 -1.6
v -3.7 1.9 -1.6
v -3.4 0.9 -1.6
v -3.4 1 -1.6
v -3.3 0.9 -1.6
v -3.3 1 -1.6
v -2.7 2 -1.6
v -2.7 2.1 -1.6
v -2.7 2.9 -1.6
v -2.7 3 -1.6
v -2.6 2 -1.6
v -2.6 2.1 -1.6
v -2.6 2.9 -1.6
v -2.6 3 -1.6
v -2.5 1.8 -1.6
v -2.5 1.9 -1.6
v -2.5 2.7 -1.6
v -2.5 2.8 -1.6
v -2.3 1.3 -1.6
v -2.3 1.4 -1.6
v -2.3 1.8 -1.6
v -2.3 1.9 -1.6
v -2.3 2.7 -1.6
v -2.3 2.8 -1.6
v -2.2 0 -1.6
v -2.2 0.3 -1.6
v -2.2 2 -1.6
v -2.2 2.1 -1.6
v -2.2 2.9 -1.6
v -2.2 3 -1.6
v -2.1 0 -1.6
v -2.1 0.3 -1.6
v -2.1 1.3 -1.6
v -2.1 1.4 -1.6
v -2.1 2 -1.6
v -2.1 2.1 -1.6
v -2.1 2.9 -1.6
v -2.1 3 -1.6
v -2 0.3 -1.6
v -2 0.4 -1.6
v -2 0.6 -1.6
v -2 0.7 -1.6
v -1.9 0.3 -1.6
v -1.9 0.4 -1.6
v -1.9 0.6 -1.6
v -1.9 0.7 -1.6
v -1.8 0.4 -1.6
v -1.8 0.6 -1.6
v -0.7 1.2 -1.6
v -0.7 1.3 -1.6
v -0.5 1.2 -1.6
v -0.5 1.3 -1.6
v 0.0999999 1.3 -1.6
v 0.0999999 1.4 -1.6
v 0.3 1.3 -1.6
v 0.3 1.4 -1.6
v -4.5 1.4 -1.7
v -4.5 1.5 -1.7
v -4.4 1.4 -1.7
v -4.4 1.5 -1.7
v -4.3 1.1 -1.7
v -4.3 1.2 -1.7
v -4.1 1.1 -1.7
v -4.1 1.2 -1.7
v -4 1.4 -1.7
v -4 1.5 -1.7
v -3.9 1.4 -1.7
v -3.9 1.5 -1.7
v -3.5 0.9 -1.7
v -3.5 1 -1.7
v -3.4 0.9 -1.7
v -3.4 1 -1.7
v -3.3 0.9 -1.7
v -3.3 1 -1.7
v -3.2 0.9 -1.7
v -3.2 1 -1.7
v -2.8 1.9 -1.7
v -2.8 2 -1.7
v -2.8 2.8 -1.7
v -2.8 2.9 -1.7
v -2.7 1.9 -1.7
v -2.7 2 -1.7
v -2.7 2.8 -1.7
v -2.7 2.9 -1.7
v -2.5 1.9 -1.7
v -2.5 2 -1.7
v -2.5 2.8 -1.7
v -2.5 2.9 -1.7
v -2.3 1.2 -1.7
v -2.3 1.3 -1.7
v -2.3 1.9 -1.7
v -2.3 2 -1.7
v -2.3 2.8 -1.7
v -2.3 2.9 -1.7
v -2.2 1.9 -1.7
v -2.2 2 -1.7
v -2.1 0 -1.7
v -2.1 0.3 -1.7
v -2.1 1.2 -1.7
v -2.1 1.3 -1.7
v -2.1 1.9 -1.7
v -2.1 2 -1.7
v -2.1 2.8 -1.7
v -2.1 2.9 -1.7
v -2.1 3 -1.7
v -2 0 -1.7
v -2 0.3 -1.7
v -2 1.9 -1.7
v -2 2 -1.7
v -2 2.8 -1.7
v -2 2.9 -1.7
v -2 3 -1.7
v -1.9 0.3 -1.7
v -1.9 0.4 -1.7
v -1.9 0.6 -1.7
v -1.9 0.7 -1.7
v -1.8 0.3 -1.7
v -1.8 0.4 -1.7
v -1.8 0.6 -1.7
v -1.8 0.7 -1.7
v -1.7 0.4 -1.7
v -1.7 0.6 -1.7
v -0.7 1.1 -1.7
v -0.7 1.2 -1.7
v -0.6 2.8 -1.7
v -0.6 2.9 -1.7
v -0.6 4.4 -1.7
v -0.6 4.5 -1.7
v -0.5 1.1 -1.7
v -0.5 1.2 -1.7
v -0.4 2.8 -1.7
v -0.4 2.9 -1.7
v -0.4 4.4 -1.7
v -0.4 4.5 -1.7
v 0.0999999 1.2 -1.7
v 0.0999999 1.3 -1.7
v 0.3 1.2 -1.7
v 0.3 1.3 -1.7
v -5.1 0.9 -1.8
v -5.1 1 -1.8
v -5 0.9 -1.8
v -5 1 -1.8
v -4.4 1.3 -1.8
v -4.4 1.4 -1.8
v -4.3 1 -1.8
v -4.3 1.1 -1.8
v -4.3 1.3 -1.8
v -4.3 1.4 -1.8
v -4.1 1 -1.8
v -4.1 1.1 -1.8
v -4.1 1.3 -1.8
v -4.1 1.4 -1.8
v -4 1.3 -1.8
v -4 1.4 -1.8
v -2.5 2 -1.8
v -2.5 2.1 -1.8
v -2.5 2.9 -1.8
v -2.5 3 -1.8
v -2.3 1.1 -1.8
v -2.3 1.2 -1.8
v -2.3 2 -1.8
v -2.3 2.1 -1.8
v -2.3 2.9 -1.8
v -2.3 3 -1.8
v -2.1 1.1 -1.8
v -2.1 1.2 -1.8
v -2 0 -1.8
v -2 0.3 -1.8
v -1.9 0 -1.8
v -1.9 0.3 -1.8
v -1.8 0.3 -1.8
v -1.8 0.4 -1.8
v -1.8 0.6 -1.8
v -1.8 0.7 -1.8
v -1.7 0.3 -1.8
v -1.7 0.4 -1.8
v -1.7 0.6 -1.8
v -1.7 0.7 -1.8
v -1.6 0.4 -1.8
v -1.6 0.6 -1.8
v -0.7 1 -1.8
v -0.7 1.1 -1.8
v -0.6 2.7 -1.8
v -0.6 2.8 -1.8
v -0.6 4.1 -1.8
v -0.6 4.3 -1.8
v -0.6 4.4 -1.8
v -0.5 1 -1.8
v -0.5 1.1 -1.8
v -0.5 4.1 -1.8
v -0.5 4.3 -1.8
v -0.4 2.7 -1.8
v -0.4 2.8 -1.8
v -0.4 4.3 -1.8
v -0.4 4.4 -1.8
v 0.0999999 1.1 -1.8
v 0.0999999 1.2 -1.8
v 0.3 1.1 -1.8
v 0.3 1.2 -1.8
v -5.4 1.4 -1.9
v -5.4 1.5 -1.9
v -5.3 1.5 -1.9
v -5.3 1.6 -1.9
v -5.2 1.4 -1.9
v -5.2 1.5 -1.9
v -5.2 1.6 -1.9
v -5.2 1.7 -1.9
v -5.1 1.5 -1.9
v -5.1 1.6 -1.9
v -5.1 1.7 -1.9
v -5.1 1.8 -1.9
v -5 1.6 -1.9
v -5 1.8 -1.9
v -4.9 1.5 -1.9
v -4.9 1.6 -1.9
v -4.9 1.7 -1.9
v -4.9 1.8 -1.9
v -4.8 1.4 -1.9
v -4.8 1.5 -1.9
v -4.8 1.6 -1.9
v -4.8 1.7 -1.9
v -4.7 1.3 -1.9
v -4.7 1.4 -1.9
v -4.7 1.5 -1.9
v -4.7 1.6 -1.9
v -4.6 1.2 -1.9
v -4.6 1.3 -1.9
v -4.6 1.4 -1.9
v -4.6 1.5 -1.9
v -4.5 1.1 -1.9
v -4.5 1.2 -1.9
v -4.5 1.3 -1.9
v -4.5 1.4 -1.9
v -4.4 1 -1.9
v -4.4 1.1 -1.9
v -4.4 1.2 -1.9
v -4.4 1.3 -1.9
v -4.3 0.9 -1.9
v -4.3 1 -1.9
v -4.3 1.2 -1.9
v -4.3 1.3 -1.9
v -4.1 0.9 -1.9
v -4.1 1 -1.9
v -4.1 1.2 -1.9
v -4.1 1.3 -1.9
v -4 1 -1.9
v -4 1.1 -1.9
v -4 1.2 -1.9
v -4 1.3 -1.9
v -3.9 1.1 -1.9
v -3.9 1.2 -1.9
v -3.9 1.3 -1.9
v -3.9 1.4 -1.9
v -3.8 1.2 -1.9
v -3.8 1.3 -1.9
v -3.8 1.4 -1.9
v -3.8 1.5 -1.9
v -3.7 1.3 -1.9
v -3.7 1.4 -1.9
v -3.7 1.5 -1.9
v -3.7 1.6 -1.9
v -3.6 1.4 -1.9
v -3.6 1.5 -1.9
v -3.6 1.6 -1.9
v -3.6 1.7 -1.9
v -3.5 1.5 -1.9
v -3.5 1.6 -1.9
v -3.5 1.7 -1.9
v -3.5 1.8 -1.9
v -3.3 1.5 -1.9
v -3.3 1.6 -1.9
v -3.3 1.7 -1.9
v -3.3 1.8 -1.9
v -3.2 1.4 -1.9
v -3.2 1.5 -1.9
v -3.2 1.6 -1.9
v -3.2 1.7 -1.9
v -3.1 1.5 -1.9
v -3.1 1.6 -1.9
v -3 1.4 -1.9
v -3 1.5 -1.9
v -2.5 2.1 -1.9
v -2.5 2.2 -1.9
v -2.5 3 -1.9
v -2.5 3.1 -1.9
v -2.3 1 -1.9
v -2.3 1.1 -1.9
v -2.3 2.1 -1.9
v -2.3 2.2 -1.9
v -2.3 3 -1.9
v -2.3 3.1 -1.9
v -2.1 1 -1.9
v -2.1 1.1 -1.9
v -1.9 0 -1.9
v -1.9 0.3 -1.9
v -1.8 0 -1.9
v -1.8 0.3 -1.9
v -1.7 0.3 -1.9
v -1.7 0.4 -1.9
v -1.7 0.6 -1.9
v -1.7 0.7 -1.9
v -1.6 0.3 -1.9
v -1.6 0.4 -1.9
v -1.6 0.6 -1.9
v -1.6 0.7 -1.9
v -1.5 0.4 -1.9
v -1.5 0.6 -1.9
v -1.5 0.9 -1.9
v -1.5 1 -1.9
v -1.4 0.9 -1.9
v -1.4 1 -1.9
v -1 1.2 -1.9
v -1 1.3 -1.9
v -0.9 1.1 -1.9
v -0.9 1.2 -1.9
v -0.8 1 -1.9
v -0.8 1.1 -1.9
v -0.8 1.2 -1.9
v -0.8 1.3 -1.9
v -0.7 0.9 -1.9
v -0.7 1 -1.9
v -0.7 1.2 -1.9
v -0.5 0.9 -1.9
v -0.5 1 -1.9
v -0.5 1.2 -1.9
v -0.5 2.6 -1.9
v -0.5 2.7 -1.9
v -0.5 4.2 -1.9
v -0.5 4.3 -1.9
v -0.4 1 -1.9
v -0.4 1.1 -1.9
v -0.4 1.2 -1.9
v -0.4 1.3 -1.9
v -0.4 2.6 -1.9
v -0.4 2.7 -1.9
v -0.4 4.2 -1.9
v -0.4 4.3 -1.9
v -0.3 1.1 -1.9
v -0.3 1.2 -1.9
v -0.2 1.2 -1.9
v -0.2 1.3 -1.9
v 0.0999999 1 -1.9
v 0.0999999 1.1 -1.9
v 0.3 1 -1.9
v 0.3 1.1 -1.9
v -3.4 1.2 -2
v -3.4 1.3 -2
v -3.2 1.2 -2
v -3.2 1.3 -2
v -2.7 1.3 -2
v -2.7 1.4 -2
v -2.6 1.2 -2
v -2.6 1.3 -2
v -2.5 1.1 -2
v -2.5 1.2 -2
v -2.5 1.3 -2
v -2.5 1.4 -2
v -2.5 2.2 -2
v -2.5 2.3 -2
v -2.5 3.1 -2
v -2.5 3.2 -2
v -2.4 1 -2
v -2.4 1.1 -2
v -2.4 1.2 -2
v -2.4 1.3 -2
v -2.3 0.9 -2
v -2.3 1 -2
v -2.3 1.2 -2
v -2.3 2.2 -2
v -2.3 2.3 -2
v -2.3 3.1 -2
v -2.3 3.2 -2
v -2.1 0.9 -2
v -2.1 1 -2
v -2.1 1.2 -2
v -2 1 -2
v -2 1.1 -2
v -2 1.2 -2
v -2 1.3 -2
v -1.9 1.1 -2
v -1.9 1.2 -2
v -1.9 1.3 -2
v -1.9 1.4 -2
v -1.8 0 -2
v -1.8 0.3 -2
v -1.8 1.2 -2
v -1.8 1.3 -2
v -1.7 0 -2
v -1.7 0.3 -2
v -1.7 1.3 -2
v -1.7 1.4 -2
v -1.6 0.3 -2
v -1.6 0.4 -2
v -1.6 0.6 -2
v -1.6 0.7 -2
v -1.6 0.9 -2
v -1.6 1 -2
v -1.5 0.3 -2
v -1.5 0.4 -2
v -1.5 0.6 -2
v -1.5 0.7 -2
v -1.5 0.9 -2
v -1.5 1 -2
v -1.4 0.4 -2
v -1.4 0.6 -2
v -0.3 1.3 -2
v -0.3 1.4 -2
v -0.2 1.2 -2
v -0.2 1.3 -2
v -0.0999999 1.1 -2
v -0.0999999 1.2 -2
v -0.0999999 1.3 -2
v -0.0999999 1.4 -2
v 0 1 -2
v 0 1.1 -2
v 0 1.2 -2
v 0 1.3 -2
v 0.0999999 0.9 -2
v 0.0999999 1 -2
v 0.0999999 1.2 -2
v 0.3 0.9 -2
v 0.3 1 -2
v 0.3 1.2 -2
v 0.4 1 -2
v 0.4 1.1 -2
v 0.4 1.2 -2
v 0.4 1.3 -2
v 0.5 1.1 -2
v 0.5 1.2 -2
v 0.5 1.3 -2
v 0.5 1.4 -2
v 0.6 1.2 -2
v 0.6 1.3 -2
v 0.7 1.3 -2
v 0.7 1.4 -2
v -4.4 1.3 -2.1
v -4.4 1.4 -2.1
v -4.3 1.3 -2.1
v -4.3 1.4 -2.1
v -4.1 1.3 -2.1
v -4.1 1.4 -2.1
v -4 1.3 -2.1
v -4 1.4 -2.1
v -3.4 1.1 -2.1
v -3.4 1.2 -2.1
v -3.2 1.1 -2.1
v -3.2 1.2 -2.1
v -2.5 2.3 -2.1
v -2.5 2.4 -2.1
v -2.5 2.5 -2.1
v -2.5 3.2 -2.1
v -2.5 3.3 -2.1
v -2.4 3.3 -2.1
v -2.4 3.4 -2.1
v -2.3 2.3 -2.1
v -2.3 2.4 -2.1
v -2.3 2.5 -2.1
v -2.3 3.2 -2.1
v -2.3 3.3 -2.1
v -2.3 3.4 -2.1
v -1.7 0 -2.1
v -1.7 0.3 -2.1
v -1.6 0 -2.1
v -1.6 0.3 -2.1
v -1.5 0.3 -2.1
v -1.5 0.4 -2.1
v -1.5 0.6 -2.1
v -1.5 0.7 -2.1
v -1.4 0.3 -2.1
v -1.4 0.4 -2.1
v -1.4 0.6 -2.1
v -1.4 0.7 -2.1
v -1.3 0.4 -2.1
v -1.3 0.6 -2.1
v -0.7 1.1 -2.1
v -0.7 1.2 -2.1
v -0.5 1.1 -2.1
v -0.5 1.2 -2.1
v -5.4 2.7 -2.2
v -5.4 2.8 -2.2
v -5.4 3.9 -2.2
v -5.4 4.4 -2.2
v -5.3 2.7 -2.2
v -5.3 2.8 -2.2
v -5.3 2.9 -2.2
v -5.3 3.9 -2.2
v -5.3 4.4 -2.2
v -5.3 4.5 -2.2
v -5.2 2.8 -2.2
v -5.2 2.9 -2.2
v -5.2 4.4 -2.2
v -5.2 4.5 -2.2
v -4.5 1.4 -2.2
v -4.5 1.5 -2.2
v -4.4 1.4 -2.2
v -4.4 1.5 -2.2
v -4.3 1.2 -2.2
v -4.3 1.3 -2.2
v -4.1 1.2 -2.2
v -4.1 1.3 -2.2
v -4 1.4 -2.2
v -4 1.5 -2.2
v -3.9 1.4 -2.2
v -3.9 1.5 -2.2
v -3.4 1 -2.2
v -3.4 1.1 -2.2
v -3.2 1 -2.2
v -3.2 1.1 -2.2
v -2.6 3.1 -2.2
v -2.6 3.3 -2.2
v -2.5 3.1 -2.2
v -2.5 3.3 -2.2
v -2.5 3.4 -2.2
v -2.4 3.3 -2.2
v -2.4 3.4 -2.2
v -2.3 1.1 -2.2
v -2.3 1.2 -2.2
v -2.1 1.1 -2.2
v -2.1 1.2 -2.2
v -1.6 0 -2.2
v -1.6 0.3 -2.2
v -1.5 0 -2.2
v -1.5 0.3 -2.2
v -1.4 0.3 -2.2
v -1.4 0.4 -2.2
v -1.4 0.6 -2.2
v -1.4 0.7 -2.2
v -1.3 0.3 -2.2
v -1.3 0.4 -2.2
v -1.3 0.6 -2.2
v -1.3 0.7 -2.2
v -1.2 0.4 -2.2
v -1.2 0.6 -2.2
v -0.7 1.2 -2.2
v -0.7 1.3 -2.2
v -0.5 1.2 -2.2
v -0.5 1.3 -2.2
v 0.0999999 1.1 -2.2
v 0.0999999 1.2 -2.2
v 0.3 1.1 -2.2
v 0.3 1.2 -2.2
v -5.5 4.4 -2.3
v -5.5 4.5 -2.3
v -5.4 2.8 -2.3
v -5.4 2.9 -2.3
v -5.4 4.4 -2.3
v -5.4 4.5 -2.3
v -5.4 4.6 -2.3
v -5.3 2.3 -2.3
v -5.3 2.7 -2.3
v -5.3 2.8 -2.3
v -5.3 2.9 -2.3
v -5.3 3 -2.3
v -5.3 4.3 -2.3
v -5.3 4.4 -2.3
v -5.3 4.5 -2.3
v -5.3 4.6 -2.3
v -5.2 2.3 -2.3
v -5.2 2.7 -2.3
v -5.2 2.8 -2.3
v -5.2 2.9 -2.3
v -5.2 3 -2.3
v -5.2 4.3 -2.3
v -5.2 4.4 -2.3
v -4.6 1 -2.3
v -4.6 1.1 -2.3
v -4.6 1.3 -2.3
v -4.6 1.4 -2.3
v -4.5 1.3 -2.3
v -4.5 1.4 -2.3
v -4.4 1 -2.3
v -4.4 1.1 -2.3
v -4.3 1.3 -2.3
v -4.3 1.4 -2.3
v -4.1 1.3 -2.3
v -4.1 1.4 -2.3
v -3.9 1.3 -2.3
v -3.9 1.4 -2.3
v -3.8 1.3 -2.3
v -3.8 1.4 -2.3
v -3.7 1.2 -2.3
v -3.7 1.3 -2.3
v -3.6 1.1 -2.3
v -3.6 1.2 -2.3
v -3.5 1 -2.3
v -3.5 1.1 -2.3
v -3.5 1.2 -2.3
v -3.5 1.3 -2.3
v -3.4 0.9 -2.3
v -3.4 1 -2.3
v -3.4 1.2 -2.3
v -3.2 0.9 -2.3
v -3.2 1 -2.3
v -3.2 1.2 -2.3
v -3.1 1 -2.3
v -3.1 1.1 -2.3
v -3.1 1.2 -2.3
v -3.1 1.3 -2.3
v -3 1.1 -2.3
v -3 1.2 -2.3
v -2.9 1.2 -2.3
v -2.9 1.3 -2.3
v -2.3 1.2 -2.3
v -2.3 1.3 -2.3
v -2.1 1.2 -2.3
v -2.1 1.3 -2.3
v -1.5 0 -2.3
v -1.5 0.3 -2.3
v -1.4 0 -2.3
v -1.4 0.3 -2.3
v -1.3 0.3 -2.3
v -1.3 0.4 -2.3
v -1.3 0.6 -2.3
v -1.3 0.7 -2.3
v -1.2 0.3 -2.3
v -1.2 0.4 -2.3
v -1.2 0.6 -2.3
v -1.2 0.7 -2.3
v -1.1 0.4 -2.3
v -1.1 0.6 -2.3
v 0.0999999 1.2 -2.3
v 0.0999999 1.3 -2.3
v 0.3 1.2 -2.3
v 0.3 1.3 -2.3
v -5.4 2.9 -2.4
v -5.4 3 -2.4
v -5.3 2.9 -2.4
v -5.3 3 -2.4
v -5.3 4.5 -2.4
v -5.3 4.6 -2.4
v -5.2 4.5 -2.4
v -5.2 4.6 -2.4
v -4.6 1.1 -2.4
v -4.6 1.2 -2.4
v -4.4 1.1 -2.4
v -4.4 1.2 -2.4
v -4.3 1.4 -2.4
v -4.3 1.5 -2.4
v -4.1 1.4 -2.4
v -4.1 1.5 -2.4
v -2.3 1.3 -2.4
v -2.3 1.4 -2.4
v -2.1 1.3 -2.4
v -2.1 1.4 -2.4
v -1.5 1.4 -2.4
v -1.5 1.5 -2.4
v -1.5 2.2 -2.4
v -1.5 2.3 -2.4
v -1.5 3.1 -2.4
v -1.5 3.2 -2.4
v -1.5 4 -2.4
v -1.5 4.1 -2.4
v -1.4 0 -2.4
v -1.4 0.3 -2.4
v -1.4 2.2 -2.4
v -1.4 2.3 -2.4
v -1.4 4 -2.4
v -1.4 4.1 -2.4
v -1.3 0 -2.4
v -1.3 0.3 -2.4
v -1.3 1.4 -2.4
v -1.3 1.5 -2.4
v -1.3 2.2 -2.4
v -1.3 2.3 -2.4
v -1.3 3.1 -2.4
v -1.3 3.2 -2.4
v -1.3 4 -2.4
v -1.3 4.1 -2.4
v -1.2 0.3 -2.4
v -1.2 0.4 -2.4
v -1.2 0.6 -2.4
v -1.2 0.7 -2.4
v -1.1 0.3 -2.4
v -1.1 0.4 -2.4
v -1.1 0.6 -2.4
v -1.1 0.7 -2.4
v -1 0.4 -2.4
v -1 0.6 -2.4
v 0.0999999 1.3 -2.4
v 0.0999999 1.4 -2.4
v 0.3 1.3 -2.4
v 0.3 1.4 -2.4
v -4.6 1 -2.5
v -4.6 1.1 -2.5
v -4.4 1 -2.5
v -4.4 1.1 -2.5
v -4.3 1.5 -2.5
v -4.3 1.6 -2.5
v -4.1 1.5 -2.5
v -4.1 1.6 -2.5
v -3.4 1.1 -2.5
v -3.4 1.2 -2.5
v -3.2 1.1 -2.5
v -3.2 1.2 -2.5
v -1.5 1.5 -2.5
v -1.5 1.6 -2.5
v -1.5 2.3 -2.5
v -1.5 2.4 -2.5
v -1.5 3.2 -2.5
v -1.5 3.3 -2.5
v -1.5 4.1 -2.5
v -1.5 4.2 -2.5
v -1.4 2.3 -2.5
v -1.4 2.4 -2.5
v -1.4 3.2 -2.5
v -1.4 3.3 -2.5
v -1.4 4.1 -2.5
v -1.4 4.2 -2.5
v -1.3 0 -2.5
v -1.3 0.3 -2.5
v -1.3 1.5 -2.5
v -1.3 1.6 -2.5
v -1.3 2.3 -2.5
v -1.3 2.4 -2.5
v -1.3 3.2 -2.5
v -1.3 3.3 -2.5
v -1.3 4.1 -2.5
v -1.3 4.2 -2.5
v -1.2 0 -2.5
v -1.2 0.3 -2.5
v -1.1 0.3 -2.5
v -1.1 0.4 -2.5
v -1.1 0.6 -2.5
v -1.1 0.7 -2.5
v -1 0.3 -2.5
v -1 0.4 -2.5
v -1 0.6 -2.5
v -1 0.7 -2.5
v -0.9 0.4 -2.5
v -0.9 0.6 -2.5
v -5.4 2.8 -2.6
v -5.4 2.9 -2.6
v -5.4 4.4 -2.6
v -5.4 4.5 -2.6
v -5.2 2.8 -2.6
v -5.2 2.9 -2.6
v -5.2 4.4 -2.6
v -5.2 4.5 -2.6
v -5.1 0.9 -2.6
v -5.1 1 -2.6
v -5 0.9 -2.6
v -5 1 -2.6
v -4.9 1 -2.6
v -4.9 1.1 -2.6
v -4.8 1 -2.6
v -4.8 1.1 -2.6
v -4.8 1.2 -2.6
v -4.7 1 -2.6
v -4.7 1.1 -2.6
v -4.7 1.2 -2.6
v -4.6 0.9 -2.6
v -4.6 1 -2.6
v -4.6 1.1 -2.6
v -4.4 0.9 -2.6
v -4.4 1 -2.6
v -4.4 1.1 -2.6
v -4.3 1 -2.6
v -4.3 1.1 -2.6
v -4.3 1.2 -2.6
v -4.3 1.6 -2.6
v -4.3 1.7 -2.6
v -4.2 1 -2.6
v -4.2 1.1 -2.6
v -4.2 1.2 -2.6
v -4.1 1 -2.6
v -4.1 1.1 -2.6
v -4.1 1.6 -2.6
v -4.1 1.7 -2.6
v -3.4 1.2 -2.6
v -3.4 1.3 -2.6
v -3.2 1.2 -2.6
v -3.2 1.3 -2.6
v -3.1 1.3 -2.6
v -3.1 1.4 -2.6
v -2.9 1.3 -2.6
v -2.9 1.4 -2.6
v -2.1 1.2 -2.6
v -2.1 1.3 -2.6
v -1.9 1.2 -2.6
v -1.9 1.3 -2.6
v -1.5 1.6 -2.6
v -1.5 1.7 -2.6
v -1.5 2.4 -2.6
v -1.5 2.5 -2.6
v -1.5 3.3 -2.6
v -1.5 3.4 -2.6
v -1.5 4.2 -2.6
v -1.5 4.3 -2.6
v -1.4 1.6 -2.6
v -1.4 1.7 -2.6
v -1.4 2.4 -2.6
v -1.4 2.5 -2.6
v -1.4 3.3 -2.6
v -1.4 3.4 -2.6
v -1.4 4.2 -2.6
v -1.4 4.3 -2.6
v -1.3 1.6 -2.6
v -1.3 1.7 -2.6
v -1.3 2.4 -2.6
v -1.3 2.5 -2.6
v -1.3 3.3 -2.6
v -1.3 3.4 -2.6
v -1.3 4.2 -2.6
v -1.3 4.3 -2.6
v -1.2 0 -2.6
v -1.2 0.3 -2.6
v -1.1 0 -2.6
v -1.1 0.3 -2.6
v -1 0.3 -2.6
v -1 0.4 -2.6
v -1 0.6 -2.6
v -1 0.7 -2.6
v -0.9 0.3 -2.6
v -0.9 0.4 -2.6
v -0.9 0.6 -2.6
v -0.9 0.7 -2.6
v -0.8 0.4 -2.6
v -0.8 0.6 -2.6
v 0.5 1.2 -2.6
v 0.5 1.3 -2.6
v 0.7 1.2 -2.6
v 0.7 1.3 -2.6
v -5.7 4.5 -2.7
v -5.7 4.6 -2.7
v -5.6 4.5 -2.7
v -5.6 4.6 -2.7
v -5.4 2.7 -2.7
v -5.4 2.8 -2.7
v -5.4 4.3 -2.7
v -5.4 4.4 -2.7
v -5.4 4.6 -2.7
v -5.4 4.7 -2.7
v -5.2 2.7 -2.7
v -5.2 2.8 -2.7
v -5.2 4.3 -2.7
v -5.2 4.4 -2.7
v -5.2 4.6 -2.7
v -5.2 4.7 -2.7
v -4.9 2.6 -2.7
v -4.9 2.7 -2.7
v -4.8 2.6 -2.7
v -4.8 2.7 -2.7
v -4.3 1.7 -2.7
v -4.3 1.8 -2.7
v -4.1 1.7 -2.7
v -4.1 1.8 -2.7
v -3.1 1.4 -2.7
v -3.1 1.5 -2.7
v -3 1.4 -2.7
v -3 1.5 -2.7
v -2.1 1.1 -2.7
v -2.1 1.2 -2.7
v -1.9 1.1 -2.7
v -1.9 1.2 -2.7
v -1.5 1.7 -2.7
v -1.5 1.8 -2.7
v -1.5 2.5 -2.7
v -1.5 2.6 -2.7
v -1.5 3.4 -2.7
v -1.5 3.5 -2.7
v -1.5 4.3 -2.7
v -1.5 4.4 -2.7
v -1.4 1.7 -2.7
v -1.4 2.5 -2.7
v -1.4 3.4 -2.7
v -1.4 4.3 -2.7
v -1.3 1.7 -2.7
v -1.3 1.8 -2.7
v -1.3 2.5 -2.7
v -1.3 2.6 -2.7
v -1.3 3.4 -2.7
v -1.3 3.5 -2.7
v -1.3 4.3 -2.7
v -1.3 4.4 -2.7
v -1.1 0 -2.7
v -1.1 0.3 -2.7
v -1 0 -2.7
v -1 0.3 -2.7
v -0.9 0.3 -2.7
v -0.9 0.4 -2.7
v -0.9 0.6 -2.7
v -0.9 0.7 -2.7
v -0.8 0.3 -2.7
v -0.8 0.4 -2.7
v -0.8 0.6 -2.7
v -0.8 0.7 -2.7
v -0.7 0.4 -2.7
v -0.7 0.6 -2.7
v -0.7 0.9 -2.7
v -0.7 1 -2.7
v -0.5 0.9 -2.7
v -0.5 1 -2.7
v 0.5 1.1 -2.7
v 0.5 1.2 -2.7
v 0.7 1.1 -2.7
v 0.7 1.2 -2.7
v -5.8 4.4 -2.8
v -5.8 4.5 -2.8
v -5.7 2.6 -2.8
v -5.7 3 -2.8
v -5.7 4.2 -2.8
v -5.7 4.4 -2.8
v -5.7 4.5 -2.8
v -5.6 2.6 -2.8
v -5.6 2.8 -2.8
v -5.6 4.2 -2.8
v -5.6 4.4 -2.8
v -5.6 4.5 -2.8
v -5.6 4.6 -2.8
v -5.5 2.7 -2.8
v -5.5 2.8 -2.8
v -5.5 2.9 -2.8
v -5.5 3 -2.8
v -5.5 4.3 -2.8
v -5.5 4.4 -2.8
v -5.5 4.5 -2.8
v -5.5 4.6 -2.8
v -5.5 4.7 -2.8
v -5.4 0.9 -2.8
v -5.4 2.7 -2.8
v -5.4 2.9 -2.8
v -5.4 4.3 -2.8
v -5.4 4.5 -2.8
v -5.4 4.6 -2.8
v -5.4 4.7 -2.8
v -5.4 4.8 -2.8
v -5.3 1.1 -2.8
v -5.3 2.5 -2.8
v -5.3 2.9 -2.8
v -5.3 3.9 -2.8
v -5.2 0.9 -2.8
v -5.2 1.1 -2.8
v -5.2 2.5 -2.8
v -5.2 2.7 -2.8
v -5.2 2.9 -2.8
v -5.2 3.9 -2.8
v -5.2 4.3 -2.8
v -5.2 4.5 -2.8
v -5.2 4.6 -2.8
v -5.2 4.7 -2.8
v -5.2 4.8 -2.8
v -5.1 2.7 -2.8
v -5.1 2.8 -2.8
v -5.1 2.9 -2.8
v -5.1 3 -2.8
v -5.1 4.3 -2.8
v -5.1 4.4 -2.8
v -5.1 4.5 -2.8
v -5.1 4.6 -2.8
v -5.1 4.7 -2.8
v -5 2.8 -2.8
v -5 2.9 -2.8
v -5 4.3 -2.8
v -5 4.4 -2.8
v -5 4.5 -2.8
v -4.9 2.5 -2.8
v -4.9 2.6 -2.8
v -4.9 2.7 -2.8
v -4.9 2.8 -2.8
v -4.9 2.9 -2.8
v -4.9 4.3 -2.8
v -4.9 4.4 -2.8
v -4.9 4.5 -2.8
v -4.8 2.5 -2.8
v -4.8 2.6 -2.8
v -4.8 2.7 -2.8
v -4.8 2.8 -2.8
v -4.8 2.9 -2.8
v -4.8 3 -2.8
v -4.8 4.1 -2.8
v -4.8 4.3 -2.8
v -4.8 4.4 -2.8
v -4.8 4.5 -2.8
v -4.8 4.6 -2.8
v -4.7 2.6 -2.8
v -4.7 2.7 -2.8
v -4.7 2.9 -2.8
v -4.7 4.1 -2.8
v -4.7 4.3 -2.8
v -4.7 4.5 -2.8
v -4.6 1 -2.8
v -4.6 1.1 -2.8
v -4.6 1.5 -2.8
v -4.6 1.6 -2.8
v -4.4 1 -2.8
v -4.4 1.1 -2.8
v -4.4 1.5 -2.8
v -4.4 1.6 -2.8
v -4 0.9 -2.8
v -4 1 -2.8
v -3.8 0.9 -2.8
v -3.8 1 -2.8
v -3.1 1.2 -2.8
v -3.1 1.3 -2.8
v -3 0.9 -2.8
v -3 1 -2.8
v -2.9 1.2 -2.8
v -2.9 1.3 -2.8
v -2.8 0.9 -2.8
v -2.8 1 -2.8
v -2.1 1 -2.8
v -2.1 1.1 -2.8
v -1.9 1 -2.8
v -1.9 1.1 -2.8
v -1 0 -2.8
v -1 0.3 -2.8
v -0.9 0 -2.8
v -0.9 0.3 -2.8
v -0.8 0.3 -2.8
v -0.8 0.4 -2.8
v -0.8 0.6 -2.8
v -0.8 0.7 -2.8
v -0.7 0.3 -2.8
v -0.7 0.4 -2.8
v -0.7 0.6 -2.8
v -0.7 0.7 -2.8
v -0.6 0.4 -2.8
v -0.6 0.6 -2.8
v 0.5 1 -2.8
v 0.5 1.1 -2.8
v 0.7 1 -2.8
v 0.7 1.1 -2.8
v -5.8 4 -2.9
v -5.8 4.4 -2.9
v -5.7 4 -2.9
v -5.7 4.2 -2.9
v -5.7 4.4 -2.9
v -5.6 2.5 -2.9
v -5.6 2.6 -2.9
v -5.6 2.8 -2.9
v -5.5 2.5 -2.9
v -5.5 2.7 -2.9
v -5.5 2.8 -2.9
v -5.3 1.1 -2.9
v -5.3 2.5 -2.9
v -5.3 2.8 -2.9
v -5.3 3.9 -2.9
v -5.2 1.1 -2.9
v -5.2 2.5 -2.9
v -5.2 2.8 -2.9
v -5.2 2.9 -2.9
v -5.2 3.9 -2.9
v -4.7 1.4 -2.9
v -4.7 1.5 -2.9
v -4.6 1.1 -2.9
v -4.6 1.2 -2.9
v -4.6 1.5 -2.9
v -4.5 1.4 -2.9
v -4.5 1.5 -2.9
v -4.4 1.1 -2.9
v -4.4 1.2 -2.9
v -4.3 1.5 -2.9
v -4.3 1.6 -2.9
v -4.2 1.5 -2.9
v -4.2 1.6 -2.9
v -4.1 1.5 -2.9
v -4.1 1.6 -2.9
v -3.1 1.1 -2.9
v -3.1 1.2 -2.9
v -2.9 1.1 -2.9
v -2.9 1.2 -2.9
v -2.4 1.2 -2.9
v -2.4 1.3 -2.9
v -2.3 1.1 -2.9
v -2.3 1.2 -2.9
v -2.2 1 -2.9
v -2.2 1.1 -2.9
v -2.2 1.2 -2.9
v -2.2 1.3 -2.9
v -2.1 0.9 -2.9
v -2.1 1 -2.9
v -2.1 1.2 -2.9
v -1.9 0.9 -2.9
v -1.9 1 -2.9
v -1.9 1.2 -2.9
v -1.8 1 -2.9
v -1.8 1.1 -2.9
v -1.8 1.2 -2.9
v -1.8 1.3 -2.9
v -1.7 1.1 -2.9
v -1.7 1.2 -2.9
v -1.6 1.2 -2.9
v -1.6 1.3 -2.9
v -1.5 1.5 -2.9
v -1.5 1.6 -2.9
v -1.5 2.3 -2.9
v -1.5 2.4 -2.9
v -1.5 3.2 -2.9
v -1.5 3.3 -2.9
v -1.5 4.1 -2.9
v -1.5 4.2 -2.9
v -1.4 0.9 -2.9
v -1.4 1 -2.9
v -1.3 0.9 -2.9
v -1.3 1 -2.9
v -1.3 1.5 -2.9
v -1.3 1.6 -2.9
v -1.3 2.3 -2.9
v -1.3 2.4 -2.9
v -1.3 3.2 -2.9
v -1.3 3.3 -2.9
v -1.3 4.1 -2.9
v -1.3 4.2 -2.9
v -0.9 0 -2.9
v -0.9 0.3 -2.9
v -0.8 0 -2.9
v -0.8 0.3 -2.9
v -0.8 0.9 -2.9
v -0.8 1 -2.9
v -0.7 0.3 -2.9
v -0.7 0.4 -2.9
v -0.7 0.6 -2.9
v -0.7 0.7 -2.9
v -0.7 0.9 -2.9
v -0.7 1 -2.9
v -0.6 0.3 -2.9
v -0.6 0.4 -2.9
v -0.6 0.6 -2.9
v -0.6 0.7 -2.9
v -0.5 0.4 -2.9
v -0.5 0.6 -2.9
v 0.2 1.2 -2.9
v 0.2 1.3 -2.9
v 0.3 1.1 -2.9
v 0.3 1.2 -2.9
v 0.4 1 -2.9
v 0.4 1.1 -2.9
v 0.4 1.2 -2.9
v 0.4 1.3 -2.9
v 0.5 0.9 -2.9
v 0.5 1 -2.9
v 0.5 1.2 -2.9
v 0.7 0.9 -2.9
v 0.7 1 -2.9
v 0.7 1.2 -2.9
v 0.8 1 -2.9
v 0.8 1.1 -2.9
v 0.8 1.2 -2.9
v 0.8 1.3 -2.9
v 0.9 1.1 -2.9
v 0.9 1.2 -2.9
v 1 1.2 -2.9
v 1 1.3 -2.9
v -5.4 2.8 -3
v -5.4 2.9 -3
v -5.3 2.8 -3
v -5.3 2.9 -3
v -4.7 1.3 -3
v -4.7 1.4 -3
v -4.6 1 -3
v -4.6 1.1 -3
v -4.6 1.3 -3
v -4.6 1.4 -3
v -4.4 1 -3
v -4.4 1.1 -3
v -4.3 1.4 -3
v -4.3 1.5 -3
v -4.3 1.9 -3
v -4.3 2 -3
v -4.2 1.5 -3
v -4.2 1.9 -3
v -4.2 2 -3
v -4.1 1.4 -3
v -4.1 1.5 -3
v -3.1 1 -3
v -3.1 1.1 -3
v -2.9 1 -3
v -2.9 1.1 -3
v -1.5 1.4 -3
v -1.5 1.5 -3
v -1.5 2.2 -3
v -1.5 2.3 -3
v -1.5 3.1 -3
v -1.5 3.2 -3
v -1.5 4 -3
v -1.5 4.1 -3
v -1.3 1.4 -3
v -1.3 1.5 -3
v -1.3 2.2 -3
v -1.3 2.3 -3
v -1.3 3.1 -3
v -1.3 3.2 -3
v -1.3 4 -3
v -1.3 4.1 -3
v -0.8 0 -3
v -0.8 0.3 -3
v -0.7 0 -3
v -0.7 0.3 -3
v -0.6 0.3 -3
v -0.6 0.4 -3
v -0.6 0.6 -3
v -0.6 0.7 -3
v -0.5 0.3 -3
v -0.5 0.4 -3
v -0.5 0.6 -3
v -0.5 0.7 -3
v -0.4 0.4 -3
v -0.4 0.6 -3
v -5.4 2.9 -3.1
v -5.4 3 -3.1
v -5.4 4.5 -3.1
v -5.4 4.6 -3.1
v -5.3 2.5 -3.1
v -5.3 2.7 -3.1
v -5.2 2.5 -3.1
v -5.2 2.7 -3.1
v -5.2 2.9 -3.1
v -5.2 3 -3.1
v -5.2 4.5 -3.1
v -5.2 4.6 -3.1
v -4.7 1.2 -3.1
v -4.7 1.3 -3.1
v -4.6 1.2 -3.1
v -4.6 1.3 -3.1
v -4.3 1.8 -3.1
v -4.3 1.9 -3.1
v -4.2 1.8 -3.1
v -4.2 1.9 -3.1
v -3.8 1 -3.1
v -3.8 1.1 -3.1
v -3.6 1 -3.1
v -3.6 1.1 -3.1
v -3.6 1.3 -3.1
v -3.6 1.4 -3.1
v -3.5 1.3 -3.1
v -3.5 1.4 -3.1
v -3.4 1.2 -3.1
v -3.4 1.3 -3.1
v -3.3 1.1 -3.1
v -3.3 1.2 -3.1
v -3.3 1.3 -3.1
v -3.3 1.4 -3.1
v -3.2 1 -3.1
v -3.2 1.1 -3.1
v -3.2 1.2 -3.1
v -3.2 1.3 -3.1
v -3.1 0.9 -3.1
v -3.1 1 -3.1
v -3.1 1.2 -3.1
v -2.9 0.9 -3.1
v -2.9 1 -3.1
v -2.9 1.2 -3.1
v -2.8 1 -3.1
v -2.8 1.1 -3.1
v -2.8 1.2 -3.1
v -2.8 1.3 -3.1
v -2.7 1.1 -3.1
v -2.7 1.2 -3.1
v -2.7 1.3 -3.1
v -2.7 1.4 -3.1
v -2.6 1.2 -3.1
v -2.6 1.3 -3.1
v -2.6 1.4 -3.1
v -2.6 1.5 -3.1
v -2.5 1.3 -3.1
v -2.5 1.4 -3.1
v -2.5 1.5 -3.1
v -2.1 1.1 -3.1
v -2.1 1.2 -3.1
v -1.9 1.1 -3.1
v -1.9 1.2 -3.1
v -1.5 1.3 -3.1
v -1.5 1.4 -3.1
v -1.5 2.1 -3.1
v -1.5 2.2 -3.1
v -1.5 3 -3.1
v -1.5 3.1 -3.1
v -1.5 3.9 -3.1
v -1.5 4 -3.1
v -1.3 1.3 -3.1
v -1.3 1.4 -3.1
v -1.3 2.1 -3.1
v -1.3 2.2 -3.1
v -1.3 3 -3.1
v -1.3 3.1 -3.1
v -1.3 3.9 -3.1
v -1.3 4 -3.1
v -0.7 0 -3.1
v -0.7 0.3 -3.1
v -0.6 0 -3.1
v -0.6 0.3 -3.1
v -0.5 0.3 -3.1
v -0.5 0.4 -3.1
v -0.5 0.6 -3.1
v -0.5 0.7 -3.1
v -0.4 0.3 -3.1
v -0.4 0.4 -3.1
v -0.4 0.6 -3.1
v -0.4 0.7 -3.1
v -0.3 0.4 -3.1
v -0.3 0.6 -3.1
v 0.5 1.1 -3.1
v 0.5 1.2 -3.1
v 0.7 1.1 -3.1
v 0.7 1.2 -3.1
v -5.3 1.6 -3.2
v -5.3 1.7 -3.2
v -5.2 1.6 -3.2
v -5.2 1.7 -3.2
v -4.4 1.7 -3.2
v -4.4 1.8 -3.2
v -4.3 1.8 -3.2
v -4.2 1.7 -3.2
v -4.2 1.8 -3.2
v -3.8 1.1 -3.2
v -3.8 1.2 -3.2
v -3.6 1.1 -3.2
v -3.6 1.2 -3.2
v -3.5 1.4 -3.2
v -3.5 1.5 -3.2
v -3.4 1.4 -3.2
v -3.4 1.5 -3.2
v -2.5 1.3 -3.2
v -2.5 1.4 -3.2
v -2.4 1.3 -3.2
v -2.4 1.4 -3.2
v -2.1 1.2 -3.2
v -2.1 1.3 -3.2
v -1.9 1.2 -3.2
v -1.9 1.3 -3.2
v -1.8 1.3 -3.2
v -1.8 1.4 -3.2
v -1.8 2.1 -3.2
v -1.8 2.2 -3.2
v -1.8 3 -3.2
v -1.8 3.1 -3.2
v -1.8 3.9 -3.2
v -1.8 4 -3.2
v -1.7 1.3 -3.2
v -1.7 1.4 -3.2
v -1.7 2.1 -3.2
v -1.7 2.2 -3.2
v -1.7 3 -3.2
v -1.7 3.1 -3.2
v -1.7 3.9 -3.2
v -1.7 4 -3.2
v -1.5 1.2 -3.2
v -1.5 1.3 -3.2
v -1.5 2 -3.2
v -1.5 2.1 -3.2
v -1.5 2.9 -3.2
v -1.5 3 -3.2
v -1.5 3.8 -3.2
v -1.5 3.9 -3.2
v -1.3 1.2 -3.2
v -1.3 1.3 -3.2
v -1.3 2 -3.2
v -1.3 2.1 -3.2
v -1.3 2.9 -3.2
v -1.3 3 -3.2
v -1.3 3.8 -3.2
v -1.3 3.9 -3.2
v -1.1 1.3 -3.2
v -1.1 1.4 -3.2
v -1.1 2.1 -3.2
v -1.1 2.2 -3.2
v -1.1 3 -3.2
v -1.1 3.1 -3.2
v -1.1 3.9 -3.2
v -1.1 4 -3.2
v -1 1.3 -3.2
v -1 1.4 -3.2
v -1 2.1 -3.2
v -1 2.2 -3.2
v -1 3 -3.2
v -1 3.1 -3.2
v -1 3.9 -3.2
v -1 4 -3.2
v -0.6 0 -3.2
v -0.6 0.3 -3.2
v -0.5 0 -3.2
v -0.5 0.3 -3.2
v -0.4 0.3 -3.2
v -0.4 0.4 -3.2
v -0.4 0.6 -3.2
v -0.4 0.7 -3.2
v -0.3 0.3 -3.2
v -0.3 0.4 -3.2
v -0.3 0.6 -3.2
v -0.3 0.7 -3.2
v -0.2 0.4 -3.2
v -0.2 0.6 -3.2
v 0.5 1.2 -3.2
v 0.5 1.3 -3.2
v 0.7 1.2 -3.2
v 0.7 1.3 -3.2
v -5.4 4.4 -3.3
v -5.4 4.5 -3.3
v -5.3 2.8 -3.3
v -5.3 2.9 -3.3
v -5.2 1.5 -3.3
v -5.2 1.6 -3.3
v -5.2 2.8 -3.3
v -5.2 2.9 -3.3
v -5.2 4.4 -3.3
v -5.2 4.5 -3.3
v -5.1 1.4 -3.3
v -5.1 1.5 -3.3
v -5 1.3 -3.3
v -5 1.4 -3.3
v -5 1.5 -3.3
v -5 1.6 -3.3
v -4.9 1.2 -3.3
v -4.9 1.3 -3.3
v -4.9 1.4 -3.3
v -4.9 1.5 -3.3
v -4.8 1.3 -3.3
v -4.8 1.4 -3.3
v -4.7 0.9 -3.3
v -4.7 1.2 -3.3
v -4.7 1.3 -3.3
v -4.7 1.5 -3.3
v -4.6 0.9 -3.3
v -4.6 1.2 -3.3
v -4.6 1.3 -3.3
v -4.6 1.4 -3.3
v -4.6 1.5 -3.3
v -4.6 1.6 -3.3
v -4.5 1.4 -3.3
v -4.5 1.5 -3.3
v -4.5 1.6 -3.3
v -4.5 1.7 -3.3
v -4.4 1.1 -3.3
v -4.4 1.2 -3.3
v -4.4 1.5 -3.3
v -4.4 1.6 -3.3
v -4.4 1.7 -3.3
v -4.3 1.2 -3.3
v -4.3 1.3 -3.3
v -4.3 1.6 -3.3
v -4.3 1.7 -3.3
v -4.2 1.1 -3.3
v -4.2 1.2 -3.3
v -3.8 1 -3.3
v -3.8 1.1 -3.3
v -3.6 1 -3.3
v -3.6 1.1 -3.3
v -3.1 1.1 -3.3
v -3.1 1.2 -3.3
v -2.9 1.1 -3.3
v -2.9 1.2 -3.3
v -1.7 1.4 -3.3
v -1.7 1.5 -3.3
v -1.7 2.2 -3.3
v -1.7 2.3 -3.3
v -1.7 3.1 -3.3
v -1.7 3.2 -3.3
v -1.7 4 -3.3
v -1.7 4.1 -3.3
v -1.6 1.4 -3.3
v -1.6 1.5 -3.3
v -1.6 2.2 -3.3
v -1.6 2.3 -3.3
v -1.6 3.1 -3.3
v -1.6 3.2 -3.3
v -1.6 4 -3.3
v -1.6 4.1 -3.3
v -1.5 1.1 -3.3
v -1.5 1.2 -3.3
v -1.5 1.9 -3.3
v -1.5 2 -3.3
v -1.5 2.8 -3.3
v -1.5 2.9 -3.3
v -1.5 3.7 -3.3
v -1.5 3.8 -3.3
v -1.3 1.1 -3.3
v -1.3 1.2 -3.3
v -1.3 1.9 -3.3
v -1.3 2 -3.3
v -1.3 2.8 -3.3
v -1.3 2.9 -3.3
v -1.3 3.7 -3.3
v -1.3 3.8 -3.3
v -1.2 1.4 -3.3
v -1.2 1.5 -3.3
v -1.2 2.2 -3.3
v -1.2 2.3 -3.3
v -1.2 3.1 -3.3
v -1.2 3.2 -3.3
v -1.2 4 -3.3
v -1.2 4.1 -3.3
v -1.1 1.4 -3.3
v -1.1 1.5 -3.3
v -1.1 2.2 -3.3
v -1.1 2.3 -3.3
v -1.1 3.1 -3.3
v -1.1 3.2 -3.3
v -1.1 4 -3.3
v -1.1 4.1 -3.3
v -0.9 0.9 -3.3
v -0.9 1 -3.3
v -0.8 0.9 -3.3
v -0.8 1 -3.3
v -0.5 0 -3.3
v -0.5 0.3 -3.3
v -0.4 0 -3.3
v -0.4 0.3 -3.3
v -0.3 0.3 -3.3
v -0.3 0.4 -3.3
v -0.3 0.6 -3.3
v -0.3 0.7 -3.3
v -0.2 0.3 -3.3
v -0.2 0.4 -3.3
v -0.2 0.6 -3.3
v -0.2 0.7 -3.3
v -0.0999999 0.4 -3.3
v -0.0999999 0.6 -3.3
v -5.4 2.7 -3.4
v -5.4 2.8 -3.4
v -5.4 4.1 -3.4
v -5.4 4.3 -3.4
v -5.4 4.4 -3.4
v -5.3 4.1 -3.4
v -5.3 4.3 -3.4
v -5.2 2.7 -3.4
v -5.2 2.8 -3.4
v -5.2 4.3 -3.4
v -5.2 4.4 -3.4
v -5.1 0.9 -3.4
v -5.1 1 -3.4
v -5 0.9 -3.4
v -5 1 -3.4
v -4.8 1.3 -3.4
v -4.8 1.4 -3.4
v -4.7 1.3 -3.4
v -4.7 1.4 -3.4
v -4.1 1 -3.4
v -4.1 1.1 -3.4
v -4 1 -3.4
v -4 1.1 -3.4
v -4 1.2 -3.4
v -3.9 1 -3.4
v -3.9 1.1 -3.4
v -3.9 1.2 -3.4
v -3.8 0.9 -3.4
v -3.8 1 -3.4
v -3.8 1.1 -3.4
v -3.6 0.9 -3.4
v -3.6 1 -3.4
v -3.6 1.1 -3.4
v -3.5 1 -3.4
v -3.5 1.1 -3.4
v -3.5 1.2 -3.4
v -3.4 1 -3.4
v -3.4 1.1 -3.4
v -3.4 1.2 -3.4
v -3.3 1 -3.4
v -3.3 1.1 -3.4
v -3.1 1.2 -3.4
v -3.1 1.3 -3.4
v -2.9 1.2 -3.4
v -2.9 1.3 -3.4
v -1.6 1.3 -3.4
v -1.6 1.4 -3.4
v -1.6 2.1 -3.4
v -1.6 2.2 -3.4
v -1.6 3 -3.4
v -1.6 3.1 -3.4
v -1.6 3.9 -3.4
v -1.6 4 -3.4
v -1.5 1 -3.4
v -1.5 1.1 -3.4
v -1.5 1.3 -3.4
v -1.5 1.4 -3.4
v -1.5 1.8 -3.4
v -1.5 1.9 -3.4
v -1.5 2.1 -3.4
v -1.5 2.2 -3.4
v -1.5 2.7 -3.4
v -1.5 2.8 -3.4
v -1.5 3 -3.4
v -1.5 3.1 -3.4
v -1.5 3.6 -3.4
v -1.5 3.7 -3.4
v -1.5 3.9 -3.4
v -1.5 4 -3.4
v -1.3 1 -3.4
v -1.3 1.1 -3.4
v -1.3 1.3 -3.4
v -1.3 1.4 -3.4
v -1.3 1.8 -3.4
v -1.3 1.9 -3.4
v -1.3 2.1 -3.4
v -1.3 2.2 -3.4
v -1.3 2.7 -3.4
v -1.3 2.8 -3.4
v -1.3 3 -3.4
v -1.3 3.1 -3.4
v -1.3 3.6 -3.4
v -1.3 3.7 -3.4
v -1.3 3.9 -3.4
v -1.3 4 -3.4
v -1.2 1.3 -3.4
v -1.2 1.4 -3.4
v -1.2 2.1 -3.4
v -1.2 2.2 -3.4
v -1.2 3 -3.4
v -1.2 3.1 -3.4
v -1.2 3.9 -3.4
v -1.2 4 -3.4
v -1 0.9 -3.4
v -1 1 -3.4
v -0.9 0.9 -3.4
v -0.9 1 -3.4
v -0.4 0 -3.4
v -0.4 0.3 -3.4
v -0.3 0 -3.4
v -0.3 0.3 -3.4
v -0.2 0.3 -3.4
v -0.2 0.4 -3.4
v -0.2 0.6 -3.4
v -0.2 0.7 -3.4
v -0.0999999 0.3 -3.4
v -0.0999999 0.4 -3.4
v -0.0999999 0.6 -3.4
v -0.0999999 0.7 -3.4
v -0.0999999 0.9 -3.4
v -0.0999999 1 -3.4
v 0 0.4 -3.4
v 0 0.6 -3.4
v 0.0999999 0.9 -3.4
v 0.0999999 1 -3.4
v -5.3 2.6 -3.5
v -5.3 2.7 -3.5
v -5.3 4.2 -3.5
v -5.3 4.3 -3.5
v -5.2 2.6 -3.5
v -5.2 2.7 -3.5
v -5.2 4.2 -3.5
v -5.2 4.3 -3.5
v -4.8 1.4 -3.5
v -4.8 1.5 -3.5
v -4.7 1.4 -3.5
v -4.7 1.5 -3.5
v -3.1 1.3 -3.5
v -3.1 1.4 -3.5
v -2.9 1.3 -3.5
v -2.9 1.4 -3.5
v -2.6 1.4 -3.5
v -2.6 1.5 -3.5
v -2.6 2.2 -3.5
v -2.6 2.3 -3.5
v -2.6 3.1 -3.5
v -2.6 3.2 -3.5
v -2.6 4 -3.5
v -2.6 4.1 -3.5
v -2.5 1.4 -3.5
v -2.5 1.5 -3.5
v -2.5 1.6 -3.5
v -2.5 2.3 -3.5
v -2.5 2.4 -3.5
v -2.5 3.1 -3.5
v -2.5 3.2 -3.5
v -2.5 3.3 -3.5
v -2.5 4.1 -3.5
v -2.5 4.2 -3.5
v -2.4 1.4 -3.5
v -2.4 1.5 -3.5
v -2.4 1.6 -3.5
v -2.4 1.7 -3.5
v -2.4 2.2 -3.5
v -2.4 2.3 -3.5
v -2.4 2.4 -3.5
v -2.4 2.5 -3.5
v -2.4 3.1 -3.5
v -2.4 3.2 -3.5
v -2.4 3.3 -3.5
v -2.4 3.4 -3.5
v -2.4 4 -3.5
v -2.4 4.1 -3.5
v -2.4 4.2 -3.5
v -2.4 4.3 -3.5
v -2.3 1.5 -3.5
v -2.3 1.6 -3.5
v -2.3 1.7 -3.5
v -2.3 1.8 -3.5
v -2.3 2.3 -3.5
v -2.3 2.4 -3.5
v -2.3 2.5 -3.5
v -2.3 2.6 -3.5
v -2.3 3.2 -3.5
v -2.3 3.3 -3.5
v -2.3 3.4 -3.5
v -2.3 3.5 -3.5
v -2.3 4.1 -3.5
v -2.3 4.2 -3.5
v -2.3 4.3 -3.5
v -2.3 4.4 -3.5
v -2.2 1.6 -3.5
v -2.2 1.7 -3.5
v -2.2 1.8 -3.5
v -2.2 2.4 -3.5
v -2.2 2.5 -3.5
v -2.2 2.6 -3.5
v -2.2 3.3 -3.5
v -2.2 3.5 -3.5
v -2.2 4.2 -3.5
v -2.2 4.4 -3.5
v -2.1 1.5 -3.5
v -2.1 1.6 -3.5
v -2.1 1.7 -3.5
v -2.1 1.8 -3.5
v -2.1 2.3 -3.5
v -2.1 2.4 -3.5
v -2.1 2.5 -3.5
v -2.1 2.6 -3.5
v -2.1 3.2 -3.5
v -2.1 3.3 -3.5
v -2.1 3.4 -3.5
v -2.1 3.5 -3.5
v -2.1 4.1 -3.5
v -2.1 4.2 -3.5
v -2.1 4.3 -3.5
v -2.1 4.4 -3.5
v -2 1.4 -3.5
v -2 1.5 -3.5
v -2 1.6 -3.5
v -2 1.7 -3.5
v -2 2.2 -3.5
v -2 2.3 -3.5
v -2 2.4 -3.5
v -2 2.5 -3.5
v -2 3.1 -3.5
v -2 3.2 -3.5
v -2 3.3 -3.5
v -2 3.4 -3.5
v -2 4 -3.5
v -2 4.1 -3.5
v -2 4.2 -3.5
v -2 4.3 -3.5
v -1.9 1.3 -3.5
v -1.9 1.4 -3.5
v -1.9 1.5 -3.5
v -1.9 1.6 -3.5
v -1.9 2.1 -3.5
v -1.9 2.2 -3.5
v -1.9 2.3 -3.5
v -1.9 2.4 -3.5
v -1.9 3 -3.5
v -1.9 3.1 -3.5
v -1.9 3.2 -3.5
v -1.9 3.3 -3.5
v -1.9 3.9 -3.5
v -1.9 4 -3.5
v -1.9 4.1 -3.5
v -1.9 4.2 -3.5
v -1.8 1.2 -3.5
v -1.8 1.3 -3.5
v -1.8 1.4 -3.5
v -1.8 1.5 -3.5
v -1.8 2 -3.5
v -1.8 2.1 -3.5
v -1.8 2.2 -3.5
v -1.8 2.3 -3.5
v -1.8 2.9 -3.5
v -1.8 3 -3.5
v -1.8 3.1 -3.5
v -1.8 3.2 -3.5
v -1.8 3.8 -3.5
v -1.8 3.9 -3.5
v -1.8 4 -3.5
v -1.8 4.1 -3.5
v -1.7 1.1 -3.5
v -1.7 1.2 -3.5
v -1.7 1.3 -3.5
v -1.7 1.4 -3.5
v -1.7 1.9 -3.5
v -1.7 2 -3.5
v -1.7 2.1 -3.5
v -1.7 2.2 -3.5
v -1.7 2.8 -3.5
v -1.7 2.9 -3.5
v -1.7 3 -3.5
v -1.7 3.1 -3.5
v -1.7 3.7 -3.5
v -1.7 3.8 -3.5
v -1.7 3.9 -3.5
v -1.7 4 -3.5
v -1.6 1 -3.5
v -1.6 1.1 -3.5
v -1.6 1.2 -3.5
v -1.6 1.3 -3.5
v -1.6 1.8 -3.5
v -1.6 1.9 -3.5
v -1.6 2 -3.5
v -1.6 2.1 -3.5
v -1.6 2.7 -3.5
v -1.6 2.8 -3.5
v -1.6 2.9 -3.5
v -1.6 3 -3.5
v -1.6 3.6 -3.5
v -1.6 3.7 -3.5
v -1.6 3.8 -3.5
v -1.6 3.9 -3.5
v -1.5 0.9 -3.5
v -1.5 1 -3.5
v -1.5 1.2 -3.5
v -1.5 1.3 -3.5
v -1.5 1.4 -3.5
v -1.5 1.8 -3.5
v -1.5 2 -3.5
v -1.5 2.1 -3.5
v -1.5 2.2 -3.5
v -1.5 2.7 -3.5
v -1.5 2.9 -3.5
v -1.5 3 -3.5
v -1.5 3.1 -3.5
v -1.5 3.6 -3.5
v -1.5 3.8 -3.5
v -1.5 3.9 -3.5
v -1.5 4 -3.5
v -1.3 0.9 -3.5
v -1.3 1 -3.5
v -1.3 1.2 -3.5
v -1.3 1.3 -3.5
v -1.3 1.4 -3.5
v -1.3 1.8 -3.5
v -1.3 2 -3.5
v -1.3 2.1 -3.5
v -1.3 2.2 -3.5
v -1.3 2.7 -3.5
v -1.3 2.9 -3.5
v -1.3 3 -3.5
v -1.3 3.1 -3.5
v -1.3 3.6 -3.5
v -1.3 3.8 -3.5
v -1.3 3.9 -3.5
v -1.3 4 -3.5
v -1.2 1 -3.5
v -1.2 1.1 -3.5
v -1.2 1.2 -3.5
v -1.2 1.3 -3.5
v -1.2 1.8 -3.5
v -1.2 1.9 -3.5
v -1.2 2 -3.5
v -1.2 2.1 -3.5
v -1.2 2.7 -3.5
v -1.2 2.8 -3.5
v -1.2 2.9 -3.5
v -1.2 3 -3.5
v -1.2 3.6 -3.5
v -1.2 3.7 -3.5
v -1.2 3.8 -3.5
v -1.2 3.9 -3.5
v -1.1 1.1 -3.5
v -1.1 1.2 -3.5
v -1.1 1.3 -3.5
v -1.1 1.4 -3.5
v -1.1 1.9 -3.5
v -1.1 2 -3.5
v -1.1 2.1 -3.5
v -1.1 2.2 -3.5
v -1.1 2.8 -3.5
v -1.1 2.9 -3.5
v -1.1 3 -3.5
v -1.1 3.1 -3.5
v -1.1 3.7 -3.5
v -1.1 3.8 -3.5
v -1.1 3.9 -3.5
v -1.1 4 -3.5
v -1 1.2 -3.5
v -1 1.3 -3.5
v -1 1.4 -3.5
v -1 1.5 -3.5
v -1 2 -3.5
v -1 2.1 -3.5
v -1 2.2 -3.5
v -1 2.3 -3.5
v -1 2.9 -3.5
v -1 3 -3.5
v -1 3.1 -3.5
v -1 3.2 -3.5
v -1 3.8 -3.5
v -1 3.9 -3.5
v -1 4 -3.5
v -1 4.1 -3.5
v -0.9 1.3 -3.5
v -0.9 1.4 -3.5
v -0.9 1.5 -3.5
v -0.9 1.6 -3.5
v -0.9 2.1 -3.5
v -0.9 2.2 -3.5
v -0.9 2.3 -3.5
v -0.9 2.4 -3.5
v -0.9 3 -3.5
v -0.9 3.1 -3.5
v -0.9 3.2 -3.5
v -0.9 3.3 -3.5
v -0.9 3.9 -3.5
v -0.9 4 -3.5
v -0.9 4.1 -3.5
v -0.9 4.2 -3.5
v -0.8 0.9 -3.5
v -0.8 1 -3.5
v -0.8 1.4 -3.5
v -0.8 1.5 -3.5
v -0.8 1.6 -3.5
v -0.8 1.7 -3.5
v -0.8 2.2 -3.5
v -0.8 2.3 -3.5
v -0.8 2.4 -3.5
v -0.8 2.5 -3.5
v -0.8 3.1 -3.5
v -0.8 3.2 -3.5
v -0.8 3.3 -3.5
v -0.8 3.4 -3.5
v -0.8 4 -3.5
v -0.8 4.1 -3.5
v -0.8 4.2 -3.5
v -0.8 4.3 -3.5
v -0.7 0.9 -3.5
v -0.7 1 -3.5
v -0.7 1.5 -3.5
v -0.7 1.6 -3.5
v -0.7 1.7 -3.5
v -0.7 1.8 -3.5
v -0.7 2.3 -3.5
v -0.7 2.4 -3.5
v -0.7 2.5 -3.5
v -0.7 2.6 -3.5
v -0.7 3.2 -3.5
v -0.7 3.3 -3.5
v -0.7 3.4 -3.5
v -0.7 3.5 -3.5
v -0.7 4.1 -3.5
v -0.7 4.2 -3.5
v -0.7 4.3 -3.5
v -0.7 4.4 -3.5
v -0.5 1.5 -3.5
v -0.5 1.6 -3.5
v -0.5 1.7 -3.5
v -0.5 1.8 -3.5
v -0.5 2.3 -3.5
v -0.5 2.4 -3.5
v -0.5 2.5 -3.5
v -0.5 2.6 -3.5
v -0.5 3.2 -3.5
v -0.5 3.3 -3.5
v -0.5 3.4 -3.5
v -0.5 3.5 -3.5
v -0.5 4.1 -3.5
v -0.5 4.2 -3.5
v -0.5 4.3 -3.5
v -0.5 4.4 -3.5
v -0.4 1.4 -3.5
v -0.4 1.5 -3.5
v -0.4 1.6 -3.5
v -0.4 1.7 -3.5
v -0.4 2.2 -3.5
v -0.4 2.3 -3.5
v -0.4 2.4 -3.5
v -0.4 2.5 -3.5
v -0.4 3.1 -3.5
v -0.4 3.2 -3.5
v -0.4 3.3 -3.5
v -0.4 3.4 -3.5
v -0.4 4 -3.5
v -0.4 4.1 -3.5
v -0.4 4.2 -3.5
v -0.4 4.3 -3.5
v -0.3 0 -3.5
v -0.3 0.3 -3.5
v -0.3 1.5 -3.5
v -0.3 1.6 -3.5
v -0.3 2.2 -3.5
v -0.3 2.3 -3.5
v -0.3 2.4 -3.5
v -0.3 3.2 -3.5
v -0.3 3.3 -3.5
v -0.3 4.1 -3.5
v -0.3 4.2 -3.5
v -0.2 0 -3.5
v -0.2 0.3 -3.5
v -0.2 0.9 -3.5
v -0.2 1 -3.5
v -0.2 1.4 -3.5
v -0.2 1.5 -3.5
v -0.2 2.2 -3.5
v -0.2 2.3 -3.5
v -0.2 3.1 -3.5
v -0.2 3.2 -3.5
v -0.2 4 -3.5
v -0.2 4.1 -3.5
v -0.0999999 0.3 -3.5
v -0.0999999 0.4 -3.5
v -0.0999999 0.6 -3.5
v -0.0999999 0.7 -3.5
v -0.0999999 0.9 -3.5
v -0.0999999 1 -3.5
v 0 0.3 -3.5
v 0 0.4 -3.5
v 0 0.6 -3.5
v 0 0.7 -3.5
v 0.0999999 0.4 -3.5
v 0.0999999 0.6 -3.5
v -4.7 1.4 -3.6
v -4.7 1.5 -3.6
v -4.6 1.4 -3.6
v -4.6 1.5 -3.6
v -3.8 1 -3.6
v -3.8 1.1 -3.6
v -3.6 1 -3.6
v -3.6 1.1 -3.6
v -3.1 1.4 -3.6
v -3.1 1.5 -3.6
v -2.9 1.4 -3.6
v -2.9 1.5 -3.6
v -0.2 0 -3.6
v -0.2 0.3 -3.6
v -0.0999999 0 -3.6
v -0.0999999 0.3 -3.6
v 0 0.3 -3.6
v 0 0.4 -3.6
v 0 0.6 -3.6
v 0 0.7 -3.6
v 0.0999999 0.3 -3.6
v 0.0999999 0.4 -3.6
v 0.0999999 0.6 -3.6
v 0.0999999 0.7 -3.6
v 0.2 0.4 -3.6
v 0.2 0.6 -3.6
v 0.2 1.4 -3.6
v 0.2 1.5 -3.6
v 0.4 1.4 -3.6
v 0.4 1.5 -3.6
v -4.8 1.3 -3.7
v -4.8 1.4 -3.7
v -4.7 1.5 -3.7
v -4.7 1.6 -3.7
v -4.6 1.3 -3.7
v -4.6 1.4 -3.7
v -4.6 1.5 -3.7
v -4.6 1.6 -3.7
v -3.8 1.1 -3.7
v -3.8 1.2 -3.7
v -3.6 1.1 -3.7
v -3.6 1.2 -3.7
v -1.6 1.3 -3.7
v -1.6 1.4 -3.7
v -1.6 2.1 -3.7
v -1.6 2.2 -3.7
v -1.6 3 -3.7
v -1.6 3.1 -3.7
v -1.6 3.9 -3.7
v -1.6 4 -3.7
v -1.5 1.3 -3.7
v -1.5 1.4 -3.7
v -1.5 2.1 -3.7
v -1.5 2.2 -3.7
v -1.5 3 -3.7
v -1.5 3.1 -3.7
v -1.5 3.9 -3.7
v -1.5 4 -3.7
v -1.3 1.3 -3.7
v -1.3 1.4 -3.7
v -1.3 2.1 -3.7
v -1.3 2.2 -3.7
v -1.3 3 -3.7
v -1.3 3.1 -3.7
v -1.3 3.9 -3.7
v -1.3 4 -3.7
v -1.2 1.3 -3.7
v -1.2 1.4 -3.7
v -1.2 2.1 -3.7
v -1.2 2.2 -3.7
v -1.2 3 -3.7
v -1.2 3.1 -3.7
v -1.2 3.9 -3.7
v -1.2 4 -3.7
v -0.0999999 0 -3.7
v -0.0999999 0.3 -3.7
v 0 0 -3.7
v 0 0.3 -3.7
v 0.0999999 0.3 -3.7
v 0.0999999 0.4 -3.7
v 0.0999999 0.6 -3.7
v 0.0999999 0.7 -3.7
v 0.2 0.3 -3.7
v 0.2 0.4 -3.7
v 0.2 0.6 -3.7
v 0.2 0.7 -3.7
v 0.2 1.5 -3.7
v 0.2 1.6 -3.7
v 0.3 0.4 -3.7
v 0.3 0.6 -3.7
v 0.4 1.5 -3.7
v 0.4 1.6 -3.7
v -4.8 1.4 -3.8
v -4.8 1.5 -3.8
v -4.7 1.4 -3.8
v -4.7 1.5 -3.8
v -4.6 1.5 -3.8
v -4.6 1.6 -3.8
v -4.5 1.5 -3.8
v -4.5 1.6 -3.8
v -4.4 0.9 -3.8
v -4.4 1 -3.8
v -4.3 0.9 -3.8
v -4.3 1 -3.8
v -3.8 1 -3.8
v -3.8 1.1 -3.8
v -3.6 1 -3.8
v -3.6 1.1 -3.8
v -2.3 1.3 -3.8
v -2.3 1.4 -3.8
v -2.1 1.3 -3.8
v -2.1 1.4 -3.8
v -1.7 1.4 -3.8
v -1.7 1.5 -3.8
v -1.7 2.2 -3.8
v -1.7 2.3 -3.8
v -1.7 3.1 -3.8
v -1.7 3.2 -3.8
v -1.7 4 -3.8
v -1.7 4.1 -3.8
v -1.6 1.4 -3.8
v -1.6 1.5 -3.8
v -1.6 2.2 -3.8
v -1.6 2.3 -3.8
v -1.6 3.1 -3.8
v -1.6 3.2 -3.8
v -1.6 4 -3.8
v -1.6 4.1 -3.8
v -1.5 1.2 -3.8
v -1.5 1.3 -3.8
v -1.5 2 -3.8
v -1.5 2.1 -3.8
v -1.5 2.9 -3.8
v -1.5 3 -3.8
v -1.5 3.8 -3.8
v -1.5 3.9 -3.8
v -1.3 1.2 -3.8
v -1.3 1.3 -3.8
v -1.3 2 -3.8
v -1.3 2.1 -3.8
v -1.3 2.9 -3.8
v -1.3 3 -3.8
v -1.3 3.8 -3.8
v -1.3 3.9 -3.8
v -1.2 1.4 -3.8
v -1.2 1.5 -3.8
v -1.2 2.2 -3.8
v -1.2 2.3 -3.8
v -1.2 3.1 -3.8
v -1.2 3.2 -3.8
v -1.2 4 -3.8
v -1.2 4.1 -3.8
v -1.1 1.4 -3.8
v -1.1 1.5 -3.8
v -1.1 2.2 -3.8
v -1.1 2.3 -3.8
v -1.1 3.1 -3.8
v -1.1 3.2 -3.8
v -1.1 4 -3.8
v -1.1 4.1 -3.8
v 0 0 -3.8
v 0 0.3 -3.8
v 0.0999999 0 -3.8
v 0.0999999 0.3 -3.8
v 0.2 0.3 -3.8
v 0.2 0.4 -3.8
v 0.2 0.6 -3.8
v 0.2 0.7 -3.8
v 0.2 1.6 -3.8
v 0.2 1.7 -3.8
v 0.3 0.3 -3.8
v 0.3 0.4 -3.8
v 0.3 0.6 -3.8
v 0.3 0.7 -3.8
v 0.3 1.6 -3.8
v 0.3 1.7 -3.8
v 0.4 0.4 -3.8
v 0.4 0.6 -3.8
v 0.4 1.6 -3.8
v 0.4 1.7 -3.8
v -4.8 1.2 -3.9
v -4.8 1.3 -3.9
v -4.6 1.2 -3.9
v -4.6 1.3 -3.9
v -4.5 0.9 -3.9
v -4.5 1 -3.9
v -4.4 0.9 -3.9
v -4.4 1 -3.9
v -3.9 1.2 -3.9
v -3.9 1.3 -3.9
v -3.7 1.2 -3.9
v -3.7 1.3 -3.9
v -2.3 1.2 -3.9
v -2.3 1.3 -3.9
v -2.1 1.2 -3.9
v -2.1 1.3 -3.9
v -1.8 1.3 -3.9
v -1.8 1.4 -3.9
v -1.8 2.1 -3.9
v -1.8 2.2 -3.9
v -1.8 3 -3.9
v -1.8 3.1 -3.9
v -1.8 3.9 -3.9
v -1.8 4 -3.9
v -1.7 1.3 -3.9
v -1.7 1.4 -3.9
v -1.7 2.1 -3.9
v -1.7 2.2 -3.9
v -1.7 3 -3.9
v -1.7 3.1 -3.9
v -1.7 3.9 -3.9
v -1.7 4 -3.9
v -1.5 1.3 -3.9
v -1.5 1.4 -3.9
v -1.5 2.1 -3.9
v -1.5 2.2 -3.9
v -1.5 3 -3.9
v -1.5 3.1 -3.9
v -1.5 3.9 -3.9
v -1.5 4 -3.9
v -1.3 1.3 -3.9
v -1.3 1.4 -3.9
v -1.3 2.1 -3.9
v -1.3 2.2 -3.9
v -1.3 3 -3.9
v -1.3 3.1 -3.9
v -1.3 3.9 -3.9
v -1.3 4 -3.9
v -1.1 1.3 -3.9
v -1.1 1.4 -3.9
v -1.1 2.1 -3.9
v -1.1 2.2 -3.9
v -1.1 3 -3.9
v -1.1 3.1 -3.9
v -1.1 3.9 -3.9
v -1.1 4 -3.9
v -1 1.3 -3.9
v -1 1.4 -3.9
v -1 2.1 -3.9
v -1 2.2 -3.9
v -1 3 -3.9
v -1 3.1 -3.9
v -1 3.9 -3.9
v -1 4 -3.9
v 0.0999999 0 -3.9
v 0.0999999 0.3 -3.9
v 0.2 0 -3.9
v 0.2 0.3 -3.9
v 0.2 1.7 -3.9
v 0.2 1.8 -3.9
v 0.3 0.3 -3.9
v 0.3 0.4 -3.9
v 0.3 0.6 -3.9
v 0.3 0.7 -3.9
v 0.3 1.7 -3.9
v 0.4 0.3 -3.9
v 0.4 0.4 -3.9
v 0.4 0.6 -3.9
v 0.4 0.7 -3.9
v 0.4 1.7 -3.9
v 0.4 1.8 -3.9
v 0.5 0.4 -3.9
v 0.5 0.6 -3.9
v -5.4 0.9 -4
v -5.4 1 -4
v -5.1 0.9 -4
v -5.1 1 -4
v -5 0.8 -4
v -5 0.9 -4
v -4.9 0.8 -4
v -4.9 0.9 -4
v -4.8 1.1 -4
v -4.8 1.2 -4
v -4.6 1.1 -4
v -4.6 1.2 -4
v -3.9 1.1 -4
v -3.9 1.2 -4
v -3.7 1.1 -4
v -3.7 1.2 -4
v -2.3 1.1 -4
v -2.3 1.2 -4
v -2.1 1.1 -4
v -2.1 1.2 -4
v -1.5 1.4 -4
v -1.5 1.5 -4
v -1.5 2.2 -4
v -1.5 2.3 -4
v -1.5 3.1 -4
v -1.5 3.2 -4
v -1.5 4 -4
v -1.5 4.1 -4
v -1.3 1.4 -4
v -1.3 1.5 -4
v -1.3 2.2 -4
v -1.3 2.3 -4
v -1.3 3.1 -4
v -1.3 3.2 -4
v -1.3 4 -4
v -1.3 4.1 -4
v 0.2 0 -4
v 0.2 0.3 -4
v 0.3 0 -4
v 0.3 0.3 -4
v 0.4 0.3 -4
v 0.4 0.4 -4
v 0.4 0.6 -4
v 0.4 0.7 -4
v 0.4 0.9 -4
v 0.4 1 -4
v 0.5 0.3 -4
v 0.5 0.4 -4
v 0.5 0.6 -4
v 0.5 0.7 -4
v 0.5 0.9 -4
v 0.5 1 -4
v 0.6 0.4 -4
v 0.6 0.6 -4
v -4.8 1 -4.1
v -4.8 1.1 -4.1
v -4.6 1 -4.1
v -4.6 1.1 -4.1
v -3.9 1 -4.1
v -3.9 1.1 -4.1
v -3.7 1 -4.1
v -3.7 1.1 -4.1
v -3 0.9 -4.1
v -3 1 -4.1
v -2.9 0.9 -4.1
v -2.9 1 -4.1
v -2.3 1 -4.1
v -2.3 1.1 -4.1
v -2.1 1 -4.1
v -2.1 1.1 -4.1
v -1.5 1.5 -4.1
v -1.5 1.6 -4.1
v -1.5 2.3 -4.1
v -1.5 2.4 -4.1
v -1.5 3.2 -4.1
v -1.5 3.3 -4.1
v -1.5 4.1 -4.1
v -1.5 4.2 -4.1
v -1.3 1.5 -4.1
v -1.3 1.6 -4.1
v -1.3 2.3 -4.1
v -1.3 2.4 -4.1
v -1.3 3.2 -4.1
v -1.3 3.3 -4.1
v -1.3 4.1 -4.1
v -1.3 4.2 -4.1
v 0.2 1.5 -4.1
v 0.2 1.6 -4.1
v 0.3 0 -4.1
v 0.3 0.3 -4.1
v 0.4 0 -4.1
v 0.4 0.3 -4.1
v 0.4 1.5 -4.1
v 0.4 1.6 -4.1
v 0.5 0.3 -4.1
v 0.5 0.4 -4.1
v 0.5 0.6 -4.1
v 0.5 0.7 -4.1
v 0.5 0.9 -4.1
v 0.5 1 -4.1
v 0.6 0.3 -4.1
v 0.6 0.4 -4.1
v 0.6 0.6 -4.1
v 0.6 0.7 -4.1
v 0.6 0.9 -4.1
v 0.6 1 -4.1
v 0.7 0.4 -4.1
v 0.7 0.6 -4.1
v -5.3 1.3 -4.2
v -5.3 1.4 -4.2
v -5.2 1.3 -4.2
v -5.2 1.4 -4.2
v -5.1 1.2 -4.2
v -5.1 1.3 -4.2
v -5 1.2 -4.2
v -5 1.4 -4.2
v -4.9 1 -4.2
v -4.9 1.2 -4.2
v -4.8 0.9 -4.2
v -4.8 1 -4.2
v -4.8 1.2 -4.2
v -4.6 0.9 -4.2
v -4.6 1 -4.2
v -4.6 1.2 -4.2
v -4.5 1 -4.2
v -4.5 1.1 -4.2
v -4.5 1.2 -4.2
v -4.5 1.3 -4.2
v -4.4 1.1 -4.2
v -4.4 1.2 -4.2
v -4.4 1.3 -4.2
v -4.4 1.4 -4.2
v -4.3 1.2 -4.2
v -4.3 1.3 -4.2
v -4.3 1.4 -4.2
v -4.3 1.5 -4.2
v -4.2 1.2 -4.2
v -4.2 1.3 -4.2
v -4.2 1.4 -4.2
v -4.2 1.5 -4.2
v -4.1 1.1 -4.2
v -4.1 1.2 -4.2
v -4 1 -4.2
v -4 1.1 -4.2
v -4 1.2 -4.2
v -4 1.3 -4.2
v -3.9 0.9 -4.2
v -3.9 1 -4.2
v -3.9 1.2 -4.2
v -3.7 0.9 -4.2
v -3.7 1 -4.2
v -3.7 1.2 -4.2
v -3.6 1 -4.2
v -3.6 1.1 -4.2
v -3.6 1.2 -4.2
v -3.6 1.3 -4.2
v -3.5 1.1 -4.2
v -3.5 1.2 -4.2
v -3.4 1.2 -4.2
v -3.4 1.3 -4.2
v -2.7 1.3 -4.2
v -2.7 1.4 -4.2
v -2.6 1.2 -4.2
v -2.6 1.3 -4.2
v -2.5 1.1 -4.2
v -2.5 1.2 -4.2
v -2.5 1.3 -4.2
v -2.5 1.4 -4.2
v -2.4 1 -4.2
v -2.4 1.1 -4.2
v -2.4 1.2 -4.2
v -2.4 1.3 -4.2
v -2.3 0.9 -4.2
v -2.3 1 -4.2
v -2.3 1.2 -4.2
v -2.1 0.9 -4.2
v -2.1 1 -4.2
v -2.1 1.2 -4.2
v -2 1 -4.2
v -2 1.1 -4.2
v -2 1.2 -4.2
v -2 1.3 -4.2
v -1.9 1.1 -4.2
v -1.9 1.2 -4.2
v -1.9 1.3 -4.2
v -1.9 1.4 -4.2
v -1.8 1.2 -4.2
v -1.8 1.3 -4.2
v -1.7 1.3 -4.2
v -1.7 1.4 -4.2
v -1.5 1.6 -4.2
v -1.5 1.7 -4.2
v -1.5 2.4 -4.2
v -1.5 2.5 -4.2
v -1.5 3.3 -4.2
v -1.5 3.4 -4.2
v -1.5 4.2 -4.2
v -1.5 4.3 -4.2
v -1.3 1.6 -4.2
v -1.3 1.7 -4.2
v -1.3 2.4 -4.2
v -1.3 2.5 -4.2
v -1.3 3.3 -4.2
v -1.3 3.4 -4.2
v -1.3 4.2 -4.2
v -1.3 4.3 -4.2
v 0.2 1.4 -4.2
v 0.2 1.5 -4.2
v 0.3 0.9 -4.2
v 0.3 1 -4.2
v 0.4 0.9 -4.2
v 0.4 1 -4.2
v 0.4 1.4 -4.2
v 0.4 1.5 -4.2
v -5.2 1.4 -4.3
v -5.2 1.5 -4.3
v -5.1 1.4 -4.3
v -5.1 1.5 -4.3
v -5 1.1 -4.3
v -5 1.2 -4.3
v -5 1.3 -4.3
v -4.9 1.1 -4.3
v -4.9 1.2 -4.3
v -4.9 1.3 -4.3
v -4.2 1.3 -4.3
v -4.2 1.4 -4.3
v -4.1 1.3 -4.3
v -4.1 1.4 -4.3
v -2.9 1.5 -4.3
v -2.9 1.6 -4.3
v -2.7 1.5 -4.3
v -2.7 1.6 -4.3
v -1.5 1.7 -4.3
v -1.5 1.8 -4.3
v -1.5 2.5 -4.3
v -1.5 2.6 -4.3
v -1.5 3.4 -4.3
v -1.5 3.5 -4.3
v -1.5 4.3 -4.3
v -1.5 4.4 -4.3
v -1.3 1.7 -4.3
v -1.3 1.8 -4.3
v -1.3 2.5 -4.3
v -1.3 2.6 -4.3
v -1.3 3.4 -4.3
v -1.3 3.5 -4.3
v -1.3 4.3 -4.3
v -1.3 4.4 -4.3
v -1.1 0.9 -4.3
v -1.1 1 -4.3
v -0.9 0.9 -4.3
v -0.9 1 -4.3
v -0.4 0.9 -4.3
v -0.4 1 -4.3
v -0.3 0.9 -4.3
v -0.3 1 -4.3
v 0.2 1.3 -4.3
v 0.2 1.4 -4.3
v 0.4 1.3 -4.3
v 0.4 1.4 -4.3
v -4.8 1.1 -4.4
v -4.8 1.2 -4.4
v -4.6 1.1 -4.4
v -4.6 1.2 -4.4
v -3.9 1.1 -4.4
v -3.9 1.2 -4.4
v -3.7 1.1 -4.4
v -3.7 1.2 -4.4
v -3 1.4 -4.4
v -3 1.5 -4.4
v -2.9 1.5 -4.4
v -2.8 1.4 -4.4
v -2.8 1.5 -4.4
v -2.3 1.1 -4.4
v -2.3 1.2 -4.4
v -2.1 1.1 -4.4
v -2.1 1.2 -4.4
v -1.2 0.9 -4.4
v -1.2 1 -4.4
v -1.1 0.9 -4.4
v -1.1 1 -4.4
v -0.5 0.9 -4.4
v -0.5 1 -4.4
v -0.4 0.9 -4.4
v -0.4 1 -4.4
v -0.0999999 1.3 -4.4
v -0.0999999 1.4 -4.4
v 0 1.3 -4.4
v 0 1.4 -4.4
v 0.2 1.2 -4.4
v 0.2 1.3 -4.4
v 0.4 1.2 -4.4
v 0.4 1.3 -4.4
v 0.6 1.3 -4.4
v 0.6 1.4 -4.4
v 0.7 1.3 -4.4
v 0.7 1.4 -4.4
v -4.8 1.2 -4.5
v -4.8 1.3 -4.5
v -4.6 1.2 -4.5
v -4.6 1.3 -4.5
v -3.9 1.2 -4.5
v -3.9 1.3 -4.5
v -3.7 1.2 -4.5
v -3.7 1.3 -4.5
v -3 1.3 -4.5
v -3 1.4 -4.5
v -2.9 1.3 -4.5
v -2.9 1.4 -4.5
v -2.6 1.9 -4.5
v -2.6 2 -4.5
v -2.5 1.9 -4.5
v -2.5 2 -4.5
v -2.3 1.2 -4.5
v -2.3 1.3 -4.5
v -2.1 1.2 -4.5
v -2.1 1.3 -4.5
v -1.4 1.5 -4.5
v -1.4 1.6 -4.5
v -1.4 2.3 -4.5
v -1.4 2.4 -4.5
v -1.4 3.2 -4.5
v -1.4 3.3 -4.5
v -1.4 4.1 -4.5
v -1.4 4.2 -4.5
v -1.3 1.5 -4.5
v -1.3 1.6 -4.5
v -1.3 2.3 -4.5
v -1.3 2.4 -4.5
v -1.3 3.2 -4.5
v -1.3 3.3 -4.5
v -1.3 4.1 -4.5
v -1.3 4.2 -4.5
v -1 0.9 -4.5
v -1 1 -4.5
v -0.9 0.9 -4.5
v -0.9 1 -4.5
v -0.6 0.9 -4.5
v -0.6 1 -4.5
v -0.5 0.9 -4.5
v -0.5 1 -4.5
v 0 1.4 -4.5
v 0 1.5 -4.5
v 0.0999999 1.4 -4.5
v 0.0999999 1.5 -4.5
v 0.2 1.1 -4.5
v 0.2 1.2 -4.5
v 0.4 1.1 -4.5
v 0.4 1.2 -4.5
v 0.5 1.4 -4.5
v 0.5 1.5 -4.5
v 0.6 1.4 -4.5
v 0.6 1.5 -4.5
v -4.8 1.3 -4.6
v -4.8 1.4 -4.6
v -4.6 1.3 -4.6
v -4.6 1.4 -4.6
v -3.4 0.9 -4.6
v -3.4 1 -4.6
v -3.2 0.9 -4.6
v -3.2 1 -4.6
v -3 1.2 -4.6
v -3 1.3 -4.6
v -2.9 1.2 -4.6
v -2.9 1.3 -4.6
v -2.6 1.8 -4.6
v -2.6 1.9 -4.6
v -2.5 1.8 -4.6
v -2.5 1.9 -4.6
v -2.3 1.3 -4.6
v -2.3 1.4 -4.6
v -2.1 1.3 -4.6
v -2.1 1.4 -4.6
v -1.5 1.4 -4.6
v -1.5 1.5 -4.6
v -1.5 1.6 -4.6
v -1.5 2.2 -4.6
v -1.5 2.3 -4.6
v -1.5 2.4 -4.6
v -1.5 3.1 -4.6
v -1.5 3.2 -4.6
v -1.5 3.3 -4.6
v -1.5 4 -4.6
v -1.5 4.1 -4.6
v -1.5 4.2 -4.6
v -1.4 1.5 -4.6
v -1.4 1.6 -4.6
v -1.4 2.3 -4.6
v -1.4 2.4 -4.6
v -1.4 3.2 -4.6
v -1.4 3.3 -4.6
v -1.4 4.1 -4.6
v -1.4 4.2 -4.6
v -1.3 1.4 -4.6
v -1.3 1.5 -4.6
v -1.3 2.2 -4.6
v -1.3 2.3 -4.6
v -1.3 3.1 -4.6
v -1.3 3.2 -4.6
v -1.3 4 -4.6
v -1.3 4.1 -4.6
v 0.0999999 1.3 -4.6
v 0.0999999 1.4 -4.6
v 0.2 1 -4.6
v 0.2 1.1 -4.6
v 0.2 1.3 -4.6
v 0.2 1.4 -4.6
v 0.4 1 -4.6
v 0.4 1.1 -4.6
v 0.4 1.3 -4.6
v 0.4 1.4 -4.6
v 0.5 1.3 -4.6
v 0.5 1.4 -4.6
v -4.8 1.4 -4.7
v -4.8 1.5 -4.7
v -4.6 1.4 -4.7
v -4.6 1.5 -4.7
v -4.5 0.9 -4.7
v -4.5 1 -4.7
v -4.1 0.9 -4.7
v -4.1 1 -4.7
v -3.6 1.6 -4.7
v -3.6 1.7 -4.7
v -3.5 1.5 -4.7
v -3.5 1.6 -4.7
v -3.4 1.5 -4.7
v -3.4 1.7 -4.7
v -2.7 1.7 -4.7
v -2.7 1.8 -4.7
v -2.6 1.8 -4.7
v -2.5 1.7 -4.7
v -2.5 1.8 -4.7
v -0.9 1.4 -4.7
v -0.9 1.5 -4.7
v -0.8 1.5 -4.7
v -0.8 1.6 -4.7
v -0.7 1.4 -4.7
v -0.7 1.5 -4.7
v -0.7 1.6 -4.7
v -0.7 1.7 -4.7
v -0.6 1.5 -4.7
v -0.6 1.6 -4.7
v -0.6 1.7 -4.7
v -0.6 1.8 -4.7
v -0.5 1.6 -4.7
v -0.5 1.8 -4.7
v -0.4 1.5 -4.7
v -0.4 1.6 -4.7
v -0.4 1.7 -4.7
v -0.4 1.8 -4.7
v -0.3 1.4 -4.7
v -0.3 1.5 -4.7
v -0.3 1.6 -4.7
v -0.3 1.7 -4.7
v -0.2 1.3 -4.7
v -0.2 1.4 -4.7
v -0.2 1.5 -4.7
v -0.2 1.6 -4.7
v -0.0999999 1.2 -4.7
v -0.0999999 1.3 -4.7
v -0.0999999 1.4 -4.7
v -0.0999999 1.5 -4.7
v 0 1.1 -4.7
v 0 1.2 -4.7
v 0 1.3 -4.7
v 0 1.4 -4.7
v 0.0999999 1 -4.7
v 0.0999999 1.1 -4.7
v 0.0999999 1.2 -4.7
v 0.0999999 1.3 -4.7
v 0.2 0.9 -4.7
v 0.2 1 -4.7
v 0.2 1.2 -4.7
v 0.2 1.3 -4.7
v 0.4 0.9 -4.7
v 0.4 1 -4.7
v 0.4 1.2 -4.7
v 0.4 1.3 -4.7
v 0.5 1 -4.7
v 0.5 1.1 -4.7
v 0.5 1.2 -4.7
v 0.5 1.3 -4.7
v 0.6 1.1 -4.7
v 0.6 1.2 -4.7
v 0.6 1.3 -4.7
v 0.6 1.4 -4.7
v 0.7 1.2 -4.7
v 0.7 1.3 -4.7
v 0.7 1.4 -4.7
v 0.7 1.5 -4.7
v 0.8 1.3 -4.7
v 0.8 1.4 -4.7
v 0.8 1.5 -4.7
v 0.8 1.6 -4.7
v 0.9 1.4 -4.7
v 0.9 1.5 -4.7
v 0.9 1.6 -4.7
v 0.9 1.7 -4.7
v 1 1.5 -4.7
v 1 1.6 -4.7
v 1 1.7 -4.7
v 1 1.8 -4.7
v 1.2 1.5 -4.7
v 1.2 1.6 -4.7
v 1.2 1.7 -4.7
v 1.2 1.8 -4.7
v 1.3 1.4 -4.7
v 1.3 1.5 -4.7
v 1.3 1.6 -4.7
v 1.3 1.7 -4.7
v 1.4 1.5 -4.7
v 1.4 1.6 -4.7
v 1.5 1.4 -4.7
v 1.5 1.5 -4.7
v -3.4 1.4 -4.8
v -3.4 1.5 -4.8
v -3.4 1.6 -4.8
v -3.3 1.3 -4.8
v -3.3 1.4 -4.8
v -3.3 1.5 -4.8
v -3.3 1.6 -4.8
v -3.2 1.2 -4.8
v -3.2 1.3 -4.8
v -3.2 1.4 -4.8
v -3.2 1.5 -4.8
v -3.1 1.3 -4.8
v -3.1 1.4 -4.8
v -3 0.9 -4.8
v -3 1.2 -4.8
v -3 1.3 -4.8
v -3 1.5 -4.8
v -2.9 0.9 -4.8
v -2.9 1.2 -4.8
v -2.9 1.3 -4.8
v -2.9 1.4 -4.8
v -2.9 1.5 -4.8
v -2.9 1.6 -4.8
v -2.8 1.4 -4.8
v -2.8 1.5 -4.8
v -2.8 1.6 -4.8
v -2.8 1.7 -4.8
v -2.7 1.1 -4.8
v -2.7 1.2 -4.8
v -2.7 1.5 -4.8
v -2.7 1.6 -4.8
v -2.7 1.7 -4.8
v -2.6 1.2 -4.8
v -2.6 1.3 -4.8
v -2.6 1.6 -4.8
v -2.6 1.7 -4.8
v -2.5 1.1 -4.8
v -2.5 1.2 -4.8
v -3.1 1.3 -4.9
v -3.1 1.4 -4.9
v -3 1.3 -4.9
v -3 1.4 -4.9
v 0.0999999 1.3 -4.9
v 0.0999999 1.4 -4.9
v 0.2 1.3 -4.9
v 0.2 1.4 -4.9
v 0.4 1.3 -4.9
v 0.4 1.4 -4.9
v 0.5 1.3 -4.9
v 0.5 1.4 -4.9
v -5.5 0.9 -5
v -5.5 1 -5
v -3.1 1.4 -5
v -3.1 1.5 -5
v -3 1.4 -5
v -3 1.5 -5
v 0 1.4 -5
v 0 1.5 -5
v 0.0999999 1.4 -5
v 0.0999999 1.5 -5
v 0.2 1 -5
v 0.2 1.2 -5
v 0.2 1.3 -5
v 0.4 1 -5
v 0.4 1.2 -5
v 0.4 1.3 -5
v 0.5 1.4 -5
v 0.5 1.5 -5
v 0.6 1.4 -5
v 0.6 1.5 -5
v 0.9 0.9 -5
v 0.9 1 -5
v -3 1.4 -5.1
v -3 1.5 -5.1
v -2.9 1.4 -5.1
v -2.9 1.5 -5.1
v -0.0999999 1.3 -5.1
v -0.0999999 1.4 -5.1
v 0 1.3 -5.1
v 0 1.4 -5.1
v 0.2 1.3 -5.1
v 0.2 1.4 -5.1
v 0.4 1.3 -5.1
v 0.4 1.4 -5.1
v 0.6 1.3 -5.1
v 0.6 1.4 -5.1
v 0.7 1.3 -5.1
v 0.7 1.4 -5.1
v -3 1.5 -5.2
v -3 1.6 -5.2
v -2.9 1.5 -5.2
v -2.9 1.6 -5.2
v 0.2 1.4 -5.2
v 0.2 1.5 -5.2
v 0.4 1.4 -5.2
v 0.4 1.5 -5.2
v -2.9 1.5 -5.3
v -2.9 1.6 -5.3
v -2.8 1.5 -5.3
v -2.8 1.6 -5.3
v 0.2 1.5 -5.3
v 0.2 1.6 -5.3
v 0.4 1.5 -5.3
v 0.4 1.6 -5.3
v 0.2 1.6 -5.4
v 0.2 1.7 -5.4
v 0.4 1.6 -5.4
v 0.4 1.7 -5.4
v 0.2 1.7 -5.5
v 0.2 1.8 -5.5
v 0.4 1.7 -5.5
v 0.4 1.8 -5.5
v 0.3 1.5 -5.7
v 0.3 1.6 -5.7
v 0.4 1.5 -5.7
v 0.4 1.6 -5.7
v 0.2 1.4 -5.8
v 0.2 1.6 -5.8
v 0.3 1.5 -5.8
v 0.3 1.6 -5.8
v 0.4 1.4 -5.8
v 0.4 1.5 -5.8
v -5.2 0.5 1.5
v -5.2 0.7 1.5
v 0.9 0.5 1.5
v 0.9 0.7 1.5
v -5.5 0.9 1.4
v -5.5 1 1.4
v -5.2 0 1.4
v -5.2 0.5 1.4
v 0.0999999 1.3 1.4
v 0.0999999 1.4 1.4
v 0.3 1.3 1.4
v 0.3 1.4 1.4
v 0.4 0 1.4
v 0.4 0.3 1.4
v 0.6 0.3 1.4
v 0.6 0.4 1.4
v 0.7 0.4 1.4
v 0.7 0.5 1.4
v 0.9 0.9 1.4
v 0.9 1 1.4
v -1.2 1.8 1.3
v -1.2 1.9 1.3
v -1.1 1.3 1.3
v -1.1 1.4 1.3
v -1 1.3 1.3
v -1 1.4 1.3
v -1 1.8 1.3
v -1 1.9 1.3
v 0.0999999 1.2 1.3
v 0.0999999 1.3 1.3
v 0.3 1.2 1.3
v 0.3 1.3 1.3
v 0.0999999 1.1 1.2
v 0.0999999 1.2 1.2
v 0.3 1.1 1.2
v 0.3 1.2 1.2
v -1.2 1.2 1.1
v -1.2 1.3 1.1
v -1.2 1.9 1.1
v -1.2 2 1.1
v -1.2 2.5 1.1
v -1.2 2.6 1.1
v -1 1.2 1.1
v -1 1.3 1.1
v -1 1.9 1.1
v -1 2 1.1
v -1 2.5 1.1
v -1 2.6 1.1
v -2 1.4 1
v -2 1.5 1
v -1.8 1.4 1
v -1.8 1.5 1
v -1.2 2.4 1
v -1.2 2.5 1
v -1 2.4 1
v -1 2.5 1
v -0.3 1.3 1
v -0.3 1.4 1
v -0.2 1.2 1
v -0.2 1.3 1
v -0.0999999 1.1 1
v -0.0999999 1.2 1
v -0.0999999 1.3 1
v -0.0999999 1.4 1
v 0 1 1
v 0 1.1 1
v 0 1.2 1
v 0 1.3 1
v 0.0999999 0.9 1
v 0.0999999 1 1
v 0.0999999 1.2 1
v 0.3 0.9 1
v 0.3 1 1
v 0.3 1.2 1
v 0.4 1 1
v 0.4 1.1 1
v 0.4 1.2 1
v 0.4 1.3 1
v 0.5 1.1 1
v 0.5 1.2 1
v 0.5 1.3 1
v 0.5 1.4 1
v 0.6 1.2 1
v 0.6 1.3 1
v 0.7 1.3 1
v 0.7 1.4 1
v -5.4 0.9 0.9
v -5.4 1 0.9
v -5.3 0.9 0.9
v -5.3 1 0.9
v -4.8 1.5 0.9
v -4.8 1.6 0.9
v -4.7 1.5 0.9
v -4.7 1.6 0.9
v -3.8 1.2 0.9
v -3.8 1.3 0.9
v -3.6 1.2 0.9
v -3.6 1.3 0.9
v -2.7 0.9 0.9
v -2.7 1 0.9
v -2.6 0.9 0.9
v -2.6 1 0.9
v -2 1.5 0.9
v -2 1.6 0.9
v -1.8 1.5 0.9
v -1.8 1.6 0.9
v -0.8 1.3 0.9
v -0.8 1.4 0.9
v -0.7 1.2 0.9
v -0.7 1.3 0.9
v -0.7 1.4 0.9
v -0.6 1.2 0.9
v -0.6 1.3 0.9
v 0.0999999 1 0.9
v 0.0999999 1.1 0.9
v 0.3 1 0.9
v 0.3 1.1 0.9
v -4.9 1.4 0.8
v -4.9 1.5 0.8
v -4.9 1.6 0.8
v -4.8 1.4 0.8
v -4.8 1.6 0.8
v -3.8 1.1 0.8
v -3.8 1.2 0.8
v -3.6 1.1 0.8
v -3.6 1.2 0.8
v -3.2 0.9 0.8
v -3.2 1 0.8
v -3.1 0.9 0.8
v -3.1 1 0.8
v -2.6 0.9 0.8
v -2.6 1 0.8
v -2.5 0.9 0.8
v -2.5 1 0.8
v -2.1 0.9 0.8
v -2.1 1 0.8
v -1.9 0.9 0.8
v -1.9 1 0.8
v -1.7 1.8 0.8
v -1.7 1.9 0.8
v -1.6 1.9 0.8
v -1.6 2 0.8
v -1.6 2.1 0.8
v -1.5 1.2 0.8
v -1.5 1.3 0.8
v -1.5 1.8 0.8
v -1.5 1.9 0.8
v -1.5 2 0.8
v -1.5 2.1 0.8
v -1.5 2.5 0.8
v -1.5 2.6 0.8
v -1.4 1.1 0.8
v -1.4 1.2 0.8
v -1.4 1.8 0.8
v -1.4 1.9 0.8
v -1.4 2.4 0.8
v -1.4 2.5 0.8
v -1.3 1 0.8
v -1.3 1.1 0.8
v -1.3 1.2 0.8
v -1.3 1.3 0.8
v -1.3 1.7 0.8
v -1.3 1.8 0.8
v -1.3 1.9 0.8
v -1.3 2 0.8
v -1.3 2.3 0.8
v -1.3 2.4 0.8
v -1.3 2.5 0.8
v -1.3 2.6 0.8
v -1.2 0.9 0.8
v -1.2 1 0.8
v -1.2 1.2 0.8
v -1.2 1.7 0.8
v -1.2 1.9 0.8
v -1.2 2.3 0.8
v -1.2 2.5 0.8
v -1 0.9 0.8
v -1 1 0.8
v -1 1.2 0.8
v -1 1.7 0.8
v -1 1.9 0.8
v -1 2.3 0.8
v -1 2.5 0.8
v -0.9 1 0.8
v -0.9 1.1 0.8
v -0.9 1.2 0.8
v -0.9 1.3 0.8
v -0.9 1.4 0.8
v -0.9 1.7 0.8
v -0.9 1.8 0.8
v -0.9 1.9 0.8
v -0.9 2 0.8
v -0.9 2.3 0.8
v -0.9 2.4 0.8
v -0.9 2.5 0.8
v -0.9 2.6 0.8
v -0.8 1.1 0.8
v -0.8 1.2 0.8
v -0.8 1.3 0.8
v -0.8 1.4 0.8
v -0.8 1.8 0.8
v -0.8 1.9 0.8
v -0.8 2.4 0.8
v -0.8 2.5 0.8
v -0.7 1.2 0.8
v -0.7 1.3 0.8
v -0.7 1.8 0.8
v -0.7 1.9 0.8
v -0.7 2.5 0.8
v -0.7 2.6 0.8
v -0.6 1.7 0.8
v -0.6 1.8 0.8
v -0.6 1.9 0.8
v -0.6 2 0.8
v -0.5 1.7 0.8
v -0.5 1.8 0.8
v -0.5 1.9 0.8
v 0.0999999 1.1 0.8
v 0.0999999 1.2 0.8
v 0.3 1.1 0.8
v 0.3 1.2 0.8
v -5 1.4 0.7
v -5 1.5 0.7
v -4.9 1.4 0.7
v -4.9 1.5 0.7
v -3.4 0.9 0.7
v -3.4 1 0.7
v -3.2 0.9 0.7
v -3.2 1 0.7
v -2.8 0.9 0.7
v -2.8 1 0.7
v -2.7 0.9 0.7
v -2.7 1 0.7
v -2.5 0.9 0.7
v -2.5 1 0.7
v -2.4 0.9 0.7
v -2.4 1 0.7
v -2.2 0.9 0.7
v -2.2 1 0.7
v -2.1 0.9 0.7
v -2.1 1 0.7
v -2 1.7 0.7
v -2 1.8 0.7
v -1.8 1.7 0.7
v -1.8 1.8 0.7
v -1.2 1 0.7
v -1.2 1.1 0.7
v -1.2 1.7 0.7
v -1.2 1.8 0.7
v -1.2 2.3 0.7
v -1.2 2.4 0.7
v -1 1 0.7
v -1 1.1 0.7
v -1 1.7 0.7
v -1 1.8 0.7
v -1 2.3 0.7
v -1 2.4 0.7
v 0.0999999 1.2 0.7
v 0.0999999 1.3 0.7
v 0.3 1.2 0.7
v 0.3 1.3 0.7
v -5 1.3 0.6
v -5 1.4 0.6
v -4.9 1.3 0.6
v -4.9 1.4 0.6
v -4.6 1.9 0.6
v -4.6 2 0.6
v -4.5 1.9 0.6
v -4.5 2 0.6
v -4.2 0.9 0.6
v -4.2 1 0.6
v -4.1 0.9 0.6
v -4.1 1 0.6
v -4.1 1.2 0.6
v -4.1 1.3 0.6
v -4 1.1 0.6
v -4 1.2 0.6
v -3.9 1 0.6
v -3.9 1.1 0.6
v -3.9 1.2 0.6
v -3.9 1.3 0.6
v -3.8 0.9 0.6
v -3.8 1 0.6
v -3.8 1.2 0.6
v -3.6 0.9 0.6
v -3.6 1 0.6
v -3.6 1.2 0.6
v -3.5 1 0.6
v -3.5 1.1 0.6
v -3.5 1.2 0.6
v -3.5 1.3 0.6
v -3.4 1.1 0.6
v -3.4 1.2 0.6
v -3.3 1.2 0.6
v -3.3 1.3 0.6
v -2 1.6 0.6
v -2 1.7 0.6
v -1.8 1.6 0.6
v -1.8 1.7 0.6
v -1.2 1.1 0.6
v -1.2 1.2 0.6
v -1.2 1.8 0.6
v -1.2 1.9 0.6
v -1.2 2.4 0.6
v -1.2 2.5 0.6
v -1.2 2.6 0.6
v -1.2 2.7 0.6
v -1.1 2.6 0.6
v -1.1 2.7 0.6
v -1 1.1 0.6
v -1 1.2 0.6
v -1 1.8 0.6
v -1 1.9 0.6
v -1 2.4 0.6
v -1 2.5 0.6
v -1 2.6 0.6
v -0.9 2.5 0.6
v -0.9 2.6 0.6
v 0.0999999 1.3 0.6
v 0.0999999 1.4 0.6
v 0.3 1.3 0.6
v 0.3 1.4 0.6
v -5.6 1.6 0.5
v -5.6 1.7 0.5
v -5.5 1.6 0.5
v -5.4 1.6 0.5
v -5.4 1.7 0.5
v -4.6 1.7 0.5
v -4.6 1.8 0.5
v -4.6 1.9 0.5
v -4.5 1.7 0.5
v -4.5 1.9 0.5
v -4.4 0.9 0.5
v -4.4 1 0.5
v -4.3 0.9 0.5
v -4.3 1 0.5
v -3.8 1 0.5
v -3.8 1.1 0.5
v -3.6 1 0.5
v -3.6 1.1 0.5
v -2 1.5 0.5
v -2 1.6 0.5
v -1.8 1.5 0.5
v -1.8 1.6 0.5
v -1.2 1.2 0.5
v -1.2 1.3 0.5
v -1.2 2.5 0.5
v -1.2 2.6 0.5
v -1.1 2 0.5
v -1.1 2.1 0.5
v -1.1 2.6 0.5
v -1.1 2.7 0.5
v -1 1.2 0.5
v -1 1.3 0.5
v -1 1.9 0.5
v -1 2 0.5
v -1 2.1 0.5
v -1 2.5 0.5
v -1 2.6 0.5
v -1 2.7 0.5
v -0.9 1.9 0.5
v -0.9 2 0.5
v -5.5 1.5 0.4
v -5.5 1.6 0.4
v -5.4 1.4 0.4
v -5.4 1.5 0.4
v -5.3 1.3 0.4
v -5.3 1.4 0.4
v -5.3 1.5 0.4
v -5.3 1.6 0.4
v -5.2 1.2 0.4
v -5.2 1.3 0.4
v -5.2 1.4 0.4
v -5.2 1.5 0.4
v -5.1 1.2 0.4
v -5.1 1.4 0.4
v -5 0.9 0.4
v -5 1.2 0.4
v -5 1.3 0.4
v -5 1.4 0.4
v -5 1.5 0.4
v -4.9 0.9 0.4
v -4.9 1.2 0.4
v -4.9 1.3 0.4
v -4.9 1.4 0.4
v -4.9 1.5 0.4
v -4.9 1.6 0.4
v -4.8 1.4 0.4
v -4.8 1.5 0.4
v -4.8 1.6 0.4
v -4.8 1.7 0.4
v -4.7 1.1 0.4
v -4.7 1.2 0.4
v -4.7 1.5 0.4
v -4.7 1.6 0.4
v -4.7 1.7 0.4
v -4.7 1.8 0.4
v -4.6 1.2 0.4
v -4.6 1.3 0.4
v -4.6 1.6 0.4
v -4.6 1.8 0.4
v -4.5 1.1 0.4
v -4.5 1.2 0.4
v -3.8 1.1 0.4
v -3.8 1.2 0.4
v -3.6 1.1 0.4
v -3.6 1.2 0.4
v -3 1 0.4
v -3 1.1 0.4
v -2.8 1 0.4
v -2.8 1.1 0.4
v -2 1.4 0.4
v -2 1.5 0.4
v -1.8 1.4 0.4
v -1.8 1.5 0.4
v -1.1 1.9 0.4
v -1.1 2 0.4
v -1 1.9 0.4
v -1 2 0.4
v -5.1 1.2 0.3
v -5.1 1.3 0.3
v -5 1.3 0.3
v -4.9 1.2 0.3
v -4.9 1.3 0.3
v -4.3 0.9 0.3
v -4.3 1 0.3
v -4.2 0.9 0.3
v -4.2 1 0.3
v -3.8 1.2 0.3
v -3.8 1.3 0.3
v -3.6 1.2 0.3
v -3.6 1.3 0.3
v -3 1.1 0.3
v -3 1.2 0.3
v -2.8 1.1 0.3
v -2.8 1.2 0.3
v -2.3 1.3 0.3
v -2.3 1.4 0.3
v -2.2 1.3 0.3
v -2.2 1.4 0.3
v -2 1.3 0.3
v -2 1.4 0.3
v -1.8 1.3 0.3
v -1.8 1.4 0.3
v -1.6 1.3 0.3
v -1.6 1.4 0.3
v -1.5 1.3 0.3
v -1.5 1.4 0.3
v -1.2 1.8 0.3
v -1.2 1.9 0.3
v -1.2 2 0.3
v -1.1 1.9 0.3
v -1.1 2 0.3
v -1 1.8 0.3
v -1 1.9 0.3
v 0.2 0.9 0.3
v 0.2 1 0.3
v 0.3 0.9 0.3
v 0.3 1 0.3
v 0.3 1.5 0.3
v 0.3 1.6 0.3
v 0.4 1.5 0.3
v 0.4 1.6 0.3
v -5.1 1.3 0.2
v -5.1 1.4 0.2
v -5 1.3 0.2
v -5 1.4 0.2
v -3 1 0.2
v -3 1.1 0.2
v -2.8 1 0.2
v -2.8 1.1 0.2
v -2.2 1.4 0.2
v -2.2 1.5 0.2
v -2.1 1.4 0.2
v -2.1 1.5 0.2
v -2 1.2 0.2
v -2 1.3 0.2
v -1.8 1.2 0.2
v -1.8 1.3 0.2
v -1.7 1.4 0.2
v -1.7 1.5 0.2
v -1.6 1.4 0.2
v -1.6 1.5 0.2
v 0.2 1.4 0.2
v 0.2 1.5 0.2
v 0.2 1.6 0.2
v 0.3 0.9 0.2
v 0.3 1 0.2
v 0.3 1.4 0.2
v 0.3 1.6 0.2
v 0.5 0.9 0.2
v 0.5 1 0.2
v -5.1 1.4 0.1
v -5.1 1.5 0.1
v -5 1.4 0.1
v -5 1.5 0.1
v -2.1 1.3 0.1
v -2.1 1.4 0.1
v -2 1.3 0.1
v -2 1.4 0.1
v -1.8 1.3 0.1
v -1.8 1.4 0.1
v -1.7 1.3 0.1
v -1.7 1.4 0.1
v 0.0999999 1.4 0.1
v 0.0999999 1.5 0.1
v 0.2 1.4 0.1
v 0.2 1.5 0.1
v -5 1.4 1.19209e-07
v -5 1.5 1.19209e-07
v -4.9 1.4 1.19209e-07
v -4.9 1.5 1.19209e-07
v -4.6 1.3 1.19209e-07
v -4.6 1.4 1.19209e-07
v -4.4 1.3 1.19209e-07
v -4.4 1.4 1.19209e-07
v -3.3 1 1.19209e-07
v -3.3 1.1 1.19209e-07
v -3.2 1 1.19209e-07
v -3.2 1.1 1.19209e-07
v -3.2 1.2 1.19209e-07
v -3.1 1 1.19209e-07
v -3.1 1.1 1.19209e-07
v -3.1 1.2 1.19209e-07
v -3 0.9 1.19209e-07
v -3 1 1.19209e-07
v -3 1.1 1.19209e-07
v -2.8 0.9 1.19209e-07
v -2.8 1 1.19209e-07
v -2.8 1.1 1.19209e-07
v -2.7 1 1.19209e-07
v -2.7 1.1 1.19209e-07
v -2.7 1.2 1.19209e-07
v -2.6 1 1.19209e-07
v -2.6 1.1 1.19209e-07
v -2.6 1.2 1.19209e-07
v -2.5 1 1.19209e-07
v -2.5 1.1 1.19209e-07
v 0.0999999 1.3 1.19209e-07
v 0.0999999 1.4 1.19209e-07
v 0.2 1.3 1.19209e-07
v 0.2 1.4 1.19209e-07
v 0.5 1.9 1.19209e-07
v 0.5 2 1.19209e-07
v 0.6 1.9 1.19209e-07
v 0.6 2 1.19209e-07
v -5 1.5 -0.0999998
v -5 1.6 -0.0999998
v -4.8 1.5 -0.0999998
v -4.8 1.6 -0.0999998
v -4.6 1.2 -0.0999998
v -4.6 1.3 -0.0999998
v -4.4 1.2 -0.0999998
v -4.4 1.3 -0.0999998
v -3.1 1.4 -0.0999998
v -3.1 1.5 -0.0999998
v -3 1 -0.0999998
v -3 1.1 -0.0999998
v -3 1.5 -0.0999998
v -3 1.6 -0.0999998
v -2.9 1.4 -0.0999998
v -2.9 1.5 -0.0999998
v -2.9 1.6 -0.0999998
v -2.9 1.7 -0.0999998
v -2.8 1 -0.0999998
v -2.8 1.1 -0.0999998
v -2.8 1.5 -0.0999998
v -2.8 1.6 -0.0999998
v -2.8 1.7 -0.0999998
v -2.8 1.8 -0.0999998
v -2.6 1.5 -0.0999998
v -2.6 1.6 -0.0999998
v -2.6 1.7 -0.0999998
v -2.6 1.8 -0.0999998
v -2.5 1.4 -0.0999998
v -2.5 1.5 -0.0999998
v -2.5 1.6 -0.0999998
v -2.5 1.7 -0.0999998
v -2.4 1.3 -0.0999998
v -2.4 1.4 -0.0999998
v -2.4 1.5 -0.0999998
v -2.4 1.6 -0.0999998
v -2.3 1.2 -0.0999998
v -2.3 1.3 -0.0999998
v -2.3 1.4 -0.0999998
v -2.3 1.5 -0.0999998
v -2.2 1.1 -0.0999998
v -2.2 1.2 -0.0999998
v -2.2 1.3 -0.0999998
v -2.2 1.4 -0.0999998
v -2.1 1 -0.0999998
v -2.1 1.1 -0.0999998
v -2.1 1.2 -0.0999998
v -2.1 1.3 -0.0999998
v -2 0.9 -0.0999998
v -2 1 -0.0999998
v -2 1.2 -0.0999998
v -2 1.3 -0.0999998
v -1.8 0.9 -0.0999998
v -1.8 1 -0.0999998
v -1.8 1.2 -0.0999998
v -1.8 1.3 -0.0999998
v -1.7 1 -0.0999998
v -1.7 1.1 -0.0999998
v -1.7 1.2 -0.0999998
v -1.7 1.3 -0.0999998
v -1.6 1.1 -0.0999998
v -1.6 1.2 -0.0999998
v -1.6 1.3 -0.0999998
v -1.6 1.4 -0.0999998
v -1.5 1.2 -0.0999998
v -1.5 1.3 -0.0999998
v -1.5 1.4 -0.0999998
v -1.5 1.5 -0.0999998
v -1.4 1.3 -0.0999998
v -1.4 1.4 -0.0999998
v -1.4 1.5 -0.0999998
v -1.4 1.6 -0.0999998
v -1.3 1.4 -0.0999998
v -1.3 1.5 -0.0999998
v -1.3 1.6 -0.0999998
v -1.3 1.7 -0.0999998
v -1.2 1.5 -0.0999998
v -1.2 1.6 -0.0999998
v -1.2 1.7 -0.0999998
v -1.2 1.8 -0.0999998
v -1.1 1.6 -0.0999998
v -1.1 1.8 -0.0999998
v -1 1.5 -0.0999998
v -1 1.6 -0.0999998
v -1 1.7 -0.0999998
v -1 1.8 -0.0999998
v -0.9 1.4 -0.0999998
v -0.9 1.5 -0.0999998
v -0.9 1.6 -0.0999998
v -0.9 1.7 -0.0999998
v -0.8 1.5 -0.0999998
v -0.8 1.6 -0.0999998
v -0.7 1.4 -0.0999998
v -0.7 1.5 -0.0999998
v -0.5 1.6 -0.0999998
v -0.5 1.7 -0.0999998
v -0.4 1.6 -0.0999998
v -0.3 1.6 -0.0999998
v -0.3 1.7 -0.0999998
v 0.5 1.7 -0.0999998
v 0.5 1.8 -0.0999998
v 0.5 1.9 -0.0999998
v 0.6 1.7 -0.0999998
v 0.6 1.9 -0.0999998
v -4.6 1.1 -0.2
v -4.6 1.2 -0.2
v -4.4 1.1 -0.2
v -4.4 1.2 -0.2
v -3 1.1 -0.2
v -3 1.2 -0.2
v -2.8 1.1 -0.2
v -2.8 1.2 -0.2
v -2.1 1.3 -0.2
v -2.1 1.4 -0.2
v -2 1 -0.2
v -2 1.1 -0.2
v -2 1.3 -0.2
v -2 1.4 -0.2
v -1.8 1 -0.2
v -1.8 1.1 -0.2
v -1.8 1.3 -0.2
v -1.8 1.4 -0.2
v -1.7 1.3 -0.2
v -1.7 1.4 -0.2
v -0.4 1.5 -0.2
v -0.4 1.6 -0.2
v -0.3 1.4 -0.2
v -0.3 1.5 -0.2
v -0.2 1.3 -0.2
v -0.2 1.4 -0.2
v -0.2 1.5 -0.2
v -0.2 1.6 -0.2
v -0.0999999 1.2 -0.2
v -0.0999999 1.3 -0.2
v -0.0999999 1.4 -0.2
v -0.0999999 1.5 -0.2
v 0 1.2 -0.2
v 0 1.4 -0.2
v 0.0999999 0.9 -0.2
v 0.0999999 1.2 -0.2
v 0.0999999 1.3 -0.2
v 0.0999999 1.4 -0.2
v 0.0999999 1.5 -0.2
v 0.2 0.9 -0.2
v 0.2 1.2 -0.2
v 0.2 1.3 -0.2
v 0.2 1.4 -0.2
v 0.2 1.5 -0.2
v 0.2 1.6 -0.2
v 0.3 1.4 -0.2
v 0.3 1.5 -0.2
v 0.3 1.6 -0.2
v 0.3 1.7 -0.2
v 0.4 1.1 -0.2
v 0.4 1.2 -0.2
v 0.4 1.5 -0.2
v 0.4 1.6 -0.2
v 0.4 1.7 -0.2
v 0.4 1.8 -0.2
v 0.5 1.2 -0.2
v 0.5 1.3 -0.2
v 0.5 1.6 -0.2
v 0.5 1.8 -0.2
v 0.6 1.1 -0.2
v 0.6 1.2 -0.2
v -3 1 -0.3
v -3 1.1 -0.3
v -2.8 1 -0.3
v -2.8 1.1 -0.3
v -2.2 1.4 -0.3
v -2.2 1.5 -0.3
v -2.1 1.4 -0.3
v -2.1 1.5 -0.3
v -2 1.1 -0.3
v -2 1.2 -0.3
v -1.8 1.1 -0.3
v -1.8 1.2 -0.3
v -1.7 1.4 -0.3
v -1.7 1.5 -0.3
v -1.6 1.4 -0.3
v -1.6 1.5 -0.3
v 0 1.2 -0.3
v 0 1.3 -0.3
v 0.0999999 1.3 -0.3
v 0.2 1.2 -0.3
v 0.2 1.3 -0.3
v -5.4 0.9 -0.4
v -5.4 1 -0.4
v -5.3 0.9 -0.4
v -5.3 1 -0.4
v -5 1.3 -0.4
v -5 1.4 -0.4
v -4.9 1.2 -0.4
v -4.9 1.3 -0.4
v -4.8 1.1 -0.4
v -4.8 1.2 -0.4
v -4.8 1.3 -0.4
v -4.8 1.4 -0.4
v -4.7 1 -0.4
v -4.7 1.1 -0.4
v -4.7 1.2 -0.4
v -4.7 1.3 -0.4
v -4.6 0.9 -0.4
v -4.6 1 -0.4
v -4.6 1.2 -0.4
v -4.4 0.9 -0.4
v -4.4 1 -0.4
v -4.4 1.2 -0.4
v -4.3 1 -0.4
v -4.3 1.1 -0.4
v -4.3 1.2 -0.4
v -4.3 1.3 -0.4
v -4.2 1.1 -0.4
v -4.2 1.2 -0.4
v -4.2 1.3 -0.4
v -4.2 1.4 -0.4
v -4.1 1.2 -0.4
v -4.1 1.3 -0.4
v -4 1.3 -0.4
v -4 1.4 -0.4
v -2.5 2 -0.4
v -2.5 2.1 -0.4
v -2.4 2 -0.4
v -2.4 2.1 -0.4
v -2.3 1.3 -0.4
v -2.3 1.4 -0.4
v -2.2 1.3 -0.4
v -2.2 1.4 -0.4
v -2 1.2 -0.4
v -2 1.3 -0.4
v -1.8 1.2 -0.4
v -1.8 1.3 -0.4
v -1.6 1.3 -0.4
v -1.6 1.4 -0.4
v -1.5 1.3 -0.4
v -1.5 1.4 -0.4
v -1.2 0.9 -0.4
v -1.2 1 -0.4
v -1.1 0.9 -0.4
v -1.1 1 -0.4
v 0 1.3 -0.4
v 0 1.4 -0.4
v 0.0999999 1.3 -0.4
v 0.0999999 1.4 -0.4
v -4.6 1 -0.5
v -4.6 1.1 -0.5
v -4.4 1 -0.5
v -4.4 1.1 -0.5
v -2 1.3 -0.5
v -2 1.4 -0.5
v -1.8 1.3 -0.5
v -1.8 1.4 -0.5
v -1.1 1.4 -0.5
v -1.1 1.5 -0.5
v -1 1.4 -0.5
v -1 1.5 -0.5
v 0 1.4 -0.5
v 0 1.5 -0.5
v 0.0999999 1.4 -0.5
v 0.0999999 1.5 -0.5
v -4.6 1.1 -0.6
v -4.6 1.2 -0.6
v -4.4 1.1 -0.6
v -4.4 1.2 -0.6
v -2.4 2.4 -0.6
v -2.4 2.5 -0.6
v -2.3 2.2 -0.6
v -2.3 2.4 -0.6
v -2.3 2.5 -0.6
v -2.2 2.2 -0.6
v -2.2 2.4 -0.6
v -2 1.4 -0.6
v -2 1.5 -0.6
v -1.8 1.4 -0.6
v -1.8 1.5 -0.6
v -1.1 1.3 -0.6
v -1.1 1.4 -0.6
v -0.9 1.3 -0.6
v -0.9 1.4 -0.6
v 0.0999999 1.4 -0.6
v 0.0999999 1.5 -0.6
v 0.2 1.4 -0.6
v 0.2 1.5 -0.6
v -5 1 -0.7
v -5 1.1 -0.7
v -4.8 1 -0.7
v -4.8 1.1 -0.7
v -4.6 1.2 -0.7
v -4.6 1.3 -0.7
v -4.4 1.2 -0.7
v -4.4 1.3 -0.7
v -3.8 0.9 -0.7
v -3.8 1 -0.7
v -3.7 0.9 -0.7
v -3.7 1 -0.7
v -2.6 2.2 -0.7
v -2.6 2.3 -0.7
v -2.5 2.2 -0.7
v -2.5 2.3 -0.7
v -2.5 2.4 -0.7
v -2.5 2.5 -0.7
v -2.5 3.2 -0.7
v -2.5 3.3 -0.7
v -2.4 2.3 -0.7
v -2.4 2.4 -0.7
v -2.4 2.5 -0.7
v -2.3 3.2 -0.7
v -2.3 3.3 -0.7
v -2 1.5 -0.7
v -2 1.6 -0.7
v -1.8 1.5 -0.7
v -1.8 1.6 -0.7
v -1.4 0.9 -0.7
v -1.4 1 -0.7
v -1.2 0.9 -0.7
v -1.2 1 -0.7
v -1.1 1.2 -0.7
v -1.1 1.3 -0.7
v -0.9 1.2 -0.7
v -0.9 1.3 -0.7
v -0.6 3.9 -0.7
v -0.6 4.3 -0.7
v -0.5 3.9 -0.7
v -0.5 4.3 -0.7
v 0.0999999 1.5 -0.7
v 0.0999999 1.6 -0.7
v 0.3 1.5 -0.7
v 0.3 1.6 -0.7
v -5 1.1 -0.8
v -5 1.2 -0.8
v -4.8 1.1 -0.8
v -4.8 1.2 -0.8
v -4.6 1.3 -0.8
v -4.6 1.4 -0.8
v -4.4 1.3 -0.8
v -4.4 1.4 -0.8
v -3.9 1.8 -0.8
v -3.9 1.9 -0.8
v -3.8 1.3 -0.8
v -3.8 1.4 -0.8
v -3.7 1.3 -0.8
v -3.7 1.4 -0.8
v -3.7 1.8 -0.8
v -3.7 1.9 -0.8
v -3.3 1 -0.8
v -3.3 1.1 -0.8
v -3.2 1 -0.8
v -3.2 1.1 -0.8
v -2.6 2.1 -0.8
v -2.6 2.2 -0.8
v -2.5 2.1 -0.8
v -2.5 2.2 -0.8
v -2.5 2.3 -0.8
v -2.5 3.1 -0.8
v -2.5 3.2 -0.8
v -2.4 2.3 -0.8
v -2.4 2.4 -0.8
v -2.3 2.2 -0.8
v -2.3 2.3 -0.8
v -2.3 2.4 -0.8
v -2.3 3.1 -0.8
v -2.3 3.2 -0.8
v -1.1 1.1 -0.8
v -1.1 1.2 -0.8
v -0.9 1.1 -0.8
v -0.9 1.2 -0.8
v -0.7 4.4 -0.8
v -0.7 4.5 -0.8
v -0.6 4.3 -0.8
v -0.6 4.4 -0.8
v -0.6 4.5 -0.8
v -0.5 2.3 -0.8
v -0.5 2.7 -0.8
v -0.5 2.8 -0.8
v -0.4 2.3 -0.8
v -0.4 2.7 -0.8
v -0.4 2.8 -0.8
v -0.4 4.3 -0.8
v -0.4 4.4 -0.8
v -5 1 -0.9
v -5 1.1 -0.9
v -4.8 1 -0.9
v -4.8 1.1 -0.9
v -2.5 2.1 -0.9
v -2.5 2.2 -0.9
v -2.5 3 -0.9
v -2.5 3.1 -0.9
v -2.3 2.1 -0.9
v -2.3 2.2 -0.9
v -2.3 3 -0.9
v -2.3 3.1 -0.9
v -2 1.7 -0.9
v -2 1.8 -0.9
v -1.9 1.7 -0.9
v -1.9 1.8 -0.9
v -1.8 1.7 -0.9
v -1.8 1.8 -0.9
v -1.6 1.3 -0.9
v -1.6 1.4 -0.9
v -1.5 1.3 -0.9
v -1.5 1.4 -0.9
v -0.6 2.7 -0.9
v -0.6 2.8 -0.9
v -0.6 2.9 -0.9
v -0.6 4.4 -0.9
v -0.6 4.5 -0.9
v -0.5 2.7 -0.9
v -0.5 2.8 -0.9
v -0.4 2.8 -0.9
v -0.4 2.9 -0.9
v -0.4 4.4 -0.9
v -0.4 4.5 -0.9
v 0 1.2 -0.9
v 0 1.3 -0.9
v 0.2 1.2 -0.9
v 0.2 1.3 -0.9
v -4.3 1.4 -1
v -4.3 1.5 -1
v -4.1 1.4 -1
v -4.1 1.5 -1
v -3.9 1.2 -1
v -3.9 1.3 -1
v -3.9 1.9 -1
v -3.9 2 -1
v -3.9 2.5 -1
v -3.9 2.6 -1
v -3.7 1.2 -1
v -3.7 1.3 -1
v -3.7 1.9 -1
v -3.7 2 -1
v -3.7 2.5 -1
v -3.7 2.6 -1
v -3.2 0.9 -1
v -3.2 1 -1
v -3.1 0.9 -1
v -3.1 1 -1
v -2.5 2 -1
v -2.5 2.1 -1
v -2.5 2.9 -1
v -2.5 3 -1
v -2.3 2 -1
v -2.3 2.1 -1
v -2.3 2.9 -1
v -2.3 3 -1
v -2 1.6 -1
v -2 1.7 -1
v -1.8 1.6 -1
v -1.8 1.7 -1
v -1.5 1.3 -1
v -1.5 1.4 -1
v -1.5 1.5 -1
v -1.4 1.2 -1
v -1.4 1.3 -1
v -1.4 1.4 -1
v -1.4 1.5 -1
v -1.3 1.1 -1
v -1.3 1.2 -1
v -1.3 1.3 -1
v -1.3 1.4 -1
v -1.2 1 -1
v -1.2 1.1 -1
v -1.2 1.2 -1
v -1.2 1.3 -1
v -1.1 0.9 -1
v -1.1 1 -1
v -1.1 1.2 -1
v -0.9 0.9 -1
v -0.9 1 -1
v -0.9 1.2 -1
v -0.8 1 -1
v -0.8 1.1 -1
v -0.8 1.2 -1
v -0.8 1.3 -1
v -0.7 1.1 -1
v -0.7 1.2 -1
v -0.7 1.3 -1
v -0.7 1.4 -1
v -0.6 1.2 -1
v -0.6 1.3 -1
v -0.6 1.4 -1
v -0.6 1.5 -1
v -0.5 1.3 -1
v -0.5 1.4 -1
v -0.5 1.5 -1
v -0.4 1.3 -1
v -0.4 1.4 -1
v 0 1.1 -1
v 0 1.2 -1
v 0.2 1.1 -1
v 0.2 1.2 -1
v -5.3 1 -1.1
v -5.3 1.1 -1.1
v -5.2 1 -1.1
v -5.2 1.1 -1.1
v -5.2 1.2 -1.1
v -5.1 1 -1.1
v -5.1 1.1 -1.1
v -5.1 1.2 -1.1
v -5 0.9 -1.1
v -5 1 -1.1
v -5 1.1 -1.1
v -4.8 0.9 -1.1
v -4.8 1 -1.1
v -4.8 1.1 -1.1
v -4.7 1 -1.1
v -4.7 1.1 -1.1
v -4.7 1.2 -1.1
v -4.6 1 -1.1
v -4.6 1.1 -1.1
v -4.6 1.2 -1.1
v -4.5 1 -1.1
v -4.5 1.1 -1.1
v -4.3 1.5 -1.1
v -4.3 1.6 -1.1
v -4.1 1.5 -1.1
v -4.1 1.6 -1.1
v -3.9 2.4 -1.1
v -3.9 2.5 -1.1
v -3.7 2.4 -1.1
v -3.7 2.5 -1.1
v -3.4 0.9 -1.1
v -3.4 1 -1.1
v -3.3 0.9 -1.1
v -3.3 1 -1.1
v -2.8 1.9 -1.1
v -2.8 2 -1.1
v -2.8 2.8 -1.1
v -2.8 2.9 -1.1
v -2.7 1.9 -1.1
v -2.7 2 -1.1
v -2.7 2.8 -1.1
v -2.7 2.9 -1.1
v -2.5 1.9 -1.1
v -2.5 2 -1.1
v -2.5 2.8 -1.1
v -2.5 2.9 -1.1
v -2.3 1.9 -1.1
v -2.3 2 -1.1
v -2.3 2.8 -1.1
v -2.3 2.9 -1.1
v -2.1 1.9 -1.1
v -2.1 2 -1.1
v -2.1 2.8 -1.1
v -2.1 2.9 -1.1
v -2 1.5 -1.1
v -2 1.6 -1.1
v -2 1.9 -1.1
v -2 2 -1.1
v -2 2.8 -1.1
v -2 2.9 -1.1
v -1.8 1.5 -1.1
v -1.8 1.6 -1.1
v -1.1 1 -1.1
v -1.1 1.1 -1.1
v -0.9 1 -1.1
v -0.9 1.1 -1.1
v -0.6 2.9 -1.1
v -0.6 3 -1.1
v -0.6 4.5 -1.1
v -0.6 4.6 -1.1
v -0.4 2.9 -1.1
v -0.4 3 -1.1
v -0.4 4.5 -1.1
v -0.4 4.6 -1.1
v -5 1 -1.2
v -5 1.1 -1.2
v -4.8 1 -1.2
v -4.8 1.1 -1.2
v -3.5 1.3 -1.2
v -3.5 1.4 -1.2
v -3.4 1.2 -1.2
v -3.4 1.3 -1.2
v -3.4 1.4 -1.2
v -3.3 0.9 -1.2
v -3.3 1 -1.2
v -3.3 1.2 -1.2
v -3.3 1.3 -1.2
v -3.2 0.9 -1.2
v -3.2 1 -1.2
v -2.7 2 -1.2
v -2.7 2.1 -1.2
v -2.7 2.9 -1.2
v -2.7 3 -1.2
v -2.6 2 -1.2
v -2.6 2.1 -1.2
v -2.6 2.9 -1.2
v -2.6 3 -1.2
v -2.5 1.8 -1.2
v -2.5 1.9 -1.2
v -2.5 2.7 -1.2
v -2.5 2.8 -1.2
v -2.3 1.8 -1.2
v -2.3 1.9 -1.2
v -2.3 2.7 -1.2
v -2.3 2.8 -1.2
v -2.2 2 -1.2
v -2.2 2.1 -1.2
v -2.2 2.9 -1.2
v -2.2 3 -1.2
v -2.1 2 -1.2
v -2.1 2.1 -1.2
v -2.1 2.9 -1.2
v -2.1 3 -1.2
v -2 1.4 -1.2
v -2 1.5 -1.2
v -1.8 1.4 -1.2
v -1.8 1.5 -1.2
v -1.1 1.1 -1.2
v -1.1 1.2 -1.2
v -0.9 1.1 -1.2
v -0.9 1.2 -1.2
v -0.5 2.8 -1.2
v -0.5 2.9 -1.2
v -0.4 2.8 -1.2
v -0.4 2.9 -1.2
v -0.3 1.2 -1.2
v -0.3 1.3 -1.2
v -0.2 1.1 -1.2
v -0.2 1.2 -1.2
v -0.0999999 1 -1.2
v -0.0999999 1.1 -1.2
v -0.0999999 1.2 -1.2
v -0.0999999 1.3 -1.2
v 0 0.9 -1.2
v 0 1 -1.2
v 0 1.2 -1.2
v 0.2 0.9 -1.2
v 0.2 1 -1.2
v 0.2 1.2 -1.2
v 0.3 1 -1.2
v 0.3 1.1 -1.2
v 0.3 1.2 -1.2
v 0.3 1.3 -1.2
v 0.4 1.1 -1.2
v 0.4 1.2 -1.2
v 0.5 1.2 -1.2
v 0.5 1.3 -1.2
v -5 1.1 -1.3
v -5 1.2 -1.3
v -4.8 1.1 -1.3
v -4.8 1.2 -1.3
v -4.4 1.8 -1.3
v -4.4 1.9 -1.3
v -4.3 1.7 -1.3
v -4.3 1.8 -1.3
v -4.3 1.9 -1.3
v -4.3 2 -1.3
v -4.3 2.1 -1.3
v -4.2 1.2 -1.3
v -4.2 1.3 -1.3
v -4.2 1.8 -1.3
v -4.2 1.9 -1.3
v -4.2 2 -1.3
v -4.2 2.1 -1.3
v -4.2 2.5 -1.3
v -4.2 2.6 -1.3
v -4.1 1.1 -1.3
v -4.1 1.2 -1.3
v -4.1 1.7 -1.3
v -4.1 1.8 -1.3
v -4.1 1.9 -1.3
v -4.1 2.4 -1.3
v -4.1 2.5 -1.3
v -4 1 -1.3
v -4 1.1 -1.3
v -4 1.2 -1.3
v -4 1.3 -1.3
v -4 1.7 -1.3
v -4 1.8 -1.3
v -4 1.9 -1.3
v -4 2 -1.3
v -4 2.3 -1.3
v -4 2.4 -1.3
v -4 2.5 -1.3
v -4 2.6 -1.3
v -3.9 0.9 -1.3
v -3.9 1 -1.3
v -3.9 1.2 -1.3
v -3.9 1.7 -1.3
v -3.9 1.9 -1.3
v -3.9 2.3 -1.3
v -3.9 2.5 -1.3
v -3.7 0.9 -1.3
v -3.7 1 -1.3
v -3.7 1.2 -1.3
v -3.7 1.7 -1.3
v -3.7 1.9 -1.3
v -3.7 2.3 -1.3
v -3.7 2.5 -1.3
v -3.6 1 -1.3
v -3.6 1.1 -1.3
v -3.6 1.2 -1.3
v -3.6 1.3 -1.3
v -3.6 1.4 -1.3
v -3.6 1.7 -1.3
v -3.6 1.8 -1.3
v -3.6 1.9 -1.3
v -3.6 2 -1.3
v -3.6 2.3 -1.3
v -3.6 2.4 -1.3
v -3.6 2.5 -1.3
v -3.6 2.6 -1.3
v -3.5 1.1 -1.3
v -3.5 1.2 -1.3
v -3.5 1.3 -1.3
v -3.5 1.4 -1.3
v -3.5 1.8 -1.3
v -3.5 1.9 -1.3
v -3.5 2.4 -1.3
v -3.5 2.5 -1.3
v -3.4 1.2 -1.3
v -3.4 1.3 -1.3
v -3.4 1.8 -1.3
v -3.4 1.9 -1.3
v -3.4 2.5 -1.3
v -3.4 2.6 -1.3
v -3.3 1.7 -1.3
v -3.3 1.8 -1.3
v -3.3 1.9 -1.3
v -3.3 2 -1.3
v -3.2 1.7 -1.3
v -3.2 1.8 -1.3
v -3.2 1.9 -1.3
v -2.6 1.9 -1.3
v -2.6 2 -1.3
v -2.6 2.8 -1.3
v -2.6 2.9 -1.3
v -2.5 1.9 -1.3
v -2.5 2 -1.3
v -2.5 2.8 -1.3
v -2.5 2.9 -1.3
v -2.3 1.9 -1.3
v -2.3 2 -1.3
v -2.3 2.8 -1.3
v -2.3 2.9 -1.3
v -2.2 1.9 -1.3
v -2.2 2 -1.3
v -2.2 2.8 -1.3
v -2.2 2.9 -1.3
v -1.1 1.2 -1.3
v -1.1 1.3 -1.3
v -1 4.4 -1.3
v -1 4.5 -1.3
v -0.9 1.2 -1.3
v -0.9 1.3 -1.3
v -0.9 4.4 -1.3
v -0.9 4.5 -1.3
v -0.6 1.4 -1.3
v -0.6 2.6 -1.3
v -0.6 2.8 -1.3
v -0.6 2.9 -1.3
v -0.6 3.8 -1.3
v -0.5 1.4 -1.3
v -0.5 2.6 -1.3
v -0.5 2.8 -1.3
v -0.5 3.8 -1.3
v -0.2 2.8 -1.3
v -0.2 2.9 -1.3
v -0.2 4.3 -1.3
v -0.2 4.4 -1.3
v -0.2 4.5 -1.3
v -0.0999999 2.5 -1.3
v -0.0999999 2.8 -1.3
v -0.0999999 2.9 -1.3
v -0.0999999 4.3 -1.3
v -0.0999999 4.4 -1.3
v -0.0999999 4.5 -1.3
v 0 1 -1.3
v 0 1.1 -1.3
v 0 2.5 -1.3
v 0 2.6 -1.3
v 0 2.7 -1.3
v 0 2.8 -1.3
v 0 4.1 -1.3
v 0 4.3 -1.3
v 0.0999999 2.6 -1.3
v 0.0999999 2.7 -1.3
v 0.0999999 4.1 -1.3
v 0.0999999 4.3 -1.3
v 0.2 1 -1.3
v 0.2 1.1 -1.3
v -5 1 -1.4
v -5 1.1 -1.4
v -4.8 1 -1.4
v -4.8 1.1 -1.4
v -4.3 1.6 -1.4
v -4.3 1.7 -1.4
v -4.1 1.6 -1.4
v -4.1 1.7 -1.4
v -3.9 1 -1.4
v -3.9 1.1 -1.4
v -3.9 1.7 -1.4
v -3.9 1.8 -1.4
v -3.9 2.3 -1.4
v -3.9 2.4 -1.4
v -3.7 1 -1.4
v -3.7 1.1 -1.4
v -3.7 1.7 -1.4
v -3.7 1.8 -1.4
v -3.7 2.3 -1.4
v -3.7 2.4 -1.4
v -2.3 3.3 -1.4
v -2.3 3.5 -1.4
v -2.2 3.3 -1.4
v -2.2 3.5 -1.4
v -1.7 3.3 -1.4
v -1.7 3.4 -1.4
v -1.6 2.1 -1.4
v -1.6 2.2 -1.4
v -1.6 2.4 -1.4
v -1.6 2.5 -1.4
v -1.6 3.3 -1.4
v -1.6 3.4 -1.4
v -1.5 2.1 -1.4
v -1.5 2.2 -1.4
v -1.5 2.4 -1.4
v -1.5 2.5 -1.4
v -1.5 3.1 -1.4
v -1.5 3.3 -1.4
v -1.4 3.1 -1.4
v -1.4 3.3 -1.4
v -1.1 1.4 -1.4
v -1.1 1.5 -1.4
v -1 4 -1.4
v -1 4.4 -1.4
v -0.9 1.4 -1.4
v -0.9 1.5 -1.4
v -0.9 2.6 -1.4
v -0.9 3 -1.4
v -0.9 4 -1.4
v -0.9 4.2 -1.4
v -0.9 4.3 -1.4
v -0.9 4.4 -1.4
v -0.9 4.5 -1.4
v -0.9 4.6 -1.4
v -0.8 2.6 -1.4
v -0.8 2.8 -1.4
v -0.8 4.2 -1.4
v -0.8 4.3 -1.4
v -0.8 4.4 -1.4
v -0.8 4.5 -1.4
v -0.7 2.7 -1.4
v -0.7 2.8 -1.4
v -0.7 2.9 -1.4
v -0.7 3 -1.4
v -0.7 4.3 -1.4
v -0.7 4.4 -1.4
v -0.7 4.5 -1.4
v -0.7 4.6 -1.4
v -0.7 4.7 -1.4
v -0.6 0.9 -1.4
v -0.6 1.4 -1.4
v -0.6 2.6 -1.4
v -0.6 2.7 -1.4
v -0.6 2.9 -1.4
v -0.6 3.8 -1.4
v -0.6 4.3 -1.4
v -0.6 4.5 -1.4
v -0.6 4.6 -1.4
v -0.6 4.7 -1.4
v -0.6 4.8 -1.4
v -0.5 1.4 -1.4
v -0.5 2.6 -1.4
v -0.5 2.9 -1.4
v -0.5 3.8 -1.4
v -0.4 0.9 -1.4
v -0.4 2.7 -1.4
v -0.4 2.9 -1.4
v -0.4 4.3 -1.4
v -0.4 4.5 -1.4
v -0.4 4.6 -1.4
v -0.4 4.7 -1.4
v -0.4 4.8 -1.4
v -0.3 2.7 -1.4
v -0.3 2.8 -1.4
v -0.3 2.9 -1.4
v -0.3 3 -1.4
v -0.3 4.3 -1.4
v -0.3 4.4 -1.4
v -0.3 4.5 -1.4
v -0.3 4.6 -1.4
v -0.3 4.7 -1.4
v -0.2 2.8 -1.4
v -0.2 2.9 -1.4
v -0.2 4.4 -1.4
v -0.2 4.5 -1.4
v -0.0999999 2.8 -1.4
v -0.0999999 2.9 -1.4
v -0.0999999 4.4 -1.4
v -0.0999999 4.5 -1.4
v 0 1.1 -1.4
v 0 1.2 -1.4
v 0 2.7 -1.4
v 0 2.8 -1.4
v 0 2.9 -1.4
v 0 3 -1.4
v 0 4.3 -1.4
v 0 4.4 -1.4
v 0 4.5 -1.4
v 0 4.6 -1.4
v 0.0999999 2.7 -1.4
v 0.0999999 2.9 -1.4
v 0.0999999 4.3 -1.4
v 0.0999999 4.5 -1.4
v 0.2 1.1 -1.4
v 0.2 1.2 -1.4
v -4.3 1.5 -1.5
v -4.3 1.6 -1.5
v -4.1 1.5 -1.5
v -4.1 1.6 -1.5
v -3.9 1.1 -1.5
v -3.9 1.2 -1.5
v -3.9 1.8 -1.5
v -3.9 1.9 -1.5
v -3.9 2.4 -1.5
v -3.9 2.5 -1.5
v -3.9 2.6 -1.5
v -3.9 2.7 -1.5
v -3.8 2.6 -1.5
v -3.8 2.7 -1.5
v -3.7 1.1 -1.5
v -3.7 1.2 -1.5
v -3.7 1.8 -1.5
v -3.7 1.9 -1.5
v -3.7 2.4 -1.5
v -3.7 2.5 -1.5
v -3.7 2.6 -1.5
v -3.6 2.5 -1.5
v -3.6 2.6 -1.5
v -3.4 3.1 -1.5
v -3.4 3.3 -1.5
v -3.3 2.2 -1.5
v -3.3 2.4 -1.5
v -3.3 3.1 -1.5
v -3.3 3.3 -1.5
v -3.3 3.4 -1.5
v -3.2 2.1 -1.5
v -3.2 2.2 -1.5
v -3.2 3.1 -1.5
v -3.2 3.3 -1.5
v -3.2 3.4 -1.5
v -3.1 2.1 -1.5
v -3.1 2.2 -1.5
v -3.1 2.3 -1.5
v -3.1 2.4 -1.5
v -3.1 3 -1.5
v -3.1 3.1 -1.5
v -3.1 3.2 -1.5
v -3.1 3.3 -1.5
v -3 2 -1.5
v -3 2.1 -1.5
v -3 2.2 -1.5
v -3 2.3 -1.5
v -3 2.9 -1.5
v -3 3 -1.5
v -3 3.1 -1.5
v -3 3.2 -1.5
v -2.9 1.9 -1.5
v -2.9 2 -1.5
v -2.9 2.1 -1.5
v -2.9 2.2 -1.5
v -2.9 2.8 -1.5
v -2.9 2.9 -1.5
v -2.9 3 -1.5
v -2.9 3.1 -1.5
v -2.8 1.8 -1.5
v -2.8 1.9 -1.5
v -2.8 2 -1.5
v -2.8 2.1 -1.5
v -2.8 2.7 -1.5
v -2.8 2.8 -1.5
v -2.8 2.9 -1.5
v -2.8 3 -1.5
v -2.7 1.7 -1.5
v -2.7 1.8 -1.5
v -2.7 1.9 -1.5
v -2.7 2 -1.5
v -2.7 2.6 -1.5
v -2.7 2.7 -1.5
v -2.7 2.8 -1.5
v -2.7 2.9 -1.5
v -2.6 1.6 -1.5
v -2.6 1.7 -1.5
v -2.6 1.8 -1.5
v -2.6 1.9 -1.5
v -2.6 2.5 -1.5
v -2.6 2.6 -1.5
v -2.6 2.7 -1.5
v -2.6 2.8 -1.5
v -2.6 3.5 -1.5
v -2.6 3.7 -1.5
v -2.5 0.9 -1.5
v -2.5 1.6 -1.5
v -2.5 1.8 -1.5
v -2.5 1.9 -1.5
v -2.5 2 -1.5
v -2.5 2.5 -1.5
v -2.5 2.7 -1.5
v -2.5 2.8 -1.5
v -2.5 2.9 -1.5
v -2.5 3.3 -1.5
v -2.5 3.5 -1.5
v -2.5 3.7 -1.5
v -2.5 3.8 -1.5
v -2.4 3.3 -1.5
v -2.4 3.6 -1.5
v -2.3 0.9 -1.5
v -2.3 1.6 -1.5
v -2.3 1.8 -1.5
v -2.3 1.9 -1.5
v -2.3 2 -1.5
v -2.3 2.5 -1.5
v -2.3 2.7 -1.5
v -2.3 2.8 -1.5
v -2.3 2.9 -1.5
v -2.3 3.5 -1.5
v -2.3 3.6 -1.5
v -2.3 3.7 -1.5
v -2.3 3.8 -1.5
v -2.2 1.6 -1.5
v -2.2 1.7 -1.5
v -2.2 1.8 -1.5
v -2.2 1.9 -1.5
v -2.2 2.5 -1.5
v -2.2 2.6 -1.5
v -2.2 2.7 -1.5
v -2.2 2.8 -1.5
v -2.2 3.5 -1.5
v -2.2 3.7 -1.5
v -2.1 1.7 -1.5
v -2.1 1.8 -1.5
v -2.1 1.9 -1.5
v -2.1 2 -1.5
v -2.1 2.6 -1.5
v -2.1 2.7 -1.5
v -2.1 2.8 -1.5
v -2.1 2.9 -1.5
v -2 1.8 -1.5
v -2 1.9 -1.5
v -2 2 -1.5
v -2 2.1 -1.5
v -2 2.7 -1.5
v -2 2.8 -1.5
v -2 2.9 -1.5
v -2 3 -1.5
v -1.9 2 -1.5
v -1.9 2.1 -1.5
v -1.9 2.2 -1.5
v -1.9 2.8 -1.5
v -1.9 2.9 -1.5
v -1.9 3 -1.5
v -1.9 3.1 -1.5
v -1.8 2 -1.5
v -1.8 2.1 -1.5
v -1.8 2.2 -1.5
v -1.8 2.3 -1.5
v -1.8 2.9 -1.5
v -1.8 3 -1.5
v -1.8 3.1 -1.5
v -1.8 3.2 -1.5
v -1.7 2.1 -1.5
v -1.7 2.2 -1.5
v -1.7 2.3 -1.5
v -1.7 2.4 -1.5
v -1.7 3 -1.5
v -1.7 3.1 -1.5
v -1.7 3.2 -1.5
v -1.7 3.3 -1.5
v -1.6 2.1 -1.5
v -1.6 2.2 -1.5
v -1.6 2.4 -1.5
v -1.6 3.1 -1.5
v -1.6 3.3 -1.5
v -1.6 3.4 -1.5
v -1.5 3.1 -1.5
v -1.5 3.4 -1.5
v -1.4 2.2 -1.5
v -1.4 2.4 -1.5
v -1.1 1.3 -1.5
v -1.1 1.4 -1.5
v -0.9 1.3 -1.5
v -0.9 1.4 -1.5
v -0.9 4.3 -1.5
v -0.9 4.5 -1.5
v -0.8 4.3 -1.5
v -0.8 4.5 -1.5
v -0.6 2.7 -1.5
v -0.6 2.8 -1.5
v -0.6 4.3 -1.5
v -0.6 4.4 -1.5
v -0.6 4.6 -1.5
v -0.6 4.7 -1.5
v -0.4 2.7 -1.5
v -0.4 2.8 -1.5
v -0.4 4.3 -1.5
v -0.4 4.4 -1.5
v -0.4 4.6 -1.5
v -0.4 4.7 -1.5
v 0 1.2 -1.5
v 0 1.3 -1.5
v 0.2 1.2 -1.5
v 0.2 1.3 -1.5
v 0.4 0.9 -1.5
v 0.4 1 -1.5
v 0.5 0.9 -1.5
v 0.5 1 -1.5
v -4.3 1.4 -1.6
v -4.3 1.5 -1.6
v -4.1 1.4 -1.6
v -4.1 1.5 -1.6
v -3.9 1.2 -1.6
v -3.9 1.3 -1.6
v -3.9 2.5 -1.6
v -3.9 2.6 -1.6
v -3.8 1.3 -1.6
v -3.8 2 -1.6
v -3.8 2.1 -1.6
v -3.8 2.6 -1.6
v -3.8 2.7 -1.6
v -3.7 1.2 -1.6
v -3.7 1.3 -1.6
v -3.7 1.9 -1.6
v -3.7 2 -1.6
v -3.7 2.1 -1.6
v -3.7 2.5 -1.6
v -3.7 2.6 -1.6
v -3.7 2.7 -1.6
v -3.6 1.9 -1.6
v -3.6 2 -1.6
v -3.3 3.1 -1.6
v -3.3 3.3 -1.6
v -3.2 3.1 -1.6
v -3.2 3.3 -1.6
v -3 0.9 -1.6
v -3 1 -1.6
v -2.8 0.9 -1.6
v -2.8 1 -1.6
v -2.6 1.9 -1.6
v -2.6 2 -1.6
v -2.6 2.8 -1.6
v -2.6 2.9 -1.6
v -2.5 1.6 -1.6
v -2.5 1.7 -1.6
v -2.5 1.9 -1.6
v -2.5 2 -1.6
v -2.5 2.5 -1.6
v -2.5 2.6 -1.6
v -2.5 2.8 -1.6
v -2.5 2.9 -1.6
v -2.5 3.3 -1.6
v -2.5 3.7 -1.6
v -2.4 3.3 -1.6
v -2.4 3.6 -1.6
v -2.3 1.6 -1.6
v -2.3 1.7 -1.6
v -2.3 1.9 -1.6
v -2.3 2 -1.6
v -2.3 2.5 -1.6
v -2.3 2.6 -1.6
v -2.3 2.8 -1.6
v -2.3 2.9 -1.6
v -2.3 3.6 -1.6
v -2.3 3.7 -1.6
v -2.2 1.9 -1.6
v -2.2 2 -1.6
v -2.2 2.8 -1.6
v -2.2 2.9 -1.6
v -2 1.9 -1.6
v -2 2 -1.6
v -1.9 1.9 -1.6
v -1.9 2 -1.6
v -0.6 2.8 -1.6
v -0.6 2.9 -1.6
v -0.6 4.4 -1.6
v -0.6 4.5 -1.6
v -0.4 2.8 -1.6
v -0.4 2.9 -1.6
v -0.4 4.4 -1.6
v -0.4 4.5 -1.6
v -4.6 1.3 -1.7
v -4.6 1.4 -1.7
v -4.5 1.3 -1.7
v -4.5 1.4 -1.7
v -4.3 1.3 -1.7
v -4.3 1.4 -1.7
v -4.1 1.3 -1.7
v -4.1 1.4 -1.7
v -3.9 1.3 -1.7
v -3.9 1.4 -1.7
v -3.8 1.3 -1.7
v -3.8 1.4 -1.7
v -3.8 1.9 -1.7
v -3.8 2 -1.7
v -3.7 1.9 -1.7
v -3.7 2 -1.7
v -2.7 2 -1.7
v -2.7 2.1 -1.7
v -2.7 2.9 -1.7
v -2.7 3 -1.7
v -2.6 2 -1.7
v -2.6 2.1 -1.7
v -2.6 2.9 -1.7
v -2.6 3 -1.7
v -2.5 1.7 -1.7
v -2.5 1.8 -1.7
v -2.5 2.6 -1.7
v -2.5 2.7 -1.7
v -2.3 1.7 -1.7
v -2.3 1.8 -1.7
v -2.3 2.6 -1.7
v -2.3 2.7 -1.7
v -2.2 2 -1.7
v -2.2 2.1 -1.7
v -2.2 2.9 -1.7
v -2.2 3 -1.7
v -2.1 2 -1.7
v -2.1 2.1 -1.7
v -2.1 2.9 -1.7
v -2.1 3 -1.7
v 0.3 0.9 -1.7
v 0.3 1 -1.7
v 0.4 0.9 -1.7
v 0.4 1 -1.7
v -4.5 1.4 -1.8
v -4.5 1.5 -1.8
v -4.4 1.4 -1.8
v -4.4 1.5 -1.8
v -4.3 1.2 -1.8
v -4.3 1.3 -1.8
v -4.1 1.2 -1.8
v -4.1 1.3 -1.8
v -4 1.4 -1.8
v -4 1.5 -1.8
v -3.9 1.4 -1.8
v -3.9 1.5 -1.8
v -3.9 1.8 -1.8
v -3.9 1.9 -1.8
v -3.9 2 -1.8
v -3.8 1.9 -1.8
v -3.8 2 -1.8
v -3.7 1.8 -1.8
v -3.7 1.9 -1.8
v -3.5 0.9 -1.8
v -3.5 1 -1.8
v -3.2 0.9 -1.8
v -3.2 1 -1.8
v -2.8 1.9 -1.8
v -2.8 2 -1.8
v -2.8 2.8 -1.8
v -2.8 2.9 -1.8
v -2.7 1.9 -1.8
v -2.7 2 -1.8
v -2.7 2.8 -1.8
v -2.7 2.9 -1.8
v -2.5 1.8 -1.8
v -2.5 1.9 -1.8
v -2.5 2.7 -1.8
v -2.5 2.8 -1.8
v -2.3 1.3 -1.8
v -2.3 1.4 -1.8
v -2.3 1.8 -1.8
v -2.3 1.9 -1.8
v -2.3 2.7 -1.8
v -2.3 2.8 -1.8
v -2.2 1.9 -1.8
v -2.2 2 -1.8
v -2.1 1.3 -1.8
v -2.1 1.4 -1.8
v -2.1 1.9 -1.8
v -2.1 2 -1.8
v -2.1 2.8 -1.8
v -2.1 2.9 -1.8
v -2.1 3 -1.8
v -2 1.9 -1.8
v -2 2 -1.8
v -2 2.8 -1.8
v -2 2.9 -1.8
v -2 3 -1.8
v -0.7 1.2 -1.8
v -0.7 1.3 -1.8
v -0.6 4.5 -1.8
v -0.6 4.6 -1.8
v -0.5 1.2 -1.8
v -0.5 1.3 -1.8
v -0.5 2.9 -1.8
v -0.5 3 -1.8
v -0.4 2.9 -1.8
v -0.4 3 -1.8
v -0.4 4.5 -1.8
v -0.4 4.6 -1.8
v 0.0999999 1.3 -1.8
v 0.0999999 1.4 -1.8
v 0.3 1.3 -1.8
v 0.3 1.4 -1.8
v -5.1 0.9 -1.9
v -5.1 1 -1.9
v -5 0.9 -1.9
v -5 1 -1.9
v -4.4 1.3 -1.9
v -4.4 1.4 -1.9
v -4.3 1.3 -1.9
v -4.3 1.4 -1.9
v -4.1 1.3 -1.9
v -4.1 1.4 -1.9
v -4 1.3 -1.9
v -4 1.4 -1.9
v -2.5 1.9 -1.9
v -2.5 2 -1.9
v -2.5 2.8 -1.9
v -2.5 2.9 -1.9
v -2.3 1.2 -1.9
v -2.3 1.3 -1.9
v -2.3 1.9 -1.9
v -2.3 2 -1.9
v -2.3 2.8 -1.9
v -2.3 2.9 -1.9
v -2.1 1.2 -1.9
v -2.1 1.3 -1.9
v -0.7 1.1 -1.9
v -0.7 1.2 -1.9
v -0.6 2.7 -1.9
v -0.6 2.9 -1.9
v -0.6 3 -1.9
v -0.6 4.1 -1.9
v -0.6 4.3 -1.9
v -0.6 4.5 -1.9
v -0.5 1.1 -1.9
v -0.5 1.2 -1.9
v -0.5 2.7 -1.9
v -0.5 2.9 -1.9
v -0.5 3 -1.9
v -0.5 4.1 -1.9
v -0.5 4.2 -1.9
v -0.5 4.3 -1.9
v -0.5 4.4 -1.9
v -0.4 4.4 -1.9
v -0.4 4.5 -1.9
v 0.0999999 1.2 -1.9
v 0.0999999 1.3 -1.9
v 0.3 1.2 -1.9
v 0.3 1.3 -1.9
v -2.5 2 -2
v -2.5 2.1 -2
v -2.5 2.9 -2
v -2.5 3 -2
v -2.3 1.1 -2
v -2.3 1.2 -2
v -2.3 2 -2
v -2.3 2.1 -2
v -2.3 2.9 -2
v -2.3 3 -2
v -2.1 1.1 -2
v -2.1 1.2 -2
v -0.5 2.6 -2
v -0.5 2.9 -2
v -0.5 4.2 -2
v -0.5 4.4 -2
v -0.4 2.6 -2
v -0.4 2.9 -2
v -0.4 4.2 -2
v -0.4 4.4 -2
v 0.0999999 1.1 -2
v 0.0999999 1.2 -2
v 0.3 1.1 -2
v 0.3 1.2 -2
v -5.4 1.4 -2.1
v -5.4 1.5 -2.1
v -5.3 1.5 -2.1
v -5.3 1.6 -2.1
v -5.2 1.4 -2.1
v -5.2 1.5 -2.1
v -5.2 1.6 -2.1
v -5.2 1.7 -2.1
v -5.1 1.5 -2.1
v -5.1 1.6 -2.1
v -5.1 1.7 -2.1
v -5.1 1.8 -2.1
v -4.9 1.5 -2.1
v -4.9 1.6 -2.1
v -4.9 1.7 -2.1
v -4.9 1.8 -2.1
v -4.8 1.4 -2.1
v -4.8 1.5 -2.1
v -4.8 1.6 -2.1
v -4.8 1.7 -2.1
v -4.7 1.3 -2.1
v -4.7 1.4 -2.1
v -4.7 1.5 -2.1
v -4.7 1.6 -2.1
v -4.6 1.2 -2.1
v -4.6 1.3 -2.1
v -4.6 1.4 -2.1
v -4.6 1.5 -2.1
v -4.5 1.1 -2.1
v -4.5 1.2 -2.1
v -4.5 1.3 -2.1
v -4.5 1.4 -2.1
v -4.4 1 -2.1
v -4.4 1.1 -2.1
v -4.4 1.2 -2.1
v -4.4 1.3 -2.1
v -4.3 0.9 -2.1
v -4.3 1 -2.1
v -4.3 1.2 -2.1
v -4.3 1.3 -2.1
v -4.1 0.9 -2.1
v -4.1 1 -2.1
v -4.1 1.2 -2.1
v -4.1 1.3 -2.1
v -4 1 -2.1
v -4 1.1 -2.1
v -4 1.2 -2.1
v -4 1.3 -2.1
v -3.9 1.1 -2.1
v -3.9 1.2 -2.1
v -3.9 1.3 -2.1
v -3.9 1.4 -2.1
v -3.8 1.2 -2.1
v -3.8 1.3 -2.1
v -3.8 1.4 -2.1
v -3.8 1.5 -2.1
v -3.7 1.3 -2.1
v -3.7 1.4 -2.1
v -3.7 1.5 -2.1
v -3.7 1.6 -2.1
v -3.6 1.4 -2.1
v -3.6 1.5 -2.1
v -3.6 1.6 -2.1
v -3.6 1.7 -2.1
v -3.5 1.5 -2.1
v -3.5 1.6 -2.1
v -3.5 1.7 -2.1
v -3.5 1.8 -2.1
v -3.4 1.6 -2.1
v -3.4 1.8 -2.1
v -3.3 1.5 -2.1
v -3.3 1.6 -2.1
v -3.3 1.7 -2.1
v -3.3 1.8 -2.1
v -3.2 1.4 -2.1
v -3.2 1.5 -2.1
v -3.2 1.6 -2.1
v -3.2 1.7 -2.1
v -3.1 1.5 -2.1
v -3.1 1.6 -2.1
v -3 1.4 -2.1
v -3 1.5 -2.1
v -2.5 2.1 -2.1
v -2.5 2.2 -2.1
v -2.5 3 -2.1
v -2.5 3.1 -2.1
v -2.4 2.1 -2.1
v -2.4 2.2 -2.1
v -2.3 3 -2.1
v -2.3 3.1 -2.1
v -1 1.2 -2.1
v -1 1.3 -2.1
v -0.9 1.1 -2.1
v -0.9 1.2 -2.1
v -0.8 1 -2.1
v -0.8 1.1 -2.1
v -0.8 1.2 -2.1
v -0.8 1.3 -2.1
v -0.7 0.9 -2.1
v -0.7 1 -2.1
v -0.7 1.2 -2.1
v -0.5 0.9 -2.1
v -0.5 1 -2.1
v -0.5 1.2 -2.1
v -0.4 1 -2.1
v -0.4 1.1 -2.1
v -0.4 1.2 -2.1
v -0.4 1.3 -2.1
v -0.3 1.1 -2.1
v -0.3 1.2 -2.1
v -0.3 1.3 -2.1
v -0.2 1.2 -2.1
v -0.2 1.3 -2.1
v -4.4 1.3 -2.2
v -4.4 1.4 -2.2
v -4.3 1 -2.2
v -4.3 1.1 -2.2
v -4.3 1.3 -2.2
v -4.3 1.4 -2.2
v -4.1 1 -2.2
v -4.1 1.1 -2.2
v -4.1 1.3 -2.2
v -4.1 1.4 -2.2
v -4 1.3 -2.2
v -4 1.4 -2.2
v -3.4 1.2 -2.2
v -3.4 1.3 -2.2
v -3.2 1.2 -2.2
v -3.2 1.3 -2.2
v -2.7 1.3 -2.2
v -2.7 1.4 -2.2
v -2.6 1.2 -2.2
v -2.6 1.3 -2.2
v -2.5 1.1 -2.2
v -2.5 1.2 -2.2
v -2.5 1.3 -2.2
v -2.5 1.4 -2.2
v -2.5 2.4 -2.2
v -2.5 2.5 -2.2
v -2.4 1 -2.2
v -2.4 1.1 -2.2
v -2.4 1.2 -2.2
v -2.4 1.3 -2.2
v -2.4 2.1 -2.2
v -2.4 2.2 -2.2
v -2.4 2.4 -2.2
v -2.4 3.1 -2.2
v -2.4 3.2 -2.2
v -2.4 3.3 -2.2
v -2.4 3.4 -2.2
v -2.3 0.9 -2.2
v -2.3 1 -2.2
v -2.3 1.2 -2.2
v -2.3 2.1 -2.2
v -2.3 2.2 -2.2
v -2.3 2.4 -2.2
v -2.3 2.5 -2.2
v -2.3 3.1 -2.2
v -2.3 3.2 -2.2
v -2.3 3.3 -2.2
v -2.3 3.4 -2.2
v -2.1 0.9 -2.2
v -2.1 1 -2.2
v -2.1 1.2 -2.2
v -2 1 -2.2
v -2 1.1 -2.2
v -2 1.2 -2.2
v -2 1.3 -2.2
v -1.9 1.1 -2.2
v -1.9 1.2 -2.2
v -1.9 1.3 -2.2
v -1.9 1.4 -2.2
v -1.8 1.2 -2.2
v -1.8 1.3 -2.2
v -1.7 1.3 -2.2
v -1.7 1.4 -2.2
v -0.7 1 -2.2
v -0.7 1.1 -2.2
v -0.5 1 -2.2
v -0.5 1.1 -2.2
v -0.3 1.3 -2.2
v -0.3 1.4 -2.2
v -0.2 1.2 -2.2
v -0.2 1.3 -2.2
v -0.0999999 1.1 -2.2
v -0.0999999 1.2 -2.2
v -0.0999999 1.3 -2.2
v -0.0999999 1.4 -2.2
v 0 1 -2.2
v 0 1.1 -2.2
v 0 1.2 -2.2
v 0 1.3 -2.2
v 0.0999999 0.9 -2.2
v 0.0999999 1 -2.2
v 0.0999999 1.2 -2.2
v 0.3 0.9 -2.2
v 0.3 1 -2.2
v 0.3 1.2 -2.2
v 0.4 1 -2.2
v 0.4 1.1 -2.2
v 0.4 1.2 -2.2
v 0.4 1.3 -2.2
v 0.5 1.1 -2.2
v 0.5 1.2 -2.2
v 0.5 1.3 -2.2
v 0.5 1.4 -2.2
v 0.6 1.2 -2.2
v 0.6 1.3 -2.2
v 0.7 1.3 -2.2
v 0.7 1.4 -2.2
v -5.4 3.9 -2.3
v -5.4 4.3 -2.3
v -5.3 3.9 -2.3
v -5.3 4.3 -2.3
v -4.5 1.4 -2.3
v -4.5 1.5 -2.3
v -4.4 1.4 -2.3
v -4.4 1.5 -2.3
v -4.3 1.1 -2.3
v -4.3 1.2 -2.3
v -4.1 1.1 -2.3
v -4.1 1.2 -2.3
v -4 1.4 -2.3
v -4 1.5 -2.3
v -3.9 1.4 -2.3
v -3.9 1.5 -2.3
v -3.4 1.1 -2.3
v -3.4 1.2 -2.3
v -3.2 1.1 -2.3
v -3.2 1.2 -2.3
v -2.6 3.1 -2.3
v -2.6 3.3 -2.3
v -2.5 2.3 -2.3
v -2.5 2.4 -2.3
v -2.5 3.1 -2.3
v -2.5 3.3 -2.3
v -2.5 3.4 -2.3
v -2.4 2.2 -2.3
v -2.4 2.3 -2.3
v -2.4 2.4 -2.3
v -2.4 3.2 -2.3
v -2.4 3.3 -2.3
v -2.4 3.4 -2.3
v -2.3 1 -2.3
v -2.3 1.1 -2.3
v -2.3 2.2 -2.3
v -2.3 2.4 -2.3
v -2.3 3.2 -2.3
v -2.3 3.3 -2.3
v -2.1 1 -2.3
v -2.1 1.1 -2.3
v -1.6 0.9 -2.3
v -1.6 1 -2.3
v -1.5 0.9 -2.3
v -1.5 1 -2.3
v -0.7 1.1 -2.3
v -0.7 1.2 -2.3
v -0.5 1.1 -2.3
v -0.5 1.2 -2.3
v 0.0999999 1 -2.3
v 0.0999999 1.1 -2.3
v 0.3 1 -2.3
v 0.3 1.1 -2.3
v -5.5 4.4 -2.4
v -5.5 4.5 -2.4
v -5.4 4.3 -2.4
v -5.4 4.4 -2.4
v -5.4 4.5 -2.4
v -5.3 2.3 -2.4
v -5.3 2.7 -2.4
v -5.3 2.8 -2.4
v -5.2 2.3 -2.4
v -5.2 2.7 -2.4
v -5.2 2.8 -2.4
v -5.2 4.3 -2.4
v -5.2 4.4 -2.4
v -4.6 1 -2.4
v -4.6 1.1 -2.4
v -4.6 1.3 -2.4
v -4.6 1.4 -2.4
v -4.5 1.3 -2.4
v -4.5 1.4 -2.4
v -4.4 1 -2.4
v -4.4 1.1 -2.4
v -4.3 1.2 -2.4
v -4.3 1.3 -2.4
v -4.1 1.2 -2.4
v -4.1 1.3 -2.4
v -3.9 1.3 -2.4
v -3.9 1.4 -2.4
v -3.8 1.3 -2.4
v -3.8 1.4 -2.4
v -2.5 2.2 -2.4
v -2.5 2.3 -2.4
v -2.5 3.1 -2.4
v -2.5 3.3 -2.4
v -2.4 2.2 -2.4
v -2.4 2.3 -2.4
v -2.4 3.1 -2.4
v -2.4 3.3 -2.4
v -2.3 1.1 -2.4
v -2.3 1.2 -2.4
v -2.1 1.1 -2.4
v -2.1 1.2 -2.4
v -0.7 1.2 -2.4
v -0.7 1.3 -2.4
v -0.5 1.2 -2.4
v -0.5 1.3 -2.4
v 0.0999999 1.1 -2.4
v 0.0999999 1.2 -2.4
v 0.3 1.1 -2.4
v 0.3 1.2 -2.4
v -5.4 2.7 -2.5
v -5.4 2.8 -2.5
v -5.4 2.9 -2.5
v -5.4 4.4 -2.5
v -5.4 4.5 -2.5
v -5.3 2.7 -2.5
v -5.3 2.8 -2.5
v -5.2 2.8 -2.5
v -5.2 2.9 -2.5
v -5.2 4.4 -2.5
v -5.2 4.5 -2.5
v -4.6 1.1 -2.5
v -4.6 1.2 -2.5
v -4.4 1.1 -2.5
v -4.4 1.2 -2.5
v -4.3 1.3 -2.5
v -4.3 1.4 -2.5
v -4.1 1.3 -2.5
v -4.1 1.4 -2.5
v -3.7 1.2 -2.5
v -3.7 1.3 -2.5
v -3.6 1.1 -2.5
v -3.6 1.2 -2.5
v -3.5 1 -2.5
v -3.5 1.1 -2.5
v -3.5 1.2 -2.5
v -3.5 1.3 -2.5
v -3.4 0.9 -2.5
v -3.4 1 -2.5
v -3.4 1.2 -2.5
v -3.2 0.9 -2.5
v -3.2 1 -2.5
v -3.2 1.2 -2.5
v -3.1 1 -2.5
v -3.1 1.1 -2.5
v -3.1 1.2 -2.5
v -3.1 1.3 -2.5
v -3 1.1 -2.5
v -3 1.2 -2.5
v -2.9 1.2 -2.5
v -2.9 1.3 -2.5
v -2.3 1.2 -2.5
v -2.3 1.3 -2.5
v -2.1 1.2 -2.5
v -2.1 1.3 -2.5
v -1.5 0.9 -2.5
v -1.5 1 -2.5
v -1.4 0.9 -2.5
v -1.4 1 -2.5
v 0.0999999 1.2 -2.5
v 0.0999999 1.3 -2.5
v 0.3 1.2 -2.5
v 0.3 1.3 -2.5
v -4.6 1 -2.6
v -4.6 1.1 -2.6
v -4.4 1 -2.6
v -4.4 1.1 -2.6
v -4.3 1.4 -2.6
v -4.3 1.5 -2.6
v -4.1 1.4 -2.6
v -4.1 1.5 -2.6
v -3.4 1 -2.6
v -3.4 1.1 -2.6
v -3.2 1 -2.6
v -3.2 1.1 -2.6
v -2.3 1.3 -2.6
v -2.3 1.4 -2.6
v -2.1 1.3 -2.6
v -2.1 1.4 -2.6
v -1.5 1.4 -2.6
v -1.5 1.5 -2.6
v -1.5 2.2 -2.6
v -1.5 2.3 -2.6
v -1.5 3.1 -2.6
v -1.5 3.2 -2.6
v -1.5 4 -2.6
v -1.5 4.1 -2.6
v -1.4 2.3 -2.6
v -1.3 1.4 -2.6
v -1.3 1.5 -2.6
v -1.3 2.2 -2.6
v -1.3 2.3 -2.6
v -1.3 3.1 -2.6
v -1.3 3.2 -2.6
v -1.3 4 -2.6
v -1.3 4.1 -2.6
v 0.0999999 1.3 -2.6
v 0.0999999 1.4 -2.6
v 0.3 1.3 -2.6
v 0.3 1.4 -2.6
v -5.4 2.9 -2.7
v -5.4 3 -2.7
v -5.4 4.5 -2.7
v -5.4 4.6 -2.7
v -5.2 2.9 -2.7
v -5.2 3 -2.7
v -5.2 4.5 -2.7
v -5.2 4.6 -2.7
v -5.1 0.9 -2.7
v -5.1 1 -2.7
v -5 0.9 -2.7
v -5 1 -2.7
v -4.3 1.5 -2.7
v -4.3 1.6 -2.7
v -4.1 1.5 -2.7
v -4.1 1.6 -2.7
v -3.4 1.1 -2.7
v -3.4 1.2 -2.7
v -3.2 1.1 -2.7
v -3.2 1.2 -2.7
v -1.5 1.5 -2.7
v -1.5 1.6 -2.7
v -1.5 2.3 -2.7
v -1.5 2.4 -2.7
v -1.5 3.2 -2.7
v -1.5 3.3 -2.7
v -1.5 4.1 -2.7
v -1.5 4.2 -2.7
v -1.4 2.3 -2.7
v -1.4 2.4 -2.7
v -1.3 1.5 -2.7
v -1.3 1.6 -2.7
v -1.3 2.3 -2.7
v -1.3 2.4 -2.7
v -1.3 3.2 -2.7
v -1.3 3.3 -2.7
v -1.3 4.1 -2.7
v -1.3 4.2 -2.7
v -5.3 2.8 -2.8
v -5.3 2.9 -2.8
v -5.2 2.8 -2.8
v -5.2 2.9 -2.8
v -4.9 1 -2.8
v -4.9 1.1 -2.8
v -4.8 1 -2.8
v -4.8 1.1 -2.8
v -4.8 1.2 -2.8
v -4.7 1 -2.8
v -4.7 1.1 -2.8
v -4.7 1.2 -2.8
v -4.6 0.9 -2.8
v -4.6 1 -2.8
v -4.6 1.1 -2.8
v -4.4 0.9 -2.8
v -4.4 1 -2.8
v -4.4 1.1 -2.8
v -4.3 1 -2.8
v -4.3 1.1 -2.8
v -4.3 1.2 -2.8
v -4.2 1 -2.8
v -4.2 1.1 -2.8
v -4.2 1.2 -2.8
v -4.1 1 -2.8
v -4.1 1.1 -2.8
v -3.4 1.2 -2.8
v -3.4 1.3 -2.8
v -3.2 1.2 -2.8
v -3.2 1.3 -2.8
v -3.1 1.4 -2.8
v -3.1 1.5 -2.8
v -3 1.4 -2.8
v -3 1.5 -2.8
v -2.1 1.2 -2.8
v -2.1 1.3 -2.8
v -1.9 1.2 -2.8
v -1.9 1.3 -2.8
v 0.5 1.2 -2.8
v 0.5 1.3 -2.8
v 0.7 1.2 -2.8
v 0.7 1.3 -2.8
v -5.8 4.4 -2.9
v -5.8 4.5 -2.9
v -5.7 4.4 -2.9
v -5.7 4.5 -2.9
v -5.4 1.4 -2.9
v -5.4 2.6 -2.9
v -5.4 2.8 -2.9
v -5.4 2.9 -2.9
v -5.4 3.8 -2.9
v -5.3 1.4 -2.9
v -5.3 2.6 -2.9
v -5.3 2.8 -2.9
v -5.3 3.8 -2.9
v -5 2.8 -2.9
v -5 2.9 -2.9
v -5 4.3 -2.9
v -5 4.4 -2.9
v -5 4.5 -2.9
v -4.9 2.5 -2.9
v -4.9 2.8 -2.9
v -4.9 2.9 -2.9
v -4.9 4.3 -2.9
v -4.9 4.4 -2.9
v -4.9 4.5 -2.9
v -4.8 2.5 -2.9
v -4.8 2.6 -2.9
v -4.8 2.7 -2.9
v -4.8 2.8 -2.9
v -4.8 4.1 -2.9
v -4.8 4.3 -2.9
v -4.7 2.6 -2.9
v -4.7 2.7 -2.9
v -4.7 4.1 -2.9
v -4.7 4.3 -2.9
v -4.6 1 -2.9
v -4.6 1.1 -2.9
v -4.5 1.5 -2.9
v -4.5 1.6 -2.9
v -4.4 1 -2.9
v -4.4 1.1 -2.9
v -4.4 1.5 -2.9
v -4.4 1.6 -2.9
v -4.3 1.7 -2.9
v -4.3 1.8 -2.9
v -4.2 1.7 -2.9
v -4.2 1.8 -2.9
v -4.1 1.7 -2.9
v -4.1 1.8 -2.9
v -3.9 0.9 -2.9
v -3.9 1 -2.9
v -3.8 0.9 -2.9
v -3.8 1 -2.9
v -3.1 1.3 -2.9
v -3.1 1.4 -2.9
v -3 0.9 -2.9
v -3 1 -2.9
v -2.9 0.9 -2.9
v -2.9 1 -2.9
v -2.9 1.3 -2.9
v -2.9 1.4 -2.9
v -2.1 1.1 -2.9
v -2.1 1.2 -2.9
v -1.9 1.1 -2.9
v -1.9 1.2 -2.9
v -1.5 1.7 -2.9
v -1.5 1.8 -2.9
v -1.5 2.5 -2.9
v -1.5 2.6 -2.9
v -1.5 3.4 -2.9
v -1.5 3.5 -2.9
v -1.5 4.3 -2.9
v -1.5 4.4 -2.9
v -1.3 1.7 -2.9
v -1.3 1.8 -2.9
v -1.3 2.5 -2.9
v -1.3 2.6 -2.9
v -1.3 3.4 -2.9
v -1.3 3.5 -2.9
v -1.3 4.3 -2.9
v -1.3 4.4 -2.9
v -0.6 0.9 -2.9
v -0.6 1 -2.9
v -0.5 0.9 -2.9
v -0.5 1 -2.9
v 0.5 1.1 -2.9
v 0.5 1.2 -2.9
v 0.7 1.1 -2.9
v 0.7 1.2 -2.9
v -5.8 4 -3
v -5.8 4.4 -3
v -5.7 2.6 -3
v -5.7 2.7 -3
v -5.7 2.8 -3
v -5.7 3 -3
v -5.7 4 -3
v -5.7 4.2 -3
v -5.7 4.3 -3
v -5.7 4.4 -3
v -5.7 4.5 -3
v -5.7 4.6 -3
v -5.6 2.5 -3
v -5.6 2.6 -3
v -5.6 2.7 -3
v -5.6 2.8 -3
v -5.6 2.9 -3
v -5.6 4.2 -3
v -5.6 4.3 -3
v -5.6 4.4 -3
v -5.6 4.5 -3
v -5.5 2.5 -3
v -5.5 2.7 -3
v -5.5 2.8 -3
v -5.5 2.9 -3
v -5.5 3 -3
v -5.5 4.3 -3
v -5.5 4.4 -3
v -5.5 4.5 -3
v -5.5 4.6 -3
v -5.5 4.7 -3
v -5.4 0.9 -3
v -5.4 1.4 -3
v -5.4 2.6 -3
v -5.4 2.7 -3
v -5.4 2.9 -3
v -5.4 3.8 -3
v -5.4 4.3 -3
v -5.4 4.5 -3
v -5.4 4.6 -3
v -5.4 4.7 -3
v -5.4 4.8 -3
v -5.3 1.4 -3
v -5.3 2.6 -3
v -5.3 2.9 -3
v -5.3 3.8 -3
v -5.2 0.9 -3
v -5.2 2.7 -3
v -5.2 2.9 -3
v -5.2 4.3 -3
v -5.2 4.5 -3
v -5.2 4.6 -3
v -5.2 4.7 -3
v -5.2 4.8 -3
v -5.1 2.7 -3
v -5.1 2.8 -3
v -5.1 2.9 -3
v -5.1 3 -3
v -5.1 4.3 -3
v -5.1 4.4 -3
v -5.1 4.5 -3
v -5.1 4.6 -3
v -5.1 4.7 -3
v -5 2.8 -3
v -5 2.9 -3
v -5 4.4 -3
v -5 4.5 -3
v -4.9 2.8 -3
v -4.9 2.9 -3
v -4.9 4.4 -3
v -4.9 4.5 -3
v -4.8 2.7 -3
v -4.8 2.8 -3
v -4.8 2.9 -3
v -4.8 3 -3
v -4.8 4.3 -3
v -4.8 4.4 -3
v -4.8 4.5 -3
v -4.8 4.6 -3
v -4.7 2.7 -3
v -4.7 2.9 -3
v -4.7 4.3 -3
v -4.7 4.5 -3
v -4.6 1.1 -3
v -4.6 1.2 -3
v -4.6 1.4 -3
v -4.6 1.5 -3
v -4.6 1.6 -3
v -4.5 1.4 -3
v -4.5 1.6 -3
v -4.4 1.1 -3
v -4.4 1.2 -3
v -4.3 1.6 -3
v -4.3 1.7 -3
v -4.1 1.6 -3
v -4.1 1.7 -3
v -4 0.9 -3
v -4 1 -3
v -3.9 0.9 -3
v -3.9 1 -3
v -3.1 1.2 -3
v -3.1 1.3 -3
v -2.9 0.9 -3
v -2.9 1 -3
v -2.9 1.2 -3
v -2.9 1.3 -3
v -2.8 0.9 -3
v -2.8 1 -3
v -1.5 1.6 -3
v -1.5 1.7 -3
v -1.5 2.4 -3
v -1.5 2.5 -3
v -1.5 3.3 -3
v -1.5 3.4 -3
v -1.5 4.2 -3
v -1.5 4.3 -3
v -1.3 1.6 -3
v -1.3 1.7 -3
v -1.3 2.4 -3
v -1.3 2.5 -3
v -1.3 3.3 -3
v -1.3 3.4 -3
v -1.3 4.2 -3
v -1.3 4.3 -3
v -0.8 0.9 -3
v -0.8 1 -3
v -0.6 0.9 -3
v -0.6 1 -3
v -5.7 2.7 -3.1
v -5.7 2.8 -3.1
v -5.7 4.3 -3.1
v -5.7 4.5 -3.1
v -5.6 2.7 -3.1
v -5.6 2.8 -3.1
v -5.6 2.9 -3.1
v -5.6 4.3 -3.1
v -5.6 4.5 -3.1
v -5.5 2.8 -3.1
v -5.5 2.9 -3.1
v -5.4 2.7 -3.1
v -5.4 2.8 -3.1
v -5.4 4.3 -3.1
v -5.4 4.4 -3.1
v -5.4 4.6 -3.1
v -5.4 4.7 -3.1
v -5.3 2.7 -3.1
v -5.3 2.8 -3.1
v -5.2 4.3 -3.1
v -5.2 4.4 -3.1
v -5.2 4.6 -3.1
v -5.2 4.7 -3.1
v -4.7 1.4 -3.1
v -4.7 1.5 -3.1
v -4.6 1 -3.1
v -4.6 1.1 -3.1
v -4.6 1.4 -3.1
v -4.6 1.5 -3.1
v -4.4 1 -3.1
v -4.4 1.1 -3.1
v -4.3 1.5 -3.1
v -4.3 1.6 -3.1
v -4.1 1.5 -3.1
v -4.1 1.6 -3.1
v -3.1 1.1 -3.1
v -3.1 1.2 -3.1
v -2.9 1.1 -3.1
v -2.9 1.2 -3.1
v -2.4 1.2 -3.1
v -2.4 1.3 -3.1
v -2.3 1.1 -3.1
v -2.3 1.2 -3.1
v -2.2 1 -3.1
v -2.2 1.1 -3.1
v -2.2 1.2 -3.1
v -2.2 1.3 -3.1
v -2.1 0.9 -3.1
v -2.1 1 -3.1
v -2.1 1.2 -3.1
v -1.9 0.9 -3.1
v -1.9 1 -3.1
v -1.9 1.2 -3.1
v -1.8 1 -3.1
v -1.8 1.1 -3.1
v -1.8 1.2 -3.1
v -1.8 1.3 -3.1
v -1.7 1.1 -3.1
v -1.7 1.2 -3.1
v -1.6 1.2 -3.1
v -1.6 1.3 -3.1
v -1.5 1.5 -3.1
v -1.5 1.6 -3.1
v -1.5 2.3 -3.1
v -1.5 2.4 -3.1
v -1.5 3.2 -3.1
v -1.5 3.3 -3.1
v -1.5 4.1 -3.1
v -1.5 4.2 -3.1
v -1.4 0.9 -3.1
v -1.4 1 -3.1
v -1.3 0.9 -3.1
v -1.3 1 -3.1
v -1.3 1.5 -3.1
v -1.3 1.6 -3.1
v -1.3 2.3 -3.1
v -1.3 2.4 -3.1
v -1.3 3.2 -3.1
v -1.3 3.3 -3.1
v -1.3 4.1 -3.1
v -1.3 4.2 -3.1
v 0.2 1.2 -3.1
v 0.2 1.3 -3.1
v 0.3 1.1 -3.1
v 0.3 1.2 -3.1
v 0.4 1 -3.1
v 0.4 1.1 -3.1
v 0.4 1.2 -3.1
v 0.4 1.3 -3.1
v 0.5 0.9 -3.1
v 0.5 1 -3.1
v 0.5 1.2 -3.1
v 0.7 0.9 -3.1
v 0.7 1 -3.1
v 0.7 1.2 -3.1
v 0.8 1 -3.1
v 0.8 1.1 -3.1
v 0.8 1.2 -3.1
v 0.8 1.3 -3.1
v 0.9 1.1 -3.1
v 0.9 1.2 -3.1
v 1 1.2 -3.1
v 1 1.3 -3.1
v -5.4 4.4 -3.2
v -5.4 4.5 -3.2
v -5.3 2.5 -3.2
v -5.3 2.8 -3.2
v -5.3 2.9 -3.2
v -5.2 2.5 -3.2
v -5.2 2.8 -3.2
v -5.2 2.9 -3.2
v -5.2 4.4 -3.2
v -5.2 4.5 -3.2
v -4.7 1.3 -3.2
v -4.7 1.4 -3.2
v -4.6 1.3 -3.2
v -4.6 1.4 -3.2
v -4.3 1.4 -3.2
v -4.3 1.5 -3.2
v -4.3 1.9 -3.2
v -4.3 2 -3.2
v -4.2 1.9 -3.2
v -4.2 2 -3.2
v -4.1 1.4 -3.2
v -4.1 1.5 -3.2
v -3.8 1 -3.2
v -3.8 1.1 -3.2
v -3.6 1 -3.2
v -3.6 1.1 -3.2
v -3.6 1.3 -3.2
v -3.6 1.4 -3.2
v -3.5 1.3 -3.2
v -3.5 1.4 -3.2
v -2.1 1 -3.2
v -2.1 1.1 -3.2
v -1.9 1 -3.2
v -1.9 1.1 -3.2
v -1.5 1.4 -3.2
v -1.5 1.5 -3.2
v -1.5 2.2 -3.2
v -1.5 2.3 -3.2
v -1.5 3.1 -3.2
v -1.5 3.2 -3.2
v -1.5 4 -3.2
v -1.5 4.1 -3.2
v -1.3 1.4 -3.2
v -1.3 1.5 -3.2
v -1.3 2.2 -3.2
v -1.3 2.3 -3.2
v -1.3 3.1 -3.2
v -1.3 3.2 -3.2
v -1.3 4 -3.2
v -1.3 4.1 -3.2
v 0.5 1 -3.2
v 0.5 1.1 -3.2
v 0.7 1 -3.2
v 0.7 1.1 -3.2
v -5.3 1.6 -3.3
v -5.3 1.7 -3.3
v -5.2 1.6 -3.3
v -5.2 1.7 -3.3
v -4.3 1.7 -3.3
v -4.3 1.8 -3.3
v -4.3 1.9 -3.3
v -4.2 1.7 -3.3
v -4.2 1.9 -3.3
v -3.8 1.1 -3.3
v -3.8 1.2 -3.3
v -3.6 1.1 -3.3
v -3.6 1.2 -3.3
v -3.5 1.3 -3.3
v -3.5 1.4 -3.3
v -3.5 1.5 -3.3
v -3.4 1.2 -3.3
v -3.4 1.3 -3.3
v -3.4 1.4 -3.3
v -3.4 1.5 -3.3
v -3.3 1.1 -3.3
v -3.3 1.2 -3.3
v -3.3 1.3 -3.3
v -3.3 1.4 -3.3
v -3.2 1 -3.3
v -3.2 1.1 -3.3
v -3.2 1.2 -3.3
v -3.2 1.3 -3.3
v -3.1 0.9 -3.3
v -3.1 1 -3.3
v -3.1 1.2 -3.3
v -2.9 0.9 -3.3
v -2.9 1 -3.3
v -2.9 1.2 -3.3
v -2.8 1 -3.3
v -2.8 1.1 -3.3
v -2.8 1.2 -3.3
v -2.8 1.3 -3.3
v -2.7 1.1 -3.3
v -2.7 1.2 -3.3
v -2.7 1.3 -3.3
v -2.7 1.4 -3.3
v -2.6 1.2 -3.3
v -2.6 1.3 -3.3
v -2.6 1.4 -3.3
v -2.6 1.5 -3.3
v -2.5 1.3 -3.3
v -2.5 1.4 -3.3
v -2.5 1.5 -3.3
v -2.4 1.3 -3.3
v -2.4 1.4 -3.3
v -2.1 1.1 -3.3
v -2.1 1.2 -3.3
v -1.9 1.1 -3.3
v -1.9 1.2 -3.3
v -1.8 1.3 -3.3
v -1.8 1.4 -3.3
v -1.8 2.1 -3.3
v -1.8 2.2 -3.3
v -1.8 3 -3.3
v -1.8 3.1 -3.3
v -1.8 3.9 -3.3
v -1.8 4 -3.3
v -1.7 1.3 -3.3
v -1.7 1.4 -3.3
v -1.7 2.1 -3.3
v -1.7 2.2 -3.3
v -1.7 3 -3.3
v -1.7 3.1 -3.3
v -1.7 3.9 -3.3
v -1.7 4 -3.3
v -1.5 1.3 -3.3
v -1.5 1.4 -3.3
v -1.5 2.1 -3.3
v -1.5 2.2 -3.3
v -1.5 3 -3.3
v -1.5 3.1 -3.3
v -1.5 3.9 -3.3
v -1.5 4 -3.3
v -1.3 1.3 -3.3
v -1.3 1.4 -3.3
v -1.3 2.1 -3.3
v -1.3 2.2 -3.3
v -1.3 3 -3.3
v -1.3 3.1 -3.3
v -1.3 3.9 -3.3
v -1.3 4 -3.3
v -1.1 1.3 -3.3
v -1.1 1.4 -3.3
v -1.1 2.1 -3.3
v -1.1 2.2 -3.3
v -1.1 3 -3.3
v -1.1 3.1 -3.3
v -1.1 3.9 -3.3
v -1.1 4 -3.3
v -1 1.3 -3.3
v -1 1.4 -3.3
v -1 2.1 -3.3
v -1 2.2 -3.3
v -1 3 -3.3
v -1 3.1 -3.3
v -1 3.9 -3.3
v -1 4 -3.3
v 0.5 1.1 -3.3
v 0.5 1.2 -3.3
v 0.7 1.1 -3.3
v 0.7 1.2 -3.3
v -5.4 4.5 -3.4
v -5.4 4.6 -3.4
v -5.3 2.9 -3.4
v -5.3 3 -3.4
v -5.2 1.5 -3.4
v -5.2 1.6 -3.4
v -5.2 2.9 -3.4
v -5.2 3 -3.4
v -5.2 4.5 -3.4
v -5.2 4.6 -3.4
v -5.1 1.4 -3.4
v -5.1 1.5 -3.4
v -5 1.3 -3.4
v -5 1.4 -3.4
v -5 1.5 -3.4
v -5 1.6 -3.4
v -4.9 1.2 -3.4
v -4.9 1.3 -3.4
v -4.9 1.4 -3.4
v -4.9 1.5 -3.4
v -4.8 1.2 -3.4
v -4.8 1.4 -3.4
v -4.7 0.9 -3.4
v -4.7 1.2 -3.4
v -4.7 1.3 -3.4
v -4.7 1.4 -3.4
v -4.7 1.5 -3.4
v -4.6 0.9 -3.4
v -4.6 1.2 -3.4
v -4.6 1.3 -3.4
v -4.6 1.4 -3.4
v -4.6 1.5 -3.4
v -4.6 1.6 -3.4
v -4.5 1.4 -3.4
v -4.5 1.5 -3.4
v -4.5 1.6 -3.4
v -4.5 1.7 -3.4
v -4.4 1.1 -3.4
v -4.4 1.2 -3.4
v -4.4 1.5 -3.4
v -4.4 1.6 -3.4
v -4.4 1.7 -3.4
v -4.4 1.8 -3.4
v -4.3 1.2 -3.4
v -4.3 1.3 -3.4
v -4.3 1.6 -3.4
v -4.3 1.8 -3.4
v -4.2 1.1 -3.4
v -4.2 1.2 -3.4
v -3.8 1 -3.4
v -3.8 1.1 -3.4
v -3.6 1 -3.4
v -3.6 1.1 -3.4
v -3.1 1 -3.4
v -3.1 1.1 -3.4
v -2.9 1 -3.4
v -2.9 1.1 -3.4
v -2.1 1.2 -3.4
v -2.1 1.3 -3.4
v -1.9 1.2 -3.4
v -1.9 1.3 -3.4
v -1.7 1.4 -3.4
v -1.7 1.5 -3.4
v -1.7 2.2 -3.4
v -1.7 2.3 -3.4
v -1.7 3.1 -3.4
v -1.7 3.2 -3.4
v -1.7 4 -3.4
v -1.7 4.1 -3.4
v -1.6 1.4 -3.4
v -1.6 1.5 -3.4
v -1.6 2.2 -3.4
v -1.6 2.3 -3.4
v -1.6 3.1 -3.4
v -1.6 3.2 -3.4
v -1.6 4 -3.4
v -1.6 4.1 -3.4
v -1.5 1.2 -3.4
v -1.5 1.3 -3.4
v -1.5 2 -3.4
v -1.5 2.1 -3.4
v -1.5 2.9 -3.4
v -1.5 3 -3.4
v -1.5 3.8 -3.4
v -1.5 3.9 -3.4
v -1.3 1.2 -3.4
v -1.3 1.3 -3.4
v -1.3 2 -3.4
v -1.3 2.1 -3.4
v -1.3 2.9 -3.4
v -1.3 3 -3.4
v -1.3 3.8 -3.4
v -1.3 3.9 -3.4
v -1.2 1.4 -3.4
v -1.2 1.5 -3.4
v -1.2 2.2 -3.4
v -1.2 2.3 -3.4
v -1.2 3.1 -3.4
v -1.2 3.2 -3.4
v -1.2 4 -3.4
v -1.2 4.1 -3.4
v -1.1 1.4 -3.4
v -1.1 1.5 -3.4
v -1.1 2.2 -3.4
v -1.1 2.3 -3.4
v -1.1 3.1 -3.4
v -1.1 3.2 -3.4
v -1.1 4 -3.4
v -1.1 4.1 -3.4
v 0.5 1.2 -3.4
v 0.5 1.3 -3.4
v 0.7 1.2 -3.4
v 0.7 1.3 -3.4
v -5.4 2.7 -3.5
v -5.4 2.9 -3.5
v -5.4 3 -3.5
v -5.4 4.1 -3.5
v -5.4 4.3 -3.5
v -5.4 4.5 -3.5
v -5.3 2.7 -3.5
v -5.3 2.9 -3.5
v -5.3 3 -3.5
v -5.3 4.1 -3.5
v -5.3 4.2 -3.5
v -5.3 4.3 -3.5
v -5.3 4.4 -3.5
v -5.2 4.4 -3.5
v -5.2 4.5 -3.5
v -5.1 0.9 -3.5
v -5.1 1 -3.5
v -5 0.9 -3.5
v -5 1 -3.5
v -4.8 1.2 -3.5
v -4.8 1.3 -3.5
v -4.7 1.3 -3.5
v -4.6 1.2 -3.5
v -4.6 1.3 -3.5
v -3.1 1.1 -3.5
v -3.1 1.2 -3.5
v -2.9 1.1 -3.5
v -2.9 1.2 -3.5
v -1.6 1.3 -3.5
v -1.6 1.4 -3.5
v -1.6 2.1 -3.5
v -1.6 2.2 -3.5
v -1.6 3 -3.5
v -1.6 3.1 -3.5
v -1.6 3.9 -3.5
v -1.6 4 -3.5
v -1.5 1.3 -3.5
v -1.5 1.4 -3.5
v -1.5 2.1 -3.5
v -1.5 2.2 -3.5
v -1.5 3 -3.5
v -1.5 3.1 -3.5
v -1.5 3.9 -3.5
v -1.5 4 -3.5
v -1.3 1.3 -3.5
v -1.3 1.4 -3.5
v -1.3 2.1 -3.5
v -1.3 2.2 -3.5
v -1.3 3 -3.5
v -1.3 3.1 -3.5
v -1.3 3.9 -3.5
v -1.3 4 -3.5
v -1.2 1.3 -3.5
v -1.2 1.4 -3.5
v -1.2 2.1 -3.5
v -1.2 2.2 -3.5
v -1.2 3 -3.5
v -1.2 3.1 -3.5
v -1.2 3.9 -3.5
v -1.2 4 -3.5
v -1 0.9 -3.5
v -1 1 -3.5
v -0.8 0.9 -3.5
v -0.8 1 -3.5
v -0.0999999 0.9 -3.5
v -0.0999999 1 -3.5
v 0 0.9 -3.5
v 0 1 -3.5
v -5.3 2.6 -3.6
v -5.3 2.9 -3.6
v -5.3 4.2 -3.6
v -5.3 4.4 -3.6
v -5.2 2.6 -3.6
v -5.2 2.9 -3.6
v -5.2 4.2 -3.6
v -5.2 4.4 -3.6
v -4.8 1.3 -3.6
v -4.8 1.4 -3.6
v -4.7 1.3 -3.6
v -4.7 1.4 -3.6
v -4.1 1 -3.6
v -4.1 1.1 -3.6
v -4 1 -3.6
v -4 1.1 -3.6
v -4 1.2 -3.6
v -3.9 1 -3.6
v -3.9 1.1 -3.6
v -3.9 1.2 -3.6
v -3.8 0.9 -3.6
v -3.8 1 -3.6
v -3.8 1.1 -3.6
v -3.6 0.9 -3.6
v -3.6 1 -3.6
v -3.6 1.1 -3.6
v -3.5 1 -3.6
v -3.5 1.1 -3.6
v -3.5 1.2 -3.6
v -3.4 1 -3.6
v -3.4 1.1 -3.6
v -3.4 1.2 -3.6
v -3.3 1 -3.6
v -3.3 1.1 -3.6
v -3.1 1.2 -3.6
v -3.1 1.3 -3.6
v -2.9 1.2 -3.6
v -2.9 1.3 -3.6
v -0.8 0.9 -3.6
v -0.8 1 -3.6
v -0.7 0.9 -3.6
v -0.7 1 -3.6
v -0.2 0.9 -3.6
v -0.2 1 -3.6
v -0.0999999 0.9 -3.6
v -0.0999999 1 -3.6
v -4.8 1.4 -3.7
v -4.8 1.5 -3.7
v -4.7 1.4 -3.7
v -4.7 1.5 -3.7
v -3.8 1 -3.7
v -3.8 1.1 -3.7
v -3.6 1 -3.7
v -3.6 1.1 -3.7
v -3.1 1.4 -3.7
v -3.1 1.5 -3.7
v -2.9 1.4 -3.7
v -2.9 1.5 -3.7
v -2.6 1.4 -3.7
v -2.6 1.5 -3.7
v -2.6 2.2 -3.7
v -2.6 2.3 -3.7
v -2.6 3.1 -3.7
v -2.6 3.2 -3.7
v -2.6 4 -3.7
v -2.6 4.1 -3.7
v -2.5 1.4 -3.7
v -2.5 1.5 -3.7
v -2.5 1.6 -3.7
v -2.5 2.3 -3.7
v -2.5 2.4 -3.7
v -2.5 3.2 -3.7
v -2.5 3.3 -3.7
v -2.5 4.1 -3.7
v -2.5 4.2 -3.7
v -2.4 1.4 -3.7
v -2.4 1.5 -3.7
v -2.4 1.6 -3.7
v -2.4 1.7 -3.7
v -2.4 2.2 -3.7
v -2.4 2.3 -3.7
v -2.4 2.4 -3.7
v -2.4 2.5 -3.7
v -2.4 3.1 -3.7
v -2.4 3.2 -3.7
v -2.4 3.3 -3.7
v -2.4 3.4 -3.7
v -2.4 4 -3.7
v -2.4 4.1 -3.7
v -2.4 4.2 -3.7
v -2.4 4.3 -3.7
v -2.3 1.5 -3.7
v -2.3 1.6 -3.7
v -2.3 1.7 -3.7
v -2.3 1.8 -3.7
v -2.3 2.3 -3.7
v -2.3 2.4 -3.7
v -2.3 2.5 -3.7
v -2.3 2.6 -3.7
v -2.3 3.2 -3.7
v -2.3 3.3 -3.7
v -2.3 3.4 -3.7
v -2.3 3.5 -3.7
v -2.3 4.1 -3.7
v -2.3 4.2 -3.7
v -2.3 4.3 -3.7
v -2.3 4.4 -3.7
v -2.1 1.5 -3.7
v -2.1 1.6 -3.7
v -2.1 1.7 -3.7
v -2.1 1.8 -3.7
v -2.1 2.3 -3.7
v -2.1 2.4 -3.7
v -2.1 2.5 -3.7
v -2.1 2.6 -3.7
v -2.1 3.2 -3.7
v -2.1 3.3 -3.7
v -2.1 3.4 -3.7
v -2.1 3.5 -3.7
v -2.1 4.1 -3.7
v -2.1 4.2 -3.7
v -2.1 4.3 -3.7
v -2.1 4.4 -3.7
v -2 1.4 -3.7
v -2 1.5 -3.7
v -2 1.6 -3.7
v -2 1.7 -3.7
v -2 2.2 -3.7
v -2 2.3 -3.7
v -2 2.4 -3.7
v -2 2.5 -3.7
v -2 3.1 -3.7
v -2 3.2 -3.7
v -2 3.3 -3.7
v -2 3.4 -3.7
v -2 4 -3.7
v -2 4.1 -3.7
v -2 4.2 -3.7
v -2 4.3 -3.7
v -1.9 1.3 -3.7
v -1.9 1.4 -3.7
v -1.9 1.5 -3.7
v -1.9 1.6 -3.7
v -1.9 2.1 -3.7
v -1.9 2.2 -3.7
v -1.9 2.3 -3.7
v -1.9 2.4 -3.7
v -1.9 3 -3.7
v -1.9 3.1 -3.7
v -1.9 3.2 -3.7
v -1.9 3.3 -3.7
v -1.9 3.9 -3.7
v -1.9 4 -3.7
v -1.9 4.1 -3.7
v -1.9 4.2 -3.7
v -1.8 1.2 -3.7
v -1.8 1.3 -3.7
v -1.8 1.4 -3.7
v -1.8 1.5 -3.7
v -1.8 2 -3.7
v -1.8 2.1 -3.7
v -1.8 2.2 -3.7
v -1.8 2.3 -3.7
v -1.8 2.9 -3.7
v -1.8 3 -3.7
v -1.8 3.1 -3.7
v -1.8 3.2 -3.7
v -1.8 3.8 -3.7
v -1.8 3.9 -3.7
v -1.8 4 -3.7
v -1.8 4.1 -3.7
v -1.7 1.1 -3.7
v -1.7 1.2 -3.7
v -1.7 1.3 -3.7
v -1.7 1.4 -3.7
v -1.7 1.9 -3.7
v -1.7 2 -3.7
v -1.7 2.1 -3.7
v -1.7 2.2 -3.7
v -1.7 2.8 -3.7
v -1.7 2.9 -3.7
v -1.7 3 -3.7
v -1.7 3.1 -3.7
v -1.7 3.7 -3.7
v -1.7 3.8 -3.7
v -1.7 3.9 -3.7
v -1.7 4 -3.7
v -1.6 1 -3.7
v -1.6 1.1 -3.7
v -1.6 1.2 -3.7
v -1.6 1.3 -3.7
v -1.6 1.8 -3.7
v -1.6 1.9 -3.7
v -1.6 2 -3.7
v -1.6 2.1 -3.7
v -1.6 2.7 -3.7
v -1.6 2.8 -3.7
v -1.6 2.9 -3.7
v -1.6 3 -3.7
v -1.6 3.6 -3.7
v -1.6 3.7 -3.7
v -1.6 3.8 -3.7
v -1.6 3.9 -3.7
v -1.5 0.9 -3.7
v -1.5 1 -3.7
v -1.5 1.2 -3.7
v -1.5 1.3 -3.7
v -1.5 1.4 -3.7
v -1.5 1.8 -3.7
v -1.5 2 -3.7
v -1.5 2.1 -3.7
v -1.5 2.2 -3.7
v -1.5 2.7 -3.7
v -1.5 2.9 -3.7
v -1.5 3 -3.7
v -1.5 3.1 -3.7
v -1.5 3.6 -3.7
v -1.5 3.8 -3.7
v -1.5 3.9 -3.7
v -1.5 4 -3.7
v -1.3 0.9 -3.7
v -1.3 1 -3.7
v -1.3 1.2 -3.7
v -1.3 1.3 -3.7
v -1.3 1.4 -3.7
v -1.3 1.8 -3.7
v -1.3 2 -3.7
v -1.3 2.1 -3.7
v -1.3 2.2 -3.7
v -1.3 2.7 -3.7
v -1.3 2.9 -3.7
v -1.3 3 -3.7
v -1.3 3.1 -3.7
v -1.3 3.6 -3.7
v -1.3 3.8 -3.7
v -1.3 3.9 -3.7
v -1.3 4 -3.7
v -1.2 1 -3.7
v -1.2 1.1 -3.7
v -1.2 1.2 -3.7
v -1.2 1.3 -3.7
v -1.2 1.8 -3.7
v -1.2 1.9 -3.7
v -1.2 2 -3.7
v -1.2 2.1 -3.7
v -1.2 2.7 -3.7
v -1.2 2.8 -3.7
v -1.2 2.9 -3.7
v -1.2 3 -3.7
v -1.2 3.6 -3.7
v -1.2 3.7 -3.7
v -1.2 3.8 -3.7
v -1.2 3.9 -3.7
v -1.1 1.1 -3.7
v -1.1 1.2 -3.7
v -1.1 1.3 -3.7
v -1.1 1.4 -3.7
v -1.1 1.9 -3.7
v -1.1 2 -3.7
v -1.1 2.1 -3.7
v -1.1 2.2 -3.7
v -1.1 2.8 -3.7
v -1.1 2.9 -3.7
v -1.1 3 -3.7
v -1.1 3.1 -3.7
v -1.1 3.7 -3.7
v -1.1 3.8 -3.7
v -1.1 3.9 -3.7
v -1.1 4 -3.7
v -1 1.2 -3.7
v -1 1.3 -3.7
v -1 1.4 -3.7
v -1 1.5 -3.7
v -1 2 -3.7
v -1 2.1 -3.7
v -1 2.2 -3.7
v -1 2.3 -3.7
v -1 2.9 -3.7
v -1 3 -3.7
v -1 3.1 -3.7
v -1 3.2 -3.7
v -1 3.8 -3.7
v -1 3.9 -3.7
v -1 4 -3.7
v -1 4.1 -3.7
v -0.9 1.3 -3.7
v -0.9 1.4 -3.7
v -0.9 1.5 -3.7
v -0.9 1.6 -3.7
v -0.9 2.1 -3.7
v -0.9 2.2 -3.7
v -0.9 2.3 -3.7
v -0.9 2.4 -3.7
v -0.9 3 -3.7
v -0.9 3.1 -3.7
v -0.9 3.2 -3.7
v -0.9 3.3 -3.7
v -0.9 3.9 -3.7
v -0.9 4 -3.7
v -0.9 4.1 -3.7
v -0.9 4.2 -3.7
v -0.8 1.4 -3.7
v -0.8 1.5 -3.7
v -0.8 1.6 -3.7
v -0.8 1.7 -3.7
v -0.8 2.2 -3.7
v -0.8 2.3 -3.7
v -0.8 2.4 -3.7
v -0.8 2.5 -3.7
v -0.8 3.1 -3.7
v -0.8 3.2 -3.7
v -0.8 3.3 -3.7
v -0.8 3.4 -3.7
v -0.8 4 -3.7
v -0.8 4.1 -3.7
v -0.8 4.2 -3.7
v -0.8 4.3 -3.7
v -0.7 1.5 -3.7
v -0.7 1.6 -3.7
v -0.7 1.7 -3.7
v -0.7 1.8 -3.7
v -0.7 2.3 -3.7
v -0.7 2.4 -3.7
v -0.7 2.5 -3.7
v -0.7 2.6 -3.7
v -0.7 3.2 -3.7
v -0.7 3.3 -3.7
v -0.7 3.4 -3.7
v -0.7 3.5 -3.7
v -0.7 4.1 -3.7
v -0.7 4.2 -3.7
v -0.7 4.3 -3.7
v -0.7 4.4 -3.7
v -0.6 1.6 -3.7
v -0.6 1.8 -3.7
v -0.6 2.4 -3.7
v -0.6 2.5 -3.7
v -0.6 2.6 -3.7
v -0.6 3.3 -3.7
v -0.6 3.5 -3.7
v -0.6 4.2 -3.7
v -0.6 4.4 -3.7
v -0.5 1.5 -3.7
v -0.5 1.6 -3.7
v -0.5 1.7 -3.7
v -0.5 1.8 -3.7
v -0.5 2.3 -3.7
v -0.5 2.4 -3.7
v -0.5 2.5 -3.7
v -0.5 2.6 -3.7
v -0.5 3.2 -3.7
v -0.5 3.3 -3.7
v -0.5 3.4 -3.7
v -0.5 3.5 -3.7
v -0.5 4.1 -3.7
v -0.5 4.2 -3.7
v -0.5 4.3 -3.7
v -0.5 4.4 -3.7
v -0.4 1.4 -3.7
v -0.4 1.5 -3.7
v -0.4 1.6 -3.7
v -0.4 1.7 -3.7
v -0.4 2.2 -3.7
v -0.4 2.3 -3.7
v -0.4 2.4 -3.7
v -0.4 2.5 -3.7
v -0.4 3.1 -3.7
v -0.4 3.2 -3.7
v -0.4 3.3 -3.7
v -0.4 3.4 -3.7
v -0.4 4 -3.7
v -0.4 4.1 -3.7
v -0.4 4.2 -3.7
v -0.4 4.3 -3.7
v -0.3 1.5 -3.7
v -0.3 1.6 -3.7
v -0.3 2.3 -3.7
v -0.3 2.4 -3.7
v -0.3 3.1 -3.7
v -0.3 3.2 -3.7
v -0.3 3.3 -3.7
v -0.3 4.1 -3.7
v -0.3 4.2 -3.7
v -0.2 1.4 -3.7
v -0.2 1.5 -3.7
v -0.2 2.2 -3.7
v -0.2 2.3 -3.7
v -0.2 3.1 -3.7
v -0.2 3.2 -3.7
v -0.2 4 -3.7
v -0.2 4.1 -3.7
v 0 0.9 -3.7
v 0 1 -3.7
v 0.0999999 0.9 -3.7
v 0.0999999 1 -3.7
v -4.7 1.4 -3.8
v -4.7 1.5 -3.8
v -4.6 1.4 -3.8
v -4.6 1.5 -3.8
v -3.8 1.1 -3.8
v -3.8 1.2 -3.8
v -3.6 1.1 -3.8
v -3.6 1.2 -3.8
v -3.1 1.3 -3.8
v -3.1 1.4 -3.8
v -2.9 1.3 -3.8
v -2.9 1.4 -3.8
v -1.6 1.3 -3.8
v -1.6 1.4 -3.8
v -1.6 2.1 -3.8
v -1.6 2.2 -3.8
v -1.6 3 -3.8
v -1.6 3.1 -3.8
v -1.6 3.9 -3.8
v -1.6 4 -3.8
v -1.5 1 -3.8
v -1.5 1.1 -3.8
v -1.5 1.3 -3.8
v -1.5 1.4 -3.8
v -1.5 1.8 -3.8
v -1.5 1.9 -3.8
v -1.5 2.1 -3.8
v -1.5 2.2 -3.8
v -1.5 2.7 -3.8
v -1.5 2.8 -3.8
v -1.5 3 -3.8
v -1.5 3.1 -3.8
v -1.5 3.6 -3.8
v -1.5 3.7 -3.8
v -1.5 3.9 -3.8
v -1.5 4 -3.8
v -1.3 1 -3.8
v -1.3 1.1 -3.8
v -1.3 1.3 -3.8
v -1.3 1.4 -3.8
v -1.3 1.8 -3.8
v -1.3 1.9 -3.8
v -1.3 2.1 -3.8
v -1.3 2.2 -3.8
v -1.3 2.7 -3.8
v -1.3 2.8 -3.8
v -1.3 3 -3.8
v -1.3 3.1 -3.8
v -1.3 3.6 -3.8
v -1.3 3.7 -3.8
v -1.3 3.9 -3.8
v -1.3 4 -3.8
v -1.2 1.3 -3.8
v -1.2 1.4 -3.8
v -1.2 2.1 -3.8
v -1.2 2.2 -3.8
v -1.2 3 -3.8
v -1.2 3.1 -3.8
v -1.2 3.9 -3.8
v -1.2 4 -3.8
v 0.2 1.4 -3.8
v 0.2 1.5 -3.8
v 0.4 1.4 -3.8
v 0.4 1.5 -3.8
v -5 0.8 -3.9
v -5 0.9 -3.9
v -4.9 0.8 -3.9
v -4.9 0.9 -3.9
v -4.8 1.4 -3.9
v -4.8 1.5 -3.9
v -4.7 1.4 -3.9
v -4.7 1.5 -3.9
v -4.7 1.6 -3.9
v -4.5 1.5 -3.9
v -4.5 1.6 -3.9
v -3.8 1 -3.9
v -3.8 1.1 -3.9
v -3.6 1 -3.9
v -3.6 1.1 -3.9
v -1.7 1.4 -3.9
v -1.7 1.5 -3.9
v -1.7 2.2 -3.9
v -1.7 2.3 -3.9
v -1.7 3.1 -3.9
v -1.7 3.2 -3.9
v -1.7 4 -3.9
v -1.7 4.1 -3.9
v -1.6 1.4 -3.9
v -1.6 1.5 -3.9
v -1.6 2.2 -3.9
v -1.6 2.3 -3.9
v -1.6 3.1 -3.9
v -1.6 3.2 -3.9
v -1.6 4 -3.9
v -1.6 4.1 -3.9
v -1.5 1.1 -3.9
v -1.5 1.2 -3.9
v -1.5 1.9 -3.9
v -1.5 2 -3.9
v -1.5 2.8 -3.9
v -1.5 2.9 -3.9
v -1.5 3.7 -3.9
v -1.5 3.8 -3.9
v -1.3 1.1 -3.9
v -1.3 1.2 -3.9
v -1.3 1.9 -3.9
v -1.3 2 -3.9
v -1.3 2.8 -3.9
v -1.3 2.9 -3.9
v -1.3 3.7 -3.9
v -1.3 3.8 -3.9
v -1.2 1.4 -3.9
v -1.2 1.5 -3.9
v -1.2 2.2 -3.9
v -1.2 2.3 -3.9
v -1.2 3.1 -3.9
v -1.2 3.2 -3.9
v -1.2 4 -3.9
v -1.2 4.1 -3.9
v -1.1 1.4 -3.9
v -1.1 1.5 -3.9
v -1.1 2.2 -3.9
v -1.1 2.3 -3.9
v -1.1 3.1 -3.9
v -1.1 3.2 -3.9
v -1.1 4 -3.9
v -1.1 4.1 -3.9
v 0.2 1.5 -3.9
v 0.2 1.6 -3.9
v 0.4 1.5 -3.9
v 0.4 1.6 -3.9
v -4.8 1.3 -4
v -4.8 1.4 -4
v -4.6 1.3 -4
v -4.6 1.4 -4
v -4.5 0.9 -4
v -4.5 1 -4
v -4.3 0.9 -4
v -4.3 1 -4
v -2.3 1.3 -4
v -2.3 1.4 -4
v -2.1 1.3 -4
v -2.1 1.4 -4
v -1.8 1.3 -4
v -1.8 1.4 -4
v -1.8 2.1 -4
v -1.8 2.2 -4
v -1.8 3 -4
v -1.8 3.1 -4
v -1.8 3.9 -4
v -1.8 4 -4
v -1.7 1.3 -4
v -1.7 1.4 -4
v -1.7 2.1 -4
v -1.7 2.2 -4
v -1.7 3 -4
v -1.7 3.1 -4
v -1.7 3.9 -4
v -1.7 4 -4
v -1.5 1.2 -4
v -1.5 1.3 -4
v -1.5 2 -4
v -1.5 2.1 -4
v -1.5 2.9 -4
v -1.5 3 -4
v -1.5 3.8 -4
v -1.5 3.9 -4
v -1.3 1.2 -4
v -1.3 1.3 -4
v -1.3 2 -4
v -1.3 2.1 -4
v -1.3 2.9 -4
v -1.3 3 -4
v -1.3 3.8 -4
v -1.3 3.9 -4
v -1.1 1.3 -4
v -1.1 1.4 -4
v -1.1 2.1 -4
v -1.1 2.2 -4
v -1.1 3 -4
v -1.1 3.1 -4
v -1.1 3.9 -4
v -1.1 4 -4
v -1 1.3 -4
v -1 1.4 -4
v -1 2.1 -4
v -1 2.2 -4
v -1 3 -4
v -1 3.1 -4
v -1 3.9 -4
v -1 4 -4
v -5.2 0.9 -4.1
v -5.2 1 -4.1
v -5.1 0.9 -4.1
v -5.1 1 -4.1
v -4.8 1.2 -4.1
v -4.8 1.3 -4.1
v -4.6 1.2 -4.1
v -4.6 1.3 -4.1
v -3.9 1.2 -4.1
v -3.9 1.3 -4.1
v -3.7 1.2 -4.1
v -3.7 1.3 -4.1
v -2.3 1.2 -4.1
v -2.3 1.3 -4.1
v -2.1 1.2 -4.1
v -2.1 1.3 -4.1
v -1.5 1.3 -4.1
v -1.5 1.4 -4.1
v -1.5 2.1 -4.1
v -1.5 2.2 -4.1
v -1.5 3 -4.1
v -1.5 3.1 -4.1
v -1.5 3.9 -4.1
v -1.5 4 -4.1
v -1.3 1.3 -4.1
v -1.3 1.4 -4.1
v -1.3 2.1 -4.1
v -1.3 2.2 -4.1
v -1.3 3 -4.1
v -1.3 3.1 -4.1
v -1.3 3.9 -4.1
v -1.3 4 -4.1
v 0.2 1.7 -4.1
v 0.2 1.8 -4.1
v 0.4 1.7 -4.1
v 0.4 1.8 -4.1
v -5.3 0.9 -4.2
v -5.3 1 -4.2
v -5.2 0.9 -4.2
v -5.2 1 -4.2
v -4.8 1.1 -4.2
v -4.8 1.2 -4.2
v -4.6 1.1 -4.2
v -4.6 1.2 -4.2
v -3.9 1.1 -4.2
v -3.9 1.2 -4.2
v -3.7 1.1 -4.2
v -3.7 1.2 -4.2
v -3 0.9 -4.2
v -3 1 -4.2
v -2.9 0.9 -4.2
v -2.9 1 -4.2
v -2.3 1.1 -4.2
v -2.3 1.2 -4.2
v -2.1 1.1 -4.2
v -2.1 1.2 -4.2
v -1.5 1.4 -4.2
v -1.5 1.5 -4.2
v -1.5 2.2 -4.2
v -1.5 2.3 -4.2
v -1.5 3.1 -4.2
v -1.5 3.2 -4.2
v -1.5 4 -4.2
v -1.5 4.1 -4.2
v -1.3 1.4 -4.2
v -1.3 1.5 -4.2
v -1.3 2.2 -4.2
v -1.3 2.3 -4.2
v -1.3 3.1 -4.2
v -1.3 3.2 -4.2
v -1.3 4 -4.2
v -1.3 4.1 -4.2
v 0.2 1.6 -4.2
v 0.2 1.7 -4.2
v 0.4 1.6 -4.2
v 0.4 1.7 -4.2
v 0.5 0.9 -4.2
v 0.5 1 -4.2
v 0.6 0.9 -4.2
v 0.6 1 -4.2
v -5.4 0.9 -4.3
v -5.4 1 -4.3
v -5.3 0.9 -4.3
v -5.3 1 -4.3
v -5.3 1.3 -4.3
v -5.3 1.4 -4.3
v -5.2 1.3 -4.3
v -5.2 1.4 -4.3
v -1.5 1.5 -4.3
v -1.5 1.6 -4.3
v -1.5 2.3 -4.3
v -1.5 2.4 -4.3
v -1.5 3.2 -4.3
v -1.5 3.3 -4.3
v -1.5 4.1 -4.3
v -1.5 4.2 -4.3
v -1.3 1.5 -4.3
v -1.3 1.6 -4.3
v -1.3 2.3 -4.3
v -1.3 2.4 -4.3
v -1.3 3.2 -4.3
v -1.3 3.3 -4.3
v -1.3 4.1 -4.3
v -1.3 4.2 -4.3
v 0.2 1.5 -4.3
v 0.2 1.6 -4.3
v 0.4 0.9 -4.3
v 0.4 1 -4.3
v 0.4 1.5 -4.3
v 0.4 1.6 -4.3
v 0.5 0.9 -4.3
v 0.5 1 -4.3
v -5.2 1.3 -4.4
v -5.2 1.4 -4.4
v -5.2 1.5 -4.4
v -5.1 1.2 -4.4
v -5.1 1.3 -4.4
v -5.1 1.4 -4.4
v -5.1 1.5 -4.4
v -5 1.1 -4.4
v -5 1.2 -4.4
v -5 1.3 -4.4
v -5 1.4 -4.4
v -4.9 1 -4.4
v -4.9 1.1 -4.4
v -4.9 1.2 -4.4
v -4.9 1.3 -4.4
v -4.8 0.9 -4.4
v -4.8 1 -4.4
v -4.8 1.2 -4.4
v -4.6 0.9 -4.4
v -4.6 1 -4.4
v -4.6 1.2 -4.4
v -4.5 1 -4.4
v -4.5 1.1 -4.4
v -4.5 1.2 -4.4
v -4.5 1.3 -4.4
v -4.4 1.1 -4.4
v -4.4 1.2 -4.4
v -4.4 1.3 -4.4
v -4.4 1.4 -4.4
v -4.3 1.2 -4.4
v -4.3 1.3 -4.4
v -4.3 1.4 -4.4
v -4.3 1.5 -4.4
v -4.2 1.2 -4.4
v -4.2 1.3 -4.4
v -4.2 1.4 -4.4
v -4.2 1.5 -4.4
v -4.1 1.1 -4.4
v -4.1 1.2 -4.4
v -4.1 1.3 -4.4
v -4.1 1.4 -4.4
v -4 1 -4.4
v -4 1.1 -4.4
v -4 1.2 -4.4
v -4 1.3 -4.4
v -3.9 0.9 -4.4
v -3.9 1 -4.4
v -3.9 1.2 -4.4
v -3.7 0.9 -4.4
v -3.7 1 -4.4
v -3.7 1.2 -4.4
v -3.6 1 -4.4
v -3.6 1.1 -4.4
v -3.6 1.2 -4.4
v -3.6 1.3 -4.4
v -3.5 1.1 -4.4
v -3.5 1.2 -4.4
v -3.4 1.2 -4.4
v -3.4 1.3 -4.4
v -2.8 1.5 -4.4
v -2.8 1.6 -4.4
v -2.7 1.3 -4.4
v -2.7 1.4 -4.4
v -2.7 1.5 -4.4
v -2.7 1.6 -4.4
v -2.6 1.2 -4.4
v -2.6 1.3 -4.4
v -2.5 1.1 -4.4
v -2.5 1.2 -4.4
v -2.5 1.3 -4.4
v -2.5 1.4 -4.4
v -2.4 1 -4.4
v -2.4 1.1 -4.4
v -2.4 1.2 -4.4
v -2.4 1.3 -4.4
v -2.3 0.9 -4.4
v -2.3 1 -4.4
v -2.3 1.2 -4.4
v -2.1 0.9 -4.4
v -2.1 1 -4.4
v -2.1 1.2 -4.4
v -2 1 -4.4
v -2 1.1 -4.4
v -2 1.2 -4.4
v -2 1.3 -4.4
v -1.9 1.1 -4.4
v -1.9 1.2 -4.4
v -1.9 1.3 -4.4
v -1.9 1.4 -4.4
v -1.8 1.2 -4.4
v -1.8 1.3 -4.4
v -1.7 1.3 -4.4
v -1.7 1.4 -4.4
v -1 0.9 -4.4
v -1 1 -4.4
v -0.9 0.9 -4.4
v -0.9 1 -4.4
v 0.2 1.4 -4.4
v 0.2 1.5 -4.4
v 0.3 0.9 -4.4
v 0.3 1 -4.4
v 0.4 0.9 -4.4
v 0.4 1 -4.4
v 0.4 1.4 -4.4
v 0.4 1.5 -4.4
v -4.8 1 -4.5
v -4.8 1.1 -4.5
v -4.6 1 -4.5
v -4.6 1.1 -4.5
v -3.9 1 -4.5
v -3.9 1.1 -4.5
v -3.7 1 -4.5
v -3.7 1.1 -4.5
v -2.9 1.4 -4.5
v -2.9 1.5 -4.5
v -2.9 1.6 -4.5
v -2.8 1.4 -4.5
v -2.8 1.6 -4.5
v -2.3 1 -4.5
v -2.3 1.1 -4.5
v -2.1 1 -4.5
v -2.1 1.1 -4.5
v -1.5 1.7 -4.5
v -1.5 1.8 -4.5
v -1.5 2.5 -4.5
v -1.5 2.6 -4.5
v -1.5 3.4 -4.5
v -1.5 3.5 -4.5
v -1.5 4.3 -4.5
v -1.5 4.4 -4.5
v -1.4 1.7 -4.5
v -1.4 1.8 -4.5
v -1.4 2.5 -4.5
v -1.4 2.6 -4.5
v -1.4 3.4 -4.5
v -1.4 3.5 -4.5
v -1.4 4.3 -4.5
v -1.4 4.4 -4.5
v -1.3 1.7 -4.5
v -1.3 1.8 -4.5
v -1.3 2.5 -4.5
v -1.3 2.6 -4.5
v -1.3 3.4 -4.5
v -1.3 3.5 -4.5
v -1.3 4.3 -4.5
v -1.3 4.4 -4.5
v -0.4 0.9 -4.5
v -0.4 1 -4.5
v -0.3 0.9 -4.5
v -0.3 1 -4.5
v -0.0999999 1.3 -4.5
v -0.0999999 1.4 -4.5
v 0 1.3 -4.5
v 0 1.4 -4.5
v 0.2 1.3 -4.5
v 0.2 1.4 -4.5
v 0.4 1.3 -4.5
v 0.4 1.4 -4.5
v 0.6 1.3 -4.5
v 0.6 1.4 -4.5
v 0.7 1.3 -4.5
v 0.7 1.4 -4.5
v -4.8 1.1 -4.6
v -4.8 1.2 -4.6
v -4.6 1.1 -4.6
v -4.6 1.2 -4.6
v -3.9 1.1 -4.6
v -3.9 1.2 -4.6
v -3.7 1.1 -4.6
v -3.7 1.2 -4.6
v -3 1.4 -4.6
v -3 1.5 -4.6
v -2.9 1.4 -4.6
v -2.9 1.5 -4.6
v -2.3 1.1 -4.6
v -2.3 1.2 -4.6
v -2.1 1.1 -4.6
v -2.1 1.2 -4.6
v -1.5 1.6 -4.6
v -1.5 1.7 -4.6
v -1.5 2.4 -4.6
v -1.5 2.5 -4.6
v -1.5 3.3 -4.6
v -1.5 3.4 -4.6
v -1.5 4.2 -4.6
v -1.5 4.3 -4.6
v -1.4 1.6 -4.6
v -1.4 1.7 -4.6
v -1.4 2.4 -4.6
v -1.4 2.5 -4.6
v -1.4 3.3 -4.6
v -1.4 4.2 -4.6
v -1.4 4.3 -4.6
v -1.3 1.6 -4.6
v -1.3 1.7 -4.6
v -1.3 2.4 -4.6
v -1.3 2.5 -4.6
v -1.3 3.3 -4.6
v -1.3 3.4 -4.6
v -1.3 4.2 -4.6
v -1.3 4.3 -4.6
v -1.2 0.9 -4.6
v -1.2 1 -4.6
v -1.1 0.9 -4.6
v -1.1 1 -4.6
v -0.5 0.9 -4.6
v -0.5 1 -4.6
v -0.4 0.9 -4.6
v -0.4 1 -4.6
v 0 1.4 -4.6
v 0 1.5 -4.6
v 0.0999999 1.4 -4.6
v 0.0999999 1.5 -4.6
v 0.2 1.2 -4.6
v 0.2 1.3 -4.6
v 0.4 1.2 -4.6
v 0.4 1.3 -4.6
v 0.5 1.4 -4.6
v 0.5 1.5 -4.6
v 0.6 1.4 -4.6
v 0.6 1.5 -4.6
v -4.8 1.2 -4.7
v -4.8 1.3 -4.7
v -4.6 1.2 -4.7
v -4.6 1.3 -4.7
v -3.9 1.2 -4.7
v -3.9 1.3 -4.7
v -3.7 1.2 -4.7
v -3.7 1.3 -4.7
v -3.4 0.9 -4.7
v -3.4 1 -4.7
v -3.2 0.9 -4.7
v -3.2 1 -4.7
v -3 1.3 -4.7
v -3 1.4 -4.7
v -2.9 1.3 -4.7
v -2.9 1.4 -4.7
v -2.6 1.9 -4.7
v -2.6 2 -4.7
v -2.5 1.9 -4.7
v -2.5 2 -4.7
v -2.3 1.2 -4.7
v -2.3 1.3 -4.7
v -2.1 1.2 -4.7
v -2.1 1.3 -4.7
v -1.5 1.5 -4.7
v -1.5 1.6 -4.7
v -1.5 2.3 -4.7
v -1.5 2.4 -4.7
v -1.5 3.2 -4.7
v -1.5 3.3 -4.7
v -1.5 4.1 -4.7
v -1.5 4.2 -4.7
v -1.4 1.5 -4.7
v -1.4 2.3 -4.7
v -1.4 3.2 -4.7
v -1.4 3.3 -4.7
v -1.3 1.5 -4.7
v -1.3 1.6 -4.7
v -1.3 2.3 -4.7
v -1.3 2.4 -4.7
v -1.3 3.2 -4.7
v -1.3 3.3 -4.7
v -1.3 4.1 -4.7
v -1.3 4.2 -4.7
v -1.1 0.9 -4.7
v -1.1 1 -4.7
v -0.9 0.9 -4.7
v -0.9 1 -4.7
v -0.6 0.9 -4.7
v -0.6 1 -4.7
v -0.5 0.9 -4.7
v -0.5 1 -4.7
v 0.0999999 1.3 -4.7
v 0.0999999 1.4 -4.7
v 0.2 1.3 -4.7
v 0.2 1.4 -4.7
v 0.4 1.3 -4.7
v 0.4 1.4 -4.7
v 0.5 1.3 -4.7
v 0.5 1.4 -4.7
v -4.8 1.4 -4.8
v -4.8 1.5 -4.8
v -4.6 1.4 -4.8
v -4.6 1.5 -4.8
v -4.2 0.9 -4.8
v -4.2 1 -4.8
v -4.1 0.9 -4.8
v -4.1 1 -4.8
v -3.6 1.6 -4.8
v -3.6 1.7 -4.8
v -3.5 1.6 -4.8
v -3.4 1.6 -4.8
v -3.4 1.7 -4.8
v -2.6 1.7 -4.8
v -2.6 1.8 -4.8
v -2.6 1.9 -4.8
v -2.5 1.7 -4.8
v -2.5 1.9 -4.8
v -2.3 1.3 -4.8
v -2.3 1.4 -4.8
v -2.1 1.3 -4.8
v -2.1 1.4 -4.8
v -1.5 1.4 -4.8
v -1.5 1.5 -4.8
v -1.5 2.2 -4.8
v -1.5 2.3 -4.8
v -1.5 3.1 -4.8
v -1.5 3.2 -4.8
v -1.5 4 -4.8
v -1.5 4.1 -4.8
v -1.4 1.4 -4.8
v -1.4 1.5 -4.8
v -1.4 2.2 -4.8
v -1.4 2.3 -4.8
v -1.3 1.4 -4.8
v -1.3 1.5 -4.8
v -1.3 2.2 -4.8
v -1.3 2.3 -4.8
v -1.3 3.1 -4.8
v -1.3 3.2 -4.8
v -1.3 4 -4.8
v -1.3 4.1 -4.8
v -4.8 1.3 -4.9
v -4.8 1.4 -4.9
v -4.6 1.3 -4.9
v -4.6 1.4 -4.9
v -4.5 0.9 -4.9
v -4.5 1 -4.9
v -4.2 0.9 -4.9
v -4.2 1 -4.9
v -3.5 1.5 -4.9
v -3.5 1.6 -4.9
v -3.4 1.4 -4.9
v -3.4 1.5 -4.9
v -3.3 1.3 -4.9
v -3.3 1.4 -4.9
v -3.3 1.5 -4.9
v -3.3 1.6 -4.9
v -3.2 1.2 -4.9
v -3.2 1.3 -4.9
v -3.2 1.4 -4.9
v -3.2 1.5 -4.9
v -3.1 1.2 -4.9
v -3.1 1.4 -4.9
v -3 0.9 -4.9
v -3 1.2 -4.9
v -3 1.3 -4.9
v -3 1.4 -4.9
v -3 1.5 -4.9
v -2.9 0.9 -4.9
v -2.9 1.2 -4.9
v -2.9 1.3 -4.9
v -2.9 1.4 -4.9
v -2.9 1.5 -4.9
v -2.9 1.6 -4.9
v -2.8 1.4 -4.9
v -2.8 1.5 -4.9
v -2.8 1.6 -4.9
v -2.8 1.7 -4.9
v -2.7 1.1 -4.9
v -2.7 1.2 -4.9
v -2.7 1.5 -4.9
v -2.7 1.6 -4.9
v -2.7 1.7 -4.9
v -2.7 1.8 -4.9
v -2.6 1.2 -4.9
v -2.6 1.3 -4.9
v -2.6 1.6 -4.9
v -2.6 1.8 -4.9
v -2.5 1.1 -4.9
v -2.5 1.2 -4.9
v -0.9 1.4 -4.9
v -0.9 1.5 -4.9
v -0.8 1.5 -4.9
v -0.8 1.6 -4.9
v -0.7 1.4 -4.9
v -0.7 1.5 -4.9
v -0.7 1.6 -4.9
v -0.7 1.7 -4.9
v -0.6 1.5 -4.9
v -0.6 1.6 -4.9
v -0.6 1.7 -4.9
v -0.6 1.8 -4.9
v -0.4 1.5 -4.9
v -0.4 1.6 -4.9
v -0.4 1.7 -4.9
v -0.4 1.8 -4.9
v -0.3 1.4 -4.9
v -0.3 1.5 -4.9
v -0.3 1.6 -4.9
v -0.3 1.7 -4.9
v -0.2 1.3 -4.9
v -0.2 1.4 -4.9
v -0.2 1.5 -4.9
v -0.2 1.6 -4.9
v -0.0999999 1.2 -4.9
v -0.0999999 1.3 -4.9
v -0.0999999 1.4 -4.9
v -0.0999999 1.5 -4.9
v 0 1.1 -4.9
v 0 1.2 -4.9
v 0 1.3 -4.9
v 0 1.4 -4.9
v 0.0999999 1 -4.9
v 0.0999999 1.1 -4.9
v 0.0999999 1.2 -4.9
v 0.0999999 1.3 -4.9
v 0.2 0.9 -4.9
v 0.2 1 -4.9
v 0.2 1.2 -4.9
v 0.2 1.3 -4.9
v 0.4 0.9 -4.9
v 0.4 1 -4.9
v 0.4 1.2 -4.9
v 0.4 1.3 -4.9
v 0.5 1 -4.9
v 0.5 1.1 -4.9
v 0.5 1.2 -4.9
v 0.5 1.3 -4.9
v 0.6 1.1 -4.9
v 0.6 1.2 -4.9
v 0.6 1.3 -4.9
v 0.6 1.4 -4.9
v 0.7 1.2 -4.9
v 0.7 1.3 -4.9
v 0.7 1.4 -4.9
v 0.7 1.5 -4.9
v 0.8 1.3 -4.9
v 0.8 1.4 -4.9
v 0.8 1.5 -4.9
v 0.8 1.6 -4.9
v 0.9 1.4 -4.9
v 0.9 1.5 -4.9
v 0.9 1.6 -4.9
v 0.9 1.7 -4.9
v 1 1.5 -4.9
v 1 1.6 -4.9
v 1 1.7 -4.9
v 1 1.8 -4.9
v 1.1 1.6 -4.9
v 1.1 1.8 -4.9
v 1.2 1.5 -4.9
v 1.2 1.6 -4.9
v 1.2 1.7 -4.9
v 1.2 1.8 -4.9
v 1.3 1.4 -4.9
v 1.3 1.5 -4.9
v 1.3 1.6 -4.9
v 1.3 1.7 -4.9
v 1.4 1.5 -4.9
v 1.4 1.6 -4.9
v 1.5 1.4 -4.9
v 1.5 1.5 -4.9
v -3.1 1.2 -5
v -3.1 1.3 -5
v -3 1.3 -5
v -2.9 1.2 -5
v -2.9 1.3 -5
v 0.0999999 1.3 -5
v 0.0999999 1.4 -5
v 0.2 1 -5
v 0.2 1.1 -5
v 0.2 1.3 -5
v 0.2 1.4 -5
v 0.4 1 -5
v 0.4 1.1 -5
v 0.4 1.3 -5
v 0.4 1.4 -5
v 0.5 1.3 -5
v 0.5 1.4 -5
v -5.6 0 -5.1
v -5.6 0.3 -5.1
v -5.6 0.7 -5.1
v -5.6 0.8 -5.1
v -5.6 1 -5.1
v -3.1 1.3 -5.1
v -3.1 1.4 -5.1
v -3 1.3 -5.1
v -3 1.4 -5.1
v 0 1.4 -5.1
v 0 1.5 -5.1
v 0.0999999 1.4 -5.1
v 0.0999999 1.5 -5.1
v 0.2 1.1 -5.1
v 0.2 1.2 -5.1
v 0.4 1.1 -5.1
v 0.4 1.2 -5.1
v 0.5 1.4 -5.1
v 0.5 1.5 -5.1
v 0.6 1.4 -5.1
v 0.6 1.5 -5.1
v 1 0 -5.1
v 1 0.3 -5.1
v 1 0.7 -5.1
v 1 0.8 -5.1
v 1 1 -5.1
v -5.7 0.3 -5.2
v -5.7 0.4 -5.2
v -5.7 0.6 -5.2
v -5.7 0.7 -5.2
v -3.1 1.4 -5.2
v -3.1 1.5 -5.2
v -3 1.4 -5.2
v -3 1.5 -5.2
v -0.0999999 1.3 -5.2
v -0.0999999 1.4 -5.2
v 0 1.3 -5.2
v 0 1.4 -5.2
v 0.2 1.2 -5.2
v 0.2 1.3 -5.2
v 0.4 1.2 -5.2
v 0.4 1.3 -5.2
v 0.6 1.3 -5.2
v 0.6 1.4 -5.2
v 0.7 1.3 -5.2
v 0.7 1.4 -5.2
v 1.1 0.3 -5.2
v 1.1 0.4 -5.2
v 1.1 0.6 -5.2
v 1.1 0.7 -5.2
v -5.8 0.4 -5.3
v -5.8 0.6 -5.3
v -3 1.4 -5.3
v -3 1.5 -5.3
v -2.9 1.4 -5.3
v -2.9 1.5 -5.3
v 0.2 1.3 -5.3
v 0.2 1.4 -5.3
v 0.4 1.3 -5.3
v 0.4 1.4 -5.3
v 1.2 0.4 -5.3
v 1.2 0.6 -5.3
v -3 1.5 -5.4
v -3 1.6 -5.4
v -2.8 1.5 -5.4
v -2.8 1.6 -5.4
v 0.2 1.4 -5.4
v 0.2 1.5 -5.4
v 0.4 1.4 -5.4
v 0.4 1.5 -5.4
v 0.2 1.5 -5.5
v 0.2 1.6 -5.5
v 0.4 1.5 -5.5
v 0.4 1.6 -5.5
v 0.2 1.7 -5.7
v 0.2 1.8 -5.7
v 0.3 1.7 -5.7
v 0.3 1.8 -5.7
v 0.4 1.7 -5.7
v 0.4 1.8 -5.7
v 0.2 1.6 -5.8
v 0.2 1.7 -5.8
v 0.4 1.6 -5.8
v 0.4 1.7 -5.8
v 0.2 1.5 -5.9
v 0.2 1.6 -5.9
v 0.4 1.5 -5.9
v 0.4 1.6 -5.9
v 0.2 1.4 -6
v 0.2 1.5 -6
v 0.4 1.4 -6
v 0.4 1.5 -6
v -5.6 0 1.5
v 1 0 1.5
v -5.2 0 1.4
v 0.4 0 1.4
v -4.5 0 1.3
v -4.3 0 1.3
v -5.2 0 1.2
v -5.1 0 1.2
v -5.1 0 1.1
v -5 0 1.1
v -5 0 1
v -4.9 0 1
v -4.9 0 0.9
v -4.8 0 0.9
v -4.6 0 0.8
v -4.5 0 0.8
v -4.8 0 0.7
v -4.6 0 0.7
v -4.3 0 0.5
v -4.2 0 0.5
v -4.2 0 0.4
v -4.1 0 0.4
v -4.1 0 0.3
v -4 0 0.3
v -4 0 0.2
v -3.9 0 0.2
v -3.9 0 0.1
v -3.8 0 0.1
v -3.8 0 1.19209e-07
v -3.7 0 1.19209e-07
v -3.7 0 -0.0999998
v -3.6 0 -0.0999998
v -3.6 0 -0.2
v -3.5 0 -0.2
v -3.5 0 -0.3
v -3.4 0 -0.3
v -3.4 0 -0.6
v -3.1 0 -0.6
v -3.1 0 -0.7
v -3 0 -0.7
v -3 0 -0.8
v -2.9 0 -0.8
v -2.9 0 -0.9
v -2.8 0 -0.9
v -2.8 0 -1
v -2.7 0 -1
v -2.7 0 -1.1
v -2.6 0 -1.1
v -2.6 0 -1.2
v -2.5 0 -1.2
v -2.5 0 -1.3
v -2.4 0 -1.3
v -2.4 0 -1.4
v -2.3 0 -1.4
v -2.3 0 -1.5
v -2.2 0 -1.5
v -2.2 0 -1.6
v -2.1 0 -1.6
v -2.1 0 -1.7
v -2 0 -1.7
v -2 0 -1.8
v -1.9 0 -1.8
v -1.9 0 -1.9
v -1.8 0 -1.9
v -1.8 0 -2
v -1.7 0 -2
v -1.7 0 -2.1
v -1.6 0 -2.1
v -1.6 0 -2.2
v -1.5 0 -2.2
v -1.5 0 -2.3
v -1.4 0 -2.3
v -1.4 0 -2.4
v -1.3 0 -2.4
v -1.3 0 -2.5
v -1.2 0 -2.5
v -1.2 0 -2.6
v -1.1 0 -2.6
v -1.1 0 -2.7
v -1 0 -2.7
v -1 0 -2.8
v -0.9 0 -2.8
v -0.9 0 -2.9
v -0.8 0 -2.9
v -0.8 0 -3
v -0.7 0 -3
v -0.7 0 -3.1
v -0.6 0 -3.1
v -0.6 0 -3.2
v -0.5 0 -3.2
v -0.5 0 -3.3
v -0.4 0 -3.3
v -0.4 0 -3.4
v -0.3 0 -3.4
v -0.3 0 -3.5
v -0.2 0 -3.5
v -0.2 0 -3.6
v -0.0999999 0 -3.6
v -0.0999999 0 -3.7
v 0 0 -3.7
v 0 0 -3.8
v 0.0999999 0 -3.8
v 0.0999999 0 -3.9
v 0.2 0 -3.9
v 0.2 0 -4
v 0.3 0 -4
v 0.3 0 -4.1
v 0.4 0 -4.1
v -5.6 0 -5.1
v 1 0 -5.1
v -5.2 0.1 1.3
v -5.1 0.1 1.3
v -5.2 0.1 1.2
v -5.1 0.1 1.2
v -4.8 0.1 0.8
v -4.7 0.1 0.8
v -4.8 0.1 0.7
v -4.7 0.1 0.7
v -5.1 0.2 1.2
v -5 0.2 1.2
v -5.1 0.2 1.1
v -5 0.2 1.1
v -4.7 0.2 0.8
v -4.6 0.2 0.8
v -4.7 0.2 0.7
v -4.6 0.2 0.7
v -5.7 0.3 1.6
v 1.1 0.3 1.6
v -5.6 0.3 1.5
v 1 0.3 1.5
v -4.6 0.3 0.9
v -4.5 0.3 0.9
v -4.6 0.3 0.8
v -4.5 0.3 0.8
v -4.3 0.3 0.7
v -4.2 0.3 0.7
v -4.2 0.3 0.6
v -4.1 0.3 0.6
v -4.3 0.3 0.5
v -4.2 0.3 0.5
v -4.1 0.3 0.5
v -4 0.3 0.5
v -4.2 0.3 0.4
v -4.1 0.3 0.4
v -4 0.3 0.4
v -3.9 0.3 0.4
v -4.1 0.3 0.3
v -4 0.3 0.3
v -3.9 0.3 0.3
v -3.8 0.3 0.3
v -4 0.3 0.2
v -3.9 0.3 0.2
v -3.9 0.3 0.1
v -3.8 0.3 0.1
v -3.5 0.3 -0.2
v -3.4 0.3 -0.2
v -3.5 0.3 -0.3
v -3.4 0.3 -0.3
v -3.1 0.3 -0.6
v -2.9 0.3 -0.6
v -3.1 0.3 -0.7
v -3 0.3 -0.7
v -2.9 0.3 -0.7
v -2.8 0.3 -0.7
v -3 0.3 -0.8
v -2.9 0.3 -0.8
v -2.8 0.3 -0.8
v -2.7 0.3 -0.8
v -2.9 0.3 -0.9
v -2.8 0.3 -0.9
v -2.7 0.3 -0.9
v -2.6 0.3 -0.9
v -2.8 0.3 -1
v -2.7 0.3 -1
v -2.6 0.3 -1
v -2.5 0.3 -1
v -2.7 0.3 -1.1
v -2.6 0.3 -1.1
v -2.5 0.3 -1.1
v -2.4 0.3 -1.1
v -2.6 0.3 -1.2
v -2.5 0.3 -1.2
v -2.4 0.3 -1.2
v -2.3 0.3 -1.2
v -2.5 0.3 -1.3
v -2.4 0.3 -1.3
v -2.3 0.3 -1.3
v -2.2 0.3 -1.3
v -2.4 0.3 -1.4
v -2.3 0.3 -1.4
v -2.2 0.3 -1.4
v -2.1 0.3 -1.4
v -2.3 0.3 -1.5
v -2.2 0.3 -1.5
v -2.1 0.3 -1.5
v -2 0.3 -1.5
v -2.2 0.3 -1.6
v -2.1 0.3 -1.6
v -2 0.3 -1.6
v -1.9 0.3 -1.6
v -2.1 0.3 -1.7
v -2 0.3 -1.7
v -1.9 0.3 -1.7
v -1.8 0.3 -1.7
v -2 0.3 -1.8
v -1.9 0.3 -1.8
v -1.8 0.3 -1.8
v -1.7 0.3 -1.8
v -1.9 0.3 -1.9
v -1.8 0.3 -1.9
v -1.7 0.3 -1.9
v -1.6 0.3 -1.9
v -1.8 0.3 -2
v -1.7 0.3 -2
v -1.6 0.3 -2
v -1.5 0.3 -2
v -1.7 0.3 -2.1
v -1.6 0.3 -2.1
v -1.5 0.3 -2.1
v -1.4 0.3 -2.1
v -1.6 0.3 -2.2
v -1.5 0.3 -2.2
v -1.4 0.3 -2.2
v -1.3 0.3 -2.2
v -1.5 0.3 -2.3
v -1.4 0.3 -2.3
v -1.3 0.3 -2.3
v -1.2 0.3 -2.3
v -1.4 0.3 -2.4
v -1.3 0.3 -2.4
v -1.2 0.3 -2.4
v -1.1 0.3 -2.4
v -1.3 0.3 -2.5
v -1.2 0.3 -2.5
v -1.1 0.3 -2.5
v -1 0.3 -2.5
v -1.2 0.3 -2.6
v -1.1 0.3 -2.6
v -1 0.3 -2.6
v -0.9 0.3 -2.6
v -1.1 0.3 -2.7
v -1 0.3 -2.7
v -0.9 0.3 -2.7
v -0.8 0.3 -2.7
v -1 0.3 -2.8
v -0.9 0.3 -2.8
v -0.8 0.3 -2.8
v -0.7 0.3 -2.8
v -0.9 0.3 -2.9
v -0.8 0.3 -2.9
v -0.7 0.3 -2.9
v -0.6 0.3 -2.9
v -0.8 0.3 -3
v -0.7 0.3 -3
v -0.6 0.3 -3
v -0.5 0.3 -3
v -0.7 0.3 -3.1
v -0.6 0.3 -3.1
v -0.5 0.3 -3.1
v -0.4 0.3 -3.1
v -0.6 0.3 -3.2
v -0.5 0.3 -3.2
v -0.4 0.3 -3.2
v -0.3 0.3 -3.2
v -0.5 0.3 -3.3
v -0.4 0.3 -3.3
v -0.3 0.3 -3.3
v -0.2 0.3 -3.3
v -0.4 0.3 -3.4
v -0.3 0.3 -3.4
v -0.2 0.3 -3.4
v -0.0999999 0.3 -3.4
v -0.3 0.3 -3.5
v -0.2 0.3 -3.5
v -0.0999999 0.3 -3.5
v 0 0.3 -3.5
v -0.2 0.3 -3.6
v -0.0999999 0.3 -3.6
v 0 0.3 -3.6
v 0.0999999 0.3 -3.6
v -0.0999999 0.3 -3.7
v 0 0.3 -3.7
v 0.0999999 0.3 -3.7
v 0.2 0.3 -3.7
v 0 0.3 -3.8
v 0.0999999 0.3 -3.8
v 0.2 0.3 -3.8
v 0.3 0.3 -3.8
v 0.0999999 0.3 -3.9
v 0.2 0.3 -3.9
v 0.3 0.3 -3.9
v 0.4 0.3 -3.9
v 0.2 0.3 -4
v 0.3 0.3 -4
v 0.3 0.3 -4.1
v 0.4 0.3 -4.1
v -5.6 0.3 -5.1
v 1 0.3 -5.1
v -5.7 0.3 -5.2
v 1.1 0.3 -5.2
v -5.8 0.4 1.7
v 1.2 0.4 1.7
v -5.7 0.4 1.6
v 1.1 0.4 1.6
v -5 0.4 1.1
v -4.9 0.4 1.1
v -5 0.4 1
v -4.9 0.4 1
v -4.6 0.4 1
v -4.4 0.4 1
v -4.7 0.4 0.9
v -4.6 0.4 0.9
v -4.4 0.4 0.9
v -4.3 0.4 0.9
v -4.7 0.4 0.8
v -4.6 0.4 0.8
v -4.4 0.4 0.8
v -4.3 0.4 0.8
v -4.2 0.4 0.8
v -4.3 0.4 0.7
v -4.2 0.4 0.7
v -4.1 0.4 0.7
v -4.2 0.4 0.6
v -4.1 0.4 0.6
v -2.9 0.4 -0.6
v -2.8 0.4 -0.6
v -2.9 0.4 -0.7
v -2.8 0.4 -0.7
v -2.7 0.4 -0.7
v -2.8 0.4 -0.8
v -2.7 0.4 -0.8
v -2.6 0.4 -0.8
v -2.7 0.4 -0.9
v -2.6 0.4 -0.9
v -2.5 0.4 -0.9
v -2.6 0.4 -1
v -2.5 0.4 -1
v -2.4 0.4 -1
v -2.5 0.4 -1.1
v -2.4 0.4 -1.1
v -2.3 0.4 -1.1
v -2.4 0.4 -1.2
v -2.3 0.4 -1.2
v -2.2 0.4 -1.2
v -2.3 0.4 -1.3
v -2.2 0.4 -1.3
v -2.1 0.4 -1.3
v -2.2 0.4 -1.4
v -2.1 0.4 -1.4
v -2 0.4 -1.4
v -2.1 0.4 -1.5
v -2 0.4 -1.5
v -1.9 0.4 -1.5
v -2 0.4 -1.6
v -1.9 0.4 -1.6
v -1.8 0.4 -1.6
v -1.9 0.4 -1.7
v -1.8 0.4 -1.7
v -1.7 0.4 -1.7
v -1.8 0.4 -1.8
v -1.7 0.4 -1.8
v -1.6 0.4 -1.8
v -1.7 0.4 -1.9
v -1.6 0.4 -1.9
v -1.5 0.4 -1.9
v -1.6 0.4 -2
v -1.5 0.4 -2
v -1.4 0.4 -2
v -1.5 0.4 -2.1
v -1.4 0.4 -2.1
v -1.3 0.4 -2.1
v -1.4 0.4 -2.2
v -1.3 0.4 -2.2
v -1.2 0.4 -2.2
v -1.3 0.4 -2.3
v -1.2 0.4 -2.3
v -1.1 0.4 -2.3
v -1.2 0.4 -2.4
v -1.1 0.4 -2.4
v -1 0.4 -2.4
v -1.1 0.4 -2.5
v -1 0.4 -2.5
v -0.9 0.4 -2.5
v -1 0.4 -2.6
v -0.9 0.4 -2.6
v -0.8 0.4 -2.6
v -0.9 0.4 -2.7
v -0.8 0.4 -2.7
v -0.7 0.4 -2.7
v -0.8 0.4 -2.8
v -0.7 0.4 -2.8
v -0.6 0.4 -2.8
v -0.7 0.4 -2.9
v -0.6 0.4 -2.9
v -0.5 0.4 -2.9
v -0.6 0.4 -3
v -0.5 0.4 -3
v -0.4 0.4 -3
v -0.5 0.4 -3.1
v -0.4 0.4 -3.1
v -0.3 0.4 -3.1
v -0.4 0.4 -3.2
v -0.3 0.4 -3.2
v -0.2 0.4 -3.2
v -0.3 0.4 -3.3
v -0.2 0.4 -3.3
v -0.0999999 0.4 -3.3
v -0.2 0.4 -3.4
v -0.0999999 0.4 -3.4
v 0 0.4 -3.4
v -0.0999999 0.4 -3.5
v 0 0.4 -3.5
v 0.0999999 0.4 -3.5
v 0 0.4 -3.6
v 0.0999999 0.4 -3.6
v 0.2 0.4 -3.6
v 0.0999999 0.4 -3.7
v 0.2 0.4 -3.7
v 0.3 0.4 -3.7
v 0.2 0.4 -3.8
v 0.3 0.4 -3.8
v 0.4 0.4 -3.8
v 0.3 0.4 -3.9
v 0.4 0.4 -3.9
v 0.5 0.4 -3.9
v 0.4 0.4 -4
v 0.5 0.4 -4
v 0.6 0.4 -4
v 0.5 0.4 -4.1
v 0.6 0.4 -4.1
v -5.7 0.4 -5.2
v 1.1 0.4 -5.2
v -5.8 0.4 -5.3
v 1.2 0.4 -5.3
v -4.9 0.5 1
v -4.8 0.5 1
v -4.9 0.5 0.9
v -4.8 0.5 0.9
v -5.2 0.6 1.4
v -5.1 0.6 1.4
v 0.6 0.6 1.4
v 0.7 0.6 1.4
v -5.2 0.6 1.3
v -5.1 0.6 1.3
v -4.7 0.6 1
v -4.6 0.6 1
v -4.8 0.6 0.9
v -4.7 0.6 0.9
v -4.6 0.6 0.9
v -4.8 0.6 0.8
v -4.7 0.6 0.8
v 0.6 0.6 -4
v 0.6 0.6 -4.1
v 0.7 0.6 -4.1
v -5.2 0.7 1.5
v 0.9 0.7 1.5
v -5.2 0.7 1.4
v -5.1 0.7 1.4
v 0.6 0.7 1.4
v 0.9 0.7 1.4
v -5.1 0.7 1.2
v -5 0.7 1.2
v -5 0.7 1.1
v -4.9 0.7 1.1
v -4.9 0.7 1
v -4.8 0.7 1
v -4.7 0.7 1
v -4.5 0.7 1
v -4.8 0.7 0.9
v -4.7 0.7 0.9
v -4.5 0.7 0.9
v -4.4 0.7 0.9
v -4.4 0.7 0.8
v -4.3 0.7 0.8
v -4.3 0.7 0.7
v -4.2 0.7 0.7
v -4.2 0.7 0.6
v -4.1 0.7 0.6
v -4.1 0.7 0.5
v -4 0.7 0.5
v -4 0.7 0.4
v -3.9 0.7 0.4
v -3.9 0.7 0.2
v -3.8 0.7 0.2
v -3.8 0.7 1.19209e-07
v -3.7 0.7 1.19209e-07
v -3.7 0.7 -0.2
v -3.4 0.7 -0.2
v -3.4 0.7 -0.5
v -3.3 0.7 -0.5
v -3.4 0.7 -0.6
v -3.3 0.7 -0.6
v -2.9 0.7 -0.6
v -2.9 0.7 -0.7
v -2.8 0.7 -0.7
v -2.8 0.7 -0.8
v -2.7 0.7 -0.8
v -2.7 0.7 -0.9
v -2.6 0.7 -0.9
v -2.6 0.7 -1
v -2.5 0.7 -1
v -2.5 0.7 -1.1
v -2.4 0.7 -1.1
v -2.4 0.7 -1.2
v -2.3 0.7 -1.2
v -2.3 0.7 -1.3
v -2.2 0.7 -1.3
v -2.2 0.7 -1.4
v -2.1 0.7 -1.4
v -2.1 0.7 -1.5
v -2 0.7 -1.5
v -2 0.7 -1.6
v -1.9 0.7 -1.6
v -1.9 0.7 -1.7
v -1.8 0.7 -1.7
v -1.8 0.7 -1.8
v -1.7 0.7 -1.8
v -1.7 0.7 -1.9
v -1.6 0.7 -1.9
v -1.6 0.7 -2
v -1.5 0.7 -2
v -1.5 0.7 -2.1
v -1.4 0.7 -2.1
v -1.4 0.7 -2.2
v -1.3 0.7 -2.2
v -1.3 0.7 -2.3
v -1.2 0.7 -2.3
v -1.2 0.7 -2.4
v -1.1 0.7 -2.4
v -1.1 0.7 -2.5
v -1 0.7 -2.5
v -1 0.7 -2.6
v -0.9 0.7 -2.6
v -0.9 0.7 -2.7
v -0.8 0.7 -2.7
v -0.8 0.7 -2.8
v -0.7 0.7 -2.8
v -0.7 0.7 -2.9
v -0.6 0.7 -2.9
v -0.6 0.7 -3
v -0.5 0.7 -3
v -0.5 0.7 -3.1
v -0.4 0.7 -3.1
v -0.4 0.7 -3.2
v -0.3 0.7 -3.2
v -0.3 0.7 -3.3
v -0.2 0.7 -3.3
v -0.2 0.7 -3.4
v -0.0999999 0.7 -3.4
v -0.0999999 0.7 -3.5
v 0 0.7 -3.5
v 0 0.7 -3.6
v 0.0999999 0.7 -3.6
v 0.0999999 0.7 -3.7
v 0.2 0.7 -3.7
v 0.2 0.7 -3.8
v 0.3 0.7 -3.8
v 0.3 0.7 -3.9
v 0.4 0.7 -3.9
v 0.4 0.7 -4
v 0.5 0.7 -4
v 0.5 0.7 -4.1
v 0.6 0.7 -4.1
v 0.0999999 1 1.3
v 0.3 1 1.3
v 0 1 1.2
v 0.0999999 1 1.2
v 0.3 1 1.2
v 0.4 1 1.2
v -1.2 1 1.1
v -1 1 1.1
v -1.3 1 1
v -1.2 1 1
v -1 1 1
v -0.9 1 1
v 0 1 1
v 0.0999999 1 1
v 0.3 1 1
v 0.4 1 1
v -3.8 1 0.9
v -3.6 1 0.9
v 0.0999999 1 0.9
v 0.3 1 0.9
v -3.9 1 0.8
v -3.8 1 0.8
v -3.6 1 0.8
v -3.5 1 0.8
v -1.3 1 0.8
v -1.2 1 0.8
v -1 1 0.8
v -0.9 1 0.8
v -1.2 1 0.7
v -1 1 0.7
v -3.9 1 0.6
v -3.8 1 0.6
v -3.6 1 0.6
v -3.5 1 0.6
v -3.8 1 0.5
v -3.6 1 0.5
v -3 1 0.5
v -2.8 1 0.5
v -3 1 0.4
v -2.8 1 0.4
v -3 1 0.3
v -2.8 1 0.3
v -3.3 1 0.2
v -3.2 1 0.2
v -3.1 1 0.2
v -3 1 0.2
v -2.8 1 0.2
v -2.7 1 0.2
v -2.6 1 0.2
v -2.5 1 0.2
v -2 1 0.2
v -1.8 1 0.2
v -2.1 1 0.1
v -2 1 0.1
v -1.8 1 0.1
v -1.7 1 0.1
v -3.3 1 1.19209e-07
v -3.2 1 1.19209e-07
v -3.1 1 1.19209e-07
v -3 1 1.19209e-07
v -2.8 1 1.19209e-07
v -2.7 1 1.19209e-07
v -2.6 1 1.19209e-07
v -2.5 1 1.19209e-07
v -4.6 1 -0.0999998
v -4.4 1 -0.0999998
v -3 1 -0.0999998
v -2.8 1 -0.0999998
v -2.1 1 -0.0999998
v -2 1 -0.0999998
v -1.8 1 -0.0999998
v -1.7 1 -0.0999998
v -4.7 1 -0.2
v -4.6 1 -0.2
v -4.4 1 -0.2
v -4.3 1 -0.2
v -3 1 -0.2
v -2.8 1 -0.2
v -2 1 -0.2
v -1.8 1 -0.2
v -3 1 -0.3
v -2.8 1 -0.3
v -4.7 1 -0.4
v -4.6 1 -0.4
v -4.4 1 -0.4
v -4.3 1 -0.4
v -4.6 1 -0.5
v -4.4 1 -0.5
v -5 1 -0.6
v -4.8 1 -0.6
v -5 1 -0.7
v -4.8 1 -0.7
v -1.1 1 -0.7
v -0.9 1 -0.7
v -5 1 -0.8
v -4.8 1 -0.8
v -1.2 1 -0.8
v -1.1 1 -0.8
v -0.9 1 -0.8
v -0.8 1 -0.8
v -5.3 1 -0.9
v -5.2 1 -0.9
v -5.1 1 -0.9
v -5 1 -0.9
v -4.8 1 -0.9
v -4.7 1 -0.9
v -4.6 1 -0.9
v -4.5 1 -0.9
v 0 1 -0.9
v 0.2 1 -0.9
v -3.9 1 -1
v -3.7 1 -1
v -1.2 1 -1
v -1.1 1 -1
v -0.9 1 -1
v -0.8 1 -1
v -0.0999999 1 -1
v 0 1 -1
v 0.2 1 -1
v 0.3 1 -1
v -5.3 1 -1.1
v -5.2 1 -1.1
v -5.1 1 -1.1
v -5 1 -1.1
v -4.8 1 -1.1
v -4.7 1 -1.1
v -4.6 1 -1.1
v -4.5 1 -1.1
v -4 1 -1.1
v -3.9 1 -1.1
v -3.7 1 -1.1
v -3.6 1 -1.1
v -1.1 1 -1.1
v -0.9 1 -1.1
v -5 1 -1.2
v -4.8 1 -1.2
v -0.0999999 1 -1.2
v 0 1 -1.2
v 0.2 1 -1.2
v 0.3 1 -1.2
v -5 1 -1.3
v -4.8 1 -1.3
v -4 1 -1.3
v -3.9 1 -1.3
v -3.7 1 -1.3
v -3.6 1 -1.3
v 0 1 -1.3
v 0.2 1 -1.3
v -5 1 -1.4
v -4.8 1 -1.4
v -3.9 1 -1.4
v -3.7 1 -1.4
v -4.3 1 -1.8
v -4.1 1 -1.8
v -0.7 1 -1.8
v -0.5 1 -1.8
v -4.4 1 -1.9
v -4.3 1 -1.9
v -4.1 1 -1.9
v -4 1 -1.9
v -2.3 1 -1.9
v -2.1 1 -1.9
v -0.8 1 -1.9
v -0.7 1 -1.9
v -0.5 1 -1.9
v -0.4 1 -1.9
v 0.0999999 1 -1.9
v 0.3 1 -1.9
v -2.4 1 -2
v -2.3 1 -2
v -2.1 1 -2
v -2 1 -2
v 0 1 -2
v 0.0999999 1 -2
v 0.3 1 -2
v 0.4 1 -2
v -4.4 1 -2.1
v -4.3 1 -2.1
v -4.1 1 -2.1
v -4 1 -2.1
v -0.8 1 -2.1
v -0.7 1 -2.1
v -0.5 1 -2.1
v -0.4 1 -2.1
v -4.3 1 -2.2
v -4.1 1 -2.2
v -3.4 1 -2.2
v -3.2 1 -2.2
v -2.4 1 -2.2
v -2.3 1 -2.2
v -2.1 1 -2.2
v -2 1 -2.2
v -0.7 1 -2.2
v -0.5 1 -2.2
v 0 1 -2.2
v 0.0999999 1 -2.2
v 0.3 1 -2.2
v 0.4 1 -2.2
v -4.6 1 -2.3
v -4.4 1 -2.3
v -3.5 1 -2.3
v -3.4 1 -2.3
v -3.2 1 -2.3
v -3.1 1 -2.3
v -2.3 1 -2.3
v -2.1 1 -2.3
v 0.0999999 1 -2.3
v 0.3 1 -2.3
v -4.6 1 -2.4
v -4.4 1 -2.4
v -4.6 1 -2.5
v -4.4 1 -2.5
v -3.5 1 -2.5
v -3.4 1 -2.5
v -3.2 1 -2.5
v -3.1 1 -2.5
v -4.9 1 -2.6
v -4.8 1 -2.6
v -4.7 1 -2.6
v -4.6 1 -2.6
v -4.4 1 -2.6
v -4.3 1 -2.6
v -4.2 1 -2.6
v -4.1 1 -2.6
v -3.4 1 -2.6
v -3.2 1 -2.6
v -4.9 1 -2.8
v -4.8 1 -2.8
v -4.7 1 -2.8
v -4.6 1 -2.8
v -4.4 1 -2.8
v -4.3 1 -2.8
v -4.2 1 -2.8
v -4.1 1 -2.8
v -2.1 1 -2.8
v -1.9 1 -2.8
v 0.5 1 -2.8
v 0.7 1 -2.8
v -4.6 1 -2.9
v -4.4 1 -2.9
v -2.2 1 -2.9
v -2.1 1 -2.9
v -1.9 1 -2.9
v -1.8 1 -2.9
v 0.4 1 -2.9
v 0.5 1 -2.9
v 0.7 1 -2.9
v 0.8 1 -2.9
v -4.6 1 -3
v -4.4 1 -3
v -3.1 1 -3
v -2.9 1 -3
v -4.6 1 -3.1
v -4.4 1 -3.1
v -3.8 1 -3.1
v -3.6 1 -3.1
v -3.2 1 -3.1
v -3.1 1 -3.1
v -2.9 1 -3.1
v -2.8 1 -3.1
v -2.2 1 -3.1
v -2.1 1 -3.1
v -1.9 1 -3.1
v -1.8 1 -3.1
v 0.4 1 -3.1
v 0.5 1 -3.1
v 0.7 1 -3.1
v 0.8 1 -3.1
v -3.8 1 -3.2
v -3.6 1 -3.2
v -2.1 1 -3.2
v -1.9 1 -3.2
v 0.5 1 -3.2
v 0.7 1 -3.2
v -3.8 1 -3.3
v -3.6 1 -3.3
v -3.2 1 -3.3
v -3.1 1 -3.3
v -2.9 1 -3.3
v -2.8 1 -3.3
v -4.1 1 -3.4
v -4 1 -3.4
v -3.9 1 -3.4
v -3.8 1 -3.4
v -3.6 1 -3.4
v -3.5 1 -3.4
v -3.4 1 -3.4
v -3.3 1 -3.4
v -3.1 1 -3.4
v -2.9 1 -3.4
v -1.5 1 -3.4
v -1.3 1 -3.4
v -1.6 1 -3.5
v -1.5 1 -3.5
v -1.3 1 -3.5
v -1.2 1 -3.5
v -4.1 1 -3.6
v -4 1 -3.6
v -3.9 1 -3.6
v -3.8 1 -3.6
v -3.6 1 -3.6
v -3.5 1 -3.6
v -3.4 1 -3.6
v -3.3 1 -3.6
v -3.8 1 -3.7
v -3.6 1 -3.7
v -1.6 1 -3.7
v -1.5 1 -3.7
v -1.3 1 -3.7
v -1.2 1 -3.7
v -3.8 1 -3.8
v -3.6 1 -3.8
v -1.5 1 -3.8
v -1.3 1 -3.8
v -3.8 1 -3.9
v -3.6 1 -3.9
v -4.8 1 -4.1
v -4.6 1 -4.1
v -3.9 1 -4.1
v -3.7 1 -4.1
v -2.3 1 -4.1
v -2.1 1 -4.1
v -4.9 1 -4.2
v -4.8 1 -4.2
v -4.6 1 -4.2
v -4.5 1 -4.2
v -4 1 -4.2
v -3.9 1 -4.2
v -3.7 1 -4.2
v -3.6 1 -4.2
v -2.4 1 -4.2
v -2.3 1 -4.2
v -2.1 1 -4.2
v -2 1 -4.2
v -4.9 1 -4.4
v -4.8 1 -4.4
v -4.6 1 -4.4
v -4.5 1 -4.4
v -4 1 -4.4
v -3.9 1 -4.4
v -3.7 1 -4.4
v -3.6 1 -4.4
v -2.4 1 -4.4
v -2.3 1 -4.4
v -2.1 1 -4.4
v -2 1 -4.4
v -4.8 1 -4.5
v -4.6 1 -4.5
v -3.9 1 -4.5
v -3.7 1 -4.5
v -2.3 1 -4.5
v -2.1 1 -4.5
v 0.2 1 -4.6
v 0.4 1 -4.6
v 0.0999999 1 -4.7
v 0.2 1 -4.7
v 0.4 1 -4.7
v 0.5 1 -4.7
v 0.0999999 1 -4.9
v 0.2 1 -4.9
v 0.4 1 -4.9
v 0.5 1 -4.9
v 0.2 1 -5
v 0.4 1 -5
v 0.0999999 1.1 1.4
v 0.3 1.1 1.4
v 0.0999999 1.1 1.3
v 0.3 1.1 1.3
v -1.2 1.1 1.2
v -1 1.1 1.2
v -0.0999999 1.1 1.2
v 0 1.1 1.2
v 0.4 1.1 1.2
v 0.5 1.1 1.2
v -1.2 1.1 1.1
v -1 1.1 1.1
v -3.8 1.1 1
v -3.6 1.1 1
v -1.4 1.1 1
v -1.3 1.1 1
v -0.9 1.1 1
v -0.8 1.1 1
v -0.0999999 1.1 1
v 0 1.1 1
v 0.4 1.1 1
v 0.5 1.1 1
v -3.8 1.1 0.9
v -3.6 1.1 0.9
v 0.0999999 1.1 0.9
v 0.3 1.1 0.9
v -4 1.1 0.8
v -3.9 1.1 0.8
v -3.5 1.1 0.8
v -3.4 1.1 0.8
v -1.4 1.1 0.8
v -1.3 1.1 0.8
v -0.9 1.1 0.8
v -0.8 1.1 0.8
v 0.0999999 1.1 0.8
v 0.3 1.1 0.8
v -1.2 1.1 0.7
v -1 1.1 0.7
v -4 1.1 0.6
v -3.9 1.1 0.6
v -3.5 1.1 0.6
v -3.4 1.1 0.6
v -1.2 1.1 0.6
v -1 1.1 0.6
v -4.7 1.1 0.5
v -4.5 1.1 0.5
v -3.8 1.1 0.5
v -3.6 1.1 0.5
v -4.7 1.1 0.4
v -4.5 1.1 0.4
v -3.8 1.1 0.4
v -3.6 1.1 0.4
v -3 1.1 0.4
v -2.8 1.1 0.4
v -3 1.1 0.3
v -2.8 1.1 0.3
v -2 1.1 0.3
v -1.8 1.1 0.3
v -3.2 1.1 0.2
v -3.1 1.1 0.2
v -2.7 1.1 0.2
v -2.6 1.1 0.2
v -2 1.1 0.2
v -1.8 1.1 0.2
v -2.2 1.1 0.1
v -2.1 1.1 0.1
v -1.7 1.1 0.1
v -1.6 1.1 0.1
v -4.6 1.1 1.19209e-07
v -4.4 1.1 1.19209e-07
v -3.2 1.1 1.19209e-07
v -3.1 1.1 1.19209e-07
v -2.7 1.1 1.19209e-07
v -2.6 1.1 1.19209e-07
v -4.6 1.1 -0.0999998
v -4.4 1.1 -0.0999998
v -3 1.1 -0.0999998
v -2.8 1.1 -0.0999998
v -2.2 1.1 -0.0999998
v -2.1 1.1 -0.0999998
v -1.7 1.1 -0.0999998
v -1.6 1.1 -0.0999998
v 0.4 1.1 -0.0999998
v 0.6 1.1 -0.0999998
v -4.8 1.1 -0.2
v -4.7 1.1 -0.2
v -4.3 1.1 -0.2
v -4.2 1.1 -0.2
v -3 1.1 -0.2
v -2.8 1.1 -0.2
v -2 1.1 -0.2
v -1.8 1.1 -0.2
v 0.4 1.1 -0.2
v 0.6 1.1 -0.2
v -2 1.1 -0.3
v -1.8 1.1 -0.3
v -4.8 1.1 -0.4
v -4.7 1.1 -0.4
v -4.3 1.1 -0.4
v -4.2 1.1 -0.4
v -4.6 1.1 -0.5
v -4.4 1.1 -0.5
v -4.6 1.1 -0.6
v -4.4 1.1 -0.6
v -1.1 1.1 -0.6
v -0.9 1.1 -0.6
v -5 1.1 -0.7
v -4.8 1.1 -0.7
v -1.1 1.1 -0.7
v -0.9 1.1 -0.7
v -5 1.1 -0.8
v -4.8 1.1 -0.8
v -1.3 1.1 -0.8
v -1.2 1.1 -0.8
v -0.8 1.1 -0.8
v -0.7 1.1 -0.8
v 0 1.1 -0.8
v 0.2 1.1 -0.8
v -5.2 1.1 -0.9
v -5.1 1.1 -0.9
v -4.7 1.1 -0.9
v -4.6 1.1 -0.9
v -3.9 1.1 -0.9
v -3.7 1.1 -0.9
v 0 1.1 -0.9
v 0.2 1.1 -0.9
v -3.9 1.1 -1
v -3.7 1.1 -1
v -1.3 1.1 -1
v -1.2 1.1 -1
v -0.8 1.1 -1
v -0.7 1.1 -1
v -0.2 1.1 -1
v -0.0999999 1.1 -1
v 0.3 1.1 -1
v 0.4 1.1 -1
v -5.2 1.1 -1.1
v -5.1 1.1 -1.1
v -4.7 1.1 -1.1
v -4.6 1.1 -1.1
v -4.1 1.1 -1.1
v -4 1.1 -1.1
v -3.6 1.1 -1.1
v -3.5 1.1 -1.1
v -1.1 1.1 -1.1
v -0.9 1.1 -1.1
v -5 1.1 -1.2
v -4.8 1.1 -1.2
v -1.1 1.1 -1.2
v -0.9 1.1 -1.2
v -0.2 1.1 -1.2
v -0.0999999 1.1 -1.2
v 0.3 1.1 -1.2
v 0.4 1.1 -1.2
v -5 1.1 -1.3
v -4.8 1.1 -1.3
v -4.1 1.1 -1.3
v -4 1.1 -1.3
v -3.6 1.1 -1.3
v -3.5 1.1 -1.3
v 0 1.1 -1.3
v 0.2 1.1 -1.3
v -3.9 1.1 -1.4
v -3.7 1.1 -1.4
v 0 1.1 -1.4
v 0.2 1.1 -1.4
v -3.9 1.1 -1.5
v -3.7 1.1 -1.5
v -4.3 1.1 -1.7
v -4.1 1.1 -1.7
v -0.7 1.1 -1.7
v -0.5 1.1 -1.7
v -4.3 1.1 -1.8
v -4.1 1.1 -1.8
v -2.3 1.1 -1.8
v -2.1 1.1 -1.8
v -0.7 1.1 -1.8
v -0.5 1.1 -1.8
v 0.0999999 1.1 -1.8
v 0.3 1.1 -1.8
v -4.5 1.1 -1.9
v -4.4 1.1 -1.9
v -4 1.1 -1.9
v -3.9 1.1 -1.9
v -2.3 1.1 -1.9
v -2.1 1.1 -1.9
v -0.9 1.1 -1.9
v -0.8 1.1 -1.9
v -0.4 1.1 -1.9
v -0.3 1.1 -1.9
v 0.0999999 1.1 -1.9
v 0.3 1.1 -1.9
v -2.5 1.1 -2
v -2.4 1.1 -2
v -2 1.1 -2
v -1.9 1.1 -2
v -0.0999999 1.1 -2
v 0 1.1 -2
v 0.4 1.1 -2
v 0.5 1.1 -2
v -4.5 1.1 -2.1
v -4.4 1.1 -2.1
v -4 1.1 -2.1
v -3.9 1.1 -2.1
v -3.4 1.1 -2.1
v -3.2 1.1 -2.1
v -0.9 1.1 -2.1
v -0.8 1.1 -2.1
v -0.4 1.1 -2.1
v -0.3 1.1 -2.1
v -4.3 1.1 -2.2
v -4.1 1.1 -2.2
v -3.4 1.1 -2.2
v -3.2 1.1 -2.2
v -2.5 1.1 -2.2
v -2.4 1.1 -2.2
v -2 1.1 -2.2
v -1.9 1.1 -2.2
v -0.7 1.1 -2.2
v -0.5 1.1 -2.2
v -0.0999999 1.1 -2.2
v 0 1.1 -2.2
v 0.4 1.1 -2.2
v 0.5 1.1 -2.2
v -4.3 1.1 -2.3
v -4.1 1.1 -2.3
v -3.6 1.1 -2.3
v -3.5 1.1 -2.3
v -3.1 1.1 -2.3
v -3 1.1 -2.3
v -2.3 1.1 -2.3
v -2.1 1.1 -2.3
v -0.7 1.1 -2.3
v -0.5 1.1 -2.3
v 0.0999999 1.1 -2.3
v 0.3 1.1 -2.3
v -4.6 1.1 -2.4
v -4.4 1.1 -2.4
v -2.3 1.1 -2.4
v -2.1 1.1 -2.4
v 0.0999999 1.1 -2.4
v 0.3 1.1 -2.4
v -4.6 1.1 -2.5
v -4.4 1.1 -2.5
v -3.6 1.1 -2.5
v -3.5 1.1 -2.5
v -3.1 1.1 -2.5
v -3 1.1 -2.5
v -4.8 1.1 -2.6
v -4.7 1.1 -2.6
v -4.3 1.1 -2.6
v -4.2 1.1 -2.6
v -3.4 1.1 -2.6
v -3.2 1.1 -2.6
v -3.4 1.1 -2.7
v -3.2 1.1 -2.7
v -2.1 1.1 -2.7
v -1.9 1.1 -2.7
v 0.5 1.1 -2.7
v 0.7 1.1 -2.7
v -4.8 1.1 -2.8
v -4.7 1.1 -2.8
v -4.3 1.1 -2.8
v -4.2 1.1 -2.8
v -2.1 1.1 -2.8
v -1.9 1.1 -2.8
v 0.5 1.1 -2.8
v 0.7 1.1 -2.8
v -4.6 1.1 -2.9
v -4.4 1.1 -2.9
v -3.1 1.1 -2.9
v -2.9 1.1 -2.9
v -2.3 1.1 -2.9
v -2.2 1.1 -2.9
v -1.8 1.1 -2.9
v -1.7 1.1 -2.9
v 0.3 1.1 -2.9
v 0.4 1.1 -2.9
v 0.8 1.1 -2.9
v 0.9 1.1 -2.9
v -4.6 1.1 -3
v -4.4 1.1 -3
v -3.1 1.1 -3
v -2.9 1.1 -3
v -3.3 1.1 -3.1
v -3.2 1.1 -3.1
v -2.8 1.1 -3.1
v -2.7 1.1 -3.1
v -2.3 1.1 -3.1
v -2.2 1.1 -3.1
v -1.8 1.1 -3.1
v -1.7 1.1 -3.1
v 0.3 1.1 -3.1
v 0.4 1.1 -3.1
v 0.8 1.1 -3.1
v 0.9 1.1 -3.1
v -3.8 1.1 -3.2
v -3.6 1.1 -3.2
v -2.1 1.1 -3.2
v -1.9 1.1 -3.2
v 0.5 1.1 -3.2
v 0.7 1.1 -3.2
v -4.4 1.1 -3.3
v -4.2 1.1 -3.3
v -3.8 1.1 -3.3
v -3.6 1.1 -3.3
v -3.3 1.1 -3.3
v -3.2 1.1 -3.3
v -2.8 1.1 -3.3
v -2.7 1.1 -3.3
v -2.1 1.1 -3.3
v -1.9 1.1 -3.3
v -1.5 1.1 -3.3
v -1.3 1.1 -3.3
v 0.5 1.1 -3.3
v 0.7 1.1 -3.3
v -4.4 1.1 -3.4
v -4.2 1.1 -3.4
v -4 1.1 -3.4
v -3.9 1.1 -3.4
v -3.5 1.1 -3.4
v -3.4 1.1 -3.4
v -3.1 1.1 -3.4
v -2.9 1.1 -3.4
v -1.5 1.1 -3.4
v -1.3 1.1 -3.4
v -3.1 1.1 -3.5
v -2.9 1.1 -3.5
v -1.7 1.1 -3.5
v -1.6 1.1 -3.5
v -1.2 1.1 -3.5
v -1.1 1.1 -3.5
v -4 1.1 -3.6
v -3.9 1.1 -3.6
v -3.5 1.1 -3.6
v -3.4 1.1 -3.6
v -3.8 1.1 -3.7
v -3.6 1.1 -3.7
v -1.7 1.1 -3.7
v -1.6 1.1 -3.7
v -1.2 1.1 -3.7
v -1.1 1.1 -3.7
v -3.8 1.1 -3.8
v -3.6 1.1 -3.8
v -1.5 1.1 -3.8
v -1.3 1.1 -3.8
v -1.5 1.1 -3.9
v -1.3 1.1 -3.9
v -4.8 1.1 -4
v -4.6 1.1 -4
v -3.9 1.1 -4
v -3.7 1.1 -4
v -2.3 1.1 -4
v -2.1 1.1 -4
v -4.8 1.1 -4.1
v -4.6 1.1 -4.1
v -3.9 1.1 -4.1
v -3.7 1.1 -4.1
v -2.3 1.1 -4.1
v -2.1 1.1 -4.1
v -4.5 1.1 -4.2
v -4.4 1.1 -4.2
v -4.1 1.1 -4.2
v -4 1.1 -4.2
v -3.6 1.1 -4.2
v -3.5 1.1 -4.2
v -2.5 1.1 -4.2
v -2.4 1.1 -4.2
v -2 1.1 -4.2
v -1.9 1.1 -4.2
v -5 1.1 -4.3
v -4.9 1.1 -4.3
v -5 1.1 -4.4
v -4.9 1.1 -4.4
v -4.5 1.1 -4.4
v -4.4 1.1 -4.4
v -4.1 1.1 -4.4
v -4 1.1 -4.4
v -3.6 1.1 -4.4
v -3.5 1.1 -4.4
v -2.5 1.1 -4.4
v -2.4 1.1 -4.4
v -2 1.1 -4.4
v -1.9 1.1 -4.4
v -4.8 1.1 -4.5
v -4.6 1.1 -4.5
v -3.9 1.1 -4.5
v -3.7 1.1 -4.5
v -2.3 1.1 -4.5
v -2.1 1.1 -4.5
v 0.2 1.1 -4.5
v 0.4 1.1 -4.5
v -4.8 1.1 -4.6
v -4.6 1.1 -4.6
v -3.9 1.1 -4.6
v -3.7 1.1 -4.6
v -2.3 1.1 -4.6
v -2.1 1.1 -4.6
v 0.2 1.1 -4.6
v 0.4 1.1 -4.6
v 0 1.1 -4.7
v 0.0999999 1.1 -4.7
v 0.5 1.1 -4.7
v 0.6 1.1 -4.7
v -2.7 1.1 -4.8
v -2.5 1.1 -4.8
v -2.7 1.1 -4.9
v -2.5 1.1 -4.9
v 0 1.1 -4.9
v 0.0999999 1.1 -4.9
v 0.5 1.1 -4.9
v 0.6 1.1 -4.9
v 0.2 1.1 -5
v 0.4 1.1 -5
v 0.2 1.1 -5.1
v 0.4 1.1 -5.1
v 0.0999999 1.2 1.5
v 0.3 1.2 1.5
v -1.1 1.2 1.4
v -1 1.2 1.4
v 0.0999999 1.2 1.4
v 0.3 1.2 1.4
v -1.2 1.2 1.3
v -1.1 1.2 1.3
v -1 1.2 1.3
v -1.2 1.2 1.2
v -1 1.2 1.2
v -0.2 1.2 1.2
v -0.0999999 1.2 1.2
v 0.5 1.2 1.2
v 0.6 1.2 1.2
v -3.8 1.2 1.1
v -3.6 1.2 1.1
v -3.8 1.2 1
v -3.6 1.2 1
v -1.5 1.2 1
v -1.4 1.2 1
v -0.8 1.2 1
v -0.7 1.2 1
v -0.6 1.2 1
v -0.2 1.2 1
v -0.0999999 1.2 1
v 0.5 1.2 1
v 0.6 1.2 1
v -0.7 1.2 0.9
v -0.6 1.2 0.9
v -4.1 1.2 0.8
v -4 1.2 0.8
v -3.4 1.2 0.8
v -3.3 1.2 0.8
v -1.5 1.2 0.8
v -1.4 1.2 0.8
v -0.8 1.2 0.8
v -0.7 1.2 0.8
v 0.0999999 1.2 0.8
v 0.3 1.2 0.8
v -5 1.2 0.7
v -4.9 1.2 0.7
v 0.0999999 1.2 0.7
v 0.3 1.2 0.7
v -4.1 1.2 0.6
v -4 1.2 0.6
v -3.4 1.2 0.6
v -3.3 1.2 0.6
v -1.2 1.2 0.6
v -1 1.2 0.6
v -5.2 1.2 0.5
v -5 1.2 0.5
v -4.9 1.2 0.5
v -4.7 1.2 0.5
v -1.2 1.2 0.5
v -1 1.2 0.5
v -5.2 1.2 0.4
v -5.1 1.2 0.4
v -5 1.2 0.4
v -4.9 1.2 0.4
v -4.7 1.2 0.4
v -3.8 1.2 0.4
v -3.6 1.2 0.4
v -2 1.2 0.4
v -1.8 1.2 0.4
v -5.1 1.2 0.3
v -4.9 1.2 0.3
v -3.8 1.2 0.3
v -3.6 1.2 0.3
v -2 1.2 0.3
v -1.8 1.2 0.3
v -4.6 1.2 0.1
v -4.4 1.2 0.1
v -2.3 1.2 0.1
v -2.2 1.2 0.1
v -1.6 1.2 0.1
v -1.5 1.2 0.1
v 0.0999999 1.2 0.1
v 0.2 1.2 0.1
v -4.6 1.2 1.19209e-07
v -4.4 1.2 1.19209e-07
v -2.3 1.2 -0.0999998
v -2.2 1.2 -0.0999998
v -1.6 1.2 -0.0999998
v -1.5 1.2 -0.0999998
v -0.0999999 1.2 -0.0999998
v 0.0999999 1.2 -0.0999998
v 0.2 1.2 -0.0999998
v 0.4 1.2 -0.0999998
v -4.9 1.2 -0.2
v -4.8 1.2 -0.2
v -4.2 1.2 -0.2
v -4.1 1.2 -0.2
v -0.0999999 1.2 -0.2
v 0 1.2 -0.2
v 0.0999999 1.2 -0.2
v 0.2 1.2 -0.2
v 0.4 1.2 -0.2
v -2 1.2 -0.3
v -1.8 1.2 -0.3
v 0 1.2 -0.3
v 0.2 1.2 -0.3
v -4.9 1.2 -0.4
v -4.8 1.2 -0.4
v -4.2 1.2 -0.4
v -4.1 1.2 -0.4
v -2 1.2 -0.4
v -1.8 1.2 -0.4
v -1.1 1.2 -0.5
v -0.9 1.2 -0.5
v -4.6 1.2 -0.6
v -4.4 1.2 -0.6
v -1.1 1.2 -0.6
v -0.9 1.2 -0.6
v -4.6 1.2 -0.7
v -4.4 1.2 -0.7
v -3.8 1.2 -0.7
v -3.7 1.2 -0.7
v 0 1.2 -0.7
v 0.2 1.2 -0.7
v -3.9 1.2 -0.8
v -3.8 1.2 -0.8
v -3.7 1.2 -0.8
v -1.4 1.2 -0.8
v -1.3 1.2 -0.8
v -0.7 1.2 -0.8
v -0.6 1.2 -0.8
v 0 1.2 -0.8
v 0.2 1.2 -0.8
v -3.9 1.2 -0.9
v -3.7 1.2 -0.9
v -1.4 1.2 -1
v -1.3 1.2 -1
v -0.7 1.2 -1
v -0.6 1.2 -1
v -0.3 1.2 -1
v -0.2 1.2 -1
v 0.4 1.2 -1
v 0.5 1.2 -1
v -4.2 1.2 -1.1
v -4.1 1.2 -1.1
v -3.5 1.2 -1.1
v -3.4 1.2 -1.1
v -3.3 1.2 -1.1
v -3.4 1.2 -1.2
v -3.3 1.2 -1.2
v -1.1 1.2 -1.2
v -0.9 1.2 -1.2
v -0.3 1.2 -1.2
v -0.2 1.2 -1.2
v 0.4 1.2 -1.2
v 0.5 1.2 -1.2
v -4.2 1.2 -1.3
v -4.1 1.2 -1.3
v -3.5 1.2 -1.3
v -3.4 1.2 -1.3
v -1.1 1.2 -1.3
v -0.9 1.2 -1.3
v 0 1.2 -1.4
v 0.2 1.2 -1.4
v -3.9 1.2 -1.5
v -3.7 1.2 -1.5
v 0 1.2 -1.5
v 0.2 1.2 -1.5
v -4.3 1.2 -1.6
v -4.1 1.2 -1.6
v -3.9 1.2 -1.6
v -3.7 1.2 -1.6
v -0.7 1.2 -1.6
v -0.5 1.2 -1.6
v -4.3 1.2 -1.7
v -4.1 1.2 -1.7
v -2.3 1.2 -1.7
v -2.1 1.2 -1.7
v -0.7 1.2 -1.7
v -0.5 1.2 -1.7
v 0.0999999 1.2 -1.7
v 0.3 1.2 -1.7
v -2.3 1.2 -1.8
v -2.1 1.2 -1.8
v 0.0999999 1.2 -1.8
v 0.3 1.2 -1.8
v -4.6 1.2 -1.9
v -4.5 1.2 -1.9
v -3.9 1.2 -1.9
v -3.8 1.2 -1.9
v -1 1.2 -1.9
v -0.9 1.2 -1.9
v -0.3 1.2 -1.9
v -0.2 1.2 -1.9
v -3.4 1.2 -2
v -3.2 1.2 -2
v -2.6 1.2 -2
v -2.5 1.2 -2
v -1.9 1.2 -2
v -1.8 1.2 -2
v -0.2 1.2 -2
v -0.0999999 1.2 -2
v 0.5 1.2 -2
v 0.6 1.2 -2
v -4.6 1.2 -2.1
v -4.5 1.2 -2.1
v -3.9 1.2 -2.1
v -3.8 1.2 -2.1
v -3.4 1.2 -2.1
v -3.2 1.2 -2.1
v -1 1.2 -2.1
v -0.9 1.2 -2.1
v -0.3 1.2 -2.1
v -0.2 1.2 -2.1
v -2.6 1.2 -2.2
v -2.5 1.2 -2.2
v -1.9 1.2 -2.2
v -1.8 1.2 -2.2
v -0.2 1.2 -2.2
v -0.0999999 1.2 -2.2
v 0.5 1.2 -2.2
v 0.6 1.2 -2.2
v -4.3 1.2 -2.3
v -4.1 1.2 -2.3
v -3.7 1.2 -2.3
v -3.6 1.2 -2.3
v -3 1.2 -2.3
v -2.9 1.2 -2.3
v -0.7 1.2 -2.3
v -0.5 1.2 -2.3
v -4.3 1.2 -2.4
v -4.1 1.2 -2.4
v -2.3 1.2 -2.4
v -2.1 1.2 -2.4
v -0.7 1.2 -2.4
v -0.5 1.2 -2.4
v 0.0999999 1.2 -2.4
v 0.3 1.2 -2.4
v -3.7 1.2 -2.5
v -3.6 1.2 -2.5
v -3 1.2 -2.5
v -2.9 1.2 -2.5
v -2.3 1.2 -2.5
v -2.1 1.2 -2.5
v 0.0999999 1.2 -2.5
v 0.3 1.2 -2.5
v -2.1 1.2 -2.6
v -1.9 1.2 -2.6
v 0.5 1.2 -2.6
v 0.7 1.2 -2.6
v -3.4 1.2 -2.7
v -3.2 1.2 -2.7
v -2.1 1.2 -2.7
v -1.9 1.2 -2.7
v 0.5 1.2 -2.7
v 0.7 1.2 -2.7
v -3.4 1.2 -2.8
v -3.2 1.2 -2.8
v -3.1 1.2 -2.8
v -2.9 1.2 -2.8
v -3.1 1.2 -2.9
v -2.9 1.2 -2.9
v -2.4 1.2 -2.9
v -2.3 1.2 -2.9
v -1.7 1.2 -2.9
v -1.6 1.2 -2.9
v 0.2 1.2 -2.9
v 0.3 1.2 -2.9
v 0.9 1.2 -2.9
v 1 1.2 -2.9
v -4.7 1.2 -3.1
v -4.6 1.2 -3.1
v -3.4 1.2 -3.1
v -3.3 1.2 -3.1
v -2.7 1.2 -3.1
v -2.6 1.2 -3.1
v -2.4 1.2 -3.1
v -2.3 1.2 -3.1
v -1.7 1.2 -3.1
v -1.6 1.2 -3.1
v 0.2 1.2 -3.1
v 0.3 1.2 -3.1
v 0.9 1.2 -3.1
v 1 1.2 -3.1
v -1.5 1.2 -3.2
v -1.3 1.2 -3.2
v -4.9 1.2 -3.3
v -4.7 1.2 -3.3
v -4.6 1.2 -3.3
v -4.4 1.2 -3.3
v -3.4 1.2 -3.3
v -3.3 1.2 -3.3
v -2.7 1.2 -3.3
v -2.6 1.2 -3.3
v -2.1 1.2 -3.3
v -1.9 1.2 -3.3
v -1.5 1.2 -3.3
v -1.3 1.2 -3.3
v 0.5 1.2 -3.3
v 0.7 1.2 -3.3
v -4.9 1.2 -3.4
v -4.8 1.2 -3.4
v -4.7 1.2 -3.4
v -4.6 1.2 -3.4
v -4.4 1.2 -3.4
v -2.1 1.2 -3.4
v -1.9 1.2 -3.4
v 0.5 1.2 -3.4
v 0.7 1.2 -3.4
v -4.8 1.2 -3.5
v -4.6 1.2 -3.5
v -3.1 1.2 -3.5
v -2.9 1.2 -3.5
v -1.8 1.2 -3.5
v -1.7 1.2 -3.5
v -1.1 1.2 -3.5
v -1 1.2 -3.5
v -3.1 1.2 -3.6
v -2.9 1.2 -3.6
v -1.8 1.2 -3.7
v -1.7 1.2 -3.7
v -1.1 1.2 -3.7
v -1 1.2 -3.7
v -4.8 1.2 -3.9
v -4.6 1.2 -3.9
v -3.9 1.2 -3.9
v -3.7 1.2 -3.9
v -2.3 1.2 -3.9
v -2.1 1.2 -3.9
v -1.5 1.2 -3.9
v -1.3 1.2 -3.9
v -4.8 1.2 -4
v -4.6 1.2 -4
v -3.9 1.2 -4
v -3.7 1.2 -4
v -2.3 1.2 -4
v -2.1 1.2 -4
v -1.5 1.2 -4
v -1.3 1.2 -4
v -5.1 1.2 -4.2
v -5 1.2 -4.2
v -4.4 1.2 -4.2
v -4.3 1.2 -4.2
v -4.2 1.2 -4.2
v -4.1 1.2 -4.2
v -3.5 1.2 -4.2
v -3.4 1.2 -4.2
v -2.6 1.2 -4.2
v -2.5 1.2 -4.2
v -1.9 1.2 -4.2
v -1.8 1.2 -4.2
v -5 1.2 -4.3
v -5.1 1.2 -4.4
v -5 1.2 -4.4
v -4.4 1.2 -4.4
v -4.3 1.2 -4.4
v -4.2 1.2 -4.4
v -4.1 1.2 -4.4
v -3.5 1.2 -4.4
v -3.4 1.2 -4.4
v -2.6 1.2 -4.4
v -2.5 1.2 -4.4
v -1.9 1.2 -4.4
v -1.8 1.2 -4.4
v 0.2 1.2 -4.4
v 0.4 1.2 -4.4
v 0.2 1.2 -4.5
v 0.4 1.2 -4.5
v -4.8 1.2 -4.6
v -4.6 1.2 -4.6
v -3.9 1.2 -4.6
v -3.7 1.2 -4.6
v -3 1.2 -4.6
v -2.9 1.2 -4.6
v -2.3 1.2 -4.6
v -2.1 1.2 -4.6
v -4.8 1.2 -4.7
v -4.6 1.2 -4.7
v -3.9 1.2 -4.7
v -3.7 1.2 -4.7
v -2.3 1.2 -4.7
v -2.1 1.2 -4.7
v -0.0999999 1.2 -4.7
v 0 1.2 -4.7
v 0.6 1.2 -4.7
v 0.7 1.2 -4.7
v -3.2 1.2 -4.8
v -3 1.2 -4.8
v -2.9 1.2 -4.8
v -2.7 1.2 -4.8
v -3.2 1.2 -4.9
v -3.1 1.2 -4.9
v -3 1.2 -4.9
v -2.9 1.2 -4.9
v -2.7 1.2 -4.9
v -0.0999999 1.2 -4.9
v 0 1.2 -4.9
v 0.6 1.2 -4.9
v 0.7 1.2 -4.9
v -3.1 1.2 -5
v -2.9 1.2 -5
v 0.2 1.2 -5.1
v 0.4 1.2 -5.1
v 0.2 1.2 -5.2
v 0.4 1.2 -5.2
v 0.0999999 1.3 1.6
v 0.3 1.3 1.6
v -1.1 1.3 1.5
v -1 1.3 1.5
v 0.0999999 1.3 1.5
v 0.3 1.3 1.5
v -1.1 1.3 1.4
v -1 1.3 1.4
v -0.3 1.3 1.2
v -0.2 1.3 1.2
v 0.6 1.3 1.2
v 0.7 1.3 1.2
v -0.3 1.3 1
v -0.2 1.3 1
v 0.6 1.3 1
v 0.7 1.3 1
v -5 1.3 0.8
v -4.9 1.3 0.8
v -5 1.3 0.7
v -4.9 1.3 0.7
v 0.0999999 1.3 0.7
v 0.3 1.3 0.7
v 0.0999999 1.3 0.6
v 0.3 1.3 0.6
v -5.3 1.3 0.5
v -5.2 1.3 0.5
v -2 1.3 0.5
v -1.8 1.3 0.5
v -5.3 1.3 0.4
v -5.2 1.3 0.4
v -2.3 1.3 0.4
v -2.2 1.3 0.4
v -2 1.3 0.4
v -1.8 1.3 0.4
v -1.6 1.3 0.4
v -1.5 1.3 0.4
v -5.1 1.3 0.3
v -5 1.3 0.3
v -2.3 1.3 0.3
v -2.2 1.3 0.3
v -1.6 1.3 0.3
v -1.5 1.3 0.3
v -5.1 1.3 0.2
v -5 1.3 0.2
v -4.6 1.3 0.2
v -4.4 1.3 0.2
v -2.1 1.3 0.2
v -2 1.3 0.2
v -1.8 1.3 0.2
v -1.7 1.3 0.2
v 0.0999999 1.3 0.2
v 0.2 1.3 0.2
v -4.6 1.3 0.1
v -4.4 1.3 0.1
v -2.4 1.3 0.1
v -2.3 1.3 0.1
v -2.1 1.3 0.1
v -2 1.3 0.1
v -1.8 1.3 0.1
v -1.7 1.3 0.1
v -1.5 1.3 0.1
v -1.4 1.3 0.1
v 0.0999999 1.3 0.1
v 0.2 1.3 0.1
v -2.4 1.3 -0.0999998
v -2.3 1.3 -0.0999998
v -2.1 1.3 -0.0999998
v -2 1.3 -0.0999998
v -1.8 1.3 -0.0999998
v -1.7 1.3 -0.0999998
v -1.5 1.3 -0.0999998
v -1.4 1.3 -0.0999998
v -0.2 1.3 -0.0999998
v -0.0999999 1.3 -0.0999998
v -5 1.3 -0.2
v -4.9 1.3 -0.2
v -4.1 1.3 -0.2
v -4 1.3 -0.2
v -2.1 1.3 -0.2
v -2 1.3 -0.2
v -1.8 1.3 -0.2
v -1.7 1.3 -0.2
v -0.2 1.3 -0.2
v -0.0999999 1.3 -0.2
v -2.3 1.3 -0.3
v -2.2 1.3 -0.3
v -1.6 1.3 -0.3
v -1.5 1.3 -0.3
v -1.1 1.3 -0.3
v -0.9 1.3 -0.3
v 0 1.3 -0.3
v 0.0999999 1.3 -0.3
v -5 1.3 -0.4
v -4.9 1.3 -0.4
v -4.1 1.3 -0.4
v -4 1.3 -0.4
v -2.3 1.3 -0.4
v -2.2 1.3 -0.4
v -2 1.3 -0.4
v -1.8 1.3 -0.4
v -1.6 1.3 -0.4
v -1.5 1.3 -0.4
v -1.1 1.3 -0.4
v -0.9 1.3 -0.4
v 0 1.3 -0.4
v 0.0999999 1.3 -0.4
v -2 1.3 -0.5
v -1.8 1.3 -0.5
v -1.1 1.3 -0.5
v -0.9 1.3 -0.5
v -3.8 1.3 -0.6
v -3.7 1.3 -0.6
v -4.6 1.3 -0.7
v -4.4 1.3 -0.7
v -3.8 1.3 -0.7
v -3.7 1.3 -0.7
v -4.6 1.3 -0.8
v -4.4 1.3 -0.8
v -1.6 1.3 -0.8
v -1.5 1.3 -0.8
v -1.4 1.3 -0.8
v -0.6 1.3 -0.8
v -0.5 1.3 -0.8
v -1.6 1.3 -0.9
v -1.5 1.3 -0.9
v -0.5 1.3 -0.9
v -0.4 1.3 -0.9
v -1.5 1.3 -1
v -1.4 1.3 -1
v -0.6 1.3 -1
v -0.5 1.3 -1
v -0.4 1.3 -1
v -1.1 1.3 -1.3
v -0.9 1.3 -1.3
v -1.1 1.3 -1.4
v -0.9 1.3 -1.4
v -4.3 1.3 -1.5
v -4.1 1.3 -1.5
v -1.1 1.3 -1.5
v -0.9 1.3 -1.5
v -4.6 1.3 -1.6
v -4.5 1.3 -1.6
v -4.3 1.3 -1.6
v -4.1 1.3 -1.6
v -3.9 1.3 -1.6
v -3.8 1.3 -1.6
v -2.3 1.3 -1.6
v -2.1 1.3 -1.6
v 0.0999999 1.3 -1.6
v 0.3 1.3 -1.6
v -4.6 1.3 -1.7
v -4.5 1.3 -1.7
v -3.9 1.3 -1.7
v -3.8 1.3 -1.7
v -2.3 1.3 -1.7
v -2.1 1.3 -1.7
v 0.0999999 1.3 -1.7
v 0.3 1.3 -1.7
v -4.4 1.3 -1.8
v -4.3 1.3 -1.8
v -4.1 1.3 -1.8
v -4 1.3 -1.8
v -4.7 1.3 -1.9
v -4.6 1.3 -1.9
v -4.4 1.3 -1.9
v -4.3 1.3 -1.9
v -4.1 1.3 -1.9
v -4 1.3 -1.9
v -3.8 1.3 -1.9
v -3.7 1.3 -1.9
v -2.7 1.3 -2
v -2.6 1.3 -2
v -1.8 1.3 -2
v -1.7 1.3 -2
v 0.6 1.3 -2
v 0.7 1.3 -2
v -4.7 1.3 -2.1
v -4.6 1.3 -2.1
v -4.4 1.3 -2.1
v -4.3 1.3 -2.1
v -4.1 1.3 -2.1
v -4 1.3 -2.1
v -3.8 1.3 -2.1
v -3.7 1.3 -2.1
v -0.3 1.3 -2.1
v -0.2 1.3 -2.1
v -4.4 1.3 -2.2
v -4.3 1.3 -2.2
v -4.1 1.3 -2.2
v -4 1.3 -2.2
v -2.7 1.3 -2.2
v -2.6 1.3 -2.2
v -1.8 1.3 -2.2
v -1.7 1.3 -2.2
v -0.3 1.3 -2.2
v -0.2 1.3 -2.2
v 0.6 1.3 -2.2
v 0.7 1.3 -2.2
v -4.6 1.3 -2.3
v -4.5 1.3 -2.3
v -3.9 1.3 -2.3
v -3.8 1.3 -2.3
v -4.6 1.3 -2.4
v -4.5 1.3 -2.4
v -4.3 1.3 -2.4
v -4.1 1.3 -2.4
v -3.9 1.3 -2.4
v -3.8 1.3 -2.4
v -4.3 1.3 -2.5
v -4.1 1.3 -2.5
v -2.3 1.3 -2.5
v -2.1 1.3 -2.5
v 0.0999999 1.3 -2.5
v 0.3 1.3 -2.5
v -3.1 1.3 -2.6
v -2.9 1.3 -2.6
v -2.3 1.3 -2.6
v -2.1 1.3 -2.6
v 0.0999999 1.3 -2.6
v 0.3 1.3 -2.6
v -3.1 1.3 -2.7
v -2.9 1.3 -2.7
v -3.1 1.3 -2.8
v -2.9 1.3 -2.8
v -4.7 1.3 -3
v -4.6 1.3 -3
v -4.7 1.3 -3.1
v -4.6 1.3 -3.1
v -3.6 1.3 -3.1
v -3.5 1.3 -3.1
v -3.4 1.3 -3.1
v -2.6 1.3 -3.1
v -2.5 1.3 -3.1
v -1.5 1.3 -3.1
v -1.3 1.3 -3.1
v -3.6 1.3 -3.2
v -3.5 1.3 -3.2
v -2.5 1.3 -3.2
v -2.4 1.3 -3.2
v -1.8 1.3 -3.2
v -1.7 1.3 -3.2
v -1.5 1.3 -3.2
v -1.3 1.3 -3.2
v -1.1 1.3 -3.2
v -1 1.3 -3.2
v -5 1.3 -3.3
v -4.9 1.3 -3.3
v -3.5 1.3 -3.3
v -3.4 1.3 -3.3
v -2.6 1.3 -3.3
v -2.5 1.3 -3.3
v -2.4 1.3 -3.3
v -1.8 1.3 -3.3
v -1.7 1.3 -3.3
v -1.1 1.3 -3.3
v -1 1.3 -3.3
v -5 1.3 -3.4
v -4.9 1.3 -3.4
v -1.6 1.3 -3.4
v -1.5 1.3 -3.4
v -1.3 1.3 -3.4
v -1.2 1.3 -3.4
v -4.8 1.3 -3.5
v -4.7 1.3 -3.5
v -1.9 1.3 -3.5
v -1.8 1.3 -3.5
v -1.6 1.3 -3.5
v -1.5 1.3 -3.5
v -1.3 1.3 -3.5
v -1.2 1.3 -3.5
v -1 1.3 -3.5
v -0.9 1.3 -3.5
v -4.8 1.3 -3.6
v -4.7 1.3 -3.6
v -3.1 1.3 -3.6
v -2.9 1.3 -3.6
v -4.8 1.3 -3.7
v -4.6 1.3 -3.7
v -3.1 1.3 -3.7
v -2.9 1.3 -3.7
v -1.9 1.3 -3.7
v -1.8 1.3 -3.7
v -1.6 1.3 -3.7
v -1.5 1.3 -3.7
v -1.3 1.3 -3.7
v -1.2 1.3 -3.7
v -1 1.3 -3.7
v -0.9 1.3 -3.7
v -4.8 1.3 -3.8
v -4.6 1.3 -3.8
v -3.1 1.3 -3.8
v -2.9 1.3 -3.8
v -2.3 1.3 -3.8
v -2.1 1.3 -3.8
v -1.6 1.3 -3.8
v -1.5 1.3 -3.8
v -1.3 1.3 -3.8
v -1.2 1.3 -3.8
v -4.8 1.3 -3.9
v -4.6 1.3 -3.9
v -2.3 1.3 -3.9
v -2.1 1.3 -3.9
v -1.8 1.3 -3.9
v -1.7 1.3 -3.9
v -1.1 1.3 -3.9
v -1 1.3 -3.9
v -1.8 1.3 -4
v -1.7 1.3 -4
v -1.5 1.3 -4
v -1.3 1.3 -4
v -1.1 1.3 -4
v -1 1.3 -4
v -1.5 1.3 -4.1
v -1.3 1.3 -4.1
v -5.3 1.3 -4.2
v -5.2 1.3 -4.2
v -5.1 1.3 -4.2
v -4.3 1.3 -4.2
v -4.2 1.3 -4.2
v -2.7 1.3 -4.2
v -2.6 1.3 -4.2
v -1.8 1.3 -4.2
v -1.7 1.3 -4.2
v -5.3 1.3 -4.3
v -5.2 1.3 -4.3
v 0.2 1.3 -4.3
v 0.4 1.3 -4.3
v -5.2 1.3 -4.4
v -5.1 1.3 -4.4
v -4.3 1.3 -4.4
v -4.2 1.3 -4.4
v -2.7 1.3 -4.4
v -2.6 1.3 -4.4
v -1.8 1.3 -4.4
v -1.7 1.3 -4.4
v -0.0999999 1.3 -4.4
v 0 1.3 -4.4
v 0.2 1.3 -4.4
v 0.4 1.3 -4.4
v 0.6 1.3 -4.4
v 0.7 1.3 -4.4
v -3 1.3 -4.5
v -2.9 1.3 -4.5
v -0.0999999 1.3 -4.5
v 0 1.3 -4.5
v 0.6 1.3 -4.5
v 0.7 1.3 -4.5
v -3 1.3 -4.6
v -2.9 1.3 -4.6
v 0.0999999 1.3 -4.6
v 0.2 1.3 -4.6
v 0.4 1.3 -4.6
v 0.5 1.3 -4.6
v -4.8 1.3 -4.7
v -4.6 1.3 -4.7
v -2.3 1.3 -4.7
v -2.1 1.3 -4.7
v -0.2 1.3 -4.7
v -0.0999999 1.3 -4.7
v 0.0999999 1.3 -4.7
v 0.2 1.3 -4.7
v 0.4 1.3 -4.7
v 0.5 1.3 -4.7
v 0.7 1.3 -4.7
v 0.8 1.3 -4.7
v -4.8 1.3 -4.8
v -4.6 1.3 -4.8
v -3.3 1.3 -4.8
v -3.2 1.3 -4.8
v -2.3 1.3 -4.8
v -2.1 1.3 -4.8
v -4.8 1.3 -4.9
v -4.6 1.3 -4.9
v -3.3 1.3 -4.9
v -3.2 1.3 -4.9
v -0.2 1.3 -4.9
v -0.0999999 1.3 -4.9
v 0.0999999 1.3 -4.9
v 0.2 1.3 -4.9
v 0.4 1.3 -4.9
v 0.5 1.3 -4.9
v 0.7 1.3 -4.9
v 0.8 1.3 -4.9
v -3.1 1.3 -5
v -3 1.3 -5
v 0.0999999 1.3 -5
v 0.2 1.3 -5
v 0.4 1.3 -5
v 0.5 1.3 -5
v -3.1 1.3 -5.1
v -3 1.3 -5.1
v -0.0999999 1.3 -5.1
v 0 1.3 -5.1
v 0.6 1.3 -5.1
v 0.7 1.3 -5.1
v -0.0999999 1.3 -5.2
v 0 1.3 -5.2
v 0.2 1.3 -5.2
v 0.4 1.3 -5.2
v 0.6 1.3 -5.2
v 0.7 1.3 -5.2
v 0.2 1.3 -5.3
v 0.4 1.3 -5.3
v -2 1.4 1.2
v -1.8 1.4 1.2
v -2 1.4 1
v -1.8 1.4 1
v -5 1.4 0.9
v -4.8 1.4 0.9
v -5 1.4 0.8
v -4.9 1.4 0.8
v -4.8 1.4 0.8
v -2 1.4 0.6
v -1.8 1.4 0.6
v -5.4 1.4 0.5
v -5.3 1.4 0.5
v -4.9 1.4 0.5
v -4.8 1.4 0.5
v -2 1.4 0.5
v -1.8 1.4 0.5
v -5.4 1.4 0.4
v -5.3 1.4 0.4
v -4.9 1.4 0.4
v -4.8 1.4 0.4
v -2.2 1.4 0.3
v -2.1 1.4 0.3
v -1.7 1.4 0.3
v -1.6 1.4 0.3
v 0.0999999 1.4 0.3
v 0.3 1.4 0.3
v -5.1 1.4 0.2
v -5 1.4 0.2
v -4.9 1.4 0.2
v -2.2 1.4 0.2
v -2.1 1.4 0.2
v -1.7 1.4 0.2
v -1.6 1.4 0.2
v 0.0999999 1.4 0.2
v 0.2 1.4 0.2
v 0.3 1.4 0.2
v -5.1 1.4 0.1
v -5 1.4 0.1
v -3.1 1.4 0.1
v -2.9 1.4 0.1
v -2.5 1.4 0.1
v -2.4 1.4 0.1
v -1.4 1.4 0.1
v -1.3 1.4 0.1
v -0.9 1.4 0.1
v -0.7 1.4 0.1
v -5 1.4 1.19209e-07
v -4.9 1.4 1.19209e-07
v -3.1 1.4 -0.0999998
v -2.9 1.4 -0.0999998
v -2.5 1.4 -0.0999998
v -2.4 1.4 -0.0999998
v -1.4 1.4 -0.0999998
v -1.3 1.4 -0.0999998
v -0.9 1.4 -0.0999998
v -0.7 1.4 -0.0999998
v -0.3 1.4 -0.0999998
v -0.2 1.4 -0.0999998
v 0.2 1.4 -0.0999998
v 0.3 1.4 -0.0999998
v -2.2 1.4 -0.2
v -2.1 1.4 -0.2
v -1.7 1.4 -0.2
v -1.6 1.4 -0.2
v -0.3 1.4 -0.2
v -0.2 1.4 -0.2
v 0.2 1.4 -0.2
v 0.3 1.4 -0.2
v -2.2 1.4 -0.3
v -2.1 1.4 -0.3
v -1.7 1.4 -0.3
v -1.6 1.4 -0.3
v 0 1.4 -0.4
v 0.0999999 1.4 -0.4
v 0.2 1.4 -0.4
v -2 1.4 -0.5
v -1.8 1.4 -0.5
v 0 1.4 -0.5
v 0.0999999 1.4 -0.5
v -2 1.4 -0.6
v -1.8 1.4 -0.6
v 0.0999999 1.4 -0.6
v 0.2 1.4 -0.6
v -4.3 1.4 -0.8
v -4.1 1.4 -0.8
v -4.3 1.4 -1
v -4.1 1.4 -1
v -2 1.4 -1
v -1.8 1.4 -1
v -2 1.4 -1.2
v -1.8 1.4 -1.2
v -4.3 1.4 -1.4
v -4.1 1.4 -1.4
v -4.3 1.4 -1.5
v -4.1 1.4 -1.5
v -4.5 1.4 -1.7
v -4.4 1.4 -1.7
v -4 1.4 -1.7
v -3.9 1.4 -1.7
v -4.5 1.4 -1.8
v -4.4 1.4 -1.8
v -4 1.4 -1.8
v -3.9 1.4 -1.8
v -5.4 1.4 -1.9
v -5.2 1.4 -1.9
v -4.8 1.4 -1.9
v -4.7 1.4 -1.9
v -3.7 1.4 -1.9
v -3.6 1.4 -1.9
v -3.2 1.4 -1.9
v -3 1.4 -1.9
v -5.4 1.4 -2.1
v -5.2 1.4 -2.1
v -4.8 1.4 -2.1
v -4.7 1.4 -2.1
v -3.7 1.4 -2.1
v -3.6 1.4 -2.1
v -3.2 1.4 -2.1
v -3 1.4 -2.1
v -4.5 1.4 -2.2
v -4.4 1.4 -2.2
v -4 1.4 -2.2
v -3.9 1.4 -2.2
v -4.5 1.4 -2.3
v -4.4 1.4 -2.3
v -4 1.4 -2.3
v -3.9 1.4 -2.3
v -1.5 1.4 -2.4
v -1.3 1.4 -2.4
v -4.3 1.4 -2.5
v -4.1 1.4 -2.5
v -4.3 1.4 -2.6
v -4.1 1.4 -2.6
v -1.5 1.4 -2.6
v -1.3 1.4 -2.6
v -4.7 1.4 -2.9
v -4.5 1.4 -2.9
v -4.7 1.4 -3
v -4.6 1.4 -3
v -4.5 1.4 -3
v -4.3 1.4 -3
v -4.1 1.4 -3
v -1.5 1.4 -3
v -1.3 1.4 -3
v -1.5 1.4 -3.1
v -1.3 1.4 -3.1
v -4.3 1.4 -3.2
v -4.1 1.4 -3.2
v -5.1 1.4 -3.3
v -5 1.4 -3.3
v -4.6 1.4 -3.3
v -4.5 1.4 -3.3
v -1.7 1.4 -3.3
v -1.6 1.4 -3.3
v -1.2 1.4 -3.3
v -1.1 1.4 -3.3
v -5.1 1.4 -3.4
v -5 1.4 -3.4
v -4.6 1.4 -3.4
v -4.5 1.4 -3.4
v -1.7 1.4 -3.4
v -1.6 1.4 -3.4
v -1.2 1.4 -3.4
v -1.1 1.4 -3.4
v -2.6 1.4 -3.5
v -2.5 1.4 -3.5
v -2.4 1.4 -3.5
v -2 1.4 -3.5
v -1.9 1.4 -3.5
v -0.9 1.4 -3.5
v -0.8 1.4 -3.5
v -0.4 1.4 -3.5
v -0.2 1.4 -3.5
v -4.8 1.4 -3.6
v -4.7 1.4 -3.6
v -4.6 1.4 -3.6
v 0.2 1.4 -3.6
v 0.4 1.4 -3.6
v -4.8 1.4 -3.7
v -4.6 1.4 -3.7
v -2.6 1.4 -3.7
v -2.5 1.4 -3.7
v -2.4 1.4 -3.7
v -2 1.4 -3.7
v -1.9 1.4 -3.7
v -0.9 1.4 -3.7
v -0.8 1.4 -3.7
v -0.4 1.4 -3.7
v -0.2 1.4 -3.7
v -1.7 1.4 -3.8
v -1.6 1.4 -3.8
v -1.2 1.4 -3.8
v -1.1 1.4 -3.8
v 0.2 1.4 -3.8
v 0.4 1.4 -3.8
v -1.7 1.4 -3.9
v -1.6 1.4 -3.9
v -1.2 1.4 -3.9
v -1.1 1.4 -3.9
v -1.5 1.4 -4.1
v -1.3 1.4 -4.1
v -1.5 1.4 -4.2
v -1.3 1.4 -4.2
v 0.2 1.4 -4.2
v 0.4 1.4 -4.2
v 0.2 1.4 -4.3
v 0.4 1.4 -4.3
v -3 1.4 -4.4
v -2.8 1.4 -4.4
v -3 1.4 -4.5
v -2.9 1.4 -4.5
v -2.8 1.4 -4.5
v 0 1.4 -4.5
v 0.0999999 1.4 -4.5
v 0.5 1.4 -4.5
v 0.6 1.4 -4.5
v -1.5 1.4 -4.6
v -1.3 1.4 -4.6
v 0 1.4 -4.6
v 0.0999999 1.4 -4.6
v 0.5 1.4 -4.6
v 0.6 1.4 -4.6
v -1.4 1.4 -4.7
v -1.3 1.4 -4.7
v -0.9 1.4 -4.7
v -0.7 1.4 -4.7
v -0.3 1.4 -4.7
v -0.2 1.4 -4.7
v 0.8 1.4 -4.7
v 0.9 1.4 -4.7
v 1.3 1.4 -4.7
v 1.5 1.4 -4.7
v -3.4 1.4 -4.8
v -3.3 1.4 -4.8
v -2.9 1.4 -4.8
v -2.8 1.4 -4.8
v -1.5 1.4 -4.8
v -1.4 1.4 -4.8
v -1.3 1.4 -4.8
v -3.4 1.4 -4.9
v -3.3 1.4 -4.9
v -2.9 1.4 -4.9
v -2.8 1.4 -4.9
v -0.9 1.4 -4.9
v -0.7 1.4 -4.9
v -0.3 1.4 -4.9
v -0.2 1.4 -4.9
v 0.8 1.4 -4.9
v 0.9 1.4 -4.9
v 1.3 1.4 -4.9
v 1.5 1.4 -4.9
v 0 1.4 -5
v 0.0999999 1.4 -5
v 0.5 1.4 -5
v 0.6 1.4 -5
v -3.1 1.4 -5.1
v -3 1.4 -5.1
v -2.9 1.4 -5.1
v 0 1.4 -5.1
v 0.0999999 1.4 -5.1
v 0.5 1.4 -5.1
v 0.6 1.4 -5.1
v -3.1 1.4 -5.2
v -3 1.4 -5.2
v -3 1.4 -5.3
v -2.9 1.4 -5.3
v 0.2 1.4 -5.3
v 0.4 1.4 -5.3
v 0.2 1.4 -5.4
v 0.4 1.4 -5.4
v 0.2 1.4 -5.8
v 0.4 1.4 -5.8
v 0.2 1.4 -6
v 0.4 1.4 -6
v -4.9 1.5 1
v -4.7 1.5 1
v -2 1.5 1
v -1.8 1.5 1
v -4.9 1.5 0.9
v -4.8 1.5 0.9
v -4.7 1.5 0.9
v -2 1.5 0.9
v -1.8 1.5 0.9
v -2 1.5 0.7
v -1.8 1.5 0.7
v -5.5 1.5 0.6
v -5.4 1.5 0.6
v -2 1.5 0.6
v -1.8 1.5 0.6
v -5.4 1.5 0.5
v -4.8 1.5 0.5
v -4.7 1.5 0.5
v -5.5 1.5 0.4
v -5.4 1.5 0.4
v -4.8 1.5 0.4
v -4.7 1.5 0.4
v 0.2 1.5 0.4
v 0.4 1.5 0.4
v 0.2 1.5 0.3
v 0.3 1.5 0.3
v 0.4 1.5 0.3
v -2.9 1.5 0.1
v -2.8 1.5 0.1
v -2.6 1.5 0.1
v -2.5 1.5 0.1
v -1.3 1.5 0.1
v -1.2 1.5 0.1
v -1 1.5 0.1
v -0.9 1.5 0.1
v -5 1.5 1.19209e-07
v -4.9 1.5 1.19209e-07
v -4.8 1.5 1.19209e-07
v -0.4 1.5 1.19209e-07
v -0.3 1.5 1.19209e-07
v -5 1.5 -0.0999998
v -4.8 1.5 -0.0999998
v -2.9 1.5 -0.0999998
v -2.8 1.5 -0.0999998
v -2.6 1.5 -0.0999998
v -2.5 1.5 -0.0999998
v -1.3 1.5 -0.0999998
v -1.2 1.5 -0.0999998
v -1 1.5 -0.0999998
v -0.9 1.5 -0.0999998
v -0.3 1.5 -0.0999998
v 0.3 1.5 -0.0999998
v 0.4 1.5 -0.0999998
v -0.4 1.5 -0.2
v -0.3 1.5 -0.2
v 0.3 1.5 -0.2
v 0.4 1.5 -0.2
v -2 1.5 -0.6
v -1.8 1.5 -0.6
v 0.0999999 1.5 -0.6
v 0.2 1.5 -0.6
v 0.3 1.5 -0.6
v -2 1.5 -0.7
v -1.8 1.5 -0.7
v 0.0999999 1.5 -0.7
v 0.3 1.5 -0.7
v -1.9 1.5 -0.9
v -1.8 1.5 -0.9
v -4.3 1.5 -1
v -4.1 1.5 -1
v -1.9 1.5 -1
v -1.8 1.5 -1
v -4.3 1.5 -1.1
v -4.1 1.5 -1.1
v -4.3 1.5 -1.3
v -4.1 1.5 -1.3
v -4.3 1.5 -1.4
v -4.1 1.5 -1.4
v -5.2 1.5 -1.9
v -5.1 1.5 -1.9
v -4.9 1.5 -1.9
v -4.8 1.5 -1.9
v -3.6 1.5 -1.9
v -3.5 1.5 -1.9
v -3.3 1.5 -1.9
v -3.2 1.5 -1.9
v -5.2 1.5 -2.1
v -5.1 1.5 -2.1
v -4.9 1.5 -2.1
v -4.8 1.5 -2.1
v -3.6 1.5 -2.1
v -3.5 1.5 -2.1
v -3.3 1.5 -2.1
v -3.2 1.5 -2.1
v -4.3 1.5 -2.6
v -4.1 1.5 -2.6
v -1.5 1.5 -2.6
v -1.3 1.5 -2.6
v -4.3 1.5 -2.7
v -4.1 1.5 -2.7
v -1.5 1.5 -2.7
v -1.3 1.5 -2.7
v -4.6 1.5 -2.8
v -4.4 1.5 -2.8
v -4.6 1.5 -2.9
v -4.5 1.5 -2.9
v -4.4 1.5 -2.9
v -4.3 1.5 -2.9
v -4.2 1.5 -2.9
v -4.1 1.5 -2.9
v -1.5 1.5 -2.9
v -1.3 1.5 -2.9
v -4.3 1.5 -3
v -4.2 1.5 -3
v -4.1 1.5 -3
v -1.5 1.5 -3
v -1.3 1.5 -3
v -5.2 1.5 -3.3
v -5.1 1.5 -3.3
v -4.5 1.5 -3.3
v -4.4 1.5 -3.3
v -5.2 1.5 -3.4
v -5.1 1.5 -3.4
v -4.5 1.5 -3.4
v -4.4 1.5 -3.4
v -2.4 1.5 -3.5
v -2.3 1.5 -3.5
v -2.1 1.5 -3.5
v -2 1.5 -3.5
v -0.8 1.5 -3.5
v -0.7 1.5 -3.5
v -0.5 1.5 -3.5
v -0.4 1.5 -3.5
v -2.4 1.5 -3.7
v -2.3 1.5 -3.7
v -2.1 1.5 -3.7
v -2 1.5 -3.7
v -0.8 1.5 -3.7
v -0.7 1.5 -3.7
v -0.5 1.5 -3.7
v -0.4 1.5 -3.7
v -4.7 1.5 -3.8
v -4.6 1.5 -3.8
v -4.5 1.5 -3.8
v 0.2 1.5 -3.8
v 0.4 1.5 -3.8
v -4.7 1.5 -3.9
v -4.5 1.5 -3.9
v 0.2 1.5 -3.9
v 0.4 1.5 -3.9
v 0.2 1.5 -4.1
v 0.4 1.5 -4.1
v -1.5 1.5 -4.2
v -1.3 1.5 -4.2
v 0.2 1.5 -4.2
v 0.4 1.5 -4.2
v -2.9 1.5 -4.3
v -2.7 1.5 -4.3
v -1.5 1.5 -4.3
v -1.3 1.5 -4.3
v -2.9 1.5 -4.4
v -2.8 1.5 -4.4
v -2.7 1.5 -4.4
v -1.4 1.5 -4.5
v -1.3 1.5 -4.5
v -1.4 1.5 -4.6
v -1.3 1.5 -4.6
v -3.5 1.5 -4.7
v -3.4 1.5 -4.7
v -0.7 1.5 -4.7
v -0.6 1.5 -4.7
v -0.4 1.5 -4.7
v -0.3 1.5 -4.7
v 0.9 1.5 -4.7
v 1 1.5 -4.7
v 1.2 1.5 -4.7
v 1.3 1.5 -4.7
v -3.4 1.5 -4.8
v -2.8 1.5 -4.8
v -2.7 1.5 -4.8
v -3.5 1.5 -4.9
v -3.4 1.5 -4.9
v -2.8 1.5 -4.9
v -2.7 1.5 -4.9
v -0.7 1.5 -4.9
v -0.6 1.5 -4.9
v -0.4 1.5 -4.9
v -0.3 1.5 -4.9
v 0.9 1.5 -4.9
v 1 1.5 -4.9
v 1.2 1.5 -4.9
v 1.3 1.5 -4.9
v -3 1.5 -5.3
v -2.9 1.5 -5.3
v -2.8 1.5 -5.3
v -3 1.5 -5.4
v -2.8 1.5 -5.4
v 0.2 1.5 -5.4
v 0.4 1.5 -5.4
v 0.2 1.5 -5.5
v 0.4 1.5 -5.5
v 0.3 1.5 -5.7
v 0.4 1.5 -5.7
v 0.3 1.5 -5.8
v 0.4 1.5 -5.8
v -2 1.6 0.9
v -1.8 1.6 0.9
v -2 1.6 0.7
v -1.8 1.6 0.7
v -5.6 1.6 0.6
v -5.5 1.6 0.6
v -5.6 1.6 0.5
v -5.5 1.6 0.5
v -4.7 1.6 0.5
v -4.6 1.6 0.5
v -4.7 1.6 0.4
v -4.6 1.6 0.4
v -2.8 1.6 0.1
v -2.7 1.6 0.1
v -2.6 1.6 0.1
v -1.2 1.6 0.1
v -1 1.6 0.1
v -2.8 1.6 1.19209e-07
v -2.7 1.6 1.19209e-07
v -1.1 1.6 1.19209e-07
v -1 1.6 1.19209e-07
v -0.5 1.6 1.19209e-07
v -0.4 1.6 1.19209e-07
v -2.8 1.6 -0.0999998
v -2.6 1.6 -0.0999998
v -1.2 1.6 -0.0999998
v -1.1 1.6 -0.0999998
v -1 1.6 -0.0999998
v -0.5 1.6 -0.0999998
v -0.4 1.6 -0.0999998
v 0.4 1.6 -0.0999998
v 0.5 1.6 -0.0999998
v 0.4 1.6 -0.2
v 0.5 1.6 -0.2
v -2 1.6 -0.7
v -1.8 1.6 -0.7
v -1.9 1.6 -0.8
v -1.8 1.6 -0.8
v -2 1.6 -0.9
v -1.9 1.6 -0.9
v -1.8 1.6 -0.9
v -2 1.6 -1
v -1.9 1.6 -1
v -4.3 1.6 -1.1
v -4.1 1.6 -1.1
v -2.5 1.6 -1.2
v -2.3 1.6 -1.2
v -4.3 1.6 -1.3
v -4.1 1.6 -1.3
v -2.6 1.6 -1.3
v -2.5 1.6 -1.3
v -2.3 1.6 -1.3
v -2.2 1.6 -1.3
v -2.6 1.6 -1.5
v -2.5 1.6 -1.5
v -2.3 1.6 -1.5
v -2.2 1.6 -1.5
v -2.5 1.6 -1.6
v -2.3 1.6 -1.6
v -5.1 1.6 -1.9
v -5 1.6 -1.9
v -4.9 1.6 -1.9
v -3.5 1.6 -1.9
v -3.3 1.6 -1.9
v -5.1 1.6 -2
v -5 1.6 -2
v -3.4 1.6 -2
v -3.3 1.6 -2
v -5.1 1.6 -2.1
v -4.9 1.6 -2.1
v -3.5 1.6 -2.1
v -3.4 1.6 -2.1
v -3.3 1.6 -2.1
v -4.3 1.6 -2.7
v -4.1 1.6 -2.7
v -1.5 1.6 -2.7
v -1.3 1.6 -2.7
v -4.2 1.6 -2.8
v -4.1 1.6 -2.8
v -4.3 1.6 -2.9
v -4.2 1.6 -2.9
v -4.1 1.6 -2.9
v -1.5 1.6 -2.9
v -1.3 1.6 -2.9
v -5.3 1.6 -3.2
v -5.2 1.6 -3.2
v -5.3 1.6 -3.3
v -5.2 1.6 -3.3
v -4.4 1.6 -3.3
v -4.3 1.6 -3.3
v -4.4 1.6 -3.4
v -4.3 1.6 -3.4
v -2.3 1.6 -3.5
v -2.2 1.6 -3.5
v -2.1 1.6 -3.5
v -0.7 1.6 -3.5
v -0.5 1.6 -3.5
v -2.3 1.6 -3.6
v -2.2 1.6 -3.6
v -0.6 1.6 -3.6
v -0.5 1.6 -3.6
v -2.3 1.6 -3.7
v -2.1 1.6 -3.7
v -0.7 1.6 -3.7
v -0.6 1.6 -3.7
v -0.5 1.6 -3.7
v 0.2 1.6 -3.9
v 0.4 1.6 -3.9
v 0.2 1.6 -4.1
v 0.4 1.6 -4.1
v -1.5 1.6 -4.3
v -1.3 1.6 -4.3
v -1.4 1.6 -4.4
v -1.3 1.6 -4.4
v -1.5 1.6 -4.5
v -1.4 1.6 -4.5
v -1.3 1.6 -4.5
v -1.5 1.6 -4.6
v -1.4 1.6 -4.6
v -3.6 1.6 -4.7
v -3.5 1.6 -4.7
v -0.6 1.6 -4.7
v -0.5 1.6 -4.7
v -0.4 1.6 -4.7
v 1 1.6 -4.7
v 1.2 1.6 -4.7
v -3.6 1.6 -4.8
v -3.5 1.6 -4.8
v -2.7 1.6 -4.8
v -2.6 1.6 -4.8
v -0.6 1.6 -4.8
v -0.5 1.6 -4.8
v 1.1 1.6 -4.8
v 1.2 1.6 -4.8
v -2.7 1.6 -4.9
v -2.6 1.6 -4.9
v -0.6 1.6 -4.9
v -0.4 1.6 -4.9
v 1 1.6 -4.9
v 1.1 1.6 -4.9
v 1.2 1.6 -4.9
v 0.2 1.6 -5.5
v 0.4 1.6 -5.5
v 0.3 1.6 -5.6
v 0.4 1.6 -5.6
v 0.2 1.6 -5.7
v 0.3 1.6 -5.7
v 0.4 1.6 -5.7
v 0.2 1.6 -5.8
v 0.3 1.6 -5.8
v -1.2 1.7 1.1
v -1 1.7 1.1
v -1.3 1.7 1
v -1.2 1.7 1
v -1 1.7 1
v -0.9 1.7 1
v -0.6 1.7 0.9
v -0.5 1.7 0.9
v -1.3 1.7 0.8
v -1.2 1.7 0.8
v -1 1.7 0.8
v -0.9 1.7 0.8
v -0.6 1.7 0.8
v -0.5 1.7 0.8
v -1.2 1.7 0.7
v -1 1.7 0.7
v -4.7 1.7 0.6
v -4.5 1.7 0.6
v -4.7 1.7 0.5
v -4.6 1.7 0.5
v -4.5 1.7 0.5
v 0.4 1.7 1.19209e-07
v 0.6 1.7 1.19209e-07
v 0.4 1.7 -0.0999998
v 0.5 1.7 -0.0999998
v 0.6 1.7 -0.0999998
v -3.9 1.7 -1
v -3.7 1.7 -1
v -4 1.7 -1.1
v -3.9 1.7 -1.1
v -3.7 1.7 -1.1
v -3.6 1.7 -1.1
v -2.5 1.7 -1.1
v -2.3 1.7 -1.1
v -3.3 1.7 -1.2
v -3.2 1.7 -1.2
v -2.5 1.7 -1.2
v -2.3 1.7 -1.2
v -4 1.7 -1.3
v -3.9 1.7 -1.3
v -3.7 1.7 -1.3
v -3.6 1.7 -1.3
v -3.3 1.7 -1.3
v -3.2 1.7 -1.3
v -2.7 1.7 -1.3
v -2.6 1.7 -1.3
v -2.2 1.7 -1.3
v -2.1 1.7 -1.3
v -3.9 1.7 -1.4
v -3.7 1.7 -1.4
v -2.7 1.7 -1.5
v -2.6 1.7 -1.5
v -2.2 1.7 -1.5
v -2.1 1.7 -1.5
v -2.5 1.7 -1.6
v -2.3 1.7 -1.6
v -2.5 1.7 -1.7
v -2.3 1.7 -1.7
v -4.4 1.7 -3.2
v -4.2 1.7 -3.2
v -4.4 1.7 -3.3
v -4.3 1.7 -3.3
v -4.2 1.7 -3.3
v -2.7 1.7 -4.7
v -2.5 1.7 -4.7
v -2.7 1.7 -4.8
v -2.6 1.7 -4.8
v -2.5 1.7 -4.8
v -1.2 1.8 1.5
v -1 1.8 1.5
v -1.2 1.8 1.3
v -1 1.8 1.3
v -1.2 1.8 1.2
v -1 1.8 1.2
v -1.2 1.8 1.1
v -1 1.8 1.1
v -1.7 1.8 1
v -1.5 1.8 1
v -1.4 1.8 1
v -1.3 1.8 1
v -0.9 1.8 1
v -0.8 1.8 1
v -0.7 1.8 1
v -0.5 1.8 1
v -0.6 1.8 0.9
v -0.5 1.8 0.9
v -1.7 1.8 0.8
v -1.5 1.8 0.8
v -1.4 1.8 0.8
v -1.3 1.8 0.8
v -0.9 1.8 0.8
v -0.8 1.8 0.8
v -0.7 1.8 0.8
v -0.6 1.8 0.8
v -4.6 1.8 0.7
v -4.5 1.8 0.7
v -1.2 1.8 0.7
v -1 1.8 0.7
v -4.6 1.8 0.6
v -4.5 1.8 0.6
v -1.2 1.8 0.6
v -1 1.8 0.6
v -1.2 1.8 0.5
v -1 1.8 0.5
v -1.2 1.8 0.3
v -1 1.8 0.3
v 0.5 1.8 0.1
v 0.6 1.8 0.1
v 0.5 1.8 1.19209e-07
v 0.6 1.8 1.19209e-07
v -3.9 1.8 -0.6
v -3.7 1.8 -0.6
v -3.9 1.8 -0.8
v -3.7 1.8 -0.8
v -3.9 1.8 -0.9
v -3.7 1.8 -0.9
v -3.9 1.8 -1
v -3.7 1.8 -1
v -2.5 1.8 -1
v -2.3 1.8 -1
v -4.4 1.8 -1.1
v -4.3 1.8 -1.1
v -4.1 1.8 -1.1
v -4 1.8 -1.1
v -3.6 1.8 -1.1
v -3.5 1.8 -1.1
v -3.4 1.8 -1.1
v -3.2 1.8 -1.1
v -2.5 1.8 -1.1
v -2.3 1.8 -1.1
v -3.3 1.8 -1.2
v -3.2 1.8 -1.2
v -4.4 1.8 -1.3
v -4.3 1.8 -1.3
v -4.1 1.8 -1.3
v -4 1.8 -1.3
v -3.6 1.8 -1.3
v -3.5 1.8 -1.3
v -3.4 1.8 -1.3
v -3.3 1.8 -1.3
v -2.8 1.8 -1.3
v -2.7 1.8 -1.3
v -2.1 1.8 -1.3
v -2 1.8 -1.3
v -3.9 1.8 -1.4
v -3.7 1.8 -1.4
v -3.9 1.8 -1.5
v -3.7 1.8 -1.5
v -2.8 1.8 -1.5
v -2.7 1.8 -1.5
v -2.1 1.8 -1.5
v -2 1.8 -1.5
v -3.9 1.8 -1.6
v -3.7 1.8 -1.6
v -2.5 1.8 -1.7
v -2.3 1.8 -1.7
v -3.9 1.8 -1.8
v -3.7 1.8 -1.8
v -2.5 1.8 -1.8
v -2.3 1.8 -1.8
v -4.3 1.8 -3.1
v -4.2 1.8 -3.1
v -4.3 1.8 -3.2
v -4.2 1.8 -3.2
v -1.5 1.8 -3.4
v -1.3 1.8 -3.4
v -1.6 1.8 -3.5
v -1.5 1.8 -3.5
v -1.3 1.8 -3.5
v -1.2 1.8 -3.5
v -1.6 1.8 -3.7
v -1.5 1.8 -3.7
v -1.3 1.8 -3.7
v -1.2 1.8 -3.7
v -1.5 1.8 -3.8
v -1.3 1.8 -3.8
v -2.6 1.8 -4.6
v -2.5 1.8 -4.6
v -2.6 1.8 -4.7
v -2.5 1.8 -4.7
v -1.2 1.9 1.3
v -1 1.9 1.3
v -1.2 1.9 1.2
v -1 1.9 1.2
v -1.5 1.9 1
v -1.4 1.9 1
v -0.8 1.9 1
v -0.7 1.9 1
v -4.6 1.9 0.8
v -4.5 1.9 0.8
v -1.5 1.9 0.8
v -1.4 1.9 0.8
v -0.8 1.9 0.8
v -0.7 1.9 0.8
v -4.6 1.9 0.7
v -4.5 1.9 0.7
v -1.2 1.9 0.6
v -1 1.9 0.6
v -0.9 1.9 0.6
v -1.2 1.9 0.5
v -1 1.9 0.5
v -0.9 1.9 0.5
v 0.5 1.9 0.2
v 0.6 1.9 0.2
v 0.5 1.9 0.1
v 0.6 1.9 0.1
v -3.9 1.9 -0.8
v -3.7 1.9 -0.8
v -3.9 1.9 -0.9
v -3.7 1.9 -0.9
v -2.5 1.9 -0.9
v -2.3 1.9 -0.9
v -2.8 1.9 -1
v -2.7 1.9 -1
v -2.5 1.9 -1
v -2.3 1.9 -1
v -2.1 1.9 -1
v -2 1.9 -1
v -4.2 1.9 -1.1
v -4.1 1.9 -1.1
v -3.5 1.9 -1.1
v -3.4 1.9 -1.1
v -2.8 1.9 -1.1
v -2.7 1.9 -1.1
v -2.1 1.9 -1.1
v -2 1.9 -1.1
v -2.9 1.9 -1.2
v -2.8 1.9 -1.2
v -2.6 1.9 -1.2
v -2.5 1.9 -1.2
v -2.3 1.9 -1.2
v -2.2 1.9 -1.2
v -4.2 1.9 -1.3
v -4.1 1.9 -1.3
v -3.5 1.9 -1.3
v -3.4 1.9 -1.3
v -2.9 1.9 -1.3
v -2.8 1.9 -1.3
v -2.6 1.9 -1.3
v -2.5 1.9 -1.3
v -2.3 1.9 -1.3
v -2.2 1.9 -1.3
v -2 1.9 -1.3
v -1.9 1.9 -1.3
v -3.9 1.9 -1.5
v -3.7 1.9 -1.5
v -3.6 1.9 -1.5
v -2.9 1.9 -1.5
v -2.8 1.9 -1.5
v -2.6 1.9 -1.5
v -2.5 1.9 -1.5
v -2.3 1.9 -1.5
v -2.2 1.9 -1.5
v -2 1.9 -1.5
v -1.9 1.9 -1.5
v -3.9 1.9 -1.6
v -3.7 1.9 -1.6
v -3.6 1.9 -1.6
v -2.6 1.9 -1.6
v -2.5 1.9 -1.6
v -2.3 1.9 -1.6
v -2.2 1.9 -1.6
v -2 1.9 -1.6
v -1.9 1.9 -1.6
v -2.8 1.9 -1.7
v -2.7 1.9 -1.7
v -2.2 1.9 -1.7
v -2.1 1.9 -1.7
v -2 1.9 -1.7
v -2.8 1.9 -1.8
v -2.7 1.9 -1.8
v -2.5 1.9 -1.8
v -2.3 1.9 -1.8
v -2.2 1.9 -1.8
v -2.1 1.9 -1.8
v -2 1.9 -1.8
v -2.5 1.9 -1.9
v -2.3 1.9 -1.9
v -4.3 1.9 -3
v -4.2 1.9 -3
v -4.3 1.9 -3.1
v -4.2 1.9 -3.1
v -1.5 1.9 -3.3
v -1.3 1.9 -3.3
v -1.5 1.9 -3.4
v -1.3 1.9 -3.4
v -1.7 1.9 -3.5
v -1.6 1.9 -3.5
v -1.2 1.9 -3.5
v -1.1 1.9 -3.5
v -1.7 1.9 -3.7
v -1.6 1.9 -3.7
v -1.2 1.9 -3.7
v -1.1 1.9 -3.7
v -1.5 1.9 -3.8
v -1.3 1.9 -3.8
v -1.5 1.9 -3.9
v -1.3 1.9 -3.9
v -2.6 1.9 -4.5
v -2.5 1.9 -4.5
v -2.6 1.9 -4.6
v -2.5 1.9 -4.6
v -2.5 2 -0.3
v -2.4 2 -0.3
v -2.5 2 -0.4
v -2.4 2 -0.4
v -2.5 2 -0.8
v -2.3 2 -0.8
v -2.5 2 -0.9
v -2.3 2 -0.9
v -2.7 2 -1.1
v -2.6 2 -1.1
v -2.2 2 -1.1
v -2.1 2 -1.1
v -3 2 -1.2
v -2.9 2 -1.2
v -2.7 2 -1.2
v -2.6 2 -1.2
v -2.2 2 -1.2
v -2.1 2 -1.2
v -3 2 -1.3
v -2.9 2 -1.3
v -1.9 2 -1.3
v -1.8 2 -1.3
v -3 2 -1.5
v -2.9 2 -1.5
v -1.9 2 -1.5
v -1.8 2 -1.5
v -2.7 2 -1.6
v -2.6 2 -1.6
v -2.2 2 -1.6
v -2.1 2 -1.6
v -2.7 2 -1.7
v -2.6 2 -1.7
v -2.2 2 -1.7
v -2.1 2 -1.7
v -2.5 2 -1.9
v -2.3 2 -1.9
v -2.5 2 -2
v -2.3 2 -2
v -1.5 2 -3.2
v -1.3 2 -3.2
v -1.5 2 -3.3
v -1.3 2 -3.3
v -1.8 2 -3.5
v -1.7 2 -3.5
v -1.1 2 -3.5
v -1 2 -3.5
v -1.8 2 -3.7
v -1.7 2 -3.7
v -1.1 2 -3.7
v -1 2 -3.7
v -1.5 2 -3.9
v -1.3 2 -3.9
v -1.5 2 -4
v -1.3 2 -4
v -2.5 2.1 -0.4
v -2.4 2.1 -0.4
v -2.4 2.1 -0.5
v -2.3 2.1 -0.5
v -2.6 2.1 -0.7
v -2.5 2.1 -0.7
v -2.3 2.1 -0.7
v -2.6 2.1 -0.8
v -2.5 2.1 -0.8
v -2.3 2.1 -0.8
v -1.8 2.1 -1.2
v -1.7 2.1 -1.2
v -3.1 2.1 -1.3
v -3 2.1 -1.3
v -1.8 2.1 -1.3
v -1.7 2.1 -1.3
v -1.5 2.1 -1.3
v -3.2 2.1 -1.4
v -3.1 2.1 -1.4
v -1.6 2.1 -1.4
v -1.5 2.1 -1.4
v -3.2 2.1 -1.5
v -3.1 2.1 -1.5
v -3 2.1 -1.5
v -1.8 2.1 -1.5
v -1.7 2.1 -1.5
v -1.6 2.1 -1.5
v -2.5 2.1 -2
v -2.3 2.1 -2
v -2.5 2.1 -2.1
v -2.4 2.1 -2.1
v -2.3 2.1 -2.1
v -2.4 2.1 -2.2
v -2.3 2.1 -2.2
v -1.5 2.1 -3.1
v -1.3 2.1 -3.1
v -1.8 2.1 -3.2
v -1.7 2.1 -3.2
v -1.5 2.1 -3.2
v -1.3 2.1 -3.2
v -1.1 2.1 -3.2
v -1 2.1 -3.2
v -1.8 2.1 -3.3
v -1.7 2.1 -3.3
v -1.1 2.1 -3.3
v -1 2.1 -3.3
v -1.6 2.1 -3.4
v -1.5 2.1 -3.4
v -1.3 2.1 -3.4
v -1.2 2.1 -3.4
v -1.9 2.1 -3.5
v -1.8 2.1 -3.5
v -1.6 2.1 -3.5
v -1.5 2.1 -3.5
v -1.3 2.1 -3.5
v -1.2 2.1 -3.5
v -1 2.1 -3.5
v -0.9 2.1 -3.5
v -1.9 2.1 -3.7
v -1.8 2.1 -3.7
v -1.6 2.1 -3.7
v -1.5 2.1 -3.7
v -1.3 2.1 -3.7
v -1.2 2.1 -3.7
v -1 2.1 -3.7
v -0.9 2.1 -3.7
v -1.6 2.1 -3.8
v -1.5 2.1 -3.8
v -1.3 2.1 -3.8
v -1.2 2.1 -3.8
v -1.8 2.1 -3.9
v -1.7 2.1 -3.9
v -1.1 2.1 -3.9
v -1 2.1 -3.9
v -1.8 2.1 -4
v -1.7 2.1 -4
v -1.5 2.1 -4
v -1.3 2.1 -4
v -1.1 2.1 -4
v -1 2.1 -4
v -1.5 2.1 -4.1
v -1.3 2.1 -4.1
v -2.6 2.2 -0.4
v -2.5 2.2 -0.4
v -2.4 2.2 -0.4
v -2.3 2.2 -0.4
v -2.4 2.2 -0.5
v -2.3 2.2 -0.5
v -2.2 2.2 -0.5
v -2.3 2.2 -0.6
v -2.2 2.2 -0.6
v -2.6 2.2 -0.7
v -2.5 2.2 -0.7
v -1.7 2.2 -1.2
v -1.5 2.2 -1.2
v -3.3 2.2 -1.3
v -3.2 2.2 -1.3
v -3.1 2.2 -1.3
v -1.7 2.2 -1.3
v -1.5 2.2 -1.3
v -1.4 2.2 -1.3
v -3.3 2.2 -1.4
v -3.2 2.2 -1.4
v -3.1 2.2 -1.4
v -1.6 2.2 -1.4
v -1.5 2.2 -1.4
v -3.3 2.2 -1.5
v -3.2 2.2 -1.5
v -1.6 2.2 -1.5
v -1.4 2.2 -1.5
v -2.5 2.2 -2.1
v -2.4 2.2 -2.1
v -2.4 2.2 -2.2
v -2.3 2.2 -2.2
v -2.5 2.2 -2.3
v -2.4 2.2 -2.3
v -2.3 2.2 -2.3
v -2.5 2.2 -2.4
v -2.4 2.2 -2.4
v -1.5 2.2 -2.4
v -1.4 2.2 -2.4
v -1.3 2.2 -2.4
v -1.4 2.2 -2.5
v -1.3 2.2 -2.5
v -1.5 2.2 -2.6
v -1.3 2.2 -2.6
v -1.5 2.2 -3
v -1.3 2.2 -3
v -1.5 2.2 -3.1
v -1.3 2.2 -3.1
v -1.7 2.2 -3.3
v -1.6 2.2 -3.3
v -1.2 2.2 -3.3
v -1.1 2.2 -3.3
v -1.7 2.2 -3.4
v -1.6 2.2 -3.4
v -1.2 2.2 -3.4
v -1.1 2.2 -3.4
v -2.6 2.2 -3.5
v -2.4 2.2 -3.5
v -2 2.2 -3.5
v -1.9 2.2 -3.5
v -0.9 2.2 -3.5
v -0.8 2.2 -3.5
v -0.4 2.2 -3.5
v -0.3 2.2 -3.5
v -0.2 2.2 -3.5
v -0.3 2.2 -3.6
v -0.2 2.2 -3.6
v -2.6 2.2 -3.7
v -2.4 2.2 -3.7
v -2 2.2 -3.7
v -1.9 2.2 -3.7
v -0.9 2.2 -3.7
v -0.8 2.2 -3.7
v -0.4 2.2 -3.7
v -0.2 2.2 -3.7
v -1.7 2.2 -3.8
v -1.6 2.2 -3.8
v -1.2 2.2 -3.8
v -1.1 2.2 -3.8
v -1.7 2.2 -3.9
v -1.6 2.2 -3.9
v -1.2 2.2 -3.9
v -1.1 2.2 -3.9
v -1.5 2.2 -4.1
v -1.3 2.2 -4.1
v -1.5 2.2 -4.2
v -1.3 2.2 -4.2
v -1.5 2.2 -4.6
v -1.3 2.2 -4.6
v -1.5 2.2 -4.7
v -1.4 2.2 -4.7
v -1.5 2.2 -4.8
v -1.4 2.2 -4.8
v -1.3 2.2 -4.8
v -1.2 2.3 1.1
v -1 2.3 1.1
v -1.3 2.3 1
v -1.2 2.3 1
v -1 2.3 1
v -0.9 2.3 1
v -1.3 2.3 0.8
v -1.2 2.3 0.8
v -1 2.3 0.8
v -0.9 2.3 0.8
v -1.2 2.3 0.7
v -1 2.3 0.7
v -0.5 2.3 -0.7
v -0.4 2.3 -0.7
v -0.5 2.3 -0.8
v -0.4 2.3 -0.8
v -3.9 2.3 -1
v -3.7 2.3 -1
v -4 2.3 -1.1
v -3.9 2.3 -1.1
v -3.7 2.3 -1.1
v -3.6 2.3 -1.1
v -4 2.3 -1.3
v -3.9 2.3 -1.3
v -3.7 2.3 -1.3
v -3.6 2.3 -1.3
v -3.9 2.3 -1.4
v -3.7 2.3 -1.4
v -5.3 2.3 -2.3
v -5.2 2.3 -2.3
v -5.3 2.3 -2.4
v -5.2 2.3 -2.4
v -1.5 2.3 -2.6
v -1.4 2.3 -2.6
v -1.3 2.3 -2.6
v -1.5 2.3 -2.7
v -1.4 2.3 -2.7
v -1.3 2.3 -2.7
v -1.5 2.3 -2.9
v -1.3 2.3 -2.9
v -1.5 2.3 -3
v -1.3 2.3 -3
v -2.4 2.3 -3.5
v -2.3 2.3 -3.5
v -2.1 2.3 -3.5
v -2 2.3 -3.5
v -0.8 2.3 -3.5
v -0.7 2.3 -3.5
v -0.5 2.3 -3.5
v -0.4 2.3 -3.5
v -2.4 2.3 -3.7
v -2.3 2.3 -3.7
v -2.1 2.3 -3.7
v -2 2.3 -3.7
v -0.8 2.3 -3.7
v -0.7 2.3 -3.7
v -0.5 2.3 -3.7
v -0.4 2.3 -3.7
v -1.5 2.3 -4.2
v -1.3 2.3 -4.2
v -1.5 2.3 -4.3
v -1.3 2.3 -4.3
v -1.4 2.3 -4.5
v -1.3 2.3 -4.5
v -1.4 2.3 -4.6
v -1.3 2.3 -4.6
v -1.2 2.4 1.2
v -1 2.4 1.2
v -1.2 2.4 1.1
v -1 2.4 1.1
v -1.4 2.4 1
v -1.3 2.4 1
v -0.9 2.4 1
v -0.8 2.4 1
v -1.4 2.4 0.8
v -1.3 2.4 0.8
v -0.9 2.4 0.8
v -0.8 2.4 0.8
v -1.2 2.4 0.7
v -1 2.4 0.7
v -1.2 2.4 0.6
v -1 2.4 0.6
v -3.9 2.4 -0.9
v -3.7 2.4 -0.9
v -3.9 2.4 -1
v -3.7 2.4 -1
v -4.1 2.4 -1.1
v -4 2.4 -1.1
v -3.6 2.4 -1.1
v -3.5 2.4 -1.1
v -4.1 2.4 -1.3
v -4 2.4 -1.3
v -3.6 2.4 -1.3
v -3.5 2.4 -1.3
v -3.9 2.4 -1.4
v -3.7 2.4 -1.4
v -3.9 2.4 -1.5
v -3.7 2.4 -1.5
v -1.5 2.4 -2.7
v -1.4 2.4 -2.7
v -1.3 2.4 -2.7
v -1.5 2.4 -2.9
v -1.3 2.4 -2.9
v -2.3 2.4 -3.5
v -2.2 2.4 -3.5
v -2.1 2.4 -3.5
v -0.7 2.4 -3.5
v -0.5 2.4 -3.5
v -2.3 2.4 -3.6
v -2.2 2.4 -3.6
v -0.6 2.4 -3.6
v -0.5 2.4 -3.6
v -2.3 2.4 -3.7
v -2.1 2.4 -3.7
v -0.7 2.4 -3.7
v -0.6 2.4 -3.7
v -0.5 2.4 -3.7
v -1.5 2.4 -4.3
v -1.3 2.4 -4.3
v -1.4 2.4 -4.4
v -1.3 2.4 -4.4
v -1.5 2.4 -4.5
v -1.4 2.4 -4.5
v -1.3 2.4 -4.5
v -1.5 2.4 -4.6
v -1.4 2.4 -4.6
v -1.2 2.5 1.4
v -1.1 2.5 1.4
v -1.2 2.5 1.3
v -1.1 2.5 1.3
v -1 2.5 1.3
v -1.2 2.5 1.2
v -1 2.5 1.2
v -1.5 2.5 1
v -1.4 2.5 1
v -0.8 2.5 1
v -0.7 2.5 1
v -1.5 2.5 0.8
v -1.4 2.5 0.8
v -0.8 2.5 0.8
v -0.7 2.5 0.8
v -1 2.5 0.7
v -0.9 2.5 0.7
v -1.2 2.5 0.6
v -1 2.5 0.6
v -0.9 2.5 0.6
v -1.2 2.5 0.5
v -1 2.5 0.5
v -3.9 2.5 -0.7
v -3.8 2.5 -0.7
v -3.9 2.5 -0.8
v -3.8 2.5 -0.8
v -3.7 2.5 -0.8
v -3.9 2.5 -0.9
v -3.7 2.5 -0.9
v -4.2 2.5 -1.1
v -4.1 2.5 -1.1
v -3.5 2.5 -1.1
v -3.4 2.5 -1.1
v -2.5 2.5 -1.2
v -2.3 2.5 -1.2
v -0.5 2.5 -1.2
v -0.4 2.5 -1.2
v -0.0999999 2.5 -1.2
v 0 2.5 -1.2
v -4.2 2.5 -1.3
v -4.1 2.5 -1.3
v -3.5 2.5 -1.3
v -3.4 2.5 -1.3
v -2.6 2.5 -1.3
v -2.5 2.5 -1.3
v -2.3 2.5 -1.3
v -2.2 2.5 -1.3
v -0.5 2.5 -1.3
v -0.4 2.5 -1.3
v -0.0999999 2.5 -1.3
v 0 2.5 -1.3
v -3.7 2.5 -1.4
v -3.6 2.5 -1.4
v -3.9 2.5 -1.5
v -3.7 2.5 -1.5
v -3.6 2.5 -1.5
v -2.6 2.5 -1.5
v -2.5 2.5 -1.5
v -2.3 2.5 -1.5
v -2.2 2.5 -1.5
v -3.9 2.5 -1.6
v -3.7 2.5 -1.6
v -2.5 2.5 -1.6
v -2.3 2.5 -1.6
v -5.3 2.5 -2.8
v -5.2 2.5 -2.8
v -4.9 2.5 -2.8
v -4.8 2.5 -2.8
v -5.6 2.5 -2.9
v -5.5 2.5 -2.9
v -5.3 2.5 -2.9
v -5.2 2.5 -2.9
v -4.9 2.5 -2.9
v -4.8 2.5 -2.9
v -5.6 2.5 -3
v -5.5 2.5 -3
v -5.3 2.5 -3.1
v -5.2 2.5 -3.1
v -5.3 2.5 -3.2
v -5.2 2.5 -3.2
v -2.5 2.6 -1.1
v -2.3 2.6 -1.1
v -0.0999999 2.6 -1.1
v 0 2.6 -1.1
v -2.5 2.6 -1.2
v -2.3 2.6 -1.2
v -0.9 2.6 -1.2
v -0.8 2.6 -1.2
v -0.0999999 2.6 -1.2
v 0 2.6 -1.2
v 0.0999999 2.6 -1.2
v -2.7 2.6 -1.3
v -2.6 2.6 -1.3
v -2.2 2.6 -1.3
v -2.1 2.6 -1.3
v -0.6 2.6 -1.3
v -0.5 2.6 -1.3
v 0 2.6 -1.3
v 0.0999999 2.6 -1.3
v -0.9 2.6 -1.4
v -0.8 2.6 -1.4
v -0.6 2.6 -1.4
v -0.5 2.6 -1.4
v -2.7 2.6 -1.5
v -2.6 2.6 -1.5
v -2.2 2.6 -1.5
v -2.1 2.6 -1.5
v -2.5 2.6 -1.6
v -2.3 2.6 -1.6
v -2.5 2.6 -1.7
v -2.3 2.6 -1.7
v -0.5 2.6 -1.9
v -0.4 2.6 -1.9
v -0.5 2.6 -2
v -0.4 2.6 -2
v -4.9 2.6 -2.7
v -4.8 2.6 -2.7
v -5.7 2.6 -2.8
v -5.6 2.6 -2.8
v -4.9 2.6 -2.8
v -4.8 2.6 -2.8
v -4.7 2.6 -2.8
v -5.6 2.6 -2.9
v -5.4 2.6 -2.9
v -5.3 2.6 -2.9
v -4.8 2.6 -2.9
v -4.7 2.6 -2.9
v -5.7 2.6 -3
v -5.6 2.6 -3
v -5.4 2.6 -3
v -5.3 2.6 -3
v -5.3 2.6 -3.5
v -5.2 2.6 -3.5
v -5.3 2.6 -3.6
v -5.2 2.6 -3.6
v -0.6 2.7 -0.6
v -0.5 2.7 -0.6
v -0.6 2.7 -0.7
v -0.5 2.7 -0.7
v -0.6 2.7 -0.8
v -0.5 2.7 -0.8
v -0.6 2.7 -0.9
v -0.5 2.7 -0.9
v -2.5 2.7 -1
v -2.3 2.7 -1
v -2.5 2.7 -1.1
v -2.3 2.7 -1.1
v -0.6 2.7 -1.1
v -0.4 2.7 -1.1
v -0.7 2.7 -1.2
v -0.6 2.7 -1.2
v -0.4 2.7 -1.2
v -0.3 2.7 -1.2
v -2.8 2.7 -1.3
v -2.7 2.7 -1.3
v -2.1 2.7 -1.3
v -2 2.7 -1.3
v 0 2.7 -1.3
v 0.0999999 2.7 -1.3
v -0.7 2.7 -1.4
v -0.6 2.7 -1.4
v -0.4 2.7 -1.4
v -0.3 2.7 -1.4
v 0 2.7 -1.4
v 0.0999999 2.7 -1.4
v -2.8 2.7 -1.5
v -2.7 2.7 -1.5
v -2.1 2.7 -1.5
v -2 2.7 -1.5
v -0.6 2.7 -1.5
v -0.4 2.7 -1.5
v -2.5 2.7 -1.7
v -2.3 2.7 -1.7
v -2.5 2.7 -1.8
v -2.3 2.7 -1.8
v -0.6 2.7 -1.8
v -0.4 2.7 -1.8
v -0.6 2.7 -1.9
v -0.5 2.7 -1.9
v -0.4 2.7 -1.9
v -5.4 2.7 -2.2
v -5.3 2.7 -2.2
v -5.4 2.7 -2.3
v -5.3 2.7 -2.3
v -5.4 2.7 -2.4
v -5.3 2.7 -2.4
v -5.4 2.7 -2.5
v -5.3 2.7 -2.5
v -5.4 2.7 -2.7
v -5.2 2.7 -2.7
v -5.5 2.7 -2.8
v -5.4 2.7 -2.8
v -5.2 2.7 -2.8
v -5.1 2.7 -2.8
v -5.5 2.7 -2.9
v -4.8 2.7 -2.9
v -4.7 2.7 -2.9
v -5.7 2.7 -3
v -5.6 2.7 -3
v -5.5 2.7 -3
v -5.4 2.7 -3
v -5.2 2.7 -3
v -5.1 2.7 -3
v -4.8 2.7 -3
v -4.7 2.7 -3
v -5.7 2.7 -3.1
v -5.6 2.7 -3.1
v -5.4 2.7 -3.1
v -5.3 2.7 -3.1
v -5.2 2.7 -3.1
v -5.4 2.7 -3.4
v -5.2 2.7 -3.4
v -1.5 2.7 -3.4
v -1.3 2.7 -3.4
v -5.4 2.7 -3.5
v -5.3 2.7 -3.5
v -5.2 2.7 -3.5
v -1.6 2.7 -3.5
v -1.5 2.7 -3.5
v -1.3 2.7 -3.5
v -1.2 2.7 -3.5
v -1.6 2.7 -3.7
v -1.5 2.7 -3.7
v -1.3 2.7 -3.7
v -1.2 2.7 -3.7
v -1.5 2.7 -3.8
v -1.3 2.7 -3.8
v -0.5 2.8 -0.6
v -0.4 2.8 -0.6
v -0.5 2.8 -0.7
v -0.4 2.8 -0.7
v -0.5 2.8 -0.8
v -0.4 2.8 -0.8
v -2.5 2.8 -0.9
v -2.3 2.8 -0.9
v -0.5 2.8 -0.9
v -0.4 2.8 -0.9
v -2.8 2.8 -1
v -2.7 2.8 -1
v -2.5 2.8 -1
v -2.3 2.8 -1
v -2.1 2.8 -1
v -2 2.8 -1
v -0.6 2.8 -1
v -0.4 2.8 -1
v -2.8 2.8 -1.1
v -2.7 2.8 -1.1
v -2.1 2.8 -1.1
v -2 2.8 -1.1
v -0.6 2.8 -1.1
v -0.4 2.8 -1.1
v -2.6 2.8 -1.2
v -2.5 2.8 -1.2
v -2.3 2.8 -1.2
v -2.2 2.8 -1.2
v -0.8 2.8 -1.2
v -0.7 2.8 -1.2
v -0.3 2.8 -1.2
v -0.2 2.8 -1.2
v -0.0999999 2.8 -1.2
v -2.9 2.8 -1.3
v -2.8 2.8 -1.3
v -2.6 2.8 -1.3
v -2.5 2.8 -1.3
v -2.3 2.8 -1.3
v -2.2 2.8 -1.3
v -2 2.8 -1.3
v -1.9 2.8 -1.3
v -0.2 2.8 -1.3
v -0.0999999 2.8 -1.3
v 0 2.8 -1.3
v -0.8 2.8 -1.4
v -0.7 2.8 -1.4
v -0.3 2.8 -1.4
v -0.2 2.8 -1.4
v -0.0999999 2.8 -1.4
v 0 2.8 -1.4
v -2.9 2.8 -1.5
v -2.8 2.8 -1.5
v -2.6 2.8 -1.5
v -2.5 2.8 -1.5
v -2.3 2.8 -1.5
v -2.2 2.8 -1.5
v -2 2.8 -1.5
v -1.9 2.8 -1.5
v -0.6 2.8 -1.5
v -0.4 2.8 -1.5
v -2.6 2.8 -1.6
v -2.5 2.8 -1.6
v -2.3 2.8 -1.6
v -2.2 2.8 -1.6
v -0.6 2.8 -1.6
v -0.4 2.8 -1.6
v -2.8 2.8 -1.7
v -2.7 2.8 -1.7
v -2.1 2.8 -1.7
v -2 2.8 -1.7
v -0.6 2.8 -1.7
v -0.4 2.8 -1.7
v -2.8 2.8 -1.8
v -2.7 2.8 -1.8
v -2.5 2.8 -1.8
v -2.3 2.8 -1.8
v -2.1 2.8 -1.8
v -2 2.8 -1.8
v -0.6 2.8 -1.8
v -0.4 2.8 -1.8
v -2.5 2.8 -1.9
v -2.3 2.8 -1.9
v -5.3 2.8 -2.2
v -5.2 2.8 -2.2
v -5.3 2.8 -2.3
v -5.2 2.8 -2.3
v -5.3 2.8 -2.4
v -5.2 2.8 -2.4
v -5.3 2.8 -2.5
v -5.2 2.8 -2.5
v -5.4 2.8 -2.6
v -5.2 2.8 -2.6
v -5.4 2.8 -2.7
v -5.2 2.8 -2.7
v -5.6 2.8 -2.8
v -5.5 2.8 -2.8
v -5.1 2.8 -2.8
v -5 2.8 -2.8
v -4.9 2.8 -2.8
v -5.6 2.8 -2.9
v -5.5 2.8 -2.9
v -5 2.8 -2.9
v -4.9 2.8 -2.9
v -4.8 2.8 -2.9
v -5.6 2.8 -3
v -5.5 2.8 -3
v -5.1 2.8 -3
v -5 2.8 -3
v -4.9 2.8 -3
v -4.8 2.8 -3
v -5.6 2.8 -3.1
v -5.5 2.8 -3.1
v -5.4 2.8 -3.1
v -5.3 2.8 -3.1
v -5.4 2.8 -3.2
v -5.3 2.8 -3.2
v -5.4 2.8 -3.3
v -5.3 2.8 -3.3
v -5.2 2.8 -3.3
v -1.5 2.8 -3.3
v -1.3 2.8 -3.3
v -5.4 2.8 -3.4
v -5.2 2.8 -3.4
v -1.5 2.8 -3.4
v -1.3 2.8 -3.4
v -1.7 2.8 -3.5
v -1.6 2.8 -3.5
v -1.2 2.8 -3.5
v -1.1 2.8 -3.5
v -1.7 2.8 -3.7
v -1.6 2.8 -3.7
v -1.2 2.8 -3.7
v -1.1 2.8 -3.7
v -1.5 2.8 -3.8
v -1.3 2.8 -3.8
v -1.5 2.8 -3.9
v -1.3 2.8 -3.9
v -2.5 2.9 -0.8
v -2.3 2.9 -0.8
v -2.5 2.9 -0.9
v -2.3 2.9 -0.9
v -0.6 2.9 -0.9
v -0.4 2.9 -0.9
v -0.6 2.9 -1
v -0.4 2.9 -1
v -2.7 2.9 -1.1
v -2.6 2.9 -1.1
v -2.2 2.9 -1.1
v -2.1 2.9 -1.1
v -2.7 2.9 -1.2
v -2.6 2.9 -1.2
v -2.2 2.9 -1.2
v -2.1 2.9 -1.2
v -3 2.9 -1.3
v -2.9 2.9 -1.3
v -1.9 2.9 -1.3
v -1.8 2.9 -1.3
v -0.2 2.9 -1.3
v -0.0999999 2.9 -1.3
v -0.2 2.9 -1.4
v -0.0999999 2.9 -1.4
v -3 2.9 -1.5
v -2.9 2.9 -1.5
v -1.9 2.9 -1.5
v -1.8 2.9 -1.5
v -2.7 2.9 -1.6
v -2.6 2.9 -1.6
v -2.2 2.9 -1.6
v -2.1 2.9 -1.6
v -0.6 2.9 -1.6
v -0.4 2.9 -1.6
v -2.7 2.9 -1.7
v -2.6 2.9 -1.7
v -2.2 2.9 -1.7
v -2.1 2.9 -1.7
v -0.6 2.9 -1.7
v -0.4 2.9 -1.7
v -2.5 2.9 -1.9
v -2.3 2.9 -1.9
v -2.5 2.9 -2
v -2.3 2.9 -2
v -5.4 2.9 -2.5
v -5.2 2.9 -2.5
v -5.4 2.9 -2.6
v -5.2 2.9 -2.6
v -5 2.9 -2.9
v -4.9 2.9 -2.9
v -5 2.9 -3
v -4.9 2.9 -3
v -5.3 2.9 -3.2
v -5.2 2.9 -3.2
v -1.5 2.9 -3.2
v -1.3 2.9 -3.2
v -5.3 2.9 -3.3
v -5.2 2.9 -3.3
v -1.5 2.9 -3.3
v -1.3 2.9 -3.3
v -1.8 2.9 -3.5
v -1.7 2.9 -3.5
v -1.1 2.9 -3.5
v -1 2.9 -3.5
v -1.8 2.9 -3.7
v -1.7 2.9 -3.7
v -1.1 2.9 -3.7
v -1 2.9 -3.7
v -1.5 2.9 -3.9
v -1.3 2.9 -3.9
v -1.5 2.9 -4
v -1.3 2.9 -4
v -2.5 3 -0.7
v -2.3 3 -0.7
v -2.5 3 -0.8
v -2.3 3 -0.8
v -3.1 3 -1.3
v -3 3 -1.3
v -1.8 3 -1.3
v -1.7 3 -1.3
v -3.1 3 -1.5
v -3 3 -1.5
v -1.8 3 -1.5
v -1.7 3 -1.5
v -2.5 3 -2
v -2.3 3 -2
v -2.5 3 -2.1
v -2.3 3 -2.1
v -1.5 3 -3.1
v -1.3 3 -3.1
v -1.8 3 -3.2
v -1.7 3 -3.2
v -1.5 3 -3.2
v -1.3 3 -3.2
v -1.1 3 -3.2
v -1 3 -3.2
v -1.8 3 -3.3
v -1.7 3 -3.3
v -1.1 3 -3.3
v -1 3 -3.3
v -1.6 3 -3.4
v -1.5 3 -3.4
v -1.3 3 -3.4
v -1.2 3 -3.4
v -1.9 3 -3.5
v -1.8 3 -3.5
v -1.6 3 -3.5
v -1.5 3 -3.5
v -1.3 3 -3.5
v -1.2 3 -3.5
v -1 3 -3.5
v -0.9 3 -3.5
v -1.9 3 -3.7
v -1.8 3 -3.7
v -1.6 3 -3.7
v -1.5 3 -3.7
v -1.3 3 -3.7
v -1.2 3 -3.7
v -1 3 -3.7
v -0.9 3 -3.7
v -1.6 3 -3.8
v -1.5 3 -3.8
v -1.3 3 -3.8
v -1.2 3 -3.8
v -1.8 3 -3.9
v -1.7 3 -3.9
v -1.1 3 -3.9
v -1 3 -3.9
v -1.8 3 -4
v -1.7 3 -4
v -1.5 3 -4
v -1.3 3 -4
v -1.1 3 -4
v -1 3 -4
v -1.5 3 -4.1
v -1.3 3 -4.1
v -2.5 3.1 -0.3
v -2.4 3.1 -0.3
v -2.5 3.1 -0.4
v -2.4 3.1 -0.4
v -2.3 3.1 -0.4
v -2.4 3.1 -0.5
v -2.3 3.1 -0.5
v -2.5 3.1 -0.7
v -2.3 3.1 -0.7
v -2.4 3.1 -1.2
v -2.3 3.1 -1.2
v -1.5 3.1 -1.2
v -1.4 3.1 -1.2
v -3.3 3.1 -1.3
v -3.2 3.1 -1.3
v -3.1 3.1 -1.3
v -2.4 3.1 -1.3
v -2.3 3.1 -1.3
v -1.7 3.1 -1.3
v -1.5 3.1 -1.3
v -3.4 3.1 -1.4
v -3.3 3.1 -1.4
v -3.2 3.1 -1.4
v -1.6 3.1 -1.4
v -1.5 3.1 -1.4
v -1.4 3.1 -1.4
v -3.4 3.1 -1.5
v -3.3 3.1 -1.5
v -3.2 3.1 -1.5
v -3.1 3.1 -1.5
v -1.7 3.1 -1.5
v -1.6 3.1 -1.5
v -1.5 3.1 -1.5
v -3.3 3.1 -1.6
v -3.2 3.1 -1.6
v -2.5 3.1 -2.1
v -2.3 3.1 -2.1
v -2.6 3.1 -2.2
v -2.5 3.1 -2.2
v -2.4 3.1 -2.2
v -2.3 3.1 -2.2
v -2.6 3.1 -2.3
v -2.5 3.1 -2.3
v -2.4 3.1 -2.3
v -2.5 3.1 -2.4
v -2.4 3.1 -2.4
v -1.5 3.1 -2.4
v -1.3 3.1 -2.4
v -1.5 3.1 -2.6
v -1.3 3.1 -2.6
v -1.5 3.1 -3
v -1.3 3.1 -3
v -1.5 3.1 -3.1
v -1.3 3.1 -3.1
v -1.7 3.1 -3.3
v -1.6 3.1 -3.3
v -1.2 3.1 -3.3
v -1.1 3.1 -3.3
v -1.7 3.1 -3.4
v -1.6 3.1 -3.4
v -1.2 3.1 -3.4
v -1.1 3.1 -3.4
v -2.6 3.1 -3.5
v -2.5 3.1 -3.5
v -2.4 3.1 -3.5
v -2 3.1 -3.5
v -1.9 3.1 -3.5
v -0.9 3.1 -3.5
v -0.8 3.1 -3.5
v -0.4 3.1 -3.5
v -0.2 3.1 -3.5
v -2.6 3.1 -3.6
v -2.5 3.1 -3.6
v -0.3 3.1 -3.6
v -0.2 3.1 -3.6
v -2.6 3.1 -3.7
v -2.4 3.1 -3.7
v -2 3.1 -3.7
v -1.9 3.1 -3.7
v -0.9 3.1 -3.7
v -0.8 3.1 -3.7
v -0.4 3.1 -3.7
v -0.3 3.1 -3.7
v -0.2 3.1 -3.7
v -1.7 3.1 -3.8
v -1.6 3.1 -3.8
v -1.2 3.1 -3.8
v -1.1 3.1 -3.8
v -1.7 3.1 -3.9
v -1.6 3.1 -3.9
v -1.2 3.1 -3.9
v -1.1 3.1 -3.9
v -1.5 3.1 -4.1
v -1.3 3.1 -4.1
v -1.5 3.1 -4.2
v -1.3 3.1 -4.2
v -1.5 3.1 -4.6
v -1.3 3.1 -4.6
v -1.5 3.1 -4.7
v -1.3 3.1 -4.7
v -1.5 3.1 -4.8
v -1.3 3.1 -4.8
v -1.6 3.2 -1.2
v -1.5 3.2 -1.2
v -1.6 3.2 -1.3
v -1.5 3.2 -1.3
v -2.4 3.2 -2.2
v -2.3 3.2 -2.2
v -2.4 3.2 -2.3
v -2.3 3.2 -2.3
v -1.5 3.2 -2.6
v -1.3 3.2 -2.6
v -1.5 3.2 -2.7
v -1.3 3.2 -2.7
v -1.5 3.2 -2.9
v -1.3 3.2 -2.9
v -1.5 3.2 -3
v -1.3 3.2 -3
v -2.4 3.2 -3.5
v -2.3 3.2 -3.5
v -2.1 3.2 -3.5
v -2 3.2 -3.5
v -0.8 3.2 -3.5
v -0.7 3.2 -3.5
v -0.5 3.2 -3.5
v -0.4 3.2 -3.5
v -2.4 3.2 -3.7
v -2.3 3.2 -3.7
v -2.1 3.2 -3.7
v -2 3.2 -3.7
v -0.8 3.2 -3.7
v -0.7 3.2 -3.7
v -0.5 3.2 -3.7
v -0.4 3.2 -3.7
v -1.5 3.2 -4.2
v -1.3 3.2 -4.2
v -1.5 3.2 -4.3
v -1.3 3.2 -4.3
v -1.4 3.2 -4.5
v -1.3 3.2 -4.5
v -1.4 3.2 -4.6
v -1.3 3.2 -4.6
v -2.3 3.3 -1.3
v -2.2 3.3 -1.3
v -2.3 3.3 -1.4
v -2.2 3.3 -1.4
v -2.5 3.3 -1.5
v -2.4 3.3 -1.5
v -2.5 3.3 -1.6
v -2.4 3.3 -1.6
v -1.5 3.3 -2.7
v -1.3 3.3 -2.7
v -1.5 3.3 -2.9
v -1.3 3.3 -2.9
v -2.3 3.3 -3.5
v -2.2 3.3 -3.5
v -2.1 3.3 -3.5
v -0.7 3.3 -3.5
v -0.5 3.3 -3.5
v -2.3 3.3 -3.6
v -2.2 3.3 -3.6
v -0.6 3.3 -3.6
v -0.5 3.3 -3.6
v -2.3 3.3 -3.7
v -2.1 3.3 -3.7
v -0.7 3.3 -3.7
v -0.6 3.3 -3.7
v -0.5 3.3 -3.7
v -1.5 3.3 -4.3
v -1.3 3.3 -4.3
v -1.4 3.3 -4.4
v -1.3 3.3 -4.4
v -1.5 3.3 -4.5
v -1.4 3.3 -4.5
v -1.3 3.3 -4.5
v -1.5 3.3 -4.6
v -1.4 3.3 -4.6
v -2.5 3.5 -1.2
v -2.4 3.5 -1.2
v -2.5 3.5 -1.3
v -2.4 3.5 -1.3
v -2.6 3.5 -1.4
v -2.5 3.5 -1.4
v -2.3 3.5 -1.4
v -2.2 3.5 -1.4
v -2.6 3.5 -1.5
v -2.5 3.5 -1.5
v -2.3 3.5 -1.5
v -2.2 3.5 -1.5
v -2.6 3.6 -1.3
v -2.5 3.6 -1.3
v -2.6 3.6 -1.4
v -2.5 3.6 -1.4
v -2.4 3.6 -1.5
v -2.3 3.6 -1.5
v -2.4 3.6 -1.6
v -2.3 3.6 -1.6
v -1.5 3.6 -3.4
v -1.3 3.6 -3.4
v -1.6 3.6 -3.5
v -1.5 3.6 -3.5
v -1.3 3.6 -3.5
v -1.2 3.6 -3.5
v -1.6 3.6 -3.7
v -1.5 3.6 -3.7
v -1.3 3.6 -3.7
v -1.2 3.6 -3.7
v -1.5 3.6 -3.8
v -1.3 3.6 -3.8
v -1.5 3.7 -3.3
v -1.3 3.7 -3.3
v -1.5 3.7 -3.4
v -1.3 3.7 -3.4
v -1.7 3.7 -3.5
v -1.6 3.7 -3.5
v -1.2 3.7 -3.5
v -1.1 3.7 -3.5
v -1.7 3.7 -3.7
v -1.6 3.7 -3.7
v -1.2 3.7 -3.7
v -1.1 3.7 -3.7
v -1.5 3.7 -3.8
v -1.3 3.7 -3.8
v -1.5 3.7 -3.9
v -1.3 3.7 -3.9
v -0.6 3.8 -1.3
v -0.5 3.8 -1.3
v -0.6 3.8 -1.4
v -0.5 3.8 -1.4
v -5.4 3.8 -2.9
v -5.3 3.8 -2.9
v -5.4 3.8 -3
v -5.3 3.8 -3
v -1.5 3.8 -3.2
v -1.3 3.8 -3.2
v -1.5 3.8 -3.3
v -1.3 3.8 -3.3
v -1.8 3.8 -3.5
v -1.7 3.8 -3.5
v -1.1 3.8 -3.5
v -1 3.8 -3.5
v -1.8 3.8 -3.7
v -1.7 3.8 -3.7
v -1.1 3.8 -3.7
v -1 3.8 -3.7
v -1.5 3.8 -3.9
v -1.3 3.8 -3.9
v -1.5 3.8 -4
v -1.3 3.8 -4
v -0.6 3.9 -0.6
v -0.5 3.9 -0.6
v -0.6 3.9 -0.7
v -0.5 3.9 -0.7
v -0.5 3.9 -1.2
v -0.4 3.9 -1.2
v -0.5 3.9 -1.3
v -0.4 3.9 -1.3
v -5.4 3.9 -2.2
v -5.3 3.9 -2.2
v -5.4 3.9 -2.3
v -5.3 3.9 -2.3
v -5.3 3.9 -2.8
v -5.2 3.9 -2.8
v -5.3 3.9 -2.9
v -5.2 3.9 -2.9
v -1.5 3.9 -3.1
v -1.3 3.9 -3.1
v -1.8 3.9 -3.2
v -1.7 3.9 -3.2
v -1.5 3.9 -3.2
v -1.3 3.9 -3.2
v -1.1 3.9 -3.2
v -1 3.9 -3.2
v -1.8 3.9 -3.3
v -1.7 3.9 -3.3
v -1.1 3.9 -3.3
v -1 3.9 -3.3
v -1.6 3.9 -3.4
v -1.5 3.9 -3.4
v -1.3 3.9 -3.4
v -1.2 3.9 -3.4
v -1.9 3.9 -3.5
v -1.8 3.9 -3.5
v -1.6 3.9 -3.5
v -1.5 3.9 -3.5
v -1.3 3.9 -3.5
v -1.2 3.9 -3.5
v -1 3.9 -3.5
v -0.9 3.9 -3.5
v -1.9 3.9 -3.7
v -1.8 3.9 -3.7
v -1.6 3.9 -3.7
v -1.5 3.9 -3.7
v -1.3 3.9 -3.7
v -1.2 3.9 -3.7
v -1 3.9 -3.7
v -0.9 3.9 -3.7
v -1.6 3.9 -3.8
v -1.5 3.9 -3.8
v -1.3 3.9 -3.8
v -1.2 3.9 -3.8
v -1.8 3.9 -3.9
v -1.7 3.9 -3.9
v -1.1 3.9 -3.9
v -1 3.9 -3.9
v -1.8 3.9 -4
v -1.7 3.9 -4
v -1.5 3.9 -4
v -1.3 3.9 -4
v -1.1 3.9 -4
v -1 3.9 -4
v -1.5 3.9 -4.1
v -1.3 3.9 -4.1
v -1 4 -1.3
v -0.9 4 -1.3
v -1 4 -1.4
v -0.9 4 -1.4
v -1.5 4 -2.4
v -1.4 4 -2.4
v -1.3 4 -2.4
v -1.5 4 -2.5
v -1.4 4 -2.5
v -1.5 4 -2.6
v -1.3 4 -2.6
v -5.8 4 -2.9
v -5.7 4 -2.9
v -5.8 4 -3
v -5.7 4 -3
v -1.5 4 -3
v -1.3 4 -3
v -1.5 4 -3.1
v -1.3 4 -3.1
v -1.7 4 -3.3
v -1.6 4 -3.3
v -1.2 4 -3.3
v -1.1 4 -3.3
v -1.7 4 -3.4
v -1.6 4 -3.4
v -1.2 4 -3.4
v -1.1 4 -3.4
v -2.6 4 -3.5
v -2.4 4 -3.5
v -2 4 -3.5
v -1.9 4 -3.5
v -0.9 4 -3.5
v -0.8 4 -3.5
v -0.4 4 -3.5
v -0.2 4 -3.5
v -2.6 4 -3.7
v -2.4 4 -3.7
v -2 4 -3.7
v -1.9 4 -3.7
v -0.9 4 -3.7
v -0.8 4 -3.7
v -0.4 4 -3.7
v -0.2 4 -3.7
v -1.7 4 -3.8
v -1.6 4 -3.8
v -1.2 4 -3.8
v -1.1 4 -3.8
v -1.7 4 -3.9
v -1.6 4 -3.9
v -1.2 4 -3.9
v -1.1 4 -3.9
v -1.5 4 -4.1
v -1.3 4 -4.1
v -1.5 4 -4.2
v -1.3 4 -4.2
v -1.5 4 -4.6
v -1.3 4 -4.6
v -1.5 4 -4.8
v -1.3 4 -4.8
v 0 4.1 -1.2
v 0.0999999 4.1 -1.2
v 0 4.1 -1.3
v 0.0999999 4.1 -1.3
v -0.6 4.1 -1.8
v -0.5 4.1 -1.8
v -0.6 4.1 -1.9
v -0.5 4.1 -1.9
v -1.5 4.1 -2.6
v -1.3 4.1 -2.6
v -1.5 4.1 -2.7
v -1.3 4.1 -2.7
v -4.8 4.1 -2.8
v -4.7 4.1 -2.8
v -4.8 4.1 -2.9
v -4.7 4.1 -2.9
v -1.5 4.1 -2.9
v -1.3 4.1 -2.9
v -1.5 4.1 -3
v -1.3 4.1 -3
v -5.4 4.1 -3.4
v -5.3 4.1 -3.4
v -5.4 4.1 -3.5
v -5.3 4.1 -3.5
v -2.4 4.1 -3.5
v -2.3 4.1 -3.5
v -2.1 4.1 -3.5
v -2 4.1 -3.5
v -0.8 4.1 -3.5
v -0.7 4.1 -3.5
v -0.5 4.1 -3.5
v -0.4 4.1 -3.5
v -2.4 4.1 -3.7
v -2.3 4.1 -3.7
v -2.1 4.1 -3.7
v -2 4.1 -3.7
v -0.8 4.1 -3.7
v -0.7 4.1 -3.7
v -0.5 4.1 -3.7
v -0.4 4.1 -3.7
v -1.5 4.1 -4.2
v -1.3 4.1 -4.2
v -1.5 4.1 -4.3
v -1.3 4.1 -4.3
v -1.4 4.1 -4.5
v -1.3 4.1 -4.5
v -1.4 4.1 -4.6
v -1.3 4.1 -4.6
v -0.9 4.2 -1.2
v -0.8 4.2 -1.2
v -0.9 4.2 -1.3
v -0.9 4.2 -1.4
v -0.8 4.2 -1.4
v -0.5 4.2 -1.9
v -0.4 4.2 -1.9
v -0.5 4.2 -2
v -0.4 4.2 -2
v -1.5 4.2 -2.7
v -1.3 4.2 -2.7
v -5.7 4.2 -2.8
v -5.6 4.2 -2.8
v -5.7 4.2 -2.9
v -1.5 4.2 -2.9
v -1.3 4.2 -2.9
v -5.7 4.2 -3
v -5.6 4.2 -3
v -5.3 4.2 -3.5
v -5.2 4.2 -3.5
v -2.3 4.2 -3.5
v -2.2 4.2 -3.5
v -2.1 4.2 -3.5
v -0.7 4.2 -3.5
v -0.5 4.2 -3.5
v -5.3 4.2 -3.6
v -5.2 4.2 -3.6
v -2.3 4.2 -3.6
v -2.2 4.2 -3.6
v -0.6 4.2 -3.6
v -0.5 4.2 -3.6
v -2.3 4.2 -3.7
v -2.1 4.2 -3.7
v -0.7 4.2 -3.7
v -0.6 4.2 -3.7
v -0.5 4.2 -3.7
v -1.5 4.2 -4.3
v -1.3 4.2 -4.3
v -1.4 4.2 -4.4
v -1.3 4.2 -4.4
v -1.5 4.2 -4.5
v -1.4 4.2 -4.5
v -1.3 4.2 -4.5
v -1.5 4.2 -4.6
v -1.4 4.2 -4.6
v -0.6 4.3 -0.7
v -0.5 4.3 -0.7
v -0.4 4.3 -0.7
v -0.6 4.3 -0.8
v -0.4 4.3 -0.8
v -0.6 4.3 -1.1
v -0.4 4.3 -1.1
v -0.7 4.3 -1.2
v -0.6 4.3 -1.2
v -0.4 4.3 -1.2
v -0.3 4.3 -1.2
v -0.2 4.3 -1.2
v -0.0999999 4.3 -1.2
v -0.2 4.3 -1.3
v -0.0999999 4.3 -1.3
v 0 4.3 -1.3
v 0.0999999 4.3 -1.3
v -0.9 4.3 -1.4
v -0.8 4.3 -1.4
v -0.7 4.3 -1.4
v -0.6 4.3 -1.4
v -0.4 4.3 -1.4
v -0.3 4.3 -1.4
v 0 4.3 -1.4
v 0.0999999 4.3 -1.4
v -0.9 4.3 -1.5
v -0.8 4.3 -1.5
v -0.6 4.3 -1.5
v -0.4 4.3 -1.5
v -0.5 4.3 -1.8
v -0.4 4.3 -1.8
v -0.5 4.3 -1.9
v -0.4 4.3 -1.9
v -5.4 4.3 -2.3
v -5.3 4.3 -2.3
v -5.2 4.3 -2.3
v -5.4 4.3 -2.4
v -5.2 4.3 -2.4
v -5.4 4.3 -2.7
v -5.2 4.3 -2.7
v -5.5 4.3 -2.8
v -5.4 4.3 -2.8
v -5.2 4.3 -2.8
v -5.1 4.3 -2.8
v -5 4.3 -2.8
v -4.9 4.3 -2.8
v -5 4.3 -2.9
v -4.9 4.3 -2.9
v -4.8 4.3 -2.9
v -4.7 4.3 -2.9
v -5.7 4.3 -3
v -5.6 4.3 -3
v -5.5 4.3 -3
v -5.4 4.3 -3
v -5.2 4.3 -3
v -5.1 4.3 -3
v -4.8 4.3 -3
v -4.7 4.3 -3
v -5.7 4.3 -3.1
v -5.6 4.3 -3.1
v -5.4 4.3 -3.1
v -5.2 4.3 -3.1
v -5.3 4.3 -3.4
v -5.2 4.3 -3.4
v -5.3 4.3 -3.5
v -5.2 4.3 -3.5
v -0.5 4.4 -0.6
v -0.4 4.4 -0.6
v -0.7 4.4 -0.7
v -0.6 4.4 -0.7
v -0.5 4.4 -0.7
v -0.4 4.4 -0.7
v -0.7 4.4 -0.8
v -0.6 4.4 -0.8
v -0.4 4.4 -0.8
v -0.6 4.4 -0.9
v -0.4 4.4 -0.9
v -0.6 4.4 -1
v -0.4 4.4 -1
v -0.6 4.4 -1.1
v -0.4 4.4 -1.1
v -1 4.4 -1.2
v -0.9 4.4 -1.2
v -0.8 4.4 -1.2
v -0.7 4.4 -1.2
v -0.3 4.4 -1.2
v -0.2 4.4 -1.2
v -0.0999999 4.4 -1.2
v 0 4.4 -1.2
v -1 4.4 -1.3
v -0.9 4.4 -1.3
v -0.2 4.4 -1.3
v -0.0999999 4.4 -1.3
v -0.8 4.4 -1.4
v -0.7 4.4 -1.4
v -0.3 4.4 -1.4
v -0.2 4.4 -1.4
v -0.0999999 4.4 -1.4
v 0 4.4 -1.4
v -0.6 4.4 -1.5
v -0.4 4.4 -1.5
v -0.6 4.4 -1.6
v -0.4 4.4 -1.6
v -0.6 4.4 -1.7
v -0.4 4.4 -1.7
v -0.6 4.4 -1.8
v -0.4 4.4 -1.8
v -5.3 4.4 -2.2
v -5.2 4.4 -2.2
v -5.5 4.4 -2.3
v -5.4 4.4 -2.3
v -5.3 4.4 -2.3
v -5.2 4.4 -2.3
v -5.5 4.4 -2.4
v -5.4 4.4 -2.4
v -5.2 4.4 -2.4
v -5.4 4.4 -2.5
v -5.2 4.4 -2.5
v -5.4 4.4 -2.6
v -5.2 4.4 -2.6
v -5.4 4.4 -2.7
v -5.2 4.4 -2.7
v -5.8 4.4 -2.8
v -5.7 4.4 -2.8
v -5.6 4.4 -2.8
v -5.5 4.4 -2.8
v -5.1 4.4 -2.8
v -5 4.4 -2.8
v -4.9 4.4 -2.8
v -4.8 4.4 -2.8
v -5.8 4.4 -2.9
v -5.7 4.4 -2.9
v -5 4.4 -2.9
v -4.9 4.4 -2.9
v -5.6 4.4 -3
v -5.5 4.4 -3
v -5.1 4.4 -3
v -5 4.4 -3
v -4.9 4.4 -3
v -4.8 4.4 -3
v -5.4 4.4 -3.1
v -5.2 4.4 -3.1
v -5.4 4.4 -3.2
v -5.2 4.4 -3.2
v -5.4 4.4 -3.3
v -5.2 4.4 -3.3
v -5.4 4.4 -3.4
v -5.2 4.4 -3.4
v -0.6 4.5 -0.9
v -0.4 4.5 -0.9
v -0.6 4.5 -1
v -0.4 4.5 -1
v -0.9 4.5 -1.1
v -0.8 4.5 -1.1
v -0.9 4.5 -1.2
v -0.8 4.5 -1.2
v -0.2 4.5 -1.3
v -0.0999999 4.5 -1.3
v -0.2 4.5 -1.4
v -0.0999999 4.5 -1.4
v -0.6 4.5 -1.6
v -0.4 4.5 -1.6
v -0.6 4.5 -1.7
v -0.4 4.5 -1.7
v -5.4 4.5 -2.5
v -5.2 4.5 -2.5
v -5.4 4.5 -2.6
v -5.2 4.5 -2.6
v -5.7 4.5 -2.7
v -5.6 4.5 -2.7
v -5.7 4.5 -2.8
v -5.6 4.5 -2.8
v -5 4.5 -2.9
v -4.9 4.5 -2.9
v -5 4.5 -3
v -4.9 4.5 -3
v -5.4 4.5 -3.2
v -5.2 4.5 -3.2
v -5.4 4.5 -3.3
v -5.2 4.5 -3.3
v -0.6 4.6 -1.1
v -0.4 4.6 -1.1
v -0.7 4.6 -1.2
v -0.6 4.6 -1.2
v -0.4 4.6 -1.2
v -0.3 4.6 -1.2
v -0.7 4.6 -1.4
v -0.6 4.6 -1.4
v -0.4 4.6 -1.4
v -0.3 4.6 -1.4
v -0.6 4.6 -1.5
v -0.4 4.6 -1.5
v -5.4 4.6 -2.7
v -5.2 4.6 -2.7
v -5.5 4.6 -2.8
v -5.4 4.6 -2.8
v -5.2 4.6 -2.8
v -5.1 4.6 -2.8
v -5.5 4.6 -3
v -5.4 4.6 -3
v -5.2 4.6 -3
v -5.1 4.6 -3
v -5.4 4.6 -3.1
v -5.2 4.6 -3.1
v 0.4 0.3 1.4
v 0.6 0.3 1.4
v -4.5 0.3 1.3
v -4.3 0.3 1.3
v -4.5 0.3 0.9
v -4.4 0.3 0.9
v -4.4 0.3 0.8
v -4.3 0.3 0.8
v -3.7 0.3 -0.0999998
v -3.6 0.3 -0.0999998
v -3.7 0.3 -0.2
v -3.6 0.3 -0.2
v 0.4 0.3 -3.9
v 0.4 0.3 -4
v 0.5 0.3 -4
v 0.5 0.3 -4.1
v 0.6 0.3 -4.1
v 0.6 0.4 1.4
v 0.7 0.4 1.4
v 0.6 0.4 -4
v 0.6 0.4 -4.1
v 0.7 0.4 -4.1
v -5.2 0.5 1.5
v 0.9 0.5 1.5
v -5.2 0.5 1.4
v 0.7 0.5 1.4
v 0.9 0.5 1.4
v -5.8 0.6 1.7
v 1.2 0.6 1.7
v -5.7 0.6 1.6
v 1.1 0.6 1.6
v -4.5 0.6 1
v -4.4 0.6 1
v -4.5 0.6 0.9
v -4.4 0.6 0.9
v -4.3 0.6 0.9
v -4.4 0.6 0.8
v -4.3 0.6 0.8
v -4.2 0.6 0.8
v -4.3 0.6 0.7
v -4.2 0.6 0.7
v -4.1 0.6 0.7
v -4.2 0.6 0.6
v -4.1 0.6 0.6
v -3.9 0.6 0.3
v -3.8 0.6 0.3
v -3.9 0.6 0.2
v -3.8 0.6 0.2
v -2.9 0.6 -0.6
v -2.8 0.6 -0.6
v -2.9 0.6 -0.7
v -2.8 0.6 -0.7
v -2.7 0.6 -0.7
v -2.8 0.6 -0.8
v -2.7 0.6 -0.8
v -2.6 0.6 -0.8
v -2.7 0.6 -0.9
v -2.6 0.6 -0.9
v -2.5 0.6 -0.9
v -2.6 0.6 -1
v -2.5 0.6 -1
v -2.4 0.6 -1
v -2.5 0.6 -1.1
v -2.4 0.6 -1.1
v -2.3 0.6 -1.1
v -2.4 0.6 -1.2
v -2.3 0.6 -1.2
v -2.2 0.6 -1.2
v -2.3 0.6 -1.3
v -2.2 0.6 -1.3
v -2.1 0.6 -1.3
v -2.2 0.6 -1.4
v -2.1 0.6 -1.4
v -2 0.6 -1.4
v -2.1 0.6 -1.5
v -2 0.6 -1.5
v -1.9 0.6 -1.5
v -2 0.6 -1.6
v -1.9 0.6 -1.6
v -1.8 0.6 -1.6
v -1.9 0.6 -1.7
v -1.8 0.6 -1.7
v -1.7 0.6 -1.7
v -1.8 0.6 -1.8
v -1.7 0.6 -1.8
v -1.6 0.6 -1.8
v -1.7 0.6 -1.9
v -1.6 0.6 -1.9
v -1.5 0.6 -1.9
v -1.6 0.6 -2
v -1.5 0.6 -2
v -1.4 0.6 -2
v -1.5 0.6 -2.1
v -1.4 0.6 -2.1
v -1.3 0.6 -2.1
v -1.4 0.6 -2.2
v -1.3 0.6 -2.2
v -1.2 0.6 -2.2
v -1.3 0.6 -2.3
v -1.2 0.6 -2.3
v -1.1 0.6 -2.3
v -1.2 0.6 -2.4
v -1.1 0.6 -2.4
v -1 0.6 -2.4
v -1.1 0.6 -2.5
v -1 0.6 -2.5
v -0.9 0.6 -2.5
v -1 0.6 -2.6
v -0.9 0.6 -2.6
v -0.8 0.6 -2.6
v -0.9 0.6 -2.7
v -0.8 0.6 -2.7
v -0.7 0.6 -2.7
v -0.8 0.6 -2.8
v -0.7 0.6 -2.8
v -0.6 0.6 -2.8
v -0.7 0.6 -2.9
v -0.6 0.6 -2.9
v -0.5 0.6 -2.9
v -0.6 0.6 -3
v -0.5 0.6 -3
v -0.4 0.6 -3
v -0.5 0.6 -3.1
v -0.4 0.6 -3.1
v -0.3 0.6 -3.1
v -0.4 0.6 -3.2
v -0.3 0.6 -3.2
v -0.2 0.6 -3.2
v -0.3 0.6 -3.3
v -0.2 0.6 -3.3
v -0.0999999 0.6 -3.3
v -0.2 0.6 -3.4
v -0.0999999 0.6 -3.4
v 0 0.6 -3.4
v -0.0999999 0.6 -3.5
v 0 0.6 -3.5
v 0.0999999 0.6 -3.5
v 0 0.6 -3.6
v 0.0999999 0.6 -3.6
v 0.2 0.6 -3.6
v 0.0999999 0.6 -3.7
v 0.2 0.6 -3.7
v 0.3 0.6 -3.7
v 0.2 0.6 -3.8
v 0.3 0.6 -3.8
v 0.4 0.6 -3.8
v 0.3 0.6 -3.9
v 0.4 0.6 -3.9
v 0.5 0.6 -3.9
v 0.4 0.6 -4
v 0.5 0.6 -4
v 0.6 0.6 -4
v 0.5 0.6 -4.1
v 0.6 0.6 -4.1
v -5.7 0.6 -5.2
v 1.1 0.6 -5.2
v -5.8 0.6 -5.3
v 1.2 0.6 -5.3
v -5.7 0.7 1.6
v 1.1 0.7 1.6
v -5.6 0.7 1.5
v 1 0.7 1.5
v -5.6 0.7 -5.1
v 1 0.7 -5.1
v -5.7 0.7 -5.2
v 1.1 0.7 -5.2
v -5 0.8 -3.9
v -4.9 0.8 -3.9
v -5 0.8 -4
v -4.9 0.8 -4
v -5.5 0.9 1.4
v 0.9 0.9 1.4
v 0.0999999 0.9 1.2
v 0.3 0.9 1.2
v -5.4 0.9 1
v -5.3 0.9 1
v -3.2 0.9 1
v -3.1 0.9 1
v -2.8 0.9 1
v -2.5 0.9 1
v -2 0.9 1
v -1.9 0.9 1
v -1.2 0.9 1
v -1 0.9 1
v 0.0999999 0.9 1
v 0.3 0.9 1
v -5.4 0.9 0.9
v -5.3 0.9 0.9
v -3.4 0.9 0.9
v -3.2 0.9 0.9
v -2.7 0.9 0.9
v -2.6 0.9 0.9
v -2.5 0.9 0.9
v -2.4 0.9 0.9
v -2.2 0.9 0.9
v -2 0.9 0.9
v -4.4 0.9 0.8
v -4.3 0.9 0.8
v -3.8 0.9 0.8
v -3.6 0.9 0.8
v -3.2 0.9 0.8
v -3.1 0.9 0.8
v -2.6 0.9 0.8
v -2.5 0.9 0.8
v -2.1 0.9 0.8
v -1.9 0.9 0.8
v -1.2 0.9 0.8
v -1 0.9 0.8
v -4.3 0.9 0.7
v -4.1 0.9 0.7
v -3.4 0.9 0.7
v -3.2 0.9 0.7
v -2.8 0.9 0.7
v -2.7 0.9 0.7
v -2.5 0.9 0.7
v -2.4 0.9 0.7
v -2.2 0.9 0.7
v -2.1 0.9 0.7
v -4.2 0.9 0.6
v -4.1 0.9 0.6
v -3.8 0.9 0.6
v -3.6 0.9 0.6
v -5 0.9 0.5
v -4.9 0.9 0.5
v -4.4 0.9 0.5
v -4.3 0.9 0.5
v -5 0.9 0.4
v -4.9 0.9 0.4
v 0.2 0.9 0.4
v 0.5 0.9 0.4
v -4.3 0.9 0.3
v -4.2 0.9 0.3
v 0.2 0.9 0.3
v 0.3 0.9 0.3
v -3 0.9 0.2
v -2.8 0.9 0.2
v 0.3 0.9 0.2
v 0.5 0.9 0.2
v -2 0.9 0.1
v -1.8 0.9 0.1
v -3 0.9 1.19209e-07
v -2.8 0.9 1.19209e-07
v -2 0.9 -0.0999998
v -1.8 0.9 -0.0999998
v 0.0999999 0.9 -0.0999998
v 0.2 0.9 -0.0999998
v -4.6 0.9 -0.2
v -4.4 0.9 -0.2
v 0.0999999 0.9 -0.2
v 0.2 0.9 -0.2
v -5.4 0.9 -0.3
v -5.3 0.9 -0.3
v -1.3 0.9 -0.3
v -1.1 0.9 -0.3
v -5.4 0.9 -0.4
v -5.3 0.9 -0.4
v -4.6 0.9 -0.4
v -4.4 0.9 -0.4
v -1.2 0.9 -0.4
v -1.1 0.9 -0.4
v -3.8 0.9 -0.5
v -3.7 0.9 -0.5
v -3.3 0.9 -0.5
v -3.2 0.9 -0.5
v -1.4 0.9 -0.5
v -1.3 0.9 -0.5
v -3.4 0.9 -0.6
v -3.3 0.9 -0.6
v -3.8 0.9 -0.7
v -3.7 0.9 -0.7
v -3.2 0.9 -0.7
v -3.1 0.9 -0.7
v -1.4 0.9 -0.7
v -1.2 0.9 -0.7
v -1.1 0.9 -0.8
v -0.9 0.9 -0.8
v -5 0.9 -0.9
v -4.8 0.9 -0.9
v -3.2 0.9 -1
v -3.1 0.9 -1
v -1.1 0.9 -1
v -0.9 0.9 -1
v 0 0.9 -1
v 0.2 0.9 -1
v -5 0.9 -1.1
v -4.8 0.9 -1.1
v -3.9 0.9 -1.1
v -3.7 0.9 -1.1
v -3.4 0.9 -1.1
v -3.3 0.9 -1.1
v -3.3 0.9 -1.2
v -3.2 0.9 -1.2
v -0.6 0.9 -1.2
v -0.4 0.9 -1.2
v 0 0.9 -1.2
v 0.2 0.9 -1.2
v -3.9 0.9 -1.3
v -3.7 0.9 -1.3
v -2.5 0.9 -1.3
v -2.3 0.9 -1.3
v 0.4 0.9 -1.3
v 0.5 0.9 -1.3
v -3 0.9 -1.4
v -2.9 0.9 -1.4
v -0.6 0.9 -1.4
v -0.4 0.9 -1.4
v 0.3 0.9 -1.4
v 0.4 0.9 -1.4
v -2.9 0.9 -1.5
v -2.8 0.9 -1.5
v -2.5 0.9 -1.5
v -2.3 0.9 -1.5
v 0.4 0.9 -1.5
v 0.5 0.9 -1.5
v -3.4 0.9 -1.6
v -3.3 0.9 -1.6
v -3 0.9 -1.6
v -2.8 0.9 -1.6
v -3.5 0.9 -1.7
v -3.4 0.9 -1.7
v -3.3 0.9 -1.7
v -3.2 0.9 -1.7
v 0.3 0.9 -1.7
v 0.4 0.9 -1.7
v -5.1 0.9 -1.8
v -5 0.9 -1.8
v -3.5 0.9 -1.8
v -3.2 0.9 -1.8
v -5.1 0.9 -1.9
v -5 0.9 -1.9
v -4.3 0.9 -1.9
v -4.1 0.9 -1.9
v -1.5 0.9 -1.9
v -1.4 0.9 -1.9
v -0.7 0.9 -1.9
v -0.5 0.9 -1.9
v -2.3 0.9 -2
v -2.1 0.9 -2
v -1.6 0.9 -2
v -1.5 0.9 -2
v 0.0999999 0.9 -2
v 0.3 0.9 -2
v -4.3 0.9 -2.1
v -4.1 0.9 -2.1
v -0.7 0.9 -2.1
v -0.5 0.9 -2.1
v -2.3 0.9 -2.2
v -2.1 0.9 -2.2
v 0.0999999 0.9 -2.2
v 0.3 0.9 -2.2
v -3.4 0.9 -2.3
v -3.2 0.9 -2.3
v -1.6 0.9 -2.3
v -1.5 0.9 -2.3
v -3.4 0.9 -2.5
v -3.2 0.9 -2.5
v -1.5 0.9 -2.5
v -1.4 0.9 -2.5
v -5.1 0.9 -2.6
v -5 0.9 -2.6
v -4.6 0.9 -2.6
v -4.4 0.9 -2.6
v -5.1 0.9 -2.7
v -5 0.9 -2.7
v -0.7 0.9 -2.7
v -0.5 0.9 -2.7
v -5.4 0.9 -2.8
v -5.2 0.9 -2.8
v -4.6 0.9 -2.8
v -4.4 0.9 -2.8
v -4 0.9 -2.8
v -3.8 0.9 -2.8
v -3 0.9 -2.8
v -2.8 0.9 -2.8
v -3.9 0.9 -2.9
v -3.8 0.9 -2.9
v -3 0.9 -2.9
v -2.9 0.9 -2.9
v -2.1 0.9 -2.9
v -1.9 0.9 -2.9
v -1.4 0.9 -2.9
v -1.3 0.9 -2.9
v -0.8 0.9 -2.9
v -0.7 0.9 -2.9
v -0.6 0.9 -2.9
v -0.5 0.9 -2.9
v 0.5 0.9 -2.9
v 0.7 0.9 -2.9
v -5.4 0.9 -3
v -5.2 0.9 -3
v -4 0.9 -3
v -3.9 0.9 -3
v -2.9 0.9 -3
v -2.8 0.9 -3
v -0.8 0.9 -3
v -0.6 0.9 -3
v -3.1 0.9 -3.1
v -2.9 0.9 -3.1
v -2.1 0.9 -3.1
v -1.9 0.9 -3.1
v -1.4 0.9 -3.1
v -1.3 0.9 -3.1
v 0.5 0.9 -3.1
v 0.7 0.9 -3.1
v -4.7 0.9 -3.3
v -4.6 0.9 -3.3
v -3.1 0.9 -3.3
v -2.9 0.9 -3.3
v -0.9 0.9 -3.3
v -0.8 0.9 -3.3
v -5.1 0.9 -3.4
v -5 0.9 -3.4
v -4.7 0.9 -3.4
v -4.6 0.9 -3.4
v -3.8 0.9 -3.4
v -3.6 0.9 -3.4
v -1 0.9 -3.4
v -0.9 0.9 -3.4
v -0.0999999 0.9 -3.4
v 0.0999999 0.9 -3.4
v -5.1 0.9 -3.5
v -5 0.9 -3.5
v -1.5 0.9 -3.5
v -1.3 0.9 -3.5
v -1 0.9 -3.5
v -0.8 0.9 -3.5
v -0.7 0.9 -3.5
v -0.2 0.9 -3.5
v -0.0999999 0.9 -3.5
v 0 0.9 -3.5
v -3.8 0.9 -3.6
v -3.6 0.9 -3.6
v -0.8 0.9 -3.6
v -0.7 0.9 -3.6
v -0.2 0.9 -3.6
v -0.0999999 0.9 -3.6
v -1.5 0.9 -3.7
v -1.3 0.9 -3.7
v 0 0.9 -3.7
v 0.0999999 0.9 -3.7
v -4.4 0.9 -3.8
v -4.3 0.9 -3.8
v -5 0.9 -3.9
v -4.9 0.9 -3.9
v -4.5 0.9 -3.9
v -4.4 0.9 -3.9
v -5.4 0.9 -4
v -5.1 0.9 -4
v -5 0.9 -4
v -4.9 0.9 -4
v -4.5 0.9 -4
v -4.3 0.9 -4
v 0.4 0.9 -4
v 0.5 0.9 -4
v -5.2 0.9 -4.1
v -5.1 0.9 -4.1
v -3 0.9 -4.1
v -2.9 0.9 -4.1
v 0.5 0.9 -4.1
v 0.6 0.9 -4.1
v -5.3 0.9 -4.2
v -5.2 0.9 -4.2
v -4.8 0.9 -4.2
v -4.6 0.9 -4.2
v -3.9 0.9 -4.2
v -3.7 0.9 -4.2
v -3 0.9 -4.2
v -2.9 0.9 -4.2
v -2.3 0.9 -4.2
v -2.1 0.9 -4.2
v 0.3 0.9 -4.2
v 0.4 0.9 -4.2
v 0.5 0.9 -4.2
v 0.6 0.9 -4.2
v -5.4 0.9 -4.3
v -5.3 0.9 -4.3
v -1.1 0.9 -4.3
v -0.9 0.9 -4.3
v -0.4 0.9 -4.3
v -0.3 0.9 -4.3
v 0.4 0.9 -4.3
v 0.5 0.9 -4.3
v -4.8 0.9 -4.4
v -4.6 0.9 -4.4
v -3.9 0.9 -4.4
v -3.7 0.9 -4.4
v -2.3 0.9 -4.4
v -2.1 0.9 -4.4
v -1.2 0.9 -4.4
v -1.1 0.9 -4.4
v -1 0.9 -4.4
v -0.9 0.9 -4.4
v -0.5 0.9 -4.4
v -0.4 0.9 -4.4
v 0.3 0.9 -4.4
v 0.4 0.9 -4.4
v -1 0.9 -4.5
v -0.9 0.9 -4.5
v -0.6 0.9 -4.5
v -0.5 0.9 -4.5
v -0.4 0.9 -4.5
v -0.3 0.9 -4.5
v -3.4 0.9 -4.6
v -3.2 0.9 -4.6
v -1.2 0.9 -4.6
v -1.1 0.9 -4.6
v -0.5 0.9 -4.6
v -0.4 0.9 -4.6
v -4.5 0.9 -4.7
v -4.1 0.9 -4.7
v -3.4 0.9 -4.7
v -3.2 0.9 -4.7
v -1.1 0.9 -4.7
v -0.9 0.9 -4.7
v -0.6 0.9 -4.7
v -0.5 0.9 -4.7
v 0.2 0.9 -4.7
v 0.4 0.9 -4.7
v -4.2 0.9 -4.8
v -4.1 0.9 -4.8
v -3 0.9 -4.8
v -2.9 0.9 -4.8
v -4.5 0.9 -4.9
v -4.2 0.9 -4.9
v -3 0.9 -4.9
v -2.9 0.9 -4.9
v 0.2 0.9 -4.9
v 0.4 0.9 -4.9
v -5.5 0.9 -5
v 0.9 0.9 -5
v -5.6 1 1.5
v 1 1 1.5
v -5.5 1 1.4
v 0.9 1 1.4
v -5.4 1 1
v -5.3 1 1
v -3.2 1 1
v -3.1 1 1
v -2.8 1 1
v -2.5 1 1
v -2 1 1
v -1.9 1 1
v -5.4 1 0.9
v -5.3 1 0.9
v -3.4 1 0.9
v -3.2 1 0.9
v -2.7 1 0.9
v -2.6 1 0.9
v -2.5 1 0.9
v -2.4 1 0.9
v -2.2 1 0.9
v -2 1 0.9
v -4.4 1 0.8
v -4.3 1 0.8
v -3.2 1 0.8
v -3.1 1 0.8
v -2.6 1 0.8
v -2.5 1 0.8
v -2.1 1 0.8
v -1.9 1 0.8
v -4.3 1 0.7
v -4.1 1 0.7
v -3.4 1 0.7
v -3.2 1 0.7
v -2.8 1 0.7
v -2.7 1 0.7
v -2.5 1 0.7
v -2.4 1 0.7
v -2.2 1 0.7
v -2.1 1 0.7
v -4.2 1 0.6
v -4.1 1 0.6
v -4.4 1 0.5
v -4.3 1 0.5
v 0.2 1 0.4
v 0.5 1 0.4
v -4.3 1 0.3
v -4.2 1 0.3
v 0.2 1 0.3
v 0.3 1 0.3
v -3 1 0.2
v -2.8 1 0.2
v 0.3 1 0.2
v 0.5 1 0.2
v -3 1 1.19209e-07
v -2.8 1 1.19209e-07
v -5.4 1 -0.3
v -5.3 1 -0.3
v -1.3 1 -0.3
v -1.1 1 -0.3
v -5.4 1 -0.4
v -5.3 1 -0.4
v -1.2 1 -0.4
v -1.1 1 -0.4
v -3.8 1 -0.5
v -3.7 1 -0.5
v -3.3 1 -0.5
v -3.2 1 -0.5
v -1.4 1 -0.5
v -1.3 1 -0.5
v -3.4 1 -0.6
v -3.3 1 -0.6
v -3.8 1 -0.7
v -3.7 1 -0.7
v -3.3 1 -0.7
v -3.2 1 -0.7
v -3.1 1 -0.7
v -1.4 1 -0.7
v -1.2 1 -0.7
v -3.3 1 -0.8
v -3.2 1 -0.8
v -5 1 -0.9
v -4.8 1 -0.9
v -3.2 1 -1
v -3.1 1 -1
v -5 1 -1.1
v -4.8 1 -1.1
v -3.4 1 -1.1
v -3.3 1 -1.1
v -3.3 1 -1.2
v -3.2 1 -1.2
v 0.4 1 -1.3
v 0.5 1 -1.3
v -3 1 -1.4
v -2.9 1 -1.4
v 0.3 1 -1.4
v 0.4 1 -1.4
v -2.9 1 -1.5
v -2.8 1 -1.5
v 0.4 1 -1.5
v 0.5 1 -1.5
v -3.4 1 -1.6
v -3.3 1 -1.6
v -3 1 -1.6
v -2.8 1 -1.6
v -3.5 1 -1.7
v -3.4 1 -1.7
v -3.3 1 -1.7
v -3.2 1 -1.7
v 0.3 1 -1.7
v 0.4 1 -1.7
v -5.1 1 -1.8
v -5 1 -1.8
v -3.5 1 -1.8
v -3.2 1 -1.8
v -5.1 1 -1.9
v -5 1 -1.9
v -1.5 1 -1.9
v -1.4 1 -1.9
v -1.6 1 -2
v -1.5 1 -2
v -1.6 1 -2.3
v -1.5 1 -2.3
v -1.5 1 -2.5
v -1.4 1 -2.5
v -5.1 1 -2.6
v -5 1 -2.6
v -4.6 1 -2.6
v -4.4 1 -2.6
v -5.1 1 -2.7
v -5 1 -2.7
v -0.7 1 -2.7
v -0.5 1 -2.7
v -4.6 1 -2.8
v -4.4 1 -2.8
v -4 1 -2.8
v -3.8 1 -2.8
v -3 1 -2.8
v -2.8 1 -2.8
v -3.9 1 -2.9
v -3.8 1 -2.9
v -3 1 -2.9
v -2.9 1 -2.9
v -1.4 1 -2.9
v -1.3 1 -2.9
v -0.8 1 -2.9
v -0.7 1 -2.9
v -0.6 1 -2.9
v -0.5 1 -2.9
v -4 1 -3
v -3.9 1 -3
v -2.9 1 -3
v -2.8 1 -3
v -0.8 1 -3
v -0.6 1 -3
v -1.4 1 -3.1
v -1.3 1 -3.1
v -0.9 1 -3.3
v -0.8 1 -3.3
v -5.1 1 -3.4
v -5 1 -3.4
v -3.8 1 -3.4
v -3.6 1 -3.4
v -1 1 -3.4
v -0.9 1 -3.4
v -0.0999999 1 -3.4
v 0.0999999 1 -3.4
v -5.1 1 -3.5
v -5 1 -3.5
v -1 1 -3.5
v -0.8 1 -3.5
v -0.7 1 -3.5
v -0.2 1 -3.5
v -0.0999999 1 -3.5
v 0 1 -3.5
v -3.8 1 -3.6
v -3.6 1 -3.6
v -0.8 1 -3.6
v -0.7 1 -3.6
v -0.2 1 -3.6
v -0.0999999 1 -3.6
v 0 1 -3.7
v 0.0999999 1 -3.7
v -4.4 1 -3.8
v -4.3 1 -3.8
v -4.5 1 -3.9
v -4.4 1 -3.9
v -5.4 1 -4
v -5.1 1 -4
v -4.5 1 -4
v -4.3 1 -4
v 0.4 1 -4
v 0.5 1 -4
v -5.2 1 -4.1
v -5.1 1 -4.1
v -3 1 -4.1
v -2.9 1 -4.1
v 0.5 1 -4.1
v 0.6 1 -4.1
v -5.3 1 -4.2
v -5.2 1 -4.2
v -3 1 -4.2
v -2.9 1 -4.2
v 0.3 1 -4.2
v 0.4 1 -4.2
v 0.5 1 -4.2
v 0.6 1 -4.2
v -5.4 1 -4.3
v -5.3 1 -4.3
v -1.1 1 -4.3
v -0.9 1 -4.3
v -0.4 1 -4.3
v -0.3 1 -4.3
v 0.4 1 -4.3
v 0.5 1 -4.3
v -1.2 1 -4.4
v -1.1 1 -4.4
v -1 1 -4.4
v -0.9 1 -4.4
v -0.5 1 -4.4
v -0.4 1 -4.4
v 0.3 1 -4.4
v 0.4 1 -4.4
v -1 1 -4.5
v -0.9 1 -4.5
v -0.6 1 -4.5
v -0.5 1 -4.5
v -0.4 1 -4.5
v -0.3 1 -4.5
v -3.4 1 -4.6
v -3.2 1 -4.6
v -1.2 1 -4.6
v -1.1 1 -4.6
v -0.5 1 -4.6
v -0.4 1 -4.6
v -4.5 1 -4.7
v -4.1 1 -4.7
v -3.4 1 -4.7
v -3.2 1 -4.7
v -1.1 1 -4.7
v -0.9 1 -4.7
v -0.6 1 -4.7
v -0.5 1 -4.7
v -4.2 1 -4.8
v -4.1 1 -4.8
v -4.5 1 -4.9
v -4.2 1 -4.9
v -5.5 1 -5
v 0.2 1 -5
v 0.4 1 -5
v 0.9 1 -5
v -5.6 1 -5.1
v 1 1 -5.1
v 0.0999999 1.1 1.2
v 0.3 1.1 1.2
v 0.0999999 1.1 1
v 0.3 1.1 1
v -3.8 1.1 0.8
v -3.6 1.1 0.8
v -3.8 1.1 0.6
v -3.6 1.1 0.6
v -3 1.1 0.5
v -2.8 1.1 0.5
v -3 1.1 0.4
v -2.8 1.1 0.4
v -3 1.1 0.3
v -2.8 1.1 0.3
v -3.3 1.1 0.2
v -3.2 1.1 0.2
v -3.1 1.1 0.2
v -3 1.1 0.2
v -2.8 1.1 0.2
v -2.7 1.1 0.2
v -2.6 1.1 0.2
v -2.5 1.1 0.2
v -3.3 1.1 1.19209e-07
v -3.2 1.1 1.19209e-07
v -3.1 1.1 1.19209e-07
v -3 1.1 1.19209e-07
v -2.8 1.1 1.19209e-07
v -2.7 1.1 1.19209e-07
v -2.6 1.1 1.19209e-07
v -2.5 1.1 1.19209e-07
v -3 1.1 -0.0999998
v -2.8 1.1 -0.0999998
v -4.6 1.1 -0.2
v -4.4 1.1 -0.2
v -3 1.1 -0.2
v -2.8 1.1 -0.2
v -3 1.1 -0.3
v -2.8 1.1 -0.3
v -4.6 1.1 -0.4
v -4.4 1.1 -0.4
v -5 1.1 -0.6
v -4.8 1.1 -0.6
v -5 1.1 -0.7
v -4.8 1.1 -0.7
v -3.3 1.1 -0.7
v -3.2 1.1 -0.7
v -5 1.1 -0.8
v -4.8 1.1 -0.8
v -3.3 1.1 -0.8
v -3.2 1.1 -0.8
v -1.1 1.1 -0.8
v -0.9 1.1 -0.8
v -5.3 1.1 -0.9
v -5.2 1.1 -0.9
v -5.1 1.1 -0.9
v -5 1.1 -0.9
v -4.8 1.1 -0.9
v -4.7 1.1 -0.9
v -4.6 1.1 -0.9
v -4.5 1.1 -0.9
v -1.1 1.1 -1
v -0.9 1.1 -1
v 0 1.1 -1
v 0.2 1.1 -1
v -5.3 1.1 -1.1
v -5.2 1.1 -1.1
v -5.1 1.1 -1.1
v -5 1.1 -1.1
v -4.8 1.1 -1.1
v -4.7 1.1 -1.1
v -4.6 1.1 -1.1
v -4.5 1.1 -1.1
v -5 1.1 -1.2
v -4.8 1.1 -1.2
v -0.5 1.1 -1.2
v -0.4 1.1 -1.2
v 0 1.1 -1.2
v 0.2 1.1 -1.2
v -5 1.1 -1.3
v -4.8 1.1 -1.3
v -0.5 1.1 -1.3
v -0.4 1.1 -1.3
v -5 1.1 -1.4
v -4.8 1.1 -1.4
v -0.7 1.1 -1.9
v -0.5 1.1 -1.9
v -2.3 1.1 -2
v -2.1 1.1 -2
v 0.0999999 1.1 -2
v 0.3 1.1 -2
v -0.7 1.1 -2.1
v -0.5 1.1 -2.1
v -2.3 1.1 -2.2
v -2.1 1.1 -2.2
v 0.0999999 1.1 -2.2
v 0.3 1.1 -2.2
v -4.6 1.1 -2.3
v -4.4 1.1 -2.3
v -3.4 1.1 -2.3
v -3.2 1.1 -2.3
v -4.6 1.1 -2.4
v -4.4 1.1 -2.4
v -4.6 1.1 -2.5
v -4.4 1.1 -2.5
v -3.4 1.1 -2.5
v -3.2 1.1 -2.5
v -4.9 1.1 -2.6
v -4.8 1.1 -2.6
v -4.7 1.1 -2.6
v -4.6 1.1 -2.6
v -4.4 1.1 -2.6
v -4.3 1.1 -2.6
v -4.2 1.1 -2.6
v -4.1 1.1 -2.6
v -5.3 1.1 -2.8
v -5.2 1.1 -2.8
v -4.9 1.1 -2.8
v -4.8 1.1 -2.8
v -4.7 1.1 -2.8
v -4.6 1.1 -2.8
v -4.4 1.1 -2.8
v -4.3 1.1 -2.8
v -4.2 1.1 -2.8
v -4.1 1.1 -2.8
v -5.3 1.1 -2.9
v -5.2 1.1 -2.9
v -4.6 1.1 -2.9
v -4.4 1.1 -2.9
v -2.1 1.1 -2.9
v -1.9 1.1 -2.9
v 0.5 1.1 -2.9
v 0.7 1.1 -2.9
v -4.6 1.1 -3
v -4.4 1.1 -3
v -4.6 1.1 -3.1
v -4.4 1.1 -3.1
v -3.8 1.1 -3.1
v -3.6 1.1 -3.1
v -3.1 1.1 -3.1
v -2.9 1.1 -3.1
v -2.1 1.1 -3.1
v -1.9 1.1 -3.1
v 0.5 1.1 -3.1
v 0.7 1.1 -3.1
v -3.8 1.1 -3.2
v -3.6 1.1 -3.2
v -3.8 1.1 -3.3
v -3.6 1.1 -3.3
v -3.1 1.1 -3.3
v -2.9 1.1 -3.3
v -4.1 1.1 -3.4
v -4 1.1 -3.4
v -3.9 1.1 -3.4
v -3.8 1.1 -3.4
v -3.6 1.1 -3.4
v -3.5 1.1 -3.4
v -3.4 1.1 -3.4
v -3.3 1.1 -3.4
v -4.1 1.1 -3.6
v -4 1.1 -3.6
v -3.9 1.1 -3.6
v -3.8 1.1 -3.6
v -3.6 1.1 -3.6
v -3.5 1.1 -3.6
v -3.4 1.1 -3.6
v -3.3 1.1 -3.6
v -3.8 1.1 -3.7
v -3.6 1.1 -3.7
v -3.8 1.1 -3.8
v -3.6 1.1 -3.8
v -3.8 1.1 -3.9
v -3.6 1.1 -3.9
v -4.8 1.1 -4.2
v -4.6 1.1 -4.2
v -3.9 1.1 -4.2
v -3.7 1.1 -4.2
v -2.3 1.1 -4.2
v -2.1 1.1 -4.2
v -4.8 1.1 -4.4
v -4.6 1.1 -4.4
v -3.9 1.1 -4.4
v -3.7 1.1 -4.4
v -2.3 1.1 -4.4
v -2.1 1.1 -4.4
v 0.0999999 1.2 1.3
v 0.3 1.2 1.3
v 0 1.2 1.2
v 0.0999999 1.2 1.2
v 0.3 1.2 1.2
v 0.4 1.2 1.2
v -1.2 1.2 1.1
v -1 1.2 1.1
v -1.3 1.2 1
v -1.2 1.2 1
v -1 1.2 1
v -0.9 1.2 1
v 0 1.2 1
v 0.0999999 1.2 1
v 0.3 1.2 1
v 0.4 1.2 1
v -3.8 1.2 0.9
v -3.6 1.2 0.9
v 0.0999999 1.2 0.9
v 0.3 1.2 0.9
v -3.9 1.2 0.8
v -3.8 1.2 0.8
v -3.6 1.2 0.8
v -3.5 1.2 0.8
v -1.3 1.2 0.8
v -1.2 1.2 0.8
v -1 1.2 0.8
v -0.9 1.2 0.8
v -1.2 1.2 0.7
v -1 1.2 0.7
v -3.9 1.2 0.6
v -3.8 1.2 0.6
v -3.6 1.2 0.6
v -3.5 1.2 0.6
v -4.6 1.2 0.5
v -4.5 1.2 0.5
v -3.8 1.2 0.5
v -3.6 1.2 0.5
v -4.6 1.2 0.4
v -4.5 1.2 0.4
v -3 1.2 0.4
v -2.8 1.2 0.4
v -3 1.2 0.3
v -2.8 1.2 0.3
v -3.2 1.2 0.2
v -3.1 1.2 0.2
v -2.7 1.2 0.2
v -2.6 1.2 0.2
v -2 1.2 0.2
v -1.8 1.2 0.2
v -2.1 1.2 0.1
v -2 1.2 0.1
v -1.8 1.2 0.1
v -1.7 1.2 0.1
v -3.2 1.2 1.19209e-07
v -3.1 1.2 1.19209e-07
v -2.7 1.2 1.19209e-07
v -2.6 1.2 1.19209e-07
v -4.6 1.2 -0.0999998
v -4.4 1.2 -0.0999998
v -3 1.2 -0.0999998
v -2.8 1.2 -0.0999998
v -2.1 1.2 -0.0999998
v -2 1.2 -0.0999998
v -1.8 1.2 -0.0999998
v -1.7 1.2 -0.0999998
v 0.5 1.2 -0.0999998
v 0.6 1.2 -0.0999998
v -4.7 1.2 -0.2
v -4.6 1.2 -0.2
v -4.4 1.2 -0.2
v -4.3 1.2 -0.2
v -3 1.2 -0.2
v -2.8 1.2 -0.2
v -2 1.2 -0.2
v -1.8 1.2 -0.2
v 0.5 1.2 -0.2
v 0.6 1.2 -0.2
v -4.7 1.2 -0.4
v -4.6 1.2 -0.4
v -4.4 1.2 -0.4
v -4.3 1.2 -0.4
v -4.6 1.2 -0.5
v -4.4 1.2 -0.5
v -5 1.2 -0.7
v -4.8 1.2 -0.7
v -1.1 1.2 -0.7
v -0.9 1.2 -0.7
v -5 1.2 -0.8
v -4.8 1.2 -0.8
v -1.2 1.2 -0.8
v -1.1 1.2 -0.8
v -0.9 1.2 -0.8
v -0.8 1.2 -0.8
v -5.2 1.2 -0.9
v -5.1 1.2 -0.9
v -4.7 1.2 -0.9
v -4.6 1.2 -0.9
v 0 1.2 -0.9
v 0.2 1.2 -0.9
v -3.9 1.2 -1
v -3.7 1.2 -1
v -1.2 1.2 -1
v -1.1 1.2 -1
v -0.9 1.2 -1
v -0.8 1.2 -1
v -0.0999999 1.2 -1
v 0 1.2 -1
v 0.2 1.2 -1
v 0.3 1.2 -1
v -5.2 1.2 -1.1
v -5.1 1.2 -1.1
v -4.7 1.2 -1.1
v -4.6 1.2 -1.1
v -4 1.2 -1.1
v -3.9 1.2 -1.1
v -3.7 1.2 -1.1
v -3.6 1.2 -1.1
v -1.1 1.2 -1.1
v -0.9 1.2 -1.1
v -5 1.2 -1.2
v -4.8 1.2 -1.2
v -0.0999999 1.2 -1.2
v 0 1.2 -1.2
v 0.2 1.2 -1.2
v 0.3 1.2 -1.2
v -5 1.2 -1.3
v -4.8 1.2 -1.3
v -4 1.2 -1.3
v -3.9 1.2 -1.3
v -3.7 1.2 -1.3
v -3.6 1.2 -1.3
v 0 1.2 -1.3
v 0.2 1.2 -1.3
v -3.9 1.2 -1.4
v -3.7 1.2 -1.4
v -4.3 1.2 -1.8
v -4.1 1.2 -1.8
v -0.7 1.2 -1.8
v -0.5 1.2 -1.8
v -4.4 1.2 -1.9
v -4.3 1.2 -1.9
v -4.1 1.2 -1.9
v -4 1.2 -1.9
v -2.3 1.2 -1.9
v -2.1 1.2 -1.9
v -0.8 1.2 -1.9
v -0.7 1.2 -1.9
v -0.5 1.2 -1.9
v -0.4 1.2 -1.9
v 0.0999999 1.2 -1.9
v 0.3 1.2 -1.9
v -2.4 1.2 -2
v -2.3 1.2 -2
v -2.1 1.2 -2
v -2 1.2 -2
v 0 1.2 -2
v 0.0999999 1.2 -2
v 0.3 1.2 -2
v 0.4 1.2 -2
v -4.4 1.2 -2.1
v -4.3 1.2 -2.1
v -4.1 1.2 -2.1
v -4 1.2 -2.1
v -0.8 1.2 -2.1
v -0.7 1.2 -2.1
v -0.5 1.2 -2.1
v -0.4 1.2 -2.1
v -4.3 1.2 -2.2
v -4.1 1.2 -2.2
v -3.4 1.2 -2.2
v -3.2 1.2 -2.2
v -2.4 1.2 -2.2
v -2.3 1.2 -2.2
v -2.1 1.2 -2.2
v -2 1.2 -2.2
v -0.7 1.2 -2.2
v -0.5 1.2 -2.2
v 0 1.2 -2.2
v 0.0999999 1.2 -2.2
v 0.3 1.2 -2.2
v 0.4 1.2 -2.2
v -3.5 1.2 -2.3
v -3.4 1.2 -2.3
v -3.2 1.2 -2.3
v -3.1 1.2 -2.3
v -2.3 1.2 -2.3
v -2.1 1.2 -2.3
v 0.0999999 1.2 -2.3
v 0.3 1.2 -2.3
v -4.6 1.2 -2.4
v -4.4 1.2 -2.4
v -4.6 1.2 -2.5
v -4.4 1.2 -2.5
v -3.5 1.2 -2.5
v -3.4 1.2 -2.5
v -3.2 1.2 -2.5
v -3.1 1.2 -2.5
v -4.8 1.2 -2.6
v -4.7 1.2 -2.6
v -4.3 1.2 -2.6
v -4.2 1.2 -2.6
v -3.4 1.2 -2.6
v -3.2 1.2 -2.6
v -4.8 1.2 -2.8
v -4.7 1.2 -2.8
v -4.3 1.2 -2.8
v -4.2 1.2 -2.8
v -2.1 1.2 -2.8
v -1.9 1.2 -2.8
v 0.5 1.2 -2.8
v 0.7 1.2 -2.8
v -4.6 1.2 -2.9
v -4.4 1.2 -2.9
v -2.2 1.2 -2.9
v -2.1 1.2 -2.9
v -1.9 1.2 -2.9
v -1.8 1.2 -2.9
v 0.4 1.2 -2.9
v 0.5 1.2 -2.9
v 0.7 1.2 -2.9
v 0.8 1.2 -2.9
v -4.6 1.2 -3
v -4.4 1.2 -3
v -3.1 1.2 -3
v -2.9 1.2 -3
v -3.2 1.2 -3.1
v -3.1 1.2 -3.1
v -2.9 1.2 -3.1
v -2.8 1.2 -3.1
v -2.2 1.2 -3.1
v -2.1 1.2 -3.1
v -1.9 1.2 -3.1
v -1.8 1.2 -3.1
v 0.4 1.2 -3.1
v 0.5 1.2 -3.1
v 0.7 1.2 -3.1
v 0.8 1.2 -3.1
v -3.8 1.2 -3.2
v -3.6 1.2 -3.2
v -2.1 1.2 -3.2
v -1.9 1.2 -3.2
v 0.5 1.2 -3.2
v 0.7 1.2 -3.2
v -4.3 1.2 -3.3
v -4.2 1.2 -3.3
v -3.8 1.2 -3.3
v -3.6 1.2 -3.3
v -3.2 1.2 -3.3
v -3.1 1.2 -3.3
v -2.9 1.2 -3.3
v -2.8 1.2 -3.3
v -4.3 1.2 -3.4
v -4.2 1.2 -3.4
v -4 1.2 -3.4
v -3.9 1.2 -3.4
v -3.5 1.2 -3.4
v -3.4 1.2 -3.4
v -3.1 1.2 -3.4
v -2.9 1.2 -3.4
v -1.5 1.2 -3.4
v -1.3 1.2 -3.4
v -1.6 1.2 -3.5
v -1.5 1.2 -3.5
v -1.3 1.2 -3.5
v -1.2 1.2 -3.5
v -4 1.2 -3.6
v -3.9 1.2 -3.6
v -3.5 1.2 -3.6
v -3.4 1.2 -3.6
v -3.8 1.2 -3.7
v -3.6 1.2 -3.7
v -1.6 1.2 -3.7
v -1.5 1.2 -3.7
v -1.3 1.2 -3.7
v -1.2 1.2 -3.7
v -3.8 1.2 -3.8
v -3.6 1.2 -3.8
v -1.5 1.2 -3.8
v -1.3 1.2 -3.8
v -4.8 1.2 -4.1
v -4.6 1.2 -4.1
v -3.9 1.2 -4.1
v -3.7 1.2 -4.1
v -2.3 1.2 -4.1
v -2.1 1.2 -4.1
v -4.9 1.2 -4.2
v -4.8 1.2 -4.2
v -4.6 1.2 -4.2
v -4.5 1.2 -4.2
v -4 1.2 -4.2
v -3.9 1.2 -4.2
v -3.7 1.2 -4.2
v -3.6 1.2 -4.2
v -2.4 1.2 -4.2
v -2.3 1.2 -4.2
v -2.1 1.2 -4.2
v -2 1.2 -4.2
v -4.9 1.2 -4.3
v -4.9 1.2 -4.4
v -4.8 1.2 -4.4
v -4.6 1.2 -4.4
v -4.5 1.2 -4.4
v -4 1.2 -4.4
v -3.9 1.2 -4.4
v -3.7 1.2 -4.4
v -3.6 1.2 -4.4
v -2.4 1.2 -4.4
v -2.3 1.2 -4.4
v -2.1 1.2 -4.4
v -2 1.2 -4.4
v -4.8 1.2 -4.5
v -4.6 1.2 -4.5
v -3.9 1.2 -4.5
v -3.7 1.2 -4.5
v -2.3 1.2 -4.5
v -2.1 1.2 -4.5
v 0.2 1.2 -4.6
v 0.4 1.2 -4.6
v 0.0999999 1.2 -4.7
v 0.2 1.2 -4.7
v 0.4 1.2 -4.7
v 0.5 1.2 -4.7
v -2.6 1.2 -4.8
v -2.5 1.2 -4.8
v -2.6 1.2 -4.9
v -2.5 1.2 -4.9
v 0.0999999 1.2 -4.9
v 0.2 1.2 -4.9
v 0.4 1.2 -4.9
v 0.5 1.2 -4.9
v 0.2 1.2 -5
v 0.4 1.2 -5
v 0.0999999 1.3 1.4
v 0.3 1.3 1.4
v -1.2 1.3 1.3
v -1.1 1.3 1.3
v -1 1.3 1.3
v 0.0999999 1.3 1.3
v 0.3 1.3 1.3
v -0.0999999 1.3 1.2
v 0 1.3 1.2
v 0.4 1.3 1.2
v 0.5 1.3 1.2
v -3.8 1.3 1.1
v -3.6 1.3 1.1
v -1.2 1.3 1.1
v -1 1.3 1.1
v -1.5 1.3 1
v -1.3 1.3 1
v -0.9 1.3 1
v -0.8 1.3 1
v -0.7 1.3 1
v -0.6 1.3 1
v -0.0999999 1.3 1
v 0 1.3 1
v 0.4 1.3 1
v 0.5 1.3 1
v -3.8 1.3 0.9
v -3.6 1.3 0.9
v -0.9 1.3 0.9
v -0.8 1.3 0.9
v -0.7 1.3 0.9
v -0.6 1.3 0.9
v 0.0999999 1.3 0.9
v 0.3 1.3 0.9
v -4.1 1.3 0.8
v -3.9 1.3 0.8
v -3.5 1.3 0.8
v -3.3 1.3 0.8
v -1.5 1.3 0.8
v -1.3 1.3 0.8
v -0.8 1.3 0.8
v -0.7 1.3 0.8
v 0.0999999 1.3 0.8
v 0.3 1.3 0.8
v -1.2 1.3 0.7
v -1 1.3 0.7
v -5 1.3 0.6
v -4.9 1.3 0.6
v -4.1 1.3 0.6
v -3.9 1.3 0.6
v -3.5 1.3 0.6
v -3.3 1.3 0.6
v -5.1 1.3 0.5
v -5 1.3 0.5
v -4.9 1.3 0.5
v -4.6 1.3 0.5
v -3.8 1.3 0.5
v -3.6 1.3 0.5
v -1.2 1.3 0.5
v -1 1.3 0.5
v -5.1 1.3 0.4
v -5 1.3 0.4
v -4.9 1.3 0.4
v -4.6 1.3 0.4
v -5 1.3 0.3
v -4.9 1.3 0.3
v -3.8 1.3 0.3
v -3.6 1.3 0.3
v -2 1.3 0.3
v -1.8 1.3 0.3
v -2 1.3 0.2
v -1.8 1.3 0.2
v -2.2 1.3 0.1
v -2.1 1.3 0.1
v -2 1.3 0.1
v -1.8 1.3 0.1
v -1.7 1.3 0.1
v -1.6 1.3 0.1
v -4.6 1.3 1.19209e-07
v -4.4 1.3 1.19209e-07
v 0.0999999 1.3 1.19209e-07
v 0.2 1.3 1.19209e-07
v -4.6 1.3 -0.0999998
v -4.4 1.3 -0.0999998
v -2.2 1.3 -0.0999998
v -2.1 1.3 -0.0999998
v -2 1.3 -0.0999998
v -1.8 1.3 -0.0999998
v -1.7 1.3 -0.0999998
v -1.6 1.3 -0.0999998
v 0 1.3 -0.0999998
v 0.0999999 1.3 -0.0999998
v 0.2 1.3 -0.0999998
v 0.5 1.3 -0.0999998
v -4.8 1.3 -0.2
v -4.7 1.3 -0.2
v -4.3 1.3 -0.2
v -4.2 1.3 -0.2
v -2 1.3 -0.2
v -1.8 1.3 -0.2
v 0 1.3 -0.2
v 0.0999999 1.3 -0.2
v 0.2 1.3 -0.2
v 0.5 1.3 -0.2
v -2 1.3 -0.3
v -1.8 1.3 -0.3
v 0.0999999 1.3 -0.3
v 0.2 1.3 -0.3
v -4.8 1.3 -0.4
v -4.7 1.3 -0.4
v -4.3 1.3 -0.4
v -4.2 1.3 -0.4
v -4.6 1.3 -0.5
v -4.4 1.3 -0.5
v -4.6 1.3 -0.6
v -4.4 1.3 -0.6
v -1.1 1.3 -0.6
v -0.9 1.3 -0.6
v -1.1 1.3 -0.7
v -0.9 1.3 -0.7
v 0 1.3 -0.7
v 0.2 1.3 -0.7
v -3.9 1.3 -0.8
v -3.8 1.3 -0.8
v -3.7 1.3 -0.8
v -1.3 1.3 -0.8
v -1.2 1.3 -0.8
v -0.8 1.3 -0.8
v -0.7 1.3 -0.8
v 0 1.3 -0.9
v 0.2 1.3 -0.9
v -3.9 1.3 -1
v -3.7 1.3 -1
v -1.3 1.3 -1
v -1.2 1.3 -1
v -0.8 1.3 -1
v -0.7 1.3 -1
v -0.3 1.3 -1
v -0.0999999 1.3 -1
v 0.3 1.3 -1
v 0.5 1.3 -1
v -4.2 1.3 -1.1
v -4 1.3 -1.1
v -3.6 1.3 -1.1
v -3.5 1.3 -1.1
v -3.4 1.3 -1.1
v -3.3 1.3 -1.1
v -1.1 1.3 -1.1
v -0.9 1.3 -1.1
v -3.6 1.3 -1.2
v -3.5 1.3 -1.2
v -3.4 1.3 -1.2
v -3.3 1.3 -1.2
v -1.1 1.3 -1.2
v -0.9 1.3 -1.2
v -0.3 1.3 -1.2
v -0.0999999 1.3 -1.2
v 0.3 1.3 -1.2
v 0.5 1.3 -1.2
v -4.2 1.3 -1.3
v -4 1.3 -1.3
v -3.5 1.3 -1.3
v -3.4 1.3 -1.3
v 0 1.3 -1.3
v 0.2 1.3 -1.3
v -3.9 1.3 -1.4
v -3.7 1.3 -1.4
v 0 1.3 -1.5
v 0.2 1.3 -1.5
v -3.9 1.3 -1.6
v -3.8 1.3 -1.6
v -3.7 1.3 -1.6
v -0.7 1.3 -1.6
v -0.5 1.3 -1.6
v -4.3 1.3 -1.7
v -4.1 1.3 -1.7
v -4.3 1.3 -1.8
v -4.1 1.3 -1.8
v -2.3 1.3 -1.8
v -2.1 1.3 -1.8
v -0.7 1.3 -1.8
v -0.5 1.3 -1.8
v 0.0999999 1.3 -1.8
v 0.3 1.3 -1.8
v -4.5 1.3 -1.9
v -4.4 1.3 -1.9
v -4.3 1.3 -1.9
v -4.1 1.3 -1.9
v -4 1.3 -1.9
v -3.9 1.3 -1.9
v -2.3 1.3 -1.9
v -2.1 1.3 -1.9
v -1 1.3 -1.9
v -0.8 1.3 -1.9
v -0.4 1.3 -1.9
v -0.2 1.3 -1.9
v 0.0999999 1.3 -1.9
v 0.3 1.3 -1.9
v -3.4 1.3 -2
v -3.2 1.3 -2
v -2.5 1.3 -2
v -2.4 1.3 -2
v -2 1.3 -2
v -1.9 1.3 -2
v -0.3 1.3 -2
v -0.2 1.3 -2
v -0.0999999 1.3 -2
v 0 1.3 -2
v 0.4 1.3 -2
v 0.5 1.3 -2
v -4.5 1.3 -2.1
v -4.4 1.3 -2.1
v -4.3 1.3 -2.1
v -4.1 1.3 -2.1
v -4 1.3 -2.1
v -3.9 1.3 -2.1
v -1 1.3 -2.1
v -0.8 1.3 -2.1
v -0.4 1.3 -2.1
v -0.3 1.3 -2.1
v -4.3 1.3 -2.2
v -4.1 1.3 -2.2
v -3.4 1.3 -2.2
v -3.2 1.3 -2.2
v -2.5 1.3 -2.2
v -2.4 1.3 -2.2
v -2 1.3 -2.2
v -1.9 1.3 -2.2
v -0.7 1.3 -2.2
v -0.5 1.3 -2.2
v -0.0999999 1.3 -2.2
v 0 1.3 -2.2
v 0.4 1.3 -2.2
v 0.5 1.3 -2.2
v -4.3 1.3 -2.3
v -4.1 1.3 -2.3
v -3.7 1.3 -2.3
v -3.5 1.3 -2.3
v -3.1 1.3 -2.3
v -2.9 1.3 -2.3
v -2.3 1.3 -2.3
v -2.1 1.3 -2.3
v 0.0999999 1.3 -2.3
v 0.3 1.3 -2.3
v -2.3 1.3 -2.4
v -2.1 1.3 -2.4
v -0.7 1.3 -2.4
v -0.5 1.3 -2.4
v 0.0999999 1.3 -2.4
v 0.3 1.3 -2.4
v -3.7 1.3 -2.5
v -3.5 1.3 -2.5
v -3.1 1.3 -2.5
v -2.9 1.3 -2.5
v -3.4 1.3 -2.6
v -3.2 1.3 -2.6
v -2.1 1.3 -2.6
v -1.9 1.3 -2.6
v 0.5 1.3 -2.6
v 0.7 1.3 -2.6
v -3.4 1.3 -2.8
v -3.2 1.3 -2.8
v -2.1 1.3 -2.8
v -1.9 1.3 -2.8
v 0.5 1.3 -2.8
v 0.7 1.3 -2.8
v -3.1 1.3 -2.9
v -2.9 1.3 -2.9
v -2.4 1.3 -2.9
v -2.2 1.3 -2.9
v -1.8 1.3 -2.9
v -1.6 1.3 -2.9
v 0.2 1.3 -2.9
v 0.4 1.3 -2.9
v 0.8 1.3 -2.9
v 1 1.3 -2.9
v -3.1 1.3 -3
v -2.9 1.3 -3
v -3.3 1.3 -3.1
v -3.2 1.3 -3.1
v -2.8 1.3 -3.1
v -2.7 1.3 -3.1
v -2.4 1.3 -3.1
v -2.2 1.3 -3.1
v -1.8 1.3 -3.1
v -1.6 1.3 -3.1
v 0.2 1.3 -3.1
v 0.4 1.3 -3.1
v 0.8 1.3 -3.1
v 1 1.3 -3.1
v -4.7 1.3 -3.2
v -4.6 1.3 -3.2
v -2.1 1.3 -3.2
v -1.9 1.3 -3.2
v 0.5 1.3 -3.2
v 0.7 1.3 -3.2
v -4.8 1.3 -3.3
v -4.7 1.3 -3.3
v -4.6 1.3 -3.3
v -4.3 1.3 -3.3
v -3.3 1.3 -3.3
v -3.2 1.3 -3.3
v -2.8 1.3 -3.3
v -2.7 1.3 -3.3
v -1.5 1.3 -3.3
v -1.3 1.3 -3.3
v -4.8 1.3 -3.4
v -4.7 1.3 -3.4
v -4.6 1.3 -3.4
v -4.3 1.3 -3.4
v -3.1 1.3 -3.4
v -2.9 1.3 -3.4
v -2.1 1.3 -3.4
v -1.9 1.3 -3.4
v -1.5 1.3 -3.4
v -1.3 1.3 -3.4
v 0.5 1.3 -3.4
v 0.7 1.3 -3.4
v -4.7 1.3 -3.5
v -4.6 1.3 -3.5
v -3.1 1.3 -3.5
v -2.9 1.3 -3.5
v -1.7 1.3 -3.5
v -1.6 1.3 -3.5
v -1.2 1.3 -3.5
v -1.1 1.3 -3.5
v -1.7 1.3 -3.7
v -1.6 1.3 -3.7
v -1.2 1.3 -3.7
v -1.1 1.3 -3.7
v -1.5 1.3 -3.8
v -1.3 1.3 -3.8
v -3.9 1.3 -3.9
v -3.7 1.3 -3.9
v -1.5 1.3 -3.9
v -1.3 1.3 -3.9
v -4.8 1.3 -4
v -4.6 1.3 -4
v -2.3 1.3 -4
v -2.1 1.3 -4
v -4.8 1.3 -4.1
v -4.6 1.3 -4.1
v -3.9 1.3 -4.1
v -3.7 1.3 -4.1
v -2.3 1.3 -4.1
v -2.1 1.3 -4.1
v -4.5 1.3 -4.2
v -4.4 1.3 -4.2
v -4.2 1.3 -4.2
v -4 1.3 -4.2
v -3.6 1.3 -4.2
v -3.4 1.3 -4.2
v -2.5 1.3 -4.2
v -2.4 1.3 -4.2
v -2 1.3 -4.2
v -1.9 1.3 -4.2
v -5 1.3 -4.3
v -4.9 1.3 -4.3
v -4.2 1.3 -4.3
v -4.1 1.3 -4.3
v -5 1.3 -4.4
v -4.9 1.3 -4.4
v -4.5 1.3 -4.4
v -4.4 1.3 -4.4
v -4.1 1.3 -4.4
v -4 1.3 -4.4
v -3.6 1.3 -4.4
v -3.4 1.3 -4.4
v -2.5 1.3 -4.4
v -2.4 1.3 -4.4
v -2 1.3 -4.4
v -1.9 1.3 -4.4
v -4.8 1.3 -4.5
v -4.6 1.3 -4.5
v -3.9 1.3 -4.5
v -3.7 1.3 -4.5
v -2.3 1.3 -4.5
v -2.1 1.3 -4.5
v 0.2 1.3 -4.5
v 0.4 1.3 -4.5
v -4.8 1.3 -4.6
v -4.6 1.3 -4.6
v -2.3 1.3 -4.6
v -2.1 1.3 -4.6
v 0.2 1.3 -4.6
v 0.4 1.3 -4.6
v -3.9 1.3 -4.7
v -3.7 1.3 -4.7
v -3 1.3 -4.7
v -2.9 1.3 -4.7
v 0 1.3 -4.7
v 0.0999999 1.3 -4.7
v 0.2 1.3 -4.7
v 0.4 1.3 -4.7
v 0.5 1.3 -4.7
v 0.6 1.3 -4.7
v -3.1 1.3 -4.8
v -3 1.3 -4.8
v -2.9 1.3 -4.8
v -2.6 1.3 -4.8
v -3.1 1.3 -4.9
v -3 1.3 -4.9
v -2.9 1.3 -4.9
v -2.6 1.3 -4.9
v 0 1.3 -4.9
v 0.0999999 1.3 -4.9
v 0.2 1.3 -4.9
v 0.4 1.3 -4.9
v 0.5 1.3 -4.9
v 0.6 1.3 -4.9
v -3 1.3 -5
v -2.9 1.3 -5
v 0.2 1.3 -5
v 0.4 1.3 -5
v 0.2 1.3 -5.1
v 0.4 1.3 -5.1
v 0.0999999 1.4 1.6
v 0.3 1.4 1.6
v -1.1 1.4 1.5
v -1 1.4 1.5
v 0.0999999 1.4 1.4
v 0.3 1.4 1.4
v -1.1 1.4 1.3
v -1 1.4 1.3
v -0.3 1.4 1.2
v -0.0999999 1.4 1.2
v 0.5 1.4 1.2
v 0.7 1.4 1.2
v -0.8 1.4 1
v -0.7 1.4 1
v -0.3 1.4 1
v -0.0999999 1.4 1
v 0.5 1.4 1
v 0.7 1.4 1
v -0.9 1.4 0.9
v -0.8 1.4 0.9
v -0.7 1.4 0.9
v -0.9 1.4 0.8
v -0.8 1.4 0.8
v 0.0999999 1.4 0.8
v 0.3 1.4 0.8
v -5 1.4 0.7
v -4.9 1.4 0.7
v -5 1.4 0.6
v -4.9 1.4 0.6
v 0.0999999 1.4 0.6
v 0.3 1.4 0.6
v -5.2 1.4 0.5
v -5.1 1.4 0.5
v -5.2 1.4 0.4
v -5.1 1.4 0.4
v -5 1.4 0.4
v -2.3 1.4 0.4
v -2.2 1.4 0.4
v -2 1.4 0.4
v -1.8 1.4 0.4
v -1.6 1.4 0.4
v -1.5 1.4 0.4
v -5.1 1.4 0.3
v -5 1.4 0.3
v -2.3 1.4 0.3
v -2.2 1.4 0.3
v -2 1.4 0.3
v -1.8 1.4 0.3
v -1.6 1.4 0.3
v -1.5 1.4 0.3
v -4.6 1.4 0.2
v -4.4 1.4 0.2
v -2.1 1.4 0.2
v -2 1.4 0.2
v -1.8 1.4 0.2
v -1.7 1.4 0.2
v -2.3 1.4 0.1
v -2.2 1.4 0.1
v -2.1 1.4 0.1
v -2 1.4 0.1
v -1.8 1.4 0.1
v -1.7 1.4 0.1
v -1.6 1.4 0.1
v -1.5 1.4 0.1
v 0.0999999 1.4 0.1
v 0.2 1.4 0.1
v -4.6 1.4 1.19209e-07
v -4.4 1.4 1.19209e-07
v 0.0999999 1.4 1.19209e-07
v 0.2 1.4 1.19209e-07
v -2.3 1.4 -0.0999998
v -2.2 1.4 -0.0999998
v -2.1 1.4 -0.0999998
v -2 1.4 -0.0999998
v -1.8 1.4 -0.0999998
v -1.7 1.4 -0.0999998
v -1.6 1.4 -0.0999998
v -1.5 1.4 -0.0999998
v -0.0999999 1.4 -0.0999998
v 0 1.4 -0.0999998
v -5 1.4 -0.2
v -4.8 1.4 -0.2
v -4.2 1.4 -0.2
v -4 1.4 -0.2
v -2.1 1.4 -0.2
v -2 1.4 -0.2
v -1.8 1.4 -0.2
v -1.7 1.4 -0.2
v -0.0999999 1.4 -0.2
v 0 1.4 -0.2
v 0.0999999 1.4 -0.2
v -2.3 1.4 -0.3
v -2.2 1.4 -0.3
v -2 1.4 -0.3
v -1.8 1.4 -0.3
v -1.6 1.4 -0.3
v -1.5 1.4 -0.3
v -1.1 1.4 -0.3
v -0.9 1.4 -0.3
v 0 1.4 -0.3
v 0.0999999 1.4 -0.3
v -5 1.4 -0.4
v -4.8 1.4 -0.4
v -4.2 1.4 -0.4
v -4 1.4 -0.4
v -2.3 1.4 -0.4
v -2.2 1.4 -0.4
v -2 1.4 -0.4
v -1.8 1.4 -0.4
v -1.6 1.4 -0.4
v -1.5 1.4 -0.4
v -1.1 1.4 -0.4
v -1 1.4 -0.4
v -0.9 1.4 -0.4
v -1.1 1.4 -0.5
v -1 1.4 -0.5
v -4.6 1.4 -0.6
v -4.4 1.4 -0.6
v -3.8 1.4 -0.6
v -3.7 1.4 -0.6
v -1.1 1.4 -0.6
v -0.9 1.4 -0.6
v -4.6 1.4 -0.8
v -4.4 1.4 -0.8
v -3.8 1.4 -0.8
v -3.7 1.4 -0.8
v -1.6 1.4 -0.8
v -1.5 1.4 -0.8
v -1.3 1.4 -0.8
v -0.7 1.4 -0.8
v -0.6 1.4 -0.8
v -1.6 1.4 -0.9
v -1.5 1.4 -0.9
v -1.4 1.4 -0.9
v -0.5 1.4 -0.9
v -0.4 1.4 -0.9
v -1.4 1.4 -1
v -1.3 1.4 -1
v -0.7 1.4 -1
v -0.6 1.4 -1
v -0.5 1.4 -1
v -0.4 1.4 -1
v -3.5 1.4 -1.1
v -3.4 1.4 -1.1
v -3.6 1.4 -1.2
v -3.5 1.4 -1.2
v -3.4 1.4 -1.2
v -1.1 1.4 -1.2
v -0.9 1.4 -1.2
v -3.6 1.4 -1.3
v -3.5 1.4 -1.3
v -1.1 1.4 -1.3
v -0.9 1.4 -1.3
v -0.6 1.4 -1.3
v -0.5 1.4 -1.3
v -1.1 1.4 -1.4
v -0.9 1.4 -1.4
v -0.6 1.4 -1.4
v -0.5 1.4 -1.4
v -1.1 1.4 -1.5
v -0.9 1.4 -1.5
v -4.6 1.4 -1.6
v -4.5 1.4 -1.6
v -4.3 1.4 -1.6
v -4.1 1.4 -1.6
v -3.9 1.4 -1.6
v -3.8 1.4 -1.6
v -2.3 1.4 -1.6
v -2.1 1.4 -1.6
v 0.0999999 1.4 -1.6
v 0.3 1.4 -1.6
v -4.6 1.4 -1.7
v -4.5 1.4 -1.7
v -4.3 1.4 -1.7
v -4.1 1.4 -1.7
v -3.9 1.4 -1.7
v -3.8 1.4 -1.7
v -4.4 1.4 -1.8
v -4.3 1.4 -1.8
v -4.1 1.4 -1.8
v -4 1.4 -1.8
v -2.3 1.4 -1.8
v -2.1 1.4 -1.8
v 0.0999999 1.4 -1.8
v 0.3 1.4 -1.8
v -4.6 1.4 -1.9
v -4.5 1.4 -1.9
v -4.4 1.4 -1.9
v -4.3 1.4 -1.9
v -4.1 1.4 -1.9
v -4 1.4 -1.9
v -3.9 1.4 -1.9
v -3.8 1.4 -1.9
v -2.7 1.4 -2
v -2.5 1.4 -2
v -1.9 1.4 -2
v -1.7 1.4 -2
v -0.3 1.4 -2
v -0.0999999 1.4 -2
v 0.5 1.4 -2
v 0.7 1.4 -2
v -4.6 1.4 -2.1
v -4.5 1.4 -2.1
v -4.4 1.4 -2.1
v -4.3 1.4 -2.1
v -4.1 1.4 -2.1
v -4 1.4 -2.1
v -3.9 1.4 -2.1
v -3.8 1.4 -2.1
v -4.4 1.4 -2.2
v -4.3 1.4 -2.2
v -4.1 1.4 -2.2
v -4 1.4 -2.2
v -2.7 1.4 -2.2
v -2.5 1.4 -2.2
v -1.9 1.4 -2.2
v -1.7 1.4 -2.2
v -0.3 1.4 -2.2
v -0.0999999 1.4 -2.2
v 0.5 1.4 -2.2
v 0.7 1.4 -2.2
v -4.6 1.4 -2.3
v -4.5 1.4 -2.3
v -4.3 1.4 -2.3
v -4.1 1.4 -2.3
v -3.9 1.4 -2.3
v -3.8 1.4 -2.3
v -4.6 1.4 -2.4
v -4.5 1.4 -2.4
v -4.3 1.4 -2.4
v -4.1 1.4 -2.4
v -3.9 1.4 -2.4
v -3.8 1.4 -2.4
v -2.3 1.4 -2.4
v -2.1 1.4 -2.4
v 0.0999999 1.4 -2.4
v 0.3 1.4 -2.4
v -3.1 1.4 -2.6
v -2.9 1.4 -2.6
v -2.3 1.4 -2.6
v -2.1 1.4 -2.6
v 0.0999999 1.4 -2.6
v 0.3 1.4 -2.6
v -3.1 1.4 -2.7
v -3 1.4 -2.7
v -2.9 1.4 -2.7
v -3.1 1.4 -2.8
v -3 1.4 -2.8
v -5.4 1.4 -2.9
v -5.3 1.4 -2.9
v -3.1 1.4 -2.9
v -2.9 1.4 -2.9
v -5.4 1.4 -3
v -5.3 1.4 -3
v -4.7 1.4 -3.1
v -4.6 1.4 -3.1
v -3.6 1.4 -3.1
v -3.5 1.4 -3.1
v -3.3 1.4 -3.1
v -2.7 1.4 -3.1
v -2.6 1.4 -3.1
v -4.7 1.4 -3.2
v -4.6 1.4 -3.2
v -3.6 1.4 -3.2
v -3.5 1.4 -3.2
v -3.4 1.4 -3.2
v -2.5 1.4 -3.2
v -2.4 1.4 -3.2
v -1.8 1.4 -3.2
v -1.7 1.4 -3.2
v -1.5 1.4 -3.2
v -1.3 1.4 -3.2
v -1.1 1.4 -3.2
v -1 1.4 -3.2
v -4.9 1.4 -3.3
v -4.8 1.4 -3.3
v -3.4 1.4 -3.3
v -3.3 1.4 -3.3
v -2.7 1.4 -3.3
v -2.6 1.4 -3.3
v -2.5 1.4 -3.3
v -2.4 1.4 -3.3
v -1.8 1.4 -3.3
v -1.7 1.4 -3.3
v -1.5 1.4 -3.3
v -1.3 1.4 -3.3
v -1.1 1.4 -3.3
v -1 1.4 -3.3
v -4.9 1.4 -3.4
v -4.8 1.4 -3.4
v -4.7 1.4 -3.4
v -1.6 1.4 -3.4
v -1.5 1.4 -3.4
v -1.3 1.4 -3.4
v -1.2 1.4 -3.4
v -4.8 1.4 -3.5
v -4.7 1.4 -3.5
v -3.1 1.4 -3.5
v -2.9 1.4 -3.5
v -1.8 1.4 -3.5
v -1.7 1.4 -3.5
v -1.6 1.4 -3.5
v -1.5 1.4 -3.5
v -1.3 1.4 -3.5
v -1.2 1.4 -3.5
v -1.1 1.4 -3.5
v -1 1.4 -3.5
v -3.1 1.4 -3.6
v -2.9 1.4 -3.6
v -4.8 1.4 -3.7
v -4.7 1.4 -3.7
v -3.1 1.4 -3.7
v -2.9 1.4 -3.7
v -1.8 1.4 -3.7
v -1.7 1.4 -3.7
v -1.6 1.4 -3.7
v -1.5 1.4 -3.7
v -1.3 1.4 -3.7
v -1.2 1.4 -3.7
v -1.1 1.4 -3.7
v -1 1.4 -3.7
v -4.8 1.4 -3.8
v -4.7 1.4 -3.8
v -4.6 1.4 -3.8
v -3.1 1.4 -3.8
v -2.9 1.4 -3.8
v -2.3 1.4 -3.8
v -2.1 1.4 -3.8
v -1.6 1.4 -3.8
v -1.5 1.4 -3.8
v -1.3 1.4 -3.8
v -1.2 1.4 -3.8
v -4.8 1.4 -3.9
v -4.7 1.4 -3.9
v -1.8 1.4 -3.9
v -1.7 1.4 -3.9
v -1.5 1.4 -3.9
v -1.3 1.4 -3.9
v -1.1 1.4 -3.9
v -1 1.4 -3.9
v -4.8 1.4 -4
v -4.6 1.4 -4
v -2.3 1.4 -4
v -2.1 1.4 -4
v -1.8 1.4 -4
v -1.7 1.4 -4
v -1.5 1.4 -4
v -1.3 1.4 -4
v -1.1 1.4 -4
v -1 1.4 -4
v -5.3 1.4 -4.2
v -5.2 1.4 -4.2
v -5 1.4 -4.2
v -4.4 1.4 -4.2
v -4.3 1.4 -4.2
v -2.7 1.4 -4.2
v -2.5 1.4 -4.2
v -1.9 1.4 -4.2
v -1.7 1.4 -4.2
v -5.3 1.4 -4.3
v -5.2 1.4 -4.3
v -5.1 1.4 -4.3
v -4.2 1.4 -4.3
v -4.1 1.4 -4.3
v -5.1 1.4 -4.4
v -5 1.4 -4.4
v -4.4 1.4 -4.4
v -4.3 1.4 -4.4
v -4.2 1.4 -4.4
v -4.1 1.4 -4.4
v -2.7 1.4 -4.4
v -2.5 1.4 -4.4
v -1.9 1.4 -4.4
v -1.7 1.4 -4.4
v -0.0999999 1.4 -4.4
v 0 1.4 -4.4
v 0.2 1.4 -4.4
v 0.4 1.4 -4.4
v 0.6 1.4 -4.4
v 0.7 1.4 -4.4
v -0.0999999 1.4 -4.5
v 0 1.4 -4.5
v 0.2 1.4 -4.5
v 0.4 1.4 -4.5
v 0.6 1.4 -4.5
v 0.7 1.4 -4.5
v -4.8 1.4 -4.6
v -4.6 1.4 -4.6
v -3 1.4 -4.6
v -2.9 1.4 -4.6
v -2.3 1.4 -4.6
v -2.1 1.4 -4.6
v 0.0999999 1.4 -4.6
v 0.2 1.4 -4.6
v 0.4 1.4 -4.6
v 0.5 1.4 -4.6
v -4.8 1.4 -4.7
v -4.6 1.4 -4.7
v -3 1.4 -4.7
v -2.9 1.4 -4.7
v -0.0999999 1.4 -4.7
v 0 1.4 -4.7
v 0.0999999 1.4 -4.7
v 0.2 1.4 -4.7
v 0.4 1.4 -4.7
v 0.5 1.4 -4.7
v 0.6 1.4 -4.7
v 0.7 1.4 -4.7
v -4.8 1.4 -4.8
v -4.6 1.4 -4.8
v -3.2 1.4 -4.8
v -3.1 1.4 -4.8
v -2.3 1.4 -4.8
v -2.1 1.4 -4.8
v -4.8 1.4 -4.9
v -4.6 1.4 -4.9
v -3.2 1.4 -4.9
v -3.1 1.4 -4.9
v -3 1.4 -4.9
v -0.0999999 1.4 -4.9
v 0 1.4 -4.9
v 0.0999999 1.4 -4.9
v 0.2 1.4 -4.9
v 0.4 1.4 -4.9
v 0.5 1.4 -4.9
v 0.6 1.4 -4.9
v 0.7 1.4 -4.9
v -3.1 1.4 -5
v -3 1.4 -5
v 0.0999999 1.4 -5
v 0.2 1.4 -5
v 0.4 1.4 -5
v 0.5 1.4 -5
v -0.0999999 1.4 -5.1
v 0 1.4 -5.1
v 0.2 1.4 -5.1
v 0.4 1.4 -5.1
v 0.6 1.4 -5.1
v 0.7 1.4 -5.1
v -0.0999999 1.4 -5.2
v 0 1.4 -5.2
v 0.2 1.4 -5.2
v 0.4 1.4 -5.2
v 0.6 1.4 -5.2
v 0.7 1.4 -5.2
v -2 1.5 1.2
v -1.8 1.5 1.2
v -2 1.5 1.1
v -1.8 1.5 1.1
v -5 1.5 0.9
v -4.9 1.5 0.9
v -4.9 1.5 0.8
v -5 1.5 0.7
v -4.9 1.5 0.7
v -5.3 1.5 0.5
v -5.2 1.5 0.5
v -5 1.5 0.5
v -4.9 1.5 0.5
v -2 1.5 0.5
v -1.8 1.5 0.5
v -5.3 1.5 0.4
v -5.2 1.5 0.4
v -5 1.5 0.4
v -4.9 1.5 0.4
v -2 1.5 0.4
v -1.8 1.5 0.4
v -5.1 1.5 0.3
v -5 1.5 0.3
v -2.2 1.5 0.3
v -2.1 1.5 0.3
v -1.7 1.5 0.3
v -1.6 1.5 0.3
v 0.0999999 1.5 0.3
v 0.2 1.5 0.3
v -5 1.5 0.2
v -4.9 1.5 0.2
v -2.2 1.5 0.2
v -2.1 1.5 0.2
v -1.7 1.5 0.2
v -1.6 1.5 0.2
v 0.2 1.5 0.2
v -5.1 1.5 0.1
v -5 1.5 0.1
v -4.9 1.5 0.1
v -3.1 1.5 0.1
v -3 1.5 0.1
v -2.4 1.5 0.1
v -2.3 1.5 0.1
v -1.5 1.5 0.1
v -1.4 1.5 0.1
v -0.8 1.5 0.1
v -0.7 1.5 0.1
v 0.0999999 1.5 0.1
v 0.2 1.5 0.1
v -3.1 1.5 -0.0999998
v -3 1.5 -0.0999998
v -2.4 1.5 -0.0999998
v -2.3 1.5 -0.0999998
v -1.5 1.5 -0.0999998
v -1.4 1.5 -0.0999998
v -0.8 1.5 -0.0999998
v -0.7 1.5 -0.0999998
v -0.2 1.5 -0.0999998
v -0.0999999 1.5 -0.0999998
v 0.0999999 1.5 -0.0999998
v 0.2 1.5 -0.0999998
v -2.2 1.5 -0.2
v -2.1 1.5 -0.2
v -1.7 1.5 -0.2
v -1.6 1.5 -0.2
v -0.2 1.5 -0.2
v -0.0999999 1.5 -0.2
v 0.0999999 1.5 -0.2
v 0.2 1.5 -0.2
v -2.2 1.5 -0.3
v -2.1 1.5 -0.3
v -1.7 1.5 -0.3
v -1.6 1.5 -0.3
v 0 1.5 -0.3
v 0.0999999 1.5 -0.3
v -2 1.5 -0.4
v -1.8 1.5 -0.4
v -1.1 1.5 -0.4
v -1 1.5 -0.4
v 0.0999999 1.5 -0.4
v 0.2 1.5 -0.4
v -2 1.5 -0.5
v -1.8 1.5 -0.5
v -1.1 1.5 -0.5
v -1 1.5 -0.5
v 0 1.5 -0.5
v 0.0999999 1.5 -0.5
v 0.2 1.5 -0.5
v -4.3 1.5 -0.8
v -4.1 1.5 -0.8
v -0.6 1.5 -0.8
v -0.5 1.5 -0.8
v -4.3 1.5 -0.9
v -4.1 1.5 -0.9
v -1.5 1.5 -0.9
v -1.4 1.5 -0.9
v -1.5 1.5 -1
v -1.4 1.5 -1
v -0.6 1.5 -1
v -0.5 1.5 -1
v -2 1.5 -1.1
v -1.8 1.5 -1.1
v -2 1.5 -1.2
v -1.8 1.5 -1.2
v -1.1 1.5 -1.3
v -0.9 1.5 -1.3
v -1.1 1.5 -1.4
v -0.9 1.5 -1.4
v -4.3 1.5 -1.5
v -4.1 1.5 -1.5
v -4.3 1.5 -1.6
v -4.1 1.5 -1.6
v -4.5 1.5 -1.7
v -4.4 1.5 -1.7
v -4 1.5 -1.7
v -3.9 1.5 -1.7
v -4.5 1.5 -1.8
v -4.4 1.5 -1.8
v -4 1.5 -1.8
v -3.9 1.5 -1.8
v -5.4 1.5 -1.9
v -5.3 1.5 -1.9
v -4.7 1.5 -1.9
v -4.6 1.5 -1.9
v -3.8 1.5 -1.9
v -3.7 1.5 -1.9
v -3.1 1.5 -1.9
v -3 1.5 -1.9
v -5.4 1.5 -2.1
v -5.3 1.5 -2.1
v -4.7 1.5 -2.1
v -4.6 1.5 -2.1
v -3.8 1.5 -2.1
v -3.7 1.5 -2.1
v -3.1 1.5 -2.1
v -3 1.5 -2.1
v -4.5 1.5 -2.2
v -4.4 1.5 -2.2
v -4 1.5 -2.2
v -3.9 1.5 -2.2
v -4.5 1.5 -2.3
v -4.4 1.5 -2.3
v -4 1.5 -2.3
v -3.9 1.5 -2.3
v -4.3 1.5 -2.4
v -4.1 1.5 -2.4
v -1.5 1.5 -2.4
v -1.3 1.5 -2.4
v -4.3 1.5 -2.5
v -4.1 1.5 -2.5
v -1.5 1.5 -2.5
v -1.3 1.5 -2.5
v -3.1 1.5 -2.7
v -3 1.5 -2.7
v -3.1 1.5 -2.8
v -3 1.5 -2.8
v -4.7 1.5 -2.9
v -4.6 1.5 -2.9
v -4.6 1.5 -3
v -4.7 1.5 -3.1
v -4.6 1.5 -3.1
v -4.3 1.5 -3.1
v -4.1 1.5 -3.1
v -2.6 1.5 -3.1
v -2.5 1.5 -3.1
v -1.5 1.5 -3.1
v -1.3 1.5 -3.1
v -4.3 1.5 -3.2
v -4.1 1.5 -3.2
v -3.5 1.5 -3.2
v -3.4 1.5 -3.2
v -1.5 1.5 -3.2
v -1.3 1.5 -3.2
v -5 1.5 -3.3
v -4.9 1.5 -3.3
v -4.7 1.5 -3.3
v -4.6 1.5 -3.3
v -3.5 1.5 -3.3
v -3.4 1.5 -3.3
v -2.6 1.5 -3.3
v -2.5 1.5 -3.3
v -1.7 1.5 -3.3
v -1.6 1.5 -3.3
v -1.2 1.5 -3.3
v -1.1 1.5 -3.3
v -5 1.5 -3.4
v -4.9 1.5 -3.4
v -4.7 1.5 -3.4
v -4.6 1.5 -3.4
v -1.7 1.5 -3.4
v -1.6 1.5 -3.4
v -1.2 1.5 -3.4
v -1.1 1.5 -3.4
v -4.8 1.5 -3.5
v -4.7 1.5 -3.5
v -2.6 1.5 -3.5
v -2.5 1.5 -3.5
v -1.9 1.5 -3.5
v -1.8 1.5 -3.5
v -1 1.5 -3.5
v -0.9 1.5 -3.5
v -0.3 1.5 -3.5
v -0.2 1.5 -3.5
v -4.7 1.5 -3.6
v -4.6 1.5 -3.6
v -3.1 1.5 -3.6
v -2.9 1.5 -3.6
v -2.5 1.5 -3.6
v -0.3 1.5 -3.6
v 0.2 1.5 -3.6
v 0.4 1.5 -3.6
v -4.8 1.5 -3.7
v -4.7 1.5 -3.7
v -4.6 1.5 -3.7
v -3.1 1.5 -3.7
v -2.9 1.5 -3.7
v -2.6 1.5 -3.7
v -2.5 1.5 -3.7
v -1.9 1.5 -3.7
v -1.8 1.5 -3.7
v -1 1.5 -3.7
v -0.9 1.5 -3.7
v -0.3 1.5 -3.7
v -0.2 1.5 -3.7
v 0.2 1.5 -3.7
v 0.4 1.5 -3.7
v -4.8 1.5 -3.8
v -4.7 1.5 -3.8
v -1.7 1.5 -3.8
v -1.6 1.5 -3.8
v -1.2 1.5 -3.8
v -1.1 1.5 -3.8
v -4.8 1.5 -3.9
v -4.7 1.5 -3.9
v -1.7 1.5 -3.9
v -1.6 1.5 -3.9
v -1.2 1.5 -3.9
v -1.1 1.5 -3.9
v -1.5 1.5 -4
v -1.3 1.5 -4
v -1.5 1.5 -4.1
v -1.3 1.5 -4.1
v -4.3 1.5 -4.2
v -4.2 1.5 -4.2
v -5.2 1.5 -4.3
v -5.1 1.5 -4.3
v 0.2 1.5 -4.3
v 0.4 1.5 -4.3
v -5.2 1.5 -4.4
v -5.1 1.5 -4.4
v -4.3 1.5 -4.4
v -4.2 1.5 -4.4
v -3 1.5 -4.4
v -2.9 1.5 -4.4
v 0.2 1.5 -4.4
v 0.4 1.5 -4.4
v -2.9 1.5 -4.5
v 0 1.5 -4.5
v 0.0999999 1.5 -4.5
v 0.5 1.5 -4.5
v 0.6 1.5 -4.5
v -3 1.5 -4.6
v -2.9 1.5 -4.6
v 0 1.5 -4.6
v 0.0999999 1.5 -4.6
v 0.5 1.5 -4.6
v 0.6 1.5 -4.6
v -4.8 1.5 -4.7
v -4.6 1.5 -4.7
v -1.5 1.5 -4.7
v -1.4 1.5 -4.7
v -1.3 1.5 -4.7
v -0.9 1.5 -4.7
v -0.8 1.5 -4.7
v -0.2 1.5 -4.7
v -0.0999999 1.5 -4.7
v 0.7 1.5 -4.7
v 0.8 1.5 -4.7
v 1.4 1.5 -4.7
v 1.5 1.5 -4.7
v -4.8 1.5 -4.8
v -4.6 1.5 -4.8
v -3.3 1.5 -4.8
v -3.2 1.5 -4.8
v -3 1.5 -4.8
v -2.9 1.5 -4.8
v -1.5 1.5 -4.8
v -1.4 1.5 -4.8
v -1.3 1.5 -4.8
v -3.3 1.5 -4.9
v -3.2 1.5 -4.9
v -3 1.5 -4.9
v -2.9 1.5 -4.9
v -0.9 1.5 -4.9
v -0.8 1.5 -4.9
v -0.2 1.5 -4.9
v -0.0999999 1.5 -4.9
v 0.7 1.5 -4.9
v 0.8 1.5 -4.9
v 1.4 1.5 -4.9
v 1.5 1.5 -4.9
v -3.1 1.5 -5
v -3 1.5 -5
v 0 1.5 -5
v 0.0999999 1.5 -5
v 0.5 1.5 -5
v 0.6 1.5 -5
v -3 1.5 -5.1
v -2.9 1.5 -5.1
v 0 1.5 -5.1
v 0.0999999 1.5 -5.1
v 0.5 1.5 -5.1
v 0.6 1.5 -5.1
v -3.1 1.5 -5.2
v -3 1.5 -5.2
v -2.9 1.5 -5.2
v 0.2 1.5 -5.2
v 0.4 1.5 -5.2
v 0.2 1.5 -5.3
v 0.4 1.5 -5.3
v 0.2 1.5 -5.9
v 0.4 1.5 -5.9
v 0.2 1.5 -6
v 0.4 1.5 -6
v -2 1.6 1.1
v -1.8 1.6 1.1
v -4.9 1.6 1
v -4.7 1.6 1
v -2 1.6 1
v -1.9 1.6 1
v -1.8 1.6 1
v -4.8 1.6 0.9
v -4.7 1.6 0.9
v -4.9 1.6 0.8
v -4.8 1.6 0.8
v -2 1.6 0.6
v -1.8 1.6 0.6
v -5.5 1.6 0.5
v -5.4 1.6 0.5
v -5.3 1.6 0.5
v -4.9 1.6 0.5
v -4.8 1.6 0.5
v -2 1.6 0.5
v -1.8 1.6 0.5
v -5.5 1.6 0.4
v -5.3 1.6 0.4
v -4.9 1.6 0.4
v -4.8 1.6 0.4
v 0.2 1.6 0.4
v 0.4 1.6 0.4
v 0.3 1.6 0.3
v 0.4 1.6 0.3
v 0.2 1.6 0.2
v 0.3 1.6 0.2
v -5 1.6 0.1
v -4.9 1.6 0.1
v -3 1.6 0.1
v -2.9 1.6 0.1
v -2.5 1.6 0.1
v -2.4 1.6 0.1
v -1.4 1.6 0.1
v -1.3 1.6 0.1
v -0.9 1.6 0.1
v -0.8 1.6 0.1
v -4.9 1.6 1.19209e-07
v -4.8 1.6 1.19209e-07
v -5 1.6 -0.0999998
v -4.8 1.6 -0.0999998
v -3 1.6 -0.0999998
v -2.9 1.6 -0.0999998
v -2.5 1.6 -0.0999998
v -2.4 1.6 -0.0999998
v -1.4 1.6 -0.0999998
v -1.3 1.6 -0.0999998
v -0.9 1.6 -0.0999998
v -0.8 1.6 -0.0999998
v -0.4 1.6 -0.0999998
v -0.3 1.6 -0.0999998
v -0.2 1.6 -0.0999998
v 0.2 1.6 -0.0999998
v 0.3 1.6 -0.0999998
v -0.4 1.6 -0.2
v -0.2 1.6 -0.2
v 0.2 1.6 -0.2
v 0.3 1.6 -0.2
v -2 1.6 -0.5
v -1.8 1.6 -0.5
v 0.0999999 1.6 -0.5
v 0.2 1.6 -0.5
v -2 1.6 -0.6
v -1.8 1.6 -0.6
v 0.2 1.6 -0.6
v 0.3 1.6 -0.6
v 0.0999999 1.6 -0.7
v 0.3 1.6 -0.7
v -4.3 1.6 -0.9
v -4.1 1.6 -0.9
v -4.3 1.6 -1
v -4.2 1.6 -1
v -4.1 1.6 -1
v -2 1.6 -1
v -1.8 1.6 -1
v -2 1.6 -1.1
v -1.8 1.6 -1.1
v -4.3 1.6 -1.4
v -4.1 1.6 -1.4
v -4.3 1.6 -1.5
v -4.1 1.6 -1.5
v -5.3 1.6 -1.9
v -5.2 1.6 -1.9
v -4.8 1.6 -1.9
v -4.7 1.6 -1.9
v -3.7 1.6 -1.9
v -3.6 1.6 -1.9
v -3.2 1.6 -1.9
v -3.1 1.6 -1.9
v -5.3 1.6 -2.1
v -5.2 1.6 -2.1
v -4.8 1.6 -2.1
v -4.7 1.6 -2.1
v -3.7 1.6 -2.1
v -3.6 1.6 -2.1
v -3.2 1.6 -2.1
v -3.1 1.6 -2.1
v -4.3 1.6 -2.5
v -4.1 1.6 -2.5
v -1.5 1.6 -2.5
v -1.3 1.6 -2.5
v -4.3 1.6 -2.6
v -4.1 1.6 -2.6
v -1.5 1.6 -2.6
v -1.4 1.6 -2.6
v -1.3 1.6 -2.6
v -4.6 1.6 -2.8
v -4.4 1.6 -2.8
v -4.5 1.6 -2.9
v -4.4 1.6 -2.9
v -4.6 1.6 -3
v -4.5 1.6 -3
v -4.3 1.6 -3
v -4.1 1.6 -3
v -1.5 1.6 -3
v -1.3 1.6 -3
v -4.3 1.6 -3.1
v -4.1 1.6 -3.1
v -1.5 1.6 -3.1
v -1.3 1.6 -3.1
v -5.2 1.6 -3.3
v -5 1.6 -3.3
v -4.6 1.6 -3.3
v -4.5 1.6 -3.3
v -5.2 1.6 -3.4
v -5 1.6 -3.4
v -4.6 1.6 -3.4
v -4.5 1.6 -3.4
v -2.5 1.6 -3.5
v -2.4 1.6 -3.5
v -2 1.6 -3.5
v -1.9 1.6 -3.5
v -0.9 1.6 -3.5
v -0.8 1.6 -3.5
v -0.4 1.6 -3.5
v -0.3 1.6 -3.5
v -2.5 1.6 -3.6
v -2.4 1.6 -3.6
v -0.4 1.6 -3.6
v -0.3 1.6 -3.6
v -4.7 1.6 -3.7
v -4.6 1.6 -3.7
v -2.5 1.6 -3.7
v -2.4 1.6 -3.7
v -2 1.6 -3.7
v -1.9 1.6 -3.7
v -0.9 1.6 -3.7
v -0.8 1.6 -3.7
v -0.4 1.6 -3.7
v -0.3 1.6 -3.7
v 0.2 1.6 -3.7
v 0.4 1.6 -3.7
v -4.6 1.6 -3.8
v -4.5 1.6 -3.8
v 0.2 1.6 -3.8
v 0.3 1.6 -3.8
v 0.4 1.6 -3.8
v -4.7 1.6 -3.9
v -4.5 1.6 -3.9
v -1.5 1.6 -4.1
v -1.3 1.6 -4.1
v -1.5 1.6 -4.2
v -1.3 1.6 -4.2
v 0.2 1.6 -4.2
v 0.4 1.6 -4.2
v -2.9 1.6 -4.3
v -2.7 1.6 -4.3
v 0.2 1.6 -4.3
v 0.4 1.6 -4.3
v -2.8 1.6 -4.4
v -2.7 1.6 -4.4
v -2.9 1.6 -4.5
v -2.8 1.6 -4.5
v -1.5 1.6 -4.6
v -1.4 1.6 -4.6
v -1.3 1.6 -4.6
v -1.5 1.6 -4.7
v -1.3 1.6 -4.7
v -0.8 1.6 -4.7
v -0.7 1.6 -4.7
v -0.3 1.6 -4.7
v -0.2 1.6 -4.7
v 0.8 1.6 -4.7
v 0.9 1.6 -4.7
v 1.3 1.6 -4.7
v 1.4 1.6 -4.7
v -3.5 1.6 -4.8
v -3.4 1.6 -4.8
v -3.3 1.6 -4.8
v -2.9 1.6 -4.8
v -2.8 1.6 -4.8
v -3.5 1.6 -4.9
v -3.3 1.6 -4.9
v -2.9 1.6 -4.9
v -2.8 1.6 -4.9
v -0.8 1.6 -4.9
v -0.7 1.6 -4.9
v -0.3 1.6 -4.9
v -0.2 1.6 -4.9
v 0.8 1.6 -4.9
v 0.9 1.6 -4.9
v 1.3 1.6 -4.9
v 1.4 1.6 -4.9
v -3 1.6 -5.2
v -2.9 1.6 -5.2
v -2.9 1.6 -5.3
v -2.8 1.6 -5.3
v 0.2 1.6 -5.3
v 0.4 1.6 -5.3
v -3 1.6 -5.4
v -2.8 1.6 -5.4
v 0.2 1.6 -5.4
v 0.4 1.6 -5.4
v 0.2 1.6 -5.8
v 0.4 1.6 -5.8
v 0.2 1.6 -5.9
v 0.4 1.6 -5.9
v -2 1.7 1
v -1.9 1.7 1
v -1.8 1.7 1
v -2 1.7 0.9
v -1.9 1.7 0.9
v -1.8 1.7 0.9
v -2 1.7 0.7
v -1.8 1.7 0.7
v -5.6 1.7 0.6
v -5.4 1.7 0.6
v -2 1.7 0.6
v -1.8 1.7 0.6
v -5.6 1.7 0.5
v -5.4 1.7 0.5
v -4.8 1.7 0.5
v -4.7 1.7 0.5
v -4.8 1.7 0.4
v -4.7 1.7 0.4
v -2.9 1.7 0.1
v -2.8 1.7 0.1
v -2.6 1.7 0.1
v -2.5 1.7 0.1
v -1.3 1.7 0.1
v -1.2 1.7 0.1
v -1 1.7 0.1
v -0.9 1.7 0.1
v -2.8 1.7 1.19209e-07
v -1 1.7 1.19209e-07
v -0.5 1.7 1.19209e-07
v -0.3 1.7 1.19209e-07
v -2.9 1.7 -0.0999998
v -2.8 1.7 -0.0999998
v -2.6 1.7 -0.0999998
v -2.5 1.7 -0.0999998
v -1.3 1.7 -0.0999998
v -1.2 1.7 -0.0999998
v -1 1.7 -0.0999998
v -0.9 1.7 -0.0999998
v -0.5 1.7 -0.0999998
v -0.3 1.7 -0.0999998
v 0.3 1.7 -0.0999998
v 0.4 1.7 -0.0999998
v 0.3 1.7 -0.2
v 0.4 1.7 -0.2
v -2 1.7 -0.6
v -1.8 1.7 -0.6
v -2 1.7 -0.7
v -1.8 1.7 -0.7
v -2 1.7 -0.9
v -1.9 1.7 -0.9
v -1.8 1.7 -0.9
v -4.3 1.7 -1
v -4.2 1.7 -1
v -4.1 1.7 -1
v -2 1.7 -1
v -1.8 1.7 -1
v -4.3 1.7 -1.1
v -4.2 1.7 -1.1
v -4.1 1.7 -1.1
v -4.3 1.7 -1.3
v -4.1 1.7 -1.3
v -4.3 1.7 -1.4
v -4.1 1.7 -1.4
v -5.2 1.7 -1.9
v -5.1 1.7 -1.9
v -4.9 1.7 -1.9
v -4.8 1.7 -1.9
v -3.6 1.7 -1.9
v -3.5 1.7 -1.9
v -3.3 1.7 -1.9
v -3.2 1.7 -1.9
v -5.1 1.7 -2
v -3.3 1.7 -2
v -5.2 1.7 -2.1
v -5.1 1.7 -2.1
v -4.9 1.7 -2.1
v -4.8 1.7 -2.1
v -3.6 1.7 -2.1
v -3.5 1.7 -2.1
v -3.3 1.7 -2.1
v -3.2 1.7 -2.1
v -4.3 1.7 -2.6
v -4.1 1.7 -2.6
v -1.5 1.7 -2.6
v -1.4 1.7 -2.6
v -1.3 1.7 -2.6
v -4.3 1.7 -2.7
v -4.1 1.7 -2.7
v -1.5 1.7 -2.7
v -1.4 1.7 -2.7
v -1.3 1.7 -2.7
v -4.3 1.7 -2.9
v -4.2 1.7 -2.9
v -4.1 1.7 -2.9
v -1.5 1.7 -2.9
v -1.3 1.7 -2.9
v -4.3 1.7 -3
v -4.1 1.7 -3
v -1.5 1.7 -3
v -1.3 1.7 -3
v -5.3 1.7 -3.2
v -5.2 1.7 -3.2
v -5.3 1.7 -3.3
v -5.2 1.7 -3.3
v -4.5 1.7 -3.3
v -4.4 1.7 -3.3
v -4.5 1.7 -3.4
v -4.4 1.7 -3.4
v -2.4 1.7 -3.5
v -2.3 1.7 -3.5
v -2.1 1.7 -3.5
v -2 1.7 -3.5
v -0.8 1.7 -3.5
v -0.7 1.7 -3.5
v -0.5 1.7 -3.5
v -0.4 1.7 -3.5
v -2.3 1.7 -3.6
v -0.5 1.7 -3.6
v -0.4 1.7 -3.6
v -2.4 1.7 -3.7
v -2.3 1.7 -3.7
v -2.1 1.7 -3.7
v -2 1.7 -3.7
v -0.8 1.7 -3.7
v -0.7 1.7 -3.7
v -0.5 1.7 -3.7
v -0.4 1.7 -3.7
v 0.2 1.7 -3.8
v 0.3 1.7 -3.8
v 0.4 1.7 -3.8
v 0.2 1.7 -3.9
v 0.3 1.7 -3.9
v 0.4 1.7 -3.9
v 0.2 1.7 -4.1
v 0.4 1.7 -4.1
v -1.5 1.7 -4.2
v -1.3 1.7 -4.2
v 0.2 1.7 -4.2
v 0.4 1.7 -4.2
v -1.5 1.7 -4.3
v -1.3 1.7 -4.3
v -1.5 1.7 -4.5
v -1.4 1.7 -4.5
v -1.3 1.7 -4.5
v -1.5 1.7 -4.6
v -1.4 1.7 -4.6
v -1.3 1.7 -4.6
v -3.6 1.7 -4.7
v -3.4 1.7 -4.7
v -0.7 1.7 -4.7
v -0.6 1.7 -4.7
v -0.4 1.7 -4.7
v -0.3 1.7 -4.7
v 0.9 1.7 -4.7
v 1 1.7 -4.7
v 1.2 1.7 -4.7
v 1.3 1.7 -4.7
v -3.6 1.7 -4.8
v -3.4 1.7 -4.8
v -2.8 1.7 -4.8
v -2.7 1.7 -4.8
v -0.6 1.7 -4.8
v 1.2 1.7 -4.8
v -2.8 1.7 -4.9
v -2.7 1.7 -4.9
v -0.7 1.7 -4.9
v -0.6 1.7 -4.9
v -0.4 1.7 -4.9
v -0.3 1.7 -4.9
v 0.9 1.7 -4.9
v 1 1.7 -4.9
v 1.2 1.7 -4.9
v 1.3 1.7 -4.9
v 0.2 1.7 -5.4
v 0.4 1.7 -5.4
v 0.2 1.7 -5.5
v 0.4 1.7 -5.5
v 0.2 1.7 -5.7
v 0.3 1.7 -5.7
v 0.4 1.7 -5.7
v 0.2 1.7 -5.8
v 0.4 1.7 -5.8
v -2 1.8 0.9
v -1.8 1.8 0.9
v -2 1.8 0.7
v -1.8 1.8 0.7
v -4.7 1.8 0.6
v -4.6 1.8 0.6
v -4.6 1.8 0.5
v -4.7 1.8 0.4
v -4.6 1.8 0.4
v -2.8 1.8 0.1
v -2.7 1.8 0.1
v -2.6 1.8 0.1
v -1.2 1.8 0.1
v -1 1.8 0.1
v -2.8 1.8 1.19209e-07
v -2.7 1.8 1.19209e-07
v -1.1 1.8 1.19209e-07
v -1 1.8 1.19209e-07
v 0.4 1.8 1.19209e-07
v 0.5 1.8 1.19209e-07
v -2.8 1.8 -0.0999998
v -2.6 1.8 -0.0999998
v -1.2 1.8 -0.0999998
v -1.1 1.8 -0.0999998
v -1 1.8 -0.0999998
v 0.5 1.8 -0.0999998
v 0.4 1.8 -0.2
v 0.5 1.8 -0.2
v -2 1.8 -0.7
v -1.8 1.8 -0.7
v -1.9 1.8 -0.8
v -1.8 1.8 -0.8
v -2 1.8 -0.9
v -1.9 1.8 -0.9
v -1.8 1.8 -0.9
v -4.2 1.8 -1.1
v -4.1 1.8 -1.1
v -2.5 1.8 -1.2
v -2.3 1.8 -1.2
v -4.2 1.8 -1.3
v -4.1 1.8 -1.3
v -2.6 1.8 -1.3
v -2.5 1.8 -1.3
v -2.3 1.8 -1.3
v -2.2 1.8 -1.3
v -2.6 1.8 -1.5
v -2.5 1.8 -1.5
v -2.3 1.8 -1.5
v -2.2 1.8 -1.5
v -2.5 1.8 -1.6
v -2.3 1.8 -1.6
v -5.1 1.8 -1.9
v -5 1.8 -1.9
v -4.9 1.8 -1.9
v -3.5 1.8 -1.9
v -3.3 1.8 -1.9
v -5.1 1.8 -2
v -5 1.8 -2
v -3.4 1.8 -2
v -3.3 1.8 -2
v -5.1 1.8 -2.1
v -4.9 1.8 -2.1
v -3.5 1.8 -2.1
v -3.4 1.8 -2.1
v -3.3 1.8 -2.1
v -4.3 1.8 -2.7
v -4.1 1.8 -2.7
v -1.5 1.8 -2.7
v -1.3 1.8 -2.7
v -4.2 1.8 -2.8
v -4.1 1.8 -2.8
v -4.3 1.8 -2.9
v -4.2 1.8 -2.9
v -4.1 1.8 -2.9
v -1.5 1.8 -2.9
v -1.3 1.8 -2.9
v -4.4 1.8 -3.2
v -4.3 1.8 -3.2
v -4.3 1.8 -3.3
v -4.4 1.8 -3.4
v -4.3 1.8 -3.4
v -2.3 1.8 -3.5
v -2.2 1.8 -3.5
v -2.1 1.8 -3.5
v -0.7 1.8 -3.5
v -0.5 1.8 -3.5
v -2.3 1.8 -3.6
v -2.2 1.8 -3.6
v -0.6 1.8 -3.6
v -0.5 1.8 -3.6
v -2.3 1.8 -3.7
v -2.1 1.8 -3.7
v -0.7 1.8 -3.7
v -0.6 1.8 -3.7
v -0.5 1.8 -3.7
v 0.2 1.8 -3.9
v 0.4 1.8 -3.9
v 0.2 1.8 -4.1
v 0.4 1.8 -4.1
v -1.5 1.8 -4.3
v -1.3 1.8 -4.3
v -1.4 1.8 -4.4
v -1.3 1.8 -4.4
v -1.5 1.8 -4.5
v -1.4 1.8 -4.5
v -1.3 1.8 -4.5
v -2.7 1.8 -4.7
v -2.6 1.8 -4.7
v -0.6 1.8 -4.7
v -0.5 1.8 -4.7
v -0.4 1.8 -4.7
v 1 1.8 -4.7
v 1.2 1.8 -4.7
v -2.6 1.8 -4.8
v -0.6 1.8 -4.8
v -0.5 1.8 -4.8
v 1.1 1.8 -4.8
v 1.2 1.8 -4.8
v -2.7 1.8 -4.9
v -2.6 1.8 -4.9
v -0.6 1.8 -4.9
v -0.4 1.8 -4.9
v 1 1.8 -4.9
v 1.1 1.8 -4.9
v 1.2 1.8 -4.9
v 0.2 1.8 -5.5
v 0.4 1.8 -5.5
v 0.3 1.8 -5.6
v 0.4 1.8 -5.6
v 0.2 1.8 -5.7
v 0.3 1.8 -5.7
v 0.4 1.8 -5.7
v -1.2 1.9 1.5
v -1 1.9 1.5
v -1.2 1.9 1.4
v -1 1.9 1.4
v -1.2 1.9 1.1
v -1 1.9 1.1
v -1.7 1.9 1
v -1.6 1.9 1
v -1.3 1.9 1
v -1.2 1.9 1
v -1 1.9 1
v -0.9 1.9 1
v -0.6 1.9 1
v -0.5 1.9 1
v -1.7 1.9 0.8
v -1.6 1.9 0.8
v -1.3 1.9 0.8
v -1.2 1.9 0.8
v -1 1.9 0.8
v -0.9 1.9 0.8
v -0.6 1.9 0.8
v -0.5 1.9 0.8
v -1.2 1.9 0.7
v -1 1.9 0.7
v -4.6 1.9 0.6
v -4.5 1.9 0.6
v -4.6 1.9 0.5
v -4.5 1.9 0.5
v -1.1 1.9 0.4
v -1 1.9 0.4
v -1.1 1.9 0.3
v -1 1.9 0.3
v 0.5 1.9 1.19209e-07
v 0.6 1.9 1.19209e-07
v 0.5 1.9 -0.0999998
v 0.6 1.9 -0.0999998
v -3.9 1.9 -0.6
v -3.7 1.9 -0.6
v -3.9 1.9 -0.7
v -3.7 1.9 -0.7
v -3.9 1.9 -1
v -3.7 1.9 -1
v -4.4 1.9 -1.1
v -4.3 1.9 -1.1
v -4 1.9 -1.1
v -3.9 1.9 -1.1
v -3.7 1.9 -1.1
v -3.6 1.9 -1.1
v -3.3 1.9 -1.1
v -3.2 1.9 -1.1
v -2.5 1.9 -1.1
v -2.3 1.9 -1.1
v -2.5 1.9 -1.2
v -2.3 1.9 -1.2
v -4.4 1.9 -1.3
v -4.3 1.9 -1.3
v -4 1.9 -1.3
v -3.9 1.9 -1.3
v -3.7 1.9 -1.3
v -3.6 1.9 -1.3
v -3.3 1.9 -1.3
v -3.2 1.9 -1.3
v -2.7 1.9 -1.3
v -2.6 1.9 -1.3
v -2.2 1.9 -1.3
v -2.1 1.9 -1.3
v -3.9 1.9 -1.4
v -3.7 1.9 -1.4
v -2.7 1.9 -1.5
v -2.6 1.9 -1.5
v -2.2 1.9 -1.5
v -2.1 1.9 -1.5
v -2.5 1.9 -1.6
v -2.3 1.9 -1.6
v -3.8 1.9 -1.7
v -3.7 1.9 -1.7
v -2.5 1.9 -1.7
v -2.3 1.9 -1.7
v -3.8 1.9 -1.8
v -3.7 1.9 -1.8
v -4.3 1.9 -3.2
v -4.2 1.9 -3.2
v -4.3 1.9 -3.3
v -4.2 1.9 -3.3
v -2.6 1.9 -4.7
v -2.5 1.9 -4.7
v -2.6 1.9 -4.8
v -2.5 1.9 -4.8
v -1.2 2 1.4
v -1 2 1.4
v -1.2 2 1.1
v -1 2 1.1
v -1.6 2 1
v -1.3 2 1
v -0.9 2 1
v -0.6 2 1
v -1.6 2 0.9
v -1.5 2 0.9
v -4.6 2 0.8
v -4.5 2 0.8
v -1.5 2 0.8
v -1.3 2 0.8
v -0.9 2 0.8
v -0.6 2 0.8
v -1.2 2 0.7
v -1 2 0.7
v -4.6 2 0.6
v -4.5 2 0.6
v -1.1 2 0.6
v -1 2 0.6
v -0.9 2 0.6
v -1.1 2 0.5
v -1 2 0.5
v -0.9 2 0.5
v -1.2 2 0.4
v -1.1 2 0.4
v -1 2 0.4
v -1.2 2 0.3
v -1.1 2 0.3
v 0.5 2 0.2
v 0.6 2 0.2
v 0.5 2 1.19209e-07
v 0.6 2 1.19209e-07
v -3.9 2 -0.7
v -3.7 2 -0.7
v -3.9 2 -1
v -3.7 2 -1
v -2.8 2 -1
v -2.7 2 -1
v -2.5 2 -1
v -2.3 2 -1
v -2.1 2 -1
v -2 2 -1
v -4.3 2 -1.1
v -4 2 -1.1
v -3.6 2 -1.1
v -3.3 2 -1.1
v -2.8 2 -1.1
v -2.7 2 -1.1
v -2.5 2 -1.1
v -2.3 2 -1.1
v -2.1 2 -1.1
v -2 2 -1.1
v -4.3 2 -1.2
v -4.2 2 -1.2
v -2.6 2 -1.2
v -2.5 2 -1.2
v -2.3 2 -1.2
v -2.2 2 -1.2
v -4.2 2 -1.3
v -4 2 -1.3
v -3.6 2 -1.3
v -3.3 2 -1.3
v -2.8 2 -1.3
v -2.7 2 -1.3
v -2.6 2 -1.3
v -2.5 2 -1.3
v -2.3 2 -1.3
v -2.2 2 -1.3
v -2.1 2 -1.3
v -2 2 -1.3
v -3.9 2 -1.4
v -3.7 2 -1.4
v -3.8 2 -1.5
v -3.7 2 -1.5
v -3.6 2 -1.5
v -2.8 2 -1.5
v -2.7 2 -1.5
v -2.6 2 -1.5
v -2.5 2 -1.5
v -2.3 2 -1.5
v -2.2 2 -1.5
v -2.1 2 -1.5
v -2 2 -1.5
v -1.9 2 -1.5
v -3.8 2 -1.6
v -3.7 2 -1.6
v -3.6 2 -1.6
v -2.6 2 -1.6
v -2.5 2 -1.6
v -2.3 2 -1.6
v -2.2 2 -1.6
v -2 2 -1.6
v -1.9 2 -1.6
v -3.9 2 -1.7
v -3.8 2 -1.7
v -3.7 2 -1.7
v -2.8 2 -1.7
v -2.7 2 -1.7
v -2.5 2 -1.7
v -2.3 2 -1.7
v -2.2 2 -1.7
v -2.1 2 -1.7
v -2 2 -1.7
v -3.9 2 -1.8
v -3.8 2 -1.8
v -2.8 2 -1.8
v -2.7 2 -1.8
v -2.5 2 -1.8
v -2.3 2 -1.8
v -2.2 2 -1.8
v -2.1 2 -1.8
v -2 2 -1.8
v -4.3 2 -3
v -4.2 2 -3
v -4.3 2 -3.2
v -4.2 2 -3.2
v -1.5 2 -3.4
v -1.3 2 -3.4
v -1.6 2 -3.5
v -1.5 2 -3.5
v -1.3 2 -3.5
v -1.2 2 -3.5
v -1.6 2 -3.7
v -1.5 2 -3.7
v -1.3 2 -3.7
v -1.2 2 -3.7
v -1.5 2 -3.8
v -1.3 2 -3.8
v -2.6 2 -4.5
v -2.5 2 -4.5
v -2.6 2 -4.7
v -2.5 2 -4.7
v -1.6 2.1 0.9
v -1.5 2.1 0.9
v -1.6 2.1 0.8
v -1.5 2.1 0.8
v -1.1 2.1 0.6
v -1 2.1 0.6
v -1.1 2.1 0.5
v -1 2.1 0.5
v -2.5 2.1 -0.9
v -2.3 2.1 -0.9
v -2.5 2.1 -1
v -2.3 2.1 -1
v -2.7 2.1 -1.1
v -2.6 2.1 -1.1
v -2.2 2.1 -1.1
v -2.1 2.1 -1.1
v -4.3 2.1 -1.2
v -4.2 2.1 -1.2
v -2.9 2.1 -1.2
v -2.8 2.1 -1.2
v -2.7 2.1 -1.2
v -2.6 2.1 -1.2
v -2.2 2.1 -1.2
v -2.1 2.1 -1.2
v -4.3 2.1 -1.3
v -4.2 2.1 -1.3
v -2.9 2.1 -1.3
v -2.8 2.1 -1.3
v -2 2.1 -1.3
v -1.9 2.1 -1.3
v -3.8 2.1 -1.5
v -3.7 2.1 -1.5
v -2.9 2.1 -1.5
v -2.8 2.1 -1.5
v -2 2.1 -1.5
v -1.9 2.1 -1.5
v -3.8 2.1 -1.6
v -3.7 2.1 -1.6
v -2.7 2.1 -1.6
v -2.6 2.1 -1.6
v -2.2 2.1 -1.6
v -2.1 2.1 -1.6
v -2.7 2.1 -1.7
v -2.6 2.1 -1.7
v -2.2 2.1 -1.7
v -2.1 2.1 -1.7
v -2.5 2.1 -1.8
v -2.3 2.1 -1.8
v -2.5 2.1 -1.9
v -2.3 2.1 -1.9
v -1.5 2.1 -3.3
v -1.3 2.1 -3.3
v -1.5 2.1 -3.4
v -1.3 2.1 -3.4
v -1.7 2.1 -3.5
v -1.6 2.1 -3.5
v -1.2 2.1 -3.5
v -1.1 2.1 -3.5
v -1.7 2.1 -3.7
v -1.6 2.1 -3.7
v -1.2 2.1 -3.7
v -1.1 2.1 -3.7
v -1.5 2.1 -3.8
v -1.3 2.1 -3.8
v -1.5 2.1 -3.9
v -1.3 2.1 -3.9
v -2.6 2.2 -0.7
v -2.5 2.2 -0.7
v -2.6 2.2 -0.8
v -2.5 2.2 -0.8
v -2.3 2.2 -0.8
v -2.5 2.2 -0.9
v -2.3 2.2 -0.9
v -3 2.2 -1.2
v -2.9 2.2 -1.2
v -1.8 2.2 -1.2
v -1.7 2.2 -1.2
v -3 2.2 -1.3
v -2.9 2.2 -1.3
v -1.9 2.2 -1.3
v -1.8 2.2 -1.3
v -1.7 2.2 -1.3
v -3 2.2 -1.5
v -2.9 2.2 -1.5
v -1.9 2.2 -1.5
v -1.8 2.2 -1.5
v -2.5 2.2 -1.9
v -2.3 2.2 -1.9
v -2.5 2.2 -2
v -2.3 2.2 -2
v -1.8 2.2 -3.2
v -1.7 2.2 -3.2
v -1.5 2.2 -3.2
v -1.3 2.2 -3.2
v -1.1 2.2 -3.2
v -1 2.2 -3.2
v -1.8 2.2 -3.3
v -1.7 2.2 -3.3
v -1.5 2.2 -3.3
v -1.3 2.2 -3.3
v -1.1 2.2 -3.3
v -1 2.2 -3.3
v -1.6 2.2 -3.4
v -1.5 2.2 -3.4
v -1.3 2.2 -3.4
v -1.2 2.2 -3.4
v -1.8 2.2 -3.5
v -1.7 2.2 -3.5
v -1.6 2.2 -3.5
v -1.5 2.2 -3.5
v -1.3 2.2 -3.5
v -1.2 2.2 -3.5
v -1.1 2.2 -3.5
v -1 2.2 -3.5
v -1.8 2.2 -3.7
v -1.7 2.2 -3.7
v -1.6 2.2 -3.7
v -1.5 2.2 -3.7
v -1.3 2.2 -3.7
v -1.2 2.2 -3.7
v -1.1 2.2 -3.7
v -1 2.2 -3.7
v -1.6 2.2 -3.8
v -1.5 2.2 -3.8
v -1.3 2.2 -3.8
v -1.2 2.2 -3.8
v -1.8 2.2 -3.9
v -1.7 2.2 -3.9
v -1.5 2.2 -3.9
v -1.3 2.2 -3.9
v -1.1 2.2 -3.9
v -1 2.2 -3.9
v -1.8 2.2 -4
v -1.7 2.2 -4
v -1.5 2.2 -4
v -1.3 2.2 -4
v -1.1 2.2 -4
v -1 2.2 -4
v -2.5 2.3 -0.3
v -2.4 2.3 -0.3
v -2.6 2.3 -0.4
v -2.5 2.3 -0.4
v -2.4 2.3 -0.4
v -2.5 2.3 -0.5
v -2.6 2.3 -0.7
v -2.5 2.3 -0.7
v -2.4 2.3 -0.7
v -2.5 2.3 -0.8
v -2.4 2.3 -0.8
v -1.7 2.3 -1.2
v -1.6 2.3 -1.2
v -3.3 2.3 -1.3
v -3.2 2.3 -1.3
v -3.1 2.3 -1.3
v -3 2.3 -1.3
v -1.8 2.3 -1.3
v -1.7 2.3 -1.3
v -1.6 2.3 -1.3
v -3.3 2.3 -1.4
v -3.2 2.3 -1.4
v -3.1 2.3 -1.5
v -3 2.3 -1.5
v -1.8 2.3 -1.5
v -1.7 2.3 -1.5
v -2.5 2.3 -2
v -2.3 2.3 -2
v -2.5 2.3 -2.1
v -2.3 2.3 -2.1
v -2.5 2.3 -2.3
v -2.4 2.3 -2.3
v -2.5 2.3 -2.4
v -2.4 2.3 -2.4
v -1.5 2.3 -2.4
v -1.4 2.3 -2.4
v -1.3 2.3 -2.4
v -1.5 2.3 -2.5
v -1.4 2.3 -2.5
v -1.3 2.3 -2.5
v -1.5 2.3 -3.1
v -1.3 2.3 -3.1
v -1.5 2.3 -3.2
v -1.3 2.3 -3.2
v -1.7 2.3 -3.3
v -1.6 2.3 -3.3
v -1.2 2.3 -3.3
v -1.1 2.3 -3.3
v -1.7 2.3 -3.4
v -1.6 2.3 -3.4
v -1.2 2.3 -3.4
v -1.1 2.3 -3.4
v -2.6 2.3 -3.5
v -2.5 2.3 -3.5
v -1.9 2.3 -3.5
v -1.8 2.3 -3.5
v -1 2.3 -3.5
v -0.9 2.3 -3.5
v -0.3 2.3 -3.5
v -0.2 2.3 -3.5
v -0.3 2.3 -3.6
v -0.2 2.3 -3.6
v -2.6 2.3 -3.7
v -2.5 2.3 -3.7
v -1.9 2.3 -3.7
v -1.8 2.3 -3.7
v -1 2.3 -3.7
v -0.9 2.3 -3.7
v -0.3 2.3 -3.7
v -0.2 2.3 -3.7
v -1.7 2.3 -3.8
v -1.6 2.3 -3.8
v -1.2 2.3 -3.8
v -1.1 2.3 -3.8
v -1.7 2.3 -3.9
v -1.6 2.3 -3.9
v -1.2 2.3 -3.9
v -1.1 2.3 -3.9
v -1.5 2.3 -4
v -1.3 2.3 -4
v -1.5 2.3 -4.1
v -1.3 2.3 -4.1
v -1.5 2.3 -4.7
v -1.4 2.3 -4.7
v -1.3 2.3 -4.7
v -1.5 2.3 -4.8
v -1.4 2.3 -4.8
v -1.3 2.3 -4.8
v -1.2 2.4 1
v -1 2.4 1
v -1.2 2.4 0.8
v -1 2.4 0.8
v -2.5 2.4 -0.4
v -2.3 2.4 -0.4
v -2.5 2.4 -0.5
v -2.3 2.4 -0.5
v -2.2 2.4 -0.5
v -2.4 2.4 -0.6
v -2.3 2.4 -0.6
v -2.2 2.4 -0.6
v -2.4 2.4 -0.7
v -2.3 2.4 -0.7
v -2.4 2.4 -0.8
v -2.3 2.4 -0.8
v -3.9 2.4 -1.1
v -3.7 2.4 -1.1
v -1.6 2.4 -1.2
v -1.5 2.4 -1.2
v -3.9 2.4 -1.3
v -3.7 2.4 -1.3
v -3.2 2.4 -1.3
v -3.1 2.4 -1.3
v -1.7 2.4 -1.3
v -1.6 2.4 -1.3
v -1.5 2.4 -1.3
v -1.4 2.4 -1.3
v -3.3 2.4 -1.4
v -3.2 2.4 -1.4
v -1.6 2.4 -1.4
v -1.5 2.4 -1.4
v -3.3 2.4 -1.5
v -3.1 2.4 -1.5
v -1.7 2.4 -1.5
v -1.6 2.4 -1.5
v -1.4 2.4 -1.5
v -2.5 2.4 -2.2
v -2.4 2.4 -2.2
v -2.3 2.4 -2.2
v -2.5 2.4 -2.3
v -2.4 2.4 -2.3
v -2.3 2.4 -2.3
v -1.5 2.4 -2.5
v -1.4 2.4 -2.5
v -1.3 2.4 -2.5
v -1.5 2.4 -2.6
v -1.4 2.4 -2.6
v -1.3 2.4 -2.6
v -1.5 2.4 -3
v -1.3 2.4 -3
v -1.5 2.4 -3.1
v -1.3 2.4 -3.1
v -2.5 2.4 -3.5
v -2.4 2.4 -3.5
v -2 2.4 -3.5
v -1.9 2.4 -3.5
v -0.9 2.4 -3.5
v -0.8 2.4 -3.5
v -0.4 2.4 -3.5
v -0.3 2.4 -3.5
v -2.4 2.4 -3.6
v -0.4 2.4 -3.6
v -0.3 2.4 -3.6
v -2.5 2.4 -3.7
v -2.4 2.4 -3.7
v -2 2.4 -3.7
v -1.9 2.4 -3.7
v -0.9 2.4 -3.7
v -0.8 2.4 -3.7
v -0.4 2.4 -3.7
v -0.3 2.4 -3.7
v -1.5 2.4 -4.1
v -1.3 2.4 -4.1
v -1.5 2.4 -4.2
v -1.3 2.4 -4.2
v -1.5 2.4 -4.6
v -1.4 2.4 -4.6
v -1.3 2.4 -4.6
v -1.5 2.4 -4.7
v -1.3 2.4 -4.7
v -1.2 2.5 1.1
v -1 2.5 1.1
v -1.3 2.5 1
v -1.2 2.5 1
v -1 2.5 1
v -0.9 2.5 1
v -1.3 2.5 0.8
v -1.2 2.5 0.8
v -1 2.5 0.8
v -0.9 2.5 0.8
v -1.2 2.5 0.7
v -1 2.5 0.7
v -2.5 2.5 -0.5
v -2.3 2.5 -0.5
v -2.4 2.5 -0.6
v -2.3 2.5 -0.6
v -2.5 2.5 -0.7
v -2.4 2.5 -0.7
v -3.9 2.5 -1
v -3.7 2.5 -1
v -4 2.5 -1.1
v -3.9 2.5 -1.1
v -3.7 2.5 -1.1
v -3.6 2.5 -1.1
v -4 2.5 -1.3
v -3.9 2.5 -1.3
v -3.7 2.5 -1.3
v -3.6 2.5 -1.3
v -1.6 2.5 -1.3
v -1.5 2.5 -1.3
v -3.9 2.5 -1.4
v -3.7 2.5 -1.4
v -1.6 2.5 -1.4
v -1.5 2.5 -1.4
v -2.5 2.5 -2.1
v -2.3 2.5 -2.1
v -2.5 2.5 -2.2
v -2.3 2.5 -2.2
v -1.5 2.5 -2.6
v -1.4 2.5 -2.6
v -1.3 2.5 -2.6
v -1.5 2.5 -2.7
v -1.4 2.5 -2.7
v -1.3 2.5 -2.7
v -1.5 2.5 -2.9
v -1.3 2.5 -2.9
v -1.5 2.5 -3
v -1.3 2.5 -3
v -2.4 2.5 -3.5
v -2.3 2.5 -3.5
v -2.1 2.5 -3.5
v -2 2.5 -3.5
v -0.8 2.5 -3.5
v -0.7 2.5 -3.5
v -0.5 2.5 -3.5
v -0.4 2.5 -3.5
v -2.4 2.5 -3.6
v -2.3 2.5 -3.6
v -0.5 2.5 -3.6
v -2.4 2.5 -3.7
v -2.3 2.5 -3.7
v -2.1 2.5 -3.7
v -2 2.5 -3.7
v -0.8 2.5 -3.7
v -0.7 2.5 -3.7
v -0.5 2.5 -3.7
v -0.4 2.5 -3.7
v -1.5 2.5 -4.2
v -1.3 2.5 -4.2
v -1.5 2.5 -4.3
v -1.3 2.5 -4.3
v -1.5 2.5 -4.5
v -1.4 2.5 -4.5
v -1.3 2.5 -4.5
v -1.5 2.5 -4.6
v -1.4 2.5 -4.6
v -1.3 2.5 -4.6
v -1.2 2.6 1.4
v -1.1 2.6 1.4
v -1.2 2.6 1.3
v -1.1 2.6 1.3
v -1 2.6 1.3
v -1.2 2.6 1.1
v -1 2.6 1.1
v -1.5 2.6 1
v -1.3 2.6 1
v -0.9 2.6 1
v -0.7 2.6 1
v -1.5 2.6 0.8
v -1.3 2.6 0.8
v -0.9 2.6 0.8
v -0.7 2.6 0.8
v -1 2.6 0.7
v -0.9 2.6 0.7
v -1.2 2.6 0.6
v -1.1 2.6 0.6
v -1 2.6 0.6
v -0.9 2.6 0.6
v -1.2 2.6 0.5
v -1.1 2.6 0.5
v -3.9 2.6 -0.7
v -3.8 2.6 -0.7
v -3.9 2.6 -0.8
v -3.8 2.6 -0.8
v -3.7 2.6 -0.8
v -3.9 2.6 -1
v -3.7 2.6 -1
v -4.2 2.6 -1.1
v -4 2.6 -1.1
v -3.6 2.6 -1.1
v -3.4 2.6 -1.1
v -4.2 2.6 -1.3
v -4 2.6 -1.3
v -3.6 2.6 -1.3
v -3.4 2.6 -1.3
v -3.7 2.6 -1.4
v -3.6 2.6 -1.4
v -3.9 2.6 -1.5
v -3.8 2.6 -1.5
v -3.7 2.6 -1.5
v -3.6 2.6 -1.5
v -3.9 2.6 -1.6
v -3.8 2.6 -1.6
v -1.5 2.6 -2.7
v -1.3 2.6 -2.7
v -1.5 2.6 -2.9
v -1.3 2.6 -2.9
v -2.3 2.6 -3.5
v -2.2 2.6 -3.5
v -2.1 2.6 -3.5
v -0.7 2.6 -3.5
v -0.5 2.6 -3.5
v -2.3 2.6 -3.6
v -2.2 2.6 -3.6
v -0.6 2.6 -3.6
v -0.5 2.6 -3.6
v -2.3 2.6 -3.7
v -2.1 2.6 -3.7
v -0.7 2.6 -3.7
v -0.6 2.6 -3.7
v -0.5 2.6 -3.7
v -1.5 2.6 -4.3
v -1.3 2.6 -4.3
v -1.4 2.6 -4.4
v -1.3 2.6 -4.4
v -1.5 2.6 -4.5
v -1.4 2.6 -4.5
v -1.3 2.6 -4.5
v -1.2 2.7 0.7
v -1 2.7 0.7
v -1.2 2.7 0.6
v -1.1 2.7 0.6
v -1.1 2.7 0.5
v -1 2.7 0.5
v -0.0999999 2.7 -1.1
v 0 2.7 -1.1
v -2.5 2.7 -1.2
v -2.3 2.7 -1.2
v -0.0999999 2.7 -1.2
v 0 2.7 -1.2
v -2.6 2.7 -1.3
v -2.5 2.7 -1.3
v -2.3 2.7 -1.3
v -2.2 2.7 -1.3
v -3.9 2.7 -1.4
v -3.7 2.7 -1.4
v -3.9 2.7 -1.5
v -3.8 2.7 -1.5
v -2.6 2.7 -1.5
v -2.5 2.7 -1.5
v -2.3 2.7 -1.5
v -2.2 2.7 -1.5
v -3.8 2.7 -1.6
v -3.7 2.7 -1.6
v -2.5 2.7 -1.6
v -2.3 2.7 -1.6
v -4.9 2.7 -2.7
v -4.8 2.7 -2.7
v -4.9 2.7 -2.8
v -4.8 2.7 -2.8
v -0.6 2.8 -0.6
v -0.5 2.8 -0.6
v -0.6 2.8 -0.7
v -0.5 2.8 -0.7
v -2.5 2.8 -1.1
v -2.3 2.8 -1.1
v -2.5 2.8 -1.2
v -2.3 2.8 -1.2
v -0.5 2.8 -1.2
v -0.4 2.8 -1.2
v -2.7 2.8 -1.3
v -2.6 2.8 -1.3
v -2.2 2.8 -1.3
v -2.1 2.8 -1.3
v -0.6 2.8 -1.3
v -0.5 2.8 -1.3
v -0.4 2.8 -1.3
v -0.6 2.8 -1.4
v -0.5 2.8 -1.4
v -2.7 2.8 -1.5
v -2.6 2.8 -1.5
v -2.2 2.8 -1.5
v -2.1 2.8 -1.5
v -2.5 2.8 -1.6
v -2.3 2.8 -1.6
v -2.5 2.8 -1.7
v -2.3 2.8 -1.7
v -5.4 2.8 -2.2
v -5.3 2.8 -2.2
v -5.4 2.8 -2.3
v -5.3 2.8 -2.3
v -5.3 2.8 -2.8
v -5.2 2.8 -2.8
v -5.4 2.8 -2.9
v -5.3 2.8 -2.9
v -5.2 2.8 -2.9
v -5.7 2.8 -3
v -5.6 2.8 -3
v -5.4 2.8 -3
v -5.3 2.8 -3
v -5.7 2.8 -3.1
v -5.6 2.8 -3.1
v -0.5 2.9 -0.6
v -0.4 2.9 -0.6
v -0.6 2.9 -0.7
v -0.5 2.9 -0.7
v -0.4 2.9 -0.7
v -0.6 2.9 -0.8
v -0.5 2.9 -0.8
v -2.8 2.9 -1
v -2.7 2.9 -1
v -2.5 2.9 -1
v -2.3 2.9 -1
v -2.1 2.9 -1
v -2 2.9 -1
v -2.8 2.9 -1.1
v -2.7 2.9 -1.1
v -2.5 2.9 -1.1
v -2.3 2.9 -1.1
v -2.1 2.9 -1.1
v -2 2.9 -1.1
v -0.6 2.9 -1.1
v -0.4 2.9 -1.1
v -2.6 2.9 -1.2
v -2.5 2.9 -1.2
v -2.3 2.9 -1.2
v -2.2 2.9 -1.2
v -0.7 2.9 -1.2
v -0.6 2.9 -1.2
v -0.5 2.9 -1.2
v -0.4 2.9 -1.2
v -0.3 2.9 -1.2
v 0 2.9 -1.2
v 0.0999999 2.9 -1.2
v -2.8 2.9 -1.3
v -2.7 2.9 -1.3
v -2.6 2.9 -1.3
v -2.5 2.9 -1.3
v -2.3 2.9 -1.3
v -2.2 2.9 -1.3
v -2.1 2.9 -1.3
v -2 2.9 -1.3
v -0.6 2.9 -1.3
v -0.4 2.9 -1.3
v -0.7 2.9 -1.4
v -0.6 2.9 -1.4
v -0.5 2.9 -1.4
v -0.4 2.9 -1.4
v -0.3 2.9 -1.4
v 0 2.9 -1.4
v 0.0999999 2.9 -1.4
v -2.8 2.9 -1.5
v -2.7 2.9 -1.5
v -2.6 2.9 -1.5
v -2.5 2.9 -1.5
v -2.3 2.9 -1.5
v -2.2 2.9 -1.5
v -2.1 2.9 -1.5
v -2 2.9 -1.5
v -0.6 2.9 -1.5
v -0.4 2.9 -1.5
v -2.6 2.9 -1.6
v -2.5 2.9 -1.6
v -2.3 2.9 -1.6
v -2.2 2.9 -1.6
v -2.8 2.9 -1.7
v -2.7 2.9 -1.7
v -2.5 2.9 -1.7
v -2.3 2.9 -1.7
v -2.8 2.9 -1.8
v -2.7 2.9 -1.8
v -2.5 2.9 -1.8
v -2.3 2.9 -1.8
v -0.5 2.9 -1.8
v -0.4 2.9 -1.8
v -0.5 2.9 -1.9
v -0.4 2.9 -1.9
v -0.5 2.9 -2
v -0.4 2.9 -2
v -5.3 2.9 -2.2
v -5.2 2.9 -2.2
v -5.4 2.9 -2.3
v -5.3 2.9 -2.3
v -5.2 2.9 -2.3
v -5.4 2.9 -2.4
v -5.3 2.9 -2.4
v -5.4 2.9 -2.7
v -5.2 2.9 -2.7
v -5.5 2.9 -2.8
v -5.4 2.9 -2.8
v -5.3 2.9 -2.8
v -5.2 2.9 -2.8
v -5.1 2.9 -2.8
v -4.8 2.9 -2.8
v -4.7 2.9 -2.8
v -5.4 2.9 -2.9
v -5.2 2.9 -2.9
v -5.6 2.9 -3
v -5.5 2.9 -3
v -5.4 2.9 -3
v -5.3 2.9 -3
v -5.2 2.9 -3
v -5.1 2.9 -3
v -4.8 2.9 -3
v -4.7 2.9 -3
v -5.6 2.9 -3.1
v -5.5 2.9 -3.1
v -5.4 2.9 -3.1
v -5.2 2.9 -3.1
v -5.3 2.9 -3.4
v -5.2 2.9 -3.4
v -1.5 2.9 -3.4
v -1.3 2.9 -3.4
v -5.3 2.9 -3.5
v -5.2 2.9 -3.5
v -1.6 2.9 -3.5
v -1.5 2.9 -3.5
v -1.3 2.9 -3.5
v -1.2 2.9 -3.5
v -5.3 2.9 -3.6
v -5.2 2.9 -3.6
v -1.6 2.9 -3.7
v -1.5 2.9 -3.7
v -1.3 2.9 -3.7
v -1.2 2.9 -3.7
v -1.5 2.9 -3.8
v -1.3 2.9 -3.8
v -0.5 3 -0.7
v -0.4 3 -0.7
v -0.6 3 -0.8
v -0.5 3 -0.8
v -0.4 3 -0.8
v -2.5 3 -0.9
v -2.3 3 -0.9
v -2.5 3 -1
v -2.3 3 -1
v -2.7 3 -1.1
v -2.6 3 -1.1
v -2.2 3 -1.1
v -2.1 3 -1.1
v -0.6 3 -1.1
v -0.4 3 -1.1
v -2.7 3 -1.2
v -2.6 3 -1.2
v -2.2 3 -1.2
v -2.1 3 -1.2
v -0.9 3 -1.2
v -0.7 3 -1.2
v -0.3 3 -1.2
v 0 3 -1.2
v -2.9 3 -1.3
v -2.8 3 -1.3
v -2 3 -1.3
v -1.9 3 -1.3
v -0.9 3 -1.4
v -0.7 3 -1.4
v -0.3 3 -1.4
v 0 3 -1.4
v -2.9 3 -1.5
v -2.8 3 -1.5
v -2 3 -1.5
v -1.9 3 -1.5
v -0.6 3 -1.5
v -0.4 3 -1.5
v -2.7 3 -1.6
v -2.6 3 -1.6
v -2.2 3 -1.6
v -2.1 3 -1.6
v -2.7 3 -1.7
v -2.6 3 -1.7
v -2.2 3 -1.7
v -2.1 3 -1.7
v -2 3 -1.7
v -2.5 3 -1.8
v -2.3 3 -1.8
v -2.1 3 -1.8
v -2 3 -1.8
v -0.6 3 -1.8
v -0.5 3 -1.8
v -0.4 3 -1.8
v -2.5 3 -1.9
v -2.3 3 -1.9
v -0.6 3 -1.9
v -0.5 3 -1.9
v -5.3 3 -2.3
v -5.2 3 -2.3
v -5.4 3 -2.4
v -5.3 3 -2.4
v -5.2 3 -2.4
v -5.4 3 -2.7
v -5.2 3 -2.7
v -5.7 3 -2.8
v -5.5 3 -2.8
v -5.1 3 -2.8
v -4.8 3 -2.8
v -5.7 3 -3
v -5.5 3 -3
v -5.1 3 -3
v -4.8 3 -3
v -5.4 3 -3.1
v -5.2 3 -3.1
v -1.5 3 -3.3
v -1.3 3 -3.3
v -5.4 3 -3.4
v -5.3 3 -3.4
v -5.2 3 -3.4
v -1.5 3 -3.4
v -1.3 3 -3.4
v -5.4 3 -3.5
v -5.3 3 -3.5
v -1.7 3 -3.5
v -1.6 3 -3.5
v -1.2 3 -3.5
v -1.1 3 -3.5
v -1.7 3 -3.7
v -1.6 3 -3.7
v -1.2 3 -3.7
v -1.1 3 -3.7
v -1.5 3 -3.8
v -1.3 3 -3.8
v -1.5 3 -3.9
v -1.3 3 -3.9
v -2.5 3.1 -0.8
v -2.3 3.1 -0.8
v -2.5 3.1 -0.9
v -2.3 3.1 -0.9
v -3 3.1 -1.3
v -2.9 3.1 -1.3
v -1.9 3.1 -1.3
v -1.8 3.1 -1.3
v -3 3.1 -1.5
v -2.9 3.1 -1.5
v -1.9 3.1 -1.5
v -1.8 3.1 -1.5
v -2.5 3.1 -1.9
v -2.3 3.1 -1.9
v -2.5 3.1 -2
v -2.3 3.1 -2
v -1.8 3.1 -3.2
v -1.7 3.1 -3.2
v -1.5 3.1 -3.2
v -1.3 3.1 -3.2
v -1.1 3.1 -3.2
v -1 3.1 -3.2
v -1.8 3.1 -3.3
v -1.7 3.1 -3.3
v -1.5 3.1 -3.3
v -1.3 3.1 -3.3
v -1.1 3.1 -3.3
v -1 3.1 -3.3
v -1.6 3.1 -3.4
v -1.5 3.1 -3.4
v -1.3 3.1 -3.4
v -1.2 3.1 -3.4
v -1.8 3.1 -3.5
v -1.7 3.1 -3.5
v -1.6 3.1 -3.5
v -1.5 3.1 -3.5
v -1.3 3.1 -3.5
v -1.2 3.1 -3.5
v -1.1 3.1 -3.5
v -1 3.1 -3.5
v -1.8 3.1 -3.7
v -1.7 3.1 -3.7
v -1.6 3.1 -3.7
v -1.5 3.1 -3.7
v -1.3 3.1 -3.7
v -1.2 3.1 -3.7
v -1.1 3.1 -3.7
v -1 3.1 -3.7
v -1.6 3.1 -3.8
v -1.5 3.1 -3.8
v -1.3 3.1 -3.8
v -1.2 3.1 -3.8
v -1.8 3.1 -3.9
v -1.7 3.1 -3.9
v -1.5 3.1 -3.9
v -1.3 3.1 -3.9
v -1.1 3.1 -3.9
v -1 3.1 -3.9
v -1.8 3.1 -4
v -1.7 3.1 -4
v -1.5 3.1 -4
v -1.3 3.1 -4
v -1.1 3.1 -4
v -1 3.1 -4
v -2.5 3.2 -0.3
v -2.4 3.2 -0.3
v -2.5 3.2 -0.4
v -2.4 3.2 -0.4
v -2.5 3.2 -0.7
v -2.3 3.2 -0.7
v -2.5 3.2 -0.8
v -2.3 3.2 -0.8
v -1.5 3.2 -1.2
v -1.4 3.2 -1.2
v -3.1 3.2 -1.3
v -3 3.2 -1.3
v -1.8 3.2 -1.3
v -1.7 3.2 -1.3
v -1.5 3.2 -1.3
v -1.4 3.2 -1.3
v -3.1 3.2 -1.5
v -3 3.2 -1.5
v -1.8 3.2 -1.5
v -1.7 3.2 -1.5
v -2.5 3.2 -2
v -2.3 3.2 -2
v -2.5 3.2 -2.1
v -2.3 3.2 -2.1
v -1.5 3.2 -2.4
v -1.3 3.2 -2.4
v -1.5 3.2 -2.5
v -1.4 3.2 -2.5
v -1.3 3.2 -2.5
v -1.5 3.2 -3.1
v -1.3 3.2 -3.1
v -1.5 3.2 -3.2
v -1.3 3.2 -3.2
v -1.7 3.2 -3.3
v -1.6 3.2 -3.3
v -1.2 3.2 -3.3
v -1.1 3.2 -3.3
v -1.7 3.2 -3.4
v -1.6 3.2 -3.4
v -1.2 3.2 -3.4
v -1.1 3.2 -3.4
v -2.6 3.2 -3.5
v -2.5 3.2 -3.5
v -1.9 3.2 -3.5
v -1.8 3.2 -3.5
v -1 3.2 -3.5
v -0.9 3.2 -3.5
v -0.3 3.2 -3.5
v -0.2 3.2 -3.5
v -2.6 3.2 -3.6
v -2.5 3.2 -3.6
v -0.3 3.2 -3.6
v -0.2 3.2 -3.6
v -2.6 3.2 -3.7
v -2.5 3.2 -3.7
v -1.9 3.2 -3.7
v -1.8 3.2 -3.7
v -1 3.2 -3.7
v -0.9 3.2 -3.7
v -0.3 3.2 -3.7
v -0.2 3.2 -3.7
v -1.7 3.2 -3.8
v -1.6 3.2 -3.8
v -1.2 3.2 -3.8
v -1.1 3.2 -3.8
v -1.7 3.2 -3.9
v -1.6 3.2 -3.9
v -1.2 3.2 -3.9
v -1.1 3.2 -3.9
v -1.5 3.2 -4
v -1.3 3.2 -4
v -1.5 3.2 -4.1
v -1.3 3.2 -4.1
v -1.5 3.2 -4.7
v -1.4 3.2 -4.7
v -1.3 3.2 -4.7
v -1.5 3.2 -4.8
v -1.3 3.2 -4.8
v -2.5 3.3 -0.4
v -2.3 3.3 -0.4
v -2.5 3.3 -0.5
v -2.3 3.3 -0.5
v -2.5 3.3 -0.7
v -2.3 3.3 -0.7
v -1.6 3.3 -1.2
v -1.5 3.3 -1.2
v -3.2 3.3 -1.3
v -3.1 3.3 -1.3
v -1.6 3.3 -1.3
v -1.5 3.3 -1.3
v -1.4 3.3 -1.3
v -3.4 3.3 -1.4
v -3.3 3.3 -1.4
v -1.7 3.3 -1.4
v -1.6 3.3 -1.4
v -1.5 3.3 -1.4
v -1.4 3.3 -1.4
v -3.4 3.3 -1.5
v -3.3 3.3 -1.5
v -3.2 3.3 -1.5
v -3.1 3.3 -1.5
v -1.7 3.3 -1.5
v -1.6 3.3 -1.5
v -3.3 3.3 -1.6
v -3.2 3.3 -1.6
v -2.5 3.3 -2.1
v -2.4 3.3 -2.1
v -2.6 3.3 -2.2
v -2.5 3.3 -2.2
v -2.4 3.3 -2.2
v -2.3 3.3 -2.2
v -2.6 3.3 -2.3
v -2.5 3.3 -2.3
v -2.4 3.3 -2.3
v -2.3 3.3 -2.3
v -2.5 3.3 -2.4
v -2.4 3.3 -2.4
v -1.5 3.3 -2.5
v -1.4 3.3 -2.5
v -1.3 3.3 -2.5
v -1.5 3.3 -2.6
v -1.4 3.3 -2.6
v -1.3 3.3 -2.6
v -1.5 3.3 -3
v -1.3 3.3 -3
v -1.5 3.3 -3.1
v -1.3 3.3 -3.1
v -2.5 3.3 -3.5
v -2.4 3.3 -3.5
v -2 3.3 -3.5
v -1.9 3.3 -3.5
v -0.9 3.3 -3.5
v -0.8 3.3 -3.5
v -0.4 3.3 -3.5
v -0.3 3.3 -3.5
v -2.5 3.3 -3.6
v -2.4 3.3 -3.6
v -2.5 3.3 -3.7
v -2.4 3.3 -3.7
v -2 3.3 -3.7
v -1.9 3.3 -3.7
v -0.9 3.3 -3.7
v -0.8 3.3 -3.7
v -0.4 3.3 -3.7
v -0.3 3.3 -3.7
v -1.5 3.3 -4.1
v -1.3 3.3 -4.1
v -1.5 3.3 -4.2
v -1.3 3.3 -4.2
v -1.5 3.3 -4.6
v -1.4 3.3 -4.6
v -1.3 3.3 -4.6
v -1.5 3.3 -4.7
v -1.4 3.3 -4.7
v -1.3 3.3 -4.7
v -3.3 3.4 -1.3
v -3.2 3.4 -1.3
v -1.7 3.4 -1.3
v -1.5 3.4 -1.3
v -1.7 3.4 -1.4
v -1.6 3.4 -1.4
v -3.3 3.4 -1.5
v -3.2 3.4 -1.5
v -1.6 3.4 -1.5
v -1.5 3.4 -1.5
v -2.4 3.4 -2.1
v -2.3 3.4 -2.1
v -2.5 3.4 -2.2
v -2.4 3.4 -2.2
v -2.3 3.4 -2.2
v -2.5 3.4 -2.3
v -2.4 3.4 -2.3
v -1.5 3.4 -2.6
v -1.4 3.4 -2.6
v -1.3 3.4 -2.6
v -1.5 3.4 -2.7
v -1.4 3.4 -2.7
v -1.3 3.4 -2.7
v -1.5 3.4 -2.9
v -1.3 3.4 -2.9
v -1.5 3.4 -3
v -1.3 3.4 -3
v -2.4 3.4 -3.5
v -2.3 3.4 -3.5
v -2.1 3.4 -3.5
v -2 3.4 -3.5
v -0.8 3.4 -3.5
v -0.7 3.4 -3.5
v -0.5 3.4 -3.5
v -0.4 3.4 -3.5
v -2.3 3.4 -3.6
v -0.5 3.4 -3.6
v -2.4 3.4 -3.7
v -2.3 3.4 -3.7
v -2.1 3.4 -3.7
v -2 3.4 -3.7
v -0.8 3.4 -3.7
v -0.7 3.4 -3.7
v -0.5 3.4 -3.7
v -0.4 3.4 -3.7
v -1.5 3.4 -4.2
v -1.3 3.4 -4.2
v -1.5 3.4 -4.3
v -1.3 3.4 -4.3
v -1.5 3.4 -4.5
v -1.4 3.4 -4.5
v -1.3 3.4 -4.5
v -1.5 3.4 -4.6
v -1.3 3.4 -4.6
v -1.5 3.5 -2.7
v -1.3 3.5 -2.7
v -1.5 3.5 -2.9
v -1.3 3.5 -2.9
v -2.3 3.5 -3.5
v -2.2 3.5 -3.5
v -2.1 3.5 -3.5
v -0.7 3.5 -3.5
v -0.5 3.5 -3.5
v -2.3 3.5 -3.6
v -2.2 3.5 -3.6
v -0.6 3.5 -3.6
v -0.5 3.5 -3.6
v -2.3 3.5 -3.7
v -2.1 3.5 -3.7
v -0.7 3.5 -3.7
v -0.6 3.5 -3.7
v -0.5 3.5 -3.7
v -1.5 3.5 -4.3
v -1.3 3.5 -4.3
v -1.4 3.5 -4.4
v -1.3 3.5 -4.4
v -1.5 3.5 -4.5
v -1.4 3.5 -4.5
v -1.3 3.5 -4.5
v -2.5 3.7 -1.2
v -2.3 3.7 -1.2
v -2.6 3.7 -1.3
v -2.5 3.7 -1.3
v -2.3 3.7 -1.3
v -2.2 3.7 -1.3
v -2.6 3.7 -1.5
v -2.5 3.7 -1.5
v -2.3 3.7 -1.5
v -2.2 3.7 -1.5
v -2.5 3.7 -1.6
v -2.3 3.7 -1.6
v -2.5 3.8 -1.3
v -2.3 3.8 -1.3
v -2.5 3.8 -1.5
v -2.3 3.8 -1.5
v -1.5 3.8 -3.4
v -1.3 3.8 -3.4
v -1.6 3.8 -3.5
v -1.5 3.8 -3.5
v -1.3 3.8 -3.5
v -1.2 3.8 -3.5
v -1.6 3.8 -3.7
v -1.5 3.8 -3.7
v -1.3 3.8 -3.7
v -1.2 3.8 -3.7
v -1.5 3.8 -3.8
v -1.3 3.8 -3.8
v -1.5 3.9 -3.3
v -1.3 3.9 -3.3
v -1.5 3.9 -3.4
v -1.3 3.9 -3.4
v -1.7 3.9 -3.5
v -1.6 3.9 -3.5
v -1.2 3.9 -3.5
v -1.1 3.9 -3.5
v -1.7 3.9 -3.7
v -1.6 3.9 -3.7
v -1.2 3.9 -3.7
v -1.1 3.9 -3.7
v -1.5 3.9 -3.8
v -1.3 3.9 -3.8
v -1.5 3.9 -3.9
v -1.3 3.9 -3.9
v -1.8 4 -3.2
v -1.7 4 -3.2
v -1.5 4 -3.2
v -1.3 4 -3.2
v -1.1 4 -3.2
v -1 4 -3.2
v -1.8 4 -3.3
v -1.7 4 -3.3
v -1.5 4 -3.3
v -1.3 4 -3.3
v -1.1 4 -3.3
v -1 4 -3.3
v -1.6 4 -3.4
v -1.5 4 -3.4
v -1.3 4 -3.4
v -1.2 4 -3.4
v -1.8 4 -3.5
v -1.7 4 -3.5
v -1.6 4 -3.5
v -1.5 4 -3.5
v -1.3 4 -3.5
v -1.2 4 -3.5
v -1.1 4 -3.5
v -1 4 -3.5
v -1.8 4 -3.7
v -1.7 4 -3.7
v -1.6 4 -3.7
v -1.5 4 -3.7
v -1.3 4 -3.7
v -1.2 4 -3.7
v -1.1 4 -3.7
v -1 4 -3.7
v -1.6 4 -3.8
v -1.5 4 -3.8
v -1.3 4 -3.8
v -1.2 4 -3.8
v -1.8 4 -3.9
v -1.7 4 -3.9
v -1.5 4 -3.9
v -1.3 4 -3.9
v -1.1 4 -3.9
v -1 4 -3.9
v -1.8 4 -4
v -1.7 4 -4
v -1.5 4 -4
v -1.3 4 -4
v -1.1 4 -4
v -1 4 -4
v -1.5 4.1 -2.4
v -1.4 4.1 -2.4
v -1.3 4.1 -2.4
v -1.5 4.1 -2.5
v -1.4 4.1 -2.5
v -1.3 4.1 -2.5
v -1.5 4.1 -3.1
v -1.3 4.1 -3.1
v -1.5 4.1 -3.2
v -1.3 4.1 -3.2
v -1.7 4.1 -3.3
v -1.6 4.1 -3.3
v -1.2 4.1 -3.3
v -1.1 4.1 -3.3
v -1.7 4.1 -3.4
v -1.6 4.1 -3.4
v -1.2 4.1 -3.4
v -1.1 4.1 -3.4
v -2.6 4.1 -3.5
v -2.5 4.1 -3.5
v -1.9 4.1 -3.5
v -1.8 4.1 -3.5
v -1 4.1 -3.5
v -0.9 4.1 -3.5
v -0.3 4.1 -3.5
v -0.2 4.1 -3.5
v -2.5 4.1 -3.6
v -0.3 4.1 -3.6
v -2.6 4.1 -3.7
v -2.5 4.1 -3.7
v -1.9 4.1 -3.7
v -1.8 4.1 -3.7
v -1 4.1 -3.7
v -0.9 4.1 -3.7
v -0.3 4.1 -3.7
v -0.2 4.1 -3.7
v -1.7 4.1 -3.8
v -1.6 4.1 -3.8
v -1.2 4.1 -3.8
v -1.1 4.1 -3.8
v -1.7 4.1 -3.9
v -1.6 4.1 -3.9
v -1.2 4.1 -3.9
v -1.1 4.1 -3.9
v -1.5 4.1 -4
v -1.3 4.1 -4
v -1.5 4.1 -4.1
v -1.3 4.1 -4.1
v -1.5 4.1 -4.7
v -1.3 4.1 -4.7
v -1.5 4.1 -4.8
v -1.3 4.1 -4.8
v -1.5 4.2 -2.5
v -1.4 4.2 -2.5
v -1.3 4.2 -2.5
v -1.5 4.2 -2.6
v -1.4 4.2 -2.6
v -1.3 4.2 -2.6
v -1.5 4.2 -3
v -1.3 4.2 -3
v -1.5 4.2 -3.1
v -1.3 4.2 -3.1
v -2.5 4.2 -3.5
v -2.4 4.2 -3.5
v -2 4.2 -3.5
v -1.9 4.2 -3.5
v -0.9 4.2 -3.5
v -0.8 4.2 -3.5
v -0.4 4.2 -3.5
v -0.3 4.2 -3.5
v -2.5 4.2 -3.6
v -2.4 4.2 -3.6
v -0.4 4.2 -3.6
v -0.3 4.2 -3.6
v -2.5 4.2 -3.7
v -2.4 4.2 -3.7
v -2 4.2 -3.7
v -1.9 4.2 -3.7
v -0.9 4.2 -3.7
v -0.8 4.2 -3.7
v -0.4 4.2 -3.7
v -0.3 4.2 -3.7
v -1.5 4.2 -4.1
v -1.3 4.2 -4.1
v -1.5 4.2 -4.2
v -1.3 4.2 -4.2
v -1.5 4.2 -4.6
v -1.4 4.2 -4.6
v -1.3 4.2 -4.6
v -1.5 4.2 -4.7
v -1.3 4.2 -4.7
v -1.5 4.3 -2.6
v -1.4 4.3 -2.6
v -1.3 4.3 -2.6
v -1.5 4.3 -2.7
v -1.4 4.3 -2.7
v -1.3 4.3 -2.7
v -1.5 4.3 -2.9
v -1.3 4.3 -2.9
v -1.5 4.3 -3
v -1.3 4.3 -3
v -2.4 4.3 -3.5
v -2.3 4.3 -3.5
v -2.1 4.3 -3.5
v -2 4.3 -3.5
v -0.8 4.3 -3.5
v -0.7 4.3 -3.5
v -0.5 4.3 -3.5
v -0.4 4.3 -3.5
v -2.4 4.3 -3.6
v -2.3 4.3 -3.6
v -0.5 4.3 -3.6
v -0.4 4.3 -3.6
v -2.4 4.3 -3.7
v -2.3 4.3 -3.7
v -2.1 4.3 -3.7
v -2 4.3 -3.7
v -0.8 4.3 -3.7
v -0.7 4.3 -3.7
v -0.5 4.3 -3.7
v -0.4 4.3 -3.7
v -1.5 4.3 -4.2
v -1.3 4.3 -4.2
v -1.5 4.3 -4.3
v -1.3 4.3 -4.3
v -1.5 4.3 -4.5
v -1.4 4.3 -4.5
v -1.3 4.3 -4.5
v -1.5 4.3 -4.6
v -1.4 4.3 -4.6
v -1.3 4.3 -4.6
v -0.6 4.4 -0.6
v -0.5 4.4 -0.6
v -0.6 4.4 -0.7
v -0.5 4.4 -0.7
v -1 4.4 -1.3
v -0.9 4.4 -1.3
v -1 4.4 -1.4
v -0.9 4.4 -1.4
v -0.5 4.4 -1.9
v -0.4 4.4 -1.9
v -0.5 4.4 -2
v -0.4 4.4 -2
v -5.4 4.4 -2.2
v -5.3 4.4 -2.2
v -5.4 4.4 -2.3
v -5.3 4.4 -2.3
v -1.5 4.4 -2.7
v -1.3 4.4 -2.7
v -5.8 4.4 -2.9
v -5.7 4.4 -2.9
v -1.5 4.4 -2.9
v -1.3 4.4 -2.9
v -5.8 4.4 -3
v -5.7 4.4 -3
v -5.3 4.4 -3.5
v -5.2 4.4 -3.5
v -2.3 4.4 -3.5
v -2.2 4.4 -3.5
v -2.1 4.4 -3.5
v -0.7 4.4 -3.5
v -0.5 4.4 -3.5
v -5.3 4.4 -3.6
v -5.2 4.4 -3.6
v -2.3 4.4 -3.6
v -2.2 4.4 -3.6
v -0.6 4.4 -3.6
v -0.5 4.4 -3.6
v -2.3 4.4 -3.7
v -2.1 4.4 -3.7
v -0.7 4.4 -3.7
v -0.6 4.4 -3.7
v -0.5 4.4 -3.7
v -1.5 4.4 -4.3
v -1.3 4.4 -4.3
v -1.4 4.4 -4.4
v -1.3 4.4 -4.4
v -1.5 4.4 -4.5
v -1.4 4.4 -4.5
v -1.3 4.4 -4.5
v -0.5 4.5 -0.6
v -0.4 4.5 -0.6
v -0.7 4.5 -0.7
v -0.6 4.5 -0.7
v -0.5 4.5 -0.7
v -0.4 4.5 -0.7
v -0.7 4.5 -0.8
v -0.6 4.5 -0.8
v -0.5 4.5 -0.8
v -0.4 4.5 -0.8
v -0.6 4.5 -1.1
v -0.4 4.5 -1.1
v -1 4.5 -1.2
v -0.9 4.5 -1.2
v -0.7 4.5 -1.2
v -0.6 4.5 -1.2
v -0.4 4.5 -1.2
v -0.3 4.5 -1.2
v 0 4.5 -1.2
v 0.0999999 4.5 -1.2
v -1 4.5 -1.3
v -0.9 4.5 -1.3
v -0.9 4.5 -1.4
v -0.8 4.5 -1.4
v -0.7 4.5 -1.4
v -0.6 4.5 -1.4
v -0.4 4.5 -1.4
v -0.3 4.5 -1.4
v 0 4.5 -1.4
v 0.0999999 4.5 -1.4
v -0.9 4.5 -1.5
v -0.8 4.5 -1.5
v -0.6 4.5 -1.5
v -0.4 4.5 -1.5
v -0.6 4.5 -1.8
v -0.4 4.5 -1.8
v -0.6 4.5 -1.9
v -0.4 4.5 -1.9
v -5.3 4.5 -2.2
v -5.2 4.5 -2.2
v -5.5 4.5 -2.3
v -5.4 4.5 -2.3
v -5.3 4.5 -2.3
v -5.2 4.5 -2.3
v -5.5 4.5 -2.4
v -5.4 4.5 -2.4
v -5.3 4.5 -2.4
v -5.2 4.5 -2.4
v -5.4 4.5 -2.7
v -5.2 4.5 -2.7
v -5.8 4.5 -2.8
v -5.7 4.5 -2.8
v -5.5 4.5 -2.8
v -5.4 4.5 -2.8
v -5.2 4.5 -2.8
v -5.1 4.5 -2.8
v -4.8 4.5 -2.8
v -4.7 4.5 -2.8
v -5.8 4.5 -2.9
v -5.7 4.5 -2.9
v -5.7 4.5 -3
v -5.6 4.5 -3
v -5.5 4.5 -3
v -5.4 4.5 -3
v -5.2 4.5 -3
v -5.1 4.5 -3
v -4.8 4.5 -3
v -4.7 4.5 -3
v -5.7 4.5 -3.1
v -5.6 4.5 -3.1
v -5.4 4.5 -3.1
v -5.2 4.5 -3.1
v -5.4 4.5 -3.4
v -5.2 4.5 -3.4
v -5.4 4.5 -3.5
v -5.2 4.5 -3.5
v -0.6 4.6 -0.7
v -0.5 4.6 -0.7
v -0.6 4.6 -0.8
v -0.5 4.6 -0.8
v -0.4 4.6 -0.8
v -0.9 4.6 -1.1
v -0.8 4.6 -1.1
v -0.6 4.6 -1.1
v -0.4 4.6 -1.1
v -0.9 4.6 -1.2
v -0.8 4.6 -1.2
v -0.7 4.6 -1.2
v -0.3 4.6 -1.2
v 0 4.6 -1.2
v -0.9 4.6 -1.4
v -0.7 4.6 -1.4
v -0.3 4.6 -1.4
v 0 4.6 -1.4
v -0.6 4.6 -1.5
v -0.4 4.6 -1.5
v -0.6 4.6 -1.8
v -0.4 4.6 -1.8
v -5.4 4.6 -2.3
v -5.3 4.6 -2.3
v -5.4 4.6 -2.4
v -5.3 4.6 -2.4
v -5.2 4.6 -2.4
v -5.7 4.6 -2.7
v -5.6 4.6 -2.7
v -5.4 4.6 -2.7
v -5.2 4.6 -2.7
v -5.7 4.6 -2.8
v -5.6 4.6 -2.8
v -5.5 4.6 -2.8
v -5.1 4.6 -2.8
v -4.8 4.6 -2.8
v -5.7 4.6 -3
v -5.5 4.6 -3
v -5.1 4.6 -3
v -4.8 4.6 -3
v -5.4 4.6 -3.1
v -5.2 4.6 -3.1
v -5.4 4.6 -3.4
v -5.2 4.6 -3.4
v -0.6 4.7 -1.1
v -0.4 4.7 -1.1
v -0.7 4.7 -1.2
v -0.6 4.7 -1.2
v -0.4 4.7 -1.2
v -0.3 4.7 -1.2
v -0.7 4.7 -1.4
v -0.6 4.7 -1.4
v -0.4 4.7 -1.4
v -0.3 4.7 -1.4
v -0.6 4.7 -1.5
v -0.4 4.7 -1.5
v -5.4 4.7 -2.7
v -5.2 4.7 -2.7
v -5.5 4.7 -2.8
v -5.4 4.7 -2.8
v -5.2 4.7 -2.8
v -5.1 4.7 -2.8
v -5.5 4.7 -3
v -5.4 4.7 -3
v -5.2 4.7 -3
v -5.1 4.7 -3
v -5.4 4.7 -3.1
v -5.2 4.7 -3.1
v -0.6 4.8 -1.2
v -0.4 4.8 -1.2
v -0.6 4.8 -1.4
v -0.4 4.8 -1.4
v -5.4 4.8 -2.8
v -5.2 4.8 -2.8
v -5.4 4.8 -3
v -5.2 4.8 -3

# faces
f 3/9/1 2/9/1 1/9/1
f 4/9/1 2/9/1 3/9/1
f 8/4/1 6/4/1 5/4/1
f 9/4/1 6/4/1 8/4/1
f 10/4/1 8/4/1 7/4/1
f 11/4/1 8/4/1 10/4/1
f 14/9/1 13/9/1 12/9/1
f 15/9/1 13/9/1 14/9/1
f 18/9/1 17/9/1 16/9/1
f 19/9/1 17/9/1 18/9/1
f 22/2/1 21/2/1 20/2/1
f 24/2/1 22/2/1 20/2/1
f 24/4/1 23/4/1 22/4/1
f 25/4/1 23/4/1 24/4/1
f 26/2/1 24/2/1 20/2/1
f 27/2/1 24/2/1 26/2/1
f 32/2/1 29/2/1 28/2/1
f 33/2/1 29/2/1 32/2/1
f 34/4/1 31/4/1 30/4/1
f 37/2/1 34/2/1 33/2/1
f 38/4/1 31/4/1 34/4/1
f 38/2/1 34/2/1 37/2/1
f 39/4/1 31/4/1 38/4/1
f 40/4/1 36/4/1 35/4/1
f 41/2/1 37/2/1 36/2/1
f 41/4/1 36/4/1 40/4/1
f 41/2/1 38/2/1 37/2/1
f 42/2/1 38/2/1 41/2/1
f 45/9/1 44/9/1 43/9/1
f 46/9/1 44/9/1 45/9/1
f 49/8/1 48/8/1 47/8/1
f 50/8/1 48/8/1 49/8/1
f 51/9/1 50/9/1 49/9/1
f 52/9/1 50/9/1 51/9/1
f 55/4/1 54/4/1 53/4/1
f 56/4/1 54/4/1 55/4/1
f 59/4/1 58/4/1 57/4/1
f 60/4/1 58/4/1 59/4/1
f 63/4/1 62/4/1 61/4/1
f 64/4/1 62/4/1 63/4/1
f 67/4/1 66/4/1 65/4/1
f 68/4/1 66/4/1 67/4/1
f 69/4/1 66/4/1 68/4/1
f 72/2/1 71/2/1 70/2/1
f 73/2/1 71/2/1 72/2/1
f 78/2/1 75/2/1 74/2/1
f 79/2/1 75/2/1 78/2/1
f 80/4/1 77/4/1 76/4/1
f 81/4/1 77/4/1 80/4/1
f 84/4/1 83/4/1 82/4/1
f 85/4/1 83/4/1 84/4/1
f 94/6/1 87/6/1 86/6/1
f 95/6/1 87/6/1 94/6/1
f 96/6/1 89/6/1 88/6/1
f 97/6/1 89/6/1 96/6/1
f 98/2/1 93/2/1 92/2/1
f 99/2/1 93/2/1 98/2/1
f 104/2/1 91/2/1 90/2/1
f 105/2/1 91/2/1 104/2/1
f 106/4/1 101/4/1 100/4/1
f 107/4/1 101/4/1 106/4/1
f 108/7/1 103/7/1 102/7/1
f 109/7/1 103/7/1 108/7/1
f 110/2/1 104/2/1 90/2/1
f 117/2/1 110/2/1 90/2/1
f 117/2/1 111/2/1 110/2/1
f 118/2/1 111/2/1 117/2/1
f 122/4/1 113/4/1 112/4/1
f 123/2/1 114/2/1 113/2/1
f 123/4/1 113/4/1 122/4/1
f 124/4/1 115/4/1 114/4/1
f 124/2/1 114/2/1 123/2/1
f 125/4/1 115/4/1 124/4/1
f 127/2/1 117/2/1 116/2/1
f 128/2/1 119/2/1 118/2/1
f 131/2/1 121/2/1 120/2/1
f 132/2/1 125/2/1 124/2/1
f 132/2/1 124/2/1 123/2/1
f 133/2/1 125/2/1 132/2/1
f 134/2/1 125/2/1 133/2/1
f 135/2/1 127/2/1 126/2/1
f 136/2/1 117/2/1 127/2/1
f 136/2/1 127/2/1 135/2/1
f 137/2/1 117/2/1 136/2/1
f 139/2/1 128/2/1 118/2/1
f 139/2/1 129/2/1 128/2/1
f 140/2/1 129/2/1 139/2/1
f 141/4/1 130/4/1 129/4/1
f 141/2/1 129/2/1 140/2/1
f 142/2/1 131/2/1 130/2/1
f 142/4/1 130/4/1 141/4/1
f 143/2/1 121/2/1 131/2/1
f 143/2/1 131/2/1 142/2/1
f 144/2/1 121/2/1 143/2/1
f 145/2/1 134/2/1 133/2/1
f 145/2/1 135/2/1 134/2/1
f 145/2/1 136/2/1 135/2/1
f 146/2/1 136/2/1 145/2/1
f 147/2/1 141/2/1 140/2/1
f 147/2/1 142/2/1 141/2/1
f 147/2/1 143/2/1 142/2/1
f 148/4/1 144/4/1 143/4/1
f 148/2/1 143/2/1 147/2/1
f 149/4/1 144/4/1 148/4/1
f 150/2/1 138/2/1 137/2/1
f 156/4/1 153/4/1 152/4/1
f 159/2/1 150/2/1 137/2/1
f 159/2/1 151/2/1 150/2/1
f 160/2/1 151/2/1 159/2/1
f 162/4/1 155/4/1 154/4/1
f 163/4/1 155/4/1 162/4/1
f 164/4/1 156/4/1 152/4/1
f 165/2/1 157/2/1 156/2/1
f 165/4/1 156/4/1 164/4/1
f 166/2/1 157/2/1 165/2/1
f 169/2/1 159/2/1 158/2/1
f 170/2/1 161/2/1 160/2/1
f 173/2/1 163/2/1 162/2/1
f 175/2/1 167/2/1 166/2/1
f 176/2/1 167/2/1 175/2/1
f 177/2/1 169/2/1 168/2/1
f 178/2/1 159/2/1 169/2/1
f 178/2/1 169/2/1 177/2/1
f 179/2/1 159/2/1 178/2/1
f 180/2/1 171/2/1 170/2/1
f 180/2/1 170/2/1 160/2/1
f 181/2/1 171/2/1 180/2/1
f 182/2/1 171/2/1 181/2/1
f 183/2/1 173/2/1 172/2/1
f 184/2/1 163/2/1 173/2/1
f 184/2/1 173/2/1 183/2/1
f 185/2/1 163/2/1 184/2/1
f 186/4/1 175/4/1 174/4/1
f 187/2/1 176/2/1 175/2/1
f 187/4/1 175/4/1 186/4/1
f 187/2/1 177/2/1 176/2/1
f 187/2/1 178/2/1 177/2/1
f 188/2/1 178/2/1 187/2/1
f 189/4/1 180/4/1 179/4/1
f 190/4/1 180/4/1 189/4/1
f 191/2/1 182/2/1 181/2/1
f 191/2/1 183/2/1 182/2/1
f 191/2/1 184/2/1 183/2/1
f 192/2/1 184/2/1 191/2/1
f 193/4/1 189/4/1 188/4/1
f 194/4/1 189/4/1 193/4/1
f 195/4/1 191/4/1 190/4/1
f 196/4/1 191/4/1 195/4/1
f 197/4/1 195/4/1 194/4/1
f 198/4/1 195/4/1 197/4/1
f 201/6/1 200/6/1 199/6/1
f 202/6/1 200/6/1 201/6/1
f 207/4/1 204/4/1 203/4/1
f 208/4/1 204/4/1 207/4/1
f 211/7/1 206/7/1 205/7/1
f 212/7/1 206/7/1 211/7/1
f 215/7/1 214/7/1 213/7/1
f 216/7/1 214/7/1 215/7/1
f 219/4/1 218/4/1 217/4/1
f 220/4/1 218/4/1 219/4/1
f 225/2/1 210/2/1 209/2/1
f 226/2/1 210/2/1 225/2/1
f 229/4/1 222/4/1 221/4/1
f 230/4/1 222/4/1 229/4/1
f 231/4/1 224/4/1 223/4/1
f 232/4/1 228/4/1 227/4/1
f 237/4/1 224/4/1 231/4/1
f 238/4/1 224/4/1 237/4/1
f 239/4/1 234/4/1 233/4/1
f 240/4/1 234/4/1 239/4/1
f 242/2/1 236/2/1 235/2/1
f 243/4/1 228/4/1 232/4/1
f 244/4/1 228/4/1 243/4/1
f 245/4/1 241/4/1 240/4/1
f 246/4/1 241/4/1 245/4/1
f 247/2/1 242/2/1 235/2/1
f 248/2/1 242/2/1 247/2/1
f 251/4/1 250/4/1 249/4/1
f 254/4/1 250/4/1 251/4/1
f 255/4/1 250/4/1 254/4/1
f 256/4/1 253/4/1 252/4/1
f 257/4/1 253/4/1 256/4/1
f 262/6/1 259/6/1 258/6/1
f 263/6/1 259/6/1 262/6/1
f 264/4/1 261/4/1 260/4/1
f 265/4/1 261/4/1 264/4/1
f 268/6/1 267/6/1 266/6/1
f 269/6/1 267/6/1 268/6/1
f 272/7/1 269/7/1 268/7/1
f 273/7/1 269/7/1 272/7/1
f 276/4/1 271/4/1 270/4/1
f 277/4/1 271/4/1 276/4/1
f 278/7/1 275/7/1 274/7/1
f 279/7/1 275/7/1 278/7/1
f 282/2/1 281/2/1 280/2/1
f 283/2/1 281/2/1 282/2/1
f 292/6/1 285/6/1 284/6/1
f 293/6/1 285/6/1 292/6/1
f 294/2/1 287/2/1 286/2/1
f 295/2/1 287/2/1 294/2/1
f 296/2/1 289/2/1 288/2/1
f 297/2/1 289/2/1 296/2/1
f 298/6/1 291/6/1 290/6/1
f 299/6/1 291/6/1 298/6/1
f 304/4/1 301/4/1 300/4/1
f 306/6/1 303/6/1 302/6/1
f 307/6/1 303/6/1 306/6/1
f 308/4/1 305/4/1 304/4/1
f 308/4/1 304/4/1 300/4/1
f 309/4/1 305/4/1 308/4/1
f 310/4/1 305/4/1 309/4/1
f 314/4/1 310/4/1 309/4/1
f 314/4/1 311/4/1 310/4/1
f 315/4/1 311/4/1 314/4/1
f 316/4/1 313/4/1 312/4/1
f 317/4/1 313/4/1 316/4/1
f 321/7/1 319/7/1 318/7/1
f 322/6/1 320/6/1 319/6/1
f 322/7/1 319/7/1 321/7/1
f 323/6/1 320/6/1 322/6/1
f 326/2/1 325/2/1 324/2/1
f 327/2/1 325/2/1 326/2/1
f 330/2/1 329/2/1 328/2/1
f 331/2/1 329/2/1 330/2/1
f 339/6/1 335/6/1 334/6/1
f 340/6/1 335/6/1 339/6/1
f 344/6/1 337/6/1 336/6/1
f 345/6/1 337/6/1 344/6/1
f 346/6/1 339/6/1 338/6/1
f 347/6/1 339/6/1 346/6/1
f 348/6/1 341/6/1 340/6/1
f 349/6/1 341/6/1 348/6/1
f 350/6/1 343/6/1 342/6/1
f 351/6/1 343/6/1 350/6/1
f 355/4/1 333/4/1 332/4/1
f 356/4/1 333/4/1 355/4/1
f 357/6/1 346/6/1 345/6/1
f 358/6/1 346/6/1 357/6/1
f 359/6/1 350/6/1 349/6/1
f 360/6/1 350/6/1 359/6/1
f 361/6/1 353/6/1 352/6/1
f 362/6/1 353/6/1 361/6/1
f 364/4/1 355/4/1 354/4/1
f 365/4/1 355/4/1 364/4/1
f 366/4/1 355/4/1 365/4/1
f 373/4/1 364/4/1 363/4/1
f 373/4/1 365/4/1 364/4/1
f 374/4/1 365/4/1 373/4/1
f 375/4/1 365/4/1 374/4/1
f 376/4/1 367/4/1 366/4/1
f 379/6/1 369/6/1 368/6/1
f 380/6/1 369/6/1 379/6/1
f 381/4/1 371/4/1 370/4/1
f 382/4/1 371/4/1 381/4/1
f 383/4/1 373/4/1 372/4/1
f 383/4/1 374/4/1 373/4/1
f 384/4/1 374/4/1 383/4/1
f 385/4/1 376/4/1 366/4/1
f 386/4/1 376/4/1 385/4/1
f 387/4/1 378/4/1 377/4/1
f 388/4/1 378/4/1 387/4/1
f 390/4/1 389/4/1 388/4/1
f 390/4/1 388/4/1 387/4/1
f 391/4/1 389/4/1 390/4/1
f 394/4/1 393/4/1 392/4/1
f 395/4/1 393/4/1 394/4/1
f 398/5/1 397/5/1 396/5/1
f 399/5/1 397/5/1 398/5/1
f 404/6/1 401/6/1 400/6/1
f 405/6/1 401/6/1 404/6/1
f 406/6/1 403/6/1 402/6/1
f 407/6/1 403/6/1 406/6/1
f 412/6/1 406/6/1 402/6/1
f 413/6/1 406/6/1 412/6/1
f 414/6/1 409/6/1 408/6/1
f 415/6/1 409/6/1 414/6/1
f 416/4/1 411/4/1 410/4/1
f 417/4/1 411/4/1 416/4/1
f 425/4/1 419/4/1 418/4/1
f 425/4/1 420/4/1 419/4/1
f 426/4/1 420/4/1 425/4/1
f 427/4/1 422/4/1 421/4/1
f 428/4/1 422/4/1 427/4/1
f 429/6/1 424/6/1 423/6/1
f 430/6/1 424/6/1 429/6/1
f 434/4/1 432/4/1 431/4/1
f 435/4/1 434/4/1 433/4/1
f 436/4/1 432/4/1 434/4/1
f 436/4/1 434/4/1 435/4/1
f 437/4/1 432/4/1 436/4/1
f 438/4/1 432/4/1 437/4/1
f 440/2/1 439/2/1 438/2/1
f 441/2/1 439/2/1 440/2/1
f 444/2/1 443/2/1 442/2/1
f 445/2/1 443/2/1 444/2/1
f 451/6/1 447/6/1 446/6/1
f 452/6/1 447/6/1 451/6/1
f 456/6/1 449/6/1 448/6/1
f 457/6/1 449/6/1 456/6/1
f 461/6/1 451/6/1 450/6/1
f 462/6/1 453/6/1 452/6/1
f 464/6/1 455/6/1 454/6/1
f 465/6/1 455/6/1 464/6/1
f 466/6/1 459/6/1 458/6/1
f 467/6/1 459/6/1 466/6/1
f 471/6/1 461/6/1 460/6/1
f 472/6/1 451/6/1 461/6/1
f 472/6/1 461/6/1 471/6/1
f 473/6/1 451/6/1 472/6/1
f 474/6/1 463/6/1 462/6/1
f 474/6/1 462/6/1 452/6/1
f 475/6/1 463/6/1 474/6/1
f 476/6/1 463/6/1 475/6/1
f 478/4/1 469/4/1 468/4/1
f 482/6/1 472/6/1 471/6/1
f 482/6/1 471/6/1 470/6/1
f 483/6/1 472/6/1 482/6/1
f 484/6/1 472/6/1 483/6/1
f 485/6/1 477/6/1 476/6/1
f 485/6/1 476/6/1 475/6/1
f 486/6/1 477/6/1 485/6/1
f 487/6/1 477/6/1 486/6/1
f 492/4/1 479/4/1 478/4/1
f 492/4/1 478/4/1 468/4/1
f 493/4/1 479/4/1 492/4/1
f 494/4/1 479/4/1 493/4/1
f 495/7/1 481/7/1 480/7/1
f 496/6/1 483/6/1 482/6/1
f 496/6/1 482/6/1 481/6/1
f 496/7/1 481/7/1 495/7/1
f 497/6/1 483/6/1 496/6/1
f 498/6/1 483/6/1 497/6/1
f 499/6/1 487/6/1 486/6/1
f 499/6/1 488/6/1 487/6/1
f 500/6/1 488/6/1 499/6/1
f 501/7/1 489/7/1 488/7/1
f 501/6/1 488/6/1 500/6/1
f 502/7/1 489/7/1 501/7/1
f 503/6/1 491/6/1 490/6/1
f 504/6/1 491/6/1 503/6/1
f 505/4/1 495/4/1 494/4/1
f 505/4/1 494/4/1 493/4/1
f 506/4/1 495/4/1 505/4/1
f 507/7/1 497/7/1 496/7/1
f 508/7/1 497/7/1 507/7/1
f 509/7/1 501/7/1 500/7/1
f 510/7/1 501/7/1 509/7/1
f 513/4/1 512/4/1 511/4/1
f 514/4/1 512/4/1 513/4/1
f 517/2/1 516/2/1 515/2/1
f 518/2/1 516/2/1 517/2/1
f 521/4/1 520/4/1 519/4/1
f 522/4/1 520/4/1 521/4/1
f 524/2/1 522/2/1 521/2/1
f 524/2/1 523/2/1 522/2/1
f 525/2/1 523/2/1 524/2/1
f 529/9/1 527/9/1 526/9/1
f 530/9/1 527/9/1 529/9/1
f 531/9/1 529/9/1 528/9/1
f 532/9/1 529/9/1 531/9/1
f 541/6/1 536/6/1 535/6/1
f 542/6/1 536/6/1 541/6/1
f 545/6/1 538/6/1 537/6/1
f 546/6/1 538/6/1 545/6/1
f 547/4/1 540/4/1 539/4/1
f 548/4/1 540/4/1 547/4/1
f 549/6/1 544/6/1 543/6/1
f 550/6/1 544/6/1 549/6/1
f 552/4/1 534/4/1 533/4/1
f 553/4/1 534/4/1 552/4/1
f 557/4/1 552/4/1 551/4/1
f 558/4/1 552/4/1 557/4/1
f 559/4/1 552/4/1 558/4/1
f 561/6/1 555/6/1 554/6/1
f 562/6/1 555/6/1 561/6/1
f 564/4/1 557/4/1 556/4/1
f 564/4/1 558/4/1 557/4/1
f 565/4/1 558/4/1 564/4/1
f 566/4/1 558/4/1 565/4/1
f 567/4/1 560/4/1 559/4/1
f 570/4/1 565/4/1 564/4/1
f 570/4/1 564/4/1 563/4/1
f 571/4/1 565/4/1 570/4/1
f 572/4/1 567/4/1 559/4/1
f 573/4/1 567/4/1 572/4/1
f 574/4/1 569/4/1 568/4/1
f 575/4/1 569/4/1 574/4/1
f 577/4/1 576/4/1 575/4/1
f 577/4/1 575/4/1 574/4/1
f 578/4/1 576/4/1 577/4/1
f 582/4/1 580/4/1 579/4/1
f 582/4/1 581/4/1 580/4/1
f 583/4/1 581/4/1 582/4/1
f 586/9/1 585/9/1 584/9/1
f 587/9/1 585/9/1 586/9/1
f 591/9/1 589/9/1 588/9/1
f 592/9/1 589/9/1 591/9/1
f 593/9/1 591/9/1 590/9/1
f 594/9/1 591/9/1 593/9/1
f 600/6/1 596/6/1 595/6/1
f 601/6/1 596/6/1 600/6/1
f 608/6/1 598/6/1 597/6/1
f 609/6/1 598/6/1 608/6/1
f 614/6/1 600/6/1 599/6/1
f 615/6/1 602/6/1 601/6/1
f 617/6/1 604/6/1 603/6/1
f 618/6/1 604/6/1 617/6/1
f 619/6/1 606/6/1 605/6/1
f 620/6/1 606/6/1 619/6/1
f 621/6/1 608/6/1 607/6/1
f 622/6/1 608/6/1 621/6/1
f 623/6/1 610/6/1 609/6/1
f 624/6/1 610/6/1 623/6/1
f 625/6/1 612/6/1 611/6/1
f 626/6/1 612/6/1 625/6/1
f 630/6/1 614/6/1 613/6/1
f 631/6/1 600/6/1 614/6/1
f 631/6/1 614/6/1 630/6/1
f 632/6/1 600/6/1 631/6/1
f 633/6/1 616/6/1 615/6/1
f 633/6/1 615/6/1 601/6/1
f 634/6/1 616/6/1 633/6/1
f 635/6/1 616/6/1 634/6/1
f 639/6/1 621/6/1 620/6/1
f 640/6/1 621/6/1 639/6/1
f 641/6/1 625/6/1 624/6/1
f 642/6/1 625/6/1 641/6/1
f 643/6/1 628/6/1 627/6/1
f 644/6/1 628/6/1 643/6/1
f 646/6/1 630/6/1 629/6/1
f 646/6/1 631/6/1 630/6/1
f 647/6/1 631/6/1 646/6/1
f 648/6/1 631/6/1 647/6/1
f 649/6/1 636/6/1 635/6/1
f 649/6/1 635/6/1 634/6/1
f 650/6/1 636/6/1 649/6/1
f 651/6/1 636/6/1 650/6/1
f 655/6/1 638/6/1 637/6/1
f 656/6/1 638/6/1 655/6/1
f 659/6/1 647/6/1 646/6/1
f 659/6/1 646/6/1 645/6/1
f 660/6/1 647/6/1 659/6/1
f 661/6/1 652/6/1 651/6/1
f 661/6/1 651/6/1 650/6/1
f 662/6/1 652/6/1 661/6/1
f 663/6/1 654/6/1 653/6/1
f 664/6/1 654/6/1 663/6/1
f 665/6/1 658/6/1 657/6/1
f 666/6/1 658/6/1 665/6/1
f 672/4/1 668/4/1 667/4/1
f 672/4/1 669/4/1 668/4/1
f 673/4/1 669/4/1 672/4/1
f 674/4/1 671/4/1 670/4/1
f 675/4/1 671/4/1 674/4/1
f 680/4/1 677/4/1 676/4/1
f 680/4/1 678/4/1 677/4/1
f 681/4/1 678/4/1 680/4/1
f 682/4/1 678/4/1 681/4/1
f 683/4/1 680/4/1 679/4/1
f 683/4/1 681/4/1 680/4/1
f 684/4/1 681/4/1 683/4/1
f 687/9/1 686/9/1 685/9/1
f 688/9/1 686/9/1 687/9/1
f 689/9/1 686/9/1 688/9/1
f 694/2/1 691/2/1 690/2/1
f 695/2/1 691/2/1 694/2/1
f 696/2/1 693/2/1 692/2/1
f 697/2/1 693/2/1 696/2/1
f 700/6/1 699/6/1 698/6/1
f 701/6/1 699/6/1 700/6/1
f 704/6/1 703/6/1 702/6/1
f 705/6/1 703/6/1 704/6/1
f 710/6/1 707/6/1 706/6/1
f 711/6/1 707/6/1 710/6/1
f 712/6/1 709/6/1 708/6/1
f 713/6/1 709/6/1 712/6/1
f 716/4/1 715/4/1 714/4/1
f 717/4/1 715/4/1 716/4/1
f 722/2/1 719/2/1 718/2/1
f 723/2/1 719/2/1 722/2/1
f 728/2/1 721/2/1 720/2/1
f 729/2/1 721/2/1 728/2/1
f 732/6/1 725/6/1 724/6/1
f 733/6/1 725/6/1 732/6/1
f 734/6/1 727/6/1 726/6/1
f 735/6/1 727/6/1 734/6/1
f 738/6/1 731/6/1 730/6/1
f 739/6/1 731/6/1 738/6/1
f 740/4/1 737/4/1 736/4/1
f 741/4/1 737/4/1 740/4/1
f 748/6/1 743/6/1 742/6/1
f 749/6/1 743/6/1 748/6/1
f 750/6/1 745/6/1 744/6/1
f 751/6/1 745/6/1 750/6/1
f 752/6/1 747/6/1 746/6/1
f 753/6/1 747/6/1 752/6/1
f 759/4/1 755/4/1 754/4/1
f 759/4/1 756/4/1 755/4/1
f 760/4/1 756/4/1 759/4/1
f 761/2/1 758/2/1 757/2/1
f 762/2/1 758/2/1 761/2/1
f 767/2/1 764/2/1 763/2/1
f 768/2/1 764/2/1 767/2/1
f 770/6/1 766/6/1 765/6/1
f 771/6/1 766/6/1 770/6/1
f 774/6/1 770/6/1 769/6/1
f 775/6/1 772/6/1 771/6/1
f 782/6/1 774/6/1 773/6/1
f 783/6/1 770/6/1 774/6/1
f 783/6/1 774/6/1 782/6/1
f 784/6/1 770/6/1 783/6/1
f 785/6/1 775/6/1 771/6/1
f 785/6/1 776/6/1 775/6/1
f 786/6/1 776/6/1 785/6/1
f 787/6/1 776/6/1 786/6/1
f 789/6/1 778/6/1 777/6/1
f 790/6/1 778/6/1 789/6/1
f 791/6/1 780/6/1 779/6/1
f 792/6/1 780/6/1 791/6/1
f 794/6/1 782/6/1 781/6/1
f 794/6/1 783/6/1 782/6/1
f 795/6/1 783/6/1 794/6/1
f 796/6/1 783/6/1 795/6/1
f 797/6/1 785/6/1 784/6/1
f 798/6/1 785/6/1 797/6/1
f 799/6/1 788/6/1 787/6/1
f 799/6/1 787/6/1 786/6/1
f 800/6/1 788/6/1 799/6/1
f 801/6/1 788/6/1 800/6/1
f 806/6/1 794/6/1 793/6/1
f 806/6/1 795/6/1 794/6/1
f 807/6/1 795/6/1 806/6/1
f 808/6/1 795/6/1 807/6/1
f 809/6/1 802/6/1 801/6/1
f 809/6/1 801/6/1 800/6/1
f 810/6/1 802/6/1 809/6/1
f 811/6/1 802/6/1 810/6/1
f 817/7/1 804/7/1 803/7/1
f 818/7/1 804/7/1 817/7/1
f 819/7/1 804/7/1 818/7/1
f 822/6/1 807/6/1 806/6/1
f 822/6/1 806/6/1 805/6/1
f 823/6/1 807/6/1 822/6/1
f 824/6/1 807/6/1 823/6/1
f 825/6/1 812/6/1 811/6/1
f 825/6/1 811/6/1 810/6/1
f 826/6/1 812/6/1 825/6/1
f 827/6/1 812/6/1 826/6/1
f 830/7/1 814/7/1 813/7/1
f 831/7/1 814/7/1 830/7/1
f 832/7/1 814/7/1 831/7/1
f 833/7/1 816/7/1 815/7/1
f 834/7/1 816/7/1 833/7/1
f 835/7/1 820/7/1 819/7/1
f 835/7/1 819/7/1 818/7/1
f 836/7/1 820/7/1 835/7/1
f 837/7/1 820/7/1 836/7/1
f 838/6/1 823/6/1 822/6/1
f 838/6/1 822/6/1 821/6/1
f 839/6/1 823/6/1 838/6/1
f 840/6/1 823/6/1 839/6/1
f 841/6/1 828/6/1 827/6/1
f 841/6/1 827/6/1 826/6/1
f 842/6/1 828/6/1 841/6/1
f 843/6/1 828/6/1 842/6/1
f 844/6/1 830/6/1 829/6/1
f 845/7/1 831/7/1 830/7/1
f 845/6/1 830/6/1 844/6/1
f 846/7/1 831/7/1 845/7/1
f 847/6/1 837/6/1 836/6/1
f 847/6/1 839/6/1 838/6/1
f 847/6/1 838/6/1 837/6/1
f 848/6/1 839/6/1 847/6/1
f 849/6/1 839/6/1 848/6/1
f 850/6/1 839/6/1 849/6/1
f 851/6/1 844/6/1 843/6/1
f 851/6/1 843/6/1 842/6/1
f 852/6/1 844/6/1 851/6/1
f 853/7/1 845/7/1 844/7/1
f 853/6/1 844/6/1 852/6/1
f 854/7/1 845/7/1 853/7/1
f 855/6/1 849/6/1 848/6/1
f 856/6/1 849/6/1 855/6/1
f 857/6/1 853/6/1 852/6/1
f 858/6/1 853/6/1 857/6/1
f 865/4/1 861/4/1 860/4/1
f 865/4/1 860/4/1 859/4/1
f 866/4/1 861/4/1 865/4/1
f 867/4/1 861/4/1 866/4/1
f 868/2/1 863/2/1 862/2/1
f 869/2/1 863/2/1 868/2/1
f 870/2/1 863/2/1 869/2/1
f 871/4/1 865/4/1 864/4/1
f 871/4/1 866/4/1 865/4/1
f 872/4/1 866/4/1 871/4/1
f 873/3/1 870/3/1 869/3/1
f 874/3/1 870/3/1 873/3/1
f 877/6/1 876/6/1 875/6/1
f 878/6/1 876/6/1 877/6/1
f 885/2/1 880/2/1 879/2/1
f 886/2/1 880/2/1 885/2/1
f 887/2/1 882/2/1 881/2/1
f 888/2/1 882/2/1 887/2/1
f 889/6/1 884/6/1 883/6/1
f 890/6/1 884/6/1 889/6/1
f 893/2/1 892/2/1 891/2/1
f 894/2/1 892/2/1 893/2/1
f 899/6/1 896/6/1 895/6/1
f 900/6/1 896/6/1 899/6/1
f 905/2/1 898/2/1 897/2/1
f 906/2/1 898/2/1 905/2/1
f 907/2/1 902/2/1 901/2/1
f 908/2/1 902/2/1 907/2/1
f 909/2/1 904/2/1 903/2/1
f 910/2/1 904/2/1 909/2/1
f 915/6/1 912/6/1 911/6/1
f 916/6/1 912/6/1 915/6/1
f 917/6/1 914/6/1 913/6/1
f 918/6/1 914/6/1 917/6/1
f 921/2/1 920/2/1 919/2/1
f 922/2/1 920/2/1 921/2/1
f 925/2/1 924/2/1 923/2/1
f 926/2/1 924/2/1 925/2/1
f 931/6/1 928/6/1 927/6/1
f 932/6/1 928/6/1 931/6/1
f 937/2/1 930/2/1 929/2/1
f 938/2/1 930/2/1 937/2/1
f 941/2/1 934/2/1 933/2/1
f 942/2/1 934/2/1 941/2/1
f 943/2/1 936/2/1 935/2/1
f 944/2/1 936/2/1 943/2/1
f 947/6/1 940/6/1 939/6/1
f 948/6/1 940/6/1 947/6/1
f 949/6/1 946/6/1 945/6/1
f 950/6/1 946/6/1 949/6/1
f 955/6/1 952/6/1 951/6/1
f 956/6/1 952/6/1 955/6/1
f 957/6/1 954/6/1 953/6/1
f 958/6/1 954/6/1 957/6/1
f 961/2/1 960/2/1 959/2/1
f 962/2/1 960/2/1 961/2/1
f 965/2/1 964/2/1 963/2/1
f 966/2/1 964/2/1 965/2/1
f 974/2/1 968/2/1 967/2/1
f 975/2/1 968/2/1 974/2/1
f 980/2/1 970/2/1 969/2/1
f 981/2/1 970/2/1 980/2/1
f 983/2/1 972/2/1 971/2/1
f 984/2/1 972/2/1 983/2/1
f 986/2/1 974/2/1 973/2/1
f 987/2/1 976/2/1 975/2/1
f 989/6/1 978/6/1 977/6/1
f 990/6/1 978/6/1 989/6/1
f 992/2/1 980/2/1 979/2/1
f 993/2/1 982/2/1 981/2/1
f 996/2/1 986/2/1 985/2/1
f 997/2/1 974/2/1 986/2/1
f 997/2/1 986/2/1 996/2/1
f 998/2/1 974/2/1 997/2/1
f 999/2/1 988/2/1 987/2/1
f 999/2/1 987/2/1 975/2/1
f 1000/2/1 988/2/1 999/2/1
f 1001/2/1 988/2/1 1000/2/1
f 1004/2/1 992/2/1 991/2/1
f 1005/2/1 980/2/1 992/2/1
f 1005/2/1 992/2/1 1004/2/1
f 1006/2/1 980/2/1 1005/2/1
f 1007/2/1 994/2/1 993/2/1
f 1007/2/1 993/2/1 981/2/1
f 1008/2/1 994/2/1 1007/2/1
f 1009/2/1 994/2/1 1008/2/1
f 1011/2/1 996/2/1 995/2/1
f 1011/2/1 997/2/1 996/2/1
f 1012/2/1 997/2/1 1011/2/1
f 1013/2/1 1002/2/1 1001/2/1
f 1013/2/1 1001/2/1 1000/2/1
f 1014/2/1 1002/2/1 1013/2/1
f 1020/2/1 1005/2/1 1004/2/1
f 1020/2/1 1004/2/1 1003/2/1
f 1021/2/1 1005/2/1 1020/2/1
f 1022/2/1 1010/2/1 1009/2/1
f 1022/2/1 1009/2/1 1008/2/1
f 1023/2/1 1010/2/1 1022/2/1
f 1024/6/1 1015/6/1 1014/6/1
f 1025/6/1 1015/6/1 1024/6/1
f 1026/6/1 1017/6/1 1016/6/1
f 1027/6/1 1017/6/1 1026/6/1
f 1028/6/1 1019/6/1 1018/6/1
f 1029/6/1 1019/6/1 1028/6/1
f 1031/2/1 999/2/1 998/2/1
f 1032/2/1 999/2/1 1031/2/1
f 1037/2/1 1031/2/1 1030/2/1
f 1038/2/1 1033/2/1 1032/2/1
f 1042/2/1 1035/2/1 1034/2/1
f 1043/2/1 1035/2/1 1042/2/1
f 1044/2/1 1035/2/1 1043/2/1
f 1045/2/1 1037/2/1 1036/2/1
f 1046/2/1 1031/2/1 1037/2/1
f 1046/2/1 1037/2/1 1045/2/1
f 1047/2/1 1031/2/1 1046/2/1
f 1048/2/1 1038/2/1 1032/2/1
f 1048/2/1 1039/2/1 1038/2/1
f 1049/2/1 1039/2/1 1048/2/1
f 1050/2/1 1039/2/1 1049/2/1
f 1051/2/1 1041/2/1 1040/2/1
f 1052/2/1 1041/2/1 1051/2/1
f 1053/2/1 1041/2/1 1052/2/1
f 1054/2/1 1044/2/1 1043/2/1
f 1054/2/1 1045/2/1 1044/2/1
f 1054/2/1 1046/2/1 1045/2/1
f 1055/2/1 1046/2/1 1054/2/1
f 1056/2/1 1050/2/1 1049/2/1
f 1056/2/1 1052/2/1 1051/2/1
f 1056/2/1 1051/2/1 1050/2/1
f 1057/3/1 1053/3/1 1052/3/1
f 1057/2/1 1052/2/1 1056/2/1
f 1058/3/1 1053/3/1 1057/3/1
f 1060/2/1 1048/2/1 1047/2/1
f 1061/2/1 1048/2/1 1060/2/1
f 1064/2/1 1060/2/1 1059/2/1
f 1065/2/1 1062/2/1 1061/2/1
f 1069/2/1 1064/2/1 1063/2/1
f 1070/2/1 1060/2/1 1064/2/1
f 1070/2/1 1064/2/1 1069/2/1
f 1071/2/1 1060/2/1 1070/2/1
f 1072/2/1 1065/2/1 1061/2/1
f 1072/2/1 1066/2/1 1065/2/1
f 1073/2/1 1066/2/1 1072/2/1
f 1074/2/1 1066/2/1 1073/2/1
f 1076/3/1 1068/3/1 1067/3/1
f 1077/2/1 1069/2/1 1068/2/1
f 1077/3/1 1068/3/1 1076/3/1
f 1077/2/1 1070/2/1 1069/2/1
f 1078/2/1 1070/2/1 1077/2/1
f 1079/2/1 1075/2/1 1074/2/1
f 1079/2/1 1074/2/1 1073/2/1
f 1080/2/1 1075/2/1 1079/2/1
f 1081/2/1 1075/2/1 1080/2/1
f 1082/3/1 1080/3/1 1079/3/1
f 1083/3/1 1080/3/1 1082/3/1
f 1091/2/1 1085/2/1 1084/2/1
f 1092/2/1 1085/2/1 1091/2/1
f 1094/6/1 1087/6/1 1086/6/1
f 1095/6/1 1087/6/1 1094/6/1
f 1099/6/1 1089/6/1 1088/6/1
f 1100/6/1 1089/6/1 1099/6/1
f 1105/2/1 1091/2/1 1090/2/1
f 1106/2/1 1093/2/1 1092/2/1
f 1108/6/1 1097/6/1 1096/6/1
f 1109/6/1 1097/6/1 1108/6/1
f 1110/6/1 1099/6/1 1098/6/1
f 1111/6/1 1099/6/1 1110/6/1
f 1112/6/1 1101/6/1 1100/6/1
f 1113/6/1 1101/6/1 1112/6/1
f 1114/6/1 1103/6/1 1102/6/1
f 1115/6/1 1103/6/1 1114/6/1
f 1117/2/1 1105/2/1 1104/2/1
f 1118/2/1 1091/2/1 1105/2/1
f 1118/2/1 1105/2/1 1117/2/1
f 1119/2/1 1091/2/1 1118/2/1
f 1120/2/1 1107/2/1 1106/2/1
f 1120/2/1 1106/2/1 1092/2/1
f 1121/2/1 1107/2/1 1120/2/1
f 1122/2/1 1107/2/1 1121/2/1
f 1126/6/1 1110/6/1 1109/6/1
f 1127/6/1 1110/6/1 1126/6/1
f 1128/6/1 1114/6/1 1113/6/1
f 1129/6/1 1114/6/1 1128/6/1
f 1130/2/1 1117/2/1 1116/2/1
f 1130/2/1 1118/2/1 1117/2/1
f 1131/2/1 1118/2/1 1130/2/1
f 1132/2/1 1123/2/1 1122/2/1
f 1132/2/1 1122/2/1 1121/2/1
f 1133/2/1 1123/2/1 1132/2/1
f 1135/3/1 1125/3/1 1124/3/1
f 1136/3/1 1125/3/1 1135/3/1
f 1137/3/1 1136/3/1 1135/3/1
f 1137/3/1 1135/3/1 1134/3/1
f 1138/3/1 1136/3/1 1137/3/1
f 1141/6/1 1140/6/1 1139/6/1
f 1142/6/1 1140/6/1 1141/6/1
f 1145/3/1 1144/3/1 1143/3/1
f 1146/3/1 1144/3/1 1145/3/1
f 1149/3/1 1148/3/1 1147/3/1
f 1150/3/1 1148/3/1 1149/3/1
f 1155/2/1 1152/2/1 1151/2/1
f 1156/2/1 1152/2/1 1155/2/1
f 1157/2/1 1154/2/1 1153/2/1
f 1158/2/1 1154/2/1 1157/2/1
f 1161/6/1 1160/6/1 1159/6/1
f 1162/6/1 1160/6/1 1161/6/1
f 1165/2/1 1164/2/1 1163/2/1
f 1166/2/1 1164/2/1 1165/2/1
f 1173/6/1 1168/6/1 1167/6/1
f 1174/6/1 1168/6/1 1173/6/1
f 1175/2/1 1170/2/1 1169/2/1
f 1176/2/1 1170/2/1 1175/2/1
f 1179/2/1 1172/2/1 1171/2/1
f 1180/2/1 1172/2/1 1179/2/1
f 1183/2/1 1178/2/1 1177/2/1
f 1184/2/1 1178/2/1 1183/2/1
f 1185/2/1 1178/2/1 1184/2/1
f 1188/2/1 1182/2/1 1181/2/1
f 1189/2/1 1182/2/1 1188/2/1
f 1190/3/1 1185/3/1 1184/3/1
f 1191/3/1 1185/3/1 1190/3/1
f 1192/7/1 1187/7/1 1186/7/1
f 1193/7/1 1187/7/1 1192/7/1
f 1198/6/1 1195/6/1 1194/6/1
f 1199/6/1 1195/6/1 1198/6/1
f 1200/4/1 1197/4/1 1196/4/1
f 1201/4/1 1197/4/1 1200/4/1
f 1204/2/1 1203/2/1 1202/2/1
f 1205/2/1 1203/2/1 1204/2/1
f 1208/2/1 1207/2/1 1206/2/1
f 1209/2/1 1207/2/1 1208/2/1
f 1212/2/1 1211/2/1 1210/2/1
f 1213/2/1 1211/2/1 1212/2/1
f 1216/2/1 1215/2/1 1214/2/1
f 1217/2/1 1215/2/1 1216/2/1
f 1222/6/1 1219/6/1 1218/6/1
f 1223/6/1 1219/6/1 1222/6/1
f 1224/2/1 1221/2/1 1220/2/1
f 1225/2/1 1221/2/1 1224/2/1
f 1230/3/1 1227/3/1 1226/3/1
f 1231/3/1 1227/3/1 1230/3/1
f 1232/6/1 1229/6/1 1228/6/1
f 1233/6/1 1229/6/1 1232/6/1
f 1234/7/1 1233/7/1 1232/7/1
f 1235/7/1 1233/7/1 1234/7/1
f 1238/4/1 1237/4/1 1236/4/1
f 1239/4/1 1237/4/1 1238/4/1
f 1240/4/1 1237/4/1 1239/4/1
f 1243/6/1 1242/6/1 1241/6/1
f 1244/6/1 1242/6/1 1243/6/1
f 1255/6/1 1246/6/1 1245/6/1
f 1256/6/1 1246/6/1 1255/6/1
f 1257/2/1 1248/2/1 1247/2/1
f 1258/2/1 1248/2/1 1257/2/1
f 1259/2/1 1250/2/1 1249/2/1
f 1260/2/1 1250/2/1 1259/2/1
f 1262/2/1 1252/2/1 1251/2/1
f 1263/2/1 1252/2/1 1262/2/1
f 1267/2/1 1254/2/1 1253/2/1
f 1268/2/1 1254/2/1 1267/2/1
f 1270/2/1 1262/2/1 1261/2/1
f 1271/2/1 1264/2/1 1263/2/1
f 1273/6/1 1266/6/1 1265/6/1
f 1274/6/1 1266/6/1 1273/6/1
f 1276/2/1 1270/2/1 1269/2/1
f 1277/2/1 1262/2/1 1270/2/1
f 1277/2/1 1270/2/1 1276/2/1
f 1278/2/1 1262/2/1 1277/2/1
f 1279/2/1 1272/2/1 1271/2/1
f 1279/2/1 1271/2/1 1263/2/1
f 1280/2/1 1272/2/1 1279/2/1
f 1281/2/1 1272/2/1 1280/2/1
f 1285/2/1 1276/2/1 1275/2/1
f 1285/2/1 1277/2/1 1276/2/1
f 1286/2/1 1277/2/1 1285/2/1
f 1287/2/1 1282/2/1 1281/2/1
f 1287/2/1 1281/2/1 1280/2/1
f 1288/2/1 1282/2/1 1287/2/1
f 1289/6/1 1284/6/1 1283/6/1
f 1290/6/1 1284/6/1 1289/6/1
f 1293/4/1 1292/4/1 1291/4/1
f 1294/4/1 1292/4/1 1293/4/1
f 1297/2/1 1296/2/1 1295/2/1
f 1298/2/1 1296/2/1 1297/2/1
f 1301/1/1 1300/1/1 1299/1/1
f 1302/1/1 1300/1/1 1301/1/1
f 1309/2/1 1304/2/1 1303/2/1
f 1310/2/1 1304/2/1 1309/2/1
f 1313/2/1 1306/2/1 1305/2/1
f 1314/2/1 1306/2/1 1313/2/1
f 1315/6/1 1308/6/1 1307/6/1
f 1316/6/1 1308/6/1 1315/6/1
f 1317/2/1 1312/2/1 1311/2/1
f 1318/2/1 1312/2/1 1317/2/1
f 1321/6/1 1320/6/1 1319/6/1
f 1322/6/1 1320/6/1 1321/6/1
f 1325/4/1 1324/4/1 1323/4/1
f 1326/4/1 1324/4/1 1325/4/1
f 1329/7/1 1328/7/1 1327/7/1
f 1330/7/1 1328/7/1 1329/7/1
f 1331/7/1 1328/7/1 1330/7/1
f 1334/3/1 1333/3/1 1332/3/1
f 1335/3/1 1333/3/1 1334/3/1
f 1339/1/1 1337/1/1 1336/1/1
f 1340/6/1 1338/6/1 1337/6/1
f 1340/1/1 1337/1/1 1339/1/1
f 1341/6/1 1338/6/1 1340/6/1
f 1342/6/1 1338/6/1 1341/6/1
f 1347/1/1 1344/1/1 1343/1/1
f 1348/1/1 1346/1/1 1345/1/1
f 1349/1/1 1346/1/1 1348/1/1
f 1350/1/1 1347/1/1 1343/1/1
f 1350/1/1 1348/1/1 1347/1/1
f 1351/1/1 1348/1/1 1350/1/1
f 1354/6/1 1353/6/1 1352/6/1
f 1355/6/1 1353/6/1 1354/6/1
f 1362/6/1 1357/6/1 1356/6/1
f 1363/6/1 1357/6/1 1362/6/1
f 1364/6/1 1359/6/1 1358/6/1
f 1365/6/1 1359/6/1 1364/6/1
f 1366/2/1 1361/2/1 1360/2/1
f 1367/2/1 1361/2/1 1366/2/1
f 1370/4/1 1369/4/1 1368/4/1
f 1371/4/1 1369/4/1 1370/4/1
f 1374/7/1 1373/7/1 1372/7/1
f 1375/7/1 1373/7/1 1374/7/1
f 1378/1/1 1377/1/1 1376/1/1
f 1379/1/1 1377/1/1 1378/1/1
f 1382/6/1 1381/6/1 1380/6/1
f 1383/6/1 1381/6/1 1382/6/1
f 1389/6/1 1385/6/1 1384/6/1
f 1390/6/1 1385/6/1 1389/6/1
f 1392/6/1 1387/6/1 1386/6/1
f 1393/6/1 1387/6/1 1392/6/1
f 1395/6/1 1389/6/1 1388/6/1
f 1396/6/1 1391/6/1 1390/6/1
f 1401/6/1 1395/6/1 1394/6/1
f 1402/6/1 1389/6/1 1395/6/1
f 1402/6/1 1395/6/1 1401/6/1
f 1403/6/1 1389/6/1 1402/6/1
f 1404/6/1 1397/6/1 1396/6/1
f 1404/6/1 1396/6/1 1390/6/1
f 1405/6/1 1397/6/1 1404/6/1
f 1406/6/1 1397/6/1 1405/6/1
f 1410/2/1 1399/2/1 1398/2/1
f 1411/2/1 1399/2/1 1410/2/1
f 1414/6/1 1401/6/1 1400/6/1
f 1414/6/1 1402/6/1 1401/6/1
f 1415/6/1 1402/6/1 1414/6/1
f 1416/6/1 1402/6/1 1415/6/1
f 1417/6/1 1407/6/1 1406/6/1
f 1417/6/1 1406/6/1 1405/6/1
f 1418/6/1 1407/6/1 1417/6/1
f 1419/6/1 1407/6/1 1418/6/1
f 1422/4/1 1409/4/1 1408/4/1
f 1426/7/1 1413/7/1 1412/7/1
f 1427/6/1 1415/6/1 1414/6/1
f 1427/7/1 1413/7/1 1426/7/1
f 1427/6/1 1414/6/1 1413/6/1
f 1428/6/1 1415/6/1 1427/6/1
f 1429/6/1 1415/6/1 1428/6/1
f 1430/6/1 1419/6/1 1418/6/1
f 1430/6/1 1420/6/1 1419/6/1
f 1431/6/1 1420/6/1 1430/6/1
f 1432/7/1 1421/7/1 1420/7/1
f 1432/6/1 1420/6/1 1431/6/1
f 1433/7/1 1421/7/1 1432/7/1
f 1434/4/1 1423/4/1 1422/4/1
f 1434/4/1 1422/4/1 1408/4/1
f 1435/4/1 1423/4/1 1434/4/1
f 1436/4/1 1423/4/1 1435/4/1
f 1438/7/1 1425/7/1 1424/7/1
f 1439/7/1 1425/7/1 1438/7/1
f 1440/7/1 1428/7/1 1427/7/1
f 1441/7/1 1428/7/1 1440/7/1
f 1442/7/1 1432/7/1 1431/7/1
f 1443/7/1 1432/7/1 1442/7/1
f 1444/4/1 1437/4/1 1436/4/1
f 1444/4/1 1436/4/1 1435/4/1
f 1445/4/1 1437/4/1 1444/4/1
f 1448/6/1 1447/6/1 1446/6/1
f 1449/6/1 1447/6/1 1448/6/1
f 1452/6/1 1451/6/1 1450/6/1
f 1453/6/1 1451/6/1 1452/6/1
f 1467/6/1 1455/6/1 1454/6/1
f 1468/6/1 1455/6/1 1467/6/1
f 1472/6/1 1457/6/1 1456/6/1
f 1473/6/1 1457/6/1 1472/6/1
f 1474/2/1 1459/2/1 1458/2/1
f 1475/2/1 1459/2/1 1474/2/1
f 1476/2/1 1461/2/1 1460/2/1
f 1477/2/1 1461/2/1 1476/2/1
f 1478/6/1 1465/6/1 1464/6/1
f 1479/6/1 1465/6/1 1478/6/1
f 1480/6/1 1467/6/1 1466/6/1
f 1481/6/1 1467/6/1 1480/6/1
f 1482/6/1 1469/6/1 1468/6/1
f 1483/6/1 1469/6/1 1482/6/1
f 1484/6/1 1471/6/1 1470/6/1
f 1485/6/1 1471/6/1 1484/6/1
f 1486/6/1 1480/6/1 1479/6/1
f 1487/6/1 1480/6/1 1486/6/1
f 1488/6/1 1484/6/1 1483/6/1
f 1489/6/1 1484/6/1 1488/6/1
f 1491/4/1 1463/4/1 1462/4/1
f 1492/4/1 1463/4/1 1491/4/1
f 1494/4/1 1491/4/1 1490/4/1
f 1495/4/1 1491/4/1 1494/4/1
f 1496/4/1 1491/4/1 1495/4/1
f 1499/4/1 1494/4/1 1493/4/1
f 1499/4/1 1495/4/1 1494/4/1
f 1500/4/1 1495/4/1 1499/4/1
f 1501/4/1 1495/4/1 1500/4/1
f 1502/4/1 1497/4/1 1496/4/1
f 1507/4/1 1499/4/1 1498/4/1
f 1507/4/1 1500/4/1 1499/4/1
f 1508/4/1 1500/4/1 1507/4/1
f 1509/4/1 1502/4/1 1496/4/1
f 1510/4/1 1502/4/1 1509/4/1
f 1511/4/1 1504/4/1 1503/4/1
f 1512/4/1 1504/4/1 1511/4/1
f 1514/7/1 1506/7/1 1505/7/1
f 1515/7/1 1506/7/1 1514/7/1
f 1516/4/1 1513/4/1 1512/4/1
f 1516/4/1 1512/4/1 1511/4/1
f 1517/4/1 1513/4/1 1516/4/1
f 1521/1/1 1519/1/1 1518/1/1
f 1521/6/1 1520/6/1 1519/6/1
f 1522/6/1 1520/6/1 1521/6/1
f 1523/1/1 1521/1/1 1518/1/1
f 1524/1/1 1521/1/1 1523/1/1
f 1527/6/1 1526/6/1 1525/6/1
f 1528/6/1 1526/6/1 1527/6/1
f 1531/2/1 1530/2/1 1529/2/1
f 1532/2/1 1530/2/1 1531/2/1
f 1535/6/1 1534/6/1 1533/6/1
f 1536/6/1 1534/6/1 1535/6/1
f 1544/4/1 1538/4/1 1537/4/1
f 1544/4/1 1539/4/1 1538/4/1
f 1545/4/1 1539/4/1 1544/4/1
f 1546/4/1 1541/4/1 1540/4/1
f 1547/4/1 1541/4/1 1546/4/1
f 1548/7/1 1543/7/1 1542/7/1
f 1549/7/1 1543/7/1 1548/7/1
f 1553/1/1 1551/1/1 1550/1/1
f 1554/6/1 1552/6/1 1551/6/1
f 1554/1/1 1551/1/1 1553/1/1
f 1555/6/1 1552/6/1 1554/6/1
f 1558/6/1 1557/6/1 1556/6/1
f 1559/6/1 1557/6/1 1558/6/1
f 1562/2/1 1561/2/1 1560/2/1
f 1563/2/1 1561/2/1 1562/2/1
f 1566/6/1 1565/6/1 1564/6/1
f 1567/6/1 1565/6/1 1566/6/1
f 1570/6/1 1569/6/1 1568/6/1
f 1571/6/1 1569/6/1 1570/6/1
f 1577/4/1 1573/4/1 1572/4/1
f 1578/4/1 1573/4/1 1577/4/1
f 1579/7/1 1575/7/1 1574/7/1
f 1580/6/1 1576/6/1 1575/6/1
f 1580/7/1 1575/7/1 1579/7/1
f 1581/6/1 1576/6/1 1580/6/1
f 1586/6/1 1583/6/1 1582/6/1
f 1587/6/1 1583/6/1 1586/6/1
f 1590/6/1 1585/6/1 1584/6/1
f 1591/6/1 1585/6/1 1590/6/1
f 1592/6/1 1589/6/1 1588/6/1
f 1593/6/1 1589/6/1 1592/6/1
f 1598/6/1 1595/6/1 1594/6/1
f 1599/6/1 1595/6/1 1598/6/1
f 1602/6/1 1597/6/1 1596/6/1
f 1603/6/1 1597/6/1 1602/6/1
f 1604/6/1 1601/6/1 1600/6/1
f 1605/6/1 1601/6/1 1604/6/1
f 1610/6/1 1607/6/1 1606/6/1
f 1611/6/1 1607/6/1 1610/6/1
f 1612/4/1 1609/4/1 1608/4/1
f 1613/4/1 1609/4/1 1612/4/1
f 1620/6/1 1615/6/1 1614/6/1
f 1621/6/1 1615/6/1 1620/6/1
f 1622/6/1 1617/6/1 1616/6/1
f 1623/6/1 1617/6/1 1622/6/1
f 1624/6/1 1619/6/1 1618/6/1
f 1625/6/1 1619/6/1 1624/6/1
f 1631/6/1 1627/6/1 1626/6/1
f 1632/6/1 1627/6/1 1631/6/1
f 1633/4/1 1630/4/1 1629/4/1
f 1633/4/1 1629/4/1 1628/4/1
f 1634/4/1 1630/4/1 1633/4/1
f 1639/6/1 1636/6/1 1635/6/1
f 1640/6/1 1636/6/1 1639/6/1
f 1641/6/1 1638/6/1 1637/6/1
f 1642/6/1 1638/6/1 1641/6/1
f 1645/6/1 1644/6/1 1643/6/1
f 1646/6/1 1644/6/1 1645/6/1
f 1651/6/1 1648/6/1 1647/6/1
f 1652/6/1 1648/6/1 1651/6/1
f 1653/6/1 1650/6/1 1649/6/1
f 1654/6/1 1650/6/1 1653/6/1
f 1657/2/1 1656/2/1 1655/2/1
f 1658/2/1 1656/2/1 1657/2/1
f 1661/6/1 1660/6/1 1659/6/1
f 1662/6/1 1660/6/1 1661/6/1
f 1667/6/1 1664/6/1 1663/6/1
f 1668/6/1 1664/6/1 1667/6/1
f 1669/6/1 1666/6/1 1665/6/1
f 1670/6/1 1666/6/1 1669/6/1
f 1677/7/1 1672/7/1 1671/7/1
f 1678/7/1 1672/7/1 1677/7/1
f 1679/1/1 1674/1/1 1673/1/1
f 1680/1/1 1674/1/1 1679/1/1
f 1681/6/1 1676/6/1 1675/6/1
f 1682/6/1 1676/6/1 1681/6/1
f 1685/6/1 1684/6/1 1683/6/1
f 1686/6/1 1684/6/1 1685/6/1
f 1695/4/1 1688/4/1 1687/4/1
f 1695/4/1 1689/4/1 1688/4/1
f 1696/4/1 1689/4/1 1695/4/1
f 1697/4/1 1689/4/1 1696/4/1
f 1698/6/1 1691/6/1 1690/6/1
f 1699/6/1 1691/6/1 1698/6/1
f 1700/6/1 1693/6/1 1692/6/1
f 1701/6/1 1693/6/1 1700/6/1
f 1702/4/1 1695/4/1 1694/4/1
f 1702/4/1 1696/4/1 1695/4/1
f 1703/4/1 1696/4/1 1702/4/1
f 1707/1/1 1705/1/1 1704/1/1
f 1708/1/1 1705/1/1 1707/1/1
f 1711/1/1 1707/1/1 1706/1/1
f 1712/1/1 1707/1/1 1711/1/1
f 1713/7/1 1710/7/1 1709/7/1
f 1714/7/1 1710/7/1 1713/7/1
f 1717/6/1 1716/6/1 1715/6/1
f 1718/6/1 1716/6/1 1717/6/1
f 1723/6/1 1720/6/1 1719/6/1
f 1724/6/1 1720/6/1 1723/6/1
f 1725/6/1 1722/6/1 1721/6/1
f 1726/6/1 1722/6/1 1725/6/1
f 1732/1/1 1730/1/1 1729/1/1
f 1733/7/1 1731/7/1 1730/7/1
f 1733/1/1 1730/1/1 1732/1/1
f 1734/7/1 1731/7/1 1733/7/1
f 1735/1/1 1728/1/1 1727/1/1
f 1736/1/1 1728/1/1 1735/1/1
f 1740/1/1 1738/1/1 1737/1/1
f 1741/1/1 1740/1/1 1739/1/1
f 1742/1/1 1738/1/1 1740/1/1
f 1742/1/1 1740/1/1 1741/1/1
f 1745/7/1 1744/7/1 1743/7/1
f 1746/7/1 1744/7/1 1745/7/1
f 1751/2/1 1748/2/1 1747/2/1
f 1752/2/1 1748/2/1 1751/2/1
f 1757/6/1 1754/6/1 1753/6/1
f 1758/6/1 1754/6/1 1757/6/1
f 1759/6/1 1756/6/1 1755/6/1
f 1760/6/1 1756/6/1 1759/6/1
f 1763/6/1 1762/6/1 1761/6/1
f 1764/6/1 1762/6/1 1763/6/1
f 1769/6/1 1750/6/1 1749/6/1
f 1770/6/1 1750/6/1 1769/6/1
f 1772/7/1 1766/7/1 1765/7/1
f 1773/1/1 1767/1/1 1766/1/1
f 1773/7/1 1766/7/1 1772/7/1
f 1774/1/1 1767/1/1 1773/1/1
f 1776/6/1 1769/6/1 1768/6/1
f 1777/6/1 1771/6/1 1770/6/1
f 1780/6/1 1776/6/1 1775/6/1
f 1781/6/1 1769/6/1 1776/6/1
f 1781/6/1 1776/6/1 1780/6/1
f 1782/6/1 1769/6/1 1781/6/1
f 1783/6/1 1778/6/1 1777/6/1
f 1783/6/1 1777/6/1 1770/6/1
f 1784/6/1 1778/6/1 1783/6/1
f 1785/6/1 1778/6/1 1784/6/1
f 1788/6/1 1780/6/1 1779/6/1
f 1788/6/1 1781/6/1 1780/6/1
f 1789/6/1 1781/6/1 1788/6/1
f 1790/6/1 1781/6/1 1789/6/1
f 1791/6/1 1783/6/1 1782/6/1
f 1792/6/1 1783/6/1 1791/6/1
f 1793/6/1 1786/6/1 1785/6/1
f 1793/6/1 1785/6/1 1784/6/1
f 1794/6/1 1786/6/1 1793/6/1
f 1795/6/1 1786/6/1 1794/6/1
f 1800/6/1 1788/6/1 1787/6/1
f 1800/6/1 1789/6/1 1788/6/1
f 1801/6/1 1789/6/1 1800/6/1
f 1802/6/1 1789/6/1 1801/6/1
f 1803/6/1 1792/6/1 1791/6/1
f 1804/6/1 1792/6/1 1803/6/1
f 1805/6/1 1796/6/1 1795/6/1
f 1805/6/1 1795/6/1 1794/6/1
f 1806/6/1 1796/6/1 1805/6/1
f 1807/6/1 1796/6/1 1806/6/1
f 1809/1/1 1798/1/1 1797/1/1
f 1811/6/1 1800/6/1 1799/6/1
f 1811/6/1 1801/6/1 1800/6/1
f 1812/6/1 1801/6/1 1811/6/1
f 1813/6/1 1801/6/1 1812/6/1
f 1814/6/1 1808/6/1 1807/6/1
f 1814/6/1 1807/6/1 1806/6/1
f 1815/6/1 1808/6/1 1814/6/1
f 1816/6/1 1808/6/1 1815/6/1
f 1818/1/1 1810/1/1 1809/1/1
f 1818/1/1 1809/1/1 1797/1/1
f 1819/1/1 1810/1/1 1818/1/1
f 1820/6/1 1812/6/1 1811/6/1
f 1821/6/1 1812/6/1 1820/6/1
f 1822/6/1 1817/6/1 1816/6/1
f 1822/6/1 1816/6/1 1815/6/1
f 1823/6/1 1817/6/1 1822/6/1
f 1824/6/1 1817/6/1 1823/6/1
f 1827/1/1 1818/1/1 1797/1/1
f 1828/1/1 1818/1/1 1827/1/1
f 1830/6/1 1820/6/1 1819/6/1
f 1831/6/1 1820/6/1 1830/6/1
f 1832/6/1 1825/6/1 1824/6/1
f 1832/6/1 1824/6/1 1823/6/1
f 1833/6/1 1825/6/1 1832/6/1
f 1834/1/1 1826/1/1 1825/1/1
f 1834/6/1 1825/6/1 1833/6/1
f 1835/1/1 1826/1/1 1834/1/1
f 1838/1/1 1829/1/1 1828/1/1
f 1839/6/1 1830/6/1 1829/6/1
f 1839/1/1 1829/1/1 1838/1/1
f 1840/6/1 1830/6/1 1839/6/1
f 1841/6/1 1834/6/1 1833/6/1
f 1842/6/1 1834/6/1 1841/6/1
f 1843/6/1 1834/6/1 1842/6/1
f 1844/1/1 1837/1/1 1836/1/1
f 1845/1/1 1837/1/1 1844/1/1
f 1846/1/1 1840/1/1 1839/1/1
f 1847/1/1 1840/1/1 1846/1/1
f 1849/6/1 1804/6/1 1803/6/1
f 1850/6/1 1804/6/1 1849/6/1
f 1852/1/1 1842/1/1 1841/1/1
f 1853/1/1 1842/1/1 1852/1/1
f 1855/6/1 1849/6/1 1848/6/1
f 1856/6/1 1851/6/1 1850/6/1
f 1859/6/1 1855/6/1 1854/6/1
f 1860/6/1 1849/6/1 1855/6/1
f 1860/6/1 1855/6/1 1859/6/1
f 1861/6/1 1849/6/1 1860/6/1
f 1862/6/1 1857/6/1 1856/6/1
f 1862/6/1 1856/6/1 1850/6/1
f 1863/6/1 1857/6/1 1862/6/1
f 1864/6/1 1857/6/1 1863/6/1
f 1867/6/1 1859/6/1 1858/6/1
f 1867/6/1 1860/6/1 1859/6/1
f 1868/6/1 1860/6/1 1867/6/1
f 1869/6/1 1860/6/1 1868/6/1
f 1870/6/1 1862/6/1 1861/6/1
f 1871/6/1 1862/6/1 1870/6/1
f 1872/6/1 1865/6/1 1864/6/1
f 1872/6/1 1864/6/1 1863/6/1
f 1873/6/1 1865/6/1 1872/6/1
f 1874/6/1 1865/6/1 1873/6/1
f 1877/6/1 1867/6/1 1866/6/1
f 1877/6/1 1868/6/1 1867/6/1
f 1878/6/1 1868/6/1 1877/6/1
f 1879/6/1 1868/6/1 1878/6/1
f 1880/6/1 1871/6/1 1870/6/1
f 1881/6/1 1871/6/1 1880/6/1
f 1882/6/1 1875/6/1 1874/6/1
f 1882/6/1 1874/6/1 1873/6/1
f 1883/6/1 1875/6/1 1882/6/1
f 1884/6/1 1875/6/1 1883/6/1
f 1887/6/1 1877/6/1 1876/6/1
f 1887/6/1 1878/6/1 1877/6/1
f 1888/6/1 1878/6/1 1887/6/1
f 1889/6/1 1878/6/1 1888/6/1
f 1890/6/1 1885/6/1 1884/6/1
f 1890/6/1 1884/6/1 1883/6/1
f 1891/6/1 1885/6/1 1890/6/1
f 1892/6/1 1885/6/1 1891/6/1
f 1896/6/1 1888/6/1 1887/6/1
f 1896/6/1 1887/6/1 1886/6/1
f 1897/6/1 1888/6/1 1896/6/1
f 1898/6/1 1888/6/1 1897/6/1
f 1899/6/1 1893/6/1 1892/6/1
f 1899/6/1 1892/6/1 1891/6/1
f 1900/6/1 1893/6/1 1899/6/1
f 1901/6/1 1893/6/1 1900/6/1
f 1905/1/1 1895/1/1 1894/1/1
f 1906/6/1 1897/6/1 1896/6/1
f 1906/1/1 1895/1/1 1905/1/1
f 1906/6/1 1896/6/1 1895/6/1
f 1907/6/1 1897/6/1 1906/6/1
f 1908/6/1 1897/6/1 1907/6/1
f 1909/6/1 1897/6/1 1908/6/1
f 1910/6/1 1902/6/1 1901/6/1
f 1910/6/1 1901/6/1 1900/6/1
f 1911/6/1 1902/6/1 1910/6/1
f 1915/1/1 1907/1/1 1906/1/1
f 1916/6/1 1908/6/1 1907/6/1
f 1916/1/1 1907/1/1 1915/1/1
f 1917/6/1 1908/6/1 1916/6/1
f 1918/6/1 1881/6/1 1880/6/1
f 1920/6/1 1902/6/1 1911/6/1
f 1921/6/1 1902/6/1 1920/6/1
f 1922/1/1 1904/1/1 1903/1/1
f 1923/1/1 1904/1/1 1922/1/1
f 1924/1/1 1913/1/1 1912/1/1
f 1925/7/1 1914/7/1 1913/7/1
f 1925/1/1 1913/1/1 1924/1/1
f 1926/7/1 1914/7/1 1925/7/1
f 1927/1/1 1922/1/1 1921/1/1
f 1928/1/1 1922/1/1 1927/1/1
f 1930/6/1 1918/6/1 1880/6/1
f 1931/6/1 1918/6/1 1930/6/1
f 1932/1/1 1919/1/1 1918/1/1
f 1932/6/1 1918/6/1 1931/6/1
f 1933/6/1 1931/6/1 1930/6/1
f 1933/1/1 1930/1/1 1929/1/1
f 1934/6/1 1931/6/1 1933/6/1
f 1935/1/1 1933/1/1 1929/1/1
f 1936/1/1 1933/1/1 1935/1/1
f 1937/1/1 1919/1/1 1932/1/1
f 1938/1/1 1919/1/1 1937/1/1
f 1939/1/1 1937/1/1 1936/1/1
f 1940/1/1 1937/1/1 1939/1/1
f 1944/7/1 1942/7/1 1941/7/1
f 1945/1/1 1943/1/1 1942/1/1
f 1945/7/1 1942/7/1 1944/7/1
f 1946/1/1 1943/1/1 1945/1/1
f 1951/6/1 1948/6/1 1947/6/1
f 1952/6/1 1948/6/1 1951/6/1
f 1953/6/1 1950/6/1 1949/6/1
f 1954/6/1 1950/6/1 1953/6/1
f 1959/2/1 1956/2/1 1955/2/1
f 1960/2/1 1956/2/1 1959/2/1
f 1961/6/1 1958/6/1 1957/6/1
f 1962/6/1 1958/6/1 1961/6/1
f 1966/1/1 1964/1/1 1963/1/1
f 1966/1/1 1965/1/1 1964/1/1
f 1967/1/1 1965/1/1 1966/1/1
f 1970/1/1 1969/1/1 1968/1/1
f 1971/1/1 1969/1/1 1970/1/1
f 1974/1/1 1973/1/1 1972/1/1
f 1975/1/1 1973/1/1 1974/1/1
f 1979/1/1 1977/1/1 1976/1/1
f 1980/7/1 1978/7/1 1977/7/1
f 1980/1/1 1977/1/1 1979/1/1
f 1981/7/1 1978/7/1 1980/7/1
f 1989/1/1 1985/1/1 1984/1/1
f 1990/1/1 1985/1/1 1989/1/1
f 1991/1/1 1988/1/1 1987/1/1
f 1991/1/1 1987/1/1 1986/1/1
f 1992/1/1 1988/1/1 1991/1/1
f 1993/1/1 1983/1/1 1982/1/1
f 1994/1/1 1983/1/1 1993/1/1
f 1998/7/1 1996/7/1 1995/7/1
f 1999/1/1 1997/1/1 1996/1/1
f 1999/7/1 1996/7/1 1998/7/1
f 2000/1/1 1997/1/1 1999/1/1
f 2006/6/1 2002/6/1 2001/6/1
f 2007/6/1 2002/6/1 2006/6/1
f 2010/6/1 2004/6/1 2003/6/1
f 2011/6/1 2004/6/1 2010/6/1
f 2014/6/1 2006/6/1 2005/6/1
f 2015/6/1 2008/6/1 2007/6/1
f 2020/6/1 2010/6/1 2009/6/1
f 2021/6/1 2012/6/1 2011/6/1
f 2026/6/1 2014/6/1 2013/6/1
f 2027/6/1 2006/6/1 2014/6/1
f 2027/6/1 2014/6/1 2026/6/1
f 2028/6/1 2006/6/1 2027/6/1
f 2029/6/1 2015/6/1 2007/6/1
f 2029/6/1 2016/6/1 2015/6/1
f 2030/6/1 2016/6/1 2029/6/1
f 2031/6/1 2016/6/1 2030/6/1
f 2033/2/1 2018/2/1 2017/2/1
f 2034/2/1 2018/2/1 2033/2/1
f 2036/6/1 2020/6/1 2019/6/1
f 2037/6/1 2010/6/1 2020/6/1
f 2037/6/1 2020/6/1 2036/6/1
f 2038/6/1 2010/6/1 2037/6/1
f 2039/6/1 2021/6/1 2011/6/1
f 2039/6/1 2022/6/1 2021/6/1
f 2040/6/1 2022/6/1 2039/6/1
f 2041/6/1 2022/6/1 2040/6/1
f 2045/6/1 2024/6/1 2023/6/1
f 2046/6/1 2024/6/1 2045/6/1
f 2050/6/1 2026/6/1 2025/6/1
f 2050/6/1 2027/6/1 2026/6/1
f 2051/6/1 2027/6/1 2050/6/1
f 2052/6/1 2027/6/1 2051/6/1
f 2053/6/1 2032/6/1 2031/6/1
f 2053/6/1 2031/6/1 2030/6/1
f 2054/6/1 2032/6/1 2053/6/1
f 2055/6/1 2032/6/1 2054/6/1
f 2058/6/1 2036/6/1 2035/6/1
f 2058/6/1 2037/6/1 2036/6/1
f 2059/6/1 2037/6/1 2058/6/1
f 2060/6/1 2037/6/1 2059/6/1
f 2061/6/1 2042/6/1 2041/6/1
f 2061/6/1 2041/6/1 2040/6/1
f 2062/6/1 2042/6/1 2061/6/1
f 2063/6/1 2042/6/1 2062/6/1
f 2065/6/1 2044/6/1 2043/6/1
f 2066/6/1 2044/6/1 2065/6/1
f 2067/6/1 2048/6/1 2047/6/1
f 2068/6/1 2048/6/1 2067/6/1
f 2069/6/1 2051/6/1 2050/6/1
f 2069/6/1 2050/6/1 2049/6/1
f 2070/6/1 2051/6/1 2069/6/1
f 2071/6/1 2056/6/1 2055/6/1
f 2071/6/1 2055/6/1 2054/6/1
f 2072/6/1 2056/6/1 2071/6/1
f 2073/6/1 2059/6/1 2058/6/1
f 2073/6/1 2058/6/1 2057/6/1
f 2074/6/1 2059/6/1 2073/6/1
f 2075/6/1 2064/6/1 2063/6/1
f 2075/6/1 2063/6/1 2062/6/1
f 2076/6/1 2064/6/1 2075/6/1
f 2080/1/1 2078/1/1 2077/1/1
f 2081/6/1 2079/6/1 2078/6/1
f 2081/1/1 2078/1/1 2080/1/1
f 2082/6/1 2079/6/1 2081/6/1
f 2087/6/1 2084/6/1 2083/6/1
f 2088/6/1 2084/6/1 2087/6/1
f 2089/6/1 2086/6/1 2085/6/1
f 2090/6/1 2086/6/1 2089/6/1
f 2094/1/1 2092/1/1 2091/1/1
f 2095/6/1 2093/6/1 2092/6/1
f 2095/1/1 2092/1/1 2094/1/1
f 2096/6/1 2093/6/1 2095/6/1
f 2101/6/1 2098/6/1 2097/6/1
f 2102/6/1 2098/6/1 2101/6/1
f 2103/6/1 2100/6/1 2099/6/1
f 2104/6/1 2100/6/1 2103/6/1
f 2108/7/1 2106/7/1 2105/7/1
f 2109/6/1 2107/6/1 2106/6/1
f 2109/7/1 2106/7/1 2108/7/1
f 2110/6/1 2107/6/1 2109/6/1
f 2114/7/1 2112/7/1 2111/7/1
f 2115/6/1 2113/6/1 2112/6/1
f 2115/7/1 2112/7/1 2114/7/1
f 2116/6/1 2113/6/1 2115/6/1
f 2119/6/1 2118/6/1 2117/6/1
f 2120/6/1 2118/6/1 2119/6/1
f 2125/2/1 2122/2/1 2121/2/1
f 2126/2/1 2122/2/1 2125/2/1
f 2127/6/1 2124/6/1 2123/6/1
f 2128/6/1 2124/6/1 2127/6/1
f 2133/6/1 2130/6/1 2129/6/1
f 2134/6/1 2130/6/1 2133/6/1
f 2135/6/1 2132/6/1 2131/6/1
f 2136/6/1 2132/6/1 2135/6/1
f 2139/6/1 2138/6/1 2137/6/1
f 2140/6/1 2138/6/1 2139/6/1
f 2146/1/1 2142/1/1 2141/1/1
f 2147/1/1 2142/1/1 2146/1/1
f 2148/6/1 2144/6/1 2143/6/1
f 2149/6/1 2144/6/1 2148/6/1
f 2150/6/1 2146/6/1 2145/6/1
f 2151/6/1 2146/6/1 2150/6/1
f 2154/6/1 2153/6/1 2152/6/1
f 2155/6/1 2153/6/1 2154/6/1
f 2160/6/1 2157/6/1 2156/6/1
f 2161/6/1 2157/6/1 2160/6/1
f 2162/6/1 2159/6/1 2158/6/1
f 2163/6/1 2159/6/1 2162/6/1
f 2169/2/1 2165/2/1 2164/2/1
f 2170/2/1 2165/2/1 2169/2/1
f 2172/6/1 2167/6/1 2166/6/1
f 2173/6/1 2167/6/1 2172/6/1
f 2177/2/1 2169/2/1 2168/2/1
f 2178/2/1 2171/2/1 2170/2/1
f 2182/6/1 2175/6/1 2174/6/1
f 2183/6/1 2175/6/1 2182/6/1
f 2185/2/1 2177/2/1 2176/2/1
f 2186/2/1 2169/2/1 2177/2/1
f 2186/2/1 2177/2/1 2185/2/1
f 2187/2/1 2169/2/1 2186/2/1
f 2188/2/1 2179/2/1 2178/2/1
f 2188/2/1 2178/2/1 2170/2/1
f 2189/2/1 2179/2/1 2188/2/1
f 2190/2/1 2179/2/1 2189/2/1
f 2192/6/1 2181/6/1 2180/6/1
f 2193/6/1 2181/6/1 2192/6/1
f 2198/2/1 2185/2/1 2184/2/1
f 2198/2/1 2186/2/1 2185/2/1
f 2199/2/1 2186/2/1 2198/2/1
f 2200/2/1 2191/2/1 2190/2/1
f 2200/2/1 2190/2/1 2189/2/1
f 2201/2/1 2191/2/1 2200/2/1
f 2202/6/1 2195/6/1 2194/6/1
f 2203/6/1 2195/6/1 2202/6/1
f 2204/6/1 2197/6/1 2196/6/1
f 2205/6/1 2197/6/1 2204/6/1
f 2208/6/1 2207/6/1 2206/6/1
f 2209/6/1 2207/6/1 2208/6/1
f 2214/6/1 2211/6/1 2210/6/1
f 2215/6/1 2211/6/1 2214/6/1
f 2216/6/1 2213/6/1 2212/6/1
f 2217/6/1 2213/6/1 2216/6/1
f 2220/6/1 2219/6/1 2218/6/1
f 2221/6/1 2219/6/1 2220/6/1
f 2228/6/1 2223/6/1 2222/6/1
f 2229/6/1 2223/6/1 2228/6/1
f 2230/6/1 2225/6/1 2224/6/1
f 2231/6/1 2225/6/1 2230/6/1
f 2232/6/1 2227/6/1 2226/6/1
f 2233/6/1 2227/6/1 2232/6/1
f 2234/1/1 2233/1/1 2232/1/1
f 2235/1/1 2233/1/1 2234/1/1
f 2238/6/1 2237/6/1 2236/6/1
f 2239/6/1 2237/6/1 2238/6/1
f 2242/6/1 2241/6/1 2240/6/1
f 2243/6/1 2241/6/1 2242/6/1
f 2248/6/1 2245/6/1 2244/6/1
f 2249/6/1 2245/6/1 2248/6/1
f 2251/6/1 2247/6/1 2246/6/1
f 2252/6/1 2247/6/1 2251/6/1
f 2255/6/1 2251/6/1 2250/6/1
f 2256/6/1 2253/6/1 2252/6/1
f 2259/6/1 2255/6/1 2254/6/1
f 2260/6/1 2251/6/1 2255/6/1
f 2260/6/1 2255/6/1 2259/6/1
f 2261/6/1 2251/6/1 2260/6/1
f 2262/6/1 2257/6/1 2256/6/1
f 2262/6/1 2256/6/1 2252/6/1
f 2263/6/1 2257/6/1 2262/6/1
f 2264/6/1 2257/6/1 2263/6/1
f 2271/6/1 2259/6/1 2258/6/1
f 2271/6/1 2260/6/1 2259/6/1
f 2272/6/1 2260/6/1 2271/6/1
f 2273/6/1 2260/6/1 2272/6/1
f 2274/6/1 2262/6/1 2261/6/1
f 2275/6/1 2262/6/1 2274/6/1
f 2276/6/1 2265/6/1 2264/6/1
f 2276/6/1 2264/6/1 2263/6/1
f 2277/6/1 2265/6/1 2276/6/1
f 2278/6/1 2265/6/1 2277/6/1
f 2280/6/1 2267/6/1 2266/6/1
f 2281/6/1 2267/6/1 2280/6/1
f 2282/6/1 2269/6/1 2268/6/1
f 2283/6/1 2269/6/1 2282/6/1
f 2287/6/1 2271/6/1 2270/6/1
f 2287/6/1 2272/6/1 2271/6/1
f 2288/6/1 2272/6/1 2287/6/1
f 2289/6/1 2272/6/1 2288/6/1
f 2290/6/1 2279/6/1 2278/6/1
f 2290/6/1 2278/6/1 2277/6/1
f 2291/6/1 2279/6/1 2290/6/1
f 2292/6/1 2279/6/1 2291/6/1
f 2298/7/1 2285/7/1 2284/7/1
f 2299/7/1 2285/7/1 2298/7/1
f 2300/7/1 2285/7/1 2299/7/1
f 2303/6/1 2288/6/1 2287/6/1
f 2303/6/1 2287/6/1 2286/6/1
f 2304/6/1 2288/6/1 2303/6/1
f 2305/6/1 2288/6/1 2304/6/1
f 2306/6/1 2293/6/1 2292/6/1
f 2306/6/1 2292/6/1 2291/6/1
f 2307/6/1 2293/6/1 2306/6/1
f 2308/6/1 2293/6/1 2307/6/1
f 2310/7/1 2295/7/1 2294/7/1
f 2311/7/1 2295/7/1 2310/7/1
f 2312/6/1 2297/6/1 2296/6/1
f 2313/6/1 2297/6/1 2312/6/1
f 2314/7/1 2301/7/1 2300/7/1
f 2314/7/1 2300/7/1 2299/7/1
f 2315/7/1 2301/7/1 2314/7/1
f 2316/7/1 2301/7/1 2315/7/1
f 2317/6/1 2304/6/1 2303/6/1
f 2317/6/1 2303/6/1 2302/6/1
f 2318/6/1 2304/6/1 2317/6/1
f 2319/6/1 2304/6/1 2318/6/1
f 2320/6/1 2309/6/1 2308/6/1
f 2320/6/1 2308/6/1 2307/6/1
f 2321/6/1 2309/6/1 2320/6/1
f 2322/6/1 2309/6/1 2321/6/1
f 2324/7/1 2310/7/1 2294/7/1
f 2325/7/1 2310/7/1 2324/7/1
f 2326/6/1 2318/6/1 2317/6/1
f 2326/6/1 2316/6/1 2315/6/1
f 2326/6/1 2317/6/1 2316/6/1
f 2327/6/1 2318/6/1 2326/6/1
f 2328/6/1 2318/6/1 2327/6/1
f 2329/6/1 2318/6/1 2328/6/1
f 2330/6/1 2323/6/1 2322/6/1
f 2330/6/1 2322/6/1 2321/6/1
f 2331/6/1 2323/6/1 2330/6/1
f 2332/7/1 2324/7/1 2323/7/1
f 2332/6/1 2323/6/1 2331/6/1
f 2333/7/1 2324/7/1 2332/7/1
f 2334/6/1 2328/6/1 2327/6/1
f 2335/6/1 2328/6/1 2334/6/1
f 2336/6/1 2332/6/1 2331/6/1
f 2337/6/1 2332/6/1 2336/6/1
f 2341/1/1 2339/1/1 2338/1/1
f 2342/1/1 2339/1/1 2341/1/1
f 2343/6/1 2341/6/1 2340/6/1
f 2344/6/1 2341/6/1 2343/6/1
f 2347/6/1 2346/6/1 2345/6/1
f 2348/6/1 2346/6/1 2347/6/1
f 2351/6/1 2350/6/1 2349/6/1
f 2352/6/1 2350/6/1 2351/6/1
f 2355/6/1 2354/6/1 2353/6/1
f 2356/6/1 2354/6/1 2355/6/1
f 2359/6/1 2358/6/1 2357/6/1
f 2360/6/1 2358/6/1 2359/6/1
f 2363/2/1 2362/2/1 2361/2/1
f 2364/2/1 2362/2/1 2363/2/1
f 2371/6/1 2366/6/1 2365/6/1
f 2372/6/1 2366/6/1 2371/6/1
f 2373/6/1 2368/6/1 2367/6/1
f 2374/6/1 2368/6/1 2373/6/1
f 2375/6/1 2370/6/1 2369/6/1
f 2376/6/1 2370/6/1 2375/6/1
f 2379/7/1 2378/7/1 2377/7/1
f 2380/7/1 2378/7/1 2379/7/1
f 2385/6/1 2382/6/1 2381/6/1
f 2386/6/1 2382/6/1 2385/6/1
f 2387/6/1 2384/6/1 2383/6/1
f 2388/6/1 2384/6/1 2387/6/1
f 2393/6/1 2390/6/1 2389/6/1
f 2394/6/1 2390/6/1 2393/6/1
f 2395/6/1 2392/6/1 2391/6/1
f 2396/6/1 2392/6/1 2395/6/1
f 2399/6/1 2398/6/1 2397/6/1
f 2400/6/1 2398/6/1 2399/6/1
f 2409/2/1 2402/2/1 2401/2/1
f 2410/2/1 2402/2/1 2409/2/1
f 2413/6/1 2404/6/1 2403/6/1
f 2414/6/1 2404/6/1 2413/6/1
f 2417/6/1 2406/6/1 2405/6/1
f 2418/6/1 2406/6/1 2417/6/1
f 2419/6/1 2408/6/1 2407/6/1
f 2420/6/1 2408/6/1 2419/6/1
f 2421/6/1 2412/6/1 2411/6/1
f 2422/6/1 2412/6/1 2421/6/1
f 2423/6/1 2416/6/1 2415/6/1
f 2424/6/1 2416/6/1 2423/6/1
f 2431/6/1 2426/6/1 2425/6/1
f 2432/6/1 2426/6/1 2431/6/1
f 2435/1/1 2428/1/1 2427/1/1
f 2436/1/1 2428/1/1 2435/1/1
f 2438/6/1 2430/6/1 2429/6/1
f 2439/6/1 2430/6/1 2438/6/1
f 2440/6/1 2434/6/1 2433/6/1
f 2441/6/1 2434/6/1 2440/6/1
f 2442/6/1 2437/6/1 2436/6/1
f 2443/6/1 2437/6/1 2442/6/1
f 2448/6/1 2445/6/1 2444/6/1
f 2449/6/1 2445/6/1 2448/6/1
f 2454/6/1 2447/6/1 2446/6/1
f 2455/6/1 2447/6/1 2454/6/1
f 2456/6/1 2451/6/1 2450/6/1
f 2457/6/1 2451/6/1 2456/6/1
f 2458/6/1 2453/6/1 2452/6/1
f 2459/6/1 2453/6/1 2458/6/1
f 2464/6/1 2461/6/1 2460/6/1
f 2465/6/1 2461/6/1 2464/6/1
f 2468/6/1 2463/6/1 2462/6/1
f 2469/6/1 2463/6/1 2468/6/1
f 2470/6/1 2467/6/1 2466/6/1
f 2471/6/1 2467/6/1 2470/6/1
f 2476/6/1 2473/6/1 2472/6/1
f 2477/6/1 2473/6/1 2476/6/1
f 2478/6/1 2475/6/1 2474/6/1
f 2479/6/1 2475/6/1 2478/6/1
f 2488/6/1 2481/6/1 2480/6/1
f 2489/6/1 2481/6/1 2488/6/1
f 2490/6/1 2483/6/1 2482/6/1
f 2491/6/1 2483/6/1 2490/6/1
f 2492/6/1 2485/6/1 2484/6/1
f 2493/6/1 2485/6/1 2492/6/1
f 2494/6/1 2487/6/1 2486/6/1
f 2495/6/1 2487/6/1 2494/6/1
f 2498/2/1 2497/2/1 2496/2/1
f 2499/2/1 2497/2/1 2498/2/1
f 2502/6/1 2501/6/1 2500/6/1
f 2503/6/1 2501/6/1 2502/6/1
f 2510/1/1 2505/1/1 2504/1/1
f 2511/1/1 2505/1/1 2510/1/1
f 2513/6/1 2507/6/1 2506/6/1
f 2514/6/1 2507/6/1 2513/6/1
f 2515/6/1 2509/6/1 2508/6/1
f 2516/6/1 2509/6/1 2515/6/1
f 2517/6/1 2512/6/1 2511/6/1
f 2518/6/1 2512/6/1 2517/6/1
f 2521/6/1 2520/6/1 2519/6/1
f 2522/6/1 2520/6/1 2521/6/1
f 2529/6/1 2524/6/1 2523/6/1
f 2530/6/1 2524/6/1 2529/6/1
f 2531/6/1 2526/6/1 2525/6/1
f 2532/6/1 2526/6/1 2531/6/1
f 2533/6/1 2528/6/1 2527/6/1
f 2534/6/1 2528/6/1 2533/6/1
f 2535/6/1 2528/6/1 2534/6/1
f 2536/1/1 2534/1/1 2533/1/1
f 2537/1/1 2534/1/1 2536/1/1
f 2540/6/1 2539/6/1 2538/6/1
f 2541/6/1 2539/6/1 2540/6/1
f 2546/6/1 2543/6/1 2542/6/1
f 2547/6/1 2543/6/1 2546/6/1
f 2548/6/1 2545/6/1 2544/6/1
f 2549/6/1 2545/6/1 2548/6/1
f 2552/6/1 2551/6/1 2550/6/1
f 2553/6/1 2551/6/1 2552/6/1
f 2556/6/1 2555/6/1 2554/6/1
f 2557/6/1 2555/6/1 2556/6/1
f 2570/6/1 2559/6/1 2558/6/1
f 2571/6/1 2559/6/1 2570/6/1
f 2572/6/1 2561/6/1 2560/6/1
f 2573/6/1 2561/6/1 2572/6/1
f 2574/6/1 2563/6/1 2562/6/1
f 2575/6/1 2563/6/1 2574/6/1
f 2576/7/1 2565/7/1 2564/7/1
f 2577/7/1 2565/7/1 2576/7/1
f 2578/6/1 2567/6/1 2566/6/1
f 2579/6/1 2567/6/1 2578/6/1
f 2580/6/1 2569/6/1 2568/6/1
f 2581/6/1 2569/6/1 2580/6/1
f 2586/6/1 2583/6/1 2582/6/1
f 2587/6/1 2583/6/1 2586/6/1
f 2588/2/1 2585/2/1 2584/2/1
f 2589/2/1 2585/2/1 2588/2/1
f 2590/2/1 2585/2/1 2589/2/1
f 2591/3/1 2590/3/1 2589/3/1
f 2592/3/1 2590/3/1 2591/3/1
f 2597/6/1 2594/6/1 2593/6/1
f 2598/6/1 2594/6/1 2597/6/1
f 2599/6/1 2596/6/1 2595/6/1
f 2600/6/1 2596/6/1 2599/6/1
f 2603/1/1 2602/1/1 2601/1/1
f 2604/1/1 2602/1/1 2603/1/1
f 2606/1/1 2605/1/1 2604/1/1
f 2607/1/1 2605/1/1 2606/1/1
f 2610/6/1 2609/6/1 2608/6/1
f 2611/6/1 2609/6/1 2610/6/1
f 2616/6/1 2613/6/1 2612/6/1
f 2617/6/1 2613/6/1 2616/6/1
f 2618/6/1 2615/6/1 2614/6/1
f 2619/6/1 2615/6/1 2618/6/1
f 2622/1/1 2621/1/1 2620/1/1
f 2623/1/1 2621/1/1 2622/1/1
f 2626/1/1 2625/1/1 2624/1/1
f 2627/1/1 2625/1/1 2626/1/1
f 2630/6/1 2629/6/1 2628/6/1
f 2631/6/1 2629/6/1 2630/6/1
f 2636/6/1 2633/6/1 2632/6/1
f 2637/6/1 2633/6/1 2636/6/1
f 2638/6/1 2635/6/1 2634/6/1
f 2639/6/1 2635/6/1 2638/6/1
f 2646/6/1 2641/6/1 2640/6/1
f 2647/6/1 2641/6/1 2646/6/1
f 2648/6/1 2643/6/1 2642/6/1
f 2649/6/1 2643/6/1 2648/6/1
f 2651/6/1 2645/6/1 2644/6/1
f 2652/6/1 2645/6/1 2651/6/1
f 2655/6/1 2651/6/1 2650/6/1
f 2656/6/1 2653/6/1 2652/6/1
f 2661/6/1 2655/6/1 2654/6/1
f 2662/6/1 2651/6/1 2655/6/1
f 2662/6/1 2655/6/1 2661/6/1
f 2663/6/1 2651/6/1 2662/6/1
f 2664/6/1 2656/6/1 2652/6/1
f 2664/6/1 2657/6/1 2656/6/1
f 2665/6/1 2657/6/1 2664/6/1
f 2666/6/1 2657/6/1 2665/6/1
f 2668/2/1 2659/2/1 2658/2/1
f 2669/2/1 2659/2/1 2668/2/1
f 2673/6/1 2661/6/1 2660/6/1
f 2673/6/1 2662/6/1 2661/6/1
f 2674/6/1 2662/6/1 2673/6/1
f 2675/6/1 2662/6/1 2674/6/1
f 2676/6/1 2664/6/1 2663/6/1
f 2677/6/1 2664/6/1 2676/6/1
f 2678/6/1 2667/6/1 2666/6/1
f 2678/6/1 2666/6/1 2665/6/1
f 2679/6/1 2667/6/1 2678/6/1
f 2680/6/1 2667/6/1 2679/6/1
f 2684/6/1 2671/6/1 2670/6/1
f 2685/6/1 2671/6/1 2684/6/1
f 2689/6/1 2673/6/1 2672/6/1
f 2689/6/1 2674/6/1 2673/6/1
f 2690/6/1 2674/6/1 2689/6/1
f 2691/6/1 2674/6/1 2690/6/1
f 2692/6/1 2677/6/1 2676/6/1
f 2693/6/1 2677/6/1 2692/6/1
f 2694/6/1 2681/6/1 2680/6/1
f 2694/6/1 2680/6/1 2679/6/1
f 2695/6/1 2681/6/1 2694/6/1
f 2696/6/1 2681/6/1 2695/6/1
f 2700/6/1 2683/6/1 2682/6/1
f 2701/6/1 2683/6/1 2700/6/1
f 2702/7/1 2685/7/1 2684/7/1
f 2703/7/1 2685/7/1 2702/7/1
f 2704/7/1 2687/7/1 2686/7/1
f 2705/7/1 2687/7/1 2704/7/1
f 2706/7/1 2687/7/1 2705/7/1
f 2709/6/1 2689/6/1 2688/6/1
f 2709/6/1 2690/6/1 2689/6/1
f 2710/6/1 2690/6/1 2709/6/1
f 2711/6/1 2690/6/1 2710/6/1
f 2712/6/1 2697/6/1 2696/6/1
f 2712/6/1 2696/6/1 2695/6/1
f 2713/6/1 2697/6/1 2712/6/1
f 2714/6/1 2697/6/1 2713/6/1
f 2716/7/1 2699/7/1 2698/7/1
f 2717/7/1 2699/7/1 2716/7/1
f 2718/7/1 2699/7/1 2717/7/1
f 2719/1/1 2706/1/1 2705/1/1
f 2720/7/1 2707/7/1 2706/7/1
f 2720/1/1 2706/1/1 2719/1/1
f 2721/7/1 2707/7/1 2720/7/1
f 2722/6/1 2710/6/1 2709/6/1
f 2722/6/1 2709/6/1 2708/6/1
f 2723/6/1 2710/6/1 2722/6/1
f 2724/6/1 2710/6/1 2723/6/1
f 2725/6/1 2715/6/1 2714/6/1
f 2725/6/1 2714/6/1 2713/6/1
f 2726/6/1 2715/6/1 2725/6/1
f 2727/6/1 2715/6/1 2726/6/1
f 2729/1/1 2717/1/1 2716/1/1
f 2730/1/1 2717/1/1 2729/1/1
f 2731/6/1 2723/6/1 2722/6/1
f 2731/6/1 2721/6/1 2720/6/1
f 2731/6/1 2722/6/1 2721/6/1
f 2732/6/1 2723/6/1 2731/6/1
f 2733/6/1 2723/6/1 2732/6/1
f 2734/6/1 2723/6/1 2733/6/1
f 2735/6/1 2728/6/1 2727/6/1
f 2735/6/1 2727/6/1 2726/6/1
f 2736/6/1 2728/6/1 2735/6/1
f 2737/7/1 2729/7/1 2728/7/1
f 2737/6/1 2728/6/1 2736/6/1
f 2738/7/1 2729/7/1 2737/7/1
f 2739/6/1 2733/6/1 2732/6/1
f 2740/6/1 2733/6/1 2739/6/1
f 2742/6/1 2693/6/1 2692/6/1
f 2743/6/1 2693/6/1 2742/6/1
f 2745/6/1 2737/6/1 2736/6/1
f 2746/6/1 2737/6/1 2745/6/1
f 2748/6/1 2742/6/1 2741/6/1
f 2749/6/1 2744/6/1 2743/6/1
f 2752/6/1 2748/6/1 2747/6/1
f 2753/6/1 2742/6/1 2748/6/1
f 2753/6/1 2748/6/1 2752/6/1
f 2754/6/1 2742/6/1 2753/6/1
f 2755/6/1 2750/6/1 2749/6/1
f 2755/6/1 2749/6/1 2743/6/1
f 2756/6/1 2750/6/1 2755/6/1
f 2757/6/1 2750/6/1 2756/6/1
f 2760/6/1 2752/6/1 2751/6/1
f 2760/6/1 2753/6/1 2752/6/1
f 2761/6/1 2753/6/1 2760/6/1
f 2762/6/1 2753/6/1 2761/6/1
f 2763/6/1 2755/6/1 2754/6/1
f 2764/6/1 2755/6/1 2763/6/1
f 2765/6/1 2758/6/1 2757/6/1
f 2765/6/1 2757/6/1 2756/6/1
f 2766/6/1 2758/6/1 2765/6/1
f 2767/6/1 2758/6/1 2766/6/1
f 2772/6/1 2760/6/1 2759/6/1
f 2772/6/1 2761/6/1 2760/6/1
f 2773/6/1 2761/6/1 2772/6/1
f 2774/6/1 2761/6/1 2773/6/1
f 2775/6/1 2764/6/1 2763/6/1
f 2776/6/1 2764/6/1 2775/6/1
f 2777/6/1 2768/6/1 2767/6/1
f 2777/6/1 2767/6/1 2766/6/1
f 2778/6/1 2768/6/1 2777/6/1
f 2779/6/1 2768/6/1 2778/6/1
f 2784/7/1 2770/7/1 2769/7/1
f 2785/7/1 2770/7/1 2784/7/1
f 2786/7/1 2770/7/1 2785/7/1
f 2789/6/1 2772/6/1 2771/6/1
f 2789/6/1 2773/6/1 2772/6/1
f 2790/6/1 2773/6/1 2789/6/1
f 2791/6/1 2773/6/1 2790/6/1
f 2792/6/1 2780/6/1 2779/6/1
f 2792/6/1 2779/6/1 2778/6/1
f 2793/6/1 2780/6/1 2792/6/1
f 2794/6/1 2780/6/1 2793/6/1
f 2796/7/1 2782/7/1 2781/7/1
f 2797/1/1 2783/1/1 2782/1/1
f 2797/7/1 2782/7/1 2796/7/1
f 2798/1/1 2783/1/1 2797/1/1
f 2799/1/1 2786/1/1 2785/1/1
f 2800/7/1 2787/7/1 2786/7/1
f 2800/1/1 2786/1/1 2799/1/1
f 2801/7/1 2787/7/1 2800/7/1
f 2802/6/1 2790/6/1 2789/6/1
f 2802/6/1 2789/6/1 2788/6/1
f 2803/6/1 2790/6/1 2802/6/1
f 2804/6/1 2790/6/1 2803/6/1
f 2805/6/1 2795/6/1 2794/6/1
f 2805/6/1 2794/6/1 2793/6/1
f 2806/6/1 2795/6/1 2805/6/1
f 2807/6/1 2795/6/1 2806/6/1
f 2809/1/1 2797/1/1 2796/1/1
f 2810/1/1 2797/1/1 2809/1/1
f 2813/6/1 2801/6/1 2800/6/1
f 2813/6/1 2803/6/1 2802/6/1
f 2813/6/1 2802/6/1 2801/6/1
f 2814/6/1 2803/6/1 2813/6/1
f 2815/6/1 2803/6/1 2814/6/1
f 2816/6/1 2803/6/1 2815/6/1
f 2817/6/1 2808/6/1 2807/6/1
f 2817/6/1 2807/6/1 2806/6/1
f 2818/6/1 2808/6/1 2817/6/1
f 2819/7/1 2809/7/1 2808/7/1
f 2819/6/1 2808/6/1 2818/6/1
f 2820/7/1 2809/7/1 2819/7/1
f 2821/2/1 2812/2/1 2811/2/1
f 2822/2/1 2812/2/1 2821/2/1
f 2823/6/1 2815/6/1 2814/6/1
f 2824/6/1 2815/6/1 2823/6/1
f 2825/6/1 2819/6/1 2818/6/1
f 2826/6/1 2819/6/1 2825/6/1
f 2828/6/1 2776/6/1 2775/6/1
f 2829/6/1 2776/6/1 2828/6/1
f 2832/6/1 2828/6/1 2827/6/1
f 2833/6/1 2830/6/1 2829/6/1
f 2836/6/1 2832/6/1 2831/6/1
f 2837/6/1 2828/6/1 2832/6/1
f 2837/6/1 2832/6/1 2836/6/1
f 2838/6/1 2828/6/1 2837/6/1
f 2839/6/1 2834/6/1 2833/6/1
f 2839/6/1 2833/6/1 2829/6/1
f 2840/6/1 2834/6/1 2839/6/1
f 2841/6/1 2834/6/1 2840/6/1
f 2844/6/1 2836/6/1 2835/6/1
f 2844/6/1 2837/6/1 2836/6/1
f 2845/6/1 2837/6/1 2844/6/1
f 2846/6/1 2837/6/1 2845/6/1
f 2847/6/1 2839/6/1 2838/6/1
f 2848/6/1 2839/6/1 2847/6/1
f 2849/6/1 2842/6/1 2841/6/1
f 2849/6/1 2841/6/1 2840/6/1
f 2850/6/1 2842/6/1 2849/6/1
f 2851/6/1 2842/6/1 2850/6/1
f 2858/6/1 2844/6/1 2843/6/1
f 2858/6/1 2845/6/1 2844/6/1
f 2859/6/1 2845/6/1 2858/6/1
f 2860/6/1 2845/6/1 2859/6/1
f 2861/6/1 2848/6/1 2847/6/1
f 2862/6/1 2848/6/1 2861/6/1
f 2863/6/1 2852/6/1 2851/6/1
f 2863/6/1 2851/6/1 2850/6/1
f 2864/6/1 2852/6/1 2863/6/1
f 2865/6/1 2852/6/1 2864/6/1
f 2870/1/1 2854/1/1 2853/1/1
f 2871/1/1 2854/1/1 2870/1/1
f 2872/7/1 2856/7/1 2855/7/1
f 2873/7/1 2856/7/1 2872/7/1
f 2874/7/1 2856/7/1 2873/7/1
f 2877/6/1 2858/6/1 2857/6/1
f 2877/6/1 2859/6/1 2858/6/1
f 2878/6/1 2859/6/1 2877/6/1
f 2879/6/1 2859/6/1 2878/6/1
f 2880/6/1 2865/6/1 2864/6/1
f 2880/6/1 2866/6/1 2865/6/1
f 2881/6/1 2866/6/1 2880/6/1
f 2882/6/1 2866/6/1 2881/6/1
f 2884/7/1 2868/7/1 2867/7/1
f 2885/1/1 2869/1/1 2868/1/1
f 2885/7/1 2868/7/1 2884/7/1
f 2886/1/1 2869/1/1 2885/1/1
f 2887/7/1 2875/7/1 2874/7/1
f 2887/7/1 2874/7/1 2873/7/1
f 2888/7/1 2875/7/1 2887/7/1
f 2889/7/1 2875/7/1 2888/7/1
f 2890/6/1 2878/6/1 2877/6/1
f 2890/6/1 2877/6/1 2876/6/1
f 2891/6/1 2878/6/1 2890/6/1
f 2892/6/1 2878/6/1 2891/6/1
f 2893/6/1 2883/6/1 2882/6/1
f 2893/6/1 2882/6/1 2881/6/1
f 2894/6/1 2883/6/1 2893/6/1
f 2895/6/1 2883/6/1 2894/6/1
f 2897/1/1 2885/1/1 2884/1/1
f 2898/1/1 2885/1/1 2897/1/1
f 2899/6/1 2889/6/1 2888/6/1
f 2899/6/1 2891/6/1 2890/6/1
f 2899/6/1 2890/6/1 2889/6/1
f 2900/6/1 2891/6/1 2899/6/1
f 2901/6/1 2891/6/1 2900/6/1
f 2902/6/1 2891/6/1 2901/6/1
f 2903/6/1 2896/6/1 2895/6/1
f 2903/6/1 2895/6/1 2894/6/1
f 2904/6/1 2896/6/1 2903/6/1
f 2905/1/1 2897/1/1 2896/1/1
f 2905/6/1 2896/6/1 2904/6/1
f 2906/1/1 2897/1/1 2905/1/1
f 2907/6/1 2901/6/1 2900/6/1
f 2908/6/1 2901/6/1 2907/6/1
f 2909/6/1 2905/6/1 2904/6/1
f 2910/6/1 2905/6/1 2909/6/1
f 2912/6/1 2862/6/1 2861/6/1
f 2913/6/1 2862/6/1 2912/6/1
f 2916/6/1 2912/6/1 2911/6/1
f 2917/6/1 2914/6/1 2913/6/1
f 2920/6/1 2916/6/1 2915/6/1
f 2921/6/1 2912/6/1 2916/6/1
f 2921/6/1 2916/6/1 2920/6/1
f 2922/6/1 2912/6/1 2921/6/1
f 2923/6/1 2918/6/1 2917/6/1
f 2923/6/1 2917/6/1 2913/6/1
f 2924/6/1 2918/6/1 2923/6/1
f 2925/6/1 2918/6/1 2924/6/1
f 2928/6/1 2920/6/1 2919/6/1
f 2928/6/1 2921/6/1 2920/6/1
f 2929/6/1 2921/6/1 2928/6/1
f 2930/6/1 2921/6/1 2929/6/1
f 2931/6/1 2923/6/1 2922/6/1
f 2932/6/1 2923/6/1 2931/6/1
f 2933/6/1 2926/6/1 2925/6/1
f 2933/6/1 2925/6/1 2924/6/1
f 2934/6/1 2926/6/1 2933/6/1
f 2935/6/1 2926/6/1 2934/6/1
f 2941/6/1 2928/6/1 2927/6/1
f 2941/6/1 2929/6/1 2928/6/1
f 2942/6/1 2929/6/1 2941/6/1
f 2943/6/1 2929/6/1 2942/6/1
f 2944/6/1 2932/6/1 2931/6/1
f 2945/6/1 2932/6/1 2944/6/1
f 2946/6/1 2936/6/1 2935/6/1
f 2946/6/1 2935/6/1 2934/6/1
f 2947/6/1 2936/6/1 2946/6/1
f 2948/6/1 2936/6/1 2947/6/1
f 2952/1/1 2938/1/1 2937/1/1
f 2953/7/1 2939/7/1 2938/7/1
f 2953/1/1 2938/1/1 2952/1/1
f 2954/7/1 2939/7/1 2953/7/1
f 2957/6/1 2942/6/1 2941/6/1
f 2957/6/1 2941/6/1 2940/6/1
f 2958/6/1 2942/6/1 2957/6/1
f 2959/6/1 2942/6/1 2958/6/1
f 2960/6/1 2948/6/1 2947/6/1
f 2960/6/1 2949/6/1 2948/6/1
f 2961/6/1 2949/6/1 2960/6/1
f 2962/6/1 2949/6/1 2961/6/1
f 2964/7/1 2951/7/1 2950/7/1
f 2965/7/1 2951/7/1 2964/7/1
f 2966/7/1 2951/7/1 2965/7/1
f 2967/7/1 2955/7/1 2954/7/1
f 2967/7/1 2954/7/1 2953/7/1
f 2968/7/1 2955/7/1 2967/7/1
f 2969/7/1 2955/7/1 2968/7/1
f 2970/6/1 2958/6/1 2957/6/1
f 2970/6/1 2957/6/1 2956/6/1
f 2971/6/1 2958/6/1 2970/6/1
f 2972/6/1 2958/6/1 2971/6/1
f 2973/6/1 2963/6/1 2962/6/1
f 2973/6/1 2962/6/1 2961/6/1
f 2974/6/1 2963/6/1 2973/6/1
f 2975/6/1 2963/6/1 2974/6/1
f 2977/1/1 2965/1/1 2964/1/1
f 2978/1/1 2965/1/1 2977/1/1
f 2979/6/1 2969/6/1 2968/6/1
f 2979/6/1 2971/6/1 2970/6/1
f 2979/6/1 2970/6/1 2969/6/1
f 2980/6/1 2971/6/1 2979/6/1
f 2981/6/1 2971/6/1 2980/6/1
f 2982/6/1 2971/6/1 2981/6/1
f 2983/6/1 2976/6/1 2975/6/1
f 2983/6/1 2975/6/1 2974/6/1
f 2984/6/1 2976/6/1 2983/6/1
f 2985/1/1 2977/1/1 2976/1/1
f 2985/6/1 2976/6/1 2984/6/1
f 2986/1/1 2977/1/1 2985/1/1
f 2987/6/1 2981/6/1 2980/6/1
f 2988/6/1 2981/6/1 2987/6/1
f 2989/6/1 2985/6/1 2984/6/1
f 2990/6/1 2985/6/1 2989/6/1
f 2995/6/1 2992/6/1 2991/6/1
f 2996/6/1 2992/6/1 2995/6/1
f 2997/2/1 2994/2/1 2993/2/1
f 2998/2/1 2994/2/1 2997/2/1
f 3001/2/1 3000/2/1 2999/2/1
f 3002/2/1 3000/2/1 3001/2/1
f 3005/6/1 3004/6/1 3003/6/1
f 3006/6/1 3004/6/1 3005/6/1
f 3011/6/1 3008/6/1 3007/6/1
f 3012/6/1 3008/6/1 3011/6/1
f 3013/7/1 3010/7/1 3009/7/1
f 3014/7/1 3010/7/1 3013/7/1
f 3017/2/1 3016/2/1 3015/2/1
f 3018/2/1 3016/2/1 3017/2/1
f 3023/7/1 3020/7/1 3019/7/1
f 3024/7/1 3020/7/1 3023/7/1
f 3025/2/1 3022/2/1 3021/2/1
f 3026/2/1 3022/2/1 3025/2/1
f 3029/7/1 3028/7/1 3027/7/1
f 3030/7/1 3028/7/1 3029/7/1
f 3033/7/1 3032/7/1 3031/7/1
f 3034/7/1 3032/7/1 3033/7/1
f 3039/6/1 3036/6/1 3035/6/1
f 3040/6/1 3036/6/1 3039/6/1
f 3041/2/1 3038/2/1 3037/2/1
f 3042/2/1 3038/2/1 3041/2/1
f 3045/6/1 3044/6/1 3043/6/1
f 3046/6/1 3044/6/1 3045/6/1
f 3051/6/1 3048/6/1 3047/6/1
f 3052/6/1 3048/6/1 3051/6/1
f 3053/6/1 3050/6/1 3049/6/1
f 3054/6/1 3050/6/1 3053/6/1
f 3059/6/1 3056/6/1 3055/6/1
f 3060/6/1 3056/6/1 3059/6/1
f 3061/2/1 3058/2/1 3057/2/1
f 3062/2/1 3058/2/1 3061/2/1
f 3067/6/1 3064/6/1 3063/6/1
f 3068/6/1 3064/6/1 3067/6/1
f 3069/6/1 3066/6/1 3065/6/1
f 3070/6/1 3066/6/1 3069/6/1
f 3073/2/1 3072/2/1 3071/2/1
f 3074/2/1 3072/2/1 3073/2/1
f 3079/6/1 3076/6/1 3075/6/1
f 3080/6/1 3076/6/1 3079/6/1
f 3081/6/1 3078/6/1 3077/6/1
f 3082/6/1 3078/6/1 3081/6/1
f 3087/6/1 3084/6/1 3083/6/1
f 3088/6/1 3084/6/1 3087/6/1
f 3089/6/1 3086/6/1 3085/6/1
f 3090/6/1 3086/6/1 3089/6/1
f 3096/2/1 3092/2/1 3091/2/1
f 3097/2/1 3092/2/1 3096/2/1
f 3101/2/1 3094/2/1 3093/2/1
f 3102/2/1 3094/2/1 3101/2/1
f 3104/2/1 3096/2/1 3095/2/1
f 3105/2/1 3098/2/1 3097/2/1
f 3107/6/1 3100/6/1 3099/6/1
f 3108/6/1 3100/6/1 3107/6/1
f 3110/2/1 3104/2/1 3103/2/1
f 3111/2/1 3096/2/1 3104/2/1
f 3111/2/1 3104/2/1 3110/2/1
f 3112/2/1 3096/2/1 3111/2/1
f 3113/2/1 3106/2/1 3105/2/1
f 3113/2/1 3105/2/1 3097/2/1
f 3114/2/1 3106/2/1 3113/2/1
f 3115/2/1 3106/2/1 3114/2/1
f 3119/2/1 3110/2/1 3109/2/1
f 3119/2/1 3111/2/1 3110/2/1
f 3120/2/1 3111/2/1 3119/2/1
f 3121/2/1 3116/2/1 3115/2/1
f 3121/2/1 3115/2/1 3114/2/1
f 3122/2/1 3116/2/1 3121/2/1
f 3123/6/1 3118/6/1 3117/6/1
f 3124/6/1 3118/6/1 3123/6/1
f 3129/6/1 3126/6/1 3125/6/1
f 3130/6/1 3126/6/1 3129/6/1
f 3131/6/1 3128/6/1 3127/6/1
f 3132/6/1 3128/6/1 3131/6/1
f 3134/2/1 3113/2/1 3112/2/1
f 3135/2/1 3113/2/1 3134/2/1
f 3142/2/1 3134/2/1 3133/2/1
f 3143/2/1 3136/2/1 3135/2/1
f 3147/6/1 3138/6/1 3137/6/1
f 3148/6/1 3138/6/1 3147/6/1
f 3149/2/1 3140/2/1 3139/2/1
f 3150/2/1 3140/2/1 3149/2/1
f 3151/2/1 3140/2/1 3150/2/1
f 3152/2/1 3142/2/1 3141/2/1
f 3153/2/1 3134/2/1 3142/2/1
f 3153/2/1 3142/2/1 3152/2/1
f 3154/2/1 3134/2/1 3153/2/1
f 3155/2/1 3143/2/1 3135/2/1
f 3155/2/1 3144/2/1 3143/2/1
f 3156/2/1 3144/2/1 3155/2/1
f 3157/2/1 3144/2/1 3156/2/1
f 3158/2/1 3146/2/1 3145/2/1
f 3159/2/1 3146/2/1 3158/2/1
f 3160/2/1 3146/2/1 3159/2/1
f 3161/2/1 3151/2/1 3150/2/1
f 3161/2/1 3152/2/1 3151/2/1
f 3161/2/1 3153/2/1 3152/2/1
f 3162/2/1 3153/2/1 3161/2/1
f 3163/2/1 3157/2/1 3156/2/1
f 3163/2/1 3159/2/1 3158/2/1
f 3163/2/1 3158/2/1 3157/2/1
f 3164/3/1 3160/3/1 3159/3/1
f 3164/2/1 3159/2/1 3163/2/1
f 3165/3/1 3160/3/1 3164/3/1
f 3168/6/1 3167/6/1 3166/6/1
f 3169/6/1 3167/6/1 3168/6/1
f 3175/2/1 3155/2/1 3154/2/1
f 3176/2/1 3155/2/1 3175/2/1
f 3178/6/1 3171/6/1 3170/6/1
f 3179/6/1 3171/6/1 3178/6/1
f 3180/6/1 3173/6/1 3172/6/1
f 3181/6/1 3173/6/1 3180/6/1
f 3183/2/1 3175/2/1 3174/2/1
f 3184/2/1 3177/2/1 3176/2/1
f 3188/2/1 3183/2/1 3182/2/1
f 3189/2/1 3175/2/1 3183/2/1
f 3189/2/1 3183/2/1 3188/2/1
f 3190/2/1 3175/2/1 3189/2/1
f 3191/2/1 3184/2/1 3176/2/1
f 3191/2/1 3185/2/1 3184/2/1
f 3192/2/1 3185/2/1 3191/2/1
f 3193/2/1 3185/2/1 3192/2/1
f 3195/3/1 3187/3/1 3186/3/1
f 3196/2/1 3188/2/1 3187/2/1
f 3196/3/1 3187/3/1 3195/3/1
f 3196/2/1 3189/2/1 3188/2/1
f 3197/2/1 3189/2/1 3196/2/1
f 3198/2/1 3194/2/1 3193/2/1
f 3198/2/1 3193/2/1 3192/2/1
f 3199/2/1 3194/2/1 3198/2/1
f 3200/2/1 3194/2/1 3199/2/1
f 3201/3/1 3199/3/1 3198/3/1
f 3202/3/1 3199/3/1 3201/3/1
f 3205/6/1 3204/6/1 3203/6/1
f 3206/6/1 3204/6/1 3205/6/1
f 3211/6/1 3208/6/1 3207/6/1
f 3212/6/1 3208/6/1 3211/6/1
f 3213/6/1 3210/6/1 3209/6/1
f 3214/6/1 3210/6/1 3213/6/1
f 3217/6/1 3216/6/1 3215/6/1
f 3218/6/1 3216/6/1 3217/6/1
f 3223/6/1 3220/6/1 3219/6/1
f 3224/6/1 3220/6/1 3223/6/1
f 3225/6/1 3222/6/1 3221/6/1
f 3226/6/1 3222/6/1 3225/6/1
f 3234/6/1 3228/6/1 3227/6/1
f 3235/6/1 3228/6/1 3234/6/1
f 3237/2/1 3230/2/1 3229/2/1
f 3238/2/1 3230/2/1 3237/2/1
f 3239/2/1 3232/2/1 3231/2/1
f 3240/2/1 3232/2/1 3239/2/1
f 3242/6/1 3234/6/1 3233/6/1
f 3243/6/1 3236/6/1 3235/6/1
f 3248/6/1 3242/6/1 3241/6/1
f 3249/6/1 3234/6/1 3242/6/1
f 3249/6/1 3242/6/1 3248/6/1
f 3250/6/1 3234/6/1 3249/6/1
f 3251/6/1 3243/6/1 3235/6/1
f 3251/6/1 3244/6/1 3243/6/1
f 3252/6/1 3244/6/1 3251/6/1
f 3253/6/1 3244/6/1 3252/6/1
f 3256/3/1 3246/3/1 3245/3/1
f 3257/3/1 3246/3/1 3256/3/1
f 3260/6/1 3248/6/1 3247/6/1
f 3260/6/1 3249/6/1 3248/6/1
f 3261/6/1 3249/6/1 3260/6/1
f 3262/6/1 3249/6/1 3261/6/1
f 3263/6/1 3253/6/1 3252/6/1
f 3263/6/1 3254/6/1 3253/6/1
f 3264/6/1 3254/6/1 3263/6/1
f 3265/6/1 3254/6/1 3264/6/1
f 3274/3/1 3257/3/1 3256/3/1
f 3274/3/1 3256/3/1 3255/3/1
f 3275/3/1 3257/3/1 3274/3/1
f 3276/7/1 3259/7/1 3258/7/1
f 3277/6/1 3261/6/1 3260/6/1
f 3277/7/1 3259/7/1 3276/7/1
f 3277/6/1 3260/6/1 3259/6/1
f 3278/6/1 3261/6/1 3277/6/1
f 3279/6/1 3261/6/1 3278/6/1
f 3280/6/1 3265/6/1 3264/6/1
f 3280/6/1 3266/6/1 3265/6/1
f 3281/6/1 3266/6/1 3280/6/1
f 3282/7/1 3267/7/1 3266/7/1
f 3282/6/1 3266/6/1 3281/6/1
f 3283/7/1 3267/7/1 3282/7/1
f 3284/6/1 3269/6/1 3268/6/1
f 3285/6/1 3269/6/1 3284/6/1
f 3286/6/1 3271/6/1 3270/6/1
f 3287/6/1 3271/6/1 3286/6/1
f 3288/6/1 3273/6/1 3272/6/1
f 3289/6/1 3273/6/1 3288/6/1
f 3290/7/1 3278/7/1 3277/7/1
f 3291/7/1 3278/7/1 3290/7/1
f 3292/7/1 3282/7/1 3281/7/1
f 3293/7/1 3282/7/1 3292/7/1
f 3296/3/1 3295/3/1 3294/3/1
f 3297/3/1 3295/3/1 3296/3/1
f 3304/6/1 3299/6/1 3298/6/1
f 3305/6/1 3299/6/1 3304/6/1
f 3306/6/1 3301/6/1 3300/6/1
f 3307/6/1 3301/6/1 3306/6/1
f 3308/6/1 3303/6/1 3302/6/1
f 3309/6/1 3303/6/1 3308/6/1
f 3312/3/1 3311/3/1 3310/3/1
f 3313/3/1 3311/3/1 3312/3/1
f 3320/6/1 3315/6/1 3314/6/1
f 3321/6/1 3315/6/1 3320/6/1
f 3322/6/1 3317/6/1 3316/6/1
f 3323/6/1 3317/6/1 3322/6/1
f 3324/6/1 3319/6/1 3318/6/1
f 3325/6/1 3319/6/1 3324/6/1
f 3332/6/1 3327/6/1 3326/6/1
f 3333/6/1 3327/6/1 3332/6/1
f 3334/6/1 3329/6/1 3328/6/1
f 3335/6/1 3329/6/1 3334/6/1
f 3336/6/1 3331/6/1 3330/6/1
f 3337/6/1 3331/6/1 3336/6/1
f 3340/6/1 3339/6/1 3338/6/1
f 3341/6/1 3339/6/1 3340/6/1
f 3344/2/1 3343/2/1 3342/2/1
f 3345/2/1 3343/2/1 3344/2/1
f 3350/6/1 3347/6/1 3346/6/1
f 3351/6/1 3347/6/1 3350/6/1
f 3352/7/1 3349/7/1 3348/7/1
f 3353/7/1 3349/7/1 3352/7/1
f 3354/7/1 3349/7/1 3353/7/1
f 3357/6/1 3356/6/1 3355/6/1
f 3358/6/1 3356/6/1 3357/6/1
f 3361/2/1 3360/2/1 3359/2/1
f 3362/2/1 3360/2/1 3361/2/1
f 3365/6/1 3364/6/1 3363/6/1
f 3366/6/1 3364/6/1 3365/6/1
f 3371/6/1 3370/6/1 3369/6/1
f 3372/6/1 3370/6/1 3371/6/1
f 3374/4/1 3368/4/1 3367/4/1
f 3375/4/1 3368/4/1 3374/4/1
f 3376/4/1 3374/4/1 3373/4/1
f 3377/4/1 3374/4/1 3376/4/1
f 3380/6/1 3379/6/1 3378/6/1
f 3381/6/1 3379/6/1 3380/6/1
f 3388/6/1 3383/6/1 3382/6/1
f 3389/6/1 3383/6/1 3388/6/1
f 3390/2/1 3385/2/1 3384/2/1
f 3391/2/1 3385/2/1 3390/2/1
f 3392/2/1 3387/2/1 3386/2/1
f 3393/2/1 3387/2/1 3392/2/1
f 3394/2/1 3387/2/1 3393/2/1
f 3395/3/1 3394/3/1 3393/3/1
f 3396/3/1 3394/3/1 3395/3/1
f 3401/7/1 3398/7/1 3397/7/1
f 3402/7/1 3398/7/1 3401/7/1
f 3405/7/1 3400/7/1 3399/7/1
f 3406/7/1 3400/7/1 3405/7/1
f 3407/6/1 3404/6/1 3403/6/1
f 3408/6/1 3404/6/1 3407/6/1
f 3411/2/1 3410/2/1 3409/2/1
f 3412/2/1 3410/2/1 3411/2/1
f 3415/6/1 3414/6/1 3413/6/1
f 3416/6/1 3414/6/1 3415/6/1
f 3419/2/1 3418/2/1 3417/2/1
f 3420/2/1 3418/2/1 3419/2/1
f 3423/2/1 3422/2/1 3421/2/1
f 3424/2/1 3422/2/1 3423/2/1
f 3427/6/1 3426/6/1 3425/6/1
f 3428/6/1 3426/6/1 3427/6/1
f 3433/6/1 3430/6/1 3429/6/1
f 3434/6/1 3430/6/1 3433/6/1
f 3437/2/1 3432/2/1 3431/2/1
f 3438/2/1 3432/2/1 3437/2/1
f 3439/4/1 3436/4/1 3435/4/1
f 3442/2/1 3439/2/1 3438/2/1
f 3443/4/1 3436/4/1 3439/4/1
f 3443/2/1 3439/2/1 3442/2/1
f 3444/4/1 3436/4/1 3443/4/1
f 3445/4/1 3441/4/1 3440/4/1
f 3446/2/1 3442/2/1 3441/2/1
f 3446/4/1 3441/4/1 3445/4/1
f 3446/2/1 3443/2/1 3442/2/1
f 3447/2/1 3443/2/1 3446/2/1
f 3454/6/1 3449/6/1 3448/6/1
f 3455/6/1 3449/6/1 3454/6/1
f 3456/6/1 3451/6/1 3450/6/1
f 3457/6/1 3451/6/1 3456/6/1
f 3458/2/1 3453/2/1 3452/2/1
f 3459/2/1 3453/2/1 3458/2/1
f 3464/6/1 3461/6/1 3460/6/1
f 3465/6/1 3461/6/1 3464/6/1
f 3466/3/1 3463/3/1 3462/3/1
f 3467/3/1 3463/3/1 3466/3/1
f 3472/7/1 3469/7/1 3468/7/1
f 3473/7/1 3469/7/1 3472/7/1
f 3474/6/1 3471/6/1 3470/6/1
f 3475/6/1 3471/6/1 3474/6/1
f 3478/6/1 3477/6/1 3476/6/1
f 3479/6/1 3477/6/1 3478/6/1
f 3482/6/1 3481/6/1 3480/6/1
f 3483/6/1 3481/6/1 3482/6/1
f 3486/6/1 3485/6/1 3484/6/1
f 3487/6/1 3485/6/1 3486/6/1
f 3493/2/1 3489/2/1 3488/2/1
f 3494/2/1 3489/2/1 3493/2/1
f 3496/6/1 3491/6/1 3490/6/1
f 3497/6/1 3491/6/1 3496/6/1
f 3499/2/1 3493/2/1 3492/2/1
f 3500/2/1 3495/2/1 3494/2/1
f 3503/2/1 3499/2/1 3498/2/1
f 3504/2/1 3493/2/1 3499/2/1
f 3504/2/1 3499/2/1 3503/2/1
f 3505/2/1 3493/2/1 3504/2/1
f 3506/2/1 3501/2/1 3500/2/1
f 3506/2/1 3500/2/1 3494/2/1
f 3507/2/1 3501/2/1 3506/2/1
f 3508/2/1 3501/2/1 3507/2/1
f 3512/2/1 3503/2/1 3502/2/1
f 3512/2/1 3504/2/1 3503/2/1
f 3513/2/1 3504/2/1 3512/2/1
f 3514/2/1 3509/2/1 3508/2/1
f 3514/2/1 3508/2/1 3507/2/1
f 3515/2/1 3509/2/1 3514/2/1
f 3516/6/1 3511/6/1 3510/6/1
f 3517/6/1 3511/6/1 3516/6/1
f 3522/7/1 3519/7/1 3518/7/1
f 3523/7/1 3519/7/1 3522/7/1
f 3526/6/1 3521/6/1 3520/6/1
f 3527/6/1 3521/6/1 3526/6/1
f 3528/2/1 3525/2/1 3524/2/1
f 3529/2/1 3525/2/1 3528/2/1
f 3532/6/1 3531/6/1 3530/6/1
f 3533/6/1 3531/6/1 3532/6/1
f 3536/2/1 3535/2/1 3534/2/1
f 3537/2/1 3535/2/1 3536/2/1
f 3540/6/1 3539/6/1 3538/6/1
f 3541/6/1 3539/6/1 3540/6/1
f 3548/2/1 3543/2/1 3542/2/1
f 3549/2/1 3543/2/1 3548/2/1
f 3550/6/1 3545/6/1 3544/6/1
f 3551/6/1 3545/6/1 3550/6/1
f 3552/4/1 3547/4/1 3546/4/1
f 3553/4/1 3547/4/1 3552/4/1
f 3556/4/1 3555/4/1 3554/4/1
f 3557/4/1 3555/4/1 3556/4/1
f 3562/6/1 3561/6/1 3560/6/1
f 3563/6/1 3561/6/1 3562/6/1
f 3566/2/1 3559/2/1 3558/2/1
f 3567/2/1 3559/2/1 3566/2/1
f 3568/7/1 3565/7/1 3564/7/1
f 3569/7/1 3565/7/1 3568/7/1
f 3575/3/1 3571/3/1 3570/3/1
f 3576/3/1 3571/3/1 3575/3/1
f 3577/7/1 3573/7/1 3572/7/1
f 3578/6/1 3574/6/1 3573/6/1
f 3578/7/1 3573/7/1 3577/7/1
f 3579/6/1 3574/6/1 3578/6/1
f 3580/2/1 3566/2/1 3558/2/1
f 3587/2/1 3580/2/1 3558/2/1
f 3587/2/1 3581/2/1 3580/2/1
f 3588/2/1 3581/2/1 3587/2/1
f 3592/4/1 3583/4/1 3582/4/1
f 3593/2/1 3584/2/1 3583/2/1
f 3593/4/1 3583/4/1 3592/4/1
f 3594/4/1 3585/4/1 3584/4/1
f 3594/2/1 3584/2/1 3593/2/1
f 3595/4/1 3585/4/1 3594/4/1
f 3597/2/1 3587/2/1 3586/2/1
f 3598/2/1 3589/2/1 3588/2/1
f 3601/2/1 3591/2/1 3590/2/1
f 3602/2/1 3595/2/1 3594/2/1
f 3602/2/1 3594/2/1 3593/2/1
f 3603/2/1 3595/2/1 3602/2/1
f 3604/2/1 3595/2/1 3603/2/1
f 3605/2/1 3597/2/1 3596/2/1
f 3606/2/1 3587/2/1 3597/2/1
f 3606/2/1 3597/2/1 3605/2/1
f 3607/2/1 3587/2/1 3606/2/1
f 3609/2/1 3599/2/1 3598/2/1
f 3609/2/1 3598/2/1 3588/2/1
f 3610/2/1 3599/2/1 3609/2/1
f 3611/2/1 3599/2/1 3610/2/1
f 3612/2/1 3601/2/1 3600/2/1
f 3613/2/1 3591/2/1 3601/2/1
f 3613/2/1 3601/2/1 3612/2/1
f 3614/2/1 3591/2/1 3613/2/1
f 3615/2/1 3604/2/1 3603/2/1
f 3615/2/1 3605/2/1 3604/2/1
f 3615/2/1 3606/2/1 3605/2/1
f 3616/2/1 3606/2/1 3615/2/1
f 3617/2/1 3611/2/1 3610/2/1
f 3617/2/1 3612/2/1 3611/2/1
f 3617/2/1 3613/2/1 3612/2/1
f 3618/4/1 3614/4/1 3613/4/1
f 3618/2/1 3613/2/1 3617/2/1
f 3619/4/1 3614/4/1 3618/4/1
f 3620/2/1 3608/2/1 3607/2/1
f 3626/4/1 3623/4/1 3622/4/1
f 3629/2/1 3620/2/1 3607/2/1
f 3629/2/1 3621/2/1 3620/2/1
f 3630/2/1 3621/2/1 3629/2/1
f 3632/4/1 3625/4/1 3624/4/1
f 3633/4/1 3625/4/1 3632/4/1
f 3634/4/1 3626/4/1 3622/4/1
f 3635/2/1 3627/2/1 3626/2/1
f 3635/4/1 3626/4/1 3634/4/1
f 3636/2/1 3627/2/1 3635/2/1
f 3639/2/1 3629/2/1 3628/2/1
f 3640/2/1 3631/2/1 3630/2/1
f 3643/2/1 3633/2/1 3632/2/1
f 3645/2/1 3637/2/1 3636/2/1
f 3646/2/1 3637/2/1 3645/2/1
f 3647/2/1 3639/2/1 3638/2/1
f 3648/2/1 3629/2/1 3639/2/1
f 3648/2/1 3639/2/1 3647/2/1
f 3649/2/1 3629/2/1 3648/2/1
f 3650/2/1 3641/2/1 3640/2/1
f 3650/2/1 3640/2/1 3630/2/1
f 3651/2/1 3641/2/1 3650/2/1
f 3652/2/1 3641/2/1 3651/2/1
f 3653/2/1 3643/2/1 3642/2/1
f 3654/2/1 3633/2/1 3643/2/1
f 3654/2/1 3643/2/1 3653/2/1
f 3655/2/1 3633/2/1 3654/2/1
f 3656/4/1 3645/4/1 3644/4/1
f 3657/2/1 3646/2/1 3645/2/1
f 3657/4/1 3645/4/1 3656/4/1
f 3657/2/1 3647/2/1 3646/2/1
f 3657/2/1 3648/2/1 3647/2/1
f 3658/2/1 3648/2/1 3657/2/1
f 3659/4/1 3650/4/1 3649/4/1
f 3660/4/1 3650/4/1 3659/4/1
f 3661/2/1 3652/2/1 3651/2/1
f 3661/2/1 3653/2/1 3652/2/1
f 3661/2/1 3654/2/1 3653/2/1
f 3662/2/1 3654/2/1 3661/2/1
f 3663/4/1 3659/4/1 3658/4/1
f 3664/4/1 3659/4/1 3663/4/1
f 3665/4/1 3661/4/1 3660/4/1
f 3666/4/1 3661/4/1 3665/4/1
f 3667/4/1 3665/4/1 3664/4/1
f 3668/4/1 3665/4/1 3667/4/1
f 3671/6/1 3670/6/1 3669/6/1
f 3672/6/1 3670/6/1 3671/6/1
f 3675/2/1 3674/2/1 3673/2/1
f 3676/2/1 3674/2/1 3675/2/1
f 3683/7/1 3680/7/1 3679/7/1
f 3684/7/1 3680/7/1 3683/7/1
f 3685/7/1 3680/7/1 3684/7/1
f 3686/4/1 3682/4/1 3681/4/1
f 3687/4/1 3682/4/1 3686/4/1
f 3692/7/1 3691/7/1 3690/7/1
f 3693/7/1 3691/7/1 3692/7/1
f 3694/7/1 3691/7/1 3693/7/1
f 3695/2/1 3678/2/1 3677/2/1
f 3696/2/1 3678/2/1 3695/2/1
f 3699/4/1 3689/4/1 3688/4/1
f 3700/4/1 3689/4/1 3699/4/1
f 3701/4/1 3698/4/1 3697/4/1
f 3706/4/1 3703/4/1 3702/4/1
f 3707/4/1 3703/4/1 3706/4/1
f 3709/2/1 3705/2/1 3704/2/1
f 3710/4/1 3698/4/1 3701/4/1
f 3711/4/1 3698/4/1 3710/4/1
f 3712/4/1 3708/4/1 3707/4/1
f 3713/4/1 3708/4/1 3712/4/1
f 3716/7/1 3715/7/1 3714/7/1
f 3717/7/1 3715/7/1 3716/7/1
f 3718/7/1 3715/7/1 3717/7/1
f 3719/2/1 3709/2/1 3704/2/1
f 3720/2/1 3709/2/1 3719/2/1
f 3725/7/1 3722/7/1 3721/7/1
f 3726/7/1 3722/7/1 3725/7/1
f 3727/7/1 3722/7/1 3726/7/1
f 3728/4/1 3724/4/1 3723/4/1
f 3731/4/1 3724/4/1 3728/4/1
f 3732/4/1 3724/4/1 3731/4/1
f 3733/4/1 3730/4/1 3729/4/1
f 3734/4/1 3730/4/1 3733/4/1
f 3737/6/1 3736/6/1 3735/6/1
f 3738/6/1 3736/6/1 3737/6/1
f 3741/2/1 3740/2/1 3739/2/1
f 3742/2/1 3740/2/1 3741/2/1
f 3747/7/1 3744/7/1 3743/7/1
f 3748/7/1 3744/7/1 3747/7/1
f 3751/4/1 3746/4/1 3745/4/1
f 3752/4/1 3746/4/1 3751/4/1
f 3753/4/1 3746/4/1 3752/4/1
f 3754/6/1 3750/6/1 3749/6/1
f 3755/6/1 3750/6/1 3754/6/1
f 3758/7/1 3757/7/1 3756/7/1
f 3759/7/1 3757/7/1 3758/7/1
f 3762/2/1 3761/2/1 3760/2/1
f 3763/2/1 3761/2/1 3762/2/1
f 3766/7/1 3765/7/1 3764/7/1
f 3767/7/1 3765/7/1 3766/7/1
f 3770/7/1 3769/7/1 3768/7/1
f 3771/7/1 3769/7/1 3770/7/1
f 3776/2/1 3773/2/1 3772/2/1
f 3777/2/1 3773/2/1 3776/2/1
f 3781/6/1 3775/6/1 3774/6/1
f 3782/6/1 3775/6/1 3781/6/1
f 3785/6/1 3780/6/1 3779/6/1
f 3785/6/1 3779/6/1 3778/6/1
f 3786/6/1 3780/6/1 3785/6/1
f 3789/4/1 3784/4/1 3783/4/1
f 3790/4/1 3784/4/1 3789/4/1
f 3791/6/1 3788/6/1 3787/6/1
f 3792/6/1 3788/6/1 3791/6/1
f 3795/2/1 3794/2/1 3793/2/1
f 3796/2/1 3794/2/1 3795/2/1
f 3799/2/1 3798/2/1 3797/2/1
f 3800/2/1 3798/2/1 3799/2/1
f 3803/2/1 3802/2/1 3801/2/1
f 3804/2/1 3802/2/1 3803/2/1
f 3809/2/1 3806/2/1 3805/2/1
f 3810/2/1 3806/2/1 3809/2/1
f 3813/6/1 3808/6/1 3807/6/1
f 3814/6/1 3808/6/1 3813/6/1
f 3817/6/1 3812/6/1 3811/6/1
f 3818/6/1 3812/6/1 3817/6/1
f 3821/4/1 3816/4/1 3815/4/1
f 3822/4/1 3816/4/1 3821/4/1
f 3823/6/1 3820/6/1 3819/6/1
f 3824/6/1 3820/6/1 3823/6/1
f 3827/4/1 3826/4/1 3825/4/1
f 3828/4/1 3826/4/1 3827/4/1
f 3833/2/1 3830/2/1 3829/2/1
f 3834/2/1 3830/2/1 3833/2/1
f 3837/2/1 3832/2/1 3831/2/1
f 3838/2/1 3832/2/1 3837/2/1
f 3841/6/1 3836/6/1 3835/6/1
f 3842/6/1 3836/6/1 3841/6/1
f 3845/6/1 3840/6/1 3839/6/1
f 3846/6/1 3840/6/1 3845/6/1
f 3849/4/1 3844/4/1 3843/4/1
f 3850/4/1 3844/4/1 3849/4/1
f 3853/6/1 3848/6/1 3847/6/1
f 3854/6/1 3848/6/1 3853/6/1
f 3857/6/1 3852/6/1 3851/6/1
f 3858/6/1 3852/6/1 3857/6/1
f 3859/6/1 3856/6/1 3855/6/1
f 3860/6/1 3856/6/1 3859/6/1
f 3864/4/1 3862/4/1 3861/4/1
f 3865/4/1 3864/4/1 3863/4/1
f 3866/4/1 3862/4/1 3864/4/1
f 3866/4/1 3864/4/1 3865/4/1
f 3867/4/1 3862/4/1 3866/4/1
f 3868/4/1 3862/4/1 3867/4/1
f 3870/2/1 3869/2/1 3868/2/1
f 3871/2/1 3869/2/1 3870/2/1
f 3874/2/1 3873/2/1 3872/2/1
f 3875/2/1 3873/2/1 3874/2/1
f 3883/2/1 3877/2/1 3876/2/1
f 3884/2/1 3877/2/1 3883/2/1
f 3888/2/1 3879/2/1 3878/2/1
f 3889/2/1 3879/2/1 3888/2/1
f 3890/6/1 3881/6/1 3880/6/1
f 3891/6/1 3881/6/1 3890/6/1
f 3893/2/1 3883/2/1 3882/2/1
f 3894/2/1 3885/2/1 3884/2/1
f 3896/6/1 3887/6/1 3886/6/1
f 3897/6/1 3887/6/1 3896/6/1
f 3903/2/1 3893/2/1 3892/2/1
f 3904/2/1 3883/2/1 3893/2/1
f 3904/2/1 3893/2/1 3903/2/1
f 3905/2/1 3883/2/1 3904/2/1
f 3906/2/1 3895/2/1 3894/2/1
f 3906/2/1 3894/2/1 3884/2/1
f 3907/2/1 3895/2/1 3906/2/1
f 3908/2/1 3895/2/1 3907/2/1
f 3910/6/1 3899/6/1 3898/6/1
f 3911/6/1 3899/6/1 3910/6/1
f 3912/4/1 3901/4/1 3900/4/1
f 3914/2/1 3903/2/1 3902/2/1
f 3914/2/1 3904/2/1 3903/2/1
f 3915/2/1 3904/2/1 3914/2/1
f 3916/2/1 3909/2/1 3908/2/1
f 3916/2/1 3908/2/1 3907/2/1
f 3917/2/1 3909/2/1 3916/2/1
f 3918/4/1 3913/4/1 3912/4/1
f 3918/4/1 3912/4/1 3900/4/1
f 3919/4/1 3913/4/1 3918/4/1
f 3920/4/1 3913/4/1 3919/4/1
f 3926/4/1 3921/4/1 3920/4/1
f 3926/4/1 3920/4/1 3919/4/1
f 3927/4/1 3921/4/1 3926/4/1
f 3928/6/1 3923/6/1 3922/6/1
f 3929/6/1 3923/6/1 3928/6/1
f 3930/6/1 3925/6/1 3924/6/1
f 3931/6/1 3925/6/1 3930/6/1
f 3934/2/1 3933/2/1 3932/2/1
f 3935/2/1 3933/2/1 3934/2/1
f 3938/4/1 3937/4/1 3936/4/1
f 3939/4/1 3937/4/1 3938/4/1
f 3941/2/1 3939/2/1 3938/2/1
f 3941/2/1 3940/2/1 3939/2/1
f 3942/2/1 3940/2/1 3941/2/1
f 3950/6/1 3944/6/1 3943/6/1
f 3951/6/1 3944/6/1 3950/6/1
f 3954/6/1 3948/6/1 3947/6/1
f 3955/6/1 3948/6/1 3954/6/1
f 3960/6/1 3950/6/1 3949/6/1
f 3961/6/1 3952/6/1 3951/6/1
f 3964/6/1 3954/6/1 3953/6/1
f 3965/6/1 3956/6/1 3955/6/1
f 3967/6/1 3958/6/1 3957/6/1
f 3968/6/1 3958/6/1 3967/6/1
f 3970/6/1 3960/6/1 3959/6/1
f 3971/6/1 3950/6/1 3960/6/1
f 3971/6/1 3960/6/1 3970/6/1
f 3972/6/1 3950/6/1 3971/6/1
f 3973/6/1 3962/6/1 3961/6/1
f 3973/6/1 3961/6/1 3951/6/1
f 3974/6/1 3962/6/1 3973/6/1
f 3975/6/1 3962/6/1 3974/6/1
f 3978/4/1 3946/4/1 3945/4/1
f 3979/4/1 3946/4/1 3978/4/1
f 3981/6/1 3964/6/1 3963/6/1
f 3982/6/1 3954/6/1 3964/6/1
f 3982/6/1 3964/6/1 3981/6/1
f 3983/6/1 3954/6/1 3982/6/1
f 3984/6/1 3966/6/1 3965/6/1
f 3984/6/1 3965/6/1 3955/6/1
f 3985/6/1 3966/6/1 3984/6/1
f 3986/6/1 3966/6/1 3985/6/1
f 3989/6/1 3970/6/1 3969/6/1
f 3989/6/1 3971/6/1 3970/6/1
f 3990/6/1 3971/6/1 3989/6/1
f 3991/6/1 3971/6/1 3990/6/1
f 3992/6/1 3976/6/1 3975/6/1
f 3992/6/1 3975/6/1 3974/6/1
f 3993/6/1 3976/6/1 3992/6/1
f 3994/6/1 3976/6/1 3993/6/1
f 3997/4/1 3978/4/1 3977/4/1
f 3998/4/1 3978/4/1 3997/4/1
f 3999/4/1 3978/4/1 3998/4/1
f 4002/6/1 3981/6/1 3980/6/1
f 4002/6/1 3982/6/1 3981/6/1
f 4003/6/1 3982/6/1 4002/6/1
f 4004/6/1 3982/6/1 4003/6/1
f 4005/6/1 3987/6/1 3986/6/1
f 4005/6/1 3986/6/1 3985/6/1
f 4006/6/1 3987/6/1 4005/6/1
f 4007/6/1 3987/6/1 4006/6/1
f 4013/6/1 3990/6/1 3989/6/1
f 4013/6/1 3989/6/1 3988/6/1
f 4014/6/1 3990/6/1 4013/6/1
f 4015/6/1 3995/6/1 3994/6/1
f 4015/6/1 3994/6/1 3993/6/1
f 4016/6/1 3995/6/1 4015/6/1
f 4018/4/1 3997/4/1 3996/4/1
f 4018/4/1 3998/4/1 3997/4/1
f 4019/4/1 3998/4/1 4018/4/1
f 4020/4/1 3998/4/1 4019/4/1
f 4021/4/1 4000/4/1 3999/4/1
f 4024/6/1 4003/6/1 4002/6/1
f 4024/6/1 4002/6/1 4001/6/1
f 4025/6/1 4003/6/1 4024/6/1
f 4026/6/1 4008/6/1 4007/6/1
f 4026/6/1 4007/6/1 4006/6/1
f 4027/6/1 4008/6/1 4026/6/1
f 4028/6/1 4010/6/1 4009/6/1
f 4029/6/1 4010/6/1 4028/6/1
f 4030/6/1 4012/6/1 4011/6/1
f 4031/6/1 4012/6/1 4030/6/1
f 4032/4/1 4019/4/1 4018/4/1
f 4032/4/1 4018/4/1 4017/4/1
f 4033/4/1 4019/4/1 4032/4/1
f 4034/4/1 4021/4/1 3999/4/1
f 4035/4/1 4021/4/1 4034/4/1
f 4036/4/1 4023/4/1 4022/4/1
f 4037/4/1 4023/4/1 4036/4/1
f 4039/4/1 4038/4/1 4037/4/1
f 4039/4/1 4037/4/1 4036/4/1
f 4040/4/1 4038/4/1 4039/4/1
f 4045/2/1 4042/2/1 4041/2/1
f 4046/2/1 4042/2/1 4045/2/1
f 4048/6/1 4044/6/1 4043/6/1
f 4049/6/1 4044/6/1 4048/6/1
f 4054/6/1 4048/6/1 4047/6/1
f 4055/6/1 4050/6/1 4049/6/1
f 4057/2/1 4052/2/1 4051/2/1
f 4058/2/1 4052/2/1 4057/2/1
f 4062/6/1 4054/6/1 4053/6/1
f 4063/6/1 4048/6/1 4054/6/1
f 4063/6/1 4054/6/1 4062/6/1
f 4064/6/1 4048/6/1 4063/6/1
f 4065/6/1 4056/6/1 4055/6/1
f 4065/6/1 4055/6/1 4049/6/1
f 4066/6/1 4056/6/1 4065/6/1
f 4067/6/1 4056/6/1 4066/6/1
f 4069/2/1 4060/2/1 4059/2/1
f 4070/2/1 4060/2/1 4069/2/1
f 4072/6/1 4062/6/1 4061/6/1
f 4072/6/1 4063/6/1 4062/6/1
f 4073/6/1 4063/6/1 4072/6/1
f 4074/6/1 4063/6/1 4073/6/1
f 4075/6/1 4065/6/1 4064/6/1
f 4076/6/1 4065/6/1 4075/6/1
f 4077/6/1 4068/6/1 4067/6/1
f 4077/6/1 4067/6/1 4066/6/1
f 4078/6/1 4068/6/1 4077/6/1
f 4079/6/1 4068/6/1 4078/6/1
f 4084/6/1 4072/6/1 4071/6/1
f 4084/6/1 4073/6/1 4072/6/1
f 4085/6/1 4073/6/1 4084/6/1
f 4086/6/1 4073/6/1 4085/6/1
f 4087/6/1 4080/6/1 4079/6/1
f 4087/6/1 4079/6/1 4078/6/1
f 4088/6/1 4080/6/1 4087/6/1
f 4089/6/1 4080/6/1 4088/6/1
f 4098/7/1 4082/7/1 4081/7/1
f 4099/7/1 4082/7/1 4098/7/1
f 4100/7/1 4082/7/1 4099/7/1
f 4103/6/1 4085/6/1 4084/6/1
f 4103/6/1 4084/6/1 4083/6/1
f 4104/6/1 4085/6/1 4103/6/1
f 4105/6/1 4085/6/1 4104/6/1
f 4106/6/1 4090/6/1 4089/6/1
f 4106/6/1 4089/6/1 4088/6/1
f 4107/6/1 4090/6/1 4106/6/1
f 4108/6/1 4090/6/1 4107/6/1
f 4110/7/1 4092/7/1 4091/7/1
f 4111/7/1 4092/7/1 4110/7/1
f 4112/4/1 4094/4/1 4093/4/1
f 4112/4/1 4095/4/1 4094/4/1
f 4113/4/1 4095/4/1 4112/4/1
f 4114/4/1 4097/4/1 4096/4/1
f 4115/4/1 4097/4/1 4114/4/1
f 4116/7/1 4101/7/1 4100/7/1
f 4116/7/1 4100/7/1 4099/7/1
f 4117/7/1 4101/7/1 4116/7/1
f 4118/7/1 4101/7/1 4117/7/1
f 4119/6/1 4104/6/1 4103/6/1
f 4119/6/1 4103/6/1 4102/6/1
f 4120/6/1 4104/6/1 4119/6/1
f 4121/6/1 4104/6/1 4120/6/1
f 4122/6/1 4109/6/1 4108/6/1
f 4122/6/1 4108/6/1 4107/6/1
f 4123/6/1 4109/6/1 4122/6/1
f 4124/6/1 4109/6/1 4123/6/1
f 4126/7/1 4110/7/1 4091/7/1
f 4127/7/1 4110/7/1 4126/7/1
f 4128/6/1 4118/6/1 4117/6/1
f 4128/6/1 4120/6/1 4119/6/1
f 4128/6/1 4119/6/1 4118/6/1
f 4129/6/1 4120/6/1 4128/6/1
f 4130/6/1 4120/6/1 4129/6/1
f 4131/6/1 4120/6/1 4130/6/1
f 4132/6/1 4124/6/1 4123/6/1
f 4132/6/1 4125/6/1 4124/6/1
f 4133/6/1 4125/6/1 4132/6/1
f 4134/7/1 4126/7/1 4125/7/1
f 4134/6/1 4125/6/1 4133/6/1
f 4135/7/1 4126/7/1 4134/7/1
f 4136/6/1 4130/6/1 4129/6/1
f 4137/6/1 4130/6/1 4136/6/1
f 4138/6/1 4134/6/1 4133/6/1
f 4139/6/1 4134/6/1 4138/6/1
f 4146/2/1 4141/2/1 4140/2/1
f 4147/2/1 4141/2/1 4146/2/1
f 4148/2/1 4143/2/1 4142/2/1
f 4149/2/1 4143/2/1 4148/2/1
f 4150/2/1 4145/2/1 4144/2/1
f 4151/2/1 4145/2/1 4150/2/1
f 4158/6/1 4153/6/1 4152/6/1
f 4159/6/1 4153/6/1 4158/6/1
f 4162/6/1 4155/6/1 4154/6/1
f 4163/6/1 4155/6/1 4162/6/1
f 4164/2/1 4157/2/1 4156/2/1
f 4165/2/1 4157/2/1 4164/2/1
f 4166/2/1 4161/2/1 4160/2/1
f 4167/2/1 4161/2/1 4166/2/1
f 4172/7/1 4169/7/1 4168/7/1
f 4173/7/1 4169/7/1 4172/7/1
f 4174/4/1 4171/4/1 4170/4/1
f 4175/4/1 4171/4/1 4174/4/1
f 4178/9/1 4177/9/1 4176/9/1
f 4179/9/1 4177/9/1 4178/9/1
f 4180/9/1 4177/9/1 4179/9/1
f 4185/2/1 4182/2/1 4181/2/1
f 4186/2/1 4182/2/1 4185/2/1
f 4189/2/1 4184/2/1 4183/2/1
f 4190/2/1 4184/2/1 4189/2/1
f 4193/2/1 4188/2/1 4187/2/1
f 4194/2/1 4188/2/1 4193/2/1
f 4197/4/1 4192/4/1 4191/4/1
f 4198/4/1 4192/4/1 4197/4/1
f 4201/6/1 4196/6/1 4195/6/1
f 4202/6/1 4196/6/1 4201/6/1
f 4203/6/1 4200/6/1 4199/6/1
f 4204/6/1 4200/6/1 4203/6/1
f 4209/6/1 4206/6/1 4205/6/1
f 4210/6/1 4206/6/1 4209/6/1
f 4211/6/1 4208/6/1 4207/6/1
f 4212/6/1 4208/6/1 4211/6/1
f 4216/4/1 4214/4/1 4213/4/1
f 4216/4/1 4215/4/1 4214/4/1
f 4217/4/1 4215/4/1 4216/4/1
f 4221/2/1 4219/2/1 4218/2/1
f 4222/2/1 4219/2/1 4221/2/1
f 4225/2/1 4221/2/1 4220/2/1
f 4226/2/1 4223/2/1 4222/2/1
f 4229/2/1 4225/2/1 4224/2/1
f 4230/2/1 4221/2/1 4225/2/1
f 4230/2/1 4225/2/1 4229/2/1
f 4231/2/1 4221/2/1 4230/2/1
f 4232/2/1 4227/2/1 4226/2/1
f 4232/2/1 4226/2/1 4222/2/1
f 4233/2/1 4227/2/1 4232/2/1
f 4234/2/1 4227/2/1 4233/2/1
f 4242/2/1 4229/2/1 4228/2/1
f 4242/2/1 4230/2/1 4229/2/1
f 4243/2/1 4230/2/1 4242/2/1
f 4244/2/1 4235/2/1 4234/2/1
f 4244/2/1 4234/2/1 4233/2/1
f 4245/2/1 4235/2/1 4244/2/1
f 4246/6/1 4237/6/1 4236/6/1
f 4247/6/1 4237/6/1 4246/6/1
f 4248/6/1 4239/6/1 4238/6/1
f 4249/6/1 4239/6/1 4248/6/1
f 4250/6/1 4241/6/1 4240/6/1
f 4251/6/1 4241/6/1 4250/6/1
f 4256/6/1 4253/6/1 4252/6/1
f 4257/6/1 4253/6/1 4256/6/1
f 4258/6/1 4255/6/1 4254/6/1
f 4259/6/1 4255/6/1 4258/6/1
f 4264/4/1 4261/4/1 4260/4/1
f 4264/4/1 4262/4/1 4261/4/1
f 4265/4/1 4262/4/1 4264/4/1
f 4266/4/1 4262/4/1 4265/4/1
f 4267/4/1 4264/4/1 4263/4/1
f 4267/4/1 4265/4/1 4264/4/1
f 4268/4/1 4265/4/1 4267/4/1
f 4271/9/1 4270/9/1 4269/9/1
f 4272/9/1 4270/9/1 4271/9/1
f 4273/9/1 4270/9/1 4272/9/1
f 4277/9/1 4275/9/1 4274/9/1
f 4277/9/1 4276/9/1 4275/9/1
f 4278/9/1 4276/9/1 4277/9/1
f 4285/6/1 4280/6/1 4279/6/1
f 4286/6/1 4280/6/1 4285/6/1
f 4287/6/1 4282/6/1 4281/6/1
f 4288/6/1 4282/6/1 4287/6/1
f 4289/6/1 4284/6/1 4283/6/1
f 4290/6/1 4284/6/1 4289/6/1
f 4293/9/1 4292/9/1 4291/9/1
f 4294/9/1 4292/9/1 4293/9/1
f 4295/9/1 4292/9/1 4294/9/1
f 4298/2/1 4297/2/1 4296/2/1
f 4299/2/1 4297/2/1 4298/2/1
f 4302/6/1 4301/6/1 4300/6/1
f 4303/6/1 4301/6/1 4302/6/1
f 4306/2/1 4305/2/1 4304/2/1
f 4307/2/1 4305/2/1 4306/2/1
f 4310/6/1 4309/6/1 4308/6/1
f 4311/6/1 4309/6/1 4310/6/1
f 4314/9/1 4313/9/1 4312/9/1
f 4315/9/1 4313/9/1 4314/9/1
f 4318/9/1 4317/9/1 4316/9/1
f 4319/9/1 4317/9/1 4318/9/1
f 4322/6/1 4321/6/1 4320/6/1
f 4323/6/1 4321/6/1 4322/6/1
f 4326/6/1 4325/6/1 4324/6/1
f 4327/6/1 4325/6/1 4326/6/1
f 4330/7/1 4329/7/1 4328/7/1
f 4331/7/1 4329/7/1 4330/7/1
f 4332/7/1 4329/7/1 4331/7/1
f 4335/7/1 4334/7/1 4333/7/1
f 4336/7/1 4334/7/1 4335/7/1
f 4337/4/2 4338/4/2 4339/4/2
f 4339/4/2 4338/4/2 4340/4/2
f 4341/2/2 4342/2/2 4345/2/2
f 4345/2/2 4342/2/2 4346/2/2
f 4343/4/2 4344/4/2 4347/4/2
f 4347/4/2 4344/4/2 4348/4/2
f 4349/2/2 4350/2/2 4351/2/2
f 4349/2/2 4351/2/2 4353/2/2
f 4351/4/2 4352/4/2 4354/4/2
f 4353/2/2 4351/2/2 4354/2/2
f 4354/4/2 4352/4/2 4357/4/2
f 4357/4/2 4352/4/2 4358/4/2
f 4355/4/2 4356/4/2 4359/4/2
f 4359/4/2 4356/4/2 4360/4/2
f 4361/9/2 4362/9/2 4363/9/2
f 4363/9/2 4362/9/2 4364/9/2
f 4365/4/2 4366/4/2 4367/4/2
f 4367/4/2 4366/4/2 4368/4/2
f 4369/4/2 4370/4/2 4372/4/2
f 4372/4/2 4370/4/2 4373/4/2
f 4371/2/2 4372/2/2 4374/2/2
f 4374/2/2 4372/2/2 4375/2/2
f 4376/2/2 4377/2/2 4378/2/2
f 4378/2/2 4377/2/2 4379/2/2
f 4380/4/2 4381/4/2 4382/4/2
f 4380/4/2 4382/4/2 4383/4/2
f 4383/4/2 4382/4/2 4384/4/2
f 4385/2/2 4386/2/2 4387/2/2
f 4387/2/2 4386/2/2 4388/2/2
f 4389/6/2 4390/6/2 4395/6/2
f 4395/6/2 4390/6/2 4396/6/2
f 4391/6/2 4392/6/2 4397/6/2
f 4397/6/2 4392/6/2 4398/6/2
f 4393/2/2 4394/2/2 4399/2/2
f 4399/2/2 4394/2/2 4400/2/2
f 4403/4/2 4404/4/2 4405/4/2
f 4405/4/2 4404/4/2 4406/4/2
f 4401/2/2 4402/2/2 4407/2/2
f 4407/2/2 4402/2/2 4408/2/2
f 4409/4/2 4410/4/2 4413/4/2
f 4413/4/2 4410/4/2 4414/4/2
f 4411/4/2 4412/4/2 4415/4/2
f 4415/4/2 4412/4/2 4416/4/2
f 4417/2/2 4418/2/2 4421/2/2
f 4419/4/2 4420/4/2 4422/4/2
f 4422/4/2 4420/4/2 4423/4/2
f 4424/4/2 4425/4/2 4426/4/2
f 4426/4/2 4425/4/2 4427/4/2
f 4421/2/2 4418/2/2 4430/2/2
f 4430/2/2 4418/2/2 4431/2/2
f 4432/4/2 4433/4/2 4434/4/2
f 4428/4/2 4429/4/2 4435/4/2
f 4432/4/2 4434/4/2 4436/4/2
f 4436/4/2 4434/4/2 4437/4/2
f 4428/4/2 4435/4/2 4438/4/2
f 4438/4/2 4435/4/2 4439/4/2
f 4440/4/2 4441/4/2 4442/4/2
f 4442/4/2 4441/4/2 4443/4/2
f 4444/9/2 4445/9/2 4446/9/2
f 4446/9/2 4445/9/2 4447/9/2
f 4444/9/2 4446/9/2 4449/9/2
f 4449/9/2 4446/9/2 4450/9/2
f 4448/9/2 4449/9/2 4450/9/2
f 4450/9/2 4446/9/2 4451/9/2
f 4448/9/2 4450/9/2 4452/9/2
f 4452/9/2 4450/9/2 4453/9/2
f 4456/2/2 4457/2/2 4460/2/2
f 4460/2/2 4457/2/2 4461/2/2
f 4458/6/2 4459/6/2 4462/6/2
f 4462/6/2 4459/6/2 4463/6/2
f 4454/2/2 4455/2/2 4464/2/2
f 4464/2/2 4455/2/2 4465/2/2
f 4466/4/2 4467/4/2 4470/4/2
f 4470/4/2 4467/4/2 4471/4/2
f 4468/7/2 4469/7/2 4472/7/2
f 4472/7/2 4469/7/2 4473/7/2
f 4474/4/2 4475/4/2 4476/4/2
f 4476/4/2 4475/4/2 4477/4/2
f 4465/2/2 4455/2/2 4481/2/2
f 4478/4/2 4479/4/2 4486/4/2
f 4486/4/2 4479/4/2 4487/4/2
f 4480/2/2 4481/2/2 4489/2/2
f 4481/2/2 4455/2/2 4490/2/2
f 4489/2/2 4481/2/2 4490/2/2
f 4482/4/2 4483/4/2 4491/4/2
f 4484/4/2 4485/4/2 4493/4/2
f 4486/2/2 4487/2/2 4495/2/2
f 4495/2/2 4487/2/2 4496/2/2
f 4488/2/2 4489/2/2 4499/2/2
f 4490/2/2 4491/2/2 4500/2/2
f 4491/4/2 4483/4/2 4500/4/2
f 4500/4/2 4483/4/2 4501/4/2
f 4492/2/2 4493/2/2 4503/2/2
f 4494/4/2 4495/4/2 4504/4/2
f 4496/2/2 4497/2/2 4505/2/2
f 4504/4/2 4495/4/2 4505/4/2
f 4495/2/2 4496/2/2 4505/2/2
f 4505/2/2 4497/2/2 4506/2/2
f 4506/2/2 4497/2/2 4507/2/2
f 4498/2/2 4499/2/2 4508/2/2
f 4499/2/2 4489/2/2 4509/2/2
f 4508/2/2 4499/2/2 4509/2/2
f 4509/2/2 4489/2/2 4510/2/2
f 4500/2/2 4501/2/2 4512/2/2
f 4490/2/2 4500/2/2 4512/2/2
f 4512/2/2 4501/2/2 4513/2/2
f 4513/2/2 4501/2/2 4514/2/2
f 4502/2/2 4503/2/2 4515/2/2
f 4503/2/2 4493/2/2 4516/2/2
f 4515/2/2 4503/2/2 4516/2/2
f 4493/4/2 4485/4/2 4517/4/2
f 4516/2/2 4493/2/2 4517/2/2
f 4517/4/2 4485/4/2 4518/4/2
f 4505/4/2 4506/4/2 4519/4/2
f 4506/2/2 4507/2/2 4520/2/2
f 4519/4/2 4506/4/2 4520/4/2
f 4507/2/2 4508/2/2 4520/2/2
f 4508/2/2 4509/2/2 4520/2/2
f 4520/2/2 4509/2/2 4521/2/2
f 4515/2/2 4516/2/2 4522/2/2
f 4513/2/2 4514/2/2 4522/2/2
f 4514/2/2 4515/2/2 4522/2/2
f 4522/2/2 4516/2/2 4523/2/2
f 4511/2/2 4512/2/2 4525/2/2
f 4524/2/2 4525/2/2 4531/2/2
f 4525/2/2 4512/2/2 4532/2/2
f 4531/2/2 4525/2/2 4532/2/2
f 4526/4/2 4527/4/2 4535/4/2
f 4528/2/2 4529/2/2 4537/2/2
f 4537/2/2 4529/2/2 4538/2/2
f 4530/2/2 4531/2/2 4541/2/2
f 4532/2/2 4533/2/2 4542/2/2
f 4534/2/2 4535/2/2 4545/2/2
f 4535/4/2 4527/4/2 4546/4/2
f 4545/2/2 4535/2/2 4546/2/2
f 4546/4/2 4527/4/2 4547/4/2
f 4536/4/2 4537/4/2 4548/4/2
f 4538/2/2 4539/2/2 4549/2/2
f 4548/4/2 4537/4/2 4549/4/2
f 4537/2/2 4538/2/2 4549/2/2
f 4549/2/2 4539/2/2 4550/2/2
f 4550/2/2 4539/2/2 4551/2/2
f 4540/2/2 4541/2/2 4552/2/2
f 4541/2/2 4531/2/2 4553/2/2
f 4552/2/2 4541/2/2 4553/2/2
f 4553/2/2 4531/2/2 4554/2/2
f 4542/2/2 4543/2/2 4555/2/2
f 4532/2/2 4542/2/2 4555/2/2
f 4555/2/2 4543/2/2 4556/2/2
f 4556/2/2 4543/2/2 4557/2/2
f 4544/2/2 4545/2/2 4558/2/2
f 4545/2/2 4546/2/2 4558/2/2
f 4558/2/2 4546/2/2 4559/2/2
f 4559/2/2 4546/2/2 4560/2/2
f 4550/2/2 4551/2/2 4561/2/2
f 4551/2/2 4552/2/2 4561/2/2
f 4552/2/2 4553/2/2 4561/2/2
f 4561/2/2 4553/2/2 4562/2/2
f 4554/4/2 4555/4/2 4563/4/2
f 4563/4/2 4555/4/2 4564/4/2
f 4556/2/2 4557/2/2 4565/2/2
f 4558/2/2 4559/2/2 4565/2/2
f 4557/2/2 4558/2/2 4565/2/2
f 4565/2/2 4559/2/2 4566/2/2
f 4562/4/2 4563/4/2 4567/4/2
f 4567/4/2 4563/4/2 4568/4/2
f 4564/4/2 4565/4/2 4569/4/2
f 4569/4/2 4565/4/2 4570/4/2
f 4568/4/2 4569/4/2 4571/4/2
f 4571/4/2 4569/4/2 4572/4/2
f 4573/9/2 4574/9/2 4576/9/2
f 4576/9/2 4574/9/2 4577/9/2
f 4575/9/2 4576/9/2 4577/9/2
f 4577/9/2 4574/9/2 4578/9/2
f 4575/9/2 4577/9/2 4580/9/2
f 4579/9/2 4580/9/2 4581/9/2
f 4580/9/2 4577/9/2 4582/9/2
f 4581/9/2 4580/9/2 4582/9/2
f 4583/2/2 4584/2/2 4585/2/2
f 4585/2/2 4584/2/2 4586/2/2
f 4587/6/2 4588/6/2 4589/6/2
f 4589/6/2 4588/6/2 4590/6/2
f 4591/4/2 4592/4/2 4593/4/2
f 4593/4/2 4592/4/2 4594/4/2
f 4595/7/2 4596/7/2 4599/7/2
f 4599/7/2 4596/7/2 4600/7/2
f 4597/7/2 4598/7/2 4601/7/2
f 4601/7/2 4598/7/2 4602/7/2
f 4602/7/2 4598/7/2 4603/7/2
f 4604/2/2 4605/2/2 4606/2/2
f 4606/2/2 4605/2/2 4607/2/2
f 4608/2/2 4609/2/2 4610/2/2
f 4610/2/2 4609/2/2 4611/2/2
f 4612/4/2 4613/4/2 4614/4/2
f 4614/4/2 4613/4/2 4615/4/2
f 4616/9/2 4617/9/2 4619/9/2
f 4619/9/2 4617/9/2 4620/9/2
f 4618/9/2 4619/9/2 4620/9/2
f 4620/9/2 4617/9/2 4621/9/2
f 4618/9/2 4620/9/2 4622/9/2
f 4622/9/2 4620/9/2 4623/9/2
f 4624/5/2 4625/5/2 4632/5/2
f 4632/5/2 4625/5/2 4633/5/2
f 4626/6/2 4627/6/2 4636/6/2
f 4636/6/2 4627/6/2 4637/6/2
f 4628/2/2 4629/2/2 4638/2/2
f 4638/2/2 4629/2/2 4639/2/2
f 4630/2/2 4631/2/2 4640/2/2
f 4640/2/2 4631/2/2 4641/2/2
f 4634/6/2 4635/6/2 4642/6/2
f 4642/6/2 4635/6/2 4643/6/2
f 4644/6/2 4645/6/2 4649/6/2
f 4647/4/2 4648/4/2 4651/4/2
f 4646/4/2 4647/4/2 4651/4/2
f 4651/4/2 4648/4/2 4652/4/2
f 4652/4/2 4648/4/2 4653/4/2
f 4649/6/2 4650/6/2 4654/6/2
f 4644/6/2 4649/6/2 4654/6/2
f 4654/6/2 4650/6/2 4655/6/2
f 4652/4/2 4653/4/2 4656/4/2
f 4656/4/2 4653/4/2 4657/4/2
f 4658/4/2 4659/4/2 4660/4/2
f 4660/4/2 4659/4/2 4661/4/2
f 4662/2/2 4663/2/2 4664/2/2
f 4664/2/2 4663/2/2 4665/2/2
f 4666/2/2 4667/2/2 4668/2/2
f 4668/2/2 4667/2/2 4669/2/2
f 4670/9/2 4671/9/2 4673/9/2
f 4673/9/2 4671/9/2 4674/9/2
f 4672/9/2 4673/9/2 4674/9/2
f 4674/9/2 4671/9/2 4675/9/2
f 4672/9/2 4674/9/2 4676/9/2
f 4676/9/2 4674/9/2 4677/9/2
f 4678/4/2 4679/4/2 4681/4/2
f 4681/4/2 4679/4/2 4682/4/2
f 4680/4/2 4681/4/2 4687/4/2
f 4687/4/2 4681/4/2 4688/4/2
f 4688/4/2 4681/4/2 4689/4/2
f 4682/4/2 4683/4/2 4690/4/2
f 4690/4/2 4683/4/2 4691/4/2
f 4684/6/2 4685/6/2 4692/6/2
f 4692/6/2 4685/6/2 4693/6/2
f 4686/4/2 4687/4/2 4694/4/2
f 4687/4/2 4688/4/2 4694/4/2
f 4694/4/2 4688/4/2 4695/4/2
f 4695/4/2 4688/4/2 4696/4/2
f 4689/4/2 4690/4/2 4697/4/2
f 4697/4/2 4690/4/2 4698/4/2
f 4694/4/2 4695/4/2 4703/4/2
f 4703/4/2 4695/4/2 4704/4/2
f 4699/4/2 4700/4/2 4705/4/2
f 4705/4/2 4700/4/2 4706/4/2
f 4706/4/2 4700/4/2 4707/4/2
f 4701/4/2 4702/4/2 4708/4/2
f 4708/4/2 4702/4/2 4709/4/2
f 4706/4/2 4707/4/2 4710/4/2
f 4710/4/2 4707/4/2 4711/4/2
f 4712/6/2 4713/6/2 4714/6/2
f 4714/6/2 4713/6/2 4715/6/2
f 4716/4/2 4717/4/2 4718/4/2
f 4718/4/2 4717/4/2 4719/4/2
f 4720/9/2 4721/9/2 4722/9/2
f 4722/9/2 4721/9/2 4723/9/2
f 4720/9/2 4722/9/2 4725/9/2
f 4725/9/2 4722/9/2 4726/9/2
f 4724/9/2 4725/9/2 4726/9/2
f 4726/9/2 4722/9/2 4727/9/2
f 4724/9/2 4726/9/2 4728/9/2
f 4728/9/2 4726/9/2 4729/9/2
f 4730/6/2 4731/6/2 4735/6/2
f 4735/6/2 4731/6/2 4736/6/2
f 4732/6/2 4733/6/2 4742/6/2
f 4742/6/2 4733/6/2 4743/6/2
f 4734/6/2 4735/6/2 4744/6/2
f 4744/6/2 4735/6/2 4745/6/2
f 4736/6/2 4737/6/2 4746/6/2
f 4746/6/2 4737/6/2 4747/6/2
f 4738/6/2 4739/6/2 4748/6/2
f 4748/6/2 4739/6/2 4749/6/2
f 4740/6/2 4741/6/2 4750/6/2
f 4750/6/2 4741/6/2 4751/6/2
f 4743/6/2 4744/6/2 4754/6/2
f 4754/6/2 4744/6/2 4755/6/2
f 4747/6/2 4748/6/2 4756/6/2
f 4756/6/2 4748/6/2 4757/6/2
f 4752/6/2 4753/6/2 4758/6/2
f 4758/6/2 4753/6/2 4759/6/2
f 4760/6/2 4761/6/2 4768/6/2
f 4768/6/2 4761/6/2 4769/6/2
f 4762/4/2 4763/4/2 4770/4/2
f 4770/4/2 4763/4/2 4771/4/2
f 4764/4/2 4765/4/2 4772/4/2
f 4766/4/2 4767/4/2 4773/4/2
f 4773/4/2 4767/4/2 4774/4/2
f 4772/4/2 4765/4/2 4777/4/2
f 4777/4/2 4765/4/2 4778/4/2
f 4775/4/2 4776/4/2 4779/4/2
f 4779/4/2 4776/4/2 4780/4/2
f 4781/6/2 4782/6/2 4783/6/2
f 4783/6/2 4782/6/2 4784/6/2
f 4785/4/2 4786/4/2 4788/4/2
f 4788/4/2 4786/4/2 4789/4/2
f 4787/4/2 4788/4/2 4790/4/2
f 4790/4/2 4788/4/2 4791/4/2
f 4792/2/2 4793/2/2 4794/2/2
f 4794/2/2 4793/2/2 4795/2/2
f 4796/2/2 4797/2/2 4798/2/2
f 4798/2/2 4797/2/2 4799/2/2
f 4800/9/2 4801/9/2 4802/9/2
f 4802/9/2 4801/9/2 4803/9/2
f 4804/6/2 4805/6/2 4806/6/2
f 4806/6/2 4805/6/2 4807/6/2
f 4808/6/2 4809/6/2 4812/6/2
f 4812/6/2 4809/6/2 4813/6/2
f 4810/6/2 4811/6/2 4814/6/2
f 4814/6/2 4811/6/2 4815/6/2
f 4817/4/2 4818/4/2 4819/4/2
f 4816/4/2 4817/4/2 4819/4/2
f 4819/4/2 4818/4/2 4820/4/2
f 4820/4/2 4818/4/2 4821/4/2
f 4820/4/2 4821/4/2 4830/4/2
f 4830/4/2 4821/4/2 4831/4/2
f 4822/7/2 4823/7/2 4832/7/2
f 4832/7/2 4823/7/2 4833/7/2
f 4824/4/2 4825/4/2 4834/4/2
f 4834/4/2 4825/4/2 4835/4/2
f 4826/4/2 4827/4/2 4836/4/2
f 4836/4/2 4827/4/2 4837/4/2
f 4828/6/2 4829/6/2 4838/6/2
f 4838/6/2 4829/6/2 4839/6/2
f 4840/4/2 4841/4/2 4842/4/2
f 4842/4/2 4841/4/2 4843/4/2
f 4842/2/2 4843/2/2 4845/2/2
f 4843/2/2 4844/2/2 4845/2/2
f 4845/2/2 4844/2/2 4846/2/2
f 4847/4/2 4848/4/2 4849/4/2
f 4849/4/2 4848/4/2 4850/4/2
f 4849/2/2 4850/2/2 4852/2/2
f 4850/2/2 4851/2/2 4852/2/2
f 4852/2/2 4851/2/2 4853/2/2
f 4856/6/2 4857/6/2 4861/6/2
f 4861/6/2 4857/6/2 4862/6/2
f 4858/6/2 4859/6/2 4868/6/2
f 4868/6/2 4859/6/2 4869/6/2
f 4860/6/2 4861/6/2 4871/6/2
f 4862/6/2 4863/6/2 4872/6/2
f 4864/6/2 4865/6/2 4876/6/2
f 4876/6/2 4865/6/2 4877/6/2
f 4866/6/2 4867/6/2 4878/6/2
f 4878/6/2 4867/6/2 4879/6/2
f 4854/4/2 4855/4/2 4881/4/2
f 4881/4/2 4855/4/2 4882/4/2
f 4870/6/2 4871/6/2 4885/6/2
f 4871/6/2 4861/6/2 4886/6/2
f 4885/6/2 4871/6/2 4886/6/2
f 4886/6/2 4861/6/2 4887/6/2
f 4872/6/2 4873/6/2 4888/6/2
f 4862/6/2 4872/6/2 4888/6/2
f 4888/6/2 4873/6/2 4889/6/2
f 4889/6/2 4873/6/2 4890/6/2
f 4874/4/2 4875/4/2 4892/4/2
f 4892/4/2 4875/4/2 4893/4/2
f 4880/4/2 4881/4/2 4895/4/2
f 4895/4/2 4881/4/2 4896/4/2
f 4896/4/2 4881/4/2 4897/4/2
f 4882/4/2 4883/4/2 4898/4/2
f 4898/4/2 4883/4/2 4899/4/2
f 4884/6/2 4885/6/2 4902/6/2
f 4885/6/2 4886/6/2 4902/6/2
f 4902/6/2 4886/6/2 4903/6/2
f 4903/6/2 4886/6/2 4904/6/2
f 4890/6/2 4891/6/2 4905/6/2
f 4889/6/2 4890/6/2 4905/6/2
f 4905/6/2 4891/6/2 4906/6/2
f 4906/6/2 4891/6/2 4907/6/2
f 4894/4/2 4895/4/2 4912/4/2
f 4895/4/2 4896/4/2 4912/4/2
f 4912/4/2 4896/4/2 4913/4/2
f 4913/4/2 4896/4/2 4914/4/2
f 4897/4/2 4898/4/2 4915/4/2
f 4915/4/2 4898/4/2 4916/4/2
f 4900/7/2 4901/7/2 4918/7/2
f 4902/6/2 4903/6/2 4919/6/2
f 4901/6/2 4902/6/2 4919/6/2
f 4918/7/2 4901/7/2 4919/7/2
f 4919/6/2 4903/6/2 4920/6/2
f 4907/6/2 4908/6/2 4921/6/2
f 4906/6/2 4907/6/2 4921/6/2
f 4921/6/2 4908/6/2 4922/6/2
f 4908/7/2 4909/7/2 4923/7/2
f 4922/6/2 4908/6/2 4923/6/2
f 4923/7/2 4909/7/2 4924/7/2
f 4910/6/2 4911/6/2 4925/6/2
f 4925/6/2 4911/6/2 4926/6/2
f 4912/4/2 4913/4/2 4927/4/2
f 4927/4/2 4913/4/2 4928/4/2
f 4917/4/2 4918/4/2 4929/4/2
f 4918/4/2 4919/4/2 4929/4/2
f 4929/4/2 4919/4/2 4930/4/2
f 4930/4/2 4919/4/2 4931/4/2
f 4922/7/2 4923/7/2 4932/7/2
f 4932/7/2 4923/7/2 4933/7/2
f 4930/4/2 4931/4/2 4936/4/2
f 4936/4/2 4931/4/2 4937/4/2
f 4934/4/2 4935/4/2 4938/4/2
f 4938/4/2 4935/4/2 4939/4/2
f 4939/4/2 4935/4/2 4940/4/2
f 4941/9/2 4942/9/2 4943/9/2
f 4943/9/2 4942/9/2 4944/9/2
f 4945/6/2 4946/6/2 4951/6/2
f 4951/6/2 4946/6/2 4952/6/2
f 4947/6/2 4948/6/2 4953/6/2
f 4953/6/2 4948/6/2 4954/6/2
f 4949/4/2 4950/4/2 4955/4/2
f 4955/4/2 4950/4/2 4956/4/2
f 4957/6/2 4958/6/2 4963/6/2
f 4963/6/2 4958/6/2 4964/6/2
f 4959/6/2 4960/6/2 4965/6/2
f 4965/6/2 4960/6/2 4966/6/2
f 4961/6/2 4962/6/2 4967/6/2
f 4967/6/2 4962/6/2 4968/6/2
f 4969/4/2 4970/4/2 4973/4/2
f 4971/4/2 4972/4/2 4974/4/2
f 4974/4/2 4972/4/2 4975/4/2
f 4973/4/2 4970/4/2 4978/4/2
f 4978/4/2 4970/4/2 4979/4/2
f 4976/4/2 4977/4/2 4980/4/2
f 4980/4/2 4977/4/2 4981/4/2
f 4982/4/2 4983/4/2 4985/4/2
f 4984/4/2 4985/4/2 4987/4/2
f 4985/4/2 4983/4/2 4988/4/2
f 4987/4/2 4985/4/2 4988/4/2
f 4988/4/2 4983/4/2 4989/4/2
f 4986/4/2 4987/4/2 4990/4/2
f 4987/4/2 4988/4/2 4990/4/2
f 4990/4/2 4988/4/2 4991/4/2
f 4992/9/2 4993/9/2 4995/9/2
f 4995/9/2 4993/9/2 4996/9/2
f 4994/9/2 4995/9/2 4997/9/2
f 4997/9/2 4995/9/2 4998/9/2
f 4998/9/2 4999/9/2 5000/9/2
f 5000/9/2 4999/9/2 5001/9/2
f 5002/6/2 5003/6/2 5007/6/2
f 5007/6/2 5003/6/2 5008/6/2
f 5004/6/2 5005/6/2 5013/6/2
f 5013/6/2 5005/6/2 5014/6/2
f 5006/6/2 5007/6/2 5019/6/2
f 5008/6/2 5009/6/2 5020/6/2
f 5010/6/2 5011/6/2 5022/6/2
f 5022/6/2 5011/6/2 5023/6/2
f 5012/6/2 5013/6/2 5024/6/2
f 5024/6/2 5013/6/2 5025/6/2
f 5014/6/2 5015/6/2 5026/6/2
f 5026/6/2 5015/6/2 5027/6/2
f 5016/6/2 5017/6/2 5028/6/2
f 5028/6/2 5017/6/2 5029/6/2
f 5018/6/2 5019/6/2 5033/6/2
f 5019/6/2 5007/6/2 5034/6/2
f 5033/6/2 5019/6/2 5034/6/2
f 5034/6/2 5007/6/2 5035/6/2
f 5020/6/2 5021/6/2 5036/6/2
f 5008/6/2 5020/6/2 5036/6/2
f 5036/6/2 5021/6/2 5037/6/2
f 5037/6/2 5021/6/2 5038/6/2
f 5023/6/2 5024/6/2 5042/6/2
f 5042/6/2 5024/6/2 5043/6/2
f 5027/6/2 5028/6/2 5044/6/2
f 5044/6/2 5028/6/2 5045/6/2
f 5030/6/2 5031/6/2 5046/6/2
f 5046/6/2 5031/6/2 5047/6/2
f 5032/6/2 5033/6/2 5049/6/2
f 5033/6/2 5034/6/2 5049/6/2
f 5049/6/2 5034/6/2 5050/6/2
f 5050/6/2 5034/6/2 5051/6/2
f 5038/6/2 5039/6/2 5052/6/2
f 5037/6/2 5038/6/2 5052/6/2
f 5052/6/2 5039/6/2 5053/6/2
f 5053/6/2 5039/6/2 5054/6/2
f 5040/6/2 5041/6/2 5056/6/2
f 5056/6/2 5041/6/2 5057/6/2
f 5049/6/2 5050/6/2 5058/6/2
f 5048/6/2 5049/6/2 5058/6/2
f 5058/6/2 5050/6/2 5059/6/2
f 5054/6/2 5055/6/2 5060/6/2
f 5053/6/2 5054/6/2 5060/6/2
f 5060/6/2 5055/6/2 5061/6/2
f 5062/6/2 5063/6/2 5066/6/2
f 5066/6/2 5063/6/2 5067/6/2
f 5064/6/2 5065/6/2 5068/6/2
f 5068/6/2 5065/6/2 5069/6/2
f 5070/4/2 5071/4/2 5074/4/2
f 5074/4/2 5071/4/2 5075/4/2
f 5072/4/2 5073/4/2 5076/4/2
f 5076/4/2 5073/4/2 5077/4/2
f 5078/9/2 5079/9/2 5080/9/2
f 5080/9/2 5079/9/2 5081/9/2
f 5081/9/2 5079/9/2 5082/9/2
f 5082/9/2 5079/9/2 5083/9/2
f 5081/9/2 5082/9/2 5085/9/2
f 5085/9/2 5082/9/2 5086/9/2
f 5084/9/2 5085/9/2 5087/9/2
f 5087/9/2 5085/9/2 5088/9/2
f 5088/9/2 5089/9/2 5090/9/2
f 5090/9/2 5089/9/2 5091/9/2
f 5092/2/2 5093/2/2 5096/2/2
f 5096/2/2 5093/2/2 5097/2/2
f 5094/2/2 5095/2/2 5102/2/2
f 5102/2/2 5095/2/2 5103/2/2
f 5098/6/2 5099/6/2 5104/6/2
f 5104/6/2 5099/6/2 5105/6/2
f 5100/6/2 5101/6/2 5106/6/2
f 5106/6/2 5101/6/2 5107/6/2
f 5108/4/2 5109/4/2 5116/4/2
f 5116/4/2 5109/4/2 5117/4/2
f 5110/6/2 5111/6/2 5118/6/2
f 5118/6/2 5111/6/2 5119/6/2
f 5112/6/2 5113/6/2 5120/6/2
f 5120/6/2 5113/6/2 5121/6/2
f 5114/6/2 5115/6/2 5122/6/2
f 5122/6/2 5115/6/2 5123/6/2
f 5124/4/2 5125/4/2 5126/4/2
f 5126/4/2 5125/4/2 5127/4/2
f 5127/4/2 5125/4/2 5128/4/2
f 5129/9/2 5130/9/2 5133/9/2
f 5133/9/2 5130/9/2 5134/9/2
f 5131/9/2 5132/9/2 5136/9/2
f 5136/9/2 5132/9/2 5137/9/2
f 5135/9/2 5136/9/2 5138/9/2
f 5138/9/2 5136/9/2 5139/9/2
f 5139/9/2 5140/9/2 5141/9/2
f 5141/9/2 5140/9/2 5142/9/2
f 5143/2/2 5144/2/2 5147/2/2
f 5147/2/2 5144/2/2 5148/2/2
f 5145/2/2 5146/2/2 5149/2/2
f 5149/2/2 5146/2/2 5150/2/2
f 5151/6/2 5152/6/2 5157/6/2
f 5157/6/2 5152/6/2 5158/6/2
f 5153/6/2 5154/6/2 5159/6/2
f 5159/6/2 5154/6/2 5160/6/2
f 5155/4/2 5156/4/2 5161/4/2
f 5161/4/2 5156/4/2 5162/4/2
f 5163/6/2 5164/6/2 5165/6/2
f 5165/6/2 5164/6/2 5166/6/2
f 5165/7/2 5166/7/2 5168/7/2
f 5166/7/2 5167/7/2 5168/7/2
f 5168/7/2 5167/7/2 5169/7/2
f 5170/4/2 5171/4/2 5175/4/2
f 5172/2/2 5173/2/2 5176/2/2
f 5176/2/2 5173/2/2 5177/2/2
f 5174/4/2 5175/4/2 5179/4/2
f 5175/4/2 5171/4/2 5180/4/2
f 5179/4/2 5175/4/2 5180/4/2
f 5180/4/2 5171/4/2 5181/4/2
f 5178/4/2 5179/4/2 5184/4/2
f 5179/4/2 5180/4/2 5184/4/2
f 5184/4/2 5180/4/2 5185/4/2
f 5182/3/2 5183/3/2 5186/3/2
f 5186/3/2 5183/3/2 5187/3/2
f 5188/9/2 5189/9/2 5192/9/2
f 5192/9/2 5189/9/2 5193/9/2
f 5190/9/2 5191/9/2 5195/9/2
f 5194/9/2 5195/9/2 5196/9/2
f 5195/9/2 5191/9/2 5197/9/2
f 5196/9/2 5195/9/2 5197/9/2
f 5197/9/2 5191/9/2 5198/9/2
f 5198/9/2 5191/9/2 5199/9/2
f 5200/2/2 5201/2/2 5206/2/2
f 5206/2/2 5201/2/2 5207/2/2
f 5202/6/2 5203/6/2 5209/6/2
f 5209/6/2 5203/6/2 5210/6/2
f 5204/2/2 5205/2/2 5214/2/2
f 5214/2/2 5205/2/2 5215/2/2
f 5208/6/2 5209/6/2 5217/6/2
f 5210/6/2 5211/6/2 5218/6/2
f 5212/6/2 5213/6/2 5220/6/2
f 5220/6/2 5213/6/2 5221/6/2
f 5216/6/2 5217/6/2 5225/6/2
f 5217/6/2 5209/6/2 5226/6/2
f 5225/6/2 5217/6/2 5226/6/2
f 5226/6/2 5209/6/2 5227/6/2
f 5218/6/2 5219/6/2 5228/6/2
f 5210/6/2 5218/6/2 5228/6/2
f 5228/6/2 5219/6/2 5229/6/2
f 5229/6/2 5219/6/2 5230/6/2
f 5222/6/2 5223/6/2 5232/6/2
f 5232/6/2 5223/6/2 5233/6/2
f 5224/6/2 5225/6/2 5235/6/2
f 5225/6/2 5226/6/2 5235/6/2
f 5235/6/2 5226/6/2 5236/6/2
f 5236/6/2 5226/6/2 5237/6/2
f 5227/6/2 5228/6/2 5238/6/2
f 5238/6/2 5228/6/2 5239/6/2
f 5230/6/2 5231/6/2 5240/6/2
f 5229/6/2 5230/6/2 5240/6/2
f 5240/6/2 5231/6/2 5241/6/2
f 5241/6/2 5231/6/2 5242/6/2
f 5234/6/2 5235/6/2 5249/6/2
f 5235/6/2 5236/6/2 5249/6/2
f 5249/6/2 5236/6/2 5250/6/2
f 5250/6/2 5236/6/2 5251/6/2
f 5241/6/2 5242/6/2 5252/6/2
f 5242/6/2 5243/6/2 5252/6/2
f 5252/6/2 5243/6/2 5253/6/2
f 5253/6/2 5243/6/2 5254/6/2
f 5244/7/2 5245/7/2 5258/7/2
f 5258/7/2 5245/7/2 5259/7/2
f 5246/7/2 5247/7/2 5260/7/2
f 5260/7/2 5247/7/2 5261/7/2
f 5261/7/2 5247/7/2 5262/7/2
f 5249/6/2 5250/6/2 5265/6/2
f 5248/6/2 5249/6/2 5265/6/2
f 5265/6/2 5250/6/2 5266/6/2
f 5266/6/2 5250/6/2 5267/6/2
f 5254/6/2 5255/6/2 5268/6/2
f 5253/6/2 5254/6/2 5268/6/2
f 5268/6/2 5255/6/2 5269/6/2
f 5269/6/2 5255/6/2 5270/6/2
f 5256/7/2 5257/7/2 5273/7/2
f 5273/7/2 5257/7/2 5274/7/2
f 5274/7/2 5257/7/2 5275/7/2
f 5262/7/2 5263/7/2 5276/7/2
f 5261/7/2 5262/7/2 5276/7/2
f 5276/7/2 5263/7/2 5277/7/2
f 5277/7/2 5263/7/2 5278/7/2
f 5265/6/2 5266/6/2 5279/6/2
f 5264/6/2 5265/6/2 5279/6/2
f 5279/6/2 5266/6/2 5280/6/2
f 5280/6/2 5266/6/2 5281/6/2
f 5270/6/2 5271/6/2 5282/6/2
f 5269/6/2 5270/6/2 5282/6/2
f 5282/6/2 5271/6/2 5283/6/2
f 5283/6/2 5271/6/2 5284/6/2
f 5273/7/2 5274/7/2 5286/7/2
f 5272/7/2 5273/7/2 5286/7/2
f 5286/7/2 5274/7/2 5287/7/2
f 5287/7/2 5274/7/2 5288/7/2
f 5277/7/2 5278/7/2 5289/7/2
f 5279/6/2 5280/6/2 5290/6/2
f 5289/7/2 5278/7/2 5290/7/2
f 5278/6/2 5279/6/2 5290/6/2
f 5290/6/2 5280/6/2 5291/6/2
f 5291/6/2 5280/6/2 5292/6/2
f 5284/6/2 5285/6/2 5293/6/2
f 5283/6/2 5284/6/2 5293/6/2
f 5293/6/2 5285/6/2 5294/6/2
f 5286/7/2 5287/7/2 5295/7/2
f 5285/7/2 5286/7/2 5295/7/2
f 5295/7/2 5287/7/2 5296/7/2
f 5290/6/2 5291/6/2 5297/6/2
f 5297/6/2 5291/6/2 5298/6/2
f 5294/6/2 5285/6/2 5299/6/2
f 5285/7/2 5295/7/2 5300/7/2
f 5299/6/2 5285/6/2 5300/6/2
f 5300/7/2 5295/7/2 5301/7/2
f 5302/9/2 5303/9/2 5306/9/2
f 5306/9/2 5303/9/2 5307/9/2
f 5304/9/2 5305/9/2 5308/9/2
f 5308/9/2 5305/9/2 5309/9/2
f 5310/6/2 5311/6/2 5314/6/2
f 5314/6/2 5311/6/2 5315/6/2
f 5312/6/2 5313/6/2 5316/6/2
f 5316/6/2 5313/6/2 5317/6/2
f 5318/2/2 5319/2/2 5324/2/2
f 5324/2/2 5319/2/2 5325/2/2
f 5320/2/2 5321/2/2 5330/2/2
f 5330/2/2 5321/2/2 5331/2/2
f 5322/6/2 5323/6/2 5332/6/2
f 5332/6/2 5323/6/2 5333/6/2
f 5326/6/2 5327/6/2 5334/6/2
f 5334/6/2 5327/6/2 5335/6/2
f 5328/6/2 5329/6/2 5336/6/2
f 5336/6/2 5329/6/2 5337/6/2
f 5338/2/2 5339/2/2 5340/2/2
f 5340/2/2 5339/2/2 5341/2/2
f 5342/2/2 5343/2/2 5344/2/2
f 5344/2/2 5343/2/2 5345/2/2
f 5346/9/2 5347/9/2 5350/9/2
f 5350/9/2 5347/9/2 5351/9/2
f 5348/9/2 5349/9/2 5352/9/2
f 5348/9/2 5352/9/2 5354/9/2
f 5352/9/2 5353/9/2 5354/9/2
f 5354/9/2 5353/9/2 5355/9/2
f 5356/6/2 5357/6/2 5358/6/2
f 5358/6/2 5357/6/2 5359/6/2
f 5360/6/2 5361/6/2 5368/6/2
f 5368/6/2 5361/6/2 5369/6/2
f 5362/6/2 5363/6/2 5370/6/2
f 5370/6/2 5363/6/2 5371/6/2
f 5364/2/2 5365/2/2 5372/2/2
f 5372/2/2 5365/2/2 5373/2/2
f 5366/2/2 5367/2/2 5374/2/2
f 5374/2/2 5367/2/2 5375/2/2
f 5376/6/2 5377/6/2 5380/6/2
f 5380/6/2 5377/6/2 5381/6/2
f 5378/6/2 5379/6/2 5382/6/2
f 5382/6/2 5379/6/2 5383/6/2
f 5384/2/2 5385/2/2 5386/2/2
f 5386/2/2 5385/2/2 5387/2/2
f 5388/9/2 5389/9/2 5391/9/2
f 5390/9/2 5391/9/2 5392/9/2
f 5392/9/2 5391/9/2 5393/9/2
f 5393/9/2 5391/9/2 5394/9/2
f 5391/9/2 5389/9/2 5395/9/2
f 5394/9/2 5391/9/2 5395/9/2
f 5396/6/2 5397/6/2 5398/6/2
f 5398/6/2 5397/6/2 5399/6/2
f 5400/6/2 5401/6/2 5404/6/2
f 5404/6/2 5401/6/2 5405/6/2
f 5402/2/2 5403/2/2 5406/2/2
f 5406/2/2 5403/2/2 5407/2/2
f 5408/6/2 5409/6/2 5412/6/2
f 5412/6/2 5409/6/2 5413/6/2
f 5410/6/2 5411/6/2 5416/6/2
f 5416/6/2 5411/6/2 5417/6/2
f 5414/6/2 5415/6/2 5418/6/2
f 5418/6/2 5415/6/2 5419/6/2
f 5420/3/2 5421/3/2 5422/3/2
f 5422/3/2 5421/3/2 5423/3/2
f 5424/3/2 5425/3/2 5426/3/2
f 5426/3/2 5425/3/2 5427/3/2
f 5428/9/2 5429/9/2 5430/9/2
f 5428/9/2 5430/9/2 5432/9/2
f 5430/9/2 5431/9/2 5432/9/2
f 5432/9/2 5431/9/2 5433/9/2
f 5434/6/2 5435/6/2 5440/6/2
f 5440/6/2 5435/6/2 5441/6/2
f 5436/2/2 5437/2/2 5443/2/2
f 5443/2/2 5437/2/2 5444/2/2
f 5438/2/2 5439/2/2 5447/2/2
f 5447/2/2 5439/2/2 5448/2/2
f 5442/2/2 5443/2/2 5451/2/2
f 5444/2/2 5445/2/2 5452/2/2
f 5446/2/2 5447/2/2 5455/2/2
f 5448/2/2 5449/2/2 5456/2/2
f 5450/2/2 5451/2/2 5460/2/2
f 5451/2/2 5443/2/2 5461/2/2
f 5460/2/2 5451/2/2 5461/2/2
f 5461/2/2 5443/2/2 5462/2/2
f 5452/2/2 5453/2/2 5463/2/2
f 5444/2/2 5452/2/2 5463/2/2
f 5463/2/2 5453/2/2 5464/2/2
f 5464/2/2 5453/2/2 5465/2/2
f 5454/2/2 5455/2/2 5468/2/2
f 5455/2/2 5447/2/2 5469/2/2
f 5468/2/2 5455/2/2 5469/2/2
f 5469/2/2 5447/2/2 5470/2/2
f 5448/2/2 5456/2/2 5471/2/2
f 5456/2/2 5457/2/2 5471/2/2
f 5471/2/2 5457/2/2 5472/2/2
f 5472/2/2 5457/2/2 5473/2/2
f 5458/3/2 5459/3/2 5476/3/2
f 5459/2/2 5460/2/2 5477/2/2
f 5460/2/2 5461/2/2 5477/2/2
f 5476/3/2 5459/3/2 5477/3/2
f 5477/2/2 5461/2/2 5478/2/2
f 5465/2/2 5466/2/2 5479/2/2
f 5464/2/2 5465/2/2 5479/2/2
f 5479/2/2 5466/2/2 5480/2/2
f 5467/2/2 5468/2/2 5483/2/2
f 5468/2/2 5469/2/2 5483/2/2
f 5483/2/2 5469/2/2 5484/2/2
f 5473/2/2 5474/2/2 5485/2/2
f 5472/2/2 5473/2/2 5485/2/2
f 5485/2/2 5474/2/2 5486/2/2
f 5475/3/2 5476/3/2 5487/3/2
f 5476/3/2 5477/3/2 5487/3/2
f 5487/3/2 5477/3/2 5488/3/2
f 5481/6/2 5482/6/2 5489/6/2
f 5489/6/2 5482/6/2 5490/6/2
f 5462/2/2 5463/2/2 5492/2/2
f 5492/2/2 5463/2/2 5493/2/2
f 5491/2/2 5492/2/2 5498/2/2
f 5493/2/2 5494/2/2 5499/2/2
f 5495/2/2 5496/2/2 5503/2/2
f 5503/2/2 5496/2/2 5504/2/2
f 5504/2/2 5496/2/2 5505/2/2
f 5497/2/2 5498/2/2 5506/2/2
f 5498/2/2 5492/2/2 5507/2/2
f 5506/2/2 5498/2/2 5507/2/2
f 5507/2/2 5492/2/2 5508/2/2
f 5493/2/2 5499/2/2 5509/2/2
f 5499/2/2 5500/2/2 5509/2/2
f 5509/2/2 5500/2/2 5510/2/2
f 5510/2/2 5500/2/2 5511/2/2
f 5501/2/2 5502/2/2 5512/2/2
f 5512/2/2 5502/2/2 5513/2/2
f 5513/2/2 5502/2/2 5514/2/2
f 5504/2/2 5505/2/2 5515/2/2
f 5505/2/2 5506/2/2 5515/2/2
f 5506/2/2 5507/2/2 5515/2/2
f 5515/2/2 5507/2/2 5516/2/2
f 5510/2/2 5511/2/2 5517/2/2
f 5517/2/2 5511/2/2 5518/2/2
f 5512/2/2 5513/2/2 5519/2/2
f 5519/2/2 5513/2/2 5520/2/2
f 5518/3/2 5519/3/2 5521/3/2
f 5521/3/2 5519/3/2 5522/3/2
f 5508/2/2 5509/2/2 5524/2/2
f 5524/2/2 5509/2/2 5525/2/2
f 5523/2/2 5524/2/2 5528/2/2
f 5525/2/2 5526/2/2 5529/2/2
f 5527/2/2 5528/2/2 5532/2/2
f 5528/2/2 5524/2/2 5533/2/2
f 5532/2/2 5528/2/2 5533/2/2
f 5533/2/2 5524/2/2 5534/2/2
f 5529/2/2 5530/2/2 5535/2/2
f 5525/2/2 5529/2/2 5535/2/2
f 5535/2/2 5530/2/2 5536/2/2
f 5536/2/2 5530/2/2 5537/2/2
f 5531/2/2 5532/2/2 5539/2/2
f 5532/2/2 5533/2/2 5539/2/2
f 5539/2/2 5533/2/2 5540/2/2
f 5537/2/2 5538/2/2 5542/2/2
f 5542/2/2 5538/2/2 5543/2/2
f 5541/3/2 5542/3/2 5544/3/2
f 5542/3/2 5543/3/2 5544/3/2
f 5544/3/2 5543/3/2 5545/3/2
f 5546/9/2 5547/9/2 5548/9/2
f 5548/9/2 5547/9/2 5549/9/2
f 5550/2/2 5551/2/2 5555/2/2
f 5555/2/2 5551/2/2 5556/2/2
f 5552/6/2 5553/6/2 5563/6/2
f 5563/6/2 5553/6/2 5564/6/2
f 5554/2/2 5555/2/2 5571/2/2
f 5556/2/2 5557/2/2 5572/2/2
f 5558/2/2 5559/2/2 5574/2/2
f 5574/2/2 5559/2/2 5575/2/2
f 5560/6/2 5561/6/2 5576/6/2
f 5576/6/2 5561/6/2 5577/6/2
f 5562/6/2 5563/6/2 5578/6/2
f 5578/6/2 5563/6/2 5579/6/2
f 5564/6/2 5565/6/2 5580/6/2
f 5580/6/2 5565/6/2 5581/6/2
f 5566/6/2 5567/6/2 5582/6/2
f 5582/6/2 5567/6/2 5583/6/2
f 5568/2/2 5569/2/2 5584/2/2
f 5584/2/2 5569/2/2 5585/2/2
f 5570/2/2 5571/2/2 5587/2/2
f 5571/2/2 5555/2/2 5588/2/2
f 5587/2/2 5571/2/2 5588/2/2
f 5588/2/2 5555/2/2 5589/2/2
f 5572/2/2 5573/2/2 5590/2/2
f 5556/2/2 5572/2/2 5590/2/2
f 5590/2/2 5573/2/2 5591/2/2
f 5591/2/2 5573/2/2 5592/2/2
f 5577/6/2 5578/6/2 5594/6/2
f 5594/6/2 5578/6/2 5595/6/2
f 5581/6/2 5582/6/2 5596/6/2
f 5596/6/2 5582/6/2 5597/6/2
f 5586/2/2 5587/2/2 5598/2/2
f 5587/2/2 5588/2/2 5598/2/2
f 5598/2/2 5588/2/2 5599/2/2
f 5592/2/2 5593/2/2 5600/2/2
f 5591/2/2 5592/2/2 5600/2/2
f 5600/2/2 5593/2/2 5601/2/2
f 5602/6/2 5603/6/2 5604/6/2
f 5604/6/2 5603/6/2 5605/6/2
f 5606/2/2 5607/2/2 5608/2/2
f 5608/2/2 5607/2/2 5609/2/2
f 5610/3/2 5611/3/2 5612/3/2
f 5612/3/2 5611/3/2 5613/3/2
f 5614/2/2 5615/2/2 5616/2/2
f 5616/2/2 5615/2/2 5617/2/2
f 5618/3/2 5619/3/2 5620/3/2
f 5620/3/2 5619/3/2 5621/3/2
f 5622/9/2 5623/9/2 5624/9/2
f 5624/9/2 5623/9/2 5625/9/2
f 5626/2/2 5627/2/2 5630/2/2
f 5630/2/2 5627/2/2 5631/2/2
f 5628/6/2 5629/6/2 5634/6/2
f 5634/6/2 5629/6/2 5635/6/2
f 5632/2/2 5633/2/2 5638/2/2
f 5638/2/2 5633/2/2 5639/2/2
f 5636/2/2 5637/2/2 5642/2/2
f 5642/2/2 5637/2/2 5643/2/2
f 5640/2/2 5641/2/2 5646/2/2
f 5646/2/2 5641/2/2 5647/2/2
f 5644/3/2 5645/3/2 5648/3/2
f 5648/3/2 5645/3/2 5649/3/2
f 5650/6/2 5651/6/2 5652/6/2
f 5652/6/2 5651/6/2 5653/6/2
f 5654/2/2 5655/2/2 5656/2/2
f 5656/2/2 5655/2/2 5657/2/2
f 5658/2/2 5659/2/2 5660/2/2
f 5660/2/2 5659/2/2 5661/2/2
f 5662/9/2 5663/9/2 5665/9/2
f 5664/9/2 5665/9/2 5666/9/2
f 5665/9/2 5663/9/2 5667/9/2
f 5666/9/2 5665/9/2 5667/9/2
f 5667/9/2 5663/9/2 5668/9/2
f 5669/2/2 5670/2/2 5675/2/2
f 5675/2/2 5670/2/2 5676/2/2
f 5671/2/2 5672/2/2 5679/2/2
f 5679/2/2 5672/2/2 5680/2/2
f 5673/6/2 5674/6/2 5681/6/2
f 5681/6/2 5674/6/2 5682/6/2
f 5677/2/2 5678/2/2 5686/2/2
f 5686/2/2 5678/2/2 5687/2/2
f 5683/2/2 5684/2/2 5688/2/2
f 5688/2/2 5684/2/2 5689/2/2
f 5685/3/2 5686/3/2 5690/3/2
f 5690/3/2 5686/3/2 5691/3/2
f 5692/7/2 5693/7/2 5694/7/2
f 5694/7/2 5693/7/2 5695/7/2
f 5696/4/2 5697/4/2 5698/4/2
f 5696/4/2 5698/4/2 5699/4/2
f 5699/4/2 5698/4/2 5700/4/2
f 5701/2/2 5702/2/2 5703/2/2
f 5703/2/2 5702/2/2 5704/2/2
f 5705/2/2 5706/2/2 5707/2/2
f 5707/2/2 5706/2/2 5708/2/2
f 5709/6/2 5710/6/2 5711/6/2
f 5711/6/2 5710/6/2 5712/6/2
f 5713/2/2 5714/2/2 5717/2/2
f 5717/2/2 5714/2/2 5718/2/2
f 5715/3/2 5716/3/2 5719/3/2
f 5719/3/2 5716/3/2 5720/3/2
f 5721/6/2 5722/6/2 5723/6/2
f 5723/6/2 5722/6/2 5724/6/2
f 5725/4/2 5726/4/2 5727/4/2
f 5727/4/2 5726/4/2 5728/4/2
f 5729/6/2 5730/6/2 5732/6/2
f 5730/7/2 5731/7/2 5733/7/2
f 5732/6/2 5730/6/2 5733/6/2
f 5733/7/2 5731/7/2 5734/7/2
f 5735/2/2 5736/2/2 5737/2/2
f 5737/2/2 5736/2/2 5738/2/2
f 5739/6/2 5740/6/2 5751/6/2
f 5751/6/2 5740/6/2 5752/6/2
f 5741/2/2 5742/2/2 5755/2/2
f 5755/2/2 5742/2/2 5756/2/2
f 5743/2/2 5744/2/2 5758/2/2
f 5758/2/2 5744/2/2 5759/2/2
f 5745/2/2 5746/2/2 5760/2/2
f 5760/2/2 5746/2/2 5761/2/2
f 5747/2/2 5748/2/2 5763/2/2
f 5763/2/2 5748/2/2 5764/2/2
f 5749/2/2 5750/2/2 5766/2/2
f 5766/2/2 5750/2/2 5767/2/2
f 5753/6/2 5754/6/2 5768/6/2
f 5768/6/2 5754/6/2 5769/6/2
f 5756/2/2 5757/2/2 5770/2/2
f 5770/2/2 5757/2/2 5771/2/2
f 5762/2/2 5763/2/2 5773/2/2
f 5764/2/2 5765/2/2 5774/2/2
f 5772/2/2 5773/2/2 5777/2/2
f 5773/2/2 5763/2/2 5778/2/2
f 5777/2/2 5773/2/2 5778/2/2
f 5778/2/2 5763/2/2 5779/2/2
f 5774/2/2 5775/2/2 5780/2/2
f 5764/2/2 5774/2/2 5780/2/2
f 5780/2/2 5775/2/2 5781/2/2
f 5781/2/2 5775/2/2 5782/2/2
f 5776/2/2 5777/2/2 5786/2/2
f 5777/2/2 5778/2/2 5786/2/2
f 5786/2/2 5778/2/2 5787/2/2
f 5782/2/2 5783/2/2 5788/2/2
f 5781/2/2 5782/2/2 5788/2/2
f 5788/2/2 5783/2/2 5789/2/2
f 5784/6/2 5785/6/2 5790/6/2
f 5790/6/2 5785/6/2 5791/6/2
f 5792/4/2 5793/4/2 5794/4/2
f 5794/4/2 5793/4/2 5795/4/2
f 5796/7/2 5797/7/2 5800/7/2
f 5800/7/2 5797/7/2 5801/7/2
f 5798/3/2 5799/3/2 5803/3/2
f 5803/3/2 5799/3/2 5804/3/2
f 5802/2/2 5803/2/2 5805/2/2
f 5803/2/2 5804/2/2 5805/2/2
f 5805/2/2 5804/2/2 5806/2/2
f 5807/1/2 5808/1/2 5810/1/2
f 5810/1/2 5808/1/2 5811/1/2
f 5809/1/2 5810/1/2 5812/1/2
f 5812/1/2 5810/1/2 5813/1/2
f 5814/9/2 5815/9/2 5816/9/2
f 5816/9/2 5815/9/2 5817/9/2
f 5818/6/2 5819/6/2 5822/6/2
f 5822/6/2 5819/6/2 5823/6/2
f 5820/2/2 5821/2/2 5824/2/2
f 5824/2/2 5821/2/2 5825/2/2
f 5826/2/2 5827/2/2 5830/2/2
f 5830/2/2 5827/2/2 5831/2/2
f 5828/6/2 5829/6/2 5834/6/2
f 5834/6/2 5829/6/2 5835/6/2
f 5832/6/2 5833/6/2 5836/6/2
f 5836/6/2 5833/6/2 5837/6/2
f 5838/4/2 5839/4/2 5840/4/2
f 5840/4/2 5839/4/2 5841/4/2
f 5842/7/2 5843/7/2 5844/7/2
f 5844/7/2 5843/7/2 5845/7/2
f 5846/6/2 5847/6/2 5848/6/2
f 5848/6/2 5847/6/2 5849/6/2
f 5850/6/2 5851/6/2 5852/6/2
f 5852/6/2 5851/6/2 5853/6/2
f 5854/9/2 5855/9/2 5856/9/2
f 5856/9/2 5855/9/2 5857/9/2
f 5858/6/2 5859/6/2 5860/6/2
f 5860/6/2 5859/6/2 5861/6/2
f 5862/2/2 5863/2/2 5864/2/2
f 5864/2/2 5863/2/2 5865/2/2
f 5866/4/2 5867/4/2 5873/4/2
f 5867/4/2 5868/4/2 5873/4/2
f 5873/4/2 5868/4/2 5874/4/2
f 5874/4/2 5868/4/2 5875/4/2
f 5869/7/2 5870/7/2 5876/7/2
f 5876/7/2 5870/7/2 5877/7/2
f 5871/7/2 5872/7/2 5878/7/2
f 5878/7/2 5872/7/2 5879/7/2
f 5874/4/2 5875/4/2 5880/4/2
f 5880/4/2 5875/4/2 5881/4/2
f 5882/6/2 5883/6/2 5884/6/2
f 5884/6/2 5883/6/2 5885/6/2
f 5886/6/2 5887/6/2 5888/6/2
f 5888/6/2 5887/6/2 5889/6/2
f 5890/9/2 5891/9/2 5894/9/2
f 5894/9/2 5891/9/2 5895/9/2
f 5892/9/2 5893/9/2 5896/9/2
f 5896/9/2 5893/9/2 5897/9/2
f 5898/9/2 5899/9/2 5900/9/2
f 5900/9/2 5899/9/2 5901/9/2
f 5902/6/2 5903/6/2 5910/6/2
f 5910/6/2 5903/6/2 5911/6/2
f 5904/6/2 5905/6/2 5913/6/2
f 5913/6/2 5905/6/2 5914/6/2
f 5906/2/2 5907/2/2 5916/2/2
f 5916/2/2 5907/2/2 5917/2/2
f 5912/6/2 5913/6/2 5919/6/2
f 5914/6/2 5915/6/2 5920/6/2
f 5918/6/2 5919/6/2 5925/6/2
f 5919/6/2 5913/6/2 5926/6/2
f 5925/6/2 5919/6/2 5926/6/2
f 5926/6/2 5913/6/2 5927/6/2
f 5914/6/2 5920/6/2 5928/6/2
f 5920/6/2 5921/6/2 5928/6/2
f 5928/6/2 5921/6/2 5929/6/2
f 5929/6/2 5921/6/2 5930/6/2
f 5908/4/2 5909/4/2 5933/4/2
f 5933/4/2 5909/4/2 5934/4/2
f 5922/2/2 5923/2/2 5936/2/2
f 5936/2/2 5923/2/2 5937/2/2
f 5924/6/2 5925/6/2 5940/6/2
f 5925/6/2 5926/6/2 5940/6/2
f 5940/6/2 5926/6/2 5941/6/2
f 5941/6/2 5926/6/2 5942/6/2
f 5929/6/2 5930/6/2 5943/6/2
f 5930/6/2 5931/6/2 5943/6/2
f 5943/6/2 5931/6/2 5944/6/2
f 5944/6/2 5931/6/2 5945/6/2
f 5932/4/2 5933/4/2 5949/4/2
f 5949/4/2 5933/4/2 5950/4/2
f 5950/4/2 5933/4/2 5951/4/2
f 5934/4/2 5935/4/2 5952/4/2
f 5952/4/2 5935/4/2 5953/4/2
f 5938/7/2 5939/7/2 5956/7/2
f 5940/6/2 5941/6/2 5957/6/2
f 5956/7/2 5939/7/2 5957/7/2
f 5939/6/2 5940/6/2 5957/6/2
f 5957/6/2 5941/6/2 5958/6/2
f 5944/6/2 5945/6/2 5959/6/2
f 5945/6/2 5946/6/2 5959/6/2
f 5959/6/2 5946/6/2 5960/6/2
f 5946/7/2 5947/7/2 5961/7/2
f 5960/6/2 5946/6/2 5961/6/2
f 5961/7/2 5947/7/2 5962/7/2
f 5948/4/2 5949/4/2 5963/4/2
f 5949/4/2 5950/4/2 5963/4/2
f 5963/4/2 5950/4/2 5964/4/2
f 5964/4/2 5950/4/2 5965/4/2
f 5951/4/2 5952/4/2 5966/4/2
f 5966/4/2 5952/4/2 5967/4/2
f 5954/7/2 5955/7/2 5970/7/2
f 5970/7/2 5955/7/2 5971/7/2
f 5960/7/2 5961/7/2 5972/7/2
f 5972/7/2 5961/7/2 5973/7/2
f 5963/4/2 5964/4/2 5974/4/2
f 5974/4/2 5964/4/2 5975/4/2
f 5968/4/2 5969/4/2 5976/4/2
f 5976/4/2 5969/4/2 5977/4/2
f 5977/4/2 5969/4/2 5978/4/2
f 5977/4/2 5978/4/2 5979/4/2
f 5979/4/2 5978/4/2 5980/4/2
f 5981/1/2 5982/1/2 5984/1/2
f 5982/6/2 5983/6/2 5985/6/2
f 5984/1/2 5982/1/2 5985/1/2
f 5985/6/2 5983/6/2 5986/6/2
f 5987/6/2 5988/6/2 5989/6/2
f 5989/6/2 5988/6/2 5990/6/2
f 5991/9/2 5992/9/2 5995/9/2
f 5995/9/2 5992/9/2 5996/9/2
f 5993/9/2 5994/9/2 5998/9/2
f 5998/9/2 5994/9/2 5999/9/2
f 5997/9/2 5998/9/2 6000/9/2
f 6000/9/2 5998/9/2 6001/9/2
f 6001/9/2 6002/9/2 6003/9/2
f 6003/9/2 6002/9/2 6004/9/2
f 6005/6/2 6006/6/2 6014/6/2
f 6014/6/2 6006/6/2 6015/6/2
f 6007/6/2 6008/6/2 6019/6/2
f 6019/6/2 6008/6/2 6020/6/2
f 6009/2/2 6010/2/2 6021/2/2
f 6021/2/2 6010/2/2 6022/2/2
f 6011/6/2 6012/6/2 6025/6/2
f 6025/6/2 6012/6/2 6026/6/2
f 6013/6/2 6014/6/2 6027/6/2
f 6027/6/2 6014/6/2 6028/6/2
f 6015/6/2 6016/6/2 6029/6/2
f 6029/6/2 6016/6/2 6030/6/2
f 6017/6/2 6018/6/2 6031/6/2
f 6031/6/2 6018/6/2 6032/6/2
f 6023/6/2 6024/6/2 6033/6/2
f 6033/6/2 6024/6/2 6034/6/2
f 6026/6/2 6027/6/2 6035/6/2
f 6035/6/2 6027/6/2 6036/6/2
f 6030/6/2 6031/6/2 6037/6/2
f 6037/6/2 6031/6/2 6038/6/2
f 6039/4/2 6040/4/2 6045/4/2
f 6041/4/2 6042/4/2 6046/4/2
f 6046/4/2 6042/4/2 6047/4/2
f 6043/7/2 6044/7/2 6050/7/2
f 6050/7/2 6044/7/2 6051/7/2
f 6051/7/2 6044/7/2 6052/7/2
f 6045/4/2 6040/4/2 6053/4/2
f 6053/4/2 6040/4/2 6054/4/2
f 6048/4/2 6049/4/2 6055/4/2
f 6055/4/2 6049/4/2 6056/4/2
f 6057/1/2 6058/1/2 6059/1/2
f 6057/1/2 6059/1/2 6061/1/2
f 6059/6/2 6060/6/2 6062/6/2
f 6061/1/2 6059/1/2 6062/1/2
f 6062/6/2 6060/6/2 6063/6/2
f 6064/6/2 6065/6/2 6066/6/2
f 6066/6/2 6065/6/2 6067/6/2
f 6068/9/2 6069/9/2 6072/9/2
f 6072/9/2 6069/9/2 6073/9/2
f 6070/9/2 6071/9/2 6075/9/2
f 6075/9/2 6071/9/2 6076/9/2
f 6074/9/2 6075/9/2 6077/9/2
f 6077/9/2 6075/9/2 6078/9/2
f 6078/9/2 6079/9/2 6080/9/2
f 6080/9/2 6079/9/2 6081/9/2
f 6082/2/2 6083/2/2 6084/2/2
f 6084/2/2 6083/2/2 6085/2/2
f 6086/6/2 6087/6/2 6088/6/2
f 6088/6/2 6087/6/2 6089/6/2
f 6090/6/2 6091/6/2 6092/6/2
f 6092/6/2 6091/6/2 6093/6/2
f 6094/4/2 6095/4/2 6098/4/2
f 6098/4/2 6095/4/2 6099/4/2
f 6096/4/2 6097/4/2 6100/4/2
f 6100/4/2 6097/4/2 6101/4/2
f 6102/6/2 6103/6/2 6108/6/2
f 6108/6/2 6103/6/2 6109/6/2
f 6104/6/2 6105/6/2 6110/6/2
f 6110/6/2 6105/6/2 6111/6/2
f 6106/6/2 6107/6/2 6112/6/2
f 6112/6/2 6107/6/2 6113/6/2
f 6114/6/2 6115/6/2 6120/6/2
f 6120/6/2 6115/6/2 6121/6/2
f 6116/6/2 6117/6/2 6122/6/2
f 6122/6/2 6117/6/2 6123/6/2
f 6118/6/2 6119/6/2 6124/6/2
f 6124/6/2 6119/6/2 6125/6/2
f 6126/9/2 6127/9/2 6130/9/2
f 6130/9/2 6127/9/2 6131/9/2
f 6128/9/2 6129/9/2 6133/9/2
f 6133/9/2 6129/9/2 6134/9/2
f 6132/9/2 6133/9/2 6135/9/2
f 6135/9/2 6133/9/2 6136/9/2
f 6136/9/2 6137/9/2 6138/9/2
f 6138/9/2 6137/9/2 6139/9/2
f 6140/6/2 6141/6/2 6142/6/2
f 6142/6/2 6141/6/2 6143/6/2
f 6144/6/2 6145/6/2 6148/6/2
f 6148/6/2 6145/6/2 6149/6/2
f 6146/4/2 6147/4/2 6150/4/2
f 6150/4/2 6147/4/2 6151/4/2
f 6152/4/2 6153/4/2 6156/4/2
f 6154/6/2 6155/6/2 6157/6/2
f 6157/6/2 6155/6/2 6158/6/2
f 6156/4/2 6153/4/2 6161/4/2
f 6161/4/2 6153/4/2 6162/4/2
f 6159/6/2 6160/6/2 6163/6/2
f 6163/6/2 6160/6/2 6164/6/2
f 6165/6/2 6166/6/2 6169/6/2
f 6169/6/2 6166/6/2 6170/6/2
f 6167/6/2 6168/6/2 6171/6/2
f 6171/6/2 6168/6/2 6172/6/2
f 6173/6/2 6174/6/2 6175/6/2
f 6175/6/2 6174/6/2 6176/6/2
f 6177/6/2 6178/6/2 6181/6/2
f 6181/6/2 6178/6/2 6182/6/2
f 6179/6/2 6180/6/2 6183/6/2
f 6183/6/2 6180/6/2 6184/6/2
f 6185/9/2 6186/9/2 6189/9/2
f 6189/9/2 6186/9/2 6190/9/2
f 6187/9/2 6188/9/2 6192/9/2
f 6192/9/2 6188/9/2 6193/9/2
f 6191/9/2 6192/9/2 6194/9/2
f 6194/9/2 6192/9/2 6195/9/2
f 6195/9/2 6196/9/2 6197/9/2
f 6197/9/2 6196/9/2 6198/9/2
f 6199/2/2 6200/2/2 6201/2/2
f 6201/2/2 6200/2/2 6202/2/2
f 6203/6/2 6204/6/2 6205/6/2
f 6205/6/2 6204/6/2 6206/6/2
f 6207/4/2 6208/4/2 6209/4/2
f 6209/4/2 6208/4/2 6210/4/2
f 6211/6/2 6212/6/2 6217/6/2
f 6217/6/2 6212/6/2 6218/6/2
f 6213/6/2 6214/6/2 6219/6/2
f 6219/6/2 6214/6/2 6220/6/2
f 6215/6/2 6216/6/2 6222/6/2
f 6222/6/2 6216/6/2 6223/6/2
f 6220/7/2 6221/7/2 6224/7/2
f 6219/7/2 6220/7/2 6224/7/2
f 6224/7/2 6221/7/2 6225/7/2
f 6226/6/2 6227/6/2 6228/6/2
f 6228/6/2 6227/6/2 6229/6/2
f 6230/4/2 6231/4/2 6233/4/2
f 6232/4/2 6233/4/2 6239/4/2
f 6233/4/2 6231/4/2 6240/4/2
f 6239/4/2 6233/4/2 6240/4/2
f 6240/4/2 6231/4/2 6241/4/2
f 6234/6/2 6235/6/2 6242/6/2
f 6242/6/2 6235/6/2 6243/6/2
f 6236/6/2 6237/6/2 6244/6/2
f 6244/6/2 6237/6/2 6245/6/2
f 6238/4/2 6239/4/2 6246/4/2
f 6239/4/2 6240/4/2 6246/4/2
f 6246/4/2 6240/4/2 6247/4/2
f 6248/6/2 6249/6/2 6252/6/2
f 6252/6/2 6249/6/2 6253/6/2
f 6250/6/2 6251/6/2 6254/6/2
f 6254/6/2 6251/6/2 6255/6/2
f 6256/9/2 6257/9/2 6260/9/2
f 6260/9/2 6257/9/2 6261/9/2
f 6258/9/2 6259/9/2 6263/9/2
f 6263/9/2 6259/9/2 6264/9/2
f 6262/9/2 6263/9/2 6265/9/2
f 6265/9/2 6263/9/2 6266/9/2
f 6266/9/2 6267/9/2 6268/9/2
f 6268/9/2 6267/9/2 6269/9/2
f 6270/2/2 6271/2/2 6272/2/2
f 6272/2/2 6271/2/2 6273/2/2
f 6274/6/2 6275/6/2 6278/6/2
f 6278/6/2 6275/6/2 6279/6/2
f 6276/6/2 6277/6/2 6282/6/2
f 6282/6/2 6277/6/2 6283/6/2
f 6280/7/2 6281/7/2 6284/7/2
f 6284/7/2 6281/7/2 6285/7/2
f 6286/7/2 6287/7/2 6290/7/2
f 6290/7/2 6287/7/2 6291/7/2
f 6288/6/2 6289/6/2 6292/6/2
f 6292/6/2 6289/6/2 6293/6/2
f 6294/1/2 6295/1/2 6296/1/2
f 6294/1/2 6296/1/2 6298/1/2
f 6296/1/2 6297/1/2 6298/1/2
f 6298/1/2 6297/1/2 6299/1/2
f 6294/1/2 6298/1/2 6304/1/2
f 6304/1/2 6298/1/2 6305/1/2
f 6300/1/2 6301/1/2 6306/1/2
f 6306/1/2 6301/1/2 6307/1/2
f 6302/7/2 6303/7/2 6308/7/2
f 6308/7/2 6303/7/2 6309/7/2
f 6310/1/2 6311/1/2 6312/1/2
f 6312/1/2 6311/1/2 6313/1/2
f 6314/1/2 6315/1/2 6321/1/2
f 6321/1/2 6315/1/2 6322/1/2
f 6316/6/2 6317/6/2 6323/6/2
f 6317/1/2 6318/1/2 6324/1/2
f 6323/6/2 6317/6/2 6324/6/2
f 6319/7/2 6320/7/2 6325/7/2
f 6325/7/2 6320/7/2 6326/7/2
f 6324/1/2 6318/1/2 6330/1/2
f 6330/1/2 6318/1/2 6331/1/2
f 6329/1/2 6330/1/2 6332/1/2
f 6332/1/2 6330/1/2 6333/1/2
f 6327/1/2 6328/1/2 6334/1/2
f 6334/1/2 6328/1/2 6335/1/2
f 6336/7/2 6337/7/2 6338/7/2
f 6338/7/2 6337/7/2 6339/7/2
f 6340/9/2 6341/9/2 6344/9/2
f 6344/9/2 6341/9/2 6345/9/2
f 6342/9/2 6343/9/2 6347/9/2
f 6347/9/2 6343/9/2 6348/9/2
f 6346/9/2 6347/9/2 6349/9/2
f 6349/9/2 6347/9/2 6350/9/2
f 6350/9/2 6351/9/2 6352/9/2
f 6352/9/2 6351/9/2 6353/9/2
f 6356/6/2 6357/6/2 6360/6/2
f 6360/6/2 6357/6/2 6361/6/2
f 6358/6/2 6359/6/2 6362/6/2
f 6362/6/2 6359/6/2 6363/6/2
f 6364/6/2 6365/6/2 6366/6/2
f 6366/6/2 6365/6/2 6367/6/2
f 6354/6/2 6355/6/2 6371/6/2
f 6371/6/2 6355/6/2 6372/6/2
f 6368/7/2 6369/7/2 6374/7/2
f 6374/7/2 6369/7/2 6375/7/2
f 6375/7/2 6369/7/2 6376/7/2
f 6370/6/2 6371/6/2 6378/6/2
f 6372/6/2 6373/6/2 6379/6/2
f 6377/6/2 6378/6/2 6382/6/2
f 6378/6/2 6371/6/2 6383/6/2
f 6382/6/2 6378/6/2 6383/6/2
f 6383/6/2 6371/6/2 6384/6/2
f 6379/6/2 6380/6/2 6385/6/2
f 6372/6/2 6379/6/2 6385/6/2
f 6385/6/2 6380/6/2 6386/6/2
f 6386/6/2 6380/6/2 6387/6/2
f 6381/6/2 6382/6/2 6390/6/2
f 6382/6/2 6383/6/2 6390/6/2
f 6390/6/2 6383/6/2 6391/6/2
f 6391/6/2 6383/6/2 6392/6/2
f 6384/6/2 6385/6/2 6393/6/2
f 6393/6/2 6385/6/2 6394/6/2
f 6387/6/2 6388/6/2 6395/6/2
f 6386/6/2 6387/6/2 6395/6/2
f 6395/6/2 6388/6/2 6396/6/2
f 6396/6/2 6388/6/2 6397/6/2
f 6389/6/2 6390/6/2 6400/6/2
f 6390/6/2 6391/6/2 6400/6/2
f 6400/6/2 6391/6/2 6401/6/2
f 6401/6/2 6391/6/2 6402/6/2
f 6393/6/2 6394/6/2 6403/6/2
f 6403/6/2 6394/6/2 6404/6/2
f 6397/6/2 6398/6/2 6405/6/2
f 6396/6/2 6397/6/2 6405/6/2
f 6405/6/2 6398/6/2 6406/6/2
f 6406/6/2 6398/6/2 6407/6/2
f 6399/6/2 6400/6/2 6411/6/2
f 6400/6/2 6401/6/2 6411/6/2
f 6411/6/2 6401/6/2 6412/6/2
f 6412/6/2 6401/6/2 6413/6/2
f 6407/6/2 6408/6/2 6414/6/2
f 6406/6/2 6407/6/2 6414/6/2
f 6414/6/2 6408/6/2 6415/6/2
f 6415/6/2 6408/6/2 6416/6/2
f 6409/1/2 6410/1/2 6420/1/2
f 6420/1/2 6410/1/2 6421/1/2
f 6411/6/2 6412/6/2 6422/6/2
f 6421/1/2 6410/1/2 6422/1/2
f 6410/6/2 6411/6/2 6422/6/2
f 6422/6/2 6412/6/2 6423/6/2
f 6423/6/2 6412/6/2 6424/6/2
f 6415/6/2 6416/6/2 6425/6/2
f 6416/6/2 6417/6/2 6425/6/2
f 6425/6/2 6417/6/2 6426/6/2
f 6417/1/2 6418/1/2 6427/1/2
f 6426/6/2 6417/6/2 6427/6/2
f 6427/1/2 6418/1/2 6428/1/2
f 6422/6/2 6423/6/2 6430/6/2
f 6421/6/2 6422/6/2 6430/6/2
f 6430/6/2 6423/6/2 6431/6/2
f 6427/6/2 6428/6/2 6432/6/2
f 6426/6/2 6427/6/2 6432/6/2
f 6432/6/2 6428/6/2 6433/6/2
f 6419/1/2 6420/1/2 6436/1/2
f 6436/1/2 6420/1/2 6437/1/2
f 6421/6/2 6430/6/2 6438/6/2
f 6430/1/2 6431/1/2 6439/1/2
f 6438/6/2 6430/6/2 6439/6/2
f 6439/1/2 6431/1/2 6440/1/2
f 6433/6/2 6428/6/2 6441/6/2
f 6428/1/2 6429/1/2 6442/1/2
f 6441/6/2 6428/6/2 6442/6/2
f 6442/1/2 6429/1/2 6443/1/2
f 6434/7/2 6435/7/2 6444/7/2
f 6444/7/2 6435/7/2 6445/7/2
f 6445/7/2 6435/7/2 6446/7/2
f 6437/1/2 6438/1/2 6447/1/2
f 6447/1/2 6438/1/2 6448/1/2
f 6403/6/2 6404/6/2 6450/6/2
f 6450/6/2 6404/6/2 6451/6/2
f 6441/1/2 6442/1/2 6453/1/2
f 6453/1/2 6442/1/2 6454/1/2
f 6449/6/2 6450/6/2 6456/6/2
f 6451/6/2 6452/6/2 6457/6/2
f 6455/6/2 6456/6/2 6460/6/2
f 6456/6/2 6450/6/2 6461/6/2
f 6460/6/2 6456/6/2 6461/6/2
f 6461/6/2 6450/6/2 6462/6/2
f 6457/6/2 6458/6/2 6463/6/2
f 6451/6/2 6457/6/2 6463/6/2
f 6463/6/2 6458/6/2 6464/6/2
f 6464/6/2 6458/6/2 6465/6/2
f 6459/6/2 6460/6/2 6468/6/2
f 6460/6/2 6461/6/2 6468/6/2
f 6468/6/2 6461/6/2 6469/6/2
f 6469/6/2 6461/6/2 6470/6/2
f 6462/6/2 6463/6/2 6471/6/2
f 6471/6/2 6463/6/2 6472/6/2
f 6465/6/2 6466/6/2 6473/6/2
f 6464/6/2 6465/6/2 6473/6/2
f 6473/6/2 6466/6/2 6474/6/2
f 6474/6/2 6466/6/2 6475/6/2
f 6467/6/2 6468/6/2 6478/6/2
f 6468/6/2 6469/6/2 6478/6/2
f 6478/6/2 6469/6/2 6479/6/2
f 6479/6/2 6469/6/2 6480/6/2
f 6471/6/2 6472/6/2 6481/6/2
f 6481/6/2 6472/6/2 6482/6/2
f 6475/6/2 6476/6/2 6483/6/2
f 6474/6/2 6475/6/2 6483/6/2
f 6483/6/2 6476/6/2 6484/6/2
f 6484/6/2 6476/6/2 6485/6/2
f 6477/6/2 6478/6/2 6488/6/2
f 6478/6/2 6479/6/2 6488/6/2
f 6488/6/2 6479/6/2 6489/6/2
f 6489/6/2 6479/6/2 6490/6/2
f 6485/6/2 6486/6/2 6491/6/2
f 6484/6/2 6485/6/2 6491/6/2
f 6491/6/2 6486/6/2 6492/6/2
f 6492/6/2 6486/6/2 6493/6/2
f 6488/6/2 6489/6/2 6497/6/2
f 6487/6/2 6488/6/2 6497/6/2
f 6497/6/2 6489/6/2 6498/6/2
f 6498/6/2 6489/6/2 6499/6/2
f 6481/6/2 6482/6/2 6501/6/2
f 6493/6/2 6494/6/2 6502/6/2
f 6492/6/2 6493/6/2 6502/6/2
f 6502/6/2 6494/6/2 6503/6/2
f 6503/6/2 6494/6/2 6504/6/2
f 6496/6/2 6497/6/2 6506/6/2
f 6497/6/2 6498/6/2 6506/6/2
f 6506/6/2 6498/6/2 6507/6/2
f 6504/6/2 6505/6/2 6508/6/2
f 6503/6/2 6504/6/2 6508/6/2
f 6508/6/2 6505/6/2 6509/6/2
f 6509/6/2 6505/6/2 6510/6/2
f 6495/1/2 6496/1/2 6514/1/2
f 6496/6/2 6506/6/2 6515/6/2
f 6514/1/2 6496/1/2 6515/1/2
f 6515/6/2 6506/6/2 6516/6/2
f 6500/1/2 6501/1/2 6517/1/2
f 6501/6/2 6482/6/2 6517/6/2
f 6517/6/2 6482/6/2 6518/6/2
f 6509/6/2 6510/6/2 6519/6/2
f 6510/1/2 6511/1/2 6520/1/2
f 6519/6/2 6510/6/2 6520/6/2
f 6520/1/2 6511/1/2 6521/1/2
f 6512/7/2 6513/7/2 6522/7/2
f 6522/7/2 6513/7/2 6523/7/2
f 6523/7/2 6513/7/2 6524/7/2
f 6519/1/2 6520/1/2 6525/1/2
f 6525/1/2 6520/1/2 6526/1/2
f 6518/6/2 6482/6/2 6527/6/2
f 6527/6/2 6482/6/2 6528/6/2
f 6500/1/2 6517/1/2 6531/1/2
f 6531/1/2 6517/1/2 6532/1/2
f 6529/1/2 6530/1/2 6533/1/2
f 6533/1/2 6530/1/2 6534/1/2
f 6532/1/2 6533/1/2 6535/1/2
f 6535/1/2 6533/1/2 6536/1/2
f 6537/7/2 6538/7/2 6539/7/2
f 6539/7/2 6538/7/2 6540/7/2
f 6540/7/2 6538/7/2 6541/7/2
f 6542/9/2 6543/9/2 6546/9/2
f 6546/9/2 6543/9/2 6547/9/2
f 6544/9/2 6545/9/2 6549/9/2
f 6549/9/2 6545/9/2 6550/9/2
f 6548/9/2 6549/9/2 6551/9/2
f 6551/9/2 6549/9/2 6552/9/2
f 6552/9/2 6553/9/2 6554/9/2
f 6554/9/2 6553/9/2 6555/9/2
f 6556/2/2 6557/2/2 6564/2/2
f 6564/2/2 6557/2/2 6565/2/2
f 6558/6/2 6559/6/2 6566/6/2
f 6566/6/2 6559/6/2 6567/6/2
f 6560/6/2 6561/6/2 6568/6/2
f 6568/6/2 6561/6/2 6569/6/2
f 6562/6/2 6563/6/2 6570/6/2
f 6570/6/2 6563/6/2 6571/6/2
f 6572/6/2 6573/6/2 6574/6/2
f 6574/6/2 6573/6/2 6575/6/2
f 6576/6/2 6577/6/2 6580/6/2
f 6580/6/2 6577/6/2 6581/6/2
f 6578/6/2 6579/6/2 6582/6/2
f 6582/6/2 6579/6/2 6583/6/2
f 6584/1/2 6585/1/2 6586/1/2
f 6586/1/2 6585/1/2 6587/1/2
f 6588/6/2 6589/6/2 6590/6/2
f 6590/6/2 6589/6/2 6591/6/2
f 6592/6/2 6593/6/2 6596/6/2
f 6596/6/2 6593/6/2 6597/6/2
f 6594/6/2 6595/6/2 6598/6/2
f 6598/6/2 6595/6/2 6599/6/2
f 6600/1/2 6601/1/2 6602/1/2
f 6600/1/2 6602/1/2 6604/1/2
f 6602/1/2 6603/1/2 6604/1/2
f 6604/1/2 6603/1/2 6605/1/2
f 6606/9/2 6607/9/2 6610/9/2
f 6610/9/2 6607/9/2 6611/9/2
f 6608/9/2 6609/9/2 6613/9/2
f 6613/9/2 6609/9/2 6614/9/2
f 6612/9/2 6613/9/2 6615/9/2
f 6615/9/2 6613/9/2 6616/9/2
f 6616/9/2 6617/9/2 6618/9/2
f 6618/9/2 6617/9/2 6619/9/2
f 6620/6/2 6621/6/2 6626/6/2
f 6626/6/2 6621/6/2 6627/6/2
f 6622/6/2 6623/6/2 6629/6/2
f 6629/6/2 6623/6/2 6630/6/2
f 6624/6/2 6625/6/2 6633/6/2
f 6633/6/2 6625/6/2 6634/6/2
f 6628/6/2 6629/6/2 6637/6/2
f 6630/6/2 6631/6/2 6638/6/2
f 6632/6/2 6633/6/2 6643/6/2
f 6634/6/2 6635/6/2 6644/6/2
f 6636/6/2 6637/6/2 6649/6/2
f 6637/6/2 6629/6/2 6650/6/2
f 6649/6/2 6637/6/2 6650/6/2
f 6650/6/2 6629/6/2 6651/6/2
f 6630/6/2 6638/6/2 6652/6/2
f 6638/6/2 6639/6/2 6652/6/2
f 6652/6/2 6639/6/2 6653/6/2
f 6653/6/2 6639/6/2 6654/6/2
f 6640/2/2 6641/2/2 6656/2/2
f 6656/2/2 6641/2/2 6657/2/2
f 6642/6/2 6643/6/2 6659/6/2
f 6643/6/2 6633/6/2 6660/6/2
f 6659/6/2 6643/6/2 6660/6/2
f 6660/6/2 6633/6/2 6661/6/2
f 6634/6/2 6644/6/2 6662/6/2
f 6644/6/2 6645/6/2 6662/6/2
f 6662/6/2 6645/6/2 6663/6/2
f 6663/6/2 6645/6/2 6664/6/2
f 6646/6/2 6647/6/2 6666/6/2
f 6666/6/2 6647/6/2 6667/6/2
f 6648/6/2 6649/6/2 6669/6/2
f 6649/6/2 6650/6/2 6669/6/2
f 6669/6/2 6650/6/2 6670/6/2
f 6670/6/2 6650/6/2 6671/6/2
f 6654/6/2 6655/6/2 6672/6/2
f 6653/6/2 6654/6/2 6672/6/2
f 6672/6/2 6655/6/2 6673/6/2
f 6673/6/2 6655/6/2 6674/6/2
f 6658/6/2 6659/6/2 6677/6/2
f 6659/6/2 6660/6/2 6677/6/2
f 6677/6/2 6660/6/2 6678/6/2
f 6678/6/2 6660/6/2 6679/6/2
f 6664/6/2 6665/6/2 6680/6/2
f 6663/6/2 6664/6/2 6680/6/2
f 6680/6/2 6665/6/2 6681/6/2
f 6681/6/2 6665/6/2 6682/6/2
f 6669/6/2 6670/6/2 6688/6/2
f 6668/6/2 6669/6/2 6688/6/2
f 6688/6/2 6670/6/2 6689/6/2
f 6674/6/2 6675/6/2 6690/6/2
f 6673/6/2 6674/6/2 6690/6/2
f 6690/6/2 6675/6/2 6691/6/2
f 6677/6/2 6678/6/2 6692/6/2
f 6676/6/2 6677/6/2 6692/6/2
f 6692/6/2 6678/6/2 6693/6/2
f 6682/6/2 6683/6/2 6694/6/2
f 6681/6/2 6682/6/2 6694/6/2
f 6694/6/2 6683/6/2 6695/6/2
f 6684/6/2 6685/6/2 6696/6/2
f 6696/6/2 6685/6/2 6697/6/2
f 6686/6/2 6687/6/2 6698/6/2
f 6698/6/2 6687/6/2 6699/6/2
f 6700/6/2 6701/6/2 6704/6/2
f 6704/6/2 6701/6/2 6705/6/2
f 6702/6/2 6703/6/2 6706/6/2
f 6706/6/2 6703/6/2 6707/6/2
f 6708/6/2 6709/6/2 6712/6/2
f 6712/6/2 6709/6/2 6713/6/2
f 6710/6/2 6711/6/2 6714/6/2
f 6714/6/2 6711/6/2 6715/6/2
f 6716/6/2 6717/6/2 6720/6/2
f 6720/6/2 6717/6/2 6721/6/2
f 6718/6/2 6719/6/2 6722/6/2
f 6722/6/2 6719/6/2 6723/6/2
f 6724/6/2 6725/6/2 6728/6/2
f 6728/6/2 6725/6/2 6729/6/2
f 6726/6/2 6727/6/2 6730/6/2
f 6730/6/2 6727/6/2 6731/6/2
f 6732/6/2 6733/6/2 6734/6/2
f 6734/6/2 6733/6/2 6735/6/2
f 6736/6/2 6737/6/2 6738/6/2
f 6738/6/2 6737/6/2 6739/6/2
f 6740/9/2 6741/9/2 6744/9/2
f 6744/9/2 6741/9/2 6745/9/2
f 6742/9/2 6743/9/2 6747/9/2
f 6747/9/2 6743/9/2 6748/9/2
f 6746/9/2 6747/9/2 6749/9/2
f 6749/9/2 6747/9/2 6750/9/2
f 6750/9/2 6751/9/2 6752/9/2
f 6752/9/2 6751/9/2 6753/9/2
f 6754/6/2 6755/6/2 6758/6/2
f 6758/6/2 6755/6/2 6759/6/2
f 6756/6/2 6757/6/2 6760/6/2
f 6760/6/2 6757/6/2 6761/6/2
f 6762/6/2 6763/6/2 6766/6/2
f 6766/6/2 6763/6/2 6767/6/2
f 6764/6/2 6765/6/2 6768/6/2
f 6768/6/2 6765/6/2 6769/6/2
f 6770/6/2 6771/6/2 6772/6/2
f 6772/6/2 6771/6/2 6773/6/2
f 6774/6/2 6775/6/2 6778/6/2
f 6778/6/2 6775/6/2 6779/6/2
f 6776/6/2 6777/6/2 6782/6/2
f 6782/6/2 6777/6/2 6783/6/2
f 6780/6/2 6781/6/2 6784/6/2
f 6784/6/2 6781/6/2 6785/6/2
f 6786/6/2 6787/6/2 6788/6/2
f 6788/6/2 6787/6/2 6789/6/2
f 6790/6/2 6791/6/2 6794/6/2
f 6794/6/2 6791/6/2 6795/6/2
f 6792/6/2 6793/6/2 6798/6/2
f 6798/6/2 6793/6/2 6799/6/2
f 6796/6/2 6797/6/2 6800/6/2
f 6800/6/2 6797/6/2 6801/6/2
f 6800/1/2 6801/1/2 6802/1/2
f 6802/1/2 6801/1/2 6803/1/2
f 6804/6/2 6805/6/2 6806/6/2
f 6806/6/2 6805/6/2 6807/6/2
f 6808/6/2 6809/6/2 6810/6/2
f 6810/6/2 6809/6/2 6811/6/2
f 6812/9/2 6813/9/2 6816/9/2
f 6816/9/2 6813/9/2 6817/9/2
f 6814/9/2 6815/9/2 6819/9/2
f 6819/9/2 6815/9/2 6820/9/2
f 6818/9/2 6819/9/2 6821/9/2
f 6821/9/2 6819/9/2 6822/9/2
f 6822/9/2 6823/9/2 6824/9/2
f 6824/9/2 6823/9/2 6825/9/2
f 6826/6/2 6827/6/2 6830/6/2
f 6830/6/2 6827/6/2 6831/6/2
f 6828/2/2 6829/2/2 6833/2/2
f 6833/2/2 6829/2/2 6834/2/2
f 6832/2/2 6833/2/2 6839/2/2
f 6834/2/2 6835/2/2 6840/2/2
f 6836/6/2 6837/6/2 6844/6/2
f 6844/6/2 6837/6/2 6845/6/2
f 6838/2/2 6839/2/2 6847/2/2
f 6839/2/2 6833/2/2 6848/2/2
f 6847/2/2 6839/2/2 6848/2/2
f 6848/2/2 6833/2/2 6849/2/2
f 6834/2/2 6840/2/2 6850/2/2
f 6840/2/2 6841/2/2 6850/2/2
f 6850/2/2 6841/2/2 6851/2/2
f 6851/2/2 6841/2/2 6852/2/2
f 6842/6/2 6843/6/2 6854/6/2
f 6854/6/2 6843/6/2 6855/6/2
f 6846/2/2 6847/2/2 6856/2/2
f 6847/2/2 6848/2/2 6856/2/2
f 6856/2/2 6848/2/2 6857/2/2
f 6852/2/2 6853/2/2 6858/2/2
f 6851/2/2 6852/2/2 6858/2/2
f 6858/2/2 6853/2/2 6859/2/2
f 6860/6/2 6861/6/2 6862/6/2
f 6862/6/2 6861/6/2 6863/6/2
f 6864/6/2 6865/6/2 6867/6/2
f 6865/1/2 6866/1/2 6868/1/2
f 6867/6/2 6865/6/2 6868/6/2
f 6868/1/2 6866/1/2 6869/1/2
f 6870/6/2 6871/6/2 6872/6/2
f 6872/6/2 6871/6/2 6873/6/2
f 6874/6/2 6875/6/2 6876/6/2
f 6876/6/2 6875/6/2 6877/6/2
f 6878/6/2 6879/6/2 6880/6/2
f 6880/6/2 6879/6/2 6881/6/2
f 6882/6/2 6883/6/2 6884/6/2
f 6884/6/2 6883/6/2 6885/6/2
f 6886/9/2 6887/9/2 6890/9/2
f 6890/9/2 6887/9/2 6891/9/2
f 6888/9/2 6889/9/2 6893/9/2
f 6893/9/2 6889/9/2 6894/9/2
f 6892/9/2 6893/9/2 6895/9/2
f 6895/9/2 6893/9/2 6896/9/2
f 6896/9/2 6897/9/2 6898/9/2
f 6898/9/2 6897/9/2 6899/9/2
f 6900/6/2 6901/6/2 6903/6/2
f 6903/6/2 6901/6/2 6904/6/2
f 6902/6/2 6903/6/2 6909/6/2
f 6904/6/2 6905/6/2 6910/6/2
f 6906/2/2 6907/2/2 6912/2/2
f 6912/2/2 6907/2/2 6913/2/2
f 6908/6/2 6909/6/2 6915/6/2
f 6909/6/2 6903/6/2 6916/6/2
f 6915/6/2 6909/6/2 6916/6/2
f 6916/6/2 6903/6/2 6917/6/2
f 6910/6/2 6911/6/2 6918/6/2
f 6904/6/2 6910/6/2 6918/6/2
f 6918/6/2 6911/6/2 6919/6/2
f 6919/6/2 6911/6/2 6920/6/2
f 6914/6/2 6915/6/2 6927/6/2
f 6915/6/2 6916/6/2 6927/6/2
f 6927/6/2 6916/6/2 6928/6/2
f 6928/6/2 6916/6/2 6929/6/2
f 6917/6/2 6918/6/2 6930/6/2
f 6930/6/2 6918/6/2 6931/6/2
f 6919/6/2 6920/6/2 6932/6/2
f 6920/6/2 6921/6/2 6932/6/2
f 6932/6/2 6921/6/2 6933/6/2
f 6933/6/2 6921/6/2 6934/6/2
f 6922/6/2 6923/6/2 6936/6/2
f 6936/6/2 6923/6/2 6937/6/2
f 6924/6/2 6925/6/2 6938/6/2
f 6938/6/2 6925/6/2 6939/6/2
f 6926/6/2 6927/6/2 6943/6/2
f 6927/6/2 6928/6/2 6943/6/2
f 6943/6/2 6928/6/2 6944/6/2
f 6944/6/2 6928/6/2 6945/6/2
f 6934/6/2 6935/6/2 6946/6/2
f 6933/6/2 6934/6/2 6946/6/2
f 6946/6/2 6935/6/2 6947/6/2
f 6947/6/2 6935/6/2 6948/6/2
f 6940/7/2 6941/7/2 6954/7/2
f 6954/7/2 6941/7/2 6955/7/2
f 6955/7/2 6941/7/2 6956/7/2
f 6943/6/2 6944/6/2 6959/6/2
f 6942/6/2 6943/6/2 6959/6/2
f 6959/6/2 6944/6/2 6960/6/2
f 6960/6/2 6944/6/2 6961/6/2
f 6948/6/2 6949/6/2 6962/6/2
f 6947/6/2 6948/6/2 6962/6/2
f 6962/6/2 6949/6/2 6963/6/2
f 6963/6/2 6949/6/2 6964/6/2
f 6950/7/2 6951/7/2 6967/7/2
f 6967/7/2 6951/7/2 6968/7/2
f 6968/7/2 6951/7/2 6969/7/2
f 6952/6/2 6953/6/2 6970/6/2
f 6970/6/2 6953/6/2 6971/6/2
f 6956/7/2 6957/7/2 6972/7/2
f 6955/7/2 6956/7/2 6972/7/2
f 6972/7/2 6957/7/2 6973/7/2
f 6973/7/2 6957/7/2 6974/7/2
f 6959/6/2 6960/6/2 6975/6/2
f 6958/6/2 6959/6/2 6975/6/2
f 6975/6/2 6960/6/2 6976/6/2
f 6976/6/2 6960/6/2 6977/6/2
f 6964/6/2 6965/6/2 6978/6/2
f 6963/6/2 6964/6/2 6978/6/2
f 6978/6/2 6965/6/2 6979/6/2
f 6979/6/2 6965/6/2 6980/6/2
f 6967/7/2 6968/7/2 6982/7/2
f 6966/7/2 6967/7/2 6982/7/2
f 6982/7/2 6968/7/2 6983/7/2
f 6983/7/2 6968/7/2 6984/7/2
f 6973/7/2 6974/7/2 6985/7/2
f 6975/6/2 6976/6/2 6986/6/2
f 6985/7/2 6974/7/2 6986/7/2
f 6974/6/2 6975/6/2 6986/6/2
f 6986/6/2 6976/6/2 6987/6/2
f 6987/6/2 6976/6/2 6988/6/2
f 6980/6/2 6981/6/2 6989/6/2
f 6979/6/2 6980/6/2 6989/6/2
f 6989/6/2 6981/6/2 6990/6/2
f 6982/7/2 6983/7/2 6991/7/2
f 6981/7/2 6982/7/2 6991/7/2
f 6991/7/2 6983/7/2 6992/7/2
f 6986/6/2 6987/6/2 6993/6/2
f 6993/6/2 6987/6/2 6994/6/2
f 6990/6/2 6981/6/2 6995/6/2
f 6981/7/2 6991/7/2 6996/7/2
f 6995/6/2 6981/6/2 6996/6/2
f 6996/7/2 6991/7/2 6997/7/2
f 6998/6/2 6999/6/2 7000/6/2
f 7000/6/2 6999/6/2 7001/6/2
f 7002/6/2 7003/6/2 7004/6/2
f 7004/6/2 7003/6/2 7005/6/2
f 7006/6/2 7007/6/2 7008/6/2
f 7008/6/2 7007/6/2 7009/6/2
f 7010/6/2 7011/6/2 7012/6/2
f 7012/6/2 7011/6/2 7013/6/2
f 7014/6/2 7015/6/2 7016/6/2
f 7016/6/2 7015/6/2 7017/6/2
f 7018/9/2 7019/9/2 7022/9/2
f 7022/9/2 7019/9/2 7023/9/2
f 7020/9/2 7021/9/2 7025/9/2
f 7025/9/2 7021/9/2 7026/9/2
f 7024/9/2 7025/9/2 7027/9/2
f 7027/9/2 7025/9/2 7028/9/2
f 7028/9/2 7029/9/2 7030/9/2
f 7030/9/2 7029/9/2 7031/9/2
f 7032/6/2 7033/6/2 7034/6/2
f 7034/6/2 7033/6/2 7035/6/2
f 7036/2/2 7037/2/2 7038/2/2
f 7038/2/2 7037/2/2 7039/2/2
f 7040/6/2 7041/6/2 7054/6/2
f 7054/6/2 7041/6/2 7055/6/2
f 7042/6/2 7043/6/2 7056/6/2
f 7056/6/2 7043/6/2 7057/6/2
f 7044/6/2 7045/6/2 7058/6/2
f 7058/6/2 7045/6/2 7059/6/2
f 7046/6/2 7047/6/2 7060/6/2
f 7060/6/2 7047/6/2 7061/6/2
f 7048/6/2 7049/6/2 7062/6/2
f 7062/6/2 7049/6/2 7063/6/2
f 7050/6/2 7051/6/2 7064/6/2
f 7064/6/2 7051/6/2 7065/6/2
f 7052/6/2 7053/6/2 7066/6/2
f 7066/6/2 7053/6/2 7067/6/2
f 7068/1/2 7069/1/2 7076/1/2
f 7076/1/2 7069/1/2 7077/1/2
f 7070/6/2 7071/6/2 7078/6/2
f 7078/6/2 7071/6/2 7079/6/2
f 7072/6/2 7073/6/2 7080/6/2
f 7080/6/2 7073/6/2 7081/6/2
f 7074/6/2 7075/6/2 7082/6/2
f 7082/6/2 7075/6/2 7083/6/2
f 7084/6/2 7085/6/2 7092/6/2
f 7092/6/2 7085/6/2 7093/6/2
f 7086/6/2 7087/6/2 7094/6/2
f 7094/6/2 7087/6/2 7095/6/2
f 7088/6/2 7089/6/2 7096/6/2
f 7096/6/2 7089/6/2 7097/6/2
f 7090/6/2 7091/6/2 7098/6/2
f 7098/6/2 7091/6/2 7099/6/2
f 7100/6/2 7101/6/2 7106/6/2
f 7106/6/2 7101/6/2 7107/6/2
f 7102/6/2 7103/6/2 7108/6/2
f 7108/6/2 7103/6/2 7109/6/2
f 7104/6/2 7105/6/2 7110/6/2
f 7110/6/2 7105/6/2 7111/6/2
f 7112/9/2 7113/9/2 7116/9/2
f 7116/9/2 7113/9/2 7117/9/2
f 7114/9/2 7115/9/2 7119/9/2
f 7119/9/2 7115/9/2 7120/9/2
f 7118/9/2 7119/9/2 7121/9/2
f 7121/9/2 7119/9/2 7122/9/2
f 7122/9/2 7123/9/2 7124/9/2
f 7124/9/2 7123/9/2 7125/9/2
f 7126/6/2 7127/6/2 7128/6/2
f 7128/6/2 7127/6/2 7129/6/2
f 7130/2/2 7131/2/2 7134/2/2
f 7134/2/2 7131/2/2 7135/2/2
f 7132/6/2 7133/6/2 7136/6/2
f 7136/6/2 7133/6/2 7137/6/2
f 7138/6/2 7139/6/2 7146/6/2
f 7146/6/2 7139/6/2 7147/6/2
f 7140/6/2 7141/6/2 7148/6/2
f 7148/6/2 7141/6/2 7149/6/2
f 7142/6/2 7143/6/2 7150/6/2
f 7150/6/2 7143/6/2 7151/6/2
f 7144/6/2 7145/6/2 7152/6/2
f 7152/6/2 7145/6/2 7153/6/2
f 7154/6/2 7155/6/2 7158/6/2
f 7158/6/2 7155/6/2 7159/6/2
f 7156/1/2 7157/1/2 7160/1/2
f 7160/1/2 7157/1/2 7161/1/2
f 7162/6/2 7163/6/2 7166/6/2
f 7166/6/2 7163/6/2 7167/6/2
f 7164/6/2 7165/6/2 7168/6/2
f 7168/6/2 7165/6/2 7169/6/2
f 7170/6/2 7171/6/2 7172/6/2
f 7172/6/2 7171/6/2 7173/6/2
f 7174/6/2 7175/6/2 7178/6/2
f 7178/6/2 7175/6/2 7179/6/2
f 7176/6/2 7177/6/2 7180/6/2
f 7180/6/2 7177/6/2 7181/6/2
f 7182/6/2 7183/6/2 7184/6/2
f 7184/6/2 7183/6/2 7185/6/2
f 7186/6/2 7187/6/2 7190/6/2
f 7190/6/2 7187/6/2 7191/6/2
f 7188/6/2 7189/6/2 7192/6/2
f 7192/6/2 7189/6/2 7193/6/2
f 7194/9/2 7195/9/2 7198/9/2
f 7198/9/2 7195/9/2 7199/9/2
f 7196/9/2 7197/9/2 7201/9/2
f 7201/9/2 7197/9/2 7202/9/2
f 7200/9/2 7201/9/2 7203/9/2
f 7203/9/2 7201/9/2 7204/9/2
f 7204/9/2 7205/9/2 7206/9/2
f 7206/9/2 7205/9/2 7207/9/2
f 7208/6/2 7209/6/2 7212/6/2
f 7212/6/2 7209/6/2 7213/6/2
f 7210/6/2 7211/6/2 7220/6/2
f 7220/6/2 7211/6/2 7221/6/2
f 7214/6/2 7215/6/2 7222/6/2
f 7222/6/2 7215/6/2 7223/6/2
f 7216/6/2 7217/6/2 7224/6/2
f 7224/6/2 7217/6/2 7225/6/2
f 7218/6/2 7219/6/2 7226/6/2
f 7226/6/2 7219/6/2 7227/6/2
f 7228/2/2 7229/2/2 7230/2/2
f 7230/2/2 7229/2/2 7231/2/2
f 7232/3/2 7233/3/2 7234/3/2
f 7234/3/2 7233/3/2 7235/3/2
f 7236/1/2 7237/1/2 7243/1/2
f 7243/1/2 7237/1/2 7244/1/2
f 7238/6/2 7239/6/2 7245/6/2
f 7245/6/2 7239/6/2 7246/6/2
f 7240/6/2 7241/6/2 7247/6/2
f 7247/6/2 7241/6/2 7248/6/2
f 7242/1/2 7243/1/2 7249/1/2
f 7249/1/2 7243/1/2 7250/1/2
f 7250/1/2 7251/1/2 7252/1/2
f 7252/1/2 7251/1/2 7253/1/2
f 7254/6/2 7255/6/2 7260/6/2
f 7260/6/2 7255/6/2 7261/6/2
f 7256/6/2 7257/6/2 7262/6/2
f 7262/6/2 7257/6/2 7263/6/2
f 7264/1/2 7265/1/2 7266/1/2
f 7266/1/2 7265/1/2 7267/1/2
f 7258/1/2 7259/1/2 7268/1/2
f 7267/1/2 7268/1/2 7269/1/2
f 7268/1/2 7259/1/2 7270/1/2
f 7269/1/2 7268/1/2 7270/1/2
f 7271/6/2 7272/6/2 7275/6/2
f 7275/6/2 7272/6/2 7276/6/2
f 7273/6/2 7274/6/2 7277/6/2
f 7277/6/2 7274/6/2 7278/6/2
f 7279/9/2 7280/9/2 7283/9/2
f 7283/9/2 7280/9/2 7284/9/2
f 7281/9/2 7282/9/2 7286/9/2
f 7286/9/2 7282/9/2 7287/9/2
f 7285/9/2 7286/9/2 7288/9/2
f 7288/9/2 7286/9/2 7289/9/2
f 7289/9/2 7290/9/2 7291/9/2
f 7291/9/2 7290/9/2 7292/9/2
f 7293/6/2 7294/6/2 7295/6/2
f 7295/6/2 7294/6/2 7296/6/2
f 7297/6/2 7298/6/2 7299/6/2
f 7299/6/2 7298/6/2 7300/6/2
f 7301/7/2 7302/7/2 7303/7/2
f 7303/7/2 7302/7/2 7304/7/2
f 7305/1/2 7306/1/2 7307/1/2
f 7307/1/2 7306/1/2 7308/1/2
f 7309/1/2 7310/1/2 7311/1/2
f 7311/1/2 7310/1/2 7312/1/2
f 7312/1/2 7310/1/2 7313/1/2
f 7313/1/2 7310/1/2 7314/1/2
f 7315/9/2 7316/9/2 7319/9/2
f 7319/9/2 7316/9/2 7320/9/2
f 7317/9/2 7318/9/2 7322/9/2
f 7322/9/2 7318/9/2 7323/9/2
f 7321/9/2 7322/9/2 7324/9/2
f 7324/9/2 7322/9/2 7325/9/2
f 7325/9/2 7326/9/2 7327/9/2
f 7327/9/2 7326/9/2 7328/9/2
f 7329/2/2 7330/2/2 7333/2/2
f 7333/2/2 7330/2/2 7334/2/2
f 7331/6/2 7332/6/2 7336/6/2
f 7336/6/2 7332/6/2 7337/6/2
f 7335/6/2 7336/6/2 7340/6/2
f 7337/6/2 7338/6/2 7341/6/2
f 7339/6/2 7340/6/2 7346/6/2
f 7340/6/2 7336/6/2 7347/6/2
f 7346/6/2 7340/6/2 7347/6/2
f 7347/6/2 7336/6/2 7348/6/2
f 7337/6/2 7341/6/2 7349/6/2
f 7341/6/2 7342/6/2 7349/6/2
f 7349/6/2 7342/6/2 7350/6/2
f 7350/6/2 7342/6/2 7351/6/2
f 7343/2/2 7344/2/2 7353/2/2
f 7353/2/2 7344/2/2 7354/2/2
f 7345/6/2 7346/6/2 7358/6/2
f 7346/6/2 7347/6/2 7358/6/2
f 7358/6/2 7347/6/2 7359/6/2
f 7359/6/2 7347/6/2 7360/6/2
f 7348/6/2 7349/6/2 7361/6/2
f 7361/6/2 7349/6/2 7362/6/2
f 7351/6/2 7352/6/2 7363/6/2
f 7350/6/2 7351/6/2 7363/6/2
f 7363/6/2 7352/6/2 7364/6/2
f 7364/6/2 7352/6/2 7365/6/2
f 7355/6/2 7356/6/2 7369/6/2
f 7369/6/2 7356/6/2 7370/6/2
f 7357/6/2 7358/6/2 7374/6/2
f 7358/6/2 7359/6/2 7374/6/2
f 7374/6/2 7359/6/2 7375/6/2
f 7375/6/2 7359/6/2 7376/6/2
f 7361/6/2 7362/6/2 7377/6/2
f 7377/6/2 7362/6/2 7378/6/2
f 7365/6/2 7366/6/2 7379/6/2
f 7364/6/2 7365/6/2 7379/6/2
f 7379/6/2 7366/6/2 7380/6/2
f 7380/6/2 7366/6/2 7381/6/2
f 7367/6/2 7368/6/2 7386/6/2
f 7386/6/2 7368/6/2 7387/6/2
f 7371/7/2 7372/7/2 7388/7/2
f 7388/7/2 7372/7/2 7389/7/2
f 7389/7/2 7372/7/2 7390/7/2
f 7373/6/2 7374/6/2 7393/6/2
f 7374/6/2 7375/6/2 7393/6/2
f 7393/6/2 7375/6/2 7394/6/2
f 7394/6/2 7375/6/2 7395/6/2
f 7381/6/2 7382/6/2 7396/6/2
f 7380/6/2 7381/6/2 7396/6/2
f 7396/6/2 7382/6/2 7397/6/2
f 7397/6/2 7382/6/2 7398/6/2
f 7383/7/2 7384/7/2 7401/7/2
f 7384/1/2 7385/1/2 7402/1/2
f 7401/7/2 7384/7/2 7402/7/2
f 7402/1/2 7385/1/2 7403/1/2
f 7389/1/2 7390/1/2 7404/1/2
f 7390/7/2 7391/7/2 7405/7/2
f 7404/1/2 7390/1/2 7405/1/2
f 7405/7/2 7391/7/2 7406/7/2
f 7393/6/2 7394/6/2 7407/6/2
f 7392/6/2 7393/6/2 7407/6/2
f 7407/6/2 7394/6/2 7408/6/2
f 7408/6/2 7394/6/2 7409/6/2
f 7398/6/2 7399/6/2 7410/6/2
f 7397/6/2 7398/6/2 7410/6/2
f 7410/6/2 7399/6/2 7411/6/2
f 7411/6/2 7399/6/2 7412/6/2
f 7400/7/2 7401/7/2 7414/7/2
f 7401/1/2 7402/1/2 7415/1/2
f 7414/7/2 7401/7/2 7415/7/2
f 7415/1/2 7402/1/2 7416/1/2
f 7405/7/2 7406/7/2 7417/7/2
f 7407/6/2 7408/6/2 7418/6/2
f 7417/7/2 7406/7/2 7418/7/2
f 7406/6/2 7407/6/2 7418/6/2
f 7418/6/2 7408/6/2 7419/6/2
f 7419/6/2 7408/6/2 7420/6/2
f 7412/6/2 7413/6/2 7421/6/2
f 7411/6/2 7412/6/2 7421/6/2
f 7421/6/2 7413/6/2 7422/6/2
f 7413/7/2 7414/7/2 7423/7/2
f 7422/6/2 7413/6/2 7423/6/2
f 7414/1/2 7415/1/2 7424/1/2
f 7423/7/2 7414/7/2 7424/7/2
f 7424/1/2 7415/1/2 7425/1/2
f 7418/6/2 7419/6/2 7426/6/2
f 7426/6/2 7419/6/2 7427/6/2
f 7377/6/2 7378/6/2 7429/6/2
f 7429/6/2 7378/6/2 7430/6/2
f 7422/6/2 7423/6/2 7432/6/2
f 7423/1/2 7424/1/2 7433/1/2
f 7432/6/2 7423/6/2 7433/6/2
f 7433/1/2 7424/1/2 7434/1/2
f 7428/6/2 7429/6/2 7438/6/2
f 7430/6/2 7431/6/2 7439/6/2
f 7435/2/2 7436/2/2 7441/2/2
f 7441/2/2 7436/2/2 7442/2/2
f 7437/6/2 7438/6/2 7444/6/2
f 7438/6/2 7429/6/2 7445/6/2
f 7444/6/2 7438/6/2 7445/6/2
f 7445/6/2 7429/6/2 7446/6/2
f 7439/6/2 7440/6/2 7447/6/2
f 7430/6/2 7439/6/2 7447/6/2
f 7447/6/2 7440/6/2 7448/6/2
f 7448/6/2 7440/6/2 7449/6/2
f 7443/6/2 7444/6/2 7452/6/2
f 7444/6/2 7445/6/2 7452/6/2
f 7452/6/2 7445/6/2 7453/6/2
f 7453/6/2 7445/6/2 7454/6/2
f 7446/6/2 7447/6/2 7455/6/2
f 7455/6/2 7447/6/2 7456/6/2
f 7449/6/2 7450/6/2 7457/6/2
f 7448/6/2 7449/6/2 7457/6/2
f 7457/6/2 7450/6/2 7458/6/2
f 7458/6/2 7450/6/2 7459/6/2
f 7451/6/2 7452/6/2 7465/6/2
f 7452/6/2 7453/6/2 7465/6/2
f 7465/6/2 7453/6/2 7466/6/2
f 7466/6/2 7453/6/2 7467/6/2
f 7455/6/2 7456/6/2 7468/6/2
f 7468/6/2 7456/6/2 7469/6/2
f 7459/6/2 7460/6/2 7470/6/2
f 7458/6/2 7459/6/2 7470/6/2
f 7470/6/2 7460/6/2 7471/6/2
f 7471/6/2 7460/6/2 7472/6/2
f 7461/1/2 7462/1/2 7476/1/2
f 7462/7/2 7463/7/2 7477/7/2
f 7476/1/2 7462/1/2 7477/1/2
f 7477/7/2 7463/7/2 7478/7/2
f 7465/6/2 7466/6/2 7481/6/2
f 7464/6/2 7465/6/2 7481/6/2
f 7481/6/2 7466/6/2 7482/6/2
f 7482/6/2 7466/6/2 7483/6/2
f 7471/6/2 7472/6/2 7484/6/2
f 7472/6/2 7473/6/2 7484/6/2
f 7484/6/2 7473/6/2 7485/6/2
f 7485/6/2 7473/6/2 7486/6/2
f 7474/7/2 7475/7/2 7489/7/2
f 7489/7/2 7475/7/2 7490/7/2
f 7490/7/2 7475/7/2 7491/7/2
f 7477/7/2 7478/7/2 7492/7/2
f 7478/1/2 7479/1/2 7493/1/2
f 7492/7/2 7478/7/2 7493/7/2
f 7493/1/2 7479/1/2 7494/1/2
f 7481/6/2 7482/6/2 7495/6/2
f 7480/6/2 7481/6/2 7495/6/2
f 7495/6/2 7482/6/2 7496/6/2
f 7496/6/2 7482/6/2 7497/6/2
f 7486/6/2 7487/6/2 7498/6/2
f 7485/6/2 7486/6/2 7498/6/2
f 7498/6/2 7487/6/2 7499/6/2
f 7499/6/2 7487/6/2 7500/6/2
f 7488/7/2 7489/7/2 7502/7/2
f 7489/1/2 7490/1/2 7503/1/2
f 7502/7/2 7489/7/2 7503/7/2
f 7503/1/2 7490/1/2 7504/1/2
f 7493/1/2 7494/1/2 7507/1/2
f 7495/6/2 7496/6/2 7508/6/2
f 7507/1/2 7494/1/2 7508/1/2
f 7494/6/2 7495/6/2 7508/6/2
f 7508/6/2 7496/6/2 7509/6/2
f 7509/6/2 7496/6/2 7510/6/2
f 7500/6/2 7501/6/2 7511/6/2
f 7499/6/2 7500/6/2 7511/6/2
f 7511/6/2 7501/6/2 7512/6/2
f 7501/7/2 7502/7/2 7513/7/2
f 7512/6/2 7501/6/2 7513/6/2
f 7502/1/2 7503/1/2 7514/1/2
f 7513/7/2 7502/7/2 7514/7/2
f 7514/1/2 7503/1/2 7515/1/2
f 7505/2/2 7506/2/2 7516/2/2
f 7516/2/2 7506/2/2 7517/2/2
f 7508/6/2 7509/6/2 7518/6/2
f 7518/6/2 7509/6/2 7519/6/2
f 7512/6/2 7513/6/2 7520/6/2
f 7513/1/2 7514/1/2 7521/1/2
f 7520/6/2 7513/6/2 7521/6/2
f 7521/1/2 7514/1/2 7522/1/2
f 7468/6/2 7469/6/2 7524/6/2
f 7524/6/2 7469/6/2 7525/6/2
f 7523/6/2 7524/6/2 7528/6/2
f 7525/6/2 7526/6/2 7529/6/2
f 7527/6/2 7528/6/2 7532/6/2
f 7528/6/2 7524/6/2 7533/6/2
f 7532/6/2 7528/6/2 7533/6/2
f 7533/6/2 7524/6/2 7534/6/2
f 7529/6/2 7530/6/2 7535/6/2
f 7525/6/2 7529/6/2 7535/6/2
f 7535/6/2 7530/6/2 7536/6/2
f 7536/6/2 7530/6/2 7537/6/2
f 7531/6/2 7532/6/2 7540/6/2
f 7532/6/2 7533/6/2 7540/6/2
f 7540/6/2 7533/6/2 7541/6/2
f 7541/6/2 7533/6/2 7542/6/2
f 7534/6/2 7535/6/2 7543/6/2
f 7543/6/2 7535/6/2 7544/6/2
f 7537/6/2 7538/6/2 7545/6/2
f 7536/6/2 7537/6/2 7545/6/2
f 7545/6/2 7538/6/2 7546/6/2
f 7546/6/2 7538/6/2 7547/6/2
f 7539/6/2 7540/6/2 7552/6/2
f 7540/6/2 7541/6/2 7552/6/2
f 7552/6/2 7541/6/2 7553/6/2
f 7553/6/2 7541/6/2 7554/6/2
f 7543/6/2 7544/6/2 7555/6/2
f 7555/6/2 7544/6/2 7556/6/2
f 7547/6/2 7548/6/2 7557/6/2
f 7546/6/2 7547/6/2 7557/6/2
f 7557/6/2 7548/6/2 7558/6/2
f 7558/6/2 7548/6/2 7559/6/2
f 7549/7/2 7550/7/2 7564/7/2
f 7564/7/2 7550/7/2 7565/7/2
f 7565/7/2 7550/7/2 7566/7/2
f 7551/6/2 7552/6/2 7569/6/2
f 7552/6/2 7553/6/2 7569/6/2
f 7569/6/2 7553/6/2 7570/6/2
f 7570/6/2 7553/6/2 7571/6/2
f 7558/6/2 7559/6/2 7572/6/2
f 7559/6/2 7560/6/2 7572/6/2
f 7572/6/2 7560/6/2 7573/6/2
f 7573/6/2 7560/6/2 7574/6/2
f 7561/7/2 7562/7/2 7577/7/2
f 7562/1/2 7563/1/2 7578/1/2
f 7577/7/2 7562/7/2 7578/7/2
f 7578/1/2 7563/1/2 7579/1/2
f 7565/1/2 7566/1/2 7580/1/2
f 7566/7/2 7567/7/2 7581/7/2
f 7580/1/2 7566/1/2 7581/1/2
f 7581/7/2 7567/7/2 7582/7/2
f 7569/6/2 7570/6/2 7583/6/2
f 7568/6/2 7569/6/2 7583/6/2
f 7583/6/2 7570/6/2 7584/6/2
f 7584/6/2 7570/6/2 7585/6/2
f 7574/6/2 7575/6/2 7586/6/2
f 7573/6/2 7574/6/2 7586/6/2
f 7586/6/2 7575/6/2 7587/6/2
f 7587/6/2 7575/6/2 7588/6/2
f 7576/7/2 7577/7/2 7590/7/2
f 7577/7/2 7578/7/2 7590/7/2
f 7590/7/2 7578/7/2 7591/7/2
f 7591/7/2 7578/7/2 7592/7/2
f 7581/7/2 7582/7/2 7593/7/2
f 7583/6/2 7584/6/2 7594/6/2
f 7593/7/2 7582/7/2 7594/7/2
f 7582/6/2 7583/6/2 7594/6/2
f 7594/6/2 7584/6/2 7595/6/2
f 7595/6/2 7584/6/2 7596/6/2
f 7588/6/2 7589/6/2 7597/6/2
f 7587/6/2 7588/6/2 7597/6/2
f 7597/6/2 7589/6/2 7598/6/2
f 7589/7/2 7590/7/2 7599/7/2
f 7598/6/2 7589/6/2 7599/6/2
f 7590/1/2 7591/1/2 7600/1/2
f 7599/7/2 7590/7/2 7600/7/2
f 7600/1/2 7591/1/2 7601/1/2
f 7594/6/2 7595/6/2 7602/6/2
f 7602/6/2 7595/6/2 7603/6/2
f 7598/6/2 7599/6/2 7604/6/2
f 7599/1/2 7600/1/2 7605/1/2
f 7604/6/2 7599/6/2 7605/6/2
f 7605/1/2 7600/1/2 7606/1/2
f 7555/6/2 7556/6/2 7608/6/2
f 7608/6/2 7556/6/2 7609/6/2
f 7607/6/2 7608/6/2 7612/6/2
f 7609/6/2 7610/6/2 7613/6/2
f 7611/6/2 7612/6/2 7616/6/2
f 7612/6/2 7608/6/2 7617/6/2
f 7616/6/2 7612/6/2 7617/6/2
f 7617/6/2 7608/6/2 7618/6/2
f 7613/6/2 7614/6/2 7619/6/2
f 7609/6/2 7613/6/2 7619/6/2
f 7619/6/2 7614/6/2 7620/6/2
f 7620/6/2 7614/6/2 7621/6/2
f 7615/6/2 7616/6/2 7624/6/2
f 7616/6/2 7617/6/2 7624/6/2
f 7624/6/2 7617/6/2 7625/6/2
f 7625/6/2 7617/6/2 7626/6/2
f 7618/6/2 7619/6/2 7627/6/2
f 7627/6/2 7619/6/2 7628/6/2
f 7621/6/2 7622/6/2 7629/6/2
f 7620/6/2 7621/6/2 7629/6/2
f 7629/6/2 7622/6/2 7630/6/2
f 7630/6/2 7622/6/2 7631/6/2
f 7623/6/2 7624/6/2 7636/6/2
f 7624/6/2 7625/6/2 7636/6/2
f 7636/6/2 7625/6/2 7637/6/2
f 7637/6/2 7625/6/2 7638/6/2
f 7627/6/2 7628/6/2 7639/6/2
f 7639/6/2 7628/6/2 7640/6/2
f 7631/6/2 7632/6/2 7641/6/2
f 7630/6/2 7631/6/2 7641/6/2
f 7641/6/2 7632/6/2 7642/6/2
f 7642/6/2 7632/6/2 7643/6/2
f 7633/7/2 7634/7/2 7647/7/2
f 7647/7/2 7634/7/2 7648/7/2
f 7648/7/2 7634/7/2 7649/7/2
f 7636/6/2 7637/6/2 7652/6/2
f 7635/6/2 7636/6/2 7652/6/2
f 7652/6/2 7637/6/2 7653/6/2
f 7653/6/2 7637/6/2 7654/6/2
f 7642/6/2 7643/6/2 7655/6/2
f 7643/6/2 7644/6/2 7655/6/2
f 7655/6/2 7644/6/2 7656/6/2
f 7656/6/2 7644/6/2 7657/6/2
f 7645/7/2 7646/7/2 7660/7/2
f 7660/7/2 7646/7/2 7661/7/2
f 7661/7/2 7646/7/2 7662/7/2
f 7648/1/2 7649/1/2 7663/1/2
f 7649/7/2 7650/7/2 7664/7/2
f 7663/1/2 7649/1/2 7664/1/2
f 7664/7/2 7650/7/2 7665/7/2
f 7652/6/2 7653/6/2 7666/6/2
f 7651/6/2 7652/6/2 7666/6/2
f 7666/6/2 7653/6/2 7667/6/2
f 7667/6/2 7653/6/2 7668/6/2
f 7657/6/2 7658/6/2 7669/6/2
f 7656/6/2 7657/6/2 7669/6/2
f 7669/6/2 7658/6/2 7670/6/2
f 7670/6/2 7658/6/2 7671/6/2
f 7659/7/2 7660/7/2 7673/7/2
f 7660/1/2 7661/1/2 7674/1/2
f 7673/7/2 7660/7/2 7674/7/2
f 7674/1/2 7661/1/2 7675/1/2
f 7664/7/2 7665/7/2 7676/7/2
f 7666/6/2 7667/6/2 7677/6/2
f 7676/7/2 7665/7/2 7677/7/2
f 7665/6/2 7666/6/2 7677/6/2
f 7677/6/2 7667/6/2 7678/6/2
f 7678/6/2 7667/6/2 7679/6/2
f 7671/6/2 7672/6/2 7680/6/2
f 7670/6/2 7671/6/2 7680/6/2
f 7680/6/2 7672/6/2 7681/6/2
f 7673/7/2 7674/7/2 7682/7/2
f 7672/7/2 7673/7/2 7682/7/2
f 7682/7/2 7674/7/2 7683/7/2
f 7677/6/2 7678/6/2 7684/6/2
f 7684/6/2 7678/6/2 7685/6/2
f 7681/6/2 7672/6/2 7686/6/2
f 7672/7/2 7682/7/2 7687/7/2
f 7686/6/2 7672/6/2 7687/6/2
f 7687/7/2 7682/7/2 7688/7/2
f 7689/9/2 7690/9/2 7693/9/2
f 7693/9/2 7690/9/2 7694/9/2
f 7691/9/2 7692/9/2 7696/9/2
f 7696/9/2 7692/9/2 7697/9/2
f 7695/9/2 7696/9/2 7698/9/2
f 7698/9/2 7696/9/2 7699/9/2
f 7699/9/2 7700/9/2 7701/9/2
f 7701/9/2 7700/9/2 7702/9/2
f 7703/6/2 7704/6/2 7705/6/2
f 7705/6/2 7704/6/2 7706/6/2
f 7707/6/2 7708/6/2 7709/6/2
f 7709/6/2 7708/6/2 7710/6/2
f 7711/6/2 7712/6/2 7713/6/2
f 7713/6/2 7712/6/2 7714/6/2
f 7715/6/2 7716/6/2 7719/6/2
f 7719/6/2 7716/6/2 7720/6/2
f 7717/6/2 7718/6/2 7721/6/2
f 7721/6/2 7718/6/2 7722/6/2
f 7723/6/2 7724/6/2 7725/6/2
f 7725/6/2 7724/6/2 7726/6/2
f 7727/6/2 7728/6/2 7729/6/2
f 7729/6/2 7728/6/2 7730/6/2
f 7731/6/2 7732/6/2 7735/6/2
f 7735/6/2 7732/6/2 7736/6/2
f 7733/6/2 7734/6/2 7737/6/2
f 7737/6/2 7734/6/2 7738/6/2
f 7739/2/2 7740/2/2 7741/2/2
f 7741/2/2 7740/2/2 7742/2/2
f 7743/6/2 7744/6/2 7745/6/2
f 7745/6/2 7744/6/2 7746/6/2
f 7747/6/2 7748/6/2 7751/6/2
f 7751/6/2 7748/6/2 7752/6/2
f 7749/6/2 7750/6/2 7753/6/2
f 7753/6/2 7750/6/2 7754/6/2
f 7755/6/2 7756/6/2 7757/6/2
f 7757/6/2 7756/6/2 7758/6/2
f 7759/6/2 7760/6/2 7763/6/2
f 7763/6/2 7760/6/2 7764/6/2
f 7761/6/2 7762/6/2 7765/6/2
f 7765/6/2 7762/6/2 7766/6/2
f 7767/9/2 7768/9/2 7771/9/2
f 7771/9/2 7768/9/2 7772/9/2
f 7769/9/2 7770/9/2 7774/9/2
f 7774/9/2 7770/9/2 7775/9/2
f 7773/9/2 7774/9/2 7776/9/2
f 7776/9/2 7774/9/2 7777/9/2
f 7777/9/2 7778/9/2 7779/9/2
f 7779/9/2 7778/9/2 7780/9/2
f 7781/6/2 7782/6/2 7783/6/2
f 7783/6/2 7782/6/2 7784/6/2
f 7785/6/2 7786/6/2 7789/6/2
f 7789/6/2 7786/6/2 7790/6/2
f 7787/6/2 7788/6/2 7791/6/2
f 7791/6/2 7788/6/2 7792/6/2
f 7793/6/2 7794/6/2 7797/6/2
f 7797/6/2 7794/6/2 7798/6/2
f 7795/6/2 7796/6/2 7799/6/2
f 7799/6/2 7796/6/2 7800/6/2
f 7801/3/2 7802/3/2 7805/3/2
f 7805/3/2 7802/3/2 7806/3/2
f 7803/6/2 7804/6/2 7807/6/2
f 7807/6/2 7804/6/2 7808/6/2
f 7809/6/2 7810/6/2 7813/6/2
f 7813/6/2 7810/6/2 7814/6/2
f 7811/6/2 7812/6/2 7815/6/2
f 7815/6/2 7812/6/2 7816/6/2
f 7817/3/2 7818/3/2 7819/3/2
f 7819/3/2 7818/3/2 7820/3/2
f 7821/6/2 7822/6/2 7823/6/2
f 7823/6/2 7822/6/2 7824/6/2
f 7825/6/2 7826/6/2 7829/6/2
f 7829/6/2 7826/6/2 7830/6/2
f 7827/6/2 7828/6/2 7831/6/2
f 7831/6/2 7828/6/2 7832/6/2
f 7833/6/2 7834/6/2 7835/6/2
f 7835/6/2 7834/6/2 7836/6/2
f 7837/6/2 7838/6/2 7841/6/2
f 7841/6/2 7838/6/2 7842/6/2
f 7839/6/2 7840/6/2 7843/6/2
f 7843/6/2 7840/6/2 7844/6/2
f 7845/9/2 7846/9/2 7849/9/2
f 7849/9/2 7846/9/2 7850/9/2
f 7847/9/2 7848/9/2 7852/9/2
f 7852/9/2 7848/9/2 7853/9/2
f 7851/9/2 7852/9/2 7854/9/2
f 7854/9/2 7852/9/2 7855/9/2
f 7855/9/2 7856/9/2 7857/9/2
f 7857/9/2 7856/9/2 7858/9/2
f 7859/2/2 7860/2/2 7864/2/2
f 7864/2/2 7860/2/2 7865/2/2
f 7861/2/2 7862/2/2 7867/2/2
f 7867/2/2 7862/2/2 7868/2/2
f 7863/2/2 7864/2/2 7870/2/2
f 7865/2/2 7866/2/2 7871/2/2
f 7869/2/2 7870/2/2 7875/2/2
f 7870/2/2 7864/2/2 7876/2/2
f 7875/2/2 7870/2/2 7876/2/2
f 7876/2/2 7864/2/2 7877/2/2
f 7865/2/2 7871/2/2 7878/2/2
f 7871/2/2 7872/2/2 7878/2/2
f 7878/2/2 7872/2/2 7879/2/2
f 7879/2/2 7872/2/2 7880/2/2
f 7873/3/2 7874/3/2 7885/3/2
f 7874/2/2 7875/2/2 7886/2/2
f 7875/2/2 7876/2/2 7886/2/2
f 7885/3/2 7874/3/2 7886/3/2
f 7886/2/2 7876/2/2 7887/2/2
f 7879/2/2 7880/2/2 7888/2/2
f 7880/2/2 7881/2/2 7888/2/2
f 7888/2/2 7881/2/2 7889/2/2
f 7882/6/2 7883/6/2 7892/6/2
f 7892/6/2 7883/6/2 7893/6/2
f 7884/3/2 7885/3/2 7896/3/2
f 7885/3/2 7886/3/2 7896/3/2
f 7896/3/2 7886/3/2 7897/3/2
f 7890/6/2 7891/6/2 7900/6/2
f 7900/6/2 7891/6/2 7901/6/2
f 7894/6/2 7895/6/2 7902/6/2
f 7902/6/2 7895/6/2 7903/6/2
f 7898/7/2 7899/7/2 7904/7/2
f 7904/7/2 7899/7/2 7905/7/2
f 7877/2/2 7878/2/2 7907/2/2
f 7907/2/2 7878/2/2 7908/2/2
f 7906/2/2 7907/2/2 7916/2/2
f 7908/2/2 7909/2/2 7917/2/2
f 7910/6/2 7911/6/2 7921/6/2
f 7911/7/2 7912/7/2 7922/7/2
f 7921/6/2 7911/6/2 7922/6/2
f 7922/7/2 7912/7/2 7923/7/2
f 7913/2/2 7914/2/2 7924/2/2
f 7924/2/2 7914/2/2 7925/2/2
f 7925/2/2 7914/2/2 7926/2/2
f 7915/2/2 7916/2/2 7927/2/2
f 7916/2/2 7907/2/2 7928/2/2
f 7927/2/2 7916/2/2 7928/2/2
f 7928/2/2 7907/2/2 7929/2/2
f 7908/2/2 7917/2/2 7930/2/2
f 7917/2/2 7918/2/2 7930/2/2
f 7930/2/2 7918/2/2 7931/2/2
f 7931/2/2 7918/2/2 7932/2/2
f 7919/2/2 7920/2/2 7933/2/2
f 7933/2/2 7920/2/2 7934/2/2
f 7934/2/2 7920/2/2 7935/2/2
f 7925/2/2 7926/2/2 7936/2/2
f 7926/2/2 7927/2/2 7936/2/2
f 7927/2/2 7928/2/2 7936/2/2
f 7936/2/2 7928/2/2 7937/2/2
f 7931/2/2 7932/2/2 7938/2/2
f 7938/2/2 7932/2/2 7939/2/2
f 7933/2/2 7934/2/2 7940/2/2
f 7940/2/2 7934/2/2 7941/2/2
f 7939/3/2 7940/3/2 7944/3/2
f 7944/3/2 7940/3/2 7945/3/2
f 7942/6/2 7943/6/2 7948/6/2
f 7948/6/2 7943/6/2 7949/6/2
f 7946/6/2 7947/6/2 7952/6/2
f 7952/6/2 7947/6/2 7953/6/2
f 7950/6/2 7951/6/2 7954/6/2
f 7954/6/2 7951/6/2 7955/6/2
f 7929/2/2 7930/2/2 7957/2/2
f 7957/2/2 7930/2/2 7958/2/2
f 7956/2/2 7957/2/2 7961/2/2
f 7958/2/2 7959/2/2 7962/2/2
f 7960/2/2 7961/2/2 7965/2/2
f 7961/2/2 7957/2/2 7966/2/2
f 7965/2/2 7961/2/2 7966/2/2
f 7966/2/2 7957/2/2 7967/2/2
f 7962/2/2 7963/2/2 7968/2/2
f 7958/2/2 7962/2/2 7968/2/2
f 7968/2/2 7963/2/2 7969/2/2
f 7969/2/2 7963/2/2 7970/2/2
f 7964/2/2 7965/2/2 7972/2/2
f 7965/2/2 7966/2/2 7972/2/2
f 7972/2/2 7966/2/2 7973/2/2
f 7970/2/2 7971/2/2 7975/2/2
f 7975/2/2 7971/2/2 7976/2/2
f 7974/3/2 7975/3/2 7977/3/2
f 7975/3/2 7976/3/2 7977/3/2
f 7977/3/2 7976/3/2 7978/3/2
f 7979/6/2 7980/6/2 7983/6/2
f 7983/6/2 7980/6/2 7984/6/2
f 7981/6/2 7982/6/2 7987/6/2
f 7987/6/2 7982/6/2 7988/6/2
f 7985/6/2 7986/6/2 7989/6/2
f 7989/6/2 7986/6/2 7990/6/2
f 7991/6/2 7992/6/2 7995/6/2
f 7995/6/2 7992/6/2 7996/6/2
f 7993/6/2 7994/6/2 7999/6/2
f 7999/6/2 7994/6/2 8000/6/2
f 7997/6/2 7998/6/2 8001/6/2
f 8001/6/2 7998/6/2 8002/6/2
f 8003/9/2 8004/9/2 8007/9/2
f 8007/9/2 8004/9/2 8008/9/2
f 8005/9/2 8006/9/2 8010/9/2
f 8010/9/2 8006/9/2 8011/9/2
f 8009/9/2 8010/9/2 8012/9/2
f 8012/9/2 8010/9/2 8013/9/2
f 8013/9/2 8014/9/2 8015/9/2
f 8015/9/2 8014/9/2 8016/9/2
f 8017/6/2 8018/6/2 8026/6/2
f 8026/6/2 8018/6/2 8027/6/2
f 8019/2/2 8020/2/2 8029/2/2
f 8029/2/2 8020/2/2 8030/2/2
f 8021/2/2 8022/2/2 8031/2/2
f 8031/2/2 8022/2/2 8032/2/2
f 8023/2/2 8024/2/2 8033/2/2
f 8033/2/2 8024/2/2 8034/2/2
f 8025/6/2 8026/6/2 8036/6/2
f 8027/6/2 8028/6/2 8037/6/2
f 8035/6/2 8036/6/2 8040/6/2
f 8036/6/2 8026/6/2 8041/6/2
f 8040/6/2 8036/6/2 8041/6/2
f 8041/6/2 8026/6/2 8042/6/2
f 8027/6/2 8037/6/2 8043/6/2
f 8037/6/2 8038/6/2 8043/6/2
f 8043/6/2 8038/6/2 8044/6/2
f 8044/6/2 8038/6/2 8045/6/2
f 8040/6/2 8041/6/2 8049/6/2
f 8039/6/2 8040/6/2 8049/6/2
f 8049/6/2 8041/6/2 8050/6/2
f 8050/6/2 8041/6/2 8051/6/2
f 8045/6/2 8046/6/2 8052/6/2
f 8044/6/2 8045/6/2 8052/6/2
f 8052/6/2 8046/6/2 8053/6/2
f 8053/6/2 8046/6/2 8054/6/2
f 8047/7/2 8048/7/2 8059/7/2
f 8049/6/2 8050/6/2 8060/6/2
f 8059/7/2 8048/7/2 8060/7/2
f 8048/6/2 8049/6/2 8060/6/2
f 8060/6/2 8050/6/2 8061/6/2
f 8053/6/2 8054/6/2 8062/6/2
f 8054/6/2 8055/6/2 8062/6/2
f 8062/6/2 8055/6/2 8063/6/2
f 8055/7/2 8056/7/2 8064/7/2
f 8063/6/2 8055/6/2 8064/6/2
f 8064/7/2 8056/7/2 8065/7/2
f 8057/6/2 8058/6/2 8066/6/2
f 8066/6/2 8058/6/2 8067/6/2
f 8063/7/2 8064/7/2 8068/7/2
f 8068/7/2 8064/7/2 8069/7/2
f 8070/7/2 8071/7/2 8074/7/2
f 8074/7/2 8071/7/2 8075/7/2
f 8072/2/2 8073/2/2 8076/2/2
f 8076/2/2 8073/2/2 8077/2/2
f 8078/3/2 8079/3/2 8080/3/2
f 8080/3/2 8079/3/2 8081/3/2
f 8082/6/2 8083/6/2 8084/6/2
f 8084/6/2 8083/6/2 8085/6/2
f 8086/2/2 8087/2/2 8088/2/2
f 8088/2/2 8087/2/2 8089/2/2
f 8090/3/2 8091/3/2 8092/3/2
f 8092/3/2 8091/3/2 8093/3/2
f 8094/6/2 8095/6/2 8096/6/2
f 8096/6/2 8095/6/2 8097/6/2
f 8098/6/2 8099/6/2 8102/6/2
f 8102/6/2 8099/6/2 8103/6/2
f 8100/4/2 8101/4/2 8104/4/2
f 8104/4/2 8101/4/2 8105/4/2
f 8106/9/2 8107/9/2 8110/9/2
f 8110/9/2 8107/9/2 8111/9/2
f 8108/9/2 8109/9/2 8113/9/2
f 8113/9/2 8109/9/2 8114/9/2
f 8112/9/2 8113/9/2 8115/9/2
f 8115/9/2 8113/9/2 8116/9/2
f 8116/9/2 8117/9/2 8118/9/2
f 8118/9/2 8117/9/2 8119/9/2
f 8120/6/2 8121/6/2 8124/6/2
f 8124/6/2 8121/6/2 8125/6/2
f 8122/6/2 8123/6/2 8128/6/2
f 8128/6/2 8123/6/2 8129/6/2
f 8126/2/2 8127/2/2 8130/2/2
f 8130/2/2 8127/2/2 8131/2/2
f 8132/2/2 8133/2/2 8136/2/2
f 8136/2/2 8133/2/2 8137/2/2
f 8134/3/2 8135/3/2 8138/3/2
f 8138/3/2 8135/3/2 8139/3/2
f 8140/6/2 8141/6/2 8144/6/2
f 8144/6/2 8141/6/2 8145/6/2
f 8142/7/2 8143/7/2 8146/7/2
f 8146/7/2 8143/7/2 8147/7/2
f 8148/2/2 8149/2/2 8150/2/2
f 8150/2/2 8149/2/2 8151/2/2
f 8152/6/2 8153/6/2 8154/6/2
f 8154/6/2 8153/6/2 8155/6/2
f 8156/2/2 8157/2/2 8158/2/2
f 8158/2/2 8157/2/2 8159/2/2
f 8160/2/2 8161/2/2 8162/2/2
f 8162/2/2 8161/2/2 8163/2/2
f 8164/6/2 8165/6/2 8166/6/2
f 8166/6/2 8165/6/2 8167/6/2
f 8168/6/2 8169/6/2 8170/6/2
f 8170/6/2 8169/6/2 8171/6/2
f 8172/2/2 8173/2/2 8174/2/2
f 8172/2/2 8174/2/2 8176/2/2
f 8174/4/2 8175/4/2 8177/4/2
f 8176/2/2 8174/2/2 8177/2/2
f 8177/4/2 8175/4/2 8180/4/2
f 8180/4/2 8175/4/2 8181/4/2
f 8178/4/2 8179/4/2 8182/4/2
f 8182/4/2 8179/4/2 8183/4/2
f 8184/9/2 8185/9/2 8188/9/2
f 8188/9/2 8185/9/2 8189/9/2
f 8186/9/2 8187/9/2 8191/9/2
f 8191/9/2 8187/9/2 8192/9/2
f 8190/9/2 8191/9/2 8193/9/2
f 8193/9/2 8191/9/2 8194/9/2
f 8194/9/2 8195/9/2 8196/9/2
f 8196/9/2 8195/9/2 8197/9/2
f 8198/6/2 8199/6/2 8200/6/2
f 8200/6/2 8199/6/2 8201/6/2
f 8202/6/2 8203/6/2 8208/6/2
f 8208/6/2 8203/6/2 8209/6/2
f 8204/2/2 8205/2/2 8210/2/2
f 8210/2/2 8205/2/2 8211/2/2
f 8206/2/2 8207/2/2 8213/2/2
f 8213/2/2 8207/2/2 8214/2/2
f 8212/3/2 8213/3/2 8215/3/2
f 8215/3/2 8213/3/2 8216/3/2
f 8217/7/2 8218/7/2 8221/7/2
f 8221/7/2 8218/7/2 8222/7/2
f 8219/7/2 8220/7/2 8225/7/2
f 8225/7/2 8220/7/2 8226/7/2
f 8223/6/2 8224/6/2 8227/6/2
f 8227/6/2 8224/6/2 8228/6/2
f 8229/6/2 8230/6/2 8231/6/2
f 8231/6/2 8230/6/2 8232/6/2
f 8233/2/2 8234/2/2 8235/2/2
f 8235/2/2 8234/2/2 8236/2/2
f 8237/2/2 8238/2/2 8239/2/2
f 8239/2/2 8238/2/2 8240/2/2
f 8241/6/2 8242/6/2 8243/6/2
f 8243/6/2 8242/6/2 8244/6/2
f 8245/6/2 8246/6/2 8247/6/2
f 8247/6/2 8246/6/2 8248/6/2
f 8249/2/2 8250/2/2 8251/2/2
f 8251/2/2 8250/2/2 8252/2/2
f 8253/9/2 8254/9/2 8257/9/2
f 8257/9/2 8254/9/2 8258/9/2
f 8255/9/2 8256/9/2 8260/9/2
f 8260/9/2 8256/9/2 8261/9/2
f 8259/9/2 8260/9/2 8262/9/2
f 8262/9/2 8260/9/2 8263/9/2
f 8263/9/2 8264/9/2 8265/9/2
f 8265/9/2 8264/9/2 8266/9/2
f 8267/6/2 8268/6/2 8269/6/2
f 8269/6/2 8268/6/2 8270/6/2
f 8271/3/2 8272/3/2 8275/3/2
f 8275/3/2 8272/3/2 8276/3/2
f 8273/6/2 8274/6/2 8277/6/2
f 8277/6/2 8274/6/2 8278/6/2
f 8279/7/2 8280/7/2 8281/7/2
f 8281/7/2 8280/7/2 8282/7/2
f 8282/7/2 8280/7/2 8283/7/2
f 8284/2/2 8285/2/2 8286/2/2
f 8286/2/2 8285/2/2 8287/2/2
f 8288/2/2 8289/2/2 8290/2/2
f 8290/2/2 8289/2/2 8291/2/2
f 8292/9/2 8293/9/2 8296/9/2
f 8296/9/2 8293/9/2 8297/9/2
f 8294/9/2 8295/9/2 8299/9/2
f 8299/9/2 8295/9/2 8300/9/2
f 8298/9/2 8299/9/2 8301/9/2
f 8301/9/2 8299/9/2 8302/9/2
f 8302/9/2 8303/9/2 8304/9/2
f 8304/9/2 8303/9/2 8305/9/2
f 8306/2/2 8307/2/2 8313/2/2
f 8313/2/2 8307/2/2 8314/2/2
f 8308/6/2 8309/6/2 8316/6/2
f 8316/6/2 8309/6/2 8317/6/2
f 8310/6/2 8311/6/2 8318/6/2
f 8318/6/2 8311/6/2 8319/6/2
f 8312/2/2 8313/2/2 8323/2/2
f 8314/2/2 8315/2/2 8324/2/2
f 8322/2/2 8323/2/2 8327/2/2
f 8323/2/2 8313/2/2 8328/2/2
f 8327/2/2 8323/2/2 8328/2/2
f 8328/2/2 8313/2/2 8329/2/2
f 8324/2/2 8325/2/2 8330/2/2
f 8314/2/2 8324/2/2 8330/2/2
f 8330/2/2 8325/2/2 8331/2/2
f 8331/2/2 8325/2/2 8332/2/2
f 8326/2/2 8327/2/2 8336/2/2
f 8327/2/2 8328/2/2 8336/2/2
f 8336/2/2 8328/2/2 8337/2/2
f 8332/2/2 8333/2/2 8338/2/2
f 8331/2/2 8332/2/2 8338/2/2
f 8338/2/2 8333/2/2 8339/2/2
f 8334/6/2 8335/6/2 8340/6/2
f 8340/6/2 8335/6/2 8341/6/2
f 8340/7/2 8341/7/2 8343/7/2
f 8341/7/2 8342/7/2 8343/7/2
f 8343/7/2 8342/7/2 8344/7/2
f 8345/3/2 8346/3/2 8351/3/2
f 8351/3/2 8346/3/2 8352/3/2
f 8347/6/2 8348/6/2 8353/6/2
f 8348/7/2 8349/7/2 8354/7/2
f 8353/6/2 8348/6/2 8354/6/2
f 8354/7/2 8349/7/2 8355/7/2
f 8351/2/2 8352/2/2 8356/2/2
f 8350/2/2 8351/2/2 8356/2/2
f 8356/2/2 8352/2/2 8357/2/2
f 8320/2/2 8321/2/2 8358/2/2
f 8358/2/2 8321/2/2 8359/2/2
f 8360/6/2 8361/6/2 8363/6/2
f 8361/1/2 8362/1/2 8364/1/2
f 8363/6/2 8361/6/2 8364/6/2
f 8364/1/2 8362/1/2 8365/1/2
f 8366/4/2 8367/4/2 8370/4/2
f 8370/4/2 8367/4/2 8371/4/2
f 8368/4/2 8369/4/2 8372/4/2
f 8372/4/2 8369/4/2 8373/4/2
f 8374/2/2 8375/2/2 8376/2/2
f 8377/4/2 8378/4/2 8379/4/2
f 8379/4/2 8378/4/2 8380/4/2
f 8381/6/2 8382/6/2 8384/6/2
f 8382/7/2 8383/7/2 8385/7/2
f 8384/6/2 8382/6/2 8385/6/2
f 8385/7/2 8383/7/2 8386/7/2
f 8376/2/2 8375/2/2 8389/2/2
f 8389/2/2 8375/2/2 8390/2/2
f 8391/4/2 8392/4/2 8393/4/2
f 8387/4/2 8388/4/2 8394/4/2
f 8391/4/2 8393/4/2 8395/4/2
f 8395/4/2 8393/4/2 8396/4/2
f 8387/4/2 8394/4/2 8400/4/2
f 8400/4/2 8394/4/2 8401/4/2
f 8397/6/2 8398/6/2 8402/6/2
f 8398/7/2 8399/7/2 8403/7/2
f 8402/6/2 8398/6/2 8403/6/2
f 8403/7/2 8399/7/2 8404/7/2
f 8405/4/2 8406/4/2 8407/4/2
f 8407/4/2 8406/4/2 8408/4/2
f 8409/9/2 8410/9/2 8413/9/2
f 8413/9/2 8410/9/2 8414/9/2
f 8411/9/2 8412/9/2 8416/9/2
f 8416/9/2 8412/9/2 8417/9/2
f 8415/9/2 8416/9/2 8418/9/2
f 8418/9/2 8416/9/2 8419/9/2
f 8419/9/2 8420/9/2 8421/9/2
f 8421/9/2 8420/9/2 8422/9/2
f 8425/6/2 8426/6/2 8429/6/2
f 8429/6/2 8426/6/2 8430/6/2
f 8423/2/2 8424/2/2 8431/2/2
f 8431/2/2 8424/2/2 8432/2/2
f 8427/2/2 8428/2/2 8433/2/2
f 8433/2/2 8428/2/2 8434/2/2
f 8435/7/2 8436/7/2 8437/7/2
f 8437/7/2 8436/7/2 8438/7/2
f 8439/7/2 8440/7/2 8442/7/2
f 8440/1/2 8441/1/2 8443/1/2
f 8442/7/2 8440/7/2 8443/7/2
f 8443/1/2 8441/1/2 8444/1/2
f 8445/6/2 8446/6/2 8447/6/2
f 8447/6/2 8446/6/2 8448/6/2
f 8432/2/2 8424/2/2 8455/2/2
f 8452/1/2 8453/1/2 8456/1/2
f 8451/1/2 8452/1/2 8456/1/2
f 8456/1/2 8453/1/2 8457/1/2
f 8449/4/2 8450/4/2 8460/4/2
f 8460/4/2 8450/4/2 8461/4/2
f 8454/2/2 8455/2/2 8463/2/2
f 8455/2/2 8424/2/2 8464/2/2
f 8463/2/2 8455/2/2 8464/2/2
f 8458/4/2 8459/4/2 8467/4/2
f 8460/2/2 8461/2/2 8469/2/2
f 8469/2/2 8461/2/2 8470/2/2
f 8462/2/2 8463/2/2 8473/2/2
f 8464/2/2 8465/2/2 8474/2/2
f 8466/2/2 8467/2/2 8477/2/2
f 8468/4/2 8469/4/2 8478/4/2
f 8470/2/2 8471/2/2 8479/2/2
f 8478/4/2 8469/4/2 8479/4/2
f 8469/2/2 8470/2/2 8479/2/2
f 8479/2/2 8471/2/2 8480/2/2
f 8480/2/2 8471/2/2 8481/2/2
f 8472/2/2 8473/2/2 8482/2/2
f 8473/2/2 8463/2/2 8483/2/2
f 8482/2/2 8473/2/2 8483/2/2
f 8483/2/2 8463/2/2 8484/2/2
f 8474/2/2 8475/2/2 8486/2/2
f 8464/2/2 8474/2/2 8486/2/2
f 8486/2/2 8475/2/2 8487/2/2
f 8487/2/2 8475/2/2 8488/2/2
f 8476/2/2 8477/2/2 8489/2/2
f 8477/2/2 8467/2/2 8490/2/2
f 8489/2/2 8477/2/2 8490/2/2
f 8467/4/2 8459/4/2 8491/4/2
f 8490/2/2 8467/2/2 8491/2/2
f 8491/4/2 8459/4/2 8492/4/2
f 8479/4/2 8480/4/2 8493/4/2
f 8480/2/2 8481/2/2 8494/2/2
f 8493/4/2 8480/4/2 8494/4/2
f 8481/2/2 8482/2/2 8494/2/2
f 8482/2/2 8483/2/2 8494/2/2
f 8494/2/2 8483/2/2 8495/2/2
f 8489/2/2 8490/2/2 8496/2/2
f 8487/2/2 8488/2/2 8496/2/2
f 8488/2/2 8489/2/2 8496/2/2
f 8496/2/2 8490/2/2 8497/2/2
f 8498/1/2 8499/1/2 8500/1/2
f 8500/1/2 8499/1/2 8501/1/2
f 8485/2/2 8486/2/2 8503/2/2
f 8502/2/2 8503/2/2 8512/2/2
f 8503/2/2 8486/2/2 8513/2/2
f 8512/2/2 8503/2/2 8513/2/2
f 8504/4/2 8505/4/2 8516/4/2
f 8506/1/2 8507/1/2 8517/1/2
f 8507/7/2 8508/7/2 8518/7/2
f 8517/1/2 8507/1/2 8518/1/2
f 8518/7/2 8508/7/2 8519/7/2
f 8509/2/2 8510/2/2 8521/2/2
f 8521/2/2 8510/2/2 8522/2/2
f 8511/2/2 8512/2/2 8525/2/2
f 8513/2/2 8514/2/2 8526/2/2
f 8515/2/2 8516/2/2 8529/2/2
f 8516/4/2 8505/4/2 8530/4/2
f 8529/2/2 8516/2/2 8530/2/2
f 8530/4/2 8505/4/2 8531/4/2
f 8520/4/2 8521/4/2 8532/4/2
f 8522/2/2 8523/2/2 8533/2/2
f 8532/4/2 8521/4/2 8533/4/2
f 8521/2/2 8522/2/2 8533/2/2
f 8533/2/2 8523/2/2 8534/2/2
f 8534/2/2 8523/2/2 8535/2/2
f 8524/2/2 8525/2/2 8536/2/2
f 8525/2/2 8512/2/2 8537/2/2
f 8536/2/2 8525/2/2 8537/2/2
f 8537/2/2 8512/2/2 8538/2/2
f 8526/2/2 8527/2/2 8539/2/2
f 8513/2/2 8526/2/2 8539/2/2
f 8539/2/2 8527/2/2 8540/2/2
f 8540/2/2 8527/2/2 8541/2/2
f 8528/2/2 8529/2/2 8542/2/2
f 8529/2/2 8530/2/2 8542/2/2
f 8542/2/2 8530/2/2 8543/2/2
f 8543/2/2 8530/2/2 8544/2/2
f 8534/2/2 8535/2/2 8545/2/2
f 8535/2/2 8536/2/2 8545/2/2
f 8536/2/2 8537/2/2 8545/2/2
f 8545/2/2 8537/2/2 8546/2/2
f 8538/4/2 8539/4/2 8547/4/2
f 8547/4/2 8539/4/2 8548/4/2
f 8540/2/2 8541/2/2 8549/2/2
f 8542/2/2 8543/2/2 8549/2/2
f 8541/2/2 8542/2/2 8549/2/2
f 8549/2/2 8543/2/2 8550/2/2
f 8546/4/2 8547/4/2 8551/4/2
f 8551/4/2 8547/4/2 8552/4/2
f 8548/4/2 8549/4/2 8553/4/2
f 8553/4/2 8549/4/2 8554/4/2
f 8552/4/2 8553/4/2 8555/4/2
f 8555/4/2 8553/4/2 8556/4/2
f 8557/9/2 8558/9/2 8561/9/2
f 8561/9/2 8558/9/2 8562/9/2
f 8559/9/2 8560/9/2 8564/9/2
f 8564/9/2 8560/9/2 8565/9/2
f 8563/9/2 8564/9/2 8566/9/2
f 8566/9/2 8564/9/2 8567/9/2
f 8567/9/2 8568/9/2 8569/9/2
f 8569/9/2 8568/9/2 8570/9/2
f 8571/6/2 8572/6/2 8573/6/2
f 8573/6/2 8572/6/2 8574/6/2
f 8575/2/2 8576/2/2 8577/2/2
f 8577/2/2 8576/2/2 8578/2/2
f 8579/4/2 8580/4/2 8584/4/2
f 8581/7/2 8582/7/2 8585/7/2
f 8582/1/2 8583/1/2 8586/1/2
f 8585/7/2 8582/7/2 8586/7/2
f 8586/1/2 8583/1/2 8587/1/2
f 8579/4/2 8584/4/2 8590/4/2
f 8590/4/2 8584/4/2 8591/4/2
f 8588/6/2 8589/6/2 8592/6/2
f 8592/6/2 8589/6/2 8593/6/2
f 8594/7/2 8595/7/2 8597/7/2
f 8595/1/2 8596/1/2 8598/1/2
f 8597/7/2 8595/7/2 8598/7/2
f 8598/1/2 8596/1/2 8599/1/2
f 8600/2/2 8601/2/2 8602/2/2
f 8602/2/2 8601/2/2 8603/2/2
f 8604/1/2 8605/1/2 8607/1/2
f 8605/1/2 8606/1/2 8607/1/2
f 8607/1/2 8606/1/2 8608/1/2
f 8609/1/2 8610/1/2 8612/1/2
f 8610/7/2 8611/7/2 8613/7/2
f 8612/1/2 8610/1/2 8613/1/2
f 8613/7/2 8611/7/2 8614/7/2
f 8615/2/2 8616/2/2 8617/2/2
f 8617/2/2 8616/2/2 8618/2/2
f 8619/4/2 8620/4/2 8621/4/2
f 8621/4/2 8620/4/2 8622/4/2
f 8623/9/2 8624/9/2 8627/9/2
f 8627/9/2 8624/9/2 8628/9/2
f 8625/9/2 8626/9/2 8630/9/2
f 8630/9/2 8626/9/2 8631/9/2
f 8629/9/2 8630/9/2 8632/9/2
f 8632/9/2 8630/9/2 8633/9/2
f 8633/9/2 8634/9/2 8635/9/2
f 8635/9/2 8634/9/2 8636/9/2
f 8637/2/2 8638/2/2 8639/2/2
f 8639/2/2 8638/2/2 8640/2/2
f 8641/7/2 8642/7/2 8645/7/2
f 8645/7/2 8642/7/2 8646/7/2
f 8643/4/2 8644/4/2 8649/4/2
f 8649/4/2 8644/4/2 8650/4/2
f 8647/6/2 8648/6/2 8651/6/2
f 8651/6/2 8648/6/2 8652/6/2
f 8653/1/2 8654/1/2 8656/1/2
f 8654/7/2 8655/7/2 8657/7/2
f 8656/1/2 8654/1/2 8657/1/2
f 8657/7/2 8655/7/2 8658/7/2
f 8659/2/2 8660/2/2 8661/2/2
f 8661/2/2 8660/2/2 8662/2/2
f 8663/7/2 8664/7/2 8666/7/2
f 8664/1/2 8665/1/2 8667/1/2
f 8666/7/2 8664/7/2 8667/7/2
f 8667/1/2 8665/1/2 8668/1/2
f 8669/7/2 8670/7/2 8671/7/2
f 8671/7/2 8670/7/2 8672/7/2
f 8673/2/2 8674/2/2 8675/2/2
f 8675/2/2 8674/2/2 8676/2/2
f 8677/9/2 8678/9/2 8681/9/2
f 8681/9/2 8678/9/2 8682/9/2
f 8679/9/2 8680/9/2 8684/9/2
f 8684/9/2 8680/9/2 8685/9/2
f 8683/9/2 8684/9/2 8686/9/2
f 8686/9/2 8684/9/2 8687/9/2
f 8687/9/2 8688/9/2 8689/9/2
f 8689/9/2 8688/9/2 8690/9/2
f 8691/2/2 8692/2/2 8693/2/2
f 8693/2/2 8692/2/2 8694/2/2
f 8695/2/2 8696/2/2 8699/2/2
f 8699/2/2 8696/2/2 8700/2/2
f 8697/6/2 8698/6/2 8703/6/2
f 8703/6/2 8698/6/2 8704/6/2
f 8701/6/2 8702/6/2 8707/6/2
f 8707/6/2 8702/6/2 8708/6/2
f 8705/4/2 8706/4/2 8711/4/2
f 8711/4/2 8706/4/2 8712/4/2
f 8709/6/2 8710/6/2 8713/6/2
f 8713/6/2 8710/6/2 8714/6/2
f 8715/4/2 8716/4/2 8717/4/2
f 8717/4/2 8716/4/2 8718/4/2
f 8719/9/2 8720/9/2 8723/9/2
f 8723/9/2 8720/9/2 8724/9/2
f 8721/9/2 8722/9/2 8726/9/2
f 8726/9/2 8722/9/2 8727/9/2
f 8725/9/2 8726/9/2 8728/9/2
f 8728/9/2 8726/9/2 8729/9/2
f 8729/9/2 8730/9/2 8731/9/2
f 8731/9/2 8730/9/2 8732/9/2
f 8733/2/2 8734/2/2 8737/2/2
f 8737/2/2 8734/2/2 8738/2/2
f 8735/6/2 8736/6/2 8741/6/2
f 8741/6/2 8736/6/2 8742/6/2
f 8739/6/2 8740/6/2 8745/6/2
f 8745/6/2 8740/6/2 8746/6/2
f 8743/4/2 8744/4/2 8753/4/2
f 8753/4/2 8744/4/2 8754/4/2
f 8747/6/2 8748/6/2 8755/6/2
f 8755/6/2 8748/6/2 8756/6/2
f 8749/6/2 8750/6/2 8757/6/2
f 8757/6/2 8750/6/2 8758/6/2
f 8751/6/2 8752/6/2 8759/6/2
f 8759/6/2 8752/6/2 8760/6/2
f 8761/4/2 8762/4/2 8764/4/2
f 8764/4/2 8762/4/2 8765/4/2
f 8763/4/2 8764/4/2 8766/4/2
f 8766/4/2 8764/4/2 8767/4/2
f 8768/2/2 8769/2/2 8770/2/2
f 8770/2/2 8769/2/2 8771/2/2
f 8772/2/2 8773/2/2 8774/2/2
f 8774/2/2 8773/2/2 8775/2/2
f 8776/9/2 8777/9/2 8780/9/2
f 8780/9/2 8777/9/2 8781/9/2
f 8778/9/2 8779/9/2 8783/9/2
f 8783/9/2 8779/9/2 8784/9/2
f 8782/9/2 8783/9/2 8785/9/2
f 8785/9/2 8783/9/2 8786/9/2
f 8786/9/2 8787/9/2 8788/9/2
f 8788/9/2 8787/9/2 8789/9/2
f 8790/2/2 8791/2/2 8792/2/2
f 8792/2/2 8791/2/2 8793/2/2
f 8794/6/2 8795/6/2 8798/6/2
f 8798/6/2 8795/6/2 8799/6/2
f 8796/6/2 8797/6/2 8800/6/2
f 8800/6/2 8797/6/2 8801/6/2
f 8802/6/2 8803/6/2 8807/6/2
f 8807/6/2 8803/6/2 8808/6/2
f 8805/4/2 8806/4/2 8809/4/2
f 8804/4/2 8805/4/2 8809/4/2
f 8809/4/2 8806/4/2 8810/4/2
f 8810/4/2 8806/4/2 8811/4/2
f 8810/4/2 8811/4/2 8816/4/2
f 8816/4/2 8811/4/2 8817/4/2
f 8812/6/2 8813/6/2 8818/6/2
f 8818/6/2 8813/6/2 8819/6/2
f 8814/6/2 8815/6/2 8820/6/2
f 8820/6/2 8815/6/2 8821/6/2
f 8822/4/2 8823/4/2 8824/4/2
f 8824/4/2 8823/4/2 8825/4/2
f 8824/2/2 8825/2/2 8827/2/2
f 8825/2/2 8826/2/2 8827/2/2
f 8827/2/2 8826/2/2 8828/2/2
f 8829/4/2 8830/4/2 8831/4/2
f 8831/4/2 8830/4/2 8832/4/2
f 8831/2/2 8832/2/2 8834/2/2
f 8832/2/2 8833/2/2 8834/2/2
f 8834/2/2 8833/2/2 8835/2/2
f 8836/9/2 8837/9/2 8840/9/2
f 8840/9/2 8837/9/2 8841/9/2
f 8838/9/2 8839/9/2 8843/9/2
f 8843/9/2 8839/9/2 8844/9/2
f 8842/9/2 8843/9/2 8845/9/2
f 8845/9/2 8843/9/2 8846/9/2
f 8846/9/2 8847/9/2 8848/9/2
f 8848/9/2 8847/9/2 8849/9/2
f 8852/2/2 8853/2/2 8855/2/2
f 8855/2/2 8853/2/2 8856/2/2
f 8854/2/2 8855/2/2 8859/2/2
f 8856/2/2 8857/2/2 8860/2/2
f 8850/4/2 8851/4/2 8863/4/2
f 8863/4/2 8851/4/2 8864/4/2
f 8858/2/2 8859/2/2 8867/2/2
f 8859/2/2 8855/2/2 8868/2/2
f 8867/2/2 8859/2/2 8868/2/2
f 8868/2/2 8855/2/2 8869/2/2
f 8860/2/2 8861/2/2 8870/2/2
f 8856/2/2 8860/2/2 8870/2/2
f 8870/2/2 8861/2/2 8871/2/2
f 8871/2/2 8861/2/2 8872/2/2
f 8862/4/2 8863/4/2 8875/4/2
f 8875/4/2 8863/4/2 8876/4/2
f 8876/4/2 8863/4/2 8877/4/2
f 8864/4/2 8865/4/2 8878/4/2
f 8878/4/2 8865/4/2 8879/4/2
f 8866/2/2 8867/2/2 8880/2/2
f 8867/2/2 8868/2/2 8880/2/2
f 8880/2/2 8868/2/2 8881/2/2
f 8872/2/2 8873/2/2 8882/2/2
f 8871/2/2 8872/2/2 8882/2/2
f 8882/2/2 8873/2/2 8883/2/2
f 8875/4/2 8876/4/2 8888/4/2
f 8874/4/2 8875/4/2 8888/4/2
f 8888/4/2 8876/4/2 8889/4/2
f 8889/4/2 8876/4/2 8890/4/2
f 8877/4/2 8878/4/2 8891/4/2
f 8891/4/2 8878/4/2 8892/4/2
f 8884/6/2 8885/6/2 8895/6/2
f 8895/6/2 8885/6/2 8896/6/2
f 8886/6/2 8887/6/2 8897/6/2
f 8897/6/2 8887/6/2 8898/6/2
f 8888/4/2 8889/4/2 8899/4/2
f 8899/4/2 8889/4/2 8900/4/2
f 8893/4/2 8894/4/2 8901/4/2
f 8901/4/2 8894/4/2 8902/4/2
f 8902/4/2 8894/4/2 8903/4/2
f 8902/4/2 8903/4/2 8904/4/2
f 8904/4/2 8903/4/2 8905/4/2
f 8906/9/2 8907/9/2 8910/9/2
f 8910/9/2 8907/9/2 8911/9/2
f 8908/9/2 8909/9/2 8913/9/2
f 8913/9/2 8909/9/2 8914/9/2
f 8912/9/2 8913/9/2 8915/9/2
f 8915/9/2 8913/9/2 8916/9/2
f 8916/9/2 8917/9/2 8918/9/2
f 8918/9/2 8917/9/2 8919/9/2
f 8920/6/2 8921/6/2 8925/6/2
f 8925/6/2 8921/6/2 8926/6/2
f 8922/6/2 8923/6/2 8931/6/2
f 8931/6/2 8923/6/2 8932/6/2
f 8924/6/2 8925/6/2 8935/6/2
f 8926/6/2 8927/6/2 8936/6/2
f 8928/2/2 8929/2/2 8938/2/2
f 8938/2/2 8929/2/2 8939/2/2
f 8930/6/2 8931/6/2 8941/6/2
f 8932/6/2 8933/6/2 8942/6/2
f 8934/6/2 8935/6/2 8945/6/2
f 8935/6/2 8925/6/2 8946/6/2
f 8945/6/2 8935/6/2 8946/6/2
f 8946/6/2 8925/6/2 8947/6/2
f 8936/6/2 8937/6/2 8948/6/2
f 8926/6/2 8936/6/2 8948/6/2
f 8948/6/2 8937/6/2 8949/6/2
f 8949/6/2 8937/6/2 8950/6/2
f 8940/6/2 8941/6/2 8953/6/2
f 8941/6/2 8931/6/2 8954/6/2
f 8953/6/2 8941/6/2 8954/6/2
f 8954/6/2 8931/6/2 8955/6/2
f 8942/6/2 8943/6/2 8956/6/2
f 8932/6/2 8942/6/2 8956/6/2
f 8956/6/2 8943/6/2 8957/6/2
f 8957/6/2 8943/6/2 8958/6/2
f 8944/6/2 8945/6/2 8961/6/2
f 8945/6/2 8946/6/2 8961/6/2
f 8961/6/2 8946/6/2 8962/6/2
f 8962/6/2 8946/6/2 8963/6/2
f 8950/6/2 8951/6/2 8964/6/2
f 8949/6/2 8950/6/2 8964/6/2
f 8964/6/2 8951/6/2 8965/6/2
f 8965/6/2 8951/6/2 8966/6/2
f 8953/6/2 8954/6/2 8969/6/2
f 8952/6/2 8953/6/2 8969/6/2
f 8969/6/2 8954/6/2 8970/6/2
f 8970/6/2 8954/6/2 8971/6/2
f 8958/6/2 8959/6/2 8972/6/2
f 8957/6/2 8958/6/2 8972/6/2
f 8972/6/2 8959/6/2 8973/6/2
f 8973/6/2 8959/6/2 8974/6/2
f 8961/6/2 8962/6/2 8976/6/2
f 8960/6/2 8961/6/2 8976/6/2
f 8976/6/2 8962/6/2 8977/6/2
f 8966/6/2 8967/6/2 8978/6/2
f 8965/6/2 8966/6/2 8978/6/2
f 8978/6/2 8967/6/2 8979/6/2
f 8969/6/2 8970/6/2 8984/6/2
f 8968/6/2 8969/6/2 8984/6/2
f 8984/6/2 8970/6/2 8985/6/2
f 8974/6/2 8975/6/2 8986/6/2
f 8973/6/2 8974/6/2 8986/6/2
f 8986/6/2 8975/6/2 8987/6/2
f 8980/4/2 8981/4/2 8988/4/2
f 8982/4/2 8983/4/2 8989/4/2
f 8989/4/2 8983/4/2 8990/4/2
f 8988/4/2 8981/4/2 8993/4/2
f 8993/4/2 8981/4/2 8994/4/2
f 8991/4/2 8992/4/2 8995/4/2
f 8995/4/2 8992/4/2 8996/4/2
f 8997/9/2 8998/9/2 9000/9/2
f 9000/9/2 8998/9/2 9001/9/2
f 8999/9/2 9000/9/2 9002/9/2
f 9002/9/2 9000/9/2 9003/9/2
f 9003/9/2 9004/9/2 9005/9/2
f 9005/9/2 9004/9/2 9006/9/2
f 9007/2/2 9008/2/2 9015/2/2
f 9015/2/2 9008/2/2 9016/2/2
f 9009/2/2 9010/2/2 9019/2/2
f 9019/2/2 9010/2/2 9020/2/2
f 9011/6/2 9012/6/2 9022/6/2
f 9022/6/2 9012/6/2 9023/6/2
f 9013/6/2 9014/6/2 9025/6/2
f 9025/6/2 9014/6/2 9026/6/2
f 9017/6/2 9018/6/2 9029/6/2
f 9029/6/2 9018/6/2 9030/6/2
f 9021/6/2 9022/6/2 9032/6/2
f 9023/6/2 9024/6/2 9033/6/2
f 9027/2/2 9028/2/2 9035/2/2
f 9035/2/2 9028/2/2 9036/2/2
f 9031/6/2 9032/6/2 9040/6/2
f 9032/6/2 9022/6/2 9041/6/2
f 9040/6/2 9032/6/2 9041/6/2
f 9041/6/2 9022/6/2 9042/6/2
f 9033/6/2 9034/6/2 9043/6/2
f 9023/6/2 9033/6/2 9043/6/2
f 9043/6/2 9034/6/2 9044/6/2
f 9044/6/2 9034/6/2 9045/6/2
f 9037/2/2 9038/2/2 9047/2/2
f 9047/2/2 9038/2/2 9048/2/2
f 9040/6/2 9041/6/2 9050/6/2
f 9039/6/2 9040/6/2 9050/6/2
f 9050/6/2 9041/6/2 9051/6/2
f 9051/6/2 9041/6/2 9052/6/2
f 9042/6/2 9043/6/2 9053/6/2
f 9053/6/2 9043/6/2 9054/6/2
f 9045/6/2 9046/6/2 9055/6/2
f 9044/6/2 9045/6/2 9055/6/2
f 9055/6/2 9046/6/2 9056/6/2
f 9056/6/2 9046/6/2 9057/6/2
f 9049/6/2 9050/6/2 9062/6/2
f 9050/6/2 9051/6/2 9062/6/2
f 9062/6/2 9051/6/2 9063/6/2
f 9063/6/2 9051/6/2 9064/6/2
f 9057/6/2 9058/6/2 9065/6/2
f 9056/6/2 9057/6/2 9065/6/2
f 9065/6/2 9058/6/2 9066/6/2
f 9066/6/2 9058/6/2 9067/6/2
f 9059/7/2 9060/7/2 9075/7/2
f 9075/7/2 9060/7/2 9076/7/2
f 9076/7/2 9060/7/2 9077/7/2
f 9062/6/2 9063/6/2 9080/6/2
f 9061/6/2 9062/6/2 9080/6/2
f 9080/6/2 9063/6/2 9081/6/2
f 9081/6/2 9063/6/2 9082/6/2
f 9067/6/2 9068/6/2 9083/6/2
f 9066/6/2 9067/6/2 9083/6/2
f 9083/6/2 9068/6/2 9084/6/2
f 9084/6/2 9068/6/2 9085/6/2
f 9069/7/2 9070/7/2 9088/7/2
f 9088/7/2 9070/7/2 9089/7/2
f 9089/7/2 9070/7/2 9090/7/2
f 9071/4/2 9072/4/2 9091/4/2
f 9091/4/2 9072/4/2 9092/4/2
f 9073/4/2 9074/4/2 9093/4/2
f 9093/4/2 9074/4/2 9094/4/2
f 9077/7/2 9078/7/2 9095/7/2
f 9076/7/2 9077/7/2 9095/7/2
f 9095/7/2 9078/7/2 9096/7/2
f 9096/7/2 9078/7/2 9097/7/2
f 9080/6/2 9081/6/2 9098/6/2
f 9079/6/2 9080/6/2 9098/6/2
f 9098/6/2 9081/6/2 9099/6/2
f 9099/6/2 9081/6/2 9100/6/2
f 9085/6/2 9086/6/2 9101/6/2
f 9084/6/2 9085/6/2 9101/6/2
f 9101/6/2 9086/6/2 9102/6/2
f 9102/6/2 9086/6/2 9103/6/2
f 9088/7/2 9089/7/2 9105/7/2
f 9087/7/2 9088/7/2 9105/7/2
f 9105/7/2 9089/7/2 9106/7/2
f 9106/7/2 9089/7/2 9107/7/2
f 9096/7/2 9097/7/2 9108/7/2
f 9098/6/2 9099/6/2 9109/6/2
f 9108/7/2 9097/7/2 9109/7/2
f 9097/6/2 9098/6/2 9109/6/2
f 9109/6/2 9099/6/2 9110/6/2
f 9110/6/2 9099/6/2 9111/6/2
f 9103/6/2 9104/6/2 9112/6/2
f 9102/6/2 9103/6/2 9112/6/2
f 9112/6/2 9104/6/2 9113/6/2
f 9105/7/2 9106/7/2 9114/7/2
f 9104/7/2 9105/7/2 9114/7/2
f 9114/7/2 9106/7/2 9115/7/2
f 9109/6/2 9110/6/2 9116/6/2
f 9116/6/2 9110/6/2 9117/6/2
f 9113/6/2 9104/6/2 9118/6/2
f 9104/7/2 9114/7/2 9119/7/2
f 9118/6/2 9104/6/2 9119/6/2
f 9119/7/2 9114/7/2 9120/7/2
f 9121/9/2 9122/9/2 9124/9/2
f 9124/9/2 9122/9/2 9125/9/2
f 9123/9/2 9124/9/2 9126/9/2
f 9126/9/2 9124/9/2 9127/9/2
f 9127/9/2 9128/9/2 9129/9/2
f 9129/9/2 9128/9/2 9130/9/2
f 9131/2/2 9132/2/2 9139/2/2
f 9139/2/2 9132/2/2 9140/2/2
f 9133/2/2 9134/2/2 9141/2/2
f 9141/2/2 9134/2/2 9142/2/2
f 9135/2/2 9136/2/2 9143/2/2
f 9143/2/2 9136/2/2 9144/2/2
f 9137/2/2 9138/2/2 9145/2/2
f 9145/2/2 9138/2/2 9146/2/2
f 9147/6/2 9148/6/2 9155/6/2
f 9155/6/2 9148/6/2 9156/6/2
f 9149/6/2 9150/6/2 9157/6/2
f 9157/6/2 9150/6/2 9158/6/2
f 9151/6/2 9152/6/2 9163/6/2
f 9163/6/2 9152/6/2 9164/6/2
f 9153/2/2 9154/2/2 9165/2/2
f 9165/2/2 9154/2/2 9166/2/2
f 9159/4/2 9160/4/2 9167/4/2
f 9167/4/2 9160/4/2 9168/4/2
f 9161/2/2 9162/2/2 9169/2/2
f 9169/2/2 9162/2/2 9170/2/2
f 9171/6/2 9172/6/2 9175/6/2
f 9175/6/2 9172/6/2 9176/6/2
f 9173/6/2 9174/6/2 9177/6/2
f 9177/6/2 9174/6/2 9178/6/2
f 9179/4/2 9180/4/2 9181/4/2
f 9181/4/2 9180/4/2 9182/4/2
f 9182/4/2 9180/4/2 9183/4/2
f 9184/9/2 9185/9/2 9186/9/2
f 9186/9/2 9185/9/2 9187/9/2
f 9188/2/2 9189/2/2 9190/2/2
f 9190/2/2 9189/2/2 9191/2/2
f 9192/4/2 9193/4/2 9198/4/2
f 9198/4/2 9193/4/2 9199/4/2
f 9194/6/2 9195/6/2 9202/6/2
f 9202/6/2 9195/6/2 9203/6/2
f 9196/6/2 9197/6/2 9204/6/2
f 9204/6/2 9197/6/2 9205/6/2
f 9200/6/2 9201/6/2 9206/6/2
f 9206/6/2 9201/6/2 9207/6/2
f 9208/6/2 9209/6/2 9212/6/2
f 9212/6/2 9209/6/2 9213/6/2
f 9210/6/2 9211/6/2 9214/6/2
f 9214/6/2 9211/6/2 9215/6/2
f 9216/4/2 9217/4/2 9219/4/2
f 9218/4/2 9219/4/2 9221/4/2
f 9219/4/2 9217/4/2 9222/4/2
f 9221/4/2 9219/4/2 9222/4/2
f 9222/4/2 9217/4/2 9223/4/2
f 9220/4/2 9221/4/2 9224/4/2
f 9221/4/2 9222/4/2 9224/4/2
f 9224/4/2 9222/4/2 9225/4/2
f 9226/2/2 9227/2/2 9229/2/2
f 9229/2/2 9227/2/2 9230/2/2
f 9228/2/2 9229/2/2 9233/2/2
f 9230/2/2 9231/2/2 9234/2/2
f 9232/2/2 9233/2/2 9237/2/2
f 9233/2/2 9229/2/2 9238/2/2
f 9237/2/2 9233/2/2 9238/2/2
f 9238/2/2 9229/2/2 9239/2/2
f 9234/2/2 9235/2/2 9240/2/2
f 9230/2/2 9234/2/2 9240/2/2
f 9240/2/2 9235/2/2 9241/2/2
f 9241/2/2 9235/2/2 9242/2/2
f 9236/2/2 9237/2/2 9250/2/2
f 9237/2/2 9238/2/2 9250/2/2
f 9250/2/2 9238/2/2 9251/2/2
f 9242/2/2 9243/2/2 9252/2/2
f 9241/2/2 9242/2/2 9252/2/2
f 9252/2/2 9243/2/2 9253/2/2
f 9244/6/2 9245/6/2 9256/6/2
f 9256/6/2 9245/6/2 9257/6/2
f 9246/6/2 9247/6/2 9260/6/2
f 9260/6/2 9247/6/2 9261/6/2
f 9248/6/2 9249/6/2 9262/6/2
f 9262/6/2 9249/6/2 9263/6/2
f 9254/6/2 9255/6/2 9264/6/2
f 9264/6/2 9255/6/2 9265/6/2
f 9258/6/2 9259/6/2 9266/6/2
f 9266/6/2 9259/6/2 9267/6/2
f 9268/2/2 9269/2/2 9270/2/2
f 9270/2/2 9269/2/2 9271/2/2
f 9272/6/2 9273/6/2 9274/6/2
f 9274/6/2 9273/6/2 9275/6/2
f 9276/2/2 9277/2/2 9278/2/2
f 9278/2/2 9277/2/2 9279/2/2
f 9280/6/2 9281/6/2 9282/6/2
f 9282/6/2 9281/6/2 9283/6/2
f 9284/9/2 9285/9/2 9286/9/2
f 9286/9/2 9285/9/2 9287/9/2
f 9288/8/2 9289/8/2 9290/8/2
f 9290/8/2 9289/8/2 9291/8/2
f 9290/9/2 9291/9/2 9292/9/2
f 9292/9/2 9291/9/2 9293/9/2
f 9294/2/2 9295/2/2 9296/2/2
f 9296/2/2 9295/2/2 9297/2/2
f 9298/6/2 9299/6/2 9300/6/2
f 9300/6/2 9299/6/2 9301/6/2
f 9302/9/2 9303/9/2 9304/9/2
f 9304/9/2 9303/9/2 9305/9/2
f 9306/9/2 9307/9/2 9308/9/2
f 9308/9/2 9307/9/2 9309/9/2
f 9310/9/2 9311/9/2 9312/9/2
f 9312/9/2 9311/9/2 9313/9/2
f 9314/6/2 9315/6/2 9317/6/2
f 9315/7/2 9316/7/2 9318/7/2
f 9317/6/2 9315/6/2 9318/6/2
f 9318/7/2 9316/7/2 9319/7/2
f 9320/7/2 9321/7/2 9322/7/2
f 9322/7/2 9321/7/2 9323/7/2
f 9324/7/2 9325/7/2 9326/7/2
f 9326/7/2 9325/7/2 9327/7/2
f 9328/7/2 9329/7/2 9330/7/2
f 9330/7/2 9329/7/2 9331/7/2
f 9334/9/3 9333/9/3 9332/9/3
f 9335/9/3 9333/9/3 9334/9/3
f 9342/6/3 9341/6/3 9340/6/3
f 9343/6/3 9341/6/3 9342/6/3
f 9344/9/3 9337/9/3 9336/9/3
f 9345/9/3 9337/9/3 9344/9/3
f 9346/9/3 9339/9/3 9338/9/3
f 9347/9/3 9339/9/3 9346/9/3
f 9357/3/3 9356/3/3 9355/3/3
f 9358/3/3 9356/3/3 9357/3/3
f 9359/2/3 9354/2/3 9353/2/3
f 9360/2/3 9354/2/3 9359/2/3
f 9363/6/3 9362/6/3 9361/6/3
f 9364/6/3 9362/6/3 9363/6/3
f 9365/9/3 9349/9/3 9348/9/3
f 9366/9/3 9349/9/3 9365/9/3
f 9367/8/3 9351/8/3 9350/8/3
f 9368/9/3 9352/9/3 9351/9/3
f 9368/8/3 9351/8/3 9367/8/3
f 9369/9/3 9352/9/3 9368/9/3
f 9372/9/3 9371/9/3 9370/9/3
f 9373/9/3 9371/9/3 9372/9/3
f 9380/3/3 9377/3/3 9376/3/3
f 9381/3/3 9377/3/3 9380/3/3
f 9382/3/3 9379/3/3 9378/3/3
f 9383/3/3 9379/3/3 9382/3/3
f 9384/2/3 9375/2/3 9374/2/3
f 9385/2/3 9375/2/3 9384/2/3
f 9388/6/3 9387/6/3 9386/6/3
f 9389/6/3 9387/6/3 9388/6/3
f 9393/9/3 9391/9/3 9390/9/3
f 9394/9/3 9393/9/3 9392/9/3
f 9395/9/3 9391/9/3 9393/9/3
f 9395/9/3 9393/9/3 9394/9/3
f 9398/9/3 9397/9/3 9396/9/3
f 9399/9/3 9397/9/3 9398/9/3
f 9402/9/3 9401/9/3 9400/9/3
f 9403/9/3 9401/9/3 9402/9/3
f 9406/2/3 9405/2/3 9404/2/3
f 9407/2/3 9405/2/3 9406/2/3
f 9410/2/3 9409/2/3 9408/2/3
f 9411/2/3 9409/2/3 9410/2/3
f 9414/6/3 9413/6/3 9412/6/3
f 9415/6/3 9413/6/3 9414/6/3
f 9418/9/3 9417/9/3 9416/9/3
f 9419/9/3 9417/9/3 9418/9/3
f 9422/9/3 9421/9/3 9420/9/3
f 9423/9/3 9421/9/3 9422/9/3
f 9426/7/3 9425/7/3 9424/7/3
f 9427/7/3 9425/7/3 9426/7/3
f 9434/2/3 9429/2/3 9428/2/3
f 9435/2/3 9429/2/3 9434/2/3
f 9436/2/3 9431/2/3 9430/2/3
f 9437/2/3 9431/2/3 9436/2/3
f 9438/2/3 9433/2/3 9432/2/3
f 9439/2/3 9433/2/3 9438/2/3
f 9443/6/3 9441/6/3 9440/6/3
f 9445/6/3 9443/6/3 9442/6/3
f 9446/6/3 9441/6/3 9443/6/3
f 9446/6/3 9443/6/3 9445/6/3
f 9447/6/3 9441/6/3 9446/6/3
f 9449/6/3 9445/6/3 9444/6/3
f 9449/6/3 9446/6/3 9445/6/3
f 9450/6/3 9446/6/3 9449/6/3
f 9451/6/3 9446/6/3 9450/6/3
f 9453/6/3 9449/6/3 9448/6/3
f 9453/6/3 9450/6/3 9449/6/3
f 9454/6/3 9450/6/3 9453/6/3
f 9455/6/3 9453/6/3 9452/6/3
f 9456/6/3 9453/6/3 9455/6/3
f 9458/6/3 9457/6/3 9456/6/3
f 9459/6/3 9457/6/3 9458/6/3
f 9460/6/3 9457/6/3 9459/6/3
f 9462/6/3 9460/6/3 9459/6/3
f 9462/6/3 9461/6/3 9460/6/3
f 9463/6/3 9461/6/3 9462/6/3
f 9464/6/3 9461/6/3 9463/6/3
f 9466/6/3 9464/6/3 9463/6/3
f 9466/6/3 9465/6/3 9464/6/3
f 9467/6/3 9465/6/3 9466/6/3
f 9468/6/3 9465/6/3 9467/6/3
f 9469/6/3 9465/6/3 9468/6/3
f 9472/9/3 9471/9/3 9470/9/3
f 9473/9/3 9471/9/3 9472/9/3
f 9476/9/3 9475/9/3 9474/9/3
f 9477/9/3 9475/9/3 9476/9/3
f 9480/2/3 9479/2/3 9478/2/3
f 9481/2/3 9479/2/3 9480/2/3
f 9484/7/3 9483/7/3 9482/7/3
f 9485/7/3 9483/7/3 9484/7/3
f 9492/2/3 9487/2/3 9486/2/3
f 9493/2/3 9487/2/3 9492/2/3
f 9494/2/3 9489/2/3 9488/2/3
f 9495/2/3 9489/2/3 9494/2/3
f 9496/2/3 9491/2/3 9490/2/3
f 9497/2/3 9491/2/3 9496/2/3
f 9500/6/3 9499/6/3 9498/6/3
f 9501/6/3 9499/6/3 9500/6/3
f 9504/9/3 9503/9/3 9502/9/3
f 9505/9/3 9503/9/3 9504/9/3
f 9510/9/3 9507/9/3 9506/9/3
f 9511/9/3 9507/9/3 9510/9/3
f 9514/4/3 9509/4/3 9508/4/3
f 9515/4/3 9509/4/3 9514/4/3
f 9517/9/3 9513/9/3 9512/9/3
f 9518/9/3 9513/9/3 9517/9/3
f 9518/9/3 9517/9/3 9516/9/3
f 9519/9/3 9513/9/3 9518/9/3
f 9520/9/3 9518/9/3 9516/9/3
f 9521/9/3 9518/9/3 9520/9/3
f 9524/2/3 9523/2/3 9522/2/3
f 9525/2/3 9523/2/3 9524/2/3
f 9528/6/3 9527/6/3 9526/6/3
f 9529/6/3 9527/6/3 9528/6/3
f 9532/2/3 9531/2/3 9530/2/3
f 9533/2/3 9531/2/3 9532/2/3
f 9538/6/3 9535/6/3 9534/6/3
f 9539/6/3 9535/6/3 9538/6/3
f 9540/6/3 9537/6/3 9536/6/3
f 9541/6/3 9537/6/3 9540/6/3
f 9542/7/3 9541/7/3 9540/7/3
f 9543/7/3 9541/7/3 9542/7/3
f 9546/2/3 9545/2/3 9544/2/3
f 9550/2/3 9546/2/3 9544/2/3
f 9550/2/3 9547/2/3 9546/2/3
f 9551/2/3 9547/2/3 9550/2/3
f 9555/2/3 9549/2/3 9548/2/3
f 9557/2/3 9547/2/3 9551/2/3
f 9559/2/3 9553/2/3 9552/2/3
f 9561/2/3 9555/2/3 9554/2/3
f 9562/2/3 9549/2/3 9555/2/3
f 9562/2/3 9555/2/3 9561/2/3
f 9563/2/3 9549/2/3 9562/2/3
f 9565/2/3 9557/2/3 9556/2/3
f 9566/2/3 9547/2/3 9557/2/3
f 9566/2/3 9557/2/3 9565/2/3
f 9567/2/3 9547/2/3 9566/2/3
f 9569/2/3 9559/2/3 9558/2/3
f 9570/2/3 9553/2/3 9559/2/3
f 9570/2/3 9559/2/3 9569/2/3
f 9571/2/3 9553/2/3 9570/2/3
f 9573/2/3 9561/2/3 9560/2/3
f 9573/2/3 9562/2/3 9561/2/3
f 9574/2/3 9562/2/3 9573/2/3
f 9575/2/3 9565/2/3 9564/2/3
f 9575/2/3 9566/2/3 9565/2/3
f 9576/2/3 9566/2/3 9575/2/3
f 9577/2/3 9570/2/3 9569/2/3
f 9577/2/3 9569/2/3 9568/2/3
f 9578/2/3 9570/2/3 9577/2/3
f 9579/2/3 9573/2/3 9572/2/3
f 9580/2/3 9573/2/3 9579/2/3
f 9581/2/3 9575/2/3 9574/2/3
f 9582/2/3 9575/2/3 9581/2/3
f 9583/2/3 9577/2/3 9576/2/3
f 9584/2/3 9577/2/3 9583/2/3
f 9586/2/3 9581/2/3 9580/2/3
f 9587/2/3 9581/2/3 9586/2/3
f 9588/2/3 9581/2/3 9587/2/3
f 9590/2/3 9583/2/3 9582/2/3
f 9591/2/3 9583/2/3 9590/2/3
f 9592/2/3 9583/2/3 9591/2/3
f 9594/2/3 9585/2/3 9584/2/3
f 9595/2/3 9585/2/3 9594/2/3
f 9596/2/3 9585/2/3 9595/2/3
f 9598/2/3 9589/2/3 9588/2/3
f 9598/2/3 9588/2/3 9587/2/3
f 9599/2/3 9589/2/3 9598/2/3
f 9600/2/3 9589/2/3 9599/2/3
f 9602/2/3 9593/2/3 9592/2/3
f 9602/2/3 9592/2/3 9591/2/3
f 9603/2/3 9593/2/3 9602/2/3
f 9604/2/3 9596/2/3 9595/2/3
f 9604/2/3 9597/2/3 9596/2/3
f 9605/2/3 9597/2/3 9604/2/3
f 9606/2/3 9600/2/3 9599/2/3
f 9607/3/3 9601/3/3 9600/3/3
f 9607/2/3 9600/2/3 9606/2/3
f 9608/3/3 9601/3/3 9607/3/3
f 9610/2/3 9593/2/3 9603/2/3
f 9611/2/3 9597/2/3 9605/2/3
f 9612/2/3 9597/2/3 9611/2/3
f 9613/3/3 9607/3/3 9606/3/3
f 9614/3/3 9607/3/3 9613/3/3
f 9615/2/3 9610/2/3 9609/2/3
f 9615/2/3 9593/2/3 9610/2/3
f 9616/2/3 9593/2/3 9615/2/3
f 9617/2/3 9615/2/3 9609/2/3
f 9618/2/3 9615/2/3 9617/2/3
f 9621/6/3 9620/6/3 9619/6/3
f 9622/6/3 9620/6/3 9621/6/3
f 9627/4/3 9624/4/3 9623/4/3
f 9628/9/3 9626/9/3 9625/9/3
f 9629/9/3 9626/9/3 9628/9/3
f 9632/4/3 9627/4/3 9623/4/3
f 9633/4/3 9627/4/3 9632/4/3
f 9635/9/3 9631/9/3 9630/9/3
f 9636/9/3 9631/9/3 9635/9/3
f 9638/9/3 9635/9/3 9634/9/3
f 9639/9/3 9635/9/3 9638/9/3
f 9640/9/3 9638/9/3 9637/9/3
f 9643/9/3 9638/9/3 9640/9/3
f 9644/9/3 9638/9/3 9643/9/3
f 9645/9/3 9642/9/3 9641/9/3
f 9646/9/3 9642/9/3 9645/9/3
f 9647/9/3 9645/9/3 9644/9/3
f 9648/9/3 9645/9/3 9647/9/3
f 9651/2/3 9650/2/3 9649/2/3
f 9652/2/3 9650/2/3 9651/2/3
f 9655/6/3 9654/6/3 9653/6/3
f 9656/6/3 9654/6/3 9655/6/3
f 9659/2/3 9658/2/3 9657/2/3
f 9660/2/3 9658/2/3 9659/2/3
f 9663/6/3 9662/6/3 9661/6/3
f 9664/6/3 9662/6/3 9663/6/3
f 9667/6/3 9666/6/3 9665/6/3
f 9668/6/3 9666/6/3 9667/6/3
f 9669/6/3 9666/6/3 9668/6/3
f 9672/3/3 9671/3/3 9670/3/3
f 9673/3/3 9671/3/3 9672/3/3
f 9676/3/3 9675/3/3 9674/3/3
f 9677/3/3 9675/3/3 9676/3/3
f 9680/3/3 9679/3/3 9678/3/3
f 9681/3/3 9679/3/3 9680/3/3
f 9684/6/3 9683/6/3 9682/6/3
f 9685/6/3 9683/6/3 9684/6/3
f 9688/4/3 9687/4/3 9686/4/3
f 9689/4/3 9687/4/3 9688/4/3
f 9692/9/3 9691/9/3 9690/9/3
f 9693/9/3 9691/9/3 9692/9/3
f 9694/9/3 9691/9/3 9693/9/3
f 9695/9/3 9691/9/3 9694/9/3
f 9697/9/3 9694/9/3 9693/9/3
f 9698/9/3 9694/9/3 9697/9/3
f 9699/9/3 9694/9/3 9698/9/3
f 9702/9/3 9698/9/3 9697/9/3
f 9702/9/3 9697/9/3 9696/9/3
f 9703/9/3 9698/9/3 9702/9/3
f 9704/4/3 9701/4/3 9700/4/3
f 9705/4/3 9701/4/3 9704/4/3
f 9712/9/3 9707/9/3 9706/9/3
f 9713/9/3 9707/9/3 9712/9/3
f 9714/9/3 9709/9/3 9708/9/3
f 9715/9/3 9709/9/3 9714/9/3
f 9716/2/3 9711/2/3 9710/2/3
f 9717/2/3 9711/2/3 9716/2/3
f 9718/9/3 9714/9/3 9713/9/3
f 9719/9/3 9714/9/3 9718/9/3
f 9723/2/3 9721/2/3 9720/2/3
f 9725/2/3 9723/2/3 9722/2/3
f 9726/2/3 9721/2/3 9723/2/3
f 9726/2/3 9723/2/3 9725/2/3
f 9727/2/3 9721/2/3 9726/2/3
f 9729/2/3 9725/2/3 9724/2/3
f 9729/2/3 9726/2/3 9725/2/3
f 9730/2/3 9726/2/3 9729/2/3
f 9731/2/3 9729/2/3 9728/2/3
f 9732/2/3 9729/2/3 9731/2/3
f 9734/2/3 9733/2/3 9732/2/3
f 9735/2/3 9733/2/3 9734/2/3
f 9736/2/3 9733/2/3 9735/2/3
f 9738/2/3 9736/2/3 9735/2/3
f 9738/2/3 9737/2/3 9736/2/3
f 9739/2/3 9737/2/3 9738/2/3
f 9740/2/3 9737/2/3 9739/2/3
f 9741/2/3 9737/2/3 9740/2/3
f 9744/2/3 9743/2/3 9742/2/3
f 9745/2/3 9743/2/3 9744/2/3
f 9748/6/3 9747/6/3 9746/6/3
f 9749/6/3 9747/6/3 9748/6/3
f 9752/4/3 9751/4/3 9750/4/3
f 9753/4/3 9751/4/3 9752/4/3
f 9756/9/3 9755/9/3 9754/9/3
f 9758/9/3 9756/9/3 9754/9/3
f 9758/9/3 9757/9/3 9756/9/3
f 9759/9/3 9757/9/3 9758/9/3
f 9762/4/3 9761/4/3 9760/4/3
f 9763/4/3 9761/4/3 9762/4/3
f 9770/9/3 9765/9/3 9764/9/3
f 9771/9/3 9765/9/3 9770/9/3
f 9772/9/3 9767/9/3 9766/9/3
f 9773/9/3 9767/9/3 9772/9/3
f 9774/9/3 9772/9/3 9771/9/3
f 9775/9/3 9772/9/3 9774/9/3
f 9776/2/3 9769/2/3 9768/2/3
f 9777/2/3 9769/2/3 9776/2/3
f 9780/6/3 9779/6/3 9778/6/3
f 9781/6/3 9779/6/3 9780/6/3
f 9789/2/3 9783/2/3 9782/2/3
f 9790/2/3 9783/2/3 9789/2/3
f 9791/2/3 9785/2/3 9784/2/3
f 9792/2/3 9785/2/3 9791/2/3
f 9793/2/3 9787/2/3 9786/2/3
f 9794/3/3 9788/3/3 9787/3/3
f 9794/2/3 9787/2/3 9793/2/3
f 9795/3/3 9788/3/3 9794/3/3
f 9796/3/3 9794/3/3 9793/3/3
f 9797/3/3 9794/3/3 9796/3/3
f 9801/4/3 9799/4/3 9798/4/3
f 9802/4/3 9801/4/3 9800/4/3
f 9803/4/3 9799/4/3 9801/4/3
f 9803/4/3 9801/4/3 9802/4/3
f 9806/4/3 9805/4/3 9804/4/3
f 9807/4/3 9806/4/3 9804/4/3
f 9808/4/3 9806/4/3 9807/4/3
f 9813/9/3 9810/9/3 9809/9/3
f 9814/9/3 9810/9/3 9813/9/3
f 9815/9/3 9812/9/3 9811/9/3
f 9816/9/3 9812/9/3 9815/9/3
f 9819/2/3 9818/2/3 9817/2/3
f 9820/2/3 9818/2/3 9819/2/3
f 9823/6/3 9822/6/3 9821/6/3
f 9824/6/3 9822/6/3 9823/6/3
f 9828/3/3 9826/3/3 9825/3/3
f 9829/3/3 9826/3/3 9828/3/3
f 9830/3/3 9828/3/3 9827/3/3
f 9831/3/3 9828/3/3 9830/3/3
f 9836/4/3 9833/4/3 9832/4/3
f 9836/4/3 9834/4/3 9833/4/3
f 9837/4/3 9834/4/3 9836/4/3
f 9838/4/3 9834/4/3 9837/4/3
f 9840/4/3 9836/4/3 9835/4/3
f 9840/4/3 9837/4/3 9836/4/3
f 9841/4/3 9837/4/3 9840/4/3
f 9842/4/3 9837/4/3 9841/4/3
f 9843/4/3 9840/4/3 9839/4/3
f 9843/4/3 9841/4/3 9840/4/3
f 9844/4/3 9841/4/3 9843/4/3
f 9846/4/3 9843/4/3 9839/4/3
f 9847/4/3 9843/4/3 9846/4/3
f 9849/4/3 9846/4/3 9845/4/3
f 9850/4/3 9846/4/3 9849/4/3
f 9851/4/3 9848/4/3 9847/4/3
f 9852/4/3 9848/4/3 9851/4/3
f 9853/4/3 9848/4/3 9852/4/3
f 9855/4/3 9853/4/3 9852/4/3
f 9855/4/3 9854/4/3 9853/4/3
f 9856/4/3 9854/4/3 9855/4/3
f 9857/4/3 9854/4/3 9856/4/3
f 9860/4/3 9851/4/3 9850/4/3
f 9861/4/3 9857/4/3 9856/4/3
f 9861/4/3 9858/4/3 9857/4/3
f 9862/4/3 9858/4/3 9861/4/3
f 9863/4/3 9858/4/3 9862/4/3
f 9864/4/3 9860/4/3 9859/4/3
f 9864/4/3 9851/4/3 9860/4/3
f 9865/4/3 9851/4/3 9864/4/3
f 9866/4/3 9863/4/3 9862/4/3
f 9867/4/3 9863/4/3 9866/4/3
f 9868/4/3 9864/4/3 9859/4/3
f 9869/4/3 9864/4/3 9868/4/3
f 9872/9/3 9871/9/3 9870/9/3
f 9873/9/3 9871/9/3 9872/9/3
f 9876/9/3 9875/9/3 9874/9/3
f 9877/9/3 9875/9/3 9876/9/3
f 9880/2/3 9879/2/3 9878/2/3
f 9881/2/3 9879/2/3 9880/2/3
f 9884/6/3 9883/6/3 9882/6/3
f 9885/6/3 9883/6/3 9884/6/3
f 9888/6/3 9887/6/3 9886/6/3
f 9889/6/3 9887/6/3 9888/6/3
f 9892/2/3 9891/2/3 9890/2/3
f 9893/2/3 9891/2/3 9892/2/3
f 9896/4/3 9895/4/3 9894/4/3
f 9897/4/3 9895/4/3 9896/4/3
f 9900/9/3 9899/9/3 9898/9/3
f 9901/9/3 9899/9/3 9900/9/3
f 9904/9/3 9903/9/3 9902/9/3
f 9905/9/3 9903/9/3 9904/9/3
f 9908/6/3 9907/6/3 9906/6/3
f 9909/6/3 9907/6/3 9908/6/3
f 9912/6/3 9911/6/3 9910/6/3
f 9913/6/3 9911/6/3 9912/6/3
f 9916/6/3 9915/6/3 9914/6/3
f 9917/6/3 9915/6/3 9916/6/3
f 9920/6/3 9919/6/3 9918/6/3
f 9921/6/3 9919/6/3 9920/6/3
f 9926/4/3 9925/4/3 9924/4/3
f 9927/4/3 9925/4/3 9926/4/3
f 9928/2/3 9923/2/3 9922/2/3
f 9929/2/3 9923/2/3 9928/2/3
f 9932/4/3 9931/4/3 9930/4/3
f 9933/4/3 9931/4/3 9932/4/3
f 9936/9/3 9935/9/3 9934/9/3
f 9937/9/3 9935/9/3 9936/9/3
f 9940/9/3 9939/9/3 9938/9/3
f 9941/9/3 9939/9/3 9940/9/3
f 9944/6/3 9943/6/3 9942/6/3
f 9945/6/3 9943/6/3 9944/6/3
f 9948/6/3 9947/6/3 9946/6/3
f 9949/6/3 9947/6/3 9948/6/3
f 9952/6/3 9951/6/3 9950/6/3
f 9953/6/3 9951/6/3 9952/6/3
f 9956/6/3 9955/6/3 9954/6/3
f 9957/6/3 9955/6/3 9956/6/3
f 9960/4/3 9959/4/3 9958/4/3
f 9961/4/3 9960/4/3 9958/4/3
f 9962/4/3 9960/4/3 9961/4/3
f 9965/4/3 9964/4/3 9963/4/3
f 9966/4/3 9964/4/3 9965/4/3
f 9969/6/3 9968/6/3 9967/6/3
f 9970/6/3 9968/6/3 9969/6/3
f 9973/9/3 9972/9/3 9971/9/3
f 9974/9/3 9972/9/3 9973/9/3
f 9977/9/3 9976/9/3 9975/9/3
f 9978/9/3 9976/9/3 9977/9/3
f 9981/6/3 9980/6/3 9979/6/3
f 9982/6/3 9980/6/3 9981/6/3
f 9985/6/3 9983/6/3 9982/6/3
f 9986/6/3 9983/6/3 9985/6/3
f 9988/6/3 9985/6/3 9984/6/3
f 9989/6/3 9985/6/3 9988/6/3
f 9990/6/3 9988/6/3 9987/6/3
f 9991/6/3 9988/6/3 9990/6/3
f 9993/6/3 9992/6/3 9991/6/3
f 9994/6/3 9992/6/3 9993/6/3
f 9997/6/3 9995/6/3 9994/6/3
f 9998/6/3 9995/6/3 9997/6/3
f 9999/6/3 9997/6/3 9996/6/3
f 10000/6/3 9997/6/3 9999/6/3
f 10005/6/3 10002/6/3 10001/6/3
f 10006/6/3 10002/6/3 10005/6/3
f 10007/6/3 10004/6/3 10003/6/3
f 10008/6/3 10004/6/3 10007/6/3
f 10011/6/3 10010/6/3 10009/6/3
f 10012/6/3 10010/6/3 10011/6/3
f 10015/4/3 10014/4/3 10013/4/3
f 10016/4/3 10014/4/3 10015/4/3
f 10019/4/3 10018/4/3 10017/4/3
f 10020/4/3 10018/4/3 10019/4/3
f 10023/4/3 10022/4/3 10021/4/3
f 10024/4/3 10022/4/3 10023/4/3
f 10027/6/3 10026/6/3 10025/6/3
f 10028/6/3 10026/6/3 10027/6/3
f 10031/9/3 10030/9/3 10029/9/3
f 10032/9/3 10030/9/3 10031/9/3
f 10035/7/3 10034/7/3 10033/7/3
f 10037/7/3 10035/7/3 10033/7/3
f 10037/7/3 10036/7/3 10035/7/3
f 10038/7/3 10036/7/3 10037/7/3
f 10039/7/3 10036/7/3 10038/7/3
f 10041/7/3 10039/7/3 10038/7/3
f 10041/7/3 10040/7/3 10039/7/3
f 10042/7/3 10040/7/3 10041/7/3
f 10043/7/3 10040/7/3 10042/7/3
f 10045/7/3 10044/7/3 10043/7/3
f 10045/7/3 10043/7/3 10042/7/3
f 10046/7/3 10044/7/3 10045/7/3
f 10048/6/3 10046/6/3 10045/6/3
f 10049/6/3 10046/6/3 10048/6/3
f 10050/6/3 10046/6/3 10049/6/3
f 10052/6/3 10048/6/3 10047/6/3
f 10052/6/3 10049/6/3 10048/6/3
f 10053/6/3 10049/6/3 10052/6/3
f 10054/6/3 10049/6/3 10053/6/3
f 10056/6/3 10052/6/3 10051/6/3
f 10056/6/3 10053/6/3 10052/6/3
f 10057/6/3 10053/6/3 10056/6/3
f 10058/6/3 10053/6/3 10057/6/3
f 10060/6/3 10056/6/3 10055/6/3
f 10060/6/3 10057/6/3 10056/6/3
f 10061/6/3 10057/6/3 10060/6/3
f 10062/6/3 10057/6/3 10061/6/3
f 10064/6/3 10060/6/3 10059/6/3
f 10064/6/3 10061/6/3 10060/6/3
f 10065/6/3 10061/6/3 10064/6/3
f 10066/6/3 10061/6/3 10065/6/3
f 10068/6/3 10064/6/3 10063/6/3
f 10068/6/3 10065/6/3 10064/6/3
f 10069/6/3 10065/6/3 10068/6/3
f 10070/6/3 10065/6/3 10069/6/3
f 10072/6/3 10068/6/3 10067/6/3
f 10072/6/3 10069/6/3 10068/6/3
f 10073/6/3 10069/6/3 10072/6/3
f 10075/6/3 10072/6/3 10071/6/3
f 10076/6/3 10072/6/3 10075/6/3
f 10077/6/3 10074/6/3 10073/6/3
f 10078/6/3 10074/6/3 10077/6/3
f 10079/6/3 10077/6/3 10076/6/3
f 10080/6/3 10077/6/3 10079/6/3
f 10081/6/3 10077/6/3 10080/6/3
f 10083/6/3 10082/6/3 10081/6/3
f 10083/6/3 10081/6/3 10080/6/3
f 10084/6/3 10082/6/3 10083/6/3
f 10085/6/3 10082/6/3 10084/6/3
f 10087/6/3 10085/6/3 10084/6/3
f 10087/6/3 10086/6/3 10085/6/3
f 10088/6/3 10086/6/3 10087/6/3
f 10089/6/3 10086/6/3 10088/6/3
f 10091/6/3 10089/6/3 10088/6/3
f 10091/6/3 10090/6/3 10089/6/3
f 10092/6/3 10090/6/3 10091/6/3
f 10093/6/3 10090/6/3 10092/6/3
f 10095/6/3 10093/6/3 10092/6/3
f 10095/6/3 10094/6/3 10093/6/3
f 10096/6/3 10094/6/3 10095/6/3
f 10097/6/3 10094/6/3 10096/6/3
f 10099/6/3 10097/6/3 10096/6/3
f 10099/6/3 10098/6/3 10097/6/3
f 10100/6/3 10098/6/3 10099/6/3
f 10101/6/3 10098/6/3 10100/6/3
f 10104/6/3 10101/6/3 10100/6/3
f 10104/6/3 10102/6/3 10101/6/3
f 10105/6/3 10102/6/3 10104/6/3
f 10106/6/3 10102/6/3 10105/6/3
f 10108/7/3 10104/7/3 10103/7/3
f 10108/7/3 10105/7/3 10104/7/3
f 10109/7/3 10105/7/3 10108/7/3
f 10110/7/3 10105/7/3 10109/7/3
f 10111/7/3 10108/7/3 10107/7/3
f 10111/7/3 10109/7/3 10108/7/3
f 10112/7/3 10109/7/3 10111/7/3
f 10113/7/3 10111/7/3 10107/7/3
f 10114/7/3 10111/7/3 10113/7/3
f 10117/4/3 10116/4/3 10115/4/3
f 10118/4/3 10116/4/3 10117/4/3
f 10121/4/3 10120/4/3 10119/4/3
f 10122/4/3 10120/4/3 10121/4/3
f 10125/4/3 10124/4/3 10123/4/3
f 10126/4/3 10124/4/3 10125/4/3
f 10129/6/3 10128/6/3 10127/6/3
f 10130/6/3 10128/6/3 10129/6/3
f 10133/9/3 10132/9/3 10131/9/3
f 10134/9/3 10132/9/3 10133/9/3
f 10137/6/3 10136/6/3 10135/6/3
f 10138/6/3 10136/6/3 10137/6/3
f 10142/4/3 10140/4/3 10139/4/3
f 10143/4/3 10142/4/3 10141/4/3
f 10144/4/3 10140/4/3 10142/4/3
f 10144/4/3 10142/4/3 10143/4/3
f 10147/4/3 10146/4/3 10145/4/3
f 10148/4/3 10147/4/3 10145/4/3
f 10149/4/3 10147/4/3 10148/4/3
f 10152/6/3 10151/6/3 10150/6/3
f 10153/6/3 10151/6/3 10152/6/3
f 10156/9/3 10155/9/3 10154/9/3
f 10157/9/3 10155/9/3 10156/9/3
f 10160/6/3 10159/6/3 10158/6/3
f 10161/6/3 10159/6/3 10160/6/3
f 10164/6/3 10163/6/3 10162/6/3
f 10165/6/3 10163/6/3 10164/6/3
f 10168/6/3 10167/6/3 10166/6/3
f 10169/6/3 10167/6/3 10168/6/3
f 10174/4/3 10171/4/3 10170/4/3
f 10174/4/3 10172/4/3 10171/4/3
f 10175/4/3 10172/4/3 10174/4/3
f 10176/4/3 10172/4/3 10175/4/3
f 10178/4/3 10174/4/3 10173/4/3
f 10178/4/3 10175/4/3 10174/4/3
f 10179/4/3 10175/4/3 10178/4/3
f 10180/4/3 10175/4/3 10179/4/3
f 10181/4/3 10178/4/3 10177/4/3
f 10181/4/3 10179/4/3 10178/4/3
f 10182/4/3 10179/4/3 10181/4/3
f 10184/4/3 10181/4/3 10177/4/3
f 10185/4/3 10181/4/3 10184/4/3
f 10187/4/3 10184/4/3 10183/4/3
f 10188/4/3 10184/4/3 10187/4/3
f 10189/4/3 10186/4/3 10185/4/3
f 10190/4/3 10186/4/3 10189/4/3
f 10191/4/3 10186/4/3 10190/4/3
f 10193/4/3 10191/4/3 10190/4/3
f 10193/4/3 10192/4/3 10191/4/3
f 10194/4/3 10192/4/3 10193/4/3
f 10195/4/3 10192/4/3 10194/4/3
f 10198/4/3 10189/4/3 10188/4/3
f 10199/4/3 10195/4/3 10194/4/3
f 10199/4/3 10196/4/3 10195/4/3
f 10200/4/3 10196/4/3 10199/4/3
f 10201/4/3 10196/4/3 10200/4/3
f 10202/4/3 10198/4/3 10197/4/3
f 10202/4/3 10189/4/3 10198/4/3
f 10203/4/3 10189/4/3 10202/4/3
f 10204/4/3 10201/4/3 10200/4/3
f 10205/4/3 10201/4/3 10204/4/3
f 10206/4/3 10202/4/3 10197/4/3
f 10207/4/3 10202/4/3 10206/4/3
f 10211/6/3 10209/6/3 10208/6/3
f 10213/6/3 10211/6/3 10210/6/3
f 10214/6/3 10209/6/3 10211/6/3
f 10214/6/3 10211/6/3 10213/6/3
f 10215/6/3 10209/6/3 10214/6/3
f 10217/6/3 10213/6/3 10212/6/3
f 10217/6/3 10214/6/3 10213/6/3
f 10218/6/3 10214/6/3 10217/6/3
f 10219/6/3 10214/6/3 10218/6/3
f 10221/6/3 10217/6/3 10216/6/3
f 10221/6/3 10218/6/3 10217/6/3
f 10222/6/3 10218/6/3 10221/6/3
f 10223/6/3 10221/6/3 10220/6/3
f 10224/6/3 10221/6/3 10223/6/3
f 10226/6/3 10225/6/3 10224/6/3
f 10227/6/3 10225/6/3 10226/6/3
f 10228/6/3 10225/6/3 10227/6/3
f 10230/6/3 10228/6/3 10227/6/3
f 10230/6/3 10229/6/3 10228/6/3
f 10231/6/3 10229/6/3 10230/6/3
f 10232/6/3 10229/6/3 10231/6/3
f 10234/6/3 10232/6/3 10231/6/3
f 10234/6/3 10233/6/3 10232/6/3
f 10235/6/3 10233/6/3 10234/6/3
f 10236/6/3 10233/6/3 10235/6/3
f 10237/6/3 10233/6/3 10236/6/3
f 10241/9/3 10239/9/3 10238/9/3
f 10242/9/3 10241/9/3 10240/9/3
f 10243/9/3 10239/9/3 10241/9/3
f 10243/9/3 10241/9/3 10242/9/3
f 10244/9/3 10239/9/3 10243/9/3
f 10245/9/3 10239/9/3 10244/9/3
f 10248/6/3 10247/6/3 10246/6/3
f 10249/6/3 10247/6/3 10248/6/3
f 10252/6/3 10251/6/3 10250/6/3
f 10253/6/3 10251/6/3 10252/6/3
f 10256/6/3 10255/6/3 10254/6/3
f 10257/6/3 10255/6/3 10256/6/3
f 10260/6/3 10259/6/3 10258/6/3
f 10261/6/3 10259/6/3 10260/6/3
f 10264/4/3 10263/4/3 10262/4/3
f 10265/4/3 10263/4/3 10264/4/3
f 10268/6/3 10267/6/3 10266/6/3
f 10269/6/3 10267/6/3 10268/6/3
f 10272/9/3 10271/9/3 10270/9/3
f 10273/9/3 10271/9/3 10272/9/3
f 10278/1/3 10275/1/3 10274/1/3
f 10279/1/3 10275/1/3 10278/1/3
f 10280/1/3 10277/1/3 10276/1/3
f 10281/1/3 10277/1/3 10280/1/3
f 10284/6/3 10283/6/3 10282/6/3
f 10285/6/3 10283/6/3 10284/6/3
f 10288/6/3 10287/6/3 10286/6/3
f 10289/6/3 10287/6/3 10288/6/3
f 10292/6/3 10291/6/3 10290/6/3
f 10293/6/3 10291/6/3 10292/6/3
f 10296/6/3 10295/6/3 10294/6/3
f 10297/6/3 10295/6/3 10296/6/3
f 10300/7/3 10299/7/3 10298/7/3
f 10301/7/3 10299/7/3 10300/7/3
f 10304/4/3 10303/4/3 10302/4/3
f 10305/4/3 10303/4/3 10304/4/3
f 10308/6/3 10307/6/3 10306/6/3
f 10309/6/3 10307/6/3 10308/6/3
f 10312/1/3 10311/1/3 10310/1/3
f 10313/1/3 10311/1/3 10312/1/3
f 10318/1/3 10314/1/3 10313/1/3
f 10320/1/3 10316/1/3 10315/1/3
f 10321/1/3 10318/1/3 10317/1/3
f 10322/1/3 10314/1/3 10318/1/3
f 10322/1/3 10318/1/3 10321/1/3
f 10323/1/3 10320/1/3 10319/1/3
f 10324/1/3 10316/1/3 10320/1/3
f 10324/1/3 10320/1/3 10323/1/3
f 10327/6/3 10326/6/3 10325/6/3
f 10328/6/3 10326/6/3 10327/6/3
f 10331/7/3 10330/7/3 10329/7/3
f 10332/7/3 10330/7/3 10331/7/3
f 10335/4/3 10334/4/3 10333/4/3
f 10336/4/3 10334/4/3 10335/4/3
f 10339/6/3 10338/6/3 10337/6/3
f 10340/6/3 10338/6/3 10339/6/3
f 10343/6/3 10342/6/3 10341/6/3
f 10344/6/3 10342/6/3 10343/6/3
f 10347/2/3 10346/2/3 10345/2/3
f 10348/2/3 10346/2/3 10347/2/3
f 10353/1/3 10352/1/3 10351/1/3
f 10354/1/3 10352/1/3 10353/1/3
f 10355/1/3 10350/1/3 10349/1/3
f 10356/1/3 10350/1/3 10355/1/3
f 10357/1/3 10355/1/3 10354/1/3
f 10358/1/3 10355/1/3 10357/1/3
f 10361/6/3 10360/6/3 10359/6/3
f 10362/6/3 10360/6/3 10361/6/3
f 10365/6/3 10364/6/3 10363/6/3
f 10366/6/3 10364/6/3 10365/6/3
f 10369/6/3 10368/6/3 10367/6/3
f 10370/6/3 10368/6/3 10369/6/3
f 10373/4/3 10372/4/3 10371/4/3
f 10374/4/3 10372/4/3 10373/4/3
f 10377/6/3 10376/6/3 10375/6/3
f 10378/6/3 10376/6/3 10377/6/3
f 10381/6/3 10380/6/3 10379/6/3
f 10382/6/3 10380/6/3 10381/6/3
f 10387/3/3 10386/3/3 10385/3/3
f 10388/3/3 10386/3/3 10387/3/3
f 10389/2/3 10384/2/3 10383/2/3
f 10390/2/3 10384/2/3 10389/2/3
f 10395/9/3 10392/9/3 10391/9/3
f 10396/2/3 10394/2/3 10393/2/3
f 10397/2/3 10394/2/3 10396/2/3
f 10398/9/3 10395/9/3 10391/9/3
f 10399/9/3 10395/9/3 10398/9/3
f 10400/9/3 10395/9/3 10399/9/3
f 10401/9/3 10395/9/3 10400/9/3
f 10402/9/3 10395/9/3 10401/9/3
f 10403/9/3 10395/9/3 10402/9/3
f 10404/9/3 10402/9/3 10401/9/3
f 10405/9/3 10402/9/3 10404/9/3
f 10408/6/3 10407/6/3 10406/6/3
f 10409/6/3 10407/6/3 10408/6/3
f 10412/6/3 10411/6/3 10410/6/3
f 10413/6/3 10411/6/3 10412/6/3
f 10418/4/3 10415/4/3 10414/4/3
f 10419/4/3 10415/4/3 10418/4/3
f 10421/4/3 10417/4/3 10416/4/3
f 10422/4/3 10417/4/3 10421/4/3
f 10424/4/3 10420/4/3 10419/4/3
f 10425/4/3 10420/4/3 10424/4/3
f 10426/4/3 10423/4/3 10422/4/3
f 10427/4/3 10423/4/3 10426/4/3
f 10430/4/3 10429/4/3 10428/4/3
f 10431/4/3 10429/4/3 10430/4/3
f 10434/6/3 10433/6/3 10432/6/3
f 10435/6/3 10433/6/3 10434/6/3
f 10442/3/3 10439/3/3 10438/3/3
f 10443/3/3 10439/3/3 10442/3/3
f 10444/3/3 10441/3/3 10440/3/3
f 10445/3/3 10441/3/3 10444/3/3
f 10446/2/3 10437/2/3 10436/2/3
f 10447/2/3 10437/2/3 10446/2/3
f 10451/2/3 10449/2/3 10448/2/3
f 10452/2/3 10449/2/3 10451/2/3
f 10455/2/3 10451/2/3 10450/2/3
f 10456/2/3 10451/2/3 10455/2/3
f 10457/9/3 10454/9/3 10453/9/3
f 10458/9/3 10454/9/3 10457/9/3
f 10463/9/3 10460/9/3 10459/9/3
f 10464/9/3 10460/9/3 10463/9/3
f 10465/9/3 10462/9/3 10461/9/3
f 10466/9/3 10462/9/3 10465/9/3
f 10467/9/3 10465/9/3 10464/9/3
f 10468/9/3 10465/9/3 10467/9/3
f 10471/1/3 10470/1/3 10469/1/3
f 10472/1/3 10470/1/3 10471/1/3
f 10475/6/3 10474/6/3 10473/6/3
f 10476/6/3 10474/6/3 10475/6/3
f 10479/6/3 10478/6/3 10477/6/3
f 10480/6/3 10478/6/3 10479/6/3
f 10483/6/3 10482/6/3 10481/6/3
f 10484/6/3 10482/6/3 10483/6/3
f 10489/4/3 10486/4/3 10485/4/3
f 10490/4/3 10486/4/3 10489/4/3
f 10494/2/3 10488/2/3 10487/2/3
f 10495/2/3 10488/2/3 10494/2/3
f 10498/2/3 10490/2/3 10489/2/3
f 10499/4/3 10491/4/3 10490/4/3
f 10499/2/3 10490/2/3 10498/2/3
f 10500/4/3 10491/4/3 10499/4/3
f 10501/4/3 10493/4/3 10492/4/3
f 10502/2/3 10494/2/3 10493/2/3
f 10502/4/3 10493/4/3 10501/4/3
f 10503/2/3 10494/2/3 10502/2/3
f 10504/4/3 10496/4/3 10495/4/3
f 10505/4/3 10496/4/3 10504/4/3
f 10506/2/3 10498/2/3 10497/2/3
f 10507/2/3 10498/2/3 10506/2/3
f 10510/2/3 10509/2/3 10508/2/3
f 10511/2/3 10509/2/3 10510/2/3
f 10514/6/3 10513/6/3 10512/6/3
f 10515/6/3 10513/6/3 10514/6/3
f 10518/7/3 10517/7/3 10516/7/3
f 10519/7/3 10517/7/3 10518/7/3
f 10522/2/3 10521/2/3 10520/2/3
f 10523/2/3 10521/2/3 10522/2/3
f 10526/2/3 10525/2/3 10524/2/3
f 10527/2/3 10525/2/3 10526/2/3
f 10530/9/3 10529/9/3 10528/9/3
f 10531/9/3 10529/9/3 10530/9/3
f 10536/9/3 10533/9/3 10532/9/3
f 10537/9/3 10533/9/3 10536/9/3
f 10538/9/3 10535/9/3 10534/9/3
f 10539/9/3 10535/9/3 10538/9/3
f 10540/9/3 10538/9/3 10537/9/3
f 10541/9/3 10538/9/3 10540/9/3
f 10546/6/3 10543/6/3 10542/6/3
f 10547/6/3 10543/6/3 10546/6/3
f 10548/6/3 10545/6/3 10544/6/3
f 10549/6/3 10545/6/3 10548/6/3
f 10552/7/3 10551/7/3 10550/7/3
f 10553/7/3 10551/7/3 10552/7/3
f 10555/6/3 10553/6/3 10552/6/3
f 10557/6/3 10555/6/3 10554/6/3
f 10558/6/3 10553/6/3 10555/6/3
f 10558/6/3 10555/6/3 10557/6/3
f 10559/6/3 10553/6/3 10558/6/3
f 10561/6/3 10557/6/3 10556/6/3
f 10561/6/3 10558/6/3 10557/6/3
f 10562/6/3 10558/6/3 10561/6/3
f 10563/6/3 10558/6/3 10562/6/3
f 10565/6/3 10561/6/3 10560/6/3
f 10565/6/3 10562/6/3 10561/6/3
f 10566/6/3 10562/6/3 10565/6/3
f 10567/6/3 10565/6/3 10564/6/3
f 10568/6/3 10565/6/3 10567/6/3
f 10570/6/3 10569/6/3 10568/6/3
f 10571/6/3 10569/6/3 10570/6/3
f 10572/6/3 10569/6/3 10571/6/3
f 10574/6/3 10572/6/3 10571/6/3
f 10574/6/3 10573/6/3 10572/6/3
f 10575/6/3 10573/6/3 10574/6/3
f 10576/6/3 10573/6/3 10575/6/3
f 10578/6/3 10576/6/3 10575/6/3
f 10578/6/3 10577/6/3 10576/6/3
f 10579/6/3 10577/6/3 10578/6/3
f 10580/6/3 10577/6/3 10579/6/3
f 10584/6/3 10580/6/3 10579/6/3
f 10585/7/3 10581/7/3 10580/7/3
f 10585/6/3 10580/6/3 10584/6/3
f 10586/7/3 10581/7/3 10585/7/3
f 10587/2/3 10583/2/3 10582/2/3
f 10588/2/3 10583/2/3 10587/2/3
f 10591/2/3 10590/2/3 10589/2/3
f 10592/2/3 10590/2/3 10591/2/3
f 10595/2/3 10594/2/3 10593/2/3
f 10596/2/3 10594/2/3 10595/2/3
f 10599/6/3 10598/6/3 10597/6/3
f 10600/6/3 10598/6/3 10599/6/3
f 10603/6/3 10601/6/3 10600/6/3
f 10604/6/3 10601/6/3 10603/6/3
f 10606/6/3 10603/6/3 10602/6/3
f 10607/6/3 10603/6/3 10606/6/3
f 10608/6/3 10606/6/3 10605/6/3
f 10609/6/3 10606/6/3 10608/6/3
f 10611/6/3 10610/6/3 10609/6/3
f 10612/6/3 10610/6/3 10611/6/3
f 10615/6/3 10613/6/3 10612/6/3
f 10616/6/3 10613/6/3 10615/6/3
f 10617/6/3 10615/6/3 10614/6/3
f 10618/6/3 10615/6/3 10617/6/3
f 10621/7/3 10620/7/3 10619/7/3
f 10622/7/3 10620/7/3 10621/7/3
f 10629/2/3 10624/2/3 10623/2/3
f 10630/2/3 10624/2/3 10629/2/3
f 10631/2/3 10626/2/3 10625/2/3
f 10632/2/3 10626/2/3 10631/2/3
f 10633/2/3 10628/2/3 10627/2/3
f 10634/2/3 10628/2/3 10633/2/3
f 10637/9/3 10636/9/3 10635/9/3
f 10638/9/3 10636/9/3 10637/9/3
f 10643/9/3 10640/9/3 10639/9/3
f 10644/9/3 10640/9/3 10643/9/3
f 10645/9/3 10642/9/3 10641/9/3
f 10646/9/3 10642/9/3 10645/9/3
f 10647/9/3 10645/9/3 10644/9/3
f 10648/9/3 10645/9/3 10647/9/3
f 10653/6/3 10650/6/3 10649/6/3
f 10654/6/3 10650/6/3 10653/6/3
f 10655/6/3 10652/6/3 10651/6/3
f 10656/6/3 10652/6/3 10655/6/3
f 10659/7/3 10658/7/3 10657/7/3
f 10660/7/3 10658/7/3 10659/7/3
f 10663/7/3 10662/7/3 10661/7/3
f 10664/7/3 10662/7/3 10663/7/3
f 10667/7/3 10666/7/3 10665/7/3
f 10668/7/3 10666/7/3 10667/7/3
f 10671/2/3 10670/2/3 10669/2/3
f 10672/2/3 10670/2/3 10671/2/3
f 10675/6/3 10674/6/3 10673/6/3
f 10676/6/3 10674/6/3 10675/6/3
f 10677/7/3 10676/7/3 10675/7/3
f 10678/7/3 10676/7/3 10677/7/3
f 10685/2/3 10680/2/3 10679/2/3
f 10686/2/3 10680/2/3 10685/2/3
f 10687/2/3 10682/2/3 10681/2/3
f 10688/2/3 10682/2/3 10687/2/3
f 10689/2/3 10684/2/3 10683/2/3
f 10690/2/3 10684/2/3 10689/2/3
f 10697/9/3 10692/9/3 10691/9/3
f 10698/9/3 10692/9/3 10697/9/3
f 10699/6/3 10694/6/3 10693/6/3
f 10700/6/3 10694/6/3 10699/6/3
f 10701/6/3 10696/6/3 10695/6/3
f 10702/6/3 10696/6/3 10701/6/3
f 10707/9/3 10704/9/3 10703/9/3
f 10708/9/3 10704/9/3 10707/9/3
f 10709/9/3 10706/9/3 10705/9/3
f 10710/9/3 10706/9/3 10709/9/3
f 10715/9/3 10709/9/3 10708/9/3
f 10716/9/3 10709/9/3 10715/9/3
f 10717/6/3 10712/6/3 10711/6/3
f 10718/6/3 10712/6/3 10717/6/3
f 10719/6/3 10714/6/3 10713/6/3
f 10720/6/3 10714/6/3 10719/6/3
f 10727/6/3 10722/6/3 10721/6/3
f 10728/6/3 10722/6/3 10727/6/3
f 10729/6/3 10724/6/3 10723/6/3
f 10730/6/3 10724/6/3 10729/6/3
f 10731/7/3 10726/7/3 10725/7/3
f 10732/7/3 10726/7/3 10731/7/3
f 10733/7/3 10731/7/3 10725/7/3
f 10734/7/3 10731/7/3 10733/7/3
f 10737/6/3 10736/6/3 10735/6/3
f 10738/6/3 10736/6/3 10737/6/3
f 10743/2/3 10740/2/3 10739/2/3
f 10744/2/3 10740/2/3 10743/2/3
f 10745/2/3 10742/2/3 10741/2/3
f 10746/2/3 10742/2/3 10745/2/3
f 10750/2/3 10748/2/3 10747/2/3
f 10752/2/3 10750/2/3 10749/2/3
f 10753/2/3 10748/2/3 10750/2/3
f 10753/2/3 10750/2/3 10752/2/3
f 10754/2/3 10748/2/3 10753/2/3
f 10756/2/3 10752/2/3 10751/2/3
f 10756/2/3 10753/2/3 10752/2/3
f 10757/2/3 10753/2/3 10756/2/3
f 10758/2/3 10756/2/3 10755/2/3
f 10759/2/3 10756/2/3 10758/2/3
f 10761/2/3 10760/2/3 10759/2/3
f 10762/2/3 10760/2/3 10761/2/3
f 10763/2/3 10760/2/3 10762/2/3
f 10765/2/3 10763/2/3 10762/2/3
f 10765/2/3 10764/2/3 10763/2/3
f 10766/2/3 10764/2/3 10765/2/3
f 10767/2/3 10764/2/3 10766/2/3
f 10768/2/3 10764/2/3 10767/2/3
f 10771/6/3 10770/6/3 10769/6/3
f 10772/6/3 10770/6/3 10771/6/3
f 10776/2/3 10774/2/3 10773/2/3
f 10777/2/3 10774/2/3 10776/2/3
f 10781/6/3 10776/6/3 10775/6/3
f 10782/2/3 10777/2/3 10776/2/3
f 10782/6/3 10776/6/3 10781/6/3
f 10782/2/3 10778/2/3 10777/2/3
f 10783/2/3 10778/2/3 10782/2/3
f 10787/2/3 10780/2/3 10779/2/3
f 10788/6/3 10782/6/3 10781/6/3
f 10789/6/3 10782/6/3 10788/6/3
f 10790/2/3 10778/2/3 10783/2/3
f 10792/2/3 10785/2/3 10784/2/3
f 10794/2/3 10787/2/3 10786/2/3
f 10795/2/3 10780/2/3 10787/2/3
f 10795/2/3 10787/2/3 10794/2/3
f 10796/2/3 10780/2/3 10795/2/3
f 10798/2/3 10790/2/3 10789/2/3
f 10799/2/3 10778/2/3 10790/2/3
f 10799/2/3 10790/2/3 10798/2/3
f 10800/2/3 10778/2/3 10799/2/3
f 10802/2/3 10792/2/3 10791/2/3
f 10803/2/3 10785/2/3 10792/2/3
f 10803/2/3 10792/2/3 10802/2/3
f 10804/2/3 10785/2/3 10803/2/3
f 10806/2/3 10794/2/3 10793/2/3
f 10806/2/3 10795/2/3 10794/2/3
f 10807/2/3 10795/2/3 10806/2/3
f 10808/2/3 10798/2/3 10797/2/3
f 10808/2/3 10799/2/3 10798/2/3
f 10809/2/3 10799/2/3 10808/2/3
f 10810/2/3 10802/2/3 10801/2/3
f 10810/2/3 10803/2/3 10802/2/3
f 10811/2/3 10803/2/3 10810/2/3
f 10812/2/3 10806/2/3 10805/2/3
f 10813/2/3 10806/2/3 10812/2/3
f 10814/2/3 10808/2/3 10807/2/3
f 10815/2/3 10808/2/3 10814/2/3
f 10816/2/3 10810/2/3 10809/2/3
f 10817/2/3 10810/2/3 10816/2/3
f 10819/2/3 10814/2/3 10813/2/3
f 10820/2/3 10814/2/3 10819/2/3
f 10821/2/3 10814/2/3 10820/2/3
f 10823/2/3 10816/2/3 10815/2/3
f 10824/2/3 10816/2/3 10823/2/3
f 10825/2/3 10816/2/3 10824/2/3
f 10827/2/3 10818/2/3 10817/2/3
f 10828/2/3 10818/2/3 10827/2/3
f 10829/2/3 10818/2/3 10828/2/3
f 10831/2/3 10822/2/3 10821/2/3
f 10831/2/3 10821/2/3 10820/2/3
f 10832/2/3 10822/2/3 10831/2/3
f 10833/2/3 10822/2/3 10832/2/3
f 10835/2/3 10826/2/3 10825/2/3
f 10835/2/3 10825/2/3 10824/2/3
f 10836/2/3 10826/2/3 10835/2/3
f 10837/2/3 10829/2/3 10828/2/3
f 10837/2/3 10830/2/3 10829/2/3
f 10838/2/3 10830/2/3 10837/2/3
f 10839/2/3 10833/2/3 10832/2/3
f 10840/3/3 10834/3/3 10833/3/3
f 10840/2/3 10833/2/3 10839/2/3
f 10841/3/3 10834/3/3 10840/3/3
f 10843/2/3 10826/2/3 10836/2/3
f 10844/2/3 10830/2/3 10838/2/3
f 10845/2/3 10830/2/3 10844/2/3
f 10846/3/3 10840/3/3 10839/3/3
f 10847/3/3 10840/3/3 10846/3/3
f 10848/2/3 10843/2/3 10842/2/3
f 10848/2/3 10826/2/3 10843/2/3
f 10849/2/3 10826/2/3 10848/2/3
f 10850/2/3 10848/2/3 10842/2/3
f 10851/2/3 10848/2/3 10850/2/3
f 10858/9/3 10853/9/3 10852/9/3
f 10859/9/3 10853/9/3 10858/9/3
f 10860/6/3 10855/6/3 10854/6/3
f 10861/6/3 10855/6/3 10860/6/3
f 10862/6/3 10857/6/3 10856/6/3
f 10863/6/3 10857/6/3 10862/6/3
f 10872/9/3 10865/9/3 10864/9/3
f 10873/9/3 10865/9/3 10872/9/3
f 10874/9/3 10867/9/3 10866/9/3
f 10875/9/3 10867/9/3 10874/9/3
f 10876/9/3 10874/9/3 10873/9/3
f 10877/9/3 10874/9/3 10876/9/3
f 10878/6/3 10869/6/3 10868/6/3
f 10879/6/3 10869/6/3 10878/6/3
f 10880/6/3 10871/6/3 10870/6/3
f 10881/6/3 10871/6/3 10880/6/3
f 10886/6/3 10883/6/3 10882/6/3
f 10887/6/3 10883/6/3 10886/6/3
f 10888/6/3 10885/6/3 10884/6/3
f 10889/6/3 10885/6/3 10888/6/3
f 10892/6/3 10891/6/3 10890/6/3
f 10893/6/3 10891/6/3 10892/6/3
f 10896/4/3 10895/4/3 10894/4/3
f 10897/4/3 10895/4/3 10896/4/3
f 10904/2/3 10899/2/3 10898/2/3
f 10905/2/3 10899/2/3 10904/2/3
f 10906/2/3 10901/2/3 10900/2/3
f 10907/2/3 10901/2/3 10906/2/3
f 10908/4/3 10903/4/3 10902/4/3
f 10909/4/3 10903/4/3 10908/4/3
f 10912/4/3 10911/4/3 10910/4/3
f 10913/4/3 10911/4/3 10912/4/3
f 10916/6/3 10915/6/3 10914/6/3
f 10917/6/3 10915/6/3 10916/6/3
f 10920/3/3 10919/3/3 10918/3/3
f 10921/3/3 10919/3/3 10920/3/3
f 10924/3/3 10923/3/3 10922/3/3
f 10925/3/3 10923/3/3 10924/3/3
f 10928/3/3 10927/3/3 10926/3/3
f 10929/3/3 10927/3/3 10928/3/3
f 10933/1/3 10931/1/3 10930/1/3
f 10934/1/3 10931/1/3 10933/1/3
f 10935/1/3 10931/1/3 10934/1/3
f 10936/1/3 10933/1/3 10932/1/3
f 10936/1/3 10934/1/3 10933/1/3
f 10937/1/3 10934/1/3 10936/1/3
f 10944/9/3 10939/9/3 10938/9/3
f 10945/9/3 10939/9/3 10944/9/3
f 10948/6/3 10941/6/3 10940/6/3
f 10949/6/3 10941/6/3 10948/6/3
f 10952/6/3 10943/6/3 10942/6/3
f 10953/6/3 10943/6/3 10952/6/3
f 10961/1/3 10955/1/3 10954/1/3
f 10962/9/3 10957/9/3 10956/9/3
f 10963/9/3 10957/9/3 10962/9/3
f 10964/9/3 10959/9/3 10958/9/3
f 10965/9/3 10959/9/3 10964/9/3
f 10966/6/3 10947/6/3 10946/6/3
f 10967/6/3 10947/6/3 10966/6/3
f 10970/6/3 10951/6/3 10950/6/3
f 10971/6/3 10951/6/3 10970/6/3
f 10974/1/3 10961/1/3 10960/1/3
f 10975/1/3 10955/1/3 10961/1/3
f 10975/1/3 10961/1/3 10974/1/3
f 10976/9/3 10964/9/3 10963/9/3
f 10977/9/3 10964/9/3 10976/9/3
f 10978/6/3 10969/6/3 10968/6/3
f 10979/6/3 10969/6/3 10978/6/3
f 10980/6/3 10973/6/3 10972/6/3
f 10981/6/3 10973/6/3 10980/6/3
f 10984/1/3 10983/1/3 10982/1/3
f 10985/1/3 10983/1/3 10984/1/3
f 10987/1/3 10986/1/3 10985/1/3
f 10991/1/3 10988/1/3 10987/1/3
f 10991/1/3 10987/1/3 10985/1/3
f 10992/1/3 10988/1/3 10991/1/3
f 10994/1/3 10990/1/3 10989/1/3
f 10995/1/3 10990/1/3 10994/1/3
f 10996/1/3 10994/1/3 10993/1/3
f 10997/1/3 10994/1/3 10996/1/3
f 11002/6/3 10999/6/3 10998/6/3
f 11003/6/3 10999/6/3 11002/6/3
f 11007/4/3 11001/4/3 11000/4/3
f 11008/4/3 11001/4/3 11007/4/3
f 11009/2/3 11005/2/3 11004/2/3
f 11010/2/3 11005/2/3 11009/2/3
f 11011/2/3 11008/2/3 11007/2/3
f 11011/2/3 11007/2/3 11006/2/3
f 11012/2/3 11008/2/3 11011/2/3
f 11013/2/3 11008/2/3 11012/2/3
f 11016/2/3 11005/2/3 11010/2/3
f 11017/2/3 11005/2/3 11016/2/3
f 11018/2/3 11005/2/3 11017/2/3
f 11020/2/3 11013/2/3 11012/2/3
f 11020/2/3 11014/2/3 11013/2/3
f 11021/2/3 11014/2/3 11020/2/3
f 11022/2/3 11014/2/3 11021/2/3
f 11025/2/3 11017/2/3 11016/2/3
f 11025/2/3 11016/2/3 11015/2/3
f 11026/2/3 11017/2/3 11025/2/3
f 11027/2/3 11021/2/3 11020/2/3
f 11027/2/3 11020/2/3 11019/2/3
f 11028/2/3 11021/2/3 11027/2/3
f 11029/4/3 11023/4/3 11022/4/3
f 11030/4/3 11023/4/3 11029/4/3
f 11032/2/3 11025/2/3 11024/2/3
f 11033/2/3 11025/2/3 11032/2/3
f 11034/2/3 11027/2/3 11026/2/3
f 11035/2/3 11027/2/3 11034/2/3
f 11036/2/3 11032/2/3 11024/2/3
f 11037/2/3 11032/2/3 11036/2/3
f 11038/2/3 11025/2/3 11033/2/3
f 11039/2/3 11025/2/3 11038/2/3
f 11041/2/3 11027/2/3 11035/2/3
f 11042/2/3 11027/2/3 11041/2/3
f 11043/4/3 11029/4/3 11028/4/3
f 11044/4/3 11029/4/3 11043/4/3
f 11045/4/3 11031/4/3 11030/4/3
f 11046/4/3 11031/4/3 11045/4/3
f 11047/2/3 11040/2/3 11039/2/3
f 11048/2/3 11040/2/3 11047/2/3
f 11049/2/3 11040/2/3 11048/2/3
f 11051/2/3 11043/2/3 11042/2/3
f 11052/2/3 11043/2/3 11051/2/3
f 11053/2/3 11043/2/3 11052/2/3
f 11054/4/3 11045/4/3 11044/4/3
f 11055/4/3 11045/4/3 11054/4/3
f 11056/2/3 11050/2/3 11049/2/3
f 11056/2/3 11049/2/3 11048/2/3
f 11057/2/3 11050/2/3 11056/2/3
f 11059/2/3 11053/2/3 11052/2/3
f 11059/2/3 11054/2/3 11053/2/3
f 11060/2/3 11054/2/3 11059/2/3
f 11064/4/3 11057/4/3 11056/4/3
f 11065/2/3 11050/2/3 11057/2/3
f 11065/4/3 11057/4/3 11064/4/3
f 11066/4/3 11059/4/3 11058/4/3
f 11066/4/3 11060/4/3 11059/4/3
f 11067/4/3 11060/4/3 11066/4/3
f 11068/2/3 11054/2/3 11060/2/3
f 11068/4/3 11060/4/3 11067/4/3
f 11071/4/3 11062/4/3 11061/4/3
f 11072/4/3 11062/4/3 11071/4/3
f 11073/4/3 11064/4/3 11063/4/3
f 11074/2/3 11065/2/3 11064/2/3
f 11074/4/3 11064/4/3 11073/4/3
f 11075/2/3 11050/2/3 11065/2/3
f 11075/2/3 11065/2/3 11074/2/3
f 11076/2/3 11050/2/3 11075/2/3
f 11079/2/3 11068/2/3 11067/2/3
f 11080/2/3 11054/2/3 11068/2/3
f 11080/2/3 11068/2/3 11079/2/3
f 11081/2/3 11054/2/3 11080/2/3
f 11082/4/3 11073/4/3 11072/4/3
f 11083/2/3 11074/2/3 11073/2/3
f 11083/4/3 11073/4/3 11082/4/3
f 11083/2/3 11075/2/3 11074/2/3
f 11084/2/3 11075/2/3 11083/2/3
f 11085/4/3 11078/4/3 11077/4/3
f 11086/2/3 11080/2/3 11079/2/3
f 11086/4/3 11078/4/3 11085/4/3
f 11086/2/3 11079/2/3 11078/2/3
f 11087/2/3 11080/2/3 11086/2/3
f 11088/2/3 11070/2/3 11069/2/3
f 11089/2/3 11070/2/3 11088/2/3
f 11092/6/3 11091/6/3 11090/6/3
f 11093/6/3 11091/6/3 11092/6/3
f 11096/6/3 11095/6/3 11094/6/3
f 11097/6/3 11095/6/3 11096/6/3
f 11100/2/3 11099/2/3 11098/2/3
f 11101/2/3 11099/2/3 11100/2/3
f 11106/1/3 11103/1/3 11102/1/3
f 11107/1/3 11103/1/3 11106/1/3
f 11109/1/3 11105/1/3 11104/1/3
f 11110/1/3 11105/1/3 11109/1/3
f 11111/1/3 11105/1/3 11110/1/3
f 11113/6/3 11108/6/3 11107/6/3
f 11113/6/3 11107/6/3 11106/6/3
f 11114/6/3 11108/6/3 11113/6/3
f 11115/6/3 11108/6/3 11114/6/3
f 11117/6/3 11110/6/3 11109/6/3
f 11118/6/3 11110/6/3 11117/6/3
f 11119/6/3 11110/6/3 11118/6/3
f 11120/6/3 11113/6/3 11112/6/3
f 11120/6/3 11114/6/3 11113/6/3
f 11121/6/3 11114/6/3 11120/6/3
f 11122/6/3 11114/6/3 11121/6/3
f 11124/6/3 11118/6/3 11117/6/3
f 11124/6/3 11117/6/3 11116/6/3
f 11125/6/3 11118/6/3 11124/6/3
f 11126/6/3 11118/6/3 11125/6/3
f 11128/6/3 11125/6/3 11124/6/3
f 11128/6/3 11124/6/3 11123/6/3
f 11129/6/3 11125/6/3 11128/6/3
f 11130/6/3 11125/6/3 11129/6/3
f 11135/6/3 11128/6/3 11127/6/3
f 11135/6/3 11129/6/3 11128/6/3
f 11136/6/3 11129/6/3 11135/6/3
f 11137/6/3 11129/6/3 11136/6/3
f 11139/6/3 11133/6/3 11132/6/3
f 11139/6/3 11132/6/3 11131/6/3
f 11140/6/3 11133/6/3 11139/6/3
f 11141/6/3 11133/6/3 11140/6/3
f 11143/6/3 11136/6/3 11135/6/3
f 11143/6/3 11135/6/3 11134/6/3
f 11144/6/3 11136/6/3 11143/6/3
f 11145/6/3 11136/6/3 11144/6/3
f 11147/6/3 11140/6/3 11139/6/3
f 11147/6/3 11139/6/3 11138/6/3
f 11148/6/3 11140/6/3 11147/6/3
f 11149/6/3 11140/6/3 11148/6/3
f 11151/6/3 11144/6/3 11143/6/3
f 11151/6/3 11143/6/3 11142/6/3
f 11152/6/3 11144/6/3 11151/6/3
f 11153/6/3 11144/6/3 11152/6/3
f 11159/6/3 11147/6/3 11146/6/3
f 11159/6/3 11148/6/3 11147/6/3
f 11160/6/3 11148/6/3 11159/6/3
f 11163/6/3 11152/6/3 11151/6/3
f 11163/6/3 11151/6/3 11150/6/3
f 11164/6/3 11152/6/3 11163/6/3
f 11168/1/3 11155/1/3 11154/1/3
f 11169/1/3 11155/1/3 11168/1/3
f 11171/9/3 11157/9/3 11156/9/3
f 11172/9/3 11157/9/3 11171/9/3
f 11173/6/3 11167/6/3 11166/6/3
f 11173/6/3 11166/6/3 11165/6/3
f 11173/6/3 11165/6/3 11164/6/3
f 11174/6/3 11167/6/3 11173/6/3
f 11179/6/3 11159/6/3 11158/6/3
f 11180/6/3 11159/6/3 11179/6/3
f 11181/6/3 11162/6/3 11161/6/3
f 11181/6/3 11161/6/3 11160/6/3
f 11181/6/3 11163/6/3 11162/6/3
f 11182/6/3 11163/6/3 11181/6/3
f 11183/6/3 11163/6/3 11182/6/3
f 11184/6/3 11163/6/3 11183/6/3
f 11185/6/3 11173/6/3 11164/6/3
f 11186/6/3 11173/6/3 11185/6/3
f 11187/6/3 11173/6/3 11186/6/3
f 11188/6/3 11173/6/3 11187/6/3
f 11190/1/3 11170/1/3 11169/1/3
f 11191/1/3 11170/1/3 11190/1/3
f 11192/9/3 11176/9/3 11175/9/3
f 11193/9/3 11176/9/3 11192/9/3
f 11194/9/3 11178/9/3 11177/9/3
f 11195/9/3 11178/9/3 11194/9/3
f 11196/6/3 11181/6/3 11180/6/3
f 11197/6/3 11181/6/3 11196/6/3
f 11198/6/3 11181/6/3 11197/6/3
f 11200/6/3 11185/6/3 11184/6/3
f 11201/6/3 11185/6/3 11200/6/3
f 11202/6/3 11185/6/3 11201/6/3
f 11204/1/3 11190/1/3 11189/1/3
f 11205/1/3 11190/1/3 11204/1/3
f 11206/9/3 11194/9/3 11193/9/3
f 11207/9/3 11194/9/3 11206/9/3
f 11208/6/3 11199/6/3 11198/6/3
f 11208/6/3 11198/6/3 11197/6/3
f 11209/6/3 11199/6/3 11208/6/3
f 11210/6/3 11199/6/3 11209/6/3
f 11212/6/3 11203/6/3 11202/6/3
f 11212/6/3 11202/6/3 11201/6/3
f 11213/6/3 11203/6/3 11212/6/3
f 11214/6/3 11203/6/3 11213/6/3
f 11216/6/3 11211/6/3 11210/6/3
f 11216/6/3 11210/6/3 11209/6/3
f 11217/6/3 11211/6/3 11216/6/3
f 11218/6/3 11211/6/3 11217/6/3
f 11220/6/3 11215/6/3 11214/6/3
f 11220/6/3 11214/6/3 11213/6/3
f 11221/6/3 11215/6/3 11220/6/3
f 11222/6/3 11215/6/3 11221/6/3
f 11224/6/3 11219/6/3 11218/6/3
f 11224/6/3 11218/6/3 11217/6/3
f 11225/6/3 11219/6/3 11224/6/3
f 11226/6/3 11219/6/3 11225/6/3
f 11228/6/3 11223/6/3 11222/6/3
f 11228/6/3 11222/6/3 11221/6/3
f 11229/6/3 11223/6/3 11228/6/3
f 11230/6/3 11223/6/3 11229/6/3
f 11232/6/3 11227/6/3 11226/6/3
f 11232/6/3 11226/6/3 11225/6/3
f 11233/6/3 11227/6/3 11232/6/3
f 11234/6/3 11227/6/3 11233/6/3
f 11236/6/3 11231/6/3 11230/6/3
f 11236/6/3 11230/6/3 11229/6/3
f 11237/6/3 11231/6/3 11236/6/3
f 11238/6/3 11231/6/3 11237/6/3
f 11241/6/3 11235/6/3 11234/6/3
f 11242/6/3 11235/6/3 11241/6/3
f 11244/6/3 11239/6/3 11238/6/3
f 11244/6/3 11238/6/3 11237/6/3
f 11245/6/3 11239/6/3 11244/6/3
f 11246/6/3 11239/6/3 11245/6/3
f 11249/6/3 11243/6/3 11242/6/3
f 11250/6/3 11243/6/3 11249/6/3
f 11252/6/3 11247/6/3 11246/6/3
f 11252/6/3 11246/6/3 11245/6/3
f 11253/1/3 11248/1/3 11247/1/3
f 11253/6/3 11247/6/3 11252/6/3
f 11254/1/3 11241/1/3 11240/1/3
f 11255/1/3 11241/1/3 11254/1/3
f 11256/1/3 11251/1/3 11250/1/3
f 11257/1/3 11251/1/3 11256/1/3
f 11258/6/3 11252/6/3 11245/6/3
f 11259/6/3 11252/6/3 11258/6/3
f 11260/1/3 11248/1/3 11253/1/3
f 11261/1/3 11248/1/3 11260/1/3
f 11262/1/3 11256/1/3 11255/1/3
f 11263/1/3 11256/1/3 11262/1/3
f 11264/1/3 11260/1/3 11259/1/3
f 11265/1/3 11260/1/3 11264/1/3
f 11270/7/3 11267/7/3 11266/7/3
f 11271/7/3 11267/7/3 11270/7/3
f 11272/4/3 11269/4/3 11268/4/3
f 11273/4/3 11269/4/3 11272/4/3
f 11274/4/3 11269/4/3 11273/4/3
f 11279/2/3 11276/2/3 11275/2/3
f 11280/2/3 11276/2/3 11279/2/3
f 11281/2/3 11278/2/3 11277/2/3
f 11282/2/3 11278/2/3 11281/2/3
f 11283/2/3 11278/2/3 11282/2/3
f 11286/2/3 11285/2/3 11284/2/3
f 11287/2/3 11285/2/3 11286/2/3
f 11290/2/3 11289/2/3 11288/2/3
f 11291/2/3 11289/2/3 11290/2/3
f 11294/6/3 11293/6/3 11292/6/3
f 11295/6/3 11293/6/3 11294/6/3
f 11303/2/3 11297/2/3 11296/2/3
f 11304/2/3 11297/2/3 11303/2/3
f 11305/2/3 11299/2/3 11298/2/3
f 11306/2/3 11299/2/3 11305/2/3
f 11307/2/3 11301/2/3 11300/2/3
f 11308/3/3 11302/3/3 11301/3/3
f 11308/2/3 11301/2/3 11307/2/3
f 11309/3/3 11302/3/3 11308/3/3
f 11310/3/3 11308/3/3 11307/3/3
f 11311/3/3 11308/3/3 11310/3/3
f 11316/1/3 11313/1/3 11312/1/3
f 11317/1/3 11313/1/3 11316/1/3
f 11320/6/3 11315/6/3 11314/6/3
f 11321/6/3 11315/6/3 11320/6/3
f 11322/1/3 11319/1/3 11318/1/3
f 11323/1/3 11319/1/3 11322/1/3
f 11326/6/3 11325/6/3 11324/6/3
f 11327/6/3 11325/6/3 11326/6/3
f 11330/1/3 11329/1/3 11328/1/3
f 11331/1/3 11329/1/3 11330/1/3
f 11334/9/3 11333/9/3 11332/9/3
f 11335/9/3 11333/9/3 11334/9/3
f 11340/9/3 11337/9/3 11336/9/3
f 11341/9/3 11337/9/3 11340/9/3
f 11342/9/3 11339/9/3 11338/9/3
f 11343/9/3 11339/9/3 11342/9/3
f 11344/9/3 11342/9/3 11341/9/3
f 11345/9/3 11342/9/3 11344/9/3
f 11348/2/3 11347/2/3 11346/2/3
f 11349/2/3 11347/2/3 11348/2/3
f 11352/2/3 11351/2/3 11350/2/3
f 11353/2/3 11351/2/3 11352/2/3
f 11356/6/3 11355/6/3 11354/6/3
f 11357/6/3 11355/6/3 11356/6/3
f 11361/3/3 11359/3/3 11358/3/3
f 11362/3/3 11359/3/3 11361/3/3
f 11363/3/3 11361/3/3 11360/3/3
f 11364/3/3 11361/3/3 11363/3/3
f 11367/6/3 11366/6/3 11365/6/3
f 11368/6/3 11366/6/3 11367/6/3
f 11373/6/3 11370/6/3 11369/6/3
f 11374/6/3 11370/6/3 11373/6/3
f 11375/6/3 11372/6/3 11371/6/3
f 11376/6/3 11372/6/3 11375/6/3
f 11383/9/3 11378/9/3 11377/9/3
f 11384/9/3 11378/9/3 11383/9/3
f 11385/6/3 11380/6/3 11379/6/3
f 11386/6/3 11380/6/3 11385/6/3
f 11387/6/3 11382/6/3 11381/6/3
f 11388/6/3 11382/6/3 11387/6/3
f 11393/9/3 11390/9/3 11389/9/3
f 11394/9/3 11390/9/3 11393/9/3
f 11395/9/3 11392/9/3 11391/9/3
f 11396/9/3 11392/9/3 11395/9/3
f 11397/9/3 11395/9/3 11394/9/3
f 11398/9/3 11395/9/3 11397/9/3
f 11403/2/3 11400/2/3 11399/2/3
f 11404/2/3 11400/2/3 11403/2/3
f 11405/2/3 11402/2/3 11401/2/3
f 11406/2/3 11402/2/3 11405/2/3
f 11409/6/3 11408/6/3 11407/6/3
f 11410/6/3 11408/6/3 11409/6/3
f 11413/6/3 11412/6/3 11411/6/3
f 11414/6/3 11412/6/3 11413/6/3
f 11419/6/3 11416/6/3 11415/6/3
f 11420/6/3 11416/6/3 11419/6/3
f 11421/2/3 11418/2/3 11417/2/3
f 11422/2/3 11418/2/3 11421/2/3
f 11425/2/3 11424/2/3 11423/2/3
f 11426/2/3 11424/2/3 11425/2/3
f 11431/6/3 11428/6/3 11427/6/3
f 11432/6/3 11428/6/3 11431/6/3
f 11433/6/3 11430/6/3 11429/6/3
f 11434/6/3 11430/6/3 11433/6/3
f 11441/6/3 11436/6/3 11435/6/3
f 11442/6/3 11436/6/3 11441/6/3
f 11443/6/3 11438/6/3 11437/6/3
f 11444/6/3 11438/6/3 11443/6/3
f 11451/9/3 11446/9/3 11445/9/3
f 11452/9/3 11446/9/3 11451/9/3
f 11453/6/3 11440/6/3 11439/6/3
f 11454/6/3 11440/6/3 11453/6/3
f 11455/6/3 11448/6/3 11447/6/3
f 11456/6/3 11448/6/3 11455/6/3
f 11457/6/3 11450/6/3 11449/6/3
f 11458/6/3 11450/6/3 11457/6/3
f 11463/9/3 11460/9/3 11459/9/3
f 11464/9/3 11460/9/3 11463/9/3
f 11465/9/3 11462/9/3 11461/9/3
f 11466/9/3 11462/9/3 11465/9/3
f 11467/9/3 11465/9/3 11464/9/3
f 11468/9/3 11465/9/3 11467/9/3
f 11471/2/3 11470/2/3 11469/2/3
f 11472/2/3 11470/2/3 11471/2/3
f 11475/6/3 11474/6/3 11473/6/3
f 11476/6/3 11474/6/3 11475/6/3
f 11479/6/3 11478/6/3 11477/6/3
f 11480/6/3 11478/6/3 11479/6/3
f 11483/6/3 11482/6/3 11481/6/3
f 11484/6/3 11482/6/3 11483/6/3
f 11487/6/3 11486/6/3 11485/6/3
f 11488/6/3 11486/6/3 11487/6/3
f 11491/2/3 11490/2/3 11489/2/3
f 11492/2/3 11490/2/3 11491/2/3
f 11495/2/3 11494/2/3 11493/2/3
f 11496/2/3 11494/2/3 11495/2/3
f 11501/6/3 11498/6/3 11497/6/3
f 11502/6/3 11498/6/3 11501/6/3
f 11503/6/3 11500/6/3 11499/6/3
f 11504/6/3 11500/6/3 11503/6/3
f 11511/6/3 11506/6/3 11505/6/3
f 11512/6/3 11506/6/3 11511/6/3
f 11513/6/3 11508/6/3 11507/6/3
f 11514/6/3 11508/6/3 11513/6/3
f 11519/6/3 11510/6/3 11509/6/3
f 11520/6/3 11510/6/3 11519/6/3
f 11521/1/3 11516/1/3 11515/1/3
f 11522/1/3 11516/1/3 11521/1/3
f 11526/9/3 11518/9/3 11517/9/3
f 11527/9/3 11518/9/3 11526/9/3
f 11528/6/3 11522/6/3 11521/6/3
f 11529/6/3 11522/6/3 11528/6/3
f 11530/6/3 11524/6/3 11523/6/3
f 11531/1/3 11525/1/3 11524/1/3
f 11531/6/3 11524/6/3 11530/6/3
f 11532/1/3 11525/1/3 11531/1/3
f 11537/9/3 11534/9/3 11533/9/3
f 11538/9/3 11534/9/3 11537/9/3
f 11539/9/3 11536/9/3 11535/9/3
f 11540/9/3 11536/9/3 11539/9/3
f 11541/9/3 11539/9/3 11538/9/3
f 11542/9/3 11539/9/3 11541/9/3
f 11549/2/3 11544/2/3 11543/2/3
f 11550/2/3 11544/2/3 11549/2/3
f 11551/2/3 11546/2/3 11545/2/3
f 11552/2/3 11546/2/3 11551/2/3
f 11553/2/3 11548/2/3 11547/2/3
f 11554/2/3 11548/2/3 11553/2/3
f 11557/6/3 11556/6/3 11555/6/3
f 11558/6/3 11556/6/3 11557/6/3
f 11561/6/3 11560/6/3 11559/6/3
f 11562/6/3 11560/6/3 11561/6/3
f 11567/6/3 11564/6/3 11563/6/3
f 11568/6/3 11564/6/3 11567/6/3
f 11569/6/3 11566/6/3 11565/6/3
f 11570/6/3 11566/6/3 11569/6/3
f 11573/6/3 11572/6/3 11571/6/3
f 11574/6/3 11572/6/3 11573/6/3
f 11581/6/3 11576/6/3 11575/6/3
f 11582/6/3 11576/6/3 11581/6/3
f 11583/6/3 11578/6/3 11577/6/3
f 11584/6/3 11578/6/3 11583/6/3
f 11585/6/3 11580/6/3 11579/6/3
f 11586/6/3 11580/6/3 11585/6/3
f 11589/9/3 11588/9/3 11587/9/3
f 11590/9/3 11588/9/3 11589/9/3
f 11595/9/3 11592/9/3 11591/9/3
f 11596/9/3 11592/9/3 11595/9/3
f 11597/9/3 11594/9/3 11593/9/3
f 11598/9/3 11594/9/3 11597/9/3
f 11599/9/3 11597/9/3 11596/9/3
f 11600/9/3 11597/9/3 11599/9/3
f 11608/2/3 11602/2/3 11601/2/3
f 11609/2/3 11602/2/3 11608/2/3
f 11610/4/3 11606/4/3 11605/4/3
f 11611/2/3 11607/2/3 11606/2/3
f 11611/4/3 11606/4/3 11610/4/3
f 11612/2/3 11604/2/3 11603/2/3
f 11613/2/3 11604/2/3 11612/2/3
f 11614/2/3 11607/2/3 11611/2/3
f 11615/2/3 11607/2/3 11614/2/3
f 11618/6/3 11617/6/3 11616/6/3
f 11619/6/3 11617/6/3 11618/6/3
f 11622/7/3 11621/7/3 11620/7/3
f 11624/7/3 11622/7/3 11620/7/3
f 11624/7/3 11623/7/3 11622/7/3
f 11625/7/3 11623/7/3 11624/7/3
f 11626/7/3 11623/7/3 11625/7/3
f 11628/7/3 11627/7/3 11626/7/3
f 11628/7/3 11626/7/3 11625/7/3
f 11629/7/3 11627/7/3 11628/7/3
f 11630/7/3 11627/7/3 11629/7/3
f 11632/7/3 11631/7/3 11630/7/3
f 11632/7/3 11630/7/3 11629/7/3
f 11633/7/3 11631/7/3 11632/7/3
f 11635/6/3 11633/6/3 11632/6/3
f 11636/6/3 11633/6/3 11635/6/3
f 11637/6/3 11633/6/3 11636/6/3
f 11639/6/3 11635/6/3 11634/6/3
f 11639/6/3 11636/6/3 11635/6/3
f 11640/6/3 11636/6/3 11639/6/3
f 11641/6/3 11636/6/3 11640/6/3
f 11643/6/3 11639/6/3 11638/6/3
f 11643/6/3 11640/6/3 11639/6/3
f 11644/6/3 11640/6/3 11643/6/3
f 11645/6/3 11640/6/3 11644/6/3
f 11647/6/3 11643/6/3 11642/6/3
f 11647/6/3 11644/6/3 11643/6/3
f 11648/6/3 11644/6/3 11647/6/3
f 11649/6/3 11644/6/3 11648/6/3
f 11651/6/3 11647/6/3 11646/6/3
f 11651/6/3 11648/6/3 11647/6/3
f 11652/6/3 11648/6/3 11651/6/3
f 11653/6/3 11648/6/3 11652/6/3
f 11655/6/3 11651/6/3 11650/6/3
f 11655/6/3 11652/6/3 11651/6/3
f 11656/6/3 11652/6/3 11655/6/3
f 11657/6/3 11652/6/3 11656/6/3
f 11659/6/3 11655/6/3 11654/6/3
f 11659/6/3 11656/6/3 11655/6/3
f 11660/6/3 11656/6/3 11659/6/3
f 11662/6/3 11659/6/3 11658/6/3
f 11663/6/3 11659/6/3 11662/6/3
f 11664/6/3 11661/6/3 11660/6/3
f 11665/6/3 11661/6/3 11664/6/3
f 11666/6/3 11664/6/3 11663/6/3
f 11667/6/3 11664/6/3 11666/6/3
f 11668/6/3 11664/6/3 11667/6/3
f 11670/6/3 11669/6/3 11668/6/3
f 11670/6/3 11668/6/3 11667/6/3
f 11671/6/3 11669/6/3 11670/6/3
f 11672/6/3 11669/6/3 11671/6/3
f 11674/6/3 11672/6/3 11671/6/3
f 11674/6/3 11673/6/3 11672/6/3
f 11675/6/3 11673/6/3 11674/6/3
f 11676/6/3 11673/6/3 11675/6/3
f 11678/6/3 11676/6/3 11675/6/3
f 11678/6/3 11677/6/3 11676/6/3
f 11679/6/3 11677/6/3 11678/6/3
f 11680/6/3 11677/6/3 11679/6/3
f 11682/6/3 11680/6/3 11679/6/3
f 11682/6/3 11681/6/3 11680/6/3
f 11683/6/3 11681/6/3 11682/6/3
f 11684/6/3 11681/6/3 11683/6/3
f 11686/6/3 11684/6/3 11683/6/3
f 11686/6/3 11685/6/3 11684/6/3
f 11687/6/3 11685/6/3 11686/6/3
f 11688/6/3 11685/6/3 11687/6/3
f 11691/6/3 11688/6/3 11687/6/3
f 11691/6/3 11689/6/3 11688/6/3
f 11692/6/3 11689/6/3 11691/6/3
f 11693/6/3 11689/6/3 11692/6/3
f 11695/7/3 11691/7/3 11690/7/3
f 11695/7/3 11692/7/3 11691/7/3
f 11696/7/3 11692/7/3 11695/7/3
f 11697/7/3 11692/7/3 11696/7/3
f 11698/7/3 11695/7/3 11694/7/3
f 11698/7/3 11696/7/3 11695/7/3
f 11699/7/3 11696/7/3 11698/7/3
f 11700/7/3 11698/7/3 11694/7/3
f 11701/7/3 11698/7/3 11700/7/3
f 11708/6/3 11703/6/3 11702/6/3
f 11709/6/3 11703/6/3 11708/6/3
f 11710/6/3 11705/6/3 11704/6/3
f 11711/6/3 11705/6/3 11710/6/3
f 11712/6/3 11707/6/3 11706/6/3
f 11713/6/3 11707/6/3 11712/6/3
f 11716/9/3 11715/9/3 11714/9/3
f 11717/9/3 11715/9/3 11716/9/3
f 11722/9/3 11719/9/3 11718/9/3
f 11723/9/3 11719/9/3 11722/9/3
f 11724/9/3 11721/9/3 11720/9/3
f 11725/9/3 11721/9/3 11724/9/3
f 11726/9/3 11724/9/3 11723/9/3
f 11727/9/3 11724/9/3 11726/9/3
f 11730/6/3 11729/6/3 11728/6/3
f 11731/6/3 11729/6/3 11730/6/3
f 11735/2/3 11733/2/3 11732/2/3
f 11737/2/3 11735/2/3 11734/2/3
f 11738/2/3 11733/2/3 11735/2/3
f 11738/2/3 11735/2/3 11737/2/3
f 11739/2/3 11733/2/3 11738/2/3
f 11741/2/3 11737/2/3 11736/2/3
f 11741/2/3 11738/2/3 11737/2/3
f 11742/2/3 11738/2/3 11741/2/3
f 11743/2/3 11741/2/3 11740/2/3
f 11744/2/3 11741/2/3 11743/2/3
f 11750/2/3 11745/2/3 11744/2/3
f 11751/2/3 11745/2/3 11750/2/3
f 11752/2/3 11745/2/3 11751/2/3
f 11754/4/3 11747/4/3 11746/4/3
f 11755/4/3 11747/4/3 11754/4/3
f 11756/4/3 11749/4/3 11748/4/3
f 11757/4/3 11749/4/3 11756/4/3
f 11758/2/3 11753/2/3 11752/2/3
f 11758/2/3 11752/2/3 11751/2/3
f 11759/2/3 11753/2/3 11758/2/3
f 11760/2/3 11753/2/3 11759/2/3
f 11761/2/3 11753/2/3 11760/2/3
f 11764/6/3 11763/6/3 11762/6/3
f 11765/6/3 11763/6/3 11764/6/3
f 11768/2/3 11767/2/3 11766/2/3
f 11769/2/3 11767/2/3 11768/2/3
f 11773/6/3 11771/6/3 11770/6/3
f 11775/6/3 11773/6/3 11772/6/3
f 11776/6/3 11771/6/3 11773/6/3
f 11776/6/3 11773/6/3 11775/6/3
f 11777/6/3 11771/6/3 11776/6/3
f 11783/6/3 11775/6/3 11774/6/3
f 11783/6/3 11776/6/3 11775/6/3
f 11784/6/3 11776/6/3 11783/6/3
f 11785/6/3 11776/6/3 11784/6/3
f 11787/6/3 11783/6/3 11782/6/3
f 11787/6/3 11784/6/3 11783/6/3
f 11788/6/3 11784/6/3 11787/6/3
f 11789/6/3 11779/6/3 11778/6/3
f 11790/6/3 11779/6/3 11789/6/3
f 11791/6/3 11781/6/3 11780/6/3
f 11792/6/3 11781/6/3 11791/6/3
f 11793/6/3 11787/6/3 11786/6/3
f 11794/6/3 11787/6/3 11793/6/3
f 11796/6/3 11795/6/3 11794/6/3
f 11797/6/3 11795/6/3 11796/6/3
f 11798/6/3 11795/6/3 11797/6/3
f 11800/6/3 11799/6/3 11798/6/3
f 11800/6/3 11798/6/3 11797/6/3
f 11801/6/3 11799/6/3 11800/6/3
f 11802/6/3 11799/6/3 11801/6/3
f 11806/6/3 11803/6/3 11802/6/3
f 11806/6/3 11802/6/3 11801/6/3
f 11807/6/3 11803/6/3 11806/6/3
f 11808/9/3 11805/9/3 11804/9/3
f 11809/9/3 11805/9/3 11808/9/3
f 11810/6/3 11803/6/3 11807/6/3
f 11811/6/3 11803/6/3 11810/6/3
f 11818/9/3 11813/9/3 11812/9/3
f 11819/9/3 11813/9/3 11818/9/3
f 11820/9/3 11815/9/3 11814/9/3
f 11821/9/3 11815/9/3 11820/9/3
f 11822/6/3 11817/6/3 11816/6/3
f 11823/6/3 11817/6/3 11822/6/3
f 11824/9/3 11820/9/3 11819/9/3
f 11825/9/3 11820/9/3 11824/9/3
f 11829/6/3 11827/6/3 11826/6/3
f 11831/6/3 11829/6/3 11828/6/3
f 11832/6/3 11827/6/3 11829/6/3
f 11832/6/3 11829/6/3 11831/6/3
f 11833/6/3 11827/6/3 11832/6/3
f 11835/6/3 11831/6/3 11830/6/3
f 11835/6/3 11832/6/3 11831/6/3
f 11836/6/3 11832/6/3 11835/6/3
f 11837/6/3 11832/6/3 11836/6/3
f 11839/6/3 11835/6/3 11834/6/3
f 11839/6/3 11836/6/3 11835/6/3
f 11840/6/3 11836/6/3 11839/6/3
f 11841/6/3 11839/6/3 11838/6/3
f 11842/6/3 11839/6/3 11841/6/3
f 11844/6/3 11843/6/3 11842/6/3
f 11845/6/3 11843/6/3 11844/6/3
f 11846/6/3 11843/6/3 11845/6/3
f 11848/6/3 11846/6/3 11845/6/3
f 11848/6/3 11847/6/3 11846/6/3
f 11849/6/3 11847/6/3 11848/6/3
f 11850/6/3 11847/6/3 11849/6/3
f 11852/6/3 11850/6/3 11849/6/3
f 11852/6/3 11851/6/3 11850/6/3
f 11853/6/3 11851/6/3 11852/6/3
f 11854/6/3 11851/6/3 11853/6/3
f 11855/6/3 11851/6/3 11854/6/3
f 11858/6/3 11857/6/3 11856/6/3
f 11859/6/3 11857/6/3 11858/6/3
f 11862/6/3 11861/6/3 11860/6/3
f 11863/6/3 11861/6/3 11862/6/3
f 11866/2/3 11865/2/3 11864/2/3
f 11867/2/3 11865/2/3 11866/2/3
f 11873/6/3 11872/6/3 11871/6/3
f 11875/6/3 11869/6/3 11868/6/3
f 11876/1/3 11870/1/3 11869/1/3
f 11876/6/3 11869/6/3 11875/6/3
f 11877/1/3 11870/1/3 11876/1/3
f 11878/6/3 11873/6/3 11871/6/3
f 11879/1/3 11874/1/3 11873/1/3
f 11879/6/3 11873/6/3 11878/6/3
f 11880/1/3 11874/1/3 11879/1/3
f 11883/9/3 11882/9/3 11881/9/3
f 11884/9/3 11882/9/3 11883/9/3
f 11889/9/3 11886/9/3 11885/9/3
f 11890/9/3 11886/9/3 11889/9/3
f 11891/9/3 11888/9/3 11887/9/3
f 11892/9/3 11888/9/3 11891/9/3
f 11893/9/3 11891/9/3 11890/9/3
f 11894/9/3 11891/9/3 11893/9/3
f 11897/2/3 11896/2/3 11895/2/3
f 11898/2/3 11896/2/3 11897/2/3
f 11903/4/3 11900/4/3 11899/4/3
f 11904/4/3 11900/4/3 11903/4/3
f 11906/4/3 11902/4/3 11901/4/3
f 11907/4/3 11902/4/3 11906/4/3
f 11909/4/3 11905/4/3 11904/4/3
f 11910/4/3 11905/4/3 11909/4/3
f 11911/4/3 11908/4/3 11907/4/3
f 11912/4/3 11908/4/3 11911/4/3
f 11915/6/3 11914/6/3 11913/6/3
f 11916/6/3 11914/6/3 11915/6/3
f 11919/6/3 11918/6/3 11917/6/3
f 11920/6/3 11918/6/3 11919/6/3
f 11923/6/3 11922/6/3 11921/6/3
f 11924/6/3 11922/6/3 11923/6/3
f 11927/2/3 11926/2/3 11925/2/3
f 11928/2/3 11926/2/3 11927/2/3
f 11931/1/3 11930/1/3 11929/1/3
f 11932/1/3 11930/1/3 11931/1/3
f 11934/1/3 11933/1/3 11932/1/3
f 11935/1/3 11933/1/3 11934/1/3
f 11938/6/3 11937/6/3 11936/6/3
f 11939/6/3 11937/6/3 11938/6/3
f 11942/9/3 11941/9/3 11940/9/3
f 11943/9/3 11941/9/3 11942/9/3
f 11948/9/3 11945/9/3 11944/9/3
f 11949/9/3 11945/9/3 11948/9/3
f 11950/9/3 11947/9/3 11946/9/3
f 11951/9/3 11947/9/3 11950/9/3
f 11952/9/3 11950/9/3 11949/9/3
f 11953/9/3 11950/9/3 11952/9/3
f 11956/2/3 11955/2/3 11954/2/3
f 11957/2/3 11955/2/3 11956/2/3
f 11960/6/3 11959/6/3 11958/6/3
f 11961/6/3 11959/6/3 11960/6/3
f 11966/4/3 11963/4/3 11962/4/3
f 11967/4/3 11963/4/3 11966/4/3
f 11971/2/3 11965/2/3 11964/2/3
f 11972/2/3 11965/2/3 11971/2/3
f 11975/2/3 11967/2/3 11966/2/3
f 11976/4/3 11968/4/3 11967/4/3
f 11976/2/3 11967/2/3 11975/2/3
f 11977/4/3 11968/4/3 11976/4/3
f 11978/4/3 11970/4/3 11969/4/3
f 11979/2/3 11971/2/3 11970/2/3
f 11979/4/3 11970/4/3 11978/4/3
f 11980/2/3 11971/2/3 11979/2/3
f 11981/4/3 11973/4/3 11972/4/3
f 11982/4/3 11973/4/3 11981/4/3
f 11983/2/3 11975/2/3 11974/2/3
f 11984/2/3 11975/2/3 11983/2/3
f 11989/6/3 11988/6/3 11987/6/3
f 11990/6/3 11988/6/3 11989/6/3
f 11991/6/3 11986/6/3 11985/6/3
f 11992/6/3 11986/6/3 11991/6/3
f 11995/6/3 11994/6/3 11993/6/3
f 11996/6/3 11994/6/3 11995/6/3
f 11999/6/3 11998/6/3 11997/6/3
f 12000/6/3 11998/6/3 11999/6/3
f 12004/2/3 12002/2/3 12001/2/3
f 12006/2/3 12004/2/3 12003/2/3
f 12007/2/3 12002/2/3 12004/2/3
f 12007/2/3 12004/2/3 12006/2/3
f 12008/2/3 12002/2/3 12007/2/3
f 12010/2/3 12006/2/3 12005/2/3
f 12010/2/3 12007/2/3 12006/2/3
f 12011/2/3 12007/2/3 12010/2/3
f 12012/2/3 12010/2/3 12009/2/3
f 12013/2/3 12010/2/3 12012/2/3
f 12015/2/3 12014/2/3 12013/2/3
f 12016/2/3 12014/2/3 12015/2/3
f 12017/2/3 12014/2/3 12016/2/3
f 12019/2/3 12017/2/3 12016/2/3
f 12019/2/3 12018/2/3 12017/2/3
f 12020/2/3 12018/2/3 12019/2/3
f 12021/2/3 12018/2/3 12020/2/3
f 12022/2/3 12018/2/3 12021/2/3
f 12025/6/3 12024/6/3 12023/6/3
f 12026/6/3 12024/6/3 12025/6/3
f 12029/9/3 12028/9/3 12027/9/3
f 12030/9/3 12028/9/3 12029/9/3
f 12035/9/3 12032/9/3 12031/9/3
f 12036/9/3 12032/9/3 12035/9/3
f 12037/9/3 12034/9/3 12033/9/3
f 12038/9/3 12034/9/3 12037/9/3
f 12039/9/3 12037/9/3 12036/9/3
f 12040/9/3 12037/9/3 12039/9/3
f 12043/6/3 12042/6/3 12041/6/3
f 12044/6/3 12042/6/3 12043/6/3
f 12047/2/3 12046/2/3 12045/2/3
f 12048/2/3 12046/2/3 12047/2/3
f 12051/2/3 12050/2/3 12049/2/3
f 12052/2/3 12050/2/3 12051/2/3
f 12055/6/3 12054/6/3 12053/6/3
f 12056/6/3 12054/6/3 12055/6/3
f 12059/6/3 12058/6/3 12057/6/3
f 12060/6/3 12058/6/3 12059/6/3
f 12063/6/3 12062/6/3 12061/6/3
f 12064/6/3 12062/6/3 12063/6/3
f 12075/7/3 12068/7/3 12067/7/3
f 12076/7/3 12068/7/3 12075/7/3
f 12077/1/3 12072/1/3 12071/1/3
f 12078/1/3 12072/1/3 12077/1/3
f 12079/9/3 12074/9/3 12073/9/3
f 12080/9/3 12074/9/3 12079/9/3
f 12081/7/3 12066/7/3 12065/7/3
f 12082/7/3 12066/7/3 12081/7/3
f 12083/1/3 12076/1/3 12075/1/3
f 12084/1/3 12076/1/3 12083/1/3
f 12085/7/3 12070/7/3 12069/7/3
f 12086/7/3 12070/7/3 12085/7/3
f 12087/7/3 12078/7/3 12077/7/3
f 12088/7/3 12078/7/3 12087/7/3
f 12093/9/3 12090/9/3 12089/9/3
f 12094/9/3 12090/9/3 12093/9/3
f 12095/9/3 12092/9/3 12091/9/3
f 12096/9/3 12092/9/3 12095/9/3
f 12097/9/3 12095/9/3 12094/9/3
f 12098/9/3 12095/9/3 12097/9/3
f 12101/6/3 12100/6/3 12099/6/3
f 12102/6/3 12100/6/3 12101/6/3
f 12105/6/3 12104/6/3 12103/6/3
f 12106/6/3 12104/6/3 12105/6/3
f 12109/6/3 12108/6/3 12107/6/3
f 12110/6/3 12108/6/3 12109/6/3
f 12113/2/3 12112/2/3 12111/2/3
f 12114/2/3 12112/2/3 12113/2/3
f 12123/1/3 12118/1/3 12117/1/3
f 12124/1/3 12118/1/3 12123/1/3
f 12125/7/3 12120/7/3 12119/7/3
f 12126/7/3 12120/7/3 12125/7/3
f 12127/7/3 12122/7/3 12121/7/3
f 12128/7/3 12122/7/3 12127/7/3
f 12131/1/3 12116/1/3 12115/1/3
f 12132/1/3 12116/1/3 12131/1/3
f 12133/7/3 12124/7/3 12123/7/3
f 12134/7/3 12124/7/3 12133/7/3
f 12135/1/3 12126/1/3 12125/1/3
f 12136/1/3 12126/1/3 12135/1/3
f 12137/1/3 12128/1/3 12127/1/3
f 12138/1/3 12128/1/3 12137/1/3
f 12139/9/3 12130/9/3 12129/9/3
f 12140/9/3 12130/9/3 12139/9/3
f 12145/9/3 12142/9/3 12141/9/3
f 12146/9/3 12142/9/3 12145/9/3
f 12147/9/3 12144/9/3 12143/9/3
f 12148/9/3 12144/9/3 12147/9/3
f 12149/9/3 12147/9/3 12146/9/3
f 12150/9/3 12147/9/3 12149/9/3
f 12155/2/3 12152/2/3 12151/2/3
f 12156/2/3 12152/2/3 12155/2/3
f 12157/2/3 12154/2/3 12153/2/3
f 12158/2/3 12154/2/3 12157/2/3
f 12161/2/3 12160/2/3 12159/2/3
f 12162/2/3 12160/2/3 12161/2/3
f 12165/6/3 12164/6/3 12163/6/3
f 12166/6/3 12164/6/3 12165/6/3
f 12169/6/3 12167/6/3 12166/6/3
f 12170/6/3 12167/6/3 12169/6/3
f 12172/6/3 12169/6/3 12168/6/3
f 12173/6/3 12169/6/3 12172/6/3
f 12174/6/3 12172/6/3 12171/6/3
f 12175/6/3 12172/6/3 12174/6/3
f 12177/6/3 12176/6/3 12175/6/3
f 12178/6/3 12176/6/3 12177/6/3
f 12183/6/3 12179/6/3 12178/6/3
f 12184/6/3 12179/6/3 12183/6/3
f 12185/6/3 12183/6/3 12182/6/3
f 12186/6/3 12183/6/3 12185/6/3
f 12187/6/3 12181/6/3 12180/6/3
f 12188/6/3 12181/6/3 12187/6/3
f 12191/2/3 12190/2/3 12189/2/3
f 12192/2/3 12190/2/3 12191/2/3
f 12195/7/3 12194/7/3 12193/7/3
f 12196/7/3 12194/7/3 12195/7/3
f 12199/2/3 12198/2/3 12197/2/3
f 12200/2/3 12198/2/3 12199/2/3
f 12209/6/3 12202/6/3 12201/6/3
f 12210/6/3 12202/6/3 12209/6/3
f 12211/6/3 12204/6/3 12203/6/3
f 12212/6/3 12204/6/3 12211/6/3
f 12213/6/3 12206/6/3 12205/6/3
f 12214/6/3 12206/6/3 12213/6/3
f 12215/6/3 12208/6/3 12207/6/3
f 12216/6/3 12208/6/3 12215/6/3
f 12217/7/3 12210/7/3 12209/7/3
f 12218/7/3 12210/7/3 12217/7/3
f 12219/1/3 12212/1/3 12211/1/3
f 12220/1/3 12212/1/3 12219/1/3
f 12221/7/3 12214/7/3 12213/7/3
f 12222/7/3 12214/7/3 12221/7/3
f 12223/7/3 12216/7/3 12215/7/3
f 12224/7/3 12216/7/3 12223/7/3
f 12227/9/3 12226/9/3 12225/9/3
f 12228/9/3 12226/9/3 12227/9/3
f 12233/9/3 12230/9/3 12229/9/3
f 12234/9/3 12230/9/3 12233/9/3
f 12235/9/3 12232/9/3 12231/9/3
f 12236/9/3 12232/9/3 12235/9/3
f 12237/9/3 12235/9/3 12234/9/3
f 12238/9/3 12235/9/3 12237/9/3
f 12241/2/3 12240/2/3 12239/2/3
f 12242/2/3 12240/2/3 12241/2/3
f 12245/4/3 12244/4/3 12243/4/3
f 12246/4/3 12244/4/3 12245/4/3
f 12253/2/3 12248/2/3 12247/2/3
f 12254/2/3 12248/2/3 12253/2/3
f 12255/2/3 12250/2/3 12249/2/3
f 12256/2/3 12250/2/3 12255/2/3
f 12257/4/3 12252/4/3 12251/4/3
f 12258/4/3 12252/4/3 12257/4/3
f 12261/4/3 12260/4/3 12259/4/3
f 12262/4/3 12260/4/3 12261/4/3
f 12265/6/3 12264/6/3 12263/6/3
f 12266/6/3 12264/6/3 12265/6/3
f 12269/7/3 12268/7/3 12267/7/3
f 12270/7/3 12268/7/3 12269/7/3
f 12273/2/3 12272/2/3 12271/2/3
f 12274/2/3 12272/2/3 12273/2/3
f 12283/6/3 12276/6/3 12275/6/3
f 12284/6/3 12278/6/3 12277/6/3
f 12285/6/3 12280/6/3 12279/6/3
f 12286/6/3 12282/6/3 12281/6/3
f 12287/6/3 12276/6/3 12283/6/3
f 12288/6/3 12276/6/3 12287/6/3
f 12289/6/3 12278/6/3 12284/6/3
f 12290/6/3 12278/6/3 12289/6/3
f 12291/6/3 12280/6/3 12285/6/3
f 12292/6/3 12280/6/3 12291/6/3
f 12293/6/3 12282/6/3 12286/6/3
f 12294/6/3 12282/6/3 12293/6/3
f 12297/9/3 12296/9/3 12295/9/3
f 12298/9/3 12296/9/3 12297/9/3
f 12303/9/3 12300/9/3 12299/9/3
f 12304/9/3 12300/9/3 12303/9/3
f 12305/9/3 12302/9/3 12301/9/3
f 12306/9/3 12302/9/3 12305/9/3
f 12307/9/3 12305/9/3 12304/9/3
f 12308/9/3 12305/9/3 12307/9/3
f 12311/6/3 12310/6/3 12309/6/3
f 12312/6/3 12310/6/3 12311/6/3
f 12315/2/3 12314/2/3 12313/2/3
f 12316/2/3 12314/2/3 12315/2/3
f 12322/4/3 12318/4/3 12317/4/3
f 12323/4/3 12318/4/3 12322/4/3
f 12324/2/3 12320/2/3 12319/2/3
f 12325/2/3 12320/2/3 12324/2/3
f 12326/2/3 12322/2/3 12321/2/3
f 12326/2/3 12323/2/3 12322/2/3
f 12327/2/3 12323/2/3 12326/2/3
f 12328/2/3 12323/2/3 12327/2/3
f 12331/2/3 12320/2/3 12325/2/3
f 12332/2/3 12320/2/3 12331/2/3
f 12333/2/3 12320/2/3 12332/2/3
f 12335/2/3 12328/2/3 12327/2/3
f 12335/2/3 12329/2/3 12328/2/3
f 12336/2/3 12329/2/3 12335/2/3
f 12337/2/3 12329/2/3 12336/2/3
f 12340/2/3 12332/2/3 12331/2/3
f 12340/2/3 12331/2/3 12330/2/3
f 12341/2/3 12332/2/3 12340/2/3
f 12342/2/3 12336/2/3 12335/2/3
f 12342/2/3 12335/2/3 12334/2/3
f 12343/2/3 12336/2/3 12342/2/3
f 12344/4/3 12338/4/3 12337/4/3
f 12345/4/3 12338/4/3 12344/4/3
f 12347/2/3 12340/2/3 12339/2/3
f 12348/2/3 12340/2/3 12347/2/3
f 12349/2/3 12342/2/3 12341/2/3
f 12350/2/3 12342/2/3 12349/2/3
f 12351/2/3 12347/2/3 12339/2/3
f 12352/2/3 12347/2/3 12351/2/3
f 12353/2/3 12340/2/3 12348/2/3
f 12354/2/3 12340/2/3 12353/2/3
f 12356/2/3 12342/2/3 12350/2/3
f 12357/2/3 12342/2/3 12356/2/3
f 12358/4/3 12344/4/3 12343/4/3
f 12359/4/3 12344/4/3 12358/4/3
f 12360/4/3 12346/4/3 12345/4/3
f 12361/4/3 12346/4/3 12360/4/3
f 12362/2/3 12355/2/3 12354/2/3
f 12363/2/3 12355/2/3 12362/2/3
f 12364/2/3 12355/2/3 12363/2/3
f 12366/2/3 12358/2/3 12357/2/3
f 12367/2/3 12358/2/3 12366/2/3
f 12368/2/3 12358/2/3 12367/2/3
f 12369/4/3 12360/4/3 12359/4/3
f 12370/4/3 12360/4/3 12369/4/3
f 12371/2/3 12365/2/3 12364/2/3
f 12371/2/3 12364/2/3 12363/2/3
f 12372/2/3 12365/2/3 12371/2/3
f 12374/2/3 12368/2/3 12367/2/3
f 12374/2/3 12369/2/3 12368/2/3
f 12375/2/3 12369/2/3 12374/2/3
f 12379/4/3 12372/4/3 12371/4/3
f 12380/2/3 12365/2/3 12372/2/3
f 12380/4/3 12372/4/3 12379/4/3
f 12381/4/3 12374/4/3 12373/4/3
f 12381/4/3 12375/4/3 12374/4/3
f 12382/4/3 12375/4/3 12381/4/3
f 12383/2/3 12369/2/3 12375/2/3
f 12383/4/3 12375/4/3 12382/4/3
f 12384/4/3 12377/4/3 12376/4/3
f 12385/4/3 12377/4/3 12384/4/3
f 12386/4/3 12379/4/3 12378/4/3
f 12387/2/3 12380/2/3 12379/2/3
f 12387/4/3 12379/4/3 12386/4/3
f 12388/2/3 12365/2/3 12380/2/3
f 12388/2/3 12380/2/3 12387/2/3
f 12389/2/3 12365/2/3 12388/2/3
f 12392/2/3 12383/2/3 12382/2/3
f 12393/2/3 12369/2/3 12383/2/3
f 12393/2/3 12383/2/3 12392/2/3
f 12394/2/3 12369/2/3 12393/2/3
f 12395/4/3 12386/4/3 12385/4/3
f 12396/2/3 12387/2/3 12386/2/3
f 12396/4/3 12386/4/3 12395/4/3
f 12396/2/3 12388/2/3 12387/2/3
f 12397/2/3 12388/2/3 12396/2/3
f 12398/4/3 12391/4/3 12390/4/3
f 12399/2/3 12392/2/3 12391/2/3
f 12399/4/3 12391/4/3 12398/4/3
f 12399/2/3 12393/2/3 12392/2/3
f 12400/2/3 12393/2/3 12399/2/3
f 12405/6/3 12402/6/3 12401/6/3
f 12406/6/3 12402/6/3 12405/6/3
f 12407/4/3 12404/4/3 12403/4/3
f 12408/4/3 12404/4/3 12407/4/3
f 12411/6/3 12410/6/3 12409/6/3
f 12412/6/3 12410/6/3 12411/6/3
f 12417/6/3 12414/6/3 12413/6/3
f 12418/6/3 12414/6/3 12417/6/3
f 12419/2/3 12416/2/3 12415/2/3
f 12420/2/3 12416/2/3 12419/2/3
f 12423/2/3 12422/2/3 12421/2/3
f 12424/2/3 12422/2/3 12423/2/3
f 12427/9/3 12426/9/3 12425/9/3
f 12428/9/3 12426/9/3 12427/9/3
f 12433/9/3 12430/9/3 12429/9/3
f 12434/9/3 12430/9/3 12433/9/3
f 12435/9/3 12432/9/3 12431/9/3
f 12436/9/3 12432/9/3 12435/9/3
f 12437/9/3 12435/9/3 12434/9/3
f 12438/9/3 12435/9/3 12437/9/3
f 12441/2/3 12440/2/3 12439/2/3
f 12442/2/3 12440/2/3 12441/2/3
f 12445/4/3 12444/4/3 12443/4/3
f 12446/4/3 12444/4/3 12445/4/3
f 12447/4/3 12444/4/3 12446/4/3
f 12451/4/3 12449/4/3 12448/4/3
f 12451/4/3 12450/4/3 12449/4/3
f 12452/4/3 12450/4/3 12451/4/3
f 12453/4/3 12450/4/3 12452/4/3
f 12458/2/3 12455/2/3 12454/2/3
f 12459/2/3 12455/2/3 12458/2/3
f 12460/2/3 12457/2/3 12456/2/3
f 12461/2/3 12457/2/3 12460/2/3
f 12462/2/3 12457/2/3 12461/2/3
f 12467/4/3 12464/4/3 12463/4/3
f 12468/4/3 12467/4/3 12463/4/3
f 12469/4/3 12467/4/3 12468/4/3
f 12470/6/3 12466/6/3 12465/6/3
f 12471/6/3 12466/6/3 12470/6/3
f 12474/6/3 12473/6/3 12472/6/3
f 12475/6/3 12473/6/3 12474/6/3
f 12476/7/3 12475/7/3 12474/7/3
f 12477/7/3 12475/7/3 12476/7/3
f 12480/6/3 12479/6/3 12478/6/3
f 12481/6/3 12479/6/3 12480/6/3
f 12485/2/3 12483/2/3 12482/2/3
f 12487/2/3 12485/2/3 12484/2/3
f 12488/2/3 12483/2/3 12485/2/3
f 12488/2/3 12485/2/3 12487/2/3
f 12489/2/3 12483/2/3 12488/2/3
f 12491/2/3 12487/2/3 12486/2/3
f 12491/2/3 12488/2/3 12487/2/3
f 12492/2/3 12488/2/3 12491/2/3
f 12493/2/3 12491/2/3 12490/2/3
f 12494/2/3 12491/2/3 12493/2/3
f 12496/2/3 12495/2/3 12494/2/3
f 12497/2/3 12495/2/3 12496/2/3
f 12498/2/3 12495/2/3 12497/2/3
f 12500/2/3 12498/2/3 12497/2/3
f 12500/2/3 12499/2/3 12498/2/3
f 12501/2/3 12499/2/3 12500/2/3
f 12502/2/3 12499/2/3 12501/2/3
f 12503/2/3 12499/2/3 12502/2/3
f 12514/2/3 12513/2/3 12512/2/3
f 12515/2/3 12513/2/3 12514/2/3
f 12516/6/3 12505/6/3 12504/6/3
f 12517/6/3 12505/6/3 12516/6/3
f 12518/6/3 12507/6/3 12506/6/3
f 12519/6/3 12507/6/3 12518/6/3
f 12520/6/3 12509/6/3 12508/6/3
f 12521/6/3 12509/6/3 12520/6/3
f 12522/6/3 12511/6/3 12510/6/3
f 12523/6/3 12511/6/3 12522/6/3
f 12526/9/3 12525/9/3 12524/9/3
f 12527/9/3 12525/9/3 12526/9/3
f 12534/6/3 12529/6/3 12528/6/3
f 12535/6/3 12529/6/3 12534/6/3
f 12536/9/3 12531/9/3 12530/9/3
f 12537/9/3 12531/9/3 12536/9/3
f 12538/9/3 12533/9/3 12532/9/3
f 12539/9/3 12533/9/3 12538/9/3
f 12540/9/3 12538/9/3 12537/9/3
f 12541/9/3 12538/9/3 12540/9/3
f 12545/2/3 12543/2/3 12542/2/3
f 12547/2/3 12545/2/3 12544/2/3
f 12548/2/3 12543/2/3 12545/2/3
f 12548/2/3 12545/2/3 12547/2/3
f 12549/2/3 12543/2/3 12548/2/3
f 12551/2/3 12547/2/3 12546/2/3
f 12551/2/3 12548/2/3 12547/2/3
f 12552/2/3 12548/2/3 12551/2/3
f 12553/2/3 12551/2/3 12550/2/3
f 12554/2/3 12551/2/3 12553/2/3
f 12556/2/3 12555/2/3 12554/2/3
f 12557/2/3 12555/2/3 12556/2/3
f 12558/2/3 12555/2/3 12557/2/3
f 12560/2/3 12558/2/3 12557/2/3
f 12560/2/3 12559/2/3 12558/2/3
f 12561/2/3 12559/2/3 12560/2/3
f 12562/2/3 12559/2/3 12561/2/3
f 12563/2/3 12559/2/3 12562/2/3
f 12566/2/3 12565/2/3 12564/2/3
f 12567/2/3 12565/2/3 12566/2/3
f 12572/4/3 12569/4/3 12568/4/3
f 12573/4/3 12569/4/3 12572/4/3
f 12574/6/3 12571/6/3 12570/6/3
f 12575/6/3 12571/6/3 12574/6/3
f 12580/7/3 12577/7/3 12576/7/3
f 12581/4/3 12579/4/3 12578/4/3
f 12582/4/3 12579/4/3 12581/4/3
f 12583/7/3 12580/7/3 12576/7/3
f 12584/7/3 12580/7/3 12583/7/3
f 12587/6/3 12586/6/3 12585/6/3
f 12588/6/3 12586/6/3 12587/6/3
f 12597/6/3 12590/6/3 12589/6/3
f 12598/6/3 12590/6/3 12597/6/3
f 12599/6/3 12592/6/3 12591/6/3
f 12600/6/3 12592/6/3 12599/6/3
f 12601/6/3 12594/6/3 12593/6/3
f 12602/6/3 12594/6/3 12601/6/3
f 12603/6/3 12596/6/3 12595/6/3
f 12604/6/3 12596/6/3 12603/6/3
f 12607/9/3 12606/9/3 12605/9/3
f 12608/9/3 12606/9/3 12607/9/3
f 12613/9/3 12610/9/3 12609/9/3
f 12614/9/3 12610/9/3 12613/9/3
f 12615/9/3 12612/9/3 12611/9/3
f 12616/9/3 12612/9/3 12615/9/3
f 12617/9/3 12615/9/3 12614/9/3
f 12618/9/3 12615/9/3 12617/9/3
f 12625/4/3 12624/4/3 12623/4/3
f 12626/4/3 12624/4/3 12625/4/3
f 12627/2/3 12620/2/3 12619/2/3
f 12628/2/3 12620/2/3 12627/2/3
f 12629/2/3 12622/2/3 12621/2/3
f 12630/2/3 12622/2/3 12629/2/3
f 12633/4/3 12632/4/3 12631/4/3
f 12634/4/3 12632/4/3 12633/4/3
f 12637/4/3 12636/4/3 12635/4/3
f 12638/4/3 12636/4/3 12637/4/3
f 12641/6/3 12640/6/3 12639/6/3
f 12642/6/3 12640/6/3 12641/6/3
f 12645/7/3 12644/7/3 12643/7/3
f 12646/7/3 12644/7/3 12645/7/3
f 12648/6/3 12646/6/3 12645/6/3
f 12650/6/3 12648/6/3 12647/6/3
f 12651/6/3 12646/6/3 12648/6/3
f 12651/6/3 12648/6/3 12650/6/3
f 12652/6/3 12646/6/3 12651/6/3
f 12654/6/3 12650/6/3 12649/6/3
f 12654/6/3 12651/6/3 12650/6/3
f 12655/6/3 12651/6/3 12654/6/3
f 12656/6/3 12651/6/3 12655/6/3
f 12658/6/3 12654/6/3 12653/6/3
f 12658/6/3 12655/6/3 12654/6/3
f 12659/6/3 12655/6/3 12658/6/3
f 12660/6/3 12658/6/3 12657/6/3
f 12661/6/3 12658/6/3 12660/6/3
f 12663/6/3 12662/6/3 12661/6/3
f 12664/6/3 12662/6/3 12663/6/3
f 12665/6/3 12662/6/3 12664/6/3
f 12667/6/3 12665/6/3 12664/6/3
f 12667/6/3 12666/6/3 12665/6/3
f 12668/6/3 12666/6/3 12667/6/3
f 12669/6/3 12666/6/3 12668/6/3
f 12671/6/3 12669/6/3 12668/6/3
f 12671/6/3 12670/6/3 12669/6/3
f 12672/6/3 12670/6/3 12671/6/3
f 12673/6/3 12670/6/3 12672/6/3
f 12675/6/3 12673/6/3 12672/6/3
f 12676/7/3 12674/7/3 12673/7/3
f 12676/6/3 12673/6/3 12675/6/3
f 12677/7/3 12674/7/3 12676/7/3
f 12680/2/3 12679/2/3 12678/2/3
f 12681/2/3 12679/2/3 12680/2/3
f 12690/6/3 12683/6/3 12682/6/3
f 12691/6/3 12683/6/3 12690/6/3
f 12692/6/3 12685/6/3 12684/6/3
f 12693/6/3 12685/6/3 12692/6/3
f 12694/6/3 12687/6/3 12686/6/3
f 12695/6/3 12687/6/3 12694/6/3
f 12696/6/3 12689/6/3 12688/6/3
f 12697/6/3 12689/6/3 12696/6/3
f 12700/9/3 12699/9/3 12698/9/3
f 12701/9/3 12699/9/3 12700/9/3
f 12706/9/3 12703/9/3 12702/9/3
f 12707/9/3 12703/9/3 12706/9/3
f 12708/9/3 12705/9/3 12704/9/3
f 12709/9/3 12705/9/3 12708/9/3
f 12710/9/3 12708/9/3 12707/9/3
f 12711/9/3 12708/9/3 12710/9/3
f 12714/2/3 12713/2/3 12712/2/3
f 12715/2/3 12713/2/3 12714/2/3
f 12718/4/3 12717/4/3 12716/4/3
f 12719/4/3 12717/4/3 12718/4/3
f 12722/4/3 12721/4/3 12720/4/3
f 12723/4/3 12722/4/3 12720/4/3
f 12724/4/3 12722/4/3 12723/4/3
f 12727/6/3 12726/6/3 12725/6/3
f 12728/6/3 12726/6/3 12727/6/3
f 12731/7/3 12730/7/3 12729/7/3
f 12732/7/3 12730/7/3 12731/7/3
f 12735/7/3 12734/7/3 12733/7/3
f 12736/7/3 12734/7/3 12735/7/3
f 12739/2/3 12738/2/3 12737/2/3
f 12740/2/3 12738/2/3 12739/2/3
f 12749/6/3 12742/6/3 12741/6/3
f 12750/6/3 12742/6/3 12749/6/3
f 12751/6/3 12744/6/3 12743/6/3
f 12752/6/3 12744/6/3 12751/6/3
f 12753/6/3 12746/6/3 12745/6/3
f 12754/6/3 12746/6/3 12753/6/3
f 12755/6/3 12748/6/3 12747/6/3
f 12756/6/3 12748/6/3 12755/6/3
f 12765/6/3 12758/6/3 12757/6/3
f 12766/6/3 12758/6/3 12765/6/3
f 12767/6/3 12760/6/3 12759/6/3
f 12768/6/3 12760/6/3 12767/6/3
f 12769/6/3 12762/6/3 12761/6/3
f 12770/6/3 12762/6/3 12769/6/3
f 12771/6/3 12764/6/3 12763/6/3
f 12772/6/3 12764/6/3 12771/6/3
f 12781/6/3 12774/6/3 12773/6/3
f 12782/6/3 12774/6/3 12781/6/3
f 12783/6/3 12776/6/3 12775/6/3
f 12784/6/3 12776/6/3 12783/6/3
f 12785/6/3 12778/6/3 12777/6/3
f 12786/6/3 12778/6/3 12785/6/3
f 12787/6/3 12780/6/3 12779/6/3
f 12788/6/3 12780/6/3 12787/6/3
f 12791/9/3 12790/9/3 12789/9/3
f 12792/9/3 12790/9/3 12791/9/3
f 12797/9/3 12794/9/3 12793/9/3
f 12798/9/3 12794/9/3 12797/9/3
f 12799/9/3 12796/9/3 12795/9/3
f 12800/9/3 12796/9/3 12799/9/3
f 12801/9/3 12799/9/3 12798/9/3
f 12802/9/3 12799/9/3 12801/9/3
f 12805/2/3 12804/2/3 12803/2/3
f 12806/2/3 12804/2/3 12805/2/3
f 12813/2/3 12810/2/3 12809/2/3
f 12814/2/3 12810/2/3 12813/2/3
f 12815/2/3 12808/2/3 12807/2/3
f 12816/2/3 12808/2/3 12815/2/3
f 12818/4/3 12812/4/3 12811/4/3
f 12820/4/3 12818/4/3 12817/4/3
f 12821/4/3 12812/4/3 12818/4/3
f 12821/4/3 12818/4/3 12820/4/3
f 12822/4/3 12812/4/3 12821/4/3
f 12824/4/3 12820/4/3 12819/4/3
f 12824/4/3 12821/4/3 12820/4/3
f 12825/4/3 12821/4/3 12824/4/3
f 12826/4/3 12821/4/3 12825/4/3
f 12827/4/3 12824/4/3 12823/4/3
f 12827/4/3 12825/4/3 12824/4/3
f 12828/4/3 12825/4/3 12827/4/3
f 12830/4/3 12827/4/3 12823/4/3
f 12831/4/3 12827/4/3 12830/4/3
f 12833/4/3 12830/4/3 12829/4/3
f 12834/4/3 12830/4/3 12833/4/3
f 12835/4/3 12832/4/3 12831/4/3
f 12836/4/3 12832/4/3 12835/4/3
f 12837/4/3 12832/4/3 12836/4/3
f 12839/4/3 12837/4/3 12836/4/3
f 12839/4/3 12838/4/3 12837/4/3
f 12840/4/3 12838/4/3 12839/4/3
f 12841/4/3 12838/4/3 12840/4/3
f 12844/4/3 12835/4/3 12834/4/3
f 12845/4/3 12841/4/3 12840/4/3
f 12845/4/3 12842/4/3 12841/4/3
f 12846/4/3 12842/4/3 12845/4/3
f 12847/4/3 12842/4/3 12846/4/3
f 12848/4/3 12844/4/3 12843/4/3
f 12848/4/3 12835/4/3 12844/4/3
f 12849/4/3 12835/4/3 12848/4/3
f 12850/4/3 12847/4/3 12846/4/3
f 12851/4/3 12847/4/3 12850/4/3
f 12852/4/3 12848/4/3 12843/4/3
f 12853/4/3 12848/4/3 12852/4/3
f 12856/6/3 12855/6/3 12854/6/3
f 12857/6/3 12855/6/3 12856/6/3
f 12860/6/3 12859/6/3 12858/6/3
f 12861/6/3 12859/6/3 12860/6/3
f 12870/6/3 12863/6/3 12862/6/3
f 12871/6/3 12863/6/3 12870/6/3
f 12872/6/3 12865/6/3 12864/6/3
f 12873/6/3 12865/6/3 12872/6/3
f 12874/6/3 12867/6/3 12866/6/3
f 12875/6/3 12867/6/3 12874/6/3
f 12876/6/3 12869/6/3 12868/6/3
f 12877/6/3 12869/6/3 12876/6/3
f 12886/6/3 12879/6/3 12878/6/3
f 12887/6/3 12879/6/3 12886/6/3
f 12888/6/3 12881/6/3 12880/6/3
f 12889/6/3 12881/6/3 12888/6/3
f 12890/6/3 12883/6/3 12882/6/3
f 12891/6/3 12883/6/3 12890/6/3
f 12892/6/3 12885/6/3 12884/6/3
f 12893/6/3 12885/6/3 12892/6/3
f 12902/6/3 12895/6/3 12894/6/3
f 12903/6/3 12895/6/3 12902/6/3
f 12904/6/3 12897/6/3 12896/6/3
f 12905/6/3 12897/6/3 12904/6/3
f 12906/6/3 12899/6/3 12898/6/3
f 12907/6/3 12899/6/3 12906/6/3
f 12908/6/3 12901/6/3 12900/6/3
f 12909/6/3 12901/6/3 12908/6/3
f 12912/6/3 12911/6/3 12910/6/3
f 12913/6/3 12911/6/3 12912/6/3
f 12916/9/3 12915/9/3 12914/9/3
f 12917/9/3 12915/9/3 12916/9/3
f 12922/9/3 12919/9/3 12918/9/3
f 12923/9/3 12919/9/3 12922/9/3
f 12924/9/3 12921/9/3 12920/9/3
f 12925/9/3 12921/9/3 12924/9/3
f 12926/9/3 12924/9/3 12923/9/3
f 12927/9/3 12924/9/3 12926/9/3
f 12933/4/3 12931/4/3 12930/4/3
f 12934/2/3 12932/2/3 12931/2/3
f 12934/4/3 12931/4/3 12933/4/3
f 12935/2/3 12929/2/3 12928/2/3
f 12936/2/3 12929/2/3 12935/2/3
f 12937/2/3 12932/2/3 12934/2/3
f 12938/2/3 12932/2/3 12937/2/3
f 12941/2/3 12940/2/3 12939/2/3
f 12942/2/3 12940/2/3 12941/2/3
f 12945/4/3 12944/4/3 12943/4/3
f 12946/4/3 12944/4/3 12945/4/3
f 12949/6/3 12948/6/3 12947/6/3
f 12950/6/3 12948/6/3 12949/6/3
f 12953/6/3 12951/6/3 12950/6/3
f 12954/6/3 12951/6/3 12953/6/3
f 12956/6/3 12953/6/3 12952/6/3
f 12957/6/3 12953/6/3 12956/6/3
f 12958/6/3 12956/6/3 12955/6/3
f 12959/6/3 12956/6/3 12958/6/3
f 12961/6/3 12960/6/3 12959/6/3
f 12962/6/3 12960/6/3 12961/6/3
f 12965/6/3 12963/6/3 12962/6/3
f 12966/6/3 12963/6/3 12965/6/3
f 12967/6/3 12965/6/3 12964/6/3
f 12968/6/3 12965/6/3 12967/6/3
f 12971/6/3 12970/6/3 12969/6/3
f 12972/6/3 12970/6/3 12971/6/3
f 12983/6/3 12974/6/3 12973/6/3
f 12984/6/3 12974/6/3 12983/6/3
f 12987/6/3 12976/6/3 12975/6/3
f 12988/6/3 12976/6/3 12987/6/3
f 12991/6/3 12978/6/3 12977/6/3
f 12992/6/3 12978/6/3 12991/6/3
f 12995/6/3 12980/6/3 12979/6/3
f 12996/6/3 12980/6/3 12995/6/3
f 12997/6/3 12982/6/3 12981/6/3
f 12998/6/3 12982/6/3 12997/6/3
f 13001/6/3 12986/6/3 12985/6/3
f 13002/6/3 12986/6/3 13001/6/3
f 13005/6/3 12990/6/3 12989/6/3
f 13006/6/3 12990/6/3 13005/6/3
f 13009/6/3 12994/6/3 12993/6/3
f 13010/6/3 12994/6/3 13009/6/3
f 13013/6/3 13000/6/3 12999/6/3
f 13014/6/3 13000/6/3 13013/6/3
f 13015/6/3 13004/6/3 13003/6/3
f 13016/6/3 13004/6/3 13015/6/3
f 13017/6/3 13008/6/3 13007/6/3
f 13018/6/3 13008/6/3 13017/6/3
f 13019/6/3 13012/6/3 13011/6/3
f 13020/6/3 13012/6/3 13019/6/3
f 13023/6/3 13022/6/3 13021/6/3
f 13024/6/3 13022/6/3 13023/6/3
f 13027/9/3 13026/9/3 13025/9/3
f 13028/9/3 13026/9/3 13027/9/3
f 13033/9/3 13030/9/3 13029/9/3
f 13034/9/3 13030/9/3 13033/9/3
f 13035/9/3 13032/9/3 13031/9/3
f 13036/9/3 13032/9/3 13035/9/3
f 13039/9/3 13035/9/3 13034/9/3
f 13040/9/3 13035/9/3 13039/9/3
f 13041/2/3 13038/2/3 13037/2/3
f 13042/2/3 13038/2/3 13041/2/3
f 13047/4/3 13044/4/3 13043/4/3
f 13048/4/3 13044/4/3 13047/4/3
f 13049/4/3 13046/4/3 13045/4/3
f 13050/4/3 13046/4/3 13049/4/3
f 13053/4/3 13052/4/3 13051/4/3
f 13054/4/3 13052/4/3 13053/4/3
f 13057/6/3 13056/6/3 13055/6/3
f 13058/6/3 13056/6/3 13057/6/3
f 13067/1/3 13060/1/3 13059/1/3
f 13068/1/3 13060/1/3 13067/1/3
f 13070/7/3 13062/7/3 13061/7/3
f 13072/1/3 13064/1/3 13063/1/3
f 13073/1/3 13064/1/3 13072/1/3
f 13075/7/3 13066/7/3 13065/7/3
f 13077/7/3 13069/7/3 13068/7/3
f 13077/7/3 13068/7/3 13067/7/3
f 13078/7/3 13069/7/3 13077/7/3
f 13079/7/3 13069/7/3 13078/7/3
f 13081/7/3 13070/7/3 13061/7/3
f 13082/1/3 13071/1/3 13070/1/3
f 13082/7/3 13070/7/3 13081/7/3
f 13083/1/3 13071/1/3 13082/1/3
f 13085/7/3 13073/7/3 13072/7/3
f 13086/1/3 13074/1/3 13073/1/3
f 13086/7/3 13073/7/3 13085/7/3
f 13087/1/3 13074/1/3 13086/1/3
f 13089/7/3 13076/7/3 13075/7/3
f 13089/7/3 13075/7/3 13065/7/3
f 13090/7/3 13076/7/3 13089/7/3
f 13091/7/3 13076/7/3 13090/7/3
f 13093/7/3 13079/7/3 13078/7/3
f 13094/1/3 13080/1/3 13079/1/3
f 13094/7/3 13079/7/3 13093/7/3
f 13095/1/3 13080/1/3 13094/1/3
f 13097/7/3 13083/7/3 13082/7/3
f 13098/1/3 13084/1/3 13083/1/3
f 13098/7/3 13083/7/3 13097/7/3
f 13099/1/3 13084/1/3 13098/1/3
f 13101/7/3 13087/7/3 13086/7/3
f 13102/1/3 13088/1/3 13087/1/3
f 13102/7/3 13087/7/3 13101/7/3
f 13103/1/3 13088/1/3 13102/1/3
f 13105/7/3 13092/7/3 13091/7/3
f 13105/7/3 13091/7/3 13090/7/3
f 13106/7/3 13092/7/3 13105/7/3
f 13107/7/3 13092/7/3 13106/7/3
f 13109/7/3 13095/7/3 13094/7/3
f 13110/1/3 13096/1/3 13095/1/3
f 13110/7/3 13095/7/3 13109/7/3
f 13111/1/3 13096/1/3 13110/1/3
f 13112/7/3 13099/7/3 13098/7/3
f 13113/1/3 13100/1/3 13099/1/3
f 13113/7/3 13099/7/3 13112/7/3
f 13114/1/3 13100/1/3 13113/1/3
f 13115/7/3 13104/7/3 13103/7/3
f 13115/7/3 13103/7/3 13102/7/3
f 13116/7/3 13104/7/3 13115/7/3
f 13117/7/3 13107/7/3 13106/7/3
f 13117/7/3 13108/7/3 13107/7/3
f 13118/7/3 13108/7/3 13117/7/3
f 13120/6/3 13111/6/3 13110/6/3
f 13120/6/3 13110/6/3 13109/6/3
f 13121/6/3 13111/6/3 13120/6/3
f 13122/6/3 13111/6/3 13121/6/3
f 13124/6/3 13114/6/3 13113/6/3
f 13124/6/3 13113/6/3 13112/6/3
f 13125/6/3 13114/6/3 13124/6/3
f 13126/6/3 13114/6/3 13125/6/3
f 13128/6/3 13116/6/3 13115/6/3
f 13129/6/3 13116/6/3 13128/6/3
f 13130/6/3 13116/6/3 13129/6/3
f 13132/6/3 13118/6/3 13117/6/3
f 13133/6/3 13118/6/3 13132/6/3
f 13134/6/3 13118/6/3 13133/6/3
f 13136/6/3 13121/6/3 13120/6/3
f 13136/6/3 13120/6/3 13119/6/3
f 13137/6/3 13121/6/3 13136/6/3
f 13138/6/3 13121/6/3 13137/6/3
f 13140/6/3 13124/6/3 13123/6/3
f 13140/6/3 13125/6/3 13124/6/3
f 13141/6/3 13125/6/3 13140/6/3
f 13142/6/3 13125/6/3 13141/6/3
f 13144/6/3 13129/6/3 13128/6/3
f 13144/6/3 13128/6/3 13127/6/3
f 13145/6/3 13129/6/3 13144/6/3
f 13146/6/3 13129/6/3 13145/6/3
f 13148/6/3 13133/6/3 13132/6/3
f 13148/6/3 13132/6/3 13131/6/3
f 13149/6/3 13133/6/3 13148/6/3
f 13150/6/3 13133/6/3 13149/6/3
f 13152/6/3 13137/6/3 13136/6/3
f 13152/6/3 13136/6/3 13135/6/3
f 13153/6/3 13137/6/3 13152/6/3
f 13154/6/3 13137/6/3 13153/6/3
f 13156/6/3 13141/6/3 13140/6/3
f 13156/6/3 13140/6/3 13139/6/3
f 13157/6/3 13141/6/3 13156/6/3
f 13158/6/3 13141/6/3 13157/6/3
f 13160/6/3 13145/6/3 13144/6/3
f 13160/6/3 13144/6/3 13143/6/3
f 13161/6/3 13145/6/3 13160/6/3
f 13162/6/3 13145/6/3 13161/6/3
f 13164/6/3 13149/6/3 13148/6/3
f 13164/6/3 13148/6/3 13147/6/3
f 13165/6/3 13149/6/3 13164/6/3
f 13166/6/3 13149/6/3 13165/6/3
f 13168/6/3 13153/6/3 13152/6/3
f 13168/6/3 13152/6/3 13151/6/3
f 13169/6/3 13153/6/3 13168/6/3
f 13170/6/3 13153/6/3 13169/6/3
f 13172/6/3 13157/6/3 13156/6/3
f 13172/6/3 13156/6/3 13155/6/3
f 13173/6/3 13157/6/3 13172/6/3
f 13174/6/3 13157/6/3 13173/6/3
f 13176/6/3 13161/6/3 13160/6/3
f 13176/6/3 13160/6/3 13159/6/3
f 13177/6/3 13161/6/3 13176/6/3
f 13178/6/3 13161/6/3 13177/6/3
f 13180/6/3 13165/6/3 13164/6/3
f 13180/6/3 13164/6/3 13163/6/3
f 13181/6/3 13165/6/3 13180/6/3
f 13182/6/3 13165/6/3 13181/6/3
f 13184/6/3 13169/6/3 13168/6/3
f 13184/6/3 13168/6/3 13167/6/3
f 13185/6/3 13169/6/3 13184/6/3
f 13186/6/3 13169/6/3 13185/6/3
f 13188/6/3 13173/6/3 13172/6/3
f 13188/6/3 13172/6/3 13171/6/3
f 13189/6/3 13173/6/3 13188/6/3
f 13190/6/3 13173/6/3 13189/6/3
f 13192/6/3 13177/6/3 13176/6/3
f 13192/6/3 13176/6/3 13175/6/3
f 13193/6/3 13177/6/3 13192/6/3
f 13194/6/3 13177/6/3 13193/6/3
f 13196/6/3 13181/6/3 13180/6/3
f 13196/6/3 13180/6/3 13179/6/3
f 13197/6/3 13181/6/3 13196/6/3
f 13198/6/3 13181/6/3 13197/6/3
f 13200/6/3 13185/6/3 13184/6/3
f 13200/6/3 13184/6/3 13183/6/3
f 13201/6/3 13185/6/3 13200/6/3
f 13202/6/3 13185/6/3 13201/6/3
f 13204/6/3 13189/6/3 13188/6/3
f 13204/6/3 13188/6/3 13187/6/3
f 13205/6/3 13189/6/3 13204/6/3
f 13206/6/3 13189/6/3 13205/6/3
f 13208/6/3 13193/6/3 13192/6/3
f 13208/6/3 13192/6/3 13191/6/3
f 13209/6/3 13193/6/3 13208/6/3
f 13210/6/3 13193/6/3 13209/6/3
f 13212/6/3 13197/6/3 13196/6/3
f 13212/6/3 13196/6/3 13195/6/3
f 13213/6/3 13197/6/3 13212/6/3
f 13214/6/3 13197/6/3 13213/6/3
f 13216/6/3 13201/6/3 13200/6/3
f 13216/6/3 13200/6/3 13199/6/3
f 13217/6/3 13201/6/3 13216/6/3
f 13220/6/3 13205/6/3 13204/6/3
f 13220/6/3 13204/6/3 13203/6/3
f 13221/6/3 13205/6/3 13220/6/3
f 13224/6/3 13209/6/3 13208/6/3
f 13224/6/3 13208/6/3 13207/6/3
f 13225/6/3 13209/6/3 13224/6/3
f 13228/6/3 13213/6/3 13212/6/3
f 13228/6/3 13212/6/3 13211/6/3
f 13229/6/3 13213/6/3 13228/6/3
f 13232/6/3 13216/6/3 13215/6/3
f 13233/6/3 13216/6/3 13232/6/3
f 13234/6/3 13219/6/3 13218/6/3
f 13234/6/3 13218/6/3 13217/6/3
f 13234/6/3 13220/6/3 13219/6/3
f 13235/6/3 13220/6/3 13234/6/3
f 13236/6/3 13220/6/3 13235/6/3
f 13237/6/3 13220/6/3 13236/6/3
f 13238/6/3 13223/6/3 13222/6/3
f 13238/6/3 13222/6/3 13221/6/3
f 13238/6/3 13224/6/3 13223/6/3
f 13239/6/3 13224/6/3 13238/6/3
f 13240/6/3 13224/6/3 13239/6/3
f 13241/6/3 13224/6/3 13240/6/3
f 13242/6/3 13227/6/3 13226/6/3
f 13242/6/3 13226/6/3 13225/6/3
f 13242/6/3 13228/6/3 13227/6/3
f 13243/6/3 13228/6/3 13242/6/3
f 13244/6/3 13228/6/3 13243/6/3
f 13245/6/3 13228/6/3 13244/6/3
f 13246/6/3 13230/6/3 13229/6/3
f 13246/6/3 13231/6/3 13230/6/3
f 13247/6/3 13231/6/3 13246/6/3
f 13248/6/3 13231/6/3 13247/6/3
f 13249/6/3 13234/6/3 13233/6/3
f 13250/6/3 13234/6/3 13249/6/3
f 13251/6/3 13234/6/3 13250/6/3
f 13253/6/3 13238/6/3 13237/6/3
f 13254/6/3 13238/6/3 13253/6/3
f 13255/6/3 13238/6/3 13254/6/3
f 13257/6/3 13242/6/3 13241/6/3
f 13258/6/3 13242/6/3 13257/6/3
f 13259/6/3 13242/6/3 13258/6/3
f 13261/6/3 13246/6/3 13245/6/3
f 13262/6/3 13246/6/3 13261/6/3
f 13263/6/3 13246/6/3 13262/6/3
f 13265/6/3 13252/6/3 13251/6/3
f 13265/6/3 13251/6/3 13250/6/3
f 13266/6/3 13252/6/3 13265/6/3
f 13267/6/3 13252/6/3 13266/6/3
f 13269/6/3 13256/6/3 13255/6/3
f 13269/6/3 13255/6/3 13254/6/3
f 13270/6/3 13256/6/3 13269/6/3
f 13271/6/3 13256/6/3 13270/6/3
f 13273/6/3 13260/6/3 13259/6/3
f 13273/6/3 13259/6/3 13258/6/3
f 13274/6/3 13260/6/3 13273/6/3
f 13275/6/3 13260/6/3 13274/6/3
f 13277/6/3 13264/6/3 13263/6/3
f 13277/6/3 13263/6/3 13262/6/3
f 13278/6/3 13264/6/3 13277/6/3
f 13279/6/3 13264/6/3 13278/6/3
f 13281/6/3 13268/6/3 13267/6/3
f 13281/6/3 13267/6/3 13266/6/3
f 13282/6/3 13268/6/3 13281/6/3
f 13283/6/3 13268/6/3 13282/6/3
f 13285/6/3 13272/6/3 13271/6/3
f 13285/6/3 13271/6/3 13270/6/3
f 13286/6/3 13272/6/3 13285/6/3
f 13287/6/3 13272/6/3 13286/6/3
f 13289/6/3 13276/6/3 13275/6/3
f 13289/6/3 13275/6/3 13274/6/3
f 13290/6/3 13276/6/3 13289/6/3
f 13291/6/3 13276/6/3 13290/6/3
f 13293/6/3 13280/6/3 13279/6/3
f 13293/6/3 13279/6/3 13278/6/3
f 13294/6/3 13280/6/3 13293/6/3
f 13295/6/3 13280/6/3 13294/6/3
f 13297/6/3 13284/6/3 13283/6/3
f 13297/6/3 13283/6/3 13282/6/3
f 13298/6/3 13284/6/3 13297/6/3
f 13299/6/3 13284/6/3 13298/6/3
f 13301/6/3 13288/6/3 13287/6/3
f 13301/6/3 13287/6/3 13286/6/3
f 13302/6/3 13288/6/3 13301/6/3
f 13303/6/3 13288/6/3 13302/6/3
f 13305/6/3 13292/6/3 13291/6/3
f 13305/6/3 13291/6/3 13290/6/3
f 13306/6/3 13292/6/3 13305/6/3
f 13307/6/3 13292/6/3 13306/6/3
f 13309/6/3 13295/6/3 13294/6/3
f 13309/6/3 13296/6/3 13295/6/3
f 13310/6/3 13296/6/3 13309/6/3
f 13311/6/3 13296/6/3 13310/6/3
f 13315/6/3 13300/6/3 13299/6/3
f 13315/6/3 13299/6/3 13298/6/3
f 13316/6/3 13300/6/3 13315/6/3
f 13317/6/3 13300/6/3 13316/6/3
f 13319/6/3 13304/6/3 13303/6/3
f 13319/6/3 13303/6/3 13302/6/3
f 13320/6/3 13304/6/3 13319/6/3
f 13321/6/3 13304/6/3 13320/6/3
f 13323/6/3 13308/6/3 13307/6/3
f 13323/6/3 13307/6/3 13306/6/3
f 13324/6/3 13308/6/3 13323/6/3
f 13325/6/3 13308/6/3 13324/6/3
f 13327/6/3 13311/6/3 13310/6/3
f 13327/6/3 13312/6/3 13311/6/3
f 13328/6/3 13312/6/3 13327/6/3
f 13329/6/3 13312/6/3 13328/6/3
f 13331/6/3 13314/6/3 13313/6/3
f 13332/6/3 13314/6/3 13331/6/3
f 13333/6/3 13318/6/3 13317/6/3
f 13333/6/3 13317/6/3 13316/6/3
f 13334/6/3 13318/6/3 13333/6/3
f 13335/6/3 13318/6/3 13334/6/3
f 13337/6/3 13322/6/3 13321/6/3
f 13337/6/3 13321/6/3 13320/6/3
f 13338/6/3 13322/6/3 13337/6/3
f 13339/6/3 13322/6/3 13338/6/3
f 13341/6/3 13326/6/3 13325/6/3
f 13341/6/3 13325/6/3 13324/6/3
f 13342/6/3 13326/6/3 13341/6/3
f 13343/6/3 13326/6/3 13342/6/3
f 13345/6/3 13329/6/3 13328/6/3
f 13345/6/3 13330/6/3 13329/6/3
f 13346/6/3 13330/6/3 13345/6/3
f 13347/6/3 13330/6/3 13346/6/3
f 13350/6/3 13336/6/3 13335/6/3
f 13350/6/3 13335/6/3 13334/6/3
f 13351/6/3 13336/6/3 13350/6/3
f 13352/6/3 13336/6/3 13351/6/3
f 13354/6/3 13340/6/3 13339/6/3
f 13354/6/3 13339/6/3 13338/6/3
f 13355/6/3 13340/6/3 13354/6/3
f 13356/6/3 13340/6/3 13355/6/3
f 13358/6/3 13344/6/3 13343/6/3
f 13358/6/3 13343/6/3 13342/6/3
f 13359/6/3 13344/6/3 13358/6/3
f 13360/6/3 13344/6/3 13359/6/3
f 13362/6/3 13347/6/3 13346/6/3
f 13362/6/3 13348/6/3 13347/6/3
f 13363/6/3 13348/6/3 13362/6/3
f 13364/6/3 13348/6/3 13363/6/3
f 13366/7/3 13351/7/3 13350/7/3
f 13366/7/3 13350/7/3 13349/7/3
f 13367/7/3 13351/7/3 13366/7/3
f 13368/7/3 13351/7/3 13367/7/3
f 13370/7/3 13354/7/3 13353/7/3
f 13371/1/3 13355/1/3 13354/1/3
f 13371/7/3 13354/7/3 13370/7/3
f 13372/1/3 13355/1/3 13371/1/3
f 13374/7/3 13358/7/3 13357/7/3
f 13375/1/3 13359/1/3 13358/1/3
f 13375/7/3 13358/7/3 13374/7/3
f 13376/1/3 13359/1/3 13375/1/3
f 13378/7/3 13362/7/3 13361/7/3
f 13379/1/3 13363/1/3 13362/1/3
f 13379/7/3 13362/7/3 13378/7/3
f 13380/1/3 13363/1/3 13379/1/3
f 13383/7/3 13366/7/3 13365/7/3
f 13383/7/3 13367/7/3 13366/7/3
f 13384/7/3 13367/7/3 13383/7/3
f 13385/7/3 13370/7/3 13369/7/3
f 13385/7/3 13371/7/3 13370/7/3
f 13386/7/3 13371/7/3 13385/7/3
f 13387/7/3 13371/7/3 13386/7/3
f 13388/7/3 13374/7/3 13373/7/3
f 13388/1/3 13375/1/3 13374/1/3
f 13389/1/3 13375/1/3 13388/1/3
f 13390/7/3 13378/7/3 13377/7/3
f 13390/1/3 13379/1/3 13378/1/3
f 13391/1/3 13379/1/3 13390/1/3
f 13392/9/3 13382/9/3 13381/9/3
f 13393/9/3 13382/9/3 13392/9/3
f 13396/7/3 13383/7/3 13365/7/3
f 13397/7/3 13383/7/3 13396/7/3
f 13398/1/3 13386/1/3 13385/1/3
f 13399/1/3 13386/1/3 13398/1/3
f 13400/7/3 13388/7/3 13373/7/3
f 13401/7/3 13388/7/3 13400/7/3
f 13402/7/3 13390/7/3 13377/7/3
f 13403/7/3 13390/7/3 13402/7/3
f 13408/2/3 13395/2/3 13394/2/3
f 13409/2/3 13395/2/3 13408/2/3
f 13410/9/3 13405/9/3 13404/9/3
f 13411/9/3 13405/9/3 13410/9/3
f 13412/9/3 13407/9/3 13406/9/3
f 13413/9/3 13407/9/3 13412/9/3
f 13414/9/3 13412/9/3 13411/9/3
f 13415/9/3 13412/9/3 13414/9/3
f 13418/4/3 13417/4/3 13416/4/3
f 13419/4/3 13417/4/3 13418/4/3
f 13422/6/3 13421/6/3 13420/6/3
f 13423/6/3 13421/6/3 13422/6/3
f 13426/7/3 13425/7/3 13424/7/3
f 13427/7/3 13425/7/3 13426/7/3
f 13430/9/3 13429/9/3 13428/9/3
f 13431/9/3 13429/9/3 13430/9/3
f 13436/9/3 13433/9/3 13432/9/3
f 13437/9/3 13433/9/3 13436/9/3
f 13438/9/3 13435/9/3 13434/9/3
f 13439/9/3 13435/9/3 13438/9/3
f 13440/9/3 13438/9/3 13437/9/3
f 13441/9/3 13438/9/3 13440/9/3
f 13444/7/3 13443/7/3 13442/7/3
f 13445/7/3 13443/7/3 13444/7/3
f 13450/7/3 13447/7/3 13446/7/3
f 13451/7/3 13447/7/3 13450/7/3
f 13452/4/3 13449/4/3 13448/4/3
f 13453/4/3 13449/4/3 13452/4/3
f 13456/6/3 13455/6/3 13454/6/3
f 13457/6/3 13455/6/3 13456/6/3
f 13466/6/3 13459/6/3 13458/6/3
f 13467/6/3 13459/6/3 13466/6/3
f 13468/6/3 13461/6/3 13460/6/3
f 13469/6/3 13461/6/3 13468/6/3
f 13470/6/3 13463/6/3 13462/6/3
f 13471/6/3 13463/6/3 13470/6/3
f 13472/6/3 13465/6/3 13464/6/3
f 13473/6/3 13465/6/3 13472/6/3
f 13482/6/3 13475/6/3 13474/6/3
f 13483/6/3 13475/6/3 13482/6/3
f 13484/6/3 13477/6/3 13476/6/3
f 13485/6/3 13477/6/3 13484/6/3
f 13486/6/3 13479/6/3 13478/6/3
f 13487/6/3 13479/6/3 13486/6/3
f 13488/6/3 13481/6/3 13480/6/3
f 13489/6/3 13481/6/3 13488/6/3
f 13492/9/3 13491/9/3 13490/9/3
f 13493/9/3 13491/9/3 13492/9/3
f 13498/9/3 13495/9/3 13494/9/3
f 13499/9/3 13495/9/3 13498/9/3
f 13500/9/3 13497/9/3 13496/9/3
f 13501/9/3 13497/9/3 13500/9/3
f 13504/9/3 13500/9/3 13499/9/3
f 13505/9/3 13500/9/3 13504/9/3
f 13506/7/3 13503/7/3 13502/7/3
f 13507/7/3 13503/7/3 13506/7/3
f 13510/7/3 13509/7/3 13508/7/3
f 13511/7/3 13509/7/3 13510/7/3
f 13514/4/3 13513/4/3 13512/4/3
f 13515/4/3 13513/4/3 13514/4/3
f 13518/2/3 13517/2/3 13516/2/3
f 13519/2/3 13517/2/3 13518/2/3
f 13522/6/3 13521/6/3 13520/6/3
f 13523/6/3 13521/6/3 13522/6/3
f 13526/6/3 13525/6/3 13524/6/3
f 13527/6/3 13525/6/3 13526/6/3
f 13536/6/3 13529/6/3 13528/6/3
f 13537/6/3 13529/6/3 13536/6/3
f 13538/6/3 13531/6/3 13530/6/3
f 13539/6/3 13531/6/3 13538/6/3
f 13540/6/3 13533/6/3 13532/6/3
f 13541/6/3 13533/6/3 13540/6/3
f 13542/6/3 13535/6/3 13534/6/3
f 13543/6/3 13535/6/3 13542/6/3
f 13552/6/3 13545/6/3 13544/6/3
f 13553/6/3 13545/6/3 13552/6/3
f 13554/6/3 13547/6/3 13546/6/3
f 13555/6/3 13547/6/3 13554/6/3
f 13556/6/3 13549/6/3 13548/6/3
f 13557/6/3 13549/6/3 13556/6/3
f 13558/6/3 13551/6/3 13550/6/3
f 13559/6/3 13551/6/3 13558/6/3
f 13568/6/3 13561/6/3 13560/6/3
f 13569/6/3 13561/6/3 13568/6/3
f 13570/6/3 13563/6/3 13562/6/3
f 13571/6/3 13563/6/3 13570/6/3
f 13572/6/3 13565/6/3 13564/6/3
f 13573/6/3 13565/6/3 13572/6/3
f 13574/6/3 13567/6/3 13566/6/3
f 13575/6/3 13567/6/3 13574/6/3
f 13578/9/3 13577/9/3 13576/9/3
f 13579/9/3 13577/9/3 13578/9/3
f 13586/9/3 13581/9/3 13580/9/3
f 13587/9/3 13581/9/3 13586/9/3
f 13588/9/3 13583/9/3 13582/9/3
f 13589/9/3 13583/9/3 13588/9/3
f 13590/6/3 13585/6/3 13584/6/3
f 13591/6/3 13585/6/3 13590/6/3
f 13592/9/3 13588/9/3 13587/9/3
f 13593/9/3 13588/9/3 13592/9/3
f 13594/7/3 13591/7/3 13590/7/3
f 13595/7/3 13591/7/3 13594/7/3
f 13598/6/3 13597/6/3 13596/6/3
f 13599/6/3 13597/6/3 13598/6/3
f 13602/2/3 13601/2/3 13600/2/3
f 13603/2/3 13601/2/3 13602/2/3
f 13606/2/3 13605/2/3 13604/2/3
f 13607/2/3 13605/2/3 13606/2/3
f 13610/6/3 13609/6/3 13608/6/3
f 13611/6/3 13609/6/3 13610/6/3
f 13620/6/3 13613/6/3 13612/6/3
f 13621/6/3 13613/6/3 13620/6/3
f 13622/6/3 13615/6/3 13614/6/3
f 13623/6/3 13615/6/3 13622/6/3
f 13624/6/3 13617/6/3 13616/6/3
f 13625/6/3 13617/6/3 13624/6/3
f 13626/6/3 13619/6/3 13618/6/3
f 13627/6/3 13619/6/3 13626/6/3
f 13636/6/3 13629/6/3 13628/6/3
f 13637/6/3 13629/6/3 13636/6/3
f 13638/6/3 13631/6/3 13630/6/3
f 13639/6/3 13631/6/3 13638/6/3
f 13640/6/3 13633/6/3 13632/6/3
f 13641/6/3 13633/6/3 13640/6/3
f 13642/6/3 13635/6/3 13634/6/3
f 13643/6/3 13635/6/3 13642/6/3
f 13652/6/3 13645/6/3 13644/6/3
f 13653/6/3 13645/6/3 13652/6/3
f 13654/6/3 13647/6/3 13646/6/3
f 13655/6/3 13647/6/3 13654/6/3
f 13656/6/3 13649/6/3 13648/6/3
f 13657/6/3 13649/6/3 13656/6/3
f 13658/6/3 13651/6/3 13650/6/3
f 13659/6/3 13651/6/3 13658/6/3
f 13662/9/3 13661/9/3 13660/9/3
f 13663/9/3 13661/9/3 13662/9/3
f 13670/6/3 13665/6/3 13664/6/3
f 13671/9/3 13667/9/3 13666/9/3
f 13672/9/3 13667/9/3 13671/9/3
f 13673/9/3 13669/9/3 13668/9/3
f 13674/9/3 13669/9/3 13673/9/3
f 13675/6/3 13665/6/3 13670/6/3
f 13676/6/3 13665/6/3 13675/6/3
f 13677/9/3 13673/9/3 13672/9/3
f 13678/9/3 13673/9/3 13677/9/3
f 13681/2/3 13680/2/3 13679/2/3
f 13682/2/3 13680/2/3 13681/2/3
f 13685/5/3 13684/5/3 13683/5/3
f 13686/5/3 13684/5/3 13685/5/3
f 13689/6/3 13688/6/3 13687/6/3
f 13690/6/3 13688/6/3 13689/6/3
f 13693/2/3 13692/2/3 13691/2/3
f 13694/2/3 13692/2/3 13693/2/3
f 13697/6/3 13696/6/3 13695/6/3
f 13698/6/3 13696/6/3 13697/6/3
f 13707/6/3 13700/6/3 13699/6/3
f 13708/6/3 13700/6/3 13707/6/3
f 13709/6/3 13702/6/3 13701/6/3
f 13710/6/3 13702/6/3 13709/6/3
f 13711/6/3 13704/6/3 13703/6/3
f 13712/6/3 13704/6/3 13711/6/3
f 13713/6/3 13706/6/3 13705/6/3
f 13714/6/3 13706/6/3 13713/6/3
f 13717/9/3 13716/9/3 13715/9/3
f 13718/9/3 13716/9/3 13717/9/3
f 13725/9/3 13720/9/3 13719/9/3
f 13726/9/3 13720/9/3 13725/9/3
f 13727/9/3 13722/9/3 13721/9/3
f 13728/9/3 13722/9/3 13727/9/3
f 13729/2/3 13724/2/3 13723/2/3
f 13730/2/3 13724/2/3 13729/2/3
f 13731/9/3 13727/9/3 13726/9/3
f 13732/9/3 13727/9/3 13731/9/3
f 13735/6/3 13734/6/3 13733/6/3
f 13736/6/3 13734/6/3 13735/6/3
f 13739/2/3 13738/2/3 13737/2/3
f 13740/2/3 13738/2/3 13739/2/3
f 13743/2/3 13742/2/3 13741/2/3
f 13744/2/3 13742/2/3 13743/2/3
f 13747/6/3 13746/6/3 13745/6/3
f 13748/6/3 13746/6/3 13747/6/3
f 13757/6/3 13750/6/3 13749/6/3
f 13758/6/3 13750/6/3 13757/6/3
f 13759/6/3 13752/6/3 13751/6/3
f 13760/6/3 13752/6/3 13759/6/3
f 13761/6/3 13754/6/3 13753/6/3
f 13762/6/3 13754/6/3 13761/6/3
f 13763/6/3 13756/6/3 13755/6/3
f 13764/6/3 13756/6/3 13763/6/3
f 13769/9/3 13768/9/3 13767/9/3
f 13770/9/3 13768/9/3 13769/9/3
f 13771/6/3 13766/6/3 13765/6/3
f 13772/6/3 13766/6/3 13771/6/3
f 13779/9/3 13774/9/3 13773/9/3
f 13780/9/3 13774/9/3 13779/9/3
f 13781/9/3 13776/9/3 13775/9/3
f 13782/9/3 13776/9/3 13781/9/3
f 13783/2/3 13778/2/3 13777/2/3
f 13784/2/3 13778/2/3 13783/2/3
f 13785/9/3 13781/9/3 13780/9/3
f 13786/9/3 13781/9/3 13785/9/3
f 13789/7/3 13788/7/3 13787/7/3
f 13790/7/3 13788/7/3 13789/7/3
f 13792/6/3 13790/6/3 13789/6/3
f 13793/6/3 13792/6/3 13791/6/3
f 13794/6/3 13790/6/3 13792/6/3
f 13794/6/3 13792/6/3 13793/6/3
f 13798/6/3 13796/6/3 13795/6/3
f 13799/6/3 13796/6/3 13798/6/3
f 13800/6/3 13798/6/3 13797/6/3
f 13801/6/3 13798/6/3 13800/6/3
f 13803/6/3 13802/6/3 13801/6/3
f 13804/6/3 13802/6/3 13803/6/3
f 13805/6/3 13802/6/3 13804/6/3
f 13807/6/3 13805/6/3 13804/6/3
f 13807/6/3 13806/6/3 13805/6/3
f 13808/6/3 13806/6/3 13807/6/3
f 13809/6/3 13806/6/3 13808/6/3
f 13811/6/3 13810/6/3 13809/6/3
f 13811/6/3 13809/6/3 13808/6/3
f 13812/6/3 13810/6/3 13811/6/3
f 13813/6/3 13810/6/3 13812/6/3
f 13816/6/3 13813/6/3 13812/6/3
f 13817/7/3 13814/7/3 13813/7/3
f 13817/6/3 13813/6/3 13816/6/3
f 13818/7/3 13814/7/3 13817/7/3
f 13820/2/3 13816/2/3 13815/2/3
f 13822/2/3 13820/2/3 13819/2/3
f 13823/2/3 13816/2/3 13820/2/3
f 13823/2/3 13820/2/3 13822/2/3
f 13824/2/3 13816/2/3 13823/2/3
f 13826/2/3 13822/2/3 13821/2/3
f 13826/2/3 13823/2/3 13822/2/3
f 13827/2/3 13823/2/3 13826/2/3
f 13828/2/3 13826/2/3 13825/2/3
f 13829/2/3 13826/2/3 13828/2/3
f 13831/2/3 13830/2/3 13829/2/3
f 13832/2/3 13830/2/3 13831/2/3
f 13833/2/3 13830/2/3 13832/2/3
f 13835/2/3 13833/2/3 13832/2/3
f 13835/2/3 13834/2/3 13833/2/3
f 13836/2/3 13834/2/3 13835/2/3
f 13837/2/3 13834/2/3 13836/2/3
f 13838/2/3 13834/2/3 13837/2/3
f 13842/6/3 13840/6/3 13839/6/3
f 13844/6/3 13842/6/3 13841/6/3
f 13845/6/3 13840/6/3 13842/6/3
f 13845/6/3 13842/6/3 13844/6/3
f 13846/6/3 13840/6/3 13845/6/3
f 13848/6/3 13844/6/3 13843/6/3
f 13848/6/3 13845/6/3 13844/6/3
f 13849/6/3 13845/6/3 13848/6/3
f 13850/6/3 13845/6/3 13849/6/3
f 13852/6/3 13848/6/3 13847/6/3
f 13852/6/3 13849/6/3 13848/6/3
f 13853/6/3 13849/6/3 13852/6/3
f 13854/6/3 13852/6/3 13851/6/3
f 13855/6/3 13852/6/3 13854/6/3
f 13857/6/3 13856/6/3 13855/6/3
f 13858/6/3 13856/6/3 13857/6/3
f 13859/6/3 13856/6/3 13858/6/3
f 13861/6/3 13859/6/3 13858/6/3
f 13861/6/3 13860/6/3 13859/6/3
f 13862/6/3 13860/6/3 13861/6/3
f 13863/6/3 13860/6/3 13862/6/3
f 13865/6/3 13863/6/3 13862/6/3
f 13865/6/3 13864/6/3 13863/6/3
f 13866/6/3 13864/6/3 13865/6/3
f 13867/6/3 13864/6/3 13866/6/3
f 13868/6/3 13864/6/3 13867/6/3
f 13877/6/3 13870/6/3 13869/6/3
f 13878/6/3 13870/6/3 13877/6/3
f 13879/6/3 13872/6/3 13871/6/3
f 13880/6/3 13872/6/3 13879/6/3
f 13881/6/3 13874/6/3 13873/6/3
f 13882/6/3 13874/6/3 13881/6/3
f 13883/6/3 13876/6/3 13875/6/3
f 13884/6/3 13876/6/3 13883/6/3
f 13889/2/3 13888/2/3 13887/2/3
f 13890/2/3 13888/2/3 13889/2/3
f 13891/6/3 13886/6/3 13885/6/3
f 13892/6/3 13886/6/3 13891/6/3
f 13895/7/3 13894/7/3 13893/7/3
f 13896/7/3 13894/7/3 13895/7/3
f 13900/6/3 13898/6/3 13897/6/3
f 13900/6/3 13899/6/3 13898/6/3
f 13901/6/3 13899/6/3 13900/6/3
f 13902/6/3 13899/6/3 13901/6/3
f 13905/7/3 13904/7/3 13903/7/3
f 13906/7/3 13904/7/3 13905/7/3
f 13909/4/3 13908/4/3 13907/4/3
f 13910/4/3 13908/4/3 13909/4/3
f 13919/6/3 13912/6/3 13911/6/3
f 13920/6/3 13912/6/3 13919/6/3
f 13921/6/3 13914/6/3 13913/6/3
f 13922/6/3 13914/6/3 13921/6/3
f 13923/6/3 13916/6/3 13915/6/3
f 13924/6/3 13916/6/3 13923/6/3
f 13925/6/3 13918/6/3 13917/6/3
f 13926/6/3 13918/6/3 13925/6/3
f 13929/2/3 13928/2/3 13927/2/3
f 13930/2/3 13928/2/3 13929/2/3
f 13933/6/3 13932/6/3 13931/6/3
f 13934/6/3 13932/6/3 13933/6/3
f 13937/6/3 13936/6/3 13935/6/3
f 13938/6/3 13936/6/3 13937/6/3
f 13941/6/3 13940/6/3 13939/6/3
f 13942/6/3 13940/6/3 13941/6/3
f 13945/2/3 13944/2/3 13943/2/3
f 13946/2/3 13944/2/3 13945/2/3
f 13949/4/3 13948/4/3 13947/4/3
f 13950/4/3 13949/4/3 13947/4/3
f 13951/4/3 13949/4/3 13950/4/3
f 13954/6/3 13953/6/3 13952/6/3
f 13955/6/3 13953/6/3 13954/6/3
f 13958/2/3 13957/2/3 13956/2/3
f 13959/2/3 13957/2/3 13958/2/3
f 13962/6/3 13961/6/3 13960/6/3
f 13963/6/3 13961/6/3 13962/6/3
f 13966/6/3 13965/6/3 13964/6/3
f 13967/6/3 13965/6/3 13966/6/3
f 13970/6/3 13969/6/3 13968/6/3
f 13971/6/3 13969/6/3 13970/6/3
f 13974/6/3 13973/6/3 13972/6/3
f 13975/6/3 13973/6/3 13974/6/3
f 13978/6/3 13977/6/3 13976/6/3
f 13979/6/3 13977/6/3 13978/6/3
f 13982/2/3 13981/2/3 13980/2/3
f 13983/2/3 13981/2/3 13982/2/3
f 13986/4/3 13985/4/3 13984/4/3
f 13987/4/3 13985/4/3 13986/4/3
f 13990/4/3 13989/4/3 13988/4/3
f 13991/4/3 13989/4/3 13990/4/3
f 13994/6/3 13993/6/3 13992/6/3
f 13995/6/3 13993/6/3 13994/6/3
f 14004/7/3 13997/7/3 13996/7/3
f 14005/7/3 13997/7/3 14004/7/3
f 14006/7/3 13999/7/3 13998/7/3
f 14007/7/3 13999/7/3 14006/7/3
f 14008/7/3 14001/7/3 14000/7/3
f 14009/7/3 14001/7/3 14008/7/3
f 14010/7/3 14003/7/3 14002/7/3
f 14011/7/3 14003/7/3 14010/7/3
f 14014/2/3 14013/2/3 14012/2/3
f 14015/2/3 14013/2/3 14014/2/3
f 14018/6/3 14017/6/3 14016/6/3
f 14019/6/3 14017/6/3 14018/6/3
f 14022/6/3 14021/6/3 14020/6/3
f 14023/6/3 14021/6/3 14022/6/3
f 14026/6/3 14025/6/3 14024/6/3
f 14027/6/3 14025/6/3 14026/6/3
f 14030/6/3 14029/6/3 14028/6/3
f 14031/6/3 14029/6/3 14030/6/3
f 14034/6/3 14033/6/3 14032/6/3
f 14035/6/3 14033/6/3 14034/6/3
f 14038/2/3 14037/2/3 14036/2/3
f 14039/2/3 14037/2/3 14038/2/3
f 14042/4/3 14041/4/3 14040/4/3
f 14043/4/3 14041/4/3 14042/4/3
f 14046/4/3 14045/4/3 14044/4/3
f 14047/4/3 14045/4/3 14046/4/3
f 14050/6/3 14049/6/3 14048/6/3
f 14051/6/3 14049/6/3 14050/6/3
f 14064/1/3 14054/1/3 14053/1/3
f 14064/7/3 14053/7/3 14052/7/3
f 14065/1/3 14054/1/3 14064/1/3
f 14066/7/3 14056/7/3 14055/7/3
f 14066/1/3 14057/1/3 14056/1/3
f 14067/1/3 14057/1/3 14066/1/3
f 14068/7/3 14059/7/3 14058/7/3
f 14068/1/3 14060/1/3 14059/1/3
f 14069/1/3 14060/1/3 14068/1/3
f 14070/1/3 14063/1/3 14062/1/3
f 14070/7/3 14062/7/3 14061/7/3
f 14071/1/3 14063/1/3 14070/1/3
f 14072/7/3 14064/7/3 14052/7/3
f 14073/7/3 14064/7/3 14072/7/3
f 14074/7/3 14066/7/3 14055/7/3
f 14075/7/3 14066/7/3 14074/7/3
f 14076/7/3 14068/7/3 14058/7/3
f 14077/7/3 14068/7/3 14076/7/3
f 14078/7/3 14070/7/3 14061/7/3
f 14079/7/3 14070/7/3 14078/7/3
f 14084/6/3 14081/6/3 14080/6/3
f 14085/6/3 14081/6/3 14084/6/3
f 14086/6/3 14083/6/3 14082/6/3
f 14087/6/3 14083/6/3 14086/6/3
f 14090/6/3 14089/6/3 14088/6/3
f 14091/6/3 14089/6/3 14090/6/3
f 14094/7/3 14093/7/3 14092/7/3
f 14095/7/3 14093/7/3 14094/7/3
f 14098/2/3 14097/2/3 14096/2/3
f 14099/2/3 14097/2/3 14098/2/3
f 14103/4/3 14101/4/3 14100/4/3
f 14104/4/3 14103/4/3 14102/4/3
f 14105/4/3 14101/4/3 14103/4/3
f 14105/4/3 14103/4/3 14104/4/3
f 14108/4/3 14107/4/3 14106/4/3
f 14109/4/3 14108/4/3 14106/4/3
f 14110/4/3 14108/4/3 14109/4/3
f 14113/7/3 14112/7/3 14111/7/3
f 14115/7/3 14113/7/3 14111/7/3
f 14115/7/3 14114/7/3 14113/7/3
f 14116/7/3 14114/7/3 14115/7/3
f 14117/7/3 14114/7/3 14116/7/3
f 14119/7/3 14118/7/3 14117/7/3
f 14119/7/3 14117/7/3 14116/7/3
f 14120/7/3 14118/7/3 14119/7/3
f 14121/7/3 14118/7/3 14120/7/3
f 14123/7/3 14122/7/3 14121/7/3
f 14123/7/3 14121/7/3 14120/7/3
f 14124/7/3 14122/7/3 14123/7/3
f 14126/6/3 14124/6/3 14123/6/3
f 14127/6/3 14124/6/3 14126/6/3
f 14128/6/3 14124/6/3 14127/6/3
f 14130/6/3 14126/6/3 14125/6/3
f 14130/6/3 14127/6/3 14126/6/3
f 14131/6/3 14127/6/3 14130/6/3
f 14132/6/3 14127/6/3 14131/6/3
f 14134/6/3 14130/6/3 14129/6/3
f 14134/6/3 14131/6/3 14130/6/3
f 14135/6/3 14131/6/3 14134/6/3
f 14136/6/3 14131/6/3 14135/6/3
f 14138/6/3 14134/6/3 14133/6/3
f 14138/6/3 14135/6/3 14134/6/3
f 14139/6/3 14135/6/3 14138/6/3
f 14140/6/3 14135/6/3 14139/6/3
f 14142/6/3 14138/6/3 14137/6/3
f 14142/6/3 14139/6/3 14138/6/3
f 14143/6/3 14139/6/3 14142/6/3
f 14144/6/3 14139/6/3 14143/6/3
f 14146/6/3 14142/6/3 14141/6/3
f 14146/6/3 14143/6/3 14142/6/3
f 14147/6/3 14143/6/3 14146/6/3
f 14148/6/3 14143/6/3 14147/6/3
f 14150/6/3 14146/6/3 14145/6/3
f 14150/6/3 14147/6/3 14146/6/3
f 14151/6/3 14147/6/3 14150/6/3
f 14153/6/3 14150/6/3 14149/6/3
f 14154/6/3 14150/6/3 14153/6/3
f 14155/6/3 14152/6/3 14151/6/3
f 14156/6/3 14152/6/3 14155/6/3
f 14157/6/3 14155/6/3 14154/6/3
f 14158/6/3 14155/6/3 14157/6/3
f 14159/6/3 14155/6/3 14158/6/3
f 14161/6/3 14160/6/3 14159/6/3
f 14161/6/3 14159/6/3 14158/6/3
f 14162/6/3 14160/6/3 14161/6/3
f 14163/6/3 14160/6/3 14162/6/3
f 14165/6/3 14163/6/3 14162/6/3
f 14165/6/3 14164/6/3 14163/6/3
f 14166/6/3 14164/6/3 14165/6/3
f 14167/6/3 14164/6/3 14166/6/3
f 14169/6/3 14167/6/3 14166/6/3
f 14169/6/3 14168/6/3 14167/6/3
f 14170/6/3 14168/6/3 14169/6/3
f 14171/6/3 14168/6/3 14170/6/3
f 14173/6/3 14171/6/3 14170/6/3
f 14173/6/3 14172/6/3 14171/6/3
f 14174/6/3 14172/6/3 14173/6/3
f 14175/6/3 14172/6/3 14174/6/3
f 14177/6/3 14175/6/3 14174/6/3
f 14177/6/3 14176/6/3 14175/6/3
f 14178/6/3 14176/6/3 14177/6/3
f 14179/6/3 14176/6/3 14178/6/3
f 14182/6/3 14179/6/3 14178/6/3
f 14182/6/3 14180/6/3 14179/6/3
f 14183/6/3 14180/6/3 14182/6/3
f 14184/6/3 14180/6/3 14183/6/3
f 14186/7/3 14182/7/3 14181/7/3
f 14186/7/3 14183/7/3 14182/7/3
f 14187/7/3 14183/7/3 14186/7/3
f 14188/7/3 14183/7/3 14187/7/3
f 14189/7/3 14186/7/3 14185/7/3
f 14189/7/3 14187/7/3 14186/7/3
f 14190/7/3 14187/7/3 14189/7/3
f 14191/7/3 14189/7/3 14185/7/3
f 14192/7/3 14189/7/3 14191/7/3
f 14197/4/3 14194/4/3 14193/4/3
f 14197/4/3 14195/4/3 14194/4/3
f 14198/4/3 14195/4/3 14197/4/3
f 14199/4/3 14195/4/3 14198/4/3
f 14201/4/3 14197/4/3 14196/4/3
f 14201/4/3 14198/4/3 14197/4/3
f 14202/4/3 14198/4/3 14201/4/3
f 14203/4/3 14198/4/3 14202/4/3
f 14204/4/3 14201/4/3 14200/4/3
f 14204/4/3 14202/4/3 14201/4/3
f 14205/4/3 14202/4/3 14204/4/3
f 14207/4/3 14204/4/3 14200/4/3
f 14208/4/3 14204/4/3 14207/4/3
f 14210/4/3 14207/4/3 14206/4/3
f 14211/4/3 14207/4/3 14210/4/3
f 14212/4/3 14209/4/3 14208/4/3
f 14213/4/3 14209/4/3 14212/4/3
f 14214/4/3 14209/4/3 14213/4/3
f 14216/4/3 14214/4/3 14213/4/3
f 14216/4/3 14215/4/3 14214/4/3
f 14217/4/3 14215/4/3 14216/4/3
f 14218/4/3 14215/4/3 14217/4/3
f 14221/4/3 14212/4/3 14211/4/3
f 14222/4/3 14218/4/3 14217/4/3
f 14222/4/3 14219/4/3 14218/4/3
f 14223/4/3 14219/4/3 14222/4/3
f 14224/4/3 14219/4/3 14223/4/3
f 14225/4/3 14221/4/3 14220/4/3
f 14225/4/3 14212/4/3 14221/4/3
f 14226/4/3 14212/4/3 14225/4/3
f 14227/4/3 14224/4/3 14223/4/3
f 14228/4/3 14224/4/3 14227/4/3
f 14229/4/3 14225/4/3 14220/4/3
f 14230/4/3 14225/4/3 14229/4/3
f 14233/4/3 14232/4/3 14231/4/3
f 14234/4/3 14232/4/3 14233/4/3
f 14237/6/3 14236/6/3 14235/6/3
f 14238/6/3 14236/6/3 14237/6/3
f 14241/6/3 14240/6/3 14239/6/3
f 14242/6/3 14240/6/3 14241/6/3
f 14247/4/3 14246/4/3 14245/4/3
f 14248/4/3 14246/4/3 14247/4/3
f 14251/6/3 14250/6/3 14249/6/3
f 14252/6/3 14250/6/3 14251/6/3
f 14253/9/3 14244/9/3 14243/9/3
f 14256/9/3 14253/9/3 14243/9/3
f 14257/6/3 14255/6/3 14254/6/3
f 14258/6/3 14255/6/3 14257/6/3
f 14261/6/3 14260/6/3 14259/6/3
f 14262/6/3 14260/6/3 14261/6/3
f 14263/9/3 14256/9/3 14243/9/3
f 14264/9/3 14256/9/3 14263/9/3
f 14267/4/3 14266/4/3 14265/4/3
f 14268/4/3 14266/4/3 14267/4/3
f 14271/6/3 14270/6/3 14269/6/3
f 14272/6/3 14270/6/3 14271/6/3
f 14275/6/3 14274/6/3 14273/6/3
f 14276/6/3 14274/6/3 14275/6/3
f 14279/6/3 14278/6/3 14277/6/3
f 14280/6/3 14278/6/3 14279/6/3
f 14283/4/3 14282/4/3 14281/4/3
f 14284/4/3 14282/4/3 14283/4/3
f 14287/6/3 14286/6/3 14285/6/3
f 14288/6/3 14286/6/3 14287/6/3
f 14291/4/3 14290/4/3 14289/4/3
f 14292/4/3 14290/4/3 14291/4/3
f 14295/6/3 14294/6/3 14293/6/3
f 14296/6/3 14294/6/3 14295/6/3
f 14299/6/3 14298/6/3 14297/6/3
f 14300/6/3 14298/6/3 14299/6/3
f 14303/6/3 14302/6/3 14301/6/3
f 14304/6/3 14302/6/3 14303/6/3
f 14307/7/3 14306/7/3 14305/7/3
f 14308/7/3 14306/7/3 14307/7/3
f 14311/7/3 14310/7/3 14309/7/3
f 14312/7/3 14310/7/3 14311/7/3
f 14313/7/3 14311/7/3 14309/7/3
f 14314/7/3 14311/7/3 14313/7/3
f 14315/9/4 14316/9/4 14317/9/4
f 14317/9/4 14316/9/4 14318/9/4
f 14323/6/4 14324/6/4 14325/6/4
f 14325/6/4 14324/6/4 14326/6/4
f 14321/9/4 14322/9/4 14327/9/4
f 14327/9/4 14322/9/4 14328/9/4
f 14328/9/4 14322/9/4 14329/9/4
f 14329/9/4 14322/9/4 14330/9/4
f 14330/9/4 14322/9/4 14331/9/4
f 14331/9/4 14322/9/4 14332/9/4
f 14319/9/4 14320/9/4 14333/9/4
f 14333/9/4 14320/9/4 14334/9/4
f 14337/3/4 14338/3/4 14339/3/4
f 14339/3/4 14338/3/4 14340/3/4
f 14335/2/4 14336/2/4 14341/2/4
f 14341/2/4 14336/2/4 14342/2/4
f 14343/6/4 14344/6/4 14345/6/4
f 14345/6/4 14344/6/4 14346/6/4
f 14347/6/4 14348/6/4 14349/6/4
f 14349/6/4 14348/6/4 14350/6/4
f 14351/2/4 14352/2/4 14357/2/4
f 14357/2/4 14352/2/4 14358/2/4
f 14353/2/4 14354/2/4 14359/2/4
f 14359/2/4 14354/2/4 14360/2/4
f 14355/2/4 14356/2/4 14361/2/4
f 14361/2/4 14356/2/4 14362/2/4
f 14363/7/4 14364/7/4 14365/7/4
f 14365/7/4 14364/7/4 14366/7/4
f 14367/2/4 14368/2/4 14369/2/4
f 14369/2/4 14368/2/4 14370/2/4
f 14371/6/4 14372/6/4 14374/6/4
f 14373/6/4 14374/6/4 14376/6/4
f 14374/6/4 14372/6/4 14377/6/4
f 14376/6/4 14374/6/4 14377/6/4
f 14377/6/4 14372/6/4 14378/6/4
f 14375/6/4 14376/6/4 14380/6/4
f 14376/6/4 14377/6/4 14380/6/4
f 14380/6/4 14377/6/4 14381/6/4
f 14381/6/4 14377/6/4 14382/6/4
f 14379/6/4 14380/6/4 14384/6/4
f 14380/6/4 14381/6/4 14384/6/4
f 14384/6/4 14381/6/4 14385/6/4
f 14383/6/4 14384/6/4 14386/6/4
f 14386/6/4 14384/6/4 14387/6/4
f 14387/6/4 14388/6/4 14389/6/4
f 14389/6/4 14388/6/4 14390/6/4
f 14390/6/4 14388/6/4 14391/6/4
f 14390/6/4 14391/6/4 14393/6/4
f 14391/6/4 14392/6/4 14393/6/4
f 14393/6/4 14392/6/4 14394/6/4
f 14394/6/4 14392/6/4 14395/6/4
f 14394/6/4 14395/6/4 14397/6/4
f 14395/6/4 14396/6/4 14397/6/4
f 14397/6/4 14396/6/4 14398/6/4
f 14398/6/4 14396/6/4 14399/6/4
f 14399/6/4 14396/6/4 14400/6/4
f 14401/6/4 14402/6/4 14403/6/4
f 14403/6/4 14402/6/4 14404/6/4
f 14405/4/4 14406/4/4 14407/4/4
f 14407/4/4 14406/4/4 14408/4/4
f 14409/2/4 14410/2/4 14411/2/4
f 14411/2/4 14410/2/4 14412/2/4
f 14413/2/4 14414/2/4 14415/2/4
f 14415/2/4 14414/2/4 14416/2/4
f 14417/7/4 14418/7/4 14419/7/4
f 14419/7/4 14418/7/4 14420/7/4
f 14421/3/4 14422/3/4 14424/3/4
f 14424/3/4 14422/3/4 14425/3/4
f 14423/3/4 14424/3/4 14426/3/4
f 14426/3/4 14424/3/4 14427/3/4
f 14428/6/4 14429/6/4 14430/6/4
f 14430/6/4 14429/6/4 14431/6/4
f 14432/4/4 14433/4/4 14435/4/4
f 14433/4/4 14434/4/4 14435/4/4
f 14435/4/4 14434/4/4 14436/4/4
f 14437/2/4 14438/2/4 14439/2/4
f 14439/2/4 14438/2/4 14440/2/4
f 14441/6/4 14442/6/4 14443/6/4
f 14443/6/4 14442/6/4 14444/6/4
f 14445/2/4 14446/2/4 14447/2/4
f 14447/2/4 14446/2/4 14448/2/4
f 14449/6/4 14450/6/4 14451/6/4
f 14451/6/4 14450/6/4 14452/6/4
f 14453/2/4 14454/2/4 14455/2/4
f 14453/2/4 14455/2/4 14460/2/4
f 14455/2/4 14456/2/4 14460/2/4
f 14460/2/4 14456/2/4 14461/2/4
f 14456/3/4 14457/3/4 14462/3/4
f 14461/2/4 14456/2/4 14462/2/4
f 14462/3/4 14457/3/4 14463/3/4
f 14458/2/4 14459/2/4 14467/2/4
f 14461/2/4 14462/2/4 14469/2/4
f 14464/2/4 14465/2/4 14471/2/4
f 14466/2/4 14467/2/4 14473/2/4
f 14467/2/4 14459/2/4 14474/2/4
f 14473/2/4 14467/2/4 14474/2/4
f 14474/2/4 14459/2/4 14475/2/4
f 14468/2/4 14469/2/4 14477/2/4
f 14469/2/4 14462/2/4 14478/2/4
f 14477/2/4 14469/2/4 14478/2/4
f 14478/2/4 14462/2/4 14479/2/4
f 14470/2/4 14471/2/4 14481/2/4
f 14471/2/4 14465/2/4 14482/2/4
f 14481/2/4 14471/2/4 14482/2/4
f 14482/2/4 14465/2/4 14483/2/4
f 14472/2/4 14473/2/4 14485/2/4
f 14473/2/4 14474/2/4 14485/2/4
f 14485/2/4 14474/2/4 14486/2/4
f 14476/2/4 14477/2/4 14487/2/4
f 14477/2/4 14478/2/4 14487/2/4
f 14487/2/4 14478/2/4 14488/2/4
f 14481/2/4 14482/2/4 14489/2/4
f 14480/2/4 14481/2/4 14489/2/4
f 14489/2/4 14482/2/4 14490/2/4
f 14484/2/4 14485/2/4 14491/2/4
f 14491/2/4 14485/2/4 14492/2/4
f 14486/2/4 14487/2/4 14493/2/4
f 14493/2/4 14487/2/4 14494/2/4
f 14488/2/4 14489/2/4 14495/2/4
f 14495/2/4 14489/2/4 14496/2/4
f 14492/2/4 14493/2/4 14498/2/4
f 14498/2/4 14493/2/4 14499/2/4
f 14499/2/4 14493/2/4 14500/2/4
f 14494/2/4 14495/2/4 14503/2/4
f 14503/2/4 14495/2/4 14504/2/4
f 14504/2/4 14495/2/4 14505/2/4
f 14496/2/4 14497/2/4 14507/2/4
f 14507/2/4 14497/2/4 14508/2/4
f 14508/2/4 14497/2/4 14509/2/4
f 14499/2/4 14500/2/4 14511/2/4
f 14500/2/4 14501/2/4 14511/2/4
f 14511/2/4 14501/2/4 14512/2/4
f 14501/3/4 14502/3/4 14513/3/4
f 14512/2/4 14501/2/4 14513/2/4
f 14513/3/4 14502/3/4 14514/3/4
f 14505/2/4 14506/2/4 14515/2/4
f 14504/2/4 14505/2/4 14515/2/4
f 14515/2/4 14506/2/4 14516/2/4
f 14508/2/4 14509/2/4 14517/2/4
f 14509/2/4 14510/2/4 14517/2/4
f 14517/2/4 14510/2/4 14518/2/4
f 14512/2/4 14513/2/4 14519/2/4
f 14519/2/4 14513/2/4 14520/2/4
f 14516/2/4 14506/2/4 14522/2/4
f 14518/2/4 14510/2/4 14523/2/4
f 14523/2/4 14510/2/4 14524/2/4
f 14521/2/4 14522/2/4 14526/2/4
f 14522/2/4 14506/2/4 14527/2/4
f 14526/2/4 14522/2/4 14527/2/4
f 14527/2/4 14506/2/4 14528/2/4
f 14525/3/4 14526/3/4 14529/3/4
f 14526/2/4 14527/2/4 14530/2/4
f 14529/3/4 14526/3/4 14530/3/4
f 14530/2/4 14527/2/4 14531/2/4
f 14532/6/4 14533/6/4 14534/6/4
f 14534/6/4 14533/6/4 14535/6/4
f 14536/4/4 14537/4/4 14538/4/4
f 14538/4/4 14537/4/4 14539/4/4
f 14540/6/4 14541/6/4 14542/6/4
f 14542/6/4 14541/6/4 14543/6/4
f 14544/2/4 14545/2/4 14546/2/4
f 14546/2/4 14545/2/4 14547/2/4
f 14548/2/4 14549/2/4 14550/2/4
f 14550/2/4 14549/2/4 14551/2/4
f 14552/6/4 14553/6/4 14554/6/4
f 14554/6/4 14553/6/4 14555/6/4
f 14556/6/4 14557/6/4 14558/6/4
f 14558/6/4 14557/6/4 14559/6/4
f 14560/2/4 14561/2/4 14566/2/4
f 14566/2/4 14561/2/4 14567/2/4
f 14562/2/4 14563/2/4 14568/2/4
f 14568/2/4 14563/2/4 14569/2/4
f 14564/2/4 14565/2/4 14570/2/4
f 14570/2/4 14565/2/4 14571/2/4
f 14572/6/4 14573/6/4 14574/6/4
f 14574/6/4 14573/6/4 14575/6/4
f 14576/4/4 14577/4/4 14578/4/4
f 14578/4/4 14577/4/4 14579/4/4
f 14580/4/4 14581/4/4 14582/4/4
f 14582/4/4 14581/4/4 14583/4/4
f 14584/2/4 14585/2/4 14586/2/4
f 14586/2/4 14585/2/4 14587/2/4
f 14588/2/4 14589/2/4 14591/2/4
f 14590/2/4 14591/2/4 14593/2/4
f 14591/2/4 14589/2/4 14594/2/4
f 14593/2/4 14591/2/4 14594/2/4
f 14594/2/4 14589/2/4 14595/2/4
f 14592/2/4 14593/2/4 14597/2/4
f 14593/2/4 14594/2/4 14597/2/4
f 14597/2/4 14594/2/4 14598/2/4
f 14596/2/4 14597/2/4 14599/2/4
f 14599/2/4 14597/2/4 14600/2/4
f 14600/2/4 14601/2/4 14602/2/4
f 14602/2/4 14601/2/4 14603/2/4
f 14603/2/4 14601/2/4 14604/2/4
f 14603/2/4 14604/2/4 14606/2/4
f 14604/2/4 14605/2/4 14606/2/4
f 14606/2/4 14605/2/4 14607/2/4
f 14607/2/4 14605/2/4 14608/2/4
f 14608/2/4 14605/2/4 14609/2/4
f 14610/6/4 14611/6/4 14612/6/4
f 14612/6/4 14611/6/4 14613/6/4
f 14620/3/4 14621/3/4 14622/3/4
f 14622/3/4 14621/3/4 14623/3/4
f 14614/2/4 14615/2/4 14624/2/4
f 14624/2/4 14615/2/4 14625/2/4
f 14616/2/4 14617/2/4 14626/2/4
f 14626/2/4 14617/2/4 14627/2/4
f 14618/2/4 14619/2/4 14628/2/4
f 14628/2/4 14619/2/4 14629/2/4
f 14629/3/4 14630/3/4 14631/3/4
f 14631/3/4 14630/3/4 14632/3/4
f 14633/6/4 14634/6/4 14635/6/4
f 14635/6/4 14634/6/4 14636/6/4
f 14637/4/4 14638/4/4 14639/4/4
f 14639/4/4 14638/4/4 14640/4/4
f 14640/4/4 14638/4/4 14641/4/4
f 14642/4/4 14643/4/4 14645/4/4
f 14643/4/4 14644/4/4 14645/4/4
f 14645/4/4 14644/4/4 14646/4/4
f 14647/2/4 14648/2/4 14649/2/4
f 14649/2/4 14648/2/4 14650/2/4
f 14651/2/4 14652/2/4 14653/2/4
f 14653/2/4 14652/2/4 14654/2/4
f 14655/6/4 14656/6/4 14657/6/4
f 14657/6/4 14656/6/4 14658/6/4
f 14661/2/4 14662/2/4 14665/2/4
f 14659/2/4 14660/2/4 14667/2/4
f 14667/2/4 14660/2/4 14668/2/4
f 14663/3/4 14664/3/4 14670/3/4
f 14670/3/4 14664/3/4 14671/3/4
f 14661/2/4 14665/2/4 14672/2/4
f 14665/3/4 14666/3/4 14673/3/4
f 14672/2/4 14665/2/4 14673/2/4
f 14673/3/4 14666/3/4 14674/3/4
f 14669/3/4 14670/3/4 14675/3/4
f 14675/3/4 14670/3/4 14676/3/4
f 14677/4/4 14678/4/4 14680/4/4
f 14679/4/4 14680/4/4 14682/4/4
f 14680/4/4 14678/4/4 14683/4/4
f 14682/4/4 14680/4/4 14683/4/4
f 14683/4/4 14678/4/4 14684/4/4
f 14681/4/4 14682/4/4 14686/4/4
f 14682/4/4 14683/4/4 14686/4/4
f 14686/4/4 14683/4/4 14687/4/4
f 14687/4/4 14683/4/4 14688/4/4
f 14685/4/4 14686/4/4 14689/4/4
f 14686/4/4 14687/4/4 14689/4/4
f 14689/4/4 14687/4/4 14690/4/4
f 14691/4/4 14692/4/4 14696/4/4
f 14696/4/4 14692/4/4 14697/4/4
f 14693/4/4 14694/4/4 14698/4/4
f 14694/4/4 14695/4/4 14698/4/4
f 14698/4/4 14695/4/4 14699/4/4
f 14699/4/4 14695/4/4 14700/4/4
f 14699/4/4 14700/4/4 14702/4/4
f 14700/4/4 14701/4/4 14702/4/4
f 14702/4/4 14701/4/4 14703/4/4
f 14703/4/4 14701/4/4 14704/4/4
f 14697/4/4 14698/4/4 14707/4/4
f 14703/4/4 14704/4/4 14708/4/4
f 14704/4/4 14705/4/4 14708/4/4
f 14708/4/4 14705/4/4 14709/4/4
f 14709/4/4 14705/4/4 14710/4/4
f 14706/4/4 14707/4/4 14712/4/4
f 14707/4/4 14698/4/4 14712/4/4
f 14712/4/4 14698/4/4 14713/4/4
f 14710/4/4 14711/4/4 14714/4/4
f 14709/4/4 14710/4/4 14714/4/4
f 14714/4/4 14711/4/4 14715/4/4
f 14706/4/4 14712/4/4 14716/4/4
f 14716/4/4 14712/4/4 14717/4/4
f 14718/2/4 14719/2/4 14720/2/4
f 14720/2/4 14719/2/4 14721/2/4
f 14722/6/4 14723/6/4 14724/6/4
f 14724/6/4 14723/6/4 14725/6/4
f 14726/6/4 14727/6/4 14728/6/4
f 14728/6/4 14727/6/4 14729/6/4
f 14730/2/4 14731/2/4 14732/2/4
f 14732/2/4 14731/2/4 14733/2/4
f 14734/4/4 14735/4/4 14736/4/4
f 14734/4/4 14736/4/4 14737/4/4
f 14737/4/4 14736/4/4 14738/4/4
f 14739/2/4 14740/2/4 14741/2/4
f 14741/2/4 14740/2/4 14742/2/4
f 14743/2/4 14744/2/4 14745/2/4
f 14745/2/4 14744/2/4 14746/2/4
f 14747/6/4 14748/6/4 14749/6/4
f 14749/6/4 14748/6/4 14750/6/4
f 14751/6/4 14752/6/4 14753/6/4
f 14753/6/4 14752/6/4 14754/6/4
f 14755/6/4 14756/6/4 14757/6/4
f 14757/6/4 14756/6/4 14758/6/4
f 14759/6/4 14760/6/4 14761/6/4
f 14761/6/4 14760/6/4 14762/6/4
f 14763/2/4 14764/2/4 14766/2/4
f 14764/3/4 14765/3/4 14766/3/4
f 14766/3/4 14765/3/4 14767/3/4
f 14763/2/4 14766/2/4 14768/2/4
f 14768/2/4 14766/2/4 14769/2/4
f 14770/2/4 14771/2/4 14772/2/4
f 14772/2/4 14771/2/4 14773/2/4
f 14774/4/4 14775/4/4 14776/4/4
f 14776/4/4 14775/4/4 14777/4/4
f 14778/4/4 14779/4/4 14780/4/4
f 14780/4/4 14779/4/4 14781/4/4
f 14782/6/4 14783/6/4 14784/6/4
f 14784/6/4 14783/6/4 14785/6/4
f 14786/6/4 14787/6/4 14788/6/4
f 14788/6/4 14787/6/4 14789/6/4
f 14790/6/4 14791/6/4 14792/6/4
f 14792/6/4 14791/6/4 14793/6/4
f 14794/6/4 14795/6/4 14796/6/4
f 14796/6/4 14795/6/4 14797/6/4
f 14798/4/4 14799/4/4 14803/4/4
f 14799/4/4 14800/4/4 14803/4/4
f 14803/4/4 14800/4/4 14804/4/4
f 14801/2/4 14802/2/4 14805/2/4
f 14805/2/4 14802/2/4 14806/2/4
f 14807/4/4 14808/4/4 14809/4/4
f 14809/4/4 14808/4/4 14810/4/4
f 14811/6/4 14812/6/4 14813/6/4
f 14813/6/4 14812/6/4 14814/6/4
f 14815/6/4 14816/6/4 14817/6/4
f 14817/6/4 14816/6/4 14818/6/4
f 14819/4/4 14820/4/4 14821/4/4
f 14821/4/4 14820/4/4 14822/4/4
f 14823/4/4 14824/4/4 14825/4/4
f 14825/4/4 14824/4/4 14826/4/4
f 14827/6/4 14828/6/4 14829/6/4
f 14829/6/4 14828/6/4 14830/6/4
f 14831/6/4 14832/6/4 14833/6/4
f 14833/6/4 14832/6/4 14834/6/4
f 14834/6/4 14835/6/4 14837/6/4
f 14837/6/4 14835/6/4 14838/6/4
f 14836/6/4 14837/6/4 14840/6/4
f 14840/6/4 14837/6/4 14841/6/4
f 14839/6/4 14840/6/4 14842/6/4
f 14842/6/4 14840/6/4 14843/6/4
f 14843/6/4 14844/6/4 14845/6/4
f 14845/6/4 14844/6/4 14846/6/4
f 14846/6/4 14847/6/4 14849/6/4
f 14849/6/4 14847/6/4 14850/6/4
f 14848/6/4 14849/6/4 14851/6/4
f 14851/6/4 14849/6/4 14852/6/4
f 14853/4/4 14854/4/4 14855/4/4
f 14855/4/4 14854/4/4 14856/4/4
f 14857/4/4 14858/4/4 14859/4/4
f 14859/4/4 14858/4/4 14860/4/4
f 14861/4/4 14862/4/4 14863/4/4
f 14863/4/4 14862/4/4 14864/4/4
f 14865/6/4 14866/6/4 14867/6/4
f 14867/6/4 14866/6/4 14868/6/4
f 14869/7/4 14870/7/4 14873/7/4
f 14869/7/4 14873/7/4 14875/7/4
f 14873/7/4 14874/7/4 14875/7/4
f 14875/7/4 14874/7/4 14876/7/4
f 14876/7/4 14874/7/4 14877/7/4
f 14871/6/4 14872/6/4 14879/6/4
f 14879/6/4 14872/6/4 14880/6/4
f 14876/7/4 14877/7/4 14881/7/4
f 14877/7/4 14878/7/4 14881/7/4
f 14881/7/4 14878/7/4 14882/7/4
f 14882/7/4 14878/7/4 14883/7/4
f 14883/6/4 14884/6/4 14886/6/4
f 14882/6/4 14883/6/4 14886/6/4
f 14886/6/4 14884/6/4 14887/6/4
f 14887/6/4 14884/6/4 14888/6/4
f 14885/6/4 14886/6/4 14890/6/4
f 14886/6/4 14887/6/4 14890/6/4
f 14890/6/4 14887/6/4 14891/6/4
f 14891/6/4 14887/6/4 14892/6/4
f 14889/6/4 14890/6/4 14894/6/4
f 14890/6/4 14891/6/4 14894/6/4
f 14894/6/4 14891/6/4 14895/6/4
f 14895/6/4 14891/6/4 14896/6/4
f 14893/6/4 14894/6/4 14898/6/4
f 14894/6/4 14895/6/4 14898/6/4
f 14898/6/4 14895/6/4 14899/6/4
f 14899/6/4 14895/6/4 14900/6/4
f 14897/6/4 14898/6/4 14902/6/4
f 14898/6/4 14899/6/4 14902/6/4
f 14902/6/4 14899/6/4 14903/6/4
f 14903/6/4 14899/6/4 14904/6/4
f 14901/6/4 14902/6/4 14906/6/4
f 14902/6/4 14903/6/4 14906/6/4
f 14906/6/4 14903/6/4 14907/6/4
f 14907/6/4 14903/6/4 14908/6/4
f 14905/6/4 14906/6/4 14910/6/4
f 14906/6/4 14907/6/4 14910/6/4
f 14910/6/4 14907/6/4 14911/6/4
f 14909/6/4 14910/6/4 14913/6/4
f 14913/6/4 14910/6/4 14914/6/4
f 14911/6/4 14912/6/4 14915/6/4
f 14915/6/4 14912/6/4 14916/6/4
f 14914/6/4 14915/6/4 14917/6/4
f 14917/6/4 14915/6/4 14918/6/4
f 14918/6/4 14915/6/4 14919/6/4
f 14919/6/4 14920/6/4 14921/6/4
f 14918/6/4 14919/6/4 14921/6/4
f 14921/6/4 14920/6/4 14922/6/4
f 14922/6/4 14920/6/4 14923/6/4
f 14922/6/4 14923/6/4 14925/6/4
f 14923/6/4 14924/6/4 14925/6/4
f 14925/6/4 14924/6/4 14926/6/4
f 14926/6/4 14924/6/4 14927/6/4
f 14926/6/4 14927/6/4 14929/6/4
f 14927/6/4 14928/6/4 14929/6/4
f 14929/6/4 14928/6/4 14930/6/4
f 14930/6/4 14928/6/4 14931/6/4
f 14930/6/4 14931/6/4 14933/6/4
f 14931/6/4 14932/6/4 14933/6/4
f 14933/6/4 14932/6/4 14934/6/4
f 14934/6/4 14932/6/4 14935/6/4
f 14934/6/4 14935/6/4 14937/6/4
f 14935/6/4 14936/6/4 14937/6/4
f 14937/6/4 14936/6/4 14938/6/4
f 14938/6/4 14936/6/4 14939/6/4
f 14938/6/4 14939/6/4 14941/6/4
f 14939/6/4 14940/6/4 14941/6/4
f 14941/6/4 14940/6/4 14942/6/4
f 14941/7/4 14942/7/4 14944/7/4
f 14944/7/4 14942/7/4 14945/7/4
f 14945/7/4 14942/7/4 14946/7/4
f 14943/7/4 14944/7/4 14948/7/4
f 14944/7/4 14945/7/4 14948/7/4
f 14948/7/4 14945/7/4 14949/7/4
f 14949/7/4 14945/7/4 14950/7/4
f 14947/7/4 14948/7/4 14951/7/4
f 14948/7/4 14949/7/4 14951/7/4
f 14951/7/4 14949/7/4 14952/7/4
f 14947/7/4 14951/7/4 14953/7/4
f 14953/7/4 14951/7/4 14954/7/4
f 14955/4/4 14956/4/4 14957/4/4
f 14957/4/4 14956/4/4 14958/4/4
f 14958/4/4 14956/4/4 14959/4/4
f 14960/4/4 14961/4/4 14963/4/4
f 14961/4/4 14962/4/4 14963/4/4
f 14963/4/4 14962/4/4 14964/4/4
f 14965/6/4 14966/6/4 14967/6/4
f 14967/6/4 14966/6/4 14968/6/4
f 14969/6/4 14970/6/4 14971/6/4
f 14971/6/4 14970/6/4 14972/6/4
f 14973/6/4 14974/6/4 14977/6/4
f 14977/6/4 14974/6/4 14978/6/4
f 14975/6/4 14976/6/4 14979/6/4
f 14979/6/4 14976/6/4 14980/6/4
f 14981/6/4 14982/6/4 14983/6/4
f 14983/6/4 14982/6/4 14984/6/4
f 14985/4/4 14986/4/4 14988/4/4
f 14987/4/4 14988/4/4 14990/4/4
f 14988/4/4 14986/4/4 14991/4/4
f 14990/4/4 14988/4/4 14991/4/4
f 14991/4/4 14986/4/4 14992/4/4
f 14989/4/4 14990/4/4 14994/4/4
f 14990/4/4 14991/4/4 14994/4/4
f 14994/4/4 14991/4/4 14995/4/4
f 14995/4/4 14991/4/4 14996/4/4
f 14993/4/4 14994/4/4 14997/4/4
f 14994/4/4 14995/4/4 14997/4/4
f 14997/4/4 14995/4/4 14998/4/4
f 14999/4/4 15000/4/4 15004/4/4
f 15004/4/4 15000/4/4 15005/4/4
f 15001/4/4 15002/4/4 15006/4/4
f 15002/4/4 15003/4/4 15006/4/4
f 15006/4/4 15003/4/4 15007/4/4
f 15007/4/4 15003/4/4 15008/4/4
f 15007/4/4 15008/4/4 15010/4/4
f 15008/4/4 15009/4/4 15010/4/4
f 15010/4/4 15009/4/4 15011/4/4
f 15011/4/4 15009/4/4 15012/4/4
f 15005/4/4 15006/4/4 15015/4/4
f 15011/4/4 15012/4/4 15016/4/4
f 15012/4/4 15013/4/4 15016/4/4
f 15016/4/4 15013/4/4 15017/4/4
f 15017/4/4 15013/4/4 15018/4/4
f 15014/4/4 15015/4/4 15020/4/4
f 15015/4/4 15006/4/4 15020/4/4
f 15020/4/4 15006/4/4 15021/4/4
f 15018/4/4 15019/4/4 15022/4/4
f 15017/4/4 15018/4/4 15022/4/4
f 15022/4/4 15019/4/4 15023/4/4
f 15014/4/4 15020/4/4 15024/4/4
f 15024/4/4 15020/4/4 15025/4/4
f 15026/6/4 15027/6/4 15028/6/4
f 15028/6/4 15027/6/4 15029/6/4
f 15030/6/4 15031/6/4 15032/6/4
f 15032/6/4 15031/6/4 15033/6/4
f 15034/6/4 15035/6/4 15036/6/4
f 15036/6/4 15035/6/4 15037/6/4
f 15038/6/4 15039/6/4 15040/6/4
f 15040/6/4 15039/6/4 15041/6/4
f 15042/4/4 15043/4/4 15044/4/4
f 15042/4/4 15044/4/4 15045/4/4
f 15045/4/4 15044/4/4 15046/4/4
f 15047/6/4 15048/6/4 15049/6/4
f 15049/6/4 15048/6/4 15050/6/4
f 15051/6/4 15052/6/4 15054/6/4
f 15053/6/4 15054/6/4 15056/6/4
f 15054/6/4 15052/6/4 15057/6/4
f 15056/6/4 15054/6/4 15057/6/4
f 15057/6/4 15052/6/4 15058/6/4
f 15055/6/4 15056/6/4 15060/6/4
f 15056/6/4 15057/6/4 15060/6/4
f 15060/6/4 15057/6/4 15061/6/4
f 15061/6/4 15057/6/4 15062/6/4
f 15059/6/4 15060/6/4 15064/6/4
f 15060/6/4 15061/6/4 15064/6/4
f 15064/6/4 15061/6/4 15065/6/4
f 15063/6/4 15064/6/4 15066/6/4
f 15066/6/4 15064/6/4 15067/6/4
f 15067/6/4 15068/6/4 15069/6/4
f 15069/6/4 15068/6/4 15070/6/4
f 15070/6/4 15068/6/4 15071/6/4
f 15070/6/4 15071/6/4 15073/6/4
f 15071/6/4 15072/6/4 15073/6/4
f 15073/6/4 15072/6/4 15074/6/4
f 15074/6/4 15072/6/4 15075/6/4
f 15074/6/4 15075/6/4 15077/6/4
f 15075/6/4 15076/6/4 15077/6/4
f 15077/6/4 15076/6/4 15078/6/4
f 15078/6/4 15076/6/4 15079/6/4
f 15079/6/4 15076/6/4 15080/6/4
f 15081/1/4 15082/1/4 15083/1/4
f 15083/1/4 15082/1/4 15084/1/4
f 15085/6/4 15086/6/4 15087/6/4
f 15087/6/4 15086/6/4 15088/6/4
f 15089/6/4 15090/6/4 15091/6/4
f 15091/6/4 15090/6/4 15092/6/4
f 15093/6/4 15094/6/4 15095/6/4
f 15095/6/4 15094/6/4 15096/6/4
f 15097/6/4 15098/6/4 15099/6/4
f 15099/6/4 15098/6/4 15100/6/4
f 15101/4/4 15102/4/4 15103/4/4
f 15103/4/4 15102/4/4 15104/4/4
f 15105/6/4 15106/6/4 15107/6/4
f 15107/6/4 15106/6/4 15108/6/4
f 15109/6/4 15110/6/4 15111/6/4
f 15111/6/4 15110/6/4 15112/6/4
f 15113/7/4 15114/7/4 15115/7/4
f 15115/7/4 15114/7/4 15116/7/4
f 15117/4/4 15118/4/4 15119/4/4
f 15119/4/4 15118/4/4 15120/4/4
f 15121/6/4 15122/6/4 15123/6/4
f 15123/6/4 15122/6/4 15124/6/4
f 15125/1/4 15126/1/4 15128/1/4
f 15128/1/4 15126/1/4 15129/1/4
f 15127/1/4 15128/1/4 15130/1/4
f 15130/1/4 15128/1/4 15131/1/4
f 15132/6/4 15133/6/4 15134/6/4
f 15134/6/4 15133/6/4 15135/6/4
f 15136/6/4 15137/6/4 15138/6/4
f 15138/6/4 15137/6/4 15139/6/4
f 15140/4/4 15141/4/4 15142/4/4
f 15142/4/4 15141/4/4 15143/4/4
f 15144/6/4 15145/6/4 15146/6/4
f 15146/6/4 15145/6/4 15147/6/4
f 15148/6/4 15149/6/4 15150/6/4
f 15150/6/4 15149/6/4 15151/6/4
f 15152/6/4 15153/6/4 15154/6/4
f 15154/6/4 15153/6/4 15155/6/4
f 15156/1/4 15157/1/4 15158/1/4
f 15158/1/4 15157/1/4 15159/1/4
f 15159/6/4 15160/6/4 15164/6/4
f 15160/1/4 15161/1/4 15165/1/4
f 15164/6/4 15160/6/4 15165/6/4
f 15165/1/4 15161/1/4 15166/1/4
f 15162/6/4 15163/6/4 15167/6/4
f 15167/6/4 15163/6/4 15168/6/4
f 15169/6/4 15170/6/4 15171/6/4
f 15171/6/4 15170/6/4 15172/6/4
f 15173/6/4 15174/6/4 15175/6/4
f 15175/6/4 15174/6/4 15176/6/4
f 15177/6/4 15178/6/4 15179/6/4
f 15179/6/4 15178/6/4 15180/6/4
f 15181/4/4 15182/4/4 15183/4/4
f 15183/4/4 15182/4/4 15184/4/4
f 15185/4/4 15186/4/4 15187/4/4
f 15187/4/4 15186/4/4 15188/4/4
f 15189/6/4 15190/6/4 15191/6/4
f 15191/6/4 15190/6/4 15192/6/4
f 15193/6/4 15194/6/4 15195/6/4
f 15195/6/4 15194/6/4 15196/6/4
f 15199/3/4 15200/3/4 15201/3/4
f 15201/3/4 15200/3/4 15202/3/4
f 15197/2/4 15198/2/4 15203/2/4
f 15203/2/4 15198/2/4 15204/2/4
f 15205/2/4 15206/2/4 15207/2/4
f 15207/2/4 15206/2/4 15208/2/4
f 15209/1/4 15210/1/4 15211/1/4
f 15211/1/4 15210/1/4 15212/1/4
f 15212/6/4 15213/6/4 15216/6/4
f 15212/6/4 15216/6/4 15218/6/4
f 15216/1/4 15217/1/4 15219/1/4
f 15218/6/4 15216/6/4 15219/6/4
f 15219/1/4 15217/1/4 15220/1/4
f 15214/6/4 15215/6/4 15221/6/4
f 15221/6/4 15215/6/4 15222/6/4
f 15223/6/4 15224/6/4 15225/6/4
f 15225/6/4 15224/6/4 15226/6/4
f 15227/4/4 15228/4/4 15230/4/4
f 15230/4/4 15228/4/4 15231/4/4
f 15232/4/4 15233/4/4 15235/4/4
f 15233/2/4 15234/2/4 15236/2/4
f 15235/4/4 15233/4/4 15236/4/4
f 15236/2/4 15234/2/4 15237/2/4
f 15229/2/4 15230/2/4 15238/2/4
f 15238/2/4 15230/2/4 15239/2/4
f 15240/6/4 15241/6/4 15242/6/4
f 15242/6/4 15241/6/4 15243/6/4
f 15244/6/4 15245/6/4 15248/6/4
f 15248/6/4 15245/6/4 15249/6/4
f 15246/6/4 15247/6/4 15250/6/4
f 15250/6/4 15247/6/4 15251/6/4
f 15252/6/4 15253/6/4 15254/6/4
f 15254/6/4 15253/6/4 15255/6/4
f 15254/7/4 15255/7/4 15256/7/4
f 15256/7/4 15255/7/4 15257/7/4
f 15258/7/4 15259/7/4 15260/7/4
f 15260/7/4 15259/7/4 15261/7/4
f 15262/4/4 15263/4/4 15267/4/4
f 15263/2/4 15264/2/4 15268/2/4
f 15267/4/4 15263/4/4 15268/4/4
f 15268/2/4 15264/2/4 15269/2/4
f 15269/2/4 15264/2/4 15270/2/4
f 15265/2/4 15266/2/4 15271/2/4
f 15271/2/4 15266/2/4 15272/2/4
f 15273/2/4 15274/2/4 15275/2/4
f 15275/2/4 15274/2/4 15276/2/4
f 15277/7/4 15278/7/4 15279/7/4
f 15279/7/4 15278/7/4 15280/7/4
f 15281/2/4 15282/2/4 15287/2/4
f 15287/2/4 15282/2/4 15288/2/4
f 15283/2/4 15284/2/4 15289/2/4
f 15289/2/4 15284/2/4 15290/2/4
f 15285/2/4 15286/2/4 15291/2/4
f 15291/2/4 15286/2/4 15292/2/4
f 15293/2/4 15294/2/4 15295/2/4
f 15295/2/4 15294/2/4 15296/2/4
f 15297/6/4 15298/6/4 15301/6/4
f 15301/6/4 15298/6/4 15302/6/4
f 15299/6/4 15300/6/4 15303/6/4
f 15303/6/4 15300/6/4 15304/6/4
f 15305/7/4 15306/7/4 15307/7/4
f 15307/7/4 15306/7/4 15308/7/4
f 15309/6/4 15310/6/4 15313/6/4
f 15310/7/4 15311/7/4 15314/7/4
f 15313/6/4 15310/6/4 15314/6/4
f 15314/7/4 15311/7/4 15315/7/4
f 15312/6/4 15313/6/4 15317/6/4
f 15313/6/4 15314/6/4 15317/6/4
f 15317/6/4 15314/6/4 15318/6/4
f 15318/6/4 15314/6/4 15319/6/4
f 15316/6/4 15317/6/4 15321/6/4
f 15317/6/4 15318/6/4 15321/6/4
f 15321/6/4 15318/6/4 15322/6/4
f 15322/6/4 15318/6/4 15323/6/4
f 15320/6/4 15321/6/4 15325/6/4
f 15321/6/4 15322/6/4 15325/6/4
f 15325/6/4 15322/6/4 15326/6/4
f 15324/6/4 15325/6/4 15327/6/4
f 15327/6/4 15325/6/4 15328/6/4
f 15328/6/4 15329/6/4 15330/6/4
f 15330/6/4 15329/6/4 15331/6/4
f 15331/6/4 15329/6/4 15332/6/4
f 15331/6/4 15332/6/4 15334/6/4
f 15332/6/4 15333/6/4 15334/6/4
f 15334/6/4 15333/6/4 15335/6/4
f 15335/6/4 15333/6/4 15336/6/4
f 15335/6/4 15336/6/4 15338/6/4
f 15336/6/4 15337/6/4 15338/6/4
f 15338/6/4 15337/6/4 15339/6/4
f 15339/6/4 15337/6/4 15340/6/4
f 15339/6/4 15340/6/4 15342/6/4
f 15340/7/4 15341/7/4 15343/7/4
f 15342/6/4 15340/6/4 15343/6/4
f 15343/7/4 15341/7/4 15344/7/4
f 15342/7/4 15343/7/4 15345/7/4
f 15345/7/4 15343/7/4 15346/7/4
f 15347/2/4 15348/2/4 15349/2/4
f 15349/2/4 15348/2/4 15350/2/4
f 15351/6/4 15352/6/4 15353/6/4
f 15353/6/4 15352/6/4 15354/6/4
f 15354/6/4 15355/6/4 15357/6/4
f 15357/6/4 15355/6/4 15358/6/4
f 15356/6/4 15357/6/4 15360/6/4
f 15360/6/4 15357/6/4 15361/6/4
f 15359/6/4 15360/6/4 15362/6/4
f 15362/6/4 15360/6/4 15363/6/4
f 15363/6/4 15364/6/4 15365/6/4
f 15365/6/4 15364/6/4 15366/6/4
f 15366/6/4 15367/6/4 15369/6/4
f 15369/6/4 15367/6/4 15370/6/4
f 15368/6/4 15369/6/4 15371/6/4
f 15371/6/4 15369/6/4 15372/6/4
f 15373/7/4 15374/7/4 15375/7/4
f 15375/7/4 15374/7/4 15376/7/4
f 15377/2/4 15378/2/4 15379/2/4
f 15379/2/4 15378/2/4 15380/2/4
f 15381/2/4 15382/2/4 15383/2/4
f 15383/2/4 15382/2/4 15384/2/4
f 15385/6/4 15386/6/4 15389/6/4
f 15389/6/4 15386/6/4 15390/6/4
f 15387/6/4 15388/6/4 15391/6/4
f 15391/6/4 15388/6/4 15392/6/4
f 15393/6/4 15394/6/4 15397/6/4
f 15397/6/4 15394/6/4 15398/6/4
f 15395/6/4 15396/6/4 15399/6/4
f 15399/6/4 15396/6/4 15400/6/4
f 15401/6/4 15402/6/4 15407/6/4
f 15407/6/4 15402/6/4 15408/6/4
f 15403/6/4 15404/6/4 15409/6/4
f 15409/6/4 15404/6/4 15410/6/4
f 15405/7/4 15406/7/4 15411/7/4
f 15411/7/4 15406/7/4 15412/7/4
f 15413/6/4 15414/6/4 15415/6/4
f 15415/6/4 15414/6/4 15416/6/4
f 15417/2/4 15418/2/4 15421/2/4
f 15421/2/4 15418/2/4 15422/2/4
f 15419/2/4 15420/2/4 15423/2/4
f 15423/2/4 15420/2/4 15424/2/4
f 15425/6/4 15426/6/4 15427/6/4
f 15427/6/4 15426/6/4 15428/6/4
f 15429/3/4 15430/3/4 15432/3/4
f 15432/3/4 15430/3/4 15433/3/4
f 15431/3/4 15432/3/4 15436/3/4
f 15436/3/4 15432/3/4 15437/3/4
f 15434/2/4 15435/2/4 15438/2/4
f 15438/2/4 15435/2/4 15439/2/4
f 15440/6/4 15441/6/4 15444/6/4
f 15444/6/4 15441/6/4 15445/6/4
f 15442/6/4 15443/6/4 15446/6/4
f 15446/6/4 15443/6/4 15447/6/4
f 15448/6/4 15449/6/4 15452/6/4
f 15452/6/4 15449/6/4 15453/6/4
f 15450/6/4 15451/6/4 15454/6/4
f 15454/6/4 15451/6/4 15455/6/4
f 15456/6/4 15457/6/4 15460/6/4
f 15460/6/4 15457/6/4 15461/6/4
f 15458/6/4 15459/6/4 15462/6/4
f 15462/6/4 15459/6/4 15463/6/4
f 15464/7/4 15465/7/4 15466/7/4
f 15466/7/4 15465/7/4 15467/7/4
f 15468/6/4 15469/6/4 15470/6/4
f 15470/6/4 15469/6/4 15471/6/4
f 15472/2/4 15473/2/4 15474/2/4
f 15474/2/4 15473/2/4 15475/2/4
f 15476/2/4 15477/2/4 15479/2/4
f 15478/2/4 15479/2/4 15481/2/4
f 15479/2/4 15477/2/4 15482/2/4
f 15481/2/4 15479/2/4 15482/2/4
f 15482/2/4 15477/2/4 15483/2/4
f 15480/2/4 15481/2/4 15485/2/4
f 15481/2/4 15482/2/4 15485/2/4
f 15485/2/4 15482/2/4 15486/2/4
f 15484/2/4 15485/2/4 15487/2/4
f 15487/2/4 15485/2/4 15488/2/4
f 15488/2/4 15489/2/4 15490/2/4
f 15490/2/4 15489/2/4 15491/2/4
f 15491/2/4 15489/2/4 15492/2/4
f 15491/2/4 15492/2/4 15494/2/4
f 15492/2/4 15493/2/4 15494/2/4
f 15494/2/4 15493/2/4 15495/2/4
f 15495/2/4 15493/2/4 15496/2/4
f 15496/2/4 15493/2/4 15497/2/4
f 15498/6/4 15499/6/4 15500/6/4
f 15500/6/4 15499/6/4 15501/6/4
f 15502/2/4 15503/2/4 15505/2/4
f 15505/2/4 15503/2/4 15506/2/4
f 15504/6/4 15505/6/4 15511/6/4
f 15505/2/4 15506/2/4 15511/2/4
f 15506/2/4 15507/2/4 15511/2/4
f 15511/2/4 15507/2/4 15512/2/4
f 15507/3/4 15508/3/4 15513/3/4
f 15512/2/4 15507/2/4 15513/2/4
f 15513/3/4 15508/3/4 15514/3/4
f 15509/2/4 15510/2/4 15518/2/4
f 15504/6/4 15511/6/4 15519/6/4
f 15519/6/4 15511/6/4 15520/6/4
f 15512/2/4 15513/2/4 15521/2/4
f 15515/2/4 15516/2/4 15523/2/4
f 15517/2/4 15518/2/4 15525/2/4
f 15518/2/4 15510/2/4 15526/2/4
f 15525/2/4 15518/2/4 15526/2/4
f 15526/2/4 15510/2/4 15527/2/4
f 15520/2/4 15521/2/4 15529/2/4
f 15521/2/4 15513/2/4 15530/2/4
f 15529/2/4 15521/2/4 15530/2/4
f 15530/2/4 15513/2/4 15531/2/4
f 15522/2/4 15523/2/4 15533/2/4
f 15523/2/4 15516/2/4 15534/2/4
f 15533/2/4 15523/2/4 15534/2/4
f 15534/2/4 15516/2/4 15535/2/4
f 15524/2/4 15525/2/4 15537/2/4
f 15525/2/4 15526/2/4 15537/2/4
f 15537/2/4 15526/2/4 15538/2/4
f 15528/2/4 15529/2/4 15539/2/4
f 15529/2/4 15530/2/4 15539/2/4
f 15539/2/4 15530/2/4 15540/2/4
f 15533/2/4 15534/2/4 15541/2/4
f 15532/2/4 15533/2/4 15541/2/4
f 15541/2/4 15534/2/4 15542/2/4
f 15536/2/4 15537/2/4 15543/2/4
f 15543/2/4 15537/2/4 15544/2/4
f 15538/2/4 15539/2/4 15545/2/4
f 15545/2/4 15539/2/4 15546/2/4
f 15540/2/4 15541/2/4 15547/2/4
f 15547/2/4 15541/2/4 15548/2/4
f 15544/2/4 15545/2/4 15550/2/4
f 15550/2/4 15545/2/4 15551/2/4
f 15551/2/4 15545/2/4 15552/2/4
f 15546/2/4 15547/2/4 15555/2/4
f 15555/2/4 15547/2/4 15556/2/4
f 15556/2/4 15547/2/4 15557/2/4
f 15548/2/4 15549/2/4 15559/2/4
f 15559/2/4 15549/2/4 15560/2/4
f 15560/2/4 15549/2/4 15561/2/4
f 15551/2/4 15552/2/4 15563/2/4
f 15552/2/4 15553/2/4 15563/2/4
f 15563/2/4 15553/2/4 15564/2/4
f 15553/3/4 15554/3/4 15565/3/4
f 15564/2/4 15553/2/4 15565/2/4
f 15565/3/4 15554/3/4 15566/3/4
f 15557/2/4 15558/2/4 15567/2/4
f 15556/2/4 15557/2/4 15567/2/4
f 15567/2/4 15558/2/4 15568/2/4
f 15560/2/4 15561/2/4 15569/2/4
f 15561/2/4 15562/2/4 15569/2/4
f 15569/2/4 15562/2/4 15570/2/4
f 15564/2/4 15565/2/4 15571/2/4
f 15571/2/4 15565/2/4 15572/2/4
f 15568/2/4 15558/2/4 15574/2/4
f 15570/2/4 15562/2/4 15575/2/4
f 15575/2/4 15562/2/4 15576/2/4
f 15573/2/4 15574/2/4 15578/2/4
f 15574/2/4 15558/2/4 15579/2/4
f 15578/2/4 15574/2/4 15579/2/4
f 15579/2/4 15558/2/4 15580/2/4
f 15577/3/4 15578/3/4 15581/3/4
f 15578/2/4 15579/2/4 15582/2/4
f 15581/3/4 15578/3/4 15582/3/4
f 15582/2/4 15579/2/4 15583/2/4
f 15584/6/4 15585/6/4 15588/6/4
f 15588/6/4 15585/6/4 15589/6/4
f 15586/6/4 15587/6/4 15590/6/4
f 15590/6/4 15587/6/4 15591/6/4
f 15592/6/4 15593/6/4 15596/6/4
f 15596/6/4 15593/6/4 15597/6/4
f 15594/6/4 15595/6/4 15598/6/4
f 15598/6/4 15595/6/4 15599/6/4
f 15600/6/4 15601/6/4 15604/6/4
f 15604/6/4 15601/6/4 15605/6/4
f 15602/4/4 15603/4/4 15606/4/4
f 15606/4/4 15603/4/4 15607/4/4
f 15608/2/4 15609/2/4 15613/2/4
f 15613/2/4 15609/2/4 15614/2/4
f 15611/2/4 15612/2/4 15615/2/4
f 15610/2/4 15611/2/4 15615/2/4
f 15615/2/4 15612/2/4 15616/2/4
f 15617/4/4 15618/4/4 15623/4/4
f 15623/4/4 15618/4/4 15624/4/4
f 15620/4/4 15621/4/4 15625/4/4
f 15619/4/4 15620/4/4 15625/4/4
f 15625/4/4 15621/4/4 15626/4/4
f 15626/4/4 15621/4/4 15627/4/4
f 15622/4/4 15623/4/4 15630/4/4
f 15630/4/4 15623/4/4 15631/4/4
f 15631/4/4 15623/4/4 15632/4/4
f 15632/4/4 15623/4/4 15633/4/4
f 15631/4/4 15632/4/4 15636/4/4
f 15636/4/4 15632/4/4 15637/4/4
f 15634/4/4 15635/4/4 15638/4/4
f 15638/4/4 15635/4/4 15639/4/4
f 15628/2/4 15629/2/4 15640/2/4
f 15640/2/4 15629/2/4 15641/2/4
f 15642/6/4 15643/6/4 15644/6/4
f 15644/6/4 15643/6/4 15645/6/4
f 15646/6/4 15647/6/4 15648/6/4
f 15648/6/4 15647/6/4 15649/6/4
f 15650/2/4 15651/2/4 15656/2/4
f 15656/2/4 15651/2/4 15657/2/4
f 15652/2/4 15653/2/4 15658/2/4
f 15658/2/4 15653/2/4 15659/2/4
f 15654/2/4 15655/2/4 15660/2/4
f 15660/2/4 15655/2/4 15661/2/4
f 15662/1/4 15663/1/4 15664/1/4
f 15664/1/4 15663/1/4 15665/1/4
f 15666/1/4 15667/1/4 15672/1/4
f 15672/1/4 15667/1/4 15673/1/4
f 15668/1/4 15669/1/4 15674/1/4
f 15674/1/4 15669/1/4 15675/1/4
f 15670/1/4 15671/1/4 15676/1/4
f 15676/1/4 15671/1/4 15677/1/4
f 15678/1/4 15679/1/4 15680/1/4
f 15680/1/4 15679/1/4 15681/1/4
f 15682/7/4 15683/7/4 15686/7/4
f 15686/7/4 15683/7/4 15687/7/4
f 15684/4/4 15685/4/4 15690/4/4
f 15690/4/4 15685/4/4 15691/4/4
f 15691/4/4 15685/4/4 15692/4/4
f 15692/4/4 15685/4/4 15693/4/4
f 15688/2/4 15689/2/4 15696/2/4
f 15696/2/4 15689/2/4 15697/2/4
f 15691/2/4 15692/2/4 15698/2/4
f 15698/2/4 15692/2/4 15699/2/4
f 15694/2/4 15695/2/4 15701/2/4
f 15697/2/4 15689/2/4 15703/2/4
f 15703/2/4 15689/2/4 15704/2/4
f 15704/2/4 15689/2/4 15705/2/4
f 15700/2/4 15701/2/4 15707/2/4
f 15701/2/4 15695/2/4 15708/2/4
f 15707/2/4 15701/2/4 15708/2/4
f 15708/2/4 15695/2/4 15709/2/4
f 15702/2/4 15703/2/4 15714/2/4
f 15703/2/4 15704/2/4 15714/2/4
f 15714/2/4 15704/2/4 15715/2/4
f 15706/2/4 15707/2/4 15717/2/4
f 15707/2/4 15708/2/4 15717/2/4
f 15717/2/4 15708/2/4 15718/2/4
f 15709/4/4 15710/4/4 15719/4/4
f 15719/4/4 15710/4/4 15720/4/4
f 15711/2/4 15712/2/4 15722/2/4
f 15713/2/4 15714/2/4 15723/2/4
f 15716/2/4 15717/2/4 15725/2/4
f 15711/2/4 15722/2/4 15726/2/4
f 15722/2/4 15723/2/4 15726/2/4
f 15723/2/4 15714/2/4 15727/2/4
f 15726/2/4 15723/2/4 15727/2/4
f 15724/2/4 15725/2/4 15728/2/4
f 15725/2/4 15717/2/4 15729/2/4
f 15728/2/4 15725/2/4 15729/2/4
f 15718/4/4 15719/4/4 15730/4/4
f 15730/4/4 15719/4/4 15731/4/4
f 15720/4/4 15721/4/4 15732/4/4
f 15732/4/4 15721/4/4 15733/4/4
f 15727/2/4 15728/2/4 15734/2/4
f 15734/2/4 15728/2/4 15735/2/4
f 15735/2/4 15728/2/4 15736/2/4
f 15729/2/4 15730/2/4 15738/2/4
f 15738/2/4 15730/2/4 15739/2/4
f 15739/2/4 15730/2/4 15740/2/4
f 15731/4/4 15732/4/4 15741/4/4
f 15741/4/4 15732/4/4 15742/4/4
f 15736/2/4 15737/2/4 15743/2/4
f 15735/2/4 15736/2/4 15743/2/4
f 15743/2/4 15737/2/4 15744/2/4
f 15739/2/4 15740/2/4 15745/2/4
f 15740/2/4 15741/2/4 15745/2/4
f 15745/2/4 15741/2/4 15746/2/4
f 15744/2/4 15737/2/4 15748/2/4
f 15746/2/4 15741/2/4 15750/2/4
f 15747/2/4 15748/2/4 15754/2/4
f 15748/2/4 15737/2/4 15755/2/4
f 15754/2/4 15748/2/4 15755/2/4
f 15755/2/4 15737/2/4 15756/2/4
f 15749/2/4 15750/2/4 15758/2/4
f 15750/2/4 15741/2/4 15759/2/4
f 15758/2/4 15750/2/4 15759/2/4
f 15759/2/4 15741/2/4 15760/2/4
f 15753/2/4 15754/2/4 15761/2/4
f 15754/2/4 15755/2/4 15761/2/4
f 15761/2/4 15755/2/4 15762/2/4
f 15757/2/4 15758/2/4 15763/2/4
f 15758/2/4 15759/2/4 15763/2/4
f 15763/2/4 15759/2/4 15764/2/4
f 15751/2/4 15752/2/4 15765/2/4
f 15765/2/4 15752/2/4 15766/2/4
f 15767/6/4 15768/6/4 15769/6/4
f 15769/6/4 15768/6/4 15770/6/4
f 15777/3/4 15778/3/4 15779/3/4
f 15779/3/4 15778/3/4 15780/3/4
f 15771/2/4 15772/2/4 15781/2/4
f 15781/2/4 15772/2/4 15782/2/4
f 15773/2/4 15774/2/4 15783/2/4
f 15783/2/4 15774/2/4 15784/2/4
f 15775/2/4 15776/2/4 15785/2/4
f 15785/2/4 15776/2/4 15786/2/4
f 15786/3/4 15787/3/4 15788/3/4
f 15788/3/4 15787/3/4 15789/3/4
f 15790/1/4 15791/1/4 15794/1/4
f 15794/1/4 15791/1/4 15795/1/4
f 15792/6/4 15793/6/4 15798/6/4
f 15795/1/4 15796/1/4 15800/1/4
f 15800/1/4 15796/1/4 15801/1/4
f 15797/1/4 15798/1/4 15802/1/4
f 15798/6/4 15793/6/4 15803/6/4
f 15802/1/4 15798/1/4 15803/1/4
f 15803/6/4 15793/6/4 15804/6/4
f 15804/6/4 15793/6/4 15805/6/4
f 15799/6/4 15800/6/4 15807/6/4
f 15807/6/4 15800/6/4 15808/6/4
f 15808/6/4 15800/6/4 15809/6/4
f 15802/6/4 15803/6/4 15811/6/4
f 15803/6/4 15804/6/4 15811/6/4
f 15811/6/4 15804/6/4 15812/6/4
f 15812/6/4 15804/6/4 15813/6/4
f 15807/6/4 15808/6/4 15815/6/4
f 15806/6/4 15807/6/4 15815/6/4
f 15815/6/4 15808/6/4 15816/6/4
f 15816/6/4 15808/6/4 15817/6/4
f 15811/6/4 15812/6/4 15819/6/4
f 15810/6/4 15811/6/4 15819/6/4
f 15819/6/4 15812/6/4 15820/6/4
f 15820/6/4 15812/6/4 15821/6/4
f 15815/6/4 15816/6/4 15823/6/4
f 15814/6/4 15815/6/4 15823/6/4
f 15823/6/4 15816/6/4 15824/6/4
f 15824/6/4 15816/6/4 15825/6/4
f 15819/6/4 15820/6/4 15827/6/4
f 15818/6/4 15819/6/4 15827/6/4
f 15827/6/4 15820/6/4 15828/6/4
f 15828/6/4 15820/6/4 15829/6/4
f 15823/6/4 15824/6/4 15831/6/4
f 15822/6/4 15823/6/4 15831/6/4
f 15831/6/4 15824/6/4 15832/6/4
f 15832/6/4 15824/6/4 15833/6/4
f 15827/6/4 15828/6/4 15835/6/4
f 15826/6/4 15827/6/4 15835/6/4
f 15835/6/4 15828/6/4 15836/6/4
f 15836/6/4 15828/6/4 15837/6/4
f 15831/6/4 15832/6/4 15839/6/4
f 15830/6/4 15831/6/4 15839/6/4
f 15839/6/4 15832/6/4 15840/6/4
f 15840/6/4 15832/6/4 15841/6/4
f 15835/6/4 15836/6/4 15843/6/4
f 15834/6/4 15835/6/4 15843/6/4
f 15843/6/4 15836/6/4 15844/6/4
f 15844/6/4 15836/6/4 15845/6/4
f 15839/6/4 15840/6/4 15847/6/4
f 15838/6/4 15839/6/4 15847/6/4
f 15847/6/4 15840/6/4 15848/6/4
f 15848/6/4 15840/6/4 15849/6/4
f 15842/6/4 15843/6/4 15853/6/4
f 15843/6/4 15844/6/4 15853/6/4
f 15853/6/4 15844/6/4 15854/6/4
f 15847/6/4 15848/6/4 15857/6/4
f 15846/6/4 15847/6/4 15857/6/4
f 15857/6/4 15848/6/4 15858/6/4
f 15850/1/4 15851/1/4 15862/1/4
f 15862/1/4 15851/1/4 15863/1/4
f 15860/6/4 15861/6/4 15865/6/4
f 15859/6/4 15860/6/4 15865/6/4
f 15858/6/4 15859/6/4 15865/6/4
f 15852/6/4 15853/6/4 15867/6/4
f 15867/6/4 15853/6/4 15868/6/4
f 15855/6/4 15856/6/4 15869/6/4
f 15854/6/4 15855/6/4 15869/6/4
f 15856/6/4 15857/6/4 15869/6/4
f 15869/6/4 15857/6/4 15870/6/4
f 15870/6/4 15857/6/4 15871/6/4
f 15871/6/4 15857/6/4 15872/6/4
f 15865/6/4 15866/6/4 15873/6/4
f 15858/6/4 15865/6/4 15873/6/4
f 15873/6/4 15866/6/4 15874/6/4
f 15874/6/4 15866/6/4 15875/6/4
f 15875/6/4 15866/6/4 15876/6/4
f 15876/6/4 15866/6/4 15877/6/4
f 15863/1/4 15864/1/4 15878/1/4
f 15878/1/4 15864/1/4 15879/1/4
f 15868/6/4 15869/6/4 15880/6/4
f 15880/6/4 15869/6/4 15881/6/4
f 15881/6/4 15869/6/4 15882/6/4
f 15872/6/4 15873/6/4 15884/6/4
f 15884/6/4 15873/6/4 15885/6/4
f 15885/6/4 15873/6/4 15886/6/4
f 15876/1/4 15877/1/4 15888/1/4
f 15877/1/4 15878/1/4 15888/1/4
f 15888/1/4 15878/1/4 15889/1/4
f 15882/6/4 15883/6/4 15890/6/4
f 15881/6/4 15882/6/4 15890/6/4
f 15890/6/4 15883/6/4 15891/6/4
f 15891/6/4 15883/6/4 15892/6/4
f 15886/6/4 15887/6/4 15894/6/4
f 15885/6/4 15886/6/4 15894/6/4
f 15894/6/4 15887/6/4 15895/6/4
f 15895/6/4 15887/6/4 15896/6/4
f 15892/6/4 15893/6/4 15898/6/4
f 15891/6/4 15892/6/4 15898/6/4
f 15898/6/4 15893/6/4 15899/6/4
f 15899/6/4 15893/6/4 15900/6/4
f 15896/6/4 15897/6/4 15902/6/4
f 15895/6/4 15896/6/4 15902/6/4
f 15902/6/4 15897/6/4 15903/6/4
f 15903/6/4 15897/6/4 15904/6/4
f 15900/6/4 15901/6/4 15906/6/4
f 15906/6/4 15901/6/4 15907/6/4
f 15904/6/4 15905/6/4 15909/6/4
f 15903/6/4 15904/6/4 15909/6/4
f 15909/6/4 15905/6/4 15910/6/4
f 15910/6/4 15905/6/4 15911/6/4
f 15907/6/4 15908/6/4 15913/6/4
f 15906/6/4 15907/6/4 15913/6/4
f 15913/6/4 15908/6/4 15914/6/4
f 15914/6/4 15908/6/4 15915/6/4
f 15911/6/4 15912/6/4 15917/6/4
f 15910/6/4 15911/6/4 15917/6/4
f 15917/6/4 15912/6/4 15918/6/4
f 15918/6/4 15912/6/4 15919/6/4
f 15915/6/4 15916/6/4 15921/6/4
f 15914/6/4 15915/6/4 15921/6/4
f 15921/6/4 15916/6/4 15922/6/4
f 15922/6/4 15916/6/4 15923/6/4
f 15919/6/4 15920/6/4 15925/6/4
f 15918/6/4 15919/6/4 15925/6/4
f 15925/6/4 15920/6/4 15926/6/4
f 15926/6/4 15920/6/4 15927/6/4
f 15921/1/4 15922/1/4 15929/1/4
f 15923/6/4 15924/6/4 15930/6/4
f 15929/1/4 15922/1/4 15930/1/4
f 15922/6/4 15923/6/4 15930/6/4
f 15930/6/4 15924/6/4 15931/6/4
f 15926/6/4 15927/6/4 15932/6/4
f 15927/6/4 15928/6/4 15932/6/4
f 15932/6/4 15928/6/4 15933/6/4
f 15933/1/4 15934/1/4 15935/1/4
f 15932/1/4 15933/1/4 15935/1/4
f 15935/1/4 15934/1/4 15936/1/4
f 15930/1/4 15931/1/4 15937/1/4
f 15937/1/4 15931/1/4 15938/1/4
f 15939/7/4 15940/7/4 15941/7/4
f 15941/7/4 15940/7/4 15942/7/4
f 15943/4/4 15944/4/4 15945/4/4
f 15945/4/4 15944/4/4 15946/4/4
f 15947/2/4 15948/2/4 15953/2/4
f 15953/2/4 15948/2/4 15954/2/4
f 15949/2/4 15950/2/4 15955/2/4
f 15955/2/4 15950/2/4 15956/2/4
f 15951/4/4 15952/4/4 15957/4/4
f 15957/4/4 15952/4/4 15958/4/4
f 15959/2/4 15960/2/4 15961/2/4
f 15961/2/4 15960/2/4 15962/2/4
f 15963/2/4 15964/2/4 15965/2/4
f 15965/2/4 15964/2/4 15966/2/4
f 15967/6/4 15968/6/4 15969/6/4
f 15969/6/4 15968/6/4 15970/6/4
f 15971/2/4 15972/2/4 15975/2/4
f 15973/2/4 15974/2/4 15978/2/4
f 15971/2/4 15975/2/4 15980/2/4
f 15980/2/4 15975/2/4 15981/2/4
f 15976/3/4 15977/3/4 15983/3/4
f 15983/3/4 15977/3/4 15984/3/4
f 15973/2/4 15978/2/4 15985/2/4
f 15978/3/4 15979/3/4 15986/3/4
f 15985/2/4 15978/2/4 15986/2/4
f 15986/3/4 15979/3/4 15987/3/4
f 15982/3/4 15983/3/4 15988/3/4
f 15988/3/4 15983/3/4 15989/3/4
f 15990/1/4 15991/1/4 15992/1/4
f 15992/1/4 15991/1/4 15993/1/4
f 15994/6/4 15995/6/4 15996/6/4
f 15996/6/4 15995/6/4 15997/6/4
f 15998/6/4 15999/6/4 16004/6/4
f 16004/6/4 15999/6/4 16005/6/4
f 16000/6/4 16001/6/4 16008/6/4
f 16008/6/4 16001/6/4 16009/6/4
f 16010/1/4 16011/1/4 16012/1/4
f 16012/1/4 16011/1/4 16013/1/4
f 16002/6/4 16003/6/4 16014/6/4
f 16014/6/4 16003/6/4 16015/6/4
f 16006/6/4 16007/6/4 16018/6/4
f 16018/6/4 16007/6/4 16019/6/4
f 16013/1/4 16011/1/4 16022/1/4
f 16022/1/4 16011/1/4 16023/1/4
f 16016/6/4 16017/6/4 16024/6/4
f 16024/6/4 16017/6/4 16025/6/4
f 16020/6/4 16021/6/4 16026/6/4
f 16026/6/4 16021/6/4 16027/6/4
f 16028/1/4 16029/1/4 16030/1/4
f 16030/1/4 16029/1/4 16031/1/4
f 16032/2/4 16033/2/4 16036/2/4
f 16036/2/4 16033/2/4 16037/2/4
f 16034/2/4 16035/2/4 16038/2/4
f 16038/2/4 16035/2/4 16039/2/4
f 16040/6/4 16041/6/4 16042/6/4
f 16042/6/4 16041/6/4 16043/6/4
f 16044/6/4 16045/6/4 16046/6/4
f 16046/6/4 16045/6/4 16047/6/4
f 16048/6/4 16049/6/4 16050/6/4
f 16050/6/4 16049/6/4 16051/6/4
f 16052/2/4 16053/2/4 16054/2/4
f 16054/2/4 16053/2/4 16055/2/4
f 16056/6/4 16057/6/4 16060/6/4
f 16060/6/4 16057/6/4 16061/6/4
f 16058/6/4 16059/6/4 16062/6/4
f 16062/6/4 16059/6/4 16063/6/4
f 16064/6/4 16065/6/4 16068/6/4
f 16068/6/4 16065/6/4 16069/6/4
f 16066/6/4 16067/6/4 16070/6/4
f 16070/6/4 16067/6/4 16071/6/4
f 16072/6/4 16073/6/4 16076/6/4
f 16076/6/4 16073/6/4 16077/6/4
f 16074/6/4 16075/6/4 16078/6/4
f 16078/6/4 16075/6/4 16079/6/4
f 16080/2/4 16081/2/4 16082/2/4
f 16082/2/4 16081/2/4 16083/2/4
f 16084/6/4 16085/6/4 16086/6/4
f 16086/6/4 16085/6/4 16087/6/4
f 16088/6/4 16089/6/4 16090/6/4
f 16090/6/4 16089/6/4 16091/6/4
f 16092/6/4 16093/6/4 16094/6/4
f 16094/6/4 16093/6/4 16095/6/4
f 16097/3/4 16098/3/4 16099/3/4
f 16096/2/4 16097/2/4 16099/2/4
f 16099/3/4 16098/3/4 16100/3/4
f 16096/2/4 16099/2/4 16101/2/4
f 16101/2/4 16099/2/4 16102/2/4
f 16103/2/4 16104/2/4 16105/2/4
f 16105/2/4 16104/2/4 16106/2/4
f 16107/6/4 16108/6/4 16111/6/4
f 16111/6/4 16108/6/4 16112/6/4
f 16109/6/4 16110/6/4 16113/6/4
f 16113/6/4 16110/6/4 16114/6/4
f 16115/6/4 16116/6/4 16121/6/4
f 16121/6/4 16116/6/4 16122/6/4
f 16117/6/4 16118/6/4 16123/6/4
f 16123/6/4 16118/6/4 16124/6/4
f 16119/6/4 16120/6/4 16127/6/4
f 16127/6/4 16120/6/4 16128/6/4
f 16125/1/4 16126/1/4 16129/1/4
f 16129/1/4 16126/1/4 16130/1/4
f 16129/6/4 16130/6/4 16134/6/4
f 16134/6/4 16130/6/4 16135/6/4
f 16131/6/4 16132/6/4 16136/6/4
f 16132/1/4 16133/1/4 16137/1/4
f 16136/6/4 16132/6/4 16137/6/4
f 16137/1/4 16133/1/4 16138/1/4
f 16139/2/4 16140/2/4 16143/2/4
f 16143/2/4 16140/2/4 16144/2/4
f 16145/2/4 16146/2/4 16147/2/4
f 16147/2/4 16146/2/4 16148/2/4
f 16141/2/4 16142/2/4 16149/2/4
f 16149/2/4 16142/2/4 16150/2/4
f 16151/6/4 16152/6/4 16153/6/4
f 16153/6/4 16152/6/4 16154/6/4
f 16155/6/4 16156/6/4 16157/6/4
f 16157/6/4 16156/6/4 16158/6/4
f 16159/6/4 16160/6/4 16161/6/4
f 16161/6/4 16160/6/4 16162/6/4
f 16163/6/4 16164/6/4 16165/6/4
f 16165/6/4 16164/6/4 16166/6/4
f 16167/6/4 16168/6/4 16173/6/4
f 16173/6/4 16168/6/4 16174/6/4
f 16169/6/4 16170/6/4 16175/6/4
f 16175/6/4 16170/6/4 16176/6/4
f 16171/6/4 16172/6/4 16177/6/4
f 16177/6/4 16172/6/4 16178/6/4
f 16179/2/4 16180/2/4 16187/2/4
f 16187/2/4 16180/2/4 16188/2/4
f 16181/2/4 16182/2/4 16189/2/4
f 16182/4/4 16183/4/4 16190/4/4
f 16189/2/4 16182/2/4 16190/2/4
f 16190/4/4 16183/4/4 16191/4/4
f 16184/4/4 16185/4/4 16192/4/4
f 16192/4/4 16185/4/4 16193/4/4
f 16185/2/4 16186/2/4 16194/2/4
f 16193/4/4 16185/4/4 16194/4/4
f 16194/2/4 16186/2/4 16195/2/4
f 16195/2/4 16186/2/4 16196/2/4
f 16196/2/4 16186/2/4 16197/2/4
f 16198/6/4 16199/6/4 16200/6/4
f 16200/6/4 16199/6/4 16201/6/4
f 16202/6/4 16203/6/4 16208/6/4
f 16208/6/4 16203/6/4 16209/6/4
f 16204/6/4 16205/6/4 16210/6/4
f 16210/6/4 16205/6/4 16211/6/4
f 16206/6/4 16207/6/4 16212/6/4
f 16212/6/4 16207/6/4 16213/6/4
f 16214/4/4 16215/4/4 16218/4/4
f 16218/4/4 16215/4/4 16219/4/4
f 16216/4/4 16217/4/4 16220/4/4
f 16220/4/4 16217/4/4 16221/4/4
f 16222/6/4 16223/6/4 16224/6/4
f 16224/6/4 16223/6/4 16225/6/4
f 16226/7/4 16227/7/4 16228/7/4
f 16226/7/4 16228/7/4 16230/7/4
f 16228/7/4 16229/7/4 16230/7/4
f 16230/7/4 16229/7/4 16231/7/4
f 16231/7/4 16229/7/4 16232/7/4
f 16232/7/4 16233/7/4 16234/7/4
f 16231/7/4 16232/7/4 16234/7/4
f 16234/7/4 16233/7/4 16235/7/4
f 16235/7/4 16233/7/4 16236/7/4
f 16236/6/4 16237/6/4 16239/6/4
f 16235/6/4 16236/6/4 16239/6/4
f 16239/6/4 16237/6/4 16240/6/4
f 16240/6/4 16237/6/4 16241/6/4
f 16238/6/4 16239/6/4 16243/6/4
f 16239/6/4 16240/6/4 16243/6/4
f 16243/6/4 16240/6/4 16244/6/4
f 16244/6/4 16240/6/4 16245/6/4
f 16242/6/4 16243/6/4 16247/6/4
f 16243/6/4 16244/6/4 16247/6/4
f 16247/6/4 16244/6/4 16248/6/4
f 16248/6/4 16244/6/4 16249/6/4
f 16246/6/4 16247/6/4 16251/6/4
f 16247/6/4 16248/6/4 16251/6/4
f 16251/6/4 16248/6/4 16252/6/4
f 16252/6/4 16248/6/4 16253/6/4
f 16250/6/4 16251/6/4 16255/6/4
f 16251/6/4 16252/6/4 16255/6/4
f 16255/6/4 16252/6/4 16256/6/4
f 16256/6/4 16252/6/4 16257/6/4
f 16254/6/4 16255/6/4 16259/6/4
f 16255/6/4 16256/6/4 16259/6/4
f 16259/6/4 16256/6/4 16260/6/4
f 16260/6/4 16256/6/4 16261/6/4
f 16258/6/4 16259/6/4 16263/6/4
f 16259/6/4 16260/6/4 16263/6/4
f 16263/6/4 16260/6/4 16264/6/4
f 16262/6/4 16263/6/4 16266/6/4
f 16266/6/4 16263/6/4 16267/6/4
f 16264/6/4 16265/6/4 16268/6/4
f 16268/6/4 16265/6/4 16269/6/4
f 16267/6/4 16268/6/4 16270/6/4
f 16270/6/4 16268/6/4 16271/6/4
f 16271/6/4 16268/6/4 16272/6/4
f 16272/6/4 16273/6/4 16274/6/4
f 16271/6/4 16272/6/4 16274/6/4
f 16274/6/4 16273/6/4 16275/6/4
f 16275/6/4 16273/6/4 16276/6/4
f 16275/6/4 16276/6/4 16278/6/4
f 16276/6/4 16277/6/4 16278/6/4
f 16278/6/4 16277/6/4 16279/6/4
f 16279/6/4 16277/6/4 16280/6/4
f 16279/6/4 16280/6/4 16282/6/4
f 16280/6/4 16281/6/4 16282/6/4
f 16282/6/4 16281/6/4 16283/6/4
f 16283/6/4 16281/6/4 16284/6/4
f 16283/6/4 16284/6/4 16286/6/4
f 16284/6/4 16285/6/4 16286/6/4
f 16286/6/4 16285/6/4 16287/6/4
f 16287/6/4 16285/6/4 16288/6/4
f 16287/6/4 16288/6/4 16290/6/4
f 16288/6/4 16289/6/4 16290/6/4
f 16290/6/4 16289/6/4 16291/6/4
f 16291/6/4 16289/6/4 16292/6/4
f 16291/6/4 16292/6/4 16294/6/4
f 16292/6/4 16293/6/4 16294/6/4
f 16294/6/4 16293/6/4 16295/6/4
f 16294/7/4 16295/7/4 16297/7/4
f 16297/7/4 16295/7/4 16298/7/4
f 16298/7/4 16295/7/4 16299/7/4
f 16296/7/4 16297/7/4 16301/7/4
f 16297/7/4 16298/7/4 16301/7/4
f 16301/7/4 16298/7/4 16302/7/4
f 16302/7/4 16298/7/4 16303/7/4
f 16300/7/4 16301/7/4 16304/7/4
f 16301/7/4 16302/7/4 16304/7/4
f 16304/7/4 16302/7/4 16305/7/4
f 16300/7/4 16304/7/4 16306/7/4
f 16306/7/4 16304/7/4 16307/7/4
f 16308/6/4 16309/6/4 16312/6/4
f 16312/6/4 16309/6/4 16313/6/4
f 16310/6/4 16311/6/4 16314/6/4
f 16314/6/4 16311/6/4 16315/6/4
f 16316/2/4 16317/2/4 16319/2/4
f 16318/2/4 16319/2/4 16321/2/4
f 16319/2/4 16317/2/4 16322/2/4
f 16321/2/4 16319/2/4 16322/2/4
f 16322/2/4 16317/2/4 16323/2/4
f 16320/2/4 16321/2/4 16325/2/4
f 16321/2/4 16322/2/4 16325/2/4
f 16325/2/4 16322/2/4 16326/2/4
f 16324/2/4 16325/2/4 16327/2/4
f 16327/2/4 16325/2/4 16328/2/4
f 16328/2/4 16329/2/4 16330/2/4
f 16330/2/4 16329/2/4 16331/2/4
f 16331/2/4 16329/2/4 16332/2/4
f 16331/2/4 16332/2/4 16334/2/4
f 16332/2/4 16333/2/4 16334/2/4
f 16334/2/4 16333/2/4 16335/2/4
f 16335/2/4 16333/2/4 16336/2/4
f 16335/2/4 16336/2/4 16337/2/4
f 16337/2/4 16336/2/4 16338/2/4
f 16339/6/4 16340/6/4 16343/6/4
f 16343/6/4 16340/6/4 16344/6/4
f 16341/6/4 16342/6/4 16345/6/4
f 16345/6/4 16342/6/4 16346/6/4
f 16347/6/4 16348/6/4 16349/6/4
f 16349/6/4 16348/6/4 16350/6/4
f 16351/2/4 16352/2/4 16353/2/4
f 16353/2/4 16352/2/4 16354/2/4
f 16355/6/4 16356/6/4 16358/6/4
f 16357/6/4 16358/6/4 16360/6/4
f 16358/6/4 16356/6/4 16361/6/4
f 16360/6/4 16358/6/4 16361/6/4
f 16361/6/4 16356/6/4 16362/6/4
f 16360/6/4 16361/6/4 16366/6/4
f 16359/6/4 16360/6/4 16366/6/4
f 16366/6/4 16361/6/4 16367/6/4
f 16367/6/4 16361/6/4 16368/6/4
f 16363/1/4 16364/1/4 16371/1/4
f 16365/6/4 16366/6/4 16377/6/4
f 16366/6/4 16367/6/4 16377/6/4
f 16377/6/4 16367/6/4 16378/6/4
f 16369/1/4 16370/1/4 16379/1/4
f 16379/1/4 16370/1/4 16380/1/4
f 16371/1/4 16364/1/4 16381/1/4
f 16381/1/4 16364/1/4 16382/1/4
f 16372/6/4 16373/6/4 16383/6/4
f 16383/6/4 16373/6/4 16384/6/4
f 16374/1/4 16375/1/4 16385/1/4
f 16385/1/4 16375/1/4 16386/1/4
f 16376/6/4 16377/6/4 16387/6/4
f 16387/6/4 16377/6/4 16388/6/4
f 16388/6/4 16389/6/4 16390/6/4
f 16390/6/4 16389/6/4 16391/6/4
f 16391/6/4 16389/6/4 16392/6/4
f 16392/6/4 16393/6/4 16394/6/4
f 16391/6/4 16392/6/4 16394/6/4
f 16394/6/4 16393/6/4 16395/6/4
f 16395/6/4 16393/6/4 16396/6/4
f 16396/6/4 16397/6/4 16398/6/4
f 16395/6/4 16396/6/4 16398/6/4
f 16398/6/4 16397/6/4 16399/6/4
f 16399/6/4 16397/6/4 16400/6/4
f 16400/6/4 16397/6/4 16401/6/4
f 16402/2/4 16403/2/4 16404/2/4
f 16404/2/4 16403/2/4 16405/2/4
f 16406/6/4 16407/6/4 16409/6/4
f 16408/6/4 16409/6/4 16411/6/4
f 16409/6/4 16407/6/4 16412/6/4
f 16411/6/4 16409/6/4 16412/6/4
f 16412/6/4 16407/6/4 16413/6/4
f 16410/6/4 16411/6/4 16415/6/4
f 16411/6/4 16412/6/4 16415/6/4
f 16415/6/4 16412/6/4 16416/6/4
f 16416/6/4 16412/6/4 16417/6/4
f 16414/6/4 16415/6/4 16419/6/4
f 16415/6/4 16416/6/4 16419/6/4
f 16419/6/4 16416/6/4 16420/6/4
f 16418/6/4 16419/6/4 16421/6/4
f 16421/6/4 16419/6/4 16422/6/4
f 16422/6/4 16423/6/4 16424/6/4
f 16424/6/4 16423/6/4 16425/6/4
f 16425/6/4 16423/6/4 16426/6/4
f 16425/6/4 16426/6/4 16428/6/4
f 16426/6/4 16427/6/4 16428/6/4
f 16428/6/4 16427/6/4 16429/6/4
f 16429/6/4 16427/6/4 16430/6/4
f 16429/6/4 16430/6/4 16432/6/4
f 16430/6/4 16431/6/4 16432/6/4
f 16432/6/4 16431/6/4 16433/6/4
f 16433/6/4 16431/6/4 16434/6/4
f 16434/6/4 16431/6/4 16435/6/4
f 16436/4/4 16437/4/4 16438/4/4
f 16438/4/4 16437/4/4 16439/4/4
f 16440/6/4 16441/6/4 16442/6/4
f 16442/6/4 16441/6/4 16443/6/4
f 16444/6/4 16445/6/4 16446/6/4
f 16446/6/4 16445/6/4 16447/6/4
f 16448/6/4 16449/6/4 16450/6/4
f 16450/6/4 16449/6/4 16451/6/4
f 16452/2/4 16453/2/4 16454/2/4
f 16454/2/4 16453/2/4 16455/2/4
f 16456/1/4 16457/1/4 16460/1/4
f 16460/1/4 16457/1/4 16461/1/4
f 16458/6/4 16459/6/4 16464/6/4
f 16464/6/4 16459/6/4 16465/6/4
f 16461/1/4 16462/1/4 16467/1/4
f 16467/1/4 16462/1/4 16468/1/4
f 16464/1/4 16465/1/4 16471/1/4
f 16463/1/4 16464/1/4 16471/1/4
f 16471/1/4 16465/1/4 16472/1/4
f 16466/1/4 16467/1/4 16473/1/4
f 16473/1/4 16467/1/4 16474/1/4
f 16469/6/4 16470/6/4 16475/6/4
f 16475/6/4 16470/6/4 16476/6/4
f 16477/6/4 16478/6/4 16479/6/4
f 16479/6/4 16478/6/4 16480/6/4
f 16481/2/4 16482/2/4 16483/2/4
f 16483/2/4 16482/2/4 16484/2/4
f 16485/6/4 16486/6/4 16487/6/4
f 16487/6/4 16486/6/4 16488/6/4
f 16489/4/4 16490/4/4 16492/4/4
f 16492/4/4 16490/4/4 16493/4/4
f 16494/4/4 16495/4/4 16497/4/4
f 16495/2/4 16496/2/4 16498/2/4
f 16497/4/4 16495/4/4 16498/4/4
f 16498/2/4 16496/2/4 16499/2/4
f 16491/2/4 16492/2/4 16500/2/4
f 16500/2/4 16492/2/4 16501/2/4
f 16504/6/4 16505/6/4 16506/6/4
f 16506/6/4 16505/6/4 16507/6/4
f 16502/6/4 16503/6/4 16508/6/4
f 16508/6/4 16503/6/4 16509/6/4
f 16510/6/4 16511/6/4 16512/6/4
f 16512/6/4 16511/6/4 16513/6/4
f 16514/6/4 16515/6/4 16516/6/4
f 16516/6/4 16515/6/4 16517/6/4
f 16518/1/4 16519/1/4 16522/1/4
f 16522/1/4 16519/1/4 16523/1/4
f 16520/1/4 16521/1/4 16524/1/4
f 16524/1/4 16521/1/4 16525/1/4
f 16526/6/4 16527/6/4 16528/6/4
f 16528/6/4 16527/6/4 16529/6/4
f 16530/2/4 16531/2/4 16532/2/4
f 16532/2/4 16531/2/4 16533/2/4
f 16534/6/4 16535/6/4 16536/6/4
f 16536/6/4 16535/6/4 16537/6/4
f 16538/4/4 16539/4/4 16543/4/4
f 16539/2/4 16540/2/4 16544/2/4
f 16543/4/4 16539/4/4 16544/4/4
f 16544/2/4 16540/2/4 16545/2/4
f 16545/2/4 16540/2/4 16546/2/4
f 16541/2/4 16542/2/4 16547/2/4
f 16547/2/4 16542/2/4 16548/2/4
f 16549/6/4 16550/6/4 16551/6/4
f 16551/6/4 16550/6/4 16552/6/4
f 16553/6/4 16554/6/4 16555/6/4
f 16555/6/4 16554/6/4 16556/6/4
f 16557/2/4 16558/2/4 16560/2/4
f 16559/2/4 16560/2/4 16562/2/4
f 16560/2/4 16558/2/4 16563/2/4
f 16562/2/4 16560/2/4 16563/2/4
f 16563/2/4 16558/2/4 16564/2/4
f 16561/2/4 16562/2/4 16566/2/4
f 16562/2/4 16563/2/4 16566/2/4
f 16566/2/4 16563/2/4 16567/2/4
f 16565/2/4 16566/2/4 16568/2/4
f 16568/2/4 16566/2/4 16569/2/4
f 16569/2/4 16570/2/4 16571/2/4
f 16571/2/4 16570/2/4 16572/2/4
f 16572/2/4 16570/2/4 16573/2/4
f 16572/2/4 16573/2/4 16575/2/4
f 16573/2/4 16574/2/4 16575/2/4
f 16575/2/4 16574/2/4 16576/2/4
f 16576/2/4 16574/2/4 16577/2/4
f 16577/2/4 16574/2/4 16578/2/4
f 16579/6/4 16580/6/4 16581/6/4
f 16581/6/4 16580/6/4 16582/6/4
f 16583/6/4 16584/6/4 16585/6/4
f 16585/6/4 16584/6/4 16586/6/4
f 16587/6/4 16588/6/4 16589/6/4
f 16589/6/4 16588/6/4 16590/6/4
f 16591/6/4 16592/6/4 16593/6/4
f 16593/6/4 16592/6/4 16594/6/4
f 16595/6/4 16596/6/4 16597/6/4
f 16597/6/4 16596/6/4 16598/6/4
f 16599/2/4 16600/2/4 16601/2/4
f 16601/2/4 16600/2/4 16602/2/4
f 16603/6/4 16604/6/4 16605/6/4
f 16605/6/4 16604/6/4 16606/6/4
f 16609/7/4 16610/7/4 16615/7/4
f 16607/7/4 16608/7/4 16616/7/4
f 16616/7/4 16608/7/4 16617/7/4
f 16609/7/4 16615/7/4 16618/7/4
f 16618/7/4 16615/7/4 16619/7/4
f 16611/7/4 16612/7/4 16620/7/4
f 16620/7/4 16612/7/4 16621/7/4
f 16613/7/4 16614/7/4 16622/7/4
f 16622/7/4 16614/7/4 16623/7/4
f 16624/6/4 16625/6/4 16626/6/4
f 16626/6/4 16625/6/4 16627/6/4
f 16628/2/4 16629/2/4 16632/2/4
f 16632/2/4 16629/2/4 16633/2/4
f 16630/2/4 16631/2/4 16634/2/4
f 16634/2/4 16631/2/4 16635/2/4
f 16636/2/4 16637/2/4 16638/2/4
f 16638/2/4 16637/2/4 16639/2/4
f 16640/6/4 16641/6/4 16642/6/4
f 16642/6/4 16641/6/4 16643/6/4
f 16644/2/4 16645/2/4 16646/2/4
f 16646/2/4 16645/2/4 16647/2/4
f 16650/7/4 16651/7/4 16656/7/4
f 16656/7/4 16651/7/4 16657/7/4
f 16648/7/4 16649/7/4 16658/7/4
f 16658/7/4 16649/7/4 16659/7/4
f 16656/1/4 16657/1/4 16660/1/4
f 16660/1/4 16657/1/4 16661/1/4
f 16652/7/4 16653/7/4 16662/7/4
f 16662/7/4 16653/7/4 16663/7/4
f 16654/7/4 16655/7/4 16664/7/4
f 16664/7/4 16655/7/4 16665/7/4
f 16666/2/4 16667/2/4 16668/2/4
f 16668/2/4 16667/2/4 16669/2/4
f 16670/6/4 16671/6/4 16672/6/4
f 16672/6/4 16671/6/4 16673/6/4
f 16673/6/4 16674/6/4 16676/6/4
f 16676/6/4 16674/6/4 16677/6/4
f 16675/6/4 16676/6/4 16679/6/4
f 16679/6/4 16676/6/4 16680/6/4
f 16678/6/4 16679/6/4 16681/6/4
f 16681/6/4 16679/6/4 16682/6/4
f 16682/6/4 16683/6/4 16684/6/4
f 16684/6/4 16683/6/4 16685/6/4
f 16685/6/4 16686/6/4 16688/6/4
f 16688/6/4 16686/6/4 16689/6/4
f 16687/6/4 16688/6/4 16690/6/4
f 16690/6/4 16688/6/4 16691/6/4
f 16692/2/4 16693/2/4 16694/2/4
f 16694/2/4 16693/2/4 16695/2/4
f 16696/7/4 16697/7/4 16698/7/4
f 16698/7/4 16697/7/4 16699/7/4
f 16700/2/4 16701/2/4 16702/2/4
f 16702/2/4 16701/2/4 16703/2/4
f 16704/2/4 16705/2/4 16706/2/4
f 16706/2/4 16705/2/4 16707/2/4
f 16708/4/4 16709/4/4 16710/4/4
f 16710/4/4 16709/4/4 16711/4/4
f 16712/2/4 16713/2/4 16717/2/4
f 16717/2/4 16713/2/4 16718/2/4
f 16715/2/4 16716/2/4 16719/2/4
f 16714/2/4 16715/2/4 16719/2/4
f 16719/2/4 16716/2/4 16720/2/4
f 16721/4/4 16722/4/4 16727/4/4
f 16727/4/4 16722/4/4 16728/4/4
f 16724/4/4 16725/4/4 16729/4/4
f 16723/4/4 16724/4/4 16729/4/4
f 16729/4/4 16725/4/4 16730/4/4
f 16730/4/4 16725/4/4 16731/4/4
f 16726/4/4 16727/4/4 16732/4/4
f 16732/4/4 16727/4/4 16733/4/4
f 16733/4/4 16727/4/4 16734/4/4
f 16734/4/4 16727/4/4 16735/4/4
f 16733/4/4 16734/4/4 16738/4/4
f 16738/4/4 16734/4/4 16739/4/4
f 16736/4/4 16737/4/4 16740/4/4
f 16740/4/4 16737/4/4 16741/4/4
f 16742/6/4 16743/6/4 16746/6/4
f 16746/6/4 16743/6/4 16747/6/4
f 16744/4/4 16745/4/4 16748/4/4
f 16748/4/4 16745/4/4 16749/4/4
f 16750/6/4 16751/6/4 16752/6/4
f 16752/6/4 16751/6/4 16753/6/4
f 16752/7/4 16753/7/4 16754/7/4
f 16754/7/4 16753/7/4 16755/7/4
f 16756/6/4 16757/6/4 16758/6/4
f 16758/6/4 16757/6/4 16759/6/4
f 16762/2/4 16763/2/4 16764/2/4
f 16764/2/4 16763/2/4 16765/2/4
f 16760/6/4 16761/6/4 16766/6/4
f 16766/6/4 16761/6/4 16767/6/4
f 16768/2/4 16769/2/4 16770/2/4
f 16770/2/4 16769/2/4 16771/2/4
f 16772/6/4 16773/6/4 16780/6/4
f 16780/6/4 16773/6/4 16781/6/4
f 16774/6/4 16775/6/4 16782/6/4
f 16782/6/4 16775/6/4 16783/6/4
f 16776/6/4 16777/6/4 16784/6/4
f 16784/6/4 16777/6/4 16785/6/4
f 16778/6/4 16779/6/4 16786/6/4
f 16786/6/4 16779/6/4 16787/6/4
f 16788/6/4 16789/6/4 16790/6/4
f 16790/6/4 16789/6/4 16791/6/4
f 16792/2/4 16793/2/4 16794/2/4
f 16794/2/4 16793/2/4 16795/2/4
f 16796/4/4 16797/4/4 16802/4/4
f 16802/4/4 16797/4/4 16803/4/4
f 16803/4/4 16797/4/4 16804/4/4
f 16804/4/4 16797/4/4 16805/4/4
f 16798/2/4 16799/2/4 16809/2/4
f 16809/2/4 16799/2/4 16810/2/4
f 16800/2/4 16801/2/4 16811/2/4
f 16811/2/4 16801/2/4 16812/2/4
f 16803/2/4 16804/2/4 16813/2/4
f 16813/2/4 16804/2/4 16814/2/4
f 16806/2/4 16807/2/4 16816/2/4
f 16809/4/4 16810/4/4 16817/4/4
f 16808/4/4 16809/4/4 16817/4/4
f 16810/4/4 16811/4/4 16817/4/4
f 16817/4/4 16811/4/4 16818/4/4
f 16818/4/4 16811/4/4 16819/4/4
f 16812/2/4 16801/2/4 16820/2/4
f 16820/2/4 16801/2/4 16821/2/4
f 16815/2/4 16816/2/4 16823/2/4
f 16816/2/4 16807/2/4 16824/2/4
f 16823/2/4 16816/2/4 16824/2/4
f 16824/2/4 16807/2/4 16825/2/4
f 16818/2/4 16819/2/4 16830/2/4
f 16819/2/4 16820/2/4 16830/2/4
f 16830/2/4 16820/2/4 16831/2/4
f 16822/2/4 16823/2/4 16833/2/4
f 16823/2/4 16824/2/4 16833/2/4
f 16833/2/4 16824/2/4 16834/2/4
f 16825/4/4 16826/4/4 16835/4/4
f 16835/4/4 16826/4/4 16836/4/4
f 16827/2/4 16828/2/4 16838/2/4
f 16829/2/4 16830/2/4 16839/2/4
f 16832/2/4 16833/2/4 16841/2/4
f 16827/2/4 16838/2/4 16842/2/4
f 16838/2/4 16839/2/4 16842/2/4
f 16839/2/4 16830/2/4 16843/2/4
f 16842/2/4 16839/2/4 16843/2/4
f 16840/2/4 16841/2/4 16844/2/4
f 16841/2/4 16833/2/4 16845/2/4
f 16844/2/4 16841/2/4 16845/2/4
f 16834/4/4 16835/4/4 16846/4/4
f 16846/4/4 16835/4/4 16847/4/4
f 16836/4/4 16837/4/4 16848/4/4
f 16848/4/4 16837/4/4 16849/4/4
f 16843/2/4 16844/2/4 16850/2/4
f 16850/2/4 16844/2/4 16851/2/4
f 16851/2/4 16844/2/4 16852/2/4
f 16845/2/4 16846/2/4 16854/2/4
f 16854/2/4 16846/2/4 16855/2/4
f 16855/2/4 16846/2/4 16856/2/4
f 16847/4/4 16848/4/4 16857/4/4
f 16857/4/4 16848/4/4 16858/4/4
f 16852/2/4 16853/2/4 16859/2/4
f 16851/2/4 16852/2/4 16859/2/4
f 16859/2/4 16853/2/4 16860/2/4
f 16855/2/4 16856/2/4 16861/2/4
f 16856/2/4 16857/2/4 16861/2/4
f 16861/2/4 16857/2/4 16862/2/4
f 16860/2/4 16853/2/4 16864/2/4
f 16862/2/4 16857/2/4 16866/2/4
f 16863/2/4 16864/2/4 16868/2/4
f 16864/2/4 16853/2/4 16869/2/4
f 16868/2/4 16864/2/4 16869/2/4
f 16869/2/4 16853/2/4 16870/2/4
f 16865/2/4 16866/2/4 16872/2/4
f 16866/2/4 16857/2/4 16873/2/4
f 16872/2/4 16866/2/4 16873/2/4
f 16873/2/4 16857/2/4 16874/2/4
f 16867/2/4 16868/2/4 16875/2/4
f 16868/2/4 16869/2/4 16875/2/4
f 16875/2/4 16869/2/4 16876/2/4
f 16872/2/4 16873/2/4 16877/2/4
f 16871/2/4 16872/2/4 16877/2/4
f 16877/2/4 16873/2/4 16878/2/4
f 16881/4/4 16882/4/4 16884/4/4
f 16882/4/4 16883/4/4 16884/4/4
f 16884/4/4 16883/4/4 16885/4/4
f 16879/6/4 16880/6/4 16886/6/4
f 16886/6/4 16880/6/4 16887/6/4
f 16888/7/4 16889/7/4 16890/7/4
f 16890/7/4 16889/7/4 16891/7/4
f 16892/6/4 16893/6/4 16894/6/4
f 16894/6/4 16893/6/4 16895/6/4
f 16896/6/4 16897/6/4 16900/6/4
f 16900/6/4 16897/6/4 16901/6/4
f 16898/2/4 16899/2/4 16902/2/4
f 16902/2/4 16899/2/4 16903/2/4
f 16904/6/4 16905/6/4 16912/6/4
f 16912/6/4 16905/6/4 16913/6/4
f 16906/6/4 16907/6/4 16914/6/4
f 16914/6/4 16907/6/4 16915/6/4
f 16908/6/4 16909/6/4 16916/6/4
f 16916/6/4 16909/6/4 16917/6/4
f 16910/6/4 16911/6/4 16918/6/4
f 16918/6/4 16911/6/4 16919/6/4
f 16920/6/4 16921/6/4 16922/6/4
f 16922/6/4 16921/6/4 16923/6/4
f 16924/4/4 16925/4/4 16928/4/4
f 16928/4/4 16925/4/4 16929/4/4
f 16926/4/4 16927/4/4 16931/4/4
f 16931/4/4 16927/4/4 16932/4/4
f 16929/4/4 16930/4/4 16933/4/4
f 16933/4/4 16930/4/4 16934/4/4
f 16935/2/4 16936/2/4 16941/2/4
f 16941/2/4 16936/2/4 16942/2/4
f 16937/2/4 16938/2/4 16943/2/4
f 16943/2/4 16938/2/4 16944/2/4
f 16939/4/4 16940/4/4 16945/4/4
f 16945/4/4 16940/4/4 16946/4/4
f 16947/4/4 16948/4/4 16951/4/4
f 16951/4/4 16948/4/4 16952/4/4
f 16949/6/4 16950/6/4 16953/6/4
f 16953/6/4 16950/6/4 16954/6/4
f 16955/7/4 16956/7/4 16957/7/4
f 16957/7/4 16956/7/4 16958/7/4
f 16959/6/4 16960/6/4 16961/6/4
f 16961/6/4 16960/6/4 16962/6/4
f 16963/2/4 16964/2/4 16966/2/4
f 16965/2/4 16966/2/4 16968/2/4
f 16966/2/4 16964/2/4 16969/2/4
f 16968/2/4 16966/2/4 16969/2/4
f 16969/2/4 16964/2/4 16970/2/4
f 16967/2/4 16968/2/4 16972/2/4
f 16968/2/4 16969/2/4 16972/2/4
f 16972/2/4 16969/2/4 16973/2/4
f 16971/2/4 16972/2/4 16974/2/4
f 16974/2/4 16972/2/4 16975/2/4
f 16975/2/4 16976/2/4 16977/2/4
f 16977/2/4 16976/2/4 16978/2/4
f 16978/2/4 16976/2/4 16979/2/4
f 16978/2/4 16979/2/4 16981/2/4
f 16979/2/4 16980/2/4 16981/2/4
f 16981/2/4 16980/2/4 16982/2/4
f 16982/2/4 16980/2/4 16983/2/4
f 16983/2/4 16980/2/4 16984/2/4
f 16993/2/4 16994/2/4 16995/2/4
f 16995/2/4 16994/2/4 16996/2/4
f 16985/6/4 16986/6/4 16997/6/4
f 16997/6/4 16986/6/4 16998/6/4
f 16987/6/4 16988/6/4 16999/6/4
f 16999/6/4 16988/6/4 17000/6/4
f 16989/6/4 16990/6/4 17001/6/4
f 17001/6/4 16990/6/4 17002/6/4
f 16991/6/4 16992/6/4 17003/6/4
f 17003/6/4 16992/6/4 17004/6/4
f 17005/2/4 17006/2/4 17008/2/4
f 17007/2/4 17008/2/4 17010/2/4
f 17008/2/4 17006/2/4 17011/2/4
f 17010/2/4 17008/2/4 17011/2/4
f 17011/2/4 17006/2/4 17012/2/4
f 17009/2/4 17010/2/4 17014/2/4
f 17010/2/4 17011/2/4 17014/2/4
f 17014/2/4 17011/2/4 17015/2/4
f 17013/2/4 17014/2/4 17016/2/4
f 17016/2/4 17014/2/4 17017/2/4
f 17017/2/4 17018/2/4 17019/2/4
f 17019/2/4 17018/2/4 17020/2/4
f 17020/2/4 17018/2/4 17021/2/4
f 17020/2/4 17021/2/4 17023/2/4
f 17021/2/4 17022/2/4 17023/2/4
f 17023/2/4 17022/2/4 17024/2/4
f 17024/2/4 17022/2/4 17025/2/4
f 17025/2/4 17022/2/4 17026/2/4
f 17029/4/4 17030/4/4 17032/4/4
f 17030/2/4 17031/2/4 17033/2/4
f 17032/4/4 17030/4/4 17033/4/4
f 17033/2/4 17031/2/4 17034/2/4
f 17027/2/4 17028/2/4 17035/2/4
f 17035/2/4 17028/2/4 17036/2/4
f 17037/4/4 17038/4/4 17039/4/4
f 17039/4/4 17038/4/4 17040/4/4
f 17043/4/4 17044/4/4 17045/4/4
f 17045/4/4 17044/4/4 17046/4/4
f 17041/7/4 17042/7/4 17047/7/4
f 17047/7/4 17042/7/4 17048/7/4
f 17049/6/4 17050/6/4 17051/6/4
f 17051/6/4 17050/6/4 17052/6/4
f 17053/7/4 17054/7/4 17055/7/4
f 17055/7/4 17054/7/4 17056/7/4
f 17057/2/4 17058/2/4 17059/2/4
f 17059/2/4 17058/2/4 17060/2/4
f 17061/6/4 17062/6/4 17069/6/4
f 17069/6/4 17062/6/4 17070/6/4
f 17063/6/4 17064/6/4 17071/6/4
f 17071/6/4 17064/6/4 17072/6/4
f 17065/6/4 17066/6/4 17073/6/4
f 17073/6/4 17066/6/4 17074/6/4
f 17067/6/4 17068/6/4 17075/6/4
f 17075/6/4 17068/6/4 17076/6/4
f 17077/2/4 17078/2/4 17079/2/4
f 17079/2/4 17078/2/4 17080/2/4
f 17081/4/4 17082/4/4 17083/4/4
f 17083/4/4 17082/4/4 17084/4/4
f 17085/4/4 17086/4/4 17088/4/4
f 17086/4/4 17087/4/4 17088/4/4
f 17088/4/4 17087/4/4 17089/4/4
f 17090/6/4 17091/6/4 17092/6/4
f 17092/6/4 17091/6/4 17093/6/4
f 17094/6/4 17095/6/4 17098/6/4
f 17095/7/4 17096/7/4 17099/7/4
f 17098/6/4 17095/6/4 17099/6/4
f 17099/7/4 17096/7/4 17100/7/4
f 17097/6/4 17098/6/4 17102/6/4
f 17098/6/4 17099/6/4 17102/6/4
f 17102/6/4 17099/6/4 17103/6/4
f 17103/6/4 17099/6/4 17104/6/4
f 17101/6/4 17102/6/4 17106/6/4
f 17102/6/4 17103/6/4 17106/6/4
f 17106/6/4 17103/6/4 17107/6/4
f 17107/6/4 17103/6/4 17108/6/4
f 17105/6/4 17106/6/4 17110/6/4
f 17106/6/4 17107/6/4 17110/6/4
f 17110/6/4 17107/6/4 17111/6/4
f 17109/6/4 17110/6/4 17112/6/4
f 17112/6/4 17110/6/4 17113/6/4
f 17113/6/4 17114/6/4 17115/6/4
f 17115/6/4 17114/6/4 17116/6/4
f 17116/6/4 17114/6/4 17117/6/4
f 17116/6/4 17117/6/4 17119/6/4
f 17117/6/4 17118/6/4 17119/6/4
f 17119/6/4 17118/6/4 17120/6/4
f 17120/6/4 17118/6/4 17121/6/4
f 17120/6/4 17121/6/4 17123/6/4
f 17121/6/4 17122/6/4 17123/6/4
f 17123/6/4 17122/6/4 17124/6/4
f 17124/6/4 17122/6/4 17125/6/4
f 17124/6/4 17125/6/4 17127/6/4
f 17125/7/4 17126/7/4 17128/7/4
f 17127/6/4 17125/6/4 17128/6/4
f 17128/7/4 17126/7/4 17129/7/4
f 17127/7/4 17128/7/4 17130/7/4
f 17130/7/4 17128/7/4 17131/7/4
f 17132/2/4 17133/2/4 17134/2/4
f 17134/2/4 17133/2/4 17135/2/4
f 17136/6/4 17137/6/4 17144/6/4
f 17144/6/4 17137/6/4 17145/6/4
f 17138/6/4 17139/6/4 17146/6/4
f 17146/6/4 17139/6/4 17147/6/4
f 17140/6/4 17141/6/4 17148/6/4
f 17148/6/4 17141/6/4 17149/6/4
f 17142/6/4 17143/6/4 17150/6/4
f 17150/6/4 17143/6/4 17151/6/4
f 17152/6/4 17153/6/4 17160/6/4
f 17160/6/4 17153/6/4 17161/6/4
f 17154/6/4 17155/6/4 17162/6/4
f 17162/6/4 17155/6/4 17163/6/4
f 17156/6/4 17157/6/4 17164/6/4
f 17164/6/4 17157/6/4 17165/6/4
f 17158/6/4 17159/6/4 17166/6/4
f 17166/6/4 17159/6/4 17167/6/4
f 17168/6/4 17169/6/4 17176/6/4
f 17176/6/4 17169/6/4 17177/6/4
f 17170/6/4 17171/6/4 17178/6/4
f 17178/6/4 17171/6/4 17179/6/4
f 17172/6/4 17173/6/4 17180/6/4
f 17180/6/4 17173/6/4 17181/6/4
f 17174/6/4 17175/6/4 17182/6/4
f 17182/6/4 17175/6/4 17183/6/4
f 17184/2/4 17185/2/4 17186/2/4
f 17186/2/4 17185/2/4 17187/2/4
f 17190/2/4 17191/2/4 17194/2/4
f 17194/2/4 17191/2/4 17195/2/4
f 17188/2/4 17189/2/4 17196/2/4
f 17196/2/4 17189/2/4 17197/2/4
f 17192/4/4 17193/4/4 17199/4/4
f 17198/4/4 17199/4/4 17201/4/4
f 17199/4/4 17193/4/4 17202/4/4
f 17201/4/4 17199/4/4 17202/4/4
f 17202/4/4 17193/4/4 17203/4/4
f 17200/4/4 17201/4/4 17205/4/4
f 17201/4/4 17202/4/4 17205/4/4
f 17205/4/4 17202/4/4 17206/4/4
f 17206/4/4 17202/4/4 17207/4/4
f 17204/4/4 17205/4/4 17208/4/4
f 17205/4/4 17206/4/4 17208/4/4
f 17208/4/4 17206/4/4 17209/4/4
f 17210/4/4 17211/4/4 17215/4/4
f 17215/4/4 17211/4/4 17216/4/4
f 17212/4/4 17213/4/4 17217/4/4
f 17213/4/4 17214/4/4 17217/4/4
f 17217/4/4 17214/4/4 17218/4/4
f 17218/4/4 17214/4/4 17219/4/4
f 17218/4/4 17219/4/4 17221/4/4
f 17219/4/4 17220/4/4 17221/4/4
f 17221/4/4 17220/4/4 17222/4/4
f 17222/4/4 17220/4/4 17223/4/4
f 17216/4/4 17217/4/4 17226/4/4
f 17222/4/4 17223/4/4 17227/4/4
f 17223/4/4 17224/4/4 17227/4/4
f 17227/4/4 17224/4/4 17228/4/4
f 17228/4/4 17224/4/4 17229/4/4
f 17225/4/4 17226/4/4 17231/4/4
f 17226/4/4 17217/4/4 17231/4/4
f 17231/4/4 17217/4/4 17232/4/4
f 17229/4/4 17230/4/4 17233/4/4
f 17228/4/4 17229/4/4 17233/4/4
f 17233/4/4 17230/4/4 17234/4/4
f 17225/4/4 17231/4/4 17235/4/4
f 17235/4/4 17231/4/4 17236/4/4
f 17237/6/4 17238/6/4 17239/6/4
f 17239/6/4 17238/6/4 17240/6/4
f 17241/6/4 17242/6/4 17243/6/4
f 17243/6/4 17242/6/4 17244/6/4
f 17245/2/4 17246/2/4 17247/2/4
f 17247/2/4 17246/2/4 17248/2/4
f 17249/6/4 17250/6/4 17257/6/4
f 17257/6/4 17250/6/4 17258/6/4
f 17251/6/4 17252/6/4 17259/6/4
f 17259/6/4 17252/6/4 17260/6/4
f 17253/6/4 17254/6/4 17261/6/4
f 17261/6/4 17254/6/4 17262/6/4
f 17255/6/4 17256/6/4 17263/6/4
f 17263/6/4 17256/6/4 17264/6/4
f 17265/6/4 17266/6/4 17273/6/4
f 17273/6/4 17266/6/4 17274/6/4
f 17267/6/4 17268/6/4 17275/6/4
f 17275/6/4 17268/6/4 17276/6/4
f 17269/6/4 17270/6/4 17277/6/4
f 17277/6/4 17270/6/4 17278/6/4
f 17271/6/4 17272/6/4 17279/6/4
f 17279/6/4 17272/6/4 17280/6/4
f 17281/6/4 17282/6/4 17289/6/4
f 17289/6/4 17282/6/4 17290/6/4
f 17283/6/4 17284/6/4 17291/6/4
f 17291/6/4 17284/6/4 17292/6/4
f 17285/6/4 17286/6/4 17293/6/4
f 17293/6/4 17286/6/4 17294/6/4
f 17287/6/4 17288/6/4 17295/6/4
f 17295/6/4 17288/6/4 17296/6/4
f 17297/2/4 17298/2/4 17299/2/4
f 17299/2/4 17298/2/4 17300/2/4
f 17301/2/4 17302/2/4 17307/2/4
f 17302/4/4 17303/4/4 17308/4/4
f 17307/2/4 17302/2/4 17308/2/4
f 17308/4/4 17303/4/4 17309/4/4
f 17304/4/4 17305/4/4 17310/4/4
f 17310/4/4 17305/4/4 17311/4/4
f 17305/2/4 17306/2/4 17312/2/4
f 17311/4/4 17305/4/4 17312/4/4
f 17312/2/4 17306/2/4 17313/2/4
f 17313/2/4 17306/2/4 17314/2/4
f 17314/2/4 17306/2/4 17315/2/4
f 17316/2/4 17317/2/4 17318/2/4
f 17318/2/4 17317/2/4 17319/2/4
f 17320/4/4 17321/4/4 17322/4/4
f 17320/4/4 17322/4/4 17323/4/4
f 17323/4/4 17322/4/4 17324/4/4
f 17325/6/4 17326/6/4 17327/6/4
f 17327/6/4 17326/6/4 17328/6/4
f 17329/6/4 17330/6/4 17337/6/4
f 17337/6/4 17330/6/4 17338/6/4
f 17331/6/4 17332/6/4 17339/6/4
f 17339/6/4 17332/6/4 17340/6/4
f 17333/6/4 17334/6/4 17341/6/4
f 17341/6/4 17334/6/4 17342/6/4
f 17335/6/4 17336/6/4 17343/6/4
f 17343/6/4 17336/6/4 17344/6/4
f 17345/6/4 17346/6/4 17353/6/4
f 17353/6/4 17346/6/4 17354/6/4
f 17347/6/4 17348/6/4 17355/6/4
f 17355/6/4 17348/6/4 17356/6/4
f 17349/6/4 17350/6/4 17357/6/4
f 17357/6/4 17350/6/4 17358/6/4
f 17351/6/4 17352/6/4 17359/6/4
f 17359/6/4 17352/6/4 17360/6/4
f 17361/6/4 17362/6/4 17363/6/4
f 17363/6/4 17362/6/4 17364/6/4
f 17365/2/4 17366/2/4 17367/2/4
f 17367/2/4 17366/2/4 17368/2/4
f 17369/4/4 17370/4/4 17373/4/4
f 17373/4/4 17370/4/4 17374/4/4
f 17371/4/4 17372/4/4 17375/4/4
f 17375/4/4 17372/4/4 17376/4/4
f 17377/4/4 17378/4/4 17379/4/4
f 17379/4/4 17378/4/4 17380/4/4
f 17381/6/4 17382/6/4 17383/6/4
f 17383/6/4 17382/6/4 17384/6/4
f 17384/6/4 17385/6/4 17387/6/4
f 17387/6/4 17385/6/4 17388/6/4
f 17386/6/4 17387/6/4 17390/6/4
f 17390/6/4 17387/6/4 17391/6/4
f 17389/6/4 17390/6/4 17392/6/4
f 17392/6/4 17390/6/4 17393/6/4
f 17393/6/4 17394/6/4 17395/6/4
f 17395/6/4 17394/6/4 17396/6/4
f 17396/6/4 17397/6/4 17399/6/4
f 17399/6/4 17397/6/4 17400/6/4
f 17398/6/4 17399/6/4 17401/6/4
f 17401/6/4 17399/6/4 17402/6/4
f 17403/6/4 17404/6/4 17405/6/4
f 17405/6/4 17404/6/4 17406/6/4
f 17407/6/4 17408/6/4 17409/6/4
f 17409/6/4 17408/6/4 17410/6/4
f 17411/2/4 17412/2/4 17413/2/4
f 17413/2/4 17412/2/4 17414/2/4
f 17415/4/4 17416/4/4 17417/4/4
f 17417/4/4 17416/4/4 17418/4/4
f 17419/6/4 17420/6/4 17421/6/4
f 17421/6/4 17420/6/4 17422/6/4
f 17423/7/4 17424/7/4 17425/7/4
f 17425/7/4 17424/7/4 17426/7/4
f 17427/1/4 17428/1/4 17435/1/4
f 17435/1/4 17428/1/4 17436/1/4
f 17429/7/4 17430/7/4 17438/7/4
f 17431/7/4 17432/7/4 17440/7/4
f 17433/7/4 17434/7/4 17442/7/4
f 17435/7/4 17436/7/4 17444/7/4
f 17436/1/4 17437/1/4 17445/1/4
f 17444/7/4 17436/7/4 17445/7/4
f 17445/1/4 17437/1/4 17446/1/4
f 17429/7/4 17438/7/4 17448/7/4
f 17438/1/4 17439/1/4 17449/1/4
f 17448/7/4 17438/7/4 17449/7/4
f 17449/1/4 17439/1/4 17450/1/4
f 17440/7/4 17441/7/4 17452/7/4
f 17431/7/4 17440/7/4 17452/7/4
f 17452/7/4 17441/7/4 17453/7/4
f 17453/7/4 17441/7/4 17454/7/4
f 17433/7/4 17442/7/4 17456/7/4
f 17442/1/4 17443/1/4 17457/1/4
f 17456/7/4 17442/7/4 17457/7/4
f 17457/1/4 17443/1/4 17458/1/4
f 17445/7/4 17446/7/4 17460/7/4
f 17446/1/4 17447/1/4 17461/1/4
f 17460/7/4 17446/7/4 17461/7/4
f 17461/1/4 17447/1/4 17462/1/4
f 17450/7/4 17451/7/4 17464/7/4
f 17449/7/4 17450/7/4 17464/7/4
f 17464/7/4 17451/7/4 17465/7/4
f 17465/7/4 17451/7/4 17466/7/4
f 17453/7/4 17454/7/4 17468/7/4
f 17454/1/4 17455/1/4 17469/1/4
f 17468/7/4 17454/7/4 17469/7/4
f 17469/1/4 17455/1/4 17470/1/4
f 17457/7/4 17458/7/4 17472/7/4
f 17458/1/4 17459/1/4 17473/1/4
f 17472/7/4 17458/7/4 17473/7/4
f 17473/1/4 17459/1/4 17474/1/4
f 17462/6/4 17463/6/4 17477/6/4
f 17461/6/4 17462/6/4 17477/6/4
f 17477/6/4 17463/6/4 17478/6/4
f 17478/6/4 17463/6/4 17479/6/4
f 17465/6/4 17466/6/4 17481/6/4
f 17466/6/4 17467/6/4 17481/6/4
f 17481/6/4 17467/6/4 17482/6/4
f 17482/6/4 17467/6/4 17483/6/4
f 17469/6/4 17470/6/4 17485/6/4
f 17470/6/4 17471/6/4 17485/6/4
f 17485/6/4 17471/6/4 17486/6/4
f 17486/6/4 17471/6/4 17487/6/4
f 17474/6/4 17475/6/4 17489/6/4
f 17473/6/4 17474/6/4 17489/6/4
f 17489/6/4 17475/6/4 17490/6/4
f 17490/6/4 17475/6/4 17491/6/4
f 17477/6/4 17478/6/4 17493/6/4
f 17476/6/4 17477/6/4 17493/6/4
f 17493/6/4 17478/6/4 17494/6/4
f 17494/6/4 17478/6/4 17495/6/4
f 17481/6/4 17482/6/4 17497/6/4
f 17480/6/4 17481/6/4 17497/6/4
f 17497/6/4 17482/6/4 17498/6/4
f 17498/6/4 17482/6/4 17499/6/4
f 17485/6/4 17486/6/4 17501/6/4
f 17484/6/4 17485/6/4 17501/6/4
f 17501/6/4 17486/6/4 17502/6/4
f 17502/6/4 17486/6/4 17503/6/4
f 17489/6/4 17490/6/4 17505/6/4
f 17488/6/4 17489/6/4 17505/6/4
f 17505/6/4 17490/6/4 17506/6/4
f 17506/6/4 17490/6/4 17507/6/4
f 17493/6/4 17494/6/4 17509/6/4
f 17492/6/4 17493/6/4 17509/6/4
f 17509/6/4 17494/6/4 17510/6/4
f 17510/6/4 17494/6/4 17511/6/4
f 17497/6/4 17498/6/4 17513/6/4
f 17496/6/4 17497/6/4 17513/6/4
f 17513/6/4 17498/6/4 17514/6/4
f 17514/6/4 17498/6/4 17515/6/4
f 17501/6/4 17502/6/4 17517/6/4
f 17500/6/4 17501/6/4 17517/6/4
f 17517/6/4 17502/6/4 17518/6/4
f 17518/6/4 17502/6/4 17519/6/4
f 17505/6/4 17506/6/4 17521/6/4
f 17504/6/4 17505/6/4 17521/6/4
f 17521/6/4 17506/6/4 17522/6/4
f 17522/6/4 17506/6/4 17523/6/4
f 17509/6/4 17510/6/4 17525/6/4
f 17508/6/4 17509/6/4 17525/6/4
f 17525/6/4 17510/6/4 17526/6/4
f 17526/6/4 17510/6/4 17527/6/4
f 17513/6/4 17514/6/4 17529/6/4
f 17512/6/4 17513/6/4 17529/6/4
f 17529/6/4 17514/6/4 17530/6/4
f 17530/6/4 17514/6/4 17531/6/4
f 17517/6/4 17518/6/4 17533/6/4
f 17516/6/4 17517/6/4 17533/6/4
f 17533/6/4 17518/6/4 17534/6/4
f 17534/6/4 17518/6/4 17535/6/4
f 17521/6/4 17522/6/4 17537/6/4
f 17520/6/4 17521/6/4 17537/6/4
f 17537/6/4 17522/6/4 17538/6/4
f 17538/6/4 17522/6/4 17539/6/4
f 17525/6/4 17526/6/4 17541/6/4
f 17524/6/4 17525/6/4 17541/6/4
f 17541/6/4 17526/6/4 17542/6/4
f 17542/6/4 17526/6/4 17543/6/4
f 17529/6/4 17530/6/4 17545/6/4
f 17528/6/4 17529/6/4 17545/6/4
f 17545/6/4 17530/6/4 17546/6/4
f 17546/6/4 17530/6/4 17547/6/4
f 17533/6/4 17534/6/4 17549/6/4
f 17532/6/4 17533/6/4 17549/6/4
f 17549/6/4 17534/6/4 17550/6/4
f 17550/6/4 17534/6/4 17551/6/4
f 17537/6/4 17538/6/4 17553/6/4
f 17536/6/4 17537/6/4 17553/6/4
f 17553/6/4 17538/6/4 17554/6/4
f 17554/6/4 17538/6/4 17555/6/4
f 17541/6/4 17542/6/4 17557/6/4
f 17540/6/4 17541/6/4 17557/6/4
f 17557/6/4 17542/6/4 17558/6/4
f 17558/6/4 17542/6/4 17559/6/4
f 17545/6/4 17546/6/4 17561/6/4
f 17544/6/4 17545/6/4 17561/6/4
f 17561/6/4 17546/6/4 17562/6/4
f 17562/6/4 17546/6/4 17563/6/4
f 17549/6/4 17550/6/4 17565/6/4
f 17548/6/4 17549/6/4 17565/6/4
f 17565/6/4 17550/6/4 17566/6/4
f 17566/6/4 17550/6/4 17567/6/4
f 17553/6/4 17554/6/4 17569/6/4
f 17552/6/4 17553/6/4 17569/6/4
f 17569/6/4 17554/6/4 17570/6/4
f 17570/6/4 17554/6/4 17571/6/4
f 17557/6/4 17558/6/4 17573/6/4
f 17556/6/4 17557/6/4 17573/6/4
f 17573/6/4 17558/6/4 17574/6/4
f 17561/6/4 17562/6/4 17577/6/4
f 17560/6/4 17561/6/4 17577/6/4
f 17577/6/4 17562/6/4 17578/6/4
f 17565/6/4 17566/6/4 17581/6/4
f 17564/6/4 17565/6/4 17581/6/4
f 17581/6/4 17566/6/4 17582/6/4
f 17569/6/4 17570/6/4 17585/6/4
f 17568/6/4 17569/6/4 17585/6/4
f 17585/6/4 17570/6/4 17586/6/4
f 17572/6/4 17573/6/4 17589/6/4
f 17589/6/4 17573/6/4 17590/6/4
f 17575/6/4 17576/6/4 17591/6/4
f 17574/6/4 17575/6/4 17591/6/4
f 17576/6/4 17577/6/4 17591/6/4
f 17591/6/4 17577/6/4 17592/6/4
f 17592/6/4 17577/6/4 17593/6/4
f 17593/6/4 17577/6/4 17594/6/4
f 17579/6/4 17580/6/4 17595/6/4
f 17578/6/4 17579/6/4 17595/6/4
f 17580/6/4 17581/6/4 17595/6/4
f 17595/6/4 17581/6/4 17596/6/4
f 17596/6/4 17581/6/4 17597/6/4
f 17597/6/4 17581/6/4 17598/6/4
f 17583/6/4 17584/6/4 17599/6/4
f 17582/6/4 17583/6/4 17599/6/4
f 17584/6/4 17585/6/4 17599/6/4
f 17599/6/4 17585/6/4 17600/6/4
f 17600/6/4 17585/6/4 17601/6/4
f 17601/6/4 17585/6/4 17602/6/4
f 17586/6/4 17587/6/4 17603/6/4
f 17587/6/4 17588/6/4 17603/6/4
f 17603/6/4 17588/6/4 17604/6/4
f 17604/6/4 17588/6/4 17605/6/4
f 17590/6/4 17591/6/4 17606/6/4
f 17606/6/4 17591/6/4 17607/6/4
f 17607/6/4 17591/6/4 17608/6/4
f 17594/6/4 17595/6/4 17610/6/4
f 17610/6/4 17595/6/4 17611/6/4
f 17611/6/4 17595/6/4 17612/6/4
f 17598/6/4 17599/6/4 17614/6/4
f 17614/6/4 17599/6/4 17615/6/4
f 17615/6/4 17599/6/4 17616/6/4
f 17602/6/4 17603/6/4 17618/6/4
f 17618/6/4 17603/6/4 17619/6/4
f 17619/6/4 17603/6/4 17620/6/4
f 17608/6/4 17609/6/4 17622/6/4
f 17607/6/4 17608/6/4 17622/6/4
f 17622/6/4 17609/6/4 17623/6/4
f 17623/6/4 17609/6/4 17624/6/4
f 17612/6/4 17613/6/4 17626/6/4
f 17611/6/4 17612/6/4 17626/6/4
f 17626/6/4 17613/6/4 17627/6/4
f 17627/6/4 17613/6/4 17628/6/4
f 17616/6/4 17617/6/4 17630/6/4
f 17615/6/4 17616/6/4 17630/6/4
f 17630/6/4 17617/6/4 17631/6/4
f 17631/6/4 17617/6/4 17632/6/4
f 17620/6/4 17621/6/4 17634/6/4
f 17619/6/4 17620/6/4 17634/6/4
f 17634/6/4 17621/6/4 17635/6/4
f 17635/6/4 17621/6/4 17636/6/4
f 17624/6/4 17625/6/4 17638/6/4
f 17623/6/4 17624/6/4 17638/6/4
f 17638/6/4 17625/6/4 17639/6/4
f 17639/6/4 17625/6/4 17640/6/4
f 17628/6/4 17629/6/4 17642/6/4
f 17627/6/4 17628/6/4 17642/6/4
f 17642/6/4 17629/6/4 17643/6/4
f 17643/6/4 17629/6/4 17644/6/4
f 17632/6/4 17633/6/4 17646/6/4
f 17631/6/4 17632/6/4 17646/6/4
f 17646/6/4 17633/6/4 17647/6/4
f 17647/6/4 17633/6/4 17648/6/4
f 17636/6/4 17637/6/4 17650/6/4
f 17635/6/4 17636/6/4 17650/6/4
f 17650/6/4 17637/6/4 17651/6/4
f 17651/6/4 17637/6/4 17652/6/4
f 17640/6/4 17641/6/4 17654/6/4
f 17639/6/4 17640/6/4 17654/6/4
f 17654/6/4 17641/6/4 17655/6/4
f 17655/6/4 17641/6/4 17656/6/4
f 17644/6/4 17645/6/4 17658/6/4
f 17643/6/4 17644/6/4 17658/6/4
f 17658/6/4 17645/6/4 17659/6/4
f 17659/6/4 17645/6/4 17660/6/4
f 17648/6/4 17649/6/4 17662/6/4
f 17647/6/4 17648/6/4 17662/6/4
f 17662/6/4 17649/6/4 17663/6/4
f 17663/6/4 17649/6/4 17664/6/4
f 17651/6/4 17652/6/4 17666/6/4
f 17652/6/4 17653/6/4 17666/6/4
f 17666/6/4 17653/6/4 17667/6/4
f 17667/6/4 17653/6/4 17668/6/4
f 17656/6/4 17657/6/4 17670/6/4
f 17655/6/4 17656/6/4 17670/6/4
f 17670/6/4 17657/6/4 17671/6/4
f 17671/6/4 17657/6/4 17672/6/4
f 17660/6/4 17661/6/4 17674/6/4
f 17659/6/4 17660/6/4 17674/6/4
f 17674/6/4 17661/6/4 17675/6/4
f 17675/6/4 17661/6/4 17676/6/4
f 17664/6/4 17665/6/4 17678/6/4
f 17663/6/4 17664/6/4 17678/6/4
f 17678/6/4 17665/6/4 17679/6/4
f 17679/6/4 17665/6/4 17680/6/4
f 17667/6/4 17668/6/4 17682/6/4
f 17668/6/4 17669/6/4 17682/6/4
f 17682/6/4 17669/6/4 17683/6/4
f 17683/6/4 17669/6/4 17684/6/4
f 17672/6/4 17673/6/4 17686/6/4
f 17671/6/4 17672/6/4 17686/6/4
f 17686/6/4 17673/6/4 17687/6/4
f 17687/6/4 17673/6/4 17688/6/4
f 17676/6/4 17677/6/4 17690/6/4
f 17675/6/4 17676/6/4 17690/6/4
f 17690/6/4 17677/6/4 17691/6/4
f 17691/6/4 17677/6/4 17692/6/4
f 17680/6/4 17681/6/4 17694/6/4
f 17679/6/4 17680/6/4 17694/6/4
f 17694/6/4 17681/6/4 17695/6/4
f 17695/6/4 17681/6/4 17696/6/4
f 17683/6/4 17684/6/4 17698/6/4
f 17684/6/4 17685/6/4 17698/6/4
f 17698/6/4 17685/6/4 17699/6/4
f 17699/6/4 17685/6/4 17700/6/4
f 17688/6/4 17689/6/4 17702/6/4
f 17687/6/4 17688/6/4 17702/6/4
f 17702/6/4 17689/6/4 17703/6/4
f 17692/6/4 17693/6/4 17704/6/4
f 17691/6/4 17692/6/4 17704/6/4
f 17704/6/4 17693/6/4 17705/6/4
f 17705/6/4 17693/6/4 17706/6/4
f 17696/6/4 17697/6/4 17707/6/4
f 17695/6/4 17696/6/4 17707/6/4
f 17707/6/4 17697/6/4 17708/6/4
f 17699/6/4 17700/6/4 17709/6/4
f 17700/6/4 17701/6/4 17709/6/4
f 17709/6/4 17701/6/4 17710/6/4
f 17702/7/4 17703/7/4 17712/7/4
f 17712/7/4 17703/7/4 17713/7/4
f 17713/7/4 17703/7/4 17714/7/4
f 17704/7/4 17705/7/4 17716/7/4
f 17705/1/4 17706/1/4 17717/1/4
f 17716/7/4 17705/7/4 17717/7/4
f 17717/1/4 17706/1/4 17718/1/4
f 17707/7/4 17708/7/4 17720/7/4
f 17720/7/4 17708/7/4 17721/7/4
f 17721/7/4 17708/7/4 17722/7/4
f 17709/7/4 17710/7/4 17724/7/4
f 17724/7/4 17710/7/4 17725/7/4
f 17725/7/4 17710/7/4 17726/7/4
f 17711/7/4 17712/7/4 17728/7/4
f 17712/1/4 17713/1/4 17729/1/4
f 17728/7/4 17712/7/4 17729/7/4
f 17729/1/4 17713/1/4 17730/1/4
f 17715/7/4 17716/7/4 17732/7/4
f 17716/1/4 17717/1/4 17733/1/4
f 17732/7/4 17716/7/4 17733/7/4
f 17733/1/4 17717/1/4 17734/1/4
f 17719/7/4 17720/7/4 17736/7/4
f 17720/1/4 17721/1/4 17737/1/4
f 17736/7/4 17720/7/4 17737/7/4
f 17737/1/4 17721/1/4 17738/1/4
f 17724/7/4 17725/7/4 17740/7/4
f 17723/7/4 17724/7/4 17740/7/4
f 17740/7/4 17725/7/4 17741/7/4
f 17741/7/4 17725/7/4 17742/7/4
f 17727/7/4 17728/7/4 17743/7/4
f 17728/1/4 17729/1/4 17743/1/4
f 17743/1/4 17729/1/4 17744/1/4
f 17731/7/4 17732/7/4 17745/7/4
f 17732/1/4 17733/1/4 17745/1/4
f 17745/1/4 17733/1/4 17746/1/4
f 17735/7/4 17736/7/4 17747/7/4
f 17736/1/4 17737/1/4 17748/1/4
f 17747/7/4 17736/7/4 17748/7/4
f 17748/1/4 17737/1/4 17749/1/4
f 17740/7/4 17741/7/4 17750/7/4
f 17739/7/4 17740/7/4 17750/7/4
f 17750/7/4 17741/7/4 17751/7/4
f 17727/7/4 17743/7/4 17752/7/4
f 17752/7/4 17743/7/4 17753/7/4
f 17731/7/4 17745/7/4 17754/7/4
f 17754/7/4 17745/7/4 17755/7/4
f 17747/1/4 17748/1/4 17756/1/4
f 17756/1/4 17748/1/4 17757/1/4
f 17739/7/4 17750/7/4 17758/7/4
f 17758/7/4 17750/7/4 17759/7/4
f 17760/2/4 17761/2/4 17762/2/4
f 17762/2/4 17761/2/4 17763/2/4
f 17764/4/4 17765/4/4 17766/4/4
f 17766/4/4 17765/4/4 17767/4/4
f 17768/6/4 17769/6/4 17770/6/4
f 17770/6/4 17769/6/4 17771/6/4
f 17772/7/4 17773/7/4 17774/7/4
f 17774/7/4 17773/7/4 17775/7/4
f 17776/6/4 17777/6/4 17786/6/4
f 17786/6/4 17777/6/4 17787/6/4
f 17778/6/4 17779/6/4 17790/6/4
f 17790/6/4 17779/6/4 17791/6/4
f 17780/6/4 17781/6/4 17794/6/4
f 17794/6/4 17781/6/4 17795/6/4
f 17782/6/4 17783/6/4 17798/6/4
f 17798/6/4 17783/6/4 17799/6/4
f 17784/6/4 17785/6/4 17800/6/4
f 17800/6/4 17785/6/4 17801/6/4
f 17788/6/4 17789/6/4 17804/6/4
f 17804/6/4 17789/6/4 17805/6/4
f 17792/6/4 17793/6/4 17808/6/4
f 17808/6/4 17793/6/4 17809/6/4
f 17796/6/4 17797/6/4 17812/6/4
f 17812/6/4 17797/6/4 17813/6/4
f 17802/6/4 17803/6/4 17816/6/4
f 17816/6/4 17803/6/4 17817/6/4
f 17806/6/4 17807/6/4 17818/6/4
f 17818/6/4 17807/6/4 17819/6/4
f 17810/6/4 17811/6/4 17820/6/4
f 17820/6/4 17811/6/4 17821/6/4
f 17814/6/4 17815/6/4 17822/6/4
f 17822/6/4 17815/6/4 17823/6/4
f 17824/7/4 17825/7/4 17826/7/4
f 17826/7/4 17825/7/4 17827/7/4
f 17828/5/4 17829/5/4 17830/5/4
f 17830/5/4 17829/5/4 17831/5/4
f 17832/7/4 17833/7/4 17834/7/4
f 17834/7/4 17833/7/4 17835/7/4
f 17835/4/4 17836/4/4 17837/4/4
f 17837/4/4 17836/4/4 17838/4/4
f 17839/6/4 17840/6/4 17841/6/4
f 17841/6/4 17840/6/4 17842/6/4
f 17843/6/4 17844/6/4 17851/6/4
f 17851/6/4 17844/6/4 17852/6/4
f 17845/6/4 17846/6/4 17853/6/4
f 17853/6/4 17846/6/4 17854/6/4
f 17847/6/4 17848/6/4 17855/6/4
f 17855/6/4 17848/6/4 17856/6/4
f 17849/6/4 17850/6/4 17857/6/4
f 17857/6/4 17850/6/4 17858/6/4
f 17859/6/4 17860/6/4 17867/6/4
f 17867/6/4 17860/6/4 17868/6/4
f 17861/6/4 17862/6/4 17869/6/4
f 17869/6/4 17862/6/4 17870/6/4
f 17863/6/4 17864/6/4 17871/6/4
f 17871/6/4 17864/6/4 17872/6/4
f 17865/6/4 17866/6/4 17873/6/4
f 17873/6/4 17866/6/4 17874/6/4
f 17875/6/4 17876/6/4 17883/6/4
f 17883/6/4 17876/6/4 17884/6/4
f 17877/6/4 17878/6/4 17885/6/4
f 17885/6/4 17878/6/4 17886/6/4
f 17879/6/4 17880/6/4 17887/6/4
f 17887/6/4 17880/6/4 17888/6/4
f 17881/6/4 17882/6/4 17889/6/4
f 17889/6/4 17882/6/4 17890/6/4
f 17891/7/4 17892/7/4 17893/7/4
f 17893/7/4 17892/7/4 17894/7/4
f 17895/6/4 17896/6/4 17897/6/4
f 17897/6/4 17896/6/4 17898/6/4
f 17899/2/4 17900/2/4 17901/2/4
f 17901/2/4 17900/2/4 17902/2/4
f 17903/6/4 17904/6/4 17905/6/4
f 17905/6/4 17904/6/4 17906/6/4
f 17907/6/4 17908/6/4 17915/6/4
f 17915/6/4 17908/6/4 17916/6/4
f 17909/6/4 17910/6/4 17917/6/4
f 17917/6/4 17910/6/4 17918/6/4
f 17911/6/4 17912/6/4 17919/6/4
f 17919/6/4 17912/6/4 17920/6/4
f 17913/6/4 17914/6/4 17921/6/4
f 17921/6/4 17914/6/4 17922/6/4
f 17923/6/4 17924/6/4 17931/6/4
f 17931/6/4 17924/6/4 17932/6/4
f 17925/6/4 17926/6/4 17933/6/4
f 17933/6/4 17926/6/4 17934/6/4
f 17927/6/4 17928/6/4 17935/6/4
f 17935/6/4 17928/6/4 17936/6/4
f 17929/6/4 17930/6/4 17937/6/4
f 17937/6/4 17930/6/4 17938/6/4
f 17939/6/4 17940/6/4 17947/6/4
f 17947/6/4 17940/6/4 17948/6/4
f 17941/6/4 17942/6/4 17949/6/4
f 17949/6/4 17942/6/4 17950/6/4
f 17943/6/4 17944/6/4 17951/6/4
f 17951/6/4 17944/6/4 17952/6/4
f 17945/6/4 17946/6/4 17953/6/4
f 17953/6/4 17946/6/4 17954/6/4
f 17955/2/4 17956/2/4 17957/2/4
f 17957/2/4 17956/2/4 17958/2/4
f 17959/6/4 17960/6/4 17961/6/4
f 17961/6/4 17960/6/4 17962/6/4
f 17963/2/4 17964/2/4 17965/2/4
f 17965/2/4 17964/2/4 17966/2/4
f 17967/6/4 17968/6/4 17969/6/4
f 17969/6/4 17968/6/4 17970/6/4
f 17971/6/4 17972/6/4 17979/6/4
f 17979/6/4 17972/6/4 17980/6/4
f 17973/6/4 17974/6/4 17981/6/4
f 17981/6/4 17974/6/4 17982/6/4
f 17975/6/4 17976/6/4 17983/6/4
f 17983/6/4 17976/6/4 17984/6/4
f 17977/6/4 17978/6/4 17985/6/4
f 17985/6/4 17978/6/4 17986/6/4
f 17987/6/4 17988/6/4 17989/6/4
f 17989/6/4 17988/6/4 17990/6/4
f 17991/2/4 17992/2/4 17993/2/4
f 17993/2/4 17992/2/4 17994/2/4
f 17995/6/4 17996/6/4 17997/6/4
f 17997/6/4 17996/6/4 17998/6/4
f 17999/2/4 18000/2/4 18001/2/4
f 18001/2/4 18000/2/4 18002/2/4
f 18003/2/4 18004/2/4 18005/2/4
f 18005/2/4 18004/2/4 18006/2/4
f 18007/6/4 18008/6/4 18009/6/4
f 18009/6/4 18008/6/4 18010/6/4
f 18011/6/4 18012/6/4 18019/6/4
f 18019/6/4 18012/6/4 18020/6/4
f 18013/6/4 18014/6/4 18021/6/4
f 18021/6/4 18014/6/4 18022/6/4
f 18015/6/4 18016/6/4 18023/6/4
f 18023/6/4 18016/6/4 18024/6/4
f 18017/6/4 18018/6/4 18025/6/4
f 18025/6/4 18018/6/4 18026/6/4
f 18027/6/4 18028/6/4 18029/6/4
f 18029/6/4 18028/6/4 18030/6/4
f 18031/2/4 18032/2/4 18033/2/4
f 18033/2/4 18032/2/4 18034/2/4
f 18035/2/4 18036/2/4 18037/2/4
f 18037/2/4 18036/2/4 18038/2/4
f 18039/7/4 18040/7/4 18041/7/4
f 18041/7/4 18040/7/4 18042/7/4
f 18043/6/4 18044/6/4 18051/6/4
f 18051/6/4 18044/6/4 18052/6/4
f 18045/6/4 18046/6/4 18053/6/4
f 18053/6/4 18046/6/4 18054/6/4
f 18047/6/4 18048/6/4 18055/6/4
f 18055/6/4 18048/6/4 18056/6/4
f 18049/6/4 18050/6/4 18057/6/4
f 18057/6/4 18050/6/4 18058/6/4
f 18059/6/4 18060/6/4 18063/6/4
f 18063/6/4 18060/6/4 18064/6/4
f 18061/2/4 18062/2/4 18065/2/4
f 18065/2/4 18062/2/4 18066/2/4
f 18067/6/4 18068/6/4 18071/6/4
f 18068/7/4 18069/7/4 18072/7/4
f 18071/6/4 18068/6/4 18072/6/4
f 18072/7/4 18069/7/4 18073/7/4
f 18070/6/4 18071/6/4 18075/6/4
f 18071/6/4 18072/6/4 18075/6/4
f 18075/6/4 18072/6/4 18076/6/4
f 18076/6/4 18072/6/4 18077/6/4
f 18074/6/4 18075/6/4 18079/6/4
f 18075/6/4 18076/6/4 18079/6/4
f 18079/6/4 18076/6/4 18080/6/4
f 18080/6/4 18076/6/4 18081/6/4
f 18078/6/4 18079/6/4 18083/6/4
f 18079/6/4 18080/6/4 18083/6/4
f 18083/6/4 18080/6/4 18084/6/4
f 18082/6/4 18083/6/4 18085/6/4
f 18085/6/4 18083/6/4 18086/6/4
f 18086/6/4 18087/6/4 18088/6/4
f 18088/6/4 18087/6/4 18089/6/4
f 18089/6/4 18087/6/4 18090/6/4
f 18089/6/4 18090/6/4 18092/6/4
f 18090/6/4 18091/6/4 18092/6/4
f 18092/6/4 18091/6/4 18093/6/4
f 18093/6/4 18091/6/4 18094/6/4
f 18093/6/4 18094/6/4 18096/6/4
f 18094/6/4 18095/6/4 18096/6/4
f 18096/6/4 18095/6/4 18097/6/4
f 18097/6/4 18095/6/4 18098/6/4
f 18097/6/4 18098/6/4 18101/6/4
f 18098/7/4 18099/7/4 18102/7/4
f 18101/6/4 18098/6/4 18102/6/4
f 18102/7/4 18099/7/4 18103/7/4
f 18100/2/4 18101/2/4 18105/2/4
f 18101/7/4 18102/7/4 18106/7/4
f 18105/2/4 18101/2/4 18106/2/4
f 18106/7/4 18102/7/4 18107/7/4
f 18104/2/4 18105/2/4 18109/2/4
f 18105/2/4 18106/2/4 18109/2/4
f 18109/2/4 18106/2/4 18110/2/4
f 18110/2/4 18106/2/4 18111/2/4
f 18108/2/4 18109/2/4 18113/2/4
f 18109/2/4 18110/2/4 18113/2/4
f 18113/2/4 18110/2/4 18114/2/4
f 18112/2/4 18113/2/4 18115/2/4
f 18115/2/4 18113/2/4 18116/2/4
f 18116/2/4 18117/2/4 18118/2/4
f 18118/2/4 18117/2/4 18119/2/4
f 18119/2/4 18117/2/4 18120/2/4
f 18119/2/4 18120/2/4 18122/2/4
f 18120/2/4 18121/2/4 18122/2/4
f 18122/2/4 18121/2/4 18123/2/4
f 18123/2/4 18121/2/4 18124/2/4
f 18124/2/4 18121/2/4 18125/2/4
f 18126/4/4 18127/4/4 18130/4/4
f 18130/4/4 18127/4/4 18131/4/4
f 18128/6/4 18129/6/4 18133/6/4
f 18132/6/4 18133/6/4 18135/6/4
f 18133/6/4 18129/6/4 18136/6/4
f 18135/6/4 18133/6/4 18136/6/4
f 18136/6/4 18129/6/4 18137/6/4
f 18134/6/4 18135/6/4 18139/6/4
f 18135/6/4 18136/6/4 18139/6/4
f 18139/6/4 18136/6/4 18140/6/4
f 18140/6/4 18136/6/4 18141/6/4
f 18138/6/4 18139/6/4 18143/6/4
f 18139/6/4 18140/6/4 18143/6/4
f 18143/6/4 18140/6/4 18144/6/4
f 18142/6/4 18143/6/4 18145/6/4
f 18145/6/4 18143/6/4 18146/6/4
f 18146/6/4 18147/6/4 18148/6/4
f 18148/6/4 18147/6/4 18149/6/4
f 18149/6/4 18147/6/4 18150/6/4
f 18149/6/4 18150/6/4 18152/6/4
f 18150/6/4 18151/6/4 18152/6/4
f 18152/6/4 18151/6/4 18153/6/4
f 18153/6/4 18151/6/4 18154/6/4
f 18153/6/4 18154/6/4 18156/6/4
f 18154/6/4 18155/6/4 18156/6/4
f 18156/6/4 18155/6/4 18157/6/4
f 18157/6/4 18155/6/4 18158/6/4
f 18158/6/4 18155/6/4 18159/6/4
f 18160/2/4 18161/2/4 18162/2/4
f 18162/2/4 18161/2/4 18163/2/4
f 18166/2/4 18167/2/4 18168/2/4
f 18168/2/4 18167/2/4 18169/2/4
f 18164/6/4 18165/6/4 18170/6/4
f 18170/6/4 18165/6/4 18171/6/4
f 18172/6/4 18173/6/4 18174/6/4
f 18174/6/4 18173/6/4 18175/6/4
f 18176/2/4 18177/2/4 18178/2/4
f 18178/2/4 18177/2/4 18179/2/4
f 18180/4/4 18181/4/4 18183/4/4
f 18181/4/4 18182/4/4 18183/4/4
f 18183/4/4 18182/4/4 18184/4/4
f 18185/6/4 18186/6/4 18187/6/4
f 18187/6/4 18186/6/4 18188/6/4
f 18189/6/4 18190/6/4 18197/6/4
f 18197/6/4 18190/6/4 18198/6/4
f 18191/6/4 18192/6/4 18199/6/4
f 18199/6/4 18192/6/4 18200/6/4
f 18193/6/4 18194/6/4 18201/6/4
f 18201/6/4 18194/6/4 18202/6/4
f 18195/6/4 18196/6/4 18203/6/4
f 18203/6/4 18196/6/4 18204/6/4
f 18197/1/4 18198/1/4 18205/1/4
f 18205/1/4 18198/1/4 18206/1/4
f 18199/1/4 18200/1/4 18207/1/4
f 18207/1/4 18200/1/4 18208/1/4
f 18201/1/4 18202/1/4 18209/1/4
f 18209/1/4 18202/1/4 18210/1/4
f 18203/7/4 18204/7/4 18211/7/4
f 18211/7/4 18204/7/4 18212/7/4
f 18213/6/4 18214/6/4 18215/6/4
f 18215/6/4 18214/6/4 18216/6/4
f 18217/6/4 18218/6/4 18219/6/4
f 18219/6/4 18218/6/4 18220/6/4
f 18221/6/4 18222/6/4 18223/6/4
f 18223/6/4 18222/6/4 18224/6/4
f 18225/6/4 18226/6/4 18227/6/4
f 18227/6/4 18226/6/4 18228/6/4
f 18229/6/4 18230/6/4 18231/6/4
f 18231/6/4 18230/6/4 18232/6/4
f 18233/2/4 18234/2/4 18235/2/4
f 18235/2/4 18234/2/4 18236/2/4
f 18237/4/4 18238/4/4 18239/4/4
f 18239/4/4 18238/4/4 18240/4/4
f 18241/6/4 18242/6/4 18243/6/4
f 18243/6/4 18242/6/4 18244/6/4
f 18245/7/4 18246/7/4 18253/7/4
f 18253/7/4 18246/7/4 18254/7/4
f 18247/7/4 18248/7/4 18255/7/4
f 18255/7/4 18248/7/4 18256/7/4
f 18249/1/4 18250/1/4 18257/1/4
f 18251/1/4 18252/1/4 18258/1/4
f 18258/1/4 18252/1/4 18259/1/4
f 18253/1/4 18254/1/4 18260/1/4
f 18260/1/4 18254/1/4 18261/1/4
f 18255/1/4 18256/1/4 18262/1/4
f 18262/1/4 18256/1/4 18263/1/4
f 18257/1/4 18250/1/4 18264/1/4
f 18264/1/4 18250/1/4 18265/1/4
f 18258/7/4 18259/7/4 18266/7/4
f 18266/7/4 18259/7/4 18267/7/4
f 18268/2/4 18269/2/4 18270/2/4
f 18270/2/4 18269/2/4 18271/2/4
f 18272/6/4 18273/6/4 18274/6/4
f 18274/6/4 18273/6/4 18275/6/4
f 18276/6/4 18277/6/4 18278/6/4
f 18278/6/4 18277/6/4 18279/6/4
f 18280/6/4 18281/6/4 18282/6/4
f 18282/6/4 18281/6/4 18283/6/4
f 18284/6/4 18285/6/4 18286/6/4
f 18286/6/4 18285/6/4 18287/6/4
f 18288/6/4 18289/6/4 18290/6/4
f 18290/6/4 18289/6/4 18291/6/4
f 18292/2/4 18293/2/4 18294/2/4
f 18294/2/4 18293/2/4 18295/2/4
f 18296/2/4 18297/2/4 18298/2/4
f 18298/2/4 18297/2/4 18299/2/4
f 18300/4/4 18301/4/4 18302/4/4
f 18302/4/4 18301/4/4 18303/4/4
f 18304/4/4 18305/4/4 18306/4/4
f 18306/4/4 18305/4/4 18307/4/4
f 18308/6/4 18309/6/4 18310/6/4
f 18310/6/4 18309/6/4 18311/6/4
f 18312/1/4 18313/1/4 18320/1/4
f 18314/1/4 18315/1/4 18321/1/4
f 18316/1/4 18317/1/4 18322/1/4
f 18322/1/4 18317/1/4 18323/1/4
f 18320/1/4 18313/1/4 18324/1/4
f 18324/1/4 18313/1/4 18325/1/4
f 18321/1/4 18315/1/4 18326/1/4
f 18326/1/4 18315/1/4 18327/1/4
f 18322/7/4 18323/7/4 18328/7/4
f 18328/7/4 18323/7/4 18329/7/4
f 18318/1/4 18319/1/4 18330/1/4
f 18330/1/4 18319/1/4 18331/1/4
f 18332/2/4 18333/2/4 18334/2/4
f 18334/2/4 18333/2/4 18335/2/4
f 18336/6/4 18337/6/4 18338/6/4
f 18338/6/4 18337/6/4 18339/6/4
f 18340/6/4 18341/6/4 18342/6/4
f 18342/6/4 18341/6/4 18343/6/4
f 18344/6/4 18345/6/4 18346/6/4
f 18346/6/4 18345/6/4 18347/6/4
f 18348/7/4 18349/7/4 18350/7/4
f 18350/7/4 18349/7/4 18351/7/4
f 18352/2/4 18353/2/4 18354/2/4
f 18354/2/4 18353/2/4 18355/2/4
f 18356/4/4 18357/4/4 18358/4/4
f 18358/4/4 18357/4/4 18359/4/4
f 18359/4/4 18357/4/4 18360/4/4
f 18361/4/4 18362/4/4 18364/4/4
f 18362/4/4 18363/4/4 18364/4/4
f 18364/4/4 18363/4/4 18365/4/4
f 18366/6/4 18367/6/4 18368/6/4
f 18368/6/4 18367/6/4 18369/6/4
f 18370/7/4 18371/7/4 18378/7/4
f 18378/7/4 18371/7/4 18379/7/4
f 18372/1/4 18373/1/4 18380/1/4
f 18380/1/4 18373/1/4 18381/1/4
f 18378/1/4 18379/1/4 18382/1/4
f 18382/1/4 18379/1/4 18383/1/4
f 18380/7/4 18381/7/4 18384/7/4
f 18384/7/4 18381/7/4 18385/7/4
f 18374/1/4 18375/1/4 18386/1/4
f 18386/1/4 18375/1/4 18387/1/4
f 18376/7/4 18377/7/4 18388/7/4
f 18388/7/4 18377/7/4 18389/7/4
f 18390/7/4 18391/7/4 18392/7/4
f 18392/7/4 18391/7/4 18393/7/4
f 18394/2/4 18395/2/4 18396/2/4
f 18396/2/4 18395/2/4 18397/2/4
f 18398/4/4 18399/4/4 18401/4/4
f 18400/4/4 18401/4/4 18403/4/4
f 18401/4/4 18399/4/4 18404/4/4
f 18403/4/4 18401/4/4 18404/4/4
f 18404/4/4 18399/4/4 18405/4/4
f 18402/4/4 18403/4/4 18407/4/4
f 18403/4/4 18404/4/4 18407/4/4
f 18407/4/4 18404/4/4 18408/4/4
f 18408/4/4 18404/4/4 18409/4/4
f 18406/4/4 18407/4/4 18410/4/4
f 18407/4/4 18408/4/4 18410/4/4
f 18410/4/4 18408/4/4 18411/4/4
f 18412/4/4 18413/4/4 18417/4/4
f 18417/4/4 18413/4/4 18418/4/4
f 18414/4/4 18415/4/4 18419/4/4
f 18415/4/4 18416/4/4 18419/4/4
f 18419/4/4 18416/4/4 18420/4/4
f 18420/4/4 18416/4/4 18421/4/4
f 18420/4/4 18421/4/4 18423/4/4
f 18421/4/4 18422/4/4 18423/4/4
f 18423/4/4 18422/4/4 18424/4/4
f 18424/4/4 18422/4/4 18425/4/4
f 18418/4/4 18419/4/4 18428/4/4
f 18424/4/4 18425/4/4 18429/4/4
f 18425/4/4 18426/4/4 18429/4/4
f 18429/4/4 18426/4/4 18430/4/4
f 18430/4/4 18426/4/4 18431/4/4
f 18427/4/4 18428/4/4 18433/4/4
f 18428/4/4 18419/4/4 18433/4/4
f 18433/4/4 18419/4/4 18434/4/4
f 18431/4/4 18432/4/4 18435/4/4
f 18430/4/4 18431/4/4 18435/4/4
f 18435/4/4 18432/4/4 18436/4/4
f 18427/4/4 18433/4/4 18437/4/4
f 18437/4/4 18433/4/4 18438/4/4
f 18439/7/4 18440/7/4 18441/7/4
f 18439/7/4 18441/7/4 18443/7/4
f 18441/7/4 18442/7/4 18443/7/4
f 18443/7/4 18442/7/4 18444/7/4
f 18444/7/4 18442/7/4 18445/7/4
f 18445/7/4 18446/7/4 18447/7/4
f 18444/7/4 18445/7/4 18447/7/4
f 18447/7/4 18446/7/4 18448/7/4
f 18448/7/4 18446/7/4 18449/7/4
f 18449/6/4 18450/6/4 18452/6/4
f 18448/6/4 18449/6/4 18452/6/4
f 18452/6/4 18450/6/4 18453/6/4
f 18453/6/4 18450/6/4 18454/6/4
f 18451/6/4 18452/6/4 18456/6/4
f 18452/6/4 18453/6/4 18456/6/4
f 18456/6/4 18453/6/4 18457/6/4
f 18457/6/4 18453/6/4 18458/6/4
f 18455/6/4 18456/6/4 18460/6/4
f 18456/6/4 18457/6/4 18460/6/4
f 18460/6/4 18457/6/4 18461/6/4
f 18461/6/4 18457/6/4 18462/6/4
f 18459/6/4 18460/6/4 18464/6/4
f 18460/6/4 18461/6/4 18464/6/4
f 18464/6/4 18461/6/4 18465/6/4
f 18465/6/4 18461/6/4 18466/6/4
f 18463/6/4 18464/6/4 18468/6/4
f 18464/6/4 18465/6/4 18468/6/4
f 18468/6/4 18465/6/4 18469/6/4
f 18469/6/4 18465/6/4 18470/6/4
f 18467/6/4 18468/6/4 18472/6/4
f 18468/6/4 18469/6/4 18472/6/4
f 18472/6/4 18469/6/4 18473/6/4
f 18473/6/4 18469/6/4 18474/6/4
f 18471/6/4 18472/6/4 18476/6/4
f 18472/6/4 18473/6/4 18476/6/4
f 18476/6/4 18473/6/4 18477/6/4
f 18475/6/4 18476/6/4 18479/6/4
f 18479/6/4 18476/6/4 18480/6/4
f 18477/6/4 18478/6/4 18481/6/4
f 18481/6/4 18478/6/4 18482/6/4
f 18480/6/4 18481/6/4 18483/6/4
f 18483/6/4 18481/6/4 18484/6/4
f 18484/6/4 18481/6/4 18485/6/4
f 18485/6/4 18486/6/4 18487/6/4
f 18484/6/4 18485/6/4 18487/6/4
f 18487/6/4 18486/6/4 18488/6/4
f 18488/6/4 18486/6/4 18489/6/4
f 18488/6/4 18489/6/4 18491/6/4
f 18489/6/4 18490/6/4 18491/6/4
f 18491/6/4 18490/6/4 18492/6/4
f 18492/6/4 18490/6/4 18493/6/4
f 18492/6/4 18493/6/4 18495/6/4
f 18493/6/4 18494/6/4 18495/6/4
f 18495/6/4 18494/6/4 18496/6/4
f 18496/6/4 18494/6/4 18497/6/4
f 18496/6/4 18497/6/4 18499/6/4
f 18497/6/4 18498/6/4 18499/6/4
f 18499/6/4 18498/6/4 18500/6/4
f 18500/6/4 18498/6/4 18501/6/4
f 18500/6/4 18501/6/4 18503/6/4
f 18501/6/4 18502/6/4 18503/6/4
f 18503/6/4 18502/6/4 18504/6/4
f 18504/6/4 18502/6/4 18505/6/4
f 18504/6/4 18505/6/4 18507/6/4
f 18505/6/4 18506/6/4 18507/6/4
f 18507/6/4 18506/6/4 18508/6/4
f 18507/7/4 18508/7/4 18510/7/4
f 18510/7/4 18508/7/4 18511/7/4
f 18511/7/4 18508/7/4 18512/7/4
f 18509/7/4 18510/7/4 18514/7/4
f 18510/7/4 18511/7/4 18514/7/4
f 18514/7/4 18511/7/4 18515/7/4
f 18515/7/4 18511/7/4 18516/7/4
f 18513/7/4 18514/7/4 18517/7/4
f 18514/7/4 18515/7/4 18517/7/4
f 18517/7/4 18515/7/4 18518/7/4
f 18513/7/4 18517/7/4 18519/7/4
f 18519/7/4 18517/7/4 18520/7/4
f 18521/4/4 18522/4/4 18523/4/4
f 18521/4/4 18523/4/4 18524/4/4
f 18524/4/4 18523/4/4 18525/4/4
f 18526/6/4 18527/6/4 18530/6/4
f 18530/6/4 18527/6/4 18531/6/4
f 18528/6/4 18529/6/4 18532/6/4
f 18532/6/4 18529/6/4 18533/6/4
f 18534/6/4 18535/6/4 18536/6/4
f 18536/6/4 18535/6/4 18537/6/4
f 18543/4/4 18544/4/4 18545/4/4
f 18545/4/4 18544/4/4 18546/4/4
f 18547/6/4 18548/6/4 18549/6/4
f 18549/6/4 18548/6/4 18550/6/4
f 18551/6/4 18552/6/4 18553/6/4
f 18553/6/4 18552/6/4 18554/6/4
f 18555/6/4 18556/6/4 18557/6/4
f 18557/6/4 18556/6/4 18558/6/4
f 18538/9/4 18539/9/4 18559/9/4
f 18559/9/4 18539/9/4 18560/9/4
f 18540/8/4 18541/8/4 18561/8/4
f 18541/9/4 18542/9/4 18562/9/4
f 18561/8/4 18541/8/4 18562/8/4
f 18562/9/4 18542/9/4 18563/9/4
f 18568/4/4 18569/4/4 18570/4/4
f 18570/4/4 18569/4/4 18571/4/4
f 18572/6/4 18573/6/4 18574/6/4
f 18574/6/4 18573/6/4 18575/6/4
f 18576/6/4 18577/6/4 18578/6/4
f 18578/6/4 18577/6/4 18579/6/4
f 18580/6/4 18581/6/4 18582/6/4
f 18582/6/4 18581/6/4 18583/6/4
f 18564/9/4 18565/9/4 18584/9/4
f 18584/9/4 18565/9/4 18585/9/4
f 18566/9/4 18567/9/4 18586/9/4
f 18586/9/4 18567/9/4 18587/9/4
f 18590/4/4 18591/4/4 18592/4/4
f 18592/4/4 18591/4/4 18593/4/4
f 18594/6/4 18595/6/4 18596/6/4
f 18596/6/4 18595/6/4 18597/6/4
f 18588/9/4 18589/9/4 18598/9/4
f 18598/9/4 18589/9/4 18599/9/4
f 18600/4/4 18601/4/4 18602/4/4
f 18602/4/4 18601/4/4 18603/4/4
f 18604/6/4 18605/6/4 18606/6/4
f 18606/6/4 18605/6/4 18607/6/4
f 18608/6/4 18609/6/4 18610/6/4
f 18610/6/4 18609/6/4 18611/6/4
f 18612/6/4 18613/6/4 18614/6/4
f 18614/6/4 18613/6/4 18615/6/4
f 18614/7/4 18615/7/4 18616/7/4
f 18616/7/4 18615/7/4 18617/7/4
f 18618/7/4 18619/7/4 18620/7/4
f 18620/7/4 18619/7/4 18621/7/4
f 18622/7/4 18623/7/4 18624/7/4
f 18624/7/4 18623/7/4 18625/7/4
f 18626/7/4 18627/7/4 18628/7/4
f 18628/7/4 18627/7/4 18629/7/4
f 18632/9/5 18631/9/5 18630/9/5
f 18633/9/5 18631/9/5 18632/9/5
f 18636/9/5 18632/9/5 18630/9/5
f 18638/9/5 18637/9/5 18636/9/5
f 18640/9/5 18639/9/5 18638/9/5
f 18642/9/5 18641/9/5 18640/9/5
f 18645/9/5 18635/9/5 18634/9/5
f 18646/9/5 18643/9/5 18642/9/5
f 18647/9/5 18645/9/5 18644/9/5
f 18648/9/5 18635/9/5 18645/9/5
f 18648/9/5 18647/9/5 18646/9/5
f 18648/9/5 18645/9/5 18647/9/5
f 18650/9/5 18649/9/5 18648/9/5
f 18652/9/5 18651/9/5 18650/9/5
f 18654/9/5 18653/9/5 18652/9/5
f 18656/9/5 18655/9/5 18654/9/5
f 18658/9/5 18657/9/5 18656/9/5
f 18660/9/5 18659/9/5 18658/9/5
f 18662/9/5 18661/9/5 18660/9/5
f 18664/9/5 18663/9/5 18662/9/5
f 18666/9/5 18665/9/5 18664/9/5
f 18668/9/5 18667/9/5 18666/9/5
f 18670/9/5 18669/9/5 18668/9/5
f 18672/9/5 18671/9/5 18670/9/5
f 18674/9/5 18673/9/5 18672/9/5
f 18676/9/5 18675/9/5 18674/9/5
f 18678/9/5 18677/9/5 18676/9/5
f 18680/9/5 18679/9/5 18678/9/5
f 18682/9/5 18681/9/5 18680/9/5
f 18684/9/5 18683/9/5 18682/9/5
f 18686/9/5 18685/9/5 18684/9/5
f 18688/9/5 18687/9/5 18686/9/5
f 18690/9/5 18689/9/5 18688/9/5
f 18692/9/5 18691/9/5 18690/9/5
f 18694/9/5 18693/9/5 18692/9/5
f 18696/9/5 18695/9/5 18694/9/5
f 18698/9/5 18697/9/5 18696/9/5
f 18700/9/5 18699/9/5 18698/9/5
f 18702/9/5 18701/9/5 18700/9/5
f 18704/9/5 18703/9/5 18702/9/5
f 18706/9/5 18705/9/5 18704/9/5
f 18708/9/5 18707/9/5 18706/9/5
f 18710/9/5 18709/9/5 18708/9/5
f 18712/9/5 18711/9/5 18710/9/5
f 18714/9/5 18713/9/5 18712/9/5
f 18716/9/5 18715/9/5 18714/9/5
f 18718/9/5 18717/9/5 18716/9/5
f 18720/9/5 18719/9/5 18718/9/5
f 18722/9/5 18721/9/5 18720/9/5
f 18724/9/5 18723/9/5 18722/9/5
f 18726/9/5 18725/9/5 18724/9/5
f 18728/9/5 18727/9/5 18726/9/5
f 18730/9/5 18729/9/5 18728/9/5
f 18732/9/5 18731/9/5 18730/9/5
f 18734/9/5 18733/9/5 18732/9/5
f 18736/9/5 18735/9/5 18734/9/5
f 18737/9/5 18631/9/5 18633/9/5
f 18738/9/5 18646/9/5 18642/9/5
f 18738/9/5 18737/9/5 18736/9/5
f 18738/9/5 18736/9/5 18734/9/5
f 18738/9/5 18636/9/5 18630/9/5
f 18738/9/5 18734/9/5 18732/9/5
f 18738/9/5 18732/9/5 18730/9/5
f 18738/9/5 18730/9/5 18728/9/5
f 18738/9/5 18728/9/5 18726/9/5
f 18738/9/5 18726/9/5 18724/9/5
f 18738/9/5 18724/9/5 18722/9/5
f 18738/9/5 18722/9/5 18720/9/5
f 18738/9/5 18720/9/5 18718/9/5
f 18738/9/5 18718/9/5 18716/9/5
f 18738/9/5 18716/9/5 18714/9/5
f 18738/9/5 18714/9/5 18712/9/5
f 18738/9/5 18712/9/5 18710/9/5
f 18738/9/5 18710/9/5 18708/9/5
f 18738/9/5 18708/9/5 18706/9/5
f 18738/9/5 18706/9/5 18704/9/5
f 18738/9/5 18704/9/5 18702/9/5
f 18738/9/5 18702/9/5 18700/9/5
f 18738/9/5 18700/9/5 18698/9/5
f 18738/9/5 18698/9/5 18696/9/5
f 18738/9/5 18696/9/5 18694/9/5
f 18738/9/5 18694/9/5 18692/9/5
f 18738/9/5 18692/9/5 18690/9/5
f 18738/9/5 18690/9/5 18688/9/5
f 18738/9/5 18688/9/5 18686/9/5
f 18738/9/5 18686/9/5 18684/9/5
f 18738/9/5 18684/9/5 18682/9/5
f 18738/9/5 18682/9/5 18680/9/5
f 18738/9/5 18680/9/5 18678/9/5
f 18738/9/5 18678/9/5 18676/9/5
f 18738/9/5 18676/9/5 18674/9/5
f 18738/9/5 18674/9/5 18672/9/5
f 18738/9/5 18672/9/5 18670/9/5
f 18738/9/5 18670/9/5 18668/9/5
f 18738/9/5 18668/9/5 18666/9/5
f 18738/9/5 18666/9/5 18664/9/5
f 18738/9/5 18664/9/5 18662/9/5
f 18738/9/5 18662/9/5 18660/9/5
f 18738/9/5 18660/9/5 18658/9/5
f 18738/9/5 18658/9/5 18656/9/5
f 18738/9/5 18656/9/5 18654/9/5
f 18738/9/5 18654/9/5 18652/9/5
f 18738/9/5 18652/9/5 18650/9/5
f 18738/9/5 18650/9/5 18648/9/5
f 18738/9/5 18648/9/5 18646/9/5
f 18738/9/5 18638/9/5 18636/9/5
f 18738/9/5 18640/9/5 18638/9/5
f 18738/9/5 18642/9/5 18640/9/5
f 18739/9/5 18631/9/5 18737/9/5
f 18739/9/5 18737/9/5 18738/9/5
f 18742/9/5 18741/9/5 18740/9/5
f 18743/9/5 18741/9/5 18742/9/5
f 18746/9/5 18745/9/5 18744/9/5
f 18747/9/5 18745/9/5 18746/9/5
f 18750/9/5 18749/9/5 18748/9/5
f 18751/9/5 18749/9/5 18750/9/5
f 18754/9/5 18753/9/5 18752/9/5
f 18755/9/5 18753/9/5 18754/9/5
f 18758/9/5 18757/9/5 18756/9/5
f 18759/9/5 18757/9/5 18758/9/5
f 18762/9/5 18761/9/5 18760/9/5
f 18763/9/5 18761/9/5 18762/9/5
f 18766/9/5 18765/9/5 18764/9/5
f 18768/9/5 18766/9/5 18764/9/5
f 18768/9/5 18767/9/5 18766/9/5
f 18769/9/5 18767/9/5 18768/9/5
f 18770/9/5 18767/9/5 18769/9/5
f 18772/9/5 18771/9/5 18770/9/5
f 18772/9/5 18770/9/5 18769/9/5
f 18773/9/5 18771/9/5 18772/9/5
f 18774/9/5 18771/9/5 18773/9/5
f 18776/9/5 18775/9/5 18774/9/5
f 18776/9/5 18774/9/5 18773/9/5
f 18777/9/5 18775/9/5 18776/9/5
f 18778/9/5 18775/9/5 18777/9/5
f 18780/9/5 18779/9/5 18778/9/5
f 18780/9/5 18778/9/5 18777/9/5
f 18781/9/5 18779/9/5 18780/9/5
f 18782/9/5 18779/9/5 18781/9/5
f 18783/9/5 18779/9/5 18782/9/5
f 18786/9/5 18785/9/5 18784/9/5
f 18787/9/5 18785/9/5 18786/9/5
f 18790/9/5 18789/9/5 18788/9/5
f 18791/9/5 18789/9/5 18790/9/5
f 18792/9/5 18789/9/5 18791/9/5
f 18794/9/5 18793/9/5 18792/9/5
f 18794/9/5 18792/9/5 18791/9/5
f 18795/9/5 18793/9/5 18794/9/5
f 18796/9/5 18793/9/5 18795/9/5
f 18798/9/5 18797/9/5 18796/9/5
f 18798/9/5 18796/9/5 18795/9/5
f 18799/9/5 18797/9/5 18798/9/5
f 18800/9/5 18797/9/5 18799/9/5
f 18802/9/5 18801/9/5 18800/9/5
f 18802/9/5 18800/9/5 18799/9/5
f 18803/9/5 18801/9/5 18802/9/5
f 18804/9/5 18801/9/5 18803/9/5
f 18806/9/5 18805/9/5 18804/9/5
f 18806/9/5 18804/9/5 18803/9/5
f 18807/9/5 18805/9/5 18806/9/5
f 18808/9/5 18805/9/5 18807/9/5
f 18810/9/5 18809/9/5 18808/9/5
f 18810/9/5 18808/9/5 18807/9/5
f 18811/9/5 18809/9/5 18810/9/5
f 18812/9/5 18809/9/5 18811/9/5
f 18814/9/5 18813/9/5 18812/9/5
f 18814/9/5 18812/9/5 18811/9/5
f 18815/9/5 18813/9/5 18814/9/5
f 18816/9/5 18813/9/5 18815/9/5
f 18818/9/5 18817/9/5 18816/9/5
f 18818/9/5 18816/9/5 18815/9/5
f 18819/9/5 18817/9/5 18818/9/5
f 18820/9/5 18817/9/5 18819/9/5
f 18822/9/5 18821/9/5 18820/9/5
f 18822/9/5 18820/9/5 18819/9/5
f 18823/9/5 18821/9/5 18822/9/5
f 18824/9/5 18821/9/5 18823/9/5
f 18826/9/5 18825/9/5 18824/9/5
f 18826/9/5 18824/9/5 18823/9/5
f 18827/9/5 18825/9/5 18826/9/5
f 18828/9/5 18825/9/5 18827/9/5
f 18830/9/5 18829/9/5 18828/9/5
f 18830/9/5 18828/9/5 18827/9/5
f 18831/9/5 18829/9/5 18830/9/5
f 18832/9/5 18829/9/5 18831/9/5
f 18834/9/5 18833/9/5 18832/9/5
f 18834/9/5 18832/9/5 18831/9/5
f 18835/9/5 18833/9/5 18834/9/5
f 18836/9/5 18833/9/5 18835/9/5
f 18838/9/5 18837/9/5 18836/9/5
f 18838/9/5 18836/9/5 18835/9/5
f 18839/9/5 18837/9/5 18838/9/5
f 18840/9/5 18837/9/5 18839/9/5
f 18842/9/5 18841/9/5 18840/9/5
f 18842/9/5 18840/9/5 18839/9/5
f 18843/9/5 18841/9/5 18842/9/5
f 18844/9/5 18841/9/5 18843/9/5
f 18846/9/5 18845/9/5 18844/9/5
f 18846/9/5 18844/9/5 18843/9/5
f 18847/9/5 18845/9/5 18846/9/5
f 18848/9/5 18845/9/5 18847/9/5
f 18850/9/5 18849/9/5 18848/9/5
f 18850/9/5 18848/9/5 18847/9/5
f 18851/9/5 18849/9/5 18850/9/5
f 18852/9/5 18849/9/5 18851/9/5
f 18854/9/5 18853/9/5 18852/9/5
f 18854/9/5 18852/9/5 18851/9/5
f 18855/9/5 18853/9/5 18854/9/5
f 18856/9/5 18853/9/5 18855/9/5
f 18858/9/5 18857/9/5 18856/9/5
f 18858/9/5 18856/9/5 18855/9/5
f 18859/9/5 18857/9/5 18858/9/5
f 18860/9/5 18857/9/5 18859/9/5
f 18862/9/5 18861/9/5 18860/9/5
f 18862/9/5 18860/9/5 18859/9/5
f 18863/9/5 18861/9/5 18862/9/5
f 18864/9/5 18861/9/5 18863/9/5
f 18866/9/5 18865/9/5 18864/9/5
f 18866/9/5 18864/9/5 18863/9/5
f 18867/9/5 18865/9/5 18866/9/5
f 18868/9/5 18865/9/5 18867/9/5
f 18870/9/5 18869/9/5 18868/9/5
f 18870/9/5 18868/9/5 18867/9/5
f 18871/9/5 18869/9/5 18870/9/5
f 18872/9/5 18869/9/5 18871/9/5
f 18874/9/5 18873/9/5 18872/9/5
f 18874/9/5 18872/9/5 18871/9/5
f 18875/9/5 18873/9/5 18874/9/5
f 18876/9/5 18873/9/5 18875/9/5
f 18878/9/5 18877/9/5 18876/9/5
f 18878/9/5 18876/9/5 18875/9/5
f 18879/9/5 18877/9/5 18878/9/5
f 18880/9/5 18877/9/5 18879/9/5
f 18882/9/5 18881/9/5 18880/9/5
f 18882/9/5 18880/9/5 18879/9/5
f 18883/9/5 18881/9/5 18882/9/5
f 18884/9/5 18881/9/5 18883/9/5
f 18886/9/5 18885/9/5 18884/9/5
f 18886/9/5 18884/9/5 18883/9/5
f 18887/9/5 18885/9/5 18886/9/5
f 18888/9/5 18885/9/5 18887/9/5
f 18890/9/5 18889/9/5 18888/9/5
f 18890/9/5 18888/9/5 18887/9/5
f 18891/9/5 18889/9/5 18890/9/5
f 18892/9/5 18889/9/5 18891/9/5
f 18894/9/5 18893/9/5 18892/9/5
f 18894/9/5 18892/9/5 18891/9/5
f 18895/9/5 18893/9/5 18894/9/5
f 18896/9/5 18893/9/5 18895/9/5
f 18898/9/5 18897/9/5 18896/9/5
f 18898/9/5 18896/9/5 18895/9/5
f 18899/9/5 18897/9/5 18898/9/5
f 18900/9/5 18897/9/5 18899/9/5
f 18902/9/5 18901/9/5 18900/9/5
f 18902/9/5 18900/9/5 18899/9/5
f 18903/9/5 18901/9/5 18902/9/5
f 18904/9/5 18901/9/5 18903/9/5
f 18906/9/5 18905/9/5 18904/9/5
f 18906/9/5 18904/9/5 18903/9/5
f 18907/9/5 18905/9/5 18906/9/5
f 18908/9/5 18905/9/5 18907/9/5
f 18910/9/5 18909/9/5 18908/9/5
f 18910/9/5 18908/9/5 18907/9/5
f 18911/9/5 18909/9/5 18910/9/5
f 18912/9/5 18909/9/5 18911/9/5
f 18914/9/5 18913/9/5 18912/9/5
f 18914/9/5 18912/9/5 18911/9/5
f 18915/9/5 18913/9/5 18914/9/5
f 18916/9/5 18913/9/5 18915/9/5
f 18918/9/5 18917/9/5 18916/9/5
f 18918/9/5 18916/9/5 18915/9/5
f 18919/9/5 18917/9/5 18918/9/5
f 18920/9/5 18917/9/5 18919/9/5
f 18922/9/5 18921/9/5 18920/9/5
f 18922/9/5 18920/9/5 18919/9/5
f 18923/9/5 18921/9/5 18922/9/5
f 18924/9/5 18921/9/5 18923/9/5
f 18925/9/5 18921/9/5 18924/9/5
f 18926/9/5 18758/9/5 18756/9/5
f 18927/9/5 18757/9/5 18759/9/5
f 18928/9/5 18926/9/5 18756/9/5
f 18928/9/5 18927/9/5 18926/9/5
f 18929/9/5 18757/9/5 18927/9/5
f 18929/9/5 18927/9/5 18928/9/5
f 18932/9/5 18931/9/5 18930/9/5
f 18933/9/5 18931/9/5 18932/9/5
f 18936/9/5 18935/9/5 18934/9/5
f 18937/9/5 18935/9/5 18936/9/5
f 18941/9/5 18939/9/5 18938/9/5
f 18942/9/5 18939/9/5 18941/9/5
f 18944/9/5 18941/9/5 18940/9/5
f 18945/9/5 18941/9/5 18944/9/5
f 18946/9/5 18943/9/5 18942/9/5
f 18947/9/5 18943/9/5 18946/9/5
f 18949/9/5 18948/9/5 18947/9/5
f 18950/9/5 18948/9/5 18949/9/5
f 18952/9/5 18951/9/5 18950/9/5
f 18953/9/5 18951/9/5 18952/9/5
f 18956/9/5 18955/9/5 18954/9/5
f 18957/9/5 18955/9/5 18956/9/5
f 18959/9/5 18958/9/5 18957/9/5
f 18960/9/5 18958/9/5 18959/9/5
f 18962/9/5 18961/9/5 18960/9/5
f 18963/9/5 18961/9/5 18962/9/5
f 18965/9/5 18964/9/5 18963/9/5
f 18966/9/5 18964/9/5 18965/9/5
f 18968/9/5 18967/9/5 18966/9/5
f 18969/9/5 18967/9/5 18968/9/5
f 18971/9/5 18970/9/5 18969/9/5
f 18972/9/5 18970/9/5 18971/9/5
f 18974/9/5 18973/9/5 18972/9/5
f 18975/9/5 18973/9/5 18974/9/5
f 18977/9/5 18976/9/5 18975/9/5
f 18978/9/5 18976/9/5 18977/9/5
f 18980/9/5 18979/9/5 18978/9/5
f 18981/9/5 18979/9/5 18980/9/5
f 18983/9/5 18982/9/5 18981/9/5
f 18984/9/5 18982/9/5 18983/9/5
f 18986/9/5 18985/9/5 18984/9/5
f 18987/9/5 18985/9/5 18986/9/5
f 18989/9/5 18988/9/5 18987/9/5
f 18990/9/5 18988/9/5 18989/9/5
f 18992/9/5 18991/9/5 18990/9/5
f 18993/9/5 18991/9/5 18992/9/5
f 18995/9/5 18994/9/5 18993/9/5
f 18996/9/5 18994/9/5 18995/9/5
f 18998/9/5 18997/9/5 18996/9/5
f 18999/9/5 18997/9/5 18998/9/5
f 19001/9/5 19000/9/5 18999/9/5
f 19002/9/5 19000/9/5 19001/9/5
f 19004/9/5 19003/9/5 19002/9/5
f 19005/9/5 19003/9/5 19004/9/5
f 19007/9/5 19006/9/5 19005/9/5
f 19008/9/5 19006/9/5 19007/9/5
f 19010/9/5 19009/9/5 19008/9/5
f 19011/9/5 19009/9/5 19010/9/5
f 19013/9/5 19012/9/5 19011/9/5
f 19014/9/5 19012/9/5 19013/9/5
f 19016/9/5 19015/9/5 19014/9/5
f 19017/9/5 19015/9/5 19016/9/5
f 19019/9/5 19018/9/5 19017/9/5
f 19020/9/5 19018/9/5 19019/9/5
f 19022/9/5 19021/9/5 19020/9/5
f 19023/9/5 19021/9/5 19022/9/5
f 19025/9/5 19024/9/5 19023/9/5
f 19026/9/5 19024/9/5 19025/9/5
f 19028/9/5 19027/9/5 19026/9/5
f 19029/9/5 19027/9/5 19028/9/5
f 19031/9/5 19030/9/5 19029/9/5
f 19032/9/5 19030/9/5 19031/9/5
f 19034/9/5 19033/9/5 19032/9/5
f 19035/9/5 19033/9/5 19034/9/5
f 19037/9/5 19036/9/5 19035/9/5
f 19038/9/5 19036/9/5 19037/9/5
f 19040/9/5 19039/9/5 19038/9/5
f 19041/9/5 19039/9/5 19040/9/5
f 19043/9/5 19042/9/5 19041/9/5
f 19044/9/5 19042/9/5 19043/9/5
f 19046/9/5 19045/9/5 19044/9/5
f 19047/9/5 19045/9/5 19046/9/5
f 19049/9/5 19048/9/5 19047/9/5
f 19050/9/5 19048/9/5 19049/9/5
f 19052/9/5 19051/9/5 19050/9/5
f 19053/9/5 19051/9/5 19052/9/5
f 19055/9/5 19054/9/5 19053/9/5
f 19056/9/5 19054/9/5 19055/9/5
f 19058/9/5 19057/9/5 19056/9/5
f 19059/9/5 19057/9/5 19058/9/5
f 19060/9/5 18932/9/5 18930/9/5
f 19061/9/5 18931/9/5 18933/9/5
f 19062/9/5 19060/9/5 18930/9/5
f 19062/9/5 19061/9/5 19060/9/5
f 19063/9/5 18931/9/5 19061/9/5
f 19063/9/5 19061/9/5 19062/9/5
f 19066/9/5 19065/9/5 19064/9/5
f 19067/9/5 19065/9/5 19066/9/5
f 19072/9/5 19069/9/5 19068/9/5
f 19073/9/5 19069/9/5 19072/9/5
f 19077/9/5 19075/9/5 19074/9/5
f 19078/9/5 19075/9/5 19077/9/5
f 19079/9/5 19077/9/5 19076/9/5
f 19080/9/5 19077/9/5 19079/9/5
f 19081/9/5 19071/9/5 19070/9/5
f 19082/9/5 19071/9/5 19081/9/5
f 19083/9/5 19071/9/5 19082/9/5
f 19086/8/5 19085/8/5 19084/8/5
f 19087/8/5 19085/8/5 19086/8/5
f 19088/8/5 19085/8/5 19087/8/5
f 19089/8/5 19085/8/5 19088/8/5
f 19090/8/5 19088/8/5 19087/8/5
f 19091/8/5 19088/8/5 19090/8/5
f 19092/8/5 19088/8/5 19091/8/5
f 19093/8/5 19088/8/5 19092/8/5
f 19094/8/5 19088/8/5 19093/8/5
f 19095/8/5 19088/8/5 19094/8/5
f 19096/8/5 19088/8/5 19095/8/5
f 19097/8/5 19088/8/5 19096/8/5
f 19098/8/5 19096/8/5 19095/8/5
f 19099/8/5 19096/8/5 19098/8/5
f 19100/8/5 19088/8/5 19097/8/5
f 19101/8/5 19088/8/5 19100/8/5
f 19102/8/5 19088/8/5 19101/8/5
f 19103/8/5 19088/8/5 19102/8/5
f 19104/8/5 19088/8/5 19103/8/5
f 19105/8/5 19088/8/5 19104/8/5
f 19106/8/5 19088/8/5 19105/8/5
f 19107/8/5 19088/8/5 19106/8/5
f 19108/8/5 19088/8/5 19107/8/5
f 19109/8/5 19088/8/5 19108/8/5
f 19110/8/5 19088/8/5 19109/8/5
f 19111/8/5 19088/8/5 19110/8/5
f 19112/8/5 19088/8/5 19111/8/5
f 19113/8/5 19088/8/5 19112/8/5
f 19114/8/5 19088/8/5 19113/8/5
f 19115/8/5 19088/8/5 19114/8/5
f 19116/8/5 19088/8/5 19115/8/5
f 19117/8/5 19088/8/5 19116/8/5
f 19118/8/5 19088/8/5 19117/8/5
f 19119/8/5 19088/8/5 19118/8/5
f 19120/9/5 19119/9/5 19118/9/5
f 19121/8/5 19088/8/5 19119/8/5
f 19121/9/5 19119/9/5 19120/9/5
f 19122/8/5 19088/8/5 19121/8/5
f 19123/8/5 19088/8/5 19122/8/5
f 19124/8/5 19088/8/5 19123/8/5
f 19125/8/5 19088/8/5 19124/8/5
f 19126/8/5 19088/8/5 19125/8/5
f 19127/8/5 19088/8/5 19126/8/5
f 19128/8/5 19088/8/5 19127/8/5
f 19129/8/5 19088/8/5 19128/8/5
f 19130/8/5 19088/8/5 19129/8/5
f 19131/8/5 19088/8/5 19130/8/5
f 19132/8/5 19088/8/5 19131/8/5
f 19133/8/5 19088/8/5 19132/8/5
f 19134/8/5 19088/8/5 19133/8/5
f 19135/8/5 19088/8/5 19134/8/5
f 19136/8/5 19088/8/5 19135/8/5
f 19137/8/5 19088/8/5 19136/8/5
f 19138/8/5 19088/8/5 19137/8/5
f 19139/8/5 19088/8/5 19138/8/5
f 19140/8/5 19088/8/5 19139/8/5
f 19141/8/5 19088/8/5 19140/8/5
f 19142/8/5 19088/8/5 19141/8/5
f 19143/8/5 19088/8/5 19142/8/5
f 19144/8/5 19088/8/5 19143/8/5
f 19145/8/5 19088/8/5 19144/8/5
f 19146/8/5 19088/8/5 19145/8/5
f 19147/8/5 19088/8/5 19146/8/5
f 19148/8/5 19088/8/5 19147/8/5
f 19149/8/5 19088/8/5 19148/8/5
f 19150/8/5 19088/8/5 19149/8/5
f 19151/8/5 19088/8/5 19150/8/5
f 19152/8/5 19088/8/5 19151/8/5
f 19153/8/5 19088/8/5 19152/8/5
f 19154/8/5 19088/8/5 19153/8/5
f 19155/8/5 19088/8/5 19154/8/5
f 19156/8/5 19088/8/5 19155/8/5
f 19157/8/5 19088/8/5 19156/8/5
f 19158/8/5 19088/8/5 19157/8/5
f 19159/8/5 19088/8/5 19158/8/5
f 19160/8/5 19088/8/5 19159/8/5
f 19161/8/5 19088/8/5 19160/8/5
f 19162/8/5 19088/8/5 19161/8/5
f 19163/8/5 19088/8/5 19162/8/5
f 19164/8/5 19088/8/5 19163/8/5
f 19165/8/5 19088/8/5 19164/8/5
f 19166/8/5 19088/8/5 19165/8/5
f 19167/8/5 19088/8/5 19166/8/5
f 19168/8/5 19088/8/5 19167/8/5
f 19169/8/5 19088/8/5 19168/8/5
f 19170/8/5 19088/8/5 19169/8/5
f 19171/8/5 19088/8/5 19170/8/5
f 19172/8/5 19088/8/5 19171/8/5
f 19173/8/5 19088/8/5 19172/8/5
f 19174/8/5 19088/8/5 19173/8/5
f 19175/8/5 19088/8/5 19174/8/5
f 19176/8/5 19088/8/5 19175/8/5
f 19177/8/5 19088/8/5 19176/8/5
f 19178/8/5 19088/8/5 19177/8/5
f 19179/8/5 19088/8/5 19178/8/5
f 19180/8/5 19088/8/5 19179/8/5
f 19181/8/5 19088/8/5 19180/8/5
f 19182/8/5 19088/8/5 19181/8/5
f 19183/8/5 19088/8/5 19182/8/5
f 19184/8/5 19088/8/5 19183/8/5
f 19185/8/5 19088/8/5 19184/8/5
f 19186/8/5 19088/8/5 19185/8/5
f 19187/8/5 19088/8/5 19186/8/5
f 19188/8/5 19088/8/5 19187/8/5
f 19189/8/5 19088/8/5 19188/8/5
f 19190/8/5 19088/8/5 19189/8/5
f 19191/8/5 19088/8/5 19190/8/5
f 19192/8/5 19088/8/5 19191/8/5
f 19196/6/5 19194/6/5 19193/6/5
f 19197/6/5 19194/6/5 19196/6/5
f 19202/2/5 19200/2/5 19199/2/5
f 19203/2/5 19200/2/5 19202/2/5
f 19205/6/5 19196/6/5 19195/6/5
f 19206/6/5 19196/6/5 19205/6/5
f 19207/6/5 19198/6/5 19197/6/5
f 19208/6/5 19198/6/5 19207/6/5
f 19211/6/5 19207/6/5 19206/6/5
f 19212/6/5 19207/6/5 19211/6/5
f 19214/2/5 19210/2/5 19209/2/5
f 19215/2/5 19210/2/5 19214/2/5
f 19217/2/5 19202/2/5 19201/2/5
f 19218/2/5 19202/2/5 19217/2/5
f 19219/2/5 19204/2/5 19203/2/5
f 19220/2/5 19204/2/5 19219/2/5
f 19221/2/5 19219/2/5 19218/2/5
f 19222/2/5 19219/2/5 19221/2/5
f 19223/2/5 19214/2/5 19213/2/5
f 19224/2/5 19214/2/5 19223/2/5
f 19225/2/5 19216/2/5 19215/2/5
f 19226/2/5 19216/2/5 19225/2/5
f 19227/2/5 19225/2/5 19224/2/5
f 19228/2/5 19225/2/5 19227/2/5
f 19231/6/5 19230/6/5 19229/6/5
f 19232/6/5 19230/6/5 19231/6/5
f 19238/6/5 19234/6/5 19233/6/5
f 19239/6/5 19234/6/5 19238/6/5
f 19246/6/5 19244/6/5 19243/6/5
f 19247/6/5 19244/6/5 19246/6/5
f 19249/6/5 19236/6/5 19235/6/5
f 19250/6/5 19236/6/5 19249/6/5
f 19251/6/5 19238/6/5 19237/6/5
f 19252/6/5 19238/6/5 19251/6/5
f 19253/6/5 19240/6/5 19239/6/5
f 19254/6/5 19240/6/5 19253/6/5
f 19255/6/5 19242/6/5 19241/6/5
f 19256/6/5 19242/6/5 19255/6/5
f 19259/6/5 19253/6/5 19252/6/5
f 19260/6/5 19253/6/5 19259/6/5
f 19261/6/5 19246/6/5 19245/6/5
f 19262/6/5 19246/6/5 19261/6/5
f 19263/6/5 19248/6/5 19247/6/5
f 19264/6/5 19248/6/5 19263/6/5
f 19266/6/5 19258/6/5 19257/6/5
f 19267/6/5 19258/6/5 19266/6/5
f 19271/6/5 19263/6/5 19262/6/5
f 19272/6/5 19263/6/5 19271/6/5
f 19273/6/5 19270/6/5 19269/6/5
f 19274/6/5 19270/6/5 19273/6/5
f 19275/6/5 19266/6/5 19265/6/5
f 19276/6/5 19266/6/5 19275/6/5
f 19277/6/5 19268/6/5 19267/6/5
f 19278/6/5 19268/6/5 19277/6/5
f 19279/6/5 19277/6/5 19276/6/5
f 19280/6/5 19277/6/5 19279/6/5
f 19283/6/5 19282/6/5 19281/6/5
f 19284/6/5 19282/6/5 19283/6/5
f 19290/6/5 19286/6/5 19285/6/5
f 19291/6/5 19286/6/5 19290/6/5
f 19296/6/5 19288/6/5 19287/6/5
f 19297/6/5 19288/6/5 19296/6/5
f 19305/6/5 19290/6/5 19289/6/5
f 19306/6/5 19290/6/5 19305/6/5
f 19307/6/5 19292/6/5 19291/6/5
f 19308/6/5 19292/6/5 19307/6/5
f 19310/2/5 19302/2/5 19301/2/5
f 19311/2/5 19302/2/5 19310/2/5
f 19313/6/5 19294/6/5 19293/6/5
f 19314/6/5 19294/6/5 19313/6/5
f 19315/6/5 19296/6/5 19295/6/5
f 19316/6/5 19296/6/5 19315/6/5
f 19317/6/5 19298/6/5 19297/6/5
f 19318/6/5 19298/6/5 19317/6/5
f 19319/6/5 19300/6/5 19299/6/5
f 19320/6/5 19300/6/5 19319/6/5
f 19322/2/5 19304/2/5 19303/2/5
f 19323/2/5 19304/2/5 19322/2/5
f 19325/6/5 19307/6/5 19306/6/5
f 19326/6/5 19307/6/5 19325/6/5
f 19327/6/5 19317/6/5 19316/6/5
f 19328/6/5 19317/6/5 19327/6/5
f 19329/2/5 19310/2/5 19309/2/5
f 19330/2/5 19310/2/5 19329/2/5
f 19331/2/5 19312/2/5 19311/2/5
f 19332/2/5 19312/2/5 19331/2/5
f 19335/2/5 19322/2/5 19321/2/5
f 19336/2/5 19322/2/5 19335/2/5
f 19337/2/5 19324/2/5 19323/2/5
f 19338/2/5 19324/2/5 19337/2/5
f 19339/2/5 19331/2/5 19330/2/5
f 19340/2/5 19331/2/5 19339/2/5
f 19341/6/5 19334/6/5 19333/6/5
f 19342/6/5 19334/6/5 19341/6/5
f 19343/2/5 19337/2/5 19336/2/5
f 19344/2/5 19337/2/5 19343/2/5
f 19350/6/5 19346/6/5 19345/6/5
f 19351/6/5 19346/6/5 19350/6/5
f 19356/2/5 19348/2/5 19347/2/5
f 19357/2/5 19348/2/5 19356/2/5
f 19362/6/5 19354/6/5 19353/6/5
f 19363/6/5 19354/6/5 19362/6/5
f 19366/6/5 19360/6/5 19359/6/5
f 19367/6/5 19360/6/5 19366/6/5
f 19369/6/5 19350/6/5 19349/6/5
f 19370/6/5 19350/6/5 19369/6/5
f 19371/6/5 19352/6/5 19351/6/5
f 19372/6/5 19352/6/5 19371/6/5
f 19373/2/5 19356/2/5 19355/2/5
f 19374/2/5 19356/2/5 19373/2/5
f 19375/2/5 19358/2/5 19357/2/5
f 19376/2/5 19358/2/5 19375/2/5
f 19377/6/5 19371/6/5 19370/6/5
f 19378/6/5 19371/6/5 19377/6/5
f 19381/6/5 19362/6/5 19361/6/5
f 19382/6/5 19362/6/5 19381/6/5
f 19383/6/5 19364/6/5 19363/6/5
f 19384/6/5 19364/6/5 19383/6/5
f 19385/2/5 19375/2/5 19374/2/5
f 19386/2/5 19375/2/5 19385/2/5
f 19387/6/5 19366/6/5 19365/6/5
f 19388/6/5 19366/6/5 19387/6/5
f 19389/6/5 19368/6/5 19367/6/5
f 19390/6/5 19368/6/5 19389/6/5
f 19394/2/5 19380/2/5 19379/2/5
f 19395/2/5 19380/2/5 19394/2/5
f 19397/6/5 19383/6/5 19382/6/5
f 19398/6/5 19383/6/5 19397/6/5
f 19399/6/5 19389/6/5 19388/6/5
f 19400/6/5 19389/6/5 19399/6/5
f 19401/6/5 19392/6/5 19391/6/5
f 19402/6/5 19392/6/5 19401/6/5
f 19405/2/5 19394/2/5 19393/2/5
f 19406/2/5 19394/2/5 19405/2/5
f 19407/2/5 19396/2/5 19395/2/5
f 19408/2/5 19396/2/5 19407/2/5
f 19412/6/5 19404/6/5 19403/6/5
f 19413/6/5 19404/6/5 19412/6/5
f 19417/2/5 19407/2/5 19406/2/5
f 19418/2/5 19407/2/5 19417/2/5
f 19419/6/5 19410/6/5 19409/6/5
f 19420/6/5 19410/6/5 19419/6/5
f 19421/6/5 19412/6/5 19411/6/5
f 19422/6/5 19412/6/5 19421/6/5
f 19423/6/5 19414/6/5 19413/6/5
f 19424/6/5 19414/6/5 19423/6/5
f 19425/6/5 19416/6/5 19415/6/5
f 19426/6/5 19416/6/5 19425/6/5
f 19431/6/5 19423/6/5 19422/6/5
f 19432/6/5 19423/6/5 19431/6/5
f 19434/2/5 19428/2/5 19427/2/5
f 19435/2/5 19428/2/5 19434/2/5
f 19438/2/5 19430/2/5 19429/2/5
f 19439/2/5 19430/2/5 19438/2/5
f 19445/6/5 19442/6/5 19441/6/5
f 19446/6/5 19442/6/5 19445/6/5
f 19450/6/5 19444/6/5 19443/6/5
f 19451/6/5 19444/6/5 19450/6/5
f 19453/2/5 19434/2/5 19433/2/5
f 19454/2/5 19434/2/5 19453/2/5
f 19455/2/5 19436/2/5 19435/2/5
f 19456/2/5 19436/2/5 19455/2/5
f 19457/2/5 19438/2/5 19437/2/5
f 19458/2/5 19438/2/5 19457/2/5
f 19459/2/5 19440/2/5 19439/2/5
f 19460/2/5 19440/2/5 19459/2/5
f 19461/6/5 19448/6/5 19447/6/5
f 19462/6/5 19448/6/5 19461/6/5
f 19463/2/5 19455/2/5 19454/2/5
f 19464/2/5 19455/2/5 19463/2/5
f 19465/2/5 19459/2/5 19458/2/5
f 19466/2/5 19459/2/5 19465/2/5
f 19469/6/5 19450/6/5 19449/6/5
f 19470/6/5 19450/6/5 19469/6/5
f 19471/6/5 19452/6/5 19451/6/5
f 19472/6/5 19452/6/5 19471/6/5
f 19476/6/5 19468/6/5 19467/6/5
f 19477/6/5 19468/6/5 19476/6/5
f 19481/6/5 19471/6/5 19470/6/5
f 19482/6/5 19471/6/5 19481/6/5
f 19486/6/5 19484/6/5 19483/6/5
f 19487/6/5 19484/6/5 19486/6/5
f 19489/6/5 19474/6/5 19473/6/5
f 19490/6/5 19474/6/5 19489/6/5
f 19491/6/5 19476/6/5 19475/6/5
f 19492/6/5 19476/6/5 19491/6/5
f 19493/6/5 19478/6/5 19477/6/5
f 19494/6/5 19478/6/5 19493/6/5
f 19495/6/5 19480/6/5 19479/6/5
f 19496/6/5 19480/6/5 19495/6/5
f 19497/6/5 19493/6/5 19492/6/5
f 19498/6/5 19493/6/5 19497/6/5
f 19499/6/5 19486/6/5 19485/6/5
f 19500/6/5 19486/6/5 19499/6/5
f 19501/6/5 19488/6/5 19487/6/5
f 19502/6/5 19488/6/5 19501/6/5
f 19505/6/5 19501/6/5 19500/6/5
f 19506/6/5 19501/6/5 19505/6/5
f 19507/6/5 19504/6/5 19503/6/5
f 19508/6/5 19504/6/5 19507/6/5
f 19516/6/5 19510/6/5 19509/6/5
f 19517/6/5 19510/6/5 19516/6/5
f 19520/2/5 19512/2/5 19511/2/5
f 19521/2/5 19512/2/5 19520/2/5
f 19524/6/5 19514/6/5 19513/6/5
f 19525/6/5 19514/6/5 19524/6/5
f 19527/6/5 19516/6/5 19515/6/5
f 19528/6/5 19516/6/5 19527/6/5
f 19529/6/5 19518/6/5 19517/6/5
f 19530/6/5 19518/6/5 19529/6/5
f 19531/2/5 19520/2/5 19519/2/5
f 19532/2/5 19520/2/5 19531/2/5
f 19533/2/5 19522/2/5 19521/2/5
f 19534/2/5 19522/2/5 19533/2/5
f 19535/6/5 19524/6/5 19523/6/5
f 19536/6/5 19524/6/5 19535/6/5
f 19537/6/5 19526/6/5 19525/6/5
f 19538/6/5 19526/6/5 19537/6/5
f 19539/6/5 19529/6/5 19528/6/5
f 19540/6/5 19529/6/5 19539/6/5
f 19541/2/5 19533/2/5 19532/2/5
f 19542/2/5 19533/2/5 19541/2/5
f 19543/6/5 19537/6/5 19536/6/5
f 19544/6/5 19537/6/5 19543/6/5
f 19548/6/5 19546/6/5 19545/6/5
f 19549/6/5 19546/6/5 19548/6/5
f 19551/6/5 19548/6/5 19547/6/5
f 19552/6/5 19548/6/5 19551/6/5
f 19553/6/5 19550/6/5 19549/6/5
f 19554/6/5 19550/6/5 19553/6/5
f 19555/6/5 19553/6/5 19552/6/5
f 19556/6/5 19553/6/5 19555/6/5
f 19559/6/5 19558/6/5 19557/6/5
f 19560/6/5 19558/6/5 19559/6/5
f 19567/2/5 19562/2/5 19561/2/5
f 19568/2/5 19562/2/5 19567/2/5
f 19575/6/5 19564/6/5 19563/6/5
f 19576/6/5 19564/6/5 19575/6/5
f 19577/6/5 19566/6/5 19565/6/5
f 19578/6/5 19566/6/5 19577/6/5
f 19579/2/5 19570/2/5 19569/2/5
f 19580/2/5 19570/2/5 19579/2/5
f 19587/2/5 19572/2/5 19571/2/5
f 19588/2/5 19572/2/5 19587/2/5
f 19589/2/5 19574/2/5 19573/2/5
f 19590/2/5 19574/2/5 19589/2/5
f 19591/6/5 19582/6/5 19581/6/5
f 19592/6/5 19582/6/5 19591/6/5
f 19595/2/5 19584/2/5 19583/2/5
f 19596/2/5 19584/2/5 19595/2/5
f 19597/2/5 19586/2/5 19585/2/5
f 19598/2/5 19586/2/5 19597/2/5
f 19599/2/5 19594/2/5 19593/2/5
f 19600/2/5 19594/2/5 19599/2/5
f 19605/4/5 19602/4/5 19601/4/5
f 19606/4/5 19602/4/5 19605/4/5
f 19607/2/5 19604/2/5 19603/2/5
f 19608/2/5 19604/2/5 19607/2/5
f 19611/6/5 19610/6/5 19609/6/5
f 19612/6/5 19610/6/5 19611/6/5
f 19619/6/5 19614/6/5 19613/6/5
f 19620/6/5 19614/6/5 19619/6/5
f 19627/6/5 19616/6/5 19615/6/5
f 19628/6/5 19616/6/5 19627/6/5
f 19629/6/5 19618/6/5 19617/6/5
f 19630/6/5 19618/6/5 19629/6/5
f 19631/6/5 19626/6/5 19625/6/5
f 19632/6/5 19626/6/5 19631/6/5
f 19635/6/5 19622/6/5 19621/6/5
f 19636/6/5 19622/6/5 19635/6/5
f 19637/6/5 19624/6/5 19623/6/5
f 19638/6/5 19624/6/5 19637/6/5
f 19645/6/5 19634/6/5 19633/6/5
f 19646/6/5 19634/6/5 19645/6/5
f 19649/4/5 19640/4/5 19639/4/5
f 19650/4/5 19640/4/5 19649/4/5
f 19651/6/5 19648/6/5 19647/6/5
f 19652/6/5 19648/6/5 19651/6/5
f 19653/6/5 19642/6/5 19641/6/5
f 19654/6/5 19642/6/5 19653/6/5
f 19655/6/5 19644/6/5 19643/6/5
f 19656/6/5 19644/6/5 19655/6/5
f 19659/6/5 19658/6/5 19657/6/5
f 19660/6/5 19658/6/5 19659/6/5
f 19665/6/5 19662/6/5 19661/6/5
f 19666/6/5 19662/6/5 19665/6/5
f 19667/6/5 19664/6/5 19663/6/5
f 19668/6/5 19664/6/5 19667/6/5
f 19681/2/5 19674/2/5 19673/2/5
f 19682/2/5 19674/2/5 19681/2/5
f 19683/2/5 19680/2/5 19679/2/5
f 19684/2/5 19680/2/5 19683/2/5
f 19685/6/5 19670/6/5 19669/6/5
f 19686/6/5 19670/6/5 19685/6/5
f 19687/6/5 19672/6/5 19671/6/5
f 19688/6/5 19672/6/5 19687/6/5
f 19693/6/5 19676/6/5 19675/6/5
f 19694/6/5 19676/6/5 19693/6/5
f 19695/6/5 19678/6/5 19677/6/5
f 19696/6/5 19678/6/5 19695/6/5
f 19705/6/5 19702/6/5 19701/6/5
f 19706/6/5 19702/6/5 19705/6/5
f 19707/2/5 19690/2/5 19689/2/5
f 19708/2/5 19690/2/5 19707/2/5
f 19709/2/5 19692/2/5 19691/2/5
f 19710/2/5 19692/2/5 19709/2/5
f 19711/6/5 19704/6/5 19703/6/5
f 19712/6/5 19704/6/5 19711/6/5
f 19713/2/5 19698/2/5 19697/2/5
f 19714/2/5 19698/2/5 19713/2/5
f 19715/2/5 19700/2/5 19699/2/5
f 19716/2/5 19700/2/5 19715/2/5
f 19721/2/5 19718/2/5 19717/2/5
f 19722/2/5 19718/2/5 19721/2/5
f 19723/2/5 19720/2/5 19719/2/5
f 19724/2/5 19720/2/5 19723/2/5
f 19729/6/5 19726/6/5 19725/6/5
f 19730/6/5 19726/6/5 19729/6/5
f 19733/2/5 19728/2/5 19727/2/5
f 19734/2/5 19728/2/5 19733/2/5
f 19741/6/5 19732/6/5 19731/6/5
f 19742/6/5 19732/6/5 19741/6/5
f 19747/6/5 19736/6/5 19735/6/5
f 19748/6/5 19736/6/5 19747/6/5
f 19757/6/5 19738/6/5 19737/6/5
f 19758/6/5 19738/6/5 19757/6/5
f 19759/6/5 19740/6/5 19739/6/5
f 19760/6/5 19740/6/5 19759/6/5
f 19763/2/5 19744/2/5 19743/2/5
f 19764/2/5 19744/2/5 19763/2/5
f 19765/2/5 19746/2/5 19745/2/5
f 19766/2/5 19746/2/5 19765/2/5
f 19769/2/5 19762/2/5 19761/2/5
f 19770/2/5 19762/2/5 19769/2/5
f 19771/6/5 19750/6/5 19749/6/5
f 19772/6/5 19750/6/5 19771/6/5
f 19773/6/5 19752/6/5 19751/6/5
f 19774/6/5 19752/6/5 19773/6/5
f 19777/6/5 19754/6/5 19753/6/5
f 19778/6/5 19754/6/5 19777/6/5
f 19779/6/5 19756/6/5 19755/6/5
f 19780/6/5 19756/6/5 19779/6/5
f 19781/6/5 19768/6/5 19767/6/5
f 19782/6/5 19768/6/5 19781/6/5
f 19789/2/5 19776/2/5 19775/2/5
f 19790/2/5 19776/2/5 19789/2/5
f 19795/6/5 19788/6/5 19787/6/5
f 19796/6/5 19788/6/5 19795/6/5
f 19797/6/5 19792/6/5 19791/6/5
f 19798/6/5 19792/6/5 19797/6/5
f 19799/6/5 19794/6/5 19793/6/5
f 19800/6/5 19794/6/5 19799/6/5
f 19801/2/5 19784/2/5 19783/2/5
f 19802/2/5 19784/2/5 19801/2/5
f 19803/2/5 19786/2/5 19785/2/5
f 19804/2/5 19786/2/5 19803/2/5
f 19811/2/5 19810/2/5 19809/2/5
f 19812/2/5 19810/2/5 19811/2/5
f 19817/6/5 19806/6/5 19805/6/5
f 19818/6/5 19806/6/5 19817/6/5
f 19819/6/5 19808/6/5 19807/6/5
f 19820/6/5 19808/6/5 19819/6/5
f 19821/2/5 19814/2/5 19813/2/5
f 19822/2/5 19814/2/5 19821/2/5
f 19823/2/5 19816/2/5 19815/2/5
f 19824/2/5 19816/2/5 19823/2/5
f 19837/6/5 19826/6/5 19825/6/5
f 19838/6/5 19826/6/5 19837/6/5
f 19839/6/5 19828/6/5 19827/6/5
f 19840/6/5 19828/6/5 19839/6/5
f 19845/2/5 19830/2/5 19829/2/5
f 19846/2/5 19830/2/5 19845/2/5
f 19847/2/5 19832/2/5 19831/2/5
f 19848/2/5 19832/2/5 19847/2/5
f 19849/2/5 19834/2/5 19833/2/5
f 19850/2/5 19834/2/5 19849/2/5
f 19851/2/5 19836/2/5 19835/2/5
f 19852/2/5 19836/2/5 19851/2/5
f 19861/6/5 19854/6/5 19853/6/5
f 19862/6/5 19854/6/5 19861/6/5
f 19863/6/5 19842/6/5 19841/6/5
f 19864/6/5 19842/6/5 19863/6/5
f 19865/6/5 19844/6/5 19843/6/5
f 19866/6/5 19844/6/5 19865/6/5
f 19867/2/5 19856/2/5 19855/2/5
f 19868/2/5 19856/2/5 19867/2/5
f 19871/2/5 19858/2/5 19857/2/5
f 19872/2/5 19858/2/5 19871/2/5
f 19873/4/5 19860/4/5 19859/4/5
f 19874/4/5 19860/4/5 19873/4/5
f 19881/6/5 19870/6/5 19869/6/5
f 19882/6/5 19870/6/5 19881/6/5
f 19883/6/5 19880/6/5 19879/6/5
f 19884/6/5 19880/6/5 19883/6/5
f 19889/6/5 19876/6/5 19875/6/5
f 19890/6/5 19876/6/5 19889/6/5
f 19891/6/5 19878/6/5 19877/6/5
f 19892/6/5 19878/6/5 19891/6/5
f 19895/6/5 19886/6/5 19885/6/5
f 19896/6/5 19886/6/5 19895/6/5
f 19897/6/5 19888/6/5 19887/6/5
f 19898/6/5 19888/6/5 19897/6/5
f 19899/6/5 19894/6/5 19893/6/5
f 19900/6/5 19894/6/5 19899/6/5
f 19903/6/5 19902/6/5 19901/6/5
f 19904/6/5 19902/6/5 19903/6/5
f 19911/6/5 19906/6/5 19905/6/5
f 19912/6/5 19906/6/5 19911/6/5
f 19913/2/5 19908/2/5 19907/2/5
f 19914/2/5 19908/2/5 19913/2/5
f 19915/6/5 19910/6/5 19909/6/5
f 19916/6/5 19910/6/5 19915/6/5
f 19929/6/5 19928/6/5 19927/6/5
f 19930/6/5 19928/6/5 19929/6/5
f 19931/6/5 19918/6/5 19917/6/5
f 19932/6/5 19918/6/5 19931/6/5
f 19933/2/5 19920/2/5 19919/2/5
f 19934/2/5 19920/2/5 19933/2/5
f 19935/2/5 19922/2/5 19921/2/5
f 19936/2/5 19922/2/5 19935/2/5
f 19937/6/5 19924/6/5 19923/6/5
f 19938/6/5 19924/6/5 19937/6/5
f 19939/6/5 19926/6/5 19925/6/5
f 19940/6/5 19926/6/5 19939/6/5
f 19949/6/5 19942/6/5 19941/6/5
f 19950/6/5 19942/6/5 19949/6/5
f 19951/2/5 19944/2/5 19943/2/5
f 19952/2/5 19944/2/5 19951/2/5
f 19953/6/5 19946/6/5 19945/6/5
f 19954/6/5 19946/6/5 19953/6/5
f 19955/6/5 19948/6/5 19947/6/5
f 19956/6/5 19948/6/5 19955/6/5
f 19963/4/5 19962/4/5 19961/4/5
f 19964/4/5 19962/4/5 19963/4/5
f 19965/6/5 19958/6/5 19957/6/5
f 19966/6/5 19958/6/5 19965/6/5
f 19967/6/5 19960/6/5 19959/6/5
f 19968/6/5 19960/6/5 19967/6/5
f 19971/6/5 19970/6/5 19969/6/5
f 19972/6/5 19970/6/5 19971/6/5
f 19977/6/5 19974/6/5 19973/6/5
f 19978/6/5 19974/6/5 19977/6/5
f 19980/3/5 19976/3/5 19975/3/5
f 19981/3/5 19976/3/5 19980/3/5
f 19982/2/5 19980/2/5 19979/2/5
f 19982/2/5 19981/2/5 19980/2/5
f 19983/2/5 19981/2/5 19982/2/5
f 19990/2/5 19989/2/5 19988/2/5
f 19991/2/5 19989/2/5 19990/2/5
f 19997/6/5 19985/6/5 19984/6/5
f 19998/6/5 19985/6/5 19997/6/5
f 19999/6/5 19987/6/5 19986/6/5
f 20000/6/5 19987/6/5 19999/6/5
f 20001/3/5 19996/3/5 19995/3/5
f 20001/2/5 19995/2/5 19994/2/5
f 20002/3/5 19996/3/5 20001/3/5
f 20007/2/5 19993/2/5 19992/2/5
f 20008/2/5 19993/2/5 20007/2/5
f 20009/2/5 20001/2/5 19994/2/5
f 20010/2/5 20001/2/5 20009/2/5
f 20015/6/5 20012/6/5 20011/6/5
f 20016/6/5 20012/6/5 20015/6/5
f 20017/2/5 20004/2/5 20003/2/5
f 20018/2/5 20004/2/5 20017/2/5
f 20019/2/5 20006/2/5 20005/2/5
f 20020/2/5 20006/2/5 20019/2/5
f 20024/4/5 20014/4/5 20013/4/5
f 20025/4/5 20014/4/5 20024/4/5
f 20027/2/5 20022/2/5 20021/2/5
f 20028/2/5 20022/2/5 20027/2/5
f 20029/4/5 20024/4/5 20023/4/5
f 20030/4/5 20024/4/5 20029/4/5
f 20031/4/5 20024/4/5 20030/4/5
f 20032/4/5 20026/4/5 20025/4/5
f 20033/4/5 20026/4/5 20032/4/5
f 20038/4/5 20031/4/5 20030/4/5
f 20038/4/5 20032/4/5 20031/4/5
f 20039/4/5 20032/4/5 20038/4/5
f 20040/2/5 20035/2/5 20034/2/5
f 20041/2/5 20035/2/5 20040/2/5
f 20042/6/5 20037/6/5 20036/6/5
f 20043/6/5 20037/6/5 20042/6/5
f 20052/6/5 20045/6/5 20044/6/5
f 20053/6/5 20045/6/5 20052/6/5
f 20054/6/5 20047/6/5 20046/6/5
f 20055/6/5 20047/6/5 20054/6/5
f 20056/6/5 20049/6/5 20048/6/5
f 20057/6/5 20049/6/5 20056/6/5
f 20059/4/5 20051/4/5 20050/4/5
f 20060/4/5 20051/4/5 20059/4/5
f 20066/4/5 20059/4/5 20058/4/5
f 20067/4/5 20059/4/5 20066/4/5
f 20068/4/5 20059/4/5 20067/4/5
f 20069/4/5 20061/4/5 20060/4/5
f 20070/4/5 20061/4/5 20069/4/5
f 20073/4/5 20068/4/5 20067/4/5
f 20073/4/5 20069/4/5 20068/4/5
f 20074/4/5 20069/4/5 20073/4/5
f 20075/6/5 20063/6/5 20062/6/5
f 20076/6/5 20063/6/5 20075/6/5
f 20077/6/5 20065/6/5 20064/6/5
f 20078/6/5 20065/6/5 20077/6/5
f 20079/6/5 20072/6/5 20071/6/5
f 20080/6/5 20072/6/5 20079/6/5
f 20085/6/5 20082/6/5 20081/6/5
f 20086/6/5 20082/6/5 20085/6/5
f 20087/6/5 20084/6/5 20083/6/5
f 20088/6/5 20084/6/5 20087/6/5
f 20094/3/5 20090/3/5 20089/3/5
f 20095/3/5 20090/3/5 20094/3/5
f 20100/2/5 20092/2/5 20091/2/5
f 20101/2/5 20092/2/5 20100/2/5
f 20102/2/5 20094/2/5 20093/2/5
f 20102/2/5 20095/2/5 20094/2/5
f 20103/2/5 20095/2/5 20102/2/5
f 20104/6/5 20097/6/5 20096/6/5
f 20105/6/5 20097/6/5 20104/6/5
f 20106/6/5 20099/6/5 20098/6/5
f 20107/6/5 20099/6/5 20106/6/5
f 20117/2/5 20115/2/5 20114/2/5
f 20117/3/5 20116/3/5 20115/3/5
f 20118/3/5 20116/3/5 20117/3/5
f 20121/2/5 20109/2/5 20108/2/5
f 20122/2/5 20109/2/5 20121/2/5
f 20123/2/5 20111/2/5 20110/2/5
f 20124/2/5 20111/2/5 20123/2/5
f 20125/2/5 20113/2/5 20112/2/5
f 20126/2/5 20113/2/5 20125/2/5
f 20127/2/5 20117/2/5 20114/2/5
f 20128/2/5 20117/2/5 20127/2/5
f 20129/6/5 20120/6/5 20119/6/5
f 20130/6/5 20120/6/5 20129/6/5
f 20135/2/5 20132/2/5 20131/2/5
f 20136/2/5 20132/2/5 20135/2/5
f 20139/2/5 20134/2/5 20133/2/5
f 20140/2/5 20134/2/5 20139/2/5
f 20143/6/5 20138/6/5 20137/6/5
f 20144/6/5 20138/6/5 20143/6/5
f 20147/2/5 20142/2/5 20141/2/5
f 20148/2/5 20142/2/5 20147/2/5
f 20151/6/5 20146/6/5 20145/6/5
f 20152/6/5 20146/6/5 20151/6/5
f 20153/6/5 20150/6/5 20149/6/5
f 20154/6/5 20150/6/5 20153/6/5
f 20169/2/5 20162/2/5 20161/2/5
f 20173/6/5 20156/6/5 20155/6/5
f 20174/6/5 20156/6/5 20173/6/5
f 20175/6/5 20158/6/5 20157/6/5
f 20176/6/5 20158/6/5 20175/6/5
f 20177/2/5 20164/2/5 20163/2/5
f 20178/2/5 20164/2/5 20177/2/5
f 20179/2/5 20160/2/5 20159/2/5
f 20180/2/5 20160/2/5 20179/2/5
f 20181/2/5 20169/2/5 20161/2/5
f 20182/6/5 20170/6/5 20169/6/5
f 20182/2/5 20169/2/5 20181/2/5
f 20183/6/5 20166/6/5 20165/6/5
f 20184/6/5 20166/6/5 20183/6/5
f 20185/6/5 20168/6/5 20167/6/5
f 20186/6/5 20168/6/5 20185/6/5
f 20187/6/5 20170/6/5 20182/6/5
f 20188/6/5 20170/6/5 20187/6/5
f 20189/6/5 20172/6/5 20171/6/5
f 20190/6/5 20172/6/5 20189/6/5
f 20199/6/5 20192/6/5 20191/6/5
f 20200/6/5 20192/6/5 20199/6/5
f 20203/2/5 20198/2/5 20197/2/5
f 20204/2/5 20198/2/5 20203/2/5
f 20207/2/5 20194/2/5 20193/2/5
f 20208/2/5 20194/2/5 20207/2/5
f 20209/2/5 20196/2/5 20195/2/5
f 20210/2/5 20196/2/5 20209/2/5
f 20211/6/5 20202/6/5 20201/6/5
f 20212/6/5 20202/6/5 20211/6/5
f 20213/6/5 20206/6/5 20205/6/5
f 20214/6/5 20206/6/5 20213/6/5
f 20221/2/5 20216/2/5 20215/2/5
f 20222/2/5 20216/2/5 20221/2/5
f 20223/2/5 20218/2/5 20217/2/5
f 20224/2/5 20218/2/5 20223/2/5
f 20225/2/5 20220/2/5 20219/2/5
f 20226/2/5 20220/2/5 20225/2/5
f 20229/6/5 20228/6/5 20227/6/5
f 20230/6/5 20228/6/5 20229/6/5
f 20245/2/5 20232/2/5 20231/2/5
f 20246/2/5 20232/2/5 20245/2/5
f 20247/2/5 20234/2/5 20233/2/5
f 20248/2/5 20234/2/5 20247/2/5
f 20249/2/5 20236/2/5 20235/2/5
f 20250/2/5 20236/2/5 20249/2/5
f 20251/2/5 20238/2/5 20237/2/5
f 20252/2/5 20238/2/5 20251/2/5
f 20256/4/5 20240/4/5 20239/4/5
f 20257/4/5 20240/4/5 20256/4/5
f 20259/6/5 20242/6/5 20241/6/5
f 20260/6/5 20242/6/5 20259/6/5
f 20261/6/5 20244/6/5 20243/6/5
f 20262/6/5 20244/6/5 20261/6/5
f 20265/6/5 20254/6/5 20253/6/5
f 20266/6/5 20254/6/5 20265/6/5
f 20269/4/5 20256/4/5 20255/4/5
f 20270/4/5 20256/4/5 20269/4/5
f 20271/4/5 20256/4/5 20270/4/5
f 20272/4/5 20258/4/5 20257/4/5
f 20273/4/5 20258/4/5 20272/4/5
f 20274/2/5 20264/2/5 20263/2/5
f 20275/2/5 20264/2/5 20274/2/5
f 20276/2/5 20268/2/5 20267/2/5
f 20277/2/5 20268/2/5 20276/2/5
f 20278/4/5 20271/4/5 20270/4/5
f 20278/4/5 20272/4/5 20271/4/5
f 20279/4/5 20272/4/5 20278/4/5
f 20286/6/5 20281/6/5 20280/6/5
f 20287/6/5 20281/6/5 20286/6/5
f 20288/6/5 20283/6/5 20282/6/5
f 20289/6/5 20283/6/5 20288/6/5
f 20290/6/5 20285/6/5 20284/6/5
f 20291/6/5 20285/6/5 20290/6/5
f 20300/6/5 20293/6/5 20292/6/5
f 20301/6/5 20293/6/5 20300/6/5
f 20302/2/5 20295/2/5 20294/2/5
f 20303/2/5 20295/2/5 20302/2/5
f 20304/6/5 20297/6/5 20296/6/5
f 20305/6/5 20297/6/5 20304/6/5
f 20306/6/5 20299/6/5 20298/6/5
f 20307/6/5 20299/6/5 20306/6/5
f 20320/6/5 20309/6/5 20308/6/5
f 20321/6/5 20320/6/5 20308/6/5
f 20322/6/5 20320/6/5 20321/6/5
f 20323/6/5 20311/6/5 20310/6/5
f 20324/6/5 20311/6/5 20323/6/5
f 20325/2/5 20313/2/5 20312/2/5
f 20326/2/5 20313/2/5 20325/2/5
f 20327/2/5 20315/2/5 20314/2/5
f 20328/2/5 20315/2/5 20327/2/5
f 20329/6/5 20317/6/5 20316/6/5
f 20330/6/5 20317/6/5 20329/6/5
f 20331/6/5 20319/6/5 20318/6/5
f 20332/6/5 20319/6/5 20331/6/5
f 20335/6/5 20334/6/5 20333/6/5
f 20336/6/5 20334/6/5 20335/6/5
f 20345/6/5 20338/6/5 20337/6/5
f 20346/6/5 20338/6/5 20345/6/5
f 20347/2/5 20340/2/5 20339/2/5
f 20348/2/5 20340/2/5 20347/2/5
f 20349/6/5 20344/6/5 20343/6/5
f 20350/6/5 20344/6/5 20349/6/5
f 20356/4/5 20342/4/5 20341/4/5
f 20357/4/5 20342/4/5 20356/4/5
f 20359/4/5 20356/4/5 20355/4/5
f 20360/4/5 20356/4/5 20359/4/5
f 20361/4/5 20356/4/5 20360/4/5
f 20362/4/5 20358/4/5 20357/4/5
f 20363/4/5 20358/4/5 20362/4/5
f 20364/6/5 20352/6/5 20351/6/5
f 20365/6/5 20352/6/5 20364/6/5
f 20366/6/5 20354/6/5 20353/6/5
f 20367/6/5 20354/6/5 20366/6/5
f 20368/4/5 20361/4/5 20360/4/5
f 20368/4/5 20362/4/5 20361/4/5
f 20369/4/5 20362/4/5 20368/4/5
f 20372/6/5 20371/6/5 20370/6/5
f 20373/6/5 20371/6/5 20372/6/5
f 20378/6/5 20375/6/5 20374/6/5
f 20379/6/5 20375/6/5 20378/6/5
f 20380/3/5 20377/3/5 20376/3/5
f 20381/3/5 20377/3/5 20380/3/5
f 20386/6/5 20383/6/5 20382/6/5
f 20387/6/5 20383/6/5 20386/6/5
f 20388/6/5 20385/6/5 20384/6/5
f 20389/6/5 20385/6/5 20388/6/5
f 20392/4/5 20391/4/5 20390/4/5
f 20393/4/5 20391/4/5 20392/4/5
f 20396/6/5 20395/6/5 20394/6/5
f 20397/6/5 20395/6/5 20396/6/5
f 20402/4/5 20399/4/5 20398/4/5
f 20403/4/5 20399/4/5 20402/4/5
f 20406/6/5 20401/6/5 20400/6/5
f 20407/6/5 20401/6/5 20406/6/5
f 20412/6/5 20405/6/5 20404/6/5
f 20413/6/5 20405/6/5 20412/6/5
f 20414/6/5 20409/6/5 20408/6/5
f 20415/6/5 20409/6/5 20414/6/5
f 20416/4/5 20411/4/5 20410/4/5
f 20417/4/5 20411/4/5 20416/4/5
f 20426/6/5 20419/6/5 20418/6/5
f 20427/6/5 20419/6/5 20426/6/5
f 20430/6/5 20421/6/5 20420/6/5
f 20431/6/5 20421/6/5 20430/6/5
f 20432/6/5 20423/6/5 20422/6/5
f 20433/6/5 20423/6/5 20432/6/5
f 20436/4/5 20425/4/5 20424/4/5
f 20437/4/5 20425/4/5 20436/4/5
f 20438/6/5 20429/6/5 20428/6/5
f 20439/6/5 20429/6/5 20438/6/5
f 20444/6/5 20435/6/5 20434/6/5
f 20445/6/5 20435/6/5 20444/6/5
f 20452/6/5 20441/6/5 20440/6/5
f 20453/6/5 20441/6/5 20452/6/5
f 20454/6/5 20443/6/5 20442/6/5
f 20455/6/5 20443/6/5 20454/6/5
f 20456/4/5 20447/4/5 20446/4/5
f 20457/4/5 20447/4/5 20456/4/5
f 20466/6/5 20449/6/5 20448/6/5
f 20467/6/5 20449/6/5 20466/6/5
f 20468/6/5 20451/6/5 20450/6/5
f 20469/6/5 20451/6/5 20468/6/5
f 20470/6/5 20459/6/5 20458/6/5
f 20471/6/5 20459/6/5 20470/6/5
f 20474/6/5 20461/6/5 20460/6/5
f 20475/6/5 20461/6/5 20474/6/5
f 20476/7/5 20463/7/5 20462/7/5
f 20477/7/5 20463/7/5 20476/7/5
f 20478/4/5 20465/4/5 20464/4/5
f 20479/4/5 20465/4/5 20478/4/5
f 20480/6/5 20473/6/5 20472/6/5
f 20481/6/5 20473/6/5 20480/6/5
f 20482/6/5 20477/6/5 20476/6/5
f 20483/6/5 20477/6/5 20482/6/5
f 20488/3/5 20485/3/5 20484/3/5
f 20489/3/5 20485/3/5 20488/3/5
f 20490/6/5 20487/6/5 20486/6/5
f 20491/6/5 20487/6/5 20490/6/5
f 20497/7/5 20493/7/5 20492/7/5
f 20498/6/5 20494/6/5 20493/6/5
f 20498/7/5 20493/7/5 20497/7/5
f 20499/6/5 20496/6/5 20495/6/5
f 20501/6/5 20494/6/5 20498/6/5
f 20502/6/5 20494/6/5 20501/6/5
f 20503/6/5 20499/6/5 20495/6/5
f 20504/7/5 20500/7/5 20499/7/5
f 20504/6/5 20499/6/5 20503/6/5
f 20505/7/5 20500/7/5 20504/7/5
f 20508/6/5 20507/6/5 20506/6/5
f 20509/6/5 20507/6/5 20508/6/5
f 20512/7/5 20509/7/5 20508/7/5
f 20513/7/5 20509/7/5 20512/7/5
f 20516/6/5 20511/6/5 20510/6/5
f 20517/6/5 20511/6/5 20516/6/5
f 20524/6/5 20515/6/5 20514/6/5
f 20525/6/5 20515/6/5 20524/6/5
f 20526/6/5 20519/6/5 20518/6/5
f 20527/6/5 20519/6/5 20526/6/5
f 20528/6/5 20521/6/5 20520/6/5
f 20529/6/5 20521/6/5 20528/6/5
f 20530/6/5 20523/6/5 20522/6/5
f 20531/6/5 20523/6/5 20530/6/5
f 20538/6/5 20533/6/5 20532/6/5
f 20539/6/5 20533/6/5 20538/6/5
f 20540/6/5 20535/6/5 20534/6/5
f 20541/6/5 20535/6/5 20540/6/5
f 20550/6/5 20537/6/5 20536/6/5
f 20551/6/5 20537/6/5 20550/6/5
f 20556/6/5 20543/6/5 20542/6/5
f 20557/6/5 20543/6/5 20556/6/5
f 20560/6/5 20553/6/5 20552/6/5
f 20561/6/5 20553/6/5 20560/6/5
f 20562/6/5 20555/6/5 20554/6/5
f 20563/6/5 20555/6/5 20562/6/5
f 20564/6/5 20545/6/5 20544/6/5
f 20565/6/5 20545/6/5 20564/6/5
f 20566/6/5 20547/6/5 20546/6/5
f 20567/6/5 20547/6/5 20566/6/5
f 20568/6/5 20559/6/5 20558/6/5
f 20569/6/5 20559/6/5 20568/6/5
f 20570/6/5 20549/6/5 20548/6/5
f 20571/6/5 20549/6/5 20570/6/5
f 20576/6/5 20573/6/5 20572/6/5
f 20577/6/5 20573/6/5 20576/6/5
f 20580/6/5 20575/6/5 20574/6/5
f 20581/6/5 20575/6/5 20580/6/5
f 20582/6/5 20579/6/5 20578/6/5
f 20583/6/5 20579/6/5 20582/6/5
f 20590/6/5 20585/6/5 20584/6/5
f 20591/6/5 20585/6/5 20590/6/5
f 20592/6/5 20587/6/5 20586/6/5
f 20593/6/5 20587/6/5 20592/6/5
f 20594/7/5 20589/7/5 20588/7/5
f 20595/7/5 20589/7/5 20594/7/5
f 20596/6/5 20595/6/5 20594/6/5
f 20597/6/5 20595/6/5 20596/6/5
f 20600/4/5 20599/4/5 20598/4/5
f 20601/4/5 20599/4/5 20600/4/5
f 20609/7/5 20603/7/5 20602/7/5
f 20610/6/5 20604/6/5 20603/6/5
f 20610/7/5 20603/7/5 20609/7/5
f 20611/6/5 20606/6/5 20605/6/5
f 20615/6/5 20608/6/5 20607/6/5
f 20616/6/5 20608/6/5 20615/6/5
f 20621/6/5 20604/6/5 20610/6/5
f 20622/6/5 20604/6/5 20621/6/5
f 20623/6/5 20611/6/5 20605/6/5
f 20624/7/5 20612/7/5 20611/7/5
f 20624/6/5 20611/6/5 20623/6/5
f 20625/7/5 20612/7/5 20624/7/5
f 20626/6/5 20614/6/5 20613/6/5
f 20627/6/5 20614/6/5 20626/6/5
f 20628/6/5 20618/6/5 20617/6/5
f 20629/6/5 20618/6/5 20628/6/5
f 20630/4/5 20620/4/5 20619/4/5
f 20631/4/5 20620/4/5 20630/4/5
f 20640/6/5 20633/6/5 20632/6/5
f 20641/6/5 20633/6/5 20640/6/5
f 20642/6/5 20635/6/5 20634/6/5
f 20643/6/5 20635/6/5 20642/6/5
f 20646/4/5 20637/4/5 20636/4/5
f 20647/4/5 20637/4/5 20646/4/5
f 20652/6/5 20649/6/5 20648/6/5
f 20653/6/5 20649/6/5 20652/6/5
f 20654/6/5 20639/6/5 20638/6/5
f 20655/6/5 20639/6/5 20654/6/5
f 20660/6/5 20645/6/5 20644/6/5
f 20661/6/5 20645/6/5 20660/6/5
f 20662/7/5 20651/7/5 20650/7/5
f 20663/7/5 20651/7/5 20662/7/5
f 20664/7/5 20653/7/5 20652/7/5
f 20665/7/5 20653/7/5 20664/7/5
f 20668/6/5 20657/6/5 20656/6/5
f 20669/6/5 20657/6/5 20668/6/5
f 20670/6/5 20659/6/5 20658/6/5
f 20671/6/5 20659/6/5 20670/6/5
f 20672/6/5 20663/6/5 20662/6/5
f 20673/6/5 20663/6/5 20672/6/5
f 20674/6/5 20667/6/5 20666/6/5
f 20675/6/5 20667/6/5 20674/6/5
f 20680/6/5 20677/6/5 20676/6/5
f 20681/6/5 20677/6/5 20680/6/5
f 20684/6/5 20679/6/5 20678/6/5
f 20685/6/5 20679/6/5 20684/6/5
f 20686/6/5 20683/6/5 20682/6/5
f 20687/6/5 20683/6/5 20686/6/5
f 20697/7/5 20689/7/5 20688/7/5
f 20698/6/5 20690/6/5 20689/6/5
f 20698/7/5 20689/7/5 20697/7/5
f 20701/6/5 20690/6/5 20698/6/5
f 20702/6/5 20690/6/5 20701/6/5
f 20703/6/5 20692/6/5 20691/6/5
f 20704/6/5 20692/6/5 20703/6/5
f 20705/6/5 20694/6/5 20693/6/5
f 20706/6/5 20694/6/5 20705/6/5
f 20707/6/5 20696/6/5 20695/6/5
f 20708/6/5 20696/6/5 20707/6/5
f 20711/6/5 20700/6/5 20699/6/5
f 20712/6/5 20700/6/5 20711/6/5
f 20717/6/5 20710/6/5 20709/6/5
f 20718/6/5 20710/6/5 20717/6/5
f 20719/6/5 20714/6/5 20713/6/5
f 20720/6/5 20714/6/5 20719/6/5
f 20721/4/5 20716/4/5 20715/4/5
f 20722/4/5 20716/4/5 20721/4/5
f 20733/6/5 20724/6/5 20723/6/5
f 20734/6/5 20724/6/5 20733/6/5
f 20735/6/5 20726/6/5 20725/6/5
f 20736/6/5 20726/6/5 20735/6/5
f 20739/6/5 20728/6/5 20727/6/5
f 20740/6/5 20728/6/5 20739/6/5
f 20743/6/5 20730/6/5 20729/6/5
f 20744/6/5 20730/6/5 20743/6/5
f 20745/7/5 20740/7/5 20739/7/5
f 20746/7/5 20740/7/5 20745/7/5
f 20747/4/5 20742/4/5 20741/4/5
f 20748/4/5 20742/4/5 20747/4/5
f 20749/6/5 20732/6/5 20731/6/5
f 20750/6/5 20732/6/5 20749/6/5
f 20755/6/5 20738/6/5 20737/6/5
f 20756/6/5 20738/6/5 20755/6/5
f 20759/6/5 20752/6/5 20751/6/5
f 20760/6/5 20752/6/5 20759/6/5
f 20761/6/5 20754/6/5 20753/6/5
f 20762/6/5 20754/6/5 20761/6/5
f 20763/4/5 20758/4/5 20757/4/5
f 20764/4/5 20758/4/5 20763/4/5
f 20769/6/5 20766/6/5 20765/6/5
f 20770/6/5 20766/6/5 20769/6/5
f 20773/6/5 20768/6/5 20767/6/5
f 20774/6/5 20768/6/5 20773/6/5
f 20775/6/5 20772/6/5 20771/6/5
f 20776/6/5 20772/6/5 20775/6/5
f 20779/7/5 20778/7/5 20777/7/5
f 20780/7/5 20778/7/5 20779/7/5
f 20783/4/5 20782/4/5 20781/4/5
f 20784/4/5 20782/4/5 20783/4/5
f 20785/4/5 20782/4/5 20784/4/5
f 20792/6/5 20787/6/5 20786/6/5
f 20793/6/5 20787/6/5 20792/6/5
f 20794/4/5 20789/4/5 20788/4/5
f 20795/4/5 20789/4/5 20794/4/5
f 20796/4/5 20791/4/5 20790/4/5
f 20797/4/5 20791/4/5 20796/4/5
f 20807/6/5 20799/6/5 20798/6/5
f 20808/6/5 20799/6/5 20807/6/5
f 20809/6/5 20801/6/5 20800/6/5
f 20810/6/5 20801/6/5 20809/6/5
f 20811/4/5 20803/4/5 20802/4/5
f 20812/4/5 20803/4/5 20811/4/5
f 20813/4/5 20803/4/5 20812/4/5
f 20814/4/5 20806/4/5 20805/4/5
f 20814/4/5 20805/4/5 20804/4/5
f 20815/4/5 20806/4/5 20814/4/5
f 20824/4/5 20806/4/5 20815/4/5
f 20825/4/5 20806/4/5 20824/4/5
f 20826/7/5 20817/7/5 20816/7/5
f 20827/7/5 20817/7/5 20826/7/5
f 20828/6/5 20819/6/5 20818/6/5
f 20829/6/5 20819/6/5 20828/6/5
f 20830/6/5 20821/6/5 20820/6/5
f 20831/6/5 20821/6/5 20830/6/5
f 20832/7/5 20823/7/5 20822/7/5
f 20833/7/5 20823/7/5 20832/7/5
f 20842/4/5 20835/4/5 20834/4/5
f 20843/4/5 20835/4/5 20842/4/5
f 20844/4/5 20837/4/5 20836/4/5
f 20845/4/5 20837/4/5 20844/4/5
f 20846/6/5 20839/6/5 20838/6/5
f 20847/6/5 20839/6/5 20846/6/5
f 20848/6/5 20841/6/5 20840/6/5
f 20849/6/5 20841/6/5 20848/6/5
f 20855/4/5 20851/4/5 20850/4/5
f 20855/4/5 20852/4/5 20851/4/5
f 20856/4/5 20852/4/5 20855/4/5
f 20857/6/5 20854/6/5 20853/6/5
f 20858/6/5 20854/6/5 20857/6/5
f 20859/4/5 20852/4/5 20856/4/5
f 20860/4/5 20852/4/5 20859/4/5
f 20863/7/5 20862/7/5 20861/7/5
f 20864/7/5 20862/7/5 20863/7/5
f 20867/7/5 20866/7/5 20865/7/5
f 20868/7/5 20866/7/5 20867/7/5
f 20871/6/5 20870/6/5 20869/6/5
f 20872/6/5 20870/6/5 20871/6/5
f 20877/6/5 20874/6/5 20873/6/5
f 20878/6/5 20874/6/5 20877/6/5
f 20879/6/5 20876/6/5 20875/6/5
f 20880/6/5 20876/6/5 20879/6/5
f 20889/7/5 20882/7/5 20881/7/5
f 20890/7/5 20882/7/5 20889/7/5
f 20891/6/5 20884/6/5 20883/6/5
f 20892/6/5 20884/6/5 20891/6/5
f 20893/6/5 20886/6/5 20885/6/5
f 20894/6/5 20886/6/5 20893/6/5
f 20895/7/5 20888/7/5 20887/7/5
f 20896/7/5 20888/7/5 20895/7/5
f 20901/6/5 20898/6/5 20897/6/5
f 20902/6/5 20898/6/5 20901/6/5
f 20903/6/5 20900/6/5 20899/6/5
f 20904/6/5 20900/6/5 20903/6/5
f 20909/6/5 20908/6/5 20907/6/5
f 20910/6/5 20908/6/5 20909/6/5
f 20911/7/5 20906/7/5 20905/7/5
f 20912/7/5 20906/7/5 20911/7/5
f 20915/4/5 20914/4/5 20913/4/5
f 20916/4/5 20914/4/5 20915/4/5
f 20917/4/5 20914/4/5 20916/4/5
f 20922/6/5 20921/6/5 20920/6/5
f 20923/6/5 20921/6/5 20922/6/5
f 20924/7/5 20919/7/5 20918/7/5
f 20925/7/5 20919/7/5 20924/7/5
f 20934/4/5 20927/4/5 20926/4/5
f 20935/4/5 20927/4/5 20934/4/5
f 20936/4/5 20929/4/5 20928/4/5
f 20937/4/5 20929/4/5 20936/4/5
f 20938/6/5 20931/6/5 20930/6/5
f 20939/6/5 20931/6/5 20938/6/5
f 20940/6/5 20933/6/5 20932/6/5
f 20941/6/5 20933/6/5 20940/6/5
f 20956/4/5 20953/4/5 20952/4/5
f 20956/4/5 20952/4/5 20951/4/5
f 20957/4/5 20953/4/5 20956/4/5
f 20958/1/5 20943/1/5 20942/1/5
f 20959/7/5 20944/7/5 20943/7/5
f 20959/1/5 20943/1/5 20958/1/5
f 20960/7/5 20944/7/5 20959/7/5
f 20961/6/5 20946/6/5 20945/6/5
f 20962/6/5 20946/6/5 20961/6/5
f 20963/6/5 20948/6/5 20947/6/5
f 20964/6/5 20948/6/5 20963/6/5
f 20965/7/5 20950/7/5 20949/7/5
f 20966/7/5 20950/7/5 20965/7/5
f 20971/7/5 20955/7/5 20954/7/5
f 20972/7/5 20955/7/5 20971/7/5
f 20973/6/5 20968/6/5 20967/6/5
f 20974/6/5 20968/6/5 20973/6/5
f 20975/6/5 20970/6/5 20969/6/5
f 20976/6/5 20970/6/5 20975/6/5
f 20979/6/5 20978/6/5 20977/6/5
f 20980/6/5 20978/6/5 20979/6/5
f 20983/6/5 20982/6/5 20981/6/5
f 20984/6/5 20982/6/5 20983/6/5
f 20987/4/5 20986/4/5 20985/4/5
f 20988/4/5 20986/4/5 20987/4/5
f 20989/4/5 20986/4/5 20988/4/5
f 20996/6/5 20991/6/5 20990/6/5
f 20997/6/5 20991/6/5 20996/6/5
f 20998/6/5 20993/6/5 20992/6/5
f 20999/6/5 20993/6/5 20998/6/5
f 21000/7/5 20995/7/5 20994/7/5
f 21001/7/5 20995/7/5 21000/7/5
f 21014/7/5 21000/7/5 20994/7/5
f 21015/1/5 21001/1/5 21000/1/5
f 21015/7/5 21000/7/5 21014/7/5
f 21016/1/5 21001/1/5 21015/1/5
f 21017/4/5 21011/4/5 21010/4/5
f 21018/4/5 21011/4/5 21017/4/5
f 21019/4/5 21013/4/5 21012/4/5
f 21020/4/5 21013/4/5 21019/4/5
f 21021/7/5 21003/7/5 21002/7/5
f 21022/7/5 21003/7/5 21021/7/5
f 21023/6/5 21005/6/5 21004/6/5
f 21024/6/5 21005/6/5 21023/6/5
f 21025/6/5 21007/6/5 21006/6/5
f 21026/6/5 21007/6/5 21025/6/5
f 21027/7/5 21009/7/5 21008/7/5
f 21028/7/5 21009/7/5 21027/7/5
f 21036/6/5 21030/6/5 21029/6/5
f 21037/6/5 21030/6/5 21036/6/5
f 21038/6/5 21032/6/5 21031/6/5
f 21039/6/5 21032/6/5 21038/6/5
f 21040/4/5 21035/4/5 21034/4/5
f 21040/4/5 21034/4/5 21033/4/5
f 21041/4/5 21035/4/5 21040/4/5
f 21042/4/5 21035/4/5 21041/4/5
f 21043/4/5 21035/4/5 21042/4/5
f 21046/6/5 21045/6/5 21044/6/5
f 21047/6/5 21045/6/5 21046/6/5
f 21050/7/5 21049/7/5 21048/7/5
f 21051/7/5 21049/7/5 21050/7/5
f 21056/4/5 21053/4/5 21052/4/5
f 21057/4/5 21053/4/5 21056/4/5
f 21058/4/5 21053/4/5 21057/4/5
f 21059/7/5 21055/7/5 21054/7/5
f 21060/7/5 21055/7/5 21059/7/5
f 21065/6/5 21062/6/5 21061/6/5
f 21066/6/5 21062/6/5 21065/6/5
f 21067/4/5 21064/4/5 21063/4/5
f 21070/4/5 21067/4/5 21063/4/5
f 21071/4/5 21067/4/5 21070/4/5
f 21072/4/5 21069/4/5 21068/4/5
f 21073/4/5 21069/4/5 21072/4/5
f 21076/4/5 21075/4/5 21074/4/5
f 21077/4/5 21075/4/5 21076/4/5
f 21078/4/5 21075/4/5 21077/4/5
f 21092/4/5 21088/4/5 21087/4/5
f 21092/4/5 21089/4/5 21088/4/5
f 21093/4/5 21089/4/5 21092/4/5
f 21094/7/5 21080/7/5 21079/7/5
f 21095/7/5 21080/7/5 21094/7/5
f 21096/6/5 21082/6/5 21081/6/5
f 21097/6/5 21082/6/5 21096/6/5
f 21098/6/5 21084/6/5 21083/6/5
f 21099/6/5 21084/6/5 21098/6/5
f 21100/7/5 21086/7/5 21085/7/5
f 21101/7/5 21086/7/5 21100/7/5
f 21102/4/5 21091/4/5 21090/4/5
f 21105/4/5 21102/4/5 21090/4/5
f 21106/4/5 21102/4/5 21105/4/5
f 21107/4/5 21104/4/5 21103/4/5
f 21108/4/5 21104/4/5 21107/4/5
f 21114/6/5 21110/6/5 21109/6/5
f 21115/6/5 21110/6/5 21114/6/5
f 21116/4/5 21113/4/5 21112/4/5
f 21116/4/5 21112/4/5 21111/4/5
f 21117/4/5 21113/4/5 21116/4/5
f 21122/7/5 21119/7/5 21118/7/5
f 21123/7/5 21119/7/5 21122/7/5
f 21124/7/5 21121/7/5 21120/7/5
f 21125/7/5 21121/7/5 21124/7/5
f 21128/6/5 21127/6/5 21126/6/5
f 21129/6/5 21127/6/5 21128/6/5
f 21138/7/5 21131/7/5 21130/7/5
f 21139/7/5 21131/7/5 21138/7/5
f 21140/6/5 21133/6/5 21132/6/5
f 21141/6/5 21133/6/5 21140/6/5
f 21142/6/5 21135/6/5 21134/6/5
f 21143/6/5 21135/6/5 21142/6/5
f 21144/7/5 21137/7/5 21136/7/5
f 21145/7/5 21137/7/5 21144/7/5
f 21150/6/5 21147/6/5 21146/6/5
f 21151/6/5 21147/6/5 21150/6/5
f 21152/7/5 21149/7/5 21148/7/5
f 21153/7/5 21149/7/5 21152/7/5
f 21156/4/5 21155/4/5 21154/4/5
f 21157/4/5 21155/4/5 21156/4/5
f 21158/4/5 21155/4/5 21157/4/5
f 21164/6/5 21160/6/5 21159/6/5
f 21165/7/5 21161/7/5 21160/7/5
f 21165/6/5 21160/6/5 21164/6/5
f 21166/7/5 21161/7/5 21165/7/5
f 21167/6/5 21163/6/5 21162/6/5
f 21168/6/5 21163/6/5 21167/6/5
f 21173/4/5 21170/4/5 21169/4/5
f 21174/4/5 21170/4/5 21173/4/5
f 21175/4/5 21172/4/5 21171/4/5
f 21176/4/5 21172/4/5 21175/4/5
f 21185/7/5 21178/7/5 21177/7/5
f 21186/7/5 21178/7/5 21185/7/5
f 21187/6/5 21180/6/5 21179/6/5
f 21188/6/5 21180/6/5 21187/6/5
f 21189/6/5 21182/6/5 21181/6/5
f 21190/6/5 21182/6/5 21189/6/5
f 21191/7/5 21184/7/5 21183/7/5
f 21192/7/5 21184/7/5 21191/7/5
f 21198/4/5 21194/4/5 21193/4/5
f 21198/4/5 21195/4/5 21194/4/5
f 21199/4/5 21195/4/5 21198/4/5
f 21200/7/5 21197/7/5 21196/7/5
f 21201/7/5 21197/7/5 21200/7/5
f 21206/6/5 21203/6/5 21202/6/5
f 21207/6/5 21203/6/5 21206/6/5
f 21210/6/5 21205/6/5 21204/6/5
f 21211/6/5 21205/6/5 21210/6/5
f 21212/4/5 21209/4/5 21208/4/5
f 21213/4/5 21209/4/5 21212/4/5
f 21214/4/5 21209/4/5 21213/4/5
f 21217/7/5 21216/7/5 21215/7/5
f 21218/7/5 21216/7/5 21217/7/5
f 21229/4/5 21220/4/5 21219/4/5
f 21232/4/5 21229/4/5 21219/4/5
f 21233/4/5 21229/4/5 21232/4/5
f 21234/4/5 21231/4/5 21230/4/5
f 21235/4/5 21231/4/5 21234/4/5
f 21236/7/5 21222/7/5 21221/7/5
f 21237/7/5 21222/7/5 21236/7/5
f 21238/6/5 21224/6/5 21223/6/5
f 21239/6/5 21224/6/5 21238/6/5
f 21240/6/5 21226/6/5 21225/6/5
f 21241/6/5 21226/6/5 21240/6/5
f 21242/7/5 21228/7/5 21227/7/5
f 21243/7/5 21228/7/5 21242/7/5
f 21247/4/5 21245/4/5 21244/4/5
f 21247/4/5 21246/4/5 21245/4/5
f 21248/4/5 21246/4/5 21247/4/5
f 21251/6/5 21250/6/5 21249/6/5
f 21252/6/5 21250/6/5 21251/6/5
f 21255/7/5 21254/7/5 21253/7/5
f 21256/7/5 21254/7/5 21255/7/5
f 21259/6/5 21258/6/5 21257/6/5
f 21260/6/5 21258/6/5 21259/6/5
f 21263/4/5 21262/4/5 21261/4/5
f 21264/4/5 21262/4/5 21263/4/5
f 21267/4/5 21266/4/5 21265/4/5
f 21268/4/5 21266/4/5 21267/4/5
f 21274/7/5 21270/7/5 21269/7/5
f 21275/6/5 21271/6/5 21270/6/5
f 21275/7/5 21270/7/5 21274/7/5
f 21276/6/5 21273/6/5 21272/6/5
f 21277/6/5 21273/6/5 21276/6/5
f 21280/6/5 21275/6/5 21274/6/5
f 21281/6/5 21271/6/5 21275/6/5
f 21281/6/5 21275/6/5 21280/6/5
f 21282/6/5 21276/6/5 21272/6/5
f 21283/7/5 21277/7/5 21276/7/5
f 21283/6/5 21276/6/5 21282/6/5
f 21284/7/5 21277/7/5 21283/7/5
f 21285/4/5 21279/4/5 21278/4/5
f 21286/4/5 21279/4/5 21285/4/5
f 21289/4/5 21288/4/5 21287/4/5
f 21290/4/5 21288/4/5 21289/4/5
f 21293/6/5 21292/6/5 21291/6/5
f 21294/6/5 21292/6/5 21293/6/5
f 21295/6/5 21293/6/5 21291/6/5
f 21296/7/5 21294/7/5 21293/7/5
f 21296/6/5 21293/6/5 21295/6/5
f 21297/7/5 21294/7/5 21296/7/5
f 21298/7/5 21296/7/5 21295/7/5
f 21299/7/5 21296/7/5 21298/7/5
f 21304/6/5 21301/6/5 21300/6/5
f 21305/6/5 21301/6/5 21304/6/5
f 21307/6/5 21303/6/5 21302/6/5
f 21308/6/5 21303/6/5 21307/6/5
f 21310/6/5 21307/6/5 21306/6/5
f 21311/6/5 21307/6/5 21310/6/5
f 21312/6/5 21309/6/5 21308/6/5
f 21313/6/5 21309/6/5 21312/6/5
f 21314/6/5 21312/6/5 21311/6/5
f 21315/6/5 21312/6/5 21314/6/5
f 21321/7/5 21317/7/5 21316/7/5
f 21322/6/5 21318/6/5 21317/6/5
f 21322/7/5 21317/7/5 21321/7/5
f 21323/6/5 21320/6/5 21319/6/5
f 21324/6/5 21320/6/5 21323/6/5
f 21325/6/5 21322/6/5 21321/6/5
f 21326/6/5 21318/6/5 21322/6/5
f 21326/6/5 21322/6/5 21325/6/5
f 21327/6/5 21323/6/5 21319/6/5
f 21328/7/5 21324/7/5 21323/7/5
f 21328/6/5 21323/6/5 21327/6/5
f 21329/7/5 21324/7/5 21328/7/5
f 21334/6/5 21331/6/5 21330/6/5
f 21335/6/5 21331/6/5 21334/6/5
f 21336/6/5 21334/6/5 21330/6/5
f 21337/7/5 21335/7/5 21334/7/5
f 21337/6/5 21334/6/5 21336/6/5
f 21338/7/5 21335/7/5 21337/7/5
f 21339/6/5 21333/6/5 21332/6/5
f 21340/6/5 21333/6/5 21339/6/5
f 21343/4/5 21342/4/5 21341/4/5
f 21344/4/5 21342/4/5 21343/4/5
f 21347/4/5 21346/4/5 21345/4/5
f 21348/4/5 21346/4/5 21347/4/5
f 21354/7/5 21350/7/5 21349/7/5
f 21355/6/5 21351/6/5 21350/6/5
f 21355/7/5 21350/7/5 21354/7/5
f 21356/6/5 21353/6/5 21352/6/5
f 21357/6/5 21353/6/5 21356/6/5
f 21358/6/5 21355/6/5 21354/6/5
f 21359/6/5 21351/6/5 21355/6/5
f 21359/6/5 21355/6/5 21358/6/5
f 21360/6/5 21356/6/5 21352/6/5
f 21361/7/5 21357/7/5 21356/7/5
f 21361/6/5 21356/6/5 21360/6/5
f 21362/7/5 21357/7/5 21361/7/5
f 21365/6/5 21364/6/5 21363/6/5
f 21366/6/5 21364/6/5 21365/6/5
f 21369/6/5 21368/6/5 21367/6/5
f 21370/6/5 21368/6/5 21369/6/5
f 21371/6/5 21369/6/5 21367/6/5
f 21372/7/5 21370/7/5 21369/7/5
f 21372/6/5 21369/6/5 21371/6/5
f 21373/7/5 21370/7/5 21372/7/5
f 21374/7/5 21372/7/5 21371/7/5
f 21375/7/5 21372/7/5 21374/7/5
f 21383/4/5 21377/4/5 21376/4/5
f 21384/4/5 21377/4/5 21383/4/5
f 21387/7/5 21379/7/5 21378/7/5
f 21388/6/5 21380/6/5 21379/6/5
f 21388/7/5 21379/7/5 21387/7/5
f 21389/6/5 21382/6/5 21381/6/5
f 21390/6/5 21382/6/5 21389/6/5
f 21391/4/5 21386/4/5 21385/4/5
f 21392/4/5 21386/4/5 21391/4/5
f 21393/6/5 21388/6/5 21387/6/5
f 21394/6/5 21380/6/5 21388/6/5
f 21394/6/5 21388/6/5 21393/6/5
f 21395/6/5 21389/6/5 21381/6/5
f 21396/7/5 21390/7/5 21389/7/5
f 21396/6/5 21389/6/5 21395/6/5
f 21397/7/5 21390/7/5 21396/7/5
f 21400/6/5 21399/6/5 21398/6/5
f 21401/6/5 21399/6/5 21400/6/5
f 21402/6/5 21400/6/5 21398/6/5
f 21403/7/5 21401/7/5 21400/7/5
f 21403/6/5 21400/6/5 21402/6/5
f 21404/7/5 21401/7/5 21403/7/5
f 21405/7/5 21403/7/5 21402/7/5
f 21406/7/5 21403/7/5 21405/7/5
f 21410/2/5 21408/2/5 21407/2/5
f 21411/2/5 21408/2/5 21410/2/5
f 21415/2/5 21410/2/5 21409/2/5
f 21416/2/5 21410/2/5 21415/2/5
f 21417/2/5 21412/2/5 21411/2/5
f 21418/2/5 21412/2/5 21417/2/5
f 21419/3/5 21414/3/5 21413/3/5
f 21420/3/5 21414/3/5 21419/3/5
f 21421/2/5 21417/2/5 21416/2/5
f 21422/2/5 21417/2/5 21421/2/5
f 21425/4/5 21424/4/5 21423/4/5
f 21426/4/5 21424/4/5 21425/4/5
f 21427/4/5 21424/4/5 21426/4/5
f 21430/4/5 21429/4/5 21428/4/5
f 21431/4/5 21429/4/5 21430/4/5
f 21432/4/5 21429/4/5 21431/4/5
f 21436/2/5 21434/2/5 21433/2/5
f 21437/2/5 21434/2/5 21436/2/5
f 21443/6/5 21440/6/5 21439/6/5
f 21444/6/5 21440/6/5 21443/6/5
f 21445/2/5 21436/2/5 21435/2/5
f 21446/2/5 21436/2/5 21445/2/5
f 21447/2/5 21438/2/5 21437/2/5
f 21448/2/5 21438/2/5 21447/2/5
f 21449/3/5 21442/3/5 21441/3/5
f 21450/3/5 21442/3/5 21449/3/5
f 21455/2/5 21447/2/5 21446/2/5
f 21456/2/5 21447/2/5 21455/2/5
f 21457/6/5 21452/6/5 21451/6/5
f 21458/6/5 21452/6/5 21457/6/5
f 21459/6/5 21454/6/5 21453/6/5
f 21460/6/5 21454/6/5 21459/6/5
f 21463/6/5 21462/6/5 21461/6/5
f 21464/6/5 21462/6/5 21463/6/5
f 21467/4/5 21466/4/5 21465/4/5
f 21468/4/5 21466/4/5 21467/4/5
f 21469/4/5 21466/4/5 21468/4/5
f 21472/4/5 21471/4/5 21470/4/5
f 21473/4/5 21471/4/5 21472/4/5
f 21474/4/5 21471/4/5 21473/4/5
f 21477/2/5 21476/2/5 21475/2/5
f 21478/2/5 21476/2/5 21477/2/5
f 21481/2/5 21480/2/5 21479/2/5
f 21482/2/5 21480/2/5 21481/2/5
f 21491/2/5 21490/2/5 21489/2/5
f 21492/2/5 21490/2/5 21491/2/5
f 21493/2/5 21484/2/5 21483/2/5
f 21494/2/5 21484/2/5 21493/2/5
f 21495/2/5 21486/2/5 21485/2/5
f 21496/2/5 21486/2/5 21495/2/5
f 21497/2/5 21488/2/5 21487/2/5
f 21498/2/5 21488/2/5 21497/2/5
f 21499/2/5 21491/2/5 21489/2/5
f 21500/2/5 21491/2/5 21499/2/5
f 21505/4/5 21502/4/5 21501/4/5
f 21506/4/5 21502/4/5 21505/4/5
f 21507/2/5 21504/2/5 21503/2/5
f 21508/2/5 21504/2/5 21507/2/5
f 21511/2/5 21510/2/5 21509/2/5
f 21512/2/5 21510/2/5 21511/2/5
f 21515/4/5 21514/4/5 21513/4/5
f 21516/4/5 21514/4/5 21515/4/5
f 21519/2/5 21518/2/5 21517/2/5
f 21520/2/5 21518/2/5 21519/2/5
f 21523/2/5 21522/2/5 21521/2/5
f 21524/2/5 21522/2/5 21523/2/5
f 21535/6/5 21526/6/5 21525/6/5
f 21536/6/5 21526/6/5 21535/6/5
f 21537/2/5 21534/2/5 21533/2/5
f 21538/2/5 21534/2/5 21537/2/5
f 21539/2/5 21528/2/5 21527/2/5
f 21540/2/5 21528/2/5 21539/2/5
f 21541/2/5 21530/2/5 21529/2/5
f 21542/2/5 21530/2/5 21541/2/5
f 21543/2/5 21532/2/5 21531/2/5
f 21544/2/5 21532/2/5 21543/2/5
f 21545/2/5 21537/2/5 21533/2/5
f 21546/2/5 21537/2/5 21545/2/5
f 21553/2/5 21552/2/5 21551/2/5
f 21554/2/5 21552/2/5 21553/2/5
f 21555/6/5 21548/6/5 21547/6/5
f 21556/6/5 21548/6/5 21555/6/5
f 21557/6/5 21550/6/5 21549/6/5
f 21558/6/5 21550/6/5 21557/6/5
f 21563/2/5 21560/2/5 21559/2/5
f 21564/2/5 21560/2/5 21563/2/5
f 21565/6/5 21562/6/5 21561/6/5
f 21566/6/5 21562/6/5 21565/6/5
f 21569/4/5 21568/4/5 21567/4/5
f 21570/4/5 21568/4/5 21569/4/5
f 21574/6/5 21572/6/5 21571/6/5
f 21575/6/5 21572/6/5 21574/6/5
f 21577/6/5 21574/6/5 21573/6/5
f 21578/6/5 21574/6/5 21577/6/5
f 21579/6/5 21576/6/5 21575/6/5
f 21580/6/5 21576/6/5 21579/6/5
f 21581/6/5 21579/6/5 21578/6/5
f 21582/6/5 21579/6/5 21581/6/5
f 21585/4/5 21584/4/5 21583/4/5
f 21586/4/5 21584/4/5 21585/4/5
f 21589/2/5 21588/2/5 21587/2/5
f 21590/2/5 21588/2/5 21589/2/5
f 21597/2/5 21592/2/5 21591/2/5
f 21598/2/5 21592/2/5 21597/2/5
f 21599/2/5 21594/2/5 21593/2/5
f 21600/2/5 21594/2/5 21599/2/5
f 21601/4/5 21596/4/5 21595/4/5
f 21602/4/5 21596/4/5 21601/4/5
f 21606/2/5 21604/2/5 21603/2/5
f 21607/3/5 21605/3/5 21604/3/5
f 21607/2/5 21604/2/5 21606/2/5
f 21608/3/5 21605/3/5 21607/3/5
f 21611/4/5 21610/4/5 21609/4/5
f 21612/4/5 21610/4/5 21611/4/5
f 21615/2/5 21614/2/5 21613/2/5
f 21616/2/5 21614/2/5 21615/2/5
f 21621/6/5 21618/6/5 21617/6/5
f 21622/6/5 21618/6/5 21621/6/5
f 21629/6/5 21620/6/5 21619/6/5
f 21630/6/5 21620/6/5 21629/6/5
f 21631/6/5 21624/6/5 21623/6/5
f 21632/6/5 21624/6/5 21631/6/5
f 21639/2/5 21626/2/5 21625/2/5
f 21640/2/5 21626/2/5 21639/2/5
f 21641/2/5 21628/2/5 21627/2/5
f 21642/2/5 21628/2/5 21641/2/5
f 21643/1/5 21634/1/5 21633/1/5
f 21644/1/5 21634/1/5 21643/1/5
f 21645/6/5 21636/6/5 21635/6/5
f 21646/6/5 21636/6/5 21645/6/5
f 21647/6/5 21638/6/5 21637/6/5
f 21648/6/5 21638/6/5 21647/6/5
f 21654/6/5 21644/6/5 21643/6/5
f 21655/6/5 21644/6/5 21654/6/5
f 21660/6/5 21650/6/5 21649/6/5
f 21661/6/5 21650/6/5 21660/6/5
f 21662/2/5 21652/2/5 21651/2/5
f 21663/3/5 21653/3/5 21652/3/5
f 21663/2/5 21652/2/5 21662/2/5
f 21664/3/5 21653/3/5 21663/3/5
f 21665/6/5 21657/6/5 21656/6/5
f 21666/6/5 21657/6/5 21665/6/5
f 21667/6/5 21659/6/5 21658/6/5
f 21668/6/5 21659/6/5 21667/6/5
f 21669/1/5 21661/1/5 21660/1/5
f 21670/1/5 21661/1/5 21669/1/5
f 21676/6/5 21672/6/5 21671/6/5
f 21677/6/5 21672/6/5 21676/6/5
f 21680/1/5 21674/1/5 21673/1/5
f 21681/6/5 21675/6/5 21674/6/5
f 21681/1/5 21674/1/5 21680/1/5
f 21682/6/5 21675/6/5 21681/6/5
f 21683/6/5 21679/6/5 21678/6/5
f 21684/6/5 21679/6/5 21683/6/5
f 21687/4/5 21686/4/5 21685/4/5
f 21688/4/5 21686/4/5 21687/4/5
f 21691/6/5 21690/6/5 21689/6/5
f 21692/6/5 21690/6/5 21691/6/5
f 21697/6/5 21694/6/5 21693/6/5
f 21698/6/5 21694/6/5 21697/6/5
f 21699/6/5 21696/6/5 21695/6/5
f 21700/6/5 21696/6/5 21699/6/5
f 21703/6/5 21702/6/5 21701/6/5
f 21704/6/5 21702/6/5 21703/6/5
f 21707/4/5 21706/4/5 21705/4/5
f 21708/4/5 21706/4/5 21707/4/5
f 21711/1/5 21710/1/5 21709/1/5
f 21712/1/5 21710/1/5 21711/1/5
f 21715/6/5 21714/6/5 21713/6/5
f 21716/6/5 21714/6/5 21715/6/5
f 21723/6/5 21718/6/5 21717/6/5
f 21724/6/5 21718/6/5 21723/6/5
f 21725/6/5 21720/6/5 21719/6/5
f 21726/6/5 21720/6/5 21725/6/5
f 21727/1/5 21722/1/5 21721/1/5
f 21728/1/5 21722/1/5 21727/1/5
f 21731/6/5 21728/6/5 21727/6/5
f 21732/6/5 21728/6/5 21731/6/5
f 21733/6/5 21730/6/5 21729/6/5
f 21734/6/5 21730/6/5 21733/6/5
f 21739/6/5 21736/6/5 21735/6/5
f 21740/6/5 21736/6/5 21739/6/5
f 21741/6/5 21738/6/5 21737/6/5
f 21742/6/5 21738/6/5 21741/6/5
f 21745/6/5 21744/6/5 21743/6/5
f 21746/6/5 21744/6/5 21745/6/5
f 21749/6/5 21748/6/5 21747/6/5
f 21750/6/5 21748/6/5 21749/6/5
f 21755/6/5 21752/6/5 21751/6/5
f 21756/6/5 21752/6/5 21755/6/5
f 21757/6/5 21754/6/5 21753/6/5
f 21758/6/5 21754/6/5 21757/6/5
f 21761/6/5 21760/6/5 21759/6/5
f 21762/6/5 21760/6/5 21761/6/5
f 21765/1/5 21764/1/5 21763/1/5
f 21768/1/5 21765/1/5 21763/1/5
f 21768/1/5 21766/1/5 21765/1/5
f 21769/1/5 21766/1/5 21768/1/5
f 21770/1/5 21768/1/5 21767/1/5
f 21771/6/5 21769/6/5 21768/6/5
f 21771/1/5 21768/1/5 21770/1/5
f 21772/6/5 21769/6/5 21771/6/5
f 21777/1/5 21774/1/5 21773/1/5
f 21778/1/5 21774/1/5 21777/1/5
f 21781/6/5 21776/6/5 21775/6/5
f 21782/1/5 21779/1/5 21778/1/5
f 21783/1/5 21779/1/5 21782/1/5
f 21784/1/5 21781/1/5 21780/1/5
f 21785/6/5 21776/6/5 21781/6/5
f 21785/1/5 21781/1/5 21784/1/5
f 21786/6/5 21776/6/5 21785/6/5
f 21787/6/5 21778/6/5 21777/6/5
f 21788/1/5 21782/1/5 21778/1/5
f 21788/6/5 21778/6/5 21787/6/5
f 21789/1/5 21782/1/5 21788/1/5
f 21792/6/5 21791/6/5 21790/6/5
f 21793/6/5 21791/6/5 21792/6/5
f 21794/6/5 21791/6/5 21793/6/5
f 21795/1/5 21794/1/5 21793/1/5
f 21796/1/5 21794/1/5 21795/1/5
f 21801/6/5 21798/6/5 21797/6/5
f 21802/6/5 21798/6/5 21801/6/5
f 21805/6/5 21800/6/5 21799/6/5
f 21806/6/5 21800/6/5 21805/6/5
f 21807/6/5 21804/6/5 21803/6/5
f 21808/6/5 21804/6/5 21807/6/5
f 21815/6/5 21810/6/5 21809/6/5
f 21816/6/5 21810/6/5 21815/6/5
f 21817/6/5 21812/6/5 21811/6/5
f 21818/6/5 21812/6/5 21817/6/5
f 21821/6/5 21814/6/5 21813/6/5
f 21822/6/5 21814/6/5 21821/6/5
f 21827/6/5 21820/6/5 21819/6/5
f 21828/6/5 21820/6/5 21827/6/5
f 21829/6/5 21824/6/5 21823/6/5
f 21830/6/5 21824/6/5 21829/6/5
f 21831/6/5 21826/6/5 21825/6/5
f 21832/6/5 21826/6/5 21831/6/5
f 21837/6/5 21834/6/5 21833/6/5
f 21838/6/5 21834/6/5 21837/6/5
f 21841/6/5 21836/6/5 21835/6/5
f 21842/6/5 21836/6/5 21841/6/5
f 21843/6/5 21840/6/5 21839/6/5
f 21844/6/5 21840/6/5 21843/6/5
f 21849/1/5 21848/1/5 21847/1/5
f 21850/1/5 21848/1/5 21849/1/5
f 21852/1/5 21851/1/5 21850/1/5
f 21853/1/5 21851/1/5 21852/1/5
f 21854/1/5 21846/1/5 21845/1/5
f 21855/1/5 21846/1/5 21854/1/5
f 21861/1/5 21857/1/5 21856/1/5
f 21862/1/5 21857/1/5 21861/1/5
f 21864/1/5 21859/1/5 21858/1/5
f 21865/6/5 21860/6/5 21859/6/5
f 21865/1/5 21859/1/5 21864/1/5
f 21866/6/5 21860/6/5 21865/6/5
f 21868/1/5 21863/1/5 21862/1/5
f 21869/6/5 21865/6/5 21864/6/5
f 21870/6/5 21865/6/5 21869/6/5
f 21871/1/5 21868/1/5 21867/1/5
f 21872/1/5 21863/1/5 21868/1/5
f 21872/1/5 21868/1/5 21871/1/5
f 21875/6/5 21874/6/5 21873/6/5
f 21877/6/5 21875/6/5 21873/6/5
f 21878/1/5 21876/1/5 21875/1/5
f 21878/6/5 21875/6/5 21877/6/5
f 21879/1/5 21876/1/5 21878/1/5
f 21880/1/5 21878/1/5 21877/1/5
f 21881/1/5 21878/1/5 21880/1/5
f 21885/7/5 21883/7/5 21882/7/5
f 21885/1/5 21884/1/5 21883/1/5
f 21886/1/5 21884/1/5 21885/1/5
f 21887/7/5 21885/7/5 21882/7/5
f 21887/7/5 21886/7/5 21885/7/5
f 21888/7/5 21886/7/5 21887/7/5
f 21891/6/5 21890/6/5 21889/6/5
f 21892/6/5 21890/6/5 21891/6/5
f 21897/6/5 21894/6/5 21893/6/5
f 21898/6/5 21894/6/5 21897/6/5
f 21899/6/5 21896/6/5 21895/6/5
f 21900/6/5 21896/6/5 21899/6/5
f 21910/7/5 21908/7/5 21907/7/5
f 21910/1/5 21909/1/5 21908/1/5
f 21911/1/5 21909/1/5 21910/1/5
f 21912/7/5 21902/7/5 21901/7/5
f 21913/7/5 21902/7/5 21912/7/5
f 21914/6/5 21904/6/5 21903/6/5
f 21915/6/5 21904/6/5 21914/6/5
f 21916/6/5 21906/6/5 21905/6/5
f 21917/6/5 21906/6/5 21916/6/5
f 21918/7/5 21910/7/5 21907/7/5
f 21918/7/5 21911/7/5 21910/7/5
f 21919/7/5 21911/7/5 21918/7/5
f 21924/6/5 21921/6/5 21920/6/5
f 21925/6/5 21921/6/5 21924/6/5
f 21926/6/5 21923/6/5 21922/6/5
f 21927/6/5 21923/6/5 21926/6/5
f 21930/6/5 21929/6/5 21928/6/5
f 21931/6/5 21929/6/5 21930/6/5
f 21934/7/5 21933/7/5 21932/7/5
f 21935/7/5 21933/7/5 21934/7/5
f 21936/1/5 21935/1/5 21934/1/5
f 21937/7/5 21933/7/5 21935/7/5
f 21937/1/5 21935/1/5 21936/1/5
f 21938/7/5 21933/7/5 21937/7/5
f 21942/2/5 21940/2/5 21939/2/5
f 21943/2/5 21940/2/5 21942/2/5
f 21945/2/5 21942/2/5 21941/2/5
f 21946/2/5 21942/2/5 21945/2/5
f 21947/2/5 21944/2/5 21943/2/5
f 21948/2/5 21944/2/5 21947/2/5
f 21949/2/5 21947/2/5 21946/2/5
f 21950/2/5 21947/2/5 21949/2/5
f 21953/4/5 21952/4/5 21951/4/5
f 21954/4/5 21952/4/5 21953/4/5
f 21958/2/5 21956/2/5 21955/2/5
f 21959/2/5 21956/2/5 21958/2/5
f 21961/2/5 21958/2/5 21957/2/5
f 21962/2/5 21958/2/5 21961/2/5
f 21963/2/5 21960/2/5 21959/2/5
f 21964/2/5 21960/2/5 21963/2/5
f 21965/2/5 21963/2/5 21962/2/5
f 21966/2/5 21963/2/5 21965/2/5
f 21969/4/5 21968/4/5 21967/4/5
f 21970/4/5 21968/4/5 21969/4/5
f 21974/7/5 21972/7/5 21971/7/5
f 21975/1/5 21973/1/5 21972/1/5
f 21975/7/5 21972/7/5 21974/7/5
f 21976/1/5 21973/1/5 21975/1/5
f 21979/6/5 21978/6/5 21977/6/5
f 21980/6/5 21978/6/5 21979/6/5
f 21989/7/5 21982/7/5 21981/7/5
f 21990/7/5 21982/7/5 21989/7/5
f 21991/6/5 21984/6/5 21983/6/5
f 21992/6/5 21984/6/5 21991/6/5
f 21993/6/5 21986/6/5 21985/6/5
f 21994/6/5 21986/6/5 21993/6/5
f 21995/7/5 21988/7/5 21987/7/5
f 21996/7/5 21988/7/5 21995/7/5
f 21999/6/5 21998/6/5 21997/6/5
f 22000/6/5 21998/6/5 21999/6/5
f 22003/7/5 22002/7/5 22001/7/5
f 22004/7/5 22002/7/5 22003/7/5
f 22007/2/5 22006/2/5 22005/2/5
f 22008/2/5 22006/2/5 22007/2/5
f 22013/2/5 22010/2/5 22009/2/5
f 22014/2/5 22010/2/5 22013/2/5
f 22015/2/5 22012/2/5 22011/2/5
f 22016/2/5 22012/2/5 22015/2/5
f 22019/2/5 22018/2/5 22017/2/5
f 22020/2/5 22018/2/5 22019/2/5
f 22023/2/5 22022/2/5 22021/2/5
f 22024/2/5 22022/2/5 22023/2/5
f 22029/2/5 22026/2/5 22025/2/5
f 22030/2/5 22026/2/5 22029/2/5
f 22031/2/5 22028/2/5 22027/2/5
f 22032/2/5 22028/2/5 22031/2/5
f 22035/2/5 22034/2/5 22033/2/5
f 22036/2/5 22034/2/5 22035/2/5
f 22040/6/5 22038/6/5 22037/6/5
f 22040/6/5 22039/6/5 22038/6/5
f 22041/6/5 22039/6/5 22040/6/5
f 22047/7/5 22043/7/5 22042/7/5
f 22048/6/5 22044/6/5 22043/6/5
f 22048/7/5 22043/7/5 22047/7/5
f 22049/6/5 22046/6/5 22045/6/5
f 22050/6/5 22046/6/5 22049/6/5
f 22051/6/5 22048/6/5 22047/6/5
f 22052/6/5 22044/6/5 22048/6/5
f 22052/6/5 22048/6/5 22051/6/5
f 22053/6/5 22049/6/5 22045/6/5
f 22054/7/5 22050/7/5 22049/7/5
f 22054/6/5 22049/6/5 22053/6/5
f 22055/7/5 22050/7/5 22054/7/5
f 22058/6/5 22057/6/5 22056/6/5
f 22059/6/5 22057/6/5 22058/6/5
f 22060/6/5 22058/6/5 22056/6/5
f 22061/7/5 22059/7/5 22058/7/5
f 22061/6/5 22058/6/5 22060/6/5
f 22062/7/5 22059/7/5 22061/7/5
f 22063/7/5 22061/7/5 22060/7/5
f 22064/7/5 22061/7/5 22063/7/5
f 22067/3/5 22066/3/5 22065/3/5
f 22068/3/5 22066/3/5 22067/3/5
f 22070/2/5 22068/2/5 22067/2/5
f 22070/2/5 22069/2/5 22068/2/5
f 22071/2/5 22069/2/5 22070/2/5
f 22076/2/5 22073/2/5 22072/2/5
f 22077/2/5 22073/2/5 22076/2/5
f 22078/2/5 22075/2/5 22074/2/5
f 22079/2/5 22075/2/5 22078/2/5
f 22083/3/5 22081/3/5 22080/3/5
f 22084/3/5 22081/3/5 22083/3/5
f 22085/2/5 22083/2/5 22082/2/5
f 22086/2/5 22083/2/5 22085/2/5
f 22089/3/5 22088/3/5 22087/3/5
f 22090/3/5 22088/3/5 22089/3/5
f 22092/2/5 22090/2/5 22089/2/5
f 22092/2/5 22091/2/5 22090/2/5
f 22093/2/5 22091/2/5 22092/2/5
f 22104/2/5 22095/2/5 22094/2/5
f 22105/2/5 22095/2/5 22104/2/5
f 22106/2/5 22097/2/5 22096/2/5
f 22107/2/5 22097/2/5 22106/2/5
f 22109/6/5 22099/6/5 22098/6/5
f 22110/6/5 22099/6/5 22109/6/5
f 22112/2/5 22101/2/5 22100/2/5
f 22113/2/5 22101/2/5 22112/2/5
f 22114/4/5 22103/4/5 22102/4/5
f 22115/4/5 22103/4/5 22114/4/5
f 22119/3/5 22117/3/5 22116/3/5
f 22120/3/5 22117/3/5 22119/3/5
f 22121/6/5 22109/6/5 22108/6/5
f 22122/6/5 22109/6/5 22121/6/5
f 22123/6/5 22111/6/5 22110/6/5
f 22124/6/5 22111/6/5 22123/6/5
f 22125/2/5 22119/2/5 22118/2/5
f 22126/2/5 22119/2/5 22125/2/5
f 22127/6/5 22123/6/5 22122/6/5
f 22128/6/5 22123/6/5 22127/6/5
f 22135/2/5 22130/2/5 22129/2/5
f 22136/2/5 22130/2/5 22135/2/5
f 22137/4/5 22132/4/5 22131/4/5
f 22138/4/5 22132/4/5 22137/4/5
f 22139/4/5 22134/4/5 22133/4/5
f 22140/4/5 22134/4/5 22139/4/5
f 22143/4/5 22142/4/5 22141/4/5
f 22144/4/5 22142/4/5 22143/4/5
f 22149/6/5 22146/6/5 22145/6/5
f 22150/6/5 22146/6/5 22149/6/5
f 22153/4/5 22148/4/5 22147/4/5
f 22154/4/5 22148/4/5 22153/4/5
f 22162/4/5 22155/4/5 22154/4/5
f 22163/4/5 22155/4/5 22162/4/5
f 22164/2/5 22152/2/5 22151/2/5
f 22165/2/5 22152/2/5 22164/2/5
f 22166/2/5 22161/2/5 22160/2/5
f 22167/2/5 22161/2/5 22166/2/5
f 22168/6/5 22157/6/5 22156/6/5
f 22169/6/5 22157/6/5 22168/6/5
f 22170/6/5 22159/6/5 22158/6/5
f 22171/6/5 22159/6/5 22170/6/5
f 22174/6/5 22173/6/5 22172/6/5
f 22175/6/5 22173/6/5 22174/6/5
f 22178/4/5 22177/4/5 22176/4/5
f 22179/4/5 22177/4/5 22178/4/5
f 22184/4/5 22181/4/5 22180/4/5
f 22185/4/5 22181/4/5 22184/4/5
f 22187/2/5 22183/2/5 22182/2/5
f 22190/4/5 22186/4/5 22185/4/5
f 22191/4/5 22186/4/5 22190/4/5
f 22192/2/5 22187/2/5 22182/2/5
f 22193/2/5 22187/2/5 22192/2/5
f 22194/2/5 22189/2/5 22188/2/5
f 22195/2/5 22189/2/5 22194/2/5
f 22198/4/5 22197/4/5 22196/4/5
f 22199/4/5 22197/4/5 22198/4/5
f 22202/4/5 22201/4/5 22200/4/5
f 22203/4/5 22201/4/5 22202/4/5
f 22204/2/5 22203/2/5 22202/2/5
f 22205/2/5 22203/2/5 22204/2/5
f 22206/4/5 22205/4/5 22204/4/5
f 22207/4/5 22205/4/5 22206/4/5
f 22210/6/5 22209/6/5 22208/6/5
f 22211/6/5 22209/6/5 22210/6/5
f 22215/2/5 22213/2/5 22212/2/5
f 22216/2/5 22213/2/5 22215/2/5
f 22224/2/5 22215/2/5 22214/2/5
f 22225/2/5 22215/2/5 22224/2/5
f 22226/2/5 22217/2/5 22216/2/5
f 22227/2/5 22217/2/5 22226/2/5
f 22228/2/5 22223/2/5 22222/2/5
f 22229/2/5 22223/2/5 22228/2/5
f 22230/6/5 22219/6/5 22218/6/5
f 22231/6/5 22219/6/5 22230/6/5
f 22232/6/5 22221/6/5 22220/6/5
f 22233/6/5 22221/6/5 22232/6/5
f 22234/2/5 22226/2/5 22225/2/5
f 22235/2/5 22226/2/5 22234/2/5
f 22238/6/5 22237/6/5 22236/6/5
f 22239/6/5 22237/6/5 22238/6/5
f 22242/2/5 22241/2/5 22240/2/5
f 22243/2/5 22241/2/5 22242/2/5
f 22244/2/5 22241/2/5 22243/2/5
f 22247/4/5 22246/4/5 22245/4/5
f 22248/4/5 22246/4/5 22247/4/5
f 22249/2/5 22248/2/5 22247/2/5
f 22250/2/5 22248/2/5 22249/2/5
f 22251/4/5 22250/4/5 22249/4/5
f 22252/4/5 22250/4/5 22251/4/5
f 22256/2/5 22254/2/5 22253/2/5
f 22257/2/5 22254/2/5 22256/2/5
f 22259/2/5 22256/2/5 22255/2/5
f 22264/2/5 22256/2/5 22259/2/5
f 22265/2/5 22256/2/5 22264/2/5
f 22266/2/5 22258/2/5 22257/2/5
f 22267/2/5 22258/2/5 22266/2/5
f 22268/2/5 22261/2/5 22260/2/5
f 22269/2/5 22261/2/5 22268/2/5
f 22270/4/5 22263/4/5 22262/4/5
f 22271/4/5 22263/4/5 22270/4/5
f 22272/2/5 22266/2/5 22265/2/5
f 22273/2/5 22266/2/5 22272/2/5
f 22274/2/5 22266/2/5 22273/2/5
f 22279/2/5 22276/2/5 22275/2/5
f 22280/2/5 22276/2/5 22279/2/5
f 22281/2/5 22276/2/5 22280/2/5
f 22283/6/5 22278/6/5 22277/6/5
f 22284/6/5 22278/6/5 22283/6/5
f 22286/6/5 22283/6/5 22282/6/5
f 22287/6/5 22283/6/5 22286/6/5
f 22288/6/5 22285/6/5 22284/6/5
f 22289/6/5 22285/6/5 22288/6/5
f 22290/6/5 22288/6/5 22287/6/5
f 22291/6/5 22288/6/5 22290/6/5
f 22294/4/5 22293/4/5 22292/4/5
f 22295/4/5 22293/4/5 22294/4/5
f 22300/2/5 22297/2/5 22296/2/5
f 22301/2/5 22297/2/5 22300/2/5
f 22304/6/5 22299/6/5 22298/6/5
f 22305/6/5 22299/6/5 22304/6/5
f 22310/6/5 22303/6/5 22302/6/5
f 22311/6/5 22303/6/5 22310/6/5
f 22312/6/5 22307/6/5 22306/6/5
f 22313/6/5 22307/6/5 22312/6/5
f 22314/2/5 22309/2/5 22308/2/5
f 22315/2/5 22309/2/5 22314/2/5
f 22327/6/5 22317/6/5 22316/6/5
f 22328/6/5 22317/6/5 22327/6/5
f 22329/6/5 22319/6/5 22318/6/5
f 22330/6/5 22319/6/5 22329/6/5
f 22333/2/5 22323/2/5 22322/2/5
f 22333/4/5 22324/4/5 22323/4/5
f 22334/4/5 22324/4/5 22333/4/5
f 22336/2/5 22321/2/5 22320/2/5
f 22337/2/5 22321/2/5 22336/2/5
f 22338/2/5 22333/2/5 22322/2/5
f 22339/2/5 22333/2/5 22338/2/5
f 22340/2/5 22335/2/5 22334/2/5
f 22341/2/5 22335/2/5 22340/2/5
f 22342/6/5 22326/6/5 22325/6/5
f 22343/6/5 22326/6/5 22342/6/5
f 22348/6/5 22332/6/5 22331/6/5
f 22349/6/5 22332/6/5 22348/6/5
f 22352/6/5 22345/6/5 22344/6/5
f 22353/6/5 22345/6/5 22352/6/5
f 22354/6/5 22347/6/5 22346/6/5
f 22355/6/5 22347/6/5 22354/6/5
f 22356/2/5 22351/2/5 22350/2/5
f 22357/2/5 22351/2/5 22356/2/5
f 22364/6/5 22359/6/5 22358/6/5
f 22365/6/5 22359/6/5 22364/6/5
f 22368/6/5 22361/6/5 22360/6/5
f 22369/6/5 22361/6/5 22368/6/5
f 22370/2/5 22363/2/5 22362/2/5
f 22371/2/5 22363/2/5 22370/2/5
f 22372/6/5 22367/6/5 22366/6/5
f 22373/6/5 22367/6/5 22372/6/5
f 22376/4/5 22375/4/5 22374/4/5
f 22377/4/5 22375/4/5 22376/4/5
f 22380/2/5 22379/2/5 22378/2/5
f 22381/2/5 22379/2/5 22380/2/5
f 22384/2/5 22383/2/5 22382/2/5
f 22385/2/5 22383/2/5 22384/2/5
f 22391/2/5 22387/2/5 22386/2/5
f 22392/2/5 22387/2/5 22391/2/5
f 22393/4/5 22390/4/5 22389/4/5
f 22393/2/5 22389/2/5 22388/2/5
f 22394/4/5 22390/4/5 22393/4/5
f 22398/2/5 22393/2/5 22388/2/5
f 22399/2/5 22393/2/5 22398/2/5
f 22400/2/5 22395/2/5 22394/2/5
f 22401/2/5 22395/2/5 22400/2/5
f 22402/4/5 22397/4/5 22396/4/5
f 22403/4/5 22397/4/5 22402/4/5
f 22406/2/5 22405/2/5 22404/2/5
f 22407/2/5 22405/2/5 22406/2/5
f 22408/4/5 22407/4/5 22406/4/5
f 22409/4/5 22407/4/5 22408/4/5
f 22413/2/5 22410/2/5 22409/2/5
f 22413/2/5 22409/2/5 22408/2/5
f 22414/2/5 22410/2/5 22413/2/5
f 22415/6/5 22412/6/5 22411/6/5
f 22416/6/5 22412/6/5 22415/6/5
f 22421/6/5 22418/6/5 22417/6/5
f 22422/6/5 22418/6/5 22421/6/5
f 22423/6/5 22420/6/5 22419/6/5
f 22424/6/5 22420/6/5 22423/6/5
f 22427/6/5 22426/6/5 22425/6/5
f 22428/6/5 22426/6/5 22427/6/5
f 22431/6/5 22430/6/5 22429/6/5
f 22432/6/5 22430/6/5 22431/6/5
f 22435/2/5 22434/2/5 22433/2/5
f 22436/2/5 22434/2/5 22435/2/5
f 22441/6/5 22438/6/5 22437/6/5
f 22442/6/5 22438/6/5 22441/6/5
f 22443/6/5 22440/6/5 22439/6/5
f 22444/6/5 22440/6/5 22443/6/5
f 22451/2/5 22450/2/5 22449/2/5
f 22452/2/5 22450/2/5 22451/2/5
f 22453/6/5 22446/6/5 22445/6/5
f 22454/6/5 22446/6/5 22453/6/5
f 22455/6/5 22448/6/5 22447/6/5
f 22456/6/5 22448/6/5 22455/6/5
f 22463/6/5 22458/6/5 22457/6/5
f 22464/6/5 22458/6/5 22463/6/5
f 22465/6/5 22460/6/5 22459/6/5
f 22466/6/5 22460/6/5 22465/6/5
f 22467/2/5 22462/2/5 22461/2/5
f 22468/2/5 22462/2/5 22467/2/5
f 22471/6/5 22470/6/5 22469/6/5
f 22472/6/5 22470/6/5 22471/6/5
f 22475/2/5 22474/2/5 22473/2/5
f 22476/2/5 22474/2/5 22475/2/5
f 22479/2/5 22478/2/5 22477/2/5
f 22480/2/5 22478/2/5 22479/2/5
f 22485/2/5 22482/2/5 22481/2/5
f 22486/2/5 22482/2/5 22485/2/5
f 22487/6/5 22484/6/5 22483/6/5
f 22488/6/5 22484/6/5 22487/6/5
f 22493/6/5 22490/6/5 22489/6/5
f 22494/6/5 22490/6/5 22493/6/5
f 22495/6/5 22492/6/5 22491/6/5
f 22496/6/5 22492/6/5 22495/6/5
f 22499/6/5 22498/6/5 22497/6/5
f 22500/6/5 22498/6/5 22499/6/5
f 22503/6/5 22502/6/5 22501/6/5
f 22504/6/5 22502/6/5 22503/6/5
f 22509/6/5 22506/6/5 22505/6/5
f 22510/6/5 22506/6/5 22509/6/5
f 22511/6/5 22508/6/5 22507/6/5
f 22512/6/5 22508/6/5 22511/6/5
f 22515/6/5 22514/6/5 22513/6/5
f 22516/6/5 22514/6/5 22515/6/5
f 22521/6/5 22518/6/5 22517/6/5
f 22522/6/5 22518/6/5 22521/6/5
f 22525/6/5 22520/6/5 22519/6/5
f 22526/6/5 22520/6/5 22525/6/5
f 22527/6/5 22524/6/5 22523/6/5
f 22528/6/5 22524/6/5 22527/6/5
f 22535/6/5 22530/6/5 22529/6/5
f 22536/6/5 22530/6/5 22535/6/5
f 22537/6/5 22532/6/5 22531/6/5
f 22538/6/5 22532/6/5 22537/6/5
f 22541/6/5 22534/6/5 22533/6/5
f 22542/6/5 22534/6/5 22541/6/5
f 22547/6/5 22540/6/5 22539/6/5
f 22548/6/5 22540/6/5 22547/6/5
f 22549/6/5 22544/6/5 22543/6/5
f 22550/6/5 22544/6/5 22549/6/5
f 22551/6/5 22546/6/5 22545/6/5
f 22552/6/5 22546/6/5 22551/6/5
f 22557/6/5 22554/6/5 22553/6/5
f 22558/6/5 22554/6/5 22557/6/5
f 22561/6/5 22556/6/5 22555/6/5
f 22562/6/5 22556/6/5 22561/6/5
f 22563/6/5 22560/6/5 22559/6/5
f 22564/6/5 22560/6/5 22563/6/5
f 22567/1/5 22566/1/5 22565/1/5
f 22568/1/5 22566/1/5 22567/1/5
f 22570/6/5 22568/6/5 22567/6/5
f 22570/1/5 22569/1/5 22568/1/5
f 22571/1/5 22569/1/5 22570/1/5
f 22572/6/5 22570/6/5 22567/6/5
f 22572/6/5 22571/6/5 22570/6/5
f 22573/6/5 22571/6/5 22572/6/5
f 22581/1/5 22575/1/5 22574/1/5
f 22582/1/5 22575/1/5 22581/1/5
f 22584/1/5 22577/1/5 22576/1/5
f 22586/1/5 22579/1/5 22578/1/5
f 22587/6/5 22580/6/5 22579/6/5
f 22587/1/5 22579/1/5 22586/1/5
f 22588/6/5 22584/6/5 22583/6/5
f 22589/1/5 22577/1/5 22584/1/5
f 22589/6/5 22584/6/5 22588/6/5
f 22590/1/5 22577/1/5 22589/1/5
f 22591/1/5 22586/1/5 22585/1/5
f 22592/6/5 22587/6/5 22586/6/5
f 22592/1/5 22586/1/5 22591/1/5
f 22593/6/5 22580/6/5 22587/6/5
f 22593/6/5 22587/6/5 22592/6/5
f 22594/6/5 22580/6/5 22593/6/5
f 22595/6/5 22588/6/5 22583/6/5
f 22596/1/5 22589/1/5 22588/1/5
f 22596/6/5 22588/6/5 22595/6/5
f 22597/1/5 22589/1/5 22596/1/5
f 22598/1/5 22593/1/5 22592/1/5
f 22599/1/5 22593/1/5 22598/1/5
f 22603/6/5 22601/6/5 22600/6/5
f 22604/6/5 22601/6/5 22603/6/5
f 22605/6/5 22601/6/5 22604/6/5
f 22606/1/5 22603/1/5 22602/1/5
f 22607/6/5 22604/6/5 22603/6/5
f 22607/1/5 22603/1/5 22606/1/5
f 22608/6/5 22604/6/5 22607/6/5
f 22609/1/5 22608/1/5 22607/1/5
f 22610/1/5 22608/1/5 22609/1/5
f 22613/7/5 22612/7/5 22611/7/5
f 22614/7/5 22612/7/5 22613/7/5
f 22617/6/5 22616/6/5 22615/6/5
f 22618/6/5 22616/6/5 22617/6/5
f 22623/6/5 22620/6/5 22619/6/5
f 22624/6/5 22620/6/5 22623/6/5
f 22625/6/5 22622/6/5 22621/6/5
f 22626/6/5 22622/6/5 22625/6/5
f 22636/1/5 22628/1/5 22627/1/5
f 22637/7/5 22629/7/5 22628/7/5
f 22637/1/5 22628/1/5 22636/1/5
f 22638/7/5 22635/7/5 22634/7/5
f 22639/7/5 22635/7/5 22638/7/5
f 22640/7/5 22637/7/5 22636/7/5
f 22641/7/5 22629/7/5 22637/7/5
f 22641/7/5 22637/7/5 22640/7/5
f 22642/6/5 22631/6/5 22630/6/5
f 22643/6/5 22631/6/5 22642/6/5
f 22644/6/5 22633/6/5 22632/6/5
f 22645/6/5 22633/6/5 22644/6/5
f 22646/7/5 22638/7/5 22634/7/5
f 22647/1/5 22639/1/5 22638/1/5
f 22647/7/5 22638/7/5 22646/7/5
f 22648/1/5 22639/1/5 22647/1/5
f 22653/6/5 22650/6/5 22649/6/5
f 22654/6/5 22650/6/5 22653/6/5
f 22655/6/5 22652/6/5 22651/6/5
f 22656/6/5 22652/6/5 22655/6/5
f 22659/6/5 22658/6/5 22657/6/5
f 22660/6/5 22658/6/5 22659/6/5
f 22663/7/5 22662/7/5 22661/7/5
f 22664/7/5 22662/7/5 22663/7/5
f 22665/1/5 22664/1/5 22663/1/5
f 22666/1/5 22664/1/5 22665/1/5
f 22669/1/5 22668/1/5 22667/1/5
f 22670/1/5 22668/1/5 22669/1/5
f 22673/1/5 22672/1/5 22671/1/5
f 22674/1/5 22672/1/5 22673/1/5
f 22677/7/5 22676/7/5 22675/7/5
f 22678/7/5 22676/7/5 22677/7/5
f 22681/6/5 22680/6/5 22679/6/5
f 22682/6/5 22680/6/5 22681/6/5
f 22691/7/5 22684/7/5 22683/7/5
f 22692/7/5 22684/7/5 22691/7/5
f 22693/6/5 22686/6/5 22685/6/5
f 22694/6/5 22686/6/5 22693/6/5
f 22695/6/5 22688/6/5 22687/6/5
f 22696/6/5 22688/6/5 22695/6/5
f 22697/7/5 22690/7/5 22689/7/5
f 22698/7/5 22690/7/5 22697/7/5
f 22701/6/5 22700/6/5 22699/6/5
f 22702/6/5 22700/6/5 22701/6/5
f 22705/7/5 22704/7/5 22703/7/5
f 22706/7/5 22704/7/5 22705/7/5
f 22709/1/5 22708/1/5 22707/1/5
f 22710/1/5 22708/1/5 22709/1/5
f 22713/1/5 22712/1/5 22711/1/5
f 22714/1/5 22712/1/5 22713/1/5
f 22717/6/5 22716/6/5 22715/6/5
f 22718/6/5 22716/6/5 22717/6/5
f 22724/7/5 22720/7/5 22719/7/5
f 22725/6/5 22721/6/5 22720/6/5
f 22725/7/5 22720/7/5 22724/7/5
f 22726/6/5 22723/6/5 22722/6/5
f 22727/6/5 22723/6/5 22726/6/5
f 22728/6/5 22725/6/5 22724/6/5
f 22729/6/5 22721/6/5 22725/6/5
f 22729/6/5 22725/6/5 22728/6/5
f 22730/6/5 22726/6/5 22722/6/5
f 22731/7/5 22727/7/5 22726/7/5
f 22731/6/5 22726/6/5 22730/6/5
f 22732/7/5 22727/7/5 22731/7/5
f 22735/6/5 22734/6/5 22733/6/5
f 22736/6/5 22734/6/5 22735/6/5
f 22737/6/5 22735/6/5 22733/6/5
f 22738/7/5 22736/7/5 22735/7/5
f 22738/6/5 22735/6/5 22737/6/5
f 22739/7/5 22736/7/5 22738/7/5
f 22740/1/5 22738/1/5 22737/1/5
f 22741/1/5 22738/1/5 22740/1/5
f 22744/1/5 22743/1/5 22742/1/5
f 22745/1/5 22743/1/5 22744/1/5
f 22750/1/5 22747/1/5 22746/1/5
f 22751/1/5 22747/1/5 22750/1/5
f 22752/1/5 22749/1/5 22748/1/5
f 22753/1/5 22749/1/5 22752/1/5
f 22756/1/5 22755/1/5 22754/1/5
f 22757/1/5 22755/1/5 22756/1/5
f 22760/1/5 22759/1/5 22758/1/5
f 22761/1/5 22759/1/5 22760/1/5
f 22765/6/5 22763/6/5 22762/6/5
f 22766/6/5 22763/6/5 22765/6/5
f 22768/6/5 22765/6/5 22764/6/5
f 22769/6/5 22765/6/5 22768/6/5
f 22770/6/5 22767/6/5 22766/6/5
f 22771/6/5 22767/6/5 22770/6/5
f 22772/6/5 22770/6/5 22769/6/5
f 22773/6/5 22770/6/5 22772/6/5
f 22776/6/5 22775/6/5 22774/6/5
f 22777/6/5 22775/6/5 22776/6/5
f 22782/6/5 22779/6/5 22778/6/5
f 22783/6/5 22779/6/5 22782/6/5
f 22784/6/5 22781/6/5 22780/6/5
f 22785/6/5 22781/6/5 22784/6/5
f 22788/6/5 22787/6/5 22786/6/5
f 22789/6/5 22787/6/5 22788/6/5
f 22792/2/5 22791/2/5 22790/2/5
f 22793/2/5 22791/2/5 22792/2/5
f 22796/2/5 22795/2/5 22794/2/5
f 22797/2/5 22795/2/5 22796/2/5
f 22800/6/5 22799/6/5 22798/6/5
f 22801/6/5 22799/6/5 22800/6/5
f 22806/6/5 22803/6/5 22802/6/5
f 22807/6/5 22803/6/5 22806/6/5
f 22808/6/5 22805/6/5 22804/6/5
f 22809/6/5 22805/6/5 22808/6/5
f 22812/6/5 22811/6/5 22810/6/5
f 22813/6/5 22811/6/5 22812/6/5
f 22816/4/5 22815/4/5 22814/4/5
f 22817/4/5 22815/4/5 22816/4/5
f 22820/2/5 22819/2/5 22818/2/5
f 22821/2/5 22819/2/5 22820/2/5
f 22824/4/5 22823/4/5 22822/4/5
f 22825/4/5 22823/4/5 22824/4/5
f 22828/2/5 22827/2/5 22826/2/5
f 22829/2/5 22827/2/5 22828/2/5
f 22834/6/5 22831/6/5 22830/6/5
f 22835/6/5 22831/6/5 22834/6/5
f 22838/6/5 22833/6/5 22832/6/5
f 22839/6/5 22833/6/5 22838/6/5
f 22840/6/5 22837/6/5 22836/6/5
f 22841/6/5 22837/6/5 22840/6/5
f 22848/6/5 22843/6/5 22842/6/5
f 22849/6/5 22843/6/5 22848/6/5
f 22850/6/5 22845/6/5 22844/6/5
f 22851/6/5 22845/6/5 22850/6/5
f 22854/6/5 22847/6/5 22846/6/5
f 22855/6/5 22847/6/5 22854/6/5
f 22860/6/5 22853/6/5 22852/6/5
f 22861/6/5 22853/6/5 22860/6/5
f 22862/6/5 22857/6/5 22856/6/5
f 22863/6/5 22857/6/5 22862/6/5
f 22864/6/5 22859/6/5 22858/6/5
f 22865/6/5 22859/6/5 22864/6/5
f 22870/6/5 22867/6/5 22866/6/5
f 22871/6/5 22867/6/5 22870/6/5
f 22874/6/5 22869/6/5 22868/6/5
f 22875/6/5 22869/6/5 22874/6/5
f 22876/6/5 22873/6/5 22872/6/5
f 22877/6/5 22873/6/5 22876/6/5
f 22880/4/5 22879/4/5 22878/4/5
f 22881/4/5 22879/4/5 22880/4/5
f 22885/1/5 22883/1/5 22882/1/5
f 22886/7/5 22884/7/5 22883/7/5
f 22886/1/5 22883/1/5 22885/1/5
f 22887/7/5 22886/7/5 22885/7/5
f 22888/7/5 22884/7/5 22886/7/5
f 22888/7/5 22886/7/5 22887/7/5
f 22891/4/5 22890/4/5 22889/4/5
f 22892/4/5 22890/4/5 22891/4/5
f 22895/6/5 22894/6/5 22893/6/5
f 22896/6/5 22894/6/5 22895/6/5
f 22901/6/5 22898/6/5 22897/6/5
f 22902/6/5 22898/6/5 22901/6/5
f 22903/6/5 22900/6/5 22899/6/5
f 22904/6/5 22900/6/5 22903/6/5
f 22913/7/5 22906/7/5 22905/7/5
f 22914/7/5 22906/7/5 22913/7/5
f 22915/6/5 22908/6/5 22907/6/5
f 22916/6/5 22908/6/5 22915/6/5
f 22917/6/5 22910/6/5 22909/6/5
f 22918/6/5 22910/6/5 22917/6/5
f 22919/7/5 22912/7/5 22911/7/5
f 22920/7/5 22912/7/5 22919/7/5
f 22925/6/5 22922/6/5 22921/6/5
f 22926/6/5 22922/6/5 22925/6/5
f 22927/6/5 22924/6/5 22923/6/5
f 22928/6/5 22924/6/5 22927/6/5
f 22931/6/5 22930/6/5 22929/6/5
f 22932/6/5 22930/6/5 22931/6/5
f 22935/7/5 22934/7/5 22933/7/5
f 22936/7/5 22934/7/5 22935/7/5
f 22939/4/5 22938/4/5 22937/4/5
f 22940/4/5 22938/4/5 22939/4/5
f 22943/4/5 22942/4/5 22941/4/5
f 22944/4/5 22942/4/5 22943/4/5
f 22947/7/5 22946/7/5 22945/7/5
f 22948/7/5 22946/7/5 22947/7/5
f 22951/4/5 22950/4/5 22949/4/5
f 22952/4/5 22950/4/5 22951/4/5
f 22955/6/5 22954/6/5 22953/6/5
f 22956/6/5 22954/6/5 22955/6/5
f 22959/4/5 22958/4/5 22957/4/5
f 22960/4/5 22958/4/5 22959/4/5
f 22969/7/5 22962/7/5 22961/7/5
f 22970/7/5 22962/7/5 22969/7/5
f 22971/6/5 22964/6/5 22963/6/5
f 22972/6/5 22964/6/5 22971/6/5
f 22973/6/5 22966/6/5 22965/6/5
f 22974/6/5 22966/6/5 22973/6/5
f 22975/7/5 22968/7/5 22967/7/5
f 22976/7/5 22968/7/5 22975/7/5
f 22979/6/5 22978/6/5 22977/6/5
f 22980/6/5 22978/6/5 22979/6/5
f 22983/7/5 22982/7/5 22981/7/5
f 22984/7/5 22982/7/5 22983/7/5
f 22987/2/5 22986/2/5 22985/2/5
f 22988/2/5 22986/2/5 22987/2/5
f 22989/2/5 22986/2/5 22988/2/5
f 22992/4/5 22991/4/5 22990/4/5
f 22993/4/5 22991/4/5 22992/4/5
f 22998/2/5 22997/2/5 22996/2/5
f 22999/6/5 22995/6/5 22994/6/5
f 23000/6/5 22995/6/5 22999/6/5
f 23001/2/5 22997/2/5 22998/2/5
f 23002/2/5 22997/2/5 23001/2/5
f 23010/4/5 23004/4/5 23003/4/5
f 23011/4/5 23004/4/5 23010/4/5
f 23012/7/5 23006/7/5 23005/7/5
f 23013/6/5 23007/6/5 23006/6/5
f 23013/7/5 23006/7/5 23012/7/5
f 23014/6/5 23009/6/5 23008/6/5
f 23015/6/5 23009/6/5 23014/6/5
f 23016/6/5 23013/6/5 23012/6/5
f 23017/6/5 23007/6/5 23013/6/5
f 23017/6/5 23013/6/5 23016/6/5
f 23018/6/5 23014/6/5 23008/6/5
f 23019/7/5 23015/7/5 23014/7/5
f 23019/6/5 23014/6/5 23018/6/5
f 23020/7/5 23015/7/5 23019/7/5
f 23023/6/5 23022/6/5 23021/6/5
f 23024/6/5 23022/6/5 23023/6/5
f 23025/6/5 23023/6/5 23021/6/5
f 23026/7/5 23024/7/5 23023/7/5
f 23026/6/5 23023/6/5 23025/6/5
f 23027/7/5 23024/7/5 23026/7/5
f 23028/1/5 23026/1/5 23025/1/5
f 23029/1/5 23026/1/5 23028/1/5
f 23033/2/5 23031/2/5 23030/2/5
f 23033/2/5 23032/2/5 23031/2/5
f 23034/2/5 23032/2/5 23033/2/5
f 23038/2/5 23036/2/5 23035/2/5
f 23039/2/5 23036/2/5 23038/2/5
f 23043/4/5 23042/4/5 23041/4/5
f 23044/4/5 23042/4/5 23043/4/5
f 23049/2/5 23038/2/5 23037/2/5
f 23050/2/5 23038/2/5 23049/2/5
f 23051/2/5 23040/2/5 23039/2/5
f 23052/2/5 23040/2/5 23051/2/5
f 23053/2/5 23046/2/5 23045/2/5
f 23054/2/5 23046/2/5 23053/2/5
f 23055/4/5 23048/4/5 23047/4/5
f 23056/4/5 23048/4/5 23055/4/5
f 23057/2/5 23051/2/5 23050/2/5
f 23058/2/5 23051/2/5 23057/2/5
f 23061/2/5 23060/2/5 23059/2/5
f 23062/2/5 23060/2/5 23061/2/5
f 23066/2/5 23064/2/5 23063/2/5
f 23066/2/5 23065/2/5 23064/2/5
f 23067/2/5 23065/2/5 23066/2/5
f 23071/2/5 23069/2/5 23068/2/5
f 23072/2/5 23069/2/5 23071/2/5
f 23076/4/5 23075/4/5 23074/4/5
f 23077/4/5 23075/4/5 23076/4/5
f 23082/2/5 23071/2/5 23070/2/5
f 23083/2/5 23071/2/5 23082/2/5
f 23084/2/5 23073/2/5 23072/2/5
f 23085/2/5 23073/2/5 23084/2/5
f 23086/2/5 23079/2/5 23078/2/5
f 23087/2/5 23079/2/5 23086/2/5
f 23088/4/5 23081/4/5 23080/4/5
f 23089/4/5 23081/4/5 23088/4/5
f 23090/2/5 23084/2/5 23083/2/5
f 23091/2/5 23084/2/5 23090/2/5
f 23094/2/5 23093/2/5 23092/2/5
f 23095/2/5 23093/2/5 23094/2/5
f 23100/4/5 23097/4/5 23096/4/5
f 23101/4/5 23097/4/5 23100/4/5
f 23102/4/5 23099/4/5 23098/4/5
f 23103/4/5 23099/4/5 23102/4/5
f 23105/2/5 23104/2/5 23103/2/5
f 23106/2/5 23104/2/5 23105/2/5
f 23109/2/5 23108/2/5 23107/2/5
f 23110/2/5 23108/2/5 23109/2/5
f 23119/4/5 23112/4/5 23111/4/5
f 23120/4/5 23112/4/5 23119/4/5
f 23121/2/5 23116/2/5 23115/2/5
f 23122/2/5 23118/2/5 23117/2/5
f 23123/2/5 23114/2/5 23113/2/5
f 23124/2/5 23114/2/5 23123/2/5
f 23125/2/5 23121/2/5 23115/2/5
f 23126/2/5 23121/2/5 23125/2/5
f 23127/2/5 23118/2/5 23122/2/5
f 23128/2/5 23118/2/5 23127/2/5
f 23131/2/5 23130/2/5 23129/2/5
f 23132/2/5 23130/2/5 23131/2/5
f 23135/2/5 23134/2/5 23133/2/5
f 23136/2/5 23134/2/5 23135/2/5
f 23141/4/5 23138/4/5 23137/4/5
f 23142/4/5 23138/4/5 23141/4/5
f 23143/4/5 23140/4/5 23139/4/5
f 23144/4/5 23140/4/5 23143/4/5
f 23146/2/5 23145/2/5 23144/2/5
f 23147/2/5 23145/2/5 23146/2/5
f 23150/2/5 23149/2/5 23148/2/5
f 23151/2/5 23149/2/5 23150/2/5
f 23160/4/5 23153/4/5 23152/4/5
f 23161/4/5 23153/4/5 23160/4/5
f 23162/2/5 23157/2/5 23156/2/5
f 23163/2/5 23159/2/5 23158/2/5
f 23164/2/5 23155/2/5 23154/2/5
f 23165/2/5 23155/2/5 23164/2/5
f 23166/2/5 23162/2/5 23156/2/5
f 23167/2/5 23162/2/5 23166/2/5
f 23168/2/5 23159/2/5 23163/2/5
f 23169/2/5 23159/2/5 23168/2/5
f 23172/2/5 23171/2/5 23170/2/5
f 23173/2/5 23171/2/5 23172/2/5
f 23176/2/5 23175/2/5 23174/2/5
f 23177/2/5 23175/2/5 23176/2/5
f 23180/2/5 23179/2/5 23178/2/5
f 23181/2/5 23179/2/5 23180/2/5
f 23184/4/5 23183/4/5 23182/4/5
f 23185/4/5 23183/4/5 23184/4/5
f 23188/2/5 23187/2/5 23186/2/5
f 23189/2/5 23187/2/5 23188/2/5
f 23192/2/5 23191/2/5 23190/2/5
f 23193/2/5 23191/2/5 23192/2/5
f 23196/2/5 23195/2/5 23194/2/5
f 23197/2/5 23195/2/5 23196/2/5
f 23200/4/5 23199/4/5 23198/4/5
f 23201/4/5 23199/4/5 23200/4/5
f 23204/2/5 23203/2/5 23202/2/5
f 23205/2/5 23203/2/5 23204/2/5
f 23208/2/5 23207/2/5 23206/2/5
f 23209/2/5 23207/2/5 23208/2/5
f 23213/4/5 23211/4/5 23210/4/5
f 23214/4/5 23211/4/5 23213/4/5
f 23216/4/5 23213/4/5 23212/4/5
f 23217/4/5 23213/4/5 23216/4/5
f 23218/4/5 23215/4/5 23214/4/5
f 23219/4/5 23215/4/5 23218/4/5
f 23220/4/5 23218/4/5 23217/4/5
f 23221/4/5 23218/4/5 23220/4/5
f 23225/4/5 23223/4/5 23222/4/5
f 23226/4/5 23223/4/5 23225/4/5
f 23228/4/5 23225/4/5 23224/4/5
f 23229/4/5 23225/4/5 23228/4/5
f 23230/4/5 23227/4/5 23226/4/5
f 23231/4/5 23227/4/5 23230/4/5
f 23232/4/5 23230/4/5 23229/4/5
f 23233/4/5 23230/4/5 23232/4/5
f 23236/9/6 23237/9/6 23238/9/6
f 23238/9/6 23237/9/6 23239/9/6
f 23239/9/6 23237/9/6 23240/9/6
f 23240/9/6 23237/9/6 23241/9/6
f 23242/9/6 23243/9/6 23244/9/6
f 23244/9/6 23243/9/6 23245/9/6
f 23234/9/6 23235/9/6 23246/9/6
f 23246/9/6 23235/9/6 23247/9/6
f 23247/9/6 23235/9/6 23248/9/6
f 23248/9/6 23235/9/6 23249/9/6
f 23249/9/6 23235/9/6 23250/9/6
f 23251/9/6 23252/9/6 23253/9/6
f 23253/9/6 23252/9/6 23254/9/6
f 23254/9/6 23252/9/6 23255/9/6
f 23256/9/6 23257/9/6 23258/9/6
f 23258/9/6 23257/9/6 23259/9/6
f 23259/9/6 23257/9/6 23260/9/6
f 23261/9/6 23262/9/6 23263/9/6
f 23263/9/6 23262/9/6 23264/9/6
f 23265/9/6 23266/9/6 23267/9/6
f 23267/9/6 23266/9/6 23268/9/6
f 23268/9/6 23269/9/6 23270/9/6
f 23270/9/6 23269/9/6 23271/9/6
f 23271/9/6 23272/9/6 23273/9/6
f 23273/9/6 23272/9/6 23274/9/6
f 23274/9/6 23275/9/6 23276/9/6
f 23276/9/6 23275/9/6 23277/9/6
f 23278/9/6 23279/9/6 23280/9/6
f 23280/9/6 23279/9/6 23281/9/6
f 23282/9/6 23283/9/6 23284/9/6
f 23284/9/6 23283/9/6 23285/9/6
f 23285/9/6 23286/9/6 23287/9/6
f 23287/9/6 23286/9/6 23288/9/6
f 23288/9/6 23289/9/6 23290/9/6
f 23290/9/6 23289/9/6 23291/9/6
f 23291/9/6 23292/9/6 23293/9/6
f 23293/9/6 23292/9/6 23294/9/6
f 23294/9/6 23295/9/6 23296/9/6
f 23296/9/6 23295/9/6 23297/9/6
f 23297/9/6 23298/9/6 23299/9/6
f 23299/9/6 23298/9/6 23300/9/6
f 23300/9/6 23301/9/6 23302/9/6
f 23302/9/6 23301/9/6 23303/9/6
f 23303/9/6 23304/9/6 23305/9/6
f 23305/9/6 23304/9/6 23306/9/6
f 23306/9/6 23307/9/6 23308/9/6
f 23308/9/6 23307/9/6 23309/9/6
f 23309/9/6 23310/9/6 23311/9/6
f 23311/9/6 23310/9/6 23312/9/6
f 23312/9/6 23313/9/6 23314/9/6
f 23314/9/6 23313/9/6 23315/9/6
f 23315/9/6 23316/9/6 23317/9/6
f 23317/9/6 23316/9/6 23318/9/6
f 23318/9/6 23319/9/6 23320/9/6
f 23320/9/6 23319/9/6 23321/9/6
f 23321/9/6 23322/9/6 23323/9/6
f 23323/9/6 23322/9/6 23324/9/6
f 23324/9/6 23325/9/6 23326/9/6
f 23326/9/6 23325/9/6 23327/9/6
f 23327/9/6 23328/9/6 23329/9/6
f 23329/9/6 23328/9/6 23330/9/6
f 23330/9/6 23331/9/6 23332/9/6
f 23332/9/6 23331/9/6 23333/9/6
f 23333/9/6 23334/9/6 23335/9/6
f 23335/9/6 23334/9/6 23336/9/6
f 23336/9/6 23337/9/6 23338/9/6
f 23338/9/6 23337/9/6 23339/9/6
f 23339/9/6 23340/9/6 23341/9/6
f 23341/9/6 23340/9/6 23342/9/6
f 23342/9/6 23343/9/6 23344/9/6
f 23344/9/6 23343/9/6 23345/9/6
f 23345/9/6 23346/9/6 23347/9/6
f 23347/9/6 23346/9/6 23348/9/6
f 23348/9/6 23349/9/6 23350/9/6
f 23350/9/6 23349/9/6 23351/9/6
f 23351/9/6 23352/9/6 23353/9/6
f 23353/9/6 23352/9/6 23354/9/6
f 23354/9/6 23355/9/6 23356/9/6
f 23356/9/6 23355/9/6 23357/9/6
f 23357/9/6 23358/9/6 23359/9/6
f 23359/9/6 23358/9/6 23360/9/6
f 23360/9/6 23361/9/6 23362/9/6
f 23362/9/6 23361/9/6 23363/9/6
f 23363/9/6 23364/9/6 23365/9/6
f 23365/9/6 23364/9/6 23366/9/6
f 23366/9/6 23367/9/6 23368/9/6
f 23368/9/6 23367/9/6 23369/9/6
f 23369/9/6 23370/9/6 23371/9/6
f 23371/9/6 23370/9/6 23372/9/6
f 23372/9/6 23373/9/6 23374/9/6
f 23374/9/6 23373/9/6 23375/9/6
f 23375/9/6 23376/9/6 23377/9/6
f 23377/9/6 23376/9/6 23378/9/6
f 23378/9/6 23379/9/6 23380/9/6
f 23380/9/6 23379/9/6 23381/9/6
f 23381/9/6 23382/9/6 23383/9/6
f 23383/9/6 23382/9/6 23384/9/6
f 23384/9/6 23385/9/6 23386/9/6
f 23386/9/6 23385/9/6 23387/9/6
f 23261/9/6 23263/9/6 23388/9/6
f 23264/9/6 23262/9/6 23389/9/6
f 23261/9/6 23388/9/6 23390/9/6
f 23388/9/6 23389/9/6 23390/9/6
f 23389/9/6 23262/9/6 23391/9/6
f 23390/9/6 23389/9/6 23391/9/6
f 23392/9/6 23393/9/6 23394/9/6
f 23394/9/6 23393/9/6 23395/9/6
f 23392/9/6 23394/9/6 23396/9/6
f 23395/9/6 23393/9/6 23397/9/6
f 23392/9/6 23396/9/6 23398/9/6
f 23396/9/6 23397/9/6 23398/9/6
f 23397/9/6 23393/9/6 23399/9/6
f 23398/9/6 23397/9/6 23399/9/6
f 23400/9/6 23401/9/6 23402/9/6
f 23402/9/6 23401/9/6 23403/9/6
f 23404/5/6 23405/5/6 23406/5/6
f 23406/5/6 23405/5/6 23407/5/6
f 23404/5/6 23406/5/6 23408/5/6
f 23408/5/6 23406/5/6 23409/5/6
f 23409/5/6 23406/5/6 23410/5/6
f 23410/5/6 23406/5/6 23411/5/6
f 23411/5/6 23406/5/6 23412/5/6
f 23412/5/6 23406/5/6 23413/5/6
f 23413/5/6 23406/5/6 23414/5/6
f 23414/5/6 23406/5/6 23415/5/6
f 23415/5/6 23406/5/6 23416/5/6
f 23416/5/6 23406/5/6 23417/5/6
f 23417/5/6 23406/5/6 23418/5/6
f 23407/5/6 23405/5/6 23419/5/6
f 23404/5/6 23408/5/6 23420/5/6
f 23409/5/6 23410/5/6 23421/5/6
f 23421/5/6 23410/5/6 23422/5/6
f 23422/5/6 23410/5/6 23423/5/6
f 23413/5/6 23414/5/6 23426/5/6
f 23426/5/6 23414/5/6 23427/5/6
f 23427/5/6 23414/5/6 23428/5/6
f 23428/5/6 23414/5/6 23429/5/6
f 23420/5/6 23421/5/6 23430/5/6
f 23421/5/6 23422/5/6 23430/5/6
f 23430/5/6 23422/5/6 23431/5/6
f 23431/5/6 23422/5/6 23432/5/6
f 23432/5/6 23422/5/6 23433/5/6
f 23411/5/6 23412/5/6 23435/5/6
f 23424/5/6 23425/5/6 23436/5/6
f 23415/5/6 23416/5/6 23439/5/6
f 23439/5/6 23416/5/6 23440/5/6
f 23417/5/6 23418/5/6 23441/5/6
f 23418/5/6 23419/5/6 23441/5/6
f 23431/5/6 23432/5/6 23442/5/6
f 23442/5/6 23432/5/6 23443/5/6
f 23433/5/6 23422/5/6 23444/5/6
f 23434/5/6 23435/5/6 23445/5/6
f 23435/5/6 23412/5/6 23446/5/6
f 23445/5/6 23435/5/6 23446/5/6
f 23436/5/6 23437/5/6 23447/5/6
f 23424/5/6 23436/5/6 23447/5/6
f 23447/5/6 23437/5/6 23448/5/6
f 23427/5/6 23428/5/6 23449/5/6
f 23449/5/6 23428/5/6 23450/5/6
f 23439/5/6 23440/5/6 23451/5/6
f 23438/5/6 23439/5/6 23451/5/6
f 23440/5/6 23441/5/6 23451/5/6
f 23443/5/6 23432/5/6 23453/5/6
f 23453/5/6 23432/5/6 23454/5/6
f 23449/5/6 23450/5/6 23455/5/6
f 23448/5/6 23449/5/6 23455/5/6
f 23445/5/6 23446/5/6 23455/5/6
f 23433/5/6 23444/5/6 23455/5/6
f 23447/5/6 23448/5/6 23455/5/6
f 23446/5/6 23447/5/6 23455/5/6
f 23444/5/6 23445/5/6 23455/5/6
f 23450/5/6 23451/5/6 23455/5/6
f 23420/5/6 23430/5/6 23456/5/6
f 23456/5/6 23430/5/6 23457/5/6
f 23457/5/6 23430/5/6 23458/5/6
f 23420/5/6 23456/5/6 23460/5/6
f 23458/5/6 23459/5/6 23461/5/6
f 23457/5/6 23458/5/6 23461/5/6
f 23453/5/6 23454/5/6 23462/5/6
f 23452/5/6 23453/5/6 23462/5/6
f 23451/5/6 23441/5/6 23462/5/6
f 23454/5/6 23455/5/6 23462/5/6
f 23441/5/6 23419/5/6 23462/5/6
f 23455/5/6 23451/5/6 23462/5/6
f 23419/5/6 23405/5/6 23463/5/6
f 23462/5/6 23419/5/6 23463/5/6
f 23460/5/6 23461/5/6 23464/5/6
f 23461/5/6 23459/5/6 23464/5/6
f 23452/5/6 23462/5/6 23465/5/6
f 23465/5/6 23462/5/6 23466/5/6
f 23464/5/6 23465/5/6 23468/5/6
f 23466/5/6 23467/5/6 23468/5/6
f 23465/5/6 23466/5/6 23468/5/6
f 23468/5/6 23467/5/6 23469/5/6
f 23469/5/6 23467/5/6 23470/5/6
f 23463/5/6 23405/5/6 23471/5/6
f 23469/5/6 23470/5/6 23472/5/6
f 23470/5/6 23471/5/6 23472/5/6
f 23472/5/6 23471/5/6 23473/5/6
f 23464/5/6 23468/5/6 23474/5/6
f 23469/5/6 23472/5/6 23475/5/6
f 23475/5/6 23472/5/6 23476/5/6
f 23474/5/6 23475/5/6 23476/5/6
f 23473/5/6 23471/5/6 23477/5/6
f 23477/5/6 23471/5/6 23478/5/6
f 23478/5/6 23471/5/6 23479/5/6
f 23460/5/6 23464/5/6 23480/5/6
f 23474/5/6 23476/5/6 23480/5/6
f 23477/5/6 23478/5/6 23480/5/6
f 23476/5/6 23477/5/6 23480/5/6
f 23464/5/6 23474/5/6 23480/5/6
f 23480/5/6 23478/5/6 23481/5/6
f 23481/5/6 23478/5/6 23482/5/6
f 23479/5/6 23471/5/6 23483/5/6
f 23404/5/6 23420/5/6 23484/5/6
f 23420/5/6 23460/5/6 23484/5/6
f 23460/5/6 23480/5/6 23484/5/6
f 23484/5/6 23480/5/6 23485/5/6
f 23481/5/6 23482/5/6 23486/5/6
f 23482/5/6 23483/5/6 23486/5/6
f 23486/5/6 23483/5/6 23487/5/6
f 23404/5/6 23484/5/6 23488/5/6
f 23485/5/6 23480/5/6 23489/5/6
f 23489/5/6 23480/5/6 23490/5/6
f 23481/5/6 23486/5/6 23491/5/6
f 23487/5/6 23483/5/6 23493/5/6
f 23490/5/6 23491/5/6 23494/5/6
f 23489/5/6 23490/5/6 23494/5/6
f 23488/5/6 23489/5/6 23494/5/6
f 23491/5/6 23486/5/6 23494/5/6
f 23494/5/6 23486/5/6 23495/5/6
f 23495/5/6 23486/5/6 23496/5/6
f 23496/5/6 23486/5/6 23497/5/6
f 23497/5/6 23486/5/6 23498/5/6
f 23498/5/6 23486/5/6 23499/5/6
f 23495/5/6 23496/5/6 23500/5/6
f 23500/5/6 23496/5/6 23501/5/6
f 23488/5/6 23494/5/6 23502/5/6
f 23495/5/6 23500/5/6 23503/5/6
f 23497/5/6 23498/5/6 23504/5/6
f 23504/5/6 23498/5/6 23505/5/6
f 23505/5/6 23498/5/6 23506/5/6
f 23492/5/6 23493/5/6 23507/5/6
f 23505/5/6 23506/5/6 23508/5/6
f 23506/5/6 23507/5/6 23508/5/6
f 23507/5/6 23493/5/6 23508/5/6
f 23493/5/6 23483/5/6 23508/5/6
f 23508/5/6 23483/5/6 23509/5/6
f 23502/5/6 23503/5/6 23510/5/6
f 23488/5/6 23502/5/6 23510/5/6
f 23510/5/6 23503/5/6 23511/5/6
f 23505/5/6 23508/5/6 23513/5/6
f 23513/5/6 23508/5/6 23514/5/6
f 23509/5/6 23483/5/6 23515/5/6
f 23515/5/6 23483/5/6 23516/5/6
f 23483/5/6 23471/5/6 23517/5/6
f 23516/5/6 23483/5/6 23517/5/6
f 23488/5/6 23510/5/6 23518/5/6
f 23511/5/6 23503/5/6 23519/5/6
f 23519/5/6 23503/5/6 23520/5/6
f 23503/5/6 23500/5/6 23521/5/6
f 23520/5/6 23503/5/6 23521/5/6
f 23521/5/6 23500/5/6 23522/5/6
f 23522/5/6 23523/5/6 23524/5/6
f 23521/5/6 23522/5/6 23524/5/6
f 23515/5/6 23516/5/6 23525/5/6
f 23513/5/6 23514/5/6 23525/5/6
f 23512/5/6 23513/5/6 23525/5/6
f 23514/5/6 23515/5/6 23525/5/6
f 23525/5/6 23516/5/6 23526/5/6
f 23526/5/6 23516/5/6 23527/5/6
f 23527/5/6 23516/5/6 23528/5/6
f 23517/5/6 23471/5/6 23529/5/6
f 23518/5/6 23519/5/6 23530/5/6
f 23519/5/6 23520/5/6 23530/5/6
f 23521/5/6 23524/5/6 23531/5/6
f 23524/5/6 23525/5/6 23531/5/6
f 23525/5/6 23526/5/6 23531/5/6
f 23531/5/6 23526/5/6 23532/5/6
f 23532/5/6 23526/5/6 23533/5/6
f 23528/5/6 23529/5/6 23534/5/6
f 23529/5/6 23471/5/6 23534/5/6
f 23527/5/6 23528/5/6 23534/5/6
f 23471/5/6 23405/5/6 23535/5/6
f 23534/5/6 23471/5/6 23535/5/6
f 23531/5/6 23532/5/6 23536/5/6
f 23530/5/6 23531/5/6 23536/5/6
f 23536/5/6 23532/5/6 23537/5/6
f 23533/5/6 23526/5/6 23538/5/6
f 23527/5/6 23534/5/6 23539/5/6
f 23539/5/6 23534/5/6 23540/5/6
f 23540/5/6 23534/5/6 23541/5/6
f 23537/5/6 23532/5/6 23542/5/6
f 23542/5/6 23532/5/6 23543/5/6
f 23543/5/6 23532/5/6 23544/5/6
f 23533/5/6 23538/5/6 23545/5/6
f 23539/5/6 23540/5/6 23545/5/6
f 23538/5/6 23539/5/6 23545/5/6
f 23535/5/6 23405/5/6 23547/5/6
f 23530/5/6 23536/5/6 23548/5/6
f 23548/5/6 23536/5/6 23549/5/6
f 23549/5/6 23536/5/6 23550/5/6
f 23543/5/6 23544/5/6 23551/5/6
f 23544/5/6 23545/5/6 23551/5/6
f 23530/5/6 23548/5/6 23552/5/6
f 23552/5/6 23548/5/6 23553/5/6
f 23549/5/6 23550/5/6 23554/5/6
f 23550/5/6 23551/5/6 23554/5/6
f 23554/5/6 23551/5/6 23555/5/6
f 23545/5/6 23540/5/6 23556/5/6
f 23555/5/6 23551/5/6 23556/5/6
f 23551/5/6 23545/5/6 23556/5/6
f 23546/5/6 23547/5/6 23557/5/6
f 23518/5/6 23530/5/6 23558/5/6
f 23530/5/6 23552/5/6 23558/5/6
f 23488/5/6 23518/5/6 23558/5/6
f 23558/5/6 23552/5/6 23559/5/6
f 23559/5/6 23552/5/6 23560/5/6
f 23556/5/6 23557/5/6 23561/5/6
f 23555/5/6 23556/5/6 23561/5/6
f 23488/5/6 23558/5/6 23562/5/6
f 23559/5/6 23560/5/6 23563/5/6
f 23560/5/6 23561/5/6 23563/5/6
f 23563/5/6 23561/5/6 23564/5/6
f 23564/5/6 23561/5/6 23565/5/6
f 23561/5/6 23557/5/6 23566/5/6
f 23565/5/6 23561/5/6 23566/5/6
f 23566/5/6 23557/5/6 23567/5/6
f 23567/5/6 23557/5/6 23568/5/6
f 23568/5/6 23557/5/6 23569/5/6
f 23565/5/6 23566/5/6 23570/5/6
f 23570/5/6 23566/5/6 23571/5/6
f 23571/5/6 23566/5/6 23572/5/6
f 23572/5/6 23566/5/6 23573/5/6
f 23569/5/6 23557/5/6 23574/5/6
f 23574/5/6 23557/5/6 23575/5/6
f 23562/5/6 23563/5/6 23576/5/6
f 23563/5/6 23564/5/6 23576/5/6
f 23565/5/6 23570/5/6 23577/5/6
f 23567/5/6 23568/5/6 23578/5/6
f 23569/5/6 23574/5/6 23579/5/6
f 23576/5/6 23577/5/6 23580/5/6
f 23577/5/6 23570/5/6 23580/5/6
f 23571/5/6 23572/5/6 23581/5/6
f 23578/5/6 23579/5/6 23582/5/6
f 23579/5/6 23574/5/6 23582/5/6
f 23575/5/6 23557/5/6 23583/5/6
f 23576/5/6 23580/5/6 23584/5/6
f 23580/5/6 23581/5/6 23584/5/6
f 23584/5/6 23581/5/6 23585/5/6
f 23581/5/6 23572/5/6 23586/5/6
f 23585/5/6 23581/5/6 23586/5/6
f 23576/5/6 23584/5/6 23588/5/6
f 23586/5/6 23587/5/6 23589/5/6
f 23585/5/6 23586/5/6 23589/5/6
f 23589/5/6 23587/5/6 23590/5/6
f 23578/5/6 23582/5/6 23591/5/6
f 23567/5/6 23578/5/6 23591/5/6
f 23582/5/6 23583/5/6 23591/5/6
f 23488/5/6 23562/5/6 23592/5/6
f 23590/5/6 23591/5/6 23592/5/6
f 23589/5/6 23590/5/6 23592/5/6
f 23588/5/6 23589/5/6 23592/5/6
f 23562/5/6 23576/5/6 23592/5/6
f 23576/5/6 23588/5/6 23592/5/6
f 23592/5/6 23591/5/6 23593/5/6
f 23593/5/6 23591/5/6 23594/5/6
f 23594/5/6 23591/5/6 23595/5/6
f 23488/5/6 23592/5/6 23596/5/6
f 23593/5/6 23594/5/6 23597/5/6
f 23591/5/6 23583/5/6 23598/5/6
f 23595/5/6 23591/5/6 23598/5/6
f 23598/5/6 23583/5/6 23599/5/6
f 23596/5/6 23597/5/6 23600/5/6
f 23404/5/6 23488/5/6 23600/5/6
f 23488/5/6 23596/5/6 23600/5/6
f 23600/5/6 23597/5/6 23601/5/6
f 23597/5/6 23594/5/6 23602/5/6
f 23601/5/6 23597/5/6 23602/5/6
f 23595/5/6 23598/5/6 23603/5/6
f 23603/5/6 23598/5/6 23604/5/6
f 23604/5/6 23598/5/6 23605/5/6
f 23605/5/6 23598/5/6 23606/5/6
f 23606/5/6 23598/5/6 23607/5/6
f 23605/5/6 23606/5/6 23609/5/6
f 23609/5/6 23606/5/6 23610/5/6
f 23607/5/6 23598/5/6 23612/5/6
f 23612/5/6 23598/5/6 23613/5/6
f 23613/5/6 23598/5/6 23614/5/6
f 23614/5/6 23598/5/6 23615/5/6
f 23615/5/6 23598/5/6 23616/5/6
f 23616/5/6 23598/5/6 23617/5/6
f 23599/5/6 23583/5/6 23619/5/6
f 23557/5/6 23547/5/6 23620/5/6
f 23547/5/6 23405/5/6 23620/5/6
f 23619/5/6 23583/5/6 23620/5/6
f 23583/5/6 23557/5/6 23620/5/6
f 23620/5/6 23405/5/6 23621/5/6
f 23404/5/6 23600/5/6 23622/5/6
f 23601/5/6 23602/5/6 23623/5/6
f 23602/5/6 23603/5/6 23623/5/6
f 23603/5/6 23604/5/6 23623/5/6
f 23623/5/6 23604/5/6 23624/5/6
f 23610/5/6 23611/5/6 23625/5/6
f 23608/5/6 23609/5/6 23625/5/6
f 23609/5/6 23610/5/6 23625/5/6
f 23625/5/6 23611/5/6 23626/5/6
f 23607/5/6 23612/5/6 23627/5/6
f 23615/5/6 23616/5/6 23628/5/6
f 23618/5/6 23619/5/6 23629/5/6
f 23619/5/6 23620/5/6 23629/5/6
f 23626/5/6 23627/5/6 23630/5/6
f 23623/5/6 23624/5/6 23630/5/6
f 23625/5/6 23626/5/6 23630/5/6
f 23622/5/6 23623/5/6 23630/5/6
f 23624/5/6 23625/5/6 23630/5/6
f 23630/5/6 23627/5/6 23631/5/6
f 23627/5/6 23612/5/6 23632/5/6
f 23631/5/6 23627/5/6 23632/5/6
f 23613/5/6 23614/5/6 23633/5/6
f 23633/5/6 23614/5/6 23634/5/6
f 23615/5/6 23628/5/6 23635/5/6
f 23628/5/6 23629/5/6 23635/5/6
f 23629/5/6 23620/5/6 23636/5/6
f 23635/5/6 23629/5/6 23636/5/6
f 23621/5/6 23405/5/6 23637/5/6
f 23622/5/6 23630/5/6 23638/5/6
f 23638/5/6 23630/5/6 23639/5/6
f 23639/5/6 23630/5/6 23640/5/6
f 23635/5/6 23636/5/6 23641/5/6
f 23633/5/6 23634/5/6 23641/5/6
f 23632/5/6 23633/5/6 23641/5/6
f 23634/5/6 23635/5/6 23641/5/6
f 23636/5/6 23637/5/6 23641/5/6
f 23631/5/6 23632/5/6 23641/5/6
f 23641/5/6 23637/5/6 23642/5/6
f 23642/5/6 23637/5/6 23643/5/6
f 23622/5/6 23638/5/6 23644/5/6
f 23644/5/6 23638/5/6 23645/5/6
f 23645/5/6 23638/5/6 23646/5/6
f 23639/5/6 23640/5/6 23647/5/6
f 23641/5/6 23642/5/6 23647/5/6
f 23640/5/6 23641/5/6 23647/5/6
f 23647/5/6 23642/5/6 23648/5/6
f 23648/5/6 23642/5/6 23649/5/6
f 23649/5/6 23642/5/6 23650/5/6
f 23650/5/6 23642/5/6 23651/5/6
f 23643/5/6 23637/5/6 23652/5/6
f 23652/5/6 23637/5/6 23653/5/6
f 23622/5/6 23644/5/6 23654/5/6
f 23645/5/6 23646/5/6 23655/5/6
f 23646/5/6 23647/5/6 23655/5/6
f 23647/5/6 23648/5/6 23655/5/6
f 23649/5/6 23650/5/6 23656/5/6
f 23656/5/6 23650/5/6 23657/5/6
f 23657/5/6 23650/5/6 23658/5/6
f 23643/5/6 23652/5/6 23659/5/6
f 23659/5/6 23652/5/6 23660/5/6
f 23660/5/6 23652/5/6 23661/5/6
f 23661/5/6 23652/5/6 23662/5/6
f 23654/5/6 23655/5/6 23664/5/6
f 23655/5/6 23648/5/6 23664/5/6
f 23649/5/6 23656/5/6 23665/5/6
f 23657/5/6 23658/5/6 23666/5/6
f 23658/5/6 23659/5/6 23666/5/6
f 23660/5/6 23661/5/6 23667/5/6
f 23667/5/6 23661/5/6 23668/5/6
f 23662/5/6 23663/5/6 23669/5/6
f 23664/5/6 23665/5/6 23670/5/6
f 23665/5/6 23656/5/6 23670/5/6
f 23668/5/6 23669/5/6 23671/5/6
f 23667/5/6 23668/5/6 23671/5/6
f 23657/5/6 23666/5/6 23671/5/6
f 23666/5/6 23667/5/6 23671/5/6
f 23669/5/6 23663/5/6 23672/5/6
f 23671/5/6 23669/5/6 23672/5/6
f 23653/5/6 23637/5/6 23673/5/6
f 23671/5/6 23672/5/6 23674/5/6
f 23672/5/6 23673/5/6 23674/5/6
f 23664/5/6 23670/5/6 23674/5/6
f 23654/5/6 23664/5/6 23674/5/6
f 23670/5/6 23671/5/6 23674/5/6
f 23674/5/6 23673/5/6 23675/5/6
f 23654/5/6 23674/5/6 23676/5/6
f 23676/5/6 23674/5/6 23677/5/6
f 23677/5/6 23674/5/6 23678/5/6
f 23678/5/6 23674/5/6 23679/5/6
f 23622/5/6 23654/5/6 23680/5/6
f 23404/5/6 23622/5/6 23680/5/6
f 23654/5/6 23676/5/6 23680/5/6
f 23680/5/6 23676/5/6 23681/5/6
f 23681/5/6 23676/5/6 23682/5/6
f 23677/5/6 23678/5/6 23683/5/6
f 23683/5/6 23678/5/6 23684/5/6
f 23675/5/6 23673/5/6 23685/5/6
f 23673/5/6 23637/5/6 23686/5/6
f 23685/5/6 23673/5/6 23686/5/6
f 23686/5/6 23637/5/6 23687/5/6
f 23683/5/6 23684/5/6 23689/5/6
f 23685/5/6 23686/5/6 23689/5/6
f 23681/5/6 23682/5/6 23689/5/6
f 23684/5/6 23685/5/6 23689/5/6
f 23682/5/6 23683/5/6 23689/5/6
f 23689/5/6 23686/5/6 23690/5/6
f 23690/5/6 23686/5/6 23691/5/6
f 23687/5/6 23637/5/6 23692/5/6
f 23692/5/6 23637/5/6 23693/5/6
f 23688/5/6 23689/5/6 23695/5/6
f 23689/5/6 23690/5/6 23695/5/6
f 23695/5/6 23690/5/6 23696/5/6
f 23696/5/6 23690/5/6 23697/5/6
f 23697/5/6 23690/5/6 23698/5/6
f 23698/5/6 23690/5/6 23699/5/6
f 23699/5/6 23690/5/6 23700/5/6
f 23691/5/6 23686/5/6 23701/5/6
f 23701/5/6 23686/5/6 23702/5/6
f 23702/5/6 23686/5/6 23703/5/6
f 23703/5/6 23686/5/6 23704/5/6
f 23704/5/6 23686/5/6 23705/5/6
f 23693/5/6 23637/5/6 23707/5/6
f 23404/5/6 23680/5/6 23708/5/6
f 23694/5/6 23695/5/6 23709/5/6
f 23695/5/6 23696/5/6 23709/5/6
f 23703/5/6 23704/5/6 23710/5/6
f 23710/5/6 23704/5/6 23711/5/6
f 23711/5/6 23704/5/6 23712/5/6
f 23712/5/6 23704/5/6 23713/5/6
f 23706/5/6 23707/5/6 23715/5/6
f 23708/5/6 23709/5/6 23716/5/6
f 23709/5/6 23696/5/6 23716/5/6
f 23697/5/6 23698/5/6 23717/5/6
f 23717/5/6 23698/5/6 23718/5/6
f 23699/5/6 23700/5/6 23719/5/6
f 23701/5/6 23702/5/6 23719/5/6
f 23700/5/6 23701/5/6 23719/5/6
f 23719/5/6 23702/5/6 23720/5/6
f 23703/5/6 23710/5/6 23721/5/6
f 23721/5/6 23710/5/6 23722/5/6
f 23722/5/6 23710/5/6 23723/5/6
f 23711/5/6 23712/5/6 23725/5/6
f 23725/5/6 23712/5/6 23726/5/6
f 23726/5/6 23712/5/6 23727/5/6
f 23713/5/6 23704/5/6 23728/5/6
f 23714/5/6 23715/5/6 23729/5/6
f 23724/5/6 23725/5/6 23730/5/6
f 23725/5/6 23726/5/6 23730/5/6
f 23730/5/6 23726/5/6 23731/5/6
f 23731/5/6 23726/5/6 23732/5/6
f 23732/5/6 23726/5/6 23733/5/6
f 23728/5/6 23729/5/6 23735/5/6
f 23713/5/6 23728/5/6 23735/5/6
f 23717/5/6 23718/5/6 23736/5/6
f 23716/5/6 23717/5/6 23736/5/6
f 23719/5/6 23720/5/6 23736/5/6
f 23718/5/6 23719/5/6 23736/5/6
f 23720/5/6 23721/5/6 23736/5/6
f 23721/5/6 23722/5/6 23736/5/6
f 23736/5/6 23722/5/6 23737/5/6
f 23737/5/6 23722/5/6 23738/5/6
f 23734/5/6 23735/5/6 23741/5/6
f 23716/5/6 23736/5/6 23742/5/6
f 23742/5/6 23736/5/6 23743/5/6
f 23743/5/6 23736/5/6 23744/5/6
f 23738/5/6 23739/5/6 23745/5/6
f 23737/5/6 23738/5/6 23745/5/6
f 23745/5/6 23739/5/6 23746/5/6
f 23731/5/6 23732/5/6 23747/5/6
f 23747/5/6 23732/5/6 23748/5/6
f 23740/5/6 23741/5/6 23749/5/6
f 23735/5/6 23729/5/6 23750/5/6
f 23741/5/6 23735/5/6 23750/5/6
f 23749/5/6 23741/5/6 23750/5/6
f 23729/5/6 23715/5/6 23751/5/6
f 23750/5/6 23729/5/6 23751/5/6
f 23743/5/6 23744/5/6 23753/5/6
f 23746/5/6 23747/5/6 23753/5/6
f 23748/5/6 23749/5/6 23753/5/6
f 23744/5/6 23745/5/6 23753/5/6
f 23745/5/6 23746/5/6 23753/5/6
f 23749/5/6 23750/5/6 23753/5/6
f 23747/5/6 23748/5/6 23753/5/6
f 23753/5/6 23750/5/6 23754/5/6
f 23754/5/6 23750/5/6 23755/5/6
f 23716/5/6 23742/5/6 23756/5/6
f 23752/5/6 23753/5/6 23757/5/6
f 23753/5/6 23754/5/6 23757/5/6
f 23757/5/6 23754/5/6 23758/5/6
f 23755/5/6 23750/5/6 23759/5/6
f 23759/5/6 23750/5/6 23760/5/6
f 23751/5/6 23715/5/6 23761/5/6
f 23404/5/6 23708/5/6 23762/5/6
f 23760/5/6 23761/5/6 23762/5/6
f 23708/5/6 23716/5/6 23762/5/6
f 23757/5/6 23758/5/6 23762/5/6
f 23758/5/6 23759/5/6 23762/5/6
f 23759/5/6 23760/5/6 23762/5/6
f 23756/5/6 23757/5/6 23762/5/6
f 23716/5/6 23756/5/6 23762/5/6
f 23637/5/6 23405/5/6 23763/5/6
f 23762/5/6 23761/5/6 23763/5/6
f 23707/5/6 23637/5/6 23763/5/6
f 23761/5/6 23715/5/6 23763/5/6
f 23715/5/6 23707/5/6 23763/5/6
f 23764/9/6 23765/9/6 23766/9/6
f 23766/9/6 23765/9/6 23767/9/6
f 23768/6/6 23769/6/6 23776/6/6
f 23776/6/6 23769/6/6 23777/6/6
f 23770/6/6 23771/6/6 23779/6/6
f 23772/2/6 23773/2/6 23780/2/6
f 23780/2/6 23773/2/6 23781/2/6
f 23781/2/6 23773/2/6 23782/2/6
f 23774/6/6 23775/6/6 23785/6/6
f 23778/6/6 23779/6/6 23788/6/6
f 23779/6/6 23771/6/6 23788/6/6
f 23788/6/6 23771/6/6 23789/6/6
f 23782/2/6 23783/2/6 23790/2/6
f 23781/2/6 23782/2/6 23790/2/6
f 23790/2/6 23783/2/6 23791/2/6
f 23784/6/6 23785/6/6 23792/6/6
f 23785/6/6 23775/6/6 23793/6/6
f 23792/6/6 23785/6/6 23793/6/6
f 23786/2/6 23787/2/6 23794/2/6
f 23778/6/6 23788/6/6 23796/6/6
f 23796/6/6 23788/6/6 23797/6/6
f 23772/2/6 23780/2/6 23798/2/6
f 23798/2/6 23780/2/6 23799/2/6
f 23791/2/6 23783/2/6 23800/2/6
f 23800/2/6 23783/2/6 23801/2/6
f 23784/6/6 23792/6/6 23802/6/6
f 23802/6/6 23792/6/6 23803/6/6
f 23794/2/6 23795/2/6 23804/2/6
f 23804/2/6 23795/2/6 23805/2/6
f 23786/2/6 23794/2/6 23806/2/6
f 23794/2/6 23804/2/6 23806/2/6
f 23806/2/6 23804/2/6 23807/2/6
f 23807/2/6 23804/2/6 23810/2/6
f 23810/2/6 23804/2/6 23811/2/6
f 23808/2/6 23809/2/6 23812/2/6
f 23812/2/6 23809/2/6 23813/2/6
f 23813/2/6 23809/2/6 23816/2/6
f 23816/2/6 23809/2/6 23817/2/6
f 23814/6/6 23815/6/6 23818/6/6
f 23818/6/6 23815/6/6 23819/6/6
f 23820/6/6 23821/6/6 23824/6/6
f 23824/6/6 23821/6/6 23825/6/6
f 23822/6/6 23823/6/6 23826/6/6
f 23826/6/6 23823/6/6 23827/6/6
f 23822/6/6 23826/6/6 23833/6/6
f 23830/2/6 23831/2/6 23835/2/6
f 23828/6/6 23829/6/6 23836/6/6
f 23836/6/6 23829/6/6 23837/6/6
f 23834/2/6 23835/2/6 23838/2/6
f 23835/2/6 23831/2/6 23838/2/6
f 23838/2/6 23831/2/6 23839/2/6
f 23832/6/6 23833/6/6 23841/6/6
f 23833/6/6 23826/6/6 23842/6/6
f 23841/6/6 23833/6/6 23842/6/6
f 23834/2/6 23838/2/6 23843/2/6
f 23839/2/6 23840/2/6 23844/2/6
f 23844/2/6 23840/2/6 23847/2/6
f 23843/2/6 23844/2/6 23847/2/6
f 23847/2/6 23840/2/6 23848/2/6
f 23845/6/6 23846/6/6 23849/6/6
f 23849/6/6 23846/6/6 23850/6/6
f 23834/2/6 23843/2/6 23851/2/6
f 23843/2/6 23847/2/6 23851/2/6
f 23851/2/6 23847/2/6 23852/2/6
f 23852/2/6 23847/2/6 23853/2/6
f 23853/2/6 23847/2/6 23854/2/6
f 23855/2/6 23856/2/6 23860/2/6
f 23857/6/6 23858/6/6 23861/6/6
f 23859/2/6 23860/2/6 23863/2/6
f 23860/2/6 23856/2/6 23863/2/6
f 23863/2/6 23856/2/6 23864/2/6
f 23861/6/6 23862/6/6 23867/6/6
f 23857/6/6 23861/6/6 23867/6/6
f 23867/6/6 23862/6/6 23868/6/6
f 23865/2/6 23866/2/6 23870/2/6
f 23870/2/6 23866/2/6 23871/2/6
f 23859/2/6 23863/2/6 23873/2/6
f 23873/2/6 23863/2/6 23874/2/6
f 23871/2/6 23872/2/6 23877/2/6
f 23870/2/6 23871/2/6 23877/2/6
f 23869/2/6 23870/2/6 23877/2/6
f 23877/2/6 23872/2/6 23878/2/6
f 23875/6/6 23876/6/6 23879/6/6
f 23879/6/6 23876/6/6 23880/6/6
f 23881/6/6 23882/6/6 23884/6/6
f 23883/6/6 23884/6/6 23885/6/6
f 23884/6/6 23882/6/6 23886/6/6
f 23885/6/6 23884/6/6 23886/6/6
f 23886/6/6 23882/6/6 23887/6/6
f 23887/6/6 23882/6/6 23888/6/6
f 23889/2/6 23890/2/6 23893/2/6
f 23893/2/6 23890/2/6 23894/2/6
f 23891/6/6 23892/6/6 23897/6/6
f 23897/6/6 23892/6/6 23898/6/6
f 23899/6/6 23900/6/6 23903/6/6
f 23903/6/6 23900/6/6 23904/6/6
f 23901/2/6 23902/2/6 23905/2/6
f 23905/2/6 23902/2/6 23906/2/6
f 23895/6/6 23896/6/6 23910/6/6
f 23910/6/6 23896/6/6 23911/6/6
f 23911/6/6 23896/6/6 23912/6/6
f 23899/6/6 23903/6/6 23913/6/6
f 23913/6/6 23903/6/6 23914/6/6
f 23906/2/6 23902/2/6 23915/2/6
f 23915/2/6 23902/2/6 23916/2/6
f 23910/6/6 23911/6/6 23917/6/6
f 23909/6/6 23910/6/6 23917/6/6
f 23917/6/6 23911/6/6 23918/6/6
f 23907/2/6 23908/2/6 23919/2/6
f 23919/2/6 23908/2/6 23920/2/6
f 23921/6/6 23922/6/6 23928/6/6
f 23923/2/6 23924/2/6 23931/2/6
f 23931/2/6 23924/2/6 23932/2/6
f 23927/6/6 23928/6/6 23933/6/6
f 23928/6/6 23922/6/6 23934/6/6
f 23933/6/6 23928/6/6 23934/6/6
f 23929/2/6 23930/2/6 23937/2/6
f 23937/2/6 23930/2/6 23938/2/6
f 23925/6/6 23926/6/6 23939/6/6
f 23939/6/6 23926/6/6 23940/6/6
f 23934/6/6 23935/6/6 23941/6/6
f 23941/6/6 23935/6/6 23942/6/6
f 23936/2/6 23937/2/6 23943/2/6
f 23943/2/6 23937/2/6 23944/2/6
f 23938/2/6 23930/2/6 23945/2/6
f 23945/2/6 23930/2/6 23946/2/6
f 23947/2/6 23948/2/6 23950/2/6
f 23949/2/6 23950/2/6 23953/2/6
f 23950/2/6 23948/2/6 23954/2/6
f 23953/2/6 23950/2/6 23954/2/6
f 23951/2/6 23952/2/6 23957/2/6
f 23957/2/6 23952/2/6 23958/2/6
f 23955/2/6 23956/2/6 23961/2/6
f 23951/2/6 23957/2/6 23963/2/6
f 23963/2/6 23957/2/6 23964/2/6
f 23959/2/6 23960/2/6 23965/2/6
f 23965/2/6 23960/2/6 23966/2/6
f 23955/2/6 23961/2/6 23968/2/6
f 23961/2/6 23962/2/6 23968/2/6
f 23968/2/6 23962/2/6 23969/2/6
f 23969/2/6 23962/2/6 23970/2/6
f 23951/2/6 23963/2/6 23971/2/6
f 23971/2/6 23963/2/6 23972/2/6
f 23968/2/6 23969/2/6 23977/2/6
f 23967/2/6 23968/2/6 23977/2/6
f 23977/2/6 23969/2/6 23978/2/6
f 23973/2/6 23974/2/6 23980/2/6
f 23980/2/6 23974/2/6 23981/2/6
f 23981/2/6 23974/2/6 23982/2/6
f 23975/6/6 23976/6/6 23984/6/6
f 23967/2/6 23977/2/6 23985/2/6
f 23985/2/6 23977/2/6 23986/2/6
f 23979/2/6 23980/2/6 23987/2/6
f 23980/2/6 23981/2/6 23987/2/6
f 23983/6/6 23984/6/6 23990/6/6
f 23984/6/6 23976/6/6 23991/6/6
f 23990/6/6 23984/6/6 23991/6/6
f 23991/6/6 23976/6/6 23992/6/6
f 23987/2/6 23988/2/6 23995/2/6
f 23979/2/6 23987/2/6 23995/2/6
f 23995/2/6 23988/2/6 23996/2/6
f 23989/6/6 23990/6/6 23997/6/6
f 23990/6/6 23991/6/6 23997/6/6
f 23997/6/6 23991/6/6 23998/6/6
f 23993/2/6 23994/2/6 24001/2/6
f 24001/2/6 23994/2/6 24002/2/6
f 23996/2/6 23988/2/6 24003/2/6
f 24003/2/6 23988/2/6 24004/2/6
f 23989/6/6 23997/6/6 24005/6/6
f 24005/6/6 23997/6/6 24006/6/6
f 23999/2/6 24000/2/6 24007/2/6
f 24007/2/6 24000/2/6 24008/2/6
f 23999/2/6 24007/2/6 24009/2/6
f 24009/2/6 24007/2/6 24010/2/6
f 23764/9/6 23766/9/6 24011/9/6
f 23767/9/6 23765/9/6 24014/9/6
f 23764/9/6 24011/9/6 24015/9/6
f 24013/9/6 24014/9/6 24015/9/6
f 24012/9/6 24013/9/6 24015/9/6
f 24011/9/6 24012/9/6 24015/9/6
f 24014/9/6 23765/9/6 24016/9/6
f 24015/9/6 24014/9/6 24016/9/6
f 24017/6/6 24018/6/6 24019/6/6
f 24019/6/6 24018/6/6 24020/6/6
f 24021/2/6 24022/2/6 24023/2/6
f 24023/2/6 24022/2/6 24024/2/6
f 24025/6/6 24026/6/6 24027/6/6
f 24027/6/6 24026/6/6 24028/6/6
f 24029/6/6 24030/6/6 24034/6/6
f 24034/6/6 24030/6/6 24035/6/6
f 24031/6/6 24032/6/6 24039/6/6
f 24039/6/6 24032/6/6 24040/6/6
f 24033/6/6 24034/6/6 24041/6/6
f 24041/6/6 24034/6/6 24042/6/6
f 24035/6/6 24036/6/6 24043/6/6
f 24043/6/6 24036/6/6 24044/6/6
f 24037/6/6 24038/6/6 24045/6/6
f 24045/6/6 24038/6/6 24046/6/6
f 24042/6/6 24043/6/6 24047/6/6
f 24047/6/6 24043/6/6 24048/6/6
f 24051/6/6 24052/6/6 24053/6/6
f 24053/6/6 24052/6/6 24054/6/6
f 24049/6/6 24050/6/6 24055/6/6
f 24055/6/6 24050/6/6 24056/6/6
f 24057/6/6 24058/6/6 24059/6/6
f 24059/6/6 24058/6/6 24060/6/6
f 24061/2/6 24062/2/6 24065/2/6
f 24065/2/6 24062/2/6 24066/2/6
f 24063/6/6 24064/6/6 24072/6/6
f 24072/6/6 24064/6/6 24073/6/6
f 24067/6/6 24068/6/6 24077/6/6
f 24077/6/6 24068/6/6 24078/6/6
f 24069/6/6 24070/6/6 24081/6/6
f 24081/6/6 24070/6/6 24082/6/6
f 24071/6/6 24072/6/6 24083/6/6
f 24083/6/6 24072/6/6 24084/6/6
f 24073/6/6 24074/6/6 24085/6/6
f 24085/6/6 24074/6/6 24086/6/6
f 24075/6/6 24076/6/6 24087/6/6
f 24087/6/6 24076/6/6 24088/6/6
f 24084/6/6 24085/6/6 24089/6/6
f 24089/6/6 24085/6/6 24090/6/6
f 24079/2/6 24080/2/6 24093/2/6
f 24093/2/6 24080/2/6 24094/2/6
f 24091/2/6 24092/2/6 24097/2/6
f 24097/2/6 24092/2/6 24098/2/6
f 24095/6/6 24096/6/6 24099/6/6
f 24099/6/6 24096/6/6 24100/6/6
f 24101/2/6 24102/2/6 24107/2/6
f 24107/2/6 24102/2/6 24108/2/6
f 24103/6/6 24104/6/6 24109/6/6
f 24109/6/6 24104/6/6 24110/6/6
f 24105/6/6 24106/6/6 24111/6/6
f 24111/6/6 24106/6/6 24112/6/6
f 24113/6/6 24114/6/6 24117/6/6
f 24117/6/6 24114/6/6 24118/6/6
f 24115/2/6 24116/2/6 24121/2/6
f 24121/2/6 24116/2/6 24122/2/6
f 24119/6/6 24120/6/6 24126/6/6
f 24126/6/6 24120/6/6 24127/6/6
f 24123/6/6 24124/6/6 24133/6/6
f 24133/6/6 24124/6/6 24134/6/6
f 24125/6/6 24126/6/6 24135/6/6
f 24135/6/6 24126/6/6 24136/6/6
f 24127/6/6 24128/6/6 24137/6/6
f 24137/6/6 24128/6/6 24138/6/6
f 24129/6/6 24130/6/6 24139/6/6
f 24139/6/6 24130/6/6 24140/6/6
f 24131/2/6 24132/2/6 24141/2/6
f 24141/2/6 24132/2/6 24142/2/6
f 24136/6/6 24137/6/6 24143/6/6
f 24143/6/6 24137/6/6 24144/6/6
f 24149/6/6 24150/6/6 24151/6/6
f 24151/6/6 24150/6/6 24152/6/6
f 24145/2/6 24146/2/6 24157/2/6
f 24157/2/6 24146/2/6 24158/2/6
f 24147/2/6 24148/2/6 24159/2/6
f 24159/2/6 24148/2/6 24160/2/6
f 24153/6/6 24154/6/6 24161/6/6
f 24161/6/6 24154/6/6 24162/6/6
f 24155/6/6 24156/6/6 24165/6/6
f 24165/6/6 24156/6/6 24166/6/6
f 24163/6/6 24164/6/6 24170/6/6
f 24170/6/6 24164/6/6 24171/6/6
f 24167/6/6 24168/6/6 24175/6/6
f 24175/6/6 24168/6/6 24176/6/6
f 24169/6/6 24170/6/6 24177/6/6
f 24177/6/6 24170/6/6 24178/6/6
f 24171/6/6 24172/6/6 24179/6/6
f 24179/6/6 24172/6/6 24180/6/6
f 24173/6/6 24174/6/6 24181/6/6
f 24181/6/6 24174/6/6 24182/6/6
f 24178/6/6 24179/6/6 24183/6/6
f 24183/6/6 24179/6/6 24184/6/6
f 24185/6/6 24186/6/6 24187/6/6
f 24187/6/6 24186/6/6 24188/6/6
f 24189/6/6 24190/6/6 24195/6/6
f 24195/6/6 24190/6/6 24196/6/6
f 24191/2/6 24192/2/6 24197/2/6
f 24197/2/6 24192/2/6 24198/2/6
f 24193/6/6 24194/6/6 24199/6/6
f 24199/6/6 24194/6/6 24200/6/6
f 24201/6/6 24202/6/6 24204/6/6
f 24204/6/6 24202/6/6 24205/6/6
f 24207/2/6 24208/2/6 24210/2/6
f 24210/2/6 24208/2/6 24211/2/6
f 24203/6/6 24204/6/6 24213/6/6
f 24213/6/6 24204/6/6 24214/6/6
f 24205/6/6 24206/6/6 24215/6/6
f 24215/6/6 24206/6/6 24216/6/6
f 24214/6/6 24215/6/6 24219/6/6
f 24219/6/6 24215/6/6 24220/6/6
f 24217/2/6 24218/2/6 24222/2/6
f 24222/2/6 24218/2/6 24223/2/6
f 24209/2/6 24210/2/6 24225/2/6
f 24225/2/6 24210/2/6 24226/2/6
f 24211/2/6 24212/2/6 24227/2/6
f 24227/2/6 24212/2/6 24228/2/6
f 24226/2/6 24227/2/6 24229/2/6
f 24229/2/6 24227/2/6 24230/2/6
f 24221/2/6 24222/2/6 24231/2/6
f 24231/2/6 24222/2/6 24232/2/6
f 24223/2/6 24224/2/6 24233/2/6
f 24233/2/6 24224/2/6 24234/2/6
f 24232/2/6 24233/2/6 24237/2/6
f 24237/2/6 24233/2/6 24238/2/6
f 24235/4/6 24236/4/6 24239/4/6
f 24239/4/6 24236/4/6 24240/4/6
f 24241/6/6 24242/6/6 24243/6/6
f 24243/6/6 24242/6/6 24244/6/6
f 24249/6/6 24250/6/6 24252/6/6
f 24252/6/6 24250/6/6 24253/6/6
f 24245/6/6 24246/6/6 24255/6/6
f 24255/6/6 24246/6/6 24256/6/6
f 24247/6/6 24248/6/6 24257/6/6
f 24257/6/6 24248/6/6 24258/6/6
f 24251/6/6 24252/6/6 24263/6/6
f 24263/6/6 24252/6/6 24264/6/6
f 24253/6/6 24254/6/6 24265/6/6
f 24265/6/6 24254/6/6 24266/6/6
f 24259/6/6 24260/6/6 24270/6/6
f 24270/6/6 24260/6/6 24271/6/6
f 24261/6/6 24262/6/6 24273/6/6
f 24273/6/6 24262/6/6 24274/6/6
f 24264/6/6 24265/6/6 24275/6/6
f 24275/6/6 24265/6/6 24276/6/6
f 24267/4/6 24268/4/6 24277/4/6
f 24277/4/6 24268/4/6 24278/4/6
f 24269/6/6 24270/6/6 24279/6/6
f 24279/6/6 24270/6/6 24280/6/6
f 24271/6/6 24272/6/6 24281/6/6
f 24281/6/6 24272/6/6 24282/6/6
f 24280/6/6 24281/6/6 24283/6/6
f 24283/6/6 24281/6/6 24284/6/6
f 24285/6/6 24286/6/6 24289/6/6
f 24289/6/6 24286/6/6 24290/6/6
f 24287/6/6 24288/6/6 24292/6/6
f 24292/6/6 24288/6/6 24293/6/6
f 24291/6/6 24292/6/6 24303/6/6
f 24303/6/6 24292/6/6 24304/6/6
f 24293/6/6 24294/6/6 24305/6/6
f 24305/6/6 24294/6/6 24306/6/6
f 24299/2/6 24300/2/6 24308/2/6
f 24308/2/6 24300/2/6 24309/2/6
f 24295/6/6 24296/6/6 24311/6/6
f 24311/6/6 24296/6/6 24312/6/6
f 24297/6/6 24298/6/6 24313/6/6
f 24313/6/6 24298/6/6 24314/6/6
f 24301/2/6 24302/2/6 24316/2/6
f 24316/2/6 24302/2/6 24317/2/6
f 24304/6/6 24305/6/6 24319/6/6
f 24319/6/6 24305/6/6 24320/6/6
f 24307/2/6 24308/2/6 24323/2/6
f 24323/2/6 24308/2/6 24324/2/6
f 24309/2/6 24310/2/6 24325/2/6
f 24325/2/6 24310/2/6 24326/2/6
f 24321/6/6 24322/6/6 24327/6/6
f 24327/6/6 24322/6/6 24328/6/6
f 24315/2/6 24316/2/6 24329/2/6
f 24329/2/6 24316/2/6 24330/2/6
f 24317/2/6 24318/2/6 24331/2/6
f 24331/2/6 24318/2/6 24332/2/6
f 24324/2/6 24325/2/6 24333/2/6
f 24333/2/6 24325/2/6 24334/2/6
f 24330/2/6 24331/2/6 24335/2/6
f 24335/2/6 24331/2/6 24336/2/6
f 24337/6/6 24338/6/6 24342/6/6
f 24342/6/6 24338/6/6 24343/6/6
f 24339/2/6 24340/2/6 24348/2/6
f 24348/2/6 24340/2/6 24349/2/6
f 24345/6/6 24346/6/6 24354/6/6
f 24354/6/6 24346/6/6 24355/6/6
f 24351/6/6 24352/6/6 24358/6/6
f 24358/6/6 24352/6/6 24359/6/6
f 24341/6/6 24342/6/6 24361/6/6
f 24361/6/6 24342/6/6 24362/6/6
f 24343/6/6 24344/6/6 24363/6/6
f 24363/6/6 24344/6/6 24364/6/6
f 24347/2/6 24348/2/6 24365/2/6
f 24365/2/6 24348/2/6 24366/2/6
f 24349/2/6 24350/2/6 24367/2/6
f 24367/2/6 24350/2/6 24368/2/6
f 24362/6/6 24363/6/6 24369/6/6
f 24369/6/6 24363/6/6 24370/6/6
f 24353/6/6 24354/6/6 24373/6/6
f 24373/6/6 24354/6/6 24374/6/6
f 24355/6/6 24356/6/6 24375/6/6
f 24375/6/6 24356/6/6 24376/6/6
f 24366/2/6 24367/2/6 24377/2/6
f 24377/2/6 24367/2/6 24378/2/6
f 24357/6/6 24358/6/6 24379/6/6
f 24379/6/6 24358/6/6 24380/6/6
f 24359/6/6 24360/6/6 24381/6/6
f 24381/6/6 24360/6/6 24382/6/6
f 24371/2/6 24372/2/6 24384/2/6
f 24384/2/6 24372/2/6 24385/2/6
f 24374/6/6 24375/6/6 24387/6/6
f 24387/6/6 24375/6/6 24388/6/6
f 24380/6/6 24381/6/6 24389/6/6
f 24389/6/6 24381/6/6 24390/6/6
f 24391/6/6 24392/6/6 24393/6/6
f 24393/6/6 24392/6/6 24394/6/6
f 24383/2/6 24384/2/6 24395/2/6
f 24395/2/6 24384/2/6 24396/2/6
f 24385/2/6 24386/2/6 24397/2/6
f 24397/2/6 24386/2/6 24398/2/6
f 24396/2/6 24397/2/6 24403/2/6
f 24403/2/6 24397/2/6 24404/2/6
f 24399/6/6 24400/6/6 24405/6/6
f 24405/6/6 24400/6/6 24406/6/6
f 24401/6/6 24402/6/6 24407/6/6
f 24407/6/6 24402/6/6 24408/6/6
f 24409/2/6 24410/2/6 24416/2/6
f 24416/2/6 24410/2/6 24417/2/6
f 24411/2/6 24412/2/6 24420/2/6
f 24420/2/6 24412/2/6 24421/2/6
f 24413/6/6 24414/6/6 24423/6/6
f 24423/6/6 24414/6/6 24424/6/6
f 24425/6/6 24426/6/6 24428/6/6
f 24428/6/6 24426/6/6 24429/6/6
f 24415/2/6 24416/2/6 24431/2/6
f 24431/2/6 24416/2/6 24432/2/6
f 24417/2/6 24418/2/6 24433/2/6
f 24433/2/6 24418/2/6 24434/2/6
f 24419/2/6 24420/2/6 24435/2/6
f 24435/2/6 24420/2/6 24436/2/6
f 24421/2/6 24422/2/6 24437/2/6
f 24437/2/6 24422/2/6 24438/2/6
f 24432/2/6 24433/2/6 24441/2/6
f 24441/2/6 24433/2/6 24442/2/6
f 24436/2/6 24437/2/6 24443/2/6
f 24443/2/6 24437/2/6 24444/2/6
f 24439/6/6 24440/6/6 24447/6/6
f 24447/6/6 24440/6/6 24448/6/6
f 24427/6/6 24428/6/6 24449/6/6
f 24449/6/6 24428/6/6 24450/6/6
f 24429/6/6 24430/6/6 24451/6/6
f 24451/6/6 24430/6/6 24452/6/6
f 24445/4/6 24446/4/6 24453/4/6
f 24453/4/6 24446/4/6 24454/4/6
f 24450/6/6 24451/6/6 24459/6/6
f 24459/6/6 24451/6/6 24460/6/6
f 24461/6/6 24462/6/6 24464/6/6
f 24464/6/6 24462/6/6 24465/6/6
f 24455/6/6 24456/6/6 24467/6/6
f 24467/6/6 24456/6/6 24468/6/6
f 24457/6/6 24458/6/6 24469/6/6
f 24469/6/6 24458/6/6 24470/6/6
f 24463/6/6 24464/6/6 24473/6/6
f 24473/6/6 24464/6/6 24474/6/6
f 24465/6/6 24466/6/6 24475/6/6
f 24475/6/6 24466/6/6 24476/6/6
f 24471/6/6 24472/6/6 24477/6/6
f 24477/6/6 24472/6/6 24478/6/6
f 24474/6/6 24475/6/6 24479/6/6
f 24479/6/6 24475/6/6 24480/6/6
f 24481/6/6 24482/6/6 24488/6/6
f 24488/6/6 24482/6/6 24489/6/6
f 24483/2/6 24484/2/6 24492/2/6
f 24492/2/6 24484/2/6 24493/2/6
f 24485/6/6 24486/6/6 24496/6/6
f 24496/6/6 24486/6/6 24497/6/6
f 24487/6/6 24488/6/6 24499/6/6
f 24499/6/6 24488/6/6 24500/6/6
f 24500/6/6 24488/6/6 24501/6/6
f 24489/6/6 24490/6/6 24502/6/6
f 24502/6/6 24490/6/6 24503/6/6
f 24491/2/6 24492/2/6 24504/2/6
f 24504/2/6 24492/2/6 24505/2/6
f 24493/2/6 24494/2/6 24506/2/6
f 24506/2/6 24494/2/6 24507/2/6
f 24495/6/6 24496/6/6 24508/6/6
f 24508/6/6 24496/6/6 24509/6/6
f 24497/6/6 24498/6/6 24510/6/6
f 24510/6/6 24498/6/6 24511/6/6
f 24501/6/6 24502/6/6 24512/6/6
f 24512/6/6 24502/6/6 24513/6/6
f 24505/2/6 24506/2/6 24514/2/6
f 24514/2/6 24506/2/6 24515/2/6
f 24509/6/6 24510/6/6 24516/6/6
f 24516/6/6 24510/6/6 24517/6/6
f 24518/6/6 24519/6/6 24521/6/6
f 24521/6/6 24519/6/6 24522/6/6
f 24524/4/6 24525/4/6 24526/4/6
f 24526/4/6 24525/4/6 24527/4/6
f 24520/6/6 24521/6/6 24528/6/6
f 24528/6/6 24521/6/6 24529/6/6
f 24522/6/6 24523/6/6 24530/6/6
f 24530/6/6 24523/6/6 24531/6/6
f 24529/6/6 24530/6/6 24532/6/6
f 24532/6/6 24530/6/6 24533/6/6
f 24534/6/6 24535/6/6 24539/6/6
f 24539/6/6 24535/6/6 24540/6/6
f 24537/2/6 24538/2/6 24547/2/6
f 24536/2/6 24537/2/6 24547/2/6
f 24547/2/6 24538/2/6 24548/2/6
f 24541/6/6 24542/6/6 24555/6/6
f 24555/6/6 24542/6/6 24556/6/6
f 24543/6/6 24544/6/6 24557/6/6
f 24557/6/6 24544/6/6 24558/6/6
f 24545/2/6 24546/2/6 24559/2/6
f 24559/2/6 24546/2/6 24560/2/6
f 24551/2/6 24552/2/6 24561/2/6
f 24561/2/6 24552/2/6 24562/2/6
f 24553/3/6 24554/3/6 24563/3/6
f 24563/3/6 24554/3/6 24564/3/6
f 24549/2/6 24550/2/6 24571/2/6
f 24571/2/6 24550/2/6 24572/2/6
f 24562/2/6 24563/2/6 24573/2/6
f 24573/2/6 24563/2/6 24574/2/6
f 24565/6/6 24566/6/6 24575/6/6
f 24575/6/6 24566/6/6 24576/6/6
f 24567/2/6 24568/2/6 24581/2/6
f 24581/2/6 24568/2/6 24582/2/6
f 24569/2/6 24570/2/6 24583/2/6
f 24583/2/6 24570/2/6 24584/2/6
f 24579/4/6 24580/4/6 24586/4/6
f 24586/4/6 24580/4/6 24587/4/6
f 24577/2/6 24578/2/6 24591/2/6
f 24591/2/6 24578/2/6 24592/2/6
f 24585/4/6 24586/4/6 24593/4/6
f 24593/4/6 24586/4/6 24594/4/6
f 24587/4/6 24588/4/6 24595/4/6
f 24595/4/6 24588/4/6 24596/4/6
f 24594/4/6 24595/4/6 24597/4/6
f 24597/4/6 24595/4/6 24598/4/6
f 24589/2/6 24590/2/6 24599/2/6
f 24599/2/6 24590/2/6 24600/2/6
f 24601/6/6 24602/6/6 24603/6/6
f 24603/6/6 24602/6/6 24604/6/6
f 24611/6/6 24612/6/6 24615/6/6
f 24615/6/6 24612/6/6 24616/6/6
f 24605/6/6 24606/6/6 24617/6/6
f 24617/6/6 24606/6/6 24618/6/6
f 24607/6/6 24608/6/6 24619/6/6
f 24619/6/6 24608/6/6 24620/6/6
f 24609/6/6 24610/6/6 24621/6/6
f 24621/6/6 24610/6/6 24622/6/6
f 24613/4/6 24614/4/6 24624/4/6
f 24624/4/6 24614/4/6 24625/4/6
f 24623/4/6 24624/4/6 24633/4/6
f 24633/4/6 24624/4/6 24634/4/6
f 24625/4/6 24626/4/6 24635/4/6
f 24635/4/6 24626/4/6 24636/4/6
f 24631/6/6 24632/6/6 24637/6/6
f 24637/6/6 24632/6/6 24638/6/6
f 24634/4/6 24635/4/6 24639/4/6
f 24639/4/6 24635/4/6 24640/4/6
f 24627/6/6 24628/6/6 24641/6/6
f 24641/6/6 24628/6/6 24642/6/6
f 24629/6/6 24630/6/6 24643/6/6
f 24643/6/6 24630/6/6 24644/6/6
f 24645/6/6 24646/6/6 24647/6/6
f 24647/6/6 24646/6/6 24648/6/6
f 24649/6/6 24650/6/6 24651/6/6
f 24651/6/6 24650/6/6 24652/6/6
f 24653/2/6 24654/2/6 24662/2/6
f 24662/2/6 24654/2/6 24663/2/6
f 24655/2/6 24656/2/6 24664/2/6
f 24656/2/6 24657/2/6 24664/2/6
f 24664/2/6 24657/2/6 24665/2/6
f 24658/6/6 24659/6/6 24666/6/6
f 24666/6/6 24659/6/6 24667/6/6
f 24660/6/6 24661/6/6 24668/6/6
f 24668/6/6 24661/6/6 24669/6/6
f 24676/2/6 24677/2/6 24682/2/6
f 24682/2/6 24677/2/6 24683/2/6
f 24678/3/6 24679/3/6 24684/3/6
f 24684/3/6 24679/3/6 24685/3/6
f 24680/6/6 24681/6/6 24686/6/6
f 24686/6/6 24681/6/6 24687/6/6
f 24670/2/6 24671/2/6 24688/2/6
f 24688/2/6 24671/2/6 24689/2/6
f 24672/2/6 24673/2/6 24690/2/6
f 24690/2/6 24673/2/6 24691/2/6
f 24674/2/6 24675/2/6 24692/2/6
f 24692/2/6 24675/2/6 24693/2/6
f 24683/2/6 24684/2/6 24694/2/6
f 24694/2/6 24684/2/6 24695/2/6
f 24696/2/6 24697/2/6 24700/2/6
f 24700/2/6 24697/2/6 24701/2/6
f 24698/2/6 24699/2/6 24702/2/6
f 24702/2/6 24699/2/6 24703/2/6
f 24703/2/6 24699/2/6 24704/2/6
f 24707/6/6 24708/6/6 24709/6/6
f 24709/6/6 24708/6/6 24710/6/6
f 24705/2/6 24706/2/6 24713/2/6
f 24713/2/6 24706/2/6 24714/2/6
f 24711/6/6 24712/6/6 24723/6/6
f 24723/6/6 24712/6/6 24724/6/6
f 24715/6/6 24716/6/6 24729/6/6
f 24729/6/6 24716/6/6 24730/6/6
f 24727/2/6 24728/2/6 24737/2/6
f 24737/2/6 24728/2/6 24738/2/6
f 24717/6/6 24718/6/6 24743/6/6
f 24743/6/6 24718/6/6 24744/6/6
f 24719/6/6 24720/6/6 24745/6/6
f 24745/6/6 24720/6/6 24746/6/6
f 24721/6/6 24722/6/6 24747/6/6
f 24747/6/6 24722/6/6 24748/6/6
f 24725/2/6 24726/2/6 24749/2/6
f 24749/2/6 24726/2/6 24750/2/6
f 24727/2/6 24737/2/6 24751/2/6
f 24751/2/6 24737/2/6 24752/2/6
f 24731/2/6 24732/2/6 24755/2/6
f 24755/2/6 24732/2/6 24756/2/6
f 24733/6/6 24734/6/6 24757/6/6
f 24757/6/6 24734/6/6 24758/6/6
f 24735/6/6 24736/6/6 24759/6/6
f 24759/6/6 24736/6/6 24760/6/6
f 24739/6/6 24740/6/6 24763/6/6
f 24763/6/6 24740/6/6 24764/6/6
f 24741/6/6 24742/6/6 24765/6/6
f 24765/6/6 24742/6/6 24766/6/6
f 24753/6/6 24754/6/6 24767/6/6
f 24767/6/6 24754/6/6 24768/6/6
f 24773/6/6 24774/6/6 24777/6/6
f 24777/6/6 24774/6/6 24778/6/6
f 24761/2/6 24762/2/6 24779/2/6
f 24779/2/6 24762/2/6 24780/2/6
f 24775/6/6 24776/6/6 24781/6/6
f 24781/6/6 24776/6/6 24782/6/6
f 24769/2/6 24770/2/6 24783/2/6
f 24783/2/6 24770/2/6 24784/2/6
f 24771/2/6 24772/2/6 24785/2/6
f 24785/2/6 24772/2/6 24786/2/6
f 24787/2/6 24788/2/6 24793/2/6
f 24793/2/6 24788/2/6 24794/2/6
f 24789/2/6 24790/2/6 24795/2/6
f 24795/2/6 24790/2/6 24796/2/6
f 24791/2/6 24792/2/6 24797/2/6
f 24797/2/6 24792/2/6 24798/2/6
f 24799/6/6 24800/6/6 24809/6/6
f 24809/6/6 24800/6/6 24810/6/6
f 24801/2/6 24802/2/6 24815/2/6
f 24815/2/6 24802/2/6 24816/2/6
f 24803/2/6 24804/2/6 24817/2/6
f 24817/2/6 24804/2/6 24818/2/6
f 24805/2/6 24806/2/6 24819/2/6
f 24819/2/6 24806/2/6 24820/2/6
f 24807/2/6 24808/2/6 24821/2/6
f 24821/2/6 24808/2/6 24822/2/6
f 24823/4/6 24824/4/6 24830/4/6
f 24830/4/6 24824/4/6 24831/4/6
f 24811/6/6 24812/6/6 24833/6/6
f 24833/6/6 24812/6/6 24834/6/6
f 24813/6/6 24814/6/6 24835/6/6
f 24835/6/6 24814/6/6 24836/6/6
f 24829/4/6 24830/4/6 24839/4/6
f 24839/4/6 24830/4/6 24840/4/6
f 24831/4/6 24832/4/6 24841/4/6
f 24841/4/6 24832/4/6 24842/4/6
f 24825/2/6 24826/2/6 24845/2/6
f 24845/2/6 24826/2/6 24846/2/6
f 24837/6/6 24838/6/6 24847/6/6
f 24847/6/6 24838/6/6 24848/6/6
f 24827/2/6 24828/2/6 24849/2/6
f 24849/2/6 24828/2/6 24850/2/6
f 24840/4/6 24841/4/6 24851/4/6
f 24851/4/6 24841/4/6 24852/4/6
f 24843/6/6 24844/6/6 24853/6/6
f 24853/6/6 24844/6/6 24854/6/6
f 24855/6/6 24856/6/6 24859/6/6
f 24859/6/6 24856/6/6 24860/6/6
f 24857/6/6 24858/6/6 24861/6/6
f 24861/6/6 24858/6/6 24862/6/6
f 24863/6/6 24864/6/6 24867/6/6
f 24867/6/6 24864/6/6 24868/6/6
f 24869/6/6 24870/6/6 24873/6/6
f 24873/6/6 24870/6/6 24874/6/6
f 24865/2/6 24866/2/6 24875/2/6
f 24875/2/6 24866/2/6 24876/2/6
f 24871/6/6 24872/6/6 24877/6/6
f 24877/6/6 24872/6/6 24878/6/6
f 24881/2/6 24882/2/6 24891/2/6
f 24891/2/6 24882/2/6 24892/2/6
f 24889/6/6 24890/6/6 24893/6/6
f 24893/6/6 24890/6/6 24894/6/6
f 24879/6/6 24880/6/6 24895/6/6
f 24895/6/6 24880/6/6 24896/6/6
f 24892/2/6 24882/2/6 24897/2/6
f 24897/2/6 24882/2/6 24898/2/6
f 24883/2/6 24884/2/6 24899/2/6
f 24899/2/6 24884/2/6 24900/2/6
f 24885/6/6 24886/6/6 24901/6/6
f 24901/6/6 24886/6/6 24902/6/6
f 24887/6/6 24888/6/6 24903/6/6
f 24903/6/6 24888/6/6 24904/6/6
f 24905/6/6 24906/6/6 24913/6/6
f 24913/6/6 24906/6/6 24914/6/6
f 24909/6/6 24910/6/6 24915/6/6
f 24915/6/6 24910/6/6 24916/6/6
f 24911/6/6 24912/6/6 24917/6/6
f 24917/6/6 24912/6/6 24918/6/6
f 24907/2/6 24908/2/6 24919/2/6
f 24919/2/6 24908/2/6 24920/2/6
f 24921/4/6 24922/4/6 24930/4/6
f 24930/4/6 24922/4/6 24931/4/6
f 24929/4/6 24930/4/6 24933/4/6
f 24933/4/6 24930/4/6 24934/4/6
f 24931/4/6 24932/4/6 24935/4/6
f 24935/4/6 24932/4/6 24936/4/6
f 24923/6/6 24924/6/6 24937/6/6
f 24937/6/6 24924/6/6 24938/6/6
f 24925/6/6 24926/6/6 24939/6/6
f 24939/6/6 24926/6/6 24940/6/6
f 24927/6/6 24928/6/6 24941/6/6
f 24941/6/6 24928/6/6 24942/6/6
f 24934/4/6 24935/4/6 24943/4/6
f 24943/4/6 24935/4/6 24944/4/6
f 24945/6/6 24946/6/6 24947/6/6
f 24947/6/6 24946/6/6 24948/6/6
f 24949/6/6 24950/6/6 24953/6/6
f 24953/6/6 24950/6/6 24954/6/6
f 24951/3/6 24952/3/6 24955/3/6
f 24955/3/6 24952/3/6 24956/3/6
f 24957/6/6 24958/6/6 24963/6/6
f 24963/6/6 24958/6/6 24964/6/6
f 24959/6/6 24960/6/6 24965/6/6
f 24965/6/6 24960/6/6 24966/6/6
f 24961/3/6 24962/3/6 24968/3/6
f 24968/3/6 24962/3/6 24969/3/6
f 24967/3/6 24968/3/6 24970/3/6
f 24970/3/6 24968/3/6 24971/3/6
f 24974/4/6 24975/4/6 24976/4/6
f 24976/4/6 24975/4/6 24977/4/6
f 24972/6/6 24973/6/6 24978/6/6
f 24978/6/6 24973/6/6 24979/6/6
f 24980/4/6 24981/4/6 24982/4/6
f 24982/4/6 24981/4/6 24983/4/6
f 24983/4/6 24984/4/6 24991/4/6
f 24991/4/6 24984/4/6 24992/4/6
f 24985/6/6 24986/6/6 24993/6/6
f 24993/6/6 24986/6/6 24994/6/6
f 24987/6/6 24988/6/6 24995/6/6
f 24995/6/6 24988/6/6 24996/6/6
f 24989/6/6 24990/6/6 24997/6/6
f 24997/6/6 24990/6/6 24998/6/6
f 25001/6/6 25002/6/6 25007/6/6
f 25007/6/6 25002/6/6 25008/6/6
f 25003/6/6 25004/6/6 25009/6/6
f 25009/6/6 25004/6/6 25010/6/6
f 24999/6/6 25000/6/6 25015/6/6
f 25015/6/6 25000/6/6 25016/6/6
f 25013/4/6 25014/4/6 25017/4/6
f 25017/4/6 25014/4/6 25018/4/6
f 25005/6/6 25006/6/6 25019/6/6
f 25019/6/6 25006/6/6 25020/6/6
f 25011/6/6 25012/6/6 25025/6/6
f 25025/6/6 25012/6/6 25026/6/6
f 25021/6/6 25022/6/6 25033/6/6
f 25033/6/6 25022/6/6 25034/6/6
f 25023/6/6 25024/6/6 25035/6/6
f 25035/6/6 25024/6/6 25036/6/6
f 25027/4/6 25028/4/6 25037/4/6
f 25037/4/6 25028/4/6 25038/4/6
f 25038/4/6 25039/4/6 25048/4/6
f 25048/4/6 25039/4/6 25049/4/6
f 25029/6/6 25030/6/6 25050/6/6
f 25050/6/6 25030/6/6 25051/6/6
f 25031/6/6 25032/6/6 25052/6/6
f 25052/6/6 25032/6/6 25053/6/6
f 25040/6/6 25041/6/6 25054/6/6
f 25054/6/6 25041/6/6 25055/6/6
f 25042/6/6 25043/6/6 25056/6/6
f 25056/6/6 25043/6/6 25057/6/6
f 25044/6/6 25045/6/6 25058/6/6
f 25058/6/6 25045/6/6 25059/6/6
f 25046/7/6 25047/7/6 25060/7/6
f 25060/7/6 25047/7/6 25061/7/6
f 25061/7/6 25047/7/6 25062/7/6
f 25061/6/6 25062/6/6 25064/6/6
f 25063/6/6 25064/6/6 25069/6/6
f 25064/6/6 25062/6/6 25070/6/6
f 25069/6/6 25064/6/6 25070/6/6
f 25065/6/6 25066/6/6 25071/6/6
f 25071/6/6 25066/6/6 25072/6/6
f 25067/3/6 25068/3/6 25073/3/6
f 25073/3/6 25068/3/6 25074/3/6
f 25075/7/6 25076/7/6 25080/7/6
f 25076/6/6 25077/6/6 25081/6/6
f 25080/7/6 25076/7/6 25081/7/6
f 25081/6/6 25077/6/6 25082/6/6
f 25082/6/6 25077/6/6 25085/6/6
f 25085/6/6 25077/6/6 25086/6/6
f 25078/6/6 25079/6/6 25087/6/6
f 25087/6/6 25079/6/6 25088/6/6
f 25083/7/6 25084/7/6 25089/7/6
f 25089/7/6 25084/7/6 25090/7/6
f 25091/3/6 25092/3/6 25094/3/6
f 25094/3/6 25092/3/6 25095/3/6
f 25093/3/6 25094/3/6 25098/3/6
f 25098/3/6 25094/3/6 25099/3/6
f 25096/6/6 25097/6/6 25100/6/6
f 25100/6/6 25097/6/6 25101/6/6
f 25102/2/6 25103/2/6 25106/2/6
f 25106/2/6 25103/2/6 25107/2/6
f 25104/7/6 25105/7/6 25108/7/6
f 25108/7/6 25105/7/6 25109/7/6
f 25110/6/6 25111/6/6 25120/6/6
f 25120/6/6 25111/6/6 25121/6/6
f 25112/6/6 25113/6/6 25122/6/6
f 25122/6/6 25113/6/6 25123/6/6
f 25114/6/6 25115/6/6 25124/6/6
f 25124/6/6 25115/6/6 25125/6/6
f 25116/6/6 25117/6/6 25130/6/6
f 25130/6/6 25117/6/6 25131/6/6
f 25118/6/6 25119/6/6 25132/6/6
f 25132/6/6 25119/6/6 25133/6/6
f 25126/6/6 25127/6/6 25136/6/6
f 25136/6/6 25127/6/6 25137/6/6
f 25128/6/6 25129/6/6 25138/6/6
f 25138/6/6 25129/6/6 25139/6/6
f 25134/6/6 25135/6/6 25150/6/6
f 25150/6/6 25135/6/6 25151/6/6
f 25140/6/6 25141/6/6 25156/6/6
f 25156/6/6 25141/6/6 25157/6/6
f 25152/6/6 25153/6/6 25158/6/6
f 25158/6/6 25153/6/6 25159/6/6
f 25154/6/6 25155/6/6 25160/6/6
f 25160/6/6 25155/6/6 25161/6/6
f 25142/6/6 25143/6/6 25162/6/6
f 25162/6/6 25143/6/6 25163/6/6
f 25144/6/6 25145/6/6 25164/6/6
f 25164/6/6 25145/6/6 25165/6/6
f 25146/6/6 25147/6/6 25166/6/6
f 25166/6/6 25147/6/6 25167/6/6
f 25148/6/6 25149/6/6 25168/6/6
f 25168/6/6 25149/6/6 25169/6/6
f 25170/6/6 25171/6/6 25176/6/6
f 25176/6/6 25171/6/6 25177/6/6
f 25172/6/6 25173/6/6 25178/6/6
f 25178/6/6 25173/6/6 25179/6/6
f 25174/6/6 25175/6/6 25180/6/6
f 25180/6/6 25175/6/6 25181/6/6
f 25182/6/6 25183/6/6 25188/6/6
f 25188/6/6 25183/6/6 25189/6/6
f 25184/6/6 25185/6/6 25190/6/6
f 25190/6/6 25185/6/6 25191/6/6
f 25186/7/6 25187/7/6 25192/7/6
f 25192/7/6 25187/7/6 25193/7/6
f 25193/7/6 25187/7/6 25194/7/6
f 25193/6/6 25194/6/6 25196/6/6
f 25195/6/6 25196/6/6 25199/6/6
f 25196/6/6 25194/6/6 25200/6/6
f 25199/6/6 25196/6/6 25200/6/6
f 25197/2/6 25198/2/6 25201/2/6
f 25201/2/6 25198/2/6 25202/2/6
f 25203/4/6 25204/4/6 25210/4/6
f 25210/4/6 25204/4/6 25211/4/6
f 25205/7/6 25206/7/6 25212/7/6
f 25206/6/6 25207/6/6 25213/6/6
f 25212/7/6 25206/7/6 25213/7/6
f 25213/6/6 25207/6/6 25214/6/6
f 25214/6/6 25207/6/6 25225/6/6
f 25225/6/6 25207/6/6 25226/6/6
f 25208/6/6 25209/6/6 25227/6/6
f 25227/6/6 25209/6/6 25228/6/6
f 25215/7/6 25216/7/6 25229/7/6
f 25229/7/6 25216/7/6 25230/7/6
f 25217/6/6 25218/6/6 25231/6/6
f 25231/6/6 25218/6/6 25232/6/6
f 25219/6/6 25220/6/6 25233/6/6
f 25233/6/6 25220/6/6 25234/6/6
f 25221/6/6 25222/6/6 25235/6/6
f 25235/6/6 25222/6/6 25236/6/6
f 25223/4/6 25224/4/6 25237/4/6
f 25237/4/6 25224/4/6 25238/4/6
f 25238/4/6 25239/4/6 25244/4/6
f 25244/4/6 25239/4/6 25245/4/6
f 25240/6/6 25241/6/6 25250/6/6
f 25250/6/6 25241/6/6 25251/6/6
f 25242/6/6 25243/6/6 25252/6/6
f 25252/6/6 25243/6/6 25253/6/6
f 25246/6/6 25247/6/6 25256/6/6
f 25256/6/6 25247/6/6 25257/6/6
f 25248/6/6 25249/6/6 25262/6/6
f 25262/6/6 25249/6/6 25263/6/6
f 25254/6/6 25255/6/6 25268/6/6
f 25268/6/6 25255/6/6 25269/6/6
f 25258/7/6 25259/7/6 25270/7/6
f 25270/7/6 25259/7/6 25271/7/6
f 25260/7/6 25261/7/6 25273/7/6
f 25273/7/6 25261/7/6 25274/7/6
f 25264/6/6 25265/6/6 25277/6/6
f 25277/6/6 25265/6/6 25278/6/6
f 25266/6/6 25267/6/6 25279/6/6
f 25279/6/6 25267/6/6 25280/6/6
f 25271/6/6 25272/6/6 25282/6/6
f 25281/6/6 25282/6/6 25289/6/6
f 25282/6/6 25272/6/6 25290/6/6
f 25289/6/6 25282/6/6 25290/6/6
f 25275/6/6 25276/6/6 25291/6/6
f 25291/6/6 25276/6/6 25292/6/6
f 25283/6/6 25284/6/6 25293/6/6
f 25293/6/6 25284/6/6 25294/6/6
f 25285/6/6 25286/6/6 25295/6/6
f 25295/6/6 25286/6/6 25296/6/6
f 25287/6/6 25288/6/6 25297/6/6
f 25297/6/6 25288/6/6 25298/6/6
f 25299/7/6 25300/7/6 25308/7/6
f 25300/6/6 25301/6/6 25309/6/6
f 25308/7/6 25300/7/6 25309/7/6
f 25309/6/6 25301/6/6 25310/6/6
f 25310/6/6 25301/6/6 25313/6/6
f 25313/6/6 25301/6/6 25314/6/6
f 25302/6/6 25303/6/6 25315/6/6
f 25315/6/6 25303/6/6 25316/6/6
f 25311/7/6 25312/7/6 25317/7/6
f 25317/7/6 25312/7/6 25318/7/6
f 25304/6/6 25305/6/6 25319/6/6
f 25319/6/6 25305/6/6 25320/6/6
f 25306/6/6 25307/6/6 25321/6/6
f 25321/6/6 25307/6/6 25322/6/6
f 25323/6/6 25324/6/6 25329/6/6
f 25329/6/6 25324/6/6 25330/6/6
f 25325/6/6 25326/6/6 25331/6/6
f 25331/6/6 25326/6/6 25332/6/6
f 25327/6/6 25328/6/6 25333/6/6
f 25333/6/6 25328/6/6 25334/6/6
f 25335/6/6 25336/6/6 25345/6/6
f 25345/6/6 25336/6/6 25346/6/6
f 25337/4/6 25338/4/6 25347/4/6
f 25347/4/6 25338/4/6 25348/4/6
f 25341/6/6 25342/6/6 25351/6/6
f 25351/6/6 25342/6/6 25352/6/6
f 25343/6/6 25344/6/6 25353/6/6
f 25353/6/6 25344/6/6 25354/6/6
f 25339/6/6 25340/6/6 25361/6/6
f 25361/6/6 25340/6/6 25362/6/6
f 25357/7/6 25358/7/6 25363/7/6
f 25363/7/6 25358/7/6 25364/7/6
f 25359/4/6 25360/4/6 25365/4/6
f 25365/4/6 25360/4/6 25366/4/6
f 25349/6/6 25350/6/6 25368/6/6
f 25368/6/6 25350/6/6 25369/6/6
f 25355/6/6 25356/6/6 25374/6/6
f 25374/6/6 25356/6/6 25375/6/6
f 25366/4/6 25367/4/6 25376/4/6
f 25376/4/6 25367/4/6 25377/4/6
f 25370/6/6 25371/6/6 25378/6/6
f 25378/6/6 25371/6/6 25379/6/6
f 25372/6/6 25373/6/6 25380/6/6
f 25380/6/6 25373/6/6 25381/6/6
f 25382/6/6 25383/6/6 25388/6/6
f 25388/6/6 25383/6/6 25389/6/6
f 25384/6/6 25385/6/6 25390/6/6
f 25390/6/6 25385/6/6 25391/6/6
f 25386/6/6 25387/6/6 25392/6/6
f 25392/6/6 25387/6/6 25393/6/6
f 25394/7/6 25395/7/6 25396/7/6
f 25396/7/6 25395/7/6 25397/7/6
f 25398/4/6 25399/4/6 25400/4/6
f 25398/4/6 25400/4/6 25401/4/6
f 25401/4/6 25400/4/6 25402/4/6
f 25403/4/6 25404/4/6 25409/4/6
f 25409/4/6 25404/4/6 25410/4/6
f 25405/4/6 25406/4/6 25411/4/6
f 25411/4/6 25406/4/6 25412/4/6
f 25407/6/6 25408/6/6 25413/6/6
f 25413/6/6 25408/6/6 25414/6/6
f 25415/4/6 25416/4/6 25423/4/6
f 25417/6/6 25418/6/6 25425/6/6
f 25425/6/6 25418/6/6 25426/6/6
f 25419/6/6 25420/6/6 25427/6/6
f 25427/6/6 25420/6/6 25428/6/6
f 25421/4/6 25422/4/6 25429/4/6
f 25423/4/6 25424/4/6 25430/4/6
f 25415/4/6 25423/4/6 25430/4/6
f 25430/4/6 25424/4/6 25431/4/6
f 25431/4/6 25424/4/6 25432/4/6
f 25421/4/6 25429/4/6 25441/4/6
f 25441/4/6 25429/4/6 25442/4/6
f 25433/7/6 25434/7/6 25443/7/6
f 25443/7/6 25434/7/6 25444/7/6
f 25435/6/6 25436/6/6 25445/6/6
f 25445/6/6 25436/6/6 25446/6/6
f 25437/6/6 25438/6/6 25447/6/6
f 25447/6/6 25438/6/6 25448/6/6
f 25439/7/6 25440/7/6 25449/7/6
f 25449/7/6 25440/7/6 25450/7/6
f 25451/4/6 25452/4/6 25459/4/6
f 25459/4/6 25452/4/6 25460/4/6
f 25453/4/6 25454/4/6 25461/4/6
f 25461/4/6 25454/4/6 25462/4/6
f 25455/6/6 25456/6/6 25463/6/6
f 25463/6/6 25456/6/6 25464/6/6
f 25457/6/6 25458/6/6 25465/6/6
f 25465/6/6 25458/6/6 25466/6/6
f 25467/4/6 25468/4/6 25473/4/6
f 25469/6/6 25470/6/6 25475/6/6
f 25475/6/6 25470/6/6 25476/6/6
f 25471/7/6 25472/7/6 25477/7/6
f 25477/7/6 25472/7/6 25478/7/6
f 25473/4/6 25474/4/6 25479/4/6
f 25467/4/6 25473/4/6 25479/4/6
f 25479/4/6 25474/4/6 25480/4/6
f 25480/4/6 25474/4/6 25481/4/6
f 25482/7/6 25483/7/6 25486/7/6
f 25486/7/6 25483/7/6 25487/7/6
f 25488/7/6 25489/7/6 25490/7/6
f 25490/7/6 25489/7/6 25491/7/6
f 25484/7/6 25485/7/6 25492/7/6
f 25492/7/6 25485/7/6 25493/7/6
f 25494/7/6 25495/7/6 25496/7/6
f 25496/7/6 25495/7/6 25497/7/6
f 25498/7/6 25499/7/6 25500/7/6
f 25500/7/6 25499/7/6 25501/7/6
f 25502/6/6 25503/6/6 25504/6/6
f 25504/6/6 25503/6/6 25505/6/6
f 25506/6/6 25507/6/6 25510/6/6
f 25510/6/6 25507/6/6 25511/6/6
f 25508/6/6 25509/6/6 25512/6/6
f 25512/6/6 25509/6/6 25513/6/6
f 25514/7/6 25515/7/6 25522/7/6
f 25522/7/6 25515/7/6 25523/7/6
f 25516/6/6 25517/6/6 25524/6/6
f 25524/6/6 25517/6/6 25525/6/6
f 25518/6/6 25519/6/6 25526/6/6
f 25526/6/6 25519/6/6 25527/6/6
f 25520/7/6 25521/7/6 25528/7/6
f 25528/7/6 25521/7/6 25529/7/6
f 25530/6/6 25531/6/6 25534/6/6
f 25534/6/6 25531/6/6 25535/6/6
f 25532/6/6 25533/6/6 25536/6/6
f 25536/6/6 25533/6/6 25537/6/6
f 25538/6/6 25539/6/6 25542/6/6
f 25542/6/6 25539/6/6 25543/6/6
f 25540/7/6 25541/7/6 25544/7/6
f 25544/7/6 25541/7/6 25545/7/6
f 25546/7/6 25547/7/6 25548/7/6
f 25548/7/6 25547/7/6 25549/7/6
f 25550/4/6 25551/4/6 25552/4/6
f 25550/4/6 25552/4/6 25553/4/6
f 25553/4/6 25552/4/6 25554/4/6
f 25555/7/6 25556/7/6 25561/7/6
f 25561/7/6 25556/7/6 25562/7/6
f 25559/6/6 25560/6/6 25565/6/6
f 25565/6/6 25560/6/6 25566/6/6
f 25563/7/6 25564/7/6 25571/7/6
f 25571/7/6 25564/7/6 25572/7/6
f 25557/7/6 25558/7/6 25573/7/6
f 25573/7/6 25558/7/6 25574/7/6
f 25567/4/6 25568/4/6 25579/4/6
f 25579/4/6 25568/4/6 25580/4/6
f 25569/4/6 25570/4/6 25581/4/6
f 25581/4/6 25570/4/6 25582/4/6
f 25575/6/6 25576/6/6 25583/6/6
f 25583/6/6 25576/6/6 25584/6/6
f 25577/6/6 25578/6/6 25585/6/6
f 25585/6/6 25578/6/6 25586/6/6
f 25587/4/6 25588/4/6 25597/4/6
f 25589/1/6 25590/1/6 25601/1/6
f 25595/7/6 25596/7/6 25602/7/6
f 25597/4/6 25598/4/6 25605/4/6
f 25587/4/6 25597/4/6 25605/4/6
f 25605/4/6 25598/4/6 25606/4/6
f 25606/4/6 25598/4/6 25607/4/6
f 25599/7/6 25600/7/6 25608/7/6
f 25608/7/6 25600/7/6 25609/7/6
f 25589/1/6 25601/1/6 25610/1/6
f 25610/1/6 25601/1/6 25611/1/6
f 25591/6/6 25592/6/6 25612/6/6
f 25612/6/6 25592/6/6 25613/6/6
f 25593/6/6 25594/6/6 25614/6/6
f 25614/6/6 25594/6/6 25615/6/6
f 25602/7/6 25596/7/6 25616/7/6
f 25616/7/6 25596/7/6 25617/7/6
f 25603/7/6 25604/7/6 25618/7/6
f 25618/7/6 25604/7/6 25619/7/6
f 25620/7/6 25621/7/6 25626/7/6
f 25626/7/6 25621/7/6 25627/7/6
f 25622/6/6 25623/6/6 25628/6/6
f 25628/6/6 25623/6/6 25629/6/6
f 25624/6/6 25625/6/6 25630/6/6
f 25630/6/6 25625/6/6 25631/6/6
f 25632/6/6 25633/6/6 25634/6/6
f 25634/6/6 25633/6/6 25635/6/6
f 25638/7/6 25639/7/6 25642/7/6
f 25642/7/6 25639/7/6 25643/7/6
f 25636/7/6 25637/7/6 25644/7/6
f 25644/7/6 25637/7/6 25645/7/6
f 25640/6/6 25641/6/6 25648/6/6
f 25648/6/6 25641/6/6 25649/6/6
f 25646/4/6 25647/4/6 25650/4/6
f 25646/4/6 25650/4/6 25655/4/6
f 25655/4/6 25650/4/6 25656/4/6
f 25651/6/6 25652/6/6 25657/6/6
f 25657/6/6 25652/6/6 25658/6/6
f 25653/6/6 25654/6/6 25659/6/6
f 25659/6/6 25654/6/6 25660/6/6
f 25661/7/6 25662/7/6 25674/7/6
f 25674/7/6 25662/7/6 25675/7/6
f 25663/7/6 25664/7/6 25680/7/6
f 25664/1/6 25665/1/6 25681/1/6
f 25680/7/6 25664/7/6 25681/7/6
f 25681/1/6 25665/1/6 25682/1/6
f 25676/4/6 25677/4/6 25683/4/6
f 25683/4/6 25677/4/6 25684/4/6
f 25678/4/6 25679/4/6 25685/4/6
f 25685/4/6 25679/4/6 25686/4/6
f 25666/7/6 25667/7/6 25687/7/6
f 25687/7/6 25667/7/6 25688/7/6
f 25668/6/6 25669/6/6 25689/6/6
f 25689/6/6 25669/6/6 25690/6/6
f 25670/6/6 25671/6/6 25691/6/6
f 25691/6/6 25671/6/6 25692/6/6
f 25672/7/6 25673/7/6 25693/7/6
f 25693/7/6 25673/7/6 25694/7/6
f 25695/4/6 25696/4/6 25701/4/6
f 25697/6/6 25698/6/6 25703/6/6
f 25703/6/6 25698/6/6 25704/6/6
f 25699/6/6 25700/6/6 25705/6/6
f 25705/6/6 25700/6/6 25706/6/6
f 25701/4/6 25702/4/6 25707/4/6
f 25695/4/6 25701/4/6 25707/4/6
f 25707/4/6 25702/4/6 25708/4/6
f 25708/4/6 25702/4/6 25709/4/6
f 25710/6/6 25711/6/6 25712/6/6
f 25712/6/6 25711/6/6 25713/6/6
f 25714/7/6 25715/7/6 25716/7/6
f 25716/7/6 25715/7/6 25717/7/6
f 25718/7/6 25719/7/6 25722/7/6
f 25722/7/6 25719/7/6 25723/7/6
f 25723/7/6 25719/7/6 25724/7/6
f 25720/4/6 25721/4/6 25725/4/6
f 25725/4/6 25721/4/6 25726/4/6
f 25720/4/6 25725/4/6 25727/4/6
f 25727/4/6 25725/4/6 25728/4/6
f 25729/6/6 25730/6/6 25736/6/6
f 25736/6/6 25730/6/6 25737/6/6
f 25731/4/6 25732/4/6 25738/4/6
f 25732/4/6 25733/4/6 25738/4/6
f 25738/4/6 25733/4/6 25739/4/6
f 25734/4/6 25735/4/6 25740/4/6
f 25740/4/6 25735/4/6 25741/4/6
f 25742/4/6 25743/4/6 25744/4/6
f 25744/4/6 25743/4/6 25745/4/6
f 25742/4/6 25744/4/6 25746/4/6
f 25746/4/6 25744/4/6 25747/4/6
f 25748/4/6 25749/4/6 25758/4/6
f 25748/4/6 25758/4/6 25760/4/6
f 25758/4/6 25759/4/6 25760/4/6
f 25760/4/6 25759/4/6 25761/4/6
f 25750/7/6 25751/7/6 25762/7/6
f 25762/7/6 25751/7/6 25763/7/6
f 25752/6/6 25753/6/6 25764/6/6
f 25764/6/6 25753/6/6 25765/6/6
f 25754/6/6 25755/6/6 25766/6/6
f 25766/6/6 25755/6/6 25767/6/6
f 25756/7/6 25757/7/6 25768/7/6
f 25768/7/6 25757/7/6 25769/7/6
f 25771/4/6 25772/4/6 25775/4/6
f 25770/4/6 25771/4/6 25775/4/6
f 25775/4/6 25772/4/6 25776/4/6
f 25773/4/6 25774/4/6 25777/4/6
f 25777/4/6 25774/4/6 25778/4/6
f 25779/6/6 25780/6/6 25783/6/6
f 25783/6/6 25780/6/6 25784/6/6
f 25781/4/6 25782/4/6 25785/4/6
f 25785/4/6 25786/4/6 25787/4/6
f 25781/4/6 25785/4/6 25787/4/6
f 25787/4/6 25786/4/6 25788/4/6
f 25789/7/6 25790/7/6 25791/7/6
f 25791/7/6 25790/7/6 25792/7/6
f 25792/7/6 25790/7/6 25793/7/6
f 25794/7/6 25795/7/6 25796/7/6
f 25796/7/6 25795/7/6 25797/7/6
f 25798/6/6 25799/6/6 25800/6/6
f 25800/6/6 25799/6/6 25801/6/6
f 25802/7/6 25803/7/6 25810/7/6
f 25810/7/6 25803/7/6 25811/7/6
f 25804/6/6 25805/6/6 25812/6/6
f 25812/6/6 25805/6/6 25813/6/6
f 25806/6/6 25807/6/6 25814/6/6
f 25814/6/6 25807/6/6 25815/6/6
f 25808/7/6 25809/7/6 25816/7/6
f 25816/7/6 25809/7/6 25817/7/6
f 25818/6/6 25819/6/6 25822/6/6
f 25822/6/6 25819/6/6 25823/6/6
f 25820/1/6 25821/1/6 25824/1/6
f 25824/1/6 25821/1/6 25825/1/6
f 25825/1/6 25821/1/6 25826/1/6
f 25827/4/6 25828/4/6 25829/4/6
f 25829/4/6 25828/4/6 25830/4/6
f 25827/4/6 25829/4/6 25831/4/6
f 25831/4/6 25829/4/6 25832/4/6
f 25833/7/6 25834/7/6 25837/7/6
f 25837/7/6 25834/7/6 25838/7/6
f 25835/6/6 25836/6/6 25839/6/6
f 25839/6/6 25836/6/6 25840/6/6
f 25841/4/6 25842/4/6 25845/4/6
f 25845/4/6 25842/4/6 25846/4/6
f 25843/4/6 25844/4/6 25847/4/6
f 25847/4/6 25844/4/6 25848/4/6
f 25849/7/6 25850/7/6 25857/7/6
f 25857/7/6 25850/7/6 25858/7/6
f 25855/7/6 25856/7/6 25859/7/6
f 25859/7/6 25856/7/6 25860/7/6
f 25857/1/6 25858/1/6 25863/1/6
f 25863/1/6 25858/1/6 25864/1/6
f 25851/6/6 25852/6/6 25865/6/6
f 25865/6/6 25852/6/6 25866/6/6
f 25853/6/6 25854/6/6 25867/6/6
f 25867/6/6 25854/6/6 25868/6/6
f 25859/1/6 25860/1/6 25869/1/6
f 25869/1/6 25860/1/6 25870/1/6
f 25861/4/6 25862/4/6 25873/4/6
f 25871/7/6 25872/7/6 25875/7/6
f 25875/7/6 25872/7/6 25876/7/6
f 25876/7/6 25872/7/6 25877/7/6
f 25873/4/6 25874/4/6 25878/4/6
f 25861/4/6 25873/4/6 25878/4/6
f 25878/4/6 25874/4/6 25879/4/6
f 25880/6/6 25881/6/6 25882/6/6
f 25882/6/6 25881/6/6 25883/6/6
f 25884/6/6 25885/6/6 25888/6/6
f 25888/6/6 25885/6/6 25889/6/6
f 25886/4/6 25887/4/6 25890/4/6
f 25890/4/6 25887/4/6 25891/4/6
f 25886/4/6 25890/4/6 25892/4/6
f 25892/4/6 25890/4/6 25893/4/6
f 25894/1/6 25895/1/6 25897/1/6
f 25895/1/6 25896/1/6 25897/1/6
f 25897/1/6 25896/1/6 25898/1/6
f 25907/4/6 25908/4/6 25912/4/6
f 25908/4/6 25909/4/6 25912/4/6
f 25912/4/6 25909/4/6 25913/4/6
f 25910/4/6 25911/4/6 25914/4/6
f 25914/4/6 25911/4/6 25915/4/6
f 25899/7/6 25900/7/6 25916/7/6
f 25916/7/6 25900/7/6 25917/7/6
f 25901/6/6 25902/6/6 25918/6/6
f 25918/6/6 25902/6/6 25919/6/6
f 25903/6/6 25904/6/6 25920/6/6
f 25920/6/6 25904/6/6 25921/6/6
f 25905/7/6 25906/7/6 25922/7/6
f 25922/7/6 25906/7/6 25923/7/6
f 25924/4/6 25925/4/6 25926/4/6
f 25924/4/6 25926/4/6 25930/4/6
f 25926/4/6 25927/4/6 25930/4/6
f 25930/4/6 25927/4/6 25931/4/6
f 25928/6/6 25929/6/6 25932/6/6
f 25932/6/6 25929/6/6 25933/6/6
f 25934/7/6 25935/7/6 25936/7/6
f 25936/7/6 25935/7/6 25937/7/6
f 25938/6/6 25939/6/6 25941/6/6
f 25939/7/6 25940/7/6 25942/7/6
f 25941/6/6 25939/6/6 25942/6/6
f 25942/7/6 25940/7/6 25943/7/6
f 25944/6/6 25945/6/6 25948/6/6
f 25948/6/6 25945/6/6 25949/6/6
f 25946/4/6 25947/4/6 25950/4/6
f 25950/4/6 25947/4/6 25951/4/6
f 25952/4/6 25953/4/6 25954/4/6
f 25954/4/6 25953/4/6 25955/4/6
f 25956/7/6 25957/7/6 25964/7/6
f 25962/7/6 25963/7/6 25965/7/6
f 25956/7/6 25964/7/6 25968/7/6
f 25968/7/6 25964/7/6 25969/7/6
f 25958/6/6 25959/6/6 25970/6/6
f 25970/6/6 25959/6/6 25971/6/6
f 25960/6/6 25961/6/6 25972/6/6
f 25972/6/6 25961/6/6 25973/6/6
f 25965/7/6 25963/7/6 25974/7/6
f 25974/7/6 25963/7/6 25975/7/6
f 25966/4/6 25967/4/6 25976/4/6
f 25976/4/6 25967/4/6 25977/4/6
f 25978/4/6 25979/4/6 25980/4/6
f 25980/4/6 25979/4/6 25981/4/6
f 25982/6/6 25983/6/6 25984/6/6
f 25984/6/6 25983/6/6 25985/6/6
f 25986/7/6 25987/7/6 25992/7/6
f 25987/7/6 25988/7/6 25992/7/6
f 25992/7/6 25988/7/6 25993/7/6
f 25989/6/6 25990/6/6 25994/6/6
f 25990/7/6 25991/7/6 25995/7/6
f 25994/6/6 25990/6/6 25995/6/6
f 25995/7/6 25991/7/6 25996/7/6
f 25997/6/6 25998/6/6 25999/6/6
f 25999/6/6 25998/6/6 26000/6/6
f 26001/7/6 26002/7/6 26009/7/6
f 26007/7/6 26008/7/6 26010/7/6
f 26001/7/6 26009/7/6 26011/7/6
f 26011/7/6 26009/7/6 26012/7/6
f 26003/6/6 26004/6/6 26013/6/6
f 26013/6/6 26004/6/6 26014/6/6
f 26005/6/6 26006/6/6 26015/6/6
f 26015/6/6 26006/6/6 26016/6/6
f 26010/7/6 26008/7/6 26017/7/6
f 26017/7/6 26008/7/6 26018/7/6
f 26019/6/6 26020/6/6 26024/6/6
f 26024/6/6 26020/6/6 26025/6/6
f 26021/6/6 26022/6/6 26026/6/6
f 26022/7/6 26023/7/6 26027/7/6
f 26026/6/6 26022/6/6 26027/6/6
f 26027/7/6 26023/7/6 26028/7/6
f 26029/7/6 26030/7/6 26034/7/6
f 26030/7/6 26031/7/6 26034/7/6
f 26034/7/6 26031/7/6 26035/7/6
f 26032/6/6 26033/6/6 26036/6/6
f 26036/6/6 26033/6/6 26037/6/6
f 26038/4/6 26039/4/6 26040/4/6
f 26040/4/6 26039/4/6 26041/4/6
f 26042/4/6 26043/4/6 26044/4/6
f 26044/4/6 26043/4/6 26045/4/6
f 26046/1/6 26047/1/6 26054/1/6
f 26052/7/6 26053/7/6 26055/7/6
f 26055/7/6 26053/7/6 26056/7/6
f 26046/1/6 26054/1/6 26057/1/6
f 26057/1/6 26054/1/6 26058/1/6
f 26048/6/6 26049/6/6 26059/6/6
f 26059/6/6 26049/6/6 26060/6/6
f 26050/6/6 26051/6/6 26061/6/6
f 26061/6/6 26051/6/6 26062/6/6
f 26055/1/6 26056/1/6 26063/1/6
f 26063/1/6 26056/1/6 26064/1/6
f 26065/6/6 26066/6/6 26068/6/6
f 26066/7/6 26067/7/6 26069/7/6
f 26068/6/6 26066/6/6 26069/6/6
f 26069/7/6 26067/7/6 26070/7/6
f 26071/6/6 26072/6/6 26075/6/6
f 26075/6/6 26072/6/6 26076/6/6
f 26073/6/6 26074/6/6 26077/6/6
f 26077/6/6 26074/6/6 26078/6/6
f 26079/7/6 26080/7/6 26082/7/6
f 26080/1/6 26081/1/6 26083/1/6
f 26082/7/6 26080/7/6 26083/7/6
f 26083/1/6 26081/1/6 26084/1/6
f 26085/4/6 26086/4/6 26095/4/6
f 26095/4/6 26086/4/6 26096/4/6
f 26087/7/6 26088/7/6 26099/7/6
f 26093/7/6 26094/7/6 26100/7/6
f 26097/4/6 26098/4/6 26101/4/6
f 26101/4/6 26098/4/6 26102/4/6
f 26087/7/6 26099/7/6 26103/7/6
f 26103/7/6 26099/7/6 26104/7/6
f 26089/6/6 26090/6/6 26105/6/6
f 26105/6/6 26090/6/6 26106/6/6
f 26091/6/6 26092/6/6 26107/6/6
f 26107/6/6 26092/6/6 26108/6/6
f 26100/7/6 26094/7/6 26109/7/6
f 26109/7/6 26094/7/6 26110/7/6
f 26111/6/6 26112/6/6 26113/6/6
f 26113/6/6 26112/6/6 26114/6/6
f 26115/7/6 26116/7/6 26118/7/6
f 26116/7/6 26117/7/6 26118/7/6
f 26118/7/6 26117/7/6 26119/7/6
f 26120/6/6 26121/6/6 26122/6/6
f 26122/6/6 26121/6/6 26123/6/6
f 26124/4/6 26125/4/6 26126/4/6
f 26124/4/6 26126/4/6 26127/4/6
f 26127/4/6 26126/4/6 26128/4/6
f 26129/7/6 26130/7/6 26134/7/6
f 26130/6/6 26131/6/6 26135/6/6
f 26134/7/6 26130/7/6 26135/7/6
f 26132/6/6 26133/6/6 26136/6/6
f 26136/6/6 26133/6/6 26137/6/6
f 26134/6/6 26135/6/6 26140/6/6
f 26135/6/6 26131/6/6 26141/6/6
f 26140/6/6 26135/6/6 26141/6/6
f 26132/6/6 26136/6/6 26142/6/6
f 26136/7/6 26137/7/6 26143/7/6
f 26142/6/6 26136/6/6 26143/6/6
f 26143/7/6 26137/7/6 26144/7/6
f 26138/4/6 26139/4/6 26145/4/6
f 26138/4/6 26145/4/6 26146/4/6
f 26146/4/6 26145/4/6 26147/4/6
f 26148/6/6 26149/6/6 26150/6/6
f 26150/6/6 26149/6/6 26151/6/6
f 26148/6/6 26150/6/6 26152/6/6
f 26150/7/6 26151/7/6 26153/7/6
f 26152/6/6 26150/6/6 26153/6/6
f 26153/7/6 26151/7/6 26154/7/6
f 26155/6/6 26156/6/6 26159/6/6
f 26159/6/6 26156/6/6 26160/6/6
f 26157/6/6 26158/6/6 26162/6/6
f 26162/6/6 26158/6/6 26163/6/6
f 26161/6/6 26162/6/6 26165/6/6
f 26165/6/6 26162/6/6 26166/6/6
f 26163/6/6 26164/6/6 26167/6/6
f 26167/6/6 26164/6/6 26168/6/6
f 26166/6/6 26167/6/6 26169/6/6
f 26169/6/6 26167/6/6 26170/6/6
f 26171/7/6 26172/7/6 26176/7/6
f 26172/6/6 26173/6/6 26177/6/6
f 26176/7/6 26172/7/6 26177/7/6
f 26174/6/6 26175/6/6 26178/6/6
f 26178/6/6 26175/6/6 26179/6/6
f 26176/6/6 26177/6/6 26180/6/6
f 26177/6/6 26173/6/6 26181/6/6
f 26180/6/6 26177/6/6 26181/6/6
f 26174/6/6 26178/6/6 26182/6/6
f 26178/7/6 26179/7/6 26183/7/6
f 26182/6/6 26178/6/6 26183/6/6
f 26183/7/6 26179/7/6 26184/7/6
f 26185/6/6 26186/6/6 26189/6/6
f 26189/6/6 26186/6/6 26190/6/6
f 26185/6/6 26189/6/6 26191/6/6
f 26189/7/6 26190/7/6 26192/7/6
f 26191/6/6 26189/6/6 26192/6/6
f 26192/7/6 26190/7/6 26193/7/6
f 26187/6/6 26188/6/6 26194/6/6
f 26194/6/6 26188/6/6 26195/6/6
f 26196/4/6 26197/4/6 26198/4/6
f 26196/4/6 26198/4/6 26199/4/6
f 26199/4/6 26198/4/6 26200/4/6
f 26201/1/6 26202/1/6 26206/1/6
f 26202/6/6 26203/6/6 26207/6/6
f 26206/1/6 26202/1/6 26207/1/6
f 26204/6/6 26205/6/6 26208/6/6
f 26208/6/6 26205/6/6 26209/6/6
f 26206/6/6 26207/6/6 26210/6/6
f 26207/6/6 26203/6/6 26211/6/6
f 26210/6/6 26207/6/6 26211/6/6
f 26204/6/6 26208/6/6 26212/6/6
f 26208/7/6 26209/7/6 26213/7/6
f 26212/6/6 26208/6/6 26213/6/6
f 26213/7/6 26209/7/6 26214/7/6
f 26215/6/6 26216/6/6 26217/6/6
f 26217/6/6 26216/6/6 26218/6/6
f 26219/6/6 26220/6/6 26221/6/6
f 26221/6/6 26220/6/6 26222/6/6
f 26219/6/6 26221/6/6 26223/6/6
f 26221/1/6 26222/1/6 26224/1/6
f 26223/6/6 26221/6/6 26224/6/6
f 26224/1/6 26222/1/6 26225/1/6
f 26226/4/6 26227/4/6 26233/4/6
f 26228/7/6 26229/7/6 26234/7/6
f 26229/6/6 26230/6/6 26235/6/6
f 26234/7/6 26229/7/6 26235/7/6
f 26231/6/6 26232/6/6 26236/6/6
f 26236/6/6 26232/6/6 26237/6/6
f 26226/4/6 26233/4/6 26238/4/6
f 26238/4/6 26233/4/6 26239/4/6
f 26234/6/6 26235/6/6 26240/6/6
f 26235/6/6 26230/6/6 26241/6/6
f 26240/6/6 26235/6/6 26241/6/6
f 26231/6/6 26236/6/6 26242/6/6
f 26236/7/6 26237/7/6 26243/7/6
f 26242/6/6 26236/6/6 26243/6/6
f 26243/7/6 26237/7/6 26244/7/6
f 26245/6/6 26246/6/6 26247/6/6
f 26247/6/6 26246/6/6 26248/6/6
f 26245/6/6 26247/6/6 26249/6/6
f 26247/7/6 26248/7/6 26250/7/6
f 26249/6/6 26247/6/6 26250/6/6
f 26250/7/6 26248/7/6 26251/7/6
f 26252/2/6 26253/2/6 26254/2/6
f 26254/2/6 26253/2/6 26255/2/6
f 26256/2/6 26257/2/6 26261/2/6
f 26261/2/6 26257/2/6 26262/2/6
f 26258/2/6 26259/2/6 26266/2/6
f 26266/2/6 26259/2/6 26267/2/6
f 26260/2/6 26261/2/6 26268/2/6
f 26268/2/6 26261/2/6 26269/2/6
f 26262/2/6 26263/2/6 26270/2/6
f 26270/2/6 26263/2/6 26271/2/6
f 26264/2/6 26265/2/6 26272/2/6
f 26272/2/6 26265/2/6 26273/2/6
f 26269/2/6 26270/2/6 26274/2/6
f 26274/2/6 26270/2/6 26275/2/6
f 26276/4/6 26277/4/6 26278/4/6
f 26278/4/6 26277/4/6 26279/4/6
f 26280/2/6 26281/2/6 26282/2/6
f 26282/2/6 26281/2/6 26283/2/6
f 26284/4/6 26285/4/6 26286/4/6
f 26286/4/6 26285/4/6 26287/4/6
f 26288/2/6 26289/2/6 26290/2/6
f 26290/2/6 26289/2/6 26291/2/6
f 26292/2/6 26293/2/6 26297/2/6
f 26297/2/6 26293/2/6 26298/2/6
f 26302/6/6 26303/6/6 26304/6/6
f 26304/6/6 26303/6/6 26305/6/6
f 26294/2/6 26295/2/6 26306/2/6
f 26306/2/6 26295/2/6 26307/2/6
f 26296/2/6 26297/2/6 26308/2/6
f 26308/2/6 26297/2/6 26309/2/6
f 26298/2/6 26299/2/6 26310/2/6
f 26310/2/6 26299/2/6 26311/2/6
f 26300/2/6 26301/2/6 26312/2/6
f 26312/2/6 26301/2/6 26313/2/6
f 26309/2/6 26310/2/6 26318/2/6
f 26318/2/6 26310/2/6 26319/2/6
f 26314/6/6 26315/6/6 26320/6/6
f 26320/6/6 26315/6/6 26321/6/6
f 26316/6/6 26317/6/6 26322/6/6
f 26322/6/6 26317/6/6 26323/6/6
f 26324/6/6 26325/6/6 26328/6/6
f 26328/6/6 26325/6/6 26329/6/6
f 26326/2/6 26327/2/6 26330/2/6
f 26330/2/6 26327/2/6 26331/2/6
f 26332/4/6 26333/4/6 26334/4/6
f 26334/4/6 26333/4/6 26335/4/6
f 26336/4/6 26337/4/6 26338/4/6
f 26338/4/6 26337/4/6 26339/4/6
f 26340/2/6 26341/2/6 26342/2/6
f 26342/2/6 26341/2/6 26343/2/6
f 26344/2/6 26345/2/6 26348/2/6
f 26348/2/6 26345/2/6 26349/2/6
f 26349/2/6 26345/2/6 26352/2/6
f 26352/2/6 26345/2/6 26353/2/6
f 26346/2/6 26347/2/6 26354/2/6
f 26354/2/6 26347/2/6 26355/2/6
f 26350/4/6 26351/4/6 26358/4/6
f 26358/4/6 26351/4/6 26359/4/6
f 26356/2/6 26357/2/6 26360/2/6
f 26360/2/6 26357/2/6 26361/2/6
f 26356/2/6 26360/2/6 26363/2/6
f 26361/3/6 26362/3/6 26364/3/6
f 26364/3/6 26362/3/6 26365/3/6
f 26356/2/6 26363/2/6 26366/2/6
f 26363/2/6 26364/2/6 26366/2/6
f 26366/2/6 26364/2/6 26367/2/6
f 26367/2/6 26364/2/6 26368/2/6
f 26366/3/6 26367/3/6 26369/3/6
f 26369/3/6 26367/3/6 26370/3/6
f 26371/4/6 26372/4/6 26373/4/6
f 26373/4/6 26372/4/6 26374/4/6
f 26375/2/6 26376/2/6 26377/2/6
f 26377/2/6 26376/2/6 26378/2/6
f 26379/6/6 26380/6/6 26389/6/6
f 26389/6/6 26380/6/6 26390/6/6
f 26381/6/6 26382/6/6 26391/6/6
f 26391/6/6 26382/6/6 26392/6/6
f 26383/6/6 26384/6/6 26393/6/6
f 26393/6/6 26384/6/6 26394/6/6
f 26385/2/6 26386/2/6 26395/2/6
f 26395/2/6 26386/2/6 26396/2/6
f 26396/2/6 26386/2/6 26401/2/6
f 26401/2/6 26386/2/6 26402/2/6
f 26387/2/6 26388/2/6 26403/2/6
f 26403/2/6 26388/2/6 26404/2/6
f 26397/6/6 26398/6/6 26407/6/6
f 26407/6/6 26398/6/6 26408/6/6
f 26399/6/6 26400/6/6 26409/6/6
f 26409/6/6 26400/6/6 26410/6/6
f 26413/2/6 26414/2/6 26415/2/6
f 26415/2/6 26414/2/6 26416/2/6
f 26405/6/6 26406/6/6 26418/6/6
f 26418/6/6 26406/6/6 26419/6/6
f 26411/6/6 26412/6/6 26424/6/6
f 26424/6/6 26412/6/6 26425/6/6
f 26413/2/6 26415/2/6 26427/2/6
f 26416/3/6 26417/3/6 26428/3/6
f 26428/3/6 26417/3/6 26429/3/6
f 26420/6/6 26421/6/6 26430/6/6
f 26430/6/6 26421/6/6 26431/6/6
f 26422/6/6 26423/6/6 26432/6/6
f 26432/6/6 26423/6/6 26433/6/6
f 26425/1/6 26426/1/6 26434/1/6
f 26434/1/6 26426/1/6 26435/1/6
f 26413/2/6 26427/2/6 26436/2/6
f 26427/2/6 26428/2/6 26436/2/6
f 26436/2/6 26428/2/6 26437/2/6
f 26437/2/6 26428/2/6 26438/2/6
f 26436/3/6 26437/3/6 26446/3/6
f 26446/3/6 26437/3/6 26447/3/6
f 26439/6/6 26440/6/6 26448/6/6
f 26448/6/6 26440/6/6 26449/6/6
f 26441/6/6 26442/6/6 26450/6/6
f 26450/6/6 26442/6/6 26451/6/6
f 26443/1/6 26444/1/6 26452/1/6
f 26444/6/6 26445/6/6 26453/6/6
f 26452/1/6 26444/1/6 26453/1/6
f 26453/6/6 26445/6/6 26454/6/6
f 26455/4/6 26456/4/6 26457/4/6
f 26457/4/6 26456/4/6 26458/4/6
f 26459/6/6 26460/6/6 26462/6/6
f 26462/6/6 26460/6/6 26463/6/6
f 26461/6/6 26462/6/6 26465/6/6
f 26465/6/6 26462/6/6 26466/6/6
f 26463/6/6 26464/6/6 26467/6/6
f 26467/6/6 26464/6/6 26468/6/6
f 26466/6/6 26467/6/6 26469/6/6
f 26469/6/6 26467/6/6 26470/6/6
f 26471/4/6 26472/4/6 26473/4/6
f 26473/4/6 26472/4/6 26474/4/6
f 26475/3/6 26476/3/6 26477/3/6
f 26477/3/6 26476/3/6 26478/3/6
f 26479/3/6 26480/3/6 26481/3/6
f 26481/3/6 26480/3/6 26482/3/6
f 26483/6/6 26484/6/6 26485/6/6
f 26485/6/6 26484/6/6 26486/6/6
f 26487/6/6 26488/6/6 26495/6/6
f 26495/6/6 26488/6/6 26496/6/6
f 26489/6/6 26490/6/6 26497/6/6
f 26497/6/6 26490/6/6 26498/6/6
f 26491/3/6 26492/3/6 26499/3/6
f 26499/3/6 26492/3/6 26500/3/6
f 26493/1/6 26494/1/6 26501/1/6
f 26501/1/6 26494/1/6 26502/1/6
f 26501/6/6 26502/6/6 26507/6/6
f 26507/6/6 26502/6/6 26508/6/6
f 26503/6/6 26504/6/6 26509/6/6
f 26509/6/6 26504/6/6 26510/6/6
f 26505/3/6 26506/3/6 26511/3/6
f 26511/3/6 26506/3/6 26512/3/6
f 26513/6/6 26514/6/6 26517/6/6
f 26517/6/6 26514/6/6 26518/6/6
f 26515/6/6 26516/6/6 26519/6/6
f 26519/6/6 26516/6/6 26520/6/6
f 26521/6/6 26522/6/6 26523/6/6
f 26523/6/6 26522/6/6 26524/6/6
f 26525/6/6 26526/6/6 26527/6/6
f 26527/6/6 26526/6/6 26528/6/6
f 26529/6/6 26530/6/6 26533/6/6
f 26533/6/6 26530/6/6 26534/6/6
f 26531/6/6 26532/6/6 26535/6/6
f 26535/6/6 26532/6/6 26536/6/6
f 26537/6/6 26538/6/6 26539/6/6
f 26539/6/6 26538/6/6 26540/6/6
f 26541/1/6 26542/1/6 26543/1/6
f 26543/1/6 26542/1/6 26544/1/6
f 26544/6/6 26545/6/6 26546/6/6
f 26546/6/6 26545/6/6 26547/6/6
f 26548/1/6 26549/1/6 26552/1/6
f 26552/1/6 26549/1/6 26553/1/6
f 26550/1/6 26551/1/6 26555/1/6
f 26555/1/6 26551/1/6 26556/1/6
f 26552/6/6 26553/6/6 26557/6/6
f 26557/6/6 26553/6/6 26558/6/6
f 26554/6/6 26555/6/6 26559/6/6
f 26559/6/6 26555/6/6 26560/6/6
f 26561/6/6 26562/6/6 26563/6/6
f 26563/6/6 26562/6/6 26564/6/6
f 26565/6/6 26566/6/6 26571/6/6
f 26571/6/6 26566/6/6 26572/6/6
f 26567/6/6 26568/6/6 26573/6/6
f 26573/6/6 26568/6/6 26574/6/6
f 26569/6/6 26570/6/6 26575/6/6
f 26575/6/6 26570/6/6 26576/6/6
f 26577/6/6 26578/6/6 26583/6/6
f 26583/6/6 26578/6/6 26584/6/6
f 26579/6/6 26580/6/6 26585/6/6
f 26585/6/6 26580/6/6 26586/6/6
f 26581/6/6 26582/6/6 26589/6/6
f 26589/6/6 26582/6/6 26590/6/6
f 26587/6/6 26588/6/6 26595/6/6
f 26595/6/6 26588/6/6 26596/6/6
f 26591/6/6 26592/6/6 26597/6/6
f 26597/6/6 26592/6/6 26598/6/6
f 26593/6/6 26594/6/6 26599/6/6
f 26599/6/6 26594/6/6 26600/6/6
f 26601/6/6 26602/6/6 26607/6/6
f 26607/6/6 26602/6/6 26608/6/6
f 26603/6/6 26604/6/6 26609/6/6
f 26609/6/6 26604/6/6 26610/6/6
f 26605/6/6 26606/6/6 26611/6/6
f 26611/6/6 26606/6/6 26612/6/6
f 26613/1/6 26614/1/6 26616/1/6
f 26616/1/6 26614/1/6 26617/1/6
f 26615/1/6 26616/1/6 26618/1/6
f 26615/1/6 26618/1/6 26619/1/6
f 26619/1/6 26618/1/6 26620/1/6
f 26620/6/6 26621/6/6 26622/6/6
f 26622/6/6 26621/6/6 26623/6/6
f 26624/1/6 26625/1/6 26631/1/6
f 26631/1/6 26625/1/6 26632/1/6
f 26626/1/6 26627/1/6 26633/1/6
f 26633/1/6 26627/1/6 26634/1/6
f 26628/6/6 26629/6/6 26635/6/6
f 26635/6/6 26629/6/6 26636/6/6
f 26630/6/6 26631/6/6 26637/6/6
f 26637/6/6 26631/6/6 26638/6/6
f 26639/6/6 26640/6/6 26641/6/6
f 26641/6/6 26640/6/6 26642/6/6
f 26643/1/6 26644/1/6 26645/1/6
f 26645/1/6 26644/1/6 26646/1/6
f 26647/7/6 26648/7/6 26650/7/6
f 26648/1/6 26649/1/6 26651/1/6
f 26650/7/6 26648/7/6 26651/7/6
f 26651/1/6 26649/1/6 26652/1/6
f 26653/6/6 26654/6/6 26655/6/6
f 26655/6/6 26654/6/6 26656/6/6
f 26657/6/6 26658/6/6 26661/6/6
f 26661/6/6 26658/6/6 26662/6/6
f 26659/6/6 26660/6/6 26663/6/6
f 26663/6/6 26660/6/6 26664/6/6
f 26671/1/6 26672/1/6 26673/1/6
f 26673/1/6 26672/1/6 26674/1/6
f 26665/7/6 26666/7/6 26675/7/6
f 26675/7/6 26666/7/6 26676/7/6
f 26667/6/6 26668/6/6 26677/6/6
f 26677/6/6 26668/6/6 26678/6/6
f 26669/6/6 26670/6/6 26679/6/6
f 26679/6/6 26670/6/6 26680/6/6
f 26673/7/6 26674/7/6 26681/7/6
f 26681/7/6 26674/7/6 26682/7/6
f 26683/6/6 26684/6/6 26687/6/6
f 26687/6/6 26684/6/6 26688/6/6
f 26685/6/6 26686/6/6 26689/6/6
f 26689/6/6 26686/6/6 26690/6/6
f 26691/6/6 26692/6/6 26693/6/6
f 26693/6/6 26692/6/6 26694/6/6
f 26695/1/6 26696/1/6 26698/1/6
f 26696/7/6 26697/7/6 26699/7/6
f 26698/1/6 26696/1/6 26699/1/6
f 26699/7/6 26697/7/6 26700/7/6
f 26701/2/6 26702/2/6 26703/2/6
f 26703/2/6 26702/2/6 26704/2/6
f 26705/1/6 26706/1/6 26707/1/6
f 26707/1/6 26706/1/6 26708/1/6
f 26708/1/6 26709/1/6 26711/1/6
f 26711/1/6 26709/1/6 26712/1/6
f 26710/6/6 26711/6/6 26713/6/6
f 26713/6/6 26711/6/6 26714/6/6
f 26713/1/6 26714/1/6 26715/1/6
f 26715/1/6 26714/1/6 26716/1/6
f 26717/2/6 26718/2/6 26721/2/6
f 26721/2/6 26718/2/6 26722/2/6
f 26719/1/6 26720/1/6 26726/1/6
f 26726/1/6 26720/1/6 26727/1/6
f 26723/6/6 26724/6/6 26730/6/6
f 26725/6/6 26726/6/6 26731/6/6
f 26727/1/6 26728/1/6 26732/1/6
f 26729/6/6 26730/6/6 26733/6/6
f 26730/6/6 26724/6/6 26734/6/6
f 26733/6/6 26730/6/6 26734/6/6
f 26725/6/6 26731/6/6 26735/6/6
f 26731/1/6 26732/1/6 26736/1/6
f 26735/6/6 26731/6/6 26736/6/6
f 26732/1/6 26728/1/6 26737/1/6
f 26736/1/6 26732/1/6 26737/1/6
f 26738/6/6 26739/6/6 26741/6/6
f 26739/1/6 26740/1/6 26742/1/6
f 26741/6/6 26739/6/6 26742/6/6
f 26742/1/6 26740/1/6 26743/1/6
f 26744/1/6 26745/1/6 26747/1/6
f 26745/7/6 26746/7/6 26748/7/6
f 26747/1/6 26745/1/6 26748/1/6
f 26748/7/6 26746/7/6 26749/7/6
f 26750/6/6 26751/6/6 26752/6/6
f 26752/6/6 26751/6/6 26753/6/6
f 26754/1/6 26755/1/6 26762/1/6
f 26760/7/6 26761/7/6 26763/7/6
f 26763/7/6 26761/7/6 26764/7/6
f 26754/1/6 26762/1/6 26765/1/6
f 26765/1/6 26762/1/6 26766/1/6
f 26756/6/6 26757/6/6 26767/6/6
f 26767/6/6 26757/6/6 26768/6/6
f 26758/6/6 26759/6/6 26769/6/6
f 26769/6/6 26759/6/6 26770/6/6
f 26763/1/6 26764/1/6 26771/1/6
f 26771/1/6 26764/1/6 26772/1/6
f 26773/6/6 26774/6/6 26775/6/6
f 26775/6/6 26774/6/6 26776/6/6
f 26777/1/6 26778/1/6 26780/1/6
f 26778/1/6 26779/1/6 26780/1/6
f 26780/1/6 26779/1/6 26781/1/6
f 26782/2/6 26783/2/6 26785/2/6
f 26785/2/6 26783/2/6 26786/2/6
f 26784/2/6 26785/2/6 26788/2/6
f 26788/2/6 26785/2/6 26789/2/6
f 26786/2/6 26787/2/6 26790/2/6
f 26790/2/6 26787/2/6 26791/2/6
f 26789/2/6 26790/2/6 26792/2/6
f 26792/2/6 26790/2/6 26793/2/6
f 26794/1/6 26795/1/6 26796/1/6
f 26796/1/6 26795/1/6 26797/1/6
f 26794/1/6 26796/1/6 26798/1/6
f 26798/1/6 26796/1/6 26799/1/6
f 26800/2/6 26801/2/6 26803/2/6
f 26803/2/6 26801/2/6 26804/2/6
f 26802/2/6 26803/2/6 26806/2/6
f 26806/2/6 26803/2/6 26807/2/6
f 26804/2/6 26805/2/6 26808/2/6
f 26808/2/6 26805/2/6 26809/2/6
f 26807/2/6 26808/2/6 26812/2/6
f 26812/2/6 26808/2/6 26813/2/6
f 26810/1/6 26811/1/6 26814/1/6
f 26814/1/6 26811/1/6 26815/1/6
f 26816/1/6 26817/1/6 26818/1/6
f 26818/1/6 26817/1/6 26819/1/6
f 26820/6/6 26821/6/6 26823/6/6
f 26821/1/6 26822/1/6 26824/1/6
f 26823/6/6 26821/6/6 26824/6/6
f 26824/1/6 26822/1/6 26825/1/6
f 26826/6/6 26827/6/6 26828/6/6
f 26828/6/6 26827/6/6 26829/6/6
f 26830/1/6 26831/1/6 26838/1/6
f 26838/1/6 26831/1/6 26839/1/6
f 26836/1/6 26837/1/6 26840/1/6
f 26838/7/6 26839/7/6 26841/7/6
f 26841/7/6 26839/7/6 26842/7/6
f 26832/6/6 26833/6/6 26843/6/6
f 26843/6/6 26833/6/6 26844/6/6
f 26834/6/6 26835/6/6 26845/6/6
f 26845/6/6 26835/6/6 26846/6/6
f 26840/1/6 26837/1/6 26847/1/6
f 26847/1/6 26837/1/6 26848/1/6
f 26849/6/6 26850/6/6 26851/6/6
f 26851/6/6 26850/6/6 26852/6/6
f 26853/7/6 26854/7/6 26856/7/6
f 26854/1/6 26855/1/6 26857/1/6
f 26856/7/6 26854/7/6 26857/7/6
f 26857/1/6 26855/1/6 26858/1/6
f 26859/3/6 26860/3/6 26861/3/6
f 26861/3/6 26860/3/6 26862/3/6
f 26861/2/6 26862/2/6 26864/2/6
f 26862/2/6 26863/2/6 26864/2/6
f 26864/2/6 26863/2/6 26865/2/6
f 26866/2/6 26867/2/6 26870/2/6
f 26870/2/6 26867/2/6 26871/2/6
f 26868/2/6 26869/2/6 26872/2/6
f 26872/2/6 26869/2/6 26873/2/6
f 26874/3/6 26875/3/6 26878/3/6
f 26878/3/6 26875/3/6 26879/3/6
f 26876/2/6 26877/2/6 26880/2/6
f 26880/2/6 26877/2/6 26881/2/6
f 26882/3/6 26883/3/6 26884/3/6
f 26884/3/6 26883/3/6 26885/3/6
f 26884/2/6 26885/2/6 26887/2/6
f 26885/2/6 26886/2/6 26887/2/6
f 26887/2/6 26886/2/6 26888/2/6
f 26889/2/6 26890/2/6 26893/2/6
f 26893/2/6 26890/2/6 26894/2/6
f 26891/2/6 26892/2/6 26895/2/6
f 26895/2/6 26892/2/6 26896/2/6
f 26897/3/6 26898/3/6 26901/3/6
f 26901/3/6 26898/3/6 26902/3/6
f 26899/2/6 26900/2/6 26903/2/6
f 26903/2/6 26900/2/6 26904/2/6
f 26905/6/6 26906/6/6 26907/6/6
f 26907/6/6 26906/6/6 26908/6/6
f 26909/1/6 26910/1/6 26914/1/6
f 26910/6/6 26911/6/6 26915/6/6
f 26914/1/6 26910/1/6 26915/1/6
f 26912/6/6 26913/6/6 26916/6/6
f 26916/6/6 26913/6/6 26917/6/6
f 26914/6/6 26915/6/6 26918/6/6
f 26915/6/6 26911/6/6 26919/6/6
f 26918/6/6 26915/6/6 26919/6/6
f 26912/6/6 26916/6/6 26920/6/6
f 26916/1/6 26917/1/6 26921/1/6
f 26920/6/6 26916/6/6 26921/6/6
f 26921/1/6 26917/1/6 26922/1/6
f 26923/6/6 26924/6/6 26925/6/6
f 26925/6/6 26924/6/6 26926/6/6
f 26923/6/6 26925/6/6 26927/6/6
f 26925/1/6 26926/1/6 26928/1/6
f 26927/6/6 26925/6/6 26928/6/6
f 26928/1/6 26926/1/6 26929/1/6
f 26930/3/6 26931/3/6 26932/3/6
f 26932/3/6 26931/3/6 26933/3/6
f 26933/3/6 26931/3/6 26934/3/6
f 26934/3/6 26931/3/6 26935/3/6
f 26936/4/6 26937/4/6 26940/4/6
f 26940/4/6 26937/4/6 26941/4/6
f 26938/6/6 26939/6/6 26943/6/6
f 26943/6/6 26939/6/6 26944/6/6
f 26946/3/6 26947/3/6 26948/3/6
f 26948/3/6 26947/3/6 26949/3/6
f 26942/6/6 26943/6/6 26950/6/6
f 26950/6/6 26943/6/6 26951/6/6
f 26944/6/6 26945/6/6 26952/6/6
f 26952/6/6 26945/6/6 26953/6/6
f 26949/3/6 26947/3/6 26954/3/6
f 26954/3/6 26947/3/6 26955/3/6
f 26951/6/6 26952/6/6 26956/6/6
f 26956/6/6 26952/6/6 26957/6/6
f 26958/4/6 26959/4/6 26960/4/6
f 26960/4/6 26959/4/6 26961/4/6
f 26962/4/6 26963/4/6 26964/4/6
f 26964/4/6 26963/4/6 26965/4/6
f 26966/6/6 26967/6/6 26968/6/6
f 26968/6/6 26967/6/6 26969/6/6
f 26970/2/6 26971/2/6 26977/2/6
f 26977/2/6 26971/2/6 26978/2/6
f 26976/2/6 26977/2/6 26979/2/6
f 26979/2/6 26977/2/6 26980/2/6
f 26972/6/6 26973/6/6 26981/6/6
f 26981/6/6 26973/6/6 26982/6/6
f 26974/6/6 26975/6/6 26983/6/6
f 26983/6/6 26975/6/6 26984/6/6
f 26985/6/6 26986/6/6 26987/6/6
f 26987/6/6 26986/6/6 26988/6/6
f 26989/4/6 26990/4/6 26991/4/6
f 26991/4/6 26990/4/6 26992/4/6
f 26993/2/6 26994/2/6 26996/2/6
f 26996/2/6 26994/2/6 26997/2/6
f 26995/2/6 26996/2/6 27000/2/6
f 27000/2/6 26996/2/6 27001/2/6
f 26998/4/6 26999/4/6 27002/4/6
f 27002/4/6 26999/4/6 27003/4/6
f 27004/4/6 27005/4/6 27007/4/6
f 27007/4/6 27005/4/6 27008/4/6
f 27006/2/6 27007/2/6 27009/2/6
f 27009/2/6 27007/2/6 27010/2/6
f 27011/6/6 27012/6/6 27017/6/6
f 27017/6/6 27012/6/6 27018/6/6
f 27013/6/6 27014/6/6 27019/6/6
f 27019/6/6 27014/6/6 27020/6/6
f 27015/6/6 27016/6/6 27021/6/6
f 27021/6/6 27016/6/6 27022/6/6
f 27023/2/6 27024/2/6 27030/2/6
f 27030/2/6 27024/2/6 27031/2/6
f 27031/2/6 27024/2/6 27032/2/6
f 27025/6/6 27026/6/6 27038/6/6
f 27038/6/6 27026/6/6 27039/6/6
f 27027/6/6 27028/6/6 27040/6/6
f 27040/6/6 27028/6/6 27041/6/6
f 27029/2/6 27030/2/6 27044/2/6
f 27032/2/6 27033/2/6 27045/2/6
f 27029/2/6 27044/2/6 27046/2/6
f 27046/2/6 27044/2/6 27047/2/6
f 27045/2/6 27033/2/6 27049/2/6
f 27049/2/6 27033/2/6 27050/2/6
f 27034/2/6 27035/2/6 27051/2/6
f 27051/2/6 27035/2/6 27052/2/6
f 27036/6/6 27037/6/6 27053/6/6
f 27053/6/6 27037/6/6 27054/6/6
f 27042/6/6 27043/6/6 27059/6/6
f 27059/6/6 27043/6/6 27060/6/6
f 27047/2/6 27048/2/6 27061/2/6
f 27048/2/6 27049/2/6 27061/2/6
f 27061/2/6 27049/2/6 27062/2/6
f 27055/6/6 27056/6/6 27063/6/6
f 27063/6/6 27056/6/6 27064/6/6
f 27057/6/6 27058/6/6 27065/6/6
f 27065/6/6 27058/6/6 27066/6/6
f 27067/6/6 27068/6/6 27071/6/6
f 27071/6/6 27068/6/6 27072/6/6
f 27069/6/6 27070/6/6 27073/6/6
f 27073/6/6 27070/6/6 27074/6/6
f 27075/2/6 27076/2/6 27077/2/6
f 27077/2/6 27076/2/6 27078/2/6
f 27077/4/6 27078/4/6 27079/4/6
f 27079/4/6 27078/4/6 27080/4/6
f 27081/4/6 27082/4/6 27084/4/6
f 27084/4/6 27082/4/6 27085/4/6
f 27083/2/6 27084/2/6 27086/2/6
f 27086/2/6 27084/2/6 27087/2/6
f 27088/2/6 27089/2/6 27091/2/6
f 27091/2/6 27089/2/6 27092/2/6
f 27092/2/6 27089/2/6 27093/2/6
f 27090/2/6 27091/2/6 27097/2/6
f 27093/2/6 27094/2/6 27098/2/6
f 27090/2/6 27097/2/6 27100/2/6
f 27100/2/6 27097/2/6 27101/2/6
f 27098/2/6 27094/2/6 27103/2/6
f 27103/2/6 27094/2/6 27104/2/6
f 27095/2/6 27096/2/6 27105/2/6
f 27105/2/6 27096/2/6 27106/2/6
f 27099/4/6 27100/4/6 27107/4/6
f 27107/4/6 27100/4/6 27108/4/6
f 27101/2/6 27102/2/6 27109/2/6
f 27102/2/6 27103/2/6 27109/2/6
f 27109/2/6 27103/2/6 27110/2/6
f 27111/2/6 27112/2/6 27115/2/6
f 27115/2/6 27112/2/6 27116/2/6
f 27113/6/6 27114/6/6 27118/6/6
f 27118/6/6 27114/6/6 27119/6/6
f 27115/4/6 27116/4/6 27121/4/6
f 27121/4/6 27116/4/6 27122/4/6
f 27117/6/6 27118/6/6 27123/6/6
f 27123/6/6 27118/6/6 27124/6/6
f 27119/6/6 27120/6/6 27125/6/6
f 27125/6/6 27120/6/6 27126/6/6
f 27124/6/6 27125/6/6 27127/6/6
f 27127/6/6 27125/6/6 27128/6/6
f 27129/4/6 27130/4/6 27132/4/6
f 27132/4/6 27130/4/6 27133/4/6
f 27134/6/6 27135/6/6 27136/6/6
f 27136/6/6 27135/6/6 27137/6/6
f 27131/2/6 27132/2/6 27142/2/6
f 27132/2/6 27133/2/6 27142/2/6
f 27142/2/6 27133/2/6 27143/2/6
f 27138/6/6 27139/6/6 27144/6/6
f 27144/6/6 27139/6/6 27145/6/6
f 27140/6/6 27141/6/6 27146/6/6
f 27146/6/6 27141/6/6 27147/6/6
f 27148/2/6 27149/2/6 27156/2/6
f 27156/2/6 27149/2/6 27157/2/6
f 27150/2/6 27151/2/6 27158/2/6
f 27158/2/6 27151/2/6 27159/2/6
f 27152/6/6 27153/6/6 27160/6/6
f 27160/6/6 27153/6/6 27161/6/6
f 27154/6/6 27155/6/6 27162/6/6
f 27162/6/6 27155/6/6 27163/6/6
f 27166/6/6 27167/6/6 27170/6/6
f 27170/6/6 27167/6/6 27171/6/6
f 27168/6/6 27169/6/6 27172/6/6
f 27172/6/6 27169/6/6 27173/6/6
f 27173/1/6 27174/1/6 27177/1/6
f 27177/1/6 27174/1/6 27178/1/6
f 27164/2/6 27165/2/6 27179/2/6
f 27179/2/6 27165/2/6 27180/2/6
f 27180/2/6 27165/2/6 27181/2/6
f 27175/6/6 27176/6/6 27182/6/6
f 27182/6/6 27176/6/6 27183/6/6
f 27179/4/6 27180/4/6 27184/4/6
f 27184/4/6 27180/4/6 27185/4/6
f 27186/4/6 27187/4/6 27189/4/6
f 27189/4/6 27187/4/6 27190/4/6
f 27188/2/6 27189/2/6 27191/2/6
f 27189/2/6 27190/2/6 27191/2/6
f 27191/2/6 27190/2/6 27192/2/6
f 27193/2/6 27194/2/6 27197/2/6
f 27197/2/6 27194/2/6 27198/2/6
f 27195/2/6 27196/2/6 27199/2/6
f 27199/2/6 27196/2/6 27200/2/6
f 27201/2/6 27202/2/6 27205/2/6
f 27205/2/6 27202/2/6 27206/2/6
f 27206/2/6 27202/2/6 27207/2/6
f 27203/6/6 27204/6/6 27208/6/6
f 27208/6/6 27204/6/6 27209/6/6
f 27205/4/6 27206/4/6 27210/4/6
f 27210/4/6 27206/4/6 27211/4/6
f 27212/6/6 27213/6/6 27216/6/6
f 27216/6/6 27213/6/6 27217/6/6
f 27214/6/6 27215/6/6 27218/6/6
f 27218/6/6 27215/6/6 27219/6/6
f 27220/6/6 27221/6/6 27222/6/6
f 27222/6/6 27221/6/6 27223/6/6
f 27224/6/6 27225/6/6 27226/6/6
f 27226/6/6 27225/6/6 27227/6/6
f 27228/6/6 27229/6/6 27232/6/6
f 27232/6/6 27229/6/6 27233/6/6
f 27230/6/6 27231/6/6 27234/6/6
f 27234/6/6 27231/6/6 27235/6/6
f 27236/6/6 27237/6/6 27238/6/6
f 27238/6/6 27237/6/6 27239/6/6
f 27240/6/6 27241/6/6 27246/6/6
f 27246/6/6 27241/6/6 27247/6/6
f 27242/6/6 27243/6/6 27248/6/6
f 27248/6/6 27243/6/6 27249/6/6
f 27244/6/6 27245/6/6 27250/6/6
f 27250/6/6 27245/6/6 27251/6/6
f 27252/6/6 27253/6/6 27258/6/6
f 27258/6/6 27253/6/6 27259/6/6
f 27254/6/6 27255/6/6 27260/6/6
f 27260/6/6 27255/6/6 27261/6/6
f 27256/6/6 27257/6/6 27264/6/6
f 27264/6/6 27257/6/6 27265/6/6
f 27262/6/6 27263/6/6 27270/6/6
f 27270/6/6 27263/6/6 27271/6/6
f 27266/6/6 27267/6/6 27272/6/6
f 27272/6/6 27267/6/6 27273/6/6
f 27268/6/6 27269/6/6 27274/6/6
f 27274/6/6 27269/6/6 27275/6/6
f 27276/6/6 27277/6/6 27282/6/6
f 27282/6/6 27277/6/6 27283/6/6
f 27278/6/6 27279/6/6 27284/6/6
f 27284/6/6 27279/6/6 27285/6/6
f 27280/6/6 27281/6/6 27286/6/6
f 27286/6/6 27281/6/6 27287/6/6
f 27288/1/6 27289/1/6 27290/1/6
f 27290/1/6 27289/1/6 27291/1/6
f 27292/6/6 27293/6/6 27294/6/6
f 27294/6/6 27293/6/6 27295/6/6
f 27296/1/6 27297/1/6 27302/1/6
f 27302/1/6 27297/1/6 27303/1/6
f 27298/6/6 27299/6/6 27304/6/6
f 27304/6/6 27299/6/6 27305/6/6
f 27300/6/6 27301/6/6 27306/6/6
f 27306/6/6 27301/6/6 27307/6/6
f 27308/6/6 27309/6/6 27310/6/6
f 27310/6/6 27309/6/6 27311/6/6
f 27312/7/6 27313/7/6 27314/7/6
f 27314/7/6 27313/7/6 27315/7/6
f 27315/7/6 27313/7/6 27316/7/6
f 27317/6/6 27318/6/6 27319/6/6
f 27319/6/6 27318/6/6 27320/6/6
f 27321/6/6 27322/6/6 27325/6/6
f 27325/6/6 27322/6/6 27326/6/6
f 27323/6/6 27324/6/6 27327/6/6
f 27327/6/6 27324/6/6 27328/6/6
f 27329/1/6 27330/1/6 27337/1/6
f 27337/1/6 27330/1/6 27338/1/6
f 27335/7/6 27336/7/6 27339/7/6
f 27339/7/6 27336/7/6 27340/7/6
f 27337/7/6 27338/7/6 27341/7/6
f 27341/7/6 27338/7/6 27342/7/6
f 27331/6/6 27332/6/6 27343/6/6
f 27343/6/6 27332/6/6 27344/6/6
f 27333/6/6 27334/6/6 27345/6/6
f 27345/6/6 27334/6/6 27346/6/6
f 27339/1/6 27340/1/6 27347/1/6
f 27347/1/6 27340/1/6 27348/1/6
f 27349/6/6 27350/6/6 27353/6/6
f 27353/6/6 27350/6/6 27354/6/6
f 27351/6/6 27352/6/6 27355/6/6
f 27355/6/6 27352/6/6 27356/6/6
f 27357/6/6 27358/6/6 27359/6/6
f 27359/6/6 27358/6/6 27360/6/6
f 27361/1/6 27362/1/6 27364/1/6
f 27362/1/6 27363/1/6 27364/1/6
f 27364/1/6 27363/1/6 27365/1/6
f 27366/1/6 27367/1/6 27368/1/6
f 27368/1/6 27367/1/6 27369/1/6
f 27368/6/6 27369/6/6 27370/6/6
f 27370/6/6 27369/6/6 27371/6/6
f 27372/1/6 27373/1/6 27376/1/6
f 27376/1/6 27373/1/6 27377/1/6
f 27377/1/6 27378/1/6 27383/1/6
f 27383/1/6 27378/1/6 27384/1/6
f 27379/1/6 27380/1/6 27385/1/6
f 27385/1/6 27380/1/6 27386/1/6
f 27374/6/6 27375/6/6 27387/6/6
f 27387/6/6 27375/6/6 27388/6/6
f 27381/6/6 27382/6/6 27389/6/6
f 27389/6/6 27382/6/6 27390/6/6
f 27386/1/6 27387/1/6 27391/1/6
f 27391/1/6 27387/1/6 27392/1/6
f 27393/6/6 27394/6/6 27396/6/6
f 27396/6/6 27394/6/6 27397/6/6
f 27395/1/6 27396/1/6 27399/1/6
f 27399/1/6 27396/1/6 27400/1/6
f 27397/1/6 27398/1/6 27401/1/6
f 27401/1/6 27398/1/6 27402/1/6
f 27400/1/6 27401/1/6 27403/1/6
f 27403/1/6 27401/1/6 27404/1/6
f 27405/7/6 27406/7/6 27408/7/6
f 27406/1/6 27407/1/6 27409/1/6
f 27408/7/6 27406/7/6 27409/7/6
f 27409/1/6 27407/1/6 27410/1/6
f 27411/6/6 27412/6/6 27413/6/6
f 27413/6/6 27412/6/6 27414/6/6
f 27415/1/6 27416/1/6 27423/1/6
f 27423/1/6 27416/1/6 27424/1/6
f 27423/7/6 27424/7/6 27425/7/6
f 27425/7/6 27424/7/6 27426/7/6
f 27417/6/6 27418/6/6 27427/6/6
f 27427/6/6 27418/6/6 27428/6/6
f 27419/6/6 27420/6/6 27429/6/6
f 27429/6/6 27420/6/6 27430/6/6
f 27421/1/6 27422/1/6 27431/1/6
f 27431/1/6 27422/1/6 27432/1/6
f 27433/6/6 27434/6/6 27435/6/6
f 27435/6/6 27434/6/6 27436/6/6
f 27437/1/6 27438/1/6 27440/1/6
f 27438/7/6 27439/7/6 27441/7/6
f 27440/1/6 27438/1/6 27441/1/6
f 27441/7/6 27439/7/6 27442/7/6
f 27445/1/6 27446/1/6 27447/1/6
f 27447/1/6 27446/1/6 27448/1/6
f 27443/1/6 27444/1/6 27449/1/6
f 27449/1/6 27444/1/6 27450/1/6
f 27448/1/6 27446/1/6 27451/1/6
f 27451/1/6 27446/1/6 27452/1/6
f 27453/1/6 27454/1/6 27456/1/6
f 27456/1/6 27454/1/6 27457/1/6
f 27455/1/6 27456/1/6 27458/1/6
f 27458/1/6 27456/1/6 27459/1/6
f 27460/6/6 27461/6/6 27463/6/6
f 27461/7/6 27462/7/6 27464/7/6
f 27463/6/6 27461/6/6 27464/6/6
f 27464/7/6 27462/7/6 27465/7/6
f 27466/6/6 27467/6/6 27468/6/6
f 27468/6/6 27467/6/6 27469/6/6
f 27470/1/6 27471/1/6 27478/1/6
f 27476/1/6 27477/1/6 27479/1/6
f 27470/1/6 27478/1/6 27480/1/6
f 27480/1/6 27478/1/6 27481/1/6
f 27472/6/6 27473/6/6 27482/6/6
f 27482/6/6 27473/6/6 27483/6/6
f 27474/6/6 27475/6/6 27484/6/6
f 27484/6/6 27475/6/6 27485/6/6
f 27479/1/6 27477/1/6 27486/1/6
f 27486/1/6 27477/1/6 27487/1/6
f 27488/6/6 27489/6/6 27490/6/6
f 27490/6/6 27489/6/6 27491/6/6
f 27492/1/6 27493/1/6 27495/1/6
f 27493/1/6 27494/1/6 27495/1/6
f 27495/1/6 27494/1/6 27496/1/6
f 27497/6/6 27498/6/6 27499/6/6
f 27499/6/6 27498/6/6 27500/6/6
f 27501/7/6 27502/7/6 27506/7/6
f 27502/6/6 27503/6/6 27507/6/6
f 27506/7/6 27502/7/6 27507/7/6
f 27504/6/6 27505/6/6 27508/6/6
f 27508/6/6 27505/6/6 27509/6/6
f 27506/6/6 27507/6/6 27510/6/6
f 27507/6/6 27503/6/6 27511/6/6
f 27510/6/6 27507/6/6 27511/6/6
f 27504/6/6 27508/6/6 27512/6/6
f 27508/7/6 27509/7/6 27513/7/6
f 27512/6/6 27508/6/6 27513/6/6
f 27513/7/6 27509/7/6 27514/7/6
f 27515/6/6 27516/6/6 27517/6/6
f 27517/6/6 27516/6/6 27518/6/6
f 27515/6/6 27517/6/6 27519/6/6
f 27517/1/6 27518/1/6 27520/1/6
f 27519/6/6 27517/6/6 27520/6/6
f 27520/1/6 27518/1/6 27521/1/6
f 27522/1/6 27523/1/6 27525/1/6
f 27525/1/6 27523/1/6 27526/1/6
f 27524/1/6 27525/1/6 27528/1/6
f 27528/1/6 27525/1/6 27529/1/6
f 27526/1/6 27527/1/6 27530/1/6
f 27530/1/6 27527/1/6 27531/1/6
f 27529/1/6 27530/1/6 27532/1/6
f 27532/1/6 27530/1/6 27533/1/6
f 27534/1/6 27535/1/6 27536/1/6
f 27536/1/6 27535/1/6 27537/1/6
f 27538/6/6 27539/6/6 27541/6/6
f 27541/6/6 27539/6/6 27542/6/6
f 27540/6/6 27541/6/6 27544/6/6
f 27544/6/6 27541/6/6 27545/6/6
f 27542/6/6 27543/6/6 27546/6/6
f 27546/6/6 27543/6/6 27547/6/6
f 27545/6/6 27546/6/6 27548/6/6
f 27548/6/6 27546/6/6 27549/6/6
f 27550/6/6 27551/6/6 27552/6/6
f 27552/6/6 27551/6/6 27553/6/6
f 27554/6/6 27555/6/6 27558/6/6
f 27558/6/6 27555/6/6 27559/6/6
f 27556/6/6 27557/6/6 27560/6/6
f 27560/6/6 27557/6/6 27561/6/6
f 27562/6/6 27563/6/6 27564/6/6
f 27564/6/6 27563/6/6 27565/6/6
f 27566/6/6 27567/6/6 27572/6/6
f 27572/6/6 27567/6/6 27573/6/6
f 27568/6/6 27569/6/6 27574/6/6
f 27574/6/6 27569/6/6 27575/6/6
f 27570/6/6 27571/6/6 27576/6/6
f 27576/6/6 27571/6/6 27577/6/6
f 27578/6/6 27579/6/6 27584/6/6
f 27584/6/6 27579/6/6 27585/6/6
f 27580/6/6 27581/6/6 27586/6/6
f 27586/6/6 27581/6/6 27587/6/6
f 27582/6/6 27583/6/6 27590/6/6
f 27590/6/6 27583/6/6 27591/6/6
f 27585/6/6 27586/6/6 27593/6/6
f 27593/6/6 27586/6/6 27594/6/6
f 27588/6/6 27589/6/6 27596/6/6
f 27596/6/6 27589/6/6 27597/6/6
f 27592/6/6 27593/6/6 27598/6/6
f 27598/6/6 27593/6/6 27599/6/6
f 27594/6/6 27595/6/6 27600/6/6
f 27600/6/6 27595/6/6 27601/6/6
f 27602/6/6 27603/6/6 27608/6/6
f 27608/6/6 27603/6/6 27609/6/6
f 27604/6/6 27605/6/6 27610/6/6
f 27610/6/6 27605/6/6 27611/6/6
f 27606/6/6 27607/6/6 27612/6/6
f 27612/6/6 27607/6/6 27613/6/6
f 27614/1/6 27615/1/6 27617/1/6
f 27615/7/6 27616/7/6 27618/7/6
f 27617/1/6 27615/1/6 27618/1/6
f 27618/7/6 27616/7/6 27619/7/6
f 27620/6/6 27621/6/6 27622/6/6
f 27622/6/6 27621/6/6 27623/6/6
f 27624/6/6 27625/6/6 27628/6/6
f 27628/6/6 27625/6/6 27629/6/6
f 27626/6/6 27627/6/6 27630/6/6
f 27630/6/6 27627/6/6 27631/6/6
f 27632/7/6 27633/7/6 27640/7/6
f 27638/7/6 27639/7/6 27641/7/6
f 27632/7/6 27640/7/6 27642/7/6
f 27642/7/6 27640/7/6 27643/7/6
f 27634/6/6 27635/6/6 27644/6/6
f 27644/6/6 27635/6/6 27645/6/6
f 27636/6/6 27637/6/6 27646/6/6
f 27646/6/6 27637/6/6 27647/6/6
f 27641/7/6 27639/7/6 27648/7/6
f 27648/7/6 27639/7/6 27649/7/6
f 27650/6/6 27651/6/6 27654/6/6
f 27654/6/6 27651/6/6 27655/6/6
f 27652/6/6 27653/6/6 27656/6/6
f 27656/6/6 27653/6/6 27657/6/6
f 27658/6/6 27659/6/6 27660/6/6
f 27660/6/6 27659/6/6 27661/6/6
f 27662/7/6 27663/7/6 27664/7/6
f 27664/7/6 27663/7/6 27665/7/6
f 27666/7/6 27667/7/6 27669/7/6
f 27667/1/6 27668/1/6 27670/1/6
f 27669/7/6 27667/7/6 27670/7/6
f 27670/1/6 27668/1/6 27671/1/6
f 27672/6/6 27673/6/6 27674/6/6
f 27674/6/6 27673/6/6 27675/6/6
f 27676/7/6 27677/7/6 27684/7/6
f 27684/7/6 27677/7/6 27685/7/6
f 27682/1/6 27683/1/6 27686/1/6
f 27686/1/6 27683/1/6 27687/1/6
f 27684/1/6 27685/1/6 27688/1/6
f 27688/1/6 27685/1/6 27689/1/6
f 27678/6/6 27679/6/6 27690/6/6
f 27690/6/6 27679/6/6 27691/6/6
f 27680/6/6 27681/6/6 27692/6/6
f 27692/6/6 27681/6/6 27693/6/6
f 27686/7/6 27687/7/6 27694/7/6
f 27694/7/6 27687/7/6 27695/7/6
f 27696/6/6 27697/6/6 27698/6/6
f 27698/6/6 27697/6/6 27699/6/6
f 27700/1/6 27701/1/6 27703/1/6
f 27701/1/6 27702/1/6 27703/1/6
f 27703/1/6 27702/1/6 27704/1/6
f 27705/6/6 27706/6/6 27708/6/6
f 27706/7/6 27707/7/6 27709/7/6
f 27708/6/6 27706/6/6 27709/6/6
f 27709/7/6 27707/7/6 27710/7/6
f 27711/6/6 27712/6/6 27713/6/6
f 27713/6/6 27712/6/6 27714/6/6
f 27715/7/6 27716/7/6 27723/7/6
f 27723/7/6 27716/7/6 27724/7/6
f 27721/1/6 27722/1/6 27725/1/6
f 27725/1/6 27722/1/6 27726/1/6
f 27723/1/6 27724/1/6 27727/1/6
f 27727/1/6 27724/1/6 27728/1/6
f 27717/6/6 27718/6/6 27729/6/6
f 27729/6/6 27718/6/6 27730/6/6
f 27719/6/6 27720/6/6 27731/6/6
f 27731/6/6 27720/6/6 27732/6/6
f 27725/7/6 27726/7/6 27733/7/6
f 27733/7/6 27726/7/6 27734/7/6
f 27735/6/6 27736/6/6 27737/6/6
f 27737/6/6 27736/6/6 27738/6/6
f 27739/1/6 27740/1/6 27742/1/6
f 27740/7/6 27741/7/6 27743/7/6
f 27742/1/6 27740/1/6 27743/1/6
f 27743/7/6 27741/7/6 27744/7/6
f 27745/4/6 27746/4/6 27747/4/6
f 27747/4/6 27746/4/6 27748/4/6
f 27749/4/6 27750/4/6 27751/4/6
f 27751/4/6 27750/4/6 27752/4/6
f 27753/4/6 27754/4/6 27755/4/6
f 27755/4/6 27754/4/6 27756/4/6
f 27757/4/6 27758/4/6 27759/4/6
f 27759/4/6 27758/4/6 27760/4/6
f 27761/6/6 27762/6/6 27765/6/6
f 27765/6/6 27762/6/6 27766/6/6
f 27763/4/6 27764/4/6 27767/4/6
f 27767/4/6 27764/4/6 27768/4/6
f 27769/4/6 27770/4/6 27776/4/6
f 27776/4/6 27770/4/6 27777/4/6
f 27771/7/6 27772/7/6 27778/7/6
f 27772/6/6 27773/6/6 27779/6/6
f 27778/7/6 27772/7/6 27779/7/6
f 27774/6/6 27775/6/6 27780/6/6
f 27780/6/6 27775/6/6 27781/6/6
f 27778/6/6 27779/6/6 27782/6/6
f 27779/6/6 27773/6/6 27783/6/6
f 27782/6/6 27779/6/6 27783/6/6
f 27774/6/6 27780/6/6 27784/6/6
f 27780/7/6 27781/7/6 27785/7/6
f 27784/6/6 27780/6/6 27785/6/6
f 27785/7/6 27781/7/6 27786/7/6
f 27787/6/6 27788/6/6 27789/6/6
f 27789/6/6 27788/6/6 27790/6/6
f 27787/6/6 27789/6/6 27791/6/6
f 27789/7/6 27790/7/6 27792/7/6
f 27791/6/6 27789/6/6 27792/6/6
f 27792/7/6 27790/7/6 27793/7/6
f 27794/4/6 27795/4/6 27798/4/6
f 27798/4/6 27795/4/6 27799/4/6
f 27796/4/6 27797/4/6 27800/4/6
f 27800/4/6 27797/4/6 27801/4/6
f 27798/2/6 27799/2/6 27802/2/6
f 27802/2/6 27799/2/6 27803/2/6
f 27804/2/6 27805/2/6 27809/2/6
f 27809/2/6 27805/2/6 27810/2/6
f 27806/4/6 27807/4/6 27814/4/6
f 27814/4/6 27807/4/6 27815/4/6
f 27808/2/6 27809/2/6 27818/2/6
f 27818/2/6 27809/2/6 27819/2/6
f 27810/2/6 27811/2/6 27820/2/6
f 27820/2/6 27811/2/6 27821/2/6
f 27812/2/6 27813/2/6 27822/2/6
f 27822/2/6 27813/2/6 27823/2/6
f 27816/4/6 27817/4/6 27824/4/6
f 27824/4/6 27817/4/6 27825/4/6
f 27819/2/6 27820/2/6 27826/2/6
f 27826/2/6 27820/2/6 27827/2/6
f 27828/2/6 27829/2/6 27830/2/6
f 27830/2/6 27829/2/6 27831/2/6
f 27832/4/6 27833/4/6 27836/4/6
f 27836/4/6 27833/4/6 27837/4/6
f 27834/4/6 27835/4/6 27838/4/6
f 27838/4/6 27835/4/6 27839/4/6
f 27836/2/6 27837/2/6 27840/2/6
f 27840/2/6 27837/2/6 27841/2/6
f 27842/2/6 27843/2/6 27847/2/6
f 27847/2/6 27843/2/6 27848/2/6
f 27844/4/6 27845/4/6 27852/4/6
f 27852/4/6 27845/4/6 27853/4/6
f 27846/2/6 27847/2/6 27856/2/6
f 27856/2/6 27847/2/6 27857/2/6
f 27848/2/6 27849/2/6 27858/2/6
f 27858/2/6 27849/2/6 27859/2/6
f 27850/2/6 27851/2/6 27860/2/6
f 27860/2/6 27851/2/6 27861/2/6
f 27854/4/6 27855/4/6 27862/4/6
f 27862/4/6 27855/4/6 27863/4/6
f 27857/2/6 27858/2/6 27864/2/6
f 27864/2/6 27858/2/6 27865/2/6
f 27866/2/6 27867/2/6 27868/2/6
f 27868/2/6 27867/2/6 27869/2/6
f 27870/4/6 27871/4/6 27872/4/6
f 27872/4/6 27871/4/6 27873/4/6
f 27872/2/6 27873/2/6 27877/2/6
f 27873/2/6 27874/2/6 27877/2/6
f 27877/2/6 27874/2/6 27878/2/6
f 27875/4/6 27876/4/6 27879/4/6
f 27879/4/6 27876/4/6 27880/4/6
f 27880/2/6 27881/2/6 27884/2/6
f 27879/2/6 27880/2/6 27884/2/6
f 27884/2/6 27881/2/6 27885/2/6
f 27882/2/6 27883/2/6 27886/2/6
f 27886/2/6 27883/2/6 27887/2/6
f 27888/2/6 27889/2/6 27890/2/6
f 27890/2/6 27889/2/6 27891/2/6
f 27892/4/6 27893/4/6 27894/4/6
f 27894/4/6 27893/4/6 27895/4/6
f 27894/2/6 27895/2/6 27899/2/6
f 27895/2/6 27896/2/6 27899/2/6
f 27899/2/6 27896/2/6 27900/2/6
f 27897/4/6 27898/4/6 27901/4/6
f 27901/4/6 27898/4/6 27902/4/6
f 27902/2/6 27903/2/6 27906/2/6
f 27901/2/6 27902/2/6 27906/2/6
f 27906/2/6 27903/2/6 27907/2/6
f 27904/2/6 27905/2/6 27908/2/6
f 27908/2/6 27905/2/6 27909/2/6
f 27910/2/6 27911/2/6 27912/2/6
f 27912/2/6 27911/2/6 27913/2/6
f 27914/4/6 27915/4/6 27917/4/6
f 27917/4/6 27915/4/6 27918/4/6
f 27916/4/6 27917/4/6 27920/4/6
f 27920/4/6 27917/4/6 27921/4/6
f 27918/4/6 27919/4/6 27922/4/6
f 27922/4/6 27919/4/6 27923/4/6
f 27921/4/6 27922/4/6 27924/4/6
f 27924/4/6 27922/4/6 27925/4/6
f 27926/4/6 27927/4/6 27929/4/6
f 27929/4/6 27927/4/6 27930/4/6
f 27928/4/6 27929/4/6 27932/4/6
f 27932/4/6 27929/4/6 27933/4/6
f 27930/4/6 27931/4/6 27934/4/6
f 27934/4/6 27931/4/6 27935/4/6
f 27933/4/6 27934/4/6 27936/4/6
f 27936/4/6 27934/4/6 27937/4/6
f 27938/4/6 27939/4/6 27940/4/6
f 27940/4/6 27939/4/6 27941/4/6
f 27942/4/6 27943/4/6 27944/4/6
f 27944/4/6 27943/4/6 27945/4/6
